F Axis_of_bearing.brep 0
F Ball.brep 0
F Bottom.brep 0
F CrankArm.brep 0
F MAT.brep 1
X Fa valid 4 4 1 1 0 0 7420.001275611823 859.5406909702195 845.8296788560286 9.22434934008087
F MODERN_Chair_1.brep 0
F MODERN_Cooker_1.brep 0
F MODERN_Cooker_1_opened.brep 0
F MODERN_Exhaust_1.brep 0
F MODERN_MVCooker_1.brep 0
F MODERN_MVCooker_1_opened.brep 0
F MODERN_Refrigerator_1.brep 0
F MODERN_Refrigerator_1_opened.brep 0
F MODERN_Sink_1.brep 0
F MODERN_Sink_1_opened.brep 0
F MODERN_Table_1.brep 0
F Motor-c.brep 0
F Pump_Nut.brep 0
F Pump_TopCover.brep 0
F Room.brep 5
X Fa valid 4 4 1 1 0 0 120000.0 0.0 200.0 150.0
X Fa valid 4 4 1 1 0 0 120000.0 400.0 200.0 150.0
X Fa valid 4 4 1 1 0 0 120000.0 200.0 0.0 150.0
X Fa valid 4 4 1 1 0 0 120000.0 200.0 400.0 150.0
X Fa valid 4 4 1 1 0 0 160000.0 200.0 200.0 0.0
F Top.brep 0
F asahi.brep 6161
X Ve valid 1 0 0 0 0 0 0.0 58665.0 76500.0 -3395.0
X Ve valid 1 0 0 0 0 0 0.0 58757.19921875 76500.0 34.0
X Ed valid 2 1 0 0 0 0 3430.23930592869 58711.099609375 76500.0 -1680.4999999999977
X Ve valid 1 0 0 0 0 0 0.0 58849.3984375 76500.0 -3395.0
X Ed valid 2 1 0 0 0 0 3430.23930592869 58803.298828125 76500.0 -1680.5000000000023
X Ve valid 1 0 0 0 0 0 0.0 67100.0 68850.0 3613.39990234375
X Ve valid 1 0 0 0 0 0 0.0 67100.0 69000.0 3613.39990234375
X Ed valid 2 1 0 0 0 0 150.0 67100.0 68925.0 3613.39990234375
X Ve valid 1 0 0 0 0 0 0.0 67100.0 69000.0 5213.39990234375
X Ed valid 2 1 0 0 0 0 1600.0 67100.0 69000.0 4413.39990234375
X Ve valid 1 0 0 0 0 0 0.0 65960.0 69000.0 5213.39990234375
X Ed valid 2 1 0 0 0 0 1140.0 66530.0 69000.0 5213.39990234375
X Ve valid 1 0 0 0 0 0 0.0 65960.0 64610.0 5213.39990234375
X Ed valid 2 1 0 0 0 0 4390.0 65960.0 66805.0 5213.39990234375
X Ve valid 1 0 0 0 0 0 0.0 65960.0 64610.0 5513.39990234375
X Ed valid 2 1 0 0 0 0 300.0 65960.0 64610.0 5363.39990234375
X Ve valid 1 0 0 0 0 0 0.0 52500.0 64610.0 5513.39990234375
X Ed valid 2 1 0 0 0 0 13460.0 59230.0 64610.0 5513.39990234375
X Ve valid 1 0 0 0 0 0 0.0 56400.0 27976.0 5144.5
X Ve valid 1 0 0 0 0 0 0.0 56400.0 27976.0 5009.5
X Ed valid 2 1 0 0 0 0 135.0 56400.0 27976.0 5077.0
X Ve valid 1 0 0 0 0 0 0.0 56400.0 27976.0 5008.7001953125
X Ed valid 2 1 0 0 0 0 0.7998046875 56400.0 27976.0 5009.10009765625
X Ve valid 1 0 0 0 0 0 0.0 56400.0 27976.0 5008.0
X Ed valid 2 1 0 0 0 0 0.7001953125 56400.0 27976.0 5008.35009765625
X Ve valid 1 0 0 0 0 0 0.0 56400.0 27976.0 4830.10009765625
X Ed valid 2 1 0 0 0 0 177.89990234375 56400.0 27976.0 4919.050048828125
X Ve valid 1 0 0 0 0 0 0.0 57000.0 27976.0 4830.10009765625
X Ed valid 2 1 0 0 0 0 600.0 56700.0 27976.0 4830.10009765625
X Ve valid 1 0 0 0 0 0 0.0 57000.0 27976.0 2330.10009765625
X Ed valid 2 1 0 0 0 0 2500.0 57000.0 27976.0 3580.10009765625
X Ve valid 1 0 0 0 0 0 0.0 57850.0 27976.0 2330.10009765625
X Ed valid 2 1 0 0 0 0 850.0 57425.0 27976.0 2330.10009765625
X Ve valid 1 0 0 0 0 0 0.0 59960.0 27976.0 2330.10009765625
X Ed valid 2 1 0 0 0 0 2110.0 58905.0 27976.0 2330.10009765625
X Ve valid 1 0 0 0 0 0 0.0 60775.0 27976.0 2330.10009765625
X Ed valid 2 1 0 0 0 0 815.0 60367.5 27976.0 2330.10009765625
X Ve valid 1 0 0 0 0 0 0.0 62230.0 27976.0 2330.10009765625
X Ed valid 2 1 0 0 0 0 1455.0 61502.5 27976.0 2330.10009765625
X Ve valid 1 0 0 0 0 0 0.0 62798.5 27976.0 2330.10009765625
X Ed valid 2 1 0 0 0 0 568.5 62514.25 27976.0 2330.10009765625
X Ve valid 1 0 0 0 0 0 0.0 62800.0 27976.0 2330.10009765625
X Ed valid 2 1 0 0 0 0 1.5 62799.25 27976.0 2330.10009765625
X Ve valid 1 0 0 0 0 0 0.0 56400.0 34100.0 5144.5
X Ve valid 1 0 0 0 0 0 0.0 56400.0 34100.0 5009.5
X Ed valid 2 1 0 0 0 0 135.0 56400.0 34100.0 5077.0
X Ve valid 1 0 0 0 0 0 0.0 56400.0 34100.0 5008.7001953125
X Ed valid 2 1 0 0 0 0 0.7998046875 56400.0 34100.0 5009.10009765625
X Ve valid 1 0 0 0 0 0 0.0 56400.0 34100.0 5008.0
X Ed valid 2 1 0 0 0 0 0.7001953125 56400.0 34100.0 5008.35009765625
X Ve valid 1 0 0 0 0 0 0.0 56400.0 34100.0 4830.10009765625
X Ed valid 2 1 0 0 0 0 177.89990234375 56400.0 34100.0 4919.050048828125
X Ve valid 1 0 0 0 0 0 0.0 56400.0 33910.0 4830.10009765625
X Ed valid 2 1 0 0 0 0 190.0 56400.0 34005.0 4830.10009765625
X Ve valid 1 0 0 0 0 0 0.0 57000.0 33910.0 4830.10009765625
X Ed valid 2 1 0 0 0 0 600.0 56700.0 33910.0 4830.10009765625
X Ve valid 1 0 0 0 0 0 0.0 57000.0 33910.0 2330.10009765625
X Ed valid 2 1 0 0 0 0 2500.0 57000.0 33910.0 3580.10009765625
X Ve valid 1 0 0 0 0 0 0.0 57850.0 33910.0 2330.10009765625
X Ed valid 2 1 0 0 0 0 850.0 57425.0 33910.0 2330.10009765625
X Ve valid 1 0 0 0 0 0 0.0 62550.0 33910.0 2330.10009765625
X Ed valid 2 1 0 0 0 0 4700.0 60200.0 33910.0 2330.10009765625
X Ve valid 1 0 0 0 0 0 0.0 62798.5 33910.0 2330.10009765625
X Ed valid 2 1 0 0 0 0 248.5 62674.25 33910.0 2330.10009765625
X Ve valid 1 0 0 0 0 0 0.0 62800.0 33910.0 2330.10009765625
X Ed valid 2 1 0 0 0 0 1.5 62799.25 33910.0 2330.10009765625
X Ve valid 1 0 0 0 0 0 0.0 56500.0 52885.0 12870.0
X Ve valid 1 0 0 0 0 0 0.0 56500.0 52885.0 12868.5
X Ed valid 2 1 0 0 0 0 1.5 56500.0 52885.0 12869.25
X Ve valid 1 0 0 0 0 0 0.0 56500.0 52885.0 12720.0
X Ed valid 2 1 0 0 0 0 148.5 56500.0 52885.0 12794.25
X Ve valid 1 0 0 0 0 0 0.0 56500.0 52350.0 12720.0
X Ed valid 2 1 0 0 0 0 535.0 56500.0 52617.5 12720.0
X Ve valid 1 0 0 0 0 0 0.0 56500.0 52350.0 11224.2001953125
X Ed valid 2 1 0 0 0 0 1495.7998046875 56500.0 52350.0 11972.10009765625
X Ve valid 1 0 0 0 0 0 0.0 56371.5 52350.0 11224.2001953125
X Ed valid 2 1 0 0 0 0 128.5 56435.75 52350.0 11224.2001953125
X Ve valid 1 0 0 0 0 0 0.0 56270.0 52350.0 11224.2001953125
X Ed valid 2 1 0 0 0 0 101.5 56320.75 52350.0 11224.2001953125
X Ve valid 1 0 0 0 0 0 0.0 56086.0 52350.0 11224.2001953125
X Ed valid 2 1 0 0 0 0 184.0 56178.0 52350.0 11224.2001953125
X Ve valid 1 0 0 0 0 0 0.0 56002.0 52350.0 11224.2001953125
X Ed valid 2 1 0 0 0 0 84.0 56044.0 52350.0 11224.2001953125
X Ve valid 1 0 0 0 0 0 0.0 55850.0 52350.0 11224.2001953125
X Ed valid 2 1 0 0 0 0 152.0 55926.0 52350.0 11224.2001953125
X Ve valid 1 0 0 0 0 0 0.0 55850.0 52350.0 11095.7001953125
X Ed valid 2 1 0 0 0 0 128.5 55850.0 52350.0 11159.9501953125
X Ve valid 1 0 0 0 0 0 0.0 55850.0 52350.0 2.0
X Ed valid 2 1 0 0 0 0 11093.7001953125 55850.0 52350.0 5548.85009765625
X Ve valid 1 0 0 0 0 0 0.0 55850.0 52350.0 10927.7001953125
X Ed valid 2 1 0 0 0 0 10925.7001953125 55850.0 52350.0 5464.85009765625
X Ve valid 1 0 0 0 0 0 0.0 55850.0 52350.0 9624.2001953125
X Ed valid 2 1 0 0 0 0 1303.5 55850.0 52350.0 10275.9501953125
X Ve valid 1 0 0 0 0 0 0.0 59300.0 52885.0 12870.0
X Ve valid 1 0 0 0 0 0 0.0 59300.0 52885.0 12868.5
X Ed valid 2 1 0 0 0 0 1.5 59300.0 52885.0 12869.25
X Ve valid 1 0 0 0 0 0 0.0 59300.0 52885.0 12720.0
X Ed valid 2 1 0 0 0 0 148.5 59300.0 52885.0 12794.25
X Ve valid 1 0 0 0 0 0 0.0 59300.0 52350.0 12720.0
X Ed valid 2 1 0 0 0 0 535.0 59300.0 52617.5 12720.0
X Ve valid 1 0 0 0 0 0 0.0 59300.0 52350.0 11224.2001953125
X Ed valid 2 1 0 0 0 0 1495.7998046875 59300.0 52350.0 11972.10009765625
X Ve valid 1 0 0 0 0 0 0.0 59428.5 52350.0 11224.2001953125
X Ed valid 2 1 0 0 0 0 128.5 59364.25 52350.0 11224.2001953125
X Ve valid 1 0 0 0 0 0 0.0 59530.0 52350.0 11224.2001953125
X Ed valid 2 1 0 0 0 0 101.5 59479.25 52350.0 11224.2001953125
X Ve valid 1 0 0 0 0 0 0.0 59714.0 52350.0 11224.2001953125
X Ed valid 2 1 0 0 0 0 184.0 59622.0 52350.0 11224.2001953125
X Ve valid 1 0 0 0 0 0 0.0 59798.0 52350.0 11224.2001953125
X Ed valid 2 1 0 0 0 0 84.0 59756.0 52350.0 11224.2001953125
X Ve valid 1 0 0 0 0 0 0.0 59950.0 52350.0 11224.2001953125
X Ed valid 2 1 0 0 0 0 152.0 59874.0 52350.0 11224.2001953125
X Ve valid 1 0 0 0 0 0 0.0 59950.0 52350.0 11095.7001953125
X Ed valid 2 1 0 0 0 0 128.5 59950.0 52350.0 11159.9501953125
X Ve valid 1 0 0 0 0 0 0.0 59950.0 52350.0 2.0
X Ed valid 2 1 0 0 0 0 11093.7001953125 59950.0 52350.0 5548.85009765625
X Ve valid 1 0 0 0 0 0 0.0 59950.0 52350.0 10927.7001953125
X Ed valid 2 1 0 0 0 0 10925.7001953125 59950.0 52350.0 5464.85009765625
X Ve valid 1 0 0 0 0 0 0.0 59950.0 52350.0 9624.2001953125
X Ed valid 2 1 0 0 0 0 1303.5 59950.0 52350.0 10275.9501953125
X Ve valid 1 0 0 0 0 0 0.0 59300.0 52350.0 11224.2001953125
X Ve valid 1 0 0 0 0 0 0.0 59300.0 52350.0 11110.599609375
X Ed valid 2 1 0 0 0 0 113.6005859375 59300.0 52350.0 11167.39990234375
X Ve valid 1 0 0 0 0 0 0.0 59300.0 52350.0 11023.099609375
X Ed valid 2 1 0 0 0 0 87.5 59300.0 52350.0 11066.849609375
X Ve valid 1 0 0 0 0 0 0.0 59300.0 52350.0 2.0
X Ed valid 2 1 0 0 0 0 11021.099609375 59300.0 52350.0 5512.5498046875
X Ve valid 1 0 0 0 0 0 0.0 59300.0 52350.0 10903.099609375
X Ed valid 2 1 0 0 0 0 10901.099609375 59300.0 52350.0 5452.5498046875
X Ve valid 1 0 0 0 0 0 0.0 59300.0 52350.0 10774.2001953125
X Ed valid 2 1 0 0 0 0 128.8994140625 59300.0 52350.0 10838.64990234375
X Ve valid 1 0 0 0 0 0 0.0 59100.0 52350.0 10774.2001953125
X Ed valid 2 1 0 0 0 0 200.0 59200.0 52350.0 10774.2001953125
X Ve valid 1 0 0 0 0 0 0.0 56500.0 52350.0 11224.2001953125
X Ve valid 1 0 0 0 0 0 0.0 56500.0 52350.0 11110.599609375
X Ed valid 2 1 0 0 0 0 113.6005859375 56500.0 52350.0 11167.39990234375
X Ve valid 1 0 0 0 0 0 0.0 56500.0 52350.0 11023.099609375
X Ed valid 2 1 0 0 0 0 87.5 56500.0 52350.0 11066.849609375
X Ve valid 1 0 0 0 0 0 0.0 56500.0 52350.0 2.0
X Ed valid 2 1 0 0 0 0 11021.099609375 56500.0 52350.0 5512.5498046875
X Ve valid 1 0 0 0 0 0 0.0 56500.0 52350.0 10903.099609375
X Ed valid 2 1 0 0 0 0 10901.099609375 56500.0 52350.0 5452.5498046875
X Ve valid 1 0 0 0 0 0 0.0 56500.0 52350.0 10774.2001953125
X Ed valid 2 1 0 0 0 0 128.8994140625 56500.0 52350.0 10838.64990234375
X Ve valid 1 0 0 0 0 0 0.0 56700.0 52350.0 10774.2001953125
X Ed valid 2 1 0 0 0 0 200.0 56600.0 52350.0 10774.2001953125
X Ve valid 1 0 0 0 0 0 0.0 63400.0 35300.0 14600.0
X Ve valid 1 0 0 0 0 0 0.0 63400.0 35300.0 14490.7001953125
X Ed valid 2 1 0 0 0 0 109.2998046875 63400.0 35300.0 14545.35009765625
X Ve valid 1 0 0 0 0 0 0.0 63400.0 35300.0 14489.900390625
X Ed valid 2 1 0 0 0 0 0.7998046875 63400.0 35300.0 14490.30029296875
X Ve valid 1 0 0 0 0 0 0.0 63400.0 35300.0 14489.2001953125
X Ed valid 2 1 0 0 0 0 0.7001953125 63400.0 35300.0 14489.55029296875
X Ve valid 1 0 0 0 0 0 0.0 63400.0 35300.0 14024.2001953125
X Ed valid 2 1 0 0 0 0 465.0 63400.0 35300.0 14256.7001953125
X Ve valid 1 0 0 0 0 0 0.0 62800.0 35300.0 14024.2001953125
X Ed valid 2 1 0 0 0 0 600.0 63100.0 35300.0 14024.2001953125
X Ve valid 1 0 0 0 0 0 0.0 62800.0 35300.0 12374.2001953125
X Ed valid 2 1 0 0 0 0 1650.0 62800.0 35300.0 13199.2001953125
X Ve valid 1 0 0 0 0 0 0.0 62800.0 35096.5 12374.2001953125
X Ed valid 2 1 0 0 0 0 203.5 62800.0 35198.25 12374.2001953125
X Ve valid 1 0 0 0 0 0 0.0 62800.0 34984.0 12374.2001953125
X Ed valid 2 1 0 0 0 0 112.5 62800.0 35040.25 12374.2001953125
X Ve valid 1 0 0 0 0 0 0.0 62800.0 34771.5 12374.2001953125
X Ed valid 2 1 0 0 0 0 212.5 62800.0 34877.75 12374.2001953125
X Ve valid 1 0 0 0 0 0 0.0 62800.0 34670.0 12374.2001953125
X Ed valid 2 1 0 0 0 0 101.5 62800.0 34720.75 12374.2001953125
X Ve valid 1 0 0 0 0 0 0.0 62800.0 34500.0 12374.2001953125
X Ed valid 2 1 0 0 0 0 170.0 62800.0 34585.0 12374.2001953125
X Ve valid 1 0 0 0 0 0 0.0 62650.0 34500.0 12374.2001953125
X Ed valid 2 1 0 0 0 0 150.0 62725.0 34500.0 12374.2001953125
X Ve valid 1 0 0 0 0 0 0.0 62030.0 34500.0 12374.2001953125
X Ed valid 2 1 0 0 0 0 620.0 62340.0 34500.0 12374.2001953125
X Ve valid 1 0 0 0 0 0 0.0 62030.0 34500.0 14070.0
X Ed valid 2 1 0 0 0 0 1695.7998046875 62030.0 34500.0 13222.10009765625
X Ve valid 1 0 0 0 0 0 0.0 61830.0 34500.0 14070.0
X Ed valid 2 1 0 0 0 0 200.0 61930.0 34500.0 14070.0
X Ve valid 1 0 0 0 0 0 0.0 61830.0 34500.0 14218.5
X Ed valid 2 1 0 0 0 0 148.5 61830.0 34500.0 14144.25
X Ve valid 1 0 0 0 0 0 0.0 61830.0 34500.0 14220.0
X Ed valid 2 1 0 0 0 0 1.5 61830.0 34500.0 14219.25
X Ve valid 1 0 0 0 0 0 0.0 61830.0 34500.0 14070.0
X Ve valid 1 0 0 0 0 0 0.0 61830.0 34500.0 13966.0
X Ed valid 2 1 0 0 0 0 104.0 61830.0 34500.0 14018.0
X Ve valid 1 0 0 0 0 0 0.0 61830.0 34500.0 13896.900390625
X Ed valid 2 1 0 0 0 0 69.099609375 61830.0 34500.0 13931.4501953125
X Ve valid 1 0 0 0 0 0 0.0 61830.0 34500.0 2.0
X Ed valid 2 1 0 0 0 0 13894.900390625 61830.0 34500.0 6949.4501953125
X Ve valid 1 0 0 0 0 0 0.0 61830.0 34500.0 13776.900390625
X Ed valid 2 1 0 0 0 0 13774.900390625 61830.0 34500.0 6889.4501953125
X Ve valid 1 0 0 0 0 0 0.0 61830.0 34500.0 13701.900390625
X Ed valid 2 1 0 0 0 0 75.0 61830.0 34500.0 13739.400390625
X Ve valid 1 0 0 0 0 0 0.0 62650.0 34500.0 12374.2001953125
X Ve valid 1 0 0 0 0 0 0.0 62650.0 34500.0 12279.2001953125
X Ed valid 2 1 0 0 0 0 95.0 62650.0 34500.0 12326.7001953125
X Ve valid 1 0 0 0 0 0 0.0 62650.0 34500.0 2.0
X Ed valid 2 1 0 0 0 0 12277.2001953125 62650.0 34500.0 6140.60009765625
X Ve valid 1 0 0 0 0 0 0.0 62650.0 34500.0 12159.2001953125
X Ed valid 2 1 0 0 0 0 12157.2001953125 62650.0 34500.0 6080.60009765625
X Ve valid 1 0 0 0 0 0 0.0 62650.0 34500.0 12084.2001953125
X Ed valid 2 1 0 0 0 0 75.0 62650.0 34500.0 12121.7001953125
X Ve valid 1 0 0 0 0 0 0.0 63070.0 33750.0 16693.30078125
X Ve valid 1 0 0 0 0 0 0.0 63070.0 33750.0 16554.80078125
X Ed valid 2 1 0 0 0 0 138.5 63070.0 33750.0 16624.05078125
X Ve valid 1 0 0 0 0 0 0.0 63070.0 33750.0 2.0
X Ed valid 2 1 0 0 0 0 16552.80078125 63070.0 33750.0 8278.400390625
X Ve valid 1 0 0 0 0 0 0.0 63070.0 33750.0 16434.80078125
X Ed valid 2 1 0 0 0 0 16432.80078125 63070.0 33750.0 8218.400390625
X Ve valid 1 0 0 0 0 0 0.0 63070.0 33750.0 16333.2998046875
X Ed valid 2 1 0 0 0 0 101.5009765625 63070.0 33750.0 16384.05029296875
X Ve valid 1 0 0 0 0 0 0.0 63070.0 33950.0 16764.0
X Ve valid 1 0 0 0 0 0 0.0 63070.0 33948.5 16764.0
X Ed valid 2 1 0 0 0 0 1.5 63070.0 33949.25 16764.0
X Ve valid 1 0 0 0 0 0 0.0 63070.0 33750.0 16764.0
X Ed valid 2 1 0 0 0 0 198.5 63070.0 33849.25 16764.0
X Ve valid 1 0 0 0 0 0 0.0 63070.0 33645.0 16764.0
X Ed valid 2 1 0 0 0 0 105.0 63070.0 33697.5 16764.0
X Ve valid 1 0 0 0 0 0 0.0 63070.0 33465.5 16764.0
X Ed valid 2 1 0 0 0 0 179.5 63070.0 33555.25 16764.0
X Ve valid 1 0 0 0 0 0 0.0 63070.0 33286.0 16764.0
X Ed valid 2 1 0 0 0 0 179.5 63070.0 33375.75 16764.0
X Ve valid 1 0 0 0 0 0 0.0 63070.0 32900.0 16764.0
X Ed valid 2 1 0 0 0 0 386.0 63070.0 33093.0 16764.0
X Ve valid 1 0 0 0 0 0 0.0 63070.0 32900.0 16259.0
X Ed valid 2 1 0 0 0 0 505.0 63070.0 32900.0 16511.5
X Ve valid 1 0 0 0 0 0 0.0 63070.0 32900.0 3.0
X Ed valid 2 1 0 0 0 0 16256.0 63070.0 32900.0 8131.0
X Ve valid 1 0 0 0 0 0 0.0 63070.0 32900.0 15900.0
X Ed valid 2 1 0 0 0 0 15897.0 63070.0 32900.0 7951.5
X Ve valid 1 0 0 0 0 0 0.0 63070.0 32900.0 15000.7001953125
X Ed valid 2 1 0 0 0 0 899.2998046875 63070.0 32900.0 15450.35009765625
X Ve valid 1 0 0 0 0 0 0.0 63400.0 32900.0 14670.7001953125
X Ed valid 2 1 0 0 0 0 466.690475583121 63235.00000000001 32900.0 14835.7001953125
X Ve valid 1 0 0 0 0 0 0.0 63400.0 35300.0 14670.7001953125
X Ed valid 2 1 0 0 0 0 2400.0 63400.0 34100.0 14670.7001953125
X Ve valid 1 0 0 0 0 0 0.0 63400.0 38950.0 14670.7001953125
X Ed valid 2 1 0 0 0 0 3650.0 63400.0 37125.0 14670.7001953125
X Ve valid 1 0 0 0 0 0 0.0 63400.0 38950.0 14310.7001953125
X Ed valid 2 1 0 0 0 0 360.0 63400.0 38950.0 14490.7001953125
X Ve valid 1 0 0 0 0 0 0.0 63400.0 38950.0 14309.900390625
X Ed valid 2 1 0 0 0 0 0.7998046875 63400.0 38950.0 14310.30029296875
X Ve valid 1 0 0 0 0 0 0.0 63400.0 38950.0 14309.2001953125
X Ed valid 2 1 0 0 0 0 0.7001953125 63400.0 38950.0 14309.55029296875
X Ve valid 1 0 0 0 0 0 0.0 63400.0 38950.0 14222.7001953125
X Ed valid 2 1 0 0 0 0 86.5 63400.0 38950.0 14265.9501953125
X Ve valid 1 0 0 0 0 0 0.0 56400.0 35300.0 5144.5
X Ve valid 1 0 0 0 0 0 0.0 56400.0 35300.0 5279.5
X Ed valid 2 1 0 0 0 0 135.0 56400.0 35300.0 5212.0
X Ve valid 1 0 0 0 0 0 0.0 56400.0 35300.0 5280.2001953125
X Ed valid 2 1 0 0 0 0 0.7001953125 56400.0 35300.0 5279.85009765625
X Ve valid 1 0 0 0 0 0 0.0 56400.0 35300.0 5281.0
X Ed valid 2 1 0 0 0 0 0.7998046875 56400.0 35300.0 5280.60009765625
X Ve valid 1 0 0 0 0 0 0.0 56400.0 35300.0 5730.10009765625
X Ed valid 2 1 0 0 0 0 449.10009765625 56400.0 35300.0 5505.550048828125
X Ve valid 1 0 0 0 0 0 0.0 57000.0 35300.0 5730.10009765625
X Ed valid 2 1 0 0 0 0 600.0 56700.0 35300.0 5730.10009765625
X Ve valid 1 0 0 0 0 0 0.0 57000.0 35300.0 6830.10009765625
X Ed valid 2 1 0 0 0 0 1100.0 57000.0 35300.0 6280.10009765625
X Ve valid 1 0 0 0 0 0 0.0 57800.0 35300.0 6830.10009765625
X Ed valid 2 1 0 0 0 0 800.0 57400.0 35300.0 6830.10009765625
X Ve valid 1 0 0 0 0 0 0.0 57800.0 35300.0 7074.10009765625
X Ed valid 2 1 0 0 0 0 244.0 57800.0 35300.0 6952.10009765625
X Ve valid 1 0 0 0 0 0 0.0 57800.0 35300.0 3.0
X Ed valid 2 1 0 0 0 0 7071.10009765625 57800.0 35300.0 3538.550048828125
X Ve valid 1 0 0 0 0 0 0.0 57800.0 35300.0 7280.10009765625
X Ed valid 2 1 0 0 0 0 7277.10009765625 57800.0 35300.0 3641.550048828125
X Ve valid 1 0 0 0 0 0 0.0 57800.0 35300.0 7430.10009765625
X Ed valid 2 1 0 0 0 0 150.0 57800.0 35300.0 7355.10009765625
X Ve valid 1 0 0 0 0 0 0.0 57800.0 35501.5 7430.10009765625
X Ed valid 2 1 0 0 0 0 201.5 57800.0 35400.75 7430.10009765625
X Ve valid 1 0 0 0 0 0 0.0 57800.0 35630.0 7430.10009765625
X Ed valid 2 1 0 0 0 0 128.5 57800.0 35565.75 7430.10009765625
X Ve valid 1 0 0 0 0 0 0.0 57800.0 35758.5 7430.10009765625
X Ed valid 2 1 0 0 0 0 128.5 57800.0 35694.25 7430.10009765625
X Ve valid 1 0 0 0 0 0 0.0 57800.0 36040.0 7430.10009765625
X Ed valid 2 1 0 0 0 0 281.5 57800.0 35899.25 7430.10009765625
X Ve valid 1 0 0 0 0 0 0.0 57800.0 36040.0 7988.5
X Ed valid 2 1 0 0 0 0 558.39990234375 57800.0 36040.0 7709.300048828125
X Ve valid 1 0 0 0 0 0 0.0 57800.0 36040.0 8100.0
X Ed valid 2 1 0 0 0 0 111.5 57800.0 36040.0 8044.25
X Ve valid 1 0 0 0 0 0 0.0 57800.0 36040.0 8211.5
X Ed valid 2 1 0 0 0 0 111.5 57800.0 36040.0 8155.75
X Ve valid 1 0 0 0 0 0 0.0 57800.0 36040.0 9250.0
X Ed valid 2 1 0 0 0 0 1038.5 57800.0 36040.0 8730.75
X Ve valid 1 0 0 0 0 0 0.0 59000.0 36040.0 9250.0
X Ed valid 2 1 0 0 0 0 1200.0 58400.0 36040.0 9250.0
X Ve valid 1 0 0 0 0 0 0.0 59000.0 35740.0 9250.0
X Ed valid 2 1 0 0 0 0 300.0 59000.0 35890.0 9250.0
X Ve valid 1 0 0 0 0 0 0.0 59000.0 35740.0 9418.5
X Ed valid 2 1 0 0 0 0 168.5 59000.0 35740.0 9334.25
X Ve valid 1 0 0 0 0 0 0.0 59000.0 35740.0 9420.0
X Ed valid 2 1 0 0 0 0 1.5 59000.0 35740.0 9419.25
X Ve valid 1 0 0 0 0 0 0.0 59000.0 35740.0 9184.5
X Ve valid 1 0 0 0 0 0 0.0 59000.0 35740.0 9146.400390625
X Ed valid 2 1 0 0 0 0 38.099609375 59000.0 35740.0 9165.4501953125
X Ve valid 1 0 0 0 0 0 0.0 59000.0 35740.0 9058.2998046875
X Ed valid 2 1 0 0 0 0 88.1005859375 59000.0 35740.0 9102.35009765625
X Ve valid 1 0 0 0 0 0 0.0 59000.0 35740.0 2.0
X Ed valid 2 1 0 0 0 0 9056.2998046875 59000.0 35740.0 4530.14990234375
X Ve valid 1 0 0 0 0 0 0.0 59000.0 35740.0 8938.2998046875
X Ed valid 2 1 0 0 0 0 8936.2998046875 59000.0 35740.0 4470.14990234375
X Ve valid 1 0 0 0 0 0 0.0 59000.0 35740.0 8908.2001953125
X Ed valid 2 1 0 0 0 0 30.099609375 59000.0 35740.0 8923.25
X Ve valid 1 0 0 0 0 0 0.0 56400.0 32800.0 5144.5
X Ve valid 1 0 0 0 0 0 0.0 56400.0 32800.0 5279.5
X Ed valid 2 1 0 0 0 0 135.0 56400.0 32800.0 5212.0
X Ve valid 1 0 0 0 0 0 0.0 56400.0 32800.0 5280.2001953125
X Ed valid 2 1 0 0 0 0 0.7001953125 56400.0 32800.0 5279.85009765625
X Ve valid 1 0 0 0 0 0 0.0 56400.0 32800.0 5281.0
X Ed valid 2 1 0 0 0 0 0.7998046875 56400.0 32800.0 5280.60009765625
X Ve valid 1 0 0 0 0 0 0.0 56400.0 32800.0 5730.10009765625
X Ed valid 2 1 0 0 0 0 449.10009765625 56400.0 32800.0 5505.550048828125
X Ve valid 1 0 0 0 0 0 0.0 57000.0 32800.0 5730.10009765625
X Ed valid 2 1 0 0 0 0 600.0 56700.0 32800.0 5730.10009765625
X Ve valid 1 0 0 0 0 0 0.0 57000.0 32800.0 6830.10009765625
X Ed valid 2 1 0 0 0 0 1100.0 57000.0 32800.0 6280.10009765625
X Ve valid 1 0 0 0 0 0 0.0 57800.0 32800.0 6830.10009765625
X Ed valid 2 1 0 0 0 0 800.0 57400.0 32800.0 6830.10009765625
X Ve valid 1 0 0 0 0 0 0.0 57800.0 32800.0 7074.10009765625
X Ed valid 2 1 0 0 0 0 244.0 57800.0 32800.0 6952.10009765625
X Ve valid 1 0 0 0 0 0 0.0 57800.0 32800.0 3.0
X Ed valid 2 1 0 0 0 0 7071.10009765625 57800.0 32800.0 3538.550048828125
X Ve valid 1 0 0 0 0 0 0.0 57800.0 32800.0 7280.10009765625
X Ed valid 2 1 0 0 0 0 7277.10009765625 57800.0 32800.0 3641.550048828125
X Ve valid 1 0 0 0 0 0 0.0 57800.0 32800.0 7430.10009765625
X Ed valid 2 1 0 0 0 0 150.0 57800.0 32800.0 7355.10009765625
X Ve valid 1 0 0 0 0 0 0.0 57800.0 33001.5 7430.10009765625
X Ed valid 2 1 0 0 0 0 201.5 57800.0 32900.75 7430.10009765625
X Ve valid 1 0 0 0 0 0 0.0 57800.0 33130.0 7430.10009765625
X Ed valid 2 1 0 0 0 0 128.5 57800.0 33065.75 7430.10009765625
X Ve valid 1 0 0 0 0 0 0.0 57800.0 33258.5 7430.10009765625
X Ed valid 2 1 0 0 0 0 128.5 57800.0 33194.25 7430.10009765625
X Ve valid 1 0 0 0 0 0 0.0 57800.0 33540.0 7430.10009765625
X Ed valid 2 1 0 0 0 0 281.5 57800.0 33399.25 7430.10009765625
X Ve valid 1 0 0 0 0 0 0.0 57800.0 33540.0 7988.5
X Ed valid 2 1 0 0 0 0 558.39990234375 57800.0 33540.0 7709.300048828125
X Ve valid 1 0 0 0 0 0 0.0 57800.0 33540.0 8100.0
X Ed valid 2 1 0 0 0 0 111.5 57800.0 33540.0 8044.25
X Ve valid 1 0 0 0 0 0 0.0 57800.0 33540.0 8211.5
X Ed valid 2 1 0 0 0 0 111.5 57800.0 33540.0 8155.75
X Ve valid 1 0 0 0 0 0 0.0 57800.0 33540.0 9250.0
X Ed valid 2 1 0 0 0 0 1038.5 57800.0 33540.0 8730.75
X Ve valid 1 0 0 0 0 0 0.0 59000.0 33540.0 9250.0
X Ed valid 2 1 0 0 0 0 1200.0 58400.0 33540.0 9250.0
X Ve valid 1 0 0 0 0 0 0.0 59000.0 33240.0 9250.0
X Ed valid 2 1 0 0 0 0 300.0 59000.0 33390.0 9250.0
X Ve valid 1 0 0 0 0 0 0.0 59000.0 33240.0 9418.5
X Ed valid 2 1 0 0 0 0 168.5 59000.0 33240.0 9334.25
X Ve valid 1 0 0 0 0 0 0.0 59000.0 33240.0 9420.0
X Ed valid 2 1 0 0 0 0 1.5 59000.0 33240.0 9419.25
X Ve valid 1 0 0 0 0 0 0.0 59000.0 33240.0 9184.5
X Ve valid 1 0 0 0 0 0 0.0 59000.0 33240.0 9146.400390625
X Ed valid 2 1 0 0 0 0 38.099609375 59000.0 33240.0 9165.4501953125
X Ve valid 1 0 0 0 0 0 0.0 59000.0 33240.0 9058.2998046875
X Ed valid 2 1 0 0 0 0 88.1005859375 59000.0 33240.0 9102.35009765625
X Ve valid 1 0 0 0 0 0 0.0 59000.0 33240.0 2.0
X Ed valid 2 1 0 0 0 0 9056.2998046875 59000.0 33240.0 4530.14990234375
X Ve valid 1 0 0 0 0 0 0.0 59000.0 33240.0 8938.2998046875
X Ed valid 2 1 0 0 0 0 8936.2998046875 59000.0 33240.0 4470.14990234375
X Ve valid 1 0 0 0 0 0 0.0 59000.0 33240.0 8908.2001953125
X Ed valid 2 1 0 0 0 0 30.099609375 59000.0 33240.0 8923.25
X Ve valid 1 0 0 0 0 0 0.0 56400.0 29200.0 5144.5
X Ve valid 1 0 0 0 0 0 0.0 56400.0 29200.0 5279.5
X Ed valid 2 1 0 0 0 0 135.0 56400.0 29200.0 5212.0
X Ve valid 1 0 0 0 0 0 0.0 56400.0 29200.0 5280.2001953125
X Ed valid 2 1 0 0 0 0 0.7001953125 56400.0 29200.0 5279.85009765625
X Ve valid 1 0 0 0 0 0 0.0 56400.0 29200.0 5281.0
X Ed valid 2 1 0 0 0 0 0.7998046875 56400.0 29200.0 5280.60009765625
X Ve valid 1 0 0 0 0 0 0.0 56400.0 29200.0 5730.10009765625
X Ed valid 2 1 0 0 0 0 449.10009765625 56400.0 29200.0 5505.550048828125
X Ve valid 1 0 0 0 0 0 0.0 57000.0 29200.0 5730.10009765625
X Ed valid 2 1 0 0 0 0 600.0 56700.0 29200.0 5730.10009765625
X Ve valid 1 0 0 0 0 0 0.0 57000.0 29200.0 6830.10009765625
X Ed valid 2 1 0 0 0 0 1100.0 57000.0 29200.0 6280.10009765625
X Ve valid 1 0 0 0 0 0 0.0 57800.0 29200.0 6830.10009765625
X Ed valid 2 1 0 0 0 0 800.0 57400.0 29200.0 6830.10009765625
X Ve valid 1 0 0 0 0 0 0.0 57800.0 29200.0 7089.10009765625
X Ed valid 2 1 0 0 0 0 259.0 57800.0 29200.0 6959.60009765625
X Ve valid 1 0 0 0 0 0 0.0 57800.0 29200.0 3.0
X Ed valid 2 1 0 0 0 0 7086.10009765625 57800.0 29200.0 3546.050048828125
X Ve valid 1 0 0 0 0 0 0.0 57800.0 29200.0 7295.10009765625
X Ed valid 2 1 0 0 0 0 7292.10009765625 57800.0 29200.0 3649.050048828125
X Ve valid 1 0 0 0 0 0 0.0 57800.0 29200.0 7430.10009765625
X Ed valid 2 1 0 0 0 0 135.0 57800.0 29200.0 7362.60009765625
X Ve valid 1 0 0 0 0 0 0.0 57800.0 28998.5 7430.10009765625
X Ed valid 2 1 0 0 0 0 201.5 57800.0 29099.25 7430.10009765625
X Ve valid 1 0 0 0 0 0 0.0 57800.0 28870.0 7430.10009765625
X Ed valid 2 1 0 0 0 0 128.5 57800.0 28934.25 7430.10009765625
X Ve valid 1 0 0 0 0 0 0.0 57800.0 28741.5 7430.10009765625
X Ed valid 2 1 0 0 0 0 128.5 57800.0 28805.75 7430.10009765625
X Ve valid 1 0 0 0 0 0 0.0 57800.0 28460.0 7430.10009765625
X Ed valid 2 1 0 0 0 0 281.5 57800.0 28600.75 7430.10009765625
X Ve valid 1 0 0 0 0 0 0.0 57800.0 28460.0 7988.5
X Ed valid 2 1 0 0 0 0 558.39990234375 57800.0 28460.0 7709.300048828125
X Ve valid 1 0 0 0 0 0 0.0 57800.0 28460.0 8100.0
X Ed valid 2 1 0 0 0 0 111.5 57800.0 28460.0 8044.25
X Ve valid 1 0 0 0 0 0 0.0 57800.0 28460.0 8211.5
X Ed valid 2 1 0 0 0 0 111.5 57800.0 28460.0 8155.75
X Ve valid 1 0 0 0 0 0 0.0 57800.0 28460.0 9250.0
X Ed valid 2 1 0 0 0 0 1038.5 57800.0 28460.0 8730.75
X Ve valid 1 0 0 0 0 0 0.0 59000.0 28460.0 9250.0
X Ed valid 2 1 0 0 0 0 1200.0 58400.0 28460.0 9250.0
X Ve valid 1 0 0 0 0 0 0.0 59000.0 28760.0 9250.0
X Ed valid 2 1 0 0 0 0 300.0 59000.0 28610.0 9250.0
X Ve valid 1 0 0 0 0 0 0.0 59000.0 28760.0 9418.5
X Ed valid 2 1 0 0 0 0 168.5 59000.0 28760.0 9334.25
X Ve valid 1 0 0 0 0 0 0.0 59000.0 28760.0 9420.0
X Ed valid 2 1 0 0 0 0 1.5 59000.0 28760.0 9419.25
X Ve valid 1 0 0 0 0 0 0.0 59000.0 28760.0 9184.5
X Ve valid 1 0 0 0 0 0 0.0 59000.0 28760.0 9146.400390625
X Ed valid 2 1 0 0 0 0 38.099609375 59000.0 28760.0 9165.4501953125
X Ve valid 1 0 0 0 0 0 0.0 59000.0 28760.0 9058.2998046875
X Ed valid 2 1 0 0 0 0 88.1005859375 59000.0 28760.0 9102.35009765625
X Ve valid 1 0 0 0 0 0 0.0 59000.0 28760.0 2.0
X Ed valid 2 1 0 0 0 0 9056.2998046875 59000.0 28760.0 4530.14990234375
X Ve valid 1 0 0 0 0 0 0.0 59000.0 28760.0 8938.2998046875
X Ed valid 2 1 0 0 0 0 8936.2998046875 59000.0 28760.0 4470.14990234375
X Ve valid 1 0 0 0 0 0 0.0 59000.0 28760.0 8908.2001953125
X Ed valid 2 1 0 0 0 0 30.099609375 59000.0 28760.0 8923.25
X Ve valid 1 0 0 0 0 0 0.0 56400.0 26700.0 5144.5
X Ve valid 1 0 0 0 0 0 0.0 56400.0 26700.0 5279.5
X Ed valid 2 1 0 0 0 0 135.0 56400.0 26700.0 5212.0
X Ve valid 1 0 0 0 0 0 0.0 56400.0 26700.0 5280.2001953125
X Ed valid 2 1 0 0 0 0 0.7001953125 56400.0 26700.0 5279.85009765625
X Ve valid 1 0 0 0 0 0 0.0 56400.0 26700.0 5281.0
X Ed valid 2 1 0 0 0 0 0.7998046875 56400.0 26700.0 5280.60009765625
X Ve valid 1 0 0 0 0 0 0.0 56400.0 26700.0 5730.10009765625
X Ed valid 2 1 0 0 0 0 449.10009765625 56400.0 26700.0 5505.550048828125
X Ve valid 1 0 0 0 0 0 0.0 57000.0 26700.0 5730.10009765625
X Ed valid 2 1 0 0 0 0 600.0 56700.0 26700.0 5730.10009765625
X Ve valid 1 0 0 0 0 0 0.0 57000.0 26700.0 6830.10009765625
X Ed valid 2 1 0 0 0 0 1100.0 57000.0 26700.0 6280.10009765625
X Ve valid 1 0 0 0 0 0 0.0 57800.0 26700.0 6830.10009765625
X Ed valid 2 1 0 0 0 0 800.0 57400.0 26700.0 6830.10009765625
X Ve valid 1 0 0 0 0 0 0.0 57800.0 26700.0 7089.10009765625
X Ed valid 2 1 0 0 0 0 259.0 57800.0 26700.0 6959.60009765625
X Ve valid 1 0 0 0 0 0 0.0 57800.0 26700.0 3.0
X Ed valid 2 1 0 0 0 0 7086.10009765625 57800.0 26700.0 3546.050048828125
X Ve valid 1 0 0 0 0 0 0.0 57800.0 26700.0 7295.10009765625
X Ed valid 2 1 0 0 0 0 7292.10009765625 57800.0 26700.0 3649.050048828125
X Ve valid 1 0 0 0 0 0 0.0 57800.0 26700.0 7430.10009765625
X Ed valid 2 1 0 0 0 0 135.0 57800.0 26700.0 7362.60009765625
X Ve valid 1 0 0 0 0 0 0.0 57800.0 26498.5 7430.10009765625
X Ed valid 2 1 0 0 0 0 201.5 57800.0 26599.25 7430.10009765625
X Ve valid 1 0 0 0 0 0 0.0 57800.0 26370.0 7430.10009765625
X Ed valid 2 1 0 0 0 0 128.5 57800.0 26434.25 7430.10009765625
X Ve valid 1 0 0 0 0 0 0.0 57800.0 26241.5 7430.10009765625
X Ed valid 2 1 0 0 0 0 128.5 57800.0 26305.75 7430.10009765625
X Ve valid 1 0 0 0 0 0 0.0 57800.0 25960.0 7430.10009765625
X Ed valid 2 1 0 0 0 0 281.5 57800.0 26100.75 7430.10009765625
X Ve valid 1 0 0 0 0 0 0.0 57800.0 25960.0 7988.5
X Ed valid 2 1 0 0 0 0 558.39990234375 57800.0 25960.0 7709.300048828125
X Ve valid 1 0 0 0 0 0 0.0 57800.0 25960.0 8100.0
X Ed valid 2 1 0 0 0 0 111.5 57800.0 25960.0 8044.25
X Ve valid 1 0 0 0 0 0 0.0 57800.0 25960.0 8211.5
X Ed valid 2 1 0 0 0 0 111.5 57800.0 25960.0 8155.75
X Ve valid 1 0 0 0 0 0 0.0 57800.0 25960.0 9250.0
X Ed valid 2 1 0 0 0 0 1038.5 57800.0 25960.0 8730.75
X Ve valid 1 0 0 0 0 0 0.0 59000.0 25960.0 9250.0
X Ed valid 2 1 0 0 0 0 1200.0 58400.0 25960.0 9250.0
X Ve valid 1 0 0 0 0 0 0.0 59000.0 26260.0 9250.0
X Ed valid 2 1 0 0 0 0 300.0 59000.0 26110.0 9250.0
X Ve valid 1 0 0 0 0 0 0.0 59000.0 26260.0 9418.5
X Ed valid 2 1 0 0 0 0 168.5 59000.0 26260.0 9334.25
X Ve valid 1 0 0 0 0 0 0.0 59000.0 26260.0 9420.0
X Ed valid 2 1 0 0 0 0 1.5 59000.0 26260.0 9419.25
X Ve valid 1 0 0 0 0 0 0.0 59000.0 26260.0 9184.5
X Ve valid 1 0 0 0 0 0 0.0 59000.0 26260.0 9146.400390625
X Ed valid 2 1 0 0 0 0 38.099609375 59000.0 26260.0 9165.4501953125
X Ve valid 1 0 0 0 0 0 0.0 59000.0 26260.0 9058.2998046875
X Ed valid 2 1 0 0 0 0 88.1005859375 59000.0 26260.0 9102.35009765625
X Ve valid 1 0 0 0 0 0 0.0 59000.0 26260.0 2.0
X Ed valid 2 1 0 0 0 0 9056.2998046875 59000.0 26260.0 4530.14990234375
X Ve valid 1 0 0 0 0 0 0.0 59000.0 26260.0 8938.2998046875
X Ed valid 2 1 0 0 0 0 8936.2998046875 59000.0 26260.0 4470.14990234375
X Ve valid 1 0 0 0 0 0 0.0 59000.0 26260.0 8908.2001953125
X Ed valid 2 1 0 0 0 0 30.099609375 59000.0 26260.0 8923.25
X Ve valid 1 0 0 0 0 0 0.0 62937.69921875 30000.0 5430.10009765625
X Ve valid 1 0 0 0 0 0 0.0 62600.0 30000.0 5430.10009765625
X Ed valid 2 1 0 0 0 0 337.69921875 62768.849609375 30000.0 5430.10009765625
X Ve valid 1 0 0 0 0 0 0.0 62600.0 30000.0 5330.10009765625
X Ed valid 2 1 0 0 0 0 100.0 62600.0 30000.0 5380.10009765625
X Ve valid 1 0 0 0 0 0 0.0 62600.0 30000.0 2.0
X Ed valid 2 1 0 0 0 0 5328.10009765625 62600.0 30000.0 2666.050048828125
X Ve valid 1 0 0 0 0 0 0.0 62600.0 30000.0 5079.60009765625
X Ed valid 2 1 0 0 0 0 5077.60009765625 62600.0 30000.0 2540.800048828125
X Ve valid 1 0 0 0 0 0 0.0 62600.0 30000.0 4895.60009765625
X Ed valid 2 1 0 0 0 0 184.0 62600.0 30000.0 4987.60009765625
X Ve valid 1 0 0 0 0 0 0.0 62600.0 30000.0 4794.10009765625
X Ed valid 2 1 0 0 0 0 101.5 62600.0 30000.0 4844.85009765625
X Ve valid 1 0 0 0 0 0 0.0 62600.0 30000.0 4650.0
X Ed valid 2 1 0 0 0 0 144.10009765625 62600.0 30000.0 4722.050048828125
X Ve valid 1 0 0 0 0 0 0.0 61735.0 30000.0 4650.0
X Ed valid 2 1 0 0 0 0 865.0 62167.5 30000.0 4650.0
X Ve valid 1 0 0 0 0 0 0.0 61735.0 30000.0 5198.5
X Ed valid 2 1 0 0 0 0 548.5 61735.0 30000.0 4924.25
X Ve valid 1 0 0 0 0 0 0.0 61735.0 30000.0 5200.0
X Ed valid 2 1 0 0 0 0 1.5 61735.0 30000.0 5199.25
X Ve valid 1 0 0 0 0 0 0.0 61735.0 30000.0 4650.0
X Ve valid 1 0 0 0 0 0 0.0 61735.0 30000.0 4536.5
X Ed valid 2 1 0 0 0 0 113.5 61735.0 30000.0 4593.25
X Ve valid 1 0 0 0 0 0 0.0 61735.0 30000.0 4467.39990234375
X Ed valid 2 1 0 0 0 0 69.10009765625 61735.0 30000.0 4501.949951171875
X Ve valid 1 0 0 0 0 0 0.0 61735.0 30000.0 2.0
X Ed valid 2 1 0 0 0 0 4465.39990234375 61735.0 30000.0 2234.699951171875
X Ve valid 1 0 0 0 0 0 0.0 61735.0 30000.0 4347.39990234375
X Ed valid 2 1 0 0 0 0 4345.39990234375 61735.0 30000.0 2174.699951171875
X Ve valid 1 0 0 0 0 0 0.0 61735.0 30000.0 4272.39990234375
X Ed valid 2 1 0 0 0 0 75.0 61735.0 30000.0 4309.89990234375
X Ve valid 1 0 0 0 0 0 0.0 63000.0 32885.30078125 5400.0
X Ve valid 1 0 0 0 0 0 0.0 63000.0 32885.30078125 5310.10009765625
X Ed valid 2 1 0 0 0 0 89.89990234375 63000.0 32885.30078125 5355.050048828125
X Ve valid 1 0 0 0 0 0 0.0 63000.0 32885.30078125 5309.39990234375
X Ed valid 2 1 0 0 0 0 0.7001953125 63000.0 32885.30078125 5309.75
X Ve valid 1 0 0 0 0 0 0.0 63000.0 32885.30078125 5308.60009765625
X Ed valid 2 1 0 0 0 0 0.7998046875 63000.0 32885.30078125 5309.0
X Ve valid 1 0 0 0 0 0 0.0 63000.0 32885.30078125 5113.39990234375
X Ed valid 2 1 0 0 0 0 195.2001953125 63000.0 32885.30078125 5211.0
X Ve valid 1 0 0 0 0 0 0.0 62600.0 32885.30078125 5113.39990234375
X Ed valid 2 1 0 0 0 0 400.0 62800.0 32885.30078125 5113.39990234375
X Ve valid 1 0 0 0 0 0 0.0 62600.0 32885.30078125 4360.0
X Ed valid 2 1 0 0 0 0 753.39990234375 62600.0 32885.30078125 4736.699951171875
X Ve valid 1 0 0 0 0 0 0.0 62600.0 32885.30078125 2.0
X Ed valid 2 1 0 0 0 0 4358.0 62600.0 32885.30078125 2181.0
X Ve valid 1 0 0 0 0 0 0.0 62600.0 32885.30078125 4165.0
X Ed valid 2 1 0 0 0 0 4163.0 62600.0 32885.30078125 2083.5
X Ve valid 1 0 0 0 0 0 0.0 62600.0 32885.30078125 4088.5
X Ed valid 2 1 0 0 0 0 76.5 62600.0 32885.30078125 4126.75
X Ve valid 1 0 0 0 0 0 0.0 62600.0 32885.30078125 3260.39990234375
X Ed valid 2 1 0 0 0 0 828.10009765625 62600.0 32885.30078125 3674.449951171875
X Ve valid 1 0 0 0 0 0 0.0 61985.3984375 32885.30078125 3260.0
X Ed valid 2 1 0 0 0 0 614.601692602067 62292.69921875 32885.30078125 3260.199951171875
X Ve valid 1 0 0 0 0 0 0.0 61906.1015625 32806.1015625 3260.0
X Ed valid 2 1 0 0 0 0 112.073683955583 61945.74999999999 32845.701171875 3260.0
X Ve valid 1 0 0 0 0 0 0.0 61905.1015625 32805.1015625 3260.0
X Ed valid 2 1 0 0 0 0 1.4142135623731 61905.6015625 32805.6015625 3260.0
X Ve valid 1 0 0 0 0 0 0.0 63000.0 31414.599609375 5400.0
X Ve valid 1 0 0 0 0 0 0.0 63000.0 31414.599609375 5310.10009765625
X Ed valid 2 1 0 0 0 0 89.89990234375 63000.0 31414.599609375 5355.050048828125
X Ve valid 1 0 0 0 0 0 0.0 63000.0 31414.599609375 5309.39990234375
X Ed valid 2 1 0 0 0 0 0.7001953125 63000.0 31414.599609375 5309.75
X Ve valid 1 0 0 0 0 0 0.0 63000.0 31414.599609375 5308.60009765625
X Ed valid 2 1 0 0 0 0 0.7998046875 63000.0 31414.599609375 5309.0
X Ve valid 1 0 0 0 0 0 0.0 63000.0 31414.599609375 5113.39990234375
X Ed valid 2 1 0 0 0 0 195.2001953125 63000.0 31414.599609375 5211.0
X Ve valid 1 0 0 0 0 0 0.0 62600.0 31414.599609375 5113.39990234375
X Ed valid 2 1 0 0 0 0 400.0 62800.0 31414.599609375 5113.39990234375
X Ve valid 1 0 0 0 0 0 0.0 62600.0 31414.599609375 4360.0
X Ed valid 2 1 0 0 0 0 753.39990234375 62600.0 31414.599609375 4736.699951171875
X Ve valid 1 0 0 0 0 0 0.0 62600.0 31414.599609375 2.0
X Ed valid 2 1 0 0 0 0 4358.0 62600.0 31414.599609375 2181.0
X Ve valid 1 0 0 0 0 0 0.0 62600.0 31414.599609375 4165.0
X Ed valid 2 1 0 0 0 0 4163.0 62600.0 31414.599609375 2083.5
X Ve valid 1 0 0 0 0 0 0.0 62600.0 31414.599609375 4088.5
X Ed valid 2 1 0 0 0 0 76.5 62600.0 31414.599609375 4126.75
X Ve valid 1 0 0 0 0 0 0.0 62600.0 31414.599609375 3260.39990234375
X Ed valid 2 1 0 0 0 0 828.10009765625 62600.0 31414.599609375 3674.449951171875
X Ve valid 1 0 0 0 0 0 0.0 61985.3984375 31414.599609375 3260.0
X Ed valid 2 1 0 0 0 0 614.601692602067 62292.69921875 31414.599609374996 3260.199951171875
X Ve valid 1 0 0 0 0 0 0.0 61906.1015625 31493.900390625 3260.0
X Ed valid 2 1 0 0 0 0 112.145478248684 61945.74999999999 31454.25 3260.0
X Ve valid 1 0 0 0 0 0 0.0 61905.1015625 31494.900390625 3260.0
X Ed valid 2 1 0 0 0 0 1.4142135623731 61905.6015625 31494.400390625 3260.0
X Ve valid 1 0 0 0 0 0 0.0 63000.0 30585.30078125 5400.0
X Ve valid 1 0 0 0 0 0 0.0 63000.0 30585.30078125 5310.10009765625
X Ed valid 2 1 0 0 0 0 89.89990234375 63000.0 30585.30078125 5355.050048828125
X Ve valid 1 0 0 0 0 0 0.0 63000.0 30585.30078125 5309.39990234375
X Ed valid 2 1 0 0 0 0 0.7001953125 63000.0 30585.30078125 5309.75
X Ve valid 1 0 0 0 0 0 0.0 63000.0 30585.30078125 5308.60009765625
X Ed valid 2 1 0 0 0 0 0.7998046875 63000.0 30585.30078125 5309.0
X Ve valid 1 0 0 0 0 0 0.0 63000.0 30585.30078125 5113.39990234375
X Ed valid 2 1 0 0 0 0 195.2001953125 63000.0 30585.30078125 5211.0
X Ve valid 1 0 0 0 0 0 0.0 62600.0 30585.30078125 5113.39990234375
X Ed valid 2 1 0 0 0 0 400.0 62800.0 30585.30078125 5113.39990234375
X Ve valid 1 0 0 0 0 0 0.0 62600.0 30585.30078125 4360.0
X Ed valid 2 1 0 0 0 0 753.39990234375 62600.0 30585.30078125 4736.699951171875
X Ve valid 1 0 0 0 0 0 0.0 62600.0 30585.30078125 2.0
X Ed valid 2 1 0 0 0 0 4358.0 62600.0 30585.30078125 2181.0
X Ve valid 1 0 0 0 0 0 0.0 62600.0 30585.30078125 4165.0
X Ed valid 2 1 0 0 0 0 4163.0 62600.0 30585.30078125 2083.5
X Ve valid 1 0 0 0 0 0 0.0 62600.0 30585.30078125 4088.5
X Ed valid 2 1 0 0 0 0 76.5 62600.0 30585.30078125 4126.75
X Ve valid 1 0 0 0 0 0 0.0 62600.0 30585.30078125 3260.39990234375
X Ed valid 2 1 0 0 0 0 828.10009765625 62600.0 30585.30078125 3674.449951171875
X Ve valid 1 0 0 0 0 0 0.0 61985.3984375 30585.30078125 3260.0
X Ed valid 2 1 0 0 0 0 614.601692602067 62292.69921875 30585.300781250004 3260.199951171875
X Ve valid 1 0 0 0 0 0 0.0 61906.1015625 30506.099609375 3260.0
X Ed valid 2 1 0 0 0 0 112.075064180838 61945.75 30545.7001953125 3260.0
X Ve valid 1 0 0 0 0 0 0.0 61905.1015625 30505.0 3260.0
X Ed valid 2 1 0 0 0 0 1.48631785886731 61905.60156250001 30505.549804687496 3259.9999999999995
X Ve valid 1 0 0 0 0 0 0.0 63000.0 29114.599609375 5400.0
X Ve valid 1 0 0 0 0 0 0.0 63000.0 29114.599609375 5310.10009765625
X Ed valid 2 1 0 0 0 0 89.89990234375 63000.0 29114.599609375 5355.050048828125
X Ve valid 1 0 0 0 0 0 0.0 63000.0 29114.599609375 5309.39990234375
X Ed valid 2 1 0 0 0 0 0.7001953125 63000.0 29114.599609375 5309.75
X Ve valid 1 0 0 0 0 0 0.0 63000.0 29114.599609375 5308.60009765625
X Ed valid 2 1 0 0 0 0 0.7998046875 63000.0 29114.599609375 5309.0
X Ve valid 1 0 0 0 0 0 0.0 63000.0 29114.599609375 5113.39990234375
X Ed valid 2 1 0 0 0 0 195.2001953125 63000.0 29114.599609375 5211.0
X Ve valid 1 0 0 0 0 0 0.0 62600.0 29114.599609375 5113.39990234375
X Ed valid 2 1 0 0 0 0 400.0 62800.0 29114.599609375 5113.39990234375
X Ve valid 1 0 0 0 0 0 0.0 62600.0 29114.599609375 4360.0
X Ed valid 2 1 0 0 0 0 753.39990234375 62600.0 29114.599609375 4736.699951171875
X Ve valid 1 0 0 0 0 0 0.0 62600.0 29114.599609375 2.0
X Ed valid 2 1 0 0 0 0 4358.0 62600.0 29114.599609375 2181.0
X Ve valid 1 0 0 0 0 0 0.0 62600.0 29114.599609375 4165.0
X Ed valid 2 1 0 0 0 0 4163.0 62600.0 29114.599609375 2083.5
X Ve valid 1 0 0 0 0 0 0.0 62600.0 29114.599609375 4088.5
X Ed valid 2 1 0 0 0 0 76.5 62600.0 29114.599609375 4126.75
X Ve valid 1 0 0 0 0 0 0.0 62600.0 29114.599609375 3260.60009765625
X Ed valid 2 1 0 0 0 0 827.89990234375 62600.0 29114.599609375 3674.550048828125
X Ve valid 1 0 0 0 0 0 0.0 61985.3984375 29114.599609375 3260.0
X Ed valid 2 1 0 0 0 0 614.6018554679429 62292.69921875001 29114.599609375 3260.300048828125
X Ve valid 1 0 0 0 0 0 0.0 61906.1015625 29193.900390625 3260.0
X Ed valid 2 1 0 0 0 0 112.145478248684 61945.74999999999 29154.25 3260.0
X Ve valid 1 0 0 0 0 0 0.0 61905.1015625 29194.900390625 3260.0
X Ed valid 2 1 0 0 0 0 1.4142135623731 61905.6015625 29194.400390625 3260.0
X Ve valid 1 0 0 0 0 0 0.0 57850.0 27976.0 2124.10009765625
X Ve valid 1 0 0 0 0 0 0.0 57850.0 28076.0 2124.10009765625
X Ed valid 2 1 0 0 0 0 100.0 57850.0 28026.0 2124.10009765625
X Ve valid 1 0 0 0 0 0 0.0 57850.0 28076.69921875 2124.10009765625
X Ed valid 2 1 0 0 0 0 0.69921875 57850.0 28076.349609375 2124.10009765625
X Ve valid 1 0 0 0 0 0 0.0 57850.0 28077.5 2124.10009765625
X Ed valid 2 1 0 0 0 0 0.80078125 57850.0 28077.099609375 2124.10009765625
X Ve valid 1 0 0 0 0 0 0.0 57850.0 29500.0 2124.10009765625
X Ed valid 2 1 0 0 0 0 1422.5 57850.0 28788.75 2124.10009765625
X Ve valid 1 0 0 0 0 0 0.0 57850.0 29500.0 930.0
X Ed valid 2 1 0 0 0 0 1194.10009765625 57850.0 29500.0 1527.050048828125
X Ve valid 1 0 0 0 0 0 0.0 58094.0 29500.0 930.0
X Ed valid 2 1 0 0 0 0 244.0 57972.0 29500.0 930.0
X Ve valid 1 0 0 0 0 0 0.0 58178.0 29500.0 2.0
X Ed valid 2 1 0 0 0 0 931.793968643283 58136.0 29500.0 466.0000000000001
X Ve valid 1 0 0 0 0 0 0.0 58344.5 29500.0 930.0
X Ed valid 2 1 0 0 0 0 942.818248656654 58261.25 29500.0 466.0
X Ve valid 1 0 0 0 0 0 0.0 58528.5 29500.0 930.0
X Ed valid 2 1 0 0 0 0 184.0 58436.5 29500.0 930.0
X Ve valid 1 0 0 0 0 0 0.0 58630.0 29500.0 930.0
X Ed valid 2 1 0 0 0 0 101.5 58579.25 29500.0 930.0
X Ve valid 1 0 0 0 0 0 0.0 58800.0 29500.0 930.0
X Ed valid 2 1 0 0 0 0 170.0 58715.0 29500.0 930.0
X Ve valid 1 0 0 0 0 0 0.0 58800.0 29500.0 1078.5
X Ed valid 2 1 0 0 0 0 148.5 58800.0 29500.0 1004.25
X Ve valid 1 0 0 0 0 0 0.0 58800.0 29500.0 1080.0
X Ed valid 2 1 0 0 0 0 1.5 58800.0 29500.0 1079.25
X Ve valid 1 0 0 0 0 0 0.0 58800.0 29500.0 930.0
X Ve valid 1 0 0 0 0 0 0.0 58800.0 29500.0 816.5
X Ed valid 2 1 0 0 0 0 113.5 58800.0 29500.0 873.25
X Ve valid 1 0 0 0 0 0 0.0 58800.0 29500.0 698.900024414063
X Ed valid 2 1 0 0 0 0 117.599975585938 58800.0 29500.000000000004 757.700012207031
X Ve valid 1 0 0 0 0 0 0.0 58800.0 29500.0 2.0
X Ed valid 2 1 0 0 0 0 696.900024414063 58800.00000000001 29500.000000000004 350.4500122070315
X Ve valid 1 0 0 0 0 0 0.0 58800.0 29500.0 578.900024414063
X Ed valid 2 1 0 0 0 0 576.900024414063 58800.00000000001 29500.000000000004 290.4500122070315
X Ve valid 1 0 0 0 0 0 0.0 58800.0 29500.0 455.799987792969
X Ed valid 2 1 0 0 0 0 123.100036621094 58800.0 29500.0 517.3500061035159
X Ve valid 1 0 0 0 0 0 0.0 57850.0 27976.0 2267.80004882813
X Ve valid 1 0 0 0 0 0 0.0 57850.0 27976.0 2124.10009765625
X Ed valid 2 1 0 0 0 0 143.699951171875 57850.0 27976.0 2195.9500732421925
X Ve valid 1 0 0 0 0 0 0.0 57850.0 27876.0 2124.10009765625
X Ed valid 2 1 0 0 0 0 100.0 57850.0 27926.0 2124.10009765625
X Ve valid 1 0 0 0 0 0 0.0 57850.0 27875.19921875 2124.10009765625
X Ed valid 2 1 0 0 0 0 0.80078125 57850.0 27875.599609375 2124.10009765625
X Ve valid 1 0 0 0 0 0 0.0 57850.0 27874.5 2124.10009765625
X Ed valid 2 1 0 0 0 0 0.69921875 57850.0 27874.849609375 2124.10009765625
X Ve valid 1 0 0 0 0 0 0.0 57850.0 26500.0 2124.10009765625
X Ed valid 2 1 0 0 0 0 1374.5 57850.0 27187.25 2124.10009765625
X Ve valid 1 0 0 0 0 0 0.0 57850.0 26500.0 930.0
X Ed valid 2 1 0 0 0 0 1194.10009765625 57850.0 26500.0 1527.050048828125
X Ve valid 1 0 0 0 0 0 0.0 58094.0 26500.0 930.0
X Ed valid 2 1 0 0 0 0 244.0 57972.0 26500.0 930.0
X Ve valid 1 0 0 0 0 0 0.0 58178.0 26500.0 2.0
X Ed valid 2 1 0 0 0 0 931.793968643283 58136.0 26500.0 466.0000000000001
X Ve valid 1 0 0 0 0 0 0.0 58344.5 26500.0 930.0
X Ed valid 2 1 0 0 0 0 942.818248656654 58261.25 26500.0 466.0
X Ve valid 1 0 0 0 0 0 0.0 58528.5 26500.0 930.0
X Ed valid 2 1 0 0 0 0 184.0 58436.5 26500.0 930.0
X Ve valid 1 0 0 0 0 0 0.0 58630.0 26500.0 930.0
X Ed valid 2 1 0 0 0 0 101.5 58579.25 26500.0 930.0
X Ve valid 1 0 0 0 0 0 0.0 58800.0 26500.0 930.0
X Ed valid 2 1 0 0 0 0 170.0 58715.0 26500.0 930.0
X Ve valid 1 0 0 0 0 0 0.0 58800.0 26500.0 1078.5
X Ed valid 2 1 0 0 0 0 148.5 58800.0 26500.0 1004.25
X Ve valid 1 0 0 0 0 0 0.0 58800.0 26500.0 1080.0
X Ed valid 2 1 0 0 0 0 1.5 58800.0 26500.0 1079.25
X Ve valid 1 0 0 0 0 0 0.0 58800.0 26500.0 930.0
X Ve valid 1 0 0 0 0 0 0.0 58800.0 26500.0 816.5
X Ed valid 2 1 0 0 0 0 113.5 58800.0 26500.0 873.25
X Ve valid 1 0 0 0 0 0 0.0 58800.0 26500.0 698.900024414063
X Ed valid 2 1 0 0 0 0 117.599975585938 58800.0 26500.0 757.700012207031
X Ve valid 1 0 0 0 0 0 0.0 58800.0 26500.0 2.0
X Ed valid 2 1 0 0 0 0 696.900024414063 58800.00000000001 26500.0 350.4500122070315
X Ve valid 1 0 0 0 0 0 0.0 58800.0 26500.0 578.900024414063
X Ed valid 2 1 0 0 0 0 576.900024414063 58800.00000000001 26500.0 290.4500122070315
X Ve valid 1 0 0 0 0 0 0.0 58800.0 26500.0 455.799987792969
X Ed valid 2 1 0 0 0 0 123.100036621094 58800.0 26500.0 517.3500061035159
X Ve valid 1 0 0 0 0 0 0.0 62550.0 33972.30078125 2330.10009765625
X Ve valid 1 0 0 0 0 0 0.0 62550.0 35200.0 2330.10009765625
X Ed valid 2 1 0 0 0 0 1227.69921875 62550.0 34586.150390625 2330.10009765625
X Ve valid 1 0 0 0 0 0 0.0 62550.0 35200.0 1185.0
X Ed valid 2 1 0 0 0 0 1145.10009765625 62550.0 35200.0 1757.550048828125
X Ve valid 1 0 0 0 0 0 0.0 62550.0 35200.0 1035.0
X Ed valid 2 1 0 0 0 0 150.0 62550.0 35200.0 1110.0
X Ve valid 1 0 0 0 0 0 0.0 62427.0 35200.0 1035.0
X Ed valid 2 1 0 0 0 0 123.0 62488.5 35200.0 1035.0
X Ve valid 1 0 0 0 0 0 0.0 62343.0 35200.0 2.0
X Ed valid 2 1 0 0 0 0 1036.40966803673 62385.0 35200.0 518.4999999999989
X Ve valid 1 0 0 0 0 0 0.0 62176.5 35200.0 1035.0
X Ed valid 2 1 0 0 0 0 1046.33228469736 62259.75 35200.0 518.4999999999993
X Ve valid 1 0 0 0 0 0 0.0 61992.5 35200.0 1035.0
X Ed valid 2 1 0 0 0 0 184.0 62084.5 35200.0 1035.0
X Ve valid 1 0 0 0 0 0 0.0 61891.0 35200.0 1035.0
X Ed valid 2 1 0 0 0 0 101.5 61941.75 35200.0 1035.0
X Ve valid 1 0 0 0 0 0 0.0 61720.0 35200.0 1035.0
X Ed valid 2 1 0 0 0 0 171.0 61805.5 35200.0 1035.0
X Ve valid 1 0 0 0 0 0 0.0 61720.0 35200.0 1183.5
X Ed valid 2 1 0 0 0 0 148.5 61720.0 35200.0 1109.25
X Ve valid 1 0 0 0 0 0 0.0 61720.0 35200.0 1185.0
X Ed valid 2 1 0 0 0 0 1.5 61720.0 35200.0 1184.25
X Ve valid 1 0 0 0 0 0 0.0 61720.0 35200.0 1035.0
X Ve valid 1 0 0 0 0 0 0.0 61720.0 35200.0 921.5
X Ed valid 2 1 0 0 0 0 113.5 61720.0 35200.0 978.25
X Ve valid 1 0 0 0 0 0 0.0 61720.0 35200.0 803.900024414063
X Ed valid 2 1 0 0 0 0 117.599975585938 61720.0 35200.0 862.700012207031
X Ve valid 1 0 0 0 0 0 0.0 61720.0 35200.0 2.0
X Ed valid 2 1 0 0 0 0 801.900024414063 61720.0 35200.0 402.95001220703136
X Ve valid 1 0 0 0 0 0 0.0 61720.0 35200.0 683.900024414063
X Ed valid 2 1 0 0 0 0 681.900024414063 61720.0 35200.0 342.9500122070315
X Ve valid 1 0 0 0 0 0 0.0 61720.0 35200.0 560.799987792969
X Ed valid 2 1 0 0 0 0 123.100036621094 61720.0 35200.0 622.3500061035159
X Ve valid 1 0 0 0 0 0 0.0 58800.0 35200.0 1385.0
X Ve valid 1 0 0 0 0 0 0.0 58800.0 35200.0 1271.40002441406
X Ed valid 2 1 0 0 0 0 113.599975585938 58800.0 35200.0 1328.200012207031
X Ve valid 1 0 0 0 0 0 0.0 58800.0 35200.0 1202.40002441406
X Ed valid 2 1 0 0 0 0 69.0 58800.0 35200.0 1236.90002441406
X Ve valid 1 0 0 0 0 0 0.0 58800.0 35200.0 2.0
X Ed valid 2 1 0 0 0 0 1200.40002441406 58800.0 35200.0 602.20001220703
X Ve valid 1 0 0 0 0 0 0.0 58800.0 35200.0 1082.40002441406
X Ed valid 2 1 0 0 0 0 1080.40002441406 58800.0 35200.0 542.20001220703
X Ve valid 1 0 0 0 0 0 0.0 58800.0 35200.0 1007.40002441406
X Ed valid 2 1 0 0 0 0 75.0 58800.0 35200.0 1044.90002441406
X Ve valid 1 0 0 0 0 0 0.0 57850.0 33910.0 2330.10009765625
X Ve valid 1 0 0 0 0 0 0.0 57850.0 33910.0 2230.10009765625
X Ed valid 2 1 0 0 0 0 100.0 57850.0 33910.0 2280.10009765625
X Ve valid 1 0 0 0 0 0 0.0 57850.0 33910.0 2229.39990234375
X Ed valid 2 1 0 0 0 0 0.7001953125 57850.0 33910.0 2229.75
X Ve valid 1 0 0 0 0 0 0.0 57850.0 33910.0 2228.60009765625
X Ed valid 2 1 0 0 0 0 0.7998046875 57850.0 33910.0 2229.0
X Ve valid 1 0 0 0 0 0 0.0 57850.0 33910.0 2116.69995117188
X Ed valid 2 1 0 0 0 0 111.900146484375 57850.0 33910.0 2172.6500244140625
X Ve valid 1 0 0 0 0 0 0.0 57850.0 35200.0 2116.69995117188
X Ed valid 2 1 0 0 0 0 1290.0 57850.0 34555.0 2116.69995117188
X Ve valid 1 0 0 0 0 0 0.0 57850.0 35200.0 1385.0
X Ed valid 2 1 0 0 0 0 731.699951171875 57850.0 35200.0 1750.8499755859425
X Ve valid 1 0 0 0 0 0 0.0 58000.0 35200.0 1385.0
X Ed valid 2 1 0 0 0 0 150.0 57925.0 35200.0 1385.0
X Ve valid 1 0 0 0 0 0 0.0 58186.8984375 35200.0 1385.0
X Ed valid 2 1 0 0 0 0 186.8984375 58093.44921875 35200.0 1385.0
X Ve valid 1 0 0 0 0 0 0.0 58251.8984375 35200.0 2.0
X Ed valid 2 1 0 0 0 0 1384.5266339077798 58219.39843750001 35200.0 693.4999999999986
X Ve valid 1 0 0 0 0 0 0.0 58380.3984375 35200.0 1385.0
X Ed valid 2 1 0 0 0 0 1388.95689277961 58316.14843750001 35200.0 693.499999999998
X Ve valid 1 0 0 0 0 0 0.0 58530.3984375 35200.0 1385.0
X Ed valid 2 1 0 0 0 0 150.0 58455.3984375 35200.0 1385.0
X Ve valid 1 0 0 0 0 0 0.0 58616.8984375 35200.0 1385.0
X Ed valid 2 1 0 0 0 0 86.5 58573.6484375 35200.0 1385.0
X Ve valid 1 0 0 0 0 0 0.0 58685.8984375 35200.0 1385.0
X Ed valid 2 1 0 0 0 0 69.0 58651.3984375 35200.0 1385.0
X Ve valid 1 0 0 0 0 0 0.0 58800.0 35200.0 1385.0
X Ed valid 2 1 0 0 0 0 114.1015625 58742.94921875 35200.0 1385.0
X Ve valid 1 0 0 0 0 0 0.0 58800.0 35200.0 1533.5
X Ed valid 2 1 0 0 0 0 148.5 58800.0 35200.0 1459.25
X Ve valid 1 0 0 0 0 0 0.0 58800.0 35200.0 1535.0
X Ed valid 2 1 0 0 0 0 1.5 58800.0 35200.0 1534.25
X Ve valid 1 0 0 0 0 0 0.0 57850.0 35200.0 2116.69995117188
X Ve valid 1 0 0 0 0 0 0.0 57850.0 35294.1015625 2116.69995117188
X Ed valid 2 1 0 0 0 0 94.1015625 57850.0 35247.05078125 2116.69995117188
X Ve valid 1 0 0 0 0 0 0.0 57850.0 35363.1015625 2116.69995117188
X Ed valid 2 1 0 0 0 0 69.0 57850.0 35328.6015625 2116.69995117188
X Ve valid 1 0 0 0 0 0 0.0 57850.0 35363.8984375 2116.69995117188
X Ed valid 2 1 0 0 0 0 0.796875 57850.0 35363.5 2116.69995117188
X Ve valid 1 0 0 0 0 0 0.0 57850.0 35364.6015625 2116.69995117188
X Ed valid 2 1 0 0 0 0 0.703125 57850.0 35364.25 2116.69995117188
X Ve valid 1 0 0 0 0 0 0.0 57850.0 35770.0 2116.69995117188
X Ed valid 2 1 0 0 0 0 405.3984375 57850.0 35567.30078125 2116.69995117188
X Ve valid 1 0 0 0 0 0 0.0 58350.0 35770.0 2116.69995117188
X Ed valid 2 1 0 0 0 0 500.0 58100.0 35770.0 2116.69995117188
X Ve valid 1 0 0 0 0 0 0.0 58350.0 35770.0 613.299987792969
X Ed valid 2 1 0 0 0 0 1503.39996337891 58350.0 35770.0 1364.999969482425
X Ve valid 1 0 0 0 0 0 0.0 58478.5 35770.0 613.299987792969
X Ed valid 2 1 0 0 0 0 128.5 58414.25 35770.0 613.299987792969
X Ve valid 1 0 0 0 0 0 0.0 58538.5 35770.0 2.0
X Ed valid 2 1 0 0 0 0 614.237474496374 58508.50000000001 35770.0 307.6499938964846
X Ve valid 1 0 0 0 0 0 0.0 58673.5 35770.0 613.299987792969
X Ed valid 2 1 0 0 0 0 626.029292506096 58606.00000000001 35770.0 307.64999389648415
X Ve valid 1 0 0 0 0 0 0.0 58750.0 35770.0 613.299987792969
X Ed valid 2 1 0 0 0 0 76.5 58711.75 35770.0 613.299987792969
X Ve valid 1 0 0 0 0 0 0.0 58830.0 35770.0 613.299987792969
X Ed valid 2 1 0 0 0 0 80.0 58790.0 35770.0 613.299987792969
X Ve valid 1 0 0 0 0 0 0.0 58830.0 35770.0 440.0
X Ed valid 2 1 0 0 0 0 173.299987792969 58830.0 35770.0 526.6499938964844
X Ve valid 1 0 0 0 0 0 0.0 59120.0 35770.0 440.0
X Ed valid 2 1 0 0 0 0 290.0 58975.0 35770.0 440.0
X Ve valid 1 0 0 0 0 0 0.0 59120.0 35878.5 440.0
X Ed valid 2 1 0 0 0 0 108.5 59120.0 35824.25 440.0
X Ve valid 1 0 0 0 0 0 0.0 59120.0 35880.0 440.0
X Ed valid 2 1 0 0 0 0 1.5 59120.0 35879.25 440.0
X Ve valid 1 0 0 0 0 0 0.0 60775.0 27976.0 2300.0
X Ve valid 1 0 0 0 0 0 0.0 60775.0 27976.0 2110.60009765625
X Ed valid 2 1 0 0 0 0 189.39990234375 60775.0 27976.0 2205.300048828125
X Ve valid 1 0 0 0 0 0 0.0 60775.0 27901.0 2110.60009765625
X Ed valid 2 1 0 0 0 0 75.0 60775.0 27938.5 2110.60009765625
X Ve valid 1 0 0 0 0 0 0.0 60775.0 27900.19921875 2110.60009765625
X Ed valid 2 1 0 0 0 0 0.80078125 60775.0 27900.599609375 2110.60009765625
X Ve valid 1 0 0 0 0 0 0.0 60775.0 27899.5 2110.60009765625
X Ed valid 2 1 0 0 0 0 0.69921875 60775.0 27899.849609375 2110.60009765625
X Ve valid 1 0 0 0 0 0 0.0 60775.0 26250.0 2110.60009765625
X Ed valid 2 1 0 0 0 0 1649.5 60775.0 27074.75 2110.60009765625
X Ve valid 1 0 0 0 0 0 0.0 60775.0 26250.0 1355.5
X Ed valid 2 1 0 0 0 0 755.10009765625 60775.0 26250.0 1733.050048828125
X Ve valid 1 0 0 0 0 0 0.0 60775.0 26250.0 2.0
X Ed valid 2 1 0 0 0 0 1353.5 60775.0 26250.0 678.75
X Ve valid 1 0 0 0 0 0 0.0 60775.0 26250.0 1169.5
X Ed valid 2 1 0 0 0 0 1167.5 60775.0 26250.0 585.75
X Ve valid 1 0 0 0 0 0 0.0 60775.0 26250.0 1093.0
X Ed valid 2 1 0 0 0 0 76.5 60775.0 26250.0 1131.25
X Ve valid 1 0 0 0 0 0 0.0 60775.0 26250.0 600.0
X Ed valid 2 1 0 0 0 0 493.0 60775.0 26250.0 846.5
X Ve valid 1 0 0 0 0 0 0.0 60775.0 26375.0 600.0
X Ed valid 2 1 0 0 0 0 125.0 60775.0 26312.5 600.0
X Ve valid 1 0 0 0 0 0 0.0 60775.0 26500.0 600.0
X Ed valid 2 1 0 0 0 0 125.0 60775.0 26437.5 600.0
X Ve valid 1 0 0 0 0 0 0.0 60775.0 26500.0 675.0
X Ed valid 2 1 0 0 0 0 75.0 60775.0 26500.0 637.5
X Ve valid 1 0 0 0 0 0 0.0 60775.0 26500.0 675.799987792969
X Ed valid 2 1 0 0 0 0 0.79998779296875 60775.0 26500.0 675.3999938964844
X Ve valid 1 0 0 0 0 0 0.0 60775.0 26500.0 676.5
X Ed valid 2 1 0 0 0 0 0.70001220703125 60775.0 26500.0 676.1499938964846
X Ve valid 1 0 0 0 0 0 0.0 60775.0 26500.0 721.799987792969
X Ed valid 2 1 0 0 0 0 45.2999877929688 60774.99999999999 26500.0 699.1499938964844
X Ve valid 1 0 0 0 0 0 0.0 60775.0 26375.0 600.0
X Ve valid 1 0 0 0 0 0 0.0 60775.0 26375.0 525.0
X Ed valid 2 1 0 0 0 0 75.0 60775.0 26375.0 562.5
X Ve valid 1 0 0 0 0 0 0.0 60775.0 26375.0 2.0
X Ed valid 2 1 0 0 0 0 523.0 60775.0 26375.0 263.5
X Ve valid 1 0 0 0 0 0 0.0 60775.0 26375.0 414.0
X Ed valid 2 1 0 0 0 0 412.0 60775.0 26375.0 208.0
X Ve valid 1 0 0 0 0 0 0.0 60775.0 26375.0 339.0
X Ed valid 2 1 0 0 0 0 75.0 60775.0 26375.0 376.5
X Ve valid 1 0 0 0 0 0 0.0 60775.0 27976.0 2110.60009765625
X Ve valid 1 0 0 0 0 0 0.0 60775.0 28051.0 2110.60009765625
X Ed valid 2 1 0 0 0 0 75.0 60775.0 28013.5 2110.60009765625
X Ve valid 1 0 0 0 0 0 0.0 60775.0 28051.69921875 2110.60009765625
X Ed valid 2 1 0 0 0 0 0.69921875 60775.0 28051.349609375 2110.60009765625
X Ve valid 1 0 0 0 0 0 0.0 60775.0 28052.5 2110.60009765625
X Ed valid 2 1 0 0 0 0 0.80078125 60775.0 28052.099609375 2110.60009765625
X Ve valid 1 0 0 0 0 0 0.0 60775.0 29250.0 2110.60009765625
X Ed valid 2 1 0 0 0 0 1197.5 60775.0 28651.25 2110.60009765625
X Ve valid 1 0 0 0 0 0 0.0 60775.0 29250.0 1355.5
X Ed valid 2 1 0 0 0 0 755.10009765625 60775.0 29250.0 1733.050048828125
X Ve valid 1 0 0 0 0 0 0.0 60775.0 29250.0 2.0
X Ed valid 2 1 0 0 0 0 1353.5 60775.0 29250.0 678.75
X Ve valid 1 0 0 0 0 0 0.0 60775.0 29250.0 1169.5
X Ed valid 2 1 0 0 0 0 1167.5 60775.0 29250.0 585.75
X Ve valid 1 0 0 0 0 0 0.0 60775.0 29250.0 1093.0
X Ed valid 2 1 0 0 0 0 76.5 60775.0 29250.0 1131.25
X Ve valid 1 0 0 0 0 0 0.0 60775.0 29250.0 600.0
X Ed valid 2 1 0 0 0 0 493.0 60775.0 29250.0 846.5
X Ve valid 1 0 0 0 0 0 0.0 60775.0 29375.0 600.0
X Ed valid 2 1 0 0 0 0 125.0 60775.0 29312.5 600.0
X Ve valid 1 0 0 0 0 0 0.0 60775.0 29500.0 600.0
X Ed valid 2 1 0 0 0 0 125.0 60775.0 29437.5 600.0
X Ve valid 1 0 0 0 0 0 0.0 60775.0 29500.0 675.0
X Ed valid 2 1 0 0 0 0 75.0 60775.0 29500.0 637.5
X Ve valid 1 0 0 0 0 0 0.0 60775.0 29500.0 675.799987792969
X Ed valid 2 1 0 0 0 0 0.79998779296875 60775.0 29500.0 675.3999938964844
X Ve valid 1 0 0 0 0 0 0.0 60775.0 29500.0 676.5
X Ed valid 2 1 0 0 0 0 0.70001220703125 60775.0 29500.0 676.1499938964846
X Ve valid 1 0 0 0 0 0 0.0 60775.0 29500.0 721.799987792969
X Ed valid 2 1 0 0 0 0 45.2999877929688 60774.99999999999 29500.0 699.1499938964844
X Ve valid 1 0 0 0 0 0 0.0 60775.0 29375.0 600.0
X Ve valid 1 0 0 0 0 0 0.0 60775.0 29375.0 525.0
X Ed valid 2 1 0 0 0 0 75.0 60775.0 29375.0 562.5
X Ve valid 1 0 0 0 0 0 0.0 60775.0 29375.0 2.0
X Ed valid 2 1 0 0 0 0 523.0 60775.0 29375.0 263.5
X Ve valid 1 0 0 0 0 0 0.0 60775.0 29375.0 414.0
X Ed valid 2 1 0 0 0 0 412.0 60775.0 29375.0 208.0
X Ve valid 1 0 0 0 0 0 0.0 60775.0 29375.0 339.0
X Ed valid 2 1 0 0 0 0 75.0 60775.0 29375.0 376.5
X Ve valid 1 0 0 0 0 0 0.0 62600.0 31414.599609375 5113.39990234375
X Ve valid 1 0 0 0 0 0 0.0 62482.6015625 31414.599609375 5113.39990234375
X Ed valid 2 1 0 0 0 0 117.3984375 62541.30078125 31414.599609375 5113.39990234375
X Ve valid 1 0 0 0 0 0 0.0 62000.0 31414.599609375 5113.39990234375
X Ed valid 2 1 0 0 0 0 482.6015625 62241.30078125 31414.599609375 5113.39990234375
X Ve valid 1 0 0 0 0 0 0.0 62000.0 31200.0 5113.39990234375
X Ed valid 2 1 0 0 0 0 214.599609375 62000.0 31307.2998046875 5113.39990234375
X Ve valid 1 0 0 0 0 0 0.0 62000.0 31200.0 4787.5
X Ed valid 2 1 0 0 0 0 325.89990234375 62000.0 31200.0 4950.449951171875
X Ve valid 1 0 0 0 0 0 0.0 62000.0 31200.0 4711.0
X Ed valid 2 1 0 0 0 0 76.5 62000.0 31200.0 4749.25
X Ve valid 1 0 0 0 0 0 0.0 62000.0 31200.0 2.0
X Ed valid 2 1 0 0 0 0 4709.0 62000.0 31200.0 2356.5
X Ve valid 1 0 0 0 0 0 0.0 62000.0 31200.0 4525.0
X Ed valid 2 1 0 0 0 0 4523.0 62000.0 31200.0 2263.5
X Ve valid 1 0 0 0 0 0 0.0 62000.0 31200.0 4450.0
X Ed valid 2 1 0 0 0 0 75.0 62000.0 31200.0 4487.5
X Ve valid 1 0 0 0 0 0 0.0 62000.0 31000.0 4450.0
X Ed valid 2 1 0 0 0 0 200.0 62000.0 31100.0 4450.0
X Ve valid 1 0 0 0 0 0 0.0 62230.0 27976.0 2300.0
X Ve valid 1 0 0 0 0 0 0.0 62230.0 27976.0 2110.60009765625
X Ed valid 2 1 0 0 0 0 189.39990234375 62230.0 27976.0 2205.300048828125
X Ve valid 1 0 0 0 0 0 0.0 62230.0 27901.0 2110.60009765625
X Ed valid 2 1 0 0 0 0 75.0 62230.0 27938.5 2110.60009765625
X Ve valid 1 0 0 0 0 0 0.0 62230.0 27900.19921875 2110.60009765625
X Ed valid 2 1 0 0 0 0 0.80078125 62230.0 27900.599609375 2110.60009765625
X Ve valid 1 0 0 0 0 0 0.0 62230.0 27899.5 2110.60009765625
X Ed valid 2 1 0 0 0 0 0.69921875 62230.0 27899.849609375 2110.60009765625
X Ve valid 1 0 0 0 0 0 0.0 62230.0 26250.0 2110.60009765625
X Ed valid 2 1 0 0 0 0 1649.5 62230.0 27074.75 2110.60009765625
X Ve valid 1 0 0 0 0 0 0.0 62230.0 26250.0 1355.5
X Ed valid 2 1 0 0 0 0 755.10009765625 62230.0 26250.0 1733.050048828125
X Ve valid 1 0 0 0 0 0 0.0 62230.0 26250.0 2.0
X Ed valid 2 1 0 0 0 0 1353.5 62230.0 26250.0 678.75
X Ve valid 1 0 0 0 0 0 0.0 62230.0 26250.0 1169.5
X Ed valid 2 1 0 0 0 0 1167.5 62230.0 26250.0 585.75
X Ve valid 1 0 0 0 0 0 0.0 62230.0 26250.0 1093.0
X Ed valid 2 1 0 0 0 0 76.5 62230.0 26250.0 1131.25
X Ve valid 1 0 0 0 0 0 0.0 62230.0 26250.0 600.0
X Ed valid 2 1 0 0 0 0 493.0 62230.0 26250.0 846.5
X Ve valid 1 0 0 0 0 0 0.0 62230.0 26375.0 600.0
X Ed valid 2 1 0 0 0 0 125.0 62230.0 26312.5 600.0
X Ve valid 1 0 0 0 0 0 0.0 62230.0 26500.0 600.0
X Ed valid 2 1 0 0 0 0 125.0 62230.0 26437.5 600.0
X Ve valid 1 0 0 0 0 0 0.0 62230.0 26500.0 675.0
X Ed valid 2 1 0 0 0 0 75.0 62230.0 26500.0 637.5
X Ve valid 1 0 0 0 0 0 0.0 62230.0 26500.0 675.799987792969
X Ed valid 2 1 0 0 0 0 0.79998779296875 62230.0 26500.0 675.3999938964844
X Ve valid 1 0 0 0 0 0 0.0 62230.0 26500.0 676.5
X Ed valid 2 1 0 0 0 0 0.70001220703125 62230.0 26500.0 676.1499938964846
X Ve valid 1 0 0 0 0 0 0.0 62230.0 26500.0 721.799987792969
X Ed valid 2 1 0 0 0 0 45.2999877929688 62230.0 26500.0 699.1499938964844
X Ve valid 1 0 0 0 0 0 0.0 62230.0 26375.0 600.0
X Ve valid 1 0 0 0 0 0 0.0 62230.0 26375.0 525.0
X Ed valid 2 1 0 0 0 0 75.0 62230.0 26375.0 562.5
X Ve valid 1 0 0 0 0 0 0.0 62230.0 26375.0 2.0
X Ed valid 2 1 0 0 0 0 523.0 62230.0 26375.0 263.5
X Ve valid 1 0 0 0 0 0 0.0 62230.0 26375.0 414.0
X Ed valid 2 1 0 0 0 0 412.0 62230.0 26375.0 208.0
X Ve valid 1 0 0 0 0 0 0.0 62230.0 26375.0 339.0
X Ed valid 2 1 0 0 0 0 75.0 62230.0 26375.0 376.5
X Ve valid 1 0 0 0 0 0 0.0 62550.0 35200.0 1185.0
X Ve valid 1 0 0 0 0 0 0.0 62550.0 35400.0 1185.0
X Ed valid 2 1 0 0 0 0 200.0 62550.0 35300.0 1185.0
X Ve valid 1 0 0 0 0 0 0.0 62550.0 35400.0 610.700012207031
X Ed valid 2 1 0 0 0 0 574.299987792969 62550.0 35400.0 897.8500061035155
X Ve valid 1 0 0 0 0 0 0.0 62117.5 35400.0 610.700012207031
X Ed valid 2 1 0 0 0 0 432.5 62333.75 35400.0 610.700012207031
X Ve valid 1 0 0 0 0 0 0.0 62062.0 35400.0 2.0
X Ed valid 2 1 0 0 0 0 611.224962563572 62089.75 35400.0 306.35000610351534
X Ve valid 1 0 0 0 0 0 0.0 61931.5 35400.0 0.0
X Ed valid 2 1 0 0 0 0 130.515324770695 61996.75 35400.0 0.999999999999998
X Ve valid 1 0 0 0 0 0 0.0 61855.0 35400.0 610.700012207031
X Ed valid 2 1 0 0 0 0 615.472789739456 61893.25 35400.0 305.35000610351585
X Ve valid 1 0 0 0 0 0 0.0 61500.0 35400.0 610.700012207031
X Ed valid 2 1 0 0 0 0 355.0 61677.5 35400.0 610.700012207031
X Ve valid 1 0 0 0 0 0 0.0 61500.0 35400.0 1053.80004882813
X Ed valid 2 1 0 0 0 0 443.100036621094 61500.0 35400.0 832.250030517578
X Ve valid 1 0 0 0 0 0 0.0 61500.0 35400.0 1054.59997558594
X Ed valid 2 1 0 0 0 0 0.7999267578125 61500.0 35400.0 1054.2000122070363
X Ve valid 1 0 0 0 0 0 0.0 61500.0 35400.0 1055.30004882813
X Ed valid 2 1 0 0 0 0 0.7000732421875 61500.0 35400.0 1054.9500122070338
X Ve valid 1 0 0 0 0 0 0.0 61500.0 35400.0 1130.30004882813
X Ed valid 2 1 0 0 0 0 75.0 61500.0 35400.0 1092.80004882813
X Ve valid 1 0 0 0 0 0 0.0 61500.0 35256.1015625 1130.30004882813
X Ed valid 2 1 0 0 0 0 143.8984375 61500.0 35328.05078125 1130.30004882813
X Ve valid 1 0 0 0 0 0 0.0 58000.0 35200.0 1385.0
X Ve valid 1 0 0 0 0 0 0.0 58000.0 35200.0 1300.0
X Ed valid 2 1 0 0 0 0 85.0 58000.0 35200.0 1342.5
X Ve valid 1 0 0 0 0 0 0.0 58000.0 35200.0 1299.30004882813
X Ed valid 2 1 0 0 0 0 0.699951171875 58000.0 35200.0 1299.6500244140625
X Ve valid 1 0 0 0 0 0 0.0 58000.0 35200.0 1298.5
X Ed valid 2 1 0 0 0 0 0.800048828125 58000.0 35200.0 1298.9000244140675
X Ve valid 1 0 0 0 0 0 0.0 58000.0 35200.0 613.299987792969
X Ed valid 2 1 0 0 0 0 685.200012207031 58000.0 35200.0 955.8999938964845
X Ve valid 1 0 0 0 0 0 0.0 58000.0 35400.0 613.299987792969
X Ed valid 2 1 0 0 0 0 200.0 58000.0 35300.0 613.299987792969
X Ve valid 1 0 0 0 0 0 0.0 58498.5 35400.0 613.299987792969
X Ed valid 2 1 0 0 0 0 498.5 58249.25 35400.0 613.299987792969
X Ve valid 1 0 0 0 0 0 0.0 58558.5 35400.0 2.0
X Ed valid 2 1 0 0 0 0 614.237474496374 58528.5 35400.0 307.6499938964846
X Ve valid 1 0 0 0 0 0 0.0 58693.5 35400.0 613.299987792969
X Ed valid 2 1 0 0 0 0 626.029292506096 58626.0 35400.0 307.64999389648415
X Ve valid 1 0 0 0 0 0 0.0 58770.0 35400.0 613.299987792969
X Ed valid 2 1 0 0 0 0 76.5 58731.75 35400.0 613.299987792969
X Ve valid 1 0 0 0 0 0 0.0 59000.0 35400.0 613.299987792969
X Ed valid 2 1 0 0 0 0 230.0 58885.0 35400.0 613.299987792969
X Ve valid 1 0 0 0 0 0 0.0 59000.0 35400.0 1492.80004882813
X Ed valid 2 1 0 0 0 0 879.500061035156 59000.0 35400.0 1053.0500183105469
X Ve valid 1 0 0 0 0 0 0.0 59000.0 35320.0 1492.80004882813
X Ed valid 2 1 0 0 0 0 80.0 59000.0 35360.0 1492.80004882813
X Ve valid 1 0 0 0 0 0 0.0 59000.0 35319.30078125 1492.80004882813
X Ed valid 2 1 0 0 0 0 0.69921875 59000.0 35319.650390625 1492.8000488281298
X Ve valid 1 0 0 0 0 0 0.0 59000.0 35318.5 1492.80004882813
X Ed valid 2 1 0 0 0 0 0.80078125 59000.0 35318.900390625 1492.80004882813
X Ve valid 1 0 0 0 0 0 0.0 59000.0 35242.3984375 1492.80004882813
X Ed valid 2 1 0 0 0 0 76.1015625 59000.0 35280.44921875 1492.80004882813
X Ve valid 1 0 0 0 0 0 0.0 56400.0 38950.0 6609.39990234375
X Ve valid 1 0 0 0 0 0 0.0 56400.0 38950.0 6519.5
X Ed valid 2 1 0 0 0 0 89.89990234375 56400.0 38950.0 6564.449951171875
X Ve valid 1 0 0 0 0 0 0.0 56400.0 38950.0 6518.7998046875
X Ed valid 2 1 0 0 0 0 0.7001953125 56400.0 38950.0 6519.14990234375
X Ve valid 1 0 0 0 0 0 0.0 56400.0 38950.0 6518.0
X Ed valid 2 1 0 0 0 0 0.7998046875 56400.0 38950.0 6518.39990234375
X Ve valid 1 0 0 0 0 0 0.0 56400.0 38950.0 5144.5
X Ed valid 2 1 0 0 0 0 1373.5 56400.0 38950.0 5831.25
X Ve valid 1 0 0 0 0 0 0.0 56400.0 35300.0 5144.5
X Ed valid 2 1 0 0 0 0 3650.0 56400.0 37125.0 5144.5
X Ve valid 1 0 0 0 0 0 0.0 56400.0 34100.0 5144.5
X Ed valid 2 1 0 0 0 0 1200.0 56400.0 34700.0 5144.5
X Ve valid 1 0 0 0 0 0 0.0 56400.0 33710.0 5144.5
X Ed valid 2 1 0 0 0 0 390.0 56400.0 33905.0 5144.5
X Ve valid 1 0 0 0 0 0 0.0 56400.0 32800.0 5144.5
X Ed valid 2 1 0 0 0 0 910.0 56400.0 33255.0 5144.5
X Ve valid 1 0 0 0 0 0 0.0 56400.0 29200.0 5144.5
X Ed valid 2 1 0 0 0 0 3600.0 56400.0 31000.0 5144.5
X Ve valid 1 0 0 0 0 0 0.0 56400.0 27976.0 5144.5
X Ed valid 2 1 0 0 0 0 1224.0 56400.0 28588.0 5144.5
X Ve valid 1 0 0 0 0 0 0.0 56400.0 26700.0 5144.5
X Ed valid 2 1 0 0 0 0 1276.0 56400.0 27338.0 5144.5
X Ve valid 1 0 0 0 0 0 0.0 56400.0 23065.5 5144.5
X Ed valid 2 1 0 0 0 0 3634.5 56400.0 24882.75 5144.5
X Ve valid 1 0 0 0 0 0 0.0 56400.0 18701.5 5144.5
X Ed valid 2 1 0 0 0 0 4364.0 56400.0 20883.5 5144.5
X Ve valid 1 0 0 0 0 0 0.0 56400.0 18700.0 5144.5
X Ed valid 2 1 0 0 0 0 1.5 56400.0 18700.75 5144.5
X Ve valid 1 0 0 0 0 0 0.0 56400.0 23065.5 5144.5
X Ve valid 1 0 0 0 0 0 0.0 56400.0 23065.5 5279.5
X Ed valid 2 1 0 0 0 0 135.0 56400.0 23065.5 5212.0
X Ve valid 1 0 0 0 0 0 0.0 56400.0 23065.5 5280.2001953125
X Ed valid 2 1 0 0 0 0 0.7001953125 56400.0 23065.5 5279.85009765625
X Ve valid 1 0 0 0 0 0 0.0 56400.0 23065.5 5281.0
X Ed valid 2 1 0 0 0 0 0.7998046875 56400.0 23065.5 5280.60009765625
X Ve valid 1 0 0 0 0 0 0.0 56400.0 23065.5 5730.10009765625
X Ed valid 2 1 0 0 0 0 449.10009765625 56400.0 23065.5 5505.550048828125
X Ve valid 1 0 0 0 0 0 0.0 57000.0 23065.5 5730.10009765625
X Ed valid 2 1 0 0 0 0 600.0 56700.0 23065.5 5730.10009765625
X Ve valid 1 0 0 0 0 0 0.0 57000.0 23065.5 6830.10009765625
X Ed valid 2 1 0 0 0 0 1100.0 57000.0 23065.5 6280.10009765625
X Ve valid 1 0 0 0 0 0 0.0 57650.0 23065.5 6830.10009765625
X Ed valid 2 1 0 0 0 0 650.0 57325.0 23065.5 6830.10009765625
X Ve valid 1 0 0 0 0 0 0.0 57650.0 23065.5 12039.2001953125
X Ed valid 2 1 0 0 0 0 5209.10009765625 57650.0 23065.5 9434.650146484375
X Ve valid 1 0 0 0 0 0 0.0 57650.0 23065.5 3.0
X Ed valid 2 1 0 0 0 0 12036.2001953125 57650.0 23065.5 6021.10009765625
X Ve valid 1 0 0 0 0 0 0.0 57650.0 23065.5 12245.2001953125
X Ed valid 2 1 0 0 0 0 12242.2001953125 57650.0 23065.5 6124.10009765625
X Ve valid 1 0 0 0 0 0 0.0 57650.0 23065.5 12380.2001953125
X Ed valid 2 1 0 0 0 0 135.0 57650.0 23065.5 12312.7001953125
X Ve valid 1 0 0 0 0 0 0.0 57650.0 22898.5 12380.2001953125
X Ed valid 2 1 0 0 0 0 167.0 57650.0 22982.0 12380.2001953125
X Ve valid 1 0 0 0 0 0 0.0 57650.0 22770.0 12380.2001953125
X Ed valid 2 1 0 0 0 0 128.5 57650.0 22834.25 12380.2001953125
X Ve valid 1 0 0 0 0 0 0.0 57650.0 22531.5 12380.2001953125
X Ed valid 2 1 0 0 0 0 238.5 57650.0 22650.75 12380.2001953125
X Ve valid 1 0 0 0 0 0 0.0 57650.0 22420.0 12380.2001953125
X Ed valid 2 1 0 0 0 0 111.5 57650.0 22475.75 12380.2001953125
X Ve valid 1 0 0 0 0 0 0.0 57650.0 22300.0 12380.2001953125
X Ed valid 2 1 0 0 0 0 120.0 57650.0 22360.0 12380.2001953125
X Ve valid 1 0 0 0 0 0 0.0 57650.0 22100.0 12380.2001953125
X Ed valid 2 1 0 0 0 0 200.0 57650.0 22200.0 12380.2001953125
X Ve valid 1 0 0 0 0 0 0.0 57650.0 22100.0 12549.2001953125
X Ed valid 2 1 0 0 0 0 169.0 57650.0 22100.0 12464.7001953125
X Ve valid 1 0 0 0 0 0 0.0 57650.0 22100.0 2.0
X Ed valid 2 1 0 0 0 0 12547.2001953125 57650.0 22100.0 6275.60009765625
X Ve valid 1 0 0 0 0 0 0.0 57650.0 22100.0 12717.2001953125
X Ed valid 2 1 0 0 0 0 12715.2001953125 57650.0 22100.0 6359.60009765625
X Ve valid 1 0 0 0 0 0 0.0 57650.0 22100.0 13908.0
X Ed valid 2 1 0 0 0 0 1190.7998046875 57650.0 22100.0 13312.60009765625
X Ve valid 1 0 0 0 0 0 0.0 57650.0 20300.0 13908.0
X Ed valid 2 1 0 0 0 0 1800.0 57650.0 21200.0 13908.0
X Ve valid 1 0 0 0 0 0 0.0 58780.0 20300.0 13908.0
X Ed valid 2 1 0 0 0 0 1130.0 58215.0 20300.0 13908.0
X Ve valid 1 0 0 0 0 0 0.0 58780.0 20300.0 14073.5
X Ed valid 2 1 0 0 0 0 165.5 58780.0 20300.0 13990.75
X Ve valid 1 0 0 0 0 0 0.0 58780.0 20300.0 14075.0
X Ed valid 2 1 0 0 0 0 1.5 58780.0 20300.0 14074.25
X Ve valid 1 0 0 0 0 0 0.0 57650.0 22034.5 12380.2001953125
X Ve valid 1 0 0 0 0 0 0.0 57650.0 21980.0 12380.2001953125
X Ed valid 2 1 0 0 0 0 54.5 57650.0 22007.25 12380.2001953125
X Ve valid 1 0 0 0 0 0 0.0 57650.0 21978.5 12380.2001953125
X Ed valid 2 1 0 0 0 0 1.5 57650.0 21979.25 12380.2001953125
X Ve valid 1 0 0 0 0 0 0.0 58780.0 20300.0 13908.0
X Ve valid 1 0 0 0 0 0 0.0 58780.0 20300.0 13794.5
X Ed valid 2 1 0 0 0 0 113.5 58780.0 20300.0 13851.25
X Ve valid 1 0 0 0 0 0 0.0 58780.0 20300.0 13725.400390625
X Ed valid 2 1 0 0 0 0 69.099609375 58780.0 20300.0 13759.9501953125
X Ve valid 1 0 0 0 0 0 0.0 58780.0 20300.0 2.0
X Ed valid 2 1 0 0 0 0 13723.400390625 58780.0 20300.0 6863.7001953125
X Ve valid 1 0 0 0 0 0 0.0 58780.0 20300.0 13605.400390625
X Ed valid 2 1 0 0 0 0 13603.400390625 58780.0 20300.0 6803.7001953125
X Ve valid 1 0 0 0 0 0 0.0 58780.0 20300.0 13530.400390625
X Ed valid 2 1 0 0 0 0 75.0 58780.0 20300.0 13567.900390625
X Ve valid 1 0 0 0 0 0 0.0 57650.0 22300.0 12380.2001953125
X Ve valid 1 0 0 0 0 0 0.0 57650.0 22300.0 14316.7001953125
X Ed valid 2 1 0 0 0 0 1936.5 57650.0 22300.0 13348.4501953125
X Ve valid 1 0 0 0 0 0 0.0 57650.0 19605.0 14316.7001953125
X Ed valid 2 1 0 0 0 0 2695.0 57650.0 20952.5 14316.7001953125
X Ve valid 1 0 0 0 0 0 0.0 57650.0 19605.0 14616.7001953125
X Ed valid 2 1 0 0 0 0 300.0 57650.0 19605.0 14466.7001953125
X Ve valid 1 0 0 0 0 0 0.0 59253.0 19605.0 14616.7001953125
X Ed valid 2 1 0 0 0 0 1603.0 58451.5 19605.0 14616.7001953125
X Ve valid 1 0 0 0 0 0 0.0 59253.0 19605.0 16413.0
X Ed valid 2 1 0 0 0 0 1796.2998046875 59253.0 19605.0 15514.85009765625
X Ve valid 1 0 0 0 0 0 0.0 59198.3984375 19755.0 16413.0
X Ed valid 2 1 0 0 0 0 159.628727450423 59225.69921875 19680.0 16413.0
X Ve valid 1 0 0 0 0 0 0.0 59176.1015625 19816.099609375 2.0
X Ed valid 2 1 0 0 0 0 16411.1288859999 59187.25 19785.5498046875 8207.500000000004
X Ve valid 1 0 0 0 0 0 0.0 59153.8984375 19877.099609375 16413.0
X Ed valid 2 1 0 0 0 0 16411.1283883455 59165.0 19846.599609375 8207.499999999996
X Ve valid 1 0 0 0 0 0 0.0 47000.0 43300.0 5209.5
X Ve valid 1 0 0 0 0 0 0.0 53248.5 43300.0 5209.5
X Ed valid 2 1 0 0 0 0 6248.5 50124.25 43300.0 5209.5
X Ve valid 1 0 0 0 0 0 0.0 53250.0 43300.0 5209.5
X Ed valid 2 1 0 0 0 0 1.5 53249.25 43300.0 5209.5
X Ve valid 1 0 0 0 0 0 0.0 53251.5 43300.0 5209.5
X Ed valid 2 1 0 0 0 0 1.5 53250.75 43300.0 5209.5
X Ve valid 1 0 0 0 0 0 0.0 53748.5 43300.0 5209.5
X Ed valid 2 1 0 0 0 0 497.0 53500.0 43300.0 5209.5
X Ve valid 1 0 0 0 0 0 0.0 72800.0 43300.0 5100.0
X Ve valid 1 0 0 0 0 0 0.0 72800.0 43300.0 4961.5
X Ed valid 2 1 0 0 0 0 138.5 72800.0 43300.0 5030.75
X Ve valid 1 0 0 0 0 0 0.0 72800.0 43300.0 2.0
X Ed valid 2 1 0 0 0 0 4959.5 72800.0 43300.0 2481.75
X Ve valid 1 0 0 0 0 0 0.0 72800.0 43300.0 4841.5
X Ed valid 2 1 0 0 0 0 4839.5 72800.0 43300.0 2421.75
X Ve valid 1 0 0 0 0 0 0.0 72800.0 43300.0 4735.0
X Ed valid 2 1 0 0 0 0 106.5 72800.0 43300.0 4788.25
X Ve valid 1 0 0 0 0 0 0.0 53748.5 43300.0 5209.5
X Ve valid 1 0 0 0 0 0 0.0 53751.5 43300.0 5209.5
X Ed valid 2 1 0 0 0 0 3.0 53750.0 43300.0 5209.5
X Ve valid 1 0 0 0 0 0 0.0 58600.0 43300.0 5209.5
X Ed valid 2 1 0 0 0 0 4848.5 56175.75 43300.0 5209.5
X Ve valid 1 0 0 0 0 0 0.0 62200.0 43300.0 5209.5
X Ed valid 2 1 0 0 0 0 3600.0 60400.0 43300.0 5209.5
X Ve valid 1 0 0 0 0 0 0.0 65800.0 43300.0 5209.5
X Ed valid 2 1 0 0 0 0 3600.0 64000.0 43300.0 5209.5
X Ve valid 1 0 0 0 0 0 0.0 69400.0 43300.0 5209.5
X Ed valid 2 1 0 0 0 0 3600.0 67600.0 43300.0 5209.5
X Ve valid 1 0 0 0 0 0 0.0 72800.0 43300.0 5209.5
X Ed valid 2 1 0 0 0 0 3400.0 71100.0 43300.0 5209.5
X Ve valid 1 0 0 0 0 0 0.0 73197.0 43300.0 5209.5
X Ed valid 2 1 0 0 0 0 397.0 72998.5 43300.0 5209.5
X Ve valid 1 0 0 0 0 0 0.0 73200.0 43300.0 5209.5
X Ed valid 2 1 0 0 0 0 3.0 73198.5 43300.0 5209.5
X Ve valid 1 0 0 0 0 0 0.0 65800.0 43300.0 5209.5
X Ve valid 1 0 0 0 0 0 0.0 65800.0 43300.0 4969.5
X Ed valid 2 1 0 0 0 0 240.0 65800.0 43300.0 5089.5
X Ve valid 1 0 0 0 0 0 0.0 65800.0 43300.0 4968.7998046875
X Ed valid 2 1 0 0 0 0 0.7001953125 65800.0 43300.0 4969.14990234375
X Ve valid 1 0 0 0 0 0 0.0 65800.0 43300.0 4968.0
X Ed valid 2 1 0 0 0 0 0.7998046875 65800.0 43300.0 4968.39990234375
X Ve valid 1 0 0 0 0 0 0.0 65800.0 43300.0 4407.10009765625
X Ed valid 2 1 0 0 0 0 560.89990234375 65800.0 43300.0 4687.550048828125
X Ve valid 1 0 0 0 0 0 0.0 65800.0 42340.0 4407.10009765625
X Ed valid 2 1 0 0 0 0 960.0 65800.0 42820.0 4407.10009765625
X Ve valid 1 0 0 0 0 0 0.0 65800.0 42340.0 1833.5
X Ed valid 2 1 0 0 0 0 2573.60009765625 65800.0 42340.0 3120.300048828125
X Ve valid 1 0 0 0 0 0 0.0 65800.0 42340.0 6.0
X Ed valid 2 1 0 0 0 0 1827.5 65800.0 42340.0 919.75
X Ve valid 1 0 0 0 0 0 0.0 65800.0 42340.0 1766.5
X Ed valid 2 1 0 0 0 0 1760.5 65800.0 42340.0 886.25
X Ve valid 1 0 0 0 0 0 0.0 65800.0 42340.0 1561.5
X Ed valid 2 1 0 0 0 0 205.0 65800.0 42340.0 1664.0
X Ve valid 1 0 0 0 0 0 0.0 65800.0 42340.0 1400.0
X Ed valid 2 1 0 0 0 0 161.5 65800.0 42340.0 1480.75
X Ve valid 1 0 0 0 0 0 0.0 65800.0 42340.0 1238.5
X Ed valid 2 1 0 0 0 0 161.5 65800.0 42340.0 1319.25
X Ve valid 1 0 0 0 0 0 0.0 65800.0 42340.0 1027.0
X Ed valid 2 1 0 0 0 0 211.5 65800.0 42340.0 1132.75
X Ve valid 1 0 0 0 0 0 0.0 65800.0 42340.0 777.0
X Ed valid 2 1 0 0 0 0 250.0 65800.0 42340.0 902.0
X Ve valid 1 0 0 0 0 0 0.0 65550.0 42340.0 777.0
X Ed valid 2 1 0 0 0 0 250.0 65675.0 42340.0 777.0
X Ve valid 1 0 0 0 0 0 0.0 65300.0 42340.0 777.0
X Ed valid 2 1 0 0 0 0 250.0 65425.0 42340.0 777.0
X Ve valid 1 0 0 0 0 0 0.0 65300.0 41962.8984375 804.0
X Ed valid 2 1 0 0 0 0 378.066910003959 65300.0 42151.44921875 790.5
X Ve valid 1 0 0 0 0 0 0.0 65300.0 41662.5 804.0
X Ed valid 2 1 0 0 0 0 300.3984375 65300.0 41812.69921875 804.0
X Ve valid 1 0 0 0 0 0 0.0 65616.0 41662.5 804.0
X Ed valid 2 1 0 0 0 0 316.0 65458.0 41662.5 804.0
X Ve valid 1 0 0 0 0 0 0.0 65617.5 41662.5 804.0
X Ed valid 2 1 0 0 0 0 1.5 65616.75 41662.5 804.0
X Ve valid 1 0 0 0 0 0 0.0 65708.296875 42340.0 1061.5
X Ve valid 1 0 0 0 0 0 0.0 65575.6015625 42340.0 1167.5
X Ed valid 2 1 0 0 0 0 169.835349557955 65641.94921875 42340.0 1114.5
X Ve valid 1 0 0 0 0 0 0.0 65574.3984375 42340.0 1168.40002441406
X Ed valid 2 1 0 0 0 0 1.50251579410452 65575.0 42340.0 1167.9500122070312
X Ve valid 1 0 0 0 0 0 0.0 65550.0 42340.0 719.799987792969
X Ve valid 1 0 0 0 0 0 0.0 65550.0 42340.0 632.0
X Ed valid 2 1 0 0 0 0 87.7999877929688 65550.0 42340.0 675.8999938964846
X Ve valid 1 0 0 0 0 0 0.0 65550.0 42340.0 2.0
X Ed valid 2 1 0 0 0 0 630.0 65550.0 42340.0 317.0
X Ve valid 1 0 0 0 0 0 0.0 65550.0 42340.0 512.0
X Ed valid 2 1 0 0 0 0 510.0 65550.0 42340.0 257.0
X Ve valid 1 0 0 0 0 0 0.0 65550.0 42340.0 437.0
X Ed valid 2 1 0 0 0 0 75.0 65550.0 42340.0 474.5
X Ve valid 1 0 0 0 0 0 0.0 58633.8984375 57623.3984375 15279.900390625
X Ve valid 1 0 0 0 0 0 0.0 58645.69921875 57651.8984375 14.0
X Ed valid 2 1 0 0 0 0 15265.9315550975 58639.79882812499 57637.6484375 7646.950195312518
X Ve valid 1 0 0 0 0 0 0.0 58657.80078125 57681.0 15388.0
X Ed valid 2 1 0 0 0 0 15374.0323060918 58651.75 57666.44921875 7700.999999999993
X Ve valid 1 0 0 0 0 0 0.0 58657.3984375 57680.0 15386.2001953125
X Ed valid 2 1 0 0 0 0 2.09789833078513 58657.599609375 57680.5 15387.10009765625
X Ve valid 1 0 0 0 0 0 0.0 58672.30078125 57716.1015625 15453.7001953125
X Ed valid 2 1 0 0 0 0 77.984951523897 58664.849609375 57698.05078125001 15419.9501953125
X Ve valid 1 0 0 0 0 0 0.0 58300.0 59310.0 12775.0
X Ve valid 1 0 0 0 0 0 0.0 58300.0 59310.0 31.0
X Ed valid 2 1 0 0 0 0 12744.0 58300.0 59310.0 6402.999999999999
X Ve valid 1 0 0 0 0 0 0.0 58300.0 59310.0 0.0
X Ed valid 2 1 0 0 0 0 31.0 58300.0 59310.0 15.5
X Ve valid 1 0 0 0 0 0 0.0 58490.0 59500.0 12775.0
X Ve valid 1 0 0 0 0 0 0.0 58490.0 59500.0 12778.2001953125
X Ed valid 2 1 0 0 0 0 3.2001953125 58490.0 59500.0 12776.60009765625
X Ve valid 1 0 0 0 0 0 0.0 58200.0 59350.0 16455.0
X Ve valid 1 0 0 0 0 0 0.0 58200.0 59350.0 16458.19921875
X Ed valid 2 1 0 0 0 0 3.19921875 58200.0 59350.0 16456.599609375
X Ve valid 1 0 0 0 0 0 0.0 58050.0 59500.0 16455.0
X Ve valid 1 0 0 0 0 0 0.0 58050.0 59500.0 31.0
X Ed valid 2 1 0 0 0 0 16424.0 58050.0 59500.0 8243.0
X Ve valid 1 0 0 0 0 0 0.0 58050.0 59500.0 0.0
X Ed valid 2 1 0 0 0 0 31.0 58050.0 59500.0 15.5
X Ve valid 1 0 0 0 0 0 0.0 56362.5 59261.80078125 8941.0
X Ve valid 1 0 0 0 0 0 0.0 56362.5 59261.80078125 8944.2001953125
X Ed valid 2 1 0 0 0 0 3.2001953125 56362.5 59261.80078125 8942.60009765625
X Ve valid 1 0 0 0 0 0 0.0 56524.0 59226.0 8941.0
X Ve valid 1 0 0 0 0 0 0.0 56524.0 59226.0 0.0
X Ed valid 2 1 0 0 0 0 8941.0 56524.0 59226.0 4470.5
X Ve valid 1 0 0 0 0 0 0.0 54320.69921875 53299.6015625 5014.0
X Ve valid 1 0 0 0 0 0 0.0 54320.69921875 53299.6015625 5017.2001953125
X Ed valid 2 1 0 0 0 0 3.2001953125 54320.69921875 53299.6015625 5015.60009765625
X Ve valid 1 0 0 0 0 0 0.0 53889.69921875 52874.6015625 5014.0
X Ve valid 1 0 0 0 0 0 0.0 53889.69921875 52874.6015625 0.0
X Ed valid 2 1 0 0 0 0 5014.0 53889.69921875 52874.6015625 2507.0
X Ve valid 1 0 0 0 0 0 0.0 53799.6015625 53179.30078125 5014.0
X Ve valid 1 0 0 0 0 0 0.0 53799.6015625 53179.30078125 5017.2001953125
X Ed valid 2 1 0 0 0 0 3.2001953125 53799.6015625 53179.30078125 5015.60009765625
X Ve valid 1 0 0 0 0 0 0.0 54000.0 53283.5 1189.80004882813
X Ve valid 1 0 0 0 0 0 0.0 54000.0 53282.8984375 1186.59997558594
X Ed valid 2 1 0 0 0 0 3.25612441358906 54000.0 53283.19921875 1188.2000122070363
X Ve valid 1 0 0 0 0 0 0.0 56000.0 53283.5 1189.80004882813
X Ve valid 1 0 0 0 0 0 0.0 56000.0 53282.8984375 1186.59997558594
X Ed valid 2 1 0 0 0 0 3.25612441358906 56000.0 53283.19921875 1188.2000122070363
X Ve valid 1 0 0 0 0 0 0.0 55799.6015625 53179.30078125 5014.0
X Ve valid 1 0 0 0 0 0 0.0 55799.6015625 53179.30078125 5017.2001953125
X Ed valid 2 1 0 0 0 0 3.2001953125 55799.6015625 53179.30078125 5015.60009765625
X Ve valid 1 0 0 0 0 0 0.0 56520.1015625 53135.80078125 5014.0
X Ve valid 1 0 0 0 0 0 0.0 56520.1015625 53135.80078125 0.0
X Ed valid 2 1 0 0 0 0 5014.0 56520.1015625 53135.80078125 2507.0
X Ve valid 1 0 0 0 0 0 0.0 56320.69921875 53299.6015625 5014.0
X Ve valid 1 0 0 0 0 0 0.0 56320.69921875 53299.6015625 5017.2001953125
X Ed valid 2 1 0 0 0 0 3.2001953125 56320.69921875 53299.6015625 5015.60009765625
X Ve valid 1 0 0 0 0 0 0.0 56326.80078125 56400.0 13335.0
X Ve valid 1 0 0 0 0 0 0.0 56326.80078125 56400.0 13338.2001953125
X Ed valid 2 1 0 0 0 0 3.2001953125 56326.80078125 56400.0 13336.60009765625
X Ve valid 1 0 0 0 0 0 0.0 58889.69921875 52874.6015625 5014.0
X Ve valid 1 0 0 0 0 0 0.0 58889.69921875 52874.6015625 0.0
X Ed valid 2 1 0 0 0 0 5014.0 58889.69921875 52874.6015625 2507.0
X Ve valid 1 0 0 0 0 0 0.0 58799.6015625 53179.30078125 5014.0
X Ve valid 1 0 0 0 0 0 0.0 58799.6015625 53179.30078125 5017.2001953125
X Ed valid 2 1 0 0 0 0 3.2001953125 58799.6015625 53179.30078125 5015.60009765625
X Ve valid 1 0 0 0 0 0 0.0 59320.69921875 53299.6015625 5014.0
X Ve valid 1 0 0 0 0 0 0.0 59320.69921875 53299.6015625 5017.2001953125
X Ed valid 2 1 0 0 0 0 3.2001953125 59320.69921875 53299.6015625 5015.60009765625
X Ve valid 1 0 0 0 0 0 0.0 59000.0 53283.5 1189.80004882813
X Ve valid 1 0 0 0 0 0 0.0 59000.0 53282.8984375 1186.59997558594
X Ed valid 2 1 0 0 0 0 3.25612441358906 59000.0 53283.19921875 1188.2000122070363
X Ve valid 1 0 0 0 0 0 0.0 61320.69921875 53299.6015625 5014.0
X Ve valid 1 0 0 0 0 0 0.0 61320.69921875 53299.6015625 5017.2001953125
X Ed valid 2 1 0 0 0 0 3.2001953125 61320.69921875 53299.6015625 5015.60009765625
X Ve valid 1 0 0 0 0 0 0.0 60799.6015625 53179.30078125 5014.0
X Ve valid 1 0 0 0 0 0 0.0 60799.6015625 53179.30078125 5017.2001953125
X Ed valid 2 1 0 0 0 0 3.2001953125 60799.6015625 53179.30078125 5015.60009765625
X Ve valid 1 0 0 0 0 0 0.0 61000.0 53283.5 1189.80004882813
X Ve valid 1 0 0 0 0 0 0.0 61000.0 53282.8984375 1186.59997558594
X Ed valid 2 1 0 0 0 0 3.25612441358906 61000.0 53283.19921875 1188.2000122070363
X Ve valid 1 0 0 0 0 0 0.0 55000.0 59340.0 15035.0
X Ve valid 1 0 0 0 0 0 0.0 55000.0 59340.0 15031.7998046875
X Ed valid 2 1 0 0 0 0 3.2001953125 55000.0 59340.0 15033.39990234375
X Ve valid 1 0 0 0 0 0 0.0 55399.80078125 59350.0 16968.0
X Ve valid 1 0 0 0 0 0 0.0 55403.0 59350.0 16968.0
X Ed valid 2 1 0 0 0 0 3.19921875 55401.400390625 59350.0 16968.0
X Ve valid 1 0 0 0 0 0 0.0 55259.80078125 59350.0 17108.0
X Ve valid 1 0 0 0 0 0 0.0 55259.80078125 59350.0 17111.19921875
X Ed valid 2 1 0 0 0 0 3.19921875 55259.80078125 59350.0 17109.599609375
X Ve valid 1 0 0 0 0 0 0.0 55271.8984375 59626.80078125 16820.0
X Ve valid 1 0 0 0 0 0 0.0 55271.8984375 59626.80078125 16823.19921875
X Ed valid 2 1 0 0 0 0 3.19921875 55271.8984375 59626.80078125 16821.599609375
X Ve valid 1 0 0 0 0 0 0.0 58200.0 59500.0 15060.0
X Ve valid 1 0 0 0 0 0 0.0 58200.0 59500.0 14.0
X Ed valid 2 1 0 0 0 0 15046.0 58200.0 59500.0 7537.0
X Ve valid 1 0 0 0 0 0 0.0 58200.0 59500.0 14935.2001953125
X Ed valid 2 1 0 0 0 0 14921.2001953125 58200.0 59500.0 7474.60009765625
X Ve valid 1 0 0 0 0 0 0.0 58200.0 59500.0 14937.2998046875
X Ed valid 2 1 0 0 0 0 2.099609375 58200.0 59500.0 14936.25
X Ve valid 1 0 0 0 0 0 0.0 58200.0 59500.0 14859.099609375
X Ed valid 2 1 0 0 0 0 78.2001953125 58200.0 59500.0 14898.19970703125
X Ve valid 1 0 0 0 0 0 0.0 56500.0 59075.0 10905.0
X Ve valid 1 0 0 0 0 0 0.0 56500.0 59131.5 34.0
X Ed valid 2 1 0 0 0 0 10871.1468231277 56500.00000000001 59103.24999999999 5469.500000000013
X Ve valid 1 0 0 0 0 0 0.0 56500.0 59190.1015625 10905.0
X Ed valid 2 1 0 0 0 0 10871.1579485871 56500.0 59160.80078125 5469.5000000000255
X Ve valid 1 0 0 0 0 0 0.0 56500.0 59188.0 10905.0
X Ed valid 2 1 0 0 0 0 2.1015625 56500.0 59189.05078125 10905.0
X Ve valid 1 0 0 0 0 0 0.0 56500.0 59279.1015625 10905.0
X Ed valid 2 1 0 0 0 0 91.1015625 56500.0 59233.55078125 10905.0
X Ve valid 1 0 0 0 0 0 0.0 56500.0 59279.1015625 10800.0
X Ed valid 2 1 0 0 0 0 105.0 56500.0 59279.1015625 10852.5
X Ve valid 1 0 0 0 0 0 0.0 55000.0 59175.0 10962.0
X Ve valid 1 0 0 0 0 0 0.0 55000.0 59231.5 34.0
X Ed valid 2 1 0 0 0 0 10928.1460573146 55000.0 59203.24999999999 5497.999999999985
X Ve valid 1 0 0 0 0 0 0.0 55000.0 59290.1015625 10962.0
X Ed valid 2 1 0 0 0 0 10928.1571247456 54999.99999999999 59260.80078125001 5498.000000000013
X Ve valid 1 0 0 0 0 0 0.0 55000.0 59288.0 10962.0
X Ed valid 2 1 0 0 0 0 2.1015625 55000.0 59289.05078125 10962.0
X Ve valid 1 0 0 0 0 0 0.0 55000.0 59379.1015625 10962.0
X Ed valid 2 1 0 0 0 0 91.1015625 55000.0 59333.55078125 10962.0
X Ve valid 1 0 0 0 0 0 0.0 55000.0 59379.1015625 10800.0
X Ed valid 2 1 0 0 0 0 162.0 55000.0 59379.1015625 10881.0
X Ve valid 1 0 0 0 0 0 0.0 56500.0 59340.0 15035.0
X Ve valid 1 0 0 0 0 0 0.0 56500.0 59340.0 15031.7998046875
X Ed valid 2 1 0 0 0 0 3.2001953125 56500.0 59340.0 15033.39990234375
X Ve valid 1 0 0 0 0 0 0.0 56100.19921875 59350.0 16968.0
X Ve valid 1 0 0 0 0 0 0.0 56097.0 59350.0 16968.0
X Ed valid 2 1 0 0 0 0 3.19921875 56098.599609375 59350.0 16968.0
X Ve valid 1 0 0 0 0 0 0.0 56228.1015625 59626.80078125 16820.0
X Ve valid 1 0 0 0 0 0 0.0 56228.1015625 59626.80078125 16823.19921875
X Ed valid 2 1 0 0 0 0 3.19921875 56228.1015625 59626.80078125 16821.599609375
X Ve valid 1 0 0 0 0 0 0.0 56240.19921875 59350.0 17108.0
X Ve valid 1 0 0 0 0 0 0.0 56240.19921875 59350.0 17111.19921875
X Ed valid 2 1 0 0 0 0 3.19921875 56240.19921875 59350.0 17109.599609375
X Ve valid 1 0 0 0 0 0 0.0 55000.0 56330.0 15949.0
X Ve valid 1 0 0 0 0 0 0.0 55000.0 56325.3984375 15949.0
X Ed valid 2 1 0 0 0 0 4.6015625 55000.0 56327.69921875 15949.0
X Ve valid 1 0 0 0 0 0 0.0 55000.0 56327.5 15949.0
X Ed valid 2 1 0 0 0 0 2.1015625 55000.0 56326.44921875 15949.0
X Ve valid 1 0 0 0 0 0 0.0 55000.0 56235.69921875 15949.0
X Ed valid 2 1 0 0 0 0 91.80078125 55000.0 56281.599609375 15949.0
X Ve valid 1 0 0 0 0 0 0.0 55000.0 56235.69921875 16040.7998046875
X Ed valid 2 1 0 0 0 0 91.7998046875 55000.0 56235.69921875 15994.89990234375
X Ve valid 1 0 0 0 0 0 0.0 55000.0 56235.69921875 16038.7001953125
X Ed valid 2 1 0 0 0 0 2.099609375 55000.0 56235.69921875 16039.75
X Ve valid 1 0 0 0 0 0 0.0 55000.0 56235.69921875 17.0
X Ed valid 2 1 0 0 0 0 16021.7001953125 55000.0 56235.69921875 8027.850097656251
X Ve valid 1 0 0 0 0 0 0.0 55000.0 56235.69921875 0.0
X Ed valid 2 1 0 0 0 0 17.0 55000.0 56235.69921875 8.5
X Ve valid 1 0 0 0 0 0 0.0 58850.0 59100.0 15013.0
X Ve valid 1 0 0 0 0 0 0.0 58850.0 59100.0 31.0
X Ed valid 2 1 0 0 0 0 14982.0 58850.0 59100.0 7522.0
X Ve valid 1 0 0 0 0 0 0.0 58850.0 59100.0 14897.2001953125
X Ed valid 2 1 0 0 0 0 14866.2001953125 58850.0 59100.0 7464.10009765625
X Ve valid 1 0 0 0 0 0 0.0 58850.0 59100.0 14899.2998046875
X Ed valid 2 1 0 0 0 0 2.099609375 58850.0 59100.0 14898.25
X Ve valid 1 0 0 0 0 0 0.0 58850.0 59100.0 14813.0
X Ed valid 2 1 0 0 0 0 86.2998046875 58850.0 59100.0 14856.14990234375
X Ve valid 1 0 0 0 0 0 0.0 58850.0 59100.0 15720.0
X Ve valid 1 0 0 0 0 0 0.0 58850.0 59100.0 31.0
X Ed valid 2 1 0 0 0 0 15689.0 58850.0 59100.0 7875.5
X Ve valid 1 0 0 0 0 0 0.0 58850.0 59100.0 15835.7998046875
X Ed valid 2 1 0 0 0 0 15804.7998046875 58850.0 59100.0 7933.39990234375
X Ve valid 1 0 0 0 0 0 0.0 58850.0 59100.0 15833.7001953125
X Ed valid 2 1 0 0 0 0 2.099609375 58850.0 59100.0 15834.75
X Ve valid 1 0 0 0 0 0 0.0 58850.0 59100.0 15920.0
X Ed valid 2 1 0 0 0 0 86.2998046875 58850.0 59100.0 15876.85009765625
X Ve valid 1 0 0 0 0 0 0.0 59300.0 59175.80078125 15465.0
X Ve valid 1 0 0 0 0 0 0.0 59300.0 59172.6015625 15465.0
X Ed valid 2 1 0 0 0 0 3.19921875 59300.0 59174.201171875 15465.0
X Ve valid 1 0 0 0 0 0 0.0 59400.0 59500.0 16768.0
X Ve valid 1 0 0 0 0 0 0.0 59400.0 59500.0 31.0
X Ed valid 2 1 0 0 0 0 16737.0 59400.0 59500.0 8399.5
X Ve valid 1 0 0 0 0 0 0.0 59400.0 59500.0 0.0
X Ed valid 2 1 0 0 0 0 31.0 59400.0 59500.0 15.5
X Ve valid 1 0 0 0 0 0 0.0 60300.0 59200.0 15663.599609375
X Ve valid 1 0 0 0 0 0 0.0 60300.0 59142.80078125 31.0
X Ed valid 2 1 0 0 0 0 15632.704254148 60300.0 59171.400390625 7847.299804687501
X Ve valid 1 0 0 0 0 0 0.0 60300.0 59084.19921875 15663.599609375
X Ed valid 2 1 0 0 0 0 15632.7094481462 60300.0 59113.5 7847.299804687511
X Ve valid 1 0 0 0 0 0 0.0 60300.0 59086.30078125 15663.599609375
X Ed valid 2 1 0 0 0 0 2.1015625 60300.0 59085.25 15663.599609375
X Ve valid 1 0 0 0 0 0 0.0 60300.0 58994.5 15663.599609375
X Ed valid 2 1 0 0 0 0 91.80078125 60300.0 59040.400390625 15663.599609375
X Ve valid 1 0 0 0 0 0 0.0 60300.0 58994.5 15613.599609375
X Ed valid 2 1 0 0 0 0 50.0 60300.0 58994.5 15638.599609375
X Ve valid 1 0 0 0 0 0 0.0 60430.0 59500.0 16190.599609375
X Ve valid 1 0 0 0 0 0 0.0 60430.0 59500.0 31.0
X Ed valid 2 1 0 0 0 0 16159.599609375 60430.0 59500.0 8110.7998046875
X Ve valid 1 0 0 0 0 0 0.0 60430.0 59500.0 0.0
X Ed valid 2 1 0 0 0 0 31.0 60430.0 59500.0 15.5
X Ve valid 1 0 0 0 0 0 0.0 58366.1015625 57623.3984375 15279.900390625
X Ve valid 1 0 0 0 0 0 0.0 58348.3984375 57665.8984375 14.0
X Ed valid 2 1 0 0 0 0 15265.9698148241 58357.25 57644.6484375 7646.950195312479
X Ve valid 1 0 0 0 0 0 0.0 58330.19921875 57709.8984375 15442.2001953125
X Ed valid 2 1 0 0 0 0 15428.2736713543 58339.298828125 57687.8984375 7728.100097656258
X Ve valid 1 0 0 0 0 0 0.0 58330.69921875 57708.6015625 15439.7998046875
X Ed valid 2 1 0 0 0 0 2.77376277251911 58330.44921875001 57709.25000000001 15441.000000000002
X Ve valid 1 0 0 0 0 0 0.0 58306.5 57767.1015625 15549.400390625
X Ed valid 2 1 0 0 0 0 126.570694182949 58318.599609375 57737.8515625 15494.60009765625
X Ve valid 1 0 0 0 0 0 0.0 58286.5 57815.3984375 15639.900390625
X Ed valid 2 1 0 0 0 0 104.51238268629 58296.5 57791.25 15594.650390625
X Ve valid 1 0 0 0 0 0 0.0 58265.3984375 57866.30078125 15735.2998046875
X Ed valid 2 1 0 0 0 0 110.16974513292199 58275.94921875001 57840.849609375 15687.60009765625
X Ve valid 1 0 0 0 0 0 0.0 58266.0 57864.8984375 15732.7998046875
X Ed valid 2 1 0 0 0 0 2.92889833121095 58265.69921875 57865.599609375 15734.0498046875
X Ve valid 1 0 0 0 0 0 0.0 58264.80078125 57867.8984375 15738.2998046875
X Ed valid 2 1 0 0 0 0 6.37872445010376 58265.400390625 57866.3984375 15735.5498046875
X Ve valid 1 0 0 0 0 0 0.0 58336.1015625 57769.69921875 15554.599609375
X Ve valid 1 0 0 0 0 0 0.0 58451.30078125 57780.3984375 15574.2998046875
X Ed valid 2 1 0 0 0 0 117.360261493494 58393.701171875 57775.048828125 15564.44970703125
X Ve valid 1 0 0 0 0 0 0.0 58449.19921875 57780.19921875 15574.0
X Ed valid 2 1 0 0 0 0 2.13216694993727 58450.25 57780.298828125 15574.149902343748
X Ve valid 1 0 0 0 0 0 0.0 58506.69921875 57785.5 14.0
X Ed valid 2 1 0 0 0 0 15560.1071444988 58477.94921875 57782.849609375 7793.999999999987
X Ve valid 1 0 0 0 0 0 0.0 58564.30078125 57790.80078125 15593.7998046875
X Ed valid 2 1 0 0 0 0 15579.907188183899 58535.5 57788.150390625 7803.89990234374
X Ve valid 1 0 0 0 0 0 0.0 58562.19921875 57790.6015625 15593.400390625
X Ed valid 2 1 0 0 0 0 2.14843772194601 58563.25 57790.701171875 15593.60009765625
X Ve valid 1 0 0 0 0 0 0.0 58624.8984375 57796.30078125 15604.2001953125
X Ed valid 2 1 0 0 0 0 63.8772957122392 58593.548828125 57793.451171875 15598.80029296875
X Ve valid 1 0 0 0 0 0 0.0 60080.80078125 56655.19921875 12435.0
X Ve valid 1 0 0 0 0 0 0.0 60080.80078125 56655.19921875 12438.2001953125
X Ed valid 2 1 0 0 0 0 3.2001953125 60080.80078125 56655.19921875 12436.60009765625
X Ve valid 1 0 0 0 0 0 0.0 59803.0 56465.30078125 12425.0
X Ve valid 1 0 0 0 0 0 0.0 59803.0 56465.30078125 12428.2001953125
X Ed valid 2 1 0 0 0 0 3.2001953125 59803.0 56465.30078125 12426.60009765625
X Ve valid 1 0 0 0 0 0 0.0 57165.0 57200.0 337.0
X Ve valid 1 0 0 0 0 0 0.0 57221.5 57200.0 31.0
X Ed valid 2 1 0 0 0 0 311.172379879706 57193.24999999999 57200.0 183.99999999999994
X Ve valid 1 0 0 0 0 0 0.0 57280.1015625 57200.0 337.0
X Ed valid 2 1 0 0 0 0 311.560817702486 57250.80078125 57200.0 184.00000000000026
X Ve valid 1 0 0 0 0 0 0.0 57278.0 57200.0 337.0
X Ed valid 2 1 0 0 0 0 2.1015625 57279.05078125 57200.0 337.0
X Ve valid 1 0 0 0 0 0 0.0 57369.1015625 57200.0 337.0
X Ed valid 2 1 0 0 0 0 91.1015625 57323.55078125 57200.0 337.0
X Ve valid 1 0 0 0 0 0 0.0 57369.1015625 57200.0 237.0
X Ed valid 2 1 0 0 0 0 100.0 57369.1015625 57200.0 287.0
X Ve valid 1 0 0 0 0 0 0.0 58500.0 58455.0 7035.0
X Ve valid 1 0 0 0 0 0 0.0 58500.0 58511.5 31.0
X Ed valid 2 1 0 0 0 0 7004.227883928389 58500.0 58483.25 3533.0000000000014
X Ve valid 1 0 0 0 0 0 0.0 58500.0 58570.1015625 7035.0
X Ed valid 2 1 0 0 0 0 7004.24515155826 58500.0 58540.80078125 3532.9999999999977
X Ve valid 1 0 0 0 0 0 0.0 58500.0 58568.0 7035.0
X Ed valid 2 1 0 0 0 0 2.1015625 58500.0 58569.05078125 7035.0
X Ve valid 1 0 0 0 0 0 0.0 58500.0 58659.1015625 7035.0
X Ed valid 2 1 0 0 0 0 91.1015625 58500.0 58613.55078125 7035.0
X Ve valid 1 0 0 0 0 0 0.0 58500.0 58659.1015625 6900.0
X Ed valid 2 1 0 0 0 0 135.0 58500.0 58659.1015625 6967.5
X Ve valid 1 0 0 0 0 0 0.0 64951.0 60260.0 16145.0
X Ve valid 1 0 0 0 0 0 0.0 64951.0 60260.0 15991.7998046875
X Ed valid 2 1 0 0 0 0 153.2001953125 64951.0 60260.0 16068.39990234375
X Ve valid 1 0 0 0 0 0 0.0 64951.0 60260.0 15837.2001953125
X Ed valid 2 1 0 0 0 0 154.599609375 64951.0 60260.0 15914.5
X Ve valid 1 0 0 0 0 0 0.0 64951.0 60260.0 15839.2998046875
X Ed valid 2 1 0 0 0 0 2.099609375 64951.0 60260.0 15838.25
X Ve valid 1 0 0 0 0 0 0.0 64951.0 60260.0 15845.0
X Ed valid 2 1 0 0 0 0 5.7001953125 64951.0 60260.0 15842.14990234375
X Ve valid 1 0 0 0 0 0 0.0 55000.0 59100.0 11137.0
X Ve valid 1 0 0 0 0 0 0.0 55000.0 59106.3984375 11137.0
X Ed valid 2 1 0 0 0 0 6.3984375 55000.0 59103.19921875 11137.0
X Ve valid 1 0 0 0 0 0 0.0 55000.0 59103.3984375 11137.0
X Ed valid 2 1 0 0 0 0 3.0 55000.0 59104.8984375 11137.0
X Ve valid 1 0 0 0 0 0 0.0 55000.0 59220.0 11124.2998046875
X Ed valid 2 1 0 0 0 0 117.29117331844299 55000.0 59161.69921875 11130.64990234375
X Ve valid 1 0 0 0 0 0 0.0 55000.0 59370.80078125 11124.2998046875
X Ed valid 2 1 0 0 0 0 150.80078125 55000.0 59295.400390625 11124.2998046875
X Ve valid 1 0 0 0 0 0 0.0 55000.0 59640.80078125 11124.2998046875
X Ed valid 2 1 0 0 0 0 270.0 55000.0 59505.80078125 11124.2998046875
X Ve valid 1 0 0 0 0 0 0.0 55000.0 59900.0 11124.2998046875
X Ed valid 2 1 0 0 0 0 259.19921875 55000.0 59770.400390625 11124.2998046875
X Ve valid 1 0 0 0 0 0 0.0 55000.0 59900.0 12957.2001953125
X Ed valid 2 1 0 0 0 0 1832.900390625 55000.0 59900.0 12040.75
X Ve valid 1 0 0 0 0 0 0.0 55000.0 59370.80078125 11067.099609375
X Ve valid 1 0 0 0 0 0 0.0 55000.0 59370.80078125 10946.7998046875
X Ed valid 2 1 0 0 0 0 120.2998046875 55000.0 59370.80078125 11006.94970703125
X Ve valid 1 0 0 0 0 0 0.0 55000.0 59370.80078125 10948.900390625
X Ed valid 2 1 0 0 0 0 2.1005859375 55000.0 59370.80078125 10947.85009765625
X Ve valid 1 0 0 0 0 0 0.0 55000.0 59370.80078125 34.0
X Ed valid 2 1 0 0 0 0 10914.900390625 55000.0 59370.80078125 5491.450195312499
X Ve valid 1 0 0 0 0 0 0.0 55000.0 59370.80078125 10822.7001953125
X Ed valid 2 1 0 0 0 0 10788.7001953125 55000.0 59370.80078125 5428.35009765625
X Ve valid 1 0 0 0 0 0 0.0 55000.0 59370.80078125 10824.7998046875
X Ed valid 2 1 0 0 0 0 2.099609375 55000.0 59370.80078125 10823.75
X Ve valid 1 0 0 0 0 0 0.0 55000.0 59370.80078125 10742.7001953125
X Ed valid 2 1 0 0 0 0 82.099609375 55000.0 59370.80078125 10783.75
X Ve valid 1 0 0 0 0 0 0.0 55082.1015625 59370.80078125 10742.7001953125
X Ed valid 2 1 0 0 0 0 82.1015625 55041.05078125 59370.80078125 10742.7001953125
X Ve valid 1 0 0 0 0 0 0.0 55080.0 59370.80078125 10742.7001953125
X Ed valid 2 1 0 0 0 0 2.1015625 55081.05078125 59370.80078125 10742.7001953125
X Ve valid 1 0 0 0 0 0 0.0 55084.6015625 59370.80078125 0.0
X Ed valid 2 1 0 0 0 0 10742.7011808364 55082.30078125 59370.80078125 5371.35009765627
X Ve valid 1 0 0 0 0 0 0.0 55000.0 59640.80078125 11124.2998046875
X Ve valid 1 0 0 0 0 0 0.0 54817.3984375 59640.80078125 11124.2998046875
X Ed valid 2 1 0 0 0 0 182.6015625 54908.69921875 59640.80078125 11124.2998046875
X Ve valid 1 0 0 0 0 0 0.0 54820.3984375 59640.80078125 11124.2998046875
X Ed valid 2 1 0 0 0 0 3.0 54818.8984375 59640.80078125 11124.2998046875
X Ve valid 1 0 0 0 0 0 0.0 54699.5 59640.80078125 11124.2998046875
X Ed valid 2 1 0 0 0 0 120.8984375 54759.94921875 59640.80078125 11124.2998046875
X Ve valid 1 0 0 0 0 0 0.0 54581.80078125 59640.80078125 11124.2998046875
X Ed valid 2 1 0 0 0 0 117.69921875 54640.650390625 59640.80078125 11124.2998046875
X Ve valid 1 0 0 0 0 0 0.0 55000.0 59600.0 15030.0
X Ve valid 1 0 0 0 0 0 0.0 55000.0 59600.0 34.0
X Ed valid 2 1 0 0 0 0 14996.0 55000.0 59600.0 7532.0
X Ve valid 1 0 0 0 0 0 0.0 55000.0 59600.0 14791.400390625
X Ed valid 2 1 0 0 0 0 14757.400390625 55000.0 59600.0 7412.7001953125
X Ve valid 1 0 0 0 0 0 0.0 55000.0 59600.0 14794.400390625
X Ed valid 2 1 0 0 0 0 3.0 55000.0 59600.0 14792.900390625
X Ve valid 1 0 0 0 0 0 0.0 55000.0 59600.0 14714.2998046875
X Ed valid 2 1 0 0 0 0 80.1005859375 55000.0 59600.0 14754.35009765625
X Ve valid 1 0 0 0 0 0 0.0 55000.0 59600.0 13357.2001953125
X Ed valid 2 1 0 0 0 0 1357.099609375 55000.0 59600.0 14035.75
X Ve valid 1 0 0 0 0 0 0.0 52500.0 59600.0 13357.2001953125
X Ed valid 2 1 0 0 0 0 2500.0 53750.0 59600.0 13357.2001953125
X Ve valid 1 0 0 0 0 0 0.0 55000.0 59657.1015625 14714.2998046875
X Ve valid 1 0 0 0 0 0 0.0 55000.0 59797.5 14714.2998046875
X Ed valid 2 1 0 0 0 0 140.3984375 55000.0 59727.30078125 14714.2998046875
X Ve valid 1 0 0 0 0 0 0.0 55000.0 59795.3984375 14714.2998046875
X Ed valid 2 1 0 0 0 0 2.1015625 55000.0 59796.44921875 14714.2998046875
X Ve valid 1 0 0 0 0 0 0.0 55000.0 59858.5 34.0
X Ed valid 2 1 0 0 0 0 14680.4354214273 54999.99999999999 59826.94921875 7374.149902343756
X Ve valid 1 0 0 0 0 0 0.0 55000.0 59920.19921875 0.0
X Ed valid 2 1 0 0 0 0 70.4470978420002 55000.0 59889.349609375 17.000000000000018
X Ve valid 1 0 0 0 0 0 0.0 55000.0 56800.0 15164.0
X Ve valid 1 0 0 0 0 0 0.0 55000.0 56800.0 15157.599609375
X Ed valid 2 1 0 0 0 0 6.400390625 55000.0 56800.0 15160.7998046875
X Ve valid 1 0 0 0 0 0 0.0 55000.0 56800.0 15160.599609375
X Ed valid 2 1 0 0 0 0 3.0 55000.0 56800.0 15159.099609375
X Ve valid 1 0 0 0 0 0 0.0 55000.0 56800.0 14980.5
X Ed valid 2 1 0 0 0 0 180.099609375 55000.0 56800.0 15070.5498046875
X Ve valid 1 0 0 0 0 0 0.0 55000.0 56619.8984375 14980.5
X Ed valid 2 1 0 0 0 0 180.1015625 55000.0 56709.94921875 14980.5
X Ve valid 1 0 0 0 0 0 0.0 55000.0 56622.8984375 14980.5
X Ed valid 2 1 0 0 0 0 3.0 55000.0 56621.3984375 14980.5
X Ve valid 1 0 0 0 0 0 0.0 55000.0 56366.5 14980.5
X Ed valid 2 1 0 0 0 0 256.3984375 55000.0 56494.69921875 14980.5
X Ve valid 1 0 0 0 0 0 0.0 55000.0 56011.80078125 34.0
X Ed valid 2 1 0 0 0 0 14950.7081365995 55000.0 56189.150390625 7507.249999999988
X Ve valid 1 0 0 0 0 0 0.0 55000.0 55903.8984375 14980.5
X Ed valid 2 1 0 0 0 0 14946.8894812863 55000.0 55957.849609375 7507.2500000000055
X Ve valid 1 0 0 0 0 0 0.0 55000.0 55906.8984375 14980.5
X Ed valid 2 1 0 0 0 0 3.0 55000.0 55905.3984375 14980.5
X Ve valid 1 0 0 0 0 0 0.0 55000.0 55650.0 14980.5
X Ed valid 2 1 0 0 0 0 256.8984375 55000.0 55778.44921875 14980.5
X Ve valid 1 0 0 0 0 0 0.0 55000.0 55650.0 13344.5
X Ed valid 2 1 0 0 0 0 1636.0 55000.0 55650.0 14162.5
X Ve valid 1 0 0 0 0 0 0.0 52500.0 55650.0 13344.5
X Ed valid 2 1 0 0 0 0 2500.0 53750.0 55650.0 13344.5
X Ve valid 1 0 0 0 0 0 0.0 55000.0 58975.0 11417.0
X Ve valid 1 0 0 0 0 0 0.0 55000.0 58975.0 11423.2001953125
X Ed valid 2 1 0 0 0 0 6.2001953125 55000.0 58975.0 11420.10009765625
X Ve valid 1 0 0 0 0 0 0.0 55000.0 58975.0 11420.400390625
X Ed valid 2 1 0 0 0 0 2.7998046875 55000.0 58975.0 11421.80029296875
X Ve valid 1 0 0 0 0 0 0.0 55000.0 58975.0 11530.7001953125
X Ed valid 2 1 0 0 0 0 110.2998046875 55000.0 58975.0 11475.55029296875
X Ve valid 1 0 0 0 0 0 0.0 55000.0 58975.0 11645.099609375
X Ed valid 2 1 0 0 0 0 114.3994140625 55000.0 58975.0 11587.89990234375
X Ve valid 1 0 0 0 0 0 0.0 55000.0 58975.0 12944.5
X Ed valid 2 1 0 0 0 0 1299.400390625 55000.0 58975.0 12294.7998046875
X Ve valid 1 0 0 0 0 0 0.0 55180.0 56250.0 15664.0
X Ve valid 1 0 0 0 0 0 0.0 55180.0 56096.80078125 15664.0
X Ed valid 2 1 0 0 0 0 153.19921875 55180.0 56173.400390625 15664.0
X Ve valid 1 0 0 0 0 0 0.0 55180.0 55940.3984375 15664.0
X Ed valid 2 1 0 0 0 0 156.40234375 55180.0 56018.599609375 15664.0
X Ve valid 1 0 0 0 0 0 0.0 55180.0 55943.3984375 15664.0
X Ed valid 2 1 0 0 0 0 3.0 55180.0 55941.8984375 15664.0
X Ve valid 1 0 0 0 0 0 0.0 55180.0 55850.0 15664.0
X Ed valid 2 1 0 0 0 0 93.3984375 55180.0 55896.69921875 15664.0
X Ve valid 1 0 0 0 0 0 0.0 55180.0 55650.0 15664.0
X Ed valid 2 1 0 0 0 0 200.0 55180.0 55750.0 15664.0
X Ve valid 1 0 0 0 0 0 0.0 55180.0 55650.0 15844.099609375
X Ed valid 2 1 0 0 0 0 180.099609375 55180.0 55650.0 15754.0498046875
X Ve valid 1 0 0 0 0 0 0.0 55180.0 55650.0 15841.099609375
X Ed valid 2 1 0 0 0 0 3.0 55180.0 55650.0 15842.599609375
X Ve valid 1 0 0 0 0 0 0.0 55180.0 55650.0 16207.5
X Ed valid 2 1 0 0 0 0 366.400390625 55180.0 55650.0 16024.2998046875
X Ve valid 1 0 0 0 0 0 0.0 55180.0 55650.0 16573.900390625
X Ed valid 2 1 0 0 0 0 366.400390625 55180.0 55650.0 16390.7001953125
X Ve valid 1 0 0 0 0 0 0.0 55180.0 55650.0 16570.900390625
X Ed valid 2 1 0 0 0 0 3.0 55180.0 55650.0 16572.400390625
X Ve valid 1 0 0 0 0 0 0.0 55180.0 55650.0 16844.400390625
X Ed valid 2 1 0 0 0 0 273.5 55180.0 55650.0 16707.650390625
X Ve valid 1 0 0 0 0 0 0.0 55180.0 55930.1015625 16844.400390625
X Ed valid 2 1 0 0 0 0 280.1015625 55180.0 55790.05078125 16844.400390625
X Ve valid 1 0 0 0 0 0 0.0 55180.0 55927.1015625 16844.400390625
X Ed valid 2 1 0 0 0 0 3.0 55180.0 55928.6015625 16844.400390625
X Ve valid 1 0 0 0 0 0 0.0 55180.0 56054.0 15.0
X Ed valid 2 1 0 0 0 0 16829.8788088747 55180.0 55990.55078125 8429.700195312487
X Ve valid 1 0 0 0 0 0 0.0 55180.0 56180.8984375 16844.400390625
X Ed valid 2 1 0 0 0 0 16829.8788088747 55180.0 56117.44921875 8429.700195312513
X Ve valid 1 0 0 0 0 0 0.0 55180.0 56177.8984375 16844.400390625
X Ed valid 2 1 0 0 0 0 3.0 55180.0 56179.3984375 16844.400390625
X Ve valid 1 0 0 0 0 0 0.0 55180.0 56324.5 16844.400390625
X Ed valid 2 1 0 0 0 0 146.6015625 55180.0 56251.19921875 16844.400390625
X Ve valid 1 0 0 0 0 0 0.0 55180.0 58410.0 16844.400390625
X Ed valid 2 1 0 0 0 0 2085.5 55180.0 57367.25 16844.400390625
X Ve valid 1 0 0 0 0 0 0.0 55403.8984375 58633.80078125 16844.400390625
X Ed valid 2 1 0 0 0 0 316.571161041324 55291.94921875 58521.90039062499 16844.400390625
X Ve valid 1 0 0 0 0 0 0.0 55403.8984375 58633.80078125 16300.0
X Ed valid 2 1 0 0 0 0 544.400390625 55403.8984375 58633.80078125 16572.2001953125
X Ve valid 1 0 0 0 0 0 0.0 55325.69921875 58801.6015625 16300.0
X Ed valid 2 1 0 0 0 0 185.12757763558798 55364.798828125 58717.70117187501 16300.0
X Ve valid 1 0 0 0 0 0 0.0 55326.8984375 58798.8984375 16300.0
X Ed valid 2 1 0 0 0 0 2.95719637088519 55326.298828125 58800.24999999999 16300.0
X Ve valid 1 0 0 0 0 0 0.0 55281.30078125 58896.69921875 34.0
X Ed valid 2 1 0 0 0 0 16266.357924842 55304.099609375 58847.798828125 8166.999999999976
X Ve valid 1 0 0 0 0 0 0.0 55237.1015625 58991.6015625 16300.0
X Ed valid 2 1 0 0 0 0 16266.3368963571 55259.201171875 58944.150390625 8167.000000000015
X Ve valid 1 0 0 0 0 0 0.0 55180.0 56324.5 16800.0
X Ve valid 1 0 0 0 0 0 0.0 55180.0 56324.5 16673.80078125
X Ed valid 2 1 0 0 0 0 126.19921875 55180.0 56324.5 16736.900390625
X Ve valid 1 0 0 0 0 0 0.0 55180.0 56324.5 16675.80078125
X Ed valid 2 1 0 0 0 0 2.0 55180.0 56324.5 16674.80078125
X Ve valid 1 0 0 0 0 0 0.0 55180.0 56324.5 34.0
X Ed valid 2 1 0 0 0 0 16641.80078125 55180.0 56324.5 8354.900390625
X Ve valid 1 0 0 0 0 0 0.0 55180.0 56324.5 1.0
X Ed valid 2 1 0 0 0 0 33.0 55180.0 56324.5 17.5
X Ve valid 1 0 0 0 0 0 0.0 55180.0 55884.5 15743.0
X Ve valid 1 0 0 0 0 0 0.0 55180.0 55989.69921875 15848.099609375
X Ed valid 2 1 0 0 0 0 148.70374412363603 55180.00000000001 55937.099609375 15795.5498046875
X Ve valid 1 0 0 0 0 0 0.0 55180.0 55988.19921875 15846.599609375
X Ed valid 2 1 0 0 0 0 2.12132034355964 55180.0 55988.94921875 15847.349609374998
X Ve valid 1 0 0 0 0 0 0.0 55180.0 55991.3984375 15849.900390625
X Ed valid 2 1 0 0 0 0 4.5967551023198 55180.0 55989.798828125 15848.25
X Ve valid 1 0 0 0 0 0 0.0 54955.6015625 58975.0 11645.099609375
X Ve valid 1 0 0 0 0 0 0.0 54739.19921875 58975.0 11645.099609375
X Ed valid 2 1 0 0 0 0 216.40234375 54847.400390625 58975.0 11645.099609375
X Ve valid 1 0 0 0 0 0 0.0 54680.0 58975.0 11645.099609375
X Ed valid 2 1 0 0 0 0 59.19921875 54709.599609375 58975.0 11645.099609375
X Ve valid 1 0 0 0 0 0 0.0 54530.0 58975.0 11645.099609375
X Ed valid 2 1 0 0 0 0 150.0 54605.0 58975.0 11645.099609375
X Ve valid 1 0 0 0 0 0 0.0 54530.0 59057.30078125 11645.099609375
X Ed valid 2 1 0 0 0 0 82.30078125 54530.0 59016.150390625 11645.099609375
X Ve valid 1 0 0 0 0 0 0.0 54530.0 59055.19921875 11645.099609375
X Ed valid 2 1 0 0 0 0 2.1015625 54530.0 59056.25 11645.099609375
X Ve valid 1 0 0 0 0 0 0.0 54530.0 59151.80078125 11645.099609375
X Ed valid 2 1 0 0 0 0 96.6015625 54530.0 59103.5 11645.099609375
X Ve valid 1 0 0 0 0 0 0.0 54530.0 59248.3984375 11645.099609375
X Ed valid 2 1 0 0 0 0 96.59765625 54530.0 59200.099609375 11645.099609375
X Ve valid 1 0 0 0 0 0 0.0 54530.0 59246.30078125 11645.099609375
X Ed valid 2 1 0 0 0 0 2.09765625 54530.0 59247.349609375 11645.099609375
X Ve valid 1 0 0 0 0 0 0.0 54530.0 59500.0 11645.099609375
X Ed valid 2 1 0 0 0 0 253.69921875 54530.0 59373.150390625 11645.099609375
X Ve valid 1 0 0 0 0 0 0.0 54530.0 59500.0 13313.2998046875
X Ed valid 2 1 0 0 0 0 1668.2001953125 54530.0 59500.0 12479.19970703125
X Ve valid 1 0 0 0 0 0 0.0 57050.0 59500.0 13313.2998046875
X Ed valid 2 1 0 0 0 0 2520.0 55790.0 59500.0 13313.2998046875
X Ve valid 1 0 0 0 0 0 0.0 57050.0 59500.0 13613.2998046875
X Ed valid 2 1 0 0 0 0 300.0 57050.0 59500.0 13463.2998046875
X Ve valid 1 0 0 0 0 0 0.0 57050.0 59373.19921875 13613.2998046875
X Ed valid 2 1 0 0 0 0 126.80078125 57050.0 59436.599609375 13613.2998046875
X Ve valid 1 0 0 0 0 0 0.0 57050.0 59373.19921875 17065.80078125
X Ed valid 2 1 0 0 0 0 3452.5009765625 57050.0 59373.19921875 15339.55029296875
X Ve valid 1 0 0 0 0 0 0.0 56771.8984375 59373.19921875 17065.80078125
X Ed valid 2 1 0 0 0 0 278.1015625 56910.94921875 59373.19921875 17065.80078125
X Ve valid 1 0 0 0 0 0 0.0 56771.8984375 59373.19921875 16983.69921875
X Ed valid 2 1 0 0 0 0 82.1015625 56771.8984375 59373.19921875 17024.75
X Ve valid 1 0 0 0 0 0 0.0 56771.8984375 59373.19921875 16985.80078125
X Ed valid 2 1 0 0 0 0 2.1015625 56771.8984375 59373.19921875 16984.75
X Ve valid 1 0 0 0 0 0 0.0 56771.8984375 59373.19921875 17.0
X Ed valid 2 1 0 0 0 0 16968.80078125 56771.8984375 59373.19921875 8501.400390625
X Ve valid 1 0 0 0 0 0 0.0 56771.8984375 59373.19921875 16861.0
X Ed valid 2 1 0 0 0 0 16844.0 56771.8984375 59373.19921875 8439.0
X Ve valid 1 0 0 0 0 0 0.0 54680.0 58975.0 11645.099609375
X Ve valid 1 0 0 0 0 0 0.0 54680.0 58892.69921875 11645.099609375
X Ed valid 2 1 0 0 0 0 82.30078125 54680.0 58933.849609375 11645.099609375
X Ve valid 1 0 0 0 0 0 0.0 54680.0 58894.80078125 11645.099609375
X Ed valid 2 1 0 0 0 0 2.1015625 54680.0 58893.75 11645.099609375
X Ve valid 1 0 0 0 0 0 0.0 54680.0 58831.69921875 17.0
X Ed valid 2 1 0 0 0 0 11628.270822987299 54680.0 58863.25 5831.049804687484
X Ve valid 1 0 0 0 0 0 0.0 54680.0 58768.6015625 11645.099609375
X Ed valid 2 1 0 0 0 0 11628.2708017904 54679.99999999999 58800.15039062501 5831.049804687497
X Ve valid 1 0 0 0 0 0 0.0 54680.0 58770.69921875 11645.099609375
X Ed valid 2 1 0 0 0 0 2.09765625 54680.0 58769.650390625 11645.099609375
X Ve valid 1 0 0 0 0 0 0.0 54680.0 58688.6015625 11645.099609375
X Ed valid 2 1 0 0 0 0 82.09765625 54680.0 58729.650390625 11645.099609375
X Ve valid 1 0 0 0 0 0 0.0 54680.0 58688.6015625 11595.099609375
X Ed valid 2 1 0 0 0 0 50.0 54680.0 58688.6015625 11620.099609375
X Ve valid 1 0 0 0 0 0 0.0 54739.19921875 58975.0 11645.099609375
X Ve valid 1 0 0 0 0 0 0.0 54739.19921875 58975.0 11727.400390625
X Ed valid 2 1 0 0 0 0 82.30078125 54739.19921875 58975.0 11686.25
X Ve valid 1 0 0 0 0 0 0.0 54739.19921875 58975.0 11725.2998046875
X Ed valid 2 1 0 0 0 0 2.1005859375 54739.19921875 58975.0 11726.35009765625
X Ve valid 1 0 0 0 0 0 0.0 54739.19921875 58975.0 17.0
X Ed valid 2 1 0 0 0 0 11708.2998046875 54739.19921875 58975.0 5871.14990234375
X Ve valid 1 0 0 0 0 0 0.0 54739.19921875 58975.0 11841.099609375
X Ed valid 2 1 0 0 0 0 11824.099609375 54739.19921875 58975.0 5929.0498046875
X Ve valid 1 0 0 0 0 0 0.0 56500.0 59600.0 15030.0
X Ve valid 1 0 0 0 0 0 0.0 56500.0 59600.0 34.0
X Ed valid 2 1 0 0 0 0 14996.0 56500.0 59600.0 7532.0
X Ve valid 1 0 0 0 0 0 0.0 56500.0 59600.0 14791.400390625
X Ed valid 2 1 0 0 0 0 14757.400390625 56500.0 59600.0 7412.7001953125
X Ve valid 1 0 0 0 0 0 0.0 56500.0 59600.0 14794.400390625
X Ed valid 2 1 0 0 0 0 3.0 56500.0 59600.0 14792.900390625
X Ve valid 1 0 0 0 0 0 0.0 56500.0 59600.0 14714.2998046875
X Ed valid 2 1 0 0 0 0 80.1005859375 56500.0 59600.0 14754.35009765625
X Ve valid 1 0 0 0 0 0 0.0 56500.0 59600.0 13357.2001953125
X Ed valid 2 1 0 0 0 0 1357.099609375 56500.0 59600.0 14035.75
X Ve valid 1 0 0 0 0 0 0.0 56500.0 59657.1015625 14714.2998046875
X Ve valid 1 0 0 0 0 0 0.0 56500.0 59797.5 14714.2998046875
X Ed valid 2 1 0 0 0 0 140.3984375 56500.0 59727.30078125 14714.2998046875
X Ve valid 1 0 0 0 0 0 0.0 56500.0 59795.3984375 14714.2998046875
X Ed valid 2 1 0 0 0 0 2.1015625 56500.0 59796.44921875 14714.2998046875
X Ve valid 1 0 0 0 0 0 0.0 56500.0 59858.5 34.0
X Ed valid 2 1 0 0 0 0 14680.4354214273 56500.0 59826.94921875 7374.149902343756
X Ve valid 1 0 0 0 0 0 0.0 56500.0 59920.19921875 0.0
X Ed valid 2 1 0 0 0 0 70.4470978420002 56500.0 59889.349609375 17.000000000000018
X Ve valid 1 0 0 0 0 0 0.0 56500.0 56400.0 15348.0
X Ve valid 1 0 0 0 0 0 0.0 56500.0 56393.80078125 15348.0
X Ed valid 2 1 0 0 0 0 6.19921875 56500.0 56396.900390625 15348.0
X Ve valid 1 0 0 0 0 0 0.0 56500.0 56396.6015625 15348.0
X Ed valid 2 1 0 0 0 0 2.80078125 56500.0 56395.201171875 15348.0
X Ve valid 1 0 0 0 0 0 0.0 56500.0 56292.69921875 15348.0
X Ed valid 2 1 0 0 0 0 103.90234375 56500.0 56344.650390625 15348.0
X Ve valid 1 0 0 0 0 0 0.0 56500.0 56200.8984375 15342.0
X Ed valid 2 1 0 0 0 0 91.9966490591388 56499.99999999999 56246.798828125 15345.0
X Ve valid 1 0 0 0 0 0 0.0 56500.0 56203.69921875 15342.0
X Ed valid 2 1 0 0 0 0 2.80078125 56500.0 56202.298828125 15342.0
X Ve valid 1 0 0 0 0 0 0.0 56500.0 56048.3984375 15342.0
X Ed valid 2 1 0 0 0 0 155.30078125 56500.0 56126.048828125 15342.0
X Ve valid 1 0 0 0 0 0 0.0 56500.0 55893.1015625 15342.0
X Ed valid 2 1 0 0 0 0 155.296875 56500.0 55970.75 15342.0
X Ve valid 1 0 0 0 0 0 0.0 56500.0 55895.8984375 15342.0
X Ed valid 2 1 0 0 0 0 2.796875 56500.0 55894.5 15342.0
X Ve valid 1 0 0 0 0 0 0.0 56500.0 55700.0 15342.0
X Ed valid 2 1 0 0 0 0 195.8984375 56500.0 55797.94921875 15342.0
X Ve valid 1 0 0 0 0 0 0.0 56500.0 55700.0 15445.7001953125
X Ed valid 2 1 0 0 0 0 103.7001953125 56500.0 55700.0 15393.85009765625
X Ve valid 1 0 0 0 0 0 0.0 56500.0 55700.0 15590.099609375
X Ed valid 2 1 0 0 0 0 144.3994140625 56500.0 55700.0 15517.89990234375
X Ve valid 1 0 0 0 0 0 0.0 56500.0 55700.0 15734.599609375
X Ed valid 2 1 0 0 0 0 144.5 56500.0 55700.0 15662.349609375
X Ve valid 1 0 0 0 0 0 0.0 56500.0 55700.0 15832.7001953125
X Ed valid 2 1 0 0 0 0 98.1005859375 56500.0 55700.0 15783.64990234375
X Ve valid 1 0 0 0 0 0 0.0 56500.0 55700.0 15829.900390625
X Ed valid 2 1 0 0 0 0 2.7998046875 56500.0 55700.0 15831.30029296875
X Ve valid 1 0 0 0 0 0 0.0 56500.0 55700.0 16120.2001953125
X Ed valid 2 1 0 0 0 0 290.2998046875 56500.0 55700.0 15975.05029296875
X Ve valid 1 0 0 0 0 0 0.0 56500.0 55700.0 16410.5
X Ed valid 2 1 0 0 0 0 290.2998046875 56500.0 55700.0 16265.35009765625
X Ve valid 1 0 0 0 0 0 0.0 56500.0 55700.0 16407.69921875
X Ed valid 2 1 0 0 0 0 2.80078125 56500.0 55700.0 16409.099609375
X Ve valid 1 0 0 0 0 0 0.0 56500.0 55700.0 16824.19921875
X Ed valid 2 1 0 0 0 0 416.5 56500.0 55700.0 16615.94921875
X Ve valid 1 0 0 0 0 0 0.0 56100.0 55700.0 16824.19921875
X Ed valid 2 1 0 0 0 0 400.0 56300.0 55700.0 16824.19921875
X Ve valid 1 0 0 0 0 0 0.0 56100.0 55810.8984375 16824.19921875
X Ed valid 2 1 0 0 0 0 110.8984375 56100.0 55755.44921875 16824.19921875
X Ve valid 1 0 0 0 0 0 0.0 56100.0 55808.1015625 16824.19921875
X Ed valid 2 1 0 0 0 0 2.796875 56100.0 55809.5 16824.19921875
X Ve valid 1 0 0 0 0 0 0.0 56100.0 55895.8984375 15.0
X Ed valid 2 1 0 0 0 0 16809.428505064796 56100.00000000001 55852.0 8419.599609375007
X Ve valid 1 0 0 0 0 0 0.0 56100.0 55983.69921875 16824.19921875
X Ed valid 2 1 0 0 0 0 16809.4285254679 56100.0 55939.798828125 8419.599609375004
X Ve valid 1 0 0 0 0 0 0.0 56100.0 55980.8984375 16824.19921875
X Ed valid 2 1 0 0 0 0 2.80078125 56100.0 55982.298828125 16824.19921875
X Ve valid 1 0 0 0 0 0 0.0 56100.0 56091.80078125 16824.19921875
X Ed valid 2 1 0 0 0 0 110.90234375 56100.0 56036.349609375 16824.19921875
X Ve valid 1 0 0 0 0 0 0.0 56100.0 58642.19921875 16824.19921875
X Ed valid 2 1 0 0 0 0 2550.3984375 56100.0 57367.0 16824.19921875
X Ve valid 1 0 0 0 0 0 0.0 56100.0 58642.19921875 16300.0
X Ed valid 2 1 0 0 0 0 524.19921875 56100.0 58642.19921875 16562.099609375
X Ve valid 1 0 0 0 0 0 0.0 56192.8984375 58841.3984375 16300.0
X Ed valid 2 1 0 0 0 0 219.79637949828 56146.44921875 58741.798828125 16300.0
X Ve valid 1 0 0 0 0 0 0.0 56191.69921875 58838.80078125 16300.0
X Ed valid 2 1 0 0 0 0 2.86110880665445 56192.298828125 58840.099609375 16300.0
X Ve valid 1 0 0 0 0 0 0.0 56228.80078125 58918.3984375 34.0
X Ed valid 2 1 0 0 0 0 16266.2370667841 56210.25 58878.599609375 8166.999999999989
X Ve valid 1 0 0 0 0 0 0.0 56265.0 58996.1015625 16300.0
X Ed valid 2 1 0 0 0 0 16266.2258732342 56246.900390625 58957.25 8167.000000000013
X Ve valid 1 0 0 0 0 0 0.0 56579.0 55700.0 15624.599609375
X Ve valid 1 0 0 0 0 0 0.0 56684.1015625 55700.0 15729.7998046875
X Ed valid 2 1 0 0 0 0 148.70581539983397 56631.55078125001 55700.00000000001 15677.199707031252
X Ve valid 1 0 0 0 0 0 0.0 56682.6015625 55700.0 15728.2998046875
X Ed valid 2 1 0 0 0 0 2.12132034355964 56683.3515625 55700.0 15729.049804687502
X Ve valid 1 0 0 0 0 0 0.0 56685.8984375 55700.0 15731.5
X Ed valid 2 1 0 0 0 0 4.5946310846217 56684.25 55700.0 15729.89990234375
X Ve valid 1 0 0 0 0 0 0.0 56100.0 56091.80078125 16824.19921875
X Ve valid 1 0 0 0 0 0 0.0 56100.0 56091.80078125 16713.30078125
X Ed valid 2 1 0 0 0 0 110.8984375 56100.0 56091.80078125 16768.75
X Ve valid 1 0 0 0 0 0 0.0 56100.0 56091.80078125 16715.30078125
X Ed valid 2 1 0 0 0 0 2.0 56100.0 56091.80078125 16714.30078125
X Ve valid 1 0 0 0 0 0 0.0 56100.0 56091.80078125 34.0
X Ed valid 2 1 0 0 0 0 16681.30078125 56100.0 56091.80078125 8374.650390625
X Ve valid 1 0 0 0 0 0 0.0 56100.0 56091.80078125 1.0
X Ed valid 2 1 0 0 0 0 33.0 56100.0 56091.80078125 17.5
X Ve valid 1 0 0 0 0 0 0.0 56500.0 58875.0 11448.400390625
X Ve valid 1 0 0 0 0 0 0.0 56255.1015625 58875.0 11448.400390625
X Ed valid 2 1 0 0 0 0 244.8984375 56377.55078125 58875.0 11448.400390625
X Ve valid 1 0 0 0 0 0 0.0 56195.8984375 58875.0 11448.400390625
X Ed valid 2 1 0 0 0 0 59.203125 56225.5 58875.0 11448.400390625
X Ve valid 1 0 0 0 0 0 0.0 56000.0 58875.0 11448.400390625
X Ed valid 2 1 0 0 0 0 195.8984375 56097.94921875 58875.0 11448.400390625
X Ve valid 1 0 0 0 0 0 0.0 56000.0 58957.1015625 11448.400390625
X Ed valid 2 1 0 0 0 0 82.1015625 56000.0 58916.05078125 11448.400390625
X Ve valid 1 0 0 0 0 0 0.0 56000.0 58955.0 11448.400390625
X Ed valid 2 1 0 0 0 0 2.1015625 56000.0 58956.05078125 11448.400390625
X Ve valid 1 0 0 0 0 0 0.0 56000.0 59051.6015625 11448.400390625
X Ed valid 2 1 0 0 0 0 96.6015625 56000.0 59003.30078125 11448.400390625
X Ve valid 1 0 0 0 0 0 0.0 56000.0 59148.19921875 11448.400390625
X Ed valid 2 1 0 0 0 0 96.59765625 56000.0 59099.900390625 11448.400390625
X Ve valid 1 0 0 0 0 0 0.0 56000.0 59146.1015625 11448.400390625
X Ed valid 2 1 0 0 0 0 2.09765625 56000.0 59147.150390625 11448.400390625
X Ve valid 1 0 0 0 0 0 0.0 56000.0 59350.0 11448.400390625
X Ed valid 2 1 0 0 0 0 203.8984375 56000.0 59248.05078125 11448.400390625
X Ve valid 1 0 0 0 0 0 0.0 56000.0 59350.0 9513.2998046875
X Ed valid 2 1 0 0 0 0 1935.1005859375 56000.0 59350.0 10480.85009765625
X Ve valid 1 0 0 0 0 0 0.0 56195.8984375 58875.0 11448.400390625
X Ve valid 1 0 0 0 0 0 0.0 56195.8984375 58792.69921875 11448.400390625
X Ed valid 2 1 0 0 0 0 82.30078125 56195.8984375 58833.849609375 11448.400390625
X Ve valid 1 0 0 0 0 0 0.0 56195.8984375 58794.80078125 11448.400390625
X Ed valid 2 1 0 0 0 0 2.1015625 56195.8984375 58793.75 11448.400390625
X Ve valid 1 0 0 0 0 0 0.0 56195.8984375 58731.69921875 34.0
X Ed valid 2 1 0 0 0 0 11414.5748096322 56195.8984375 58763.25 5741.200195312502
X Ve valid 1 0 0 0 0 0 0.0 56195.8984375 58668.6015625 11448.400390625
X Ed valid 2 1 0 0 0 0 11414.5747880385 56195.89843749999 58700.150390625 5741.200195312495
X Ve valid 1 0 0 0 0 0 0.0 56195.8984375 58670.69921875 11448.400390625
X Ed valid 2 1 0 0 0 0 2.09765625 56195.8984375 58669.650390625 11448.400390625
X Ve valid 1 0 0 0 0 0 0.0 56195.8984375 58588.6015625 11448.400390625
X Ed valid 2 1 0 0 0 0 82.09765625 56195.8984375 58629.650390625 11448.400390625
X Ve valid 1 0 0 0 0 0 0.0 56195.8984375 58588.6015625 11398.400390625
X Ed valid 2 1 0 0 0 0 50.0 56195.8984375 58588.6015625 11423.400390625
X Ve valid 1 0 0 0 0 0 0.0 56255.1015625 58875.0 11448.400390625
X Ve valid 1 0 0 0 0 0 0.0 56255.1015625 58875.0 11530.7001953125
X Ed valid 2 1 0 0 0 0 82.2998046875 56255.1015625 58875.0 11489.55029296875
X Ve valid 1 0 0 0 0 0 0.0 56255.1015625 58875.0 11528.599609375
X Ed valid 2 1 0 0 0 0 2.1005859375 56255.1015625 58875.0 11529.64990234375
X Ve valid 1 0 0 0 0 0 0.0 56255.1015625 58875.0 34.0
X Ed valid 2 1 0 0 0 0 11494.599609375 56255.1015625 58875.0 5781.299804687501
X Ve valid 1 0 0 0 0 0 0.0 56255.1015625 58875.0 11644.400390625
X Ed valid 2 1 0 0 0 0 11610.400390625 56255.1015625 58875.0 5839.2001953125
X Ve valid 1 0 0 0 0 0 0.0 56657.69921875 59725.30078125 8941.0
X Ve valid 1 0 0 0 0 0 0.0 56657.69921875 59725.30078125 8945.599609375
X Ed valid 2 1 0 0 0 0 4.599609375 56657.69921875 59725.30078125 8943.2998046875
X Ve valid 1 0 0 0 0 0 0.0 56657.69921875 59725.30078125 8943.5
X Ed valid 2 1 0 0 0 0 2.099609375 56657.69921875 59725.30078125 8944.5498046875
X Ve valid 1 0 0 0 0 0 0.0 56657.69921875 59725.30078125 9024.599609375
X Ed valid 2 1 0 0 0 0 81.099609375 56657.69921875 59725.30078125 8984.0498046875
X Ve valid 1 0 0 0 0 0 0.0 56657.69921875 59840.5 9024.599609375
X Ed valid 2 1 0 0 0 0 115.19921875 56657.69921875 59782.900390625 9024.599609375
X Ve valid 1 0 0 0 0 0 0.0 56657.69921875 59838.3984375 9024.599609375
X Ed valid 2 1 0 0 0 0 2.1015625 56657.69921875 59839.44921875 9024.599609375
X Ve valid 1 0 0 0 0 0 0.0 56657.69921875 59901.5 9024.599609375
X Ed valid 2 1 0 0 0 0 63.1015625 56657.69921875 59869.94921875 9024.599609375
X Ve valid 1 0 0 0 0 0 0.0 56657.69921875 59964.6015625 9024.599609375
X Ed valid 2 1 0 0 0 0 63.1015625 56657.69921875 59933.05078125 9024.599609375
X Ve valid 1 0 0 0 0 0 0.0 56657.69921875 59962.5 9024.599609375
X Ed valid 2 1 0 0 0 0 2.1015625 56657.69921875 59963.55078125 9024.599609375
X Ve valid 1 0 0 0 0 0 0.0 56657.69921875 60258.3984375 9024.599609375
X Ed valid 2 1 0 0 0 0 295.8984375 56657.69921875 60110.44921875 9024.599609375
X Ve valid 1 0 0 0 0 0 0.0 56500.0 59500.0 7335.0
X Ve valid 1 0 0 0 0 0 0.0 56500.0 59500.0 7328.60009765625
X Ed valid 2 1 0 0 0 0 6.39990234375 56500.0 59500.0 7331.800048828125
X Ve valid 1 0 0 0 0 0 0.0 56500.0 59500.0 7331.60009765625
X Ed valid 2 1 0 0 0 0 3.0 56500.0 59500.0 7330.10009765625
X Ve valid 1 0 0 0 0 0 0.0 56500.0 59500.0 7144.7998046875
X Ed valid 2 1 0 0 0 0 186.80029296875 56500.0 59500.0 7238.199951171875
X Ve valid 1 0 0 0 0 0 0.0 56500.0 59347.5 7144.7998046875
X Ed valid 2 1 0 0 0 0 152.5 56500.0 59423.75 7144.7998046875
X Ve valid 1 0 0 0 0 0 0.0 56500.0 59350.5 7144.7998046875
X Ed valid 2 1 0 0 0 0 3.0 56500.0 59349.0 7144.7998046875
X Ve valid 1 0 0 0 0 0 0.0 56500.0 59344.1015625 7144.7998046875
X Ed valid 2 1 0 0 0 0 6.3984375 56500.0 59347.30078125 7144.7998046875
X Ve valid 1 0 0 0 0 0 0.0 56500.0 59240.19921875 7117.0
X Ed valid 2 1 0 0 0 0 107.557083343712 56499.99999999999 59292.150390625 7130.89990234375
X Ve valid 1 0 0 0 0 0 0.0 56500.0 59243.0 7117.0
X Ed valid 2 1 0 0 0 0 2.80078125 56500.0 59241.599609375 7117.0
X Ve valid 1 0 0 0 0 0 0.0 56500.0 59174.19921875 31.0
X Ed valid 2 1 0 0 0 0 7086.33399914939 56500.0 59208.599609375 3574.0000000000005
X Ve valid 1 0 0 0 0 0 0.0 56500.0 59105.3984375 7117.0
X Ed valid 2 1 0 0 0 0 7086.33399914939 56500.0 59139.79882812501 3574.0000000000005
X Ve valid 1 0 0 0 0 0 0.0 56500.0 59108.19921875 7117.0
X Ed valid 2 1 0 0 0 0 2.80078125 56500.0 59106.798828125 7117.0
X Ve valid 1 0 0 0 0 0 0.0 56500.0 59017.3984375 7117.0
X Ed valid 2 1 0 0 0 0 90.80078125 56500.0 59062.798828125 7117.0
X Ve valid 1 0 0 0 0 0 0.0 56500.0 58781.3984375 7117.0
X Ed valid 2 1 0 0 0 0 236.0 56500.0 58899.3984375 7117.0
X Ve valid 1 0 0 0 0 0 0.0 56500.0 58784.19921875 7117.0
X Ed valid 2 1 0 0 0 0 2.80078125 56500.0 58782.798828125 7117.0
X Ve valid 1 0 0 0 0 0 0.0 56500.0 58661.3984375 7117.0
X Ed valid 2 1 0 0 0 0 122.80078125 56500.0 58722.798828125 7117.0
X Ve valid 1 0 0 0 0 0 0.0 56500.0 58538.6015625 7117.0
X Ed valid 2 1 0 0 0 0 122.796875 56500.0 58600.0 7117.0
X Ve valid 1 0 0 0 0 0 0.0 56500.0 58541.3984375 7117.0
X Ed valid 2 1 0 0 0 0 2.796875 56500.0 58540.0 7117.0
X Ve valid 1 0 0 0 0 0 0.0 56500.0 58456.8984375 7117.0
X Ed valid 2 1 0 0 0 0 84.5 56500.0 58499.1484375 7117.0
X Ve valid 1 0 0 0 0 0 0.0 56500.0 58372.5 7117.0
X Ed valid 2 1 0 0 0 0 84.3984375 56500.0 58414.69921875 7117.0
X Ve valid 1 0 0 0 0 0 0.0 56500.0 58375.30078125 7117.0
X Ed valid 2 1 0 0 0 0 2.80078125 56500.0 58373.900390625 7117.0
X Ve valid 1 0 0 0 0 0 0.0 56500.0 58370.0 7117.0
X Ed valid 2 1 0 0 0 0 5.30078125 56500.0 58372.650390625 7117.0
X Ve valid 1 0 0 0 0 0 0.0 56500.0 59500.0 7144.7998046875
X Ve valid 1 0 0 0 0 0 0.0 56500.0 59653.5 7144.7998046875
X Ed valid 2 1 0 0 0 0 153.5 56500.0 59576.75 7144.7998046875
X Ve valid 1 0 0 0 0 0 0.0 56500.0 59650.5 7144.7998046875
X Ed valid 2 1 0 0 0 0 3.0 56500.0 59652.0 7144.7998046875
X Ve valid 1 0 0 0 0 0 0.0 56500.0 59656.8984375 7144.7998046875
X Ed valid 2 1 0 0 0 0 6.3984375 56500.0 59653.69921875 7144.7998046875
X Ve valid 1 0 0 0 0 0 0.0 56500.0 59017.3984375 7117.0
X Ve valid 1 0 0 0 0 0 0.0 56500.0 59017.3984375 7026.2001953125
X Ed valid 2 1 0 0 0 0 90.7998046875 56500.0 59017.3984375 7071.60009765625
X Ve valid 1 0 0 0 0 0 0.0 56500.0 59017.3984375 7029.0
X Ed valid 2 1 0 0 0 0 2.7998046875 56500.0 59017.3984375 7027.60009765625
X Ve valid 1 0 0 0 0 0 0.0 56500.0 59017.3984375 31.0
X Ed valid 2 1 0 0 0 0 6998.0 56500.0 59017.3984375 3530.0
X Ve valid 1 0 0 0 0 0 0.0 56500.0 59017.3984375 6891.39990234375
X Ed valid 2 1 0 0 0 0 6860.39990234375 56500.0 59017.3984375 3461.199951171875
X Ve valid 1 0 0 0 0 0 0.0 56500.0 59017.3984375 6894.2001953125
X Ed valid 2 1 0 0 0 0 2.80029296875 56500.0 59017.3984375 6892.800048828125
X Ve valid 1 0 0 0 0 0 0.0 56500.0 59017.3984375 6800.2998046875
X Ed valid 2 1 0 0 0 0 93.900390625 56500.0 59017.3984375 6847.25
X Ve valid 1 0 0 0 0 0 0.0 56441.0 58290.0 7404.39990234375
X Ve valid 1 0 0 0 0 0 0.0 56441.0 58290.0 7526.7998046875
X Ed valid 2 1 0 0 0 0 122.39990234375 56441.0 58290.0 7465.599853515625
X Ve valid 1 0 0 0 0 0 0.0 56441.0 58290.0 7524.7001953125
X Ed valid 2 1 0 0 0 0 2.099609375 56441.0 58290.0 7525.75
X Ve valid 1 0 0 0 0 0 0.0 56441.0 58290.0 31.0
X Ed valid 2 1 0 0 0 0 7493.7001953125 56441.0 58290.0 3777.85009765625
X Ve valid 1 0 0 0 0 0 0.0 56441.0 58290.0 7640.5
X Ed valid 2 1 0 0 0 0 7609.5 56441.0 58290.0 3835.75
X Ve valid 1 0 0 0 0 0 0.0 56050.0 58290.0 7404.39990234375
X Ve valid 1 0 0 0 0 0 0.0 56050.0 58290.0 7322.10009765625
X Ed valid 2 1 0 0 0 0 82.2998046875 56050.0 58290.0 7363.25
X Ve valid 1 0 0 0 0 0 0.0 56050.0 58290.0 7324.2001953125
X Ed valid 2 1 0 0 0 0 2.10009765625 56050.0 58290.0 7323.150146484375
X Ve valid 1 0 0 0 0 0 0.0 56050.0 58290.0 31.0
X Ed valid 2 1 0 0 0 0 7293.2001953125 56050.0 58290.0 3677.6000976562495
X Ve valid 1 0 0 0 0 0 0.0 56050.0 58290.0 7198.0
X Ed valid 2 1 0 0 0 0 7167.0 56050.0 58290.0 3614.5
X Ve valid 1 0 0 0 0 0 0.0 56050.0 58290.0 7200.10009765625
X Ed valid 2 1 0 0 0 0 2.10009765625 56050.0 58290.0 7199.050048828125
X Ve valid 1 0 0 0 0 0 0.0 56050.0 58290.0 7133.60009765625
X Ed valid 2 1 0 0 0 0 66.5 56050.0 58290.0 7166.85009765625
X Ve valid 1 0 0 0 0 0 0.0 56500.0 58290.0 7267.0
X Ve valid 1 0 0 0 0 0 0.0 56500.0 58290.0 7272.2998046875
X Ed valid 2 1 0 0 0 0 5.2998046875 56500.0 58290.0 7269.64990234375
X Ve valid 1 0 0 0 0 0 0.0 56500.0 58290.0 7269.5
X Ed valid 2 1 0 0 0 0 2.7998046875 56500.0 58290.0 7270.89990234375
X Ve valid 1 0 0 0 0 0 0.0 56500.0 58290.0 7348.60009765625
X Ed valid 2 1 0 0 0 0 79.10009765625 56500.0 58290.0 7309.050048828125
X Ve valid 1 0 0 0 0 0 0.0 56500.0 58290.0 7404.39990234375
X Ed valid 2 1 0 0 0 0 55.7998046875 56500.0 58290.0 7376.5
X Ve valid 1 0 0 0 0 0 0.0 56441.0 58290.0 7404.39990234375
X Ed valid 2 1 0 0 0 0 59.0 56470.5 58290.0 7404.39990234375
X Ve valid 1 0 0 0 0 0 0.0 56250.0 58290.0 7404.39990234375
X Ed valid 2 1 0 0 0 0 191.0 56345.5 58290.0 7404.39990234375
X Ve valid 1 0 0 0 0 0 0.0 56050.0 58290.0 7404.39990234375
X Ed valid 2 1 0 0 0 0 200.0 56150.0 58290.0 7404.39990234375
X Ve valid 1 0 0 0 0 0 0.0 56050.0 58290.0 7651.89990234375
X Ed valid 2 1 0 0 0 0 247.5 56050.0 58290.0 7528.14990234375
X Ve valid 1 0 0 0 0 0 0.0 56050.0 58290.0 7649.7998046875
X Ed valid 2 1 0 0 0 0 2.10009765625 56050.0 58290.0 7650.849853515625
X Ve valid 1 0 0 0 0 0 0.0 56050.0 58290.0 31.0
X Ed valid 2 1 0 0 0 0 7618.7998046875 56050.0 58290.0 3840.39990234375
X Ve valid 1 0 0 0 0 0 0.0 56050.0 58290.0 7776.0
X Ed valid 2 1 0 0 0 0 7745.0 56050.0 58290.0 3903.5
X Ve valid 1 0 0 0 0 0 0.0 56050.0 58290.0 7773.89990234375
X Ed valid 2 1 0 0 0 0 2.10009765625 56050.0 58290.0 7774.949951171875
X Ve valid 1 0 0 0 0 0 0.0 56050.0 58290.0 9013.2998046875
X Ed valid 2 1 0 0 0 0 1239.39990234375 56050.0 58290.0 8393.599853515625
X Ve valid 1 0 0 0 0 0 0.0 57657.0 59500.0 12025.0
X Ve valid 1 0 0 0 0 0 0.0 57595.30078125 59500.0 35.0
X Ed valid 2 1 0 0 0 0 11990.1587476394 57626.150390625 59500.0 6030.000000000015
X Ve valid 1 0 0 0 0 0 0.0 57441.6015625 59500.0 12025.0
X Ed valid 2 1 0 0 0 0 11990.985090885799 57518.45117187501 59500.0 6030.0000000000255
X Ve valid 1 0 0 0 0 0 0.0 57345.0 59500.0 12025.0
X Ed valid 2 1 0 0 0 0 96.6015625 57393.30078125 59500.0 12025.0
X Ve valid 1 0 0 0 0 0 0.0 57347.1015625 59500.0 12025.0
X Ed valid 2 1 0 0 0 0 2.1015625 57346.05078125 59500.0 12025.0
X Ve valid 1 0 0 0 0 0 0.0 57050.0 59500.0 12025.0
X Ed valid 2 1 0 0 0 0 297.1015625 57198.55078125 59500.0 12025.0
X Ve valid 1 0 0 0 0 0 0.0 57050.0 59500.0 11943.900390625
X Ed valid 2 1 0 0 0 0 81.099609375 57050.0 59500.0 11984.4501953125
X Ve valid 1 0 0 0 0 0 0.0 57050.0 59500.0 11946.0
X Ed valid 2 1 0 0 0 0 2.099609375 57050.0 59500.0 11944.9501953125
X Ve valid 1 0 0 0 0 0 0.0 57050.0 59500.0 11766.400390625
X Ed valid 2 1 0 0 0 0 179.599609375 57050.0 59500.0 11856.2001953125
X Ve valid 1 0 0 0 0 0 0.0 57050.0 59500.0 11586.7998046875
X Ed valid 2 1 0 0 0 0 179.6005859375 57050.0 59500.0 11676.60009765625
X Ve valid 1 0 0 0 0 0 0.0 57050.0 59500.0 11588.900390625
X Ed valid 2 1 0 0 0 0 2.1005859375 57050.0 59500.0 11587.85009765625
X Ve valid 1 0 0 0 0 0 0.0 57050.0 59500.0 9513.2998046875
X Ed valid 2 1 0 0 0 0 2075.6005859375 57050.0 59500.0 10551.10009765625
X Ve valid 1 0 0 0 0 0 0.0 56657.69921875 59274.69921875 8941.0
X Ve valid 1 0 0 0 0 0 0.0 56657.69921875 59274.69921875 8945.599609375
X Ed valid 2 1 0 0 0 0 4.599609375 56657.69921875 59274.69921875 8943.2998046875
X Ve valid 1 0 0 0 0 0 0.0 56657.69921875 59274.69921875 8943.5
X Ed valid 2 1 0 0 0 0 2.099609375 56657.69921875 59274.69921875 8944.5498046875
X Ve valid 1 0 0 0 0 0 0.0 56657.69921875 59274.69921875 9024.599609375
X Ed valid 2 1 0 0 0 0 81.099609375 56657.69921875 59274.69921875 8984.0498046875
X Ve valid 1 0 0 0 0 0 0.0 56657.69921875 58290.0 9024.599609375
X Ed valid 2 1 0 0 0 0 984.69921875 56657.69921875 58782.349609375 9024.599609375
X Ve valid 1 0 0 0 0 0 0.0 56250.0 58290.0 9024.599609375
X Ed valid 2 1 0 0 0 0 407.69921875 56453.849609375 58290.0 9024.599609375
X Ve valid 1 0 0 0 0 0 0.0 56250.0 58290.0 7608.7001953125
X Ed valid 2 1 0 0 0 0 1415.8994140625 56250.0 58290.0 8316.64990234375
X Ve valid 1 0 0 0 0 0 0.0 56250.0 58290.0 7610.7998046875
X Ed valid 2 1 0 0 0 0 2.099609375 56250.0 58290.0 7609.75
X Ve valid 1 0 0 0 0 0 0.0 56250.0 58290.0 31.0
X Ed valid 2 1 0 0 0 0 7579.7998046875 56250.0 58290.0 3820.89990234375
X Ve valid 1 0 0 0 0 0 0.0 56250.0 58290.0 7484.60009765625
X Ed valid 2 1 0 0 0 0 7453.60009765625 56250.0 58290.0 3757.800048828125
X Ve valid 1 0 0 0 0 0 0.0 56250.0 58290.0 7486.7001953125
X Ed valid 2 1 0 0 0 0 2.10009765625 56250.0 58290.0 7485.650146484375
X Ve valid 1 0 0 0 0 0 0.0 56250.0 58290.0 7404.39990234375
X Ed valid 2 1 0 0 0 0 82.30029296875 56250.0 58290.0 7445.550048828125
X Ve valid 1 0 0 0 0 0 0.0 58300.0 59500.0 12790.0
X Ve valid 1 0 0 0 0 0 0.0 58300.0 59500.0 31.0
X Ed valid 2 1 0 0 0 0 12759.0 58300.0 59500.0 6410.499999999999
X Ve valid 1 0 0 0 0 0 0.0 58300.0 59500.0 13008.400390625
X Ed valid 2 1 0 0 0 0 12977.400390625 58300.0 59500.0 6519.7001953125
X Ve valid 1 0 0 0 0 0 0.0 58300.0 59500.0 13098.7001953125
X Ed valid 2 1 0 0 0 0 90.2998046875 58300.0 59500.0 13053.55029296875
X Ve valid 1 0 0 0 0 0 0.0 58300.0 59500.0 13095.900390625
X Ed valid 2 1 0 0 0 0 2.7998046875 58300.0 59500.0 13097.30029296875
X Ve valid 1 0 0 0 0 0 0.0 58300.0 59500.0 13186.7001953125
X Ed valid 2 1 0 0 0 0 90.7998046875 58300.0 59500.0 13141.30029296875
X Ve valid 1 0 0 0 0 0 0.0 58100.0 59500.0 13186.7001953125
X Ed valid 2 1 0 0 0 0 200.0 58200.0 59500.0 13186.7001953125
X Ve valid 1 0 0 0 0 0 0.0 58100.0 59000.0 13186.7001953125
X Ed valid 2 1 0 0 0 0 500.0 58100.0 59250.0 13186.7001953125
X Ve valid 1 0 0 0 0 0 0.0 58100.0 59000.0 9516.7001953125
X Ed valid 2 1 0 0 0 0 3670.0 58100.0 59000.0 11351.7001953125
X Ve valid 1 0 0 0 0 0 0.0 58300.0 59500.0 13186.7001953125
X Ve valid 1 0 0 0 0 0 0.0 58300.0 59500.0 13278.5
X Ed valid 2 1 0 0 0 0 91.7998046875 58300.0 59500.0 13232.60009765625
X Ve valid 1 0 0 0 0 0 0.0 58300.0 59500.0 13275.7001953125
X Ed valid 2 1 0 0 0 0 2.7998046875 58300.0 59500.0 13277.10009765625
X Ve valid 1 0 0 0 0 0 0.0 58300.0 59500.0 0.0
X Ed valid 2 1 0 0 0 0 13275.7001953125 58300.0 59500.0 6637.85009765625
X Ve valid 1 0 0 0 0 0 0.0 58241.6015625 59405.8984375 8991.0
X Ve valid 1 0 0 0 0 0 0.0 58241.6015625 59405.8984375 8996.2998046875
X Ed valid 2 1 0 0 0 0 5.2998046875 58241.6015625 59405.8984375 8993.64990234375
X Ve valid 1 0 0 0 0 0 0.0 58241.6015625 59405.8984375 8993.5
X Ed valid 2 1 0 0 0 0 2.7998046875 58241.6015625 59405.8984375 8994.89990234375
X Ve valid 1 0 0 0 0 0 0.0 58241.6015625 59405.8984375 9084.2998046875
X Ed valid 2 1 0 0 0 0 90.7998046875 58241.6015625 59405.8984375 9038.89990234375
X Ve valid 1 0 0 0 0 0 0.0 58241.6015625 58905.8984375 9084.2998046875
X Ed valid 2 1 0 0 0 0 500.0 58241.6015625 59155.8984375 9084.2998046875
X Ve valid 1 0 0 0 0 0 0.0 58500.0 59500.0 7385.0
X Ve valid 1 0 0 0 0 0 0.0 58500.0 59500.0 7378.60009765625
X Ed valid 2 1 0 0 0 0 6.39990234375 58500.0 59500.0 7381.800048828125
X Ve valid 1 0 0 0 0 0 0.0 58500.0 59500.0 7381.60009765625
X Ed valid 2 1 0 0 0 0 3.0 58500.0 59500.0 7380.10009765625
X Ve valid 1 0 0 0 0 0 0.0 58500.0 59500.0 7186.2001953125
X Ed valid 2 1 0 0 0 0 195.39990234375 58500.0 59500.0 7283.900146484375
X Ve valid 1 0 0 0 0 0 0.0 58500.0 59347.5 7186.2001953125
X Ed valid 2 1 0 0 0 0 152.5 58500.0 59423.75 7186.2001953125
X Ve valid 1 0 0 0 0 0 0.0 58500.0 59350.5 7186.2001953125
X Ed valid 2 1 0 0 0 0 3.0 58500.0 59349.0 7186.2001953125
X Ve valid 1 0 0 0 0 0 0.0 58500.0 59344.1015625 7186.2001953125
X Ed valid 2 1 0 0 0 0 6.3984375 58500.0 59347.30078125 7186.2001953125
X Ve valid 1 0 0 0 0 0 0.0 58500.0 59240.19921875 7158.39990234375
X Ed valid 2 1 0 0 0 0 107.557209548647 58500.0 59292.150390625 7172.300048828125
X Ve valid 1 0 0 0 0 0 0.0 58500.0 59243.0 7158.39990234375
X Ed valid 2 1 0 0 0 0 2.80078125 58500.0 59241.599609375 7158.39990234375
X Ve valid 1 0 0 0 0 0 0.0 58500.0 59174.19921875 31.0
X Ed valid 2 1 0 0 0 0 7127.73196153098 58500.0 59208.599609375 3594.699951171876
X Ve valid 1 0 0 0 0 0 0.0 58500.0 59105.3984375 7158.39990234375
X Ed valid 2 1 0 0 0 0 7127.73196153098 58500.0 59139.798828125 3594.6999511718736
X Ve valid 1 0 0 0 0 0 0.0 58500.0 59108.19921875 7158.39990234375
X Ed valid 2 1 0 0 0 0 2.80078125 58500.0 59106.798828125 7158.39990234375
X Ve valid 1 0 0 0 0 0 0.0 58500.0 59017.3984375 7158.39990234375
X Ed valid 2 1 0 0 0 0 90.80078125 58500.0 59062.798828125 7158.39990234375
X Ve valid 1 0 0 0 0 0 0.0 58500.0 58809.1015625 7158.39990234375
X Ed valid 2 1 0 0 0 0 208.296875 58500.0 58913.25 7158.39990234375
X Ve valid 1 0 0 0 0 0 0.0 58500.0 58811.8984375 7158.39990234375
X Ed valid 2 1 0 0 0 0 2.796875 58500.0 58810.5 7158.39990234375
X Ve valid 1 0 0 0 0 0 0.0 58500.0 58689.1015625 7158.39990234375
X Ed valid 2 1 0 0 0 0 122.796875 58500.0 58750.5 7158.39990234375
X Ve valid 1 0 0 0 0 0 0.0 58500.0 58566.30078125 7158.39990234375
X Ed valid 2 1 0 0 0 0 122.80078125 58500.0 58627.701171875 7158.39990234375
X Ve valid 1 0 0 0 0 0 0.0 58500.0 58569.1015625 7158.39990234375
X Ed valid 2 1 0 0 0 0 2.80078125 58500.0 58567.701171875 7158.39990234375
X Ve valid 1 0 0 0 0 0 0.0 58500.0 58478.30078125 7145.0
X Ed valid 2 1 0 0 0 0 91.7841993941898 58499.99999999999 58523.701171875 7151.699951171876
X Ve valid 1 0 0 0 0 0 0.0 58500.0 58373.3984375 7145.0
X Ed valid 2 1 0 0 0 0 104.90234375 58500.0 58425.849609375 7145.0
X Ve valid 1 0 0 0 0 0 0.0 58500.0 58376.19921875 7145.0
X Ed valid 2 1 0 0 0 0 2.80078125 58500.0 58374.798828125 7145.0
X Ve valid 1 0 0 0 0 0 0.0 58500.0 58370.0 7145.0
X Ed valid 2 1 0 0 0 0 6.19921875 58500.0 58373.099609375 7145.0
X Ve valid 1 0 0 0 0 0 0.0 58500.0 59500.0 7186.2001953125
X Ve valid 1 0 0 0 0 0 0.0 58500.0 59653.5 7186.2001953125
X Ed valid 2 1 0 0 0 0 153.5 58500.0 59576.75 7186.2001953125
X Ve valid 1 0 0 0 0 0 0.0 58500.0 59650.5 7186.2001953125
X Ed valid 2 1 0 0 0 0 3.0 58500.0 59652.0 7186.2001953125
X Ve valid 1 0 0 0 0 0 0.0 58500.0 59656.8984375 7186.2001953125
X Ed valid 2 1 0 0 0 0 6.3984375 58500.0 59653.69921875 7186.2001953125
X Ve valid 1 0 0 0 0 0 0.0 58500.0 59017.3984375 7158.39990234375
X Ve valid 1 0 0 0 0 0 0.0 58500.0 59017.3984375 7067.60009765625
X Ed valid 2 1 0 0 0 0 90.7998046875 58500.0 59017.3984375 7113.0
X Ve valid 1 0 0 0 0 0 0.0 58500.0 59017.3984375 7070.39990234375
X Ed valid 2 1 0 0 0 0 2.7998046875 58500.0 59017.3984375 7069.0
X Ve valid 1 0 0 0 0 0 0.0 58500.0 59017.3984375 31.0
X Ed valid 2 1 0 0 0 0 7039.39990234375 58500.0 59017.3984375 3550.6999511718755
X Ve valid 1 0 0 0 0 0 0.0 58500.0 59017.3984375 6932.7998046875
X Ed valid 2 1 0 0 0 0 6901.7998046875 58500.0 59017.3984375 3481.89990234375
X Ve valid 1 0 0 0 0 0 0.0 58500.0 59017.3984375 6935.60009765625
X Ed valid 2 1 0 0 0 0 2.80029296875 58500.0 59017.3984375 6934.199951171875
X Ve valid 1 0 0 0 0 0 0.0 58500.0 59017.3984375 6870.2998046875
X Ed valid 2 1 0 0 0 0 65.30029296875 58500.0 59017.3984375 6902.949951171875
X Ve valid 1 0 0 0 0 0 0.0 58500.0 58290.0 7325.0
X Ve valid 1 0 0 0 0 0 0.0 58500.0 58290.0 7330.2998046875
X Ed valid 2 1 0 0 0 0 5.2998046875 58500.0 58290.0 7327.64990234375
X Ve valid 1 0 0 0 0 0 0.0 58500.0 58290.0 7327.5
X Ed valid 2 1 0 0 0 0 2.7998046875 58500.0 58290.0 7328.89990234375
X Ve valid 1 0 0 0 0 0 0.0 58500.0 58290.0 7413.0
X Ed valid 2 1 0 0 0 0 85.5 58500.0 58290.0 7370.25
X Ve valid 1 0 0 0 0 0 0.0 58500.0 58290.0 7475.10009765625
X Ed valid 2 1 0 0 0 0 62.10009765625 58500.0 58290.0 7444.050048828125
X Ve valid 1 0 0 0 0 0 0.0 58750.0 58290.0 7475.10009765625
X Ed valid 2 1 0 0 0 0 250.0 58625.0 58290.0 7475.10009765625
X Ve valid 1 0 0 0 0 0 0.0 58950.0 58290.0 7475.10009765625
X Ed valid 2 1 0 0 0 0 200.0 58850.0 58290.0 7475.10009765625
X Ve valid 1 0 0 0 0 0 0.0 58950.0 58290.0 7675.7998046875
X Ed valid 2 1 0 0 0 0 200.69970703125 58950.0 58290.0 7575.449951171875
X Ve valid 1 0 0 0 0 0 0.0 58950.0 58290.0 7673.7001953125
X Ed valid 2 1 0 0 0 0 2.099609375 58950.0 58290.0 7674.75
X Ve valid 1 0 0 0 0 0 0.0 58950.0 58290.0 31.0
X Ed valid 2 1 0 0 0 0 7642.7001953125 58950.0 58290.0 3852.35009765625
X Ve valid 1 0 0 0 0 0 0.0 58950.0 58290.0 7799.89990234375
X Ed valid 2 1 0 0 0 0 7768.89990234375 58950.0 58290.0 3915.449951171875
X Ve valid 1 0 0 0 0 0 0.0 58950.0 58290.0 7797.7998046875
X Ed valid 2 1 0 0 0 0 2.10009765625 58950.0 58290.0 7798.849853515625
X Ve valid 1 0 0 0 0 0 0.0 58950.0 58290.0 9013.2998046875
X Ed valid 2 1 0 0 0 0 1215.5 58950.0 58290.0 8405.5498046875
X Ve valid 1 0 0 0 0 0 0.0 58500.0 58290.0 7475.10009765625
X Ve valid 1 0 0 0 0 0 0.0 58500.0 58290.0 7524.7998046875
X Ed valid 2 1 0 0 0 0 49.69970703125 58500.0 58290.0 7499.949951171875
X Ve valid 1 0 0 0 0 0 0.0 58500.0 58290.0 7597.5
X Ed valid 2 1 0 0 0 0 72.7001953125 58500.0 58290.0 7561.14990234375
X Ve valid 1 0 0 0 0 0 0.0 58500.0 58290.0 7595.39990234375
X Ed valid 2 1 0 0 0 0 2.10009765625 58500.0 58290.0 7596.449951171875
X Ve valid 1 0 0 0 0 0 0.0 58500.0 58290.0 31.0
X Ed valid 2 1 0 0 0 0 7564.39990234375 58500.0 58290.0 3813.199951171875
X Ve valid 1 0 0 0 0 0 0.0 58500.0 58290.0 7711.2001953125
X Ed valid 2 1 0 0 0 0 7680.2001953125 58500.0 58290.0 3871.10009765625
X Ve valid 1 0 0 0 0 0 0.0 58950.0 58290.0 7475.10009765625
X Ve valid 1 0 0 0 0 0 0.0 58950.0 58290.0 7392.7998046875
X Ed valid 2 1 0 0 0 0 82.30029296875 58950.0 58290.0 7433.949951171875
X Ve valid 1 0 0 0 0 0 0.0 58950.0 58290.0 7394.89990234375
X Ed valid 2 1 0 0 0 0 2.10009765625 58950.0 58290.0 7393.849853515625
X Ve valid 1 0 0 0 0 0 0.0 58950.0 58290.0 31.0
X Ed valid 2 1 0 0 0 0 7363.89990234375 58950.0 58290.0 3712.9499511718745
X Ve valid 1 0 0 0 0 0 0.0 58950.0 58290.0 7268.7001953125
X Ed valid 2 1 0 0 0 0 7237.7001953125 58950.0 58290.0 3649.85009765625
X Ve valid 1 0 0 0 0 0 0.0 58950.0 58290.0 7270.7998046875
X Ed valid 2 1 0 0 0 0 2.099609375 58950.0 58290.0 7269.75
X Ve valid 1 0 0 0 0 0 0.0 58950.0 58290.0 7205.7998046875
X Ed valid 2 1 0 0 0 0 65.0 58950.0 58290.0 7238.2998046875
X Ve valid 1 0 0 0 0 0 0.0 58200.0 58450.0 13513.2998046875
X Ve valid 1 0 0 0 0 0 0.0 58200.0 58450.0 15313.900390625
X Ed valid 2 1 0 0 0 0 1800.6005859375 58200.0 58450.0 14413.60009765625
X Ve valid 1 0 0 0 0 0 0.0 58200.0 58450.0 15311.7998046875
X Ed valid 2 1 0 0 0 0 2.1005859375 58200.0 58450.0 15312.85009765625
X Ve valid 1 0 0 0 0 0 0.0 58200.0 58450.0 15491.400390625
X Ed valid 2 1 0 0 0 0 179.6005859375 58200.0 58450.0 15401.60009765625
X Ve valid 1 0 0 0 0 0 0.0 58200.0 58450.0 15671.0
X Ed valid 2 1 0 0 0 0 179.599609375 58200.0 58450.0 15581.2001953125
X Ve valid 1 0 0 0 0 0 0.0 58200.0 58450.0 15668.900390625
X Ed valid 2 1 0 0 0 0 2.099609375 58200.0 58450.0 15669.9501953125
X Ve valid 1 0 0 0 0 0 0.0 58200.0 58450.0 15750.0
X Ed valid 2 1 0 0 0 0 81.099609375 58200.0 58450.0 15709.4501953125
X Ve valid 1 0 0 0 0 0 0.0 58200.0 58547.1015625 15750.0
X Ed valid 2 1 0 0 0 0 97.1015625 58200.0 58498.55078125 15750.0
X Ve valid 1 0 0 0 0 0 0.0 58200.0 58545.0 15750.0
X Ed valid 2 1 0 0 0 0 2.1015625 58200.0 58546.05078125 15750.0
X Ve valid 1 0 0 0 0 0 0.0 58200.0 58641.6015625 15750.0
X Ed valid 2 1 0 0 0 0 96.6015625 58200.0 58593.30078125 15750.0
X Ve valid 1 0 0 0 0 0 0.0 58200.0 58795.30078125 35.0
X Ed valid 2 1 0 0 0 0 15715.7516030842 58200.0 58718.451171875 7892.500000000013
X Ve valid 1 0 0 0 0 0 0.0 58200.0 58857.0 15750.0
X Ed valid 2 1 0 0 0 0 15715.1211192785 58200.0 58826.150390625 7892.499999999981
X Ve valid 1 0 0 0 0 0 0.0 58750.0 58290.0 7475.10009765625
X Ve valid 1 0 0 0 0 0 0.0 58750.0 58290.0 7557.39990234375
X Ed valid 2 1 0 0 0 0 82.2998046875 58750.0 58290.0 7516.25
X Ve valid 1 0 0 0 0 0 0.0 58750.0 58290.0 7555.2998046875
X Ed valid 2 1 0 0 0 0 2.10009765625 58750.0 58290.0 7556.349853515625
X Ve valid 1 0 0 0 0 0 0.0 58750.0 58290.0 31.0
X Ed valid 2 1 0 0 0 0 7524.2998046875 58750.0 58290.0 3793.14990234375
X Ve valid 1 0 0 0 0 0 0.0 58750.0 58290.0 7681.5
X Ed valid 2 1 0 0 0 0 7650.5 58750.0 58290.0 3856.25
X Ve valid 1 0 0 0 0 0 0.0 58750.0 58290.0 7679.39990234375
X Ed valid 2 1 0 0 0 0 2.10009765625 58750.0 58290.0 7680.449951171875
X Ve valid 1 0 0 0 0 0 0.0 58750.0 58290.0 9074.599609375
X Ed valid 2 1 0 0 0 0 1395.19970703125 58750.0 58290.0 8376.999755859375
X Ve valid 1 0 0 0 0 0 0.0 58594.1015625 58290.0 9074.599609375
X Ed valid 2 1 0 0 0 0 155.8984375 58672.05078125 58290.0 9074.599609375
X Ve valid 1 0 0 0 0 0 0.0 58594.1015625 59241.6015625 9074.599609375
X Ed valid 2 1 0 0 0 0 951.6015625 58594.1015625 58765.80078125 9074.599609375
X Ve valid 1 0 0 0 0 0 0.0 58594.1015625 59241.6015625 8993.5
X Ed valid 2 1 0 0 0 0 81.099609375 58594.1015625 59241.6015625 9034.0498046875
X Ve valid 1 0 0 0 0 0 0.0 58594.1015625 59241.6015625 8995.599609375
X Ed valid 2 1 0 0 0 0 2.099609375 58594.1015625 59241.6015625 8994.5498046875
X Ve valid 1 0 0 0 0 0 0.0 58594.1015625 59241.6015625 8991.0
X Ed valid 2 1 0 0 0 0 4.599609375 58594.1015625 59241.6015625 8993.2998046875
X Ve valid 1 0 0 0 0 0 0.0 58200.0 59500.0 16465.0
X Ve valid 1 0 0 0 0 0 0.0 58200.0 59500.0 31.0
X Ed valid 2 1 0 0 0 0 16434.0 58200.0 59500.0 8248.0
X Ve valid 1 0 0 0 0 0 0.0 58200.0 59500.0 16589.80078125
X Ed valid 2 1 0 0 0 0 16558.80078125 58200.0 59500.0 8310.400390625
X Ve valid 1 0 0 0 0 0 0.0 58200.0 59500.0 16587.69921875
X Ed valid 2 1 0 0 0 0 2.1015625 58200.0 59500.0 16588.75
X Ve valid 1 0 0 0 0 0 0.0 58200.0 59500.0 16668.80078125
X Ed valid 2 1 0 0 0 0 81.1015625 58200.0 59500.0 16628.25
X Ve valid 1 0 0 0 0 0 0.0 58850.0 59500.0 16668.80078125
X Ed valid 2 1 0 0 0 0 650.0 58525.0 59500.0 16668.80078125
X Ve valid 1 0 0 0 0 0 0.0 58850.0 58670.0 16668.80078125
X Ed valid 2 1 0 0 0 0 830.0 58850.0 59085.0 16668.80078125
X Ve valid 1 0 0 0 0 0 0.0 58850.0 58670.0 15114.0
X Ed valid 2 1 0 0 0 0 1554.80078125 58850.0 58670.0 15891.400390625
X Ve valid 1 0 0 0 0 0 0.0 58850.0 58847.30078125 15114.0
X Ed valid 2 1 0 0 0 0 177.30078125 58850.0 58758.650390625 15114.0
X Ve valid 1 0 0 0 0 0 0.0 58850.0 58845.19921875 15114.0
X Ed valid 2 1 0 0 0 0 2.1015625 58850.0 58846.25 15114.0
X Ve valid 1 0 0 0 0 0 0.0 58850.0 58908.30078125 31.0
X Ed valid 2 1 0 0 0 0 15083.131995948 58850.0 58876.75 7572.499999999994
X Ve valid 1 0 0 0 0 0 0.0 58850.0 58970.0 15114.0
X Ed valid 2 1 0 0 0 0 15083.1261943138 58850.0 58939.150390625 7572.500000000013
X Ve valid 1 0 0 0 0 0 0.0 58850.0 59230.0 15114.0
X Ve valid 1 0 0 0 0 0 0.0 58850.0 59308.19921875 15114.0
X Ed valid 2 1 0 0 0 0 78.19921875 58850.0 59269.099609375 15114.0
X Ve valid 1 0 0 0 0 0 0.0 58850.0 59387.80078125 15114.0
X Ed valid 2 1 0 0 0 0 79.6015625 58850.0 59348.0 15114.0
X Ve valid 1 0 0 0 0 0 0.0 58850.0 59385.69921875 15114.0
X Ed valid 2 1 0 0 0 0 2.1015625 58850.0 59386.75 15114.0
X Ve valid 1 0 0 0 0 0 0.0 58850.0 59500.0 15114.0
X Ed valid 2 1 0 0 0 0 114.30078125 58850.0 59442.849609375 15114.0
X Ve valid 1 0 0 0 0 0 0.0 58850.0 59500.0 14900.0
X Ed valid 2 1 0 0 0 0 214.0 58850.0 59500.0 15007.0
X Ve valid 1 0 0 0 0 0 0.0 59027.30078125 59500.0 14900.0
X Ed valid 2 1 0 0 0 0 177.30078125 58938.650390625 59500.0 14900.0
X Ve valid 1 0 0 0 0 0 0.0 59025.19921875 59500.0 14900.0
X Ed valid 2 1 0 0 0 0 2.1015625 59026.25 59500.0 14900.0
X Ve valid 1 0 0 0 0 0 0.0 59088.30078125 59500.0 31.0
X Ed valid 2 1 0 0 0 0 14869.1338956642 59056.75 59500.0 7465.499999999998
X Ve valid 1 0 0 0 0 0 0.0 59150.0 59500.0 14900.0
X Ed valid 2 1 0 0 0 0 14869.1280105322 59119.150390625 59500.0 7465.499999999982
X Ve valid 1 0 0 0 0 0 0.0 59624.30078125 59500.0 16415.0
X Ve valid 1 0 0 0 0 0 0.0 59685.8984375 59500.0 31.0
X Ed valid 2 1 0 0 0 0 16384.1157915603 59655.099609375 59500.0 8222.999999999998
X Ve valid 1 0 0 0 0 0 0.0 59749.1015625 59500.0 16415.0
X Ed valid 2 1 0 0 0 0 16384.1219061325 59717.5 59500.0 8223.000000000016
X Ve valid 1 0 0 0 0 0 0.0 59746.8984375 59500.0 16415.0
X Ed valid 2 1 0 0 0 0 2.203125 59748.0 59500.0 16415.0
X Ve valid 1 0 0 0 0 0 0.0 59915.19921875 59500.0 16415.0
X Ed valid 2 1 0 0 0 0 168.30078125 59831.048828125 59500.0 16415.0
X Ve valid 1 0 0 0 0 0 0.0 59915.19921875 59500.0 15843.599609375
X Ed valid 2 1 0 0 0 0 571.400390625 59915.19921875 59500.0 16129.2998046875
X Ve valid 1 0 0 0 0 0 0.0 59997.5 59500.0 15843.599609375
X Ed valid 2 1 0 0 0 0 82.30078125 59956.349609375 59500.0 15843.599609375
X Ve valid 1 0 0 0 0 0 0.0 59995.3984375 59500.0 15843.599609375
X Ed valid 2 1 0 0 0 0 2.1015625 59996.44921875 59500.0 15843.599609375
X Ve valid 1 0 0 0 0 0 0.0 60000.0 59500.0 15843.599609375
X Ed valid 2 1 0 0 0 0 4.6015625 59997.69921875 59500.0 15843.599609375
X Ve valid 1 0 0 0 0 0 0.0 59915.19921875 59500.0 15843.599609375
X Ve valid 1 0 0 0 0 0 0.0 59915.19921875 59500.0 15761.2998046875
X Ed valid 2 1 0 0 0 0 82.2998046875 59915.19921875 59500.0 15802.44970703125
X Ve valid 1 0 0 0 0 0 0.0 59915.19921875 59500.0 15763.400390625
X Ed valid 2 1 0 0 0 0 2.1005859375 59915.19921875 59500.0 15762.35009765625
X Ve valid 1 0 0 0 0 0 0.0 59915.19921875 59500.0 31.0
X Ed valid 2 1 0 0 0 0 15732.400390625 59915.19921875 59500.0 7897.2001953125
X Ve valid 1 0 0 0 0 0 0.0 59915.19921875 59500.0 15637.2001953125
X Ed valid 2 1 0 0 0 0 15606.2001953125 59915.19921875 59500.0 7834.10009765625
X Ve valid 1 0 0 0 0 0 0.0 59915.19921875 59500.0 15639.2998046875
X Ed valid 2 1 0 0 0 0 2.099609375 59915.19921875 59500.0 15638.25
X Ve valid 1 0 0 0 0 0 0.0 59915.19921875 59500.0 15562.7998046875
X Ed valid 2 1 0 0 0 0 76.5 59915.19921875 59500.0 15601.0498046875
X Ve valid 1 0 0 0 0 0 0.0 56500.0 56700.0 13335.0
X Ve valid 1 0 0 0 0 0 0.0 56500.0 56700.0 13339.599609375
X Ed valid 2 1 0 0 0 0 4.599609375 56500.0 56700.0 13337.2998046875
X Ve valid 1 0 0 0 0 0 0.0 56500.0 56700.0 13337.5
X Ed valid 2 1 0 0 0 0 2.099609375 56500.0 56700.0 13338.5498046875
X Ve valid 1 0 0 0 0 0 0.0 56500.0 56700.0 13535.0
X Ed valid 2 1 0 0 0 0 197.5 56500.0 56700.0 13436.25
X Ve valid 1 0 0 0 0 0 0.0 56000.0 56700.0 13535.0
X Ed valid 2 1 0 0 0 0 500.0 56250.0 56700.0 13535.0
X Ve valid 1 0 0 0 0 0 0.0 60600.0 59500.0 15613.599609375
X Ve valid 1 0 0 0 0 0 0.0 60661.69921875 59500.0 31.0
X Ed valid 2 1 0 0 0 0 15582.721757757497 60630.849609375 59500.0 7822.299804687489
X Ve valid 1 0 0 0 0 0 0.0 60724.80078125 59500.0 15613.599609375
X Ed valid 2 1 0 0 0 0 15582.7273733863 60693.25 59500.0 7822.299804687482
X Ve valid 1 0 0 0 0 0 0.0 60722.69921875 59500.0 15613.599609375
X Ed valid 2 1 0 0 0 0 2.1015625 60723.75 59500.0 15613.599609375
X Ve valid 1 0 0 0 0 0 0.0 60850.0 59500.0 15613.599609375
X Ed valid 2 1 0 0 0 0 127.30078125 60786.349609375 59500.0 15613.599609375
X Ve valid 1 0 0 0 0 0 0.0 60850.0 59500.0 15531.5
X Ed valid 2 1 0 0 0 0 82.099609375 60850.0 59500.0 15572.5498046875
X Ve valid 1 0 0 0 0 0 0.0 60850.0 59500.0 15533.599609375
X Ed valid 2 1 0 0 0 0 2.099609375 60850.0 59500.0 15532.5498046875
X Ve valid 1 0 0 0 0 0 0.0 60850.0 59500.0 15454.0
X Ed valid 2 1 0 0 0 0 79.599609375 60850.0 59500.0 15493.7998046875
X Ve valid 1 0 0 0 0 0 0.0 60850.0 59500.0 15374.400390625
X Ed valid 2 1 0 0 0 0 79.599609375 60850.0 59500.0 15414.2001953125
X Ve valid 1 0 0 0 0 0 0.0 60850.0 59500.0 15376.5
X Ed valid 2 1 0 0 0 0 2.099609375 60850.0 59500.0 15375.4501953125
X Ve valid 1 0 0 0 0 0 0.0 60850.0 59500.0 15213.2998046875
X Ed valid 2 1 0 0 0 0 163.2001953125 60850.0 59500.0 15294.89990234375
X Ve valid 1 0 0 0 0 0 0.0 60850.0 59304.1015625 15213.2998046875
X Ed valid 2 1 0 0 0 0 195.8984375 60850.0 59402.05078125 15213.2998046875
X Ve valid 1 0 0 0 0 0 0.0 60850.0 59306.19921875 15213.2998046875
X Ed valid 2 1 0 0 0 0 2.09765625 60850.0 59305.150390625 15213.2998046875
X Ve valid 1 0 0 0 0 0 0.0 60850.0 59243.1015625 31.0
X Ed valid 2 1 0 0 0 0 15182.430921089 60850.0 59274.650390625 7622.149902343732
X Ve valid 1 0 0 0 0 0 0.0 60850.0 59180.0 15213.2998046875
X Ed valid 2 1 0 0 0 0 15182.4309373237 60850.0 59211.55078125 7622.149902343745
X Ve valid 1 0 0 0 0 0 0.0 60850.0 59182.1015625 15213.2998046875
X Ed valid 2 1 0 0 0 0 2.1015625 60850.0 59181.05078125 15213.2998046875
X Ve valid 1 0 0 0 0 0 0.0 60850.0 59100.0 15213.2998046875
X Ed valid 2 1 0 0 0 0 82.1015625 60850.0 59141.05078125 15213.2998046875
X Ve valid 1 0 0 0 0 0 0.0 60850.0 59100.0 13613.2998046875
X Ed valid 2 1 0 0 0 0 1600.0 60850.0 59100.0 14413.2998046875
X Ve valid 1 0 0 0 0 0 0.0 60850.0 59500.0 15213.2998046875
X Ve valid 1 0 0 0 0 0 0.0 60850.0 59500.0 15131.0
X Ed valid 2 1 0 0 0 0 82.2998046875 60850.0 59500.0 15172.14990234375
X Ve valid 1 0 0 0 0 0 0.0 60850.0 59500.0 15133.099609375
X Ed valid 2 1 0 0 0 0 2.099609375 60850.0 59500.0 15132.0498046875
X Ve valid 1 0 0 0 0 0 0.0 60850.0 59500.0 31.0
X Ed valid 2 1 0 0 0 0 15102.099609375 60850.0 59500.0 7582.0498046875
X Ve valid 1 0 0 0 0 0 0.0 60850.0 59500.0 15007.0
X Ed valid 2 1 0 0 0 0 14976.0 60850.0 59500.0 7519.0
X Ve valid 1 0 0 0 0 0 0.0 60850.0 59500.0 15009.0
X Ed valid 2 1 0 0 0 0 2.0 60850.0 59500.0 15008.0
X Ve valid 1 0 0 0 0 0 0.0 60850.0 59500.0 14938.2001953125
X Ed valid 2 1 0 0 0 0 70.7998046875 60850.0 59500.0 14973.60009765625
X Ve valid 1 0 0 0 0 0 0.0 60850.0 59100.0 15213.2998046875
X Ve valid 1 0 0 0 0 0 0.0 60850.0 59100.0 16295.5
X Ed valid 2 1 0 0 0 0 1082.2001953125 60850.0 59100.0 15754.39990234375
X Ve valid 1 0 0 0 0 0 0.0 60850.0 59100.0 16293.400390625
X Ed valid 2 1 0 0 0 0 2.099609375 60850.0 59100.0 16294.4501953125
X Ve valid 1 0 0 0 0 0 0.0 60850.0 59100.0 0.0
X Ed valid 2 1 0 0 0 0 16293.400390625 60850.0 59100.0 8146.7001953125
X Ve valid 1 0 0 0 0 0 0.0 55700.0 56850.0 11313.2998046875
X Ve valid 1 0 0 0 0 0 0.0 55700.0 56850.0 11232.0
X Ed valid 2 1 0 0 0 0 81.2998046875 55700.0 56850.0 11272.64990234375
X Ve valid 1 0 0 0 0 0 0.0 55700.0 56850.0 11234.099609375
X Ed valid 2 1 0 0 0 0 2.099609375 55700.0 56850.0 11233.0498046875
X Ve valid 1 0 0 0 0 0 0.0 55700.0 56850.0 31.0
X Ed valid 2 1 0 0 0 0 11203.099609375 55700.0 56850.0 5632.5498046875
X Ve valid 1 0 0 0 0 0 0.0 55700.0 56850.0 11108.0
X Ed valid 2 1 0 0 0 0 11077.0 55700.0 56850.0 5569.5
X Ve valid 1 0 0 0 0 0 0.0 55700.0 56850.0 11110.0
X Ed valid 2 1 0 0 0 0 2.0 55700.0 56850.0 11109.0
X Ve valid 1 0 0 0 0 0 0.0 55700.0 56850.0 11026.7998046875
X Ed valid 2 1 0 0 0 0 83.2001953125 55700.0 56850.0 11068.39990234375
X Ve valid 1 0 0 0 0 0 0.0 55700.0 57000.0 11913.2998046875
X Ve valid 1 0 0 0 0 0 0.0 55700.0 57000.0 11832.0
X Ed valid 2 1 0 0 0 0 81.2998046875 55700.0 57000.0 11872.64990234375
X Ve valid 1 0 0 0 0 0 0.0 55700.0 57000.0 11834.099609375
X Ed valid 2 1 0 0 0 0 2.099609375 55700.0 57000.0 11833.0498046875
X Ve valid 1 0 0 0 0 0 0.0 55700.0 57000.0 31.0
X Ed valid 2 1 0 0 0 0 11803.099609375 55700.0 57000.0 5932.549804687499
X Ve valid 1 0 0 0 0 0 0.0 55700.0 57000.0 11708.0
X Ed valid 2 1 0 0 0 0 11677.0 55700.0 57000.0 5869.5
X Ve valid 1 0 0 0 0 0 0.0 55700.0 57000.0 11710.0
X Ed valid 2 1 0 0 0 0 2.0 55700.0 57000.0 11709.0
X Ve valid 1 0 0 0 0 0 0.0 55700.0 57000.0 11639.5
X Ed valid 2 1 0 0 0 0 70.5 55700.0 57000.0 11674.75
X Ve valid 1 0 0 0 0 0 0.0 55985.0 56500.0 12320.0
X Ve valid 1 0 0 0 0 0 0.0 55923.30078125 56500.0 31.0
X Ed valid 2 1 0 0 0 0 12289.1548852472 55954.15039062501 56500.0 6175.499999999984
X Ve valid 1 0 0 0 0 0 0.0 55860.19921875 56500.0 12320.0
X Ed valid 2 1 0 0 0 0 12289.1620058973 55891.75000000001 56500.0 6175.499999999996
X Ve valid 1 0 0 0 0 0 0.0 55862.30078125 56500.0 12320.0
X Ed valid 2 1 0 0 0 0 2.1015625 55861.25 56500.0 12320.0
X Ve valid 1 0 0 0 0 0 0.0 55700.0 56500.0 12320.0
X Ed valid 2 1 0 0 0 0 162.30078125 55781.150390625 56500.0 12320.0
X Ve valid 1 0 0 0 0 0 0.0 55700.0 56500.0 11313.2998046875
X Ed valid 2 1 0 0 0 0 1006.7001953125 55700.0 56500.0 11816.64990234375
X Ve valid 1 0 0 0 0 0 0.0 55700.0 56581.30078125 11313.2998046875
X Ed valid 2 1 0 0 0 0 81.30078125 55700.0 56540.650390625 11313.2998046875
X Ve valid 1 0 0 0 0 0 0.0 55700.0 56579.19921875 11313.2998046875
X Ed valid 2 1 0 0 0 0 2.1015625 55700.0 56580.25 11313.2998046875
X Ve valid 1 0 0 0 0 0 0.0 55700.0 56642.30078125 31.0
X Ed valid 2 1 0 0 0 0 11282.4762658754 55700.0 56610.74999999999 5672.149902343745
X Ve valid 1 0 0 0 0 0 0.0 55700.0 56705.3984375 11313.2998046875
X Ed valid 2 1 0 0 0 0 11282.4762440289 55699.99999999999 56673.849609375 5672.149902343764
X Ve valid 1 0 0 0 0 0 0.0 55700.0 56703.30078125 11313.2998046875
X Ed valid 2 1 0 0 0 0 2.09765625 55700.0 56704.349609375 11313.2998046875
X Ve valid 1 0 0 0 0 0 0.0 55700.0 56850.0 11313.2998046875
X Ed valid 2 1 0 0 0 0 146.69921875 55700.0 56776.650390625 11313.2998046875
X Ve valid 1 0 0 0 0 0 0.0 55700.0 56850.0 11394.400390625
X Ed valid 2 1 0 0 0 0 81.1005859375 55700.0 56850.0 11353.85009765625
X Ve valid 1 0 0 0 0 0 0.0 55700.0 56850.0 11392.2998046875
X Ed valid 2 1 0 0 0 0 2.1005859375 55700.0 56850.0 11393.35009765625
X Ve valid 1 0 0 0 0 0 0.0 55700.0 56850.0 11571.900390625
X Ed valid 2 1 0 0 0 0 179.6005859375 55700.0 56850.0 11482.10009765625
X Ve valid 1 0 0 0 0 0 0.0 55700.0 56850.0 11751.5
X Ed valid 2 1 0 0 0 0 179.599609375 55700.0 56850.0 11661.7001953125
X Ve valid 1 0 0 0 0 0 0.0 55700.0 56850.0 11749.400390625
X Ed valid 2 1 0 0 0 0 2.099609375 55700.0 56850.0 11750.4501953125
X Ve valid 1 0 0 0 0 0 0.0 55700.0 56850.0 11913.2998046875
X Ed valid 2 1 0 0 0 0 163.8994140625 55700.0 56850.0 11831.35009765625
X Ve valid 1 0 0 0 0 0 0.0 55700.0 57000.0 11913.2998046875
X Ed valid 2 1 0 0 0 0 150.0 55700.0 56925.0 11913.2998046875
X Ve valid 1 0 0 0 0 0 0.0 55700.0 57081.30078125 11913.2998046875
X Ed valid 2 1 0 0 0 0 81.30078125 55700.0 57040.650390625 11913.2998046875
X Ve valid 1 0 0 0 0 0 0.0 55700.0 57079.19921875 11913.2998046875
X Ed valid 2 1 0 0 0 0 2.1015625 55700.0 57080.25 11913.2998046875
X Ve valid 1 0 0 0 0 0 0.0 55700.0 57175.80078125 11913.2998046875
X Ed valid 2 1 0 0 0 0 96.6015625 55700.0 57127.5 11913.2998046875
X Ve valid 1 0 0 0 0 0 0.0 55700.0 57272.3984375 11913.2998046875
X Ed valid 2 1 0 0 0 0 96.59765625 55700.0 57224.099609375 11913.2998046875
X Ve valid 1 0 0 0 0 0 0.0 55700.0 57270.30078125 11913.2998046875
X Ed valid 2 1 0 0 0 0 2.09765625 55700.0 57271.349609375 11913.2998046875
X Ve valid 1 0 0 0 0 0 0.0 55700.0 57450.0 11913.2998046875
X Ed valid 2 1 0 0 0 0 179.69921875 55700.0 57360.150390625 11913.2998046875
X Ve valid 1 0 0 0 0 0 0.0 55700.0 57450.0 12913.2998046875
X Ed valid 2 1 0 0 0 0 1000.0 55700.0 57450.0 12413.2998046875
X Ve valid 1 0 0 0 0 0 0.0 58308.69921875 56838.1015625 15280.0
X Ve valid 1 0 0 0 0 0 0.0 58306.8984375 56833.80078125 15280.0
X Ed valid 2 1 0 0 0 0 4.66256715455157 58307.79882812501 56835.951171875 15280.0
X Ve valid 1 0 0 0 0 0 0.0 58307.69921875 56835.80078125 15280.0
X Ed valid 2 1 0 0 0 0 2.15435619393627 58307.298828125 56834.80078125 15280.000000000002
X Ve valid 1 0 0 0 0 0 0.0 58230.80078125 56650.0 15280.0
X Ed valid 2 1 0 0 0 0 201.08530528870497 58269.25 56742.900390625 15280.0
X Ve valid 1 0 0 0 0 0 0.0 58230.80078125 56650.0 15113.2998046875
X Ed valid 2 1 0 0 0 0 166.7001953125 58230.80078125 56650.0 15196.64990234375
X Ve valid 1 0 0 0 0 0 0.0 58104.1015625 56650.0 15113.2998046875
X Ed valid 2 1 0 0 0 0 126.69921875 58167.451171875 56650.0 15113.2998046875
X Ve valid 1 0 0 0 0 0 0.0 58106.19921875 56650.0 15113.2998046875
X Ed valid 2 1 0 0 0 0 2.09765625 58105.150390625 56650.0 15113.2998046875
X Ve valid 1 0 0 0 0 0 0.0 58043.1015625 56650.0 15113.2998046875
X Ed valid 2 1 0 0 0 0 63.09765625 58074.650390625 56650.0 15113.2998046875
X Ve valid 1 0 0 0 0 0 0.0 57980.0 56650.0 15113.2998046875
X Ed valid 2 1 0 0 0 0 63.1015625 58011.55078125 56650.0 15113.2998046875
X Ve valid 1 0 0 0 0 0 0.0 57982.1015625 56650.0 15113.2998046875
X Ed valid 2 1 0 0 0 0 2.1015625 57981.05078125 56650.0 15113.2998046875
X Ve valid 1 0 0 0 0 0 0.0 57900.0 56650.0 15113.2998046875
X Ed valid 2 1 0 0 0 0 82.1015625 57941.05078125 56650.0 15113.2998046875
X Ve valid 1 0 0 0 0 0 0.0 57900.0 56650.0 13613.2998046875
X Ed valid 2 1 0 0 0 0 1500.0 57900.0 56650.0 14363.2998046875
X Ve valid 1 0 0 0 0 0 0.0 55700.0 56500.0 11313.2998046875
X Ve valid 1 0 0 0 0 0 0.0 55700.0 56500.0 11232.0
X Ed valid 2 1 0 0 0 0 81.2998046875 55700.0 56500.0 11272.64990234375
X Ve valid 1 0 0 0 0 0 0.0 55700.0 56500.0 11234.099609375
X Ed valid 2 1 0 0 0 0 2.099609375 55700.0 56500.0 11233.0498046875
X Ve valid 1 0 0 0 0 0 0.0 55700.0 56500.0 31.0
X Ed valid 2 1 0 0 0 0 11203.099609375 55700.0 56500.0 5632.5498046875
X Ve valid 1 0 0 0 0 0 0.0 55700.0 56500.0 11108.0
X Ed valid 2 1 0 0 0 0 11077.0 55700.0 56500.0 5569.5
X Ve valid 1 0 0 0 0 0 0.0 55700.0 56500.0 11110.0
X Ed valid 2 1 0 0 0 0 2.0 55700.0 56500.0 11109.0
X Ve valid 1 0 0 0 0 0 0.0 55700.0 56500.0 10966.7001953125
X Ed valid 2 1 0 0 0 0 143.2998046875 55700.0 56500.0 11038.35009765625
X Ve valid 1 0 0 0 0 0 0.0 59200.0 56850.0 13806.7001953125
X Ve valid 1 0 0 0 0 0 0.0 59200.0 56850.0 14004.2001953125
X Ed valid 2 1 0 0 0 0 197.5 59200.0 56850.0 13905.4501953125
X Ve valid 1 0 0 0 0 0 0.0 59200.0 56850.0 14002.099609375
X Ed valid 2 1 0 0 0 0 2.1005859375 59200.0 56850.0 14003.14990234375
X Ve valid 1 0 0 0 0 0 0.0 59200.0 56850.0 14006.7001953125
X Ed valid 2 1 0 0 0 0 4.6005859375 59200.0 56850.0 14004.39990234375
X Ve valid 1 0 0 0 0 0 0.0 58771.0 57029.0 13840.599609375
X Ve valid 1 0 0 0 0 0 0.0 58773.69921875 57026.30078125 13836.900390625
X Ed valid 2 1 0 0 0 0 5.31561690503131 58772.34960937501 57027.650390625 13838.749999999998
X Ve valid 1 0 0 0 0 0 0.0 58772.30078125 57027.69921875 13838.900390625
X Ed valid 2 1 0 0 0 0 2.81269530571879 58773.0 57027.00000000001 13837.900390625002
X Ve valid 1 0 0 0 0 0 0.0 58840.80078125 56959.19921875 13741.900390625
X Ed valid 2 1 0 0 0 0 137.089386897746 58806.55078125 56993.44921875 13790.400390625
X Ve valid 1 0 0 0 0 0 0.0 58950.0 56850.0 13741.900390625
X Ed valid 2 1 0 0 0 0 154.431016156796 58895.40039062501 56904.599609375 13741.900390625
X Ve valid 1 0 0 0 0 0 0.0 59024.80078125 56850.0 13762.2001953125
X Ed valid 2 1 0 0 0 0 77.5063800339107 58987.40039062501 56850.0 13752.05029296875
X Ve valid 1 0 0 0 0 0 0.0 59200.0 56850.0 13762.2001953125
X Ed valid 2 1 0 0 0 0 175.19921875 59112.400390625 56850.0 13762.2001953125
X Ve valid 1 0 0 0 0 0 0.0 59377.3984375 56850.0 13762.2001953125
X Ed valid 2 1 0 0 0 0 177.3984375 59288.69921875 56850.0 13762.2001953125
X Ve valid 1 0 0 0 0 0 0.0 59500.0 56850.0 13747.900390625
X Ed valid 2 1 0 0 0 0 123.432684251547 59438.69921875 56850.0 13755.05029296875
X Ve valid 1 0 0 0 0 0 0.0 59500.0 56850.0 13605.900390625
X Ed valid 2 1 0 0 0 0 142.0 59500.0 56850.0 13676.900390625
X Ve valid 1 0 0 0 0 0 0.0 59500.0 56850.0 13608.7001953125
X Ed valid 2 1 0 0 0 0 2.7998046875 59500.0 56850.0 13607.30029296875
X Ve valid 1 0 0 0 0 0 0.0 59500.0 56850.0 13602.5
X Ed valid 2 1 0 0 0 0 6.2001953125 59500.0 56850.0 13605.60009765625
X Ve valid 1 0 0 0 0 0 0.0 59900.0 56673.19921875 12425.0
X Ve valid 1 0 0 0 0 0 0.0 59900.0 56673.19921875 31.0
X Ed valid 2 1 0 0 0 0 12394.0 59900.0 56673.19921875 6228.0
X Ve valid 1 0 0 0 0 0 0.0 59900.0 56673.19921875 12598.5
X Ed valid 2 1 0 0 0 0 12567.5 59900.0 56673.19921875 6314.75
X Ve valid 1 0 0 0 0 0 0.0 59900.0 56673.19921875 12595.7001953125
X Ed valid 2 1 0 0 0 0 2.7998046875 59900.0 56673.19921875 12597.10009765625
X Ve valid 1 0 0 0 0 0 0.0 59900.0 56673.19921875 12746.099609375
X Ed valid 2 1 0 0 0 0 150.3994140625 59900.0 56673.19921875 12670.89990234375
X Ve valid 1 0 0 0 0 0 0.0 59900.0 56850.0 12746.099609375
X Ed valid 2 1 0 0 0 0 176.80078125 59900.0 56761.599609375 12746.099609375
X Ve valid 1 0 0 0 0 0 0.0 59620.0 56850.0 12752.099609375
X Ed valid 2 1 0 0 0 0 280.064278336242 59760.0 56850.0 12749.099609375
X Ve valid 1 0 0 0 0 0 0.0 59500.0 56850.0 12752.099609375
X Ed valid 2 1 0 0 0 0 120.0 59560.0 56850.0 12752.099609375
X Ve valid 1 0 0 0 0 0 0.0 59500.0 56850.0 12894.099609375
X Ed valid 2 1 0 0 0 0 142.0 59500.0 56850.0 12823.099609375
X Ve valid 1 0 0 0 0 0 0.0 59500.0 56850.0 12891.2998046875
X Ed valid 2 1 0 0 0 0 2.7998046875 59500.0 56850.0 12892.69970703125
X Ve valid 1 0 0 0 0 0 0.0 59500.0 56850.0 12897.5
X Ed valid 2 1 0 0 0 0 6.2001953125 59500.0 56850.0 12894.39990234375
X Ve valid 1 0 0 0 0 0 0.0 52000.0 57100.0 9316.7001953125
X Ve valid 1 0 0 0 0 0 0.0 52000.0 57100.0 2316.69995117188
X Ed valid 2 1 0 0 0 0 7000.00024414063 52000.0 57100.0 5816.700073242186
X Ve valid 1 0 0 0 0 0 0.0 57750.0 57100.0 2316.69995117188
X Ed valid 2 1 0 0 0 0 5750.0 54875.0 57100.0 2316.69995117188
X Ve valid 1 0 0 0 0 0 0.0 57750.0 56900.0 2316.69995117188
X Ed valid 2 1 0 0 0 0 200.0 57750.0 57000.0 2316.69995117188
X Ve valid 1 0 0 0 0 0 0.0 57750.0 56900.0 517.0
X Ed valid 2 1 0 0 0 0 1799.69995117188 57750.0 56900.0 1416.84997558594
X Ve valid 1 0 0 0 0 0 0.0 57750.0 56978.19921875 517.0
X Ed valid 2 1 0 0 0 0 78.19921875 57750.0 56939.099609375 517.0
X Ve valid 1 0 0 0 0 0 0.0 57750.0 57200.0 517.0
X Ed valid 2 1 0 0 0 0 221.80078125 57750.0 57089.099609375 517.0
X Ve valid 1 0 0 0 0 0 0.0 57658.19921875 57200.0 517.0
X Ed valid 2 1 0 0 0 0 91.80078125 57704.099609375 57200.0 517.0
X Ve valid 1 0 0 0 0 0 0.0 57661.0 57200.0 517.0
X Ed valid 2 1 0 0 0 0 2.80078125 57659.599609375 57200.0 517.0
X Ve valid 1 0 0 0 0 0 0.0 57592.19921875 57200.0 31.0
X Ed valid 2 1 0 0 0 0 490.8457471554689 57626.599609375 57200.0 273.99999999999983
X Ve valid 1 0 0 0 0 0 0.0 57430.5 57200.0 517.0
X Ed valid 2 1 0 0 0 0 512.193945048514 57511.349609375 57200.0 274.0
X Ve valid 1 0 0 0 0 0 0.0 57330.19921875 57200.0 517.0
X Ed valid 2 1 0 0 0 0 100.30078125 57380.349609375 57200.0 517.0
X Ve valid 1 0 0 0 0 0 0.0 57333.0 57200.0 517.0
X Ed valid 2 1 0 0 0 0 2.80078125 57331.599609375 57200.0 517.0
X Ve valid 1 0 0 0 0 0 0.0 57177.8984375 57200.0 517.0
X Ed valid 2 1 0 0 0 0 155.1015625 57255.44921875 57200.0 517.0
X Ve valid 1 0 0 0 0 0 0.0 57092.5 57200.0 517.0
X Ed valid 2 1 0 0 0 0 85.3984375 57135.19921875 57200.0 517.0
X Ve valid 1 0 0 0 0 0 0.0 57095.30078125 57200.0 517.0
X Ed valid 2 1 0 0 0 0 2.80078125 57093.900390625 57200.0 517.0
X Ve valid 1 0 0 0 0 0 0.0 57090.0 57200.0 517.0
X Ed valid 2 1 0 0 0 0 5.30078125 57092.650390625 57200.0 517.0
X Ve valid 1 0 0 0 0 0 0.0 57750.0 56978.19921875 517.0
X Ve valid 1 0 0 0 0 0 0.0 57658.19921875 56978.19921875 517.0
X Ed valid 2 1 0 0 0 0 91.80078125 57704.099609375 56978.19921875 517.0
X Ve valid 1 0 0 0 0 0 0.0 57661.0 56978.19921875 517.0
X Ed valid 2 1 0 0 0 0 2.80078125 57659.599609375 56978.19921875 517.0
X Ve valid 1 0 0 0 0 0 0.0 57592.19921875 56978.19921875 31.0
X Ed valid 2 1 0 0 0 0 490.8457471554689 57626.599609375 56978.19921875 273.99999999999983
X Ve valid 1 0 0 0 0 0 0.0 57523.3984375 56978.19921875 517.0
X Ed valid 2 1 0 0 0 0 490.8457471554689 57557.798828125 56978.19921875 274.00000000000006
X Ve valid 1 0 0 0 0 0 0.0 57526.19921875 56978.19921875 517.0
X Ed valid 2 1 0 0 0 0 2.80078125 57524.798828125 56978.19921875 517.0
X Ve valid 1 0 0 0 0 0 0.0 57475.80078125 56978.19921875 517.0
X Ed valid 2 1 0 0 0 0 50.3984375 57501.0 56978.19921875 517.0
X Ve valid 1 0 0 0 0 0 0.0 60000.0 56500.0 11020.0
X Ve valid 1 0 0 0 0 0 0.0 60000.0 56500.0 11013.599609375
X Ed valid 2 1 0 0 0 0 6.400390625 60000.0 56500.0 11016.7998046875
X Ve valid 1 0 0 0 0 0 0.0 60000.0 56500.0 11016.599609375
X Ed valid 2 1 0 0 0 0 3.0 60000.0 56500.0 11015.099609375
X Ve valid 1 0 0 0 0 0 0.0 60000.0 56500.0 10865.099609375
X Ed valid 2 1 0 0 0 0 151.5 60000.0 56500.0 10940.849609375
X Ve valid 1 0 0 0 0 0 0.0 60000.0 56348.5 10865.099609375
X Ed valid 2 1 0 0 0 0 151.5 60000.0 56424.25 10865.099609375
X Ve valid 1 0 0 0 0 0 0.0 60000.0 56351.5 10865.099609375
X Ed valid 2 1 0 0 0 0 3.0 60000.0 56350.0 10865.099609375
X Ve valid 1 0 0 0 0 0 0.0 60000.0 56345.1015625 10865.099609375
X Ed valid 2 1 0 0 0 0 6.3984375 60000.0 56348.30078125 10865.099609375
X Ve valid 1 0 0 0 0 0 0.0 60000.0 56150.0 10837.2998046875
X Ed valid 2 1 0 0 0 0 197.07219192621898 60000.0 56247.55078125 10851.19970703125
X Ve valid 1 0 0 0 0 0 0.0 59908.19921875 56150.0 10837.2998046875
X Ed valid 2 1 0 0 0 0 91.80078125 59954.099609375 56150.0 10837.2998046875
X Ve valid 1 0 0 0 0 0 0.0 59911.0 56150.0 10837.2998046875
X Ed valid 2 1 0 0 0 0 2.80078125 59909.599609375 56150.0 10837.2998046875
X Ve valid 1 0 0 0 0 0 0.0 59842.19921875 56150.0 31.0
X Ed valid 2 1 0 0 0 0 10806.5188204292 59876.599609375 56150.0 5434.149902343731
X Ve valid 1 0 0 0 0 0 0.0 59773.3984375 56150.0 10837.2998046875
X Ed valid 2 1 0 0 0 0 10806.5188204292 59807.798828125 56150.0 5434.149902343768
X Ve valid 1 0 0 0 0 0 0.0 59776.19921875 56150.0 10837.2998046875
X Ed valid 2 1 0 0 0 0 2.80078125 59774.798828125 56150.0 10837.2998046875
X Ve valid 1 0 0 0 0 0 0.0 59600.0 56150.0 10837.2998046875
X Ed valid 2 1 0 0 0 0 176.19921875 59688.099609375 56150.0 10837.2998046875
X Ve valid 1 0 0 0 0 0 0.0 59600.0 56150.0 9516.7001953125
X Ed valid 2 1 0 0 0 0 1320.599609375 59600.0 56150.0 10177.0
X Ve valid 1 0 0 0 0 0 0.0 60000.0 56500.0 10865.099609375
X Ve valid 1 0 0 0 0 0 0.0 60000.0 56652.5 10865.099609375
X Ed valid 2 1 0 0 0 0 152.5 60000.0 56576.25 10865.099609375
X Ve valid 1 0 0 0 0 0 0.0 60000.0 56649.5 10865.099609375
X Ed valid 2 1 0 0 0 0 3.0 60000.0 56651.0 10865.099609375
X Ve valid 1 0 0 0 0 0 0.0 60000.0 56655.8984375 10865.099609375
X Ed valid 2 1 0 0 0 0 6.3984375 60000.0 56652.69921875 10865.099609375
X Ve valid 1 0 0 0 0 0 0.0 56990.0 57200.0 697.0
X Ve valid 1 0 0 0 0 0 0.0 56990.0 57200.0 702.299987792969
X Ed valid 2 1 0 0 0 0 5.29998779296875 56990.0 57200.0 699.6499938964844
X Ve valid 1 0 0 0 0 0 0.0 56990.0 57200.0 699.5
X Ed valid 2 1 0 0 0 0 2.79998779296875 56990.0 57200.0 700.8999938964846
X Ve valid 1 0 0 0 0 0 0.0 56990.0 57200.0 778.599975585938
X Ed valid 2 1 0 0 0 0 79.0999755859375 56990.0 57200.0 739.0499877929688
X Ve valid 1 0 0 0 0 0 0.0 56990.0 57200.0 834.400024414063
X Ed valid 2 1 0 0 0 0 55.800048828125 56990.0 57200.0 806.5000000000003
X Ve valid 1 0 0 0 0 0 0.0 56990.0 56859.0 834.400024414063
X Ed valid 2 1 0 0 0 0 341.0 56990.0 57029.5 834.4000244140631
X Ve valid 1 0 0 0 0 0 0.0 56990.0 56800.0 834.400024414063
X Ed valid 2 1 0 0 0 0 59.0 56990.0 56829.5 834.400024414063
X Ve valid 1 0 0 0 0 0 0.0 56790.0 56800.0 834.400024414063
X Ed valid 2 1 0 0 0 0 200.0 56890.0 56800.0 834.400024414063
X Ve valid 1 0 0 0 0 0 0.0 56707.69921875 56800.0 834.400024414063
X Ed valid 2 1 0 0 0 0 82.30078125 56748.849609375 56800.0 834.4000244140631
X Ve valid 1 0 0 0 0 0 0.0 56709.80078125 56800.0 834.400024414063
X Ed valid 2 1 0 0 0 0 2.1015625 56708.75 56800.0 834.400024414063
X Ve valid 1 0 0 0 0 0 0.0 56646.69921875 56800.0 35.0
X Ed valid 2 1 0 0 0 0 801.886654224364 56678.25000000001 56800.00000000001 434.7000122070318
X Ve valid 1 0 0 0 0 0 0.0 56583.6015625 56800.0 834.400024414063
X Ed valid 2 1 0 0 0 0 801.8863468456409 56615.15039062501 56800.0 434.7000122070315
X Ve valid 1 0 0 0 0 0 0.0 56585.69921875 56800.0 834.400024414063
X Ed valid 2 1 0 0 0 0 2.09765625 56584.650390625 56800.0 834.400024414063
X Ve valid 1 0 0 0 0 0 0.0 56400.0 56800.0 834.400024414063
X Ed valid 2 1 0 0 0 0 185.69921875 56492.849609375 56800.0 834.400024414063
X Ve valid 1 0 0 0 0 0 0.0 56400.0 56800.0 916.5
X Ed valid 2 1 0 0 0 0 82.0999755859375 56400.0 56800.0 875.4500122070318
X Ve valid 1 0 0 0 0 0 0.0 56400.0 56800.0 914.400024414063
X Ed valid 2 1 0 0 0 0 2.0999755859375 56400.0 56800.0 915.4500122070312
X Ve valid 1 0 0 0 0 0 0.0 56400.0 56800.0 31.0
X Ed valid 2 1 0 0 0 0 883.400024414063 56399.99999999999 56799.99999999999 472.7000122070315
X Ve valid 1 0 0 0 0 0 0.0 56400.0 56800.0 1040.59997558594
X Ed valid 2 1 0 0 0 0 1009.59997558594 56400.0 56800.0 535.79998779297
X Ve valid 1 0 0 0 0 0 0.0 56400.0 56800.0 1038.5
X Ed valid 2 1 0 0 0 0 2.0999755859375 56400.0 56800.0 1039.5499877929713
X Ve valid 1 0 0 0 0 0 0.0 56400.0 56800.0 2313.39990234375
X Ed valid 2 1 0 0 0 0 1274.89990234375 56400.0 56800.0 1675.949951171875
X Ve valid 1 0 0 0 0 0 0.0 56400.0 56650.0 2313.39990234375
X Ed valid 2 1 0 0 0 0 150.0 56400.0 56725.0 2313.39990234375
X Ve valid 1 0 0 0 0 0 0.0 52000.0 56650.0 2313.39990234375
X Ed valid 2 1 0 0 0 0 4400.0 54200.0 56650.0 2313.39990234375
X Ve valid 1 0 0 0 0 0 0.0 52000.0 56650.0 5513.39990234375
X Ed valid 2 1 0 0 0 0 3200.0 52000.0 56650.0 3913.39990234375
X Ve valid 1 0 0 0 0 0 0.0 58600.0 56650.0 5513.39990234375
X Ed valid 2 1 0 0 0 0 6600.0 55300.0 56650.0 5513.39990234375
X Ve valid 1 0 0 0 0 0 0.0 58600.0 56650.0 5813.39990234375
X Ed valid 2 1 0 0 0 0 300.0 58600.0 56650.0 5663.39990234375
X Ve valid 1 0 0 0 0 0 0.0 58600.0 54800.0 5813.39990234375
X Ed valid 2 1 0 0 0 0 1850.0 58600.0 55725.0 5813.39990234375
X Ve valid 1 0 0 0 0 0 0.0 58600.0 54800.0 6013.39990234375
X Ed valid 2 1 0 0 0 0 200.0 58600.0 54800.0 5913.39990234375
X Ve valid 1 0 0 0 0 0 0.0 59300.0 54800.0 6013.39990234375
X Ed valid 2 1 0 0 0 0 700.0 58950.0 54800.0 6013.39990234375
X Ve valid 1 0 0 0 0 0 0.0 59300.0 54800.0 7116.7001953125
X Ed valid 2 1 0 0 0 0 1103.30029296875 59300.0 54800.0 6565.050048828125
X Ve valid 1 0 0 0 0 0 0.0 59217.8984375 54800.0 7116.7001953125
X Ed valid 2 1 0 0 0 0 82.1015625 59258.94921875 54800.0 7116.7001953125
X Ve valid 1 0 0 0 0 0 0.0 59220.0 54800.0 7116.7001953125
X Ed valid 2 1 0 0 0 0 2.1015625 59218.94921875 54800.0 7116.7001953125
X Ve valid 1 0 0 0 0 0 0.0 59156.8984375 54800.0 35.0
X Ed valid 2 1 0 0 0 0 7081.98132329358 59188.44921875 54800.0 3575.850097656248
X Ve valid 1 0 0 0 0 0 0.0 59093.80078125 54800.0 7116.7001953125
X Ed valid 2 1 0 0 0 0 7081.98128848935 59125.349609375 54800.0 3575.8500976562473
X Ve valid 1 0 0 0 0 0 0.0 59095.8984375 54800.0 7116.7001953125
X Ed valid 2 1 0 0 0 0 2.09765625 59094.849609375 54800.0 7116.7001953125
X Ve valid 1 0 0 0 0 0 0.0 59013.6015625 54800.0 7116.7001953125
X Ed valid 2 1 0 0 0 0 82.296875 59054.75 54800.0 7116.7001953125
X Ve valid 1 0 0 0 0 0 0.0 58775.8984375 54800.0 7116.7001953125
X Ed valid 2 1 0 0 0 0 237.703125 58894.75 54800.0 7116.7001953125
X Ve valid 1 0 0 0 0 0 0.0 58778.0 54800.0 7116.7001953125
X Ed valid 2 1 0 0 0 0 2.1015625 58776.94921875 54800.0 7116.7001953125
X Ve valid 1 0 0 0 0 0 0.0 58714.8984375 54800.0 31.0
X Ed valid 2 1 0 0 0 0 7085.98116459828 58746.44921875 54800.0 3573.8500976562473
X Ve valid 1 0 0 0 0 0 0.0 58553.19921875 54800.0 7116.7001953125
X Ed valid 2 1 0 0 0 0 7087.54498364532 58634.048828125 54800.0 3573.8500976562495
X Ve valid 1 0 0 0 0 0 0.0 58325.0 54800.0 7116.7001953125
X Ed valid 2 1 0 0 0 0 228.19921875 58439.099609375 54800.0 7116.7001953125
X Ve valid 1 0 0 0 0 0 0.0 58195.3984375 54800.0 7116.7001953125
X Ed valid 2 1 0 0 0 0 129.6015625 58260.19921875 54800.0 7116.7001953125
X Ve valid 1 0 0 0 0 0 0.0 58197.5 54800.0 7116.7001953125
X Ed valid 2 1 0 0 0 0 2.1015625 58196.44921875 54800.0 7116.7001953125
X Ve valid 1 0 0 0 0 0 0.0 58000.0 54800.0 7116.7001953125
X Ed valid 2 1 0 0 0 0 197.5 58098.75 54800.0 7116.7001953125
X Ve valid 1 0 0 0 0 0 0.0 58000.0 54995.8984375 7116.7001953125
X Ed valid 2 1 0 0 0 0 195.8984375 58000.0 54897.94921875 7116.7001953125
X Ve valid 1 0 0 0 0 0 0.0 58000.0 54993.80078125 7116.7001953125
X Ed valid 2 1 0 0 0 0 2.09765625 58000.0 54994.849609375 7116.7001953125
X Ve valid 1 0 0 0 0 0 0.0 58000.0 55056.8984375 7116.7001953125
X Ed valid 2 1 0 0 0 0 63.09765625 58000.0 55025.349609375 7116.7001953125
X Ve valid 1 0 0 0 0 0 0.0 58000.0 55120.0 7116.7001953125
X Ed valid 2 1 0 0 0 0 63.1015625 58000.0 55088.44921875 7116.7001953125
X Ve valid 1 0 0 0 0 0 0.0 58000.0 55117.8984375 7116.7001953125
X Ed valid 2 1 0 0 0 0 2.1015625 58000.0 55118.94921875 7116.7001953125
X Ve valid 1 0 0 0 0 0 0.0 58000.0 55200.0 7116.7001953125
X Ed valid 2 1 0 0 0 0 82.1015625 58000.0 55158.94921875 7116.7001953125
X Ve valid 1 0 0 0 0 0 0.0 56990.0 56859.0 834.400024414063
X Ve valid 1 0 0 0 0 0 0.0 56990.0 56859.0 916.700012207031
X Ed valid 2 1 0 0 0 0 82.2999877929688 56989.99999999999 56858.99999999999 875.5500183105473
X Ve valid 1 0 0 0 0 0 0.0 56990.0 56859.0 914.599975585938
X Ed valid 2 1 0 0 0 0 2.10003662109375 56990.0 56859.0 915.6499938964841
X Ve valid 1 0 0 0 0 0 0.0 56990.0 56859.0 31.0
X Ed valid 2 1 0 0 0 0 883.599975585938 56989.99999999999 56858.99999999999 472.799987792969
X Ve valid 1 0 0 0 0 0 0.0 56990.0 56859.0 1030.40002441406
X Ed valid 2 1 0 0 0 0 999.400024414063 56990.0 56859.0 530.7000122070315
X Ve valid 1 0 0 0 0 0 0.0 56400.0 56800.0 834.400024414063
X Ve valid 1 0 0 0 0 0 0.0 56400.0 56800.0 752.099975585938
X Ed valid 2 1 0 0 0 0 82.300048828125 56400.0 56800.0 793.2500000000005
X Ve valid 1 0 0 0 0 0 0.0 56400.0 56800.0 754.200012207031
X Ed valid 2 1 0 0 0 0 2.10003662109375 56400.0 56800.0 753.1499938964848
X Ve valid 1 0 0 0 0 0 0.0 56400.0 56800.0 31.0
X Ed valid 2 1 0 0 0 0 723.200012207031 56400.0 56800.0 392.6000061035155
X Ve valid 1 0 0 0 0 0 0.0 56400.0 56800.0 628.0
X Ed valid 2 1 0 0 0 0 597.0 56400.0 56800.0 329.5
X Ve valid 1 0 0 0 0 0 0.0 56400.0 56800.0 630.099975585938
X Ed valid 2 1 0 0 0 0 2.0999755859375 56400.0 56800.0 629.0499877929688
X Ve valid 1 0 0 0 0 0 0.0 56400.0 56800.0 556.0
X Ed valid 2 1 0 0 0 0 74.0999755859375 56400.0 56800.0 593.0499877929692
X Ve valid 1 0 0 0 0 0 0.0 59013.6015625 54800.0 7116.7001953125
X Ve valid 1 0 0 0 0 0 0.0 59013.6015625 54800.0 7057.7001953125
X Ed valid 2 1 0 0 0 0 59.0 59013.6015625 54800.0 7087.2001953125
X Ve valid 1 0 0 0 0 0 0.0 59013.6015625 54882.1015625 7057.7001953125
X Ed valid 2 1 0 0 0 0 82.1015625 59013.6015625 54841.05078125 7057.7001953125
X Ve valid 1 0 0 0 0 0 0.0 59013.6015625 54880.0 7057.7001953125
X Ed valid 2 1 0 0 0 0 2.1015625 59013.6015625 54881.05078125 7057.7001953125
X Ve valid 1 0 0 0 0 0 0.0 59013.6015625 54943.1015625 31.0
X Ed valid 2 1 0 0 0 0 7026.983523674629 59013.60156250001 54911.55078125 3544.350097656248
X Ve valid 1 0 0 0 0 0 0.0 59013.6015625 55006.19921875 7057.7001953125
X Ed valid 2 1 0 0 0 0 7026.983488598 59013.6015625 54974.650390625 3544.350097656248
X Ve valid 1 0 0 0 0 0 0.0 59013.6015625 55004.1015625 7057.7001953125
X Ed valid 2 1 0 0 0 0 2.09765625 59013.6015625 55005.150390625 7057.7001953125
X Ve valid 1 0 0 0 0 0 0.0 59013.6015625 55100.0 7057.7001953125
X Ed valid 2 1 0 0 0 0 95.8984375 59013.6015625 55052.05078125 7057.7001953125
X Ve valid 1 0 0 0 0 0 0.0 56790.0 56800.0 834.400024414063
X Ve valid 1 0 0 0 0 0 0.0 56790.0 56800.0 916.700012207031
X Ed valid 2 1 0 0 0 0 82.2999877929688 56789.99999999999 56799.99999999999 875.5500183105473
X Ve valid 1 0 0 0 0 0 0.0 56790.0 56800.0 914.599975585938
X Ed valid 2 1 0 0 0 0 2.10003662109375 56790.0 56800.0 915.6499938964841
X Ve valid 1 0 0 0 0 0 0.0 56790.0 56800.0 31.0
X Ed valid 2 1 0 0 0 0 883.599975585938 56789.99999999999 56799.99999999999 472.799987792969
X Ve valid 1 0 0 0 0 0 0.0 56790.0 56800.0 1040.80004882813
X Ed valid 2 1 0 0 0 0 1009.80004882813 56790.0 56800.0 535.900024414065
X Ve valid 1 0 0 0 0 0 0.0 56790.0 56800.0 1038.69995117188
X Ed valid 2 1 0 0 0 0 2.10009765625 56790.0 56800.0 1039.750000000005
X Ve valid 1 0 0 0 0 0 0.0 56790.0 56800.0 2313.39990234375
X Ed valid 2 1 0 0 0 0 1274.69995117188 56790.0 56800.0 1676.0499267578202
X Ve valid 1 0 0 0 0 0 0.0 56790.0 56950.0 2313.39990234375
X Ed valid 2 1 0 0 0 0 150.0 56790.0 56875.0 2313.39990234375
X Ve valid 1 0 0 0 0 0 0.0 52000.0 56950.0 2313.39990234375
X Ed valid 2 1 0 0 0 0 4790.0 54395.0 56950.0 2313.39990234375
X Ve valid 1 0 0 0 0 0 0.0 52000.0 56950.0 9313.2998046875
X Ed valid 2 1 0 0 0 0 6999.89990234375 52000.0 56950.0 5813.349853515625
X Ve valid 1 0 0 0 0 0 0.0 60197.0 56534.69921875 12425.0
X Ve valid 1 0 0 0 0 0 0.0 60197.0 56534.69921875 12429.599609375
X Ed valid 2 1 0 0 0 0 4.599609375 60197.0 56534.69921875 12427.2998046875
X Ve valid 1 0 0 0 0 0 0.0 60197.0 56534.69921875 12427.5
X Ed valid 2 1 0 0 0 0 2.099609375 60197.0 56534.69921875 12428.5498046875
X Ve valid 1 0 0 0 0 0 0.0 60197.0 56534.69921875 12509.599609375
X Ed valid 2 1 0 0 0 0 82.099609375 60197.0 56534.69921875 12468.5498046875
X Ve valid 1 0 0 0 0 0 0.0 60400.0 56534.69921875 12509.599609375
X Ed valid 2 1 0 0 0 0 203.0 60298.5 56534.69921875 12509.599609375
X Ve valid 1 0 0 0 0 0 0.0 60400.0 56534.69921875 9613.2998046875
X Ed valid 2 1 0 0 0 0 2896.2998046875 60400.0 56534.69921875 11061.44970703125
X Ve valid 1 0 0 0 0 0 0.0 56605.69921875 55200.0 7116.7001953125
X Ve valid 1 0 0 0 0 0 0.0 56611.0 55200.0 7116.7001953125
X Ed valid 2 1 0 0 0 0 5.30078125 56608.349609375 55200.0 7116.7001953125
X Ve valid 1 0 0 0 0 0 0.0 56608.19921875 55200.0 7116.7001953125
X Ed valid 2 1 0 0 0 0 2.80078125 56609.599609375 55200.0 7116.7001953125
X Ve valid 1 0 0 0 0 0 0.0 56700.0 55200.0 7116.7001953125
X Ed valid 2 1 0 0 0 0 91.80078125 56654.099609375 55200.0 7116.7001953125
X Ve valid 1 0 0 0 0 0 0.0 56778.19921875 55200.0 7116.7001953125
X Ed valid 2 1 0 0 0 0 78.19921875 56739.099609375 55200.0 7116.7001953125
X Ve valid 1 0 0 0 0 0 0.0 57000.0 55200.0 7116.7001953125
X Ed valid 2 1 0 0 0 0 221.80078125 56889.099609375 55200.0 7116.7001953125
X Ve valid 1 0 0 0 0 0 0.0 57250.0 55200.0 7116.7001953125
X Ed valid 2 1 0 0 0 0 250.0 57125.0 55200.0 7116.7001953125
X Ve valid 1 0 0 0 0 0 0.0 57500.0 55200.0 7116.7001953125
X Ed valid 2 1 0 0 0 0 250.0 57375.0 55200.0 7116.7001953125
X Ve valid 1 0 0 0 0 0 0.0 57750.0 55200.0 7116.7001953125
X Ed valid 2 1 0 0 0 0 250.0 57625.0 55200.0 7116.7001953125
X Ve valid 1 0 0 0 0 0 0.0 58000.0 55200.0 7116.7001953125
X Ed valid 2 1 0 0 0 0 250.0 57875.0 55200.0 7116.7001953125
X Ve valid 1 0 0 0 0 0 0.0 58091.80078125 55200.0 7116.7001953125
X Ed valid 2 1 0 0 0 0 91.80078125 58045.900390625 55200.0 7116.7001953125
X Ve valid 1 0 0 0 0 0 0.0 58089.0 55200.0 7116.7001953125
X Ed valid 2 1 0 0 0 0 2.80078125 58090.400390625 55200.0 7116.7001953125
X Ve valid 1 0 0 0 0 0 0.0 58094.30078125 55200.0 7116.7001953125
X Ed valid 2 1 0 0 0 0 5.30078125 58091.650390625 55200.0 7116.7001953125
X Ve valid 1 0 0 0 0 0 0.0 56778.19921875 55200.0 7116.7001953125
X Ve valid 1 0 0 0 0 0 0.0 56778.19921875 55200.0 7048.2001953125
X Ed valid 2 1 0 0 0 0 68.5 56778.19921875 55200.0 7082.4501953125
X Ve valid 1 0 0 0 0 0 0.0 56778.19921875 55117.8984375 7048.2001953125
X Ed valid 2 1 0 0 0 0 82.1015625 56778.19921875 55158.94921875 7048.2001953125
X Ve valid 1 0 0 0 0 0 0.0 56778.19921875 55120.0 7048.2001953125
X Ed valid 2 1 0 0 0 0 2.1015625 56778.19921875 55118.94921875 7048.2001953125
X Ve valid 1 0 0 0 0 0 0.0 56778.19921875 55056.8984375 31.0
X Ed valid 2 1 0 0 0 0 7017.48390723368 56778.19921875 55088.44921875 3539.6000976562523
X Ve valid 1 0 0 0 0 0 0.0 56778.19921875 54993.80078125 7048.2001953125
X Ed valid 2 1 0 0 0 0 7017.48387210958 56778.19921874999 55025.349609375 3539.600097656251
X Ve valid 1 0 0 0 0 0 0.0 56778.19921875 54995.8984375 7048.2001953125
X Ed valid 2 1 0 0 0 0 2.09765625 56778.19921875 54994.849609375 7048.2001953125
X Ve valid 1 0 0 0 0 0 0.0 56778.19921875 54889.0 7048.2001953125
X Ed valid 2 1 0 0 0 0 106.8984375 56778.19921875 54942.44921875 7048.2001953125
X Ve valid 1 0 0 0 0 0 0.0 61632.6015625 53555.30078125 5014.0
X Ve valid 1 0 0 0 0 0 0.0 61632.6015625 53555.30078125 5019.2998046875
X Ed valid 2 1 0 0 0 0 5.2998046875 61632.6015625 53555.30078125 5016.64990234375
X Ve valid 1 0 0 0 0 0 0.0 61632.6015625 53555.30078125 5016.5
X Ed valid 2 1 0 0 0 0 2.7998046875 61632.6015625 53555.30078125 5017.89990234375
X Ve valid 1 0 0 0 0 0 0.0 61632.6015625 53555.30078125 6916.7001953125
X Ed valid 2 1 0 0 0 0 1900.2001953125 61632.6015625 53555.30078125 5966.60009765625
X Ve valid 1 0 0 0 0 0 0.0 61632.6015625 54350.0 6916.7001953125
X Ed valid 2 1 0 0 0 0 794.69921875 61632.6015625 53952.650390625 6916.7001953125
X Ve valid 1 0 0 0 0 0 0.0 57750.0 54350.0 6916.7001953125
X Ed valid 2 1 0 0 0 0 3882.6015625 59691.30078125 54350.0 6916.7001953125
X Ve valid 1 0 0 0 0 0 0.0 57750.0 54350.0 7116.7001953125
X Ed valid 2 1 0 0 0 0 200.0 57750.0 54350.0 7016.7001953125
X Ve valid 1 0 0 0 0 0 0.0 57750.0 54699.19921875 7116.7001953125
X Ed valid 2 1 0 0 0 0 349.19921875 57750.0 54524.599609375 7116.7001953125
X Ve valid 1 0 0 0 0 0 0.0 57750.0 54696.3984375 7116.7001953125
X Ed valid 2 1 0 0 0 0 2.80078125 57750.0 54697.798828125 7116.7001953125
X Ve valid 1 0 0 0 0 0 0.0 57750.0 54765.19921875 7116.7001953125
X Ed valid 2 1 0 0 0 0 68.80078125 57750.0 54730.798828125 7116.7001953125
X Ve valid 1 0 0 0 0 0 0.0 57750.0 54834.0 7116.7001953125
X Ed valid 2 1 0 0 0 0 68.80078125 57750.0 54799.599609375 7116.7001953125
X Ve valid 1 0 0 0 0 0 0.0 57750.0 54831.19921875 7116.7001953125
X Ed valid 2 1 0 0 0 0 2.80078125 57750.0 54832.599609375 7116.7001953125
X Ve valid 1 0 0 0 0 0 0.0 57750.0 54976.19921875 7116.7001953125
X Ed valid 2 1 0 0 0 0 145.0 57750.0 54903.69921875 7116.7001953125
X Ve valid 1 0 0 0 0 0 0.0 57750.0 54973.3984375 7116.7001953125
X Ed valid 2 1 0 0 0 0 2.80078125 57750.0 54974.798828125 7116.7001953125
X Ve valid 1 0 0 0 0 0 0.0 57750.0 55042.19921875 31.0
X Ed valid 2 1 0 0 0 0 7086.03420859314 57750.0 55007.798828125 3573.85009765625
X Ve valid 1 0 0 0 0 0 0.0 57750.0 55111.0 7116.7001953125
X Ed valid 2 1 0 0 0 0 7086.03420859314 57750.0 55076.599609375 3573.85009765625
X Ve valid 1 0 0 0 0 0 0.0 57750.0 55108.19921875 7116.7001953125
X Ed valid 2 1 0 0 0 0 2.80078125 57750.0 55109.599609375 7116.7001953125
X Ve valid 1 0 0 0 0 0 0.0 57750.0 55200.0 7116.7001953125
X Ed valid 2 1 0 0 0 0 91.80078125 57750.0 55154.099609375 7116.7001953125
X Ve valid 1 0 0 0 0 0 0.0 58367.3984375 53555.30078125 5014.0
X Ve valid 1 0 0 0 0 0 0.0 58367.3984375 53555.30078125 5019.2998046875
X Ed valid 2 1 0 0 0 0 5.2998046875 58367.3984375 53555.30078125 5016.64990234375
X Ve valid 1 0 0 0 0 0 0.0 58367.3984375 53555.30078125 5016.5
X Ed valid 2 1 0 0 0 0 2.7998046875 58367.3984375 53555.30078125 5017.89990234375
X Ve valid 1 0 0 0 0 0 0.0 58367.3984375 53555.30078125 6916.7001953125
X Ed valid 2 1 0 0 0 0 1900.2001953125 58367.3984375 53555.30078125 5966.60009765625
X Ve valid 1 0 0 0 0 0 0.0 58367.3984375 54200.0 6916.7001953125
X Ed valid 2 1 0 0 0 0 644.69921875 58367.3984375 53877.650390625 6916.7001953125
X Ve valid 1 0 0 0 0 0 0.0 57500.0 54200.0 6916.7001953125
X Ed valid 2 1 0 0 0 0 867.3984375 57933.69921875 54200.0 6916.7001953125
X Ve valid 1 0 0 0 0 0 0.0 57500.0 54200.0 7116.7001953125
X Ed valid 2 1 0 0 0 0 200.0 57500.0 54200.0 7016.7001953125
X Ve valid 1 0 0 0 0 0 0.0 57500.0 54699.19921875 7116.7001953125
X Ed valid 2 1 0 0 0 0 499.19921875 57500.0 54449.599609375 7116.7001953125
X Ve valid 1 0 0 0 0 0 0.0 57500.0 54696.3984375 7116.7001953125
X Ed valid 2 1 0 0 0 0 2.80078125 57500.0 54697.798828125 7116.7001953125
X Ve valid 1 0 0 0 0 0 0.0 57500.0 54765.19921875 7116.7001953125
X Ed valid 2 1 0 0 0 0 68.80078125 57500.0 54730.798828125 7116.7001953125
X Ve valid 1 0 0 0 0 0 0.0 57500.0 54834.0 7116.7001953125
X Ed valid 2 1 0 0 0 0 68.80078125 57500.0 54799.599609375 7116.7001953125
X Ve valid 1 0 0 0 0 0 0.0 57500.0 54831.19921875 7116.7001953125
X Ed valid 2 1 0 0 0 0 2.80078125 57500.0 54832.599609375 7116.7001953125
X Ve valid 1 0 0 0 0 0 0.0 57500.0 54976.19921875 7116.7001953125
X Ed valid 2 1 0 0 0 0 145.0 57500.0 54903.69921875 7116.7001953125
X Ve valid 1 0 0 0 0 0 0.0 57500.0 54973.3984375 7116.7001953125
X Ed valid 2 1 0 0 0 0 2.80078125 57500.0 54974.798828125 7116.7001953125
X Ve valid 1 0 0 0 0 0 0.0 57500.0 55042.19921875 31.0
X Ed valid 2 1 0 0 0 0 7086.03420859314 57500.0 55007.798828125 3573.85009765625
X Ve valid 1 0 0 0 0 0 0.0 57500.0 55111.0 7116.7001953125
X Ed valid 2 1 0 0 0 0 7086.03420859314 57500.0 55076.599609375 3573.85009765625
X Ve valid 1 0 0 0 0 0 0.0 57500.0 55108.19921875 7116.7001953125
X Ed valid 2 1 0 0 0 0 2.80078125 57500.0 55109.599609375 7116.7001953125
X Ve valid 1 0 0 0 0 0 0.0 57500.0 55200.0 7116.7001953125
X Ed valid 2 1 0 0 0 0 91.80078125 57500.0 55154.099609375 7116.7001953125
X Ve valid 1 0 0 0 0 0 0.0 56632.6015625 53555.30078125 5014.0
X Ve valid 1 0 0 0 0 0 0.0 56632.6015625 53555.30078125 5019.2998046875
X Ed valid 2 1 0 0 0 0 5.2998046875 56632.6015625 53555.30078125 5016.64990234375
X Ve valid 1 0 0 0 0 0 0.0 56632.6015625 53555.30078125 5016.5
X Ed valid 2 1 0 0 0 0 2.7998046875 56632.6015625 53555.30078125 5017.89990234375
X Ve valid 1 0 0 0 0 0 0.0 56632.6015625 53555.30078125 6916.7001953125
X Ed valid 2 1 0 0 0 0 1900.2001953125 56632.6015625 53555.30078125 5966.60009765625
X Ve valid 1 0 0 0 0 0 0.0 56632.6015625 54050.0 6916.7001953125
X Ed valid 2 1 0 0 0 0 494.69921875 56632.6015625 53802.650390625 6916.7001953125
X Ve valid 1 0 0 0 0 0 0.0 57250.0 54050.0 6916.7001953125
X Ed valid 2 1 0 0 0 0 617.3984375 56941.30078125 54050.0 6916.7001953125
X Ve valid 1 0 0 0 0 0 0.0 57250.0 54050.0 7116.7001953125
X Ed valid 2 1 0 0 0 0 200.0 57250.0 54050.0 7016.7001953125
X Ve valid 1 0 0 0 0 0 0.0 57250.0 54699.19921875 7116.7001953125
X Ed valid 2 1 0 0 0 0 649.19921875 57250.0 54374.599609375 7116.7001953125
X Ve valid 1 0 0 0 0 0 0.0 57250.0 54696.3984375 7116.7001953125
X Ed valid 2 1 0 0 0 0 2.80078125 57250.0 54697.798828125 7116.7001953125
X Ve valid 1 0 0 0 0 0 0.0 57250.0 54765.19921875 7116.7001953125
X Ed valid 2 1 0 0 0 0 68.80078125 57250.0 54730.798828125 7116.7001953125
X Ve valid 1 0 0 0 0 0 0.0 57250.0 54834.0 7116.7001953125
X Ed valid 2 1 0 0 0 0 68.80078125 57250.0 54799.599609375 7116.7001953125
X Ve valid 1 0 0 0 0 0 0.0 57250.0 54831.19921875 7116.7001953125
X Ed valid 2 1 0 0 0 0 2.80078125 57250.0 54832.599609375 7116.7001953125
X Ve valid 1 0 0 0 0 0 0.0 57250.0 54976.19921875 7116.7001953125
X Ed valid 2 1 0 0 0 0 145.0 57250.0 54903.69921875 7116.7001953125
X Ve valid 1 0 0 0 0 0 0.0 57250.0 54973.3984375 7116.7001953125
X Ed valid 2 1 0 0 0 0 2.80078125 57250.0 54974.798828125 7116.7001953125
X Ve valid 1 0 0 0 0 0 0.0 57250.0 55042.19921875 31.0
X Ed valid 2 1 0 0 0 0 7086.03420859314 57250.0 55007.798828125 3573.85009765625
X Ve valid 1 0 0 0 0 0 0.0 57250.0 55111.0 7116.7001953125
X Ed valid 2 1 0 0 0 0 7086.03420859314 57250.0 55076.599609375 3573.85009765625
X Ve valid 1 0 0 0 0 0 0.0 57250.0 55108.19921875 7116.7001953125
X Ed valid 2 1 0 0 0 0 2.80078125 57250.0 55109.599609375 7116.7001953125
X Ve valid 1 0 0 0 0 0 0.0 57250.0 55200.0 7116.7001953125
X Ed valid 2 1 0 0 0 0 91.80078125 57250.0 55154.099609375 7116.7001953125
X Ve valid 1 0 0 0 0 0 0.0 53367.3984375 53555.30078125 5014.0
X Ve valid 1 0 0 0 0 0 0.0 53367.3984375 53555.30078125 5019.2998046875
X Ed valid 2 1 0 0 0 0 5.2998046875 53367.3984375 53555.30078125 5016.64990234375
X Ve valid 1 0 0 0 0 0 0.0 53367.3984375 53555.30078125 5016.5
X Ed valid 2 1 0 0 0 0 2.7998046875 53367.3984375 53555.30078125 5017.89990234375
X Ve valid 1 0 0 0 0 0 0.0 53367.3984375 53555.30078125 6916.7001953125
X Ed valid 2 1 0 0 0 0 1900.2001953125 53367.3984375 53555.30078125 5966.60009765625
X Ve valid 1 0 0 0 0 0 0.0 53367.3984375 54200.0 6916.7001953125
X Ed valid 2 1 0 0 0 0 644.69921875 53367.3984375 53877.650390625 6916.7001953125
X Ve valid 1 0 0 0 0 0 0.0 57000.0 54200.0 6916.7001953125
X Ed valid 2 1 0 0 0 0 3632.6015625 55183.69921875 54200.0 6916.7001953125
X Ve valid 1 0 0 0 0 0 0.0 57000.0 54200.0 7116.7001953125
X Ed valid 2 1 0 0 0 0 200.0 57000.0 54200.0 7016.7001953125
X Ve valid 1 0 0 0 0 0 0.0 57000.0 54699.19921875 7116.7001953125
X Ed valid 2 1 0 0 0 0 499.19921875 57000.0 54449.599609375 7116.7001953125
X Ve valid 1 0 0 0 0 0 0.0 57000.0 54696.3984375 7116.7001953125
X Ed valid 2 1 0 0 0 0 2.80078125 57000.0 54697.798828125 7116.7001953125
X Ve valid 1 0 0 0 0 0 0.0 57000.0 54765.19921875 7116.7001953125
X Ed valid 2 1 0 0 0 0 68.80078125 57000.0 54730.798828125 7116.7001953125
X Ve valid 1 0 0 0 0 0 0.0 57000.0 54834.0 7116.7001953125
X Ed valid 2 1 0 0 0 0 68.80078125 57000.0 54799.599609375 7116.7001953125
X Ve valid 1 0 0 0 0 0 0.0 57000.0 54831.19921875 7116.7001953125
X Ed valid 2 1 0 0 0 0 2.80078125 57000.0 54832.599609375 7116.7001953125
X Ve valid 1 0 0 0 0 0 0.0 57000.0 54976.19921875 7116.7001953125
X Ed valid 2 1 0 0 0 0 145.0 57000.0 54903.69921875 7116.7001953125
X Ve valid 1 0 0 0 0 0 0.0 57000.0 54973.3984375 7116.7001953125
X Ed valid 2 1 0 0 0 0 2.80078125 57000.0 54974.798828125 7116.7001953125
X Ve valid 1 0 0 0 0 0 0.0 57000.0 55042.19921875 31.0
X Ed valid 2 1 0 0 0 0 7086.03420859314 57000.0 55007.798828125 3573.85009765625
X Ve valid 1 0 0 0 0 0 0.0 57000.0 55111.0 7116.7001953125
X Ed valid 2 1 0 0 0 0 7086.03420859314 57000.0 55076.599609375 3573.85009765625
X Ve valid 1 0 0 0 0 0 0.0 57000.0 55108.19921875 7116.7001953125
X Ed valid 2 1 0 0 0 0 2.80078125 57000.0 55109.599609375 7116.7001953125
X Ve valid 1 0 0 0 0 0 0.0 57000.0 55200.0 7116.7001953125
X Ed valid 2 1 0 0 0 0 91.80078125 57000.0 55154.099609375 7116.7001953125
X Ve valid 1 0 0 0 0 0 0.0 53894.69921875 53500.0 538.900024414063
X Ve valid 1 0 0 0 0 0 0.0 54000.0 53500.0 539.0
X Ed valid 2 1 0 0 0 0 105.300828709836 53947.34960937501 53500.00000000001 538.9500122070317
X Ve valid 1 0 0 0 0 0 0.0 56000.0 53500.0 539.0
X Ed valid 2 1 0 0 0 0 2000.0 55000.0 53500.0 539.0
X Ve valid 1 0 0 0 0 0 0.0 59000.0 53500.0 539.0
X Ed valid 2 1 0 0 0 0 3000.0 57500.0 53500.0 539.0
X Ve valid 1 0 0 0 0 0 0.0 61000.0 53500.0 539.0
X Ed valid 2 1 0 0 0 0 2000.0 60000.0 53500.0 539.0
X Ve valid 1 0 0 0 0 0 0.0 60978.69921875 53478.69921875 730.200012207031
X Ve valid 1 0 0 0 0 0 0.0 60893.3984375 53393.3984375 730.200012207031
X Ed valid 2 1 0 0 0 0 120.633521724771 60936.048828125 53436.048828125 730.200012207031
X Ve valid 1 0 0 0 0 0 0.0 60894.8984375 53394.8984375 730.200012207031
X Ed valid 2 1 0 0 0 0 2.12132034355964 60894.1484375 53394.1484375 730.200012207031
X Ve valid 1 0 0 0 0 0 0.0 60850.30078125 53350.30078125 31.0
X Ed valid 2 1 0 0 0 0 702.038858579993 60872.59960937501 53372.599609375 380.6000061035153
X Ve valid 1 0 0 0 0 0 0.0 60806.69921875 53306.69921875 0.0
X Ed valid 2 1 0 0 0 0 69.0158858878361 60828.5 53328.5 15.499999999999975
X Ve valid 1 0 0 0 0 0 0.0 63100.0 53500.0 539.0
X Ve valid 1 0 0 0 0 0 0.0 63229.30078125 53500.0 539.0
X Ed valid 2 1 0 0 0 0 129.30078125 63164.650390625 53500.0 539.0
X Ve valid 1 0 0 0 0 0 0.0 63226.5 53500.0 539.0
X Ed valid 2 1 0 0 0 0 2.80078125 63227.900390625 53500.0 539.0
X Ve valid 1 0 0 0 0 0 0.0 63321.69921875 53500.0 31.0
X Ed valid 2 1 0 0 0 0 516.843197933968 63274.099609375 53500.0 284.9999999999998
X Ve valid 1 0 0 0 0 0 0.0 63416.8984375 53500.0 539.0
X Ed valid 2 1 0 0 0 0 516.843197933968 63369.298828125 53500.0 285.0000000000002
X Ve valid 1 0 0 0 0 0 0.0 63414.1015625 53500.0 539.0
X Ed valid 2 1 0 0 0 0 2.796875 63415.5 53500.0 539.0
X Ve valid 1 0 0 0 0 0 0.0 63556.1015625 53500.0 539.0
X Ed valid 2 1 0 0 0 0 142.0 63485.1015625 53500.0 539.0
X Ve valid 1 0 0 0 0 0 0.0 63556.1015625 53500.0 439.0
X Ed valid 2 1 0 0 0 0 100.0 63556.1015625 53500.0 489.0
X Ve valid 1 0 0 0 0 0 0.0 63357.5 54350.0 545.0
X Ve valid 1 0 0 0 0 0 0.0 63352.19921875 54350.0 545.0
X Ed valid 2 1 0 0 0 0 5.30078125 63354.849609375 54350.0 545.0
X Ve valid 1 0 0 0 0 0 0.0 63355.0 54350.0 545.0
X Ed valid 2 1 0 0 0 0 2.80078125 63353.599609375 54350.0 545.0
X Ve valid 1 0 0 0 0 0 0.0 63263.19921875 54350.0 539.0
X Ed valid 2 1 0 0 0 0 91.9966490591388 63309.099609375 54350.0 542.0
X Ve valid 1 0 0 0 0 0 0.0 63100.0 54350.0 539.0
X Ed valid 2 1 0 0 0 0 163.19921875 63181.599609375 54350.0 539.0
X Ve valid 1 0 0 0 0 0 0.0 63100.0 54208.0 539.0
X Ed valid 2 1 0 0 0 0 142.0 63100.0 54279.0 539.0
X Ve valid 1 0 0 0 0 0 0.0 63100.0 54210.80078125 539.0
X Ed valid 2 1 0 0 0 0 2.80078125 63100.0 54209.400390625 539.0
X Ve valid 1 0 0 0 0 0 0.0 63100.0 54115.6015625 31.0
X Ed valid 2 1 0 0 0 0 516.843197933968 63100.0 54163.201171875 284.9999999999998
X Ve valid 1 0 0 0 0 0 0.0 63100.0 54020.3984375 539.0
X Ed valid 2 1 0 0 0 0 516.8439174545499 63100.00000000001 54068.00000000001 285.0
X Ve valid 1 0 0 0 0 0 0.0 63100.0 54023.19921875 539.0
X Ed valid 2 1 0 0 0 0 2.80078125 63100.0 54021.798828125 539.0
X Ve valid 1 0 0 0 0 0 0.0 63100.0 53500.0 539.0
X Ed valid 2 1 0 0 0 0 523.19921875 63100.0 53761.599609375 539.0
X Ve valid 1 0 0 0 0 0 0.0 61000.0 53500.0 539.0
X Ed valid 2 1 0 0 0 0 2100.0 62050.0 53500.0 539.0
X Ve valid 1 0 0 0 0 0 0.0 61000.0 53500.0 730.200012207031
X Ed valid 2 1 0 0 0 0 191.200012207031 61000.00000000001 53500.0 634.6000061035155
X Ve valid 1 0 0 0 0 0 0.0 61000.0 53500.0 920.700012207031
X Ed valid 2 1 0 0 0 0 190.5 61000.0 53500.0 825.4500122070311
X Ve valid 1 0 0 0 0 0 0.0 61000.0 53500.0 917.900024414063
X Ed valid 2 1 0 0 0 0 2.79998779296875 61000.0 53500.0 919.3000183105468
X Ve valid 1 0 0 0 0 0 0.0 61000.0 53500.0 1049.09997558594
X Ed valid 2 1 0 0 0 0 131.199951171875 61000.0 53500.0 983.5000000000005
X Ve valid 1 0 0 0 0 0 0.0 61000.0 53500.0 1177.30004882813
X Ed valid 2 1 0 0 0 0 128.200073242188 61000.0 53500.0 1113.200012207034
X Ve valid 1 0 0 0 0 0 0.0 59000.0 53500.0 1177.30004882813
X Ve valid 1 0 0 0 0 0 0.0 59000.0 53500.0 1049.09997558594
X Ed valid 2 1 0 0 0 0 128.200073242188 59000.0 53500.0 1113.200012207036
X Ve valid 1 0 0 0 0 0 0.0 59000.0 53500.0 917.900024414063
X Ed valid 2 1 0 0 0 0 131.199951171875 59000.0 53500.0 983.5000000000025
X Ve valid 1 0 0 0 0 0 0.0 59000.0 53500.0 920.700012207031
X Ed valid 2 1 0 0 0 0 2.79998779296875 59000.0 53500.0 919.3000183105473
X Ve valid 1 0 0 0 0 0 0.0 59000.0 53500.0 730.200012207031
X Ed valid 2 1 0 0 0 0 190.5 59000.0 53500.0 825.4500122070311
X Ve valid 1 0 0 0 0 0 0.0 59000.0 53500.0 539.0
X Ed valid 2 1 0 0 0 0 191.200012207031 59000.0 53500.0 634.6000061035155
X Ve valid 1 0 0 0 0 0 0.0 59021.30078125 53478.69921875 730.200012207031
X Ve valid 1 0 0 0 0 0 0.0 59106.6015625 53393.3984375 730.200012207031
X Ed valid 2 1 0 0 0 0 120.633521724771 59063.95117187501 53436.048828125 730.200012207031
X Ve valid 1 0 0 0 0 0 0.0 59105.1015625 53394.8984375 730.200012207031
X Ed valid 2 1 0 0 0 0 2.12132034355964 59105.8515625 53394.1484375 730.200012207031
X Ve valid 1 0 0 0 0 0 0.0 59149.69921875 53350.30078125 31.0
X Ed valid 2 1 0 0 0 0 702.038858579993 59127.400390625 53372.599609375 380.6000061035153
X Ve valid 1 0 0 0 0 0 0.0 59193.30078125 53306.69921875 0.0
X Ed valid 2 1 0 0 0 0 69.0158858878361 59171.5 53328.5 15.499999999999975
X Ve valid 1 0 0 0 0 0 0.0 56000.0 53500.0 1177.30004882813
X Ve valid 1 0 0 0 0 0 0.0 56000.0 53500.0 1049.09997558594
X Ed valid 2 1 0 0 0 0 128.200073242188 56000.0 53500.0 1113.200012207036
X Ve valid 1 0 0 0 0 0 0.0 56000.0 53500.0 917.900024414063
X Ed valid 2 1 0 0 0 0 131.199951171875 56000.0 53500.0 983.5000000000025
X Ve valid 1 0 0 0 0 0 0.0 56000.0 53500.0 920.700012207031
X Ed valid 2 1 0 0 0 0 2.79998779296875 56000.0 53500.0 919.3000183105473
X Ve valid 1 0 0 0 0 0 0.0 56000.0 53500.0 730.200012207031
X Ed valid 2 1 0 0 0 0 190.5 56000.0 53500.0 825.4500122070311
X Ve valid 1 0 0 0 0 0 0.0 56000.0 53500.0 539.0
X Ed valid 2 1 0 0 0 0 191.200012207031 56000.0 53500.0 634.6000061035155
X Ve valid 1 0 0 0 0 0 0.0 55978.69921875 53478.69921875 730.200012207031
X Ve valid 1 0 0 0 0 0 0.0 55893.3984375 53393.3984375 730.200012207031
X Ed valid 2 1 0 0 0 0 120.633521724771 55936.048828125 53436.048828125 730.200012207031
X Ve valid 1 0 0 0 0 0 0.0 55894.8984375 53394.8984375 730.200012207031
X Ed valid 2 1 0 0 0 0 2.12132034355964 55894.1484375 53394.1484375 730.200012207031
X Ve valid 1 0 0 0 0 0 0.0 55850.30078125 53350.30078125 31.0
X Ed valid 2 1 0 0 0 0 702.038858579993 55872.599609375 53372.599609375 380.6000061035153
X Ve valid 1 0 0 0 0 0 0.0 55806.69921875 53306.69921875 0.0
X Ed valid 2 1 0 0 0 0 69.0158858878361 55828.5 53328.5 15.499999999999975
X Ve valid 1 0 0 0 0 0 0.0 54000.0 53500.0 1177.30004882813
X Ve valid 1 0 0 0 0 0 0.0 54000.0 53500.0 0.0
X Ed valid 2 1 0 0 0 0 1177.30004882813 54000.0 53500.0 588.650024414065
X Ve valid 1 0 0 0 0 0 0.0 54000.0 53500.0 917.900024414063
X Ed valid 2 1 0 0 0 0 917.900024414063 54000.0 53500.0 458.9500122070315
X Ve valid 1 0 0 0 0 0 0.0 54000.0 53500.0 920.700012207031
X Ed valid 2 1 0 0 0 0 2.79998779296875 54000.0 53500.0 919.3000183105473
X Ve valid 1 0 0 0 0 0 0.0 54000.0 53500.0 730.200012207031
X Ed valid 2 1 0 0 0 0 190.5 54000.0 53500.0 825.4500122070311
X Ve valid 1 0 0 0 0 0 0.0 54000.0 53500.0 539.0
X Ed valid 2 1 0 0 0 0 191.200012207031 54000.00000000001 53500.0 634.6000061035155
X Ve valid 1 0 0 0 0 0 0.0 54021.30078125 53478.69921875 730.200012207031
X Ve valid 1 0 0 0 0 0 0.0 54106.6015625 53393.3984375 730.200012207031
X Ed valid 2 1 0 0 0 0 120.633521724771 54063.951171875 53436.048828125 730.200012207031
X Ve valid 1 0 0 0 0 0 0.0 54105.1015625 53394.8984375 730.200012207031
X Ed valid 2 1 0 0 0 0 2.12132034355964 54105.8515625 53394.1484375 730.200012207031
X Ve valid 1 0 0 0 0 0 0.0 54149.69921875 53350.30078125 31.0
X Ed valid 2 1 0 0 0 0 702.038858579993 54127.400390625 53372.599609375 380.6000061035153
X Ve valid 1 0 0 0 0 0 0.0 54193.30078125 53306.69921875 0.0
X Ed valid 2 1 0 0 0 0 69.0158858878361 54171.5 53328.5 15.499999999999975
X Ve valid 1 0 0 0 0 0 0.0 64701.0 61000.0 17300.0
X Ve valid 1 0 0 0 0 0 0.0 64701.0 61000.0 17305.30078125
X Ed valid 2 1 0 0 0 0 5.30078125 64701.0 61000.0 17302.650390625
X Ve valid 1 0 0 0 0 0 0.0 64701.0 61000.0 17302.5
X Ed valid 2 1 0 0 0 0 2.80078125 64701.0 61000.0 17303.900390625
X Ve valid 1 0 0 0 0 0 0.0 64701.0 61000.0 17387.900390625
X Ed valid 2 1 0 0 0 0 85.400390625 64701.0 61000.0 17345.2001953125
X Ve valid 1 0 0 0 0 0 0.0 64701.0 61000.0 17500.0
X Ed valid 2 1 0 0 0 0 112.099609375 64701.0 61000.0 17443.9501953125
X Ve valid 1 0 0 0 0 0 0.0 64701.0 60000.0 17500.0
X Ed valid 2 1 0 0 0 0 1000.0 64701.0 60500.0 17500.0
X Ve valid 1 0 0 0 0 0 0.0 63200.0 60000.0 17500.0
X Ed valid 2 1 0 0 0 0 1501.0 63950.5 60000.0 17500.0
X Ve valid 1 0 0 0 0 0 0.0 63200.0 60500.0 17500.0
X Ed valid 2 1 0 0 0 0 500.0 63200.0 60250.0 17500.0
X Ve valid 1 0 0 0 0 0 0.0 63200.0 60500.0 15116.7001953125
X Ed valid 2 1 0 0 0 0 2383.2998046875 63200.0 60500.0 16308.35009765625
X Ve valid 1 0 0 0 0 0 0.0 63200.0 60697.5 15116.7001953125
X Ed valid 2 1 0 0 0 0 197.5 63200.0 60598.75 15116.7001953125
X Ve valid 1 0 0 0 0 0 0.0 63200.0 60694.69921875 15116.7001953125
X Ed valid 2 1 0 0 0 0 2.80078125 63200.0 60696.099609375 15116.7001953125
X Ve valid 1 0 0 0 0 0 0.0 63200.0 60800.0 15116.7001953125
X Ed valid 2 1 0 0 0 0 105.30078125 63200.0 60747.349609375 15116.7001953125
X Ve valid 1 0 0 0 0 0 0.0 63200.0 60905.30078125 15116.7001953125
X Ed valid 2 1 0 0 0 0 105.30078125 63200.0 60852.650390625 15116.7001953125
X Ve valid 1 0 0 0 0 0 0.0 63200.0 60902.5 15116.7001953125
X Ed valid 2 1 0 0 0 0 2.80078125 63200.0 60903.900390625 15116.7001953125
X Ve valid 1 0 0 0 0 0 0.0 63200.0 61036.30078125 15116.7001953125
X Ed valid 2 1 0 0 0 0 133.80078125 63200.0 60969.400390625 15116.7001953125
X Ve valid 1 0 0 0 0 0 0.0 63200.0 61033.5 15116.7001953125
X Ed valid 2 1 0 0 0 0 2.80078125 63200.0 61034.900390625 15116.7001953125
X Ve valid 1 0 0 0 0 0 0.0 63200.0 61163.80078125 15116.7001953125
X Ed valid 2 1 0 0 0 0 130.30078125 63200.0 61098.650390625 15116.7001953125
X Ve valid 1 0 0 0 0 0 0.0 63200.0 61294.1015625 15116.7001953125
X Ed valid 2 1 0 0 0 0 130.30078125 63200.0 61228.951171875 15116.7001953125
X Ve valid 1 0 0 0 0 0 0.0 63200.0 61291.30078125 15116.7001953125
X Ed valid 2 1 0 0 0 0 2.80078125 63200.0 61292.701171875 15116.7001953125
X Ve valid 1 0 0 0 0 0 0.0 63200.0 61500.0 15116.7001953125
X Ed valid 2 1 0 0 0 0 208.69921875 63200.0 61395.650390625 15116.7001953125
X Ve valid 1 0 0 0 0 0 0.0 63200.0 61500.0 13516.7001953125
X Ed valid 2 1 0 0 0 0 1600.0 63200.0 61500.0 14316.7001953125
X Ve valid 1 0 0 0 0 0 0.0 63642.5 54350.0 545.0
X Ve valid 1 0 0 0 0 0 0.0 63647.80078125 54350.0 545.0
X Ed valid 2 1 0 0 0 0 5.30078125 63645.150390625 54350.0 545.0
X Ve valid 1 0 0 0 0 0 0.0 63645.0 54350.0 545.0
X Ed valid 2 1 0 0 0 0 2.80078125 63646.400390625 54350.0 545.0
X Ve valid 1 0 0 0 0 0 0.0 63730.3984375 54350.0 545.0
X Ed valid 2 1 0 0 0 0 85.3984375 63687.69921875 54350.0 545.0
X Ve valid 1 0 0 0 0 0 0.0 63900.0 54350.0 552.400024414063
X Ed valid 2 1 0 0 0 0 169.76292399629 63815.19921875 54350.00000000001 548.7000122070312
X Ve valid 1 0 0 0 0 0 0.0 63900.0 54428.19921875 552.400024414063
X Ed valid 2 1 0 0 0 0 78.19921875 63900.0 54389.099609375 552.400024414063
X Ve valid 1 0 0 0 0 0 0.0 63900.0 54621.80078125 552.400024414063
X Ed valid 2 1 0 0 0 0 193.6015625 63900.0 54525.0 552.400024414063
X Ve valid 1 0 0 0 0 0 0.0 63900.0 54700.0 552.400024414063
X Ed valid 2 1 0 0 0 0 78.19921875 63900.0 54660.900390625 552.400024414063
X Ve valid 1 0 0 0 0 0 0.0 63900.0 54700.0 1188.30004882813
X Ed valid 2 1 0 0 0 0 635.900024414063 63900.0 54699.99999999999 870.3500366210944
X Ve valid 1 0 0 0 0 0 0.0 63900.0 54700.0 1185.5
X Ed valid 2 1 0 0 0 0 2.800048828125 63900.0 54700.0 1186.9000244140675
X Ve valid 1 0 0 0 0 0 0.0 63900.0 54700.0 31.0
X Ed valid 2 1 0 0 0 0 1154.5 63900.0 54700.0 608.25
X Ve valid 1 0 0 0 0 0 0.0 63900.0 54700.0 1323.09997558594
X Ed valid 2 1 0 0 0 0 1292.09997558594 63900.0 54700.0 677.04998779297
X Ve valid 1 0 0 0 0 0 0.0 63900.0 54700.0 1320.30004882813
X Ed valid 2 1 0 0 0 0 2.7999267578125 63900.0 54700.0 1321.7000122070338
X Ve valid 1 0 0 0 0 0 0.0 63900.0 54700.0 2316.69995117188
X Ed valid 2 1 0 0 0 0 996.39990234375 63900.0 54700.0 1818.500000000005
X Ve valid 1 0 0 0 0 0 0.0 63900.0 55470.0 2316.69995117188
X Ed valid 2 1 0 0 0 0 770.0 63900.0 55085.0 2316.69995117188
X Ve valid 1 0 0 0 0 0 0.0 51800.0 55470.0 2316.69995117188
X Ed valid 2 1 0 0 0 0 12100.0 57850.0 55470.0 2316.69995117188
X Ve valid 1 0 0 0 0 0 0.0 51800.0 56950.0 2316.69995117188
X Ed valid 2 1 0 0 0 0 1480.0 51800.0 56210.0 2316.69995117188
X Ve valid 1 0 0 0 0 0 0.0 51800.0 56950.0 13316.7001953125
X Ed valid 2 1 0 0 0 0 11000.0002441406 51800.0 56950.0 7816.70007324218
X Ve valid 1 0 0 0 0 0 0.0 63900.0 54428.19921875 552.400024414063
X Ve valid 1 0 0 0 0 0 0.0 63900.0 54428.19921875 644.200012207031
X Ed valid 2 1 0 0 0 0 91.7999877929688 63900.0 54428.19921875 598.3000183105473
X Ve valid 1 0 0 0 0 0 0.0 63900.0 54428.19921875 642.099975585938
X Ed valid 2 1 0 0 0 0 2.10003662109375 63900.0 54428.19921875 643.1499938964841
X Ve valid 1 0 0 0 0 0 0.0 63900.0 54428.19921875 31.0
X Ed valid 2 1 0 0 0 0 611.099975585938 63900.0 54428.19921875 336.549987792969
X Ve valid 1 0 0 0 0 0 0.0 63900.0 54428.19921875 757.900024414063
X Ed valid 2 1 0 0 0 0 726.900024414063 63900.0 54428.19921875 394.4500122070315
X Ve valid 1 0 0 0 0 0 0.0 63900.0 54621.80078125 552.400024414063
X Ve valid 1 0 0 0 0 0 0.0 63900.0 54621.80078125 483.899993896484
X Ed valid 2 1 0 0 0 0 68.5000305175781 63900.0 54621.80078125 518.1500091552739
X Ve valid 1 0 0 0 0 0 0.0 63982.1015625 54621.80078125 483.899993896484
X Ed valid 2 1 0 0 0 0 82.1015625 63941.05078125 54621.80078125 483.89999389648403
X Ve valid 1 0 0 0 0 0 0.0 63980.0 54621.80078125 483.899993896484
X Ed valid 2 1 0 0 0 0 2.1015625 63981.05078125 54621.80078125 483.899993896484
X Ve valid 1 0 0 0 0 0 0.0 64043.1015625 54621.80078125 31.0
X Ed valid 2 1 0 0 0 0 457.274766044855 64011.55078125 54621.80078125 257.44999694824185
X Ve valid 1 0 0 0 0 0 0.0 64106.19921875 54621.80078125 483.899993896484
X Ed valid 2 1 0 0 0 0 457.2742270188409 64074.650390625 54621.80078125 257.449996948242
X Ve valid 1 0 0 0 0 0 0.0 64104.1015625 54621.80078125 483.899993896484
X Ed valid 2 1 0 0 0 0 2.09765625 64105.150390625 54621.80078125 483.899993896484
X Ve valid 1 0 0 0 0 0 0.0 64200.0 54621.80078125 483.899993896484
X Ed valid 2 1 0 0 0 0 95.8984375 64152.05078125 54621.80078125 483.899993896484
X Ve valid 1 0 0 0 0 0 0.0 55300.0 59300.0 0.0
X Ve valid 1 0 0 0 0 0 0.0 55300.0 59300.0 10644.7001953125
X Ed valid 2 1 0 0 0 0 10644.7001953125 55300.0 59300.0 5322.35009765625
X Ve valid 1 0 0 0 0 0 0.0 55300.0 59300.0 10647.5
X Ed valid 2 1 0 0 0 0 2.7998046875 55300.0 59300.0 10646.10009765625
X Ve valid 1 0 0 0 0 0 0.0 55300.0 59300.0 10016.7001953125
X Ed valid 2 1 0 0 0 0 630.7998046875 55300.0 59300.0 10332.10009765625
X Ve valid 1 0 0 0 0 0 0.0 55300.0 59000.0 10016.7001953125
X Ed valid 2 1 0 0 0 0 300.0 55300.0 59150.0 10016.7001953125
X Ve valid 1 0 0 0 0 0 0.0 55300.0 59000.0 9510.7001953125
X Ed valid 2 1 0 0 0 0 506.0 55300.0 59000.0 9763.7001953125
X Ve valid 1 0 0 0 0 0 0.0 55800.0 59000.0 9510.7001953125
X Ed valid 2 1 0 0 0 0 500.0 55550.0 59000.0 9510.7001953125
X Ve valid 1 0 0 0 0 0 0.0 55800.0 59000.0 9213.2001953125
X Ed valid 2 1 0 0 0 0 297.5 55800.0 59000.0 9361.9501953125
X Ve valid 1 0 0 0 0 0 0.0 55800.0 59000.0 9216.0
X Ed valid 2 1 0 0 0 0 2.7998046875 55800.0 59000.0 9214.60009765625
X Ve valid 1 0 0 0 0 0 0.0 55800.0 59000.0 1.0
X Ed valid 2 1 0 0 0 0 9215.0 55800.0 59000.0 4608.5
X Ve valid 1 0 0 0 0 0 0.0 53300.0 53100.0 10954.2001953125
X Ve valid 1 0 0 0 0 0 0.0 53300.0 53100.0 28.0
X Ed valid 2 1 0 0 0 0 10926.2001953125 53300.0 53100.0 5491.10009765625
X Ve valid 1 0 0 0 0 0 0.0 53300.0 53100.0 10821.5
X Ed valid 2 1 0 0 0 0 10793.5 53300.0 53100.0 5424.75
X Ve valid 1 0 0 0 0 0 0.0 53300.0 53100.0 10821.5
X Ve valid 1 0 0 0 0 0 0.0 53300.0 53100.0 9529.5
X Ed valid 2 1 0 0 0 0 1292.0 53300.0 53100.0 10175.5
X Ve valid 1 0 0 0 0 0 0.0 55900.0 54950.0 9016.7001953125
X Ve valid 1 0 0 0 0 0 0.0 55900.0 54950.0 7116.7001953125
X Ed valid 2 1 0 0 0 0 1900.0 55900.0 54950.0 8066.7001953125
X Ve valid 1 0 0 0 0 0 0.0 56097.5 54950.0 7116.7001953125
X Ed valid 2 1 0 0 0 0 197.5 55998.75 54950.0 7116.7001953125
X Ve valid 1 0 0 0 0 0 0.0 56094.69921875 54950.0 7116.7001953125
X Ed valid 2 1 0 0 0 0 2.80078125 56096.099609375 54950.0 7116.7001953125
X Ve valid 1 0 0 0 0 0 0.0 56163.5 54950.0 14.0
X Ed valid 2 1 0 0 0 0 7103.03340918462 56129.099609375 54950.0 3565.350097656248
X Ve valid 1 0 0 0 0 0 0.0 56380.19921875 54950.0 7116.7001953125
X Ed valid 2 1 0 0 0 0 7106.005109476 56271.849609375 54949.99999999999 3565.350097656248
X Ve valid 1 0 0 0 0 0 0.0 56535.5 54950.0 7116.7001953125
X Ed valid 2 1 0 0 0 0 155.30078125 56457.849609375 54950.0 7116.7001953125
X Ve valid 1 0 0 0 0 0 0.0 56532.69921875 54950.0 7116.7001953125
X Ed valid 2 1 0 0 0 0 2.80078125 56534.099609375 54950.0 7116.7001953125
X Ve valid 1 0 0 0 0 0 0.0 56700.0 54950.0 7116.7001953125
X Ed valid 2 1 0 0 0 0 167.30078125 56616.349609375 54950.0 7116.7001953125
X Ve valid 1 0 0 0 0 0 0.0 56700.0 55200.0 7116.7001953125
X Ed valid 2 1 0 0 0 0 250.0 56700.0 55075.0 7116.7001953125
X Ve valid 1 0 0 0 0 0 0.0 54800.0 53100.0 10954.2001953125
X Ve valid 1 0 0 0 0 0 0.0 54800.0 53100.0 28.0
X Ed valid 2 1 0 0 0 0 10926.2001953125 54800.0 53100.0 5491.10009765625
X Ve valid 1 0 0 0 0 0 0.0 54800.0 53100.0 10821.5
X Ed valid 2 1 0 0 0 0 10793.5 54800.0 53100.0 5424.75
X Ve valid 1 0 0 0 0 0 0.0 54800.0 53100.0 10821.5
X Ve valid 1 0 0 0 0 0 0.0 54800.0 53100.0 9529.5
X Ed valid 2 1 0 0 0 0 1292.0 54800.0 53100.0 10175.5
X Ve valid 1 0 0 0 0 0 0.0 61117.0 70900.0 -900.0
X Ve valid 1 0 0 0 0 0 0.0 61110.6015625 70900.0 -900.0
X Ed valid 2 1 0 0 0 0 6.3984375 61113.80078125 70900.0 -900.0
X Ve valid 1 0 0 0 0 0 0.0 61113.6015625 70900.0 -900.0
X Ed valid 2 1 0 0 0 0 3.0 61112.1015625 70900.0 -900.0
X Ve valid 1 0 0 0 0 0 0.0 61007.0 70900.0 -900.0
X Ed valid 2 1 0 0 0 0 106.6015625 61060.30078125 70900.0 -900.0
X Ve valid 1 0 0 0 0 0 0.0 60700.0 70900.0 -900.0
X Ed valid 2 1 0 0 0 0 307.0 60853.5 70900.0 -900.0
X Ve valid 1 0 0 0 0 0 0.0 56500.0 70900.0 -900.0
X Ed valid 2 1 0 0 0 0 4200.0 58600.0 70900.0 -900.0
X Ve valid 1 0 0 0 0 0 0.0 54000.0 70900.0 -900.0
X Ed valid 2 1 0 0 0 0 2500.0 55250.0 70900.0 -900.0
X Ve valid 1 0 0 0 0 0 0.0 48000.0 70900.0 -900.0
X Ed valid 2 1 0 0 0 0 6000.0 51000.0 70900.0 -900.0
X Ve valid 1 0 0 0 0 0 0.0 48000.0 76225.0 -900.0
X Ed valid 2 1 0 0 0 0 5325.0 48000.0 73562.5 -900.0
X Ve valid 1 0 0 0 0 0 0.0 42123.3984375 76225.0 -900.0
X Ed valid 2 1 0 0 0 0 5876.6015625 45061.69921875 76225.0 -900.0
X Ve valid 1 0 0 0 0 0 0.0 42126.3984375 76225.0 -900.0
X Ed valid 2 1 0 0 0 0 3.0 42124.8984375 76225.0 -900.0
X Ve valid 1 0 0 0 0 0 0.0 42120.0 76225.0 -900.0
X Ed valid 2 1 0 0 0 0 6.3984375 42123.19921875 76225.0 -900.0
X Ve valid 1 0 0 0 0 0 0.0 54000.0 68500.0 1854.59997558594
X Ve valid 1 0 0 0 0 0 0.0 54000.0 68500.0 1857.59997558594
X Ed valid 2 1 0 0 0 0 3.0 54000.0 68500.0 1856.09997558594
X Ve valid 1 0 0 0 0 0 0.0 54000.0 68500.0 1627.19995117188
X Ed valid 2 1 0 0 0 0 230.400024414063 54000.0 68500.0 1742.3999633789085
X Ve valid 1 0 0 0 0 0 0.0 54000.0 70900.0 1627.19995117188
X Ed valid 2 1 0 0 0 0 2400.0 54000.0 69700.0 1627.19995117188
X Ve valid 1 0 0 0 0 0 0.0 54000.0 70900.0 -661.700012207031
X Ed valid 2 1 0 0 0 0 2288.89996337891 54000.0 70900.0 482.74996948242506
X Ve valid 1 0 0 0 0 0 0.0 54000.0 70900.0 -658.700012207031
X Ed valid 2 1 0 0 0 0 3.0 54000.0 70900.0 -660.200012207031
X Ve valid 1 0 0 0 0 0 0.0 54000.0 70900.0 -663.400024414063
X Ed valid 2 1 0 0 0 0 4.70001220703125 54000.0 70900.0 -661.0500183105466
X Ve valid 1 0 0 0 0 0 0.0 54000.0 70900.0 -668.099975585938
X Ed valid 2 1 0 0 0 0 4.699951171875 54000.0 70900.0 -665.7500000000005
X Ve valid 1 0 0 0 0 0 0.0 54000.0 70900.0 -665.099975585938
X Ed valid 2 1 0 0 0 0 3.0 54000.0 70900.0 -666.599975585938
X Ve valid 1 0 0 0 0 0 0.0 54000.0 70900.0 -900.0
X Ed valid 2 1 0 0 0 0 234.900024414063 54000.0 70900.0 -782.5499877929694
X Ve valid 1 0 0 0 0 0 0.0 56500.0 68500.0 1854.59997558594
X Ve valid 1 0 0 0 0 0 0.0 56500.0 68500.0 1857.59997558594
X Ed valid 2 1 0 0 0 0 3.0 56500.0 68500.0 1856.09997558594
X Ve valid 1 0 0 0 0 0 0.0 56500.0 68500.0 1627.19995117188
X Ed valid 2 1 0 0 0 0 230.400024414063 56500.00000000001 68500.0 1742.3999633789085
X Ve valid 1 0 0 0 0 0 0.0 56500.0 70900.0 1627.19995117188
X Ed valid 2 1 0 0 0 0 2400.0 56500.0 69700.0 1627.19995117188
X Ve valid 1 0 0 0 0 0 0.0 56500.0 70900.0 -661.700012207031
X Ed valid 2 1 0 0 0 0 2288.89996337891 56500.0 70900.0 482.74996948242506
X Ve valid 1 0 0 0 0 0 0.0 56500.0 70900.0 -658.700012207031
X Ed valid 2 1 0 0 0 0 3.0 56500.0 70900.0 -660.200012207031
X Ve valid 1 0 0 0 0 0 0.0 56500.0 70900.0 -663.400024414063
X Ed valid 2 1 0 0 0 0 4.70001220703125 56500.0 70900.0 -661.0500183105466
X Ve valid 1 0 0 0 0 0 0.0 56500.0 70900.0 -668.099975585938
X Ed valid 2 1 0 0 0 0 4.699951171875 56500.0 70900.0 -665.7500000000005
X Ve valid 1 0 0 0 0 0 0.0 56500.0 70900.0 -665.099975585938
X Ed valid 2 1 0 0 0 0 3.0 56500.0 70900.0 -666.599975585938
X Ve valid 1 0 0 0 0 0 0.0 56500.0 70900.0 -900.0
X Ed valid 2 1 0 0 0 0 234.900024414063 56500.00000000001 70900.0 -782.5499877929694
X Ve valid 1 0 0 0 0 0 0.0 61300.0 69210.0 1200.0
X Ve valid 1 0 0 0 0 0 0.0 61300.0 69340.1015625 1200.0
X Ed valid 2 1 0 0 0 0 130.1015625 61300.0 69275.05078125 1200.0
X Ve valid 1 0 0 0 0 0 0.0 61300.0 69338.0 1200.0
X Ed valid 2 1 0 0 0 0 2.1015625 61300.0 69339.05078125 1200.0
X Ve valid 1 0 0 0 0 0 0.0 61300.0 69401.1015625 1200.0
X Ed valid 2 1 0 0 0 0 63.1015625 61300.0 69369.55078125 1200.0
X Ve valid 1 0 0 0 0 0 0.0 61300.0 69464.203125 1200.0
X Ed valid 2 1 0 0 0 0 63.1015625 61300.0 69432.65234375 1200.0
X Ve valid 1 0 0 0 0 0 0.0 61300.0 69462.1015625 1200.0
X Ed valid 2 1 0 0 0 0 2.1015625 61300.0 69463.15234375 1200.0
X Ve valid 1 0 0 0 0 0 0.0 61300.0 69910.0 1200.0
X Ed valid 2 1 0 0 0 0 447.8984375 61300.0 69686.05078125 1200.0
X Ve valid 1 0 0 0 0 0 0.0 61300.0 69910.0 -186.600006103516
X Ed valid 2 1 0 0 0 0 1386.60000610352 61300.0 69910.0 506.69999694824
X Ve valid 1 0 0 0 0 0 0.0 61007.0 69910.0 -186.600006103516
X Ed valid 2 1 0 0 0 0 293.0 61153.5 69910.0 -186.600006103516
X Ve valid 1 0 0 0 0 0 0.0 61007.0 69910.0 -267.0
X Ed valid 2 1 0 0 0 0 80.3999938964844 61007.0 69910.0 -226.80000305175824
X Ve valid 1 0 0 0 0 0 0.0 61007.0 69910.0 -264.899993896484
X Ed valid 2 1 0 0 0 0 2.10000610351563 61007.0 69910.0 -265.9499969482422
X Ve valid 1 0 0 0 0 0 0.0 61007.0 69910.0 -268.299987792969
X Ed valid 2 1 0 0 0 0 3.39999389648438 61007.0 69910.0 -266.59999084472616
X Ve valid 1 0 0 0 0 0 0.0 61007.0 69910.0 -271.600006103516
X Ed valid 2 1 0 0 0 0 3.30001831054688 61007.0 69910.0 -269.9499969482424
X Ve valid 1 0 0 0 0 0 0.0 61007.0 69910.0 -269.5
X Ed valid 2 1 0 0 0 0 2.10000610351563 61007.0 69910.0 -270.5500030517582
X Ve valid 1 0 0 0 0 0 0.0 61007.0 69910.0 -386.600006103516
X Ed valid 2 1 0 0 0 0 117.100006103516 61007.0 69910.0 -328.05000305175804
X Ve valid 1 0 0 0 0 0 0.0 64180.0 68600.0 578.599975585938
X Ve valid 1 0 0 0 0 0 0.0 64180.0 68600.0 413.399993896484
X Ed valid 2 1 0 0 0 0 165.199981689453 64180.0 68600.0 495.9999847412114
X Ve valid 1 0 0 0 0 0 0.0 64180.0 69065.296875 413.399993896484
X Ed valid 2 1 0 0 0 0 465.296875 64180.0 68832.6484375 413.399993896484
X Ve valid 1 0 0 0 0 0 0.0 64180.0 69063.203125 413.399993896484
X Ed valid 2 1 0 0 0 0 2.09375 64180.0 69064.25 413.399993896484
X Ve valid 1 0 0 0 0 0 0.0 64180.0 69128.296875 413.399993896484
X Ed valid 2 1 0 0 0 0 65.09375 64180.0 69095.75 413.399993896484
X Ve valid 1 0 0 0 0 0 0.0 64180.0 69191.3984375 413.399993896484
X Ed valid 2 1 0 0 0 0 63.1015625 64180.0 69159.84765625 413.399993896484
X Ve valid 1 0 0 0 0 0 0.0 64180.0 69189.296875 413.399993896484
X Ed valid 2 1 0 0 0 0 2.1015625 64180.0 69190.34765625 413.399993896484
X Ve valid 1 0 0 0 0 0 0.0 64180.0 69300.0 413.399993896484
X Ed valid 2 1 0 0 0 0 110.703125 64180.0 69244.6484375 413.399993896484
X Ve valid 1 0 0 0 0 0 0.0 64180.0 69300.0 -303.5
X Ed valid 2 1 0 0 0 0 716.899993896484 64180.0 69300.0 54.94999694824193
X Ve valid 1 0 0 0 0 0 0.0 64180.0 69300.0 -301.399993896484
X Ed valid 2 1 0 0 0 0 2.10000610351563 64180.0 69300.0 -302.4499969482422
X Ve valid 1 0 0 0 0 0 0.0 64180.0 69300.0 -304.799987792969
X Ed valid 2 1 0 0 0 0 3.39999389648438 64180.0 69300.0 -303.0999908447262
X Ve valid 1 0 0 0 0 0 0.0 64180.0 69300.0 -308.100006103516
X Ed valid 2 1 0 0 0 0 3.30001831054688 64180.0 69300.0 -306.4499969482424
X Ve valid 1 0 0 0 0 0 0.0 64180.0 69300.0 -306.0
X Ed valid 2 1 0 0 0 0 2.10000610351563 64180.0 69300.0 -307.0500030517582
X Ve valid 1 0 0 0 0 0 0.0 64180.0 69300.0 -386.600006103516
X Ed valid 2 1 0 0 0 0 80.6000061035156 64180.0 69300.0 -346.3000030517578
X Ve valid 1 0 0 0 0 0 0.0 61141.1015625 69300.0 4013.39990234375
X Ve valid 1 0 0 0 0 0 0.0 61141.1015625 69300.0 3883.30004882813
X Ed valid 2 1 0 0 0 0 130.099853515625 61141.1015625 69300.0 3948.3499755859375
X Ve valid 1 0 0 0 0 0 0.0 61141.1015625 69300.0 3885.39990234375
X Ed valid 2 1 0 0 0 0 2.099853515625 61141.1015625 69300.0 3884.3499755859425
X Ve valid 1 0 0 0 0 0 0.0 61141.1015625 69300.0 3822.30004882813
X Ed valid 2 1 0 0 0 0 63.099853515625 61141.1015625 69300.0 3853.8499755859375
X Ve valid 1 0 0 0 0 0 0.0 61141.1015625 69300.0 3759.10009765625
X Ed valid 2 1 0 0 0 0 63.199951171875 61141.1015625 69300.0 3790.7000732421925
X Ve valid 1 0 0 0 0 0 0.0 61141.1015625 69300.0 3761.30004882813
X Ed valid 2 1 0 0 0 0 2.199951171875 61141.1015625 69300.0 3760.2000732421875
X Ve valid 1 0 0 0 0 0 0.0 61141.1015625 69300.0 2713.39990234375
X Ed valid 2 1 0 0 0 0 1047.90014648438 61141.1015625 69300.0 3237.3499755859402
X Ve valid 1 0 0 0 0 0 0.0 61141.1015625 69650.0 2713.39990234375
X Ed valid 2 1 0 0 0 0 350.0 61141.1015625 69475.0 2713.39990234375
X Ve valid 1 0 0 0 0 0 0.0 61141.1015625 69650.0 2313.39990234375
X Ed valid 2 1 0 0 0 0 400.0 61141.1015625 69650.0 2513.39990234375
X Ve valid 1 0 0 0 0 0 0.0 64180.0 69650.0 2313.39990234375
X Ed valid 2 1 0 0 0 0 3038.8984375 62660.55078125 69650.0 2313.39990234375
X Ve valid 1 0 0 0 0 0 0.0 64180.0 69650.0 -386.600006103516
X Ed valid 2 1 0 0 0 0 2699.99990844727 64180.0 69650.0 963.3999481201149
X Ve valid 1 0 0 0 0 0 0.0 64180.0 69300.0 -386.600006103516
X Ed valid 2 1 0 0 0 0 350.0 64180.0 69475.0 -386.600006103516
X Ve valid 1 0 0 0 0 0 0.0 64180.0 67765.0 -386.600006103516
X Ed valid 2 1 0 0 0 0 1535.0 64180.0 68532.5 -386.600006103516
X Ve valid 1 0 0 0 0 0 0.0 61007.0 67765.0 -386.600006103516
X Ed valid 2 1 0 0 0 0 3173.0 62593.5 67765.0 -386.60000610351597
X Ve valid 1 0 0 0 0 0 0.0 61007.0 69910.0 -386.600006103516
X Ed valid 2 1 0 0 0 0 2145.0 61007.0 68837.5 -386.600006103516
X Ve valid 1 0 0 0 0 0 0.0 61007.0 70900.0 -386.600006103516
X Ed valid 2 1 0 0 0 0 990.0 61007.0 70405.0 -386.600006103516
X Ve valid 1 0 0 0 0 0 0.0 61007.0 70900.0 -717.200012207031
X Ed valid 2 1 0 0 0 0 330.600006103516 61007.00000000001 70900.0 -551.9000091552741
X Ve valid 1 0 0 0 0 0 0.0 61007.0 70900.0 -715.099975585938
X Ed valid 2 1 0 0 0 0 2.10003662109375 61007.0 70900.0 -716.1499938964841
X Ve valid 1 0 0 0 0 0 0.0 61007.0 70900.0 -718.400024414063
X Ed valid 2 1 0 0 0 0 3.300048828125 61007.0 70900.0 -716.7500000000005
X Ve valid 1 0 0 0 0 0 0.0 61007.0 70900.0 -721.799987792969
X Ed valid 2 1 0 0 0 0 3.39996337890625 61007.0 70900.0 -720.1000061035161
X Ve valid 1 0 0 0 0 0 0.0 61007.0 70900.0 -719.700012207031
X Ed valid 2 1 0 0 0 0 2.0999755859375 61007.0 70900.0 -720.7500000000002
X Ve valid 1 0 0 0 0 0 0.0 61007.0 70900.0 -842.799987792969
X Ed valid 2 1 0 0 0 0 123.099975585938 61007.0 70900.0 -781.25
X Ve valid 1 0 0 0 0 0 0.0 64700.0 68500.0 12094.0
X Ve valid 1 0 0 0 0 0 0.0 64700.0 68700.0 12094.0
X Ed valid 2 1 0 0 0 0 200.0 64700.0 68600.0 12094.0
X Ve valid 1 0 0 0 0 0 0.0 64700.0 68700.0 12220.5
X Ed valid 2 1 0 0 0 0 126.5 64700.0 68700.0 12157.25
X Ve valid 1 0 0 0 0 0 0.0 64700.0 68700.0 12218.400390625
X Ed valid 2 1 0 0 0 0 2.099609375 64700.0 68700.0 12219.4501953125
X Ve valid 1 0 0 0 0 0 0.0 64700.0 68700.0 12350.0
X Ed valid 2 1 0 0 0 0 131.599609375 64700.0 68700.0 12284.2001953125
X Ve valid 1 0 0 0 0 0 0.0 64700.0 68796.5 12350.0
X Ed valid 2 1 0 0 0 0 96.5 64700.0 68748.25 12350.0
X Ve valid 1 0 0 0 0 0 0.0 64700.0 69100.0 12350.0
X Ed valid 2 1 0 0 0 0 303.5 64700.0 68948.25 12350.0
X Ve valid 1 0 0 0 0 0 0.0 64700.0 69100.0 13516.7001953125
X Ed valid 2 1 0 0 0 0 1166.7001953125 64700.0 69100.0 12933.35009765625
X Ve valid 1 0 0 0 0 0 0.0 64700.0 70500.0 13516.7001953125
X Ed valid 2 1 0 0 0 0 1400.0 64700.0 69800.0 13516.7001953125
X Ve valid 1 0 0 0 0 0 0.0 64700.0 70500.0 14516.7001953125
X Ed valid 2 1 0 0 0 0 1000.0 64700.0 70500.0 14016.7001953125
X Ve valid 1 0 0 0 0 0 0.0 64500.0 70500.0 14516.7001953125
X Ed valid 2 1 0 0 0 0 200.0 64600.0 70500.0 14516.7001953125
X Ve valid 1 0 0 0 0 0 0.0 55000.0 62600.0 15542.2001953125
X Ve valid 1 0 0 0 0 0 0.0 55000.0 62600.0 15452.0
X Ed valid 2 1 0 0 0 0 90.2001953125 55000.0 62600.0 15497.10009765625
X Ve valid 1 0 0 0 0 0 0.0 55000.0 62600.0 15358.599609375
X Ed valid 2 1 0 0 0 0 93.400390625 55000.0 62600.0 15405.2998046875
X Ve valid 1 0 0 0 0 0 0.0 55000.0 62600.0 15361.599609375
X Ed valid 2 1 0 0 0 0 3.0 55000.0 62600.0 15360.099609375
X Ve valid 1 0 0 0 0 0 0.0 55000.0 62600.0 13500.0
X Ed valid 2 1 0 0 0 0 1861.599609375 55000.0 62600.0 14430.7998046875
X Ve valid 1 0 0 0 0 0 0.0 56700.0 62600.0 14992.2001953125
X Ve valid 1 0 0 0 0 0 0.0 56700.0 62600.0 14902.0
X Ed valid 2 1 0 0 0 0 90.2001953125 56700.0 62600.0 14947.10009765625
X Ve valid 1 0 0 0 0 0 0.0 56700.0 62600.0 14808.599609375
X Ed valid 2 1 0 0 0 0 93.400390625 56700.0 62600.0 14855.2998046875
X Ve valid 1 0 0 0 0 0 0.0 56700.0 62600.0 14811.599609375
X Ed valid 2 1 0 0 0 0 3.0 56700.0 62600.0 14810.099609375
X Ve valid 1 0 0 0 0 0 0.0 56700.0 62600.0 13500.0
X Ed valid 2 1 0 0 0 0 1311.599609375 56700.0 62600.0 14155.7998046875
X Ve valid 1 0 0 0 0 0 0.0 54578.80078125 59640.80078125 11124.2998046875
X Ve valid 1 0 0 0 0 0 0.0 54581.80078125 59640.80078125 11124.2998046875
X Ed valid 2 1 0 0 0 0 3.0 54580.30078125 59640.80078125 11124.2998046875
X Ve valid 1 0 0 0 0 0 0.0 54300.0 59640.80078125 11124.2998046875
X Ed valid 2 1 0 0 0 0 281.80078125 54440.900390625 59640.80078125 11124.2998046875
X Ve valid 1 0 0 0 0 0 0.0 54300.0 59640.80078125 9557.2001953125
X Ed valid 2 1 0 0 0 0 1567.099609375 54300.0 59640.80078125 10340.75
X Ve valid 1 0 0 0 0 0 0.0 56500.0 59600.0 11054.7998046875
X Ve valid 1 0 0 0 0 0 0.0 56500.0 59600.0 10907.5
X Ed valid 2 1 0 0 0 0 147.2998046875 56500.0 59600.0 10981.14990234375
X Ve valid 1 0 0 0 0 0 0.0 56500.0 59600.0 10909.599609375
X Ed valid 2 1 0 0 0 0 2.099609375 56500.0 59600.0 10908.5498046875
X Ve valid 1 0 0 0 0 0 0.0 56500.0 59600.0 14.0
X Ed valid 2 1 0 0 0 0 10895.599609375 56500.0 59600.0 5461.7998046875
X Ve valid 1 0 0 0 0 0 0.0 56500.0 59600.0 10783.400390625
X Ed valid 2 1 0 0 0 0 10769.400390625 56500.0 59600.0 5398.7001953125
X Ve valid 1 0 0 0 0 0 0.0 56500.0 59600.0 10785.5
X Ed valid 2 1 0 0 0 0 2.099609375 56500.0 59600.0 10784.4501953125
X Ve valid 1 0 0 0 0 0 0.0 56500.0 59600.0 10703.400390625
X Ed valid 2 1 0 0 0 0 82.099609375 56500.0 59600.0 10744.4501953125
X Ve valid 1 0 0 0 0 0 0.0 56417.8984375 59600.0 10703.400390625
X Ed valid 2 1 0 0 0 0 82.1015625 56458.94921875 59600.0 10703.400390625
X Ve valid 1 0 0 0 0 0 0.0 56420.0 59600.0 10703.400390625
X Ed valid 2 1 0 0 0 0 2.1015625 56418.94921875 59600.0 10703.400390625
X Ve valid 1 0 0 0 0 0 0.0 56415.3984375 59600.0 0.0
X Ed valid 2 1 0 0 0 0 10703.4013797675 56417.69921875 59600.0 5351.7001953125
X Ve valid 1 0 0 0 0 0 0.0 56500.0 59350.0 11112.0
X Ve valid 1 0 0 0 0 0 0.0 56500.0 59600.0 11112.0
X Ed valid 2 1 0 0 0 0 250.0 56500.0 59475.0 11112.0
X Ve valid 1 0 0 0 0 0 0.0 56500.0 59850.0 11112.0
X Ed valid 2 1 0 0 0 0 250.0 56500.0 59725.0 11112.0
X Ve valid 1 0 0 0 0 0 0.0 56269.80078125 59850.0 11112.0
X Ed valid 2 1 0 0 0 0 230.19921875 56384.900390625 59850.0 11112.0
X Ve valid 1 0 0 0 0 0 0.0 56272.80078125 59850.0 11112.0
X Ed valid 2 1 0 0 0 0 3.0 56271.30078125 59850.0 11112.0
X Ve valid 1 0 0 0 0 0 0.0 56151.8984375 59850.0 11112.0
X Ed valid 2 1 0 0 0 0 120.90234375 56212.349609375 59850.0 11112.0
X Ve valid 1 0 0 0 0 0 0.0 56031.0 59850.0 11112.0
X Ed valid 2 1 0 0 0 0 120.8984375 56091.44921875 59850.0 11112.0
X Ve valid 1 0 0 0 0 0 0.0 56034.0 59850.0 11112.0
X Ed valid 2 1 0 0 0 0 3.0 56032.5 59850.0 11112.0
X Ve valid 1 0 0 0 0 0 0.0 55750.0 59850.0 11112.0
X Ed valid 2 1 0 0 0 0 284.0 55892.0 59850.0 11112.0
X Ve valid 1 0 0 0 0 0 0.0 55750.0 59850.0 9557.2001953125
X Ed valid 2 1 0 0 0 0 1554.7998046875 55750.0 59850.0 10334.60009765625
X Ve valid 1 0 0 0 0 0 0.0 61500.0 34500.0 13600.0
X Ve valid 1 0 0 0 0 0 0.0 61500.0 34348.1015625 13600.0
X Ed valid 2 1 0 0 0 0 151.8984375 61500.0 34424.05078125 13600.0
X Ve valid 1 0 0 0 0 0 0.0 61500.0 34265.30078125 13573.0
X Ed valid 2 1 0 0 0 0 87.0917296625251 61500.0 34306.701171875 13586.5
X Ve valid 1 0 0 0 0 0 0.0 61500.0 34268.30078125 13573.0
X Ed valid 2 1 0 0 0 0 3.0 61500.0 34266.80078125 13573.0
X Ve valid 1 0 0 0 0 0 0.0 61500.0 34147.3984375 13573.0
X Ed valid 2 1 0 0 0 0 120.90234375 61500.0 34207.849609375 13573.0
X Ve valid 1 0 0 0 0 0 0.0 61500.0 34026.5 13573.0
X Ed valid 2 1 0 0 0 0 120.8984375 61500.0 34086.94921875 13573.0
X Ve valid 1 0 0 0 0 0 0.0 61500.0 34029.5 13573.0
X Ed valid 2 1 0 0 0 0 3.0 61500.0 34028.0 13573.0
X Ve valid 1 0 0 0 0 0 0.0 61500.0 33500.0 13573.0
X Ed valid 2 1 0 0 0 0 529.5 61500.0 33764.75 13573.0
X Ve valid 1 0 0 0 0 0 0.0 61500.0 33500.0 13573.0
X Ve valid 1 0 0 0 0 0 0.0 61500.0 33116.1015625 10468.7998046875
X Ed valid 2 1 0 0 0 0 3127.84859973962 61499.99999999999 33308.05078125 12020.899902343748
X Ve valid 1 0 0 0 0 0 0.0 61500.0 33119.1015625 10469.099609375
X Ed valid 2 1 0 0 0 0 3.01494325827983 61500.0 33117.6015625 10468.94970703125
X Ve valid 1 0 0 0 0 0 0.0 61500.0 33114.3984375 10468.599609375
X Ed valid 2 1 0 0 0 0 4.72962839614541 61500.0 33116.75 10468.849609375
X Ve valid 1 0 0 0 0 0 0.0 61500.0 33109.69921875 10468.099609375
X Ed valid 2 1 0 0 0 0 4.72574405362283 61500.00000000001 33112.048828125 10468.349609375
X Ve valid 1 0 0 0 0 0 0.0 61500.0 33112.69921875 10468.400390625
X Ed valid 2 1 0 0 0 0 3.0150405238323996 61500.00000000001 33111.19921875 10468.25
X Ve valid 1 0 0 0 0 0 0.0 61500.0 32000.0 10468.400390625
X Ed valid 2 1 0 0 0 0 1112.69921875 61500.0 32556.349609375 10468.400390625
X Ve valid 1 0 0 0 0 0 0.0 55700.0 32000.0 10468.400390625
X Ed valid 2 1 0 0 0 0 5800.0 58600.0 32000.0 10468.400390625
X Ve valid 1 0 0 0 0 0 0.0 55700.0 31588.099609375 9736.0
X Ed valid 2 1 0 0 0 0 840.281062493188 55700.0 31794.0498046875 10102.2001953125
X Ve valid 1 0 0 0 0 0 0.0 55700.0 31591.0 9736.2998046875
X Ed valid 2 1 0 0 0 0 2.91584441084137 55700.0 31589.5498046875 9736.14990234375
X Ve valid 1 0 0 0 0 0 0.0 55700.0 31586.400390625 9735.7998046875
X Ed valid 2 1 0 0 0 0 4.62670578301537 55700.0 31588.700195312504 9736.0498046875
X Ve valid 1 0 0 0 0 0 0.0 55700.0 31581.69921875 9735.2998046875
X Ed valid 2 1 0 0 0 0 4.72768622037155 55700.0 31584.0498046875 9735.5498046875
X Ve valid 1 0 0 0 0 0 0.0 55700.0 31584.69921875 9735.599609375
X Ed valid 2 1 0 0 0 0 3.01494325827983 55700.0 31583.19921875 9735.44970703125
X Ve valid 1 0 0 0 0 0 0.0 55700.0 30843.0 9735.599609375
X Ed valid 2 1 0 0 0 0 741.69921875 55700.0 31213.849609375 9735.599609375
X Ve valid 1 0 0 0 0 0 0.0 55700.0 30843.0 -500.0
X Ed valid 2 1 0 0 0 0 10235.599609375 55700.0 30843.0 4617.7998046875
X Ve valid 1 0 0 0 0 0 0.0 59000.0 35179.8984375 9746.0
X Ve valid 1 0 0 0 0 0 0.0 59000.0 35140.1015625 9613.099609375
X Ed valid 2 1 0 0 0 0 138.731053077684 59000.0 35160.0 9679.5498046875
X Ve valid 1 0 0 0 0 0 0.0 59000.0 35099.19921875 9476.7998046875
X Ed valid 2 1 0 0 0 0 142.304738087296 59000.0 35119.650390625 9544.94970703125
X Ve valid 1 0 0 0 0 0 0.0 59000.0 35100.19921875 9480.099609375
X Ed valid 2 1 0 0 0 0 3.44800101154959 59000.0 35099.69921875 9478.44970703125
X Ve valid 1 0 0 0 0 0 0.0 59000.0 34821.19921875 9480.099609375
X Ed valid 2 1 0 0 0 0 279.0 59000.0 34960.69921875 9480.099609375
X Ve valid 1 0 0 0 0 0 0.0 55480.0 34821.19921875 9480.099609375
X Ed valid 2 1 0 0 0 0 3520.0 57240.0 34821.19921875 9480.099609375
X Ve valid 1 0 0 0 0 0 0.0 55480.0 31031.400390625 7819.0
X Ed valid 2 1 0 0 0 0 4137.85295412046 55480.0 32926.2998046875 8649.5498046875
X Ve valid 1 0 0 0 0 0 0.0 55480.0 31034.80078125 7819.39990234375
X Ed valid 2 1 0 0 0 0 3.4238250958722496 55480.0 31033.1005859375 7819.199951171875
X Ve valid 1 0 0 0 0 0 0.0 55480.0 31029.69921875 7818.7998046875
X Ed valid 2 1 0 0 0 0 5.13673603939729 55480.0 31032.25 7819.099853515625
X Ve valid 1 0 0 0 0 0 0.0 55480.0 31024.599609375 7818.2998046875
X Ed valid 2 1 0 0 0 0 5.12406242912671 55480.0 31027.149414062504 7818.5498046875
X Ve valid 1 0 0 0 0 0 0.0 55480.0 31028.0 7818.7001953125
X Ed valid 2 1 0 0 0 0 3.42388216140331 55480.0 31026.2998046875 7818.5
X Ve valid 1 0 0 0 0 0 0.0 55480.0 30829.0 7798.7998046875
X Ed valid 2 1 0 0 0 0 199.992563729324 55480.00000000001 30928.5 7808.75
X Ve valid 1 0 0 0 0 0 0.0 59000.0 32679.900390625 9746.0
X Ve valid 1 0 0 0 0 0 0.0 59000.0 32640.099609375 9613.099609375
X Ed valid 2 1 0 0 0 0 138.732173688687 59000.0 32660.000000000004 9679.5498046875
X Ve valid 1 0 0 0 0 0 0.0 59000.0 32599.19921875 9476.7998046875
X Ed valid 2 1 0 0 0 0 142.304176717088 59000.0 32619.6494140625 9544.94970703125
X Ve valid 1 0 0 0 0 0 0.0 59000.0 32600.19921875 9480.099609375
X Ed valid 2 1 0 0 0 0 3.44800101154959 59000.0 32599.69921875 9478.44970703125
X Ve valid 1 0 0 0 0 0 0.0 59000.0 32411.19921875 9480.099609375
X Ed valid 2 1 0 0 0 0 189.0 59000.0 32505.69921875 9480.099609375
X Ve valid 1 0 0 0 0 0 0.0 55480.0 32411.19921875 9480.099609375
X Ed valid 2 1 0 0 0 0 3520.0 57240.0 32411.19921875 9480.099609375
X Ve valid 1 0 0 0 0 0 0.0 55480.0 31868.900390625 8443.7998046875
X Ed valid 2 1 0 0 0 0 1169.61758886445 55480.0 32140.0498046875 8961.949707031252
X Ve valid 1 0 0 0 0 0 0.0 55480.0 31872.30078125 8444.099609375
X Ed valid 2 1 0 0 0 0 3.4135815873119 55480.00000000001 31870.6005859375 8443.94970703125
X Ve valid 1 0 0 0 0 0 0.0 55480.0 31867.19921875 8443.599609375
X Ed valid 2 1 0 0 0 0 5.12600623696521 55480.0 31869.75 8443.849609375
X Ve valid 1 0 0 0 0 0 0.0 55480.0 31862.099609375 8443.099609375
X Ed valid 2 1 0 0 0 0 5.12406242912671 55480.0 31864.6494140625 8443.349609375
X Ve valid 1 0 0 0 0 0 0.0 55480.0 31865.5 8443.400390625
X Ed valid 2 1 0 0 0 0 3.41366749449027 55480.0 31863.7998046875 8443.25
X Ve valid 1 0 0 0 0 0 0.0 55480.0 30829.0 8339.7998046875
X Ed valid 2 1 0 0 0 0 1041.66469240663 55480.0 31347.25 8391.60009765625
X Ve valid 1 0 0 0 0 0 0.0 59000.0 29310.0 9744.5
X Ve valid 1 0 0 0 0 0 0.0 59000.0 29349.900390625 9611.599609375
X Ed valid 2 1 0 0 0 0 138.760783365853 59000.0 29329.9501953125 9678.0498046875
X Ve valid 1 0 0 0 0 0 0.0 59000.0 29390.69921875 9475.2998046875
X Ed valid 2 1 0 0 0 0 142.27501936117898 59000.0 29370.299804687504 9543.44970703125
X Ve valid 1 0 0 0 0 0 0.0 59000.0 29389.80078125 9478.599609375
X Ed valid 2 1 0 0 0 0 3.41992703387853 59000.00000000001 29390.25 9476.94970703125
X Ve valid 1 0 0 0 0 0 0.0 59000.0 29533.30078125 9478.599609375
X Ed valid 2 1 0 0 0 0 143.5 59000.0 29461.55078125 9478.599609375
X Ve valid 1 0 0 0 0 0 0.0 55480.0 29533.30078125 9478.599609375
X Ed valid 2 1 0 0 0 0 3520.0 57240.0 29533.30078125 9478.599609375
X Ve valid 1 0 0 0 0 0 0.0 55480.0 30626.599609375 8538.7001953125
X Ed valid 2 1 0 0 0 0 1441.7743360646 55480.0 30079.950195312496 9008.64990234375
X Ve valid 1 0 0 0 0 0 0.0 55480.0 30623.19921875 8539.0
X Ed valid 2 1 0 0 0 0 3.4135815873119 55480.00000000001 30624.8994140625 8538.85009765625
X Ve valid 1 0 0 0 0 0 0.0 55480.0 30628.30078125 8538.5
X Ed valid 2 1 0 0 0 0 5.12600623696521 55480.0 30625.749999999996 8538.75
X Ve valid 1 0 0 0 0 0 0.0 55480.0 30633.400390625 8538.0
X Ed valid 2 1 0 0 0 0 5.12406242912671 55480.0 30630.850585937496 8538.25
X Ve valid 1 0 0 0 0 0 0.0 55480.0 30630.0 8538.2998046875
X Ed valid 2 1 0 0 0 0 3.4135815873119 55480.00000000001 30631.7001953125 8538.14990234375
X Ve valid 1 0 0 0 0 0 0.0 55480.0 30829.0 8518.400390625
X Ed valid 2 1 0 0 0 0 199.992466558195 55480.0 30729.5 8528.35009765625
X Ve valid 1 0 0 0 0 0 0.0 59000.0 26820.099609375 9746.0
X Ve valid 1 0 0 0 0 0 0.0 59000.0 26859.900390625 9613.099609375
X Ed valid 2 1 0 0 0 0 138.732173688687 59000.0 26840.0 9679.5498046875
X Ve valid 1 0 0 0 0 0 0.0 59000.0 26900.80078125 9476.7998046875
X Ed valid 2 1 0 0 0 0 142.304176717088 59000.0 26880.3505859375 9544.94970703125
X Ve valid 1 0 0 0 0 0 0.0 59000.0 26899.80078125 9480.099609375
X Ed valid 2 1 0 0 0 0 3.44800101154959 59000.0 26900.30078125 9478.44970703125
X Ve valid 1 0 0 0 0 0 0.0 59000.0 27133.80078125 9480.099609375
X Ed valid 2 1 0 0 0 0 234.0 59000.0 27016.80078125 9480.099609375
X Ve valid 1 0 0 0 0 0 0.0 55480.0 27133.80078125 9480.099609375
X Ed valid 2 1 0 0 0 0 3520.0 57240.0 27133.80078125 9480.099609375
X Ve valid 1 0 0 0 0 0 0.0 55480.0 27676.099609375 8293.7998046875
X Ed valid 2 1 0 0 0 0 1304.37542356001 55480.00000000001 27404.950195312496 8886.949707031248
X Ve valid 1 0 0 0 0 0 0.0 55480.0 27672.69921875 8294.099609375
X Ed valid 2 1 0 0 0 0 3.4135815873119 55480.00000000001 27674.3994140625 8293.94970703125
X Ve valid 1 0 0 0 0 0 0.0 55480.0 27677.80078125 8293.599609375
X Ed valid 2 1 0 0 0 0 5.12600623696521 55480.0 27675.249999999996 8293.849609375
X Ve valid 1 0 0 0 0 0 0.0 55480.0 27682.900390625 8293.099609375
X Ed valid 2 1 0 0 0 0 5.12406242912671 55480.0 27680.3505859375 8293.349609375
X Ve valid 1 0 0 0 0 0 0.0 55480.0 27679.5 8293.400390625
X Ed valid 2 1 0 0 0 0 3.41366749449027 55480.0 27681.2001953125 8293.25
X Ve valid 1 0 0 0 0 0 0.0 55480.0 30829.0 7978.5
X Ed valid 2 1 0 0 0 0 3165.20339093964 55480.0 29254.25 8135.9501953125
X Ve valid 1 0 0 0 0 0 0.0 55480.0 31079.0 13425.0
X Ve valid 1 0 0 0 0 0 0.0 55480.0 31079.0 13425.0
X Ve valid 1 0 0 0 0 0 0.0 55480.0 30829.0 13425.0
X Ed valid 2 1 0 0 0 0 250.0 55480.0 30954.0 13425.0
X Ve valid 1 0 0 0 0 0 0.0 55480.0 30829.0 11000.0
X Ed valid 2 1 0 0 0 0 2425.0 55480.0 30829.0 12212.5
X Ve valid 1 0 0 0 0 0 0.0 55480.0 30829.0 10993.2001953125
X Ed valid 2 1 0 0 0 0 6.7998046875 55480.0 30829.0 10996.60009765625
X Ve valid 1 0 0 0 0 0 0.0 55480.0 30829.0 10996.599609375
X Ed valid 2 1 0 0 0 0 3.3994140625 55480.0 30829.0 10994.89990234375
X Ve valid 1 0 0 0 0 0 0.0 55480.0 30829.0 8518.400390625
X Ed valid 2 1 0 0 0 0 2478.19921875 55480.0 30829.0 9757.5
X Ve valid 1 0 0 0 0 0 0.0 55480.0 30829.0 8339.7998046875
X Ed valid 2 1 0 0 0 0 178.6005859375 55480.0 30829.0 8429.10009765625
X Ve valid 1 0 0 0 0 0 0.0 55480.0 30829.0 7978.5
X Ed valid 2 1 0 0 0 0 361.2998046875 55480.0 30829.0 8159.14990234375
X Ve valid 1 0 0 0 0 0 0.0 55480.0 30829.0 7798.7998046875
X Ed valid 2 1 0 0 0 0 179.7001953125 55480.0 30829.0 7888.64990234375
X Ve valid 1 0 0 0 0 0 0.0 55480.0 30829.0 -500.0
X Ed valid 2 1 0 0 0 0 8298.7998046875 55480.0 30829.0 3649.39990234375
X Ve valid 1 0 0 0 0 0 0.0 59000.0 20524.400390625 14343.7001953125
X Ve valid 1 0 0 0 0 0 0.0 59000.0 20546.099609375 14271.2001953125
X Ed valid 2 1 0 0 0 0 75.6776459356417 59000.00000000001 20535.25 14307.4501953125
X Ve valid 1 0 0 0 0 0 0.0 59000.0 20568.69921875 14195.900390625
X Ed valid 2 1 0 0 0 0 78.6180827156083 58999.99999999999 20557.3994140625 14233.550292968752
X Ve valid 1 0 0 0 0 0 0.0 59000.0 20567.900390625 14198.5
X Ed valid 2 1 0 0 0 0 2.71957630447813 59000.0 20568.2998046875 14197.200195312498
X Ve valid 1 0 0 0 0 0 0.0 59000.0 20643.599609375 14198.5
X Ed valid 2 1 0 0 0 0 75.69921875 59000.0 20605.75 14198.5
X Ve valid 1 0 0 0 0 0 0.0 55280.0 20643.599609375 14198.5
X Ed valid 2 1 0 0 0 0 3720.0 57140.0 20643.599609375 14198.5
X Ve valid 1 0 0 0 0 0 0.0 55280.0 30607.900390625 12611.7001953125
X Ed valid 2 1 0 0 0 0 10089.8574657611 55279.99999999999 25625.749999999985 13405.100097656254
X Ve valid 1 0 0 0 0 0 0.0 55280.0 30605.099609375 12612.0
X Ed valid 2 1 0 0 0 0 2.81678157850383 55280.0 30606.5 12611.85009765625
X Ve valid 1 0 0 0 0 0 0.0 55280.0 30609.599609375 12611.599609375
X Ed valid 2 1 0 0 0 0 4.5177774018413 55280.0 30607.349609375 12611.7998046875
X Ve valid 1 0 0 0 0 0 0.0 55280.0 30614.099609375 12611.099609375
X Ed valid 2 1 0 0 0 0 4.52769256906871 55280.0 30611.849609375004 12611.349609375
X Ve valid 1 0 0 0 0 0 0.0 55280.0 30611.30078125 12611.400390625
X Ed valid 2 1 0 0 0 0 2.81494373543106 55279.99999999999 30612.7001953125 12611.25
X Ve valid 1 0 0 0 0 0 0.0 55280.0 30870.0 12611.400390625
X Ed valid 2 1 0 0 0 0 258.69921875 55280.0 30740.650390625 12611.400390625
X Ve valid 1 0 0 0 0 0 0.0 55280.0 30870.0 -500.0
X Ed valid 2 1 0 0 0 0 13111.400390625 55280.0 30870.0 6055.7001953125
X Ve valid 1 0 0 0 0 0 0.0 59000.0 21720.099609375 10961.599609375
X Ve valid 1 0 0 0 0 0 0.0 59000.0 21741.80078125 10889.099609375
X Ed valid 2 1 0 0 0 0 75.67820598262279 59000.0 21730.9501953125 10925.349609375
X Ve valid 1 0 0 0 0 0 0.0 59000.0 21764.400390625 10813.7001953125
X Ed valid 2 1 0 0 0 0 78.7134930292825 59000.0 21753.1005859375 10851.39990234375
X Ve valid 1 0 0 0 0 0 0.0 59000.0 21763.599609375 10816.400390625
X Ed valid 2 1 0 0 0 0 2.81643486272957 58999.99999999999 21764.0 10815.05029296875
X Ve valid 1 0 0 0 0 0 0.0 59000.0 21849.5 10816.400390625
X Ed valid 2 1 0 0 0 0 85.900390625 59000.0 21806.5498046875 10816.400390625
X Ve valid 1 0 0 0 0 0 0.0 55120.0 21849.5 10142.2001953125
X Ed valid 2 1 0 0 0 0 3938.1399039850494 57060.0 21849.499999999996 10479.300292968752
X Ve valid 1 0 0 0 0 0 0.0 55120.0 30707.30078125 9256.400390625
X Ed valid 2 1 0 0 0 0 8901.98157571097 55120.0 26278.400390625 9699.30029296875
X Ve valid 1 0 0 0 0 0 0.0 55120.0 30704.599609375 9256.7001953125
X Ed valid 2 1 0 0 0 0 2.71775869954232 55120.00000000001 30705.9501953125 9256.55029296875
X Ve valid 1 0 0 0 0 0 0.0 55120.0 30709.0 9256.2001953125
X Ed valid 2 1 0 0 0 0 4.42870609236918 55120.0 30706.7998046875 9256.4501953125
X Ve valid 1 0 0 0 0 0 0.0 55120.0 30713.5 9255.599609375
X Ed valid 2 1 0 0 0 0 4.539901261957439 55120.0 30711.250000000004 9255.89990234375
X Ve valid 1 0 0 0 0 0 0.0 55120.0 30710.69921875 9256.0
X Ed valid 2 1 0 0 0 0 2.82925577898843 55120.0 30712.099609375 9255.7998046875
X Ve valid 1 0 0 0 0 0 0.0 55120.0 30822.30078125 9241.599609375
X Ed valid 2 1 0 0 0 0 112.526796820109 55120.0 30766.500000000004 9248.7998046875
X Ve valid 1 0 0 0 0 0 0.0 58779.8984375 20300.0 8487.0
X Ve valid 1 0 0 0 0 0 0.0 58758.19921875 20300.0 8414.5
X Ed valid 2 1 0 0 0 0 75.6776459356417 58769.04882812501 20300.0 8450.75
X Ve valid 1 0 0 0 0 0 0.0 58735.6015625 20300.0 8339.099609375
X Ed valid 2 1 0 0 0 0 78.7138677387648 58746.900390625 20300.0 8376.7998046875
X Ve valid 1 0 0 0 0 0 0.0 58736.3984375 20300.0 8341.7998046875
X Ed valid 2 1 0 0 0 0 2.8153267112845 58735.99999999999 20300.0 8340.44970703125
X Ve valid 1 0 0 0 0 0 0.0 58633.8984375 20300.0 8341.7998046875
X Ed valid 2 1 0 0 0 0 102.5 58685.1484375 20300.0 8341.7998046875
X Ve valid 1 0 0 0 0 0 0.0 55120.0 20300.0 8341.7998046875
X Ed valid 2 1 0 0 0 0 3513.8984375 56876.94921875 20300.0 8341.7998046875
X Ve valid 1 0 0 0 0 0 0.0 55120.0 30707.30078125 6607.89990234375
X Ed valid 2 1 0 0 0 0 10550.7496616475 55119.99999999999 25503.65039062501 7474.849853515625
X Ve valid 1 0 0 0 0 0 0.0 55120.0 30704.599609375 6608.2001953125
X Ed valid 2 1 0 0 0 0 2.7178126067431 55120.0 30705.9501953125 6608.050048828125
X Ve valid 1 0 0 0 0 0 0.0 55120.0 30709.0 6607.7001953125
X Ed valid 2 1 0 0 0 0 4.42870609236918 55120.0 30706.7998046875 6607.9501953125
X Ve valid 1 0 0 0 0 0 0.0 55120.0 30713.5 6607.10009765625
X Ed valid 2 1 0 0 0 0 4.53983669277175 55120.0 30711.25 6607.400146484375
X Ve valid 1 0 0 0 0 0 0.0 55120.0 30710.69921875 6607.5
X Ed valid 2 1 0 0 0 0 2.82918671969319 55120.0 30712.099609375 6607.300048828125
X Ve valid 1 0 0 0 0 0 0.0 55120.0 30822.30078125 6593.10009765625
X Ed valid 2 1 0 0 0 0 112.526734334339 55120.0 30766.5 6600.300048828125
X Ve valid 1 0 0 0 0 0 0.0 58809.8984375 21500.0 6096.89990234375
X Ve valid 1 0 0 0 0 0 0.0 58788.19921875 21500.0 6024.2998046875
X Ed valid 2 1 0 0 0 0 75.7735460042447 58799.048828125 21500.0 6060.599853515625
X Ve valid 1 0 0 0 0 0 0.0 58765.6015625 21500.0 5949.0
X Ed valid 2 1 0 0 0 0 78.6175212911779 58776.900390625 21500.0 5986.64990234375
X Ve valid 1 0 0 0 0 0 0.0 58766.3984375 21500.0 5951.60009765625
X Ed valid 2 1 0 0 0 0 2.71947009317289 58766.0 21500.0 5950.300048828125
X Ve valid 1 0 0 0 0 0 0.0 58660.8984375 21500.0 5951.60009765625
X Ed valid 2 1 0 0 0 0 105.5 58713.6484375 21500.0 5951.60009765625
X Ve valid 1 0 0 0 0 0 0.0 55120.0 21500.0 5951.60009765625
X Ed valid 2 1 0 0 0 0 3540.8984375 56890.44921875 21500.0 5951.60009765625
X Ve valid 1 0 0 0 0 0 0.0 55120.0 30707.30078125 4325.2001953125
X Ed valid 2 1 0 0 0 0 9349.843010379938 55120.0 26103.650390625004 5138.400146484377
X Ve valid 1 0 0 0 0 0 0.0 55120.0 30704.599609375 4325.5
X Ed valid 2 1 0 0 0 0 2.71775869954232 55120.00000000001 30705.9501953125 4325.35009765625
X Ve valid 1 0 0 0 0 0 0.0 55120.0 30709.0 4325.0
X Ed valid 2 1 0 0 0 0 4.42870609236918 55120.0 30706.7998046875 4325.25
X Ve valid 1 0 0 0 0 0 0.0 55120.0 30713.5 4324.39990234375
X Ed valid 2 1 0 0 0 0 4.53983669277175 55120.0 30711.25 4324.699951171875
X Ve valid 1 0 0 0 0 0 0.0 55120.0 30710.69921875 4324.7998046875
X Ed valid 2 1 0 0 0 0 2.82918671969319 55120.0 30712.099609375 4324.599853515625
X Ve valid 1 0 0 0 0 0 0.0 55120.0 30822.30078125 4310.39990234375
X Ed valid 2 1 0 0 0 0 112.526734334339 55120.0 30766.5 4317.599853515625
X Ve valid 1 0 0 0 0 0 0.0 58809.8984375 23000.0 1981.69995117188
X Ve valid 1 0 0 0 0 0 0.0 58788.19921875 23000.0 1909.19995117188
X Ed valid 2 1 0 0 0 0 75.6776459356417 58799.04882812499 23000.0 1945.4499511718798
X Ve valid 1 0 0 0 0 0 0.0 58765.6015625 23000.0 1833.90002441406
X Ed valid 2 1 0 0 0 0 78.6176382100422 58776.90039062499 23000.0 1871.5499877929738
X Ve valid 1 0 0 0 0 0 0.0 58766.3984375 23000.0 1836.5
X Ed valid 2 1 0 0 0 0 2.71935338143023 58765.99999999999 23000.0 1835.2000122070285
X Ve valid 1 0 0 0 0 0 0.0 58666.30078125 23000.0 1836.5
X Ed valid 2 1 0 0 0 0 100.09765625 58716.349609375 23000.0 1836.5
X Ve valid 1 0 0 0 0 0 0.0 57000.0 23000.0 1836.5
X Ed valid 2 1 0 0 0 0 1666.30078125 57833.150390625 23000.0 1836.5
X Ve valid 1 0 0 0 0 0 0.0 57000.0 28200.0 1836.5
X Ed valid 2 1 0 0 0 0 5200.0 57000.0 25600.0 1836.5
X Ve valid 1 0 0 0 0 0 0.0 55700.0 28200.0 1836.5
X Ed valid 2 1 0 0 0 0 1300.0 56350.0 28200.0 1836.5
X Ve valid 1 0 0 0 0 0 0.0 55700.0 28200.0 0.0
X Ed valid 2 1 0 0 0 0 1836.5 55700.0 28200.0 918.25
X Ve valid 1 0 0 0 0 0 0.0 55120.0 31105.0 13350.0
X Ve valid 1 0 0 0 0 0 0.0 55120.0 31105.0 13350.0
X Ve valid 1 0 0 0 0 0 0.0 55120.0 30855.0 13350.0
X Ed valid 2 1 0 0 0 0 250.0 55120.0 30980.0 13350.0
X Ve valid 1 0 0 0 0 0 0.0 55120.0 30855.0 11000.0
X Ed valid 2 1 0 0 0 0 2350.0 55120.0 30855.0 12175.0
X Ve valid 1 0 0 0 0 0 0.0 55120.0 30855.0 10993.599609375
X Ed valid 2 1 0 0 0 0 6.400390625 55120.0 30855.0 10996.7998046875
X Ve valid 1 0 0 0 0 0 0.0 55120.0 30855.0 10996.599609375
X Ed valid 2 1 0 0 0 0 3.0 55120.0 30855.0 10995.099609375
X Ve valid 1 0 0 0 0 0 0.0 55120.0 30855.0 9241.599609375
X Ed valid 2 1 0 0 0 0 1755.0 55120.0 30855.0 10119.099609375
X Ve valid 1 0 0 0 0 0 0.0 55120.0 30855.0 6593.10009765625
X Ed valid 2 1 0 0 0 0 2648.49951171875 55120.0 30855.0 7917.349853515625
X Ve valid 1 0 0 0 0 0 0.0 55120.0 30855.0 4310.39990234375
X Ed valid 2 1 0 0 0 0 2282.7001953125 55120.0 30855.0 5451.75
X Ve valid 1 0 0 0 0 0 0.0 55120.0 30855.0 -500.0
X Ed valid 2 1 0 0 0 0 4810.39990234375 55120.0 30855.0 1905.199951171875
X Ve valid 1 0 0 0 0 0 0.0 60400.0 22450.0 21484.19921875
X Ve valid 1 0 0 0 0 0 0.0 60400.0 22450.0 21124.19921875
X Ed valid 2 1 0 0 0 0 360.0 60400.0 22450.0 21304.19921875
X Ve valid 1 0 0 0 0 0 0.0 60280.8984375 22450.0 21124.19921875
X Ed valid 2 1 0 0 0 0 119.1015625 60340.44921875 22450.0 21124.19921875
X Ve valid 1 0 0 0 0 0 0.0 58700.0 22450.0 21124.19921875
X Ed valid 2 1 0 0 0 0 1580.8984375 59490.44921875 22450.0 21124.19921875
X Ve valid 1 0 0 0 0 0 0.0 58700.0 22450.0 1.0
X Ed valid 2 1 0 0 0 0 21123.19921875 58700.0 22450.0 10562.599609375
X Ve valid 1 0 0 0 0 0 0.0 60400.0 22450.0 21124.19921875
X Ve valid 1 0 0 0 0 0 0.0 60519.1015625 22450.0 21124.19921875
X Ed valid 2 1 0 0 0 0 119.1015625 60459.55078125 22450.0 21124.19921875
X Ve valid 1 0 0 0 0 0 0.0 61200.0 22450.0 21124.19921875
X Ed valid 2 1 0 0 0 0 680.8984375 60859.55078125 22450.0 21124.19921875
X Ve valid 1 0 0 0 0 0 0.0 61200.0 22450.0 1.0
X Ed valid 2 1 0 0 0 0 21123.19921875 61200.0 22450.0 10562.599609375
X Ve valid 1 0 0 0 0 0 0.0 60400.0 24750.0 21400.0
X Ve valid 1 0 0 0 0 0 0.0 60400.0 24750.0 21124.19921875
X Ed valid 2 1 0 0 0 0 275.80078125 60400.0 24750.0 21262.099609375
X Ve valid 1 0 0 0 0 0 0.0 60280.8984375 24750.0 21124.19921875
X Ed valid 2 1 0 0 0 0 119.1015625 60340.44921875 24750.0 21124.19921875
X Ve valid 1 0 0 0 0 0 0.0 58700.0 24750.0 21124.19921875
X Ed valid 2 1 0 0 0 0 1580.8984375 59490.44921875 24750.0 21124.19921875
X Ve valid 1 0 0 0 0 0 0.0 58700.0 24750.0 1.0
X Ed valid 2 1 0 0 0 0 21123.19921875 58700.0 24750.0 10562.599609375
X Ve valid 1 0 0 0 0 0 0.0 60400.0 24750.0 21124.19921875
X Ve valid 1 0 0 0 0 0 0.0 60519.1015625 24750.0 21124.19921875
X Ed valid 2 1 0 0 0 0 119.1015625 60459.55078125 24750.0 21124.19921875
X Ve valid 1 0 0 0 0 0 0.0 61200.0 24750.0 21124.19921875
X Ed valid 2 1 0 0 0 0 680.8984375 60859.55078125 24750.0 21124.19921875
X Ve valid 1 0 0 0 0 0 0.0 61200.0 24750.0 1.0
X Ed valid 2 1 0 0 0 0 21123.19921875 61200.0 24750.0 10562.599609375
X Ve valid 1 0 0 0 0 0 0.0 60400.0 27050.0 21400.0
X Ve valid 1 0 0 0 0 0 0.0 60400.0 27050.0 21124.19921875
X Ed valid 2 1 0 0 0 0 275.80078125 60400.0 27050.0 21262.099609375
X Ve valid 1 0 0 0 0 0 0.0 60280.8984375 27050.0 21124.19921875
X Ed valid 2 1 0 0 0 0 119.1015625 60340.44921875 27050.0 21124.19921875
X Ve valid 1 0 0 0 0 0 0.0 58700.0 27050.0 21124.19921875
X Ed valid 2 1 0 0 0 0 1580.8984375 59490.44921875 27050.0 21124.19921875
X Ve valid 1 0 0 0 0 0 0.0 58700.0 27050.0 1.0
X Ed valid 2 1 0 0 0 0 21123.19921875 58700.0 27050.0 10562.599609375
X Ve valid 1 0 0 0 0 0 0.0 60400.0 27050.0 21124.19921875
X Ve valid 1 0 0 0 0 0 0.0 60519.1015625 27050.0 21124.19921875
X Ed valid 2 1 0 0 0 0 119.1015625 60459.55078125 27050.0 21124.19921875
X Ve valid 1 0 0 0 0 0 0.0 61200.0 27050.0 21124.19921875
X Ed valid 2 1 0 0 0 0 680.8984375 60859.55078125 27050.0 21124.19921875
X Ve valid 1 0 0 0 0 0 0.0 61200.0 27050.0 1.0
X Ed valid 2 1 0 0 0 0 21123.19921875 61200.0 27050.0 10562.599609375
X Ve valid 1 0 0 0 0 0 0.0 60400.0 29350.0 21400.0
X Ve valid 1 0 0 0 0 0 0.0 60400.0 29350.0 21124.19921875
X Ed valid 2 1 0 0 0 0 275.80078125 60400.0 29350.0 21262.099609375
X Ve valid 1 0 0 0 0 0 0.0 60280.8984375 29350.0 21124.19921875
X Ed valid 2 1 0 0 0 0 119.1015625 60340.44921875 29350.0 21124.19921875
X Ve valid 1 0 0 0 0 0 0.0 58700.0 29350.0 21124.19921875
X Ed valid 2 1 0 0 0 0 1580.8984375 59490.44921875 29350.0 21124.19921875
X Ve valid 1 0 0 0 0 0 0.0 58700.0 29350.0 1.0
X Ed valid 2 1 0 0 0 0 21123.19921875 58700.0 29350.0 10562.599609375
X Ve valid 1 0 0 0 0 0 0.0 60400.0 29350.0 21124.19921875
X Ve valid 1 0 0 0 0 0 0.0 60519.1015625 29350.0 21124.19921875
X Ed valid 2 1 0 0 0 0 119.1015625 60459.55078125 29350.0 21124.19921875
X Ve valid 1 0 0 0 0 0 0.0 61200.0 29350.0 21124.19921875
X Ed valid 2 1 0 0 0 0 680.8984375 60859.55078125 29350.0 21124.19921875
X Ve valid 1 0 0 0 0 0 0.0 61200.0 29350.0 1.0
X Ed valid 2 1 0 0 0 0 21123.19921875 61200.0 29350.0 10562.599609375
X Ve valid 1 0 0 0 0 0 0.0 60400.0 31650.0 21400.0
X Ve valid 1 0 0 0 0 0 0.0 60400.0 31650.0 21124.19921875
X Ed valid 2 1 0 0 0 0 275.80078125 60400.0 31650.0 21262.099609375
X Ve valid 1 0 0 0 0 0 0.0 60280.8984375 31650.0 21124.19921875
X Ed valid 2 1 0 0 0 0 119.1015625 60340.44921875 31650.0 21124.19921875
X Ve valid 1 0 0 0 0 0 0.0 58700.0 31650.0 21124.19921875
X Ed valid 2 1 0 0 0 0 1580.8984375 59490.44921875 31650.0 21124.19921875
X Ve valid 1 0 0 0 0 0 0.0 58700.0 31650.0 1.0
X Ed valid 2 1 0 0 0 0 21123.19921875 58700.0 31650.0 10562.599609375
X Ve valid 1 0 0 0 0 0 0.0 60400.0 31650.0 21124.19921875
X Ve valid 1 0 0 0 0 0 0.0 60519.1015625 31650.0 21124.19921875
X Ed valid 2 1 0 0 0 0 119.1015625 60459.55078125 31650.0 21124.19921875
X Ve valid 1 0 0 0 0 0 0.0 61200.0 31650.0 21124.19921875
X Ed valid 2 1 0 0 0 0 680.8984375 60859.55078125 31650.0 21124.19921875
X Ve valid 1 0 0 0 0 0 0.0 61200.0 31650.0 1.0
X Ed valid 2 1 0 0 0 0 21123.19921875 61200.0 31650.0 10562.599609375
X Ve valid 1 0 0 0 0 0 0.0 60400.0 33950.0 21400.0
X Ve valid 1 0 0 0 0 0 0.0 60400.0 33950.0 21124.19921875
X Ed valid 2 1 0 0 0 0 275.80078125 60400.0 33950.0 21262.099609375
X Ve valid 1 0 0 0 0 0 0.0 60280.8984375 33950.0 21124.19921875
X Ed valid 2 1 0 0 0 0 119.1015625 60340.44921875 33950.0 21124.19921875
X Ve valid 1 0 0 0 0 0 0.0 58700.0 33950.0 21124.19921875
X Ed valid 2 1 0 0 0 0 1580.8984375 59490.44921875 33950.0 21124.19921875
X Ve valid 1 0 0 0 0 0 0.0 58700.0 33950.0 1.0
X Ed valid 2 1 0 0 0 0 21123.19921875 58700.0 33950.0 10562.599609375
X Ve valid 1 0 0 0 0 0 0.0 60400.0 33950.0 21124.19921875
X Ve valid 1 0 0 0 0 0 0.0 60519.1015625 33950.0 21124.19921875
X Ed valid 2 1 0 0 0 0 119.1015625 60459.55078125 33950.0 21124.19921875
X Ve valid 1 0 0 0 0 0 0.0 61200.0 33950.0 21124.19921875
X Ed valid 2 1 0 0 0 0 680.8984375 60859.55078125 33950.0 21124.19921875
X Ve valid 1 0 0 0 0 0 0.0 61200.0 33950.0 1.0
X Ed valid 2 1 0 0 0 0 21123.19921875 61200.0 33950.0 10562.599609375
X Ve valid 1 0 0 0 0 0 0.0 54600.0 70850.0 2600.0
X Ve valid 1 0 0 0 0 0 0.0 54600.0 70850.0 1724.09997558594
X Ed valid 2 1 0 0 0 0 875.900024414063 54600.0 70850.0 2162.0499877929688
X Ve valid 1 0 0 0 0 0 0.0 54600.0 73650.0 1724.09997558594
X Ed valid 2 1 0 0 0 0 2800.0 54600.0 72250.0 1724.0999755859402
X Ve valid 1 0 0 0 0 0 0.0 54600.0 73650.0 -300.0
X Ed valid 2 1 0 0 0 0 2024.09997558594 54600.0 73650.0 712.04998779297
X Ve valid 1 0 0 0 0 0 0.0 54600.0 76700.0 -300.0
X Ed valid 2 1 0 0 0 0 3050.0 54600.0 75175.0 -300.0
X Ve valid 1 0 0 0 0 0 0.0 55700.0 76700.0 -300.0
X Ve valid 1 0 0 0 0 0 0.0 55700.0 76700.0 1.0
X Ed valid 2 1 0 0 0 0 301.0 55700.0 76700.0 -149.5
X Ve valid 1 0 0 0 0 0 0.0 53500.0 76700.0 -300.0
X Ve valid 1 0 0 0 0 0 0.0 53500.0 76700.0 1.0
X Ed valid 2 1 0 0 0 0 301.0 53500.0 76700.0 -149.5
X Ve valid 1 0 0 0 0 0 0.0 51300.0 76700.0 1.0
X Ve valid 1 0 0 0 0 0 0.0 51300.0 76700.0 -300.0
X Ed valid 2 1 0 0 0 0 301.0 51300.0 76700.0 -149.5
X Ve valid 1 0 0 0 0 0 0.0 53500.0 76700.0 -300.0
X Ed valid 2 1 0 0 0 0 2200.0 52400.0 76700.0 -300.0
X Ve valid 1 0 0 0 0 0 0.0 54430.8984375 76700.0 -300.0
X Ed valid 2 1 0 0 0 0 930.8984375 53965.44921875 76700.0 -300.0
X Ve valid 1 0 0 0 0 0 0.0 54600.0 76700.0 -300.0
X Ed valid 2 1 0 0 0 0 169.1015625 54515.44921875 76700.0 -300.0
X Ve valid 1 0 0 0 0 0 0.0 54769.1015625 76700.0 -300.0
X Ed valid 2 1 0 0 0 0 169.1015625 54684.55078125 76700.0 -300.0
X Ve valid 1 0 0 0 0 0 0.0 55700.0 76700.0 -300.0
X Ed valid 2 1 0 0 0 0 930.8984375 55234.55078125 76700.0 -300.0
X Ve valid 1 0 0 0 0 0 0.0 57900.0 76700.0 -300.0
X Ed valid 2 1 0 0 0 0 2200.0 56800.0 76700.0 -300.0
X Ve valid 1 0 0 0 0 0 0.0 57900.0 76700.0 1.0
X Ed valid 2 1 0 0 0 0 301.0 57900.0 76700.0 -149.5
X Ve valid 1 0 0 0 0 0 0.0 54950.0 66580.0 6037.7001953125
X Ve valid 1 0 0 0 0 0 0.0 54950.0 66580.0 5300.0
X Ed valid 2 1 0 0 0 0 737.7001953125 54950.0 66580.0 5668.85009765625
X Ve valid 1 0 0 0 0 0 0.0 54000.0 66580.0 5300.0
X Ed valid 2 1 0 0 0 0 950.0 54475.0 66580.0 5300.0
X Ve valid 1 0 0 0 0 0 0.0 54000.0 66580.0 5186.0
X Ed valid 2 1 0 0 0 0 114.0 54000.0 66580.0 5243.0
X Ve valid 1 0 0 0 0 0 0.0 54000.0 66580.0 4000.0
X Ed valid 2 1 0 0 0 0 1186.0 54000.0 66580.0 4593.0
X Ve valid 1 0 0 0 0 0 0.0 54000.0 66892.0 0.0
X Ed valid 2 1 0 0 0 0 4012.14954855873 54000.0 66736.0 1999.9999999999984
X Ve valid 1 0 0 0 0 0 0.0 54000.0 66580.0 5300.0
X Ve valid 1 0 0 0 0 0 0.0 54000.0 66580.0 5414.0
X Ed valid 2 1 0 0 0 0 114.0 54000.0 66580.0 5357.0
X Ve valid 1 0 0 0 0 0 0.0 54000.0 66580.0 5800.0
X Ed valid 2 1 0 0 0 0 386.0 54000.0 66580.0 5607.0
X Ve valid 1 0 0 0 0 0 0.0 54000.0 66892.0 0.0
X Ed valid 2 1 0 0 0 0 5808.38566212678 54000.0 66736.0 2900.0000000000023
X Ve valid 1 0 0 0 0 0 0.0 54950.0 66580.0 5300.0
X Ve valid 1 0 0 0 0 0 0.0 56500.0 66580.0 5300.0
X Ed valid 2 1 0 0 0 0 1550.0 55725.0 66580.0 5300.0
X Ve valid 1 0 0 0 0 0 0.0 56500.0 66580.0 5186.0
X Ed valid 2 1 0 0 0 0 114.0 56500.0 66580.0 5243.0
X Ve valid 1 0 0 0 0 0 0.0 56500.0 66580.0 4000.0
X Ed valid 2 1 0 0 0 0 1186.0 56500.0 66580.0 4593.0
X Ve valid 1 0 0 0 0 0 0.0 56500.0 66892.0 0.0
X Ed valid 2 1 0 0 0 0 4012.14954855873 56499.99999999999 66736.0 1999.9999999999984
X Ve valid 1 0 0 0 0 0 0.0 56500.0 66580.0 5300.0
X Ve valid 1 0 0 0 0 0 0.0 56500.0 66580.0 5414.0
X Ed valid 2 1 0 0 0 0 114.0 56500.0 66580.0 5357.0
X Ve valid 1 0 0 0 0 0 0.0 56500.0 66580.0 5800.0
X Ed valid 2 1 0 0 0 0 386.0 56500.0 66580.0 5607.0
X Ve valid 1 0 0 0 0 0 0.0 56500.0 66892.0 0.0
X Ed valid 2 1 0 0 0 0 5808.38566212678 56500.0 66736.0 2900.0000000000023
X Ve valid 1 0 0 0 0 0 0.0 54700.0 66300.0 9557.2001953125
X Ve valid 1 0 0 0 0 0 0.0 54700.0 66300.0 10000.0
X Ed valid 2 1 0 0 0 0 442.7998046875 54700.0 66300.0 9778.60009765625
X Ve valid 1 0 0 0 0 0 0.0 54700.0 66900.0 10000.0
X Ed valid 2 1 0 0 0 0 600.0 54700.0 66600.0 10000.0
X Ve valid 1 0 0 0 0 0 0.0 54700.0 70308.0 10000.0
X Ed valid 2 1 0 0 0 0 3408.0 54700.0 68604.0 10000.0
X Ve valid 1 0 0 0 0 0 0.0 54700.0 70308.0 8900.0
X Ed valid 2 1 0 0 0 0 1100.0 54700.0 70308.0 9450.0
X Ve valid 1 0 0 0 0 0 0.0 54803.6015625 70308.0 8900.0
X Ed valid 2 1 0 0 0 0 103.6015625 54751.80078125 70308.0 8900.0
X Ve valid 1 0 0 0 0 0 0.0 56500.0 70308.0 8900.0
X Ed valid 2 1 0 0 0 0 1696.3984375 55651.80078125 70308.0 8900.0
X Ve valid 1 0 0 0 0 0 0.0 56500.0 70308.0 8786.0
X Ed valid 2 1 0 0 0 0 114.0 56500.0 70308.0 8843.0
X Ve valid 1 0 0 0 0 0 0.0 56500.0 70308.0 7600.0
X Ed valid 2 1 0 0 0 0 1186.0 56500.0 70308.0 8193.0
X Ve valid 1 0 0 0 0 0 0.0 56500.0 70108.0 0.0
X Ed valid 2 1 0 0 0 0 7602.63112349929 56500.0 70208.0 3799.9999999999973
X Ve valid 1 0 0 0 0 0 0.0 56500.0 70308.0 8900.0
X Ve valid 1 0 0 0 0 0 0.0 56500.0 70308.0 9014.0
X Ed valid 2 1 0 0 0 0 114.0 56500.0 70308.0 8957.0
X Ve valid 1 0 0 0 0 0 0.0 56500.0 70308.0 9500.0
X Ed valid 2 1 0 0 0 0 486.0 56500.0 70308.0 9257.0
X Ve valid 1 0 0 0 0 0 0.0 56500.0 70108.0 0.0
X Ed valid 2 1 0 0 0 0 9502.10502993942 56500.0 70208.0 4750.0
X Ve valid 1 0 0 0 0 0 0.0 54000.0 70308.0 8900.0
X Ve valid 1 0 0 0 0 0 0.0 54000.0 70308.0 9014.0
X Ed valid 2 1 0 0 0 0 114.0 54000.0 70308.0 8957.0
X Ve valid 1 0 0 0 0 0 0.0 54000.0 70308.0 9500.0
X Ed valid 2 1 0 0 0 0 486.0 54000.0 70308.0 9257.0
X Ve valid 1 0 0 0 0 0 0.0 54000.0 70108.0 0.0
X Ed valid 2 1 0 0 0 0 9502.10502993942 54000.0 70208.0 4750.0
X Ve valid 1 0 0 0 0 0 0.0 54634.5 70308.0 8900.0
X Ve valid 1 0 0 0 0 0 0.0 54596.3984375 70308.0 8900.0
X Ed valid 2 1 0 0 0 0 38.1015625 54615.44921875 70308.0 8900.0
X Ve valid 1 0 0 0 0 0 0.0 54000.0 70308.0 8900.0
X Ed valid 2 1 0 0 0 0 596.3984375 54298.19921875 70308.0 8900.0
X Ve valid 1 0 0 0 0 0 0.0 54000.0 70308.0 8786.0
X Ed valid 2 1 0 0 0 0 114.0 54000.0 70308.0 8843.0
X Ve valid 1 0 0 0 0 0 0.0 54000.0 70308.0 7600.0
X Ed valid 2 1 0 0 0 0 1186.0 54000.0 70308.0 8193.0
X Ve valid 1 0 0 0 0 0 0.0 54000.0 70108.0 0.0
X Ed valid 2 1 0 0 0 0 7602.63112349929 54000.0 70208.0 3799.9999999999973
X Ve valid 1 0 0 0 0 0 0.0 54700.0 66900.0 9934.5
X Ve valid 1 0 0 0 0 0 0.0 54700.0 66900.0 8900.0
X Ed valid 2 1 0 0 0 0 1034.5 54700.0 66900.0 9417.25
X Ve valid 1 0 0 0 0 0 0.0 54700.0 66592.0 8900.0
X Ed valid 2 1 0 0 0 0 308.0 54700.0 66746.0 8900.0
X Ve valid 1 0 0 0 0 0 0.0 54596.3984375 66592.0 8900.0
X Ed valid 2 1 0 0 0 0 103.6015625 54648.19921875 66592.0 8900.0
X Ve valid 1 0 0 0 0 0 0.0 54000.0 66592.0 8900.0
X Ed valid 2 1 0 0 0 0 596.3984375 54298.19921875 66592.0 8900.0
X Ve valid 1 0 0 0 0 0 0.0 54000.0 66592.0 8786.0
X Ed valid 2 1 0 0 0 0 114.0 54000.0 66592.0 8843.0
X Ve valid 1 0 0 0 0 0 0.0 54000.0 66592.0 7600.0
X Ed valid 2 1 0 0 0 0 1186.0 54000.0 66592.0 8193.0
X Ve valid 1 0 0 0 0 0 0.0 54000.0 66892.0 0.0
X Ed valid 2 1 0 0 0 0 7605.91874792257 54000.0 66742.0 3799.9999999999986
X Ve valid 1 0 0 0 0 0 0.0 54000.0 66592.0 8900.0
X Ve valid 1 0 0 0 0 0 0.0 54000.0 66592.0 9014.0
X Ed valid 2 1 0 0 0 0 114.0 54000.0 66592.0 8957.0
X Ve valid 1 0 0 0 0 0 0.0 54000.0 66592.0 9500.0
X Ed valid 2 1 0 0 0 0 486.0 54000.0 66592.0 9257.0
X Ve valid 1 0 0 0 0 0 0.0 54000.0 66892.0 0.0
X Ed valid 2 1 0 0 0 0 9504.73566176356 54000.0 66742.0 4750.000000000001
X Ve valid 1 0 0 0 0 0 0.0 56500.0 66592.0 8900.0
X Ve valid 1 0 0 0 0 0 0.0 56500.0 66592.0 9014.0
X Ed valid 2 1 0 0 0 0 114.0 56500.0 66592.0 8957.0
X Ve valid 1 0 0 0 0 0 0.0 56500.0 66592.0 9500.0
X Ed valid 2 1 0 0 0 0 486.0 56500.0 66592.0 9257.0
X Ve valid 1 0 0 0 0 0 0.0 56500.0 66892.0 0.0
X Ed valid 2 1 0 0 0 0 9504.73566176356 56500.00000000001 66742.0 4750.000000000001
X Ve valid 1 0 0 0 0 0 0.0 54765.5 66592.0 8900.0
X Ve valid 1 0 0 0 0 0 0.0 54803.6015625 66592.0 8900.0
X Ed valid 2 1 0 0 0 0 38.1015625 54784.55078125 66592.0 8900.0
X Ve valid 1 0 0 0 0 0 0.0 56500.0 66592.0 8900.0
X Ed valid 2 1 0 0 0 0 1696.3984375 55651.80078125 66592.0 8900.0
X Ve valid 1 0 0 0 0 0 0.0 56500.0 66592.0 8786.0
X Ed valid 2 1 0 0 0 0 114.0 56500.0 66592.0 8843.0
X Ve valid 1 0 0 0 0 0 0.0 56500.0 66592.0 7600.0
X Ed valid 2 1 0 0 0 0 1186.0 56500.0 66592.0 8193.0
X Ve valid 1 0 0 0 0 0 0.0 56500.0 66892.0 0.0
X Ed valid 2 1 0 0 0 0 7605.91874792257 56500.0 66742.0 3799.9999999999986
X Ve valid 1 0 0 0 0 0 0.0 62100.0 66300.0 9557.2001953125
X Ve valid 1 0 0 0 0 0 0.0 62100.0 66300.0 10057.2001953125
X Ed valid 2 1 0 0 0 0 500.0 62100.0 66300.0 9807.2001953125
X Ve valid 1 0 0 0 0 0 0.0 62100.0 68500.0 10057.2001953125
X Ed valid 2 1 0 0 0 0 2200.0 62100.0 67400.0 10057.2001953125
X Ve valid 1 0 0 0 0 0 0.0 62100.0 68638.1015625 10057.2001953125
X Ed valid 2 1 0 0 0 0 138.1015625 62100.0 68569.05078125 10057.2001953125
X Ve valid 1 0 0 0 0 0 0.0 62100.0 70506.0 10057.2001953125
X Ed valid 2 1 0 0 0 0 1867.8984375 62100.0 69572.05078125 10057.2001953125
X Ve valid 1 0 0 0 0 0 0.0 61900.0 70506.0 10057.2001953125
X Ed valid 2 1 0 0 0 0 200.0 62000.0 70506.0 10057.2001953125
X Ve valid 1 0 0 0 0 0 0.0 61900.0 70506.0 9500.0
X Ed valid 2 1 0 0 0 0 557.2001953125 61900.0 70506.0 9778.60009765625
X Ve valid 1 0 0 0 0 0 0.0 61900.0 70506.0 9386.0
X Ed valid 2 1 0 0 0 0 114.0 61900.0 70506.0 9443.0
X Ve valid 1 0 0 0 0 0 0.0 61900.0 70506.0 7700.0
X Ed valid 2 1 0 0 0 0 1686.0 61900.0 70506.0 8543.0
X Ve valid 1 0 0 0 0 0 0.0 61000.0 70506.0 7700.0
X Ed valid 2 1 0 0 0 0 900.0 61450.0 70506.0 7700.0
X Ve valid 1 0 0 0 0 0 0.0 61000.0 70306.0 0.0
X Ed valid 2 1 0 0 0 0 7702.59696466069 61000.00000000001 70406.0 3849.9999999999977
X Ve valid 1 0 0 0 0 0 0.0 61900.0 70506.0 9500.0
X Ve valid 1 0 0 0 0 0 0.0 61000.0 70506.0 9500.0
X Ed valid 2 1 0 0 0 0 900.0 61450.0 70506.0 9500.0
X Ve valid 1 0 0 0 0 0 0.0 61000.0 70306.0 0.0
X Ed valid 2 1 0 0 0 0 9502.10502993942 61000.0 70406.0 4750.0
X Ve valid 1 0 0 0 0 0 0.0 62130.1015625 68500.0 10057.2001953125
X Ve valid 1 0 0 0 0 0 0.0 62906.0 68500.0 10057.2001953125
X Ed valid 2 1 0 0 0 0 775.8984375 62518.05078125 68500.0 10057.2001953125
X Ve valid 1 0 0 0 0 0 0.0 62906.0 68500.0 9000.0
X Ed valid 2 1 0 0 0 0 1057.2001953125 62906.0 68500.0 9528.60009765625
X Ve valid 1 0 0 0 0 0 0.0 62806.0 68500.0 0.0
X Ed valid 2 1 0 0 0 0 9000.55553840984 62855.99999999999 68500.0 4499.999999999999
X Ve valid 1 0 0 0 0 0 0.0 62100.0 66234.5 10057.2001953125
X Ve valid 1 0 0 0 0 0 0.0 62100.0 66196.3984375 10057.2001953125
X Ed valid 2 1 0 0 0 0 38.1015625 62100.0 66215.44921875 10057.2001953125
X Ve valid 1 0 0 0 0 0 0.0 62100.0 66000.0 10057.2001953125
X Ed valid 2 1 0 0 0 0 196.3984375 62100.0 66098.19921875 10057.2001953125
X Ve valid 1 0 0 0 0 0 0.0 62100.0 66000.0 9200.0
X Ed valid 2 1 0 0 0 0 857.2001953125 62100.0 66000.0 9628.60009765625
X Ve valid 1 0 0 0 0 0 0.0 62100.0 66000.0 9086.0
X Ed valid 2 1 0 0 0 0 114.0 62100.0 66000.0 9143.0
X Ve valid 1 0 0 0 0 0 0.0 62100.0 66000.0 7700.0
X Ed valid 2 1 0 0 0 0 1386.0 62100.0 66000.0 8393.0
X Ve valid 1 0 0 0 0 0 0.0 61000.0 66000.0 7700.0
X Ed valid 2 1 0 0 0 0 1100.0 61550.0 66000.0 7700.0
X Ve valid 1 0 0 0 0 0 0.0 61000.0 66694.0 0.0
X Ed valid 2 1 0 0 0 0 7731.21180669628 61000.0 66347.0 3850.0000000000014
X Ve valid 1 0 0 0 0 0 0.0 62100.0 66000.0 9200.0
X Ve valid 1 0 0 0 0 0 0.0 61000.0 66000.0 9200.0
X Ed valid 2 1 0 0 0 0 1100.0 61550.0 66000.0 9200.0
X Ve valid 1 0 0 0 0 0 0.0 61000.0 66544.0 9200.0
X Ed valid 2 1 0 0 0 0 544.0 61000.0 66272.0 9200.0
X Ve valid 1 0 0 0 0 0 0.0 61000.0 66544.0 9500.0
X Ed valid 2 1 0 0 0 0 300.0 61000.0 66544.0 9350.0
X Ve valid 1 0 0 0 0 0 0.0 61000.0 66694.0 0.0
X Ed valid 2 1 0 0 0 0 9501.18413672738 61000.00000000001 66619.0 4750.0
X Ve valid 1 0 0 0 0 0 0.0 64450.0 66300.0 9614.2998046875
X Ve valid 1 0 0 0 0 0 0.0 64450.0 66300.0 10200.0
X Ed valid 2 1 0 0 0 0 585.7001953125 64450.0 66300.0 9907.14990234375
X Ve valid 1 0 0 0 0 0 0.0 64450.0 67700.0 10200.0
X Ed valid 2 1 0 0 0 0 1400.0 64450.0 67000.0 10200.0
X Ve valid 1 0 0 0 0 0 0.0 64564.1015625 67700.0 10200.0
X Ed valid 2 1 0 0 0 0 114.1015625 64507.05078125 67700.0 10200.0
X Ve valid 1 0 0 0 0 0 0.0 66029.0 67700.0 10200.0
X Ed valid 2 1 0 0 0 0 1464.8984375 65296.55078125 67700.0 10200.0
X Ve valid 1 0 0 0 0 0 0.0 66029.0 67700.0 9000.0
X Ed valid 2 1 0 0 0 0 1200.0 66029.0 67700.0 9600.0
X Ve valid 1 0 0 0 0 0 0.0 66029.0 68500.0 9000.0
X Ed valid 2 1 0 0 0 0 800.0 66029.0 68100.0 9000.0
X Ve valid 1 0 0 0 0 0 0.0 65829.0 68500.0 -0.707109987735748
X Ed valid 2 1 0 0 0 0 9002.92888341254 65929.0 68500.0 4499.646445006132
X Ve valid 1 0 0 0 0 0 0.0 54750.0 66300.0 13757.2001953125
X Ve valid 1 0 0 0 0 0 0.0 54750.0 66300.0 14300.0
X Ed valid 2 1 0 0 0 0 542.7998046875 54750.0 66300.0 14028.60009765625
X Ve valid 1 0 0 0 0 0 0.0 54750.0 68100.0 14300.0
X Ed valid 2 1 0 0 0 0 1800.0 54750.0 67200.0 14300.0
X Ve valid 1 0 0 0 0 0 0.0 54750.0 70308.0 14300.0
X Ed valid 2 1 0 0 0 0 2208.0 54750.0 69204.0 14300.0
X Ve valid 1 0 0 0 0 0 0.0 54750.0 70308.0 12800.0
X Ed valid 2 1 0 0 0 0 1500.0 54750.0 70308.0 13550.0
X Ve valid 1 0 0 0 0 0 0.0 54853.6015625 70308.0 12800.0
X Ed valid 2 1 0 0 0 0 103.6015625 54801.80078125 70308.0 12800.0
X Ve valid 1 0 0 0 0 0 0.0 56500.0 70308.0 12800.0
X Ed valid 2 1 0 0 0 0 1646.3984375 55676.80078125 70308.0 12800.0
X Ve valid 1 0 0 0 0 0 0.0 56500.0 70308.0 12686.0
X Ed valid 2 1 0 0 0 0 114.0 56500.0 70308.0 12743.0
X Ve valid 1 0 0 0 0 0 0.0 56500.0 70308.0 11500.0
X Ed valid 2 1 0 0 0 0 1186.0 56500.0 70308.0 12093.0
X Ve valid 1 0 0 0 0 0 0.0 56500.0 70108.0 0.0
X Ed valid 2 1 0 0 0 0 11501.7389989514 56500.0 70208.0 5750.000000000009
X Ve valid 1 0 0 0 0 0 0.0 56500.0 70308.0 12800.0
X Ve valid 1 0 0 0 0 0 0.0 56500.0 70308.0 12914.0
X Ed valid 2 1 0 0 0 0 114.0 56500.0 70308.0 12857.0
X Ve valid 1 0 0 0 0 0 0.0 56500.0 70308.0 13500.0
X Ed valid 2 1 0 0 0 0 586.0 56500.0 70308.0 13207.0
X Ve valid 1 0 0 0 0 0 0.0 56500.0 70108.0 0.0
X Ed valid 2 1 0 0 0 0 13501.481400202 56500.0 70208.0 6749.99999999999
X Ve valid 1 0 0 0 0 0 0.0 54000.0 70308.0 12800.0
X Ve valid 1 0 0 0 0 0 0.0 54000.0 70308.0 12914.0
X Ed valid 2 1 0 0 0 0 114.0 54000.0 70308.0 12857.0
X Ve valid 1 0 0 0 0 0 0.0 54000.0 70308.0 13500.0
X Ed valid 2 1 0 0 0 0 586.0 54000.0 70308.0 13207.0
X Ve valid 1 0 0 0 0 0 0.0 54000.0 70108.0 0.0
X Ed valid 2 1 0 0 0 0 13501.481400202 53999.99999999999 70208.0 6749.99999999999
X Ve valid 1 0 0 0 0 0 0.0 54684.5 70308.0 12800.0
X Ve valid 1 0 0 0 0 0 0.0 54646.3984375 70308.0 12800.0
X Ed valid 2 1 0 0 0 0 38.1015625 54665.44921875 70308.0 12800.0
X Ve valid 1 0 0 0 0 0 0.0 54000.0 70308.0 12800.0
X Ed valid 2 1 0 0 0 0 646.3984375 54323.19921875 70308.0 12800.0
X Ve valid 1 0 0 0 0 0 0.0 54000.0 70308.0 12686.0
X Ed valid 2 1 0 0 0 0 114.0 54000.0 70308.0 12743.0
X Ve valid 1 0 0 0 0 0 0.0 54000.0 70308.0 11500.0
X Ed valid 2 1 0 0 0 0 1186.0 54000.0 70308.0 12093.0
X Ve valid 1 0 0 0 0 0 0.0 54000.0 70108.0 0.0
X Ed valid 2 1 0 0 0 0 11501.7389989514 54000.0 70208.0 5750.000000000009
X Ve valid 1 0 0 0 0 0 0.0 54750.0 68100.0 14234.5
X Ve valid 1 0 0 0 0 0 0.0 54750.0 68100.0 12800.0
X Ed valid 2 1 0 0 0 0 1434.5 54750.0 68100.0 13517.25
X Ve valid 1 0 0 0 0 0 0.0 54750.0 66592.0 12800.0
X Ed valid 2 1 0 0 0 0 1508.0 54750.0 67346.0 12800.0
X Ve valid 1 0 0 0 0 0 0.0 54646.3984375 66592.0 12800.0
X Ed valid 2 1 0 0 0 0 103.6015625 54698.19921875 66592.0 12800.0
X Ve valid 1 0 0 0 0 0 0.0 54000.0 66592.0 12800.0
X Ed valid 2 1 0 0 0 0 646.3984375 54323.19921875 66592.0 12800.0
X Ve valid 1 0 0 0 0 0 0.0 54000.0 66592.0 12680.099609375
X Ed valid 2 1 0 0 0 0 119.900390625 54000.0 66592.0 12740.0498046875
X Ve valid 1 0 0 0 0 0 0.0 54000.0 66592.0 11500.0
X Ed valid 2 1 0 0 0 0 1180.099609375 54000.0 66592.0 12090.0498046875
X Ve valid 1 0 0 0 0 0 0.0 54000.0 66892.0 0.0
X Ed valid 2 1 0 0 0 0 11503.9123779695 53999.99999999999 66742.0 5750.000000000002
X Ve valid 1 0 0 0 0 0 0.0 54000.0 66592.0 12800.0
X Ve valid 1 0 0 0 0 0 0.0 54000.0 66592.0 12914.0
X Ed valid 2 1 0 0 0 0 114.0 54000.0 66592.0 12857.0
X Ve valid 1 0 0 0 0 0 0.0 54000.0 66592.0 13505.7998046875
X Ed valid 2 1 0 0 0 0 591.7998046875 54000.0 66592.0 13209.89990234375
X Ve valid 1 0 0 0 0 0 0.0 54000.0 66892.0 0.0
X Ed valid 2 1 0 0 0 0 13509.1312956939 54000.0 66742.0 6752.89990234376
X Ve valid 1 0 0 0 0 0 0.0 56500.0 66592.0 12800.0
X Ve valid 1 0 0 0 0 0 0.0 56500.0 66592.0 12914.0
X Ed valid 2 1 0 0 0 0 114.0 56500.0 66592.0 12857.0
X Ve valid 1 0 0 0 0 0 0.0 56500.0 66592.0 13494.0
X Ed valid 2 1 0 0 0 0 580.0 56500.0 66592.0 13204.0
X Ve valid 1 0 0 0 0 0 0.0 56500.0 66892.0 0.0
X Ed valid 2 1 0 0 0 0 13497.3344035035 56500.0 66742.0 6747.000000000015
X Ve valid 1 0 0 0 0 0 0.0 54815.5 66592.0 12800.0
X Ve valid 1 0 0 0 0 0 0.0 54853.6015625 66592.0 12800.0
X Ed valid 2 1 0 0 0 0 38.1015625 54834.55078125 66592.0 12800.0
X Ve valid 1 0 0 0 0 0 0.0 56500.0 66592.0 12800.0
X Ed valid 2 1 0 0 0 0 1646.3984375 55676.80078125 66592.0 12800.0
X Ve valid 1 0 0 0 0 0 0.0 56500.0 66592.0 12686.0
X Ed valid 2 1 0 0 0 0 114.0 56500.0 66592.0 12743.0
X Ve valid 1 0 0 0 0 0 0.0 56500.0 66592.0 11505.7998046875
X Ed valid 2 1 0 0 0 0 1180.2001953125 56500.0 66592.0 12095.89990234375
X Ve valid 1 0 0 0 0 0 0.0 56500.0 66892.0 0.0
X Ed valid 2 1 0 0 0 0 11509.7102111889 56500.00000000001 66742.0 5752.89990234377
X Ve valid 1 0 0 0 0 0 0.0 62100.0 66300.0 13757.2001953125
X Ve valid 1 0 0 0 0 0 0.0 62100.0 66300.0 14200.0
X Ed valid 2 1 0 0 0 0 442.7998046875 62100.0 66300.0 13978.60009765625
X Ve valid 1 0 0 0 0 0 0.0 62100.0 68000.0 14200.0
X Ed valid 2 1 0 0 0 0 1700.0 62100.0 67150.0 14200.0
X Ve valid 1 0 0 0 0 0 0.0 62100.0 70421.3984375 14200.0
X Ed valid 2 1 0 0 0 0 2421.3984375 62100.0 69210.69921875 14200.0
X Ve valid 1 0 0 0 0 0 0.0 62100.0 70506.0 14200.0
X Ed valid 2 1 0 0 0 0 84.6015625 62100.0 70463.69921875 14200.0
X Ve valid 1 0 0 0 0 0 0.0 62100.0 70506.0 13400.0
X Ed valid 2 1 0 0 0 0 800.0 62100.0 70506.0 13800.0
X Ve valid 1 0 0 0 0 0 0.0 62100.0 70506.0 13186.0
X Ed valid 2 1 0 0 0 0 214.0 62100.0 70506.0 13293.0
X Ve valid 1 0 0 0 0 0 0.0 62100.0 70506.0 11500.0
X Ed valid 2 1 0 0 0 0 1686.0 62100.0 70506.0 12343.0
X Ve valid 1 0 0 0 0 0 0.0 61000.0 70506.0 11500.0
X Ed valid 2 1 0 0 0 0 1100.0 61550.0 70506.0 11500.0
X Ve valid 1 0 0 0 0 0 0.0 61000.0 70306.0 0.0
X Ed valid 2 1 0 0 0 0 11501.7389989514 61000.0 70406.0 5750.000000000009
X Ve valid 1 0 0 0 0 0 0.0 62100.0 70506.0 13400.0
X Ve valid 1 0 0 0 0 0 0.0 61000.0 70506.0 13400.0
X Ed valid 2 1 0 0 0 0 1100.0 61550.0 70506.0 13400.0
X Ve valid 1 0 0 0 0 0 0.0 61000.0 70306.0 0.0
X Ed valid 2 1 0 0 0 0 13401.4924542008 61000.0 70406.0 6699.999999999982
X Ve valid 1 0 0 0 0 0 0.0 62100.0 68000.0 13400.0
X Ve valid 1 0 0 0 0 0 0.0 62100.0 66000.0 13400.0
X Ed valid 2 1 0 0 0 0 2000.0 62100.0 67000.0 13400.0
X Ve valid 1 0 0 0 0 0 0.0 61000.0 66000.0 13400.0
X Ed valid 2 1 0 0 0 0 1100.0 61550.0 66000.0 13400.0
X Ve valid 1 0 0 0 0 0 0.0 61000.0 66694.0 0.0
X Ed valid 2 1 0 0 0 0 13417.959457384 61000.0 66347.0 6699.999999999985
X Ve valid 1 0 0 0 0 0 0.0 62100.0 68000.0 14137.7001953125
X Ve valid 1 0 0 0 0 0 0.0 62100.0 68000.0 13528.7998046875
X Ed valid 2 1 0 0 0 0 608.900390625 62100.0 68000.0 13833.25
X Ve valid 1 0 0 0 0 0 0.0 62100.0 68000.0 13400.0
X Ed valid 2 1 0 0 0 0 128.7998046875 62100.0 68000.0 13464.39990234375
X Ve valid 1 0 0 0 0 0 0.0 62100.0 68000.0 11500.0
X Ed valid 2 1 0 0 0 0 1900.0 62100.0 68000.0 12450.0
X Ve valid 1 0 0 0 0 0 0.0 62100.0 66000.0 11500.0
X Ed valid 2 1 0 0 0 0 2000.0 62100.0 67000.0 11500.0
X Ve valid 1 0 0 0 0 0 0.0 61000.0 66000.0 11500.0
X Ed valid 2 1 0 0 0 0 1100.0 61550.0 66000.0 11500.0
X Ve valid 1 0 0 0 0 0 0.0 61000.0 66694.0 0.0
X Ed valid 2 1 0 0 0 0 11520.9216645197 61000.0 66347.0 5750.000000000014
X Ve valid 1 0 0 0 0 0 0.0 64500.0 66300.0 13814.2998046875
X Ve valid 1 0 0 0 0 0 0.0 64500.0 66300.0 14200.0
X Ed valid 2 1 0 0 0 0 385.7001953125 64500.0 66300.0 14007.14990234375
X Ve valid 1 0 0 0 0 0 0.0 64500.0 68500.0 14200.0
X Ed valid 2 1 0 0 0 0 2200.0 64500.0 67400.0 14200.0
X Ve valid 1 0 0 0 0 0 0.0 64614.1015625 68500.0 14200.0
X Ed valid 2 1 0 0 0 0 114.1015625 64557.05078125 68500.0 14200.0
X Ve valid 1 0 0 0 0 0 0.0 66029.0 68500.0 14200.0
X Ed valid 2 1 0 0 0 0 1414.8984375 65321.55078125 68500.0 14200.0
X Ve valid 1 0 0 0 0 0 0.0 66029.0 68500.0 12500.0
X Ed valid 2 1 0 0 0 0 1700.0 66029.0 68500.0 13350.0
X Ve valid 1 0 0 0 0 0 0.0 65829.0 68500.0 0.707109987735748
X Ed valid 2 1 0 0 0 0 12500.8928781232 65929.0 68500.0 6250.353554993863
X Ve valid 1 0 0 0 0 0 0.0 64500.0 68500.0 14200.0
X Ve valid 1 0 0 0 0 0 0.0 64385.8984375 68500.0 14200.0
X Ed valid 2 1 0 0 0 0 114.1015625 64442.94921875 68500.0 14200.0
X Ve valid 1 0 0 0 0 0 0.0 62971.0 68500.0 14200.0
X Ed valid 2 1 0 0 0 0 1414.8984375 63678.44921875 68500.0 14200.0
X Ve valid 1 0 0 0 0 0 0.0 62971.0 68500.0 12500.0
X Ed valid 2 1 0 0 0 0 1700.0 62971.0 68500.0 13350.0
X Ve valid 1 0 0 0 0 0 0.0 63171.0 68500.0 0.707109987735748
X Ed valid 2 1 0 0 0 0 12500.8928781232 63071.00000000001 68500.0 6250.353554993863
X Ve valid 1 0 0 0 0 0 0.0 54650.0 66300.0 17057.19921875
X Ve valid 1 0 0 0 0 0 0.0 54650.0 66300.0 17700.0
X Ed valid 2 1 0 0 0 0 642.80078125 54650.0 66300.0 17378.599609375
X Ve valid 1 0 0 0 0 0 0.0 54650.0 68500.0 17700.0
X Ed valid 2 1 0 0 0 0 2200.0 54650.0 67400.0 17700.0
X Ve valid 1 0 0 0 0 0 0.0 54650.0 70308.0 17700.0
X Ed valid 2 1 0 0 0 0 1808.0 54650.0 69404.0 17700.0
X Ve valid 1 0 0 0 0 0 0.0 54650.0 70308.0 16800.0
X Ed valid 2 1 0 0 0 0 900.0 54650.0 70308.0 17250.0
X Ve valid 1 0 0 0 0 0 0.0 54753.6015625 70308.0 16800.0
X Ed valid 2 1 0 0 0 0 103.6015625 54701.80078125 70308.0 16800.0
X Ve valid 1 0 0 0 0 0 0.0 56500.0 70308.0 16800.0
X Ed valid 2 1 0 0 0 0 1746.3984375 55626.80078125 70308.0 16800.0
X Ve valid 1 0 0 0 0 0 0.0 56500.0 70308.0 16685.900390625
X Ed valid 2 1 0 0 0 0 114.099609375 56500.0 70308.0 16742.9501953125
X Ve valid 1 0 0 0 0 0 0.0 56500.0 70308.0 15500.0
X Ed valid 2 1 0 0 0 0 1185.900390625 56500.0 70308.0 16092.9501953125
X Ve valid 1 0 0 0 0 0 0.0 56500.0 70108.0 0.0
X Ed valid 2 1 0 0 0 0 15501.2902688776 56500.0 70208.0 7750.000000000009
X Ve valid 1 0 0 0 0 0 0.0 56500.0 70308.0 16800.0
X Ve valid 1 0 0 0 0 0 0.0 56500.0 70308.0 16914.099609375
X Ed valid 2 1 0 0 0 0 114.099609375 56500.0 70308.0 16857.0498046875
X Ve valid 1 0 0 0 0 0 0.0 56500.0 70308.0 17000.0
X Ed valid 2 1 0 0 0 0 85.900390625 56500.0 70308.0 16957.0498046875
X Ve valid 1 0 0 0 0 0 0.0 56500.0 70108.0 0.0
X Ed valid 2 1 0 0 0 0 17001.1764298827 56500.0 70208.0 8500.000000000013
X Ve valid 1 0 0 0 0 0 0.0 54000.0 70308.0 16800.0
X Ve valid 1 0 0 0 0 0 0.0 54000.0 70308.0 16914.099609375
X Ed valid 2 1 0 0 0 0 114.099609375 54000.0 70308.0 16857.0498046875
X Ve valid 1 0 0 0 0 0 0.0 54000.0 70308.0 17000.0
X Ed valid 2 1 0 0 0 0 85.900390625 54000.0 70308.0 16957.0498046875
X Ve valid 1 0 0 0 0 0 0.0 54000.0 70108.0 0.0
X Ed valid 2 1 0 0 0 0 17001.1764298827 54000.0 70208.0 8500.000000000013
X Ve valid 1 0 0 0 0 0 0.0 54584.5 70308.0 16800.0
X Ve valid 1 0 0 0 0 0 0.0 54546.3984375 70308.0 16800.0
X Ed valid 2 1 0 0 0 0 38.1015625 54565.44921875 70308.0 16800.0
X Ve valid 1 0 0 0 0 0 0.0 54000.0 70308.0 16800.0
X Ed valid 2 1 0 0 0 0 546.3984375 54273.19921875 70308.0 16800.0
X Ve valid 1 0 0 0 0 0 0.0 54000.0 70308.0 16685.900390625
X Ed valid 2 1 0 0 0 0 114.099609375 54000.0 70308.0 16742.9501953125
X Ve valid 1 0 0 0 0 0 0.0 54000.0 70308.0 15500.0
X Ed valid 2 1 0 0 0 0 1185.900390625 54000.0 70308.0 16092.9501953125
X Ve valid 1 0 0 0 0 0 0.0 54000.0 70108.0 0.0
X Ed valid 2 1 0 0 0 0 15501.2902688776 54000.0 70208.0 7750.000000000009
X Ve valid 1 0 0 0 0 0 0.0 54650.0 68500.0 17634.5
X Ve valid 1 0 0 0 0 0 0.0 54650.0 68500.0 16650.0
X Ed valid 2 1 0 0 0 0 984.5 54650.0 68500.0 17142.25
X Ve valid 1 0 0 0 0 0 0.0 54650.0 66692.0 16650.0
X Ed valid 2 1 0 0 0 0 1808.0 54650.0 67596.0 16650.0
X Ve valid 1 0 0 0 0 0 0.0 54546.3984375 66692.0 16650.0
X Ed valid 2 1 0 0 0 0 103.6015625 54598.19921875 66692.0 16650.0
X Ve valid 1 0 0 0 0 0 0.0 54000.0 66692.0 16650.0
X Ed valid 2 1 0 0 0 0 546.3984375 54273.19921875 66692.0 16650.0
X Ve valid 1 0 0 0 0 0 0.0 54000.0 66692.0 16585.900390625
X Ed valid 2 1 0 0 0 0 64.099609375 54000.0 66692.0 16617.9501953125
X Ve valid 1 0 0 0 0 0 0.0 54000.0 66692.0 15500.0
X Ed valid 2 1 0 0 0 0 1085.900390625 54000.0 66692.0 16042.9501953125
X Ve valid 1 0 0 0 0 0 0.0 54000.0 66892.0 0.0
X Ed valid 2 1 0 0 0 0 15501.2902688776 54000.0 66792.0 7750.000000000009
X Ve valid 1 0 0 0 0 0 0.0 54000.0 66692.0 16650.0
X Ve valid 1 0 0 0 0 0 0.0 54000.0 66692.0 16764.0
X Ed valid 2 1 0 0 0 0 114.0 54000.0 66692.0 16707.0
X Ve valid 1 0 0 0 0 0 0.0 54000.0 66692.0 17000.0
X Ed valid 2 1 0 0 0 0 236.0 54000.0 66692.0 16882.0
X Ve valid 1 0 0 0 0 0 0.0 54000.0 66892.0 0.0
X Ed valid 2 1 0 0 0 0 17001.1764298827 54000.0 66792.0 8500.000000000013
X Ve valid 1 0 0 0 0 0 0.0 56500.0 66692.0 16650.0
X Ve valid 1 0 0 0 0 0 0.0 56500.0 66692.0 16764.099609375
X Ed valid 2 1 0 0 0 0 114.099609375 56500.0 66692.0 16707.0498046875
X Ve valid 1 0 0 0 0 0 0.0 56500.0 66692.0 17000.0
X Ed valid 2 1 0 0 0 0 235.900390625 56500.0 66692.0 16882.0498046875
X Ve valid 1 0 0 0 0 0 0.0 56500.0 66892.0 0.0
X Ed valid 2 1 0 0 0 0 17001.1764298827 56500.0 66792.0 8500.000000000013
X Ve valid 1 0 0 0 0 0 0.0 54715.5 66692.0 16650.0
X Ve valid 1 0 0 0 0 0 0.0 54753.6015625 66692.0 16650.0
X Ed valid 2 1 0 0 0 0 38.1015625 54734.55078125 66692.0 16650.0
X Ve valid 1 0 0 0 0 0 0.0 56500.0 66692.0 16650.0
X Ed valid 2 1 0 0 0 0 1746.3984375 55626.80078125 66692.0 16650.0
X Ve valid 1 0 0 0 0 0 0.0 56500.0 66692.0 16535.900390625
X Ed valid 2 1 0 0 0 0 114.099609375 56500.0 66692.0 16592.9501953125
X Ve valid 1 0 0 0 0 0 0.0 56500.0 66692.0 15350.0
X Ed valid 2 1 0 0 0 0 1185.900390625 56500.0 66692.0 15942.9501953125
X Ve valid 1 0 0 0 0 0 0.0 56500.0 66892.0 0.0
X Ed valid 2 1 0 0 0 0 15351.3028763034 56500.0 66792.0 7674.999999999983
X Ve valid 1 0 0 0 0 0 0.0 62050.0 66300.0 17114.30078125
X Ve valid 1 0 0 0 0 0 0.0 62050.0 66300.0 17700.0
X Ed valid 2 1 0 0 0 0 585.69921875 62050.0 66300.0 17407.150390625
X Ve valid 1 0 0 0 0 0 0.0 62050.0 67032.5 17700.0
X Ed valid 2 1 0 0 0 0 732.5 62050.0 66666.25 17700.0
X Ve valid 1 0 0 0 0 0 0.0 62050.0 68000.0 17700.0
X Ed valid 2 1 0 0 0 0 967.5 62050.0 67516.25 17700.0
X Ve valid 1 0 0 0 0 0 0.0 62050.0 69966.0 17700.0
X Ed valid 2 1 0 0 0 0 1966.0 62050.0 68983.0 17700.0
X Ve valid 1 0 0 0 0 0 0.0 62050.0 70080.0 17700.0
X Ed valid 2 1 0 0 0 0 114.0 62050.0 70023.0 17700.0
X Ve valid 1 0 0 0 0 0 0.0 62050.0 70506.0 17700.0
X Ed valid 2 1 0 0 0 0 426.0 62050.0 70293.0 17700.0
X Ve valid 1 0 0 0 0 0 0.0 62050.0 70506.0 16000.0
X Ed valid 2 1 0 0 0 0 1700.0 62050.0 70506.0 16850.0
X Ve valid 1 0 0 0 0 0 0.0 61000.0 70506.0 16000.0
X Ed valid 2 1 0 0 0 0 1050.0 61525.0 70506.0 16000.0
X Ve valid 1 0 0 0 0 0 0.0 61000.0 70306.0 0.0
X Ed valid 2 1 0 0 0 0 16001.2499511757 61000.0 70406.0 7999.999999999994
X Ve valid 1 0 0 0 0 0 0.0 62050.0 67032.5 17700.0
X Ve valid 1 0 0 0 0 0 0.0 61000.0 67032.5 17700.0
X Ed valid 2 1 0 0 0 0 1050.0 61525.0 67032.5 17700.0
X Ve valid 1 0 0 0 0 0 0.0 61000.0 67175.0 0.707099974155426
X Ed valid 2 1 0 0 0 0 17699.866536528 61000.00000000001 67103.75 8850.3535499871
X Ve valid 1 0 0 0 0 0 0.0 62050.0 68000.0 17700.0
X Ve valid 1 0 0 0 0 0 0.0 62050.0 68000.0 16000.0
X Ed valid 2 1 0 0 0 0 1700.0 62050.0 68000.0 16850.0
X Ve valid 1 0 0 0 0 0 0.0 62050.0 66494.0 16000.0
X Ed valid 2 1 0 0 0 0 1506.0 62050.0 67247.0 16000.0
X Ve valid 1 0 0 0 0 0 0.0 61000.0 66494.0 16000.0
X Ed valid 2 1 0 0 0 0 1050.0 61525.0 66494.0 16000.0
X Ve valid 1 0 0 0 0 0 0.0 61000.0 66694.0 0.0
X Ed valid 2 1 0 0 0 0 16001.2499511757 61000.0 66594.0 7999.999999999994
X Ve valid 1 0 0 0 0 0 0.0 62050.0 69966.0 17700.0
X Ve valid 1 0 0 0 0 0 0.0 61000.0 69966.0 17700.0
X Ed valid 2 1 0 0 0 0 1050.0 61525.0 69966.0 17700.0
X Ve valid 1 0 0 0 0 0 0.0 61000.0 69824.6015625 0.707109987735748
X Ed valid 2 1 0 0 0 0 17699.8576922123 61000.0 69895.30078125 8850.353554993857
X Ve valid 1 0 0 0 0 0 0.0 64175.0 66300.0 17114.30078125
X Ve valid 1 0 0 0 0 0 0.0 64175.0 66300.0 17700.0
X Ed valid 2 1 0 0 0 0 585.69921875 64175.0 66300.0 17407.150390625
X Ve valid 1 0 0 0 0 0 0.0 64175.0 67500.0 17700.0
X Ed valid 2 1 0 0 0 0 1200.0 64175.0 66900.0 17700.0
X Ve valid 1 0 0 0 0 0 0.0 64175.0 69904.0 17700.0
X Ed valid 2 1 0 0 0 0 2404.0 64175.0 68702.0 17700.0
X Ve valid 1 0 0 0 0 0 0.0 64175.0 69904.0 17200.0
X Ed valid 2 1 0 0 0 0 500.0 64175.0 69904.0 17450.0
X Ve valid 1 0 0 0 0 0 0.0 64175.0 69904.0 17085.900390625
X Ed valid 2 1 0 0 0 0 114.099609375 64175.0 69904.0 17142.9501953125
X Ve valid 1 0 0 0 0 0 0.0 64175.0 69904.0 14700.0
X Ed valid 2 1 0 0 0 0 2385.900390625 64175.0 69904.0 15892.9501953125
X Ve valid 1 0 0 0 0 0 0.0 63500.0 69904.0 14700.0
X Ed valid 2 1 0 0 0 0 675.0 63837.5 69904.0 14700.0
X Ve valid 1 0 0 0 0 0 0.0 63500.0 69704.0 -0.707109987735748
X Ed valid 2 1 0 0 0 0 14702.0675258157 63500.0 69804.0 7349.64644500612
X Ve valid 1 0 0 0 0 0 0.0 64175.0 69904.0 17200.0
X Ve valid 1 0 0 0 0 0 0.0 63500.0 69904.0 17200.0
X Ed valid 2 1 0 0 0 0 675.0 63837.5 69904.0 17200.0
X Ve valid 1 0 0 0 0 0 0.0 63500.0 69704.0 0.0
X Ed valid 2 1 0 0 0 0 17201.1627513956 63500.0 69804.0 8600.000000000007
X Ve valid 1 0 0 0 0 0 0.0 64175.0 67500.0 17700.0
X Ve valid 1 0 0 0 0 0 0.0 64175.0 67500.0 17200.0
X Ed valid 2 1 0 0 0 0 500.0 64175.0 67500.0 17450.0
X Ve valid 1 0 0 0 0 0 0.0 64175.0 67500.0 17085.900390625
X Ed valid 2 1 0 0 0 0 114.099609375 64175.0 67500.0 17142.9501953125
X Ve valid 1 0 0 0 0 0 0.0 64175.0 67500.0 16000.0
X Ed valid 2 1 0 0 0 0 1085.900390625 64175.0 67500.0 16542.9501953125
X Ve valid 1 0 0 0 0 0 0.0 64175.0 66896.0 16000.0
X Ed valid 2 1 0 0 0 0 604.0 64175.0 67198.0 16000.0
X Ve valid 1 0 0 0 0 0 0.0 63500.0 66896.0 16000.0
X Ed valid 2 1 0 0 0 0 675.0 63837.5 66896.0 16000.0
X Ve valid 1 0 0 0 0 0 0.0 63500.0 67096.0 0.0
X Ed valid 2 1 0 0 0 0 16001.2499511757 63500.0 66996.0 7999.999999999994
X Ve valid 1 0 0 0 0 0 0.0 64175.0 67500.0 17200.0
X Ve valid 1 0 0 0 0 0 0.0 64175.0 66896.0 17200.0
X Ed valid 2 1 0 0 0 0 604.0 64175.0 67198.0 17200.0
X Ve valid 1 0 0 0 0 0 0.0 63500.0 66896.0 17200.0
X Ed valid 2 1 0 0 0 0 675.0 63837.5 66896.0 17200.0
X Ve valid 1 0 0 0 0 0 0.0 63500.0 67096.0 0.0
X Ed valid 2 1 0 0 0 0 17201.1627513956 63500.0 66996.0 8600.000000000007
X Ve valid 1 0 0 0 0 0 0.0 55250.0 66300.0 21057.19921875
X Ve valid 1 0 0 0 0 0 0.0 55250.0 66300.0 21557.19921875
X Ed valid 2 1 0 0 0 0 500.0 55250.0 66300.0 21307.19921875
X Ve valid 1 0 0 0 0 0 0.0 55250.0 68500.0 21557.19921875
X Ed valid 2 1 0 0 0 0 2200.0 55250.0 67400.0 21557.19921875
X Ve valid 1 0 0 0 0 0 0.0 55250.0 68500.0 19900.0
X Ed valid 2 1 0 0 0 0 1657.19921875 55250.0 68500.0 20728.599609375
X Ve valid 1 0 0 0 0 0 0.0 55135.8984375 68500.0 19900.0
X Ed valid 2 1 0 0 0 0 114.1015625 55192.94921875 68500.0 19900.0
X Ve valid 1 0 0 0 0 0 0.0 54000.0 68500.0 19900.0
X Ed valid 2 1 0 0 0 0 1135.8984375 54567.94921875 68500.0 19900.0
X Ve valid 1 0 0 0 0 0 0.0 54000.0 68500.0 1.0
X Ed valid 2 1 0 0 0 0 19899.0 54000.0 68500.0 9950.5
X Ve valid 1 0 0 0 0 0 0.0 55250.0 68500.0 19900.0
X Ve valid 1 0 0 0 0 0 0.0 55364.1015625 68500.0 19900.0
X Ed valid 2 1 0 0 0 0 114.1015625 55307.05078125 68500.0 19900.0
X Ve valid 1 0 0 0 0 0 0.0 56500.0 68500.0 19900.0
X Ed valid 2 1 0 0 0 0 1135.8984375 55932.05078125 68500.0 19900.0
X Ve valid 1 0 0 0 0 0 0.0 56500.0 68500.0 1.0
X Ed valid 2 1 0 0 0 0 19899.0 56500.0 68500.0 9950.5
X Ve valid 1 0 0 0 0 0 0.0 63500.0 66300.0 21114.30078125
X Ve valid 1 0 0 0 0 0 0.0 63500.0 66300.0 21557.19921875
X Ed valid 2 1 0 0 0 0 442.8984375 63500.0 66300.0 21335.75
X Ve valid 1 0 0 0 0 0 0.0 63500.0 66414.0 21557.19921875
X Ed valid 2 1 0 0 0 0 114.0 63500.0 66357.0 21557.19921875
X Ve valid 1 0 0 0 0 0 0.0 63500.0 68500.0 21557.19921875
X Ed valid 2 1 0 0 0 0 2086.0 63500.0 67457.0 21557.19921875
X Ve valid 1 0 0 0 0 0 0.0 63500.0 68500.0 1.0
X Ed valid 2 1 0 0 0 0 21556.19921875 63500.0 68500.0 10779.099609375
X Ve valid 1 0 0 0 0 0 0.0 64450.0 67700.0 10200.0
X Ve valid 1 0 0 0 0 0 0.0 63500.0 67700.0 10200.0
X Ed valid 2 1 0 0 0 0 950.0 63975.0 67700.0 10200.0
X Ve valid 1 0 0 0 0 0 0.0 63385.8984375 67700.0 10200.0
X Ed valid 2 1 0 0 0 0 114.1015625 63442.94921875 67700.0 10200.0
X Ve valid 1 0 0 0 0 0 0.0 62971.0 67700.0 10200.0
X Ed valid 2 1 0 0 0 0 414.8984375 63178.44921875 67700.0 10200.0
X Ve valid 1 0 0 0 0 0 0.0 62971.0 67700.0 9000.0
X Ed valid 2 1 0 0 0 0 1200.0 62971.0 67700.0 9600.0
X Ve valid 1 0 0 0 0 0 0.0 62971.0 68500.0 9000.0
X Ed valid 2 1 0 0 0 0 800.0 62971.0 68100.0 9000.0
X Ve valid 1 0 0 0 0 0 0.0 63147.80078125 68500.0 -0.707099974155426
X Ed valid 2 1 0 0 0 0 9002.443380314908 63059.400390625 68500.0 4499.646450012924
X Ve valid 1 0 0 0 0 0 0.0 63500.0 67700.0 10200.0
X Ve valid 1 0 0 0 0 0 0.0 63500.0 67700.0 9700.0
X Ed valid 2 1 0 0 0 0 500.0 63500.0 67700.0 9950.0
X Ve valid 1 0 0 0 0 0 0.0 63500.0 67586.0 9700.0
X Ed valid 2 1 0 0 0 0 114.0 63500.0 67643.0 9700.0
X Ve valid 1 0 0 0 0 0 0.0 63500.0 67300.0 9700.0
X Ed valid 2 1 0 0 0 0 286.0 63500.0 67443.0 9700.0
X Ve valid 1 0 0 0 0 0 0.0 63500.0 67300.0 9600.0
X Ed valid 2 1 0 0 0 0 100.0 63500.0 67300.0 9650.0
X Ve valid 1 0 0 0 0 0 0.0 63500.0 67500.0 0.707109987735748
X Ed valid 2 1 0 0 0 0 9601.37615075256 63500.0 67400.0 4800.353554993868
X Ve valid 1 0 0 0 0 0 0.0 63500.0 67700.0 9700.0
X Ve valid 1 0 0 0 0 0 0.0 63500.0 67814.0 9700.0
X Ed valid 2 1 0 0 0 0 114.0 63500.0 67757.0 9700.0
X Ve valid 1 0 0 0 0 0 0.0 63500.0 69579.0 9700.0
X Ed valid 2 1 0 0 0 0 1765.0 63500.0 68696.5 9700.0
X Ve valid 1 0 0 0 0 0 0.0 63500.0 69579.0 6800.0
X Ed valid 2 1 0 0 0 0 2900.0 63500.0 69579.0 8250.0
X Ve valid 1 0 0 0 0 0 0.0 63500.0 69379.0 6800.0
X Ed valid 2 1 0 0 0 0 200.0 63500.0 69479.0 6800.0
X Ve valid 1 0 0 0 0 0 0.0 63500.0 69179.0 -0.707109987735748
X Ed valid 2 1 0 0 0 0 6803.64734505234 63500.0 69279.0 3399.6464450061317
X Ve valid 1 0 0 0 0 0 0.0 74500.0 36400.0 2368.30004882813
X Ve valid 1 0 0 0 0 0 0.0 74500.0 36400.0 2784.10009765625
X Ed valid 2 1 0 0 0 0 415.800048828125 74500.0 36400.0 2576.2000732421925
X Ve valid 1 0 0 0 0 0 0.0 73700.0 36400.0 2784.10009765625
X Ed valid 2 1 0 0 0 0 800.0 74100.0 36400.0 2784.10009765625
X Ve valid 1 0 0 0 0 0 0.0 71200.0 36400.0 2784.10009765625
X Ed valid 2 1 0 0 0 0 2500.0 72450.0 36400.0 2784.10009765625
X Ve valid 1 0 0 0 0 0 0.0 71086.0 36400.0 2784.10009765625
X Ed valid 2 1 0 0 0 0 114.0 71143.0 36400.0 2784.10009765625
X Ve valid 1 0 0 0 0 0 0.0 68700.0 36400.0 2784.10009765625
X Ed valid 2 1 0 0 0 0 2386.0 69893.0 36400.0 2784.10009765625
X Ve valid 1 0 0 0 0 0 0.0 68700.0 36400.0 1.0
X Ed valid 2 1 0 0 0 0 2783.10009765625 68700.0 36400.0 1392.5500488281252
X Ve valid 1 0 0 0 0 0 0.0 74500.0 36400.0 2784.10009765625
X Ve valid 1 0 0 0 0 0 0.0 74594.0 36400.0 2784.10009765625
X Ed valid 2 1 0 0 0 0 94.0 74547.0 36400.0 2784.10009765625
X Ve valid 1 0 0 0 0 0 0.0 76200.0 36400.0 2784.10009765625
X Ed valid 2 1 0 0 0 0 1606.0 75397.0 36400.0 2784.10009765625
X Ve valid 1 0 0 0 0 0 0.0 76200.0 36400.0 1.0
X Ed valid 2 1 0 0 0 0 2783.10009765625 76200.0 36400.0 1392.5500488281252
X Ve valid 1 0 0 0 0 0 0.0 73700.0 36400.0 2784.10009765625
X Ve valid 1 0 0 0 0 0 0.0 73700.0 36400.0 1.0
X Ed valid 2 1 0 0 0 0 2783.10009765625 73700.0 36400.0 1392.5500488281252
X Ve valid 1 0 0 0 0 0 0.0 71200.0 36400.0 2784.10009765625
X Ve valid 1 0 0 0 0 0 0.0 71200.0 36400.0 1.0
X Ed valid 2 1 0 0 0 0 2783.10009765625 71200.0 36400.0 1392.5500488281252
X Ve valid 1 0 0 0 0 0 0.0 74500.0 34000.0 2368.30004882813
X Ve valid 1 0 0 0 0 0 0.0 74500.0 34000.0 2784.10009765625
X Ed valid 2 1 0 0 0 0 415.800048828125 74500.0 34000.0 2576.2000732421925
X Ve valid 1 0 0 0 0 0 0.0 73700.0 34000.0 2784.10009765625
X Ed valid 2 1 0 0 0 0 800.0 74100.0 34000.0 2784.10009765625
X Ve valid 1 0 0 0 0 0 0.0 71200.0 34000.0 2784.10009765625
X Ed valid 2 1 0 0 0 0 2500.0 72450.0 34000.0 2784.10009765625
X Ve valid 1 0 0 0 0 0 0.0 71086.0 34000.0 2784.10009765625
X Ed valid 2 1 0 0 0 0 114.0 71143.0 34000.0 2784.10009765625
X Ve valid 1 0 0 0 0 0 0.0 68700.0 34000.0 2784.10009765625
X Ed valid 2 1 0 0 0 0 2386.0 69893.0 34000.0 2784.10009765625
X Ve valid 1 0 0 0 0 0 0.0 68700.0 34000.0 1.0
X Ed valid 2 1 0 0 0 0 2783.10009765625 68700.0 34000.0 1392.5500488281252
X Ve valid 1 0 0 0 0 0 0.0 74500.0 34000.0 2784.10009765625
X Ve valid 1 0 0 0 0 0 0.0 74594.0 34000.0 2784.10009765625
X Ed valid 2 1 0 0 0 0 94.0 74547.0 34000.0 2784.10009765625
X Ve valid 1 0 0 0 0 0 0.0 76200.0 34000.0 2784.10009765625
X Ed valid 2 1 0 0 0 0 1606.0 75397.0 34000.0 2784.10009765625
X Ve valid 1 0 0 0 0 0 0.0 76200.0 34000.0 1.0
X Ed valid 2 1 0 0 0 0 2783.10009765625 76200.0 34000.0 1392.5500488281252
X Ve valid 1 0 0 0 0 0 0.0 73700.0 34000.0 2784.10009765625
X Ve valid 1 0 0 0 0 0 0.0 73700.0 34000.0 1.0
X Ed valid 2 1 0 0 0 0 2783.10009765625 73700.0 34000.0 1392.5500488281252
X Ve valid 1 0 0 0 0 0 0.0 71200.0 34000.0 2784.10009765625
X Ve valid 1 0 0 0 0 0 0.0 71200.0 34000.0 1.0
X Ed valid 2 1 0 0 0 0 2783.10009765625 71200.0 34000.0 1392.5500488281252
X Ve valid 1 0 0 0 0 0 0.0 74500.0 31600.0 2368.30004882813
X Ve valid 1 0 0 0 0 0 0.0 74500.0 31600.0 2784.10009765625
X Ed valid 2 1 0 0 0 0 415.800048828125 74500.0 31600.0 2576.2000732421925
X Ve valid 1 0 0 0 0 0 0.0 73700.0 31600.0 2784.10009765625
X Ed valid 2 1 0 0 0 0 800.0 74100.0 31600.0 2784.10009765625
X Ve valid 1 0 0 0 0 0 0.0 71200.0 31600.0 2784.10009765625
X Ed valid 2 1 0 0 0 0 2500.0 72450.0 31600.0 2784.10009765625
X Ve valid 1 0 0 0 0 0 0.0 71086.0 31600.0 2784.10009765625
X Ed valid 2 1 0 0 0 0 114.0 71143.0 31600.0 2784.10009765625
X Ve valid 1 0 0 0 0 0 0.0 68700.0 31600.0 2784.10009765625
X Ed valid 2 1 0 0 0 0 2386.0 69893.0 31600.0 2784.10009765625
X Ve valid 1 0 0 0 0 0 0.0 68700.0 31600.0 1.0
X Ed valid 2 1 0 0 0 0 2783.10009765625 68700.0 31600.0 1392.5500488281252
X Ve valid 1 0 0 0 0 0 0.0 74500.0 31600.0 2784.10009765625
X Ve valid 1 0 0 0 0 0 0.0 74594.0 31600.0 2784.10009765625
X Ed valid 2 1 0 0 0 0 94.0 74547.0 31600.0 2784.10009765625
X Ve valid 1 0 0 0 0 0 0.0 76200.0 31600.0 2784.10009765625
X Ed valid 2 1 0 0 0 0 1606.0 75397.0 31600.0 2784.10009765625
X Ve valid 1 0 0 0 0 0 0.0 76200.0 31600.0 1.0
X Ed valid 2 1 0 0 0 0 2783.10009765625 76200.0 31600.0 1392.5500488281252
X Ve valid 1 0 0 0 0 0 0.0 73700.0 31600.0 2784.10009765625
X Ve valid 1 0 0 0 0 0 0.0 73700.0 31600.0 1.0
X Ed valid 2 1 0 0 0 0 2783.10009765625 73700.0 31600.0 1392.5500488281252
X Ve valid 1 0 0 0 0 0 0.0 71200.0 31600.0 2784.10009765625
X Ve valid 1 0 0 0 0 0 0.0 71200.0 31600.0 1.0
X Ed valid 2 1 0 0 0 0 2783.10009765625 71200.0 31600.0 1392.5500488281252
X Ve valid 1 0 0 0 0 0 0.0 74500.0 29200.0 2368.30004882813
X Ve valid 1 0 0 0 0 0 0.0 74500.0 29200.0 2784.10009765625
X Ed valid 2 1 0 0 0 0 415.800048828125 74500.0 29200.0 2576.2000732421925
X Ve valid 1 0 0 0 0 0 0.0 73700.0 29200.0 2784.10009765625
X Ed valid 2 1 0 0 0 0 800.0 74100.0 29200.0 2784.10009765625
X Ve valid 1 0 0 0 0 0 0.0 71200.0 29200.0 2784.10009765625
X Ed valid 2 1 0 0 0 0 2500.0 72450.0 29200.0 2784.10009765625
X Ve valid 1 0 0 0 0 0 0.0 71086.0 29200.0 2784.10009765625
X Ed valid 2 1 0 0 0 0 114.0 71143.0 29200.0 2784.10009765625
X Ve valid 1 0 0 0 0 0 0.0 68700.0 29200.0 2784.10009765625
X Ed valid 2 1 0 0 0 0 2386.0 69893.0 29200.0 2784.10009765625
X Ve valid 1 0 0 0 0 0 0.0 68700.0 29200.0 1.0
X Ed valid 2 1 0 0 0 0 2783.10009765625 68700.0 29200.0 1392.5500488281252
X Ve valid 1 0 0 0 0 0 0.0 74500.0 29200.0 2784.10009765625
X Ve valid 1 0 0 0 0 0 0.0 74594.0 29200.0 2784.10009765625
X Ed valid 2 1 0 0 0 0 94.0 74547.0 29200.0 2784.10009765625
X Ve valid 1 0 0 0 0 0 0.0 76200.0 29200.0 2784.10009765625
X Ed valid 2 1 0 0 0 0 1606.0 75397.0 29200.0 2784.10009765625
X Ve valid 1 0 0 0 0 0 0.0 76200.0 29200.0 1.0
X Ed valid 2 1 0 0 0 0 2783.10009765625 76200.0 29200.0 1392.5500488281252
X Ve valid 1 0 0 0 0 0 0.0 73700.0 29200.0 2784.10009765625
X Ve valid 1 0 0 0 0 0 0.0 73700.0 29200.0 1.0
X Ed valid 2 1 0 0 0 0 2783.10009765625 73700.0 29200.0 1392.5500488281252
X Ve valid 1 0 0 0 0 0 0.0 71200.0 29200.0 2784.10009765625
X Ve valid 1 0 0 0 0 0 0.0 71200.0 29200.0 1.0
X Ed valid 2 1 0 0 0 0 2783.10009765625 71200.0 29200.0 1392.5500488281252
X Ve valid 1 0 0 0 0 0 0.0 74500.0 26800.0 2368.30004882813
X Ve valid 1 0 0 0 0 0 0.0 74500.0 26800.0 2784.10009765625
X Ed valid 2 1 0 0 0 0 415.800048828125 74500.0 26800.0 2576.2000732421925
X Ve valid 1 0 0 0 0 0 0.0 73700.0 26800.0 2784.10009765625
X Ed valid 2 1 0 0 0 0 800.0 74100.0 26800.0 2784.10009765625
X Ve valid 1 0 0 0 0 0 0.0 71200.0 26800.0 2784.10009765625
X Ed valid 2 1 0 0 0 0 2500.0 72450.0 26800.0 2784.10009765625
X Ve valid 1 0 0 0 0 0 0.0 71086.0 26800.0 2784.10009765625
X Ed valid 2 1 0 0 0 0 114.0 71143.0 26800.0 2784.10009765625
X Ve valid 1 0 0 0 0 0 0.0 68700.0 26800.0 2784.10009765625
X Ed valid 2 1 0 0 0 0 2386.0 69893.0 26800.0 2784.10009765625
X Ve valid 1 0 0 0 0 0 0.0 68700.0 26800.0 1.0
X Ed valid 2 1 0 0 0 0 2783.10009765625 68700.0 26800.0 1392.5500488281252
X Ve valid 1 0 0 0 0 0 0.0 74500.0 26800.0 2784.10009765625
X Ve valid 1 0 0 0 0 0 0.0 74594.0 26800.0 2784.10009765625
X Ed valid 2 1 0 0 0 0 94.0 74547.0 26800.0 2784.10009765625
X Ve valid 1 0 0 0 0 0 0.0 76200.0 26800.0 2784.10009765625
X Ed valid 2 1 0 0 0 0 1606.0 75397.0 26800.0 2784.10009765625
X Ve valid 1 0 0 0 0 0 0.0 76200.0 26800.0 1.0
X Ed valid 2 1 0 0 0 0 2783.10009765625 76200.0 26800.0 1392.5500488281252
X Ve valid 1 0 0 0 0 0 0.0 73700.0 26800.0 2784.10009765625
X Ve valid 1 0 0 0 0 0 0.0 73700.0 26800.0 1.0
X Ed valid 2 1 0 0 0 0 2783.10009765625 73700.0 26800.0 1392.5500488281252
X Ve valid 1 0 0 0 0 0 0.0 71200.0 26800.0 2784.10009765625
X Ve valid 1 0 0 0 0 0 0.0 71200.0 26800.0 1.0
X Ed valid 2 1 0 0 0 0 2783.10009765625 71200.0 26800.0 1392.5500488281252
X Ve valid 1 0 0 0 0 0 0.0 74500.0 24400.0 2368.30004882813
X Ve valid 1 0 0 0 0 0 0.0 74500.0 24400.0 2784.10009765625
X Ed valid 2 1 0 0 0 0 415.800048828125 74500.0 24400.0 2576.2000732421925
X Ve valid 1 0 0 0 0 0 0.0 73700.0 24400.0 2784.10009765625
X Ed valid 2 1 0 0 0 0 800.0 74100.0 24400.0 2784.10009765625
X Ve valid 1 0 0 0 0 0 0.0 71200.0 24400.0 2784.10009765625
X Ed valid 2 1 0 0 0 0 2500.0 72450.0 24400.0 2784.10009765625
X Ve valid 1 0 0 0 0 0 0.0 71086.0 24400.0 2784.10009765625
X Ed valid 2 1 0 0 0 0 114.0 71143.0 24400.0 2784.10009765625
X Ve valid 1 0 0 0 0 0 0.0 68700.0 24400.0 2784.10009765625
X Ed valid 2 1 0 0 0 0 2386.0 69893.0 24400.0 2784.10009765625
X Ve valid 1 0 0 0 0 0 0.0 68700.0 24400.0 1.0
X Ed valid 2 1 0 0 0 0 2783.10009765625 68700.0 24400.0 1392.5500488281252
X Ve valid 1 0 0 0 0 0 0.0 74500.0 24400.0 2784.10009765625
X Ve valid 1 0 0 0 0 0 0.0 74594.0 24400.0 2784.10009765625
X Ed valid 2 1 0 0 0 0 94.0 74547.0 24400.0 2784.10009765625
X Ve valid 1 0 0 0 0 0 0.0 76200.0 24400.0 2784.10009765625
X Ed valid 2 1 0 0 0 0 1606.0 75397.0 24400.0 2784.10009765625
X Ve valid 1 0 0 0 0 0 0.0 76200.0 24400.0 1.0
X Ed valid 2 1 0 0 0 0 2783.10009765625 76200.0 24400.0 1392.5500488281252
X Ve valid 1 0 0 0 0 0 0.0 73700.0 24400.0 2784.10009765625
X Ve valid 1 0 0 0 0 0 0.0 73700.0 24400.0 1.0
X Ed valid 2 1 0 0 0 0 2783.10009765625 73700.0 24400.0 1392.5500488281252
X Ve valid 1 0 0 0 0 0 0.0 71200.0 24400.0 2784.10009765625
X Ve valid 1 0 0 0 0 0 0.0 71200.0 24400.0 1.0
X Ed valid 2 1 0 0 0 0 2783.10009765625 71200.0 24400.0 1392.5500488281252
X Ve valid 1 0 0 0 0 0 0.0 74500.0 22000.0 2368.30004882813
X Ve valid 1 0 0 0 0 0 0.0 74500.0 22000.0 2784.10009765625
X Ed valid 2 1 0 0 0 0 415.800048828125 74500.0 22000.0 2576.2000732421925
X Ve valid 1 0 0 0 0 0 0.0 73700.0 22000.0 2784.10009765625
X Ed valid 2 1 0 0 0 0 800.0 74100.0 22000.0 2784.10009765625
X Ve valid 1 0 0 0 0 0 0.0 71200.0 22000.0 2784.10009765625
X Ed valid 2 1 0 0 0 0 2500.0 72450.0 22000.0 2784.10009765625
X Ve valid 1 0 0 0 0 0 0.0 71086.0 22000.0 2784.10009765625
X Ed valid 2 1 0 0 0 0 114.0 71143.0 22000.0 2784.10009765625
X Ve valid 1 0 0 0 0 0 0.0 68700.0 22000.0 2784.10009765625
X Ed valid 2 1 0 0 0 0 2386.0 69893.0 22000.0 2784.10009765625
X Ve valid 1 0 0 0 0 0 0.0 68700.0 22000.0 1.0
X Ed valid 2 1 0 0 0 0 2783.10009765625 68700.0 22000.0 1392.5500488281252
X Ve valid 1 0 0 0 0 0 0.0 74500.0 22000.0 2784.10009765625
X Ve valid 1 0 0 0 0 0 0.0 74594.0 22000.0 2784.10009765625
X Ed valid 2 1 0 0 0 0 94.0 74547.0 22000.0 2784.10009765625
X Ve valid 1 0 0 0 0 0 0.0 76200.0 22000.0 2784.10009765625
X Ed valid 2 1 0 0 0 0 1606.0 75397.0 22000.0 2784.10009765625
X Ve valid 1 0 0 0 0 0 0.0 76200.0 22000.0 1.0
X Ed valid 2 1 0 0 0 0 2783.10009765625 76200.0 22000.0 1392.5500488281252
X Ve valid 1 0 0 0 0 0 0.0 73700.0 22000.0 2784.10009765625
X Ve valid 1 0 0 0 0 0 0.0 73700.0 22000.0 1.0
X Ed valid 2 1 0 0 0 0 2783.10009765625 73700.0 22000.0 1392.5500488281252
X Ve valid 1 0 0 0 0 0 0.0 71200.0 22000.0 2784.10009765625
X Ve valid 1 0 0 0 0 0 0.0 71200.0 22000.0 1.0
X Ed valid 2 1 0 0 0 0 2783.10009765625 71200.0 22000.0 1392.5500488281252
X Ve valid 1 0 0 0 0 0 0.0 74500.0 19600.0 2368.30004882813
X Ve valid 1 0 0 0 0 0 0.0 74500.0 19600.0 2784.10009765625
X Ed valid 2 1 0 0 0 0 415.800048828125 74500.0 19600.0 2576.2000732421925
X Ve valid 1 0 0 0 0 0 0.0 73700.0 19600.0 2784.10009765625
X Ed valid 2 1 0 0 0 0 800.0 74100.0 19600.0 2784.10009765625
X Ve valid 1 0 0 0 0 0 0.0 71200.0 19600.0 2784.10009765625
X Ed valid 2 1 0 0 0 0 2500.0 72450.0 19600.0 2784.10009765625
X Ve valid 1 0 0 0 0 0 0.0 71086.0 19600.0 2784.10009765625
X Ed valid 2 1 0 0 0 0 114.0 71143.0 19600.0 2784.10009765625
X Ve valid 1 0 0 0 0 0 0.0 68700.0 19600.0 2784.10009765625
X Ed valid 2 1 0 0 0 0 2386.0 69893.0 19600.0 2784.10009765625
X Ve valid 1 0 0 0 0 0 0.0 68700.0 19600.0 1.0
X Ed valid 2 1 0 0 0 0 2783.10009765625 68700.0 19600.0 1392.5500488281252
X Ve valid 1 0 0 0 0 0 0.0 74500.0 19600.0 2784.10009765625
X Ve valid 1 0 0 0 0 0 0.0 74594.0 19600.0 2784.10009765625
X Ed valid 2 1 0 0 0 0 94.0 74547.0 19600.0 2784.10009765625
X Ve valid 1 0 0 0 0 0 0.0 76200.0 19600.0 2784.10009765625
X Ed valid 2 1 0 0 0 0 1606.0 75397.0 19600.0 2784.10009765625
X Ve valid 1 0 0 0 0 0 0.0 76200.0 19600.0 1.0
X Ed valid 2 1 0 0 0 0 2783.10009765625 76200.0 19600.0 1392.5500488281252
X Ve valid 1 0 0 0 0 0 0.0 73700.0 19600.0 2784.10009765625
X Ve valid 1 0 0 0 0 0 0.0 73700.0 19600.0 1.0
X Ed valid 2 1 0 0 0 0 2783.10009765625 73700.0 19600.0 1392.5500488281252
X Ve valid 1 0 0 0 0 0 0.0 71200.0 19600.0 2784.10009765625
X Ve valid 1 0 0 0 0 0 0.0 71200.0 19600.0 1.0
X Ed valid 2 1 0 0 0 0 2783.10009765625 71200.0 19600.0 1392.5500488281252
X Ve valid 1 0 0 0 0 0 0.0 64500.0 36400.0 2341.30004882813
X Ve valid 1 0 0 0 0 0 0.0 64500.0 36400.0 2784.10009765625
X Ed valid 2 1 0 0 0 0 442.800048828125 64500.0 36400.0 2562.700073242193
X Ve valid 1 0 0 0 0 0 0.0 63700.0 36400.0 2784.10009765625
X Ed valid 2 1 0 0 0 0 800.0 64100.0 36400.0 2784.10009765625
X Ve valid 1 0 0 0 0 0 0.0 61200.0 36400.0 2784.10009765625
X Ed valid 2 1 0 0 0 0 2500.0 62450.0 36400.0 2784.10009765625
X Ve valid 1 0 0 0 0 0 0.0 61086.0 36400.0 2784.10009765625
X Ed valid 2 1 0 0 0 0 114.0 61143.0 36400.0 2784.10009765625
X Ve valid 1 0 0 0 0 0 0.0 58700.0 36400.0 2784.10009765625
X Ed valid 2 1 0 0 0 0 2386.0 59893.0 36400.0 2784.10009765625
X Ve valid 1 0 0 0 0 0 0.0 58700.0 36400.0 1.0
X Ed valid 2 1 0 0 0 0 2783.10009765625 58700.0 36400.0 1392.5500488281252
X Ve valid 1 0 0 0 0 0 0.0 64500.0 36400.0 2784.10009765625
X Ve valid 1 0 0 0 0 0 0.0 64594.0 36400.0 2784.10009765625
X Ed valid 2 1 0 0 0 0 94.0 64547.0 36400.0 2784.10009765625
X Ve valid 1 0 0 0 0 0 0.0 66200.0 36400.0 2784.10009765625
X Ed valid 2 1 0 0 0 0 1606.0 65397.0 36400.0 2784.10009765625
X Ve valid 1 0 0 0 0 0 0.0 66200.0 36400.0 1.0
X Ed valid 2 1 0 0 0 0 2783.10009765625 66200.0 36400.0 1392.5500488281252
X Ve valid 1 0 0 0 0 0 0.0 63700.0 36400.0 2784.10009765625
X Ve valid 1 0 0 0 0 0 0.0 63700.0 36400.0 1.0
X Ed valid 2 1 0 0 0 0 2783.10009765625 63700.0 36400.0 1392.5500488281252
X Ve valid 1 0 0 0 0 0 0.0 61200.0 36400.0 2784.10009765625
X Ve valid 1 0 0 0 0 0 0.0 61200.0 36400.0 1.0
X Ed valid 2 1 0 0 0 0 2783.10009765625 61200.0 36400.0 1392.5500488281252
X Ve valid 1 0 0 0 0 0 0.0 64500.0 34000.0 2341.30004882813
X Ve valid 1 0 0 0 0 0 0.0 64500.0 34000.0 2784.10009765625
X Ed valid 2 1 0 0 0 0 442.800048828125 64500.0 34000.0 2562.700073242193
X Ve valid 1 0 0 0 0 0 0.0 63700.0 34000.0 2784.10009765625
X Ed valid 2 1 0 0 0 0 800.0 64100.0 34000.0 2784.10009765625
X Ve valid 1 0 0 0 0 0 0.0 61200.0 34000.0 2784.10009765625
X Ed valid 2 1 0 0 0 0 2500.0 62450.0 34000.0 2784.10009765625
X Ve valid 1 0 0 0 0 0 0.0 61086.0 34000.0 2784.10009765625
X Ed valid 2 1 0 0 0 0 114.0 61143.0 34000.0 2784.10009765625
X Ve valid 1 0 0 0 0 0 0.0 58700.0 34000.0 2784.10009765625
X Ed valid 2 1 0 0 0 0 2386.0 59893.0 34000.0 2784.10009765625
X Ve valid 1 0 0 0 0 0 0.0 58700.0 34000.0 1.0
X Ed valid 2 1 0 0 0 0 2783.10009765625 58700.0 34000.0 1392.5500488281252
X Ve valid 1 0 0 0 0 0 0.0 64500.0 34000.0 2784.10009765625
X Ve valid 1 0 0 0 0 0 0.0 64594.0 34000.0 2784.10009765625
X Ed valid 2 1 0 0 0 0 94.0 64547.0 34000.0 2784.10009765625
X Ve valid 1 0 0 0 0 0 0.0 66200.0 34000.0 2784.10009765625
X Ed valid 2 1 0 0 0 0 1606.0 65397.0 34000.0 2784.10009765625
X Ve valid 1 0 0 0 0 0 0.0 66200.0 34000.0 1.0
X Ed valid 2 1 0 0 0 0 2783.10009765625 66200.0 34000.0 1392.5500488281252
X Ve valid 1 0 0 0 0 0 0.0 63700.0 34000.0 2784.10009765625
X Ve valid 1 0 0 0 0 0 0.0 63700.0 34000.0 1.0
X Ed valid 2 1 0 0 0 0 2783.10009765625 63700.0 34000.0 1392.5500488281252
X Ve valid 1 0 0 0 0 0 0.0 61200.0 34000.0 2784.10009765625
X Ve valid 1 0 0 0 0 0 0.0 61200.0 34000.0 1.0
X Ed valid 2 1 0 0 0 0 2783.10009765625 61200.0 34000.0 1392.5500488281252
X Ve valid 1 0 0 0 0 0 0.0 64500.0 31600.0 2341.30004882813
X Ve valid 1 0 0 0 0 0 0.0 64500.0 31600.0 2784.10009765625
X Ed valid 2 1 0 0 0 0 442.800048828125 64500.0 31600.0 2562.700073242193
X Ve valid 1 0 0 0 0 0 0.0 63700.0 31600.0 2784.10009765625
X Ed valid 2 1 0 0 0 0 800.0 64100.0 31600.0 2784.10009765625
X Ve valid 1 0 0 0 0 0 0.0 61200.0 31600.0 2784.10009765625
X Ed valid 2 1 0 0 0 0 2500.0 62450.0 31600.0 2784.10009765625
X Ve valid 1 0 0 0 0 0 0.0 61086.0 31600.0 2784.10009765625
X Ed valid 2 1 0 0 0 0 114.0 61143.0 31600.0 2784.10009765625
X Ve valid 1 0 0 0 0 0 0.0 58700.0 31600.0 2784.10009765625
X Ed valid 2 1 0 0 0 0 2386.0 59893.0 31600.0 2784.10009765625
X Ve valid 1 0 0 0 0 0 0.0 58700.0 31600.0 1.0
X Ed valid 2 1 0 0 0 0 2783.10009765625 58700.0 31600.0 1392.5500488281252
X Ve valid 1 0 0 0 0 0 0.0 64500.0 31600.0 2784.10009765625
X Ve valid 1 0 0 0 0 0 0.0 64594.0 31600.0 2784.10009765625
X Ed valid 2 1 0 0 0 0 94.0 64547.0 31600.0 2784.10009765625
X Ve valid 1 0 0 0 0 0 0.0 66200.0 31600.0 2784.10009765625
X Ed valid 2 1 0 0 0 0 1606.0 65397.0 31600.0 2784.10009765625
X Ve valid 1 0 0 0 0 0 0.0 66200.0 31600.0 1.0
X Ed valid 2 1 0 0 0 0 2783.10009765625 66200.0 31600.0 1392.5500488281252
X Ve valid 1 0 0 0 0 0 0.0 63700.0 31600.0 2784.10009765625
X Ve valid 1 0 0 0 0 0 0.0 63700.0 31600.0 1.0
X Ed valid 2 1 0 0 0 0 2783.10009765625 63700.0 31600.0 1392.5500488281252
X Ve valid 1 0 0 0 0 0 0.0 61200.0 31600.0 2784.10009765625
X Ve valid 1 0 0 0 0 0 0.0 61200.0 31600.0 1.0
X Ed valid 2 1 0 0 0 0 2783.10009765625 61200.0 31600.0 1392.5500488281252
X Ve valid 1 0 0 0 0 0 0.0 64500.0 29200.0 2341.30004882813
X Ve valid 1 0 0 0 0 0 0.0 64500.0 29200.0 2784.10009765625
X Ed valid 2 1 0 0 0 0 442.800048828125 64500.0 29200.0 2562.700073242193
X Ve valid 1 0 0 0 0 0 0.0 63700.0 29200.0 2784.10009765625
X Ed valid 2 1 0 0 0 0 800.0 64100.0 29200.0 2784.10009765625
X Ve valid 1 0 0 0 0 0 0.0 61200.0 29200.0 2784.10009765625
X Ed valid 2 1 0 0 0 0 2500.0 62450.0 29200.0 2784.10009765625
X Ve valid 1 0 0 0 0 0 0.0 61086.0 29200.0 2784.10009765625
X Ed valid 2 1 0 0 0 0 114.0 61143.0 29200.0 2784.10009765625
X Ve valid 1 0 0 0 0 0 0.0 58700.0 29200.0 2784.10009765625
X Ed valid 2 1 0 0 0 0 2386.0 59893.0 29200.0 2784.10009765625
X Ve valid 1 0 0 0 0 0 0.0 58700.0 29200.0 1.0
X Ed valid 2 1 0 0 0 0 2783.10009765625 58700.0 29200.0 1392.5500488281252
X Ve valid 1 0 0 0 0 0 0.0 64500.0 29200.0 2784.10009765625
X Ve valid 1 0 0 0 0 0 0.0 64594.0 29200.0 2784.10009765625
X Ed valid 2 1 0 0 0 0 94.0 64547.0 29200.0 2784.10009765625
X Ve valid 1 0 0 0 0 0 0.0 66200.0 29200.0 2784.10009765625
X Ed valid 2 1 0 0 0 0 1606.0 65397.0 29200.0 2784.10009765625
X Ve valid 1 0 0 0 0 0 0.0 66200.0 29200.0 1.0
X Ed valid 2 1 0 0 0 0 2783.10009765625 66200.0 29200.0 1392.5500488281252
X Ve valid 1 0 0 0 0 0 0.0 63700.0 29200.0 2784.10009765625
X Ve valid 1 0 0 0 0 0 0.0 63700.0 29200.0 1.0
X Ed valid 2 1 0 0 0 0 2783.10009765625 63700.0 29200.0 1392.5500488281252
X Ve valid 1 0 0 0 0 0 0.0 61200.0 29200.0 2784.10009765625
X Ve valid 1 0 0 0 0 0 0.0 61200.0 29200.0 1.0
X Ed valid 2 1 0 0 0 0 2783.10009765625 61200.0 29200.0 1392.5500488281252
X Ve valid 1 0 0 0 0 0 0.0 64500.0 26800.0 2341.30004882813
X Ve valid 1 0 0 0 0 0 0.0 64500.0 26800.0 2784.10009765625
X Ed valid 2 1 0 0 0 0 442.800048828125 64500.0 26800.0 2562.700073242193
X Ve valid 1 0 0 0 0 0 0.0 63700.0 26800.0 2784.10009765625
X Ed valid 2 1 0 0 0 0 800.0 64100.0 26800.0 2784.10009765625
X Ve valid 1 0 0 0 0 0 0.0 61200.0 26800.0 2784.10009765625
X Ed valid 2 1 0 0 0 0 2500.0 62450.0 26800.0 2784.10009765625
X Ve valid 1 0 0 0 0 0 0.0 61086.0 26800.0 2784.10009765625
X Ed valid 2 1 0 0 0 0 114.0 61143.0 26800.0 2784.10009765625
X Ve valid 1 0 0 0 0 0 0.0 58700.0 26800.0 2784.10009765625
X Ed valid 2 1 0 0 0 0 2386.0 59893.0 26800.0 2784.10009765625
X Ve valid 1 0 0 0 0 0 0.0 58700.0 26800.0 1.0
X Ed valid 2 1 0 0 0 0 2783.10009765625 58700.0 26800.0 1392.5500488281252
X Ve valid 1 0 0 0 0 0 0.0 64500.0 26800.0 2784.10009765625
X Ve valid 1 0 0 0 0 0 0.0 64594.0 26800.0 2784.10009765625
X Ed valid 2 1 0 0 0 0 94.0 64547.0 26800.0 2784.10009765625
X Ve valid 1 0 0 0 0 0 0.0 66200.0 26800.0 2784.10009765625
X Ed valid 2 1 0 0 0 0 1606.0 65397.0 26800.0 2784.10009765625
X Ve valid 1 0 0 0 0 0 0.0 66200.0 26800.0 1.0
X Ed valid 2 1 0 0 0 0 2783.10009765625 66200.0 26800.0 1392.5500488281252
X Ve valid 1 0 0 0 0 0 0.0 63700.0 26800.0 2784.10009765625
X Ve valid 1 0 0 0 0 0 0.0 63700.0 26800.0 1.0
X Ed valid 2 1 0 0 0 0 2783.10009765625 63700.0 26800.0 1392.5500488281252
X Ve valid 1 0 0 0 0 0 0.0 61200.0 26800.0 2784.10009765625
X Ve valid 1 0 0 0 0 0 0.0 61200.0 26800.0 1.0
X Ed valid 2 1 0 0 0 0 2783.10009765625 61200.0 26800.0 1392.5500488281252
X Ve valid 1 0 0 0 0 0 0.0 64500.0 24400.0 2341.30004882813
X Ve valid 1 0 0 0 0 0 0.0 64500.0 24400.0 2784.10009765625
X Ed valid 2 1 0 0 0 0 442.800048828125 64500.0 24400.0 2562.700073242193
X Ve valid 1 0 0 0 0 0 0.0 63700.0 24400.0 2784.10009765625
X Ed valid 2 1 0 0 0 0 800.0 64100.0 24400.0 2784.10009765625
X Ve valid 1 0 0 0 0 0 0.0 61200.0 24400.0 2784.10009765625
X Ed valid 2 1 0 0 0 0 2500.0 62450.0 24400.0 2784.10009765625
X Ve valid 1 0 0 0 0 0 0.0 61086.0 24400.0 2784.10009765625
X Ed valid 2 1 0 0 0 0 114.0 61143.0 24400.0 2784.10009765625
X Ve valid 1 0 0 0 0 0 0.0 58700.0 24400.0 2784.10009765625
X Ed valid 2 1 0 0 0 0 2386.0 59893.0 24400.0 2784.10009765625
X Ve valid 1 0 0 0 0 0 0.0 58700.0 24400.0 1.0
X Ed valid 2 1 0 0 0 0 2783.10009765625 58700.0 24400.0 1392.5500488281252
X Ve valid 1 0 0 0 0 0 0.0 64500.0 24400.0 2784.10009765625
X Ve valid 1 0 0 0 0 0 0.0 64594.0 24400.0 2784.10009765625
X Ed valid 2 1 0 0 0 0 94.0 64547.0 24400.0 2784.10009765625
X Ve valid 1 0 0 0 0 0 0.0 66200.0 24400.0 2784.10009765625
X Ed valid 2 1 0 0 0 0 1606.0 65397.0 24400.0 2784.10009765625
X Ve valid 1 0 0 0 0 0 0.0 66200.0 24400.0 1.0
X Ed valid 2 1 0 0 0 0 2783.10009765625 66200.0 24400.0 1392.5500488281252
X Ve valid 1 0 0 0 0 0 0.0 63700.0 24400.0 2784.10009765625
X Ve valid 1 0 0 0 0 0 0.0 63700.0 24400.0 1.0
X Ed valid 2 1 0 0 0 0 2783.10009765625 63700.0 24400.0 1392.5500488281252
X Ve valid 1 0 0 0 0 0 0.0 61200.0 24400.0 2784.10009765625
X Ve valid 1 0 0 0 0 0 0.0 61200.0 24400.0 1.0
X Ed valid 2 1 0 0 0 0 2783.10009765625 61200.0 24400.0 1392.5500488281252
X Ve valid 1 0 0 0 0 0 0.0 64500.0 22000.0 2341.30004882813
X Ve valid 1 0 0 0 0 0 0.0 64500.0 22000.0 2784.10009765625
X Ed valid 2 1 0 0 0 0 442.800048828125 64500.0 22000.0 2562.700073242193
X Ve valid 1 0 0 0 0 0 0.0 63700.0 22000.0 2784.10009765625
X Ed valid 2 1 0 0 0 0 800.0 64100.0 22000.0 2784.10009765625
X Ve valid 1 0 0 0 0 0 0.0 61200.0 22000.0 2784.10009765625
X Ed valid 2 1 0 0 0 0 2500.0 62450.0 22000.0 2784.10009765625
X Ve valid 1 0 0 0 0 0 0.0 61086.0 22000.0 2784.10009765625
X Ed valid 2 1 0 0 0 0 114.0 61143.0 22000.0 2784.10009765625
X Ve valid 1 0 0 0 0 0 0.0 58700.0 22000.0 2784.10009765625
X Ed valid 2 1 0 0 0 0 2386.0 59893.0 22000.0 2784.10009765625
X Ve valid 1 0 0 0 0 0 0.0 58700.0 22000.0 1.0
X Ed valid 2 1 0 0 0 0 2783.10009765625 58700.0 22000.0 1392.5500488281252
X Ve valid 1 0 0 0 0 0 0.0 64500.0 22000.0 2784.10009765625
X Ve valid 1 0 0 0 0 0 0.0 64594.0 22000.0 2784.10009765625
X Ed valid 2 1 0 0 0 0 94.0 64547.0 22000.0 2784.10009765625
X Ve valid 1 0 0 0 0 0 0.0 66200.0 22000.0 2784.10009765625
X Ed valid 2 1 0 0 0 0 1606.0 65397.0 22000.0 2784.10009765625
X Ve valid 1 0 0 0 0 0 0.0 66200.0 22000.0 1.0
X Ed valid 2 1 0 0 0 0 2783.10009765625 66200.0 22000.0 1392.5500488281252
X Ve valid 1 0 0 0 0 0 0.0 63700.0 22000.0 2784.10009765625
X Ve valid 1 0 0 0 0 0 0.0 63700.0 22000.0 1.0
X Ed valid 2 1 0 0 0 0 2783.10009765625 63700.0 22000.0 1392.5500488281252
X Ve valid 1 0 0 0 0 0 0.0 61200.0 22000.0 2784.10009765625
X Ve valid 1 0 0 0 0 0 0.0 61200.0 22000.0 1.0
X Ed valid 2 1 0 0 0 0 2783.10009765625 61200.0 22000.0 1392.5500488281252
X Ve valid 1 0 0 0 0 0 0.0 64500.0 19600.0 2341.30004882813
X Ve valid 1 0 0 0 0 0 0.0 64500.0 19600.0 2784.10009765625
X Ed valid 2 1 0 0 0 0 442.800048828125 64500.0 19600.0 2562.700073242193
X Ve valid 1 0 0 0 0 0 0.0 63700.0 19600.0 2784.10009765625
X Ed valid 2 1 0 0 0 0 800.0 64100.0 19600.0 2784.10009765625
X Ve valid 1 0 0 0 0 0 0.0 61200.0 19600.0 2784.10009765625
X Ed valid 2 1 0 0 0 0 2500.0 62450.0 19600.0 2784.10009765625
X Ve valid 1 0 0 0 0 0 0.0 61086.0 19600.0 2784.10009765625
X Ed valid 2 1 0 0 0 0 114.0 61143.0 19600.0 2784.10009765625
X Ve valid 1 0 0 0 0 0 0.0 58700.0 19600.0 2784.10009765625
X Ed valid 2 1 0 0 0 0 2386.0 59893.0 19600.0 2784.10009765625
X Ve valid 1 0 0 0 0 0 0.0 58700.0 19600.0 1.0
X Ed valid 2 1 0 0 0 0 2783.10009765625 58700.0 19600.0 1392.5500488281252
X Ve valid 1 0 0 0 0 0 0.0 64500.0 19600.0 2784.10009765625
X Ve valid 1 0 0 0 0 0 0.0 64594.0 19600.0 2784.10009765625
X Ed valid 2 1 0 0 0 0 94.0 64547.0 19600.0 2784.10009765625
X Ve valid 1 0 0 0 0 0 0.0 66200.0 19600.0 2784.10009765625
X Ed valid 2 1 0 0 0 0 1606.0 65397.0 19600.0 2784.10009765625
X Ve valid 1 0 0 0 0 0 0.0 66200.0 19600.0 1.0
X Ed valid 2 1 0 0 0 0 2783.10009765625 66200.0 19600.0 1392.5500488281252
X Ve valid 1 0 0 0 0 0 0.0 63700.0 19600.0 2784.10009765625
X Ve valid 1 0 0 0 0 0 0.0 63700.0 19600.0 1.0
X Ed valid 2 1 0 0 0 0 2783.10009765625 63700.0 19600.0 1392.5500488281252
X Ve valid 1 0 0 0 0 0 0.0 61200.0 19600.0 2784.10009765625
X Ve valid 1 0 0 0 0 0 0.0 61200.0 19600.0 1.0
X Ed valid 2 1 0 0 0 0 2783.10009765625 61200.0 19600.0 1392.5500488281252
X Ve valid 1 0 0 0 0 0 0.0 61000.0 35700.0 6109.5
X Ve valid 1 0 0 0 0 0 0.0 61000.0 35700.0 1.0
X Ed valid 2 1 0 0 0 0 6108.5 61000.0 35700.0 3055.25
X Ve valid 1 0 0 0 0 0 0.0 61500.0 35700.0 5609.5
X Ve valid 1 0 0 0 0 0 0.0 61500.0 35700.0 6109.5
X Ed valid 2 1 0 0 0 0 500.0 61500.0 35700.0 5859.5
X Ve valid 1 0 0 0 0 0 0.0 61000.0 35700.0 6109.5
X Ed valid 2 1 0 0 0 0 500.0 61250.0 35700.0 6109.5
X Ve valid 1 0 0 0 0 0 0.0 60885.8984375 35700.0 6109.5
X Ed valid 2 1 0 0 0 0 114.1015625 60942.94921875 35700.0 6109.5
X Ve valid 1 0 0 0 0 0 0.0 58700.0 35700.0 6109.5
X Ed valid 2 1 0 0 0 0 2185.8984375 59792.94921875 35700.0 6109.5
X Ve valid 1 0 0 0 0 0 0.0 58700.0 35700.0 1.0
X Ed valid 2 1 0 0 0 0 6108.5 58700.0 35700.0 3055.25
X Ve valid 1 0 0 0 0 0 0.0 61500.0 35700.0 6109.5
X Ve valid 1 0 0 0 0 0 0.0 61594.1015625 35700.0 6109.5
X Ed valid 2 1 0 0 0 0 94.1015625 61547.05078125 35700.0 6109.5
X Ve valid 1 0 0 0 0 0 0.0 63300.0 35700.0 6109.5
X Ed valid 2 1 0 0 0 0 1705.8984375 62447.05078125 35700.0 6109.5
X Ve valid 1 0 0 0 0 0 0.0 63300.0 35700.0 1.0
X Ed valid 2 1 0 0 0 0 6108.5 63300.0 35700.0 3055.25
X Ve valid 1 0 0 0 0 0 0.0 61500.0 33100.0 5666.7001953125
X Ve valid 1 0 0 0 0 0 0.0 61500.0 33100.0 6109.5
X Ed valid 2 1 0 0 0 0 442.7998046875 61500.0 33100.0 5888.10009765625
X Ve valid 1 0 0 0 0 0 0.0 61000.0 33100.0 6109.5
X Ed valid 2 1 0 0 0 0 500.0 61250.0 33100.0 6109.5
X Ve valid 1 0 0 0 0 0 0.0 60885.8984375 33100.0 6109.5
X Ed valid 2 1 0 0 0 0 114.1015625 60942.94921875 33100.0 6109.5
X Ve valid 1 0 0 0 0 0 0.0 58700.0 33100.0 6109.5
X Ed valid 2 1 0 0 0 0 2185.8984375 59792.94921875 33100.0 6109.5
X Ve valid 1 0 0 0 0 0 0.0 58700.0 33100.0 1.0
X Ed valid 2 1 0 0 0 0 6108.5 58700.0 33100.0 3055.25
X Ve valid 1 0 0 0 0 0 0.0 61500.0 33100.0 6109.5
X Ve valid 1 0 0 0 0 0 0.0 61594.1015625 33100.0 6109.5
X Ed valid 2 1 0 0 0 0 94.1015625 61547.05078125 33100.0 6109.5
X Ve valid 1 0 0 0 0 0 0.0 63300.0 33100.0 6109.5
X Ed valid 2 1 0 0 0 0 1705.8984375 62447.05078125 33100.0 6109.5
X Ve valid 1 0 0 0 0 0 0.0 63300.0 33100.0 1.0
X Ed valid 2 1 0 0 0 0 6108.5 63300.0 33100.0 3055.25
X Ve valid 1 0 0 0 0 0 0.0 61000.0 33100.0 6109.5
X Ve valid 1 0 0 0 0 0 0.0 61000.0 33100.0 1.0
X Ed valid 2 1 0 0 0 0 6108.5 61000.0 33100.0 3055.25
X Ve valid 1 0 0 0 0 0 0.0 61500.0 30500.0 5666.7001953125
X Ve valid 1 0 0 0 0 0 0.0 61500.0 30500.0 6109.5
X Ed valid 2 1 0 0 0 0 442.7998046875 61500.0 30500.0 5888.10009765625
X Ve valid 1 0 0 0 0 0 0.0 61000.0 30500.0 6109.5
X Ed valid 2 1 0 0 0 0 500.0 61250.0 30500.0 6109.5
X Ve valid 1 0 0 0 0 0 0.0 60885.8984375 30500.0 6109.5
X Ed valid 2 1 0 0 0 0 114.1015625 60942.94921875 30500.0 6109.5
X Ve valid 1 0 0 0 0 0 0.0 58700.0 30500.0 6109.5
X Ed valid 2 1 0 0 0 0 2185.8984375 59792.94921875 30500.0 6109.5
X Ve valid 1 0 0 0 0 0 0.0 58700.0 30500.0 1.0
X Ed valid 2 1 0 0 0 0 6108.5 58700.0 30500.0 3055.25
X Ve valid 1 0 0 0 0 0 0.0 61500.0 30500.0 6109.5
X Ve valid 1 0 0 0 0 0 0.0 61594.1015625 30500.0 6109.5
X Ed valid 2 1 0 0 0 0 94.1015625 61547.05078125 30500.0 6109.5
X Ve valid 1 0 0 0 0 0 0.0 63300.0 30500.0 6109.5
X Ed valid 2 1 0 0 0 0 1705.8984375 62447.05078125 30500.0 6109.5
X Ve valid 1 0 0 0 0 0 0.0 63300.0 30500.0 1.0
X Ed valid 2 1 0 0 0 0 6108.5 63300.0 30500.0 3055.25
X Ve valid 1 0 0 0 0 0 0.0 61000.0 30500.0 6109.5
X Ve valid 1 0 0 0 0 0 0.0 61000.0 30500.0 1.0
X Ed valid 2 1 0 0 0 0 6108.5 61000.0 30500.0 3055.25
X Ve valid 1 0 0 0 0 0 0.0 61500.0 27900.0 5666.7001953125
X Ve valid 1 0 0 0 0 0 0.0 61500.0 27900.0 6109.5
X Ed valid 2 1 0 0 0 0 442.7998046875 61500.0 27900.0 5888.10009765625
X Ve valid 1 0 0 0 0 0 0.0 61000.0 27900.0 6109.5
X Ed valid 2 1 0 0 0 0 500.0 61250.0 27900.0 6109.5
X Ve valid 1 0 0 0 0 0 0.0 60885.8984375 27900.0 6109.5
X Ed valid 2 1 0 0 0 0 114.1015625 60942.94921875 27900.0 6109.5
X Ve valid 1 0 0 0 0 0 0.0 58700.0 27900.0 6109.5
X Ed valid 2 1 0 0 0 0 2185.8984375 59792.94921875 27900.0 6109.5
X Ve valid 1 0 0 0 0 0 0.0 58700.0 27900.0 1.0
X Ed valid 2 1 0 0 0 0 6108.5 58700.0 27900.0 3055.25
X Ve valid 1 0 0 0 0 0 0.0 61500.0 27900.0 6109.5
X Ve valid 1 0 0 0 0 0 0.0 61594.1015625 27900.0 6109.5
X Ed valid 2 1 0 0 0 0 94.1015625 61547.05078125 27900.0 6109.5
X Ve valid 1 0 0 0 0 0 0.0 63300.0 27900.0 6109.5
X Ed valid 2 1 0 0 0 0 1705.8984375 62447.05078125 27900.0 6109.5
X Ve valid 1 0 0 0 0 0 0.0 63300.0 27900.0 1.0
X Ed valid 2 1 0 0 0 0 6108.5 63300.0 27900.0 3055.25
X Ve valid 1 0 0 0 0 0 0.0 61000.0 27900.0 6109.5
X Ve valid 1 0 0 0 0 0 0.0 61000.0 27900.0 1.0
X Ed valid 2 1 0 0 0 0 6108.5 61000.0 27900.0 3055.25
X Ve valid 1 0 0 0 0 0 0.0 61500.0 25300.0 5666.7001953125
X Ve valid 1 0 0 0 0 0 0.0 61500.0 25300.0 6109.5
X Ed valid 2 1 0 0 0 0 442.7998046875 61500.0 25300.0 5888.10009765625
X Ve valid 1 0 0 0 0 0 0.0 61000.0 25300.0 6109.5
X Ed valid 2 1 0 0 0 0 500.0 61250.0 25300.0 6109.5
X Ve valid 1 0 0 0 0 0 0.0 60885.8984375 25300.0 6109.5
X Ed valid 2 1 0 0 0 0 114.1015625 60942.94921875 25300.0 6109.5
X Ve valid 1 0 0 0 0 0 0.0 58700.0 25300.0 6109.5
X Ed valid 2 1 0 0 0 0 2185.8984375 59792.94921875 25300.0 6109.5
X Ve valid 1 0 0 0 0 0 0.0 58700.0 25300.0 1.0
X Ed valid 2 1 0 0 0 0 6108.5 58700.0 25300.0 3055.25
X Ve valid 1 0 0 0 0 0 0.0 61500.0 25300.0 6109.5
X Ve valid 1 0 0 0 0 0 0.0 61594.1015625 25300.0 6109.5
X Ed valid 2 1 0 0 0 0 94.1015625 61547.05078125 25300.0 6109.5
X Ve valid 1 0 0 0 0 0 0.0 63300.0 25300.0 6109.5
X Ed valid 2 1 0 0 0 0 1705.8984375 62447.05078125 25300.0 6109.5
X Ve valid 1 0 0 0 0 0 0.0 63300.0 25300.0 1.0
X Ed valid 2 1 0 0 0 0 6108.5 63300.0 25300.0 3055.25
X Ve valid 1 0 0 0 0 0 0.0 61000.0 25300.0 6109.5
X Ve valid 1 0 0 0 0 0 0.0 61000.0 25300.0 1.0
X Ed valid 2 1 0 0 0 0 6108.5 61000.0 25300.0 3055.25
X Ve valid 1 0 0 0 0 0 0.0 61500.0 22700.0 5666.7001953125
X Ve valid 1 0 0 0 0 0 0.0 61500.0 22700.0 6109.5
X Ed valid 2 1 0 0 0 0 442.7998046875 61500.0 22700.0 5888.10009765625
X Ve valid 1 0 0 0 0 0 0.0 61000.0 22700.0 6109.5
X Ed valid 2 1 0 0 0 0 500.0 61250.0 22700.0 6109.5
X Ve valid 1 0 0 0 0 0 0.0 60885.8984375 22700.0 6109.5
X Ed valid 2 1 0 0 0 0 114.1015625 60942.94921875 22700.0 6109.5
X Ve valid 1 0 0 0 0 0 0.0 58700.0 22700.0 6109.5
X Ed valid 2 1 0 0 0 0 2185.8984375 59792.94921875 22700.0 6109.5
X Ve valid 1 0 0 0 0 0 0.0 58700.0 22700.0 1.0
X Ed valid 2 1 0 0 0 0 6108.5 58700.0 22700.0 3055.25
X Ve valid 1 0 0 0 0 0 0.0 61500.0 22700.0 6109.5
X Ve valid 1 0 0 0 0 0 0.0 61594.1015625 22700.0 6109.5
X Ed valid 2 1 0 0 0 0 94.1015625 61547.05078125 22700.0 6109.5
X Ve valid 1 0 0 0 0 0 0.0 63300.0 22700.0 6109.5
X Ed valid 2 1 0 0 0 0 1705.8984375 62447.05078125 22700.0 6109.5
X Ve valid 1 0 0 0 0 0 0.0 63300.0 22700.0 1.0
X Ed valid 2 1 0 0 0 0 6108.5 63300.0 22700.0 3055.25
X Ve valid 1 0 0 0 0 0 0.0 61000.0 22700.0 6109.5
X Ve valid 1 0 0 0 0 0 0.0 61000.0 22700.0 1.0
X Ed valid 2 1 0 0 0 0 6108.5 61000.0 22700.0 3055.25
X Ve valid 1 0 0 0 0 0 0.0 61500.0 20100.0 5666.7001953125
X Ve valid 1 0 0 0 0 0 0.0 61500.0 20100.0 6109.5
X Ed valid 2 1 0 0 0 0 442.7998046875 61500.0 20100.0 5888.10009765625
X Ve valid 1 0 0 0 0 0 0.0 61000.0 20100.0 6109.5
X Ed valid 2 1 0 0 0 0 500.0 61250.0 20100.0 6109.5
X Ve valid 1 0 0 0 0 0 0.0 60885.8984375 20100.0 6109.5
X Ed valid 2 1 0 0 0 0 114.1015625 60942.94921875 20100.0 6109.5
X Ve valid 1 0 0 0 0 0 0.0 58700.0 20100.0 6109.5
X Ed valid 2 1 0 0 0 0 2185.8984375 59792.94921875 20100.0 6109.5
X Ve valid 1 0 0 0 0 0 0.0 58700.0 20100.0 1.0
X Ed valid 2 1 0 0 0 0 6108.5 58700.0 20100.0 3055.25
X Ve valid 1 0 0 0 0 0 0.0 61500.0 20100.0 6109.5
X Ve valid 1 0 0 0 0 0 0.0 61594.1015625 20100.0 6109.5
X Ed valid 2 1 0 0 0 0 94.1015625 61547.05078125 20100.0 6109.5
X Ve valid 1 0 0 0 0 0 0.0 63300.0 20100.0 6109.5
X Ed valid 2 1 0 0 0 0 1705.8984375 62447.05078125 20100.0 6109.5
X Ve valid 1 0 0 0 0 0 0.0 63300.0 20100.0 1.0
X Ed valid 2 1 0 0 0 0 6108.5 63300.0 20100.0 3055.25
X Ve valid 1 0 0 0 0 0 0.0 61000.0 20100.0 6109.5
X Ve valid 1 0 0 0 0 0 0.0 61000.0 20100.0 1.0
X Ed valid 2 1 0 0 0 0 6108.5 61000.0 20100.0 3055.25
X Ve valid 1 0 0 0 0 0 0.0 61500.0 21500.0 5552.39990234375
X Ve valid 1 0 0 0 0 0 0.0 61500.0 21500.0 5100.0
X Ed valid 2 1 0 0 0 0 452.39990234375 61500.0 21500.0 5326.199951171875
X Ve valid 1 0 0 0 0 0 0.0 59700.0 21500.0 5100.0
X Ed valid 2 1 0 0 0 0 1800.0 60600.0 21500.0 5100.0
X Ve valid 1 0 0 0 0 0 0.0 59700.0 21385.900390625 5100.0
X Ed valid 2 1 0 0 0 0 114.099609375 59700.0 21442.9501953125 5100.0
X Ve valid 1 0 0 0 0 0 0.0 59700.0 20243.0 5100.0
X Ed valid 2 1 0 0 0 0 1142.900390625 59700.0 20814.4501953125 5100.0
X Ve valid 1 0 0 0 0 0 0.0 59000.0 20243.0 5100.0
X Ed valid 2 1 0 0 0 0 700.0 59350.0 20243.0 5100.0
X Ve valid 1 0 0 0 0 0 0.0 59000.0 20443.0 -0.707109987735748
X Ed valid 2 1 0 0 0 0 5104.62662903757 59000.00000000001 20343.0 2549.6464450061308
X Ve valid 1 0 0 0 0 0 0.0 59700.0 21500.0 5100.0
X Ve valid 1 0 0 0 0 0 0.0 59700.0 21594.099609375 5100.0
X Ed valid 2 1 0 0 0 0 94.099609375 59700.0 21547.0498046875 5100.0
X Ve valid 1 0 0 0 0 0 0.0 59700.0 22757.0 5100.0
X Ed valid 2 1 0 0 0 0 1162.900390625 59700.0 22175.5498046875 5100.0
X Ve valid 1 0 0 0 0 0 0.0 59000.0 22757.0 5100.0
X Ed valid 2 1 0 0 0 0 700.0 59350.0 22757.0 5100.0
X Ve valid 1 0 0 0 0 0 0.0 59000.0 22557.0 -0.707109987735748
X Ed valid 2 1 0 0 0 0 5104.62662903757 59000.00000000001 22657.0 2549.6464450061308
X Ve valid 1 0 0 0 0 0 0.0 61500.0 31712.0 5552.39990234375
X Ve valid 1 0 0 0 0 0 0.0 61500.0 31712.0 4800.0
X Ed valid 2 1 0 0 0 0 752.39990234375 61500.0 31712.0 5176.199951171875
X Ve valid 1 0 0 0 0 0 0.0 61500.0 31512.0 4800.0
X Ed valid 2 1 0 0 0 0 200.0 61500.0 31612.0 4800.0
X Ve valid 1 0 0 0 0 0 0.0 61500.0 31312.0 -0.707109987735748
X Ed valid 2 1 0 0 0 0 4804.87135685096 61500.0 31411.999999999996 2399.646445006132
X Ve valid 1 0 0 0 0 0 0.0 61500.0 28288.0 5552.39990234375
X Ve valid 1 0 0 0 0 0 0.0 61500.0 28288.0 4800.0
X Ed valid 2 1 0 0 0 0 752.39990234375 61500.0 28288.0 5176.199951171875
X Ve valid 1 0 0 0 0 0 0.0 61500.0 28488.0 4800.0
X Ed valid 2 1 0 0 0 0 200.0 61500.0 28388.0 4800.0
X Ve valid 1 0 0 0 0 0 0.0 61500.0 28688.0 -0.707109987735748
X Ed valid 2 1 0 0 0 0 4804.87135685096 61500.0 28587.999999999996 2399.646445006132
X Ve valid 1 0 0 0 0 0 0.0 61200.0 36200.0 11084.2001953125
X Ve valid 1 0 0 0 0 0 0.0 61200.0 36200.0 1.0
X Ed valid 2 1 0 0 0 0 11083.2001953125 61200.0 36200.0 5542.60009765625
X Ve valid 1 0 0 0 0 0 0.0 63700.0 36200.0 11084.2001953125
X Ve valid 1 0 0 0 0 0 0.0 63700.0 36200.0 1.0
X Ed valid 2 1 0 0 0 0 11083.2001953125 63700.0 36200.0 5542.60009765625
X Ve valid 1 0 0 0 0 0 0.0 61500.0 36200.0 11084.2001953125
X Ve valid 1 0 0 0 0 0 0.0 63700.0 36200.0 11084.2001953125
X Ed valid 2 1 0 0 0 0 2200.0 62600.0 36200.0 11084.2001953125
X Ve valid 1 0 0 0 0 0 0.0 63814.1015625 36200.0 11084.2001953125
X Ed valid 2 1 0 0 0 0 114.1015625 63757.05078125 36200.0 11084.2001953125
X Ve valid 1 0 0 0 0 0 0.0 66200.0 36200.0 11084.2001953125
X Ed valid 2 1 0 0 0 0 2385.8984375 65007.05078125 36200.0 11084.2001953125
X Ve valid 1 0 0 0 0 0 0.0 66200.0 36200.0 1.0
X Ed valid 2 1 0 0 0 0 11083.2001953125 66200.0 36200.0 5542.60009765625
X Ve valid 1 0 0 0 0 0 0.0 61500.0 36200.0 10668.2998046875
X Ve valid 1 0 0 0 0 0 0.0 61500.0 36200.0 11084.2001953125
X Ed valid 2 1 0 0 0 0 415.900390625 61500.0 36200.0 10876.25
X Ve valid 1 0 0 0 0 0 0.0 61200.0 36200.0 11084.2001953125
X Ed valid 2 1 0 0 0 0 300.0 61350.0 36200.0 11084.2001953125
X Ve valid 1 0 0 0 0 0 0.0 61085.8984375 36200.0 11084.2001953125
X Ed valid 2 1 0 0 0 0 114.1015625 61142.94921875 36200.0 11084.2001953125
X Ve valid 1 0 0 0 0 0 0.0 58700.0 36200.0 11084.2001953125
X Ed valid 2 1 0 0 0 0 2385.8984375 59892.94921875 36200.0 11084.2001953125
X Ve valid 1 0 0 0 0 0 0.0 58700.0 36200.0 1.0
X Ed valid 2 1 0 0 0 0 11083.2001953125 58700.0 36200.0 5542.60009765625
X Ve valid 1 0 0 0 0 0 0.0 61500.0 33900.0 10668.2998046875
X Ve valid 1 0 0 0 0 0 0.0 61500.0 33900.0 11084.2001953125
X Ed valid 2 1 0 0 0 0 415.900390625 61500.0 33900.0 10876.25
X Ve valid 1 0 0 0 0 0 0.0 61200.0 33900.0 11084.2001953125
X Ed valid 2 1 0 0 0 0 300.0 61350.0 33900.0 11084.2001953125
X Ve valid 1 0 0 0 0 0 0.0 61085.8984375 33900.0 11084.2001953125
X Ed valid 2 1 0 0 0 0 114.1015625 61142.94921875 33900.0 11084.2001953125
X Ve valid 1 0 0 0 0 0 0.0 58700.0 33900.0 11084.2001953125
X Ed valid 2 1 0 0 0 0 2385.8984375 59892.94921875 33900.0 11084.2001953125
X Ve valid 1 0 0 0 0 0 0.0 58700.0 33900.0 1.0
X Ed valid 2 1 0 0 0 0 11083.2001953125 58700.0 33900.0 5542.60009765625
X Ve valid 1 0 0 0 0 0 0.0 63700.0 33900.0 11084.2001953125
X Ve valid 1 0 0 0 0 0 0.0 63700.0 33900.0 1.0
X Ed valid 2 1 0 0 0 0 11083.2001953125 63700.0 33900.0 5542.60009765625
X Ve valid 1 0 0 0 0 0 0.0 61500.0 33900.0 11084.2001953125
X Ve valid 1 0 0 0 0 0 0.0 63700.0 33900.0 11084.2001953125
X Ed valid 2 1 0 0 0 0 2200.0 62600.0 33900.0 11084.2001953125
X Ve valid 1 0 0 0 0 0 0.0 63814.1015625 33900.0 11084.2001953125
X Ed valid 2 1 0 0 0 0 114.1015625 63757.05078125 33900.0 11084.2001953125
X Ve valid 1 0 0 0 0 0 0.0 66200.0 33900.0 11084.2001953125
X Ed valid 2 1 0 0 0 0 2385.8984375 65007.05078125 33900.0 11084.2001953125
X Ve valid 1 0 0 0 0 0 0.0 66200.0 33900.0 1.0
X Ed valid 2 1 0 0 0 0 11083.2001953125 66200.0 33900.0 5542.60009765625
X Ve valid 1 0 0 0 0 0 0.0 61200.0 33900.0 11084.2001953125
X Ve valid 1 0 0 0 0 0 0.0 61200.0 33900.0 1.0
X Ed valid 2 1 0 0 0 0 11083.2001953125 61200.0 33900.0 5542.60009765625
X Ve valid 1 0 0 0 0 0 0.0 61500.0 31600.0 10668.2998046875
X Ve valid 1 0 0 0 0 0 0.0 61500.0 31600.0 11084.2001953125
X Ed valid 2 1 0 0 0 0 415.900390625 61500.0 31600.0 10876.25
X Ve valid 1 0 0 0 0 0 0.0 61200.0 31600.0 11084.2001953125
X Ed valid 2 1 0 0 0 0 300.0 61350.0 31600.0 11084.2001953125
X Ve valid 1 0 0 0 0 0 0.0 61085.8984375 31600.0 11084.2001953125
X Ed valid 2 1 0 0 0 0 114.1015625 61142.94921875 31600.0 11084.2001953125
X Ve valid 1 0 0 0 0 0 0.0 58700.0 31600.0 11084.2001953125
X Ed valid 2 1 0 0 0 0 2385.8984375 59892.94921875 31600.0 11084.2001953125
X Ve valid 1 0 0 0 0 0 0.0 58700.0 31600.0 1.0
X Ed valid 2 1 0 0 0 0 11083.2001953125 58700.0 31600.0 5542.60009765625
X Ve valid 1 0 0 0 0 0 0.0 63700.0 31600.0 11084.2001953125
X Ve valid 1 0 0 0 0 0 0.0 63700.0 31600.0 1.0
X Ed valid 2 1 0 0 0 0 11083.2001953125 63700.0 31600.0 5542.60009765625
X Ve valid 1 0 0 0 0 0 0.0 61500.0 31600.0 11084.2001953125
X Ve valid 1 0 0 0 0 0 0.0 63700.0 31600.0 11084.2001953125
X Ed valid 2 1 0 0 0 0 2200.0 62600.0 31600.0 11084.2001953125
X Ve valid 1 0 0 0 0 0 0.0 63814.1015625 31600.0 11084.2001953125
X Ed valid 2 1 0 0 0 0 114.1015625 63757.05078125 31600.0 11084.2001953125
X Ve valid 1 0 0 0 0 0 0.0 66200.0 31600.0 11084.2001953125
X Ed valid 2 1 0 0 0 0 2385.8984375 65007.05078125 31600.0 11084.2001953125
X Ve valid 1 0 0 0 0 0 0.0 66200.0 31600.0 1.0
X Ed valid 2 1 0 0 0 0 11083.2001953125 66200.0 31600.0 5542.60009765625
X Ve valid 1 0 0 0 0 0 0.0 61200.0 31600.0 11084.2001953125
X Ve valid 1 0 0 0 0 0 0.0 61200.0 31600.0 1.0
X Ed valid 2 1 0 0 0 0 11083.2001953125 61200.0 31600.0 5542.60009765625
X Ve valid 1 0 0 0 0 0 0.0 61500.0 29300.0 10668.2998046875
X Ve valid 1 0 0 0 0 0 0.0 61500.0 29300.0 11084.2001953125
X Ed valid 2 1 0 0 0 0 415.900390625 61500.0 29300.0 10876.25
X Ve valid 1 0 0 0 0 0 0.0 61200.0 29300.0 11084.2001953125
X Ed valid 2 1 0 0 0 0 300.0 61350.0 29300.0 11084.2001953125
X Ve valid 1 0 0 0 0 0 0.0 61085.8984375 29300.0 11084.2001953125
X Ed valid 2 1 0 0 0 0 114.1015625 61142.94921875 29300.0 11084.2001953125
X Ve valid 1 0 0 0 0 0 0.0 58700.0 29300.0 11084.2001953125
X Ed valid 2 1 0 0 0 0 2385.8984375 59892.94921875 29300.0 11084.2001953125
X Ve valid 1 0 0 0 0 0 0.0 58700.0 29300.0 1.0
X Ed valid 2 1 0 0 0 0 11083.2001953125 58700.0 29300.0 5542.60009765625
X Ve valid 1 0 0 0 0 0 0.0 61200.0 29300.0 11084.2001953125
X Ve valid 1 0 0 0 0 0 0.0 61200.0 29300.0 1.0
X Ed valid 2 1 0 0 0 0 11083.2001953125 61200.0 29300.0 5542.60009765625
X Ve valid 1 0 0 0 0 0 0.0 61500.0 27000.0 10584.2001953125
X Ve valid 1 0 0 0 0 0 0.0 61500.0 27000.0 11084.2001953125
X Ed valid 2 1 0 0 0 0 500.0 61500.0 27000.0 10834.2001953125
X Ve valid 1 0 0 0 0 0 0.0 61200.0 27000.0 11084.2001953125
X Ed valid 2 1 0 0 0 0 300.0 61350.0 27000.0 11084.2001953125
X Ve valid 1 0 0 0 0 0 0.0 61085.8984375 27000.0 11084.2001953125
X Ed valid 2 1 0 0 0 0 114.1015625 61142.94921875 27000.0 11084.2001953125
X Ve valid 1 0 0 0 0 0 0.0 58700.0 27000.0 11084.2001953125
X Ed valid 2 1 0 0 0 0 2385.8984375 59892.94921875 27000.0 11084.2001953125
X Ve valid 1 0 0 0 0 0 0.0 58700.0 27000.0 1.0
X Ed valid 2 1 0 0 0 0 11083.2001953125 58700.0 27000.0 5542.60009765625
X Ve valid 1 0 0 0 0 0 0.0 61200.0 27000.0 11084.2001953125
X Ve valid 1 0 0 0 0 0 0.0 61200.0 27000.0 1.0
X Ed valid 2 1 0 0 0 0 11083.2001953125 61200.0 27000.0 5542.60009765625
X Ve valid 1 0 0 0 0 0 0.0 61500.0 24700.0 10668.2998046875
X Ve valid 1 0 0 0 0 0 0.0 61500.0 24700.0 11084.2001953125
X Ed valid 2 1 0 0 0 0 415.900390625 61500.0 24700.0 10876.25
X Ve valid 1 0 0 0 0 0 0.0 61200.0 24700.0 11084.2001953125
X Ed valid 2 1 0 0 0 0 300.0 61350.0 24700.0 11084.2001953125
X Ve valid 1 0 0 0 0 0 0.0 61085.8984375 24700.0 11084.2001953125
X Ed valid 2 1 0 0 0 0 114.1015625 61142.94921875 24700.0 11084.2001953125
X Ve valid 1 0 0 0 0 0 0.0 58700.0 24700.0 11084.2001953125
X Ed valid 2 1 0 0 0 0 2385.8984375 59892.94921875 24700.0 11084.2001953125
X Ve valid 1 0 0 0 0 0 0.0 58700.0 24700.0 1.0
X Ed valid 2 1 0 0 0 0 11083.2001953125 58700.0 24700.0 5542.60009765625
X Ve valid 1 0 0 0 0 0 0.0 61200.0 24700.0 11084.2001953125
X Ve valid 1 0 0 0 0 0 0.0 61200.0 24700.0 1.0
X Ed valid 2 1 0 0 0 0 11083.2001953125 61200.0 24700.0 5542.60009765625
X Ve valid 1 0 0 0 0 0 0.0 61500.0 22400.0 10668.2998046875
X Ve valid 1 0 0 0 0 0 0.0 61500.0 22400.0 11084.2001953125
X Ed valid 2 1 0 0 0 0 415.900390625 61500.0 22400.0 10876.25
X Ve valid 1 0 0 0 0 0 0.0 61200.0 22400.0 11084.2001953125
X Ed valid 2 1 0 0 0 0 300.0 61350.0 22400.0 11084.2001953125
X Ve valid 1 0 0 0 0 0 0.0 61085.8984375 22400.0 11084.2001953125
X Ed valid 2 1 0 0 0 0 114.1015625 61142.94921875 22400.0 11084.2001953125
X Ve valid 1 0 0 0 0 0 0.0 58700.0 22400.0 11084.2001953125
X Ed valid 2 1 0 0 0 0 2385.8984375 59892.94921875 22400.0 11084.2001953125
X Ve valid 1 0 0 0 0 0 0.0 58700.0 22400.0 1.0
X Ed valid 2 1 0 0 0 0 11083.2001953125 58700.0 22400.0 5542.60009765625
X Ve valid 1 0 0 0 0 0 0.0 61200.0 22400.0 11084.2001953125
X Ve valid 1 0 0 0 0 0 0.0 61200.0 22400.0 1.0
X Ed valid 2 1 0 0 0 0 11083.2001953125 61200.0 22400.0 5542.60009765625
X Ve valid 1 0 0 0 0 0 0.0 61500.0 20100.0 10668.2998046875
X Ve valid 1 0 0 0 0 0 0.0 61500.0 20100.0 11084.2001953125
X Ed valid 2 1 0 0 0 0 415.900390625 61500.0 20100.0 10876.25
X Ve valid 1 0 0 0 0 0 0.0 61200.0 20100.0 11084.2001953125
X Ed valid 2 1 0 0 0 0 300.0 61350.0 20100.0 11084.2001953125
X Ve valid 1 0 0 0 0 0 0.0 61085.8984375 20100.0 11084.2001953125
X Ed valid 2 1 0 0 0 0 114.1015625 61142.94921875 20100.0 11084.2001953125
X Ve valid 1 0 0 0 0 0 0.0 58700.0 20100.0 11084.2001953125
X Ed valid 2 1 0 0 0 0 2385.8984375 59892.94921875 20100.0 11084.2001953125
X Ve valid 1 0 0 0 0 0 0.0 58700.0 20100.0 1.0
X Ed valid 2 1 0 0 0 0 11083.2001953125 58700.0 20100.0 5542.60009765625
X Ve valid 1 0 0 0 0 0 0.0 61200.0 20100.0 11084.2001953125
X Ve valid 1 0 0 0 0 0 0.0 61200.0 20100.0 1.0
X Ed valid 2 1 0 0 0 0 11083.2001953125 61200.0 20100.0 5542.60009765625
X Ve valid 1 0 0 0 0 0 0.0 61500.0 31850.0 10500.0
X Ve valid 1 0 0 0 0 0 0.0 61500.0 31850.0 9200.0
X Ed valid 2 1 0 0 0 0 1300.0 61500.0 31850.0 9850.0
X Ve valid 1 0 0 0 0 0 0.0 57337.0 31850.0 9200.0
X Ed valid 2 1 0 0 0 0 4163.0 59418.5 31850.0 9200.0
X Ve valid 1 0 0 0 0 0 0.0 57337.0 33000.0 9200.0
X Ed valid 2 1 0 0 0 0 1150.0 57337.0 32425.0 9200.0
X Ve valid 1 0 0 0 0 0 0.0 57337.0 35500.0 9200.0
X Ed valid 2 1 0 0 0 0 2500.0 57337.0 34250.0 9200.0
X Ve valid 1 0 0 0 0 0 0.0 57337.0 36800.0 9200.0
X Ed valid 2 1 0 0 0 0 1300.0 57337.0 36150.0 9200.0
X Ve valid 1 0 0 0 0 0 0.0 60663.0 36800.0 9200.0
X Ed valid 2 1 0 0 0 0 3326.0 59000.0 36800.0 9200.0
X Ve valid 1 0 0 0 0 0 0.0 60663.0 35500.0 9200.0
X Ed valid 2 1 0 0 0 0 1300.0 60663.0 36150.0 9200.0
X Ve valid 1 0 0 0 0 0 0.0 60663.0 35330.8984375 9200.0
X Ed valid 2 1 0 0 0 0 169.1015625 60663.0 35415.44921875 9200.0
X Ve valid 1 0 0 0 0 0 0.0 60663.0 33000.0 9200.0
X Ed valid 2 1 0 0 0 0 2330.8984375 60663.0 34165.44921875 9200.0
X Ve valid 1 0 0 0 0 0 0.0 60463.0 33000.0 -0.707109987735748
X Ed valid 2 1 0 0 0 0 9202.88059923516 60563.0 33000.0 4599.64644500613
X Ve valid 1 0 0 0 0 0 0.0 57337.0 33000.0 9200.0
X Ve valid 1 0 0 0 0 0 0.0 57537.0 33000.0 -0.707109987735748
X Ed valid 2 1 0 0 0 0 9202.88059923516 57437.0 33000.0 4599.64644500613
X Ve valid 1 0 0 0 0 0 0.0 57337.0 35500.0 9200.0
X Ve valid 1 0 0 0 0 0 0.0 57537.0 35500.0 -0.707109987735748
X Ed valid 2 1 0 0 0 0 9202.88059923516 57437.0 35500.0 4599.64644500613
X Ve valid 1 0 0 0 0 0 0.0 60663.0 35500.0 9200.0
X Ve valid 1 0 0 0 0 0 0.0 60463.0 35500.0 -0.707109987735748
X Ed valid 2 1 0 0 0 0 9202.88059923516 60563.0 35500.0 4599.64644500613
X Ve valid 1 0 0 0 0 0 0.0 61500.0 27000.0 14584.2001953125
X Ve valid 1 0 0 0 0 0 0.0 61500.0 27000.0 15084.2001953125
X Ed valid 2 1 0 0 0 0 500.0 61500.0 27000.0 14834.2001953125
X Ve valid 1 0 0 0 0 0 0.0 61200.0 27000.0 15084.2001953125
X Ed valid 2 1 0 0 0 0 300.0 61350.0 27000.0 15084.2001953125
X Ve valid 1 0 0 0 0 0 0.0 61085.8984375 27000.0 15084.2001953125
X Ed valid 2 1 0 0 0 0 114.1015625 61142.94921875 27000.0 15084.2001953125
X Ve valid 1 0 0 0 0 0 0.0 58700.0 27000.0 15084.2001953125
X Ed valid 2 1 0 0 0 0 2385.8984375 59892.94921875 27000.0 15084.2001953125
X Ve valid 1 0 0 0 0 0 0.0 58700.0 27000.0 1.0
X Ed valid 2 1 0 0 0 0 15083.2001953125 58700.0 27000.0 7542.60009765625
X Ve valid 1 0 0 0 0 0 0.0 61200.0 27000.0 15084.2001953125
X Ve valid 1 0 0 0 0 0 0.0 61200.0 27000.0 1.0
X Ed valid 2 1 0 0 0 0 15083.2001953125 61200.0 27000.0 7542.60009765625
X Ve valid 1 0 0 0 0 0 0.0 61500.0 24700.0 14668.2998046875
X Ve valid 1 0 0 0 0 0 0.0 61500.0 24700.0 15084.2001953125
X Ed valid 2 1 0 0 0 0 415.900390625 61500.0 24700.0 14876.25
X Ve valid 1 0 0 0 0 0 0.0 61200.0 24700.0 15084.2001953125
X Ed valid 2 1 0 0 0 0 300.0 61350.0 24700.0 15084.2001953125
X Ve valid 1 0 0 0 0 0 0.0 61085.8984375 24700.0 15084.2001953125
X Ed valid 2 1 0 0 0 0 114.1015625 61142.94921875 24700.0 15084.2001953125
X Ve valid 1 0 0 0 0 0 0.0 58700.0 24700.0 15084.2001953125
X Ed valid 2 1 0 0 0 0 2385.8984375 59892.94921875 24700.0 15084.2001953125
X Ve valid 1 0 0 0 0 0 0.0 58700.0 24700.0 1.0
X Ed valid 2 1 0 0 0 0 15083.2001953125 58700.0 24700.0 7542.60009765625
X Ve valid 1 0 0 0 0 0 0.0 61200.0 24700.0 15084.2001953125
X Ve valid 1 0 0 0 0 0 0.0 61200.0 24700.0 1.0
X Ed valid 2 1 0 0 0 0 15083.2001953125 61200.0 24700.0 7542.60009765625
X Ve valid 1 0 0 0 0 0 0.0 61500.0 22400.0 14668.2998046875
X Ve valid 1 0 0 0 0 0 0.0 61500.0 22400.0 15084.2001953125
X Ed valid 2 1 0 0 0 0 415.900390625 61500.0 22400.0 14876.25
X Ve valid 1 0 0 0 0 0 0.0 61200.0 22400.0 15084.2001953125
X Ed valid 2 1 0 0 0 0 300.0 61350.0 22400.0 15084.2001953125
X Ve valid 1 0 0 0 0 0 0.0 61085.8984375 22400.0 15084.2001953125
X Ed valid 2 1 0 0 0 0 114.1015625 61142.94921875 22400.0 15084.2001953125
X Ve valid 1 0 0 0 0 0 0.0 58700.0 22400.0 15084.2001953125
X Ed valid 2 1 0 0 0 0 2385.8984375 59892.94921875 22400.0 15084.2001953125
X Ve valid 1 0 0 0 0 0 0.0 58700.0 22400.0 1.0
X Ed valid 2 1 0 0 0 0 15083.2001953125 58700.0 22400.0 7542.60009765625
X Ve valid 1 0 0 0 0 0 0.0 61200.0 22400.0 15084.2001953125
X Ve valid 1 0 0 0 0 0 0.0 61200.0 22400.0 1.0
X Ed valid 2 1 0 0 0 0 15083.2001953125 61200.0 22400.0 7542.60009765625
X Ve valid 1 0 0 0 0 0 0.0 61500.0 20100.0 14668.2998046875
X Ve valid 1 0 0 0 0 0 0.0 61500.0 20100.0 15084.2001953125
X Ed valid 2 1 0 0 0 0 415.900390625 61500.0 20100.0 14876.25
X Ve valid 1 0 0 0 0 0 0.0 61200.0 20100.0 15084.2001953125
X Ed valid 2 1 0 0 0 0 300.0 61350.0 20100.0 15084.2001953125
X Ve valid 1 0 0 0 0 0 0.0 61085.8984375 20100.0 15084.2001953125
X Ed valid 2 1 0 0 0 0 114.1015625 61142.94921875 20100.0 15084.2001953125
X Ve valid 1 0 0 0 0 0 0.0 58700.0 20100.0 15084.2001953125
X Ed valid 2 1 0 0 0 0 2385.8984375 59892.94921875 20100.0 15084.2001953125
X Ve valid 1 0 0 0 0 0 0.0 58700.0 20100.0 1.0
X Ed valid 2 1 0 0 0 0 15083.2001953125 58700.0 20100.0 7542.60009765625
X Ve valid 1 0 0 0 0 0 0.0 61200.0 20100.0 15084.2001953125
X Ve valid 1 0 0 0 0 0 0.0 61200.0 20100.0 1.0
X Ed valid 2 1 0 0 0 0 15083.2001953125 61200.0 20100.0 7542.60009765625
X Ve valid 1 0 0 0 0 0 0.0 60000.0 20500.0 13500.0
X Ve valid 1 0 0 0 0 0 0.0 60000.0 20500.0 1.0
X Ed valid 2 1 0 0 0 0 13499.0 60000.0 20500.0 6750.5
X Ve valid 1 0 0 0 0 0 0.0 61500.0 20500.0 13500.0
X Ve valid 1 0 0 0 0 0 0.0 61594.1015625 20500.0 13500.0
X Ed valid 2 1 0 0 0 0 94.1015625 61547.05078125 20500.0 13500.0
X Ve valid 1 0 0 0 0 0 0.0 61800.0 20500.0 13500.0
X Ed valid 2 1 0 0 0 0 205.8984375 61697.05078125 20500.0 13500.0
X Ve valid 1 0 0 0 0 0 0.0 61800.0 20500.0 1.0
X Ed valid 2 1 0 0 0 0 13499.0 61800.0 20500.0 6750.5
X Ve valid 1 0 0 0 0 0 0.0 61500.0 20500.0 14500.0
X Ve valid 1 0 0 0 0 0 0.0 61500.0 20500.0 13500.0
X Ed valid 2 1 0 0 0 0 1000.0 61500.0 20500.0 14000.0
X Ve valid 1 0 0 0 0 0 0.0 60000.0 20500.0 13500.0
X Ed valid 2 1 0 0 0 0 1500.0 60750.0 20500.0 13500.0
X Ve valid 1 0 0 0 0 0 0.0 59885.8984375 20500.0 13500.0
X Ed valid 2 1 0 0 0 0 114.1015625 59942.94921875 20500.0 13500.0
X Ve valid 1 0 0 0 0 0 0.0 58400.0 20500.0 13500.0
X Ed valid 2 1 0 0 0 0 1485.8984375 59142.94921875 20500.0 13500.0
X Ve valid 1 0 0 0 0 0 0.0 58400.0 20500.0 1.0
X Ed valid 2 1 0 0 0 0 13499.0 58400.0 20500.0 6750.5
X Ve valid 1 0 0 0 0 0 0.0 61500.0 31850.0 14500.0
X Ve valid 1 0 0 0 0 0 0.0 61500.0 31850.0 13503.7998046875
X Ed valid 2 1 0 0 0 0 996.2001953125 61500.0 31850.0 14001.89990234375
X Ve valid 1 0 0 0 0 0 0.0 57337.0 31850.0 13503.7998046875
X Ed valid 2 1 0 0 0 0 4163.0 59418.5 31850.0 13503.7998046875
X Ve valid 1 0 0 0 0 0 0.0 57337.0 33000.0 13503.7998046875
X Ed valid 2 1 0 0 0 0 1150.0 57337.0 32425.0 13503.7998046875
X Ve valid 1 0 0 0 0 0 0.0 57337.0 35500.0 13503.7998046875
X Ed valid 2 1 0 0 0 0 2500.0 57337.0 34250.0 13503.7998046875
X Ve valid 1 0 0 0 0 0 0.0 57337.0 36800.0 13503.7998046875
X Ed valid 2 1 0 0 0 0 1300.0 57337.0 36150.0 13503.7998046875
X Ve valid 1 0 0 0 0 0 0.0 60663.0 36800.0 13503.7998046875
X Ed valid 2 1 0 0 0 0 3326.0 59000.0 36800.0 13503.7998046875
X Ve valid 1 0 0 0 0 0 0.0 60663.0 35500.0 13503.7998046875
X Ed valid 2 1 0 0 0 0 1300.0 60663.0 36150.0 13503.7998046875
X Ve valid 1 0 0 0 0 0 0.0 60663.0 35330.8984375 13503.7998046875
X Ed valid 2 1 0 0 0 0 169.1015625 60663.0 35415.44921875 13503.7998046875
X Ve valid 1 0 0 0 0 0 0.0 60663.0 33000.0 13503.7998046875
X Ed valid 2 1 0 0 0 0 2330.8984375 60663.0 34165.44921875 13503.7998046875
X Ve valid 1 0 0 0 0 0 0.0 60463.0 33000.0 0.713729977607727
X Ed valid 2 1 0 0 0 0 13504.5671363811 60563.0 33000.0 6752.256767332549
X Ve valid 1 0 0 0 0 0 0.0 57337.0 33000.0 13503.7998046875
X Ve valid 1 0 0 0 0 0 0.0 57537.0 33000.0 0.713729977607727
X Ed valid 2 1 0 0 0 0 13504.5671363811 57437.0 33000.0 6752.256767332549
X Ve valid 1 0 0 0 0 0 0.0 57337.0 35500.0 13503.7998046875
X Ve valid 1 0 0 0 0 0 0.0 57537.0 35500.0 0.713729977607727
X Ed valid 2 1 0 0 0 0 13504.5671363811 57437.0 35500.0 6752.256767332549
X Ve valid 1 0 0 0 0 0 0.0 60663.0 35500.0 13503.7998046875
X Ve valid 1 0 0 0 0 0 0.0 60463.0 35500.0 0.713729977607727
X Ed valid 2 1 0 0 0 0 13504.5671363811 60563.0 35500.0 6752.256767332549
X Ve valid 1 0 0 0 0 0 0.0 61500.0 25200.0 14500.0
X Ve valid 1 0 0 0 0 0 0.0 61500.0 25200.0 13503.7998046875
X Ed valid 2 1 0 0 0 0 996.2001953125 61500.0 25200.0 14001.89990234375
X Ve valid 1 0 0 0 0 0 0.0 57337.0 25200.0 13503.7998046875
X Ed valid 2 1 0 0 0 0 4163.0 59418.5 25200.0 13503.7998046875
X Ve valid 1 0 0 0 0 0 0.0 57337.0 26500.0 13503.7998046875
X Ed valid 2 1 0 0 0 0 1300.0 57337.0 25850.0 13503.7998046875
X Ve valid 1 0 0 0 0 0 0.0 57337.0 29000.0 13503.7998046875
X Ed valid 2 1 0 0 0 0 2500.0 57337.0 27750.0 13503.7998046875
X Ve valid 1 0 0 0 0 0 0.0 57337.0 30300.0 13503.7998046875
X Ed valid 2 1 0 0 0 0 1300.0 57337.0 29650.0 13503.7998046875
X Ve valid 1 0 0 0 0 0 0.0 60663.0 30300.0 13503.7998046875
X Ed valid 2 1 0 0 0 0 3326.0 59000.0 30300.0 13503.7998046875
X Ve valid 1 0 0 0 0 0 0.0 60663.0 29000.0 13503.7998046875
X Ed valid 2 1 0 0 0 0 1300.0 60663.0 29650.0 13503.7998046875
X Ve valid 1 0 0 0 0 0 0.0 60663.0 28830.900390625 13503.7998046875
X Ed valid 2 1 0 0 0 0 169.099609375 60663.0 28915.4501953125 13503.7998046875
X Ve valid 1 0 0 0 0 0 0.0 60663.0 26500.0 13503.7998046875
X Ed valid 2 1 0 0 0 0 2330.900390625 60663.0 27665.4501953125 13503.7998046875
X Ve valid 1 0 0 0 0 0 0.0 60463.0 26500.0 0.713729977607727
X Ed valid 2 1 0 0 0 0 13504.5671363811 60563.0 26500.0 6752.256767332549
X Ve valid 1 0 0 0 0 0 0.0 60663.0 29000.0 13503.7998046875
X Ve valid 1 0 0 0 0 0 0.0 60463.0 29000.0 0.713729977607727
X Ed valid 2 1 0 0 0 0 13504.5671363811 60563.0 29000.0 6752.256767332549
X Ve valid 1 0 0 0 0 0 0.0 57337.0 29000.0 13503.7998046875
X Ve valid 1 0 0 0 0 0 0.0 57537.0 29000.0 0.713729977607727
X Ed valid 2 1 0 0 0 0 13504.5671363811 57437.0 29000.0 6752.256767332549
X Ve valid 1 0 0 0 0 0 0.0 57337.0 26500.0 13503.7998046875
X Ve valid 1 0 0 0 0 0 0.0 57537.0 26500.0 0.713729977607727
X Ed valid 2 1 0 0 0 0 13504.5671363811 57437.0 26500.0 6752.256767332549
X Ve valid 1 0 0 0 0 0 0.0 61500.0 20300.0 14505.599609375
X Ve valid 1 0 0 0 0 0 0.0 61500.0 20300.0 14100.0
X Ed valid 2 1 0 0 0 0 405.599609375 61500.0 20300.0 14302.7998046875
X Ve valid 1 0 0 0 0 0 0.0 60500.0 20300.0 14100.0
X Ed valid 2 1 0 0 0 0 1000.0 61000.0 20300.0 14100.0
X Ve valid 1 0 0 0 0 0 0.0 60500.0 20300.0 13800.0
X Ed valid 2 1 0 0 0 0 300.0 60500.0 20300.0 13950.0
X Ve valid 1 0 0 0 0 0 0.0 60500.0 21517.30078125 13800.0
X Ed valid 2 1 0 0 0 0 1217.30078125 60500.0 20908.650390625 13800.0
X Ve valid 1 0 0 0 0 0 0.0 60500.0 21659.0 13800.0
X Ed valid 2 1 0 0 0 0 141.69921875 60500.0 21588.150390625 13800.0
X Ve valid 1 0 0 0 0 0 0.0 60383.69921875 21659.0 13800.0
X Ed valid 2 1 0 0 0 0 116.30078125 60441.849609375 21659.0 13800.0
X Ve valid 1 0 0 0 0 0 0.0 59000.0 21659.0 13800.0
X Ed valid 2 1 0 0 0 0 1383.69921875 59691.849609375 21659.0 13800.0
X Ve valid 1 0 0 0 0 0 0.0 59000.0 21459.0 -0.707109987735748
X Ed valid 2 1 0 0 0 0 13802.1562350115 59000.0 21559.000000000004 6899.646445006118
X Ve valid 1 0 0 0 0 0 0.0 60500.0 20234.5 13800.0
X Ve valid 1 0 0 0 0 0 0.0 60500.0 20196.400390625 13800.0
X Ed valid 2 1 0 0 0 0 38.099609375 60500.0 20215.4501953125 13800.0
X Ve valid 1 0 0 0 0 0 0.0 60500.0 18941.0 13800.0
X Ed valid 2 1 0 0 0 0 1255.400390625 60500.0 19568.7001953125 13800.0
X Ve valid 1 0 0 0 0 0 0.0 59000.0 18941.0 13800.0
X Ed valid 2 1 0 0 0 0 1500.0 59750.0 18941.0 13800.0
X Ve valid 1 0 0 0 0 0 0.0 59000.0 19141.0 -0.707109987735748
X Ed valid 2 1 0 0 0 0 13802.1562350115 59000.0 19041.0 6899.646445006118
X Ve valid 1 0 0 0 0 0 0.0 61500.0 36109.0 14500.0
X Ve valid 1 0 0 0 0 0 0.0 61500.0 36109.0 13800.0
X Ed valid 2 1 0 0 0 0 700.0 61500.0 36109.0 14150.0
X Ve valid 1 0 0 0 0 0 0.0 61500.0 35909.0 13800.0
X Ed valid 2 1 0 0 0 0 200.0 61500.0 36009.0 13800.0
X Ve valid 1 0 0 0 0 0 0.0 61500.0 35709.0 -0.707109987735748
X Ed valid 2 1 0 0 0 0 13802.1562350115 61500.0 35809.0 6899.646445006118
X Ve valid 1 0 0 0 0 0 0.0 61500.0 32891.0 14500.0
X Ve valid 1 0 0 0 0 0 0.0 61500.0 32891.0 13800.0
X Ed valid 2 1 0 0 0 0 700.0 61500.0 32891.0 14150.0
X Ve valid 1 0 0 0 0 0 0.0 61500.0 33091.0 13800.0
X Ed valid 2 1 0 0 0 0 200.0 61500.0 32991.0 13800.0
X Ve valid 1 0 0 0 0 0 0.0 61500.0 33291.0 -0.707109987735748
X Ed valid 2 1 0 0 0 0 13802.1562350115 61500.0 33191.0 6899.646445006118
X Ve valid 1 0 0 0 0 0 0.0 60500.0 21517.30078125 13737.7001953125
X Ve valid 1 0 0 0 0 0 0.0 60500.0 21517.30078125 13300.0
X Ed valid 2 1 0 0 0 0 437.7001953125 60500.0 21517.30078125 13518.85009765625
X Ve valid 1 0 0 0 0 0 0.0 60000.0 21517.30078125 13300.0
X Ed valid 2 1 0 0 0 0 500.0 60250.0 21517.30078125 13300.0
X Ve valid 1 0 0 0 0 0 0.0 60000.0 21517.30078125 13000.0
X Ed valid 2 1 0 0 0 0 300.0 60000.0 21517.30078125 13150.0
X Ve valid 1 0 0 0 0 0 0.0 60000.0 21631.400390625 13000.0
X Ed valid 2 1 0 0 0 0 114.099609375 60000.0 21574.3505859375 13000.0
X Ve valid 1 0 0 0 0 0 0.0 60000.0 22909.0 13000.0
X Ed valid 2 1 0 0 0 0 1277.599609375 60000.0 22270.2001953125 13000.0
X Ve valid 1 0 0 0 0 0 0.0 59000.0 22909.0 13000.0
X Ed valid 2 1 0 0 0 0 1000.0 59500.0 22909.0 13000.0
X Ve valid 1 0 0 0 0 0 0.0 59000.0 22709.0 0.707109987735748
X Ed valid 2 1 0 0 0 0 13000.8313441996 58999.99999999999 22809.0 6500.353554993879
X Ve valid 1 0 0 0 0 0 0.0 60000.0 21517.30078125 13000.0
X Ve valid 1 0 0 0 0 0 0.0 60000.0 21403.30078125 13000.0
X Ed valid 2 1 0 0 0 0 114.0 60000.0 21460.30078125 13000.0
X Ve valid 1 0 0 0 0 0 0.0 60000.0 20091.0 13000.0
X Ed valid 2 1 0 0 0 0 1312.30078125 60000.0 20747.150390625 13000.0
X Ve valid 1 0 0 0 0 0 0.0 59000.0 20091.0 13000.0
X Ed valid 2 1 0 0 0 0 1000.0 59500.0 20091.0 13000.0
X Ve valid 1 0 0 0 0 0 0.0 59000.0 20291.0 0.707109987735748
X Ed valid 2 1 0 0 0 0 13000.8313441996 58999.99999999999 20191.0 6500.353554993879
X Ve valid 1 0 0 0 0 0 0.0 60484.1015625 29300.0 17584.19921875
X Ve valid 1 0 0 0 0 0 0.0 61500.0 29300.0 17584.19921875
X Ed valid 2 1 0 0 0 0 1015.8984375 60992.05078125 29300.0 17584.19921875
X Ve valid 1 0 0 0 0 0 0.0 61500.0 29300.0 18084.19921875
X Ed valid 2 1 0 0 0 0 500.0 61500.0 29300.0 17834.19921875
X Ve valid 1 0 0 0 0 0 0.0 61200.0 29300.0 18084.19921875
X Ed valid 2 1 0 0 0 0 300.0 61350.0 29300.0 18084.19921875
X Ve valid 1 0 0 0 0 0 0.0 61085.8984375 29300.0 18084.19921875
X Ed valid 2 1 0 0 0 0 114.1015625 61142.94921875 29300.0 18084.19921875
X Ve valid 1 0 0 0 0 0 0.0 58700.0 29300.0 18084.19921875
X Ed valid 2 1 0 0 0 0 2385.8984375 59892.94921875 29300.0 18084.19921875
X Ve valid 1 0 0 0 0 0 0.0 58700.0 29300.0 1.0
X Ed valid 2 1 0 0 0 0 18083.19921875 58700.0 29300.0 9042.599609375
X Ve valid 1 0 0 0 0 0 0.0 61200.0 29300.0 18084.19921875
X Ve valid 1 0 0 0 0 0 0.0 61200.0 29300.0 1.0
X Ed valid 2 1 0 0 0 0 18083.19921875 61200.0 29300.0 9042.599609375
X Ve valid 1 0 0 0 0 0 0.0 60484.1015625 27000.0 17584.19921875
X Ve valid 1 0 0 0 0 0 0.0 61500.0 27000.0 17584.19921875
X Ed valid 2 1 0 0 0 0 1015.8984375 60992.05078125 27000.0 17584.19921875
X Ve valid 1 0 0 0 0 0 0.0 61500.0 27000.0 18084.19921875
X Ed valid 2 1 0 0 0 0 500.0 61500.0 27000.0 17834.19921875
X Ve valid 1 0 0 0 0 0 0.0 61200.0 27000.0 18084.19921875
X Ed valid 2 1 0 0 0 0 300.0 61350.0 27000.0 18084.19921875
X Ve valid 1 0 0 0 0 0 0.0 61085.8984375 27000.0 18084.19921875
X Ed valid 2 1 0 0 0 0 114.1015625 61142.94921875 27000.0 18084.19921875
X Ve valid 1 0 0 0 0 0 0.0 58700.0 27000.0 18084.19921875
X Ed valid 2 1 0 0 0 0 2385.8984375 59892.94921875 27000.0 18084.19921875
X Ve valid 1 0 0 0 0 0 0.0 58700.0 27000.0 1.0
X Ed valid 2 1 0 0 0 0 18083.19921875 58700.0 27000.0 9042.599609375
X Ve valid 1 0 0 0 0 0 0.0 61200.0 27000.0 18084.19921875
X Ve valid 1 0 0 0 0 0 0.0 61200.0 27000.0 1.0
X Ed valid 2 1 0 0 0 0 18083.19921875 61200.0 27000.0 9042.599609375
X Ve valid 1 0 0 0 0 0 0.0 60484.1015625 24700.0 17584.19921875
X Ve valid 1 0 0 0 0 0 0.0 61500.0 24700.0 17584.19921875
X Ed valid 2 1 0 0 0 0 1015.8984375 60992.05078125 24700.0 17584.19921875
X Ve valid 1 0 0 0 0 0 0.0 61500.0 24700.0 18084.19921875
X Ed valid 2 1 0 0 0 0 500.0 61500.0 24700.0 17834.19921875
X Ve valid 1 0 0 0 0 0 0.0 61200.0 24700.0 18084.19921875
X Ed valid 2 1 0 0 0 0 300.0 61350.0 24700.0 18084.19921875
X Ve valid 1 0 0 0 0 0 0.0 61085.8984375 24700.0 18084.19921875
X Ed valid 2 1 0 0 0 0 114.1015625 61142.94921875 24700.0 18084.19921875
X Ve valid 1 0 0 0 0 0 0.0 58700.0 24700.0 18084.19921875
X Ed valid 2 1 0 0 0 0 2385.8984375 59892.94921875 24700.0 18084.19921875
X Ve valid 1 0 0 0 0 0 0.0 58700.0 24700.0 1.0
X Ed valid 2 1 0 0 0 0 18083.19921875 58700.0 24700.0 9042.599609375
X Ve valid 1 0 0 0 0 0 0.0 61200.0 24700.0 18084.19921875
X Ve valid 1 0 0 0 0 0 0.0 61200.0 24700.0 1.0
X Ed valid 2 1 0 0 0 0 18083.19921875 61200.0 24700.0 9042.599609375
X Ve valid 1 0 0 0 0 0 0.0 60484.1015625 22400.0 17584.19921875
X Ve valid 1 0 0 0 0 0 0.0 61500.0 22400.0 17584.19921875
X Ed valid 2 1 0 0 0 0 1015.8984375 60992.05078125 22400.0 17584.19921875
X Ve valid 1 0 0 0 0 0 0.0 61500.0 22400.0 18084.19921875
X Ed valid 2 1 0 0 0 0 500.0 61500.0 22400.0 17834.19921875
X Ve valid 1 0 0 0 0 0 0.0 61200.0 22400.0 18084.19921875
X Ed valid 2 1 0 0 0 0 300.0 61350.0 22400.0 18084.19921875
X Ve valid 1 0 0 0 0 0 0.0 61085.8984375 22400.0 18084.19921875
X Ed valid 2 1 0 0 0 0 114.1015625 61142.94921875 22400.0 18084.19921875
X Ve valid 1 0 0 0 0 0 0.0 58700.0 22400.0 18084.19921875
X Ed valid 2 1 0 0 0 0 2385.8984375 59892.94921875 22400.0 18084.19921875
X Ve valid 1 0 0 0 0 0 0.0 58700.0 22400.0 1.0
X Ed valid 2 1 0 0 0 0 18083.19921875 58700.0 22400.0 9042.599609375
X Ve valid 1 0 0 0 0 0 0.0 61200.0 22400.0 18084.19921875
X Ve valid 1 0 0 0 0 0 0.0 61200.0 22400.0 1.0
X Ed valid 2 1 0 0 0 0 18083.19921875 61200.0 22400.0 9042.599609375
X Ve valid 1 0 0 0 0 0 0.0 60484.1015625 20100.0 17584.19921875
X Ve valid 1 0 0 0 0 0 0.0 61500.0 20100.0 17584.19921875
X Ed valid 2 1 0 0 0 0 1015.8984375 60992.05078125 20100.0 17584.19921875
X Ve valid 1 0 0 0 0 0 0.0 61500.0 20100.0 18084.19921875
X Ed valid 2 1 0 0 0 0 500.0 61500.0 20100.0 17834.19921875
X Ve valid 1 0 0 0 0 0 0.0 61200.0 20100.0 18084.19921875
X Ed valid 2 1 0 0 0 0 300.0 61350.0 20100.0 18084.19921875
X Ve valid 1 0 0 0 0 0 0.0 61085.8984375 20100.0 18084.19921875
X Ed valid 2 1 0 0 0 0 114.1015625 61142.94921875 20100.0 18084.19921875
X Ve valid 1 0 0 0 0 0 0.0 58700.0 20100.0 18084.19921875
X Ed valid 2 1 0 0 0 0 2385.8984375 59892.94921875 20100.0 18084.19921875
X Ve valid 1 0 0 0 0 0 0.0 58700.0 20100.0 1.0
X Ed valid 2 1 0 0 0 0 18083.19921875 58700.0 20100.0 9042.599609375
X Ve valid 1 0 0 0 0 0 0.0 61200.0 20100.0 18084.19921875
X Ve valid 1 0 0 0 0 0 0.0 61200.0 20100.0 1.0
X Ed valid 2 1 0 0 0 0 18083.19921875 61200.0 20100.0 9042.599609375
X Ve valid 1 0 0 0 0 0 0.0 60400.0 33180.0 17668.30078125
X Ve valid 1 0 0 0 0 0 0.0 60400.0 33180.0 17816.69921875
X Ed valid 2 1 0 0 0 0 148.3984375 60400.0 33180.0 17742.5
X Ve valid 1 0 0 0 0 0 0.0 61500.0 33180.0 17816.69921875
X Ed valid 2 1 0 0 0 0 1100.0 60950.0 33180.0 17816.69921875
X Ve valid 1 0 0 0 0 0 0.0 63100.0 33180.0 17816.69921875
X Ed valid 2 1 0 0 0 0 1600.0 62300.0 33180.0 17816.69921875
X Ve valid 1 0 0 0 0 0 0.0 63100.0 33180.0 18700.0
X Ed valid 2 1 0 0 0 0 883.30078125 63100.0 33180.0 18258.349609375
X Ve valid 1 0 0 0 0 0 0.0 63250.0 33180.0 18700.0
X Ed valid 2 1 0 0 0 0 150.0 63175.0 33180.0 18700.0
X Ve valid 1 0 0 0 0 0 0.0 63250.0 33380.0 0.707109987735748
X Ed valid 2 1 0 0 0 0 18700.362418586 63250.0 33280.0 9350.353554993862
X Ve valid 1 0 0 0 0 0 0.0 61500.0 33180.0 17816.69921875
X Ve valid 1 0 0 0 0 0 0.0 61500.0 33180.0 16911.0
X Ed valid 2 1 0 0 0 0 905.69921875 61500.0 33180.0 17363.849609375
X Ve valid 1 0 0 0 0 0 0.0 61500.0 33291.0 0.707109987735748
X Ed valid 2 1 0 0 0 0 16910.6571908368 61500.0 33235.5 8455.853554993853
X Ve valid 1 0 0 0 0 0 0.0 60400.0 35859.0 17668.30078125
X Ve valid 1 0 0 0 0 0 0.0 60400.0 35859.0 17813.30078125
X Ed valid 2 1 0 0 0 0 145.0 60400.0 35859.0 17740.80078125
X Ve valid 1 0 0 0 0 0 0.0 61500.0 35859.0 17813.30078125
X Ed valid 2 1 0 0 0 0 1100.0 60950.0 35859.0 17813.30078125
X Ve valid 1 0 0 0 0 0 0.0 61500.0 35859.0 16950.0
X Ed valid 2 1 0 0 0 0 863.30078125 61500.0 35859.0 17381.650390625
X Ve valid 1 0 0 0 0 0 0.0 61500.0 35709.0 0.707109987735748
X Ed valid 2 1 0 0 0 0 16949.9566215203 61500.0 35784.0 8475.353554993873
X Ve valid 1 0 0 0 0 0 0.0 60484.1015625 20300.0 17584.19921875
X Ve valid 1 0 0 0 0 0 0.0 61500.0 20300.0 17584.19921875
X Ed valid 2 1 0 0 0 0 1015.8984375 60992.05078125 20300.0 17584.19921875
X Ve valid 1 0 0 0 0 0 0.0 61500.0 20300.0 17000.0
X Ed valid 2 1 0 0 0 0 584.19921875 61500.0 20300.0 17292.099609375
X Ve valid 1 0 0 0 0 0 0.0 60500.0 20300.0 17000.0
X Ed valid 2 1 0 0 0 0 1000.0 61000.0 20300.0 17000.0
X Ve valid 1 0 0 0 0 0 0.0 60500.0 20414.099609375 17000.0
X Ed valid 2 1 0 0 0 0 114.099609375 60500.0 20357.0498046875 17000.0
X Ve valid 1 0 0 0 0 0 0.0 60500.0 21659.0 17000.0
X Ed valid 2 1 0 0 0 0 1244.900390625 60500.0 21036.5498046875 17000.0
X Ve valid 1 0 0 0 0 0 0.0 59000.0 21659.0 17000.0
X Ed valid 2 1 0 0 0 0 1500.0 59750.0 21659.0 17000.0
X Ve valid 1 0 0 0 0 0 0.0 59000.0 21459.0 0.707109987735748
X Ed valid 2 1 0 0 0 0 17000.4693688269 59000.0 21559.0 8500.353554993864
X Ve valid 1 0 0 0 0 0 0.0 60500.0 20300.0 17000.0
X Ve valid 1 0 0 0 0 0 0.0 60500.0 20205.900390625 17000.0
X Ed valid 2 1 0 0 0 0 94.099609375 60500.0 20252.9501953125 17000.0
X Ve valid 1 0 0 0 0 0 0.0 60500.0 18941.0 17000.0
X Ed valid 2 1 0 0 0 0 1264.900390625 60500.0 19573.4501953125 17000.0
X Ve valid 1 0 0 0 0 0 0.0 59000.0 18941.0 17000.0
X Ed valid 2 1 0 0 0 0 1500.0 59750.0 18941.0 17000.0
X Ve valid 1 0 0 0 0 0 0.0 59000.0 19141.0 0.707109987735748
X Ed valid 2 1 0 0 0 0 17000.4693688269 59000.0 19041.0 8500.353554993864
X Ve valid 1 0 0 0 0 0 0.0 61500.0 28488.0 10500.0
X Ve valid 1 0 0 0 0 0 0.0 61500.0 28488.0 8400.0
X Ed valid 2 1 0 0 0 0 2100.0 61500.0 28488.0 9450.0
X Ve valid 1 0 0 0 0 0 0.0 61500.0 28688.0 0.707109987735748
X Ed valid 2 1 0 0 0 0 8401.67370541195 61500.0 28588.0 4200.353554993868
X Ve valid 1 0 0 0 0 0 0.0 50940.0 36500.0 7359.5
X Ve valid 1 0 0 0 0 0 0.0 50940.0 36500.0 6609.5
X Ed valid 2 1 0 0 0 0 750.0 50940.0 36500.0 6984.5
X Ve valid 1 0 0 0 0 0 0.0 52000.0 36500.0 6609.5
X Ed valid 2 1 0 0 0 0 1060.0 51470.0 36500.0 6609.5
X Ve valid 1 0 0 0 0 0 0.0 52000.0 36500.0 5609.5
X Ed valid 2 1 0 0 0 0 1000.0 52000.0 36500.0 6109.5
X Ve valid 1 0 0 0 0 0 0.0 52000.0 36500.0 5353.5
X Ed valid 2 1 0 0 0 0 256.0 52000.0 36500.0 5481.5
X Ve valid 1 0 0 0 0 0 0.0 52000.0 36500.0 2284.10009765625
X Ed valid 2 1 0 0 0 0 3069.39990234375 52000.0 36500.0 3818.800048828125
X Ve valid 1 0 0 0 0 0 0.0 63864.0 36500.0 2284.10009765625
X Ed valid 2 1 0 0 0 0 11864.0 57932.0 36500.0 2284.10009765625
X Ve valid 1 0 0 0 0 0 0.0 64000.0 36636.0 2284.10009765625
X Ed valid 2 1 0 0 0 0 192.333044482741 63932.0 36568.0 2284.10009765625
X Ve valid 1 0 0 0 0 0 0.0 64500.0 36636.0 2284.10009765625
X Ed valid 2 1 0 0 0 0 500.0 64250.0 36636.0 2284.10009765625
X Ve valid 1 0 0 0 0 0 0.0 65000.0 36636.0 2284.10009765625
X Ed valid 2 1 0 0 0 0 500.0 64750.0 36636.0 2284.10009765625
X Ve valid 1 0 0 0 0 0 0.0 65136.0 36500.0 2284.10009765625
X Ed valid 2 1 0 0 0 0 192.333044482741 65068.0 36568.0 2284.10009765625
X Ve valid 1 0 0 0 0 0 0.0 73864.0 36500.0 2284.10009765625
X Ed valid 2 1 0 0 0 0 8728.0 69500.0 36500.0 2284.10009765625
X Ve valid 1 0 0 0 0 0 0.0 74000.0 36636.0 2284.10009765625
X Ed valid 2 1 0 0 0 0 192.333044482741 73932.0 36568.0 2284.10009765625
X Ve valid 1 0 0 0 0 0 0.0 74500.0 36636.0 2284.10009765625
X Ed valid 2 1 0 0 0 0 500.0 74250.0 36636.0 2284.10009765625
X Ve valid 1 0 0 0 0 0 0.0 75000.0 36636.0 2284.10009765625
X Ed valid 2 1 0 0 0 0 500.0 74750.0 36636.0 2284.10009765625
X Ve valid 1 0 0 0 0 0 0.0 75136.0 36500.0 2284.10009765625
X Ed valid 2 1 0 0 0 0 192.333044482741 75068.0 36568.0 2284.10009765625
X Ve valid 1 0 0 0 0 0 0.0 77998.5 36500.0 2284.10009765625
X Ed valid 2 1 0 0 0 0 2862.5 76567.25 36500.0 2284.10009765625
X Ve valid 1 0 0 0 0 0 0.0 78000.0 36500.0 2284.10009765625
X Ed valid 2 1 0 0 0 0 1.5 77999.25 36500.0 2284.10009765625
X Ve valid 1 0 0 0 0 0 0.0 52000.0 36500.0 5609.5
X Ve valid 1 0 0 0 0 0 0.0 61500.0 36500.0 5609.5
X Ed valid 2 1 0 0 0 0 9500.0 56750.0 36500.0 5609.5
X Ve valid 1 0 0 0 0 0 0.0 62798.5 36500.0 5609.5
X Ed valid 2 1 0 0 0 0 1298.5 62149.25 36500.0 5609.5
X Ve valid 1 0 0 0 0 0 0.0 62800.0 36500.0 5609.5
X Ed valid 2 1 0 0 0 0 1.5 62799.25 36500.0 5609.5
X Ve valid 1 0 0 0 0 0 0.0 61500.0 36500.0 5609.5
X Ve valid 1 0 0 0 0 0 0.0 61500.0 35700.0 5609.5
X Ed valid 2 1 0 0 0 0 800.0 61500.0 36100.0 5609.5
X Ve valid 1 0 0 0 0 0 0.0 61500.0 33100.0 5609.5
X Ed valid 2 1 0 0 0 0 2600.0 61500.0 34400.0 5609.5
X Ve valid 1 0 0 0 0 0 0.0 61500.0 31712.0 5609.5
X Ed valid 2 1 0 0 0 0 1388.0 61500.0 32406.0 5609.5
X Ve valid 1 0 0 0 0 0 0.0 61500.0 30500.0 5609.5
X Ed valid 2 1 0 0 0 0 1212.0 61500.0 31106.0 5609.5
X Ve valid 1 0 0 0 0 0 0.0 61500.0 28288.0 5609.5
X Ed valid 2 1 0 0 0 0 2212.0 61500.0 29394.0 5609.5
X Ve valid 1 0 0 0 0 0 0.0 61500.0 27900.0 5609.5
X Ed valid 2 1 0 0 0 0 388.0 61500.0 28094.0 5609.5
X Ve valid 1 0 0 0 0 0 0.0 61500.0 25300.0 5609.5
X Ed valid 2 1 0 0 0 0 2600.0 61500.0 26600.0 5609.5
X Ve valid 1 0 0 0 0 0 0.0 61500.0 22700.0 5609.5
X Ed valid 2 1 0 0 0 0 2600.0 61500.0 24000.0 5609.5
X Ve valid 1 0 0 0 0 0 0.0 61500.0 21500.0 5609.5
X Ed valid 2 1 0 0 0 0 1200.0 61500.0 22100.0 5609.5
X Ve valid 1 0 0 0 0 0 0.0 61500.0 20100.0 5609.5
X Ed valid 2 1 0 0 0 0 1400.0 61500.0 20800.0 5609.5
X Ve valid 1 0 0 0 0 0 0.0 61500.0 18701.5 5609.5
X Ed valid 2 1 0 0 0 0 1398.5 61500.0 19400.75 5609.5
X Ve valid 1 0 0 0 0 0 0.0 61500.0 18700.0 5609.5
X Ed valid 2 1 0 0 0 0 1.5 61500.0 18700.75 5609.5
X Ve valid 1 0 0 0 0 0 0.0 50640.0 43240.0 6584.10009765625
X Ve valid 1 0 0 0 0 0 0.0 50640.0 43240.0 6353.89990234375
X Ed valid 2 1 0 0 0 0 230.2001953125 50640.0 43240.0 6469.0
X Ve valid 1 0 0 0 0 0 0.0 50640.0 43240.0 6353.2001953125
X Ed valid 2 1 0 0 0 0 0.69970703125 50640.0 43240.0 6353.550048828125
X Ve valid 1 0 0 0 0 0 0.0 50640.0 43240.0 6352.39990234375
X Ed valid 2 1 0 0 0 0 0.80029296875 50640.0 43240.0 6352.800048828125
X Ve valid 1 0 0 0 0 0 0.0 50640.0 43240.0 5807.10009765625
X Ed valid 2 1 0 0 0 0 545.2998046875 50640.0 43240.0 6079.75
X Ve valid 1 0 0 0 0 0 0.0 50640.0 41000.80078125 5807.10009765625
X Ed valid 2 1 0 0 0 0 2239.19921875 50640.0 42120.400390625 5807.10009765625
X Ve valid 1 0 0 0 0 0 0.0 50640.0 41000.0 5807.10009765625
X Ed valid 2 1 0 0 0 0 0.80078125 50640.0 41000.400390625 5807.10009765625
X Ve valid 1 0 0 0 0 0 0.0 50640.0 40999.30078125 5807.10009765625
X Ed valid 2 1 0 0 0 0 0.69921875 50640.0 40999.650390625 5807.10009765625
X Ve valid 1 0 0 0 0 0 0.0 50640.0 40500.80078125 5807.10009765625
X Ed valid 2 1 0 0 0 0 498.5 50640.0 40750.05078125 5807.10009765625
X Ve valid 1 0 0 0 0 0 0.0 50640.0 40500.80078125 5807.10009765625
X Ve valid 1 0 0 0 0 0 0.0 50640.0 40499.30078125 5807.10009765625
X Ed valid 2 1 0 0 0 0 1.5 50640.0 40500.05078125 5807.10009765625
X Ve valid 1 0 0 0 0 0 0.0 50640.0 30500.0 5807.10009765625
X Ed valid 2 1 0 0 0 0 9999.30078125 50640.0 35499.650390625 5807.10009765625
X Ve valid 1 0 0 0 0 0 0.0 50640.0 30500.0 5057.10009765625
X Ed valid 2 1 0 0 0 0 750.0 50640.0 30500.0 5432.10009765625
X Ve valid 1 0 0 0 0 0 0.0 49000.0 30500.0 5057.10009765625
X Ed valid 2 1 0 0 0 0 1640.0 49820.0 30500.0 5057.10009765625
X Ve valid 1 0 0 0 0 0 0.0 49000.0 30500.0 301.5
X Ed valid 2 1 0 0 0 0 4755.60009765625 49000.0 30500.0 2679.300048828125
X Ve valid 1 0 0 0 0 0 0.0 49000.0 30500.0 300.0
X Ed valid 2 1 0 0 0 0 1.5 49000.0 30500.0 300.75
X Ve valid 1 0 0 0 0 0 0.0 52000.0 70850.0 6157.10009765625
X Ve valid 1 0 0 0 0 0 0.0 68150.0 70850.0 6157.10009765625
X Ed valid 2 1 0 0 0 0 16150.0 60075.0 70850.0 6157.10009765625
X Ve valid 1 0 0 0 0 0 0.0 68150.0 63000.0 6157.10009765625
X Ed valid 2 1 0 0 0 0 7850.0 68150.0 66925.0 6157.10009765625
X Ve valid 1 0 0 0 0 0 0.0 68150.0 61000.0 6157.10009765625
X Ed valid 2 1 0 0 0 0 2000.0 68150.0 62000.0 6157.10009765625
X Ve valid 1 0 0 0 0 0 0.0 68150.0 59000.0 6157.10009765625
X Ed valid 2 1 0 0 0 0 2000.0 68150.0 60000.0 6157.10009765625
X Ve valid 1 0 0 0 0 0 0.0 68150.0 57701.5 6157.10009765625
X Ed valid 2 1 0 0 0 0 1298.5 68150.0 58350.75 6157.10009765625
X Ve valid 1 0 0 0 0 0 0.0 68150.0 57700.0 6157.10009765625
X Ed valid 2 1 0 0 0 0 1.5 68150.0 57700.75 6157.10009765625
X Ve valid 1 0 0 0 0 0 0.0 71500.0 70850.0 2550.30004882813
X Ve valid 1 0 0 0 0 0 0.0 71500.0 70850.0 2257.10009765625
X Ed valid 2 1 0 0 0 0 293.199951171875 71500.0 70850.0 2403.7000732421925
X Ve valid 1 0 0 0 0 0 0.0 71500.0 69400.0 2257.10009765625
X Ed valid 2 1 0 0 0 0 1450.0 71500.0 70125.0 2257.10009765625
X Ve valid 1 0 0 0 0 0 0.0 71500.0 67000.0 2257.10009765625
X Ed valid 2 1 0 0 0 0 2400.0 71500.0 68200.0 2257.10009765625
X Ve valid 1 0 0 0 0 0 0.0 71500.0 64600.0 2257.10009765625
X Ed valid 2 1 0 0 0 0 2400.0 71500.0 65800.0 2257.10009765625
X Ve valid 1 0 0 0 0 0 0.0 71500.0 62200.0 2257.10009765625
X Ed valid 2 1 0 0 0 0 2400.0 71500.0 63400.0 2257.10009765625
X Ve valid 1 0 0 0 0 0 0.0 71500.0 59800.0 2257.10009765625
X Ed valid 2 1 0 0 0 0 2400.0 71500.0 61000.0 2257.10009765625
X Ve valid 1 0 0 0 0 0 0.0 71500.0 57400.0 2257.10009765625
X Ed valid 2 1 0 0 0 0 2400.0 71500.0 58600.0 2257.10009765625
X Ve valid 1 0 0 0 0 0 0.0 71500.0 55000.0 2257.10009765625
X Ed valid 2 1 0 0 0 0 2400.0 71500.0 56200.0 2257.10009765625
X Ve valid 1 0 0 0 0 0 0.0 71500.0 52600.0 2257.10009765625
X Ed valid 2 1 0 0 0 0 2400.0 71500.0 53800.0 2257.10009765625
X Ve valid 1 0 0 0 0 0 0.0 71500.0 51701.5 2257.10009765625
X Ed valid 2 1 0 0 0 0 898.5 71500.0 52150.75 2257.10009765625
X Ve valid 1 0 0 0 0 0 0.0 71500.0 51700.0 2257.10009765625
X Ed valid 2 1 0 0 0 0 1.5 71500.0 51700.75 2257.10009765625
X Ve valid 1 0 0 0 0 0 0.0 50410.0 70850.0 7334.10009765625
X Ve valid 1 0 0 0 0 0 0.0 50410.0 70850.0 6584.10009765625
X Ed valid 2 1 0 0 0 0 750.0 50410.0 70850.0 6959.10009765625
X Ve valid 1 0 0 0 0 0 0.0 52000.0 70850.0 6584.10009765625
X Ed valid 2 1 0 0 0 0 1590.0 51205.0 70850.0 6584.10009765625
X Ve valid 1 0 0 0 0 0 0.0 52000.0 70850.0 6157.10009765625
X Ed valid 2 1 0 0 0 0 427.0 52000.0 70850.0 6370.60009765625
X Ve valid 1 0 0 0 0 0 0.0 52000.0 70850.0 3327.0
X Ed valid 2 1 0 0 0 0 2830.10009765625 52000.0 70850.0 4742.050048828125
X Ve valid 1 0 0 0 0 0 0.0 52000.0 70850.0 2657.10009765625
X Ed valid 2 1 0 0 0 0 669.89990234375 52000.0 70850.0 2992.050048828125
X Ve valid 1 0 0 0 0 0 0.0 54600.0 70850.0 2657.10009765625
X Ed valid 2 1 0 0 0 0 2600.0 53300.0 70850.0 2657.10009765625
X Ve valid 1 0 0 0 0 0 0.0 71500.0 70850.0 2657.10009765625
X Ed valid 2 1 0 0 0 0 16900.0 63050.0 70850.0 2657.10009765625
X Ve valid 1 0 0 0 0 0 0.0 71798.5 70850.0 2657.10009765625
X Ed valid 2 1 0 0 0 0 298.5 71649.25 70850.0 2657.10009765625
X Ve valid 1 0 0 0 0 0 0.0 71800.0 70850.0 2657.10009765625
X Ed valid 2 1 0 0 0 0 1.5 71799.25 70850.0 2657.10009765625
X Ve valid 1 0 0 0 0 0 0.0 47000.0 42670.0 6636.5
X Ve valid 1 0 0 0 0 0 0.0 50110.0 42670.0 6636.5
X Ed valid 2 1 0 0 0 0 3110.0 48555.0 42670.0 6636.5
X Ve valid 1 0 0 0 0 0 0.0 50860.0 42670.0 7386.5
X Ed valid 2 1 0 0 0 0 1060.66017177982 50485.0 42670.0 7011.5
X Ve valid 1 0 0 0 0 0 0.0 50860.0 41001.5 7386.5
X Ed valid 2 1 0 0 0 0 1668.5 50860.0 41835.75 7386.5
X Ve valid 1 0 0 0 0 0 0.0 50860.0 41000.0 7386.5
X Ed valid 2 1 0 0 0 0 1.5 50860.0 41000.75 7386.5
X Ve valid 1 0 0 0 0 0 0.0 50860.0 40998.5 7386.5
X Ed valid 2 1 0 0 0 0 1.5 50860.0 40999.25 7386.5
X Ve valid 1 0 0 0 0 0 0.0 50860.0 40501.5 7386.5
X Ed valid 2 1 0 0 0 0 497.0 50860.0 40750.0 7386.5
X Ve valid 1 0 0 0 0 0 0.0 50860.0 40501.5 7386.5
X Ve valid 1 0 0 0 0 0 0.0 50860.0 40498.5 7386.5
X Ed valid 2 1 0 0 0 0 3.0 50860.0 40500.0 7386.5
X Ve valid 1 0 0 0 0 0 0.0 50860.0 30503.0 7386.5
X Ed valid 2 1 0 0 0 0 9995.5 50860.0 35500.75 7386.5
X Ve valid 1 0 0 0 0 0 0.0 50860.0 30500.0 7386.5
X Ed valid 2 1 0 0 0 0 3.0 50860.0 30501.5 7386.5
X Ve valid 1 0 0 0 0 0 0.0 47000.0 46100.0 6584.10009765625
X Ve valid 1 0 0 0 0 0 0.0 50730.0 46100.0 6584.10009765625
X Ed valid 2 1 0 0 0 0 3730.0 48865.0 46100.0 6584.10009765625
X Ve valid 1 0 0 0 0 0 0.0 50730.0 46100.0 7334.10009765625
X Ed valid 2 1 0 0 0 0 750.0 50730.0 46100.0 6959.10009765625
X Ve valid 1 0 0 0 0 0 0.0 50730.0 48499.30078125 7334.10009765625
X Ed valid 2 1 0 0 0 0 2399.30078125 50730.0 47299.650390625 7334.10009765625
X Ve valid 1 0 0 0 0 0 0.0 50730.0 48500.0 7334.10009765625
X Ed valid 2 1 0 0 0 0 0.69921875 50730.0 48499.650390625 7334.10009765625
X Ve valid 1 0 0 0 0 0 0.0 50730.0 48500.80078125 7334.10009765625
X Ed valid 2 1 0 0 0 0 0.80078125 50730.0 48500.400390625 7334.10009765625
X Ve valid 1 0 0 0 0 0 0.0 50730.0 48999.30078125 7334.10009765625
X Ed valid 2 1 0 0 0 0 498.5 50730.0 48750.05078125 7334.10009765625
X Ve valid 1 0 0 0 0 0 0.0 50730.0 48999.30078125 7334.10009765625
X Ve valid 1 0 0 0 0 0 0.0 50730.0 49000.80078125 7334.10009765625
X Ed valid 2 1 0 0 0 0 1.5 50730.0 49000.05078125 7334.10009765625
X Ve valid 1 0 0 0 0 0 0.0 50730.0 70000.0 7334.10009765625
X Ed valid 2 1 0 0 0 0 20999.19921875 50730.0 59500.400390625 7334.10009765625
X Ve valid 1 0 0 0 0 0 0.0 47000.0 42320.0 6609.5
X Ve valid 1 0 0 0 0 0 0.0 50510.0 42320.0 6609.5
X Ed valid 2 1 0 0 0 0 3510.0 48755.0 42320.0 6609.5
X Ve valid 1 0 0 0 0 0 0.0 50510.0 42320.0 7359.5
X Ed valid 2 1 0 0 0 0 750.0 50510.0 42320.0 6984.5
X Ve valid 1 0 0 0 0 0 0.0 50510.0 40751.5 7359.5
X Ed valid 2 1 0 0 0 0 1568.5 50510.0 41535.75 7359.5
X Ve valid 1 0 0 0 0 0 0.0 50510.0 40750.0 7359.5
X Ed valid 2 1 0 0 0 0 1.5 50510.0 40750.75 7359.5
X Ve valid 1 0 0 0 0 0 0.0 50510.0 40748.5 7359.5
X Ed valid 2 1 0 0 0 0 1.5 50510.0 40749.25 7359.5
X Ve valid 1 0 0 0 0 0 0.0 50510.0 40251.5 7359.5
X Ed valid 2 1 0 0 0 0 497.0 50510.0 40500.0 7359.5
X Ve valid 1 0 0 0 0 0 0.0 50510.0 40251.5 7359.5
X Ve valid 1 0 0 0 0 0 0.0 50510.0 40248.5 7359.5
X Ed valid 2 1 0 0 0 0 3.0 50510.0 40250.0 7359.5
X Ve valid 1 0 0 0 0 0 0.0 50510.0 30303.0 7359.5
X Ed valid 2 1 0 0 0 0 9945.5 50510.0 35275.75 7359.5
X Ve valid 1 0 0 0 0 0 0.0 50510.0 30300.0 7359.5
X Ed valid 2 1 0 0 0 0 3.0 50510.0 30301.5 7359.5
X Ve valid 1 0 0 0 0 0 0.0 47000.0 45700.0 6677.7998046875
X Ve valid 1 0 0 0 0 0 0.0 49590.0 45700.0 6677.7998046875
X Ed valid 2 1 0 0 0 0 2590.0 48295.0 45700.0 6677.7998046875
X Ve valid 1 0 0 0 0 0 0.0 50340.0 45700.0 7427.7998046875
X Ed valid 2 1 0 0 0 0 1060.66017177982 49965.0 45700.0 7052.7998046875
X Ve valid 1 0 0 0 0 0 0.0 50340.0 48748.5 7427.7998046875
X Ed valid 2 1 0 0 0 0 3048.5 50340.0 47224.25 7427.7998046875
X Ve valid 1 0 0 0 0 0 0.0 50340.0 48750.0 7427.7998046875
X Ed valid 2 1 0 0 0 0 1.5 50340.0 48749.25 7427.7998046875
X Ve valid 1 0 0 0 0 0 0.0 50340.0 48751.5 7427.7998046875
X Ed valid 2 1 0 0 0 0 1.5 50340.0 48750.75 7427.7998046875
X Ve valid 1 0 0 0 0 0 0.0 50340.0 49248.5 7427.7998046875
X Ed valid 2 1 0 0 0 0 497.0 50340.0 49000.0 7427.7998046875
X Ve valid 1 0 0 0 0 0 0.0 50340.0 49248.5 7427.7998046875
X Ve valid 1 0 0 0 0 0 0.0 50340.0 49251.5 7427.7998046875
X Ed valid 2 1 0 0 0 0 3.0 50340.0 49250.0 7427.7998046875
X Ve valid 1 0 0 0 0 0 0.0 50340.0 70000.0 7427.7998046875
X Ed valid 2 1 0 0 0 0 20748.5 50340.0 59625.75 7427.7998046875
X Ve valid 1 0 0 0 0 0 0.0 50020.0 66300.0 7427.7998046875
X Ve valid 1 0 0 0 0 0 0.0 50020.0 66300.0 8084.10009765625
X Ed valid 2 1 0 0 0 0 656.30029296875 50020.0 66300.0 7755.949951171875
X Ve valid 1 0 0 0 0 0 0.0 52000.0 66300.0 8084.10009765625
X Ed valid 2 1 0 0 0 0 1980.0 51010.0 66300.0 8084.10009765625
X Ve valid 1 0 0 0 0 0 0.0 52000.0 66300.0 5557.10009765625
X Ed valid 2 1 0 0 0 0 2527.0 52000.0 66300.0 6820.60009765625
X Ve valid 1 0 0 0 0 0 0.0 52000.0 66300.0 5342.39990234375
X Ed valid 2 1 0 0 0 0 214.7001953125 52000.0 66300.0 5449.75
X Ve valid 1 0 0 0 0 0 0.0 52000.0 66300.0 2257.10009765625
X Ed valid 2 1 0 0 0 0 3085.2998046875 52000.0 66300.0 3799.75
X Ve valid 1 0 0 0 0 0 0.0 53700.0 66300.0 2257.10009765625
X Ed valid 2 1 0 0 0 0 1700.0 52850.0 66300.0 2257.10009765625
X Ve valid 1 0 0 0 0 0 0.0 56200.0 66300.0 2257.10009765625
X Ed valid 2 1 0 0 0 0 2500.0 54950.0 66300.0 2257.10009765625
X Ve valid 1 0 0 0 0 0 0.0 58700.0 66300.0 2257.10009765625
X Ed valid 2 1 0 0 0 0 2500.0 57450.0 66300.0 2257.10009765625
X Ve valid 1 0 0 0 0 0 0.0 61200.0 66300.0 2257.10009765625
X Ed valid 2 1 0 0 0 0 2500.0 59950.0 66300.0 2257.10009765625
X Ve valid 1 0 0 0 0 0 0.0 63700.0 66300.0 2257.10009765625
X Ed valid 2 1 0 0 0 0 2500.0 62450.0 66300.0 2257.10009765625
X Ve valid 1 0 0 0 0 0 0.0 66200.0 66300.0 2257.10009765625
X Ed valid 2 1 0 0 0 0 2500.0 64950.0 66300.0 2257.10009765625
X Ve valid 1 0 0 0 0 0 0.0 67798.5 66300.0 2257.10009765625
X Ed valid 2 1 0 0 0 0 1598.5 66999.25 66300.0 2257.10009765625
X Ve valid 1 0 0 0 0 0 0.0 67800.0 66300.0 2257.10009765625
X Ed valid 2 1 0 0 0 0 1.5 67799.25 66300.0 2257.10009765625
X Ve valid 1 0 0 0 0 0 0.0 52000.0 66300.0 5557.10009765625
X Ve valid 1 0 0 0 0 0 0.0 53400.0 66300.0 5557.10009765625
X Ed valid 2 1 0 0 0 0 1400.0 52700.0 66300.0 5557.10009765625
X Ve valid 1 0 0 0 0 0 0.0 54950.0 66300.0 5557.10009765625
X Ed valid 2 1 0 0 0 0 1550.0 54175.0 66300.0 5557.10009765625
X Ve valid 1 0 0 0 0 0 0.0 55980.0 66300.0 5557.10009765625
X Ed valid 2 1 0 0 0 0 1030.0 55465.0 66300.0 5557.10009765625
X Ve valid 1 0 0 0 0 0 0.0 58400.0 66300.0 5557.10009765625
X Ed valid 2 1 0 0 0 0 2420.0 57190.0 66300.0 5557.10009765625
X Ve valid 1 0 0 0 0 0 0.0 61350.0 66300.0 5557.10009765625
X Ed valid 2 1 0 0 0 0 2950.0 59875.0 66300.0 5557.10009765625
X Ve valid 1 0 0 0 0 0 0.0 63700.0 66300.0 5557.10009765625
X Ed valid 2 1 0 0 0 0 2350.0 62525.0 66300.0 5557.10009765625
X Ve valid 1 0 0 0 0 0 0.0 66200.0 66300.0 5557.10009765625
X Ed valid 2 1 0 0 0 0 2500.0 64950.0 66300.0 5557.10009765625
X Ve valid 1 0 0 0 0 0 0.0 67798.5 66300.0 5557.10009765625
X Ed valid 2 1 0 0 0 0 1598.5 66999.25 66300.0 5557.10009765625
X Ve valid 1 0 0 0 0 0 0.0 67800.0 66300.0 5557.10009765625
X Ed valid 2 1 0 0 0 0 1.5 67799.25 66300.0 5557.10009765625
X Ve valid 1 0 0 0 0 0 0.0 52000.0 66300.0 9557.2001953125
X Ve valid 1 0 0 0 0 0 0.0 53400.0 66300.0 9557.2001953125
X Ed valid 2 1 0 0 0 0 1400.0 52700.0 66300.0 9557.2001953125
X Ve valid 1 0 0 0 0 0 0.0 54700.0 66300.0 9557.2001953125
X Ed valid 2 1 0 0 0 0 1300.0 54050.0 66300.0 9557.2001953125
X Ve valid 1 0 0 0 0 0 0.0 55900.0 66300.0 9557.2001953125
X Ed valid 2 1 0 0 0 0 1200.0 55300.0 66300.0 9557.2001953125
X Ve valid 1 0 0 0 0 0 0.0 58400.0 66300.0 9557.2001953125
X Ed valid 2 1 0 0 0 0 2500.0 57150.0 66300.0 9557.2001953125
X Ve valid 1 0 0 0 0 0 0.0 61390.0 66300.0 9557.2001953125
X Ed valid 2 1 0 0 0 0 2990.0 59895.0 66300.0 9557.2001953125
X Ve valid 1 0 0 0 0 0 0.0 62100.0 66300.0 9557.2001953125
X Ed valid 2 1 0 0 0 0 710.0 61745.0 66300.0 9557.2001953125
X Ve valid 1 0 0 0 0 0 0.0 63700.0 66300.0 9557.2001953125
X Ed valid 2 1 0 0 0 0 1600.0 62900.0 66300.0 9557.2001953125
X Ve valid 1 0 0 0 0 0 0.0 64450.0 66300.0 9557.2001953125
X Ed valid 2 1 0 0 0 0 750.0 64075.0 66300.0 9557.2001953125
X Ve valid 1 0 0 0 0 0 0.0 66200.0 66300.0 9557.2001953125
X Ed valid 2 1 0 0 0 0 1750.0 65325.0 66300.0 9557.2001953125
X Ve valid 1 0 0 0 0 0 0.0 67800.0 66300.0 9557.2001953125
X Ed valid 2 1 0 0 0 0 1600.0 67000.0 66300.0 9557.2001953125
X Ve valid 1 0 0 0 0 0 0.0 67801.5 66300.0 9557.2001953125
X Ed valid 2 1 0 0 0 0 1.5 67800.75 66300.0 9557.2001953125
X Ve valid 1 0 0 0 0 0 0.0 52000.0 66300.0 13757.2001953125
X Ve valid 1 0 0 0 0 0 0.0 53400.0 66300.0 13757.2001953125
X Ed valid 2 1 0 0 0 0 1400.0 52700.0 66300.0 13757.2001953125
X Ve valid 1 0 0 0 0 0 0.0 54750.0 66300.0 13757.2001953125
X Ed valid 2 1 0 0 0 0 1350.0 54075.0 66300.0 13757.2001953125
X Ve valid 1 0 0 0 0 0 0.0 55900.0 66300.0 13757.2001953125
X Ed valid 2 1 0 0 0 0 1150.0 55325.0 66300.0 13757.2001953125
X Ve valid 1 0 0 0 0 0 0.0 58400.0 66300.0 13757.2001953125
X Ed valid 2 1 0 0 0 0 2500.0 57150.0 66300.0 13757.2001953125
X Ve valid 1 0 0 0 0 0 0.0 60200.0 66300.0 13757.2001953125
X Ed valid 2 1 0 0 0 0 1800.0 59300.0 66300.0 13757.2001953125
X Ve valid 1 0 0 0 0 0 0.0 62100.0 66300.0 13757.2001953125
X Ed valid 2 1 0 0 0 0 1900.0 61150.0 66300.0 13757.2001953125
X Ve valid 1 0 0 0 0 0 0.0 63700.0 66300.0 13757.2001953125
X Ed valid 2 1 0 0 0 0 1600.0 62900.0 66300.0 13757.2001953125
X Ve valid 1 0 0 0 0 0 0.0 64500.0 66300.0 13757.2001953125
X Ed valid 2 1 0 0 0 0 800.0 64100.0 66300.0 13757.2001953125
X Ve valid 1 0 0 0 0 0 0.0 66200.0 66300.0 13757.2001953125
X Ed valid 2 1 0 0 0 0 1700.0 65350.0 66300.0 13757.2001953125
X Ve valid 1 0 0 0 0 0 0.0 67800.0 66300.0 13757.2001953125
X Ed valid 2 1 0 0 0 0 1600.0 67000.0 66300.0 13757.2001953125
X Ve valid 1 0 0 0 0 0 0.0 67801.5 66300.0 13757.2001953125
X Ed valid 2 1 0 0 0 0 1.5 67800.75 66300.0 13757.2001953125
X Ve valid 1 0 0 0 0 0 0.0 52000.0 66300.0 17057.19921875
X Ve valid 1 0 0 0 0 0 0.0 53700.0 66300.0 17057.19921875
X Ed valid 2 1 0 0 0 0 1700.0 52850.0 66300.0 17057.19921875
X Ve valid 1 0 0 0 0 0 0.0 54650.0 66300.0 17057.19921875
X Ed valid 2 1 0 0 0 0 950.0 54175.0 66300.0 17057.19921875
X Ve valid 1 0 0 0 0 0 0.0 56200.0 66300.0 17057.19921875
X Ed valid 2 1 0 0 0 0 1550.0 55425.0 66300.0 17057.19921875
X Ve valid 1 0 0 0 0 0 0.0 58700.0 66300.0 17057.19921875
X Ed valid 2 1 0 0 0 0 2500.0 57450.0 66300.0 17057.19921875
X Ve valid 1 0 0 0 0 0 0.0 61600.0 66300.0 17057.19921875
X Ed valid 2 1 0 0 0 0 2900.0 60150.0 66300.0 17057.19921875
X Ve valid 1 0 0 0 0 0 0.0 62050.0 66300.0 17057.19921875
X Ed valid 2 1 0 0 0 0 450.0 61825.0 66300.0 17057.19921875
X Ve valid 1 0 0 0 0 0 0.0 64175.0 66300.0 17057.19921875
X Ed valid 2 1 0 0 0 0 2125.0 63112.5 66300.0 17057.19921875
X Ve valid 1 0 0 0 0 0 0.0 64800.0 66300.0 17057.19921875
X Ed valid 2 1 0 0 0 0 625.0 64487.5 66300.0 17057.19921875
X Ve valid 1 0 0 0 0 0 0.0 66200.0 66300.0 17057.19921875
X Ed valid 2 1 0 0 0 0 1400.0 65500.0 66300.0 17057.19921875
X Ve valid 1 0 0 0 0 0 0.0 69150.0 66300.0 17057.19921875
X Ed valid 2 1 0 0 0 0 2950.0 67675.0 66300.0 17057.19921875
X Ve valid 1 0 0 0 0 0 0.0 73000.0 66300.0 17057.19921875
X Ed valid 2 1 0 0 0 0 3850.0 71075.0 66300.0 17057.19921875
X Ve valid 1 0 0 0 0 0 0.0 73001.5 66300.0 17057.19921875
X Ed valid 2 1 0 0 0 0 1.5 73000.75 66300.0 17057.19921875
X Ve valid 1 0 0 0 0 0 0.0 52000.0 66300.0 8229.0
X Ve valid 1 0 0 0 0 0 0.0 52000.0 66300.0 9557.2001953125
X Ed valid 2 1 0 0 0 0 1328.2001953125 52000.0 66300.0 8893.10009765625
X Ve valid 1 0 0 0 0 0 0.0 52000.0 66300.0 13757.2001953125
X Ed valid 2 1 0 0 0 0 4200.0 52000.0 66300.0 11657.2001953125
X Ve valid 1 0 0 0 0 0 0.0 52000.0 66300.0 17057.19921875
X Ed valid 2 1 0 0 0 0 3299.9990234375 52000.0 66300.0 15407.19970703125
X Ve valid 1 0 0 0 0 0 0.0 52000.0 66300.0 20832.900390625
X Ed valid 2 1 0 0 0 0 3775.701171875 52000.0 66300.0 18945.0498046875
X Ve valid 1 0 0 0 0 0 0.0 52000.0 66300.0 21057.19921875
X Ed valid 2 1 0 0 0 0 224.298828125 52000.0 66300.0 20945.0498046875
X Ve valid 1 0 0 0 0 0 0.0 53700.0 66300.0 21057.19921875
X Ed valid 2 1 0 0 0 0 1700.0 52850.0 66300.0 21057.19921875
X Ve valid 1 0 0 0 0 0 0.0 55250.0 66300.0 21057.19921875
X Ed valid 2 1 0 0 0 0 1550.0 54475.0 66300.0 21057.19921875
X Ve valid 1 0 0 0 0 0 0.0 56200.0 66300.0 21057.19921875
X Ed valid 2 1 0 0 0 0 950.0 55725.0 66300.0 21057.19921875
X Ve valid 1 0 0 0 0 0 0.0 58700.0 66300.0 21057.19921875
X Ed valid 2 1 0 0 0 0 2500.0 57450.0 66300.0 21057.19921875
X Ve valid 1 0 0 0 0 0 0.0 61400.0 66300.0 21057.19921875
X Ed valid 2 1 0 0 0 0 2700.0 60050.0 66300.0 21057.19921875
X Ve valid 1 0 0 0 0 0 0.0 63300.0 66300.0 21057.19921875
X Ed valid 2 1 0 0 0 0 1900.0 62350.0 66300.0 21057.19921875
X Ve valid 1 0 0 0 0 0 0.0 63500.0 66300.0 21057.19921875
X Ed valid 2 1 0 0 0 0 200.0 63400.0 66300.0 21057.19921875
X Ve valid 1 0 0 0 0 0 0.0 66200.0 66300.0 21057.19921875
X Ed valid 2 1 0 0 0 0 2700.0 64850.0 66300.0 21057.19921875
X Ve valid 1 0 0 0 0 0 0.0 67798.5 66300.0 21057.19921875
X Ed valid 2 1 0 0 0 0 1598.5 66999.25 66300.0 21057.19921875
X Ve valid 1 0 0 0 0 0 0.0 67800.0 66300.0 21057.19921875
X Ed valid 2 1 0 0 0 0 1.5 67799.25 66300.0 21057.19921875
X Ve valid 1 0 0 0 0 0 0.0 53700.0 66950.0 2757.10009765625
X Ve valid 1 0 0 0 0 0 0.0 53700.0 66950.0 1.0
X Ed valid 2 1 0 0 0 0 2756.10009765625 53700.0 66950.0 1379.050048828125
X Ve valid 1 0 0 0 0 0 0.0 53700.0 66300.0 2314.30004882813
X Ve valid 1 0 0 0 0 0 0.0 53700.0 66300.0 2757.10009765625
X Ed valid 2 1 0 0 0 0 442.800048828125 53700.0 66300.0 2535.700073242193
X Ve valid 1 0 0 0 0 0 0.0 53700.0 66950.0 2757.10009765625
X Ed valid 2 1 0 0 0 0 650.0 53700.0 66625.0 2757.10009765625
X Ve valid 1 0 0 0 0 0 0.0 53700.0 67064.0 2757.10009765625
X Ed valid 2 1 0 0 0 0 114.0 53700.0 67007.0 2757.10009765625
X Ve valid 1 0 0 0 0 0 0.0 53700.0 68900.0 2757.10009765625
X Ed valid 2 1 0 0 0 0 1836.0 53700.0 67982.0 2757.10009765625
X Ve valid 1 0 0 0 0 0 0.0 53700.0 68900.0 1.0
X Ed valid 2 1 0 0 0 0 2756.10009765625 53700.0 68900.0 1379.050048828125
X Ve valid 1 0 0 0 0 0 0.0 56200.0 66300.0 2314.30004882813
X Ve valid 1 0 0 0 0 0 0.0 56200.0 66300.0 2757.10009765625
X Ed valid 2 1 0 0 0 0 442.800048828125 56200.0 66300.0 2535.700073242193
X Ve valid 1 0 0 0 0 0 0.0 56200.0 66950.0 2757.10009765625
X Ed valid 2 1 0 0 0 0 650.0 56200.0 66625.0 2757.10009765625
X Ve valid 1 0 0 0 0 0 0.0 56200.0 67064.0 2757.10009765625
X Ed valid 2 1 0 0 0 0 114.0 56200.0 67007.0 2757.10009765625
X Ve valid 1 0 0 0 0 0 0.0 56200.0 68900.0 2757.10009765625
X Ed valid 2 1 0 0 0 0 1836.0 56200.0 67982.0 2757.10009765625
X Ve valid 1 0 0 0 0 0 0.0 56200.0 68900.0 1.0
X Ed valid 2 1 0 0 0 0 2756.10009765625 56200.0 68900.0 1379.050048828125
X Ve valid 1 0 0 0 0 0 0.0 56200.0 66950.0 2757.10009765625
X Ve valid 1 0 0 0 0 0 0.0 56200.0 66950.0 1.0
X Ed valid 2 1 0 0 0 0 2756.10009765625 56200.0 66950.0 1379.050048828125
X Ve valid 1 0 0 0 0 0 0.0 58700.0 66300.0 2314.30004882813
X Ve valid 1 0 0 0 0 0 0.0 58700.0 66300.0 2757.10009765625
X Ed valid 2 1 0 0 0 0 442.800048828125 58700.0 66300.0 2535.700073242193
X Ve valid 1 0 0 0 0 0 0.0 58700.0 66830.0 2757.10009765625
X Ed valid 2 1 0 0 0 0 530.0 58700.0 66565.0 2757.10009765625
X Ve valid 1 0 0 0 0 0 0.0 58700.0 66944.0 2757.10009765625
X Ed valid 2 1 0 0 0 0 114.0 58700.0 66887.0 2757.10009765625
X Ve valid 1 0 0 0 0 0 0.0 58700.0 68900.0 2757.10009765625
X Ed valid 2 1 0 0 0 0 1956.0 58700.0 67922.0 2757.10009765625
X Ve valid 1 0 0 0 0 0 0.0 58700.0 68900.0 1.0
X Ed valid 2 1 0 0 0 0 2756.10009765625 58700.0 68900.0 1379.050048828125
X Ve valid 1 0 0 0 0 0 0.0 58700.0 66830.0 2757.10009765625
X Ve valid 1 0 0 0 0 0 0.0 58700.0 66830.0 1.0
X Ed valid 2 1 0 0 0 0 2756.10009765625 58700.0 66830.0 1379.050048828125
X Ve valid 1 0 0 0 0 0 0.0 61200.0 66300.0 2314.30004882813
X Ve valid 1 0 0 0 0 0 0.0 61200.0 66300.0 2757.10009765625
X Ed valid 2 1 0 0 0 0 442.800048828125 61200.0 66300.0 2535.700073242193
X Ve valid 1 0 0 0 0 0 0.0 61200.0 66500.0 2757.10009765625
X Ed valid 2 1 0 0 0 0 200.0 61200.0 66400.0 2757.10009765625
X Ve valid 1 0 0 0 0 0 0.0 61200.0 66614.0 2757.10009765625
X Ed valid 2 1 0 0 0 0 114.0 61200.0 66557.0 2757.10009765625
X Ve valid 1 0 0 0 0 0 0.0 61200.0 68900.0 2757.10009765625
X Ed valid 2 1 0 0 0 0 2286.0 61200.0 67757.0 2757.10009765625
X Ve valid 1 0 0 0 0 0 0.0 61200.0 68900.0 1.0
X Ed valid 2 1 0 0 0 0 2756.10009765625 61200.0 68900.0 1379.050048828125
X Ve valid 1 0 0 0 0 0 0.0 61200.0 66500.0 2757.10009765625
X Ve valid 1 0 0 0 0 0 0.0 61200.0 66500.0 1.0
X Ed valid 2 1 0 0 0 0 2756.10009765625 61200.0 66500.0 1379.050048828125
X Ve valid 1 0 0 0 0 0 0.0 63700.0 66300.0 2314.30004882813
X Ve valid 1 0 0 0 0 0 0.0 63700.0 66300.0 2757.10009765625
X Ed valid 2 1 0 0 0 0 442.800048828125 63700.0 66300.0 2535.700073242193
X Ve valid 1 0 0 0 0 0 0.0 63700.0 66500.0 2757.10009765625
X Ed valid 2 1 0 0 0 0 200.0 63700.0 66400.0 2757.10009765625
X Ve valid 1 0 0 0 0 0 0.0 63700.0 66614.0 2757.10009765625
X Ed valid 2 1 0 0 0 0 114.0 63700.0 66557.0 2757.10009765625
X Ve valid 1 0 0 0 0 0 0.0 63700.0 68900.0 2757.10009765625
X Ed valid 2 1 0 0 0 0 2286.0 63700.0 67757.0 2757.10009765625
X Ve valid 1 0 0 0 0 0 0.0 63700.0 68900.0 1.0
X Ed valid 2 1 0 0 0 0 2756.10009765625 63700.0 68900.0 1379.050048828125
X Ve valid 1 0 0 0 0 0 0.0 63700.0 66300.0 2757.10009765625
X Ve valid 1 0 0 0 0 0 0.0 63700.0 66206.0 2757.10009765625
X Ed valid 2 1 0 0 0 0 94.0 63700.0 66253.0 2757.10009765625
X Ve valid 1 0 0 0 0 0 0.0 63700.0 64900.0 2757.10009765625
X Ed valid 2 1 0 0 0 0 1306.0 63700.0 65553.0 2757.10009765625
X Ve valid 1 0 0 0 0 0 0.0 63700.0 64900.0 1.0
X Ed valid 2 1 0 0 0 0 2756.10009765625 63700.0 64900.0 1379.050048828125
X Ve valid 1 0 0 0 0 0 0.0 63700.0 66500.0 2757.10009765625
X Ve valid 1 0 0 0 0 0 0.0 63700.0 66500.0 1.0
X Ed valid 2 1 0 0 0 0 2756.10009765625 63700.0 66500.0 1379.050048828125
X Ve valid 1 0 0 0 0 0 0.0 66200.0 66300.0 2314.30004882813
X Ve valid 1 0 0 0 0 0 0.0 66200.0 66300.0 2757.10009765625
X Ed valid 2 1 0 0 0 0 442.800048828125 66200.0 66300.0 2535.700073242193
X Ve valid 1 0 0 0 0 0 0.0 66200.0 66500.0 2757.10009765625
X Ed valid 2 1 0 0 0 0 200.0 66200.0 66400.0 2757.10009765625
X Ve valid 1 0 0 0 0 0 0.0 66200.0 66614.0 2757.10009765625
X Ed valid 2 1 0 0 0 0 114.0 66200.0 66557.0 2757.10009765625
X Ve valid 1 0 0 0 0 0 0.0 66200.0 68900.0 2757.10009765625
X Ed valid 2 1 0 0 0 0 2286.0 66200.0 67757.0 2757.10009765625
X Ve valid 1 0 0 0 0 0 0.0 66200.0 68900.0 1.0
X Ed valid 2 1 0 0 0 0 2756.10009765625 66200.0 68900.0 1379.050048828125
X Ve valid 1 0 0 0 0 0 0.0 66200.0 66300.0 2757.10009765625
X Ve valid 1 0 0 0 0 0 0.0 66200.0 66206.0 2757.10009765625
X Ed valid 2 1 0 0 0 0 94.0 66200.0 66253.0 2757.10009765625
X Ve valid 1 0 0 0 0 0 0.0 66200.0 64900.0 2757.10009765625
X Ed valid 2 1 0 0 0 0 1306.0 66200.0 65553.0 2757.10009765625
X Ve valid 1 0 0 0 0 0 0.0 66200.0 64900.0 1.0
X Ed valid 2 1 0 0 0 0 2756.10009765625 66200.0 64900.0 1379.050048828125
X Ve valid 1 0 0 0 0 0 0.0 66200.0 66500.0 2757.10009765625
X Ve valid 1 0 0 0 0 0 0.0 66200.0 66500.0 1.0
X Ed valid 2 1 0 0 0 0 2756.10009765625 66200.0 66500.0 1379.050048828125
X Ve valid 1 0 0 0 0 0 0.0 61350.0 66300.0 5614.2998046875
X Ve valid 1 0 0 0 0 0 0.0 61350.0 66300.0 6057.10009765625
X Ed valid 2 1 0 0 0 0 442.80029296875 61350.0 66300.0 5835.699951171875
X Ve valid 1 0 0 0 0 0 0.0 61350.0 67000.0 6057.10009765625
X Ed valid 2 1 0 0 0 0 700.0 61350.0 66650.0 6057.10009765625
X Ve valid 1 0 0 0 0 0 0.0 61350.0 67114.0 6057.10009765625
X Ed valid 2 1 0 0 0 0 114.0 61350.0 67057.0 6057.10009765625
X Ve valid 1 0 0 0 0 0 0.0 61350.0 69400.0 6057.10009765625
X Ed valid 2 1 0 0 0 0 2286.0 61350.0 68257.0 6057.10009765625
X Ve valid 1 0 0 0 0 0 0.0 61350.0 69400.0 1.0
X Ed valid 2 1 0 0 0 0 6056.10009765625 61350.0 69400.0 3029.050048828125
X Ve valid 1 0 0 0 0 0 0.0 61350.0 66300.0 6057.10009765625
X Ve valid 1 0 0 0 0 0 0.0 61350.0 66206.0 6057.10009765625
X Ed valid 2 1 0 0 0 0 94.0 61350.0 66253.0 6057.10009765625
X Ve valid 1 0 0 0 0 0 0.0 61350.0 64900.0 6057.10009765625
X Ed valid 2 1 0 0 0 0 1306.0 61350.0 65553.0 6057.10009765625
X Ve valid 1 0 0 0 0 0 0.0 61350.0 64900.0 1.0
X Ed valid 2 1 0 0 0 0 6056.10009765625 61350.0 64900.0 3029.050048828125
X Ve valid 1 0 0 0 0 0 0.0 61350.0 67000.0 6057.10009765625
X Ve valid 1 0 0 0 0 0 0.0 61350.0 67000.0 1.0
X Ed valid 2 1 0 0 0 0 6056.10009765625 61350.0 67000.0 3029.050048828125
X Ve valid 1 0 0 0 0 0 0.0 63700.0 66300.0 5614.2998046875
X Ve valid 1 0 0 0 0 0 0.0 63700.0 66300.0 6057.10009765625
X Ed valid 2 1 0 0 0 0 442.80029296875 63700.0 66300.0 5835.699951171875
X Ve valid 1 0 0 0 0 0 0.0 63700.0 67000.0 6057.10009765625
X Ed valid 2 1 0 0 0 0 700.0 63700.0 66650.0 6057.10009765625
X Ve valid 1 0 0 0 0 0 0.0 63700.0 67114.0 6057.10009765625
X Ed valid 2 1 0 0 0 0 114.0 63700.0 67057.0 6057.10009765625
X Ve valid 1 0 0 0 0 0 0.0 63700.0 69400.0 6057.10009765625
X Ed valid 2 1 0 0 0 0 2286.0 63700.0 68257.0 6057.10009765625
X Ve valid 1 0 0 0 0 0 0.0 63700.0 69400.0 1.0
X Ed valid 2 1 0 0 0 0 6056.10009765625 63700.0 69400.0 3029.050048828125
X Ve valid 1 0 0 0 0 0 0.0 63700.0 66300.0 6057.10009765625
X Ve valid 1 0 0 0 0 0 0.0 63700.0 66206.0 6057.10009765625
X Ed valid 2 1 0 0 0 0 94.0 63700.0 66253.0 6057.10009765625
X Ve valid 1 0 0 0 0 0 0.0 63700.0 64900.0 6057.10009765625
X Ed valid 2 1 0 0 0 0 1306.0 63700.0 65553.0 6057.10009765625
X Ve valid 1 0 0 0 0 0 0.0 63700.0 64900.0 1.0
X Ed valid 2 1 0 0 0 0 6056.10009765625 63700.0 64900.0 3029.050048828125
X Ve valid 1 0 0 0 0 0 0.0 63700.0 67000.0 6057.10009765625
X Ve valid 1 0 0 0 0 0 0.0 63700.0 67000.0 1.0
X Ed valid 2 1 0 0 0 0 6056.10009765625 63700.0 67000.0 3029.050048828125
X Ve valid 1 0 0 0 0 0 0.0 66200.0 66300.0 5614.2998046875
X Ve valid 1 0 0 0 0 0 0.0 66200.0 66300.0 6057.10009765625
X Ed valid 2 1 0 0 0 0 442.80029296875 66200.0 66300.0 5835.699951171875
X Ve valid 1 0 0 0 0 0 0.0 66200.0 67350.0 6057.10009765625
X Ed valid 2 1 0 0 0 0 1050.0 66200.0 66825.0 6057.10009765625
X Ve valid 1 0 0 0 0 0 0.0 66200.0 67464.0 6057.10009765625
X Ed valid 2 1 0 0 0 0 114.0 66200.0 67407.0 6057.10009765625
X Ve valid 1 0 0 0 0 0 0.0 66200.0 69400.0 6057.10009765625
X Ed valid 2 1 0 0 0 0 1936.0 66200.0 68432.0 6057.10009765625
X Ve valid 1 0 0 0 0 0 0.0 66200.0 69400.0 1.0
X Ed valid 2 1 0 0 0 0 6056.10009765625 66200.0 69400.0 3029.050048828125
X Ve valid 1 0 0 0 0 0 0.0 66200.0 66300.0 6057.10009765625
X Ve valid 1 0 0 0 0 0 0.0 66200.0 66206.0 6057.10009765625
X Ed valid 2 1 0 0 0 0 94.0 66200.0 66253.0 6057.10009765625
X Ve valid 1 0 0 0 0 0 0.0 66200.0 64750.0 6057.10009765625
X Ed valid 2 1 0 0 0 0 1456.0 66200.0 65478.0 6057.10009765625
X Ve valid 1 0 0 0 0 0 0.0 66200.0 64750.0 1.0
X Ed valid 2 1 0 0 0 0 6056.10009765625 66200.0 64750.0 3029.050048828125
X Ve valid 1 0 0 0 0 0 0.0 66200.0 67350.0 6057.10009765625
X Ve valid 1 0 0 0 0 0 0.0 66200.0 67350.0 1.0
X Ed valid 2 1 0 0 0 0 6056.10009765625 66200.0 67350.0 3029.050048828125
X Ve valid 1 0 0 0 0 0 0.0 53400.0 66300.0 9614.2998046875
X Ve valid 1 0 0 0 0 0 0.0 53400.0 66300.0 10057.2001953125
X Ed valid 2 1 0 0 0 0 442.900390625 53400.0 66300.0 9835.75
X Ve valid 1 0 0 0 0 0 0.0 53400.0 67000.0 10057.2001953125
X Ed valid 2 1 0 0 0 0 700.0 53400.0 66650.0 10057.2001953125
X Ve valid 1 0 0 0 0 0 0.0 53400.0 67114.0 10057.2001953125
X Ed valid 2 1 0 0 0 0 114.0 53400.0 67057.0 10057.2001953125
X Ve valid 1 0 0 0 0 0 0.0 53400.0 69400.0 10057.2001953125
X Ed valid 2 1 0 0 0 0 2286.0 53400.0 68257.0 10057.2001953125
X Ve valid 1 0 0 0 0 0 0.0 53400.0 69400.0 1.0
X Ed valid 2 1 0 0 0 0 10056.2001953125 53400.0 69400.0 5029.10009765625
X Ve valid 1 0 0 0 0 0 0.0 53400.0 66300.0 10057.2001953125
X Ve valid 1 0 0 0 0 0 0.0 53400.0 66206.0 10057.2001953125
X Ed valid 2 1 0 0 0 0 94.0 53400.0 66253.0 10057.2001953125
X Ve valid 1 0 0 0 0 0 0.0 53400.0 64900.0 10057.2001953125
X Ed valid 2 1 0 0 0 0 1306.0 53400.0 65553.0 10057.2001953125
X Ve valid 1 0 0 0 0 0 0.0 53400.0 64900.0 1.0
X Ed valid 2 1 0 0 0 0 10056.2001953125 53400.0 64900.0 5029.10009765625
X Ve valid 1 0 0 0 0 0 0.0 53400.0 67000.0 10057.2001953125
X Ve valid 1 0 0 0 0 0 0.0 53400.0 67000.0 1.0
X Ed valid 2 1 0 0 0 0 10056.2001953125 53400.0 67000.0 5029.10009765625
X Ve valid 1 0 0 0 0 0 0.0 55900.0 66300.0 9614.2998046875
X Ve valid 1 0 0 0 0 0 0.0 55900.0 66300.0 10057.2001953125
X Ed valid 2 1 0 0 0 0 442.900390625 55900.0 66300.0 9835.75
X Ve valid 1 0 0 0 0 0 0.0 55900.0 67000.0 10057.2001953125
X Ed valid 2 1 0 0 0 0 700.0 55900.0 66650.0 10057.2001953125
X Ve valid 1 0 0 0 0 0 0.0 55900.0 67114.0 10057.2001953125
X Ed valid 2 1 0 0 0 0 114.0 55900.0 67057.0 10057.2001953125
X Ve valid 1 0 0 0 0 0 0.0 55900.0 69400.0 10057.2001953125
X Ed valid 2 1 0 0 0 0 2286.0 55900.0 68257.0 10057.2001953125
X Ve valid 1 0 0 0 0 0 0.0 55900.0 69400.0 1.0
X Ed valid 2 1 0 0 0 0 10056.2001953125 55900.0 69400.0 5029.10009765625
X Ve valid 1 0 0 0 0 0 0.0 55900.0 66300.0 10057.2001953125
X Ve valid 1 0 0 0 0 0 0.0 55900.0 66206.0 10057.2001953125
X Ed valid 2 1 0 0 0 0 94.0 55900.0 66253.0 10057.2001953125
X Ve valid 1 0 0 0 0 0 0.0 55900.0 64900.0 10057.2001953125
X Ed valid 2 1 0 0 0 0 1306.0 55900.0 65553.0 10057.2001953125
X Ve valid 1 0 0 0 0 0 0.0 55900.0 64900.0 1.0
X Ed valid 2 1 0 0 0 0 10056.2001953125 55900.0 64900.0 5029.10009765625
X Ve valid 1 0 0 0 0 0 0.0 55900.0 67000.0 10057.2001953125
X Ve valid 1 0 0 0 0 0 0.0 55900.0 67000.0 1.0
X Ed valid 2 1 0 0 0 0 10056.2001953125 55900.0 67000.0 5029.10009765625
X Ve valid 1 0 0 0 0 0 0.0 58400.0 66300.0 9614.2998046875
X Ve valid 1 0 0 0 0 0 0.0 58400.0 66300.0 10057.2001953125
X Ed valid 2 1 0 0 0 0 442.900390625 58400.0 66300.0 9835.75
X Ve valid 1 0 0 0 0 0 0.0 58400.0 67000.0 10057.2001953125
X Ed valid 2 1 0 0 0 0 700.0 58400.0 66650.0 10057.2001953125
X Ve valid 1 0 0 0 0 0 0.0 58400.0 67114.0 10057.2001953125
X Ed valid 2 1 0 0 0 0 114.0 58400.0 67057.0 10057.2001953125
X Ve valid 1 0 0 0 0 0 0.0 58400.0 69400.0 10057.2001953125
X Ed valid 2 1 0 0 0 0 2286.0 58400.0 68257.0 10057.2001953125
X Ve valid 1 0 0 0 0 0 0.0 58400.0 69400.0 1.0
X Ed valid 2 1 0 0 0 0 10056.2001953125 58400.0 69400.0 5029.10009765625
X Ve valid 1 0 0 0 0 0 0.0 58400.0 66300.0 10057.2001953125
X Ve valid 1 0 0 0 0 0 0.0 58400.0 66206.0 10057.2001953125
X Ed valid 2 1 0 0 0 0 94.0 58400.0 66253.0 10057.2001953125
X Ve valid 1 0 0 0 0 0 0.0 58400.0 64900.0 10057.2001953125
X Ed valid 2 1 0 0 0 0 1306.0 58400.0 65553.0 10057.2001953125
X Ve valid 1 0 0 0 0 0 0.0 58400.0 64900.0 1.0
X Ed valid 2 1 0 0 0 0 10056.2001953125 58400.0 64900.0 5029.10009765625
X Ve valid 1 0 0 0 0 0 0.0 58400.0 67000.0 10057.2001953125
X Ve valid 1 0 0 0 0 0 0.0 58400.0 67000.0 1.0
X Ed valid 2 1 0 0 0 0 10056.2001953125 58400.0 67000.0 5029.10009765625
X Ve valid 1 0 0 0 0 0 0.0 61390.0 66300.0 9614.2998046875
X Ve valid 1 0 0 0 0 0 0.0 61390.0 66300.0 10057.2001953125
X Ed valid 2 1 0 0 0 0 442.900390625 61390.0 66300.0 9835.75
X Ve valid 1 0 0 0 0 0 0.0 61390.0 67000.0 10057.2001953125
X Ed valid 2 1 0 0 0 0 700.0 61390.0 66650.0 10057.2001953125
X Ve valid 1 0 0 0 0 0 0.0 61390.0 67114.0 10057.2001953125
X Ed valid 2 1 0 0 0 0 114.0 61390.0 67057.0 10057.2001953125
X Ve valid 1 0 0 0 0 0 0.0 61390.0 69400.0 10057.2001953125
X Ed valid 2 1 0 0 0 0 2286.0 61390.0 68257.0 10057.2001953125
X Ve valid 1 0 0 0 0 0 0.0 61390.0 69400.0 1.0
X Ed valid 2 1 0 0 0 0 10056.2001953125 61390.0 69400.0 5029.10009765625
F bottle.brep 0
F edge.brep 1
X Ed valid 2 1 0 0 0 0 180.0000000000004 238.7353019714398 177.4706039428711 0.0
F face.brep 1
X Fa valid 6 6 3 1 0 0 12999.11485751288 218.67417217792138 127.34834435584234 0.0
F face1.brep 1
X Fa valid 4 4 1 1 0 0 1.6871885717156034 -0.5876543696718598 -9.473555295270997e-16 0.4
F face2.brep 1
X Fa valid 30 30 7 1 0 0 26274.245610924903 153.31028310665158 13.680441134358691 55.99999999999997
F fuse.brep 1
X Sh valid 13 19 13 10 1 0 6.0942477781935604 0.5061860155774337 0.5061860154769158 0.5061860155546497
F hammer.brep 45
X Fa valid 4 4 1 1 0 0 3328765.576722747 -5910.480345258779 20564.970462796246 -12811.77608412151
X Fa valid 4 4 1 1 0 0 3329017.9111722996 -5910.480345259356 18051.461836305876 -12811.776084121502
X Fa valid 4 4 1 1 0 0 4122886.2375419475 -5910.480345259005 20051.16819014743 -13649.99562883321
X Fa valid 4 4 1 1 0 0 4673619.463103316 -5910.480345258866 18089.818926667635 -13411.399832282514
X Fa valid 4 4 1 1 0 0 21297604.463923905 -5910.480345258827 20326.519729326923 -10560.95913809927
X Fa valid 4 4 1 1 0 0 77773143.6452555 -5910.4803452253545 18580.18564316766 1871.98153729199
X Fa valid 4 4 1 1 0 0 916478.4361413161 -5910.480345216578 18808.563028134697 13787.20599404295
X Fa valid 4 4 1 1 0 0 612072.7746026879 -5910.480345258648 19035.81211221424 13913.390154493387
X Fa valid 4 4 1 1 0 0 6080409.453919658 -4821.9084228296715 19224.668206943104 21751.424419365565
X Fa valid 4 4 1 1 0 0 1403099.4367434043 -10864.149256748227 19264.228105585997 23664.819427532144
X Fa valid 4 4 1 1 0 0 6473300.78474584 -10049.875855986 19264.22810558587 23709.42389622232
X Fa valid 4 4 1 1 0 0 1403183.249232189 -9235.602455223772 19264.228105586397 23664.847702229843
X Fa valid 4 4 1 1 0 0 16624317.413228026 -5446.282392847562 19308.241085134938 17224.8383015485
X Fa valid 4 4 2 1 0 0 1953220.9832790596 -5910.480329215844 19308.24108514457 13930.292396046
X Fa valid 4 4 1 1 0 0 16622775.703415325 -6374.661346981964 19308.24108514457 17224.838301548498
X Fa valid 4 4 1 1 0 0 1403099.436743383 -9235.60245522377 19264.228105585997 21851.25453019985
X Fa valid 4 4 1 1 0 0 6472733.728586275 -10049.875855986 19264.228105586008 21806.68679736661
X Fa valid 4 4 1 1 0 0 1403183.2492320926 -10864.149256748227 19264.228105586368 21851.226255502177
X Fa valid 2 2 1 1 0 0 5264284.465741842 -10939.2722394 19264.228105586142 22758.033832766738
X Fa valid 3 3 1 1 0 0 5626.292131237675 -9159.143364386468 19896.512906391625 21911.035830841683
X Fa valid 5 5 1 1 0 0 2533410.2304664855 -8375.401608060236 19943.940981122483 22786.8903283389
X Fa valid 3 3 1 1 0 0 43.962087185105815 -9159.722536763516 18505.689341260866 21828.22997308317
X Fa valid 5 5 1 1 0 0 3230125.507366162 -1316.8064843564462 18817.680035039437 23830.678252236376
X Fa valid 5 5 1 1 0 0 3247046.1594471172 -1316.8115873984411 19374.763766507716 23830.67317791427
X Fa valid 3 3 1 1 0 0 361.7893729620444 -3618.744745784785 19049.06389616223 23384.021589752494
X Fa valid 4 4 1 1 0 0 374402.9569659332 2139.3473154188805 20554.118452285464 22757.18030174192
X Fa valid 4 4 1 1 0 0 393439.99648795516 2139.693764951307 17758.544847886988 22757.532730648476
X Fa valid 7 7 1 1 0 0 27273641.168498836 -2343.590779805518 19092.717411283094 24227.239576153213
X Fa valid 9 9 1 1 0 0 16049356.8557925 -4908.064824159474 20502.04766299298 23090.736453695605
X Fa valid 9 9 1 1 0 0 16089674.889462803 -4911.286605292381 17825.54332045658 23090.43026626589
X Fa valid 5 5 1 1 0 0 2581695.4936836464 -8365.704774420432 18515.46893156031 22789.091766577778
X Fa valid 4 4 1 1 0 0 156204.69739943874 -9154.256583580242 18631.79990036108 22246.327382416985
X Fa valid 6 6 1 1 0 0 3736930.5580318864 -8003.968838471436 19167.329238993116 23798.1353709374
X Fa valid 9 9 2 1 0 0 2912243.3680163706 -9160.479472572 19295.628893192174 22778.808550445363
X Fa valid 8 8 1 1 0 0 19511734.554544255 -1250.0701506318078 19127.567952668163 23404.661175058205
X Fa valid 4 4 1 1 0 0 343389.1455757584 -5062.08900474682 19279.62341689857 20584.47101877106
X Fa valid 6 6 2 1 0 0 2203466.8697008495 -5871.846305324084 19268.35140667413 20519.384207051
X Fa valid 9 9 1 1 0 0 6033299.592014148 -7530.324412866962 19261.34570997719 21535.866761987214
X Fa valid 4 4 1 1 0 0 612073.8092428228 -5910.480345258968 19580.670356568775 13913.390154493381
X Fa valid 4 4 1 1 0 0 916408.9681222233 -5910.480345259005 19807.899313936035 13787.20599404294
X Fa valid 4 4 1 1 0 0 77766916.46583202 -5910.480345259196 20036.26190191408 1871.9815372915887
X Fa valid 4 4 1 1 0 0 21299053.03077384 -5910.480345259608 18289.92302597839 -10560.959138099111
X Fa valid 4 4 1 1 0 0 4673685.382957715 -5910.480345258854 20526.674626599837 -13411.39983228251
X Fa valid 4 4 1 1 0 0 4123247.430843015 -5910.4803452590895 18565.285292426157 -13649.995628833214
X Fa valid 2 2 1 1 0 0 548716.1111788538 -5910.480345258988 19308.24006941894 -13553.7457481
F mal_ecrou.brep 0
F mal_tige.brep 0
F mal_vis.brep 0
F shell1.brep 1
X Sh valid 119 224 99 99 1 0 950.7226231738848 74.91597686923994 12.778285972549881 4.903406418105887
F solid.brep 0
F terrain.brep 1
X Fa valid 4 4 1 1 0 0 74270735.70781621 85953.94195370901 84555.79629190991 10606.752752280394
F wedge_ok.brep 0
F wing.brep 4
X Fa valid 4 4 1 1 0 0 4.844500845702184 2.508865714913446 1.6204761592168455 0.9464361586543377
X Fa valid 4 4 1 1 0 0 4.741243880439644 2.5153405818701637 1.620476180230279 0.7962577581094284
X Fa valid 4 4 1 1 0 0 1.3951442602287907 2.332986772525264 3.9383783279449833 1.0599609246993653
X Fa valid 4 4 1 1 0 0 1.3964388871776503 2.3385409749260018 3.9383783942544985 0.9553600954804907
