case split_polygon_3
body P
plane 0.0 0.0 0.0 0.0 0.0 1.0 1.0 0.0 0.0
wire P 3 10.0 0.0 0.0 -4.999999999999998 8.660254037844387 0.0 -5.000000000000004 -8.660254037844384 0.0
prism 0.0 0.0 4.0
splitfuse P 0.0 0.0 1.5 0.0 0.0 1.0 112.0
end
case split_polygon_4
body P
plane 0.0 0.0 0.0 0.0 0.0 1.0 1.0 0.0 0.0
wire P 4 10.0 0.0 0.0 6.123233995736766e-16 10.0 0.0 -10.0 1.2246467991473533e-15 0.0 -1.8369701987210296e-15 -10.0 0.0
prism 0.0 0.0 4.0
splitfuse P 0.0 0.0 1.5 0.0 0.0 1.0 112.0
end
case split_polygon_5
body P
plane 0.0 0.0 0.0 0.0 0.0 1.0 1.0 0.0 0.0
wire P 5 10.0 0.0 0.0 3.0901699437494745 9.510565162951535 0.0 -8.090169943749473 5.877852522924733 0.0 -8.090169943749476 -5.87785252292473 0.0 3.0901699437494723 -9.510565162951536 0.0
prism 0.0 0.0 4.0
splitfuse P 0.0 0.0 1.5 0.0 0.0 1.0 112.0
end
case split_polygon_6
body P
plane 0.0 0.0 0.0 0.0 0.0 1.0 1.0 0.0 0.0
wire P 6 10.0 0.0 0.0 5.000000000000001 8.660254037844386 0.0 -4.999999999999998 8.660254037844387 0.0 -10.0 1.2246467991473533e-15 0.0 -5.000000000000004 -8.660254037844384 0.0 5.000000000000001 -8.660254037844386 0.0
prism 0.0 0.0 4.0
splitfuse P 0.0 0.0 1.5 0.0 0.0 1.0 112.0
end
case split_polygon_7
body P
plane 0.0 0.0 0.0 0.0 0.0 1.0 1.0 0.0 0.0
wire P 7 10.0 0.0 0.0 6.2348980185873355 7.818314824680298 0.0 -2.2252093395631434 9.749279121818237 0.0 -9.00968867902419 4.338837391175582 0.0 -9.009688679024192 -4.33883739117558 0.0 -2.225209339563146 -9.749279121818237 0.0 6.234898018587334 -7.818314824680299 0.0
prism 0.0 0.0 4.0
splitfuse P 0.0 0.0 1.5 0.0 0.0 1.0 112.0
end
case split_polygon_8
body P
plane 0.0 0.0 0.0 0.0 0.0 1.0 1.0 0.0 0.0
wire P 8 10.0 0.0 0.0 7.0710678118654755 7.071067811865475 0.0 6.123233995736766e-16 10.0 0.0 -7.071067811865475 7.0710678118654755 0.0 -10.0 1.2246467991473533e-15 0.0 -7.071067811865477 -7.071067811865475 0.0 -1.8369701987210296e-15 -10.0 0.0 7.071067811865474 -7.071067811865477 0.0
prism 0.0 0.0 4.0
splitfuse P 0.0 0.0 1.5 0.0 0.0 1.0 112.0
end
case split_polygon_9
body P
plane 0.0 0.0 0.0 0.0 0.0 1.0 1.0 0.0 0.0
wire P 9 10.0 0.0 0.0 7.66044443118978 6.4278760968653925 0.0 1.7364817766693041 9.84807753012208 0.0 -4.999999999999998 8.660254037844387 0.0 -9.396926207859083 3.420201433256689 0.0 -9.396926207859085 -3.4202014332566866 0.0 -5.000000000000004 -8.660254037844384 0.0 1.7364817766692997 -9.848077530122081 0.0 7.660444431189778 -6.427876096865396 0.0
prism 0.0 0.0 4.0
splitfuse P 0.0 0.0 1.5 0.0 0.0 1.0 112.0
end
case split_polygon_10
body P
plane 0.0 0.0 0.0 0.0 0.0 1.0 1.0 0.0 0.0
wire P 10 10.0 0.0 0.0 8.090169943749475 5.877852522924732 0.0 3.0901699437494745 9.510565162951535 0.0 -3.0901699437494736 9.510565162951536 0.0 -8.090169943749473 5.877852522924733 0.0 -10.0 1.2246467991473533e-15 0.0 -8.090169943749476 -5.87785252292473 0.0 -3.0901699437494754 -9.510565162951535 0.0 3.0901699437494723 -9.510565162951536 0.0 8.090169943749473 -5.877852522924734 0.0
prism 0.0 0.0 4.0
splitfuse P 0.0 0.0 1.5 0.0 0.0 1.0 112.0
end
case split_polygon_11
body P
plane 0.0 0.0 0.0 0.0 0.0 1.0 1.0 0.0 0.0
wire P 11 10.0 0.0 0.0 8.412535328311812 5.406408174555976 0.0 4.154150130018865 9.096319953545184 0.0 -1.4231483827328502 9.898214418809328 0.0 -6.54860733945285 7.5574957435425825 0.0 -9.594929736144973 2.817325568414297 0.0 -9.594929736144975 -2.8173255684142937 0.0 -6.548607339452852 -7.557495743542582 0.0 -1.4231483827328524 -9.898214418809326 0.0 4.15415013001886 -9.096319953545185 0.0 8.412535328311812 -5.406408174555974 0.0
prism 0.0 0.0 4.0
splitfuse P 0.0 0.0 1.5 0.0 0.0 1.0 112.0
end
case split_polygon_12
body P
plane 0.0 0.0 0.0 0.0 0.0 1.0 1.0 0.0 0.0
wire P 12 10.0 0.0 0.0 8.660254037844387 4.999999999999999 0.0 5.000000000000001 8.660254037844386 0.0 6.123233995736766e-16 10.0 0.0 -4.999999999999998 8.660254037844387 0.0 -8.660254037844387 4.999999999999999 0.0 -10.0 1.2246467991473533e-15 0.0 -8.660254037844389 -4.999999999999997 0.0 -5.000000000000004 -8.660254037844384 0.0 -1.8369701987210296e-15 -10.0 0.0 5.000000000000001 -8.660254037844386 0.0 8.660254037844384 -5.000000000000004 0.0
prism 0.0 0.0 4.0
splitfuse P 0.0 0.0 1.5 0.0 0.0 1.0 112.0
end
case split_circle
body P
plane 0.0 0.0 0.0 0.0 0.0 1.0 1.0 0.0 0.0
wire C 1.0 2.0 0.0 3.0
prism 0.0 0.0 4.0
splitfuse P 0.0 0.0 1.5 0.0 0.0 1.0 56.0
end
case split_circle_labelled
body P
plane 2.682000635998092 -1.576000847997456 4.152001695994912 0.3179993640019079 -0.42399915200254396 0.8479983040050879 0.9480909262799545 0.14221363894199315 -0.2844272778839863
wire C 3.6300915622780465 0.3550671729443689 4.7620016091108415 3.0
prism 0.9539980920057238 -1.271997456007632 2.543994912015264
splitfuse P 3.0397499205002383 -2.052999894000318 5.105999788000636 0.3179993640019079 -0.42399915200254396 0.8479983040050879 48.0
end
case split_holes_0
body P
plane 3.0 -2.0 5.0 0.3179993640019079 -0.42399915200254396 0.8479983040050879 0.9480909262799545 0.14221363894199315 -0.2844272778839863
wire P 4 -6.480909262799544 -12.36640829941909 3.3721368238402833 12.480909262799544 -9.522135520579228 -2.3164087338394426 12.480909262799544 8.36640829941909 6.627863176159717 -6.480909262799544 5.522135520579228 12.316408733839442
prism 0.9539980920057238 -1.271997456007632 2.543994912015264
splitfuse P 3.3577492845021464 -2.476999046002862 5.953998092005724 0.3179993640019079 -0.42399915200254396 0.8479983040050879 104.0
end
case split_holes_1
body P
plane 3.0 -2.0 5.0 0.3179993640019079 -0.42399915200254396 0.8479983040050879 0.9480909262799545 0.14221363894199315 -0.2844272778839863
wire P 4 -6.480909262799544 -12.36640829941909 3.3721368238402833 12.480909262799544 -9.522135520579228 -2.3164087338394426 12.480909262799544 8.36640829941909 6.627863176159717 -6.480909262799544 5.522135520579228 12.316408733839442
wire P 4 -2.688545557679727 -8.219844979651455 4.02328209430417 -0.792363705119818 -7.935417701767468 3.4544275385361973 -0.792363705119818 -6.146563319767636 4.3488547295361135 -2.688545557679727 -6.430990597651622 4.9177092853040865
prism 0.9539980920057238 -1.271997456007632 2.543994912015264
splitfuse P 3.3577492845021464 -2.476999046002862 5.953998092005724 0.3179993640019079 -0.42399915200254396 0.8479983040050879 104.0
end
case split_holes_2
body P
plane 3.0 -2.0 5.0 0.3179993640019079 -0.42399915200254396 0.8479983040050879 0.9480909262799545 0.14221363894199315 -0.2844272778839863
wire P 4 -6.480909262799544 -12.36640829941909 3.3721368238402833 12.480909262799544 -9.522135520579228 -2.3164087338394426 12.480909262799544 8.36640829941909 6.627863176159717 -6.480909262799544 5.522135520579228 12.316408733839442
wire P 4 -2.688545557679727 -8.219844979651455 4.02328209430417 -0.792363705119818 -7.935417701767468 3.4544275385361973 -0.792363705119818 -6.146563319767636 4.3488547295361135 -2.688545557679727 -6.430990597651622 4.9177092853040865
wire C 7.740454631399772 3.183204149709545 5.813931588079859 1.5
prism 0.9539980920057238 -1.271997456007632 2.543994912015264
splitfuse P 3.3577492845021464 -2.476999046002862 5.953998092005724 0.3179993640019079 -0.42399915200254396 0.8479983040050879 104.0
end
case split_holes_3
body P
plane 3.0 -2.0 5.0 0.3179993640019079 -0.42399915200254396 0.8479983040050879 0.9480909262799545 0.14221363894199315 -0.2844272778839863
wire P 4 -6.480909262799544 -12.36640829941909 3.3721368238402833 12.480909262799544 -9.522135520579228 -2.3164087338394426 12.480909262799544 8.36640829941909 6.627863176159717 -6.480909262799544 5.522135520579228 12.316408733839442
wire P 4 -2.688545557679727 -8.219844979651455 4.02328209430417 -0.792363705119818 -7.935417701767468 3.4544275385361973 -0.792363705119818 -6.146563319767636 4.3488547295361135 -2.688545557679727 -6.430990597651622 4.9177092853040865
wire C 7.740454631399772 3.183204149709545 5.813931588079859 1.5
wire P 4 6.7923637051198185 -5.008854208231691 2.0734365064642235 6.7923637051198185 -6.797708590231522 1.1790093154643073 8.688545557679728 -6.513281312347536 0.6101547596963344 8.688545557679728 -4.724426930347704 1.5045819506962503
prism 0.9539980920057238 -1.271997456007632 2.543994912015264
splitfuse P 3.3577492845021464 -2.476999046002862 5.953998092005724 0.3179993640019079 -0.42399915200254396 0.8479983040050879 104.0
end
case split_holes_3_labelled
body P
plane 3.0 -2.0 5.0 0.3179993640019079 -0.42399915200254396 0.8479983040050879 0.9480909262799545 0.14221363894199315 -0.2844272778839863
wire P 4 -6.480909262799544 -12.36640829941909 3.3721368238402833 12.480909262799544 -9.522135520579228 -2.3164087338394426 12.480909262799544 8.36640829941909 6.627863176159717 -6.480909262799544 5.522135520579228 12.316408733839442
wire P 4 -2.688545557679727 -8.219844979651455 4.02328209430417 -0.792363705119818 -7.935417701767468 3.4544275385361973 -0.792363705119818 -6.146563319767636 4.3488547295361135 -2.688545557679727 -6.430990597651622 4.9177092853040865
wire C 7.740454631399772 3.183204149709545 5.813931588079859 1.5
wire P 4 6.7923637051198185 -5.008854208231691 2.0734365064642235 6.7923637051198185 -6.797708590231522 1.1790093154643073 8.688545557679728 -6.513281312347536 0.6101547596963344 8.688545557679728 -4.724426930347704 1.5045819506962503
prism 0.9539980920057238 -1.271997456007632 2.543994912015264
splitfuse P 3.3577492845021464 -2.476999046002862 5.953998092005724 0.3179993640019079 -0.42399915200254396 0.8479983040050879 104.0
end
case split_holes_3_reversed_direction
body P
plane 3.953998092005724 -3.271997456007632 7.543994912015264 0.3179993640019079 -0.42399915200254396 0.8479983040050879 0.9480909262799545 0.14221363894199315 -0.2844272778839863
wire P 4 -5.52691117079382 -13.638405755426723 5.916131735855547 13.434907354805269 -10.79413297658686 0.22758617817582127 13.434907354805269 7.094410843411458 9.17185808817498 -5.52691117079382 4.250138064571596 14.860403645854706
wire P 4 -1.734547465674003 -9.491842435659088 6.567277006319434 0.1616343868859058 -9.2074151577751 5.998422450551461 0.1616343868859058 -7.418560775775267 6.892849641551377 -1.734547465674003 -7.702988053659254 7.46170419731935
wire C 8.694452723405496 1.9112066937019132 8.357926500095122 1.5
wire P 4 7.746361797125543 -6.280851664239323 4.617431418479487 7.746361797125543 -8.069706046239155 3.723004227479571 9.642543649685452 -7.785278768355168 3.154149671711598 9.642543649685452 -5.996424386355336 4.048576862711514
prism -0.9539980920057238 1.271997456007632 -2.543994912015264
splitfuse P 3.3577492845021464 -2.476999046002862 5.953998092005724 0.3179993640019079 -0.42399915200254396 0.8479983040050879 104.0
end
case split_clockwise_labelled
body P
plane 0.0 0.0 0.0 0.0 0.0 1.0 1.0 0.0 0.0
wire P 7 6.234898018587334 -7.818314824680299 0.0 10.0 0.0 0.0 6.2348980185873355 7.818314824680298 0.0 -2.2252093395631434 9.749279121818237 0.0 -9.00968867902419 4.338837391175582 0.0 -9.009688679024192 -4.33883739117558 0.0 -2.225209339563146 -9.749279121818237 0.0
prism 0.0 0.0 2.0
splitfuse P 0.0 0.0 0.75 0.0 0.0 1.0 96.0
end
case split_clockwise_closing_point
body P
plane 0.0 0.0 0.0 0.0 0.0 1.0 1.0 0.0 0.0
wire P 7 6.234898018587334 -7.818314824680299 0.0 10.0 0.0 0.0 6.2348980185873355 7.818314824680298 0.0 -2.2252093395631434 9.749279121818237 0.0 -9.00968867902419 4.338837391175582 0.0 -9.009688679024192 -4.33883739117558 0.0 -2.225209339563146 -9.749279121818237 0.0
prism 0.0 0.0 2.0
splitfuse P 0.0 0.0 0.75 0.0 0.0 1.0 96.0
end
case split_labels_absent
body P
plane 0.0 0.0 0.0 0.0 0.0 1.0 1.0 0.0 0.0
wire P 6 10.0 0.0 0.0 5.000000000000001 8.660254037844386 0.0 -4.999999999999998 8.660254037844387 0.0 -10.0 1.2246467991473533e-15 0.0 -5.000000000000004 -8.660254037844384 0.0 5.000000000000001 -8.660254037844386 0.0
prism 0.0 0.0 1.0
splitfuse P 0.0 0.0 0.375 0.0 0.0 1.0 88.0
end
case split_labels_present
body P
plane 0.0 0.0 0.0 0.0 0.0 1.0 1.0 0.0 0.0
wire P 6 10.0 0.0 0.0 5.000000000000001 8.660254037844386 0.0 -4.999999999999998 8.660254037844387 0.0 -10.0 1.2246467991473533e-15 0.0 -5.000000000000004 -8.660254037844384 0.0 5.000000000000001 -8.660254037844386 0.0
prism 0.0 0.0 1.0
splitfuse P 0.0 0.0 0.375 0.0 0.0 1.0 88.0
end
case split_labels_permuted
body P
plane 0.0 0.0 0.0 0.0 0.0 1.0 1.0 0.0 0.0
wire P 6 10.0 0.0 0.0 5.000000000000001 8.660254037844386 0.0 -4.999999999999998 8.660254037844387 0.0 -10.0 1.2246467991473533e-15 0.0 -5.000000000000004 -8.660254037844384 0.0 5.000000000000001 -8.660254037844386 0.0
prism 0.0 0.0 1.0
splitfuse P 0.0 0.0 0.375 0.0 0.0 1.0 88.0
end
case split_labels_moved
body P
plane 0.0 0.0 0.0 0.0 0.0 1.0 1.0 0.0 0.0
wire P 6 13.0 -0.25 0.0 6.750000000000001 6.678203230275509 0.0 -5.749999999999998 6.6782032302755105 0.0 -12.0 -0.24999999999999903 0.0 -5.750000000000005 -7.178203230275507 0.0 6.750000000000001 -7.178203230275509 0.0
prism 0.0 0.0 1.0
splitfuse P 0.0 0.0 0.375 0.0 0.0 1.0 112.0
end
case split_labels_inserted_vertex
body P
plane 0.0 0.0 0.0 0.0 0.0 1.0 1.0 0.0 0.0
wire P 7 10.0 0.0 0.0 5.000000000000001 8.660254037844386 0.0 -4.999999999999998 8.660254037844387 0.0 -7.499999999999999 4.3301270189221945 0.0 -10.0 1.2246467991473533e-15 0.0 -5.000000000000004 -8.660254037844384 0.0 5.000000000000001 -8.660254037844386 0.0
prism 0.0 0.0 1.0
splitfuse P 0.0 0.0 0.375 0.0 0.0 1.0 88.0
end
case split_transformed_copy
body P
plane 3.0 -2.0 5.0 0.3179993640019079 -0.42399915200254396 0.8479983040050879 0.9480909262799545 0.14221363894199315 -0.2844272778839863
wire P 5 12.480909262799544 -0.5778636105800685 2.155727221160137 5.929762084331914 6.945972396170185 8.374325416460625 -4.670216715731685 2.106778613831585 9.929720575315173 -4.670216715731688 -8.407843628551088 4.672409454123839 5.929762084331912 -10.067043770870614 -0.132182667059773
prism 0.6359987280038158 -0.8479983040050879 1.6959966080101758
transform 0.4535961214255773 -0.7129658880491484 0.5347244160368613 0.3681624065621356 0.7129658880491484 0.6503015177123694 0.2622738617157229 -0.8003905086210561 -0.5347244160368613 0.2622738617157229 0.8032946037132078 0.6002928814657915
transform 1.0 0.0 0.0 10.0 0.0 1.0 0.0 -20.0 0.0 0.0 1.0 30.0
transform 0.9999999999999999 0.0 0.0 0.0 0.0 -0.8011436155469337 0.5984721441039565 0.0 0.0 -0.5984721441039565 -0.8011436155469337 0.0
splitfuse P 16.50349383310348 34.46042742455144 -15.18379315731947 0.8999856079760147 0.10043600070415828 -0.42419160198971084 96.0
end
case fuse_polygon_5
body A
plane 0.0 0.0 0.0 0.0 0.0 1.0 1.0 0.0 0.0
wire P 5 10.0 0.0 0.0 3.0901699437494745 9.510565162951535 0.0 -8.090169943749473 5.877852522924733 0.0 -8.090169943749476 -5.87785252292473 0.0 3.0901699437494723 -9.510565162951536 0.0
prism 0.0 0.0 2.0
body B
plane 0.0 0.0 2.0 0.0 0.0 1.0 1.0 0.0 0.0
wire P 5 10.0 0.0 2.0 3.0901699437494745 9.510565162951535 2.0 -8.090169943749473 5.877852522924733 2.0 -8.090169943749476 -5.87785252292473 2.0 3.0901699437494723 -9.510565162951536 2.0
prism 0.0 0.0 3.0
fuse A B
end
case fuse_polygon_5_upper_first
body A
plane 0.0 0.0 0.0 0.0 0.0 1.0 1.0 0.0 0.0
wire P 5 10.0 0.0 0.0 3.0901699437494745 9.510565162951535 0.0 -8.090169943749473 5.877852522924733 0.0 -8.090169943749476 -5.87785252292473 0.0 3.0901699437494723 -9.510565162951536 0.0
prism 0.0 0.0 2.0
body B
plane 0.0 0.0 2.0 0.0 0.0 1.0 1.0 0.0 0.0
wire P 5 10.0 0.0 2.0 3.0901699437494745 9.510565162951535 2.0 -8.090169943749473 5.877852522924733 2.0 -8.090169943749476 -5.87785252292473 2.0 3.0901699437494723 -9.510565162951536 2.0
prism 0.0 0.0 3.0
fuse B A
end
case fuse_decreasing
body A
plane 0.0 0.0 3.0 0.0 0.0 1.0 1.0 0.0 0.0
wire P 7 10.0 0.0 3.0 6.2348980185873355 7.818314824680298 3.0 -2.2252093395631434 9.749279121818237 3.0 -9.00968867902419 4.338837391175582 3.0 -9.009688679024192 -4.33883739117558 3.0 -2.225209339563146 -9.749279121818237 3.0 6.234898018587334 -7.818314824680299 3.0
prism -0.0 -0.0 -2.0
body B
plane 0.0 0.0 1.0 0.0 0.0 1.0 1.0 0.0 0.0
wire P 7 10.0 0.0 1.0 6.2348980185873355 7.818314824680298 1.0 -2.2252093395631434 9.749279121818237 1.0 -9.00968867902419 4.338837391175582 1.0 -9.009688679024192 -4.33883739117558 1.0 -2.225209339563146 -9.749279121818237 1.0 6.234898018587334 -7.818314824680299 1.0
prism -0.0 -0.0 -3.0
fuse A B
end
case fuse_circle
body A
plane 0.0 0.0 0.0 0.0 0.0 1.0 1.0 0.0 0.0
wire C 1.0 2.0 0.0 3.0
prism 0.0 0.0 4.0
body B
plane 0.0 0.0 4.0 0.0 0.0 1.0 1.0 0.0 0.0
wire C 1.0 2.0 4.0 3.0
prism 0.0 0.0 0.5
fuse A B
end
case fuse_holes_3_labelled
body A
plane 3.0 -2.0 5.0 0.3179993640019079 -0.42399915200254396 0.8479983040050879 0.9480909262799545 0.14221363894199315 -0.2844272778839863
wire P 4 -6.480909262799544 -12.36640829941909 3.3721368238402833 12.480909262799544 -9.522135520579228 -2.3164087338394426 12.480909262799544 8.36640829941909 6.627863176159717 -6.480909262799544 5.522135520579228 12.316408733839442
wire P 4 -2.688545557679727 -8.219844979651455 4.02328209430417 -0.792363705119818 -7.935417701767468 3.4544275385361973 -0.792363705119818 -6.146563319767636 4.3488547295361135 -2.688545557679727 -6.430990597651622 4.9177092853040865
wire C 7.740454631399772 3.183204149709545 5.813931588079859 1.5
wire P 4 6.7923637051198185 -5.008854208231691 2.0734365064642235 6.7923637051198185 -6.797708590231522 1.1790093154643073 8.688545557679728 -6.513281312347536 0.6101547596963344 8.688545557679728 -4.724426930347704 1.5045819506962503
prism 0.9539980920057238 -1.271997456007632 2.543994912015264
body B
plane 3.953998092005724 -3.271997456007632 7.543994912015264 0.3179993640019079 -0.42399915200254396 0.8479983040050879 0.9480909262799545 0.14221363894199315 -0.2844272778839863
wire P 4 -5.52691117079382 -13.638405755426723 5.916131735855547 13.434907354805269 -10.79413297658686 0.22758617817582127 13.434907354805269 7.094410843411458 9.17185808817498 -5.52691117079382 4.250138064571596 14.860403645854706
wire P 4 -1.734547465674003 -9.491842435659088 6.567277006319434 0.1616343868859058 -9.2074151577751 5.998422450551461 0.1616343868859058 -7.418560775775267 6.892849641551377 -1.734547465674003 -7.702988053659254 7.46170419731935
wire C 8.694452723405496 1.9112066937019132 8.357926500095122 1.5
wire P 4 7.746361797125543 -6.280851664239323 4.617431418479487 7.746361797125543 -8.069706046239155 3.723004227479571 9.642543649685452 -7.785278768355168 3.154149671711598 9.642543649685452 -5.996424386355336 4.048576862711514
prism 0.4769990460028619 -0.635998728003816 1.271997456007632
fuse A B
end
case fuse_transformed
body A
plane 2.682000635998092 -1.576000847997456 4.152001695994912 0.3179993640019079 -0.42399915200254396 0.8479983040050879 0.9480909262799545 0.14221363894199315 -0.2844272778839863
wire P 5 12.162909898797636 -0.15386445857752457 1.3077289171550492 5.611762720330006 7.369971548172729 7.526327112455537 -4.9882160797335935 2.530777765834129 9.081722271310085 -4.988216079733596 -7.983844476548544 3.824411150118751 5.611762720330004 -9.64304461886807 -0.9801809710648609
prism 0.4769990460028619 -0.635998728003816 1.271997456007632
transform 0.4535961214255773 -0.7129658880491484 0.5347244160368613 0.3681624065621356 0.7129658880491484 0.6503015177123694 0.2622738617157229 -0.8003905086210561 -0.5347244160368613 0.2622738617157229 0.8032946037132078 0.6002928814657915
transform 1.0 0.0 0.0 10.0 0.0 1.0 0.0 -20.0 0.0 0.0 1.0 30.0
transform 0.9999999999999999 0.0 0.0 0.0 0.0 -0.8011436155469337 0.5984721441039565 0.0 0.0 -0.5984721441039565 -0.8011436155469337 0.0
body B
plane 3.158999682000954 -2.211999576001272 5.423999152002544 0.3179993640019079 -0.42399915200254396 0.8479983040050879 0.9480909262799545 0.14221363894199315 -0.2844272778839863
wire P 5 12.639908944800498 -0.7898631865813405 2.579726373162681 6.088761766332868 6.733972820168913 8.798324568463169 -4.511217033730731 1.8947790378303129 10.353719727317717 -4.511217033730734 -8.61984320455236 5.096408606126383 6.088761766332866 -10.279043346871886 0.29181648494277096
prism 0.4769990460028619 -0.635998728003816 1.271997456007632
transform 0.4535961214255773 -0.7129658880491484 0.5347244160368613 0.3681624065621356 0.7129658880491484 0.6503015177123694 0.2622738617157229 -0.8003905086210561 -0.5347244160368613 0.2622738617157229 0.8032946037132078 0.6002928814657915
transform 1.0 0.0 0.0 10.0 0.0 1.0 0.0 -20.0 0.0 0.0 1.0 30.0
transform 0.9999999999999999 0.0 0.0 0.0 0.0 -0.8011436155469337 0.5984721441039565 0.0 0.0 -0.5984721441039565 -0.8011436155469337 0.0
fuse A B
end
case corpus_0
body P
plane -2.106382255646135e-05 -0.001826350946731739 -0.0008967994095311371 -0.5199055641323574 -0.32458830623679436 0.7901522864856776 0.8542237437487998 -0.19755394028760753 0.4809098005786795
wire P 8 0.0002679820666866307 -0.001893197782542358 -0.0007340727211532741 0.0001697208215369871 -0.0016638823965926346 -0.0007045258540152679 -2.1063822556461324e-05 -0.0015124956805744924 -0.0007678701499594437 -0.0002179911187307223 -0.0015675657797283862 -0.0009200670229876323 -0.00023190999580690463 -0.0017775891409109474 -0.0010155013209128773 -0.00014509072790127388 -0.0019319698846989983 -0.0010217942390866894 -2.1063822556461405e-05 -0.00207786210221076 -0.0010001182018106484 0.00011912285734347005 -0.0020105724034537504 -0.0008802358881553362
prism -0.00033497078162421893 -0.0002091295153335587 0.0005090884715726749
transform 0.3175259921281134 0.24787109609504643 0.915279828273134 0.0 0.9470909445482151 -0.13059998976980114 -0.29319342664339837 0.0 0.04686136017901493 0.9599497707655167 -0.2762253618504364 0.0
transform 1.0 0.0 0.0 0.0048828125 0.0 1.0 0.0 -0.009765625 0.0 0.0 1.0 0.00732421875
splitfuse P 0.0038067898851837415 -0.009575509262675964 0.005580838818280325 0.4776708597736331 -0.6816740787809166 -0.5542120533165144 0.007868772694250823
end
case corpus_0_alternate
body P
plane -0.0003560346041806803 -0.0020354804620652976 -0.0003877109379584622 -0.5199055641323574 -0.32458830623679436 0.7901522864856776 0.8542237437487998 -0.19755394028760753 0.4809098005786795
wire P 8 -6.698871493758819e-05 -0.002102327297875917 -0.00022498424958059917 -0.00016524996008723182 -0.0018730119119261931 -0.00019543738244259305 -0.00035603460418068023 -0.001721625195908051 -0.00025878167838676877 -0.0005529619003549412 -0.0017766952950619447 -0.0004109785514149574 -0.0005668807774311236 -0.001986718656244506 -0.0005064128493402024 -0.0004800615095254928 -0.002141099400032557 -0.0005127057675140144 -0.0003560346041806803 -0.002286991617544319 -0.0004910297302379734 -0.00021584792428074886 -0.0022197019187873094 -0.00037114741658266133
prism 0.00033497078162421893 0.0002091295153335587 -0.0005090884715726749
splitfuse P -5.7552349965213595e-05 -0.001849131524832393 -0.0008413441589018497 -0.5199055641323574 -0.32458830623679436 0.7901522864856776 0.007868772694250823
end
case corpus_1
body P
plane 0.002838506579470479 -0.0023985657631441556 -0.0019094921080886006 -0.543523051996186 -0.25705540325258786 0.7990652111107082 0.8393942410743305 -0.16644805321649175 0.5174092709177993
wire P 9 0.0032799932042486104 -0.002486110549157207 -0.0016373562493125755 0.003095973649610509 -0.0022046093714918865 -0.0016719685323133562 0.002929435392480645 -0.0018317620065201074 -0.001665304435452307 0.0026046900578752773 -0.0018929119792859778 -0.0019058674128183879 0.0023344343907400677 -0.002090540837045505 -0.002153271189127864 0.002357777451419173 -0.002501673582929106 -0.0022696526820362435 0.0025828290630457436 -0.0028500969647349368 -0.0022286589991180822 0.0029087775917222883 -0.0028644681888272427 -0.0020115724135882965 0.0031569759864397856 -0.00276477880732887 -0.0018106786180301854
wire C 0.002838506579470479 -0.0023985657631441556 -0.0019094921080886006 9.765625e-05
prism -0.0005093219222786959 -0.00024088021958938388 0.0007487841184550048
transform 0.5850297158997187 0.7764224217435709 -0.23432553110607215 0.0 0.5690106200888452 -0.18707284029680893 0.8007687972501129 0.0 0.577898906159548 -0.6018072577139072 -0.5512357742585878 0.0
transform 1.0 0.0 0.0 0.009765625 0.0 1.0 0.0 -0.01953125 0.0 0.0 1.0 0.0146484375
splitfuse P 0.009839020562866464 -0.018903858498175462 0.01863816354651348 -0.7048020953918236 0.37868418357670103 -0.5998769002388257 0.012411411076381853
end
case corpus_1_alternate
body P
plane 0.0023291846571917834 -0.0026394459827335398 -0.001160707989633596 -0.543523051996186 -0.25705540325258786 0.7990652111107082 0.8393942410743305 -0.16644805321649175 0.5174092709177993
wire P 9 0.0025866517273318134 -0.0024454895910812706 -0.0009231844138583515 0.002420113470201949 -0.0020726422261094913 -0.0009165203169973024 0.0020953681355965815 -0.0021337921988753617 -0.0011570832943633832 0.0018251124684613717 -0.0023314210566348892 -0.0014044870706728593 0.001848455529140477 -0.00274255380251849 -0.0015208685635812386 0.002073507140767048 -0.003090977184324321 -0.0014798748806630773 0.0023994556694435926 -0.003105348408416627 -0.0012627882951332919 0.00264765406416109 -0.003005659026918254 -0.0010618944995751808 0.0027706712819699146 -0.002726990768746591 -0.0008885721308575709
wire C 0.0023291846571917834 -0.0026394459827335398 -0.001160707989633596 9.765625e-05
prism 0.0005093219222786959 0.00024088021958938388 -0.0007487841184550048
splitfuse P 0.0024499990109428118 -0.0025823076841680736 -0.001338324277904561 -0.543523051996186 -0.25705540325258786 0.7990652111107082 0.012411411076381853
end
case corpus_2
body P
plane 0.00043719835489866414 -0.0032091611509105582 0.004562970930784264 -0.17134434346413016 0.6300049989463933 0.7574528482126139 0.9852112037339233 0.10956817433101716 0.13173343998742934
wire P 10 0.0013508343596382107 -0.0031075530605203963 0.004685133989166634 0.0014719471976707768 -0.0025074150654955294 0.004213371373118934 0.0007414232514628543 -0.002444666919393525 0.003995928410094426 0.00014367244836395237 -0.002536840397028185 0.003937374973617573 -0.0002963901279920123 -0.0028748250061741898 0.004118943714727483 -0.00037965943420786516 -0.0033000062573215133 0.0044537481711042085 -0.0006447764292771956 -0.003942934930525596 0.004928526213687082 9.43669290681092e-05 -0.004070670680177234 0.005201971874067128 0.0008383742775216918 -0.004128054143769689 0.005418002904856045 0.0011541748901057018 -0.003535926328170413 0.004996943249503807
prism -0.00030936816070804043 0.0011374958975620833 0.0013676074140355778
transform 0.8126395039211862 -0.28144920431952547 -0.5102973467054617 0.0 0.5705422326131516 0.5626455057458656 0.5982571317324846 0.0 0.11873751501327845 -0.7773135662342997 0.6178066220724623 0.0
transform 1.0 0.0 0.0 0.01953125 0.0 1.0 0.0 -0.0390625 0.0 0.0 1.0 0.029296875
splitfuse P 0.017805564435701353 -0.03722681264662462 0.034623084094122306 -0.7030817666405696 0.7098618653832369 -0.04209704849756918 0.02447008765789229
end
case corpus_2_alternate
body P
plane 0.00012783019419062373 -0.002071665253348475 0.005930578344819842 -0.17134434346413016 0.6300049989463933 0.7574528482126139 0.9852112037339233 0.10956817433101716 0.13173343998742934
wire P 10 0.0004320550907548139 -0.0013071710218314418 0.005363535824130003 -0.00016569571234408803 -0.0013993444994661016 0.005304982387653151 -0.0006057582887000527 -0.0017373291086121064 0.00548655112876306 -0.0006890275949159055 -0.00216251035975943 0.005821355585139786 -0.000954144589985236 -0.0028054390329635133 0.006296133627722659 -0.0002150012316399312 -0.0029331747826151513 0.006569579288102706 0.0005290061168136515 -0.0029905582462076055 0.006785610318891622 0.0008448067293976613 -0.00239843043060833 0.006364550663539384 0.0010414661989301703 -0.001970057162958313 0.006052741403202212 0.0011625790369627364 -0.001369919167933446 0.005580978787154511
prism 0.00030936816070804043 -0.0011374958975620833 -0.0013676074140355778
splitfuse P 0.0003353991216568003 -0.002834862095951034 0.005012989400060736 -0.17134434346413016 0.6300049989463933 0.7574528482126139 0.02447008765789229
end
case corpus_3
body P
plane 0.014815019551912416 -0.009210819487212803 -0.020614254007614602 -0.36484338763479673 -0.7120425391397683 0.5999039297708901 0.9310689031963024 -0.2790169569921333 0.23507495658126706
wire P 11 0.017176301960998123 -0.009918433961415948 -0.020018080772866473 0.016083972247156585 -0.009026745397524443 -0.019624032819165978 0.015448528544692827 -0.008440702771389301 -0.019314900244271606 0.01451673837023694 -0.0076857757655377215 -0.01898554307807685 0.013565447834759343 -0.007838406895406658 -0.019745251251727713 0.013208914010077795 -0.008403158906101726 -0.020632404073490464 0.012671408015384704 -0.00900400670167506 -0.02167246176774943 0.013700613155294607 -0.009766862343904368 -0.021951984821946165 0.014573880293461914 -0.01029918333843952 -0.022052716703482925 0.015746524071037712 -0.010901485469795181 -0.022054439330371788 0.016186693550481097 -0.010231903835034858 -0.020991996662871534
wire C 0.014815019551912416 -0.009210819487212803 -0.020614254007614602 0.000390625
prism -0.0015010870606684222 -0.002929579864602307 0.0024682043231234805
transform 0.7813447022180875 -0.5479134936962654 0.29881643151152326 0.0 0.04856049471903626 0.5307184110764747 0.8461559232772082 0.0 -0.622207629869942 -0.6466287741587244 0.44128096918133086 0.0
transform 1.0 0.0 0.0 0.0390625 0.0 1.0 0.0 -0.078125 0.0 0.0 1.0 0.05859375
splitfuse P 0.05023166879003281 -0.09945843117618111 0.04860154571446561 0.2843304187565586 0.11200120318328177 0.9521617212717688 0.05320344883220558
end
case corpus_3_alternate
body P
plane 0.013313932491243994 -0.012140399351815111 -0.018146049684491124 -0.36484338763479673 -0.7120425391397683 0.5999039297708901 0.9310689031963024 -0.2790169569921333 0.23507495658126706
wire P 11 0.013015651309568518 -0.010615355630140029 -0.01651733875495337 0.012064360774090921 -0.010767986760008966 -0.017277046928604232 0.011707826949409373 -0.011332738770704032 -0.018164199750366986 0.011170320954716283 -0.011933586566277367 -0.019204257444625953 0.012199526094626186 -0.012696442208506676 -0.019483780498822687 0.013072793232793492 -0.013228763203041827 -0.019584512380359444 0.01424543701036929 -0.013831065334397487 -0.019586235007248307 0.014685606489812675 -0.013161483699637166 -0.018523792339748057 0.015675214900329703 -0.012848013826018254 -0.017549876449742995 0.014582885186488165 -0.01195632526212675 -0.0171558284960425 0.013947441484024405 -0.011370282635991607 -0.016846695921148125
wire C 0.013313932491243994 -0.012140399351815111 -0.018146049684491124 0.000390625
prism 0.0015010870606684222 0.002929579864602307 -0.0024682043231234805
splitfuse P 0.013813129956771157 -0.011166146171045123 -0.01896686905919 -0.36484338763479673 -0.7120425391397683 0.5999039297708901 0.05320344883220558
end
case corpus_4
body P
plane 0.014636812362068147 0.014576680560913477 0.007525480678552102 0.09527957975105629 0.5446571233186218 0.8332289119448182 0.9954505521031479 -0.05213187305846232 -0.07975253054890653
wire P 12 0.019102797363823497 0.014342796353706385 0.0071676792744231445 0.017769329492695576 0.015933380060461817 0.006280443513459488 0.016529054135855377 0.01723347565793608 0.005572434699882362 0.014636812362068147 0.01792021695269249 0.0053399097186979305 0.013017639630377578 0.01701966664172937 0.006113724969164676 0.011036089887310528 0.016513301336600717 0.00667131087449598 0.009877289446630681 0.014825937386299937 0.007906799465215768 0.010448506776399406 0.012762716947921464 0.009190147109882394 0.012936348649691733 0.012189150745067386 0.009280586110287488 0.014636812362068147 0.010684353882914128 0.01006977963537449 0.01730704412617835 0.010547870722038104 0.009853654112176008 0.01932183753432304 0.012056875953140346 0.008636870701370324
prism 0.000919067108825469 0.005253764226684608 0.008037328555517958
transform 0.9913433227882927 -0.11347359411150755 0.06604664868472686 0.0 0.12184904085880498 0.9824944719003097 -0.14091637210459546 0.0 -0.048900180008422986 0.14774422535161358 0.9878159830000705 0.0
transform 1.0 0.0 0.0 0.078125 0.0 1.0 0.0 -0.15625 0.0 0.0 1.0 0.1171875
splitfuse P 0.09220339638665792 -0.1376540889630141 0.1334949265965107 0.08768255106406228 0.4293167427438441 0.8988875928828443 0.11541822434185246
end
case corpus_4_alternate
body P
plane 0.015555879470893617 0.019830444787598087 0.01556280923407006 0.09527957975105629 0.5446571233186218 0.8332289119448182 0.9954505521031479 -0.05213187305846232 -0.07975253054890653
wire P 12 0.013936706739203048 0.02227343086841398 0.014151053524682634 0.011955156996135998 0.021767065563285327 0.014708639430013938 0.010796356555456152 0.020079701612984547 0.015944128020733726 0.011367573885224877 0.018016481174606074 0.017227475665400352 0.013855415758517203 0.017442914971751995 0.01731791466580545 0.015555879470893617 0.015938118109598737 0.018107108190892448 0.018226111235003818 0.015801634948722713 0.01789098266769397 0.020240904643148507 0.017310640179824956 0.016674199256888282 0.020021864472648965 0.019596560580390995 0.015205007829941103 0.018688396601521044 0.021187144287146426 0.014317772068977446 0.017448121244680845 0.02248723988462069 0.013609763255400321 0.015555879470893617 0.0231739811793771 0.01337723827421589
prism -0.000919067108825469 -0.005253764226684608 -0.008037328555517958
splitfuse P 0.015233394518384185 0.01798698864509361 0.012742647906741874 0.09527957975105629 0.5446571233186218 0.8332289119448182 0.11541822434185245
end
case corpus_5
body P
plane 0.07262302898629022 -0.05688119968687061 0.025087565460082558 -0.36377379677026583 -0.693986412138616 0.6213304149567412 0.9314873186379647 -0.27102255392996777 0.24264820312116964
wire P 13 0.08224383939202949 -0.05968043973541161 0.027593742743242552 0.07957061908750225 -0.056291507673513055 0.02981385827216496 0.07692026695088289 -0.05367339173777486 0.031186410145951863 0.07338042747824772 -0.0526347768429727 0.03027398705055304 0.07020372812209001 -0.0516092146507098 0.02955959459676576 0.06574162759332489 -0.050513434434955096 0.028171060171719987 0.06542795660383016 -0.05351780865108329 0.024631719240034124 0.06498804500839306 -0.056007329969345127 0.021593525336312258 0.0652323696682136 -0.059419486311551 0.01792541063667272 0.06990732931312663 -0.061218775485232385 0.01865279428127711 0.07344804180027079 -0.06198679446451405 0.019867966870062804 0.07761328028255396 -0.0635102240858143 0.020605038722812528 0.08096307600434785 -0.062442266054368506 0.023759103329187684
wire C 0.07262302898629022 -0.05688119968687061 0.025087565460082558 0.0015625
prism -0.005788642409167762 -0.01104323404367901 0.009887077139851817
transform 0.10863616468687054 0.8828518316814896 -0.45691446356923926 0.0 0.9501943081235881 0.04284266815683735 0.30869934012682726 0.0 0.29211121260859296 -0.4676934349355801 -0.8342265222267246 0.0
transform 1.0 0.0 0.0 0.15625 0.0 1.0 0.0 -0.3125 0.0 0.0 1.0 0.234375
splitfuse P 0.09606546049289211 -0.239440298707258 0.25921414437004336 -0.9361010184625573 -0.18358373159834857 -0.3000198272211156 0.20992953624934715
end
case corpus_5_alternate
body P
plane 0.06683438657712246 -0.06792443373054961 0.03497464259993437 -0.36377379677026583 -0.693986412138616 0.6213304149567412 0.9314873186379647 -0.27102255392996777 0.24264820312116964
wire P 13 0.05995298518415713 -0.061556668478634106 0.0380581373115718 0.059639314194662396 -0.0645610426947623 0.03451879637988594 0.05919940259922529 -0.06705056401302413 0.03148060247616408 0.059443727259045835 -0.07046272035523 0.027812487776524536 0.06411868690395886 -0.07226200952891139 0.028539871421128925 0.06765939939110302 -0.07303002850819305 0.02975504400991462 0.0718246378733862 -0.07455345812949331 0.030492115862664343 0.07517443359518008 -0.07348550009804751 0.0336461804690395 0.07645519698286173 -0.07072367377909061 0.03748081988309437 0.07378197667833448 -0.06733474171719206 0.039700935412016775 0.07113162454171512 -0.06471662578145387 0.04107348728580368 0.06759178506907995 -0.0636780108866517 0.040161064190404855 0.06441508571292225 -0.06265244869438881 0.039446671736617575
wire C 0.06683438657712246 -0.06792443373054961 0.03497464259993437 0.0015625
prism 0.005788642409167762 0.01104323404367901 -0.009887077139851817
splitfuse P 0.07016282035177399 -0.061574642091295914 0.02928963406792537 -0.36377379677026583 -0.693986412138616 0.6213304149567412 0.20992953624934715
end
case corpus_6
body P
plane 0.01974011748328281 0.05889242915266952 0.009361580834786658 0.3169807735358615 -0.1485731661850177 0.9367225862006135 0.9484319634051811 0.04965547235978123 -0.3130673168124072
wire P 14 0.03530527742001463 0.05970734830220874 0.004223686873839633 0.03165188931140694 0.06548970758301247 0.006377106941613586 0.029256001094790512 0.0718166421625957 0.008191372155219444 0.02244874074096045 0.07139225912290291 0.010427593157673266 0.016114260400696172 0.07524546937958568 0.013182295738810763 0.01094352312998724 0.0699186258800066 0.01408715093052059 0.005616653985256195 0.06523576524155872 0.015146981967786893 0.0034613347497343856 0.05804014804314805 0.014735034100813844 0.0058567735121220765 0.05120320482537692 0.012840028728998556 0.011184587158725022 0.04727254172637212 0.010413690786193659 0.015704658504525834 0.04026948078089666 0.0077733758351933475 0.023591445015217184 0.04152249078438086 0.00530327843444971 0.0324516051993784 0.04295906237166194 0.0025329123966465993 0.0336816769814412 0.0526307924434855 0.003650693124579777
prism 0.007898816064315455 -0.0037022816832001267 0.023342107879774737
transform -0.2375332149134316 0.8407118071035695 -0.4866021261868265 0.0 0.43721640041860194 -0.3547966220897314 -0.8264146514666334 0.0 -0.8674213457241471 -0.40905135906187506 -0.2832970078058409 0.0
transform 1.0 0.0 0.0 0.3125 0.0 1.0 0.0 -0.625 0.0 0.0 1.0 0.46875
splitfuse P 0.3490821791349409 -0.6482746072083776 0.42219102512710444 -0.6560118793266662 -0.5828188192930296 -0.4795525394158334 0.34848588342154924
end
case corpus_6_alternate
body P
plane 0.027638933547598266 0.05519014746946939 0.0327036887145614 0.3169807735358615 -0.1485731661850177 0.9367225862006135 0.9484319634051811 0.04965547235978123 -0.3130673168124072
wire P 14 0.01351547004957165 0.061533483558358595 0.03848908984756163 0.01136015081404984 0.05433786635994792 0.038077141980588584 0.013755589576437532 0.04750092314217679 0.03618213660877329 0.019083403223040477 0.04357026004317199 0.033755798665968395 0.02360347456884129 0.03656719909769653 0.031115483714968084 0.031490261079532636 0.03782020910118073 0.028645386314224447 0.040350421263693856 0.039256780688461806 0.025875020276421336 0.04158049304575666 0.04892851076028537 0.026992801004354514 0.04320409348433009 0.05600506661900861 0.02756579475361437 0.03955070537572239 0.06178742589981234 0.029719214821388323 0.03715481715910597 0.06811436047939558 0.031533480034994184 0.030347556805275906 0.06768997743970279 0.033769701037448 0.024013076465011628 0.07154318769638555 0.0365244036185855 0.018842339194302695 0.06621634419680647 0.03742925881029533
prism -0.007898816064315455 0.0037022816832001267 -0.023342107879774737
splitfuse P 0.02404441501547431 0.05687494681319981 0.02208138295765953 0.3169807735358615 -0.1485731661850177 0.9367225862006135 0.3484858834215493
end
case corpus_7
body P
plane -0.27801855419067323 0.1125199149168693 0.04616067859203428 -0.2392127492279881 -0.548832779391712 0.8009743072483387 0.9709671779245619 -0.13521342534498068 0.19733238203520895
wire P 15 -0.2409274851215968 0.10735474495792478 0.053698800557473114 -0.24430178578222614 0.12057840762237873 0.06175199744250104 -0.2548370254072576 0.1311650285271181 0.06585964597911634 -0.2682172044626544 0.13678328645920682 0.06571329259457503 -0.28200085537386765 0.14526465356568732 0.06740826238441128 -0.29443234499761106 0.13895908170501606 0.059374951850461447 -0.3043060955768284 0.13240696134550084 0.05193657911471708 -0.3159884405045737 0.12466429452598833 0.04314229553494593 -0.3066673851199253 0.11133587202829621 0.03679332799125841 -0.3054849248122179 0.09939079836859936 0.028961630596143862 -0.29706598959952174 0.08714345608030034 0.0230840060233649 -0.28241132464897 0.07762350820168971 0.02093752423676182 -0.26989771886719605 0.09015492200892332 0.03326134613968412 -0.24961872833362483 0.08176796082668565 0.033570911451033275 -0.24066486070846657 0.09318869296166812 0.04407056340623737
wire C -0.27801855419067323 0.1125199149168693 0.04616067859203428 0.00625
prism -0.01546041328694988 -0.03547127660296328 0.051767281895520406
transform -0.06758038923738685 -0.9826691471121773 -0.17261007590621458 0.0 -0.07152165133561789 0.17733198612647677 -0.9815487864017078 0.0 0.99514699636825 -0.05398809137453342 -0.08226628476469222 0.0
transform 1.0 0.0 0.0 0.625 0.0 1.0 0.0 -1.25 0.0 0.0 1.0 0.9375
splitfuse P 0.5459701596316331 -1.2984962555171267 0.6373363217336627 0.4172308939623689 -0.8664120751940836 -0.2743145950933788 0.8613960093693428
end
case corpus_7_alternate
body P
plane -0.2934789674776231 0.07704863831390601 0.09792796048755469 -0.2392127492279881 -0.548832779391712 0.8009743072483387 0.9709671779245619 -0.13521342534498068 0.19733238203520895
wire P 15 -0.33144885379152356 0.08919301792302504 0.09490957743046634 -0.32212779840687517 0.07586459542533293 0.08856060988677882 -0.32094533809916775 0.06391952176563608 0.08072891249166426 -0.3125264028864716 0.05167217947733706 0.0748512879188853 -0.29787173793591987 0.04215223159872643 0.07270480613228222 -0.2853581321541459 0.05468364540596003 0.08502862803520453 -0.2650791416205747 0.046296684223722365 0.08533819334655368 -0.25612527399541646 0.05771741635870484 0.09583784530175776 -0.2563878984085467 0.0718834683549615 0.10546608245299352 -0.259762199069176 0.08510713101941544 0.11351927933802144 -0.27029743869420747 0.0956937519241548 0.11762692787463674 -0.28367761774960426 0.10131200985624354 0.11748057449009544 -0.2974612686608175 0.10979337696272405 0.11917554427993168 -0.3098927582845609 0.10348780510205279 0.11114223374598185 -0.3197665088637783 0.09693568474253757 0.10370386101023749
wire C -0.2934789674776231 0.07704863831390601 0.09792796048755469 0.00625
prism 0.01546041328694988 0.03547127660296328 -0.051767281895520406
splitfuse P -0.288132613068086 0.08931493498776256 0.08002635393312443 -0.2392127492279881 -0.548832779391712 0.8009743072483387 0.8613960093693428
end
case corpus_8
body P
plane -0.2070771494422596 -0.14935358082515204 -0.03639146893162624 0.35833097204912795 0.14141763131836219 0.9228217422788818 0.933594619987887 -0.054278716061850696 -0.35419614130076277
wire P 16 -0.15781437665411946 -0.15221769336322732 -0.05508125533116852 -0.1393759707462443 -0.12359890776150104 -0.06662655416287908 -0.15311923250354814 -0.09536170734492985 -0.06561726027222273 -0.18406674937784429 -0.0918746479630077 -0.05413473700630127 -0.2070771494422596 -0.08087695629779525 -0.04688515541263805 -0.2379587698626552 -0.06862181410334289 -0.03677188276689777 -0.2594116451208224 -0.09090074836168092 -0.02502761704461906 -0.2599699704752545 -0.12308193400428076 -0.019879220451975158 -0.2822380109647805 -0.14498376658864978 -0.00787621556773764 -0.2719106342336443 -0.17401733464067579 -0.007437084735328253 -0.2490068271207949 -0.1913096454904615 -0.013680658723677502 -0.22614206660158906 -0.19697687682851447 -0.021690553909180284 -0.2070771494422596 -0.2120250493696 -0.026787392405522154 -0.18109160823056217 -0.2172858532475277 -0.036071367225194426 -0.15052664381550895 -0.2125153097816623 -0.04867078034459539 -0.152880317097772 -0.17627292470503608 -0.05331080779471917
prism 0.03624864723901563 0.014305762635370707 0.09335235413525676
transform 0.999870392478366 0.004265568489129182 -0.015524276814812535 0.0 -0.003747443843432176 0.9994399562241865 0.03325252723082261 0.0 0.015657423472548098 -0.03319004109760675 0.9993264062668116 0.0
transform 1.0 0.0 0.0 1.25 0.0 1.0 0.0 -2.5 0.0 0.0 1.0 1.875
splitfuse P 1.0599600944059369 -2.6412420455902894 1.8861137106812311 0.34456161607400987 0.17068176117335915 0.9231170181137531 1.4533331097809703
end
case corpus_8_alternate
body P
plane -0.17082850220324397 -0.13504781818978134 0.056960885203630525 0.35833097204912795 0.14141763131836219 0.9228217422788818 0.933594619987887 -0.054278716061850696 -0.35419614130076277
wire P 16 -0.2459893637257649 -0.13067800395327908 0.08547613856751912 -0.2356619869946287 -0.15971157200530509 0.08591526939992851 -0.21275817988177925 -0.1770038828550908 0.07967169541157926 -0.18989341936257342 -0.18267111419314377 0.07166180022607647 -0.17082850220324397 -0.1977192867342293 0.06656496172973461 -0.14484296099154653 -0.202980090612157 0.05728098691006234 -0.11427799657649333 -0.1982095471462916 0.04468157379066137 -0.11663166985875638 -0.16196716206966538 0.040041546340537595 -0.12156572941510384 -0.13791193072785662 0.038271098804088244 -0.10312732350722868 -0.10929314512613034 0.026725799972377694 -0.11687058526453252 -0.08105594470955915 0.027735093863034042 -0.14781810213882868 -0.077568885327637 0.039217617128955495 -0.17082850220324397 -0.06657119366242453 0.046467198722618716 -0.20171012262363958 -0.054316051467972186 0.05658047136835899 -0.2231629978818067 -0.07659498572631021 0.0683247370906377 -0.2237213232362389 -0.10877617136891005 0.07347313368328161
prism -0.03624864723901563 -0.014305762635370707 -0.09335235413525676
splitfuse P -0.18885227667546908 -0.14216101713739834 0.010543655719431706 0.35833097204912795 0.14141763131836219 0.9228217422788818 1.4533331097809703
end
case corpus_9
body P
plane 0.517324390788538 -0.5100398407902837 0.3308940491413751 -0.19729754931666071 0.6497166345821704 0.7341266728439025 0.9803436525186665 0.13075771891213403 0.14774553093496776
wire P 17 0.6646619493969037 -0.4903880349931875 0.35309898285755525 0.6583591362039685 -0.44949351328812803 0.3152126321218156 0.6208730193441245 -0.42412235883327876 0.2826842130341307 0.564927349002803 -0.4306657590276046 0.2734397761388623 0.5268446508515404 -0.4302909816262279 0.2628733134077097 0.4892614578218397 -0.4384425047295958 0.25998703805333834 0.44585289964687763 -0.4472781566718815 0.25614065539560205 0.3780958318106496 -0.4627601587363686 0.2516327287972977 0.36105038954545515 -0.5085691633017448 0.28759361847804554 0.3813153067715885 -0.5476014470364206 0.32758418634590647 0.3810776069794182 -0.5926520102548891 0.3673909442459564 0.43724097992169925 -0.6017269271596796 0.390516408748692 0.4822199722249645 -0.6089666308315164 0.40901185559658526 0.5298354906720416 -0.6115047761205603 0.42405490024111203 0.5867450001916723 -0.6072745223924881 0.4356055506384824 0.5975717955563917 -0.5552168677141194 0.39244321206452903 0.6403297353643949 -0.5300333564186734 0.38164656107623807
wire C 0.517324390788538 -0.5100398407902837 0.3308940491413751 0.025
prism -0.06444695667088376 0.21222899089367284 0.239801406756327
transform 0.9970275327575748 -0.07393389870860032 0.021676658992786705 0.0 0.07529614090237832 0.9946460330339515 -0.070779659048575 0.0 -0.016327586733878397 0.07220143760043676 0.9972564175375749 0.0
transform 1.0 0.0 0.0 2.5 0.0 1.0 0.0 -5.0 0.0 0.0 1.0 3.75
splitfuse P 3.035909288770457 -5.429085119566056 4.119350981128716 -0.2288337591200507 0.5794210935079278 0.7822444036776893 3.888447272626874
end
case corpus_9_alternate
body P
plane 0.4528774341176542 -0.29781084989661083 0.5706954558977021 -0.19729754931666071 0.6497166345821704 0.7341266728439025 0.9803436525186665 0.13075771891213403 0.14774553093496776
wire P 17 0.31686835010070474 -0.33537245614274774 0.5673855931022335 0.3166306503085345 -0.3804230193612163 0.6071923510022834 0.3727940232508155 -0.3894979362660067 0.630317815505019 0.41777301555408075 -0.3967376399378435 0.6488132623529123 0.46538853400115787 -0.39927578522688745 0.663856306997439 0.5222980435207885 -0.39504553149881527 0.6754069573948094 0.5331248388855079 -0.34298787682044646 0.632244618820856 0.575882778693511 -0.31780436552500063 0.6214479678325651 0.6002149927260199 -0.27815904409951464 0.5929003896138823 0.5939121795330846 -0.23726452239445517 0.5550140388781426 0.5564260626732407 -0.2118933679396059 0.5224856197904577 0.5004803923319191 -0.21843676813393176 0.5132411828951893 0.4623976941806566 -0.21806199073255506 0.5026747201640367 0.424814501150956 -0.22621351383592292 0.4997884448096654 0.3814059429759939 -0.2350491657782086 0.49594206215192904 0.31364887513976586 -0.25053116784269575 0.49143413555362475 0.2966034328745714 -0.29634017240807203 0.5273950252343725
wire C 0.4528774341176542 -0.29781084989661083 0.5706954558977021 0.025
prism 0.06444695667088376 -0.21222899089367284 -0.239801406756327
splitfuse P 0.4678619979438721 -0.34715621892715215 0.514939223628934 -0.19729754931666071 0.6497166345821704 0.7341266728439025 3.8884472726268746
end
case corpus_10
body P
plane 0.0026406125533275406 -0.5084755341469521 1.35857472379966 0.18391230239734363 0.6867406893586189 0.7032520818356366 0.9829426560216563 -0.12849178999013744 -0.13158113420328307
wire P 18 0.24043380081590832 -0.5395602288848795 1.3267426558496902 0.3060143386815293 -0.467762180724144 1.239479908415446 0.1546456078332736 -0.43550780400076317 1.247568300959656 0.16701186382855204 -0.32273787534702425 1.134212070365021 0.045342478155916466 -0.3377858284981563 1.1807253184813833 -0.03671908347628715 -0.340854969119156 1.2051828848763648 -0.14432977603548425 -0.30397625906285247 1.1973120506782777 -0.20467763994772975 -0.3547535724705566 1.2626791686685406 -0.252187842808743 -0.4076539093719638 1.326762199192782 -0.3125749463807195 -0.4672700669184702 1.4007708992418109 -0.2380793040749053 -0.5407806225495404 1.4530736588129967 -0.22328880509178278 -0.6169295803343996 1.5235667783102373 -0.1636994545523172 -0.6964379326146347 1.5856247616790247 -0.043262661040441144 -0.6919620434005781 1.5497577036439631 0.05610974572471626 -0.7361837539205796 1.566953585684742 0.1491710623058568 -0.7123626643359818 1.5193546757863292 0.25024385730265536 -0.6920679387767049 1.4731041987545104 0.2549706955035317 -0.6083086901675405 1.3900753541413675
prism 0.060146814183164816 0.22459217842660187 0.22999207632508437
transform 0.9990927092196503 0.004075429551932216 -0.042392797243239536 0.0 -0.0023850791605724204 0.9992029086524619 0.039847945214999604 0.0 0.042521403804872 -0.039710681364426924 0.9983060612878376 0.0
transform 1.0 0.0 0.0 5.0 0.0 1.0 0.0 -10.0 0.0 0.0 1.0 7.5
splitfuse P 4.985679513484595 -10.259444620561212 9.062580261566904 0.15673138084476784 0.7137777993266289 0.6826100844896206 5.181810692640923
end
case corpus_10_alternate
body P
plane 0.06278742673649235 -0.2838833557203503 1.5885668001247444 0.18391230239734363 0.6867406893586189 0.7032520818356366 0.9829426560216563 -0.12849178999013744 -0.13158113420328307
wire P 18 -0.1779324898917405 -0.31618844412293856 1.683065735138081 -0.16314199090861797 -0.39233740190779776 1.7535588546353218 -0.10355264036915238 -0.4718457541880329 1.8156168380041091 0.016884153142723672 -0.46736986497397626 1.7797497799690476 0.11625655990788109 -0.5115915754939777 1.7969456620098265 0.20931787648902161 -0.48777048590938 1.7493467521114137 0.31039067148582017 -0.4674757603501031 1.7030962750795948 0.3151175096866965 -0.3837165117409387 1.620067430466452 0.3005806149990731 -0.3149680504582777 1.5567347321747746 0.3661611528646941 -0.2431700022975421 1.4694719847405304 0.21479242201643842 -0.21091562557416133 1.4775603772847405 0.22715867801171685 -0.09814569692042234 1.3642041466901054 0.10548929233908128 -0.1131936500715544 1.4107173948064677 0.02342773070687766 -0.11626279069255417 1.4351749612014493 -0.08418296185231944 -0.07938408063625059 1.4273041270033622 -0.14453082576456494 -0.13016139404395477 1.492671244993625 -0.1920410286255782 -0.18306173094536193 1.5567542755178665 -0.25242813219755467 -0.24267788849186828 1.6307629755668953
prism -0.060146814183164816 -0.22459217842660187 -0.22999207632508437
splitfuse P 0.05368276038843844 -0.3178807814647907 1.5537519700115616 0.18391230239734363 0.6867406893586189 0.7032520818356366 5.181810692640923
end
case corpus_11
body P
plane -4.672677216342388 2.831232541206224 -1.0304873836622557 -0.1459936198104208 0.4144357055374136 0.8982922180172533 0.9892855315704614 0.061160268597118594 0.13256529926974858
wire P 19 -4.002243226460699 2.872680557566788 -0.9406485255439232 -4.035613223440173 3.071356524899594 -1.037732992711511 -4.225836318397814 3.178078618654086 -1.1178859796592369 -4.408739175814964 3.2183518162663116 -1.1661924220666402 -4.520302518825845 3.3929393321600045 -1.2648717102022913 -4.728079086997663 3.44148670169439 -1.3210380841641214 -4.855633781387934 3.2027582561491186 -1.231629071603785 -5.037656452265069 3.172573609740523 -1.2472860628323341 -5.0574658621778745 2.998575545633624 -1.170229887110818 -5.186530498702852 2.878168069935967 -1.1356547866657831 -5.1822551947436475 2.721680582246408 -1.0627629501833076 -5.238523866181575 2.515183856758442 -0.9766386940204443 -4.962742028214091 2.524088845373943 -0.9359260586111131 -4.865282871706957 2.4162978490472415 -0.8703562457217255 -4.707092008008243 2.4478967954297794 -0.8592249846760753 -4.510207077542248 2.2523990728804533 -0.7370318073792497 -4.338471577702098 2.3823743871913723 -0.7690861024513285 -4.272547371657222 2.5701186247824404 -0.8449894674426406 -4.18110443275621 2.7067282002037656 -0.8931539725433744
wire C -4.672677216342388 2.831232541206224 -1.0304873836622557 0.1
prism -0.11464402359140723 0.3254428300664778 0.7053995535426588
transform 0.6421175546899979 0.012959038509908094 0.7664966466200854 0.0 -0.5209457788417953 -0.7261498834917032 0.4486890261772636 0.0 0.5624060290091605 -0.6874142928583058 -0.45952263111653446 0.0
transform 1.0 0.0 0.0 10.0 0.0 1.0 0.0 -20.0 0.0 0.0 1.0 15.0
splitfuse P 6.412630704257907 -20.034713399250993 10.683401906944308 0.600163594910075 0.1781661812120535 -0.7797823229702819 11.703699899308804
end
case corpus_11_alternate
body P
plane -4.787321239933795 3.1566753712727014 -0.32508783011959674 -0.1459936198104208 0.4144357055374136 0.8982922180172533 0.9892855315704614 0.061160268597118594 0.13256529926974858
wire P 19 -5.353167889772982 2.8406266868249195 -0.2712391404777854 -5.077386051805498 2.8495316754404207 -0.23052650506845418 -4.979926895298364 2.741740679113719 -0.16495669217906672 -4.8217360315996505 2.773339625496257 -0.1538254311334165 -4.624851101133655 2.577841902946931 -0.03163225383659074 -4.453115601293505 2.70781721725785 -0.06368654890866965 -4.387191395248629 2.895561454848918 -0.13958991389998165 -4.295748456347617 3.032171030270243 -0.18775441900071543 -4.116887250052106 3.1981233876332658 -0.23524897200126438 -4.15025724703158 3.3967993549660718 -0.33233343916885216 -4.340480341989221 3.5035214487205635 -0.41248642611657804 -4.523383199406371 3.543794646332789 -0.4607928685239814 -4.634946542417253 3.718382162226482 -0.5594721566596323 -4.842723110589071 3.7669295317608675 -0.6156385306214625 -4.970277804979341 3.528201086215596 -0.5262295180611261 -5.152300475856476 3.4980164398070004 -0.5418865092896752 -5.172109885769282 3.3240183757001014 -0.46483033356815917 -5.301174522294259 3.2036109000024444 -0.4302552331231242 -5.296899218335055 3.0471234123128856 -0.35736339664064876
wire C -4.787321239933795 3.1566753712727014 -0.32508783011959674 0.1
prism 0.11464402359140723 -0.3254428300664778 -0.7053995535426588
splitfuse P -4.766231171022468 3.0968064701491556 -0.45485408158383156 -0.1459936198104208 0.4144357055374136 0.8982922180172533 11.703699899308804
end
case corpus_12
body P
plane 0.3220768729180883 -4.231695043255863 4.621795007254134 0.5050885568722091 0.07334319774388466 0.8599455361018223 0.8630675232661401 -0.0429222614757437 -0.5032614924202513
wire P 20 1.249865656059032 -4.277836036481439 4.080794036800171 1.2931384630923213 -3.9157341878945626 4.024494765383458 1.1105025421546106 -3.6095980879662486 4.1056560835086175 0.951006487282243 -3.2636120979862526 4.169827488540534 0.5792229511832063 -3.3308221163384704 4.393926573067519 0.3220768729180884 -2.8637345715979294 4.505124135476104 0.1071698733517139 -3.45742482465258 4.681984415012588 -0.13569852545000544 -3.481529680231797 4.826688900385048 -0.48994004946613257 -3.5102169146207056 5.037199154877019 -0.7987720033795092 -3.755512289517165 5.239512238439818 -0.5664228692018096 -4.187507981149667 5.13988622744292 -0.376486779953357 -4.4589914078932225 5.051481695559159 -0.5175803934079091 -4.8942156197028766 5.17147243997429 -0.23571735839017416 -5.090282506727796 5.0226425248766455 0.024666193522479007 -5.273628993994079 4.885343672983281 0.32207687291808806 -5.437598447002066 4.724644325132922 0.6685332627240028 -5.479913413121849 4.524762314235172 0.7712329926854806 -4.967735828411501 4.420758983189083 1.2244405913729535 -5.03344642182015 4.160172076773881 1.220072279738577 -4.613200467142239 4.126895785736484
prism 0.8853821923106289 0.1285651007650566 1.5074197458292549
transform 0.30842399972888856 0.7783280689234322 0.5468821203121892 0.0 0.517116258767348 -0.6197266019105903 0.5903640519228912 0.0 0.7984143105616883 0.10071919385238276 -0.5936246563949564 0.0
transform 1.0 0.0 0.0 20.0 0.0 1.0 0.0 -40.0 0.0 0.0 1.0 30.0
splitfuse P 19.57768132945114 -34.22359330663386 27.051610601969582 0.683155340532853 0.7234177052909563 -0.09982787372777802 25.006811610085656
end
case corpus_12_alternate
body P
plane 1.2074590652287172 -4.103129942490806 6.129214753083389 0.5050885568722091 0.07334319774388466 0.8599455361018223 0.8630675232661401 -0.0429222614757437 -0.5032614924202513
wire P 20 0.36780179890271986 -4.76565051893782 6.678892185803545 0.6496648339204547 -4.961717405962739 6.5300622707059 0.9100483858331079 -5.145063893229022 6.392763418812536 1.207459065228717 -5.309033346237009 6.232064070962177 1.5539154550346317 -5.351348312356793 6.032182060064427 1.6566151849961095 -4.839170727646445 5.928178729018338 2.1098227836835823 -4.904881321055093 5.667591822603136 2.105454472049206 -4.484635366377182 5.634315531565739 2.135247848369661 -4.149270935716382 5.588213782629426 2.1785206554029504 -3.7871690871295063 5.531914511212713 1.9958847344652395 -3.4810329872011923 5.613075829337872 1.8363886795928719 -3.1350469972211963 5.677247234369789 1.4646051434938352 -3.202257015573414 5.901346318896774 1.2074590652287174 -2.735169470832873 6.012543881305358 0.9925520656623428 -3.3288597238875237 6.189404160841843 0.7496836668606235 -3.352964579466741 6.334108646214303 0.39544214284449636 -3.3816518138556493 6.544618900706274 0.08661018893111977 -3.6269471887521085 6.7469319842690725 0.3189593231088193 -4.058942880384611 6.647305973272175 0.508895412357272 -4.330426307128166 6.5589014413884135
prism -0.8853821923106289 -0.1285651007650566 -1.5074197458292549
splitfuse P 0.753615157005688 -4.169031977000926 5.356516505116264 0.5050885568722091 0.07334319774388466 0.8599455361018223 25.006811610085656
end
case corpus_13
body P
plane -11.7544004685345 -9.630463394606107 14.206779971204494 -0.1960210516349512 -0.5377789637391623 0.8199814226405135 0.9805996875973028 -0.1075015619040208 0.16391359575175024
wire P 8 -9.149758051441275 -9.91600614113202 14.642162839089526 -10.549597079302579 -8.735150833099992 15.081979175851146 -11.7544004685345 -7.709801837415501 15.466432145510446 -13.238651350098195 -8.202055969351203 14.788772481132254 -13.801648577257366 -9.406026886950253 13.864569175972687 -13.600011392971773 -11.001972355379388 12.866082204588455 -11.7544004685345 -11.45190523446929 13.012200340365453 -10.61179297055281 -10.730081427205496 13.75874991518589
wire C -11.7544004685345 -9.630463394606107 14.206779971204494 0.4
prism -0.7819063504893654 -2.1451409601164793 3.270815436904854
transform 0.6384320481696281 0.6916720288242435 -0.3376304553977443 0.0 0.3227754562338349 -0.638828299884606 -0.6983655261534489 0.0 -0.6987277901464726 0.3368801089537621 -0.6311032145919779 0.0
transform 1.0 0.0 0.0 40.0 0.0 1.0 0.0 -80.0 0.0 0.0 1.0 60.0
splitfuse P 20.116719410174294 -87.91130722687898 55.33437066360004 -0.7739634895319388 -0.292369120912109 -0.5616945914005446 53.16050148805269
end
case corpus_13_alternate
body P
plane -12.536306819023865 -11.775604354722587 17.477595408109348 -0.1960210516349512 -0.5377789637391623 0.8199814226405135 0.9805996875973028 -0.1075015619040208 0.16391359575175024
wire P 8 -12.536306819023865 -13.59704619458577 16.283015777270307 -11.393699321042174 -12.875222387321976 17.029565352090742 -9.93166440193064 -12.0611471012485 17.91297827599438 -11.331503429791944 -10.880291793216472 18.352794612756 -12.536306819023865 -9.854942797531981 18.7372475824153 -14.02055770058756 -10.347196929467684 18.059587918037106 -14.58355492774673 -11.551167847066733 17.13538461287754 -14.381917743461138 -13.147113315495869 16.13689764149331
wire C -12.536306819023865 -11.775604354722587 17.477595408109348 0.4
prism 0.7819063504893654 2.1451409601164793 -3.270815436904854
splitfuse P -12.263363607888365 -11.026791326632921 16.33583863912846 -0.1960210516349512 -0.5377789637391623 0.8199814226405135 53.16050148805269
end
case corpus_14
body P
plane 24.154309679925046 -40.945616090495044 -35.96624978651607 -0.34919285178117104 0.3309337938016255 0.8766682248062811 0.9370508802967602 0.12332277535639724 0.32669120100404064
wire P 9 28.870966616219324 -40.324869409585254 -34.321845676086106 26.521850082837258 -38.65058682216251 -35.889566908726295 24.754502395261643 -37.46817644854535 -37.039882046597015 22.04918808533305 -37.58228543314251 -38.07438275508247 19.2471341766959 -39.808210451142514 -38.350226429387334 20.555579418491213 -42.726983471397695 -36.727240316784375 22.526426237895187 -43.97495118956852 -35.4711205195246 24.83696170836989 -44.72113038299965 -34.2691168976328 27.764167687223736 -43.49474662065251 -33.566105707153284
prism -3.8000715242338585 3.6013683551011524 9.540292535468875
transform -0.0659543046844584 0.06961412150114837 -0.9953913319801478 0.0 0.8525915367792488 0.5221961265394875 -0.019971901250368518 0.0 0.5183991715907621 -0.8499794582898924 -0.09379349326703079 0.0
transform 1.0 0.0 0.0 80.0 0.0 1.0 0.0 -160.0 0.0 0.0 1.0 120.0
splitfuse P 109.10011478610535 -160.45842981298046 169.21106744392316 -0.8265595149240432 -0.14241525608337768 -0.5445339871148872 128.9541833911863
end
case corpus_14_alternate
body P
plane 20.35423815569119 -37.34424773539389 -26.4259572510472 -0.34919285178117104 0.3309337938016255 0.8766682248062811 0.9370508802967602 0.12332277535639724 0.32669120100404064
wire P 9 18.72635471366133 -40.37358283446737 -25.93082798405572 21.036890184136034 -41.119762027898496 -24.72882436216392 23.96409616298988 -39.89337826555136 -24.025813171684405 25.070895091985467 -36.7235010544841 -24.78155314061723 22.7217785586034 -35.04921846706136 -26.349274373257423 20.954430871027785 -33.8668080934442 -27.499589511128136 18.249116561099193 -33.98091707804136 -28.53409021961359 15.447062652462042 -36.20684209604136 -28.809933893918462 16.755507894257356 -39.125615116296544 -27.186947781315496
prism 3.8000715242338585 -3.6013683551011524 -9.540292535468875
splitfuse P 20.99302192437039 -37.94962993296643 -28.029659702762906 -0.34919285178117104 0.3309337938016255 0.8766682248062811 128.9541833911863
end
case corpus_15
body P
plane 2.9443416486368172 -53.537225775915694 23.806765326576002 -0.41964873036661937 0.5678483954419135 0.708126502043052 0.907686588587539 0.26253209112490833 0.3273865574941928
wire P 10 12.430941176561866 -50.79339674611116 27.228414605989023 8.870667359293178 -48.122427804428916 22.976674547825336 5.811815431343371 -45.12274081377312 18.75848646448497 0.09043198644144068 -46.81342869803944 16.7236566817234 -1.907699930383941 -51.910717931935814 19.62705598204447 -2.9177323482801714 -55.232725702971344 21.692418535781936 -5.2713555561940755 -61.04378932490783 24.95752463743784 -0.14469515119872378 -62.601878382848064 29.245112932360176 5.586459402082748 -59.76204216213547 30.364228356346647 10.715590540921045 -56.14231418560144 30.501176552193773
wire C 2.9443416486368172 -53.537225775915694 23.806765326576002 1.6
prism -7.4659782344840515 10.102601185406206 12.598291544683038
transform 0.09795320554918852 0.3159360044379156 0.9437105544723147 0.0 -0.1712417863812125 -0.9287764210289214 0.3287105266608887 0.0 0.9803476016799395 -0.19380093095883982 -0.03687518189619443 0.0
transform 1.0 0.0 0.0 160.0 0.0 1.0 0.0 -320.0 0.0 0.0 1.0 240.0
splitfuse P 172.54645064000866 -264.80666632287 247.83178270847944 0.8065642687179314 -0.22277416673586395 -0.5475634676114266 226.119867541533
end
case corpus_15_alternate
body P
plane -4.521636585847235 -43.434624590509486 36.40505687125904 -0.41964873036661937 0.5678483954419135 0.708126502043052 0.907686588587539 0.26253209112490833 0.3273865574941928
wire P 10 -12.737333790678127 -50.94118813950162 37.55581618212088 -7.610673385682776 -52.499277197441856 41.843404477043215 -1.879518832401304 -49.659440976729265 42.96251990102969 3.249612306436994 -46.039713000195235 43.09946809687681 4.964962942077815 -40.690795560704956 39.82670615067206 1.404689124809126 -38.01982661902271 35.574966092508376 -1.6541628031406814 -35.02013962836691 31.35677800916801 -7.375546248042611 -36.71082751263323 29.32194822640644 -9.373678164867993 -41.808116746529606 32.22534752672751 -10.383710582764223 -45.130124517565136 34.290710080464976
wire C -4.521636585847235 -43.434624590509486 36.40505687125904 1.6
prism 7.4659782344840515 -10.102601185406206 -12.598291544683038
splitfuse P -1.5006016197588885 -47.52254320894179 31.307281593309437 -0.41964873036661937 0.5678483954419135 0.708126502043052 226.119867541533
end
case corpus_16
body P
plane 150.8389705447523 1.406425477975855 -165.9046408595965 -0.789087775302621 0.33737122826659577 0.5133430989171365 0.6142804594547676 0.43337779652032615 0.6594264194094943
wire P 11 161.48710758319362 8.918736989336843 -154.47392908524938 161.3531532318091 18.01669212988315 -160.65905176110545 154.36022090288338 14.380184029022995 -169.0183424942177 149.5655030354953 12.557483741937734 -175.19067952816042 144.15615129607326 7.183778645655238 -179.97406873977027 138.5076376913109 -2.367556829929482 -182.37953061462355 138.9080031496427 -11.77683224833734 -175.58029185755706 144.13900602464767 -13.839463825104023 -166.18386093264627 149.4676611597938 -12.536311196719145 -158.84933080838317 156.02416922177193 -10.381649537015743 -150.18701603464405 157.92341621211128 0.21066507101922838 -154.22889292267212
prism -24.197963558220035 10.345739653685778 15.742047956194401
transform 0.372910566462459 -0.9065359732596204 0.19781364615941066 0.0 -0.9247730230744244 -0.38051888021453795 -0.00048743621552289895 0.0 0.07571370559177482 -0.18275095344896775 -0.9802395236874788 0.0
transform 1.0 0.0 0.0 320.0 0.0 1.0 0.0 -640.0 0.0 0.0 1.0 480.0
splitfuse P 334.85782703254205 -771.1464339105852 644.6461619915601 -0.4985520539155841 0.6011007434236677 -0.624598867908089 405.9214265229374
end
case corpus_16_alternate
body P
plane 126.64100698653226 11.75216513166163 -150.1625929034021 -0.789087775302621 0.33737122826659577 0.5133430989171365 0.6142804594547676 0.43337779652032615 0.6594264194094943
wire P 11 114.71003959142267 -1.431092594651564 -159.83824390136266 119.94104246642763 -3.493724171418245 -150.44181297645187 125.26969760157377 -2.1905715430333688 -143.10728285218877 131.8262056635519 -0.035909883329966696 -134.44496807844965 133.72545265389124 10.556404724705004 -138.48684496647772 137.28914402497358 19.26447664302262 -138.73188112905498 137.15518967358906 28.362431783568926 -144.91700380491105 130.16225734466335 24.72592368270877 -153.2762945380233 125.36753947727527 22.90322339562351 -159.44863157196602 119.95818773785322 17.529518299341014 -164.23202078357588 114.30967413309085 7.978182823756295 -166.63748265842915
prism 24.197963558220035 -10.345739653685778 -15.742047956194401
splitfuse P 131.39864854981076 9.718055076870945 -153.25768896251125 -0.789087775302621 0.33737122826659577 0.5133430989171365 405.9214265229374
end
case corpus_17
body P
plane 167.10124432337886 -95.78143605558351 -335.6723289686852 0.180384203343658 0.5437633727988826 0.8196236536279667 0.983596227719522 -0.09972214212045233 -0.1503128576896683
wire P 12 203.77287789882746 -99.49939852040383 -341.2764761619437 195.39114789335773 -84.81230659250889 -349.1756759043903 183.66559034584625 -73.154693039649 -354.32911173878136 167.10124432337886 -67.88172552925127 -354.1818493183713 150.8615137611344 -70.30517670312229 -348.99998954004 137.68262922679799 -78.40943304108572 -340.72294638979275 140.279632194318 -93.06212040424639 -331.57345887001634 131.22499795953627 -109.69209467768512 -318.54786616507596 152.845857123657 -115.25416273753324 -319.61617668062735 167.10124432337886 -120.13719598474908 -319.51397371924725 181.2025260098943 -117.90297976413429 -324.0996556894947 191.29346485162796 -110.06719786199103 -331.5189842223701
wire C 167.10124432337886 -95.78143605558351 -335.6723289686852 6.4
prism 15.429541059959625 46.51194024744113 70.10822778795982
transform -0.5398510344092572 0.8209096096872067 -0.186194181892058 0.0 0.1632727031114204 0.31911404148855216 0.9335460636431029 0.0 0.8257741126155171 0.4735753807452835 -0.3063061763758849 0.0
transform 1.0 0.0 0.0 640.0 0.0 1.0 0.0 -1280.0 0.0 0.0 1.0 960.0
splitfuse P 540.8017427891608 -1561.4542709914058 1161.0962523721048 0.19639082371372746 0.9681307794989832 0.15541376434452142 982.5625263627879
end
case corpus_17_alternate
body P
plane 182.5307853833385 -49.26949580814238 -265.56410118072534 0.180384203343658 0.5437633727988826 0.8196236536279667 0.983596227719522 -0.09972214212045233 -0.1503128576896683
wire P 12 155.70917325427763 -46.550180156805254 -261.4652310820565 146.6545390194959 -63.18015443024399 -248.43963837711615 168.27539818361663 -68.7422224900921 -249.50794889266754 182.5307853833385 -73.62525573730795 -249.40574593128744 196.63206706985395 -71.39103951669316 -253.99142790153488 206.7230059115876 -63.5552576145499 -261.41075643441025 219.2024189587871 -52.9874582729627 -271.1682483739839 210.82068895331736 -38.30036634506777 -279.06744811643046 199.0951314058059 -26.64275279220787 -284.22088395082153 182.5307853833385 -21.36978528181014 -284.07362153041146 166.29105482109404 -23.793236455681157 -278.8917617520802 153.11217028675762 -31.8974927936446 -270.6147186018329
wire C 182.5307853833385 -49.26949580814238 -265.56410118072534 6.4
prism -15.429541059959625 -46.51194024744113 -70.10822778795982
splitfuse P 172.95832188040214 -78.12543188162613 -309.0591376920415 0.180384203343658 0.5437633727988826 0.8196236536279667 982.5625263627879
end
case corpus_18
body P
plane -679.3365032688879 -308.2658537378252 454.97333593920655 0.5521870776557802 -0.20228917639412225 0.8088068498620403 0.833720235612624 0.13397955858944208 -0.5356865189737455
wire P 13 -614.4642521596526 -297.84082721567034 413.2912597579063 -617.9278509693847 -260.89486039033204 424.89640838727473 -650.3432666085143 -254.73076618505604 448.56868957039694 -672.5736506214424 -242.3698459009948 466.8373419309959 -694.6262041937515 -263.8116114043872 476.53025937990344 -730.476244614855 -263.7661071205285 501.0171119349394 -728.6593182247819 -302.04619443810066 490.2025019808956 -732.0143151649479 -331.8393210262546 485.0415156656818 -721.8921998813198 -358.97358384707377 471.34446433861115 -698.6424486976674 -370.60214310620916 452.5630410110307 -672.2803474856925 -374.75189345507243 433.527270960313 -653.4867320883 -347.68847155428494 427.46531161984484 -639.3458851638873 -326.26179689214723 423.1700851772237
prism 74.02792284808882 -27.119518273918363 108.43117034679508
transform -0.6862091692287084 0.5455468645467894 0.4811398909356952 0.0 0.5889984702063416 0.028583928002336334 0.8076284796579095 0.0 0.4268463167945052 0.8375927277878695 -0.34094082213170185 0.0
transform 1.0 0.0 0.0 1280.0 0.0 1.0 0.0 -2560.0 0.0 0.0 1.0 1920.0
splitfuse P 1786.6014740149922 -2501.4512433404125 1195.1612713958255 -0.10012482219990182 0.972670571244246 -0.20949219511673914 1694.989567501515
end
case corpus_18_alternate
body P
plane -605.3085804207991 -335.3853720117435 563.4045062860016 0.5521870776557802 -0.20228917639412225 0.8088068498620403 0.833720235612624 0.13397955858944208 -0.5356865189737455
wire P 13 -654.6313953766931 -329.165712712019 598.6336723276906 -657.9863923168591 -358.95883930017294 593.4726860124769 -647.864277033231 -386.0931021209921 579.7756346854062 -624.6145258495786 -397.7216613801275 560.9942113578257 -598.2524246376037 -401.8714117289908 541.958441307108 -579.4588092402112 -374.8079898282033 535.89648196664 -565.3179623157985 -353.3813151660656 531.6012555240188 -540.4363293115638 -324.9603454895887 521.7224301047014 -543.8999281212959 -288.0143786642504 533.3275787340698 -576.3153437604255 -281.8502844589744 556.999859917192 -598.5457277733536 -269.48936417491313 575.2685122777909 -620.5982813456627 -290.9311296783055 584.9614297266985 -656.4483217667662 -290.88562539444683 609.4482822817345
prism -74.02792284808882 27.119518273918363 -108.43117034679508
splitfuse P -661.1781695925149 -314.91800934363414 481.5704535716592 0.5521870776557802 -0.20228917639412225 0.8088068498620403 1694.9895675015148
end
case corpus_19
body P
plane -523.9300734073094 1091.1791611965523 -1042.2175828118147 -0.4670945629165114 0.35540167611445955 0.8096371520062958 0.8842073678124568 0.18774576712155328 0.42770183262888456
wire P 14 -393.1172686405526 1118.95494239256 -978.9418418863745 -410.93800480495446 1171.5209986798886 -1012.297566007833 -463.8036984179867 1182.0243469608063 -1047.4073501436883 -502.7385033841326 1191.8282942125613 -1074.1731364468649 -549.6321156728387 1202.3359869155454 -1105.8394240804964 -614.3120245251066 1189.3556089654273 -1137.4565325732644 -615.8151159609089 1117.4927455895963 -1106.778473648503 -636.0229251611942 1067.378230320528 -1096.4382553202834 -664.7177955900609 991.0735127632782 -1079.4978190762424 -606.8798813582549 965.849957269806 -1035.0578263228288 -545.0296085438129 990.967146881081 -1010.4008119924863 -496.9502493456815 974.4961532797215 -975.4327699096908 -447.0240350007313 1007.6407824676628 -961.1787223139917 -418.3372897365005 1060.9400216456568 -968.0252660836978
wire C -523.9300734073094 1091.1791611965523 -1042.2175828118147 25.6
prism -98.42443524118579 74.8889240690838 170.6037401483203
transform 0.1924033592087125 0.912893902956796 -0.3600078739548778 0.0 -0.32990216964091207 -0.28533686296244953 -0.899859674116452 0.0 -0.9241999274136643 0.2919034028219887 0.246265908297356 0.0
transform 1.0 0.0 0.0 2560.0 0.0 1.0 0.0 -5120.0 0.0 0.0 1.0 3840.0
splitfuse P 3828.306933503056 -4347.0805412417285 4414.798857524855 -0.05690228951641482 -0.6758735133774234 0.734817748399321 2959.5285789769323
end
case corpus_19_alternate
body P
plane -622.3545086484951 1166.0680852656362 -871.6138426634943 -0.4670945629165114 0.35540167611445955 0.8096371520062958 0.8842073678124568 0.18774576712155328 0.42770183262888456
wire P 14 -714.2395512020946 1192.3816696586803 -936.1747335001827 -734.4473604023799 1142.267154389612 -925.8345151719631 -763.1422308312467 1065.962436832362 -908.8940789279221 -705.3043165994407 1040.73888133889 -864.4540861745085 -643.4540437849987 1065.8560709501648 -839.797071844166 -595.3746845868673 1049.3850773488055 -804.8290297613705 -545.4484702419171 1082.5297065367467 -790.5749821656714 -516.7617249776863 1135.8289457147407 -797.4215259353775 -491.5417038817384 1193.843866461644 -808.3381017380542 -509.36244004614025 1246.4099227489726 -841.6938258595127 -562.2281336591725 1256.9132710298902 -876.8036099953679 -601.1629386253185 1266.7172182816453 -903.5693962985445 -648.0565509140245 1277.2249109846293 -935.2356839321761 -712.7364597662925 1264.2445330345113 -966.8527924249441
wire C -622.3545086484951 1166.0680852656362 -871.6138426634943 25.6
prism 98.42443524118579 -74.8889240690838 -170.6037401483203
splitfuse P -561.608452238029 1119.8477864661359 -976.9078623598325 -0.4670945629165114 0.35540167611445955 0.8096371520062958 2959.5285789769323
end
case corpus_20
body P
plane -244.08591604088568 1362.536401583001 1189.624699518782 -0.6780142350550864 0.07352770403073292 0.7313619991513335 0.7350487718938561 0.06782247914693898 0.6746135295557724
wire P 15 -43.06983960545719 1381.0840261400965 1374.1133620495175 -71.02362020146879 1482.805077300707 1337.9720578228735 -118.54370971139352 1562.855080003018 1285.8703761804136 -182.24879218835113 1625.858363364231 1220.4780812673894 -268.2039594612821 1670.9256946858611 1136.2618867454812 -348.763479330069 1598.3003329060375 1068.8800359091601 -380.3732598358247 1483.9957704885312 1051.06761315519 -404.298818337062 1393.8505982171105 1037.95003019348 -442.4796524440501 1287.1482956924901 1013.2815708910799 -398.7454720038187 1196.1630290761607 1062.9728792910773 -346.8794782874252 1112.046389378155 1119.5123023001347 -262.2359617145802 1127.1084982028372 1196.467390104914 -181.3175285982476 1106.832023712538 1273.5218887139881 -115.43343860632123 1180.9962503329066 1327.144069821392 -81.82212432139713 1279.7160381392553 1348.3788485251093
prism -242.86408498615612 26.33755699702383 261.97320577362706
transform 0.2849784571569033 -0.17116672504024183 0.9431273674300142 0.0 0.9570855275501557 -0.0032575256613615045 -0.2897873038637226 0.0 0.05267420536193018 0.9852366927624872 0.16289287069704833 0.0
transform 1.0 0.0 0.0 5120.0 0.0 1.0 0.0 -10240.0 0.0 0.0 1.0 7680.0
splitfuse P 5993.162558613727 -10918.823556477428 9220.728084991837 0.48396256996286424 -0.8610965521093609 0.1558619864505476 5363.036340416618
end
case corpus_20_alternate
body P
plane -486.9500010270418 1388.8739585800247 1451.597905292409 -0.6780142350550864 0.07352770403073292 0.7313619991513335 0.7350487718938561 0.06782247914693898 0.6746135295557724
wire P 15 -623.2373448219809 1510.333327485555 1313.0408189288169 -647.1629033232182 1420.1881552141342 1299.923235967107 -685.3437374302063 1313.4858526895139 1275.254776664707 -641.6095569899749 1222.5005860731844 1324.9460850647042 -589.7435632735812 1138.3839463751788 1381.4855080737616 -505.10004670073636 1153.446055199861 1458.4405958785412 -424.18161358440375 1133.1695807095618 1535.4950944876152 -358.2975235924773 1207.3338073299303 1589.117275595019 -324.6862093075532 1306.053595136279 1610.3520542987364 -285.9339245916133 1407.4215831371203 1636.0865678231446 -313.8877051876249 1509.1426342977306 1599.9452635965006 -361.40779469754966 1589.1926370000417 1547.8435819540407 -425.1128771745073 1652.1959203612548 1482.4512870410163 -511.0680444474382 1697.2632516828849 1398.2350925191083 -591.6275643162252 1624.6378899030613 1330.8532416827873
prism 242.86408498615612 -26.33755699702383 -261.97320577362706
splitfuse P -367.4930863989131 1375.919374134629 1322.7418380038216 -0.6780142350550864 0.07352770403073292 0.7313619991513335 5363.036340416618
end
case corpus_21
body P
plane -1965.2140904355624 -4513.157748891061 -1951.897969849203 -0.7052748659498823 0.015122437072558491 0.7087726542103343 0.7089339626928418 0.015044384019453764 0.7051143900461113
wire P 16 -1581.4635658890404 -4505.014126829261 -1570.2150046013762 -1579.1933678242062 -4279.474374431707 -1572.768146383 -1725.3446452696505 -4169.792122576689 -1720.5383586481485 -1791.7573370826228 -3918.9191667785703 -1791.9759522153558 -1965.2140904355624 -4019.3940267842254 -1962.4329570159862 -2108.740214451988 -4027.548892401013 -2105.076787634009 -2198.0305925688604 -4189.769451758834 -2190.465365899146 -2396.7111365803307 -4270.25832191579 -2386.448104998061 -2434.475236621409 -4523.116003481958 -2418.6308452334406 -2357.1486912956602 -4750.421177332903 -2336.836102261305 -2226.5569415173695 -4887.261885757764 -2203.9691762283246 -2111.835469438794 -5015.4620909363375 -2087.0785627359105 -1965.2140904355624 -4971.968043683781 -1942.1087521500872 -1788.1741061571126 -5112.157999943861 -1762.9513534875005 -1679.5852135202683 -4909.903835491666 -1659.2136593387 -1625.9583719500124 -4704.1324504666 -1610.2418226401264
wire C -1965.2140904355624 -4513.157748891061 -1951.897969849203 102.4
prism -682.3150834328457 14.630135584051756 685.6990033823344
transform 0.9999897030769054 -0.0009973042849112154 -0.004427089825808407 0.0 0.0010107097466045259 0.9999949083124781 0.003026849009569348 0.0 0.00442404859496335 -0.0030312923451739295 0.9999856194269733 0.0
transform 1.0 0.0 0.0 10240.0 0.0 1.0 0.0 -20480.0 0.0 0.0 1.0 15360.0
splitfuse P 7753.072611759973 -24988.529769281202 13945.860130946481 -0.7084204856663835 0.016554879699189992 0.705596450845914 13034.965371005314
end
case corpus_21_alternate
body P
plane -2647.529173868408 -4498.527613307009 -1266.1989664668686 -0.7052748659498823 0.015122437072558491 0.7087726542103343 0.7089339626928418 0.015044384019453764 0.7051143900461113
wire P 16 -2880.345676001706 -4175.139316174783 -1504.7663625168116 -3079.0262200131765 -4255.628186331738 -1700.7491016157267 -3116.7903200542546 -4508.485867897906 -1732.9318418511064 -3039.463774728506 -4735.791041748852 -1651.1370988789706 -2908.8720249502153 -4872.631750173712 -1518.2701728459904 -2794.15055287164 -5000.831955352286 -1401.379559353576 -2647.529173868408 -4957.337908099729 -1256.409748767753 -2470.489189589958 -5097.527864359809 -1077.252350105166 -2361.900296953114 -4895.273699907614 -973.5146559563655 -2308.273455382858 -4689.5023148825485 -924.542819257792 -2263.778649321886 -4490.3839912452095 -884.5160012190418 -2261.508451257052 -4264.844238847655 -887.0691430006655 -2407.659728702496 -4155.161986992637 -1034.839355265814 -2474.0724205154684 -3904.2890311945184 -1106.2769488330216 -2647.529173868408 -4004.7638912001735 -1276.733953633652 -2791.0552978848336 -4012.918756816961 -1419.377784251675
wire C -2647.529173868408 -4498.527613307009 -1266.1989664668686 102.4
prism 682.3150834328457 -14.630135584051756 -685.6990033823344
splitfuse P -2237.13691342797 -4507.327205399685 -1678.6265542669676 -0.7052748659498823 0.015122437072558491 0.7087726542103343 13034.965371005315
end
case corpus_22
body P
plane -7277.426661201466 6229.978325517407 8286.855340454258 0.5896890881445954 -0.37004387950298934 0.7178678893540041 0.8076303481935256 0.270186525761063 -0.5241492745143991
wire P 17 -6169.078694735796 6600.767619237635 7567.5413822406845 -6569.4605994821995 6768.674637623028 7982.985239280994 -6667.687314648522 7045.716967428109 8206.481850544475 -6964.1903134464565 7027.099976721696 8440.446180219064 -7179.979689550138 7419.964473182402 8820.21764911776 -7516.215223203379 7073.755436039956 8917.954142223396 -7949.135749823066 6984.209063019421 9227.415571837435 -8077.470771845115 6507.5170560968645 9087.11232252073 -8379.793365064697 6087.983165564447 9119.193971842433 -8179.468338859621 5742.62752434601 8776.615306648997 -8251.851807643514 5239.973179156433 8576.967955981116 -7777.355516658262 5334.13686965517 8235.73443453325 -7590.8299530300865 4912.851202961311 7865.351142625289 -7188.525630850331 5203.834345047554 7684.875124604993 -6976.001050067006 5664.591796725142 7747.8073846325415 -6541.520898825505 5737.831414342906 7428.659063104883 -6632.414202269461 6170.751770158641 7726.483106189716
prism 976.7234944484675 -612.9171428703838 1189.0307070940073
transform 0.647170924430455 -0.7013333219193292 0.29883334174323484 0.0 0.17498911342037787 0.5181889088049411 0.8371732586364036 0.0 -0.7419896257739594 -0.48950161016808025 0.4580824913557343 0.0
transform 1.0 0.0 0.0 20480.0 0.0 1.0 0.0 -40960.0 0.0 0.0 1.0 30720.0
splitfuse P 14980.813163911853 -31406.834370395416 36959.66606603554 0.8556765958746572 0.5124163367994216 0.07243660023372539 24229.456021861486
end
case corpus_22_alternate
body P
plane -6300.703166752999 5617.061182647023 9475.886047548265 0.5896890881445954 -0.37004387950298934 0.7178678893540041 0.8076303481935256 0.270186525761063 -0.5241492745143991
wire P 17 -6972.412255374599 6371.291920149037 10416.446278931442 -7100.747277396648 5894.599913226481 10276.14302961474 -7403.069870616229 5475.066022694063 10308.224678936442 -7202.744844411154 5129.7103814756265 9965.646013743004 -7275.128313195046 4627.056036286049 9765.998663075123 -6800.632022209795 4721.219726784786 9424.765141627257 -6614.106458581619 4299.934060090927 9054.381849719297 -6211.802136401864 4590.91720217717 8873.905831699001 -5999.277555618539 5051.674653854758 8936.83809172655 -5564.797404377038 5124.914271472522 8617.689770198891 -5655.690707820994 5557.834627288257 8915.513813283724 -5192.355200287328 5987.850476367251 8756.572089334692 -5592.737105033732 6155.757494752644 9172.015946375002 -5690.963820200055 6432.799824557725 9395.512557638483 -5987.466818997989 6414.182833851312 9629.47688731307 -6203.2561951016705 6807.047330312018 10009.248356211767 -6539.4917287549115 6460.838293169572 10106.984849317405
prism -976.7234944484675 612.9171428703838 -1189.0307070940073
splitfuse P -7018.575989451293 6067.543393767573 8601.97154172539 0.5896890881445954 -0.37004387950298934 0.7178678893540041 24229.456021861486
end
case corpus_23
body P
plane -6437.139793583781 15356.932386162978 -19836.57881325601 0.1111471046522818 -0.3092161370652411 0.9444742991240497 0.9938039651397125 0.03458275429775833 -0.10563007137063839
wire P 18 -3697.971453080642 15452.250969125667 -20127.721289491616 -4330.44052565999 16163.50057970432 -19820.431865585884 -4675.383734810327 16831.90847622242 -19561.005063883604 -5332.411989270455 17225.17924994335 -19354.930152359655 -6134.107934636362 17010.933898490555 -19330.728262271514 -6926.4264155777255 17993.49260578494 -18915.802294045625 -7469.4396888040565 17030.84898112221 -19167.06438778594 -7919.826209437125 16495.07586878829 -19289.471672456108 -8534.807399489053 16014.051918127532 -19374.584617555673 -8286.263865012474 15292.58588959884 -19640.037931462768 -8018.157411203277 14751.625998480444 -19848.69663620584 -7734.699119375055 14270.590737757793 -20039.54294478871 -7762.4316355324 13115.681357948632 -20414.390866577305 -6832.421453199126 13199.41513675529 -20496.421794799357 -5951.180132180316 12738.299760615337 -20751.094406754655 -5181.391809627118 13320.685555988568 -20651.01403107083 -4263.242078069168 13688.199543970573 -20638.740990510538 -4492.73779364419 14747.825143168759 -20264.817508248176
wire C -6437.139793583781 15356.932386162978 -19836.57881325601 409.6
prism 598.5410470376456 -1665.1675364731689 5086.112118407304
transform -0.5099958367059786 -0.061771039281652396 -0.857956050884096 0.0 0.603557173223716 -0.7363638143012268 -0.3057565561651062 0.0 -0.6128808898903325 -0.6737600995115495 0.41282483345048504 0.0
transform 1.0 0.0 0.0 40960.0 0.0 1.0 0.0 -81920.0 0.0 0.0 1.0 61440.0
splitfuse P 58129.29493751827 -91032.85313618885 48214.69633878156 -0.8479013983234037 0.0059999973421618336 0.5301200041057788 65418.46193328715
end
case corpus_23_alternate
body P
plane -5838.598746546136 13691.76484968981 -14750.466694848705 0.1111471046522818 -0.3092161370652411 0.9444742991240497 0.9938039651397125 0.03458275429775833 -0.10563007137063839
wire P 18 -6870.898641766411 15365.68144464904 -14080.952269378635 -7321.285162399479 14829.908332315124 -14203.359554048804 -7936.266352451406 14348.884381654363 -14288.472499148369 -7687.722817974828 13627.418353125671 -14553.925813055464 -7419.616364165631 13086.458462007275 -14762.584517798537 -7136.158072337409 12605.423201284624 -14953.430826381407 -7163.890588494754 11450.513821475462 -15328.278748170002 -6233.88040616148 11534.24760028212 -15410.309676392053 -5352.63908514267 11073.132224142168 -15664.982288347352 -4582.850762589473 11655.518019515399 -15564.901912663527 -3664.7010310315227 12023.032007497404 -15552.628872103234 -3894.1967466065444 13082.65760669559 -15178.705389840872 -3099.430406042996 13787.083432652498 -15041.609171084312 -3731.8994786223448 14498.33304323115 -14734.31974717858 -4076.8426877726815 15166.740939749252 -14474.8929454763 -4733.870942232809 15560.011713470183 -14268.818033952351 -5535.566887598717 15345.766362017386 -14244.61614386421 -6327.88536854008 16328.325069311772 -13829.69017563832
wire C -5838.598746546136 13691.76484968981 -14750.466694848705 409.6
prism -598.5410470376456 1665.1675364731689 -5086.112118407304
splitfuse P -6014.433924635932 14180.946054177344 -16244.628932427993 0.1111471046522818 -0.3092161370652411 0.9444742991240497 65418.46193328715
end
case corpus_24
body P
plane 21841.493302825853 33014.008632983976 -31356.202606503517 0.1420413021833857 0.6480999176654474 0.7481916634099102 0.9898607318577943 -0.09299990724692203 -0.10736269733019844
wire P 19 26415.251932938405 32584.292497490904 -31852.28356785708 26454.175193729538 33789.81994311618 -32903.92713377863 25583.957846358575 34886.66121871586 -33688.82753286706 24436.003857268966 35802.642896315534 -34264.33617782586 22671.177143540644 35437.86943469197 -33613.315912816695 21473.526971943036 36439.48360146894 -34253.566656728515 20290.538718869928 35859.66935335317 -33526.73316606812 18132.64637119415 36438.9094152349 -33618.81598488041 18844.495883126972 34534.058707523494 -32103.934690916813 17284.819329693455 34022.739847956545 -31364.920576671342 17258.761678196875 32860.62726145274 -30353.32639379571 18930.831744710984 32084.67528825211 -29998.615945480076 19629.408133785422 31386.940751711794 -29526.845123954583 20451.716478147795 30725.219731238685 -29109.760029161625 21468.711567820115 29613.75363238008 -28340.056477958697 23055.266824394486 29239.983699393455 -28317.490217212377 23804.210556130452 30535.63458486966 -29581.99531849392 26099.802709940508 30083.080071619326 -29625.79205886808 26914.93895634076 31207.375053685566 -30754.431337413123
prism 921.7193863639255 4205.581399428902 4855.086163533151
transform 0.358213651279356 0.8439259276194566 0.3993394655287048 0.0 0.5797603956345181 -0.5363298784487653 0.6133743923060693 0.0 0.731820240011725 0.011802125858185575 -0.6813955137322293 0.0
transform 1.0 0.0 0.0 81920.0 0.0 1.0 0.0 -163840.0 0.0 0.0 1.0 122880.0
splitfuse P 106270.38167108127 -187860.28754402403 160092.53558579384 0.8966119166726372 0.19367617835863843 -0.3982167862069763 92916.06215673516
end
case corpus_24_alternate
body P
plane 22763.21268918978 37219.590032412874 -26501.116442970364 0.1420413021833857 0.6480999176654474 0.7481916634099102 0.9898607318577943 -0.09299990724692203 -0.10736269733019844
wire P 19 21212.258105233854 40065.25075278207 -28671.64700253497 19054.365757558076 40644.4908146638 -28763.729821347264 19766.2152694909 38739.64010695239 -27248.84852738366 18206.53871605738 38228.321247385444 -26509.83441313819 18180.4810645608 37066.20866088164 -25498.240230262556 19852.55113107491 36290.25668768101 -25143.529781946923 20551.127520149348 35592.52215114069 -24671.75896042143 21373.43586451172 34930.80113066758 -24254.673865628472 22390.43095418404 33819.33503180898 -23484.970314425544 23976.986210758412 33445.56509882236 -23462.404053679224 24725.92994249438 34741.21598429856 -24726.909154960766 27021.522096304434 34288.661471048224 -24770.705895334926 27836.658342704686 35412.956453114464 -25899.34517387997 27336.97131930233 36789.8738969198 -26997.197404323928 27375.894580093463 37995.401342545076 -28048.840970245477 26505.6772327225 39092.24261814476 -28833.741369333904 25357.723243632892 40008.22429574443 -29409.25001429271 23592.89652990457 39643.45083412087 -28758.229749283542 22395.246358306962 40645.06500089784 -29398.480493195362
prism -921.7193863639255 -4205.581399428902 -4855.086163533151
splitfuse P 22116.50548224803 34268.82232520424 -29907.597047296455 0.1420413021833857 0.6480999176654474 0.7481916634099102 92916.06215673516
end
case corpus_25
body P
plane 0.001382611865474946 0.002468599397274875 0.0006564709586048626 -0.05432135954667405 -0.12476776263802483 0.9906978324914728 0.9985235049296541 -0.0067875763170659785 0.0538956297925819
wire P 20 0.0016210709521251023 0.002466978444697249 0.0006693418650896123 0.0016618843888476073 0.0025568641191059892 0.0006828998596861561 0.0015881333638182627 0.002615571258472836 0.0006862495212815387 0.0015247392061695164 0.0026620086335621754 0.000688621819357505 0.0014861342139403926 0.002784475131281336 0.0007019283946047796 0.001382611865474946 0.0028009929800131114 0.0006983323640438857 0.0012828958303617278 0.0027742166632000044 0.0006894926033729775 0.0012313785253580602 0.002676456279632733 0.0006743559654512097 0.0011765750691613045 0.002618740873464083 0.0006640823784784036 0.0011195910473737716 0.0025553035578070164 0.000652968614909808 0.0010645603256582209 0.002470761388543592 0.0006393040236651283 0.0010798626134749531 0.0023729148014913536 0.0006278203418634998 0.001220366396198912 0.0023525749483357078 0.0006329627761772883 0.0011912402854061697 0.0022081777854490656 0.0006131804770357564 0.0013047786721977108 0.0022311084842405794 0.0006222938224162451 0.001382611865474946 0.002231750996972714 0.0006266424437732726 0.0014697946409148446 0.002201395015999045 0.0006275997882138023 0.0015191502272474985 0.0022809394660827363 0.0006403237946712766 0.0016448498299885391 0.0022775034580573557 0.0006467833528450775 0.001675393556173907 0.002372084638882367 0.0006603695933815688
wire C 0.001382611865474946 0.002468599397274875 0.0006564709586048626 4.8828125e-05
prism -2.784637050754739e-05 -6.395880690045968e-05 0.0005078543529618042
transform 0.9087436518677081 0.3310890123200028 0.254096519281762 0.0 -0.40441538218126216 0.8489838794203257 0.34010964576088915 0.0 -0.1031172819915531 -0.41183302248044523 0.9054062004146513 0.0
transform 1.0 0.0 0.0 0.0048828125 0.0 1.0 0.0 -0.009765625 0.0 0.0 1.0 0.00732421875
splitfuse P 0.007148387502211558 -0.007966428546814551 0.006907459427634255 0.16105944494600583 0.2529884630954048 0.9539689160210145 0.006781136533643853
end
case corpus_25_alternate
body P
plane 0.0013547654949673984 0.0024046405903744156 0.0011643253115666667 -0.05432135954667405 -0.12476776263802483 0.9906978324914728 0.9985235049296541 -0.0067875763170659785 0.0538956297925819
wire P 20 0.0012550494598541802 0.002710257856299545 0.0011973469563347817 0.0012035321548505126 0.0026124974727322735 0.0011822103184130138 0.001148728698653757 0.0025547820665636233 0.0011719367314402078 0.001091744676866224 0.002491344750906557 0.0011608229678716122 0.0010367139551506733 0.0024068025816431325 0.0011471583766269325 0.0010520162429674055 0.002308955994590894 0.001135674694825304 0.0011925200256913645 0.0022886161414352483 0.0011408171291390923 0.0011633939148986221 0.002144218978548606 0.0011210348299975606 0.0012769323016901632 0.00216714967734012 0.0011301481753780492 0.0013547654949673984 0.0021677921900722544 0.0011344967967350768 0.001441948270407297 0.0021374362090985856 0.0011354541411756065 0.001491303856739951 0.002216980659182277 0.0011481781476330808 0.0016170034594809916 0.002213544651156896 0.0011546377058068817 0.0016475471856663593 0.0023081258319819077 0.001168223946343373 0.0015932245816175548 0.0024030196377967895 0.0011771962180514165 0.0016340380183400597 0.0024929053122055298 0.0011907542126479603 0.001560286993310715 0.0025516124515723767 0.0011941038742433428 0.0014968928356619688 0.002598049826661716 0.0011964761723193091 0.001458287843432845 0.0027205163243808764 0.0012097827475665837 0.0013547654949673984 0.002737034173112652 0.0012061867170056898
wire C 0.0013547654949673984 0.0024046405903744156 0.0011643253115666667 4.8828125e-05
prism 2.784637050754739e-05 6.395880690045968e-05 -0.0005078543529618042
splitfuse P 0.0013767115300567314 0.0024550472392455467 0.0007640796333247047 -0.05432135954667405 -0.12476776263802483 0.9906978324914728 0.006781136533643853
end
case corpus_26
body P
plane 0.000526348771178063 0.001303352104470098 -0.0007150081407341037 0.7290335637146715 0.10192806100372155 0.6768461666859815 0.6844779492266247 -0.10856299701112285 -0.7209049956148709
wire P 8 0.0008335614173368772 0.001254626026991047 -0.0010385702534101771 0.0007326621590138814 0.0015686857623993134 -0.0009771863702668305 0.000526348771178063 0.0019583512012802595 -0.0008136461934897792 0.0002778503367326222 0.001701765910533339 -0.0005073477306880101 0.00023453361206064607 0.00134963603265633 -0.0004076629497873573 0.00030348017756603974 0.0010167272770610478 -0.00043179194277147834 0.000526348771178063 0.0008943316266817805 -0.0006534126611941846 0.0007647904985665762 0.0009210620657213478 -0.0009142645545304197
prism 0.0009834894264386274 0.00013750419081361444 0.0009130869707415957
transform 0.8409693959374996 -0.22963571469098043 -0.48993664247010504 0.0 0.4433258736687834 0.8115529090658172 0.38058382194021234 0.0 0.3102138695034875 -0.5372609369060549 0.7842946135493353 0.0
transform 1.0 0.0 0.0 0.009765625 0.0 1.0 0.0 -0.01953125 0.0 0.0 1.0 0.0146484375
splitfuse P 0.010519929298529905 -0.017842159203019497 0.014259939988311907 0.25807685418474363 0.6635161569736145 0.7022411599792995 0.016091330364621875
end
case corpus_26_alternate
body P
plane 0.0015098381976166905 0.0014408562952837123 0.00019807883000749218 0.7290335637146715 0.10192806100372155 0.6768461666859815 0.6844779492266247 -0.10856299701112285 -0.7209049956148709
wire P 8 0.0012869696040046672 0.0011542314678746621 0.0004812950279701175 0.0015098381976166905 0.001031835817495395 0.0002596743095474112 0.0017482799250052037 0.0010585662565349623 -1.1775837888238611e-06 0.0018170508437755047 0.0013921302178046613 -0.00012548328266858127 0.001716151585452509 0.0017061899532129277 -6.40993995252347e-05 0.0015098381976166905 0.0020958553920938736 9.944077725181652e-05 0.0012613397631712497 0.0018392701013469535 0.0004057392400535857 0.0012180230384992736 0.0014871402234699444 0.0005054240209542384
prism -0.0009834894264386274 -0.00013750419081361444 -0.0009130869707415957
splitfuse P 0.0009359975426025053 0.0013606261547224564 -0.0003346838121620751 0.7290335637146715 0.10192806100372155 0.6768461666859815 0.016091330364621875
end
case corpus_27
body P
plane 0.009513373570907471 -0.0005137795760150805 -0.008138640793735346 -0.5168040928775174 0.7119734815192235 0.47540224147393567 0.8561036909072676 0.42979701311584034 0.28698605877578065
wire P 9 0.01032257752769058 -0.00010752803508512536 -0.007867376627058477 0.010055610438315155 5.357264547525581e-05 -0.008398861493606715 0.009685609688368645 0.00020628779697779082 -0.009029794656871046 0.00912079693447422 -0.00026981233571140163 -0.00893077718914838 0.008594722117534476 -0.000758095169288577 -0.008771403076399448 0.00842730350250465 -0.0013154369352759076 -0.008118713827201229 0.009148843900606744 -0.0011063328522496769 -0.007647495037342311 0.00971280290587213 -0.0011472911991484234 -0.006973081769998396 0.0102942159526154 -0.0005467631772115757 -0.007240399365988082
wire C 0.009513373570907471 -0.0005137795760150805 -0.008138640793735346 0.0001953125
prism -0.0008028579631474277 0.001106054667649428 0.0007385399622907861
transform 0.3344295161343439 0.2992496521999958 0.8936478861365533 0.0 0.5367980245646005 -0.8398753216095559 0.08035748238208798 0.0 0.7745997544291445 0.4528345059836171 -0.4415157195716617 0.0
transform 1.0 0.0 0.0 0.01953125 0.0 1.0 0.0 -0.0390625 0.0 0.0 1.0 0.029296875
splitfuse P 0.015766987709044576 -0.035044122601611806 0.039728936082523286 0.46506548216073296 -0.8371862456683378 -0.28780772638405383 0.02299704316658438
end
case corpus_27_alternate
body P
plane 0.008710515607760042 0.0005922750916343474 -0.007400100831444559 -0.5168040928775174 0.7119734815192235 0.47540224147393567 0.8561036909072676 0.42979701311584034 0.28698605877578065
wire P 9 0.008317938971326792 0.0008362423319380263 -0.008192237226857593 0.007791864154387048 0.00034795949836085086 -0.008032863114108661 0.007624445539357222 -0.00020938226762647982 -0.007380173864910442 0.008345985937459315 -2.781846002488644e-07 -0.006908955075051525 0.008909944942724702 -4.1236531498995365e-05 -0.00623454180770761 0.009491357989467972 0.0005592914904378522 -0.006501859403697296 0.009519719564543151 0.0009985266325643026 -0.00712883666476769 0.009252752475167726 0.0011596273131246836 -0.007660321531315928 0.008882751725221216 0.0013123424646272188 -0.00829125469458026
wire C 0.008710515607760042 0.0005922750916343474 -0.007400100831444559 0.0001953125
prism 0.0008028579631474277 -0.001106054667649428 -0.0007385399622907861
splitfuse P 0.008877094683631244 0.0003627879683108442 -0.007553335039809457 -0.5168040928775174 0.7119734815192235 0.47540224147393567 0.02299704316658438
end
case corpus_28
body P
plane -0.008452500302851372 -0.016879685228064437 -0.013536696680603574 0.496126567073756 0.4445279732831592 0.7458239138110127 0.8682502113121596 -0.25400758269892 -0.42617099676988984
wire P 10 -0.007025701770283595 -0.017297096754758105 -0.014237024932635074 -0.007144648207682253 -0.016322215876751908 -0.014738952165468762 -0.007935464376521258 -0.015456631275572336 -0.014728804538897796 -0.009006389625878849 -0.015031116635781579 -0.01427003498110833 -0.009630085838447364 -0.015688733774035152 -0.013463193763819156 -0.010283992175382001 -0.01634388020640926 -0.012637729186299436 -0.010188199621771338 -0.017619523606552327 -0.01194113856362976 -0.009161796677106959 -0.018831903550758464 -0.011901302042533845 -0.007943772899445823 -0.01857752893234263 -0.012863151851476915 -0.00669947441156927 -0.018652608443461064 -0.01364611762058024
prism 0.001646641085801862 0.0014753856640123523 0.00247538507461582
transform -0.6430590461058607 -0.3385488465388513 0.6869204770048958 0.0 -0.005098520690916819 -0.8950652716217832 -0.44590600424684546 0.0 0.7657996267354698 -0.29024616800887626 0.5738537214726223 0.0
transform 1.0 0.0 0.0 0.0390625 0.0 1.0 0.0 -0.078125 0.0 0.0 1.0 0.05859375
splitfuse P 0.040938931348414656 -0.05736582999941012 0.0496488411993541 0.04278860905722737 -0.732978423996923 0.6789048275641691 0.0466658751236186
end
case corpus_28_alternate
body P
plane -0.00680585921704951 -0.015404299564052084 -0.011061311605987754 0.496126567073756 0.4445279732831592 0.7458239138110127 0.8682502113121596 -0.25400758269892 -0.42617099676988984
wire P 10 -0.005498007121880391 -0.014846830212739555 -0.012263567090852941 -0.006288823290719397 -0.013981245611559985 -0.012253419464281975 -0.007359748540076987 -0.013555730971769228 -0.011794649906492509 -0.0079834447526455 -0.0142133481100228 -0.010987808689203335 -0.008637351089580138 -0.014868494542396906 -0.010162344111683616 -0.008541558535969475 -0.016144137942539973 -0.009465753489013939 -0.007515155591305097 -0.01735651788674611 -0.009425916967918025 -0.006297131813643961 -0.017102143268330275 -0.010387766776861094 -0.005052833325767408 -0.01717722277944871 -0.011170732545964419 -0.005379060684481733 -0.01582171109074575 -0.011761639858019254
prism -0.001646641085801862 -0.0014753856640123523 -0.00247538507461582
splitfuse P -0.007344407752041522 -0.01588683749824625 -0.011870908194443008 0.496126567073756 0.4445279732831592 0.7458239138110127 0.046665875123618604
end
case corpus_29
body P
plane -0.02659532509480595 0.030123012302842454 -0.022463531185144568 -0.04719425323220281 -0.2770683417914499 0.9596904899178645 0.9988857304325929 -0.01309061996457723 0.045342399661776805
wire P 11 -0.021988256862837247 0.03006263564759735 -0.02225440263051747 -0.02283927710361845 0.032395523389601666 -0.02162273431674116 -0.024378334825848672 0.03476320570534749 -0.021014855902440472 -0.02721561742912489 0.034280707223204684 -0.021293683806692644 -0.029878161206379508 0.03381002929453377 -0.021560505996940857 -0.03174658905875134 0.03164533859686521 -0.022277347860575683 -0.030294979174460113 0.029126642322567495 -0.022933125282915492 -0.03007025633642445 0.026311329035671394 -0.02373487185181634 -0.027042134539127 0.027139849421618026 -0.023346760559366072 -0.02496421606107023 0.026666324891310735 -0.023381285071079602 -0.023317850765515437 0.02805414722235244 -0.022899649984049038
wire C -0.02659532509480595 0.030123012302842454 -0.022463531185144568 0.00078125
prism -0.0003002402463861048 -0.0017626524737230519 0.00610535583071228
transform 0.9070459154209976 -0.23271654794446028 -0.3508713662168776 0.0 -0.07206119113621816 0.7352559679576817 -0.6739479551973149 0.0 0.41481910762417146 0.6365859485532384 0.6501410908829405 0.0
transform 1.0 0.0 0.0 0.078125 0.0 1.0 0.0 -0.15625 0.0 0.0 1.0 0.1171875
splitfuse P 0.05380301238812612 -0.11992437956796614 0.1121808510421507 -0.3150568799220374 -0.8470967210340595 0.42797933084102946 0.09215045603286007
end
case corpus_29_alternate
body P
plane -0.026895565341192057 0.0283603598291194 -0.016358175354432288 -0.04719425323220281 -0.2770683417914499 0.9596904899178645 0.9988857304325929 -0.01309061996457723 0.045342399661776805
wire P 11 -0.025264456307456336 0.02490367241758768 -0.017275929240367322 -0.023618091011901543 0.026291494748629386 -0.016794294153336758 -0.022288497109223353 0.028299983173874298 -0.01614904679980519 -0.023139517350004555 0.030632870915878616 -0.015517378486028879 -0.02467857507223478 0.03300055323162444 -0.014909500071728192 -0.027515857675510996 0.032518054749481634 -0.015188327975980364 -0.030178401452765614 0.03204737682081072 -0.015455150166228577 -0.03204682930513745 0.02988268612314216 -0.016171992029863403 -0.03059521942084622 0.02736398984884444 -0.016827769452203212 -0.030370496582810557 0.02454867656194834 -0.01762951602110406 -0.027342374785513105 0.025377196947894972 -0.017241404728653792
wire C -0.026895565341192057 0.0283603598291194 -0.016358175354432288 0.00078125
prism 0.0003002402463861048 0.0017626524737230519 -0.00610535583071228
splitfuse P -0.026830188433638217 0.028744175021157125 -0.01768760832863277 -0.04719425323220281 -0.2770683417914499 0.9596904899178645 0.09215045603286005
end
case corpus_30
body P
plane 0.03267245503441034 -0.03743593291472305 -0.06393844291098592 -0.5648144723027471 0.551101276911667 0.614224710072543 0.8252179178116343 0.3771973077483326 0.4204016878534627
wire P 12 0.038973121032132366 -0.03455597333063572 -0.06072861122547484 0.03932447814614758 -0.0309313304964324 -0.06365765931135105 0.03580157983389489 -0.031117171023729864 -0.06673042237080655 0.03267245503441034 -0.030231954422771514 -0.07040207369733086 0.028211084819952697 -0.03250539534826029 -0.0724647557184699 0.026093117030222834 -0.03701707926837845 -0.07036432587784024 0.026333565451563772 -0.04033336404552583 -0.06716774734345914 0.026206990130303514 -0.04375811158791822 -0.06421135184088497 0.028423834836398834 -0.04601533486152978 -0.060147587293024905 0.03267245503441034 -0.045126124644745594 -0.05703856667251543 0.03565403831521581 -0.04073106594939227 -0.05824021333314707 0.03858088274404175 -0.03781207508719808 -0.05816782207404972
prism -0.009728953255397289 0.00949274288281598 0.010580046697887452
transform -0.42483053746177524 0.7006732888937042 0.5732154539706853 0.0 -0.6219387559854399 -0.6860079234977996 0.3776047042894467 0.0 0.6578078733514997 -0.1960868968827768 0.727212988489384 0.0
transform 1.0 0.0 0.0 0.15625 0.0 1.0 0.0 -0.3125 0.0 0.0 1.0 0.234375
splitfuse P 0.08796907124106723 -0.3295038125120294 0.21642553643595228 0.978175476066028 0.20515430766959838 -0.032930959105484825 0.22045522333883105
end
case corpus_30_alternate
body P
plane 0.022943501779013047 -0.027943190031907074 -0.053358396213098465 -0.5648144723027471 0.551101276911667 0.614224710072543 0.8252179178116343 0.3771973077483326 0.4204016878534627
wire P 12 0.01869488158100155 -0.036522591978713805 -0.04956754059513745 0.022943501779013047 -0.035633381761929615 -0.04645851997462798 0.02592508505981852 -0.03123832306657629 -0.04766016663525962 0.028851929488644457 -0.028319332204382104 -0.04758777537616227 0.029244167776735074 -0.025063230447819742 -0.05014856452758739 0.02959552489075029 -0.02143858761361642 -0.053077612613463596 0.0260726265784976 -0.021624428140913886 -0.05615037567291909 0.022943501779013047 -0.020739211539955536 -0.059822026999443396 0.018482131564555408 -0.02301265246544431 -0.06188470902058244 0.016364163774825545 -0.027524336385562474 -0.05978427917995278 0.016604612196166484 -0.03084062116270985 -0.05658770064557168 0.016478036874906225 -0.034265368705102245 -0.05363130514299752
prism 0.009728953255397289 -0.00949274288281598 -0.010580046697887452
splitfuse P 0.02607972586130471 -0.031003269369792072 -0.05676897866473858 -0.5648144723027471 0.551101276911667 0.614224710072543 0.22045522333883105
end
case corpus_31
body P
plane -0.06986273117247536 0.15654655985505342 -0.07524239505774111 -0.1939514979337233 -0.41844539482128507 0.8872915349546189 0.9810111194320199 -0.08272904304697887 0.17542260113014568
wire P 13 -0.04893406163332377 0.15478163714528545 -0.07149996892614247 -0.058702352110800084 0.16100578621273098 -0.07069990275214046 -0.0623415953389638 0.16595835093173447 -0.06915977623234472 -0.06816810953453309 0.16927114366667237 -0.06887107550898831 -0.07560528507496288 0.17099123597106425 -0.06968556162155903 -0.08444310710279726 0.16968534054161755 -0.07223326399477721 -0.08420954867764799 0.1610166904870025 -0.07627033360171469 -0.08964130144465683 0.1537198917133427 -0.08089881056509811 -0.08517931451707453 0.14532766893901766 -0.08388123271116388 -0.07530838374722908 0.14376716982566332 -0.08245949240202151 -0.06738943809837009 0.13755793639149116 -0.08365676942247914 -0.05876367552748078 0.14078546001626246 -0.08024918369693548 -0.05737512310854549 0.14945085809358638 -0.07585907335787918
wire C -0.06986273117247536 0.15654655985505342 -0.07524239505774111 0.003125
prism -0.00446275873651934 -0.009628287800762981 0.02041627980007406
transform 0.6428196554478058 0.6633060840987437 -0.3831552288140595 0.0 0.44161005134003495 0.08780811744238409 0.8928999367603719 0.0 0.6259100998749066 -0.7431788299654497 -0.2364778500531699 0.0
transform 1.0 0.0 0.0 0.3125 0.0 1.0 0.0 -0.625 0.0 0.0 1.0 0.46875
splitfuse P 0.3946844192799531 -0.7042589726978489 0.326321261776361 -0.7422036024237162 0.6698687221173121 -0.02024123707131653 0.3547475016014242
end
case corpus_31_alternate
body P
plane -0.07432548990899471 0.14691827205429042 -0.05482611525766705 -0.1939514979337233 -0.41844539482128507 0.8872915349546189 0.9810111194320199 -0.08272904304697887 0.17542260113014568
wire P 13 -0.09410406018117617 0.1440916039125797 -0.06048253076502405 -0.08964207325359387 0.13569938113825467 -0.06346495291108982 -0.07977114248374842 0.13413888202490032 -0.06204321260194745 -0.07185219683488943 0.12792964859072817 -0.06324048962240508 -0.06322643426400013 0.13115717221549947 -0.059832903896861425 -0.061837881845064835 0.13982257029282338 -0.055442793557805126 -0.05339682036984311 0.14515334934452245 -0.05108368912606841 -0.06316511084731942 0.151377498411968 -0.0502836229520664 -0.06680435407548314 0.15633006313097147 -0.04874349643227066 -0.07263086827105243 0.15964285586590937 -0.048454795708914256 -0.08006804381148222 0.16136294817030125 -0.049269281821484975 -0.0889058658393166 0.16005705274085455 -0.05181698419470315 -0.08867230741416733 0.15138840268623951 -0.05585405380164063
wire C -0.07432548990899471 0.14691827205429042 -0.05482611525766705 0.003125
prism 0.00446275873651934 0.009628287800762981 -0.02041627980007406
splitfuse P -0.07104791455872007 0.15398955702044648 -0.06982040452306049 -0.1939514979337233 -0.41844539482128507 0.8872915349546189 0.3547475016014242
end
case corpus_32
body P
plane 0.23288604297855628 0.0680001649810305 0.236411603514274 0.19256656366029531 0.39110763629170453 0.899973852617053 0.9812839133299116 -0.07675072679671373 -0.176610326357523
wire P 14 0.26351934729559284 0.06560419339871942 0.2308982573772909 0.2655361370036988 0.08014209284965623 0.22414889489642062 0.25432940682040023 0.0914544136139699 0.22163071783244467 0.2405260022744672 0.0986873960596811 0.22144093399932377 0.22513095197041832 0.10036296534450727 0.22400683520332165 0.2135066692455328 0.09222836947467397 0.2300291776596329 0.19448297650102456 0.0882888709786586 0.23581167352854895 0.19691095375382017 0.07081394212245483 0.2428863578258588 0.20141191524995658 0.0562955558514431 0.2482326432037679 0.21177970764992146 0.04491455023424346 0.25096017583510255 0.22618308155112135 0.041076549518174486 0.24954620494537014 0.24158804557406946 0.03168580419976736 0.25033101798992263 0.2590073230468145 0.03534319041373329 0.24501441677133393 0.2601508937409916 0.05359588449181759 0.23683753308263997
prism 0.009279144864895299 0.01884618152775289 0.04336675897578698
transform 0.8669502332219517 -0.2952323319365333 -0.40154098582301656 0.0 0.3828010601343007 0.9103676821608262 0.15714334741623776 0.0 0.3191561396502641 -0.28994577675220845 0.9022587240182827 0.0
transform 1.0 0.0 0.0 0.625 0.0 1.0 0.0 -1.25 0.0 0.0 1.0 0.9375
splitfuse P 0.7043923163378696 -1.0479651895962236 1.2238184323344292 -0.30989838021933225 0.5711913408291904 0.7600680535972983 0.698577745273522
end
case corpus_32_alternate
body P
plane 0.24216518784345156 0.08684634650878338 0.279778362490061 0.19256656366029531 0.39110763629170453 0.899973852617053 0.9812839133299116 -0.07675072679671373 -0.176610326357523
wire P 14 0.20376212136591984 0.10713505250641149 0.27917843250433594 0.20619009861871546 0.08966012365020772 0.2862531168016458 0.21069106011485186 0.075141737379196 0.2915994021795549 0.22105885251481674 0.06376073176199636 0.29432693481088956 0.23546222641601663 0.05992273104592738 0.2929129639211571 0.25086719043896477 0.050531985727520254 0.2936977769657096 0.26828646791170985 0.05418937194148618 0.2883811757471209 0.26943003860588693 0.07244206601957048 0.28020429205842695 0.2727984921604882 0.08445037492647231 0.2742650163530779 0.27481528186859416 0.09898827437740912 0.2675156538722076 0.26360855168529557 0.11030059514172279 0.26499747680823166 0.24980514713936247 0.11753357758743399 0.26480769297511075 0.2344100968353136 0.11920914687226015 0.2673735941791086 0.22278581411042808 0.11107455100242686 0.2733959366354199
prism -0.009279144864895299 -0.01884618152775289 -0.04336675897578698
splitfuse P 0.23858940197784617 0.07958383358234758 0.2630666669577071 0.19256656366029531 0.39110763629170453 0.899973852617053 0.698577745273522
end
case corpus_33
body P
plane -0.36179819348254755 -0.39352354174935383 -0.20142920901134873 0.2880919052812383 0.8403483837291919 0.45914882998343887 0.9576027642563623 -0.25281627832032816 -0.138133541563345
wire P 15 -0.30360309603491287 -0.40888760344838737 -0.20982381188022026 -0.3109513226564733 -0.39561237842162983 -0.2295099108023484 -0.32085451515506697 -0.3815646846019212 -0.24900669837240677 -0.33892437020132266 -0.36431356145902305 -0.2692423471979767 -0.36823720899753387 -0.36114876495540754 -0.25664238053451827 -0.40300253947154546 -0.346910812441208 -0.2608876926460638 -0.4257454469018027 -0.35337786042786895 -0.2347815151420515 -0.4367122897940377 -0.36577252303628394 -0.20521529942484318 -0.41880434014380874 -0.3845404429668213 -0.18210197504687656 -0.40449785984048564 -0.39778388256609803 -0.166839991489024 -0.3896813254935964 -0.41034372011232445 -0.15314918981053757 -0.36822834040486646 -0.42245848763929 -0.14443699519925543 -0.34453518661479327 -0.424683680471672 -0.15523059477677006 -0.32773126998007646 -0.42146181824803014 -0.17167092649228477 -0.31123336060604756 -0.41814548936943063 -0.18809215042971417
wire C -0.36179819348254755 -0.39352354174935383 -0.20142920901134873 0.0125
prism 0.032313677952560745 0.09425723715934087 0.051500188489836556
transform 0.7056982363575606 0.47833900112668637 0.5226679626712858 0.0 -0.6260990651951188 0.07571153091646088 0.7760590986826224 0.0 0.3316473424642914 -0.874905460085494 0.3529170952914626 0.0
transform 1.0 0.0 0.0 1.25 0.0 1.0 0.0 -2.5 0.0 0.0 1.0 1.875
splitfuse P 0.7513155895817414 -2.4453782518592075 1.9998775675844334 0.8452597394676549 0.2395766172065748 -0.477639003142464 1.523162769131642
end
case corpus_33_alternate
body P
plane -0.32948451552998675 -0.29926630459001297 -0.14992902052151216 0.2880919052812383 0.8403483837291919 0.45914882998343887 0.9576027642563623 -0.25281627832032816 -0.138133541563345
wire P 15 -0.37068886151898467 -0.25265357528186716 -0.20938750415622726 -0.3934317689492419 -0.2591206232685281 -0.18328132665221494 -0.4043986118414769 -0.27151528587694307 -0.15371511093500662 -0.38649066219124795 -0.29028320580748046 -0.13060178655704 -0.37218418188792485 -0.30352664540675717 -0.11533980299918745 -0.3573676475410356 -0.3160864829529836 -0.10164900132070101 -0.33591466245230567 -0.32820125047994914 -0.09293680670941887 -0.31222150866223247 -0.3304264433123311 -0.1037304062869335 -0.29541759202751566 -0.3272045810886893 -0.12017073800244821 -0.27891968265348677 -0.32388825221008977 -0.1365919619398776 -0.2712894180823521 -0.3146303662890465 -0.1583236233903837 -0.2786376447039125 -0.30135514126228896 -0.17800972231251183 -0.2885408372025062 -0.28730744744258035 -0.1975065098825702 -0.30661069224876186 -0.2700563242996822 -0.21774215870814012 -0.3359235310449731 -0.2668915277960667 -0.20514219204468173
wire C -0.32948451552998675 -0.29926630459001297 -0.14992902052151216 0.0125
prism -0.032313677952560745 -0.09425723715934087 -0.051500188489836556
splitfuse P -0.3415432782405776 -0.3344410580900336 -0.1691477722049746 0.2880919052812383 0.8403483837291919 0.45914882998343887 1.5231627691316418
end
case corpus_34
body P
plane 0.829060537001722 0.9865681561942798 -1.0185388411387908 -0.80775894500472 -0.026715373920575953 0.5889072724641339 0.5895129233230275 -0.03660578318088264 0.8069290736321578
wire P 16 0.9150408404079845 0.981229212432751 -0.9008484499135418 0.8868028830151372 1.0235128706732444 -0.9376621215148384 0.8881974515937174 1.0831078646167616 -0.9330458127717132 0.8550374538454888 1.0912282688198303 -0.9781604622336366 0.829060537001722 1.130947414250312 -1.0119891752649037 0.7966515468174615 1.1211677431873819 -1.0568857498623643 0.769819983779514 1.0906341323188675 -1.095073683575184 0.744290811593384 1.0513330776026055 -1.1318729566992054 0.7575323167952928 0.9910096983837735 -1.1164471281096326 0.7443289875192062 0.932355206442212 -1.137217943113767 0.7628111988707894 0.8784175732552042 -1.1143141548020872 0.8021169911370588 0.8780135281879169 -1.0604197429607796 0.829060537001722 0.8807732284384135 -1.023338155370507 0.8571981114032748 0.8697084246227604 -0.9852459495323401 0.8779685076450341 0.900653095844017 -0.9553530060398299 0.8948563637865482 0.9362994838565029 -0.930572154915562
prism -0.252039716888722 -0.008335822612869939 0.1837528672922371
transform 0.8956577067320532 -0.43973575656097447 -0.066556267723082 0.0 0.440324778555157 0.8557277953027023 0.27174257991107736 0.0 -0.0625408807247793 -0.27269470979123117 0.9600657443581898 0.0
transform 1.0 0.0 0.0 2.5 0.0 1.0 0.0 -5.0 0.0 0.0 1.0 3.75
splitfuse P 2.815305216767038 -4.085301800289129 2.502052038302143 -0.7509232892026493 -0.21850618506309286 0.6231927958683795 3.6629853192773476
end
case corpus_34_alternate
body P
plane 0.577020820113 0.9782323335814098 -0.8347859738465535 -0.80775894500472 -0.026715373920575953 0.5889072724641339 0.5895129233230275 -0.03660578318088264 0.8069290736321578
wire P 16 0.577020820113 1.122611591637442 -0.8282363079726665 0.5446118299287395 1.1128319205745119 -0.873132882570127 0.517780266890792 1.0822983097059975 -0.9113208162829469 0.49225109470466194 1.0429972549897355 -0.9481200894069683 0.5054925999065707 0.9826738757709035 -0.9326942608173956 0.49228927063048417 0.924019383829342 -0.95346507582153 0.5107714819820675 0.8700817506423342 -0.9305612875098501 0.5500772742483369 0.8696777055750469 -0.8766668756685425 0.577020820113 0.8724374058255435 -0.8395852880782697 0.6051583945145529 0.8613726020098904 -0.801493082240103 0.625928790756312 0.892317273231147 -0.7716001387475928 0.6428166468978262 0.9279636612436328 -0.7468192876233248 0.6630011235192625 0.9728933898198809 -0.7170955826213048 0.6347631661264153 1.0151770480603743 -0.7539092542226014 0.6361577347049954 1.0747720420038915 -0.7492929454794761 0.6029977369567667 1.0828924462069602 -0.7944075949413996
prism 0.252039716888722 0.008335822612869939 -0.1837528672922371
splitfuse P 0.6244113934680359 0.979799703271736 -0.8693366940429886 -0.80775894500472 -0.026715373920575953 0.5889072724641339 3.662985319277348
end
case corpus_35
body P
plane 2.007415914215893 -1.2186410098000364 0.3725432806581539 -0.25759161644876905 -0.7213754049659071 0.6428561925077675 0.9662538792342882 -0.19230997217709223 0.17137769827470478
wire P 17 2.330297702752075 -1.2829029901183862 0.429810567158469 2.317588910847566 -1.197637086419795 0.5203985528374869 2.1605922273361386 -1.15297985053151 0.5076019150278023 2.0943413172771157 -1.1157426075884658 0.5228407076360393 2.0366677927711336 -1.0071048651726466 0.6216378877304545 1.9374098215513125 -1.0352946726228287 0.5502324076989769 1.8732877752119323 -1.0696507785282467 0.4859863883582869 1.7407783094876947 -1.0518980174977204 0.4528111268587992 1.675532345431341 -1.10987034835083 0.3616140167161511 1.692451199643207 -1.1964941816369676 0.27118920866565 1.7672293419499505 -1.2732358249296973 0.21503775227942903 1.818570566203516 -1.3532410036208222 0.14583300672320149 1.954497902394739 -1.3361694140480707 0.2194556421463735 2.0383359912024797 -1.4545486184061087 0.1202112723931967 2.1252753355312297 -1.4050719768101512 0.21056752824519878 2.238129304027582 -1.4093755992169634 0.2509586905513558 2.230985052251049 -1.3227726909759114 0.34527668786837984
wire C 2.007415914215893 -1.2186410098000364 0.3725432806581539 0.05
prism -0.0859036367130636 -0.24056982745110045 0.2143846355764985
transform 0.25358150636875376 -0.3129993849501766 -0.9152747153989149 0.0 -0.9074700643839051 -0.4046205920345792 -0.11304980649544538 0.0 -0.33495447731717903 0.859251745137825 -0.3866418712488051 0.0
transform 1.0 0.0 0.0 5.0 0.0 1.0 0.0 -10.0 0.0 0.0 1.0 7.5
splitfuse P 5.441666928334419 -11.256556473243988 5.439362316503743 -0.4279204306945046 0.4529652560326064 -0.7821167315826615 5.430577394744137
end
case corpus_35_alternate
body P
plane 1.9215122775028295 -1.4592108372511368 0.5869279162346525 -0.25759161644876905 -0.7213754049659071 0.6428561925077675 0.9662538792342882 -0.19230997217709223 0.17137769827470478
wire P 17 2.008437680564052 -1.3563124350395661 0.7372253432125379 1.95076415605807 -1.247674692623747 0.836022523306953 1.8515061848382488 -1.275864500073929 0.7646170432754754 1.7873841384988687 -1.310220605979347 0.7003710239347855 1.654874672774631 -1.2924678449488207 0.6671957624352978 1.5896287087182774 -1.3504401758019304 0.5759986522926497 1.6065475629301433 -1.437064009088068 0.48557384424214856 1.6813257052368868 -1.5138056523807977 0.42942238785592757 1.7326669294904524 -1.5938108310719226 0.3602176422997 1.8685942656816754 -1.576739241499171 0.43384027772287204 1.952432354489416 -1.695118445857209 0.3345959079696952 2.039371698818166 -1.6456418042612515 0.4249521638216973 2.1522256673145184 -1.6499454266680638 0.46534332612785434 2.145081415537985 -1.5633425184270118 0.5596613234448783 2.2443940660390114 -1.5234728175694865 0.6441952027349676 2.2316852741345024 -1.4382069138708953 0.7347831884139855 2.074688590623075 -1.3935496779826104 0.7219865506043008
wire C 1.9215122775028295 -1.4592108372511368 0.5869279162346525 0.05
prism 0.0859036367130636 0.24056982745110045 -0.2143846355764985
splitfuse P 1.931739645900254 -1.4305694857928102 0.561404076608256 -0.25759161644876905 -0.7213754049659071 0.6428561925077675 5.4305773947441365
end
case corpus_36
body P
plane 3.43760117064536 3.0003859691302686 -3.3438556984653767 0.02179049000059133 0.27271742372110463 0.961847379444607 0.9997625590836727 -0.005944057657078559 -0.020964103439813413
wire P 18 3.917744094487549 2.997531294090655 -3.3539238549790067 4.080722193070957 3.2218155304579885 -3.421208533540195 3.9422686650435486 3.4048889360534567 -3.4699796154294074 3.774759941246916 3.560344137748635 -3.510261728545756 3.5545456425204036 3.6379150078109874 -3.5272668696048983 3.355706873545548 3.4478109067877547 -3.468861039243966 3.2125014363195783 3.3769115147169515 -3.445514283119506 3.1241363455627056 3.2553628525007445 -3.4090490835541214 3.003055917425815 3.155169073309483 -3.377897580901166 3.020151680210725 3.002867902282812 -3.335102165720171 2.900301252482597 2.815391106528083 -3.279230735968266 2.9613234950447707 2.6186381153489227 -3.224826819696588 3.2346458778154 2.6633148797983752 -3.243686319797347 3.32339471708254 2.3777833836156925 -3.1647387289857924 3.5288800814141497 2.5016887166171533 -3.204525467293794 3.724731398886789 2.5201016801823073 -3.2141831659683104 3.9510744386636767 2.5827192866282 -3.237065214123577 4.0536140131052125 2.780964909381574 -3.2955978090819658
prism 0.01400245874861664 0.17524683821153833 0.6180782650033403
transform 0.948561679298924 -0.18497996853127324 -0.2569302469694342 0.0 0.07336262314484684 0.9178889194681088 -0.38999725260952145 0.0 0.3079751062844405 0.3510873719743233 0.8842448705812496 0.0
transform 1.0 0.0 0.0 10.0 0.0 1.0 0.0 -20.0 0.0 0.0 1.0 15.0
splitfuse P 13.421241033525675 -15.753608116571144 14.6497177021819 -0.2769053214177585 -0.12319492652751851 0.9529671836156832 10.447820140561278
end
case corpus_36_alternate
body P
plane 3.4516036293939765 3.1756328073418065 -2.725777433462036 0.02179049000059133 0.27271742372110463 0.961847379444607 0.9997625590836727 -0.005944057657078559 -0.020964103439813413
wire P 18 3.956271123792165 3.5801357742649946 -2.8519013504260666 3.7887623999955324 3.735590975960173 -2.8921834635424157 3.56854810126902 3.8131618460225254 -2.909188604601558 3.3697093322941645 3.6230577449992927 -2.8507827742406255 3.226503895068195 3.5521583529284895 -2.827436018116165 3.138138804311322 3.4306096907122825 -2.7909708185507807 3.0170583761744316 3.330415911521021 -2.7598193158978255 3.0341541389593414 3.17811474049435 -2.7170239007168306 2.9143037112312133 2.990637944739621 -2.6611524709649252 2.975325953793387 2.7938849535604606 -2.6067485546932474 3.2486483365640164 2.838561718009913 -2.6256080547940064 3.3373971758311565 2.5530302218272305 -2.546660463982452 3.542882540162766 2.6769355548286913 -2.5864472022904534 3.7387338576354057 2.6953485183938453 -2.59610490096497 3.965076897412293 2.757966124839738 -2.618986949120236 4.06761647185383 2.956211747593112 -2.6775195440786255 3.9317465532361653 3.172778132302193 -2.7358455899756664 4.094724651819575 3.3970623686695265 -2.8031302685368544
prism -0.01400245874861664 -0.17524683821153833 -0.6180782650033403
splitfuse P 3.439878294230296 3.028885157425781 -3.2433418801536784 0.02179049000059133 0.27271742372110463 0.961847379444607 10.447820140561277
end
case corpus_37
body P
plane -4.956450526984339 -1.8969489812948048 -0.7719489366909853 -0.48231694512583717 -0.4239367218743218 0.7665820375477984 0.8759967833528158 -0.23341622766978998 0.4220740458923346
wire P 19 -3.9883269527995795 -2.1549131164363686 -0.3054862262733218 -3.9340201948639972 -1.8187433889822338 -0.08540833040043672 -4.329658612640334 -1.5766120586838932 -0.2004315716031861 -4.550966628342145 -1.384991631684364 -0.23370351009056528 -4.665696635114088 -0.8274410042443252 0.0024485910915652553 -5.032910198291033 -0.954792622390477 -0.29902253685426505 -5.28908599347493 -1.0507622088263366 -0.5132761336994573 -5.770758866274315 -0.7963041964646398 -0.6756134790165953 -5.692650989008254 -1.3027801080337442 -0.9065619962451197 -6.0120851447649795 -1.4396935438305325 -1.183259243162348 -6.043208833678893 -1.7885352759066635 -1.3957587473620718 -5.619251181940435 -2.078661829334338 -1.289460066374113 -5.550755865550822 -2.3835161283151676 -1.414955415457038 -5.431471971773826 -2.85220308424769 -1.5990987445723528 -5.035953163623768 -2.834233361759791 -1.3403091580515631 -4.763829216681268 -2.7081373786759384 -1.0993607670798227 -4.513107527098345 -2.692971067360073 -0.9332247640683305 -4.165172427547724 -2.723035019834304 -0.7309375028707576 -4.2485967343851305 -2.3283190586188147 -0.5651396787361381
wire C -4.956450526984339 -1.8969489812948048 -0.7719489366909853 0.2
prism -0.6997711731998763 -0.6150700285910651 1.112198145202671
transform 0.945783680825413 -0.16572978080016484 -0.27933289967396024 0.0 0.30411893101457527 0.7538288064277159 0.5824549822933248 0.0 0.11403904981577774 -0.6358268399145278 0.7633605470296588 0.0
transform 1.0 0.0 0.0 20.0 0.0 1.0 0.0 -40.0 0.0 0.0 1.0 30.0
splitfuse P 15.452659696845924 -43.39978005411288 30.570909988127656 -0.6000401390824104 -0.019757899706999926 0.7997258635864729 22.092355581527542
end
case corpus_37_alternate
body P
plane -5.656221700184215 -2.51201900988587 0.3402492085116856 -0.48231694512583717 -0.4239367218743218 0.7665820375477984 0.8759967833528158 -0.23341622766978998 0.4220740458923346
wire P 19 -4.633791368063873 -2.433813417573299 1.026789814802234 -5.02942978584021 -2.1916820872749585 0.9117665735994849 -5.250737801542021 -2.000061660275429 0.8784946351121057 -5.365467808313964 -1.4425110328353903 1.1146467362942363 -5.732681371490909 -1.569862650981542 0.8131756083484059 -5.988857166674806 -1.6658322374174017 0.5989220115032134 -6.470530039474191 -1.4113742250557049 0.43658466618607567 -6.39242216220813 -1.9178501366248093 0.20563614895755122 -6.711856317964855 -2.0547635724215976 -0.07106109795967708 -6.742980006878769 -2.4036053044977286 -0.28356060215940093 -6.319022355140311 -2.693731857925403 -0.17726192117144202 -6.250527038750698 -2.9985861569062324 -0.30275727025436716 -6.131243144973702 -3.467273112838755 -0.4869005993696819 -5.735724336823644 -3.4493033903508556 -0.22811101284889224 -5.463600389881144 -3.3232074072670033 0.012837378122848242 -5.212878700298221 -3.308041095951138 0.17897338113434036 -4.8649436007476 -3.3381050484253687 0.38126064233191326 -4.948367907585006 -2.9433890872098796 0.5470584664665328 -4.688098125999455 -2.7699831450274335 0.8067119189293491
wire C -5.656221700184215 -2.51201900988587 0.3402492085116856 0.2
prism 0.6997711731998763 0.6150700285910651 -1.112198145202671
splitfuse P -5.454878356623434 -2.3350465068399666 0.020239322661124826 -0.48231694512583717 -0.4239367218743218 0.7665820375477984 22.092355581527542
end
case corpus_38
body P
plane 7.763163942502605 9.35972529623536 12.913792122331412 -0.4528735071272293 0.7244654653410085 0.5196685251874691 0.89157477899629 0.36799068772548577 0.2639645188373631
wire P 20 9.656939880280335 10.14136686591429 13.474473812726508 9.936132907293139 10.718174689639541 12.913658198554844 9.50918829420726 10.909703645699963 12.27458155169411 9.11349510135334 11.132102885457694 11.619703458790699 8.344289533123675 10.768823579155015 11.455811463088425 7.763163942502605 10.897000459238061 10.770689909396424 7.113999030538192 10.397927834388824 10.900717586155801 6.669797433358475 9.892266483758569 11.218549131646135 5.760558659272528 9.484355215915846 10.994843980523294 6.125692729047158 9.031696372322127 11.944093786132294 5.6334729256674425 8.480711577598955 12.283264119773941 5.660125730282743 8.04499368709281 12.913921736156647 6.4938371570289135 8.232920258287919 13.378486155994633 6.478344244705429 7.67333479591895 14.145097935512993 7.09091724788293 7.729678920073153 14.600385682852504 7.763163942502605 8.107564757183145 14.659418466122121 8.439421341260646 8.27819403215166 15.010881050352207 8.706758641528198 8.90013280153471 14.376816905140133 9.500652019267214 9.251594651985933 14.578698104674288 10.10186850916396 9.82822986355169 14.298755661548157
prism -1.3760412122758112 2.2012644181893726 1.578995671256286
transform 0.33068208587810055 -0.9410887729732124 0.07071972471016824 0.0 -0.4467086092224627 -0.09007495379712849 0.8901336535290518 0.0 -0.8313247118460039 -0.32594236312915603 -0.45017863053674567 0.0
transform 1.0 0.0 0.0 40.0 0.0 1.0 0.0 -80.0 0.0 0.0 1.0 60.0
splitfuse P 33.318119047828866 -71.79448025749967 44.5226083927482 -0.7947926567732031 0.5996207441534731 -0.0935927129654241 45.4072747069351
end
case corpus_38_alternate
body P
plane 6.387122730226794 11.560989714424732 14.492787793587699 -0.4528735071272293 0.7244654653410085 0.5196685251874691 0.89157477899629 0.36799068772548577 0.2639645188373631
wire P 20 8.280898668004525 12.34263128410366 15.053469483982795 8.560091695017329 12.919439107828913 14.49265386981113 8.13314708193145 13.110968063889334 13.853577222950397 7.737453889077529 13.333367303647066 13.198699130046986 6.968248320847864 12.970087997344386 13.034807134344712 6.387122730226794 13.098264877427432 12.34968558065271 5.737957818262381 12.599192252578195 12.479713257412088 5.293756221082664 12.09353090194794 12.797544802902422 4.384517446996717 11.685619634105217 12.573839651779581 4.749651516771347 11.232960790511498 13.523089457388581 4.2574317133916315 10.681975995788326 13.862259791030228 4.284084518006932 10.24625810528218 14.492917407412934 5.1177959447531025 10.43418467647729 14.95748182725092 5.102303032429618 9.874599214108322 15.72409360676928 5.714876035607119 9.930943338262525 16.17938135410879 6.387122730226794 10.308829175372516 16.238414137378406 7.063380128984834 10.479458450341031 16.589876721608494 7.330717429252387 11.101397219724081 15.95581257639642 8.124610806991404 11.452859070175304 16.157693775930575 8.72582729688815 12.02949428174106 15.877751332804444
prism 1.3760412122758112 -2.2012644181893726 -1.578995671256286
splitfuse P 7.507052500559627 9.769428871397794 13.20767783925579 -0.4528735071272293 0.7244654653410085 0.5196685251874691 45.407274706935105
end
case corpus_39
body P
plane 37.6382917386117 25.57355558797558 7.1657131720693865 0.39344413695795327 0.24513194394746468 0.8860654835563501 0.9193485253664202 -0.10490659795075619 -0.37920033572372674
wire P 8 41.4490180862353 25.13871469160152 5.593916763526519 40.313812256297844 28.073129162476384 5.286175800105495 37.6382917386117 30.81569215820864 5.715464683953435 34.20602614348148 29.563419046089244 7.5859550122318105 34.455937434772245 25.93669312970023 8.478327253792962 34.34777717253199 22.499431057248422 9.477280233153628 37.6382917386117 21.30623395418684 8.34627698699332 40.05952731742373 22.758971724450216 6.869260445173671
wire C 37.6382917386117 25.57355558797558 7.1657131720693865 0.8
prism 3.2704091309261543 2.037599934684352 7.3652048049984495
transform 0.9414218042854987 -0.28522873796058007 -0.1799154063921455 0.0 0.22390842696855245 0.927618378680328 -0.2989801997908018 0.0 0.2521705826386269 0.24118190350002233 0.9371452857886025 0.0
transform 1.0 0.0 0.0 80.0 0.0 1.0 0.0 -160.0 0.0 0.0 1.0 120.0
splitfuse P 107.62805788193751 -129.7134442396765 147.82810889284062 0.1410613827304546 0.0505683189121483 0.988708516917181 110.01042750661857
end
case corpus_39_alternate
body P
plane 40.90870086953785 27.61115552265993 14.530917977067835 0.39344413695795327 0.24513194394746468 0.8860654835563501 0.9193485253664202 -0.10490659795075619 -0.37920033572372674
wire P 8 37.7263465656984 27.974293064384582 15.84353205879141 37.618186303458145 24.537030991932774 16.842485038152077 40.90870086953785 23.343833888871192 15.711481791991769 43.32993644834988 24.796571659134568 14.23446525017212 44.71942721716145 27.176314626285873 12.959121568524967 43.584221387224 30.110729097160736 12.651380605103943 40.90870086953785 32.85329209289299 13.080669488951884 37.476435274407635 31.601018980773596 14.951159817230259
wire C 40.90870086953785 27.61115552265993 14.530917977067835 0.8
prism -3.2704091309261543 -2.037599934684352 -7.3652048049984495
splitfuse P 39.82564989178454 26.936370040726967 12.09180655520486 0.39344413695795327 0.24513194394746468 0.8860654835563501 110.01042750661857
end
case corpus_40
body P
plane 60.64254750513564 28.979338945018476 -75.71039725254475 0.5128178090928206 0.17705557887534776 0.840041199386289 0.8584974634075744 -0.10576298465242018 -0.5017930812597684
wire P 9 68.22961842904769 28.0446462989884 -80.1450518192977 64.92785950959133 32.54984751476392 -79.07899724164903 62.14952857811197 38.53486599869265 -78.64437966666446 56.952094314877854 36.71954504533601 -75.08889982091543 53.40070766943212 32.87575945918442 -72.11073874665443 54.14670908261708 27.084814720874636 -71.34559024791828 57.448934045656245 23.068061564374002 -72.51487958285968 61.864471278578336 20.930243935298705 -74.75983327475811 67.30739771625385 21.784048084469976 -78.2625190964172
prism 5.940164493434041 2.050902375758532 9.730517967859784
transform 0.803679374066426 0.0800084534192014 -0.589659317811281 0.0 0.1942612912029497 0.901353967645428 0.38707050488251826 0.0 0.5624606781281343 -0.4256285615314277 0.708857047061202 0.0
transform 1.0 0.0 0.0 160.0 0.0 1.0 0.0 -320.0 0.0 0.0 1.0 240.0
splitfuse P 255.17150021010605 -306.93787200951016 214.28642555295906 -0.06903108170659739 0.5843655694278589 0.8085490653174188 172.30865852077415
end
case corpus_40_alternate
body P
plane 66.58271199856968 31.03024132077701 -65.97987928468497 0.5128178090928206 0.17705557887534776 0.840041199386289 0.8584974634075744 -0.10576298465242018 -0.5017930812597684
wire P 9 74.16978292248173 30.095548674746933 -70.41453385143792 70.86802400302537 34.60074989052245 -69.34847927378925 68.08969307154601 40.585768374451185 -68.91386169880468 62.8922588083119 38.770447421094545 -65.35838185305565 59.34087216286617 34.926661834942955 -62.380220778794644 60.08687357605112 29.13571709663317 -61.61507228005849 63.38909853909029 25.118963940132534 -62.78436161499989 67.80463577201238 22.981146311057238 -65.02931530689833 73.24756220968789 23.83495046022851 -68.53200112855741
prism -5.940164493434041 -2.050902375758532 -9.730517967859784
splitfuse P 64.51989093153092 30.318031308439657 -69.3589637325125 0.5128178090928206 0.17705557887534776 0.840041199386289 172.30865852077412
end
case corpus_41
body P
plane 123.63503184200383 -133.07498893804296 -78.6753632064384 -0.534862914170399 0.5135866020271369 0.6709325340623808 0.8449388516603722 0.3251104220137387 0.42471349219550386
wire P 10 137.83344808538095 -127.61180886561509 -71.53844562415405 133.2611850457978 -122.79842223158143 -78.86798260389456 127.2775084571655 -121.13810760087509 -84.90906995821956 120.24098406716351 -124.56412405798041 -87.89598695573015 110.15674131734806 -129.0581952382539 -92.49494819396455 107.3353776106323 -139.34667055787367 -86.86848044395376 113.74832453380938 -143.62971469494 -78.47753011940846 119.23064316490994 -147.50875764980236 -71.13772595172398 127.84898585720953 -143.64183879209375 -67.22729675343834 136.64989471528827 -136.95367215068006 -65.33094068866166
wire C 123.63503184200383 -133.07498893804296 -78.6753632064384 3.2
prism -11.122493391231922 10.680051720789562 13.952065993668613
transform 0.6592913351093583 -0.5220527859779595 0.5411061116845488 0.0 -0.14593367332415644 -0.7948250356039059 -0.5890301569252361 0.0 0.7375895189330166 0.3093768760426361 -0.6002063396285153 0.0
transform 1.0 0.0 0.0 320.0 0.0 1.0 0.0 -640.0 0.0 0.0 1.0 480.0
splitfuse P 426.3482577910676 -511.73767966324993 572.1313967614149 -0.25770410650394876 -0.7253564752771693 -0.6383154214528135 320.68770651323854
end
case corpus_41_alternate
body P
plane 112.5125384507719 -122.39493721725341 -64.7232972127698 -0.534862914170399 0.5135866020271369 0.6709325340623808 0.8449388516603722 0.3251104220137387 0.42471349219550386
wire P 10 96.21288421940038 -128.66661883708412 -72.91641445028515 102.62583114257745 -132.94966297415044 -64.52546412573984 108.10814977367801 -136.8287059290128 -57.18565995805536 116.7264924659776 -132.9617870713042 -53.27523075976972 125.52740132405634 -126.27362042989051 -51.378874694993044 126.71095469414902 -116.93175714482553 -57.58637963048544 122.13869165456586 -112.11837051079186 -64.91591661022595 116.15501506593357 -110.45805588008552 -70.95700396455095 109.11849067593158 -113.88407233719084 -73.94392096206154 99.03424792611614 -118.37814351746432 -78.54288220029594
wire C 112.5125384507719 -122.39493721725341 -64.7232972127698 3.2
prism 11.122493391231922 -10.680051720789562 -13.952065993668613
splitfuse P 119.44151131046864 -129.04828246193077 -73.41500717440817 -0.534862914170399 0.5135866020271369 0.6709325340623808 320.68770651323854
end
case corpus_42
body P
plane -186.00387098270852 -73.22854816610385 -182.1897903482322 0.16794824439027528 0.2856668400099455 0.9434976649281951 0.9857958141553577 -0.0486685412651052 -0.16074198544531662
wire P 11 -154.0303879321105 -74.80707259975694 -187.40332551784425 -153.39806607291345 -54.49394361375641 -193.66617590310372 -173.09588323698765 -46.42424167459458 -192.603144593619 -190.4493855823743 -42.990116579056355 -190.55388187622148 -207.42796030483396 -48.1660380316036 -185.96445775432434 -221.36104181015588 -61.403456759343065 -179.47633554357876 -214.3155100120006 -79.90180439425689 -175.1296583122288 -203.87165748413588 -92.3665358710729 -173.21472643376333 -191.07809689025603 -107.24245288050102 -170.98801168799798 -171.27282985032176 -105.27308496171077 -175.10974201523868 -152.52728123075954 -95.76895225492001 -181.32416920051244
prism 9.177381408532757 15.610008643194714 51.556584949973185
transform -0.28860077112718513 -0.029131565282546568 0.9570062417816214 0.0 0.957378599724154 -0.020946484170369817 0.28807544426958515 0.0 0.011653827483385726 0.9993560910431722 0.033935108661949376 0.0
transform 1.0 0.0 0.0 640.0 0.0 1.0 0.0 -1280.0 0.0 0.0 1.0 960.0
splitfuse P 542.2669742433125 -1498.534921505673 886.3249195758876 0.8461412394033686 0.4266048480897298 0.31945783222089 724.0858521051797
end
case corpus_42_alternate
body P
plane -176.82648957417575 -57.61853952290913 -130.63320539825904 0.16794824439027528 0.2856668400099455 0.9434976649281951 0.9857958141553577 -0.0486685412651052 -0.16074198544531662
wire P 11 -163.91850182845488 -30.81423303139987 -141.04655964364582 -181.27200417384154 -27.38010793586164 -138.9972969262483 -198.2505788963012 -32.55602938840889 -134.40787280435117 -212.18366040162311 -45.793448116148355 -127.91975059360557 -205.13812860346783 -64.29179575106217 -123.57307336225561 -194.6942760756031 -76.7565272278782 -121.65814148379015 -181.90071548172327 -91.63244423730632 -119.4314267380248 -162.095448441789 -89.66307631851605 -123.5531570652655 -143.34989982222677 -80.15894361172529 -129.76758425053927 -144.85300652357773 -59.19706395656222 -135.84674056787108 -144.22068466438068 -38.8839349705617 -142.10959095313055
prism -9.177381408532757 -15.610008643194714 -51.556584949973185
splitfuse P -183.741217991028 -69.37995223395221 -169.47868507920344 0.16794824439027528 0.2856668400099455 0.9434976649281951 724.0858521051796
end
case corpus_43
body P
plane -69.59950110883497 83.20710809147266 385.4594563391858 0.07622848122076037 -0.8565479155461698 0.510406589910718 0.9970903763705556 0.06548388013989538 -0.039021055739787855
wire P 12 -3.8138597708454336 87.52757808536023 382.8849402889242 -3.6994536662622517 107.06824343626633 415.6603697245735 -40.68036683244191 110.82176275847758 427.4824506214375 -69.59950110883497 110.63253747116892 431.48392944061396 -104.4413369057355 111.90083100890374 438.8159163031717 -125.8769624575088 96.1920495976162 415.6553242821165 -142.8035948633209 78.39943146077685 388.32429295828166 -131.83608133422953 60.67244352314512 356.9374500321674 -98.63745326345548 55.47899516378271 343.26380533181714 -69.59950110883499 42.416551632280765 317.00605703021364 -28.81545604418921 49.61972494213042 323.0031529358287 -17.90057830398935 71.27857626960557 357.7202192024048
wire C -69.59950110883497 83.20710809147266 385.4594563391858 12.8
prism 10.18941400592754 -114.49423086547395 68.22573364530832
transform 0.675177663908133 0.6114333547272238 -0.4126552736686747 0.0 -0.08517328752794229 0.6202928119173415 0.7797322223528792 0.0 0.7327213885585969 -0.49131057408801027 0.4708856406157138 0.0
transform 1.0 0.0 0.0 1280.0 0.0 1.0 0.0 -2560.0 0.0 0.0 1.0 1920.0
splitfuse P 1083.1462963400352 -2210.437321044399 2053.38943203245 -0.6828761686550099 -0.13982268077026672 0.717028420793256 1706.8369741325967
end
case corpus_43_alternate
body P
plane -59.410087102907426 -31.287122774001276 453.6851899844942 0.07622848122076037 -0.8565479155461698 0.510406589910718 0.9970903763705556 0.06548388013989538 -0.039021055739787855
wire P 12 -18.626042038261673 -64.87450592334352 391.2288865811371 -7.711164298061809 -43.21565459586837 425.9459528477131 6.375554235082107 -26.966652780113705 451.1106739342325 6.489960339665289 -7.425987429207623 483.8861033698819 -30.490952826514373 -3.6724681069963623 495.7081842667459 -59.410087102907426 -3.8616933943050213 499.70966308592233 -94.25192289980795 -2.5933998565702012 507.0416499484801 -115.68754845158125 -18.302181267857748 483.8810579274249 -132.61418085739336 -36.09479940469709 456.55002660359 -121.64666732830199 -53.82178734232882 425.1631836774758 -88.44803925752794 -59.015235701691225 411.48953897712545 -59.41008710290744 -72.07767923319318 385.231790675522
wire C -59.410087102907426 -31.287122774001276 453.6851899844942 12.8
prism -10.18941400592754 114.49423086547395 -68.22573364530832
splitfuse P -67.33990577439911 57.81696988205796 400.5891339971669 0.07622848122076037 -0.8565479155461698 0.510406589910718 1706.8369741325969
end
case corpus_44
body P
plane -1014.7361510397852 -542.7086854987756 -660.9092733401714 -0.44127605096793054 -0.5236471712196531 0.7287448709361897 0.8973714096415979 -0.2574997970000234 0.3583551418673916
wire P 13 -903.4187094135948 -574.6511101329125 -616.4559097076028 -900.3255801045082 -521.1980669707939 -576.1736931153123 -935.6432390297016 -461.70829136533905 -554.812560744873 -1002.2193547352138 -453.0121236720531 -588.8775988732102 -1059.016480643972 -424.3410964710282 -602.6680343717904 -1112.1744355293579 -436.62990047271035 -643.6869575295021 -1155.3850746675337 -470.9773927431104 -694.5329927365519 -1121.9758651857987 -535.8565503410597 -720.9223425463343 -1085.1066700604008 -578.933931157833 -729.550678788174 -1053.1362991233693 -623.3199514887015 -742.0857309267212 -999.2882445179077 -662.275385604787 -737.4710102690491 -925.9623422200048 -684.5705555069828 -709.0904853784068 -894.025194799183 -634.6796231337096 -653.9019749630272
prism -127.79778185012145 -151.65324926918788 211.05151262121493
transform 0.7772969098055089 0.16452997416683574 -0.607239163433541 0.0 0.526489779036722 0.35827077899779486 0.7710062006794607 0.0 0.3444096784015658 -0.9190059502075998 0.19185941964458347 0.0
transform 1.0 0.0 0.0 2560.0 0.0 1.0 0.0 -5120.0 0.0 0.0 1.0 3840.0
splitfuse P 2048.799642671759 -6352.634615707558 3881.0242749071617 -0.8716805921256324 0.14193200368399567 0.46907169136684534 3570.75161381868
end
case corpus_44_alternate
body P
plane -1142.5339328899067 -694.3619347679635 -449.8577607189564 -0.44127605096793054 -0.5236471712196531 0.7287448709361897 0.8973714096415979 -0.2574997970000234 0.3583551418673916
wire P 13 -1212.9044519105223 -730.5871804270208 -518.499166166959 -1180.9340809734908 -774.9732007578893 -531.0342183055063 -1127.0860263680293 -813.9286348739748 -526.4194976478341 -1053.7601240701263 -836.2238047761707 -498.03897275719186 -1021.8229766493046 -786.3328724028975 -442.85046234181226 -1031.2164912637163 -726.3043594021004 -405.4043970863879 -1028.1233619546297 -672.8513162399818 -365.1221804940974 -1063.441020879823 -613.3615406345269 -343.7610481236581 -1130.0171365853353 -604.665372941241 -377.82608625199526 -1186.8142624940936 -575.9943457402161 -391.6165217505755 -1239.9722173794794 -588.2831497418982 -432.6354449082872 -1283.1828565176552 -622.6306420122983 -483.481480115337 -1249.7736470359202 -687.5097996102476 -509.8708299251194
prism 127.79778185012145 151.65324926918788 -211.05151262121493
splitfuse P -1057.9510608371713 -593.9903383785922 -589.5420559402315 -0.44127605096793054 -0.5236471712196531 0.7287448709361897 3570.7516138186807
end
case corpus_45
body P
plane -1276.3680376858088 -257.0261382839554 317.06487052412143 -0.5694788120508624 0.3056360986854582 0.7630730356954513 0.8220060113071793 0.21174210407837527 0.5286505450061731
wire P 14 -1069.0460425122342 -203.62166815122458 450.3983063295199 -1037.7819873840594 -65.8131044170215 418.5336568484615 -1145.1608698569794 -37.423196087720115 327.0260606061256 -1228.3376399129234 -7.006021748013339 252.76843119288395 -1315.4164290270578 -73.87855989498404 214.5664998606589 -1429.113354840947 -80.06646650118422 132.19333284802394 -1481.646062551216 -198.26349604071328 140.33018831737434 -1447.9356401894124 -301.2205658746068 206.7258884226406 -1438.8738941127654 -387.26526076929446 247.95239726180728 -1441.2499268816055 -532.9908479978915 304.5471105073672 -1332.5184896531919 -549.3148386776935 392.2313129386485 -1235.8408434022576 -447.10970477625943 423.4449604316291 -1122.1811813484596 -435.6558730532528 503.68113969313237 -1082.9853097864425 -312.38364702374065 483.55826396931394
wire C -1276.3680376858088 -257.0261382839554 317.06487052412143 51.2
prism -329.99618844239023 177.10711177011333 442.1783356185211
transform -0.05154610537929727 -0.8084018703155306 0.5863696914836058 0.0 -0.9907784696563668 0.1150657425154642 0.07153949234341178 0.0 -0.1253037233509622 -0.577274883369888 -0.8068783588278149 0.0
transform 1.0 0.0 0.0 5120.0 0.0 1.0 0.0 -10240.0 0.0 0.0 1.0 7680.0
splitfuse P 5668.739161005841 -8728.211543183139 7452.440170973857 0.22972052156418457 0.6539854481348499 -0.7207853464105239 7030.016348814446
end
case corpus_45_alternate
body P
plane -1606.3642261281989 -79.91902651384207 759.2432061426425 -0.5694788120508624 0.3056360986854582 0.7630730356954513 0.8220060113071793 0.21174210407837527 0.5286505450061731
wire P 14 -1811.6422509936062 -21.156384270599958 582.5085239358955 -1777.9318286318025 -124.11345410449347 648.9042240411617 -1768.8700825551557 -210.15814899918115 690.1307328803284 -1771.2461153239956 -355.8837362277781 746.7254461258883 -1662.514678095582 -372.20772690758014 834.4096485571696 -1565.8370318446478 -270.0025930061461 865.6232960501502 -1452.17736979085 -258.54876128313947 945.8594753116535 -1412.9814982288328 -135.2765352536273 925.736599587835 -1399.0422309546243 -26.514556381111234 892.576641948041 -1367.7781758264498 111.29400735309183 860.7119924669826 -1475.1570582993695 139.6839156823932 769.2043962246466 -1558.3338283553135 170.10109002209998 694.946766811405 -1645.412617469448 103.2285518751293 656.74483547918 -1759.1095432833372 97.04064526892911 574.3716684665451
wire C -1606.3642261281989 -79.91902651384207 759.2432061426425 51.2
prism 329.99618844239023 -177.10711177011333 -442.1783356185211
splitfuse P -1358.4934672956635 -212.9498787679448 427.10882572326227 -0.5694788120508624 0.3056360986854582 0.7630730356954513 7030.016348814446
end
case corpus_46
body P
plane 3686.322764192886 -25.24735925118273 3199.6095098272017 0.41550338656926883 -0.36322497453246333 0.8339211914955513 0.9095916313101549 0.16592193882368014 -0.38093696915306363
wire P 15 4098.552546101702 49.948984141571145 3026.9676799009685 4144.356925425917 263.85225769988153 3097.3138192723723 3998.406557922034 381.03511476490064 3221.0744495267554 3855.2469095157485 529.5866245682461 3357.107612198293 3632.0802318110213 485.03589178780743 3448.8963475809182 3447.409476059208 348.2647181047718 3481.3366052614715 3209.828661427409 236.77353688754653 3551.1504584155887 3165.419805837792 -8.667368837266736 3466.3723791906455 3079.683879603295 -265.8747052742149 3397.0606011530504 3206.464530762695 -464.1835617195494 3247.5158713729443 3400.003599210448 -577.3298546112366 3101.8022248476577 3645.574432390718 -423.45086200065987 3046.4698743479316 3867.5601448607104 -554.404008185596 2878.8266127124716 3986.266087257881 -306.2973909867836 2927.747061140327 4185.1037984275345 -158.09642707674266 2893.22647176049
prism 405.1121752628716 -354.1411798291478 813.065882985886
transform 0.3596136916246005 -0.6754421685047972 -0.6437824708716942 0.0 0.9119885778687619 0.10848698698296436 0.3956101711183262 0.0 -0.19736977132539799 -0.7293890941472152 0.6550089485694565 0.0
transform 1.0 0.0 0.0 10240.0 0.0 1.0 0.0 -20480.0 0.0 0.0 1.0 15360.0
splitfuse P 9448.807042859982 -15506.239315927003 17126.551073735878 -0.14210567399326823 0.6694368647997245 0.7291503695850631 13135.413603298148
end
case corpus_46_alternate
body P
plane 4091.4349394557576 -379.3885390803305 4012.6753928130875 0.41550338656926883 -0.36322497453246333 0.8339211914955513 0.9095916313101549 0.16592193882368014 -0.38093696915306363
wire P 15 4037.192407073893 130.89471195865966 4261.9622305668045 3852.5216513220794 -5.876461724375957 4294.402488247358 3614.9408366902803 -117.36764294160125 4364.216341401475 3570.5319811006634 -362.8085486664145 4279.438262176532 3484.7960548661663 -620.0158851033626 4210.126484138937 3611.5767060255666 -818.3247415486971 4060.58175435883 3805.1157744733196 -931.4710344403843 3914.8681078335435 4050.6866076535894 -777.5920418298076 3859.5357573338174 4272.672320123582 -908.5451880147438 3691.8924956983574 4391.378262520752 -660.4385708159314 3740.8129441262126 4590.215973690406 -512.2376069058904 3706.2923547463756 4503.664721364574 -304.1921956875766 3840.0335628868543 4549.469100688789 -90.28892212926624 3910.379702258258 4403.518733184906 26.893934935752867 4034.140332512641 4260.35908477862 175.4454447390983 4170.173495184179
prism -405.1121752628716 354.1411798291478 -813.065882985886
splitfuse P 3919.7211310204843 -229.27966942524162 3668.043343219168 0.41550338656926883 -0.36322497453246333 0.8339211914955513 13135.413603298148
end
case corpus_47
body P
plane 7390.486379420858 -22.84143529260075 2660.3964650709204 0.7397229930213964 -0.4912146071125393 0.4599109732923761 0.6729115050253391 0.5399859218864658 -0.5055742384348283
wire P 16 8268.76547434646 681.9441764932369 2000.5247267603659 8103.354610467775 849.1185819806271 2445.125401872691 8033.809106892244 1146.812094342767 2874.938607580493 7637.680157069466 781.6595850536753 3122.067840408071 7390.486379420858 807.3964289020879 3547.1440965762986 7056.775985121788 527.651188224067 3785.099504333941 6759.655811561861 111.66440939061704 3818.6882700759616 6811.289691696234 -243.95130562712416 3355.8195531896195 6616.609668033724 -643.8481000681003 3241.8282374215305 6777.722738403406 -772.3563831270739 2845.438068478218 6992.142487051563 -747.088100026141 2527.5524841650663 7156.956783602394 -782.8718855091735 2224.2449943138417 7390.486379420858 -624.3431131167428 2017.953845720579 7662.450481386904 -471.47664279971207 1743.7967508362995 7973.924089871318 -147.24216357456146 1589.1244735450982 8171.004435402965 275.1234008495736 1723.2531969423785
wire C 7390.486379420858 -22.84143529260075 2660.3964650709204 204.8
prism 1431.3876895361136 -950.5160014958055 889.9424671989856
transform 0.9942173584167516 0.008789620158071682 0.10702610335938204 0.0 0.018267824671305596 0.9682748031205725 -0.24921916504072264 0.0 -0.10582122095588742 0.24973315402503796 0.9625150497400609 0.0
transform 1.0 0.0 0.0 20480.0 0.0 1.0 0.0 -40960.0 0.0 0.0 1.0 30720.0
splitfuse P 29165.03810190487 -42288.19534734128 32818.99772289145 0.7803503296329541 -0.5767362258069871 0.24172026990645934 25921.796830739848
end
case corpus_47_alternate
body P
plane 8821.874068956971 -973.3574367884062 3550.338932269906 0.7397229930213964 -0.4912146071125393 0.4599109732923761 0.6729115050253391 0.5399859218864658 -0.5055742384348283
wire P 16 9465.196796428358 196.29609284696147 3764.8810747794787 9069.06784660558 -168.85641644213024 4012.0103076070563 8821.874068956971 -143.11957259371758 4437.086563775284 8488.1636746579 -422.86481327173846 4675.041971532926 8191.0435010979745 -838.8515921051885 4708.630737274947 8242.677381232346 -1194.4673071229297 4245.762020388605 8047.997357569838 -1594.3641015639057 4131.770704620516 8209.110427939519 -1722.8723846228793 3735.3805356772036 8423.530176587676 -1697.6041015219464 3417.4949513640518 8588.344473138508 -1733.387887004979 3114.187461512827 8821.874068956971 -1574.8591146125482 2907.8963129195645 9093.838170923018 -1421.9926442955175 2633.739218035285 9405.311779407431 -1097.7581650703669 2479.0669407440837 9602.392124939079 -675.3926006462318 2613.195664141364 9700.153163882575 -268.5718250025686 2890.4671939593513 9534.742300003889 -101.39741951517829 3335.0678690716763
wire C 8821.874068956971 -973.3574367884062 3550.338932269906 204.8
prism -1431.3876895361136 950.5160014958055 -889.9424671989856
splitfuse P 8231.967958650377 -581.6290452942164 3183.5742164212293 0.7397229930213964 -0.4912146071125393 0.4599109732923761 25921.796830739844
end
case corpus_48
body P
plane 12233.51290484658 -3276.4904503371135 -12415.894760458948 -0.020857985017305892 0.5087816818748523 0.8606428670764746 0.9997824485661957 0.010614469890769172 0.017955182202364636
wire P 17 14926.375379389334 -3247.9009229884305 -12367.533402999967 14117.915249680513 -2627.9230327732084 -12753.635764029528 13536.252735121572 -2240.111536376037 -12996.993028015946 13353.009268298098 -1328.820977462161 -13540.156807801111 12436.155082699139 -1391.4166691142152 -13525.37273080783 11457.578258127807 -936.6240708078044 -13817.946216801049 10978.288689142459 -1858.646164874782 -13284.495055280497 10285.725074992866 -2258.7661292798934 -13064.742781498544 10586.782570646916 -3028.9287882578637 -12602.153569508544 9949.6611882268 -3668.328232934061 -12239.604051537866 10180.298691473166 -4392.897382648993 -11805.674766232409 10828.871478107932 -4892.935170525104 -11494.35168620386 11457.626070701268 -5632.687487870804 -11041.798139359404 12415.354381219868 -4964.20508556989 -11413.770452663324 13464.400935596404 -5391.819997217842 -11135.555596749835 13478.376568604837 -4240.393793832709 -11815.899417826478 14101.794847801717 -3879.8393256756026 -12013.937728616682
prism -113.18482656007487 2760.87869332387 4670.236053933002
transform 0.999281249951275 0.02021682090782818 -0.03206655030087034 0.0 -0.013950060760281536 0.982673597713912 0.1848188198230392 0.0 0.035247401331188935 -0.18423865096221634 0.9822493268977183 0.0
transform 1.0 0.0 0.0 40960.0 0.0 1.0 0.0 -81920.0 0.0 0.0 1.0 61440.0
splitfuse P 53484.54623485923 -87050.92266107435 50910.464346651715 -0.03815489298410393 0.6593202949194155 0.7508934364134143 65233.37189522304
end
case corpus_48_alternate
body P
plane 12120.328078286506 -515.6117570132437 -7745.658706525946 -0.020857985017305892 0.5087816818748523 0.8606428670764746 0.9997824485661957 0.010614469890769172 0.017955182202364636
wire P 17 14813.19055282926 -487.0222296645611 -7697.297349066965 14004.730423120438 132.95566055066092 -8083.399710096526 13423.067908561497 520.7671569478327 -8326.756974082944 13239.824441738023 1432.0577158617086 -8869.92075386811 12322.970256139064 1369.4620242096544 -8855.136676874828 11344.393431567732 1824.2546225160652 -9147.710162868047 10865.103862582384 902.2325284490876 -8614.259001347495 10172.540248432791 502.11256404397614 -8394.506727565542 10473.597744086841 -268.05009493399393 -7931.917515575542 9836.476361666726 -907.4495396101911 -7569.367997604864 10067.113864913092 -1632.018689325123 -7135.438712299407 10715.686651547858 -2132.056477201234 -6824.1156322708575 11344.441244141193 -2871.808794546934 -6371.562085426402 12302.169554659793 -2203.32639224602 -6743.534398730322 13351.21610903633 -2630.941303893972 -6465.319542816833 13365.191742044763 -1479.5151005088392 -7145.663363893476 13988.610021241642 -1118.9606323517332 -7343.70167468368
prism 113.18482656007487 -2760.87869332387 -4670.236053933002
splitfuse P 12167.617751688105 -1669.1325572542642 -9696.926773201307 -0.020857985017305892 0.5087816818748523 0.8606428670764746 65233.37189522304
end
case corpus_49
body P
plane 34531.22540340076 -24208.402959542684 -11949.763206717176 -0.43011777572525994 -0.49701142224870803 0.7536433806247299 0.9027727837086998 -0.23679651325935527 0.3590664455265306
wire P 18 39514.00116997516 -25515.38069432867 -9967.927228001055 37615.7414939084 -23979.31459845633 -10038.29583469843 38118.72640316826 -22365.75194440753 -8687.12385316215 36244.815471057635 -21913.292076049547 -9458.210940614419 35130.74475539257 -21221.57765920405 -9637.860434787588 33777.05174116729 -20055.446568234154 -9641.399185754664 32999.81109874394 -21353.913404303647 -10941.294985871686 30885.875760270486 -20423.695039603917 -11534.296961155382 31540.91743123361 -22417.60113413586 -12475.390660888723 29479.14667987138 -22883.247119632528 -13959.163559179775 30147.453470820852 -24533.987621104883 -14666.376370540544 31872.358865643284 -25574.078711333474 -14367.859425366401 32377.661741512908 -27092.796077817824 -15081.0351037994 33827.15291606505 -27716.115448655764 -14664.850100414347 35364.2067557599 -28795.32425413681 -14499.340684965548 36851.993491248286 -28534.213582277735 -13478.037336996422 38145.07816894798 -27960.409905991415 -12361.63970348738 39190.306251909795 -26998.5806154519 -11130.803812576101
wire C 34531.22540340076 -24208.402959542684 -11949.763206717176 819.2
prism -4139.860966445629 -4783.708795516811 7253.777895618407
transform 0.53786839662591 -0.7304581324220816 0.42086637391162274 0.0 -0.1449867955873695 0.41164058511900486 0.8997393276878531 0.0 -0.8304675893834625 -0.5449614164886616 0.11550167757349855 0.0
transform 1.0 0.0 0.0 81920.0 0.0 1.0 0.0 -163840.0 0.0 0.0 1.0 122880.0
splitfuse P 116151.84438229766 -185976.63836714334 110801.91048793354 0.44888243372461256 0.5358539139619806 0.7150979957915526 121769.0167656663
end
case corpus_49_alternate
body P
plane 30391.36443695513 -28992.111755059497 -4695.98531109877 -0.43011777572525994 -0.49701142224870803 0.7536433806247299 0.9027727837086998 -0.23679651325935527 0.3590664455265306
wire P 18 32712.13252480266 -33317.922377794544 -6224.259441378017 34005.21720250235 -32744.118701508225 -5107.861807868974 35050.44528546417 -31782.28941096871 -3877.025916957697 35374.14020352953 -30299.08948984548 -2714.1493323826503 33475.88052746277 -28763.02339397314 -2784.5179390800254 33978.865436722626 -27149.460739924343 -1433.345957543745 32104.954504612007 -26697.000871566357 -2204.433044996013 30990.88378894694 -26005.28645472086 -2384.082539169182 29637.190774721665 -24839.155363750968 -2387.6212901362583 28859.950132298312 -26137.62219982046 -3687.5170902532805 26746.01479382486 -25207.403835120727 -4280.519065536977 27401.056464787984 -27201.30992965267 -5221.612765270318 25339.285713425754 -27666.95591514934 -6705.38566356137 26007.592504375225 -29317.696416621697 -7412.598474922137 27732.497899197657 -30357.787506850287 -7114.081529747997 28237.80077506728 -31876.504873334638 -7827.257208180996 29687.291949619423 -32499.824244172574 -7411.072204795941 31224.345789314273 -33579.03304965362 -7245.562789347143
wire C 30391.36443695513 -28992.111755059497 -4695.98531109877 819.2
prism 4139.860966445629 4783.708795516811 -7253.777895618407
splitfuse P 31809.111713555914 -27353.870719463055 -7180.132469646836 -0.43011777572525994 -0.49701142224870803 0.7536433806247299 121769.01676566628
end
case corpus_50
body P
plane -0.0012886960236154934 -0.0021922256744596486 0.0008926294094706718 0.2704371185583106 0.6398748200831789 0.7193218886766882 0.9627376407442882 -0.17974357214030945 -0.2020605933089456
wire P 19 -0.0010849661175942153 -0.0022302621441169105 0.0008498703192022056 -0.001007631551408032 -0.0021698167783704573 0.0007670261770812829 -0.001042641703344417 -0.0020895353806638104 0.0007087740913833377 -0.0011633091604336817 -0.002066690753677316 0.0007338188705006128 -0.0012419851313782689 -0.0020577928311837587 0.0007554828106262508 -0.0013100785059657971 -0.0019879671124910744 0.0007189696117611147 -0.0013856352192280217 -0.002002613747195632 0.0007604049594656138 -0.001488802909069598 -0.001986165650293884 0.0007845605565590402 -0.001506838642224647 -0.0020598796784865453 0.0008569138146097157 -0.0015229377017251433 -0.002118157148387264 0.0009148073244361014 -0.0015819180966195436 -0.002175454731621425 0.000987950891506783 -0.0015558177528226984 -0.002254543536990011 0.0010484918454545795 -0.0014782884584815946 -0.0023166644510600903 0.0010746036738921673 -0.0013842244482513884 -0.0023434077462967636 0.0010630288298762067 -0.0013092957195211122 -0.0023813146351734263 0.0010685787154943944 -0.0012209810439105624 -0.0024123926221523402 0.0010630213355025204 -0.001161221734278191 -0.0023674495062710244 0.0010005748780824867 -0.0010679175497936774 -0.00236680603334807 0.0009649237220063017 -0.0010946121340096526 -0.00228017083220096 0.0008978932616944392
prism 0.00011827703013721532 0.0002798524617570388 0.00031459903566095286
transform -0.26342344030781717 -0.9401291351459269 0.21625286205311894 0.0 -0.33742896917089976 -0.1202136971074792 -0.9336435924869914 0.0 0.9037420991968106 -0.31891358747711374 -0.2855596992956455 0.0
transform 1.0 0.0 0.0 0.0048828125 0.0 1.0 0.0 -0.009765625 0.0 0.0 1.0 0.00732421875
splitfuse P 0.007366952944920386 -0.010078161657806752 0.006568907621573146 -0.5172490202002289 -0.8397653082474921 -0.1650687074096658 0.005935409012106725
end
case corpus_50_alternate
body P
plane -0.0011704189934782783 -0.0019123732127026098 0.0012072284451316248 0.2704371185583106 0.6398748200831789 0.7193218886766882 0.9627376407442882 -0.17974357214030945 -0.2020605933089456
wire P 19 -0.001191018689383897 -0.0021014621734163873 0.0013831777511553473 -0.0011027040137733472 -0.0021325401603953017 0.0013776203711634734 -0.0010429447041409759 -0.0020875970445139854 0.0013151739137434396 -0.0009496405196564623 -0.0020869535715910313 0.0012795227576672546 -0.0009763351038724374 -0.0020003183704439213 0.0012124922973553922 -0.0009666890874570002 -0.0019504096823598717 0.0011644693548631586 -0.0008893545212708168 -0.0018899643166134185 0.0010816252127422358 -0.0009243646732072018 -0.0018096829189067716 0.0010233731270442906 -0.0010450321302964665 -0.001786838291920277 0.0010484179061615658 -0.0011237081012410537 -0.0017779403694267199 0.0010700818462872038 -0.001191801475828582 -0.0017081146507340356 0.0010335686474220677 -0.0012673581890908065 -0.0017227612854385933 0.0010750039951265668 -0.0013705258789323829 -0.0017063131885368455 0.001099159592219993 -0.001388561612087432 -0.0017800272167295065 0.0011715128502706685 -0.0014046606715879281 -0.0018383046866302254 0.0012294063600970543 -0.0014636410664823284 -0.0018956022698643864 0.0013025499271677359 -0.0014375407226854832 -0.0019746910752329724 0.0013630908811155325 -0.0013600114283443794 -0.0020368119893030513 0.0013892027095531202 -0.0012659474181141732 -0.002063555284539725 0.0013776278655371597
prism -0.00011827703013721532 -0.0002798524617570388 -0.00031459903566095286
splitfuse P -0.0012611423197415514 -0.002127031512493445 0.0009659181000775743 0.2704371185583106 0.6398748200831789 0.7193218886766882 0.005935409012106726
end
case corpus_51
body P
plane -0.0024632844551449166 0.0021088003969327238 0.0008249925451002053 -0.2570030323152588 -0.37881118659179486 0.8890734088328581 0.9664105966827774 -0.10073939996437078 0.236436316825602
wire P 20 -0.0018731682757143953 0.0020472862226995833 0.0009693668891343772 -0.0018997329283638833 0.0022243659935296954 0.0010371369981350897 -0.0021114681130321613 0.0023154543466106163 0.0010147414375497816 -0.0021717750613668937 0.002460362572349159 0.0010590502515980362 -0.0022946915153704258 0.0025851700058157614 0.0010766962079507393 -0.0024632844551449166 0.002668120524069415 0.001063304386327655 -0.002644028559759388 0.0026571856763463997 0.0010063979204525824 -0.002817078798623155 0.002609238216944547 0.0009359453914503104 -0.0028426355737119807 0.002410715759235268 0.0008439724501255392 -0.002840623920798269 0.002264848443715418 0.0007824036646524658 -0.0030803013384944457 0.0021731187216798616 0.0006740368335019173 -0.002868971966988735 0.0020256074374424586 0.0006722747345482875 -0.002964697172605692 0.001814274799117302 0.0005545602302538936 -0.002767929148664129 0.0017413969668249362 0.000580388289512689 -0.0026625330507325288 0.001545811367394924 0.0005275210056970175 -0.0024632844551449166 0.0015181231149785789 0.0005733202311530329 -0.002321036691665299 0.0016772146492917194 0.0006822243536723442 -0.0022145285581933456 0.0017569381891832463 0.000746980628511019 -0.002060046680056368 0.0017878742865266245 0.0008048175296614289 -0.002093920138937981 0.0019560504586363992 0.0008666813005484613
wire C -0.0024632844551449166 0.0021088003969327238 0.0008249925451002053 9.765625e-05
prism -0.00026968546399874614 -0.00039750453410451205 0.0009329468708210282
transform -0.10473058765964194 -0.2552966638722207 0.9611738226898298 0.0 0.4135295741639027 -0.8901513175489596 -0.19137377865755978 0.0 0.904447231904818 0.3774311132929633 0.19879879128945155 0.0
transform 1.0 0.0 0.0 0.009765625 0.0 1.0 0.0 -0.01953125 0.0 0.0 1.0 0.0146484375
splitfuse P 0.010487461000197304 -0.02257192256139854 0.013337958479105344 0.9781793977988056 0.060775584582508785 -0.19867409000828534 0.013531244015455638
end
case corpus_51_alternate
body P
plane -0.0027329699191436627 0.001711295862828212 0.0017579394159212335 -0.2570030323152588 -0.37881118659179486 0.8890734088328581 0.9664105966827774 -0.10073939996437078 0.236436316825602
wire P 20 -0.003037614612662875 0.0013438924327204243 0.0015133351603337172 -0.002932218514731275 0.001148306833290412 0.0014604678765180457 -0.0027329699191436627 0.001120618580874067 0.001506267101974061 -0.002590722155664045 0.0012797101151872073 0.0016151712244933723 -0.0024842140221920917 0.0013594336550787345 0.0016799274993320472 -0.002329732144055114 0.0013903697524221127 0.001737764400482457 -0.002363605602936727 0.0015585459245318874 0.0017996281713694895 -0.002142853739713141 0.001649781688595071 0.0019023137599554053 -0.002169418392362629 0.0018268614594251832 0.001970083868956118 -0.0023811535770309074 0.001917949812506104 0.0019476883083708097 -0.0024414605253656398 0.002062858038244647 0.001991997122419064 -0.002564376979369172 0.002187665471711249 0.0020096430787717675 -0.0027329699191436627 0.0022706159899649027 0.001996251257148683 -0.002913714023758134 0.0022596811422418875 0.0019393447912736106 -0.003086764262621901 0.0022117336828400345 0.0018688922622713386 -0.003112321037710727 0.0020132112251307556 0.0017769193209465674 -0.003110309384797015 0.0018673439096109057 0.001715350535473494 -0.003349986802493192 0.0017756141875753494 0.0016069837043229454 -0.003138657430987481 0.0016281029033379467 0.0016052216053693156 -0.003234382636604438 0.0014167702650127898 0.0014875071010749218
wire C -0.0027329699191436627 0.001711295862828212 0.0017579394159212335 9.765625e-05
prism 0.00026968546399874614 0.00039750453410451205 -0.0009329468708210282
splitfuse P -0.0025674413636125135 0.0019552776865860854 0.001185311786591428 -0.2570030323152588 -0.37881118659179486 0.8890734088328581 0.013531244015455638
end
case corpus_52
body P
plane 0.003574646734285088 0.0009166543861782513 -0.003036352389809219 0.7505984028078976 0.3923250482977931 0.5316795032539504 0.6607586834103909 -0.4456673245880856 -0.6039690373622351
wire P 8 0.004333485467176766 0.0004048342067806228 -0.0037299718768089986 0.00402914404942849 0.0011635776366162784 -0.003860192940931326 0.003574646734285088 0.001774640586441897 -0.003669458378280054 0.002961706160691961 0.002076488171071612 -0.0030268722991745236 0.002880992586570837 0.0013845089841771332 -0.00240231512571307 0.003154434920166915 0.000688358060639384 -0.0022746591498350576 0.003574646734285088 0.0001963167735983703 -0.0025048169687208965 0.003968959075245868 0.00017051879889652888 -0.0030424510507426504
prism 0.0010975897511563953 0.0005736915380085122 0.0007774676464650202
transform 0.5523498553887328 -0.02800924991199455 -0.8331417161392252 0.0 0.6458309907215647 0.6463039632755816 0.4064400552084867 0.0 0.5270787120304214 -0.7625658456642568 0.37507514227246375 0.0
transform 1.0 0.0 0.0 0.01953125 0.0 1.0 0.0 -0.0390625 0.0 0.0 1.0 0.029296875
splitfuse P 0.02396896611724294 -0.03640677953874567 0.029649642743554562 -0.03936018485559917 0.9544167903823526 0.2958705224999295 0.02088577434023733
end
case corpus_52_alternate
body P
plane 0.004672236485441484 0.0014903459241867635 -0.002258884743344199 0.7505984028078976 0.3923250482977931 0.5316795032539504 0.6607586834103909 -0.4456673245880856 -0.6039690373622351
wire P 8 0.0040592959118483565 0.0026501797090801244 -0.0022494046527095036 0.003978582337727232 0.0019582005221856456 -0.0016248474792480501 0.00425202467132331 0.0012620495986478961 -0.0014971915033700372 0.004672236485441484 0.0007700083116068824 -0.0017273493222558765 0.005066548826402263 0.0007442103369050411 -0.0022649834042776304 0.005431075218333161 0.000978525744789135 -0.0029525042303439786 0.005126733800584886 0.0017372691746247906 -0.003082725294466306 0.004672236485441484 0.0023483321244504095 -0.002891990731815034
prism -0.0010975897511563953 -0.0005736915380085122 -0.0007774676464650202
splitfuse P 0.0038926606124945994 0.0010828748439639128 -0.0028110901721415797 0.7505984028078976 0.3923250482977931 0.5316795032539504 0.02088577434023733
end
case corpus_53
body P
plane 0.002534632132661874 -0.015722894585514707 -0.020490924716873592 0.11472468892893835 -0.1646403916505886 0.9796590157740086 0.9933973252179403 0.019013860051524164 -0.1131380898538716
wire P 9 0.004256992386553723 -0.015689928202382335 -0.02068708444492883 0.004381581804718604 -0.014149043325697077 -0.020442715329258537 0.002861029525671583 -0.013879022318313596 -0.02021926895853289 0.0012618253232992325 -0.013558728524529386 -0.019978163128341265 0.0006768005887431224 -0.01508717784784479 -0.020166522252842607 0.0004422162287327149 -0.016518980568798927 -0.020379677993413725 0.0017271558957503389 -0.017126765024733127 -0.02063229668060017 0.002841707257137069 -0.017445857215706947 -0.020816444448976967 0.003957744388553951 -0.016881101553719947 -0.020852227735604325
wire C 0.002534632132661874 -0.015722894585514707 -0.020490924716873592 0.000390625
prism 0.0006557094791096695 -0.0009410029040609441 0.0055992455410897495
transform 0.15123936168782592 0.9882982659848046 0.01982909296179791 0.0 0.2406652260326 -0.017357971550078677 -0.9704529611487331 0.0 -0.9587527858916169 0.15154285953186736 -0.2404742341082889 0.0
transform 1.0 0.0 0.0 0.0390625 0.0 1.0 0.0 -0.078125 0.0 0.0 1.0 0.05859375
splitfuse P 0.023189129024617013 -0.05963265367972678 0.057792088473990866 -0.12593717516124253 -0.9202449263470728 -0.37052544237188034 0.06347778696696271
end
case corpus_53_alternate
body P
plane 0.0031903416117715433 -0.01666389748957565 -0.014891679175783842 0.11472468892893835 -0.1646403916505886 0.9796590157740086 0.9933973252179403 0.019013860051524164 -0.1131380898538716
wire P 9 0.0010979257078423843 -0.01745998347285987 -0.014780432452323975 0.002382865374860008 -0.01806776792879407 -0.015033051139510421 0.0034974167362467386 -0.01838686011976789 -0.015217198907887216 0.004613453867663621 -0.01782210445778089 -0.015252982194514575 0.004912701865663393 -0.01663093110644328 -0.015087838903839081 0.0050372912838282735 -0.015090046229758023 -0.014843469788168787 0.0035167390047812523 -0.014820025222374541 -0.01462002341744314 0.001917534802408902 -0.014499731428590332 -0.014378917587251515 0.0013325100678527918 -0.016028180751905735 -0.014567276711752857
wire C 0.0031903416117715433 -0.01666389748957565 -0.014891679175783842 0.000390625
prism -0.0006557094791096695 0.0009410029040609441 -0.0055992455410897495
splitfuse P 0.0030418106835166125 -0.016450742061320234 -0.01616001700563279 0.11472468892893835 -0.1646403916505886 0.9796590157740086 0.06347778696696271
end
case corpus_54
body P
plane -0.0024656338586651746 0.011323061471693622 0.028633536048424793 -0.33349873943281466 -0.6033789895092375 0.7243703374763044 0.9427505453706848 -0.2134457873184842 0.25624657086343383
wire P 10 0.0016614806408519007 0.010388651825336343 0.029755316293745344 0.0007434120424501601 0.012496730127848766 0.031088605891247748 -0.0015019269742285485 0.013522201314822468 0.030909043095305837 -0.0038262204224318013 0.015043958557107485 0.031106521380486495 -0.0063761817881116374 0.014524050480813882 0.029499455974103243 -0.006072419656963803 0.012139664801373242 0.027653184992473344 -0.004959938467811907 0.010410800560236624 0.026725276642536554 -0.00372890891438658 0.008440319267883576 0.025650687904589495 -0.0010492870491520467 0.007449672702615222 0.026059201582456084 0.00042417407803482516 0.008957601794242601 0.02799364048419206
prism -0.0023581226736060345 -0.004266407958120245 0.005121920759867359
transform 0.8125641568231015 -0.164550165234222 0.559162529295153 0.0 0.3337530085041828 -0.6551345378852256 -0.6777961836601907 0.0 0.47785815924892344 0.7373750608688243 -0.47741973068561844 0.0
transform 1.0 0.0 0.0 0.078125 0.0 1.0 0.0 -0.15625 0.0 0.0 1.0 0.1171875
splitfuse P 0.09045752838126529 -0.18406588949909505 0.10992117010238325 0.23333774046344458 -0.2069872424543493 -0.9501104042881328 0.09355708190912237
end
case corpus_54_alternate
body P
plane -0.004823756532271209 0.007056653513573377 0.03375545680829215 -0.33349873943281466 -0.6033789895092375 0.7243703374763044 0.9427505453706848 -0.2134457873184842 0.25624657086343383
wire P 10 -0.0006966420327541339 0.006122243867216097 0.0348772370536127 -0.0016147106311558746 0.008230322169728521 0.036210526651115106 -0.0038600496478345832 0.009255793356702223 0.036030963855173195 -0.006184343096037836 0.01077755059898724 0.03622844214035385 -0.008734304461717673 0.010257642522693637 0.0346213767339706 -0.008430542330569838 0.007873256843252997 0.0327751057523407 -0.007318061141417941 0.006144392602116379 0.031847197402403916 -0.006087031587992614 0.004173911309763331 0.030772608664456854 -0.0034074097227580814 0.003183264744494977 0.031181122342323443 -0.0019339485955712095 0.004691193836122355 0.03311556124405942
prism 0.0023581226736060345 0.004266407958120245 -0.005121920759867359
splitfuse P -0.004237889893956256 0.008116626396274078 0.03248293501335504 -0.33349873943281466 -0.6033789895092375 0.7243703374763044 0.09355708190912237
end
case corpus_55
body P
plane 0.01317692747205681 -0.000878536215950704 -0.06790721716944847 0.4475351558661519 0.35141870761347965 0.8223242524716943 0.8942663385501319 -0.17586732196703803 -0.4115317737432713
wire P 11 0.019961490100750857 -0.002212795159612353 -0.07102940009448792 0.020037178295460537 0.0023057952493875885 -0.07300160306054099 0.015669309587736296 0.004243178054859126 -0.07145240608935387 0.01232268966761072 0.005398806051968219 -0.07012492393487403 0.00767741584745993 0.006729233922496018 -0.06816537319139919 0.0074964246832654406 0.0019537047076451197 -0.06602605867107006 0.004046725544047527 -0.0018396525712714644 -0.06252753805005348 0.006989418989032976 -0.007004366058302987 -0.06192191542887729 0.012339204161555215 -0.006705027167852139 -0.06496136151056985 0.015609869810282706 -0.00683503466608831 -0.0666858038939932 0.01945653133950597 -0.006263254522112877 -0.06902362927188005
wire C 0.01317692747205681 -0.000878536215950704 -0.06790721716944847 0.0015625
prism 0.007157170148470148 0.00562003554531342 0.013150954768598492
transform 0.728264539300274 0.5260460739402327 0.4392109844822038 0.0 -0.14566080790912705 0.7450846617187654 -0.6508700146040629 0.0 -0.669636983623978 0.4100297244877497 0.619243034033876 0.0
transform 1.0 0.0 0.0 0.15625 0.0 1.0 0.0 -0.3125 0.0 0.0 1.0 0.234375
splitfuse P 0.1466689213497787 -0.2751892791905635 0.18764577299492882 0.8719602600484462 -0.3385778417028923 0.35362458908291033 0.20961705691566668
end
case corpus_55_alternate
body P
plane 0.02033409762052696 0.0047414993293627165 -0.05475626240084998 0.4475351558661519 0.35141870761347965 0.8223242524716943 0.8942663385501319 -0.17586732196703803 -0.4115317737432713
wire P 11 0.014653594831735589 0.00757374025295854 -0.05287510390247157 0.011203895692517675 0.003780382974041956 -0.049376583281454986 0.014146589137503125 -0.0013843305129895662 -0.04877096066027879 0.019496374310025363 -0.001084991622538718 -0.051810406741971356 0.022767039958752854 -0.0012149991207748888 -0.053534849125394704 0.026613701487976118 -0.0006432189767994556 -0.05587267450328155 0.027118660249221004 0.0034072403857010676 -0.05787844532588943 0.027194348443930684 0.007925830794701008 -0.05985064829194249 0.022826479736206443 0.009863213600172546 -0.05830145132075537 0.019479859816080868 0.011018841597281639 -0.056973969166275534 0.014834585995930079 0.01234926946780944 -0.05501441842280069
wire C 0.02033409762052696 0.0047414993293627165 -0.05475626240084998 0.0015625
prism -0.007157170148470148 -0.00562003554531342 -0.013150954768598492
splitfuse P 0.01742395412545338 0.002456362949340778 -0.060103510640019515 0.4475351558661519 0.35141870761347965 0.8223242524716943 0.20961705691566668
end
case corpus_56
body P
plane 0.03180426796731682 -0.09353801511933202 -0.12483197068358136 0.19238085154527051 -0.49775847038061 0.8457104191879583 0.9813203391139494 0.09758199700839346 -0.16579549421241008
wire P 12 0.046350581302044086 -0.09209153709606577 -0.1272895914137063 0.044331288472569286 -0.08594067456504048 -0.12321004229057864 0.03963659394694971 -0.08084534084927092 -0.11914314803340924 0.03180426796731682 -0.08104930352834425 -0.11748150906277793 0.02527100391959032 -0.08424986432757148 -0.11787908172983176 0.02049368268171886 -0.08892785138153644 -0.1195456599351094 0.013580755879018417 -0.09535015192237473 -0.12175308189208509 0.021177647480109398 -0.09998280817676136 -0.12620784593521356 0.022966150228995095 -0.10786062501895533 -0.13125132612223347 0.03180426796731682 -0.10566372355684248 -0.131968780101079 0.04231056597904258 -0.10847451232550887 -0.13601307753260722 0.04288205376606763 -0.09805329042073457 -0.13000947623776105
prism 0.006280908659731967 -0.016250970208086545 0.027611011453773687
transform 0.9936388347161135 -0.06736600007546908 -0.09024238570558754 0.0 0.03271788306976474 0.9394699537689376 -0.34106560379613693 0.0 0.10775623541789744 0.3359434892942891 0.9356979030271151 0.0
transform 1.0 0.0 0.0 0.3125 0.0 1.0 0.0 -0.625 0.0 0.0 1.0 0.46875
splitfuse P 0.3624094205144982 -0.673004525861604 0.3271693235852253 0.1483701564607679 -0.749777567707874 0.6448409847659127 0.4097496446354433
end
case corpus_56_alternate
body P
plane 0.03808517662704879 -0.10978898532741856 -0.09722095922980767 0.19238085154527051 -0.49775847038061 0.8457104191879583 0.9813203391139494 0.09758199700839346 -0.16579549421241008
wire P 12 0.05061219713230126 -0.10219164477312703 -0.09559903083680495 0.045917502606681676 -0.09709631105735746 -0.09153213657963555 0.03808517662704879 -0.09730027373643078 -0.08987049760900424 0.031551912579322286 -0.10050083453565802 -0.09026807027605807 0.026774591341450826 -0.10517882158962298 -0.09193464848133572 0.019861664538750382 -0.11160112213046128 -0.0941420704383114 0.027458556139841363 -0.1162337783848479 -0.09859683448143988 0.02924705888872706 -0.12411159522704186 -0.10364031466845978 0.03808517662704879 -0.12191469376492903 -0.10435776864730528 0.04859147463877454 -0.1247254825335954 -0.10840206607883354 0.049162962425799595 -0.11430426062882112 -0.10239846478398734 0.05263148996177605 -0.1083425073041523 -0.09967857995993261
prism -0.006280908659731967 0.016250970208086545 -0.027611011453773687
splitfuse P 0.033522874005852764 -0.0979846671954469 -0.11727694105566039 0.19238085154527051 -0.49775847038061 0.8457104191879583 0.4097496446354433
end
case corpus_57
body P
plane -0.026691167984352265 -0.13876700097152497 -0.20232869275489487 -0.6914085639636364 -0.09628559518120955 0.7160190513096298 0.72246397673361 -0.09214671905942114 0.6852406763239044
wire P 13 0.004707287656973137 -0.14277171921915566 -0.172547970570706 -0.0028244541114340257 -0.12462756239772962 -0.1773809283185449 -0.011951814260511309 -0.11135391562946217 -0.18440961559291238 -0.023071470648344656 -0.09833396679320502 -0.19339623699660807 -0.034501631291629906 -0.10951919082508124 -0.20593764478871543 -0.04048614818320706 -0.12024230563423013 -0.21315844109596488 -0.05549867620996883 -0.12535236759457213 -0.22834213737028405 -0.05654809769758358 -0.1450541042332298 -0.23200485058623005 -0.042527539281325105 -0.15599329186069452 -0.21993722759038928 -0.03578473873562685 -0.17049997808882547 -0.21537695071110857 -0.023417046933386722 -0.17617504715148405 -0.20419749869583304 -0.013306206765332552 -0.1670754820315683 -0.19321053052769196 0.0008952038035253441 -0.16214710063587776 -0.17883450379375407
wire C -0.026691167984352265 -0.13876700097152497 -0.20232869275489487 0.00625
prism -0.04711080065634966 -0.006560652727030026 0.04878769594495603
transform 0.8349344811243707 -0.5272929862195151 0.15762778598103816 0.0 0.5503376824666398 0.7980733505802783 -0.24537188581990452 0.0 0.003584339105853235 0.2916179585987023 0.9565281588828944 0.0
transform 1.0 0.0 0.0 0.625 0.0 1.0 0.0 -1.25 0.0 0.0 1.0 0.9375
splitfuse P 0.6282923213547533 -1.3498176967706381 0.7282405814571586 -0.41364563380672137 -0.6330420991910423 0.6543355334111349 0.8927813130542681
end
case corpus_57_alternate
body P
plane -0.07380196864070193 -0.145327653698555 -0.15354099680993885 -0.6914085639636364 -0.09628559518120955 0.7160190513096298 0.72246397673361 -0.09214671905942114 0.6852406763239044
wire P 13 -0.08289553939197651 -0.1770606308158555 -0.16658925476615255 -0.07052784758973639 -0.18273569987851407 -0.155409802750877 -0.06041700742168221 -0.17363613475859832 -0.14442283458273594 -0.04621559685282432 -0.16870775336290778 -0.13004680784879805 -0.04240351299937653 -0.14933237194618568 -0.12376027462574998 -0.04993525476778369 -0.13118821512475964 -0.12859323237358888 -0.059062614916860975 -0.1179145683564922 -0.13562191964795636 -0.07018227130469432 -0.10489461952023504 -0.14460854105165205 -0.08161243194797957 -0.11607984355211126 -0.1571499488437594 -0.08759694883955672 -0.12680295836126015 -0.16437074515100886 -0.1026094768663185 -0.13191302032160215 -0.17955444142532803 -0.10365889835393324 -0.15161475696025983 -0.18321715464127403 -0.08963833993767477 -0.16255394458772454 -0.17114953164543326
wire C -0.07380196864070193 -0.145327653698555 -0.15354099680993885 0.00625
prism 0.04711080065634966 0.006560652727030026 -0.04878769594495603
splitfuse P -0.033841252207771705 -0.13976272209927762 -0.19492410335685845 -0.6914085639636364 -0.09628559518120955 0.7160190513096298 0.8927813130542681
end
case corpus_58
body P
plane 0.22859554900050263 0.5599575804781597 0.4453661368774126 0.5811564995687301 -0.0803831253009374 0.8098121239990634 0.8137918179786651 0.05740433203214157 -0.5783144643314078
wire P 14 0.28249828338465777 0.5637598434079026 0.407060601883464 0.2730007976097261 0.5892389239915512 0.41640550237396334 0.2692652232030881 0.6251872570593845 0.4226545971422674 0.2406309936525006 0.6252860149427728 0.4432135719802399 0.21832392027904446 0.6142629084013321 0.45812793120639095 0.19740626345746853 0.6055816153676706 0.47227763631987146 0.17531595961057692 0.5875741553444973 0.48634315522865973 0.16363181411705907 0.5553750819510057 0.4915320809310197 0.1878008396475397 0.5330570690407582 0.4719720157824618 0.1935604000676962 0.5037650616377526 0.4649311369103752 0.21305188791067636 0.4755865352689327 0.44814615375281364 0.24335561786085538 0.48192220737753666 0.4270277634621166 0.2632692142886236 0.5092365560202661 0.41544815998814466 0.2843788686180581 0.5310432393552089 0.4024635143565591
prism 0.06894585194313997 -0.009536300565919881 0.09607254989737245
transform 0.5765082908318375 -0.799059145305758 -0.17071225177293223 0.0 0.49621441576176084 0.5083709936043882 -0.7037969781491686 0.0 0.6491605688828979 0.3210349126885092 0.6895847595783375 0.0
transform 1.0 0.0 0.0 1.25 0.0 1.0 0.0 -2.5 0.0 0.0 1.0 1.875
splitfuse P 0.8655440379151431 -2.424273898453945 2.535465528828771 0.26102756047125364 -0.3224295421177168 0.9098921930889315 1.618555591602316
end
case corpus_58_alternate
body P
plane 0.29754140094364256 0.5504212799122398 0.5414386867747851 0.5811564995687301 -0.0803831253009374 0.8098121239990634 0.8137918179786651 0.05740433203214157 -0.5783144643314078
wire P 14 0.24426181155371687 0.5780378547785774 0.5824157051260322 0.23257766606019903 0.5458387813850858 0.5876046308283922 0.25674669159067964 0.5235207684748383 0.5680445656798343 0.26250625201083616 0.49422876107183267 0.5610036868077477 0.2819977398538163 0.46605023470301277 0.5442187036501861 0.3123014698039953 0.47238590681161674 0.5231003133594891 0.33221506623176356 0.49970025545434615 0.5115207098855171 0.3533247205611981 0.521506938789289 0.49853606425393154 0.3514441353277977 0.5542235428419827 0.5031331517808365 0.34194664955286613 0.5797026234256313 0.5124780522713358 0.33821107514622806 0.6156509564934646 0.5187271470396398 0.3095768455956406 0.6157497143768529 0.5392861218776124 0.2872697722221844 0.6047266078354122 0.5542004811037634 0.2663521154006085 0.5960453148017507 0.568350186217244
prism -0.06894585194313997 0.009536300565919881 -0.09607254989737245
splitfuse P 0.27308681615988045 0.5538037353339967 0.5073624624531959 0.5811564995687301 -0.0803831253009374 0.8098121239990634 1.6185555916023162
end
case corpus_59
body P
plane 1.0541650756446226 -1.0084694029568555 -1.3533862452832672 -0.0032854226524274477 0.4688240180836989 0.8832854838985245 0.9999946029844337 0.0015402933620014914 0.002901981799401497
wire P 15 1.2203516178421572 -1.0082134255475406 -1.35290397235967 1.183337078102251 -0.9574711879148852 -1.3799742554976833 1.1624281566588488 -0.9020967249107792 -1.409443292817389 1.1023590044790916 -0.8773798520140237 -1.4227857697787318 1.0389196187347938 -0.8803702071120034 -1.4214345360957286 1.000105949317203 -0.9258469723738663 -1.397441069773551 0.9190693724154156 -0.9219796350230636 -1.3997951671513766 0.8855939497272868 -0.9770797988296611 -1.3706740055906201 0.916966871851484 -1.0344397131970857 -1.3401122230958524 0.920872497714763 -1.0942154116325806 -1.3083703737537518 0.9808792729801501 -1.1207031031032186 -1.294088226255864 1.04283169885823 -1.1037324531563228 -1.302865352717883 1.086629866516587 -1.0966750136993642 -1.306448341105132 1.1570760889793454 -1.1092664388182463 -1.299503125493057 1.1950578304848534 -1.0636610369269341 -1.3235679630507498
wire C 1.0541650756446226 -1.0084694029568555 -1.3533862452832672 0.025
prism -0.0007914553571279791 0.11293928359215939 0.21278267731804543
transform 0.9894751332919725 -0.09677105060370035 0.10758403395434335 0.0 0.08861285430884454 0.9929920015971283 0.07819620716740824 0.0 -0.11439721433703151 -0.06783987418314394 0.9911160521466407 0.0
transform 1.0 0.0 0.0 2.5 0.0 1.0 0.0 -5.0 0.0 0.0 1.0 3.75
splitfuse P 3.4985530247031917 -5.973579515445433 2.42002074720262 0.04640797869597859 0.5343169441217914 0.8440093025184641 3.2757690784148736
end
case corpus_59_alternate
body P
plane 1.0533736202874946 -0.8955301193646962 -1.1406035679652218 -0.0032854226524274477 0.4688240180836989 0.8832854838985245 0.9999946029844337 0.0015402933620014914 0.002901981799401497
wire P 15 1.1015675491219636 -0.7644405684218643 -1.2100030924606864 1.0381281633776658 -0.767430923519844 -1.208651858777683 0.9993144939600752 -0.8129076887817068 -1.1846583924555056 0.9182779170582877 -0.8090403514309041 -1.1870124898333312 0.8848024943701588 -0.8641405152375017 -1.1578913282725747 0.916175416494356 -0.9215004296049263 -1.127329545777807 0.920081042357635 -0.9812761280404212 -1.0955876964357063 0.9800878176230221 -1.0077638195110592 -1.0813055489378185 1.042040243501102 -0.9907931695641634 -1.0900826753998376 1.085838411159459 -0.9837357301072047 -1.0936656637870865 1.1562846336222175 -0.9963271552260868 -1.0867204481750115 1.1942663751277254 -0.9507217533347747 -1.1107852857327043 1.2195601624850292 -0.8952741419553812 -1.1401212950416246 1.182545622745123 -0.8445319043227257 -1.1671915781796378 1.1616367013017208 -0.7891574413186199 -1.1966606154993435
wire C 1.0533736202874946 -0.8955301193646962 -1.1406035679652218 0.025
prism 0.0007914553571279791 -0.11293928359215939 -0.21278267731804543
splitfuse P 1.053756532595469 -0.9501710303797867 -1.243549495786701 -0.0032854226524274477 0.4688240180836989 0.8832854838985245 3.2757690784148736
end
case corpus_60
body P
plane 2.0373136842871196 0.29182994755529446 -1.0586058681699075 -0.7894121305579701 -0.4333088788770455 0.43482399153478696 0.6138635745244432 -0.5572236233905968 0.5591720177257871
wire P 16 2.1606113597203365 0.1799086993956202 -0.946293274925876 2.2223789966760514 0.21229456999373342 -0.8018826435174563 2.159319356073733 0.321864354887076 -0.8071778540715838 2.1041828350648664 0.41741283752918434 -0.8120612843110564 2.0373136842871196 0.49554954318396915 -0.8555961186950238 1.9800752736316871 0.503240205960628 -0.9518471629208878 1.9070689573382205 0.560347199954416 -1.0274803036541011 1.8649828152891619 0.5306279381199764 -1.1335023539225917 1.9099345109897785 0.40745610202166754 -1.174636322337344 1.861245562384895 0.3674986094524436 -1.3028481598763424 1.9212541910856373 0.2632593242187824 -1.2977800595463798 1.9685078877586324 0.1626099608424019 -1.3122908077106379 2.0373136842871196 0.11997755519812883 -1.2298594533315357 2.1116857392087836 0.01713651758262938 -1.1973215347865573 2.146880040038105 0.06594397511832739 -1.0847897663942643 2.154562188034144 0.12935930457468653 -1.0076486546336803
prism -0.47348796936340254 -0.2598978825187416 0.2608066443528975
transform 0.9947081312817037 0.10090413552302858 0.019341380416386493 0.0 -0.09965115167408249 0.993363886853267 -0.057426790488400985 0.0 -0.0250076294776235 0.055195504618763803 0.9981623488880904 0.0
transform 1.0 0.0 0.0 5.0 0.0 1.0 0.0 -10.0 0.0 0.0 1.0 7.5
splitfuse P 6.873712747927928 -9.92661845668811 6.49325453464741 -0.8205472268015218 -0.37673811043493893 0.4298495605839838 7.21019585507113
end
case corpus_60_alternate
body P
plane 1.563825714923717 0.03193206503655284 -0.7977992238170102 -0.7894121305579701 -0.4333088788770455 0.43482399153478696 0.6138635745244432 -0.5572236233905968 0.5591720177257871
wire P 16 1.6871233903569338 -0.0799891831231214 -0.6854866305729785 1.748891027312649 -0.047603312525008185 -0.5410759991645588 1.6858313867103305 0.06196647236833437 -0.5463712097186864 1.6306948657014637 0.15751495501044277 -0.5512546399581589 1.563825714923717 0.23565166066522758 -0.5947894743421264 1.5065873042682845 0.2433423234418864 -0.6910405185679903 1.4335809879748178 0.3004493174356743 -0.7666736593012038 1.3914948459257592 0.2707300556012348 -0.8726957095696943 1.4364465416263759 0.14755821950292597 -0.9138296779844464 1.3877575930214923 0.10760072693370203 -1.0420415155234448 1.4477662217222347 0.0033614417000408375 -1.0369734151934824 1.4950199183952297 -0.09728792167633969 -1.0514841633577403 1.563825714923717 -0.13992032732061277 -0.9690528089786381 1.6381977698453811 -0.24276136493611222 -0.93651489043366 1.6733920706747025 -0.19395390740041418 -0.8239831220413669 1.6810742186707415 -0.13053857794405507 -0.7468420102807827
prism 0.47348796936340254 0.2598978825187416 -0.2608066443528975
splitfuse P 1.9467616669394485 0.2421258809491216 -1.008728005770186 -0.7894121305579701 -0.4333088788770455 0.43482399153478696 7.210195855071131
end
case corpus_61
body P
plane 3.6001900797505995 3.3030028316953963 -4.647007148604027 0.020401732705165657 0.2085129489176618 0.9778067904429216 0.9997918629908061 -0.00425491105384513 -0.019953105755668527
wire P 17 4.079313881397677 3.300963778133098 -4.656569146694034 4.234710843235944 3.5407617640239466 -4.710947325472226 3.9045860632066307 3.5731554997893182 -4.710967161547796 3.8024409585194756 3.6994676750646875 -4.7357714350146605 3.6629007726088694 3.9647482605541424 -4.78942986335577 3.474708496199133 3.734950749865599 -4.736499974103672 3.333374184829539 3.649762216185495 -4.71538498756846 3.217603505252635 3.5363577763715024 -4.68878646434281 3.1484150058612657 3.387537030038758 -4.655607498655605 2.953979320894733 3.1875869521386577 -4.608912174284194 3.0337044453079933 2.9623021469605537 -4.562534639541037 3.2953171053020984 2.9093786445426546 -4.556707431087985 3.4175220194531852 2.675755487255571 -4.509438111709788 3.639603729977012 2.8867605702082804 -4.55906769523714 3.870173824650552 2.771465788804336 -4.539292392372594 4.068121899375801 2.883728601174632 -4.5673620826625685 4.175982305233677 3.0823489435170637 -4.611967471879473
wire C 3.6001900797505995 3.3030028316953963 -4.647007148604027 0.1
prism 0.020045836696117692 0.20487556539602453 0.9607495365631801
transform -0.10303553378509894 -0.2508334706264342 -0.9625311676985415 0.0 0.9946776319426817 -0.025695618615909355 -0.09978047753365882 0.0 0.0002954496894228553 -0.9676891573214219 0.2521460043546944 0.0
transform 1.0 0.0 0.0 10.0 0.0 1.0 0.0 -20.0 0.0 0.0 1.0 15.0
splitfuse P 12.495771545857764 -16.104708430901503 10.66803839703896 -0.9955736418555756 -0.08263075052321407 0.044780383097925286 13.275621122596172
end
case corpus_61_alternate
body P
plane 3.620235916446717 3.507878397091421 -3.686257612040847 0.020401732705165657 0.2085129489176618 0.9778067904429216 0.9997918629908061 -0.00425491105384513 -0.019953105755668527
wire P 17 3.6596495666731292 3.091636135604305 -3.5983181586739597 3.8902196613466695 2.9763413542003607 -3.5785428558094132 4.088167736071919 3.0886041665706565 -3.606612546099388 4.196028141929795 3.2872245089130883 -3.651217935316293 4.099359718093795 3.5058393435291224 -3.6958196101308536 4.254756679932062 3.745637329419971 -3.7501977889090456 3.924631899902748 3.778031065185343 -3.7502176249846153 3.822486795215593 3.904343240460712 -3.77502189845148 3.6829466093049867 4.169623825950167 -3.8286803267925897 3.4947543328952504 3.9398263152616235 -3.7757504375404913 3.353420021525656 3.8546377815815194 -3.7546354510052797 3.237649341948752 3.741233341767527 -3.7280369277796295 3.168460842557383 3.5924125954347828 -3.6948579620924242 2.9740251575908503 3.3924625175346823 -3.6481626377210143 3.0537502820041107 3.1671777123565783 -3.601785102977857 3.315362941998216 3.114254209938679 -3.595957894524805 3.4375678561493026 2.8806310526515957 -3.548688575146608
wire C 3.620235916446717 3.507878397091421 -3.686257612040847 0.1
prism -0.020045836696117692 -0.20487556539602453 -0.9607495365631801
splitfuse P 3.610185607962142 3.405160677477326 -4.167945124777214 0.020401732705165657 0.2085129489176618 0.9778067904429216 13.275621122596172
end
case corpus_62
body P
plane -6.954932053879554 -3.1852973586356637 -9.975216472081538 -0.45297387360488595 0.47550813260767705 0.7541264387722688 0.8915237909508555 0.2416006874344855 0.38316372218648154
wire P 18 -5.966169521795175 -2.9173452188433373 -9.55026097902856 -6.124771710119312 -2.6736402347748633 -9.799193173734002 -6.156315914975827 -2.3330606745989115 -10.032890127276923 -6.375106449086316 -2.07529026260406 -10.326843914859534 -6.756862409394735 -2.0658167469444675 -10.562123041450082 -7.1272709934129805 -2.304652351210628 -10.634017005309358 -7.561604360269796 -2.352708762686648 -10.864602281464496 -7.6716533660401405 -2.8089133870512875 -10.643048340376758 -7.9269757379530175 -3.113035272494062 -10.60464885652389 -8.019032783935817 -3.4736659591044567 -10.432551206889737 -8.076866662263448 -3.876785261184027 -10.213106214445599 -7.678049129168186 -3.95696583413166 -9.922995132148012 -7.470670044606483 -4.172616346737464 -9.662454101252054 -7.145958305227585 -4.264969033032802 -9.409180408707883 -6.765669885236993 -4.1524193820201605 -9.251723464876463 -6.552318754034412 -3.7378382254225553 -9.384982581759898 -6.334685324495881 -3.511018002638698 -9.39727840178806 -6.2536004650579455 -3.2374346077280842 -9.521079665814954
prism -0.9325263400460931 0.9789170731501687 1.5525018303676237
transform -0.3359214127856034 -0.755594064239593 -0.5623472366056566 0.0 -0.2382583554105056 -0.5094569527350967 0.826853414691474 0.0 -0.9112572416772367 0.41174169499306656 -0.008889099787443344 0.0
transform 1.0 0.0 0.0 20.0 0.0 1.0 0.0 -40.0 0.0 0.0 1.0 30.0
splitfuse P 29.653742062799008 -44.42651144359318 35.78128192029006 -0.6312084178145436 0.48922590693793416 0.6018587419493184 26.549305668216924
end
case corpus_62_alternate
body P
plane -7.887458393925646 -2.2063802854854946 -8.422714641713913 -0.45297387360488595 0.47550813260767705 0.7541264387722688 0.8915237909508555 0.2416006874344855 0.38316372218648154
wire P 18 -8.610575469214279 -2.978048760981491 -8.370493301780387 -8.403196384652576 -3.193699273587295 -8.10995227088443 -8.078484645273678 -3.286051959882633 -7.856678578340259 -7.698196225283086 -3.1735023088699914 -7.699221634508839 -7.484845094080505 -2.758921152272386 -7.832480751392274 -7.267211664541974 -2.5321009294885295 -7.844776571420437 -7.186126805104038 -2.2585175345779156 -7.96857783544733 -6.898695861841268 -1.9384281456931682 -7.997759148660935 -7.057298050165405 -1.6947231616246943 -8.246691343366377 -7.08884225502192 -1.3541436014487425 -8.480388296909299 -7.307632789132409 -1.0963731894538915 -8.77434208449191 -7.689388749440828 -1.0868996737942989 -9.009621211082457 -8.059797333459073 -1.3257352780604594 -9.081515174941734 -8.494130700315889 -1.3737916895364788 -9.312100451096871 -8.604179706086233 -1.8299963139011184 -9.090546510009133 -8.85950207799911 -2.1341181993438934 -9.052147026156264 -8.95155912398191 -2.494748885954288 -8.880049376522113 -9.009393002309542 -2.897868188033858 -8.660604384077974
prism 0.9325263400460931 -0.9789170731501687 -1.5525018303676237
splitfuse P -7.555974998056936 -2.5543541085794765 -8.974579566834649 -0.45297387360488595 0.47550813260767705 0.7541264387722688 26.54930566821692
end
case corpus_63
body P
plane -16.575432855226467 -15.88192722022364 17.7942502440256 -0.46393506950585794 -0.5622528902023964 0.6845698932480502 0.8858692066454251 -0.2944552443398394 0.3585133997470258
wire P 19 -14.606447986601628 -16.536400720649116 18.591103158660985 -14.52015001005337 -15.949590413975992 19.131548264887112 -15.191916748583342 -15.402446353788909 19.125671846169254 -15.502752683851227 -14.806241083487041 19.40469440768072 -16.055873020137472 -14.264878131792784 19.474476855097265 -16.743438514871784 -14.05742021019825 19.178901587220032 -17.251089598004025 -14.31366492762132 18.62440528632829 -18.130916235414873 -13.890924884530202 18.375350189354776 -17.869847252386666 -14.840609280476219 17.772279935045248 -18.5901482441046 -14.918980468633992 17.219761745976932 -18.964837361204342 -15.43552446566713 16.54158442411052 -18.355497753549837 -16.13058028460174 16.383670482985824 -18.105986517132454 -16.823534242723227 15.98362608193593 -17.284780711633292 -17.056827572931436 16.348550577947677 -16.778837373985763 -17.95563878353039 15.95321571724561 -16.113858183525462 -17.62535335481529 16.675145075675456 -15.546373492299189 -17.59797113200838 17.082220797715642 -15.259018359385962 -17.213282422275284 17.59291585732141 -14.467057138192105 -17.214127744340328 18.12893606949474
wire C -16.575432855226467 -15.88192722022364 17.7942502440256 0.4
prism -1.786018014735242 -2.164513650170946 2.635399309193549
transform 0.5917320891994157 0.41777677871753727 -0.6894314308008392 0.0 0.020804655629203028 -0.8628605495593186 -0.505013701119426 0.0 -0.8058661805261743 0.28448942893996715 -0.5192739776895878 0.0
transform 1.0 0.0 0.0 40.0 0.0 1.0 0.0 -80.0 0.0 0.0 1.0 60.0
splitfuse P 10.640163165843383 -75.54152746758183 59.505687976571934 -0.9813854702101408 0.1297766530118471 -0.14156475265214638 52.96557851655773
end
case corpus_63_alternate
body P
plane -18.361450869961708 -18.046440870394584 20.42964955321915 -0.46393506950585794 -0.5622528902023964 0.6845698932480502 0.8858692066454251 -0.2944552443398394 0.3585133997470258
wire P 19 -20.376166258839845 -17.083494118804936 19.85516105517048 -20.750855375939587 -17.600038115838075 19.17698373330407 -20.141515768285082 -18.295093934772687 19.019069792179373 -19.8920045318677 -18.988047892894173 18.61902539112948 -19.070798726368537 -19.22134122310238 18.983949887141225 -18.564855388721007 -20.120152433701335 18.58861502643916 -17.899876198260706 -19.789867004986235 19.310544384869004 -17.33239150703443 -19.762484782179325 19.71762010690919 -17.045036374121203 -19.37779607244623 20.22831516651496 -16.253075152927348 -19.378641394511273 20.764335378688287 -16.39246600133687 -18.700914370820062 21.226502467854534 -16.30616802478861 -18.114104064146936 21.76694757408066 -16.977934763318586 -17.566960003959853 21.761071155362803 -17.288770698586468 -16.970754733657987 22.040093716874267 -17.841891034872717 -16.42939178196373 22.109876164290814 -18.529456529607025 -16.221933860369194 21.81430089641358 -19.03710761273927 -16.478178577792264 21.25980459552184 -19.916934250150113 -16.055438534701146 21.010749498548325 -19.65586526712191 -17.005122930647165 20.407679244238796
wire C -18.361450869961708 -18.046440870394584 20.42964955321915 0.4
prism 1.786018014735242 2.164513650170946 -2.635399309193549
splitfuse P -16.946052306489005 -16.33108890541277 18.341126164521715 -0.46393506950585794 -0.5622528902023964 0.6845698932480502 52.96557851655773
end
