# case	section	name	row (explicit) or digest
attributes_split_polygon_3	digest	1374	e7422f271ced870541a72f5384c3b4a1
attributes_split_polygon_4	step	0	modified 2958f71aa862bed0ba8b2c50803f2850 2958f71aa862bed0ba8b2c50803f2850
attributes_split_polygon_4	step	0	modified 29606acfb462bed0ba8b2c52cb1719c1 29606acfb462bed0ba8b2c52cb1719c1
attributes_split_polygon_4	step	0	modified 2967de84c062bed0ba8b2c5515ef0b32 2967de84c062bed0ba8b2c5515ef0b32
attributes_split_polygon_4	step	0	modified 296f5239cc62bed0ba8b2c5760c6fca3 296f5239cc62bed0ba8b2c5760c6fca3
attributes_split_polygon_4	step	0	modified 29c3ea84e403c1866d0680fb96752d34 29c3ea84e403c1866d0680fb96752d34
attributes_split_polygon_4	step	0	modified 29cb5e39f003c1866d0680fde14d1ea5 29cb5e39f003c1866d0680fde14d1ea5
attributes_split_polygon_4	step	0	modified 29d2d1eefc03c1866d0681002c251016 29d2d1eefc03c1866d0681002c251016
attributes_split_polygon_4	step	0	modified 29da45a40803c1866d06810276fd0187 29da45a40803c1866d06810276fd0187
attributes_split_polygon_4	step	0	modified 6e8f3c5ba50efaabc964e574bc8693b6 6e8f3c5ba50efaabc964e574bc8693b6
attributes_split_polygon_4	step	0	modified 749654a4de057d82e5c5cda30eaff6ff 749654a4de057d82e5c5cda30eaff6ff
attributes_split_polygon_4	step	0	modified 8dbc8323f395f7f6ac35f61bf5685be9 8dbc8323f395f7f6ac35f61bf5685be9
attributes_split_polygon_4	step	0	modified 929eff9b9aada398e599a73b90078d8c 929eff9b9aada398e599a73b90078d8c
attributes_split_polygon_4	step	0	modified 92a67350a6ada398e599a73ddadf7efd 92a67350a6ada398e599a73ddadf7efd
attributes_split_polygon_4	step	0	modified 92ade705b2ada398e599a74025b7706e 92ade705b2ada398e599a74025b7706e
attributes_split_polygon_4	step	0	modified 92b55ababeada398e599a742708f61df 92b55ababeada398e599a742708f61df
attributes_split_polygon_4	step	0	modified e2d9157484b8dcbe41f80e8482f718a8 e2d9157484b8dcbe41f80e8482f718a8
attributes_split_polygon_4	step	0	modified e2e0892990b8dcbe41f80e86cdcf0a19 e2e0892990b8dcbe41f80e86cdcf0a19
attributes_split_polygon_4	step	0	modified e2e7fcde9cb8dcbe41f80e8918a6fb8a e2e7fcde9cb8dcbe41f80e8918a6fb8a
attributes_split_polygon_4	step	0	modified e2ef7093a8b8dcbe41f80e8b637eecfb e2ef7093a8b8dcbe41f80e8b637eecfb
attributes_split_polygon_4	step	0	modified effc6946105785ab5e2ccaa7270be668 effc6946105785ab5e2ccaa7270be668
attributes_split_polygon_4	step	0	modified f003dcfb1c5785ab5e2ccaa971e3d7d9 f003dcfb1c5785ab5e2ccaa971e3d7d9
attributes_split_polygon_4	step	0	modified f00b50b0285785ab5e2ccaabbcbbc94a f00b50b0285785ab5e2ccaabbcbbc94a
attributes_split_polygon_4	step	0	modified f012c465345785ab5e2ccaae0793babb f012c465345785ab5e2ccaae0793babb
attributes_split_polygon_4	step	0	modified f4566574f2af5f955e58f984ecd691fc f4566574f2af5f955e58f984ecd691fc
attributes_split_polygon_4	step	0	modified f45dd929feaf5f955e58f98737ae836d f45dd929feaf5f955e58f98737ae836d
attributes_split_polygon_4	step	0	modified f4654cdf0aaf5f955e58f989828674de f4654cdf0aaf5f955e58f989828674de
attributes_split_polygon_4	step	0	modified f46cc09416af5f955e58f98bcd5e664f f46cc09416af5f955e58f98bcd5e664f
attributes_split_polygon_4	step	0	outcome 1 2958f71aa862bed0ba8b2c50803f2850 2958f71aa862bed0ba8b2c50803f2850 kept
attributes_split_polygon_4	step	0	outcome 1 2967de84c062bed0ba8b2c5515ef0b32 2967de84c062bed0ba8b2c5515ef0b32 kept
attributes_split_polygon_4	step	0	outcome 1 92a67350a6ada398e599a73ddadf7efd 92a67350a6ada398e599a73ddadf7efd kept
attributes_split_polygon_4	step	0	outcome 1 92b55ababeada398e599a742708f61df 92b55ababeada398e599a742708f61df kept
attributes_split_polygon_4	step	0	outcome 1 f45dd929feaf5f955e58f98737ae836d f45dd929feaf5f955e58f98737ae836d kept
attributes_split_polygon_4	step	0	outcome 1 f46cc09416af5f955e58f98bcd5e664f f46cc09416af5f955e58f98bcd5e664f kept
attributes_split_polygon_4	step	0	outcome 2 29cb5e39f003c1866d0680fde14d1ea5 29cb5e39f003c1866d0680fde14d1ea5 kept
attributes_split_polygon_4	step	0	outcome 2 29da45a40803c1866d06810276fd0187 29da45a40803c1866d06810276fd0187 kept
attributes_split_polygon_4	step	0	outcome 2 8dbc8323f395f7f6ac35f61bf5685be9 8dbc8323f395f7f6ac35f61bf5685be9 kept
attributes_split_polygon_4	step	0	outcome 2 e2e0892990b8dcbe41f80e86cdcf0a19 e2e0892990b8dcbe41f80e86cdcf0a19 kept
attributes_split_polygon_4	step	0	outcome 2 e2ef7093a8b8dcbe41f80e8b637eecfb e2ef7093a8b8dcbe41f80e8b637eecfb kept
attributes_split_polygon_4	step	0	outcome 2 effc6946105785ab5e2ccaa7270be668 effc6946105785ab5e2ccaa7270be668 kept
attributes_split_polygon_4	step	0	outcome 2 f00b50b0285785ab5e2ccaabbcbbc94a f00b50b0285785ab5e2ccaabbcbbc94a kept
attributes_split_polygon_4	step	0	outcome 3 29606acfb462bed0ba8b2c52cb1719c1 29606acfb462bed0ba8b2c52cb1719c1 kept
attributes_split_polygon_4	step	0	outcome 3 296f5239cc62bed0ba8b2c5760c6fca3 296f5239cc62bed0ba8b2c5760c6fca3 kept
attributes_split_polygon_4	step	0	outcome 3 6e8f3c5ba50efaabc964e574bc8693b6 6e8f3c5ba50efaabc964e574bc8693b6 kept
attributes_split_polygon_4	step	0	outcome 3 929eff9b9aada398e599a73b90078d8c 929eff9b9aada398e599a73b90078d8c kept
attributes_split_polygon_4	step	0	outcome 3 92ade705b2ada398e599a74025b7706e 92ade705b2ada398e599a74025b7706e kept
attributes_split_polygon_4	step	0	outcome 3 f4566574f2af5f955e58f984ecd691fc f4566574f2af5f955e58f984ecd691fc kept
attributes_split_polygon_4	step	0	outcome 3 f4654cdf0aaf5f955e58f989828674de f4654cdf0aaf5f955e58f989828674de kept
attributes_split_polygon_4	step	0	outcome 4 29c3ea84e403c1866d0680fb96752d34 29c3ea84e403c1866d0680fb96752d34 kept
attributes_split_polygon_4	step	0	outcome 4 29d2d1eefc03c1866d0681002c251016 29d2d1eefc03c1866d0681002c251016 kept
attributes_split_polygon_4	step	0	outcome 4 749654a4de057d82e5c5cda30eaff6ff 749654a4de057d82e5c5cda30eaff6ff kept
attributes_split_polygon_4	step	0	outcome 4 e2d9157484b8dcbe41f80e8482f718a8 e2d9157484b8dcbe41f80e8482f718a8 kept
attributes_split_polygon_4	step	0	outcome 4 e2e7fcde9cb8dcbe41f80e8918a6fb8a e2e7fcde9cb8dcbe41f80e8918a6fb8a kept
attributes_split_polygon_4	step	0	outcome 4 f003dcfb1c5785ab5e2ccaa971e3d7d9 f003dcfb1c5785ab5e2ccaa971e3d7d9 kept
attributes_split_polygon_4	step	0	outcome 4 f012c465345785ab5e2ccaae0793babb f012c465345785ab5e2ccaae0793babb kept
attributes_split_polygon_4	step	0	outcome 5 2958f71aa862bed0ba8b2c50803f2850 2958f71aa862bed0ba8b2c50803f2850 kept
attributes_split_polygon_4	step	0	outcome 5 2967de84c062bed0ba8b2c5515ef0b32 2967de84c062bed0ba8b2c5515ef0b32 kept
attributes_split_polygon_4	step	0	outcome 5 92a67350a6ada398e599a73ddadf7efd 92a67350a6ada398e599a73ddadf7efd kept
attributes_split_polygon_4	step	0	outcome 5 92b55ababeada398e599a742708f61df 92b55ababeada398e599a742708f61df kept
attributes_split_polygon_4	step	0	outcome 5 f45dd929feaf5f955e58f98737ae836d f45dd929feaf5f955e58f98737ae836d kept
attributes_split_polygon_4	step	0	outcome 5 f46cc09416af5f955e58f98bcd5e664f f46cc09416af5f955e58f98bcd5e664f kept
attributes_split_polygon_4	step	0	outcome 6 29cb5e39f003c1866d0680fde14d1ea5 29cb5e39f003c1866d0680fde14d1ea5 kept
attributes_split_polygon_4	step	0	outcome 6 29da45a40803c1866d06810276fd0187 29da45a40803c1866d06810276fd0187 kept
attributes_split_polygon_4	step	0	outcome 6 8dbc8323f395f7f6ac35f61bf5685be9 8dbc8323f395f7f6ac35f61bf5685be9 kept
attributes_split_polygon_4	step	0	outcome 6 e2e0892990b8dcbe41f80e86cdcf0a19 e2e0892990b8dcbe41f80e86cdcf0a19 kept
attributes_split_polygon_4	step	0	outcome 6 e2ef7093a8b8dcbe41f80e8b637eecfb e2ef7093a8b8dcbe41f80e8b637eecfb kept
attributes_split_polygon_4	step	0	outcome 6 effc6946105785ab5e2ccaa7270be668 effc6946105785ab5e2ccaa7270be668 kept
attributes_split_polygon_4	step	0	outcome 6 f00b50b0285785ab5e2ccaabbcbbc94a f00b50b0285785ab5e2ccaabbcbbc94a kept
attributes_split_polygon_4	step	0	outcome 7 29606acfb462bed0ba8b2c52cb1719c1 29606acfb462bed0ba8b2c52cb1719c1 kept
attributes_split_polygon_4	step	0	outcome 7 296f5239cc62bed0ba8b2c5760c6fca3 296f5239cc62bed0ba8b2c5760c6fca3 kept
attributes_split_polygon_4	step	0	outcome 7 6e8f3c5ba50efaabc964e574bc8693b6 6e8f3c5ba50efaabc964e574bc8693b6 kept
attributes_split_polygon_4	step	0	outcome 7 929eff9b9aada398e599a73b90078d8c 929eff9b9aada398e599a73b90078d8c kept
attributes_split_polygon_4	step	0	outcome 7 92ade705b2ada398e599a74025b7706e 92ade705b2ada398e599a74025b7706e kept
attributes_split_polygon_4	step	0	outcome 7 f4566574f2af5f955e58f984ecd691fc f4566574f2af5f955e58f984ecd691fc kept
attributes_split_polygon_4	step	0	outcome 7 f4654cdf0aaf5f955e58f989828674de f4654cdf0aaf5f955e58f989828674de kept
attributes_split_polygon_4	step	0	outcome 8 29c3ea84e403c1866d0680fb96752d34 29c3ea84e403c1866d0680fb96752d34 kept
attributes_split_polygon_4	step	0	outcome 8 29d2d1eefc03c1866d0681002c251016 29d2d1eefc03c1866d0681002c251016 kept
attributes_split_polygon_4	step	0	outcome 8 749654a4de057d82e5c5cda30eaff6ff 749654a4de057d82e5c5cda30eaff6ff kept
attributes_split_polygon_4	step	0	outcome 8 e2d9157484b8dcbe41f80e8482f718a8 e2d9157484b8dcbe41f80e8482f718a8 kept
attributes_split_polygon_4	step	0	outcome 8 e2e7fcde9cb8dcbe41f80e8918a6fb8a e2e7fcde9cb8dcbe41f80e8918a6fb8a kept
attributes_split_polygon_4	step	0	outcome 8 f003dcfb1c5785ab5e2ccaa971e3d7d9 f003dcfb1c5785ab5e2ccaa971e3d7d9 kept
attributes_split_polygon_4	step	0	outcome 8 f012c465345785ab5e2ccaae0793babb f012c465345785ab5e2ccaae0793babb kept
attributes_split_polygon_4	step	0	outcome 9 2958f71aa862bed0ba8b2c50803f2850 - dropped
attributes_split_polygon_4	step	0	outcome 9 2967de84c062bed0ba8b2c5515ef0b32 - dropped
attributes_split_polygon_4	step	0	outcome 9 92a67350a6ada398e599a73ddadf7efd - dropped
attributes_split_polygon_4	step	0	outcome 9 92b55ababeada398e599a742708f61df - dropped
attributes_split_polygon_4	step	0	outcome 9 f45dd929feaf5f955e58f98737ae836d - dropped
attributes_split_polygon_4	step	0	outcome 9 f46cc09416af5f955e58f98bcd5e664f - dropped
attributes_split_polygon_4	step	0	outcome 10 29cb5e39f003c1866d0680fde14d1ea5 - dropped
attributes_split_polygon_4	step	0	outcome 10 29da45a40803c1866d06810276fd0187 - dropped
attributes_split_polygon_4	step	0	outcome 10 8dbc8323f395f7f6ac35f61bf5685be9 - dropped
attributes_split_polygon_4	step	0	outcome 10 e2e0892990b8dcbe41f80e86cdcf0a19 - dropped
attributes_split_polygon_4	step	0	outcome 10 e2ef7093a8b8dcbe41f80e8b637eecfb - dropped
attributes_split_polygon_4	step	0	outcome 10 effc6946105785ab5e2ccaa7270be668 - dropped
attributes_split_polygon_4	step	0	outcome 10 f00b50b0285785ab5e2ccaabbcbbc94a - dropped
attributes_split_polygon_4	step	0	outcome 11 29606acfb462bed0ba8b2c52cb1719c1 - dropped
attributes_split_polygon_4	step	0	outcome 11 296f5239cc62bed0ba8b2c5760c6fca3 - dropped
attributes_split_polygon_4	step	0	outcome 11 6e8f3c5ba50efaabc964e574bc8693b6 - dropped
attributes_split_polygon_4	step	0	outcome 11 929eff9b9aada398e599a73b90078d8c - dropped
attributes_split_polygon_4	step	0	outcome 11 92ade705b2ada398e599a74025b7706e - dropped
attributes_split_polygon_4	step	0	outcome 11 f4566574f2af5f955e58f984ecd691fc - dropped
attributes_split_polygon_4	step	0	outcome 11 f4654cdf0aaf5f955e58f989828674de - dropped
attributes_split_polygon_4	step	0	outcome 12 29c3ea84e403c1866d0680fb96752d34 - dropped
attributes_split_polygon_4	step	0	outcome 12 29d2d1eefc03c1866d0681002c251016 - dropped
attributes_split_polygon_4	step	0	outcome 12 749654a4de057d82e5c5cda30eaff6ff - dropped
attributes_split_polygon_4	step	0	outcome 12 e2d9157484b8dcbe41f80e8482f718a8 - dropped
attributes_split_polygon_4	step	0	outcome 12 e2e7fcde9cb8dcbe41f80e8918a6fb8a - dropped
attributes_split_polygon_4	step	0	outcome 12 f003dcfb1c5785ab5e2ccaa971e3d7d9 - dropped
attributes_split_polygon_4	step	0	outcome 12 f012c465345785ab5e2ccaae0793babb - dropped
attributes_split_polygon_4	step	0	outcome 13 2958f71aa862bed0ba8b2c50803f2850 - dropped
attributes_split_polygon_4	step	0	outcome 13 2967de84c062bed0ba8b2c5515ef0b32 - dropped
attributes_split_polygon_4	step	0	outcome 13 92a67350a6ada398e599a73ddadf7efd - dropped
attributes_split_polygon_4	step	0	outcome 13 92b55ababeada398e599a742708f61df - dropped
attributes_split_polygon_4	step	0	outcome 13 f45dd929feaf5f955e58f98737ae836d - dropped
attributes_split_polygon_4	step	0	outcome 13 f46cc09416af5f955e58f98bcd5e664f - dropped
attributes_split_polygon_4	step	0	outcome 14 29cb5e39f003c1866d0680fde14d1ea5 - dropped
attributes_split_polygon_4	step	0	outcome 14 29da45a40803c1866d06810276fd0187 - dropped
attributes_split_polygon_4	step	0	outcome 14 8dbc8323f395f7f6ac35f61bf5685be9 - dropped
attributes_split_polygon_4	step	0	outcome 14 e2e0892990b8dcbe41f80e86cdcf0a19 - dropped
attributes_split_polygon_4	step	0	outcome 14 e2ef7093a8b8dcbe41f80e8b637eecfb - dropped
attributes_split_polygon_4	step	0	outcome 14 effc6946105785ab5e2ccaa7270be668 - dropped
attributes_split_polygon_4	step	0	outcome 14 f00b50b0285785ab5e2ccaabbcbbc94a - dropped
attributes_split_polygon_4	step	0	outcome 15 29606acfb462bed0ba8b2c52cb1719c1 - dropped
attributes_split_polygon_4	step	0	outcome 15 296f5239cc62bed0ba8b2c5760c6fca3 - dropped
attributes_split_polygon_4	step	0	outcome 15 6e8f3c5ba50efaabc964e574bc8693b6 - dropped
attributes_split_polygon_4	step	0	outcome 15 929eff9b9aada398e599a73b90078d8c - dropped
attributes_split_polygon_4	step	0	outcome 15 92ade705b2ada398e599a74025b7706e - dropped
attributes_split_polygon_4	step	0	outcome 15 f4566574f2af5f955e58f984ecd691fc - dropped
attributes_split_polygon_4	step	0	outcome 15 f4654cdf0aaf5f955e58f989828674de - dropped
attributes_split_polygon_4	step	0	outcome 16 29c3ea84e403c1866d0680fb96752d34 - dropped
attributes_split_polygon_4	step	0	outcome 16 29d2d1eefc03c1866d0681002c251016 - dropped
attributes_split_polygon_4	step	0	outcome 16 749654a4de057d82e5c5cda30eaff6ff - dropped
attributes_split_polygon_4	step	0	outcome 16 e2d9157484b8dcbe41f80e8482f718a8 - dropped
attributes_split_polygon_4	step	0	outcome 16 e2e7fcde9cb8dcbe41f80e8918a6fb8a - dropped
attributes_split_polygon_4	step	0	outcome 16 f003dcfb1c5785ab5e2ccaa971e3d7d9 - dropped
attributes_split_polygon_4	step	0	outcome 16 f012c465345785ab5e2ccaae0793babb - dropped
attributes_split_polygon_4	step	0	outcome 17 2958f71aa862bed0ba8b2c50803f2850 2958f71aa862bed0ba8b2c50803f2850 recomputed
attributes_split_polygon_4	step	0	outcome 17 2967de84c062bed0ba8b2c5515ef0b32 2967de84c062bed0ba8b2c5515ef0b32 recomputed
attributes_split_polygon_4	step	0	outcome 17 92a67350a6ada398e599a73ddadf7efd 92a67350a6ada398e599a73ddadf7efd recomputed
attributes_split_polygon_4	step	0	outcome 17 92b55ababeada398e599a742708f61df 92b55ababeada398e599a742708f61df recomputed
attributes_split_polygon_4	step	0	outcome 17 f45dd929feaf5f955e58f98737ae836d f45dd929feaf5f955e58f98737ae836d recomputed
attributes_split_polygon_4	step	0	outcome 17 f46cc09416af5f955e58f98bcd5e664f f46cc09416af5f955e58f98bcd5e664f recomputed
attributes_split_polygon_4	step	0	outcome 18 29cb5e39f003c1866d0680fde14d1ea5 29cb5e39f003c1866d0680fde14d1ea5 recomputed
attributes_split_polygon_4	step	0	outcome 18 29da45a40803c1866d06810276fd0187 29da45a40803c1866d06810276fd0187 recomputed
attributes_split_polygon_4	step	0	outcome 18 8dbc8323f395f7f6ac35f61bf5685be9 8dbc8323f395f7f6ac35f61bf5685be9 recomputed
attributes_split_polygon_4	step	0	outcome 18 e2e0892990b8dcbe41f80e86cdcf0a19 e2e0892990b8dcbe41f80e86cdcf0a19 recomputed
attributes_split_polygon_4	step	0	outcome 18 e2ef7093a8b8dcbe41f80e8b637eecfb e2ef7093a8b8dcbe41f80e8b637eecfb recomputed
attributes_split_polygon_4	step	0	outcome 18 effc6946105785ab5e2ccaa7270be668 effc6946105785ab5e2ccaa7270be668 recomputed
attributes_split_polygon_4	step	0	outcome 18 f00b50b0285785ab5e2ccaabbcbbc94a f00b50b0285785ab5e2ccaabbcbbc94a recomputed
attributes_split_polygon_4	step	0	outcome 19 29606acfb462bed0ba8b2c52cb1719c1 29606acfb462bed0ba8b2c52cb1719c1 recomputed
attributes_split_polygon_4	step	0	outcome 19 296f5239cc62bed0ba8b2c5760c6fca3 296f5239cc62bed0ba8b2c5760c6fca3 recomputed
attributes_split_polygon_4	step	0	outcome 19 6e8f3c5ba50efaabc964e574bc8693b6 6e8f3c5ba50efaabc964e574bc8693b6 recomputed
attributes_split_polygon_4	step	0	outcome 19 929eff9b9aada398e599a73b90078d8c 929eff9b9aada398e599a73b90078d8c recomputed
attributes_split_polygon_4	step	0	outcome 19 92ade705b2ada398e599a74025b7706e 92ade705b2ada398e599a74025b7706e recomputed
attributes_split_polygon_4	step	0	outcome 19 f4566574f2af5f955e58f984ecd691fc f4566574f2af5f955e58f984ecd691fc recomputed
attributes_split_polygon_4	step	0	outcome 19 f4654cdf0aaf5f955e58f989828674de f4654cdf0aaf5f955e58f989828674de recomputed
attributes_split_polygon_4	step	0	outcome 20 29c3ea84e403c1866d0680fb96752d34 29c3ea84e403c1866d0680fb96752d34 recomputed
attributes_split_polygon_4	step	0	outcome 20 29d2d1eefc03c1866d0681002c251016 29d2d1eefc03c1866d0681002c251016 recomputed
attributes_split_polygon_4	step	0	outcome 20 749654a4de057d82e5c5cda30eaff6ff 749654a4de057d82e5c5cda30eaff6ff recomputed
attributes_split_polygon_4	step	0	outcome 20 e2d9157484b8dcbe41f80e8482f718a8 e2d9157484b8dcbe41f80e8482f718a8 recomputed
attributes_split_polygon_4	step	0	outcome 20 e2e7fcde9cb8dcbe41f80e8918a6fb8a e2e7fcde9cb8dcbe41f80e8918a6fb8a recomputed
attributes_split_polygon_4	step	0	outcome 20 f003dcfb1c5785ab5e2ccaa971e3d7d9 f003dcfb1c5785ab5e2ccaa971e3d7d9 recomputed
attributes_split_polygon_4	step	0	outcome 20 f012c465345785ab5e2ccaae0793babb f012c465345785ab5e2ccaae0793babb recomputed
attributes_split_polygon_4	step	0	outcome 21 2958f71aa862bed0ba8b2c50803f2850 2958f71aa862bed0ba8b2c50803f2850 recomputed
attributes_split_polygon_4	step	0	outcome 21 2967de84c062bed0ba8b2c5515ef0b32 2967de84c062bed0ba8b2c5515ef0b32 recomputed
attributes_split_polygon_4	step	0	outcome 21 92a67350a6ada398e599a73ddadf7efd 92a67350a6ada398e599a73ddadf7efd recomputed
attributes_split_polygon_4	step	0	outcome 21 92b55ababeada398e599a742708f61df 92b55ababeada398e599a742708f61df recomputed
attributes_split_polygon_4	step	0	outcome 21 f45dd929feaf5f955e58f98737ae836d f45dd929feaf5f955e58f98737ae836d recomputed
attributes_split_polygon_4	step	0	outcome 21 f46cc09416af5f955e58f98bcd5e664f f46cc09416af5f955e58f98bcd5e664f recomputed
attributes_split_polygon_4	step	0	outcome 22 29cb5e39f003c1866d0680fde14d1ea5 29cb5e39f003c1866d0680fde14d1ea5 recomputed
attributes_split_polygon_4	step	0	outcome 22 29da45a40803c1866d06810276fd0187 29da45a40803c1866d06810276fd0187 recomputed
attributes_split_polygon_4	step	0	outcome 22 8dbc8323f395f7f6ac35f61bf5685be9 8dbc8323f395f7f6ac35f61bf5685be9 recomputed
attributes_split_polygon_4	step	0	outcome 22 e2e0892990b8dcbe41f80e86cdcf0a19 e2e0892990b8dcbe41f80e86cdcf0a19 recomputed
attributes_split_polygon_4	step	0	outcome 22 e2ef7093a8b8dcbe41f80e8b637eecfb e2ef7093a8b8dcbe41f80e8b637eecfb recomputed
attributes_split_polygon_4	step	0	outcome 22 effc6946105785ab5e2ccaa7270be668 effc6946105785ab5e2ccaa7270be668 recomputed
attributes_split_polygon_4	step	0	outcome 22 f00b50b0285785ab5e2ccaabbcbbc94a f00b50b0285785ab5e2ccaabbcbbc94a recomputed
attributes_split_polygon_4	step	0	outcome 23 29606acfb462bed0ba8b2c52cb1719c1 29606acfb462bed0ba8b2c52cb1719c1 recomputed
attributes_split_polygon_4	step	0	outcome 23 296f5239cc62bed0ba8b2c5760c6fca3 296f5239cc62bed0ba8b2c5760c6fca3 recomputed
attributes_split_polygon_4	step	0	outcome 23 6e8f3c5ba50efaabc964e574bc8693b6 6e8f3c5ba50efaabc964e574bc8693b6 recomputed
attributes_split_polygon_4	step	0	outcome 23 929eff9b9aada398e599a73b90078d8c 929eff9b9aada398e599a73b90078d8c recomputed
attributes_split_polygon_4	step	0	outcome 23 92ade705b2ada398e599a74025b7706e 92ade705b2ada398e599a74025b7706e recomputed
attributes_split_polygon_4	step	0	outcome 23 f4566574f2af5f955e58f984ecd691fc f4566574f2af5f955e58f984ecd691fc recomputed
attributes_split_polygon_4	step	0	outcome 23 f4654cdf0aaf5f955e58f989828674de f4654cdf0aaf5f955e58f989828674de recomputed
attributes_split_polygon_4	step	0	outcome 24 29c3ea84e403c1866d0680fb96752d34 29c3ea84e403c1866d0680fb96752d34 recomputed
attributes_split_polygon_4	step	0	outcome 24 29d2d1eefc03c1866d0681002c251016 29d2d1eefc03c1866d0681002c251016 recomputed
attributes_split_polygon_4	step	0	outcome 24 749654a4de057d82e5c5cda30eaff6ff 749654a4de057d82e5c5cda30eaff6ff recomputed
attributes_split_polygon_4	step	0	outcome 24 e2d9157484b8dcbe41f80e8482f718a8 e2d9157484b8dcbe41f80e8482f718a8 recomputed
attributes_split_polygon_4	step	0	outcome 24 e2e7fcde9cb8dcbe41f80e8918a6fb8a e2e7fcde9cb8dcbe41f80e8918a6fb8a recomputed
attributes_split_polygon_4	step	0	outcome 24 f003dcfb1c5785ab5e2ccaa971e3d7d9 f003dcfb1c5785ab5e2ccaa971e3d7d9 recomputed
attributes_split_polygon_4	step	0	outcome 24 f012c465345785ab5e2ccaae0793babb f012c465345785ab5e2ccaae0793babb recomputed
attributes_split_polygon_4	step	0	outcome 25 2958f71aa862bed0ba8b2c50803f2850 2958f71aa862bed0ba8b2c50803f2850 kept
attributes_split_polygon_4	step	0	outcome 25 2967de84c062bed0ba8b2c5515ef0b32 2967de84c062bed0ba8b2c5515ef0b32 kept
attributes_split_polygon_4	step	0	outcome 25 92a67350a6ada398e599a73ddadf7efd 92a67350a6ada398e599a73ddadf7efd kept
attributes_split_polygon_4	step	0	outcome 25 92b55ababeada398e599a742708f61df 92b55ababeada398e599a742708f61df kept
attributes_split_polygon_4	step	0	outcome 25 f45dd929feaf5f955e58f98737ae836d f45dd929feaf5f955e58f98737ae836d kept
attributes_split_polygon_4	step	0	outcome 25 f46cc09416af5f955e58f98bcd5e664f f46cc09416af5f955e58f98bcd5e664f kept
attributes_split_polygon_4	step	0	outcome 26 29cb5e39f003c1866d0680fde14d1ea5 29cb5e39f003c1866d0680fde14d1ea5 kept
attributes_split_polygon_4	step	0	outcome 26 29da45a40803c1866d06810276fd0187 29da45a40803c1866d06810276fd0187 kept
attributes_split_polygon_4	step	0	outcome 26 8dbc8323f395f7f6ac35f61bf5685be9 8dbc8323f395f7f6ac35f61bf5685be9 kept
attributes_split_polygon_4	step	0	outcome 26 e2e0892990b8dcbe41f80e86cdcf0a19 e2e0892990b8dcbe41f80e86cdcf0a19 kept
attributes_split_polygon_4	step	0	outcome 26 e2ef7093a8b8dcbe41f80e8b637eecfb e2ef7093a8b8dcbe41f80e8b637eecfb kept
attributes_split_polygon_4	step	0	outcome 26 effc6946105785ab5e2ccaa7270be668 effc6946105785ab5e2ccaa7270be668 kept
attributes_split_polygon_4	step	0	outcome 26 f00b50b0285785ab5e2ccaabbcbbc94a f00b50b0285785ab5e2ccaabbcbbc94a kept
attributes_split_polygon_4	step	0	outcome 27 29606acfb462bed0ba8b2c52cb1719c1 29606acfb462bed0ba8b2c52cb1719c1 kept
attributes_split_polygon_4	step	0	outcome 27 296f5239cc62bed0ba8b2c5760c6fca3 296f5239cc62bed0ba8b2c5760c6fca3 kept
attributes_split_polygon_4	step	0	outcome 27 6e8f3c5ba50efaabc964e574bc8693b6 6e8f3c5ba50efaabc964e574bc8693b6 kept
attributes_split_polygon_4	step	0	outcome 27 929eff9b9aada398e599a73b90078d8c 929eff9b9aada398e599a73b90078d8c kept
attributes_split_polygon_4	step	0	outcome 27 92ade705b2ada398e599a74025b7706e 92ade705b2ada398e599a74025b7706e kept
attributes_split_polygon_4	step	0	outcome 27 f4566574f2af5f955e58f984ecd691fc f4566574f2af5f955e58f984ecd691fc kept
attributes_split_polygon_4	step	0	outcome 27 f4654cdf0aaf5f955e58f989828674de f4654cdf0aaf5f955e58f989828674de kept
attributes_split_polygon_4	step	0	outcome 28 29c3ea84e403c1866d0680fb96752d34 29c3ea84e403c1866d0680fb96752d34 kept
attributes_split_polygon_4	step	0	outcome 28 29d2d1eefc03c1866d0681002c251016 29d2d1eefc03c1866d0681002c251016 kept
attributes_split_polygon_4	step	0	outcome 28 749654a4de057d82e5c5cda30eaff6ff 749654a4de057d82e5c5cda30eaff6ff kept
attributes_split_polygon_4	step	0	outcome 28 e2d9157484b8dcbe41f80e8482f718a8 e2d9157484b8dcbe41f80e8482f718a8 kept
attributes_split_polygon_4	step	0	outcome 28 e2e7fcde9cb8dcbe41f80e8918a6fb8a e2e7fcde9cb8dcbe41f80e8918a6fb8a kept
attributes_split_polygon_4	step	0	outcome 28 f003dcfb1c5785ab5e2ccaa971e3d7d9 f003dcfb1c5785ab5e2ccaa971e3d7d9 kept
attributes_split_polygon_4	step	0	outcome 28 f012c465345785ab5e2ccaae0793babb f012c465345785ab5e2ccaae0793babb kept
attributes_split_polygon_4	step	0	outcome 29 2958f71aa862bed0ba8b2c50803f2850 2958f71aa862bed0ba8b2c50803f2850 kept
attributes_split_polygon_4	step	0	outcome 29 2967de84c062bed0ba8b2c5515ef0b32 2967de84c062bed0ba8b2c5515ef0b32 kept
attributes_split_polygon_4	step	0	outcome 29 92a67350a6ada398e599a73ddadf7efd 92a67350a6ada398e599a73ddadf7efd kept
attributes_split_polygon_4	step	0	outcome 29 92b55ababeada398e599a742708f61df 92b55ababeada398e599a742708f61df kept
attributes_split_polygon_4	step	0	outcome 29 f45dd929feaf5f955e58f98737ae836d f45dd929feaf5f955e58f98737ae836d kept
attributes_split_polygon_4	step	0	outcome 29 f46cc09416af5f955e58f98bcd5e664f f46cc09416af5f955e58f98bcd5e664f kept
attributes_split_polygon_4	step	0	outcome 30 29cb5e39f003c1866d0680fde14d1ea5 29cb5e39f003c1866d0680fde14d1ea5 kept
attributes_split_polygon_4	step	0	outcome 30 29da45a40803c1866d06810276fd0187 29da45a40803c1866d06810276fd0187 kept
attributes_split_polygon_4	step	0	outcome 30 8dbc8323f395f7f6ac35f61bf5685be9 8dbc8323f395f7f6ac35f61bf5685be9 kept
attributes_split_polygon_4	step	0	outcome 30 e2e0892990b8dcbe41f80e86cdcf0a19 e2e0892990b8dcbe41f80e86cdcf0a19 kept
attributes_split_polygon_4	step	0	outcome 30 e2ef7093a8b8dcbe41f80e8b637eecfb e2ef7093a8b8dcbe41f80e8b637eecfb kept
attributes_split_polygon_4	step	0	outcome 30 effc6946105785ab5e2ccaa7270be668 effc6946105785ab5e2ccaa7270be668 kept
attributes_split_polygon_4	step	0	outcome 30 f00b50b0285785ab5e2ccaabbcbbc94a f00b50b0285785ab5e2ccaabbcbbc94a kept
attributes_split_polygon_4	step	0	outcome 31 29606acfb462bed0ba8b2c52cb1719c1 29606acfb462bed0ba8b2c52cb1719c1 kept
attributes_split_polygon_4	step	0	outcome 31 296f5239cc62bed0ba8b2c5760c6fca3 296f5239cc62bed0ba8b2c5760c6fca3 kept
attributes_split_polygon_4	step	0	outcome 31 6e8f3c5ba50efaabc964e574bc8693b6 6e8f3c5ba50efaabc964e574bc8693b6 kept
attributes_split_polygon_4	step	0	outcome 31 929eff9b9aada398e599a73b90078d8c 929eff9b9aada398e599a73b90078d8c kept
attributes_split_polygon_4	step	0	outcome 31 92ade705b2ada398e599a74025b7706e 92ade705b2ada398e599a74025b7706e kept
attributes_split_polygon_4	step	0	outcome 31 f4566574f2af5f955e58f984ecd691fc f4566574f2af5f955e58f984ecd691fc kept
attributes_split_polygon_4	step	0	outcome 31 f4654cdf0aaf5f955e58f989828674de f4654cdf0aaf5f955e58f989828674de kept
attributes_split_polygon_4	step	0	outcome 32 29c3ea84e403c1866d0680fb96752d34 29c3ea84e403c1866d0680fb96752d34 kept
attributes_split_polygon_4	step	0	outcome 32 29d2d1eefc03c1866d0681002c251016 29d2d1eefc03c1866d0681002c251016 kept
attributes_split_polygon_4	step	0	outcome 32 749654a4de057d82e5c5cda30eaff6ff 749654a4de057d82e5c5cda30eaff6ff kept
attributes_split_polygon_4	step	0	outcome 32 e2d9157484b8dcbe41f80e8482f718a8 e2d9157484b8dcbe41f80e8482f718a8 kept
attributes_split_polygon_4	step	0	outcome 32 e2e7fcde9cb8dcbe41f80e8918a6fb8a e2e7fcde9cb8dcbe41f80e8918a6fb8a kept
attributes_split_polygon_4	step	0	outcome 32 f003dcfb1c5785ab5e2ccaa971e3d7d9 f003dcfb1c5785ab5e2ccaa971e3d7d9 kept
attributes_split_polygon_4	step	0	outcome 32 f012c465345785ab5e2ccaae0793babb f012c465345785ab5e2ccaae0793babb kept
attributes_split_polygon_4	step	0	outcome 33 2958f71aa862bed0ba8b2c50803f2850 - dropped
attributes_split_polygon_4	step	0	outcome 33 2967de84c062bed0ba8b2c5515ef0b32 - dropped
attributes_split_polygon_4	step	0	outcome 33 92a67350a6ada398e599a73ddadf7efd - dropped
attributes_split_polygon_4	step	0	outcome 33 92b55ababeada398e599a742708f61df - dropped
attributes_split_polygon_4	step	0	outcome 33 f45dd929feaf5f955e58f98737ae836d - dropped
attributes_split_polygon_4	step	0	outcome 33 f46cc09416af5f955e58f98bcd5e664f - dropped
attributes_split_polygon_4	step	0	outcome 34 29cb5e39f003c1866d0680fde14d1ea5 - dropped
attributes_split_polygon_4	step	0	outcome 34 29da45a40803c1866d06810276fd0187 - dropped
attributes_split_polygon_4	step	0	outcome 34 8dbc8323f395f7f6ac35f61bf5685be9 - dropped
attributes_split_polygon_4	step	0	outcome 34 e2e0892990b8dcbe41f80e86cdcf0a19 - dropped
attributes_split_polygon_4	step	0	outcome 34 e2ef7093a8b8dcbe41f80e8b637eecfb - dropped
attributes_split_polygon_4	step	0	outcome 34 effc6946105785ab5e2ccaa7270be668 - dropped
attributes_split_polygon_4	step	0	outcome 34 f00b50b0285785ab5e2ccaabbcbbc94a - dropped
attributes_split_polygon_4	step	0	outcome 35 29606acfb462bed0ba8b2c52cb1719c1 - dropped
attributes_split_polygon_4	step	0	outcome 35 296f5239cc62bed0ba8b2c5760c6fca3 - dropped
attributes_split_polygon_4	step	0	outcome 35 6e8f3c5ba50efaabc964e574bc8693b6 - dropped
attributes_split_polygon_4	step	0	outcome 35 929eff9b9aada398e599a73b90078d8c - dropped
attributes_split_polygon_4	step	0	outcome 35 92ade705b2ada398e599a74025b7706e - dropped
attributes_split_polygon_4	step	0	outcome 35 f4566574f2af5f955e58f984ecd691fc - dropped
attributes_split_polygon_4	step	0	outcome 35 f4654cdf0aaf5f955e58f989828674de - dropped
attributes_split_polygon_4	step	0	outcome 36 29c3ea84e403c1866d0680fb96752d34 - dropped
attributes_split_polygon_4	step	0	outcome 36 29d2d1eefc03c1866d0681002c251016 - dropped
attributes_split_polygon_4	step	0	outcome 36 749654a4de057d82e5c5cda30eaff6ff - dropped
attributes_split_polygon_4	step	0	outcome 36 e2d9157484b8dcbe41f80e8482f718a8 - dropped
attributes_split_polygon_4	step	0	outcome 36 e2e7fcde9cb8dcbe41f80e8918a6fb8a - dropped
attributes_split_polygon_4	step	0	outcome 36 f003dcfb1c5785ab5e2ccaa971e3d7d9 - dropped
attributes_split_polygon_4	step	0	outcome 36 f012c465345785ab5e2ccaae0793babb - dropped
attributes_split_polygon_4	step	0	outcome 37 2958f71aa862bed0ba8b2c50803f2850 - dropped
attributes_split_polygon_4	step	0	outcome 37 2967de84c062bed0ba8b2c5515ef0b32 - dropped
attributes_split_polygon_4	step	0	outcome 37 92a67350a6ada398e599a73ddadf7efd - dropped
attributes_split_polygon_4	step	0	outcome 37 92b55ababeada398e599a742708f61df - dropped
attributes_split_polygon_4	step	0	outcome 37 f45dd929feaf5f955e58f98737ae836d - dropped
attributes_split_polygon_4	step	0	outcome 37 f46cc09416af5f955e58f98bcd5e664f - dropped
attributes_split_polygon_4	step	0	outcome 38 29cb5e39f003c1866d0680fde14d1ea5 - dropped
attributes_split_polygon_4	step	0	outcome 38 29da45a40803c1866d06810276fd0187 - dropped
attributes_split_polygon_4	step	0	outcome 38 8dbc8323f395f7f6ac35f61bf5685be9 - dropped
attributes_split_polygon_4	step	0	outcome 38 e2e0892990b8dcbe41f80e86cdcf0a19 - dropped
attributes_split_polygon_4	step	0	outcome 38 e2ef7093a8b8dcbe41f80e8b637eecfb - dropped
attributes_split_polygon_4	step	0	outcome 38 effc6946105785ab5e2ccaa7270be668 - dropped
attributes_split_polygon_4	step	0	outcome 38 f00b50b0285785ab5e2ccaabbcbbc94a - dropped
attributes_split_polygon_4	step	0	outcome 39 29606acfb462bed0ba8b2c52cb1719c1 - dropped
attributes_split_polygon_4	step	0	outcome 39 296f5239cc62bed0ba8b2c5760c6fca3 - dropped
attributes_split_polygon_4	step	0	outcome 39 6e8f3c5ba50efaabc964e574bc8693b6 - dropped
attributes_split_polygon_4	step	0	outcome 39 929eff9b9aada398e599a73b90078d8c - dropped
attributes_split_polygon_4	step	0	outcome 39 92ade705b2ada398e599a74025b7706e - dropped
attributes_split_polygon_4	step	0	outcome 39 f4566574f2af5f955e58f984ecd691fc - dropped
attributes_split_polygon_4	step	0	outcome 39 f4654cdf0aaf5f955e58f989828674de - dropped
attributes_split_polygon_4	step	0	outcome 40 29c3ea84e403c1866d0680fb96752d34 - dropped
attributes_split_polygon_4	step	0	outcome 40 29d2d1eefc03c1866d0681002c251016 - dropped
attributes_split_polygon_4	step	0	outcome 40 749654a4de057d82e5c5cda30eaff6ff - dropped
attributes_split_polygon_4	step	0	outcome 40 e2d9157484b8dcbe41f80e8482f718a8 - dropped
attributes_split_polygon_4	step	0	outcome 40 e2e7fcde9cb8dcbe41f80e8918a6fb8a - dropped
attributes_split_polygon_4	step	0	outcome 40 f003dcfb1c5785ab5e2ccaa971e3d7d9 - dropped
attributes_split_polygon_4	step	0	outcome 40 f012c465345785ab5e2ccaae0793babb - dropped
attributes_split_polygon_4	step	0	outcome 41 2958f71aa862bed0ba8b2c50803f2850 2958f71aa862bed0ba8b2c50803f2850 recomputed
attributes_split_polygon_4	step	0	outcome 41 2967de84c062bed0ba8b2c5515ef0b32 2967de84c062bed0ba8b2c5515ef0b32 recomputed
attributes_split_polygon_4	step	0	outcome 41 92a67350a6ada398e599a73ddadf7efd 92a67350a6ada398e599a73ddadf7efd recomputed
attributes_split_polygon_4	step	0	outcome 41 92b55ababeada398e599a742708f61df 92b55ababeada398e599a742708f61df recomputed
attributes_split_polygon_4	step	0	outcome 41 f45dd929feaf5f955e58f98737ae836d f45dd929feaf5f955e58f98737ae836d recomputed
attributes_split_polygon_4	step	0	outcome 41 f46cc09416af5f955e58f98bcd5e664f f46cc09416af5f955e58f98bcd5e664f recomputed
attributes_split_polygon_4	step	0	outcome 42 29cb5e39f003c1866d0680fde14d1ea5 29cb5e39f003c1866d0680fde14d1ea5 recomputed
attributes_split_polygon_4	step	0	outcome 42 29da45a40803c1866d06810276fd0187 29da45a40803c1866d06810276fd0187 recomputed
attributes_split_polygon_4	step	0	outcome 42 8dbc8323f395f7f6ac35f61bf5685be9 8dbc8323f395f7f6ac35f61bf5685be9 recomputed
attributes_split_polygon_4	step	0	outcome 42 e2e0892990b8dcbe41f80e86cdcf0a19 e2e0892990b8dcbe41f80e86cdcf0a19 recomputed
attributes_split_polygon_4	step	0	outcome 42 e2ef7093a8b8dcbe41f80e8b637eecfb e2ef7093a8b8dcbe41f80e8b637eecfb recomputed
attributes_split_polygon_4	step	0	outcome 42 effc6946105785ab5e2ccaa7270be668 effc6946105785ab5e2ccaa7270be668 recomputed
attributes_split_polygon_4	step	0	outcome 42 f00b50b0285785ab5e2ccaabbcbbc94a f00b50b0285785ab5e2ccaabbcbbc94a recomputed
attributes_split_polygon_4	step	0	outcome 43 29606acfb462bed0ba8b2c52cb1719c1 29606acfb462bed0ba8b2c52cb1719c1 recomputed
attributes_split_polygon_4	step	0	outcome 43 296f5239cc62bed0ba8b2c5760c6fca3 296f5239cc62bed0ba8b2c5760c6fca3 recomputed
attributes_split_polygon_4	step	0	outcome 43 6e8f3c5ba50efaabc964e574bc8693b6 6e8f3c5ba50efaabc964e574bc8693b6 recomputed
attributes_split_polygon_4	step	0	outcome 43 929eff9b9aada398e599a73b90078d8c 929eff9b9aada398e599a73b90078d8c recomputed
attributes_split_polygon_4	step	0	outcome 43 92ade705b2ada398e599a74025b7706e 92ade705b2ada398e599a74025b7706e recomputed
attributes_split_polygon_4	step	0	outcome 43 f4566574f2af5f955e58f984ecd691fc f4566574f2af5f955e58f984ecd691fc recomputed
attributes_split_polygon_4	step	0	outcome 43 f4654cdf0aaf5f955e58f989828674de f4654cdf0aaf5f955e58f989828674de recomputed
attributes_split_polygon_4	step	0	outcome 44 29c3ea84e403c1866d0680fb96752d34 29c3ea84e403c1866d0680fb96752d34 recomputed
attributes_split_polygon_4	step	0	outcome 44 29d2d1eefc03c1866d0681002c251016 29d2d1eefc03c1866d0681002c251016 recomputed
attributes_split_polygon_4	step	0	outcome 44 749654a4de057d82e5c5cda30eaff6ff 749654a4de057d82e5c5cda30eaff6ff recomputed
attributes_split_polygon_4	step	0	outcome 44 e2d9157484b8dcbe41f80e8482f718a8 e2d9157484b8dcbe41f80e8482f718a8 recomputed
attributes_split_polygon_4	step	0	outcome 44 e2e7fcde9cb8dcbe41f80e8918a6fb8a e2e7fcde9cb8dcbe41f80e8918a6fb8a recomputed
attributes_split_polygon_4	step	0	outcome 44 f003dcfb1c5785ab5e2ccaa971e3d7d9 f003dcfb1c5785ab5e2ccaa971e3d7d9 recomputed
attributes_split_polygon_4	step	0	outcome 44 f012c465345785ab5e2ccaae0793babb f012c465345785ab5e2ccaae0793babb recomputed
attributes_split_polygon_4	step	0	outcome 45 2958f71aa862bed0ba8b2c50803f2850 2958f71aa862bed0ba8b2c50803f2850 recomputed
attributes_split_polygon_4	step	0	outcome 45 2967de84c062bed0ba8b2c5515ef0b32 2967de84c062bed0ba8b2c5515ef0b32 recomputed
attributes_split_polygon_4	step	0	outcome 45 92a67350a6ada398e599a73ddadf7efd 92a67350a6ada398e599a73ddadf7efd recomputed
attributes_split_polygon_4	step	0	outcome 45 92b55ababeada398e599a742708f61df 92b55ababeada398e599a742708f61df recomputed
attributes_split_polygon_4	step	0	outcome 45 f45dd929feaf5f955e58f98737ae836d f45dd929feaf5f955e58f98737ae836d recomputed
attributes_split_polygon_4	step	0	outcome 45 f46cc09416af5f955e58f98bcd5e664f f46cc09416af5f955e58f98bcd5e664f recomputed
attributes_split_polygon_4	step	0	outcome 46 29cb5e39f003c1866d0680fde14d1ea5 29cb5e39f003c1866d0680fde14d1ea5 recomputed
attributes_split_polygon_4	step	0	outcome 46 29da45a40803c1866d06810276fd0187 29da45a40803c1866d06810276fd0187 recomputed
attributes_split_polygon_4	step	0	outcome 46 8dbc8323f395f7f6ac35f61bf5685be9 8dbc8323f395f7f6ac35f61bf5685be9 recomputed
attributes_split_polygon_4	step	0	outcome 46 e2e0892990b8dcbe41f80e86cdcf0a19 e2e0892990b8dcbe41f80e86cdcf0a19 recomputed
attributes_split_polygon_4	step	0	outcome 46 e2ef7093a8b8dcbe41f80e8b637eecfb e2ef7093a8b8dcbe41f80e8b637eecfb recomputed
attributes_split_polygon_4	step	0	outcome 46 effc6946105785ab5e2ccaa7270be668 effc6946105785ab5e2ccaa7270be668 recomputed
attributes_split_polygon_4	step	0	outcome 46 f00b50b0285785ab5e2ccaabbcbbc94a f00b50b0285785ab5e2ccaabbcbbc94a recomputed
attributes_split_polygon_4	step	0	outcome 47 29606acfb462bed0ba8b2c52cb1719c1 29606acfb462bed0ba8b2c52cb1719c1 recomputed
attributes_split_polygon_4	step	0	outcome 47 296f5239cc62bed0ba8b2c5760c6fca3 296f5239cc62bed0ba8b2c5760c6fca3 recomputed
attributes_split_polygon_4	step	0	outcome 47 6e8f3c5ba50efaabc964e574bc8693b6 6e8f3c5ba50efaabc964e574bc8693b6 recomputed
attributes_split_polygon_4	step	0	outcome 47 929eff9b9aada398e599a73b90078d8c 929eff9b9aada398e599a73b90078d8c recomputed
attributes_split_polygon_4	step	0	outcome 47 92ade705b2ada398e599a74025b7706e 92ade705b2ada398e599a74025b7706e recomputed
attributes_split_polygon_4	step	0	outcome 47 f4566574f2af5f955e58f984ecd691fc f4566574f2af5f955e58f984ecd691fc recomputed
attributes_split_polygon_4	step	0	outcome 47 f4654cdf0aaf5f955e58f989828674de f4654cdf0aaf5f955e58f989828674de recomputed
attributes_split_polygon_4	step	0	outcome 48 29c3ea84e403c1866d0680fb96752d34 29c3ea84e403c1866d0680fb96752d34 recomputed
attributes_split_polygon_4	step	0	outcome 48 29d2d1eefc03c1866d0681002c251016 29d2d1eefc03c1866d0681002c251016 recomputed
attributes_split_polygon_4	step	0	outcome 48 749654a4de057d82e5c5cda30eaff6ff 749654a4de057d82e5c5cda30eaff6ff recomputed
attributes_split_polygon_4	step	0	outcome 48 e2d9157484b8dcbe41f80e8482f718a8 e2d9157484b8dcbe41f80e8482f718a8 recomputed
attributes_split_polygon_4	step	0	outcome 48 e2e7fcde9cb8dcbe41f80e8918a6fb8a e2e7fcde9cb8dcbe41f80e8918a6fb8a recomputed
attributes_split_polygon_4	step	0	outcome 48 f003dcfb1c5785ab5e2ccaa971e3d7d9 f003dcfb1c5785ab5e2ccaa971e3d7d9 recomputed
attributes_split_polygon_4	step	0	outcome 48 f012c465345785ab5e2ccaae0793babb f012c465345785ab5e2ccaae0793babb recomputed
attributes_split_polygon_4	step	1	unchanged 2958f71aa862bed0ba8b2c50803f2850
attributes_split_polygon_4	step	1	unchanged 29606acfb462bed0ba8b2c52cb1719c1
attributes_split_polygon_4	step	1	unchanged 2967de84c062bed0ba8b2c5515ef0b32
attributes_split_polygon_4	step	1	unchanged 296f5239cc62bed0ba8b2c5760c6fca3
attributes_split_polygon_4	step	1	generated E29c3ea84e403c1866d0680fb96752d34 45f7a688488ba5d97adef862ddafe1cf cut_edge
attributes_split_polygon_4	step	1	generated E29c3ea84e403c1866d0680fb96752d34 a0d385a3b1edba89c41089623fa8dd54 cut_edge
attributes_split_polygon_4	step	1	split 29c3ea84e403c1866d0680fb96752d34 41957d5eb3a832729763bc7d0159f870,41cda1ce934743511650aadabff24cdb
attributes_split_polygon_4	step	1	generated E29cb5e39f003c1866d0680fde14d1ea5 b3cf3c55b3bde8d61595912517e0ef92 cut_edge
attributes_split_polygon_4	step	1	generated E29cb5e39f003c1866d0680fde14d1ea5 ce8341acacd75edb721d464246cbf24d cut_edge
attributes_split_polygon_4	step	1	split 29cb5e39f003c1866d0680fde14d1ea5 239253249037394b127b252354a147f6,d3d0fd56f064e4206381d60580e10441
attributes_split_polygon_4	step	1	generated E29d2d1eefc03c1866d0681002c251016 42ef439c084d65a6a9734bcc06e9a220 cut_edge
attributes_split_polygon_4	step	1	generated E29d2d1eefc03c1866d0681002c251016 cbd86860654e5f15e19129e73df2df77 cut_edge
attributes_split_polygon_4	step	1	split 29d2d1eefc03c1866d0681002c251016 6147ef8c5851f35e48d9f34f71b99ceb,acdfeda70e4df6e354fecc4352bd3694
attributes_split_polygon_4	step	1	generated E29da45a40803c1866d06810276fd0187 5a929bc4fe97f9982cabcc600f4ebecc cut_edge
attributes_split_polygon_4	step	1	generated E29da45a40803c1866d06810276fd0187 7241d6c94a74abaf402f59224f98323b cut_edge
attributes_split_polygon_4	step	1	split 29da45a40803c1866d06810276fd0187 09e9925f0961cc7a38e4e75b8fc7795f,caf5613549786a45a38de0ac9e25cbb0
attributes_split_polygon_4	step	1	unchanged 6e8f3c5ba50efaabc964e574bc8693b6
attributes_split_polygon_4	step	1	unchanged 749654a4de057d82e5c5cda30eaff6ff
attributes_split_polygon_4	step	1	split 8dbc8323f395f7f6ac35f61bf5685be9 03da5dd0a81b704b94a708d6c42ee5f9,4e6656bb1c5f38812b919ce0a3986c8a
attributes_split_polygon_4	step	1	unchanged 929eff9b9aada398e599a73b90078d8c
attributes_split_polygon_4	step	1	unchanged 92a67350a6ada398e599a73ddadf7efd
attributes_split_polygon_4	step	1	unchanged 92ade705b2ada398e599a74025b7706e
attributes_split_polygon_4	step	1	unchanged 92b55ababeada398e599a742708f61df
attributes_split_polygon_4	step	1	unchanged e2d9157484b8dcbe41f80e8482f718a8
attributes_split_polygon_4	step	1	unchanged e2e0892990b8dcbe41f80e86cdcf0a19
attributes_split_polygon_4	step	1	unchanged e2e7fcde9cb8dcbe41f80e8918a6fb8a
attributes_split_polygon_4	step	1	unchanged e2ef7093a8b8dcbe41f80e8b637eecfb
attributes_split_polygon_4	step	1	unchanged effc6946105785ab5e2ccaa7270be668
attributes_split_polygon_4	step	1	unchanged f003dcfb1c5785ab5e2ccaa971e3d7d9
attributes_split_polygon_4	step	1	unchanged f00b50b0285785ab5e2ccaabbcbbc94a
attributes_split_polygon_4	step	1	unchanged f012c465345785ab5e2ccaae0793babb
attributes_split_polygon_4	step	1	generated Ef4566574f2af5f955e58f984ecd691fc 0b23f7f526fb798b463d70fb75c89a7f cut_vertex
attributes_split_polygon_4	step	1	generated Ef4566574f2af5f955e58f984ecd691fc c722f43f1e6ac23a7359968afda1ef78 cut_vertex
attributes_split_polygon_4	step	1	split f4566574f2af5f955e58f984ecd691fc 5bce01e70fab4c7260fff52feb2e2f28,305dc15a2fa0101f2b5034febd89496f
attributes_split_polygon_4	step	1	generated Ef45dd929feaf5f955e58f98737ae836d 30bcb830365dbef75d9fcdf38886b479 cut_vertex
attributes_split_polygon_4	step	1	generated Ef45dd929feaf5f955e58f98737ae836d fc8e60dcfdb7f01d9c81028de7fcfc1e cut_vertex
attributes_split_polygon_4	step	1	split f45dd929feaf5f955e58f98737ae836d fa6d3a9fbb50c9403e6172e34d98e3a9,f13c350cb2fa59b0dac96d444cfba28e
attributes_split_polygon_4	step	1	generated Ef4654cdf0aaf5f955e58f989828674de 06eea318ac92c4f25ca1d2249c672fdf cut_vertex
attributes_split_polygon_4	step	1	generated Ef4654cdf0aaf5f955e58f989828674de 8f435afef6d410c53cd590c3873a372c cut_vertex
attributes_split_polygon_4	step	1	split f4654cdf0aaf5f955e58f989828674de cad1feec7d03aa695f163df0dfb6efaf,7627e233031db320562ed07bfb89eebc
attributes_split_polygon_4	step	1	generated Ef46cc09416af5f955e58f98bcd5e664f d7f3decabc4086e17ed5b349fc0e1bb6 cut_vertex
attributes_split_polygon_4	step	1	generated Ef46cc09416af5f955e58f98bcd5e664f ff096b8694f7d582caaf6be5a08d5765 cut_vertex
attributes_split_polygon_4	step	1	split f46cc09416af5f955e58f98bcd5e664f 23a26e2b66197e636d06788614c06335,6a6b6264bdee1af396761e7793c1f606
attributes_split_polygon_4	step	1	generated E29d2d1eefc03c1866d0681002c251016,E29da45a40803c1866d06810276fd0187,E29c3ea84e403c1866d0680fb96752d34,E29cb5e39f003c1866d0680fde14d1ea5 5a8d3ccb409459db66ab1ad4281a611b cut_face
attributes_split_polygon_4	step	1	generated E29d2d1eefc03c1866d0681002c251016,E29da45a40803c1866d06810276fd0187,E29c3ea84e403c1866d0680fb96752d34,E29cb5e39f003c1866d0680fde14d1ea5 f5401fc6c27692fdeb8b123991201852 cut_face
attributes_split_polygon_4	step	1	outcome 1 2958f71aa862bed0ba8b2c50803f2850 2958f71aa862bed0ba8b2c50803f2850 kept
attributes_split_polygon_4	step	1	outcome 1 2967de84c062bed0ba8b2c5515ef0b32 2967de84c062bed0ba8b2c5515ef0b32 kept
attributes_split_polygon_4	step	1	outcome 1 92a67350a6ada398e599a73ddadf7efd 92a67350a6ada398e599a73ddadf7efd kept
attributes_split_polygon_4	step	1	outcome 1 92b55ababeada398e599a742708f61df 92b55ababeada398e599a742708f61df kept
attributes_split_polygon_4	step	1	outcome 1 f45dd929feaf5f955e58f98737ae836d fa6d3a9fbb50c9403e6172e34d98e3a9,f13c350cb2fa59b0dac96d444cfba28e copied
attributes_split_polygon_4	step	1	outcome 1 f46cc09416af5f955e58f98bcd5e664f 23a26e2b66197e636d06788614c06335,6a6b6264bdee1af396761e7793c1f606 copied
attributes_split_polygon_4	step	1	outcome 2 29cb5e39f003c1866d0680fde14d1ea5 239253249037394b127b252354a147f6,d3d0fd56f064e4206381d60580e10441 copied
attributes_split_polygon_4	step	1	outcome 2 29da45a40803c1866d06810276fd0187 09e9925f0961cc7a38e4e75b8fc7795f,caf5613549786a45a38de0ac9e25cbb0 copied
attributes_split_polygon_4	step	1	outcome 2 8dbc8323f395f7f6ac35f61bf5685be9 03da5dd0a81b704b94a708d6c42ee5f9,4e6656bb1c5f38812b919ce0a3986c8a copied
attributes_split_polygon_4	step	1	outcome 2 e2e0892990b8dcbe41f80e86cdcf0a19 e2e0892990b8dcbe41f80e86cdcf0a19 kept
attributes_split_polygon_4	step	1	outcome 2 e2ef7093a8b8dcbe41f80e8b637eecfb e2ef7093a8b8dcbe41f80e8b637eecfb kept
attributes_split_polygon_4	step	1	outcome 2 effc6946105785ab5e2ccaa7270be668 effc6946105785ab5e2ccaa7270be668 kept
attributes_split_polygon_4	step	1	outcome 2 f00b50b0285785ab5e2ccaabbcbbc94a f00b50b0285785ab5e2ccaabbcbbc94a kept
attributes_split_polygon_4	step	1	outcome 3 29606acfb462bed0ba8b2c52cb1719c1 29606acfb462bed0ba8b2c52cb1719c1 kept
attributes_split_polygon_4	step	1	outcome 3 296f5239cc62bed0ba8b2c5760c6fca3 296f5239cc62bed0ba8b2c5760c6fca3 kept
attributes_split_polygon_4	step	1	outcome 3 6e8f3c5ba50efaabc964e574bc8693b6 6e8f3c5ba50efaabc964e574bc8693b6 kept
attributes_split_polygon_4	step	1	outcome 3 929eff9b9aada398e599a73b90078d8c 929eff9b9aada398e599a73b90078d8c kept
attributes_split_polygon_4	step	1	outcome 3 92ade705b2ada398e599a74025b7706e 92ade705b2ada398e599a74025b7706e kept
attributes_split_polygon_4	step	1	outcome 3 f4566574f2af5f955e58f984ecd691fc 5bce01e70fab4c7260fff52feb2e2f28,305dc15a2fa0101f2b5034febd89496f copied
attributes_split_polygon_4	step	1	outcome 3 f4654cdf0aaf5f955e58f989828674de cad1feec7d03aa695f163df0dfb6efaf,7627e233031db320562ed07bfb89eebc copied
attributes_split_polygon_4	step	1	outcome 4 29c3ea84e403c1866d0680fb96752d34 41957d5eb3a832729763bc7d0159f870,41cda1ce934743511650aadabff24cdb copied
attributes_split_polygon_4	step	1	outcome 4 29d2d1eefc03c1866d0681002c251016 6147ef8c5851f35e48d9f34f71b99ceb,acdfeda70e4df6e354fecc4352bd3694 copied
attributes_split_polygon_4	step	1	outcome 4 749654a4de057d82e5c5cda30eaff6ff 749654a4de057d82e5c5cda30eaff6ff kept
attributes_split_polygon_4	step	1	outcome 4 e2d9157484b8dcbe41f80e8482f718a8 e2d9157484b8dcbe41f80e8482f718a8 kept
attributes_split_polygon_4	step	1	outcome 4 e2e7fcde9cb8dcbe41f80e8918a6fb8a e2e7fcde9cb8dcbe41f80e8918a6fb8a kept
attributes_split_polygon_4	step	1	outcome 4 f003dcfb1c5785ab5e2ccaa971e3d7d9 f003dcfb1c5785ab5e2ccaa971e3d7d9 kept
attributes_split_polygon_4	step	1	outcome 4 f012c465345785ab5e2ccaae0793babb f012c465345785ab5e2ccaae0793babb kept
attributes_split_polygon_4	step	1	outcome 5 2958f71aa862bed0ba8b2c50803f2850 2958f71aa862bed0ba8b2c50803f2850 kept
attributes_split_polygon_4	step	1	outcome 5 2967de84c062bed0ba8b2c5515ef0b32 2967de84c062bed0ba8b2c5515ef0b32 kept
attributes_split_polygon_4	step	1	outcome 5 92a67350a6ada398e599a73ddadf7efd 92a67350a6ada398e599a73ddadf7efd kept
attributes_split_polygon_4	step	1	outcome 5 92b55ababeada398e599a742708f61df 92b55ababeada398e599a742708f61df kept
attributes_split_polygon_4	step	1	outcome 5 f45dd929feaf5f955e58f98737ae836d - dropped
attributes_split_polygon_4	step	1	outcome 5 f46cc09416af5f955e58f98bcd5e664f - dropped
attributes_split_polygon_4	step	1	outcome 6 29cb5e39f003c1866d0680fde14d1ea5 - dropped
attributes_split_polygon_4	step	1	outcome 6 29da45a40803c1866d06810276fd0187 - dropped
attributes_split_polygon_4	step	1	outcome 6 8dbc8323f395f7f6ac35f61bf5685be9 - dropped
attributes_split_polygon_4	step	1	outcome 6 e2e0892990b8dcbe41f80e86cdcf0a19 e2e0892990b8dcbe41f80e86cdcf0a19 kept
attributes_split_polygon_4	step	1	outcome 6 e2ef7093a8b8dcbe41f80e8b637eecfb e2ef7093a8b8dcbe41f80e8b637eecfb kept
attributes_split_polygon_4	step	1	outcome 6 effc6946105785ab5e2ccaa7270be668 effc6946105785ab5e2ccaa7270be668 kept
attributes_split_polygon_4	step	1	outcome 6 f00b50b0285785ab5e2ccaabbcbbc94a f00b50b0285785ab5e2ccaabbcbbc94a kept
attributes_split_polygon_4	step	1	outcome 7 29606acfb462bed0ba8b2c52cb1719c1 29606acfb462bed0ba8b2c52cb1719c1 kept
attributes_split_polygon_4	step	1	outcome 7 296f5239cc62bed0ba8b2c5760c6fca3 296f5239cc62bed0ba8b2c5760c6fca3 kept
attributes_split_polygon_4	step	1	outcome 7 6e8f3c5ba50efaabc964e574bc8693b6 6e8f3c5ba50efaabc964e574bc8693b6 kept
attributes_split_polygon_4	step	1	outcome 7 929eff9b9aada398e599a73b90078d8c 929eff9b9aada398e599a73b90078d8c kept
attributes_split_polygon_4	step	1	outcome 7 92ade705b2ada398e599a74025b7706e 92ade705b2ada398e599a74025b7706e kept
attributes_split_polygon_4	step	1	outcome 7 f4566574f2af5f955e58f984ecd691fc - dropped
attributes_split_polygon_4	step	1	outcome 7 f4654cdf0aaf5f955e58f989828674de - dropped
attributes_split_polygon_4	step	1	outcome 8 29c3ea84e403c1866d0680fb96752d34 - dropped
attributes_split_polygon_4	step	1	outcome 8 29d2d1eefc03c1866d0681002c251016 - dropped
attributes_split_polygon_4	step	1	outcome 8 749654a4de057d82e5c5cda30eaff6ff 749654a4de057d82e5c5cda30eaff6ff kept
attributes_split_polygon_4	step	1	outcome 8 e2d9157484b8dcbe41f80e8482f718a8 e2d9157484b8dcbe41f80e8482f718a8 kept
attributes_split_polygon_4	step	1	outcome 8 e2e7fcde9cb8dcbe41f80e8918a6fb8a e2e7fcde9cb8dcbe41f80e8918a6fb8a kept
attributes_split_polygon_4	step	1	outcome 8 f003dcfb1c5785ab5e2ccaa971e3d7d9 f003dcfb1c5785ab5e2ccaa971e3d7d9 kept
attributes_split_polygon_4	step	1	outcome 8 f012c465345785ab5e2ccaae0793babb f012c465345785ab5e2ccaae0793babb kept
attributes_split_polygon_4	step	1	outcome 17 2958f71aa862bed0ba8b2c50803f2850 2958f71aa862bed0ba8b2c50803f2850 kept
attributes_split_polygon_4	step	1	outcome 17 2967de84c062bed0ba8b2c5515ef0b32 2967de84c062bed0ba8b2c5515ef0b32 kept
attributes_split_polygon_4	step	1	outcome 17 92a67350a6ada398e599a73ddadf7efd 92a67350a6ada398e599a73ddadf7efd kept
attributes_split_polygon_4	step	1	outcome 17 92b55ababeada398e599a742708f61df 92b55ababeada398e599a742708f61df kept
attributes_split_polygon_4	step	1	outcome 17 f45dd929feaf5f955e58f98737ae836d fa6d3a9fbb50c9403e6172e34d98e3a9,f13c350cb2fa59b0dac96d444cfba28e copied
attributes_split_polygon_4	step	1	outcome 17 f46cc09416af5f955e58f98bcd5e664f 23a26e2b66197e636d06788614c06335,6a6b6264bdee1af396761e7793c1f606 copied
attributes_split_polygon_4	step	1	outcome 18 29cb5e39f003c1866d0680fde14d1ea5 239253249037394b127b252354a147f6,d3d0fd56f064e4206381d60580e10441 copied
attributes_split_polygon_4	step	1	outcome 18 29da45a40803c1866d06810276fd0187 09e9925f0961cc7a38e4e75b8fc7795f,caf5613549786a45a38de0ac9e25cbb0 copied
attributes_split_polygon_4	step	1	outcome 18 8dbc8323f395f7f6ac35f61bf5685be9 03da5dd0a81b704b94a708d6c42ee5f9,4e6656bb1c5f38812b919ce0a3986c8a copied
attributes_split_polygon_4	step	1	outcome 18 e2e0892990b8dcbe41f80e86cdcf0a19 e2e0892990b8dcbe41f80e86cdcf0a19 kept
attributes_split_polygon_4	step	1	outcome 18 e2ef7093a8b8dcbe41f80e8b637eecfb e2ef7093a8b8dcbe41f80e8b637eecfb kept
attributes_split_polygon_4	step	1	outcome 18 effc6946105785ab5e2ccaa7270be668 effc6946105785ab5e2ccaa7270be668 kept
attributes_split_polygon_4	step	1	outcome 18 f00b50b0285785ab5e2ccaabbcbbc94a f00b50b0285785ab5e2ccaabbcbbc94a kept
attributes_split_polygon_4	step	1	outcome 19 29606acfb462bed0ba8b2c52cb1719c1 29606acfb462bed0ba8b2c52cb1719c1 kept
attributes_split_polygon_4	step	1	outcome 19 296f5239cc62bed0ba8b2c5760c6fca3 296f5239cc62bed0ba8b2c5760c6fca3 kept
attributes_split_polygon_4	step	1	outcome 19 6e8f3c5ba50efaabc964e574bc8693b6 6e8f3c5ba50efaabc964e574bc8693b6 kept
attributes_split_polygon_4	step	1	outcome 19 929eff9b9aada398e599a73b90078d8c 929eff9b9aada398e599a73b90078d8c kept
attributes_split_polygon_4	step	1	outcome 19 92ade705b2ada398e599a74025b7706e 92ade705b2ada398e599a74025b7706e kept
attributes_split_polygon_4	step	1	outcome 19 f4566574f2af5f955e58f984ecd691fc 5bce01e70fab4c7260fff52feb2e2f28,305dc15a2fa0101f2b5034febd89496f copied
attributes_split_polygon_4	step	1	outcome 19 f4654cdf0aaf5f955e58f989828674de cad1feec7d03aa695f163df0dfb6efaf,7627e233031db320562ed07bfb89eebc copied
attributes_split_polygon_4	step	1	outcome 20 29c3ea84e403c1866d0680fb96752d34 41957d5eb3a832729763bc7d0159f870,41cda1ce934743511650aadabff24cdb copied
attributes_split_polygon_4	step	1	outcome 20 29d2d1eefc03c1866d0681002c251016 6147ef8c5851f35e48d9f34f71b99ceb,acdfeda70e4df6e354fecc4352bd3694 copied
attributes_split_polygon_4	step	1	outcome 20 749654a4de057d82e5c5cda30eaff6ff 749654a4de057d82e5c5cda30eaff6ff kept
attributes_split_polygon_4	step	1	outcome 20 e2d9157484b8dcbe41f80e8482f718a8 e2d9157484b8dcbe41f80e8482f718a8 kept
attributes_split_polygon_4	step	1	outcome 20 e2e7fcde9cb8dcbe41f80e8918a6fb8a e2e7fcde9cb8dcbe41f80e8918a6fb8a kept
attributes_split_polygon_4	step	1	outcome 20 f003dcfb1c5785ab5e2ccaa971e3d7d9 f003dcfb1c5785ab5e2ccaa971e3d7d9 kept
attributes_split_polygon_4	step	1	outcome 20 f012c465345785ab5e2ccaae0793babb f012c465345785ab5e2ccaae0793babb kept
attributes_split_polygon_4	step	1	outcome 21 2958f71aa862bed0ba8b2c50803f2850 2958f71aa862bed0ba8b2c50803f2850 kept
attributes_split_polygon_4	step	1	outcome 21 2967de84c062bed0ba8b2c5515ef0b32 2967de84c062bed0ba8b2c5515ef0b32 kept
attributes_split_polygon_4	step	1	outcome 21 92a67350a6ada398e599a73ddadf7efd 92a67350a6ada398e599a73ddadf7efd kept
attributes_split_polygon_4	step	1	outcome 21 92b55ababeada398e599a742708f61df 92b55ababeada398e599a742708f61df kept
attributes_split_polygon_4	step	1	outcome 21 f45dd929feaf5f955e58f98737ae836d - dropped
attributes_split_polygon_4	step	1	outcome 21 f46cc09416af5f955e58f98bcd5e664f - dropped
attributes_split_polygon_4	step	1	outcome 22 29cb5e39f003c1866d0680fde14d1ea5 - dropped
attributes_split_polygon_4	step	1	outcome 22 29da45a40803c1866d06810276fd0187 - dropped
attributes_split_polygon_4	step	1	outcome 22 8dbc8323f395f7f6ac35f61bf5685be9 - dropped
attributes_split_polygon_4	step	1	outcome 22 e2e0892990b8dcbe41f80e86cdcf0a19 e2e0892990b8dcbe41f80e86cdcf0a19 kept
attributes_split_polygon_4	step	1	outcome 22 e2ef7093a8b8dcbe41f80e8b637eecfb e2ef7093a8b8dcbe41f80e8b637eecfb kept
attributes_split_polygon_4	step	1	outcome 22 effc6946105785ab5e2ccaa7270be668 effc6946105785ab5e2ccaa7270be668 kept
attributes_split_polygon_4	step	1	outcome 22 f00b50b0285785ab5e2ccaabbcbbc94a f00b50b0285785ab5e2ccaabbcbbc94a kept
attributes_split_polygon_4	step	1	outcome 23 29606acfb462bed0ba8b2c52cb1719c1 29606acfb462bed0ba8b2c52cb1719c1 kept
attributes_split_polygon_4	step	1	outcome 23 296f5239cc62bed0ba8b2c5760c6fca3 296f5239cc62bed0ba8b2c5760c6fca3 kept
attributes_split_polygon_4	step	1	outcome 23 6e8f3c5ba50efaabc964e574bc8693b6 6e8f3c5ba50efaabc964e574bc8693b6 kept
attributes_split_polygon_4	step	1	outcome 23 929eff9b9aada398e599a73b90078d8c 929eff9b9aada398e599a73b90078d8c kept
attributes_split_polygon_4	step	1	outcome 23 92ade705b2ada398e599a74025b7706e 92ade705b2ada398e599a74025b7706e kept
attributes_split_polygon_4	step	1	outcome 23 f4566574f2af5f955e58f984ecd691fc - dropped
attributes_split_polygon_4	step	1	outcome 23 f4654cdf0aaf5f955e58f989828674de - dropped
attributes_split_polygon_4	step	1	outcome 24 29c3ea84e403c1866d0680fb96752d34 - dropped
attributes_split_polygon_4	step	1	outcome 24 29d2d1eefc03c1866d0681002c251016 - dropped
attributes_split_polygon_4	step	1	outcome 24 749654a4de057d82e5c5cda30eaff6ff 749654a4de057d82e5c5cda30eaff6ff kept
attributes_split_polygon_4	step	1	outcome 24 e2d9157484b8dcbe41f80e8482f718a8 e2d9157484b8dcbe41f80e8482f718a8 kept
attributes_split_polygon_4	step	1	outcome 24 e2e7fcde9cb8dcbe41f80e8918a6fb8a e2e7fcde9cb8dcbe41f80e8918a6fb8a kept
attributes_split_polygon_4	step	1	outcome 24 f003dcfb1c5785ab5e2ccaa971e3d7d9 f003dcfb1c5785ab5e2ccaa971e3d7d9 kept
attributes_split_polygon_4	step	1	outcome 24 f012c465345785ab5e2ccaae0793babb f012c465345785ab5e2ccaae0793babb kept
attributes_split_polygon_4	step	1	outcome 25 2958f71aa862bed0ba8b2c50803f2850 2958f71aa862bed0ba8b2c50803f2850 kept
attributes_split_polygon_4	step	1	outcome 25 2967de84c062bed0ba8b2c5515ef0b32 2967de84c062bed0ba8b2c5515ef0b32 kept
attributes_split_polygon_4	step	1	outcome 25 92a67350a6ada398e599a73ddadf7efd 92a67350a6ada398e599a73ddadf7efd kept
attributes_split_polygon_4	step	1	outcome 25 92b55ababeada398e599a742708f61df 92b55ababeada398e599a742708f61df kept
attributes_split_polygon_4	step	1	outcome 25 f45dd929feaf5f955e58f98737ae836d fa6d3a9fbb50c9403e6172e34d98e3a9,f13c350cb2fa59b0dac96d444cfba28e copied
attributes_split_polygon_4	step	1	outcome 25 f46cc09416af5f955e58f98bcd5e664f 23a26e2b66197e636d06788614c06335,6a6b6264bdee1af396761e7793c1f606 copied
attributes_split_polygon_4	step	1	outcome 26 29cb5e39f003c1866d0680fde14d1ea5 239253249037394b127b252354a147f6,d3d0fd56f064e4206381d60580e10441 copied
attributes_split_polygon_4	step	1	outcome 26 29da45a40803c1866d06810276fd0187 09e9925f0961cc7a38e4e75b8fc7795f,caf5613549786a45a38de0ac9e25cbb0 copied
attributes_split_polygon_4	step	1	outcome 26 8dbc8323f395f7f6ac35f61bf5685be9 03da5dd0a81b704b94a708d6c42ee5f9,4e6656bb1c5f38812b919ce0a3986c8a copied
attributes_split_polygon_4	step	1	outcome 26 e2e0892990b8dcbe41f80e86cdcf0a19 e2e0892990b8dcbe41f80e86cdcf0a19 kept
attributes_split_polygon_4	step	1	outcome 26 e2ef7093a8b8dcbe41f80e8b637eecfb e2ef7093a8b8dcbe41f80e8b637eecfb kept
attributes_split_polygon_4	step	1	outcome 26 effc6946105785ab5e2ccaa7270be668 effc6946105785ab5e2ccaa7270be668 kept
attributes_split_polygon_4	step	1	outcome 26 f00b50b0285785ab5e2ccaabbcbbc94a f00b50b0285785ab5e2ccaabbcbbc94a kept
attributes_split_polygon_4	step	1	outcome 27 29606acfb462bed0ba8b2c52cb1719c1 29606acfb462bed0ba8b2c52cb1719c1 kept
attributes_split_polygon_4	step	1	outcome 27 296f5239cc62bed0ba8b2c5760c6fca3 296f5239cc62bed0ba8b2c5760c6fca3 kept
attributes_split_polygon_4	step	1	outcome 27 6e8f3c5ba50efaabc964e574bc8693b6 6e8f3c5ba50efaabc964e574bc8693b6 kept
attributes_split_polygon_4	step	1	outcome 27 929eff9b9aada398e599a73b90078d8c 929eff9b9aada398e599a73b90078d8c kept
attributes_split_polygon_4	step	1	outcome 27 92ade705b2ada398e599a74025b7706e 92ade705b2ada398e599a74025b7706e kept
attributes_split_polygon_4	step	1	outcome 27 f4566574f2af5f955e58f984ecd691fc 5bce01e70fab4c7260fff52feb2e2f28,305dc15a2fa0101f2b5034febd89496f copied
attributes_split_polygon_4	step	1	outcome 27 f4654cdf0aaf5f955e58f989828674de cad1feec7d03aa695f163df0dfb6efaf,7627e233031db320562ed07bfb89eebc copied
attributes_split_polygon_4	step	1	outcome 28 29c3ea84e403c1866d0680fb96752d34 41957d5eb3a832729763bc7d0159f870,41cda1ce934743511650aadabff24cdb copied
attributes_split_polygon_4	step	1	outcome 28 29d2d1eefc03c1866d0681002c251016 6147ef8c5851f35e48d9f34f71b99ceb,acdfeda70e4df6e354fecc4352bd3694 copied
attributes_split_polygon_4	step	1	outcome 28 749654a4de057d82e5c5cda30eaff6ff 749654a4de057d82e5c5cda30eaff6ff kept
attributes_split_polygon_4	step	1	outcome 28 e2d9157484b8dcbe41f80e8482f718a8 e2d9157484b8dcbe41f80e8482f718a8 kept
attributes_split_polygon_4	step	1	outcome 28 e2e7fcde9cb8dcbe41f80e8918a6fb8a e2e7fcde9cb8dcbe41f80e8918a6fb8a kept
attributes_split_polygon_4	step	1	outcome 28 f003dcfb1c5785ab5e2ccaa971e3d7d9 f003dcfb1c5785ab5e2ccaa971e3d7d9 kept
attributes_split_polygon_4	step	1	outcome 28 f012c465345785ab5e2ccaae0793babb f012c465345785ab5e2ccaae0793babb kept
attributes_split_polygon_4	step	1	outcome 29 2958f71aa862bed0ba8b2c50803f2850 2958f71aa862bed0ba8b2c50803f2850 kept
attributes_split_polygon_4	step	1	outcome 29 2967de84c062bed0ba8b2c5515ef0b32 2967de84c062bed0ba8b2c5515ef0b32 kept
attributes_split_polygon_4	step	1	outcome 29 92a67350a6ada398e599a73ddadf7efd 92a67350a6ada398e599a73ddadf7efd kept
attributes_split_polygon_4	step	1	outcome 29 92b55ababeada398e599a742708f61df 92b55ababeada398e599a742708f61df kept
attributes_split_polygon_4	step	1	outcome 29 f45dd929feaf5f955e58f98737ae836d - dropped
attributes_split_polygon_4	step	1	outcome 29 f46cc09416af5f955e58f98bcd5e664f - dropped
attributes_split_polygon_4	step	1	outcome 30 29cb5e39f003c1866d0680fde14d1ea5 - dropped
attributes_split_polygon_4	step	1	outcome 30 29da45a40803c1866d06810276fd0187 - dropped
attributes_split_polygon_4	step	1	outcome 30 8dbc8323f395f7f6ac35f61bf5685be9 - dropped
attributes_split_polygon_4	step	1	outcome 30 e2e0892990b8dcbe41f80e86cdcf0a19 e2e0892990b8dcbe41f80e86cdcf0a19 kept
attributes_split_polygon_4	step	1	outcome 30 e2ef7093a8b8dcbe41f80e8b637eecfb e2ef7093a8b8dcbe41f80e8b637eecfb kept
attributes_split_polygon_4	step	1	outcome 30 effc6946105785ab5e2ccaa7270be668 effc6946105785ab5e2ccaa7270be668 kept
attributes_split_polygon_4	step	1	outcome 30 f00b50b0285785ab5e2ccaabbcbbc94a f00b50b0285785ab5e2ccaabbcbbc94a kept
attributes_split_polygon_4	step	1	outcome 31 29606acfb462bed0ba8b2c52cb1719c1 29606acfb462bed0ba8b2c52cb1719c1 kept
attributes_split_polygon_4	step	1	outcome 31 296f5239cc62bed0ba8b2c5760c6fca3 296f5239cc62bed0ba8b2c5760c6fca3 kept
attributes_split_polygon_4	step	1	outcome 31 6e8f3c5ba50efaabc964e574bc8693b6 6e8f3c5ba50efaabc964e574bc8693b6 kept
attributes_split_polygon_4	step	1	outcome 31 929eff9b9aada398e599a73b90078d8c 929eff9b9aada398e599a73b90078d8c kept
attributes_split_polygon_4	step	1	outcome 31 92ade705b2ada398e599a74025b7706e 92ade705b2ada398e599a74025b7706e kept
attributes_split_polygon_4	step	1	outcome 31 f4566574f2af5f955e58f984ecd691fc - dropped
attributes_split_polygon_4	step	1	outcome 31 f4654cdf0aaf5f955e58f989828674de - dropped
attributes_split_polygon_4	step	1	outcome 32 29c3ea84e403c1866d0680fb96752d34 - dropped
attributes_split_polygon_4	step	1	outcome 32 29d2d1eefc03c1866d0681002c251016 - dropped
attributes_split_polygon_4	step	1	outcome 32 749654a4de057d82e5c5cda30eaff6ff 749654a4de057d82e5c5cda30eaff6ff kept
attributes_split_polygon_4	step	1	outcome 32 e2d9157484b8dcbe41f80e8482f718a8 e2d9157484b8dcbe41f80e8482f718a8 kept
attributes_split_polygon_4	step	1	outcome 32 e2e7fcde9cb8dcbe41f80e8918a6fb8a e2e7fcde9cb8dcbe41f80e8918a6fb8a kept
attributes_split_polygon_4	step	1	outcome 32 f003dcfb1c5785ab5e2ccaa971e3d7d9 f003dcfb1c5785ab5e2ccaa971e3d7d9 kept
attributes_split_polygon_4	step	1	outcome 32 f012c465345785ab5e2ccaae0793babb f012c465345785ab5e2ccaae0793babb kept
attributes_split_polygon_4	step	1	outcome 41 2958f71aa862bed0ba8b2c50803f2850 2958f71aa862bed0ba8b2c50803f2850 kept
attributes_split_polygon_4	step	1	outcome 41 2967de84c062bed0ba8b2c5515ef0b32 2967de84c062bed0ba8b2c5515ef0b32 kept
attributes_split_polygon_4	step	1	outcome 41 92a67350a6ada398e599a73ddadf7efd 92a67350a6ada398e599a73ddadf7efd kept
attributes_split_polygon_4	step	1	outcome 41 92b55ababeada398e599a742708f61df 92b55ababeada398e599a742708f61df kept
attributes_split_polygon_4	step	1	outcome 41 f45dd929feaf5f955e58f98737ae836d fa6d3a9fbb50c9403e6172e34d98e3a9,f13c350cb2fa59b0dac96d444cfba28e copied
attributes_split_polygon_4	step	1	outcome 41 f46cc09416af5f955e58f98bcd5e664f 23a26e2b66197e636d06788614c06335,6a6b6264bdee1af396761e7793c1f606 copied
attributes_split_polygon_4	step	1	outcome 42 29cb5e39f003c1866d0680fde14d1ea5 239253249037394b127b252354a147f6,d3d0fd56f064e4206381d60580e10441 copied
attributes_split_polygon_4	step	1	outcome 42 29da45a40803c1866d06810276fd0187 09e9925f0961cc7a38e4e75b8fc7795f,caf5613549786a45a38de0ac9e25cbb0 copied
attributes_split_polygon_4	step	1	outcome 42 8dbc8323f395f7f6ac35f61bf5685be9 03da5dd0a81b704b94a708d6c42ee5f9,4e6656bb1c5f38812b919ce0a3986c8a copied
attributes_split_polygon_4	step	1	outcome 42 e2e0892990b8dcbe41f80e86cdcf0a19 e2e0892990b8dcbe41f80e86cdcf0a19 kept
attributes_split_polygon_4	step	1	outcome 42 e2ef7093a8b8dcbe41f80e8b637eecfb e2ef7093a8b8dcbe41f80e8b637eecfb kept
attributes_split_polygon_4	step	1	outcome 42 effc6946105785ab5e2ccaa7270be668 effc6946105785ab5e2ccaa7270be668 kept
attributes_split_polygon_4	step	1	outcome 42 f00b50b0285785ab5e2ccaabbcbbc94a f00b50b0285785ab5e2ccaabbcbbc94a kept
attributes_split_polygon_4	step	1	outcome 43 29606acfb462bed0ba8b2c52cb1719c1 29606acfb462bed0ba8b2c52cb1719c1 kept
attributes_split_polygon_4	step	1	outcome 43 296f5239cc62bed0ba8b2c5760c6fca3 296f5239cc62bed0ba8b2c5760c6fca3 kept
attributes_split_polygon_4	step	1	outcome 43 6e8f3c5ba50efaabc964e574bc8693b6 6e8f3c5ba50efaabc964e574bc8693b6 kept
attributes_split_polygon_4	step	1	outcome 43 929eff9b9aada398e599a73b90078d8c 929eff9b9aada398e599a73b90078d8c kept
attributes_split_polygon_4	step	1	outcome 43 92ade705b2ada398e599a74025b7706e 92ade705b2ada398e599a74025b7706e kept
attributes_split_polygon_4	step	1	outcome 43 f4566574f2af5f955e58f984ecd691fc 5bce01e70fab4c7260fff52feb2e2f28,305dc15a2fa0101f2b5034febd89496f copied
attributes_split_polygon_4	step	1	outcome 43 f4654cdf0aaf5f955e58f989828674de cad1feec7d03aa695f163df0dfb6efaf,7627e233031db320562ed07bfb89eebc copied
attributes_split_polygon_4	step	1	outcome 44 29c3ea84e403c1866d0680fb96752d34 41957d5eb3a832729763bc7d0159f870,41cda1ce934743511650aadabff24cdb copied
attributes_split_polygon_4	step	1	outcome 44 29d2d1eefc03c1866d0681002c251016 6147ef8c5851f35e48d9f34f71b99ceb,acdfeda70e4df6e354fecc4352bd3694 copied
attributes_split_polygon_4	step	1	outcome 44 749654a4de057d82e5c5cda30eaff6ff 749654a4de057d82e5c5cda30eaff6ff kept
attributes_split_polygon_4	step	1	outcome 44 e2d9157484b8dcbe41f80e8482f718a8 e2d9157484b8dcbe41f80e8482f718a8 kept
attributes_split_polygon_4	step	1	outcome 44 e2e7fcde9cb8dcbe41f80e8918a6fb8a e2e7fcde9cb8dcbe41f80e8918a6fb8a kept
attributes_split_polygon_4	step	1	outcome 44 f003dcfb1c5785ab5e2ccaa971e3d7d9 f003dcfb1c5785ab5e2ccaa971e3d7d9 kept
attributes_split_polygon_4	step	1	outcome 44 f012c465345785ab5e2ccaae0793babb f012c465345785ab5e2ccaae0793babb kept
attributes_split_polygon_4	step	1	outcome 45 2958f71aa862bed0ba8b2c50803f2850 2958f71aa862bed0ba8b2c50803f2850 kept
attributes_split_polygon_4	step	1	outcome 45 2967de84c062bed0ba8b2c5515ef0b32 2967de84c062bed0ba8b2c5515ef0b32 kept
attributes_split_polygon_4	step	1	outcome 45 92a67350a6ada398e599a73ddadf7efd 92a67350a6ada398e599a73ddadf7efd kept
attributes_split_polygon_4	step	1	outcome 45 92b55ababeada398e599a742708f61df 92b55ababeada398e599a742708f61df kept
attributes_split_polygon_4	step	1	outcome 45 f45dd929feaf5f955e58f98737ae836d - dropped
attributes_split_polygon_4	step	1	outcome 45 f46cc09416af5f955e58f98bcd5e664f - dropped
attributes_split_polygon_4	step	1	outcome 46 29cb5e39f003c1866d0680fde14d1ea5 - dropped
attributes_split_polygon_4	step	1	outcome 46 29da45a40803c1866d06810276fd0187 - dropped
attributes_split_polygon_4	step	1	outcome 46 8dbc8323f395f7f6ac35f61bf5685be9 - dropped
attributes_split_polygon_4	step	1	outcome 46 e2e0892990b8dcbe41f80e86cdcf0a19 e2e0892990b8dcbe41f80e86cdcf0a19 kept
attributes_split_polygon_4	step	1	outcome 46 e2ef7093a8b8dcbe41f80e8b637eecfb e2ef7093a8b8dcbe41f80e8b637eecfb kept
attributes_split_polygon_4	step	1	outcome 46 effc6946105785ab5e2ccaa7270be668 effc6946105785ab5e2ccaa7270be668 kept
attributes_split_polygon_4	step	1	outcome 46 f00b50b0285785ab5e2ccaabbcbbc94a f00b50b0285785ab5e2ccaabbcbbc94a kept
attributes_split_polygon_4	step	1	outcome 47 29606acfb462bed0ba8b2c52cb1719c1 29606acfb462bed0ba8b2c52cb1719c1 kept
attributes_split_polygon_4	step	1	outcome 47 296f5239cc62bed0ba8b2c5760c6fca3 296f5239cc62bed0ba8b2c5760c6fca3 kept
attributes_split_polygon_4	step	1	outcome 47 6e8f3c5ba50efaabc964e574bc8693b6 6e8f3c5ba50efaabc964e574bc8693b6 kept
attributes_split_polygon_4	step	1	outcome 47 929eff9b9aada398e599a73b90078d8c 929eff9b9aada398e599a73b90078d8c kept
attributes_split_polygon_4	step	1	outcome 47 92ade705b2ada398e599a74025b7706e 92ade705b2ada398e599a74025b7706e kept
attributes_split_polygon_4	step	1	outcome 47 f4566574f2af5f955e58f984ecd691fc - dropped
attributes_split_polygon_4	step	1	outcome 47 f4654cdf0aaf5f955e58f989828674de - dropped
attributes_split_polygon_4	step	1	outcome 48 29c3ea84e403c1866d0680fb96752d34 - dropped
attributes_split_polygon_4	step	1	outcome 48 29d2d1eefc03c1866d0681002c251016 - dropped
attributes_split_polygon_4	step	1	outcome 48 749654a4de057d82e5c5cda30eaff6ff 749654a4de057d82e5c5cda30eaff6ff kept
attributes_split_polygon_4	step	1	outcome 48 e2d9157484b8dcbe41f80e8482f718a8 e2d9157484b8dcbe41f80e8482f718a8 kept
attributes_split_polygon_4	step	1	outcome 48 e2e7fcde9cb8dcbe41f80e8918a6fb8a e2e7fcde9cb8dcbe41f80e8918a6fb8a kept
attributes_split_polygon_4	step	1	outcome 48 f003dcfb1c5785ab5e2ccaa971e3d7d9 f003dcfb1c5785ab5e2ccaa971e3d7d9 kept
attributes_split_polygon_4	step	1	outcome 48 f012c465345785ab5e2ccaae0793babb f012c465345785ab5e2ccaae0793babb kept
attributes_split_polygon_4	step	2	deleted 06eea318ac92c4f25ca1d2249c672fdf
attributes_split_polygon_4	step	2	deleted 0b23f7f526fb798b463d70fb75c89a7f
attributes_split_polygon_4	step	2	unchanged 2958f71aa862bed0ba8b2c50803f2850
attributes_split_polygon_4	step	2	unchanged 29606acfb462bed0ba8b2c52cb1719c1
attributes_split_polygon_4	step	2	unchanged 2967de84c062bed0ba8b2c5515ef0b32
attributes_split_polygon_4	step	2	unchanged 296f5239cc62bed0ba8b2c5760c6fca3
attributes_split_polygon_4	step	2	deleted 30bcb830365dbef75d9fcdf38886b479
attributes_split_polygon_4	step	2	deleted 42ef439c084d65a6a9734bcc06e9a220
attributes_split_polygon_4	step	2	deleted 45f7a688488ba5d97adef862ddafe1cf
attributes_split_polygon_4	step	2	deleted 5a8d3ccb409459db66ab1ad4281a611b
attributes_split_polygon_4	step	2	deleted 5a929bc4fe97f9982cabcc600f4ebecc
attributes_split_polygon_4	step	2	unchanged 6e8f3c5ba50efaabc964e574bc8693b6
attributes_split_polygon_4	step	2	deleted 7241d6c94a74abaf402f59224f98323b
attributes_split_polygon_4	step	2	unchanged 749654a4de057d82e5c5cda30eaff6ff
attributes_split_polygon_4	step	2	deleted 8f435afef6d410c53cd590c3873a372c
attributes_split_polygon_4	step	2	unchanged 929eff9b9aada398e599a73b90078d8c
attributes_split_polygon_4	step	2	unchanged 92a67350a6ada398e599a73ddadf7efd
attributes_split_polygon_4	step	2	unchanged 92ade705b2ada398e599a74025b7706e
attributes_split_polygon_4	step	2	unchanged 92b55ababeada398e599a742708f61df
attributes_split_polygon_4	step	2	deleted a0d385a3b1edba89c41089623fa8dd54
attributes_split_polygon_4	step	2	deleted b3cf3c55b3bde8d61595912517e0ef92
attributes_split_polygon_4	step	2	deleted c722f43f1e6ac23a7359968afda1ef78
attributes_split_polygon_4	step	2	deleted cbd86860654e5f15e19129e73df2df77
attributes_split_polygon_4	step	2	deleted ce8341acacd75edb721d464246cbf24d
attributes_split_polygon_4	step	2	deleted d7f3decabc4086e17ed5b349fc0e1bb6
attributes_split_polygon_4	step	2	unchanged e2d9157484b8dcbe41f80e8482f718a8
attributes_split_polygon_4	step	2	unchanged e2e0892990b8dcbe41f80e86cdcf0a19
attributes_split_polygon_4	step	2	unchanged e2e7fcde9cb8dcbe41f80e8918a6fb8a
attributes_split_polygon_4	step	2	unchanged e2ef7093a8b8dcbe41f80e8b637eecfb
attributes_split_polygon_4	step	2	unchanged effc6946105785ab5e2ccaa7270be668
attributes_split_polygon_4	step	2	unchanged f003dcfb1c5785ab5e2ccaa971e3d7d9
attributes_split_polygon_4	step	2	unchanged f00b50b0285785ab5e2ccaabbcbbc94a
attributes_split_polygon_4	step	2	unchanged f012c465345785ab5e2ccaae0793babb
attributes_split_polygon_4	step	2	deleted f5401fc6c27692fdeb8b123991201852
attributes_split_polygon_4	step	2	deleted fc8e60dcfdb7f01d9c81028de7fcfc1e
attributes_split_polygon_4	step	2	deleted ff096b8694f7d582caaf6be5a08d5765
attributes_split_polygon_4	step	2	merged 03da5dd0a81b704b94a708d6c42ee5f9,4e6656bb1c5f38812b919ce0a3986c8a f2864cd00a19447729fae97f6cae79f5
attributes_split_polygon_4	step	2	merged 09e9925f0961cc7a38e4e75b8fc7795f,caf5613549786a45a38de0ac9e25cbb0 08e0c0573f1978ca434a5053805e9a22
attributes_split_polygon_4	step	2	merged 239253249037394b127b252354a147f6,d3d0fd56f064e4206381d60580e10441 dbc01e56cf68503727427ee741a06b23
attributes_split_polygon_4	step	2	merged 23a26e2b66197e636d06788614c06335,6a6b6264bdee1af396761e7793c1f606 0ea6ca517a70439cb29b136c82889c73
attributes_split_polygon_4	step	2	merged 41957d5eb3a832729763bc7d0159f870,41cda1ce934743511650aadabff24cdb fafcc0d2742ec527d080d3d8708d9796
attributes_split_polygon_4	step	2	merged 5bce01e70fab4c7260fff52feb2e2f28,305dc15a2fa0101f2b5034febd89496f d4ac1c2fa533cbcbe3e36713e8447e51
attributes_split_polygon_4	step	2	merged 6147ef8c5851f35e48d9f34f71b99ceb,acdfeda70e4df6e354fecc4352bd3694 22d4e4ed319c24ffa8049fe489181c92
attributes_split_polygon_4	step	2	merged cad1feec7d03aa695f163df0dfb6efaf,7627e233031db320562ed07bfb89eebc ba52bb57256ef81335549827a74e41f5
attributes_split_polygon_4	step	2	merged fa6d3a9fbb50c9403e6172e34d98e3a9,f13c350cb2fa59b0dac96d444cfba28e cb3dd2974ba2693cbd7c31db0d897123
attributes_split_polygon_4	step	2	outcome 1 23a26e2b66197e636d06788614c06335 0ea6ca517a70439cb29b136c82889c73 kept
attributes_split_polygon_4	step	2	outcome 1 2958f71aa862bed0ba8b2c50803f2850 2958f71aa862bed0ba8b2c50803f2850 kept
attributes_split_polygon_4	step	2	outcome 1 2967de84c062bed0ba8b2c5515ef0b32 2967de84c062bed0ba8b2c5515ef0b32 kept
attributes_split_polygon_4	step	2	outcome 1 6a6b6264bdee1af396761e7793c1f606 0ea6ca517a70439cb29b136c82889c73 kept
attributes_split_polygon_4	step	2	outcome 1 92a67350a6ada398e599a73ddadf7efd 92a67350a6ada398e599a73ddadf7efd kept
attributes_split_polygon_4	step	2	outcome 1 92b55ababeada398e599a742708f61df 92b55ababeada398e599a742708f61df kept
attributes_split_polygon_4	step	2	outcome 1 f13c350cb2fa59b0dac96d444cfba28e cb3dd2974ba2693cbd7c31db0d897123 kept
attributes_split_polygon_4	step	2	outcome 1 fa6d3a9fbb50c9403e6172e34d98e3a9 cb3dd2974ba2693cbd7c31db0d897123 kept
attributes_split_polygon_4	step	2	outcome 2 03da5dd0a81b704b94a708d6c42ee5f9 f2864cd00a19447729fae97f6cae79f5 kept
attributes_split_polygon_4	step	2	outcome 2 09e9925f0961cc7a38e4e75b8fc7795f 08e0c0573f1978ca434a5053805e9a22 kept
attributes_split_polygon_4	step	2	outcome 2 239253249037394b127b252354a147f6 dbc01e56cf68503727427ee741a06b23 kept
attributes_split_polygon_4	step	2	outcome 2 4e6656bb1c5f38812b919ce0a3986c8a f2864cd00a19447729fae97f6cae79f5 kept
attributes_split_polygon_4	step	2	outcome 2 caf5613549786a45a38de0ac9e25cbb0 08e0c0573f1978ca434a5053805e9a22 kept
attributes_split_polygon_4	step	2	outcome 2 d3d0fd56f064e4206381d60580e10441 dbc01e56cf68503727427ee741a06b23 kept
attributes_split_polygon_4	step	2	outcome 2 e2e0892990b8dcbe41f80e86cdcf0a19 e2e0892990b8dcbe41f80e86cdcf0a19 kept
attributes_split_polygon_4	step	2	outcome 2 e2ef7093a8b8dcbe41f80e8b637eecfb e2ef7093a8b8dcbe41f80e8b637eecfb kept
attributes_split_polygon_4	step	2	outcome 2 effc6946105785ab5e2ccaa7270be668 effc6946105785ab5e2ccaa7270be668 kept
attributes_split_polygon_4	step	2	outcome 2 f00b50b0285785ab5e2ccaabbcbbc94a f00b50b0285785ab5e2ccaabbcbbc94a kept
attributes_split_polygon_4	step	2	outcome 3 29606acfb462bed0ba8b2c52cb1719c1 29606acfb462bed0ba8b2c52cb1719c1 kept
attributes_split_polygon_4	step	2	outcome 3 296f5239cc62bed0ba8b2c5760c6fca3 296f5239cc62bed0ba8b2c5760c6fca3 kept
attributes_split_polygon_4	step	2	outcome 3 305dc15a2fa0101f2b5034febd89496f - dropped
attributes_split_polygon_4	step	2	outcome 3 5bce01e70fab4c7260fff52feb2e2f28 - dropped
attributes_split_polygon_4	step	2	outcome 3 6e8f3c5ba50efaabc964e574bc8693b6 6e8f3c5ba50efaabc964e574bc8693b6 kept
attributes_split_polygon_4	step	2	outcome 3 7627e233031db320562ed07bfb89eebc - dropped
attributes_split_polygon_4	step	2	outcome 3 929eff9b9aada398e599a73b90078d8c 929eff9b9aada398e599a73b90078d8c kept
attributes_split_polygon_4	step	2	outcome 3 92ade705b2ada398e599a74025b7706e 92ade705b2ada398e599a74025b7706e kept
attributes_split_polygon_4	step	2	outcome 3 cad1feec7d03aa695f163df0dfb6efaf - dropped
attributes_split_polygon_4	step	2	outcome 4 41957d5eb3a832729763bc7d0159f870 - dropped
attributes_split_polygon_4	step	2	outcome 4 41cda1ce934743511650aadabff24cdb - dropped
attributes_split_polygon_4	step	2	outcome 4 6147ef8c5851f35e48d9f34f71b99ceb - dropped
attributes_split_polygon_4	step	2	outcome 4 749654a4de057d82e5c5cda30eaff6ff 749654a4de057d82e5c5cda30eaff6ff kept
attributes_split_polygon_4	step	2	outcome 4 acdfeda70e4df6e354fecc4352bd3694 - dropped
attributes_split_polygon_4	step	2	outcome 4 e2d9157484b8dcbe41f80e8482f718a8 e2d9157484b8dcbe41f80e8482f718a8 kept
attributes_split_polygon_4	step	2	outcome 4 e2e7fcde9cb8dcbe41f80e8918a6fb8a e2e7fcde9cb8dcbe41f80e8918a6fb8a kept
attributes_split_polygon_4	step	2	outcome 4 f003dcfb1c5785ab5e2ccaa971e3d7d9 f003dcfb1c5785ab5e2ccaa971e3d7d9 kept
attributes_split_polygon_4	step	2	outcome 4 f012c465345785ab5e2ccaae0793babb f012c465345785ab5e2ccaae0793babb kept
attributes_split_polygon_4	step	2	outcome 5 2958f71aa862bed0ba8b2c50803f2850 2958f71aa862bed0ba8b2c50803f2850 kept
attributes_split_polygon_4	step	2	outcome 5 2967de84c062bed0ba8b2c5515ef0b32 2967de84c062bed0ba8b2c5515ef0b32 kept
attributes_split_polygon_4	step	2	outcome 5 92a67350a6ada398e599a73ddadf7efd 92a67350a6ada398e599a73ddadf7efd kept
attributes_split_polygon_4	step	2	outcome 5 92b55ababeada398e599a742708f61df 92b55ababeada398e599a742708f61df kept
attributes_split_polygon_4	step	2	outcome 6 e2e0892990b8dcbe41f80e86cdcf0a19 e2e0892990b8dcbe41f80e86cdcf0a19 kept
attributes_split_polygon_4	step	2	outcome 6 e2ef7093a8b8dcbe41f80e8b637eecfb e2ef7093a8b8dcbe41f80e8b637eecfb kept
attributes_split_polygon_4	step	2	outcome 6 effc6946105785ab5e2ccaa7270be668 effc6946105785ab5e2ccaa7270be668 kept
attributes_split_polygon_4	step	2	outcome 6 f00b50b0285785ab5e2ccaabbcbbc94a f00b50b0285785ab5e2ccaabbcbbc94a kept
attributes_split_polygon_4	step	2	outcome 7 29606acfb462bed0ba8b2c52cb1719c1 29606acfb462bed0ba8b2c52cb1719c1 kept
attributes_split_polygon_4	step	2	outcome 7 296f5239cc62bed0ba8b2c5760c6fca3 296f5239cc62bed0ba8b2c5760c6fca3 kept
attributes_split_polygon_4	step	2	outcome 7 6e8f3c5ba50efaabc964e574bc8693b6 6e8f3c5ba50efaabc964e574bc8693b6 kept
attributes_split_polygon_4	step	2	outcome 7 929eff9b9aada398e599a73b90078d8c 929eff9b9aada398e599a73b90078d8c kept
attributes_split_polygon_4	step	2	outcome 7 92ade705b2ada398e599a74025b7706e 92ade705b2ada398e599a74025b7706e kept
attributes_split_polygon_4	step	2	outcome 8 749654a4de057d82e5c5cda30eaff6ff 749654a4de057d82e5c5cda30eaff6ff kept
attributes_split_polygon_4	step	2	outcome 8 e2d9157484b8dcbe41f80e8482f718a8 e2d9157484b8dcbe41f80e8482f718a8 kept
attributes_split_polygon_4	step	2	outcome 8 e2e7fcde9cb8dcbe41f80e8918a6fb8a e2e7fcde9cb8dcbe41f80e8918a6fb8a kept
attributes_split_polygon_4	step	2	outcome 8 f003dcfb1c5785ab5e2ccaa971e3d7d9 f003dcfb1c5785ab5e2ccaa971e3d7d9 kept
attributes_split_polygon_4	step	2	outcome 8 f012c465345785ab5e2ccaae0793babb f012c465345785ab5e2ccaae0793babb kept
attributes_split_polygon_4	step	2	outcome 17 23a26e2b66197e636d06788614c06335 0ea6ca517a70439cb29b136c82889c73 kept
attributes_split_polygon_4	step	2	outcome 17 2958f71aa862bed0ba8b2c50803f2850 2958f71aa862bed0ba8b2c50803f2850 kept
attributes_split_polygon_4	step	2	outcome 17 2967de84c062bed0ba8b2c5515ef0b32 2967de84c062bed0ba8b2c5515ef0b32 kept
attributes_split_polygon_4	step	2	outcome 17 6a6b6264bdee1af396761e7793c1f606 0ea6ca517a70439cb29b136c82889c73 kept
attributes_split_polygon_4	step	2	outcome 17 92a67350a6ada398e599a73ddadf7efd 92a67350a6ada398e599a73ddadf7efd kept
attributes_split_polygon_4	step	2	outcome 17 92b55ababeada398e599a742708f61df 92b55ababeada398e599a742708f61df kept
attributes_split_polygon_4	step	2	outcome 17 f13c350cb2fa59b0dac96d444cfba28e cb3dd2974ba2693cbd7c31db0d897123 kept
attributes_split_polygon_4	step	2	outcome 17 fa6d3a9fbb50c9403e6172e34d98e3a9 cb3dd2974ba2693cbd7c31db0d897123 kept
attributes_split_polygon_4	step	2	outcome 18 03da5dd0a81b704b94a708d6c42ee5f9 f2864cd00a19447729fae97f6cae79f5 kept
attributes_split_polygon_4	step	2	outcome 18 09e9925f0961cc7a38e4e75b8fc7795f 08e0c0573f1978ca434a5053805e9a22 kept
attributes_split_polygon_4	step	2	outcome 18 239253249037394b127b252354a147f6 dbc01e56cf68503727427ee741a06b23 kept
attributes_split_polygon_4	step	2	outcome 18 4e6656bb1c5f38812b919ce0a3986c8a f2864cd00a19447729fae97f6cae79f5 kept
attributes_split_polygon_4	step	2	outcome 18 caf5613549786a45a38de0ac9e25cbb0 08e0c0573f1978ca434a5053805e9a22 kept
attributes_split_polygon_4	step	2	outcome 18 d3d0fd56f064e4206381d60580e10441 dbc01e56cf68503727427ee741a06b23 kept
attributes_split_polygon_4	step	2	outcome 18 e2e0892990b8dcbe41f80e86cdcf0a19 e2e0892990b8dcbe41f80e86cdcf0a19 kept
attributes_split_polygon_4	step	2	outcome 18 e2ef7093a8b8dcbe41f80e8b637eecfb e2ef7093a8b8dcbe41f80e8b637eecfb kept
attributes_split_polygon_4	step	2	outcome 18 effc6946105785ab5e2ccaa7270be668 effc6946105785ab5e2ccaa7270be668 kept
attributes_split_polygon_4	step	2	outcome 18 f00b50b0285785ab5e2ccaabbcbbc94a f00b50b0285785ab5e2ccaabbcbbc94a kept
attributes_split_polygon_4	step	2	outcome 19 29606acfb462bed0ba8b2c52cb1719c1 29606acfb462bed0ba8b2c52cb1719c1 kept
attributes_split_polygon_4	step	2	outcome 19 296f5239cc62bed0ba8b2c5760c6fca3 296f5239cc62bed0ba8b2c5760c6fca3 kept
attributes_split_polygon_4	step	2	outcome 19 305dc15a2fa0101f2b5034febd89496f - dropped
attributes_split_polygon_4	step	2	outcome 19 5bce01e70fab4c7260fff52feb2e2f28 - dropped
attributes_split_polygon_4	step	2	outcome 19 6e8f3c5ba50efaabc964e574bc8693b6 6e8f3c5ba50efaabc964e574bc8693b6 kept
attributes_split_polygon_4	step	2	outcome 19 7627e233031db320562ed07bfb89eebc - dropped
attributes_split_polygon_4	step	2	outcome 19 929eff9b9aada398e599a73b90078d8c 929eff9b9aada398e599a73b90078d8c kept
attributes_split_polygon_4	step	2	outcome 19 92ade705b2ada398e599a74025b7706e 92ade705b2ada398e599a74025b7706e kept
attributes_split_polygon_4	step	2	outcome 19 cad1feec7d03aa695f163df0dfb6efaf - dropped
attributes_split_polygon_4	step	2	outcome 20 41957d5eb3a832729763bc7d0159f870 - dropped
attributes_split_polygon_4	step	2	outcome 20 41cda1ce934743511650aadabff24cdb - dropped
attributes_split_polygon_4	step	2	outcome 20 6147ef8c5851f35e48d9f34f71b99ceb - dropped
attributes_split_polygon_4	step	2	outcome 20 749654a4de057d82e5c5cda30eaff6ff 749654a4de057d82e5c5cda30eaff6ff kept
attributes_split_polygon_4	step	2	outcome 20 acdfeda70e4df6e354fecc4352bd3694 - dropped
attributes_split_polygon_4	step	2	outcome 20 e2d9157484b8dcbe41f80e8482f718a8 e2d9157484b8dcbe41f80e8482f718a8 kept
attributes_split_polygon_4	step	2	outcome 20 e2e7fcde9cb8dcbe41f80e8918a6fb8a e2e7fcde9cb8dcbe41f80e8918a6fb8a kept
attributes_split_polygon_4	step	2	outcome 20 f003dcfb1c5785ab5e2ccaa971e3d7d9 f003dcfb1c5785ab5e2ccaa971e3d7d9 kept
attributes_split_polygon_4	step	2	outcome 20 f012c465345785ab5e2ccaae0793babb f012c465345785ab5e2ccaae0793babb kept
attributes_split_polygon_4	step	2	outcome 21 2958f71aa862bed0ba8b2c50803f2850 2958f71aa862bed0ba8b2c50803f2850 kept
attributes_split_polygon_4	step	2	outcome 21 2967de84c062bed0ba8b2c5515ef0b32 2967de84c062bed0ba8b2c5515ef0b32 kept
attributes_split_polygon_4	step	2	outcome 21 92a67350a6ada398e599a73ddadf7efd 92a67350a6ada398e599a73ddadf7efd kept
attributes_split_polygon_4	step	2	outcome 21 92b55ababeada398e599a742708f61df 92b55ababeada398e599a742708f61df kept
attributes_split_polygon_4	step	2	outcome 22 e2e0892990b8dcbe41f80e86cdcf0a19 e2e0892990b8dcbe41f80e86cdcf0a19 kept
attributes_split_polygon_4	step	2	outcome 22 e2ef7093a8b8dcbe41f80e8b637eecfb e2ef7093a8b8dcbe41f80e8b637eecfb kept
attributes_split_polygon_4	step	2	outcome 22 effc6946105785ab5e2ccaa7270be668 effc6946105785ab5e2ccaa7270be668 kept
attributes_split_polygon_4	step	2	outcome 22 f00b50b0285785ab5e2ccaabbcbbc94a f00b50b0285785ab5e2ccaabbcbbc94a kept
attributes_split_polygon_4	step	2	outcome 23 29606acfb462bed0ba8b2c52cb1719c1 29606acfb462bed0ba8b2c52cb1719c1 kept
attributes_split_polygon_4	step	2	outcome 23 296f5239cc62bed0ba8b2c5760c6fca3 296f5239cc62bed0ba8b2c5760c6fca3 kept
attributes_split_polygon_4	step	2	outcome 23 6e8f3c5ba50efaabc964e574bc8693b6 6e8f3c5ba50efaabc964e574bc8693b6 kept
attributes_split_polygon_4	step	2	outcome 23 929eff9b9aada398e599a73b90078d8c 929eff9b9aada398e599a73b90078d8c kept
attributes_split_polygon_4	step	2	outcome 23 92ade705b2ada398e599a74025b7706e 92ade705b2ada398e599a74025b7706e kept
attributes_split_polygon_4	step	2	outcome 24 749654a4de057d82e5c5cda30eaff6ff 749654a4de057d82e5c5cda30eaff6ff kept
attributes_split_polygon_4	step	2	outcome 24 e2d9157484b8dcbe41f80e8482f718a8 e2d9157484b8dcbe41f80e8482f718a8 kept
attributes_split_polygon_4	step	2	outcome 24 e2e7fcde9cb8dcbe41f80e8918a6fb8a e2e7fcde9cb8dcbe41f80e8918a6fb8a kept
attributes_split_polygon_4	step	2	outcome 24 f003dcfb1c5785ab5e2ccaa971e3d7d9 f003dcfb1c5785ab5e2ccaa971e3d7d9 kept
attributes_split_polygon_4	step	2	outcome 24 f012c465345785ab5e2ccaae0793babb f012c465345785ab5e2ccaae0793babb kept
attributes_split_polygon_4	step	2	outcome 25 23a26e2b66197e636d06788614c06335 0ea6ca517a70439cb29b136c82889c73 kept
attributes_split_polygon_4	step	2	outcome 25 2958f71aa862bed0ba8b2c50803f2850 2958f71aa862bed0ba8b2c50803f2850 kept
attributes_split_polygon_4	step	2	outcome 25 2967de84c062bed0ba8b2c5515ef0b32 2967de84c062bed0ba8b2c5515ef0b32 kept
attributes_split_polygon_4	step	2	outcome 25 6a6b6264bdee1af396761e7793c1f606 0ea6ca517a70439cb29b136c82889c73 kept
attributes_split_polygon_4	step	2	outcome 25 92a67350a6ada398e599a73ddadf7efd 92a67350a6ada398e599a73ddadf7efd kept
attributes_split_polygon_4	step	2	outcome 25 92b55ababeada398e599a742708f61df 92b55ababeada398e599a742708f61df kept
attributes_split_polygon_4	step	2	outcome 25 f13c350cb2fa59b0dac96d444cfba28e cb3dd2974ba2693cbd7c31db0d897123 kept
attributes_split_polygon_4	step	2	outcome 25 fa6d3a9fbb50c9403e6172e34d98e3a9 cb3dd2974ba2693cbd7c31db0d897123 kept
attributes_split_polygon_4	step	2	outcome 26 03da5dd0a81b704b94a708d6c42ee5f9 f2864cd00a19447729fae97f6cae79f5 kept
attributes_split_polygon_4	step	2	outcome 26 09e9925f0961cc7a38e4e75b8fc7795f 08e0c0573f1978ca434a5053805e9a22 kept
attributes_split_polygon_4	step	2	outcome 26 239253249037394b127b252354a147f6 dbc01e56cf68503727427ee741a06b23 kept
attributes_split_polygon_4	step	2	outcome 26 4e6656bb1c5f38812b919ce0a3986c8a f2864cd00a19447729fae97f6cae79f5 kept
attributes_split_polygon_4	step	2	outcome 26 caf5613549786a45a38de0ac9e25cbb0 08e0c0573f1978ca434a5053805e9a22 kept
attributes_split_polygon_4	step	2	outcome 26 d3d0fd56f064e4206381d60580e10441 dbc01e56cf68503727427ee741a06b23 kept
attributes_split_polygon_4	step	2	outcome 26 e2e0892990b8dcbe41f80e86cdcf0a19 e2e0892990b8dcbe41f80e86cdcf0a19 kept
attributes_split_polygon_4	step	2	outcome 26 e2ef7093a8b8dcbe41f80e8b637eecfb e2ef7093a8b8dcbe41f80e8b637eecfb kept
attributes_split_polygon_4	step	2	outcome 26 effc6946105785ab5e2ccaa7270be668 effc6946105785ab5e2ccaa7270be668 kept
attributes_split_polygon_4	step	2	outcome 26 f00b50b0285785ab5e2ccaabbcbbc94a f00b50b0285785ab5e2ccaabbcbbc94a kept
attributes_split_polygon_4	step	2	outcome 27 29606acfb462bed0ba8b2c52cb1719c1 29606acfb462bed0ba8b2c52cb1719c1 kept
attributes_split_polygon_4	step	2	outcome 27 296f5239cc62bed0ba8b2c5760c6fca3 296f5239cc62bed0ba8b2c5760c6fca3 kept
attributes_split_polygon_4	step	2	outcome 27 305dc15a2fa0101f2b5034febd89496f - dropped
attributes_split_polygon_4	step	2	outcome 27 5bce01e70fab4c7260fff52feb2e2f28 - dropped
attributes_split_polygon_4	step	2	outcome 27 6e8f3c5ba50efaabc964e574bc8693b6 6e8f3c5ba50efaabc964e574bc8693b6 kept
attributes_split_polygon_4	step	2	outcome 27 7627e233031db320562ed07bfb89eebc - dropped
attributes_split_polygon_4	step	2	outcome 27 929eff9b9aada398e599a73b90078d8c 929eff9b9aada398e599a73b90078d8c kept
attributes_split_polygon_4	step	2	outcome 27 92ade705b2ada398e599a74025b7706e 92ade705b2ada398e599a74025b7706e kept
attributes_split_polygon_4	step	2	outcome 27 cad1feec7d03aa695f163df0dfb6efaf - dropped
attributes_split_polygon_4	step	2	outcome 28 41957d5eb3a832729763bc7d0159f870 - dropped
attributes_split_polygon_4	step	2	outcome 28 41cda1ce934743511650aadabff24cdb - dropped
attributes_split_polygon_4	step	2	outcome 28 6147ef8c5851f35e48d9f34f71b99ceb - dropped
attributes_split_polygon_4	step	2	outcome 28 749654a4de057d82e5c5cda30eaff6ff 749654a4de057d82e5c5cda30eaff6ff kept
attributes_split_polygon_4	step	2	outcome 28 acdfeda70e4df6e354fecc4352bd3694 - dropped
attributes_split_polygon_4	step	2	outcome 28 e2d9157484b8dcbe41f80e8482f718a8 e2d9157484b8dcbe41f80e8482f718a8 kept
attributes_split_polygon_4	step	2	outcome 28 e2e7fcde9cb8dcbe41f80e8918a6fb8a e2e7fcde9cb8dcbe41f80e8918a6fb8a kept
attributes_split_polygon_4	step	2	outcome 28 f003dcfb1c5785ab5e2ccaa971e3d7d9 f003dcfb1c5785ab5e2ccaa971e3d7d9 kept
attributes_split_polygon_4	step	2	outcome 28 f012c465345785ab5e2ccaae0793babb f012c465345785ab5e2ccaae0793babb kept
attributes_split_polygon_4	step	2	outcome 29 2958f71aa862bed0ba8b2c50803f2850 2958f71aa862bed0ba8b2c50803f2850 kept
attributes_split_polygon_4	step	2	outcome 29 2967de84c062bed0ba8b2c5515ef0b32 2967de84c062bed0ba8b2c5515ef0b32 kept
attributes_split_polygon_4	step	2	outcome 29 92a67350a6ada398e599a73ddadf7efd 92a67350a6ada398e599a73ddadf7efd kept
attributes_split_polygon_4	step	2	outcome 29 92b55ababeada398e599a742708f61df 92b55ababeada398e599a742708f61df kept
attributes_split_polygon_4	step	2	outcome 30 e2e0892990b8dcbe41f80e86cdcf0a19 e2e0892990b8dcbe41f80e86cdcf0a19 kept
attributes_split_polygon_4	step	2	outcome 30 e2ef7093a8b8dcbe41f80e8b637eecfb e2ef7093a8b8dcbe41f80e8b637eecfb kept
attributes_split_polygon_4	step	2	outcome 30 effc6946105785ab5e2ccaa7270be668 effc6946105785ab5e2ccaa7270be668 kept
attributes_split_polygon_4	step	2	outcome 30 f00b50b0285785ab5e2ccaabbcbbc94a f00b50b0285785ab5e2ccaabbcbbc94a kept
attributes_split_polygon_4	step	2	outcome 31 29606acfb462bed0ba8b2c52cb1719c1 29606acfb462bed0ba8b2c52cb1719c1 kept
attributes_split_polygon_4	step	2	outcome 31 296f5239cc62bed0ba8b2c5760c6fca3 296f5239cc62bed0ba8b2c5760c6fca3 kept
attributes_split_polygon_4	step	2	outcome 31 6e8f3c5ba50efaabc964e574bc8693b6 6e8f3c5ba50efaabc964e574bc8693b6 kept
attributes_split_polygon_4	step	2	outcome 31 929eff9b9aada398e599a73b90078d8c 929eff9b9aada398e599a73b90078d8c kept
attributes_split_polygon_4	step	2	outcome 31 92ade705b2ada398e599a74025b7706e 92ade705b2ada398e599a74025b7706e kept
attributes_split_polygon_4	step	2	outcome 32 749654a4de057d82e5c5cda30eaff6ff 749654a4de057d82e5c5cda30eaff6ff kept
attributes_split_polygon_4	step	2	outcome 32 e2d9157484b8dcbe41f80e8482f718a8 e2d9157484b8dcbe41f80e8482f718a8 kept
attributes_split_polygon_4	step	2	outcome 32 e2e7fcde9cb8dcbe41f80e8918a6fb8a e2e7fcde9cb8dcbe41f80e8918a6fb8a kept
attributes_split_polygon_4	step	2	outcome 32 f003dcfb1c5785ab5e2ccaa971e3d7d9 f003dcfb1c5785ab5e2ccaa971e3d7d9 kept
attributes_split_polygon_4	step	2	outcome 32 f012c465345785ab5e2ccaae0793babb f012c465345785ab5e2ccaae0793babb kept
attributes_split_polygon_4	step	2	outcome 41 23a26e2b66197e636d06788614c06335 0ea6ca517a70439cb29b136c82889c73 kept
attributes_split_polygon_4	step	2	outcome 41 2958f71aa862bed0ba8b2c50803f2850 2958f71aa862bed0ba8b2c50803f2850 kept
attributes_split_polygon_4	step	2	outcome 41 2967de84c062bed0ba8b2c5515ef0b32 2967de84c062bed0ba8b2c5515ef0b32 kept
attributes_split_polygon_4	step	2	outcome 41 6a6b6264bdee1af396761e7793c1f606 0ea6ca517a70439cb29b136c82889c73 kept
attributes_split_polygon_4	step	2	outcome 41 92a67350a6ada398e599a73ddadf7efd 92a67350a6ada398e599a73ddadf7efd kept
attributes_split_polygon_4	step	2	outcome 41 92b55ababeada398e599a742708f61df 92b55ababeada398e599a742708f61df kept
attributes_split_polygon_4	step	2	outcome 41 f13c350cb2fa59b0dac96d444cfba28e cb3dd2974ba2693cbd7c31db0d897123 kept
attributes_split_polygon_4	step	2	outcome 41 fa6d3a9fbb50c9403e6172e34d98e3a9 cb3dd2974ba2693cbd7c31db0d897123 kept
attributes_split_polygon_4	step	2	outcome 42 03da5dd0a81b704b94a708d6c42ee5f9 f2864cd00a19447729fae97f6cae79f5 kept
attributes_split_polygon_4	step	2	outcome 42 09e9925f0961cc7a38e4e75b8fc7795f 08e0c0573f1978ca434a5053805e9a22 kept
attributes_split_polygon_4	step	2	outcome 42 239253249037394b127b252354a147f6 dbc01e56cf68503727427ee741a06b23 kept
attributes_split_polygon_4	step	2	outcome 42 4e6656bb1c5f38812b919ce0a3986c8a f2864cd00a19447729fae97f6cae79f5 kept
attributes_split_polygon_4	step	2	outcome 42 caf5613549786a45a38de0ac9e25cbb0 08e0c0573f1978ca434a5053805e9a22 kept
attributes_split_polygon_4	step	2	outcome 42 d3d0fd56f064e4206381d60580e10441 dbc01e56cf68503727427ee741a06b23 kept
attributes_split_polygon_4	step	2	outcome 42 e2e0892990b8dcbe41f80e86cdcf0a19 e2e0892990b8dcbe41f80e86cdcf0a19 kept
attributes_split_polygon_4	step	2	outcome 42 e2ef7093a8b8dcbe41f80e8b637eecfb e2ef7093a8b8dcbe41f80e8b637eecfb kept
attributes_split_polygon_4	step	2	outcome 42 effc6946105785ab5e2ccaa7270be668 effc6946105785ab5e2ccaa7270be668 kept
attributes_split_polygon_4	step	2	outcome 42 f00b50b0285785ab5e2ccaabbcbbc94a f00b50b0285785ab5e2ccaabbcbbc94a kept
attributes_split_polygon_4	step	2	outcome 43 29606acfb462bed0ba8b2c52cb1719c1 29606acfb462bed0ba8b2c52cb1719c1 kept
attributes_split_polygon_4	step	2	outcome 43 296f5239cc62bed0ba8b2c5760c6fca3 296f5239cc62bed0ba8b2c5760c6fca3 kept
attributes_split_polygon_4	step	2	outcome 43 305dc15a2fa0101f2b5034febd89496f - dropped
attributes_split_polygon_4	step	2	outcome 43 5bce01e70fab4c7260fff52feb2e2f28 - dropped
attributes_split_polygon_4	step	2	outcome 43 6e8f3c5ba50efaabc964e574bc8693b6 6e8f3c5ba50efaabc964e574bc8693b6 kept
attributes_split_polygon_4	step	2	outcome 43 7627e233031db320562ed07bfb89eebc - dropped
attributes_split_polygon_4	step	2	outcome 43 929eff9b9aada398e599a73b90078d8c 929eff9b9aada398e599a73b90078d8c kept
attributes_split_polygon_4	step	2	outcome 43 92ade705b2ada398e599a74025b7706e 92ade705b2ada398e599a74025b7706e kept
attributes_split_polygon_4	step	2	outcome 43 cad1feec7d03aa695f163df0dfb6efaf - dropped
attributes_split_polygon_4	step	2	outcome 44 41957d5eb3a832729763bc7d0159f870 - dropped
attributes_split_polygon_4	step	2	outcome 44 41cda1ce934743511650aadabff24cdb - dropped
attributes_split_polygon_4	step	2	outcome 44 6147ef8c5851f35e48d9f34f71b99ceb - dropped
attributes_split_polygon_4	step	2	outcome 44 749654a4de057d82e5c5cda30eaff6ff 749654a4de057d82e5c5cda30eaff6ff kept
attributes_split_polygon_4	step	2	outcome 44 acdfeda70e4df6e354fecc4352bd3694 - dropped
attributes_split_polygon_4	step	2	outcome 44 e2d9157484b8dcbe41f80e8482f718a8 e2d9157484b8dcbe41f80e8482f718a8 kept
attributes_split_polygon_4	step	2	outcome 44 e2e7fcde9cb8dcbe41f80e8918a6fb8a e2e7fcde9cb8dcbe41f80e8918a6fb8a kept
attributes_split_polygon_4	step	2	outcome 44 f003dcfb1c5785ab5e2ccaa971e3d7d9 f003dcfb1c5785ab5e2ccaa971e3d7d9 kept
attributes_split_polygon_4	step	2	outcome 44 f012c465345785ab5e2ccaae0793babb f012c465345785ab5e2ccaae0793babb kept
attributes_split_polygon_4	step	2	outcome 45 2958f71aa862bed0ba8b2c50803f2850 2958f71aa862bed0ba8b2c50803f2850 kept
attributes_split_polygon_4	step	2	outcome 45 2967de84c062bed0ba8b2c5515ef0b32 2967de84c062bed0ba8b2c5515ef0b32 kept
attributes_split_polygon_4	step	2	outcome 45 92a67350a6ada398e599a73ddadf7efd 92a67350a6ada398e599a73ddadf7efd kept
attributes_split_polygon_4	step	2	outcome 45 92b55ababeada398e599a742708f61df 92b55ababeada398e599a742708f61df kept
attributes_split_polygon_4	step	2	outcome 46 e2e0892990b8dcbe41f80e86cdcf0a19 e2e0892990b8dcbe41f80e86cdcf0a19 kept
attributes_split_polygon_4	step	2	outcome 46 e2ef7093a8b8dcbe41f80e8b637eecfb e2ef7093a8b8dcbe41f80e8b637eecfb kept
attributes_split_polygon_4	step	2	outcome 46 effc6946105785ab5e2ccaa7270be668 effc6946105785ab5e2ccaa7270be668 kept
attributes_split_polygon_4	step	2	outcome 46 f00b50b0285785ab5e2ccaabbcbbc94a f00b50b0285785ab5e2ccaabbcbbc94a kept
attributes_split_polygon_4	step	2	outcome 47 29606acfb462bed0ba8b2c52cb1719c1 29606acfb462bed0ba8b2c52cb1719c1 kept
attributes_split_polygon_4	step	2	outcome 47 296f5239cc62bed0ba8b2c5760c6fca3 296f5239cc62bed0ba8b2c5760c6fca3 kept
attributes_split_polygon_4	step	2	outcome 47 6e8f3c5ba50efaabc964e574bc8693b6 6e8f3c5ba50efaabc964e574bc8693b6 kept
attributes_split_polygon_4	step	2	outcome 47 929eff9b9aada398e599a73b90078d8c 929eff9b9aada398e599a73b90078d8c kept
attributes_split_polygon_4	step	2	outcome 47 92ade705b2ada398e599a74025b7706e 92ade705b2ada398e599a74025b7706e kept
attributes_split_polygon_4	step	2	outcome 48 749654a4de057d82e5c5cda30eaff6ff 749654a4de057d82e5c5cda30eaff6ff kept
attributes_split_polygon_4	step	2	outcome 48 e2d9157484b8dcbe41f80e8482f718a8 e2d9157484b8dcbe41f80e8482f718a8 kept
attributes_split_polygon_4	step	2	outcome 48 e2e7fcde9cb8dcbe41f80e8918a6fb8a e2e7fcde9cb8dcbe41f80e8918a6fb8a kept
attributes_split_polygon_4	step	2	outcome 48 f003dcfb1c5785ab5e2ccaa971e3d7d9 f003dcfb1c5785ab5e2ccaa971e3d7d9 kept
attributes_split_polygon_4	step	2	outcome 48 f012c465345785ab5e2ccaae0793babb f012c465345785ab5e2ccaae0793babb kept
attributes_split_polygon_4	step	3	unchanged 06eea318ac92c4f25ca1d2249c672fdf
attributes_split_polygon_4	step	3	generated E305dc15a2fa0101f2b5034febd89496f cc5ce6f4a497e2adb62656d40d859018 cut_vertex
attributes_split_polygon_4	step	3	generated E305dc15a2fa0101f2b5034febd89496f ddba4e57ba1180cc83ebc6fd93e31f27 cut_vertex
attributes_split_polygon_4	step	3	split 305dc15a2fa0101f2b5034febd89496f 64e569317cbc19fa2e0efbc811184fff,f888d5d75fbd37551621482531f5e7d0
attributes_split_polygon_4	step	3	unchanged 30bcb830365dbef75d9fcdf38886b479
attributes_split_polygon_4	step	3	generated E41cda1ce934743511650aadabff24cdb 407dba1d905ad0422aedbd21ae110135 cut_edge
attributes_split_polygon_4	step	3	generated E41cda1ce934743511650aadabff24cdb fd00241c38d4f7b0bc290dd4096264b2 cut_edge
attributes_split_polygon_4	step	3	split 41cda1ce934743511650aadabff24cdb f83994baa83d42dd973feabec57e4681,5bc44bb7f5e9582c013ecbf7b6a262fe
attributes_split_polygon_4	step	3	split 4e6656bb1c5f38812b919ce0a3986c8a a7b6b92fe350dd55b9a2bdec4a757b98,969f1c815ad17413fd67b05ecd68217b
attributes_split_polygon_4	step	3	generated E6a6b6264bdee1af396761e7793c1f606 6618c8b3e9dcc9b8ae724a049a89f074 cut_vertex
attributes_split_polygon_4	step	3	generated E6a6b6264bdee1af396761e7793c1f606 b907e1440979a2fa6b073a73df671afb cut_vertex
attributes_split_polygon_4	step	3	split 6a6b6264bdee1af396761e7793c1f606 2bf2cd72660fdf2f11c03783df129f0c,da39a71cc82099cc1eeaccc302f11053
attributes_split_polygon_4	step	3	unchanged 6e8f3c5ba50efaabc964e574bc8693b6
attributes_split_polygon_4	step	3	unchanged 7241d6c94a74abaf402f59224f98323b
attributes_split_polygon_4	step	3	generated E7627e233031db320562ed07bfb89eebc 29a9eace3deb3fcf141ed15b60b398e5 cut_vertex
attributes_split_polygon_4	step	3	generated E7627e233031db320562ed07bfb89eebc 359dbef93d70f41a1234381b0203128a cut_vertex
attributes_split_polygon_4	step	3	split 7627e233031db320562ed07bfb89eebc 693f5ecbe98ca7d78f737a2280d66252,e109c2eea97a9f928ec6bf265d559dcd
attributes_split_polygon_4	step	3	unchanged a0d385a3b1edba89c41089623fa8dd54
attributes_split_polygon_4	step	3	generated Eacdfeda70e4df6e354fecc4352bd3694 598470682e7cce3b0febfe7c2b609c27 cut_edge
attributes_split_polygon_4	step	3	generated Eacdfeda70e4df6e354fecc4352bd3694 fab4eaca1e034c8783bf617c0e34a218 cut_edge
attributes_split_polygon_4	step	3	split acdfeda70e4df6e354fecc4352bd3694 73cebbbb89ff85a09e7c32434bd8edab,6874b950e46ba845487db692672a533c
attributes_split_polygon_4	step	3	unchanged b3cf3c55b3bde8d61595912517e0ef92
attributes_split_polygon_4	step	3	unchanged c722f43f1e6ac23a7359968afda1ef78
attributes_split_polygon_4	step	3	generated Ecaf5613549786a45a38de0ac9e25cbb0 5a2cf2a98e20ac63ee26aadaf8492dce cut_edge
attributes_split_polygon_4	step	3	generated Ecaf5613549786a45a38de0ac9e25cbb0 b9dd92365e842e6eb2f1412254159435 cut_edge
attributes_split_polygon_4	step	3	split caf5613549786a45a38de0ac9e25cbb0 4857f1c1e097f3bde1df8b2b8ceb7d39,24b69c020a177151f9b6a47d73d3fda2
attributes_split_polygon_4	step	3	unchanged cbd86860654e5f15e19129e73df2df77
attributes_split_polygon_4	step	3	generated Ed3d0fd56f064e4206381d60580e10441 78de25feb5f18d258674cff2138c8add cut_edge
attributes_split_polygon_4	step	3	generated Ed3d0fd56f064e4206381d60580e10441 a90c99b17fad95637d592c1766aabc02 cut_edge
attributes_split_polygon_4	step	3	split d3d0fd56f064e4206381d60580e10441 1067ed2d46e20c08a4e8428fc8393181,e34ffe5f8594aa68e10977f940ab18f6
attributes_split_polygon_4	step	3	unchanged e2d9157484b8dcbe41f80e8482f718a8
attributes_split_polygon_4	step	3	unchanged e2e0892990b8dcbe41f80e86cdcf0a19
attributes_split_polygon_4	step	3	unchanged e2e7fcde9cb8dcbe41f80e8918a6fb8a
attributes_split_polygon_4	step	3	unchanged e2ef7093a8b8dcbe41f80e8b637eecfb
attributes_split_polygon_4	step	3	unchanged effc6946105785ab5e2ccaa7270be668
attributes_split_polygon_4	step	3	unchanged f003dcfb1c5785ab5e2ccaa971e3d7d9
attributes_split_polygon_4	step	3	unchanged f00b50b0285785ab5e2ccaabbcbbc94a
attributes_split_polygon_4	step	3	unchanged f012c465345785ab5e2ccaae0793babb
attributes_split_polygon_4	step	3	generated Ef13c350cb2fa59b0dac96d444cfba28e 3bfd94a069fd246b3f0feae892fd16b9 cut_vertex
attributes_split_polygon_4	step	3	generated Ef13c350cb2fa59b0dac96d444cfba28e ab418a519d2635154c607a0b826eddf2 cut_vertex
attributes_split_polygon_4	step	3	split f13c350cb2fa59b0dac96d444cfba28e 6fd9a785505276b6b535df6ff11d87ca,6f6b1b7d647d7184fcb0065ef092c971
attributes_split_polygon_4	step	3	unchanged f5401fc6c27692fdeb8b123991201852
attributes_split_polygon_4	step	3	unchanged ff096b8694f7d582caaf6be5a08d5765
attributes_split_polygon_4	step	3	generated Eacdfeda70e4df6e354fecc4352bd3694,Ecaf5613549786a45a38de0ac9e25cbb0,E41cda1ce934743511650aadabff24cdb,Ed3d0fd56f064e4206381d60580e10441 40629dd0bdb95010339ea7a6b58dd016 cut_face
attributes_split_polygon_4	step	3	generated Eacdfeda70e4df6e354fecc4352bd3694,Ecaf5613549786a45a38de0ac9e25cbb0,E41cda1ce934743511650aadabff24cdb,Ed3d0fd56f064e4206381d60580e10441 50acdc34a59bd6e2c83b0a50c78aecbb cut_face
attributes_split_polygon_4	step	3	outcome 1 6a6b6264bdee1af396761e7793c1f606 2bf2cd72660fdf2f11c03783df129f0c,da39a71cc82099cc1eeaccc302f11053 copied
attributes_split_polygon_4	step	3	outcome 1 f13c350cb2fa59b0dac96d444cfba28e 6fd9a785505276b6b535df6ff11d87ca,6f6b1b7d647d7184fcb0065ef092c971 copied
attributes_split_polygon_4	step	3	outcome 2 4e6656bb1c5f38812b919ce0a3986c8a a7b6b92fe350dd55b9a2bdec4a757b98,969f1c815ad17413fd67b05ecd68217b copied
attributes_split_polygon_4	step	3	outcome 2 caf5613549786a45a38de0ac9e25cbb0 4857f1c1e097f3bde1df8b2b8ceb7d39,24b69c020a177151f9b6a47d73d3fda2 copied
attributes_split_polygon_4	step	3	outcome 2 d3d0fd56f064e4206381d60580e10441 1067ed2d46e20c08a4e8428fc8393181,e34ffe5f8594aa68e10977f940ab18f6 copied
attributes_split_polygon_4	step	3	outcome 2 e2e0892990b8dcbe41f80e86cdcf0a19 e2e0892990b8dcbe41f80e86cdcf0a19 kept
attributes_split_polygon_4	step	3	outcome 2 e2ef7093a8b8dcbe41f80e8b637eecfb e2ef7093a8b8dcbe41f80e8b637eecfb kept
attributes_split_polygon_4	step	3	outcome 2 effc6946105785ab5e2ccaa7270be668 effc6946105785ab5e2ccaa7270be668 kept
attributes_split_polygon_4	step	3	outcome 2 f00b50b0285785ab5e2ccaabbcbbc94a f00b50b0285785ab5e2ccaabbcbbc94a kept
attributes_split_polygon_4	step	3	outcome 3 305dc15a2fa0101f2b5034febd89496f 64e569317cbc19fa2e0efbc811184fff,f888d5d75fbd37551621482531f5e7d0 copied
attributes_split_polygon_4	step	3	outcome 3 6e8f3c5ba50efaabc964e574bc8693b6 6e8f3c5ba50efaabc964e574bc8693b6 kept
attributes_split_polygon_4	step	3	outcome 3 7627e233031db320562ed07bfb89eebc 693f5ecbe98ca7d78f737a2280d66252,e109c2eea97a9f928ec6bf265d559dcd copied
attributes_split_polygon_4	step	3	outcome 4 41cda1ce934743511650aadabff24cdb f83994baa83d42dd973feabec57e4681,5bc44bb7f5e9582c013ecbf7b6a262fe copied
attributes_split_polygon_4	step	3	outcome 4 acdfeda70e4df6e354fecc4352bd3694 73cebbbb89ff85a09e7c32434bd8edab,6874b950e46ba845487db692672a533c copied
attributes_split_polygon_4	step	3	outcome 4 e2d9157484b8dcbe41f80e8482f718a8 e2d9157484b8dcbe41f80e8482f718a8 kept
attributes_split_polygon_4	step	3	outcome 4 e2e7fcde9cb8dcbe41f80e8918a6fb8a e2e7fcde9cb8dcbe41f80e8918a6fb8a kept
attributes_split_polygon_4	step	3	outcome 4 f003dcfb1c5785ab5e2ccaa971e3d7d9 f003dcfb1c5785ab5e2ccaa971e3d7d9 kept
attributes_split_polygon_4	step	3	outcome 4 f012c465345785ab5e2ccaae0793babb f012c465345785ab5e2ccaae0793babb kept
attributes_split_polygon_4	step	3	outcome 6 e2e0892990b8dcbe41f80e86cdcf0a19 e2e0892990b8dcbe41f80e86cdcf0a19 kept
attributes_split_polygon_4	step	3	outcome 6 e2ef7093a8b8dcbe41f80e8b637eecfb e2ef7093a8b8dcbe41f80e8b637eecfb kept
attributes_split_polygon_4	step	3	outcome 6 effc6946105785ab5e2ccaa7270be668 effc6946105785ab5e2ccaa7270be668 kept
attributes_split_polygon_4	step	3	outcome 6 f00b50b0285785ab5e2ccaabbcbbc94a f00b50b0285785ab5e2ccaabbcbbc94a kept
attributes_split_polygon_4	step	3	outcome 7 6e8f3c5ba50efaabc964e574bc8693b6 6e8f3c5ba50efaabc964e574bc8693b6 kept
attributes_split_polygon_4	step	3	outcome 8 e2d9157484b8dcbe41f80e8482f718a8 e2d9157484b8dcbe41f80e8482f718a8 kept
attributes_split_polygon_4	step	3	outcome 8 e2e7fcde9cb8dcbe41f80e8918a6fb8a e2e7fcde9cb8dcbe41f80e8918a6fb8a kept
attributes_split_polygon_4	step	3	outcome 8 f003dcfb1c5785ab5e2ccaa971e3d7d9 f003dcfb1c5785ab5e2ccaa971e3d7d9 kept
attributes_split_polygon_4	step	3	outcome 8 f012c465345785ab5e2ccaae0793babb f012c465345785ab5e2ccaae0793babb kept
attributes_split_polygon_4	step	3	outcome 17 6a6b6264bdee1af396761e7793c1f606 2bf2cd72660fdf2f11c03783df129f0c,da39a71cc82099cc1eeaccc302f11053 copied
attributes_split_polygon_4	step	3	outcome 17 f13c350cb2fa59b0dac96d444cfba28e 6fd9a785505276b6b535df6ff11d87ca,6f6b1b7d647d7184fcb0065ef092c971 copied
attributes_split_polygon_4	step	3	outcome 18 4e6656bb1c5f38812b919ce0a3986c8a a7b6b92fe350dd55b9a2bdec4a757b98,969f1c815ad17413fd67b05ecd68217b copied
attributes_split_polygon_4	step	3	outcome 18 caf5613549786a45a38de0ac9e25cbb0 4857f1c1e097f3bde1df8b2b8ceb7d39,24b69c020a177151f9b6a47d73d3fda2 copied
attributes_split_polygon_4	step	3	outcome 18 d3d0fd56f064e4206381d60580e10441 1067ed2d46e20c08a4e8428fc8393181,e34ffe5f8594aa68e10977f940ab18f6 copied
attributes_split_polygon_4	step	3	outcome 18 e2e0892990b8dcbe41f80e86cdcf0a19 e2e0892990b8dcbe41f80e86cdcf0a19 kept
attributes_split_polygon_4	step	3	outcome 18 e2ef7093a8b8dcbe41f80e8b637eecfb e2ef7093a8b8dcbe41f80e8b637eecfb kept
attributes_split_polygon_4	step	3	outcome 18 effc6946105785ab5e2ccaa7270be668 effc6946105785ab5e2ccaa7270be668 kept
attributes_split_polygon_4	step	3	outcome 18 f00b50b0285785ab5e2ccaabbcbbc94a f00b50b0285785ab5e2ccaabbcbbc94a kept
attributes_split_polygon_4	step	3	outcome 19 305dc15a2fa0101f2b5034febd89496f 64e569317cbc19fa2e0efbc811184fff,f888d5d75fbd37551621482531f5e7d0 copied
attributes_split_polygon_4	step	3	outcome 19 6e8f3c5ba50efaabc964e574bc8693b6 6e8f3c5ba50efaabc964e574bc8693b6 kept
attributes_split_polygon_4	step	3	outcome 19 7627e233031db320562ed07bfb89eebc 693f5ecbe98ca7d78f737a2280d66252,e109c2eea97a9f928ec6bf265d559dcd copied
attributes_split_polygon_4	step	3	outcome 20 41cda1ce934743511650aadabff24cdb f83994baa83d42dd973feabec57e4681,5bc44bb7f5e9582c013ecbf7b6a262fe copied
attributes_split_polygon_4	step	3	outcome 20 acdfeda70e4df6e354fecc4352bd3694 73cebbbb89ff85a09e7c32434bd8edab,6874b950e46ba845487db692672a533c copied
attributes_split_polygon_4	step	3	outcome 20 e2d9157484b8dcbe41f80e8482f718a8 e2d9157484b8dcbe41f80e8482f718a8 kept
attributes_split_polygon_4	step	3	outcome 20 e2e7fcde9cb8dcbe41f80e8918a6fb8a e2e7fcde9cb8dcbe41f80e8918a6fb8a kept
attributes_split_polygon_4	step	3	outcome 20 f003dcfb1c5785ab5e2ccaa971e3d7d9 f003dcfb1c5785ab5e2ccaa971e3d7d9 kept
attributes_split_polygon_4	step	3	outcome 20 f012c465345785ab5e2ccaae0793babb f012c465345785ab5e2ccaae0793babb kept
attributes_split_polygon_4	step	3	outcome 22 e2e0892990b8dcbe41f80e86cdcf0a19 e2e0892990b8dcbe41f80e86cdcf0a19 kept
attributes_split_polygon_4	step	3	outcome 22 e2ef7093a8b8dcbe41f80e8b637eecfb e2ef7093a8b8dcbe41f80e8b637eecfb kept
attributes_split_polygon_4	step	3	outcome 22 effc6946105785ab5e2ccaa7270be668 effc6946105785ab5e2ccaa7270be668 kept
attributes_split_polygon_4	step	3	outcome 22 f00b50b0285785ab5e2ccaabbcbbc94a f00b50b0285785ab5e2ccaabbcbbc94a kept
attributes_split_polygon_4	step	3	outcome 23 6e8f3c5ba50efaabc964e574bc8693b6 6e8f3c5ba50efaabc964e574bc8693b6 kept
attributes_split_polygon_4	step	3	outcome 24 e2d9157484b8dcbe41f80e8482f718a8 e2d9157484b8dcbe41f80e8482f718a8 kept
attributes_split_polygon_4	step	3	outcome 24 e2e7fcde9cb8dcbe41f80e8918a6fb8a e2e7fcde9cb8dcbe41f80e8918a6fb8a kept
attributes_split_polygon_4	step	3	outcome 24 f003dcfb1c5785ab5e2ccaa971e3d7d9 f003dcfb1c5785ab5e2ccaa971e3d7d9 kept
attributes_split_polygon_4	step	3	outcome 24 f012c465345785ab5e2ccaae0793babb f012c465345785ab5e2ccaae0793babb kept
attributes_split_polygon_4	step	3	outcome 25 6a6b6264bdee1af396761e7793c1f606 2bf2cd72660fdf2f11c03783df129f0c,da39a71cc82099cc1eeaccc302f11053 copied
attributes_split_polygon_4	step	3	outcome 25 f13c350cb2fa59b0dac96d444cfba28e 6fd9a785505276b6b535df6ff11d87ca,6f6b1b7d647d7184fcb0065ef092c971 copied
attributes_split_polygon_4	step	3	outcome 26 4e6656bb1c5f38812b919ce0a3986c8a a7b6b92fe350dd55b9a2bdec4a757b98,969f1c815ad17413fd67b05ecd68217b copied
attributes_split_polygon_4	step	3	outcome 26 caf5613549786a45a38de0ac9e25cbb0 4857f1c1e097f3bde1df8b2b8ceb7d39,24b69c020a177151f9b6a47d73d3fda2 copied
attributes_split_polygon_4	step	3	outcome 26 d3d0fd56f064e4206381d60580e10441 1067ed2d46e20c08a4e8428fc8393181,e34ffe5f8594aa68e10977f940ab18f6 copied
attributes_split_polygon_4	step	3	outcome 26 e2e0892990b8dcbe41f80e86cdcf0a19 e2e0892990b8dcbe41f80e86cdcf0a19 kept
attributes_split_polygon_4	step	3	outcome 26 e2ef7093a8b8dcbe41f80e8b637eecfb e2ef7093a8b8dcbe41f80e8b637eecfb kept
attributes_split_polygon_4	step	3	outcome 26 effc6946105785ab5e2ccaa7270be668 effc6946105785ab5e2ccaa7270be668 kept
attributes_split_polygon_4	step	3	outcome 26 f00b50b0285785ab5e2ccaabbcbbc94a f00b50b0285785ab5e2ccaabbcbbc94a kept
attributes_split_polygon_4	step	3	outcome 27 305dc15a2fa0101f2b5034febd89496f 64e569317cbc19fa2e0efbc811184fff,f888d5d75fbd37551621482531f5e7d0 copied
attributes_split_polygon_4	step	3	outcome 27 6e8f3c5ba50efaabc964e574bc8693b6 6e8f3c5ba50efaabc964e574bc8693b6 kept
attributes_split_polygon_4	step	3	outcome 27 7627e233031db320562ed07bfb89eebc 693f5ecbe98ca7d78f737a2280d66252,e109c2eea97a9f928ec6bf265d559dcd copied
attributes_split_polygon_4	step	3	outcome 28 41cda1ce934743511650aadabff24cdb f83994baa83d42dd973feabec57e4681,5bc44bb7f5e9582c013ecbf7b6a262fe copied
attributes_split_polygon_4	step	3	outcome 28 acdfeda70e4df6e354fecc4352bd3694 73cebbbb89ff85a09e7c32434bd8edab,6874b950e46ba845487db692672a533c copied
attributes_split_polygon_4	step	3	outcome 28 e2d9157484b8dcbe41f80e8482f718a8 e2d9157484b8dcbe41f80e8482f718a8 kept
attributes_split_polygon_4	step	3	outcome 28 e2e7fcde9cb8dcbe41f80e8918a6fb8a e2e7fcde9cb8dcbe41f80e8918a6fb8a kept
attributes_split_polygon_4	step	3	outcome 28 f003dcfb1c5785ab5e2ccaa971e3d7d9 f003dcfb1c5785ab5e2ccaa971e3d7d9 kept
attributes_split_polygon_4	step	3	outcome 28 f012c465345785ab5e2ccaae0793babb f012c465345785ab5e2ccaae0793babb kept
attributes_split_polygon_4	step	3	outcome 30 e2e0892990b8dcbe41f80e86cdcf0a19 e2e0892990b8dcbe41f80e86cdcf0a19 kept
attributes_split_polygon_4	step	3	outcome 30 e2ef7093a8b8dcbe41f80e8b637eecfb e2ef7093a8b8dcbe41f80e8b637eecfb kept
attributes_split_polygon_4	step	3	outcome 30 effc6946105785ab5e2ccaa7270be668 effc6946105785ab5e2ccaa7270be668 kept
attributes_split_polygon_4	step	3	outcome 30 f00b50b0285785ab5e2ccaabbcbbc94a f00b50b0285785ab5e2ccaabbcbbc94a kept
attributes_split_polygon_4	step	3	outcome 31 6e8f3c5ba50efaabc964e574bc8693b6 6e8f3c5ba50efaabc964e574bc8693b6 kept
attributes_split_polygon_4	step	3	outcome 32 e2d9157484b8dcbe41f80e8482f718a8 e2d9157484b8dcbe41f80e8482f718a8 kept
attributes_split_polygon_4	step	3	outcome 32 e2e7fcde9cb8dcbe41f80e8918a6fb8a e2e7fcde9cb8dcbe41f80e8918a6fb8a kept
attributes_split_polygon_4	step	3	outcome 32 f003dcfb1c5785ab5e2ccaa971e3d7d9 f003dcfb1c5785ab5e2ccaa971e3d7d9 kept
attributes_split_polygon_4	step	3	outcome 32 f012c465345785ab5e2ccaae0793babb f012c465345785ab5e2ccaae0793babb kept
attributes_split_polygon_4	step	3	outcome 41 6a6b6264bdee1af396761e7793c1f606 2bf2cd72660fdf2f11c03783df129f0c,da39a71cc82099cc1eeaccc302f11053 copied
attributes_split_polygon_4	step	3	outcome 41 f13c350cb2fa59b0dac96d444cfba28e 6fd9a785505276b6b535df6ff11d87ca,6f6b1b7d647d7184fcb0065ef092c971 copied
attributes_split_polygon_4	step	3	outcome 42 4e6656bb1c5f38812b919ce0a3986c8a a7b6b92fe350dd55b9a2bdec4a757b98,969f1c815ad17413fd67b05ecd68217b copied
attributes_split_polygon_4	step	3	outcome 42 caf5613549786a45a38de0ac9e25cbb0 4857f1c1e097f3bde1df8b2b8ceb7d39,24b69c020a177151f9b6a47d73d3fda2 copied
attributes_split_polygon_4	step	3	outcome 42 d3d0fd56f064e4206381d60580e10441 1067ed2d46e20c08a4e8428fc8393181,e34ffe5f8594aa68e10977f940ab18f6 copied
attributes_split_polygon_4	step	3	outcome 42 e2e0892990b8dcbe41f80e86cdcf0a19 e2e0892990b8dcbe41f80e86cdcf0a19 kept
attributes_split_polygon_4	step	3	outcome 42 e2ef7093a8b8dcbe41f80e8b637eecfb e2ef7093a8b8dcbe41f80e8b637eecfb kept
attributes_split_polygon_4	step	3	outcome 42 effc6946105785ab5e2ccaa7270be668 effc6946105785ab5e2ccaa7270be668 kept
attributes_split_polygon_4	step	3	outcome 42 f00b50b0285785ab5e2ccaabbcbbc94a f00b50b0285785ab5e2ccaabbcbbc94a kept
attributes_split_polygon_4	step	3	outcome 43 305dc15a2fa0101f2b5034febd89496f 64e569317cbc19fa2e0efbc811184fff,f888d5d75fbd37551621482531f5e7d0 copied
attributes_split_polygon_4	step	3	outcome 43 6e8f3c5ba50efaabc964e574bc8693b6 6e8f3c5ba50efaabc964e574bc8693b6 kept
attributes_split_polygon_4	step	3	outcome 43 7627e233031db320562ed07bfb89eebc 693f5ecbe98ca7d78f737a2280d66252,e109c2eea97a9f928ec6bf265d559dcd copied
attributes_split_polygon_4	step	3	outcome 44 41cda1ce934743511650aadabff24cdb f83994baa83d42dd973feabec57e4681,5bc44bb7f5e9582c013ecbf7b6a262fe copied
attributes_split_polygon_4	step	3	outcome 44 acdfeda70e4df6e354fecc4352bd3694 73cebbbb89ff85a09e7c32434bd8edab,6874b950e46ba845487db692672a533c copied
attributes_split_polygon_4	step	3	outcome 44 e2d9157484b8dcbe41f80e8482f718a8 e2d9157484b8dcbe41f80e8482f718a8 kept
attributes_split_polygon_4	step	3	outcome 44 e2e7fcde9cb8dcbe41f80e8918a6fb8a e2e7fcde9cb8dcbe41f80e8918a6fb8a kept
attributes_split_polygon_4	step	3	outcome 44 f003dcfb1c5785ab5e2ccaa971e3d7d9 f003dcfb1c5785ab5e2ccaa971e3d7d9 kept
attributes_split_polygon_4	step	3	outcome 44 f012c465345785ab5e2ccaae0793babb f012c465345785ab5e2ccaae0793babb kept
attributes_split_polygon_4	step	3	outcome 46 e2e0892990b8dcbe41f80e86cdcf0a19 e2e0892990b8dcbe41f80e86cdcf0a19 kept
attributes_split_polygon_4	step	3	outcome 46 e2ef7093a8b8dcbe41f80e8b637eecfb e2ef7093a8b8dcbe41f80e8b637eecfb kept
attributes_split_polygon_4	step	3	outcome 46 effc6946105785ab5e2ccaa7270be668 effc6946105785ab5e2ccaa7270be668 kept
attributes_split_polygon_4	step	3	outcome 46 f00b50b0285785ab5e2ccaabbcbbc94a f00b50b0285785ab5e2ccaabbcbbc94a kept
attributes_split_polygon_4	step	3	outcome 47 6e8f3c5ba50efaabc964e574bc8693b6 6e8f3c5ba50efaabc964e574bc8693b6 kept
attributes_split_polygon_4	step	3	outcome 48 e2d9157484b8dcbe41f80e8482f718a8 e2d9157484b8dcbe41f80e8482f718a8 kept
attributes_split_polygon_4	step	3	outcome 48 e2e7fcde9cb8dcbe41f80e8918a6fb8a e2e7fcde9cb8dcbe41f80e8918a6fb8a kept
attributes_split_polygon_4	step	3	outcome 48 f003dcfb1c5785ab5e2ccaa971e3d7d9 f003dcfb1c5785ab5e2ccaa971e3d7d9 kept
attributes_split_polygon_4	step	3	outcome 48 f012c465345785ab5e2ccaae0793babb f012c465345785ab5e2ccaae0793babb kept
attributes_split_polygon_4	attr	Pt	2958f71aa862bed0ba8b2c50803f2850 1 ce375c88c29a5306
attributes_split_polygon_4	attr	Pt	2958f71aa862bed0ba8b2c50803f2850 17 5725196a2fbf55792a
attributes_split_polygon_4	attr	Pt	2958f71aa862bed0ba8b2c50803f2850 21 2509fbb647bd3b872a
attributes_split_polygon_4	attr	Pt	2958f71aa862bed0ba8b2c50803f2850 25 f23ca2b3cde6d6bd
attributes_split_polygon_4	attr	Pt	2958f71aa862bed0ba8b2c50803f2850 29 47b6fca1c0a06b37
attributes_split_polygon_4	attr	Pt	2958f71aa862bed0ba8b2c50803f2850 41 26232a7dcf596f412a
attributes_split_polygon_4	attr	Pt	2958f71aa862bed0ba8b2c50803f2850 45 2403fc4fdb2a11aa2a
attributes_split_polygon_4	attr	Pt	2958f71aa862bed0ba8b2c50803f2850 5 447764a13d0b9c83
attributes_split_polygon_4	attr	Pt	29606acfb462bed0ba8b2c52cb1719c1 19 b691071e35291a412a
attributes_split_polygon_4	attr	Pt	29606acfb462bed0ba8b2c52cb1719c1 23 f4c1eccf597cc5d42a
attributes_split_polygon_4	attr	Pt	29606acfb462bed0ba8b2c52cb1719c1 27 ceb281dde4c9795e
attributes_split_polygon_4	attr	Pt	29606acfb462bed0ba8b2c52cb1719c1 3 9e70f3609813b4b6
attributes_split_polygon_4	attr	Pt	29606acfb462bed0ba8b2c52cb1719c1 31 a8e45feed2c4f6f4
attributes_split_polygon_4	attr	Pt	29606acfb462bed0ba8b2c52cb1719c1 43 4e8d6ccd1c8362e82a
attributes_split_polygon_4	attr	Pt	29606acfb462bed0ba8b2c52cb1719c1 47 e4018cd301ff790b2a
attributes_split_polygon_4	attr	Pt	29606acfb462bed0ba8b2c52cb1719c1 7 510c5820a6614ec8
attributes_split_polygon_4	attr	Pt	2967de84c062bed0ba8b2c5515ef0b32 1 1cb5a30c849a5306
attributes_split_polygon_4	attr	Pt	2967de84c062bed0ba8b2c5515ef0b32 17 9d78461e61bf55792a
attributes_split_polygon_4	attr	Pt	2967de84c062bed0ba8b2c5515ef0b32 21 d751cc49e9bd3b872a
attributes_split_polygon_4	attr	Pt	2967de84c062bed0ba8b2c5515ef0b32 25 8064e8bd8fe6d6bd
attributes_split_polygon_4	attr	Pt	2967de84c062bed0ba8b2c5515ef0b32 29 9635432582a06b37
attributes_split_polygon_4	attr	Pt	2967de84c062bed0ba8b2c5515ef0b32 41 9082a2270d596f412a
attributes_split_polygon_4	attr	Pt	2967de84c062bed0ba8b2c5515ef0b32 45 fb847487392a11aa2a
attributes_split_polygon_4	attr	Pt	2967de84c062bed0ba8b2c5515ef0b32 5 6cf6ec69df0b9c83
attributes_split_polygon_4	attr	Pt	296f5239cc62bed0ba8b2c5760c6fca3 19 03599c4973291a412a
attributes_split_polygon_4	attr	Pt	296f5239cc62bed0ba8b2c5760c6fca3 23 cc0480d1e77cc5d42a
attributes_split_polygon_4	attr	Pt	296f5239cc62bed0ba8b2c5760c6fca3 27 a580204392c9795e
attributes_split_polygon_4	attr	Pt	296f5239cc62bed0ba8b2c5760c6fca3 3 75b4ab508613b4b6
attributes_split_polygon_4	attr	Pt	296f5239cc62bed0ba8b2c5760c6fca3 31 efea642694c4f6f4
attributes_split_polygon_4	attr	Pt	296f5239cc62bed0ba8b2c5760c6fca3 43 77bfce676e8362e82a
attributes_split_polygon_4	attr	Pt	296f5239cc62bed0ba8b2c5760c6fca3 47 9687419c73ff790b2a
attributes_split_polygon_4	attr	Pt	296f5239cc62bed0ba8b2c5760c6fca3 7 bc994dc8b4614ec8
attributes_split_polygon_4	attr	Pt	29c3ea84e403c1866d0680fb96752d34 20 08d75766618780202a
attributes_split_polygon_4	attr	Pt	29c3ea84e403c1866d0680fb96752d34 24 f10964e663972a172a
attributes_split_polygon_4	attr	Pt	29c3ea84e403c1866d0680fb96752d34 28 66de85d4a51bdf10
attributes_split_polygon_4	attr	Pt	29c3ea84e403c1866d0680fb96752d34 32 299b734daadc0c05
attributes_split_polygon_4	attr	Pt	29c3ea84e403c1866d0680fb96752d34 4 199efdad35c8264c
attributes_split_polygon_4	attr	Pt	29c3ea84e403c1866d0680fb96752d34 44 d6533400f4a18a412a
attributes_split_polygon_4	attr	Pt	29c3ea84e403c1866d0680fb96752d34 48 8dc57347238b06c02a
attributes_split_polygon_4	attr	Pt	29c3ea84e403c1866d0680fb96752d34 8 2d65b8a85951292b
attributes_split_polygon_4	attr	Pt	29cb5e39f003c1866d0680fde14d1ea5 18 ff3cd005c11d919a2a
attributes_split_polygon_4	attr	Pt	29cb5e39f003c1866d0680fde14d1ea5 2 4dac384e96770a17
attributes_split_polygon_4	attr	Pt	29cb5e39f003c1866d0680fde14d1ea5 22 d2c6b3642cee7ea42a
attributes_split_polygon_4	attr	Pt	29cb5e39f003c1866d0680fde14d1ea5 26 ba3135b560fc0d06
attributes_split_polygon_4	attr	Pt	29cb5e39f003c1866d0680fde14d1ea5 30 39655a9087346c3d
attributes_split_polygon_4	attr	Pt	29cb5e39f003c1866d0680fde14d1ea5 42 7f2fbbcd4624c9b92a
attributes_split_polygon_4	attr	Pt	29cb5e39f003c1866d0680fde14d1ea5 46 9426d714394ef7662a
attributes_split_polygon_4	attr	Pt	29cb5e39f003c1866d0680fde14d1ea5 6 2aa43b8d9cc71032
attributes_split_polygon_4	attr	Pt	29d2d1eefc03c1866d0681002c251016 20 5fd0ce8cc58780172a
attributes_split_polygon_4	attr	Pt	29d2d1eefc03c1866d0681002c251016 24 e2c8ee28b7972a0d2a
attributes_split_polygon_4	attr	Pt	29d2d1eefc03c1866d0681002c251016 28 b74fd731c91bdf05
attributes_split_polygon_4	attr	Pt	29d2d1eefc03c1866d0681002c251016 32 0d6546d24edc0bfb
attributes_split_polygon_4	attr	Pt	29d2d1eefc03c1866d0681002c251016 4 518db282a9c82641
attributes_split_polygon_4	attr	Pt	29d2d1eefc03c1866d0681002c251016 44 61be4ea590a18a4a2a
attributes_split_polygon_4	attr	Pt	29d2d1eefc03c1866d0681002c251016 48 a7f5da87cf8b06ca2a
attributes_split_polygon_4	attr	Pt	29d2d1eefc03c1866d0681002c251016 8 845f2fcebd512921
attributes_split_polygon_4	attr	Pt	29da45a40803c1866d06810276fd0187 18 37a15455e51d918f2a
attributes_split_polygon_4	attr	Pt	29da45a40803c1866d06810276fd0187 2 6757c766b2770a20
attributes_split_polygon_4	attr	Pt	29da45a40803c1866d06810276fd0187 22 0c22346208ee7eaf2a
attributes_split_polygon_4	attr	Pt	29da45a40803c1866d06810276fd0187 26 ee742f3d3cfc0d11
attributes_split_polygon_4	attr	Pt	29da45a40803c1866d06810276fd0187 30 0176a5bb13346c47
attributes_split_polygon_4	attr	Pt	29da45a40803c1866d06810276fd0187 42 65fecfa8aa24c9af2a
attributes_split_polygon_4	attr	Pt	29da45a40803c1866d06810276fd0187 46 5ccd599c1d4ef75b2a
attributes_split_polygon_4	attr	Pt	29da45a40803c1866d06810276fd0187 6 f2c39eb3b8c7103e
attributes_split_polygon_4	attr	Pt	6e8f3c5ba50efaabc964e574bc8693b6 19 f6a5da25c80525272a
attributes_split_polygon_4	attr	Pt	6e8f3c5ba50efaabc964e574bc8693b6 23 616c1ae56e1d9db72a
attributes_split_polygon_4	attr	Pt	6e8f3c5ba50efaabc964e574bc8693b6 27 300c9a805a1d85d1
attributes_split_polygon_4	attr	Pt	6e8f3c5ba50efaabc964e574bc8693b6 3 8528b954f104f1ae
attributes_split_polygon_4	attr	Pt	6e8f3c5ba50efaabc964e574bc8693b6 31 d0d9d611e015a9fd
attributes_split_polygon_4	attr	Pt	6e8f3c5ba50efaabc964e574bc8693b6 43 a053452991ec29602a
attributes_split_polygon_4	attr	Pt	6e8f3c5ba50efaabc964e574bc8693b6 47 f6018901c5ec44392a
attributes_split_polygon_4	attr	Pt	6e8f3c5ba50efaabc964e574bc8693b6 7 ad8517203d04d72b
attributes_split_polygon_4	attr	Pt	749654a4de057d82e5c5cda30eaff6ff 20 9c5f78c8a6f9c2302a
attributes_split_polygon_4	attr	Pt	749654a4de057d82e5c5cda30eaff6ff 24 ffe957df57bc8ffb2a
attributes_split_polygon_4	attr	Pt	749654a4de057d82e5c5cda30eaff6ff 28 f89acb379d468d0e
attributes_split_polygon_4	attr	Pt	749654a4de057d82e5c5cda30eaff6ff 32 d5f31ccc15353b20
attributes_split_polygon_4	attr	Pt	749654a4de057d82e5c5cda30eaff6ff 4 b37346deceaf2e7b
attributes_split_polygon_4	attr	Pt	749654a4de057d82e5c5cda30eaff6ff 44 9c84f0e606702a8f2a
attributes_split_polygon_4	attr	Pt	749654a4de057d82e5c5cda30eaff6ff 48 3d127e587195367c2a
attributes_split_polygon_4	attr	Pt	749654a4de057d82e5c5cda30eaff6ff 8 79734ced9afa2721
attributes_split_polygon_4	attr	Pt	8dbc8323f395f7f6ac35f61bf5685be9 18 6c72ed600b4c748d2a
attributes_split_polygon_4	attr	Pt	8dbc8323f395f7f6ac35f61bf5685be9 2 7130abbe5d1ddb1a
attributes_split_polygon_4	attr	Pt	8dbc8323f395f7f6ac35f61bf5685be9 22 c90e614d4279851f2a
attributes_split_polygon_4	attr	Pt	8dbc8323f395f7f6ac35f61bf5685be9 26 dc8d6034aa5bb694
attributes_split_polygon_4	attr	Pt	8dbc8323f395f7f6ac35f61bf5685be9 30 f25bb89055a01c55
attributes_split_polygon_4	attr	Pt	8dbc8323f395f7f6ac35f61bf5685be9 42 f748afd68b9f2d612a
attributes_split_polygon_4	attr	Pt	8dbc8323f395f7f6ac35f61bf5685be9 46 4f968e31d3c0378e2a
attributes_split_polygon_4	attr	Pt	8dbc8323f395f7f6ac35f61bf5685be9 6 450d6f1064fcd0ed
attributes_split_polygon_4	attr	Pt	929eff9b9aada398e599a73b90078d8c 19 da381ecad07001312a
attributes_split_polygon_4	attr	Pt	929eff9b9aada398e599a73b90078d8c 23 738d4fe70e06fccb2a
attributes_split_polygon_4	attr	Pt	929eff9b9aada398e599a73b90078d8c 27 1609554e301bb829
attributes_split_polygon_4	attr	Pt	929eff9b9aada398e599a73b90078d8c 3 492288bb9551ec48
attributes_split_polygon_4	attr	Pt	929eff9b9aada398e599a73b90078d8c 31 be7aa0a42895c75d
attributes_split_polygon_4	attr	Pt	929eff9b9aada398e599a73b90078d8c 43 d2ba6111bd496c822a
attributes_split_polygon_4	attr	Pt	929eff9b9aada398e599a73b90078d8c 47 4a0736e5cb1300022a
attributes_split_polygon_4	attr	Pt	929eff9b9aada398e599a73b90078d8c 7 bd6fef06e523bf23
attributes_split_polygon_4	attr	Pt	92a67350a6ada398e599a73ddadf7efd 1 95d2659f8b0e7298
attributes_split_polygon_4	attr	Pt	92a67350a6ada398e599a73ddadf7efd 17 174bb407b4b13c992a
attributes_split_polygon_4	attr	Pt	92a67350a6ada398e599a73ddadf7efd 21 e24b5066fcca28522a
attributes_split_polygon_4	attr	Pt	92a67350a6ada398e599a73ddadf7efd 25 a5dfb5bc30ac2f7d
attributes_split_polygon_4	attr	Pt	92a67350a6ada398e599a73ddadf7efd 29 d3c069b89c8e36bb
attributes_split_polygon_4	attr	Pt	92a67350a6ada398e599a73ddadf7efd 41 3035114f7455692f2a
attributes_split_polygon_4	attr	Pt	92a67350a6ada398e599a73ddadf7efd 45 1b3ddb6c0c434d362a
attributes_split_polygon_4	attr	Pt	92a67350a6ada398e599a73ddadf7efd 5 9a7ebd842739f033
attributes_split_polygon_4	attr	Pt	92ade705b2ada398e599a74025b7706e 19 4c0fd5fc0e7001312a
attributes_split_polygon_4	attr	Pt	92ade705b2ada398e599a74025b7706e 23 087afe934006fccc2a
attributes_split_polygon_4	attr	Pt	92ade705b2ada398e599a74025b7706e 27 aa7c5fa6221bb829
attributes_split_polygon_4	attr	Pt	92ade705b2ada398e599a74025b7706e 3 fba71c0ca751ec48
attributes_split_polygon_4	attr	Pt	92ade705b2ada398e599a74025b7706e 31 70c273adca95c75d
attributes_split_polygon_4	attr	Pt	92ade705b2ada398e599a74025b7706e 43 aa730e9d8b496c822a
attributes_split_polygon_4	attr	Pt	92ade705b2ada398e599a74025b7706e 47 2149cae8591300022a
attributes_split_polygon_4	attr	Pt	92ade705b2ada398e599a74025b7706e 7 706a996c3723bf23
attributes_split_polygon_4	attr	Pt	92b55ababeada398e599a742708f61df 1 07aa1cd0c90e7298
attributes_split_polygon_4	attr	Pt	92b55ababeada398e599a742708f61df 17 407e15a206b13c992a
attributes_split_polygon_4	attr	Pt	92b55ababeada398e599a742708f61df 21 2ffef2925aca28522a
attributes_split_polygon_4	attr	Pt	92b55ababeada398e599a742708f61df 25 f3935a5d8eac2f7d
attributes_split_polygon_4	attr	Pt	92b55ababeada398e599a742708f61df 29 459820e9da8e36bb
attributes_split_polygon_4	attr	Pt	92b55ababeada398e599a742708f61df 41 e2816f241655692f2a
attributes_split_polygon_4	attr	Pt	92b55ababeada398e599a742708f61df 45 6158d2a4ae434d372a
attributes_split_polygon_4	attr	Pt	92b55ababeada398e599a742708f61df 5 0c56777a6539f033
attributes_split_polygon_4	attr	Pt	e2d9157484b8dcbe41f80e8482f718a8 20 c7a9ccb1fd62c4442a
attributes_split_polygon_4	attr	Pt	e2d9157484b8dcbe41f80e8482f718a8 24 6a4a2a8103250d232a
attributes_split_polygon_4	attr	Pt	e2d9157484b8dcbe41f80e8482f718a8 28 f4dd3fb35898e033
attributes_split_polygon_4	attr	Pt	e2d9157484b8dcbe41f80e8482f718a8 32 8f8696a6f9cb0f7a
attributes_split_polygon_4	attr	Pt	e2d9157484b8dcbe41f80e8482f718a8 4 c61ba774f868a929
attributes_split_polygon_4	attr	Pt	e2d9157484b8dcbe41f80e8482f718a8 44 55604a031dab2df32a
attributes_split_polygon_4	attr	Pt	e2d9157484b8dcbe41f80e8482f718a8 48 8062572ab40d71cc2a
attributes_split_polygon_4	attr	Pt	e2d9157484b8dcbe41f80e8482f718a8 8 89bbc898ebe30021
attributes_split_polygon_4	attr	Pt	e2e0892990b8dcbe41f80e86cdcf0a19 18 41d7cdb952b1431a2a
attributes_split_polygon_4	attr	Pt	e2e0892990b8dcbe41f80e86cdcf0a19 2 f8dbd80a87f50008
attributes_split_polygon_4	attr	Pt	e2e0892990b8dcbe41f80e86cdcf0a19 22 4346a7a0efac3c8a2a
attributes_split_polygon_4	attr	Pt	e2e0892990b8dcbe41f80e86cdcf0a19 26 ee3bbe104d83a504
attributes_split_polygon_4	attr	Pt	e2e0892990b8dcbe41f80e86cdcf0a19 30 038115aad9a0449c
attributes_split_polygon_4	attr	Pt	e2e0892990b8dcbe41f80e86cdcf0a19 42 a10f882227f99d7d2a
attributes_split_polygon_4	attr	Pt	e2e0892990b8dcbe41f80e86cdcf0a19 46 6b82caade23b93e22a
attributes_split_polygon_4	attr	Pt	e2e0892990b8dcbe41f80e86cdcf0a19 6 4e2ef64543b91d4f
attributes_split_polygon_4	attr	Pt	e2e7fcde9cb8dcbe41f80e8918a6fb8a 20 d3015bb96362c4442a
attributes_split_polygon_4	attr	Pt	e2e7fcde9cb8dcbe41f80e8918a6fb8a 24 b63fdf7a89250d232a
attributes_split_polygon_4	attr	Pt	e2e7fcde9cb8dcbe41f80e8918a6fb8a 28 3faf5addde98e033
attributes_split_polygon_4	attr	Pt	e2e7fcde9cb8dcbe41f80e8918a6fb8a 32 bcc1ce7b8fcb0f7a
attributes_split_polygon_4	attr	Pt	e2e7fcde9cb8dcbe41f80e8918a6fb8a 4 ad53ac199e68a929
attributes_split_polygon_4	attr	Pt	e2e7fcde9cb8dcbe41f80e8918a6fb8a 44 e45ffcbad7ab2df32a
attributes_split_polygon_4	attr	Pt	e2e7fcde9cb8dcbe41f80e8918a6fb8a 48 7b937057ae0d71cc2a
attributes_split_polygon_4	attr	Pt	e2e7fcde9cb8dcbe41f80e8918a6fb8a 8 951357a051e30021
attributes_split_polygon_4	attr	Pt	e2ef7093a8b8dcbe41f80e8b637eecfb 18 0a59deb4d8b1431a2a
attributes_split_polygon_4	attr	Pt	e2ef7093a8b8dcbe41f80e8b637eecfb 2 eba9a24d71f50008
attributes_split_polygon_4	attr	Pt	e2ef7093a8b8dcbe41f80e8b637eecfb 22 160b710859ac3c8a2a
attributes_split_polygon_4	attr	Pt	e2ef7093a8b8dcbe41f80e8b637eecfb 26 7e55f601b783a504
attributes_split_polygon_4	attr	Pt	e2ef7093a8b8dcbe41f80e8b637eecfb 30 1c49110633a0449c
attributes_split_polygon_4	attr	Pt	e2ef7093a8b8dcbe41f80e8b637eecfb 42 f26a4945bdf99d7d2a
attributes_split_polygon_4	attr	Pt	e2ef7093a8b8dcbe41f80e8b637eecfb 46 b868184a783b93e22a
attributes_split_polygon_4	attr	Pt	e2ef7093a8b8dcbe41f80e8b637eecfb 6 0447ea2dadb91d4e
attributes_split_polygon_4	attr	Pt	effc6946105785ab5e2ccaa7270be668 18 79c0e7aa52ae905c2a
attributes_split_polygon_4	attr	Pt	effc6946105785ab5e2ccaa7270be668 2 18837c3a11948bff
attributes_split_polygon_4	attr	Pt	effc6946105785ab5e2ccaa7270be668 22 be42ea13a1da2a522a
attributes_split_polygon_4	attr	Pt	effc6946105785ab5e2ccaa7270be668 26 18d2956a3889df01
attributes_split_polygon_4	attr	Pt	effc6946105785ab5e2ccaa7270be668 30 86105c406b5afa61
attributes_split_polygon_4	attr	Pt	effc6946105785ab5e2ccaa7270be668 42 0ac476bac3aa37872a
attributes_split_polygon_4	attr	Pt	effc6946105785ab5e2ccaa7270be668 46 61564184523768e42a
attributes_split_polygon_4	attr	Pt	effc6946105785ab5e2ccaa7270be668 6 9f4606563f7f892d
attributes_split_polygon_4	attr	Pt	f003dcfb1c5785ab5e2ccaa971e3d7d9 20 f95a45111247f9d42a
attributes_split_polygon_4	attr	Pt	f003dcfb1c5785ab5e2ccaa971e3d7d9 24 1620ffa05a5230682a
attributes_split_polygon_4	attr	Pt	f003dcfb1c5785ab5e2ccaa971e3d7d9 28 a8a21f483d7c1e7e
attributes_split_polygon_4	attr	Pt	f003dcfb1c5785ab5e2ccaa971e3d7d9 32 7c4644363df453e3
attributes_split_polygon_4	attr	Pt	f003dcfb1c5785ab5e2ccaa971e3d7d9 4 489182f3ffb6ec92
attributes_split_polygon_4	attr	Pt	f003dcfb1c5785ab5e2ccaa971e3d7d9 44 b787186242915f712a
attributes_split_polygon_4	attr	Pt	f003dcfb1c5785ab5e2ccaa971e3d7d9 48 9ac18c84c6a967ab2a
attributes_split_polygon_4	attr	Pt	f003dcfb1c5785ab5e2ccaa971e3d7d9 8 7fdaa4f81441e1a4
attributes_split_polygon_4	attr	Pt	f00b50b0285785ab5e2ccaabbcbbc94a 18 b13ed6aeccae905c2a
attributes_split_polygon_4	attr	Pt	f00b50b0285785ab5e2ccaabbcbbc94a 2 a7832edd7b948bff
attributes_split_polygon_4	attr	Pt	f00b50b0285785ab5e2ccaabbcbbc94a 22 6ce828f10bda2a522a
attributes_split_polygon_4	attr	Pt	f00b50b0285785ab5e2ccaabbcbbc94a 26 ceeb8952a289df01
attributes_split_polygon_4	attr	Pt	f00b50b0285785ab5e2ccaabbcbbc94a 30 d979c646f15afa61
attributes_split_polygon_4	attr	Pt	f00b50b0285785ab5e2ccaabbcbbc94a 42 37ffae8f59aa37872a
attributes_split_polygon_4	attr	Pt	f00b50b0285785ab5e2ccaabbcbbc94a 46 b2b102a6e83768e42a
attributes_split_polygon_4	attr	Pt	f00b50b0285785ab5e2ccaabbcbbc94a 6 b92d10a2a97f892d
attributes_split_polygon_4	attr	Pt	f012c465345785ab5e2ccaae0793babb 20 4c9438c8f847f9d52a
attributes_split_polygon_4	attr	Pt	f012c465345785ab5e2ccaae0793babb 24 d72f5bb7405230682a
attributes_split_polygon_4	attr	Pt	f012c465345785ab5e2ccaae0793babb 28 8fda23c5837c1e7e
attributes_split_polygon_4	attr	Pt	f012c465345785ab5e2ccaae0793babb 32 2aeb8312a7f453e3
attributes_split_polygon_4	attr	Pt	f012c465345785ab5e2ccaae0793babb 4 948737ed85b6ec92
attributes_split_polygon_4	attr	Pt	f012c465345785ab5e2ccaae0793babb 44 ab3ff1b83c915f712a
attributes_split_polygon_4	attr	Pt	f012c465345785ab5e2ccaae0793babb 48 b389880780a967ab2a
attributes_split_polygon_4	attr	Pt	f012c465345785ab5e2ccaae0793babb 8 d31498affa41e1a4
attributes_split_polygon_4	attr	Pt	f4566574f2af5f955e58f984ecd691fc 19 b81ed58bc12cd4322a
attributes_split_polygon_4	attr	Pt	f4566574f2af5f955e58f984ecd691fc 23 eef63aef2f25c7bd2a
attributes_split_polygon_4	attr	Pt	f4566574f2af5f955e58f984ecd691fc 27 5e4b9ebb844d0883
attributes_split_polygon_4	attr	Pt	f4566574f2af5f955e58f984ecd691fc 3 c589449fdc79f7a2
attributes_split_polygon_4	attr	Pt	f4566574f2af5f955e58f984ecd691fc 31 d427dcb1c8de7df0
attributes_split_polygon_4	attr	Pt	f4566574f2af5f955e58f984ecd691fc 43 bf04e93eb7dca88a2a
attributes_split_polygon_4	attr	Pt	f4566574f2af5f955e58f984ecd691fc 47 9a462e09e9c57bea2a
attributes_split_polygon_4	attr	Pt	f4566574f2af5f955e58f984ecd691fc 7 1958e0322384c75c
attributes_split_polygon_4	attr	Pt	f45dd929feaf5f955e58f98737ae836d 1 f14d77210a096dfa
attributes_split_polygon_4	attr	Pt	f45dd929feaf5f955e58f98737ae836d 17 7324dfad93ec4a3a2a
attributes_split_polygon_4	attr	Pt	f45dd929feaf5f955e58f98737ae836d 21 b0cf2f129c503ec42a
attributes_split_polygon_4	attr	Pt	f45dd929feaf5f955e58f98737ae836d 25 83cf2a70ec10fc9e
attributes_split_polygon_4	attr	Pt	f45dd929feaf5f955e58f98737ae836d 29 37189369d9accd23
attributes_split_polygon_4	attr	Pt	f45dd929feaf5f955e58f98737ae836d 41 70322f47563faca52a
attributes_split_polygon_4	attr	Pt	f45dd929feaf5f955e58f98737ae836d 45 bf2a0d08bc09e2cc2a
attributes_split_polygon_4	attr	Pt	f45dd929feaf5f955e58f98737ae836d 5 ced59f44a4b95504
attributes_split_polygon_4	attr	Pt	f4654cdf0aaf5f955e58f989828674de 19 e2d65757992cd4322a
attributes_split_polygon_4	attr	Pt	f4654cdf0aaf5f955e58f989828674de 23 105ff08d2725c7bd2a
attributes_split_polygon_4	attr	Pt	f4654cdf0aaf5f955e58f989828674de 27 7fb94d063c4d0883
attributes_split_polygon_4	attr	Pt	f4654cdf0aaf5f955e58f989828674de 3 e8d19c2ab479f7a2
attributes_split_polygon_4	attr	Pt	f4654cdf0aaf5f955e58f989828674de 31 d174aa17b0de7df0
attributes_split_polygon_4	attr	Pt	f4654cdf0aaf5f955e58f989828674de 43 9d973af3ffdca88a2a
attributes_split_polygon_4	attr	Pt	f4654cdf0aaf5f955e58f989828674de 47 7164361ef1c57bea2a
attributes_split_polygon_4	attr	Pt	f4654cdf0aaf5f955e58f989828674de 7 62ca4e7bbb84c75c
attributes_split_polygon_4	attr	Pt	f46cc09416af5f955e58f98bcd5e664f 1 ee9ecf50f2096dfa
attributes_split_polygon_4	attr	Pt	f46cc09416af5f955e58f98bcd5e664f 17 6e930b259bec4a3a2a
attributes_split_polygon_4	attr	Pt	f46cc09416af5f955e58f98bcd5e664f 21 87f253e9c4503ec42a
attributes_split_polygon_4	attr	Pt	f46cc09416af5f955e58f98bcd5e664f 25 3c37d3986410fc9e
attributes_split_polygon_4	attr	Pt	f46cc09416af5f955e58f98bcd5e664f 29 3469eb99c1accd23
attributes_split_polygon_4	attr	Pt	f46cc09416af5f955e58f98bcd5e664f 41 b7c4fb55de3faca52a
attributes_split_polygon_4	attr	Pt	f46cc09416af5f955e58f98bcd5e664f 45 e09333269409e2cc2a
attributes_split_polygon_4	attr	Pt	f46cc09416af5f955e58f98bcd5e664f 5 ad6d0d6d1cb95504
attributes_split_polygon_4	attr	L	03da5dd0a81b704b94a708d6c42ee5f9 18 6c72ed600b4c748d2a
attributes_split_polygon_4	attr	L	03da5dd0a81b704b94a708d6c42ee5f9 2 7130abbe5d1ddb1a
attributes_split_polygon_4	attr	L	03da5dd0a81b704b94a708d6c42ee5f9 26 dc8d6034aa5bb694
attributes_split_polygon_4	attr	L	03da5dd0a81b704b94a708d6c42ee5f9 42 f748afd68b9f2d612a
attributes_split_polygon_4	attr	L	09e9925f0961cc7a38e4e75b8fc7795f 18 37a15455e51d918f2a
attributes_split_polygon_4	attr	L	09e9925f0961cc7a38e4e75b8fc7795f 2 6757c766b2770a20
attributes_split_polygon_4	attr	L	09e9925f0961cc7a38e4e75b8fc7795f 26 ee742f3d3cfc0d11
attributes_split_polygon_4	attr	L	09e9925f0961cc7a38e4e75b8fc7795f 42 65fecfa8aa24c9af2a
attributes_split_polygon_4	attr	L	239253249037394b127b252354a147f6 18 ff3cd005c11d919a2a
attributes_split_polygon_4	attr	L	239253249037394b127b252354a147f6 2 4dac384e96770a17
attributes_split_polygon_4	attr	L	239253249037394b127b252354a147f6 26 ba3135b560fc0d06
attributes_split_polygon_4	attr	L	239253249037394b127b252354a147f6 42 7f2fbbcd4624c9b92a
attributes_split_polygon_4	attr	L	23a26e2b66197e636d06788614c06335 1 ee9ecf50f2096dfa
attributes_split_polygon_4	attr	L	23a26e2b66197e636d06788614c06335 17 6e930b259bec4a3a2a
attributes_split_polygon_4	attr	L	23a26e2b66197e636d06788614c06335 25 3c37d3986410fc9e
attributes_split_polygon_4	attr	L	23a26e2b66197e636d06788614c06335 41 b7c4fb55de3faca52a
attributes_split_polygon_4	attr	L	2958f71aa862bed0ba8b2c50803f2850 1 ce375c88c29a5306
attributes_split_polygon_4	attr	L	2958f71aa862bed0ba8b2c50803f2850 17 5725196a2fbf55792a
attributes_split_polygon_4	attr	L	2958f71aa862bed0ba8b2c50803f2850 21 2509fbb647bd3b872a
attributes_split_polygon_4	attr	L	2958f71aa862bed0ba8b2c50803f2850 25 f23ca2b3cde6d6bd
attributes_split_polygon_4	attr	L	2958f71aa862bed0ba8b2c50803f2850 29 47b6fca1c0a06b37
attributes_split_polygon_4	attr	L	2958f71aa862bed0ba8b2c50803f2850 41 26232a7dcf596f412a
attributes_split_polygon_4	attr	L	2958f71aa862bed0ba8b2c50803f2850 45 2403fc4fdb2a11aa2a
attributes_split_polygon_4	attr	L	2958f71aa862bed0ba8b2c50803f2850 5 447764a13d0b9c83
attributes_split_polygon_4	attr	L	29606acfb462bed0ba8b2c52cb1719c1 19 b691071e35291a412a
attributes_split_polygon_4	attr	L	29606acfb462bed0ba8b2c52cb1719c1 23 f4c1eccf597cc5d42a
attributes_split_polygon_4	attr	L	29606acfb462bed0ba8b2c52cb1719c1 27 ceb281dde4c9795e
attributes_split_polygon_4	attr	L	29606acfb462bed0ba8b2c52cb1719c1 3 9e70f3609813b4b6
attributes_split_polygon_4	attr	L	29606acfb462bed0ba8b2c52cb1719c1 31 a8e45feed2c4f6f4
attributes_split_polygon_4	attr	L	29606acfb462bed0ba8b2c52cb1719c1 43 4e8d6ccd1c8362e82a
attributes_split_polygon_4	attr	L	29606acfb462bed0ba8b2c52cb1719c1 47 e4018cd301ff790b2a
attributes_split_polygon_4	attr	L	29606acfb462bed0ba8b2c52cb1719c1 7 510c5820a6614ec8
attributes_split_polygon_4	attr	L	2967de84c062bed0ba8b2c5515ef0b32 1 1cb5a30c849a5306
attributes_split_polygon_4	attr	L	2967de84c062bed0ba8b2c5515ef0b32 17 9d78461e61bf55792a
attributes_split_polygon_4	attr	L	2967de84c062bed0ba8b2c5515ef0b32 21 d751cc49e9bd3b872a
attributes_split_polygon_4	attr	L	2967de84c062bed0ba8b2c5515ef0b32 25 8064e8bd8fe6d6bd
attributes_split_polygon_4	attr	L	2967de84c062bed0ba8b2c5515ef0b32 29 9635432582a06b37
attributes_split_polygon_4	attr	L	2967de84c062bed0ba8b2c5515ef0b32 41 9082a2270d596f412a
attributes_split_polygon_4	attr	L	2967de84c062bed0ba8b2c5515ef0b32 45 fb847487392a11aa2a
attributes_split_polygon_4	attr	L	2967de84c062bed0ba8b2c5515ef0b32 5 6cf6ec69df0b9c83
attributes_split_polygon_4	attr	L	296f5239cc62bed0ba8b2c5760c6fca3 19 03599c4973291a412a
attributes_split_polygon_4	attr	L	296f5239cc62bed0ba8b2c5760c6fca3 23 cc0480d1e77cc5d42a
attributes_split_polygon_4	attr	L	296f5239cc62bed0ba8b2c5760c6fca3 27 a580204392c9795e
attributes_split_polygon_4	attr	L	296f5239cc62bed0ba8b2c5760c6fca3 3 75b4ab508613b4b6
attributes_split_polygon_4	attr	L	296f5239cc62bed0ba8b2c5760c6fca3 31 efea642694c4f6f4
attributes_split_polygon_4	attr	L	296f5239cc62bed0ba8b2c5760c6fca3 43 77bfce676e8362e82a
attributes_split_polygon_4	attr	L	296f5239cc62bed0ba8b2c5760c6fca3 47 9687419c73ff790b2a
attributes_split_polygon_4	attr	L	296f5239cc62bed0ba8b2c5760c6fca3 7 bc994dc8b4614ec8
attributes_split_polygon_4	attr	L	41957d5eb3a832729763bc7d0159f870 20 08d75766618780202a
attributes_split_polygon_4	attr	L	41957d5eb3a832729763bc7d0159f870 28 66de85d4a51bdf10
attributes_split_polygon_4	attr	L	41957d5eb3a832729763bc7d0159f870 4 199efdad35c8264c
attributes_split_polygon_4	attr	L	41957d5eb3a832729763bc7d0159f870 44 d6533400f4a18a412a
attributes_split_polygon_4	attr	L	5bce01e70fab4c7260fff52feb2e2f28 19 b81ed58bc12cd4322a
attributes_split_polygon_4	attr	L	5bce01e70fab4c7260fff52feb2e2f28 27 5e4b9ebb844d0883
attributes_split_polygon_4	attr	L	5bce01e70fab4c7260fff52feb2e2f28 3 c589449fdc79f7a2
attributes_split_polygon_4	attr	L	5bce01e70fab4c7260fff52feb2e2f28 43 bf04e93eb7dca88a2a
attributes_split_polygon_4	attr	L	6147ef8c5851f35e48d9f34f71b99ceb 20 5fd0ce8cc58780172a
attributes_split_polygon_4	attr	L	6147ef8c5851f35e48d9f34f71b99ceb 28 b74fd731c91bdf05
attributes_split_polygon_4	attr	L	6147ef8c5851f35e48d9f34f71b99ceb 4 518db282a9c82641
attributes_split_polygon_4	attr	L	6147ef8c5851f35e48d9f34f71b99ceb 44 61be4ea590a18a4a2a
attributes_split_polygon_4	attr	L	749654a4de057d82e5c5cda30eaff6ff 20 9c5f78c8a6f9c2302a
attributes_split_polygon_4	attr	L	749654a4de057d82e5c5cda30eaff6ff 24 ffe957df57bc8ffb2a
attributes_split_polygon_4	attr	L	749654a4de057d82e5c5cda30eaff6ff 28 f89acb379d468d0e
attributes_split_polygon_4	attr	L	749654a4de057d82e5c5cda30eaff6ff 32 d5f31ccc15353b20
attributes_split_polygon_4	attr	L	749654a4de057d82e5c5cda30eaff6ff 4 b37346deceaf2e7b
attributes_split_polygon_4	attr	L	749654a4de057d82e5c5cda30eaff6ff 44 9c84f0e606702a8f2a
attributes_split_polygon_4	attr	L	749654a4de057d82e5c5cda30eaff6ff 48 3d127e587195367c2a
attributes_split_polygon_4	attr	L	749654a4de057d82e5c5cda30eaff6ff 8 79734ced9afa2721
attributes_split_polygon_4	attr	L	929eff9b9aada398e599a73b90078d8c 19 da381ecad07001312a
attributes_split_polygon_4	attr	L	929eff9b9aada398e599a73b90078d8c 23 738d4fe70e06fccb2a
attributes_split_polygon_4	attr	L	929eff9b9aada398e599a73b90078d8c 27 1609554e301bb829
attributes_split_polygon_4	attr	L	929eff9b9aada398e599a73b90078d8c 3 492288bb9551ec48
attributes_split_polygon_4	attr	L	929eff9b9aada398e599a73b90078d8c 31 be7aa0a42895c75d
attributes_split_polygon_4	attr	L	929eff9b9aada398e599a73b90078d8c 43 d2ba6111bd496c822a
attributes_split_polygon_4	attr	L	929eff9b9aada398e599a73b90078d8c 47 4a0736e5cb1300022a
attributes_split_polygon_4	attr	L	929eff9b9aada398e599a73b90078d8c 7 bd6fef06e523bf23
attributes_split_polygon_4	attr	L	92a67350a6ada398e599a73ddadf7efd 1 95d2659f8b0e7298
attributes_split_polygon_4	attr	L	92a67350a6ada398e599a73ddadf7efd 17 174bb407b4b13c992a
attributes_split_polygon_4	attr	L	92a67350a6ada398e599a73ddadf7efd 21 e24b5066fcca28522a
attributes_split_polygon_4	attr	L	92a67350a6ada398e599a73ddadf7efd 25 a5dfb5bc30ac2f7d
attributes_split_polygon_4	attr	L	92a67350a6ada398e599a73ddadf7efd 29 d3c069b89c8e36bb
attributes_split_polygon_4	attr	L	92a67350a6ada398e599a73ddadf7efd 41 3035114f7455692f2a
attributes_split_polygon_4	attr	L	92a67350a6ada398e599a73ddadf7efd 45 1b3ddb6c0c434d362a
attributes_split_polygon_4	attr	L	92a67350a6ada398e599a73ddadf7efd 5 9a7ebd842739f033
attributes_split_polygon_4	attr	L	92ade705b2ada398e599a74025b7706e 19 4c0fd5fc0e7001312a
attributes_split_polygon_4	attr	L	92ade705b2ada398e599a74025b7706e 23 087afe934006fccc2a
attributes_split_polygon_4	attr	L	92ade705b2ada398e599a74025b7706e 27 aa7c5fa6221bb829
attributes_split_polygon_4	attr	L	92ade705b2ada398e599a74025b7706e 3 fba71c0ca751ec48
attributes_split_polygon_4	attr	L	92ade705b2ada398e599a74025b7706e 31 70c273adca95c75d
attributes_split_polygon_4	attr	L	92ade705b2ada398e599a74025b7706e 43 aa730e9d8b496c822a
attributes_split_polygon_4	attr	L	92ade705b2ada398e599a74025b7706e 47 2149cae8591300022a
attributes_split_polygon_4	attr	L	92ade705b2ada398e599a74025b7706e 7 706a996c3723bf23
attributes_split_polygon_4	attr	L	92b55ababeada398e599a742708f61df 1 07aa1cd0c90e7298
attributes_split_polygon_4	attr	L	92b55ababeada398e599a742708f61df 17 407e15a206b13c992a
attributes_split_polygon_4	attr	L	92b55ababeada398e599a742708f61df 21 2ffef2925aca28522a
attributes_split_polygon_4	attr	L	92b55ababeada398e599a742708f61df 25 f3935a5d8eac2f7d
attributes_split_polygon_4	attr	L	92b55ababeada398e599a742708f61df 29 459820e9da8e36bb
attributes_split_polygon_4	attr	L	92b55ababeada398e599a742708f61df 41 e2816f241655692f2a
attributes_split_polygon_4	attr	L	92b55ababeada398e599a742708f61df 45 6158d2a4ae434d372a
attributes_split_polygon_4	attr	L	92b55ababeada398e599a742708f61df 5 0c56777a6539f033
attributes_split_polygon_4	attr	L	cad1feec7d03aa695f163df0dfb6efaf 19 e2d65757992cd4322a
attributes_split_polygon_4	attr	L	cad1feec7d03aa695f163df0dfb6efaf 27 7fb94d063c4d0883
attributes_split_polygon_4	attr	L	cad1feec7d03aa695f163df0dfb6efaf 3 e8d19c2ab479f7a2
attributes_split_polygon_4	attr	L	cad1feec7d03aa695f163df0dfb6efaf 43 9d973af3ffdca88a2a
attributes_split_polygon_4	attr	L	fa6d3a9fbb50c9403e6172e34d98e3a9 1 f14d77210a096dfa
attributes_split_polygon_4	attr	L	fa6d3a9fbb50c9403e6172e34d98e3a9 17 7324dfad93ec4a3a2a
attributes_split_polygon_4	attr	L	fa6d3a9fbb50c9403e6172e34d98e3a9 25 83cf2a70ec10fc9e
attributes_split_polygon_4	attr	L	fa6d3a9fbb50c9403e6172e34d98e3a9 41 70322f47563faca52a
attributes_split_polygon_4	attr	U	305dc15a2fa0101f2b5034febd89496f 19 b81ed58bc12cd4322a
attributes_split_polygon_4	attr	U	305dc15a2fa0101f2b5034febd89496f 27 5e4b9ebb844d0883
attributes_split_polygon_4	attr	U	305dc15a2fa0101f2b5034febd89496f 3 c589449fdc79f7a2
attributes_split_polygon_4	attr	U	305dc15a2fa0101f2b5034febd89496f 43 bf04e93eb7dca88a2a
attributes_split_polygon_4	attr	U	41cda1ce934743511650aadabff24cdb 20 08d75766618780202a
attributes_split_polygon_4	attr	U	41cda1ce934743511650aadabff24cdb 28 66de85d4a51bdf10
attributes_split_polygon_4	attr	U	41cda1ce934743511650aadabff24cdb 4 199efdad35c8264c
attributes_split_polygon_4	attr	U	41cda1ce934743511650aadabff24cdb 44 d6533400f4a18a412a
attributes_split_polygon_4	attr	U	4e6656bb1c5f38812b919ce0a3986c8a 18 6c72ed600b4c748d2a
attributes_split_polygon_4	attr	U	4e6656bb1c5f38812b919ce0a3986c8a 2 7130abbe5d1ddb1a
attributes_split_polygon_4	attr	U	4e6656bb1c5f38812b919ce0a3986c8a 26 dc8d6034aa5bb694
attributes_split_polygon_4	attr	U	4e6656bb1c5f38812b919ce0a3986c8a 42 f748afd68b9f2d612a
attributes_split_polygon_4	attr	U	6a6b6264bdee1af396761e7793c1f606 1 ee9ecf50f2096dfa
attributes_split_polygon_4	attr	U	6a6b6264bdee1af396761e7793c1f606 17 6e930b259bec4a3a2a
attributes_split_polygon_4	attr	U	6a6b6264bdee1af396761e7793c1f606 25 3c37d3986410fc9e
attributes_split_polygon_4	attr	U	6a6b6264bdee1af396761e7793c1f606 41 b7c4fb55de3faca52a
attributes_split_polygon_4	attr	U	6e8f3c5ba50efaabc964e574bc8693b6 19 f6a5da25c80525272a
attributes_split_polygon_4	attr	U	6e8f3c5ba50efaabc964e574bc8693b6 23 616c1ae56e1d9db72a
attributes_split_polygon_4	attr	U	6e8f3c5ba50efaabc964e574bc8693b6 27 300c9a805a1d85d1
attributes_split_polygon_4	attr	U	6e8f3c5ba50efaabc964e574bc8693b6 3 8528b954f104f1ae
attributes_split_polygon_4	attr	U	6e8f3c5ba50efaabc964e574bc8693b6 31 d0d9d611e015a9fd
attributes_split_polygon_4	attr	U	6e8f3c5ba50efaabc964e574bc8693b6 43 a053452991ec29602a
attributes_split_polygon_4	attr	U	6e8f3c5ba50efaabc964e574bc8693b6 47 f6018901c5ec44392a
attributes_split_polygon_4	attr	U	6e8f3c5ba50efaabc964e574bc8693b6 7 ad8517203d04d72b
attributes_split_polygon_4	attr	U	7627e233031db320562ed07bfb89eebc 19 e2d65757992cd4322a
attributes_split_polygon_4	attr	U	7627e233031db320562ed07bfb89eebc 27 7fb94d063c4d0883
attributes_split_polygon_4	attr	U	7627e233031db320562ed07bfb89eebc 3 e8d19c2ab479f7a2
attributes_split_polygon_4	attr	U	7627e233031db320562ed07bfb89eebc 43 9d973af3ffdca88a2a
attributes_split_polygon_4	attr	U	acdfeda70e4df6e354fecc4352bd3694 20 5fd0ce8cc58780172a
attributes_split_polygon_4	attr	U	acdfeda70e4df6e354fecc4352bd3694 28 b74fd731c91bdf05
attributes_split_polygon_4	attr	U	acdfeda70e4df6e354fecc4352bd3694 4 518db282a9c82641
attributes_split_polygon_4	attr	U	acdfeda70e4df6e354fecc4352bd3694 44 61be4ea590a18a4a2a
attributes_split_polygon_4	attr	U	caf5613549786a45a38de0ac9e25cbb0 18 37a15455e51d918f2a
attributes_split_polygon_4	attr	U	caf5613549786a45a38de0ac9e25cbb0 2 6757c766b2770a20
attributes_split_polygon_4	attr	U	caf5613549786a45a38de0ac9e25cbb0 26 ee742f3d3cfc0d11
attributes_split_polygon_4	attr	U	caf5613549786a45a38de0ac9e25cbb0 42 65fecfa8aa24c9af2a
attributes_split_polygon_4	attr	U	d3d0fd56f064e4206381d60580e10441 18 ff3cd005c11d919a2a
attributes_split_polygon_4	attr	U	d3d0fd56f064e4206381d60580e10441 2 4dac384e96770a17
attributes_split_polygon_4	attr	U	d3d0fd56f064e4206381d60580e10441 26 ba3135b560fc0d06
attributes_split_polygon_4	attr	U	d3d0fd56f064e4206381d60580e10441 42 7f2fbbcd4624c9b92a
attributes_split_polygon_4	attr	U	e2d9157484b8dcbe41f80e8482f718a8 20 c7a9ccb1fd62c4442a
attributes_split_polygon_4	attr	U	e2d9157484b8dcbe41f80e8482f718a8 24 6a4a2a8103250d232a
attributes_split_polygon_4	attr	U	e2d9157484b8dcbe41f80e8482f718a8 28 f4dd3fb35898e033
attributes_split_polygon_4	attr	U	e2d9157484b8dcbe41f80e8482f718a8 32 8f8696a6f9cb0f7a
attributes_split_polygon_4	attr	U	e2d9157484b8dcbe41f80e8482f718a8 4 c61ba774f868a929
attributes_split_polygon_4	attr	U	e2d9157484b8dcbe41f80e8482f718a8 44 55604a031dab2df32a
attributes_split_polygon_4	attr	U	e2d9157484b8dcbe41f80e8482f718a8 48 8062572ab40d71cc2a
attributes_split_polygon_4	attr	U	e2d9157484b8dcbe41f80e8482f718a8 8 89bbc898ebe30021
attributes_split_polygon_4	attr	U	e2e0892990b8dcbe41f80e86cdcf0a19 18 41d7cdb952b1431a2a
attributes_split_polygon_4	attr	U	e2e0892990b8dcbe41f80e86cdcf0a19 2 f8dbd80a87f50008
attributes_split_polygon_4	attr	U	e2e0892990b8dcbe41f80e86cdcf0a19 22 4346a7a0efac3c8a2a
attributes_split_polygon_4	attr	U	e2e0892990b8dcbe41f80e86cdcf0a19 26 ee3bbe104d83a504
attributes_split_polygon_4	attr	U	e2e0892990b8dcbe41f80e86cdcf0a19 30 038115aad9a0449c
attributes_split_polygon_4	attr	U	e2e0892990b8dcbe41f80e86cdcf0a19 42 a10f882227f99d7d2a
attributes_split_polygon_4	attr	U	e2e0892990b8dcbe41f80e86cdcf0a19 46 6b82caade23b93e22a
attributes_split_polygon_4	attr	U	e2e0892990b8dcbe41f80e86cdcf0a19 6 4e2ef64543b91d4f
attributes_split_polygon_4	attr	U	e2e7fcde9cb8dcbe41f80e8918a6fb8a 20 d3015bb96362c4442a
attributes_split_polygon_4	attr	U	e2e7fcde9cb8dcbe41f80e8918a6fb8a 24 b63fdf7a89250d232a
attributes_split_polygon_4	attr	U	e2e7fcde9cb8dcbe41f80e8918a6fb8a 28 3faf5addde98e033
attributes_split_polygon_4	attr	U	e2e7fcde9cb8dcbe41f80e8918a6fb8a 32 bcc1ce7b8fcb0f7a
attributes_split_polygon_4	attr	U	e2e7fcde9cb8dcbe41f80e8918a6fb8a 4 ad53ac199e68a929
attributes_split_polygon_4	attr	U	e2e7fcde9cb8dcbe41f80e8918a6fb8a 44 e45ffcbad7ab2df32a
attributes_split_polygon_4	attr	U	e2e7fcde9cb8dcbe41f80e8918a6fb8a 48 7b937057ae0d71cc2a
attributes_split_polygon_4	attr	U	e2e7fcde9cb8dcbe41f80e8918a6fb8a 8 951357a051e30021
attributes_split_polygon_4	attr	U	e2ef7093a8b8dcbe41f80e8b637eecfb 18 0a59deb4d8b1431a2a
attributes_split_polygon_4	attr	U	e2ef7093a8b8dcbe41f80e8b637eecfb 2 eba9a24d71f50008
attributes_split_polygon_4	attr	U	e2ef7093a8b8dcbe41f80e8b637eecfb 22 160b710859ac3c8a2a
attributes_split_polygon_4	attr	U	e2ef7093a8b8dcbe41f80e8b637eecfb 26 7e55f601b783a504
attributes_split_polygon_4	attr	U	e2ef7093a8b8dcbe41f80e8b637eecfb 30 1c49110633a0449c
attributes_split_polygon_4	attr	U	e2ef7093a8b8dcbe41f80e8b637eecfb 42 f26a4945bdf99d7d2a
attributes_split_polygon_4	attr	U	e2ef7093a8b8dcbe41f80e8b637eecfb 46 b868184a783b93e22a
attributes_split_polygon_4	attr	U	e2ef7093a8b8dcbe41f80e8b637eecfb 6 0447ea2dadb91d4e
attributes_split_polygon_4	attr	U	effc6946105785ab5e2ccaa7270be668 18 79c0e7aa52ae905c2a
attributes_split_polygon_4	attr	U	effc6946105785ab5e2ccaa7270be668 2 18837c3a11948bff
attributes_split_polygon_4	attr	U	effc6946105785ab5e2ccaa7270be668 22 be42ea13a1da2a522a
attributes_split_polygon_4	attr	U	effc6946105785ab5e2ccaa7270be668 26 18d2956a3889df01
attributes_split_polygon_4	attr	U	effc6946105785ab5e2ccaa7270be668 30 86105c406b5afa61
attributes_split_polygon_4	attr	U	effc6946105785ab5e2ccaa7270be668 42 0ac476bac3aa37872a
attributes_split_polygon_4	attr	U	effc6946105785ab5e2ccaa7270be668 46 61564184523768e42a
attributes_split_polygon_4	attr	U	effc6946105785ab5e2ccaa7270be668 6 9f4606563f7f892d
attributes_split_polygon_4	attr	U	f003dcfb1c5785ab5e2ccaa971e3d7d9 20 f95a45111247f9d42a
attributes_split_polygon_4	attr	U	f003dcfb1c5785ab5e2ccaa971e3d7d9 24 1620ffa05a5230682a
attributes_split_polygon_4	attr	U	f003dcfb1c5785ab5e2ccaa971e3d7d9 28 a8a21f483d7c1e7e
attributes_split_polygon_4	attr	U	f003dcfb1c5785ab5e2ccaa971e3d7d9 32 7c4644363df453e3
attributes_split_polygon_4	attr	U	f003dcfb1c5785ab5e2ccaa971e3d7d9 4 489182f3ffb6ec92
attributes_split_polygon_4	attr	U	f003dcfb1c5785ab5e2ccaa971e3d7d9 44 b787186242915f712a
attributes_split_polygon_4	attr	U	f003dcfb1c5785ab5e2ccaa971e3d7d9 48 9ac18c84c6a967ab2a
attributes_split_polygon_4	attr	U	f003dcfb1c5785ab5e2ccaa971e3d7d9 8 7fdaa4f81441e1a4
attributes_split_polygon_4	attr	U	f00b50b0285785ab5e2ccaabbcbbc94a 18 b13ed6aeccae905c2a
attributes_split_polygon_4	attr	U	f00b50b0285785ab5e2ccaabbcbbc94a 2 a7832edd7b948bff
attributes_split_polygon_4	attr	U	f00b50b0285785ab5e2ccaabbcbbc94a 22 6ce828f10bda2a522a
attributes_split_polygon_4	attr	U	f00b50b0285785ab5e2ccaabbcbbc94a 26 ceeb8952a289df01
attributes_split_polygon_4	attr	U	f00b50b0285785ab5e2ccaabbcbbc94a 30 d979c646f15afa61
attributes_split_polygon_4	attr	U	f00b50b0285785ab5e2ccaabbcbbc94a 42 37ffae8f59aa37872a
attributes_split_polygon_4	attr	U	f00b50b0285785ab5e2ccaabbcbbc94a 46 b2b102a6e83768e42a
attributes_split_polygon_4	attr	U	f00b50b0285785ab5e2ccaabbcbbc94a 6 b92d10a2a97f892d
attributes_split_polygon_4	attr	U	f012c465345785ab5e2ccaae0793babb 20 4c9438c8f847f9d52a
attributes_split_polygon_4	attr	U	f012c465345785ab5e2ccaae0793babb 24 d72f5bb7405230682a
attributes_split_polygon_4	attr	U	f012c465345785ab5e2ccaae0793babb 28 8fda23c5837c1e7e
attributes_split_polygon_4	attr	U	f012c465345785ab5e2ccaae0793babb 32 2aeb8312a7f453e3
attributes_split_polygon_4	attr	U	f012c465345785ab5e2ccaae0793babb 4 948737ed85b6ec92
attributes_split_polygon_4	attr	U	f012c465345785ab5e2ccaae0793babb 44 ab3ff1b83c915f712a
attributes_split_polygon_4	attr	U	f012c465345785ab5e2ccaae0793babb 48 b389880780a967ab2a
attributes_split_polygon_4	attr	U	f012c465345785ab5e2ccaae0793babb 8 d31498affa41e1a4
attributes_split_polygon_4	attr	U	f13c350cb2fa59b0dac96d444cfba28e 1 f14d77210a096dfa
attributes_split_polygon_4	attr	U	f13c350cb2fa59b0dac96d444cfba28e 17 7324dfad93ec4a3a2a
attributes_split_polygon_4	attr	U	f13c350cb2fa59b0dac96d444cfba28e 25 83cf2a70ec10fc9e
attributes_split_polygon_4	attr	U	f13c350cb2fa59b0dac96d444cfba28e 41 70322f47563faca52a
attributes_split_polygon_4	attr	F	08e0c0573f1978ca434a5053805e9a22 18 37a15455e51d918f2a
attributes_split_polygon_4	attr	F	08e0c0573f1978ca434a5053805e9a22 2 6757c766b2770a20
attributes_split_polygon_4	attr	F	08e0c0573f1978ca434a5053805e9a22 26 ee742f3d3cfc0d11
attributes_split_polygon_4	attr	F	08e0c0573f1978ca434a5053805e9a22 42 65fecfa8aa24c9af2a
attributes_split_polygon_4	attr	F	0ea6ca517a70439cb29b136c82889c73 1 ee9ecf50f2096dfa
attributes_split_polygon_4	attr	F	0ea6ca517a70439cb29b136c82889c73 17 6e930b259bec4a3a2a
attributes_split_polygon_4	attr	F	0ea6ca517a70439cb29b136c82889c73 25 3c37d3986410fc9e
attributes_split_polygon_4	attr	F	0ea6ca517a70439cb29b136c82889c73 41 b7c4fb55de3faca52a
attributes_split_polygon_4	attr	F	2958f71aa862bed0ba8b2c50803f2850 1 ce375c88c29a5306
attributes_split_polygon_4	attr	F	2958f71aa862bed0ba8b2c50803f2850 17 5725196a2fbf55792a
attributes_split_polygon_4	attr	F	2958f71aa862bed0ba8b2c50803f2850 21 2509fbb647bd3b872a
attributes_split_polygon_4	attr	F	2958f71aa862bed0ba8b2c50803f2850 25 f23ca2b3cde6d6bd
attributes_split_polygon_4	attr	F	2958f71aa862bed0ba8b2c50803f2850 29 47b6fca1c0a06b37
attributes_split_polygon_4	attr	F	2958f71aa862bed0ba8b2c50803f2850 41 26232a7dcf596f412a
attributes_split_polygon_4	attr	F	2958f71aa862bed0ba8b2c50803f2850 45 2403fc4fdb2a11aa2a
attributes_split_polygon_4	attr	F	2958f71aa862bed0ba8b2c50803f2850 5 447764a13d0b9c83
attributes_split_polygon_4	attr	F	29606acfb462bed0ba8b2c52cb1719c1 19 b691071e35291a412a
attributes_split_polygon_4	attr	F	29606acfb462bed0ba8b2c52cb1719c1 23 f4c1eccf597cc5d42a
attributes_split_polygon_4	attr	F	29606acfb462bed0ba8b2c52cb1719c1 27 ceb281dde4c9795e
attributes_split_polygon_4	attr	F	29606acfb462bed0ba8b2c52cb1719c1 3 9e70f3609813b4b6
attributes_split_polygon_4	attr	F	29606acfb462bed0ba8b2c52cb1719c1 31 a8e45feed2c4f6f4
attributes_split_polygon_4	attr	F	29606acfb462bed0ba8b2c52cb1719c1 43 4e8d6ccd1c8362e82a
attributes_split_polygon_4	attr	F	29606acfb462bed0ba8b2c52cb1719c1 47 e4018cd301ff790b2a
attributes_split_polygon_4	attr	F	29606acfb462bed0ba8b2c52cb1719c1 7 510c5820a6614ec8
attributes_split_polygon_4	attr	F	2967de84c062bed0ba8b2c5515ef0b32 1 1cb5a30c849a5306
attributes_split_polygon_4	attr	F	2967de84c062bed0ba8b2c5515ef0b32 17 9d78461e61bf55792a
attributes_split_polygon_4	attr	F	2967de84c062bed0ba8b2c5515ef0b32 21 d751cc49e9bd3b872a
attributes_split_polygon_4	attr	F	2967de84c062bed0ba8b2c5515ef0b32 25 8064e8bd8fe6d6bd
attributes_split_polygon_4	attr	F	2967de84c062bed0ba8b2c5515ef0b32 29 9635432582a06b37
attributes_split_polygon_4	attr	F	2967de84c062bed0ba8b2c5515ef0b32 41 9082a2270d596f412a
attributes_split_polygon_4	attr	F	2967de84c062bed0ba8b2c5515ef0b32 45 fb847487392a11aa2a
attributes_split_polygon_4	attr	F	2967de84c062bed0ba8b2c5515ef0b32 5 6cf6ec69df0b9c83
attributes_split_polygon_4	attr	F	296f5239cc62bed0ba8b2c5760c6fca3 19 03599c4973291a412a
attributes_split_polygon_4	attr	F	296f5239cc62bed0ba8b2c5760c6fca3 23 cc0480d1e77cc5d42a
attributes_split_polygon_4	attr	F	296f5239cc62bed0ba8b2c5760c6fca3 27 a580204392c9795e
attributes_split_polygon_4	attr	F	296f5239cc62bed0ba8b2c5760c6fca3 3 75b4ab508613b4b6
attributes_split_polygon_4	attr	F	296f5239cc62bed0ba8b2c5760c6fca3 31 efea642694c4f6f4
attributes_split_polygon_4	attr	F	296f5239cc62bed0ba8b2c5760c6fca3 43 77bfce676e8362e82a
attributes_split_polygon_4	attr	F	296f5239cc62bed0ba8b2c5760c6fca3 47 9687419c73ff790b2a
attributes_split_polygon_4	attr	F	296f5239cc62bed0ba8b2c5760c6fca3 7 bc994dc8b4614ec8
attributes_split_polygon_4	attr	F	6e8f3c5ba50efaabc964e574bc8693b6 19 f6a5da25c80525272a
attributes_split_polygon_4	attr	F	6e8f3c5ba50efaabc964e574bc8693b6 23 616c1ae56e1d9db72a
attributes_split_polygon_4	attr	F	6e8f3c5ba50efaabc964e574bc8693b6 27 300c9a805a1d85d1
attributes_split_polygon_4	attr	F	6e8f3c5ba50efaabc964e574bc8693b6 3 8528b954f104f1ae
attributes_split_polygon_4	attr	F	6e8f3c5ba50efaabc964e574bc8693b6 31 d0d9d611e015a9fd
attributes_split_polygon_4	attr	F	6e8f3c5ba50efaabc964e574bc8693b6 43 a053452991ec29602a
attributes_split_polygon_4	attr	F	6e8f3c5ba50efaabc964e574bc8693b6 47 f6018901c5ec44392a
attributes_split_polygon_4	attr	F	6e8f3c5ba50efaabc964e574bc8693b6 7 ad8517203d04d72b
attributes_split_polygon_4	attr	F	749654a4de057d82e5c5cda30eaff6ff 20 9c5f78c8a6f9c2302a
attributes_split_polygon_4	attr	F	749654a4de057d82e5c5cda30eaff6ff 24 ffe957df57bc8ffb2a
attributes_split_polygon_4	attr	F	749654a4de057d82e5c5cda30eaff6ff 28 f89acb379d468d0e
attributes_split_polygon_4	attr	F	749654a4de057d82e5c5cda30eaff6ff 32 d5f31ccc15353b20
attributes_split_polygon_4	attr	F	749654a4de057d82e5c5cda30eaff6ff 4 b37346deceaf2e7b
attributes_split_polygon_4	attr	F	749654a4de057d82e5c5cda30eaff6ff 44 9c84f0e606702a8f2a
attributes_split_polygon_4	attr	F	749654a4de057d82e5c5cda30eaff6ff 48 3d127e587195367c2a
attributes_split_polygon_4	attr	F	749654a4de057d82e5c5cda30eaff6ff 8 79734ced9afa2721
attributes_split_polygon_4	attr	F	929eff9b9aada398e599a73b90078d8c 19 da381ecad07001312a
attributes_split_polygon_4	attr	F	929eff9b9aada398e599a73b90078d8c 23 738d4fe70e06fccb2a
attributes_split_polygon_4	attr	F	929eff9b9aada398e599a73b90078d8c 27 1609554e301bb829
attributes_split_polygon_4	attr	F	929eff9b9aada398e599a73b90078d8c 3 492288bb9551ec48
attributes_split_polygon_4	attr	F	929eff9b9aada398e599a73b90078d8c 31 be7aa0a42895c75d
attributes_split_polygon_4	attr	F	929eff9b9aada398e599a73b90078d8c 43 d2ba6111bd496c822a
attributes_split_polygon_4	attr	F	929eff9b9aada398e599a73b90078d8c 47 4a0736e5cb1300022a
attributes_split_polygon_4	attr	F	929eff9b9aada398e599a73b90078d8c 7 bd6fef06e523bf23
attributes_split_polygon_4	attr	F	92a67350a6ada398e599a73ddadf7efd 1 95d2659f8b0e7298
attributes_split_polygon_4	attr	F	92a67350a6ada398e599a73ddadf7efd 17 174bb407b4b13c992a
attributes_split_polygon_4	attr	F	92a67350a6ada398e599a73ddadf7efd 21 e24b5066fcca28522a
attributes_split_polygon_4	attr	F	92a67350a6ada398e599a73ddadf7efd 25 a5dfb5bc30ac2f7d
attributes_split_polygon_4	attr	F	92a67350a6ada398e599a73ddadf7efd 29 d3c069b89c8e36bb
attributes_split_polygon_4	attr	F	92a67350a6ada398e599a73ddadf7efd 41 3035114f7455692f2a
attributes_split_polygon_4	attr	F	92a67350a6ada398e599a73ddadf7efd 45 1b3ddb6c0c434d362a
attributes_split_polygon_4	attr	F	92a67350a6ada398e599a73ddadf7efd 5 9a7ebd842739f033
attributes_split_polygon_4	attr	F	92ade705b2ada398e599a74025b7706e 19 4c0fd5fc0e7001312a
attributes_split_polygon_4	attr	F	92ade705b2ada398e599a74025b7706e 23 087afe934006fccc2a
attributes_split_polygon_4	attr	F	92ade705b2ada398e599a74025b7706e 27 aa7c5fa6221bb829
attributes_split_polygon_4	attr	F	92ade705b2ada398e599a74025b7706e 3 fba71c0ca751ec48
attributes_split_polygon_4	attr	F	92ade705b2ada398e599a74025b7706e 31 70c273adca95c75d
attributes_split_polygon_4	attr	F	92ade705b2ada398e599a74025b7706e 43 aa730e9d8b496c822a
attributes_split_polygon_4	attr	F	92ade705b2ada398e599a74025b7706e 47 2149cae8591300022a
attributes_split_polygon_4	attr	F	92ade705b2ada398e599a74025b7706e 7 706a996c3723bf23
attributes_split_polygon_4	attr	F	92b55ababeada398e599a742708f61df 1 07aa1cd0c90e7298
attributes_split_polygon_4	attr	F	92b55ababeada398e599a742708f61df 17 407e15a206b13c992a
attributes_split_polygon_4	attr	F	92b55ababeada398e599a742708f61df 21 2ffef2925aca28522a
attributes_split_polygon_4	attr	F	92b55ababeada398e599a742708f61df 25 f3935a5d8eac2f7d
attributes_split_polygon_4	attr	F	92b55ababeada398e599a742708f61df 29 459820e9da8e36bb
attributes_split_polygon_4	attr	F	92b55ababeada398e599a742708f61df 41 e2816f241655692f2a
attributes_split_polygon_4	attr	F	92b55ababeada398e599a742708f61df 45 6158d2a4ae434d372a
attributes_split_polygon_4	attr	F	92b55ababeada398e599a742708f61df 5 0c56777a6539f033
attributes_split_polygon_4	attr	F	cb3dd2974ba2693cbd7c31db0d897123 1 f14d77210a096dfa
attributes_split_polygon_4	attr	F	cb3dd2974ba2693cbd7c31db0d897123 17 7324dfad93ec4a3a2a
attributes_split_polygon_4	attr	F	cb3dd2974ba2693cbd7c31db0d897123 25 83cf2a70ec10fc9e
attributes_split_polygon_4	attr	F	cb3dd2974ba2693cbd7c31db0d897123 41 70322f47563faca52a
attributes_split_polygon_4	attr	F	dbc01e56cf68503727427ee741a06b23 18 ff3cd005c11d919a2a
attributes_split_polygon_4	attr	F	dbc01e56cf68503727427ee741a06b23 2 4dac384e96770a17
attributes_split_polygon_4	attr	F	dbc01e56cf68503727427ee741a06b23 26 ba3135b560fc0d06
attributes_split_polygon_4	attr	F	dbc01e56cf68503727427ee741a06b23 42 7f2fbbcd4624c9b92a
attributes_split_polygon_4	attr	F	e2d9157484b8dcbe41f80e8482f718a8 20 c7a9ccb1fd62c4442a
attributes_split_polygon_4	attr	F	e2d9157484b8dcbe41f80e8482f718a8 24 6a4a2a8103250d232a
attributes_split_polygon_4	attr	F	e2d9157484b8dcbe41f80e8482f718a8 28 f4dd3fb35898e033
attributes_split_polygon_4	attr	F	e2d9157484b8dcbe41f80e8482f718a8 32 8f8696a6f9cb0f7a
attributes_split_polygon_4	attr	F	e2d9157484b8dcbe41f80e8482f718a8 4 c61ba774f868a929
attributes_split_polygon_4	attr	F	e2d9157484b8dcbe41f80e8482f718a8 44 55604a031dab2df32a
attributes_split_polygon_4	attr	F	e2d9157484b8dcbe41f80e8482f718a8 48 8062572ab40d71cc2a
attributes_split_polygon_4	attr	F	e2d9157484b8dcbe41f80e8482f718a8 8 89bbc898ebe30021
attributes_split_polygon_4	attr	F	e2e0892990b8dcbe41f80e86cdcf0a19 18 41d7cdb952b1431a2a
attributes_split_polygon_4	attr	F	e2e0892990b8dcbe41f80e86cdcf0a19 2 f8dbd80a87f50008
attributes_split_polygon_4	attr	F	e2e0892990b8dcbe41f80e86cdcf0a19 22 4346a7a0efac3c8a2a
attributes_split_polygon_4	attr	F	e2e0892990b8dcbe41f80e86cdcf0a19 26 ee3bbe104d83a504
attributes_split_polygon_4	attr	F	e2e0892990b8dcbe41f80e86cdcf0a19 30 038115aad9a0449c
attributes_split_polygon_4	attr	F	e2e0892990b8dcbe41f80e86cdcf0a19 42 a10f882227f99d7d2a
attributes_split_polygon_4	attr	F	e2e0892990b8dcbe41f80e86cdcf0a19 46 6b82caade23b93e22a
attributes_split_polygon_4	attr	F	e2e0892990b8dcbe41f80e86cdcf0a19 6 4e2ef64543b91d4f
attributes_split_polygon_4	attr	F	e2e7fcde9cb8dcbe41f80e8918a6fb8a 20 d3015bb96362c4442a
attributes_split_polygon_4	attr	F	e2e7fcde9cb8dcbe41f80e8918a6fb8a 24 b63fdf7a89250d232a
attributes_split_polygon_4	attr	F	e2e7fcde9cb8dcbe41f80e8918a6fb8a 28 3faf5addde98e033
attributes_split_polygon_4	attr	F	e2e7fcde9cb8dcbe41f80e8918a6fb8a 32 bcc1ce7b8fcb0f7a
attributes_split_polygon_4	attr	F	e2e7fcde9cb8dcbe41f80e8918a6fb8a 4 ad53ac199e68a929
attributes_split_polygon_4	attr	F	e2e7fcde9cb8dcbe41f80e8918a6fb8a 44 e45ffcbad7ab2df32a
attributes_split_polygon_4	attr	F	e2e7fcde9cb8dcbe41f80e8918a6fb8a 48 7b937057ae0d71cc2a
attributes_split_polygon_4	attr	F	e2e7fcde9cb8dcbe41f80e8918a6fb8a 8 951357a051e30021
attributes_split_polygon_4	attr	F	e2ef7093a8b8dcbe41f80e8b637eecfb 18 0a59deb4d8b1431a2a
attributes_split_polygon_4	attr	F	e2ef7093a8b8dcbe41f80e8b637eecfb 2 eba9a24d71f50008
attributes_split_polygon_4	attr	F	e2ef7093a8b8dcbe41f80e8b637eecfb 22 160b710859ac3c8a2a
attributes_split_polygon_4	attr	F	e2ef7093a8b8dcbe41f80e8b637eecfb 26 7e55f601b783a504
attributes_split_polygon_4	attr	F	e2ef7093a8b8dcbe41f80e8b637eecfb 30 1c49110633a0449c
attributes_split_polygon_4	attr	F	e2ef7093a8b8dcbe41f80e8b637eecfb 42 f26a4945bdf99d7d2a
attributes_split_polygon_4	attr	F	e2ef7093a8b8dcbe41f80e8b637eecfb 46 b868184a783b93e22a
attributes_split_polygon_4	attr	F	e2ef7093a8b8dcbe41f80e8b637eecfb 6 0447ea2dadb91d4e
attributes_split_polygon_4	attr	F	effc6946105785ab5e2ccaa7270be668 18 79c0e7aa52ae905c2a
attributes_split_polygon_4	attr	F	effc6946105785ab5e2ccaa7270be668 2 18837c3a11948bff
attributes_split_polygon_4	attr	F	effc6946105785ab5e2ccaa7270be668 22 be42ea13a1da2a522a
attributes_split_polygon_4	attr	F	effc6946105785ab5e2ccaa7270be668 26 18d2956a3889df01
attributes_split_polygon_4	attr	F	effc6946105785ab5e2ccaa7270be668 30 86105c406b5afa61
attributes_split_polygon_4	attr	F	effc6946105785ab5e2ccaa7270be668 42 0ac476bac3aa37872a
attributes_split_polygon_4	attr	F	effc6946105785ab5e2ccaa7270be668 46 61564184523768e42a
attributes_split_polygon_4	attr	F	effc6946105785ab5e2ccaa7270be668 6 9f4606563f7f892d
attributes_split_polygon_4	attr	F	f003dcfb1c5785ab5e2ccaa971e3d7d9 20 f95a45111247f9d42a
attributes_split_polygon_4	attr	F	f003dcfb1c5785ab5e2ccaa971e3d7d9 24 1620ffa05a5230682a
attributes_split_polygon_4	attr	F	f003dcfb1c5785ab5e2ccaa971e3d7d9 28 a8a21f483d7c1e7e
attributes_split_polygon_4	attr	F	f003dcfb1c5785ab5e2ccaa971e3d7d9 32 7c4644363df453e3
attributes_split_polygon_4	attr	F	f003dcfb1c5785ab5e2ccaa971e3d7d9 4 489182f3ffb6ec92
attributes_split_polygon_4	attr	F	f003dcfb1c5785ab5e2ccaa971e3d7d9 44 b787186242915f712a
attributes_split_polygon_4	attr	F	f003dcfb1c5785ab5e2ccaa971e3d7d9 48 9ac18c84c6a967ab2a
attributes_split_polygon_4	attr	F	f003dcfb1c5785ab5e2ccaa971e3d7d9 8 7fdaa4f81441e1a4
attributes_split_polygon_4	attr	F	f00b50b0285785ab5e2ccaabbcbbc94a 18 b13ed6aeccae905c2a
attributes_split_polygon_4	attr	F	f00b50b0285785ab5e2ccaabbcbbc94a 2 a7832edd7b948bff
attributes_split_polygon_4	attr	F	f00b50b0285785ab5e2ccaabbcbbc94a 22 6ce828f10bda2a522a
attributes_split_polygon_4	attr	F	f00b50b0285785ab5e2ccaabbcbbc94a 26 ceeb8952a289df01
attributes_split_polygon_4	attr	F	f00b50b0285785ab5e2ccaabbcbbc94a 30 d979c646f15afa61
attributes_split_polygon_4	attr	F	f00b50b0285785ab5e2ccaabbcbbc94a 42 37ffae8f59aa37872a
attributes_split_polygon_4	attr	F	f00b50b0285785ab5e2ccaabbcbbc94a 46 b2b102a6e83768e42a
attributes_split_polygon_4	attr	F	f00b50b0285785ab5e2ccaabbcbbc94a 6 b92d10a2a97f892d
attributes_split_polygon_4	attr	F	f012c465345785ab5e2ccaae0793babb 20 4c9438c8f847f9d52a
attributes_split_polygon_4	attr	F	f012c465345785ab5e2ccaae0793babb 24 d72f5bb7405230682a
attributes_split_polygon_4	attr	F	f012c465345785ab5e2ccaae0793babb 28 8fda23c5837c1e7e
attributes_split_polygon_4	attr	F	f012c465345785ab5e2ccaae0793babb 32 2aeb8312a7f453e3
attributes_split_polygon_4	attr	F	f012c465345785ab5e2ccaae0793babb 4 948737ed85b6ec92
attributes_split_polygon_4	attr	F	f012c465345785ab5e2ccaae0793babb 44 ab3ff1b83c915f712a
attributes_split_polygon_4	attr	F	f012c465345785ab5e2ccaae0793babb 48 b389880780a967ab2a
attributes_split_polygon_4	attr	F	f012c465345785ab5e2ccaae0793babb 8 d31498affa41e1a4
attributes_split_polygon_4	attr	F	f2864cd00a19447729fae97f6cae79f5 18 6c72ed600b4c748d2a
attributes_split_polygon_4	attr	F	f2864cd00a19447729fae97f6cae79f5 2 7130abbe5d1ddb1a
attributes_split_polygon_4	attr	F	f2864cd00a19447729fae97f6cae79f5 26 dc8d6034aa5bb694
attributes_split_polygon_4	attr	F	f2864cd00a19447729fae97f6cae79f5 42 f748afd68b9f2d612a
attributes_split_polygon_4	attr	U0	1067ed2d46e20c08a4e8428fc8393181 18 ff3cd005c11d919a2a
attributes_split_polygon_4	attr	U0	1067ed2d46e20c08a4e8428fc8393181 2 4dac384e96770a17
attributes_split_polygon_4	attr	U0	1067ed2d46e20c08a4e8428fc8393181 26 ba3135b560fc0d06
attributes_split_polygon_4	attr	U0	1067ed2d46e20c08a4e8428fc8393181 42 7f2fbbcd4624c9b92a
attributes_split_polygon_4	attr	U0	2bf2cd72660fdf2f11c03783df129f0c 1 ee9ecf50f2096dfa
attributes_split_polygon_4	attr	U0	2bf2cd72660fdf2f11c03783df129f0c 17 6e930b259bec4a3a2a
attributes_split_polygon_4	attr	U0	2bf2cd72660fdf2f11c03783df129f0c 25 3c37d3986410fc9e
attributes_split_polygon_4	attr	U0	2bf2cd72660fdf2f11c03783df129f0c 41 b7c4fb55de3faca52a
attributes_split_polygon_4	attr	U0	4857f1c1e097f3bde1df8b2b8ceb7d39 18 37a15455e51d918f2a
attributes_split_polygon_4	attr	U0	4857f1c1e097f3bde1df8b2b8ceb7d39 2 6757c766b2770a20
attributes_split_polygon_4	attr	U0	4857f1c1e097f3bde1df8b2b8ceb7d39 26 ee742f3d3cfc0d11
attributes_split_polygon_4	attr	U0	4857f1c1e097f3bde1df8b2b8ceb7d39 42 65fecfa8aa24c9af2a
attributes_split_polygon_4	attr	U0	64e569317cbc19fa2e0efbc811184fff 19 b81ed58bc12cd4322a
attributes_split_polygon_4	attr	U0	64e569317cbc19fa2e0efbc811184fff 27 5e4b9ebb844d0883
attributes_split_polygon_4	attr	U0	64e569317cbc19fa2e0efbc811184fff 3 c589449fdc79f7a2
attributes_split_polygon_4	attr	U0	64e569317cbc19fa2e0efbc811184fff 43 bf04e93eb7dca88a2a
attributes_split_polygon_4	attr	U0	693f5ecbe98ca7d78f737a2280d66252 19 e2d65757992cd4322a
attributes_split_polygon_4	attr	U0	693f5ecbe98ca7d78f737a2280d66252 27 7fb94d063c4d0883
attributes_split_polygon_4	attr	U0	693f5ecbe98ca7d78f737a2280d66252 3 e8d19c2ab479f7a2
attributes_split_polygon_4	attr	U0	693f5ecbe98ca7d78f737a2280d66252 43 9d973af3ffdca88a2a
attributes_split_polygon_4	attr	U0	6fd9a785505276b6b535df6ff11d87ca 1 f14d77210a096dfa
attributes_split_polygon_4	attr	U0	6fd9a785505276b6b535df6ff11d87ca 17 7324dfad93ec4a3a2a
attributes_split_polygon_4	attr	U0	6fd9a785505276b6b535df6ff11d87ca 25 83cf2a70ec10fc9e
attributes_split_polygon_4	attr	U0	6fd9a785505276b6b535df6ff11d87ca 41 70322f47563faca52a
attributes_split_polygon_4	attr	U0	73cebbbb89ff85a09e7c32434bd8edab 20 5fd0ce8cc58780172a
attributes_split_polygon_4	attr	U0	73cebbbb89ff85a09e7c32434bd8edab 28 b74fd731c91bdf05
attributes_split_polygon_4	attr	U0	73cebbbb89ff85a09e7c32434bd8edab 4 518db282a9c82641
attributes_split_polygon_4	attr	U0	73cebbbb89ff85a09e7c32434bd8edab 44 61be4ea590a18a4a2a
attributes_split_polygon_4	attr	U0	a7b6b92fe350dd55b9a2bdec4a757b98 18 6c72ed600b4c748d2a
attributes_split_polygon_4	attr	U0	a7b6b92fe350dd55b9a2bdec4a757b98 2 7130abbe5d1ddb1a
attributes_split_polygon_4	attr	U0	a7b6b92fe350dd55b9a2bdec4a757b98 26 dc8d6034aa5bb694
attributes_split_polygon_4	attr	U0	a7b6b92fe350dd55b9a2bdec4a757b98 42 f748afd68b9f2d612a
attributes_split_polygon_4	attr	U0	f83994baa83d42dd973feabec57e4681 20 08d75766618780202a
attributes_split_polygon_4	attr	U0	f83994baa83d42dd973feabec57e4681 28 66de85d4a51bdf10
attributes_split_polygon_4	attr	U0	f83994baa83d42dd973feabec57e4681 4 199efdad35c8264c
attributes_split_polygon_4	attr	U0	f83994baa83d42dd973feabec57e4681 44 d6533400f4a18a412a
attributes_split_polygon_4	attr	U1	24b69c020a177151f9b6a47d73d3fda2 18 37a15455e51d918f2a
attributes_split_polygon_4	attr	U1	24b69c020a177151f9b6a47d73d3fda2 2 6757c766b2770a20
attributes_split_polygon_4	attr	U1	24b69c020a177151f9b6a47d73d3fda2 26 ee742f3d3cfc0d11
attributes_split_polygon_4	attr	U1	24b69c020a177151f9b6a47d73d3fda2 42 65fecfa8aa24c9af2a
attributes_split_polygon_4	attr	U1	5bc44bb7f5e9582c013ecbf7b6a262fe 20 08d75766618780202a
attributes_split_polygon_4	attr	U1	5bc44bb7f5e9582c013ecbf7b6a262fe 28 66de85d4a51bdf10
attributes_split_polygon_4	attr	U1	5bc44bb7f5e9582c013ecbf7b6a262fe 4 199efdad35c8264c
attributes_split_polygon_4	attr	U1	5bc44bb7f5e9582c013ecbf7b6a262fe 44 d6533400f4a18a412a
attributes_split_polygon_4	attr	U1	6874b950e46ba845487db692672a533c 20 5fd0ce8cc58780172a
attributes_split_polygon_4	attr	U1	6874b950e46ba845487db692672a533c 28 b74fd731c91bdf05
attributes_split_polygon_4	attr	U1	6874b950e46ba845487db692672a533c 4 518db282a9c82641
attributes_split_polygon_4	attr	U1	6874b950e46ba845487db692672a533c 44 61be4ea590a18a4a2a
attributes_split_polygon_4	attr	U1	6e8f3c5ba50efaabc964e574bc8693b6 19 f6a5da25c80525272a
attributes_split_polygon_4	attr	U1	6e8f3c5ba50efaabc964e574bc8693b6 23 616c1ae56e1d9db72a
attributes_split_polygon_4	attr	U1	6e8f3c5ba50efaabc964e574bc8693b6 27 300c9a805a1d85d1
attributes_split_polygon_4	attr	U1	6e8f3c5ba50efaabc964e574bc8693b6 3 8528b954f104f1ae
attributes_split_polygon_4	attr	U1	6e8f3c5ba50efaabc964e574bc8693b6 31 d0d9d611e015a9fd
attributes_split_polygon_4	attr	U1	6e8f3c5ba50efaabc964e574bc8693b6 43 a053452991ec29602a
attributes_split_polygon_4	attr	U1	6e8f3c5ba50efaabc964e574bc8693b6 47 f6018901c5ec44392a
attributes_split_polygon_4	attr	U1	6e8f3c5ba50efaabc964e574bc8693b6 7 ad8517203d04d72b
attributes_split_polygon_4	attr	U1	6f6b1b7d647d7184fcb0065ef092c971 1 f14d77210a096dfa
attributes_split_polygon_4	attr	U1	6f6b1b7d647d7184fcb0065ef092c971 17 7324dfad93ec4a3a2a
attributes_split_polygon_4	attr	U1	6f6b1b7d647d7184fcb0065ef092c971 25 83cf2a70ec10fc9e
attributes_split_polygon_4	attr	U1	6f6b1b7d647d7184fcb0065ef092c971 41 70322f47563faca52a
attributes_split_polygon_4	attr	U1	969f1c815ad17413fd67b05ecd68217b 18 6c72ed600b4c748d2a
attributes_split_polygon_4	attr	U1	969f1c815ad17413fd67b05ecd68217b 2 7130abbe5d1ddb1a
attributes_split_polygon_4	attr	U1	969f1c815ad17413fd67b05ecd68217b 26 dc8d6034aa5bb694
attributes_split_polygon_4	attr	U1	969f1c815ad17413fd67b05ecd68217b 42 f748afd68b9f2d612a
attributes_split_polygon_4	attr	U1	da39a71cc82099cc1eeaccc302f11053 1 ee9ecf50f2096dfa
attributes_split_polygon_4	attr	U1	da39a71cc82099cc1eeaccc302f11053 17 6e930b259bec4a3a2a
attributes_split_polygon_4	attr	U1	da39a71cc82099cc1eeaccc302f11053 25 3c37d3986410fc9e
attributes_split_polygon_4	attr	U1	da39a71cc82099cc1eeaccc302f11053 41 b7c4fb55de3faca52a
attributes_split_polygon_4	attr	U1	e109c2eea97a9f928ec6bf265d559dcd 19 e2d65757992cd4322a
attributes_split_polygon_4	attr	U1	e109c2eea97a9f928ec6bf265d559dcd 27 7fb94d063c4d0883
attributes_split_polygon_4	attr	U1	e109c2eea97a9f928ec6bf265d559dcd 3 e8d19c2ab479f7a2
attributes_split_polygon_4	attr	U1	e109c2eea97a9f928ec6bf265d559dcd 43 9d973af3ffdca88a2a
attributes_split_polygon_4	attr	U1	e2d9157484b8dcbe41f80e8482f718a8 20 c7a9ccb1fd62c4442a
attributes_split_polygon_4	attr	U1	e2d9157484b8dcbe41f80e8482f718a8 24 6a4a2a8103250d232a
attributes_split_polygon_4	attr	U1	e2d9157484b8dcbe41f80e8482f718a8 28 f4dd3fb35898e033
attributes_split_polygon_4	attr	U1	e2d9157484b8dcbe41f80e8482f718a8 32 8f8696a6f9cb0f7a
attributes_split_polygon_4	attr	U1	e2d9157484b8dcbe41f80e8482f718a8 4 c61ba774f868a929
attributes_split_polygon_4	attr	U1	e2d9157484b8dcbe41f80e8482f718a8 44 55604a031dab2df32a
attributes_split_polygon_4	attr	U1	e2d9157484b8dcbe41f80e8482f718a8 48 8062572ab40d71cc2a
attributes_split_polygon_4	attr	U1	e2d9157484b8dcbe41f80e8482f718a8 8 89bbc898ebe30021
attributes_split_polygon_4	attr	U1	e2e0892990b8dcbe41f80e86cdcf0a19 18 41d7cdb952b1431a2a
attributes_split_polygon_4	attr	U1	e2e0892990b8dcbe41f80e86cdcf0a19 2 f8dbd80a87f50008
attributes_split_polygon_4	attr	U1	e2e0892990b8dcbe41f80e86cdcf0a19 22 4346a7a0efac3c8a2a
attributes_split_polygon_4	attr	U1	e2e0892990b8dcbe41f80e86cdcf0a19 26 ee3bbe104d83a504
attributes_split_polygon_4	attr	U1	e2e0892990b8dcbe41f80e86cdcf0a19 30 038115aad9a0449c
attributes_split_polygon_4	attr	U1	e2e0892990b8dcbe41f80e86cdcf0a19 42 a10f882227f99d7d2a
attributes_split_polygon_4	attr	U1	e2e0892990b8dcbe41f80e86cdcf0a19 46 6b82caade23b93e22a
attributes_split_polygon_4	attr	U1	e2e0892990b8dcbe41f80e86cdcf0a19 6 4e2ef64543b91d4f
attributes_split_polygon_4	attr	U1	e2e7fcde9cb8dcbe41f80e8918a6fb8a 20 d3015bb96362c4442a
attributes_split_polygon_4	attr	U1	e2e7fcde9cb8dcbe41f80e8918a6fb8a 24 b63fdf7a89250d232a
attributes_split_polygon_4	attr	U1	e2e7fcde9cb8dcbe41f80e8918a6fb8a 28 3faf5addde98e033
attributes_split_polygon_4	attr	U1	e2e7fcde9cb8dcbe41f80e8918a6fb8a 32 bcc1ce7b8fcb0f7a
attributes_split_polygon_4	attr	U1	e2e7fcde9cb8dcbe41f80e8918a6fb8a 4 ad53ac199e68a929
attributes_split_polygon_4	attr	U1	e2e7fcde9cb8dcbe41f80e8918a6fb8a 44 e45ffcbad7ab2df32a
attributes_split_polygon_4	attr	U1	e2e7fcde9cb8dcbe41f80e8918a6fb8a 48 7b937057ae0d71cc2a
attributes_split_polygon_4	attr	U1	e2e7fcde9cb8dcbe41f80e8918a6fb8a 8 951357a051e30021
attributes_split_polygon_4	attr	U1	e2ef7093a8b8dcbe41f80e8b637eecfb 18 0a59deb4d8b1431a2a
attributes_split_polygon_4	attr	U1	e2ef7093a8b8dcbe41f80e8b637eecfb 2 eba9a24d71f50008
attributes_split_polygon_4	attr	U1	e2ef7093a8b8dcbe41f80e8b637eecfb 22 160b710859ac3c8a2a
attributes_split_polygon_4	attr	U1	e2ef7093a8b8dcbe41f80e8b637eecfb 26 7e55f601b783a504
attributes_split_polygon_4	attr	U1	e2ef7093a8b8dcbe41f80e8b637eecfb 30 1c49110633a0449c
attributes_split_polygon_4	attr	U1	e2ef7093a8b8dcbe41f80e8b637eecfb 42 f26a4945bdf99d7d2a
attributes_split_polygon_4	attr	U1	e2ef7093a8b8dcbe41f80e8b637eecfb 46 b868184a783b93e22a
attributes_split_polygon_4	attr	U1	e2ef7093a8b8dcbe41f80e8b637eecfb 6 0447ea2dadb91d4e
attributes_split_polygon_4	attr	U1	e34ffe5f8594aa68e10977f940ab18f6 18 ff3cd005c11d919a2a
attributes_split_polygon_4	attr	U1	e34ffe5f8594aa68e10977f940ab18f6 2 4dac384e96770a17
attributes_split_polygon_4	attr	U1	e34ffe5f8594aa68e10977f940ab18f6 26 ba3135b560fc0d06
attributes_split_polygon_4	attr	U1	e34ffe5f8594aa68e10977f940ab18f6 42 7f2fbbcd4624c9b92a
attributes_split_polygon_4	attr	U1	effc6946105785ab5e2ccaa7270be668 18 79c0e7aa52ae905c2a
attributes_split_polygon_4	attr	U1	effc6946105785ab5e2ccaa7270be668 2 18837c3a11948bff
attributes_split_polygon_4	attr	U1	effc6946105785ab5e2ccaa7270be668 22 be42ea13a1da2a522a
attributes_split_polygon_4	attr	U1	effc6946105785ab5e2ccaa7270be668 26 18d2956a3889df01
attributes_split_polygon_4	attr	U1	effc6946105785ab5e2ccaa7270be668 30 86105c406b5afa61
attributes_split_polygon_4	attr	U1	effc6946105785ab5e2ccaa7270be668 42 0ac476bac3aa37872a
attributes_split_polygon_4	attr	U1	effc6946105785ab5e2ccaa7270be668 46 61564184523768e42a
attributes_split_polygon_4	attr	U1	effc6946105785ab5e2ccaa7270be668 6 9f4606563f7f892d
attributes_split_polygon_4	attr	U1	f003dcfb1c5785ab5e2ccaa971e3d7d9 20 f95a45111247f9d42a
attributes_split_polygon_4	attr	U1	f003dcfb1c5785ab5e2ccaa971e3d7d9 24 1620ffa05a5230682a
attributes_split_polygon_4	attr	U1	f003dcfb1c5785ab5e2ccaa971e3d7d9 28 a8a21f483d7c1e7e
attributes_split_polygon_4	attr	U1	f003dcfb1c5785ab5e2ccaa971e3d7d9 32 7c4644363df453e3
attributes_split_polygon_4	attr	U1	f003dcfb1c5785ab5e2ccaa971e3d7d9 4 489182f3ffb6ec92
attributes_split_polygon_4	attr	U1	f003dcfb1c5785ab5e2ccaa971e3d7d9 44 b787186242915f712a
attributes_split_polygon_4	attr	U1	f003dcfb1c5785ab5e2ccaa971e3d7d9 48 9ac18c84c6a967ab2a
attributes_split_polygon_4	attr	U1	f003dcfb1c5785ab5e2ccaa971e3d7d9 8 7fdaa4f81441e1a4
attributes_split_polygon_4	attr	U1	f00b50b0285785ab5e2ccaabbcbbc94a 18 b13ed6aeccae905c2a
attributes_split_polygon_4	attr	U1	f00b50b0285785ab5e2ccaabbcbbc94a 2 a7832edd7b948bff
attributes_split_polygon_4	attr	U1	f00b50b0285785ab5e2ccaabbcbbc94a 22 6ce828f10bda2a522a
attributes_split_polygon_4	attr	U1	f00b50b0285785ab5e2ccaabbcbbc94a 26 ceeb8952a289df01
attributes_split_polygon_4	attr	U1	f00b50b0285785ab5e2ccaabbcbbc94a 30 d979c646f15afa61
attributes_split_polygon_4	attr	U1	f00b50b0285785ab5e2ccaabbcbbc94a 42 37ffae8f59aa37872a
attributes_split_polygon_4	attr	U1	f00b50b0285785ab5e2ccaabbcbbc94a 46 b2b102a6e83768e42a
attributes_split_polygon_4	attr	U1	f00b50b0285785ab5e2ccaabbcbbc94a 6 b92d10a2a97f892d
attributes_split_polygon_4	attr	U1	f012c465345785ab5e2ccaae0793babb 20 4c9438c8f847f9d52a
attributes_split_polygon_4	attr	U1	f012c465345785ab5e2ccaae0793babb 24 d72f5bb7405230682a
attributes_split_polygon_4	attr	U1	f012c465345785ab5e2ccaae0793babb 28 8fda23c5837c1e7e
attributes_split_polygon_4	attr	U1	f012c465345785ab5e2ccaae0793babb 32 2aeb8312a7f453e3
attributes_split_polygon_4	attr	U1	f012c465345785ab5e2ccaae0793babb 4 948737ed85b6ec92
attributes_split_polygon_4	attr	U1	f012c465345785ab5e2ccaae0793babb 44 ab3ff1b83c915f712a
attributes_split_polygon_4	attr	U1	f012c465345785ab5e2ccaae0793babb 48 b389880780a967ab2a
attributes_split_polygon_4	attr	U1	f012c465345785ab5e2ccaae0793babb 8 d31498affa41e1a4
attributes_split_polygon_4	attr	U1	f888d5d75fbd37551621482531f5e7d0 19 b81ed58bc12cd4322a
attributes_split_polygon_4	attr	U1	f888d5d75fbd37551621482531f5e7d0 27 5e4b9ebb844d0883
attributes_split_polygon_4	attr	U1	f888d5d75fbd37551621482531f5e7d0 3 c589449fdc79f7a2
attributes_split_polygon_4	attr	U1	f888d5d75fbd37551621482531f5e7d0 43 bf04e93eb7dca88a2a
attributes_split_polygon_5	digest	2158	0cf5d53f456697b9f624deacdccbed62
attributes_split_polygon_6	digest	2550	9facbfed7cc4fcad4a44a44b6f7cd8e5
attributes_split_polygon_7	digest	2942	ac4a43e1e3ef8a4a3ee810c735954c48
attributes_split_polygon_8	digest	3334	a747a8d92b9ef7604d82f44269534b23
attributes_split_polygon_9	digest	3726	811c3c524e96365a6330777c15014617
attributes_split_polygon_10	digest	4118	80f9e567d155d31a59f256eb08b7b1d1
attributes_split_polygon_11	digest	4510	b62776cd833f8830a6d39c62b21ba3a6
attributes_split_polygon_12	digest	4902	8f7961c1ab8c7bb0edceb25662ed3d55
attributes_split_circle	digest	392	1bdd733713a11d26bf81525f3075a9ca
attributes_split_circle_labelled	digest	392	82879492acd30f444a042d52f7d80106
attributes_split_holes_0	digest	1766	f81f12628215a68b7839bedb8b47672a
attributes_split_holes_1	digest	3334	58740bad5e0c5a1bd3fc728ea5e27cd1
attributes_split_holes_2	digest	3528	6b429a823eeffd7d21172f19f9e20c42
attributes_split_holes_3	digest	5096	b9c8291aaf3d7cd92d485642ae95bc5a
attributes_split_holes_3_labelled	digest	5096	8ffbb9fbcdc5c094118b0c4b8777de0d
attributes_split_holes_3_reversed_direction	digest	5096	77aa8ed894c8bfb9f9e79b24898579ee
attributes_split_clockwise_labelled	digest	2942	e0d3392132bf062922186c9019f9b816
attributes_split_clockwise_closing_point	digest	2942	af9fe9251aed6094bef8b210c8baf08b
attributes_split_labels_absent	digest	2550	1ad3d3d07dcd7265f0e87fddeb16de76
attributes_split_labels_present	digest	2550	14e0cac1478dea4a95bad639c9e5dcf3
attributes_split_labels_permuted	digest	2550	858f706bf4d6edc20dc817bfca9ed5d3
attributes_split_labels_moved	digest	2550	14e0cac1478dea4a95bad639c9e5dcf3
attributes_split_labels_inserted_vertex	digest	2942	c7a5d3c5ff72341fbde80940633d930f
attributes_split_transformed_copy	digest	2158	9937325d89c47abe67d66ef49c058353
attributes_fuse_polygon_5	digest	2145	eaa5053659ecaaf30fc483fab60a7f9b
attributes_fuse_polygon_5_upper_first	step	0	modified 2958f71aa862bed0ba8b2c50803f2850 2958f71aa862bed0ba8b2c50803f2850
attributes_fuse_polygon_5_upper_first	step	0	modified 29606acfb462bed0ba8b2c52cb1719c1 29606acfb462bed0ba8b2c52cb1719c1
attributes_fuse_polygon_5_upper_first	step	0	modified 2967de84c062bed0ba8b2c5515ef0b32 2967de84c062bed0ba8b2c5515ef0b32
attributes_fuse_polygon_5_upper_first	step	0	modified 296f5239cc62bed0ba8b2c5760c6fca3 296f5239cc62bed0ba8b2c5760c6fca3
attributes_fuse_polygon_5_upper_first	step	0	modified 2976c5eed862bed0ba8b2c59ab9eee14 2976c5eed862bed0ba8b2c59ab9eee14
attributes_fuse_polygon_5_upper_first	step	0	modified 29b5031acc03c1866d0680f700c54a52 29b5031acc03c1866d0680f700c54a52
attributes_fuse_polygon_5_upper_first	step	0	modified 29c3ea84e403c1866d0680fb96752d34 29c3ea84e403c1866d0680fb96752d34
attributes_fuse_polygon_5_upper_first	step	0	modified 29cb5e39f003c1866d0680fde14d1ea5 29cb5e39f003c1866d0680fde14d1ea5
attributes_fuse_polygon_5_upper_first	step	0	modified 29d2d1eefc03c1866d0681002c251016 29d2d1eefc03c1866d0681002c251016
attributes_fuse_polygon_5_upper_first	step	0	modified 29da45a40803c1866d06810276fd0187 29da45a40803c1866d06810276fd0187
attributes_fuse_polygon_5_upper_first	step	0	modified 6e8f3c5ba50efaabc964e574bc8693b6 6e8f3c5ba50efaabc964e574bc8693b6
attributes_fuse_polygon_5_upper_first	step	0	modified 749654a4de057d82e5c5cda30eaff6ff 749654a4de057d82e5c5cda30eaff6ff
attributes_fuse_polygon_5_upper_first	step	0	modified 8dbc8323f395f7f6ac35f61bf5685be9 8dbc8323f395f7f6ac35f61bf5685be9
attributes_fuse_polygon_5_upper_first	step	0	modified 9290183182ada398e599a736fa57aaaa 9290183182ada398e599a736fa57aaaa
attributes_fuse_polygon_5_upper_first	step	0	modified 929eff9b9aada398e599a73b90078d8c 929eff9b9aada398e599a73b90078d8c
attributes_fuse_polygon_5_upper_first	step	0	modified 92a67350a6ada398e599a73ddadf7efd 92a67350a6ada398e599a73ddadf7efd
attributes_fuse_polygon_5_upper_first	step	0	modified 92ade705b2ada398e599a74025b7706e 92ade705b2ada398e599a74025b7706e
attributes_fuse_polygon_5_upper_first	step	0	modified 92b55ababeada398e599a742708f61df 92b55ababeada398e599a742708f61df
attributes_fuse_polygon_5_upper_first	step	0	modified e2d9157484b8dcbe41f80e8482f718a8 e2d9157484b8dcbe41f80e8482f718a8
attributes_fuse_polygon_5_upper_first	step	0	modified e2e0892990b8dcbe41f80e86cdcf0a19 e2e0892990b8dcbe41f80e86cdcf0a19
attributes_fuse_polygon_5_upper_first	step	0	modified e2e7fcde9cb8dcbe41f80e8918a6fb8a e2e7fcde9cb8dcbe41f80e8918a6fb8a
attributes_fuse_polygon_5_upper_first	step	0	modified e2ef7093a8b8dcbe41f80e8b637eecfb e2ef7093a8b8dcbe41f80e8b637eecfb
attributes_fuse_polygon_5_upper_first	step	0	modified e2fe57fdc0b8dcbe41f80e8ff92ecfdd e2fe57fdc0b8dcbe41f80e8ff92ecfdd
attributes_fuse_polygon_5_upper_first	step	0	modified effc6946105785ab5e2ccaa7270be668 effc6946105785ab5e2ccaa7270be668
attributes_fuse_polygon_5_upper_first	step	0	modified f003dcfb1c5785ab5e2ccaa971e3d7d9 f003dcfb1c5785ab5e2ccaa971e3d7d9
attributes_fuse_polygon_5_upper_first	step	0	modified f00b50b0285785ab5e2ccaabbcbbc94a f00b50b0285785ab5e2ccaabbcbbc94a
attributes_fuse_polygon_5_upper_first	step	0	modified f012c465345785ab5e2ccaae0793babb f012c465345785ab5e2ccaae0793babb
attributes_fuse_polygon_5_upper_first	step	0	modified f0309339645785ab5e2ccab732f3807f f0309339645785ab5e2ccab732f3807f
attributes_fuse_polygon_5_upper_first	step	0	modified f4400a55ceaf5f955e58f97e0c4ebda9 f4400a55ceaf5f955e58f97e0c4ebda9
attributes_fuse_polygon_5_upper_first	step	0	modified f4566574f2af5f955e58f984ecd691fc f4566574f2af5f955e58f984ecd691fc
attributes_fuse_polygon_5_upper_first	step	0	modified f45dd929feaf5f955e58f98737ae836d f45dd929feaf5f955e58f98737ae836d
attributes_fuse_polygon_5_upper_first	step	0	modified f4654cdf0aaf5f955e58f989828674de f4654cdf0aaf5f955e58f989828674de
attributes_fuse_polygon_5_upper_first	step	0	modified f46cc09416af5f955e58f98bcd5e664f f46cc09416af5f955e58f98bcd5e664f
attributes_fuse_polygon_5_upper_first	step	0	outcome 1 2958f71aa862bed0ba8b2c50803f2850 2958f71aa862bed0ba8b2c50803f2850 kept
attributes_fuse_polygon_5_upper_first	step	0	outcome 1 2967de84c062bed0ba8b2c5515ef0b32 2967de84c062bed0ba8b2c5515ef0b32 kept
attributes_fuse_polygon_5_upper_first	step	0	outcome 1 2976c5eed862bed0ba8b2c59ab9eee14 2976c5eed862bed0ba8b2c59ab9eee14 kept
attributes_fuse_polygon_5_upper_first	step	0	outcome 1 92a67350a6ada398e599a73ddadf7efd 92a67350a6ada398e599a73ddadf7efd kept
attributes_fuse_polygon_5_upper_first	step	0	outcome 1 92b55ababeada398e599a742708f61df 92b55ababeada398e599a742708f61df kept
attributes_fuse_polygon_5_upper_first	step	0	outcome 1 f4400a55ceaf5f955e58f97e0c4ebda9 f4400a55ceaf5f955e58f97e0c4ebda9 kept
attributes_fuse_polygon_5_upper_first	step	0	outcome 1 f45dd929feaf5f955e58f98737ae836d f45dd929feaf5f955e58f98737ae836d kept
attributes_fuse_polygon_5_upper_first	step	0	outcome 1 f46cc09416af5f955e58f98bcd5e664f f46cc09416af5f955e58f98bcd5e664f kept
attributes_fuse_polygon_5_upper_first	step	0	outcome 2 29cb5e39f003c1866d0680fde14d1ea5 29cb5e39f003c1866d0680fde14d1ea5 kept
attributes_fuse_polygon_5_upper_first	step	0	outcome 2 29da45a40803c1866d06810276fd0187 29da45a40803c1866d06810276fd0187 kept
attributes_fuse_polygon_5_upper_first	step	0	outcome 2 8dbc8323f395f7f6ac35f61bf5685be9 8dbc8323f395f7f6ac35f61bf5685be9 kept
attributes_fuse_polygon_5_upper_first	step	0	outcome 2 e2e0892990b8dcbe41f80e86cdcf0a19 e2e0892990b8dcbe41f80e86cdcf0a19 kept
attributes_fuse_polygon_5_upper_first	step	0	outcome 2 e2ef7093a8b8dcbe41f80e8b637eecfb e2ef7093a8b8dcbe41f80e8b637eecfb kept
attributes_fuse_polygon_5_upper_first	step	0	outcome 2 e2fe57fdc0b8dcbe41f80e8ff92ecfdd e2fe57fdc0b8dcbe41f80e8ff92ecfdd kept
attributes_fuse_polygon_5_upper_first	step	0	outcome 2 effc6946105785ab5e2ccaa7270be668 effc6946105785ab5e2ccaa7270be668 kept
attributes_fuse_polygon_5_upper_first	step	0	outcome 2 f00b50b0285785ab5e2ccaabbcbbc94a f00b50b0285785ab5e2ccaabbcbbc94a kept
attributes_fuse_polygon_5_upper_first	step	0	outcome 3 29606acfb462bed0ba8b2c52cb1719c1 29606acfb462bed0ba8b2c52cb1719c1 kept
attributes_fuse_polygon_5_upper_first	step	0	outcome 3 296f5239cc62bed0ba8b2c5760c6fca3 296f5239cc62bed0ba8b2c5760c6fca3 kept
attributes_fuse_polygon_5_upper_first	step	0	outcome 3 6e8f3c5ba50efaabc964e574bc8693b6 6e8f3c5ba50efaabc964e574bc8693b6 kept
attributes_fuse_polygon_5_upper_first	step	0	outcome 3 9290183182ada398e599a736fa57aaaa 9290183182ada398e599a736fa57aaaa kept
attributes_fuse_polygon_5_upper_first	step	0	outcome 3 929eff9b9aada398e599a73b90078d8c 929eff9b9aada398e599a73b90078d8c kept
attributes_fuse_polygon_5_upper_first	step	0	outcome 3 92ade705b2ada398e599a74025b7706e 92ade705b2ada398e599a74025b7706e kept
attributes_fuse_polygon_5_upper_first	step	0	outcome 3 f4566574f2af5f955e58f984ecd691fc f4566574f2af5f955e58f984ecd691fc kept
attributes_fuse_polygon_5_upper_first	step	0	outcome 3 f4654cdf0aaf5f955e58f989828674de f4654cdf0aaf5f955e58f989828674de kept
attributes_fuse_polygon_5_upper_first	step	0	outcome 4 29b5031acc03c1866d0680f700c54a52 29b5031acc03c1866d0680f700c54a52 kept
attributes_fuse_polygon_5_upper_first	step	0	outcome 4 29c3ea84e403c1866d0680fb96752d34 29c3ea84e403c1866d0680fb96752d34 kept
attributes_fuse_polygon_5_upper_first	step	0	outcome 4 29d2d1eefc03c1866d0681002c251016 29d2d1eefc03c1866d0681002c251016 kept
attributes_fuse_polygon_5_upper_first	step	0	outcome 4 749654a4de057d82e5c5cda30eaff6ff 749654a4de057d82e5c5cda30eaff6ff kept
attributes_fuse_polygon_5_upper_first	step	0	outcome 4 e2d9157484b8dcbe41f80e8482f718a8 e2d9157484b8dcbe41f80e8482f718a8 kept
attributes_fuse_polygon_5_upper_first	step	0	outcome 4 e2e7fcde9cb8dcbe41f80e8918a6fb8a e2e7fcde9cb8dcbe41f80e8918a6fb8a kept
attributes_fuse_polygon_5_upper_first	step	0	outcome 4 f003dcfb1c5785ab5e2ccaa971e3d7d9 f003dcfb1c5785ab5e2ccaa971e3d7d9 kept
attributes_fuse_polygon_5_upper_first	step	0	outcome 4 f012c465345785ab5e2ccaae0793babb f012c465345785ab5e2ccaae0793babb kept
attributes_fuse_polygon_5_upper_first	step	0	outcome 4 f0309339645785ab5e2ccab732f3807f f0309339645785ab5e2ccab732f3807f kept
attributes_fuse_polygon_5_upper_first	step	0	outcome 5 2958f71aa862bed0ba8b2c50803f2850 2958f71aa862bed0ba8b2c50803f2850 kept
attributes_fuse_polygon_5_upper_first	step	0	outcome 5 2967de84c062bed0ba8b2c5515ef0b32 2967de84c062bed0ba8b2c5515ef0b32 kept
attributes_fuse_polygon_5_upper_first	step	0	outcome 5 2976c5eed862bed0ba8b2c59ab9eee14 2976c5eed862bed0ba8b2c59ab9eee14 kept
attributes_fuse_polygon_5_upper_first	step	0	outcome 5 92a67350a6ada398e599a73ddadf7efd 92a67350a6ada398e599a73ddadf7efd kept
attributes_fuse_polygon_5_upper_first	step	0	outcome 5 92b55ababeada398e599a742708f61df 92b55ababeada398e599a742708f61df kept
attributes_fuse_polygon_5_upper_first	step	0	outcome 5 f4400a55ceaf5f955e58f97e0c4ebda9 f4400a55ceaf5f955e58f97e0c4ebda9 kept
attributes_fuse_polygon_5_upper_first	step	0	outcome 5 f45dd929feaf5f955e58f98737ae836d f45dd929feaf5f955e58f98737ae836d kept
attributes_fuse_polygon_5_upper_first	step	0	outcome 5 f46cc09416af5f955e58f98bcd5e664f f46cc09416af5f955e58f98bcd5e664f kept
attributes_fuse_polygon_5_upper_first	step	0	outcome 6 29cb5e39f003c1866d0680fde14d1ea5 29cb5e39f003c1866d0680fde14d1ea5 kept
attributes_fuse_polygon_5_upper_first	step	0	outcome 6 29da45a40803c1866d06810276fd0187 29da45a40803c1866d06810276fd0187 kept
attributes_fuse_polygon_5_upper_first	step	0	outcome 6 8dbc8323f395f7f6ac35f61bf5685be9 8dbc8323f395f7f6ac35f61bf5685be9 kept
attributes_fuse_polygon_5_upper_first	step	0	outcome 6 e2e0892990b8dcbe41f80e86cdcf0a19 e2e0892990b8dcbe41f80e86cdcf0a19 kept
attributes_fuse_polygon_5_upper_first	step	0	outcome 6 e2ef7093a8b8dcbe41f80e8b637eecfb e2ef7093a8b8dcbe41f80e8b637eecfb kept
attributes_fuse_polygon_5_upper_first	step	0	outcome 6 e2fe57fdc0b8dcbe41f80e8ff92ecfdd e2fe57fdc0b8dcbe41f80e8ff92ecfdd kept
attributes_fuse_polygon_5_upper_first	step	0	outcome 6 effc6946105785ab5e2ccaa7270be668 effc6946105785ab5e2ccaa7270be668 kept
attributes_fuse_polygon_5_upper_first	step	0	outcome 6 f00b50b0285785ab5e2ccaabbcbbc94a f00b50b0285785ab5e2ccaabbcbbc94a kept
attributes_fuse_polygon_5_upper_first	step	0	outcome 7 29606acfb462bed0ba8b2c52cb1719c1 29606acfb462bed0ba8b2c52cb1719c1 kept
attributes_fuse_polygon_5_upper_first	step	0	outcome 7 296f5239cc62bed0ba8b2c5760c6fca3 296f5239cc62bed0ba8b2c5760c6fca3 kept
attributes_fuse_polygon_5_upper_first	step	0	outcome 7 6e8f3c5ba50efaabc964e574bc8693b6 6e8f3c5ba50efaabc964e574bc8693b6 kept
attributes_fuse_polygon_5_upper_first	step	0	outcome 7 9290183182ada398e599a736fa57aaaa 9290183182ada398e599a736fa57aaaa kept
attributes_fuse_polygon_5_upper_first	step	0	outcome 7 929eff9b9aada398e599a73b90078d8c 929eff9b9aada398e599a73b90078d8c kept
attributes_fuse_polygon_5_upper_first	step	0	outcome 7 92ade705b2ada398e599a74025b7706e 92ade705b2ada398e599a74025b7706e kept
attributes_fuse_polygon_5_upper_first	step	0	outcome 7 f4566574f2af5f955e58f984ecd691fc f4566574f2af5f955e58f984ecd691fc kept
attributes_fuse_polygon_5_upper_first	step	0	outcome 7 f4654cdf0aaf5f955e58f989828674de f4654cdf0aaf5f955e58f989828674de kept
attributes_fuse_polygon_5_upper_first	step	0	outcome 8 29b5031acc03c1866d0680f700c54a52 29b5031acc03c1866d0680f700c54a52 kept
attributes_fuse_polygon_5_upper_first	step	0	outcome 8 29c3ea84e403c1866d0680fb96752d34 29c3ea84e403c1866d0680fb96752d34 kept
attributes_fuse_polygon_5_upper_first	step	0	outcome 8 29d2d1eefc03c1866d0681002c251016 29d2d1eefc03c1866d0681002c251016 kept
attributes_fuse_polygon_5_upper_first	step	0	outcome 8 749654a4de057d82e5c5cda30eaff6ff 749654a4de057d82e5c5cda30eaff6ff kept
attributes_fuse_polygon_5_upper_first	step	0	outcome 8 e2d9157484b8dcbe41f80e8482f718a8 e2d9157484b8dcbe41f80e8482f718a8 kept
attributes_fuse_polygon_5_upper_first	step	0	outcome 8 e2e7fcde9cb8dcbe41f80e8918a6fb8a e2e7fcde9cb8dcbe41f80e8918a6fb8a kept
attributes_fuse_polygon_5_upper_first	step	0	outcome 8 f003dcfb1c5785ab5e2ccaa971e3d7d9 f003dcfb1c5785ab5e2ccaa971e3d7d9 kept
attributes_fuse_polygon_5_upper_first	step	0	outcome 8 f012c465345785ab5e2ccaae0793babb f012c465345785ab5e2ccaae0793babb kept
attributes_fuse_polygon_5_upper_first	step	0	outcome 8 f0309339645785ab5e2ccab732f3807f f0309339645785ab5e2ccab732f3807f kept
attributes_fuse_polygon_5_upper_first	step	0	outcome 9 2958f71aa862bed0ba8b2c50803f2850 - dropped
attributes_fuse_polygon_5_upper_first	step	0	outcome 9 2967de84c062bed0ba8b2c5515ef0b32 - dropped
attributes_fuse_polygon_5_upper_first	step	0	outcome 9 2976c5eed862bed0ba8b2c59ab9eee14 - dropped
attributes_fuse_polygon_5_upper_first	step	0	outcome 9 92a67350a6ada398e599a73ddadf7efd - dropped
attributes_fuse_polygon_5_upper_first	step	0	outcome 9 92b55ababeada398e599a742708f61df - dropped
attributes_fuse_polygon_5_upper_first	step	0	outcome 9 f4400a55ceaf5f955e58f97e0c4ebda9 - dropped
attributes_fuse_polygon_5_upper_first	step	0	outcome 9 f45dd929feaf5f955e58f98737ae836d - dropped
attributes_fuse_polygon_5_upper_first	step	0	outcome 9 f46cc09416af5f955e58f98bcd5e664f - dropped
attributes_fuse_polygon_5_upper_first	step	0	outcome 10 29cb5e39f003c1866d0680fde14d1ea5 - dropped
attributes_fuse_polygon_5_upper_first	step	0	outcome 10 29da45a40803c1866d06810276fd0187 - dropped
attributes_fuse_polygon_5_upper_first	step	0	outcome 10 8dbc8323f395f7f6ac35f61bf5685be9 - dropped
attributes_fuse_polygon_5_upper_first	step	0	outcome 10 e2e0892990b8dcbe41f80e86cdcf0a19 - dropped
attributes_fuse_polygon_5_upper_first	step	0	outcome 10 e2ef7093a8b8dcbe41f80e8b637eecfb - dropped
attributes_fuse_polygon_5_upper_first	step	0	outcome 10 e2fe57fdc0b8dcbe41f80e8ff92ecfdd - dropped
attributes_fuse_polygon_5_upper_first	step	0	outcome 10 effc6946105785ab5e2ccaa7270be668 - dropped
attributes_fuse_polygon_5_upper_first	step	0	outcome 10 f00b50b0285785ab5e2ccaabbcbbc94a - dropped
attributes_fuse_polygon_5_upper_first	step	0	outcome 11 29606acfb462bed0ba8b2c52cb1719c1 - dropped
attributes_fuse_polygon_5_upper_first	step	0	outcome 11 296f5239cc62bed0ba8b2c5760c6fca3 - dropped
attributes_fuse_polygon_5_upper_first	step	0	outcome 11 6e8f3c5ba50efaabc964e574bc8693b6 - dropped
attributes_fuse_polygon_5_upper_first	step	0	outcome 11 9290183182ada398e599a736fa57aaaa - dropped
attributes_fuse_polygon_5_upper_first	step	0	outcome 11 929eff9b9aada398e599a73b90078d8c - dropped
attributes_fuse_polygon_5_upper_first	step	0	outcome 11 92ade705b2ada398e599a74025b7706e - dropped
attributes_fuse_polygon_5_upper_first	step	0	outcome 11 f4566574f2af5f955e58f984ecd691fc - dropped
attributes_fuse_polygon_5_upper_first	step	0	outcome 11 f4654cdf0aaf5f955e58f989828674de - dropped
attributes_fuse_polygon_5_upper_first	step	0	outcome 12 29b5031acc03c1866d0680f700c54a52 - dropped
attributes_fuse_polygon_5_upper_first	step	0	outcome 12 29c3ea84e403c1866d0680fb96752d34 - dropped
attributes_fuse_polygon_5_upper_first	step	0	outcome 12 29d2d1eefc03c1866d0681002c251016 - dropped
attributes_fuse_polygon_5_upper_first	step	0	outcome 12 749654a4de057d82e5c5cda30eaff6ff - dropped
attributes_fuse_polygon_5_upper_first	step	0	outcome 12 e2d9157484b8dcbe41f80e8482f718a8 - dropped
attributes_fuse_polygon_5_upper_first	step	0	outcome 12 e2e7fcde9cb8dcbe41f80e8918a6fb8a - dropped
attributes_fuse_polygon_5_upper_first	step	0	outcome 12 f003dcfb1c5785ab5e2ccaa971e3d7d9 - dropped
attributes_fuse_polygon_5_upper_first	step	0	outcome 12 f012c465345785ab5e2ccaae0793babb - dropped
attributes_fuse_polygon_5_upper_first	step	0	outcome 12 f0309339645785ab5e2ccab732f3807f - dropped
attributes_fuse_polygon_5_upper_first	step	0	outcome 13 2958f71aa862bed0ba8b2c50803f2850 - dropped
attributes_fuse_polygon_5_upper_first	step	0	outcome 13 2967de84c062bed0ba8b2c5515ef0b32 - dropped
attributes_fuse_polygon_5_upper_first	step	0	outcome 13 2976c5eed862bed0ba8b2c59ab9eee14 - dropped
attributes_fuse_polygon_5_upper_first	step	0	outcome 13 92a67350a6ada398e599a73ddadf7efd - dropped
attributes_fuse_polygon_5_upper_first	step	0	outcome 13 92b55ababeada398e599a742708f61df - dropped
attributes_fuse_polygon_5_upper_first	step	0	outcome 13 f4400a55ceaf5f955e58f97e0c4ebda9 - dropped
attributes_fuse_polygon_5_upper_first	step	0	outcome 13 f45dd929feaf5f955e58f98737ae836d - dropped
attributes_fuse_polygon_5_upper_first	step	0	outcome 13 f46cc09416af5f955e58f98bcd5e664f - dropped
attributes_fuse_polygon_5_upper_first	step	0	outcome 14 29cb5e39f003c1866d0680fde14d1ea5 - dropped
attributes_fuse_polygon_5_upper_first	step	0	outcome 14 29da45a40803c1866d06810276fd0187 - dropped
attributes_fuse_polygon_5_upper_first	step	0	outcome 14 8dbc8323f395f7f6ac35f61bf5685be9 - dropped
attributes_fuse_polygon_5_upper_first	step	0	outcome 14 e2e0892990b8dcbe41f80e86cdcf0a19 - dropped
attributes_fuse_polygon_5_upper_first	step	0	outcome 14 e2ef7093a8b8dcbe41f80e8b637eecfb - dropped
attributes_fuse_polygon_5_upper_first	step	0	outcome 14 e2fe57fdc0b8dcbe41f80e8ff92ecfdd - dropped
attributes_fuse_polygon_5_upper_first	step	0	outcome 14 effc6946105785ab5e2ccaa7270be668 - dropped
attributes_fuse_polygon_5_upper_first	step	0	outcome 14 f00b50b0285785ab5e2ccaabbcbbc94a - dropped
attributes_fuse_polygon_5_upper_first	step	0	outcome 15 29606acfb462bed0ba8b2c52cb1719c1 - dropped
attributes_fuse_polygon_5_upper_first	step	0	outcome 15 296f5239cc62bed0ba8b2c5760c6fca3 - dropped
attributes_fuse_polygon_5_upper_first	step	0	outcome 15 6e8f3c5ba50efaabc964e574bc8693b6 - dropped
attributes_fuse_polygon_5_upper_first	step	0	outcome 15 9290183182ada398e599a736fa57aaaa - dropped
attributes_fuse_polygon_5_upper_first	step	0	outcome 15 929eff9b9aada398e599a73b90078d8c - dropped
attributes_fuse_polygon_5_upper_first	step	0	outcome 15 92ade705b2ada398e599a74025b7706e - dropped
attributes_fuse_polygon_5_upper_first	step	0	outcome 15 f4566574f2af5f955e58f984ecd691fc - dropped
attributes_fuse_polygon_5_upper_first	step	0	outcome 15 f4654cdf0aaf5f955e58f989828674de - dropped
attributes_fuse_polygon_5_upper_first	step	0	outcome 16 29b5031acc03c1866d0680f700c54a52 - dropped
attributes_fuse_polygon_5_upper_first	step	0	outcome 16 29c3ea84e403c1866d0680fb96752d34 - dropped
attributes_fuse_polygon_5_upper_first	step	0	outcome 16 29d2d1eefc03c1866d0681002c251016 - dropped
attributes_fuse_polygon_5_upper_first	step	0	outcome 16 749654a4de057d82e5c5cda30eaff6ff - dropped
attributes_fuse_polygon_5_upper_first	step	0	outcome 16 e2d9157484b8dcbe41f80e8482f718a8 - dropped
attributes_fuse_polygon_5_upper_first	step	0	outcome 16 e2e7fcde9cb8dcbe41f80e8918a6fb8a - dropped
attributes_fuse_polygon_5_upper_first	step	0	outcome 16 f003dcfb1c5785ab5e2ccaa971e3d7d9 - dropped
attributes_fuse_polygon_5_upper_first	step	0	outcome 16 f012c465345785ab5e2ccaae0793babb - dropped
attributes_fuse_polygon_5_upper_first	step	0	outcome 16 f0309339645785ab5e2ccab732f3807f - dropped
attributes_fuse_polygon_5_upper_first	step	0	outcome 17 2958f71aa862bed0ba8b2c50803f2850 2958f71aa862bed0ba8b2c50803f2850 recomputed
attributes_fuse_polygon_5_upper_first	step	0	outcome 17 2967de84c062bed0ba8b2c5515ef0b32 2967de84c062bed0ba8b2c5515ef0b32 recomputed
attributes_fuse_polygon_5_upper_first	step	0	outcome 17 2976c5eed862bed0ba8b2c59ab9eee14 2976c5eed862bed0ba8b2c59ab9eee14 recomputed
attributes_fuse_polygon_5_upper_first	step	0	outcome 17 92a67350a6ada398e599a73ddadf7efd 92a67350a6ada398e599a73ddadf7efd recomputed
attributes_fuse_polygon_5_upper_first	step	0	outcome 17 92b55ababeada398e599a742708f61df 92b55ababeada398e599a742708f61df recomputed
attributes_fuse_polygon_5_upper_first	step	0	outcome 17 f4400a55ceaf5f955e58f97e0c4ebda9 f4400a55ceaf5f955e58f97e0c4ebda9 recomputed
attributes_fuse_polygon_5_upper_first	step	0	outcome 17 f45dd929feaf5f955e58f98737ae836d f45dd929feaf5f955e58f98737ae836d recomputed
attributes_fuse_polygon_5_upper_first	step	0	outcome 17 f46cc09416af5f955e58f98bcd5e664f f46cc09416af5f955e58f98bcd5e664f recomputed
attributes_fuse_polygon_5_upper_first	step	0	outcome 18 29cb5e39f003c1866d0680fde14d1ea5 29cb5e39f003c1866d0680fde14d1ea5 recomputed
attributes_fuse_polygon_5_upper_first	step	0	outcome 18 29da45a40803c1866d06810276fd0187 29da45a40803c1866d06810276fd0187 recomputed
attributes_fuse_polygon_5_upper_first	step	0	outcome 18 8dbc8323f395f7f6ac35f61bf5685be9 8dbc8323f395f7f6ac35f61bf5685be9 recomputed
attributes_fuse_polygon_5_upper_first	step	0	outcome 18 e2e0892990b8dcbe41f80e86cdcf0a19 e2e0892990b8dcbe41f80e86cdcf0a19 recomputed
attributes_fuse_polygon_5_upper_first	step	0	outcome 18 e2ef7093a8b8dcbe41f80e8b637eecfb e2ef7093a8b8dcbe41f80e8b637eecfb recomputed
attributes_fuse_polygon_5_upper_first	step	0	outcome 18 e2fe57fdc0b8dcbe41f80e8ff92ecfdd e2fe57fdc0b8dcbe41f80e8ff92ecfdd recomputed
attributes_fuse_polygon_5_upper_first	step	0	outcome 18 effc6946105785ab5e2ccaa7270be668 effc6946105785ab5e2ccaa7270be668 recomputed
attributes_fuse_polygon_5_upper_first	step	0	outcome 18 f00b50b0285785ab5e2ccaabbcbbc94a f00b50b0285785ab5e2ccaabbcbbc94a recomputed
attributes_fuse_polygon_5_upper_first	step	0	outcome 19 29606acfb462bed0ba8b2c52cb1719c1 29606acfb462bed0ba8b2c52cb1719c1 recomputed
attributes_fuse_polygon_5_upper_first	step	0	outcome 19 296f5239cc62bed0ba8b2c5760c6fca3 296f5239cc62bed0ba8b2c5760c6fca3 recomputed
attributes_fuse_polygon_5_upper_first	step	0	outcome 19 6e8f3c5ba50efaabc964e574bc8693b6 6e8f3c5ba50efaabc964e574bc8693b6 recomputed
attributes_fuse_polygon_5_upper_first	step	0	outcome 19 9290183182ada398e599a736fa57aaaa 9290183182ada398e599a736fa57aaaa recomputed
attributes_fuse_polygon_5_upper_first	step	0	outcome 19 929eff9b9aada398e599a73b90078d8c 929eff9b9aada398e599a73b90078d8c recomputed
attributes_fuse_polygon_5_upper_first	step	0	outcome 19 92ade705b2ada398e599a74025b7706e 92ade705b2ada398e599a74025b7706e recomputed
attributes_fuse_polygon_5_upper_first	step	0	outcome 19 f4566574f2af5f955e58f984ecd691fc f4566574f2af5f955e58f984ecd691fc recomputed
attributes_fuse_polygon_5_upper_first	step	0	outcome 19 f4654cdf0aaf5f955e58f989828674de f4654cdf0aaf5f955e58f989828674de recomputed
attributes_fuse_polygon_5_upper_first	step	0	outcome 20 29b5031acc03c1866d0680f700c54a52 29b5031acc03c1866d0680f700c54a52 recomputed
attributes_fuse_polygon_5_upper_first	step	0	outcome 20 29c3ea84e403c1866d0680fb96752d34 29c3ea84e403c1866d0680fb96752d34 recomputed
attributes_fuse_polygon_5_upper_first	step	0	outcome 20 29d2d1eefc03c1866d0681002c251016 29d2d1eefc03c1866d0681002c251016 recomputed
attributes_fuse_polygon_5_upper_first	step	0	outcome 20 749654a4de057d82e5c5cda30eaff6ff 749654a4de057d82e5c5cda30eaff6ff recomputed
attributes_fuse_polygon_5_upper_first	step	0	outcome 20 e2d9157484b8dcbe41f80e8482f718a8 e2d9157484b8dcbe41f80e8482f718a8 recomputed
attributes_fuse_polygon_5_upper_first	step	0	outcome 20 e2e7fcde9cb8dcbe41f80e8918a6fb8a e2e7fcde9cb8dcbe41f80e8918a6fb8a recomputed
attributes_fuse_polygon_5_upper_first	step	0	outcome 20 f003dcfb1c5785ab5e2ccaa971e3d7d9 f003dcfb1c5785ab5e2ccaa971e3d7d9 recomputed
attributes_fuse_polygon_5_upper_first	step	0	outcome 20 f012c465345785ab5e2ccaae0793babb f012c465345785ab5e2ccaae0793babb recomputed
attributes_fuse_polygon_5_upper_first	step	0	outcome 20 f0309339645785ab5e2ccab732f3807f f0309339645785ab5e2ccab732f3807f recomputed
attributes_fuse_polygon_5_upper_first	step	0	outcome 21 2958f71aa862bed0ba8b2c50803f2850 2958f71aa862bed0ba8b2c50803f2850 recomputed
attributes_fuse_polygon_5_upper_first	step	0	outcome 21 2967de84c062bed0ba8b2c5515ef0b32 2967de84c062bed0ba8b2c5515ef0b32 recomputed
attributes_fuse_polygon_5_upper_first	step	0	outcome 21 2976c5eed862bed0ba8b2c59ab9eee14 2976c5eed862bed0ba8b2c59ab9eee14 recomputed
attributes_fuse_polygon_5_upper_first	step	0	outcome 21 92a67350a6ada398e599a73ddadf7efd 92a67350a6ada398e599a73ddadf7efd recomputed
attributes_fuse_polygon_5_upper_first	step	0	outcome 21 92b55ababeada398e599a742708f61df 92b55ababeada398e599a742708f61df recomputed
attributes_fuse_polygon_5_upper_first	step	0	outcome 21 f4400a55ceaf5f955e58f97e0c4ebda9 f4400a55ceaf5f955e58f97e0c4ebda9 recomputed
attributes_fuse_polygon_5_upper_first	step	0	outcome 21 f45dd929feaf5f955e58f98737ae836d f45dd929feaf5f955e58f98737ae836d recomputed
attributes_fuse_polygon_5_upper_first	step	0	outcome 21 f46cc09416af5f955e58f98bcd5e664f f46cc09416af5f955e58f98bcd5e664f recomputed
attributes_fuse_polygon_5_upper_first	step	0	outcome 22 29cb5e39f003c1866d0680fde14d1ea5 29cb5e39f003c1866d0680fde14d1ea5 recomputed
attributes_fuse_polygon_5_upper_first	step	0	outcome 22 29da45a40803c1866d06810276fd0187 29da45a40803c1866d06810276fd0187 recomputed
attributes_fuse_polygon_5_upper_first	step	0	outcome 22 8dbc8323f395f7f6ac35f61bf5685be9 8dbc8323f395f7f6ac35f61bf5685be9 recomputed
attributes_fuse_polygon_5_upper_first	step	0	outcome 22 e2e0892990b8dcbe41f80e86cdcf0a19 e2e0892990b8dcbe41f80e86cdcf0a19 recomputed
attributes_fuse_polygon_5_upper_first	step	0	outcome 22 e2ef7093a8b8dcbe41f80e8b637eecfb e2ef7093a8b8dcbe41f80e8b637eecfb recomputed
attributes_fuse_polygon_5_upper_first	step	0	outcome 22 e2fe57fdc0b8dcbe41f80e8ff92ecfdd e2fe57fdc0b8dcbe41f80e8ff92ecfdd recomputed
attributes_fuse_polygon_5_upper_first	step	0	outcome 22 effc6946105785ab5e2ccaa7270be668 effc6946105785ab5e2ccaa7270be668 recomputed
attributes_fuse_polygon_5_upper_first	step	0	outcome 22 f00b50b0285785ab5e2ccaabbcbbc94a f00b50b0285785ab5e2ccaabbcbbc94a recomputed
attributes_fuse_polygon_5_upper_first	step	0	outcome 23 29606acfb462bed0ba8b2c52cb1719c1 29606acfb462bed0ba8b2c52cb1719c1 recomputed
attributes_fuse_polygon_5_upper_first	step	0	outcome 23 296f5239cc62bed0ba8b2c5760c6fca3 296f5239cc62bed0ba8b2c5760c6fca3 recomputed
attributes_fuse_polygon_5_upper_first	step	0	outcome 23 6e8f3c5ba50efaabc964e574bc8693b6 6e8f3c5ba50efaabc964e574bc8693b6 recomputed
attributes_fuse_polygon_5_upper_first	step	0	outcome 23 9290183182ada398e599a736fa57aaaa 9290183182ada398e599a736fa57aaaa recomputed
attributes_fuse_polygon_5_upper_first	step	0	outcome 23 929eff9b9aada398e599a73b90078d8c 929eff9b9aada398e599a73b90078d8c recomputed
attributes_fuse_polygon_5_upper_first	step	0	outcome 23 92ade705b2ada398e599a74025b7706e 92ade705b2ada398e599a74025b7706e recomputed
attributes_fuse_polygon_5_upper_first	step	0	outcome 23 f4566574f2af5f955e58f984ecd691fc f4566574f2af5f955e58f984ecd691fc recomputed
attributes_fuse_polygon_5_upper_first	step	0	outcome 23 f4654cdf0aaf5f955e58f989828674de f4654cdf0aaf5f955e58f989828674de recomputed
attributes_fuse_polygon_5_upper_first	step	0	outcome 24 29b5031acc03c1866d0680f700c54a52 29b5031acc03c1866d0680f700c54a52 recomputed
attributes_fuse_polygon_5_upper_first	step	0	outcome 24 29c3ea84e403c1866d0680fb96752d34 29c3ea84e403c1866d0680fb96752d34 recomputed
attributes_fuse_polygon_5_upper_first	step	0	outcome 24 29d2d1eefc03c1866d0681002c251016 29d2d1eefc03c1866d0681002c251016 recomputed
attributes_fuse_polygon_5_upper_first	step	0	outcome 24 749654a4de057d82e5c5cda30eaff6ff 749654a4de057d82e5c5cda30eaff6ff recomputed
attributes_fuse_polygon_5_upper_first	step	0	outcome 24 e2d9157484b8dcbe41f80e8482f718a8 e2d9157484b8dcbe41f80e8482f718a8 recomputed
attributes_fuse_polygon_5_upper_first	step	0	outcome 24 e2e7fcde9cb8dcbe41f80e8918a6fb8a e2e7fcde9cb8dcbe41f80e8918a6fb8a recomputed
attributes_fuse_polygon_5_upper_first	step	0	outcome 24 f003dcfb1c5785ab5e2ccaa971e3d7d9 f003dcfb1c5785ab5e2ccaa971e3d7d9 recomputed
attributes_fuse_polygon_5_upper_first	step	0	outcome 24 f012c465345785ab5e2ccaae0793babb f012c465345785ab5e2ccaae0793babb recomputed
attributes_fuse_polygon_5_upper_first	step	0	outcome 24 f0309339645785ab5e2ccab732f3807f f0309339645785ab5e2ccab732f3807f recomputed
attributes_fuse_polygon_5_upper_first	step	0	outcome 25 2958f71aa862bed0ba8b2c50803f2850 2958f71aa862bed0ba8b2c50803f2850 kept
attributes_fuse_polygon_5_upper_first	step	0	outcome 25 2967de84c062bed0ba8b2c5515ef0b32 2967de84c062bed0ba8b2c5515ef0b32 kept
attributes_fuse_polygon_5_upper_first	step	0	outcome 25 2976c5eed862bed0ba8b2c59ab9eee14 2976c5eed862bed0ba8b2c59ab9eee14 kept
attributes_fuse_polygon_5_upper_first	step	0	outcome 25 92a67350a6ada398e599a73ddadf7efd 92a67350a6ada398e599a73ddadf7efd kept
attributes_fuse_polygon_5_upper_first	step	0	outcome 25 92b55ababeada398e599a742708f61df 92b55ababeada398e599a742708f61df kept
attributes_fuse_polygon_5_upper_first	step	0	outcome 25 f4400a55ceaf5f955e58f97e0c4ebda9 f4400a55ceaf5f955e58f97e0c4ebda9 kept
attributes_fuse_polygon_5_upper_first	step	0	outcome 25 f45dd929feaf5f955e58f98737ae836d f45dd929feaf5f955e58f98737ae836d kept
attributes_fuse_polygon_5_upper_first	step	0	outcome 25 f46cc09416af5f955e58f98bcd5e664f f46cc09416af5f955e58f98bcd5e664f kept
attributes_fuse_polygon_5_upper_first	step	0	outcome 26 29cb5e39f003c1866d0680fde14d1ea5 29cb5e39f003c1866d0680fde14d1ea5 kept
attributes_fuse_polygon_5_upper_first	step	0	outcome 26 29da45a40803c1866d06810276fd0187 29da45a40803c1866d06810276fd0187 kept
attributes_fuse_polygon_5_upper_first	step	0	outcome 26 8dbc8323f395f7f6ac35f61bf5685be9 8dbc8323f395f7f6ac35f61bf5685be9 kept
attributes_fuse_polygon_5_upper_first	step	0	outcome 26 e2e0892990b8dcbe41f80e86cdcf0a19 e2e0892990b8dcbe41f80e86cdcf0a19 kept
attributes_fuse_polygon_5_upper_first	step	0	outcome 26 e2ef7093a8b8dcbe41f80e8b637eecfb e2ef7093a8b8dcbe41f80e8b637eecfb kept
attributes_fuse_polygon_5_upper_first	step	0	outcome 26 e2fe57fdc0b8dcbe41f80e8ff92ecfdd e2fe57fdc0b8dcbe41f80e8ff92ecfdd kept
attributes_fuse_polygon_5_upper_first	step	0	outcome 26 effc6946105785ab5e2ccaa7270be668 effc6946105785ab5e2ccaa7270be668 kept
attributes_fuse_polygon_5_upper_first	step	0	outcome 26 f00b50b0285785ab5e2ccaabbcbbc94a f00b50b0285785ab5e2ccaabbcbbc94a kept
attributes_fuse_polygon_5_upper_first	step	0	outcome 27 29606acfb462bed0ba8b2c52cb1719c1 29606acfb462bed0ba8b2c52cb1719c1 kept
attributes_fuse_polygon_5_upper_first	step	0	outcome 27 296f5239cc62bed0ba8b2c5760c6fca3 296f5239cc62bed0ba8b2c5760c6fca3 kept
attributes_fuse_polygon_5_upper_first	step	0	outcome 27 6e8f3c5ba50efaabc964e574bc8693b6 6e8f3c5ba50efaabc964e574bc8693b6 kept
attributes_fuse_polygon_5_upper_first	step	0	outcome 27 9290183182ada398e599a736fa57aaaa 9290183182ada398e599a736fa57aaaa kept
attributes_fuse_polygon_5_upper_first	step	0	outcome 27 929eff9b9aada398e599a73b90078d8c 929eff9b9aada398e599a73b90078d8c kept
attributes_fuse_polygon_5_upper_first	step	0	outcome 27 92ade705b2ada398e599a74025b7706e 92ade705b2ada398e599a74025b7706e kept
attributes_fuse_polygon_5_upper_first	step	0	outcome 27 f4566574f2af5f955e58f984ecd691fc f4566574f2af5f955e58f984ecd691fc kept
attributes_fuse_polygon_5_upper_first	step	0	outcome 27 f4654cdf0aaf5f955e58f989828674de f4654cdf0aaf5f955e58f989828674de kept
attributes_fuse_polygon_5_upper_first	step	0	outcome 28 29b5031acc03c1866d0680f700c54a52 29b5031acc03c1866d0680f700c54a52 kept
attributes_fuse_polygon_5_upper_first	step	0	outcome 28 29c3ea84e403c1866d0680fb96752d34 29c3ea84e403c1866d0680fb96752d34 kept
attributes_fuse_polygon_5_upper_first	step	0	outcome 28 29d2d1eefc03c1866d0681002c251016 29d2d1eefc03c1866d0681002c251016 kept
attributes_fuse_polygon_5_upper_first	step	0	outcome 28 749654a4de057d82e5c5cda30eaff6ff 749654a4de057d82e5c5cda30eaff6ff kept
attributes_fuse_polygon_5_upper_first	step	0	outcome 28 e2d9157484b8dcbe41f80e8482f718a8 e2d9157484b8dcbe41f80e8482f718a8 kept
attributes_fuse_polygon_5_upper_first	step	0	outcome 28 e2e7fcde9cb8dcbe41f80e8918a6fb8a e2e7fcde9cb8dcbe41f80e8918a6fb8a kept
attributes_fuse_polygon_5_upper_first	step	0	outcome 28 f003dcfb1c5785ab5e2ccaa971e3d7d9 f003dcfb1c5785ab5e2ccaa971e3d7d9 kept
attributes_fuse_polygon_5_upper_first	step	0	outcome 28 f012c465345785ab5e2ccaae0793babb f012c465345785ab5e2ccaae0793babb kept
attributes_fuse_polygon_5_upper_first	step	0	outcome 28 f0309339645785ab5e2ccab732f3807f f0309339645785ab5e2ccab732f3807f kept
attributes_fuse_polygon_5_upper_first	step	0	outcome 29 2958f71aa862bed0ba8b2c50803f2850 2958f71aa862bed0ba8b2c50803f2850 kept
attributes_fuse_polygon_5_upper_first	step	0	outcome 29 2967de84c062bed0ba8b2c5515ef0b32 2967de84c062bed0ba8b2c5515ef0b32 kept
attributes_fuse_polygon_5_upper_first	step	0	outcome 29 2976c5eed862bed0ba8b2c59ab9eee14 2976c5eed862bed0ba8b2c59ab9eee14 kept
attributes_fuse_polygon_5_upper_first	step	0	outcome 29 92a67350a6ada398e599a73ddadf7efd 92a67350a6ada398e599a73ddadf7efd kept
attributes_fuse_polygon_5_upper_first	step	0	outcome 29 92b55ababeada398e599a742708f61df 92b55ababeada398e599a742708f61df kept
attributes_fuse_polygon_5_upper_first	step	0	outcome 29 f4400a55ceaf5f955e58f97e0c4ebda9 f4400a55ceaf5f955e58f97e0c4ebda9 kept
attributes_fuse_polygon_5_upper_first	step	0	outcome 29 f45dd929feaf5f955e58f98737ae836d f45dd929feaf5f955e58f98737ae836d kept
attributes_fuse_polygon_5_upper_first	step	0	outcome 29 f46cc09416af5f955e58f98bcd5e664f f46cc09416af5f955e58f98bcd5e664f kept
attributes_fuse_polygon_5_upper_first	step	0	outcome 30 29cb5e39f003c1866d0680fde14d1ea5 29cb5e39f003c1866d0680fde14d1ea5 kept
attributes_fuse_polygon_5_upper_first	step	0	outcome 30 29da45a40803c1866d06810276fd0187 29da45a40803c1866d06810276fd0187 kept
attributes_fuse_polygon_5_upper_first	step	0	outcome 30 8dbc8323f395f7f6ac35f61bf5685be9 8dbc8323f395f7f6ac35f61bf5685be9 kept
attributes_fuse_polygon_5_upper_first	step	0	outcome 30 e2e0892990b8dcbe41f80e86cdcf0a19 e2e0892990b8dcbe41f80e86cdcf0a19 kept
attributes_fuse_polygon_5_upper_first	step	0	outcome 30 e2ef7093a8b8dcbe41f80e8b637eecfb e2ef7093a8b8dcbe41f80e8b637eecfb kept
attributes_fuse_polygon_5_upper_first	step	0	outcome 30 e2fe57fdc0b8dcbe41f80e8ff92ecfdd e2fe57fdc0b8dcbe41f80e8ff92ecfdd kept
attributes_fuse_polygon_5_upper_first	step	0	outcome 30 effc6946105785ab5e2ccaa7270be668 effc6946105785ab5e2ccaa7270be668 kept
attributes_fuse_polygon_5_upper_first	step	0	outcome 30 f00b50b0285785ab5e2ccaabbcbbc94a f00b50b0285785ab5e2ccaabbcbbc94a kept
attributes_fuse_polygon_5_upper_first	step	0	outcome 31 29606acfb462bed0ba8b2c52cb1719c1 29606acfb462bed0ba8b2c52cb1719c1 kept
attributes_fuse_polygon_5_upper_first	step	0	outcome 31 296f5239cc62bed0ba8b2c5760c6fca3 296f5239cc62bed0ba8b2c5760c6fca3 kept
attributes_fuse_polygon_5_upper_first	step	0	outcome 31 6e8f3c5ba50efaabc964e574bc8693b6 6e8f3c5ba50efaabc964e574bc8693b6 kept
attributes_fuse_polygon_5_upper_first	step	0	outcome 31 9290183182ada398e599a736fa57aaaa 9290183182ada398e599a736fa57aaaa kept
attributes_fuse_polygon_5_upper_first	step	0	outcome 31 929eff9b9aada398e599a73b90078d8c 929eff9b9aada398e599a73b90078d8c kept
attributes_fuse_polygon_5_upper_first	step	0	outcome 31 92ade705b2ada398e599a74025b7706e 92ade705b2ada398e599a74025b7706e kept
attributes_fuse_polygon_5_upper_first	step	0	outcome 31 f4566574f2af5f955e58f984ecd691fc f4566574f2af5f955e58f984ecd691fc kept
attributes_fuse_polygon_5_upper_first	step	0	outcome 31 f4654cdf0aaf5f955e58f989828674de f4654cdf0aaf5f955e58f989828674de kept
attributes_fuse_polygon_5_upper_first	step	0	outcome 32 29b5031acc03c1866d0680f700c54a52 29b5031acc03c1866d0680f700c54a52 kept
attributes_fuse_polygon_5_upper_first	step	0	outcome 32 29c3ea84e403c1866d0680fb96752d34 29c3ea84e403c1866d0680fb96752d34 kept
attributes_fuse_polygon_5_upper_first	step	0	outcome 32 29d2d1eefc03c1866d0681002c251016 29d2d1eefc03c1866d0681002c251016 kept
attributes_fuse_polygon_5_upper_first	step	0	outcome 32 749654a4de057d82e5c5cda30eaff6ff 749654a4de057d82e5c5cda30eaff6ff kept
attributes_fuse_polygon_5_upper_first	step	0	outcome 32 e2d9157484b8dcbe41f80e8482f718a8 e2d9157484b8dcbe41f80e8482f718a8 kept
attributes_fuse_polygon_5_upper_first	step	0	outcome 32 e2e7fcde9cb8dcbe41f80e8918a6fb8a e2e7fcde9cb8dcbe41f80e8918a6fb8a kept
attributes_fuse_polygon_5_upper_first	step	0	outcome 32 f003dcfb1c5785ab5e2ccaa971e3d7d9 f003dcfb1c5785ab5e2ccaa971e3d7d9 kept
attributes_fuse_polygon_5_upper_first	step	0	outcome 32 f012c465345785ab5e2ccaae0793babb f012c465345785ab5e2ccaae0793babb kept
attributes_fuse_polygon_5_upper_first	step	0	outcome 32 f0309339645785ab5e2ccab732f3807f f0309339645785ab5e2ccab732f3807f kept
attributes_fuse_polygon_5_upper_first	step	0	outcome 33 2958f71aa862bed0ba8b2c50803f2850 - dropped
attributes_fuse_polygon_5_upper_first	step	0	outcome 33 2967de84c062bed0ba8b2c5515ef0b32 - dropped
attributes_fuse_polygon_5_upper_first	step	0	outcome 33 2976c5eed862bed0ba8b2c59ab9eee14 - dropped
attributes_fuse_polygon_5_upper_first	step	0	outcome 33 92a67350a6ada398e599a73ddadf7efd - dropped
attributes_fuse_polygon_5_upper_first	step	0	outcome 33 92b55ababeada398e599a742708f61df - dropped
attributes_fuse_polygon_5_upper_first	step	0	outcome 33 f4400a55ceaf5f955e58f97e0c4ebda9 - dropped
attributes_fuse_polygon_5_upper_first	step	0	outcome 33 f45dd929feaf5f955e58f98737ae836d - dropped
attributes_fuse_polygon_5_upper_first	step	0	outcome 33 f46cc09416af5f955e58f98bcd5e664f - dropped
attributes_fuse_polygon_5_upper_first	step	0	outcome 34 29cb5e39f003c1866d0680fde14d1ea5 - dropped
attributes_fuse_polygon_5_upper_first	step	0	outcome 34 29da45a40803c1866d06810276fd0187 - dropped
attributes_fuse_polygon_5_upper_first	step	0	outcome 34 8dbc8323f395f7f6ac35f61bf5685be9 - dropped
attributes_fuse_polygon_5_upper_first	step	0	outcome 34 e2e0892990b8dcbe41f80e86cdcf0a19 - dropped
attributes_fuse_polygon_5_upper_first	step	0	outcome 34 e2ef7093a8b8dcbe41f80e8b637eecfb - dropped
attributes_fuse_polygon_5_upper_first	step	0	outcome 34 e2fe57fdc0b8dcbe41f80e8ff92ecfdd - dropped
attributes_fuse_polygon_5_upper_first	step	0	outcome 34 effc6946105785ab5e2ccaa7270be668 - dropped
attributes_fuse_polygon_5_upper_first	step	0	outcome 34 f00b50b0285785ab5e2ccaabbcbbc94a - dropped
attributes_fuse_polygon_5_upper_first	step	0	outcome 35 29606acfb462bed0ba8b2c52cb1719c1 - dropped
attributes_fuse_polygon_5_upper_first	step	0	outcome 35 296f5239cc62bed0ba8b2c5760c6fca3 - dropped
attributes_fuse_polygon_5_upper_first	step	0	outcome 35 6e8f3c5ba50efaabc964e574bc8693b6 - dropped
attributes_fuse_polygon_5_upper_first	step	0	outcome 35 9290183182ada398e599a736fa57aaaa - dropped
attributes_fuse_polygon_5_upper_first	step	0	outcome 35 929eff9b9aada398e599a73b90078d8c - dropped
attributes_fuse_polygon_5_upper_first	step	0	outcome 35 92ade705b2ada398e599a74025b7706e - dropped
attributes_fuse_polygon_5_upper_first	step	0	outcome 35 f4566574f2af5f955e58f984ecd691fc - dropped
attributes_fuse_polygon_5_upper_first	step	0	outcome 35 f4654cdf0aaf5f955e58f989828674de - dropped
attributes_fuse_polygon_5_upper_first	step	0	outcome 36 29b5031acc03c1866d0680f700c54a52 - dropped
attributes_fuse_polygon_5_upper_first	step	0	outcome 36 29c3ea84e403c1866d0680fb96752d34 - dropped
attributes_fuse_polygon_5_upper_first	step	0	outcome 36 29d2d1eefc03c1866d0681002c251016 - dropped
attributes_fuse_polygon_5_upper_first	step	0	outcome 36 749654a4de057d82e5c5cda30eaff6ff - dropped
attributes_fuse_polygon_5_upper_first	step	0	outcome 36 e2d9157484b8dcbe41f80e8482f718a8 - dropped
attributes_fuse_polygon_5_upper_first	step	0	outcome 36 e2e7fcde9cb8dcbe41f80e8918a6fb8a - dropped
attributes_fuse_polygon_5_upper_first	step	0	outcome 36 f003dcfb1c5785ab5e2ccaa971e3d7d9 - dropped
attributes_fuse_polygon_5_upper_first	step	0	outcome 36 f012c465345785ab5e2ccaae0793babb - dropped
attributes_fuse_polygon_5_upper_first	step	0	outcome 36 f0309339645785ab5e2ccab732f3807f - dropped
attributes_fuse_polygon_5_upper_first	step	0	outcome 37 2958f71aa862bed0ba8b2c50803f2850 - dropped
attributes_fuse_polygon_5_upper_first	step	0	outcome 37 2967de84c062bed0ba8b2c5515ef0b32 - dropped
attributes_fuse_polygon_5_upper_first	step	0	outcome 37 2976c5eed862bed0ba8b2c59ab9eee14 - dropped
attributes_fuse_polygon_5_upper_first	step	0	outcome 37 92a67350a6ada398e599a73ddadf7efd - dropped
attributes_fuse_polygon_5_upper_first	step	0	outcome 37 92b55ababeada398e599a742708f61df - dropped
attributes_fuse_polygon_5_upper_first	step	0	outcome 37 f4400a55ceaf5f955e58f97e0c4ebda9 - dropped
attributes_fuse_polygon_5_upper_first	step	0	outcome 37 f45dd929feaf5f955e58f98737ae836d - dropped
attributes_fuse_polygon_5_upper_first	step	0	outcome 37 f46cc09416af5f955e58f98bcd5e664f - dropped
attributes_fuse_polygon_5_upper_first	step	0	outcome 38 29cb5e39f003c1866d0680fde14d1ea5 - dropped
attributes_fuse_polygon_5_upper_first	step	0	outcome 38 29da45a40803c1866d06810276fd0187 - dropped
attributes_fuse_polygon_5_upper_first	step	0	outcome 38 8dbc8323f395f7f6ac35f61bf5685be9 - dropped
attributes_fuse_polygon_5_upper_first	step	0	outcome 38 e2e0892990b8dcbe41f80e86cdcf0a19 - dropped
attributes_fuse_polygon_5_upper_first	step	0	outcome 38 e2ef7093a8b8dcbe41f80e8b637eecfb - dropped
attributes_fuse_polygon_5_upper_first	step	0	outcome 38 e2fe57fdc0b8dcbe41f80e8ff92ecfdd - dropped
attributes_fuse_polygon_5_upper_first	step	0	outcome 38 effc6946105785ab5e2ccaa7270be668 - dropped
attributes_fuse_polygon_5_upper_first	step	0	outcome 38 f00b50b0285785ab5e2ccaabbcbbc94a - dropped
attributes_fuse_polygon_5_upper_first	step	0	outcome 39 29606acfb462bed0ba8b2c52cb1719c1 - dropped
attributes_fuse_polygon_5_upper_first	step	0	outcome 39 296f5239cc62bed0ba8b2c5760c6fca3 - dropped
attributes_fuse_polygon_5_upper_first	step	0	outcome 39 6e8f3c5ba50efaabc964e574bc8693b6 - dropped
attributes_fuse_polygon_5_upper_first	step	0	outcome 39 9290183182ada398e599a736fa57aaaa - dropped
attributes_fuse_polygon_5_upper_first	step	0	outcome 39 929eff9b9aada398e599a73b90078d8c - dropped
attributes_fuse_polygon_5_upper_first	step	0	outcome 39 92ade705b2ada398e599a74025b7706e - dropped
attributes_fuse_polygon_5_upper_first	step	0	outcome 39 f4566574f2af5f955e58f984ecd691fc - dropped
attributes_fuse_polygon_5_upper_first	step	0	outcome 39 f4654cdf0aaf5f955e58f989828674de - dropped
attributes_fuse_polygon_5_upper_first	step	0	outcome 40 29b5031acc03c1866d0680f700c54a52 - dropped
attributes_fuse_polygon_5_upper_first	step	0	outcome 40 29c3ea84e403c1866d0680fb96752d34 - dropped
attributes_fuse_polygon_5_upper_first	step	0	outcome 40 29d2d1eefc03c1866d0681002c251016 - dropped
attributes_fuse_polygon_5_upper_first	step	0	outcome 40 749654a4de057d82e5c5cda30eaff6ff - dropped
attributes_fuse_polygon_5_upper_first	step	0	outcome 40 e2d9157484b8dcbe41f80e8482f718a8 - dropped
attributes_fuse_polygon_5_upper_first	step	0	outcome 40 e2e7fcde9cb8dcbe41f80e8918a6fb8a - dropped
attributes_fuse_polygon_5_upper_first	step	0	outcome 40 f003dcfb1c5785ab5e2ccaa971e3d7d9 - dropped
attributes_fuse_polygon_5_upper_first	step	0	outcome 40 f012c465345785ab5e2ccaae0793babb - dropped
attributes_fuse_polygon_5_upper_first	step	0	outcome 40 f0309339645785ab5e2ccab732f3807f - dropped
attributes_fuse_polygon_5_upper_first	step	0	outcome 41 2958f71aa862bed0ba8b2c50803f2850 2958f71aa862bed0ba8b2c50803f2850 recomputed
attributes_fuse_polygon_5_upper_first	step	0	outcome 41 2967de84c062bed0ba8b2c5515ef0b32 2967de84c062bed0ba8b2c5515ef0b32 recomputed
attributes_fuse_polygon_5_upper_first	step	0	outcome 41 2976c5eed862bed0ba8b2c59ab9eee14 2976c5eed862bed0ba8b2c59ab9eee14 recomputed
attributes_fuse_polygon_5_upper_first	step	0	outcome 41 92a67350a6ada398e599a73ddadf7efd 92a67350a6ada398e599a73ddadf7efd recomputed
attributes_fuse_polygon_5_upper_first	step	0	outcome 41 92b55ababeada398e599a742708f61df 92b55ababeada398e599a742708f61df recomputed
attributes_fuse_polygon_5_upper_first	step	0	outcome 41 f4400a55ceaf5f955e58f97e0c4ebda9 f4400a55ceaf5f955e58f97e0c4ebda9 recomputed
attributes_fuse_polygon_5_upper_first	step	0	outcome 41 f45dd929feaf5f955e58f98737ae836d f45dd929feaf5f955e58f98737ae836d recomputed
attributes_fuse_polygon_5_upper_first	step	0	outcome 41 f46cc09416af5f955e58f98bcd5e664f f46cc09416af5f955e58f98bcd5e664f recomputed
attributes_fuse_polygon_5_upper_first	step	0	outcome 42 29cb5e39f003c1866d0680fde14d1ea5 29cb5e39f003c1866d0680fde14d1ea5 recomputed
attributes_fuse_polygon_5_upper_first	step	0	outcome 42 29da45a40803c1866d06810276fd0187 29da45a40803c1866d06810276fd0187 recomputed
attributes_fuse_polygon_5_upper_first	step	0	outcome 42 8dbc8323f395f7f6ac35f61bf5685be9 8dbc8323f395f7f6ac35f61bf5685be9 recomputed
attributes_fuse_polygon_5_upper_first	step	0	outcome 42 e2e0892990b8dcbe41f80e86cdcf0a19 e2e0892990b8dcbe41f80e86cdcf0a19 recomputed
attributes_fuse_polygon_5_upper_first	step	0	outcome 42 e2ef7093a8b8dcbe41f80e8b637eecfb e2ef7093a8b8dcbe41f80e8b637eecfb recomputed
attributes_fuse_polygon_5_upper_first	step	0	outcome 42 e2fe57fdc0b8dcbe41f80e8ff92ecfdd e2fe57fdc0b8dcbe41f80e8ff92ecfdd recomputed
attributes_fuse_polygon_5_upper_first	step	0	outcome 42 effc6946105785ab5e2ccaa7270be668 effc6946105785ab5e2ccaa7270be668 recomputed
attributes_fuse_polygon_5_upper_first	step	0	outcome 42 f00b50b0285785ab5e2ccaabbcbbc94a f00b50b0285785ab5e2ccaabbcbbc94a recomputed
attributes_fuse_polygon_5_upper_first	step	0	outcome 43 29606acfb462bed0ba8b2c52cb1719c1 29606acfb462bed0ba8b2c52cb1719c1 recomputed
attributes_fuse_polygon_5_upper_first	step	0	outcome 43 296f5239cc62bed0ba8b2c5760c6fca3 296f5239cc62bed0ba8b2c5760c6fca3 recomputed
attributes_fuse_polygon_5_upper_first	step	0	outcome 43 6e8f3c5ba50efaabc964e574bc8693b6 6e8f3c5ba50efaabc964e574bc8693b6 recomputed
attributes_fuse_polygon_5_upper_first	step	0	outcome 43 9290183182ada398e599a736fa57aaaa 9290183182ada398e599a736fa57aaaa recomputed
attributes_fuse_polygon_5_upper_first	step	0	outcome 43 929eff9b9aada398e599a73b90078d8c 929eff9b9aada398e599a73b90078d8c recomputed
attributes_fuse_polygon_5_upper_first	step	0	outcome 43 92ade705b2ada398e599a74025b7706e 92ade705b2ada398e599a74025b7706e recomputed
attributes_fuse_polygon_5_upper_first	step	0	outcome 43 f4566574f2af5f955e58f984ecd691fc f4566574f2af5f955e58f984ecd691fc recomputed
attributes_fuse_polygon_5_upper_first	step	0	outcome 43 f4654cdf0aaf5f955e58f989828674de f4654cdf0aaf5f955e58f989828674de recomputed
attributes_fuse_polygon_5_upper_first	step	0	outcome 44 29b5031acc03c1866d0680f700c54a52 29b5031acc03c1866d0680f700c54a52 recomputed
attributes_fuse_polygon_5_upper_first	step	0	outcome 44 29c3ea84e403c1866d0680fb96752d34 29c3ea84e403c1866d0680fb96752d34 recomputed
attributes_fuse_polygon_5_upper_first	step	0	outcome 44 29d2d1eefc03c1866d0681002c251016 29d2d1eefc03c1866d0681002c251016 recomputed
attributes_fuse_polygon_5_upper_first	step	0	outcome 44 749654a4de057d82e5c5cda30eaff6ff 749654a4de057d82e5c5cda30eaff6ff recomputed
attributes_fuse_polygon_5_upper_first	step	0	outcome 44 e2d9157484b8dcbe41f80e8482f718a8 e2d9157484b8dcbe41f80e8482f718a8 recomputed
attributes_fuse_polygon_5_upper_first	step	0	outcome 44 e2e7fcde9cb8dcbe41f80e8918a6fb8a e2e7fcde9cb8dcbe41f80e8918a6fb8a recomputed
attributes_fuse_polygon_5_upper_first	step	0	outcome 44 f003dcfb1c5785ab5e2ccaa971e3d7d9 f003dcfb1c5785ab5e2ccaa971e3d7d9 recomputed
attributes_fuse_polygon_5_upper_first	step	0	outcome 44 f012c465345785ab5e2ccaae0793babb f012c465345785ab5e2ccaae0793babb recomputed
attributes_fuse_polygon_5_upper_first	step	0	outcome 44 f0309339645785ab5e2ccab732f3807f f0309339645785ab5e2ccab732f3807f recomputed
attributes_fuse_polygon_5_upper_first	step	0	outcome 45 2958f71aa862bed0ba8b2c50803f2850 2958f71aa862bed0ba8b2c50803f2850 recomputed
attributes_fuse_polygon_5_upper_first	step	0	outcome 45 2967de84c062bed0ba8b2c5515ef0b32 2967de84c062bed0ba8b2c5515ef0b32 recomputed
attributes_fuse_polygon_5_upper_first	step	0	outcome 45 2976c5eed862bed0ba8b2c59ab9eee14 2976c5eed862bed0ba8b2c59ab9eee14 recomputed
attributes_fuse_polygon_5_upper_first	step	0	outcome 45 92a67350a6ada398e599a73ddadf7efd 92a67350a6ada398e599a73ddadf7efd recomputed
attributes_fuse_polygon_5_upper_first	step	0	outcome 45 92b55ababeada398e599a742708f61df 92b55ababeada398e599a742708f61df recomputed
attributes_fuse_polygon_5_upper_first	step	0	outcome 45 f4400a55ceaf5f955e58f97e0c4ebda9 f4400a55ceaf5f955e58f97e0c4ebda9 recomputed
attributes_fuse_polygon_5_upper_first	step	0	outcome 45 f45dd929feaf5f955e58f98737ae836d f45dd929feaf5f955e58f98737ae836d recomputed
attributes_fuse_polygon_5_upper_first	step	0	outcome 45 f46cc09416af5f955e58f98bcd5e664f f46cc09416af5f955e58f98bcd5e664f recomputed
attributes_fuse_polygon_5_upper_first	step	0	outcome 46 29cb5e39f003c1866d0680fde14d1ea5 29cb5e39f003c1866d0680fde14d1ea5 recomputed
attributes_fuse_polygon_5_upper_first	step	0	outcome 46 29da45a40803c1866d06810276fd0187 29da45a40803c1866d06810276fd0187 recomputed
attributes_fuse_polygon_5_upper_first	step	0	outcome 46 8dbc8323f395f7f6ac35f61bf5685be9 8dbc8323f395f7f6ac35f61bf5685be9 recomputed
attributes_fuse_polygon_5_upper_first	step	0	outcome 46 e2e0892990b8dcbe41f80e86cdcf0a19 e2e0892990b8dcbe41f80e86cdcf0a19 recomputed
attributes_fuse_polygon_5_upper_first	step	0	outcome 46 e2ef7093a8b8dcbe41f80e8b637eecfb e2ef7093a8b8dcbe41f80e8b637eecfb recomputed
attributes_fuse_polygon_5_upper_first	step	0	outcome 46 e2fe57fdc0b8dcbe41f80e8ff92ecfdd e2fe57fdc0b8dcbe41f80e8ff92ecfdd recomputed
attributes_fuse_polygon_5_upper_first	step	0	outcome 46 effc6946105785ab5e2ccaa7270be668 effc6946105785ab5e2ccaa7270be668 recomputed
attributes_fuse_polygon_5_upper_first	step	0	outcome 46 f00b50b0285785ab5e2ccaabbcbbc94a f00b50b0285785ab5e2ccaabbcbbc94a recomputed
attributes_fuse_polygon_5_upper_first	step	0	outcome 47 29606acfb462bed0ba8b2c52cb1719c1 29606acfb462bed0ba8b2c52cb1719c1 recomputed
attributes_fuse_polygon_5_upper_first	step	0	outcome 47 296f5239cc62bed0ba8b2c5760c6fca3 296f5239cc62bed0ba8b2c5760c6fca3 recomputed
attributes_fuse_polygon_5_upper_first	step	0	outcome 47 6e8f3c5ba50efaabc964e574bc8693b6 6e8f3c5ba50efaabc964e574bc8693b6 recomputed
attributes_fuse_polygon_5_upper_first	step	0	outcome 47 9290183182ada398e599a736fa57aaaa 9290183182ada398e599a736fa57aaaa recomputed
attributes_fuse_polygon_5_upper_first	step	0	outcome 47 929eff9b9aada398e599a73b90078d8c 929eff9b9aada398e599a73b90078d8c recomputed
attributes_fuse_polygon_5_upper_first	step	0	outcome 47 92ade705b2ada398e599a74025b7706e 92ade705b2ada398e599a74025b7706e recomputed
attributes_fuse_polygon_5_upper_first	step	0	outcome 47 f4566574f2af5f955e58f984ecd691fc f4566574f2af5f955e58f984ecd691fc recomputed
attributes_fuse_polygon_5_upper_first	step	0	outcome 47 f4654cdf0aaf5f955e58f989828674de f4654cdf0aaf5f955e58f989828674de recomputed
attributes_fuse_polygon_5_upper_first	step	0	outcome 48 29b5031acc03c1866d0680f700c54a52 29b5031acc03c1866d0680f700c54a52 recomputed
attributes_fuse_polygon_5_upper_first	step	0	outcome 48 29c3ea84e403c1866d0680fb96752d34 29c3ea84e403c1866d0680fb96752d34 recomputed
attributes_fuse_polygon_5_upper_first	step	0	outcome 48 29d2d1eefc03c1866d0681002c251016 29d2d1eefc03c1866d0681002c251016 recomputed
attributes_fuse_polygon_5_upper_first	step	0	outcome 48 749654a4de057d82e5c5cda30eaff6ff 749654a4de057d82e5c5cda30eaff6ff recomputed
attributes_fuse_polygon_5_upper_first	step	0	outcome 48 e2d9157484b8dcbe41f80e8482f718a8 e2d9157484b8dcbe41f80e8482f718a8 recomputed
attributes_fuse_polygon_5_upper_first	step	0	outcome 48 e2e7fcde9cb8dcbe41f80e8918a6fb8a e2e7fcde9cb8dcbe41f80e8918a6fb8a recomputed
attributes_fuse_polygon_5_upper_first	step	0	outcome 48 f003dcfb1c5785ab5e2ccaa971e3d7d9 f003dcfb1c5785ab5e2ccaa971e3d7d9 recomputed
attributes_fuse_polygon_5_upper_first	step	0	outcome 48 f012c465345785ab5e2ccaae0793babb f012c465345785ab5e2ccaae0793babb recomputed
attributes_fuse_polygon_5_upper_first	step	0	outcome 48 f0309339645785ab5e2ccab732f3807f f0309339645785ab5e2ccab732f3807f recomputed
attributes_fuse_polygon_5_upper_first	step	1	modified 3b00136ddb55a9c46d2a99a445a2b4f8 3b00136ddb55a9c46d2a99a445a2b4f8
attributes_fuse_polygon_5_upper_first	step	1	modified 3b078722e755a9c46d2a99a6907aa669 3b078722e755a9c46d2a99a6907aa669
attributes_fuse_polygon_5_upper_first	step	1	modified 3b0efad7f355a9c46d2a99a8db5297da 3b0efad7f355a9c46d2a99a8db5297da
attributes_fuse_polygon_5_upper_first	step	1	modified 3b166e8cff55a9c46d2a99ab262a894b 3b166e8cff55a9c46d2a99ab262a894b
attributes_fuse_polygon_5_upper_first	step	1	modified 3b1de2420b55a9c46d2a99ad71027abc 3b1de2420b55a9c46d2a99ad71027abc
attributes_fuse_polygon_5_upper_first	step	1	modified 4dc06be6c2e63a0a948e14ee9f971bd9 4dc06be6c2e63a0a948e14ee9f971bd9
attributes_fuse_polygon_5_upper_first	step	1	modified 5d0f439e25213c9bbf5484b970e35688 5d0f439e25213c9bbf5484b970e35688
attributes_fuse_polygon_5_upper_first	step	1	modified 5d16b75331213c9bbf5484bbbbbb47f9 5d16b75331213c9bbf5484bbbbbb47f9
attributes_fuse_polygon_5_upper_first	step	1	modified 5d1e2b083d213c9bbf5484be0693396a 5d1e2b083d213c9bbf5484be0693396a
attributes_fuse_polygon_5_upper_first	step	1	modified 5d259ebd49213c9bbf5484c0516b2adb 5d259ebd49213c9bbf5484c0516b2adb
attributes_fuse_polygon_5_upper_first	step	1	modified 5d436d9179213c9bbf5484c97ccaf09f 5d436d9179213c9bbf5484c97ccaf09f
attributes_fuse_polygon_5_upper_first	step	1	modified 8179b05a0ae7f6070d4d5be4275610e8 8179b05a0ae7f6070d4d5be4275610e8
attributes_fuse_polygon_5_upper_first	step	1	modified 81977f2e3ae7f6070d4d5bed52b5d6ac 81977f2e3ae7f6070d4d5bed52b5d6ac
attributes_fuse_polygon_5_upper_first	step	1	modified 819ef2e346e7f6070d4d5bef9d8dc81d 819ef2e346e7f6070d4d5bef9d8dc81d
attributes_fuse_polygon_5_upper_first	step	1	modified 81a6669852e7f6070d4d5bf1e865b98e 81a6669852e7f6070d4d5bf1e865b98e
attributes_fuse_polygon_5_upper_first	step	1	modified 81adda4d5ee7f6070d4d5bf4333daaff 81adda4d5ee7f6070d4d5bf4333daaff
attributes_fuse_polygon_5_upper_first	step	1	modified 9846d2c673b388de5f77443746c83684 9846d2c673b388de5f77443746c83684
attributes_fuse_polygon_5_upper_first	step	1	modified bda8e2c109b416d62fdf7c516adbb17f bda8e2c109b416d62fdf7c516adbb17f
attributes_fuse_polygon_5_upper_first	step	1	modified d2262d523c9431e21c2717da7b539259 d2262d523c9431e21c2717da7b539259
attributes_fuse_polygon_5_upper_first	step	1	modified d23c8871609431e21c2717e15bdb66ac d23c8871609431e21c2717e15bdb66ac
attributes_fuse_polygon_5_upper_first	step	1	modified d243fc266c9431e21c2717e3a6b3581d d243fc266c9431e21c2717e3a6b3581d
attributes_fuse_polygon_5_upper_first	step	1	modified d24b6fdb789431e21c2717e5f18b498e d24b6fdb789431e21c2717e5f18b498e
attributes_fuse_polygon_5_upper_first	step	1	modified d252e390849431e21c2717e83c633aff d252e390849431e21c2717e83c633aff
attributes_fuse_polygon_5_upper_first	step	1	modified dd6e309d585fc4b96e50fd56ed5fbf08 dd6e309d585fc4b96e50fd56ed5fbf08
attributes_fuse_polygon_5_upper_first	step	1	modified dd75a452645fc4b96e50fd593837b079 dd75a452645fc4b96e50fd593837b079
attributes_fuse_polygon_5_upper_first	step	1	modified dd7d1807705fc4b96e50fd5b830fa1ea dd7d1807705fc4b96e50fd5b830fa1ea
attributes_fuse_polygon_5_upper_first	step	1	modified dd848bbc7c5fc4b96e50fd5dcde7935b dd848bbc7c5fc4b96e50fd5dcde7935b
attributes_fuse_polygon_5_upper_first	step	1	modified dd9ae6dba05fc4b96e50fd64ae6f67ae dd9ae6dba05fc4b96e50fd64ae6f67ae
attributes_fuse_polygon_5_upper_first	step	1	modified f01ec1e3c953edc7f46b4cf837b8084b f01ec1e3c953edc7f46b4cf837b8084b
attributes_fuse_polygon_5_upper_first	step	1	modified f0263598d553edc7f46b4cfa828ff9bc f0263598d553edc7f46b4cfa828ff9bc
attributes_fuse_polygon_5_upper_first	step	1	modified f02da94de153edc7f46b4cfccd67eb2d f02da94de153edc7f46b4cfccd67eb2d
attributes_fuse_polygon_5_upper_first	step	1	modified f0351d02ed53edc7f46b4cff183fdc9e f0351d02ed53edc7f46b4cff183fdc9e
attributes_fuse_polygon_5_upper_first	step	1	modified f03c90b7f953edc7f46b4d016317ce0f f03c90b7f953edc7f46b4d016317ce0f
attributes_fuse_polygon_5_upper_first	step	1	outcome 1 4dc06be6c2e63a0a948e14ee9f971bd9 4dc06be6c2e63a0a948e14ee9f971bd9 kept
attributes_fuse_polygon_5_upper_first	step	1	outcome 1 5d0f439e25213c9bbf5484b970e35688 5d0f439e25213c9bbf5484b970e35688 kept
attributes_fuse_polygon_5_upper_first	step	1	outcome 1 5d1e2b083d213c9bbf5484be0693396a 5d1e2b083d213c9bbf5484be0693396a kept
attributes_fuse_polygon_5_upper_first	step	1	outcome 1 8179b05a0ae7f6070d4d5be4275610e8 8179b05a0ae7f6070d4d5be4275610e8 kept
attributes_fuse_polygon_5_upper_first	step	1	outcome 1 81977f2e3ae7f6070d4d5bed52b5d6ac 81977f2e3ae7f6070d4d5bed52b5d6ac kept
attributes_fuse_polygon_5_upper_first	step	1	outcome 1 81a6669852e7f6070d4d5bf1e865b98e 81a6669852e7f6070d4d5bf1e865b98e kept
attributes_fuse_polygon_5_upper_first	step	1	outcome 1 d2262d523c9431e21c2717da7b539259 d2262d523c9431e21c2717da7b539259 kept
attributes_fuse_polygon_5_upper_first	step	1	outcome 1 d243fc266c9431e21c2717e3a6b3581d d243fc266c9431e21c2717e3a6b3581d kept
attributes_fuse_polygon_5_upper_first	step	1	outcome 1 d252e390849431e21c2717e83c633aff d252e390849431e21c2717e83c633aff kept
attributes_fuse_polygon_5_upper_first	step	1	outcome 2 3b078722e755a9c46d2a99a6907aa669 3b078722e755a9c46d2a99a6907aa669 kept
attributes_fuse_polygon_5_upper_first	step	1	outcome 2 3b166e8cff55a9c46d2a99ab262a894b 3b166e8cff55a9c46d2a99ab262a894b kept
attributes_fuse_polygon_5_upper_first	step	1	outcome 2 dd6e309d585fc4b96e50fd56ed5fbf08 dd6e309d585fc4b96e50fd56ed5fbf08 kept
attributes_fuse_polygon_5_upper_first	step	1	outcome 2 dd7d1807705fc4b96e50fd5b830fa1ea dd7d1807705fc4b96e50fd5b830fa1ea kept
attributes_fuse_polygon_5_upper_first	step	1	outcome 2 dd9ae6dba05fc4b96e50fd64ae6f67ae dd9ae6dba05fc4b96e50fd64ae6f67ae kept
attributes_fuse_polygon_5_upper_first	step	1	outcome 2 f01ec1e3c953edc7f46b4cf837b8084b f01ec1e3c953edc7f46b4cf837b8084b kept
attributes_fuse_polygon_5_upper_first	step	1	outcome 2 f02da94de153edc7f46b4cfccd67eb2d f02da94de153edc7f46b4cfccd67eb2d kept
attributes_fuse_polygon_5_upper_first	step	1	outcome 2 f03c90b7f953edc7f46b4d016317ce0f f03c90b7f953edc7f46b4d016317ce0f kept
attributes_fuse_polygon_5_upper_first	step	1	outcome 3 5d16b75331213c9bbf5484bbbbbb47f9 5d16b75331213c9bbf5484bbbbbb47f9 kept
attributes_fuse_polygon_5_upper_first	step	1	outcome 3 5d259ebd49213c9bbf5484c0516b2adb 5d259ebd49213c9bbf5484c0516b2adb kept
attributes_fuse_polygon_5_upper_first	step	1	outcome 3 5d436d9179213c9bbf5484c97ccaf09f 5d436d9179213c9bbf5484c97ccaf09f kept
attributes_fuse_polygon_5_upper_first	step	1	outcome 3 819ef2e346e7f6070d4d5bef9d8dc81d 819ef2e346e7f6070d4d5bef9d8dc81d kept
attributes_fuse_polygon_5_upper_first	step	1	outcome 3 81adda4d5ee7f6070d4d5bf4333daaff 81adda4d5ee7f6070d4d5bf4333daaff kept
attributes_fuse_polygon_5_upper_first	step	1	outcome 3 bda8e2c109b416d62fdf7c516adbb17f bda8e2c109b416d62fdf7c516adbb17f kept
attributes_fuse_polygon_5_upper_first	step	1	outcome 3 d23c8871609431e21c2717e15bdb66ac d23c8871609431e21c2717e15bdb66ac kept
attributes_fuse_polygon_5_upper_first	step	1	outcome 3 d24b6fdb789431e21c2717e5f18b498e d24b6fdb789431e21c2717e5f18b498e kept
attributes_fuse_polygon_5_upper_first	step	1	outcome 4 3b00136ddb55a9c46d2a99a445a2b4f8 3b00136ddb55a9c46d2a99a445a2b4f8 kept
attributes_fuse_polygon_5_upper_first	step	1	outcome 4 3b0efad7f355a9c46d2a99a8db5297da 3b0efad7f355a9c46d2a99a8db5297da kept
attributes_fuse_polygon_5_upper_first	step	1	outcome 4 3b1de2420b55a9c46d2a99ad71027abc 3b1de2420b55a9c46d2a99ad71027abc kept
attributes_fuse_polygon_5_upper_first	step	1	outcome 4 9846d2c673b388de5f77443746c83684 9846d2c673b388de5f77443746c83684 kept
attributes_fuse_polygon_5_upper_first	step	1	outcome 4 dd75a452645fc4b96e50fd593837b079 dd75a452645fc4b96e50fd593837b079 kept
attributes_fuse_polygon_5_upper_first	step	1	outcome 4 dd848bbc7c5fc4b96e50fd5dcde7935b dd848bbc7c5fc4b96e50fd5dcde7935b kept
attributes_fuse_polygon_5_upper_first	step	1	outcome 4 f0263598d553edc7f46b4cfa828ff9bc f0263598d553edc7f46b4cfa828ff9bc kept
attributes_fuse_polygon_5_upper_first	step	1	outcome 4 f0351d02ed53edc7f46b4cff183fdc9e f0351d02ed53edc7f46b4cff183fdc9e kept
attributes_fuse_polygon_5_upper_first	step	1	outcome 5 4dc06be6c2e63a0a948e14ee9f971bd9 4dc06be6c2e63a0a948e14ee9f971bd9 kept
attributes_fuse_polygon_5_upper_first	step	1	outcome 5 5d0f439e25213c9bbf5484b970e35688 5d0f439e25213c9bbf5484b970e35688 kept
attributes_fuse_polygon_5_upper_first	step	1	outcome 5 5d1e2b083d213c9bbf5484be0693396a 5d1e2b083d213c9bbf5484be0693396a kept
attributes_fuse_polygon_5_upper_first	step	1	outcome 5 8179b05a0ae7f6070d4d5be4275610e8 8179b05a0ae7f6070d4d5be4275610e8 kept
attributes_fuse_polygon_5_upper_first	step	1	outcome 5 81977f2e3ae7f6070d4d5bed52b5d6ac 81977f2e3ae7f6070d4d5bed52b5d6ac kept
attributes_fuse_polygon_5_upper_first	step	1	outcome 5 81a6669852e7f6070d4d5bf1e865b98e 81a6669852e7f6070d4d5bf1e865b98e kept
attributes_fuse_polygon_5_upper_first	step	1	outcome 5 d2262d523c9431e21c2717da7b539259 d2262d523c9431e21c2717da7b539259 kept
attributes_fuse_polygon_5_upper_first	step	1	outcome 5 d243fc266c9431e21c2717e3a6b3581d d243fc266c9431e21c2717e3a6b3581d kept
attributes_fuse_polygon_5_upper_first	step	1	outcome 5 d252e390849431e21c2717e83c633aff d252e390849431e21c2717e83c633aff kept
attributes_fuse_polygon_5_upper_first	step	1	outcome 6 3b078722e755a9c46d2a99a6907aa669 3b078722e755a9c46d2a99a6907aa669 kept
attributes_fuse_polygon_5_upper_first	step	1	outcome 6 3b166e8cff55a9c46d2a99ab262a894b 3b166e8cff55a9c46d2a99ab262a894b kept
attributes_fuse_polygon_5_upper_first	step	1	outcome 6 dd6e309d585fc4b96e50fd56ed5fbf08 dd6e309d585fc4b96e50fd56ed5fbf08 kept
attributes_fuse_polygon_5_upper_first	step	1	outcome 6 dd7d1807705fc4b96e50fd5b830fa1ea dd7d1807705fc4b96e50fd5b830fa1ea kept
attributes_fuse_polygon_5_upper_first	step	1	outcome 6 dd9ae6dba05fc4b96e50fd64ae6f67ae dd9ae6dba05fc4b96e50fd64ae6f67ae kept
attributes_fuse_polygon_5_upper_first	step	1	outcome 6 f01ec1e3c953edc7f46b4cf837b8084b f01ec1e3c953edc7f46b4cf837b8084b kept
attributes_fuse_polygon_5_upper_first	step	1	outcome 6 f02da94de153edc7f46b4cfccd67eb2d f02da94de153edc7f46b4cfccd67eb2d kept
attributes_fuse_polygon_5_upper_first	step	1	outcome 6 f03c90b7f953edc7f46b4d016317ce0f f03c90b7f953edc7f46b4d016317ce0f kept
attributes_fuse_polygon_5_upper_first	step	1	outcome 7 5d16b75331213c9bbf5484bbbbbb47f9 5d16b75331213c9bbf5484bbbbbb47f9 kept
attributes_fuse_polygon_5_upper_first	step	1	outcome 7 5d259ebd49213c9bbf5484c0516b2adb 5d259ebd49213c9bbf5484c0516b2adb kept
attributes_fuse_polygon_5_upper_first	step	1	outcome 7 5d436d9179213c9bbf5484c97ccaf09f 5d436d9179213c9bbf5484c97ccaf09f kept
attributes_fuse_polygon_5_upper_first	step	1	outcome 7 819ef2e346e7f6070d4d5bef9d8dc81d 819ef2e346e7f6070d4d5bef9d8dc81d kept
attributes_fuse_polygon_5_upper_first	step	1	outcome 7 81adda4d5ee7f6070d4d5bf4333daaff 81adda4d5ee7f6070d4d5bf4333daaff kept
attributes_fuse_polygon_5_upper_first	step	1	outcome 7 bda8e2c109b416d62fdf7c516adbb17f bda8e2c109b416d62fdf7c516adbb17f kept
attributes_fuse_polygon_5_upper_first	step	1	outcome 7 d23c8871609431e21c2717e15bdb66ac d23c8871609431e21c2717e15bdb66ac kept
attributes_fuse_polygon_5_upper_first	step	1	outcome 7 d24b6fdb789431e21c2717e5f18b498e d24b6fdb789431e21c2717e5f18b498e kept
attributes_fuse_polygon_5_upper_first	step	1	outcome 8 3b00136ddb55a9c46d2a99a445a2b4f8 3b00136ddb55a9c46d2a99a445a2b4f8 kept
attributes_fuse_polygon_5_upper_first	step	1	outcome 8 3b0efad7f355a9c46d2a99a8db5297da 3b0efad7f355a9c46d2a99a8db5297da kept
attributes_fuse_polygon_5_upper_first	step	1	outcome 8 3b1de2420b55a9c46d2a99ad71027abc 3b1de2420b55a9c46d2a99ad71027abc kept
attributes_fuse_polygon_5_upper_first	step	1	outcome 8 9846d2c673b388de5f77443746c83684 9846d2c673b388de5f77443746c83684 kept
attributes_fuse_polygon_5_upper_first	step	1	outcome 8 dd75a452645fc4b96e50fd593837b079 dd75a452645fc4b96e50fd593837b079 kept
attributes_fuse_polygon_5_upper_first	step	1	outcome 8 dd848bbc7c5fc4b96e50fd5dcde7935b dd848bbc7c5fc4b96e50fd5dcde7935b kept
attributes_fuse_polygon_5_upper_first	step	1	outcome 8 f0263598d553edc7f46b4cfa828ff9bc f0263598d553edc7f46b4cfa828ff9bc kept
attributes_fuse_polygon_5_upper_first	step	1	outcome 8 f0351d02ed53edc7f46b4cff183fdc9e f0351d02ed53edc7f46b4cff183fdc9e kept
attributes_fuse_polygon_5_upper_first	step	1	outcome 9 4dc06be6c2e63a0a948e14ee9f971bd9 - dropped
attributes_fuse_polygon_5_upper_first	step	1	outcome 9 5d0f439e25213c9bbf5484b970e35688 - dropped
attributes_fuse_polygon_5_upper_first	step	1	outcome 9 5d1e2b083d213c9bbf5484be0693396a - dropped
attributes_fuse_polygon_5_upper_first	step	1	outcome 9 8179b05a0ae7f6070d4d5be4275610e8 - dropped
attributes_fuse_polygon_5_upper_first	step	1	outcome 9 81977f2e3ae7f6070d4d5bed52b5d6ac - dropped
attributes_fuse_polygon_5_upper_first	step	1	outcome 9 81a6669852e7f6070d4d5bf1e865b98e - dropped
attributes_fuse_polygon_5_upper_first	step	1	outcome 9 d2262d523c9431e21c2717da7b539259 - dropped
attributes_fuse_polygon_5_upper_first	step	1	outcome 9 d243fc266c9431e21c2717e3a6b3581d - dropped
attributes_fuse_polygon_5_upper_first	step	1	outcome 9 d252e390849431e21c2717e83c633aff - dropped
attributes_fuse_polygon_5_upper_first	step	1	outcome 10 3b078722e755a9c46d2a99a6907aa669 - dropped
attributes_fuse_polygon_5_upper_first	step	1	outcome 10 3b166e8cff55a9c46d2a99ab262a894b - dropped
attributes_fuse_polygon_5_upper_first	step	1	outcome 10 dd6e309d585fc4b96e50fd56ed5fbf08 - dropped
attributes_fuse_polygon_5_upper_first	step	1	outcome 10 dd7d1807705fc4b96e50fd5b830fa1ea - dropped
attributes_fuse_polygon_5_upper_first	step	1	outcome 10 dd9ae6dba05fc4b96e50fd64ae6f67ae - dropped
attributes_fuse_polygon_5_upper_first	step	1	outcome 10 f01ec1e3c953edc7f46b4cf837b8084b - dropped
attributes_fuse_polygon_5_upper_first	step	1	outcome 10 f02da94de153edc7f46b4cfccd67eb2d - dropped
attributes_fuse_polygon_5_upper_first	step	1	outcome 10 f03c90b7f953edc7f46b4d016317ce0f - dropped
attributes_fuse_polygon_5_upper_first	step	1	outcome 11 5d16b75331213c9bbf5484bbbbbb47f9 - dropped
attributes_fuse_polygon_5_upper_first	step	1	outcome 11 5d259ebd49213c9bbf5484c0516b2adb - dropped
attributes_fuse_polygon_5_upper_first	step	1	outcome 11 5d436d9179213c9bbf5484c97ccaf09f - dropped
attributes_fuse_polygon_5_upper_first	step	1	outcome 11 819ef2e346e7f6070d4d5bef9d8dc81d - dropped
attributes_fuse_polygon_5_upper_first	step	1	outcome 11 81adda4d5ee7f6070d4d5bf4333daaff - dropped
attributes_fuse_polygon_5_upper_first	step	1	outcome 11 bda8e2c109b416d62fdf7c516adbb17f - dropped
attributes_fuse_polygon_5_upper_first	step	1	outcome 11 d23c8871609431e21c2717e15bdb66ac - dropped
attributes_fuse_polygon_5_upper_first	step	1	outcome 11 d24b6fdb789431e21c2717e5f18b498e - dropped
attributes_fuse_polygon_5_upper_first	step	1	outcome 12 3b00136ddb55a9c46d2a99a445a2b4f8 - dropped
attributes_fuse_polygon_5_upper_first	step	1	outcome 12 3b0efad7f355a9c46d2a99a8db5297da - dropped
attributes_fuse_polygon_5_upper_first	step	1	outcome 12 3b1de2420b55a9c46d2a99ad71027abc - dropped
attributes_fuse_polygon_5_upper_first	step	1	outcome 12 9846d2c673b388de5f77443746c83684 - dropped
attributes_fuse_polygon_5_upper_first	step	1	outcome 12 dd75a452645fc4b96e50fd593837b079 - dropped
attributes_fuse_polygon_5_upper_first	step	1	outcome 12 dd848bbc7c5fc4b96e50fd5dcde7935b - dropped
attributes_fuse_polygon_5_upper_first	step	1	outcome 12 f0263598d553edc7f46b4cfa828ff9bc - dropped
attributes_fuse_polygon_5_upper_first	step	1	outcome 12 f0351d02ed53edc7f46b4cff183fdc9e - dropped
attributes_fuse_polygon_5_upper_first	step	1	outcome 13 4dc06be6c2e63a0a948e14ee9f971bd9 - dropped
attributes_fuse_polygon_5_upper_first	step	1	outcome 13 5d0f439e25213c9bbf5484b970e35688 - dropped
attributes_fuse_polygon_5_upper_first	step	1	outcome 13 5d1e2b083d213c9bbf5484be0693396a - dropped
attributes_fuse_polygon_5_upper_first	step	1	outcome 13 8179b05a0ae7f6070d4d5be4275610e8 - dropped
attributes_fuse_polygon_5_upper_first	step	1	outcome 13 81977f2e3ae7f6070d4d5bed52b5d6ac - dropped
attributes_fuse_polygon_5_upper_first	step	1	outcome 13 81a6669852e7f6070d4d5bf1e865b98e - dropped
attributes_fuse_polygon_5_upper_first	step	1	outcome 13 d2262d523c9431e21c2717da7b539259 - dropped
attributes_fuse_polygon_5_upper_first	step	1	outcome 13 d243fc266c9431e21c2717e3a6b3581d - dropped
attributes_fuse_polygon_5_upper_first	step	1	outcome 13 d252e390849431e21c2717e83c633aff - dropped
attributes_fuse_polygon_5_upper_first	step	1	outcome 14 3b078722e755a9c46d2a99a6907aa669 - dropped
attributes_fuse_polygon_5_upper_first	step	1	outcome 14 3b166e8cff55a9c46d2a99ab262a894b - dropped
attributes_fuse_polygon_5_upper_first	step	1	outcome 14 dd6e309d585fc4b96e50fd56ed5fbf08 - dropped
attributes_fuse_polygon_5_upper_first	step	1	outcome 14 dd7d1807705fc4b96e50fd5b830fa1ea - dropped
attributes_fuse_polygon_5_upper_first	step	1	outcome 14 dd9ae6dba05fc4b96e50fd64ae6f67ae - dropped
attributes_fuse_polygon_5_upper_first	step	1	outcome 14 f01ec1e3c953edc7f46b4cf837b8084b - dropped
attributes_fuse_polygon_5_upper_first	step	1	outcome 14 f02da94de153edc7f46b4cfccd67eb2d - dropped
attributes_fuse_polygon_5_upper_first	step	1	outcome 14 f03c90b7f953edc7f46b4d016317ce0f - dropped
attributes_fuse_polygon_5_upper_first	step	1	outcome 15 5d16b75331213c9bbf5484bbbbbb47f9 - dropped
attributes_fuse_polygon_5_upper_first	step	1	outcome 15 5d259ebd49213c9bbf5484c0516b2adb - dropped
attributes_fuse_polygon_5_upper_first	step	1	outcome 15 5d436d9179213c9bbf5484c97ccaf09f - dropped
attributes_fuse_polygon_5_upper_first	step	1	outcome 15 819ef2e346e7f6070d4d5bef9d8dc81d - dropped
attributes_fuse_polygon_5_upper_first	step	1	outcome 15 81adda4d5ee7f6070d4d5bf4333daaff - dropped
attributes_fuse_polygon_5_upper_first	step	1	outcome 15 bda8e2c109b416d62fdf7c516adbb17f - dropped
attributes_fuse_polygon_5_upper_first	step	1	outcome 15 d23c8871609431e21c2717e15bdb66ac - dropped
attributes_fuse_polygon_5_upper_first	step	1	outcome 15 d24b6fdb789431e21c2717e5f18b498e - dropped
attributes_fuse_polygon_5_upper_first	step	1	outcome 16 3b00136ddb55a9c46d2a99a445a2b4f8 - dropped
attributes_fuse_polygon_5_upper_first	step	1	outcome 16 3b0efad7f355a9c46d2a99a8db5297da - dropped
attributes_fuse_polygon_5_upper_first	step	1	outcome 16 3b1de2420b55a9c46d2a99ad71027abc - dropped
attributes_fuse_polygon_5_upper_first	step	1	outcome 16 9846d2c673b388de5f77443746c83684 - dropped
attributes_fuse_polygon_5_upper_first	step	1	outcome 16 dd75a452645fc4b96e50fd593837b079 - dropped
attributes_fuse_polygon_5_upper_first	step	1	outcome 16 dd848bbc7c5fc4b96e50fd5dcde7935b - dropped
attributes_fuse_polygon_5_upper_first	step	1	outcome 16 f0263598d553edc7f46b4cfa828ff9bc - dropped
attributes_fuse_polygon_5_upper_first	step	1	outcome 16 f0351d02ed53edc7f46b4cff183fdc9e - dropped
attributes_fuse_polygon_5_upper_first	step	1	outcome 17 4dc06be6c2e63a0a948e14ee9f971bd9 4dc06be6c2e63a0a948e14ee9f971bd9 recomputed
attributes_fuse_polygon_5_upper_first	step	1	outcome 17 5d0f439e25213c9bbf5484b970e35688 5d0f439e25213c9bbf5484b970e35688 recomputed
attributes_fuse_polygon_5_upper_first	step	1	outcome 17 5d1e2b083d213c9bbf5484be0693396a 5d1e2b083d213c9bbf5484be0693396a recomputed
attributes_fuse_polygon_5_upper_first	step	1	outcome 17 8179b05a0ae7f6070d4d5be4275610e8 8179b05a0ae7f6070d4d5be4275610e8 recomputed
attributes_fuse_polygon_5_upper_first	step	1	outcome 17 81977f2e3ae7f6070d4d5bed52b5d6ac 81977f2e3ae7f6070d4d5bed52b5d6ac recomputed
attributes_fuse_polygon_5_upper_first	step	1	outcome 17 81a6669852e7f6070d4d5bf1e865b98e 81a6669852e7f6070d4d5bf1e865b98e recomputed
attributes_fuse_polygon_5_upper_first	step	1	outcome 17 d2262d523c9431e21c2717da7b539259 d2262d523c9431e21c2717da7b539259 recomputed
attributes_fuse_polygon_5_upper_first	step	1	outcome 17 d243fc266c9431e21c2717e3a6b3581d d243fc266c9431e21c2717e3a6b3581d recomputed
attributes_fuse_polygon_5_upper_first	step	1	outcome 17 d252e390849431e21c2717e83c633aff d252e390849431e21c2717e83c633aff recomputed
attributes_fuse_polygon_5_upper_first	step	1	outcome 18 3b078722e755a9c46d2a99a6907aa669 3b078722e755a9c46d2a99a6907aa669 recomputed
attributes_fuse_polygon_5_upper_first	step	1	outcome 18 3b166e8cff55a9c46d2a99ab262a894b 3b166e8cff55a9c46d2a99ab262a894b recomputed
attributes_fuse_polygon_5_upper_first	step	1	outcome 18 dd6e309d585fc4b96e50fd56ed5fbf08 dd6e309d585fc4b96e50fd56ed5fbf08 recomputed
attributes_fuse_polygon_5_upper_first	step	1	outcome 18 dd7d1807705fc4b96e50fd5b830fa1ea dd7d1807705fc4b96e50fd5b830fa1ea recomputed
attributes_fuse_polygon_5_upper_first	step	1	outcome 18 dd9ae6dba05fc4b96e50fd64ae6f67ae dd9ae6dba05fc4b96e50fd64ae6f67ae recomputed
attributes_fuse_polygon_5_upper_first	step	1	outcome 18 f01ec1e3c953edc7f46b4cf837b8084b f01ec1e3c953edc7f46b4cf837b8084b recomputed
attributes_fuse_polygon_5_upper_first	step	1	outcome 18 f02da94de153edc7f46b4cfccd67eb2d f02da94de153edc7f46b4cfccd67eb2d recomputed
attributes_fuse_polygon_5_upper_first	step	1	outcome 18 f03c90b7f953edc7f46b4d016317ce0f f03c90b7f953edc7f46b4d016317ce0f recomputed
attributes_fuse_polygon_5_upper_first	step	1	outcome 19 5d16b75331213c9bbf5484bbbbbb47f9 5d16b75331213c9bbf5484bbbbbb47f9 recomputed
attributes_fuse_polygon_5_upper_first	step	1	outcome 19 5d259ebd49213c9bbf5484c0516b2adb 5d259ebd49213c9bbf5484c0516b2adb recomputed
attributes_fuse_polygon_5_upper_first	step	1	outcome 19 5d436d9179213c9bbf5484c97ccaf09f 5d436d9179213c9bbf5484c97ccaf09f recomputed
attributes_fuse_polygon_5_upper_first	step	1	outcome 19 819ef2e346e7f6070d4d5bef9d8dc81d 819ef2e346e7f6070d4d5bef9d8dc81d recomputed
attributes_fuse_polygon_5_upper_first	step	1	outcome 19 81adda4d5ee7f6070d4d5bf4333daaff 81adda4d5ee7f6070d4d5bf4333daaff recomputed
attributes_fuse_polygon_5_upper_first	step	1	outcome 19 bda8e2c109b416d62fdf7c516adbb17f bda8e2c109b416d62fdf7c516adbb17f recomputed
attributes_fuse_polygon_5_upper_first	step	1	outcome 19 d23c8871609431e21c2717e15bdb66ac d23c8871609431e21c2717e15bdb66ac recomputed
attributes_fuse_polygon_5_upper_first	step	1	outcome 19 d24b6fdb789431e21c2717e5f18b498e d24b6fdb789431e21c2717e5f18b498e recomputed
attributes_fuse_polygon_5_upper_first	step	1	outcome 20 3b00136ddb55a9c46d2a99a445a2b4f8 3b00136ddb55a9c46d2a99a445a2b4f8 recomputed
attributes_fuse_polygon_5_upper_first	step	1	outcome 20 3b0efad7f355a9c46d2a99a8db5297da 3b0efad7f355a9c46d2a99a8db5297da recomputed
attributes_fuse_polygon_5_upper_first	step	1	outcome 20 3b1de2420b55a9c46d2a99ad71027abc 3b1de2420b55a9c46d2a99ad71027abc recomputed
attributes_fuse_polygon_5_upper_first	step	1	outcome 20 9846d2c673b388de5f77443746c83684 9846d2c673b388de5f77443746c83684 recomputed
attributes_fuse_polygon_5_upper_first	step	1	outcome 20 dd75a452645fc4b96e50fd593837b079 dd75a452645fc4b96e50fd593837b079 recomputed
attributes_fuse_polygon_5_upper_first	step	1	outcome 20 dd848bbc7c5fc4b96e50fd5dcde7935b dd848bbc7c5fc4b96e50fd5dcde7935b recomputed
attributes_fuse_polygon_5_upper_first	step	1	outcome 20 f0263598d553edc7f46b4cfa828ff9bc f0263598d553edc7f46b4cfa828ff9bc recomputed
attributes_fuse_polygon_5_upper_first	step	1	outcome 20 f0351d02ed53edc7f46b4cff183fdc9e f0351d02ed53edc7f46b4cff183fdc9e recomputed
attributes_fuse_polygon_5_upper_first	step	1	outcome 21 4dc06be6c2e63a0a948e14ee9f971bd9 4dc06be6c2e63a0a948e14ee9f971bd9 recomputed
attributes_fuse_polygon_5_upper_first	step	1	outcome 21 5d0f439e25213c9bbf5484b970e35688 5d0f439e25213c9bbf5484b970e35688 recomputed
attributes_fuse_polygon_5_upper_first	step	1	outcome 21 5d1e2b083d213c9bbf5484be0693396a 5d1e2b083d213c9bbf5484be0693396a recomputed
attributes_fuse_polygon_5_upper_first	step	1	outcome 21 8179b05a0ae7f6070d4d5be4275610e8 8179b05a0ae7f6070d4d5be4275610e8 recomputed
attributes_fuse_polygon_5_upper_first	step	1	outcome 21 81977f2e3ae7f6070d4d5bed52b5d6ac 81977f2e3ae7f6070d4d5bed52b5d6ac recomputed
attributes_fuse_polygon_5_upper_first	step	1	outcome 21 81a6669852e7f6070d4d5bf1e865b98e 81a6669852e7f6070d4d5bf1e865b98e recomputed
attributes_fuse_polygon_5_upper_first	step	1	outcome 21 d2262d523c9431e21c2717da7b539259 d2262d523c9431e21c2717da7b539259 recomputed
attributes_fuse_polygon_5_upper_first	step	1	outcome 21 d243fc266c9431e21c2717e3a6b3581d d243fc266c9431e21c2717e3a6b3581d recomputed
attributes_fuse_polygon_5_upper_first	step	1	outcome 21 d252e390849431e21c2717e83c633aff d252e390849431e21c2717e83c633aff recomputed
attributes_fuse_polygon_5_upper_first	step	1	outcome 22 3b078722e755a9c46d2a99a6907aa669 3b078722e755a9c46d2a99a6907aa669 recomputed
attributes_fuse_polygon_5_upper_first	step	1	outcome 22 3b166e8cff55a9c46d2a99ab262a894b 3b166e8cff55a9c46d2a99ab262a894b recomputed
attributes_fuse_polygon_5_upper_first	step	1	outcome 22 dd6e309d585fc4b96e50fd56ed5fbf08 dd6e309d585fc4b96e50fd56ed5fbf08 recomputed
attributes_fuse_polygon_5_upper_first	step	1	outcome 22 dd7d1807705fc4b96e50fd5b830fa1ea dd7d1807705fc4b96e50fd5b830fa1ea recomputed
attributes_fuse_polygon_5_upper_first	step	1	outcome 22 dd9ae6dba05fc4b96e50fd64ae6f67ae dd9ae6dba05fc4b96e50fd64ae6f67ae recomputed
attributes_fuse_polygon_5_upper_first	step	1	outcome 22 f01ec1e3c953edc7f46b4cf837b8084b f01ec1e3c953edc7f46b4cf837b8084b recomputed
attributes_fuse_polygon_5_upper_first	step	1	outcome 22 f02da94de153edc7f46b4cfccd67eb2d f02da94de153edc7f46b4cfccd67eb2d recomputed
attributes_fuse_polygon_5_upper_first	step	1	outcome 22 f03c90b7f953edc7f46b4d016317ce0f f03c90b7f953edc7f46b4d016317ce0f recomputed
attributes_fuse_polygon_5_upper_first	step	1	outcome 23 5d16b75331213c9bbf5484bbbbbb47f9 5d16b75331213c9bbf5484bbbbbb47f9 recomputed
attributes_fuse_polygon_5_upper_first	step	1	outcome 23 5d259ebd49213c9bbf5484c0516b2adb 5d259ebd49213c9bbf5484c0516b2adb recomputed
attributes_fuse_polygon_5_upper_first	step	1	outcome 23 5d436d9179213c9bbf5484c97ccaf09f 5d436d9179213c9bbf5484c97ccaf09f recomputed
attributes_fuse_polygon_5_upper_first	step	1	outcome 23 819ef2e346e7f6070d4d5bef9d8dc81d 819ef2e346e7f6070d4d5bef9d8dc81d recomputed
attributes_fuse_polygon_5_upper_first	step	1	outcome 23 81adda4d5ee7f6070d4d5bf4333daaff 81adda4d5ee7f6070d4d5bf4333daaff recomputed
attributes_fuse_polygon_5_upper_first	step	1	outcome 23 bda8e2c109b416d62fdf7c516adbb17f bda8e2c109b416d62fdf7c516adbb17f recomputed
attributes_fuse_polygon_5_upper_first	step	1	outcome 23 d23c8871609431e21c2717e15bdb66ac d23c8871609431e21c2717e15bdb66ac recomputed
attributes_fuse_polygon_5_upper_first	step	1	outcome 23 d24b6fdb789431e21c2717e5f18b498e d24b6fdb789431e21c2717e5f18b498e recomputed
attributes_fuse_polygon_5_upper_first	step	1	outcome 24 3b00136ddb55a9c46d2a99a445a2b4f8 3b00136ddb55a9c46d2a99a445a2b4f8 recomputed
attributes_fuse_polygon_5_upper_first	step	1	outcome 24 3b0efad7f355a9c46d2a99a8db5297da 3b0efad7f355a9c46d2a99a8db5297da recomputed
attributes_fuse_polygon_5_upper_first	step	1	outcome 24 3b1de2420b55a9c46d2a99ad71027abc 3b1de2420b55a9c46d2a99ad71027abc recomputed
attributes_fuse_polygon_5_upper_first	step	1	outcome 24 9846d2c673b388de5f77443746c83684 9846d2c673b388de5f77443746c83684 recomputed
attributes_fuse_polygon_5_upper_first	step	1	outcome 24 dd75a452645fc4b96e50fd593837b079 dd75a452645fc4b96e50fd593837b079 recomputed
attributes_fuse_polygon_5_upper_first	step	1	outcome 24 dd848bbc7c5fc4b96e50fd5dcde7935b dd848bbc7c5fc4b96e50fd5dcde7935b recomputed
attributes_fuse_polygon_5_upper_first	step	1	outcome 24 f0263598d553edc7f46b4cfa828ff9bc f0263598d553edc7f46b4cfa828ff9bc recomputed
attributes_fuse_polygon_5_upper_first	step	1	outcome 24 f0351d02ed53edc7f46b4cff183fdc9e f0351d02ed53edc7f46b4cff183fdc9e recomputed
attributes_fuse_polygon_5_upper_first	step	1	outcome 25 4dc06be6c2e63a0a948e14ee9f971bd9 4dc06be6c2e63a0a948e14ee9f971bd9 kept
attributes_fuse_polygon_5_upper_first	step	1	outcome 25 5d0f439e25213c9bbf5484b970e35688 5d0f439e25213c9bbf5484b970e35688 kept
attributes_fuse_polygon_5_upper_first	step	1	outcome 25 5d1e2b083d213c9bbf5484be0693396a 5d1e2b083d213c9bbf5484be0693396a kept
attributes_fuse_polygon_5_upper_first	step	1	outcome 25 8179b05a0ae7f6070d4d5be4275610e8 8179b05a0ae7f6070d4d5be4275610e8 kept
attributes_fuse_polygon_5_upper_first	step	1	outcome 25 81977f2e3ae7f6070d4d5bed52b5d6ac 81977f2e3ae7f6070d4d5bed52b5d6ac kept
attributes_fuse_polygon_5_upper_first	step	1	outcome 25 81a6669852e7f6070d4d5bf1e865b98e 81a6669852e7f6070d4d5bf1e865b98e kept
attributes_fuse_polygon_5_upper_first	step	1	outcome 25 d2262d523c9431e21c2717da7b539259 d2262d523c9431e21c2717da7b539259 kept
attributes_fuse_polygon_5_upper_first	step	1	outcome 25 d243fc266c9431e21c2717e3a6b3581d d243fc266c9431e21c2717e3a6b3581d kept
attributes_fuse_polygon_5_upper_first	step	1	outcome 25 d252e390849431e21c2717e83c633aff d252e390849431e21c2717e83c633aff kept
attributes_fuse_polygon_5_upper_first	step	1	outcome 26 3b078722e755a9c46d2a99a6907aa669 3b078722e755a9c46d2a99a6907aa669 kept
attributes_fuse_polygon_5_upper_first	step	1	outcome 26 3b166e8cff55a9c46d2a99ab262a894b 3b166e8cff55a9c46d2a99ab262a894b kept
attributes_fuse_polygon_5_upper_first	step	1	outcome 26 dd6e309d585fc4b96e50fd56ed5fbf08 dd6e309d585fc4b96e50fd56ed5fbf08 kept
attributes_fuse_polygon_5_upper_first	step	1	outcome 26 dd7d1807705fc4b96e50fd5b830fa1ea dd7d1807705fc4b96e50fd5b830fa1ea kept
attributes_fuse_polygon_5_upper_first	step	1	outcome 26 dd9ae6dba05fc4b96e50fd64ae6f67ae dd9ae6dba05fc4b96e50fd64ae6f67ae kept
attributes_fuse_polygon_5_upper_first	step	1	outcome 26 f01ec1e3c953edc7f46b4cf837b8084b f01ec1e3c953edc7f46b4cf837b8084b kept
attributes_fuse_polygon_5_upper_first	step	1	outcome 26 f02da94de153edc7f46b4cfccd67eb2d f02da94de153edc7f46b4cfccd67eb2d kept
attributes_fuse_polygon_5_upper_first	step	1	outcome 26 f03c90b7f953edc7f46b4d016317ce0f f03c90b7f953edc7f46b4d016317ce0f kept
attributes_fuse_polygon_5_upper_first	step	1	outcome 27 5d16b75331213c9bbf5484bbbbbb47f9 5d16b75331213c9bbf5484bbbbbb47f9 kept
attributes_fuse_polygon_5_upper_first	step	1	outcome 27 5d259ebd49213c9bbf5484c0516b2adb 5d259ebd49213c9bbf5484c0516b2adb kept
attributes_fuse_polygon_5_upper_first	step	1	outcome 27 5d436d9179213c9bbf5484c97ccaf09f 5d436d9179213c9bbf5484c97ccaf09f kept
attributes_fuse_polygon_5_upper_first	step	1	outcome 27 819ef2e346e7f6070d4d5bef9d8dc81d 819ef2e346e7f6070d4d5bef9d8dc81d kept
attributes_fuse_polygon_5_upper_first	step	1	outcome 27 81adda4d5ee7f6070d4d5bf4333daaff 81adda4d5ee7f6070d4d5bf4333daaff kept
attributes_fuse_polygon_5_upper_first	step	1	outcome 27 bda8e2c109b416d62fdf7c516adbb17f bda8e2c109b416d62fdf7c516adbb17f kept
attributes_fuse_polygon_5_upper_first	step	1	outcome 27 d23c8871609431e21c2717e15bdb66ac d23c8871609431e21c2717e15bdb66ac kept
attributes_fuse_polygon_5_upper_first	step	1	outcome 27 d24b6fdb789431e21c2717e5f18b498e d24b6fdb789431e21c2717e5f18b498e kept
attributes_fuse_polygon_5_upper_first	step	1	outcome 28 3b00136ddb55a9c46d2a99a445a2b4f8 3b00136ddb55a9c46d2a99a445a2b4f8 kept
attributes_fuse_polygon_5_upper_first	step	1	outcome 28 3b0efad7f355a9c46d2a99a8db5297da 3b0efad7f355a9c46d2a99a8db5297da kept
attributes_fuse_polygon_5_upper_first	step	1	outcome 28 3b1de2420b55a9c46d2a99ad71027abc 3b1de2420b55a9c46d2a99ad71027abc kept
attributes_fuse_polygon_5_upper_first	step	1	outcome 28 9846d2c673b388de5f77443746c83684 9846d2c673b388de5f77443746c83684 kept
attributes_fuse_polygon_5_upper_first	step	1	outcome 28 dd75a452645fc4b96e50fd593837b079 dd75a452645fc4b96e50fd593837b079 kept
attributes_fuse_polygon_5_upper_first	step	1	outcome 28 dd848bbc7c5fc4b96e50fd5dcde7935b dd848bbc7c5fc4b96e50fd5dcde7935b kept
attributes_fuse_polygon_5_upper_first	step	1	outcome 28 f0263598d553edc7f46b4cfa828ff9bc f0263598d553edc7f46b4cfa828ff9bc kept
attributes_fuse_polygon_5_upper_first	step	1	outcome 28 f0351d02ed53edc7f46b4cff183fdc9e f0351d02ed53edc7f46b4cff183fdc9e kept
attributes_fuse_polygon_5_upper_first	step	1	outcome 29 4dc06be6c2e63a0a948e14ee9f971bd9 4dc06be6c2e63a0a948e14ee9f971bd9 kept
attributes_fuse_polygon_5_upper_first	step	1	outcome 29 5d0f439e25213c9bbf5484b970e35688 5d0f439e25213c9bbf5484b970e35688 kept
attributes_fuse_polygon_5_upper_first	step	1	outcome 29 5d1e2b083d213c9bbf5484be0693396a 5d1e2b083d213c9bbf5484be0693396a kept
attributes_fuse_polygon_5_upper_first	step	1	outcome 29 8179b05a0ae7f6070d4d5be4275610e8 8179b05a0ae7f6070d4d5be4275610e8 kept
attributes_fuse_polygon_5_upper_first	step	1	outcome 29 81977f2e3ae7f6070d4d5bed52b5d6ac 81977f2e3ae7f6070d4d5bed52b5d6ac kept
attributes_fuse_polygon_5_upper_first	step	1	outcome 29 81a6669852e7f6070d4d5bf1e865b98e 81a6669852e7f6070d4d5bf1e865b98e kept
attributes_fuse_polygon_5_upper_first	step	1	outcome 29 d2262d523c9431e21c2717da7b539259 d2262d523c9431e21c2717da7b539259 kept
attributes_fuse_polygon_5_upper_first	step	1	outcome 29 d243fc266c9431e21c2717e3a6b3581d d243fc266c9431e21c2717e3a6b3581d kept
attributes_fuse_polygon_5_upper_first	step	1	outcome 29 d252e390849431e21c2717e83c633aff d252e390849431e21c2717e83c633aff kept
attributes_fuse_polygon_5_upper_first	step	1	outcome 30 3b078722e755a9c46d2a99a6907aa669 3b078722e755a9c46d2a99a6907aa669 kept
attributes_fuse_polygon_5_upper_first	step	1	outcome 30 3b166e8cff55a9c46d2a99ab262a894b 3b166e8cff55a9c46d2a99ab262a894b kept
attributes_fuse_polygon_5_upper_first	step	1	outcome 30 dd6e309d585fc4b96e50fd56ed5fbf08 dd6e309d585fc4b96e50fd56ed5fbf08 kept
attributes_fuse_polygon_5_upper_first	step	1	outcome 30 dd7d1807705fc4b96e50fd5b830fa1ea dd7d1807705fc4b96e50fd5b830fa1ea kept
attributes_fuse_polygon_5_upper_first	step	1	outcome 30 dd9ae6dba05fc4b96e50fd64ae6f67ae dd9ae6dba05fc4b96e50fd64ae6f67ae kept
attributes_fuse_polygon_5_upper_first	step	1	outcome 30 f01ec1e3c953edc7f46b4cf837b8084b f01ec1e3c953edc7f46b4cf837b8084b kept
attributes_fuse_polygon_5_upper_first	step	1	outcome 30 f02da94de153edc7f46b4cfccd67eb2d f02da94de153edc7f46b4cfccd67eb2d kept
attributes_fuse_polygon_5_upper_first	step	1	outcome 30 f03c90b7f953edc7f46b4d016317ce0f f03c90b7f953edc7f46b4d016317ce0f kept
attributes_fuse_polygon_5_upper_first	step	1	outcome 31 5d16b75331213c9bbf5484bbbbbb47f9 5d16b75331213c9bbf5484bbbbbb47f9 kept
attributes_fuse_polygon_5_upper_first	step	1	outcome 31 5d259ebd49213c9bbf5484c0516b2adb 5d259ebd49213c9bbf5484c0516b2adb kept
attributes_fuse_polygon_5_upper_first	step	1	outcome 31 5d436d9179213c9bbf5484c97ccaf09f 5d436d9179213c9bbf5484c97ccaf09f kept
attributes_fuse_polygon_5_upper_first	step	1	outcome 31 819ef2e346e7f6070d4d5bef9d8dc81d 819ef2e346e7f6070d4d5bef9d8dc81d kept
attributes_fuse_polygon_5_upper_first	step	1	outcome 31 81adda4d5ee7f6070d4d5bf4333daaff 81adda4d5ee7f6070d4d5bf4333daaff kept
attributes_fuse_polygon_5_upper_first	step	1	outcome 31 bda8e2c109b416d62fdf7c516adbb17f bda8e2c109b416d62fdf7c516adbb17f kept
attributes_fuse_polygon_5_upper_first	step	1	outcome 31 d23c8871609431e21c2717e15bdb66ac d23c8871609431e21c2717e15bdb66ac kept
attributes_fuse_polygon_5_upper_first	step	1	outcome 31 d24b6fdb789431e21c2717e5f18b498e d24b6fdb789431e21c2717e5f18b498e kept
attributes_fuse_polygon_5_upper_first	step	1	outcome 32 3b00136ddb55a9c46d2a99a445a2b4f8 3b00136ddb55a9c46d2a99a445a2b4f8 kept
attributes_fuse_polygon_5_upper_first	step	1	outcome 32 3b0efad7f355a9c46d2a99a8db5297da 3b0efad7f355a9c46d2a99a8db5297da kept
attributes_fuse_polygon_5_upper_first	step	1	outcome 32 3b1de2420b55a9c46d2a99ad71027abc 3b1de2420b55a9c46d2a99ad71027abc kept
attributes_fuse_polygon_5_upper_first	step	1	outcome 32 9846d2c673b388de5f77443746c83684 9846d2c673b388de5f77443746c83684 kept
attributes_fuse_polygon_5_upper_first	step	1	outcome 32 dd75a452645fc4b96e50fd593837b079 dd75a452645fc4b96e50fd593837b079 kept
attributes_fuse_polygon_5_upper_first	step	1	outcome 32 dd848bbc7c5fc4b96e50fd5dcde7935b dd848bbc7c5fc4b96e50fd5dcde7935b kept
attributes_fuse_polygon_5_upper_first	step	1	outcome 32 f0263598d553edc7f46b4cfa828ff9bc f0263598d553edc7f46b4cfa828ff9bc kept
attributes_fuse_polygon_5_upper_first	step	1	outcome 32 f0351d02ed53edc7f46b4cff183fdc9e f0351d02ed53edc7f46b4cff183fdc9e kept
attributes_fuse_polygon_5_upper_first	step	1	outcome 33 4dc06be6c2e63a0a948e14ee9f971bd9 - dropped
attributes_fuse_polygon_5_upper_first	step	1	outcome 33 5d0f439e25213c9bbf5484b970e35688 - dropped
attributes_fuse_polygon_5_upper_first	step	1	outcome 33 5d1e2b083d213c9bbf5484be0693396a - dropped
attributes_fuse_polygon_5_upper_first	step	1	outcome 33 8179b05a0ae7f6070d4d5be4275610e8 - dropped
attributes_fuse_polygon_5_upper_first	step	1	outcome 33 81977f2e3ae7f6070d4d5bed52b5d6ac - dropped
attributes_fuse_polygon_5_upper_first	step	1	outcome 33 81a6669852e7f6070d4d5bf1e865b98e - dropped
attributes_fuse_polygon_5_upper_first	step	1	outcome 33 d2262d523c9431e21c2717da7b539259 - dropped
attributes_fuse_polygon_5_upper_first	step	1	outcome 33 d243fc266c9431e21c2717e3a6b3581d - dropped
attributes_fuse_polygon_5_upper_first	step	1	outcome 33 d252e390849431e21c2717e83c633aff - dropped
attributes_fuse_polygon_5_upper_first	step	1	outcome 34 3b078722e755a9c46d2a99a6907aa669 - dropped
attributes_fuse_polygon_5_upper_first	step	1	outcome 34 3b166e8cff55a9c46d2a99ab262a894b - dropped
attributes_fuse_polygon_5_upper_first	step	1	outcome 34 dd6e309d585fc4b96e50fd56ed5fbf08 - dropped
attributes_fuse_polygon_5_upper_first	step	1	outcome 34 dd7d1807705fc4b96e50fd5b830fa1ea - dropped
attributes_fuse_polygon_5_upper_first	step	1	outcome 34 dd9ae6dba05fc4b96e50fd64ae6f67ae - dropped
attributes_fuse_polygon_5_upper_first	step	1	outcome 34 f01ec1e3c953edc7f46b4cf837b8084b - dropped
attributes_fuse_polygon_5_upper_first	step	1	outcome 34 f02da94de153edc7f46b4cfccd67eb2d - dropped
attributes_fuse_polygon_5_upper_first	step	1	outcome 34 f03c90b7f953edc7f46b4d016317ce0f - dropped
attributes_fuse_polygon_5_upper_first	step	1	outcome 35 5d16b75331213c9bbf5484bbbbbb47f9 - dropped
attributes_fuse_polygon_5_upper_first	step	1	outcome 35 5d259ebd49213c9bbf5484c0516b2adb - dropped
attributes_fuse_polygon_5_upper_first	step	1	outcome 35 5d436d9179213c9bbf5484c97ccaf09f - dropped
attributes_fuse_polygon_5_upper_first	step	1	outcome 35 819ef2e346e7f6070d4d5bef9d8dc81d - dropped
attributes_fuse_polygon_5_upper_first	step	1	outcome 35 81adda4d5ee7f6070d4d5bf4333daaff - dropped
attributes_fuse_polygon_5_upper_first	step	1	outcome 35 bda8e2c109b416d62fdf7c516adbb17f - dropped
attributes_fuse_polygon_5_upper_first	step	1	outcome 35 d23c8871609431e21c2717e15bdb66ac - dropped
attributes_fuse_polygon_5_upper_first	step	1	outcome 35 d24b6fdb789431e21c2717e5f18b498e - dropped
attributes_fuse_polygon_5_upper_first	step	1	outcome 36 3b00136ddb55a9c46d2a99a445a2b4f8 - dropped
attributes_fuse_polygon_5_upper_first	step	1	outcome 36 3b0efad7f355a9c46d2a99a8db5297da - dropped
attributes_fuse_polygon_5_upper_first	step	1	outcome 36 3b1de2420b55a9c46d2a99ad71027abc - dropped
attributes_fuse_polygon_5_upper_first	step	1	outcome 36 9846d2c673b388de5f77443746c83684 - dropped
attributes_fuse_polygon_5_upper_first	step	1	outcome 36 dd75a452645fc4b96e50fd593837b079 - dropped
attributes_fuse_polygon_5_upper_first	step	1	outcome 36 dd848bbc7c5fc4b96e50fd5dcde7935b - dropped
attributes_fuse_polygon_5_upper_first	step	1	outcome 36 f0263598d553edc7f46b4cfa828ff9bc - dropped
attributes_fuse_polygon_5_upper_first	step	1	outcome 36 f0351d02ed53edc7f46b4cff183fdc9e - dropped
attributes_fuse_polygon_5_upper_first	step	1	outcome 37 4dc06be6c2e63a0a948e14ee9f971bd9 - dropped
attributes_fuse_polygon_5_upper_first	step	1	outcome 37 5d0f439e25213c9bbf5484b970e35688 - dropped
attributes_fuse_polygon_5_upper_first	step	1	outcome 37 5d1e2b083d213c9bbf5484be0693396a - dropped
attributes_fuse_polygon_5_upper_first	step	1	outcome 37 8179b05a0ae7f6070d4d5be4275610e8 - dropped
attributes_fuse_polygon_5_upper_first	step	1	outcome 37 81977f2e3ae7f6070d4d5bed52b5d6ac - dropped
attributes_fuse_polygon_5_upper_first	step	1	outcome 37 81a6669852e7f6070d4d5bf1e865b98e - dropped
attributes_fuse_polygon_5_upper_first	step	1	outcome 37 d2262d523c9431e21c2717da7b539259 - dropped
attributes_fuse_polygon_5_upper_first	step	1	outcome 37 d243fc266c9431e21c2717e3a6b3581d - dropped
attributes_fuse_polygon_5_upper_first	step	1	outcome 37 d252e390849431e21c2717e83c633aff - dropped
attributes_fuse_polygon_5_upper_first	step	1	outcome 38 3b078722e755a9c46d2a99a6907aa669 - dropped
attributes_fuse_polygon_5_upper_first	step	1	outcome 38 3b166e8cff55a9c46d2a99ab262a894b - dropped
attributes_fuse_polygon_5_upper_first	step	1	outcome 38 dd6e309d585fc4b96e50fd56ed5fbf08 - dropped
attributes_fuse_polygon_5_upper_first	step	1	outcome 38 dd7d1807705fc4b96e50fd5b830fa1ea - dropped
attributes_fuse_polygon_5_upper_first	step	1	outcome 38 dd9ae6dba05fc4b96e50fd64ae6f67ae - dropped
attributes_fuse_polygon_5_upper_first	step	1	outcome 38 f01ec1e3c953edc7f46b4cf837b8084b - dropped
attributes_fuse_polygon_5_upper_first	step	1	outcome 38 f02da94de153edc7f46b4cfccd67eb2d - dropped
attributes_fuse_polygon_5_upper_first	step	1	outcome 38 f03c90b7f953edc7f46b4d016317ce0f - dropped
attributes_fuse_polygon_5_upper_first	step	1	outcome 39 5d16b75331213c9bbf5484bbbbbb47f9 - dropped
attributes_fuse_polygon_5_upper_first	step	1	outcome 39 5d259ebd49213c9bbf5484c0516b2adb - dropped
attributes_fuse_polygon_5_upper_first	step	1	outcome 39 5d436d9179213c9bbf5484c97ccaf09f - dropped
attributes_fuse_polygon_5_upper_first	step	1	outcome 39 819ef2e346e7f6070d4d5bef9d8dc81d - dropped
attributes_fuse_polygon_5_upper_first	step	1	outcome 39 81adda4d5ee7f6070d4d5bf4333daaff - dropped
attributes_fuse_polygon_5_upper_first	step	1	outcome 39 bda8e2c109b416d62fdf7c516adbb17f - dropped
attributes_fuse_polygon_5_upper_first	step	1	outcome 39 d23c8871609431e21c2717e15bdb66ac - dropped
attributes_fuse_polygon_5_upper_first	step	1	outcome 39 d24b6fdb789431e21c2717e5f18b498e - dropped
attributes_fuse_polygon_5_upper_first	step	1	outcome 40 3b00136ddb55a9c46d2a99a445a2b4f8 - dropped
attributes_fuse_polygon_5_upper_first	step	1	outcome 40 3b0efad7f355a9c46d2a99a8db5297da - dropped
attributes_fuse_polygon_5_upper_first	step	1	outcome 40 3b1de2420b55a9c46d2a99ad71027abc - dropped
attributes_fuse_polygon_5_upper_first	step	1	outcome 40 9846d2c673b388de5f77443746c83684 - dropped
attributes_fuse_polygon_5_upper_first	step	1	outcome 40 dd75a452645fc4b96e50fd593837b079 - dropped
attributes_fuse_polygon_5_upper_first	step	1	outcome 40 dd848bbc7c5fc4b96e50fd5dcde7935b - dropped
attributes_fuse_polygon_5_upper_first	step	1	outcome 40 f0263598d553edc7f46b4cfa828ff9bc - dropped
attributes_fuse_polygon_5_upper_first	step	1	outcome 40 f0351d02ed53edc7f46b4cff183fdc9e - dropped
attributes_fuse_polygon_5_upper_first	step	1	outcome 41 4dc06be6c2e63a0a948e14ee9f971bd9 4dc06be6c2e63a0a948e14ee9f971bd9 recomputed
attributes_fuse_polygon_5_upper_first	step	1	outcome 41 5d0f439e25213c9bbf5484b970e35688 5d0f439e25213c9bbf5484b970e35688 recomputed
attributes_fuse_polygon_5_upper_first	step	1	outcome 41 5d1e2b083d213c9bbf5484be0693396a 5d1e2b083d213c9bbf5484be0693396a recomputed
attributes_fuse_polygon_5_upper_first	step	1	outcome 41 8179b05a0ae7f6070d4d5be4275610e8 8179b05a0ae7f6070d4d5be4275610e8 recomputed
attributes_fuse_polygon_5_upper_first	step	1	outcome 41 81977f2e3ae7f6070d4d5bed52b5d6ac 81977f2e3ae7f6070d4d5bed52b5d6ac recomputed
attributes_fuse_polygon_5_upper_first	step	1	outcome 41 81a6669852e7f6070d4d5bf1e865b98e 81a6669852e7f6070d4d5bf1e865b98e recomputed
attributes_fuse_polygon_5_upper_first	step	1	outcome 41 d2262d523c9431e21c2717da7b539259 d2262d523c9431e21c2717da7b539259 recomputed
attributes_fuse_polygon_5_upper_first	step	1	outcome 41 d243fc266c9431e21c2717e3a6b3581d d243fc266c9431e21c2717e3a6b3581d recomputed
attributes_fuse_polygon_5_upper_first	step	1	outcome 41 d252e390849431e21c2717e83c633aff d252e390849431e21c2717e83c633aff recomputed
attributes_fuse_polygon_5_upper_first	step	1	outcome 42 3b078722e755a9c46d2a99a6907aa669 3b078722e755a9c46d2a99a6907aa669 recomputed
attributes_fuse_polygon_5_upper_first	step	1	outcome 42 3b166e8cff55a9c46d2a99ab262a894b 3b166e8cff55a9c46d2a99ab262a894b recomputed
attributes_fuse_polygon_5_upper_first	step	1	outcome 42 dd6e309d585fc4b96e50fd56ed5fbf08 dd6e309d585fc4b96e50fd56ed5fbf08 recomputed
attributes_fuse_polygon_5_upper_first	step	1	outcome 42 dd7d1807705fc4b96e50fd5b830fa1ea dd7d1807705fc4b96e50fd5b830fa1ea recomputed
attributes_fuse_polygon_5_upper_first	step	1	outcome 42 dd9ae6dba05fc4b96e50fd64ae6f67ae dd9ae6dba05fc4b96e50fd64ae6f67ae recomputed
attributes_fuse_polygon_5_upper_first	step	1	outcome 42 f01ec1e3c953edc7f46b4cf837b8084b f01ec1e3c953edc7f46b4cf837b8084b recomputed
attributes_fuse_polygon_5_upper_first	step	1	outcome 42 f02da94de153edc7f46b4cfccd67eb2d f02da94de153edc7f46b4cfccd67eb2d recomputed
attributes_fuse_polygon_5_upper_first	step	1	outcome 42 f03c90b7f953edc7f46b4d016317ce0f f03c90b7f953edc7f46b4d016317ce0f recomputed
attributes_fuse_polygon_5_upper_first	step	1	outcome 43 5d16b75331213c9bbf5484bbbbbb47f9 5d16b75331213c9bbf5484bbbbbb47f9 recomputed
attributes_fuse_polygon_5_upper_first	step	1	outcome 43 5d259ebd49213c9bbf5484c0516b2adb 5d259ebd49213c9bbf5484c0516b2adb recomputed
attributes_fuse_polygon_5_upper_first	step	1	outcome 43 5d436d9179213c9bbf5484c97ccaf09f 5d436d9179213c9bbf5484c97ccaf09f recomputed
attributes_fuse_polygon_5_upper_first	step	1	outcome 43 819ef2e346e7f6070d4d5bef9d8dc81d 819ef2e346e7f6070d4d5bef9d8dc81d recomputed
attributes_fuse_polygon_5_upper_first	step	1	outcome 43 81adda4d5ee7f6070d4d5bf4333daaff 81adda4d5ee7f6070d4d5bf4333daaff recomputed
attributes_fuse_polygon_5_upper_first	step	1	outcome 43 bda8e2c109b416d62fdf7c516adbb17f bda8e2c109b416d62fdf7c516adbb17f recomputed
attributes_fuse_polygon_5_upper_first	step	1	outcome 43 d23c8871609431e21c2717e15bdb66ac d23c8871609431e21c2717e15bdb66ac recomputed
attributes_fuse_polygon_5_upper_first	step	1	outcome 43 d24b6fdb789431e21c2717e5f18b498e d24b6fdb789431e21c2717e5f18b498e recomputed
attributes_fuse_polygon_5_upper_first	step	1	outcome 44 3b00136ddb55a9c46d2a99a445a2b4f8 3b00136ddb55a9c46d2a99a445a2b4f8 recomputed
attributes_fuse_polygon_5_upper_first	step	1	outcome 44 3b0efad7f355a9c46d2a99a8db5297da 3b0efad7f355a9c46d2a99a8db5297da recomputed
attributes_fuse_polygon_5_upper_first	step	1	outcome 44 3b1de2420b55a9c46d2a99ad71027abc 3b1de2420b55a9c46d2a99ad71027abc recomputed
attributes_fuse_polygon_5_upper_first	step	1	outcome 44 9846d2c673b388de5f77443746c83684 9846d2c673b388de5f77443746c83684 recomputed
attributes_fuse_polygon_5_upper_first	step	1	outcome 44 dd75a452645fc4b96e50fd593837b079 dd75a452645fc4b96e50fd593837b079 recomputed
attributes_fuse_polygon_5_upper_first	step	1	outcome 44 dd848bbc7c5fc4b96e50fd5dcde7935b dd848bbc7c5fc4b96e50fd5dcde7935b recomputed
attributes_fuse_polygon_5_upper_first	step	1	outcome 44 f0263598d553edc7f46b4cfa828ff9bc f0263598d553edc7f46b4cfa828ff9bc recomputed
attributes_fuse_polygon_5_upper_first	step	1	outcome 44 f0351d02ed53edc7f46b4cff183fdc9e f0351d02ed53edc7f46b4cff183fdc9e recomputed
attributes_fuse_polygon_5_upper_first	step	1	outcome 45 4dc06be6c2e63a0a948e14ee9f971bd9 4dc06be6c2e63a0a948e14ee9f971bd9 recomputed
attributes_fuse_polygon_5_upper_first	step	1	outcome 45 5d0f439e25213c9bbf5484b970e35688 5d0f439e25213c9bbf5484b970e35688 recomputed
attributes_fuse_polygon_5_upper_first	step	1	outcome 45 5d1e2b083d213c9bbf5484be0693396a 5d1e2b083d213c9bbf5484be0693396a recomputed
attributes_fuse_polygon_5_upper_first	step	1	outcome 45 8179b05a0ae7f6070d4d5be4275610e8 8179b05a0ae7f6070d4d5be4275610e8 recomputed
attributes_fuse_polygon_5_upper_first	step	1	outcome 45 81977f2e3ae7f6070d4d5bed52b5d6ac 81977f2e3ae7f6070d4d5bed52b5d6ac recomputed
attributes_fuse_polygon_5_upper_first	step	1	outcome 45 81a6669852e7f6070d4d5bf1e865b98e 81a6669852e7f6070d4d5bf1e865b98e recomputed
attributes_fuse_polygon_5_upper_first	step	1	outcome 45 d2262d523c9431e21c2717da7b539259 d2262d523c9431e21c2717da7b539259 recomputed
attributes_fuse_polygon_5_upper_first	step	1	outcome 45 d243fc266c9431e21c2717e3a6b3581d d243fc266c9431e21c2717e3a6b3581d recomputed
attributes_fuse_polygon_5_upper_first	step	1	outcome 45 d252e390849431e21c2717e83c633aff d252e390849431e21c2717e83c633aff recomputed
attributes_fuse_polygon_5_upper_first	step	1	outcome 46 3b078722e755a9c46d2a99a6907aa669 3b078722e755a9c46d2a99a6907aa669 recomputed
attributes_fuse_polygon_5_upper_first	step	1	outcome 46 3b166e8cff55a9c46d2a99ab262a894b 3b166e8cff55a9c46d2a99ab262a894b recomputed
attributes_fuse_polygon_5_upper_first	step	1	outcome 46 dd6e309d585fc4b96e50fd56ed5fbf08 dd6e309d585fc4b96e50fd56ed5fbf08 recomputed
attributes_fuse_polygon_5_upper_first	step	1	outcome 46 dd7d1807705fc4b96e50fd5b830fa1ea dd7d1807705fc4b96e50fd5b830fa1ea recomputed
attributes_fuse_polygon_5_upper_first	step	1	outcome 46 dd9ae6dba05fc4b96e50fd64ae6f67ae dd9ae6dba05fc4b96e50fd64ae6f67ae recomputed
attributes_fuse_polygon_5_upper_first	step	1	outcome 46 f01ec1e3c953edc7f46b4cf837b8084b f01ec1e3c953edc7f46b4cf837b8084b recomputed
attributes_fuse_polygon_5_upper_first	step	1	outcome 46 f02da94de153edc7f46b4cfccd67eb2d f02da94de153edc7f46b4cfccd67eb2d recomputed
attributes_fuse_polygon_5_upper_first	step	1	outcome 46 f03c90b7f953edc7f46b4d016317ce0f f03c90b7f953edc7f46b4d016317ce0f recomputed
attributes_fuse_polygon_5_upper_first	step	1	outcome 47 5d16b75331213c9bbf5484bbbbbb47f9 5d16b75331213c9bbf5484bbbbbb47f9 recomputed
attributes_fuse_polygon_5_upper_first	step	1	outcome 47 5d259ebd49213c9bbf5484c0516b2adb 5d259ebd49213c9bbf5484c0516b2adb recomputed
attributes_fuse_polygon_5_upper_first	step	1	outcome 47 5d436d9179213c9bbf5484c97ccaf09f 5d436d9179213c9bbf5484c97ccaf09f recomputed
attributes_fuse_polygon_5_upper_first	step	1	outcome 47 819ef2e346e7f6070d4d5bef9d8dc81d 819ef2e346e7f6070d4d5bef9d8dc81d recomputed
attributes_fuse_polygon_5_upper_first	step	1	outcome 47 81adda4d5ee7f6070d4d5bf4333daaff 81adda4d5ee7f6070d4d5bf4333daaff recomputed
attributes_fuse_polygon_5_upper_first	step	1	outcome 47 bda8e2c109b416d62fdf7c516adbb17f bda8e2c109b416d62fdf7c516adbb17f recomputed
attributes_fuse_polygon_5_upper_first	step	1	outcome 47 d23c8871609431e21c2717e15bdb66ac d23c8871609431e21c2717e15bdb66ac recomputed
attributes_fuse_polygon_5_upper_first	step	1	outcome 47 d24b6fdb789431e21c2717e5f18b498e d24b6fdb789431e21c2717e5f18b498e recomputed
attributes_fuse_polygon_5_upper_first	step	1	outcome 48 3b00136ddb55a9c46d2a99a445a2b4f8 3b00136ddb55a9c46d2a99a445a2b4f8 recomputed
attributes_fuse_polygon_5_upper_first	step	1	outcome 48 3b0efad7f355a9c46d2a99a8db5297da 3b0efad7f355a9c46d2a99a8db5297da recomputed
attributes_fuse_polygon_5_upper_first	step	1	outcome 48 3b1de2420b55a9c46d2a99ad71027abc 3b1de2420b55a9c46d2a99ad71027abc recomputed
attributes_fuse_polygon_5_upper_first	step	1	outcome 48 9846d2c673b388de5f77443746c83684 9846d2c673b388de5f77443746c83684 recomputed
attributes_fuse_polygon_5_upper_first	step	1	outcome 48 dd75a452645fc4b96e50fd593837b079 dd75a452645fc4b96e50fd593837b079 recomputed
attributes_fuse_polygon_5_upper_first	step	1	outcome 48 dd848bbc7c5fc4b96e50fd5dcde7935b dd848bbc7c5fc4b96e50fd5dcde7935b recomputed
attributes_fuse_polygon_5_upper_first	step	1	outcome 48 f0263598d553edc7f46b4cfa828ff9bc f0263598d553edc7f46b4cfa828ff9bc recomputed
attributes_fuse_polygon_5_upper_first	step	1	outcome 48 f0351d02ed53edc7f46b4cff183fdc9e f0351d02ed53edc7f46b4cff183fdc9e recomputed
attributes_fuse_polygon_5_upper_first	step	2	unchanged 2958f71aa862bed0ba8b2c50803f2850
attributes_fuse_polygon_5_upper_first	step	2	unchanged 29606acfb462bed0ba8b2c52cb1719c1
attributes_fuse_polygon_5_upper_first	step	2	unchanged 2967de84c062bed0ba8b2c5515ef0b32
attributes_fuse_polygon_5_upper_first	step	2	unchanged 296f5239cc62bed0ba8b2c5760c6fca3
attributes_fuse_polygon_5_upper_first	step	2	unchanged 2976c5eed862bed0ba8b2c59ab9eee14
attributes_fuse_polygon_5_upper_first	step	2	deleted 3b00136ddb55a9c46d2a99a445a2b4f8
attributes_fuse_polygon_5_upper_first	step	2	deleted 3b078722e755a9c46d2a99a6907aa669
attributes_fuse_polygon_5_upper_first	step	2	deleted 3b0efad7f355a9c46d2a99a8db5297da
attributes_fuse_polygon_5_upper_first	step	2	deleted 3b166e8cff55a9c46d2a99ab262a894b
attributes_fuse_polygon_5_upper_first	step	2	deleted 3b1de2420b55a9c46d2a99ad71027abc
attributes_fuse_polygon_5_upper_first	step	2	deleted 4dc06be6c2e63a0a948e14ee9f971bd9
attributes_fuse_polygon_5_upper_first	step	2	unchanged 5d0f439e25213c9bbf5484b970e35688
attributes_fuse_polygon_5_upper_first	step	2	unchanged 5d16b75331213c9bbf5484bbbbbb47f9
attributes_fuse_polygon_5_upper_first	step	2	unchanged 5d1e2b083d213c9bbf5484be0693396a
attributes_fuse_polygon_5_upper_first	step	2	unchanged 5d259ebd49213c9bbf5484c0516b2adb
attributes_fuse_polygon_5_upper_first	step	2	unchanged 5d436d9179213c9bbf5484c97ccaf09f
attributes_fuse_polygon_5_upper_first	step	2	deleted 6e8f3c5ba50efaabc964e574bc8693b6
attributes_fuse_polygon_5_upper_first	step	2	unchanged 749654a4de057d82e5c5cda30eaff6ff
attributes_fuse_polygon_5_upper_first	step	2	unchanged 9290183182ada398e599a736fa57aaaa
attributes_fuse_polygon_5_upper_first	step	2	unchanged 929eff9b9aada398e599a73b90078d8c
attributes_fuse_polygon_5_upper_first	step	2	unchanged 92a67350a6ada398e599a73ddadf7efd
attributes_fuse_polygon_5_upper_first	step	2	unchanged 92ade705b2ada398e599a74025b7706e
attributes_fuse_polygon_5_upper_first	step	2	unchanged 92b55ababeada398e599a742708f61df
attributes_fuse_polygon_5_upper_first	step	2	unchanged 9846d2c673b388de5f77443746c83684
attributes_fuse_polygon_5_upper_first	step	2	unchanged d2262d523c9431e21c2717da7b539259
attributes_fuse_polygon_5_upper_first	step	2	unchanged d23c8871609431e21c2717e15bdb66ac
attributes_fuse_polygon_5_upper_first	step	2	unchanged d243fc266c9431e21c2717e3a6b3581d
attributes_fuse_polygon_5_upper_first	step	2	unchanged d24b6fdb789431e21c2717e5f18b498e
attributes_fuse_polygon_5_upper_first	step	2	unchanged d252e390849431e21c2717e83c633aff
attributes_fuse_polygon_5_upper_first	step	2	deleted dd6e309d585fc4b96e50fd56ed5fbf08
attributes_fuse_polygon_5_upper_first	step	2	deleted dd75a452645fc4b96e50fd593837b079
attributes_fuse_polygon_5_upper_first	step	2	deleted dd7d1807705fc4b96e50fd5b830fa1ea
attributes_fuse_polygon_5_upper_first	step	2	deleted dd848bbc7c5fc4b96e50fd5dcde7935b
attributes_fuse_polygon_5_upper_first	step	2	deleted dd9ae6dba05fc4b96e50fd64ae6f67ae
attributes_fuse_polygon_5_upper_first	step	2	deleted e2d9157484b8dcbe41f80e8482f718a8
attributes_fuse_polygon_5_upper_first	step	2	deleted e2e0892990b8dcbe41f80e86cdcf0a19
attributes_fuse_polygon_5_upper_first	step	2	deleted e2e7fcde9cb8dcbe41f80e8918a6fb8a
attributes_fuse_polygon_5_upper_first	step	2	deleted e2ef7093a8b8dcbe41f80e8b637eecfb
attributes_fuse_polygon_5_upper_first	step	2	deleted e2fe57fdc0b8dcbe41f80e8ff92ecfdd
attributes_fuse_polygon_5_upper_first	step	2	deleted effc6946105785ab5e2ccaa7270be668
attributes_fuse_polygon_5_upper_first	step	2	deleted f003dcfb1c5785ab5e2ccaa971e3d7d9
attributes_fuse_polygon_5_upper_first	step	2	deleted f00b50b0285785ab5e2ccaabbcbbc94a
attributes_fuse_polygon_5_upper_first	step	2	deleted f012c465345785ab5e2ccaae0793babb
attributes_fuse_polygon_5_upper_first	step	2	deleted f0309339645785ab5e2ccab732f3807f
attributes_fuse_polygon_5_upper_first	step	2	merged 29b5031acc03c1866d0680f700c54a52,8179b05a0ae7f6070d4d5be4275610e8 c504e0ea7a7565e93de9d1456f1012a1
attributes_fuse_polygon_5_upper_first	step	2	merged 29c3ea84e403c1866d0680fb96752d34,81a6669852e7f6070d4d5bf1e865b98e 307524e4d98d245847ec05b65c36ffe4
attributes_fuse_polygon_5_upper_first	step	2	merged 29cb5e39f003c1866d0680fde14d1ea5,81adda4d5ee7f6070d4d5bf4333daaff 085e9e3b3af5c0254d503eafa814895c
attributes_fuse_polygon_5_upper_first	step	2	merged 29d2d1eefc03c1866d0681002c251016,81977f2e3ae7f6070d4d5bed52b5d6ac 0c60774b37b11a8946c928f4d08cc192
attributes_fuse_polygon_5_upper_first	step	2	merged 29da45a40803c1866d06810276fd0187,819ef2e346e7f6070d4d5bef9d8dc81d 0d7019017c166641a812853f7a89cca3
attributes_fuse_polygon_5_upper_first	step	2	merged 8dbc8323f395f7f6ac35f61bf5685be9,bda8e2c109b416d62fdf7c516adbb17f f66128c3daf6a86b5bef67235c991e9b
attributes_fuse_polygon_5_upper_first	step	2	merged f4400a55ceaf5f955e58f97e0c4ebda9,f01ec1e3c953edc7f46b4cf837b8084b 9a64aa57beae2836bbd71568cc307243
attributes_fuse_polygon_5_upper_first	step	2	merged f4566574f2af5f955e58f984ecd691fc,f0351d02ed53edc7f46b4cff183fdc9e fee003888a05a5bf58d36b380c6d3164
attributes_fuse_polygon_5_upper_first	step	2	merged f45dd929feaf5f955e58f98737ae836d,f03c90b7f953edc7f46b4d016317ce0f f325ea112c022fbb2a2c5fa8d3bb2337
attributes_fuse_polygon_5_upper_first	step	2	merged f4654cdf0aaf5f955e58f989828674de,f0263598d553edc7f46b4cfa828ff9bc f14e09280f8dd973a6785ae5792c19e8
attributes_fuse_polygon_5_upper_first	step	2	merged f46cc09416af5f955e58f98bcd5e664f,f02da94de153edc7f46b4cfccd67eb2d 13590249c5262137282282b73951d6b8
attributes_fuse_polygon_5_upper_first	step	2	outcome 1 2958f71aa862bed0ba8b2c50803f2850 2958f71aa862bed0ba8b2c50803f2850 kept
attributes_fuse_polygon_5_upper_first	step	2	outcome 1 2967de84c062bed0ba8b2c5515ef0b32 2967de84c062bed0ba8b2c5515ef0b32 kept
attributes_fuse_polygon_5_upper_first	step	2	outcome 1 2976c5eed862bed0ba8b2c59ab9eee14 2976c5eed862bed0ba8b2c59ab9eee14 kept
attributes_fuse_polygon_5_upper_first	step	2	outcome 1 4dc06be6c2e63a0a948e14ee9f971bd9 - dropped
attributes_fuse_polygon_5_upper_first	step	2	outcome 1 5d0f439e25213c9bbf5484b970e35688 5d0f439e25213c9bbf5484b970e35688 kept
attributes_fuse_polygon_5_upper_first	step	2	outcome 1 5d1e2b083d213c9bbf5484be0693396a 5d1e2b083d213c9bbf5484be0693396a kept
attributes_fuse_polygon_5_upper_first	step	2	outcome 1 8179b05a0ae7f6070d4d5be4275610e8 - conflict
attributes_fuse_polygon_5_upper_first	step	2	outcome 1 81977f2e3ae7f6070d4d5bed52b5d6ac - conflict
attributes_fuse_polygon_5_upper_first	step	2	outcome 1 81a6669852e7f6070d4d5bf1e865b98e - conflict
attributes_fuse_polygon_5_upper_first	step	2	outcome 1 92a67350a6ada398e599a73ddadf7efd 92a67350a6ada398e599a73ddadf7efd kept
attributes_fuse_polygon_5_upper_first	step	2	outcome 1 92b55ababeada398e599a742708f61df 92b55ababeada398e599a742708f61df kept
attributes_fuse_polygon_5_upper_first	step	2	outcome 1 d2262d523c9431e21c2717da7b539259 d2262d523c9431e21c2717da7b539259 kept
attributes_fuse_polygon_5_upper_first	step	2	outcome 1 d243fc266c9431e21c2717e3a6b3581d d243fc266c9431e21c2717e3a6b3581d kept
attributes_fuse_polygon_5_upper_first	step	2	outcome 1 d252e390849431e21c2717e83c633aff d252e390849431e21c2717e83c633aff kept
attributes_fuse_polygon_5_upper_first	step	2	outcome 1 f4400a55ceaf5f955e58f97e0c4ebda9 - conflict
attributes_fuse_polygon_5_upper_first	step	2	outcome 1 f45dd929feaf5f955e58f98737ae836d - conflict
attributes_fuse_polygon_5_upper_first	step	2	outcome 1 f46cc09416af5f955e58f98bcd5e664f - conflict
attributes_fuse_polygon_5_upper_first	step	2	outcome 2 29cb5e39f003c1866d0680fde14d1ea5 - conflict
attributes_fuse_polygon_5_upper_first	step	2	outcome 2 29da45a40803c1866d06810276fd0187 - conflict
attributes_fuse_polygon_5_upper_first	step	2	outcome 2 3b078722e755a9c46d2a99a6907aa669 - dropped
attributes_fuse_polygon_5_upper_first	step	2	outcome 2 3b166e8cff55a9c46d2a99ab262a894b - dropped
attributes_fuse_polygon_5_upper_first	step	2	outcome 2 8dbc8323f395f7f6ac35f61bf5685be9 - conflict
attributes_fuse_polygon_5_upper_first	step	2	outcome 2 dd6e309d585fc4b96e50fd56ed5fbf08 - dropped
attributes_fuse_polygon_5_upper_first	step	2	outcome 2 dd7d1807705fc4b96e50fd5b830fa1ea - dropped
attributes_fuse_polygon_5_upper_first	step	2	outcome 2 dd9ae6dba05fc4b96e50fd64ae6f67ae - dropped
attributes_fuse_polygon_5_upper_first	step	2	outcome 2 e2e0892990b8dcbe41f80e86cdcf0a19 - dropped
attributes_fuse_polygon_5_upper_first	step	2	outcome 2 e2ef7093a8b8dcbe41f80e8b637eecfb - dropped
attributes_fuse_polygon_5_upper_first	step	2	outcome 2 e2fe57fdc0b8dcbe41f80e8ff92ecfdd - dropped
attributes_fuse_polygon_5_upper_first	step	2	outcome 2 effc6946105785ab5e2ccaa7270be668 - dropped
attributes_fuse_polygon_5_upper_first	step	2	outcome 2 f00b50b0285785ab5e2ccaabbcbbc94a - dropped
attributes_fuse_polygon_5_upper_first	step	2	outcome 2 f01ec1e3c953edc7f46b4cf837b8084b - conflict
attributes_fuse_polygon_5_upper_first	step	2	outcome 2 f02da94de153edc7f46b4cfccd67eb2d - conflict
attributes_fuse_polygon_5_upper_first	step	2	outcome 2 f03c90b7f953edc7f46b4d016317ce0f - conflict
attributes_fuse_polygon_5_upper_first	step	2	outcome 3 29606acfb462bed0ba8b2c52cb1719c1 29606acfb462bed0ba8b2c52cb1719c1 kept
attributes_fuse_polygon_5_upper_first	step	2	outcome 3 296f5239cc62bed0ba8b2c5760c6fca3 296f5239cc62bed0ba8b2c5760c6fca3 kept
attributes_fuse_polygon_5_upper_first	step	2	outcome 3 5d16b75331213c9bbf5484bbbbbb47f9 5d16b75331213c9bbf5484bbbbbb47f9 kept
attributes_fuse_polygon_5_upper_first	step	2	outcome 3 5d259ebd49213c9bbf5484c0516b2adb 5d259ebd49213c9bbf5484c0516b2adb kept
attributes_fuse_polygon_5_upper_first	step	2	outcome 3 5d436d9179213c9bbf5484c97ccaf09f 5d436d9179213c9bbf5484c97ccaf09f kept
attributes_fuse_polygon_5_upper_first	step	2	outcome 3 6e8f3c5ba50efaabc964e574bc8693b6 - dropped
attributes_fuse_polygon_5_upper_first	step	2	outcome 3 819ef2e346e7f6070d4d5bef9d8dc81d - dropped
attributes_fuse_polygon_5_upper_first	step	2	outcome 3 81adda4d5ee7f6070d4d5bf4333daaff - dropped
attributes_fuse_polygon_5_upper_first	step	2	outcome 3 9290183182ada398e599a736fa57aaaa 9290183182ada398e599a736fa57aaaa kept
attributes_fuse_polygon_5_upper_first	step	2	outcome 3 929eff9b9aada398e599a73b90078d8c 929eff9b9aada398e599a73b90078d8c kept
attributes_fuse_polygon_5_upper_first	step	2	outcome 3 92ade705b2ada398e599a74025b7706e 92ade705b2ada398e599a74025b7706e kept
attributes_fuse_polygon_5_upper_first	step	2	outcome 3 bda8e2c109b416d62fdf7c516adbb17f - dropped
attributes_fuse_polygon_5_upper_first	step	2	outcome 3 d23c8871609431e21c2717e15bdb66ac d23c8871609431e21c2717e15bdb66ac kept
attributes_fuse_polygon_5_upper_first	step	2	outcome 3 d24b6fdb789431e21c2717e5f18b498e d24b6fdb789431e21c2717e5f18b498e kept
attributes_fuse_polygon_5_upper_first	step	2	outcome 3 f4566574f2af5f955e58f984ecd691fc - dropped
attributes_fuse_polygon_5_upper_first	step	2	outcome 3 f4654cdf0aaf5f955e58f989828674de - dropped
attributes_fuse_polygon_5_upper_first	step	2	outcome 4 29b5031acc03c1866d0680f700c54a52 - dropped
attributes_fuse_polygon_5_upper_first	step	2	outcome 4 29c3ea84e403c1866d0680fb96752d34 - dropped
attributes_fuse_polygon_5_upper_first	step	2	outcome 4 29d2d1eefc03c1866d0681002c251016 - dropped
attributes_fuse_polygon_5_upper_first	step	2	outcome 4 3b00136ddb55a9c46d2a99a445a2b4f8 - dropped
attributes_fuse_polygon_5_upper_first	step	2	outcome 4 3b0efad7f355a9c46d2a99a8db5297da - dropped
attributes_fuse_polygon_5_upper_first	step	2	outcome 4 3b1de2420b55a9c46d2a99ad71027abc - dropped
attributes_fuse_polygon_5_upper_first	step	2	outcome 4 749654a4de057d82e5c5cda30eaff6ff 749654a4de057d82e5c5cda30eaff6ff kept
attributes_fuse_polygon_5_upper_first	step	2	outcome 4 9846d2c673b388de5f77443746c83684 9846d2c673b388de5f77443746c83684 kept
attributes_fuse_polygon_5_upper_first	step	2	outcome 4 dd75a452645fc4b96e50fd593837b079 - dropped
attributes_fuse_polygon_5_upper_first	step	2	outcome 4 dd848bbc7c5fc4b96e50fd5dcde7935b - dropped
attributes_fuse_polygon_5_upper_first	step	2	outcome 4 e2d9157484b8dcbe41f80e8482f718a8 - dropped
attributes_fuse_polygon_5_upper_first	step	2	outcome 4 e2e7fcde9cb8dcbe41f80e8918a6fb8a - dropped
attributes_fuse_polygon_5_upper_first	step	2	outcome 4 f003dcfb1c5785ab5e2ccaa971e3d7d9 - dropped
attributes_fuse_polygon_5_upper_first	step	2	outcome 4 f012c465345785ab5e2ccaae0793babb - dropped
attributes_fuse_polygon_5_upper_first	step	2	outcome 4 f0263598d553edc7f46b4cfa828ff9bc - dropped
attributes_fuse_polygon_5_upper_first	step	2	outcome 4 f0309339645785ab5e2ccab732f3807f - dropped
attributes_fuse_polygon_5_upper_first	step	2	outcome 4 f0351d02ed53edc7f46b4cff183fdc9e - dropped
attributes_fuse_polygon_5_upper_first	step	2	outcome 5 2958f71aa862bed0ba8b2c50803f2850 2958f71aa862bed0ba8b2c50803f2850 kept
attributes_fuse_polygon_5_upper_first	step	2	outcome 5 2967de84c062bed0ba8b2c5515ef0b32 2967de84c062bed0ba8b2c5515ef0b32 kept
attributes_fuse_polygon_5_upper_first	step	2	outcome 5 2976c5eed862bed0ba8b2c59ab9eee14 2976c5eed862bed0ba8b2c59ab9eee14 kept
attributes_fuse_polygon_5_upper_first	step	2	outcome 5 4dc06be6c2e63a0a948e14ee9f971bd9 - dropped
attributes_fuse_polygon_5_upper_first	step	2	outcome 5 5d0f439e25213c9bbf5484b970e35688 5d0f439e25213c9bbf5484b970e35688 kept
attributes_fuse_polygon_5_upper_first	step	2	outcome 5 5d1e2b083d213c9bbf5484be0693396a 5d1e2b083d213c9bbf5484be0693396a kept
attributes_fuse_polygon_5_upper_first	step	2	outcome 5 8179b05a0ae7f6070d4d5be4275610e8 - conflict
attributes_fuse_polygon_5_upper_first	step	2	outcome 5 81977f2e3ae7f6070d4d5bed52b5d6ac - conflict
attributes_fuse_polygon_5_upper_first	step	2	outcome 5 81a6669852e7f6070d4d5bf1e865b98e - conflict
attributes_fuse_polygon_5_upper_first	step	2	outcome 5 92a67350a6ada398e599a73ddadf7efd 92a67350a6ada398e599a73ddadf7efd kept
attributes_fuse_polygon_5_upper_first	step	2	outcome 5 92b55ababeada398e599a742708f61df 92b55ababeada398e599a742708f61df kept
attributes_fuse_polygon_5_upper_first	step	2	outcome 5 d2262d523c9431e21c2717da7b539259 d2262d523c9431e21c2717da7b539259 kept
attributes_fuse_polygon_5_upper_first	step	2	outcome 5 d243fc266c9431e21c2717e3a6b3581d d243fc266c9431e21c2717e3a6b3581d kept
attributes_fuse_polygon_5_upper_first	step	2	outcome 5 d252e390849431e21c2717e83c633aff d252e390849431e21c2717e83c633aff kept
attributes_fuse_polygon_5_upper_first	step	2	outcome 5 f4400a55ceaf5f955e58f97e0c4ebda9 - conflict
attributes_fuse_polygon_5_upper_first	step	2	outcome 5 f45dd929feaf5f955e58f98737ae836d - conflict
attributes_fuse_polygon_5_upper_first	step	2	outcome 5 f46cc09416af5f955e58f98bcd5e664f - conflict
attributes_fuse_polygon_5_upper_first	step	2	outcome 6 29cb5e39f003c1866d0680fde14d1ea5 - conflict
attributes_fuse_polygon_5_upper_first	step	2	outcome 6 29da45a40803c1866d06810276fd0187 - conflict
attributes_fuse_polygon_5_upper_first	step	2	outcome 6 3b078722e755a9c46d2a99a6907aa669 - dropped
attributes_fuse_polygon_5_upper_first	step	2	outcome 6 3b166e8cff55a9c46d2a99ab262a894b - dropped
attributes_fuse_polygon_5_upper_first	step	2	outcome 6 8dbc8323f395f7f6ac35f61bf5685be9 - conflict
attributes_fuse_polygon_5_upper_first	step	2	outcome 6 dd6e309d585fc4b96e50fd56ed5fbf08 - dropped
attributes_fuse_polygon_5_upper_first	step	2	outcome 6 dd7d1807705fc4b96e50fd5b830fa1ea - dropped
attributes_fuse_polygon_5_upper_first	step	2	outcome 6 dd9ae6dba05fc4b96e50fd64ae6f67ae - dropped
attributes_fuse_polygon_5_upper_first	step	2	outcome 6 e2e0892990b8dcbe41f80e86cdcf0a19 - dropped
attributes_fuse_polygon_5_upper_first	step	2	outcome 6 e2ef7093a8b8dcbe41f80e8b637eecfb - dropped
attributes_fuse_polygon_5_upper_first	step	2	outcome 6 e2fe57fdc0b8dcbe41f80e8ff92ecfdd - dropped
attributes_fuse_polygon_5_upper_first	step	2	outcome 6 effc6946105785ab5e2ccaa7270be668 - dropped
attributes_fuse_polygon_5_upper_first	step	2	outcome 6 f00b50b0285785ab5e2ccaabbcbbc94a - dropped
attributes_fuse_polygon_5_upper_first	step	2	outcome 6 f01ec1e3c953edc7f46b4cf837b8084b - conflict
attributes_fuse_polygon_5_upper_first	step	2	outcome 6 f02da94de153edc7f46b4cfccd67eb2d - conflict
attributes_fuse_polygon_5_upper_first	step	2	outcome 6 f03c90b7f953edc7f46b4d016317ce0f - conflict
attributes_fuse_polygon_5_upper_first	step	2	outcome 7 29606acfb462bed0ba8b2c52cb1719c1 29606acfb462bed0ba8b2c52cb1719c1 kept
attributes_fuse_polygon_5_upper_first	step	2	outcome 7 296f5239cc62bed0ba8b2c5760c6fca3 296f5239cc62bed0ba8b2c5760c6fca3 kept
attributes_fuse_polygon_5_upper_first	step	2	outcome 7 5d16b75331213c9bbf5484bbbbbb47f9 5d16b75331213c9bbf5484bbbbbb47f9 kept
attributes_fuse_polygon_5_upper_first	step	2	outcome 7 5d259ebd49213c9bbf5484c0516b2adb 5d259ebd49213c9bbf5484c0516b2adb kept
attributes_fuse_polygon_5_upper_first	step	2	outcome 7 5d436d9179213c9bbf5484c97ccaf09f 5d436d9179213c9bbf5484c97ccaf09f kept
attributes_fuse_polygon_5_upper_first	step	2	outcome 7 6e8f3c5ba50efaabc964e574bc8693b6 - dropped
attributes_fuse_polygon_5_upper_first	step	2	outcome 7 819ef2e346e7f6070d4d5bef9d8dc81d - dropped
attributes_fuse_polygon_5_upper_first	step	2	outcome 7 81adda4d5ee7f6070d4d5bf4333daaff - dropped
attributes_fuse_polygon_5_upper_first	step	2	outcome 7 9290183182ada398e599a736fa57aaaa 9290183182ada398e599a736fa57aaaa kept
attributes_fuse_polygon_5_upper_first	step	2	outcome 7 929eff9b9aada398e599a73b90078d8c 929eff9b9aada398e599a73b90078d8c kept
attributes_fuse_polygon_5_upper_first	step	2	outcome 7 92ade705b2ada398e599a74025b7706e 92ade705b2ada398e599a74025b7706e kept
attributes_fuse_polygon_5_upper_first	step	2	outcome 7 bda8e2c109b416d62fdf7c516adbb17f - dropped
attributes_fuse_polygon_5_upper_first	step	2	outcome 7 d23c8871609431e21c2717e15bdb66ac d23c8871609431e21c2717e15bdb66ac kept
attributes_fuse_polygon_5_upper_first	step	2	outcome 7 d24b6fdb789431e21c2717e5f18b498e d24b6fdb789431e21c2717e5f18b498e kept
attributes_fuse_polygon_5_upper_first	step	2	outcome 7 f4566574f2af5f955e58f984ecd691fc - dropped
attributes_fuse_polygon_5_upper_first	step	2	outcome 7 f4654cdf0aaf5f955e58f989828674de - dropped
attributes_fuse_polygon_5_upper_first	step	2	outcome 8 29b5031acc03c1866d0680f700c54a52 - dropped
attributes_fuse_polygon_5_upper_first	step	2	outcome 8 29c3ea84e403c1866d0680fb96752d34 - dropped
attributes_fuse_polygon_5_upper_first	step	2	outcome 8 29d2d1eefc03c1866d0681002c251016 - dropped
attributes_fuse_polygon_5_upper_first	step	2	outcome 8 3b00136ddb55a9c46d2a99a445a2b4f8 - dropped
attributes_fuse_polygon_5_upper_first	step	2	outcome 8 3b0efad7f355a9c46d2a99a8db5297da - dropped
attributes_fuse_polygon_5_upper_first	step	2	outcome 8 3b1de2420b55a9c46d2a99ad71027abc - dropped
attributes_fuse_polygon_5_upper_first	step	2	outcome 8 749654a4de057d82e5c5cda30eaff6ff 749654a4de057d82e5c5cda30eaff6ff kept
attributes_fuse_polygon_5_upper_first	step	2	outcome 8 9846d2c673b388de5f77443746c83684 9846d2c673b388de5f77443746c83684 kept
attributes_fuse_polygon_5_upper_first	step	2	outcome 8 dd75a452645fc4b96e50fd593837b079 - dropped
attributes_fuse_polygon_5_upper_first	step	2	outcome 8 dd848bbc7c5fc4b96e50fd5dcde7935b - dropped
attributes_fuse_polygon_5_upper_first	step	2	outcome 8 e2d9157484b8dcbe41f80e8482f718a8 - dropped
attributes_fuse_polygon_5_upper_first	step	2	outcome 8 e2e7fcde9cb8dcbe41f80e8918a6fb8a - dropped
attributes_fuse_polygon_5_upper_first	step	2	outcome 8 f003dcfb1c5785ab5e2ccaa971e3d7d9 - dropped
attributes_fuse_polygon_5_upper_first	step	2	outcome 8 f012c465345785ab5e2ccaae0793babb - dropped
attributes_fuse_polygon_5_upper_first	step	2	outcome 8 f0263598d553edc7f46b4cfa828ff9bc - dropped
attributes_fuse_polygon_5_upper_first	step	2	outcome 8 f0309339645785ab5e2ccab732f3807f - dropped
attributes_fuse_polygon_5_upper_first	step	2	outcome 8 f0351d02ed53edc7f46b4cff183fdc9e - dropped
attributes_fuse_polygon_5_upper_first	step	2	outcome 17 2958f71aa862bed0ba8b2c50803f2850 2958f71aa862bed0ba8b2c50803f2850 kept
attributes_fuse_polygon_5_upper_first	step	2	outcome 17 2967de84c062bed0ba8b2c5515ef0b32 2967de84c062bed0ba8b2c5515ef0b32 kept
attributes_fuse_polygon_5_upper_first	step	2	outcome 17 2976c5eed862bed0ba8b2c59ab9eee14 2976c5eed862bed0ba8b2c59ab9eee14 kept
attributes_fuse_polygon_5_upper_first	step	2	outcome 17 4dc06be6c2e63a0a948e14ee9f971bd9 - dropped
attributes_fuse_polygon_5_upper_first	step	2	outcome 17 5d0f439e25213c9bbf5484b970e35688 5d0f439e25213c9bbf5484b970e35688 kept
attributes_fuse_polygon_5_upper_first	step	2	outcome 17 5d1e2b083d213c9bbf5484be0693396a 5d1e2b083d213c9bbf5484be0693396a kept
attributes_fuse_polygon_5_upper_first	step	2	outcome 17 8179b05a0ae7f6070d4d5be4275610e8 - conflict
attributes_fuse_polygon_5_upper_first	step	2	outcome 17 81977f2e3ae7f6070d4d5bed52b5d6ac - conflict
attributes_fuse_polygon_5_upper_first	step	2	outcome 17 81a6669852e7f6070d4d5bf1e865b98e - conflict
attributes_fuse_polygon_5_upper_first	step	2	outcome 17 92a67350a6ada398e599a73ddadf7efd 92a67350a6ada398e599a73ddadf7efd kept
attributes_fuse_polygon_5_upper_first	step	2	outcome 17 92b55ababeada398e599a742708f61df 92b55ababeada398e599a742708f61df kept
attributes_fuse_polygon_5_upper_first	step	2	outcome 17 d2262d523c9431e21c2717da7b539259 d2262d523c9431e21c2717da7b539259 kept
attributes_fuse_polygon_5_upper_first	step	2	outcome 17 d243fc266c9431e21c2717e3a6b3581d d243fc266c9431e21c2717e3a6b3581d kept
attributes_fuse_polygon_5_upper_first	step	2	outcome 17 d252e390849431e21c2717e83c633aff d252e390849431e21c2717e83c633aff kept
attributes_fuse_polygon_5_upper_first	step	2	outcome 17 f4400a55ceaf5f955e58f97e0c4ebda9 - conflict
attributes_fuse_polygon_5_upper_first	step	2	outcome 17 f45dd929feaf5f955e58f98737ae836d - conflict
attributes_fuse_polygon_5_upper_first	step	2	outcome 17 f46cc09416af5f955e58f98bcd5e664f - conflict
attributes_fuse_polygon_5_upper_first	step	2	outcome 18 29cb5e39f003c1866d0680fde14d1ea5 - conflict
attributes_fuse_polygon_5_upper_first	step	2	outcome 18 29da45a40803c1866d06810276fd0187 - conflict
attributes_fuse_polygon_5_upper_first	step	2	outcome 18 3b078722e755a9c46d2a99a6907aa669 - dropped
attributes_fuse_polygon_5_upper_first	step	2	outcome 18 3b166e8cff55a9c46d2a99ab262a894b - dropped
attributes_fuse_polygon_5_upper_first	step	2	outcome 18 8dbc8323f395f7f6ac35f61bf5685be9 - conflict
attributes_fuse_polygon_5_upper_first	step	2	outcome 18 dd6e309d585fc4b96e50fd56ed5fbf08 - dropped
attributes_fuse_polygon_5_upper_first	step	2	outcome 18 dd7d1807705fc4b96e50fd5b830fa1ea - dropped
attributes_fuse_polygon_5_upper_first	step	2	outcome 18 dd9ae6dba05fc4b96e50fd64ae6f67ae - dropped
attributes_fuse_polygon_5_upper_first	step	2	outcome 18 e2e0892990b8dcbe41f80e86cdcf0a19 - dropped
attributes_fuse_polygon_5_upper_first	step	2	outcome 18 e2ef7093a8b8dcbe41f80e8b637eecfb - dropped
attributes_fuse_polygon_5_upper_first	step	2	outcome 18 e2fe57fdc0b8dcbe41f80e8ff92ecfdd - dropped
attributes_fuse_polygon_5_upper_first	step	2	outcome 18 effc6946105785ab5e2ccaa7270be668 - dropped
attributes_fuse_polygon_5_upper_first	step	2	outcome 18 f00b50b0285785ab5e2ccaabbcbbc94a - dropped
attributes_fuse_polygon_5_upper_first	step	2	outcome 18 f01ec1e3c953edc7f46b4cf837b8084b - conflict
attributes_fuse_polygon_5_upper_first	step	2	outcome 18 f02da94de153edc7f46b4cfccd67eb2d - conflict
attributes_fuse_polygon_5_upper_first	step	2	outcome 18 f03c90b7f953edc7f46b4d016317ce0f - conflict
attributes_fuse_polygon_5_upper_first	step	2	outcome 19 29606acfb462bed0ba8b2c52cb1719c1 29606acfb462bed0ba8b2c52cb1719c1 kept
attributes_fuse_polygon_5_upper_first	step	2	outcome 19 296f5239cc62bed0ba8b2c5760c6fca3 296f5239cc62bed0ba8b2c5760c6fca3 kept
attributes_fuse_polygon_5_upper_first	step	2	outcome 19 5d16b75331213c9bbf5484bbbbbb47f9 5d16b75331213c9bbf5484bbbbbb47f9 kept
attributes_fuse_polygon_5_upper_first	step	2	outcome 19 5d259ebd49213c9bbf5484c0516b2adb 5d259ebd49213c9bbf5484c0516b2adb kept
attributes_fuse_polygon_5_upper_first	step	2	outcome 19 5d436d9179213c9bbf5484c97ccaf09f 5d436d9179213c9bbf5484c97ccaf09f kept
attributes_fuse_polygon_5_upper_first	step	2	outcome 19 6e8f3c5ba50efaabc964e574bc8693b6 - dropped
attributes_fuse_polygon_5_upper_first	step	2	outcome 19 819ef2e346e7f6070d4d5bef9d8dc81d - dropped
attributes_fuse_polygon_5_upper_first	step	2	outcome 19 81adda4d5ee7f6070d4d5bf4333daaff - dropped
attributes_fuse_polygon_5_upper_first	step	2	outcome 19 9290183182ada398e599a736fa57aaaa 9290183182ada398e599a736fa57aaaa kept
attributes_fuse_polygon_5_upper_first	step	2	outcome 19 929eff9b9aada398e599a73b90078d8c 929eff9b9aada398e599a73b90078d8c kept
attributes_fuse_polygon_5_upper_first	step	2	outcome 19 92ade705b2ada398e599a74025b7706e 92ade705b2ada398e599a74025b7706e kept
attributes_fuse_polygon_5_upper_first	step	2	outcome 19 bda8e2c109b416d62fdf7c516adbb17f - dropped
attributes_fuse_polygon_5_upper_first	step	2	outcome 19 d23c8871609431e21c2717e15bdb66ac d23c8871609431e21c2717e15bdb66ac kept
attributes_fuse_polygon_5_upper_first	step	2	outcome 19 d24b6fdb789431e21c2717e5f18b498e d24b6fdb789431e21c2717e5f18b498e kept
attributes_fuse_polygon_5_upper_first	step	2	outcome 19 f4566574f2af5f955e58f984ecd691fc - dropped
attributes_fuse_polygon_5_upper_first	step	2	outcome 19 f4654cdf0aaf5f955e58f989828674de - dropped
attributes_fuse_polygon_5_upper_first	step	2	outcome 20 29b5031acc03c1866d0680f700c54a52 - dropped
attributes_fuse_polygon_5_upper_first	step	2	outcome 20 29c3ea84e403c1866d0680fb96752d34 - dropped
attributes_fuse_polygon_5_upper_first	step	2	outcome 20 29d2d1eefc03c1866d0681002c251016 - dropped
attributes_fuse_polygon_5_upper_first	step	2	outcome 20 3b00136ddb55a9c46d2a99a445a2b4f8 - dropped
attributes_fuse_polygon_5_upper_first	step	2	outcome 20 3b0efad7f355a9c46d2a99a8db5297da - dropped
attributes_fuse_polygon_5_upper_first	step	2	outcome 20 3b1de2420b55a9c46d2a99ad71027abc - dropped
attributes_fuse_polygon_5_upper_first	step	2	outcome 20 749654a4de057d82e5c5cda30eaff6ff 749654a4de057d82e5c5cda30eaff6ff kept
attributes_fuse_polygon_5_upper_first	step	2	outcome 20 9846d2c673b388de5f77443746c83684 9846d2c673b388de5f77443746c83684 kept
attributes_fuse_polygon_5_upper_first	step	2	outcome 20 dd75a452645fc4b96e50fd593837b079 - dropped
attributes_fuse_polygon_5_upper_first	step	2	outcome 20 dd848bbc7c5fc4b96e50fd5dcde7935b - dropped
attributes_fuse_polygon_5_upper_first	step	2	outcome 20 e2d9157484b8dcbe41f80e8482f718a8 - dropped
attributes_fuse_polygon_5_upper_first	step	2	outcome 20 e2e7fcde9cb8dcbe41f80e8918a6fb8a - dropped
attributes_fuse_polygon_5_upper_first	step	2	outcome 20 f003dcfb1c5785ab5e2ccaa971e3d7d9 - dropped
attributes_fuse_polygon_5_upper_first	step	2	outcome 20 f012c465345785ab5e2ccaae0793babb - dropped
attributes_fuse_polygon_5_upper_first	step	2	outcome 20 f0263598d553edc7f46b4cfa828ff9bc - dropped
attributes_fuse_polygon_5_upper_first	step	2	outcome 20 f0309339645785ab5e2ccab732f3807f - dropped
attributes_fuse_polygon_5_upper_first	step	2	outcome 20 f0351d02ed53edc7f46b4cff183fdc9e - dropped
attributes_fuse_polygon_5_upper_first	step	2	outcome 21 2958f71aa862bed0ba8b2c50803f2850 2958f71aa862bed0ba8b2c50803f2850 kept
attributes_fuse_polygon_5_upper_first	step	2	outcome 21 2967de84c062bed0ba8b2c5515ef0b32 2967de84c062bed0ba8b2c5515ef0b32 kept
attributes_fuse_polygon_5_upper_first	step	2	outcome 21 2976c5eed862bed0ba8b2c59ab9eee14 2976c5eed862bed0ba8b2c59ab9eee14 kept
attributes_fuse_polygon_5_upper_first	step	2	outcome 21 4dc06be6c2e63a0a948e14ee9f971bd9 - dropped
attributes_fuse_polygon_5_upper_first	step	2	outcome 21 5d0f439e25213c9bbf5484b970e35688 5d0f439e25213c9bbf5484b970e35688 kept
attributes_fuse_polygon_5_upper_first	step	2	outcome 21 5d1e2b083d213c9bbf5484be0693396a 5d1e2b083d213c9bbf5484be0693396a kept
attributes_fuse_polygon_5_upper_first	step	2	outcome 21 8179b05a0ae7f6070d4d5be4275610e8 - conflict
attributes_fuse_polygon_5_upper_first	step	2	outcome 21 81977f2e3ae7f6070d4d5bed52b5d6ac - conflict
attributes_fuse_polygon_5_upper_first	step	2	outcome 21 81a6669852e7f6070d4d5bf1e865b98e - conflict
attributes_fuse_polygon_5_upper_first	step	2	outcome 21 92a67350a6ada398e599a73ddadf7efd 92a67350a6ada398e599a73ddadf7efd kept
attributes_fuse_polygon_5_upper_first	step	2	outcome 21 92b55ababeada398e599a742708f61df 92b55ababeada398e599a742708f61df kept
attributes_fuse_polygon_5_upper_first	step	2	outcome 21 d2262d523c9431e21c2717da7b539259 d2262d523c9431e21c2717da7b539259 kept
attributes_fuse_polygon_5_upper_first	step	2	outcome 21 d243fc266c9431e21c2717e3a6b3581d d243fc266c9431e21c2717e3a6b3581d kept
attributes_fuse_polygon_5_upper_first	step	2	outcome 21 d252e390849431e21c2717e83c633aff d252e390849431e21c2717e83c633aff kept
attributes_fuse_polygon_5_upper_first	step	2	outcome 21 f4400a55ceaf5f955e58f97e0c4ebda9 - conflict
attributes_fuse_polygon_5_upper_first	step	2	outcome 21 f45dd929feaf5f955e58f98737ae836d - conflict
attributes_fuse_polygon_5_upper_first	step	2	outcome 21 f46cc09416af5f955e58f98bcd5e664f - conflict
attributes_fuse_polygon_5_upper_first	step	2	outcome 22 29cb5e39f003c1866d0680fde14d1ea5 - conflict
attributes_fuse_polygon_5_upper_first	step	2	outcome 22 29da45a40803c1866d06810276fd0187 - conflict
attributes_fuse_polygon_5_upper_first	step	2	outcome 22 3b078722e755a9c46d2a99a6907aa669 - dropped
attributes_fuse_polygon_5_upper_first	step	2	outcome 22 3b166e8cff55a9c46d2a99ab262a894b - dropped
attributes_fuse_polygon_5_upper_first	step	2	outcome 22 8dbc8323f395f7f6ac35f61bf5685be9 - conflict
attributes_fuse_polygon_5_upper_first	step	2	outcome 22 dd6e309d585fc4b96e50fd56ed5fbf08 - dropped
attributes_fuse_polygon_5_upper_first	step	2	outcome 22 dd7d1807705fc4b96e50fd5b830fa1ea - dropped
attributes_fuse_polygon_5_upper_first	step	2	outcome 22 dd9ae6dba05fc4b96e50fd64ae6f67ae - dropped
attributes_fuse_polygon_5_upper_first	step	2	outcome 22 e2e0892990b8dcbe41f80e86cdcf0a19 - dropped
attributes_fuse_polygon_5_upper_first	step	2	outcome 22 e2ef7093a8b8dcbe41f80e8b637eecfb - dropped
attributes_fuse_polygon_5_upper_first	step	2	outcome 22 e2fe57fdc0b8dcbe41f80e8ff92ecfdd - dropped
attributes_fuse_polygon_5_upper_first	step	2	outcome 22 effc6946105785ab5e2ccaa7270be668 - dropped
attributes_fuse_polygon_5_upper_first	step	2	outcome 22 f00b50b0285785ab5e2ccaabbcbbc94a - dropped
attributes_fuse_polygon_5_upper_first	step	2	outcome 22 f01ec1e3c953edc7f46b4cf837b8084b - conflict
attributes_fuse_polygon_5_upper_first	step	2	outcome 22 f02da94de153edc7f46b4cfccd67eb2d - conflict
attributes_fuse_polygon_5_upper_first	step	2	outcome 22 f03c90b7f953edc7f46b4d016317ce0f - conflict
attributes_fuse_polygon_5_upper_first	step	2	outcome 23 29606acfb462bed0ba8b2c52cb1719c1 29606acfb462bed0ba8b2c52cb1719c1 kept
attributes_fuse_polygon_5_upper_first	step	2	outcome 23 296f5239cc62bed0ba8b2c5760c6fca3 296f5239cc62bed0ba8b2c5760c6fca3 kept
attributes_fuse_polygon_5_upper_first	step	2	outcome 23 5d16b75331213c9bbf5484bbbbbb47f9 5d16b75331213c9bbf5484bbbbbb47f9 kept
attributes_fuse_polygon_5_upper_first	step	2	outcome 23 5d259ebd49213c9bbf5484c0516b2adb 5d259ebd49213c9bbf5484c0516b2adb kept
attributes_fuse_polygon_5_upper_first	step	2	outcome 23 5d436d9179213c9bbf5484c97ccaf09f 5d436d9179213c9bbf5484c97ccaf09f kept
attributes_fuse_polygon_5_upper_first	step	2	outcome 23 6e8f3c5ba50efaabc964e574bc8693b6 - dropped
attributes_fuse_polygon_5_upper_first	step	2	outcome 23 819ef2e346e7f6070d4d5bef9d8dc81d - dropped
attributes_fuse_polygon_5_upper_first	step	2	outcome 23 81adda4d5ee7f6070d4d5bf4333daaff - dropped
attributes_fuse_polygon_5_upper_first	step	2	outcome 23 9290183182ada398e599a736fa57aaaa 9290183182ada398e599a736fa57aaaa kept
attributes_fuse_polygon_5_upper_first	step	2	outcome 23 929eff9b9aada398e599a73b90078d8c 929eff9b9aada398e599a73b90078d8c kept
attributes_fuse_polygon_5_upper_first	step	2	outcome 23 92ade705b2ada398e599a74025b7706e 92ade705b2ada398e599a74025b7706e kept
attributes_fuse_polygon_5_upper_first	step	2	outcome 23 bda8e2c109b416d62fdf7c516adbb17f - dropped
attributes_fuse_polygon_5_upper_first	step	2	outcome 23 d23c8871609431e21c2717e15bdb66ac d23c8871609431e21c2717e15bdb66ac kept
attributes_fuse_polygon_5_upper_first	step	2	outcome 23 d24b6fdb789431e21c2717e5f18b498e d24b6fdb789431e21c2717e5f18b498e kept
attributes_fuse_polygon_5_upper_first	step	2	outcome 23 f4566574f2af5f955e58f984ecd691fc - dropped
attributes_fuse_polygon_5_upper_first	step	2	outcome 23 f4654cdf0aaf5f955e58f989828674de - dropped
attributes_fuse_polygon_5_upper_first	step	2	outcome 24 29b5031acc03c1866d0680f700c54a52 - dropped
attributes_fuse_polygon_5_upper_first	step	2	outcome 24 29c3ea84e403c1866d0680fb96752d34 - dropped
attributes_fuse_polygon_5_upper_first	step	2	outcome 24 29d2d1eefc03c1866d0681002c251016 - dropped
attributes_fuse_polygon_5_upper_first	step	2	outcome 24 3b00136ddb55a9c46d2a99a445a2b4f8 - dropped
attributes_fuse_polygon_5_upper_first	step	2	outcome 24 3b0efad7f355a9c46d2a99a8db5297da - dropped
attributes_fuse_polygon_5_upper_first	step	2	outcome 24 3b1de2420b55a9c46d2a99ad71027abc - dropped
attributes_fuse_polygon_5_upper_first	step	2	outcome 24 749654a4de057d82e5c5cda30eaff6ff 749654a4de057d82e5c5cda30eaff6ff kept
attributes_fuse_polygon_5_upper_first	step	2	outcome 24 9846d2c673b388de5f77443746c83684 9846d2c673b388de5f77443746c83684 kept
attributes_fuse_polygon_5_upper_first	step	2	outcome 24 dd75a452645fc4b96e50fd593837b079 - dropped
attributes_fuse_polygon_5_upper_first	step	2	outcome 24 dd848bbc7c5fc4b96e50fd5dcde7935b - dropped
attributes_fuse_polygon_5_upper_first	step	2	outcome 24 e2d9157484b8dcbe41f80e8482f718a8 - dropped
attributes_fuse_polygon_5_upper_first	step	2	outcome 24 e2e7fcde9cb8dcbe41f80e8918a6fb8a - dropped
attributes_fuse_polygon_5_upper_first	step	2	outcome 24 f003dcfb1c5785ab5e2ccaa971e3d7d9 - dropped
attributes_fuse_polygon_5_upper_first	step	2	outcome 24 f012c465345785ab5e2ccaae0793babb - dropped
attributes_fuse_polygon_5_upper_first	step	2	outcome 24 f0263598d553edc7f46b4cfa828ff9bc - dropped
attributes_fuse_polygon_5_upper_first	step	2	outcome 24 f0309339645785ab5e2ccab732f3807f - dropped
attributes_fuse_polygon_5_upper_first	step	2	outcome 24 f0351d02ed53edc7f46b4cff183fdc9e - dropped
attributes_fuse_polygon_5_upper_first	step	2	outcome 25 2958f71aa862bed0ba8b2c50803f2850 2958f71aa862bed0ba8b2c50803f2850 kept
attributes_fuse_polygon_5_upper_first	step	2	outcome 25 2967de84c062bed0ba8b2c5515ef0b32 2967de84c062bed0ba8b2c5515ef0b32 kept
attributes_fuse_polygon_5_upper_first	step	2	outcome 25 2976c5eed862bed0ba8b2c59ab9eee14 2976c5eed862bed0ba8b2c59ab9eee14 kept
attributes_fuse_polygon_5_upper_first	step	2	outcome 25 4dc06be6c2e63a0a948e14ee9f971bd9 - dropped
attributes_fuse_polygon_5_upper_first	step	2	outcome 25 5d0f439e25213c9bbf5484b970e35688 5d0f439e25213c9bbf5484b970e35688 kept
attributes_fuse_polygon_5_upper_first	step	2	outcome 25 5d1e2b083d213c9bbf5484be0693396a 5d1e2b083d213c9bbf5484be0693396a kept
attributes_fuse_polygon_5_upper_first	step	2	outcome 25 8179b05a0ae7f6070d4d5be4275610e8 - conflict
attributes_fuse_polygon_5_upper_first	step	2	outcome 25 81977f2e3ae7f6070d4d5bed52b5d6ac - conflict
attributes_fuse_polygon_5_upper_first	step	2	outcome 25 81a6669852e7f6070d4d5bf1e865b98e - conflict
attributes_fuse_polygon_5_upper_first	step	2	outcome 25 92a67350a6ada398e599a73ddadf7efd 92a67350a6ada398e599a73ddadf7efd kept
attributes_fuse_polygon_5_upper_first	step	2	outcome 25 92b55ababeada398e599a742708f61df 92b55ababeada398e599a742708f61df kept
attributes_fuse_polygon_5_upper_first	step	2	outcome 25 d2262d523c9431e21c2717da7b539259 d2262d523c9431e21c2717da7b539259 kept
attributes_fuse_polygon_5_upper_first	step	2	outcome 25 d243fc266c9431e21c2717e3a6b3581d d243fc266c9431e21c2717e3a6b3581d kept
attributes_fuse_polygon_5_upper_first	step	2	outcome 25 d252e390849431e21c2717e83c633aff d252e390849431e21c2717e83c633aff kept
attributes_fuse_polygon_5_upper_first	step	2	outcome 25 f4400a55ceaf5f955e58f97e0c4ebda9 - conflict
attributes_fuse_polygon_5_upper_first	step	2	outcome 25 f45dd929feaf5f955e58f98737ae836d - conflict
attributes_fuse_polygon_5_upper_first	step	2	outcome 25 f46cc09416af5f955e58f98bcd5e664f - conflict
attributes_fuse_polygon_5_upper_first	step	2	outcome 26 29cb5e39f003c1866d0680fde14d1ea5 - conflict
attributes_fuse_polygon_5_upper_first	step	2	outcome 26 29da45a40803c1866d06810276fd0187 - conflict
attributes_fuse_polygon_5_upper_first	step	2	outcome 26 3b078722e755a9c46d2a99a6907aa669 - dropped
attributes_fuse_polygon_5_upper_first	step	2	outcome 26 3b166e8cff55a9c46d2a99ab262a894b - dropped
attributes_fuse_polygon_5_upper_first	step	2	outcome 26 8dbc8323f395f7f6ac35f61bf5685be9 - conflict
attributes_fuse_polygon_5_upper_first	step	2	outcome 26 dd6e309d585fc4b96e50fd56ed5fbf08 - dropped
attributes_fuse_polygon_5_upper_first	step	2	outcome 26 dd7d1807705fc4b96e50fd5b830fa1ea - dropped
attributes_fuse_polygon_5_upper_first	step	2	outcome 26 dd9ae6dba05fc4b96e50fd64ae6f67ae - dropped
attributes_fuse_polygon_5_upper_first	step	2	outcome 26 e2e0892990b8dcbe41f80e86cdcf0a19 - dropped
attributes_fuse_polygon_5_upper_first	step	2	outcome 26 e2ef7093a8b8dcbe41f80e8b637eecfb - dropped
attributes_fuse_polygon_5_upper_first	step	2	outcome 26 e2fe57fdc0b8dcbe41f80e8ff92ecfdd - dropped
attributes_fuse_polygon_5_upper_first	step	2	outcome 26 effc6946105785ab5e2ccaa7270be668 - dropped
attributes_fuse_polygon_5_upper_first	step	2	outcome 26 f00b50b0285785ab5e2ccaabbcbbc94a - dropped
attributes_fuse_polygon_5_upper_first	step	2	outcome 26 f01ec1e3c953edc7f46b4cf837b8084b - conflict
attributes_fuse_polygon_5_upper_first	step	2	outcome 26 f02da94de153edc7f46b4cfccd67eb2d - conflict
attributes_fuse_polygon_5_upper_first	step	2	outcome 26 f03c90b7f953edc7f46b4d016317ce0f - conflict
attributes_fuse_polygon_5_upper_first	step	2	outcome 27 29606acfb462bed0ba8b2c52cb1719c1 29606acfb462bed0ba8b2c52cb1719c1 kept
attributes_fuse_polygon_5_upper_first	step	2	outcome 27 296f5239cc62bed0ba8b2c5760c6fca3 296f5239cc62bed0ba8b2c5760c6fca3 kept
attributes_fuse_polygon_5_upper_first	step	2	outcome 27 5d16b75331213c9bbf5484bbbbbb47f9 5d16b75331213c9bbf5484bbbbbb47f9 kept
attributes_fuse_polygon_5_upper_first	step	2	outcome 27 5d259ebd49213c9bbf5484c0516b2adb 5d259ebd49213c9bbf5484c0516b2adb kept
attributes_fuse_polygon_5_upper_first	step	2	outcome 27 5d436d9179213c9bbf5484c97ccaf09f 5d436d9179213c9bbf5484c97ccaf09f kept
attributes_fuse_polygon_5_upper_first	step	2	outcome 27 6e8f3c5ba50efaabc964e574bc8693b6 - dropped
attributes_fuse_polygon_5_upper_first	step	2	outcome 27 819ef2e346e7f6070d4d5bef9d8dc81d - dropped
attributes_fuse_polygon_5_upper_first	step	2	outcome 27 81adda4d5ee7f6070d4d5bf4333daaff - dropped
attributes_fuse_polygon_5_upper_first	step	2	outcome 27 9290183182ada398e599a736fa57aaaa 9290183182ada398e599a736fa57aaaa kept
attributes_fuse_polygon_5_upper_first	step	2	outcome 27 929eff9b9aada398e599a73b90078d8c 929eff9b9aada398e599a73b90078d8c kept
attributes_fuse_polygon_5_upper_first	step	2	outcome 27 92ade705b2ada398e599a74025b7706e 92ade705b2ada398e599a74025b7706e kept
attributes_fuse_polygon_5_upper_first	step	2	outcome 27 bda8e2c109b416d62fdf7c516adbb17f - dropped
attributes_fuse_polygon_5_upper_first	step	2	outcome 27 d23c8871609431e21c2717e15bdb66ac d23c8871609431e21c2717e15bdb66ac kept
attributes_fuse_polygon_5_upper_first	step	2	outcome 27 d24b6fdb789431e21c2717e5f18b498e d24b6fdb789431e21c2717e5f18b498e kept
attributes_fuse_polygon_5_upper_first	step	2	outcome 27 f4566574f2af5f955e58f984ecd691fc - dropped
attributes_fuse_polygon_5_upper_first	step	2	outcome 27 f4654cdf0aaf5f955e58f989828674de - dropped
attributes_fuse_polygon_5_upper_first	step	2	outcome 28 29b5031acc03c1866d0680f700c54a52 - dropped
attributes_fuse_polygon_5_upper_first	step	2	outcome 28 29c3ea84e403c1866d0680fb96752d34 - dropped
attributes_fuse_polygon_5_upper_first	step	2	outcome 28 29d2d1eefc03c1866d0681002c251016 - dropped
attributes_fuse_polygon_5_upper_first	step	2	outcome 28 3b00136ddb55a9c46d2a99a445a2b4f8 - dropped
attributes_fuse_polygon_5_upper_first	step	2	outcome 28 3b0efad7f355a9c46d2a99a8db5297da - dropped
attributes_fuse_polygon_5_upper_first	step	2	outcome 28 3b1de2420b55a9c46d2a99ad71027abc - dropped
attributes_fuse_polygon_5_upper_first	step	2	outcome 28 749654a4de057d82e5c5cda30eaff6ff 749654a4de057d82e5c5cda30eaff6ff kept
attributes_fuse_polygon_5_upper_first	step	2	outcome 28 9846d2c673b388de5f77443746c83684 9846d2c673b388de5f77443746c83684 kept
attributes_fuse_polygon_5_upper_first	step	2	outcome 28 dd75a452645fc4b96e50fd593837b079 - dropped
attributes_fuse_polygon_5_upper_first	step	2	outcome 28 dd848bbc7c5fc4b96e50fd5dcde7935b - dropped
attributes_fuse_polygon_5_upper_first	step	2	outcome 28 e2d9157484b8dcbe41f80e8482f718a8 - dropped
attributes_fuse_polygon_5_upper_first	step	2	outcome 28 e2e7fcde9cb8dcbe41f80e8918a6fb8a - dropped
attributes_fuse_polygon_5_upper_first	step	2	outcome 28 f003dcfb1c5785ab5e2ccaa971e3d7d9 - dropped
attributes_fuse_polygon_5_upper_first	step	2	outcome 28 f012c465345785ab5e2ccaae0793babb - dropped
attributes_fuse_polygon_5_upper_first	step	2	outcome 28 f0263598d553edc7f46b4cfa828ff9bc - dropped
attributes_fuse_polygon_5_upper_first	step	2	outcome 28 f0309339645785ab5e2ccab732f3807f - dropped
attributes_fuse_polygon_5_upper_first	step	2	outcome 28 f0351d02ed53edc7f46b4cff183fdc9e - dropped
attributes_fuse_polygon_5_upper_first	step	2	outcome 29 2958f71aa862bed0ba8b2c50803f2850 2958f71aa862bed0ba8b2c50803f2850 kept
attributes_fuse_polygon_5_upper_first	step	2	outcome 29 2967de84c062bed0ba8b2c5515ef0b32 2967de84c062bed0ba8b2c5515ef0b32 kept
attributes_fuse_polygon_5_upper_first	step	2	outcome 29 2976c5eed862bed0ba8b2c59ab9eee14 2976c5eed862bed0ba8b2c59ab9eee14 kept
attributes_fuse_polygon_5_upper_first	step	2	outcome 29 4dc06be6c2e63a0a948e14ee9f971bd9 - dropped
attributes_fuse_polygon_5_upper_first	step	2	outcome 29 5d0f439e25213c9bbf5484b970e35688 5d0f439e25213c9bbf5484b970e35688 kept
attributes_fuse_polygon_5_upper_first	step	2	outcome 29 5d1e2b083d213c9bbf5484be0693396a 5d1e2b083d213c9bbf5484be0693396a kept
attributes_fuse_polygon_5_upper_first	step	2	outcome 29 8179b05a0ae7f6070d4d5be4275610e8 - conflict
attributes_fuse_polygon_5_upper_first	step	2	outcome 29 81977f2e3ae7f6070d4d5bed52b5d6ac - conflict
attributes_fuse_polygon_5_upper_first	step	2	outcome 29 81a6669852e7f6070d4d5bf1e865b98e - conflict
attributes_fuse_polygon_5_upper_first	step	2	outcome 29 92a67350a6ada398e599a73ddadf7efd 92a67350a6ada398e599a73ddadf7efd kept
attributes_fuse_polygon_5_upper_first	step	2	outcome 29 92b55ababeada398e599a742708f61df 92b55ababeada398e599a742708f61df kept
attributes_fuse_polygon_5_upper_first	step	2	outcome 29 d2262d523c9431e21c2717da7b539259 d2262d523c9431e21c2717da7b539259 kept
attributes_fuse_polygon_5_upper_first	step	2	outcome 29 d243fc266c9431e21c2717e3a6b3581d d243fc266c9431e21c2717e3a6b3581d kept
attributes_fuse_polygon_5_upper_first	step	2	outcome 29 d252e390849431e21c2717e83c633aff d252e390849431e21c2717e83c633aff kept
attributes_fuse_polygon_5_upper_first	step	2	outcome 29 f4400a55ceaf5f955e58f97e0c4ebda9 - conflict
attributes_fuse_polygon_5_upper_first	step	2	outcome 29 f45dd929feaf5f955e58f98737ae836d - conflict
attributes_fuse_polygon_5_upper_first	step	2	outcome 29 f46cc09416af5f955e58f98bcd5e664f - conflict
attributes_fuse_polygon_5_upper_first	step	2	outcome 30 29cb5e39f003c1866d0680fde14d1ea5 - conflict
attributes_fuse_polygon_5_upper_first	step	2	outcome 30 29da45a40803c1866d06810276fd0187 - conflict
attributes_fuse_polygon_5_upper_first	step	2	outcome 30 3b078722e755a9c46d2a99a6907aa669 - dropped
attributes_fuse_polygon_5_upper_first	step	2	outcome 30 3b166e8cff55a9c46d2a99ab262a894b - dropped
attributes_fuse_polygon_5_upper_first	step	2	outcome 30 8dbc8323f395f7f6ac35f61bf5685be9 - conflict
attributes_fuse_polygon_5_upper_first	step	2	outcome 30 dd6e309d585fc4b96e50fd56ed5fbf08 - dropped
attributes_fuse_polygon_5_upper_first	step	2	outcome 30 dd7d1807705fc4b96e50fd5b830fa1ea - dropped
attributes_fuse_polygon_5_upper_first	step	2	outcome 30 dd9ae6dba05fc4b96e50fd64ae6f67ae - dropped
attributes_fuse_polygon_5_upper_first	step	2	outcome 30 e2e0892990b8dcbe41f80e86cdcf0a19 - dropped
attributes_fuse_polygon_5_upper_first	step	2	outcome 30 e2ef7093a8b8dcbe41f80e8b637eecfb - dropped
attributes_fuse_polygon_5_upper_first	step	2	outcome 30 e2fe57fdc0b8dcbe41f80e8ff92ecfdd - dropped
attributes_fuse_polygon_5_upper_first	step	2	outcome 30 effc6946105785ab5e2ccaa7270be668 - dropped
attributes_fuse_polygon_5_upper_first	step	2	outcome 30 f00b50b0285785ab5e2ccaabbcbbc94a - dropped
attributes_fuse_polygon_5_upper_first	step	2	outcome 30 f01ec1e3c953edc7f46b4cf837b8084b - conflict
attributes_fuse_polygon_5_upper_first	step	2	outcome 30 f02da94de153edc7f46b4cfccd67eb2d - conflict
attributes_fuse_polygon_5_upper_first	step	2	outcome 30 f03c90b7f953edc7f46b4d016317ce0f - conflict
attributes_fuse_polygon_5_upper_first	step	2	outcome 31 29606acfb462bed0ba8b2c52cb1719c1 29606acfb462bed0ba8b2c52cb1719c1 kept
attributes_fuse_polygon_5_upper_first	step	2	outcome 31 296f5239cc62bed0ba8b2c5760c6fca3 296f5239cc62bed0ba8b2c5760c6fca3 kept
attributes_fuse_polygon_5_upper_first	step	2	outcome 31 5d16b75331213c9bbf5484bbbbbb47f9 5d16b75331213c9bbf5484bbbbbb47f9 kept
attributes_fuse_polygon_5_upper_first	step	2	outcome 31 5d259ebd49213c9bbf5484c0516b2adb 5d259ebd49213c9bbf5484c0516b2adb kept
attributes_fuse_polygon_5_upper_first	step	2	outcome 31 5d436d9179213c9bbf5484c97ccaf09f 5d436d9179213c9bbf5484c97ccaf09f kept
attributes_fuse_polygon_5_upper_first	step	2	outcome 31 6e8f3c5ba50efaabc964e574bc8693b6 - dropped
attributes_fuse_polygon_5_upper_first	step	2	outcome 31 819ef2e346e7f6070d4d5bef9d8dc81d - dropped
attributes_fuse_polygon_5_upper_first	step	2	outcome 31 81adda4d5ee7f6070d4d5bf4333daaff - dropped
attributes_fuse_polygon_5_upper_first	step	2	outcome 31 9290183182ada398e599a736fa57aaaa 9290183182ada398e599a736fa57aaaa kept
attributes_fuse_polygon_5_upper_first	step	2	outcome 31 929eff9b9aada398e599a73b90078d8c 929eff9b9aada398e599a73b90078d8c kept
attributes_fuse_polygon_5_upper_first	step	2	outcome 31 92ade705b2ada398e599a74025b7706e 92ade705b2ada398e599a74025b7706e kept
attributes_fuse_polygon_5_upper_first	step	2	outcome 31 bda8e2c109b416d62fdf7c516adbb17f - dropped
attributes_fuse_polygon_5_upper_first	step	2	outcome 31 d23c8871609431e21c2717e15bdb66ac d23c8871609431e21c2717e15bdb66ac kept
attributes_fuse_polygon_5_upper_first	step	2	outcome 31 d24b6fdb789431e21c2717e5f18b498e d24b6fdb789431e21c2717e5f18b498e kept
attributes_fuse_polygon_5_upper_first	step	2	outcome 31 f4566574f2af5f955e58f984ecd691fc - dropped
attributes_fuse_polygon_5_upper_first	step	2	outcome 31 f4654cdf0aaf5f955e58f989828674de - dropped
attributes_fuse_polygon_5_upper_first	step	2	outcome 32 29b5031acc03c1866d0680f700c54a52 - dropped
attributes_fuse_polygon_5_upper_first	step	2	outcome 32 29c3ea84e403c1866d0680fb96752d34 - dropped
attributes_fuse_polygon_5_upper_first	step	2	outcome 32 29d2d1eefc03c1866d0681002c251016 - dropped
attributes_fuse_polygon_5_upper_first	step	2	outcome 32 3b00136ddb55a9c46d2a99a445a2b4f8 - dropped
attributes_fuse_polygon_5_upper_first	step	2	outcome 32 3b0efad7f355a9c46d2a99a8db5297da - dropped
attributes_fuse_polygon_5_upper_first	step	2	outcome 32 3b1de2420b55a9c46d2a99ad71027abc - dropped
attributes_fuse_polygon_5_upper_first	step	2	outcome 32 749654a4de057d82e5c5cda30eaff6ff 749654a4de057d82e5c5cda30eaff6ff kept
attributes_fuse_polygon_5_upper_first	step	2	outcome 32 9846d2c673b388de5f77443746c83684 9846d2c673b388de5f77443746c83684 kept
attributes_fuse_polygon_5_upper_first	step	2	outcome 32 dd75a452645fc4b96e50fd593837b079 - dropped
attributes_fuse_polygon_5_upper_first	step	2	outcome 32 dd848bbc7c5fc4b96e50fd5dcde7935b - dropped
attributes_fuse_polygon_5_upper_first	step	2	outcome 32 e2d9157484b8dcbe41f80e8482f718a8 - dropped
attributes_fuse_polygon_5_upper_first	step	2	outcome 32 e2e7fcde9cb8dcbe41f80e8918a6fb8a - dropped
attributes_fuse_polygon_5_upper_first	step	2	outcome 32 f003dcfb1c5785ab5e2ccaa971e3d7d9 - dropped
attributes_fuse_polygon_5_upper_first	step	2	outcome 32 f012c465345785ab5e2ccaae0793babb - dropped
attributes_fuse_polygon_5_upper_first	step	2	outcome 32 f0263598d553edc7f46b4cfa828ff9bc - dropped
attributes_fuse_polygon_5_upper_first	step	2	outcome 32 f0309339645785ab5e2ccab732f3807f - dropped
attributes_fuse_polygon_5_upper_first	step	2	outcome 32 f0351d02ed53edc7f46b4cff183fdc9e - dropped
attributes_fuse_polygon_5_upper_first	step	2	outcome 41 2958f71aa862bed0ba8b2c50803f2850 2958f71aa862bed0ba8b2c50803f2850 kept
attributes_fuse_polygon_5_upper_first	step	2	outcome 41 2967de84c062bed0ba8b2c5515ef0b32 2967de84c062bed0ba8b2c5515ef0b32 kept
attributes_fuse_polygon_5_upper_first	step	2	outcome 41 2976c5eed862bed0ba8b2c59ab9eee14 2976c5eed862bed0ba8b2c59ab9eee14 kept
attributes_fuse_polygon_5_upper_first	step	2	outcome 41 4dc06be6c2e63a0a948e14ee9f971bd9 - dropped
attributes_fuse_polygon_5_upper_first	step	2	outcome 41 5d0f439e25213c9bbf5484b970e35688 5d0f439e25213c9bbf5484b970e35688 kept
attributes_fuse_polygon_5_upper_first	step	2	outcome 41 5d1e2b083d213c9bbf5484be0693396a 5d1e2b083d213c9bbf5484be0693396a kept
attributes_fuse_polygon_5_upper_first	step	2	outcome 41 8179b05a0ae7f6070d4d5be4275610e8 - conflict
attributes_fuse_polygon_5_upper_first	step	2	outcome 41 81977f2e3ae7f6070d4d5bed52b5d6ac - conflict
attributes_fuse_polygon_5_upper_first	step	2	outcome 41 81a6669852e7f6070d4d5bf1e865b98e - conflict
attributes_fuse_polygon_5_upper_first	step	2	outcome 41 92a67350a6ada398e599a73ddadf7efd 92a67350a6ada398e599a73ddadf7efd kept
attributes_fuse_polygon_5_upper_first	step	2	outcome 41 92b55ababeada398e599a742708f61df 92b55ababeada398e599a742708f61df kept
attributes_fuse_polygon_5_upper_first	step	2	outcome 41 d2262d523c9431e21c2717da7b539259 d2262d523c9431e21c2717da7b539259 kept
attributes_fuse_polygon_5_upper_first	step	2	outcome 41 d243fc266c9431e21c2717e3a6b3581d d243fc266c9431e21c2717e3a6b3581d kept
attributes_fuse_polygon_5_upper_first	step	2	outcome 41 d252e390849431e21c2717e83c633aff d252e390849431e21c2717e83c633aff kept
attributes_fuse_polygon_5_upper_first	step	2	outcome 41 f4400a55ceaf5f955e58f97e0c4ebda9 - conflict
attributes_fuse_polygon_5_upper_first	step	2	outcome 41 f45dd929feaf5f955e58f98737ae836d - conflict
attributes_fuse_polygon_5_upper_first	step	2	outcome 41 f46cc09416af5f955e58f98bcd5e664f - conflict
attributes_fuse_polygon_5_upper_first	step	2	outcome 42 29cb5e39f003c1866d0680fde14d1ea5 - conflict
attributes_fuse_polygon_5_upper_first	step	2	outcome 42 29da45a40803c1866d06810276fd0187 - conflict
attributes_fuse_polygon_5_upper_first	step	2	outcome 42 3b078722e755a9c46d2a99a6907aa669 - dropped
attributes_fuse_polygon_5_upper_first	step	2	outcome 42 3b166e8cff55a9c46d2a99ab262a894b - dropped
attributes_fuse_polygon_5_upper_first	step	2	outcome 42 8dbc8323f395f7f6ac35f61bf5685be9 - conflict
attributes_fuse_polygon_5_upper_first	step	2	outcome 42 dd6e309d585fc4b96e50fd56ed5fbf08 - dropped
attributes_fuse_polygon_5_upper_first	step	2	outcome 42 dd7d1807705fc4b96e50fd5b830fa1ea - dropped
attributes_fuse_polygon_5_upper_first	step	2	outcome 42 dd9ae6dba05fc4b96e50fd64ae6f67ae - dropped
attributes_fuse_polygon_5_upper_first	step	2	outcome 42 e2e0892990b8dcbe41f80e86cdcf0a19 - dropped
attributes_fuse_polygon_5_upper_first	step	2	outcome 42 e2ef7093a8b8dcbe41f80e8b637eecfb - dropped
attributes_fuse_polygon_5_upper_first	step	2	outcome 42 e2fe57fdc0b8dcbe41f80e8ff92ecfdd - dropped
attributes_fuse_polygon_5_upper_first	step	2	outcome 42 effc6946105785ab5e2ccaa7270be668 - dropped
attributes_fuse_polygon_5_upper_first	step	2	outcome 42 f00b50b0285785ab5e2ccaabbcbbc94a - dropped
attributes_fuse_polygon_5_upper_first	step	2	outcome 42 f01ec1e3c953edc7f46b4cf837b8084b - conflict
attributes_fuse_polygon_5_upper_first	step	2	outcome 42 f02da94de153edc7f46b4cfccd67eb2d - conflict
attributes_fuse_polygon_5_upper_first	step	2	outcome 42 f03c90b7f953edc7f46b4d016317ce0f - conflict
attributes_fuse_polygon_5_upper_first	step	2	outcome 43 29606acfb462bed0ba8b2c52cb1719c1 29606acfb462bed0ba8b2c52cb1719c1 kept
attributes_fuse_polygon_5_upper_first	step	2	outcome 43 296f5239cc62bed0ba8b2c5760c6fca3 296f5239cc62bed0ba8b2c5760c6fca3 kept
attributes_fuse_polygon_5_upper_first	step	2	outcome 43 5d16b75331213c9bbf5484bbbbbb47f9 5d16b75331213c9bbf5484bbbbbb47f9 kept
attributes_fuse_polygon_5_upper_first	step	2	outcome 43 5d259ebd49213c9bbf5484c0516b2adb 5d259ebd49213c9bbf5484c0516b2adb kept
attributes_fuse_polygon_5_upper_first	step	2	outcome 43 5d436d9179213c9bbf5484c97ccaf09f 5d436d9179213c9bbf5484c97ccaf09f kept
attributes_fuse_polygon_5_upper_first	step	2	outcome 43 6e8f3c5ba50efaabc964e574bc8693b6 - dropped
attributes_fuse_polygon_5_upper_first	step	2	outcome 43 819ef2e346e7f6070d4d5bef9d8dc81d - dropped
attributes_fuse_polygon_5_upper_first	step	2	outcome 43 81adda4d5ee7f6070d4d5bf4333daaff - dropped
attributes_fuse_polygon_5_upper_first	step	2	outcome 43 9290183182ada398e599a736fa57aaaa 9290183182ada398e599a736fa57aaaa kept
attributes_fuse_polygon_5_upper_first	step	2	outcome 43 929eff9b9aada398e599a73b90078d8c 929eff9b9aada398e599a73b90078d8c kept
attributes_fuse_polygon_5_upper_first	step	2	outcome 43 92ade705b2ada398e599a74025b7706e 92ade705b2ada398e599a74025b7706e kept
attributes_fuse_polygon_5_upper_first	step	2	outcome 43 bda8e2c109b416d62fdf7c516adbb17f - dropped
attributes_fuse_polygon_5_upper_first	step	2	outcome 43 d23c8871609431e21c2717e15bdb66ac d23c8871609431e21c2717e15bdb66ac kept
attributes_fuse_polygon_5_upper_first	step	2	outcome 43 d24b6fdb789431e21c2717e5f18b498e d24b6fdb789431e21c2717e5f18b498e kept
attributes_fuse_polygon_5_upper_first	step	2	outcome 43 f4566574f2af5f955e58f984ecd691fc - dropped
attributes_fuse_polygon_5_upper_first	step	2	outcome 43 f4654cdf0aaf5f955e58f989828674de - dropped
attributes_fuse_polygon_5_upper_first	step	2	outcome 44 29b5031acc03c1866d0680f700c54a52 - dropped
attributes_fuse_polygon_5_upper_first	step	2	outcome 44 29c3ea84e403c1866d0680fb96752d34 - dropped
attributes_fuse_polygon_5_upper_first	step	2	outcome 44 29d2d1eefc03c1866d0681002c251016 - dropped
attributes_fuse_polygon_5_upper_first	step	2	outcome 44 3b00136ddb55a9c46d2a99a445a2b4f8 - dropped
attributes_fuse_polygon_5_upper_first	step	2	outcome 44 3b0efad7f355a9c46d2a99a8db5297da - dropped
attributes_fuse_polygon_5_upper_first	step	2	outcome 44 3b1de2420b55a9c46d2a99ad71027abc - dropped
attributes_fuse_polygon_5_upper_first	step	2	outcome 44 749654a4de057d82e5c5cda30eaff6ff 749654a4de057d82e5c5cda30eaff6ff kept
attributes_fuse_polygon_5_upper_first	step	2	outcome 44 9846d2c673b388de5f77443746c83684 9846d2c673b388de5f77443746c83684 kept
attributes_fuse_polygon_5_upper_first	step	2	outcome 44 dd75a452645fc4b96e50fd593837b079 - dropped
attributes_fuse_polygon_5_upper_first	step	2	outcome 44 dd848bbc7c5fc4b96e50fd5dcde7935b - dropped
attributes_fuse_polygon_5_upper_first	step	2	outcome 44 e2d9157484b8dcbe41f80e8482f718a8 - dropped
attributes_fuse_polygon_5_upper_first	step	2	outcome 44 e2e7fcde9cb8dcbe41f80e8918a6fb8a - dropped
attributes_fuse_polygon_5_upper_first	step	2	outcome 44 f003dcfb1c5785ab5e2ccaa971e3d7d9 - dropped
attributes_fuse_polygon_5_upper_first	step	2	outcome 44 f012c465345785ab5e2ccaae0793babb - dropped
attributes_fuse_polygon_5_upper_first	step	2	outcome 44 f0263598d553edc7f46b4cfa828ff9bc - dropped
attributes_fuse_polygon_5_upper_first	step	2	outcome 44 f0309339645785ab5e2ccab732f3807f - dropped
attributes_fuse_polygon_5_upper_first	step	2	outcome 44 f0351d02ed53edc7f46b4cff183fdc9e - dropped
attributes_fuse_polygon_5_upper_first	step	2	outcome 45 2958f71aa862bed0ba8b2c50803f2850 2958f71aa862bed0ba8b2c50803f2850 kept
attributes_fuse_polygon_5_upper_first	step	2	outcome 45 2967de84c062bed0ba8b2c5515ef0b32 2967de84c062bed0ba8b2c5515ef0b32 kept
attributes_fuse_polygon_5_upper_first	step	2	outcome 45 2976c5eed862bed0ba8b2c59ab9eee14 2976c5eed862bed0ba8b2c59ab9eee14 kept
attributes_fuse_polygon_5_upper_first	step	2	outcome 45 4dc06be6c2e63a0a948e14ee9f971bd9 - dropped
attributes_fuse_polygon_5_upper_first	step	2	outcome 45 5d0f439e25213c9bbf5484b970e35688 5d0f439e25213c9bbf5484b970e35688 kept
attributes_fuse_polygon_5_upper_first	step	2	outcome 45 5d1e2b083d213c9bbf5484be0693396a 5d1e2b083d213c9bbf5484be0693396a kept
attributes_fuse_polygon_5_upper_first	step	2	outcome 45 8179b05a0ae7f6070d4d5be4275610e8 - conflict
attributes_fuse_polygon_5_upper_first	step	2	outcome 45 81977f2e3ae7f6070d4d5bed52b5d6ac - conflict
attributes_fuse_polygon_5_upper_first	step	2	outcome 45 81a6669852e7f6070d4d5bf1e865b98e - conflict
attributes_fuse_polygon_5_upper_first	step	2	outcome 45 92a67350a6ada398e599a73ddadf7efd 92a67350a6ada398e599a73ddadf7efd kept
attributes_fuse_polygon_5_upper_first	step	2	outcome 45 92b55ababeada398e599a742708f61df 92b55ababeada398e599a742708f61df kept
attributes_fuse_polygon_5_upper_first	step	2	outcome 45 d2262d523c9431e21c2717da7b539259 d2262d523c9431e21c2717da7b539259 kept
attributes_fuse_polygon_5_upper_first	step	2	outcome 45 d243fc266c9431e21c2717e3a6b3581d d243fc266c9431e21c2717e3a6b3581d kept
attributes_fuse_polygon_5_upper_first	step	2	outcome 45 d252e390849431e21c2717e83c633aff d252e390849431e21c2717e83c633aff kept
attributes_fuse_polygon_5_upper_first	step	2	outcome 45 f4400a55ceaf5f955e58f97e0c4ebda9 - conflict
attributes_fuse_polygon_5_upper_first	step	2	outcome 45 f45dd929feaf5f955e58f98737ae836d - conflict
attributes_fuse_polygon_5_upper_first	step	2	outcome 45 f46cc09416af5f955e58f98bcd5e664f - conflict
attributes_fuse_polygon_5_upper_first	step	2	outcome 46 29cb5e39f003c1866d0680fde14d1ea5 - conflict
attributes_fuse_polygon_5_upper_first	step	2	outcome 46 29da45a40803c1866d06810276fd0187 - conflict
attributes_fuse_polygon_5_upper_first	step	2	outcome 46 3b078722e755a9c46d2a99a6907aa669 - dropped
attributes_fuse_polygon_5_upper_first	step	2	outcome 46 3b166e8cff55a9c46d2a99ab262a894b - dropped
attributes_fuse_polygon_5_upper_first	step	2	outcome 46 8dbc8323f395f7f6ac35f61bf5685be9 - conflict
attributes_fuse_polygon_5_upper_first	step	2	outcome 46 dd6e309d585fc4b96e50fd56ed5fbf08 - dropped
attributes_fuse_polygon_5_upper_first	step	2	outcome 46 dd7d1807705fc4b96e50fd5b830fa1ea - dropped
attributes_fuse_polygon_5_upper_first	step	2	outcome 46 dd9ae6dba05fc4b96e50fd64ae6f67ae - dropped
attributes_fuse_polygon_5_upper_first	step	2	outcome 46 e2e0892990b8dcbe41f80e86cdcf0a19 - dropped
attributes_fuse_polygon_5_upper_first	step	2	outcome 46 e2ef7093a8b8dcbe41f80e8b637eecfb - dropped
attributes_fuse_polygon_5_upper_first	step	2	outcome 46 e2fe57fdc0b8dcbe41f80e8ff92ecfdd - dropped
attributes_fuse_polygon_5_upper_first	step	2	outcome 46 effc6946105785ab5e2ccaa7270be668 - dropped
attributes_fuse_polygon_5_upper_first	step	2	outcome 46 f00b50b0285785ab5e2ccaabbcbbc94a - dropped
attributes_fuse_polygon_5_upper_first	step	2	outcome 46 f01ec1e3c953edc7f46b4cf837b8084b - conflict
attributes_fuse_polygon_5_upper_first	step	2	outcome 46 f02da94de153edc7f46b4cfccd67eb2d - conflict
attributes_fuse_polygon_5_upper_first	step	2	outcome 46 f03c90b7f953edc7f46b4d016317ce0f - conflict
attributes_fuse_polygon_5_upper_first	step	2	outcome 47 29606acfb462bed0ba8b2c52cb1719c1 29606acfb462bed0ba8b2c52cb1719c1 kept
attributes_fuse_polygon_5_upper_first	step	2	outcome 47 296f5239cc62bed0ba8b2c5760c6fca3 296f5239cc62bed0ba8b2c5760c6fca3 kept
attributes_fuse_polygon_5_upper_first	step	2	outcome 47 5d16b75331213c9bbf5484bbbbbb47f9 5d16b75331213c9bbf5484bbbbbb47f9 kept
attributes_fuse_polygon_5_upper_first	step	2	outcome 47 5d259ebd49213c9bbf5484c0516b2adb 5d259ebd49213c9bbf5484c0516b2adb kept
attributes_fuse_polygon_5_upper_first	step	2	outcome 47 5d436d9179213c9bbf5484c97ccaf09f 5d436d9179213c9bbf5484c97ccaf09f kept
attributes_fuse_polygon_5_upper_first	step	2	outcome 47 6e8f3c5ba50efaabc964e574bc8693b6 - dropped
attributes_fuse_polygon_5_upper_first	step	2	outcome 47 819ef2e346e7f6070d4d5bef9d8dc81d - dropped
attributes_fuse_polygon_5_upper_first	step	2	outcome 47 81adda4d5ee7f6070d4d5bf4333daaff - dropped
attributes_fuse_polygon_5_upper_first	step	2	outcome 47 9290183182ada398e599a736fa57aaaa 9290183182ada398e599a736fa57aaaa kept
attributes_fuse_polygon_5_upper_first	step	2	outcome 47 929eff9b9aada398e599a73b90078d8c 929eff9b9aada398e599a73b90078d8c kept
attributes_fuse_polygon_5_upper_first	step	2	outcome 47 92ade705b2ada398e599a74025b7706e 92ade705b2ada398e599a74025b7706e kept
attributes_fuse_polygon_5_upper_first	step	2	outcome 47 bda8e2c109b416d62fdf7c516adbb17f - dropped
attributes_fuse_polygon_5_upper_first	step	2	outcome 47 d23c8871609431e21c2717e15bdb66ac d23c8871609431e21c2717e15bdb66ac kept
attributes_fuse_polygon_5_upper_first	step	2	outcome 47 d24b6fdb789431e21c2717e5f18b498e d24b6fdb789431e21c2717e5f18b498e kept
attributes_fuse_polygon_5_upper_first	step	2	outcome 47 f4566574f2af5f955e58f984ecd691fc - dropped
attributes_fuse_polygon_5_upper_first	step	2	outcome 47 f4654cdf0aaf5f955e58f989828674de - dropped
attributes_fuse_polygon_5_upper_first	step	2	outcome 48 29b5031acc03c1866d0680f700c54a52 - dropped
attributes_fuse_polygon_5_upper_first	step	2	outcome 48 29c3ea84e403c1866d0680fb96752d34 - dropped
attributes_fuse_polygon_5_upper_first	step	2	outcome 48 29d2d1eefc03c1866d0681002c251016 - dropped
attributes_fuse_polygon_5_upper_first	step	2	outcome 48 3b00136ddb55a9c46d2a99a445a2b4f8 - dropped
attributes_fuse_polygon_5_upper_first	step	2	outcome 48 3b0efad7f355a9c46d2a99a8db5297da - dropped
attributes_fuse_polygon_5_upper_first	step	2	outcome 48 3b1de2420b55a9c46d2a99ad71027abc - dropped
attributes_fuse_polygon_5_upper_first	step	2	outcome 48 749654a4de057d82e5c5cda30eaff6ff 749654a4de057d82e5c5cda30eaff6ff kept
attributes_fuse_polygon_5_upper_first	step	2	outcome 48 9846d2c673b388de5f77443746c83684 9846d2c673b388de5f77443746c83684 kept
attributes_fuse_polygon_5_upper_first	step	2	outcome 48 dd75a452645fc4b96e50fd593837b079 - dropped
attributes_fuse_polygon_5_upper_first	step	2	outcome 48 dd848bbc7c5fc4b96e50fd5dcde7935b - dropped
attributes_fuse_polygon_5_upper_first	step	2	outcome 48 e2d9157484b8dcbe41f80e8482f718a8 - dropped
attributes_fuse_polygon_5_upper_first	step	2	outcome 48 e2e7fcde9cb8dcbe41f80e8918a6fb8a - dropped
attributes_fuse_polygon_5_upper_first	step	2	outcome 48 f003dcfb1c5785ab5e2ccaa971e3d7d9 - dropped
attributes_fuse_polygon_5_upper_first	step	2	outcome 48 f012c465345785ab5e2ccaae0793babb - dropped
attributes_fuse_polygon_5_upper_first	step	2	outcome 48 f0263598d553edc7f46b4cfa828ff9bc - dropped
attributes_fuse_polygon_5_upper_first	step	2	outcome 48 f0309339645785ab5e2ccab732f3807f - dropped
attributes_fuse_polygon_5_upper_first	step	2	outcome 48 f0351d02ed53edc7f46b4cff183fdc9e - dropped
attributes_fuse_polygon_5_upper_first	attr	At	2958f71aa862bed0ba8b2c50803f2850 1 ce375c88c29a5306
attributes_fuse_polygon_5_upper_first	attr	At	2958f71aa862bed0ba8b2c50803f2850 17 5725196a2fbf55792a
attributes_fuse_polygon_5_upper_first	attr	At	2958f71aa862bed0ba8b2c50803f2850 21 2509fbb647bd3b872a
attributes_fuse_polygon_5_upper_first	attr	At	2958f71aa862bed0ba8b2c50803f2850 25 f23ca2b3cde6d6bd
attributes_fuse_polygon_5_upper_first	attr	At	2958f71aa862bed0ba8b2c50803f2850 29 47b6fca1c0a06b37
attributes_fuse_polygon_5_upper_first	attr	At	2958f71aa862bed0ba8b2c50803f2850 41 26232a7dcf596f412a
attributes_fuse_polygon_5_upper_first	attr	At	2958f71aa862bed0ba8b2c50803f2850 45 2403fc4fdb2a11aa2a
attributes_fuse_polygon_5_upper_first	attr	At	2958f71aa862bed0ba8b2c50803f2850 5 447764a13d0b9c83
attributes_fuse_polygon_5_upper_first	attr	At	29606acfb462bed0ba8b2c52cb1719c1 19 b691071e35291a412a
attributes_fuse_polygon_5_upper_first	attr	At	29606acfb462bed0ba8b2c52cb1719c1 23 f4c1eccf597cc5d42a
attributes_fuse_polygon_5_upper_first	attr	At	29606acfb462bed0ba8b2c52cb1719c1 27 ceb281dde4c9795e
attributes_fuse_polygon_5_upper_first	attr	At	29606acfb462bed0ba8b2c52cb1719c1 3 9e70f3609813b4b6
attributes_fuse_polygon_5_upper_first	attr	At	29606acfb462bed0ba8b2c52cb1719c1 31 a8e45feed2c4f6f4
attributes_fuse_polygon_5_upper_first	attr	At	29606acfb462bed0ba8b2c52cb1719c1 43 4e8d6ccd1c8362e82a
attributes_fuse_polygon_5_upper_first	attr	At	29606acfb462bed0ba8b2c52cb1719c1 47 e4018cd301ff790b2a
attributes_fuse_polygon_5_upper_first	attr	At	29606acfb462bed0ba8b2c52cb1719c1 7 510c5820a6614ec8
attributes_fuse_polygon_5_upper_first	attr	At	2967de84c062bed0ba8b2c5515ef0b32 1 1cb5a30c849a5306
attributes_fuse_polygon_5_upper_first	attr	At	2967de84c062bed0ba8b2c5515ef0b32 17 9d78461e61bf55792a
attributes_fuse_polygon_5_upper_first	attr	At	2967de84c062bed0ba8b2c5515ef0b32 21 d751cc49e9bd3b872a
attributes_fuse_polygon_5_upper_first	attr	At	2967de84c062bed0ba8b2c5515ef0b32 25 8064e8bd8fe6d6bd
attributes_fuse_polygon_5_upper_first	attr	At	2967de84c062bed0ba8b2c5515ef0b32 29 9635432582a06b37
attributes_fuse_polygon_5_upper_first	attr	At	2967de84c062bed0ba8b2c5515ef0b32 41 9082a2270d596f412a
attributes_fuse_polygon_5_upper_first	attr	At	2967de84c062bed0ba8b2c5515ef0b32 45 fb847487392a11aa2a
attributes_fuse_polygon_5_upper_first	attr	At	2967de84c062bed0ba8b2c5515ef0b32 5 6cf6ec69df0b9c83
attributes_fuse_polygon_5_upper_first	attr	At	296f5239cc62bed0ba8b2c5760c6fca3 19 03599c4973291a412a
attributes_fuse_polygon_5_upper_first	attr	At	296f5239cc62bed0ba8b2c5760c6fca3 23 cc0480d1e77cc5d42a
attributes_fuse_polygon_5_upper_first	attr	At	296f5239cc62bed0ba8b2c5760c6fca3 27 a580204392c9795e
attributes_fuse_polygon_5_upper_first	attr	At	296f5239cc62bed0ba8b2c5760c6fca3 3 75b4ab508613b4b6
attributes_fuse_polygon_5_upper_first	attr	At	296f5239cc62bed0ba8b2c5760c6fca3 31 efea642694c4f6f4
attributes_fuse_polygon_5_upper_first	attr	At	296f5239cc62bed0ba8b2c5760c6fca3 43 77bfce676e8362e82a
attributes_fuse_polygon_5_upper_first	attr	At	296f5239cc62bed0ba8b2c5760c6fca3 47 9687419c73ff790b2a
attributes_fuse_polygon_5_upper_first	attr	At	296f5239cc62bed0ba8b2c5760c6fca3 7 bc994dc8b4614ec8
attributes_fuse_polygon_5_upper_first	attr	At	2976c5eed862bed0ba8b2c59ab9eee14 1 9c01d747969a5306
attributes_fuse_polygon_5_upper_first	attr	At	2976c5eed862bed0ba8b2c59ab9eee14 17 ae3e5c3e13bf55792a
attributes_fuse_polygon_5_upper_first	attr	At	2976c5eed862bed0ba8b2c59ab9eee14 21 e7de8bebfbbd3b872a
attributes_fuse_polygon_5_upper_first	attr	At	2976c5eed862bed0ba8b2c59ab9eee14 25 2f68127e19e6d6bd
attributes_fuse_polygon_5_upper_first	attr	At	2976c5eed862bed0ba8b2c59ab9eee14 29 1581776094a06b37
attributes_fuse_polygon_5_upper_first	attr	At	2976c5eed862bed0ba8b2c59ab9eee14 41 11366d9dfb596f412a
attributes_fuse_polygon_5_upper_first	attr	At	2976c5eed862bed0ba8b2c59ab9eee14 45 7b96bfdaaf2a11aa2a
attributes_fuse_polygon_5_upper_first	attr	At	2976c5eed862bed0ba8b2c59ab9eee14 5 a5c25ef5690b9c83
attributes_fuse_polygon_5_upper_first	attr	At	29b5031acc03c1866d0680f700c54a52 20 3b15f7c5fc87802b2a
attributes_fuse_polygon_5_upper_first	attr	At	29b5031acc03c1866d0680f700c54a52 24 021c7b8d3e9729f92a
attributes_fuse_polygon_5_upper_first	attr	At	29b5031acc03c1866d0680f700c54a52 28 8affca98201bdf1b
attributes_fuse_polygon_5_upper_first	attr	At	29b5031acc03c1866d0680f700c54a52 32 1d009b94a7dc0be5
attributes_fuse_polygon_5_upper_first	attr	At	29b5031acc03c1866d0680f700c54a52 4 7648894970c8262d
attributes_fuse_polygon_5_upper_first	attr	At	29b5031acc03c1866d0680f700c54a52 44 c5401d59f7a18a5f2a
attributes_fuse_polygon_5_upper_first	attr	At	29b5031acc03c1866d0680f700c54a52 48 ce3c5363468b06b52a
attributes_fuse_polygon_5_upper_first	attr	At	29b5031acc03c1866d0680f700c54a52 8 5fa45907f4512935
attributes_fuse_polygon_5_upper_first	attr	At	29c3ea84e403c1866d0680fb96752d34 20 08d75766508780202a
attributes_fuse_polygon_5_upper_first	attr	At	29c3ea84e403c1866d0680fb96752d34 24 f10964e652972a172a
attributes_fuse_polygon_5_upper_first	attr	At	29c3ea84e403c1866d0680fb96752d34 28 66de85d4b41bdf10
attributes_fuse_polygon_5_upper_first	attr	At	29c3ea84e403c1866d0680fb96752d34 32 299b734dbbdc0c05
attributes_fuse_polygon_5_upper_first	attr	At	29c3ea84e403c1866d0680fb96752d34 4 199efdad44c8264c
attributes_fuse_polygon_5_upper_first	attr	At	29c3ea84e403c1866d0680fb96752d34 44 d6533400e3a18a412a
attributes_fuse_polygon_5_upper_first	attr	At	29c3ea84e403c1866d0680fb96752d34 48 8dc57347328b06c02a
attributes_fuse_polygon_5_upper_first	attr	At	29c3ea84e403c1866d0680fb96752d34 8 2d65b8a84851292b
attributes_fuse_polygon_5_upper_first	attr	At	29cb5e39f003c1866d0680fde14d1ea5 18 ff3cd005d01d919a2a
attributes_fuse_polygon_5_upper_first	attr	At	29cb5e39f003c1866d0680fde14d1ea5 2 4dac384ea7770a17
attributes_fuse_polygon_5_upper_first	attr	At	29cb5e39f003c1866d0680fde14d1ea5 22 d2c6b3643dee7ea42a
attributes_fuse_polygon_5_upper_first	attr	At	29cb5e39f003c1866d0680fde14d1ea5 26 ba3135b551fc0d06
attributes_fuse_polygon_5_upper_first	attr	At	29cb5e39f003c1866d0680fde14d1ea5 30 39655a9096346c3d
attributes_fuse_polygon_5_upper_first	attr	At	29cb5e39f003c1866d0680fde14d1ea5 42 7f2fbbcd5724c9b92a
attributes_fuse_polygon_5_upper_first	attr	At	29cb5e39f003c1866d0680fde14d1ea5 46 9426d7142a4ef7662a
attributes_fuse_polygon_5_upper_first	attr	At	29cb5e39f003c1866d0680fde14d1ea5 6 2aa43b8dadc71032
attributes_fuse_polygon_5_upper_first	attr	At	29d2d1eefc03c1866d0681002c251016 20 5fd0ce8cb48780172a
attributes_fuse_polygon_5_upper_first	attr	At	29d2d1eefc03c1866d0681002c251016 24 e2c8ee28c6972a0d2a
attributes_fuse_polygon_5_upper_first	attr	At	29d2d1eefc03c1866d0681002c251016 28 b74fd731d81bdf05
attributes_fuse_polygon_5_upper_first	attr	At	29d2d1eefc03c1866d0681002c251016 32 0d6546d23fdc0bfb
attributes_fuse_polygon_5_upper_first	attr	At	29d2d1eefc03c1866d0681002c251016 4 518db282b8c82641
attributes_fuse_polygon_5_upper_first	attr	At	29d2d1eefc03c1866d0681002c251016 44 61be4ea57fa18a4a2a
attributes_fuse_polygon_5_upper_first	attr	At	29d2d1eefc03c1866d0681002c251016 48 a7f5da87be8b06ca2a
attributes_fuse_polygon_5_upper_first	attr	At	29d2d1eefc03c1866d0681002c251016 8 845f2fceac512921
attributes_fuse_polygon_5_upper_first	attr	At	29da45a40803c1866d06810276fd0187 18 37a15455f41d918f2a
attributes_fuse_polygon_5_upper_first	attr	At	29da45a40803c1866d06810276fd0187 2 6757c766a3770a20
attributes_fuse_polygon_5_upper_first	attr	At	29da45a40803c1866d06810276fd0187 22 0c22346219ee7eaf2a
attributes_fuse_polygon_5_upper_first	attr	At	29da45a40803c1866d06810276fd0187 26 ee742f3d4dfc0d11
attributes_fuse_polygon_5_upper_first	attr	At	29da45a40803c1866d06810276fd0187 30 0176a5bb22346c47
attributes_fuse_polygon_5_upper_first	attr	At	29da45a40803c1866d06810276fd0187 42 65fecfa8bb24c9af2a
attributes_fuse_polygon_5_upper_first	attr	At	29da45a40803c1866d06810276fd0187 46 5ccd599c2e4ef75b2a
attributes_fuse_polygon_5_upper_first	attr	At	29da45a40803c1866d06810276fd0187 6 f2c39eb3c9c7103e
attributes_fuse_polygon_5_upper_first	attr	At	6e8f3c5ba50efaabc964e574bc8693b6 19 f6a5da25c80525272a
attributes_fuse_polygon_5_upper_first	attr	At	6e8f3c5ba50efaabc964e574bc8693b6 23 616c1ae56e1d9db72a
attributes_fuse_polygon_5_upper_first	attr	At	6e8f3c5ba50efaabc964e574bc8693b6 27 300c9a805a1d85d1
attributes_fuse_polygon_5_upper_first	attr	At	6e8f3c5ba50efaabc964e574bc8693b6 3 8528b954f104f1ae
attributes_fuse_polygon_5_upper_first	attr	At	6e8f3c5ba50efaabc964e574bc8693b6 31 d0d9d611e015a9fd
attributes_fuse_polygon_5_upper_first	attr	At	6e8f3c5ba50efaabc964e574bc8693b6 43 a053452991ec29602a
attributes_fuse_polygon_5_upper_first	attr	At	6e8f3c5ba50efaabc964e574bc8693b6 47 f6018901c5ec44392a
attributes_fuse_polygon_5_upper_first	attr	At	6e8f3c5ba50efaabc964e574bc8693b6 7 ad8517203d04d72b
attributes_fuse_polygon_5_upper_first	attr	At	749654a4de057d82e5c5cda30eaff6ff 20 9c5f78c8b5f9c2302a
attributes_fuse_polygon_5_upper_first	attr	At	749654a4de057d82e5c5cda30eaff6ff 24 ffe957df46bc8ffb2a
attributes_fuse_polygon_5_upper_first	attr	At	749654a4de057d82e5c5cda30eaff6ff 28 f89acb378c468d0e
attributes_fuse_polygon_5_upper_first	attr	At	749654a4de057d82e5c5cda30eaff6ff 32 d5f31ccc26353b20
attributes_fuse_polygon_5_upper_first	attr	At	749654a4de057d82e5c5cda30eaff6ff 4 b37346deddaf2e7b
attributes_fuse_polygon_5_upper_first	attr	At	749654a4de057d82e5c5cda30eaff6ff 44 9c84f0e615702a8f2a
attributes_fuse_polygon_5_upper_first	attr	At	749654a4de057d82e5c5cda30eaff6ff 48 3d127e586095367c2a
attributes_fuse_polygon_5_upper_first	attr	At	749654a4de057d82e5c5cda30eaff6ff 8 79734ceda9fa2721
attributes_fuse_polygon_5_upper_first	attr	At	8dbc8323f395f7f6ac35f61bf5685be9 18 6c72ed601c4c748d2a
attributes_fuse_polygon_5_upper_first	attr	At	8dbc8323f395f7f6ac35f61bf5685be9 2 7130abbe6c1ddb1a
attributes_fuse_polygon_5_upper_first	attr	At	8dbc8323f395f7f6ac35f61bf5685be9 22 c90e614d5179851f2a
attributes_fuse_polygon_5_upper_first	attr	At	8dbc8323f395f7f6ac35f61bf5685be9 26 dc8d6034b95bb694
attributes_fuse_polygon_5_upper_first	attr	At	8dbc8323f395f7f6ac35f61bf5685be9 30 f25bb89046a01c55
attributes_fuse_polygon_5_upper_first	attr	At	8dbc8323f395f7f6ac35f61bf5685be9 42 f748afd67a9f2d612a
attributes_fuse_polygon_5_upper_first	attr	At	8dbc8323f395f7f6ac35f61bf5685be9 46 4f968e31e2c0378e2a
attributes_fuse_polygon_5_upper_first	attr	At	8dbc8323f395f7f6ac35f61bf5685be9 6 450d6f1053fcd0ed
attributes_fuse_polygon_5_upper_first	attr	At	9290183182ada398e599a736fa57aaaa 19 eac4dba7e27001312a
attributes_fuse_polygon_5_upper_first	attr	At	9290183182ada398e599a736fa57aaaa 23 3affc1414406fccc2a
attributes_fuse_polygon_5_upper_first	attr	At	9290183182ada398e599a736fa57aaaa 27 967f3cb75e1bb829
attributes_fuse_polygon_5_upper_first	attr	At	9290183182ada398e599a736fa57aaaa 3 996da93dab51ec48
attributes_fuse_polygon_5_upper_first	attr	At	9290183182ada398e599a736fa57aaaa 31 3f2e6c691695c75d
attributes_fuse_polygon_5_upper_first	attr	At	9290183182ada398e599a736fa57aaaa 43 0c378959a7496c822a
attributes_fuse_polygon_5_upper_first	attr	At	9290183182ada398e599a736fa57aaaa 47 35c18f673d1300022a
attributes_fuse_polygon_5_upper_first	attr	At	9290183182ada398e599a736fa57aaaa 7 aca9d8e73323bf23
attributes_fuse_polygon_5_upper_first	attr	At	929eff9b9aada398e599a73b90078d8c 19 da381ecad07001312a
attributes_fuse_polygon_5_upper_first	attr	At	929eff9b9aada398e599a73b90078d8c 23 738d4fe70e06fccb2a
attributes_fuse_polygon_5_upper_first	attr	At	929eff9b9aada398e599a73b90078d8c 27 1609554e301bb829
attributes_fuse_polygon_5_upper_first	attr	At	929eff9b9aada398e599a73b90078d8c 3 492288bb9551ec48
attributes_fuse_polygon_5_upper_first	attr	At	929eff9b9aada398e599a73b90078d8c 31 be7aa0a42895c75d
attributes_fuse_polygon_5_upper_first	attr	At	929eff9b9aada398e599a73b90078d8c 43 d2ba6111bd496c822a
attributes_fuse_polygon_5_upper_first	attr	At	929eff9b9aada398e599a73b90078d8c 47 4a0736e5cb1300022a
attributes_fuse_polygon_5_upper_first	attr	At	929eff9b9aada398e599a73b90078d8c 7 bd6fef06e523bf23
attributes_fuse_polygon_5_upper_first	attr	At	92a67350a6ada398e599a73ddadf7efd 1 95d2659f8b0e7298
attributes_fuse_polygon_5_upper_first	attr	At	92a67350a6ada398e599a73ddadf7efd 17 174bb407b4b13c992a
attributes_fuse_polygon_5_upper_first	attr	At	92a67350a6ada398e599a73ddadf7efd 21 e24b5066fcca28522a
attributes_fuse_polygon_5_upper_first	attr	At	92a67350a6ada398e599a73ddadf7efd 25 a5dfb5bc30ac2f7d
attributes_fuse_polygon_5_upper_first	attr	At	92a67350a6ada398e599a73ddadf7efd 29 d3c069b89c8e36bb
attributes_fuse_polygon_5_upper_first	attr	At	92a67350a6ada398e599a73ddadf7efd 41 3035114f7455692f2a
attributes_fuse_polygon_5_upper_first	attr	At	92a67350a6ada398e599a73ddadf7efd 45 1b3ddb6c0c434d362a
attributes_fuse_polygon_5_upper_first	attr	At	92a67350a6ada398e599a73ddadf7efd 5 9a7ebd842739f033
attributes_fuse_polygon_5_upper_first	attr	At	92ade705b2ada398e599a74025b7706e 19 4c0fd5fc0e7001312a
attributes_fuse_polygon_5_upper_first	attr	At	92ade705b2ada398e599a74025b7706e 23 087afe934006fccc2a
attributes_fuse_polygon_5_upper_first	attr	At	92ade705b2ada398e599a74025b7706e 27 aa7c5fa6221bb829
attributes_fuse_polygon_5_upper_first	attr	At	92ade705b2ada398e599a74025b7706e 3 fba71c0ca751ec48
attributes_fuse_polygon_5_upper_first	attr	At	92ade705b2ada398e599a74025b7706e 31 70c273adca95c75d
attributes_fuse_polygon_5_upper_first	attr	At	92ade705b2ada398e599a74025b7706e 43 aa730e9d8b496c822a
attributes_fuse_polygon_5_upper_first	attr	At	92ade705b2ada398e599a74025b7706e 47 2149cae8591300022a
attributes_fuse_polygon_5_upper_first	attr	At	92ade705b2ada398e599a74025b7706e 7 706a996c3723bf23
attributes_fuse_polygon_5_upper_first	attr	At	92b55ababeada398e599a742708f61df 1 07aa1cd0c90e7298
attributes_fuse_polygon_5_upper_first	attr	At	92b55ababeada398e599a742708f61df 17 407e15a206b13c992a
attributes_fuse_polygon_5_upper_first	attr	At	92b55ababeada398e599a742708f61df 21 2ffef2925aca28522a
attributes_fuse_polygon_5_upper_first	attr	At	92b55ababeada398e599a742708f61df 25 f3935a5d8eac2f7d
attributes_fuse_polygon_5_upper_first	attr	At	92b55ababeada398e599a742708f61df 29 459820e9da8e36bb
attributes_fuse_polygon_5_upper_first	attr	At	92b55ababeada398e599a742708f61df 41 e2816f241655692f2a
attributes_fuse_polygon_5_upper_first	attr	At	92b55ababeada398e599a742708f61df 45 6158d2a4ae434d372a
attributes_fuse_polygon_5_upper_first	attr	At	92b55ababeada398e599a742708f61df 5 0c56777a6539f033
attributes_fuse_polygon_5_upper_first	attr	At	e2d9157484b8dcbe41f80e8482f718a8 20 c7a9ccb1ee62c4442a
attributes_fuse_polygon_5_upper_first	attr	At	e2d9157484b8dcbe41f80e8482f718a8 24 6a4a2a80f4250d232a
attributes_fuse_polygon_5_upper_first	attr	At	e2d9157484b8dcbe41f80e8482f718a8 28 f4dd3fb36998e033
attributes_fuse_polygon_5_upper_first	attr	At	e2d9157484b8dcbe41f80e8482f718a8 32 8f8696a6e8cb0f7a
attributes_fuse_polygon_5_upper_first	attr	At	e2d9157484b8dcbe41f80e8482f718a8 4 c61ba774e968a929
attributes_fuse_polygon_5_upper_first	attr	At	e2d9157484b8dcbe41f80e8482f718a8 44 55604a030eab2df32a
attributes_fuse_polygon_5_upper_first	attr	At	e2d9157484b8dcbe41f80e8482f718a8 48 8062572ac50d71cc2a
attributes_fuse_polygon_5_upper_first	attr	At	e2d9157484b8dcbe41f80e8482f718a8 8 89bbc898dce30021
attributes_fuse_polygon_5_upper_first	attr	At	e2e0892990b8dcbe41f80e86cdcf0a19 18 41d7cdb963b1431a2a
attributes_fuse_polygon_5_upper_first	attr	At	e2e0892990b8dcbe41f80e86cdcf0a19 2 f8dbd80a96f50008
attributes_fuse_polygon_5_upper_first	attr	At	e2e0892990b8dcbe41f80e86cdcf0a19 22 4346a7a0feac3c8a2a
attributes_fuse_polygon_5_upper_first	attr	At	e2e0892990b8dcbe41f80e86cdcf0a19 26 ee3bbe105c83a504
attributes_fuse_polygon_5_upper_first	attr	At	e2e0892990b8dcbe41f80e86cdcf0a19 30 038115aacaa0449c
attributes_fuse_polygon_5_upper_first	attr	At	e2e0892990b8dcbe41f80e86cdcf0a19 42 a10f882236f99d7d2a
attributes_fuse_polygon_5_upper_first	attr	At	e2e0892990b8dcbe41f80e86cdcf0a19 46 6b82caadd13b93e22a
attributes_fuse_polygon_5_upper_first	attr	At	e2e0892990b8dcbe41f80e86cdcf0a19 6 4e2ef64532b91d4f
attributes_fuse_polygon_5_upper_first	attr	At	e2e7fcde9cb8dcbe41f80e8918a6fb8a 20 d3015bb97462c4442a
attributes_fuse_polygon_5_upper_first	attr	At	e2e7fcde9cb8dcbe41f80e8918a6fb8a 24 b63fdf7a9a250d232a
attributes_fuse_polygon_5_upper_first	attr	At	e2e7fcde9cb8dcbe41f80e8918a6fb8a 28 3faf5addef98e033
attributes_fuse_polygon_5_upper_first	attr	At	e2e7fcde9cb8dcbe41f80e8918a6fb8a 32 bcc1ce7b9ecb0f7a
attributes_fuse_polygon_5_upper_first	attr	At	e2e7fcde9cb8dcbe41f80e8918a6fb8a 4 ad53ac198f68a929
attributes_fuse_polygon_5_upper_first	attr	At	e2e7fcde9cb8dcbe41f80e8918a6fb8a 44 e45ffcbac8ab2df32a
attributes_fuse_polygon_5_upper_first	attr	At	e2e7fcde9cb8dcbe41f80e8918a6fb8a 48 7b9370579f0d71cc2a
attributes_fuse_polygon_5_upper_first	attr	At	e2e7fcde9cb8dcbe41f80e8918a6fb8a 8 951357a062e30021
attributes_fuse_polygon_5_upper_first	attr	At	e2ef7093a8b8dcbe41f80e8b637eecfb 18 0a59deb4e9b1431a2a
attributes_fuse_polygon_5_upper_first	attr	At	e2ef7093a8b8dcbe41f80e8b637eecfb 2 eba9a24d60f50008
attributes_fuse_polygon_5_upper_first	attr	At	e2ef7093a8b8dcbe41f80e8b637eecfb 22 160b710848ac3c8a2a
attributes_fuse_polygon_5_upper_first	attr	At	e2ef7093a8b8dcbe41f80e8b637eecfb 26 7e55f601a683a504
attributes_fuse_polygon_5_upper_first	attr	At	e2ef7093a8b8dcbe41f80e8b637eecfb 30 1c49110624a0449c
attributes_fuse_polygon_5_upper_first	attr	At	e2ef7093a8b8dcbe41f80e8b637eecfb 42 f26a4945acf99d7d2a
attributes_fuse_polygon_5_upper_first	attr	At	e2ef7093a8b8dcbe41f80e8b637eecfb 46 b868184a873b93e22a
attributes_fuse_polygon_5_upper_first	attr	At	e2ef7093a8b8dcbe41f80e8b637eecfb 6 0447ea2dbcb91d4e
attributes_fuse_polygon_5_upper_first	attr	At	e2fe57fdc0b8dcbe41f80e8ff92ecfdd 18 b214e322cfb1431a2a
attributes_fuse_polygon_5_upper_first	attr	At	e2fe57fdc0b8dcbe41f80e8ff92ecfdd 2 d36ad86c92f50008
attributes_fuse_polygon_5_upper_first	attr	At	e2fe57fdc0b8dcbe41f80e8ff92ecfdd 22 1ec541f4baac3c8a2a
attributes_fuse_polygon_5_upper_first	attr	At	e2fe57fdc0b8dcbe41f80e8ff92ecfdd 26 f436a79c6083a504
attributes_fuse_polygon_5_upper_first	attr	At	e2fe57fdc0b8dcbe41f80e8ff92ecfdd 30 27172583fea0449c
attributes_fuse_polygon_5_upper_first	attr	At	e2fe57fdc0b8dcbe41f80e8ff92ecfdd 42 5fe82f8d3af99d7d2a
attributes_fuse_polygon_5_upper_first	attr	At	e2fe57fdc0b8dcbe41f80e8ff92ecfdd 46 abba89510d3b93e22a
attributes_fuse_polygon_5_upper_first	attr	At	e2fe57fdc0b8dcbe41f80e8ff92ecfdd 6 e8ec9f2bf6b91d4e
attributes_fuse_polygon_5_upper_first	attr	At	effc6946105785ab5e2ccaa7270be668 18 79c0e7aa63ae905c2a
attributes_fuse_polygon_5_upper_first	attr	At	effc6946105785ab5e2ccaa7270be668 2 18837c3a00948bff
attributes_fuse_polygon_5_upper_first	attr	At	effc6946105785ab5e2ccaa7270be668 22 be42ea1390da2a522a
attributes_fuse_polygon_5_upper_first	attr	At	effc6946105785ab5e2ccaa7270be668 26 18d2956a2789df01
attributes_fuse_polygon_5_upper_first	attr	At	effc6946105785ab5e2ccaa7270be668 30 86105c405c5afa61
attributes_fuse_polygon_5_upper_first	attr	At	effc6946105785ab5e2ccaa7270be668 42 0ac476bab2aa37872a
attributes_fuse_polygon_5_upper_first	attr	At	effc6946105785ab5e2ccaa7270be668 46 61564184613768e42a
attributes_fuse_polygon_5_upper_first	attr	At	effc6946105785ab5e2ccaa7270be668 6 9f4606564e7f892d
attributes_fuse_polygon_5_upper_first	attr	At	f003dcfb1c5785ab5e2ccaa971e3d7d9 20 f95a45112347f9d42a
attributes_fuse_polygon_5_upper_first	attr	At	f003dcfb1c5785ab5e2ccaa971e3d7d9 24 1620ffa06b5230682a
attributes_fuse_polygon_5_upper_first	attr	At	f003dcfb1c5785ab5e2ccaa971e3d7d9 28 a8a21f482e7c1e7e
attributes_fuse_polygon_5_upper_first	attr	At	f003dcfb1c5785ab5e2ccaa971e3d7d9 32 7c4644362cf453e3
attributes_fuse_polygon_5_upper_first	attr	At	f003dcfb1c5785ab5e2ccaa971e3d7d9 4 489182f3f0b6ec92
attributes_fuse_polygon_5_upper_first	attr	At	f003dcfb1c5785ab5e2ccaa971e3d7d9 44 b787186253915f712a
attributes_fuse_polygon_5_upper_first	attr	At	f003dcfb1c5785ab5e2ccaa971e3d7d9 48 9ac18c84b7a967ab2a
attributes_fuse_polygon_5_upper_first	attr	At	f003dcfb1c5785ab5e2ccaa971e3d7d9 8 7fdaa4f82541e1a4
attributes_fuse_polygon_5_upper_first	attr	At	f00b50b0285785ab5e2ccaabbcbbc94a 18 b13ed6aeddae905c2a
attributes_fuse_polygon_5_upper_first	attr	At	f00b50b0285785ab5e2ccaabbcbbc94a 2 a7832edd8a948bff
attributes_fuse_polygon_5_upper_first	attr	At	f00b50b0285785ab5e2ccaabbcbbc94a 22 6ce828f11ada2a522a
attributes_fuse_polygon_5_upper_first	attr	At	f00b50b0285785ab5e2ccaabbcbbc94a 26 ceeb8952b189df01
attributes_fuse_polygon_5_upper_first	attr	At	f00b50b0285785ab5e2ccaabbcbbc94a 30 d979c647025afa61
attributes_fuse_polygon_5_upper_first	attr	At	f00b50b0285785ab5e2ccaabbcbbc94a 42 37ffae8f68aa37872a
attributes_fuse_polygon_5_upper_first	attr	At	f00b50b0285785ab5e2ccaabbcbbc94a 46 b2b102a6d73768e42a
attributes_fuse_polygon_5_upper_first	attr	At	f00b50b0285785ab5e2ccaabbcbbc94a 6 b92d10a2987f892d
attributes_fuse_polygon_5_upper_first	attr	At	f012c465345785ab5e2ccaae0793babb 20 4c9438c8e947f9d52a
attributes_fuse_polygon_5_upper_first	attr	At	f012c465345785ab5e2ccaae0793babb 24 d72f5bb7515230682a
attributes_fuse_polygon_5_upper_first	attr	At	f012c465345785ab5e2ccaae0793babb 28 8fda23c5747c1e7e
attributes_fuse_polygon_5_upper_first	attr	At	f012c465345785ab5e2ccaae0793babb 32 2aeb8312b6f453e3
attributes_fuse_polygon_5_upper_first	attr	At	f012c465345785ab5e2ccaae0793babb 4 948737ed96b6ec92
attributes_fuse_polygon_5_upper_first	attr	At	f012c465345785ab5e2ccaae0793babb 44 ab3ff1b82d915f712a
attributes_fuse_polygon_5_upper_first	attr	At	f012c465345785ab5e2ccaae0793babb 48 b389880771a967ab2a
attributes_fuse_polygon_5_upper_first	attr	At	f012c465345785ab5e2ccaae0793babb 8 d31498afeb41e1a4
attributes_fuse_polygon_5_upper_first	attr	At	f0309339645785ab5e2ccab732f3807f 20 baf21bb1b547f9d52a
attributes_fuse_polygon_5_upper_first	attr	At	f0309339645785ab5e2ccab732f3807f 24 68d178ce855230682a
attributes_fuse_polygon_5_upper_first	attr	At	f0309339645785ab5e2ccab732f3807f 28 8f776c9d007c1e7e
attributes_fuse_polygon_5_upper_first	attr	At	f0309339645785ab5e2ccab732f3807f 32 e9c42a7dbaf453e3
attributes_fuse_polygon_5_upper_first	attr	At	f0309339645785ab5e2ccab732f3807f 4 df03a9910ab6ec91
attributes_fuse_polygon_5_upper_first	attr	At	f0309339645785ab5e2ccab732f3807f 44 d0b1cb0d81915f712a
attributes_fuse_polygon_5_upper_first	attr	At	f0309339645785ab5e2ccab732f3807f 48 8e17aeb21da967ab2a
attributes_fuse_polygon_5_upper_first	attr	At	f0309339645785ab5e2ccab732f3807f 8 41727b98b741e1a4
attributes_fuse_polygon_5_upper_first	attr	At	f4400a55ceaf5f955e58f97e0c4ebda9 1 cb92f074fa096dfa
attributes_fuse_polygon_5_upper_first	attr	At	f4400a55ceaf5f955e58f97e0c4ebda9 17 45f2aad2b3ec4a3a2a
attributes_fuse_polygon_5_upper_first	attr	At	f4400a55ceaf5f955e58f97e0c4ebda9 21 5d73e3a00c503ec42a
attributes_fuse_polygon_5_upper_first	attr	At	f4400a55ceaf5f955e58f97e0c4ebda9 25 d72a75e37c10fc9e
attributes_fuse_polygon_5_upper_first	attr	At	f4400a55ceaf5f955e58f97e0c4ebda9 29 115e0cbdc9accd23
attributes_fuse_polygon_5_upper_first	attr	At	f4400a55ceaf5f955e58f97e0c4ebda9 41 dad443d3963faca52a
attributes_fuse_polygon_5_upper_first	attr	At	f4400a55ceaf5f955e58f97e0c4ebda9 45 91f867d5fc09e2cc2a
attributes_fuse_polygon_5_upper_first	attr	At	f4400a55ceaf5f955e58f97e0c4ebda9 5 40ec8ca334b95504
attributes_fuse_polygon_5_upper_first	attr	At	f4566574f2af5f955e58f984ecd691fc 19 b81ed58bc12cd4322a
attributes_fuse_polygon_5_upper_first	attr	At	f4566574f2af5f955e58f984ecd691fc 23 eef63aef2f25c7bd2a
attributes_fuse_polygon_5_upper_first	attr	At	f4566574f2af5f955e58f984ecd691fc 27 5e4b9ebb844d0883
attributes_fuse_polygon_5_upper_first	attr	At	f4566574f2af5f955e58f984ecd691fc 3 c589449fdc79f7a2
attributes_fuse_polygon_5_upper_first	attr	At	f4566574f2af5f955e58f984ecd691fc 31 d427dcb1c8de7df0
attributes_fuse_polygon_5_upper_first	attr	At	f4566574f2af5f955e58f984ecd691fc 43 bf04e93eb7dca88a2a
attributes_fuse_polygon_5_upper_first	attr	At	f4566574f2af5f955e58f984ecd691fc 47 9a462e09e9c57bea2a
attributes_fuse_polygon_5_upper_first	attr	At	f4566574f2af5f955e58f984ecd691fc 7 1958e0322384c75c
attributes_fuse_polygon_5_upper_first	attr	At	f45dd929feaf5f955e58f98737ae836d 1 f14d77210a096dfa
attributes_fuse_polygon_5_upper_first	attr	At	f45dd929feaf5f955e58f98737ae836d 17 7324dfad93ec4a3a2a
attributes_fuse_polygon_5_upper_first	attr	At	f45dd929feaf5f955e58f98737ae836d 21 b0cf2f129c503ec42a
attributes_fuse_polygon_5_upper_first	attr	At	f45dd929feaf5f955e58f98737ae836d 25 83cf2a70ec10fc9e
attributes_fuse_polygon_5_upper_first	attr	At	f45dd929feaf5f955e58f98737ae836d 29 37189369d9accd23
attributes_fuse_polygon_5_upper_first	attr	At	f45dd929feaf5f955e58f98737ae836d 41 70322f47563faca52a
attributes_fuse_polygon_5_upper_first	attr	At	f45dd929feaf5f955e58f98737ae836d 45 bf2a0d08bc09e2cc2a
attributes_fuse_polygon_5_upper_first	attr	At	f45dd929feaf5f955e58f98737ae836d 5 ced59f44a4b95504
attributes_fuse_polygon_5_upper_first	attr	At	f4654cdf0aaf5f955e58f989828674de 19 e2d65757992cd4322a
attributes_fuse_polygon_5_upper_first	attr	At	f4654cdf0aaf5f955e58f989828674de 23 105ff08d2725c7bd2a
attributes_fuse_polygon_5_upper_first	attr	At	f4654cdf0aaf5f955e58f989828674de 27 7fb94d063c4d0883
attributes_fuse_polygon_5_upper_first	attr	At	f4654cdf0aaf5f955e58f989828674de 3 e8d19c2ab479f7a2
attributes_fuse_polygon_5_upper_first	attr	At	f4654cdf0aaf5f955e58f989828674de 31 d174aa17b0de7df0
attributes_fuse_polygon_5_upper_first	attr	At	f4654cdf0aaf5f955e58f989828674de 43 9d973af3ffdca88a2a
attributes_fuse_polygon_5_upper_first	attr	At	f4654cdf0aaf5f955e58f989828674de 47 7164361ef1c57bea2a
attributes_fuse_polygon_5_upper_first	attr	At	f4654cdf0aaf5f955e58f989828674de 7 62ca4e7bbb84c75c
attributes_fuse_polygon_5_upper_first	attr	At	f46cc09416af5f955e58f98bcd5e664f 1 ee9ecf50f2096dfa
attributes_fuse_polygon_5_upper_first	attr	At	f46cc09416af5f955e58f98bcd5e664f 17 6e930b259bec4a3a2a
attributes_fuse_polygon_5_upper_first	attr	At	f46cc09416af5f955e58f98bcd5e664f 21 87f253e9c4503ec42a
attributes_fuse_polygon_5_upper_first	attr	At	f46cc09416af5f955e58f98bcd5e664f 25 3c37d3986410fc9e
attributes_fuse_polygon_5_upper_first	attr	At	f46cc09416af5f955e58f98bcd5e664f 29 3469eb99c1accd23
attributes_fuse_polygon_5_upper_first	attr	At	f46cc09416af5f955e58f98bcd5e664f 41 b7c4fb55de3faca52a
attributes_fuse_polygon_5_upper_first	attr	At	f46cc09416af5f955e58f98bcd5e664f 45 e09333269409e2cc2a
attributes_fuse_polygon_5_upper_first	attr	At	f46cc09416af5f955e58f98bcd5e664f 5 ad6d0d6d1cb95504
attributes_fuse_polygon_5_upper_first	attr	Bt	3b00136ddb55a9c46d2a99a445a2b4f8 20 646baf52aeba9cd82a
attributes_fuse_polygon_5_upper_first	attr	Bt	3b00136ddb55a9c46d2a99a445a2b4f8 24 cc4accb8d400be442a
attributes_fuse_polygon_5_upper_first	attr	Bt	3b00136ddb55a9c46d2a99a445a2b4f8 28 a2079aecce4b6c15
attributes_fuse_polygon_5_upper_first	attr	Bt	3b00136ddb55a9c46d2a99a445a2b4f8 32 716516b6f4c2be27
attributes_fuse_polygon_5_upper_first	attr	Bt	3b00136ddb55a9c46d2a99a445a2b4f8 4 61925f96ae4712a2
attributes_fuse_polygon_5_upper_first	attr	Bt	3b00136ddb55a9c46d2a99a445a2b4f8 44 425ea687ddc529f32a
attributes_fuse_polygon_5_upper_first	attr	Bt	3b00136ddb55a9c46d2a99a445a2b4f8 48 79e7281afb115ba22a
attributes_fuse_polygon_5_upper_first	attr	Bt	3b00136ddb55a9c46d2a99a445a2b4f8 8 2e41601a13dd9ca3
attributes_fuse_polygon_5_upper_first	attr	Bt	3b078722e755a9c46d2a99a6907aa669 18 4729288a24621bb92a
attributes_fuse_polygon_5_upper_first	attr	Bt	3b078722e755a9c46d2a99a6907aa669 2 660d81d04e797642
attributes_fuse_polygon_5_upper_first	attr	Bt	3b078722e755a9c46d2a99a6907aa669 22 60a2f00efb75e1712a
attributes_fuse_polygon_5_upper_first	attr	Bt	3b078722e755a9c46d2a99a6907aa669 26 afed91357424141e
attributes_fuse_polygon_5_upper_first	attr	Bt	3b078722e755a9c46d2a99a6907aa669 30 f1742c9074813c8f
attributes_fuse_polygon_5_upper_first	attr	Bt	3b078722e755a9c46d2a99a6907aa669 42 14a056167f442b102a
attributes_fuse_polygon_5_upper_first	attr	Bt	3b078722e755a9c46d2a99a6907aa669 46 4c08062e482a5d052a
attributes_fuse_polygon_5_upper_first	attr	Bt	3b078722e755a9c46d2a99a6907aa669 6 51a90f8b1ef0fcdb
attributes_fuse_polygon_5_upper_first	attr	Bt	3b0efad7f355a9c46d2a99a8db5297da 20 b1dfdf9980baa8772a
attributes_fuse_polygon_5_upper_first	attr	Bt	3b0efad7f355a9c46d2a99a8db5297da 24 5212648d8600cb312a
attributes_fuse_polygon_5_upper_first	attr	Bt	3b0efad7f355a9c46d2a99a8db5297da 28 928035ea004b7902
attributes_fuse_polygon_5_upper_first	attr	Bt	3b0efad7f355a9c46d2a99a8db5297da 32 1f9f2b2206c2cb14
attributes_fuse_polygon_5_upper_first	attr	Bt	3b0efad7f355a9c46d2a99a8db5297da 4 8c773ec300471f94
attributes_fuse_polygon_5_upper_first	attr	Bt	3b0efad7f355a9c46d2a99a8db5297da 44 0c9290402bc51e542a
attributes_fuse_polygon_5_upper_first	attr	Bt	3b0efad7f355a9c46d2a99a8db5297da 48 c03769cdc9114eb12a
attributes_fuse_polygon_5_upper_first	attr	Bt	3b0efad7f355a9c46d2a99a8db5297da 8 7bb59060e5dda842
attributes_fuse_polygon_5_upper_first	attr	Bt	3b166e8cff55a9c46d2a99ab262a894b 18 72f9157ad66228aa2a
attributes_fuse_polygon_5_upper_first	attr	Bt	3b166e8cff55a9c46d2a99ab262a894b 2 609809387c796aa3
attributes_fuse_polygon_5_upper_first	attr	Bt	3b166e8cff55a9c46d2a99ab262a894b 22 a08a99130975d4842a
attributes_fuse_polygon_5_upper_first	attr	Bt	3b166e8cff55a9c46d2a99ab262a894b 26 c657a00b6224072c
attributes_fuse_polygon_5_upper_first	attr	Bt	3b166e8cff55a9c46d2a99ab262a894b 30 c68f4d6422812f9e
attributes_fuse_polygon_5_upper_first	attr	Bt	3b166e8cff55a9c46d2a99ab262a894b 42 bd2b8311314436af2a
attributes_fuse_polygon_5_upper_first	attr	Bt	3b166e8cff55a9c46d2a99ab262a894b 46 0e102a481a2a6b452a
attributes_fuse_polygon_5_upper_first	attr	Bt	3b166e8cff55a9c46d2a99ab262a894b 6 823ee5936cf0ee9c
attributes_fuse_polygon_5_upper_first	attr	Bt	3b1de2420b55a9c46d2a99ad71027abc 20 2044f7d58abab5642a
attributes_fuse_polygon_5_upper_first	attr	Bt	3b1de2420b55a9c46d2a99ad71027abc 24 452a94501800a5b42a
attributes_fuse_polygon_5_upper_first	attr	Bt	3b1de2420b55a9c46d2a99ad71027abc 28 8439858fca4b8741
attributes_fuse_polygon_5_upper_first	attr	Bt	3b1de2420b55a9c46d2a99ad71027abc 32 42e85ece88c2a2f6
attributes_fuse_polygon_5_upper_first	attr	Bt	3b1de2420b55a9c46d2a99ad71027abc 4 a5b91713d246fa17
attributes_fuse_polygon_5_upper_first	attr	Bt	3b1de2420b55a9c46d2a99ad71027abc 44 197a607d99c543d12a
attributes_fuse_polygon_5_upper_first	attr	Bt	3b1de2420b55a9c46d2a99ad71027abc 48 a5c2e8f43f1141c42a
attributes_fuse_polygon_5_upper_first	attr	Bt	3b1de2420b55a9c46d2a99ad71027abc 8 ea1aa89cefddb52f
attributes_fuse_polygon_5_upper_first	attr	Bt	4dc06be6c2e63a0a948e14ee9f971bd9 1 4c133c20a85baf3d
attributes_fuse_polygon_5_upper_first	attr	Bt	4dc06be6c2e63a0a948e14ee9f971bd9 17 f46062cd8bf5db882a
attributes_fuse_polygon_5_upper_first	attr	Bt	4dc06be6c2e63a0a948e14ee9f971bd9 21 994e0247682ab6ef2a
attributes_fuse_polygon_5_upper_first	attr	Bt	4dc06be6c2e63a0a948e14ee9f971bd9 25 8ef2ab7a5f7e679c
attributes_fuse_polygon_5_upper_first	attr	Bt	4dc06be6c2e63a0a948e14ee9f971bd9 29 618bbc7070f73cd2
attributes_fuse_polygon_5_upper_first	attr	Bt	4dc06be6c2e63a0a948e14ee9f971bd9 41 ecb78c882022d2662a
attributes_fuse_polygon_5_upper_first	attr	Bt	4dc06be6c2e63a0a948e14ee9f971bd9 45 ce691e413c4d76f72a
attributes_fuse_polygon_5_upper_first	attr	Bt	4dc06be6c2e63a0a948e14ee9f971bd9 5 8707c0e47bb35a94
attributes_fuse_polygon_5_upper_first	attr	Bt	5d0f439e25213c9bbf5484b970e35688 1 61cd5cd454007ae2
attributes_fuse_polygon_5_upper_first	attr	Bt	5d0f439e25213c9bbf5484b970e35688 17 3512e2221296ad132a
attributes_fuse_polygon_5_upper_first	attr	Bt	5d0f439e25213c9bbf5484b970e35688 21 8cc7c44e5f47af432a
attributes_fuse_polygon_5_upper_first	attr	Bt	5d0f439e25213c9bbf5484b970e35688 25 083f0c9c85e152b1
attributes_fuse_polygon_5_upper_first	attr	Bt	5d0f439e25213c9bbf5484b970e35688 29 a798791d23a3da0c
attributes_fuse_polygon_5_upper_first	attr	Bt	5d0f439e25213c9bbf5484b970e35688 41 cdd9c4a71f7375f62a
attributes_fuse_polygon_5_upper_first	attr	Bt	5d0f439e25213c9bbf5484b970e35688 45 3622b2da64e732542a
attributes_fuse_polygon_5_upper_first	attr	Bt	5d0f439e25213c9bbf5484b970e35688 5 2c6091fe3f075b2c
attributes_fuse_polygon_5_upper_first	attr	Bt	5d16b75331213c9bbf5484bbbbbb47f9 19 f5c0162775c8f79e2a
attributes_fuse_polygon_5_upper_first	attr	Bt	5d16b75331213c9bbf5484bbbbbb47f9 23 3e14b0e1170317452a
attributes_fuse_polygon_5_upper_first	attr	Bt	5d16b75331213c9bbf5484bbbbbb47f9 27 e89aa73dc88d1cf4
attributes_fuse_polygon_5_upper_first	attr	Bt	5d16b75331213c9bbf5484bbbbbb47f9 3 d95e24c78d602e32
attributes_fuse_polygon_5_upper_first	attr	Bt	5d16b75331213c9bbf5484bbbbbb47f9 31 5f9ae9c295440691
attributes_fuse_polygon_5_upper_first	attr	Bt	5d16b75331213c9bbf5484bbbbbb47f9 43 69002888d0acfe9b2a
attributes_fuse_polygon_5_upper_first	attr	Bt	5d16b75331213c9bbf5484bbbbbb47f9 47 3dc8f5cf0fdaea532a
attributes_fuse_polygon_5_upper_first	attr	Bt	5d16b75331213c9bbf5484bbbbbb47f9 7 a64b45dc9db4793d
attributes_fuse_polygon_5_upper_first	attr	Bt	5d1e2b083d213c9bbf5484be0693396a 1 4902dd8df2007ae2
attributes_fuse_polygon_5_upper_first	attr	Bt	5d1e2b083d213c9bbf5484be0693396a 17 4c0196d83496ad132a
attributes_fuse_polygon_5_upper_first	attr	Bt	5d1e2b083d213c9bbf5484be0693396a 21 75dc76c3fd47af432a
attributes_fuse_polygon_5_upper_first	attr	Bt	5d1e2b083d213c9bbf5484be0693396a 25 f154e26263e152b1
attributes_fuse_polygon_5_upper_first	attr	Bt	5d1e2b083d213c9bbf5484be0693396a 29 8ecdf9d6c1a3da0c
attributes_fuse_polygon_5_upper_first	attr	Bt	5d1e2b083d213c9bbf5484be0693396a 41 e4c51231817375f62a
attributes_fuse_polygon_5_upper_first	attr	Bt	5d1e2b083d213c9bbf5484be0693396a 45 4b3233fc86e732542a
attributes_fuse_polygon_5_upper_first	attr	Bt	5d1e2b083d213c9bbf5484be0693396a 5 139612b7dd075b2c
attributes_fuse_polygon_5_upper_first	attr	Bt	5d259ebd49213c9bbf5484c0516b2adb 19 dcf596e113c8f79e2a
attributes_fuse_polygon_5_upper_first	attr	Bt	5d259ebd49213c9bbf5484c0516b2adb 23 56de0beb390317452a
attributes_fuse_polygon_5_upper_first	attr	Bt	5d259ebd49213c9bbf5484c0516b2adb 27 01640296ea8d1cf4
attributes_fuse_polygon_5_upper_first	attr	Bt	5d259ebd49213c9bbf5484c0516b2adb 3 f04972a0ef602e32
attributes_fuse_polygon_5_upper_first	attr	Bt	5d259ebd49213c9bbf5484c0516b2adb 31 7686374cf7440691
attributes_fuse_polygon_5_upper_first	attr	Bt	5d259ebd49213c9bbf5484c0516b2adb 43 52104fe46eacfe9b2a
attributes_fuse_polygon_5_upper_first	attr	Bt	5d259ebd49213c9bbf5484c0516b2adb 47 26d91cdbaddaea532a
attributes_fuse_polygon_5_upper_first	attr	Bt	5d259ebd49213c9bbf5484c0516b2adb 7 bd356fc8bfb4793d
attributes_fuse_polygon_5_upper_first	attr	Bt	5d436d9179213c9bbf5484c97ccaf09f 19 0caa1b46d7c8f79e2a
attributes_fuse_polygon_5_upper_first	attr	Bt	5d436d9179213c9bbf5484c97ccaf09f 23 84b7e9ae0d0317452a
attributes_fuse_polygon_5_upper_first	attr	Bt	5d436d9179213c9bbf5484c97ccaf09f 27 d1aaf403568d1cf4
attributes_fuse_polygon_5_upper_first	attr	Bt	5d436d9179213c9bbf5484c97ccaf09f 3 1ffdf706c3602e32
attributes_fuse_polygon_5_upper_first	attr	Bt	5d436d9179213c9bbf5484c97ccaf09f 31 48ac59d833440691
attributes_fuse_polygon_5_upper_first	attr	Bt	5d436d9179213c9bbf5484c97ccaf09f 43 225bcb7f9aacfe9b2a
attributes_fuse_polygon_5_upper_first	attr	Bt	5d436d9179213c9bbf5484c97ccaf09f 47 56922e3381daea532a
attributes_fuse_polygon_5_upper_first	attr	Bt	5d436d9179213c9bbf5484c97ccaf09f 7 8f601f45ebb4793d
attributes_fuse_polygon_5_upper_first	attr	Bt	8179b05a0ae7f6070d4d5be4275610e8 1 558e6ee262973530
attributes_fuse_polygon_5_upper_first	attr	Bt	8179b05a0ae7f6070d4d5be4275610e8 17 90f898a4aa66f6702a
attributes_fuse_polygon_5_upper_first	attr	Bt	8179b05a0ae7f6070d4d5be4275610e8 21 53126a6e7b34a78b2a
attributes_fuse_polygon_5_upper_first	attr	Bt	8179b05a0ae7f6070d4d5be4275610e8 25 6e90d357a640bff2
attributes_fuse_polygon_5_upper_first	attr	Bt	8179b05a0ae7f6070d4d5be4275610e8 29 cf0e0efb609d4d61
attributes_fuse_polygon_5_upper_first	attr	Bt	8179b05a0ae7f6070d4d5be4275610e8 41 1c03dffdab1226872a
attributes_fuse_polygon_5_upper_first	attr	Bt	8179b05a0ae7f6070d4d5be4275610e8 45 71615dee347aee5d2a
attributes_fuse_polygon_5_upper_first	attr	Bt	8179b05a0ae7f6070d4d5be4275610e8 5 18a9a0cda00d2fe6
attributes_fuse_polygon_5_upper_first	attr	Bt	81977f2e3ae7f6070d4d5bed52b5d6ac 1 a8eadb7d02973530
attributes_fuse_polygon_5_upper_first	attr	Bt	81977f2e3ae7f6070d4d5bed52b5d6ac 17 450b5622ea66f6702a
attributes_fuse_polygon_5_upper_first	attr	Bt	81977f2e3ae7f6070d4d5bed52b5d6ac 21 8044a1bf5b34a78b2a
attributes_fuse_polygon_5_upper_first	attr	Bt	81977f2e3ae7f6070d4d5bed52b5d6ac 25 415f2e4cc640bff2
attributes_fuse_polygon_5_upper_first	attr	Bt	81977f2e3ae7f6070d4d5bed52b5d6ac 29 226a7b96009d4d61
attributes_fuse_polygon_5_upper_first	attr	Bt	81977f2e3ae7f6070d4d5bed52b5d6ac 41 eed1a8d3cb1226872a
attributes_fuse_polygon_5_upper_first	attr	Bt	81977f2e3ae7f6070d4d5bed52b5d6ac 45 c4bdcab1147aee5d2a
attributes_fuse_polygon_5_upper_first	attr	Bt	81977f2e3ae7f6070d4d5bed52b5d6ac 5 a693478d400d2fe6
attributes_fuse_polygon_5_upper_first	attr	Bt	819ef2e346e7f6070d4d5bef9d8dc81d 19 9339f1169448af8b2a
attributes_fuse_polygon_5_upper_first	attr	Bt	819ef2e346e7f6070d4d5bef9d8dc81d 23 49a79e89d7cda2872a
attributes_fuse_polygon_5_upper_first	attr	Bt	819ef2e346e7f6070d4d5bef9d8dc81d 27 13258b2588a2a0af
attributes_fuse_polygon_5_upper_first	attr	Bt	819ef2e346e7f6070d4d5bef9d8dc81d 3 a433741e8458d81d
attributes_fuse_polygon_5_upper_first	attr	Bt	819ef2e346e7f6070d4d5bef9d8dc81d 31 0f623e1d62b414f3
attributes_fuse_polygon_5_upper_first	attr	Bt	819ef2e346e7f6070d4d5bef9d8dc81d 43 2e0c18cba9dd497c2a
attributes_fuse_polygon_5_upper_first	attr	Bt	819ef2e346e7f6070d4d5bef9d8dc81d 47 9f697627db5e55552a
attributes_fuse_polygon_5_upper_first	attr	Bt	819ef2e346e7f6070d4d5bef9d8dc81d 7 e53df5e4d8112e1e
attributes_fuse_polygon_5_upper_first	attr	Bt	81a6669852e7f6070d4d5bf1e865b98e 1 7e2ecee72a973530
attributes_fuse_polygon_5_upper_first	attr	Bt	81a6669852e7f6070d4d5bf1e865b98e 17 6853ad86b266f6702a
attributes_fuse_polygon_5_upper_first	attr	Bt	81a6669852e7f6070d4d5bf1e865b98e 21 5762a9d46334a78b2a
attributes_fuse_polygon_5_upper_first	attr	Bt	81a6669852e7f6070d4d5bf1e865b98e 25 1881c37aee40bff2
attributes_fuse_polygon_5_upper_first	attr	Bt	81a6669852e7f6070d4d5bf1e865b98e 29 f7ae6f00289d4d61
attributes_fuse_polygon_5_upper_first	attr	Bt	81a6669852e7f6070d4d5bf1e865b98e 41 f35ef2b7e31226872a
attributes_fuse_polygon_5_upper_first	attr	Bt	81a6669852e7f6070d4d5bf1e865b98e 45 c94f9f390c7aee5d2a
attributes_fuse_polygon_5_upper_first	attr	Bt	81a6669852e7f6070d4d5bf1e865b98e 5 7db66c8b880d2fe6
attributes_fuse_polygon_5_upper_first	attr	Bt	81adda4d5ee7f6070d4d5bf4333daaff 19 687de480bc48af8b2a
attributes_fuse_polygon_5_upper_first	attr	Bt	81adda4d5ee7f6070d4d5bf4333daaff 23 93199c2d6fcda2872a
attributes_fuse_polygon_5_upper_first	attr	Bt	81adda4d5ee7f6070d4d5bf4333daaff 27 3c065f4a10a2a0af
attributes_fuse_polygon_5_upper_first	attr	Bt	81adda4d5ee7f6070d4d5bf4333daaff 3 c77bcba85c58d81d
attributes_fuse_polygon_5_upper_first	attr	Bt	81adda4d5ee7f6070d4d5bf4333daaff 31 58d3ac66fab414f3
attributes_fuse_polygon_5_upper_first	attr	Bt	81adda4d5ee7f6070d4d5bf4333daaff 43 0ac7b9eea1dd497c2a
attributes_fuse_polygon_5_upper_first	attr	Bt	81adda4d5ee7f6070d4d5bf4333daaff 47 768c9d75035e55552a
attributes_fuse_polygon_5_upper_first	attr	Bt	81adda4d5ee7f6070d4d5bf4333daaff 7 0ffa0253a0112e1e
attributes_fuse_polygon_5_upper_first	attr	Bt	9846d2c673b388de5f77443746c83684 20 3cc1c453c8511c1d2a
attributes_fuse_polygon_5_upper_first	attr	Bt	9846d2c673b388de5f77443746c83684 24 6b1c876f47a9a39f2a
attributes_fuse_polygon_5_upper_first	attr	Bt	9846d2c673b388de5f77443746c83684 28 12c928afd1227a28
attributes_fuse_polygon_5_upper_first	attr	Bt	9846d2c673b388de5f77443746c83684 32 bae109ac8390d025
attributes_fuse_polygon_5_upper_first	attr	Bt	9846d2c673b388de5f77443746c83684 4 4babc0b583de9697
attributes_fuse_polygon_5_upper_first	attr	Bt	9846d2c673b388de5f77443746c83684 44 aa19b162f4b3850e2a
attributes_fuse_polygon_5_upper_first	attr	Bt	9846d2c673b388de5f77443746c83684 48 2d90b06614e3c3722a
attributes_fuse_polygon_5_upper_first	attr	Bt	9846d2c673b388de5f77443746c83684 8 27494403ffb58e88
attributes_fuse_polygon_5_upper_first	attr	Bt	bda8e2c109b416d62fdf7c516adbb17f 19 c8da7ed56f04e47c2a
attributes_fuse_polygon_5_upper_first	attr	Bt	bda8e2c109b416d62fdf7c516adbb17f 23 bf3a18e92604f85f2a
attributes_fuse_polygon_5_upper_first	attr	Bt	bda8e2c109b416d62fdf7c516adbb17f 27 f3e1b304a604f84c
attributes_fuse_polygon_5_upper_first	attr	Bt	bda8e2c109b416d62fdf7c516adbb17f 3 c0aebc3062659a5e
attributes_fuse_polygon_5_upper_first	attr	Bt	bda8e2c109b416d62fdf7c516adbb17f 31 50ab25172104f1e9
attributes_fuse_polygon_5_upper_first	attr	Bt	bda8e2c109b416d62fdf7c516adbb17f 43 74de4a92f004d02e2a
attributes_fuse_polygon_5_upper_first	attr	Bt	bda8e2c109b416d62fdf7c516adbb17f 47 c2994cea7004d0442a
attributes_fuse_polygon_5_upper_first	attr	Bt	bda8e2c109b416d62fdf7c516adbb17f 7 de95307282659a48
attributes_fuse_polygon_5_upper_first	attr	Bt	d2262d523c9431e21c2717da7b539259 1 eb8c5d99991fb9a4
attributes_fuse_polygon_5_upper_first	attr	Bt	d2262d523c9431e21c2717da7b539259 17 3158a46ea88948902a
attributes_fuse_polygon_5_upper_first	attr	Bt	d2262d523c9431e21c2717da7b539259 21 bb99db459794fa822a
attributes_fuse_polygon_5_upper_first	attr	Bt	d2262d523c9431e21c2717da7b539259 25 623c825d44d9db6a
attributes_fuse_polygon_5_upper_first	attr	Bt	d2262d523c9431e21c2717da7b539259 29 1250e7c62ee9cb03
attributes_fuse_polygon_5_upper_first	attr	Bt	d2262d523c9431e21c2717da7b539259 41 153913eab05b396f2a
attributes_fuse_polygon_5_upper_first	attr	Bt	d2262d523c9431e21c2717da7b539259 45 056b06bbe7fb27ba2a
attributes_fuse_polygon_5_upper_first	attr	Bt	d2262d523c9431e21c2717da7b539259 5 e2d2a19cac1dd872
attributes_fuse_polygon_5_upper_first	attr	Bt	d23c8871609431e21c2717e15bdb66ac 19 d924151f10d2a1962a
attributes_fuse_polygon_5_upper_first	attr	Bt	d23c8871609431e21c2717e15bdb66ac 23 3f0a743c127ba66c2a
attributes_fuse_polygon_5_upper_first	attr	Bt	d23c8871609431e21c2717e15bdb66ac 27 382d8c98ab6d2569
attributes_fuse_polygon_5_upper_first	attr	Bt	d23c8871609431e21c2717e15bdb66ac 3 f3ea856b2224f568
attributes_fuse_polygon_5_upper_first	attr	Bt	d23c8871609431e21c2717e15bdb66ac 31 ab0403e7b364ab11
attributes_fuse_polygon_5_upper_first	attr	Bt	d23c8871609431e21c2717e15bdb66ac 43 63304750da1294722a
attributes_fuse_polygon_5_upper_first	attr	Bt	d23c8871609431e21c2717e15bdb66ac 47 d3712cbc0244e4c22a
attributes_fuse_polygon_5_upper_first	attr	Bt	d23c8871609431e21c2717e15bdb66ac 7 5302aa4e6e8c34a5
attributes_fuse_polygon_5_upper_first	attr	Bt	d243fc266c9431e21c2717e3a6b3581d 1 bf8d28eed51fb9a4
attributes_fuse_polygon_5_upper_first	attr	Bt	d243fc266c9431e21c2717e3a6b3581d 17 055dfaddd48948902a
attributes_fuse_polygon_5_upper_first	attr	Bt	d243fc266c9431e21c2717e3a6b3581d 21 8dc4889cd394fa822a
attributes_fuse_polygon_5_upper_first	attr	Bt	d243fc266c9431e21c2717e3a6b3581d 25 9011d50608d9db6a
attributes_fuse_polygon_5_upper_first	attr	Bt	d243fc266c9431e21c2717e3a6b3581d 29 e651b31b6ae9cb03
attributes_fuse_polygon_5_upper_first	attr	Bt	d243fc266c9431e21c2717e3a6b3581d 41 44f2231b745b396f2a
attributes_fuse_polygon_5_upper_first	attr	Bt	d243fc266c9431e21c2717e3a6b3581d 45 d9705cdc23fb27ba2a
attributes_fuse_polygon_5_upper_first	attr	Bt	d243fc266c9431e21c2717e3a6b3581d 5 12872602701dd872
attributes_fuse_polygon_5_upper_first	attr	Bt	d24b6fdb789431e21c2717e5f18b498e 19 c239eb32eed2a1962a
attributes_fuse_polygon_5_upper_first	attr	Bt	d24b6fdb789431e21c2717e5f18b498e 23 281a9b48b07ba66c2a
attributes_fuse_polygon_5_upper_first	attr	Bt	d24b6fdb789431e21c2717e5f18b498e 27 213db66a496d2569
attributes_fuse_polygon_5_upper_first	attr	Bt	d24b6fdb789431e21c2717e5f18b498e 3 dcfbd0b40024f568
attributes_fuse_polygon_5_upper_first	attr	Bt	d24b6fdb789431e21c2717e5f18b498e 31 c014a8a81564ab11
attributes_fuse_polygon_5_upper_first	attr	Bt	d24b6fdb789431e21c2717e5f18b498e 43 7a201d7f3c1294722a
attributes_fuse_polygon_5_upper_first	attr	Bt	d24b6fdb789431e21c2717e5f18b498e 47 ea5c7ae46444e4c22a
attributes_fuse_polygon_5_upper_first	attr	Bt	d24b6fdb789431e21c2717e5f18b498e 7 3a394ef54c8c34a5
attributes_fuse_polygon_5_upper_first	attr	Bt	d252e390849431e21c2717e83c633aff 1 d49dcdaf371fb9a4
attributes_fuse_polygon_5_upper_first	attr	Bt	d252e390849431e21c2717e83c633aff 17 1a6d7dd7f68948902a
attributes_fuse_polygon_5_upper_first	attr	Bt	d252e390849431e21c2717e83c633aff 21 a4afd3b13594fa822a
attributes_fuse_polygon_5_upper_first	attr	Bt	d252e390849431e21c2717e83c633aff 25 a8dc544c6ad9db6a
attributes_fuse_polygon_5_upper_first	attr	Bt	d252e390849431e21c2717e83c633aff 29 fb6257dbcce9cb03
attributes_fuse_polygon_5_upper_first	attr	Bt	d252e390849431e21c2717e83c633aff 41 2c27a3d5125b396f2a
attributes_fuse_polygon_5_upper_first	attr	Bt	d252e390849431e21c2717e83c633aff 45 c2808486c1fb27ba2a
attributes_fuse_polygon_5_upper_first	attr	Bt	d252e390849431e21c2717e83c633aff 5 2976fe57d21dd872
attributes_fuse_polygon_5_upper_first	attr	Bt	dd6e309d585fc4b96e50fd56ed5fbf08 18 5b67afd5aa90c6312a
attributes_fuse_polygon_5_upper_first	attr	Bt	dd6e309d585fc4b96e50fd56ed5fbf08 2 e2d321112f6b2e03
attributes_fuse_polygon_5_upper_first	attr	Bt	dd6e309d585fc4b96e50fd56ed5fbf08 22 4d681113575e6a262a
attributes_fuse_polygon_5_upper_first	attr	Bt	dd6e309d585fc4b96e50fd56ed5fbf08 26 90c2eeefe486183c
attributes_fuse_polygon_5_upper_first	attr	Bt	dd6e309d585fc4b96e50fd56ed5fbf08 30 e600a322a1e0cf70
attributes_fuse_polygon_5_upper_first	attr	Bt	dd6e309d585fc4b96e50fd56ed5fbf08 42 a39bc43ff4ad2a082a
attributes_fuse_polygon_5_upper_first	attr	Bt	dd6e309d585fc4b96e50fd56ed5fbf08 46 b25713ab28aec9612a
attributes_fuse_polygon_5_upper_first	attr	Bt	dd6e309d585fc4b96e50fd56ed5fbf08 6 358bacb89d996ab2
attributes_fuse_polygon_5_upper_first	attr	Bt	dd75a452645fc4b96e50fd593837b079 20 bfff55b9ebb142ff2a
attributes_fuse_polygon_5_upper_first	attr	Bt	dd75a452645fc4b96e50fd593837b079 24 531604613a4d8d9d2a
attributes_fuse_polygon_5_upper_first	attr	Bt	dd75a452645fc4b96e50fd593837b079 28 e29f31bce147032e
attributes_fuse_polygon_5_upper_first	attr	Bt	dd75a452645fc4b96e50fd593837b079 32 9e7045c5afd718ce
attributes_fuse_polygon_5_upper_first	attr	Bt	dd75a452645fc4b96e50fd593837b079 4 c3e98eca4bf41dd1
attributes_fuse_polygon_5_upper_first	attr	Bt	dd75a452645fc4b96e50fd593837b079 44 c0725573982a63252a
attributes_fuse_polygon_5_upper_first	attr	Bt	dd75a452645fc4b96e50fd593837b079 48 3e1d215baef763b02a
attributes_fuse_polygon_5_upper_first	attr	Bt	dd75a452645fc4b96e50fd593837b079 8 e48db6fbe37aec09
attributes_fuse_polygon_5_upper_first	attr	Bt	dd7d1807705fc4b96e50fd5b830fa1ea 18 2f97c2e4f890b93f2a
attributes_fuse_polygon_5_upper_first	attr	Bt	dd7d1807705fc4b96e50fd5b830fa1ea 2 830578b21d6b2112
attributes_fuse_polygon_5_upper_first	attr	Bt	dd7d1807705fc4b96e50fd5b830fa1ea 22 efb4d80da55e5be72a
attributes_fuse_polygon_5_upper_first	attr	Bt	dd7d1807705fc4b96e50fd5b830fa1ea 26 ef5ff97fd2860b50
attributes_fuse_polygon_5_upper_first	attr	Bt	dd7d1807705fc4b96e50fd5b830fa1ea 30 645485eb53e0dc5d
attributes_fuse_polygon_5_upper_first	attr	Bt	dd7d1807705fc4b96e50fd5b830fa1ea 42 51d5d8ab06ad36f52a
attributes_fuse_polygon_5_upper_first	attr	Bt	dd7d1807705fc4b96e50fd5b830fa1ea 46 8f115b103aaed6522a
attributes_fuse_polygon_5_upper_first	attr	Bt	dd7d1807705fc4b96e50fd5b830fa1ea 6 757356f7ab995dc5
attributes_fuse_polygon_5_upper_first	attr	Bt	dd848bbc7c5fc4b96e50fd5dcde7935b 20 bbfea360bdb14fec2a
attributes_fuse_polygon_5_upper_first	attr	Bt	dd848bbc7c5fc4b96e50fd5dcde7935b 24 b6e2f59c0c4d99372a
attributes_fuse_polygon_5_upper_first	attr	Bt	dd848bbc7c5fc4b96e50fd5dcde7935b 28 03f2f30e13471169
attributes_fuse_polygon_5_upper_first	attr	Bt	dd848bbc7c5fc4b96e50fd5dcde7935b 32 f5e518cafdd70d2f
attributes_fuse_polygon_5_upper_first	attr	Bt	dd848bbc7c5fc4b96e50fd5dcde7935b 4 49b1269efdf42abe
attributes_fuse_polygon_5_upper_first	attr	Bt	dd848bbc7c5fc4b96e50fd5dcde7935b 44 c47307a5662a56382a
attributes_fuse_polygon_5_upper_first	attr	Bt	dd848bbc7c5fc4b96e50fd5dcde7935b 48 1cc9600a7cf755752a
attributes_fuse_polygon_5_upper_first	attr	Bt	dd848bbc7c5fc4b96e50fd5dcde7935b 8 e08d04a2b57af8f6
attributes_fuse_polygon_5_upper_first	attr	Bt	dd9ae6dba05fc4b96e50fd64ae6f67ae 18 55327600f490d1cb2a
attributes_fuse_polygon_5_upper_first	attr	Bt	dd9ae6dba05fc4b96e50fd64ae6f67ae 2 061c54bdb16b05e5
attributes_fuse_polygon_5_upper_first	attr	Bt	dd9ae6dba05fc4b96e50fd64ae6f67ae 22 bac8998f795e42092a
attributes_fuse_polygon_5_upper_first	attr	Bt	dd9ae6dba05fc4b96e50fd64ae6f67ae 26 73bcd2803e86267c
attributes_fuse_polygon_5_upper_first	attr	Bt	dd9ae6dba05fc4b96e50fd64ae6f67ae 30 c4186d3c97e0c283
attributes_fuse_polygon_5_upper_first	attr	Bt	dd9ae6dba05fc4b96e50fd64ae6f67ae 42 51d953bc9aad1bc92a
attributes_fuse_polygon_5_upper_first	attr	Bt	dd9ae6dba05fc4b96e50fd64ae6f67ae 46 8f0ddffea6aef17e2a
attributes_fuse_polygon_5_upper_first	attr	Bt	dd9ae6dba05fc4b96e50fd64ae6f67ae 6 aa5f9575d79977a4
attributes_fuse_polygon_5_upper_first	attr	Bt	f01ec1e3c953edc7f46b4cf837b8084b 18 a9156defd5cba2642a
attributes_fuse_polygon_5_upper_first	attr	Bt	f01ec1e3c953edc7f46b4cf837b8084b 2 86bc70ca2bc84379
attributes_fuse_polygon_5_upper_first	attr	Bt	f01ec1e3c953edc7f46b4cf837b8084b 22 e55d6dbca97213b62a
attributes_fuse_polygon_5_upper_first	attr	Bt	f01ec1e3c953edc7f46b4cf837b8084b 26 35b8c16f57a56755
attributes_fuse_polygon_5_upper_first	attr	Bt	f01ec1e3c953edc7f46b4cf837b8084b 30 f4a47a9dd7f215bf
attributes_fuse_polygon_5_upper_first	attr	Bt	f01ec1e3c953edc7f46b4cf837b8084b 42 de4144fb867253cb2a
attributes_fuse_polygon_5_upper_first	attr	Bt	f01ec1e3c953edc7f46b4cf837b8084b 46 6bf9b368ba2e11052a
attributes_fuse_polygon_5_upper_first	attr	Bt	f01ec1e3c953edc7f46b4cf837b8084b 6 fd03a29a6fedcb8d
attributes_fuse_polygon_5_upper_first	attr	Bt	f0263598d553edc7f46b4cfa828ff9bc 20 9ae04ab0d990690d2a
attributes_fuse_polygon_5_upper_first	attr	Bt	f0263598d553edc7f46b4cfa828ff9bc 24 b553b59ca221911c2a
attributes_fuse_polygon_5_upper_first	attr	Bt	f0263598d553edc7f46b4cfa828ff9bc 28 aada950f0ab9854a
attributes_fuse_polygon_5_upper_first	attr	Bt	f0263598d553edc7f46b4cfa828ff9bc 32 df6b18facda338f7
attributes_fuse_polygon_5_upper_first	attr	Bt	f0263598d553edc7f46b4cfa828ff9bc 4 25b291b18d1517a9
attributes_fuse_polygon_5_upper_first	attr	Bt	f0263598d553edc7f46b4cfa828ff9bc 44 a6959e985de070772a
attributes_fuse_polygon_5_upper_first	attr	Bt	f0263598d553edc7f46b4cfa828ff9bc 48 b548fb5a5372902a2a
attributes_fuse_polygon_5_upper_first	attr	Bt	f0263598d553edc7f46b4cfa828ff9bc 8 5cf24697c810a4ea
attributes_fuse_polygon_5_upper_first	attr	Bt	f02da94de153edc7f46b4cfccd67eb2d 18 baaa58936dcba25b2a
attributes_fuse_polygon_5_upper_first	attr	Bt	f02da94de153edc7f46b4cfccd67eb2d 2 b86549107bc84399
attributes_fuse_polygon_5_upper_first	attr	Bt	f02da94de153edc7f46b4cfccd67eb2d 22 85c64f58597213d72a
attributes_fuse_polygon_5_upper_first	attr	Bt	f02da94de153edc7f46b4cfccd67eb2d 26 773ff32cb7a5674a
attributes_fuse_polygon_5_upper_first	attr	Bt	f02da94de153edc7f46b4cfccd67eb2d 30 b4290e7bbff215c9
attributes_fuse_polygon_5_upper_first	attr	Bt	f02da94de153edc7f46b4cfccd67eb2d 42 95465e31267253d72a
attributes_fuse_polygon_5_upper_first	attr	Bt	f02da94de153edc7f46b4cfccd67eb2d 46 5f5edbafaa2e10e42a
attributes_fuse_polygon_5_upper_first	attr	Bt	f02da94de153edc7f46b4cfccd67eb2d 6 43084a26afedcb83
attributes_fuse_polygon_5_upper_first	attr	Bt	f0351d02ed53edc7f46b4cff183fdc9e 20 4068a644b99069172a
attributes_fuse_polygon_5_upper_first	attr	Bt	f0351d02ed53edc7f46b4cff183fdc9e 24 3cbcef10f22191252a
attributes_fuse_polygon_5_upper_first	attr	Bt	f0351d02ed53edc7f46b4cff183fdc9e 28 4f7761612ab98556
attributes_fuse_polygon_5_upper_first	attr	Bt	f0351d02ed53edc7f46b4cff183fdc9e 32 c63a2cd635a338ee
attributes_fuse_polygon_5_upper_first	attr	Bt	f0351d02ed53edc7f46b4cff183fdc9e 4 33f3086f1d1517b4
attributes_fuse_polygon_5_upper_first	attr	Bt	f0351d02ed53edc7f46b4cff183fdc9e 44 985527dacde0706d2a
attributes_fuse_polygon_5_upper_first	attr	Bt	f0351d02ed53edc7f46b4cff183fdc9e 48 10ac2f083372901e2a
attributes_fuse_polygon_5_upper_first	attr	Bt	f0351d02ed53edc7f46b4cff183fdc9e 8 027aa22ba810a4f4
attributes_fuse_polygon_5_upper_first	attr	Bt	f03c90b7f953edc7f46b4d016317ce0f 18 f30edce38dcba2502a
attributes_fuse_polygon_5_upper_first	attr	Bt	f03c90b7f953edc7f46b4d016317ce0f 2 f0504cd1c3c8438f
attributes_fuse_polygon_5_upper_first	attr	Bt	f03c90b7f953edc7f46b4d016317ce0f 22 4ee774d3417213cb2a
attributes_fuse_polygon_5_upper_first	attr	Bt	f03c90b7f953edc7f46b4d016317ce0f 26 cc24e567bfa5673f
attributes_fuse_polygon_5_upper_first	attr	Bt	f03c90b7f953edc7f46b4d016317ce0f 30 4014f17a4ff215d4
attributes_fuse_polygon_5_upper_first	attr	Bt	f03c90b7f953edc7f46b4d016317ce0f 42 b17c8aac9e7253e12a
attributes_fuse_polygon_5_upper_first	attr	Bt	f03c90b7f953edc7f46b4d016317ce0f 46 98be6db7a22e10ef2a
attributes_fuse_polygon_5_upper_first	attr	Bt	f03c90b7f953edc7f46b4d016317ce0f 6 93799b83d7edcb78
attributes_fuse_polygon_5_upper_first	attr	F	2958f71aa862bed0ba8b2c50803f2850 1 ce375c88c29a5306
attributes_fuse_polygon_5_upper_first	attr	F	2958f71aa862bed0ba8b2c50803f2850 17 5725196a2fbf55792a
attributes_fuse_polygon_5_upper_first	attr	F	2958f71aa862bed0ba8b2c50803f2850 21 2509fbb647bd3b872a
attributes_fuse_polygon_5_upper_first	attr	F	2958f71aa862bed0ba8b2c50803f2850 25 f23ca2b3cde6d6bd
attributes_fuse_polygon_5_upper_first	attr	F	2958f71aa862bed0ba8b2c50803f2850 29 47b6fca1c0a06b37
attributes_fuse_polygon_5_upper_first	attr	F	2958f71aa862bed0ba8b2c50803f2850 41 26232a7dcf596f412a
attributes_fuse_polygon_5_upper_first	attr	F	2958f71aa862bed0ba8b2c50803f2850 45 2403fc4fdb2a11aa2a
attributes_fuse_polygon_5_upper_first	attr	F	2958f71aa862bed0ba8b2c50803f2850 5 447764a13d0b9c83
attributes_fuse_polygon_5_upper_first	attr	F	29606acfb462bed0ba8b2c52cb1719c1 19 b691071e35291a412a
attributes_fuse_polygon_5_upper_first	attr	F	29606acfb462bed0ba8b2c52cb1719c1 23 f4c1eccf597cc5d42a
attributes_fuse_polygon_5_upper_first	attr	F	29606acfb462bed0ba8b2c52cb1719c1 27 ceb281dde4c9795e
attributes_fuse_polygon_5_upper_first	attr	F	29606acfb462bed0ba8b2c52cb1719c1 3 9e70f3609813b4b6
attributes_fuse_polygon_5_upper_first	attr	F	29606acfb462bed0ba8b2c52cb1719c1 31 a8e45feed2c4f6f4
attributes_fuse_polygon_5_upper_first	attr	F	29606acfb462bed0ba8b2c52cb1719c1 43 4e8d6ccd1c8362e82a
attributes_fuse_polygon_5_upper_first	attr	F	29606acfb462bed0ba8b2c52cb1719c1 47 e4018cd301ff790b2a
attributes_fuse_polygon_5_upper_first	attr	F	29606acfb462bed0ba8b2c52cb1719c1 7 510c5820a6614ec8
attributes_fuse_polygon_5_upper_first	attr	F	2967de84c062bed0ba8b2c5515ef0b32 1 1cb5a30c849a5306
attributes_fuse_polygon_5_upper_first	attr	F	2967de84c062bed0ba8b2c5515ef0b32 17 9d78461e61bf55792a
attributes_fuse_polygon_5_upper_first	attr	F	2967de84c062bed0ba8b2c5515ef0b32 21 d751cc49e9bd3b872a
attributes_fuse_polygon_5_upper_first	attr	F	2967de84c062bed0ba8b2c5515ef0b32 25 8064e8bd8fe6d6bd
attributes_fuse_polygon_5_upper_first	attr	F	2967de84c062bed0ba8b2c5515ef0b32 29 9635432582a06b37
attributes_fuse_polygon_5_upper_first	attr	F	2967de84c062bed0ba8b2c5515ef0b32 41 9082a2270d596f412a
attributes_fuse_polygon_5_upper_first	attr	F	2967de84c062bed0ba8b2c5515ef0b32 45 fb847487392a11aa2a
attributes_fuse_polygon_5_upper_first	attr	F	2967de84c062bed0ba8b2c5515ef0b32 5 6cf6ec69df0b9c83
attributes_fuse_polygon_5_upper_first	attr	F	296f5239cc62bed0ba8b2c5760c6fca3 19 03599c4973291a412a
attributes_fuse_polygon_5_upper_first	attr	F	296f5239cc62bed0ba8b2c5760c6fca3 23 cc0480d1e77cc5d42a
attributes_fuse_polygon_5_upper_first	attr	F	296f5239cc62bed0ba8b2c5760c6fca3 27 a580204392c9795e
attributes_fuse_polygon_5_upper_first	attr	F	296f5239cc62bed0ba8b2c5760c6fca3 3 75b4ab508613b4b6
attributes_fuse_polygon_5_upper_first	attr	F	296f5239cc62bed0ba8b2c5760c6fca3 31 efea642694c4f6f4
attributes_fuse_polygon_5_upper_first	attr	F	296f5239cc62bed0ba8b2c5760c6fca3 43 77bfce676e8362e82a
attributes_fuse_polygon_5_upper_first	attr	F	296f5239cc62bed0ba8b2c5760c6fca3 47 9687419c73ff790b2a
attributes_fuse_polygon_5_upper_first	attr	F	296f5239cc62bed0ba8b2c5760c6fca3 7 bc994dc8b4614ec8
attributes_fuse_polygon_5_upper_first	attr	F	2976c5eed862bed0ba8b2c59ab9eee14 1 9c01d747969a5306
attributes_fuse_polygon_5_upper_first	attr	F	2976c5eed862bed0ba8b2c59ab9eee14 17 ae3e5c3e13bf55792a
attributes_fuse_polygon_5_upper_first	attr	F	2976c5eed862bed0ba8b2c59ab9eee14 21 e7de8bebfbbd3b872a
attributes_fuse_polygon_5_upper_first	attr	F	2976c5eed862bed0ba8b2c59ab9eee14 25 2f68127e19e6d6bd
attributes_fuse_polygon_5_upper_first	attr	F	2976c5eed862bed0ba8b2c59ab9eee14 29 1581776094a06b37
attributes_fuse_polygon_5_upper_first	attr	F	2976c5eed862bed0ba8b2c59ab9eee14 41 11366d9dfb596f412a
attributes_fuse_polygon_5_upper_first	attr	F	2976c5eed862bed0ba8b2c59ab9eee14 45 7b96bfdaaf2a11aa2a
attributes_fuse_polygon_5_upper_first	attr	F	2976c5eed862bed0ba8b2c59ab9eee14 5 a5c25ef5690b9c83
attributes_fuse_polygon_5_upper_first	attr	F	5d0f439e25213c9bbf5484b970e35688 1 61cd5cd454007ae2
attributes_fuse_polygon_5_upper_first	attr	F	5d0f439e25213c9bbf5484b970e35688 17 3512e2221296ad132a
attributes_fuse_polygon_5_upper_first	attr	F	5d0f439e25213c9bbf5484b970e35688 21 8cc7c44e5f47af432a
attributes_fuse_polygon_5_upper_first	attr	F	5d0f439e25213c9bbf5484b970e35688 25 083f0c9c85e152b1
attributes_fuse_polygon_5_upper_first	attr	F	5d0f439e25213c9bbf5484b970e35688 29 a798791d23a3da0c
attributes_fuse_polygon_5_upper_first	attr	F	5d0f439e25213c9bbf5484b970e35688 41 cdd9c4a71f7375f62a
attributes_fuse_polygon_5_upper_first	attr	F	5d0f439e25213c9bbf5484b970e35688 45 3622b2da64e732542a
attributes_fuse_polygon_5_upper_first	attr	F	5d0f439e25213c9bbf5484b970e35688 5 2c6091fe3f075b2c
attributes_fuse_polygon_5_upper_first	attr	F	5d16b75331213c9bbf5484bbbbbb47f9 19 f5c0162775c8f79e2a
attributes_fuse_polygon_5_upper_first	attr	F	5d16b75331213c9bbf5484bbbbbb47f9 23 3e14b0e1170317452a
attributes_fuse_polygon_5_upper_first	attr	F	5d16b75331213c9bbf5484bbbbbb47f9 27 e89aa73dc88d1cf4
attributes_fuse_polygon_5_upper_first	attr	F	5d16b75331213c9bbf5484bbbbbb47f9 3 d95e24c78d602e32
attributes_fuse_polygon_5_upper_first	attr	F	5d16b75331213c9bbf5484bbbbbb47f9 31 5f9ae9c295440691
attributes_fuse_polygon_5_upper_first	attr	F	5d16b75331213c9bbf5484bbbbbb47f9 43 69002888d0acfe9b2a
attributes_fuse_polygon_5_upper_first	attr	F	5d16b75331213c9bbf5484bbbbbb47f9 47 3dc8f5cf0fdaea532a
attributes_fuse_polygon_5_upper_first	attr	F	5d16b75331213c9bbf5484bbbbbb47f9 7 a64b45dc9db4793d
attributes_fuse_polygon_5_upper_first	attr	F	5d1e2b083d213c9bbf5484be0693396a 1 4902dd8df2007ae2
attributes_fuse_polygon_5_upper_first	attr	F	5d1e2b083d213c9bbf5484be0693396a 17 4c0196d83496ad132a
attributes_fuse_polygon_5_upper_first	attr	F	5d1e2b083d213c9bbf5484be0693396a 21 75dc76c3fd47af432a
attributes_fuse_polygon_5_upper_first	attr	F	5d1e2b083d213c9bbf5484be0693396a 25 f154e26263e152b1
attributes_fuse_polygon_5_upper_first	attr	F	5d1e2b083d213c9bbf5484be0693396a 29 8ecdf9d6c1a3da0c
attributes_fuse_polygon_5_upper_first	attr	F	5d1e2b083d213c9bbf5484be0693396a 41 e4c51231817375f62a
attributes_fuse_polygon_5_upper_first	attr	F	5d1e2b083d213c9bbf5484be0693396a 45 4b3233fc86e732542a
attributes_fuse_polygon_5_upper_first	attr	F	5d1e2b083d213c9bbf5484be0693396a 5 139612b7dd075b2c
attributes_fuse_polygon_5_upper_first	attr	F	5d259ebd49213c9bbf5484c0516b2adb 19 dcf596e113c8f79e2a
attributes_fuse_polygon_5_upper_first	attr	F	5d259ebd49213c9bbf5484c0516b2adb 23 56de0beb390317452a
attributes_fuse_polygon_5_upper_first	attr	F	5d259ebd49213c9bbf5484c0516b2adb 27 01640296ea8d1cf4
attributes_fuse_polygon_5_upper_first	attr	F	5d259ebd49213c9bbf5484c0516b2adb 3 f04972a0ef602e32
attributes_fuse_polygon_5_upper_first	attr	F	5d259ebd49213c9bbf5484c0516b2adb 31 7686374cf7440691
attributes_fuse_polygon_5_upper_first	attr	F	5d259ebd49213c9bbf5484c0516b2adb 43 52104fe46eacfe9b2a
attributes_fuse_polygon_5_upper_first	attr	F	5d259ebd49213c9bbf5484c0516b2adb 47 26d91cdbaddaea532a
attributes_fuse_polygon_5_upper_first	attr	F	5d259ebd49213c9bbf5484c0516b2adb 7 bd356fc8bfb4793d
attributes_fuse_polygon_5_upper_first	attr	F	5d436d9179213c9bbf5484c97ccaf09f 19 0caa1b46d7c8f79e2a
attributes_fuse_polygon_5_upper_first	attr	F	5d436d9179213c9bbf5484c97ccaf09f 23 84b7e9ae0d0317452a
attributes_fuse_polygon_5_upper_first	attr	F	5d436d9179213c9bbf5484c97ccaf09f 27 d1aaf403568d1cf4
attributes_fuse_polygon_5_upper_first	attr	F	5d436d9179213c9bbf5484c97ccaf09f 3 1ffdf706c3602e32
attributes_fuse_polygon_5_upper_first	attr	F	5d436d9179213c9bbf5484c97ccaf09f 31 48ac59d833440691
attributes_fuse_polygon_5_upper_first	attr	F	5d436d9179213c9bbf5484c97ccaf09f 43 225bcb7f9aacfe9b2a
attributes_fuse_polygon_5_upper_first	attr	F	5d436d9179213c9bbf5484c97ccaf09f 47 56922e3381daea532a
attributes_fuse_polygon_5_upper_first	attr	F	5d436d9179213c9bbf5484c97ccaf09f 7 8f601f45ebb4793d
attributes_fuse_polygon_5_upper_first	attr	F	749654a4de057d82e5c5cda30eaff6ff 20 9c5f78c8b5f9c2302a
attributes_fuse_polygon_5_upper_first	attr	F	749654a4de057d82e5c5cda30eaff6ff 24 ffe957df46bc8ffb2a
attributes_fuse_polygon_5_upper_first	attr	F	749654a4de057d82e5c5cda30eaff6ff 28 f89acb378c468d0e
attributes_fuse_polygon_5_upper_first	attr	F	749654a4de057d82e5c5cda30eaff6ff 32 d5f31ccc26353b20
attributes_fuse_polygon_5_upper_first	attr	F	749654a4de057d82e5c5cda30eaff6ff 4 b37346deddaf2e7b
attributes_fuse_polygon_5_upper_first	attr	F	749654a4de057d82e5c5cda30eaff6ff 44 9c84f0e615702a8f2a
attributes_fuse_polygon_5_upper_first	attr	F	749654a4de057d82e5c5cda30eaff6ff 48 3d127e586095367c2a
attributes_fuse_polygon_5_upper_first	attr	F	749654a4de057d82e5c5cda30eaff6ff 8 79734ceda9fa2721
attributes_fuse_polygon_5_upper_first	attr	F	9290183182ada398e599a736fa57aaaa 19 eac4dba7e27001312a
attributes_fuse_polygon_5_upper_first	attr	F	9290183182ada398e599a736fa57aaaa 23 3affc1414406fccc2a
attributes_fuse_polygon_5_upper_first	attr	F	9290183182ada398e599a736fa57aaaa 27 967f3cb75e1bb829
attributes_fuse_polygon_5_upper_first	attr	F	9290183182ada398e599a736fa57aaaa 3 996da93dab51ec48
attributes_fuse_polygon_5_upper_first	attr	F	9290183182ada398e599a736fa57aaaa 31 3f2e6c691695c75d
attributes_fuse_polygon_5_upper_first	attr	F	9290183182ada398e599a736fa57aaaa 43 0c378959a7496c822a
attributes_fuse_polygon_5_upper_first	attr	F	9290183182ada398e599a736fa57aaaa 47 35c18f673d1300022a
attributes_fuse_polygon_5_upper_first	attr	F	9290183182ada398e599a736fa57aaaa 7 aca9d8e73323bf23
attributes_fuse_polygon_5_upper_first	attr	F	929eff9b9aada398e599a73b90078d8c 19 da381ecad07001312a
attributes_fuse_polygon_5_upper_first	attr	F	929eff9b9aada398e599a73b90078d8c 23 738d4fe70e06fccb2a
attributes_fuse_polygon_5_upper_first	attr	F	929eff9b9aada398e599a73b90078d8c 27 1609554e301bb829
attributes_fuse_polygon_5_upper_first	attr	F	929eff9b9aada398e599a73b90078d8c 3 492288bb9551ec48
attributes_fuse_polygon_5_upper_first	attr	F	929eff9b9aada398e599a73b90078d8c 31 be7aa0a42895c75d
attributes_fuse_polygon_5_upper_first	attr	F	929eff9b9aada398e599a73b90078d8c 43 d2ba6111bd496c822a
attributes_fuse_polygon_5_upper_first	attr	F	929eff9b9aada398e599a73b90078d8c 47 4a0736e5cb1300022a
attributes_fuse_polygon_5_upper_first	attr	F	929eff9b9aada398e599a73b90078d8c 7 bd6fef06e523bf23
attributes_fuse_polygon_5_upper_first	attr	F	92a67350a6ada398e599a73ddadf7efd 1 95d2659f8b0e7298
attributes_fuse_polygon_5_upper_first	attr	F	92a67350a6ada398e599a73ddadf7efd 17 174bb407b4b13c992a
attributes_fuse_polygon_5_upper_first	attr	F	92a67350a6ada398e599a73ddadf7efd 21 e24b5066fcca28522a
attributes_fuse_polygon_5_upper_first	attr	F	92a67350a6ada398e599a73ddadf7efd 25 a5dfb5bc30ac2f7d
attributes_fuse_polygon_5_upper_first	attr	F	92a67350a6ada398e599a73ddadf7efd 29 d3c069b89c8e36bb
attributes_fuse_polygon_5_upper_first	attr	F	92a67350a6ada398e599a73ddadf7efd 41 3035114f7455692f2a
attributes_fuse_polygon_5_upper_first	attr	F	92a67350a6ada398e599a73ddadf7efd 45 1b3ddb6c0c434d362a
attributes_fuse_polygon_5_upper_first	attr	F	92a67350a6ada398e599a73ddadf7efd 5 9a7ebd842739f033
attributes_fuse_polygon_5_upper_first	attr	F	92ade705b2ada398e599a74025b7706e 19 4c0fd5fc0e7001312a
attributes_fuse_polygon_5_upper_first	attr	F	92ade705b2ada398e599a74025b7706e 23 087afe934006fccc2a
attributes_fuse_polygon_5_upper_first	attr	F	92ade705b2ada398e599a74025b7706e 27 aa7c5fa6221bb829
attributes_fuse_polygon_5_upper_first	attr	F	92ade705b2ada398e599a74025b7706e 3 fba71c0ca751ec48
attributes_fuse_polygon_5_upper_first	attr	F	92ade705b2ada398e599a74025b7706e 31 70c273adca95c75d
attributes_fuse_polygon_5_upper_first	attr	F	92ade705b2ada398e599a74025b7706e 43 aa730e9d8b496c822a
attributes_fuse_polygon_5_upper_first	attr	F	92ade705b2ada398e599a74025b7706e 47 2149cae8591300022a
attributes_fuse_polygon_5_upper_first	attr	F	92ade705b2ada398e599a74025b7706e 7 706a996c3723bf23
attributes_fuse_polygon_5_upper_first	attr	F	92b55ababeada398e599a742708f61df 1 07aa1cd0c90e7298
attributes_fuse_polygon_5_upper_first	attr	F	92b55ababeada398e599a742708f61df 17 407e15a206b13c992a
attributes_fuse_polygon_5_upper_first	attr	F	92b55ababeada398e599a742708f61df 21 2ffef2925aca28522a
attributes_fuse_polygon_5_upper_first	attr	F	92b55ababeada398e599a742708f61df 25 f3935a5d8eac2f7d
attributes_fuse_polygon_5_upper_first	attr	F	92b55ababeada398e599a742708f61df 29 459820e9da8e36bb
attributes_fuse_polygon_5_upper_first	attr	F	92b55ababeada398e599a742708f61df 41 e2816f241655692f2a
attributes_fuse_polygon_5_upper_first	attr	F	92b55ababeada398e599a742708f61df 45 6158d2a4ae434d372a
attributes_fuse_polygon_5_upper_first	attr	F	92b55ababeada398e599a742708f61df 5 0c56777a6539f033
attributes_fuse_polygon_5_upper_first	attr	F	9846d2c673b388de5f77443746c83684 20 3cc1c453c8511c1d2a
attributes_fuse_polygon_5_upper_first	attr	F	9846d2c673b388de5f77443746c83684 24 6b1c876f47a9a39f2a
attributes_fuse_polygon_5_upper_first	attr	F	9846d2c673b388de5f77443746c83684 28 12c928afd1227a28
attributes_fuse_polygon_5_upper_first	attr	F	9846d2c673b388de5f77443746c83684 32 bae109ac8390d025
attributes_fuse_polygon_5_upper_first	attr	F	9846d2c673b388de5f77443746c83684 4 4babc0b583de9697
attributes_fuse_polygon_5_upper_first	attr	F	9846d2c673b388de5f77443746c83684 44 aa19b162f4b3850e2a
attributes_fuse_polygon_5_upper_first	attr	F	9846d2c673b388de5f77443746c83684 48 2d90b06614e3c3722a
attributes_fuse_polygon_5_upper_first	attr	F	9846d2c673b388de5f77443746c83684 8 27494403ffb58e88
attributes_fuse_polygon_5_upper_first	attr	F	d2262d523c9431e21c2717da7b539259 1 eb8c5d99991fb9a4
attributes_fuse_polygon_5_upper_first	attr	F	d2262d523c9431e21c2717da7b539259 17 3158a46ea88948902a
attributes_fuse_polygon_5_upper_first	attr	F	d2262d523c9431e21c2717da7b539259 21 bb99db459794fa822a
attributes_fuse_polygon_5_upper_first	attr	F	d2262d523c9431e21c2717da7b539259 25 623c825d44d9db6a
attributes_fuse_polygon_5_upper_first	attr	F	d2262d523c9431e21c2717da7b539259 29 1250e7c62ee9cb03
attributes_fuse_polygon_5_upper_first	attr	F	d2262d523c9431e21c2717da7b539259 41 153913eab05b396f2a
attributes_fuse_polygon_5_upper_first	attr	F	d2262d523c9431e21c2717da7b539259 45 056b06bbe7fb27ba2a
attributes_fuse_polygon_5_upper_first	attr	F	d2262d523c9431e21c2717da7b539259 5 e2d2a19cac1dd872
attributes_fuse_polygon_5_upper_first	attr	F	d23c8871609431e21c2717e15bdb66ac 19 d924151f10d2a1962a
attributes_fuse_polygon_5_upper_first	attr	F	d23c8871609431e21c2717e15bdb66ac 23 3f0a743c127ba66c2a
attributes_fuse_polygon_5_upper_first	attr	F	d23c8871609431e21c2717e15bdb66ac 27 382d8c98ab6d2569
attributes_fuse_polygon_5_upper_first	attr	F	d23c8871609431e21c2717e15bdb66ac 3 f3ea856b2224f568
attributes_fuse_polygon_5_upper_first	attr	F	d23c8871609431e21c2717e15bdb66ac 31 ab0403e7b364ab11
attributes_fuse_polygon_5_upper_first	attr	F	d23c8871609431e21c2717e15bdb66ac 43 63304750da1294722a
attributes_fuse_polygon_5_upper_first	attr	F	d23c8871609431e21c2717e15bdb66ac 47 d3712cbc0244e4c22a
attributes_fuse_polygon_5_upper_first	attr	F	d23c8871609431e21c2717e15bdb66ac 7 5302aa4e6e8c34a5
attributes_fuse_polygon_5_upper_first	attr	F	d243fc266c9431e21c2717e3a6b3581d 1 bf8d28eed51fb9a4
attributes_fuse_polygon_5_upper_first	attr	F	d243fc266c9431e21c2717e3a6b3581d 17 055dfaddd48948902a
attributes_fuse_polygon_5_upper_first	attr	F	d243fc266c9431e21c2717e3a6b3581d 21 8dc4889cd394fa822a
attributes_fuse_polygon_5_upper_first	attr	F	d243fc266c9431e21c2717e3a6b3581d 25 9011d50608d9db6a
attributes_fuse_polygon_5_upper_first	attr	F	d243fc266c9431e21c2717e3a6b3581d 29 e651b31b6ae9cb03
attributes_fuse_polygon_5_upper_first	attr	F	d243fc266c9431e21c2717e3a6b3581d 41 44f2231b745b396f2a
attributes_fuse_polygon_5_upper_first	attr	F	d243fc266c9431e21c2717e3a6b3581d 45 d9705cdc23fb27ba2a
attributes_fuse_polygon_5_upper_first	attr	F	d243fc266c9431e21c2717e3a6b3581d 5 12872602701dd872
attributes_fuse_polygon_5_upper_first	attr	F	d24b6fdb789431e21c2717e5f18b498e 19 c239eb32eed2a1962a
attributes_fuse_polygon_5_upper_first	attr	F	d24b6fdb789431e21c2717e5f18b498e 23 281a9b48b07ba66c2a
attributes_fuse_polygon_5_upper_first	attr	F	d24b6fdb789431e21c2717e5f18b498e 27 213db66a496d2569
attributes_fuse_polygon_5_upper_first	attr	F	d24b6fdb789431e21c2717e5f18b498e 3 dcfbd0b40024f568
attributes_fuse_polygon_5_upper_first	attr	F	d24b6fdb789431e21c2717e5f18b498e 31 c014a8a81564ab11
attributes_fuse_polygon_5_upper_first	attr	F	d24b6fdb789431e21c2717e5f18b498e 43 7a201d7f3c1294722a
attributes_fuse_polygon_5_upper_first	attr	F	d24b6fdb789431e21c2717e5f18b498e 47 ea5c7ae46444e4c22a
attributes_fuse_polygon_5_upper_first	attr	F	d24b6fdb789431e21c2717e5f18b498e 7 3a394ef54c8c34a5
attributes_fuse_polygon_5_upper_first	attr	F	d252e390849431e21c2717e83c633aff 1 d49dcdaf371fb9a4
attributes_fuse_polygon_5_upper_first	attr	F	d252e390849431e21c2717e83c633aff 17 1a6d7dd7f68948902a
attributes_fuse_polygon_5_upper_first	attr	F	d252e390849431e21c2717e83c633aff 21 a4afd3b13594fa822a
attributes_fuse_polygon_5_upper_first	attr	F	d252e390849431e21c2717e83c633aff 25 a8dc544c6ad9db6a
attributes_fuse_polygon_5_upper_first	attr	F	d252e390849431e21c2717e83c633aff 29 fb6257dbcce9cb03
attributes_fuse_polygon_5_upper_first	attr	F	d252e390849431e21c2717e83c633aff 41 2c27a3d5125b396f2a
attributes_fuse_polygon_5_upper_first	attr	F	d252e390849431e21c2717e83c633aff 45 c2808486c1fb27ba2a
attributes_fuse_polygon_5_upper_first	attr	F	d252e390849431e21c2717e83c633aff 5 2976fe57d21dd872
attributes_fuse_decreasing	digest	2925	3e313180eabd9f674db659c51f5f13d3
attributes_fuse_circle	digest	390	81f0fcc75d77abc7c4213443d635d3d3
attributes_fuse_holes_3_labelled	digest	5070	eb3ab803b210bde8921149e072e99a0f
attributes_fuse_transformed	digest	2145	405dc6007282460c2c36f0abfd4e2d9a
attributes_split_then_fuse_upper_first	digest	4238	ff0feac5528f67bbbb678f7c2522fcbb
