file	Axis_of_bearing.brep	-
solid	Axis_of_bearing.brep	52	representable	10	19	11	11	1	1
solid	Axis_of_bearing.brep	115	representable	12	22	14	12	1	1
solid	Axis_of_bearing.brep	125	representable	2	3	1	1	1	1
solid	Axis_of_bearing.brep	134	representable	2	3	1	1	1	1
solid	Axis_of_bearing.brep	143	representable	2	3	1	1	1	1
solid	Axis_of_bearing.brep	152	representable	2	3	1	1	1	1
solid	Axis_of_bearing.brep	161	representable	2	3	1	1	1	1
solid	Axis_of_bearing.brep	170	representable	2	3	1	1	1	1
solid	Axis_of_bearing.brep	179	representable	2	3	1	1	1	1
solid	Axis_of_bearing.brep	188	representable	2	3	1	1	1	1
solid	Axis_of_bearing.brep	197	representable	2	3	1	1	1	1
solid	Axis_of_bearing.brep	206	representable	2	3	1	1	1	1
solid	Axis_of_bearing.brep	215	representable	2	3	1	1	1	1
solid	Axis_of_bearing.brep	224	representable	2	3	1	1	1	1
solid	Axis_of_bearing.brep	225	unsupported	0	0	0	0	0	1
solid	Axis_of_bearing.brep	267	representable	8	13	11	8	1	1
solid	Axis_of_bearing.brep	299	representable	6	9	9	6	1	1
solid	Axis_of_bearing.brep	371	representable	14	22	20	14	1	1
file	Ball.brep	-
solid	Ball.brep	54	representable	14	21	9	9	1	1
solid	Ball.brep	108	representable	13	22	8	8	1	1
file	Bottom.brep	Ellipse2d=2,NonRingToroidalSurface=15,RectangularTrimmedSurface=4,TrimmedCurve=3,TrimmedCurve2d=6
solid	Bottom.brep	1818	unsupported	405	751	338	323	1	1
file	CrankArm.brep	RectangularTrimmedSurface=2,TrimmedCurve=2
solid	CrankArm.brep	21	representable	4	6	6	4	1	1
solid	CrankArm.brep	344	unsupported	84	132	56	49	1	1
file	MAT.brep	-
free	MAT.brep	9	Fa	unsupported	4	4	1	1	0	0
file	MODERN_Chair_1.brep	Ellipse2d=12,TrimmedCurve=26
solid	MODERN_Chair_1.brep	97	representable	20	40	18	18	1	1
solid	MODERN_Chair_1.brep	403	unsupported	74	127	51	51	1	1
solid	MODERN_Chair_1.brep	710	unsupported	74	127	51	51	1	1
solid	MODERN_Chair_1.brep	810	representable	20	40	18	18	1	1
file	MODERN_Cooker_1.brep	-
solid	MODERN_Cooker_1.brep	121	representable	36	54	20	20	1	1
solid	MODERN_Cooker_1.brep	156	representable	12	18	8	8	1	1
solid	MODERN_Cooker_1.brep	338	representable	40	68	38	34	1	1
file	MODERN_Cooker_1_opened.brep	-
solid	MODERN_Cooker_1_opened.brep	33	representable	8	12	6	6	1	1
solid	MODERN_Cooker_1_opened.brep	66	representable	6	10	8	7	1	1
file	MODERN_Exhaust_1.brep	Ellipse2d=10,TrimmedCurve=12
solid	MODERN_Exhaust_1.brep	88	representable	24	36	16	14	1	1
solid	MODERN_Exhaust_1.brep	258	unsupported	44	68	28	27	1	1
solid	MODERN_Exhaust_1.brep	348	representable	24	36	16	14	1	1
file	MODERN_MVCooker_1.brep	-
solid	MODERN_MVCooker_1.brep	80	representable	24	36	16	15	1	1
file	MODERN_MVCooker_1_opened.brep	TrimmedCurve=8
solid	MODERN_MVCooker_1_opened.brep	103	unsupported	24	40	20	18	1	1
file	MODERN_Refrigerator_1.brep	-
solid	MODERN_Refrigerator_1.brep	123	representable	32	48	22	20	1	1
solid	MODERN_Refrigerator_1.brep	148	representable	8	12	6	6	1	1
file	MODERN_Refrigerator_1_opened.brep	TrimmedCurve=8
solid	MODERN_Refrigerator_1_opened.brep	53	unsupported	12	20	10	10	1	1
solid	MODERN_Refrigerator_1_opened.brep	108	unsupported	12	20	10	10	1	1
solid	MODERN_Refrigerator_1_opened.brep	307	representable	48	80	34	34	1	1
solid	MODERN_Refrigerator_1_opened.brep	506	representable	48	80	34	34	1	1
file	MODERN_Sink_1.brep	NonRingToroidalSurface=8
solid	MODERN_Sink_1.brep	808	unsupported	188	323	153	144	1	1
solid	MODERN_Sink_1.brep	892	representable	24	36	16	14	1	1
solid	MODERN_Sink_1.brep	969	representable	20	30	12	12	1	1
file	MODERN_Sink_1_opened.brep	-
solid	MODERN_Sink_1_opened.brep	32	representable	6	10	8	7	1	1
solid	MODERN_Sink_1_opened.brep	66	representable	6	10	8	7	1	1
solid	MODERN_Sink_1_opened.brep	91	representable	8	12	6	6	1	1
solid	MODERN_Sink_1_opened.brep	115	representable	8	12	6	6	1	1
file	MODERN_Table_1.brep	TrimmedCurve=6
solid	MODERN_Table_1.brep	117	unsupported	26	42	26	22	1	1
file	Motor-c.brep	SurfaceOfLinearExtrusion=75,TrimmedCurve2d=4
solid	Motor-c.brep	61	representable	16	24	10	10	1	1
solid	Motor-c.brep	257	representable	54	81	29	29	1	1
solid	Motor-c.brep	378	representable	28	44	26	20	1	1
solid	Motor-c.brep	413	representable	8	12	6	6	1	1
solid	Motor-c.brep	479	representable	16	24	12	11	1	1
solid	Motor-c.brep	531	representable	12	18	10	9	1	1
solid	Motor-c.brep	554	representable	4	6	6	4	1	1
solid	Motor-c.brep	578	representable	4	6	6	5	1	1
solid	Motor-c.brep	699	representable	33	49	18	18	1	1
solid	Motor-c.brep	722	representable	4	6	6	4	1	1
solid	Motor-c.brep	757	representable	8	12	6	6	1	1
solid	Motor-c.brep	801	representable	8	12	12	9	1	1
solid	Motor-c.brep	850	representable	12	18	8	8	1	1
solid	Motor-c.brep	1057	unsupported	50	85	35	34	1	1
solid	Motor-c.brep	1237	representable	48	72	30	27	1	1
solid	Motor-c.brep	1272	representable	8	12	6	6	1	1
solid	Motor-c.brep	1370	representable	22	33	23	17	1	1
file	Pump_Nut.brep	Hyperbola2d=26,TrimmedCurve=26
solid	Pump_Nut.brep	164	unsupported	44	67	27	25	1	1
file	Pump_TopCover.brep	-
solid	Pump_TopCover.brep	45	unsupported	10	16	10	8	1	1
file	Room.brep	-
free	Room.brep	9	Fa	representable	4	4	1	1	0	0
free	Room.brep	19	Fa	representable	4	4	1	1	0	0
free	Room.brep	23	Fa	representable	4	4	1	1	0	0
free	Room.brep	27	Fa	representable	4	4	1	1	0	0
free	Room.brep	29	Fa	representable	4	4	1	1	0	0
file	Top.brep	NonRingToroidalSurface=4,SurfaceOfRevolution=3
solid	Top.brep	1843	unsupported	426	755	337	324	1	1
file	asahi.brep	-
free	asahi.brep	0	Ve	representable	1	0	0	0	0	0
free	asahi.brep	1	Ve	representable	1	0	0	0	0	0
free	asahi.brep	4	Ed	representable	2	1	0	0	0	0
free	asahi.brep	5	Ve	representable	1	0	0	0	0	0
free	asahi.brep	8	Ed	representable	2	1	0	0	0	0
free	asahi.brep	10	Ve	representable	1	0	0	0	0	0
free	asahi.brep	11	Ve	representable	1	0	0	0	0	0
free	asahi.brep	14	Ed	representable	2	1	0	0	0	0
free	asahi.brep	15	Ve	representable	1	0	0	0	0	0
free	asahi.brep	18	Ed	representable	2	1	0	0	0	0
free	asahi.brep	19	Ve	representable	1	0	0	0	0	0
free	asahi.brep	22	Ed	representable	2	1	0	0	0	0
free	asahi.brep	23	Ve	representable	1	0	0	0	0	0
free	asahi.brep	26	Ed	representable	2	1	0	0	0	0
free	asahi.brep	27	Ve	representable	1	0	0	0	0	0
free	asahi.brep	30	Ed	representable	2	1	0	0	0	0
free	asahi.brep	31	Ve	representable	1	0	0	0	0	0
free	asahi.brep	34	Ed	representable	2	1	0	0	0	0
free	asahi.brep	36	Ve	representable	1	0	0	0	0	0
free	asahi.brep	37	Ve	representable	1	0	0	0	0	0
free	asahi.brep	40	Ed	representable	2	1	0	0	0	0
free	asahi.brep	41	Ve	representable	1	0	0	0	0	0
free	asahi.brep	44	Ed	representable	2	1	0	0	0	0
free	asahi.brep	45	Ve	representable	1	0	0	0	0	0
free	asahi.brep	48	Ed	representable	2	1	0	0	0	0
free	asahi.brep	49	Ve	representable	1	0	0	0	0	0
free	asahi.brep	52	Ed	representable	2	1	0	0	0	0
free	asahi.brep	53	Ve	representable	1	0	0	0	0	0
free	asahi.brep	56	Ed	representable	2	1	0	0	0	0
free	asahi.brep	57	Ve	representable	1	0	0	0	0	0
free	asahi.brep	60	Ed	representable	2	1	0	0	0	0
free	asahi.brep	61	Ve	representable	1	0	0	0	0	0
free	asahi.brep	64	Ed	representable	2	1	0	0	0	0
free	asahi.brep	65	Ve	representable	1	0	0	0	0	0
free	asahi.brep	68	Ed	representable	2	1	0	0	0	0
free	asahi.brep	69	Ve	representable	1	0	0	0	0	0
free	asahi.brep	72	Ed	representable	2	1	0	0	0	0
free	asahi.brep	73	Ve	representable	1	0	0	0	0	0
free	asahi.brep	76	Ed	representable	2	1	0	0	0	0
free	asahi.brep	77	Ve	representable	1	0	0	0	0	0
free	asahi.brep	80	Ed	representable	2	1	0	0	0	0
free	asahi.brep	81	Ve	representable	1	0	0	0	0	0
free	asahi.brep	84	Ed	representable	2	1	0	0	0	0
free	asahi.brep	86	Ve	representable	1	0	0	0	0	0
free	asahi.brep	87	Ve	representable	1	0	0	0	0	0
free	asahi.brep	90	Ed	representable	2	1	0	0	0	0
free	asahi.brep	91	Ve	representable	1	0	0	0	0	0
free	asahi.brep	94	Ed	representable	2	1	0	0	0	0
free	asahi.brep	95	Ve	representable	1	0	0	0	0	0
free	asahi.brep	98	Ed	representable	2	1	0	0	0	0
free	asahi.brep	99	Ve	representable	1	0	0	0	0	0
free	asahi.brep	102	Ed	representable	2	1	0	0	0	0
free	asahi.brep	103	Ve	representable	1	0	0	0	0	0
free	asahi.brep	106	Ed	representable	2	1	0	0	0	0
free	asahi.brep	107	Ve	representable	1	0	0	0	0	0
free	asahi.brep	110	Ed	representable	2	1	0	0	0	0
free	asahi.brep	111	Ve	representable	1	0	0	0	0	0
free	asahi.brep	114	Ed	representable	2	1	0	0	0	0
free	asahi.brep	115	Ve	representable	1	0	0	0	0	0
free	asahi.brep	118	Ed	representable	2	1	0	0	0	0
free	asahi.brep	119	Ve	representable	1	0	0	0	0	0
free	asahi.brep	122	Ed	representable	2	1	0	0	0	0
free	asahi.brep	123	Ve	representable	1	0	0	0	0	0
free	asahi.brep	126	Ed	representable	2	1	0	0	0	0
free	asahi.brep	127	Ve	representable	1	0	0	0	0	0
free	asahi.brep	130	Ed	representable	2	1	0	0	0	0
free	asahi.brep	132	Ve	representable	1	0	0	0	0	0
free	asahi.brep	133	Ve	representable	1	0	0	0	0	0
free	asahi.brep	136	Ed	representable	2	1	0	0	0	0
free	asahi.brep	137	Ve	representable	1	0	0	0	0	0
free	asahi.brep	140	Ed	representable	2	1	0	0	0	0
free	asahi.brep	141	Ve	representable	1	0	0	0	0	0
free	asahi.brep	144	Ed	representable	2	1	0	0	0	0
free	asahi.brep	145	Ve	representable	1	0	0	0	0	0
free	asahi.brep	148	Ed	representable	2	1	0	0	0	0
free	asahi.brep	149	Ve	representable	1	0	0	0	0	0
free	asahi.brep	152	Ed	representable	2	1	0	0	0	0
free	asahi.brep	153	Ve	representable	1	0	0	0	0	0
free	asahi.brep	156	Ed	representable	2	1	0	0	0	0
free	asahi.brep	157	Ve	representable	1	0	0	0	0	0
free	asahi.brep	160	Ed	representable	2	1	0	0	0	0
free	asahi.brep	161	Ve	representable	1	0	0	0	0	0
free	asahi.brep	164	Ed	representable	2	1	0	0	0	0
free	asahi.brep	165	Ve	representable	1	0	0	0	0	0
free	asahi.brep	168	Ed	representable	2	1	0	0	0	0
free	asahi.brep	169	Ve	representable	1	0	0	0	0	0
free	asahi.brep	172	Ed	representable	2	1	0	0	0	0
free	asahi.brep	173	Ve	representable	1	0	0	0	0	0
free	asahi.brep	176	Ed	representable	2	1	0	0	0	0
free	asahi.brep	177	Ve	representable	1	0	0	0	0	0
free	asahi.brep	180	Ed	representable	2	1	0	0	0	0
free	asahi.brep	181	Ve	representable	1	0	0	0	0	0
free	asahi.brep	184	Ed	representable	2	1	0	0	0	0
free	asahi.brep	186	Ve	representable	1	0	0	0	0	0
free	asahi.brep	187	Ve	representable	1	0	0	0	0	0
free	asahi.brep	190	Ed	representable	2	1	0	0	0	0
free	asahi.brep	191	Ve	representable	1	0	0	0	0	0
free	asahi.brep	194	Ed	representable	2	1	0	0	0	0
free	asahi.brep	195	Ve	representable	1	0	0	0	0	0
free	asahi.brep	198	Ed	representable	2	1	0	0	0	0
free	asahi.brep	199	Ve	representable	1	0	0	0	0	0
free	asahi.brep	202	Ed	representable	2	1	0	0	0	0
free	asahi.brep	203	Ve	representable	1	0	0	0	0	0
free	asahi.brep	206	Ed	representable	2	1	0	0	0	0
free	asahi.brep	207	Ve	representable	1	0	0	0	0	0
free	asahi.brep	210	Ed	representable	2	1	0	0	0	0
free	asahi.brep	211	Ve	representable	1	0	0	0	0	0
free	asahi.brep	214	Ed	representable	2	1	0	0	0	0
free	asahi.brep	215	Ve	representable	1	0	0	0	0	0
free	asahi.brep	218	Ed	representable	2	1	0	0	0	0
free	asahi.brep	219	Ve	representable	1	0	0	0	0	0
free	asahi.brep	222	Ed	representable	2	1	0	0	0	0
free	asahi.brep	223	Ve	representable	1	0	0	0	0	0
free	asahi.brep	226	Ed	representable	2	1	0	0	0	0
free	asahi.brep	227	Ve	representable	1	0	0	0	0	0
free	asahi.brep	230	Ed	representable	2	1	0	0	0	0
free	asahi.brep	231	Ve	representable	1	0	0	0	0	0
free	asahi.brep	234	Ed	representable	2	1	0	0	0	0
free	asahi.brep	235	Ve	representable	1	0	0	0	0	0
free	asahi.brep	238	Ed	representable	2	1	0	0	0	0
free	asahi.brep	240	Ve	representable	1	0	0	0	0	0
free	asahi.brep	241	Ve	representable	1	0	0	0	0	0
free	asahi.brep	244	Ed	representable	2	1	0	0	0	0
free	asahi.brep	245	Ve	representable	1	0	0	0	0	0
free	asahi.brep	248	Ed	representable	2	1	0	0	0	0
free	asahi.brep	249	Ve	representable	1	0	0	0	0	0
free	asahi.brep	252	Ed	representable	2	1	0	0	0	0
free	asahi.brep	253	Ve	representable	1	0	0	0	0	0
free	asahi.brep	256	Ed	representable	2	1	0	0	0	0
free	asahi.brep	257	Ve	representable	1	0	0	0	0	0
free	asahi.brep	260	Ed	representable	2	1	0	0	0	0
free	asahi.brep	261	Ve	representable	1	0	0	0	0	0
free	asahi.brep	264	Ed	representable	2	1	0	0	0	0
free	asahi.brep	266	Ve	representable	1	0	0	0	0	0
free	asahi.brep	267	Ve	representable	1	0	0	0	0	0
free	asahi.brep	270	Ed	representable	2	1	0	0	0	0
free	asahi.brep	271	Ve	representable	1	0	0	0	0	0
free	asahi.brep	274	Ed	representable	2	1	0	0	0	0
free	asahi.brep	275	Ve	representable	1	0	0	0	0	0
free	asahi.brep	278	Ed	representable	2	1	0	0	0	0
free	asahi.brep	279	Ve	representable	1	0	0	0	0	0
free	asahi.brep	282	Ed	representable	2	1	0	0	0	0
free	asahi.brep	283	Ve	representable	1	0	0	0	0	0
free	asahi.brep	286	Ed	representable	2	1	0	0	0	0
free	asahi.brep	287	Ve	representable	1	0	0	0	0	0
free	asahi.brep	290	Ed	representable	2	1	0	0	0	0
free	asahi.brep	292	Ve	representable	1	0	0	0	0	0
free	asahi.brep	293	Ve	representable	1	0	0	0	0	0
free	asahi.brep	296	Ed	representable	2	1	0	0	0	0
free	asahi.brep	297	Ve	representable	1	0	0	0	0	0
free	asahi.brep	300	Ed	representable	2	1	0	0	0	0
free	asahi.brep	301	Ve	representable	1	0	0	0	0	0
free	asahi.brep	304	Ed	representable	2	1	0	0	0	0
free	asahi.brep	305	Ve	representable	1	0	0	0	0	0
free	asahi.brep	308	Ed	representable	2	1	0	0	0	0
free	asahi.brep	309	Ve	representable	1	0	0	0	0	0
free	asahi.brep	312	Ed	representable	2	1	0	0	0	0
free	asahi.brep	313	Ve	representable	1	0	0	0	0	0
free	asahi.brep	316	Ed	representable	2	1	0	0	0	0
free	asahi.brep	317	Ve	representable	1	0	0	0	0	0
free	asahi.brep	320	Ed	representable	2	1	0	0	0	0
free	asahi.brep	321	Ve	representable	1	0	0	0	0	0
free	asahi.brep	324	Ed	representable	2	1	0	0	0	0
free	asahi.brep	325	Ve	representable	1	0	0	0	0	0
free	asahi.brep	328	Ed	representable	2	1	0	0	0	0
free	asahi.brep	329	Ve	representable	1	0	0	0	0	0
free	asahi.brep	332	Ed	representable	2	1	0	0	0	0
free	asahi.brep	333	Ve	representable	1	0	0	0	0	0
free	asahi.brep	336	Ed	representable	2	1	0	0	0	0
free	asahi.brep	337	Ve	representable	1	0	0	0	0	0
free	asahi.brep	340	Ed	representable	2	1	0	0	0	0
free	asahi.brep	341	Ve	representable	1	0	0	0	0	0
free	asahi.brep	344	Ed	representable	2	1	0	0	0	0
free	asahi.brep	345	Ve	representable	1	0	0	0	0	0
free	asahi.brep	348	Ed	representable	2	1	0	0	0	0
free	asahi.brep	349	Ve	representable	1	0	0	0	0	0
free	asahi.brep	352	Ed	representable	2	1	0	0	0	0
free	asahi.brep	353	Ve	representable	1	0	0	0	0	0
free	asahi.brep	356	Ed	representable	2	1	0	0	0	0
free	asahi.brep	357	Ve	representable	1	0	0	0	0	0
free	asahi.brep	360	Ed	representable	2	1	0	0	0	0
free	asahi.brep	362	Ve	representable	1	0	0	0	0	0
free	asahi.brep	363	Ve	representable	1	0	0	0	0	0
free	asahi.brep	366	Ed	representable	2	1	0	0	0	0
free	asahi.brep	367	Ve	representable	1	0	0	0	0	0
free	asahi.brep	370	Ed	representable	2	1	0	0	0	0
free	asahi.brep	371	Ve	representable	1	0	0	0	0	0
free	asahi.brep	374	Ed	representable	2	1	0	0	0	0
free	asahi.brep	375	Ve	representable	1	0	0	0	0	0
free	asahi.brep	378	Ed	representable	2	1	0	0	0	0
free	asahi.brep	379	Ve	representable	1	0	0	0	0	0
free	asahi.brep	382	Ed	representable	2	1	0	0	0	0
free	asahi.brep	384	Ve	representable	1	0	0	0	0	0
free	asahi.brep	385	Ve	representable	1	0	0	0	0	0
free	asahi.brep	388	Ed	representable	2	1	0	0	0	0
free	asahi.brep	389	Ve	representable	1	0	0	0	0	0
free	asahi.brep	392	Ed	representable	2	1	0	0	0	0
free	asahi.brep	393	Ve	representable	1	0	0	0	0	0
free	asahi.brep	396	Ed	representable	2	1	0	0	0	0
free	asahi.brep	397	Ve	representable	1	0	0	0	0	0
free	asahi.brep	400	Ed	representable	2	1	0	0	0	0
free	asahi.brep	402	Ve	representable	1	0	0	0	0	0
free	asahi.brep	403	Ve	representable	1	0	0	0	0	0
free	asahi.brep	406	Ed	representable	2	1	0	0	0	0
free	asahi.brep	407	Ve	representable	1	0	0	0	0	0
free	asahi.brep	410	Ed	representable	2	1	0	0	0	0
free	asahi.brep	411	Ve	representable	1	0	0	0	0	0
free	asahi.brep	414	Ed	representable	2	1	0	0	0	0
free	asahi.brep	415	Ve	representable	1	0	0	0	0	0
free	asahi.brep	418	Ed	representable	2	1	0	0	0	0
free	asahi.brep	420	Ve	representable	1	0	0	0	0	0
free	asahi.brep	421	Ve	representable	1	0	0	0	0	0
free	asahi.brep	424	Ed	representable	2	1	0	0	0	0
free	asahi.brep	425	Ve	representable	1	0	0	0	0	0
free	asahi.brep	428	Ed	representable	2	1	0	0	0	0
free	asahi.brep	429	Ve	representable	1	0	0	0	0	0
free	asahi.brep	432	Ed	representable	2	1	0	0	0	0
free	asahi.brep	433	Ve	representable	1	0	0	0	0	0
free	asahi.brep	436	Ed	representable	2	1	0	0	0	0
free	asahi.brep	437	Ve	representable	1	0	0	0	0	0
free	asahi.brep	440	Ed	representable	2	1	0	0	0	0
free	asahi.brep	441	Ve	representable	1	0	0	0	0	0
free	asahi.brep	444	Ed	representable	2	1	0	0	0	0
free	asahi.brep	445	Ve	representable	1	0	0	0	0	0
free	asahi.brep	448	Ed	representable	2	1	0	0	0	0
free	asahi.brep	449	Ve	representable	1	0	0	0	0	0
free	asahi.brep	452	Ed	representable	2	1	0	0	0	0
free	asahi.brep	453	Ve	representable	1	0	0	0	0	0
free	asahi.brep	456	Ed	representable	2	1	0	0	0	0
free	asahi.brep	457	Ve	representable	1	0	0	0	0	0
free	asahi.brep	460	Ed	representable	2	1	0	0	0	0
free	asahi.brep	461	Ve	representable	1	0	0	0	0	0
free	asahi.brep	464	Ed	representable	2	1	0	0	0	0
free	asahi.brep	465	Ve	representable	1	0	0	0	0	0
free	asahi.brep	468	Ed	representable	2	1	0	0	0	0
free	asahi.brep	469	Ve	representable	1	0	0	0	0	0
free	asahi.brep	472	Ed	representable	2	1	0	0	0	0
free	asahi.brep	473	Ve	representable	1	0	0	0	0	0
free	asahi.brep	476	Ed	representable	2	1	0	0	0	0
free	asahi.brep	477	Ve	representable	1	0	0	0	0	0
free	asahi.brep	480	Ed	representable	2	1	0	0	0	0
free	asahi.brep	481	Ve	representable	1	0	0	0	0	0
free	asahi.brep	484	Ed	representable	2	1	0	0	0	0
free	asahi.brep	485	Ve	representable	1	0	0	0	0	0
free	asahi.brep	488	Ed	representable	2	1	0	0	0	0
free	asahi.brep	490	Ve	representable	1	0	0	0	0	0
free	asahi.brep	491	Ve	representable	1	0	0	0	0	0
free	asahi.brep	494	Ed	representable	2	1	0	0	0	0
free	asahi.brep	495	Ve	representable	1	0	0	0	0	0
free	asahi.brep	498	Ed	representable	2	1	0	0	0	0
free	asahi.brep	499	Ve	representable	1	0	0	0	0	0
free	asahi.brep	502	Ed	representable	2	1	0	0	0	0
free	asahi.brep	503	Ve	representable	1	0	0	0	0	0
free	asahi.brep	506	Ed	representable	2	1	0	0	0	0
free	asahi.brep	507	Ve	representable	1	0	0	0	0	0
free	asahi.brep	510	Ed	representable	2	1	0	0	0	0
free	asahi.brep	511	Ve	representable	1	0	0	0	0	0
free	asahi.brep	514	Ed	representable	2	1	0	0	0	0
free	asahi.brep	515	Ve	representable	1	0	0	0	0	0
free	asahi.brep	518	Ed	representable	2	1	0	0	0	0
free	asahi.brep	519	Ve	representable	1	0	0	0	0	0
free	asahi.brep	522	Ed	representable	2	1	0	0	0	0
free	asahi.brep	523	Ve	representable	1	0	0	0	0	0
free	asahi.brep	526	Ed	representable	2	1	0	0	0	0
free	asahi.brep	527	Ve	representable	1	0	0	0	0	0
free	asahi.brep	530	Ed	representable	2	1	0	0	0	0
free	asahi.brep	531	Ve	representable	1	0	0	0	0	0
free	asahi.brep	534	Ed	representable	2	1	0	0	0	0
free	asahi.brep	535	Ve	representable	1	0	0	0	0	0
free	asahi.brep	538	Ed	representable	2	1	0	0	0	0
free	asahi.brep	539	Ve	representable	1	0	0	0	0	0
free	asahi.brep	542	Ed	representable	2	1	0	0	0	0
free	asahi.brep	543	Ve	representable	1	0	0	0	0	0
free	asahi.brep	546	Ed	representable	2	1	0	0	0	0
free	asahi.brep	547	Ve	representable	1	0	0	0	0	0
free	asahi.brep	550	Ed	representable	2	1	0	0	0	0
free	asahi.brep	551	Ve	representable	1	0	0	0	0	0
free	asahi.brep	554	Ed	representable	2	1	0	0	0	0
free	asahi.brep	555	Ve	representable	1	0	0	0	0	0
free	asahi.brep	558	Ed	representable	2	1	0	0	0	0
free	asahi.brep	559	Ve	representable	1	0	0	0	0	0
free	asahi.brep	562	Ed	representable	2	1	0	0	0	0
free	asahi.brep	563	Ve	representable	1	0	0	0	0	0
free	asahi.brep	566	Ed	representable	2	1	0	0	0	0
free	asahi.brep	567	Ve	representable	1	0	0	0	0	0
free	asahi.brep	570	Ed	representable	2	1	0	0	0	0
free	asahi.brep	571	Ve	representable	1	0	0	0	0	0
free	asahi.brep	574	Ed	representable	2	1	0	0	0	0
free	asahi.brep	575	Ve	representable	1	0	0	0	0	0
free	asahi.brep	578	Ed	representable	2	1	0	0	0	0
free	asahi.brep	579	Ve	representable	1	0	0	0	0	0
free	asahi.brep	582	Ed	representable	2	1	0	0	0	0
free	asahi.brep	584	Ve	representable	1	0	0	0	0	0
free	asahi.brep	585	Ve	representable	1	0	0	0	0	0
free	asahi.brep	588	Ed	representable	2	1	0	0	0	0
free	asahi.brep	589	Ve	representable	1	0	0	0	0	0
free	asahi.brep	592	Ed	representable	2	1	0	0	0	0
free	asahi.brep	593	Ve	representable	1	0	0	0	0	0
free	asahi.brep	596	Ed	representable	2	1	0	0	0	0
free	asahi.brep	597	Ve	representable	1	0	0	0	0	0
free	asahi.brep	600	Ed	representable	2	1	0	0	0	0
free	asahi.brep	601	Ve	representable	1	0	0	0	0	0
free	asahi.brep	604	Ed	representable	2	1	0	0	0	0
free	asahi.brep	606	Ve	representable	1	0	0	0	0	0
free	asahi.brep	607	Ve	representable	1	0	0	0	0	0
free	asahi.brep	610	Ed	representable	2	1	0	0	0	0
free	asahi.brep	611	Ve	representable	1	0	0	0	0	0
free	asahi.brep	614	Ed	representable	2	1	0	0	0	0
free	asahi.brep	615	Ve	representable	1	0	0	0	0	0
free	asahi.brep	618	Ed	representable	2	1	0	0	0	0
free	asahi.brep	619	Ve	representable	1	0	0	0	0	0
free	asahi.brep	622	Ed	representable	2	1	0	0	0	0
free	asahi.brep	623	Ve	representable	1	0	0	0	0	0
free	asahi.brep	626	Ed	representable	2	1	0	0	0	0
free	asahi.brep	627	Ve	representable	1	0	0	0	0	0
free	asahi.brep	630	Ed	representable	2	1	0	0	0	0
free	asahi.brep	631	Ve	representable	1	0	0	0	0	0
free	asahi.brep	634	Ed	representable	2	1	0	0	0	0
free	asahi.brep	635	Ve	representable	1	0	0	0	0	0
free	asahi.brep	638	Ed	representable	2	1	0	0	0	0
free	asahi.brep	639	Ve	representable	1	0	0	0	0	0
free	asahi.brep	642	Ed	representable	2	1	0	0	0	0
free	asahi.brep	643	Ve	representable	1	0	0	0	0	0
free	asahi.brep	646	Ed	representable	2	1	0	0	0	0
free	asahi.brep	647	Ve	representable	1	0	0	0	0	0
free	asahi.brep	650	Ed	representable	2	1	0	0	0	0
free	asahi.brep	651	Ve	representable	1	0	0	0	0	0
free	asahi.brep	654	Ed	representable	2	1	0	0	0	0
free	asahi.brep	655	Ve	representable	1	0	0	0	0	0
free	asahi.brep	658	Ed	representable	2	1	0	0	0	0
free	asahi.brep	659	Ve	representable	1	0	0	0	0	0
free	asahi.brep	662	Ed	representable	2	1	0	0	0	0
free	asahi.brep	663	Ve	representable	1	0	0	0	0	0
free	asahi.brep	666	Ed	representable	2	1	0	0	0	0
free	asahi.brep	667	Ve	representable	1	0	0	0	0	0
free	asahi.brep	670	Ed	representable	2	1	0	0	0	0
free	asahi.brep	671	Ve	representable	1	0	0	0	0	0
free	asahi.brep	674	Ed	representable	2	1	0	0	0	0
free	asahi.brep	675	Ve	representable	1	0	0	0	0	0
free	asahi.brep	678	Ed	representable	2	1	0	0	0	0
free	asahi.brep	679	Ve	representable	1	0	0	0	0	0
free	asahi.brep	682	Ed	representable	2	1	0	0	0	0
free	asahi.brep	683	Ve	representable	1	0	0	0	0	0
free	asahi.brep	686	Ed	representable	2	1	0	0	0	0
free	asahi.brep	687	Ve	representable	1	0	0	0	0	0
free	asahi.brep	690	Ed	representable	2	1	0	0	0	0
free	asahi.brep	691	Ve	representable	1	0	0	0	0	0
free	asahi.brep	694	Ed	representable	2	1	0	0	0	0
free	asahi.brep	695	Ve	representable	1	0	0	0	0	0
free	asahi.brep	698	Ed	representable	2	1	0	0	0	0
free	asahi.brep	700	Ve	representable	1	0	0	0	0	0
free	asahi.brep	701	Ve	representable	1	0	0	0	0	0
free	asahi.brep	704	Ed	representable	2	1	0	0	0	0
free	asahi.brep	705	Ve	representable	1	0	0	0	0	0
free	asahi.brep	708	Ed	representable	2	1	0	0	0	0
free	asahi.brep	709	Ve	representable	1	0	0	0	0	0
free	asahi.brep	712	Ed	representable	2	1	0	0	0	0
free	asahi.brep	713	Ve	representable	1	0	0	0	0	0
free	asahi.brep	716	Ed	representable	2	1	0	0	0	0
free	asahi.brep	717	Ve	representable	1	0	0	0	0	0
free	asahi.brep	720	Ed	representable	2	1	0	0	0	0
free	asahi.brep	722	Ve	representable	1	0	0	0	0	0
free	asahi.brep	723	Ve	representable	1	0	0	0	0	0
free	asahi.brep	726	Ed	representable	2	1	0	0	0	0
free	asahi.brep	727	Ve	representable	1	0	0	0	0	0
free	asahi.brep	730	Ed	representable	2	1	0	0	0	0
free	asahi.brep	731	Ve	representable	1	0	0	0	0	0
free	asahi.brep	734	Ed	representable	2	1	0	0	0	0
free	asahi.brep	735	Ve	representable	1	0	0	0	0	0
free	asahi.brep	738	Ed	representable	2	1	0	0	0	0
free	asahi.brep	739	Ve	representable	1	0	0	0	0	0
free	asahi.brep	742	Ed	representable	2	1	0	0	0	0
free	asahi.brep	743	Ve	representable	1	0	0	0	0	0
free	asahi.brep	746	Ed	representable	2	1	0	0	0	0
free	asahi.brep	747	Ve	representable	1	0	0	0	0	0
free	asahi.brep	750	Ed	representable	2	1	0	0	0	0
free	asahi.brep	751	Ve	representable	1	0	0	0	0	0
free	asahi.brep	754	Ed	representable	2	1	0	0	0	0
free	asahi.brep	755	Ve	representable	1	0	0	0	0	0
free	asahi.brep	758	Ed	representable	2	1	0	0	0	0
free	asahi.brep	759	Ve	representable	1	0	0	0	0	0
free	asahi.brep	762	Ed	representable	2	1	0	0	0	0
free	asahi.brep	763	Ve	representable	1	0	0	0	0	0
free	asahi.brep	766	Ed	representable	2	1	0	0	0	0
free	asahi.brep	767	Ve	representable	1	0	0	0	0	0
free	asahi.brep	770	Ed	representable	2	1	0	0	0	0
free	asahi.brep	771	Ve	representable	1	0	0	0	0	0
free	asahi.brep	774	Ed	representable	2	1	0	0	0	0
free	asahi.brep	775	Ve	representable	1	0	0	0	0	0
free	asahi.brep	778	Ed	representable	2	1	0	0	0	0
free	asahi.brep	779	Ve	representable	1	0	0	0	0	0
free	asahi.brep	782	Ed	representable	2	1	0	0	0	0
free	asahi.brep	783	Ve	representable	1	0	0	0	0	0
free	asahi.brep	786	Ed	representable	2	1	0	0	0	0
free	asahi.brep	787	Ve	representable	1	0	0	0	0	0
free	asahi.brep	790	Ed	representable	2	1	0	0	0	0
free	asahi.brep	791	Ve	representable	1	0	0	0	0	0
free	asahi.brep	794	Ed	representable	2	1	0	0	0	0
free	asahi.brep	795	Ve	representable	1	0	0	0	0	0
free	asahi.brep	798	Ed	representable	2	1	0	0	0	0
free	asahi.brep	799	Ve	representable	1	0	0	0	0	0
free	asahi.brep	802	Ed	representable	2	1	0	0	0	0
free	asahi.brep	803	Ve	representable	1	0	0	0	0	0
free	asahi.brep	806	Ed	representable	2	1	0	0	0	0
free	asahi.brep	807	Ve	representable	1	0	0	0	0	0
free	asahi.brep	810	Ed	representable	2	1	0	0	0	0
free	asahi.brep	811	Ve	representable	1	0	0	0	0	0
free	asahi.brep	814	Ed	representable	2	1	0	0	0	0
free	asahi.brep	816	Ve	representable	1	0	0	0	0	0
free	asahi.brep	817	Ve	representable	1	0	0	0	0	0
free	asahi.brep	820	Ed	representable	2	1	0	0	0	0
free	asahi.brep	821	Ve	representable	1	0	0	0	0	0
free	asahi.brep	824	Ed	representable	2	1	0	0	0	0
free	asahi.brep	825	Ve	representable	1	0	0	0	0	0
free	asahi.brep	828	Ed	representable	2	1	0	0	0	0
free	asahi.brep	829	Ve	representable	1	0	0	0	0	0
free	asahi.brep	832	Ed	representable	2	1	0	0	0	0
free	asahi.brep	833	Ve	representable	1	0	0	0	0	0
free	asahi.brep	836	Ed	representable	2	1	0	0	0	0
free	asahi.brep	838	Ve	representable	1	0	0	0	0	0
free	asahi.brep	839	Ve	representable	1	0	0	0	0	0
free	asahi.brep	842	Ed	representable	2	1	0	0	0	0
free	asahi.brep	843	Ve	representable	1	0	0	0	0	0
free	asahi.brep	846	Ed	representable	2	1	0	0	0	0
free	asahi.brep	847	Ve	representable	1	0	0	0	0	0
free	asahi.brep	850	Ed	representable	2	1	0	0	0	0
free	asahi.brep	851	Ve	representable	1	0	0	0	0	0
free	asahi.brep	854	Ed	representable	2	1	0	0	0	0
free	asahi.brep	855	Ve	representable	1	0	0	0	0	0
free	asahi.brep	858	Ed	representable	2	1	0	0	0	0
free	asahi.brep	859	Ve	representable	1	0	0	0	0	0
free	asahi.brep	862	Ed	representable	2	1	0	0	0	0
free	asahi.brep	863	Ve	representable	1	0	0	0	0	0
free	asahi.brep	866	Ed	representable	2	1	0	0	0	0
free	asahi.brep	867	Ve	representable	1	0	0	0	0	0
free	asahi.brep	870	Ed	representable	2	1	0	0	0	0
free	asahi.brep	871	Ve	representable	1	0	0	0	0	0
free	asahi.brep	874	Ed	representable	2	1	0	0	0	0
free	asahi.brep	875	Ve	representable	1	0	0	0	0	0
free	asahi.brep	878	Ed	representable	2	1	0	0	0	0
free	asahi.brep	879	Ve	representable	1	0	0	0	0	0
free	asahi.brep	882	Ed	representable	2	1	0	0	0	0
free	asahi.brep	883	Ve	representable	1	0	0	0	0	0
free	asahi.brep	886	Ed	representable	2	1	0	0	0	0
free	asahi.brep	887	Ve	representable	1	0	0	0	0	0
free	asahi.brep	890	Ed	representable	2	1	0	0	0	0
free	asahi.brep	891	Ve	representable	1	0	0	0	0	0
free	asahi.brep	894	Ed	representable	2	1	0	0	0	0
free	asahi.brep	895	Ve	representable	1	0	0	0	0	0
free	asahi.brep	898	Ed	representable	2	1	0	0	0	0
free	asahi.brep	899	Ve	representable	1	0	0	0	0	0
free	asahi.brep	902	Ed	representable	2	1	0	0	0	0
free	asahi.brep	903	Ve	representable	1	0	0	0	0	0
free	asahi.brep	906	Ed	representable	2	1	0	0	0	0
free	asahi.brep	907	Ve	representable	1	0	0	0	0	0
free	asahi.brep	910	Ed	representable	2	1	0	0	0	0
free	asahi.brep	911	Ve	representable	1	0	0	0	0	0
free	asahi.brep	914	Ed	representable	2	1	0	0	0	0
free	asahi.brep	915	Ve	representable	1	0	0	0	0	0
free	asahi.brep	918	Ed	representable	2	1	0	0	0	0
free	asahi.brep	919	Ve	representable	1	0	0	0	0	0
free	asahi.brep	922	Ed	representable	2	1	0	0	0	0
free	asahi.brep	923	Ve	representable	1	0	0	0	0	0
free	asahi.brep	926	Ed	representable	2	1	0	0	0	0
free	asahi.brep	927	Ve	representable	1	0	0	0	0	0
free	asahi.brep	930	Ed	representable	2	1	0	0	0	0
free	asahi.brep	932	Ve	representable	1	0	0	0	0	0
free	asahi.brep	933	Ve	representable	1	0	0	0	0	0
free	asahi.brep	936	Ed	representable	2	1	0	0	0	0
free	asahi.brep	937	Ve	representable	1	0	0	0	0	0
free	asahi.brep	940	Ed	representable	2	1	0	0	0	0
free	asahi.brep	941	Ve	representable	1	0	0	0	0	0
free	asahi.brep	944	Ed	representable	2	1	0	0	0	0
free	asahi.brep	945	Ve	representable	1	0	0	0	0	0
free	asahi.brep	948	Ed	representable	2	1	0	0	0	0
free	asahi.brep	949	Ve	representable	1	0	0	0	0	0
free	asahi.brep	952	Ed	representable	2	1	0	0	0	0
free	asahi.brep	954	Ve	representable	1	0	0	0	0	0
free	asahi.brep	955	Ve	representable	1	0	0	0	0	0
free	asahi.brep	958	Ed	representable	2	1	0	0	0	0
free	asahi.brep	959	Ve	representable	1	0	0	0	0	0
free	asahi.brep	962	Ed	representable	2	1	0	0	0	0
free	asahi.brep	963	Ve	representable	1	0	0	0	0	0
free	asahi.brep	966	Ed	representable	2	1	0	0	0	0
free	asahi.brep	967	Ve	representable	1	0	0	0	0	0
free	asahi.brep	970	Ed	representable	2	1	0	0	0	0
free	asahi.brep	971	Ve	representable	1	0	0	0	0	0
free	asahi.brep	974	Ed	representable	2	1	0	0	0	0
free	asahi.brep	975	Ve	representable	1	0	0	0	0	0
free	asahi.brep	978	Ed	representable	2	1	0	0	0	0
free	asahi.brep	979	Ve	representable	1	0	0	0	0	0
free	asahi.brep	982	Ed	representable	2	1	0	0	0	0
free	asahi.brep	983	Ve	representable	1	0	0	0	0	0
free	asahi.brep	986	Ed	representable	2	1	0	0	0	0
free	asahi.brep	987	Ve	representable	1	0	0	0	0	0
free	asahi.brep	990	Ed	representable	2	1	0	0	0	0
free	asahi.brep	991	Ve	representable	1	0	0	0	0	0
free	asahi.brep	994	Ed	representable	2	1	0	0	0	0
free	asahi.brep	996	Ve	representable	1	0	0	0	0	0
free	asahi.brep	997	Ve	representable	1	0	0	0	0	0
free	asahi.brep	1000	Ed	representable	2	1	0	0	0	0
free	asahi.brep	1001	Ve	representable	1	0	0	0	0	0
free	asahi.brep	1004	Ed	representable	2	1	0	0	0	0
free	asahi.brep	1005	Ve	representable	1	0	0	0	0	0
free	asahi.brep	1008	Ed	representable	2	1	0	0	0	0
free	asahi.brep	1009	Ve	representable	1	0	0	0	0	0
free	asahi.brep	1012	Ed	representable	2	1	0	0	0	0
free	asahi.brep	1013	Ve	representable	1	0	0	0	0	0
free	asahi.brep	1016	Ed	representable	2	1	0	0	0	0
free	asahi.brep	1018	Ve	representable	1	0	0	0	0	0
free	asahi.brep	1019	Ve	representable	1	0	0	0	0	0
free	asahi.brep	1022	Ed	representable	2	1	0	0	0	0
free	asahi.brep	1023	Ve	representable	1	0	0	0	0	0
free	asahi.brep	1026	Ed	representable	2	1	0	0	0	0
free	asahi.brep	1027	Ve	representable	1	0	0	0	0	0
free	asahi.brep	1030	Ed	representable	2	1	0	0	0	0
free	asahi.brep	1031	Ve	representable	1	0	0	0	0	0
free	asahi.brep	1034	Ed	representable	2	1	0	0	0	0
free	asahi.brep	1035	Ve	representable	1	0	0	0	0	0
free	asahi.brep	1038	Ed	representable	2	1	0	0	0	0
free	asahi.brep	1039	Ve	representable	1	0	0	0	0	0
free	asahi.brep	1042	Ed	representable	2	1	0	0	0	0
free	asahi.brep	1043	Ve	representable	1	0	0	0	0	0
free	asahi.brep	1046	Ed	representable	2	1	0	0	0	0
free	asahi.brep	1047	Ve	representable	1	0	0	0	0	0
free	asahi.brep	1050	Ed	representable	2	1	0	0	0	0
free	asahi.brep	1051	Ve	representable	1	0	0	0	0	0
free	asahi.brep	1054	Ed	representable	2	1	0	0	0	0
free	asahi.brep	1055	Ve	representable	1	0	0	0	0	0
free	asahi.brep	1058	Ed	representable	2	1	0	0	0	0
free	asahi.brep	1059	Ve	representable	1	0	0	0	0	0
free	asahi.brep	1062	Ed	representable	2	1	0	0	0	0
free	asahi.brep	1063	Ve	representable	1	0	0	0	0	0
free	asahi.brep	1066	Ed	representable	2	1	0	0	0	0
free	asahi.brep	1067	Ve	representable	1	0	0	0	0	0
free	asahi.brep	1070	Ed	representable	2	1	0	0	0	0
free	asahi.brep	1072	Ve	representable	1	0	0	0	0	0
free	asahi.brep	1073	Ve	representable	1	0	0	0	0	0
free	asahi.brep	1076	Ed	representable	2	1	0	0	0	0
free	asahi.brep	1077	Ve	representable	1	0	0	0	0	0
free	asahi.brep	1080	Ed	representable	2	1	0	0	0	0
free	asahi.brep	1081	Ve	representable	1	0	0	0	0	0
free	asahi.brep	1084	Ed	representable	2	1	0	0	0	0
free	asahi.brep	1085	Ve	representable	1	0	0	0	0	0
free	asahi.brep	1088	Ed	representable	2	1	0	0	0	0
free	asahi.brep	1089	Ve	representable	1	0	0	0	0	0
free	asahi.brep	1092	Ed	representable	2	1	0	0	0	0
free	asahi.brep	1093	Ve	representable	1	0	0	0	0	0
free	asahi.brep	1096	Ed	representable	2	1	0	0	0	0
free	asahi.brep	1097	Ve	representable	1	0	0	0	0	0
free	asahi.brep	1100	Ed	representable	2	1	0	0	0	0
free	asahi.brep	1101	Ve	representable	1	0	0	0	0	0
free	asahi.brep	1104	Ed	representable	2	1	0	0	0	0
free	asahi.brep	1105	Ve	representable	1	0	0	0	0	0
free	asahi.brep	1108	Ed	representable	2	1	0	0	0	0
free	asahi.brep	1109	Ve	representable	1	0	0	0	0	0
free	asahi.brep	1112	Ed	representable	2	1	0	0	0	0
free	asahi.brep	1113	Ve	representable	1	0	0	0	0	0
free	asahi.brep	1116	Ed	representable	2	1	0	0	0	0
free	asahi.brep	1117	Ve	representable	1	0	0	0	0	0
free	asahi.brep	1120	Ed	representable	2	1	0	0	0	0
free	asahi.brep	1121	Ve	representable	1	0	0	0	0	0
free	asahi.brep	1124	Ed	representable	2	1	0	0	0	0
free	asahi.brep	1126	Ve	representable	1	0	0	0	0	0
free	asahi.brep	1127	Ve	representable	1	0	0	0	0	0
free	asahi.brep	1130	Ed	representable	2	1	0	0	0	0
free	asahi.brep	1131	Ve	representable	1	0	0	0	0	0
free	asahi.brep	1134	Ed	representable	2	1	0	0	0	0
free	asahi.brep	1135	Ve	representable	1	0	0	0	0	0
free	asahi.brep	1138	Ed	representable	2	1	0	0	0	0
free	asahi.brep	1139	Ve	representable	1	0	0	0	0	0
free	asahi.brep	1142	Ed	representable	2	1	0	0	0	0
free	asahi.brep	1143	Ve	representable	1	0	0	0	0	0
free	asahi.brep	1146	Ed	representable	2	1	0	0	0	0
free	asahi.brep	1147	Ve	representable	1	0	0	0	0	0
free	asahi.brep	1150	Ed	representable	2	1	0	0	0	0
free	asahi.brep	1151	Ve	representable	1	0	0	0	0	0
free	asahi.brep	1154	Ed	representable	2	1	0	0	0	0
free	asahi.brep	1155	Ve	representable	1	0	0	0	0	0
free	asahi.brep	1158	Ed	representable	2	1	0	0	0	0
free	asahi.brep	1159	Ve	representable	1	0	0	0	0	0
free	asahi.brep	1162	Ed	representable	2	1	0	0	0	0
free	asahi.brep	1163	Ve	representable	1	0	0	0	0	0
free	asahi.brep	1166	Ed	representable	2	1	0	0	0	0
free	asahi.brep	1167	Ve	representable	1	0	0	0	0	0
free	asahi.brep	1170	Ed	representable	2	1	0	0	0	0
free	asahi.brep	1171	Ve	representable	1	0	0	0	0	0
free	asahi.brep	1174	Ed	representable	2	1	0	0	0	0
free	asahi.brep	1175	Ve	representable	1	0	0	0	0	0
free	asahi.brep	1178	Ed	representable	2	1	0	0	0	0
free	asahi.brep	1180	Ve	representable	1	0	0	0	0	0
free	asahi.brep	1181	Ve	representable	1	0	0	0	0	0
free	asahi.brep	1184	Ed	representable	2	1	0	0	0	0
free	asahi.brep	1185	Ve	representable	1	0	0	0	0	0
free	asahi.brep	1188	Ed	representable	2	1	0	0	0	0
free	asahi.brep	1189	Ve	representable	1	0	0	0	0	0
free	asahi.brep	1192	Ed	representable	2	1	0	0	0	0
free	asahi.brep	1193	Ve	representable	1	0	0	0	0	0
free	asahi.brep	1196	Ed	representable	2	1	0	0	0	0
free	asahi.brep	1197	Ve	representable	1	0	0	0	0	0
free	asahi.brep	1200	Ed	representable	2	1	0	0	0	0
free	asahi.brep	1201	Ve	representable	1	0	0	0	0	0
free	asahi.brep	1204	Ed	representable	2	1	0	0	0	0
free	asahi.brep	1205	Ve	representable	1	0	0	0	0	0
free	asahi.brep	1208	Ed	representable	2	1	0	0	0	0
free	asahi.brep	1209	Ve	representable	1	0	0	0	0	0
free	asahi.brep	1212	Ed	representable	2	1	0	0	0	0
free	asahi.brep	1213	Ve	representable	1	0	0	0	0	0
free	asahi.brep	1216	Ed	representable	2	1	0	0	0	0
free	asahi.brep	1217	Ve	representable	1	0	0	0	0	0
free	asahi.brep	1220	Ed	representable	2	1	0	0	0	0
free	asahi.brep	1221	Ve	representable	1	0	0	0	0	0
free	asahi.brep	1224	Ed	representable	2	1	0	0	0	0
free	asahi.brep	1225	Ve	representable	1	0	0	0	0	0
free	asahi.brep	1228	Ed	representable	2	1	0	0	0	0
free	asahi.brep	1229	Ve	representable	1	0	0	0	0	0
free	asahi.brep	1232	Ed	representable	2	1	0	0	0	0
free	asahi.brep	1234	Ve	representable	1	0	0	0	0	0
free	asahi.brep	1235	Ve	representable	1	0	0	0	0	0
free	asahi.brep	1238	Ed	representable	2	1	0	0	0	0
free	asahi.brep	1239	Ve	representable	1	0	0	0	0	0
free	asahi.brep	1242	Ed	representable	2	1	0	0	0	0
free	asahi.brep	1243	Ve	representable	1	0	0	0	0	0
free	asahi.brep	1246	Ed	representable	2	1	0	0	0	0
free	asahi.brep	1247	Ve	representable	1	0	0	0	0	0
free	asahi.brep	1250	Ed	representable	2	1	0	0	0	0
free	asahi.brep	1251	Ve	representable	1	0	0	0	0	0
free	asahi.brep	1254	Ed	representable	2	1	0	0	0	0
free	asahi.brep	1255	Ve	representable	1	0	0	0	0	0
free	asahi.brep	1258	Ed	representable	2	1	0	0	0	0
free	asahi.brep	1259	Ve	representable	1	0	0	0	0	0
free	asahi.brep	1262	Ed	representable	2	1	0	0	0	0
free	asahi.brep	1263	Ve	representable	1	0	0	0	0	0
free	asahi.brep	1266	Ed	representable	2	1	0	0	0	0
free	asahi.brep	1267	Ve	representable	1	0	0	0	0	0
free	asahi.brep	1270	Ed	representable	2	1	0	0	0	0
free	asahi.brep	1271	Ve	representable	1	0	0	0	0	0
free	asahi.brep	1274	Ed	representable	2	1	0	0	0	0
free	asahi.brep	1275	Ve	representable	1	0	0	0	0	0
free	asahi.brep	1278	Ed	representable	2	1	0	0	0	0
free	asahi.brep	1279	Ve	representable	1	0	0	0	0	0
free	asahi.brep	1282	Ed	representable	2	1	0	0	0	0
free	asahi.brep	1283	Ve	representable	1	0	0	0	0	0
free	asahi.brep	1286	Ed	representable	2	1	0	0	0	0
free	asahi.brep	1288	Ve	representable	1	0	0	0	0	0
free	asahi.brep	1289	Ve	representable	1	0	0	0	0	0
free	asahi.brep	1292	Ed	representable	2	1	0	0	0	0
free	asahi.brep	1293	Ve	representable	1	0	0	0	0	0
free	asahi.brep	1296	Ed	representable	2	1	0	0	0	0
free	asahi.brep	1297	Ve	representable	1	0	0	0	0	0
free	asahi.brep	1300	Ed	representable	2	1	0	0	0	0
free	asahi.brep	1301	Ve	representable	1	0	0	0	0	0
free	asahi.brep	1304	Ed	representable	2	1	0	0	0	0
free	asahi.brep	1305	Ve	representable	1	0	0	0	0	0
free	asahi.brep	1308	Ed	representable	2	1	0	0	0	0
free	asahi.brep	1310	Ve	representable	1	0	0	0	0	0
free	asahi.brep	1311	Ve	representable	1	0	0	0	0	0
free	asahi.brep	1314	Ed	representable	2	1	0	0	0	0
free	asahi.brep	1315	Ve	representable	1	0	0	0	0	0
free	asahi.brep	1318	Ed	representable	2	1	0	0	0	0
free	asahi.brep	1319	Ve	representable	1	0	0	0	0	0
free	asahi.brep	1322	Ed	representable	2	1	0	0	0	0
free	asahi.brep	1323	Ve	representable	1	0	0	0	0	0
free	asahi.brep	1326	Ed	representable	2	1	0	0	0	0
free	asahi.brep	1327	Ve	representable	1	0	0	0	0	0
free	asahi.brep	1330	Ed	representable	2	1	0	0	0	0
free	asahi.brep	1331	Ve	representable	1	0	0	0	0	0
free	asahi.brep	1334	Ed	representable	2	1	0	0	0	0
free	asahi.brep	1335	Ve	representable	1	0	0	0	0	0
free	asahi.brep	1338	Ed	representable	2	1	0	0	0	0
free	asahi.brep	1339	Ve	representable	1	0	0	0	0	0
free	asahi.brep	1342	Ed	representable	2	1	0	0	0	0
free	asahi.brep	1343	Ve	representable	1	0	0	0	0	0
free	asahi.brep	1346	Ed	representable	2	1	0	0	0	0
free	asahi.brep	1347	Ve	representable	1	0	0	0	0	0
free	asahi.brep	1350	Ed	representable	2	1	0	0	0	0
free	asahi.brep	1351	Ve	representable	1	0	0	0	0	0
free	asahi.brep	1354	Ed	representable	2	1	0	0	0	0
free	asahi.brep	1355	Ve	representable	1	0	0	0	0	0
free	asahi.brep	1358	Ed	representable	2	1	0	0	0	0
free	asahi.brep	1359	Ve	representable	1	0	0	0	0	0
free	asahi.brep	1362	Ed	representable	2	1	0	0	0	0
free	asahi.brep	1363	Ve	representable	1	0	0	0	0	0
free	asahi.brep	1366	Ed	representable	2	1	0	0	0	0
free	asahi.brep	1368	Ve	representable	1	0	0	0	0	0
free	asahi.brep	1369	Ve	representable	1	0	0	0	0	0
free	asahi.brep	1372	Ed	representable	2	1	0	0	0	0
free	asahi.brep	1373	Ve	representable	1	0	0	0	0	0
free	asahi.brep	1376	Ed	representable	2	1	0	0	0	0
free	asahi.brep	1377	Ve	representable	1	0	0	0	0	0
free	asahi.brep	1380	Ed	representable	2	1	0	0	0	0
free	asahi.brep	1381	Ve	representable	1	0	0	0	0	0
free	asahi.brep	1384	Ed	representable	2	1	0	0	0	0
free	asahi.brep	1385	Ve	representable	1	0	0	0	0	0
free	asahi.brep	1388	Ed	representable	2	1	0	0	0	0
free	asahi.brep	1390	Ve	representable	1	0	0	0	0	0
free	asahi.brep	1391	Ve	representable	1	0	0	0	0	0
free	asahi.brep	1394	Ed	representable	2	1	0	0	0	0
free	asahi.brep	1395	Ve	representable	1	0	0	0	0	0
free	asahi.brep	1398	Ed	representable	2	1	0	0	0	0
free	asahi.brep	1399	Ve	representable	1	0	0	0	0	0
free	asahi.brep	1402	Ed	representable	2	1	0	0	0	0
free	asahi.brep	1403	Ve	representable	1	0	0	0	0	0
free	asahi.brep	1406	Ed	representable	2	1	0	0	0	0
free	asahi.brep	1407	Ve	representable	1	0	0	0	0	0
free	asahi.brep	1410	Ed	representable	2	1	0	0	0	0
free	asahi.brep	1411	Ve	representable	1	0	0	0	0	0
free	asahi.brep	1414	Ed	representable	2	1	0	0	0	0
free	asahi.brep	1415	Ve	representable	1	0	0	0	0	0
free	asahi.brep	1418	Ed	representable	2	1	0	0	0	0
free	asahi.brep	1419	Ve	representable	1	0	0	0	0	0
free	asahi.brep	1422	Ed	representable	2	1	0	0	0	0
free	asahi.brep	1423	Ve	representable	1	0	0	0	0	0
free	asahi.brep	1426	Ed	representable	2	1	0	0	0	0
free	asahi.brep	1427	Ve	representable	1	0	0	0	0	0
free	asahi.brep	1430	Ed	representable	2	1	0	0	0	0
free	asahi.brep	1431	Ve	representable	1	0	0	0	0	0
free	asahi.brep	1434	Ed	representable	2	1	0	0	0	0
free	asahi.brep	1436	Ve	representable	1	0	0	0	0	0
free	asahi.brep	1437	Ve	representable	1	0	0	0	0	0
free	asahi.brep	1440	Ed	representable	2	1	0	0	0	0
free	asahi.brep	1441	Ve	representable	1	0	0	0	0	0
free	asahi.brep	1444	Ed	representable	2	1	0	0	0	0
free	asahi.brep	1445	Ve	representable	1	0	0	0	0	0
free	asahi.brep	1448	Ed	representable	2	1	0	0	0	0
free	asahi.brep	1449	Ve	representable	1	0	0	0	0	0
free	asahi.brep	1452	Ed	representable	2	1	0	0	0	0
free	asahi.brep	1453	Ve	representable	1	0	0	0	0	0
free	asahi.brep	1456	Ed	representable	2	1	0	0	0	0
free	asahi.brep	1458	Ve	representable	1	0	0	0	0	0
free	asahi.brep	1459	Ve	representable	1	0	0	0	0	0
free	asahi.brep	1462	Ed	representable	2	1	0	0	0	0
free	asahi.brep	1463	Ve	representable	1	0	0	0	0	0
free	asahi.brep	1466	Ed	representable	2	1	0	0	0	0
free	asahi.brep	1467	Ve	representable	1	0	0	0	0	0
free	asahi.brep	1470	Ed	representable	2	1	0	0	0	0
free	asahi.brep	1471	Ve	representable	1	0	0	0	0	0
free	asahi.brep	1474	Ed	representable	2	1	0	0	0	0
free	asahi.brep	1475	Ve	representable	1	0	0	0	0	0
free	asahi.brep	1478	Ed	representable	2	1	0	0	0	0
free	asahi.brep	1480	Ve	representable	1	0	0	0	0	0
free	asahi.brep	1481	Ve	representable	1	0	0	0	0	0
free	asahi.brep	1484	Ed	representable	2	1	0	0	0	0
free	asahi.brep	1485	Ve	representable	1	0	0	0	0	0
free	asahi.brep	1488	Ed	representable	2	1	0	0	0	0
free	asahi.brep	1489	Ve	representable	1	0	0	0	0	0
free	asahi.brep	1492	Ed	representable	2	1	0	0	0	0
free	asahi.brep	1493	Ve	representable	1	0	0	0	0	0
free	asahi.brep	1496	Ed	representable	2	1	0	0	0	0
free	asahi.brep	1497	Ve	representable	1	0	0	0	0	0
free	asahi.brep	1500	Ed	representable	2	1	0	0	0	0
free	asahi.brep	1501	Ve	representable	1	0	0	0	0	0
free	asahi.brep	1504	Ed	representable	2	1	0	0	0	0
free	asahi.brep	1505	Ve	representable	1	0	0	0	0	0
free	asahi.brep	1508	Ed	representable	2	1	0	0	0	0
free	asahi.brep	1509	Ve	representable	1	0	0	0	0	0
free	asahi.brep	1512	Ed	representable	2	1	0	0	0	0
free	asahi.brep	1513	Ve	representable	1	0	0	0	0	0
free	asahi.brep	1516	Ed	representable	2	1	0	0	0	0
free	asahi.brep	1517	Ve	representable	1	0	0	0	0	0
free	asahi.brep	1520	Ed	representable	2	1	0	0	0	0
free	asahi.brep	1521	Ve	representable	1	0	0	0	0	0
free	asahi.brep	1524	Ed	representable	2	1	0	0	0	0
free	asahi.brep	1525	Ve	representable	1	0	0	0	0	0
free	asahi.brep	1528	Ed	representable	2	1	0	0	0	0
free	asahi.brep	1529	Ve	representable	1	0	0	0	0	0
free	asahi.brep	1532	Ed	representable	2	1	0	0	0	0
free	asahi.brep	1533	Ve	representable	1	0	0	0	0	0
free	asahi.brep	1536	Ed	representable	2	1	0	0	0	0
free	asahi.brep	1537	Ve	representable	1	0	0	0	0	0
free	asahi.brep	1540	Ed	representable	2	1	0	0	0	0
free	asahi.brep	1541	Ve	representable	1	0	0	0	0	0
free	asahi.brep	1544	Ed	representable	2	1	0	0	0	0
free	asahi.brep	1546	Ve	representable	1	0	0	0	0	0
free	asahi.brep	1547	Ve	representable	1	0	0	0	0	0
free	asahi.brep	1550	Ed	representable	2	1	0	0	0	0
free	asahi.brep	1551	Ve	representable	1	0	0	0	0	0
free	asahi.brep	1554	Ed	representable	2	1	0	0	0	0
free	asahi.brep	1555	Ve	representable	1	0	0	0	0	0
free	asahi.brep	1558	Ed	representable	2	1	0	0	0	0
free	asahi.brep	1559	Ve	representable	1	0	0	0	0	0
free	asahi.brep	1562	Ed	representable	2	1	0	0	0	0
free	asahi.brep	1563	Ve	representable	1	0	0	0	0	0
free	asahi.brep	1566	Ed	representable	2	1	0	0	0	0
free	asahi.brep	1567	Ve	representable	1	0	0	0	0	0
free	asahi.brep	1570	Ed	representable	2	1	0	0	0	0
free	asahi.brep	1571	Ve	representable	1	0	0	0	0	0
free	asahi.brep	1574	Ed	representable	2	1	0	0	0	0
free	asahi.brep	1575	Ve	representable	1	0	0	0	0	0
free	asahi.brep	1578	Ed	representable	2	1	0	0	0	0
free	asahi.brep	1579	Ve	representable	1	0	0	0	0	0
free	asahi.brep	1582	Ed	representable	2	1	0	0	0	0
free	asahi.brep	1583	Ve	representable	1	0	0	0	0	0
free	asahi.brep	1586	Ed	representable	2	1	0	0	0	0
free	asahi.brep	1587	Ve	representable	1	0	0	0	0	0
free	asahi.brep	1590	Ed	representable	2	1	0	0	0	0
free	asahi.brep	1591	Ve	representable	1	0	0	0	0	0
free	asahi.brep	1594	Ed	representable	2	1	0	0	0	0
free	asahi.brep	1595	Ve	representable	1	0	0	0	0	0
free	asahi.brep	1598	Ed	representable	2	1	0	0	0	0
free	asahi.brep	1599	Ve	representable	1	0	0	0	0	0
free	asahi.brep	1602	Ed	representable	2	1	0	0	0	0
free	asahi.brep	1603	Ve	representable	1	0	0	0	0	0
free	asahi.brep	1606	Ed	representable	2	1	0	0	0	0
free	asahi.brep	1607	Ve	representable	1	0	0	0	0	0
free	asahi.brep	1610	Ed	representable	2	1	0	0	0	0
free	asahi.brep	1612	Ve	representable	1	0	0	0	0	0
free	asahi.brep	1613	Ve	representable	1	0	0	0	0	0
free	asahi.brep	1616	Ed	representable	2	1	0	0	0	0
free	asahi.brep	1617	Ve	representable	1	0	0	0	0	0
free	asahi.brep	1620	Ed	representable	2	1	0	0	0	0
free	asahi.brep	1621	Ve	representable	1	0	0	0	0	0
free	asahi.brep	1624	Ed	representable	2	1	0	0	0	0
free	asahi.brep	1625	Ve	representable	1	0	0	0	0	0
free	asahi.brep	1628	Ed	representable	2	1	0	0	0	0
free	asahi.brep	1629	Ve	representable	1	0	0	0	0	0
free	asahi.brep	1632	Ed	representable	2	1	0	0	0	0
free	asahi.brep	1633	Ve	representable	1	0	0	0	0	0
free	asahi.brep	1636	Ed	representable	2	1	0	0	0	0
free	asahi.brep	1637	Ve	representable	1	0	0	0	0	0
free	asahi.brep	1640	Ed	representable	2	1	0	0	0	0
free	asahi.brep	1641	Ve	representable	1	0	0	0	0	0
free	asahi.brep	1644	Ed	representable	2	1	0	0	0	0
free	asahi.brep	1645	Ve	representable	1	0	0	0	0	0
free	asahi.brep	1648	Ed	representable	2	1	0	0	0	0
free	asahi.brep	1649	Ve	representable	1	0	0	0	0	0
free	asahi.brep	1652	Ed	representable	2	1	0	0	0	0
free	asahi.brep	1653	Ve	representable	1	0	0	0	0	0
free	asahi.brep	1656	Ed	representable	2	1	0	0	0	0
free	asahi.brep	1657	Ve	representable	1	0	0	0	0	0
free	asahi.brep	1660	Ed	representable	2	1	0	0	0	0
free	asahi.brep	1661	Ve	representable	1	0	0	0	0	0
free	asahi.brep	1664	Ed	representable	2	1	0	0	0	0
free	asahi.brep	1665	Ve	representable	1	0	0	0	0	0
free	asahi.brep	1668	Ed	representable	2	1	0	0	0	0
free	asahi.brep	1669	Ve	representable	1	0	0	0	0	0
free	asahi.brep	1672	Ed	representable	2	1	0	0	0	0
free	asahi.brep	1673	Ve	representable	1	0	0	0	0	0
free	asahi.brep	1676	Ed	representable	2	1	0	0	0	0
free	asahi.brep	1678	Ve	representable	1	0	0	0	0	0
free	asahi.brep	1679	Ve	representable	1	0	0	0	0	0
free	asahi.brep	1682	Ed	representable	2	1	0	0	0	0
free	asahi.brep	1683	Ve	representable	1	0	0	0	0	0
free	asahi.brep	1686	Ed	representable	2	1	0	0	0	0
free	asahi.brep	1687	Ve	representable	1	0	0	0	0	0
free	asahi.brep	1690	Ed	representable	2	1	0	0	0	0
free	asahi.brep	1691	Ve	representable	1	0	0	0	0	0
free	asahi.brep	1694	Ed	representable	2	1	0	0	0	0
free	asahi.brep	1696	Ve	representable	1	0	0	0	0	0
free	asahi.brep	1697	Ve	representable	1	0	0	0	0	0
free	asahi.brep	1700	Ed	representable	2	1	0	0	0	0
free	asahi.brep	1701	Ve	representable	1	0	0	0	0	0
free	asahi.brep	1704	Ed	representable	2	1	0	0	0	0
free	asahi.brep	1705	Ve	representable	1	0	0	0	0	0
free	asahi.brep	1708	Ed	representable	2	1	0	0	0	0
free	asahi.brep	1709	Ve	representable	1	0	0	0	0	0
free	asahi.brep	1712	Ed	representable	2	1	0	0	0	0
free	asahi.brep	1713	Ve	representable	1	0	0	0	0	0
free	asahi.brep	1716	Ed	representable	2	1	0	0	0	0
free	asahi.brep	1717	Ve	representable	1	0	0	0	0	0
free	asahi.brep	1720	Ed	representable	2	1	0	0	0	0
free	asahi.brep	1721	Ve	representable	1	0	0	0	0	0
free	asahi.brep	1724	Ed	representable	2	1	0	0	0	0
free	asahi.brep	1725	Ve	representable	1	0	0	0	0	0
free	asahi.brep	1728	Ed	representable	2	1	0	0	0	0
free	asahi.brep	1729	Ve	representable	1	0	0	0	0	0
free	asahi.brep	1732	Ed	representable	2	1	0	0	0	0
free	asahi.brep	1733	Ve	representable	1	0	0	0	0	0
free	asahi.brep	1736	Ed	representable	2	1	0	0	0	0
free	asahi.brep	1737	Ve	representable	1	0	0	0	0	0
free	asahi.brep	1740	Ed	representable	2	1	0	0	0	0
free	asahi.brep	1741	Ve	representable	1	0	0	0	0	0
free	asahi.brep	1744	Ed	representable	2	1	0	0	0	0
free	asahi.brep	1745	Ve	representable	1	0	0	0	0	0
free	asahi.brep	1748	Ed	representable	2	1	0	0	0	0
free	asahi.brep	1749	Ve	representable	1	0	0	0	0	0
free	asahi.brep	1752	Ed	representable	2	1	0	0	0	0
free	asahi.brep	1753	Ve	representable	1	0	0	0	0	0
free	asahi.brep	1756	Ed	representable	2	1	0	0	0	0
free	asahi.brep	1758	Ve	representable	1	0	0	0	0	0
free	asahi.brep	1759	Ve	representable	1	0	0	0	0	0
free	asahi.brep	1762	Ed	representable	2	1	0	0	0	0
free	asahi.brep	1763	Ve	representable	1	0	0	0	0	0
free	asahi.brep	1766	Ed	representable	2	1	0	0	0	0
free	asahi.brep	1767	Ve	representable	1	0	0	0	0	0
free	asahi.brep	1770	Ed	representable	2	1	0	0	0	0
free	asahi.brep	1771	Ve	representable	1	0	0	0	0	0
free	asahi.brep	1774	Ed	representable	2	1	0	0	0	0
free	asahi.brep	1776	Ve	representable	1	0	0	0	0	0
free	asahi.brep	1777	Ve	representable	1	0	0	0	0	0
free	asahi.brep	1780	Ed	representable	2	1	0	0	0	0
free	asahi.brep	1781	Ve	representable	1	0	0	0	0	0
free	asahi.brep	1784	Ed	representable	2	1	0	0	0	0
free	asahi.brep	1785	Ve	representable	1	0	0	0	0	0
free	asahi.brep	1788	Ed	representable	2	1	0	0	0	0
free	asahi.brep	1789	Ve	representable	1	0	0	0	0	0
free	asahi.brep	1792	Ed	representable	2	1	0	0	0	0
free	asahi.brep	1793	Ve	representable	1	0	0	0	0	0
free	asahi.brep	1796	Ed	representable	2	1	0	0	0	0
free	asahi.brep	1797	Ve	representable	1	0	0	0	0	0
free	asahi.brep	1800	Ed	representable	2	1	0	0	0	0
free	asahi.brep	1801	Ve	representable	1	0	0	0	0	0
free	asahi.brep	1804	Ed	representable	2	1	0	0	0	0
free	asahi.brep	1805	Ve	representable	1	0	0	0	0	0
free	asahi.brep	1808	Ed	representable	2	1	0	0	0	0
free	asahi.brep	1809	Ve	representable	1	0	0	0	0	0
free	asahi.brep	1812	Ed	representable	2	1	0	0	0	0
free	asahi.brep	1814	Ve	representable	1	0	0	0	0	0
free	asahi.brep	1815	Ve	representable	1	0	0	0	0	0
free	asahi.brep	1818	Ed	representable	2	1	0	0	0	0
free	asahi.brep	1819	Ve	representable	1	0	0	0	0	0
free	asahi.brep	1822	Ed	representable	2	1	0	0	0	0
free	asahi.brep	1823	Ve	representable	1	0	0	0	0	0
free	asahi.brep	1826	Ed	representable	2	1	0	0	0	0
free	asahi.brep	1827	Ve	representable	1	0	0	0	0	0
free	asahi.brep	1830	Ed	representable	2	1	0	0	0	0
free	asahi.brep	1831	Ve	representable	1	0	0	0	0	0
free	asahi.brep	1834	Ed	representable	2	1	0	0	0	0
free	asahi.brep	1835	Ve	representable	1	0	0	0	0	0
free	asahi.brep	1838	Ed	representable	2	1	0	0	0	0
free	asahi.brep	1839	Ve	representable	1	0	0	0	0	0
free	asahi.brep	1842	Ed	representable	2	1	0	0	0	0
free	asahi.brep	1843	Ve	representable	1	0	0	0	0	0
free	asahi.brep	1846	Ed	representable	2	1	0	0	0	0
free	asahi.brep	1847	Ve	representable	1	0	0	0	0	0
free	asahi.brep	1850	Ed	representable	2	1	0	0	0	0
free	asahi.brep	1851	Ve	representable	1	0	0	0	0	0
free	asahi.brep	1854	Ed	representable	2	1	0	0	0	0
free	asahi.brep	1855	Ve	representable	1	0	0	0	0	0
free	asahi.brep	1858	Ed	representable	2	1	0	0	0	0
free	asahi.brep	1859	Ve	representable	1	0	0	0	0	0
free	asahi.brep	1862	Ed	representable	2	1	0	0	0	0
free	asahi.brep	1863	Ve	representable	1	0	0	0	0	0
free	asahi.brep	1866	Ed	representable	2	1	0	0	0	0
free	asahi.brep	1867	Ve	representable	1	0	0	0	0	0
free	asahi.brep	1870	Ed	representable	2	1	0	0	0	0
free	asahi.brep	1871	Ve	representable	1	0	0	0	0	0
free	asahi.brep	1874	Ed	representable	2	1	0	0	0	0
free	asahi.brep	1875	Ve	representable	1	0	0	0	0	0
free	asahi.brep	1878	Ed	representable	2	1	0	0	0	0
free	asahi.brep	1880	Ve	representable	1	0	0	0	0	0
free	asahi.brep	1881	Ve	representable	1	0	0	0	0	0
free	asahi.brep	1884	Ed	representable	2	1	0	0	0	0
free	asahi.brep	1885	Ve	representable	1	0	0	0	0	0
free	asahi.brep	1888	Ed	representable	2	1	0	0	0	0
free	asahi.brep	1889	Ve	representable	1	0	0	0	0	0
free	asahi.brep	1892	Ed	representable	2	1	0	0	0	0
free	asahi.brep	1893	Ve	representable	1	0	0	0	0	0
free	asahi.brep	1896	Ed	representable	2	1	0	0	0	0
free	asahi.brep	1898	Ve	representable	1	0	0	0	0	0
free	asahi.brep	1899	Ve	representable	1	0	0	0	0	0
free	asahi.brep	1902	Ed	representable	2	1	0	0	0	0
free	asahi.brep	1903	Ve	representable	1	0	0	0	0	0
free	asahi.brep	1906	Ed	representable	2	1	0	0	0	0
free	asahi.brep	1907	Ve	representable	1	0	0	0	0	0
free	asahi.brep	1910	Ed	representable	2	1	0	0	0	0
free	asahi.brep	1911	Ve	representable	1	0	0	0	0	0
free	asahi.brep	1914	Ed	representable	2	1	0	0	0	0
free	asahi.brep	1915	Ve	representable	1	0	0	0	0	0
free	asahi.brep	1918	Ed	representable	2	1	0	0	0	0
free	asahi.brep	1919	Ve	representable	1	0	0	0	0	0
free	asahi.brep	1922	Ed	representable	2	1	0	0	0	0
free	asahi.brep	1923	Ve	representable	1	0	0	0	0	0
free	asahi.brep	1926	Ed	representable	2	1	0	0	0	0
free	asahi.brep	1927	Ve	representable	1	0	0	0	0	0
free	asahi.brep	1930	Ed	representable	2	1	0	0	0	0
free	asahi.brep	1931	Ve	representable	1	0	0	0	0	0
free	asahi.brep	1934	Ed	representable	2	1	0	0	0	0
free	asahi.brep	1935	Ve	representable	1	0	0	0	0	0
free	asahi.brep	1938	Ed	representable	2	1	0	0	0	0
free	asahi.brep	1939	Ve	representable	1	0	0	0	0	0
free	asahi.brep	1942	Ed	representable	2	1	0	0	0	0
free	asahi.brep	1943	Ve	representable	1	0	0	0	0	0
free	asahi.brep	1946	Ed	representable	2	1	0	0	0	0
free	asahi.brep	1948	Ve	representable	1	0	0	0	0	0
free	asahi.brep	1949	Ve	representable	1	0	0	0	0	0
free	asahi.brep	1952	Ed	representable	2	1	0	0	0	0
free	asahi.brep	1953	Ve	representable	1	0	0	0	0	0
free	asahi.brep	1956	Ed	representable	2	1	0	0	0	0
free	asahi.brep	1957	Ve	representable	1	0	0	0	0	0
free	asahi.brep	1960	Ed	representable	2	1	0	0	0	0
free	asahi.brep	1961	Ve	representable	1	0	0	0	0	0
free	asahi.brep	1964	Ed	representable	2	1	0	0	0	0
free	asahi.brep	1965	Ve	representable	1	0	0	0	0	0
free	asahi.brep	1968	Ed	representable	2	1	0	0	0	0
free	asahi.brep	1969	Ve	representable	1	0	0	0	0	0
free	asahi.brep	1972	Ed	representable	2	1	0	0	0	0
free	asahi.brep	1973	Ve	representable	1	0	0	0	0	0
free	asahi.brep	1976	Ed	representable	2	1	0	0	0	0
free	asahi.brep	1977	Ve	representable	1	0	0	0	0	0
free	asahi.brep	1980	Ed	representable	2	1	0	0	0	0
free	asahi.brep	1981	Ve	representable	1	0	0	0	0	0
free	asahi.brep	1984	Ed	representable	2	1	0	0	0	0
free	asahi.brep	1985	Ve	representable	1	0	0	0	0	0
free	asahi.brep	1988	Ed	representable	2	1	0	0	0	0
free	asahi.brep	1989	Ve	representable	1	0	0	0	0	0
free	asahi.brep	1992	Ed	representable	2	1	0	0	0	0
free	asahi.brep	1993	Ve	representable	1	0	0	0	0	0
free	asahi.brep	1996	Ed	representable	2	1	0	0	0	0
free	asahi.brep	1997	Ve	representable	1	0	0	0	0	0
free	asahi.brep	2000	Ed	representable	2	1	0	0	0	0
free	asahi.brep	2001	Ve	representable	1	0	0	0	0	0
free	asahi.brep	2004	Ed	representable	2	1	0	0	0	0
free	asahi.brep	2005	Ve	representable	1	0	0	0	0	0
free	asahi.brep	2008	Ed	representable	2	1	0	0	0	0
free	asahi.brep	2010	Ve	representable	1	0	0	0	0	0
free	asahi.brep	2011	Ve	representable	1	0	0	0	0	0
free	asahi.brep	2014	Ed	representable	2	1	0	0	0	0
free	asahi.brep	2015	Ve	representable	1	0	0	0	0	0
free	asahi.brep	2018	Ed	representable	2	1	0	0	0	0
free	asahi.brep	2019	Ve	representable	1	0	0	0	0	0
free	asahi.brep	2022	Ed	representable	2	1	0	0	0	0
free	asahi.brep	2023	Ve	representable	1	0	0	0	0	0
free	asahi.brep	2026	Ed	representable	2	1	0	0	0	0
free	asahi.brep	2027	Ve	representable	1	0	0	0	0	0
free	asahi.brep	2030	Ed	representable	2	1	0	0	0	0
free	asahi.brep	2031	Ve	representable	1	0	0	0	0	0
free	asahi.brep	2034	Ed	representable	2	1	0	0	0	0
free	asahi.brep	2035	Ve	representable	1	0	0	0	0	0
free	asahi.brep	2038	Ed	representable	2	1	0	0	0	0
free	asahi.brep	2039	Ve	representable	1	0	0	0	0	0
free	asahi.brep	2042	Ed	representable	2	1	0	0	0	0
free	asahi.brep	2043	Ve	representable	1	0	0	0	0	0
free	asahi.brep	2046	Ed	representable	2	1	0	0	0	0
free	asahi.brep	2047	Ve	representable	1	0	0	0	0	0
free	asahi.brep	2050	Ed	representable	2	1	0	0	0	0
free	asahi.brep	2051	Ve	representable	1	0	0	0	0	0
free	asahi.brep	2054	Ed	representable	2	1	0	0	0	0
free	asahi.brep	2055	Ve	representable	1	0	0	0	0	0
free	asahi.brep	2058	Ed	representable	2	1	0	0	0	0
free	asahi.brep	2059	Ve	representable	1	0	0	0	0	0
free	asahi.brep	2062	Ed	representable	2	1	0	0	0	0
free	asahi.brep	2063	Ve	representable	1	0	0	0	0	0
free	asahi.brep	2066	Ed	representable	2	1	0	0	0	0
free	asahi.brep	2068	Ve	representable	1	0	0	0	0	0
free	asahi.brep	2069	Ve	representable	1	0	0	0	0	0
free	asahi.brep	2072	Ed	representable	2	1	0	0	0	0
free	asahi.brep	2073	Ve	representable	1	0	0	0	0	0
free	asahi.brep	2076	Ed	representable	2	1	0	0	0	0
free	asahi.brep	2077	Ve	representable	1	0	0	0	0	0
free	asahi.brep	2080	Ed	representable	2	1	0	0	0	0
free	asahi.brep	2081	Ve	representable	1	0	0	0	0	0
free	asahi.brep	2084	Ed	representable	2	1	0	0	0	0
free	asahi.brep	2085	Ve	representable	1	0	0	0	0	0
free	asahi.brep	2088	Ed	representable	2	1	0	0	0	0
free	asahi.brep	2089	Ve	representable	1	0	0	0	0	0
free	asahi.brep	2092	Ed	representable	2	1	0	0	0	0
free	asahi.brep	2093	Ve	representable	1	0	0	0	0	0
free	asahi.brep	2096	Ed	representable	2	1	0	0	0	0
free	asahi.brep	2097	Ve	representable	1	0	0	0	0	0
free	asahi.brep	2100	Ed	representable	2	1	0	0	0	0
free	asahi.brep	2101	Ve	representable	1	0	0	0	0	0
free	asahi.brep	2104	Ed	representable	2	1	0	0	0	0
free	asahi.brep	2105	Ve	representable	1	0	0	0	0	0
free	asahi.brep	2108	Ed	representable	2	1	0	0	0	0
free	asahi.brep	2109	Ve	representable	1	0	0	0	0	0
free	asahi.brep	2112	Ed	representable	2	1	0	0	0	0
free	asahi.brep	2113	Ve	representable	1	0	0	0	0	0
free	asahi.brep	2116	Ed	representable	2	1	0	0	0	0
free	asahi.brep	2117	Ve	representable	1	0	0	0	0	0
free	asahi.brep	2120	Ed	representable	2	1	0	0	0	0
free	asahi.brep	2121	Ve	representable	1	0	0	0	0	0
free	asahi.brep	2124	Ed	representable	2	1	0	0	0	0
free	asahi.brep	2125	Ve	representable	1	0	0	0	0	0
free	asahi.brep	2128	Ed	representable	2	1	0	0	0	0
free	asahi.brep	2129	Ve	representable	1	0	0	0	0	0
free	asahi.brep	2132	Ed	representable	2	1	0	0	0	0
free	asahi.brep	2133	Ve	representable	1	0	0	0	0	0
free	asahi.brep	2136	Ed	representable	2	1	0	0	0	0
free	asahi.brep	2137	Ve	representable	1	0	0	0	0	0
free	asahi.brep	2140	Ed	representable	2	1	0	0	0	0
free	asahi.brep	2141	Ve	representable	1	0	0	0	0	0
free	asahi.brep	2144	Ed	representable	2	1	0	0	0	0
free	asahi.brep	2145	Ve	representable	1	0	0	0	0	0
free	asahi.brep	2148	Ed	representable	2	1	0	0	0	0
free	asahi.brep	2149	Ve	representable	1	0	0	0	0	0
free	asahi.brep	2152	Ed	representable	2	1	0	0	0	0
free	asahi.brep	2153	Ve	representable	1	0	0	0	0	0
free	asahi.brep	2156	Ed	representable	2	1	0	0	0	0
free	asahi.brep	2157	Ve	representable	1	0	0	0	0	0
free	asahi.brep	2160	Ed	representable	2	1	0	0	0	0
free	asahi.brep	2161	Ve	representable	1	0	0	0	0	0
free	asahi.brep	2164	Ed	representable	2	1	0	0	0	0
free	asahi.brep	2165	Ve	representable	1	0	0	0	0	0
free	asahi.brep	2168	Ed	representable	2	1	0	0	0	0
free	asahi.brep	2170	Ve	representable	1	0	0	0	0	0
free	asahi.brep	2171	Ve	representable	1	0	0	0	0	0
free	asahi.brep	2174	Ed	representable	2	1	0	0	0	0
free	asahi.brep	2175	Ve	representable	1	0	0	0	0	0
free	asahi.brep	2178	Ed	representable	2	1	0	0	0	0
free	asahi.brep	2180	Ve	representable	1	0	0	0	0	0
free	asahi.brep	2181	Ve	representable	1	0	0	0	0	0
free	asahi.brep	2184	Ed	representable	2	1	0	0	0	0
free	asahi.brep	2185	Ve	representable	1	0	0	0	0	0
free	asahi.brep	2188	Ed	representable	2	1	0	0	0	0
free	asahi.brep	2189	Ve	representable	1	0	0	0	0	0
free	asahi.brep	2192	Ed	representable	2	1	0	0	0	0
free	asahi.brep	2193	Ve	representable	1	0	0	0	0	0
free	asahi.brep	2196	Ed	representable	2	1	0	0	0	0
free	asahi.brep	2197	Ve	representable	1	0	0	0	0	0
free	asahi.brep	2200	Ed	representable	2	1	0	0	0	0
free	asahi.brep	2202	Ve	representable	1	0	0	0	0	0
free	asahi.brep	2203	Ve	representable	1	0	0	0	0	0
free	asahi.brep	2206	Ed	representable	2	1	0	0	0	0
free	asahi.brep	2207	Ve	representable	1	0	0	0	0	0
free	asahi.brep	2210	Ed	representable	2	1	0	0	0	0
free	asahi.brep	2211	Ve	representable	1	0	0	0	0	0
free	asahi.brep	2214	Ed	representable	2	1	0	0	0	0
free	asahi.brep	2215	Ve	representable	1	0	0	0	0	0
free	asahi.brep	2218	Ed	representable	2	1	0	0	0	0
free	asahi.brep	2219	Ve	representable	1	0	0	0	0	0
free	asahi.brep	2222	Ed	representable	2	1	0	0	0	0
free	asahi.brep	2223	Ve	representable	1	0	0	0	0	0
free	asahi.brep	2226	Ed	representable	2	1	0	0	0	0
free	asahi.brep	2227	Ve	representable	1	0	0	0	0	0
free	asahi.brep	2230	Ed	representable	2	1	0	0	0	0
free	asahi.brep	2231	Ve	representable	1	0	0	0	0	0
free	asahi.brep	2234	Ed	representable	2	1	0	0	0	0
free	asahi.brep	2236	Ve	representable	1	0	0	0	0	0
free	asahi.brep	2237	Ve	representable	1	0	0	0	0	0
free	asahi.brep	2240	Ed	representable	2	1	0	0	0	0
free	asahi.brep	2241	Ve	representable	1	0	0	0	0	0
free	asahi.brep	2244	Ed	representable	2	1	0	0	0	0
free	asahi.brep	2245	Ve	representable	1	0	0	0	0	0
free	asahi.brep	2248	Ed	representable	2	1	0	0	0	0
free	asahi.brep	2249	Ve	representable	1	0	0	0	0	0
free	asahi.brep	2252	Ed	representable	2	1	0	0	0	0
free	asahi.brep	2254	Ve	representable	1	0	0	0	0	0
free	asahi.brep	2255	Ve	representable	1	0	0	0	0	0
free	asahi.brep	2258	Ed	representable	2	1	0	0	0	0
free	asahi.brep	2259	Ve	representable	1	0	0	0	0	0
free	asahi.brep	2262	Ed	representable	2	1	0	0	0	0
free	asahi.brep	2263	Ve	representable	1	0	0	0	0	0
free	asahi.brep	2266	Ed	representable	2	1	0	0	0	0
free	asahi.brep	2267	Ve	representable	1	0	0	0	0	0
free	asahi.brep	2270	Ed	representable	2	1	0	0	0	0
free	asahi.brep	2272	Ve	representable	1	0	0	0	0	0
free	asahi.brep	2273	Ve	representable	1	0	0	0	0	0
free	asahi.brep	2276	Ed	representable	2	1	0	0	0	0
free	asahi.brep	2277	Ve	representable	1	0	0	0	0	0
free	asahi.brep	2280	Ed	representable	2	1	0	0	0	0
free	asahi.brep	2281	Ve	representable	1	0	0	0	0	0
free	asahi.brep	2284	Ed	representable	2	1	0	0	0	0
free	asahi.brep	2285	Ve	representable	1	0	0	0	0	0
free	asahi.brep	2288	Ed	representable	2	1	0	0	0	0
free	asahi.brep	2289	Ve	representable	1	0	0	0	0	0
free	asahi.brep	2292	Ed	representable	2	1	0	0	0	0
free	asahi.brep	2293	Ve	representable	1	0	0	0	0	0
free	asahi.brep	2296	Ed	representable	2	1	0	0	0	0
free	asahi.brep	2297	Ve	representable	1	0	0	0	0	0
free	asahi.brep	2300	Ed	representable	2	1	0	0	0	0
free	asahi.brep	2301	Ve	representable	1	0	0	0	0	0
free	asahi.brep	2304	Ed	representable	2	1	0	0	0	0
free	asahi.brep	2306	Ve	representable	1	0	0	0	0	0
free	asahi.brep	2307	Ve	representable	1	0	0	0	0	0
free	asahi.brep	2310	Ed	representable	2	1	0	0	0	0
free	asahi.brep	2311	Ve	representable	1	0	0	0	0	0
free	asahi.brep	2314	Ed	representable	2	1	0	0	0	0
free	asahi.brep	2315	Ve	representable	1	0	0	0	0	0
free	asahi.brep	2318	Ed	representable	2	1	0	0	0	0
free	asahi.brep	2319	Ve	representable	1	0	0	0	0	0
free	asahi.brep	2322	Ed	representable	2	1	0	0	0	0
free	asahi.brep	2323	Ve	representable	1	0	0	0	0	0
free	asahi.brep	2326	Ed	representable	2	1	0	0	0	0
free	asahi.brep	2327	Ve	representable	1	0	0	0	0	0
free	asahi.brep	2330	Ed	representable	2	1	0	0	0	0
free	asahi.brep	2331	Ve	representable	1	0	0	0	0	0
free	asahi.brep	2334	Ed	representable	2	1	0	0	0	0
free	asahi.brep	2335	Ve	representable	1	0	0	0	0	0
free	asahi.brep	2338	Ed	representable	2	1	0	0	0	0
free	asahi.brep	2339	Ve	representable	1	0	0	0	0	0
free	asahi.brep	2342	Ed	representable	2	1	0	0	0	0
free	asahi.brep	2343	Ve	representable	1	0	0	0	0	0
free	asahi.brep	2346	Ed	representable	2	1	0	0	0	0
free	asahi.brep	2347	Ve	representable	1	0	0	0	0	0
free	asahi.brep	2350	Ed	representable	2	1	0	0	0	0
free	asahi.brep	2351	Ve	representable	1	0	0	0	0	0
free	asahi.brep	2354	Ed	representable	2	1	0	0	0	0
free	asahi.brep	2355	Ve	representable	1	0	0	0	0	0
free	asahi.brep	2358	Ed	representable	2	1	0	0	0	0
free	asahi.brep	2359	Ve	representable	1	0	0	0	0	0
free	asahi.brep	2362	Ed	representable	2	1	0	0	0	0
free	asahi.brep	2363	Ve	representable	1	0	0	0	0	0
free	asahi.brep	2366	Ed	representable	2	1	0	0	0	0
free	asahi.brep	2367	Ve	representable	1	0	0	0	0	0
free	asahi.brep	2370	Ed	representable	2	1	0	0	0	0
free	asahi.brep	2371	Ve	representable	1	0	0	0	0	0
free	asahi.brep	2374	Ed	representable	2	1	0	0	0	0
free	asahi.brep	2375	Ve	representable	1	0	0	0	0	0
free	asahi.brep	2378	Ed	representable	2	1	0	0	0	0
free	asahi.brep	2379	Ve	representable	1	0	0	0	0	0
free	asahi.brep	2382	Ed	representable	2	1	0	0	0	0
free	asahi.brep	2384	Ve	representable	1	0	0	0	0	0
free	asahi.brep	2385	Ve	representable	1	0	0	0	0	0
free	asahi.brep	2388	Ed	representable	2	1	0	0	0	0
free	asahi.brep	2389	Ve	representable	1	0	0	0	0	0
free	asahi.brep	2392	Ed	representable	2	1	0	0	0	0
free	asahi.brep	2394	Ve	representable	1	0	0	0	0	0
free	asahi.brep	2395	Ve	representable	1	0	0	0	0	0
free	asahi.brep	2398	Ed	representable	2	1	0	0	0	0
free	asahi.brep	2399	Ve	representable	1	0	0	0	0	0
free	asahi.brep	2402	Ed	representable	2	1	0	0	0	0
free	asahi.brep	2403	Ve	representable	1	0	0	0	0	0
free	asahi.brep	2406	Ed	representable	2	1	0	0	0	0
free	asahi.brep	2407	Ve	representable	1	0	0	0	0	0
free	asahi.brep	2410	Ed	representable	2	1	0	0	0	0
free	asahi.brep	2412	Ve	representable	1	0	0	0	0	0
free	asahi.brep	2413	Ve	representable	1	0	0	0	0	0
free	asahi.brep	2416	Ed	representable	2	1	0	0	0	0
free	asahi.brep	2417	Ve	representable	1	0	0	0	0	0
free	asahi.brep	2420	Ed	representable	2	1	0	0	0	0
free	asahi.brep	2421	Ve	representable	1	0	0	0	0	0
free	asahi.brep	2424	Ed	representable	2	1	0	0	0	0
free	asahi.brep	2425	Ve	representable	1	0	0	0	0	0
free	asahi.brep	2428	Ed	representable	2	1	0	0	0	0
free	asahi.brep	2430	Ve	representable	1	0	0	0	0	0
free	asahi.brep	2431	Ve	representable	1	0	0	0	0	0
free	asahi.brep	2434	Ed	representable	2	1	0	0	0	0
free	asahi.brep	2435	Ve	representable	1	0	0	0	0	0
free	asahi.brep	2438	Ed	representable	2	1	0	0	0	0
free	asahi.brep	2440	Ve	representable	1	0	0	0	0	0
free	asahi.brep	2441	Ve	representable	1	0	0	0	0	0
free	asahi.brep	2444	Ed	representable	2	1	0	0	0	0
free	asahi.brep	2446	Ve	representable	1	0	0	0	0	0
free	asahi.brep	2447	Ve	representable	1	0	0	0	0	0
free	asahi.brep	2450	Ed	representable	2	1	0	0	0	0
free	asahi.brep	2452	Ve	representable	1	0	0	0	0	0
free	asahi.brep	2453	Ve	representable	1	0	0	0	0	0
free	asahi.brep	2456	Ed	representable	2	1	0	0	0	0
free	asahi.brep	2457	Ve	representable	1	0	0	0	0	0
free	asahi.brep	2460	Ed	representable	2	1	0	0	0	0
free	asahi.brep	2462	Ve	representable	1	0	0	0	0	0
free	asahi.brep	2463	Ve	representable	1	0	0	0	0	0
free	asahi.brep	2466	Ed	representable	2	1	0	0	0	0
free	asahi.brep	2468	Ve	representable	1	0	0	0	0	0
free	asahi.brep	2469	Ve	representable	1	0	0	0	0	0
free	asahi.brep	2472	Ed	representable	2	1	0	0	0	0
free	asahi.brep	2474	Ve	representable	1	0	0	0	0	0
free	asahi.brep	2475	Ve	representable	1	0	0	0	0	0
free	asahi.brep	2478	Ed	representable	2	1	0	0	0	0
free	asahi.brep	2480	Ve	representable	1	0	0	0	0	0
free	asahi.brep	2481	Ve	representable	1	0	0	0	0	0
free	asahi.brep	2484	Ed	representable	2	1	0	0	0	0
free	asahi.brep	2486	Ve	representable	1	0	0	0	0	0
free	asahi.brep	2487	Ve	representable	1	0	0	0	0	0
free	asahi.brep	2490	Ed	representable	2	1	0	0	0	0
free	asahi.brep	2492	Ve	representable	1	0	0	0	0	0
free	asahi.brep	2493	Ve	representable	1	0	0	0	0	0
free	asahi.brep	2496	Ed	representable	2	1	0	0	0	0
free	asahi.brep	2498	Ve	representable	1	0	0	0	0	0
free	asahi.brep	2499	Ve	representable	1	0	0	0	0	0
free	asahi.brep	2502	Ed	representable	2	1	0	0	0	0
free	asahi.brep	2504	Ve	representable	1	0	0	0	0	0
free	asahi.brep	2505	Ve	representable	1	0	0	0	0	0
free	asahi.brep	2508	Ed	representable	2	1	0	0	0	0
free	asahi.brep	2510	Ve	representable	1	0	0	0	0	0
free	asahi.brep	2511	Ve	representable	1	0	0	0	0	0
free	asahi.brep	2514	Ed	representable	2	1	0	0	0	0
free	asahi.brep	2516	Ve	representable	1	0	0	0	0	0
free	asahi.brep	2517	Ve	representable	1	0	0	0	0	0
free	asahi.brep	2520	Ed	representable	2	1	0	0	0	0
free	asahi.brep	2522	Ve	representable	1	0	0	0	0	0
free	asahi.brep	2523	Ve	representable	1	0	0	0	0	0
free	asahi.brep	2526	Ed	representable	2	1	0	0	0	0
free	asahi.brep	2528	Ve	representable	1	0	0	0	0	0
free	asahi.brep	2529	Ve	representable	1	0	0	0	0	0
free	asahi.brep	2532	Ed	representable	2	1	0	0	0	0
free	asahi.brep	2534	Ve	representable	1	0	0	0	0	0
free	asahi.brep	2535	Ve	representable	1	0	0	0	0	0
free	asahi.brep	2538	Ed	representable	2	1	0	0	0	0
free	asahi.brep	2540	Ve	representable	1	0	0	0	0	0
free	asahi.brep	2541	Ve	representable	1	0	0	0	0	0
free	asahi.brep	2544	Ed	representable	2	1	0	0	0	0
free	asahi.brep	2546	Ve	representable	1	0	0	0	0	0
free	asahi.brep	2547	Ve	representable	1	0	0	0	0	0
free	asahi.brep	2550	Ed	representable	2	1	0	0	0	0
free	asahi.brep	2552	Ve	representable	1	0	0	0	0	0
free	asahi.brep	2553	Ve	representable	1	0	0	0	0	0
free	asahi.brep	2556	Ed	representable	2	1	0	0	0	0
free	asahi.brep	2558	Ve	representable	1	0	0	0	0	0
free	asahi.brep	2559	Ve	representable	1	0	0	0	0	0
free	asahi.brep	2562	Ed	representable	2	1	0	0	0	0
free	asahi.brep	2564	Ve	representable	1	0	0	0	0	0
free	asahi.brep	2565	Ve	representable	1	0	0	0	0	0
free	asahi.brep	2568	Ed	representable	2	1	0	0	0	0
free	asahi.brep	2570	Ve	representable	1	0	0	0	0	0
free	asahi.brep	2571	Ve	representable	1	0	0	0	0	0
free	asahi.brep	2574	Ed	representable	2	1	0	0	0	0
free	asahi.brep	2576	Ve	representable	1	0	0	0	0	0
free	asahi.brep	2577	Ve	representable	1	0	0	0	0	0
free	asahi.brep	2580	Ed	representable	2	1	0	0	0	0
free	asahi.brep	2582	Ve	representable	1	0	0	0	0	0
free	asahi.brep	2583	Ve	representable	1	0	0	0	0	0
free	asahi.brep	2586	Ed	representable	2	1	0	0	0	0
free	asahi.brep	2588	Ve	representable	1	0	0	0	0	0
free	asahi.brep	2589	Ve	representable	1	0	0	0	0	0
free	asahi.brep	2592	Ed	representable	2	1	0	0	0	0
free	asahi.brep	2594	Ve	representable	1	0	0	0	0	0
free	asahi.brep	2595	Ve	representable	1	0	0	0	0	0
free	asahi.brep	2598	Ed	representable	2	1	0	0	0	0
free	asahi.brep	2599	Ve	representable	1	0	0	0	0	0
free	asahi.brep	2602	Ed	representable	2	1	0	0	0	0
free	asahi.brep	2603	Ve	representable	1	0	0	0	0	0
free	asahi.brep	2606	Ed	representable	2	1	0	0	0	0
free	asahi.brep	2607	Ve	representable	1	0	0	0	0	0
free	asahi.brep	2610	Ed	representable	2	1	0	0	0	0
free	asahi.brep	2612	Ve	representable	1	0	0	0	0	0
free	asahi.brep	2613	Ve	representable	1	0	0	0	0	0
free	asahi.brep	2616	Ed	representable	2	1	0	0	0	0
free	asahi.brep	2617	Ve	representable	1	0	0	0	0	0
free	asahi.brep	2620	Ed	representable	2	1	0	0	0	0
free	asahi.brep	2621	Ve	representable	1	0	0	0	0	0
free	asahi.brep	2624	Ed	representable	2	1	0	0	0	0
free	asahi.brep	2625	Ve	representable	1	0	0	0	0	0
free	asahi.brep	2628	Ed	representable	2	1	0	0	0	0
free	asahi.brep	2629	Ve	representable	1	0	0	0	0	0
free	asahi.brep	2632	Ed	representable	2	1	0	0	0	0
free	asahi.brep	2634	Ve	representable	1	0	0	0	0	0
free	asahi.brep	2635	Ve	representable	1	0	0	0	0	0
free	asahi.brep	2638	Ed	representable	2	1	0	0	0	0
free	asahi.brep	2639	Ve	representable	1	0	0	0	0	0
free	asahi.brep	2642	Ed	representable	2	1	0	0	0	0
free	asahi.brep	2643	Ve	representable	1	0	0	0	0	0
free	asahi.brep	2646	Ed	representable	2	1	0	0	0	0
free	asahi.brep	2647	Ve	representable	1	0	0	0	0	0
free	asahi.brep	2650	Ed	representable	2	1	0	0	0	0
free	asahi.brep	2651	Ve	representable	1	0	0	0	0	0
free	asahi.brep	2654	Ed	representable	2	1	0	0	0	0
free	asahi.brep	2656	Ve	representable	1	0	0	0	0	0
free	asahi.brep	2657	Ve	representable	1	0	0	0	0	0
free	asahi.brep	2660	Ed	representable	2	1	0	0	0	0
free	asahi.brep	2662	Ve	representable	1	0	0	0	0	0
free	asahi.brep	2663	Ve	representable	1	0	0	0	0	0
free	asahi.brep	2666	Ed	representable	2	1	0	0	0	0
free	asahi.brep	2668	Ve	representable	1	0	0	0	0	0
free	asahi.brep	2669	Ve	representable	1	0	0	0	0	0
free	asahi.brep	2672	Ed	representable	2	1	0	0	0	0
free	asahi.brep	2674	Ve	representable	1	0	0	0	0	0
free	asahi.brep	2675	Ve	representable	1	0	0	0	0	0
free	asahi.brep	2678	Ed	representable	2	1	0	0	0	0
free	asahi.brep	2680	Ve	representable	1	0	0	0	0	0
free	asahi.brep	2681	Ve	representable	1	0	0	0	0	0
free	asahi.brep	2684	Ed	representable	2	1	0	0	0	0
free	asahi.brep	2685	Ve	representable	1	0	0	0	0	0
free	asahi.brep	2688	Ed	representable	2	1	0	0	0	0
free	asahi.brep	2689	Ve	representable	1	0	0	0	0	0
free	asahi.brep	2692	Ed	representable	2	1	0	0	0	0
free	asahi.brep	2693	Ve	representable	1	0	0	0	0	0
free	asahi.brep	2696	Ed	representable	2	1	0	0	0	0
free	asahi.brep	2697	Ve	representable	1	0	0	0	0	0
free	asahi.brep	2700	Ed	representable	2	1	0	0	0	0
free	asahi.brep	2701	Ve	representable	1	0	0	0	0	0
free	asahi.brep	2704	Ed	representable	2	1	0	0	0	0
free	asahi.brep	2705	Ve	representable	1	0	0	0	0	0
free	asahi.brep	2708	Ed	representable	2	1	0	0	0	0
free	asahi.brep	2710	Ve	representable	1	0	0	0	0	0
free	asahi.brep	2711	Ve	representable	1	0	0	0	0	0
free	asahi.brep	2714	Ed	representable	2	1	0	0	0	0
free	asahi.brep	2715	Ve	representable	1	0	0	0	0	0
free	asahi.brep	2718	Ed	representable	2	1	0	0	0	0
free	asahi.brep	2719	Ve	representable	1	0	0	0	0	0
free	asahi.brep	2722	Ed	representable	2	1	0	0	0	0
free	asahi.brep	2723	Ve	representable	1	0	0	0	0	0
free	asahi.brep	2726	Ed	representable	2	1	0	0	0	0
free	asahi.brep	2728	Ve	representable	1	0	0	0	0	0
free	asahi.brep	2729	Ve	representable	1	0	0	0	0	0
free	asahi.brep	2732	Ed	representable	2	1	0	0	0	0
free	asahi.brep	2733	Ve	representable	1	0	0	0	0	0
free	asahi.brep	2736	Ed	representable	2	1	0	0	0	0
free	asahi.brep	2737	Ve	representable	1	0	0	0	0	0
free	asahi.brep	2740	Ed	representable	2	1	0	0	0	0
free	asahi.brep	2741	Ve	representable	1	0	0	0	0	0
free	asahi.brep	2744	Ed	representable	2	1	0	0	0	0
free	asahi.brep	2746	Ve	representable	1	0	0	0	0	0
free	asahi.brep	2747	Ve	representable	1	0	0	0	0	0
free	asahi.brep	2750	Ed	representable	2	1	0	0	0	0
free	asahi.brep	2752	Ve	representable	1	0	0	0	0	0
free	asahi.brep	2753	Ve	representable	1	0	0	0	0	0
free	asahi.brep	2756	Ed	representable	2	1	0	0	0	0
free	asahi.brep	2757	Ve	representable	1	0	0	0	0	0
free	asahi.brep	2760	Ed	representable	2	1	0	0	0	0
free	asahi.brep	2762	Ve	representable	1	0	0	0	0	0
free	asahi.brep	2763	Ve	representable	1	0	0	0	0	0
free	asahi.brep	2766	Ed	representable	2	1	0	0	0	0
free	asahi.brep	2767	Ve	representable	1	0	0	0	0	0
free	asahi.brep	2770	Ed	representable	2	1	0	0	0	0
free	asahi.brep	2771	Ve	representable	1	0	0	0	0	0
free	asahi.brep	2774	Ed	representable	2	1	0	0	0	0
free	asahi.brep	2775	Ve	representable	1	0	0	0	0	0
free	asahi.brep	2778	Ed	representable	2	1	0	0	0	0
free	asahi.brep	2779	Ve	representable	1	0	0	0	0	0
free	asahi.brep	2782	Ed	representable	2	1	0	0	0	0
free	asahi.brep	2784	Ve	representable	1	0	0	0	0	0
free	asahi.brep	2785	Ve	representable	1	0	0	0	0	0
free	asahi.brep	2788	Ed	representable	2	1	0	0	0	0
free	asahi.brep	2789	Ve	representable	1	0	0	0	0	0
free	asahi.brep	2792	Ed	representable	2	1	0	0	0	0
free	asahi.brep	2794	Ve	representable	1	0	0	0	0	0
free	asahi.brep	2795	Ve	representable	1	0	0	0	0	0
free	asahi.brep	2798	Ed	representable	2	1	0	0	0	0
free	asahi.brep	2799	Ve	representable	1	0	0	0	0	0
free	asahi.brep	2802	Ed	representable	2	1	0	0	0	0
free	asahi.brep	2803	Ve	representable	1	0	0	0	0	0
free	asahi.brep	2806	Ed	representable	2	1	0	0	0	0
free	asahi.brep	2807	Ve	representable	1	0	0	0	0	0
free	asahi.brep	2810	Ed	representable	2	1	0	0	0	0
free	asahi.brep	2811	Ve	representable	1	0	0	0	0	0
free	asahi.brep	2814	Ed	representable	2	1	0	0	0	0
free	asahi.brep	2815	Ve	representable	1	0	0	0	0	0
free	asahi.brep	2818	Ed	representable	2	1	0	0	0	0
free	asahi.brep	2819	Ve	representable	1	0	0	0	0	0
free	asahi.brep	2822	Ed	representable	2	1	0	0	0	0
free	asahi.brep	2823	Ve	representable	1	0	0	0	0	0
free	asahi.brep	2826	Ed	representable	2	1	0	0	0	0
free	asahi.brep	2828	Ve	representable	1	0	0	0	0	0
free	asahi.brep	2829	Ve	representable	1	0	0	0	0	0
free	asahi.brep	2832	Ed	representable	2	1	0	0	0	0
free	asahi.brep	2833	Ve	representable	1	0	0	0	0	0
free	asahi.brep	2836	Ed	representable	2	1	0	0	0	0
free	asahi.brep	2837	Ve	representable	1	0	0	0	0	0
free	asahi.brep	2840	Ed	representable	2	1	0	0	0	0
free	asahi.brep	2841	Ve	representable	1	0	0	0	0	0
free	asahi.brep	2844	Ed	representable	2	1	0	0	0	0
free	asahi.brep	2845	Ve	representable	1	0	0	0	0	0
free	asahi.brep	2848	Ed	representable	2	1	0	0	0	0
free	asahi.brep	2849	Ve	representable	1	0	0	0	0	0
free	asahi.brep	2852	Ed	representable	2	1	0	0	0	0
free	asahi.brep	2854	Ve	representable	1	0	0	0	0	0
free	asahi.brep	2855	Ve	representable	1	0	0	0	0	0
free	asahi.brep	2858	Ed	representable	2	1	0	0	0	0
free	asahi.brep	2860	Ve	representable	1	0	0	0	0	0
free	asahi.brep	2861	Ve	representable	1	0	0	0	0	0
free	asahi.brep	2864	Ed	representable	2	1	0	0	0	0
free	asahi.brep	2866	Ve	representable	1	0	0	0	0	0
free	asahi.brep	2867	Ve	representable	1	0	0	0	0	0
free	asahi.brep	2870	Ed	representable	2	1	0	0	0	0
free	asahi.brep	2871	Ve	representable	1	0	0	0	0	0
free	asahi.brep	2874	Ed	representable	2	1	0	0	0	0
free	asahi.brep	2875	Ve	representable	1	0	0	0	0	0
free	asahi.brep	2878	Ed	representable	2	1	0	0	0	0
free	asahi.brep	2879	Ve	representable	1	0	0	0	0	0
free	asahi.brep	2882	Ed	representable	2	1	0	0	0	0
free	asahi.brep	2883	Ve	representable	1	0	0	0	0	0
free	asahi.brep	2886	Ed	representable	2	1	0	0	0	0
free	asahi.brep	2888	Ve	representable	1	0	0	0	0	0
free	asahi.brep	2889	Ve	representable	1	0	0	0	0	0
free	asahi.brep	2892	Ed	representable	2	1	0	0	0	0
free	asahi.brep	2893	Ve	representable	1	0	0	0	0	0
free	asahi.brep	2896	Ed	representable	2	1	0	0	0	0
free	asahi.brep	2897	Ve	representable	1	0	0	0	0	0
free	asahi.brep	2900	Ed	representable	2	1	0	0	0	0
free	asahi.brep	2901	Ve	representable	1	0	0	0	0	0
free	asahi.brep	2904	Ed	representable	2	1	0	0	0	0
free	asahi.brep	2905	Ve	representable	1	0	0	0	0	0
free	asahi.brep	2908	Ed	representable	2	1	0	0	0	0
free	asahi.brep	2910	Ve	representable	1	0	0	0	0	0
free	asahi.brep	2911	Ve	representable	1	0	0	0	0	0
free	asahi.brep	2914	Ed	representable	2	1	0	0	0	0
free	asahi.brep	2915	Ve	representable	1	0	0	0	0	0
free	asahi.brep	2918	Ed	representable	2	1	0	0	0	0
free	asahi.brep	2919	Ve	representable	1	0	0	0	0	0
free	asahi.brep	2922	Ed	representable	2	1	0	0	0	0
free	asahi.brep	2923	Ve	representable	1	0	0	0	0	0
free	asahi.brep	2926	Ed	representable	2	1	0	0	0	0
free	asahi.brep	2928	Ve	representable	1	0	0	0	0	0
free	asahi.brep	2929	Ve	representable	1	0	0	0	0	0
free	asahi.brep	2932	Ed	representable	2	1	0	0	0	0
free	asahi.brep	2933	Ve	representable	1	0	0	0	0	0
free	asahi.brep	2936	Ed	representable	2	1	0	0	0	0
free	asahi.brep	2937	Ve	representable	1	0	0	0	0	0
free	asahi.brep	2940	Ed	representable	2	1	0	0	0	0
free	asahi.brep	2941	Ve	representable	1	0	0	0	0	0
free	asahi.brep	2944	Ed	representable	2	1	0	0	0	0
free	asahi.brep	2945	Ve	representable	1	0	0	0	0	0
free	asahi.brep	2948	Ed	representable	2	1	0	0	0	0
free	asahi.brep	2949	Ve	representable	1	0	0	0	0	0
free	asahi.brep	2952	Ed	representable	2	1	0	0	0	0
free	asahi.brep	2953	Ve	representable	1	0	0	0	0	0
free	asahi.brep	2956	Ed	representable	2	1	0	0	0	0
free	asahi.brep	2958	Ve	representable	1	0	0	0	0	0
free	asahi.brep	2959	Ve	representable	1	0	0	0	0	0
free	asahi.brep	2962	Ed	representable	2	1	0	0	0	0
free	asahi.brep	2963	Ve	representable	1	0	0	0	0	0
free	asahi.brep	2966	Ed	representable	2	1	0	0	0	0
free	asahi.brep	2967	Ve	representable	1	0	0	0	0	0
free	asahi.brep	2970	Ed	representable	2	1	0	0	0	0
free	asahi.brep	2971	Ve	representable	1	0	0	0	0	0
free	asahi.brep	2974	Ed	representable	2	1	0	0	0	0
free	asahi.brep	2975	Ve	representable	1	0	0	0	0	0
free	asahi.brep	2978	Ed	representable	2	1	0	0	0	0
free	asahi.brep	2979	Ve	representable	1	0	0	0	0	0
free	asahi.brep	2982	Ed	representable	2	1	0	0	0	0
free	asahi.brep	2983	Ve	representable	1	0	0	0	0	0
free	asahi.brep	2986	Ed	representable	2	1	0	0	0	0
free	asahi.brep	2987	Ve	representable	1	0	0	0	0	0
free	asahi.brep	2990	Ed	representable	2	1	0	0	0	0
free	asahi.brep	2991	Ve	representable	1	0	0	0	0	0
free	asahi.brep	2994	Ed	representable	2	1	0	0	0	0
free	asahi.brep	2996	Ve	representable	1	0	0	0	0	0
free	asahi.brep	2997	Ve	representable	1	0	0	0	0	0
free	asahi.brep	3000	Ed	representable	2	1	0	0	0	0
free	asahi.brep	3001	Ve	representable	1	0	0	0	0	0
free	asahi.brep	3004	Ed	representable	2	1	0	0	0	0
free	asahi.brep	3005	Ve	representable	1	0	0	0	0	0
free	asahi.brep	3008	Ed	representable	2	1	0	0	0	0
free	asahi.brep	3009	Ve	representable	1	0	0	0	0	0
free	asahi.brep	3012	Ed	representable	2	1	0	0	0	0
free	asahi.brep	3014	Ve	representable	1	0	0	0	0	0
free	asahi.brep	3015	Ve	representable	1	0	0	0	0	0
free	asahi.brep	3018	Ed	representable	2	1	0	0	0	0
free	asahi.brep	3019	Ve	representable	1	0	0	0	0	0
free	asahi.brep	3022	Ed	representable	2	1	0	0	0	0
free	asahi.brep	3023	Ve	representable	1	0	0	0	0	0
free	asahi.brep	3026	Ed	representable	2	1	0	0	0	0
free	asahi.brep	3027	Ve	representable	1	0	0	0	0	0
free	asahi.brep	3030	Ed	representable	2	1	0	0	0	0
free	asahi.brep	3031	Ve	representable	1	0	0	0	0	0
free	asahi.brep	3034	Ed	representable	2	1	0	0	0	0
free	asahi.brep	3035	Ve	representable	1	0	0	0	0	0
free	asahi.brep	3038	Ed	representable	2	1	0	0	0	0
free	asahi.brep	3040	Ve	representable	1	0	0	0	0	0
free	asahi.brep	3041	Ve	representable	1	0	0	0	0	0
free	asahi.brep	3044	Ed	representable	2	1	0	0	0	0
free	asahi.brep	3045	Ve	representable	1	0	0	0	0	0
free	asahi.brep	3048	Ed	representable	2	1	0	0	0	0
free	asahi.brep	3049	Ve	representable	1	0	0	0	0	0
free	asahi.brep	3052	Ed	representable	2	1	0	0	0	0
free	asahi.brep	3053	Ve	representable	1	0	0	0	0	0
free	asahi.brep	3056	Ed	representable	2	1	0	0	0	0
free	asahi.brep	3058	Ve	representable	1	0	0	0	0	0
free	asahi.brep	3059	Ve	representable	1	0	0	0	0	0
free	asahi.brep	3062	Ed	representable	2	1	0	0	0	0
free	asahi.brep	3063	Ve	representable	1	0	0	0	0	0
free	asahi.brep	3066	Ed	representable	2	1	0	0	0	0
free	asahi.brep	3067	Ve	representable	1	0	0	0	0	0
free	asahi.brep	3070	Ed	representable	2	1	0	0	0	0
free	asahi.brep	3071	Ve	representable	1	0	0	0	0	0
free	asahi.brep	3074	Ed	representable	2	1	0	0	0	0
free	asahi.brep	3075	Ve	representable	1	0	0	0	0	0
free	asahi.brep	3078	Ed	representable	2	1	0	0	0	0
free	asahi.brep	3079	Ve	representable	1	0	0	0	0	0
free	asahi.brep	3082	Ed	representable	2	1	0	0	0	0
free	asahi.brep	3083	Ve	representable	1	0	0	0	0	0
free	asahi.brep	3086	Ed	representable	2	1	0	0	0	0
free	asahi.brep	3087	Ve	representable	1	0	0	0	0	0
free	asahi.brep	3090	Ed	representable	2	1	0	0	0	0
free	asahi.brep	3091	Ve	representable	1	0	0	0	0	0
free	asahi.brep	3094	Ed	representable	2	1	0	0	0	0
free	asahi.brep	3095	Ve	representable	1	0	0	0	0	0
free	asahi.brep	3098	Ed	representable	2	1	0	0	0	0
free	asahi.brep	3099	Ve	representable	1	0	0	0	0	0
free	asahi.brep	3102	Ed	representable	2	1	0	0	0	0
free	asahi.brep	3103	Ve	representable	1	0	0	0	0	0
free	asahi.brep	3106	Ed	representable	2	1	0	0	0	0
free	asahi.brep	3108	Ve	representable	1	0	0	0	0	0
free	asahi.brep	3109	Ve	representable	1	0	0	0	0	0
free	asahi.brep	3112	Ed	representable	2	1	0	0	0	0
free	asahi.brep	3113	Ve	representable	1	0	0	0	0	0
free	asahi.brep	3116	Ed	representable	2	1	0	0	0	0
free	asahi.brep	3117	Ve	representable	1	0	0	0	0	0
free	asahi.brep	3120	Ed	representable	2	1	0	0	0	0
free	asahi.brep	3121	Ve	representable	1	0	0	0	0	0
free	asahi.brep	3124	Ed	representable	2	1	0	0	0	0
free	asahi.brep	3125	Ve	representable	1	0	0	0	0	0
free	asahi.brep	3128	Ed	representable	2	1	0	0	0	0
free	asahi.brep	3130	Ve	representable	1	0	0	0	0	0
free	asahi.brep	3131	Ve	representable	1	0	0	0	0	0
free	asahi.brep	3134	Ed	representable	2	1	0	0	0	0
free	asahi.brep	3135	Ve	representable	1	0	0	0	0	0
free	asahi.brep	3138	Ed	representable	2	1	0	0	0	0
free	asahi.brep	3139	Ve	representable	1	0	0	0	0	0
free	asahi.brep	3142	Ed	representable	2	1	0	0	0	0
free	asahi.brep	3143	Ve	representable	1	0	0	0	0	0
free	asahi.brep	3146	Ed	representable	2	1	0	0	0	0
free	asahi.brep	3147	Ve	representable	1	0	0	0	0	0
free	asahi.brep	3150	Ed	representable	2	1	0	0	0	0
free	asahi.brep	3151	Ve	representable	1	0	0	0	0	0
free	asahi.brep	3154	Ed	representable	2	1	0	0	0	0
free	asahi.brep	3155	Ve	representable	1	0	0	0	0	0
free	asahi.brep	3158	Ed	representable	2	1	0	0	0	0
free	asahi.brep	3159	Ve	representable	1	0	0	0	0	0
free	asahi.brep	3162	Ed	representable	2	1	0	0	0	0
free	asahi.brep	3163	Ve	representable	1	0	0	0	0	0
free	asahi.brep	3166	Ed	representable	2	1	0	0	0	0
free	asahi.brep	3167	Ve	representable	1	0	0	0	0	0
free	asahi.brep	3170	Ed	representable	2	1	0	0	0	0
free	asahi.brep	3171	Ve	representable	1	0	0	0	0	0
free	asahi.brep	3174	Ed	representable	2	1	0	0	0	0
free	asahi.brep	3175	Ve	representable	1	0	0	0	0	0
free	asahi.brep	3178	Ed	representable	2	1	0	0	0	0
free	asahi.brep	3179	Ve	representable	1	0	0	0	0	0
free	asahi.brep	3182	Ed	representable	2	1	0	0	0	0
free	asahi.brep	3183	Ve	representable	1	0	0	0	0	0
free	asahi.brep	3186	Ed	representable	2	1	0	0	0	0
free	asahi.brep	3187	Ve	representable	1	0	0	0	0	0
free	asahi.brep	3190	Ed	representable	2	1	0	0	0	0
free	asahi.brep	3191	Ve	representable	1	0	0	0	0	0
free	asahi.brep	3194	Ed	representable	2	1	0	0	0	0
free	asahi.brep	3195	Ve	representable	1	0	0	0	0	0
free	asahi.brep	3198	Ed	representable	2	1	0	0	0	0
free	asahi.brep	3199	Ve	representable	1	0	0	0	0	0
free	asahi.brep	3202	Ed	representable	2	1	0	0	0	0
free	asahi.brep	3203	Ve	representable	1	0	0	0	0	0
free	asahi.brep	3206	Ed	representable	2	1	0	0	0	0
free	asahi.brep	3207	Ve	representable	1	0	0	0	0	0
free	asahi.brep	3210	Ed	representable	2	1	0	0	0	0
free	asahi.brep	3211	Ve	representable	1	0	0	0	0	0
free	asahi.brep	3214	Ed	representable	2	1	0	0	0	0
free	asahi.brep	3215	Ve	representable	1	0	0	0	0	0
free	asahi.brep	3218	Ed	representable	2	1	0	0	0	0
free	asahi.brep	3219	Ve	representable	1	0	0	0	0	0
free	asahi.brep	3222	Ed	representable	2	1	0	0	0	0
free	asahi.brep	3223	Ve	representable	1	0	0	0	0	0
free	asahi.brep	3226	Ed	representable	2	1	0	0	0	0
free	asahi.brep	3228	Ve	representable	1	0	0	0	0	0
free	asahi.brep	3229	Ve	representable	1	0	0	0	0	0
free	asahi.brep	3232	Ed	representable	2	1	0	0	0	0
free	asahi.brep	3233	Ve	representable	1	0	0	0	0	0
free	asahi.brep	3236	Ed	representable	2	1	0	0	0	0
free	asahi.brep	3237	Ve	representable	1	0	0	0	0	0
free	asahi.brep	3240	Ed	representable	2	1	0	0	0	0
free	asahi.brep	3241	Ve	representable	1	0	0	0	0	0
free	asahi.brep	3244	Ed	representable	2	1	0	0	0	0
free	asahi.brep	3246	Ve	representable	1	0	0	0	0	0
free	asahi.brep	3247	Ve	representable	1	0	0	0	0	0
free	asahi.brep	3250	Ed	representable	2	1	0	0	0	0
free	asahi.brep	3251	Ve	representable	1	0	0	0	0	0
free	asahi.brep	3254	Ed	representable	2	1	0	0	0	0
free	asahi.brep	3255	Ve	representable	1	0	0	0	0	0
free	asahi.brep	3258	Ed	representable	2	1	0	0	0	0
free	asahi.brep	3260	Ve	representable	1	0	0	0	0	0
free	asahi.brep	3261	Ve	representable	1	0	0	0	0	0
free	asahi.brep	3264	Ed	representable	2	1	0	0	0	0
free	asahi.brep	3265	Ve	representable	1	0	0	0	0	0
free	asahi.brep	3268	Ed	representable	2	1	0	0	0	0
free	asahi.brep	3269	Ve	representable	1	0	0	0	0	0
free	asahi.brep	3272	Ed	representable	2	1	0	0	0	0
free	asahi.brep	3273	Ve	representable	1	0	0	0	0	0
free	asahi.brep	3276	Ed	representable	2	1	0	0	0	0
free	asahi.brep	3277	Ve	representable	1	0	0	0	0	0
free	asahi.brep	3280	Ed	representable	2	1	0	0	0	0
free	asahi.brep	3281	Ve	representable	1	0	0	0	0	0
free	asahi.brep	3284	Ed	representable	2	1	0	0	0	0
free	asahi.brep	3285	Ve	representable	1	0	0	0	0	0
free	asahi.brep	3288	Ed	representable	2	1	0	0	0	0
free	asahi.brep	3289	Ve	representable	1	0	0	0	0	0
free	asahi.brep	3292	Ed	representable	2	1	0	0	0	0
free	asahi.brep	3293	Ve	representable	1	0	0	0	0	0
free	asahi.brep	3296	Ed	representable	2	1	0	0	0	0
free	asahi.brep	3297	Ve	representable	1	0	0	0	0	0
free	asahi.brep	3300	Ed	representable	2	1	0	0	0	0
free	asahi.brep	3301	Ve	representable	1	0	0	0	0	0
free	asahi.brep	3304	Ed	representable	2	1	0	0	0	0
free	asahi.brep	3305	Ve	representable	1	0	0	0	0	0
free	asahi.brep	3308	Ed	representable	2	1	0	0	0	0
free	asahi.brep	3309	Ve	representable	1	0	0	0	0	0
free	asahi.brep	3312	Ed	representable	2	1	0	0	0	0
free	asahi.brep	3313	Ve	representable	1	0	0	0	0	0
free	asahi.brep	3316	Ed	representable	2	1	0	0	0	0
free	asahi.brep	3317	Ve	representable	1	0	0	0	0	0
free	asahi.brep	3320	Ed	representable	2	1	0	0	0	0
free	asahi.brep	3321	Ve	representable	1	0	0	0	0	0
free	asahi.brep	3324	Ed	representable	2	1	0	0	0	0
free	asahi.brep	3325	Ve	representable	1	0	0	0	0	0
free	asahi.brep	3328	Ed	representable	2	1	0	0	0	0
free	asahi.brep	3329	Ve	representable	1	0	0	0	0	0
free	asahi.brep	3332	Ed	representable	2	1	0	0	0	0
free	asahi.brep	3333	Ve	representable	1	0	0	0	0	0
free	asahi.brep	3336	Ed	representable	2	1	0	0	0	0
free	asahi.brep	3338	Ve	representable	1	0	0	0	0	0
free	asahi.brep	3339	Ve	representable	1	0	0	0	0	0
free	asahi.brep	3342	Ed	representable	2	1	0	0	0	0
free	asahi.brep	3343	Ve	representable	1	0	0	0	0	0
free	asahi.brep	3346	Ed	representable	2	1	0	0	0	0
free	asahi.brep	3347	Ve	representable	1	0	0	0	0	0
free	asahi.brep	3350	Ed	representable	2	1	0	0	0	0
free	asahi.brep	3351	Ve	representable	1	0	0	0	0	0
free	asahi.brep	3354	Ed	representable	2	1	0	0	0	0
free	asahi.brep	3355	Ve	representable	1	0	0	0	0	0
free	asahi.brep	3358	Ed	representable	2	1	0	0	0	0
free	asahi.brep	3359	Ve	representable	1	0	0	0	0	0
free	asahi.brep	3362	Ed	representable	2	1	0	0	0	0
free	asahi.brep	3363	Ve	representable	1	0	0	0	0	0
free	asahi.brep	3366	Ed	representable	2	1	0	0	0	0
free	asahi.brep	3368	Ve	representable	1	0	0	0	0	0
free	asahi.brep	3369	Ve	representable	1	0	0	0	0	0
free	asahi.brep	3372	Ed	representable	2	1	0	0	0	0
free	asahi.brep	3373	Ve	representable	1	0	0	0	0	0
free	asahi.brep	3376	Ed	representable	2	1	0	0	0	0
free	asahi.brep	3377	Ve	representable	1	0	0	0	0	0
free	asahi.brep	3380	Ed	representable	2	1	0	0	0	0
free	asahi.brep	3381	Ve	representable	1	0	0	0	0	0
free	asahi.brep	3384	Ed	representable	2	1	0	0	0	0
free	asahi.brep	3386	Ve	representable	1	0	0	0	0	0
free	asahi.brep	3387	Ve	representable	1	0	0	0	0	0
free	asahi.brep	3390	Ed	representable	2	1	0	0	0	0
free	asahi.brep	3391	Ve	representable	1	0	0	0	0	0
free	asahi.brep	3394	Ed	representable	2	1	0	0	0	0
free	asahi.brep	3395	Ve	representable	1	0	0	0	0	0
free	asahi.brep	3398	Ed	representable	2	1	0	0	0	0
free	asahi.brep	3399	Ve	representable	1	0	0	0	0	0
free	asahi.brep	3402	Ed	representable	2	1	0	0	0	0
free	asahi.brep	3403	Ve	representable	1	0	0	0	0	0
free	asahi.brep	3406	Ed	representable	2	1	0	0	0	0
free	asahi.brep	3408	Ve	representable	1	0	0	0	0	0
free	asahi.brep	3409	Ve	representable	1	0	0	0	0	0
free	asahi.brep	3412	Ed	representable	2	1	0	0	0	0
free	asahi.brep	3413	Ve	representable	1	0	0	0	0	0
free	asahi.brep	3416	Ed	representable	2	1	0	0	0	0
free	asahi.brep	3417	Ve	representable	1	0	0	0	0	0
free	asahi.brep	3420	Ed	representable	2	1	0	0	0	0
free	asahi.brep	3421	Ve	representable	1	0	0	0	0	0
free	asahi.brep	3424	Ed	representable	2	1	0	0	0	0
free	asahi.brep	3426	Ve	representable	1	0	0	0	0	0
free	asahi.brep	3427	Ve	representable	1	0	0	0	0	0
free	asahi.brep	3430	Ed	representable	2	1	0	0	0	0
free	asahi.brep	3431	Ve	representable	1	0	0	0	0	0
free	asahi.brep	3434	Ed	representable	2	1	0	0	0	0
free	asahi.brep	3435	Ve	representable	1	0	0	0	0	0
free	asahi.brep	3438	Ed	representable	2	1	0	0	0	0
free	asahi.brep	3439	Ve	representable	1	0	0	0	0	0
free	asahi.brep	3442	Ed	representable	2	1	0	0	0	0
free	asahi.brep	3443	Ve	representable	1	0	0	0	0	0
free	asahi.brep	3446	Ed	representable	2	1	0	0	0	0
free	asahi.brep	3447	Ve	representable	1	0	0	0	0	0
free	asahi.brep	3450	Ed	representable	2	1	0	0	0	0
free	asahi.brep	3451	Ve	representable	1	0	0	0	0	0
free	asahi.brep	3454	Ed	representable	2	1	0	0	0	0
free	asahi.brep	3455	Ve	representable	1	0	0	0	0	0
free	asahi.brep	3458	Ed	representable	2	1	0	0	0	0
free	asahi.brep	3459	Ve	representable	1	0	0	0	0	0
free	asahi.brep	3462	Ed	representable	2	1	0	0	0	0
free	asahi.brep	3463	Ve	representable	1	0	0	0	0	0
free	asahi.brep	3466	Ed	representable	2	1	0	0	0	0
free	asahi.brep	3467	Ve	representable	1	0	0	0	0	0
free	asahi.brep	3470	Ed	representable	2	1	0	0	0	0
free	asahi.brep	3471	Ve	representable	1	0	0	0	0	0
free	asahi.brep	3474	Ed	representable	2	1	0	0	0	0
free	asahi.brep	3475	Ve	representable	1	0	0	0	0	0
free	asahi.brep	3478	Ed	representable	2	1	0	0	0	0
free	asahi.brep	3479	Ve	representable	1	0	0	0	0	0
free	asahi.brep	3482	Ed	representable	2	1	0	0	0	0
free	asahi.brep	3483	Ve	representable	1	0	0	0	0	0
free	asahi.brep	3486	Ed	representable	2	1	0	0	0	0
free	asahi.brep	3487	Ve	representable	1	0	0	0	0	0
free	asahi.brep	3490	Ed	representable	2	1	0	0	0	0
free	asahi.brep	3491	Ve	representable	1	0	0	0	0	0
free	asahi.brep	3494	Ed	representable	2	1	0	0	0	0
free	asahi.brep	3495	Ve	representable	1	0	0	0	0	0
free	asahi.brep	3498	Ed	representable	2	1	0	0	0	0
free	asahi.brep	3499	Ve	representable	1	0	0	0	0	0
free	asahi.brep	3502	Ed	representable	2	1	0	0	0	0
free	asahi.brep	3503	Ve	representable	1	0	0	0	0	0
free	asahi.brep	3506	Ed	representable	2	1	0	0	0	0
free	asahi.brep	3507	Ve	representable	1	0	0	0	0	0
free	asahi.brep	3510	Ed	representable	2	1	0	0	0	0
free	asahi.brep	3511	Ve	representable	1	0	0	0	0	0
free	asahi.brep	3514	Ed	representable	2	1	0	0	0	0
free	asahi.brep	3515	Ve	representable	1	0	0	0	0	0
free	asahi.brep	3518	Ed	representable	2	1	0	0	0	0
free	asahi.brep	3519	Ve	representable	1	0	0	0	0	0
free	asahi.brep	3522	Ed	representable	2	1	0	0	0	0
free	asahi.brep	3523	Ve	representable	1	0	0	0	0	0
free	asahi.brep	3526	Ed	representable	2	1	0	0	0	0
free	asahi.brep	3527	Ve	representable	1	0	0	0	0	0
free	asahi.brep	3530	Ed	representable	2	1	0	0	0	0
free	asahi.brep	3531	Ve	representable	1	0	0	0	0	0
free	asahi.brep	3534	Ed	representable	2	1	0	0	0	0
free	asahi.brep	3535	Ve	representable	1	0	0	0	0	0
free	asahi.brep	3538	Ed	representable	2	1	0	0	0	0
free	asahi.brep	3539	Ve	representable	1	0	0	0	0	0
free	asahi.brep	3542	Ed	representable	2	1	0	0	0	0
free	asahi.brep	3543	Ve	representable	1	0	0	0	0	0
free	asahi.brep	3546	Ed	representable	2	1	0	0	0	0
free	asahi.brep	3547	Ve	representable	1	0	0	0	0	0
free	asahi.brep	3550	Ed	representable	2	1	0	0	0	0
free	asahi.brep	3552	Ve	representable	1	0	0	0	0	0
free	asahi.brep	3553	Ve	representable	1	0	0	0	0	0
free	asahi.brep	3556	Ed	representable	2	1	0	0	0	0
free	asahi.brep	3557	Ve	representable	1	0	0	0	0	0
free	asahi.brep	3560	Ed	representable	2	1	0	0	0	0
free	asahi.brep	3561	Ve	representable	1	0	0	0	0	0
free	asahi.brep	3564	Ed	representable	2	1	0	0	0	0
free	asahi.brep	3566	Ve	representable	1	0	0	0	0	0
free	asahi.brep	3567	Ve	representable	1	0	0	0	0	0
free	asahi.brep	3570	Ed	representable	2	1	0	0	0	0
free	asahi.brep	3571	Ve	representable	1	0	0	0	0	0
free	asahi.brep	3574	Ed	representable	2	1	0	0	0	0
free	asahi.brep	3575	Ve	representable	1	0	0	0	0	0
free	asahi.brep	3578	Ed	representable	2	1	0	0	0	0
free	asahi.brep	3579	Ve	representable	1	0	0	0	0	0
free	asahi.brep	3582	Ed	representable	2	1	0	0	0	0
free	asahi.brep	3584	Ve	representable	1	0	0	0	0	0
free	asahi.brep	3585	Ve	representable	1	0	0	0	0	0
free	asahi.brep	3588	Ed	representable	2	1	0	0	0	0
free	asahi.brep	3589	Ve	representable	1	0	0	0	0	0
free	asahi.brep	3592	Ed	representable	2	1	0	0	0	0
free	asahi.brep	3593	Ve	representable	1	0	0	0	0	0
free	asahi.brep	3596	Ed	representable	2	1	0	0	0	0
free	asahi.brep	3597	Ve	representable	1	0	0	0	0	0
free	asahi.brep	3600	Ed	representable	2	1	0	0	0	0
free	asahi.brep	3601	Ve	representable	1	0	0	0	0	0
free	asahi.brep	3604	Ed	representable	2	1	0	0	0	0
free	asahi.brep	3605	Ve	representable	1	0	0	0	0	0
free	asahi.brep	3608	Ed	representable	2	1	0	0	0	0
free	asahi.brep	3609	Ve	representable	1	0	0	0	0	0
free	asahi.brep	3612	Ed	representable	2	1	0	0	0	0
free	asahi.brep	3613	Ve	representable	1	0	0	0	0	0
free	asahi.brep	3616	Ed	representable	2	1	0	0	0	0
free	asahi.brep	3617	Ve	representable	1	0	0	0	0	0
free	asahi.brep	3620	Ed	representable	2	1	0	0	0	0
free	asahi.brep	3621	Ve	representable	1	0	0	0	0	0
free	asahi.brep	3624	Ed	representable	2	1	0	0	0	0
free	asahi.brep	3626	Ve	representable	1	0	0	0	0	0
free	asahi.brep	3627	Ve	representable	1	0	0	0	0	0
free	asahi.brep	3630	Ed	representable	2	1	0	0	0	0
free	asahi.brep	3631	Ve	representable	1	0	0	0	0	0
free	asahi.brep	3634	Ed	representable	2	1	0	0	0	0
free	asahi.brep	3635	Ve	representable	1	0	0	0	0	0
free	asahi.brep	3638	Ed	representable	2	1	0	0	0	0
free	asahi.brep	3639	Ve	representable	1	0	0	0	0	0
free	asahi.brep	3642	Ed	representable	2	1	0	0	0	0
free	asahi.brep	3643	Ve	representable	1	0	0	0	0	0
free	asahi.brep	3646	Ed	representable	2	1	0	0	0	0
free	asahi.brep	3647	Ve	representable	1	0	0	0	0	0
free	asahi.brep	3650	Ed	representable	2	1	0	0	0	0
free	asahi.brep	3651	Ve	representable	1	0	0	0	0	0
free	asahi.brep	3654	Ed	representable	2	1	0	0	0	0
free	asahi.brep	3656	Ve	representable	1	0	0	0	0	0
free	asahi.brep	3657	Ve	representable	1	0	0	0	0	0
free	asahi.brep	3660	Ed	representable	2	1	0	0	0	0
free	asahi.brep	3661	Ve	representable	1	0	0	0	0	0
free	asahi.brep	3664	Ed	representable	2	1	0	0	0	0
free	asahi.brep	3665	Ve	representable	1	0	0	0	0	0
free	asahi.brep	3668	Ed	representable	2	1	0	0	0	0
free	asahi.brep	3669	Ve	representable	1	0	0	0	0	0
free	asahi.brep	3672	Ed	representable	2	1	0	0	0	0
free	asahi.brep	3674	Ve	representable	1	0	0	0	0	0
free	asahi.brep	3675	Ve	representable	1	0	0	0	0	0
free	asahi.brep	3678	Ed	representable	2	1	0	0	0	0
free	asahi.brep	3679	Ve	representable	1	0	0	0	0	0
free	asahi.brep	3682	Ed	representable	2	1	0	0	0	0
free	asahi.brep	3683	Ve	representable	1	0	0	0	0	0
free	asahi.brep	3686	Ed	representable	2	1	0	0	0	0
free	asahi.brep	3687	Ve	representable	1	0	0	0	0	0
free	asahi.brep	3690	Ed	representable	2	1	0	0	0	0
free	asahi.brep	3691	Ve	representable	1	0	0	0	0	0
free	asahi.brep	3694	Ed	representable	2	1	0	0	0	0
free	asahi.brep	3695	Ve	representable	1	0	0	0	0	0
free	asahi.brep	3698	Ed	representable	2	1	0	0	0	0
free	asahi.brep	3699	Ve	representable	1	0	0	0	0	0
free	asahi.brep	3702	Ed	representable	2	1	0	0	0	0
free	asahi.brep	3703	Ve	representable	1	0	0	0	0	0
free	asahi.brep	3706	Ed	representable	2	1	0	0	0	0
free	asahi.brep	3707	Ve	representable	1	0	0	0	0	0
free	asahi.brep	3710	Ed	representable	2	1	0	0	0	0
free	asahi.brep	3712	Ve	representable	1	0	0	0	0	0
free	asahi.brep	3713	Ve	representable	1	0	0	0	0	0
free	asahi.brep	3716	Ed	representable	2	1	0	0	0	0
free	asahi.brep	3717	Ve	representable	1	0	0	0	0	0
free	asahi.brep	3720	Ed	representable	2	1	0	0	0	0
free	asahi.brep	3721	Ve	representable	1	0	0	0	0	0
free	asahi.brep	3724	Ed	representable	2	1	0	0	0	0
free	asahi.brep	3725	Ve	representable	1	0	0	0	0	0
free	asahi.brep	3728	Ed	representable	2	1	0	0	0	0
free	asahi.brep	3729	Ve	representable	1	0	0	0	0	0
free	asahi.brep	3732	Ed	representable	2	1	0	0	0	0
free	asahi.brep	3733	Ve	representable	1	0	0	0	0	0
free	asahi.brep	3736	Ed	representable	2	1	0	0	0	0
free	asahi.brep	3737	Ve	representable	1	0	0	0	0	0
free	asahi.brep	3740	Ed	representable	2	1	0	0	0	0
free	asahi.brep	3741	Ve	representable	1	0	0	0	0	0
free	asahi.brep	3744	Ed	representable	2	1	0	0	0	0
free	asahi.brep	3745	Ve	representable	1	0	0	0	0	0
free	asahi.brep	3748	Ed	representable	2	1	0	0	0	0
free	asahi.brep	3749	Ve	representable	1	0	0	0	0	0
free	asahi.brep	3752	Ed	representable	2	1	0	0	0	0
free	asahi.brep	3753	Ve	representable	1	0	0	0	0	0
free	asahi.brep	3756	Ed	representable	2	1	0	0	0	0
free	asahi.brep	3757	Ve	representable	1	0	0	0	0	0
free	asahi.brep	3760	Ed	representable	2	1	0	0	0	0
free	asahi.brep	3761	Ve	representable	1	0	0	0	0	0
free	asahi.brep	3764	Ed	representable	2	1	0	0	0	0
free	asahi.brep	3765	Ve	representable	1	0	0	0	0	0
free	asahi.brep	3768	Ed	representable	2	1	0	0	0	0
free	asahi.brep	3769	Ve	representable	1	0	0	0	0	0
free	asahi.brep	3772	Ed	representable	2	1	0	0	0	0
free	asahi.brep	3773	Ve	representable	1	0	0	0	0	0
free	asahi.brep	3776	Ed	representable	2	1	0	0	0	0
free	asahi.brep	3777	Ve	representable	1	0	0	0	0	0
free	asahi.brep	3780	Ed	representable	2	1	0	0	0	0
free	asahi.brep	3781	Ve	representable	1	0	0	0	0	0
free	asahi.brep	3784	Ed	representable	2	1	0	0	0	0
free	asahi.brep	3785	Ve	representable	1	0	0	0	0	0
free	asahi.brep	3788	Ed	representable	2	1	0	0	0	0
free	asahi.brep	3789	Ve	representable	1	0	0	0	0	0
free	asahi.brep	3792	Ed	representable	2	1	0	0	0	0
free	asahi.brep	3793	Ve	representable	1	0	0	0	0	0
free	asahi.brep	3796	Ed	representable	2	1	0	0	0	0
free	asahi.brep	3798	Ve	representable	1	0	0	0	0	0
free	asahi.brep	3799	Ve	representable	1	0	0	0	0	0
free	asahi.brep	3802	Ed	representable	2	1	0	0	0	0
free	asahi.brep	3803	Ve	representable	1	0	0	0	0	0
free	asahi.brep	3806	Ed	representable	2	1	0	0	0	0
free	asahi.brep	3807	Ve	representable	1	0	0	0	0	0
free	asahi.brep	3810	Ed	representable	2	1	0	0	0	0
free	asahi.brep	3812	Ve	representable	1	0	0	0	0	0
free	asahi.brep	3813	Ve	representable	1	0	0	0	0	0
free	asahi.brep	3816	Ed	representable	2	1	0	0	0	0
free	asahi.brep	3817	Ve	representable	1	0	0	0	0	0
free	asahi.brep	3820	Ed	representable	2	1	0	0	0	0
free	asahi.brep	3821	Ve	representable	1	0	0	0	0	0
free	asahi.brep	3824	Ed	representable	2	1	0	0	0	0
free	asahi.brep	3825	Ve	representable	1	0	0	0	0	0
free	asahi.brep	3828	Ed	representable	2	1	0	0	0	0
free	asahi.brep	3829	Ve	representable	1	0	0	0	0	0
free	asahi.brep	3832	Ed	representable	2	1	0	0	0	0
free	asahi.brep	3833	Ve	representable	1	0	0	0	0	0
free	asahi.brep	3836	Ed	representable	2	1	0	0	0	0
free	asahi.brep	3838	Ve	representable	1	0	0	0	0	0
free	asahi.brep	3839	Ve	representable	1	0	0	0	0	0
free	asahi.brep	3842	Ed	representable	2	1	0	0	0	0
free	asahi.brep	3843	Ve	representable	1	0	0	0	0	0
free	asahi.brep	3846	Ed	representable	2	1	0	0	0	0
free	asahi.brep	3847	Ve	representable	1	0	0	0	0	0
free	asahi.brep	3850	Ed	representable	2	1	0	0	0	0
free	asahi.brep	3851	Ve	representable	1	0	0	0	0	0
free	asahi.brep	3854	Ed	representable	2	1	0	0	0	0
free	asahi.brep	3856	Ve	representable	1	0	0	0	0	0
free	asahi.brep	3857	Ve	representable	1	0	0	0	0	0
free	asahi.brep	3860	Ed	representable	2	1	0	0	0	0
free	asahi.brep	3861	Ve	representable	1	0	0	0	0	0
free	asahi.brep	3864	Ed	representable	2	1	0	0	0	0
free	asahi.brep	3865	Ve	representable	1	0	0	0	0	0
free	asahi.brep	3868	Ed	representable	2	1	0	0	0	0
free	asahi.brep	3869	Ve	representable	1	0	0	0	0	0
free	asahi.brep	3872	Ed	representable	2	1	0	0	0	0
free	asahi.brep	3873	Ve	representable	1	0	0	0	0	0
free	asahi.brep	3876	Ed	representable	2	1	0	0	0	0
free	asahi.brep	3877	Ve	representable	1	0	0	0	0	0
free	asahi.brep	3880	Ed	representable	2	1	0	0	0	0
free	asahi.brep	3882	Ve	representable	1	0	0	0	0	0
free	asahi.brep	3883	Ve	representable	1	0	0	0	0	0
free	asahi.brep	3886	Ed	representable	2	1	0	0	0	0
free	asahi.brep	3887	Ve	representable	1	0	0	0	0	0
free	asahi.brep	3890	Ed	representable	2	1	0	0	0	0
free	asahi.brep	3891	Ve	representable	1	0	0	0	0	0
free	asahi.brep	3894	Ed	representable	2	1	0	0	0	0
free	asahi.brep	3895	Ve	representable	1	0	0	0	0	0
free	asahi.brep	3898	Ed	representable	2	1	0	0	0	0
free	asahi.brep	3899	Ve	representable	1	0	0	0	0	0
free	asahi.brep	3902	Ed	representable	2	1	0	0	0	0
free	asahi.brep	3903	Ve	representable	1	0	0	0	0	0
free	asahi.brep	3906	Ed	representable	2	1	0	0	0	0
free	asahi.brep	3907	Ve	representable	1	0	0	0	0	0
free	asahi.brep	3910	Ed	representable	2	1	0	0	0	0
free	asahi.brep	3911	Ve	representable	1	0	0	0	0	0
free	asahi.brep	3914	Ed	representable	2	1	0	0	0	0
free	asahi.brep	3915	Ve	representable	1	0	0	0	0	0
free	asahi.brep	3918	Ed	representable	2	1	0	0	0	0
free	asahi.brep	3919	Ve	representable	1	0	0	0	0	0
free	asahi.brep	3922	Ed	representable	2	1	0	0	0	0
free	asahi.brep	3923	Ve	representable	1	0	0	0	0	0
free	asahi.brep	3926	Ed	representable	2	1	0	0	0	0
free	asahi.brep	3927	Ve	representable	1	0	0	0	0	0
free	asahi.brep	3930	Ed	representable	2	1	0	0	0	0
free	asahi.brep	3931	Ve	representable	1	0	0	0	0	0
free	asahi.brep	3934	Ed	representable	2	1	0	0	0	0
free	asahi.brep	3936	Ve	representable	1	0	0	0	0	0
free	asahi.brep	3937	Ve	representable	1	0	0	0	0	0
free	asahi.brep	3940	Ed	representable	2	1	0	0	0	0
free	asahi.brep	3941	Ve	representable	1	0	0	0	0	0
free	asahi.brep	3944	Ed	representable	2	1	0	0	0	0
free	asahi.brep	3945	Ve	representable	1	0	0	0	0	0
free	asahi.brep	3948	Ed	representable	2	1	0	0	0	0
free	asahi.brep	3949	Ve	representable	1	0	0	0	0	0
free	asahi.brep	3952	Ed	representable	2	1	0	0	0	0
free	asahi.brep	3953	Ve	representable	1	0	0	0	0	0
free	asahi.brep	3956	Ed	representable	2	1	0	0	0	0
free	asahi.brep	3957	Ve	representable	1	0	0	0	0	0
free	asahi.brep	3960	Ed	representable	2	1	0	0	0	0
free	asahi.brep	3961	Ve	representable	1	0	0	0	0	0
free	asahi.brep	3964	Ed	representable	2	1	0	0	0	0
free	asahi.brep	3965	Ve	representable	1	0	0	0	0	0
free	asahi.brep	3968	Ed	representable	2	1	0	0	0	0
free	asahi.brep	3969	Ve	representable	1	0	0	0	0	0
free	asahi.brep	3972	Ed	representable	2	1	0	0	0	0
free	asahi.brep	3973	Ve	representable	1	0	0	0	0	0
free	asahi.brep	3976	Ed	representable	2	1	0	0	0	0
free	asahi.brep	3977	Ve	representable	1	0	0	0	0	0
free	asahi.brep	3980	Ed	representable	2	1	0	0	0	0
free	asahi.brep	3982	Ve	representable	1	0	0	0	0	0
free	asahi.brep	3983	Ve	representable	1	0	0	0	0	0
free	asahi.brep	3986	Ed	representable	2	1	0	0	0	0
free	asahi.brep	3987	Ve	representable	1	0	0	0	0	0
free	asahi.brep	3990	Ed	representable	2	1	0	0	0	0
free	asahi.brep	3991	Ve	representable	1	0	0	0	0	0
free	asahi.brep	3994	Ed	representable	2	1	0	0	0	0
free	asahi.brep	3995	Ve	representable	1	0	0	0	0	0
free	asahi.brep	3998	Ed	representable	2	1	0	0	0	0
free	asahi.brep	3999	Ve	representable	1	0	0	0	0	0
free	asahi.brep	4002	Ed	representable	2	1	0	0	0	0
free	asahi.brep	4003	Ve	representable	1	0	0	0	0	0
free	asahi.brep	4006	Ed	representable	2	1	0	0	0	0
free	asahi.brep	4007	Ve	representable	1	0	0	0	0	0
free	asahi.brep	4010	Ed	representable	2	1	0	0	0	0
free	asahi.brep	4011	Ve	representable	1	0	0	0	0	0
free	asahi.brep	4014	Ed	representable	2	1	0	0	0	0
free	asahi.brep	4015	Ve	representable	1	0	0	0	0	0
free	asahi.brep	4018	Ed	representable	2	1	0	0	0	0
free	asahi.brep	4019	Ve	representable	1	0	0	0	0	0
free	asahi.brep	4022	Ed	representable	2	1	0	0	0	0
free	asahi.brep	4023	Ve	representable	1	0	0	0	0	0
free	asahi.brep	4026	Ed	representable	2	1	0	0	0	0
free	asahi.brep	4028	Ve	representable	1	0	0	0	0	0
free	asahi.brep	4029	Ve	representable	1	0	0	0	0	0
free	asahi.brep	4032	Ed	representable	2	1	0	0	0	0
free	asahi.brep	4033	Ve	representable	1	0	0	0	0	0
free	asahi.brep	4036	Ed	representable	2	1	0	0	0	0
free	asahi.brep	4037	Ve	representable	1	0	0	0	0	0
free	asahi.brep	4040	Ed	representable	2	1	0	0	0	0
free	asahi.brep	4041	Ve	representable	1	0	0	0	0	0
free	asahi.brep	4044	Ed	representable	2	1	0	0	0	0
free	asahi.brep	4045	Ve	representable	1	0	0	0	0	0
free	asahi.brep	4048	Ed	representable	2	1	0	0	0	0
free	asahi.brep	4049	Ve	representable	1	0	0	0	0	0
free	asahi.brep	4052	Ed	representable	2	1	0	0	0	0
free	asahi.brep	4053	Ve	representable	1	0	0	0	0	0
free	asahi.brep	4056	Ed	representable	2	1	0	0	0	0
free	asahi.brep	4057	Ve	representable	1	0	0	0	0	0
free	asahi.brep	4060	Ed	representable	2	1	0	0	0	0
free	asahi.brep	4062	Ve	representable	1	0	0	0	0	0
free	asahi.brep	4063	Ve	representable	1	0	0	0	0	0
free	asahi.brep	4066	Ed	representable	2	1	0	0	0	0
free	asahi.brep	4067	Ve	representable	1	0	0	0	0	0
free	asahi.brep	4070	Ed	representable	2	1	0	0	0	0
free	asahi.brep	4071	Ve	representable	1	0	0	0	0	0
free	asahi.brep	4074	Ed	representable	2	1	0	0	0	0
free	asahi.brep	4076	Ve	representable	1	0	0	0	0	0
free	asahi.brep	4077	Ve	representable	1	0	0	0	0	0
free	asahi.brep	4080	Ed	representable	2	1	0	0	0	0
free	asahi.brep	4081	Ve	representable	1	0	0	0	0	0
free	asahi.brep	4084	Ed	representable	2	1	0	0	0	0
free	asahi.brep	4085	Ve	representable	1	0	0	0	0	0
free	asahi.brep	4088	Ed	representable	2	1	0	0	0	0
free	asahi.brep	4089	Ve	representable	1	0	0	0	0	0
free	asahi.brep	4092	Ed	representable	2	1	0	0	0	0
free	asahi.brep	4094	Ve	representable	1	0	0	0	0	0
free	asahi.brep	4095	Ve	representable	1	0	0	0	0	0
free	asahi.brep	4098	Ed	representable	2	1	0	0	0	0
free	asahi.brep	4099	Ve	representable	1	0	0	0	0	0
free	asahi.brep	4102	Ed	representable	2	1	0	0	0	0
free	asahi.brep	4103	Ve	representable	1	0	0	0	0	0
free	asahi.brep	4106	Ed	representable	2	1	0	0	0	0
free	asahi.brep	4107	Ve	representable	1	0	0	0	0	0
free	asahi.brep	4110	Ed	representable	2	1	0	0	0	0
free	asahi.brep	4111	Ve	representable	1	0	0	0	0	0
free	asahi.brep	4114	Ed	representable	2	1	0	0	0	0
free	asahi.brep	4115	Ve	representable	1	0	0	0	0	0
free	asahi.brep	4118	Ed	representable	2	1	0	0	0	0
free	asahi.brep	4119	Ve	representable	1	0	0	0	0	0
free	asahi.brep	4122	Ed	representable	2	1	0	0	0	0
free	asahi.brep	4123	Ve	representable	1	0	0	0	0	0
free	asahi.brep	4126	Ed	representable	2	1	0	0	0	0
free	asahi.brep	4127	Ve	representable	1	0	0	0	0	0
free	asahi.brep	4130	Ed	representable	2	1	0	0	0	0
free	asahi.brep	4131	Ve	representable	1	0	0	0	0	0
free	asahi.brep	4134	Ed	representable	2	1	0	0	0	0
free	asahi.brep	4135	Ve	representable	1	0	0	0	0	0
free	asahi.brep	4138	Ed	representable	2	1	0	0	0	0
free	asahi.brep	4139	Ve	representable	1	0	0	0	0	0
free	asahi.brep	4142	Ed	representable	2	1	0	0	0	0
free	asahi.brep	4143	Ve	representable	1	0	0	0	0	0
free	asahi.brep	4146	Ed	representable	2	1	0	0	0	0
free	asahi.brep	4147	Ve	representable	1	0	0	0	0	0
free	asahi.brep	4150	Ed	representable	2	1	0	0	0	0
free	asahi.brep	4151	Ve	representable	1	0	0	0	0	0
free	asahi.brep	4154	Ed	representable	2	1	0	0	0	0
free	asahi.brep	4155	Ve	representable	1	0	0	0	0	0
free	asahi.brep	4158	Ed	representable	2	1	0	0	0	0
free	asahi.brep	4159	Ve	representable	1	0	0	0	0	0
free	asahi.brep	4162	Ed	representable	2	1	0	0	0	0
free	asahi.brep	4163	Ve	representable	1	0	0	0	0	0
free	asahi.brep	4166	Ed	representable	2	1	0	0	0	0
free	asahi.brep	4167	Ve	representable	1	0	0	0	0	0
free	asahi.brep	4170	Ed	representable	2	1	0	0	0	0
free	asahi.brep	4171	Ve	representable	1	0	0	0	0	0
free	asahi.brep	4174	Ed	representable	2	1	0	0	0	0
free	asahi.brep	4175	Ve	representable	1	0	0	0	0	0
free	asahi.brep	4178	Ed	representable	2	1	0	0	0	0
free	asahi.brep	4180	Ve	representable	1	0	0	0	0	0
free	asahi.brep	4181	Ve	representable	1	0	0	0	0	0
free	asahi.brep	4184	Ed	representable	2	1	0	0	0	0
free	asahi.brep	4185	Ve	representable	1	0	0	0	0	0
free	asahi.brep	4188	Ed	representable	2	1	0	0	0	0
free	asahi.brep	4189	Ve	representable	1	0	0	0	0	0
free	asahi.brep	4192	Ed	representable	2	1	0	0	0	0
free	asahi.brep	4194	Ve	representable	1	0	0	0	0	0
free	asahi.brep	4195	Ve	representable	1	0	0	0	0	0
free	asahi.brep	4198	Ed	representable	2	1	0	0	0	0
free	asahi.brep	4199	Ve	representable	1	0	0	0	0	0
free	asahi.brep	4202	Ed	representable	2	1	0	0	0	0
free	asahi.brep	4203	Ve	representable	1	0	0	0	0	0
free	asahi.brep	4206	Ed	representable	2	1	0	0	0	0
free	asahi.brep	4207	Ve	representable	1	0	0	0	0	0
free	asahi.brep	4210	Ed	representable	2	1	0	0	0	0
free	asahi.brep	4211	Ve	representable	1	0	0	0	0	0
free	asahi.brep	4214	Ed	representable	2	1	0	0	0	0
free	asahi.brep	4215	Ve	representable	1	0	0	0	0	0
free	asahi.brep	4218	Ed	representable	2	1	0	0	0	0
free	asahi.brep	4220	Ve	representable	1	0	0	0	0	0
free	asahi.brep	4221	Ve	representable	1	0	0	0	0	0
free	asahi.brep	4224	Ed	representable	2	1	0	0	0	0
free	asahi.brep	4225	Ve	representable	1	0	0	0	0	0
free	asahi.brep	4228	Ed	representable	2	1	0	0	0	0
free	asahi.brep	4229	Ve	representable	1	0	0	0	0	0
free	asahi.brep	4232	Ed	representable	2	1	0	0	0	0
free	asahi.brep	4233	Ve	representable	1	0	0	0	0	0
free	asahi.brep	4236	Ed	representable	2	1	0	0	0	0
free	asahi.brep	4237	Ve	representable	1	0	0	0	0	0
free	asahi.brep	4240	Ed	representable	2	1	0	0	0	0
free	asahi.brep	4241	Ve	representable	1	0	0	0	0	0
free	asahi.brep	4244	Ed	representable	2	1	0	0	0	0
free	asahi.brep	4245	Ve	representable	1	0	0	0	0	0
free	asahi.brep	4248	Ed	representable	2	1	0	0	0	0
free	asahi.brep	4249	Ve	representable	1	0	0	0	0	0
free	asahi.brep	4252	Ed	representable	2	1	0	0	0	0
free	asahi.brep	4253	Ve	representable	1	0	0	0	0	0
free	asahi.brep	4256	Ed	representable	2	1	0	0	0	0
free	asahi.brep	4257	Ve	representable	1	0	0	0	0	0
free	asahi.brep	4260	Ed	representable	2	1	0	0	0	0
free	asahi.brep	4261	Ve	representable	1	0	0	0	0	0
free	asahi.brep	4264	Ed	representable	2	1	0	0	0	0
free	asahi.brep	4265	Ve	representable	1	0	0	0	0	0
free	asahi.brep	4268	Ed	representable	2	1	0	0	0	0
free	asahi.brep	4270	Ve	representable	1	0	0	0	0	0
free	asahi.brep	4271	Ve	representable	1	0	0	0	0	0
free	asahi.brep	4274	Ed	representable	2	1	0	0	0	0
free	asahi.brep	4275	Ve	representable	1	0	0	0	0	0
free	asahi.brep	4278	Ed	representable	2	1	0	0	0	0
free	asahi.brep	4279	Ve	representable	1	0	0	0	0	0
free	asahi.brep	4282	Ed	representable	2	1	0	0	0	0
free	asahi.brep	4283	Ve	representable	1	0	0	0	0	0
free	asahi.brep	4286	Ed	representable	2	1	0	0	0	0
free	asahi.brep	4287	Ve	representable	1	0	0	0	0	0
free	asahi.brep	4290	Ed	representable	2	1	0	0	0	0
free	asahi.brep	4292	Ve	representable	1	0	0	0	0	0
free	asahi.brep	4293	Ve	representable	1	0	0	0	0	0
free	asahi.brep	4296	Ed	representable	2	1	0	0	0	0
free	asahi.brep	4297	Ve	representable	1	0	0	0	0	0
free	asahi.brep	4300	Ed	representable	2	1	0	0	0	0
free	asahi.brep	4301	Ve	representable	1	0	0	0	0	0
free	asahi.brep	4304	Ed	representable	2	1	0	0	0	0
free	asahi.brep	4305	Ve	representable	1	0	0	0	0	0
free	asahi.brep	4308	Ed	representable	2	1	0	0	0	0
free	asahi.brep	4309	Ve	representable	1	0	0	0	0	0
free	asahi.brep	4312	Ed	representable	2	1	0	0	0	0
free	asahi.brep	4313	Ve	representable	1	0	0	0	0	0
free	asahi.brep	4316	Ed	representable	2	1	0	0	0	0
free	asahi.brep	4318	Ve	representable	1	0	0	0	0	0
free	asahi.brep	4319	Ve	representable	1	0	0	0	0	0
free	asahi.brep	4322	Ed	representable	2	1	0	0	0	0
free	asahi.brep	4323	Ve	representable	1	0	0	0	0	0
free	asahi.brep	4326	Ed	representable	2	1	0	0	0	0
free	asahi.brep	4327	Ve	representable	1	0	0	0	0	0
free	asahi.brep	4330	Ed	representable	2	1	0	0	0	0
free	asahi.brep	4331	Ve	representable	1	0	0	0	0	0
free	asahi.brep	4334	Ed	representable	2	1	0	0	0	0
free	asahi.brep	4335	Ve	representable	1	0	0	0	0	0
free	asahi.brep	4338	Ed	representable	2	1	0	0	0	0
free	asahi.brep	4339	Ve	representable	1	0	0	0	0	0
free	asahi.brep	4342	Ed	representable	2	1	0	0	0	0
free	asahi.brep	4343	Ve	representable	1	0	0	0	0	0
free	asahi.brep	4346	Ed	representable	2	1	0	0	0	0
free	asahi.brep	4347	Ve	representable	1	0	0	0	0	0
free	asahi.brep	4350	Ed	representable	2	1	0	0	0	0
free	asahi.brep	4351	Ve	representable	1	0	0	0	0	0
free	asahi.brep	4354	Ed	representable	2	1	0	0	0	0
free	asahi.brep	4355	Ve	representable	1	0	0	0	0	0
free	asahi.brep	4358	Ed	representable	2	1	0	0	0	0
free	asahi.brep	4359	Ve	representable	1	0	0	0	0	0
free	asahi.brep	4362	Ed	representable	2	1	0	0	0	0
free	asahi.brep	4364	Ve	representable	1	0	0	0	0	0
free	asahi.brep	4365	Ve	representable	1	0	0	0	0	0
free	asahi.brep	4368	Ed	representable	2	1	0	0	0	0
free	asahi.brep	4369	Ve	representable	1	0	0	0	0	0
free	asahi.brep	4372	Ed	representable	2	1	0	0	0	0
free	asahi.brep	4373	Ve	representable	1	0	0	0	0	0
free	asahi.brep	4376	Ed	representable	2	1	0	0	0	0
free	asahi.brep	4377	Ve	representable	1	0	0	0	0	0
free	asahi.brep	4380	Ed	representable	2	1	0	0	0	0
free	asahi.brep	4381	Ve	representable	1	0	0	0	0	0
free	asahi.brep	4384	Ed	representable	2	1	0	0	0	0
free	asahi.brep	4385	Ve	representable	1	0	0	0	0	0
free	asahi.brep	4388	Ed	representable	2	1	0	0	0	0
free	asahi.brep	4389	Ve	representable	1	0	0	0	0	0
free	asahi.brep	4392	Ed	representable	2	1	0	0	0	0
free	asahi.brep	4393	Ve	representable	1	0	0	0	0	0
free	asahi.brep	4396	Ed	representable	2	1	0	0	0	0
free	asahi.brep	4397	Ve	representable	1	0	0	0	0	0
free	asahi.brep	4400	Ed	representable	2	1	0	0	0	0
free	asahi.brep	4401	Ve	representable	1	0	0	0	0	0
free	asahi.brep	4404	Ed	representable	2	1	0	0	0	0
free	asahi.brep	4405	Ve	representable	1	0	0	0	0	0
free	asahi.brep	4408	Ed	representable	2	1	0	0	0	0
free	asahi.brep	4410	Ve	representable	1	0	0	0	0	0
free	asahi.brep	4411	Ve	representable	1	0	0	0	0	0
free	asahi.brep	4414	Ed	representable	2	1	0	0	0	0
free	asahi.brep	4415	Ve	representable	1	0	0	0	0	0
free	asahi.brep	4418	Ed	representable	2	1	0	0	0	0
free	asahi.brep	4419	Ve	representable	1	0	0	0	0	0
free	asahi.brep	4422	Ed	representable	2	1	0	0	0	0
free	asahi.brep	4423	Ve	representable	1	0	0	0	0	0
free	asahi.brep	4426	Ed	representable	2	1	0	0	0	0
free	asahi.brep	4427	Ve	representable	1	0	0	0	0	0
free	asahi.brep	4430	Ed	representable	2	1	0	0	0	0
free	asahi.brep	4431	Ve	representable	1	0	0	0	0	0
free	asahi.brep	4434	Ed	representable	2	1	0	0	0	0
free	asahi.brep	4435	Ve	representable	1	0	0	0	0	0
free	asahi.brep	4438	Ed	representable	2	1	0	0	0	0
free	asahi.brep	4439	Ve	representable	1	0	0	0	0	0
free	asahi.brep	4442	Ed	representable	2	1	0	0	0	0
free	asahi.brep	4443	Ve	representable	1	0	0	0	0	0
free	asahi.brep	4446	Ed	representable	2	1	0	0	0	0
free	asahi.brep	4447	Ve	representable	1	0	0	0	0	0
free	asahi.brep	4450	Ed	representable	2	1	0	0	0	0
free	asahi.brep	4451	Ve	representable	1	0	0	0	0	0
free	asahi.brep	4454	Ed	representable	2	1	0	0	0	0
free	asahi.brep	4456	Ve	representable	1	0	0	0	0	0
free	asahi.brep	4457	Ve	representable	1	0	0	0	0	0
free	asahi.brep	4460	Ed	representable	2	1	0	0	0	0
free	asahi.brep	4461	Ve	representable	1	0	0	0	0	0
free	asahi.brep	4464	Ed	representable	2	1	0	0	0	0
free	asahi.brep	4465	Ve	representable	1	0	0	0	0	0
free	asahi.brep	4468	Ed	representable	2	1	0	0	0	0
free	asahi.brep	4469	Ve	representable	1	0	0	0	0	0
free	asahi.brep	4472	Ed	representable	2	1	0	0	0	0
free	asahi.brep	4473	Ve	representable	1	0	0	0	0	0
free	asahi.brep	4476	Ed	representable	2	1	0	0	0	0
free	asahi.brep	4477	Ve	representable	1	0	0	0	0	0
free	asahi.brep	4480	Ed	representable	2	1	0	0	0	0
free	asahi.brep	4481	Ve	representable	1	0	0	0	0	0
free	asahi.brep	4484	Ed	representable	2	1	0	0	0	0
free	asahi.brep	4485	Ve	representable	1	0	0	0	0	0
free	asahi.brep	4488	Ed	representable	2	1	0	0	0	0
free	asahi.brep	4489	Ve	representable	1	0	0	0	0	0
free	asahi.brep	4492	Ed	representable	2	1	0	0	0	0
free	asahi.brep	4494	Ve	representable	1	0	0	0	0	0
free	asahi.brep	4495	Ve	representable	1	0	0	0	0	0
free	asahi.brep	4498	Ed	representable	2	1	0	0	0	0
free	asahi.brep	4499	Ve	representable	1	0	0	0	0	0
free	asahi.brep	4502	Ed	representable	2	1	0	0	0	0
free	asahi.brep	4503	Ve	representable	1	0	0	0	0	0
free	asahi.brep	4506	Ed	representable	2	1	0	0	0	0
free	asahi.brep	4507	Ve	representable	1	0	0	0	0	0
free	asahi.brep	4510	Ed	representable	2	1	0	0	0	0
free	asahi.brep	4511	Ve	representable	1	0	0	0	0	0
free	asahi.brep	4514	Ed	representable	2	1	0	0	0	0
free	asahi.brep	4515	Ve	representable	1	0	0	0	0	0
free	asahi.brep	4518	Ed	representable	2	1	0	0	0	0
free	asahi.brep	4519	Ve	representable	1	0	0	0	0	0
free	asahi.brep	4522	Ed	representable	2	1	0	0	0	0
free	asahi.brep	4523	Ve	representable	1	0	0	0	0	0
free	asahi.brep	4526	Ed	representable	2	1	0	0	0	0
free	asahi.brep	4528	Ve	representable	1	0	0	0	0	0
free	asahi.brep	4529	Ve	representable	1	0	0	0	0	0
free	asahi.brep	4532	Ed	representable	2	1	0	0	0	0
free	asahi.brep	4533	Ve	representable	1	0	0	0	0	0
free	asahi.brep	4536	Ed	representable	2	1	0	0	0	0
free	asahi.brep	4537	Ve	representable	1	0	0	0	0	0
free	asahi.brep	4540	Ed	representable	2	1	0	0	0	0
free	asahi.brep	4541	Ve	representable	1	0	0	0	0	0
free	asahi.brep	4544	Ed	representable	2	1	0	0	0	0
free	asahi.brep	4545	Ve	representable	1	0	0	0	0	0
free	asahi.brep	4548	Ed	representable	2	1	0	0	0	0
free	asahi.brep	4549	Ve	representable	1	0	0	0	0	0
free	asahi.brep	4552	Ed	representable	2	1	0	0	0	0
free	asahi.brep	4554	Ve	representable	1	0	0	0	0	0
free	asahi.brep	4555	Ve	representable	1	0	0	0	0	0
free	asahi.brep	4558	Ed	representable	2	1	0	0	0	0
free	asahi.brep	4559	Ve	representable	1	0	0	0	0	0
free	asahi.brep	4562	Ed	representable	2	1	0	0	0	0
free	asahi.brep	4563	Ve	representable	1	0	0	0	0	0
free	asahi.brep	4566	Ed	representable	2	1	0	0	0	0
free	asahi.brep	4567	Ve	representable	1	0	0	0	0	0
free	asahi.brep	4570	Ed	representable	2	1	0	0	0	0
free	asahi.brep	4572	Ve	representable	1	0	0	0	0	0
free	asahi.brep	4573	Ve	representable	1	0	0	0	0	0
free	asahi.brep	4576	Ed	representable	2	1	0	0	0	0
free	asahi.brep	4577	Ve	representable	1	0	0	0	0	0
free	asahi.brep	4580	Ed	representable	2	1	0	0	0	0
free	asahi.brep	4581	Ve	representable	1	0	0	0	0	0
free	asahi.brep	4584	Ed	representable	2	1	0	0	0	0
free	asahi.brep	4585	Ve	representable	1	0	0	0	0	0
free	asahi.brep	4588	Ed	representable	2	1	0	0	0	0
free	asahi.brep	4589	Ve	representable	1	0	0	0	0	0
free	asahi.brep	4592	Ed	representable	2	1	0	0	0	0
free	asahi.brep	4593	Ve	representable	1	0	0	0	0	0
free	asahi.brep	4596	Ed	representable	2	1	0	0	0	0
free	asahi.brep	4597	Ve	representable	1	0	0	0	0	0
free	asahi.brep	4600	Ed	representable	2	1	0	0	0	0
free	asahi.brep	4601	Ve	representable	1	0	0	0	0	0
free	asahi.brep	4604	Ed	representable	2	1	0	0	0	0
free	asahi.brep	4605	Ve	representable	1	0	0	0	0	0
free	asahi.brep	4608	Ed	representable	2	1	0	0	0	0
free	asahi.brep	4609	Ve	representable	1	0	0	0	0	0
free	asahi.brep	4612	Ed	representable	2	1	0	0	0	0
free	asahi.brep	4613	Ve	representable	1	0	0	0	0	0
free	asahi.brep	4616	Ed	representable	2	1	0	0	0	0
free	asahi.brep	4617	Ve	representable	1	0	0	0	0	0
free	asahi.brep	4620	Ed	representable	2	1	0	0	0	0
free	asahi.brep	4621	Ve	representable	1	0	0	0	0	0
free	asahi.brep	4624	Ed	representable	2	1	0	0	0	0
free	asahi.brep	4625	Ve	representable	1	0	0	0	0	0
free	asahi.brep	4628	Ed	representable	2	1	0	0	0	0
free	asahi.brep	4629	Ve	representable	1	0	0	0	0	0
free	asahi.brep	4632	Ed	representable	2	1	0	0	0	0
free	asahi.brep	4633	Ve	representable	1	0	0	0	0	0
free	asahi.brep	4636	Ed	representable	2	1	0	0	0	0
free	asahi.brep	4637	Ve	representable	1	0	0	0	0	0
free	asahi.brep	4640	Ed	representable	2	1	0	0	0	0
free	asahi.brep	4642	Ve	representable	1	0	0	0	0	0
free	asahi.brep	4643	Ve	representable	1	0	0	0	0	0
free	asahi.brep	4646	Ed	representable	2	1	0	0	0	0
free	asahi.brep	4647	Ve	representable	1	0	0	0	0	0
free	asahi.brep	4650	Ed	representable	2	1	0	0	0	0
free	asahi.brep	4651	Ve	representable	1	0	0	0	0	0
free	asahi.brep	4654	Ed	representable	2	1	0	0	0	0
free	asahi.brep	4655	Ve	representable	1	0	0	0	0	0
free	asahi.brep	4658	Ed	representable	2	1	0	0	0	0
free	asahi.brep	4659	Ve	representable	1	0	0	0	0	0
free	asahi.brep	4662	Ed	representable	2	1	0	0	0	0
free	asahi.brep	4663	Ve	representable	1	0	0	0	0	0
free	asahi.brep	4666	Ed	representable	2	1	0	0	0	0
free	asahi.brep	4668	Ve	representable	1	0	0	0	0	0
free	asahi.brep	4669	Ve	representable	1	0	0	0	0	0
free	asahi.brep	4672	Ed	representable	2	1	0	0	0	0
free	asahi.brep	4673	Ve	representable	1	0	0	0	0	0
free	asahi.brep	4676	Ed	representable	2	1	0	0	0	0
free	asahi.brep	4677	Ve	representable	1	0	0	0	0	0
free	asahi.brep	4680	Ed	representable	2	1	0	0	0	0
free	asahi.brep	4682	Ve	representable	1	0	0	0	0	0
free	asahi.brep	4683	Ve	representable	1	0	0	0	0	0
free	asahi.brep	4686	Ed	representable	2	1	0	0	0	0
free	asahi.brep	4687	Ve	representable	1	0	0	0	0	0
free	asahi.brep	4690	Ed	representable	2	1	0	0	0	0
free	asahi.brep	4691	Ve	representable	1	0	0	0	0	0
free	asahi.brep	4694	Ed	representable	2	1	0	0	0	0
free	asahi.brep	4695	Ve	representable	1	0	0	0	0	0
free	asahi.brep	4698	Ed	representable	2	1	0	0	0	0
free	asahi.brep	4699	Ve	representable	1	0	0	0	0	0
free	asahi.brep	4702	Ed	representable	2	1	0	0	0	0
free	asahi.brep	4703	Ve	representable	1	0	0	0	0	0
free	asahi.brep	4706	Ed	representable	2	1	0	0	0	0
free	asahi.brep	4708	Ve	representable	1	0	0	0	0	0
free	asahi.brep	4709	Ve	representable	1	0	0	0	0	0
free	asahi.brep	4712	Ed	representable	2	1	0	0	0	0
free	asahi.brep	4713	Ve	representable	1	0	0	0	0	0
free	asahi.brep	4716	Ed	representable	2	1	0	0	0	0
free	asahi.brep	4717	Ve	representable	1	0	0	0	0	0
free	asahi.brep	4720	Ed	representable	2	1	0	0	0	0
free	asahi.brep	4721	Ve	representable	1	0	0	0	0	0
free	asahi.brep	4724	Ed	representable	2	1	0	0	0	0
free	asahi.brep	4725	Ve	representable	1	0	0	0	0	0
free	asahi.brep	4728	Ed	representable	2	1	0	0	0	0
free	asahi.brep	4729	Ve	representable	1	0	0	0	0	0
free	asahi.brep	4732	Ed	representable	2	1	0	0	0	0
free	asahi.brep	4734	Ve	representable	1	0	0	0	0	0
free	asahi.brep	4735	Ve	representable	1	0	0	0	0	0
free	asahi.brep	4738	Ed	representable	2	1	0	0	0	0
free	asahi.brep	4739	Ve	representable	1	0	0	0	0	0
free	asahi.brep	4742	Ed	representable	2	1	0	0	0	0
free	asahi.brep	4743	Ve	representable	1	0	0	0	0	0
free	asahi.brep	4746	Ed	representable	2	1	0	0	0	0
free	asahi.brep	4747	Ve	representable	1	0	0	0	0	0
free	asahi.brep	4750	Ed	representable	2	1	0	0	0	0
free	asahi.brep	4751	Ve	representable	1	0	0	0	0	0
free	asahi.brep	4754	Ed	representable	2	1	0	0	0	0
free	asahi.brep	4755	Ve	representable	1	0	0	0	0	0
free	asahi.brep	4758	Ed	representable	2	1	0	0	0	0
free	asahi.brep	4759	Ve	representable	1	0	0	0	0	0
free	asahi.brep	4762	Ed	representable	2	1	0	0	0	0
free	asahi.brep	4763	Ve	representable	1	0	0	0	0	0
free	asahi.brep	4766	Ed	representable	2	1	0	0	0	0
free	asahi.brep	4767	Ve	representable	1	0	0	0	0	0
free	asahi.brep	4770	Ed	representable	2	1	0	0	0	0
free	asahi.brep	4771	Ve	representable	1	0	0	0	0	0
free	asahi.brep	4774	Ed	representable	2	1	0	0	0	0
free	asahi.brep	4775	Ve	representable	1	0	0	0	0	0
free	asahi.brep	4778	Ed	representable	2	1	0	0	0	0
free	asahi.brep	4779	Ve	representable	1	0	0	0	0	0
free	asahi.brep	4782	Ed	representable	2	1	0	0	0	0
free	asahi.brep	4783	Ve	representable	1	0	0	0	0	0
free	asahi.brep	4786	Ed	representable	2	1	0	0	0	0
free	asahi.brep	4787	Ve	representable	1	0	0	0	0	0
free	asahi.brep	4790	Ed	representable	2	1	0	0	0	0
free	asahi.brep	4791	Ve	representable	1	0	0	0	0	0
free	asahi.brep	4794	Ed	representable	2	1	0	0	0	0
free	asahi.brep	4795	Ve	representable	1	0	0	0	0	0
free	asahi.brep	4798	Ed	representable	2	1	0	0	0	0
free	asahi.brep	4799	Ve	representable	1	0	0	0	0	0
free	asahi.brep	4802	Ed	representable	2	1	0	0	0	0
free	asahi.brep	4803	Ve	representable	1	0	0	0	0	0
free	asahi.brep	4806	Ed	representable	2	1	0	0	0	0
free	asahi.brep	4807	Ve	representable	1	0	0	0	0	0
free	asahi.brep	4810	Ed	representable	2	1	0	0	0	0
free	asahi.brep	4811	Ve	representable	1	0	0	0	0	0
free	asahi.brep	4814	Ed	representable	2	1	0	0	0	0
free	asahi.brep	4815	Ve	representable	1	0	0	0	0	0
free	asahi.brep	4818	Ed	representable	2	1	0	0	0	0
free	asahi.brep	4819	Ve	representable	1	0	0	0	0	0
free	asahi.brep	4822	Ed	representable	2	1	0	0	0	0
free	asahi.brep	4823	Ve	representable	1	0	0	0	0	0
free	asahi.brep	4826	Ed	representable	2	1	0	0	0	0
free	asahi.brep	4827	Ve	representable	1	0	0	0	0	0
free	asahi.brep	4830	Ed	representable	2	1	0	0	0	0
free	asahi.brep	4831	Ve	representable	1	0	0	0	0	0
free	asahi.brep	4834	Ed	representable	2	1	0	0	0	0
free	asahi.brep	4836	Ve	representable	1	0	0	0	0	0
free	asahi.brep	4837	Ve	representable	1	0	0	0	0	0
free	asahi.brep	4840	Ed	representable	2	1	0	0	0	0
free	asahi.brep	4841	Ve	representable	1	0	0	0	0	0
free	asahi.brep	4844	Ed	representable	2	1	0	0	0	0
free	asahi.brep	4845	Ve	representable	1	0	0	0	0	0
free	asahi.brep	4848	Ed	representable	2	1	0	0	0	0
free	asahi.brep	4849	Ve	representable	1	0	0	0	0	0
free	asahi.brep	4852	Ed	representable	2	1	0	0	0	0
free	asahi.brep	4853	Ve	representable	1	0	0	0	0	0
free	asahi.brep	4856	Ed	representable	2	1	0	0	0	0
free	asahi.brep	4857	Ve	representable	1	0	0	0	0	0
free	asahi.brep	4860	Ed	representable	2	1	0	0	0	0
free	asahi.brep	4861	Ve	representable	1	0	0	0	0	0
free	asahi.brep	4864	Ed	representable	2	1	0	0	0	0
free	asahi.brep	4865	Ve	representable	1	0	0	0	0	0
free	asahi.brep	4868	Ed	representable	2	1	0	0	0	0
free	asahi.brep	4869	Ve	representable	1	0	0	0	0	0
free	asahi.brep	4872	Ed	representable	2	1	0	0	0	0
free	asahi.brep	4873	Ve	representable	1	0	0	0	0	0
free	asahi.brep	4876	Ed	representable	2	1	0	0	0	0
free	asahi.brep	4877	Ve	representable	1	0	0	0	0	0
free	asahi.brep	4880	Ed	representable	2	1	0	0	0	0
free	asahi.brep	4882	Ve	representable	1	0	0	0	0	0
free	asahi.brep	4883	Ve	representable	1	0	0	0	0	0
free	asahi.brep	4886	Ed	representable	2	1	0	0	0	0
free	asahi.brep	4887	Ve	representable	1	0	0	0	0	0
free	asahi.brep	4890	Ed	representable	2	1	0	0	0	0
free	asahi.brep	4891	Ve	representable	1	0	0	0	0	0
free	asahi.brep	4894	Ed	representable	2	1	0	0	0	0
free	asahi.brep	4895	Ve	representable	1	0	0	0	0	0
free	asahi.brep	4898	Ed	representable	2	1	0	0	0	0
free	asahi.brep	4899	Ve	representable	1	0	0	0	0	0
free	asahi.brep	4902	Ed	representable	2	1	0	0	0	0
free	asahi.brep	4903	Ve	representable	1	0	0	0	0	0
free	asahi.brep	4906	Ed	representable	2	1	0	0	0	0
free	asahi.brep	4908	Ve	representable	1	0	0	0	0	0
free	asahi.brep	4909	Ve	representable	1	0	0	0	0	0
free	asahi.brep	4912	Ed	representable	2	1	0	0	0	0
free	asahi.brep	4913	Ve	representable	1	0	0	0	0	0
free	asahi.brep	4916	Ed	representable	2	1	0	0	0	0
free	asahi.brep	4917	Ve	representable	1	0	0	0	0	0
free	asahi.brep	4920	Ed	representable	2	1	0	0	0	0
free	asahi.brep	4922	Ve	representable	1	0	0	0	0	0
free	asahi.brep	4923	Ve	representable	1	0	0	0	0	0
free	asahi.brep	4926	Ed	representable	2	1	0	0	0	0
free	asahi.brep	4927	Ve	representable	1	0	0	0	0	0
free	asahi.brep	4930	Ed	representable	2	1	0	0	0	0
free	asahi.brep	4931	Ve	representable	1	0	0	0	0	0
free	asahi.brep	4934	Ed	representable	2	1	0	0	0	0
free	asahi.brep	4935	Ve	representable	1	0	0	0	0	0
free	asahi.brep	4938	Ed	representable	2	1	0	0	0	0
free	asahi.brep	4939	Ve	representable	1	0	0	0	0	0
free	asahi.brep	4942	Ed	representable	2	1	0	0	0	0
free	asahi.brep	4943	Ve	representable	1	0	0	0	0	0
free	asahi.brep	4946	Ed	representable	2	1	0	0	0	0
free	asahi.brep	4947	Ve	representable	1	0	0	0	0	0
free	asahi.brep	4950	Ed	representable	2	1	0	0	0	0
free	asahi.brep	4951	Ve	representable	1	0	0	0	0	0
free	asahi.brep	4954	Ed	representable	2	1	0	0	0	0
free	asahi.brep	4955	Ve	representable	1	0	0	0	0	0
free	asahi.brep	4958	Ed	representable	2	1	0	0	0	0
free	asahi.brep	4959	Ve	representable	1	0	0	0	0	0
free	asahi.brep	4962	Ed	representable	2	1	0	0	0	0
free	asahi.brep	4963	Ve	representable	1	0	0	0	0	0
free	asahi.brep	4966	Ed	representable	2	1	0	0	0	0
free	asahi.brep	4968	Ve	representable	1	0	0	0	0	0
free	asahi.brep	4969	Ve	representable	1	0	0	0	0	0
free	asahi.brep	4972	Ed	representable	2	1	0	0	0	0
free	asahi.brep	4973	Ve	representable	1	0	0	0	0	0
free	asahi.brep	4976	Ed	representable	2	1	0	0	0	0
free	asahi.brep	4977	Ve	representable	1	0	0	0	0	0
free	asahi.brep	4980	Ed	representable	2	1	0	0	0	0
free	asahi.brep	4981	Ve	representable	1	0	0	0	0	0
free	asahi.brep	4984	Ed	representable	2	1	0	0	0	0
free	asahi.brep	4985	Ve	representable	1	0	0	0	0	0
free	asahi.brep	4988	Ed	representable	2	1	0	0	0	0
free	asahi.brep	4989	Ve	representable	1	0	0	0	0	0
free	asahi.brep	4992	Ed	representable	2	1	0	0	0	0
free	asahi.brep	4993	Ve	representable	1	0	0	0	0	0
free	asahi.brep	4996	Ed	representable	2	1	0	0	0	0
free	asahi.brep	4997	Ve	representable	1	0	0	0	0	0
free	asahi.brep	5000	Ed	representable	2	1	0	0	0	0
free	asahi.brep	5001	Ve	representable	1	0	0	0	0	0
free	asahi.brep	5004	Ed	representable	2	1	0	0	0	0
free	asahi.brep	5005	Ve	representable	1	0	0	0	0	0
free	asahi.brep	5008	Ed	representable	2	1	0	0	0	0
free	asahi.brep	5010	Ve	representable	1	0	0	0	0	0
free	asahi.brep	5011	Ve	representable	1	0	0	0	0	0
free	asahi.brep	5014	Ed	representable	2	1	0	0	0	0
free	asahi.brep	5015	Ve	representable	1	0	0	0	0	0
free	asahi.brep	5018	Ed	representable	2	1	0	0	0	0
free	asahi.brep	5019	Ve	representable	1	0	0	0	0	0
free	asahi.brep	5022	Ed	representable	2	1	0	0	0	0
free	asahi.brep	5023	Ve	representable	1	0	0	0	0	0
free	asahi.brep	5026	Ed	representable	2	1	0	0	0	0
free	asahi.brep	5027	Ve	representable	1	0	0	0	0	0
free	asahi.brep	5030	Ed	representable	2	1	0	0	0	0
free	asahi.brep	5031	Ve	representable	1	0	0	0	0	0
free	asahi.brep	5034	Ed	representable	2	1	0	0	0	0
free	asahi.brep	5035	Ve	representable	1	0	0	0	0	0
free	asahi.brep	5038	Ed	representable	2	1	0	0	0	0
free	asahi.brep	5039	Ve	representable	1	0	0	0	0	0
free	asahi.brep	5042	Ed	representable	2	1	0	0	0	0
free	asahi.brep	5043	Ve	representable	1	0	0	0	0	0
free	asahi.brep	5046	Ed	representable	2	1	0	0	0	0
free	asahi.brep	5047	Ve	representable	1	0	0	0	0	0
free	asahi.brep	5050	Ed	representable	2	1	0	0	0	0
free	asahi.brep	5051	Ve	representable	1	0	0	0	0	0
free	asahi.brep	5054	Ed	representable	2	1	0	0	0	0
free	asahi.brep	5055	Ve	representable	1	0	0	0	0	0
free	asahi.brep	5058	Ed	representable	2	1	0	0	0	0
free	asahi.brep	5059	Ve	representable	1	0	0	0	0	0
free	asahi.brep	5062	Ed	representable	2	1	0	0	0	0
free	asahi.brep	5063	Ve	representable	1	0	0	0	0	0
free	asahi.brep	5066	Ed	representable	2	1	0	0	0	0
free	asahi.brep	5067	Ve	representable	1	0	0	0	0	0
free	asahi.brep	5070	Ed	representable	2	1	0	0	0	0
free	asahi.brep	5071	Ve	representable	1	0	0	0	0	0
free	asahi.brep	5074	Ed	representable	2	1	0	0	0	0
free	asahi.brep	5076	Ve	representable	1	0	0	0	0	0
free	asahi.brep	5077	Ve	representable	1	0	0	0	0	0
free	asahi.brep	5080	Ed	representable	2	1	0	0	0	0
free	asahi.brep	5081	Ve	representable	1	0	0	0	0	0
free	asahi.brep	5084	Ed	representable	2	1	0	0	0	0
free	asahi.brep	5085	Ve	representable	1	0	0	0	0	0
free	asahi.brep	5088	Ed	representable	2	1	0	0	0	0
free	asahi.brep	5089	Ve	representable	1	0	0	0	0	0
free	asahi.brep	5092	Ed	representable	2	1	0	0	0	0
free	asahi.brep	5093	Ve	representable	1	0	0	0	0	0
free	asahi.brep	5096	Ed	representable	2	1	0	0	0	0
free	asahi.brep	5097	Ve	representable	1	0	0	0	0	0
free	asahi.brep	5100	Ed	representable	2	1	0	0	0	0
free	asahi.brep	5102	Ve	representable	1	0	0	0	0	0
free	asahi.brep	5103	Ve	representable	1	0	0	0	0	0
free	asahi.brep	5106	Ed	representable	2	1	0	0	0	0
free	asahi.brep	5107	Ve	representable	1	0	0	0	0	0
free	asahi.brep	5110	Ed	representable	2	1	0	0	0	0
free	asahi.brep	5111	Ve	representable	1	0	0	0	0	0
free	asahi.brep	5114	Ed	representable	2	1	0	0	0	0
free	asahi.brep	5115	Ve	representable	1	0	0	0	0	0
free	asahi.brep	5118	Ed	representable	2	1	0	0	0	0
free	asahi.brep	5119	Ve	representable	1	0	0	0	0	0
free	asahi.brep	5122	Ed	representable	2	1	0	0	0	0
free	asahi.brep	5123	Ve	representable	1	0	0	0	0	0
free	asahi.brep	5126	Ed	representable	2	1	0	0	0	0
free	asahi.brep	5127	Ve	representable	1	0	0	0	0	0
free	asahi.brep	5130	Ed	representable	2	1	0	0	0	0
free	asahi.brep	5131	Ve	representable	1	0	0	0	0	0
free	asahi.brep	5134	Ed	representable	2	1	0	0	0	0
free	asahi.brep	5135	Ve	representable	1	0	0	0	0	0
free	asahi.brep	5138	Ed	representable	2	1	0	0	0	0
free	asahi.brep	5139	Ve	representable	1	0	0	0	0	0
free	asahi.brep	5142	Ed	representable	2	1	0	0	0	0
free	asahi.brep	5143	Ve	representable	1	0	0	0	0	0
free	asahi.brep	5146	Ed	representable	2	1	0	0	0	0
free	asahi.brep	5147	Ve	representable	1	0	0	0	0	0
free	asahi.brep	5150	Ed	representable	2	1	0	0	0	0
free	asahi.brep	5151	Ve	representable	1	0	0	0	0	0
free	asahi.brep	5154	Ed	representable	2	1	0	0	0	0
free	asahi.brep	5155	Ve	representable	1	0	0	0	0	0
free	asahi.brep	5158	Ed	representable	2	1	0	0	0	0
free	asahi.brep	5160	Ve	representable	1	0	0	0	0	0
free	asahi.brep	5161	Ve	representable	1	0	0	0	0	0
free	asahi.brep	5164	Ed	representable	2	1	0	0	0	0
free	asahi.brep	5165	Ve	representable	1	0	0	0	0	0
free	asahi.brep	5168	Ed	representable	2	1	0	0	0	0
free	asahi.brep	5169	Ve	representable	1	0	0	0	0	0
free	asahi.brep	5172	Ed	representable	2	1	0	0	0	0
free	asahi.brep	5174	Ve	representable	1	0	0	0	0	0
free	asahi.brep	5175	Ve	representable	1	0	0	0	0	0
free	asahi.brep	5178	Ed	representable	2	1	0	0	0	0
free	asahi.brep	5179	Ve	representable	1	0	0	0	0	0
free	asahi.brep	5182	Ed	representable	2	1	0	0	0	0
free	asahi.brep	5183	Ve	representable	1	0	0	0	0	0
free	asahi.brep	5186	Ed	representable	2	1	0	0	0	0
free	asahi.brep	5187	Ve	representable	1	0	0	0	0	0
free	asahi.brep	5190	Ed	representable	2	1	0	0	0	0
free	asahi.brep	5191	Ve	representable	1	0	0	0	0	0
free	asahi.brep	5194	Ed	representable	2	1	0	0	0	0
free	asahi.brep	5195	Ve	representable	1	0	0	0	0	0
free	asahi.brep	5198	Ed	representable	2	1	0	0	0	0
free	asahi.brep	5199	Ve	representable	1	0	0	0	0	0
free	asahi.brep	5202	Ed	representable	2	1	0	0	0	0
free	asahi.brep	5203	Ve	representable	1	0	0	0	0	0
free	asahi.brep	5206	Ed	representable	2	1	0	0	0	0
free	asahi.brep	5207	Ve	representable	1	0	0	0	0	0
free	asahi.brep	5210	Ed	representable	2	1	0	0	0	0
free	asahi.brep	5211	Ve	representable	1	0	0	0	0	0
free	asahi.brep	5214	Ed	representable	2	1	0	0	0	0
free	asahi.brep	5215	Ve	representable	1	0	0	0	0	0
free	asahi.brep	5218	Ed	representable	2	1	0	0	0	0
free	asahi.brep	5219	Ve	representable	1	0	0	0	0	0
free	asahi.brep	5222	Ed	representable	2	1	0	0	0	0
free	asahi.brep	5223	Ve	representable	1	0	0	0	0	0
free	asahi.brep	5226	Ed	representable	2	1	0	0	0	0
free	asahi.brep	5227	Ve	representable	1	0	0	0	0	0
free	asahi.brep	5230	Ed	representable	2	1	0	0	0	0
free	asahi.brep	5231	Ve	representable	1	0	0	0	0	0
free	asahi.brep	5234	Ed	representable	2	1	0	0	0	0
free	asahi.brep	5235	Ve	representable	1	0	0	0	0	0
free	asahi.brep	5238	Ed	representable	2	1	0	0	0	0
free	asahi.brep	5239	Ve	representable	1	0	0	0	0	0
free	asahi.brep	5242	Ed	representable	2	1	0	0	0	0
free	asahi.brep	5243	Ve	representable	1	0	0	0	0	0
free	asahi.brep	5246	Ed	representable	2	1	0	0	0	0
free	asahi.brep	5247	Ve	representable	1	0	0	0	0	0
free	asahi.brep	5250	Ed	representable	2	1	0	0	0	0
free	asahi.brep	5251	Ve	representable	1	0	0	0	0	0
free	asahi.brep	5254	Ed	representable	2	1	0	0	0	0
free	asahi.brep	5255	Ve	representable	1	0	0	0	0	0
free	asahi.brep	5258	Ed	representable	2	1	0	0	0	0
free	asahi.brep	5259	Ve	representable	1	0	0	0	0	0
free	asahi.brep	5262	Ed	representable	2	1	0	0	0	0
free	asahi.brep	5263	Ve	representable	1	0	0	0	0	0
free	asahi.brep	5266	Ed	representable	2	1	0	0	0	0
free	asahi.brep	5267	Ve	representable	1	0	0	0	0	0
free	asahi.brep	5270	Ed	representable	2	1	0	0	0	0
free	asahi.brep	5271	Ve	representable	1	0	0	0	0	0
free	asahi.brep	5274	Ed	representable	2	1	0	0	0	0
free	asahi.brep	5275	Ve	representable	1	0	0	0	0	0
free	asahi.brep	5278	Ed	representable	2	1	0	0	0	0
free	asahi.brep	5279	Ve	representable	1	0	0	0	0	0
free	asahi.brep	5282	Ed	representable	2	1	0	0	0	0
free	asahi.brep	5283	Ve	representable	1	0	0	0	0	0
free	asahi.brep	5286	Ed	representable	2	1	0	0	0	0
free	asahi.brep	5287	Ve	representable	1	0	0	0	0	0
free	asahi.brep	5290	Ed	representable	2	1	0	0	0	0
free	asahi.brep	5291	Ve	representable	1	0	0	0	0	0
free	asahi.brep	5294	Ed	representable	2	1	0	0	0	0
free	asahi.brep	5295	Ve	representable	1	0	0	0	0	0
free	asahi.brep	5298	Ed	representable	2	1	0	0	0	0
free	asahi.brep	5299	Ve	representable	1	0	0	0	0	0
free	asahi.brep	5302	Ed	representable	2	1	0	0	0	0
free	asahi.brep	5303	Ve	representable	1	0	0	0	0	0
free	asahi.brep	5306	Ed	representable	2	1	0	0	0	0
free	asahi.brep	5307	Ve	representable	1	0	0	0	0	0
free	asahi.brep	5310	Ed	representable	2	1	0	0	0	0
free	asahi.brep	5311	Ve	representable	1	0	0	0	0	0
free	asahi.brep	5314	Ed	representable	2	1	0	0	0	0
free	asahi.brep	5315	Ve	representable	1	0	0	0	0	0
free	asahi.brep	5318	Ed	representable	2	1	0	0	0	0
free	asahi.brep	5319	Ve	representable	1	0	0	0	0	0
free	asahi.brep	5322	Ed	representable	2	1	0	0	0	0
free	asahi.brep	5323	Ve	representable	1	0	0	0	0	0
free	asahi.brep	5326	Ed	representable	2	1	0	0	0	0
free	asahi.brep	5327	Ve	representable	1	0	0	0	0	0
free	asahi.brep	5330	Ed	representable	2	1	0	0	0	0
free	asahi.brep	5331	Ve	representable	1	0	0	0	0	0
free	asahi.brep	5334	Ed	representable	2	1	0	0	0	0
free	asahi.brep	5335	Ve	representable	1	0	0	0	0	0
free	asahi.brep	5338	Ed	representable	2	1	0	0	0	0
free	asahi.brep	5339	Ve	representable	1	0	0	0	0	0
free	asahi.brep	5342	Ed	representable	2	1	0	0	0	0
free	asahi.brep	5343	Ve	representable	1	0	0	0	0	0
free	asahi.brep	5346	Ed	representable	2	1	0	0	0	0
free	asahi.brep	5347	Ve	representable	1	0	0	0	0	0
free	asahi.brep	5350	Ed	representable	2	1	0	0	0	0
free	asahi.brep	5351	Ve	representable	1	0	0	0	0	0
free	asahi.brep	5354	Ed	representable	2	1	0	0	0	0
free	asahi.brep	5355	Ve	representable	1	0	0	0	0	0
free	asahi.brep	5358	Ed	representable	2	1	0	0	0	0
free	asahi.brep	5359	Ve	representable	1	0	0	0	0	0
free	asahi.brep	5362	Ed	representable	2	1	0	0	0	0
free	asahi.brep	5363	Ve	representable	1	0	0	0	0	0
free	asahi.brep	5366	Ed	representable	2	1	0	0	0	0
free	asahi.brep	5368	Ve	representable	1	0	0	0	0	0
free	asahi.brep	5369	Ve	representable	1	0	0	0	0	0
free	asahi.brep	5372	Ed	representable	2	1	0	0	0	0
free	asahi.brep	5373	Ve	representable	1	0	0	0	0	0
free	asahi.brep	5376	Ed	representable	2	1	0	0	0	0
free	asahi.brep	5377	Ve	representable	1	0	0	0	0	0
free	asahi.brep	5380	Ed	representable	2	1	0	0	0	0
free	asahi.brep	5381	Ve	representable	1	0	0	0	0	0
free	asahi.brep	5384	Ed	representable	2	1	0	0	0	0
free	asahi.brep	5386	Ve	representable	1	0	0	0	0	0
free	asahi.brep	5387	Ve	representable	1	0	0	0	0	0
free	asahi.brep	5390	Ed	representable	2	1	0	0	0	0
free	asahi.brep	5391	Ve	representable	1	0	0	0	0	0
free	asahi.brep	5394	Ed	representable	2	1	0	0	0	0
free	asahi.brep	5395	Ve	representable	1	0	0	0	0	0
free	asahi.brep	5398	Ed	representable	2	1	0	0	0	0
free	asahi.brep	5399	Ve	representable	1	0	0	0	0	0
free	asahi.brep	5402	Ed	representable	2	1	0	0	0	0
free	asahi.brep	5403	Ve	representable	1	0	0	0	0	0
free	asahi.brep	5406	Ed	representable	2	1	0	0	0	0
free	asahi.brep	5407	Ve	representable	1	0	0	0	0	0
free	asahi.brep	5410	Ed	representable	2	1	0	0	0	0
free	asahi.brep	5412	Ve	representable	1	0	0	0	0	0
free	asahi.brep	5413	Ve	representable	1	0	0	0	0	0
free	asahi.brep	5416	Ed	representable	2	1	0	0	0	0
free	asahi.brep	5417	Ve	representable	1	0	0	0	0	0
free	asahi.brep	5420	Ed	representable	2	1	0	0	0	0
free	asahi.brep	5421	Ve	representable	1	0	0	0	0	0
free	asahi.brep	5424	Ed	representable	2	1	0	0	0	0
free	asahi.brep	5425	Ve	representable	1	0	0	0	0	0
free	asahi.brep	5428	Ed	representable	2	1	0	0	0	0
free	asahi.brep	5429	Ve	representable	1	0	0	0	0	0
free	asahi.brep	5432	Ed	representable	2	1	0	0	0	0
free	asahi.brep	5433	Ve	representable	1	0	0	0	0	0
free	asahi.brep	5436	Ed	representable	2	1	0	0	0	0
free	asahi.brep	5437	Ve	representable	1	0	0	0	0	0
free	asahi.brep	5440	Ed	representable	2	1	0	0	0	0
free	asahi.brep	5442	Ve	representable	1	0	0	0	0	0
free	asahi.brep	5443	Ve	representable	1	0	0	0	0	0
free	asahi.brep	5446	Ed	representable	2	1	0	0	0	0
free	asahi.brep	5447	Ve	representable	1	0	0	0	0	0
free	asahi.brep	5450	Ed	representable	2	1	0	0	0	0
free	asahi.brep	5451	Ve	representable	1	0	0	0	0	0
free	asahi.brep	5454	Ed	representable	2	1	0	0	0	0
free	asahi.brep	5455	Ve	representable	1	0	0	0	0	0
free	asahi.brep	5458	Ed	representable	2	1	0	0	0	0
free	asahi.brep	5459	Ve	representable	1	0	0	0	0	0
free	asahi.brep	5462	Ed	representable	2	1	0	0	0	0
free	asahi.brep	5463	Ve	representable	1	0	0	0	0	0
free	asahi.brep	5466	Ed	representable	2	1	0	0	0	0
free	asahi.brep	5467	Ve	representable	1	0	0	0	0	0
free	asahi.brep	5470	Ed	representable	2	1	0	0	0	0
free	asahi.brep	5471	Ve	representable	1	0	0	0	0	0
free	asahi.brep	5474	Ed	representable	2	1	0	0	0	0
free	asahi.brep	5475	Ve	representable	1	0	0	0	0	0
free	asahi.brep	5478	Ed	representable	2	1	0	0	0	0
free	asahi.brep	5480	Ve	representable	1	0	0	0	0	0
free	asahi.brep	5481	Ve	representable	1	0	0	0	0	0
free	asahi.brep	5484	Ed	representable	2	1	0	0	0	0
free	asahi.brep	5485	Ve	representable	1	0	0	0	0	0
free	asahi.brep	5488	Ed	representable	2	1	0	0	0	0
free	asahi.brep	5489	Ve	representable	1	0	0	0	0	0
free	asahi.brep	5492	Ed	representable	2	1	0	0	0	0
free	asahi.brep	5493	Ve	representable	1	0	0	0	0	0
free	asahi.brep	5496	Ed	representable	2	1	0	0	0	0
free	asahi.brep	5497	Ve	representable	1	0	0	0	0	0
free	asahi.brep	5500	Ed	representable	2	1	0	0	0	0
free	asahi.brep	5502	Ve	representable	1	0	0	0	0	0
free	asahi.brep	5503	Ve	representable	1	0	0	0	0	0
free	asahi.brep	5506	Ed	representable	2	1	0	0	0	0
free	asahi.brep	5507	Ve	representable	1	0	0	0	0	0
free	asahi.brep	5510	Ed	representable	2	1	0	0	0	0
free	asahi.brep	5511	Ve	representable	1	0	0	0	0	0
free	asahi.brep	5514	Ed	representable	2	1	0	0	0	0
free	asahi.brep	5515	Ve	representable	1	0	0	0	0	0
free	asahi.brep	5518	Ed	representable	2	1	0	0	0	0
free	asahi.brep	5519	Ve	representable	1	0	0	0	0	0
free	asahi.brep	5522	Ed	representable	2	1	0	0	0	0
free	asahi.brep	5523	Ve	representable	1	0	0	0	0	0
free	asahi.brep	5526	Ed	representable	2	1	0	0	0	0
free	asahi.brep	5527	Ve	representable	1	0	0	0	0	0
free	asahi.brep	5530	Ed	representable	2	1	0	0	0	0
free	asahi.brep	5531	Ve	representable	1	0	0	0	0	0
free	asahi.brep	5534	Ed	representable	2	1	0	0	0	0
free	asahi.brep	5535	Ve	representable	1	0	0	0	0	0
free	asahi.brep	5538	Ed	representable	2	1	0	0	0	0
free	asahi.brep	5539	Ve	representable	1	0	0	0	0	0
free	asahi.brep	5542	Ed	representable	2	1	0	0	0	0
free	asahi.brep	5543	Ve	representable	1	0	0	0	0	0
free	asahi.brep	5546	Ed	representable	2	1	0	0	0	0
free	asahi.brep	5547	Ve	representable	1	0	0	0	0	0
free	asahi.brep	5550	Ed	representable	2	1	0	0	0	0
free	asahi.brep	5552	Ve	representable	1	0	0	0	0	0
free	asahi.brep	5553	Ve	representable	1	0	0	0	0	0
free	asahi.brep	5556	Ed	representable	2	1	0	0	0	0
free	asahi.brep	5557	Ve	representable	1	0	0	0	0	0
free	asahi.brep	5560	Ed	representable	2	1	0	0	0	0
free	asahi.brep	5561	Ve	representable	1	0	0	0	0	0
free	asahi.brep	5564	Ed	representable	2	1	0	0	0	0
free	asahi.brep	5565	Ve	representable	1	0	0	0	0	0
free	asahi.brep	5568	Ed	representable	2	1	0	0	0	0
free	asahi.brep	5569	Ve	representable	1	0	0	0	0	0
free	asahi.brep	5572	Ed	representable	2	1	0	0	0	0
free	asahi.brep	5573	Ve	representable	1	0	0	0	0	0
free	asahi.brep	5576	Ed	representable	2	1	0	0	0	0
free	asahi.brep	5577	Ve	representable	1	0	0	0	0	0
free	asahi.brep	5580	Ed	representable	2	1	0	0	0	0
free	asahi.brep	5582	Ve	representable	1	0	0	0	0	0
free	asahi.brep	5583	Ve	representable	1	0	0	0	0	0
free	asahi.brep	5586	Ed	representable	2	1	0	0	0	0
free	asahi.brep	5587	Ve	representable	1	0	0	0	0	0
free	asahi.brep	5590	Ed	representable	2	1	0	0	0	0
free	asahi.brep	5591	Ve	representable	1	0	0	0	0	0
free	asahi.brep	5594	Ed	representable	2	1	0	0	0	0
free	asahi.brep	5595	Ve	representable	1	0	0	0	0	0
free	asahi.brep	5598	Ed	representable	2	1	0	0	0	0
free	asahi.brep	5599	Ve	representable	1	0	0	0	0	0
free	asahi.brep	5602	Ed	representable	2	1	0	0	0	0
free	asahi.brep	5603	Ve	representable	1	0	0	0	0	0
free	asahi.brep	5606	Ed	representable	2	1	0	0	0	0
free	asahi.brep	5607	Ve	representable	1	0	0	0	0	0
free	asahi.brep	5610	Ed	representable	2	1	0	0	0	0
free	asahi.brep	5611	Ve	representable	1	0	0	0	0	0
free	asahi.brep	5614	Ed	representable	2	1	0	0	0	0
free	asahi.brep	5615	Ve	representable	1	0	0	0	0	0
free	asahi.brep	5618	Ed	representable	2	1	0	0	0	0
free	asahi.brep	5619	Ve	representable	1	0	0	0	0	0
free	asahi.brep	5622	Ed	representable	2	1	0	0	0	0
free	asahi.brep	5623	Ve	representable	1	0	0	0	0	0
free	asahi.brep	5626	Ed	representable	2	1	0	0	0	0
free	asahi.brep	5627	Ve	representable	1	0	0	0	0	0
free	asahi.brep	5630	Ed	representable	2	1	0	0	0	0
free	asahi.brep	5631	Ve	representable	1	0	0	0	0	0
free	asahi.brep	5634	Ed	representable	2	1	0	0	0	0
free	asahi.brep	5635	Ve	representable	1	0	0	0	0	0
free	asahi.brep	5638	Ed	representable	2	1	0	0	0	0
free	asahi.brep	5639	Ve	representable	1	0	0	0	0	0
free	asahi.brep	5642	Ed	representable	2	1	0	0	0	0
free	asahi.brep	5643	Ve	representable	1	0	0	0	0	0
free	asahi.brep	5646	Ed	representable	2	1	0	0	0	0
free	asahi.brep	5647	Ve	representable	1	0	0	0	0	0
free	asahi.brep	5650	Ed	representable	2	1	0	0	0	0
free	asahi.brep	5652	Ve	representable	1	0	0	0	0	0
free	asahi.brep	5653	Ve	representable	1	0	0	0	0	0
free	asahi.brep	5656	Ed	representable	2	1	0	0	0	0
free	asahi.brep	5657	Ve	representable	1	0	0	0	0	0
free	asahi.brep	5660	Ed	representable	2	1	0	0	0	0
free	asahi.brep	5661	Ve	representable	1	0	0	0	0	0
free	asahi.brep	5664	Ed	representable	2	1	0	0	0	0
free	asahi.brep	5665	Ve	representable	1	0	0	0	0	0
free	asahi.brep	5668	Ed	representable	2	1	0	0	0	0
free	asahi.brep	5669	Ve	representable	1	0	0	0	0	0
free	asahi.brep	5672	Ed	representable	2	1	0	0	0	0
free	asahi.brep	5673	Ve	representable	1	0	0	0	0	0
free	asahi.brep	5676	Ed	representable	2	1	0	0	0	0
free	asahi.brep	5677	Ve	representable	1	0	0	0	0	0
free	asahi.brep	5680	Ed	representable	2	1	0	0	0	0
free	asahi.brep	5681	Ve	representable	1	0	0	0	0	0
free	asahi.brep	5684	Ed	representable	2	1	0	0	0	0
free	asahi.brep	5685	Ve	representable	1	0	0	0	0	0
free	asahi.brep	5688	Ed	representable	2	1	0	0	0	0
free	asahi.brep	5689	Ve	representable	1	0	0	0	0	0
free	asahi.brep	5692	Ed	representable	2	1	0	0	0	0
free	asahi.brep	5693	Ve	representable	1	0	0	0	0	0
free	asahi.brep	5696	Ed	representable	2	1	0	0	0	0
free	asahi.brep	5697	Ve	representable	1	0	0	0	0	0
free	asahi.brep	5700	Ed	representable	2	1	0	0	0	0
free	asahi.brep	5701	Ve	representable	1	0	0	0	0	0
free	asahi.brep	5704	Ed	representable	2	1	0	0	0	0
free	asahi.brep	5705	Ve	representable	1	0	0	0	0	0
free	asahi.brep	5708	Ed	representable	2	1	0	0	0	0
free	asahi.brep	5709	Ve	representable	1	0	0	0	0	0
free	asahi.brep	5712	Ed	representable	2	1	0	0	0	0
free	asahi.brep	5713	Ve	representable	1	0	0	0	0	0
free	asahi.brep	5716	Ed	representable	2	1	0	0	0	0
free	asahi.brep	5717	Ve	representable	1	0	0	0	0	0
free	asahi.brep	5720	Ed	representable	2	1	0	0	0	0
free	asahi.brep	5722	Ve	representable	1	0	0	0	0	0
free	asahi.brep	5723	Ve	representable	1	0	0	0	0	0
free	asahi.brep	5726	Ed	representable	2	1	0	0	0	0
free	asahi.brep	5727	Ve	representable	1	0	0	0	0	0
free	asahi.brep	5730	Ed	representable	2	1	0	0	0	0
free	asahi.brep	5731	Ve	representable	1	0	0	0	0	0
free	asahi.brep	5734	Ed	representable	2	1	0	0	0	0
free	asahi.brep	5735	Ve	representable	1	0	0	0	0	0
free	asahi.brep	5738	Ed	representable	2	1	0	0	0	0
free	asahi.brep	5739	Ve	representable	1	0	0	0	0	0
free	asahi.brep	5742	Ed	representable	2	1	0	0	0	0
free	asahi.brep	5743	Ve	representable	1	0	0	0	0	0
free	asahi.brep	5746	Ed	representable	2	1	0	0	0	0
free	asahi.brep	5747	Ve	representable	1	0	0	0	0	0
free	asahi.brep	5750	Ed	representable	2	1	0	0	0	0
free	asahi.brep	5751	Ve	representable	1	0	0	0	0	0
free	asahi.brep	5754	Ed	representable	2	1	0	0	0	0
free	asahi.brep	5755	Ve	representable	1	0	0	0	0	0
free	asahi.brep	5758	Ed	representable	2	1	0	0	0	0
free	asahi.brep	5759	Ve	representable	1	0	0	0	0	0
free	asahi.brep	5762	Ed	representable	2	1	0	0	0	0
free	asahi.brep	5763	Ve	representable	1	0	0	0	0	0
free	asahi.brep	5766	Ed	representable	2	1	0	0	0	0
free	asahi.brep	5767	Ve	representable	1	0	0	0	0	0
free	asahi.brep	5770	Ed	representable	2	1	0	0	0	0
free	asahi.brep	5771	Ve	representable	1	0	0	0	0	0
free	asahi.brep	5774	Ed	representable	2	1	0	0	0	0
free	asahi.brep	5775	Ve	representable	1	0	0	0	0	0
free	asahi.brep	5778	Ed	representable	2	1	0	0	0	0
free	asahi.brep	5779	Ve	representable	1	0	0	0	0	0
free	asahi.brep	5782	Ed	representable	2	1	0	0	0	0
free	asahi.brep	5783	Ve	representable	1	0	0	0	0	0
free	asahi.brep	5786	Ed	representable	2	1	0	0	0	0
free	asahi.brep	5787	Ve	representable	1	0	0	0	0	0
free	asahi.brep	5790	Ed	representable	2	1	0	0	0	0
free	asahi.brep	5792	Ve	representable	1	0	0	0	0	0
free	asahi.brep	5793	Ve	representable	1	0	0	0	0	0
free	asahi.brep	5796	Ed	representable	2	1	0	0	0	0
free	asahi.brep	5797	Ve	representable	1	0	0	0	0	0
free	asahi.brep	5800	Ed	representable	2	1	0	0	0	0
free	asahi.brep	5801	Ve	representable	1	0	0	0	0	0
free	asahi.brep	5804	Ed	representable	2	1	0	0	0	0
free	asahi.brep	5805	Ve	representable	1	0	0	0	0	0
free	asahi.brep	5808	Ed	representable	2	1	0	0	0	0
free	asahi.brep	5809	Ve	representable	1	0	0	0	0	0
free	asahi.brep	5812	Ed	representable	2	1	0	0	0	0
free	asahi.brep	5813	Ve	representable	1	0	0	0	0	0
free	asahi.brep	5816	Ed	representable	2	1	0	0	0	0
free	asahi.brep	5817	Ve	representable	1	0	0	0	0	0
free	asahi.brep	5820	Ed	representable	2	1	0	0	0	0
free	asahi.brep	5821	Ve	representable	1	0	0	0	0	0
free	asahi.brep	5824	Ed	representable	2	1	0	0	0	0
free	asahi.brep	5825	Ve	representable	1	0	0	0	0	0
free	asahi.brep	5828	Ed	representable	2	1	0	0	0	0
free	asahi.brep	5829	Ve	representable	1	0	0	0	0	0
free	asahi.brep	5832	Ed	representable	2	1	0	0	0	0
free	asahi.brep	5833	Ve	representable	1	0	0	0	0	0
free	asahi.brep	5836	Ed	representable	2	1	0	0	0	0
free	asahi.brep	5837	Ve	representable	1	0	0	0	0	0
free	asahi.brep	5840	Ed	representable	2	1	0	0	0	0
free	asahi.brep	5841	Ve	representable	1	0	0	0	0	0
free	asahi.brep	5844	Ed	representable	2	1	0	0	0	0
free	asahi.brep	5845	Ve	representable	1	0	0	0	0	0
free	asahi.brep	5848	Ed	representable	2	1	0	0	0	0
free	asahi.brep	5849	Ve	representable	1	0	0	0	0	0
free	asahi.brep	5852	Ed	representable	2	1	0	0	0	0
free	asahi.brep	5853	Ve	representable	1	0	0	0	0	0
free	asahi.brep	5856	Ed	representable	2	1	0	0	0	0
free	asahi.brep	5857	Ve	representable	1	0	0	0	0	0
free	asahi.brep	5860	Ed	representable	2	1	0	0	0	0
free	asahi.brep	5862	Ve	representable	1	0	0	0	0	0
free	asahi.brep	5863	Ve	representable	1	0	0	0	0	0
free	asahi.brep	5866	Ed	representable	2	1	0	0	0	0
free	asahi.brep	5867	Ve	representable	1	0	0	0	0	0
free	asahi.brep	5870	Ed	representable	2	1	0	0	0	0
free	asahi.brep	5871	Ve	representable	1	0	0	0	0	0
free	asahi.brep	5874	Ed	representable	2	1	0	0	0	0
free	asahi.brep	5875	Ve	representable	1	0	0	0	0	0
free	asahi.brep	5878	Ed	representable	2	1	0	0	0	0
free	asahi.brep	5880	Ve	representable	1	0	0	0	0	0
free	asahi.brep	5881	Ve	representable	1	0	0	0	0	0
free	asahi.brep	5884	Ed	representable	2	1	0	0	0	0
free	asahi.brep	5885	Ve	representable	1	0	0	0	0	0
free	asahi.brep	5888	Ed	representable	2	1	0	0	0	0
free	asahi.brep	5889	Ve	representable	1	0	0	0	0	0
free	asahi.brep	5892	Ed	representable	2	1	0	0	0	0
free	asahi.brep	5893	Ve	representable	1	0	0	0	0	0
free	asahi.brep	5896	Ed	representable	2	1	0	0	0	0
free	asahi.brep	5898	Ve	representable	1	0	0	0	0	0
free	asahi.brep	5899	Ve	representable	1	0	0	0	0	0
free	asahi.brep	5902	Ed	representable	2	1	0	0	0	0
free	asahi.brep	5903	Ve	representable	1	0	0	0	0	0
free	asahi.brep	5906	Ed	representable	2	1	0	0	0	0
free	asahi.brep	5907	Ve	representable	1	0	0	0	0	0
free	asahi.brep	5910	Ed	representable	2	1	0	0	0	0
free	asahi.brep	5911	Ve	representable	1	0	0	0	0	0
free	asahi.brep	5914	Ed	representable	2	1	0	0	0	0
free	asahi.brep	5915	Ve	representable	1	0	0	0	0	0
free	asahi.brep	5918	Ed	representable	2	1	0	0	0	0
free	asahi.brep	5919	Ve	representable	1	0	0	0	0	0
free	asahi.brep	5922	Ed	representable	2	1	0	0	0	0
free	asahi.brep	5923	Ve	representable	1	0	0	0	0	0
free	asahi.brep	5926	Ed	representable	2	1	0	0	0	0
free	asahi.brep	5928	Ve	representable	1	0	0	0	0	0
free	asahi.brep	5929	Ve	representable	1	0	0	0	0	0
free	asahi.brep	5932	Ed	representable	2	1	0	0	0	0
free	asahi.brep	5933	Ve	representable	1	0	0	0	0	0
free	asahi.brep	5936	Ed	representable	2	1	0	0	0	0
free	asahi.brep	5937	Ve	representable	1	0	0	0	0	0
free	asahi.brep	5940	Ed	representable	2	1	0	0	0	0
free	asahi.brep	5941	Ve	representable	1	0	0	0	0	0
free	asahi.brep	5944	Ed	representable	2	1	0	0	0	0
free	asahi.brep	5945	Ve	representable	1	0	0	0	0	0
free	asahi.brep	5948	Ed	representable	2	1	0	0	0	0
free	asahi.brep	5949	Ve	representable	1	0	0	0	0	0
free	asahi.brep	5952	Ed	representable	2	1	0	0	0	0
free	asahi.brep	5953	Ve	representable	1	0	0	0	0	0
free	asahi.brep	5956	Ed	representable	2	1	0	0	0	0
free	asahi.brep	5957	Ve	representable	1	0	0	0	0	0
free	asahi.brep	5960	Ed	representable	2	1	0	0	0	0
free	asahi.brep	5961	Ve	representable	1	0	0	0	0	0
free	asahi.brep	5964	Ed	representable	2	1	0	0	0	0
free	asahi.brep	5965	Ve	representable	1	0	0	0	0	0
free	asahi.brep	5968	Ed	representable	2	1	0	0	0	0
free	asahi.brep	5969	Ve	representable	1	0	0	0	0	0
free	asahi.brep	5972	Ed	representable	2	1	0	0	0	0
free	asahi.brep	5973	Ve	representable	1	0	0	0	0	0
free	asahi.brep	5976	Ed	representable	2	1	0	0	0	0
free	asahi.brep	5977	Ve	representable	1	0	0	0	0	0
free	asahi.brep	5980	Ed	representable	2	1	0	0	0	0
free	asahi.brep	5981	Ve	representable	1	0	0	0	0	0
free	asahi.brep	5984	Ed	representable	2	1	0	0	0	0
free	asahi.brep	5985	Ve	representable	1	0	0	0	0	0
free	asahi.brep	5988	Ed	representable	2	1	0	0	0	0
free	asahi.brep	5989	Ve	representable	1	0	0	0	0	0
free	asahi.brep	5992	Ed	representable	2	1	0	0	0	0
free	asahi.brep	5994	Ve	representable	1	0	0	0	0	0
free	asahi.brep	5995	Ve	representable	1	0	0	0	0	0
free	asahi.brep	5998	Ed	representable	2	1	0	0	0	0
free	asahi.brep	5999	Ve	representable	1	0	0	0	0	0
free	asahi.brep	6002	Ed	representable	2	1	0	0	0	0
free	asahi.brep	6003	Ve	representable	1	0	0	0	0	0
free	asahi.brep	6006	Ed	representable	2	1	0	0	0	0
free	asahi.brep	6007	Ve	representable	1	0	0	0	0	0
free	asahi.brep	6010	Ed	representable	2	1	0	0	0	0
free	asahi.brep	6011	Ve	representable	1	0	0	0	0	0
free	asahi.brep	6014	Ed	representable	2	1	0	0	0	0
free	asahi.brep	6016	Ve	representable	1	0	0	0	0	0
free	asahi.brep	6017	Ve	representable	1	0	0	0	0	0
free	asahi.brep	6020	Ed	representable	2	1	0	0	0	0
free	asahi.brep	6021	Ve	representable	1	0	0	0	0	0
free	asahi.brep	6024	Ed	representable	2	1	0	0	0	0
free	asahi.brep	6025	Ve	representable	1	0	0	0	0	0
free	asahi.brep	6028	Ed	representable	2	1	0	0	0	0
free	asahi.brep	6029	Ve	representable	1	0	0	0	0	0
free	asahi.brep	6032	Ed	representable	2	1	0	0	0	0
free	asahi.brep	6034	Ve	representable	1	0	0	0	0	0
free	asahi.brep	6035	Ve	representable	1	0	0	0	0	0
free	asahi.brep	6038	Ed	representable	2	1	0	0	0	0
free	asahi.brep	6039	Ve	representable	1	0	0	0	0	0
free	asahi.brep	6042	Ed	representable	2	1	0	0	0	0
free	asahi.brep	6043	Ve	representable	1	0	0	0	0	0
free	asahi.brep	6046	Ed	representable	2	1	0	0	0	0
free	asahi.brep	6047	Ve	representable	1	0	0	0	0	0
free	asahi.brep	6050	Ed	representable	2	1	0	0	0	0
free	asahi.brep	6051	Ve	representable	1	0	0	0	0	0
free	asahi.brep	6054	Ed	representable	2	1	0	0	0	0
free	asahi.brep	6056	Ve	representable	1	0	0	0	0	0
free	asahi.brep	6057	Ve	representable	1	0	0	0	0	0
free	asahi.brep	6060	Ed	representable	2	1	0	0	0	0
free	asahi.brep	6061	Ve	representable	1	0	0	0	0	0
free	asahi.brep	6064	Ed	representable	2	1	0	0	0	0
free	asahi.brep	6065	Ve	representable	1	0	0	0	0	0
free	asahi.brep	6068	Ed	representable	2	1	0	0	0	0
free	asahi.brep	6069	Ve	representable	1	0	0	0	0	0
free	asahi.brep	6072	Ed	representable	2	1	0	0	0	0
free	asahi.brep	6074	Ve	representable	1	0	0	0	0	0
free	asahi.brep	6075	Ve	representable	1	0	0	0	0	0
free	asahi.brep	6078	Ed	representable	2	1	0	0	0	0
free	asahi.brep	6079	Ve	representable	1	0	0	0	0	0
free	asahi.brep	6082	Ed	representable	2	1	0	0	0	0
free	asahi.brep	6083	Ve	representable	1	0	0	0	0	0
free	asahi.brep	6086	Ed	representable	2	1	0	0	0	0
free	asahi.brep	6087	Ve	representable	1	0	0	0	0	0
free	asahi.brep	6090	Ed	representable	2	1	0	0	0	0
free	asahi.brep	6091	Ve	representable	1	0	0	0	0	0
free	asahi.brep	6094	Ed	representable	2	1	0	0	0	0
free	asahi.brep	6096	Ve	representable	1	0	0	0	0	0
free	asahi.brep	6097	Ve	representable	1	0	0	0	0	0
free	asahi.brep	6100	Ed	representable	2	1	0	0	0	0
free	asahi.brep	6101	Ve	representable	1	0	0	0	0	0
free	asahi.brep	6104	Ed	representable	2	1	0	0	0	0
free	asahi.brep	6105	Ve	representable	1	0	0	0	0	0
free	asahi.brep	6108	Ed	representable	2	1	0	0	0	0
free	asahi.brep	6109	Ve	representable	1	0	0	0	0	0
free	asahi.brep	6112	Ed	representable	2	1	0	0	0	0
free	asahi.brep	6114	Ve	representable	1	0	0	0	0	0
free	asahi.brep	6115	Ve	representable	1	0	0	0	0	0
free	asahi.brep	6118	Ed	representable	2	1	0	0	0	0
free	asahi.brep	6119	Ve	representable	1	0	0	0	0	0
free	asahi.brep	6122	Ed	representable	2	1	0	0	0	0
free	asahi.brep	6123	Ve	representable	1	0	0	0	0	0
free	asahi.brep	6126	Ed	representable	2	1	0	0	0	0
free	asahi.brep	6127	Ve	representable	1	0	0	0	0	0
free	asahi.brep	6130	Ed	representable	2	1	0	0	0	0
free	asahi.brep	6131	Ve	representable	1	0	0	0	0	0
free	asahi.brep	6134	Ed	representable	2	1	0	0	0	0
free	asahi.brep	6135	Ve	representable	1	0	0	0	0	0
free	asahi.brep	6138	Ed	representable	2	1	0	0	0	0
free	asahi.brep	6139	Ve	representable	1	0	0	0	0	0
free	asahi.brep	6142	Ed	representable	2	1	0	0	0	0
free	asahi.brep	6143	Ve	representable	1	0	0	0	0	0
free	asahi.brep	6146	Ed	representable	2	1	0	0	0	0
free	asahi.brep	6147	Ve	representable	1	0	0	0	0	0
free	asahi.brep	6150	Ed	representable	2	1	0	0	0	0
free	asahi.brep	6151	Ve	representable	1	0	0	0	0	0
free	asahi.brep	6154	Ed	representable	2	1	0	0	0	0
free	asahi.brep	6155	Ve	representable	1	0	0	0	0	0
free	asahi.brep	6158	Ed	representable	2	1	0	0	0	0
free	asahi.brep	6159	Ve	representable	1	0	0	0	0	0
free	asahi.brep	6162	Ed	representable	2	1	0	0	0	0
free	asahi.brep	6163	Ve	representable	1	0	0	0	0	0
free	asahi.brep	6166	Ed	representable	2	1	0	0	0	0
free	asahi.brep	6167	Ve	representable	1	0	0	0	0	0
free	asahi.brep	6170	Ed	representable	2	1	0	0	0	0
free	asahi.brep	6171	Ve	representable	1	0	0	0	0	0
free	asahi.brep	6174	Ed	representable	2	1	0	0	0	0
free	asahi.brep	6175	Ve	representable	1	0	0	0	0	0
free	asahi.brep	6178	Ed	representable	2	1	0	0	0	0
free	asahi.brep	6179	Ve	representable	1	0	0	0	0	0
free	asahi.brep	6182	Ed	representable	2	1	0	0	0	0
free	asahi.brep	6183	Ve	representable	1	0	0	0	0	0
free	asahi.brep	6186	Ed	representable	2	1	0	0	0	0
free	asahi.brep	6187	Ve	representable	1	0	0	0	0	0
free	asahi.brep	6190	Ed	representable	2	1	0	0	0	0
free	asahi.brep	6191	Ve	representable	1	0	0	0	0	0
free	asahi.brep	6194	Ed	representable	2	1	0	0	0	0
free	asahi.brep	6196	Ve	representable	1	0	0	0	0	0
free	asahi.brep	6197	Ve	representable	1	0	0	0	0	0
free	asahi.brep	6200	Ed	representable	2	1	0	0	0	0
free	asahi.brep	6201	Ve	representable	1	0	0	0	0	0
free	asahi.brep	6204	Ed	representable	2	1	0	0	0	0
free	asahi.brep	6205	Ve	representable	1	0	0	0	0	0
free	asahi.brep	6208	Ed	representable	2	1	0	0	0	0
free	asahi.brep	6209	Ve	representable	1	0	0	0	0	0
free	asahi.brep	6212	Ed	representable	2	1	0	0	0	0
free	asahi.brep	6213	Ve	representable	1	0	0	0	0	0
free	asahi.brep	6216	Ed	representable	2	1	0	0	0	0
free	asahi.brep	6217	Ve	representable	1	0	0	0	0	0
free	asahi.brep	6220	Ed	representable	2	1	0	0	0	0
free	asahi.brep	6221	Ve	representable	1	0	0	0	0	0
free	asahi.brep	6224	Ed	representable	2	1	0	0	0	0
free	asahi.brep	6225	Ve	representable	1	0	0	0	0	0
free	asahi.brep	6228	Ed	representable	2	1	0	0	0	0
free	asahi.brep	6229	Ve	representable	1	0	0	0	0	0
free	asahi.brep	6232	Ed	representable	2	1	0	0	0	0
free	asahi.brep	6233	Ve	representable	1	0	0	0	0	0
free	asahi.brep	6236	Ed	representable	2	1	0	0	0	0
free	asahi.brep	6237	Ve	representable	1	0	0	0	0	0
free	asahi.brep	6240	Ed	representable	2	1	0	0	0	0
free	asahi.brep	6241	Ve	representable	1	0	0	0	0	0
free	asahi.brep	6244	Ed	representable	2	1	0	0	0	0
free	asahi.brep	6245	Ve	representable	1	0	0	0	0	0
free	asahi.brep	6248	Ed	representable	2	1	0	0	0	0
free	asahi.brep	6249	Ve	representable	1	0	0	0	0	0
free	asahi.brep	6252	Ed	representable	2	1	0	0	0	0
free	asahi.brep	6253	Ve	representable	1	0	0	0	0	0
free	asahi.brep	6256	Ed	representable	2	1	0	0	0	0
free	asahi.brep	6257	Ve	representable	1	0	0	0	0	0
free	asahi.brep	6260	Ed	representable	2	1	0	0	0	0
free	asahi.brep	6261	Ve	representable	1	0	0	0	0	0
free	asahi.brep	6264	Ed	representable	2	1	0	0	0	0
free	asahi.brep	6266	Ve	representable	1	0	0	0	0	0
free	asahi.brep	6267	Ve	representable	1	0	0	0	0	0
free	asahi.brep	6270	Ed	representable	2	1	0	0	0	0
free	asahi.brep	6271	Ve	representable	1	0	0	0	0	0
free	asahi.brep	6274	Ed	representable	2	1	0	0	0	0
free	asahi.brep	6275	Ve	representable	1	0	0	0	0	0
free	asahi.brep	6278	Ed	representable	2	1	0	0	0	0
free	asahi.brep	6279	Ve	representable	1	0	0	0	0	0
free	asahi.brep	6282	Ed	representable	2	1	0	0	0	0
free	asahi.brep	6284	Ve	representable	1	0	0	0	0	0
free	asahi.brep	6285	Ve	representable	1	0	0	0	0	0
free	asahi.brep	6288	Ed	representable	2	1	0	0	0	0
free	asahi.brep	6289	Ve	representable	1	0	0	0	0	0
free	asahi.brep	6292	Ed	representable	2	1	0	0	0	0
free	asahi.brep	6293	Ve	representable	1	0	0	0	0	0
free	asahi.brep	6296	Ed	representable	2	1	0	0	0	0
free	asahi.brep	6297	Ve	representable	1	0	0	0	0	0
free	asahi.brep	6300	Ed	representable	2	1	0	0	0	0
free	asahi.brep	6301	Ve	representable	1	0	0	0	0	0
free	asahi.brep	6304	Ed	representable	2	1	0	0	0	0
free	asahi.brep	6305	Ve	representable	1	0	0	0	0	0
free	asahi.brep	6308	Ed	representable	2	1	0	0	0	0
free	asahi.brep	6309	Ve	representable	1	0	0	0	0	0
free	asahi.brep	6312	Ed	representable	2	1	0	0	0	0
free	asahi.brep	6314	Ve	representable	1	0	0	0	0	0
free	asahi.brep	6315	Ve	representable	1	0	0	0	0	0
free	asahi.brep	6318	Ed	representable	2	1	0	0	0	0
free	asahi.brep	6319	Ve	representable	1	0	0	0	0	0
free	asahi.brep	6322	Ed	representable	2	1	0	0	0	0
free	asahi.brep	6323	Ve	representable	1	0	0	0	0	0
free	asahi.brep	6326	Ed	representable	2	1	0	0	0	0
free	asahi.brep	6327	Ve	representable	1	0	0	0	0	0
free	asahi.brep	6330	Ed	representable	2	1	0	0	0	0
free	asahi.brep	6331	Ve	representable	1	0	0	0	0	0
free	asahi.brep	6334	Ed	representable	2	1	0	0	0	0
free	asahi.brep	6335	Ve	representable	1	0	0	0	0	0
free	asahi.brep	6338	Ed	representable	2	1	0	0	0	0
free	asahi.brep	6339	Ve	representable	1	0	0	0	0	0
free	asahi.brep	6342	Ed	representable	2	1	0	0	0	0
free	asahi.brep	6343	Ve	representable	1	0	0	0	0	0
free	asahi.brep	6346	Ed	representable	2	1	0	0	0	0
free	asahi.brep	6347	Ve	representable	1	0	0	0	0	0
free	asahi.brep	6350	Ed	representable	2	1	0	0	0	0
free	asahi.brep	6352	Ve	representable	1	0	0	0	0	0
free	asahi.brep	6353	Ve	representable	1	0	0	0	0	0
free	asahi.brep	6356	Ed	representable	2	1	0	0	0	0
free	asahi.brep	6357	Ve	representable	1	0	0	0	0	0
free	asahi.brep	6360	Ed	representable	2	1	0	0	0	0
free	asahi.brep	6361	Ve	representable	1	0	0	0	0	0
free	asahi.brep	6362	Ve	representable	1	0	0	0	0	0
free	asahi.brep	6365	Ed	representable	2	1	0	0	0	0
free	asahi.brep	6367	Ve	representable	1	0	0	0	0	0
free	asahi.brep	6368	Ve	representable	1	0	0	0	0	0
free	asahi.brep	6371	Ed	representable	2	1	0	0	0	0
free	asahi.brep	6372	Ve	representable	1	0	0	0	0	0
free	asahi.brep	6375	Ed	representable	2	1	0	0	0	0
free	asahi.brep	6376	Ve	representable	1	0	0	0	0	0
free	asahi.brep	6379	Ed	representable	2	1	0	0	0	0
free	asahi.brep	6380	Ve	representable	1	0	0	0	0	0
free	asahi.brep	6383	Ed	representable	2	1	0	0	0	0
free	asahi.brep	6384	Ve	representable	1	0	0	0	0	0
free	asahi.brep	6387	Ed	representable	2	1	0	0	0	0
free	asahi.brep	6388	Ve	representable	1	0	0	0	0	0
free	asahi.brep	6391	Ed	representable	2	1	0	0	0	0
free	asahi.brep	6392	Ve	representable	1	0	0	0	0	0
free	asahi.brep	6395	Ed	representable	2	1	0	0	0	0
free	asahi.brep	6396	Ve	representable	1	0	0	0	0	0
free	asahi.brep	6399	Ed	representable	2	1	0	0	0	0
free	asahi.brep	6400	Ve	representable	1	0	0	0	0	0
free	asahi.brep	6403	Ed	representable	2	1	0	0	0	0
free	asahi.brep	6405	Ve	representable	1	0	0	0	0	0
free	asahi.brep	6406	Ve	representable	1	0	0	0	0	0
free	asahi.brep	6409	Ed	representable	2	1	0	0	0	0
free	asahi.brep	6410	Ve	representable	1	0	0	0	0	0
free	asahi.brep	6413	Ed	representable	2	1	0	0	0	0
free	asahi.brep	6414	Ve	representable	1	0	0	0	0	0
free	asahi.brep	6415	Ve	representable	1	0	0	0	0	0
free	asahi.brep	6418	Ed	representable	2	1	0	0	0	0
free	asahi.brep	6420	Ve	representable	1	0	0	0	0	0
free	asahi.brep	6421	Ve	representable	1	0	0	0	0	0
free	asahi.brep	6424	Ed	representable	2	1	0	0	0	0
free	asahi.brep	6425	Ve	representable	1	0	0	0	0	0
free	asahi.brep	6428	Ed	representable	2	1	0	0	0	0
free	asahi.brep	6429	Ve	representable	1	0	0	0	0	0
free	asahi.brep	6432	Ed	representable	2	1	0	0	0	0
free	asahi.brep	6433	Ve	representable	1	0	0	0	0	0
free	asahi.brep	6436	Ed	representable	2	1	0	0	0	0
free	asahi.brep	6437	Ve	representable	1	0	0	0	0	0
free	asahi.brep	6440	Ed	representable	2	1	0	0	0	0
free	asahi.brep	6441	Ve	representable	1	0	0	0	0	0
free	asahi.brep	6444	Ed	representable	2	1	0	0	0	0
free	asahi.brep	6445	Ve	representable	1	0	0	0	0	0
free	asahi.brep	6448	Ed	representable	2	1	0	0	0	0
free	asahi.brep	6449	Ve	representable	1	0	0	0	0	0
free	asahi.brep	6452	Ed	representable	2	1	0	0	0	0
free	asahi.brep	6453	Ve	representable	1	0	0	0	0	0
free	asahi.brep	6456	Ed	representable	2	1	0	0	0	0
free	asahi.brep	6457	Ve	representable	1	0	0	0	0	0
free	asahi.brep	6460	Ed	representable	2	1	0	0	0	0
free	asahi.brep	6461	Ve	representable	1	0	0	0	0	0
free	asahi.brep	6464	Ed	representable	2	1	0	0	0	0
free	asahi.brep	6466	Ve	representable	1	0	0	0	0	0
free	asahi.brep	6467	Ve	representable	1	0	0	0	0	0
free	asahi.brep	6470	Ed	representable	2	1	0	0	0	0
free	asahi.brep	6471	Ve	representable	1	0	0	0	0	0
free	asahi.brep	6474	Ed	representable	2	1	0	0	0	0
free	asahi.brep	6475	Ve	representable	1	0	0	0	0	0
free	asahi.brep	6478	Ed	representable	2	1	0	0	0	0
free	asahi.brep	6479	Ve	representable	1	0	0	0	0	0
free	asahi.brep	6482	Ed	representable	2	1	0	0	0	0
free	asahi.brep	6483	Ve	representable	1	0	0	0	0	0
free	asahi.brep	6486	Ed	representable	2	1	0	0	0	0
free	asahi.brep	6487	Ve	representable	1	0	0	0	0	0
free	asahi.brep	6490	Ed	representable	2	1	0	0	0	0
free	asahi.brep	6491	Ve	representable	1	0	0	0	0	0
free	asahi.brep	6494	Ed	representable	2	1	0	0	0	0
free	asahi.brep	6495	Ve	representable	1	0	0	0	0	0
free	asahi.brep	6498	Ed	representable	2	1	0	0	0	0
free	asahi.brep	6499	Ve	representable	1	0	0	0	0	0
free	asahi.brep	6502	Ed	representable	2	1	0	0	0	0
free	asahi.brep	6504	Ve	representable	1	0	0	0	0	0
free	asahi.brep	6505	Ve	representable	1	0	0	0	0	0
free	asahi.brep	6508	Ed	representable	2	1	0	0	0	0
free	asahi.brep	6509	Ve	representable	1	0	0	0	0	0
free	asahi.brep	6512	Ed	representable	2	1	0	0	0	0
free	asahi.brep	6513	Ve	representable	1	0	0	0	0	0
free	asahi.brep	6516	Ed	representable	2	1	0	0	0	0
free	asahi.brep	6517	Ve	representable	1	0	0	0	0	0
free	asahi.brep	6520	Ed	representable	2	1	0	0	0	0
free	asahi.brep	6521	Ve	representable	1	0	0	0	0	0
free	asahi.brep	6524	Ed	representable	2	1	0	0	0	0
free	asahi.brep	6525	Ve	representable	1	0	0	0	0	0
free	asahi.brep	6528	Ed	representable	2	1	0	0	0	0
free	asahi.brep	6529	Ve	representable	1	0	0	0	0	0
free	asahi.brep	6532	Ed	representable	2	1	0	0	0	0
free	asahi.brep	6533	Ve	representable	1	0	0	0	0	0
free	asahi.brep	6536	Ed	representable	2	1	0	0	0	0
free	asahi.brep	6537	Ve	representable	1	0	0	0	0	0
free	asahi.brep	6540	Ed	representable	2	1	0	0	0	0
free	asahi.brep	6542	Ve	representable	1	0	0	0	0	0
free	asahi.brep	6543	Ve	representable	1	0	0	0	0	0
free	asahi.brep	6546	Ed	representable	2	1	0	0	0	0
free	asahi.brep	6547	Ve	representable	1	0	0	0	0	0
free	asahi.brep	6550	Ed	representable	2	1	0	0	0	0
free	asahi.brep	6551	Ve	representable	1	0	0	0	0	0
free	asahi.brep	6554	Ed	representable	2	1	0	0	0	0
free	asahi.brep	6555	Ve	representable	1	0	0	0	0	0
free	asahi.brep	6558	Ed	representable	2	1	0	0	0	0
free	asahi.brep	6559	Ve	representable	1	0	0	0	0	0
free	asahi.brep	6562	Ed	representable	2	1	0	0	0	0
free	asahi.brep	6563	Ve	representable	1	0	0	0	0	0
free	asahi.brep	6566	Ed	representable	2	1	0	0	0	0
free	asahi.brep	6567	Ve	representable	1	0	0	0	0	0
free	asahi.brep	6570	Ed	representable	2	1	0	0	0	0
free	asahi.brep	6571	Ve	representable	1	0	0	0	0	0
free	asahi.brep	6574	Ed	representable	2	1	0	0	0	0
free	asahi.brep	6575	Ve	representable	1	0	0	0	0	0
free	asahi.brep	6578	Ed	representable	2	1	0	0	0	0
free	asahi.brep	6579	Ve	representable	1	0	0	0	0	0
free	asahi.brep	6582	Ed	representable	2	1	0	0	0	0
free	asahi.brep	6583	Ve	representable	1	0	0	0	0	0
free	asahi.brep	6586	Ed	representable	2	1	0	0	0	0
free	asahi.brep	6587	Ve	representable	1	0	0	0	0	0
free	asahi.brep	6590	Ed	representable	2	1	0	0	0	0
free	asahi.brep	6591	Ve	representable	1	0	0	0	0	0
free	asahi.brep	6594	Ed	representable	2	1	0	0	0	0
free	asahi.brep	6595	Ve	representable	1	0	0	0	0	0
free	asahi.brep	6598	Ed	representable	2	1	0	0	0	0
free	asahi.brep	6600	Ve	representable	1	0	0	0	0	0
free	asahi.brep	6601	Ve	representable	1	0	0	0	0	0
free	asahi.brep	6604	Ed	representable	2	1	0	0	0	0
free	asahi.brep	6605	Ve	representable	1	0	0	0	0	0
free	asahi.brep	6608	Ed	representable	2	1	0	0	0	0
free	asahi.brep	6609	Ve	representable	1	0	0	0	0	0
free	asahi.brep	6612	Ed	representable	2	1	0	0	0	0
free	asahi.brep	6613	Ve	representable	1	0	0	0	0	0
free	asahi.brep	6616	Ed	representable	2	1	0	0	0	0
free	asahi.brep	6617	Ve	representable	1	0	0	0	0	0
free	asahi.brep	6620	Ed	representable	2	1	0	0	0	0
free	asahi.brep	6621	Ve	representable	1	0	0	0	0	0
free	asahi.brep	6624	Ed	representable	2	1	0	0	0	0
free	asahi.brep	6625	Ve	representable	1	0	0	0	0	0
free	asahi.brep	6628	Ed	representable	2	1	0	0	0	0
free	asahi.brep	6629	Ve	representable	1	0	0	0	0	0
free	asahi.brep	6632	Ed	representable	2	1	0	0	0	0
free	asahi.brep	6633	Ve	representable	1	0	0	0	0	0
free	asahi.brep	6636	Ed	representable	2	1	0	0	0	0
free	asahi.brep	6637	Ve	representable	1	0	0	0	0	0
free	asahi.brep	6640	Ed	representable	2	1	0	0	0	0
free	asahi.brep	6641	Ve	representable	1	0	0	0	0	0
free	asahi.brep	6644	Ed	representable	2	1	0	0	0	0
free	asahi.brep	6645	Ve	representable	1	0	0	0	0	0
free	asahi.brep	6648	Ed	representable	2	1	0	0	0	0
free	asahi.brep	6649	Ve	representable	1	0	0	0	0	0
free	asahi.brep	6652	Ed	representable	2	1	0	0	0	0
free	asahi.brep	6654	Ve	representable	1	0	0	0	0	0
free	asahi.brep	6655	Ve	representable	1	0	0	0	0	0
free	asahi.brep	6658	Ed	representable	2	1	0	0	0	0
free	asahi.brep	6659	Ve	representable	1	0	0	0	0	0
free	asahi.brep	6662	Ed	representable	2	1	0	0	0	0
free	asahi.brep	6663	Ve	representable	1	0	0	0	0	0
free	asahi.brep	6666	Ed	representable	2	1	0	0	0	0
free	asahi.brep	6667	Ve	representable	1	0	0	0	0	0
free	asahi.brep	6670	Ed	representable	2	1	0	0	0	0
free	asahi.brep	6671	Ve	representable	1	0	0	0	0	0
free	asahi.brep	6674	Ed	representable	2	1	0	0	0	0
free	asahi.brep	6675	Ve	representable	1	0	0	0	0	0
free	asahi.brep	6678	Ed	representable	2	1	0	0	0	0
free	asahi.brep	6679	Ve	representable	1	0	0	0	0	0
free	asahi.brep	6682	Ed	representable	2	1	0	0	0	0
free	asahi.brep	6683	Ve	representable	1	0	0	0	0	0
free	asahi.brep	6686	Ed	representable	2	1	0	0	0	0
free	asahi.brep	6687	Ve	representable	1	0	0	0	0	0
free	asahi.brep	6690	Ed	representable	2	1	0	0	0	0
free	asahi.brep	6691	Ve	representable	1	0	0	0	0	0
free	asahi.brep	6694	Ed	representable	2	1	0	0	0	0
free	asahi.brep	6695	Ve	representable	1	0	0	0	0	0
free	asahi.brep	6698	Ed	representable	2	1	0	0	0	0
free	asahi.brep	6699	Ve	representable	1	0	0	0	0	0
free	asahi.brep	6702	Ed	representable	2	1	0	0	0	0
free	asahi.brep	6703	Ve	representable	1	0	0	0	0	0
free	asahi.brep	6706	Ed	representable	2	1	0	0	0	0
free	asahi.brep	6707	Ve	representable	1	0	0	0	0	0
free	asahi.brep	6710	Ed	representable	2	1	0	0	0	0
free	asahi.brep	6711	Ve	representable	1	0	0	0	0	0
free	asahi.brep	6714	Ed	representable	2	1	0	0	0	0
free	asahi.brep	6715	Ve	representable	1	0	0	0	0	0
free	asahi.brep	6718	Ed	representable	2	1	0	0	0	0
free	asahi.brep	6719	Ve	representable	1	0	0	0	0	0
free	asahi.brep	6722	Ed	representable	2	1	0	0	0	0
free	asahi.brep	6723	Ve	representable	1	0	0	0	0	0
free	asahi.brep	6726	Ed	representable	2	1	0	0	0	0
free	asahi.brep	6727	Ve	representable	1	0	0	0	0	0
free	asahi.brep	6730	Ed	representable	2	1	0	0	0	0
free	asahi.brep	6731	Ve	representable	1	0	0	0	0	0
free	asahi.brep	6734	Ed	representable	2	1	0	0	0	0
free	asahi.brep	6735	Ve	representable	1	0	0	0	0	0
free	asahi.brep	6738	Ed	representable	2	1	0	0	0	0
free	asahi.brep	6740	Ve	representable	1	0	0	0	0	0
free	asahi.brep	6741	Ve	representable	1	0	0	0	0	0
free	asahi.brep	6744	Ed	representable	2	1	0	0	0	0
free	asahi.brep	6745	Ve	representable	1	0	0	0	0	0
free	asahi.brep	6748	Ed	representable	2	1	0	0	0	0
free	asahi.brep	6749	Ve	representable	1	0	0	0	0	0
free	asahi.brep	6752	Ed	representable	2	1	0	0	0	0
free	asahi.brep	6753	Ve	representable	1	0	0	0	0	0
free	asahi.brep	6756	Ed	representable	2	1	0	0	0	0
free	asahi.brep	6757	Ve	representable	1	0	0	0	0	0
free	asahi.brep	6760	Ed	representable	2	1	0	0	0	0
free	asahi.brep	6761	Ve	representable	1	0	0	0	0	0
free	asahi.brep	6764	Ed	representable	2	1	0	0	0	0
free	asahi.brep	6765	Ve	representable	1	0	0	0	0	0
free	asahi.brep	6768	Ed	representable	2	1	0	0	0	0
free	asahi.brep	6769	Ve	representable	1	0	0	0	0	0
free	asahi.brep	6772	Ed	representable	2	1	0	0	0	0
free	asahi.brep	6773	Ve	representable	1	0	0	0	0	0
free	asahi.brep	6776	Ed	representable	2	1	0	0	0	0
free	asahi.brep	6777	Ve	representable	1	0	0	0	0	0
free	asahi.brep	6780	Ed	representable	2	1	0	0	0	0
free	asahi.brep	6782	Ve	representable	1	0	0	0	0	0
free	asahi.brep	6783	Ve	representable	1	0	0	0	0	0
free	asahi.brep	6786	Ed	representable	2	1	0	0	0	0
free	asahi.brep	6787	Ve	representable	1	0	0	0	0	0
free	asahi.brep	6790	Ed	representable	2	1	0	0	0	0
free	asahi.brep	6791	Ve	representable	1	0	0	0	0	0
free	asahi.brep	6794	Ed	representable	2	1	0	0	0	0
free	asahi.brep	6795	Ve	representable	1	0	0	0	0	0
free	asahi.brep	6798	Ed	representable	2	1	0	0	0	0
free	asahi.brep	6800	Ve	representable	1	0	0	0	0	0
free	asahi.brep	6801	Ve	representable	1	0	0	0	0	0
free	asahi.brep	6804	Ed	representable	2	1	0	0	0	0
free	asahi.brep	6805	Ve	representable	1	0	0	0	0	0
free	asahi.brep	6808	Ed	representable	2	1	0	0	0	0
free	asahi.brep	6809	Ve	representable	1	0	0	0	0	0
free	asahi.brep	6812	Ed	representable	2	1	0	0	0	0
free	asahi.brep	6813	Ve	representable	1	0	0	0	0	0
free	asahi.brep	6816	Ed	representable	2	1	0	0	0	0
free	asahi.brep	6818	Ve	representable	1	0	0	0	0	0
free	asahi.brep	6819	Ve	representable	1	0	0	0	0	0
free	asahi.brep	6822	Ed	representable	2	1	0	0	0	0
free	asahi.brep	6823	Ve	representable	1	0	0	0	0	0
free	asahi.brep	6826	Ed	representable	2	1	0	0	0	0
free	asahi.brep	6827	Ve	representable	1	0	0	0	0	0
free	asahi.brep	6830	Ed	representable	2	1	0	0	0	0
free	asahi.brep	6832	Ve	representable	1	0	0	0	0	0
free	asahi.brep	6833	Ve	representable	1	0	0	0	0	0
free	asahi.brep	6836	Ed	representable	2	1	0	0	0	0
free	asahi.brep	6837	Ve	representable	1	0	0	0	0	0
free	asahi.brep	6840	Ed	representable	2	1	0	0	0	0
free	asahi.brep	6841	Ve	representable	1	0	0	0	0	0
free	asahi.brep	6844	Ed	representable	2	1	0	0	0	0
free	asahi.brep	6845	Ve	representable	1	0	0	0	0	0
free	asahi.brep	6848	Ed	representable	2	1	0	0	0	0
free	asahi.brep	6849	Ve	representable	1	0	0	0	0	0
free	asahi.brep	6852	Ed	representable	2	1	0	0	0	0
free	asahi.brep	6853	Ve	representable	1	0	0	0	0	0
free	asahi.brep	6856	Ed	representable	2	1	0	0	0	0
free	asahi.brep	6857	Ve	representable	1	0	0	0	0	0
free	asahi.brep	6860	Ed	representable	2	1	0	0	0	0
free	asahi.brep	6861	Ve	representable	1	0	0	0	0	0
free	asahi.brep	6864	Ed	representable	2	1	0	0	0	0
free	asahi.brep	6865	Ve	representable	1	0	0	0	0	0
free	asahi.brep	6868	Ed	representable	2	1	0	0	0	0
free	asahi.brep	6870	Ve	representable	1	0	0	0	0	0
free	asahi.brep	6871	Ve	representable	1	0	0	0	0	0
free	asahi.brep	6874	Ed	representable	2	1	0	0	0	0
free	asahi.brep	6875	Ve	representable	1	0	0	0	0	0
free	asahi.brep	6878	Ed	representable	2	1	0	0	0	0
free	asahi.brep	6879	Ve	representable	1	0	0	0	0	0
free	asahi.brep	6882	Ed	representable	2	1	0	0	0	0
free	asahi.brep	6883	Ve	representable	1	0	0	0	0	0
free	asahi.brep	6886	Ed	representable	2	1	0	0	0	0
free	asahi.brep	6887	Ve	representable	1	0	0	0	0	0
free	asahi.brep	6890	Ed	representable	2	1	0	0	0	0
free	asahi.brep	6891	Ve	representable	1	0	0	0	0	0
free	asahi.brep	6894	Ed	representable	2	1	0	0	0	0
free	asahi.brep	6895	Ve	representable	1	0	0	0	0	0
free	asahi.brep	6898	Ed	representable	2	1	0	0	0	0
free	asahi.brep	6899	Ve	representable	1	0	0	0	0	0
free	asahi.brep	6902	Ed	representable	2	1	0	0	0	0
free	asahi.brep	6903	Ve	representable	1	0	0	0	0	0
free	asahi.brep	6906	Ed	representable	2	1	0	0	0	0
free	asahi.brep	6908	Ve	representable	1	0	0	0	0	0
free	asahi.brep	6909	Ve	representable	1	0	0	0	0	0
free	asahi.brep	6912	Ed	representable	2	1	0	0	0	0
free	asahi.brep	6913	Ve	representable	1	0	0	0	0	0
free	asahi.brep	6916	Ed	representable	2	1	0	0	0	0
free	asahi.brep	6917	Ve	representable	1	0	0	0	0	0
free	asahi.brep	6920	Ed	representable	2	1	0	0	0	0
free	asahi.brep	6921	Ve	representable	1	0	0	0	0	0
free	asahi.brep	6924	Ed	representable	2	1	0	0	0	0
free	asahi.brep	6925	Ve	representable	1	0	0	0	0	0
free	asahi.brep	6928	Ed	representable	2	1	0	0	0	0
free	asahi.brep	6929	Ve	representable	1	0	0	0	0	0
free	asahi.brep	6932	Ed	representable	2	1	0	0	0	0
free	asahi.brep	6933	Ve	representable	1	0	0	0	0	0
free	asahi.brep	6936	Ed	representable	2	1	0	0	0	0
free	asahi.brep	6937	Ve	representable	1	0	0	0	0	0
free	asahi.brep	6938	Ve	representable	1	0	0	0	0	0
free	asahi.brep	6941	Ed	representable	2	1	0	0	0	0
free	asahi.brep	6942	Ve	representable	1	0	0	0	0	0
free	asahi.brep	6945	Ed	representable	2	1	0	0	0	0
free	asahi.brep	6946	Ve	representable	1	0	0	0	0	0
free	asahi.brep	6949	Ed	representable	2	1	0	0	0	0
free	asahi.brep	6950	Ve	representable	1	0	0	0	0	0
free	asahi.brep	6953	Ed	representable	2	1	0	0	0	0
free	asahi.brep	6954	Ve	representable	1	0	0	0	0	0
free	asahi.brep	6957	Ed	representable	2	1	0	0	0	0
free	asahi.brep	6958	Ve	representable	1	0	0	0	0	0
free	asahi.brep	6961	Ed	representable	2	1	0	0	0	0
free	asahi.brep	6962	Ve	representable	1	0	0	0	0	0
free	asahi.brep	6965	Ed	representable	2	1	0	0	0	0
free	asahi.brep	6966	Ve	representable	1	0	0	0	0	0
free	asahi.brep	6969	Ed	representable	2	1	0	0	0	0
free	asahi.brep	6970	Ve	representable	1	0	0	0	0	0
free	asahi.brep	6973	Ed	representable	2	1	0	0	0	0
free	asahi.brep	6974	Ve	representable	1	0	0	0	0	0
free	asahi.brep	6977	Ed	representable	2	1	0	0	0	0
free	asahi.brep	6978	Ve	representable	1	0	0	0	0	0
free	asahi.brep	6981	Ed	representable	2	1	0	0	0	0
free	asahi.brep	6982	Ve	representable	1	0	0	0	0	0
free	asahi.brep	6985	Ed	representable	2	1	0	0	0	0
free	asahi.brep	6986	Ve	representable	1	0	0	0	0	0
free	asahi.brep	6989	Ed	representable	2	1	0	0	0	0
free	asahi.brep	6990	Ve	representable	1	0	0	0	0	0
free	asahi.brep	6993	Ed	representable	2	1	0	0	0	0
free	asahi.brep	6995	Ve	representable	1	0	0	0	0	0
free	asahi.brep	6996	Ve	representable	1	0	0	0	0	0
free	asahi.brep	6999	Ed	representable	2	1	0	0	0	0
free	asahi.brep	7000	Ve	representable	1	0	0	0	0	0
free	asahi.brep	7003	Ed	representable	2	1	0	0	0	0
free	asahi.brep	7004	Ve	representable	1	0	0	0	0	0
free	asahi.brep	7007	Ed	representable	2	1	0	0	0	0
free	asahi.brep	7008	Ve	representable	1	0	0	0	0	0
free	asahi.brep	7011	Ed	representable	2	1	0	0	0	0
free	asahi.brep	7012	Ve	representable	1	0	0	0	0	0
free	asahi.brep	7015	Ed	representable	2	1	0	0	0	0
free	asahi.brep	7016	Ve	representable	1	0	0	0	0	0
free	asahi.brep	7019	Ed	representable	2	1	0	0	0	0
free	asahi.brep	7020	Ve	representable	1	0	0	0	0	0
free	asahi.brep	7023	Ed	representable	2	1	0	0	0	0
free	asahi.brep	7024	Ve	representable	1	0	0	0	0	0
free	asahi.brep	7027	Ed	representable	2	1	0	0	0	0
free	asahi.brep	7028	Ve	representable	1	0	0	0	0	0
free	asahi.brep	7031	Ed	representable	2	1	0	0	0	0
free	asahi.brep	7032	Ve	representable	1	0	0	0	0	0
free	asahi.brep	7035	Ed	representable	2	1	0	0	0	0
free	asahi.brep	7036	Ve	representable	1	0	0	0	0	0
free	asahi.brep	7039	Ed	representable	2	1	0	0	0	0
free	asahi.brep	7041	Ve	representable	1	0	0	0	0	0
free	asahi.brep	7042	Ve	representable	1	0	0	0	0	0
free	asahi.brep	7045	Ed	representable	2	1	0	0	0	0
free	asahi.brep	7046	Ve	representable	1	0	0	0	0	0
free	asahi.brep	7049	Ed	representable	2	1	0	0	0	0
free	asahi.brep	7050	Ve	representable	1	0	0	0	0	0
free	asahi.brep	7053	Ed	representable	2	1	0	0	0	0
free	asahi.brep	7054	Ve	representable	1	0	0	0	0	0
free	asahi.brep	7057	Ed	representable	2	1	0	0	0	0
free	asahi.brep	7058	Ve	representable	1	0	0	0	0	0
free	asahi.brep	7061	Ed	representable	2	1	0	0	0	0
free	asahi.brep	7062	Ve	representable	1	0	0	0	0	0
free	asahi.brep	7065	Ed	representable	2	1	0	0	0	0
free	asahi.brep	7066	Ve	representable	1	0	0	0	0	0
free	asahi.brep	7069	Ed	representable	2	1	0	0	0	0
free	asahi.brep	7070	Ve	representable	1	0	0	0	0	0
free	asahi.brep	7073	Ed	representable	2	1	0	0	0	0
free	asahi.brep	7074	Ve	representable	1	0	0	0	0	0
free	asahi.brep	7077	Ed	representable	2	1	0	0	0	0
free	asahi.brep	7078	Ve	representable	1	0	0	0	0	0
free	asahi.brep	7081	Ed	representable	2	1	0	0	0	0
free	asahi.brep	7082	Ve	representable	1	0	0	0	0	0
free	asahi.brep	7085	Ed	representable	2	1	0	0	0	0
free	asahi.brep	7087	Ve	representable	1	0	0	0	0	0
free	asahi.brep	7088	Ve	representable	1	0	0	0	0	0
free	asahi.brep	7091	Ed	representable	2	1	0	0	0	0
free	asahi.brep	7092	Ve	representable	1	0	0	0	0	0
free	asahi.brep	7095	Ed	representable	2	1	0	0	0	0
free	asahi.brep	7096	Ve	representable	1	0	0	0	0	0
free	asahi.brep	7099	Ed	representable	2	1	0	0	0	0
free	asahi.brep	7100	Ve	representable	1	0	0	0	0	0
free	asahi.brep	7103	Ed	representable	2	1	0	0	0	0
free	asahi.brep	7104	Ve	representable	1	0	0	0	0	0
free	asahi.brep	7107	Ed	representable	2	1	0	0	0	0
free	asahi.brep	7108	Ve	representable	1	0	0	0	0	0
free	asahi.brep	7111	Ed	representable	2	1	0	0	0	0
free	asahi.brep	7112	Ve	representable	1	0	0	0	0	0
free	asahi.brep	7115	Ed	representable	2	1	0	0	0	0
free	asahi.brep	7116	Ve	representable	1	0	0	0	0	0
free	asahi.brep	7119	Ed	representable	2	1	0	0	0	0
free	asahi.brep	7120	Ve	representable	1	0	0	0	0	0
free	asahi.brep	7123	Ed	representable	2	1	0	0	0	0
free	asahi.brep	7124	Ve	representable	1	0	0	0	0	0
free	asahi.brep	7127	Ed	representable	2	1	0	0	0	0
free	asahi.brep	7128	Ve	representable	1	0	0	0	0	0
free	asahi.brep	7131	Ed	representable	2	1	0	0	0	0
free	asahi.brep	7133	Ve	representable	1	0	0	0	0	0
free	asahi.brep	7134	Ve	representable	1	0	0	0	0	0
free	asahi.brep	7137	Ed	representable	2	1	0	0	0	0
free	asahi.brep	7138	Ve	representable	1	0	0	0	0	0
free	asahi.brep	7141	Ed	representable	2	1	0	0	0	0
free	asahi.brep	7142	Ve	representable	1	0	0	0	0	0
free	asahi.brep	7145	Ed	representable	2	1	0	0	0	0
free	asahi.brep	7146	Ve	representable	1	0	0	0	0	0
free	asahi.brep	7149	Ed	representable	2	1	0	0	0	0
free	asahi.brep	7150	Ve	representable	1	0	0	0	0	0
free	asahi.brep	7153	Ed	representable	2	1	0	0	0	0
free	asahi.brep	7154	Ve	representable	1	0	0	0	0	0
free	asahi.brep	7157	Ed	representable	2	1	0	0	0	0
free	asahi.brep	7158	Ve	representable	1	0	0	0	0	0
free	asahi.brep	7161	Ed	representable	2	1	0	0	0	0
free	asahi.brep	7162	Ve	representable	1	0	0	0	0	0
free	asahi.brep	7165	Ed	representable	2	1	0	0	0	0
free	asahi.brep	7166	Ve	representable	1	0	0	0	0	0
free	asahi.brep	7169	Ed	representable	2	1	0	0	0	0
free	asahi.brep	7170	Ve	representable	1	0	0	0	0	0
free	asahi.brep	7173	Ed	representable	2	1	0	0	0	0
free	asahi.brep	7174	Ve	representable	1	0	0	0	0	0
free	asahi.brep	7177	Ed	representable	2	1	0	0	0	0
free	asahi.brep	7179	Ve	representable	1	0	0	0	0	0
free	asahi.brep	7180	Ve	representable	1	0	0	0	0	0
free	asahi.brep	7181	Ve	representable	1	0	0	0	0	0
free	asahi.brep	7184	Ed	representable	2	1	0	0	0	0
free	asahi.brep	7185	Ve	representable	1	0	0	0	0	0
free	asahi.brep	7188	Ed	representable	2	1	0	0	0	0
free	asahi.brep	7189	Ve	representable	1	0	0	0	0	0
free	asahi.brep	7192	Ed	representable	2	1	0	0	0	0
free	asahi.brep	7193	Ve	representable	1	0	0	0	0	0
free	asahi.brep	7196	Ed	representable	2	1	0	0	0	0
free	asahi.brep	7197	Ve	representable	1	0	0	0	0	0
free	asahi.brep	7200	Ed	representable	2	1	0	0	0	0
free	asahi.brep	7201	Ve	representable	1	0	0	0	0	0
free	asahi.brep	7204	Ed	representable	2	1	0	0	0	0
free	asahi.brep	7205	Ve	representable	1	0	0	0	0	0
free	asahi.brep	7208	Ed	representable	2	1	0	0	0	0
free	asahi.brep	7209	Ve	representable	1	0	0	0	0	0
free	asahi.brep	7212	Ed	representable	2	1	0	0	0	0
free	asahi.brep	7213	Ve	representable	1	0	0	0	0	0
free	asahi.brep	7216	Ed	representable	2	1	0	0	0	0
free	asahi.brep	7218	Ve	representable	1	0	0	0	0	0
free	asahi.brep	7219	Ve	representable	1	0	0	0	0	0
free	asahi.brep	7222	Ed	representable	2	1	0	0	0	0
free	asahi.brep	7223	Ve	representable	1	0	0	0	0	0
free	asahi.brep	7226	Ed	representable	2	1	0	0	0	0
free	asahi.brep	7227	Ve	representable	1	0	0	0	0	0
free	asahi.brep	7230	Ed	representable	2	1	0	0	0	0
free	asahi.brep	7231	Ve	representable	1	0	0	0	0	0
free	asahi.brep	7234	Ed	representable	2	1	0	0	0	0
free	asahi.brep	7235	Ve	representable	1	0	0	0	0	0
free	asahi.brep	7238	Ed	representable	2	1	0	0	0	0
free	asahi.brep	7239	Ve	representable	1	0	0	0	0	0
free	asahi.brep	7242	Ed	representable	2	1	0	0	0	0
free	asahi.brep	7243	Ve	representable	1	0	0	0	0	0
free	asahi.brep	7246	Ed	representable	2	1	0	0	0	0
free	asahi.brep	7247	Ve	representable	1	0	0	0	0	0
free	asahi.brep	7250	Ed	representable	2	1	0	0	0	0
free	asahi.brep	7251	Ve	representable	1	0	0	0	0	0
free	asahi.brep	7254	Ed	representable	2	1	0	0	0	0
free	asahi.brep	7255	Ve	representable	1	0	0	0	0	0
free	asahi.brep	7258	Ed	representable	2	1	0	0	0	0
free	asahi.brep	7259	Ve	representable	1	0	0	0	0	0
free	asahi.brep	7262	Ed	representable	2	1	0	0	0	0
free	asahi.brep	7263	Ve	representable	1	0	0	0	0	0
free	asahi.brep	7266	Ed	representable	2	1	0	0	0	0
free	asahi.brep	7268	Ve	representable	1	0	0	0	0	0
free	asahi.brep	7269	Ve	representable	1	0	0	0	0	0
free	asahi.brep	7272	Ed	representable	2	1	0	0	0	0
free	asahi.brep	7273	Ve	representable	1	0	0	0	0	0
free	asahi.brep	7276	Ed	representable	2	1	0	0	0	0
free	asahi.brep	7277	Ve	representable	1	0	0	0	0	0
free	asahi.brep	7280	Ed	representable	2	1	0	0	0	0
free	asahi.brep	7281	Ve	representable	1	0	0	0	0	0
free	asahi.brep	7284	Ed	representable	2	1	0	0	0	0
free	asahi.brep	7285	Ve	representable	1	0	0	0	0	0
free	asahi.brep	7288	Ed	representable	2	1	0	0	0	0
free	asahi.brep	7289	Ve	representable	1	0	0	0	0	0
free	asahi.brep	7292	Ed	representable	2	1	0	0	0	0
free	asahi.brep	7293	Ve	representable	1	0	0	0	0	0
free	asahi.brep	7296	Ed	representable	2	1	0	0	0	0
free	asahi.brep	7297	Ve	representable	1	0	0	0	0	0
free	asahi.brep	7300	Ed	representable	2	1	0	0	0	0
free	asahi.brep	7301	Ve	representable	1	0	0	0	0	0
free	asahi.brep	7304	Ed	representable	2	1	0	0	0	0
free	asahi.brep	7305	Ve	representable	1	0	0	0	0	0
free	asahi.brep	7308	Ed	representable	2	1	0	0	0	0
free	asahi.brep	7309	Ve	representable	1	0	0	0	0	0
free	asahi.brep	7312	Ed	representable	2	1	0	0	0	0
free	asahi.brep	7314	Ve	representable	1	0	0	0	0	0
free	asahi.brep	7315	Ve	representable	1	0	0	0	0	0
free	asahi.brep	7318	Ed	representable	2	1	0	0	0	0
free	asahi.brep	7319	Ve	representable	1	0	0	0	0	0
free	asahi.brep	7322	Ed	representable	2	1	0	0	0	0
free	asahi.brep	7323	Ve	representable	1	0	0	0	0	0
free	asahi.brep	7326	Ed	representable	2	1	0	0	0	0
free	asahi.brep	7327	Ve	representable	1	0	0	0	0	0
free	asahi.brep	7330	Ed	representable	2	1	0	0	0	0
free	asahi.brep	7331	Ve	representable	1	0	0	0	0	0
free	asahi.brep	7334	Ed	representable	2	1	0	0	0	0
free	asahi.brep	7335	Ve	representable	1	0	0	0	0	0
free	asahi.brep	7338	Ed	representable	2	1	0	0	0	0
free	asahi.brep	7339	Ve	representable	1	0	0	0	0	0
free	asahi.brep	7342	Ed	representable	2	1	0	0	0	0
free	asahi.brep	7343	Ve	representable	1	0	0	0	0	0
free	asahi.brep	7346	Ed	representable	2	1	0	0	0	0
free	asahi.brep	7347	Ve	representable	1	0	0	0	0	0
free	asahi.brep	7350	Ed	representable	2	1	0	0	0	0
free	asahi.brep	7351	Ve	representable	1	0	0	0	0	0
free	asahi.brep	7354	Ed	representable	2	1	0	0	0	0
free	asahi.brep	7355	Ve	representable	1	0	0	0	0	0
free	asahi.brep	7358	Ed	representable	2	1	0	0	0	0
free	asahi.brep	7360	Ve	representable	1	0	0	0	0	0
free	asahi.brep	7361	Ve	representable	1	0	0	0	0	0
free	asahi.brep	7364	Ed	representable	2	1	0	0	0	0
free	asahi.brep	7365	Ve	representable	1	0	0	0	0	0
free	asahi.brep	7368	Ed	representable	2	1	0	0	0	0
free	asahi.brep	7369	Ve	representable	1	0	0	0	0	0
free	asahi.brep	7372	Ed	representable	2	1	0	0	0	0
free	asahi.brep	7373	Ve	representable	1	0	0	0	0	0
free	asahi.brep	7376	Ed	representable	2	1	0	0	0	0
free	asahi.brep	7377	Ve	representable	1	0	0	0	0	0
free	asahi.brep	7380	Ed	representable	2	1	0	0	0	0
free	asahi.brep	7381	Ve	representable	1	0	0	0	0	0
free	asahi.brep	7384	Ed	representable	2	1	0	0	0	0
free	asahi.brep	7385	Ve	representable	1	0	0	0	0	0
free	asahi.brep	7388	Ed	representable	2	1	0	0	0	0
free	asahi.brep	7389	Ve	representable	1	0	0	0	0	0
free	asahi.brep	7392	Ed	representable	2	1	0	0	0	0
free	asahi.brep	7393	Ve	representable	1	0	0	0	0	0
free	asahi.brep	7396	Ed	representable	2	1	0	0	0	0
free	asahi.brep	7397	Ve	representable	1	0	0	0	0	0
free	asahi.brep	7400	Ed	representable	2	1	0	0	0	0
free	asahi.brep	7401	Ve	representable	1	0	0	0	0	0
free	asahi.brep	7404	Ed	representable	2	1	0	0	0	0
free	asahi.brep	7406	Ve	representable	1	0	0	0	0	0
free	asahi.brep	7407	Ve	representable	1	0	0	0	0	0
free	asahi.brep	7410	Ed	representable	2	1	0	0	0	0
free	asahi.brep	7411	Ve	representable	1	0	0	0	0	0
free	asahi.brep	7414	Ed	representable	2	1	0	0	0	0
free	asahi.brep	7415	Ve	representable	1	0	0	0	0	0
free	asahi.brep	7418	Ed	representable	2	1	0	0	0	0
free	asahi.brep	7419	Ve	representable	1	0	0	0	0	0
free	asahi.brep	7422	Ed	representable	2	1	0	0	0	0
free	asahi.brep	7423	Ve	representable	1	0	0	0	0	0
free	asahi.brep	7426	Ed	representable	2	1	0	0	0	0
free	asahi.brep	7427	Ve	representable	1	0	0	0	0	0
free	asahi.brep	7430	Ed	representable	2	1	0	0	0	0
free	asahi.brep	7431	Ve	representable	1	0	0	0	0	0
free	asahi.brep	7434	Ed	representable	2	1	0	0	0	0
free	asahi.brep	7435	Ve	representable	1	0	0	0	0	0
free	asahi.brep	7438	Ed	representable	2	1	0	0	0	0
free	asahi.brep	7440	Ve	representable	1	0	0	0	0	0
free	asahi.brep	7441	Ve	representable	1	0	0	0	0	0
free	asahi.brep	7442	Ve	representable	1	0	0	0	0	0
free	asahi.brep	7445	Ed	representable	2	1	0	0	0	0
free	asahi.brep	7446	Ve	representable	1	0	0	0	0	0
free	asahi.brep	7449	Ed	representable	2	1	0	0	0	0
free	asahi.brep	7450	Ve	representable	1	0	0	0	0	0
free	asahi.brep	7453	Ed	representable	2	1	0	0	0	0
free	asahi.brep	7454	Ve	representable	1	0	0	0	0	0
free	asahi.brep	7457	Ed	representable	2	1	0	0	0	0
free	asahi.brep	7458	Ve	representable	1	0	0	0	0	0
free	asahi.brep	7461	Ed	representable	2	1	0	0	0	0
free	asahi.brep	7462	Ve	representable	1	0	0	0	0	0
free	asahi.brep	7465	Ed	representable	2	1	0	0	0	0
free	asahi.brep	7466	Ve	representable	1	0	0	0	0	0
free	asahi.brep	7469	Ed	representable	2	1	0	0	0	0
free	asahi.brep	7470	Ve	representable	1	0	0	0	0	0
free	asahi.brep	7473	Ed	representable	2	1	0	0	0	0
free	asahi.brep	7475	Ve	representable	1	0	0	0	0	0
free	asahi.brep	7476	Ve	representable	1	0	0	0	0	0
free	asahi.brep	7479	Ed	representable	2	1	0	0	0	0
free	asahi.brep	7480	Ve	representable	1	0	0	0	0	0
free	asahi.brep	7483	Ed	representable	2	1	0	0	0	0
free	asahi.brep	7484	Ve	representable	1	0	0	0	0	0
free	asahi.brep	7487	Ed	representable	2	1	0	0	0	0
free	asahi.brep	7488	Ve	representable	1	0	0	0	0	0
free	asahi.brep	7491	Ed	representable	2	1	0	0	0	0
free	asahi.brep	7493	Ve	representable	1	0	0	0	0	0
free	asahi.brep	7494	Ve	representable	1	0	0	0	0	0
free	asahi.brep	7497	Ed	representable	2	1	0	0	0	0
free	asahi.brep	7498	Ve	representable	1	0	0	0	0	0
free	asahi.brep	7501	Ed	representable	2	1	0	0	0	0
free	asahi.brep	7502	Ve	representable	1	0	0	0	0	0
free	asahi.brep	7505	Ed	representable	2	1	0	0	0	0
free	asahi.brep	7507	Ve	representable	1	0	0	0	0	0
free	asahi.brep	7508	Ve	representable	1	0	0	0	0	0
free	asahi.brep	7511	Ed	representable	2	1	0	0	0	0
free	asahi.brep	7512	Ve	representable	1	0	0	0	0	0
free	asahi.brep	7515	Ed	representable	2	1	0	0	0	0
free	asahi.brep	7516	Ve	representable	1	0	0	0	0	0
free	asahi.brep	7519	Ed	representable	2	1	0	0	0	0
free	asahi.brep	7520	Ve	representable	1	0	0	0	0	0
free	asahi.brep	7523	Ed	representable	2	1	0	0	0	0
free	asahi.brep	7525	Ve	representable	1	0	0	0	0	0
free	asahi.brep	7526	Ve	representable	1	0	0	0	0	0
free	asahi.brep	7529	Ed	representable	2	1	0	0	0	0
free	asahi.brep	7530	Ve	representable	1	0	0	0	0	0
free	asahi.brep	7533	Ed	representable	2	1	0	0	0	0
free	asahi.brep	7534	Ve	representable	1	0	0	0	0	0
free	asahi.brep	7537	Ed	representable	2	1	0	0	0	0
free	asahi.brep	7539	Ve	representable	1	0	0	0	0	0
free	asahi.brep	7540	Ve	representable	1	0	0	0	0	0
free	asahi.brep	7543	Ed	representable	2	1	0	0	0	0
free	asahi.brep	7544	Ve	representable	1	0	0	0	0	0
free	asahi.brep	7547	Ed	representable	2	1	0	0	0	0
free	asahi.brep	7548	Ve	representable	1	0	0	0	0	0
free	asahi.brep	7551	Ed	representable	2	1	0	0	0	0
free	asahi.brep	7552	Ve	representable	1	0	0	0	0	0
free	asahi.brep	7555	Ed	representable	2	1	0	0	0	0
free	asahi.brep	7557	Ve	representable	1	0	0	0	0	0
free	asahi.brep	7558	Ve	representable	1	0	0	0	0	0
free	asahi.brep	7561	Ed	representable	2	1	0	0	0	0
free	asahi.brep	7562	Ve	representable	1	0	0	0	0	0
free	asahi.brep	7565	Ed	representable	2	1	0	0	0	0
free	asahi.brep	7566	Ve	representable	1	0	0	0	0	0
free	asahi.brep	7569	Ed	representable	2	1	0	0	0	0
free	asahi.brep	7571	Ve	representable	1	0	0	0	0	0
free	asahi.brep	7572	Ve	representable	1	0	0	0	0	0
free	asahi.brep	7575	Ed	representable	2	1	0	0	0	0
free	asahi.brep	7576	Ve	representable	1	0	0	0	0	0
free	asahi.brep	7579	Ed	representable	2	1	0	0	0	0
free	asahi.brep	7580	Ve	representable	1	0	0	0	0	0
free	asahi.brep	7583	Ed	representable	2	1	0	0	0	0
free	asahi.brep	7584	Ve	representable	1	0	0	0	0	0
free	asahi.brep	7587	Ed	representable	2	1	0	0	0	0
free	asahi.brep	7589	Ve	representable	1	0	0	0	0	0
free	asahi.brep	7590	Ve	representable	1	0	0	0	0	0
free	asahi.brep	7593	Ed	representable	2	1	0	0	0	0
free	asahi.brep	7594	Ve	representable	1	0	0	0	0	0
free	asahi.brep	7597	Ed	representable	2	1	0	0	0	0
free	asahi.brep	7598	Ve	representable	1	0	0	0	0	0
free	asahi.brep	7601	Ed	representable	2	1	0	0	0	0
free	asahi.brep	7603	Ve	representable	1	0	0	0	0	0
free	asahi.brep	7604	Ve	representable	1	0	0	0	0	0
free	asahi.brep	7607	Ed	representable	2	1	0	0	0	0
free	asahi.brep	7608	Ve	representable	1	0	0	0	0	0
free	asahi.brep	7611	Ed	representable	2	1	0	0	0	0
free	asahi.brep	7612	Ve	representable	1	0	0	0	0	0
free	asahi.brep	7615	Ed	representable	2	1	0	0	0	0
free	asahi.brep	7616	Ve	representable	1	0	0	0	0	0
free	asahi.brep	7619	Ed	representable	2	1	0	0	0	0
free	asahi.brep	7621	Ve	representable	1	0	0	0	0	0
free	asahi.brep	7622	Ve	representable	1	0	0	0	0	0
free	asahi.brep	7625	Ed	representable	2	1	0	0	0	0
free	asahi.brep	7626	Ve	representable	1	0	0	0	0	0
free	asahi.brep	7629	Ed	representable	2	1	0	0	0	0
free	asahi.brep	7630	Ve	representable	1	0	0	0	0	0
free	asahi.brep	7633	Ed	representable	2	1	0	0	0	0
free	asahi.brep	7635	Ve	representable	1	0	0	0	0	0
free	asahi.brep	7636	Ve	representable	1	0	0	0	0	0
free	asahi.brep	7639	Ed	representable	2	1	0	0	0	0
free	asahi.brep	7640	Ve	representable	1	0	0	0	0	0
free	asahi.brep	7643	Ed	representable	2	1	0	0	0	0
free	asahi.brep	7644	Ve	representable	1	0	0	0	0	0
free	asahi.brep	7647	Ed	representable	2	1	0	0	0	0
free	asahi.brep	7648	Ve	representable	1	0	0	0	0	0
free	asahi.brep	7651	Ed	representable	2	1	0	0	0	0
free	asahi.brep	7653	Ve	representable	1	0	0	0	0	0
free	asahi.brep	7654	Ve	representable	1	0	0	0	0	0
free	asahi.brep	7657	Ed	representable	2	1	0	0	0	0
free	asahi.brep	7658	Ve	representable	1	0	0	0	0	0
free	asahi.brep	7661	Ed	representable	2	1	0	0	0	0
free	asahi.brep	7662	Ve	representable	1	0	0	0	0	0
free	asahi.brep	7665	Ed	representable	2	1	0	0	0	0
free	asahi.brep	7667	Ve	representable	1	0	0	0	0	0
free	asahi.brep	7668	Ve	representable	1	0	0	0	0	0
free	asahi.brep	7671	Ed	representable	2	1	0	0	0	0
free	asahi.brep	7672	Ve	representable	1	0	0	0	0	0
free	asahi.brep	7675	Ed	representable	2	1	0	0	0	0
free	asahi.brep	7676	Ve	representable	1	0	0	0	0	0
free	asahi.brep	7679	Ed	representable	2	1	0	0	0	0
free	asahi.brep	7680	Ve	representable	1	0	0	0	0	0
free	asahi.brep	7683	Ed	representable	2	1	0	0	0	0
free	asahi.brep	7685	Ve	representable	1	0	0	0	0	0
free	asahi.brep	7686	Ve	representable	1	0	0	0	0	0
free	asahi.brep	7689	Ed	representable	2	1	0	0	0	0
free	asahi.brep	7691	Ve	representable	1	0	0	0	0	0
free	asahi.brep	7692	Ve	representable	1	0	0	0	0	0
free	asahi.brep	7695	Ed	representable	2	1	0	0	0	0
free	asahi.brep	7697	Ve	representable	1	0	0	0	0	0
free	asahi.brep	7698	Ve	representable	1	0	0	0	0	0
free	asahi.brep	7701	Ed	representable	2	1	0	0	0	0
free	asahi.brep	7702	Ve	representable	1	0	0	0	0	0
free	asahi.brep	7705	Ed	representable	2	1	0	0	0	0
free	asahi.brep	7706	Ve	representable	1	0	0	0	0	0
free	asahi.brep	7709	Ed	representable	2	1	0	0	0	0
free	asahi.brep	7710	Ve	representable	1	0	0	0	0	0
free	asahi.brep	7713	Ed	representable	2	1	0	0	0	0
free	asahi.brep	7714	Ve	representable	1	0	0	0	0	0
free	asahi.brep	7717	Ed	representable	2	1	0	0	0	0
free	asahi.brep	7718	Ve	representable	1	0	0	0	0	0
free	asahi.brep	7721	Ed	representable	2	1	0	0	0	0
free	asahi.brep	7722	Ve	representable	1	0	0	0	0	0
free	asahi.brep	7725	Ed	representable	2	1	0	0	0	0
free	asahi.brep	7726	Ve	representable	1	0	0	0	0	0
free	asahi.brep	7729	Ed	representable	2	1	0	0	0	0
free	asahi.brep	7731	Ve	representable	1	0	0	0	0	0
free	asahi.brep	7732	Ve	representable	1	0	0	0	0	0
free	asahi.brep	7735	Ed	representable	2	1	0	0	0	0
free	asahi.brep	7736	Ve	representable	1	0	0	0	0	0
free	asahi.brep	7739	Ed	representable	2	1	0	0	0	0
free	asahi.brep	7740	Ve	representable	1	0	0	0	0	0
free	asahi.brep	7743	Ed	representable	2	1	0	0	0	0
free	asahi.brep	7744	Ve	representable	1	0	0	0	0	0
free	asahi.brep	7747	Ed	representable	2	1	0	0	0	0
free	asahi.brep	7748	Ve	representable	1	0	0	0	0	0
free	asahi.brep	7751	Ed	representable	2	1	0	0	0	0
free	asahi.brep	7753	Ve	representable	1	0	0	0	0	0
free	asahi.brep	7754	Ve	representable	1	0	0	0	0	0
free	asahi.brep	7757	Ed	representable	2	1	0	0	0	0
free	asahi.brep	7758	Ve	representable	1	0	0	0	0	0
free	asahi.brep	7761	Ed	representable	2	1	0	0	0	0
free	asahi.brep	7762	Ve	representable	1	0	0	0	0	0
free	asahi.brep	7765	Ed	representable	2	1	0	0	0	0
free	asahi.brep	7767	Ve	representable	1	0	0	0	0	0
free	asahi.brep	7768	Ve	representable	1	0	0	0	0	0
free	asahi.brep	7771	Ed	representable	2	1	0	0	0	0
free	asahi.brep	7772	Ve	representable	1	0	0	0	0	0
free	asahi.brep	7775	Ed	representable	2	1	0	0	0	0
free	asahi.brep	7776	Ve	representable	1	0	0	0	0	0
free	asahi.brep	7779	Ed	representable	2	1	0	0	0	0
free	asahi.brep	7780	Ve	representable	1	0	0	0	0	0
free	asahi.brep	7783	Ed	representable	2	1	0	0	0	0
free	asahi.brep	7785	Ve	representable	1	0	0	0	0	0
free	asahi.brep	7786	Ve	representable	1	0	0	0	0	0
free	asahi.brep	7789	Ed	representable	2	1	0	0	0	0
free	asahi.brep	7790	Ve	representable	1	0	0	0	0	0
free	asahi.brep	7793	Ed	representable	2	1	0	0	0	0
free	asahi.brep	7794	Ve	representable	1	0	0	0	0	0
free	asahi.brep	7797	Ed	representable	2	1	0	0	0	0
free	asahi.brep	7799	Ve	representable	1	0	0	0	0	0
free	asahi.brep	7800	Ve	representable	1	0	0	0	0	0
free	asahi.brep	7803	Ed	representable	2	1	0	0	0	0
free	asahi.brep	7804	Ve	representable	1	0	0	0	0	0
free	asahi.brep	7807	Ed	representable	2	1	0	0	0	0
free	asahi.brep	7808	Ve	representable	1	0	0	0	0	0
free	asahi.brep	7811	Ed	representable	2	1	0	0	0	0
free	asahi.brep	7812	Ve	representable	1	0	0	0	0	0
free	asahi.brep	7815	Ed	representable	2	1	0	0	0	0
free	asahi.brep	7816	Ve	representable	1	0	0	0	0	0
free	asahi.brep	7819	Ed	representable	2	1	0	0	0	0
free	asahi.brep	7820	Ve	representable	1	0	0	0	0	0
free	asahi.brep	7823	Ed	representable	2	1	0	0	0	0
free	asahi.brep	7824	Ve	representable	1	0	0	0	0	0
free	asahi.brep	7827	Ed	representable	2	1	0	0	0	0
free	asahi.brep	7828	Ve	representable	1	0	0	0	0	0
free	asahi.brep	7831	Ed	representable	2	1	0	0	0	0
free	asahi.brep	7832	Ve	representable	1	0	0	0	0	0
free	asahi.brep	7835	Ed	representable	2	1	0	0	0	0
free	asahi.brep	7837	Ve	representable	1	0	0	0	0	0
free	asahi.brep	7838	Ve	representable	1	0	0	0	0	0
free	asahi.brep	7841	Ed	representable	2	1	0	0	0	0
free	asahi.brep	7842	Ve	representable	1	0	0	0	0	0
free	asahi.brep	7845	Ed	representable	2	1	0	0	0	0
free	asahi.brep	7846	Ve	representable	1	0	0	0	0	0
free	asahi.brep	7849	Ed	representable	2	1	0	0	0	0
free	asahi.brep	7851	Ve	representable	1	0	0	0	0	0
free	asahi.brep	7852	Ve	representable	1	0	0	0	0	0
free	asahi.brep	7855	Ed	representable	2	1	0	0	0	0
free	asahi.brep	7856	Ve	representable	1	0	0	0	0	0
free	asahi.brep	7859	Ed	representable	2	1	0	0	0	0
free	asahi.brep	7860	Ve	representable	1	0	0	0	0	0
free	asahi.brep	7863	Ed	representable	2	1	0	0	0	0
free	asahi.brep	7865	Ve	representable	1	0	0	0	0	0
free	asahi.brep	7866	Ve	representable	1	0	0	0	0	0
free	asahi.brep	7869	Ed	representable	2	1	0	0	0	0
free	asahi.brep	7870	Ve	representable	1	0	0	0	0	0
free	asahi.brep	7873	Ed	representable	2	1	0	0	0	0
free	asahi.brep	7874	Ve	representable	1	0	0	0	0	0
free	asahi.brep	7877	Ed	representable	2	1	0	0	0	0
free	asahi.brep	7878	Ve	representable	1	0	0	0	0	0
free	asahi.brep	7881	Ed	representable	2	1	0	0	0	0
free	asahi.brep	7882	Ve	representable	1	0	0	0	0	0
free	asahi.brep	7885	Ed	representable	2	1	0	0	0	0
free	asahi.brep	7887	Ve	representable	1	0	0	0	0	0
free	asahi.brep	7888	Ve	representable	1	0	0	0	0	0
free	asahi.brep	7891	Ed	representable	2	1	0	0	0	0
free	asahi.brep	7892	Ve	representable	1	0	0	0	0	0
free	asahi.brep	7895	Ed	representable	2	1	0	0	0	0
free	asahi.brep	7896	Ve	representable	1	0	0	0	0	0
free	asahi.brep	7899	Ed	representable	2	1	0	0	0	0
free	asahi.brep	7900	Ve	representable	1	0	0	0	0	0
free	asahi.brep	7903	Ed	representable	2	1	0	0	0	0
free	asahi.brep	7904	Ve	representable	1	0	0	0	0	0
free	asahi.brep	7907	Ed	representable	2	1	0	0	0	0
free	asahi.brep	7908	Ve	representable	1	0	0	0	0	0
free	asahi.brep	7911	Ed	representable	2	1	0	0	0	0
free	asahi.brep	7912	Ve	representable	1	0	0	0	0	0
free	asahi.brep	7915	Ed	representable	2	1	0	0	0	0
free	asahi.brep	7917	Ve	representable	1	0	0	0	0	0
free	asahi.brep	7918	Ve	representable	1	0	0	0	0	0
free	asahi.brep	7921	Ed	representable	2	1	0	0	0	0
free	asahi.brep	7922	Ve	representable	1	0	0	0	0	0
free	asahi.brep	7925	Ed	representable	2	1	0	0	0	0
free	asahi.brep	7926	Ve	representable	1	0	0	0	0	0
free	asahi.brep	7929	Ed	representable	2	1	0	0	0	0
free	asahi.brep	7931	Ve	representable	1	0	0	0	0	0
free	asahi.brep	7932	Ve	representable	1	0	0	0	0	0
free	asahi.brep	7935	Ed	representable	2	1	0	0	0	0
free	asahi.brep	7936	Ve	representable	1	0	0	0	0	0
free	asahi.brep	7939	Ed	representable	2	1	0	0	0	0
free	asahi.brep	7940	Ve	representable	1	0	0	0	0	0
free	asahi.brep	7943	Ed	representable	2	1	0	0	0	0
free	asahi.brep	7945	Ve	representable	1	0	0	0	0	0
free	asahi.brep	7946	Ve	representable	1	0	0	0	0	0
free	asahi.brep	7949	Ed	representable	2	1	0	0	0	0
free	asahi.brep	7950	Ve	representable	1	0	0	0	0	0
free	asahi.brep	7953	Ed	representable	2	1	0	0	0	0
free	asahi.brep	7954	Ve	representable	1	0	0	0	0	0
free	asahi.brep	7957	Ed	representable	2	1	0	0	0	0
free	asahi.brep	7958	Ve	representable	1	0	0	0	0	0
free	asahi.brep	7961	Ed	representable	2	1	0	0	0	0
free	asahi.brep	7962	Ve	representable	1	0	0	0	0	0
free	asahi.brep	7965	Ed	representable	2	1	0	0	0	0
free	asahi.brep	7967	Ve	representable	1	0	0	0	0	0
free	asahi.brep	7968	Ve	representable	1	0	0	0	0	0
free	asahi.brep	7971	Ed	representable	2	1	0	0	0	0
free	asahi.brep	7972	Ve	representable	1	0	0	0	0	0
free	asahi.brep	7975	Ed	representable	2	1	0	0	0	0
free	asahi.brep	7976	Ve	representable	1	0	0	0	0	0
free	asahi.brep	7979	Ed	representable	2	1	0	0	0	0
free	asahi.brep	7980	Ve	representable	1	0	0	0	0	0
free	asahi.brep	7983	Ed	representable	2	1	0	0	0	0
free	asahi.brep	7984	Ve	representable	1	0	0	0	0	0
free	asahi.brep	7987	Ed	representable	2	1	0	0	0	0
free	asahi.brep	7988	Ve	representable	1	0	0	0	0	0
free	asahi.brep	7991	Ed	representable	2	1	0	0	0	0
free	asahi.brep	7992	Ve	representable	1	0	0	0	0	0
free	asahi.brep	7995	Ed	representable	2	1	0	0	0	0
free	asahi.brep	7996	Ve	representable	1	0	0	0	0	0
free	asahi.brep	7999	Ed	representable	2	1	0	0	0	0
free	asahi.brep	8000	Ve	representable	1	0	0	0	0	0
free	asahi.brep	8003	Ed	representable	2	1	0	0	0	0
free	asahi.brep	8004	Ve	representable	1	0	0	0	0	0
free	asahi.brep	8007	Ed	representable	2	1	0	0	0	0
free	asahi.brep	8009	Ve	representable	1	0	0	0	0	0
free	asahi.brep	8010	Ve	representable	1	0	0	0	0	0
free	asahi.brep	8013	Ed	representable	2	1	0	0	0	0
free	asahi.brep	8014	Ve	representable	1	0	0	0	0	0
free	asahi.brep	8017	Ed	representable	2	1	0	0	0	0
free	asahi.brep	8019	Ve	representable	1	0	0	0	0	0
free	asahi.brep	8020	Ve	representable	1	0	0	0	0	0
free	asahi.brep	8023	Ed	representable	2	1	0	0	0	0
free	asahi.brep	8024	Ve	representable	1	0	0	0	0	0
free	asahi.brep	8027	Ed	representable	2	1	0	0	0	0
free	asahi.brep	8028	Ve	representable	1	0	0	0	0	0
free	asahi.brep	8031	Ed	representable	2	1	0	0	0	0
free	asahi.brep	8033	Ve	representable	1	0	0	0	0	0
free	asahi.brep	8034	Ve	representable	1	0	0	0	0	0
free	asahi.brep	8037	Ed	representable	2	1	0	0	0	0
free	asahi.brep	8038	Ve	representable	1	0	0	0	0	0
free	asahi.brep	8041	Ed	representable	2	1	0	0	0	0
free	asahi.brep	8042	Ve	representable	1	0	0	0	0	0
free	asahi.brep	8045	Ed	representable	2	1	0	0	0	0
free	asahi.brep	8046	Ve	representable	1	0	0	0	0	0
free	asahi.brep	8049	Ed	representable	2	1	0	0	0	0
free	asahi.brep	8050	Ve	representable	1	0	0	0	0	0
free	asahi.brep	8053	Ed	representable	2	1	0	0	0	0
free	asahi.brep	8054	Ve	representable	1	0	0	0	0	0
free	asahi.brep	8057	Ed	representable	2	1	0	0	0	0
free	asahi.brep	8058	Ve	representable	1	0	0	0	0	0
free	asahi.brep	8061	Ed	representable	2	1	0	0	0	0
free	asahi.brep	8063	Ve	representable	1	0	0	0	0	0
free	asahi.brep	8064	Ve	representable	1	0	0	0	0	0
free	asahi.brep	8067	Ed	representable	2	1	0	0	0	0
free	asahi.brep	8068	Ve	representable	1	0	0	0	0	0
free	asahi.brep	8071	Ed	representable	2	1	0	0	0	0
free	asahi.brep	8072	Ve	representable	1	0	0	0	0	0
free	asahi.brep	8075	Ed	representable	2	1	0	0	0	0
free	asahi.brep	8076	Ve	representable	1	0	0	0	0	0
free	asahi.brep	8079	Ed	representable	2	1	0	0	0	0
free	asahi.brep	8081	Ve	representable	1	0	0	0	0	0
free	asahi.brep	8082	Ve	representable	1	0	0	0	0	0
free	asahi.brep	8085	Ed	representable	2	1	0	0	0	0
free	asahi.brep	8086	Ve	representable	1	0	0	0	0	0
free	asahi.brep	8089	Ed	representable	2	1	0	0	0	0
free	asahi.brep	8090	Ve	representable	1	0	0	0	0	0
free	asahi.brep	8093	Ed	representable	2	1	0	0	0	0
free	asahi.brep	8094	Ve	representable	1	0	0	0	0	0
free	asahi.brep	8097	Ed	representable	2	1	0	0	0	0
free	asahi.brep	8098	Ve	representable	1	0	0	0	0	0
free	asahi.brep	8101	Ed	representable	2	1	0	0	0	0
free	asahi.brep	8102	Ve	representable	1	0	0	0	0	0
free	asahi.brep	8105	Ed	representable	2	1	0	0	0	0
free	asahi.brep	8106	Ve	representable	1	0	0	0	0	0
free	asahi.brep	8109	Ed	representable	2	1	0	0	0	0
free	asahi.brep	8111	Ve	representable	1	0	0	0	0	0
free	asahi.brep	8112	Ve	representable	1	0	0	0	0	0
free	asahi.brep	8115	Ed	representable	2	1	0	0	0	0
free	asahi.brep	8116	Ve	representable	1	0	0	0	0	0
free	asahi.brep	8119	Ed	representable	2	1	0	0	0	0
free	asahi.brep	8120	Ve	representable	1	0	0	0	0	0
free	asahi.brep	8123	Ed	representable	2	1	0	0	0	0
free	asahi.brep	8124	Ve	representable	1	0	0	0	0	0
free	asahi.brep	8127	Ed	representable	2	1	0	0	0	0
free	asahi.brep	8128	Ve	representable	1	0	0	0	0	0
free	asahi.brep	8131	Ed	representable	2	1	0	0	0	0
free	asahi.brep	8132	Ve	representable	1	0	0	0	0	0
free	asahi.brep	8135	Ed	representable	2	1	0	0	0	0
free	asahi.brep	8136	Ve	representable	1	0	0	0	0	0
free	asahi.brep	8139	Ed	representable	2	1	0	0	0	0
free	asahi.brep	8140	Ve	representable	1	0	0	0	0	0
free	asahi.brep	8143	Ed	representable	2	1	0	0	0	0
free	asahi.brep	8144	Ve	representable	1	0	0	0	0	0
free	asahi.brep	8147	Ed	representable	2	1	0	0	0	0
free	asahi.brep	8149	Ve	representable	1	0	0	0	0	0
free	asahi.brep	8150	Ve	representable	1	0	0	0	0	0
free	asahi.brep	8153	Ed	representable	2	1	0	0	0	0
free	asahi.brep	8154	Ve	representable	1	0	0	0	0	0
free	asahi.brep	8157	Ed	representable	2	1	0	0	0	0
free	asahi.brep	8158	Ve	representable	1	0	0	0	0	0
free	asahi.brep	8161	Ed	representable	2	1	0	0	0	0
free	asahi.brep	8163	Ve	representable	1	0	0	0	0	0
free	asahi.brep	8164	Ve	representable	1	0	0	0	0	0
free	asahi.brep	8167	Ed	representable	2	1	0	0	0	0
free	asahi.brep	8168	Ve	representable	1	0	0	0	0	0
free	asahi.brep	8171	Ed	representable	2	1	0	0	0	0
free	asahi.brep	8172	Ve	representable	1	0	0	0	0	0
free	asahi.brep	8175	Ed	representable	2	1	0	0	0	0
free	asahi.brep	8177	Ve	representable	1	0	0	0	0	0
free	asahi.brep	8178	Ve	representable	1	0	0	0	0	0
free	asahi.brep	8181	Ed	representable	2	1	0	0	0	0
free	asahi.brep	8182	Ve	representable	1	0	0	0	0	0
free	asahi.brep	8185	Ed	representable	2	1	0	0	0	0
free	asahi.brep	8186	Ve	representable	1	0	0	0	0	0
free	asahi.brep	8189	Ed	representable	2	1	0	0	0	0
free	asahi.brep	8190	Ve	representable	1	0	0	0	0	0
free	asahi.brep	8193	Ed	representable	2	1	0	0	0	0
free	asahi.brep	8194	Ve	representable	1	0	0	0	0	0
free	asahi.brep	8197	Ed	representable	2	1	0	0	0	0
free	asahi.brep	8199	Ve	representable	1	0	0	0	0	0
free	asahi.brep	8200	Ve	representable	1	0	0	0	0	0
free	asahi.brep	8203	Ed	representable	2	1	0	0	0	0
free	asahi.brep	8204	Ve	representable	1	0	0	0	0	0
free	asahi.brep	8207	Ed	representable	2	1	0	0	0	0
free	asahi.brep	8208	Ve	representable	1	0	0	0	0	0
free	asahi.brep	8211	Ed	representable	2	1	0	0	0	0
free	asahi.brep	8212	Ve	representable	1	0	0	0	0	0
free	asahi.brep	8215	Ed	representable	2	1	0	0	0	0
free	asahi.brep	8216	Ve	representable	1	0	0	0	0	0
free	asahi.brep	8219	Ed	representable	2	1	0	0	0	0
free	asahi.brep	8220	Ve	representable	1	0	0	0	0	0
free	asahi.brep	8223	Ed	representable	2	1	0	0	0	0
free	asahi.brep	8224	Ve	representable	1	0	0	0	0	0
free	asahi.brep	8227	Ed	representable	2	1	0	0	0	0
free	asahi.brep	8229	Ve	representable	1	0	0	0	0	0
free	asahi.brep	8230	Ve	representable	1	0	0	0	0	0
free	asahi.brep	8233	Ed	representable	2	1	0	0	0	0
free	asahi.brep	8234	Ve	representable	1	0	0	0	0	0
free	asahi.brep	8237	Ed	representable	2	1	0	0	0	0
free	asahi.brep	8238	Ve	representable	1	0	0	0	0	0
free	asahi.brep	8241	Ed	representable	2	1	0	0	0	0
free	asahi.brep	8243	Ve	representable	1	0	0	0	0	0
free	asahi.brep	8244	Ve	representable	1	0	0	0	0	0
free	asahi.brep	8247	Ed	representable	2	1	0	0	0	0
free	asahi.brep	8248	Ve	representable	1	0	0	0	0	0
free	asahi.brep	8251	Ed	representable	2	1	0	0	0	0
free	asahi.brep	8252	Ve	representable	1	0	0	0	0	0
free	asahi.brep	8255	Ed	representable	2	1	0	0	0	0
free	asahi.brep	8257	Ve	representable	1	0	0	0	0	0
free	asahi.brep	8258	Ve	representable	1	0	0	0	0	0
free	asahi.brep	8261	Ed	representable	2	1	0	0	0	0
free	asahi.brep	8262	Ve	representable	1	0	0	0	0	0
free	asahi.brep	8265	Ed	representable	2	1	0	0	0	0
free	asahi.brep	8266	Ve	representable	1	0	0	0	0	0
free	asahi.brep	8269	Ed	representable	2	1	0	0	0	0
free	asahi.brep	8270	Ve	representable	1	0	0	0	0	0
free	asahi.brep	8273	Ed	representable	2	1	0	0	0	0
free	asahi.brep	8274	Ve	representable	1	0	0	0	0	0
free	asahi.brep	8277	Ed	representable	2	1	0	0	0	0
free	asahi.brep	8279	Ve	representable	1	0	0	0	0	0
free	asahi.brep	8280	Ve	representable	1	0	0	0	0	0
free	asahi.brep	8283	Ed	representable	2	1	0	0	0	0
free	asahi.brep	8284	Ve	representable	1	0	0	0	0	0
free	asahi.brep	8287	Ed	representable	2	1	0	0	0	0
free	asahi.brep	8288	Ve	representable	1	0	0	0	0	0
free	asahi.brep	8291	Ed	representable	2	1	0	0	0	0
free	asahi.brep	8292	Ve	representable	1	0	0	0	0	0
free	asahi.brep	8295	Ed	representable	2	1	0	0	0	0
free	asahi.brep	8296	Ve	representable	1	0	0	0	0	0
free	asahi.brep	8299	Ed	representable	2	1	0	0	0	0
free	asahi.brep	8300	Ve	representable	1	0	0	0	0	0
free	asahi.brep	8303	Ed	representable	2	1	0	0	0	0
free	asahi.brep	8304	Ve	representable	1	0	0	0	0	0
free	asahi.brep	8307	Ed	representable	2	1	0	0	0	0
free	asahi.brep	8308	Ve	representable	1	0	0	0	0	0
free	asahi.brep	8311	Ed	representable	2	1	0	0	0	0
free	asahi.brep	8312	Ve	representable	1	0	0	0	0	0
free	asahi.brep	8315	Ed	representable	2	1	0	0	0	0
free	asahi.brep	8317	Ve	representable	1	0	0	0	0	0
free	asahi.brep	8318	Ve	representable	1	0	0	0	0	0
free	asahi.brep	8321	Ed	representable	2	1	0	0	0	0
free	asahi.brep	8322	Ve	representable	1	0	0	0	0	0
free	asahi.brep	8325	Ed	representable	2	1	0	0	0	0
free	asahi.brep	8327	Ve	representable	1	0	0	0	0	0
free	asahi.brep	8328	Ve	representable	1	0	0	0	0	0
free	asahi.brep	8331	Ed	representable	2	1	0	0	0	0
free	asahi.brep	8332	Ve	representable	1	0	0	0	0	0
free	asahi.brep	8335	Ed	representable	2	1	0	0	0	0
free	asahi.brep	8336	Ve	representable	1	0	0	0	0	0
free	asahi.brep	8339	Ed	representable	2	1	0	0	0	0
free	asahi.brep	8341	Ve	representable	1	0	0	0	0	0
free	asahi.brep	8342	Ve	representable	1	0	0	0	0	0
free	asahi.brep	8345	Ed	representable	2	1	0	0	0	0
free	asahi.brep	8346	Ve	representable	1	0	0	0	0	0
free	asahi.brep	8349	Ed	representable	2	1	0	0	0	0
free	asahi.brep	8350	Ve	representable	1	0	0	0	0	0
free	asahi.brep	8353	Ed	representable	2	1	0	0	0	0
free	asahi.brep	8354	Ve	representable	1	0	0	0	0	0
free	asahi.brep	8357	Ed	representable	2	1	0	0	0	0
free	asahi.brep	8358	Ve	representable	1	0	0	0	0	0
free	asahi.brep	8361	Ed	representable	2	1	0	0	0	0
free	asahi.brep	8362	Ve	representable	1	0	0	0	0	0
free	asahi.brep	8365	Ed	representable	2	1	0	0	0	0
free	asahi.brep	8367	Ve	representable	1	0	0	0	0	0
free	asahi.brep	8368	Ve	representable	1	0	0	0	0	0
free	asahi.brep	8371	Ed	representable	2	1	0	0	0	0
free	asahi.brep	8372	Ve	representable	1	0	0	0	0	0
free	asahi.brep	8375	Ed	representable	2	1	0	0	0	0
free	asahi.brep	8376	Ve	representable	1	0	0	0	0	0
free	asahi.brep	8379	Ed	representable	2	1	0	0	0	0
free	asahi.brep	8380	Ve	representable	1	0	0	0	0	0
free	asahi.brep	8383	Ed	representable	2	1	0	0	0	0
free	asahi.brep	8384	Ve	representable	1	0	0	0	0	0
free	asahi.brep	8387	Ed	representable	2	1	0	0	0	0
free	asahi.brep	8388	Ve	representable	1	0	0	0	0	0
free	asahi.brep	8391	Ed	representable	2	1	0	0	0	0
free	asahi.brep	8393	Ve	representable	1	0	0	0	0	0
free	asahi.brep	8394	Ve	representable	1	0	0	0	0	0
free	asahi.brep	8397	Ed	representable	2	1	0	0	0	0
free	asahi.brep	8398	Ve	representable	1	0	0	0	0	0
free	asahi.brep	8401	Ed	representable	2	1	0	0	0	0
free	asahi.brep	8402	Ve	representable	1	0	0	0	0	0
free	asahi.brep	8405	Ed	representable	2	1	0	0	0	0
free	asahi.brep	8406	Ve	representable	1	0	0	0	0	0
free	asahi.brep	8409	Ed	representable	2	1	0	0	0	0
free	asahi.brep	8411	Ve	representable	1	0	0	0	0	0
free	asahi.brep	8412	Ve	representable	1	0	0	0	0	0
free	asahi.brep	8415	Ed	representable	2	1	0	0	0	0
free	asahi.brep	8416	Ve	representable	1	0	0	0	0	0
free	asahi.brep	8419	Ed	representable	2	1	0	0	0	0
free	asahi.brep	8420	Ve	representable	1	0	0	0	0	0
free	asahi.brep	8423	Ed	representable	2	1	0	0	0	0
free	asahi.brep	8424	Ve	representable	1	0	0	0	0	0
free	asahi.brep	8427	Ed	representable	2	1	0	0	0	0
free	asahi.brep	8428	Ve	representable	1	0	0	0	0	0
free	asahi.brep	8431	Ed	representable	2	1	0	0	0	0
free	asahi.brep	8432	Ve	representable	1	0	0	0	0	0
free	asahi.brep	8435	Ed	representable	2	1	0	0	0	0
free	asahi.brep	8436	Ve	representable	1	0	0	0	0	0
free	asahi.brep	8439	Ed	representable	2	1	0	0	0	0
free	asahi.brep	8440	Ve	representable	1	0	0	0	0	0
free	asahi.brep	8443	Ed	representable	2	1	0	0	0	0
free	asahi.brep	8444	Ve	representable	1	0	0	0	0	0
free	asahi.brep	8447	Ed	representable	2	1	0	0	0	0
free	asahi.brep	8449	Ve	representable	1	0	0	0	0	0
free	asahi.brep	8450	Ve	representable	1	0	0	0	0	0
free	asahi.brep	8453	Ed	representable	2	1	0	0	0	0
free	asahi.brep	8454	Ve	representable	1	0	0	0	0	0
free	asahi.brep	8457	Ed	representable	2	1	0	0	0	0
free	asahi.brep	8458	Ve	representable	1	0	0	0	0	0
free	asahi.brep	8461	Ed	representable	2	1	0	0	0	0
free	asahi.brep	8463	Ve	representable	1	0	0	0	0	0
free	asahi.brep	8464	Ve	representable	1	0	0	0	0	0
free	asahi.brep	8467	Ed	representable	2	1	0	0	0	0
free	asahi.brep	8468	Ve	representable	1	0	0	0	0	0
free	asahi.brep	8471	Ed	representable	2	1	0	0	0	0
free	asahi.brep	8472	Ve	representable	1	0	0	0	0	0
free	asahi.brep	8475	Ed	representable	2	1	0	0	0	0
free	asahi.brep	8477	Ve	representable	1	0	0	0	0	0
free	asahi.brep	8478	Ve	representable	1	0	0	0	0	0
free	asahi.brep	8481	Ed	representable	2	1	0	0	0	0
free	asahi.brep	8482	Ve	representable	1	0	0	0	0	0
free	asahi.brep	8485	Ed	representable	2	1	0	0	0	0
free	asahi.brep	8486	Ve	representable	1	0	0	0	0	0
free	asahi.brep	8489	Ed	representable	2	1	0	0	0	0
free	asahi.brep	8490	Ve	representable	1	0	0	0	0	0
free	asahi.brep	8493	Ed	representable	2	1	0	0	0	0
free	asahi.brep	8494	Ve	representable	1	0	0	0	0	0
free	asahi.brep	8497	Ed	representable	2	1	0	0	0	0
free	asahi.brep	8499	Ve	representable	1	0	0	0	0	0
free	asahi.brep	8500	Ve	representable	1	0	0	0	0	0
free	asahi.brep	8503	Ed	representable	2	1	0	0	0	0
free	asahi.brep	8504	Ve	representable	1	0	0	0	0	0
free	asahi.brep	8507	Ed	representable	2	1	0	0	0	0
free	asahi.brep	8508	Ve	representable	1	0	0	0	0	0
free	asahi.brep	8511	Ed	representable	2	1	0	0	0	0
free	asahi.brep	8512	Ve	representable	1	0	0	0	0	0
free	asahi.brep	8515	Ed	representable	2	1	0	0	0	0
free	asahi.brep	8516	Ve	representable	1	0	0	0	0	0
free	asahi.brep	8519	Ed	representable	2	1	0	0	0	0
free	asahi.brep	8520	Ve	representable	1	0	0	0	0	0
free	asahi.brep	8523	Ed	representable	2	1	0	0	0	0
free	asahi.brep	8524	Ve	representable	1	0	0	0	0	0
free	asahi.brep	8527	Ed	representable	2	1	0	0	0	0
free	asahi.brep	8529	Ve	representable	1	0	0	0	0	0
free	asahi.brep	8530	Ve	representable	1	0	0	0	0	0
free	asahi.brep	8533	Ed	representable	2	1	0	0	0	0
free	asahi.brep	8534	Ve	representable	1	0	0	0	0	0
free	asahi.brep	8537	Ed	representable	2	1	0	0	0	0
free	asahi.brep	8538	Ve	representable	1	0	0	0	0	0
free	asahi.brep	8541	Ed	representable	2	1	0	0	0	0
free	asahi.brep	8543	Ve	representable	1	0	0	0	0	0
free	asahi.brep	8544	Ve	representable	1	0	0	0	0	0
free	asahi.brep	8547	Ed	representable	2	1	0	0	0	0
free	asahi.brep	8548	Ve	representable	1	0	0	0	0	0
free	asahi.brep	8551	Ed	representable	2	1	0	0	0	0
free	asahi.brep	8552	Ve	representable	1	0	0	0	0	0
free	asahi.brep	8555	Ed	representable	2	1	0	0	0	0
free	asahi.brep	8557	Ve	representable	1	0	0	0	0	0
free	asahi.brep	8558	Ve	representable	1	0	0	0	0	0
free	asahi.brep	8561	Ed	representable	2	1	0	0	0	0
free	asahi.brep	8562	Ve	representable	1	0	0	0	0	0
free	asahi.brep	8565	Ed	representable	2	1	0	0	0	0
free	asahi.brep	8566	Ve	representable	1	0	0	0	0	0
free	asahi.brep	8569	Ed	representable	2	1	0	0	0	0
free	asahi.brep	8570	Ve	representable	1	0	0	0	0	0
free	asahi.brep	8573	Ed	representable	2	1	0	0	0	0
free	asahi.brep	8574	Ve	representable	1	0	0	0	0	0
free	asahi.brep	8577	Ed	representable	2	1	0	0	0	0
free	asahi.brep	8579	Ve	representable	1	0	0	0	0	0
free	asahi.brep	8580	Ve	representable	1	0	0	0	0	0
free	asahi.brep	8583	Ed	representable	2	1	0	0	0	0
free	asahi.brep	8584	Ve	representable	1	0	0	0	0	0
free	asahi.brep	8587	Ed	representable	2	1	0	0	0	0
free	asahi.brep	8588	Ve	representable	1	0	0	0	0	0
free	asahi.brep	8591	Ed	representable	2	1	0	0	0	0
free	asahi.brep	8592	Ve	representable	1	0	0	0	0	0
free	asahi.brep	8595	Ed	representable	2	1	0	0	0	0
free	asahi.brep	8596	Ve	representable	1	0	0	0	0	0
free	asahi.brep	8599	Ed	representable	2	1	0	0	0	0
free	asahi.brep	8600	Ve	representable	1	0	0	0	0	0
free	asahi.brep	8603	Ed	representable	2	1	0	0	0	0
free	asahi.brep	8604	Ve	representable	1	0	0	0	0	0
free	asahi.brep	8607	Ed	representable	2	1	0	0	0	0
free	asahi.brep	8608	Ve	representable	1	0	0	0	0	0
free	asahi.brep	8611	Ed	representable	2	1	0	0	0	0
free	asahi.brep	8612	Ve	representable	1	0	0	0	0	0
free	asahi.brep	8615	Ed	representable	2	1	0	0	0	0
free	asahi.brep	8617	Ve	representable	1	0	0	0	0	0
free	asahi.brep	8618	Ve	representable	1	0	0	0	0	0
free	asahi.brep	8621	Ed	representable	2	1	0	0	0	0
free	asahi.brep	8622	Ve	representable	1	0	0	0	0	0
free	asahi.brep	8625	Ed	representable	2	1	0	0	0	0
free	asahi.brep	8627	Ve	representable	1	0	0	0	0	0
free	asahi.brep	8628	Ve	representable	1	0	0	0	0	0
free	asahi.brep	8631	Ed	representable	2	1	0	0	0	0
free	asahi.brep	8632	Ve	representable	1	0	0	0	0	0
free	asahi.brep	8635	Ed	representable	2	1	0	0	0	0
free	asahi.brep	8636	Ve	representable	1	0	0	0	0	0
free	asahi.brep	8639	Ed	representable	2	1	0	0	0	0
free	asahi.brep	8640	Ve	representable	1	0	0	0	0	0
free	asahi.brep	8643	Ed	representable	2	1	0	0	0	0
free	asahi.brep	8645	Ve	representable	1	0	0	0	0	0
free	asahi.brep	8646	Ve	representable	1	0	0	0	0	0
free	asahi.brep	8649	Ed	representable	2	1	0	0	0	0
free	asahi.brep	8650	Ve	representable	1	0	0	0	0	0
free	asahi.brep	8653	Ed	representable	2	1	0	0	0	0
free	asahi.brep	8655	Ve	representable	1	0	0	0	0	0
free	asahi.brep	8656	Ve	representable	1	0	0	0	0	0
free	asahi.brep	8659	Ed	representable	2	1	0	0	0	0
free	asahi.brep	8660	Ve	representable	1	0	0	0	0	0
free	asahi.brep	8663	Ed	representable	2	1	0	0	0	0
free	asahi.brep	8664	Ve	representable	1	0	0	0	0	0
free	asahi.brep	8667	Ed	representable	2	1	0	0	0	0
free	asahi.brep	8668	Ve	representable	1	0	0	0	0	0
free	asahi.brep	8671	Ed	representable	2	1	0	0	0	0
free	asahi.brep	8672	Ve	representable	1	0	0	0	0	0
free	asahi.brep	8675	Ed	representable	2	1	0	0	0	0
free	asahi.brep	8676	Ve	representable	1	0	0	0	0	0
free	asahi.brep	8679	Ed	representable	2	1	0	0	0	0
free	asahi.brep	8680	Ve	representable	1	0	0	0	0	0
free	asahi.brep	8683	Ed	representable	2	1	0	0	0	0
free	asahi.brep	8684	Ve	representable	1	0	0	0	0	0
free	asahi.brep	8687	Ed	representable	2	1	0	0	0	0
free	asahi.brep	8689	Ve	representable	1	0	0	0	0	0
free	asahi.brep	8690	Ve	representable	1	0	0	0	0	0
free	asahi.brep	8693	Ed	representable	2	1	0	0	0	0
free	asahi.brep	8694	Ve	representable	1	0	0	0	0	0
free	asahi.brep	8697	Ed	representable	2	1	0	0	0	0
free	asahi.brep	8699	Ve	representable	1	0	0	0	0	0
free	asahi.brep	8700	Ve	representable	1	0	0	0	0	0
free	asahi.brep	8703	Ed	representable	2	1	0	0	0	0
free	asahi.brep	8704	Ve	representable	1	0	0	0	0	0
free	asahi.brep	8707	Ed	representable	2	1	0	0	0	0
free	asahi.brep	8708	Ve	representable	1	0	0	0	0	0
free	asahi.brep	8711	Ed	representable	2	1	0	0	0	0
free	asahi.brep	8712	Ve	representable	1	0	0	0	0	0
free	asahi.brep	8715	Ed	representable	2	1	0	0	0	0
free	asahi.brep	8716	Ve	representable	1	0	0	0	0	0
free	asahi.brep	8719	Ed	representable	2	1	0	0	0	0
free	asahi.brep	8720	Ve	representable	1	0	0	0	0	0
free	asahi.brep	8723	Ed	representable	2	1	0	0	0	0
free	asahi.brep	8725	Ve	representable	1	0	0	0	0	0
free	asahi.brep	8726	Ve	representable	1	0	0	0	0	0
free	asahi.brep	8729	Ed	representable	2	1	0	0	0	0
free	asahi.brep	8730	Ve	representable	1	0	0	0	0	0
free	asahi.brep	8733	Ed	representable	2	1	0	0	0	0
free	asahi.brep	8734	Ve	representable	1	0	0	0	0	0
free	asahi.brep	8737	Ed	representable	2	1	0	0	0	0
free	asahi.brep	8739	Ve	representable	1	0	0	0	0	0
free	asahi.brep	8740	Ve	representable	1	0	0	0	0	0
free	asahi.brep	8743	Ed	representable	2	1	0	0	0	0
free	asahi.brep	8744	Ve	representable	1	0	0	0	0	0
free	asahi.brep	8747	Ed	representable	2	1	0	0	0	0
free	asahi.brep	8748	Ve	representable	1	0	0	0	0	0
free	asahi.brep	8751	Ed	representable	2	1	0	0	0	0
free	asahi.brep	8752	Ve	representable	1	0	0	0	0	0
free	asahi.brep	8755	Ed	representable	2	1	0	0	0	0
free	asahi.brep	8756	Ve	representable	1	0	0	0	0	0
free	asahi.brep	8759	Ed	representable	2	1	0	0	0	0
free	asahi.brep	8760	Ve	representable	1	0	0	0	0	0
free	asahi.brep	8763	Ed	representable	2	1	0	0	0	0
free	asahi.brep	8765	Ve	representable	1	0	0	0	0	0
free	asahi.brep	8766	Ve	representable	1	0	0	0	0	0
free	asahi.brep	8769	Ed	representable	2	1	0	0	0	0
free	asahi.brep	8770	Ve	representable	1	0	0	0	0	0
free	asahi.brep	8773	Ed	representable	2	1	0	0	0	0
free	asahi.brep	8774	Ve	representable	1	0	0	0	0	0
free	asahi.brep	8777	Ed	representable	2	1	0	0	0	0
free	asahi.brep	8779	Ve	representable	1	0	0	0	0	0
free	asahi.brep	8780	Ve	representable	1	0	0	0	0	0
free	asahi.brep	8783	Ed	representable	2	1	0	0	0	0
free	asahi.brep	8784	Ve	representable	1	0	0	0	0	0
free	asahi.brep	8787	Ed	representable	2	1	0	0	0	0
free	asahi.brep	8788	Ve	representable	1	0	0	0	0	0
free	asahi.brep	8791	Ed	representable	2	1	0	0	0	0
free	asahi.brep	8792	Ve	representable	1	0	0	0	0	0
free	asahi.brep	8795	Ed	representable	2	1	0	0	0	0
free	asahi.brep	8797	Ve	representable	1	0	0	0	0	0
free	asahi.brep	8798	Ve	representable	1	0	0	0	0	0
free	asahi.brep	8801	Ed	representable	2	1	0	0	0	0
free	asahi.brep	8802	Ve	representable	1	0	0	0	0	0
free	asahi.brep	8805	Ed	representable	2	1	0	0	0	0
free	asahi.brep	8806	Ve	representable	1	0	0	0	0	0
free	asahi.brep	8809	Ed	representable	2	1	0	0	0	0
free	asahi.brep	8810	Ve	representable	1	0	0	0	0	0
free	asahi.brep	8813	Ed	representable	2	1	0	0	0	0
free	asahi.brep	8814	Ve	representable	1	0	0	0	0	0
free	asahi.brep	8817	Ed	representable	2	1	0	0	0	0
free	asahi.brep	8818	Ve	representable	1	0	0	0	0	0
free	asahi.brep	8821	Ed	representable	2	1	0	0	0	0
free	asahi.brep	8823	Ve	representable	1	0	0	0	0	0
free	asahi.brep	8824	Ve	representable	1	0	0	0	0	0
free	asahi.brep	8827	Ed	representable	2	1	0	0	0	0
free	asahi.brep	8828	Ve	representable	1	0	0	0	0	0
free	asahi.brep	8831	Ed	representable	2	1	0	0	0	0
free	asahi.brep	8832	Ve	representable	1	0	0	0	0	0
free	asahi.brep	8835	Ed	representable	2	1	0	0	0	0
free	asahi.brep	8836	Ve	representable	1	0	0	0	0	0
free	asahi.brep	8839	Ed	representable	2	1	0	0	0	0
free	asahi.brep	8840	Ve	representable	1	0	0	0	0	0
free	asahi.brep	8843	Ed	representable	2	1	0	0	0	0
free	asahi.brep	8845	Ve	representable	1	0	0	0	0	0
free	asahi.brep	8846	Ve	representable	1	0	0	0	0	0
free	asahi.brep	8849	Ed	representable	2	1	0	0	0	0
free	asahi.brep	8850	Ve	representable	1	0	0	0	0	0
free	asahi.brep	8853	Ed	representable	2	1	0	0	0	0
free	asahi.brep	8854	Ve	representable	1	0	0	0	0	0
free	asahi.brep	8857	Ed	representable	2	1	0	0	0	0
free	asahi.brep	8858	Ve	representable	1	0	0	0	0	0
free	asahi.brep	8861	Ed	representable	2	1	0	0	0	0
free	asahi.brep	8862	Ve	representable	1	0	0	0	0	0
free	asahi.brep	8865	Ed	representable	2	1	0	0	0	0
free	asahi.brep	8867	Ve	representable	1	0	0	0	0	0
free	asahi.brep	8868	Ve	representable	1	0	0	0	0	0
free	asahi.brep	8871	Ed	representable	2	1	0	0	0	0
free	asahi.brep	8872	Ve	representable	1	0	0	0	0	0
free	asahi.brep	8875	Ed	representable	2	1	0	0	0	0
free	asahi.brep	8876	Ve	representable	1	0	0	0	0	0
free	asahi.brep	8879	Ed	representable	2	1	0	0	0	0
free	asahi.brep	8880	Ve	representable	1	0	0	0	0	0
free	asahi.brep	8883	Ed	representable	2	1	0	0	0	0
free	asahi.brep	8884	Ve	representable	1	0	0	0	0	0
free	asahi.brep	8887	Ed	representable	2	1	0	0	0	0
free	asahi.brep	8888	Ve	representable	1	0	0	0	0	0
free	asahi.brep	8891	Ed	representable	2	1	0	0	0	0
free	asahi.brep	8893	Ve	representable	1	0	0	0	0	0
free	asahi.brep	8894	Ve	representable	1	0	0	0	0	0
free	asahi.brep	8897	Ed	representable	2	1	0	0	0	0
free	asahi.brep	8898	Ve	representable	1	0	0	0	0	0
free	asahi.brep	8901	Ed	representable	2	1	0	0	0	0
free	asahi.brep	8902	Ve	representable	1	0	0	0	0	0
free	asahi.brep	8905	Ed	representable	2	1	0	0	0	0
free	asahi.brep	8907	Ve	representable	1	0	0	0	0	0
free	asahi.brep	8908	Ve	representable	1	0	0	0	0	0
free	asahi.brep	8911	Ed	representable	2	1	0	0	0	0
free	asahi.brep	8913	Ve	representable	1	0	0	0	0	0
free	asahi.brep	8914	Ve	representable	1	0	0	0	0	0
free	asahi.brep	8917	Ed	representable	2	1	0	0	0	0
free	asahi.brep	8919	Ve	representable	1	0	0	0	0	0
free	asahi.brep	8920	Ve	representable	1	0	0	0	0	0
free	asahi.brep	8923	Ed	representable	2	1	0	0	0	0
free	asahi.brep	8924	Ve	representable	1	0	0	0	0	0
free	asahi.brep	8927	Ed	representable	2	1	0	0	0	0
free	asahi.brep	8928	Ve	representable	1	0	0	0	0	0
free	asahi.brep	8931	Ed	representable	2	1	0	0	0	0
free	asahi.brep	8932	Ve	representable	1	0	0	0	0	0
free	asahi.brep	8935	Ed	representable	2	1	0	0	0	0
free	asahi.brep	8936	Ve	representable	1	0	0	0	0	0
free	asahi.brep	8939	Ed	representable	2	1	0	0	0	0
free	asahi.brep	8940	Ve	representable	1	0	0	0	0	0
free	asahi.brep	8943	Ed	representable	2	1	0	0	0	0
free	asahi.brep	8945	Ve	representable	1	0	0	0	0	0
free	asahi.brep	8946	Ve	representable	1	0	0	0	0	0
free	asahi.brep	8949	Ed	representable	2	1	0	0	0	0
free	asahi.brep	8950	Ve	representable	1	0	0	0	0	0
free	asahi.brep	8953	Ed	representable	2	1	0	0	0	0
free	asahi.brep	8954	Ve	representable	1	0	0	0	0	0
free	asahi.brep	8957	Ed	representable	2	1	0	0	0	0
free	asahi.brep	8959	Ve	representable	1	0	0	0	0	0
free	asahi.brep	8960	Ve	representable	1	0	0	0	0	0
free	asahi.brep	8963	Ed	representable	2	1	0	0	0	0
free	asahi.brep	8965	Ve	representable	1	0	0	0	0	0
free	asahi.brep	8966	Ve	representable	1	0	0	0	0	0
free	asahi.brep	8969	Ed	representable	2	1	0	0	0	0
free	asahi.brep	8971	Ve	representable	1	0	0	0	0	0
free	asahi.brep	8972	Ve	representable	1	0	0	0	0	0
free	asahi.brep	8975	Ed	representable	2	1	0	0	0	0
free	asahi.brep	8976	Ve	representable	1	0	0	0	0	0
free	asahi.brep	8979	Ed	representable	2	1	0	0	0	0
free	asahi.brep	8980	Ve	representable	1	0	0	0	0	0
free	asahi.brep	8983	Ed	representable	2	1	0	0	0	0
free	asahi.brep	8984	Ve	representable	1	0	0	0	0	0
free	asahi.brep	8987	Ed	representable	2	1	0	0	0	0
free	asahi.brep	8988	Ve	representable	1	0	0	0	0	0
free	asahi.brep	8991	Ed	representable	2	1	0	0	0	0
free	asahi.brep	8992	Ve	representable	1	0	0	0	0	0
free	asahi.brep	8995	Ed	representable	2	1	0	0	0	0
free	asahi.brep	8997	Ve	representable	1	0	0	0	0	0
free	asahi.brep	8998	Ve	representable	1	0	0	0	0	0
free	asahi.brep	9001	Ed	representable	2	1	0	0	0	0
free	asahi.brep	9002	Ve	representable	1	0	0	0	0	0
free	asahi.brep	9005	Ed	representable	2	1	0	0	0	0
free	asahi.brep	9006	Ve	representable	1	0	0	0	0	0
free	asahi.brep	9009	Ed	representable	2	1	0	0	0	0
free	asahi.brep	9011	Ve	representable	1	0	0	0	0	0
free	asahi.brep	9012	Ve	representable	1	0	0	0	0	0
free	asahi.brep	9015	Ed	representable	2	1	0	0	0	0
free	asahi.brep	9017	Ve	representable	1	0	0	0	0	0
free	asahi.brep	9018	Ve	representable	1	0	0	0	0	0
free	asahi.brep	9021	Ed	representable	2	1	0	0	0	0
free	asahi.brep	9023	Ve	representable	1	0	0	0	0	0
free	asahi.brep	9024	Ve	representable	1	0	0	0	0	0
free	asahi.brep	9027	Ed	representable	2	1	0	0	0	0
free	asahi.brep	9028	Ve	representable	1	0	0	0	0	0
free	asahi.brep	9031	Ed	representable	2	1	0	0	0	0
free	asahi.brep	9032	Ve	representable	1	0	0	0	0	0
free	asahi.brep	9035	Ed	representable	2	1	0	0	0	0
free	asahi.brep	9036	Ve	representable	1	0	0	0	0	0
free	asahi.brep	9039	Ed	representable	2	1	0	0	0	0
free	asahi.brep	9040	Ve	representable	1	0	0	0	0	0
free	asahi.brep	9043	Ed	representable	2	1	0	0	0	0
free	asahi.brep	9044	Ve	representable	1	0	0	0	0	0
free	asahi.brep	9047	Ed	representable	2	1	0	0	0	0
free	asahi.brep	9049	Ve	representable	1	0	0	0	0	0
free	asahi.brep	9050	Ve	representable	1	0	0	0	0	0
free	asahi.brep	9053	Ed	representable	2	1	0	0	0	0
free	asahi.brep	9054	Ve	representable	1	0	0	0	0	0
free	asahi.brep	9057	Ed	representable	2	1	0	0	0	0
free	asahi.brep	9058	Ve	representable	1	0	0	0	0	0
free	asahi.brep	9061	Ed	representable	2	1	0	0	0	0
free	asahi.brep	9063	Ve	representable	1	0	0	0	0	0
free	asahi.brep	9064	Ve	representable	1	0	0	0	0	0
free	asahi.brep	9067	Ed	representable	2	1	0	0	0	0
free	asahi.brep	9069	Ve	representable	1	0	0	0	0	0
free	asahi.brep	9070	Ve	representable	1	0	0	0	0	0
free	asahi.brep	9073	Ed	representable	2	1	0	0	0	0
free	asahi.brep	9075	Ve	representable	1	0	0	0	0	0
free	asahi.brep	9076	Ve	representable	1	0	0	0	0	0
free	asahi.brep	9079	Ed	representable	2	1	0	0	0	0
free	asahi.brep	9080	Ve	representable	1	0	0	0	0	0
free	asahi.brep	9083	Ed	representable	2	1	0	0	0	0
free	asahi.brep	9084	Ve	representable	1	0	0	0	0	0
free	asahi.brep	9087	Ed	representable	2	1	0	0	0	0
free	asahi.brep	9088	Ve	representable	1	0	0	0	0	0
free	asahi.brep	9091	Ed	representable	2	1	0	0	0	0
free	asahi.brep	9092	Ve	representable	1	0	0	0	0	0
free	asahi.brep	9095	Ed	representable	2	1	0	0	0	0
free	asahi.brep	9096	Ve	representable	1	0	0	0	0	0
free	asahi.brep	9099	Ed	representable	2	1	0	0	0	0
free	asahi.brep	9101	Ve	representable	1	0	0	0	0	0
free	asahi.brep	9102	Ve	representable	1	0	0	0	0	0
free	asahi.brep	9105	Ed	representable	2	1	0	0	0	0
free	asahi.brep	9106	Ve	representable	1	0	0	0	0	0
free	asahi.brep	9109	Ed	representable	2	1	0	0	0	0
free	asahi.brep	9110	Ve	representable	1	0	0	0	0	0
free	asahi.brep	9113	Ed	representable	2	1	0	0	0	0
free	asahi.brep	9115	Ve	representable	1	0	0	0	0	0
free	asahi.brep	9116	Ve	representable	1	0	0	0	0	0
free	asahi.brep	9119	Ed	representable	2	1	0	0	0	0
free	asahi.brep	9121	Ve	representable	1	0	0	0	0	0
free	asahi.brep	9122	Ve	representable	1	0	0	0	0	0
free	asahi.brep	9125	Ed	representable	2	1	0	0	0	0
free	asahi.brep	9127	Ve	representable	1	0	0	0	0	0
free	asahi.brep	9128	Ve	representable	1	0	0	0	0	0
free	asahi.brep	9131	Ed	representable	2	1	0	0	0	0
free	asahi.brep	9132	Ve	representable	1	0	0	0	0	0
free	asahi.brep	9135	Ed	representable	2	1	0	0	0	0
free	asahi.brep	9136	Ve	representable	1	0	0	0	0	0
free	asahi.brep	9139	Ed	representable	2	1	0	0	0	0
free	asahi.brep	9140	Ve	representable	1	0	0	0	0	0
free	asahi.brep	9143	Ed	representable	2	1	0	0	0	0
free	asahi.brep	9144	Ve	representable	1	0	0	0	0	0
free	asahi.brep	9147	Ed	representable	2	1	0	0	0	0
free	asahi.brep	9148	Ve	representable	1	0	0	0	0	0
free	asahi.brep	9151	Ed	representable	2	1	0	0	0	0
free	asahi.brep	9153	Ve	representable	1	0	0	0	0	0
free	asahi.brep	9154	Ve	representable	1	0	0	0	0	0
free	asahi.brep	9157	Ed	representable	2	1	0	0	0	0
free	asahi.brep	9158	Ve	representable	1	0	0	0	0	0
free	asahi.brep	9161	Ed	representable	2	1	0	0	0	0
free	asahi.brep	9162	Ve	representable	1	0	0	0	0	0
free	asahi.brep	9165	Ed	representable	2	1	0	0	0	0
free	asahi.brep	9167	Ve	representable	1	0	0	0	0	0
free	asahi.brep	9168	Ve	representable	1	0	0	0	0	0
free	asahi.brep	9171	Ed	representable	2	1	0	0	0	0
free	asahi.brep	9173	Ve	representable	1	0	0	0	0	0
free	asahi.brep	9174	Ve	representable	1	0	0	0	0	0
free	asahi.brep	9177	Ed	representable	2	1	0	0	0	0
free	asahi.brep	9179	Ve	representable	1	0	0	0	0	0
free	asahi.brep	9180	Ve	representable	1	0	0	0	0	0
free	asahi.brep	9183	Ed	representable	2	1	0	0	0	0
free	asahi.brep	9184	Ve	representable	1	0	0	0	0	0
free	asahi.brep	9187	Ed	representable	2	1	0	0	0	0
free	asahi.brep	9188	Ve	representable	1	0	0	0	0	0
free	asahi.brep	9191	Ed	representable	2	1	0	0	0	0
free	asahi.brep	9192	Ve	representable	1	0	0	0	0	0
free	asahi.brep	9195	Ed	representable	2	1	0	0	0	0
free	asahi.brep	9196	Ve	representable	1	0	0	0	0	0
free	asahi.brep	9199	Ed	representable	2	1	0	0	0	0
free	asahi.brep	9200	Ve	representable	1	0	0	0	0	0
free	asahi.brep	9203	Ed	representable	2	1	0	0	0	0
free	asahi.brep	9205	Ve	representable	1	0	0	0	0	0
free	asahi.brep	9206	Ve	representable	1	0	0	0	0	0
free	asahi.brep	9209	Ed	representable	2	1	0	0	0	0
free	asahi.brep	9210	Ve	representable	1	0	0	0	0	0
free	asahi.brep	9213	Ed	representable	2	1	0	0	0	0
free	asahi.brep	9214	Ve	representable	1	0	0	0	0	0
free	asahi.brep	9217	Ed	representable	2	1	0	0	0	0
free	asahi.brep	9219	Ve	representable	1	0	0	0	0	0
free	asahi.brep	9220	Ve	representable	1	0	0	0	0	0
free	asahi.brep	9223	Ed	representable	2	1	0	0	0	0
free	asahi.brep	9225	Ve	representable	1	0	0	0	0	0
free	asahi.brep	9226	Ve	representable	1	0	0	0	0	0
free	asahi.brep	9229	Ed	representable	2	1	0	0	0	0
free	asahi.brep	9231	Ve	representable	1	0	0	0	0	0
free	asahi.brep	9232	Ve	representable	1	0	0	0	0	0
free	asahi.brep	9235	Ed	representable	2	1	0	0	0	0
free	asahi.brep	9236	Ve	representable	1	0	0	0	0	0
free	asahi.brep	9239	Ed	representable	2	1	0	0	0	0
free	asahi.brep	9240	Ve	representable	1	0	0	0	0	0
free	asahi.brep	9243	Ed	representable	2	1	0	0	0	0
free	asahi.brep	9244	Ve	representable	1	0	0	0	0	0
free	asahi.brep	9247	Ed	representable	2	1	0	0	0	0
free	asahi.brep	9248	Ve	representable	1	0	0	0	0	0
free	asahi.brep	9251	Ed	representable	2	1	0	0	0	0
free	asahi.brep	9252	Ve	representable	1	0	0	0	0	0
free	asahi.brep	9255	Ed	representable	2	1	0	0	0	0
free	asahi.brep	9257	Ve	representable	1	0	0	0	0	0
free	asahi.brep	9258	Ve	representable	1	0	0	0	0	0
free	asahi.brep	9261	Ed	representable	2	1	0	0	0	0
free	asahi.brep	9262	Ve	representable	1	0	0	0	0	0
free	asahi.brep	9265	Ed	representable	2	1	0	0	0	0
free	asahi.brep	9266	Ve	representable	1	0	0	0	0	0
free	asahi.brep	9269	Ed	representable	2	1	0	0	0	0
free	asahi.brep	9271	Ve	representable	1	0	0	0	0	0
free	asahi.brep	9272	Ve	representable	1	0	0	0	0	0
free	asahi.brep	9275	Ed	representable	2	1	0	0	0	0
free	asahi.brep	9277	Ve	representable	1	0	0	0	0	0
free	asahi.brep	9278	Ve	representable	1	0	0	0	0	0
free	asahi.brep	9281	Ed	representable	2	1	0	0	0	0
free	asahi.brep	9283	Ve	representable	1	0	0	0	0	0
free	asahi.brep	9284	Ve	representable	1	0	0	0	0	0
free	asahi.brep	9287	Ed	representable	2	1	0	0	0	0
free	asahi.brep	9288	Ve	representable	1	0	0	0	0	0
free	asahi.brep	9291	Ed	representable	2	1	0	0	0	0
free	asahi.brep	9292	Ve	representable	1	0	0	0	0	0
free	asahi.brep	9295	Ed	representable	2	1	0	0	0	0
free	asahi.brep	9296	Ve	representable	1	0	0	0	0	0
free	asahi.brep	9299	Ed	representable	2	1	0	0	0	0
free	asahi.brep	9300	Ve	representable	1	0	0	0	0	0
free	asahi.brep	9303	Ed	representable	2	1	0	0	0	0
free	asahi.brep	9304	Ve	representable	1	0	0	0	0	0
free	asahi.brep	9307	Ed	representable	2	1	0	0	0	0
free	asahi.brep	9309	Ve	representable	1	0	0	0	0	0
free	asahi.brep	9310	Ve	representable	1	0	0	0	0	0
free	asahi.brep	9313	Ed	representable	2	1	0	0	0	0
free	asahi.brep	9314	Ve	representable	1	0	0	0	0	0
free	asahi.brep	9317	Ed	representable	2	1	0	0	0	0
free	asahi.brep	9318	Ve	representable	1	0	0	0	0	0
free	asahi.brep	9321	Ed	representable	2	1	0	0	0	0
free	asahi.brep	9323	Ve	representable	1	0	0	0	0	0
free	asahi.brep	9324	Ve	representable	1	0	0	0	0	0
free	asahi.brep	9327	Ed	representable	2	1	0	0	0	0
free	asahi.brep	9329	Ve	representable	1	0	0	0	0	0
free	asahi.brep	9330	Ve	representable	1	0	0	0	0	0
free	asahi.brep	9333	Ed	representable	2	1	0	0	0	0
free	asahi.brep	9335	Ve	representable	1	0	0	0	0	0
free	asahi.brep	9336	Ve	representable	1	0	0	0	0	0
free	asahi.brep	9339	Ed	representable	2	1	0	0	0	0
free	asahi.brep	9340	Ve	representable	1	0	0	0	0	0
free	asahi.brep	9343	Ed	representable	2	1	0	0	0	0
free	asahi.brep	9344	Ve	representable	1	0	0	0	0	0
free	asahi.brep	9347	Ed	representable	2	1	0	0	0	0
free	asahi.brep	9348	Ve	representable	1	0	0	0	0	0
free	asahi.brep	9351	Ed	representable	2	1	0	0	0	0
free	asahi.brep	9352	Ve	representable	1	0	0	0	0	0
free	asahi.brep	9355	Ed	representable	2	1	0	0	0	0
free	asahi.brep	9356	Ve	representable	1	0	0	0	0	0
free	asahi.brep	9359	Ed	representable	2	1	0	0	0	0
free	asahi.brep	9361	Ve	representable	1	0	0	0	0	0
free	asahi.brep	9362	Ve	representable	1	0	0	0	0	0
free	asahi.brep	9365	Ed	representable	2	1	0	0	0	0
free	asahi.brep	9366	Ve	representable	1	0	0	0	0	0
free	asahi.brep	9369	Ed	representable	2	1	0	0	0	0
free	asahi.brep	9370	Ve	representable	1	0	0	0	0	0
free	asahi.brep	9373	Ed	representable	2	1	0	0	0	0
free	asahi.brep	9375	Ve	representable	1	0	0	0	0	0
free	asahi.brep	9376	Ve	representable	1	0	0	0	0	0
free	asahi.brep	9379	Ed	representable	2	1	0	0	0	0
free	asahi.brep	9381	Ve	representable	1	0	0	0	0	0
free	asahi.brep	9382	Ve	representable	1	0	0	0	0	0
free	asahi.brep	9385	Ed	representable	2	1	0	0	0	0
free	asahi.brep	9387	Ve	representable	1	0	0	0	0	0
free	asahi.brep	9388	Ve	representable	1	0	0	0	0	0
free	asahi.brep	9391	Ed	representable	2	1	0	0	0	0
free	asahi.brep	9392	Ve	representable	1	0	0	0	0	0
free	asahi.brep	9395	Ed	representable	2	1	0	0	0	0
free	asahi.brep	9396	Ve	representable	1	0	0	0	0	0
free	asahi.brep	9399	Ed	representable	2	1	0	0	0	0
free	asahi.brep	9400	Ve	representable	1	0	0	0	0	0
free	asahi.brep	9403	Ed	representable	2	1	0	0	0	0
free	asahi.brep	9404	Ve	representable	1	0	0	0	0	0
free	asahi.brep	9407	Ed	representable	2	1	0	0	0	0
free	asahi.brep	9408	Ve	representable	1	0	0	0	0	0
free	asahi.brep	9411	Ed	representable	2	1	0	0	0	0
free	asahi.brep	9413	Ve	representable	1	0	0	0	0	0
free	asahi.brep	9414	Ve	representable	1	0	0	0	0	0
free	asahi.brep	9417	Ed	representable	2	1	0	0	0	0
free	asahi.brep	9418	Ve	representable	1	0	0	0	0	0
free	asahi.brep	9421	Ed	representable	2	1	0	0	0	0
free	asahi.brep	9422	Ve	representable	1	0	0	0	0	0
free	asahi.brep	9425	Ed	representable	2	1	0	0	0	0
free	asahi.brep	9427	Ve	representable	1	0	0	0	0	0
free	asahi.brep	9428	Ve	representable	1	0	0	0	0	0
free	asahi.brep	9431	Ed	representable	2	1	0	0	0	0
free	asahi.brep	9433	Ve	representable	1	0	0	0	0	0
free	asahi.brep	9434	Ve	representable	1	0	0	0	0	0
free	asahi.brep	9437	Ed	representable	2	1	0	0	0	0
free	asahi.brep	9439	Ve	representable	1	0	0	0	0	0
free	asahi.brep	9440	Ve	representable	1	0	0	0	0	0
free	asahi.brep	9443	Ed	representable	2	1	0	0	0	0
free	asahi.brep	9444	Ve	representable	1	0	0	0	0	0
free	asahi.brep	9447	Ed	representable	2	1	0	0	0	0
free	asahi.brep	9448	Ve	representable	1	0	0	0	0	0
free	asahi.brep	9451	Ed	representable	2	1	0	0	0	0
free	asahi.brep	9452	Ve	representable	1	0	0	0	0	0
free	asahi.brep	9455	Ed	representable	2	1	0	0	0	0
free	asahi.brep	9456	Ve	representable	1	0	0	0	0	0
free	asahi.brep	9459	Ed	representable	2	1	0	0	0	0
free	asahi.brep	9460	Ve	representable	1	0	0	0	0	0
free	asahi.brep	9463	Ed	representable	2	1	0	0	0	0
free	asahi.brep	9465	Ve	representable	1	0	0	0	0	0
free	asahi.brep	9466	Ve	representable	1	0	0	0	0	0
free	asahi.brep	9469	Ed	representable	2	1	0	0	0	0
free	asahi.brep	9470	Ve	representable	1	0	0	0	0	0
free	asahi.brep	9473	Ed	representable	2	1	0	0	0	0
free	asahi.brep	9474	Ve	representable	1	0	0	0	0	0
free	asahi.brep	9477	Ed	representable	2	1	0	0	0	0
free	asahi.brep	9479	Ve	representable	1	0	0	0	0	0
free	asahi.brep	9480	Ve	representable	1	0	0	0	0	0
free	asahi.brep	9483	Ed	representable	2	1	0	0	0	0
free	asahi.brep	9485	Ve	representable	1	0	0	0	0	0
free	asahi.brep	9486	Ve	representable	1	0	0	0	0	0
free	asahi.brep	9489	Ed	representable	2	1	0	0	0	0
free	asahi.brep	9491	Ve	representable	1	0	0	0	0	0
free	asahi.brep	9492	Ve	representable	1	0	0	0	0	0
free	asahi.brep	9495	Ed	representable	2	1	0	0	0	0
free	asahi.brep	9496	Ve	representable	1	0	0	0	0	0
free	asahi.brep	9499	Ed	representable	2	1	0	0	0	0
free	asahi.brep	9500	Ve	representable	1	0	0	0	0	0
free	asahi.brep	9503	Ed	representable	2	1	0	0	0	0
free	asahi.brep	9504	Ve	representable	1	0	0	0	0	0
free	asahi.brep	9507	Ed	representable	2	1	0	0	0	0
free	asahi.brep	9508	Ve	representable	1	0	0	0	0	0
free	asahi.brep	9511	Ed	representable	2	1	0	0	0	0
free	asahi.brep	9512	Ve	representable	1	0	0	0	0	0
free	asahi.brep	9515	Ed	representable	2	1	0	0	0	0
free	asahi.brep	9517	Ve	representable	1	0	0	0	0	0
free	asahi.brep	9518	Ve	representable	1	0	0	0	0	0
free	asahi.brep	9521	Ed	representable	2	1	0	0	0	0
free	asahi.brep	9522	Ve	representable	1	0	0	0	0	0
free	asahi.brep	9525	Ed	representable	2	1	0	0	0	0
free	asahi.brep	9526	Ve	representable	1	0	0	0	0	0
free	asahi.brep	9529	Ed	representable	2	1	0	0	0	0
free	asahi.brep	9531	Ve	representable	1	0	0	0	0	0
free	asahi.brep	9532	Ve	representable	1	0	0	0	0	0
free	asahi.brep	9535	Ed	representable	2	1	0	0	0	0
free	asahi.brep	9537	Ve	representable	1	0	0	0	0	0
free	asahi.brep	9538	Ve	representable	1	0	0	0	0	0
free	asahi.brep	9541	Ed	representable	2	1	0	0	0	0
free	asahi.brep	9543	Ve	representable	1	0	0	0	0	0
free	asahi.brep	9544	Ve	representable	1	0	0	0	0	0
free	asahi.brep	9547	Ed	representable	2	1	0	0	0	0
free	asahi.brep	9548	Ve	representable	1	0	0	0	0	0
free	asahi.brep	9551	Ed	representable	2	1	0	0	0	0
free	asahi.brep	9552	Ve	representable	1	0	0	0	0	0
free	asahi.brep	9555	Ed	representable	2	1	0	0	0	0
free	asahi.brep	9556	Ve	representable	1	0	0	0	0	0
free	asahi.brep	9559	Ed	representable	2	1	0	0	0	0
free	asahi.brep	9560	Ve	representable	1	0	0	0	0	0
free	asahi.brep	9563	Ed	representable	2	1	0	0	0	0
free	asahi.brep	9564	Ve	representable	1	0	0	0	0	0
free	asahi.brep	9567	Ed	representable	2	1	0	0	0	0
free	asahi.brep	9569	Ve	representable	1	0	0	0	0	0
free	asahi.brep	9570	Ve	representable	1	0	0	0	0	0
free	asahi.brep	9573	Ed	representable	2	1	0	0	0	0
free	asahi.brep	9574	Ve	representable	1	0	0	0	0	0
free	asahi.brep	9577	Ed	representable	2	1	0	0	0	0
free	asahi.brep	9578	Ve	representable	1	0	0	0	0	0
free	asahi.brep	9581	Ed	representable	2	1	0	0	0	0
free	asahi.brep	9583	Ve	representable	1	0	0	0	0	0
free	asahi.brep	9584	Ve	representable	1	0	0	0	0	0
free	asahi.brep	9587	Ed	representable	2	1	0	0	0	0
free	asahi.brep	9589	Ve	representable	1	0	0	0	0	0
free	asahi.brep	9590	Ve	representable	1	0	0	0	0	0
free	asahi.brep	9593	Ed	representable	2	1	0	0	0	0
free	asahi.brep	9595	Ve	representable	1	0	0	0	0	0
free	asahi.brep	9596	Ve	representable	1	0	0	0	0	0
free	asahi.brep	9599	Ed	representable	2	1	0	0	0	0
free	asahi.brep	9600	Ve	representable	1	0	0	0	0	0
free	asahi.brep	9603	Ed	representable	2	1	0	0	0	0
free	asahi.brep	9604	Ve	representable	1	0	0	0	0	0
free	asahi.brep	9607	Ed	representable	2	1	0	0	0	0
free	asahi.brep	9608	Ve	representable	1	0	0	0	0	0
free	asahi.brep	9611	Ed	representable	2	1	0	0	0	0
free	asahi.brep	9612	Ve	representable	1	0	0	0	0	0
free	asahi.brep	9615	Ed	representable	2	1	0	0	0	0
free	asahi.brep	9616	Ve	representable	1	0	0	0	0	0
free	asahi.brep	9619	Ed	representable	2	1	0	0	0	0
free	asahi.brep	9621	Ve	representable	1	0	0	0	0	0
free	asahi.brep	9622	Ve	representable	1	0	0	0	0	0
free	asahi.brep	9625	Ed	representable	2	1	0	0	0	0
free	asahi.brep	9626	Ve	representable	1	0	0	0	0	0
free	asahi.brep	9629	Ed	representable	2	1	0	0	0	0
free	asahi.brep	9630	Ve	representable	1	0	0	0	0	0
free	asahi.brep	9633	Ed	representable	2	1	0	0	0	0
free	asahi.brep	9635	Ve	representable	1	0	0	0	0	0
free	asahi.brep	9636	Ve	representable	1	0	0	0	0	0
free	asahi.brep	9639	Ed	representable	2	1	0	0	0	0
free	asahi.brep	9641	Ve	representable	1	0	0	0	0	0
free	asahi.brep	9642	Ve	representable	1	0	0	0	0	0
free	asahi.brep	9645	Ed	representable	2	1	0	0	0	0
free	asahi.brep	9647	Ve	representable	1	0	0	0	0	0
free	asahi.brep	9648	Ve	representable	1	0	0	0	0	0
free	asahi.brep	9651	Ed	representable	2	1	0	0	0	0
free	asahi.brep	9652	Ve	representable	1	0	0	0	0	0
free	asahi.brep	9655	Ed	representable	2	1	0	0	0	0
free	asahi.brep	9656	Ve	representable	1	0	0	0	0	0
free	asahi.brep	9659	Ed	representable	2	1	0	0	0	0
free	asahi.brep	9660	Ve	representable	1	0	0	0	0	0
free	asahi.brep	9663	Ed	representable	2	1	0	0	0	0
free	asahi.brep	9664	Ve	representable	1	0	0	0	0	0
free	asahi.brep	9667	Ed	representable	2	1	0	0	0	0
free	asahi.brep	9668	Ve	representable	1	0	0	0	0	0
free	asahi.brep	9671	Ed	representable	2	1	0	0	0	0
free	asahi.brep	9673	Ve	representable	1	0	0	0	0	0
free	asahi.brep	9674	Ve	representable	1	0	0	0	0	0
free	asahi.brep	9677	Ed	representable	2	1	0	0	0	0
free	asahi.brep	9678	Ve	representable	1	0	0	0	0	0
free	asahi.brep	9681	Ed	representable	2	1	0	0	0	0
free	asahi.brep	9682	Ve	representable	1	0	0	0	0	0
free	asahi.brep	9685	Ed	representable	2	1	0	0	0	0
free	asahi.brep	9687	Ve	representable	1	0	0	0	0	0
free	asahi.brep	9688	Ve	representable	1	0	0	0	0	0
free	asahi.brep	9691	Ed	representable	2	1	0	0	0	0
free	asahi.brep	9693	Ve	representable	1	0	0	0	0	0
free	asahi.brep	9694	Ve	representable	1	0	0	0	0	0
free	asahi.brep	9697	Ed	representable	2	1	0	0	0	0
free	asahi.brep	9699	Ve	representable	1	0	0	0	0	0
free	asahi.brep	9700	Ve	representable	1	0	0	0	0	0
free	asahi.brep	9703	Ed	representable	2	1	0	0	0	0
free	asahi.brep	9705	Ve	representable	1	0	0	0	0	0
free	asahi.brep	9706	Ve	representable	1	0	0	0	0	0
free	asahi.brep	9709	Ed	representable	2	1	0	0	0	0
free	asahi.brep	9710	Ve	representable	1	0	0	0	0	0
free	asahi.brep	9713	Ed	representable	2	1	0	0	0	0
free	asahi.brep	9714	Ve	representable	1	0	0	0	0	0
free	asahi.brep	9717	Ed	representable	2	1	0	0	0	0
free	asahi.brep	9718	Ve	representable	1	0	0	0	0	0
free	asahi.brep	9721	Ed	representable	2	1	0	0	0	0
free	asahi.brep	9722	Ve	representable	1	0	0	0	0	0
free	asahi.brep	9725	Ed	representable	2	1	0	0	0	0
free	asahi.brep	9727	Ve	representable	1	0	0	0	0	0
free	asahi.brep	9728	Ve	representable	1	0	0	0	0	0
free	asahi.brep	9731	Ed	representable	2	1	0	0	0	0
free	asahi.brep	9732	Ve	representable	1	0	0	0	0	0
free	asahi.brep	9735	Ed	representable	2	1	0	0	0	0
free	asahi.brep	9736	Ve	representable	1	0	0	0	0	0
free	asahi.brep	9739	Ed	representable	2	1	0	0	0	0
free	asahi.brep	9741	Ve	representable	1	0	0	0	0	0
free	asahi.brep	9742	Ve	representable	1	0	0	0	0	0
free	asahi.brep	9745	Ed	representable	2	1	0	0	0	0
free	asahi.brep	9746	Ve	representable	1	0	0	0	0	0
free	asahi.brep	9749	Ed	representable	2	1	0	0	0	0
free	asahi.brep	9750	Ve	representable	1	0	0	0	0	0
free	asahi.brep	9753	Ed	representable	2	1	0	0	0	0
free	asahi.brep	9754	Ve	representable	1	0	0	0	0	0
free	asahi.brep	9757	Ed	representable	2	1	0	0	0	0
free	asahi.brep	9758	Ve	representable	1	0	0	0	0	0
free	asahi.brep	9761	Ed	representable	2	1	0	0	0	0
free	asahi.brep	9763	Ve	representable	1	0	0	0	0	0
free	asahi.brep	9764	Ve	representable	1	0	0	0	0	0
free	asahi.brep	9767	Ed	representable	2	1	0	0	0	0
free	asahi.brep	9768	Ve	representable	1	0	0	0	0	0
free	asahi.brep	9771	Ed	representable	2	1	0	0	0	0
free	asahi.brep	9772	Ve	representable	1	0	0	0	0	0
free	asahi.brep	9775	Ed	representable	2	1	0	0	0	0
free	asahi.brep	9777	Ve	representable	1	0	0	0	0	0
free	asahi.brep	9778	Ve	representable	1	0	0	0	0	0
free	asahi.brep	9781	Ed	representable	2	1	0	0	0	0
free	asahi.brep	9783	Ve	representable	1	0	0	0	0	0
free	asahi.brep	9784	Ve	representable	1	0	0	0	0	0
free	asahi.brep	9787	Ed	representable	2	1	0	0	0	0
free	asahi.brep	9788	Ve	representable	1	0	0	0	0	0
free	asahi.brep	9791	Ed	representable	2	1	0	0	0	0
free	asahi.brep	9792	Ve	representable	1	0	0	0	0	0
free	asahi.brep	9795	Ed	representable	2	1	0	0	0	0
free	asahi.brep	9796	Ve	representable	1	0	0	0	0	0
free	asahi.brep	9799	Ed	representable	2	1	0	0	0	0
free	asahi.brep	9800	Ve	representable	1	0	0	0	0	0
free	asahi.brep	9803	Ed	representable	2	1	0	0	0	0
free	asahi.brep	9805	Ve	representable	1	0	0	0	0	0
free	asahi.brep	9806	Ve	representable	1	0	0	0	0	0
free	asahi.brep	9809	Ed	representable	2	1	0	0	0	0
free	asahi.brep	9810	Ve	representable	1	0	0	0	0	0
free	asahi.brep	9813	Ed	representable	2	1	0	0	0	0
free	asahi.brep	9814	Ve	representable	1	0	0	0	0	0
free	asahi.brep	9817	Ed	representable	2	1	0	0	0	0
free	asahi.brep	9819	Ve	representable	1	0	0	0	0	0
free	asahi.brep	9820	Ve	representable	1	0	0	0	0	0
free	asahi.brep	9823	Ed	representable	2	1	0	0	0	0
free	asahi.brep	9825	Ve	representable	1	0	0	0	0	0
free	asahi.brep	9826	Ve	representable	1	0	0	0	0	0
free	asahi.brep	9829	Ed	representable	2	1	0	0	0	0
free	asahi.brep	9830	Ve	representable	1	0	0	0	0	0
free	asahi.brep	9833	Ed	representable	2	1	0	0	0	0
free	asahi.brep	9834	Ve	representable	1	0	0	0	0	0
free	asahi.brep	9837	Ed	representable	2	1	0	0	0	0
free	asahi.brep	9838	Ve	representable	1	0	0	0	0	0
free	asahi.brep	9841	Ed	representable	2	1	0	0	0	0
free	asahi.brep	9842	Ve	representable	1	0	0	0	0	0
free	asahi.brep	9845	Ed	representable	2	1	0	0	0	0
free	asahi.brep	9847	Ve	representable	1	0	0	0	0	0
free	asahi.brep	9848	Ve	representable	1	0	0	0	0	0
free	asahi.brep	9851	Ed	representable	2	1	0	0	0	0
free	asahi.brep	9852	Ve	representable	1	0	0	0	0	0
free	asahi.brep	9855	Ed	representable	2	1	0	0	0	0
free	asahi.brep	9856	Ve	representable	1	0	0	0	0	0
free	asahi.brep	9859	Ed	representable	2	1	0	0	0	0
free	asahi.brep	9861	Ve	representable	1	0	0	0	0	0
free	asahi.brep	9862	Ve	representable	1	0	0	0	0	0
free	asahi.brep	9865	Ed	representable	2	1	0	0	0	0
free	asahi.brep	9867	Ve	representable	1	0	0	0	0	0
free	asahi.brep	9868	Ve	representable	1	0	0	0	0	0
free	asahi.brep	9871	Ed	representable	2	1	0	0	0	0
free	asahi.brep	9872	Ve	representable	1	0	0	0	0	0
free	asahi.brep	9875	Ed	representable	2	1	0	0	0	0
free	asahi.brep	9876	Ve	representable	1	0	0	0	0	0
free	asahi.brep	9879	Ed	representable	2	1	0	0	0	0
free	asahi.brep	9880	Ve	representable	1	0	0	0	0	0
free	asahi.brep	9883	Ed	representable	2	1	0	0	0	0
free	asahi.brep	9884	Ve	representable	1	0	0	0	0	0
free	asahi.brep	9887	Ed	representable	2	1	0	0	0	0
free	asahi.brep	9889	Ve	representable	1	0	0	0	0	0
free	asahi.brep	9890	Ve	representable	1	0	0	0	0	0
free	asahi.brep	9893	Ed	representable	2	1	0	0	0	0
free	asahi.brep	9894	Ve	representable	1	0	0	0	0	0
free	asahi.brep	9897	Ed	representable	2	1	0	0	0	0
free	asahi.brep	9898	Ve	representable	1	0	0	0	0	0
free	asahi.brep	9901	Ed	representable	2	1	0	0	0	0
free	asahi.brep	9903	Ve	representable	1	0	0	0	0	0
free	asahi.brep	9904	Ve	representable	1	0	0	0	0	0
free	asahi.brep	9907	Ed	representable	2	1	0	0	0	0
free	asahi.brep	9909	Ve	representable	1	0	0	0	0	0
free	asahi.brep	9910	Ve	representable	1	0	0	0	0	0
free	asahi.brep	9913	Ed	representable	2	1	0	0	0	0
free	asahi.brep	9914	Ve	representable	1	0	0	0	0	0
free	asahi.brep	9917	Ed	representable	2	1	0	0	0	0
free	asahi.brep	9918	Ve	representable	1	0	0	0	0	0
free	asahi.brep	9921	Ed	representable	2	1	0	0	0	0
free	asahi.brep	9922	Ve	representable	1	0	0	0	0	0
free	asahi.brep	9925	Ed	representable	2	1	0	0	0	0
free	asahi.brep	9926	Ve	representable	1	0	0	0	0	0
free	asahi.brep	9929	Ed	representable	2	1	0	0	0	0
free	asahi.brep	9931	Ve	representable	1	0	0	0	0	0
free	asahi.brep	9932	Ve	representable	1	0	0	0	0	0
free	asahi.brep	9935	Ed	representable	2	1	0	0	0	0
free	asahi.brep	9936	Ve	representable	1	0	0	0	0	0
free	asahi.brep	9939	Ed	representable	2	1	0	0	0	0
free	asahi.brep	9940	Ve	representable	1	0	0	0	0	0
free	asahi.brep	9943	Ed	representable	2	1	0	0	0	0
free	asahi.brep	9945	Ve	representable	1	0	0	0	0	0
free	asahi.brep	9946	Ve	representable	1	0	0	0	0	0
free	asahi.brep	9949	Ed	representable	2	1	0	0	0	0
free	asahi.brep	9951	Ve	representable	1	0	0	0	0	0
free	asahi.brep	9952	Ve	representable	1	0	0	0	0	0
free	asahi.brep	9955	Ed	representable	2	1	0	0	0	0
free	asahi.brep	9956	Ve	representable	1	0	0	0	0	0
free	asahi.brep	9959	Ed	representable	2	1	0	0	0	0
free	asahi.brep	9960	Ve	representable	1	0	0	0	0	0
free	asahi.brep	9963	Ed	representable	2	1	0	0	0	0
free	asahi.brep	9964	Ve	representable	1	0	0	0	0	0
free	asahi.brep	9967	Ed	representable	2	1	0	0	0	0
free	asahi.brep	9968	Ve	representable	1	0	0	0	0	0
free	asahi.brep	9971	Ed	representable	2	1	0	0	0	0
free	asahi.brep	9973	Ve	representable	1	0	0	0	0	0
free	asahi.brep	9974	Ve	representable	1	0	0	0	0	0
free	asahi.brep	9977	Ed	representable	2	1	0	0	0	0
free	asahi.brep	9978	Ve	representable	1	0	0	0	0	0
free	asahi.brep	9981	Ed	representable	2	1	0	0	0	0
free	asahi.brep	9982	Ve	representable	1	0	0	0	0	0
free	asahi.brep	9985	Ed	representable	2	1	0	0	0	0
free	asahi.brep	9987	Ve	representable	1	0	0	0	0	0
free	asahi.brep	9988	Ve	representable	1	0	0	0	0	0
free	asahi.brep	9991	Ed	representable	2	1	0	0	0	0
free	asahi.brep	9993	Ve	representable	1	0	0	0	0	0
free	asahi.brep	9994	Ve	representable	1	0	0	0	0	0
free	asahi.brep	9997	Ed	representable	2	1	0	0	0	0
free	asahi.brep	9998	Ve	representable	1	0	0	0	0	0
free	asahi.brep	10001	Ed	representable	2	1	0	0	0	0
free	asahi.brep	10002	Ve	representable	1	0	0	0	0	0
free	asahi.brep	10005	Ed	representable	2	1	0	0	0	0
free	asahi.brep	10006	Ve	representable	1	0	0	0	0	0
free	asahi.brep	10009	Ed	representable	2	1	0	0	0	0
free	asahi.brep	10010	Ve	representable	1	0	0	0	0	0
free	asahi.brep	10013	Ed	representable	2	1	0	0	0	0
free	asahi.brep	10014	Ve	representable	1	0	0	0	0	0
free	asahi.brep	10017	Ed	representable	2	1	0	0	0	0
free	asahi.brep	10019	Ve	representable	1	0	0	0	0	0
free	asahi.brep	10020	Ve	representable	1	0	0	0	0	0
free	asahi.brep	10023	Ed	representable	2	1	0	0	0	0
free	asahi.brep	10024	Ve	representable	1	0	0	0	0	0
free	asahi.brep	10027	Ed	representable	2	1	0	0	0	0
free	asahi.brep	10028	Ve	representable	1	0	0	0	0	0
free	asahi.brep	10031	Ed	representable	2	1	0	0	0	0
free	asahi.brep	10032	Ve	representable	1	0	0	0	0	0
free	asahi.brep	10035	Ed	representable	2	1	0	0	0	0
free	asahi.brep	10037	Ve	representable	1	0	0	0	0	0
free	asahi.brep	10038	Ve	representable	1	0	0	0	0	0
free	asahi.brep	10041	Ed	representable	2	1	0	0	0	0
free	asahi.brep	10042	Ve	representable	1	0	0	0	0	0
free	asahi.brep	10045	Ed	representable	2	1	0	0	0	0
free	asahi.brep	10046	Ve	representable	1	0	0	0	0	0
free	asahi.brep	10049	Ed	representable	2	1	0	0	0	0
free	asahi.brep	10051	Ve	representable	1	0	0	0	0	0
free	asahi.brep	10052	Ve	representable	1	0	0	0	0	0
free	asahi.brep	10055	Ed	representable	2	1	0	0	0	0
free	asahi.brep	10056	Ve	representable	1	0	0	0	0	0
free	asahi.brep	10059	Ed	representable	2	1	0	0	0	0
free	asahi.brep	10060	Ve	representable	1	0	0	0	0	0
free	asahi.brep	10063	Ed	representable	2	1	0	0	0	0
free	asahi.brep	10065	Ve	representable	1	0	0	0	0	0
free	asahi.brep	10066	Ve	representable	1	0	0	0	0	0
free	asahi.brep	10069	Ed	representable	2	1	0	0	0	0
free	asahi.brep	10071	Ve	representable	1	0	0	0	0	0
free	asahi.brep	10072	Ve	representable	1	0	0	0	0	0
free	asahi.brep	10075	Ed	representable	2	1	0	0	0	0
free	asahi.brep	10077	Ve	representable	1	0	0	0	0	0
free	asahi.brep	10078	Ve	representable	1	0	0	0	0	0
free	asahi.brep	10081	Ed	representable	2	1	0	0	0	0
free	asahi.brep	10082	Ve	representable	1	0	0	0	0	0
free	asahi.brep	10085	Ed	representable	2	1	0	0	0	0
free	asahi.brep	10086	Ve	representable	1	0	0	0	0	0
free	asahi.brep	10089	Ed	representable	2	1	0	0	0	0
free	asahi.brep	10090	Ve	representable	1	0	0	0	0	0
free	asahi.brep	10093	Ed	representable	2	1	0	0	0	0
free	asahi.brep	10095	Ve	representable	1	0	0	0	0	0
free	asahi.brep	10096	Ve	representable	1	0	0	0	0	0
free	asahi.brep	10099	Ed	representable	2	1	0	0	0	0
free	asahi.brep	10100	Ve	representable	1	0	0	0	0	0
free	asahi.brep	10103	Ed	representable	2	1	0	0	0	0
free	asahi.brep	10104	Ve	representable	1	0	0	0	0	0
free	asahi.brep	10107	Ed	representable	2	1	0	0	0	0
free	asahi.brep	10108	Ve	representable	1	0	0	0	0	0
free	asahi.brep	10111	Ed	representable	2	1	0	0	0	0
free	asahi.brep	10112	Ve	representable	1	0	0	0	0	0
free	asahi.brep	10115	Ed	representable	2	1	0	0	0	0
free	asahi.brep	10117	Ve	representable	1	0	0	0	0	0
free	asahi.brep	10118	Ve	representable	1	0	0	0	0	0
free	asahi.brep	10121	Ed	representable	2	1	0	0	0	0
free	asahi.brep	10122	Ve	representable	1	0	0	0	0	0
free	asahi.brep	10125	Ed	representable	2	1	0	0	0	0
free	asahi.brep	10126	Ve	representable	1	0	0	0	0	0
free	asahi.brep	10129	Ed	representable	2	1	0	0	0	0
free	asahi.brep	10130	Ve	representable	1	0	0	0	0	0
free	asahi.brep	10133	Ed	representable	2	1	0	0	0	0
free	asahi.brep	10134	Ve	representable	1	0	0	0	0	0
free	asahi.brep	10137	Ed	representable	2	1	0	0	0	0
free	asahi.brep	10139	Ve	representable	1	0	0	0	0	0
free	asahi.brep	10140	Ve	representable	1	0	0	0	0	0
free	asahi.brep	10143	Ed	representable	2	1	0	0	0	0
free	asahi.brep	10145	Ve	representable	1	0	0	0	0	0
free	asahi.brep	10146	Ve	representable	1	0	0	0	0	0
free	asahi.brep	10149	Ed	representable	2	1	0	0	0	0
free	asahi.brep	10150	Ve	representable	1	0	0	0	0	0
free	asahi.brep	10153	Ed	representable	2	1	0	0	0	0
free	asahi.brep	10154	Ve	representable	1	0	0	0	0	0
free	asahi.brep	10157	Ed	representable	2	1	0	0	0	0
free	asahi.brep	10158	Ve	representable	1	0	0	0	0	0
free	asahi.brep	10161	Ed	representable	2	1	0	0	0	0
free	asahi.brep	10163	Ve	representable	1	0	0	0	0	0
free	asahi.brep	10164	Ve	representable	1	0	0	0	0	0
free	asahi.brep	10167	Ed	representable	2	1	0	0	0	0
free	asahi.brep	10169	Ve	representable	1	0	0	0	0	0
free	asahi.brep	10170	Ve	representable	1	0	0	0	0	0
free	asahi.brep	10173	Ed	representable	2	1	0	0	0	0
free	asahi.brep	10174	Ve	representable	1	0	0	0	0	0
free	asahi.brep	10177	Ed	representable	2	1	0	0	0	0
free	asahi.brep	10178	Ve	representable	1	0	0	0	0	0
free	asahi.brep	10181	Ed	representable	2	1	0	0	0	0
free	asahi.brep	10182	Ve	representable	1	0	0	0	0	0
free	asahi.brep	10185	Ed	representable	2	1	0	0	0	0
free	asahi.brep	10186	Ve	representable	1	0	0	0	0	0
free	asahi.brep	10189	Ed	representable	2	1	0	0	0	0
free	asahi.brep	10191	Ve	representable	1	0	0	0	0	0
free	asahi.brep	10192	Ve	representable	1	0	0	0	0	0
free	asahi.brep	10195	Ed	representable	2	1	0	0	0	0
free	asahi.brep	10197	Ve	representable	1	0	0	0	0	0
free	asahi.brep	10198	Ve	representable	1	0	0	0	0	0
free	asahi.brep	10201	Ed	representable	2	1	0	0	0	0
free	asahi.brep	10202	Ve	representable	1	0	0	0	0	0
free	asahi.brep	10205	Ed	representable	2	1	0	0	0	0
free	asahi.brep	10206	Ve	representable	1	0	0	0	0	0
free	asahi.brep	10209	Ed	representable	2	1	0	0	0	0
free	asahi.brep	10210	Ve	representable	1	0	0	0	0	0
free	asahi.brep	10213	Ed	representable	2	1	0	0	0	0
free	asahi.brep	10215	Ve	representable	1	0	0	0	0	0
free	asahi.brep	10216	Ve	representable	1	0	0	0	0	0
free	asahi.brep	10219	Ed	representable	2	1	0	0	0	0
free	asahi.brep	10221	Ve	representable	1	0	0	0	0	0
free	asahi.brep	10222	Ve	representable	1	0	0	0	0	0
free	asahi.brep	10225	Ed	representable	2	1	0	0	0	0
free	asahi.brep	10226	Ve	representable	1	0	0	0	0	0
free	asahi.brep	10229	Ed	representable	2	1	0	0	0	0
free	asahi.brep	10230	Ve	representable	1	0	0	0	0	0
free	asahi.brep	10233	Ed	representable	2	1	0	0	0	0
free	asahi.brep	10234	Ve	representable	1	0	0	0	0	0
free	asahi.brep	10237	Ed	representable	2	1	0	0	0	0
free	asahi.brep	10238	Ve	representable	1	0	0	0	0	0
free	asahi.brep	10241	Ed	representable	2	1	0	0	0	0
free	asahi.brep	10243	Ve	representable	1	0	0	0	0	0
free	asahi.brep	10244	Ve	representable	1	0	0	0	0	0
free	asahi.brep	10247	Ed	representable	2	1	0	0	0	0
free	asahi.brep	10249	Ve	representable	1	0	0	0	0	0
free	asahi.brep	10250	Ve	representable	1	0	0	0	0	0
free	asahi.brep	10253	Ed	representable	2	1	0	0	0	0
free	asahi.brep	10254	Ve	representable	1	0	0	0	0	0
free	asahi.brep	10257	Ed	representable	2	1	0	0	0	0
free	asahi.brep	10258	Ve	representable	1	0	0	0	0	0
free	asahi.brep	10261	Ed	representable	2	1	0	0	0	0
free	asahi.brep	10262	Ve	representable	1	0	0	0	0	0
free	asahi.brep	10265	Ed	representable	2	1	0	0	0	0
free	asahi.brep	10266	Ve	representable	1	0	0	0	0	0
free	asahi.brep	10269	Ed	representable	2	1	0	0	0	0
free	asahi.brep	10271	Ve	representable	1	0	0	0	0	0
free	asahi.brep	10272	Ve	representable	1	0	0	0	0	0
free	asahi.brep	10275	Ed	representable	2	1	0	0	0	0
free	asahi.brep	10277	Ve	representable	1	0	0	0	0	0
free	asahi.brep	10278	Ve	representable	1	0	0	0	0	0
free	asahi.brep	10281	Ed	representable	2	1	0	0	0	0
free	asahi.brep	10282	Ve	representable	1	0	0	0	0	0
free	asahi.brep	10285	Ed	representable	2	1	0	0	0	0
free	asahi.brep	10286	Ve	representable	1	0	0	0	0	0
free	asahi.brep	10289	Ed	representable	2	1	0	0	0	0
free	asahi.brep	10290	Ve	representable	1	0	0	0	0	0
free	asahi.brep	10293	Ed	representable	2	1	0	0	0	0
free	asahi.brep	10294	Ve	representable	1	0	0	0	0	0
free	asahi.brep	10297	Ed	representable	2	1	0	0	0	0
free	asahi.brep	10299	Ve	representable	1	0	0	0	0	0
free	asahi.brep	10300	Ve	representable	1	0	0	0	0	0
free	asahi.brep	10303	Ed	representable	2	1	0	0	0	0
free	asahi.brep	10305	Ve	representable	1	0	0	0	0	0
free	asahi.brep	10306	Ve	representable	1	0	0	0	0	0
free	asahi.brep	10309	Ed	representable	2	1	0	0	0	0
free	asahi.brep	10310	Ve	representable	1	0	0	0	0	0
free	asahi.brep	10313	Ed	representable	2	1	0	0	0	0
free	asahi.brep	10314	Ve	representable	1	0	0	0	0	0
free	asahi.brep	10317	Ed	representable	2	1	0	0	0	0
free	asahi.brep	10318	Ve	representable	1	0	0	0	0	0
free	asahi.brep	10321	Ed	representable	2	1	0	0	0	0
free	asahi.brep	10322	Ve	representable	1	0	0	0	0	0
free	asahi.brep	10325	Ed	representable	2	1	0	0	0	0
free	asahi.brep	10327	Ve	representable	1	0	0	0	0	0
free	asahi.brep	10328	Ve	representable	1	0	0	0	0	0
free	asahi.brep	10331	Ed	representable	2	1	0	0	0	0
free	asahi.brep	10333	Ve	representable	1	0	0	0	0	0
free	asahi.brep	10334	Ve	representable	1	0	0	0	0	0
free	asahi.brep	10337	Ed	representable	2	1	0	0	0	0
free	asahi.brep	10338	Ve	representable	1	0	0	0	0	0
free	asahi.brep	10341	Ed	representable	2	1	0	0	0	0
free	asahi.brep	10342	Ve	representable	1	0	0	0	0	0
free	asahi.brep	10345	Ed	representable	2	1	0	0	0	0
free	asahi.brep	10346	Ve	representable	1	0	0	0	0	0
free	asahi.brep	10349	Ed	representable	2	1	0	0	0	0
free	asahi.brep	10350	Ve	representable	1	0	0	0	0	0
free	asahi.brep	10353	Ed	representable	2	1	0	0	0	0
free	asahi.brep	10355	Ve	representable	1	0	0	0	0	0
free	asahi.brep	10356	Ve	representable	1	0	0	0	0	0
free	asahi.brep	10359	Ed	representable	2	1	0	0	0	0
free	asahi.brep	10361	Ve	representable	1	0	0	0	0	0
free	asahi.brep	10362	Ve	representable	1	0	0	0	0	0
free	asahi.brep	10365	Ed	representable	2	1	0	0	0	0
free	asahi.brep	10366	Ve	representable	1	0	0	0	0	0
free	asahi.brep	10369	Ed	representable	2	1	0	0	0	0
free	asahi.brep	10370	Ve	representable	1	0	0	0	0	0
free	asahi.brep	10373	Ed	representable	2	1	0	0	0	0
free	asahi.brep	10374	Ve	representable	1	0	0	0	0	0
free	asahi.brep	10377	Ed	representable	2	1	0	0	0	0
free	asahi.brep	10378	Ve	representable	1	0	0	0	0	0
free	asahi.brep	10381	Ed	representable	2	1	0	0	0	0
free	asahi.brep	10382	Ve	representable	1	0	0	0	0	0
free	asahi.brep	10385	Ed	representable	2	1	0	0	0	0
free	asahi.brep	10386	Ve	representable	1	0	0	0	0	0
free	asahi.brep	10389	Ed	representable	2	1	0	0	0	0
free	asahi.brep	10390	Ve	representable	1	0	0	0	0	0
free	asahi.brep	10393	Ed	representable	2	1	0	0	0	0
free	asahi.brep	10394	Ve	representable	1	0	0	0	0	0
free	asahi.brep	10397	Ed	representable	2	1	0	0	0	0
free	asahi.brep	10398	Ve	representable	1	0	0	0	0	0
free	asahi.brep	10401	Ed	representable	2	1	0	0	0	0
free	asahi.brep	10403	Ve	representable	1	0	0	0	0	0
free	asahi.brep	10404	Ve	representable	1	0	0	0	0	0
free	asahi.brep	10407	Ed	representable	2	1	0	0	0	0
free	asahi.brep	10409	Ve	representable	1	0	0	0	0	0
free	asahi.brep	10410	Ve	representable	1	0	0	0	0	0
free	asahi.brep	10413	Ed	representable	2	1	0	0	0	0
free	asahi.brep	10415	Ve	representable	1	0	0	0	0	0
free	asahi.brep	10416	Ve	representable	1	0	0	0	0	0
free	asahi.brep	10419	Ed	representable	2	1	0	0	0	0
free	asahi.brep	10421	Ve	representable	1	0	0	0	0	0
free	asahi.brep	10422	Ve	representable	1	0	0	0	0	0
free	asahi.brep	10425	Ed	representable	2	1	0	0	0	0
free	asahi.brep	10426	Ve	representable	1	0	0	0	0	0
free	asahi.brep	10429	Ed	representable	2	1	0	0	0	0
free	asahi.brep	10430	Ve	representable	1	0	0	0	0	0
free	asahi.brep	10433	Ed	representable	2	1	0	0	0	0
free	asahi.brep	10434	Ve	representable	1	0	0	0	0	0
free	asahi.brep	10437	Ed	representable	2	1	0	0	0	0
free	asahi.brep	10438	Ve	representable	1	0	0	0	0	0
free	asahi.brep	10441	Ed	representable	2	1	0	0	0	0
free	asahi.brep	10443	Ve	representable	1	0	0	0	0	0
free	asahi.brep	10444	Ve	representable	1	0	0	0	0	0
free	asahi.brep	10447	Ed	representable	2	1	0	0	0	0
free	asahi.brep	10449	Ve	representable	1	0	0	0	0	0
free	asahi.brep	10450	Ve	representable	1	0	0	0	0	0
free	asahi.brep	10453	Ed	representable	2	1	0	0	0	0
free	asahi.brep	10454	Ve	representable	1	0	0	0	0	0
free	asahi.brep	10457	Ed	representable	2	1	0	0	0	0
free	asahi.brep	10458	Ve	representable	1	0	0	0	0	0
free	asahi.brep	10461	Ed	representable	2	1	0	0	0	0
free	asahi.brep	10462	Ve	representable	1	0	0	0	0	0
free	asahi.brep	10465	Ed	representable	2	1	0	0	0	0
free	asahi.brep	10466	Ve	representable	1	0	0	0	0	0
free	asahi.brep	10469	Ed	representable	2	1	0	0	0	0
free	asahi.brep	10471	Ve	representable	1	0	0	0	0	0
free	asahi.brep	10472	Ve	representable	1	0	0	0	0	0
free	asahi.brep	10475	Ed	representable	2	1	0	0	0	0
free	asahi.brep	10477	Ve	representable	1	0	0	0	0	0
free	asahi.brep	10478	Ve	representable	1	0	0	0	0	0
free	asahi.brep	10481	Ed	representable	2	1	0	0	0	0
free	asahi.brep	10482	Ve	representable	1	0	0	0	0	0
free	asahi.brep	10485	Ed	representable	2	1	0	0	0	0
free	asahi.brep	10486	Ve	representable	1	0	0	0	0	0
free	asahi.brep	10489	Ed	representable	2	1	0	0	0	0
free	asahi.brep	10490	Ve	representable	1	0	0	0	0	0
free	asahi.brep	10493	Ed	representable	2	1	0	0	0	0
free	asahi.brep	10494	Ve	representable	1	0	0	0	0	0
free	asahi.brep	10497	Ed	representable	2	1	0	0	0	0
free	asahi.brep	10499	Ve	representable	1	0	0	0	0	0
free	asahi.brep	10500	Ve	representable	1	0	0	0	0	0
free	asahi.brep	10503	Ed	representable	2	1	0	0	0	0
free	asahi.brep	10505	Ve	representable	1	0	0	0	0	0
free	asahi.brep	10506	Ve	representable	1	0	0	0	0	0
free	asahi.brep	10509	Ed	representable	2	1	0	0	0	0
free	asahi.brep	10510	Ve	representable	1	0	0	0	0	0
free	asahi.brep	10513	Ed	representable	2	1	0	0	0	0
free	asahi.brep	10514	Ve	representable	1	0	0	0	0	0
free	asahi.brep	10517	Ed	representable	2	1	0	0	0	0
free	asahi.brep	10518	Ve	representable	1	0	0	0	0	0
free	asahi.brep	10521	Ed	representable	2	1	0	0	0	0
free	asahi.brep	10522	Ve	representable	1	0	0	0	0	0
free	asahi.brep	10525	Ed	representable	2	1	0	0	0	0
free	asahi.brep	10527	Ve	representable	1	0	0	0	0	0
free	asahi.brep	10528	Ve	representable	1	0	0	0	0	0
free	asahi.brep	10531	Ed	representable	2	1	0	0	0	0
free	asahi.brep	10533	Ve	representable	1	0	0	0	0	0
free	asahi.brep	10534	Ve	representable	1	0	0	0	0	0
free	asahi.brep	10537	Ed	representable	2	1	0	0	0	0
free	asahi.brep	10539	Ve	representable	1	0	0	0	0	0
free	asahi.brep	10540	Ve	representable	1	0	0	0	0	0
free	asahi.brep	10543	Ed	representable	2	1	0	0	0	0
free	asahi.brep	10544	Ve	representable	1	0	0	0	0	0
free	asahi.brep	10547	Ed	representable	2	1	0	0	0	0
free	asahi.brep	10548	Ve	representable	1	0	0	0	0	0
free	asahi.brep	10551	Ed	representable	2	1	0	0	0	0
free	asahi.brep	10553	Ve	representable	1	0	0	0	0	0
free	asahi.brep	10554	Ve	representable	1	0	0	0	0	0
free	asahi.brep	10557	Ed	representable	2	1	0	0	0	0
free	asahi.brep	10558	Ve	representable	1	0	0	0	0	0
free	asahi.brep	10561	Ed	representable	2	1	0	0	0	0
free	asahi.brep	10562	Ve	representable	1	0	0	0	0	0
free	asahi.brep	10565	Ed	representable	2	1	0	0	0	0
free	asahi.brep	10566	Ve	representable	1	0	0	0	0	0
free	asahi.brep	10569	Ed	representable	2	1	0	0	0	0
free	asahi.brep	10570	Ve	representable	1	0	0	0	0	0
free	asahi.brep	10573	Ed	representable	2	1	0	0	0	0
free	asahi.brep	10575	Ve	representable	1	0	0	0	0	0
free	asahi.brep	10576	Ve	representable	1	0	0	0	0	0
free	asahi.brep	10579	Ed	representable	2	1	0	0	0	0
free	asahi.brep	10580	Ve	representable	1	0	0	0	0	0
free	asahi.brep	10583	Ed	representable	2	1	0	0	0	0
free	asahi.brep	10584	Ve	representable	1	0	0	0	0	0
free	asahi.brep	10587	Ed	representable	2	1	0	0	0	0
free	asahi.brep	10588	Ve	representable	1	0	0	0	0	0
free	asahi.brep	10591	Ed	representable	2	1	0	0	0	0
free	asahi.brep	10592	Ve	representable	1	0	0	0	0	0
free	asahi.brep	10595	Ed	representable	2	1	0	0	0	0
free	asahi.brep	10596	Ve	representable	1	0	0	0	0	0
free	asahi.brep	10599	Ed	representable	2	1	0	0	0	0
free	asahi.brep	10600	Ve	representable	1	0	0	0	0	0
free	asahi.brep	10603	Ed	representable	2	1	0	0	0	0
free	asahi.brep	10604	Ve	representable	1	0	0	0	0	0
free	asahi.brep	10607	Ed	representable	2	1	0	0	0	0
free	asahi.brep	10608	Ve	representable	1	0	0	0	0	0
free	asahi.brep	10611	Ed	representable	2	1	0	0	0	0
free	asahi.brep	10612	Ve	representable	1	0	0	0	0	0
free	asahi.brep	10615	Ed	representable	2	1	0	0	0	0
free	asahi.brep	10617	Ve	representable	1	0	0	0	0	0
free	asahi.brep	10618	Ve	representable	1	0	0	0	0	0
free	asahi.brep	10621	Ed	representable	2	1	0	0	0	0
free	asahi.brep	10623	Ve	representable	1	0	0	0	0	0
free	asahi.brep	10624	Ve	representable	1	0	0	0	0	0
free	asahi.brep	10627	Ed	representable	2	1	0	0	0	0
free	asahi.brep	10629	Ve	representable	1	0	0	0	0	0
free	asahi.brep	10630	Ve	representable	1	0	0	0	0	0
free	asahi.brep	10633	Ed	representable	2	1	0	0	0	0
free	asahi.brep	10635	Ve	representable	1	0	0	0	0	0
free	asahi.brep	10636	Ve	representable	1	0	0	0	0	0
free	asahi.brep	10639	Ed	representable	2	1	0	0	0	0
free	asahi.brep	10640	Ve	representable	1	0	0	0	0	0
free	asahi.brep	10643	Ed	representable	2	1	0	0	0	0
free	asahi.brep	10644	Ve	representable	1	0	0	0	0	0
free	asahi.brep	10647	Ed	representable	2	1	0	0	0	0
free	asahi.brep	10648	Ve	representable	1	0	0	0	0	0
free	asahi.brep	10651	Ed	representable	2	1	0	0	0	0
free	asahi.brep	10652	Ve	representable	1	0	0	0	0	0
free	asahi.brep	10655	Ed	representable	2	1	0	0	0	0
free	asahi.brep	10656	Ve	representable	1	0	0	0	0	0
free	asahi.brep	10659	Ed	representable	2	1	0	0	0	0
free	asahi.brep	10660	Ve	representable	1	0	0	0	0	0
free	asahi.brep	10663	Ed	representable	2	1	0	0	0	0
free	asahi.brep	10664	Ve	representable	1	0	0	0	0	0
free	asahi.brep	10667	Ed	representable	2	1	0	0	0	0
free	asahi.brep	10668	Ve	representable	1	0	0	0	0	0
free	asahi.brep	10671	Ed	representable	2	1	0	0	0	0
free	asahi.brep	10672	Ve	representable	1	0	0	0	0	0
free	asahi.brep	10675	Ed	representable	2	1	0	0	0	0
free	asahi.brep	10677	Ve	representable	1	0	0	0	0	0
free	asahi.brep	10678	Ve	representable	1	0	0	0	0	0
free	asahi.brep	10681	Ed	representable	2	1	0	0	0	0
free	asahi.brep	10683	Ve	representable	1	0	0	0	0	0
free	asahi.brep	10684	Ve	representable	1	0	0	0	0	0
free	asahi.brep	10687	Ed	representable	2	1	0	0	0	0
free	asahi.brep	10689	Ve	representable	1	0	0	0	0	0
free	asahi.brep	10690	Ve	representable	1	0	0	0	0	0
free	asahi.brep	10693	Ed	representable	2	1	0	0	0	0
free	asahi.brep	10695	Ve	representable	1	0	0	0	0	0
free	asahi.brep	10696	Ve	representable	1	0	0	0	0	0
free	asahi.brep	10699	Ed	representable	2	1	0	0	0	0
free	asahi.brep	10700	Ve	representable	1	0	0	0	0	0
free	asahi.brep	10703	Ed	representable	2	1	0	0	0	0
free	asahi.brep	10704	Ve	representable	1	0	0	0	0	0
free	asahi.brep	10707	Ed	representable	2	1	0	0	0	0
free	asahi.brep	10708	Ve	representable	1	0	0	0	0	0
free	asahi.brep	10711	Ed	representable	2	1	0	0	0	0
free	asahi.brep	10712	Ve	representable	1	0	0	0	0	0
free	asahi.brep	10715	Ed	representable	2	1	0	0	0	0
free	asahi.brep	10716	Ve	representable	1	0	0	0	0	0
free	asahi.brep	10719	Ed	representable	2	1	0	0	0	0
free	asahi.brep	10720	Ve	representable	1	0	0	0	0	0
free	asahi.brep	10723	Ed	representable	2	1	0	0	0	0
free	asahi.brep	10724	Ve	representable	1	0	0	0	0	0
free	asahi.brep	10727	Ed	representable	2	1	0	0	0	0
free	asahi.brep	10729	Ve	representable	1	0	0	0	0	0
free	asahi.brep	10730	Ve	representable	1	0	0	0	0	0
free	asahi.brep	10733	Ed	representable	2	1	0	0	0	0
free	asahi.brep	10734	Ve	representable	1	0	0	0	0	0
free	asahi.brep	10737	Ed	representable	2	1	0	0	0	0
free	asahi.brep	10738	Ve	representable	1	0	0	0	0	0
free	asahi.brep	10741	Ed	representable	2	1	0	0	0	0
free	asahi.brep	10742	Ve	representable	1	0	0	0	0	0
free	asahi.brep	10745	Ed	representable	2	1	0	0	0	0
free	asahi.brep	10747	Ve	representable	1	0	0	0	0	0
free	asahi.brep	10748	Ve	representable	1	0	0	0	0	0
free	asahi.brep	10751	Ed	representable	2	1	0	0	0	0
free	asahi.brep	10752	Ve	representable	1	0	0	0	0	0
free	asahi.brep	10755	Ed	representable	2	1	0	0	0	0
free	asahi.brep	10756	Ve	representable	1	0	0	0	0	0
free	asahi.brep	10759	Ed	representable	2	1	0	0	0	0
free	asahi.brep	10761	Ve	representable	1	0	0	0	0	0
free	asahi.brep	10762	Ve	representable	1	0	0	0	0	0
free	asahi.brep	10765	Ed	representable	2	1	0	0	0	0
free	asahi.brep	10766	Ve	representable	1	0	0	0	0	0
free	asahi.brep	10769	Ed	representable	2	1	0	0	0	0
free	asahi.brep	10770	Ve	representable	1	0	0	0	0	0
free	asahi.brep	10773	Ed	representable	2	1	0	0	0	0
free	asahi.brep	10775	Ve	representable	1	0	0	0	0	0
free	asahi.brep	10776	Ve	representable	1	0	0	0	0	0
free	asahi.brep	10779	Ed	representable	2	1	0	0	0	0
free	asahi.brep	10780	Ve	representable	1	0	0	0	0	0
free	asahi.brep	10783	Ed	representable	2	1	0	0	0	0
free	asahi.brep	10784	Ve	representable	1	0	0	0	0	0
free	asahi.brep	10787	Ed	representable	2	1	0	0	0	0
free	asahi.brep	10788	Ve	representable	1	0	0	0	0	0
free	asahi.brep	10791	Ed	representable	2	1	0	0	0	0
free	asahi.brep	10792	Ve	representable	1	0	0	0	0	0
free	asahi.brep	10795	Ed	representable	2	1	0	0	0	0
free	asahi.brep	10796	Ve	representable	1	0	0	0	0	0
free	asahi.brep	10799	Ed	representable	2	1	0	0	0	0
free	asahi.brep	10800	Ve	representable	1	0	0	0	0	0
free	asahi.brep	10803	Ed	representable	2	1	0	0	0	0
free	asahi.brep	10805	Ve	representable	1	0	0	0	0	0
free	asahi.brep	10806	Ve	representable	1	0	0	0	0	0
free	asahi.brep	10809	Ed	representable	2	1	0	0	0	0
free	asahi.brep	10810	Ve	representable	1	0	0	0	0	0
free	asahi.brep	10813	Ed	representable	2	1	0	0	0	0
free	asahi.brep	10814	Ve	representable	1	0	0	0	0	0
free	asahi.brep	10817	Ed	representable	2	1	0	0	0	0
free	asahi.brep	10818	Ve	representable	1	0	0	0	0	0
free	asahi.brep	10821	Ed	representable	2	1	0	0	0	0
free	asahi.brep	10823	Ve	representable	1	0	0	0	0	0
free	asahi.brep	10824	Ve	representable	1	0	0	0	0	0
free	asahi.brep	10827	Ed	representable	2	1	0	0	0	0
free	asahi.brep	10828	Ve	representable	1	0	0	0	0	0
free	asahi.brep	10831	Ed	representable	2	1	0	0	0	0
free	asahi.brep	10832	Ve	representable	1	0	0	0	0	0
free	asahi.brep	10835	Ed	representable	2	1	0	0	0	0
free	asahi.brep	10836	Ve	representable	1	0	0	0	0	0
free	asahi.brep	10839	Ed	representable	2	1	0	0	0	0
free	asahi.brep	10840	Ve	representable	1	0	0	0	0	0
free	asahi.brep	10843	Ed	representable	2	1	0	0	0	0
free	asahi.brep	10844	Ve	representable	1	0	0	0	0	0
free	asahi.brep	10847	Ed	representable	2	1	0	0	0	0
free	asahi.brep	10849	Ve	representable	1	0	0	0	0	0
free	asahi.brep	10850	Ve	representable	1	0	0	0	0	0
free	asahi.brep	10853	Ed	representable	2	1	0	0	0	0
free	asahi.brep	10855	Ve	representable	1	0	0	0	0	0
free	asahi.brep	10856	Ve	representable	1	0	0	0	0	0
free	asahi.brep	10859	Ed	representable	2	1	0	0	0	0
free	asahi.brep	10860	Ve	representable	1	0	0	0	0	0
free	asahi.brep	10863	Ed	representable	2	1	0	0	0	0
free	asahi.brep	10864	Ve	representable	1	0	0	0	0	0
free	asahi.brep	10867	Ed	representable	2	1	0	0	0	0
free	asahi.brep	10868	Ve	representable	1	0	0	0	0	0
free	asahi.brep	10871	Ed	representable	2	1	0	0	0	0
free	asahi.brep	10872	Ve	representable	1	0	0	0	0	0
free	asahi.brep	10875	Ed	representable	2	1	0	0	0	0
free	asahi.brep	10876	Ve	representable	1	0	0	0	0	0
free	asahi.brep	10879	Ed	representable	2	1	0	0	0	0
free	asahi.brep	10881	Ve	representable	1	0	0	0	0	0
free	asahi.brep	10882	Ve	representable	1	0	0	0	0	0
free	asahi.brep	10885	Ed	representable	2	1	0	0	0	0
free	asahi.brep	10887	Ve	representable	1	0	0	0	0	0
free	asahi.brep	10888	Ve	representable	1	0	0	0	0	0
free	asahi.brep	10891	Ed	representable	2	1	0	0	0	0
free	asahi.brep	10892	Ve	representable	1	0	0	0	0	0
free	asahi.brep	10895	Ed	representable	2	1	0	0	0	0
free	asahi.brep	10896	Ve	representable	1	0	0	0	0	0
free	asahi.brep	10899	Ed	representable	2	1	0	0	0	0
free	asahi.brep	10900	Ve	representable	1	0	0	0	0	0
free	asahi.brep	10903	Ed	representable	2	1	0	0	0	0
free	asahi.brep	10904	Ve	representable	1	0	0	0	0	0
free	asahi.brep	10907	Ed	representable	2	1	0	0	0	0
free	asahi.brep	10908	Ve	representable	1	0	0	0	0	0
free	asahi.brep	10911	Ed	representable	2	1	0	0	0	0
free	asahi.brep	10913	Ve	representable	1	0	0	0	0	0
free	asahi.brep	10914	Ve	representable	1	0	0	0	0	0
free	asahi.brep	10917	Ed	representable	2	1	0	0	0	0
free	asahi.brep	10919	Ve	representable	1	0	0	0	0	0
free	asahi.brep	10920	Ve	representable	1	0	0	0	0	0
free	asahi.brep	10923	Ed	representable	2	1	0	0	0	0
free	asahi.brep	10924	Ve	representable	1	0	0	0	0	0
free	asahi.brep	10927	Ed	representable	2	1	0	0	0	0
free	asahi.brep	10928	Ve	representable	1	0	0	0	0	0
free	asahi.brep	10931	Ed	representable	2	1	0	0	0	0
free	asahi.brep	10932	Ve	representable	1	0	0	0	0	0
free	asahi.brep	10935	Ed	representable	2	1	0	0	0	0
free	asahi.brep	10936	Ve	representable	1	0	0	0	0	0
free	asahi.brep	10939	Ed	representable	2	1	0	0	0	0
free	asahi.brep	10940	Ve	representable	1	0	0	0	0	0
free	asahi.brep	10943	Ed	representable	2	1	0	0	0	0
free	asahi.brep	10945	Ve	representable	1	0	0	0	0	0
free	asahi.brep	10946	Ve	representable	1	0	0	0	0	0
free	asahi.brep	10949	Ed	representable	2	1	0	0	0	0
free	asahi.brep	10951	Ve	representable	1	0	0	0	0	0
free	asahi.brep	10952	Ve	representable	1	0	0	0	0	0
free	asahi.brep	10955	Ed	representable	2	1	0	0	0	0
free	asahi.brep	10956	Ve	representable	1	0	0	0	0	0
free	asahi.brep	10959	Ed	representable	2	1	0	0	0	0
free	asahi.brep	10960	Ve	representable	1	0	0	0	0	0
free	asahi.brep	10963	Ed	representable	2	1	0	0	0	0
free	asahi.brep	10964	Ve	representable	1	0	0	0	0	0
free	asahi.brep	10967	Ed	representable	2	1	0	0	0	0
free	asahi.brep	10968	Ve	representable	1	0	0	0	0	0
free	asahi.brep	10971	Ed	representable	2	1	0	0	0	0
free	asahi.brep	10972	Ve	representable	1	0	0	0	0	0
free	asahi.brep	10975	Ed	representable	2	1	0	0	0	0
free	asahi.brep	10977	Ve	representable	1	0	0	0	0	0
free	asahi.brep	10978	Ve	representable	1	0	0	0	0	0
free	asahi.brep	10981	Ed	representable	2	1	0	0	0	0
free	asahi.brep	10983	Ve	representable	1	0	0	0	0	0
free	asahi.brep	10984	Ve	representable	1	0	0	0	0	0
free	asahi.brep	10987	Ed	representable	2	1	0	0	0	0
free	asahi.brep	10988	Ve	representable	1	0	0	0	0	0
free	asahi.brep	10991	Ed	representable	2	1	0	0	0	0
free	asahi.brep	10992	Ve	representable	1	0	0	0	0	0
free	asahi.brep	10995	Ed	representable	2	1	0	0	0	0
free	asahi.brep	10996	Ve	representable	1	0	0	0	0	0
free	asahi.brep	10999	Ed	representable	2	1	0	0	0	0
free	asahi.brep	11000	Ve	representable	1	0	0	0	0	0
free	asahi.brep	11003	Ed	representable	2	1	0	0	0	0
free	asahi.brep	11004	Ve	representable	1	0	0	0	0	0
free	asahi.brep	11007	Ed	representable	2	1	0	0	0	0
free	asahi.brep	11009	Ve	representable	1	0	0	0	0	0
free	asahi.brep	11010	Ve	representable	1	0	0	0	0	0
free	asahi.brep	11013	Ed	representable	2	1	0	0	0	0
free	asahi.brep	11014	Ve	representable	1	0	0	0	0	0
free	asahi.brep	11017	Ed	representable	2	1	0	0	0	0
free	asahi.brep	11019	Ve	representable	1	0	0	0	0	0
free	asahi.brep	11020	Ve	representable	1	0	0	0	0	0
free	asahi.brep	11023	Ed	representable	2	1	0	0	0	0
free	asahi.brep	11024	Ve	representable	1	0	0	0	0	0
free	asahi.brep	11027	Ed	representable	2	1	0	0	0	0
free	asahi.brep	11028	Ve	representable	1	0	0	0	0	0
free	asahi.brep	11031	Ed	representable	2	1	0	0	0	0
free	asahi.brep	11032	Ve	representable	1	0	0	0	0	0
free	asahi.brep	11035	Ed	representable	2	1	0	0	0	0
free	asahi.brep	11037	Ve	representable	1	0	0	0	0	0
free	asahi.brep	11038	Ve	representable	1	0	0	0	0	0
free	asahi.brep	11041	Ed	representable	2	1	0	0	0	0
free	asahi.brep	11042	Ve	representable	1	0	0	0	0	0
free	asahi.brep	11045	Ed	representable	2	1	0	0	0	0
free	asahi.brep	11046	Ve	representable	1	0	0	0	0	0
free	asahi.brep	11049	Ed	representable	2	1	0	0	0	0
free	asahi.brep	11050	Ve	representable	1	0	0	0	0	0
free	asahi.brep	11053	Ed	representable	2	1	0	0	0	0
free	asahi.brep	11054	Ve	representable	1	0	0	0	0	0
free	asahi.brep	11057	Ed	representable	2	1	0	0	0	0
free	asahi.brep	11058	Ve	representable	1	0	0	0	0	0
free	asahi.brep	11061	Ed	representable	2	1	0	0	0	0
free	asahi.brep	11062	Ve	representable	1	0	0	0	0	0
free	asahi.brep	11065	Ed	representable	2	1	0	0	0	0
free	asahi.brep	11067	Ve	representable	1	0	0	0	0	0
free	asahi.brep	11068	Ve	representable	1	0	0	0	0	0
free	asahi.brep	11071	Ed	representable	2	1	0	0	0	0
free	asahi.brep	11072	Ve	representable	1	0	0	0	0	0
free	asahi.brep	11075	Ed	representable	2	1	0	0	0	0
free	asahi.brep	11076	Ve	representable	1	0	0	0	0	0
free	asahi.brep	11079	Ed	representable	2	1	0	0	0	0
free	asahi.brep	11080	Ve	representable	1	0	0	0	0	0
free	asahi.brep	11083	Ed	representable	2	1	0	0	0	0
free	asahi.brep	11085	Ve	representable	1	0	0	0	0	0
free	asahi.brep	11086	Ve	representable	1	0	0	0	0	0
free	asahi.brep	11089	Ed	representable	2	1	0	0	0	0
free	asahi.brep	11090	Ve	representable	1	0	0	0	0	0
free	asahi.brep	11093	Ed	representable	2	1	0	0	0	0
free	asahi.brep	11095	Ve	representable	1	0	0	0	0	0
free	asahi.brep	11096	Ve	representable	1	0	0	0	0	0
free	asahi.brep	11099	Ed	representable	2	1	0	0	0	0
free	asahi.brep	11100	Ve	representable	1	0	0	0	0	0
free	asahi.brep	11103	Ed	representable	2	1	0	0	0	0
free	asahi.brep	11104	Ve	representable	1	0	0	0	0	0
free	asahi.brep	11107	Ed	representable	2	1	0	0	0	0
free	asahi.brep	11108	Ve	representable	1	0	0	0	0	0
free	asahi.brep	11111	Ed	representable	2	1	0	0	0	0
free	asahi.brep	11112	Ve	representable	1	0	0	0	0	0
free	asahi.brep	11115	Ed	representable	2	1	0	0	0	0
free	asahi.brep	11116	Ve	representable	1	0	0	0	0	0
free	asahi.brep	11119	Ed	representable	2	1	0	0	0	0
free	asahi.brep	11120	Ve	representable	1	0	0	0	0	0
free	asahi.brep	11123	Ed	representable	2	1	0	0	0	0
free	asahi.brep	11124	Ve	representable	1	0	0	0	0	0
free	asahi.brep	11127	Ed	representable	2	1	0	0	0	0
free	asahi.brep	11128	Ve	representable	1	0	0	0	0	0
free	asahi.brep	11131	Ed	representable	2	1	0	0	0	0
free	asahi.brep	11132	Ve	representable	1	0	0	0	0	0
free	asahi.brep	11135	Ed	representable	2	1	0	0	0	0
free	asahi.brep	11136	Ve	representable	1	0	0	0	0	0
free	asahi.brep	11139	Ed	representable	2	1	0	0	0	0
free	asahi.brep	11140	Ve	representable	1	0	0	0	0	0
free	asahi.brep	11143	Ed	representable	2	1	0	0	0	0
free	asahi.brep	11144	Ve	representable	1	0	0	0	0	0
free	asahi.brep	11147	Ed	representable	2	1	0	0	0	0
free	asahi.brep	11148	Ve	representable	1	0	0	0	0	0
free	asahi.brep	11151	Ed	representable	2	1	0	0	0	0
free	asahi.brep	11152	Ve	representable	1	0	0	0	0	0
free	asahi.brep	11155	Ed	representable	2	1	0	0	0	0
free	asahi.brep	11156	Ve	representable	1	0	0	0	0	0
free	asahi.brep	11159	Ed	representable	2	1	0	0	0	0
free	asahi.brep	11160	Ve	representable	1	0	0	0	0	0
free	asahi.brep	11163	Ed	representable	2	1	0	0	0	0
free	asahi.brep	11165	Ve	representable	1	0	0	0	0	0
free	asahi.brep	11166	Ve	representable	1	0	0	0	0	0
free	asahi.brep	11169	Ed	representable	2	1	0	0	0	0
free	asahi.brep	11170	Ve	representable	1	0	0	0	0	0
free	asahi.brep	11173	Ed	representable	2	1	0	0	0	0
free	asahi.brep	11174	Ve	representable	1	0	0	0	0	0
free	asahi.brep	11177	Ed	representable	2	1	0	0	0	0
free	asahi.brep	11179	Ve	representable	1	0	0	0	0	0
free	asahi.brep	11180	Ve	representable	1	0	0	0	0	0
free	asahi.brep	11183	Ed	representable	2	1	0	0	0	0
free	asahi.brep	11184	Ve	representable	1	0	0	0	0	0
free	asahi.brep	11187	Ed	representable	2	1	0	0	0	0
free	asahi.brep	11188	Ve	representable	1	0	0	0	0	0
free	asahi.brep	11191	Ed	representable	2	1	0	0	0	0
free	asahi.brep	11192	Ve	representable	1	0	0	0	0	0
free	asahi.brep	11195	Ed	representable	2	1	0	0	0	0
free	asahi.brep	11196	Ve	representable	1	0	0	0	0	0
free	asahi.brep	11199	Ed	representable	2	1	0	0	0	0
free	asahi.brep	11200	Ve	representable	1	0	0	0	0	0
free	asahi.brep	11203	Ed	representable	2	1	0	0	0	0
free	asahi.brep	11204	Ve	representable	1	0	0	0	0	0
free	asahi.brep	11207	Ed	representable	2	1	0	0	0	0
free	asahi.brep	11208	Ve	representable	1	0	0	0	0	0
free	asahi.brep	11211	Ed	representable	2	1	0	0	0	0
free	asahi.brep	11212	Ve	representable	1	0	0	0	0	0
free	asahi.brep	11215	Ed	representable	2	1	0	0	0	0
free	asahi.brep	11216	Ve	representable	1	0	0	0	0	0
free	asahi.brep	11219	Ed	representable	2	1	0	0	0	0
free	asahi.brep	11220	Ve	representable	1	0	0	0	0	0
free	asahi.brep	11223	Ed	representable	2	1	0	0	0	0
free	asahi.brep	11224	Ve	representable	1	0	0	0	0	0
free	asahi.brep	11227	Ed	representable	2	1	0	0	0	0
free	asahi.brep	11229	Ve	representable	1	0	0	0	0	0
free	asahi.brep	11230	Ve	representable	1	0	0	0	0	0
free	asahi.brep	11233	Ed	representable	2	1	0	0	0	0
free	asahi.brep	11234	Ve	representable	1	0	0	0	0	0
free	asahi.brep	11237	Ed	representable	2	1	0	0	0	0
free	asahi.brep	11238	Ve	representable	1	0	0	0	0	0
free	asahi.brep	11241	Ed	representable	2	1	0	0	0	0
free	asahi.brep	11242	Ve	representable	1	0	0	0	0	0
free	asahi.brep	11245	Ed	representable	2	1	0	0	0	0
free	asahi.brep	11246	Ve	representable	1	0	0	0	0	0
free	asahi.brep	11249	Ed	representable	2	1	0	0	0	0
free	asahi.brep	11250	Ve	representable	1	0	0	0	0	0
free	asahi.brep	11253	Ed	representable	2	1	0	0	0	0
free	asahi.brep	11254	Ve	representable	1	0	0	0	0	0
free	asahi.brep	11257	Ed	representable	2	1	0	0	0	0
free	asahi.brep	11258	Ve	representable	1	0	0	0	0	0
free	asahi.brep	11261	Ed	representable	2	1	0	0	0	0
free	asahi.brep	11263	Ve	representable	1	0	0	0	0	0
free	asahi.brep	11264	Ve	representable	1	0	0	0	0	0
free	asahi.brep	11267	Ed	representable	2	1	0	0	0	0
free	asahi.brep	11268	Ve	representable	1	0	0	0	0	0
free	asahi.brep	11271	Ed	representable	2	1	0	0	0	0
free	asahi.brep	11272	Ve	representable	1	0	0	0	0	0
free	asahi.brep	11275	Ed	representable	2	1	0	0	0	0
free	asahi.brep	11276	Ve	representable	1	0	0	0	0	0
free	asahi.brep	11279	Ed	representable	2	1	0	0	0	0
free	asahi.brep	11280	Ve	representable	1	0	0	0	0	0
free	asahi.brep	11283	Ed	representable	2	1	0	0	0	0
free	asahi.brep	11284	Ve	representable	1	0	0	0	0	0
free	asahi.brep	11287	Ed	representable	2	1	0	0	0	0
free	asahi.brep	11289	Ve	representable	1	0	0	0	0	0
free	asahi.brep	11290	Ve	representable	1	0	0	0	0	0
free	asahi.brep	11293	Ed	representable	2	1	0	0	0	0
free	asahi.brep	11294	Ve	representable	1	0	0	0	0	0
free	asahi.brep	11297	Ed	representable	2	1	0	0	0	0
free	asahi.brep	11298	Ve	representable	1	0	0	0	0	0
free	asahi.brep	11301	Ed	representable	2	1	0	0	0	0
free	asahi.brep	11302	Ve	representable	1	0	0	0	0	0
free	asahi.brep	11305	Ed	representable	2	1	0	0	0	0
free	asahi.brep	11306	Ve	representable	1	0	0	0	0	0
free	asahi.brep	11309	Ed	representable	2	1	0	0	0	0
free	asahi.brep	11310	Ve	representable	1	0	0	0	0	0
free	asahi.brep	11313	Ed	representable	2	1	0	0	0	0
free	asahi.brep	11315	Ve	representable	1	0	0	0	0	0
free	asahi.brep	11316	Ve	representable	1	0	0	0	0	0
free	asahi.brep	11319	Ed	representable	2	1	0	0	0	0
free	asahi.brep	11320	Ve	representable	1	0	0	0	0	0
free	asahi.brep	11323	Ed	representable	2	1	0	0	0	0
free	asahi.brep	11324	Ve	representable	1	0	0	0	0	0
free	asahi.brep	11327	Ed	representable	2	1	0	0	0	0
free	asahi.brep	11328	Ve	representable	1	0	0	0	0	0
free	asahi.brep	11331	Ed	representable	2	1	0	0	0	0
free	asahi.brep	11332	Ve	representable	1	0	0	0	0	0
free	asahi.brep	11335	Ed	representable	2	1	0	0	0	0
free	asahi.brep	11336	Ve	representable	1	0	0	0	0	0
free	asahi.brep	11339	Ed	representable	2	1	0	0	0	0
free	asahi.brep	11340	Ve	representable	1	0	0	0	0	0
free	asahi.brep	11343	Ed	representable	2	1	0	0	0	0
free	asahi.brep	11344	Ve	representable	1	0	0	0	0	0
free	asahi.brep	11347	Ed	representable	2	1	0	0	0	0
free	asahi.brep	11348	Ve	representable	1	0	0	0	0	0
free	asahi.brep	11351	Ed	representable	2	1	0	0	0	0
free	asahi.brep	11352	Ve	representable	1	0	0	0	0	0
free	asahi.brep	11355	Ed	representable	2	1	0	0	0	0
free	asahi.brep	11356	Ve	representable	1	0	0	0	0	0
free	asahi.brep	11359	Ed	representable	2	1	0	0	0	0
free	asahi.brep	11361	Ve	representable	1	0	0	0	0	0
free	asahi.brep	11362	Ve	representable	1	0	0	0	0	0
free	asahi.brep	11365	Ed	representable	2	1	0	0	0	0
free	asahi.brep	11366	Ve	representable	1	0	0	0	0	0
free	asahi.brep	11369	Ed	representable	2	1	0	0	0	0
free	asahi.brep	11370	Ve	representable	1	0	0	0	0	0
free	asahi.brep	11373	Ed	representable	2	1	0	0	0	0
free	asahi.brep	11374	Ve	representable	1	0	0	0	0	0
free	asahi.brep	11377	Ed	representable	2	1	0	0	0	0
free	asahi.brep	11378	Ve	representable	1	0	0	0	0	0
free	asahi.brep	11381	Ed	representable	2	1	0	0	0	0
free	asahi.brep	11382	Ve	representable	1	0	0	0	0	0
free	asahi.brep	11385	Ed	representable	2	1	0	0	0	0
free	asahi.brep	11386	Ve	representable	1	0	0	0	0	0
free	asahi.brep	11389	Ed	representable	2	1	0	0	0	0
free	asahi.brep	11390	Ve	representable	1	0	0	0	0	0
free	asahi.brep	11393	Ed	representable	2	1	0	0	0	0
free	asahi.brep	11394	Ve	representable	1	0	0	0	0	0
free	asahi.brep	11397	Ed	representable	2	1	0	0	0	0
free	asahi.brep	11399	Ve	representable	1	0	0	0	0	0
free	asahi.brep	11400	Ve	representable	1	0	0	0	0	0
free	asahi.brep	11403	Ed	representable	2	1	0	0	0	0
free	asahi.brep	11404	Ve	representable	1	0	0	0	0	0
free	asahi.brep	11407	Ed	representable	2	1	0	0	0	0
free	asahi.brep	11408	Ve	representable	1	0	0	0	0	0
free	asahi.brep	11411	Ed	representable	2	1	0	0	0	0
free	asahi.brep	11412	Ve	representable	1	0	0	0	0	0
free	asahi.brep	11415	Ed	representable	2	1	0	0	0	0
free	asahi.brep	11416	Ve	representable	1	0	0	0	0	0
free	asahi.brep	11419	Ed	representable	2	1	0	0	0	0
free	asahi.brep	11420	Ve	representable	1	0	0	0	0	0
free	asahi.brep	11423	Ed	representable	2	1	0	0	0	0
free	asahi.brep	11425	Ve	representable	1	0	0	0	0	0
free	asahi.brep	11426	Ve	representable	1	0	0	0	0	0
free	asahi.brep	11429	Ed	representable	2	1	0	0	0	0
free	asahi.brep	11430	Ve	representable	1	0	0	0	0	0
free	asahi.brep	11433	Ed	representable	2	1	0	0	0	0
free	asahi.brep	11434	Ve	representable	1	0	0	0	0	0
free	asahi.brep	11437	Ed	representable	2	1	0	0	0	0
free	asahi.brep	11439	Ve	representable	1	0	0	0	0	0
free	asahi.brep	11440	Ve	representable	1	0	0	0	0	0
free	asahi.brep	11443	Ed	representable	2	1	0	0	0	0
free	asahi.brep	11444	Ve	representable	1	0	0	0	0	0
free	asahi.brep	11447	Ed	representable	2	1	0	0	0	0
free	asahi.brep	11448	Ve	representable	1	0	0	0	0	0
free	asahi.brep	11451	Ed	representable	2	1	0	0	0	0
free	asahi.brep	11452	Ve	representable	1	0	0	0	0	0
free	asahi.brep	11455	Ed	representable	2	1	0	0	0	0
free	asahi.brep	11456	Ve	representable	1	0	0	0	0	0
free	asahi.brep	11459	Ed	representable	2	1	0	0	0	0
free	asahi.brep	11460	Ve	representable	1	0	0	0	0	0
free	asahi.brep	11463	Ed	representable	2	1	0	0	0	0
free	asahi.brep	11465	Ve	representable	1	0	0	0	0	0
free	asahi.brep	11466	Ve	representable	1	0	0	0	0	0
free	asahi.brep	11469	Ed	representable	2	1	0	0	0	0
free	asahi.brep	11470	Ve	representable	1	0	0	0	0	0
free	asahi.brep	11473	Ed	representable	2	1	0	0	0	0
free	asahi.brep	11475	Ve	representable	1	0	0	0	0	0
free	asahi.brep	11476	Ve	representable	1	0	0	0	0	0
free	asahi.brep	11479	Ed	representable	2	1	0	0	0	0
free	asahi.brep	11480	Ve	representable	1	0	0	0	0	0
free	asahi.brep	11483	Ed	representable	2	1	0	0	0	0
free	asahi.brep	11484	Ve	representable	1	0	0	0	0	0
free	asahi.brep	11487	Ed	representable	2	1	0	0	0	0
free	asahi.brep	11488	Ve	representable	1	0	0	0	0	0
free	asahi.brep	11491	Ed	representable	2	1	0	0	0	0
free	asahi.brep	11492	Ve	representable	1	0	0	0	0	0
free	asahi.brep	11495	Ed	representable	2	1	0	0	0	0
free	asahi.brep	11496	Ve	representable	1	0	0	0	0	0
free	asahi.brep	11499	Ed	representable	2	1	0	0	0	0
free	asahi.brep	11501	Ve	representable	1	0	0	0	0	0
free	asahi.brep	11502	Ve	representable	1	0	0	0	0	0
free	asahi.brep	11505	Ed	representable	2	1	0	0	0	0
free	asahi.brep	11506	Ve	representable	1	0	0	0	0	0
free	asahi.brep	11509	Ed	representable	2	1	0	0	0	0
free	asahi.brep	11510	Ve	representable	1	0	0	0	0	0
free	asahi.brep	11513	Ed	representable	2	1	0	0	0	0
free	asahi.brep	11515	Ve	representable	1	0	0	0	0	0
free	asahi.brep	11516	Ve	representable	1	0	0	0	0	0
free	asahi.brep	11519	Ed	representable	2	1	0	0	0	0
free	asahi.brep	11520	Ve	representable	1	0	0	0	0	0
free	asahi.brep	11523	Ed	representable	2	1	0	0	0	0
free	asahi.brep	11524	Ve	representable	1	0	0	0	0	0
free	asahi.brep	11527	Ed	representable	2	1	0	0	0	0
free	asahi.brep	11528	Ve	representable	1	0	0	0	0	0
free	asahi.brep	11531	Ed	representable	2	1	0	0	0	0
free	asahi.brep	11532	Ve	representable	1	0	0	0	0	0
free	asahi.brep	11535	Ed	representable	2	1	0	0	0	0
free	asahi.brep	11536	Ve	representable	1	0	0	0	0	0
free	asahi.brep	11539	Ed	representable	2	1	0	0	0	0
free	asahi.brep	11541	Ve	representable	1	0	0	0	0	0
free	asahi.brep	11542	Ve	representable	1	0	0	0	0	0
free	asahi.brep	11545	Ed	representable	2	1	0	0	0	0
free	asahi.brep	11546	Ve	representable	1	0	0	0	0	0
free	asahi.brep	11549	Ed	representable	2	1	0	0	0	0
free	asahi.brep	11551	Ve	representable	1	0	0	0	0	0
free	asahi.brep	11552	Ve	representable	1	0	0	0	0	0
free	asahi.brep	11555	Ed	representable	2	1	0	0	0	0
free	asahi.brep	11556	Ve	representable	1	0	0	0	0	0
free	asahi.brep	11559	Ed	representable	2	1	0	0	0	0
free	asahi.brep	11560	Ve	representable	1	0	0	0	0	0
free	asahi.brep	11563	Ed	representable	2	1	0	0	0	0
free	asahi.brep	11564	Ve	representable	1	0	0	0	0	0
free	asahi.brep	11567	Ed	representable	2	1	0	0	0	0
free	asahi.brep	11568	Ve	representable	1	0	0	0	0	0
free	asahi.brep	11571	Ed	representable	2	1	0	0	0	0
free	asahi.brep	11572	Ve	representable	1	0	0	0	0	0
free	asahi.brep	11575	Ed	representable	2	1	0	0	0	0
free	asahi.brep	11576	Ve	representable	1	0	0	0	0	0
free	asahi.brep	11579	Ed	representable	2	1	0	0	0	0
free	asahi.brep	11580	Ve	representable	1	0	0	0	0	0
free	asahi.brep	11583	Ed	representable	2	1	0	0	0	0
free	asahi.brep	11584	Ve	representable	1	0	0	0	0	0
free	asahi.brep	11587	Ed	representable	2	1	0	0	0	0
free	asahi.brep	11588	Ve	representable	1	0	0	0	0	0
free	asahi.brep	11591	Ed	representable	2	1	0	0	0	0
free	asahi.brep	11592	Ve	representable	1	0	0	0	0	0
free	asahi.brep	11595	Ed	representable	2	1	0	0	0	0
free	asahi.brep	11596	Ve	representable	1	0	0	0	0	0
free	asahi.brep	11599	Ed	representable	2	1	0	0	0	0
free	asahi.brep	11600	Ve	representable	1	0	0	0	0	0
free	asahi.brep	11603	Ed	representable	2	1	0	0	0	0
free	asahi.brep	11605	Ve	representable	1	0	0	0	0	0
free	asahi.brep	11606	Ve	representable	1	0	0	0	0	0
free	asahi.brep	11609	Ed	representable	2	1	0	0	0	0
free	asahi.brep	11610	Ve	representable	1	0	0	0	0	0
free	asahi.brep	11613	Ed	representable	2	1	0	0	0	0
free	asahi.brep	11614	Ve	representable	1	0	0	0	0	0
free	asahi.brep	11617	Ed	representable	2	1	0	0	0	0
free	asahi.brep	11618	Ve	representable	1	0	0	0	0	0
free	asahi.brep	11621	Ed	representable	2	1	0	0	0	0
free	asahi.brep	11622	Ve	representable	1	0	0	0	0	0
free	asahi.brep	11625	Ed	representable	2	1	0	0	0	0
free	asahi.brep	11626	Ve	representable	1	0	0	0	0	0
free	asahi.brep	11629	Ed	representable	2	1	0	0	0	0
free	asahi.brep	11630	Ve	representable	1	0	0	0	0	0
free	asahi.brep	11633	Ed	representable	2	1	0	0	0	0
free	asahi.brep	11634	Ve	representable	1	0	0	0	0	0
free	asahi.brep	11637	Ed	representable	2	1	0	0	0	0
free	asahi.brep	11638	Ve	representable	1	0	0	0	0	0
free	asahi.brep	11641	Ed	representable	2	1	0	0	0	0
free	asahi.brep	11643	Ve	representable	1	0	0	0	0	0
free	asahi.brep	11644	Ve	representable	1	0	0	0	0	0
free	asahi.brep	11647	Ed	representable	2	1	0	0	0	0
free	asahi.brep	11648	Ve	representable	1	0	0	0	0	0
free	asahi.brep	11651	Ed	representable	2	1	0	0	0	0
free	asahi.brep	11652	Ve	representable	1	0	0	0	0	0
free	asahi.brep	11655	Ed	representable	2	1	0	0	0	0
free	asahi.brep	11656	Ve	representable	1	0	0	0	0	0
free	asahi.brep	11659	Ed	representable	2	1	0	0	0	0
free	asahi.brep	11660	Ve	representable	1	0	0	0	0	0
free	asahi.brep	11663	Ed	representable	2	1	0	0	0	0
free	asahi.brep	11664	Ve	representable	1	0	0	0	0	0
free	asahi.brep	11667	Ed	representable	2	1	0	0	0	0
free	asahi.brep	11668	Ve	representable	1	0	0	0	0	0
free	asahi.brep	11671	Ed	representable	2	1	0	0	0	0
free	asahi.brep	11672	Ve	representable	1	0	0	0	0	0
free	asahi.brep	11675	Ed	representable	2	1	0	0	0	0
free	asahi.brep	11676	Ve	representable	1	0	0	0	0	0
free	asahi.brep	11679	Ed	representable	2	1	0	0	0	0
free	asahi.brep	11680	Ve	representable	1	0	0	0	0	0
free	asahi.brep	11683	Ed	representable	2	1	0	0	0	0
free	asahi.brep	11684	Ve	representable	1	0	0	0	0	0
free	asahi.brep	11687	Ed	representable	2	1	0	0	0	0
free	asahi.brep	11689	Ve	representable	1	0	0	0	0	0
free	asahi.brep	11690	Ve	representable	1	0	0	0	0	0
free	asahi.brep	11693	Ed	representable	2	1	0	0	0	0
free	asahi.brep	11694	Ve	representable	1	0	0	0	0	0
free	asahi.brep	11697	Ed	representable	2	1	0	0	0	0
free	asahi.brep	11698	Ve	representable	1	0	0	0	0	0
free	asahi.brep	11701	Ed	representable	2	1	0	0	0	0
free	asahi.brep	11702	Ve	representable	1	0	0	0	0	0
free	asahi.brep	11705	Ed	representable	2	1	0	0	0	0
free	asahi.brep	11706	Ve	representable	1	0	0	0	0	0
free	asahi.brep	11709	Ed	representable	2	1	0	0	0	0
free	asahi.brep	11710	Ve	representable	1	0	0	0	0	0
free	asahi.brep	11713	Ed	representable	2	1	0	0	0	0
free	asahi.brep	11714	Ve	representable	1	0	0	0	0	0
free	asahi.brep	11717	Ed	representable	2	1	0	0	0	0
free	asahi.brep	11718	Ve	representable	1	0	0	0	0	0
free	asahi.brep	11721	Ed	representable	2	1	0	0	0	0
free	asahi.brep	11722	Ve	representable	1	0	0	0	0	0
free	asahi.brep	11725	Ed	representable	2	1	0	0	0	0
free	asahi.brep	11726	Ve	representable	1	0	0	0	0	0
free	asahi.brep	11729	Ed	representable	2	1	0	0	0	0
free	asahi.brep	11730	Ve	representable	1	0	0	0	0	0
free	asahi.brep	11733	Ed	representable	2	1	0	0	0	0
free	asahi.brep	11735	Ve	representable	1	0	0	0	0	0
free	asahi.brep	11736	Ve	representable	1	0	0	0	0	0
free	asahi.brep	11739	Ed	representable	2	1	0	0	0	0
free	asahi.brep	11740	Ve	representable	1	0	0	0	0	0
free	asahi.brep	11743	Ed	representable	2	1	0	0	0	0
free	asahi.brep	11744	Ve	representable	1	0	0	0	0	0
free	asahi.brep	11747	Ed	representable	2	1	0	0	0	0
free	asahi.brep	11748	Ve	representable	1	0	0	0	0	0
free	asahi.brep	11751	Ed	representable	2	1	0	0	0	0
free	asahi.brep	11752	Ve	representable	1	0	0	0	0	0
free	asahi.brep	11755	Ed	representable	2	1	0	0	0	0
free	asahi.brep	11756	Ve	representable	1	0	0	0	0	0
free	asahi.brep	11759	Ed	representable	2	1	0	0	0	0
free	asahi.brep	11760	Ve	representable	1	0	0	0	0	0
free	asahi.brep	11763	Ed	representable	2	1	0	0	0	0
free	asahi.brep	11764	Ve	representable	1	0	0	0	0	0
free	asahi.brep	11767	Ed	representable	2	1	0	0	0	0
free	asahi.brep	11768	Ve	representable	1	0	0	0	0	0
free	asahi.brep	11771	Ed	representable	2	1	0	0	0	0
free	asahi.brep	11772	Ve	representable	1	0	0	0	0	0
free	asahi.brep	11775	Ed	representable	2	1	0	0	0	0
free	asahi.brep	11776	Ve	representable	1	0	0	0	0	0
free	asahi.brep	11779	Ed	representable	2	1	0	0	0	0
free	asahi.brep	11780	Ve	representable	1	0	0	0	0	0
free	asahi.brep	11783	Ed	representable	2	1	0	0	0	0
free	asahi.brep	11785	Ve	representable	1	0	0	0	0	0
free	asahi.brep	11786	Ve	representable	1	0	0	0	0	0
free	asahi.brep	11789	Ed	representable	2	1	0	0	0	0
free	asahi.brep	11790	Ve	representable	1	0	0	0	0	0
free	asahi.brep	11793	Ed	representable	2	1	0	0	0	0
free	asahi.brep	11794	Ve	representable	1	0	0	0	0	0
free	asahi.brep	11797	Ed	representable	2	1	0	0	0	0
free	asahi.brep	11798	Ve	representable	1	0	0	0	0	0
free	asahi.brep	11801	Ed	representable	2	1	0	0	0	0
free	asahi.brep	11802	Ve	representable	1	0	0	0	0	0
free	asahi.brep	11805	Ed	representable	2	1	0	0	0	0
free	asahi.brep	11806	Ve	representable	1	0	0	0	0	0
free	asahi.brep	11809	Ed	representable	2	1	0	0	0	0
free	asahi.brep	11810	Ve	representable	1	0	0	0	0	0
free	asahi.brep	11813	Ed	representable	2	1	0	0	0	0
free	asahi.brep	11814	Ve	representable	1	0	0	0	0	0
free	asahi.brep	11817	Ed	representable	2	1	0	0	0	0
free	asahi.brep	11818	Ve	representable	1	0	0	0	0	0
free	asahi.brep	11821	Ed	representable	2	1	0	0	0	0
free	asahi.brep	11822	Ve	representable	1	0	0	0	0	0
free	asahi.brep	11825	Ed	representable	2	1	0	0	0	0
free	asahi.brep	11826	Ve	representable	1	0	0	0	0	0
free	asahi.brep	11829	Ed	representable	2	1	0	0	0	0
free	asahi.brep	11830	Ve	representable	1	0	0	0	0	0
free	asahi.brep	11833	Ed	representable	2	1	0	0	0	0
free	asahi.brep	11834	Ve	representable	1	0	0	0	0	0
free	asahi.brep	11837	Ed	representable	2	1	0	0	0	0
free	asahi.brep	11838	Ve	representable	1	0	0	0	0	0
free	asahi.brep	11841	Ed	representable	2	1	0	0	0	0
free	asahi.brep	11842	Ve	representable	1	0	0	0	0	0
free	asahi.brep	11845	Ed	representable	2	1	0	0	0	0
free	asahi.brep	11847	Ve	representable	1	0	0	0	0	0
free	asahi.brep	11848	Ve	representable	1	0	0	0	0	0
free	asahi.brep	11851	Ed	representable	2	1	0	0	0	0
free	asahi.brep	11853	Ve	representable	1	0	0	0	0	0
free	asahi.brep	11854	Ve	representable	1	0	0	0	0	0
free	asahi.brep	11857	Ed	representable	2	1	0	0	0	0
free	asahi.brep	11858	Ve	representable	1	0	0	0	0	0
free	asahi.brep	11861	Ed	representable	2	1	0	0	0	0
free	asahi.brep	11862	Ve	representable	1	0	0	0	0	0
free	asahi.brep	11865	Ed	representable	2	1	0	0	0	0
free	asahi.brep	11866	Ve	representable	1	0	0	0	0	0
free	asahi.brep	11869	Ed	representable	2	1	0	0	0	0
free	asahi.brep	11870	Ve	representable	1	0	0	0	0	0
free	asahi.brep	11873	Ed	representable	2	1	0	0	0	0
free	asahi.brep	11875	Ve	representable	1	0	0	0	0	0
free	asahi.brep	11876	Ve	representable	1	0	0	0	0	0
free	asahi.brep	11879	Ed	representable	2	1	0	0	0	0
free	asahi.brep	11880	Ve	representable	1	0	0	0	0	0
free	asahi.brep	11883	Ed	representable	2	1	0	0	0	0
free	asahi.brep	11884	Ve	representable	1	0	0	0	0	0
free	asahi.brep	11887	Ed	representable	2	1	0	0	0	0
free	asahi.brep	11888	Ve	representable	1	0	0	0	0	0
free	asahi.brep	11891	Ed	representable	2	1	0	0	0	0
free	asahi.brep	11892	Ve	representable	1	0	0	0	0	0
free	asahi.brep	11895	Ed	representable	2	1	0	0	0	0
free	asahi.brep	11897	Ve	representable	1	0	0	0	0	0
free	asahi.brep	11898	Ve	representable	1	0	0	0	0	0
free	asahi.brep	11901	Ed	representable	2	1	0	0	0	0
free	asahi.brep	11903	Ve	representable	1	0	0	0	0	0
free	asahi.brep	11904	Ve	representable	1	0	0	0	0	0
free	asahi.brep	11907	Ed	representable	2	1	0	0	0	0
free	asahi.brep	11908	Ve	representable	1	0	0	0	0	0
free	asahi.brep	11911	Ed	representable	2	1	0	0	0	0
free	asahi.brep	11912	Ve	representable	1	0	0	0	0	0
free	asahi.brep	11915	Ed	representable	2	1	0	0	0	0
free	asahi.brep	11916	Ve	representable	1	0	0	0	0	0
free	asahi.brep	11919	Ed	representable	2	1	0	0	0	0
free	asahi.brep	11920	Ve	representable	1	0	0	0	0	0
free	asahi.brep	11923	Ed	representable	2	1	0	0	0	0
free	asahi.brep	11925	Ve	representable	1	0	0	0	0	0
free	asahi.brep	11926	Ve	representable	1	0	0	0	0	0
free	asahi.brep	11929	Ed	representable	2	1	0	0	0	0
free	asahi.brep	11931	Ve	representable	1	0	0	0	0	0
free	asahi.brep	11932	Ve	representable	1	0	0	0	0	0
free	asahi.brep	11935	Ed	representable	2	1	0	0	0	0
free	asahi.brep	11936	Ve	representable	1	0	0	0	0	0
free	asahi.brep	11939	Ed	representable	2	1	0	0	0	0
free	asahi.brep	11940	Ve	representable	1	0	0	0	0	0
free	asahi.brep	11943	Ed	representable	2	1	0	0	0	0
free	asahi.brep	11944	Ve	representable	1	0	0	0	0	0
free	asahi.brep	11947	Ed	representable	2	1	0	0	0	0
free	asahi.brep	11948	Ve	representable	1	0	0	0	0	0
free	asahi.brep	11951	Ed	representable	2	1	0	0	0	0
free	asahi.brep	11953	Ve	representable	1	0	0	0	0	0
free	asahi.brep	11954	Ve	representable	1	0	0	0	0	0
free	asahi.brep	11957	Ed	representable	2	1	0	0	0	0
free	asahi.brep	11959	Ve	representable	1	0	0	0	0	0
free	asahi.brep	11960	Ve	representable	1	0	0	0	0	0
free	asahi.brep	11963	Ed	representable	2	1	0	0	0	0
free	asahi.brep	11964	Ve	representable	1	0	0	0	0	0
free	asahi.brep	11967	Ed	representable	2	1	0	0	0	0
free	asahi.brep	11968	Ve	representable	1	0	0	0	0	0
free	asahi.brep	11971	Ed	representable	2	1	0	0	0	0
free	asahi.brep	11972	Ve	representable	1	0	0	0	0	0
free	asahi.brep	11975	Ed	representable	2	1	0	0	0	0
free	asahi.brep	11976	Ve	representable	1	0	0	0	0	0
free	asahi.brep	11979	Ed	representable	2	1	0	0	0	0
free	asahi.brep	11981	Ve	representable	1	0	0	0	0	0
free	asahi.brep	11982	Ve	representable	1	0	0	0	0	0
free	asahi.brep	11985	Ed	representable	2	1	0	0	0	0
free	asahi.brep	11986	Ve	representable	1	0	0	0	0	0
free	asahi.brep	11989	Ed	representable	2	1	0	0	0	0
free	asahi.brep	11990	Ve	representable	1	0	0	0	0	0
free	asahi.brep	11993	Ed	representable	2	1	0	0	0	0
free	asahi.brep	11995	Ve	representable	1	0	0	0	0	0
free	asahi.brep	11996	Ve	representable	1	0	0	0	0	0
free	asahi.brep	11999	Ed	representable	2	1	0	0	0	0
free	asahi.brep	12001	Ve	representable	1	0	0	0	0	0
free	asahi.brep	12002	Ve	representable	1	0	0	0	0	0
free	asahi.brep	12005	Ed	representable	2	1	0	0	0	0
free	asahi.brep	12006	Ve	representable	1	0	0	0	0	0
free	asahi.brep	12009	Ed	representable	2	1	0	0	0	0
free	asahi.brep	12010	Ve	representable	1	0	0	0	0	0
free	asahi.brep	12013	Ed	representable	2	1	0	0	0	0
free	asahi.brep	12014	Ve	representable	1	0	0	0	0	0
free	asahi.brep	12017	Ed	representable	2	1	0	0	0	0
free	asahi.brep	12018	Ve	representable	1	0	0	0	0	0
free	asahi.brep	12021	Ed	representable	2	1	0	0	0	0
free	asahi.brep	12023	Ve	representable	1	0	0	0	0	0
free	asahi.brep	12024	Ve	representable	1	0	0	0	0	0
free	asahi.brep	12027	Ed	representable	2	1	0	0	0	0
free	asahi.brep	12028	Ve	representable	1	0	0	0	0	0
free	asahi.brep	12031	Ed	representable	2	1	0	0	0	0
free	asahi.brep	12032	Ve	representable	1	0	0	0	0	0
free	asahi.brep	12035	Ed	representable	2	1	0	0	0	0
free	asahi.brep	12037	Ve	representable	1	0	0	0	0	0
free	asahi.brep	12038	Ve	representable	1	0	0	0	0	0
free	asahi.brep	12041	Ed	representable	2	1	0	0	0	0
free	asahi.brep	12043	Ve	representable	1	0	0	0	0	0
free	asahi.brep	12044	Ve	representable	1	0	0	0	0	0
free	asahi.brep	12047	Ed	representable	2	1	0	0	0	0
free	asahi.brep	12048	Ve	representable	1	0	0	0	0	0
free	asahi.brep	12051	Ed	representable	2	1	0	0	0	0
free	asahi.brep	12052	Ve	representable	1	0	0	0	0	0
free	asahi.brep	12055	Ed	representable	2	1	0	0	0	0
free	asahi.brep	12056	Ve	representable	1	0	0	0	0	0
free	asahi.brep	12059	Ed	representable	2	1	0	0	0	0
free	asahi.brep	12060	Ve	representable	1	0	0	0	0	0
free	asahi.brep	12063	Ed	representable	2	1	0	0	0	0
free	asahi.brep	12065	Ve	representable	1	0	0	0	0	0
free	asahi.brep	12066	Ve	representable	1	0	0	0	0	0
free	asahi.brep	12069	Ed	representable	2	1	0	0	0	0
free	asahi.brep	12070	Ve	representable	1	0	0	0	0	0
free	asahi.brep	12073	Ed	representable	2	1	0	0	0	0
free	asahi.brep	12074	Ve	representable	1	0	0	0	0	0
free	asahi.brep	12077	Ed	representable	2	1	0	0	0	0
free	asahi.brep	12079	Ve	representable	1	0	0	0	0	0
free	asahi.brep	12080	Ve	representable	1	0	0	0	0	0
free	asahi.brep	12083	Ed	representable	2	1	0	0	0	0
free	asahi.brep	12085	Ve	representable	1	0	0	0	0	0
free	asahi.brep	12086	Ve	representable	1	0	0	0	0	0
free	asahi.brep	12089	Ed	representable	2	1	0	0	0	0
free	asahi.brep	12090	Ve	representable	1	0	0	0	0	0
free	asahi.brep	12093	Ed	representable	2	1	0	0	0	0
free	asahi.brep	12094	Ve	representable	1	0	0	0	0	0
free	asahi.brep	12097	Ed	representable	2	1	0	0	0	0
free	asahi.brep	12098	Ve	representable	1	0	0	0	0	0
free	asahi.brep	12101	Ed	representable	2	1	0	0	0	0
free	asahi.brep	12102	Ve	representable	1	0	0	0	0	0
free	asahi.brep	12105	Ed	representable	2	1	0	0	0	0
free	asahi.brep	12107	Ve	representable	1	0	0	0	0	0
free	asahi.brep	12108	Ve	representable	1	0	0	0	0	0
free	asahi.brep	12111	Ed	representable	2	1	0	0	0	0
free	asahi.brep	12112	Ve	representable	1	0	0	0	0	0
free	asahi.brep	12115	Ed	representable	2	1	0	0	0	0
free	asahi.brep	12116	Ve	representable	1	0	0	0	0	0
free	asahi.brep	12119	Ed	representable	2	1	0	0	0	0
free	asahi.brep	12121	Ve	representable	1	0	0	0	0	0
free	asahi.brep	12122	Ve	representable	1	0	0	0	0	0
free	asahi.brep	12125	Ed	representable	2	1	0	0	0	0
free	asahi.brep	12127	Ve	representable	1	0	0	0	0	0
free	asahi.brep	12128	Ve	representable	1	0	0	0	0	0
free	asahi.brep	12131	Ed	representable	2	1	0	0	0	0
free	asahi.brep	12132	Ve	representable	1	0	0	0	0	0
free	asahi.brep	12135	Ed	representable	2	1	0	0	0	0
free	asahi.brep	12136	Ve	representable	1	0	0	0	0	0
free	asahi.brep	12139	Ed	representable	2	1	0	0	0	0
free	asahi.brep	12140	Ve	representable	1	0	0	0	0	0
free	asahi.brep	12143	Ed	representable	2	1	0	0	0	0
free	asahi.brep	12144	Ve	representable	1	0	0	0	0	0
free	asahi.brep	12147	Ed	representable	2	1	0	0	0	0
free	asahi.brep	12149	Ve	representable	1	0	0	0	0	0
free	asahi.brep	12150	Ve	representable	1	0	0	0	0	0
free	asahi.brep	12153	Ed	representable	2	1	0	0	0	0
free	asahi.brep	12154	Ve	representable	1	0	0	0	0	0
free	asahi.brep	12157	Ed	representable	2	1	0	0	0	0
free	asahi.brep	12158	Ve	representable	1	0	0	0	0	0
free	asahi.brep	12161	Ed	representable	2	1	0	0	0	0
free	asahi.brep	12163	Ve	representable	1	0	0	0	0	0
free	asahi.brep	12164	Ve	representable	1	0	0	0	0	0
free	asahi.brep	12167	Ed	representable	2	1	0	0	0	0
free	asahi.brep	12169	Ve	representable	1	0	0	0	0	0
free	asahi.brep	12170	Ve	representable	1	0	0	0	0	0
free	asahi.brep	12173	Ed	representable	2	1	0	0	0	0
free	asahi.brep	12174	Ve	representable	1	0	0	0	0	0
free	asahi.brep	12177	Ed	representable	2	1	0	0	0	0
free	asahi.brep	12178	Ve	representable	1	0	0	0	0	0
free	asahi.brep	12181	Ed	representable	2	1	0	0	0	0
free	asahi.brep	12182	Ve	representable	1	0	0	0	0	0
free	asahi.brep	12185	Ed	representable	2	1	0	0	0	0
free	asahi.brep	12186	Ve	representable	1	0	0	0	0	0
free	asahi.brep	12189	Ed	representable	2	1	0	0	0	0
free	asahi.brep	12191	Ve	representable	1	0	0	0	0	0
free	asahi.brep	12192	Ve	representable	1	0	0	0	0	0
free	asahi.brep	12195	Ed	representable	2	1	0	0	0	0
free	asahi.brep	12196	Ve	representable	1	0	0	0	0	0
free	asahi.brep	12199	Ed	representable	2	1	0	0	0	0
free	asahi.brep	12200	Ve	representable	1	0	0	0	0	0
free	asahi.brep	12203	Ed	representable	2	1	0	0	0	0
free	asahi.brep	12205	Ve	representable	1	0	0	0	0	0
free	asahi.brep	12206	Ve	representable	1	0	0	0	0	0
free	asahi.brep	12209	Ed	representable	2	1	0	0	0	0
free	asahi.brep	12211	Ve	representable	1	0	0	0	0	0
free	asahi.brep	12212	Ve	representable	1	0	0	0	0	0
free	asahi.brep	12215	Ed	representable	2	1	0	0	0	0
free	asahi.brep	12216	Ve	representable	1	0	0	0	0	0
free	asahi.brep	12219	Ed	representable	2	1	0	0	0	0
free	asahi.brep	12220	Ve	representable	1	0	0	0	0	0
free	asahi.brep	12223	Ed	representable	2	1	0	0	0	0
free	asahi.brep	12224	Ve	representable	1	0	0	0	0	0
free	asahi.brep	12227	Ed	representable	2	1	0	0	0	0
free	asahi.brep	12228	Ve	representable	1	0	0	0	0	0
free	asahi.brep	12231	Ed	representable	2	1	0	0	0	0
free	asahi.brep	12233	Ve	representable	1	0	0	0	0	0
free	asahi.brep	12234	Ve	representable	1	0	0	0	0	0
free	asahi.brep	12237	Ed	representable	2	1	0	0	0	0
free	asahi.brep	12238	Ve	representable	1	0	0	0	0	0
free	asahi.brep	12241	Ed	representable	2	1	0	0	0	0
free	asahi.brep	12242	Ve	representable	1	0	0	0	0	0
free	asahi.brep	12245	Ed	representable	2	1	0	0	0	0
free	asahi.brep	12247	Ve	representable	1	0	0	0	0	0
free	asahi.brep	12248	Ve	representable	1	0	0	0	0	0
free	asahi.brep	12251	Ed	representable	2	1	0	0	0	0
free	asahi.brep	12253	Ve	representable	1	0	0	0	0	0
free	asahi.brep	12254	Ve	representable	1	0	0	0	0	0
free	asahi.brep	12257	Ed	representable	2	1	0	0	0	0
free	asahi.brep	12258	Ve	representable	1	0	0	0	0	0
free	asahi.brep	12261	Ed	representable	2	1	0	0	0	0
free	asahi.brep	12262	Ve	representable	1	0	0	0	0	0
free	asahi.brep	12265	Ed	representable	2	1	0	0	0	0
free	asahi.brep	12266	Ve	representable	1	0	0	0	0	0
free	asahi.brep	12269	Ed	representable	2	1	0	0	0	0
free	asahi.brep	12270	Ve	representable	1	0	0	0	0	0
free	asahi.brep	12273	Ed	representable	2	1	0	0	0	0
free	asahi.brep	12275	Ve	representable	1	0	0	0	0	0
free	asahi.brep	12276	Ve	representable	1	0	0	0	0	0
free	asahi.brep	12279	Ed	representable	2	1	0	0	0	0
free	asahi.brep	12280	Ve	representable	1	0	0	0	0	0
free	asahi.brep	12283	Ed	representable	2	1	0	0	0	0
free	asahi.brep	12284	Ve	representable	1	0	0	0	0	0
free	asahi.brep	12287	Ed	representable	2	1	0	0	0	0
free	asahi.brep	12289	Ve	representable	1	0	0	0	0	0
free	asahi.brep	12290	Ve	representable	1	0	0	0	0	0
free	asahi.brep	12293	Ed	representable	2	1	0	0	0	0
free	asahi.brep	12295	Ve	representable	1	0	0	0	0	0
free	asahi.brep	12296	Ve	representable	1	0	0	0	0	0
free	asahi.brep	12299	Ed	representable	2	1	0	0	0	0
free	asahi.brep	12300	Ve	representable	1	0	0	0	0	0
free	asahi.brep	12303	Ed	representable	2	1	0	0	0	0
free	asahi.brep	12304	Ve	representable	1	0	0	0	0	0
free	asahi.brep	12307	Ed	representable	2	1	0	0	0	0
free	asahi.brep	12308	Ve	representable	1	0	0	0	0	0
free	asahi.brep	12311	Ed	representable	2	1	0	0	0	0
free	asahi.brep	12312	Ve	representable	1	0	0	0	0	0
free	asahi.brep	12315	Ed	representable	2	1	0	0	0	0
file	bottle.brep	Ellipse2d=1,RectangularTrimmedSurface=1
solid	bottle.brep	378	unsupported	75	157	74	71	1	1
file	edge.brep	-
free	edge.brep	2	Ed	representable	2	1	0	0	0	0
file	face.brep	-
free	face.brep	15	Fa	representable	6	6	3	1	0	0
file	face1.brep	-
free	face1.brep	9	Fa	representable	4	4	1	1	0	0
file	face2.brep	Ellipse2d=2,RectangularTrimmedSurface=1,TrimmedCurve=2
free	face2.brep	67	Fa	unsupported	30	30	7	1	0	0
file	fuse.brep	-
free	fuse.brep	55	Sh	representable	13	19	13	10	1	0
file	hammer.brep	-
free	hammer.brep	9	Fa	representable	4	4	1	1	0	0
free	hammer.brep	13	Fa	representable	4	4	1	1	0	0
free	hammer.brep	23	Fa	representable	4	4	1	1	0	0
free	hammer.brep	28	Fa	representable	4	4	1	1	0	0
free	hammer.brep	35	Fa	representable	4	4	1	1	0	0
free	hammer.brep	43	Fa	representable	4	4	1	1	0	0
free	hammer.brep	50	Fa	representable	4	4	1	1	0	0
free	hammer.brep	57	Fa	representable	4	4	1	1	0	0
free	hammer.brep	67	Fa	representable	4	4	1	1	0	0
free	hammer.brep	77	Fa	representable	4	4	1	1	0	0
free	hammer.brep	84	Fa	representable	4	4	1	1	0	0
free	hammer.brep	91	Fa	representable	4	4	1	1	0	0
free	hammer.brep	101	Fa	representable	4	4	1	1	0	0
free	hammer.brep	106	Fa	representable	4	4	2	1	0	0
free	hammer.brep	109	Fa	representable	4	4	1	1	0	0
free	hammer.brep	113	Fa	representable	4	4	1	1	0	0
free	hammer.brep	116	Fa	representable	4	4	1	1	0	0
free	hammer.brep	119	Fa	representable	4	4	1	1	0	0
free	hammer.brep	121	Fa	representable	2	2	1	1	0	0
free	hammer.brep	129	Fa	representable	3	3	1	1	0	0
free	hammer.brep	138	Fa	representable	5	5	1	1	0	0
free	hammer.brep	146	Fa	representable	3	3	1	1	0	0
free	hammer.brep	158	Fa	representable	5	5	1	1	0	0
free	hammer.brep	167	Fa	representable	5	5	1	1	0	0
free	hammer.brep	170	Fa	representable	3	3	1	1	0	0
free	hammer.brep	177	Fa	representable	4	4	1	1	0	0
free	hammer.brep	184	Fa	representable	4	4	1	1	0	0
free	hammer.brep	191	Fa	representable	7	7	1	1	0	0
free	hammer.brep	200	Fa	representable	9	9	1	1	0	0
free	hammer.brep	212	Fa	representable	9	9	1	1	0	0
free	hammer.brep	221	Fa	representable	5	5	1	1	0	0
free	hammer.brep	225	Fa	representable	4	4	1	1	0	0
free	hammer.brep	228	Fa	representable	6	6	1	1	0	0
free	hammer.brep	232	Fa	representable	9	9	2	1	0	0
free	hammer.brep	234	Fa	representable	8	8	1	1	0	0
free	hammer.brep	237	Fa	representable	4	4	1	1	0	0
free	hammer.brep	241	Fa	representable	6	6	2	1	0	0
free	hammer.brep	243	Fa	representable	9	9	1	1	0	0
free	hammer.brep	246	Fa	representable	4	4	1	1	0	0
free	hammer.brep	249	Fa	representable	4	4	1	1	0	0
free	hammer.brep	251	Fa	representable	4	4	1	1	0	0
free	hammer.brep	253	Fa	representable	4	4	1	1	0	0
free	hammer.brep	255	Fa	representable	4	4	1	1	0	0
free	hammer.brep	258	Fa	representable	4	4	1	1	0	0
free	hammer.brep	260	Fa	representable	2	2	1	1	0	0
file	mal_ecrou.brep	-
solid	mal_ecrou.brep	8	representable	2	3	3	3	1	1
file	mal_tige.brep	-
solid	mal_tige.brep	42	representable	12	18	12	8	1	1
file	mal_vis.brep	NonRingToroidalSurface=1
solid	mal_vis.brep	24	unsupported	5	8	7	6	1	1
file	shell1.brep	-
free	shell1.brep	541	Sh	unsupported	119	224	99	99	1	0
file	solid.brep	-
solid	solid.brep	42	representable	12	18	12	8	1	1
file	terrain.brep	-
free	terrain.brep	9	Fa	unsupported	4	4	1	1	0	0
file	wedge_ok.brep	-
solid	wedge_ok.brep	33	representable	8	12	6	6	1	1
file	wing.brep	-
free	wing.brep	9	Fa	representable	4	4	1	1	0	0
free	wing.brep	19	Fa	representable	4	4	1	1	0	0
free	wing.brep	29	Fa	representable	4	4	1	1	0	0
free	wing.brep	39	Fa	representable	4	4	1	1	0	0
