clamped_p1_q1_r0 N 1 3 3 1 1 0 0 1 2 1 7 1 3 4 3 1 0 2 1 1 4 2 D 0 1 | clamped_p1_q1_r0 R 1 1 1 0 3 3 0 4 1 0 0 1 2 1 7 1 3 4 3 1 0 2 1 1 4 2
clamped_p1_q2_r0 N 1 3 3 1 1 0 0 1 2 1 7 1 3 4 3 1 0 2 1 1 4 2 D 0 2 | clamped_p1_q2_r0 R 1 1 2 0 5 3 0 4 1 0 0 1 3/2 1/2 7/2 1 2 1 7 1 5/2 5/2 5 1 3 4 3 1 0 3 1 2 4 3
clamped_p1_q25_r0 N 1 3 3 1 1 0 0 1 2 1 7 1 3 4 3 1 0 2 1 1 4 2 D 0 25 | clamped_p1_q25_r0 R 1 1 25 0 51 3 0 4 1 0 0 1 26/25 1/25 7/25 1 27/25 2/25 14/25 1 28/25 3/25 21/25 1 29/25 4/25 28/25 1 6/5 1/5 7/5 1 31/25 6/25 42/25 1 32/25 7/25 49/25 1 33/25 8/25 56/25 1 34/25 9/25 63/25 1 7/5 2/5 14/5 1 36/25 11/25 77/25 1 37/25 12/25 84/25 1 38/25 13/25 91/25 1 39/25 14/25 98/25 1 8/5 3/5 21/5 1 41/25 16/25 112/25 1 42/25 17/25 119/25 1 43/25 18/25 126/25 1 44/25 19/25 133/25 1 9/5 4/5 28/5 1 46/25 21/25 147/25 1 47/25 22/25 154/25 1 48/25 23/25 161/25 1 49/25 24/25 168/25 1 2 1 7 1 51/25 28/25 171/25 1 52/25 31/25 167/25 1 53/25 34/25 163/25 1 54/25 37/25 159/25 1 11/5 8/5 31/5 1 56/25 43/25 151/25 1 57/25 46/25 147/25 1 58/25 49/25 143/25 1 59/25 52/25 139/25 1 12/5 11/5 27/5 1 61/25 58/25 131/25 1 62/25 61/25 127/25 1 63/25 64/25 123/25 1 64/25 67/25 119/25 1 13/5 14/5 23/5 1 66/25 73/25 111/25 1 67/25 76/25 107/25 1 68/25 79/25 103/25 1 69/25 82/25 99/25 1 14/5 17/5 19/5 1 71/25 88/25 91/25 1 72/25 91/25 87/25 1 73/25 94/25 83/25 1 74/25 97/25 79/25 1 3 4 3 1 0 26 1 25 4 26
clamped_p1_q1_r1 N 1 3 3 1 1 0 0 1 2 1 7 2 3 4 3 3 0 2 1 1 4 2 D 0 1 | clamped_p1_q1_r1 R 1 1 1 0 3 3 0 4 1 0 0 1 4 2 14 2 9 12 9 3 0 2 1 1 4 2
clamped_p1_q2_r1 N 1 3 3 1 1 0 0 1 2 1 7 2 3 4 3 3 0 2 1 1 4 2 D 0 2 | clamped_p1_q2_r1 R 1 1 2 0 5 3 0 4 1 0 0 1 5/2 1 7 3/2 4 2 14 2 13/2 7 23/2 5/2 9 12 9 3 0 3 1 2 4 3
clamped_p1_q25_r1 N 1 3 3 1 1 0 0 1 2 1 7 2 3 4 3 3 0 2 1 1 4 2 D 0 25 | clamped_p1_q25_r1 R 1 1 25 0 51 3 0 4 1 0 0 1 28/25 2/25 14/25 26/25 31/25 4/25 28/25 27/25 34/25 6/25 42/25 28/25 37/25 8/25 56/25 29/25 8/5 2/5 14/5 6/5 43/25 12/25 84/25 31/25 46/25 14/25 98/25 32/25 49/25 16/25 112/25 33/25 52/25 18/25 126/25 34/25 11/5 4/5 28/5 7/5 58/25 22/25 154/25 36/25 61/25 24/25 168/25 37/25 64/25 26/25 182/25 38/25 67/25 28/25 196/25 39/25 14/5 6/5 42/5 8/5 73/25 32/25 224/25 41/25 76/25 34/25 238/25 42/25 79/25 36/25 252/25 43/25 82/25 38/25 266/25 44/25 17/5 8/5 56/5 9/5 88/25 42/25 294/25 46/25 91/25 44/25 308/25 47/25 94/25 46/25 322/25 48/25 97/25 48/25 336/25 49/25 4 2 14 2 21/5 12/5 69/5 51/25 22/5 14/5 68/5 52/25 23/5 16/5 67/5 53/25 24/5 18/5 66/5 54/25 5 4 13 11/5 26/5 22/5 64/5 56/25 27/5 24/5 63/5 57/25 28/5 26/5 62/5 58/25 29/5 28/5 61/5 59/25 6 6 12 12/5 31/5 32/5 59/5 61/25 32/5 34/5 58/5 62/25 33/5 36/5 57/5 63/25 34/5 38/5 56/5 64/25 7 8 11 13/5 36/5 42/5 54/5 66/25 37/5 44/5 53/5 67/25 38/5 46/5 52/5 68/25 39/5 48/5 51/5 69/25 8 10 10 14/5 41/5 52/5 49/5 71/25 42/5 54/5 48/5 72/25 43/5 56/5 47/5 73/25 44/5 58/5 46/5 74/25 9 12 9 3 0 26 1 25 4 26
unclamped_p1_q1_r0 N 1 4 6 1 1 0 0 1 2 1 7 1 3 4 3 1 4 9 10 1 0 1 1 1 2 1 3 1 4 1 5 1 D 0 1 | unclamped_p1_q1_r0 R 1 1 1 0 4 6 1 4 1 0 0 1 2 1 7 1 3 4 3 1 4 9 10 1 0 1 1 1 2 1 3 1 4 1 5 1
unclamped_p1_q2_r0 N 1 4 6 1 1 0 0 1 2 1 7 1 3 4 3 1 4 9 10 1 0 1 1 1 2 1 3 1 4 1 5 1 D 0 2 | unclamped_p1_q2_r0 R 1 1 2 0 7 6 1 4 1 0 0 1 3/2 1/2 7/2 1 2 1 7 1 5/2 5/2 5 1 3 4 3 1 7/2 13/2 13/2 1 4 9 10 1 0 1 1 2 2 2 3 2 4 2 5 1
unclamped_p1_q25_r0 N 1 4 6 1 1 0 0 1 2 1 7 1 3 4 3 1 4 9 10 1 0 1 1 1 2 1 3 1 4 1 5 1 D 0 25 | unclamped_p1_q25_r0 R 1 1 25 0 76 6 1 4 1 0 0 1 26/25 1/25 7/25 1 27/25 2/25 14/25 1 28/25 3/25 21/25 1 29/25 4/25 28/25 1 6/5 1/5 7/5 1 31/25 6/25 42/25 1 32/25 7/25 49/25 1 33/25 8/25 56/25 1 34/25 9/25 63/25 1 7/5 2/5 14/5 1 36/25 11/25 77/25 1 37/25 12/25 84/25 1 38/25 13/25 91/25 1 39/25 14/25 98/25 1 8/5 3/5 21/5 1 41/25 16/25 112/25 1 42/25 17/25 119/25 1 43/25 18/25 126/25 1 44/25 19/25 133/25 1 9/5 4/5 28/5 1 46/25 21/25 147/25 1 47/25 22/25 154/25 1 48/25 23/25 161/25 1 49/25 24/25 168/25 1 2 1 7 1 51/25 28/25 171/25 1 52/25 31/25 167/25 1 53/25 34/25 163/25 1 54/25 37/25 159/25 1 11/5 8/5 31/5 1 56/25 43/25 151/25 1 57/25 46/25 147/25 1 58/25 49/25 143/25 1 59/25 52/25 139/25 1 12/5 11/5 27/5 1 61/25 58/25 131/25 1 62/25 61/25 127/25 1 63/25 64/25 123/25 1 64/25 67/25 119/25 1 13/5 14/5 23/5 1 66/25 73/25 111/25 1 67/25 76/25 107/25 1 68/25 79/25 103/25 1 69/25 82/25 99/25 1 14/5 17/5 19/5 1 71/25 88/25 91/25 1 72/25 91/25 87/25 1 73/25 94/25 83/25 1 74/25 97/25 79/25 1 3 4 3 1 76/25 21/5 82/25 1 77/25 22/5 89/25 1 78/25 23/5 96/25 1 79/25 24/5 103/25 1 16/5 5 22/5 1 81/25 26/5 117/25 1 82/25 27/5 124/25 1 83/25 28/5 131/25 1 84/25 29/5 138/25 1 17/5 6 29/5 1 86/25 31/5 152/25 1 87/25 32/5 159/25 1 88/25 33/5 166/25 1 89/25 34/5 173/25 1 18/5 7 36/5 1 91/25 36/5 187/25 1 92/25 37/5 194/25 1 93/25 38/5 201/25 1 94/25 39/5 208/25 1 19/5 8 43/5 1 96/25 41/5 222/25 1 97/25 42/5 229/25 1 98/25 43/5 236/25 1 99/25 44/5 243/25 1 4 9 10 1 0 1 1 25 2 25 3 25 4 25 5 1
unclamped_p1_q1_r1 N 1 4 6 1 1 0 0 1 2 1 7 2 3 4 3 3 4 9 10 1 0 1 1 1 2 1 3 1 4 1 5 1 D 0 1 | unclamped_p1_q1_r1 R 1 1 1 0 4 6 1 4 1 0 0 1 4 2 14 2 9 12 9 3 4 9 10 1 0 1 1 1 2 1 3 1 4 1 5 1
unclamped_p1_q2_r1 N 1 4 6 1 1 0 0 1 2 1 7 2 3 4 3 3 4 9 10 1 0 1 1 1 2 1 3 1 4 1 5 1 D 0 2 | unclamped_p1_q2_r1 R 1 1 2 0 7 6 1 4 1 0 0 1 5/2 1 7 3/2 4 2 14 2 13/2 7 23/2 5/2 9 12 9 3 13/2 21/2 19/2 2 4 9 10 1 0 1 1 2 2 2 3 2 4 2 5 1
unclamped_p1_q25_r1 N 1 4 6 1 1 0 0 1 2 1 7 2 3 4 3 3 4 9 10 1 0 1 1 1 2 1 3 1 4 1 5 1 D 0 25 | unclamped_p1_q25_r1 R 1 1 25 0 76 6 1 4 1 0 0 1 28/25 2/25 14/25 26/25 31/25 4/25 28/25 27/25 34/25 6/25 42/25 28/25 37/25 8/25 56/25 29/25 8/5 2/5 14/5 6/5 43/25 12/25 84/25 31/25 46/25 14/25 98/25 32/25 49/25 16/25 112/25 33/25 52/25 18/25 126/25 34/25 11/5 4/5 28/5 7/5 58/25 22/25 154/25 36/25 61/25 24/25 168/25 37/25 64/25 26/25 182/25 38/25 67/25 28/25 196/25 39/25 14/5 6/5 42/5 8/5 73/25 32/25 224/25 41/25 76/25 34/25 238/25 42/25 79/25 36/25 252/25 43/25 82/25 38/25 266/25 44/25 17/5 8/5 56/5 9/5 88/25 42/25 294/25 46/25 91/25 44/25 308/25 47/25 94/25 46/25 322/25 48/25 97/25 48/25 336/25 49/25 4 2 14 2 21/5 12/5 69/5 51/25 22/5 14/5 68/5 52/25 23/5 16/5 67/5 53/25 24/5 18/5 66/5 54/25 5 4 13 11/5 26/5 22/5 64/5 56/25 27/5 24/5 63/5 57/25 28/5 26/5 62/5 58/25 29/5 28/5 61/5 59/25 6 6 12 12/5 31/5 32/5 59/5 61/25 32/5 34/5 58/5 62/25 33/5 36/5 57/5 63/25 34/5 38/5 56/5 64/25 7 8 11 13/5 36/5 42/5 54/5 66/25 37/5 44/5 53/5 67/25 38/5 46/5 52/5 68/25 39/5 48/5 51/5 69/25 8 10 10 14/5 41/5 52/5 49/5 71/25 42/5 54/5 48/5 72/25 43/5 56/5 47/5 73/25 44/5 58/5 46/5 74/25 9 12 9 3 44/5 297/25 226/25 73/25 43/5 294/25 227/25 71/25 42/5 291/25 228/25 69/25 41/5 288/25 229/25 67/25 8 57/5 46/5 13/5 39/5 282/25 231/25 63/25 38/5 279/25 232/25 61/25 37/5 276/25 233/25 59/25 36/5 273/25 234/25 57/25 7 54/5 47/5 11/5 34/5 267/25 236/25 53/25 33/5 264/25 237/25 51/25 32/5 261/25 238/25 49/25 31/5 258/25 239/25 47/25 6 51/5 48/5 9/5 29/5 252/25 241/25 43/25 28/5 249/25 242/25 41/25 27/5 246/25 243/25 39/25 26/5 243/25 244/25 37/25 5 48/5 49/5 7/5 24/5 237/25 246/25 33/25 23/5 234/25 247/25 31/25 22/5 231/25 248/25 29/25 21/5 228/25 249/25 27/25 4 9 10 1 0 1 1 25 2 25 3 25 4 25 5 1
inactive_p1_q1_r0 N 1 5 7 1 1 0 0 1 2 1 7 1 3 4 3 1 4 9 10 1 5 16 6 1 -2 1 -1 1 0 1 1 1 2 1 3 1 4 1 D 0 1 | inactive_p1_q1_r0 R 1 1 1 0 5 7 -1 3 1 0 0 1 2 1 7 1 3 4 3 1 4 9 10 1 5 16 6 1 -2 1 -1 1 0 1 1 1 2 1 3 1 4 1
inactive_p1_q2_r0 N 1 5 7 1 1 0 0 1 2 1 7 1 3 4 3 1 4 9 10 1 5 16 6 1 -2 1 -1 1 0 1 1 1 2 1 3 1 4 1 D 0 2 | inactive_p1_q2_r0 R 1 1 2 0 9 7 -1 3 1 0 0 1 3/2 1/2 7/2 1 2 1 7 1 5/2 5/2 5 1 3 4 3 1 7/2 13/2 13/2 1 4 9 10 1 9/2 25/2 8 1 5 16 6 1 -2 1 -1 2 0 2 1 2 2 2 3 2 4 1
inactive_p1_q25_r0 N 1 5 7 1 1 0 0 1 2 1 7 1 3 4 3 1 4 9 10 1 5 16 6 1 -2 1 -1 1 0 1 1 1 2 1 3 1 4 1 D 0 25 | inactive_p1_q25_r0 R 1 1 25 0 101 7 -1 3 1 0 0 1 26/25 1/25 7/25 1 27/25 2/25 14/25 1 28/25 3/25 21/25 1 29/25 4/25 28/25 1 6/5 1/5 7/5 1 31/25 6/25 42/25 1 32/25 7/25 49/25 1 33/25 8/25 56/25 1 34/25 9/25 63/25 1 7/5 2/5 14/5 1 36/25 11/25 77/25 1 37/25 12/25 84/25 1 38/25 13/25 91/25 1 39/25 14/25 98/25 1 8/5 3/5 21/5 1 41/25 16/25 112/25 1 42/25 17/25 119/25 1 43/25 18/25 126/25 1 44/25 19/25 133/25 1 9/5 4/5 28/5 1 46/25 21/25 147/25 1 47/25 22/25 154/25 1 48/25 23/25 161/25 1 49/25 24/25 168/25 1 2 1 7 1 51/25 28/25 171/25 1 52/25 31/25 167/25 1 53/25 34/25 163/25 1 54/25 37/25 159/25 1 11/5 8/5 31/5 1 56/25 43/25 151/25 1 57/25 46/25 147/25 1 58/25 49/25 143/25 1 59/25 52/25 139/25 1 12/5 11/5 27/5 1 61/25 58/25 131/25 1 62/25 61/25 127/25 1 63/25 64/25 123/25 1 64/25 67/25 119/25 1 13/5 14/5 23/5 1 66/25 73/25 111/25 1 67/25 76/25 107/25 1 68/25 79/25 103/25 1 69/25 82/25 99/25 1 14/5 17/5 19/5 1 71/25 88/25 91/25 1 72/25 91/25 87/25 1 73/25 94/25 83/25 1 74/25 97/25 79/25 1 3 4 3 1 76/25 21/5 82/25 1 77/25 22/5 89/25 1 78/25 23/5 96/25 1 79/25 24/5 103/25 1 16/5 5 22/5 1 81/25 26/5 117/25 1 82/25 27/5 124/25 1 83/25 28/5 131/25 1 84/25 29/5 138/25 1 17/5 6 29/5 1 86/25 31/5 152/25 1 87/25 32/5 159/25 1 88/25 33/5 166/25 1 89/25 34/5 173/25 1 18/5 7 36/5 1 91/25 36/5 187/25 1 92/25 37/5 194/25 1 93/25 38/5 201/25 1 94/25 39/5 208/25 1 19/5 8 43/5 1 96/25 41/5 222/25 1 97/25 42/5 229/25 1 98/25 43/5 236/25 1 99/25 44/5 243/25 1 4 9 10 1 101/25 232/25 246/25 1 102/25 239/25 242/25 1 103/25 246/25 238/25 1 104/25 253/25 234/25 1 21/5 52/5 46/5 1 106/25 267/25 226/25 1 107/25 274/25 222/25 1 108/25 281/25 218/25 1 109/25 288/25 214/25 1 22/5 59/5 42/5 1 111/25 302/25 206/25 1 112/25 309/25 202/25 1 113/25 316/25 198/25 1 114/25 323/25 194/25 1 23/5 66/5 38/5 1 116/25 337/25 186/25 1 117/25 344/25 182/25 1 118/25 351/25 178/25 1 119/25 358/25 174/25 1 24/5 73/5 34/5 1 121/25 372/25 166/25 1 122/25 379/25 162/25 1 123/25 386/25 158/25 1 124/25 393/25 154/25 1 5 16 6 1 -2 1 -1 25 0 25 1 25 2 25 3 25 4 1
inactive_p1_q1_r1 N 1 5 7 1 1 0 0 1 2 1 7 2 3 4 3 3 4 9 10 1 5 16 6 2 -2 1 -1 1 0 1 1 1 2 1 3 1 4 1 D 0 1 | inactive_p1_q1_r1 R 1 1 1 0 5 7 -1 3 1 0 0 1 4 2 14 2 9 12 9 3 4 9 10 1 10 32 12 2 -2 1 -1 1 0 1 1 1 2 1 3 1 4 1
inactive_p1_q2_r1 N 1 5 7 1 1 0 0 1 2 1 7 2 3 4 3 3 4 9 10 1 5 16 6 2 -2 1 -1 1 0 1 1 1 2 1 3 1 4 1 D 0 2 | inactive_p1_q2_r1 R 1 1 2 0 9 7 -1 3 1 0 0 1 5/2 1 7 3/2 4 2 14 2 13/2 7 23/2 5/2 9 12 9 3 13/2 21/2 19/2 2 4 9 10 1 7 41/2 11 3/2 10 32 12 2 -2 1 -1 2 0 2 1 2 2 2 3 2 4 1
inactive_p1_q25_r1 N 1 5 7 1 1 0 0 1 2 1 7 2 3 4 3 3 4 9 10 1 5 16 6 2 -2 1 -1 1 0 1 1 1 2 1 3 1 4 1 D 0 25 | inactive_p1_q25_r1 R 1 1 25 0 101 7 -1 3 1 0 0 1 28/25 2/25 14/25 26/25 31/25 4/25 28/25 27/25 34/25 6/25 42/25 28/25 37/25 8/25 56/25 29/25 8/5 2/5 14/5 6/5 43/25 12/25 84/25 31/25 46/25 14/25 98/25 32/25 49/25 16/25 112/25 33/25 52/25 18/25 126/25 34/25 11/5 4/5 28/5 7/5 58/25 22/25 154/25 36/25 61/25 24/25 168/25 37/25 64/25 26/25 182/25 38/25 67/25 28/25 196/25 39/25 14/5 6/5 42/5 8/5 73/25 32/25 224/25 41/25 76/25 34/25 238/25 42/25 79/25 36/25 252/25 43/25 82/25 38/25 266/25 44/25 17/5 8/5 56/5 9/5 88/25 42/25 294/25 46/25 91/25 44/25 308/25 47/25 94/25 46/25 322/25 48/25 97/25 48/25 336/25 49/25 4 2 14 2 21/5 12/5 69/5 51/25 22/5 14/5 68/5 52/25 23/5 16/5 67/5 53/25 24/5 18/5 66/5 54/25 5 4 13 11/5 26/5 22/5 64/5 56/25 27/5 24/5 63/5 57/25 28/5 26/5 62/5 58/25 29/5 28/5 61/5 59/25 6 6 12 12/5 31/5 32/5 59/5 61/25 32/5 34/5 58/5 62/25 33/5 36/5 57/5 63/25 34/5 38/5 56/5 64/25 7 8 11 13/5 36/5 42/5 54/5 66/25 37/5 44/5 53/5 67/25 38/5 46/5 52/5 68/25 39/5 48/5 51/5 69/25 8 10 10 14/5 41/5 52/5 49/5 71/25 42/5 54/5 48/5 72/25 43/5 56/5 47/5 73/25 44/5 58/5 46/5 74/25 9 12 9 3 44/5 297/25 226/25 73/25 43/5 294/25 227/25 71/25 42/5 291/25 228/25 69/25 41/5 288/25 229/25 67/25 8 57/5 46/5 13/5 39/5 282/25 231/25 63/25 38/5 279/25 232/25 61/25 37/5 276/25 233/25 59/25 36/5 273/25 234/25 57/25 7 54/5 47/5 11/5 34/5 267/25 236/25 53/25 33/5 264/25 237/25 51/25 32/5 261/25 238/25 49/25 31/5 258/25 239/25 47/25 6 51/5 48/5 9/5 29/5 252/25 241/25 43/25 28/5 249/25 242/25 41/25 27/5 246/25 243/25 39/25 26/5 243/25 244/25 37/25 5 48/5 49/5 7/5 24/5 237/25 246/25 33/25 23/5 234/25 247/25 31/25 22/5 231/25 248/25 29/25 21/5 228/25 249/25 27/25 4 9 10 1 106/25 248/25 252/25 26/25 112/25 271/25 254/25 27/25 118/25 294/25 256/25 28/25 124/25 317/25 258/25 29/25 26/5 68/5 52/5 6/5 136/25 363/25 262/25 31/25 142/25 386/25 264/25 32/25 148/25 409/25 266/25 33/25 154/25 432/25 268/25 34/25 32/5 91/5 54/5 7/5 166/25 478/25 272/25 36/25 172/25 501/25 274/25 37/25 178/25 524/25 276/25 38/25 184/25 547/25 278/25 39/25 38/5 114/5 56/5 8/5 196/25 593/25 282/25 41/25 202/25 616/25 284/25 42/25 208/25 639/25 286/25 43/25 214/25 662/25 288/25 44/25 44/5 137/5 58/5 9/5 226/25 708/25 292/25 46/25 232/25 731/25 294/25 47/25 238/25 754/25 296/25 48/25 244/25 777/25 298/25 49/25 10 32 12 2 -2 1 -1 25 0 25 1 25 2 25 3 25 4 1
periodic_p1_q1_r0 P 1 2 3 1 1 0 0 1 2 1 7 1 0 1 1 1 3 1 D 0 1 | periodic_p1_q1_r0 R 1 1 1 1 2 3 0 3 1 0 0 1 2 1 7 1 0 1 1 1 3 1
periodic_p1_q2_r0 P 1 2 3 1 1 0 0 1 2 1 7 1 0 1 1 1 3 1 D 0 2 | periodic_p1_q2_r0 R 1 1 2 1 4 3 0 3 1 0 0 1 3/2 1/2 7/2 1 2 1 7 1 3/2 1/2 7/2 1 0 2 1 2 3 2
periodic_p1_q25_r0 P 1 2 3 1 1 0 0 1 2 1 7 1 0 1 1 1 3 1 D 0 25 | periodic_p1_q25_r0 R 1 1 25 1 50 3 0 3 1 0 0 1 26/25 1/25 7/25 1 27/25 2/25 14/25 1 28/25 3/25 21/25 1 29/25 4/25 28/25 1 6/5 1/5 7/5 1 31/25 6/25 42/25 1 32/25 7/25 49/25 1 33/25 8/25 56/25 1 34/25 9/25 63/25 1 7/5 2/5 14/5 1 36/25 11/25 77/25 1 37/25 12/25 84/25 1 38/25 13/25 91/25 1 39/25 14/25 98/25 1 8/5 3/5 21/5 1 41/25 16/25 112/25 1 42/25 17/25 119/25 1 43/25 18/25 126/25 1 44/25 19/25 133/25 1 9/5 4/5 28/5 1 46/25 21/25 147/25 1 47/25 22/25 154/25 1 48/25 23/25 161/25 1 49/25 24/25 168/25 1 2 1 7 1 49/25 24/25 168/25 1 48/25 23/25 161/25 1 47/25 22/25 154/25 1 46/25 21/25 147/25 1 9/5 4/5 28/5 1 44/25 19/25 133/25 1 43/25 18/25 126/25 1 42/25 17/25 119/25 1 41/25 16/25 112/25 1 8/5 3/5 21/5 1 39/25 14/25 98/25 1 38/25 13/25 91/25 1 37/25 12/25 84/25 1 36/25 11/25 77/25 1 7/5 2/5 14/5 1 34/25 9/25 63/25 1 33/25 8/25 56/25 1 32/25 7/25 49/25 1 31/25 6/25 42/25 1 6/5 1/5 7/5 1 29/25 4/25 28/25 1 28/25 3/25 21/25 1 27/25 2/25 14/25 1 26/25 1/25 7/25 1 0 25 1 25 3 25
periodic_p1_q1_r1 P 1 2 3 1 1 0 0 1 2 1 7 2 0 1 1 1 3 1 D 0 1 | periodic_p1_q1_r1 R 1 1 1 1 2 3 0 3 1 0 0 1 4 2 14 2 0 1 1 1 3 1
periodic_p1_q2_r1 P 1 2 3 1 1 0 0 1 2 1 7 2 0 1 1 1 3 1 D 0 2 | periodic_p1_q2_r1 R 1 1 2 1 4 3 0 3 1 0 0 1 5/2 1 7 3/2 4 2 14 2 5/2 1 7 3/2 0 2 1 2 3 2
periodic_p1_q25_r1 P 1 2 3 1 1 0 0 1 2 1 7 2 0 1 1 1 3 1 D 0 25 | periodic_p1_q25_r1 R 1 1 25 1 50 3 0 3 1 0 0 1 28/25 2/25 14/25 26/25 31/25 4/25 28/25 27/25 34/25 6/25 42/25 28/25 37/25 8/25 56/25 29/25 8/5 2/5 14/5 6/5 43/25 12/25 84/25 31/25 46/25 14/25 98/25 32/25 49/25 16/25 112/25 33/25 52/25 18/25 126/25 34/25 11/5 4/5 28/5 7/5 58/25 22/25 154/25 36/25 61/25 24/25 168/25 37/25 64/25 26/25 182/25 38/25 67/25 28/25 196/25 39/25 14/5 6/5 42/5 8/5 73/25 32/25 224/25 41/25 76/25 34/25 238/25 42/25 79/25 36/25 252/25 43/25 82/25 38/25 266/25 44/25 17/5 8/5 56/5 9/5 88/25 42/25 294/25 46/25 91/25 44/25 308/25 47/25 94/25 46/25 322/25 48/25 97/25 48/25 336/25 49/25 4 2 14 2 97/25 48/25 336/25 49/25 94/25 46/25 322/25 48/25 91/25 44/25 308/25 47/25 88/25 42/25 294/25 46/25 17/5 8/5 56/5 9/5 82/25 38/25 266/25 44/25 79/25 36/25 252/25 43/25 76/25 34/25 238/25 42/25 73/25 32/25 224/25 41/25 14/5 6/5 42/5 8/5 67/25 28/25 196/25 39/25 64/25 26/25 182/25 38/25 61/25 24/25 168/25 37/25 58/25 22/25 154/25 36/25 11/5 4/5 28/5 7/5 52/25 18/25 126/25 34/25 49/25 16/25 112/25 33/25 46/25 14/25 98/25 32/25 43/25 12/25 84/25 31/25 8/5 2/5 14/5 6/5 37/25 8/25 56/25 29/25 34/25 6/25 42/25 28/25 31/25 4/25 28/25 27/25 28/25 2/25 14/25 26/25 0 25 1 25 3 25
uniform_periodic_p1_q1_r0 P 1 4 5 1 1 0 0 1 2 1 7 1 3 4 3 1 4 9 10 1 0 1 1 1 2 1 3 1 4 1 D 0 1 | uniform_periodic_p1_q1_r0 R 1 1 1 1 4 5 0 4 1 0 0 1 2 1 7 1 3 4 3 1 4 9 10 1 0 1 1 1 2 1 3 1 4 1
uniform_periodic_p1_q2_r0 P 1 4 5 1 1 0 0 1 2 1 7 1 3 4 3 1 4 9 10 1 0 1 1 1 2 1 3 1 4 1 D 0 2 | uniform_periodic_p1_q2_r0 R 1 1 2 1 8 5 0 4 1 0 0 1 3/2 1/2 7/2 1 2 1 7 1 5/2 5/2 5 1 3 4 3 1 7/2 13/2 13/2 1 4 9 10 1 5/2 9/2 5 1 0 2 1 2 2 2 3 2 4 2
uniform_periodic_p1_q25_r0 P 1 4 5 1 1 0 0 1 2 1 7 1 3 4 3 1 4 9 10 1 0 1 1 1 2 1 3 1 4 1 D 0 25 | uniform_periodic_p1_q25_r0 R 1 1 25 1 100 5 0 4 1 0 0 1 26/25 1/25 7/25 1 27/25 2/25 14/25 1 28/25 3/25 21/25 1 29/25 4/25 28/25 1 6/5 1/5 7/5 1 31/25 6/25 42/25 1 32/25 7/25 49/25 1 33/25 8/25 56/25 1 34/25 9/25 63/25 1 7/5 2/5 14/5 1 36/25 11/25 77/25 1 37/25 12/25 84/25 1 38/25 13/25 91/25 1 39/25 14/25 98/25 1 8/5 3/5 21/5 1 41/25 16/25 112/25 1 42/25 17/25 119/25 1 43/25 18/25 126/25 1 44/25 19/25 133/25 1 9/5 4/5 28/5 1 46/25 21/25 147/25 1 47/25 22/25 154/25 1 48/25 23/25 161/25 1 49/25 24/25 168/25 1 2 1 7 1 51/25 28/25 171/25 1 52/25 31/25 167/25 1 53/25 34/25 163/25 1 54/25 37/25 159/25 1 11/5 8/5 31/5 1 56/25 43/25 151/25 1 57/25 46/25 147/25 1 58/25 49/25 143/25 1 59/25 52/25 139/25 1 12/5 11/5 27/5 1 61/25 58/25 131/25 1 62/25 61/25 127/25 1 63/25 64/25 123/25 1 64/25 67/25 119/25 1 13/5 14/5 23/5 1 66/25 73/25 111/25 1 67/25 76/25 107/25 1 68/25 79/25 103/25 1 69/25 82/25 99/25 1 14/5 17/5 19/5 1 71/25 88/25 91/25 1 72/25 91/25 87/25 1 73/25 94/25 83/25 1 74/25 97/25 79/25 1 3 4 3 1 76/25 21/5 82/25 1 77/25 22/5 89/25 1 78/25 23/5 96/25 1 79/25 24/5 103/25 1 16/5 5 22/5 1 81/25 26/5 117/25 1 82/25 27/5 124/25 1 83/25 28/5 131/25 1 84/25 29/5 138/25 1 17/5 6 29/5 1 86/25 31/5 152/25 1 87/25 32/5 159/25 1 88/25 33/5 166/25 1 89/25 34/5 173/25 1 18/5 7 36/5 1 91/25 36/5 187/25 1 92/25 37/5 194/25 1 93/25 38/5 201/25 1 94/25 39/5 208/25 1 19/5 8 43/5 1 96/25 41/5 222/25 1 97/25 42/5 229/25 1 98/25 43/5 236/25 1 99/25 44/5 243/25 1 4 9 10 1 97/25 216/25 48/5 1 94/25 207/25 46/5 1 91/25 198/25 44/5 1 88/25 189/25 42/5 1 17/5 36/5 8 1 82/25 171/25 38/5 1 79/25 162/25 36/5 1 76/25 153/25 34/5 1 73/25 144/25 32/5 1 14/5 27/5 6 1 67/25 126/25 28/5 1 64/25 117/25 26/5 1 61/25 108/25 24/5 1 58/25 99/25 22/5 1 11/5 18/5 4 1 52/25 81/25 18/5 1 49/25 72/25 16/5 1 46/25 63/25 14/5 1 43/25 54/25 12/5 1 8/5 9/5 2 1 37/25 36/25 8/5 1 34/25 27/25 6/5 1 31/25 18/25 4/5 1 28/25 9/25 2/5 1 0 25 1 25 2 25 3 25 4 25
uniform_periodic_p1_q1_r1 P 1 4 5 1 1 0 0 1 2 1 7 2 3 4 3 3 4 9 10 1 0 1 1 1 2 1 3 1 4 1 D 0 1 | uniform_periodic_p1_q1_r1 R 1 1 1 1 4 5 0 4 1 0 0 1 4 2 14 2 9 12 9 3 4 9 10 1 0 1 1 1 2 1 3 1 4 1
uniform_periodic_p1_q2_r1 P 1 4 5 1 1 0 0 1 2 1 7 2 3 4 3 3 4 9 10 1 0 1 1 1 2 1 3 1 4 1 D 0 2 | uniform_periodic_p1_q2_r1 R 1 1 2 1 8 5 0 4 1 0 0 1 5/2 1 7 3/2 4 2 14 2 13/2 7 23/2 5/2 9 12 9 3 13/2 21/2 19/2 2 4 9 10 1 5/2 9/2 5 1 0 2 1 2 2 2 3 2 4 2
uniform_periodic_p1_q25_r1 P 1 4 5 1 1 0 0 1 2 1 7 2 3 4 3 3 4 9 10 1 0 1 1 1 2 1 3 1 4 1 D 0 25 | uniform_periodic_p1_q25_r1 R 1 1 25 1 100 5 0 4 1 0 0 1 28/25 2/25 14/25 26/25 31/25 4/25 28/25 27/25 34/25 6/25 42/25 28/25 37/25 8/25 56/25 29/25 8/5 2/5 14/5 6/5 43/25 12/25 84/25 31/25 46/25 14/25 98/25 32/25 49/25 16/25 112/25 33/25 52/25 18/25 126/25 34/25 11/5 4/5 28/5 7/5 58/25 22/25 154/25 36/25 61/25 24/25 168/25 37/25 64/25 26/25 182/25 38/25 67/25 28/25 196/25 39/25 14/5 6/5 42/5 8/5 73/25 32/25 224/25 41/25 76/25 34/25 238/25 42/25 79/25 36/25 252/25 43/25 82/25 38/25 266/25 44/25 17/5 8/5 56/5 9/5 88/25 42/25 294/25 46/25 91/25 44/25 308/25 47/25 94/25 46/25 322/25 48/25 97/25 48/25 336/25 49/25 4 2 14 2 21/5 12/5 69/5 51/25 22/5 14/5 68/5 52/25 23/5 16/5 67/5 53/25 24/5 18/5 66/5 54/25 5 4 13 11/5 26/5 22/5 64/5 56/25 27/5 24/5 63/5 57/25 28/5 26/5 62/5 58/25 29/5 28/5 61/5 59/25 6 6 12 12/5 31/5 32/5 59/5 61/25 32/5 34/5 58/5 62/25 33/5 36/5 57/5 63/25 34/5 38/5 56/5 64/25 7 8 11 13/5 36/5 42/5 54/5 66/25 37/5 44/5 53/5 67/25 38/5 46/5 52/5 68/25 39/5 48/5 51/5 69/25 8 10 10 14/5 41/5 52/5 49/5 71/25 42/5 54/5 48/5 72/25 43/5 56/5 47/5 73/25 44/5 58/5 46/5 74/25 9 12 9 3 44/5 297/25 226/25 73/25 43/5 294/25 227/25 71/25 42/5 291/25 228/25 69/25 41/5 288/25 229/25 67/25 8 57/5 46/5 13/5 39/5 282/25 231/25 63/25 38/5 279/25 232/25 61/25 37/5 276/25 233/25 59/25 36/5 273/25 234/25 57/25 7 54/5 47/5 11/5 34/5 267/25 236/25 53/25 33/5 264/25 237/25 51/25 32/5 261/25 238/25 49/25 31/5 258/25 239/25 47/25 6 51/5 48/5 9/5 29/5 252/25 241/25 43/25 28/5 249/25 242/25 41/25 27/5 246/25 243/25 39/25 26/5 243/25 244/25 37/25 5 48/5 49/5 7/5 24/5 237/25 246/25 33/25 23/5 234/25 247/25 31/25 22/5 231/25 248/25 29/25 21/5 228/25 249/25 27/25 4 9 10 1 97/25 216/25 48/5 1 94/25 207/25 46/5 1 91/25 198/25 44/5 1 88/25 189/25 42/5 1 17/5 36/5 8 1 82/25 171/25 38/5 1 79/25 162/25 36/5 1 76/25 153/25 34/5 1 73/25 144/25 32/5 1 14/5 27/5 6 1 67/25 126/25 28/5 1 64/25 117/25 26/5 1 61/25 108/25 24/5 1 58/25 99/25 22/5 1 11/5 18/5 4 1 52/25 81/25 18/5 1 49/25 72/25 16/5 1 46/25 63/25 14/5 1 43/25 54/25 12/5 1 8/5 9/5 2 1 37/25 36/25 8/5 1 34/25 27/25 6/5 1 31/25 18/25 4/5 1 28/25 9/25 2/5 1 0 25 1 25 2 25 3 25 4 25
clamped_p2_q2_r0 N 2 4 3 1 1 0 0 1 2 1 7 1 3 4 3 1 4 9 10 1 0 3 1 1 4 3 D 0 2 | clamped_p2_q2_r0 R 1 1 2 0 4 3 0 4 1 0 0 1 2 1 7 1 3 4 3 1 4 9 10 1 0 3 1 1 4 3
clamped_p2_q3_r0 N 2 4 3 1 1 0 0 1 2 1 7 1 3 4 3 1 4 9 10 1 0 3 1 1 4 3 D 0 3 | clamped_p2_q3_r0 R 1 1 3 0 6 3 0 4 1 0 0 1 5/3 2/3 14/3 1 25/12 5/4 20/3 1 11/4 13/4 4 1 10/3 17/3 16/3 1 4 9 10 1 0 4 1 2 4 4
clamped_p2_q25_r0 N 2 4 3 1 1 0 0 1 2 1 7 1 3 4 3 1 4 9 10 1 0 3 1 1 4 3 D 0 25 | clamped_p2_q25_r0 R 1 1 25 0 50 3 0 4 1 0 0 1 27/25 2/25 14/25 1 463/400 191/1200 82/75 1 493/400 19/80 8/5 1 261/200 63/200 52/25 1 11/8 47/120 38/15 1 577/400 187/400 74/25 1 603/400 217/400 84/25 1 157/100 37/60 56/15 1 163/100 69/100 102/25 1 27/16 61/80 22/5 1 697/400 1001/1200 352/75 1 359/200 181/200 124/25 1 369/200 39/40 26/5 1 757/400 1253/1200 406/75 1 31/16 89/80 28/5 1 99/50 59/50 144/25 1 101/50 187/150 442/75 1 823/400 21/16 6 1 837/400 551/400 152/25 1 17/8 173/120 92/15 1 431/200 301/200 154/25 1 873/400 627/400 154/25 1 883/400 391/240 92/15 1 223/100 169/100 152/25 1 231/100 193/100 144/25 1 569/240 2543/1200 833/150 1 973/400 927/400 269/50 1 499/200 101/40 131/25 1 307/120 329/120 77/15 1 1049/400 1187/400 253/50 1 43/16 1281/400 251/50 1 413/150 517/150 376/75 1 141/50 37/10 126/25 1 231/80 317/80 51/10 1 3547/1200 5081/1200 779/150 1 121/40 903/200 133/25 1 619/200 961/200 137/25 1 3799/1200 245/48 851/150 1 259/80 433/80 59/10 1 331/100 573/100 154/25 1 203/60 1817/300 484/75 1 1383/400 2557/400 339/50 1 1413/400 539/80 357/50 1 433/120 851/120 113/15 1 737/200 1491/200 199/25 1 301/80 3131/400 421/50 1 4609/1200 9851/1200 1337/150 1 98/25 43/5 236/25 1 4 9 10 1 0 26 1 24 4 26
clamped_p2_q2_r1 N 2 4 3 1 1 0 0 1 2 1 7 2 3 4 3 3 4 9 10 1 0 3 1 1 4 3 D 0 2 | clamped_p2_q2_r1 R 1 1 2 0 4 3 0 4 1 0 0 1 4 2 14 2 9 12 9 3 4 9 10 1 0 3 1 1 4 3
clamped_p2_q3_r1 N 2 4 3 1 1 0 0 1 2 1 7 2 3 4 3 3 4 9 10 1 0 3 1 1 4 3 D 0 3 | clamped_p2_q3_r1 R 1 1 3 0 6 3 0 4 1 0 0 1 3 4/3 28/3 5/3 53/12 17/6 163/12 25/12 31/4 19/2 41/4 11/4 22/3 11 28/3 7/3 4 9 10 1 0 4 1 2 4 4
clamped_p2_q25_r1 N 2 4 3 1 1 0 0 1 2 1 7 2 3 4 3 3 4 9 10 1 0 3 1 1 4 3 D 0 25 | clamped_p2_q25_r1 R 1 1 25 0 50 3 0 4 1 0 0 1 31/25 4/25 28/25 27/25 1769/1200 193/600 2627/1200 463/400 681/400 97/200 1283/400 493/400 77/40 13/20 167/40 261/200 257/120 49/60 611/120 11/8 941/400 197/200 2383/400 577/400 1023/400 231/200 2709/400 603/400 827/300 199/150 2261/300 157/100 59/20 3/2 33/4 163/100 251/80 67/40 713/80 27/16 3983/1200 1111/600 11429/1200 697/400 699/200 203/100 2017/200 359/200 733/200 221/100 2119/200 369/200 919/240 287/120 2653/240 757/400 319/80 103/40 917/80 31/16 207/50 69/25 591/50 99/50 643/150 221/75 1819/150 101/50 1771/400 627/200 4953/400 823/400 73/16 133/40 1007/80 837/400 563/120 211/60 1529/120 17/8 963/200 371/100 2569/200 431/200 1973/400 781/200 5159/400 873/400 6053/1200 2461/600 15479/1200 883/400 103/20 43/10 257/20 223/100 111/20 51/10 249/20 231/100 1397/240 1133/200 14599/1200 2833/1200 97/16 1239/200 4759/400 961/400 251/40 669/100 2329/200 487/200 155/24 143/20 1369/120 59/24 529/80 303/40 179/16 989/400 539/80 1593/200 4393/400 991/400 41/6 208/25 1619/150 371/150 69/10 216/25 531/50 123/50 111/16 357/40 837/80 39/16 1667/240 367/40 2477/240 2887/1200 277/40 939/100 2039/200 473/200 55/8 957/100 2017/200 463/200 1631/240 1943/200 11989/1200 2707/1200 107/16 393/40 793/80 35/16 131/20 99/10 197/20 211/100 383/60 497/50 2941/300 607/300 99/16 1989/200 3909/400 771/400 477/80 1983/200 3903/400 729/400 137/24 197/20 1171/120 41/24 217/40 39/4 391/40 317/200 409/80 1923/200 3923/400 581/400 229/48 1889/200 11827/1200 1573/1200 22/5 231/25 248/25 29/25 4 9 10 1 0 26 1 24 4 26
unclamped_p2_q2_r0 N 2 5 8 1 1 0 0 1 2 1 7 1 3 4 3 1 4 9 10 1 5 16 6 1 0 1 1 1 2 1 3 1 4 1 5 1 6 1 7 1 D 0 2 | unclamped_p2_q2_r0 R 1 1 2 0 5 8 2 5 1 0 0 1 2 1 7 1 3 4 3 1 4 9 10 1 5 16 6 1 0 1 1 1 2 1 3 1 4 1 5 1 6 1 7 1
unclamped_p2_q3_r0 N 2 5 8 1 1 0 0 1 2 1 7 1 3 4 3 1 4 9 10 1 5 16 6 1 0 1 1 1 2 1 3 1 4 1 5 1 6 1 7 1 D 0 3 | unclamped_p2_q3_r0 R 1 1 3 0 8 6 2 5 7/6 1/6 7/6 1 11/6 5/6 35/6 1 13/6 3/2 19/3 1 17/6 7/2 11/3 1 19/6 29/6 25/6 1 23/6 49/6 53/6 1 25/6 61/6 28/3 1 29/6 89/6 20/3 1 1 2 2 2 3 2 4 2 5 2 6 2
unclamped_p2_q25_r0 N 2 5 8 1 1 0 0 1 2 1 7 1 3 4 3 1 4 9 10 1 5 16 6 1 0 1 1 1 2 1 3 1 4 1 5 1 6 1 7 1 D 0 25 | unclamped_p2_q25_r0 R 1 1 25 0 74 6 2 5 73/50 23/50 161/50 1 77/50 27/50 189/50 1 79/50 7/12 97/24 1 81/50 63/100 857/200 1 83/50 17/25 451/100 1 17/10 11/15 283/60 1 87/50 79/100 981/200 1 89/50 17/20 203/40 1 91/50 137/150 392/75 1 93/50 49/50 134/25 1 19/10 21/20 219/40 1 97/50 337/300 3343/600 1 99/50 6/5 113/20 1 101/50 32/25 571/100 1 103/50 409/300 3451/600 1 21/10 29/20 231/40 1 107/50 77/50 289/50 1 109/50 49/30 173/30 1 111/50 173/100 1147/200 1 113/50 183/100 1137/200 1 23/10 29/15 337/60 1 117/50 51/25 553/100 1 119/50 43/20 217/40 1 121/50 679/300 3181/600 1 123/50 119/50 129/25 1 127/50 131/50 121/25 1 129/50 823/300 2819/600 1 131/50 287/100 183/40 1 133/50 3 447/100 1 27/10 47/15 263/60 1 137/50 327/100 863/200 1 139/50 341/100 853/200 1 141/50 533/150 127/30 1 143/50 37/10 211/50 1 29/10 77/20 169/40 1 147/50 1201/300 2549/600 1 149/50 104/25 429/100 1 151/50 108/25 87/20 1 153/50 269/60 2657/600 1 31/10 93/20 181/40 1 157/50 241/50 116/25 1 159/50 749/150 358/75 1 161/50 517/100 197/40 1 163/50 107/20 1019/200 1 33/10 83/15 317/60 1 167/50 143/25 549/100 1 169/50 591/100 1143/200 1 171/50 1831/300 143/24 1 173/50 63/10 311/50 1 177/50 67/10 339/50 1 179/50 2071/300 169/24 1 181/50 711/100 1457/200 1 183/50 183/25 751/100 1 37/10 113/15 463/60 1 187/50 31/4 1581/200 1 189/50 797/100 323/40 1 191/50 1229/150 617/75 1 193/50 421/50 209/25 1 39/10 173/20 339/40 1 197/50 533/60 5143/600 1 199/50 228/25 173/20 1 201/50 234/25 871/100 1 203/50 2881/300 5251/600 1 41/10 197/20 351/40 1 207/50 101/10 439/50 1 209/50 1553/150 263/30 1 211/50 1061/100 1747/200 1 213/50 1087/100 1737/200 1 43/10 167/15 517/60 1 217/50 57/5 853/100 1 219/50 1167/100 337/40 1 221/50 3583/300 4981/600 1 223/50 611/50 204/25 1 227/50 639/50 196/25 1 1 2 2 24 3 24 4 24 5 24 6 2
unclamped_p2_q2_r1 N 2 5 8 1 1 0 0 1 2 1 7 2 3 4 3 3 4 9 10 1 5 16 6 2 0 1 1 1 2 1 3 1 4 1 5 1 6 1 7 1 D 0 2 | unclamped_p2_q2_r1 R 1 1 2 0 5 8 2 5 1 0 0 1 4 2 14 2 9 12 9 3 4 9 10 1 10 32 12 2 0 1 1 1 2 1 3 1 4 1 5 1 6 1 7 1
unclamped_p2_q3_r1 N 2 5 8 1 1 0 0 1 2 1 7 2 3 4 3 3 4 9 10 1 5 16 6 2 0 1 1 1 2 1 3 1 4 1 5 1 6 1 7 1 D 0 3 | unclamped_p2_q3_r1 R 1 1 3 0 8 6 2 5 3/2 1/3 7/3 7/6 7/2 5/3 35/3 11/6 29/6 11/3 79/6 13/6 49/6 31/3 59/6 17/6 49/6 23/2 55/6 8/3 29/6 19/2 59/6 4/3 5 77/6 31/3 7/6 9 169/6 35/3 11/6 1 2 2 2 3 2 4 2 5 2 6 2
unclamped_p2_q25_r1 N 2 5 8 1 1 0 0 1 2 1 7 2 3 4 3 3 4 9 10 1 5 16 6 2 0 1 1 1 2 1 3 1 4 1 5 1 6 1 7 1 D 0 25 | unclamped_p2_q25_r1 R 1 1 25 0 74 6 2 5 119/50 23/25 161/25 73/50 131/50 27/25 189/25 77/50 823/300 88/75 4853/600 79/50 287/100 32/25 1717/200 81/50 3 7/5 181/20 83/50 47/15 23/15 569/60 17/10 327/100 42/25 1977/200 87/50 341/100 46/25 2051/200 89/50 533/150 151/75 1589/150 91/50 37/10 11/5 109/10 93/50 77/20 12/5 447/40 19/10 1201/300 196/75 6851/600 97/50 104/25 71/25 1163/100 99/50 108/25 77/25 1181/100 101/50 269/60 10/3 287/24 103/50 93/20 18/5 483/40 21/10 241/50 97/25 304/25 107/50 749/150 313/75 916/75 109/50 517/100 112/25 2447/200 111/50 107/20 24/5 489/40 113/50 83/15 77/15 731/60 23/10 143/25 137/25 1211/100 117/50 591/100 146/25 2401/200 119/50 1831/300 466/75 7121/600 121/50 63/10 33/5 117/10 123/50 67/10 37/5 113/10 127/50 413/60 4667/600 1111/100 103/40 141/20 1627/200 1093/100 521/200 36/5 847/100 269/25 263/100 22/3 527/60 53/5 53/20 149/20 363/40 209/20 533/200 151/20 1869/200 1031/100 107/40 229/30 1439/150 509/50 67/25 77/10 491/50 503/50 67/25 31/4 401/40 199/20 107/40 467/60 245/24 197/20 533/200 39/5 1037/100 244/25 53/20 39/5 1051/100 242/25 263/100 467/60 6377/600 961/100 521/200 31/4 429/40 191/20 103/40 77/10 54/5 19/2 127/50 229/30 814/75 473/50 5/2 151/20 2177/200 943/100 491/200 149/20 2179/200 941/100 481/200 22/3 653/60 47/5 47/20 36/5 217/20 47/5 229/100 141/20 2159/200 941/100 89/40 413/60 6431/600 943/100 431/200 67/10 531/50 473/50 52/25 63/10 519/50 477/50 48/25 3671/600 3091/300 5749/600 369/200 1191/200 1027/100 77/8 71/40 581/100 257/25 967/100 171/100 341/60 31/3 583/60 33/20 223/40 1043/100 1953/200 319/200 1097/200 1057/100 1963/200 309/200 406/75 1613/150 148/15 3/2 134/25 549/50 248/25 73/50 213/40 45/4 399/40 57/40 637/120 3469/300 6019/600 279/200 531/100 298/25 1009/100 137/100 533/100 308/25 203/20 27/20 3221/600 3829/300 6127/600 267/200 217/40 53/4 411/40 53/40 11/2 689/50 517/50 33/25 839/150 2153/150 1561/150 33/25 1141/200 1497/100 419/40 53/40 1167/200 1563/100 2109/200 267/200 359/60 49/3 637/60 27/20 123/20 427/25 1069/100 137/100 1267/200 1787/100 2153/200 279/200 3923/600 5611/300 1301/120 57/40 169/25 979/50 273/25 73/50 181/25 1071/50 277/25 77/50 1 2 2 24 3 24 4 24 5 24 6 2
inactive_p2_q2_r0 N 2 9 7 1 1 0 0 1 2 1 7 1 3 4 3 1 4 9 10 1 5 16 6 1 6 0 2 1 7 1 9 1 8 4 5 1 9 9 1 1 -2 2 -1 2 0 1 1 2 2 1 3 2 4 2 D 0 2 | inactive_p2_q2_r0 R 1 1 2 0 9 7 -1 3 1 0 0 1 2 1 7 1 3 4 3 1 4 9 10 1 5 16 6 1 6 0 2 1 7 1 9 1 8 4 5 1 9 9 1 1 -2 2 -1 2 0 1 1 2 2 1 3 2 4 2
inactive_p2_q3_r0 N 2 9 7 1 1 0 0 1 2 1 7 1 3 4 3 1 4 9 10 1 5 16 6 1 6 0 2 1 7 1 9 1 8 4 5 1 9 9 1 1 -2 2 -1 2 0 1 1 2 2 1 3 2 4 2 D 0 3 | inactive_p2_q3_r0 R 1 1 3 0 13 7 -1 3 4/3 1/3 7/3 1 2 1 7 1 8/3 3 13/3 1 19/6 29/6 25/6 1 23/6 49/6 53/6 1 13/3 34/3 26/3 1 5 16 6 1 17/3 16/3 10/3 1 37/6 1/6 19/6 1 41/6 5/6 47/6 1 22/3 2 23/3 1 8 4 5 1 26/3 22/3 7/3 1 -2 2 -1 3 0 2 1 3 2 2 3 3 4 2
inactive_p2_q25_r0 N 2 9 7 1 1 0 0 1 2 1 7 1 3 4 3 1 4 9 10 1 5 16 6 1 6 0 2 1 7 1 9 1 8 4 5 1 9 9 1 1 -2 2 -1 2 0 1 1 2 2 1 3 2 4 2 D 0 25 | inactive_p2_q25_r0 R 1 1 25 0 101 7 -1 3 48/25 23/25 161/25 1 2 1 7 1 52/25 31/25 167/25 1 259/120 887/600 1277/200 1 447/200 343/200 1223/200 1 231/100 39/20 587/100 1 143/60 131/60 113/20 1 491/200 483/200 1091/200 1 101/40 529/200 1057/200 1 389/150 431/150 257/50 1 133/50 31/10 251/50 1 109/40 133/40 197/40 1 1673/600 2129/600 971/200 1 57/20 377/100 481/100 1 291/100 399/100 479/100 1 1781/600 101/24 959/200 1 121/40 177/40 193/40 1 77/25 116/25 122/25 1 47/15 364/75 124/25 1 637/200 1013/200 1013/200 1 647/200 211/40 1039/200 1 197/60 329/60 107/20 1 333/100 569/100 553/100 1 27/8 1179/200 1147/200 1 2051/600 3659/600 1193/200 1 173/50 63/10 311/50 1 177/50 67/10 339/50 1 2149/600 1383/200 1407/200 1 29/8 1429/200 1453/200 1 367/100 739/100 747/100 1 223/60 153/20 153/20 1 753/200 317/40 1561/200 1 763/200 1643/200 1587/200 1 58/15 213/25 201/25 1 98/25 221/25 203/25 1 159/40 367/40 327/40 1 2419/600 381/40 1641/200 1 409/100 989/100 821/100 1 83/20 1027/100 819/100 1 2527/600 2133/200 1629/200 1 171/40 443/40 323/40 1 217/50 23/2 399/50 1 661/150 597/50 393/50 1 179/40 2479/200 1543/200 1 909/200 2573/200 1509/200 1 277/60 267/20 147/20 1 469/100 277/20 713/100 1 953/200 2873/200 1377/200 1 581/120 2979/200 1323/200 1 123/25 386/25 158/25 1 5 16 6 1 127/25 368/25 142/25 1 619/120 2699/200 1077/200 1 1047/200 493/40 1023/200 1 531/100 1121/100 487/100 1 323/60 203/20 93/20 1 1091/200 1829/200 891/200 1 221/40 1639/200 857/200 1 839/150 73/10 207/50 1 283/50 323/50 201/50 1 229/40 227/40 157/40 1 3473/600 989/200 771/200 1 117/20 427/100 381/100 1 591/100 73/20 379/100 1 3581/600 617/200 759/200 1 241/40 103/40 153/40 1 152/25 53/25 97/25 1 92/15 43/25 99/25 1 1237/200 11/8 813/200 1 1247/200 217/200 839/200 1 377/60 17/20 87/20 1 633/100 67/100 453/100 1 51/8 109/200 947/200 1 3851/600 19/40 993/200 1 323/50 23/50 261/50 1 327/50 27/50 289/50 1 3949/600 353/600 1207/200 1 53/8 129/200 1253/200 1 667/100 71/100 647/100 1 403/60 47/60 133/20 1 1353/200 173/200 1361/200 1 1363/200 191/200 1387/200 1 103/15 79/75 176/25 1 173/25 29/25 178/25 1 279/40 51/40 287/40 1 4219/600 839/600 1441/200 1 709/100 153/100 721/100 1 143/20 167/100 719/100 1 4327/600 1091/600 1429/200 1 291/40 79/40 283/40 1 367/50 107/50 349/50 1 1111/150 347/150 343/50 1 299/40 499/200 1343/200 1 1509/200 537/200 1309/200 1 457/60 173/60 127/20 1 769/100 309/100 613/100 1 1553/200 661/200 1177/200 1 941/120 2117/600 1123/200 1 198/25 94/25 133/25 1 8 4 5 1 202/25 22/5 117/25 1 -2 2 -1 25 0 24 1 25 2 24 3 25 4 2
inactive_p2_q2_r1 N 2 9 7 1 1 0 0 1 2 1 7 2 3 4 3 3 4 9 10 1 5 16 6 2 6 0 2 3 7 1 9 1 8 4 5 2 9 9 1 3 -2 2 -1 2 0 1 1 2 2 1 3 2 4 2 D 0 2 | inactive_p2_q2_r1 R 1 1 2 0 9 7 -1 3 1 0 0 1 4 2 14 2 9 12 9 3 4 9 10 1 10 32 12 2 18 0 6 3 7 1 9 1 16 8 10 2 27 27 3 3 -2 2 -1 2 0 1 1 2 2 1 3 2 4 2
inactive_p2_q3_r1 N 2 9 7 1 1 0 0 1 2 1 7 2 3 4 3 3 4 9 10 1 5 16 6 2 6 0 2 3 7 1 9 1 8 4 5 2 9 9 1 3 -2 2 -1 2 0 1 1 2 2 1 3 2 4 2 D 0 3 | inactive_p2_q3_r1 R 1 1 3 0 13 7 -1 3 2 2/3 14/3 4/3 4 2 14 2 22/3 26/3 32/3 8/3 49/6 23/2 55/6 8/3 29/6 19/2 59/6 4/3 6 50/3 32/3 4/3 10 32 12 2 46/3 32/3 8 8/3 97/6 1/6 13/2 8/3 53/6 5/6 17/2 4/3 10 10/3 28/3 4/3 16 8 10 2 70/3 62/3 16/3 8/3 -2 2 -1 3 0 2 1 3 2 2 3 3 4 2
inactive_p2_q25_r1 N 2 9 7 1 1 0 0 1 2 1 7 2 3 4 3 3 4 9 10 1 5 16 6 2 6 0 2 3 7 1 9 1 8 4 5 2 9 9 1 3 -2 2 -1 2 0 1 1 2 2 1 3 2 4 2 D 0 25 | inactive_p2_q25_r1 R 1 1 25 0 101 7 -1 3 94/25 46/25 322/25 48/25 4 2 14 2 22/5 14/5 68/5 52/25 191/40 2137/600 7931/600 323/150 41/8 857/200 2571/200 111/50 109/20 497/100 1251/100 57/25 23/4 337/60 731/60 7/3 241/40 249/40 95/8 119/50 251/40 1359/200 2317/200 121/50 13/2 1099/150 1697/150 184/75 67/10 391/50 553/50 62/25 55/8 331/40 433/40 5/2 281/40 1043/120 1273/120 377/150 143/20 907/100 1041/100 63/25 29/4 941/100 1023/100 63/25 293/40 5827/600 6041/600 377/150 59/8 399/40 397/40 5/2 37/5 51/5 49/5 62/25 37/5 779/75 727/75 184/75 59/8 2107/200 1921/200 121/50 293/40 2129/200 1907/200 119/50 29/4 643/60 569/60 7/3 143/20 43/4 189/20 57/25 281/40 2149/200 1887/200 111/50 55/8 6421/600 5663/600 323/150 67/10 531/50 473/50 52/25 63/10 519/50 477/50 48/25 3677/600 1241/120 1917/200 277/150 1197/200 2077/200 1927/200 89/50 587/100 1051/100 969/100 43/25 347/60 643/60 39/4 5/3 229/40 2201/200 1963/200 81/50 1139/200 91/8 1977/200 79/50 427/75 887/75 249/25 116/75 143/25 309/25 251/25 38/25 231/40 519/40 81/8 3/2 703/120 8203/600 2043/200 223/150 597/100 289/20 1031/100 37/25 611/100 1531/100 1041/100 37/25 3767/600 9751/600 2103/200 223/150 259/40 691/40 85/8 3/2 67/10 919/50 537/50 38/25 1043/150 587/30 543/50 116/75 1447/200 4167/200 2197/200 79/50 1509/200 4437/200 2223/200 81/50 473/60 1417/60 45/4 5/3 33/4 2513/100 1139/100 43/25 1729/200 1069/40 2307/200 89/50 5441/600 17041/600 2337/200 277/150 238/25 754/25 296/25 48/25 10 32 12 2 266/25 736/25 288/25 52/25 2247/200 16193/600 2213/200 323/150 2357/200 4929/200 2127/200 111/50 1229/100 2241/100 1023/100 57/25 51/4 1217/60 197/20 7/3 2633/200 3653/200 1899/200 119/50 2707/200 3271/200 1833/200 121/50 693/50 2183/150 443/50 184/75 707/50 643/50 429/50 62/25 115/8 451/40 333/40 5/2 2913/200 5879/600 1619/200 377/150 1471/100 843/100 789/100 63/25 1481/100 717/100 771/100 63/25 2973/200 3611/600 1511/200 377/150 119/8 199/40 297/40 5/2 371/25 101/25 183/25 62/25 369/25 241/75 181/25 184/75 2927/200 499/200 1437/200 121/50 2893/200 377/200 1431/200 119/50 57/4 83/60 143/20 7/3 1399/100 99/100 717/100 57/25 2737/200 141/200 1443/200 111/50 2667/200 317/600 1457/200 323/150 647/50 23/50 369/50 52/25 603/50 27/50 381/50 48/25 7001/600 361/600 4643/600 277/150 453/40 137/200 1571/200 89/50 1103/100 79/100 797/100 43/25 647/60 11/12 97/12 5/3 2117/200 213/200 1639/200 81/50 2087/200 247/200 1661/200 79/50 31/3 107/75 631/75 116/75 257/25 41/25 213/25 38/25 411/40 15/8 69/8 3/2 6191/600 1279/600 5237/600 223/150 1041/100 241/100 883/100 37/25 211/20 271/100 893/100 37/25 6443/600 1819/600 5417/600 223/150 439/40 27/8 73/8 3/2 563/50 187/50 461/50 38/25 1739/150 619/150 1397/150 116/75 479/40 907/200 1881/200 79/50 2481/200 993/200 1899/200 81/50 773/60 65/12 115/12 5/3 1341/100 589/100 967/100 43/25 2797/200 1277/200 1951/200 89/50 1753/120 4141/600 5903/600 277/150 382/25 186/25 248/25 48/25 16 8 10 2 422/25 238/25 236/25 52/25 -2 2 -1 25 0 24 1 25 2 24 3 25 4 2
periodic_p2_q2_r0 P 2 3 3 1 1 0 0 1 2 1 7 1 3 4 3 1 0 1 1 2 3 1 D 0 2 | periodic_p2_q2_r0 R 1 1 2 1 3 3 0 3 1 0 0 1 2 1 7 1 3 4 3 1 0 1 1 2 3 1
periodic_p2_q3_r0 P 2 3 3 1 1 0 0 1 2 1 7 1 3 4 3 1 0 1 1 2 3 1 D 0 3 | periodic_p2_q3_r0 R 1 1 3 1 5 3 0 3 11/9 2/9 14/9 1 17/9 8/9 56/9 1 7/3 2 17/3 1 3 4 3 1 5/3 4/3 1 1 0 2 1 3 3 2
periodic_p2_q25_r0 P 2 3 3 1 1 0 0 1 2 1 7 1 3 4 3 1 0 1 1 2 3 1 D 0 25 | periodic_p2_q25_r0 R 1 1 25 1 49 3 0 3 121/75 46/75 322/75 1 127/75 52/75 364/75 1 31/18 164/225 4517/900 1 263/150 58/75 1549/300 1 134/75 62/75 793/150 1 82/45 8/9 97/18 1 93/50 24/25 547/100 1 19/10 26/25 553/100 1 437/225 254/225 1253/225 1 149/75 92/75 419/75 1 61/30 4/3 67/12 1 937/450 326/225 5003/900 1 32/15 118/75 827/150 1 164/75 128/75 817/150 1 1009/450 416/225 4823/900 1 23/10 2 21/4 1 59/25 54/25 128/25 1 109/45 524/225 1118/225 1 373/150 188/75 1439/300 1 383/150 202/75 1381/300 1 118/45 26/9 79/18 1 202/75 232/75 623/150 1 83/30 248/75 1169/300 1 1279/450 794/225 3257/900 1 73/25 94/25 83/25 1 3 4 3 1 71/25 92/25 69/25 1 121/45 1519/450 2291/900 1 191/75 463/150 707/300 1 181/75 211/75 329/150 1 103/45 23/9 37/18 1 163/75 347/150 583/300 1 31/15 313/150 557/300 1 443/225 422/225 404/225 1 47/25 42/25 44/25 1 9/5 3/2 7/4 1 389/225 601/450 1589/900 1 5/3 89/75 271/150 1 121/75 79/75 281/150 1 353/225 421/450 1769/900 1 23/15 5/6 25/12 1 113/75 56/75 167/75 1 67/45 152/225 539/225 1 37/25 31/50 259/100 1 37/25 29/50 281/100 1 67/45 5/9 55/18 1 113/75 41/75 499/150 1 23/15 83/150 1087/300 1 353/225 259/450 3551/900 1 0 24 1 25 3 24
periodic_p2_q2_r1 P 2 3 3 1 1 0 0 1 2 1 7 2 3 4 3 3 0 1 1 2 3 1 D 0 2 | periodic_p2_q2_r1 R 1 1 2 1 3 3 0 3 1 0 0 1 4 2 14 2 9 12 9 3 0 1 1 2 3 1
periodic_p2_q3_r1 P 2 3 3 1 1 0 0 1 2 1 7 2 3 4 3 3 0 1 1 2 3 1 D 0 3 | periodic_p2_q3_r1 R 1 1 3 1 5 3 0 3 5/3 4/9 28/9 11/9 11/3 16/9 112/9 17/9 17/3 16/3 37/3 7/3 9 12 9 3 11/3 4 3 5/3 0 2 1 3 3 2
periodic_p2_q25_r1 P 2 3 3 1 1 0 0 1 2 1 7 2 3 4 3 3 0 1 1 2 3 1 D 0 25 | periodic_p2_q25_r1 R 1 1 25 1 49 3 0 3 71/25 92/75 644/75 121/75 77/25 104/75 728/75 127/75 238/75 331/225 9043/900 31/18 82/25 119/75 3107/300 263/150 17/5 26/15 319/30 134/75 53/15 86/45 979/90 82/45 92/25 53/25 1109/100 93/50 96/25 59/25 1127/100 19/10 301/75 592/225 2569/225 437/225 21/5 44/15 173/15 149/75 22/5 49/15 697/60 61/30 346/75 817/225 10501/900 937/450 121/25 302/75 1753/150 32/15 127/25 334/75 1751/150 164/75 16/3 221/45 2093/180 1009/450 28/5 27/5 231/20 23/10 147/25 148/25 286/25 59/25 463/75 1456/225 2542/225 109/45 162/25 529/75 3337/300 373/150 34/5 23/3 131/12 383/150 107/15 374/45 961/90 118/45 187/25 674/75 1561/150 202/75 196/25 727/75 3031/300 83/30 616/75 2347/225 8791/900 1279/450 43/5 56/5 47/5 73/25 9 12 9 3 209/25 276/25 207/25 71/25 1163/150 2278/225 6859/900 121/45 359/50 694/75 2107/300 191/75 166/25 632/75 973/150 181/75 92/15 344/45 541/90 103/45 283/50 518/75 1679/300 163/75 261/50 466/75 1573/300 31/15 361/75 1252/225 1114/225 443/225 111/25 124/25 118/25 47/25 41/10 22/5 91/20 9/5 569/150 874/225 3997/900 389/225 88/25 256/75 659/150 5/3 82/25 224/75 661/150 121/75 461/150 586/225 4033/900 353/225 29/10 34/15 277/60 23/15 69/25 148/75 361/75 113/75 199/75 388/225 1141/225 67/45 129/50 38/25 539/100 37/25 127/50 34/25 577/100 37/25 38/15 56/45 559/90 67/45 64/25 88/75 1007/150 113/75 131/50 86/75 2183/300 23/15 407/150 262/225 7111/900 353/225 0 24 1 25 3 24
uniform_periodic_p2_q2_r0 P 2 5 6 1 1 0 0 1 2 1 7 1 3 4 3 1 4 9 10 1 5 16 6 1 0 1 1 1 2 1 3 1 4 1 5 1 D 0 2 | uniform_periodic_p2_q2_r0 R 1 1 2 1 5 6 0 5 1 0 0 1 2 1 7 1 3 4 3 1 4 9 10 1 5 16 6 1 0 1 1 1 2 1 3 1 4 1 5 1
uniform_periodic_p2_q3_r0 P 2 5 6 1 1 0 0 1 2 1 7 1 3 4 3 1 4 9 10 1 5 16 6 1 0 1 1 1 2 1 3 1 4 1 5 1 D 0 3 | uniform_periodic_p2_q3_r0 R 1 1 3 1 10 6 0 5 7/6 1/6 7/6 1 11/6 5/6 35/6 1 13/6 3/2 19/3 1 17/6 7/2 11/3 1 19/6 29/6 25/6 1 23/6 49/6 53/6 1 25/6 61/6 28/3 1 29/6 89/6 20/3 1 13/3 40/3 5 1 5/3 8/3 1 1 0 2 1 2 2 2 3 2 4 2 5 2
uniform_periodic_p2_q25_r0 P 2 5 6 1 1 0 0 1 2 1 7 1 3 4 3 1 4 9 10 1 5 16 6 1 0 1 1 1 2 1 3 1 4 1 5 1 D 0 25 | uniform_periodic_p2_q25_r0 R 1 1 25 1 120 6 0 5 73/50 23/50 161/50 1 77/50 27/50 189/50 1 79/50 7/12 97/24 1 81/50 63/100 857/200 1 83/50 17/25 451/100 1 17/10 11/15 283/60 1 87/50 79/100 981/200 1 89/50 17/20 203/40 1 91/50 137/150 392/75 1 93/50 49/50 134/25 1 19/10 21/20 219/40 1 97/50 337/300 3343/600 1 99/50 6/5 113/20 1 101/50 32/25 571/100 1 103/50 409/300 3451/600 1 21/10 29/20 231/40 1 107/50 77/50 289/50 1 109/50 49/30 173/30 1 111/50 173/100 1147/200 1 113/50 183/100 1137/200 1 23/10 29/15 337/60 1 117/50 51/25 553/100 1 119/50 43/20 217/40 1 121/50 679/300 3181/600 1 123/50 119/50 129/25 1 127/50 131/50 121/25 1 129/50 823/300 2819/600 1 131/50 287/100 183/40 1 133/50 3 447/100 1 27/10 47/15 263/60 1 137/50 327/100 863/200 1 139/50 341/100 853/200 1 141/50 533/150 127/30 1 143/50 37/10 211/50 1 29/10 77/20 169/40 1 147/50 1201/300 2549/600 1 149/50 104/25 429/100 1 151/50 108/25 87/20 1 153/50 269/60 2657/600 1 31/10 93/20 181/40 1 157/50 241/50 116/25 1 159/50 749/150 358/75 1 161/50 517/100 197/40 1 163/50 107/20 1019/200 1 33/10 83/15 317/60 1 167/50 143/25 549/100 1 169/50 591/100 1143/200 1 171/50 1831/300 143/24 1 173/50 63/10 311/50 1 177/50 67/10 339/50 1 179/50 2071/300 169/24 1 181/50 711/100 1457/200 1 183/50 183/25 751/100 1 37/10 113/15 463/60 1 187/50 31/4 1581/200 1 189/50 797/100 323/40 1 191/50 1229/150 617/75 1 193/50 421/50 209/25 1 39/10 173/20 339/40 1 197/50 533/60 5143/600 1 199/50 228/25 173/20 1 201/50 234/25 871/100 1 203/50 2881/300 5251/600 1 41/10 197/20 351/40 1 207/50 101/10 439/50 1 209/50 1553/150 263/30 1 211/50 1061/100 1747/200 1 213/50 1087/100 1737/200 1 43/10 167/15 517/60 1 217/50 57/5 853/100 1 219/50 1167/100 337/40 1 221/50 3583/300 4981/600 1 223/50 611/50 204/25 1 227/50 639/50 196/25 1 2743/600 7813/600 2303/300 1 919/200 529/40 751/100 1 461/100 1339/100 367/50 1 277/60 811/60 43/6 1 923/200 2721/200 699/100 1 921/200 2731/200 681/100 1 344/75 41/3 497/75 1 114/25 341/25 161/25 1 181/40 543/40 25/4 1 2689/600 8083/600 1817/300 1 443/100 1333/100 293/50 1 437/100 263/20 283/50 1 2581/600 7759/600 1637/300 1 169/40 507/40 21/4 1 207/50 619/50 126/25 1 607/150 1807/150 362/75 1 789/200 467/40 461/100 1 767/200 2253/200 439/100 1 223/60 649/60 25/6 1 359/100 1033/100 197/50 1 691/200 1961/200 371/100 1 1987/600 1109/120 1043/300 1 79/25 216/25 81/25 1 71/25 184/25 69/25 1 1613/600 4049/600 61/24 1 509/200 1233/200 469/200 1 241/100 561/100 217/100 1 137/60 61/12 121/60 1 433/200 917/200 377/200 1 411/200 823/200 71/40 1 293/150 551/150 253/150 1 93/50 163/50 81/50 1 71/40 23/8 63/40 1 1019/600 1511/600 931/600 1 163/100 219/100 31/20 1 157/100 189/100 157/100 1 911/600 971/600 967/600 1 59/40 11/8 67/40 1 36/25 29/25 44/25 1 106/75 73/75 28/15 1 279/200 163/200 399/200 1 277/200 137/200 429/200 1 83/60 7/12 139/60 1 139/100 51/100 251/100 1 281/200 93/200 109/40 1 857/600 269/600 1777/600 1 0 24 1 24 2 24 3 24 4 24 5 24
uniform_periodic_p2_q2_r1 P 2 5 6 1 1 0 0 1 2 1 7 2 3 4 3 3 4 9 10 1 5 16 6 2 0 1 1 1 2 1 3 1 4 1 5 1 D 0 2 | uniform_periodic_p2_q2_r1 R 1 1 2 1 5 6 0 5 1 0 0 1 4 2 14 2 9 12 9 3 4 9 10 1 10 32 12 2 0 1 1 1 2 1 3 1 4 1 5 1
uniform_periodic_p2_q3_r1 P 2 5 6 1 1 0 0 1 2 1 7 2 3 4 3 3 4 9 10 1 5 16 6 2 0 1 1 1 2 1 3 1 4 1 5 1 D 0 3 | uniform_periodic_p2_q3_r1 R 1 1 3 1 10 6 0 5 3/2 1/3 7/3 7/6 7/2 5/3 35/3 11/6 29/6 11/3 79/6 13/6 49/6 31/3 59/6 17/6 49/6 23/2 55/6 8/3 29/6 19/2 59/6 4/3 5 77/6 31/3 7/6 9 169/6 35/3 11/6 17/2 80/3 10 11/6 5/2 16/3 2 7/6 0 2 1 2 2 2 3 2 4 2 5 2
uniform_periodic_p2_q25_r1 P 2 5 6 1 1 0 0 1 2 1 7 2 3 4 3 3 4 9 10 1 5 16 6 2 0 1 1 1 2 1 3 1 4 1 5 1 D 0 25 | uniform_periodic_p2_q25_r1 R 1 1 25 1 120 6 0 5 119/50 23/25 161/25 73/50 131/50 27/25 189/25 77/50 823/300 88/75 4853/600 79/50 287/100 32/25 1717/200 81/50 3 7/5 181/20 83/50 47/15 23/15 569/60 17/10 327/100 42/25 1977/200 87/50 341/100 46/25 2051/200 89/50 533/150 151/75 1589/150 91/50 37/10 11/5 109/10 93/50 77/20 12/5 447/40 19/10 1201/300 196/75 6851/600 97/50 104/25 71/25 1163/100 99/50 108/25 77/25 1181/100 101/50 269/60 10/3 287/24 103/50 93/20 18/5 483/40 21/10 241/50 97/25 304/25 107/50 749/150 313/75 916/75 109/50 517/100 112/25 2447/200 111/50 107/20 24/5 489/40 113/50 83/15 77/15 731/60 23/10 143/25 137/25 1211/100 117/50 591/100 146/25 2401/200 119/50 1831/300 466/75 7121/600 121/50 63/10 33/5 117/10 123/50 67/10 37/5 113/10 127/50 413/60 4667/600 1111/100 103/40 141/20 1627/200 1093/100 521/200 36/5 847/100 269/25 263/100 22/3 527/60 53/5 53/20 149/20 363/40 209/20 533/200 151/20 1869/200 1031/100 107/40 229/30 1439/150 509/50 67/25 77/10 491/50 503/50 67/25 31/4 401/40 199/20 107/40 467/60 245/24 197/20 533/200 39/5 1037/100 244/25 53/20 39/5 1051/100 242/25 263/100 467/60 6377/600 961/100 521/200 31/4 429/40 191/20 103/40 77/10 54/5 19/2 127/50 229/30 814/75 473/50 5/2 151/20 2177/200 943/100 491/200 149/20 2179/200 941/100 481/200 22/3 653/60 47/5 47/20 36/5 217/20 47/5 229/100 141/20 2159/200 941/100 89/40 413/60 6431/600 943/100 431/200 67/10 531/50 473/50 52/25 63/10 519/50 477/50 48/25 3671/600 3091/300 5749/600 369/200 1191/200 1027/100 77/8 71/40 581/100 257/25 967/100 171/100 341/60 31/3 583/60 33/20 223/40 1043/100 1953/200 319/200 1097/200 1057/100 1963/200 309/200 406/75 1613/150 148/15 3/2 134/25 549/50 248/25 73/50 213/40 45/4 399/40 57/40 637/120 3469/300 6019/600 279/200 531/100 298/25 1009/100 137/100 533/100 308/25 203/20 27/20 3221/600 3829/300 6127/600 267/200 217/40 53/4 411/40 53/40 11/2 689/50 517/50 33/25 839/150 2153/150 1561/150 33/25 1141/200 1497/100 419/40 53/40 1167/200 1563/100 2109/200 267/200 359/60 49/3 637/60 27/20 123/20 427/25 1069/100 137/100 1267/200 1787/100 2153/200 279/200 3923/600 5611/300 1301/120 57/40 169/25 979/50 273/25 73/50 181/25 1071/50 277/25 77/50 1491/200 13349/600 3341/300 473/300 1529/200 4597/200 1117/100 161/100 781/100 2363/100 559/50 41/25 159/20 1451/60 67/6 5/3 1613/200 4929/200 1113/100 169/100 1631/200 5003/200 1107/100 171/100 411/50 1897/75 824/75 259/150 413/50 637/25 272/25 87/50 331/40 1023/40 43/4 7/4 1653/200 15347/600 3179/300 527/300 823/100 2549/100 521/50 44/25 817/100 2531/100 511/50 44/25 1617/200 15023/600 2999/300 527/300 319/40 987/40 39/4 7/4 196/25 1211/50 237/25 87/50 192/25 3551/150 689/75 259/150 1499/200 4607/200 887/100 171/100 1457/200 4461/200 853/100 169/100 141/20 1289/60 49/6 5/3 679/100 2057/100 389/50 41/25 1301/200 3913/200 737/100 161/100 1239/200 11081/600 2081/300 473/300 293/50 432/25 162/25 77/50 257/50 368/25 138/25 73/50 24/5 4049/300 61/12 427/300 112/25 1233/100 469/100 139/100 209/50 561/50 217/50 34/25 39/10 61/6 121/30 4/3 91/25 917/100 377/100 131/100 17/5 823/100 71/20 129/100 159/50 551/75 253/75 191/150 149/50 163/25 81/25 63/50 14/5 23/4 63/20 5/4 66/25 1511/300 931/300 373/300 5/2 219/50 31/10 31/25 119/50 189/50 157/50 31/25 57/25 971/300 967/300 373/300 11/5 11/4 67/20 5/4 107/50 58/25 88/25 63/50 21/10 146/75 56/15 191/150 52/25 163/100 399/100 129/100 52/25 137/100 429/100 131/100 21/10 7/6 139/30 4/3 107/50 51/50 251/50 34/25 11/5 93/100 109/20 139/100 57/25 269/300 1777/300 427/300 0 24 1 24 2 24 3 24 4 24 5 24
clamped_p3_q3_r0 N 3 5 3 1 1 0 0 1 2 1 7 1 3 4 3 1 4 9 10 1 5 16 6 1 0 4 1 1 4 4 D 0 3 | clamped_p3_q3_r0 R 1 1 3 0 5 3 0 4 1 0 0 1 2 1 7 1 3 4 3 1 4 9 10 1 5 16 6 1 0 4 1 1 4 4
clamped_p3_q4_r0 N 3 5 3 1 1 0 0 1 2 1 7 1 3 4 3 1 4 9 10 1 5 16 6 1 0 4 1 1 4 4 D 0 4 | clamped_p3_q4_r0 R 1 1 4 0 7 3 0 4 1 0 0 1 7/4 3/4 21/4 1 17/8 11/8 13/2 1 23/8 15/4 67/16 1 29/8 57/8 59/8 1 17/4 43/4 9 1 5 16 6 1 0 5 1 2 4 5
clamped_p3_q25_r0 N 3 5 3 1 1 0 0 1 2 1 7 1 3 4 3 1 4 9 10 1 5 16 6 1 0 4 1 1 4 4 D 0 25 | clamped_p3_q25_r0 R 1 1 25 0 49 3 0 4 1 0 0 1 28/25 3/25 21/25 1 493/400 19/80 8/5 1 3077/2300 6489/18400 84043/36800 1 6607/4600 1071/2300 5327/1840 1 703/460 1061/1840 12651/3680 1 14849/9200 6309/9200 36023/9200 1 974/575 2919/3680 6377/1472 1 4067/2300 517/575 21581/4600 1 2113/1150 4617/4600 1839/368 1 3499/1840 2037/1840 4833/920 1 4511/2300 22253/18400 201047/36800 1 9277/4600 603/460 10361/1840 1 4757/2300 12987/9200 105989/18400 1 19469/9200 13909/9200 10773/1840 1 497/230 5931/3680 43561/7360 1 2533/1150 984/575 13697/2300 1 1289/575 833/460 5491/920 1 20963/9200 17577/9200 13713/2300 1 5321/2300 36993/18400 43719/7360 1 2159/920 971/460 10867/1840 1 5471/2300 20349/9200 107891/18400 1 22169/9200 4257/1840 10703/1840 1 61/25 1933/800 9231/1600 1 64/25 453/160 8947/1600 1 67/25 2613/800 8839/1600 1 5097/1840 33163/9200 25433/4600 1 6579/2300 36397/9200 102707/18400 1 543/184 497/115 2089/368 1 6997/2300 86521/18400 8547/1472 1 28831/9200 46907/9200 54873/9200 1 371/115 12677/2300 28263/4600 1 3817/1150 3417/575 14579/2300 1 157/46 23523/3680 9629/1472 1 32273/9200 63123/9200 3103/460 1 8289/2300 67627/9200 127781/18400 1 681/184 9041/1150 65611/9200 1 8739/2300 154469/18400 268639/36800 1 1435/368 16471/1840 2739/368 1 4601/1150 43849/4600 13899/1840 1 9439/2300 11659/1150 35079/4600 1 484/115 198171/18400 281609/36800 1 39701/9200 105147/9200 35083/4600 1 407/92 22293/1840 5551/736 1 20859/4600 7378/575 13601/1840 1 10689/2300 249809/18400 263827/36800 1 381/80 5741/400 2747/400 1 122/25 379/25 162/25 1 5 16 6 1 0 26 1 23 4 26
clamped_p3_q3_r1 N 3 5 3 1 1 0 0 1 2 1 7 2 3 4 3 3 4 9 10 1 5 16 6 2 0 4 1 1 4 4 D 0 3 | clamped_p3_q3_r1 R 1 1 3 0 5 3 0 4 1 0 0 1 4 2 14 2 9 12 9 3 4 9 10 1 10 32 12 2 0 4 1 1 4 4
clamped_p3_q4_r1 N 3 5 3 1 1 0 0 1 2 1 7 2 3 4 3 3 4 9 10 1 5 16 6 2 0 4 1 1 4 4 D 0 4 | clamped_p3_q4_r1 R 1 1 4 0 7 3 0 4 1 0 0 1 13/4 3/2 21/2 7/4 37/8 13/4 107/8 17/8 31/4 159/16 10 43/16 47/8 81/8 77/8 7/4 11/2 59/4 21/2 5/4 10 32 12 2 0 5 1 2 4 5
clamped_p3_q25_r1 N 3 5 3 1 1 0 0 1 2 1 7 2 3 4 3 3 4 9 10 1 5 16 6 2 0 4 1 1 4 4 D 0 25 | clamped_p3_q25_r1 R 1 1 25 0 49 3 0 4 1 0 0 1 34/25 6/25 42/25 28/25 681/400 97/200 1283/400 493/400 7463/3680 27027/36800 84443/18400 49229/36800 215/92 9087/9200 6707/1150 13211/9200 4839/1840 4579/3680 2555/368 5621/3680 26747/9200 13833/9200 72941/9200 7417/4600 58321/18400 64953/36800 161833/18400 62231/36800 393/115 9329/4600 10983/1150 8113/4600 3359/920 21087/9200 46923/4600 16841/9200 7123/1840 294/115 3957/368 3481/1840 75039/18400 103807/36800 206327/18400 71681/36800 9827/2300 28377/9200 6664/575 18389/9200 8197/1840 61581/18400 109369/9200 37627/18400 8511/1840 33187/9200 111461/9200 4799/2300 17609/3680 28449/7360 9037/736 15631/7360 2837/575 9477/2300 7121/575 4961/2300 11667/2300 20111/4600 28611/2300 10057/4600 9571/1840 21249/4600 114549/9200 20351/9200 19583/3680 178923/36800 228627/18400 82229/36800 2499/460 9383/1840 569/46 4147/1840 50927/9200 98091/18400 113071/9200 41773/18400 51803/9200 51117/9200 112189/9200 10507/4600 183/32 9239/1600 9671/800 3673/1600 967/160 10587/1600 9323/800 3733/1600 1003/160 11727/1600 9023/800 749/320 58769/9200 17951/2300 101479/9200 21447/9200 59471/9200 151531/18400 99487/9200 42477/18400 748/115 15889/1840 4889/460 837/368 4795/736 331891/36800 192699/18400 82093/36800 2393/368 86479/9200 95187/9200 401/184 14891/2300 45047/4600 23571/2300 9761/4600 3701/575 23487/2300 5852/575 4739/2300 23537/3680 78537/7360 37289/3680 2939/1472 11701/1840 51447/4600 93047/9200 17777/9200 11653/1840 216493/18400 93097/9200 6879/3680 7273/1150 114359/9200 23341/2300 16647/9200 116647/18400 485447/36800 187679/18400 64569/36800 11749/1840 25877/1840 18903/1840 157/92 5951/920 138559/9200 47691/4600 15337/9200 1517/230 74507/4600 6027/575 1507/920 124633/18400 643521/36800 195313/18400 59663/36800 64481/9200 10893/575 99047/9200 14891/9200 13447/1840 75747/3680 20119/1840 1201/736 883/115 206249/9200 25573/2300 15297/9200 29903/3680 900251/36800 208259/18400 12609/7360 3463/400 10693/400 4613/400 357/200 232/25 731/25 294/25 47/25 10 32 12 2 0 26 1 23 4 26
unclamped_p3_q3_r0 N 3 6 10 1 1 0 0 1 2 1 7 1 3 4 3 1 4 9 10 1 5 16 6 1 6 0 2 1 0 1 1 1 2 1 3 1 4 1 5 1 6 1 7 1 8 1 9 1 D 0 3 | unclamped_p3_q3_r0 R 1 1 3 0 6 10 3 6 1 0 0 1 2 1 7 1 3 4 3 1 4 9 10 1 5 16 6 1 6 0 2 1 0 1 1 1 2 1 3 1 4 1 5 1 6 1 7 1 8 1 9 1
unclamped_p3_q4_r0 N 3 6 10 1 1 0 0 1 2 1 7 1 3 4 3 1 4 9 10 1 5 16 6 1 6 0 2 1 0 1 1 1 2 1 3 1 4 1 5 1 6 1 7 1 8 1 9 1 D 0 4 | unclamped_p3_q4_r0 R 1 1 4 0 9 8 3 6 3/2 1/2 7/2 1 2 7/6 73/12 1 5/2 5/2 5 1 3 25/6 47/12 1 7/2 13/2 13/2 1 4 55/6 109/12 1 9/2 25/2 8 1 5 169/12 6 1 11/2 8 4 1 1 1 2 2 3 2 4 2 5 2 6 2 7 2 8 1
unclamped_p3_q25_r0 N 3 6 10 1 1 0 0 1 2 1 7 1 3 4 3 1 4 9 10 1 5 16 6 1 6 0 2 1 0 1 1 1 2 1 3 1 4 1 5 1 6 1 7 1 8 1 9 1 D 0 25 | unclamped_p3_q25_r0 R 1 1 25 0 72 6 3 6 48/25 353/300 3017/600 1 2 133/100 1037/200 1 52/25 449/300 3161/600 1 53/25 19/12 24349/4600 1 54/25 251/150 12197/2300 1 11/5 53/30 7313/1380 1 56/25 559/300 72913/13800 1 57/25 589/300 72553/13800 1 58/25 31/15 3003/575 1 59/25 163/75 17873/3450 1 12/5 137/60 14167/2760 1 61/25 719/300 70123/13800 1 62/25 377/150 11563/2300 1 63/25 79/30 11437/2300 1 64/25 827/300 67877/13800 1 13/5 173/60 13433/2760 1 66/25 226/75 16627/3450 1 67/25 236/75 2747/575 1 68/25 197/60 65447/13800 1 69/25 1027/300 65087/13800 1 14/5 107/30 6487/1380 1 71/25 557/150 10803/2300 1 72/25 1159/300 21651/4600 1 73/25 241/60 2839/600 1 3 433/100 963/200 1 77/25 1397/300 2983/600 1 78/25 1447/300 23307/4600 1 79/25 749/150 11907/2300 1 16/5 31/6 1463/276 1 81/25 1603/300 75023/13800 1 82/25 1657/300 77039/13800 1 83/25 428/75 3299/575 1 84/25 442/75 20353/3450 1 17/5 73/12 3349/552 1 86/25 1883/300 86093/13800 1 87/25 971/150 14749/2300 1 88/25 1001/150 15151/2300 1 89/25 2063/300 93307/13800 1 18/5 85/12 3827/552 1 91/25 547/75 24497/3450 1 92/25 563/75 4176/575 1 93/25 2317/300 102361/13800 1 94/25 2383/300 104377/13800 1 19/5 49/6 2125/276 1 96/25 1259/150 17993/2300 1 97/25 2587/300 36493/4600 1 98/25 2657/300 4817/600 1 4 933/100 1637/200 1 102/25 589/60 4961/600 1 103/25 46283/4600 28609/3450 1 104/25 5926/575 57269/6900 1 21/5 14557/1380 1907/230 1 106/25 74431/6900 38031/4600 1 107/25 6083/552 4732/575 1 108/25 6466/575 14107/1725 1 109/25 39541/3450 13996/1725 1 22/5 16099/1380 22183/2760 1 111/25 163637/13800 27427/3450 1 112/25 1384/115 54179/6900 1 113/25 28049/2300 26719/3450 1 114/25 85127/6900 35091/4600 1 23/5 34387/2760 863/115 1 116/25 21664/1725 8479/1150 1 117/25 1453/115 12481/1725 1 118/25 87527/6900 97871/13800 1 119/25 175369/13800 23957/3450 1 24/5 4382/345 9373/1380 1 121/25 29127/2300 22897/3450 1 122/25 5793/460 89413/13800 1 123/25 7493/600 158/25 1 5 2441/200 6 1 127/25 7061/600 142/25 1 2 3 3 23 4 23 5 23 6 23 7 3
unclamped_p3_q3_r1 N 3 6 10 1 1 0 0 1 2 1 7 2 3 4 3 3 4 9 10 1 5 16 6 2 6 0 2 3 0 1 1 1 2 1 3 1 4 1 5 1 6 1 7 1 8 1 9 1 D 0 3 | unclamped_p3_q3_r1 R 1 1 3 0 6 10 3 6 1 0 0 1 4 2 14 2 9 12 9 3 4 9 10 1 10 32 12 2 18 0 6 3 0 1 1 1 2 1 3 1 4 1 5 1 6 1 7 1 8 1 9 1
unclamped_p3_q4_r1 N 3 6 10 1 1 0 0 1 2 1 7 2 3 4 3 3 4 9 10 1 5 16 6 2 6 0 2 3 0 1 1 1 2 1 3 1 4 1 5 1 6 1 7 1 8 1 9 1 D 0 4 | unclamped_p3_q4_r1 R 1 1 4 0 9 8 3 6 5/2 1 7 3/2 25/6 8/3 149/12 2 13/2 7 23/2 5/2 49/6 131/12 19/2 11/4 13/2 21/2 19/2 2 59/12 67/6 121/12 5/4 7 41/2 11 3/2 61/6 329/12 34/3 2 14 16 9 5/2 1 1 2 2 3 2 4 2 5 2 6 2 7 2 8 1
unclamped_p3_q25_r1 N 3 6 10 1 1 0 0 1 2 1 7 2 3 4 3 3 4 9 10 1 5 16 6 2 6 0 2 3 0 1 1 1 2 1 3 1 4 1 5 1 6 1 7 1 8 1 9 1 D 0 25 | unclamped_p3_q25_r1 R 1 1 25 0 72 6 3 6 241/60 43/15 1253/120 48/25 433/100 83/25 2173/200 2 1397/300 287/75 6697/600 52/25 1331/276 56467/13800 77833/6900 9751/4600 3443/690 15067/3450 78457/6900 2483/1150 3559/690 6419/1380 263/23 1011/460 36749/6900 17053/3450 52783/4600 2571/1150 37901/6900 72313/13800 26431/2300 10453/4600 1952/345 9559/1725 19817/1725 1327/575 2008/345 20167/3450 19778/1725 2693/1150 8251/1380 2122/345 6307/552 273/115 42319/6900 89087/13800 78457/6900 11059/4600 21673/3450 23317/3450 77983/6900 2797/1150 4433/690 48701/6900 19357/1725 5653/2300 9053/1380 25367/3450 51203/4600 2853/1150 9229/1380 21089/2760 1015/92 2301/920 11741/1725 13664/1725 12567/1150 1448/575 11929/1725 14131/1725 18662/1725 1456/575 9679/1380 14579/1725 147751/13800 1462/575 9799/1380 120043/13800 73097/6900 11727/4600 4951/690 6163/690 2893/276 587/230 24967/3450 63131/6900 17893/1725 5867/2300 50261/6900 32257/3450 141701/13800 2927/1150 439/60 5719/600 1017/100 507/200 147/20 1971/200 999/100 501/200 439/60 1211/120 197/20 491/200 100531/13800 70319/6900 135097/13800 11157/4600 12488/1725 14179/1380 16799/1725 5501/2300 9911/1380 3569/345 13381/1380 1083/460 9817/1380 143587/13800 66673/6900 10643/4600 19421/2760 14431/1380 26599/2760 10443/4600 11992/1725 18121/1725 16594/1725 1279/575 23671/3450 728/69 11051/1150 2503/1150 9337/1380 29249/2760 4419/460 1957/920 18403/2760 73471/6900 44207/4600 9553/4600 2266/345 14773/1380 3319/345 4659/2300 44633/6900 18581/1725 66491/6900 4541/2300 43957/6900 29947/2760 66641/6900 8847/4600 17321/2760 15103/1380 26731/2760 1723/920 2134/345 38143/3450 16762/1725 2097/1150 421/69 772/69 673/69 1021/575 41573/6900 156553/13800 22527/2300 7957/4600 82219/13800 15907/1380 45259/4600 7757/4600 2036/345 16199/1380 1137/115 757/460 8083/1380 20669/1725 68573/6900 3699/2300 8041/1380 33839/2760 13789/1380 7243/4600 3487/600 3773/300 6029/600 309/200 1163/200 1329/100 2033/200 299/200 707/120 4253/300 6173/600 293/200 41039/6900 202273/13800 35711/3450 1673/1150 41543/6900 26168/1725 71857/6900 3333/2300 2108/345 21677/1380 7229/690 333/230 85771/13800 22447/1380 145433/13800 6673/4600 8743/1380 232363/13800 18283/1725 838/575 11161/1725 30046/1725 18383/1725 844/575 11417/1725 62101/3450 18478/1725 852/575 18713/2760 25639/1380 29707/2760 1379/920 47983/6900 52849/2760 37297/3450 1747/1150 9853/1380 33986/1725 74887/6900 3547/2300 12656/1725 139619/6900 37571/3450 1803/1150 104111/13800 143107/6900 150709/13800 7341/4600 10711/1380 58547/2760 3776/345 187/115 27559/3450 7468/345 37817/3450 1907/1150 2837/345 38011/1725 18923/1725 973/575 116833/13800 154379/6900 151379/13800 7947/4600 60143/6900 312649/13800 37811/3450 2029/1150 12383/1380 7892/345 15097/1380 829/460 15932/1725 31777/1380 37637/3450 2117/1150 26231/2760 159419/6900 149969/13800 8649/4600 2933/300 13861/600 811/75 48/25 1033/100 917/40 267/25 2 3269/300 13429/600 787/75 52/25 2 3 3 23 4 23 5 23 6 23 7 3
inactive_p3_q3_r0 N 3 13 7 1 1 0 0 1 2 1 7 1 3 4 3 1 4 9 10 1 5 16 6 1 6 0 2 1 7 1 9 1 8 4 5 1 9 9 1 1 10 16 8 1 11 0 4 1 12 1 0 1 13 4 7 1 -2 3 -1 3 0 1 1 3 2 1 3 3 4 3 D 0 3 | inactive_p3_q3_r0 R 1 1 3 0 13 7 -1 3 1 0 0 1 2 1 7 1 3 4 3 1 4 9 10 1 5 16 6 1 6 0 2 1 7 1 9 1 8 4 5 1 9 9 1 1 10 16 8 1 11 0 4 1 12 1 0 1 13 4 7 1 -2 3 -1 3 0 1 1 3 2 1 3 3 4 3
inactive_p3_q4_r0 N 3 13 7 1 1 0 0 1 2 1 7 1 3 4 3 1 4 9 10 1 5 16 6 1 6 0 2 1 7 1 9 1 8 4 5 1 9 9 1 1 10 16 8 1 11 0 4 1 12 1 0 1 13 4 7 1 -2 3 -1 3 0 1 1 3 2 1 3 3 4 3 D 0 4 | inactive_p3_q4_r0 R 1 1 4 0 17 7 -1 3 3/2 1/2 7/2 1 9/4 7/4 6 1 3 4 3 1 15/4 31/4 33/4 1 17/4 43/4 9 1 5 105/8 6 1 23/4 4 3 1 25/4 1/4 15/4 1 7 1 9 1 31/4 13/4 6 1 33/4 21/4 4 1 9 37/4 19/8 1 39/4 57/4 25/4 1 41/4 12 7 1 11 0 4 1 47/4 3/4 1 1 25/2 5/2 7/2 1 -2 3 -1 4 0 2 1 4 2 2 3 4 4 3
inactive_p3_q25_r0 N 3 13 7 1 1 0 0 1 2 1 7 1 3 4 3 1 4 9 10 1 5 16 6 1 6 0 2 1 7 1 9 1 8 4 5 1 9 9 1 1 10 16 8 1 11 0 4 1 12 1 0 1 13 4 7 1 -2 3 -1 3 0 1 1 3 2 1 3 3 4 3 D 0 25 | inactive_p3_q25_r0 R 1 1 25 0 101 7 -1 3 69/25 33/10 77/20 1 72/25 91/25 87/25 1 3 4 3 1 78/25 23/5 96/25 1 647/200 1037/200 459/100 1 3847/1150 52929/9200 3021/575 1 7937/2300 3624/575 6711/1150 1 817/230 1257/184 729/115 1 16787/4600 6751/920 15567/2300 1 2152/575 71947/9200 4098/575 1 4407/1150 4759/575 4266/575 1 2253/575 20021/2300 4398/575 1 3681/920 1675/184 3597/460 1 4693/1150 3485/368 4563/575 1 9563/2300 5637/575 9201/1150 1 4867/1150 46467/4600 4611/575 1 19799/4600 47667/4600 18387/2300 1 503/115 3895/368 912/115 1 2554/575 1238/115 4503/575 1 2592/575 12539/1150 4428/575 1 21033/4600 50587/4600 17349/2300 1 5331/1150 101609/9200 4233/575 1 2161/460 254/23 1647/230 1 5473/1150 10113/920 3993/575 1 22171/4600 50091/4600 15447/2300 1 122/25 4293/400 162/25 1 5 4123/400 6 1 128/25 3861/400 138/25 1 23829/4600 2133/230 12153/2300 1 6027/1150 40713/4600 2907/575 1 2439/460 3859/460 1113/230 1 6169/1150 72641/9200 2667/575 1 24967/4600 16967/2300 10251/2300 1 3158/575 1573/230 2472/575 1 3196/575 3616/575 2397/575 1 647/115 10547/1840 468/115 1 26201/4600 2976/575 9213/2300 1 6633/1150 21279/4600 2289/575 1 13437/2300 1881/460 4599/1150 1 6807/1150 32861/9200 2337/575 1 5519/920 1417/460 1923/460 1 3497/575 6029/2300 2502/575 1 7093/1150 2531/1150 2634/575 1 3598/575 3359/1840 2802/575 1 29213/4600 1727/1150 12033/2300 1 1483/230 1137/920 651/115 1 15063/2300 2379/2300 7089/1150 1 7653/1150 8313/9200 3879/575 1 1353/200 17/20 741/100 1 172/25 22/25 204/25 1 7 1 9 1 178/25 34/25 213/25 1 1447/200 343/200 403/50 1 8447/1150 9501/4600 70107/9200 1 17137/2300 5547/2300 16563/2300 1 1737/230 1267/460 6259/920 1 35187/4600 14231/4600 14781/2300 1 4452/575 15779/4600 55857/9200 1 9007/1150 4329/1150 6599/1150 1 4553/575 4711/1150 12483/2300 1 7361/920 4073/920 591/115 1 9293/1150 21881/4600 44839/9200 1 18763/2300 11697/2300 10653/2300 1 9467/1150 12453/2300 20301/4600 1 38199/4600 26419/4600 9703/2300 1 963/115 5587/920 7449/1840 1 4854/575 3682/575 2244/575 1 4892/575 3873/575 4349/1150 1 39433/4600 32521/4600 4239/1150 1 9931/1150 34069/4600 33267/9200 1 4001/460 3563/460 1643/460 1 10073/1150 18603/2300 16347/4600 1 40571/4600 38799/4600 8193/2300 1 222/25 1757/200 1439/400 1 9 1899/200 1489/400 1 228/25 409/40 1583/400 1 42229/4600 48697/4600 18851/4600 1 10627/1150 25151/2300 19583/4600 1 4279/460 5181/460 1019/230 1 10769/1150 53181/4600 42443/9200 1 43367/4600 2175/184 22087/4600 1 5458/575 6919/575 5739/1150 1 5496/575 7009/575 2976/575 1 1107/115 11299/920 9849/1840 1 44601/4600 56581/4600 25379/4600 1 11233/1150 5629/460 26057/4600 1 22637/2300 27791/2300 6659/1150 1 11407/1150 54417/4600 54191/9200 1 9199/920 10551/920 5483/920 1 5797/575 12639/1150 13787/2300 1 11693/1150 2389/230 3444/575 1 5898/575 44387/4600 54657/9200 1 47613/4600 40337/4600 26883/4600 1 2403/230 3559/460 5239/920 1 24263/2300 15053/2300 6311/1150 1 12253/1150 4769/920 48019/9200 1 2153/200 729/200 977/200 1 272/25 48/25 112/25 1 11 0 4 1 278/25 3/25 88/25 1 281/25 13/50 63/20 1 -2 3 -1 25 0 23 1 25 2 23 3 25 4 3
inactive_p3_q3_r1 N 3 13 7 1 1 0 0 1 2 1 7 2 3 4 3 3 4 9 10 1 5 16 6 2 6 0 2 3 7 1 9 1 8 4 5 2 9 9 1 3 10 16 8 1 11 0 4 2 12 1 0 3 13 4 7 1 -2 3 -1 3 0 1 1 3 2 1 3 3 4 3 D 0 3 | inactive_p3_q3_r1 R 1 1 3 0 13 7 -1 3 1 0 0 1 4 2 14 2 9 12 9 3 4 9 10 1 10 32 12 2 18 0 6 3 7 1 9 1 16 8 10 2 27 27 3 3 10 16 8 1 22 0 8 2 36 3 0 3 13 4 7 1 -2 3 -1 3 0 1 1 3 2 1 3 3 4 3
inactive_p3_q4_r1 N 3 13 7 1 1 0 0 1 2 1 7 2 3 4 3 3 4 9 10 1 5 16 6 2 6 0 2 3 7 1 9 1 8 4 5 2 9 9 1 3 10 16 8 1 11 0 4 2 12 1 0 3 13 4 7 1 -2 3 -1 3 0 1 1 3 2 1 3 3 4 3 D 0 4 | inactive_p3_q4_r1 R 1 1 4 0 17 7 -1 3 5/2 1 7 3/2 21/4 9/2 51/4 9/4 9 12 9 3 21/4 39/4 39/4 3/2 11/2 59/4 21/2 5/4 41/4 201/8 11 2 16 8 15/2 11/4 61/4 1/4 27/4 5/2 7 1 9 1 55/4 25/4 39/4 7/4 75/4 51/4 33/4 9/4 47/2 93/4 9/2 21/8 57/4 75/4 27/4 3/2 13 12 8 5/4 22 0 8 2 65/2 9/4 2 11/4 49/2 7/2 7/2 2 -2 3 -1 4 0 2 1 4 2 2 3 4 4 3
inactive_p3_q25_r1 N 3 13 7 1 1 0 0 1 2 1 7 2 3 4 3 3 4 9 10 1 5 16 6 2 6 0 2 3 7 1 9 1 8 4 5 2 9 9 1 3 10 16 8 1 11 0 4 2 12 1 0 3 13 4 7 1 -2 3 -1 3 0 1 1 3 2 1 3 3 4 3 D 0 25 | inactive_p3_q25_r1 R 1 1 25 0 101 7 -1 3 391/50 242/25 1001/100 69/25 42/5 54/5 48/5 72/25 9 12 9 3 42/5 291/25 228/25 69/25 197/25 457/40 231/25 509/200 34209/4600 104353/9200 10763/1150 2707/1150 8127/1150 6544/575 5449/575 5027/2300 3113/460 2121/184 1103/115 469/230 1503/230 54139/4600 5579/575 8801/4600 29283/4600 4451/368 11281/1150 1039/575 3598/575 7183/575 5699/575 1977/1150 7137/1150 29781/2300 5754/575 948/575 714/115 2475/184 1161/115 1467/920 5761/920 128693/9200 11703/1150 1789/1150 7317/1150 1673/115 5893/575 3521/2300 14967/2300 69539/4600 5929/575 1747/1150 7697/1150 72147/4600 5959/575 6989/4600 6363/920 5975/368 2393/230 176/115 165/23 9638/575 5999/575 892/575 4291/575 3967/230 6008/575 909/575 4473/575 81339/4600 6009/575 7443/4600 37353/4600 166089/9200 12003/1150 1911/1150 1951/230 422/23 1197/115 787/460 4077/460 85349/4600 5959/575 2029/1150 10647/1150 17167/920 5923/575 8377/4600 1933/200 7461/400 511/50 47/25 2099/200 1471/80 501/50 2 2269/200 7029/400 487/50 53/25 27067/2300 19597/1150 11021/1150 10023/4600 28021/2300 75433/4600 5413/575 2571/1150 1447/115 7203/460 1062/115 1053/460 59617/4600 136481/9200 10407/1150 2689/1150 30611/2300 32063/2300 10191/1150 10957/4600 7833/575 14937/1150 4988/575 1391/575 7989/575 6896/575 4883/575 1408/575 12987/920 20179/1840 1913/230 284/115 32851/2300 5706/575 9377/1150 11411/4600 33091/2300 40831/4600 4603/575 2853/1150 8293/575 18029/2300 4528/575 5679/2300 66157/4600 62781/9200 8931/1150 2811/1150 6559/460 2689/460 1767/230 2213/920 16153/1150 11309/2300 4386/575 1352/575 7899/575 4659/1150 4373/575 2623/1150 61299/4600 30011/9200 8761/1150 1261/575 29451/2300 2947/1150 8821/1150 9599/4600 5597/460 1809/920 893/115 451/230 6559/575 3419/2300 4546/575 4173/2300 48377/4600 10457/9200 9311/1150 1893/1150 949/100 93/100 417/50 291/200 208/25 22/25 216/25 31/25 7 1 9 1 202/25 46/25 228/25 28/25 73/8 541/200 1839/200 247/200 23307/2300 16517/4600 849/92 12373/9200 25539/2300 10333/2300 21213/2300 1667/1150 1384/115 2487/460 1056/115 285/184 59453/4600 29109/4600 41907/4600 7557/4600 1267/92 33363/4600 20721/2300 15927/9200 16761/1150 9403/1150 2043/230 1043/575 8816/575 10459/1150 5022/575 4349/2300 14759/920 9203/920 7881/920 361/184 38419/2300 50129/4600 19281/2300 18649/9200 1593/92 27079/2300 18831/2300 2399/1150 10278/575 29041/2300 918/115 9839/4600 84553/4600 61881/4600 35751/4600 10053/4600 8663/460 13107/920 3477/460 819/368 11056/575 8628/575 4224/575 1299/575 450/23 9041/575 4104/575 2629/1150 91279/4600 75427/4600 6381/920 10609/4600 46139/2300 78301/4600 15513/2300 21341/9200 9299/460 8093/460 3021/460 107/46 11676/575 41647/2300 3684/575 10697/4600 3741/184 85373/4600 28827/4600 10661/4600 2029/100 3789/200 123/20 921/400 2007/100 783/40 597/100 903/400 1957/100 3981/200 591/100 873/400 17721/920 91971/4600 1087/184 4919/2300 10872/575 46011/2300 682/115 9613/4600 8519/460 9171/460 2749/460 937/460 41651/2300 91029/4600 13897/2300 18229/9200 81367/4600 89973/4600 28181/4600 2213/1150 1986/115 11067/575 716/115 2147/1150 9697/575 10839/575 729/115 1041/575 7583/460 16899/920 2973/460 3231/1840 74257/4600 81879/4600 30339/4600 3921/2300 9114/575 39429/2300 3872/575 7627/4600 1437/92 37713/2300 3163/460 3719/2300 35563/2300 71577/4600 3229/460 14561/9200 14159/920 13461/920 6589/920 179/115 8864/575 15651/1150 4198/575 3541/2300 17883/1150 14367/1150 8549/1150 1763/1150 7271/460 51891/4600 3477/460 14151/9200 74501/4600 45867/4600 7059/920 3579/2300 1924/115 3939/460 894/115 1461/920 40071/2300 16227/2300 18077/2300 3761/2300 42051/2300 25053/4600 18233/2300 15629/9200 773/40 747/200 319/40 89/50 514/25 48/25 8 47/25 22 0 8 2 592/25 9/25 176/25 53/25 2499/100 7/10 623/100 221/100 -2 3 -1 25 0 23 1 25 2 23 3 25 4 3
periodic_p3_q3_r0 P 3 4 3 1 1 0 0 1 2 1 7 1 3 4 3 1 4 9 10 1 0 1 1 3 3 1 D 0 3 | periodic_p3_q3_r0 R 1 1 3 1 4 3 0 3 1 0 0 1 2 1 7 1 3 4 3 1 4 9 10 1 0 1 1 3 3 1
periodic_p3_q4_r0 P 3 4 3 1 1 0 0 1 2 1 7 1 3 4 3 1 4 9 10 1 0 1 1 3 3 1 D 0 4 | periodic_p3_q4_r0 R 1 1 4 1 6 3 0 3 4/3 1/3 7/3 1 25/12 17/12 23/4 1 17/6 7/2 11/3 1 13/4 21/4 19/4 1 4 9 10 1 7/4 9/4 5/2 1 0 2 1 4 3 2
periodic_p3_q25_r0 P 3 4 3 1 1 0 0 1 2 1 7 1 3 4 3 1 4 9 10 1 0 1 1 3 3 1 D 0 25 | periodic_p3_q25_r0 R 1 1 25 1 48 3 0 3 163/75 418/225 1001/225 1 172/75 478/225 2017/450 1 181/75 217/90 793/180 1 1693/690 12992/5175 90499/20700 1 4303/1725 2707/1035 44861/10350 1 175/69 941/345 593/138 1 1483/575 9827/3450 29423/6900 1 3017/1150 1028/345 5851/1380 1 307/115 16162/5175 21881/5175 1 4688/1725 679/207 21908/5175 1 191/69 7147/2070 3527/828 1 9733/3450 18848/5175 89239/20700 1 4963/1725 797/207 9091/2070 1 1013/345 21107/5175 46637/10350 1 5173/1725 2987/690 10713/2300 1 141/46 1588/345 1339/276 1 1803/575 8456/1725 8782/1725 1 1846/575 5411/1035 5569/1035 1 227/69 57779/10350 118499/20700 1 11641/3450 6176/1035 126827/20700 1 239/69 6607/1035 2729/414 1 6139/1725 35363/5175 73727/10350 1 6313/1725 15149/2070 6397/828 1 113/30 196/25 2521/300 1 97/25 42/5 229/25 1 4 9 10 1 91/25 198/25 44/5 1 199/60 2081/300 581/75 1 5224/1725 31289/5175 35353/5175 1 9569/3450 54283/10350 31288/5175 1 176/69 4687/1035 1114/207 1 16271/6900 80599/20700 4999/1035 1 757/345 17266/5175 22679/5175 1 1183/575 14764/5175 20858/5175 1 1119/575 4208/1725 6496/1725 1 171/92 2887/1380 247/69 1 3094/1725 1039/575 239/69 1 1207/690 16357/10350 17644/5175 1 2974/1725 7289/5175 17638/5175 1 11843/6900 26651/20700 17863/5175 1 119/69 1256/1035 731/207 1 3014/1725 6121/5175 3766/1035 1 41/23 6166/5175 19484/5175 1 4207/2300 8527/6900 6731/1725 1 1084/575 2263/1725 6971/1725 1 269/138 977/690 96/23 1 3484/1725 7991/5175 4442/1035 1 2891/1380 35039/20700 22699/5175 1 0 23 1 25 3 23
periodic_p3_q3_r1 P 3 4 3 1 1 0 0 1 2 1 7 2 3 4 3 3 4 9 10 1 0 1 1 3 3 1 D 0 3 | periodic_p3_q3_r1 R 1 1 3 1 4 3 0 3 1 0 0 1 4 2 14 2 9 12 9 3 4 9 10 1 0 1 1 3 3 1
periodic_p3_q4_r1 P 3 4 3 1 1 0 0 1 2 1 7 2 3 4 3 3 4 9 10 1 0 1 1 3 3 1 D 0 4 | periodic_p3_q4_r1 R 1 1 4 1 6 3 0 3 2 2/3 14/3 4/3 55/12 7/2 12 25/12 49/6 31/3 59/6 17/6 31/4 45/4 37/4 5/2 4 9 10 1 7/4 9/4 5/2 1 0 2 1 4 3 2
periodic_p3_q25_r1 P 3 4 3 1 1 0 0 1 2 1 7 2 3 4 3 3 4 9 10 1 0 1 1 3 3 1 D 0 25 | periodic_p3_q25_r1 R 1 1 25 1 48 3 0 3 1171/225 1144/225 2233/225 163/75 257/45 266/45 919/90 172/75 2807/450 1534/225 9277/900 181/75 6637/1035 147503/20700 53411/5175 16921/6900 6814/1035 38483/5175 106783/10350 4294/1725 776/115 1069/138 3553/345 1741/690 23813/3450 13891/1725 70843/6900 1468/575 12151/1725 57631/6900 17638/1725 5929/2300 7421/1035 44722/5175 52651/5175 1493/575 7532/1035 46153/5175 52354/5175 4499/1725 15241/2070 1900/207 41627/4140 901/345 38417/5175 194987/20700 51701/5175 17981/6900 38588/5175 49877/5175 102733/10350 4468/1725 1544/207 101749/10350 51041/5175 8843/3450 1025/138 5747/575 22549/2300 4354/1725 2539/345 2795/276 3364/345 1137/460 12509/1725 17636/1725 16742/1725 1383/575 36748/5175 53212/5175 50044/5175 1336/575 14293/2070 53302/5175 199699/20700 3839/1725 6893/1035 212647/20700 49879/5175 14561/6900 6586/1035 2111/207 19967/2070 682/345 31112/5175 104251/10350 50051/5175 6293/3450 57991/10350 51197/5175 201161/20700 2848/1725 77/15 2897/300 734/75 437/300 23/5 234/25 247/25 31/25 4 9 10 1 91/25 198/25 44/5 1 333/100 2083/300 1169/150 151/150 15878/5175 31397/5175 36059/5175 1759/1725 29527/10350 54733/10350 32663/5175 1792/1725 2776/1035 953/207 6016/1035 367/345 52873/20700 83029/20700 11299/2070 151/138 12769/5175 18148/5175 27103/5175 1949/1725 12523/5175 15982/5175 26584/5175 673/575 4157/1725 4748/1725 8876/1725 699/575 3361/1380 689/276 3623/690 291/230 4304/1725 3997/1725 1877/345 91/69 26773/10350 22891/10350 29513/5175 2374/1725 14018/5175 11267/5175 31184/5175 2479/1725 59189/20700 45761/20700 66211/10350 5179/3450 3143/1035 478/207 7043/1035 541/345 16762/5175 12781/5175 1498/207 113/69 17929/5175 13918/5175 39748/5175 983/575 25609/6900 20461/6900 28031/3450 2051/1150 6862/1725 5683/1725 14761/1725 1069/575 2941/690 169/46 1031/115 668/345 23612/5175 21221/5175 9664/1035 139/69 100961/20700 94637/20700 99991/10350 7223/3450 0 23 1 25 3 23
uniform_periodic_p3_q3_r0 P 3 6 7 1 1 0 0 1 2 1 7 1 3 4 3 1 4 9 10 1 5 16 6 1 6 0 2 1 0 1 1 1 2 1 3 1 4 1 5 1 6 1 D 0 3 | uniform_periodic_p3_q3_r0 R 1 1 3 1 6 7 0 6 1 0 0 1 2 1 7 1 3 4 3 1 4 9 10 1 5 16 6 1 6 0 2 1 0 1 1 1 2 1 3 1 4 1 5 1 6 1
uniform_periodic_p3_q4_r0 P 3 6 7 1 1 0 0 1 2 1 7 1 3 4 3 1 4 9 10 1 5 16 6 1 6 0 2 1 0 1 1 1 2 1 3 1 4 1 5 1 6 1 D 0 4 | uniform_periodic_p3_q4_r0 R 1 1 4 1 12 7 0 6 3/2 1/2 7/2 1 2 7/6 73/12 1 5/2 5/2 5 1 3 25/6 47/12 1 7/2 13/2 13/2 1 4 55/6 109/12 1 9/2 25/2 8 1 5 169/12 6 1 11/2 8 4 1 11/2 4/3 13/6 1 7/2 0 1 1 3/2 1/12 3/4 1 0 2 1 2 2 2 3 2 4 2 5 2 6 2
uniform_periodic_p3_q25_r0 P 3 6 7 1 1 0 0 1 2 1 7 1 3 4 3 1 4 9 10 1 5 16 6 1 6 0 2 1 0 1 1 1 2 1 3 1 4 1 5 1 6 1 D 0 25 | uniform_periodic_p3_q25_r0 R 1 1 25 1 138 7 0 6 48/25 353/300 3017/600 1 2 133/100 1037/200 1 52/25 449/300 3161/600 1 53/25 19/12 24349/4600 1 54/25 251/150 12197/2300 1 11/5 53/30 7313/1380 1 56/25 559/300 72913/13800 1 57/25 589/300 72553/13800 1 58/25 31/15 3003/575 1 59/25 163/75 17873/3450 1 12/5 137/60 14167/2760 1 61/25 719/300 70123/13800 1 62/25 377/150 11563/2300 1 63/25 79/30 11437/2300 1 64/25 827/300 67877/13800 1 13/5 173/60 13433/2760 1 66/25 226/75 16627/3450 1 67/25 236/75 2747/575 1 68/25 197/60 65447/13800 1 69/25 1027/300 65087/13800 1 14/5 107/30 6487/1380 1 71/25 557/150 10803/2300 1 72/25 1159/300 21651/4600 1 73/25 241/60 2839/600 1 3 433/100 963/200 1 77/25 1397/300 2983/600 1 78/25 1447/300 23307/4600 1 79/25 749/150 11907/2300 1 16/5 31/6 1463/276 1 81/25 1603/300 75023/13800 1 82/25 1657/300 77039/13800 1 83/25 428/75 3299/575 1 84/25 442/75 20353/3450 1 17/5 73/12 3349/552 1 86/25 1883/300 86093/13800 1 87/25 971/150 14749/2300 1 88/25 1001/150 15151/2300 1 89/25 2063/300 93307/13800 1 18/5 85/12 3827/552 1 91/25 547/75 24497/3450 1 92/25 563/75 4176/575 1 93/25 2317/300 102361/13800 1 94/25 2383/300 104377/13800 1 19/5 49/6 2125/276 1 96/25 1259/150 17993/2300 1 97/25 2587/300 36493/4600 1 98/25 2657/300 4817/600 1 4 933/100 1637/200 1 102/25 589/60 4961/600 1 103/25 46283/4600 28609/3450 1 104/25 5926/575 57269/6900 1 21/5 14557/1380 1907/230 1 106/25 74431/6900 38031/4600 1 107/25 6083/552 4732/575 1 108/25 6466/575 14107/1725 1 109/25 39541/3450 13996/1725 1 22/5 16099/1380 22183/2760 1 111/25 163637/13800 27427/3450 1 112/25 1384/115 54179/6900 1 113/25 28049/2300 26719/3450 1 114/25 85127/6900 35091/4600 1 23/5 34387/2760 863/115 1 116/25 21664/1725 8479/1150 1 117/25 1453/115 12481/1725 1 118/25 87527/6900 97871/13800 1 119/25 175369/13800 23957/3450 1 24/5 4382/345 9373/1380 1 121/25 29127/2300 22897/3450 1 122/25 5793/460 89413/13800 1 123/25 7493/600 158/25 1 5 2441/200 6 1 127/25 7061/600 142/25 1 471/92 1589/138 38089/6900 1 2966/575 77473/6900 9247/1725 1 239/46 7529/690 3589/690 1 3008/575 145841/13800 8699/1725 1 12109/2300 17596/1725 33707/6900 1 609/115 677/69 8156/1725 1 3061/575 16222/1725 2629/575 1 123/23 24787/2760 508/115 1 12347/2300 29479/3450 9807/2300 1 3096/575 55879/6900 7093/1725 1 1241/230 1055/138 13667/3450 1 3106/575 99181/13800 6577/1725 1 497/92 2321/345 5059/1380 1 3103/575 21629/3450 6074/1725 1 3096/575 10031/1725 5828/1725 1 617/115 2963/552 1862/575 1 12279/2300 17009/3450 7131/2300 1 122/23 6217/1380 341/115 1 6051/1150 14129/3450 9773/3450 1 2996/575 51113/13800 4663/1725 1 103/20 10/3 773/300 1 501/100 66/25 233/100 1 483/100 154/75 629/300 1 10881/2300 24641/13800 27377/13800 1 5317/1150 5321/3450 647/345 1 1037/230 365/276 163/92 1 10091/2300 3881/3450 3849/2300 1 9799/2300 13091/13800 7273/4600 1 2374/575 1367/1725 2579/1725 1 2296/575 2261/3450 977/690 1 1773/460 37/69 371/276 1 8541/2300 5989/13800 17669/13800 1 4107/1150 1199/3450 2113/1725 1 3943/1150 1903/6900 8131/6900 1 7559/2300 751/3450 105/92 1 1447/460 95/552 205/184 1 1729/575 238/1725 631/575 1 1651/575 197/1725 1883/1725 1 6301/2300 172/1725 7571/6900 1 6009/2300 1289/13800 3077/2760 1 573/230 13/138 79/69 1 2733/1150 697/6900 8197/6900 1 5219/2300 389/3450 8587/6900 1 217/100 77/600 263/200 1 199/100 33/200 297/200 1 37/20 5/24 343/200 1 1029/575 533/2300 25441/13800 1 1999/1150 591/2300 13691/6900 1 39/23 98/345 2947/1380 1 3821/2300 4321/13800 6337/2760 1 188/115 95/276 34007/13800 1 929/575 217/575 4552/1725 1 922/575 712/1725 3241/1150 1 147/92 1243/2760 2761/920 1 919/575 3383/6900 2931/920 1 369/230 49/92 23261/6900 1 929/575 332/575 24533/6900 1 3753/2300 8621/13800 51577/13800 1 38/23 931/1380 10807/2760 1 964/575 2509/3450 2821/690 1 196/115 18/23 7339/1725 1 3991/2300 11603/13800 20297/4600 1 1017/575 6223/6900 20979/4600 1 83/46 1333/1380 2161/460 1 1059/575 594/575 1331/276 1 173/92 203/184 68077/13800 1 0 23 1 23 2 23 3 23 4 23 5 23 6 23
uniform_periodic_p3_q3_r1 P 3 6 7 1 1 0 0 1 2 1 7 2 3 4 3 3 4 9 10 1 5 16 6 2 6 0 2 3 0 1 1 1 2 1 3 1 4 1 5 1 6 1 D 0 3 | uniform_periodic_p3_q3_r1 R 1 1 3 1 6 7 0 6 1 0 0 1 4 2 14 2 9 12 9 3 4 9 10 1 10 32 12 2 18 0 6 3 0 1 1 1 2 1 3 1 4 1 5 1 6 1
uniform_periodic_p3_q4_r1 P 3 6 7 1 1 0 0 1 2 1 7 2 3 4 3 3 4 9 10 1 5 16 6 2 6 0 2 3 0 1 1 1 2 1 3 1 4 1 5 1 6 1 D 0 4 | uniform_periodic_p3_q4_r1 R 1 1 4 1 12 7 0 6 5/2 1 7 3/2 25/6 8/3 149/12 2 13/2 7 23/2 5/2 49/6 131/12 19/2 11/4 13/2 21/2 19/2 2 59/12 67/6 121/12 5/4 7 41/2 11 3/2 61/6 329/12 34/3 2 14 16 9 5/2 191/12 8/3 6 11/4 19/2 0 3 2 8/3 1/6 5/3 5/4 0 2 1 2 2 2 3 2 4 2 5 2 6 2
uniform_periodic_p3_q25_r1 P 3 6 7 1 1 0 0 1 2 1 7 2 3 4 3 3 4 9 10 1 5 16 6 2 6 0 2 3 0 1 1 1 2 1 3 1 4 1 5 1 6 1 D 0 25 | uniform_periodic_p3_q25_r1 R 1 1 25 1 138 7 0 6 241/60 43/15 1253/120 48/25 433/100 83/25 2173/200 2 1397/300 287/75 6697/600 52/25 1331/276 56467/13800 77833/6900 9751/4600 3443/690 15067/3450 78457/6900 2483/1150 3559/690 6419/1380 263/23 1011/460 36749/6900 17053/3450 52783/4600 2571/1150 37901/6900 72313/13800 26431/2300 10453/4600 1952/345 9559/1725 19817/1725 1327/575 2008/345 20167/3450 19778/1725 2693/1150 8251/1380 2122/345 6307/552 273/115 42319/6900 89087/13800 78457/6900 11059/4600 21673/3450 23317/3450 77983/6900 2797/1150 4433/690 48701/6900 19357/1725 5653/2300 9053/1380 25367/3450 51203/4600 2853/1150 9229/1380 21089/2760 1015/92 2301/920 11741/1725 13664/1725 12567/1150 1448/575 11929/1725 14131/1725 18662/1725 1456/575 9679/1380 14579/1725 147751/13800 1462/575 9799/1380 120043/13800 73097/6900 11727/4600 4951/690 6163/690 2893/276 587/230 24967/3450 63131/6900 17893/1725 5867/2300 50261/6900 32257/3450 141701/13800 2927/1150 439/60 5719/600 1017/100 507/200 147/20 1971/200 999/100 501/200 439/60 1211/120 197/20 491/200 100531/13800 70319/6900 135097/13800 11157/4600 12488/1725 14179/1380 16799/1725 5501/2300 9911/1380 3569/345 13381/1380 1083/460 9817/1380 143587/13800 66673/6900 10643/4600 19421/2760 14431/1380 26599/2760 10443/4600 11992/1725 18121/1725 16594/1725 1279/575 23671/3450 728/69 11051/1150 2503/1150 9337/1380 29249/2760 4419/460 1957/920 18403/2760 73471/6900 44207/4600 9553/4600 2266/345 14773/1380 3319/345 4659/2300 44633/6900 18581/1725 66491/6900 4541/2300 43957/6900 29947/2760 66641/6900 8847/4600 17321/2760 15103/1380 26731/2760 1723/920 2134/345 38143/3450 16762/1725 2097/1150 421/69 772/69 673/69 1021/575 41573/6900 156553/13800 22527/2300 7957/4600 82219/13800 15907/1380 45259/4600 7757/4600 2036/345 16199/1380 1137/115 757/460 8083/1380 20669/1725 68573/6900 3699/2300 8041/1380 33839/2760 13789/1380 7243/4600 3487/600 3773/300 6029/600 309/200 1163/200 1329/100 2033/200 299/200 707/120 4253/300 6173/600 293/200 41039/6900 202273/13800 35711/3450 1673/1150 41543/6900 26168/1725 71857/6900 3333/2300 2108/345 21677/1380 7229/690 333/230 85771/13800 22447/1380 145433/13800 6673/4600 8743/1380 232363/13800 18283/1725 838/575 11161/1725 30046/1725 18383/1725 844/575 11417/1725 62101/3450 18478/1725 852/575 18713/2760 25639/1380 29707/2760 1379/920 47983/6900 52849/2760 37297/3450 1747/1150 9853/1380 33986/1725 74887/6900 3547/2300 12656/1725 139619/6900 37571/3450 1803/1150 104111/13800 143107/6900 150709/13800 7341/4600 10711/1380 58547/2760 3776/345 187/115 27559/3450 7468/345 37817/3450 1907/1150 2837/345 38011/1725 18923/1725 973/575 116833/13800 154379/6900 151379/13800 7947/4600 60143/6900 312649/13800 37811/3450 2029/1150 12383/1380 7892/345 15097/1380 829/460 15932/1725 31777/1380 37637/3450 2117/1150 26231/2760 159419/6900 149969/13800 8649/4600 2933/300 13861/600 811/75 48/25 1033/100 917/40 267/25 2 3269/300 13429/600 787/75 52/25 154303/13800 15197/690 17918/1725 9751/4600 19778/1725 148961/6900 17714/1725 2483/1150 16211/1380 2909/138 1166/115 1011/460 82967/6900 282961/13800 5749/575 2571/1150 169669/13800 34274/1725 5662/575 10453/4600 21661/1725 6617/345 16708/1725 1327/575 44191/3450 31814/1725 16414/1725 2693/1150 18007/1380 9751/552 3221/345 273/115 183179/13800 58139/3450 15782/1725 11059/4600 23258/1725 110471/6900 15446/1725 2797/1150 94349/6900 10451/690 15098/1725 5653/2300 95527/6900 196877/13800 4913/575 2853/1150 38621/2760 923/69 958/115 2301/920 24353/1725 43069/3450 4664/575 1448/575 24523/1725 19999/1725 13606/1725 1456/575 98579/6900 29567/2760 13213/1725 1462/575 197719/13800 33973/3450 12814/1725 11727/4600 4946/345 2485/276 2482/345 587/230 98747/6900 28249/3450 12002/1725 5867/2300 98327/6900 102217/13800 11591/1725 2927/1150 8491/600 20/3 162/25 507/200 111/8 132/25 6 501/200 8059/600 308/75 138/25 491/200 22721/1725 24641/6900 18221/3450 11157/4600 88847/6900 5321/1725 8704/1725 5501/2300 8659/690 365/138 1661/345 1083/460 168271/13800 3881/1725 7916/1725 10643/4600 40753/3450 13091/6900 15079/3450 10443/4600 19681/1725 2734/1725 7178/1725 1279/575 18953/1725 2261/1725 2278/575 2503/1150 29117/2760 74/69 434/115 1957/920 17422/1725 5989/6900 4139/1150 9553/4600 66521/6900 1199/1725 5932/1725 4659/2300 31657/3450 1903/3450 5683/1725 4541/2300 120179/13800 751/1725 5464/1725 8847/4600 5687/690 95/276 2111/690 1723/920 26839/3450 476/1725 5126/1725 2097/1150 12634/1725 394/1725 5012/1725 1021/575 94933/13800 344/1725 1646/575 7957/4600 11123/1725 1289/6900 3271/1150 7757/4600 8327/1380 13/69 328/115 757/460 19459/3450 697/3450 4981/1725 3699/2300 72727/13800 389/1725 5092/1725 7243/4600 739/150 77/300 457/150 309/200 43/10 33/100 33/10 299/200 571/150 5/12 553/150 293/200 4957/1380 32/69 10793/2760 1673/1150 5879/1725 1777/3450 14359/3450 3333/2300 449/138 197/345 1225/276 333/230 10789/3450 4361/6900 8171/1725 6673/4600 20891/6900 241/345 69751/13800 838/575 1019/345 266/345 1859/345 844/575 5009/1725 1466/1725 19789/3450 852/575 397/138 1291/1380 841/138 1379/920 19813/6900 1774/1725 89153/13800 1747/1150 4979/1725 779/690 23569/3450 3547/2300 403/138 427/345 9943/1380 1803/1150 10253/3450 9349/6900 13072/1725 7341/4600 839/276 511/345 4387/552 187/115 5387/1725 2789/1725 14336/1725 1907/1150 5554/1725 608/345 14947/1725 973/575 2297/690 2647/1380 1243/138 7947/4600 23801/6900 3596/1725 128821/13800 2029/1150 247/69 1561/690 1331/138 829/460 12829/3450 4229/1725 68549/6900 2117/1150 13333/3450 3661/1380 17597/1725 8649/4600 0 23 1 23 2 23 3 23 4 23 5 23 6 23
clamped_p8_q8_r0 N 8 10 3 1 1 0 0 1 2 1 7 1 3 4 3 1 4 9 10 1 5 16 6 1 6 0 2 1 7 1 9 1 8 4 5 1 9 9 1 1 10 16 8 1 0 9 1 1 4 9 D 0 8 | clamped_p8_q8_r0 R 1 1 8 0 10 3 0 4 1 0 0 1 2 1 7 1 3 4 3 1 4 9 10 1 5 16 6 1 6 0 2 1 7 1 9 1 8 4 5 1 9 9 1 1 10 16 8 1 0 9 1 1 4 9
clamped_p8_q9_r0 N 8 10 3 1 1 0 0 1 2 1 7 1 3 4 3 1 4 9 10 1 5 16 6 1 6 0 2 1 7 1 9 1 8 4 5 1 9 9 1 1 10 16 8 1 0 9 1 1 4 9 D 0 9 | clamped_p8_q9_r0 R 1 1 9 0 12 3 0 4 1 0 0 1 17/9 8/9 56/9 1 79/36 19/12 56/9 1 37/12 55/12 9/2 1 143/36 329/36 149/18 1 175/36 449/36 59/9 1 23/4 65/12 47/12 1 239/36 3/4 211/36 1 271/36 95/36 62/9 1 101/12 73/12 10/3 1 82/9 88/9 16/9 1 10 16 8 1 0 10 1 2 4 10
clamped_p8_q25_r0 N 8 10 3 1 1 0 0 1 2 1 7 1 3 4 3 1 4 9 10 1 5 16 6 1 6 0 2 1 7 1 9 1 8 4 5 1 9 9 1 1 10 16 8 1 0 9 1 1 4 9 D 0 25 | clamped_p8_q25_r0 R 1 1 25 0 44 3 0 4 1 0 0 1 33/25 8/25 56/25 1 157/100 37/60 56/15 1 4067/2300 517/575 21581/4600 1 48801/25300 59427/50600 213577/40480 1 10437/5060 117221/80960 1362151/242880 1 55093/25300 5580431/3238400 37418299/6476800 1 99621/43700 246471361/123059200 65409987/11187200 1 311119/131100 5068654711/2215065600 9442591577/1610956800 1 107549/43700 634959103/246118400 1047267929/178995200 1 5562/2185 141642543/49223680 9079919/1556480 1 5742/2185 213476167/67123200 7152611/1228800 1 29597/10925 78022579/22374400 1041362079/178995200 1 30477/10925 84938659/22374400 1042913079/178995200 1 62707/21850 14505091/3532800 3139422449/536985600 1 28361/9614 43453659/9844736 2313834637/393789440 1 728259/240350 580634141/123059200 5820720721/984473600 1 448493/144210 5556497957/1107532800 52754706017/8860262400 1 319/100 653174977/123059200 21472991/3579904 1 351/100 14389879/2237440 552813159/89497600 1 383/100 906392897/123059200 567121191/89497600 1 83/20 983836113/123059200 571773703/89497600 1 447/100 1014582593/123059200 565607687/89497600 1 479/100 271870201/33561600 551577127/89497600 1 511/100 187274893/24611840 21374847/3579904 1 543/100 844884177/123059200 518493127/89497600 1 12265061/2163150 6886557349/1107532800 50372597729/8860262400 1 1420469/240350 681499549/123059200 290735851/51814400 1 295631/48070 240461327/49223680 2193862149/393789440 1 418867/65550 289637953/67123200 119348393/21479424 1 72434/10925 86729059/22374400 993396343/178995200 1 75058/10925 849517/235520 989631231/178995200 1 233053/32775 47435563/13424640 2936471023/536985600 1 16063/2185 180642751/49223680 8321071/1556480 1 331813/43700 989176831/246118400 921207129/178995200 1 3081749/393300 10135253111/2215065600 7841669753/1610956800 1 353101/43700 655697069/123059200 4051029/894976 1 42137/5060 20289017/3238400 13485163/3238400 1 130231/15180 1791847/242880 46781/12144 1 223577/25300 438439/50600 1496037/404800 1 20939/2300 11659/1150 2206/575 1 563/60 3547/300 334/75 1 242/25 344/25 144/25 1 10 16 8 1 0 26 1 18 4 26
clamped_p8_q8_r1 N 8 10 3 1 1 0 0 1 2 1 7 2 3 4 3 3 4 9 10 1 5 16 6 2 6 0 2 3 7 1 9 1 8 4 5 2 9 9 1 3 10 16 8 1 0 9 1 1 4 9 D 0 8 | clamped_p8_q8_r1 R 1 1 8 0 10 3 0 4 1 0 0 1 4 2 14 2 9 12 9 3 4 9 10 1 10 32 12 2 18 0 6 3 7 1 9 1 16 8 10 2 27 27 3 3 10 16 8 1 0 9 1 1 4 9
clamped_p8_q9_r1 N 8 10 3 1 1 0 0 1 2 1 7 2 3 4 3 3 4 9 10 1 5 16 6 2 6 0 2 3 7 1 9 1 8 4 5 2 9 9 1 3 10 16 8 1 0 9 1 1 4 9 D 0 9 | clamped_p8_q9_r1 R 1 1 9 0 12 3 0 4 1 0 0 1 11/3 16/9 112/9 17/9 179/36 71/18 469/36 79/36 31/4 32/3 115/12 31/12 17/3 457/36 91/9 53/36 169/18 817/36 65/6 67/36 173/12 43/4 33/4 5/2 145/12 35/36 281/36 17/9 425/36 181/36 335/36 55/36 247/12 191/12 85/12 29/12 226/9 232/9 32/9 25/9 10 16 8 1 0 10 1 2 4 10
clamped_p8_q25_r1 N 8 10 3 1 1 0 0 1 2 1 7 2 3 4 3 3 4 9 10 1 5 16 6 2 6 0 2 3 7 1 9 1 8 4 5 2 9 9 1 3 10 16 8 1 0 9 1 1 4 9 D 0 25 | clamped_p8_q25_r1 R 1 1 25 0 44 3 0 4 1 0 0 1 49/25 16/25 112/25 33/25 827/300 199/150 2261/300 157/100 393/115 9329/4600 10983/1150 8113/4600 321019/80960 1102193/404800 4377849/404800 387027/202400 97577/22080 825247/242880 935337/80960 163899/80960 3106193/647680 26203169/6476800 7728123/647680 13651021/6476800 628670457/123059200 229566389/49223680 5804003/480700 266754999/123059200 6342985691/1181368320 93066370801/17720524800 213835112539/17720524800 13049121959/5906841600 478294451/85606400 2288701469/393789440 23573159131/1968947200 231693271/103628800 2272485653/393789440 499861149/78757888 4659227931/393789440 177257169/78757888 3182868169/536985600 1227807959/178995200 2089237869/178995200 403846179/178995200 1085175081/178995200 1316131893/178995200 2060217287/178995200 403522889/178995200 221306141/35799040 14752387/1884160 2032469023/178995200 80436477/35799040 3377447383/536985600 4452573179/536985600 6020527033/536985600 400069517/178995200 2516157931/393789440 3441900567/393789440 4364030549/393789440 874255787/393789440 580392213/89497600 9033780251/984473600 10795895849/984473600 2168720967/984473600 3885852793/590684160 85050498347/8860262400 96247385657/8860262400 6451273021/2953420800 262757795/39378944 9852937903/984473600 4852861/450560 2131420331/984473600 6947997323/984473600 11406523663/984473600 541020103/51814400 2054815947/984473600 22158353761/2953420800 1524640949/118136832 1592574101/155443200 1983252619/984473600 7954583979/984473600 13642530863/984473600 22743089/2252800 1940655851/984473600 785993057/89497600 14078080239/984473600 514760039/51814400 1930514667/984473600 5643076397/590684160 2786533059/196894720 1513665173/155443200 388793423/196894720 10160804107/984473600 13227294671/984473600 98509403/10362880 178813249/89497600 42894471/3891200 12085223919/984473600 20856177/2252800 1985940651/984473600 4074445103/354410496 99567441323/8860262400 80390197177/8860262400 17941484087/8860262400 11725975751/984473600 9975855611/984473600 8761849417/984473600 1991920679/984473600 4834544563/393789440 3574269823/393789440 688842217/78757888 792466291/393789440 1355257627/107397120 4394311307/536985600 4626025801/536985600 1071078551/536985600 92892665/7159808 58842283/7782400 1521807967/178995200 70687933/35799040 2396201161/178995200 1306793941/178995200 60123455/7159808 70111637/35799040 7466116057/536985600 211117687/28262400 4448535863/536985600 1048781689/536985600 5735143637/393789440 3192012689/393789440 3205991131/393789440 773626709/393789440 30302177813/1968947200 18136383377/1968947200 15645161947/1968947200 786411313/393789440 290187384181/17720524800 7619453497/708820992 136066262459/17720524800 36345202837/17720524800 390970679/22374400 194450581/15382400 1803737333/246118400 522233113/246118400 120361939/6476800 597409/40480 44714297/6476800 7118621/3238400 4744957/242880 4108711/242880 1563407/242880 137251/60720 4065157/202400 763673/40480 1214219/202400 922787/404800 11438/575 46619/2300 2627/460 5099/2300 5557/300 1241/60 1727/300 607/300 386/25 488/25 32/5 41/25 10 16 8 1 0 26 1 18 4 26
unclamped_p8_q8_r0 N 8 11 20 1 1 0 0 1 2 1 7 1 3 4 3 1 4 9 10 1 5 16 6 1 6 0 2 1 7 1 9 1 8 4 5 1 9 9 1 1 10 16 8 1 11 0 4 1 0 1 1 1 2 1 3 1 4 1 5 1 6 1 7 1 8 1 9 1 10 1 11 1 12 1 13 1 14 1 15 1 16 1 17 1 18 1 19 1 D 0 8 | unclamped_p8_q8_r0 R 1 1 8 0 11 20 8 11 1 0 0 1 2 1 7 1 3 4 3 1 4 9 10 1 5 16 6 1 6 0 2 1 7 1 9 1 8 4 5 1 9 9 1 1 10 16 8 1 11 0 4 1 0 1 1 1 2 1 3 1 4 1 5 1 6 1 7 1 8 1 9 1 10 1 11 1 12 1 13 1 14 1 15 1 16 1 17 1 18 1 19 1
unclamped_p8_q9_r0 N 8 11 20 1 1 0 0 1 2 1 7 1 3 4 3 1 4 9 10 1 5 16 6 1 6 0 2 1 7 1 9 1 8 4 5 1 9 9 1 1 10 16 8 1 11 0 4 1 0 1 1 1 2 1 3 1 4 1 5 1 6 1 7 1 8 1 9 1 10 1 11 1 12 1 13 1 14 1 15 1 16 1 17 1 18 1 19 1 D 0 9 | unclamped_p8_q9_r0 R 1 1 9 0 14 12 8 11 49/18 7/2 4864/945 1 59/18 103/18 11303/1890 1 67/18 166/21 6617/945 1 77/18 7871/756 28243/3780 1 85/18 8431/756 5101/756 1 95/18 247/27 3971/756 1 103/18 1109/189 17117/3780 1 113/18 91/36 4723/945 1 121/18 397/252 5672/945 1 131/18 46/21 24463/3780 1 139/18 7/2 4345/756 1 149/18 103/18 3215/756 1 157/18 166/21 13337/3780 1 167/18 7871/756 3778/945 1 4 2 5 2 6 2 7 2 8 2 9 2 10 2 11 2 12 2 13 2 14 2 15 2
unclamped_p8_q25_r0 N 8 11 20 1 1 0 0 1 2 1 7 1 3 4 3 1 4 9 10 1 5 16 6 1 6 0 2 1 7 1 9 1 8 4 5 1 9 9 1 1 10 16 8 1 11 0 4 1 0 1 1 1 2 1 3 1 4 1 5 1 6 1 7 1 8 1 9 1 10 1 11 1 12 1 13 1 14 1 15 1 16 1 17 1 18 1 19 1 D 0 25 | unclamped_p8_q25_r0 R 1 1 25 0 62 6 8 11 211/50 1557575017/161515200 86107991/12236000 1 43/10 681437477/69220800 154410113/22024800 1 219/50 1616130737/161515200 85177219/12236000 1 223/50 213285581/21067200 758690297/110124000 1 227/50 1646571929/161515200 249500221/36708000 1 231/50 14847982169/1453636800 2208792727/330372000 1 47/10 1644451073/161515200 48152333/7341600 1 239/50 4891273979/484545600 706921681/110124000 1 241/50 460769527/45904320 25161908273/3964464000 1 243/50 229977797/23073600 2762858017/440496000 1 49/10 638518037/64606080 77976253/12585600 1 247/50 37484719/3830400 8084753521/1321488000 1 249/50 284148607/29366400 2660327689/440496000 1 251/50 280542599/29366400 375089159/62928000 1 253/50 18438467/1957760 7773101423/1321488000 1 51/10 54453257/5873280 102271297/17619840 1 257/50 981299309/107676800 315386569/55062000 1 259/50 78015400021/8721820800 2801454427/495558000 1 261/50 23085653/2633400 136570023/24472000 1 53/10 169420831/20189400 399466681/73416000 1 269/50 58026223/7268184 55734947/10488000 1 273/50 152418529/20189400 54568831/10488000 1 277/50 429828383/60568200 375178709/73416000 1 281/50 133915531/20189400 52841503/10488000 1 57/10 373491673/60568200 73244209/14683200 1 289/50 455249/79800 121406163/24472000 1 291/50 15920979391/2907273600 363636397/73416000 1 293/50 1017689689/193818240 121157439/24472000 1 59/10 17100953/3400320 145488569/29366400 1 297/50 1271941213/264297600 728750501/146832000 1 299/50 6434723/1398400 730843513/146832000 1 301/50 55336787/12585600 733690817/146832000 1 303/50 41105689/9788800 737254639/146832000 1 61/10 777093271/193818240 148298167/29366400 1 307/50 5888083/1538240 35540443/6992000 1 309/50 5313042443/1453636800 39567077/7728000 1 311/50 153795353/44049600 1262843/244720 1 63/10 1542511259/484545600 96306391/18354000 1 319/50 385214147/132148800 14012279/2622000 1 323/50 1302508579/484545600 99980383/18354000 1 327/50 1213142531/484545600 101913617/18354000 1 331/50 686629453/290727360 14829721/2622000 1 67/10 1095885019/484545600 105587609/18354000 1 339/50 1067004947/484545600 1429077/244720 1 341/50 2718956473/1245974400 45440923/7728000 1 343/50 2104868911/969091200 41371557/6992000 1 69/10 35068963/16151520 174732233/29366400 1 347/50 14401937/6607440 877897361/146832000 1 349/50 10752659/4894400 881461183/146832000 1 351/50 4257061/1915200 884308487/146832000 1 353/50 49707373/22024800 886401499/146832000 1 71/10 111393959/48454560 177541831/29366400 1 357/50 108382639/46147200 148034561/24472000 1 359/50 220859477/91808640 443939603/73416000 1 361/50 1196681659/484545600 147785837/24472000 1 73/10 55011953/21067200 88270991/14683200 1 369/50 175612823/63201600 62526497/10488000 1 373/50 1438889927/484545600 432397291/73416000 1 377/50 1541878523/484545600 60799169/10488000 1 381/50 4963368373/1453636800 59633053/10488000 1 77/10 1775838139/484545600 408109319/73416000 1 389/50 24744323/6292800 132621977/24472000 1 7 8 8 18 9 18 10 18 11 18 12 8
unclamped_p8_q8_r1 N 8 11 20 1 1 0 0 1 2 1 7 2 3 4 3 3 4 9 10 1 5 16 6 2 6 0 2 3 7 1 9 1 8 4 5 2 9 9 1 3 10 16 8 1 11 0 4 2 0 1 1 1 2 1 3 1 4 1 5 1 6 1 7 1 8 1 9 1 10 1 11 1 12 1 13 1 14 1 15 1 16 1 17 1 18 1 19 1 D 0 8 | unclamped_p8_q8_r1 R 1 1 8 0 11 20 8 11 1 0 0 1 4 2 14 2 9 12 9 3 4 9 10 1 10 32 12 2 18 0 6 3 7 1 9 1 16 8 10 2 27 27 3 3 10 16 8 1 22 0 8 2 0 1 1 1 2 1 3 1 4 1 5 1 6 1 7 1 8 1 9 1 10 1 11 1 12 1 13 1 14 1 15 1 16 1 17 1 18 1 19 1
unclamped_p8_q9_r1 N 8 11 20 1 1 0 0 1 2 1 7 2 3 4 3 3 4 9 10 1 5 16 6 2 6 0 2 3 7 1 9 1 8 4 5 2 9 9 1 3 10 16 8 1 11 0 4 2 0 1 1 1 2 1 3 1 4 1 5 1 6 1 7 1 8 1 9 1 10 1 11 1 12 1 13 1 14 1 15 1 16 1 17 1 18 1 19 1 D 0 9 | unclamped_p8_q9_r1 R 1 1 9 0 14 12 8 11 2014/315 659/84 7949/756 327/140 8431/1260 2617/252 1087/108 151/70 1633/252 3197/252 37981/3780 129/70 601/84 4247/252 13127/1260 233/140 3757/420 24433/1260 209/20 51/28 14921/1260 16181/945 36301/3780 61/28 3377/252 305/27 32357/3780 327/140 3317/252 395/84 29957/3780 151/70 15131/1260 3361/1260 6203/756 129/70 2551/210 881/210 1103/126 233/140 1513/105 817/105 302/35 51/28 827/45 4351/315 14033/1890 61/28 12857/630 11477/630 5882/945 327/140 24739/1260 75137/3780 21803/3780 151/70 4 2 5 2 6 2 7 2 8 2 9 2 10 2 11 2 12 2 13 2 14 2 15 2
unclamped_p8_q25_r1 N 8 11 20 1 1 0 0 1 2 1 7 2 3 4 3 3 4 9 10 1 5 16 6 2 6 0 2 3 7 1 9 1 8 4 5 2 9 9 1 3 10 16 8 1 11 0 4 2 0 1 1 1 2 1 3 1 4 1 5 1 6 1 7 1 8 1 9 1 10 1 11 1 12 1 13 1 14 1 15 1 16 1 17 1 18 1 19 1 D 0 25 | unclamped_p8_q25_r1 R 1 1 25 0 62 6 8 11 2025153269/269192000 808084681/50473500 2075405303/201894000 481194649/269192000 2079969517/269192000 9946965211/605682000 6231285103/605682000 96247889/53838400 2141784237/269192000 242160473/14421000 138481913/13459600 6272093/3496000 2210319093/269192000 296041807/17305200 889460153/86526000 486281589/269192000 2285057157/269192000 146005119/8412250 690428701/67298000 70160991/38456000 215022903/24472000 4550210251/259578000 337843099/33037200 6458857/3496000 2449945693/269192000 592797659/33649000 685053373/67298000 504696281/269192000 362570963/38456000 10667652577/605682000 6128697871/605682000 46634719/24472000 163118423/17001600 766934301379/43609104000 439788921739/43609104000 1034646491/538384000 5255886939/538384000 12138600341/692208000 48684363179/4845456000 1043659011/538384000 534706257/53838400 676839167/38763648 1939464943/193818240 105293121/53838400 247208567/24472000 4588236383/264297600 13165266031/1321488000 48290481/24472000 3927627/382375 1518328127/88099200 4367546287/440496000 12181397/6118000 31938751/3059000 7525132739/440496000 4345316039/440496000 12290603/6118000 259617037/24472000 22342973993/1321488000 12965441201/1321488000 49597519/24472000 580078407/53838400 63994957/3830400 378147901/38763648 110060479/53838400 841210267/76912000 39933872747/2422728000 23492639021/2422728000 1109876989/538384000 3584560979/323030400 354017807723/21804552000 210112379117/21804552000 1118889509/538384000 3028906611/269192000 614024647/38456000 406921073/42504000 51253281/24472000 3109853283/269192000 12426426163/807576000 401480537/42504000 572071719/269192000 12588711/1064000 35686242721/2422728000 35984923/3864000 7525143/3496000 3252941067/269192000 11310871867/807576000 390099041/42504000 83663009/38456000 3312797923/269192000 10683769699/807576000 54914071/6072000 590486411/269192000 3363708787/269192000 3342075361/269192000 126285539/14168000 7711907/3496000 486450381/38456000 445286863/38456000 373592761/42504000 119105711/53838400 3436925819/269192000 8671121611/807576000 368716241/42504000 595573351/269192000 20702339389/1615152000 40900634527/3964464000 13922732267/1615152000 595176563/269192000 6922895863/538384000 6852117347/692208000 13838869987/1615152000 594361763/269192000 173506901/13459600 20891629/2202480 32762007/3845600 21568501/9788800 6870593/532000 1499627033/165186000 6762163/798000 107545649/48944000 316425057/24472000 273090977/31464000 1794323/212800 107177397/48944000 63321957/4894400 1825944871/220248000 205411921/24472000 106740573/48944000 3166127/244720 326772223/41296500 13341551/1596000 106238611/48944000 43511441/3364900 457185529/60568200 224207449/26919200 232486153/107676800 993541873/76912000 34878310909/4845456000 13409664871/1615152000 15007981/6992000 4166835689/323030400 450107173/65577600 1910475401/230736000 60433243/28336000 3466010171/269192000 15859652693/2422728000 1334339827/161515200 28508563/13459600 3451084191/269192000 4802615479/807576000 6648078307/807576000 140460209/67298000 490371901/38456000 5630780417/1038312000 316036051/38456000 1794691/874000 487488217/38456000 4022272559/807576000 6636867091/807576000 135807337/67298000 678499743/53838400 11203336069/2422728000 6647095199/807576000 133384663/67298000 482123529/38456000 137066441/31464000 952247717/115368000 1701309/874000 3361498923/269192000 440055883/105336000 6690749903/807576000 128731791/67298000 3354270831/269192000 20007251/4894400 191996113/23073600 25329837/13459600 10057245971/807576000 856363027/210672000 6735148037/807576000 52910757/28336000 95786587/7691200 51146333/12585600 6750851909/807576000 12960019/6992000 1341925803/107676800 82461587/20189400 2706664591/323030400 198221047/107676800 610808897/48944000 1363161487/330372000 411045991/48944000 89537389/48944000 612108601/48944000 102506119/24472000 176553907/20976000 89035427/48944000 613891473/48944000 188165483/44049600 1238462717/146832000 88598603/48944000 616179679/48944000 80290573/18354000 1240837571/146832000 88230351/48944000 272356137/21535360 6190133/1376550 2734483289/323030400 17586699/9788800 1369147413/107676800 7491085031/1615152000 1956016819/230736000 482406237/269192000 4133146583/323030400 7748638943/1615152000 13707764173/1615152000 481591437/269192000 7742717/600875 1095653267/220248000 85742731/10094700 481194649/269192000 880921963/67298000 12993432917/2422728000 572119847/67298000 96247889/53838400 89765943/6729800 6040297141/1038312000 857560139/100947000 6272093/3496000 183458193/13459600 3068204369/484545600 570250057/67298000 486281589/269192000 234902373/16824500 217149397/31464000 70956987/8412250 70160991/38456000 3506589/244720 7807498889/1038312000 153782747/18354000 6458857/3496000 6435121/437000 19815832177/2422728000 279440563/33649000 504696281/269192000 1019235617/67298000 4299601969/484545600 1658165087/201894000 46634719/24472000 7 8 8 18 9 18 10 18 11 18 12 8
inactive_p8_q8_r0 N 8 33 7 1 1 0 0 1 2 1 7 1 3 4 3 1 4 9 10 1 5 16 6 1 6 0 2 1 7 1 9 1 8 4 5 1 9 9 1 1 10 16 8 1 11 0 4 1 12 1 0 1 13 4 7 1 14 9 3 1 15 16 10 1 16 0 6 1 17 1 2 1 18 4 9 1 19 9 5 1 20 16 1 1 21 0 8 1 22 1 4 1 23 4 0 1 24 9 7 1 25 16 3 1 26 0 10 1 27 1 6 1 28 4 2 1 29 9 9 1 30 16 5 1 31 0 1 1 32 1 8 1 33 4 4 1 -2 8 -1 8 0 1 1 8 2 1 3 8 4 8 D 0 8 | inactive_p8_q8_r0 R 1 1 8 0 33 7 -1 3 1 0 0 1 2 1 7 1 3 4 3 1 4 9 10 1 5 16 6 1 6 0 2 1 7 1 9 1 8 4 5 1 9 9 1 1 10 16 8 1 11 0 4 1 12 1 0 1 13 4 7 1 14 9 3 1 15 16 10 1 16 0 6 1 17 1 2 1 18 4 9 1 19 9 5 1 20 16 1 1 21 0 8 1 22 1 4 1 23 4 0 1 24 9 7 1 25 16 3 1 26 0 10 1 27 1 6 1 28 4 2 1 29 9 9 1 30 16 5 1 31 0 1 1 32 1 8 1 33 4 4 1 -2 8 -1 8 0 1 1 8 2 1 3 8 4 8
inactive_p8_q9_r0 N 8 33 7 1 1 0 0 1 2 1 7 1 3 4 3 1 4 9 10 1 5 16 6 1 6 0 2 1 7 1 9 1 8 4 5 1 9 9 1 1 10 16 8 1 11 0 4 1 12 1 0 1 13 4 7 1 14 9 3 1 15 16 10 1 16 0 6 1 17 1 2 1 18 4 9 1 19 9 5 1 20 16 1 1 21 0 8 1 22 1 4 1 23 4 0 1 24 9 7 1 25 16 3 1 26 0 10 1 27 1 6 1 28 4 2 1 29 9 9 1 30 16 5 1 31 0 1 1 32 1 8 1 33 4 4 1 -2 8 -1 8 0 1 1 8 2 1 3 8 4 8 D 0 9 | inactive_p8_q9_r0 R 1 1 9 0 37 7 -1 3 16/9 7/9 49/9 1 8/3 3 13/3 1 32/9 61/9 62/9 1 40/9 109/9 74/9 1 16/3 32/3 14/3 1 56/9 2/9 32/9 1 64/9 4/3 77/9 1 8 4 5 1 80/9 76/9 13/9 1 169/18 211/18 67/18 1 185/18 185/18 113/18 1 67/6 37/18 10/3 1 217/18 3/2 20/9 1 233/18 25/6 43/9 1 83/6 151/18 44/9 1 265/18 115/9 67/9 1 281/18 56/9 68/9 1 145/9 1/9 50/9 1 17 1 2 1 161/9 11/3 74/9 1 331/18 107/18 67/9 1 347/18 199/18 35/9 1 121/6 97/9 61/18 1 379/18 26/9 107/18 1 395/18 23/18 38/9 1 137/6 67/18 17/9 1 427/18 139/18 40/9 1 443/18 239/18 41/9 1 226/9 128/9 34/9 1 26 0 10 1 242/9 8/9 58/9 1 250/9 10/3 26/9 1 86/3 22/3 20/3 1 266/9 116/9 61/9 1 274/9 80/9 29/9 1 94/3 1/3 10/3 1 290/9 5/3 64/9 1 -2 8 -1 9 0 2 1 9 2 2 3 9 4 8
inactive_p8_q25_r0 N 8 33 7 1 1 0 0 1 2 1 7 1 3 4 3 1 4 9 10 1 5 16 6 1 6 0 2 1 7 1 9 1 8 4 5 1 9 9 1 1 10 16 8 1 11 0 4 1 12 1 0 1 13 4 7 1 14 9 3 1 15 16 10 1 16 0 6 1 17 1 2 1 18 4 9 1 19 9 5 1 20 16 1 1 21 0 8 1 22 1 4 1 23 4 0 1 24 9 7 1 25 16 3 1 26 0 10 1 27 1 6 1 28 4 2 1 29 9 9 1 30 16 5 1 31 0 1 1 32 1 8 1 33 4 4 1 -2 8 -1 8 0 1 1 8 2 1 3 8 4 8 D 0 25 | inactive_p8_q25_r0 R 1 1 25 0 101 7 -1 3 144/25 138431/24035 2397/437 1 152/25 28493/6325 3141/575 1 32/5 12613/3795 1936/345 1 168/25 1401/575 148/25 1 176/25 1176/575 724/115 1 184/25 34/15 98/15 1 192/25 76/25 157/25 1 8 4 5 1 208/25 28/5 93/25 1 1289/150 353/50 157/50 1 10157/1150 4759/575 1731/575 1 114431/12650 10117/1100 159191/50600 1 14029/1518 74441/7590 34547/10120 1 119227/12650 512089/50600 753287/202400 1 41951/4370 1699609/167200 1402233/349600 1 1921027/196650 1382069317/138441600 17816461/4195200 1 217059/21850 147982293/15382400 6171719/1398400 1 22062/2185 28069413/3076480 1260687/279680 1 336226/32775 35823761/4195200 6342051/1398400 1 113832/10925 11057977/1398400 6303153/1398400 1 115584/10925 10159473/1398400 6206137/1398400 1 352001/32775 488847/73600 6071449/1398400 1 261981/24035 18651343/3076480 566129/133760 1 265827/24035 1854433/334400 1268295/307648 1 12135271/1081575 353324567/69220800 92810581/23073600 1 569/50 36514619/7691200 2754721/699200 1 117/10 32400699/7691200 2671793/699200 1 601/50 93234409/23073600 2663673/699200 1 617/50 32467731/7691200 119119/30400 1 633/50 36213963/7691200 2893041/699200 1 649/50 125326657/23073600 3108641/699200 1 133/10 48453459/7691200 3370473/699200 1 681/50 55365923/7691200 3663593/699200 1 14904104/1081575 48074533/6292800 16426073/3009600 1 335048/24035 61947719/7691200 43701343/7691200 1 338894/24035 471145/55936 18178663/3076480 1 467374/32775 12198577/1398400 25736623/4195200 1 157541/10925 657339/73600 8885961/1398400 1 159293/10925 12615481/1398400 1834877/279680 1 483149/32775 37620593/4195200 28292489/4195200 1 32563/2185 26902797/3076480 385515/55936 1 329191/21850 128152917/15382400 9773511/1398400 1 2995223/196650 1067678389/138441600 88298839/12585600 1 67299/4370 26473847/3845600 127883/18400 1 197023/12650 107849/18400 17121/2530 1 23921/1518 142169/30360 48887/7590 1 201819/12650 15743/4600 75221/12650 1 18593/1150 2531/1150 6051/1150 1 2461/150 6/5 328/75 1 417/25 17/25 82/25 1 17 1 2 1 433/25 49/25 106/25 1 2639/150 431/150 141/25 1 20507/1150 4329/1150 3691/575 1 228281/12650 21319/4600 341769/50600 1 27691/1518 166109/30360 206029/30360 1 233077/12650 57541/9200 335191/50600 1 81281/4370 836601/120175 2220683/349600 1 3690877/196650 1048193401/138441600 75901723/12585600 1 413709/21850 124085721/15382400 7976427/1398400 1 41727/2185 2359291/279680 1510299/279680 1 631201/32775 2425491/279680 21547381/4195200 1 212157/10925 2454793/279680 362127/73600 1 213909/10925 12244469/1398400 6646997/1398400 1 646976/32775 12054441/1398400 6477153/1398400 1 478296/24035 2344997/279680 13995171/3076480 1 482142/24035 62047219/7691200 1383355/307648 1 21869446/1081575 48380329/6292800 309078403/69220800 1 1019/50 55898807/7691200 3108581/699200 1 207/10 49113319/7691200 3087813/699200 1 1051/50 25370713/4614720 9183319/2097600 1 1067/50 1460215/307648 3001933/699200 1 1083/50 32613319/7691200 2904597/699200 1 1099/50 2829797/699200 8351743/2097600 1 223/10 2933549/699200 533769/139840 1 1131/50 7204707/1538240 2591229/699200 1 24638279/1081575 3503649/699200 50797607/13844160 1 551363/24035 41672099/7691200 28116499/7691200 1 555209/24035 18154711/3076480 11284963/3076480 1 762349/32775 27077887/4195200 5184533/1398400 1 255866/10925 104091/14720 5274949/1398400 1 257618/10925 10827533/1398400 5395293/1398400 1 778124/32775 11825023/1398400 664477/167808 1 52228/2185 2571139/279680 1138259/279680 1 525841/21850 152704089/15382400 5848427/1398400 1 4765073/196650 32669069/3076480 10807727/2517120 1 106629/4370 5389289/480700 1540979/349600 1 310873/12650 213853/18400 918867/202400 1 37583/1518 44543/3795 71693/15180 1 315669/12650 72087/6325 63451/12650 1 28943/1150 2389/230 6341/1150 1 3811/150 421/50 159/25 1 642/25 128/25 194/25 1 26 0 10 1 658/25 8/25 218/25 1 666/25 62/75 186/25 1 674/25 38/25 3696/575 1 682/25 12/5 3317/575 1 138/5 4352/1265 125/23 1 698/25 28969/6325 614/115 1 706/25 688423/120175 58728/10925 1 -2 8 -1 25 0 18 1 25 2 18 3 25 4 8
inactive_p8_q8_r1 N 8 33 7 1 1 0 0 1 2 1 7 2 3 4 3 3 4 9 10 1 5 16 6 2 6 0 2 3 7 1 9 1 8 4 5 2 9 9 1 3 10 16 8 1 11 0 4 2 12 1 0 3 13 4 7 1 14 9 3 2 15 16 10 3 16 0 6 1 17 1 2 2 18 4 9 3 19 9 5 1 20 16 1 2 21 0 8 3 22 1 4 1 23 4 0 2 24 9 7 3 25 16 3 1 26 0 10 2 27 1 6 3 28 4 2 1 29 9 9 2 30 16 5 3 31 0 1 1 32 1 8 2 33 4 4 3 -2 8 -1 8 0 1 1 8 2 1 3 8 4 8 D 0 8 | inactive_p8_q8_r1 R 1 1 8 0 33 7 -1 3 1 0 0 1 4 2 14 2 9 12 9 3 4 9 10 1 10 32 12 2 18 0 6 3 7 1 9 1 16 8 10 2 27 27 3 3 10 16 8 1 22 0 8 2 36 3 0 3 13 4 7 1 28 18 6 2 45 48 30 3 16 0 6 1 34 2 4 2 54 12 27 3 19 9 5 1 40 32 2 2 63 0 24 3 22 1 4 1 46 8 0 2 72 27 21 3 25 16 3 1 52 0 20 2 81 3 18 3 28 4 2 1 58 18 18 2 90 48 15 3 31 0 1 1 64 2 16 2 99 12 12 3 -2 8 -1 8 0 1 1 8 2 1 3 8 4 8
inactive_p8_q9_r1 N 8 33 7 1 1 0 0 1 2 1 7 2 3 4 3 3 4 9 10 1 5 16 6 2 6 0 2 3 7 1 9 1 8 4 5 2 9 9 1 3 10 16 8 1 11 0 4 2 12 1 0 3 13 4 7 1 14 9 3 2 15 16 10 3 16 0 6 1 17 1 2 2 18 4 9 3 19 9 5 1 20 16 1 2 21 0 8 3 22 1 4 1 23 4 0 2 24 9 7 3 25 16 3 1 26 0 10 2 27 1 6 3 28 4 2 1 29 9 9 2 30 16 5 3 31 0 1 1 32 1 8 2 33 4 4 3 -2 8 -1 8 0 1 1 8 2 1 3 8 4 8 D 0 9 | inactive_p8_q9_r1 R 1 1 9 0 37 7 -1 3 10/3 14/9 98/9 16/9 22/3 26/3 32/3 8/3 56/9 31/3 86/9 17/9 20/3 173/9 98/9 13/9 38/3 64/3 10 7/3 140/9 2/9 20/3 23/9 8 16/9 82/9 10/9 16 8 10 2 232/9 224/9 34/9 26/9 367/18 409/18 89/18 20/9 269/18 203/18 139/18 13/9 221/9 47/18 52/9 13/6 257/9 49/18 26/9 43/18 371/18 55/9 95/18 29/18 463/18 157/9 161/18 11/6 679/18 106/3 62/3 23/9 491/18 56/3 46/3 16/9 18 2/9 52/9 10/9 34 2 4 2 466/9 98/9 220/9 26/9 727/18 65/6 166/9 20/9 503/18 101/6 47/9 13/9 793/18 185/9 76/9 13/6 901/18 50/9 143/9 43/18 316/9 35/18 70/9 29/18 380/9 49/6 31/9 11/6 1093/18 361/18 13 23/9 779/18 365/18 10 16/9 28 128/9 44/9 10/9 52 0 20 2 700/9 8/3 164/9 26/9 358/9 34/9 50/9 13/9 48 40/3 38/3 5/3 682/9 104/3 49/3 23/9 574/9 80/3 79/9 19/9 42 2/3 6 4/3 646/9 38/9 136/9 20/9 -2 8 -1 9 0 2 1 9 2 2 3 9 4 8
inactive_p8_q25_r1 N 8 33 7 1 1 0 0 1 2 1 7 2 3 4 3 3 4 9 10 1 5 16 6 2 6 0 2 3 7 1 9 1 8 4 5 2 9 9 1 3 10 16 8 1 11 0 4 2 12 1 0 3 13 4 7 1 14 9 3 2 15 16 10 3 16 0 6 1 17 1 2 2 18 4 9 3 19 9 5 1 20 16 1 2 21 0 8 3 22 1 4 1 23 4 0 2 24 9 7 3 25 16 3 1 26 0 10 2 27 1 6 3 28 4 2 1 29 9 9 2 30 16 5 3 31 0 1 1 32 1 8 2 33 4 4 3 -2 8 -1 8 0 1 1 8 2 1 3 8 4 8 D 0 25 | inactive_p8_q25_r1 R 1 1 25 0 101 7 -1 3 1429158/120175 1260074/120175 1068926/120175 248916/120175 77558/6325 4754/575 54652/6325 12956/6325 46888/3795 23117/3795 32234/3795 2503/1265 77252/6325 27787/6325 2342/275 513/275 6906/575 416/115 1006/115 997/575 908/75 102/25 688/75 41/25 328/25 144/25 242/25 42/25 16 8 10 2 488/25 352/25 194/25 58/25 1061/50 2681/150 961/150 184/75 12507/575 11469/575 653/115 2837/1150 218577/10120 525033/25300 2363/440 121973/50600 11653/552 156751/7590 161731/30360 70427/30360 2077367/101200 806719/40480 274863/50600 449137/202400 76925627/3845600 9037541/480700 10771473/1922800 1021153/480700 543465397/27688320 241377017/13844160 400086023/69220800 186223/91080 299043193/15382400 122734629/7691200 9121323/1538240 238449/120175 11965445/615296 22244121/1538240 9278343/1538240 67953/34960 16468673/839040 27291577/2097600 110873/18240 251929/131100 27901693/1398400 8149169/699200 4245131/699200 41841/21850 28501781/1398400 7289281/699200 4207699/699200 167793/87400 29192441/1398400 6532271/699200 2487521/419520 2026849/1048800 13165791/615296 2590463/307648 8952277/1538240 93711/48070 15323913/699200 29481119/3845600 21933677/3845600 189159/96140 1551136291/69220800 245202119/34610400 2038451/364320 2146201/1081575 175808871/7691200 1116457/167200 21183433/3845600 1921031/961400 7911441/334400 23888727/3845600 20779017/3845600 84351/41800 559731629/23073600 4954123/769120 21070193/3845600 1942843/961400 190018079/7691200 28265871/3845600 2031619/349600 83971/41800 193233847/7691200 3113037/349600 24798297/3845600 83229/41800 53818831/2097600 127349861/11536800 1139745/153824 1902757/961400 8831321/334400 10481451/769120 6673581/769120 82849/41800 210619247/7691200 63261743/3845600 1566105/153824 1924569/961400 386533063/13844160 11254577/629280 380012909/34610400 2180099/1081575 219106483/7691200 74214143/3845600 4127799/349600 195401/96140 89405083/3076480 6349055/307648 19443733/1538240 98569/48070 124187911/4195200 15268631/699200 5642101/419520 2168351/1048800 42045573/1398400 15958049/699200 9925987/699200 181807/87400 42514109/1398400 16439217/699200 21841/1472 45559/21850 42724151/1398400 16649043/699200 32139739/2097600 272471/131100 93725441/3076480 1580511/66880 23986751/1538240 71887/34960 42091659/1398400 176033829/7691200 23987371/1538240 242251/120175 214494787/7286400 78367087/3643200 1056881431/69220800 178097/91080 109587507/3845600 9356609/480700 28017817/1922800 901647/480700 5535781/202400 61697/3680 1364023/101200 360463/202400 6616/253 51254/3795 6623/552 51013/30360 159083/6325 250103/25300 103119/10120 80427/50600 28461/1150 719/115 4706/575 1763/1150 3827/150 236/75 466/75 116/75 706/25 34/25 116/25 42/25 34 2 4 2 202/5 26/5 284/25 58/25 433/10 1099/150 1166/75 184/75 50547/1150 10141/1150 20129/1150 2837/1150 1095321/25300 100769/10120 988/55 121973/50600 637379/15180 66257/6072 265427/15180 70427/30360 8196967/202400 1190909/101200 417009/25300 449137/202400 150448643/3845600 24143803/1922800 14663631/961400 1021153/480700 210594305/5537664 15981169/1203840 42128191/3009600 186223/91080 573736441/15382400 213854723/15382400 8983899/699200 238449/120175 113646001/3076480 44335859/3076480 3654261/307648 67953/34960 154898917/4195200 2695001/182400 4663609/419520 251929/131100 52002109/1398400 20941599/1398400 1477417/139840 41841/21850 52663973/1398400 20979159/1398400 7134757/699200 167793/87400 2326723/60800 62327993/4195200 1104241/110400 2026849/1048800 119806491/3076480 44766037/3076480 15261487/1538240 93711/48070 304757523/7691200 108484577/7691200 38159747/3845600 189159/96140 2787348067/69220800 49352747/3643200 345081139/34610400 2146201/1081575 314123103/7691200 99279309/7691200 38580151/3845600 1921031/961400 13984713/334400 3550917/307648 38972871/3845600 84351/41800 979385717/23073600 77993381/7691200 3538557/349600 1942843/961400 65814811/1538240 69058981/7691200 1656889/167200 83971/41800 30096461/699200 63735933/7691200 1592529/167200 83229/41800 43608811/1003200 63153933/7691200 34912951/3845600 1902757/961400 14796449/334400 6153407/699200 33535119/3845600 82849/41800 69837643/1538240 76918293/7691200 32974191/3845600 1924569/961400 3188402339/69220800 82605737/7691200 12891269/1504800 2180099/1081575 359795203/7691200 17842557/1538240 33190451/3845600 195401/96140 146180827/3076480 1678899/133760 141937/16192 98569/48070 202248547/4195200 18968007/1398400 18800743/2097600 2168351/1048800 68225781/1398400 20412743/1398400 6435381/699200 181807/87400 68756093/1398400 21821439/1398400 6615821/699200 45559/21850 68881367/1398400 23119541/1398400 20354621/2097600 272471/131100 30131989/615296 53289947/3076480 15217441/1538240 71887/34960 742081401/15382400 275404419/15382400 76874857/7691200 242251/120175 342724627/7286400 11201491/615296 138279973/13844160 178097/91080 174506091/3845600 1516881/83600 9491187/961400 901647/480700 2194987/50600 3569457/202400 980117/101200 360463/202400 417679/10120 83931/5060 72271/7590 51013/30360 1996507/50600 377087/25300 241877/25300 80427/50600 22164/575 14367/1150 11603/1150 1763/1150 1183/30 463/50 866/75 116/75 1084/25 128/25 364/25 42/25 52 0 20 2 1532/25 24/25 484/25 58/25 4718/75 26/15 1306/75 59/25 35016/575 1544/575 382/25 1303/575 73254/1265 26024/6325 85661/6325 587/275 42110/759 23392/3795 47111/3795 2557/1265 68686/1265 55626/6325 75054/6325 12344/6325 6540982/120175 1418742/120175 56460/4807 231784/120175 -2 8 -1 25 0 18 1 25 2 18 3 25 4 8
periodic_p8_q8_r0 P 8 9 3 1 1 0 0 1 2 1 7 1 3 4 3 1 4 9 10 1 5 16 6 1 6 0 2 1 7 1 9 1 8 4 5 1 9 9 1 1 0 1 1 8 3 1 D 0 8 | periodic_p8_q8_r0 R 1 1 8 1 9 3 0 3 1 0 0 1 2 1 7 1 3 4 3 1 4 9 10 1 5 16 6 1 6 0 2 1 7 1 9 1 8 4 5 1 9 9 1 1 0 1 1 8 3 1
periodic_p8_q9_r0 P 8 9 3 1 1 0 0 1 2 1 7 1 3 4 3 1 4 9 10 1 5 16 6 1 6 0 2 1 7 1 9 1 8 4 5 1 9 9 1 1 0 1 1 8 3 1 D 0 9 | periodic_p8_q9_r0 R 1 1 9 1 11 3 0 3 41/27 14/27 98/27 1 65/27 62/27 134/27 1 89/27 152/27 53/9 1 113/27 284/27 217/27 1 137/27 308/27 154/27 1 161/27 28/9 34/9 1 185/27 1 193/27 1 209/27 29/9 163/27 1 73/9 41/9 41/9 1 9 9 1 1 17/9 1 1/9 1 0 2 1 9 3 2
periodic_p8_q25_r0 P 8 9 3 1 1 0 0 1 2 1 7 1 3 4 3 1 4 9 10 1 5 16 6 1 6 0 2 1 7 1 9 1 8 4 5 1 9 9 1 1 0 1 1 8 3 1 D 0 25 | periodic_p8_q25_r0 R 1 1 25 1 43 3 0 3 313/75 2037528098/262822725 148815586/23892975 1 337/75 2094777218/262822725 147577966/23892975 1 361/75 411836836/52564545 28887377/4778595 1 77/15 1931042744/262822725 140396203/23892975 1 409/75 344919136/52564545 27354002/4778595 1 433/75 1468572608/262822725 134863486/23892975 1 457/75 1203450983/262822725 135486091/23892975 1 481/75 38960747/10512909 5533633/955719 1 21155609/3244725 325145695/94616181 13811796007/2365404525 1 2389081/360525 36506113/11427075 309891091/52564545 1 485509/72105 8262989/2766555 13612432/2285415 1 672553/98325 202011103/71678925 431328166/71678925 1 227687/32775 12876137/4778595 1527689/251505 1 231199/32775 62607353/23892975 146221487/23892975 1 704189/98325 186368468/71678925 440582048/71678925 1 47659/6555 138667312/52564545 29364218/4778595 1 241921/32775 719871256/262822725 145833632/23892975 1 2210833/294975 1376048144/473080905 258449992/43007355 1 83179/10925 92133694/29202525 5174273/884925 1 9791/1265 1787626/512325 2868599/512325 1 89687/11385 241498/61479 179164/34155 1 50803/6325 255938/56925 813548/170775 1 4721/575 5411/1035 4273/1035 1 379/45 463/75 149/45 1 217/25 37/5 57/25 1 9 9 1 1 161/25 153/25 17/25 1 211/45 932/225 8/9 1 2033/575 14764/5175 7088/5175 1 17819/6325 118804/56925 334684/170775 1 27431/11385 11740/6831 788188/307395 1 2807/1265 508088/307395 4815628/1536975 1 23787/10925 159303368/87607575 5809196/1592865 1 659209/294975 5111091112/2365404525 882170384/215036775 1 77233/32775 693160168/262822725 107622896/23892975 1 16507/6555 168876877/52564545 23224451/4778595 1 265877/98325 276354209/71678925 370977629/71678925 1 95167/32775 108368471/23892975 26061211/4778595 1 101951/32775 124805023/23892975 136058431/23892975 1 326569/98325 422136499/71678925 422554303/71678925 1 254797/72105 341821031/52564545 16741961/2766555 1 1350793/360525 1849010231/262822725 1619017583/262822725 1 12849137/3244725 17644374967/2365404525 2941971491/473080905 1 0 18 1 25 3 18
periodic_p8_q8_r1 P 8 9 3 1 1 0 0 1 2 1 7 2 3 4 3 3 4 9 10 1 5 16 6 2 6 0 2 3 7 1 9 1 8 4 5 2 9 9 1 3 0 1 1 8 3 1 D 0 8 | periodic_p8_q8_r1 R 1 1 8 1 9 3 0 3 1 0 0 1 4 2 14 2 9 12 9 3 4 9 10 1 10 32 12 2 18 0 6 3 7 1 9 1 16 8 10 2 27 27 3 3 0 1 1 8 3 1
periodic_p8_q9_r1 P 8 9 3 1 1 0 0 1 2 1 7 2 3 4 3 3 4 9 10 1 5 16 6 2 6 0 2 3 7 1 9 1 8 4 5 2 9 9 1 3 0 1 1 8 3 1 D 0 9 | periodic_p8_q9_r1 R 1 1 9 1 11 3 0 3 23/9 28/27 196/27 41/27 55/9 172/27 304/27 65/27 61/9 274/27 263/27 59/27 19/3 436/27 283/27 41/27 98/9 580/27 280/27 56/27 134/9 164/27 68/9 68/27 91/9 35/27 227/27 41/27 41/3 167/27 263/27 47/27 155/9 91/9 83/9 19/9 27 27 3 3 35/9 3 1/3 11/9 0 2 1 9 3 2
periodic_p8_q25_r1 P 8 9 3 1 1 0 0 1 2 1 7 2 3 4 3 3 4 9 10 1 5 16 6 2 6 0 2 3 7 1 9 1 8 4 5 2 9 9 1 3 0 1 1 8 3 1 D 0 25 | periodic_p8_q25_r1 R 1 1 25 1 43 3 0 3 80184113/9734175 712325092/52564545 2628670628/262822725 19272773/9734175 87152321/9734175 333107116/23892975 2592421088/262822725 19290173/9734175 8593597/884925 3621796034/262822725 508443319/52564545 777611/389367 101781467/9734175 684991804/52564545 496173451/52564545 19647317/9734175 108204104/9734175 3086976236/262822725 482881816/52564545 19786046/9734175 4918756/423225 2649537788/262822725 2352807068/262822725 19722866/9734175 116242289/9734175 2181928619/262822725 2308643327/262822725 19373753/9734175 117963569/9734175 1769345879/262822725 2293405331/262822725 18774563/9734175 1065688021/87607575 590840713/94616181 4125477101/473080905 166951429/87607575 6250967/512325 1525872737/262822725 99756247/11427075 18306293/9734175 23818937/1946835 285334697/52564545 92040736/10512909 3610121/1946835 32580601/2654775 367363303/71678925 27413492/3116475 255409/139725 10905988/884925 6173371/1257525 211524553/23892975 1595314/884925 439004/35397 114534773/23892975 9269431/1038825 1575674/884925 6648751/530955 343574936/71678925 645266546/71678925 936331/530955 24731263/1946835 258887824/52564545 95494694/10512909 3414841/1946835 25249061/1946835 1369658698/262822725 2406451966/262822725 17086021/9734175 1169511193/87607575 13439470426/2365404525 4354059542/473080905 31023761/17521515 15011899/1081575 62084608/9734175 14143651/1536975 5853769/3244725 2493991/170775 11311682/1536975 1557287/170775 317681/170775 1595996/102465 535534/61479 547666/61479 7378/3795 959828/56925 40034/3795 290618/34155 4694/2277 95941/5175 22489/1725 40571/5175 3827/1725 1553/75 3689/225 1529/225 109/45 587/25 523/25 131/25 67/25 27 27 3 3 467/25 459/25 51/25 59/25 973/75 2782/225 502/225 443/225 47713/5175 43522/5175 15874/5175 1013/575 43579/6325 37926/6325 31178/7425 95831/56925 114067/20493 483422/102465 6826/1265 6409/3795 841393/170775 145366/34155 400750/61479 59497/34155 15351779/3244725 382485278/87607575 656332934/87607575 654703/360525 420960937/87607575 11506989034/2365404525 19600869502/2365404525 165727621/87607575 2576011/512325 295381442/52564545 467975846/52564545 3809801/1946835 10362937/1946835 343487503/52564545 491922667/52564545 3903553/1946835 14986469/2654775 540576347/71678925 693778703/71678925 5400221/2654775 5286287/884925 10801319/1257525 236353397/23892975 1810103/884925 5578783/884925 10010411/1038825 239491453/23892975 1807591/884925 17632621/2654775 763030621/71678925 723520297/71678925 5390317/2654775 13620161/1946835 608647481/52564545 531890477/52564545 3920753/1946835 624383/84645 3259062113/262822725 115509079/11427075 19446749/9734175 682443013/87607575 30916093537/2365404525 23815801873/2365404525 34792337/17521515 0 18 1 25 3 18
uniform_periodic_p8_q8_r0 P 8 11 12 1 1 0 0 1 2 1 7 1 3 4 3 1 4 9 10 1 5 16 6 1 6 0 2 1 7 1 9 1 8 4 5 1 9 9 1 1 10 16 8 1 11 0 4 1 0 1 1 1 2 1 3 1 4 1 5 1 6 1 7 1 8 1 9 1 10 1 11 1 D 0 8 | uniform_periodic_p8_q8_r0 R 1 1 8 1 11 12 0 11 1 0 0 1 2 1 7 1 3 4 3 1 4 9 10 1 5 16 6 1 6 0 2 1 7 1 9 1 8 4 5 1 9 9 1 1 10 16 8 1 11 0 4 1 0 1 1 1 2 1 3 1 4 1 5 1 6 1 7 1 8 1 9 1 10 1 11 1
uniform_periodic_p8_q9_r0 P 8 11 12 1 1 0 0 1 2 1 7 1 3 4 3 1 4 9 10 1 5 16 6 1 6 0 2 1 7 1 9 1 8 4 5 1 9 9 1 1 10 16 8 1 11 0 4 1 0 1 1 1 2 1 3 1 4 1 5 1 6 1 7 1 8 1 9 1 10 1 11 1 D 0 9 | uniform_periodic_p8_q9_r0 R 1 1 9 1 22 12 0 11 49/18 7/2 4864/945 1 59/18 103/18 11303/1890 1 67/18 166/21 6617/945 1 77/18 7871/756 28243/3780 1 85/18 8431/756 5101/756 1 95/18 247/27 3971/756 1 103/18 1109/189 17117/3780 1 113/18 91/36 4723/945 1 121/18 397/252 5672/945 1 131/18 46/21 24463/3780 1 139/18 7/2 4345/756 1 149/18 103/18 3215/756 1 157/18 166/21 13337/3780 1 167/18 7871/756 3778/945 1 1019/105 42149/3780 4727/945 1 37409/3780 11483/1260 20683/3780 1 35173/3780 803/140 3589/756 1 13549/1890 2627/1260 2459/756 1 9131/1890 289/420 9557/3780 1 10187/3780 1901/3780 2833/945 1 7951/3780 3859/3780 7597/1890 1 241/105 682/315 4586/945 1 0 2 1 2 2 2 3 2 4 2 5 2 6 2 7 2 8 2 9 2 10 2 11 2
uniform_periodic_p8_q25_r0 P 8 11 12 1 1 0 0 1 2 1 7 1 3 4 3 1 4 9 10 1 5 16 6 1 6 0 2 1 7 1 9 1 8 4 5 1 9 9 1 1 10 16 8 1 11 0 4 1 0 1 1 1 2 1 3 1 4 1 5 1 6 1 7 1 8 1 9 1 10 1 11 1 D 0 25 | uniform_periodic_p8_q25_r0 R 1 1 25 1 198 12 0 11 211/50 1557575017/161515200 86107991/12236000 1 43/10 681437477/69220800 154410113/22024800 1 219/50 1616130737/161515200 85177219/12236000 1 223/50 213285581/21067200 758690297/110124000 1 227/50 1646571929/161515200 249500221/36708000 1 231/50 14847982169/1453636800 2208792727/330372000 1 47/10 1644451073/161515200 48152333/7341600 1 239/50 4891273979/484545600 706921681/110124000 1 241/50 460769527/45904320 25161908273/3964464000 1 243/50 229977797/23073600 2762858017/440496000 1 49/10 638518037/64606080 77976253/12585600 1 247/50 37484719/3830400 8084753521/1321488000 1 249/50 284148607/29366400 2660327689/440496000 1 251/50 280542599/29366400 375089159/62928000 1 253/50 18438467/1957760 7773101423/1321488000 1 51/10 54453257/5873280 102271297/17619840 1 257/50 981299309/107676800 315386569/55062000 1 259/50 78015400021/8721820800 2801454427/495558000 1 261/50 23085653/2633400 136570023/24472000 1 53/10 169420831/20189400 399466681/73416000 1 269/50 58026223/7268184 55734947/10488000 1 273/50 152418529/20189400 54568831/10488000 1 277/50 429828383/60568200 375178709/73416000 1 281/50 133915531/20189400 52841503/10488000 1 57/10 373491673/60568200 73244209/14683200 1 289/50 455249/79800 121406163/24472000 1 291/50 15920979391/2907273600 363636397/73416000 1 293/50 1017689689/193818240 121157439/24472000 1 59/10 17100953/3400320 145488569/29366400 1 297/50 1271941213/264297600 728750501/146832000 1 299/50 6434723/1398400 730843513/146832000 1 301/50 55336787/12585600 733690817/146832000 1 303/50 41105689/9788800 737254639/146832000 1 61/10 777093271/193818240 148298167/29366400 1 307/50 5888083/1538240 35540443/6992000 1 309/50 5313042443/1453636800 39567077/7728000 1 311/50 153795353/44049600 1262843/244720 1 63/10 1542511259/484545600 96306391/18354000 1 319/50 385214147/132148800 14012279/2622000 1 323/50 1302508579/484545600 99980383/18354000 1 327/50 1213142531/484545600 101913617/18354000 1 331/50 686629453/290727360 14829721/2622000 1 67/10 1095885019/484545600 105587609/18354000 1 339/50 1067004947/484545600 1429077/244720 1 341/50 2718956473/1245974400 45440923/7728000 1 343/50 2104868911/969091200 41371557/6992000 1 69/10 35068963/16151520 174732233/29366400 1 347/50 14401937/6607440 877897361/146832000 1 349/50 10752659/4894400 881461183/146832000 1 351/50 4257061/1915200 884308487/146832000 1 353/50 49707373/22024800 886401499/146832000 1 71/10 111393959/48454560 177541831/29366400 1 357/50 108382639/46147200 148034561/24472000 1 359/50 220859477/91808640 443939603/73416000 1 361/50 1196681659/484545600 147785837/24472000 1 73/10 55011953/21067200 88270991/14683200 1 369/50 175612823/63201600 62526497/10488000 1 373/50 1438889927/484545600 432397291/73416000 1 377/50 1541878523/484545600 60799169/10488000 1 381/50 4963368373/1453636800 59633053/10488000 1 77/10 1775838139/484545600 408109319/73416000 1 389/50 24744323/6292800 132621977/24472000 1 31002108479/3964464000 4670498663/1147608000 261697143/48944000 1 3462298559/440496000 10202599117/2422728000 258040383/48944000 1 695983679/88099200 1407218293/323030400 76289119/14683200 1 2098522933/264297600 1190635811/264297600 375737029/73416000 1 140606321/17619840 45584961/9788800 92492993/18354000 1 3532777777/440496000 302807411/62928000 91047007/18354000 1 1521598897/188784000 2189303843/440496000 358422971/73416000 1 713603377/88099200 710348791/138441600 70542881/14683200 1 358563601/44049600 570107873/107676800 231399617/48944000 1 3242929121/396446400 9525350629/1744364160 227742857/48944000 1 1810436129/220248000 103312567/18354000 112098023/24472000 1 203116937/24472000 129125819/21631500 326050681/73416000 1 1107398767/132148800 12145799/1922800 45246947/10488000 1 207029873/24472000 2019594119/302841000 44080831/10488000 1 1880858641/220248000 472637811/67298000 301762709/73416000 1 126561551/14683200 23934418/3244725 42353503/10488000 1 383189173/44049600 103980997/13459600 58561009/14683200 1 42964461/4894400 488553617/60568200 96934163/24472000 1 17478966569/1982232000 359076313391/43609104000 290220397/73416000 1 650262883/73416000 40695340351/4845456000 96685439/24472000 1 783775609/88099200 8295093907/969091200 116122169/29366400 1 562300583/62928000 500809261/57456000 581918501/146832000 1 790648037/88099200 781286227/88099200 584011513/146832000 1 441140953/48944000 3970904311/440496000 586858817/146832000 1 629552939/69552000 1728290947/188784000 590422639/146832000 1 2321111/255360 1285891667/138441600 118931767/29366400 1 174803689/19152000 171492727/18216000 28548443/6992000 1 7266316691/792892800 5938579433/622987200 31839077/7728000 1 253309657/27531000 370784303/38456000 1018123/244720 1 102115183/11012400 7948099007/807576000 77952391/18354000 1 192887851/20648250 24233477969/2422728000 11390279/2622000 1 73992163/7866000 8172005951/807576000 81626383/18354000 1 260624543/27531000 1175347181/115368000 83559617/18354000 1 1572627677/165186000 8241486367/807576000 12207721/2622000 1 131686133/13765500 2737435017/269192000 87233609/18354000 1 528763817/55062000 8138882111/807576000 1184357/244720 1 470784403/48944000 436916272127/43609104000 37712923/7728000 1 4242780211/440496000 9638478499/969091200 34379557/6992000 1 121347653/12585600 4777203751/484545600 145365833/29366400 1 12750344221/1321488000 921153773/94392000 731065361/146832000 1 850302073/88099200 212432057/22024800 734629183/146832000 1 4251242357/440496000 5989739/629280 737476487/146832000 1 12747592183/1321488000 6197122159/660744000 739569499/146832000 1 169810489/17619840 4471099397/484545600 148175431/29366400 1 2119662389/220248000 3992714927/440496000 123562561/24472000 1 235070853/24472000 20403989159/2295216000 370523603/73416000 1 301500563/31464000 21089946671/2422728000 123313837/24472000 1 18242759/1915200 6715948397/807576000 73587791/14683200 1 6241507607/660744000 57358391141/7268184000 52038497/10488000 1 2057910733/220248000 1201383377/161515200 358981291/73416000 1 2029864597/220248000 1533557117/220248000 50311169/10488000 1 5988537983/660744000 15682882583/2422728000 49145053/10488000 1 78271253/8809920 14480516231/2422728000 334693319/73416000 1 1911722909/220248000 11804547/2153536 108149977/24472000 1 16990140529/1982232000 228287193083/43609104000 2154125573/495558000 1 4667887/552000 1051303229/210672000 235233431/55062000 1 734334229/88099200 143803531/30284100 73927103/17619840 1 3615760649/440496000 149011127/33037200 5441778577/1321488000 1 3557341933/440496000 941950169/220248000 254190841/62928000 1 1165510679/146832000 891630137/220248000 1744632311/440496000 1 10300394933/1321488000 631945213/165186000 5130126479/1321488000 1 224552737/29366400 43723567/12113640 47879747/12585600 1 3301175939/440496000 16475602579/4845456000 1642101983/440496000 1 4155813701/566352000 139481290259/43609104000 14482731727/3964464000 1 17183993/2394000 2426401501/807576000 394318319/110124000 1 75455917/11012400 6379580591/2422728000 25263667/7341600 1 46793771/7182000 74167517/32303040 1094927273/330372000 1 48553111/7866000 4832631751/2422728000 117579779/36708000 1 45838889/7866000 66539417/38456000 342549703/110124000 1 39390229/7182000 2184457081/1453636800 37182781/12236000 1 56692883/11012400 50434257/38456000 65837887/22024800 1 11544007/2394000 399822449/346104000 36252009/12236000 1 2640410299/566352000 47343666989/43609104000 11716076779/3964464000 1 1984776061/440496000 4963757389/4845456000 1301059163/440496000 1 127844063/29366400 18825677/19381824 260574577/88099200 1 5557461067/1321488000 611885887/660744000 24357571/8208000 1 596473321/146832000 97834001/110124000 1313952379/440496000 1 1728610067/440496000 94492777/110124000 1323085651/440496000 1 1670191351/440496000 110311711/132148800 4003490189/1321488000 1 322856171/88099200 396457351/484545600 269615383/88099200 1 1956113/552000 3915761207/4845456000 42615721/13765500 1 6796643471/1982232000 5010425729/6229872000 776947141/247779000 1 731253091/220248000 43411033/53838400 233423191/73416000 1 27447787/8809920 663669427/807576000 144235493/44049600 1 1940390017/660744000 2081183173/2422728000 82775293/24472000 1 613111403/220248000 67258649/73416000 771004889/220248000 1 585065267/220248000 4575481/4614720 266192567/73416000 1 1687420393/660744000 875207219/807576000 2481104779/660744000 1 4739641/1915200 320809149/269192000 57051403/14683200 1 76067437/31464000 1061647987/807576000 884266777/220248000 1 58593147/24472000 30082846043/21804552000 8085562997/1982232000 1 523313611/220248000 3508692371/2422728000 912354589/220248000 1 41627591/17619840 64056203/42134400 370439537/88099200 1 3110263817/1321488000 2108732813/1321488000 5637556271/1321488000 1 1034709643/440496000 147523891/88099200 100295651/23184000 1 206888327/88099200 154757243/88099200 1931455681/440496000 1 3107511779/1321488000 2434191187/1321488000 5870039149/1321488000 1 29679547/12585600 1870970267/969091200 396257143/88099200 1 1043171789/440496000 1960001707/969091200 2005286167/440496000 1 116543597/48944000 13192422721/6229872000 18258379831/3964464000 1 131980183/55062000 671068691/302841000 42741577/9177000 1 33499867/13765500 488367079/201894000 1247861/262200 1 409604323/165186000 1196864353/454261500 44574013/9177000 1 69747457/27531000 578091653/201894000 45450571/9177000 1 20399837/7866000 940227061/302841000 46319429/9177000 1 54891149/20648250 2034325201/605682000 47195987/9177000 1 30033617/11012400 137238814/37855125 1374139/262200 1 77062343/27531000 23887049/6118000 49028423/9177000 1 2248396909/792892800 35296874257/8721820800 21386260169/3964464000 1 55020311/19152000 356400941/85008000 2399673833/440496000 1 743209/255360 4206947369/969091200 484734857/88099200 1 205071061/69552000 219886147/48944000 7344840851/1321488000 1 146187047/48944000 2046952141/440496000 2473504319/440496000 1 266542363/88099200 47025353/9788800 131544349/23184000 1 192835417/62928000 937069889/188784000 7577323729/1321488000 1 273414791/88099200 78849609/15382400 510552463/88099200 1 230729117/73416000 1831098539/346104000 1290125411/220248000 1 6307817431/1982232000 16999682899/3114936000 11736757003/1982232000 1 15768339/4894400 35405803/6292800 1318213223/220248000 1 145406027/44049600 2891741987/484545600 89780597/14683200 1 49636849/14683200 9181133069/1453636800 4126335221/660744000 1 762117359/220248000 16155833711/2422728000 467967433/73416000 1 86634127/24472000 1546777537/220248000 1431475111/220248000 1 478386833/132148800 10722557129/1453636800 161944707/24472000 1 90547063/24472000 1701517793/220248000 296260507/44049600 1 832539871/220248000 19542482479/2422728000 500736809/73416000 1 1514427679/396446400 2051911793/249194880 1700842859/247779000 1 170031599/44049600 8139306947/969091200 95039279/13765500 1 343587023/88099200 20947977/2447200 611376617/88099200 1 743809103/188784000 2879784491/330372000 9211389811/1321488000 1 1753174223/440496000 34268863/3864000 3081874349/440496000 1 70831759/17619840 17265989/1915200 3091007621/440496000 1 1073048267/264297600 100825439/11012400 57722429/8208000 1 361206721/88099200 321505763/34610400 620417423/88099200 1 1823653441/440496000 15207572273/1615152000 3103900837/440496000 1 16571459521/3964464000 415762804979/43609104000 27928563221/3964464000 1 0 18 1 18 2 18 3 18 4 18 5 18 6 18 7 18 8 18 9 18 10 18 11 18
uniform_periodic_p8_q8_r1 P 8 11 12 1 1 0 0 1 2 1 7 2 3 4 3 3 4 9 10 1 5 16 6 2 6 0 2 3 7 1 9 1 8 4 5 2 9 9 1 3 10 16 8 1 11 0 4 2 0 1 1 1 2 1 3 1 4 1 5 1 6 1 7 1 8 1 9 1 10 1 11 1 D 0 8 | uniform_periodic_p8_q8_r1 R 1 1 8 1 11 12 0 11 1 0 0 1 4 2 14 2 9 12 9 3 4 9 10 1 10 32 12 2 18 0 6 3 7 1 9 1 16 8 10 2 27 27 3 3 10 16 8 1 22 0 8 2 0 1 1 1 2 1 3 1 4 1 5 1 6 1 7 1 8 1 9 1 10 1 11 1
uniform_periodic_p8_q9_r1 P 8 11 12 1 1 0 0 1 2 1 7 2 3 4 3 3 4 9 10 1 5 16 6 2 6 0 2 3 7 1 9 1 8 4 5 2 9 9 1 3 10 16 8 1 11 0 4 2 0 1 1 1 2 1 3 1 4 1 5 1 6 1 7 1 8 1 9 1 10 1 11 1 D 0 9 | uniform_periodic_p8_q9_r1 R 1 1 9 1 22 12 0 11 2014/315 659/84 7949/756 327/140 8431/1260 2617/252 1087/108 151/70 1633/252 3197/252 37981/3780 129/70 601/84 4247/252 13127/1260 233/140 3757/420 24433/1260 209/20 51/28 14921/1260 16181/945 36301/3780 61/28 3377/252 305/27 32357/3780 327/140 3317/252 395/84 29957/3780 151/70 15131/1260 3361/1260 6203/756 129/70 2551/210 881/210 1103/126 233/140 1513/105 817/105 302/35 51/28 827/45 4351/315 14033/1890 61/28 12857/630 11477/630 5882/945 327/140 24739/1260 75137/3780 21803/3780 151/70 22027/1260 65731/3780 24049/3780 1159/630 30103/1890 14377/1260 8933/1260 6029/3780 29117/1890 229/36 8591/1260 847/540 5351/420 58/27 247/45 1451/945 11117/1260 313/378 1507/315 2777/1890 9413/1890 47/42 3287/540 1451/945 802/189 799/315 31771/3780 3377/1890 673/126 2257/420 5603/540 2743/1260 0 2 1 2 2 2 3 2 4 2 5 2 6 2 7 2 8 2 9 2 10 2 11 2
uniform_periodic_p8_q25_r1 P 8 11 12 1 1 0 0 1 2 1 7 2 3 4 3 3 4 9 10 1 5 16 6 2 6 0 2 3 7 1 9 1 8 4 5 2 9 9 1 3 10 16 8 1 11 0 4 2 0 1 1 1 2 1 3 1 4 1 5 1 6 1 7 1 8 1 9 1 10 1 11 1 D 0 25 | uniform_periodic_p8_q25_r1 R 1 1 25 1 198 12 0 11 2025153269/269192000 808084681/50473500 2075405303/201894000 481194649/269192000 2079969517/269192000 9946965211/605682000 6231285103/605682000 96247889/53838400 2141784237/269192000 242160473/14421000 138481913/13459600 6272093/3496000 2210319093/269192000 296041807/17305200 889460153/86526000 486281589/269192000 2285057157/269192000 146005119/8412250 690428701/67298000 70160991/38456000 215022903/24472000 4550210251/259578000 337843099/33037200 6458857/3496000 2449945693/269192000 592797659/33649000 685053373/67298000 504696281/269192000 362570963/38456000 10667652577/605682000 6128697871/605682000 46634719/24472000 163118423/17001600 766934301379/43609104000 439788921739/43609104000 1034646491/538384000 5255886939/538384000 12138600341/692208000 48684363179/4845456000 1043659011/538384000 534706257/53838400 676839167/38763648 1939464943/193818240 105293121/53838400 247208567/24472000 4588236383/264297600 13165266031/1321488000 48290481/24472000 3927627/382375 1518328127/88099200 4367546287/440496000 12181397/6118000 31938751/3059000 7525132739/440496000 4345316039/440496000 12290603/6118000 259617037/24472000 22342973993/1321488000 12965441201/1321488000 49597519/24472000 580078407/53838400 63994957/3830400 378147901/38763648 110060479/53838400 841210267/76912000 39933872747/2422728000 23492639021/2422728000 1109876989/538384000 3584560979/323030400 354017807723/21804552000 210112379117/21804552000 1118889509/538384000 3028906611/269192000 614024647/38456000 406921073/42504000 51253281/24472000 3109853283/269192000 12426426163/807576000 401480537/42504000 572071719/269192000 12588711/1064000 35686242721/2422728000 35984923/3864000 7525143/3496000 3252941067/269192000 11310871867/807576000 390099041/42504000 83663009/38456000 3312797923/269192000 10683769699/807576000 54914071/6072000 590486411/269192000 3363708787/269192000 3342075361/269192000 126285539/14168000 7711907/3496000 486450381/38456000 445286863/38456000 373592761/42504000 119105711/53838400 3436925819/269192000 8671121611/807576000 368716241/42504000 595573351/269192000 20702339389/1615152000 40900634527/3964464000 13922732267/1615152000 595176563/269192000 6922895863/538384000 6852117347/692208000 13838869987/1615152000 594361763/269192000 173506901/13459600 20891629/2202480 32762007/3845600 21568501/9788800 6870593/532000 1499627033/165186000 6762163/798000 107545649/48944000 316425057/24472000 273090977/31464000 1794323/212800 107177397/48944000 63321957/4894400 1825944871/220248000 205411921/24472000 106740573/48944000 3166127/244720 326772223/41296500 13341551/1596000 106238611/48944000 43511441/3364900 457185529/60568200 224207449/26919200 232486153/107676800 993541873/76912000 34878310909/4845456000 13409664871/1615152000 15007981/6992000 4166835689/323030400 450107173/65577600 1910475401/230736000 60433243/28336000 3466010171/269192000 15859652693/2422728000 1334339827/161515200 28508563/13459600 3451084191/269192000 4802615479/807576000 6648078307/807576000 140460209/67298000 490371901/38456000 5630780417/1038312000 316036051/38456000 1794691/874000 487488217/38456000 4022272559/807576000 6636867091/807576000 135807337/67298000 678499743/53838400 11203336069/2422728000 6647095199/807576000 133384663/67298000 482123529/38456000 137066441/31464000 952247717/115368000 1701309/874000 3361498923/269192000 440055883/105336000 6690749903/807576000 128731791/67298000 3354270831/269192000 20007251/4894400 191996113/23073600 25329837/13459600 10057245971/807576000 856363027/210672000 6735148037/807576000 52910757/28336000 95786587/7691200 51146333/12585600 6750851909/807576000 12960019/6992000 1341925803/107676800 82461587/20189400 2706664591/323030400 198221047/107676800 610808897/48944000 1363161487/330372000 411045991/48944000 89537389/48944000 612108601/48944000 102506119/24472000 176553907/20976000 89035427/48944000 613891473/48944000 188165483/44049600 1238462717/146832000 88598603/48944000 616179679/48944000 80290573/18354000 1240837571/146832000 88230351/48944000 272356137/21535360 6190133/1376550 2734483289/323030400 17586699/9788800 1369147413/107676800 7491085031/1615152000 1956016819/230736000 482406237/269192000 4133146583/323030400 7748638943/1615152000 13707764173/1615152000 481591437/269192000 7742717/600875 1095653267/220248000 85742731/10094700 481194649/269192000 880921963/67298000 12993432917/2422728000 572119847/67298000 96247889/53838400 89765943/6729800 6040297141/1038312000 857560139/100947000 6272093/3496000 183458193/13459600 3068204369/484545600 570250057/67298000 486281589/269192000 234902373/16824500 217149397/31464000 70956987/8412250 70160991/38456000 3506589/244720 7807498889/1038312000 153782747/18354000 6458857/3496000 6435121/437000 19815832177/2422728000 279440563/33649000 504696281/269192000 1019235617/67298000 4299601969/484545600 1658165087/201894000 46634719/24472000 669817852273/43609104000 42344291/4588500 941753501/115368000 11972337967/6229872000 75481775713/4845456000 46098979/4807000 1309714927/161515200 853902827/440496000 55674695/3523968 419545309/42134400 11307319/1404480 5150207/2633400 604923439/37756800 910005461/88099200 586532281/73416000 651921491/330372000 7155807881/440496000 4715479141/440496000 581747641/73416000 438530287/220248000 7253949937/440496000 1627338719/146832000 576732113/73416000 3847493/1915200 1160742889/69552000 15147385781/1321488000 38100649/4894400 669566461/330372000 16384672187/969091200 3825281543/323030400 65549201/8500800 123818021/60568200 41481437737/2422728000 59212712623/4845456000 96344753/12618375 434299567/210672000 377902516001/21804552000 61034880007/4845456000 108992959/14421000 12947143087/6229872000 42482298871/2422728000 5236636259/403788000 3020071057/403788000 461279087/220248000 87746277/4894400 2371500797/173052000 2955957523/403788000 572070393/269192000 132926370757/7268184000 1164090931/80757600 262842767/36708000 15644690527/7268184000 5009750611/269192000 18280142743/1211364000 565495859/80757600 585634569/269192000 4159658149/220248000 2116074553/134596000 553211221/80757600 5314259141/2422728000 15434142137/807576000 2369190113/145363680 902804201/134596000 1781374187/807576000 46718234263/2422728000 2262775149/134596000 2655838397/403788000 30624763/13844160 5222180947/269192000 20900041343/1211364000 2609444263/403788000 595489641/269192000 121130942311/6229872000 54372242917/3114936000 27949516801/4360910400 350550271/158578560 3774359753/193818240 14243738393/807576000 200117521/31464000 3565359071/1615152000 1888758721/96909120 479147007/26919200 1530186043/242272800 106733353/48454560 12879663233/660744000 987814621/55062000 51840059/8259300 34555711/15732000 85817603/4404960 13810463/764750 343706509/55062000 3624653/1656000 2142852371/110124000 3966907/218500 2572133/414000 32003959/14683200 12833428721/660744000 1003712749/55062000 63893456/10324125 358301359/165186000 853465681/44049600 492062731/26919200 1494773447/242272800 58070471/26919200 4926161417/255024000 4927931341/269192000 2982847379/484545600 10389237937/4845456000 839366870731/43609104000 36294780743/1982232000 12185148181/1982232000 92882441777/43609104000 123843875/6460608 22156167863/1211364000 1063112363/173052000 204925201/96909120 46019519533/2422728000 1470105739/80757600 225571351/36708000 1008915989/484545600 5058053381/269192000 65504099081/3634092000 3200460677/519156000 2974807607/1453636800 1284797623/69220800 7169465459/403788000 227602147/36708000 4865620769/2422728000 448218567/24472000 21077455327/1211364000 7569926341/1211364000 4769686553/2422728000 131269904503/7268184000 6849464191/403788000 363856547/57684000 2803484591/1453636800 8334699/468160 19929254699/1211364000 7719693689/1211364000 4576124737/2422728000 42512387509/2422728000 6409791803/403788000 520095269/80757600 407505491/220248000 2813675467/161515200 16166133847/1038312000 56465762873/8721820800 19360139/10571904 41901607949/2422728000 36947920571/2422728000 31532339117/4845456000 1756784851/969091200 16641091717/969091200 200790511/13459600 905450749/138441600 869707109/484545600 4506454189/264297600 4814577569/330372000 8684417083/1321488000 1174521953/660744000 7458422183/440496000 104377681/7341600 2907849299/440496000 4215647/2394000 1058165113/62928000 3211333/231840 2919913163/440496000 3843283/2202480 22070814583/1321488000 70673737/5244000 8792429941/1321488000 228588967/132148800 16076947763/969091200 1586307241/121136400 6468802069/969091200 36137881/21067200 4202776649/255024000 932911183/73416000 1158306263/173052000 8245648721/4845456000 11332671349/692208000 89502092461/7268184000 73131773773/10902276000 3507184301/2076624000 9851309099/605682000 14436496681/1211364000 5425653001/807576000 73863973/44049600 3240864019/201894000 13469379551/1211364000 16307154799/2422728000 72870709/44049600 28782469841/1817046000 37487479111/3634092000 16294019179/2422728000 2376350717/1453636800 3154314307/201894000 11526998683/1211364000 16234709471/2422728000 112001833/69220800 847771793/55062000 10573389473/1211364000 5376139913/807576000 777110503/484545600 1019800417/67298000 28933931189/3634092000 47929556173/7268184000 462735073/290727360 819785857/55062000 1749883169/242272800 68322941/10488000 69650989/44049600 2946931891/201894000 343272469/52668000 1413857117/220248000 761729327/484545600 629852872171/43609104000 11219004257/1817046000 69431099777/10902276000 13673685287/8721820800 7689246643/538384000 62064481/10626000 849922781/134596000 101024489/64606080 13676611411/969091200 2673615209/484545600 2021594807/323030400 539867/346104 35896647/2576000 382184863/73416000 2730982123/440496000 1370951/880992 6056157743/440496000 1080357319/220248000 128790047/20976000 68390701/44049600 1990027309/146832000 48418067/10488000 46979003/7728000 7582093/4894400 2520040567/188784000 573539509/132148800 2650889369/440496000 51068477/33037200 4243243399/323030400 1908329/468160 641454483/107676800 1245709/807576 31287387757/2422728000 9267290281/2422728000 414145577/70224000 135616429/88099200 276574515149/21804552000 26071213307/7268184000 4630063163/792892800 141044737/91808640 6030945169/484545600 48483751/14421000 25477369/4404960 148593959/96909120 28968016589/2422728000 1779729839/605682000 2292934697/403788000 105747737/69220800 83151544631/7268184000 12959987/5047350 20308070129/3634092000 2213443081/1453636800 26416331941/2422728000 1362715597/605682000 2228086633/403788000 735844399/484545600 25082674021/2422728000 3642133/1835400 6629359339/1211364000 146900071/96909120 71207041079/7268184000 643253461/363409200 6609727307/1211364000 2201965133/1453636800 2036011303/220248000 503299/313500 6629393387/1211364000 734530147/484545600 21085070261/2422728000 901704689/605682000 2230374233/403788000 147269443/96909120 367907190307/43609104000 3144572969/2180455200 7574359213/1362784500 2655366347/1744364160 5658807653/692208000 113634319/80757600 23560249/4206125 1478457031/969091200 255829153/32303040 11171333/8075760 547917059/96909120 12354203/8075760 5068845197/660744000 150930551/110124000 1258832447/220248000 579503/377568 272785363/36708000 25118417/18354000 1274378129/220248000 7541201/4894400 792886721/110124000 25274689/18354000 430621307/73416000 68174537/44049600 512325157/73416000 17079487/12236000 207036811/34776000 34260589/22024800 3279050297/484545600 57524237/40378800 325700729/53838400 37901449/24227280 3535692233/538384000 2072979/1416800 14908418363/2422728000 508543421/323030400 55634921933/8721820800 16475169409/10902276000 3902930561/622987200 727668541/459043200 200359169/32303040 135711107/86526000 154641547/24227280 773866279/484545600 14232775463/2422728000 7154578/4206125 286898669/43263000 71489417/44049600 1232875649/220248000 3395198021/1817046000 1791661417/259578000 343204243/207662400 565942001/105336000 13924123/6729800 1088642189/151420500 817032563/484545600 199958133/38456000 1393315921/605682000 4534971143/605682000 834869351/484545600 36899263733/7268184000 43079193/16824500 1010979509/129789000 366030607/207662400 4038934073/807576000 246339557/86526000 4899542953/605682000 124904209/69220800 12038881031/2422728000 318732499/100947000 28842362/3441375 895282771/484545600 480993217/96909120 144707988767/43609104000 6758763199/792892800 27176557789/14536368000 12034215049/2422728000 2411999929/692208000 13993467443/1615152000 833239157/440496000 689454389/138441600 3542701139/969091200 8527498949/969091200 463631783/242272800 6609200947/1321488000 1012662487/264297600 561973741/62928000 127899871/66074400 2215767769/440496000 2657303/662400 3989206897/440496000 86228539/44049600 2231494961/440496000 16070989/3830400 449122337/48944000 435887183/220248000 6749750933/1321488000 1158467017/264297600 92307983/9936000 165202727/82593000 999107993/193818240 4432527509/969091200 121431721/12921216 489585029/242272800 25228623193/4845456000 11550107819/2422728000 23012967137/2422728000 1977676511/969091200 3642606103/692208000 15460396453/3114936000 209167668161/21804552000 855548099/415324800 3222877969/605682000 4168126147/807576000 2131982233/220248000 5035104647/2422728000 23891359/4389000 1224718231/220248000 2167235129/220248000 731316857/346104000 1446584203/259578000 187697981/31464000 72477768257/7268184000 56650639/26429760 143951029/25236750 15440877229/2422728000 24412322267/2422728000 5254599991/2422728000 3532649333/605682000 1095416167/161515200 1069678997/105336000 482055653/220248000 257611007/43263000 7465746257/1038312000 74207778793/7268184000 3201537433/1453636800 334070537/55062000 6135052051/807576000 24819531419/2422728000 1070750851/484545600 4043407/655500 19385969741/2422728000 24861704491/2422728000 1071190171/484545600 54215084843/8721820800 1296218729/158004000 111930807739/10902276000 96356407141/43609104000 30334782311/4845456000 1454562071/173052000 12438576211/1211364000 10692863141/4845456000 1221375599/193818240 8340710531/969091200 9949498541/969091200 50818147/23073600 8377705411/1321488000 11639694391/1321488000 13562408633/1321488000 1451358287/660744000 2807871863/440496000 3968603341/440496000 645461437/62928000 95667/43700 2821808399/440496000 4057446677/440496000 902995223/88099200 60027857/27531000 8503339213/1321488000 2487924169/264297600 2706737011/264297600 95597203/44049600 6260928829/969091200 9319214629/969091200 1983152167/193818240 1046034053/484545600 826798033/127512000 9517145831/969091200 2153584019/210672000 3466437857/1615152000 12895118209/1982232000 29149424813/2907273600 19364112563/1896048000 18599624327/8721820800 22810613/3496000 12396866837/1211364000 12360301859/1211364000 4957647/2340800 2270673331/346104000 4301446343/403788000 12339291199/1211364000 5056355789/2422728000 5323766099/807576000 1150539877/103831200 36966778049/3634092000 1658256319/807576000 2292267059/346104000 4651681399/403788000 12311107511/1211364000 4889004853/2422728000 1791954193/269192000 414344567/34610400 44752577/4404960 106707081/53838400 48677989519/7268184000 430408087/34610400 36930467821/3634092000 14148044759/7268184000 1816732017/269192000 15640411253/1211364000 1120027537/110124000 514926501/269192000 16510378981/2422728000 235178161/17556000 12336338599/1211364000 4559368229/2422728000 59760570437/8721820800 1858826927/136278450 124703609/12236000 81429630713/43609104000 1452247903/210672000 420501173/30284100 588384287/57684000 816481067/440496000 105083861/15142050 124494119/8809920 4946935261/484545600 11149933/6056820 577457107/82593000 9499463903/660744000 118461197/11592000 604377353/330372000 1552510583/220248000 3220407187/220248000 2252972819/220248000 80131883/44049600 1566430543/220248000 3273899779/220248000 250575651/24472000 398693711/220248000 2372548253/330372000 9980200259/660744000 294434069/28728000 148888717/82593000 46268267/6375600 7433043227/484545600 552286283/53838400 1088177/605682 35561696809/4845456000 7544675213/484545600 452238869/44049600 91403287/51004800 64784270069/8721820800 344388729929/21804552000 4978137919/484545600 78017812793/43609104000 0 18 1 18 2 18 3 18 4 18 5 18 6 18 7 18 8 18 9 18 10 18 11 18
clamped_p24_q24_r0 N 24 26 3 1 1 0 0 1 2 1 7 1 3 4 3 1 4 9 10 1 5 16 6 1 6 0 2 1 7 1 9 1 8 4 5 1 9 9 1 1 10 16 8 1 11 0 4 1 12 1 0 1 13 4 7 1 14 9 3 1 15 16 10 1 16 0 6 1 17 1 2 1 18 4 9 1 19 9 5 1 20 16 1 1 21 0 8 1 22 1 4 1 23 4 0 1 24 9 7 1 25 16 3 1 26 0 10 1 0 25 1 1 4 25 D 0 24 | clamped_p24_q24_r0 R 1 1 24 0 26 3 0 4 1 0 0 1 2 1 7 1 3 4 3 1 4 9 10 1 5 16 6 1 6 0 2 1 7 1 9 1 8 4 5 1 9 9 1 1 10 16 8 1 11 0 4 1 12 1 0 1 13 4 7 1 14 9 3 1 15 16 10 1 16 0 6 1 17 1 2 1 18 4 9 1 19 9 5 1 20 16 1 1 21 0 8 1 22 1 4 1 23 4 0 1 24 9 7 1 25 16 3 1 26 0 10 1 0 25 1 1 4 25
clamped_p24_q25_r0 N 24 26 3 1 1 0 0 1 2 1 7 1 3 4 3 1 4 9 10 1 5 16 6 1 6 0 2 1 7 1 9 1 8 4 5 1 9 9 1 1 10 16 8 1 11 0 4 1 12 1 0 1 13 4 7 1 14 9 3 1 15 16 10 1 16 0 6 1 17 1 2 1 18 4 9 1 19 9 5 1 20 16 1 1 21 0 8 1 22 1 4 1 23 4 0 1 24 9 7 1 25 16 3 1 26 0 10 1 0 25 1 1 4 25 D 0 25 | clamped_p24_q25_r0 R 1 1 25 0 28 3 0 4 1 0 0 1 49/25 24/25 168/25 1 223/100 169/100 152/25 1 319/100 501/100 233/50 1 83/20 1017/100 437/50 1 511/100 1217/100 139/25 1 607/100 211/100 381/100 1 703/100 139/100 723/100 1 799/100 431/100 126/25 1 179/20 907/100 74/25 1 991/100 298/25 143/25 1 1087/100 223/50 113/25 1 1183/100 109/100 211/100 1 1279/100 361/100 421/100 1 55/4 797/100 521/100 1 1471/100 1167/100 687/100 1 1567/100 681/100 183/25 1 1663/100 79/100 109/25 1 1759/100 291/100 134/25 1 371/20 687/100 34/5 1 1951/100 571/50 351/100 1 2047/100 229/25 77/20 1 2143/100 49/100 157/25 1 2239/100 221/100 133/50 1 467/20 577/100 117/50 1 2431/100 1117/100 144/25 1 626/25 384/25 82/25 1 26 0 10 1 0 26 1 2 4 26
clamped_p24_q24_r1 N 24 26 3 1 1 0 0 1 2 1 7 2 3 4 3 3 4 9 10 1 5 16 6 2 6 0 2 3 7 1 9 1 8 4 5 2 9 9 1 3 10 16 8 1 11 0 4 2 12 1 0 3 13 4 7 1 14 9 3 2 15 16 10 3 16 0 6 1 17 1 2 2 18 4 9 3 19 9 5 1 20 16 1 2 21 0 8 3 22 1 4 1 23 4 0 2 24 9 7 3 25 16 3 1 26 0 10 2 0 25 1 1 4 25 D 0 24 | clamped_p24_q24_r1 R 1 1 24 0 26 3 0 4 1 0 0 1 4 2 14 2 9 12 9 3 4 9 10 1 10 32 12 2 18 0 6 3 7 1 9 1 16 8 10 2 27 27 3 3 10 16 8 1 22 0 8 2 36 3 0 3 13 4 7 1 28 18 6 2 45 48 30 3 16 0 6 1 34 2 4 2 54 12 27 3 19 9 5 1 40 32 2 2 63 0 24 3 22 1 4 1 46 8 0 2 72 27 21 3 25 16 3 1 52 0 20 2 0 25 1 1 4 25
clamped_p24_q25_r1 N 24 26 3 1 1 0 0 1 2 1 7 2 3 4 3 3 4 9 10 1 5 16 6 2 6 0 2 3 7 1 9 1 8 4 5 2 9 9 1 3 10 16 8 1 11 0 4 2 12 1 0 3 13 4 7 1 14 9 3 2 15 16 10 3 16 0 6 1 17 1 2 2 18 4 9 3 19 9 5 1 20 16 1 2 21 0 8 3 22 1 4 1 23 4 0 2 24 9 7 3 25 16 3 1 26 0 10 2 0 25 1 1 4 25 D 0 25 | clamped_p24_q25_r1 R 1 1 25 0 28 3 0 4 1 0 0 1 97/25 48/25 336/25 49/25 103/20 43/10 257/20 223/100 31/4 276/25 937/100 253/100 139/25 1401/100 259/25 133/100 553/50 2353/100 531/50 211/100 299/20 403/100 729/100 5/2 1027/100 211/100 873/100 37/25 65/4 997/100 863/100 199/100 2197/100 85/4 527/100 247/100 397/25 406/25 34/5 163/100 518/25 237/50 172/25 187/100 2881/100 223/100 331/100 61/25 2239/100 107/20 457/100 89/50 2447/100 813/50 9 7/4 3547/100 63/2 456/25 241/100 149/5 1017/50 159/10 193/100 55/2 19/10 337/50 163/100 839/20 699/100 721/50 119/50 3811/100 1191/100 401/25 52/25 2981/100 899/50 118/25 151/100 193/4 457/25 533/50 47/20 1183/25 61/100 397/25 223/100 157/5 397/100 147/50 139/100 5437/100 287/20 174/25 58/25 5743/100 2359/100 771/50 119/50 652/25 384/25 92/25 26/25 52 0 20 2 0 26 1 2 4 26
unclamped_p24_q24_r0 N 24 27 52 1 1 0 0 1 2 1 7 1 3 4 3 1 4 9 10 1 5 16 6 1 6 0 2 1 7 1 9 1 8 4 5 1 9 9 1 1 10 16 8 1 11 0 4 1 12 1 0 1 13 4 7 1 14 9 3 1 15 16 10 1 16 0 6 1 17 1 2 1 18 4 9 1 19 9 5 1 20 16 1 1 21 0 8 1 22 1 4 1 23 4 0 1 24 9 7 1 25 16 3 1 26 0 10 1 27 1 6 1 0 1 1 1 2 1 3 1 4 1 5 1 6 1 7 1 8 1 9 1 10 1 11 1 12 1 13 1 14 1 15 1 16 1 17 1 18 1 19 1 20 1 21 1 22 1 23 1 24 1 25 1 26 1 27 1 28 1 29 1 30 1 31 1 32 1 33 1 34 1 35 1 36 1 37 1 38 1 39 1 40 1 41 1 42 1 43 1 44 1 45 1 46 1 47 1 48 1 49 1 50 1 51 1 D 0 24 | unclamped_p24_q24_r0 R 1 1 24 0 27 52 24 27 1 0 0 1 2 1 7 1 3 4 3 1 4 9 10 1 5 16 6 1 6 0 2 1 7 1 9 1 8 4 5 1 9 9 1 1 10 16 8 1 11 0 4 1 12 1 0 1 13 4 7 1 14 9 3 1 15 16 10 1 16 0 6 1 17 1 2 1 18 4 9 1 19 9 5 1 20 16 1 1 21 0 8 1 22 1 4 1 23 4 0 1 24 9 7 1 25 16 3 1 26 0 10 1 27 1 6 1 0 1 1 1 2 1 3 1 4 1 5 1 6 1 7 1 8 1 9 1 10 1 11 1 12 1 13 1 14 1 15 1 16 1 17 1 18 1 19 1 20 1 21 1 22 1 23 1 24 1 25 1 26 1 27 1 28 1 29 1 30 1 31 1 32 1 33 1 34 1 35 1 36 1 37 1 38 1 39 1 40 1 41 1 42 1 43 1 44 1 45 1 46 1 47 1 48 1 49 1 50 1 51 1
unclamped_p24_q25_r0 N 24 27 52 1 1 0 0 1 2 1 7 1 3 4 3 1 4 9 10 1 5 16 6 1 6 0 2 1 7 1 9 1 8 4 5 1 9 9 1 1 10 16 8 1 11 0 4 1 12 1 0 1 13 4 7 1 14 9 3 1 15 16 10 1 16 0 6 1 17 1 2 1 18 4 9 1 19 9 5 1 20 16 1 1 21 0 8 1 22 1 4 1 23 4 0 1 24 9 7 1 25 16 3 1 26 0 10 1 27 1 6 1 0 1 1 1 2 1 3 1 4 1 5 1 6 1 7 1 8 1 9 1 10 1 11 1 12 1 13 1 14 1 15 1 16 1 17 1 18 1 19 1 20 1 21 1 22 1 23 1 24 1 25 1 26 1 27 1 28 1 29 1 30 1 31 1 32 1 33 1 34 1 35 1 36 1 37 1 38 1 39 1 40 1 41 1 42 1 43 1 44 1 45 1 46 1 47 1 48 1 49 1 50 1 51 1 D 0 25 | unclamped_p24_q25_r0 R 1 1 25 0 30 28 24 27 337/50 1161506267/288304632 115958351/21162960 1 363/50 258130451/64067696 30488510879/5678727600 1 387/50 3945984663/832880048 11247327943/2184126000 1 413/50 44796795367/7495920432 10593932057/2184126000 1 437/50 53651127367/7495920432 26298765121/5678727600 1 463/50 29921624671/3747960216 95671249/21162960 1 487/50 30085442071/3747960216 54509255711/12168702000 1 513/50 27183475471/3747960216 26590270519/6084351000 1 537/50 22671288271/3747960216 3613000603/869193000 1 563/50 1049098663/220468248 20677169453/5323807125 1 587/50 1161506267/288304632 419073839/112080150 1 613/50 258130451/64067696 31541711/8230040 1 637/50 3945984663/832880048 3479716151/835107000 1 663/50 44796795367/7495920432 11157131281/2366136500 1 687/50 53651127367/7495920432 12504233719/2366136500 1 713/50 29921624671/3747960216 4871353849/835107000 1 737/50 30085442071/3747960216 50758689/8230040 1 763/50 27183475471/3747960216 701727661/112080150 1 787/50 22671288271/3747960216 32560901797/5323807125 1 813/50 1049098663/220468248 5078929397/869193000 1 837/50 1161506267/288304632 34253239481/6084351000 1 863/50 258130451/64067696 67177764289/12168702000 1 887/50 3945984663/832880048 115958351/21162960 1 913/50 44796795367/7495920432 30488510879/5678727600 1 937/50 53651127367/7495920432 11247327943/2184126000 1 963/50 29921624671/3747960216 10593932057/2184126000 1 987/50 30085442071/3747960216 26298765121/5678727600 1 1013/50 27183475471/3747960216 95671249/21162960 1 1037/50 22671288271/3747960216 54509255711/12168702000 1 1063/50 1049098663/220468248 26590270519/6084351000 1 12 2 13 2 14 2 15 2 16 2 17 2 18 2 19 2 20 2 21 2 22 2 23 2 24 2 25 2 26 2 27 2 28 2 29 2 30 2 31 2 32 2 33 2 34 2 35 2 36 2 37 2 38 2 39 2
unclamped_p24_q24_r1 N 24 27 52 1 1 0 0 1 2 1 7 2 3 4 3 3 4 9 10 1 5 16 6 2 6 0 2 3 7 1 9 1 8 4 5 2 9 9 1 3 10 16 8 1 11 0 4 2 12 1 0 3 13 4 7 1 14 9 3 2 15 16 10 3 16 0 6 1 17 1 2 2 18 4 9 3 19 9 5 1 20 16 1 2 21 0 8 3 22 1 4 1 23 4 0 2 24 9 7 3 25 16 3 1 26 0 10 2 27 1 6 3 0 1 1 1 2 1 3 1 4 1 5 1 6 1 7 1 8 1 9 1 10 1 11 1 12 1 13 1 14 1 15 1 16 1 17 1 18 1 19 1 20 1 21 1 22 1 23 1 24 1 25 1 26 1 27 1 28 1 29 1 30 1 31 1 32 1 33 1 34 1 35 1 36 1 37 1 38 1 39 1 40 1 41 1 42 1 43 1 44 1 45 1 46 1 47 1 48 1 49 1 50 1 51 1 D 0 24 | unclamped_p24_q24_r1 R 1 1 24 0 27 52 24 27 1 0 0 1 4 2 14 2 9 12 9 3 4 9 10 1 10 32 12 2 18 0 6 3 7 1 9 1 16 8 10 2 27 27 3 3 10 16 8 1 22 0 8 2 36 3 0 3 13 4 7 1 28 18 6 2 45 48 30 3 16 0 6 1 34 2 4 2 54 12 27 3 19 9 5 1 40 32 2 2 63 0 24 3 22 1 4 1 46 8 0 2 72 27 21 3 25 16 3 1 52 0 20 2 81 3 18 3 0 1 1 1 2 1 3 1 4 1 5 1 6 1 7 1 8 1 9 1 10 1 11 1 12 1 13 1 14 1 15 1 16 1 17 1 18 1 19 1 20 1 21 1 22 1 23 1 24 1 25 1 26 1 27 1 28 1 29 1 30 1 31 1 32 1 33 1 34 1 35 1 36 1 37 1 38 1 39 1 40 1 41 1 42 1 43 1 44 1 45 1 46 1 47 1 48 1 49 1 50 1 51 1
unclamped_p24_q25_r1 N 24 27 52 1 1 0 0 1 2 1 7 2 3 4 3 3 4 9 10 1 5 16 6 2 6 0 2 3 7 1 9 1 8 4 5 2 9 9 1 3 10 16 8 1 11 0 4 2 12 1 0 3 13 4 7 1 14 9 3 2 15 16 10 3 16 0 6 1 17 1 2 2 18 4 9 3 19 9 5 1 20 16 1 2 21 0 8 3 22 1 4 1 23 4 0 2 24 9 7 3 25 16 3 1 26 0 10 2 27 1 6 3 0 1 1 1 2 1 3 1 4 1 5 1 6 1 7 1 8 1 9 1 10 1 11 1 12 1 13 1 14 1 15 1 16 1 17 1 18 1 19 1 20 1 21 1 22 1 23 1 24 1 25 1 26 1 27 1 28 1 29 1 30 1 31 1 32 1 33 1 34 1 35 1 36 1 37 1 38 1 39 1 40 1 41 1 42 1 43 1 44 1 45 1 46 1 47 1 48 1 49 1 50 1 51 1 D 0 25 | unclamped_p24_q25_r1 R 1 1 25 0 30 28 24 27 828742582741/62466003600 7409922816719/936990054000 787015652879/93699005400 51633924581/26027501500 48479643889/3394891500 1297376474237/156165009000 21131509013/2602750150 8189976281/4164400240 2097889021/135795660 309905928047/31233001800 18441821159/2366136500 15879516977/8008462000 186989641049/11154643500 43017770489/3522519000 1150518954281/156165009000 16154331023/8008462000 198257611781/11154643500 8094475211/581981400 11468564197/1643842200 8467624679/4164400240 305194908467/16438422000 13526071519537/936990054000 1560231047/234834600 52476081419/26027501500 315922852559/16438422000 12626533315897/936990054000 20448131281/3187041000 51633924581/26027501500 6302871901013/312330018000 458760117077/40738698000 240352522217/39041252250 8189976281/4164400240 6683048234609/312330018000 754653211517/85180914000 455430061843/78082504500 15879516977/8008462000 7125766679063/312330018000 1063678496453/156165009000 85119701197/15616500900 16154331023/8008462000 7456428682643/312330018000 944944793549/156165009000 7477756589/1419681900 8467624679/4164400240 7687842191957/312330018000 534035569829/78082504500 91450716703/16438422000 52476081419/26027501500 7861355483537/312330018000 118042224229/13013750750 2028328656241/312330018000 51633924581/26027501500 4072808282119/156165009000 595215125629/46849502700 856294779337/104110006000 8189976281/4164400240 4270475860459/156165009000 3845087620769/234247513500 1065423680653/104110006000 15879516977/8008462000 4507911704377/156165009000 34885009501/1784742960 3835842362893/312330018000 16154331023/8008462000 4680822117709/156165009000 919667594333/44618574000 64960678481/4805077200 8467624679/4164400240 9576981123041/312330018000 22205536681/1148272125 110775901101/8008462000 52476081419/26027501500 9720176768453/312330018000 213934059971/13013750750 126429963943/9464546000 51633924581/26027501500 587550660439/18372354000 1090960031549/85180914000 1974244036813/156165009000 8189976281/4164400240 611697365131/18372354000 9569780628487/936990054000 100981112137/8219211000 15879516977/8008462000 128304472217/3674470800 23495170533/2602750150 183325825651/14872858000 16154331023/8008462000 662756458129/18372354000 368299103723/39041252250 1944632357/156556400 8467624679/4164400240 362565061/9876048 40676853423/3718214500 1895849134493/156165009000 52476081419/26027501500 11578998053369/312330018000 26846759/2127125 1791978370211/156165009000 51633924581/26027501500 105634874024/2788660875 6520867749469/468495027000 556823478173/52055003000 8189976281/4164400240 109435345478/2788660875 1318861030961/93699005400 536544744529/52055003000 15879516977/8008462000 1599492108517/39041252250 12104012582033/936990054000 386395923701/37479602160 16154331023/8008462000 1646509417621/39041252250 10302494761901/936990054000 9733715063777/936990054000 8467624679/4164400240 13355258985209/312330018000 8369384580743/936990054000 2372132716529/234247513500 52476081419/26027501500 12 2 13 2 14 2 15 2 16 2 17 2 18 2 19 2 20 2 21 2 22 2 23 2 24 2 25 2 26 2 27 2 28 2 29 2 30 2 31 2 32 2 33 2 34 2 35 2 36 2 37 2 38 2 39 2
inactive_p24_q24_r0 N 24 97 7 1 1 0 0 1 2 1 7 1 3 4 3 1 4 9 10 1 5 16 6 1 6 0 2 1 7 1 9 1 8 4 5 1 9 9 1 1 10 16 8 1 11 0 4 1 12 1 0 1 13 4 7 1 14 9 3 1 15 16 10 1 16 0 6 1 17 1 2 1 18 4 9 1 19 9 5 1 20 16 1 1 21 0 8 1 22 1 4 1 23 4 0 1 24 9 7 1 25 16 3 1 26 0 10 1 27 1 6 1 28 4 2 1 29 9 9 1 30 16 5 1 31 0 1 1 32 1 8 1 33 4 4 1 34 9 0 1 35 16 7 1 36 0 3 1 37 1 10 1 38 4 6 1 39 9 2 1 40 16 9 1 41 0 5 1 42 1 1 1 43 4 8 1 44 9 4 1 45 16 0 1 46 0 7 1 47 1 3 1 48 4 10 1 49 9 6 1 50 16 2 1 51 0 9 1 52 1 5 1 53 4 1 1 54 9 8 1 55 16 4 1 56 0 0 1 57 1 7 1 58 4 3 1 59 9 10 1 60 16 6 1 61 0 2 1 62 1 9 1 63 4 5 1 64 9 1 1 65 16 8 1 66 0 4 1 67 1 0 1 68 4 7 1 69 9 3 1 70 16 10 1 71 0 6 1 72 1 2 1 73 4 9 1 74 9 5 1 75 16 1 1 76 0 8 1 77 1 4 1 78 4 0 1 79 9 7 1 80 16 3 1 81 0 10 1 82 1 6 1 83 4 2 1 84 9 9 1 85 16 5 1 86 0 1 1 87 1 8 1 88 4 4 1 89 9 0 1 90 16 7 1 91 0 3 1 92 1 10 1 93 4 6 1 94 9 2 1 95 16 9 1 96 0 5 1 97 1 1 1 -2 24 -1 24 0 1 1 24 2 1 3 24 4 24 D 0 24 | inactive_p24_q24_r0 R 1 1 24 0 97 7 -1 3 1 0 0 1 2 1 7 1 3 4 3 1 4 9 10 1 5 16 6 1 6 0 2 1 7 1 9 1 8 4 5 1 9 9 1 1 10 16 8 1 11 0 4 1 12 1 0 1 13 4 7 1 14 9 3 1 15 16 10 1 16 0 6 1 17 1 2 1 18 4 9 1 19 9 5 1 20 16 1 1 21 0 8 1 22 1 4 1 23 4 0 1 24 9 7 1 25 16 3 1 26 0 10 1 27 1 6 1 28 4 2 1 29 9 9 1 30 16 5 1 31 0 1 1 32 1 8 1 33 4 4 1 34 9 0 1 35 16 7 1 36 0 3 1 37 1 10 1 38 4 6 1 39 9 2 1 40 16 9 1 41 0 5 1 42 1 1 1 43 4 8 1 44 9 4 1 45 16 0 1 46 0 7 1 47 1 3 1 48 4 10 1 49 9 6 1 50 16 2 1 51 0 9 1 52 1 5 1 53 4 1 1 54 9 8 1 55 16 4 1 56 0 0 1 57 1 7 1 58 4 3 1 59 9 10 1 60 16 6 1 61 0 2 1 62 1 9 1 63 4 5 1 64 9 1 1 65 16 8 1 66 0 4 1 67 1 0 1 68 4 7 1 69 9 3 1 70 16 10 1 71 0 6 1 72 1 2 1 73 4 9 1 74 9 5 1 75 16 1 1 76 0 8 1 77 1 4 1 78 4 0 1 79 9 7 1 80 16 3 1 81 0 10 1 82 1 6 1 83 4 2 1 84 9 9 1 85 16 5 1 86 0 1 1 87 1 8 1 88 4 4 1 89 9 0 1 90 16 7 1 91 0 3 1 92 1 10 1 93 4 6 1 94 9 2 1 95 16 9 1 96 0 5 1 97 1 1 1 -2 24 -1 24 0 1 1 24 2 1 3 24 4 24
inactive_p24_q25_r0 N 24 97 7 1 1 0 0 1 2 1 7 1 3 4 3 1 4 9 10 1 5 16 6 1 6 0 2 1 7 1 9 1 8 4 5 1 9 9 1 1 10 16 8 1 11 0 4 1 12 1 0 1 13 4 7 1 14 9 3 1 15 16 10 1 16 0 6 1 17 1 2 1 18 4 9 1 19 9 5 1 20 16 1 1 21 0 8 1 22 1 4 1 23 4 0 1 24 9 7 1 25 16 3 1 26 0 10 1 27 1 6 1 28 4 2 1 29 9 9 1 30 16 5 1 31 0 1 1 32 1 8 1 33 4 4 1 34 9 0 1 35 16 7 1 36 0 3 1 37 1 10 1 38 4 6 1 39 9 2 1 40 16 9 1 41 0 5 1 42 1 1 1 43 4 8 1 44 9 4 1 45 16 0 1 46 0 7 1 47 1 3 1 48 4 10 1 49 9 6 1 50 16 2 1 51 0 9 1 52 1 5 1 53 4 1 1 54 9 8 1 55 16 4 1 56 0 0 1 57 1 7 1 58 4 3 1 59 9 10 1 60 16 6 1 61 0 2 1 62 1 9 1 63 4 5 1 64 9 1 1 65 16 8 1 66 0 4 1 67 1 0 1 68 4 7 1 69 9 3 1 70 16 10 1 71 0 6 1 72 1 2 1 73 4 9 1 74 9 5 1 75 16 1 1 76 0 8 1 77 1 4 1 78 4 0 1 79 9 7 1 80 16 3 1 81 0 10 1 82 1 6 1 83 4 2 1 84 9 9 1 85 16 5 1 86 0 1 1 87 1 8 1 88 4 4 1 89 9 0 1 90 16 7 1 91 0 3 1 92 1 10 1 93 4 6 1 94 9 2 1 95 16 9 1 96 0 5 1 97 1 1 1 -2 24 -1 24 0 1 1 24 2 1 3 24 4 24 D 0 25 | inactive_p24_q25_r0 R 1 1 25 0 101 7 -1 3 48/25 23/25 161/25 1 72/25 91/25 87/25 1 96/25 41/5 222/25 1 24/5 73/5 34/5 1 144/25 96/25 74/25 1 168/25 18/25 176/25 1 192/25 76/25 157/25 1 216/25 36/5 61/25 1 48/5 66/5 26/5 1 264/25 176/25 144/25 1 288/25 13/25 48/25 1 312/25 61/25 84/25 1 336/25 31/5 131/25 1 72/5 59/5 29/5 1 384/25 256/25 214/25 1 408/25 8/25 118/25 1 432/25 46/25 99/25 1 456/25 26/5 201/25 1 96/5 52/5 21/5 1 504/25 336/25 53/25 1 528/25 3/25 188/25 1 552/25 31/25 92/25 1 576/25 21/5 7/25 1 24 9 7 1 624/25 393/25 79/25 1 1273/50 216/25 311/50 1 1321/50 19/25 81/10 1 1369/50 111/50 112/25 1 1417/50 291/50 126/25 1 293/10 563/50 173/25 1 1513/50 477/50 99/25 1 1561/50 113/50 193/50 1 1609/50 91/50 287/50 1 1657/50 251/50 86/25 1 341/10 503/50 67/25 1 1753/50 261/25 114/25 1 1801/50 94/25 139/25 1 1849/50 71/50 186/25 1 1897/50 211/50 156/25 1 389/10 443/50 219/50 1 1993/50 567/50 313/50 1 2041/50 263/50 143/25 1 2089/50 51/50 16/5 1 2137/50 171/50 127/25 1 437/10 383/50 26/5 1 2233/50 306/25 101/50 1 2281/50 169/25 39/10 1 2329/50 31/50 49/10 1 2377/50 131/50 339/50 1 1201/25 21/5 246/25 1 49 9 6 1 1249/25 393/25 54/25 1 2523/50 216/25 261/50 1 2571/50 19/25 71/10 1 2619/50 111/50 87/25 1 2667/50 291/50 101/25 1 543/10 563/50 148/25 1 2763/50 477/50 74/25 1 2811/50 113/50 143/50 1 2859/50 91/50 237/50 1 2907/50 251/50 287/50 1 591/10 503/50 381/50 1 3003/50 261/25 144/25 1 3051/50 94/25 114/25 1 3099/50 71/50 161/25 1 3147/50 211/50 131/25 1 639/10 443/50 169/50 1 3243/50 567/50 263/50 1 3291/50 263/50 118/25 1 3339/50 51/50 11/5 1 3387/50 171/50 102/25 1 687/10 383/50 127/25 1 3483/50 306/25 174/25 1 3531/50 169/25 188/25 1 3579/50 31/50 39/10 1 3627/50 131/50 289/50 1 1826/25 21/5 221/25 1 74 9 5 1 1874/25 393/25 29/25 1 1898/25 32/25 186/25 1 1922/25 22/25 112/25 1 1946/25 88/25 16/25 1 394/5 8 28/5 1 1994/25 358/25 99/25 1 2018/25 112/25 201/25 1 2042/25 17/25 182/25 1 2066/25 73/25 86/25 1 418/5 7 31/5 1 2114/25 323/25 169/25 1 2138/25 192/25 73/25 1 2162/25 12/25 109/25 1 2186/25 58/25 156/25 1 442/5 6 12/5 1 2234/25 288/25 63/25 1 2258/25 272/25 143/25 1 2282/25 7/25 124/25 1 2306/25 43/25 226/25 1 466/5 5 26/5 1 2354/25 253/25 78/25 1 2378/25 352/25 213/25 1 2402/25 2/25 117/25 1 -2 24 -1 25 0 2 1 25 2 2 3 25 4 24
inactive_p24_q24_r1 N 24 97 7 1 1 0 0 1 2 1 7 2 3 4 3 3 4 9 10 1 5 16 6 2 6 0 2 3 7 1 9 1 8 4 5 2 9 9 1 3 10 16 8 1 11 0 4 2 12 1 0 3 13 4 7 1 14 9 3 2 15 16 10 3 16 0 6 1 17 1 2 2 18 4 9 3 19 9 5 1 20 16 1 2 21 0 8 3 22 1 4 1 23 4 0 2 24 9 7 3 25 16 3 1 26 0 10 2 27 1 6 3 28 4 2 1 29 9 9 2 30 16 5 3 31 0 1 1 32 1 8 2 33 4 4 3 34 9 0 1 35 16 7 2 36 0 3 3 37 1 10 1 38 4 6 2 39 9 2 3 40 16 9 1 41 0 5 2 42 1 1 3 43 4 8 1 44 9 4 2 45 16 0 3 46 0 7 1 47 1 3 2 48 4 10 3 49 9 6 1 50 16 2 2 51 0 9 3 52 1 5 1 53 4 1 2 54 9 8 3 55 16 4 1 56 0 0 2 57 1 7 3 58 4 3 1 59 9 10 2 60 16 6 3 61 0 2 1 62 1 9 2 63 4 5 3 64 9 1 1 65 16 8 2 66 0 4 3 67 1 0 1 68 4 7 2 69 9 3 3 70 16 10 1 71 0 6 2 72 1 2 3 73 4 9 1 74 9 5 2 75 16 1 3 76 0 8 1 77 1 4 2 78 4 0 3 79 9 7 1 80 16 3 2 81 0 10 3 82 1 6 1 83 4 2 2 84 9 9 3 85 16 5 1 86 0 1 2 87 1 8 3 88 4 4 1 89 9 0 2 90 16 7 3 91 0 3 1 92 1 10 2 93 4 6 3 94 9 2 1 95 16 9 2 96 0 5 3 97 1 1 1 -2 24 -1 24 0 1 1 24 2 1 3 24 4 24 D 0 24 | inactive_p24_q24_r1 R 1 1 24 0 97 7 -1 3 1 0 0 1 4 2 14 2 9 12 9 3 4 9 10 1 10 32 12 2 18 0 6 3 7 1 9 1 16 8 10 2 27 27 3 3 10 16 8 1 22 0 8 2 36 3 0 3 13 4 7 1 28 18 6 2 45 48 30 3 16 0 6 1 34 2 4 2 54 12 27 3 19 9 5 1 40 32 2 2 63 0 24 3 22 1 4 1 46 8 0 2 72 27 21 3 25 16 3 1 52 0 20 2 81 3 18 3 28 4 2 1 58 18 18 2 90 48 15 3 31 0 1 1 64 2 16 2 99 12 12 3 34 9 0 1 70 32 14 2 108 0 9 3 37 1 10 1 76 8 12 2 117 27 6 3 40 16 9 1 82 0 10 2 126 3 3 3 43 4 8 1 88 18 8 2 135 48 0 3 46 0 7 1 94 2 6 2 144 12 30 3 49 9 6 1 100 32 4 2 153 0 27 3 52 1 5 1 106 8 2 2 162 27 24 3 55 16 4 1 112 0 0 2 171 3 21 3 58 4 3 1 118 18 20 2 180 48 18 3 61 0 2 1 124 2 18 2 189 12 15 3 64 9 1 1 130 32 16 2 198 0 12 3 67 1 0 1 136 8 14 2 207 27 9 3 70 16 10 1 142 0 12 2 216 3 6 3 73 4 9 1 148 18 10 2 225 48 3 3 76 0 8 1 154 2 8 2 234 12 0 3 79 9 7 1 160 32 6 2 243 0 30 3 82 1 6 1 166 8 4 2 252 27 27 3 85 16 5 1 172 0 2 2 261 3 24 3 88 4 4 1 178 18 0 2 270 48 21 3 91 0 3 1 184 2 20 2 279 12 18 3 94 9 2 1 190 32 18 2 288 0 15 3 97 1 1 1 -2 24 -1 24 0 1 1 24 2 1 3 24 4 24
inactive_p24_q25_r1 N 24 97 7 1 1 0 0 1 2 1 7 2 3 4 3 3 4 9 10 1 5 16 6 2 6 0 2 3 7 1 9 1 8 4 5 2 9 9 1 3 10 16 8 1 11 0 4 2 12 1 0 3 13 4 7 1 14 9 3 2 15 16 10 3 16 0 6 1 17 1 2 2 18 4 9 3 19 9 5 1 20 16 1 2 21 0 8 3 22 1 4 1 23 4 0 2 24 9 7 3 25 16 3 1 26 0 10 2 27 1 6 3 28 4 2 1 29 9 9 2 30 16 5 3 31 0 1 1 32 1 8 2 33 4 4 3 34 9 0 1 35 16 7 2 36 0 3 3 37 1 10 1 38 4 6 2 39 9 2 3 40 16 9 1 41 0 5 2 42 1 1 3 43 4 8 1 44 9 4 2 45 16 0 3 46 0 7 1 47 1 3 2 48 4 10 3 49 9 6 1 50 16 2 2 51 0 9 3 52 1 5 1 53 4 1 2 54 9 8 3 55 16 4 1 56 0 0 2 57 1 7 3 58 4 3 1 59 9 10 2 60 16 6 3 61 0 2 1 62 1 9 2 63 4 5 3 64 9 1 1 65 16 8 2 66 0 4 3 67 1 0 1 68 4 7 2 69 9 3 3 70 16 10 1 71 0 6 2 72 1 2 3 73 4 9 1 74 9 5 2 75 16 1 3 76 0 8 1 77 1 4 2 78 4 0 3 79 9 7 1 80 16 3 2 81 0 10 3 82 1 6 1 83 4 2 2 84 9 9 3 85 16 5 1 86 0 1 2 87 1 8 3 88 4 4 1 89 9 0 2 90 16 7 3 91 0 3 1 92 1 10 2 93 4 6 3 94 9 2 1 95 16 9 2 96 0 5 3 97 1 1 1 -2 24 -1 24 0 1 1 24 2 1 3 24 4 24 D 0 25 | inactive_p24_q25_r1 R 1 1 25 0 101 7 -1 3 94/25 46/25 322/25 48/25 42/5 54/5 48/5 72/25 24/5 237/25 246/25 33/25 44/5 137/5 58/5 9/5 402/25 192/25 186/25 69/25 252/25 18/25 204/25 39/25 328/25 144/25 242/25 42/25 576/25 504/25 138/25 66/25 84/5 102/5 6 9/5 418/25 176/25 8 39/25 732/25 39/25 96/25 63/25 624/25 87/25 84/25 51/25 98/5 254/25 164/25 36/25 174/5 30 78/5 12/5 864/25 768/25 534/25 57/25 544/25 16/25 134/25 33/25 198/5 24/5 261/25 57/25 228/5 282/25 543/25 63/25 116/5 68/5 22/5 6/5 1092/25 672/25 138/25 54/25 1452/25 3/25 108/5 69/25 598/25 39/25 92/25 27/25 1176/25 219/25 21/25 51/25 72 27 21 3 672/25 411/25 93/25 27/25 1871/50 216/25 541/50 73/50 3211/50 41/25 939/50 121/50 2879/50 33/10 284/25 53/25 2159/50 477/50 234/25 38/25 1694/25 707/25 779/50 23/10 1639/25 693/25 513/50 109/50 493/10 161/25 389/50 79/50 3529/50 123/25 631/50 109/50 739/10 19/2 226/25 56/25 2789/50 799/50 152/25 41/25 1817/25 477/25 99/10 103/50 413/5 182/25 517/50 23/10 3131/50 23/10 51/5 17/10 3703/50 499/50 257/25 97/50 4583/50 197/10 411/50 59/25 3491/50 837/50 413/50 44/25 1868/25 277/50 87/10 91/50 2527/25 21/10 299/50 121/50 3869/50 126/25 31/5 91/50 3733/50 377/25 184/25 17/10 5543/50 828/25 181/50 62/25 853/10 506/25 201/50 47/25 1847/25 33/25 173/25 79/50 121 37/5 474/25 127/50 701/5 297/25 726/25 73/25 49 9 6 1 2449/25 777/25 102/25 49/25 6219/50 432/25 729/50 123/50 215/2 27/25 843/50 21/10 1968/25 39/10 231/50 3/2 3129/25 759/50 549/50 117/50 5843/50 213/10 366/25 54/25 4311/50 567/50 114/25 39/25 6261/50 147/50 381/50 111/50 6329/50 29/10 123/10 111/50 2352/25 201/25 549/50 81/50 3114/25 597/25 819/50 21/10 6833/50 738/25 356/25 57/25 1023/10 276/25 234/25 42/25 6159/50 93/25 27/2 99/50 1471/10 44/5 649/50 117/50 2772/25 699/50 381/50 87/50 3027/25 999/50 543/50 93/50 1579/10 519/50 58/5 12/5 5991/50 3/2 144/25 9/5 5913/50 369/50 423/50 87/50 8453/50 189/10 549/50 123/50 3228/25 486/25 243/25 93/50 2868/25 171/25 273/25 81/50 9029/50 17/10 87/10 63/25 6939/50 177/50 381/50 48/25 76 114/25 226/25 26/25 148 18 10 2 5548/25 234/5 82/25 74/25 2198/25 96/25 38/5 29/25 3616/25 44/25 8 47/25 1106/5 52/5 32/25 71/25 110 48/5 28/5 7/5 3514/25 662/25 156/25 44/25 5494/25 224/25 582/25 68/25 3338/25 17/25 342/25 41/25 3394/25 137/25 118/25 41/25 1088/5 97/5 89/5 13/5 3962/25 521/25 367/25 47/25 3256/25 192/25 86/25 38/25 5368/25 36/25 314/25 62/25 4622/25 86/25 76/5 53/25 124 48/5 12/5 7/5 5278/25 144/5 189/25 59/25 5318/25 816/25 381/25 59/25 2926/25 14/25 194/25 32/25 1034/5 22/5 488/25 56/25 242 57/5 74/5 13/5 2734/25 317/25 114/25 29/25 5044/25 704/25 441/25 53/25 6818/25 2/25 347/25 71/25 -2 24 -1 25 0 2 1 25 2 2 3 25 4 24
periodic_p24_q24_r0 P 24 25 3 1 1 0 0 1 2 1 7 1 3 4 3 1 4 9 10 1 5 16 6 1 6 0 2 1 7 1 9 1 8 4 5 1 9 9 1 1 10 16 8 1 11 0 4 1 12 1 0 1 13 4 7 1 14 9 3 1 15 16 10 1 16 0 6 1 17 1 2 1 18 4 9 1 19 9 5 1 20 16 1 1 21 0 8 1 22 1 4 1 23 4 0 1 24 9 7 1 25 16 3 1 0 1 1 24 3 1 D 0 24 | periodic_p24_q24_r0 R 1 1 24 1 25 3 0 3 1 0 0 1 2 1 7 1 3 4 3 1 4 9 10 1 5 16 6 1 6 0 2 1 7 1 9 1 8 4 5 1 9 9 1 1 10 16 8 1 11 0 4 1 12 1 0 1 13 4 7 1 14 9 3 1 15 16 10 1 16 0 6 1 17 1 2 1 18 4 9 1 19 9 5 1 20 16 1 1 21 0 8 1 22 1 4 1 23 4 0 1 24 9 7 1 25 16 3 1 0 1 1 24 3 1
periodic_p24_q25_r0 P 24 25 3 1 1 0 0 1 2 1 7 1 3 4 3 1 4 9 10 1 5 16 6 1 6 0 2 1 7 1 9 1 8 4 5 1 9 9 1 1 10 16 8 1 11 0 4 1 12 1 0 1 13 4 7 1 14 9 3 1 15 16 10 1 16 0 6 1 17 1 2 1 18 4 9 1 19 9 5 1 20 16 1 1 21 0 8 1 22 1 4 1 23 4 0 1 24 9 7 1 25 16 3 1 0 1 1 24 3 1 D 0 25 | periodic_p24_q25_r0 R 1 1 25 1 27 3 0 3 121/75 46/75 322/75 1 193/75 206/75 114/25 1 53/15 168/25 527/75 1 337/75 188/15 569/75 1 409/75 188/25 314/75 1 481/75 116/75 422/75 1 553/75 57/25 497/75 1 25/3 439/75 11/3 1 697/75 169/15 317/75 1 769/75 689/75 17/3 1 841/75 62/25 236/75 1 913/75 136/75 212/75 1 197/15 374/75 353/75 1 1057/75 10 139/25 1 1129/75 814/75 116/15 1 1201/75 256/75 446/75 1 1273/75 101/75 104/25 1 269/15 103/25 508/75 1 1417/75 131/15 407/75 1 1489/75 313/25 69/25 1 1561/75 326/75 436/75 1 1633/75 22/25 368/75 1 341/15 244/75 34/25 1 1777/75 112/15 364/75 1 601/25 232/25 171/25 1 25 16 3 1 49/25 16/25 3/25 1 0 2 1 25 3 2
periodic_p24_q24_r1 P 24 25 3 1 1 0 0 1 2 1 7 2 3 4 3 3 4 9 10 1 5 16 6 2 6 0 2 3 7 1 9 1 8 4 5 2 9 9 1 3 10 16 8 1 11 0 4 2 12 1 0 3 13 4 7 1 14 9 3 2 15 16 10 3 16 0 6 1 17 1 2 2 18 4 9 3 19 9 5 1 20 16 1 2 21 0 8 3 22 1 4 1 23 4 0 2 24 9 7 3 25 16 3 1 0 1 1 24 3 1 D 0 24 | periodic_p24_q24_r1 R 1 1 24 1 25 3 0 3 1 0 0 1 4 2 14 2 9 12 9 3 4 9 10 1 10 32 12 2 18 0 6 3 7 1 9 1 16 8 10 2 27 27 3 3 10 16 8 1 22 0 8 2 36 3 0 3 13 4 7 1 28 18 6 2 45 48 30 3 16 0 6 1 34 2 4 2 54 12 27 3 19 9 5 1 40 32 2 2 63 0 24 3 22 1 4 1 46 8 0 2 72 27 21 3 25 16 3 1 0 1 1 24 3 1
periodic_p24_q25_r1 P 24 25 3 1 1 0 0 1 2 1 7 2 3 4 3 3 4 9 10 1 5 16 6 2 6 0 2 3 7 1 9 1 8 4 5 2 9 9 1 3 10 16 8 1 11 0 4 2 12 1 0 3 13 4 7 1 14 9 3 2 15 16 10 3 16 0 6 1 17 1 2 2 18 4 9 3 19 9 5 1 20 16 1 2 21 0 8 3 22 1 4 1 23 4 0 2 24 9 7 3 25 16 3 1 0 1 1 24 3 1 D 0 25 | periodic_p24_q25_r1 R 1 1 25 1 27 3 0 3 71/25 92/75 644/75 121/75 517/75 196/25 272/25 193/75 91/15 754/75 727/75 139/75 37/5 1604/75 827/75 121/75 206/15 364/25 664/75 184/75 914/75 196/75 196/25 148/75 299/25 307/75 691/75 121/75 1489/75 1159/75 173/25 7/3 1427/75 1543/75 431/75 157/75 413/25 851/75 37/5 121/75 1894/75 238/75 392/75 166/75 1994/75 72/25 256/75 166/75 527/25 596/75 419/75 121/75 449/15 1768/75 943/75 157/75 523/15 772/25 494/25 7/3 641/25 752/75 778/75 121/75 2542/75 86/25 218/25 148/75 658/15 694/75 274/15 184/75 151/5 959/75 247/25 121/75 557/15 569/25 383/75 139/75 4019/75 646/75 248/15 193/75 869/25 82/75 704/75 121/75 2974/75 484/75 26/15 26/15 4802/75 1588/75 364/25 202/75 1753/25 664/25 507/25 73/25 25 16 3 1 49/25 16/25 3/25 1 0 2 1 25 3 2
uniform_periodic_p24_q24_r0 P 24 27 28 1 1 0 0 1 2 1 7 1 3 4 3 1 4 9 10 1 5 16 6 1 6 0 2 1 7 1 9 1 8 4 5 1 9 9 1 1 10 16 8 1 11 0 4 1 12 1 0 1 13 4 7 1 14 9 3 1 15 16 10 1 16 0 6 1 17 1 2 1 18 4 9 1 19 9 5 1 20 16 1 1 21 0 8 1 22 1 4 1 23 4 0 1 24 9 7 1 25 16 3 1 26 0 10 1 27 1 6 1 0 1 1 1 2 1 3 1 4 1 5 1 6 1 7 1 8 1 9 1 10 1 11 1 12 1 13 1 14 1 15 1 16 1 17 1 18 1 19 1 20 1 21 1 22 1 23 1 24 1 25 1 26 1 27 1 D 0 24 | uniform_periodic_p24_q24_r0 R 1 1 24 1 27 28 0 27 1 0 0 1 2 1 7 1 3 4 3 1 4 9 10 1 5 16 6 1 6 0 2 1 7 1 9 1 8 4 5 1 9 9 1 1 10 16 8 1 11 0 4 1 12 1 0 1 13 4 7 1 14 9 3 1 15 16 10 1 16 0 6 1 17 1 2 1 18 4 9 1 19 9 5 1 20 16 1 1 21 0 8 1 22 1 4 1 23 4 0 1 24 9 7 1 25 16 3 1 26 0 10 1 27 1 6 1 0 1 1 1 2 1 3 1 4 1 5 1 6 1 7 1 8 1 9 1 10 1 11 1 12 1 13 1 14 1 15 1 16 1 17 1 18 1 19 1 20 1 21 1 22 1 23 1 24 1 25 1 26 1 27 1
uniform_periodic_p24_q25_r0 P 24 27 28 1 1 0 0 1 2 1 7 1 3 4 3 1 4 9 10 1 5 16 6 1 6 0 2 1 7 1 9 1 8 4 5 1 9 9 1 1 10 16 8 1 11 0 4 1 12 1 0 1 13 4 7 1 14 9 3 1 15 16 10 1 16 0 6 1 17 1 2 1 18 4 9 1 19 9 5 1 20 16 1 1 21 0 8 1 22 1 4 1 23 4 0 1 24 9 7 1 25 16 3 1 26 0 10 1 27 1 6 1 0 1 1 1 2 1 3 1 4 1 5 1 6 1 7 1 8 1 9 1 10 1 11 1 12 1 13 1 14 1 15 1 16 1 17 1 18 1 19 1 20 1 21 1 22 1 23 1 24 1 25 1 26 1 27 1 D 0 25 | uniform_periodic_p24_q25_r0 R 1 1 25 1 54 28 0 27 337/50 1161506267/288304632 115958351/21162960 1 363/50 258130451/64067696 30488510879/5678727600 1 387/50 3945984663/832880048 11247327943/2184126000 1 413/50 44796795367/7495920432 10593932057/2184126000 1 437/50 53651127367/7495920432 26298765121/5678727600 1 463/50 29921624671/3747960216 95671249/21162960 1 487/50 30085442071/3747960216 54509255711/12168702000 1 513/50 27183475471/3747960216 26590270519/6084351000 1 537/50 22671288271/3747960216 3613000603/869193000 1 563/50 1049098663/220468248 20677169453/5323807125 1 587/50 1161506267/288304632 419073839/112080150 1 613/50 258130451/64067696 31541711/8230040 1 637/50 3945984663/832880048 3479716151/835107000 1 663/50 44796795367/7495920432 11157131281/2366136500 1 687/50 53651127367/7495920432 12504233719/2366136500 1 713/50 29921624671/3747960216 4871353849/835107000 1 737/50 30085442071/3747960216 50758689/8230040 1 763/50 27183475471/3747960216 701727661/112080150 1 787/50 22671288271/3747960216 32560901797/5323807125 1 813/50 1049098663/220468248 5078929397/869193000 1 837/50 1161506267/288304632 34253239481/6084351000 1 863/50 258130451/64067696 67177764289/12168702000 1 887/50 3945984663/832880048 115958351/21162960 1 913/50 44796795367/7495920432 30488510879/5678727600 1 937/50 53651127367/7495920432 11247327943/2184126000 1 963/50 29921624671/3747960216 10593932057/2184126000 1 987/50 30085442071/3747960216 26298765121/5678727600 1 1013/50 27183475471/3747960216 95671249/21162960 1 1037/50 22671288271/3747960216 54509255711/12168702000 1 1063/50 1049098663/220468248 26590270519/6084351000 1 1469708759/67603900 22205266543/5511706200 25291004041/6084351000 1 2317485337161/104110006000 3775153317343/936990054000 606529926577/156165009000 1 2367424867653/104110006000 4439183798719/936990054000 583905474697/156165009000 1 1210622135249/52055003000 799874609561/133855722000 1795393742321/468495027000 1 1234853661851/52055003000 14733750217/2059318800 390299870893/93699005400 1 2516797451423/104110006000 287232588011/36038079000 245126840251/52055003000 1 2546230665227/104110006000 3739779223913/468495027000 822007130507/156165009000 1 635306230137/26027501500 1333082636719/187398010800 284558364107/49315266000 1 28121581329/1183068250 232733427529/40738698000 2076659101/344862000 1 164400954857/7436429000 15776176643/3936933000 429193865591/72076158000 1 145359382613/7436429000 176914285267/66927861000 5238172930187/936990054000 1 59001803141/3718214500 223194429169/133855722000 1571934021611/312330018000 1 45108202859/3718214500 172898917777/133855722000 1430942959339/312330018000 1 62860629387/7436429000 189732070841/133855722000 454459588907/104110006000 1 43819057143/7436429000 814245269/411863760 465826591963/104110006000 1 5004329671/1183068250 217046016067/72076158000 25880409658/5323807125 1 93463811863/26027501500 4016562933991/936990054000 1252684776683/234247513500 1 368849502773/104110006000 1091266013671/187398010800 22855387253/3904125225 1 398282716577/104110006000 6662567163107/936990054000 40172344482/6506875375 1 222686422149/52055003000 3735579351347/468495027000 1466921514613/234247513500 1 246917948751/52055003000 3759797482619/468495027000 286547751449/46849502700 1 547655300347/104110006000 841570973/116035920 6709694039/1148272125 1 597594830839/104110006000 1133561017151/187398010800 29305561913/5205500300 1 423200441/67603900 89173382197/18739801080 67177764649/12168702000 1 0 2 1 2 2 2 3 2 4 2 5 2 6 2 7 2 8 2 9 2 10 2 11 2 12 2 13 2 14 2 15 2 16 2 17 2 18 2 19 2 20 2 21 2 22 2 23 2 24 2 25 2 26 2 27 2
uniform_periodic_p24_q24_r1 P 24 27 28 1 1 0 0 1 2 1 7 2 3 4 3 3 4 9 10 1 5 16 6 2 6 0 2 3 7 1 9 1 8 4 5 2 9 9 1 3 10 16 8 1 11 0 4 2 12 1 0 3 13 4 7 1 14 9 3 2 15 16 10 3 16 0 6 1 17 1 2 2 18 4 9 3 19 9 5 1 20 16 1 2 21 0 8 3 22 1 4 1 23 4 0 2 24 9 7 3 25 16 3 1 26 0 10 2 27 1 6 3 0 1 1 1 2 1 3 1 4 1 5 1 6 1 7 1 8 1 9 1 10 1 11 1 12 1 13 1 14 1 15 1 16 1 17 1 18 1 19 1 20 1 21 1 22 1 23 1 24 1 25 1 26 1 27 1 D 0 24 | uniform_periodic_p24_q24_r1 R 1 1 24 1 27 28 0 27 1 0 0 1 4 2 14 2 9 12 9 3 4 9 10 1 10 32 12 2 18 0 6 3 7 1 9 1 16 8 10 2 27 27 3 3 10 16 8 1 22 0 8 2 36 3 0 3 13 4 7 1 28 18 6 2 45 48 30 3 16 0 6 1 34 2 4 2 54 12 27 3 19 9 5 1 40 32 2 2 63 0 24 3 22 1 4 1 46 8 0 2 72 27 21 3 25 16 3 1 52 0 20 2 81 3 18 3 0 1 1 1 2 1 3 1 4 1 5 1 6 1 7 1 8 1 9 1 10 1 11 1 12 1 13 1 14 1 15 1 16 1 17 1 18 1 19 1 20 1 21 1 22 1 23 1 24 1 25 1 26 1 27 1
uniform_periodic_p24_q25_r1 P 24 27 28 1 1 0 0 1 2 1 7 2 3 4 3 3 4 9 10 1 5 16 6 2 6 0 2 3 7 1 9 1 8 4 5 2 9 9 1 3 10 16 8 1 11 0 4 2 12 1 0 3 13 4 7 1 14 9 3 2 15 16 10 3 16 0 6 1 17 1 2 2 18 4 9 3 19 9 5 1 20 16 1 2 21 0 8 3 22 1 4 1 23 4 0 2 24 9 7 3 25 16 3 1 26 0 10 2 27 1 6 3 0 1 1 1 2 1 3 1 4 1 5 1 6 1 7 1 8 1 9 1 10 1 11 1 12 1 13 1 14 1 15 1 16 1 17 1 18 1 19 1 20 1 21 1 22 1 23 1 24 1 25 1 26 1 27 1 D 0 25 | uniform_periodic_p24_q25_r1 R 1 1 25 1 54 28 0 27 828742582741/62466003600 7409922816719/936990054000 787015652879/93699005400 51633924581/26027501500 48479643889/3394891500 1297376474237/156165009000 21131509013/2602750150 8189976281/4164400240 2097889021/135795660 309905928047/31233001800 18441821159/2366136500 15879516977/8008462000 186989641049/11154643500 43017770489/3522519000 1150518954281/156165009000 16154331023/8008462000 198257611781/11154643500 8094475211/581981400 11468564197/1643842200 8467624679/4164400240 305194908467/16438422000 13526071519537/936990054000 1560231047/234834600 52476081419/26027501500 315922852559/16438422000 12626533315897/936990054000 20448131281/3187041000 51633924581/26027501500 6302871901013/312330018000 458760117077/40738698000 240352522217/39041252250 8189976281/4164400240 6683048234609/312330018000 754653211517/85180914000 455430061843/78082504500 15879516977/8008462000 7125766679063/312330018000 1063678496453/156165009000 85119701197/15616500900 16154331023/8008462000 7456428682643/312330018000 944944793549/156165009000 7477756589/1419681900 8467624679/4164400240 7687842191957/312330018000 534035569829/78082504500 91450716703/16438422000 52476081419/26027501500 7861355483537/312330018000 118042224229/13013750750 2028328656241/312330018000 51633924581/26027501500 4072808282119/156165009000 595215125629/46849502700 856294779337/104110006000 8189976281/4164400240 4270475860459/156165009000 3845087620769/234247513500 1065423680653/104110006000 15879516977/8008462000 4507911704377/156165009000 34885009501/1784742960 3835842362893/312330018000 16154331023/8008462000 4680822117709/156165009000 919667594333/44618574000 64960678481/4805077200 8467624679/4164400240 9576981123041/312330018000 22205536681/1148272125 110775901101/8008462000 52476081419/26027501500 9720176768453/312330018000 213934059971/13013750750 126429963943/9464546000 51633924581/26027501500 587550660439/18372354000 1090960031549/85180914000 1974244036813/156165009000 8189976281/4164400240 611697365131/18372354000 9569780628487/936990054000 100981112137/8219211000 15879516977/8008462000 128304472217/3674470800 23495170533/2602750150 183325825651/14872858000 16154331023/8008462000 662756458129/18372354000 368299103723/39041252250 1944632357/156556400 8467624679/4164400240 362565061/9876048 40676853423/3718214500 1895849134493/156165009000 52476081419/26027501500 11578998053369/312330018000 26846759/2127125 1791978370211/156165009000 51633924581/26027501500 105634874024/2788660875 6520867749469/468495027000 556823478173/52055003000 8189976281/4164400240 109435345478/2788660875 1318861030961/93699005400 536544744529/52055003000 15879516977/8008462000 1599492108517/39041252250 12104012582033/936990054000 386395923701/37479602160 16154331023/8008462000 1646509417621/39041252250 10302494761901/936990054000 9733715063777/936990054000 8467624679/4164400240 13355258985209/312330018000 8369384580743/936990054000 2372132716529/234247513500 52476081419/26027501500 2687563842709/62466003600 435877809487/55117062000 2226612735401/234247513500 51633924581/26027501500 488351441597/11154643500 778425431689/93699005400 433832933167/49315266000 8189976281/4164400240 252045572299/5577321750 244661283773/24657633000 1600435929557/187398010800 15879516977/8008462000 47678311693/1014058500 90811434437/7436429000 278464712987/31233001800 16154331023/8008462000 538271003801/11154643500 4496022261/323323000 1519211666047/156165009000 8467624679/4164400240 4282744283/87906000 409477250761/28393638000 34400807/3187041 52476081419/26027501500 894269738851/18372354000 4193188253927/312330018000 305650811/26001500 51633924581/26027501500 15223036812899/312330018000 1299425028389/117123756750 182489155099/14415231600 8189976281/4164400240 1174120235063/24025386000 1974511865449/234247513500 12411697804403/936990054000 15879516977/8008462000 14412216739/300317325 5397207318397/936990054000 32993384719/2465763300 16154331023/8008462000 1755417646771/39041252250 3682685725237/936990054000 1511476175683/117123756750 8467624679/4164400240 861802751947/22309287000 2643325184707/936990054000 11123668189721/936990054000 52476081419/26027501500 52690282039/1716099000 21077683789/8147739600 404679705893/37479602160 51633924581/26027501500 5703942379/261145500 171476981647/55117062000 681245359/68468400 8189976281/4164400240 61970756993/4109605500 794581393531/187398010800 1289142670577/133855722000 15879516977/8008462000 3207702649511/312330018000 125904933761/20822001200 53052811879/5479474000 16154331023/8008462000 228213599293/28393638000 2531343649207/312330018000 3085642535923/312330018000 8467624679/4164400240 2279780934527/312330018000 3275316212411/312330018000 3139014585797/312330018000 52476081419/26027501500 2364019679639/312330018000 229322445607/18372354000 3151464174377/312330018000 51633924581/26027501500 17329279027/2054802750 13014102652751/936990054000 1169080096091/117123756750 8189976281/4164400240 185651330897/19520626125 13183323841271/936990054000 570637269616/58561878375 15879516977/8008462000 418247889253/39041252250 108066633254/8365982625 1098317843593/117123756750 16154331023/8008462000 911507036171/78082504500 367944421997/33463930500 2110254053513/234247513500 8467624679/4164400240 3909564704009/312330018000 8369383957043/936990054000 4057144615813/468495027000 52476081419/26027501500 0 2 1 2 2 2 3 2 4 2 5 2 6 2 7 2 8 2 9 2 10 2 11 2 12 2 13 2 14 2 15 2 16 2 17 2 18 2 19 2 20 2 21 2 22 2 23 2 24 2 25 2 26 2 27 2
upstream_curve_IncreaseDegree N 3 4 2 1 0 0 0 1 1 1 0 1 2 1 0 1 3 0 0 1 0 4 1 4 D 0 5 | upstream_curve_IncreaseDegree R 1 1 5 0 6 2 0 1 0 0 0 1 3/5 3/5 0 1 6/5 9/10 0 1 9/5 9/10 0 1 12/5 3/5 0 1 3 0 0 1 0 6 1 6
upstream_curve_RationalCurveIncreaseDegree N 2 3 2 1 0 0 0 1 1 1 0 2 2 0 0 1 0 3 1 3 D 0 4 | upstream_curve_RationalCurveIncreaseDegree R 1 1 4 0 5 2 0 1 0 0 0 1 1 1 0 3/2 5/3 4/3 0 5/3 2 1 0 3/2 2 0 0 1 0 5 1 5
