clamped_clamped_p1_2_q1_2_r0 1 2 3 4 3 3 0 0 1 1 1 -2.0 1 1 2 -0.25 1 1 3 1.5 1 1 4 -1.0 1 2 1 -1.25 1 2 2 0.5 1 2 3 -2.0 1 2 4 -0.25 1 3 1 -0.5 1 3 2 1.25 1 3 3 -1.25 1 3 4 0.5 1 0.0 2 1.0 1 4.0 2 0.0 3 1.0 1 4.0 3 D B 1 2
clamped_clamped_p1_2_q1_3_r0 1 2 3 4 3 3 0 0 1 1 1 -2.0 1 1 2 -0.25 1 1 3 1.5 1 1 4 -1.0 1 2 1 -1.25 1 2 2 0.5 1 2 3 -2.0 1 2 4 -0.25 1 3 1 -0.5 1 3 2 1.25 1 3 3 -1.25 1 3 4 0.5 1 0.0 2 1.0 1 4.0 2 0.0 3 1.0 1 4.0 3 D B 1 3
clamped_clamped_p1_2_q2_2_r0 1 2 3 4 3 3 0 0 1 1 1 -2.0 1 1 2 -0.25 1 1 3 1.5 1 1 4 -1.0 1 2 1 -1.25 1 2 2 0.5 1 2 3 -2.0 1 2 4 -0.25 1 3 1 -0.5 1 3 2 1.25 1 3 3 -1.25 1 3 4 0.5 1 0.0 2 1.0 1 4.0 2 0.0 3 1.0 1 4.0 3 D B 2 2
clamped_clamped_p1_2_q2_3_r0 1 2 3 4 3 3 0 0 1 1 1 -2.0 1 1 2 -0.25 1 1 3 1.5 1 1 4 -1.0 1 2 1 -1.25 1 2 2 0.5 1 2 3 -2.0 1 2 4 -0.25 1 3 1 -0.5 1 3 2 1.25 1 3 3 -1.25 1 3 4 0.5 1 0.0 2 1.0 1 4.0 2 0.0 3 1.0 1 4.0 3 D B 2 3
clamped_clamped_p1_2_q25_25_r0 1 2 3 4 3 3 0 0 1 1 1 -2.0 1 1 2 -0.25 1 1 3 1.5 1 1 4 -1.0 1 2 1 -1.25 1 2 2 0.5 1 2 3 -2.0 1 2 4 -0.25 1 3 1 -0.5 1 3 2 1.25 1 3 3 -1.25 1 3 4 0.5 1 0.0 2 1.0 1 4.0 2 0.0 3 1.0 1 4.0 3 D B 25 25
clamped_clamped_p1_2_q1_2_r1 1 2 3 4 3 3 0 0 1 1 1 -2.0 1 1 2 -0.25 3 1 3 1.5 5 1 4 -1.0 2 2 1 -1.25 2 2 2 0.5 4 2 3 -2.0 1 2 4 -0.25 3 3 1 -0.5 3 3 2 1.25 5 3 3 -1.25 2 3 4 0.5 4 0.0 2 1.0 1 4.0 2 0.0 3 1.0 1 4.0 3 D B 1 2
clamped_clamped_p1_2_q1_3_r1 1 2 3 4 3 3 0 0 1 1 1 -2.0 1 1 2 -0.25 3 1 3 1.5 5 1 4 -1.0 2 2 1 -1.25 2 2 2 0.5 4 2 3 -2.0 1 2 4 -0.25 3 3 1 -0.5 3 3 2 1.25 5 3 3 -1.25 2 3 4 0.5 4 0.0 2 1.0 1 4.0 2 0.0 3 1.0 1 4.0 3 D B 1 3
clamped_clamped_p1_2_q2_2_r1 1 2 3 4 3 3 0 0 1 1 1 -2.0 1 1 2 -0.25 3 1 3 1.5 5 1 4 -1.0 2 2 1 -1.25 2 2 2 0.5 4 2 3 -2.0 1 2 4 -0.25 3 3 1 -0.5 3 3 2 1.25 5 3 3 -1.25 2 3 4 0.5 4 0.0 2 1.0 1 4.0 2 0.0 3 1.0 1 4.0 3 D B 2 2
clamped_clamped_p1_2_q2_3_r1 1 2 3 4 3 3 0 0 1 1 1 -2.0 1 1 2 -0.25 3 1 3 1.5 5 1 4 -1.0 2 2 1 -1.25 2 2 2 0.5 4 2 3 -2.0 1 2 4 -0.25 3 3 1 -0.5 3 3 2 1.25 5 3 3 -1.25 2 3 4 0.5 4 0.0 2 1.0 1 4.0 2 0.0 3 1.0 1 4.0 3 D B 2 3
clamped_clamped_p1_2_q25_25_r1 1 2 3 4 3 3 0 0 1 1 1 -2.0 1 1 2 -0.25 3 1 3 1.5 5 1 4 -1.0 2 2 1 -1.25 2 2 2 0.5 4 2 3 -2.0 1 2 4 -0.25 3 3 1 -0.5 3 3 2 1.25 5 3 3 -1.25 2 3 4 0.5 4 0.0 2 1.0 1 4.0 2 0.0 3 1.0 1 4.0 3 D B 25 25
unclamped_clamped_p1_2_q1_2_r0 1 2 4 4 6 3 0 0 1 1 1 -2.0 1 1 2 -0.25 1 1 3 1.5 1 1 4 -1.0 1 2 1 -1.25 1 2 2 0.5 1 2 3 -2.0 1 2 4 -0.25 1 3 1 -0.5 1 3 2 1.25 1 3 3 -1.25 1 3 4 0.5 1 4 1 0.25 1 4 2 2.0 1 4 3 -0.5 1 4 4 1.25 1 0.0 1 1.0 1 2.0 1 3.0 1 4.0 1 5.0 1 0.0 3 1.0 1 4.0 3 D B 1 2
unclamped_clamped_p1_2_q1_3_r0 1 2 4 4 6 3 0 0 1 1 1 -2.0 1 1 2 -0.25 1 1 3 1.5 1 1 4 -1.0 1 2 1 -1.25 1 2 2 0.5 1 2 3 -2.0 1 2 4 -0.25 1 3 1 -0.5 1 3 2 1.25 1 3 3 -1.25 1 3 4 0.5 1 4 1 0.25 1 4 2 2.0 1 4 3 -0.5 1 4 4 1.25 1 0.0 1 1.0 1 2.0 1 3.0 1 4.0 1 5.0 1 0.0 3 1.0 1 4.0 3 D B 1 3
unclamped_clamped_p1_2_q2_2_r0 1 2 4 4 6 3 0 0 1 1 1 -2.0 1 1 2 -0.25 1 1 3 1.5 1 1 4 -1.0 1 2 1 -1.25 1 2 2 0.5 1 2 3 -2.0 1 2 4 -0.25 1 3 1 -0.5 1 3 2 1.25 1 3 3 -1.25 1 3 4 0.5 1 4 1 0.25 1 4 2 2.0 1 4 3 -0.5 1 4 4 1.25 1 0.0 1 1.0 1 2.0 1 3.0 1 4.0 1 5.0 1 0.0 3 1.0 1 4.0 3 D B 2 2
unclamped_clamped_p1_2_q2_3_r0 1 2 4 4 6 3 0 0 1 1 1 -2.0 1 1 2 -0.25 1 1 3 1.5 1 1 4 -1.0 1 2 1 -1.25 1 2 2 0.5 1 2 3 -2.0 1 2 4 -0.25 1 3 1 -0.5 1 3 2 1.25 1 3 3 -1.25 1 3 4 0.5 1 4 1 0.25 1 4 2 2.0 1 4 3 -0.5 1 4 4 1.25 1 0.0 1 1.0 1 2.0 1 3.0 1 4.0 1 5.0 1 0.0 3 1.0 1 4.0 3 D B 2 3
unclamped_clamped_p1_2_q25_25_r0 1 2 4 4 6 3 0 0 1 1 1 -2.0 1 1 2 -0.25 1 1 3 1.5 1 1 4 -1.0 1 2 1 -1.25 1 2 2 0.5 1 2 3 -2.0 1 2 4 -0.25 1 3 1 -0.5 1 3 2 1.25 1 3 3 -1.25 1 3 4 0.5 1 4 1 0.25 1 4 2 2.0 1 4 3 -0.5 1 4 4 1.25 1 0.0 1 1.0 1 2.0 1 3.0 1 4.0 1 5.0 1 0.0 3 1.0 1 4.0 3 D B 25 25
unclamped_clamped_p1_2_q1_2_r1 1 2 4 4 6 3 0 0 1 1 1 -2.0 1 1 2 -0.25 3 1 3 1.5 5 1 4 -1.0 2 2 1 -1.25 2 2 2 0.5 4 2 3 -2.0 1 2 4 -0.25 3 3 1 -0.5 3 3 2 1.25 5 3 3 -1.25 2 3 4 0.5 4 4 1 0.25 4 4 2 2.0 1 4 3 -0.5 3 4 4 1.25 5 0.0 1 1.0 1 2.0 1 3.0 1 4.0 1 5.0 1 0.0 3 1.0 1 4.0 3 D B 1 2
unclamped_clamped_p1_2_q1_3_r1 1 2 4 4 6 3 0 0 1 1 1 -2.0 1 1 2 -0.25 3 1 3 1.5 5 1 4 -1.0 2 2 1 -1.25 2 2 2 0.5 4 2 3 -2.0 1 2 4 -0.25 3 3 1 -0.5 3 3 2 1.25 5 3 3 -1.25 2 3 4 0.5 4 4 1 0.25 4 4 2 2.0 1 4 3 -0.5 3 4 4 1.25 5 0.0 1 1.0 1 2.0 1 3.0 1 4.0 1 5.0 1 0.0 3 1.0 1 4.0 3 D B 1 3
unclamped_clamped_p1_2_q2_2_r1 1 2 4 4 6 3 0 0 1 1 1 -2.0 1 1 2 -0.25 3 1 3 1.5 5 1 4 -1.0 2 2 1 -1.25 2 2 2 0.5 4 2 3 -2.0 1 2 4 -0.25 3 3 1 -0.5 3 3 2 1.25 5 3 3 -1.25 2 3 4 0.5 4 4 1 0.25 4 4 2 2.0 1 4 3 -0.5 3 4 4 1.25 5 0.0 1 1.0 1 2.0 1 3.0 1 4.0 1 5.0 1 0.0 3 1.0 1 4.0 3 D B 2 2
unclamped_clamped_p1_2_q2_3_r1 1 2 4 4 6 3 0 0 1 1 1 -2.0 1 1 2 -0.25 3 1 3 1.5 5 1 4 -1.0 2 2 1 -1.25 2 2 2 0.5 4 2 3 -2.0 1 2 4 -0.25 3 3 1 -0.5 3 3 2 1.25 5 3 3 -1.25 2 3 4 0.5 4 4 1 0.25 4 4 2 2.0 1 4 3 -0.5 3 4 4 1.25 5 0.0 1 1.0 1 2.0 1 3.0 1 4.0 1 5.0 1 0.0 3 1.0 1 4.0 3 D B 2 3
unclamped_clamped_p1_2_q25_25_r1 1 2 4 4 6 3 0 0 1 1 1 -2.0 1 1 2 -0.25 3 1 3 1.5 5 1 4 -1.0 2 2 1 -1.25 2 2 2 0.5 4 2 3 -2.0 1 2 4 -0.25 3 3 1 -0.5 3 3 2 1.25 5 3 3 -1.25 2 3 4 0.5 4 4 1 0.25 4 4 2 2.0 1 4 3 -0.5 3 4 4 1.25 5 0.0 1 1.0 1 2.0 1 3.0 1 4.0 1 5.0 1 0.0 3 1.0 1 4.0 3 D B 25 25
periodic_unclamped_p1_2_q1_2_r0 1 2 2 5 3 8 1 0 1 1 1 -2.0 1 1 2 -0.25 1 1 3 1.5 1 1 4 -1.0 1 1 5 0.75 1 2 1 -1.25 1 2 2 0.5 1 2 3 -2.0 1 2 4 -0.25 1 2 5 1.5 1 0.0 1 1.0 1 3.0 1 0.0 1 1.0 1 2.0 1 3.0 1 4.0 1 5.0 1 6.0 1 7.0 1 D B 1 2
periodic_unclamped_p1_2_q1_3_r0 1 2 2 5 3 8 1 0 1 1 1 -2.0 1 1 2 -0.25 1 1 3 1.5 1 1 4 -1.0 1 1 5 0.75 1 2 1 -1.25 1 2 2 0.5 1 2 3 -2.0 1 2 4 -0.25 1 2 5 1.5 1 0.0 1 1.0 1 3.0 1 0.0 1 1.0 1 2.0 1 3.0 1 4.0 1 5.0 1 6.0 1 7.0 1 D B 1 3
periodic_unclamped_p1_2_q2_2_r0 1 2 2 5 3 8 1 0 1 1 1 -2.0 1 1 2 -0.25 1 1 3 1.5 1 1 4 -1.0 1 1 5 0.75 1 2 1 -1.25 1 2 2 0.5 1 2 3 -2.0 1 2 4 -0.25 1 2 5 1.5 1 0.0 1 1.0 1 3.0 1 0.0 1 1.0 1 2.0 1 3.0 1 4.0 1 5.0 1 6.0 1 7.0 1 D B 2 2
periodic_unclamped_p1_2_q2_3_r0 1 2 2 5 3 8 1 0 1 1 1 -2.0 1 1 2 -0.25 1 1 3 1.5 1 1 4 -1.0 1 1 5 0.75 1 2 1 -1.25 1 2 2 0.5 1 2 3 -2.0 1 2 4 -0.25 1 2 5 1.5 1 0.0 1 1.0 1 3.0 1 0.0 1 1.0 1 2.0 1 3.0 1 4.0 1 5.0 1 6.0 1 7.0 1 D B 2 3
periodic_unclamped_p1_2_q25_25_r0 1 2 2 5 3 8 1 0 1 1 1 -2.0 1 1 2 -0.25 1 1 3 1.5 1 1 4 -1.0 1 1 5 0.75 1 2 1 -1.25 1 2 2 0.5 1 2 3 -2.0 1 2 4 -0.25 1 2 5 1.5 1 0.0 1 1.0 1 3.0 1 0.0 1 1.0 1 2.0 1 3.0 1 4.0 1 5.0 1 6.0 1 7.0 1 D B 25 25
periodic_unclamped_p1_2_q1_2_r1 1 2 2 5 3 8 1 0 1 1 1 -2.0 1 1 2 -0.25 3 1 3 1.5 5 1 4 -1.0 2 1 5 0.75 4 2 1 -1.25 2 2 2 0.5 4 2 3 -2.0 1 2 4 -0.25 3 2 5 1.5 5 0.0 1 1.0 1 3.0 1 0.0 1 1.0 1 2.0 1 3.0 1 4.0 1 5.0 1 6.0 1 7.0 1 D B 1 2
periodic_unclamped_p1_2_q1_3_r1 1 2 2 5 3 8 1 0 1 1 1 -2.0 1 1 2 -0.25 3 1 3 1.5 5 1 4 -1.0 2 1 5 0.75 4 2 1 -1.25 2 2 2 0.5 4 2 3 -2.0 1 2 4 -0.25 3 2 5 1.5 5 0.0 1 1.0 1 3.0 1 0.0 1 1.0 1 2.0 1 3.0 1 4.0 1 5.0 1 6.0 1 7.0 1 D B 1 3
periodic_unclamped_p1_2_q2_2_r1 1 2 2 5 3 8 1 0 1 1 1 -2.0 1 1 2 -0.25 3 1 3 1.5 5 1 4 -1.0 2 1 5 0.75 4 2 1 -1.25 2 2 2 0.5 4 2 3 -2.0 1 2 4 -0.25 3 2 5 1.5 5 0.0 1 1.0 1 3.0 1 0.0 1 1.0 1 2.0 1 3.0 1 4.0 1 5.0 1 6.0 1 7.0 1 D B 2 2
periodic_unclamped_p1_2_q2_3_r1 1 2 2 5 3 8 1 0 1 1 1 -2.0 1 1 2 -0.25 3 1 3 1.5 5 1 4 -1.0 2 1 5 0.75 4 2 1 -1.25 2 2 2 0.5 4 2 3 -2.0 1 2 4 -0.25 3 2 5 1.5 5 0.0 1 1.0 1 3.0 1 0.0 1 1.0 1 2.0 1 3.0 1 4.0 1 5.0 1 6.0 1 7.0 1 D B 2 3
periodic_unclamped_p1_2_q25_25_r1 1 2 2 5 3 8 1 0 1 1 1 -2.0 1 1 2 -0.25 3 1 3 1.5 5 1 4 -1.0 2 1 5 0.75 4 2 1 -1.25 2 2 2 0.5 4 2 3 -2.0 1 2 4 -0.25 3 2 5 1.5 5 0.0 1 1.0 1 3.0 1 0.0 1 1.0 1 2.0 1 3.0 1 4.0 1 5.0 1 6.0 1 7.0 1 D B 25 25
uniform_periodic_periodic_p1_2_q1_2_r0 1 2 4 3 5 3 1 1 1 1 1 -2.0 1 1 2 -0.25 1 1 3 1.5 1 2 1 -1.25 1 2 2 0.5 1 2 3 -2.0 1 3 1 -0.5 1 3 2 1.25 1 3 3 -1.25 1 4 1 0.25 1 4 2 2.0 1 4 3 -0.5 1 0.0 1 1.0 1 2.0 1 3.0 1 4.0 1 0.0 1 1.0 2 3.0 1 D B 1 2
uniform_periodic_periodic_p1_2_q1_3_r0 1 2 4 3 5 3 1 1 1 1 1 -2.0 1 1 2 -0.25 1 1 3 1.5 1 2 1 -1.25 1 2 2 0.5 1 2 3 -2.0 1 3 1 -0.5 1 3 2 1.25 1 3 3 -1.25 1 4 1 0.25 1 4 2 2.0 1 4 3 -0.5 1 0.0 1 1.0 1 2.0 1 3.0 1 4.0 1 0.0 1 1.0 2 3.0 1 D B 1 3
uniform_periodic_periodic_p1_2_q2_2_r0 1 2 4 3 5 3 1 1 1 1 1 -2.0 1 1 2 -0.25 1 1 3 1.5 1 2 1 -1.25 1 2 2 0.5 1 2 3 -2.0 1 3 1 -0.5 1 3 2 1.25 1 3 3 -1.25 1 4 1 0.25 1 4 2 2.0 1 4 3 -0.5 1 0.0 1 1.0 1 2.0 1 3.0 1 4.0 1 0.0 1 1.0 2 3.0 1 D B 2 2
uniform_periodic_periodic_p1_2_q2_3_r0 1 2 4 3 5 3 1 1 1 1 1 -2.0 1 1 2 -0.25 1 1 3 1.5 1 2 1 -1.25 1 2 2 0.5 1 2 3 -2.0 1 3 1 -0.5 1 3 2 1.25 1 3 3 -1.25 1 4 1 0.25 1 4 2 2.0 1 4 3 -0.5 1 0.0 1 1.0 1 2.0 1 3.0 1 4.0 1 0.0 1 1.0 2 3.0 1 D B 2 3
uniform_periodic_periodic_p1_2_q1_2_r1 1 2 4 3 5 3 1 1 1 1 1 -2.0 1 1 2 -0.25 3 1 3 1.5 5 2 1 -1.25 2 2 2 0.5 4 2 3 -2.0 1 3 1 -0.5 3 3 2 1.25 5 3 3 -1.25 2 4 1 0.25 4 4 2 2.0 1 4 3 -0.5 3 0.0 1 1.0 1 2.0 1 3.0 1 4.0 1 0.0 1 1.0 2 3.0 1 D B 1 2
uniform_periodic_periodic_p1_2_q1_3_r1 1 2 4 3 5 3 1 1 1 1 1 -2.0 1 1 2 -0.25 3 1 3 1.5 5 2 1 -1.25 2 2 2 0.5 4 2 3 -2.0 1 3 1 -0.5 3 3 2 1.25 5 3 3 -1.25 2 4 1 0.25 4 4 2 2.0 1 4 3 -0.5 3 0.0 1 1.0 1 2.0 1 3.0 1 4.0 1 0.0 1 1.0 2 3.0 1 D B 1 3
uniform_periodic_periodic_p1_2_q2_2_r1 1 2 4 3 5 3 1 1 1 1 1 -2.0 1 1 2 -0.25 3 1 3 1.5 5 2 1 -1.25 2 2 2 0.5 4 2 3 -2.0 1 3 1 -0.5 3 3 2 1.25 5 3 3 -1.25 2 4 1 0.25 4 4 2 2.0 1 4 3 -0.5 3 0.0 1 1.0 1 2.0 1 3.0 1 4.0 1 0.0 1 1.0 2 3.0 1 D B 2 2
uniform_periodic_periodic_p1_2_q2_3_r1 1 2 4 3 5 3 1 1 1 1 1 -2.0 1 1 2 -0.25 3 1 3 1.5 5 2 1 -1.25 2 2 2 0.5 4 2 3 -2.0 1 3 1 -0.5 3 3 2 1.25 5 3 3 -1.25 2 4 1 0.25 4 4 2 2.0 1 4 3 -0.5 3 0.0 1 1.0 1 2.0 1 3.0 1 4.0 1 0.0 1 1.0 2 3.0 1 D B 2 3
inactive_inactive_p1_2_q1_2_r0 1 2 5 9 7 7 0 0 1 1 1 -2.0 1 1 2 -0.25 1 1 3 1.5 1 1 4 -1.0 1 1 5 0.75 1 1 6 -1.75 1 1 7 0.0 1 1 8 1.75 1 1 9 -0.75 1 2 1 -1.25 1 2 2 0.5 1 2 3 -2.0 1 2 4 -0.25 1 2 5 1.5 1 2 6 -1.0 1 2 7 0.75 1 2 8 -1.75 1 2 9 0.0 1 3 1 -0.5 1 3 2 1.25 1 3 3 -1.25 1 3 4 0.5 1 3 5 -2.0 1 3 6 -0.25 1 3 7 1.5 1 3 8 -1.0 1 3 9 0.75 1 4 1 0.25 1 4 2 2.0 1 4 3 -0.5 1 4 4 1.25 1 4 5 -1.25 1 4 6 0.5 1 4 7 -2.0 1 4 8 -0.25 1 4 9 1.5 1 5 1 1.0 1 5 2 -1.5 1 5 3 0.25 1 5 4 2.0 1 5 5 -0.5 1 5 6 1.25 1 5 7 -1.25 1 5 8 0.5 1 5 9 -2.0 1 -2.0 1 -1.0 1 0.0 1 1.0 1 2.0 1 3.0 1 4.0 1 -2.0 2 -1.0 2 0.0 1 1.0 2 2.0 1 3.0 2 4.0 2 D B 1 2
inactive_inactive_p1_2_q1_3_r0 1 2 5 9 7 7 0 0 1 1 1 -2.0 1 1 2 -0.25 1 1 3 1.5 1 1 4 -1.0 1 1 5 0.75 1 1 6 -1.75 1 1 7 0.0 1 1 8 1.75 1 1 9 -0.75 1 2 1 -1.25 1 2 2 0.5 1 2 3 -2.0 1 2 4 -0.25 1 2 5 1.5 1 2 6 -1.0 1 2 7 0.75 1 2 8 -1.75 1 2 9 0.0 1 3 1 -0.5 1 3 2 1.25 1 3 3 -1.25 1 3 4 0.5 1 3 5 -2.0 1 3 6 -0.25 1 3 7 1.5 1 3 8 -1.0 1 3 9 0.75 1 4 1 0.25 1 4 2 2.0 1 4 3 -0.5 1 4 4 1.25 1 4 5 -1.25 1 4 6 0.5 1 4 7 -2.0 1 4 8 -0.25 1 4 9 1.5 1 5 1 1.0 1 5 2 -1.5 1 5 3 0.25 1 5 4 2.0 1 5 5 -0.5 1 5 6 1.25 1 5 7 -1.25 1 5 8 0.5 1 5 9 -2.0 1 -2.0 1 -1.0 1 0.0 1 1.0 1 2.0 1 3.0 1 4.0 1 -2.0 2 -1.0 2 0.0 1 1.0 2 2.0 1 3.0 2 4.0 2 D B 1 3
inactive_inactive_p1_2_q2_2_r0 1 2 5 9 7 7 0 0 1 1 1 -2.0 1 1 2 -0.25 1 1 3 1.5 1 1 4 -1.0 1 1 5 0.75 1 1 6 -1.75 1 1 7 0.0 1 1 8 1.75 1 1 9 -0.75 1 2 1 -1.25 1 2 2 0.5 1 2 3 -2.0 1 2 4 -0.25 1 2 5 1.5 1 2 6 -1.0 1 2 7 0.75 1 2 8 -1.75 1 2 9 0.0 1 3 1 -0.5 1 3 2 1.25 1 3 3 -1.25 1 3 4 0.5 1 3 5 -2.0 1 3 6 -0.25 1 3 7 1.5 1 3 8 -1.0 1 3 9 0.75 1 4 1 0.25 1 4 2 2.0 1 4 3 -0.5 1 4 4 1.25 1 4 5 -1.25 1 4 6 0.5 1 4 7 -2.0 1 4 8 -0.25 1 4 9 1.5 1 5 1 1.0 1 5 2 -1.5 1 5 3 0.25 1 5 4 2.0 1 5 5 -0.5 1 5 6 1.25 1 5 7 -1.25 1 5 8 0.5 1 5 9 -2.0 1 -2.0 1 -1.0 1 0.0 1 1.0 1 2.0 1 3.0 1 4.0 1 -2.0 2 -1.0 2 0.0 1 1.0 2 2.0 1 3.0 2 4.0 2 D B 2 2
inactive_inactive_p1_2_q2_3_r0 1 2 5 9 7 7 0 0 1 1 1 -2.0 1 1 2 -0.25 1 1 3 1.5 1 1 4 -1.0 1 1 5 0.75 1 1 6 -1.75 1 1 7 0.0 1 1 8 1.75 1 1 9 -0.75 1 2 1 -1.25 1 2 2 0.5 1 2 3 -2.0 1 2 4 -0.25 1 2 5 1.5 1 2 6 -1.0 1 2 7 0.75 1 2 8 -1.75 1 2 9 0.0 1 3 1 -0.5 1 3 2 1.25 1 3 3 -1.25 1 3 4 0.5 1 3 5 -2.0 1 3 6 -0.25 1 3 7 1.5 1 3 8 -1.0 1 3 9 0.75 1 4 1 0.25 1 4 2 2.0 1 4 3 -0.5 1 4 4 1.25 1 4 5 -1.25 1 4 6 0.5 1 4 7 -2.0 1 4 8 -0.25 1 4 9 1.5 1 5 1 1.0 1 5 2 -1.5 1 5 3 0.25 1 5 4 2.0 1 5 5 -0.5 1 5 6 1.25 1 5 7 -1.25 1 5 8 0.5 1 5 9 -2.0 1 -2.0 1 -1.0 1 0.0 1 1.0 1 2.0 1 3.0 1 4.0 1 -2.0 2 -1.0 2 0.0 1 1.0 2 2.0 1 3.0 2 4.0 2 D B 2 3
inactive_inactive_p1_2_q1_2_r1 1 2 5 9 7 7 0 0 1 1 1 -2.0 1 1 2 -0.25 3 1 3 1.5 5 1 4 -1.0 2 1 5 0.75 4 1 6 -1.75 1 1 7 0.0 3 1 8 1.75 5 1 9 -0.75 2 2 1 -1.25 2 2 2 0.5 4 2 3 -2.0 1 2 4 -0.25 3 2 5 1.5 5 2 6 -1.0 2 2 7 0.75 4 2 8 -1.75 1 2 9 0.0 3 3 1 -0.5 3 3 2 1.25 5 3 3 -1.25 2 3 4 0.5 4 3 5 -2.0 1 3 6 -0.25 3 3 7 1.5 5 3 8 -1.0 2 3 9 0.75 4 4 1 0.25 4 4 2 2.0 1 4 3 -0.5 3 4 4 1.25 5 4 5 -1.25 2 4 6 0.5 4 4 7 -2.0 1 4 8 -0.25 3 4 9 1.5 5 5 1 1.0 5 5 2 -1.5 2 5 3 0.25 4 5 4 2.0 1 5 5 -0.5 3 5 6 1.25 5 5 7 -1.25 2 5 8 0.5 4 5 9 -2.0 1 -2.0 1 -1.0 1 0.0 1 1.0 1 2.0 1 3.0 1 4.0 1 -2.0 2 -1.0 2 0.0 1 1.0 2 2.0 1 3.0 2 4.0 2 D B 1 2
inactive_inactive_p1_2_q1_3_r1 1 2 5 9 7 7 0 0 1 1 1 -2.0 1 1 2 -0.25 3 1 3 1.5 5 1 4 -1.0 2 1 5 0.75 4 1 6 -1.75 1 1 7 0.0 3 1 8 1.75 5 1 9 -0.75 2 2 1 -1.25 2 2 2 0.5 4 2 3 -2.0 1 2 4 -0.25 3 2 5 1.5 5 2 6 -1.0 2 2 7 0.75 4 2 8 -1.75 1 2 9 0.0 3 3 1 -0.5 3 3 2 1.25 5 3 3 -1.25 2 3 4 0.5 4 3 5 -2.0 1 3 6 -0.25 3 3 7 1.5 5 3 8 -1.0 2 3 9 0.75 4 4 1 0.25 4 4 2 2.0 1 4 3 -0.5 3 4 4 1.25 5 4 5 -1.25 2 4 6 0.5 4 4 7 -2.0 1 4 8 -0.25 3 4 9 1.5 5 5 1 1.0 5 5 2 -1.5 2 5 3 0.25 4 5 4 2.0 1 5 5 -0.5 3 5 6 1.25 5 5 7 -1.25 2 5 8 0.5 4 5 9 -2.0 1 -2.0 1 -1.0 1 0.0 1 1.0 1 2.0 1 3.0 1 4.0 1 -2.0 2 -1.0 2 0.0 1 1.0 2 2.0 1 3.0 2 4.0 2 D B 1 3
inactive_inactive_p1_2_q2_2_r1 1 2 5 9 7 7 0 0 1 1 1 -2.0 1 1 2 -0.25 3 1 3 1.5 5 1 4 -1.0 2 1 5 0.75 4 1 6 -1.75 1 1 7 0.0 3 1 8 1.75 5 1 9 -0.75 2 2 1 -1.25 2 2 2 0.5 4 2 3 -2.0 1 2 4 -0.25 3 2 5 1.5 5 2 6 -1.0 2 2 7 0.75 4 2 8 -1.75 1 2 9 0.0 3 3 1 -0.5 3 3 2 1.25 5 3 3 -1.25 2 3 4 0.5 4 3 5 -2.0 1 3 6 -0.25 3 3 7 1.5 5 3 8 -1.0 2 3 9 0.75 4 4 1 0.25 4 4 2 2.0 1 4 3 -0.5 3 4 4 1.25 5 4 5 -1.25 2 4 6 0.5 4 4 7 -2.0 1 4 8 -0.25 3 4 9 1.5 5 5 1 1.0 5 5 2 -1.5 2 5 3 0.25 4 5 4 2.0 1 5 5 -0.5 3 5 6 1.25 5 5 7 -1.25 2 5 8 0.5 4 5 9 -2.0 1 -2.0 1 -1.0 1 0.0 1 1.0 1 2.0 1 3.0 1 4.0 1 -2.0 2 -1.0 2 0.0 1 1.0 2 2.0 1 3.0 2 4.0 2 D B 2 2
inactive_inactive_p1_2_q2_3_r1 1 2 5 9 7 7 0 0 1 1 1 -2.0 1 1 2 -0.25 3 1 3 1.5 5 1 4 -1.0 2 1 5 0.75 4 1 6 -1.75 1 1 7 0.0 3 1 8 1.75 5 1 9 -0.75 2 2 1 -1.25 2 2 2 0.5 4 2 3 -2.0 1 2 4 -0.25 3 2 5 1.5 5 2 6 -1.0 2 2 7 0.75 4 2 8 -1.75 1 2 9 0.0 3 3 1 -0.5 3 3 2 1.25 5 3 3 -1.25 2 3 4 0.5 4 3 5 -2.0 1 3 6 -0.25 3 3 7 1.5 5 3 8 -1.0 2 3 9 0.75 4 4 1 0.25 4 4 2 2.0 1 4 3 -0.5 3 4 4 1.25 5 4 5 -1.25 2 4 6 0.5 4 4 7 -2.0 1 4 8 -0.25 3 4 9 1.5 5 5 1 1.0 5 5 2 -1.5 2 5 3 0.25 4 5 4 2.0 1 5 5 -0.5 3 5 6 1.25 5 5 7 -1.25 2 5 8 0.5 4 5 9 -2.0 1 -2.0 1 -1.0 1 0.0 1 1.0 1 2.0 1 3.0 1 4.0 1 -2.0 2 -1.0 2 0.0 1 1.0 2 2.0 1 3.0 2 4.0 2 D B 2 3
clamped_clamped_p2_3_q2_3_r0 2 3 4 5 3 3 0 0 1 1 1 -2.0 1 1 2 -0.25 1 1 3 1.5 1 1 4 -1.0 1 1 5 0.75 1 2 1 -1.25 1 2 2 0.5 1 2 3 -2.0 1 2 4 -0.25 1 2 5 1.5 1 3 1 -0.5 1 3 2 1.25 1 3 3 -1.25 1 3 4 0.5 1 3 5 -2.0 1 4 1 0.25 1 4 2 2.0 1 4 3 -0.5 1 4 4 1.25 1 4 5 -1.25 1 0.0 3 1.0 1 4.0 3 0.0 4 1.0 1 4.0 4 D B 2 3
clamped_clamped_p2_3_q2_4_r0 2 3 4 5 3 3 0 0 1 1 1 -2.0 1 1 2 -0.25 1 1 3 1.5 1 1 4 -1.0 1 1 5 0.75 1 2 1 -1.25 1 2 2 0.5 1 2 3 -2.0 1 2 4 -0.25 1 2 5 1.5 1 3 1 -0.5 1 3 2 1.25 1 3 3 -1.25 1 3 4 0.5 1 3 5 -2.0 1 4 1 0.25 1 4 2 2.0 1 4 3 -0.5 1 4 4 1.25 1 4 5 -1.25 1 0.0 3 1.0 1 4.0 3 0.0 4 1.0 1 4.0 4 D B 2 4
clamped_clamped_p2_3_q3_3_r0 2 3 4 5 3 3 0 0 1 1 1 -2.0 1 1 2 -0.25 1 1 3 1.5 1 1 4 -1.0 1 1 5 0.75 1 2 1 -1.25 1 2 2 0.5 1 2 3 -2.0 1 2 4 -0.25 1 2 5 1.5 1 3 1 -0.5 1 3 2 1.25 1 3 3 -1.25 1 3 4 0.5 1 3 5 -2.0 1 4 1 0.25 1 4 2 2.0 1 4 3 -0.5 1 4 4 1.25 1 4 5 -1.25 1 0.0 3 1.0 1 4.0 3 0.0 4 1.0 1 4.0 4 D B 3 3
clamped_clamped_p2_3_q3_4_r0 2 3 4 5 3 3 0 0 1 1 1 -2.0 1 1 2 -0.25 1 1 3 1.5 1 1 4 -1.0 1 1 5 0.75 1 2 1 -1.25 1 2 2 0.5 1 2 3 -2.0 1 2 4 -0.25 1 2 5 1.5 1 3 1 -0.5 1 3 2 1.25 1 3 3 -1.25 1 3 4 0.5 1 3 5 -2.0 1 4 1 0.25 1 4 2 2.0 1 4 3 -0.5 1 4 4 1.25 1 4 5 -1.25 1 0.0 3 1.0 1 4.0 3 0.0 4 1.0 1 4.0 4 D B 3 4
clamped_clamped_p2_3_q25_25_r0 2 3 4 5 3 3 0 0 1 1 1 -2.0 1 1 2 -0.25 1 1 3 1.5 1 1 4 -1.0 1 1 5 0.75 1 2 1 -1.25 1 2 2 0.5 1 2 3 -2.0 1 2 4 -0.25 1 2 5 1.5 1 3 1 -0.5 1 3 2 1.25 1 3 3 -1.25 1 3 4 0.5 1 3 5 -2.0 1 4 1 0.25 1 4 2 2.0 1 4 3 -0.5 1 4 4 1.25 1 4 5 -1.25 1 0.0 3 1.0 1 4.0 3 0.0 4 1.0 1 4.0 4 D B 25 25
clamped_clamped_p2_3_q2_3_r1 2 3 4 5 3 3 0 0 1 1 1 -2.0 1 1 2 -0.25 3 1 3 1.5 5 1 4 -1.0 2 1 5 0.75 4 2 1 -1.25 2 2 2 0.5 4 2 3 -2.0 1 2 4 -0.25 3 2 5 1.5 5 3 1 -0.5 3 3 2 1.25 5 3 3 -1.25 2 3 4 0.5 4 3 5 -2.0 1 4 1 0.25 4 4 2 2.0 1 4 3 -0.5 3 4 4 1.25 5 4 5 -1.25 2 0.0 3 1.0 1 4.0 3 0.0 4 1.0 1 4.0 4 D B 2 3
clamped_clamped_p2_3_q2_4_r1 2 3 4 5 3 3 0 0 1 1 1 -2.0 1 1 2 -0.25 3 1 3 1.5 5 1 4 -1.0 2 1 5 0.75 4 2 1 -1.25 2 2 2 0.5 4 2 3 -2.0 1 2 4 -0.25 3 2 5 1.5 5 3 1 -0.5 3 3 2 1.25 5 3 3 -1.25 2 3 4 0.5 4 3 5 -2.0 1 4 1 0.25 4 4 2 2.0 1 4 3 -0.5 3 4 4 1.25 5 4 5 -1.25 2 0.0 3 1.0 1 4.0 3 0.0 4 1.0 1 4.0 4 D B 2 4
clamped_clamped_p2_3_q3_3_r1 2 3 4 5 3 3 0 0 1 1 1 -2.0 1 1 2 -0.25 3 1 3 1.5 5 1 4 -1.0 2 1 5 0.75 4 2 1 -1.25 2 2 2 0.5 4 2 3 -2.0 1 2 4 -0.25 3 2 5 1.5 5 3 1 -0.5 3 3 2 1.25 5 3 3 -1.25 2 3 4 0.5 4 3 5 -2.0 1 4 1 0.25 4 4 2 2.0 1 4 3 -0.5 3 4 4 1.25 5 4 5 -1.25 2 0.0 3 1.0 1 4.0 3 0.0 4 1.0 1 4.0 4 D B 3 3
clamped_clamped_p2_3_q3_4_r1 2 3 4 5 3 3 0 0 1 1 1 -2.0 1 1 2 -0.25 3 1 3 1.5 5 1 4 -1.0 2 1 5 0.75 4 2 1 -1.25 2 2 2 0.5 4 2 3 -2.0 1 2 4 -0.25 3 2 5 1.5 5 3 1 -0.5 3 3 2 1.25 5 3 3 -1.25 2 3 4 0.5 4 3 5 -2.0 1 4 1 0.25 4 4 2 2.0 1 4 3 -0.5 3 4 4 1.25 5 4 5 -1.25 2 0.0 3 1.0 1 4.0 3 0.0 4 1.0 1 4.0 4 D B 3 4
clamped_clamped_p2_3_q25_25_r1 2 3 4 5 3 3 0 0 1 1 1 -2.0 1 1 2 -0.25 3 1 3 1.5 5 1 4 -1.0 2 1 5 0.75 4 2 1 -1.25 2 2 2 0.5 4 2 3 -2.0 1 2 4 -0.25 3 2 5 1.5 5 3 1 -0.5 3 3 2 1.25 5 3 3 -1.25 2 3 4 0.5 4 3 5 -2.0 1 4 1 0.25 4 4 2 2.0 1 4 3 -0.5 3 4 4 1.25 5 4 5 -1.25 2 0.0 3 1.0 1 4.0 3 0.0 4 1.0 1 4.0 4 D B 25 25
unclamped_clamped_p2_3_q2_3_r0 2 3 5 5 8 3 0 0 1 1 1 -2.0 1 1 2 -0.25 1 1 3 1.5 1 1 4 -1.0 1 1 5 0.75 1 2 1 -1.25 1 2 2 0.5 1 2 3 -2.0 1 2 4 -0.25 1 2 5 1.5 1 3 1 -0.5 1 3 2 1.25 1 3 3 -1.25 1 3 4 0.5 1 3 5 -2.0 1 4 1 0.25 1 4 2 2.0 1 4 3 -0.5 1 4 4 1.25 1 4 5 -1.25 1 5 1 1.0 1 5 2 -1.5 1 5 3 0.25 1 5 4 2.0 1 5 5 -0.5 1 0.0 1 1.0 1 2.0 1 3.0 1 4.0 1 5.0 1 6.0 1 7.0 1 0.0 4 1.0 1 4.0 4 D B 2 3
unclamped_clamped_p2_3_q2_4_r0 2 3 5 5 8 3 0 0 1 1 1 -2.0 1 1 2 -0.25 1 1 3 1.5 1 1 4 -1.0 1 1 5 0.75 1 2 1 -1.25 1 2 2 0.5 1 2 3 -2.0 1 2 4 -0.25 1 2 5 1.5 1 3 1 -0.5 1 3 2 1.25 1 3 3 -1.25 1 3 4 0.5 1 3 5 -2.0 1 4 1 0.25 1 4 2 2.0 1 4 3 -0.5 1 4 4 1.25 1 4 5 -1.25 1 5 1 1.0 1 5 2 -1.5 1 5 3 0.25 1 5 4 2.0 1 5 5 -0.5 1 0.0 1 1.0 1 2.0 1 3.0 1 4.0 1 5.0 1 6.0 1 7.0 1 0.0 4 1.0 1 4.0 4 D B 2 4
unclamped_clamped_p2_3_q3_3_r0 2 3 5 5 8 3 0 0 1 1 1 -2.0 1 1 2 -0.25 1 1 3 1.5 1 1 4 -1.0 1 1 5 0.75 1 2 1 -1.25 1 2 2 0.5 1 2 3 -2.0 1 2 4 -0.25 1 2 5 1.5 1 3 1 -0.5 1 3 2 1.25 1 3 3 -1.25 1 3 4 0.5 1 3 5 -2.0 1 4 1 0.25 1 4 2 2.0 1 4 3 -0.5 1 4 4 1.25 1 4 5 -1.25 1 5 1 1.0 1 5 2 -1.5 1 5 3 0.25 1 5 4 2.0 1 5 5 -0.5 1 0.0 1 1.0 1 2.0 1 3.0 1 4.0 1 5.0 1 6.0 1 7.0 1 0.0 4 1.0 1 4.0 4 D B 3 3
unclamped_clamped_p2_3_q3_4_r0 2 3 5 5 8 3 0 0 1 1 1 -2.0 1 1 2 -0.25 1 1 3 1.5 1 1 4 -1.0 1 1 5 0.75 1 2 1 -1.25 1 2 2 0.5 1 2 3 -2.0 1 2 4 -0.25 1 2 5 1.5 1 3 1 -0.5 1 3 2 1.25 1 3 3 -1.25 1 3 4 0.5 1 3 5 -2.0 1 4 1 0.25 1 4 2 2.0 1 4 3 -0.5 1 4 4 1.25 1 4 5 -1.25 1 5 1 1.0 1 5 2 -1.5 1 5 3 0.25 1 5 4 2.0 1 5 5 -0.5 1 0.0 1 1.0 1 2.0 1 3.0 1 4.0 1 5.0 1 6.0 1 7.0 1 0.0 4 1.0 1 4.0 4 D B 3 4
unclamped_clamped_p2_3_q25_25_r0 2 3 5 5 8 3 0 0 1 1 1 -2.0 1 1 2 -0.25 1 1 3 1.5 1 1 4 -1.0 1 1 5 0.75 1 2 1 -1.25 1 2 2 0.5 1 2 3 -2.0 1 2 4 -0.25 1 2 5 1.5 1 3 1 -0.5 1 3 2 1.25 1 3 3 -1.25 1 3 4 0.5 1 3 5 -2.0 1 4 1 0.25 1 4 2 2.0 1 4 3 -0.5 1 4 4 1.25 1 4 5 -1.25 1 5 1 1.0 1 5 2 -1.5 1 5 3 0.25 1 5 4 2.0 1 5 5 -0.5 1 0.0 1 1.0 1 2.0 1 3.0 1 4.0 1 5.0 1 6.0 1 7.0 1 0.0 4 1.0 1 4.0 4 D B 25 25
unclamped_clamped_p2_3_q2_3_r1 2 3 5 5 8 3 0 0 1 1 1 -2.0 1 1 2 -0.25 3 1 3 1.5 5 1 4 -1.0 2 1 5 0.75 4 2 1 -1.25 2 2 2 0.5 4 2 3 -2.0 1 2 4 -0.25 3 2 5 1.5 5 3 1 -0.5 3 3 2 1.25 5 3 3 -1.25 2 3 4 0.5 4 3 5 -2.0 1 4 1 0.25 4 4 2 2.0 1 4 3 -0.5 3 4 4 1.25 5 4 5 -1.25 2 5 1 1.0 5 5 2 -1.5 2 5 3 0.25 4 5 4 2.0 1 5 5 -0.5 3 0.0 1 1.0 1 2.0 1 3.0 1 4.0 1 5.0 1 6.0 1 7.0 1 0.0 4 1.0 1 4.0 4 D B 2 3
unclamped_clamped_p2_3_q2_4_r1 2 3 5 5 8 3 0 0 1 1 1 -2.0 1 1 2 -0.25 3 1 3 1.5 5 1 4 -1.0 2 1 5 0.75 4 2 1 -1.25 2 2 2 0.5 4 2 3 -2.0 1 2 4 -0.25 3 2 5 1.5 5 3 1 -0.5 3 3 2 1.25 5 3 3 -1.25 2 3 4 0.5 4 3 5 -2.0 1 4 1 0.25 4 4 2 2.0 1 4 3 -0.5 3 4 4 1.25 5 4 5 -1.25 2 5 1 1.0 5 5 2 -1.5 2 5 3 0.25 4 5 4 2.0 1 5 5 -0.5 3 0.0 1 1.0 1 2.0 1 3.0 1 4.0 1 5.0 1 6.0 1 7.0 1 0.0 4 1.0 1 4.0 4 D B 2 4
unclamped_clamped_p2_3_q3_3_r1 2 3 5 5 8 3 0 0 1 1 1 -2.0 1 1 2 -0.25 3 1 3 1.5 5 1 4 -1.0 2 1 5 0.75 4 2 1 -1.25 2 2 2 0.5 4 2 3 -2.0 1 2 4 -0.25 3 2 5 1.5 5 3 1 -0.5 3 3 2 1.25 5 3 3 -1.25 2 3 4 0.5 4 3 5 -2.0 1 4 1 0.25 4 4 2 2.0 1 4 3 -0.5 3 4 4 1.25 5 4 5 -1.25 2 5 1 1.0 5 5 2 -1.5 2 5 3 0.25 4 5 4 2.0 1 5 5 -0.5 3 0.0 1 1.0 1 2.0 1 3.0 1 4.0 1 5.0 1 6.0 1 7.0 1 0.0 4 1.0 1 4.0 4 D B 3 3
unclamped_clamped_p2_3_q3_4_r1 2 3 5 5 8 3 0 0 1 1 1 -2.0 1 1 2 -0.25 3 1 3 1.5 5 1 4 -1.0 2 1 5 0.75 4 2 1 -1.25 2 2 2 0.5 4 2 3 -2.0 1 2 4 -0.25 3 2 5 1.5 5 3 1 -0.5 3 3 2 1.25 5 3 3 -1.25 2 3 4 0.5 4 3 5 -2.0 1 4 1 0.25 4 4 2 2.0 1 4 3 -0.5 3 4 4 1.25 5 4 5 -1.25 2 5 1 1.0 5 5 2 -1.5 2 5 3 0.25 4 5 4 2.0 1 5 5 -0.5 3 0.0 1 1.0 1 2.0 1 3.0 1 4.0 1 5.0 1 6.0 1 7.0 1 0.0 4 1.0 1 4.0 4 D B 3 4
unclamped_clamped_p2_3_q25_25_r1 2 3 5 5 8 3 0 0 1 1 1 -2.0 1 1 2 -0.25 3 1 3 1.5 5 1 4 -1.0 2 1 5 0.75 4 2 1 -1.25 2 2 2 0.5 4 2 3 -2.0 1 2 4 -0.25 3 2 5 1.5 5 3 1 -0.5 3 3 2 1.25 5 3 3 -1.25 2 3 4 0.5 4 3 5 -2.0 1 4 1 0.25 4 4 2 2.0 1 4 3 -0.5 3 4 4 1.25 5 4 5 -1.25 2 5 1 1.0 5 5 2 -1.5 2 5 3 0.25 4 5 4 2.0 1 5 5 -0.5 3 0.0 1 1.0 1 2.0 1 3.0 1 4.0 1 5.0 1 6.0 1 7.0 1 0.0 4 1.0 1 4.0 4 D B 25 25
periodic_unclamped_p2_3_q2_3_r0 2 3 3 6 3 10 1 0 1 1 1 -2.0 1 1 2 -0.25 1 1 3 1.5 1 1 4 -1.0 1 1 5 0.75 1 1 6 -1.75 1 2 1 -1.25 1 2 2 0.5 1 2 3 -2.0 1 2 4 -0.25 1 2 5 1.5 1 2 6 -1.0 1 3 1 -0.5 1 3 2 1.25 1 3 3 -1.25 1 3 4 0.5 1 3 5 -2.0 1 3 6 -0.25 1 0.0 1 1.0 2 3.0 1 0.0 1 1.0 1 2.0 1 3.0 1 4.0 1 5.0 1 6.0 1 7.0 1 8.0 1 9.0 1 D B 2 3
periodic_unclamped_p2_3_q2_4_r0 2 3 3 6 3 10 1 0 1 1 1 -2.0 1 1 2 -0.25 1 1 3 1.5 1 1 4 -1.0 1 1 5 0.75 1 1 6 -1.75 1 2 1 -1.25 1 2 2 0.5 1 2 3 -2.0 1 2 4 -0.25 1 2 5 1.5 1 2 6 -1.0 1 3 1 -0.5 1 3 2 1.25 1 3 3 -1.25 1 3 4 0.5 1 3 5 -2.0 1 3 6 -0.25 1 0.0 1 1.0 2 3.0 1 0.0 1 1.0 1 2.0 1 3.0 1 4.0 1 5.0 1 6.0 1 7.0 1 8.0 1 9.0 1 D B 2 4
periodic_unclamped_p2_3_q3_3_r0 2 3 3 6 3 10 1 0 1 1 1 -2.0 1 1 2 -0.25 1 1 3 1.5 1 1 4 -1.0 1 1 5 0.75 1 1 6 -1.75 1 2 1 -1.25 1 2 2 0.5 1 2 3 -2.0 1 2 4 -0.25 1 2 5 1.5 1 2 6 -1.0 1 3 1 -0.5 1 3 2 1.25 1 3 3 -1.25 1 3 4 0.5 1 3 5 -2.0 1 3 6 -0.25 1 0.0 1 1.0 2 3.0 1 0.0 1 1.0 1 2.0 1 3.0 1 4.0 1 5.0 1 6.0 1 7.0 1 8.0 1 9.0 1 D B 3 3
periodic_unclamped_p2_3_q3_4_r0 2 3 3 6 3 10 1 0 1 1 1 -2.0 1 1 2 -0.25 1 1 3 1.5 1 1 4 -1.0 1 1 5 0.75 1 1 6 -1.75 1 2 1 -1.25 1 2 2 0.5 1 2 3 -2.0 1 2 4 -0.25 1 2 5 1.5 1 2 6 -1.0 1 3 1 -0.5 1 3 2 1.25 1 3 3 -1.25 1 3 4 0.5 1 3 5 -2.0 1 3 6 -0.25 1 0.0 1 1.0 2 3.0 1 0.0 1 1.0 1 2.0 1 3.0 1 4.0 1 5.0 1 6.0 1 7.0 1 8.0 1 9.0 1 D B 3 4
periodic_unclamped_p2_3_q25_25_r0 2 3 3 6 3 10 1 0 1 1 1 -2.0 1 1 2 -0.25 1 1 3 1.5 1 1 4 -1.0 1 1 5 0.75 1 1 6 -1.75 1 2 1 -1.25 1 2 2 0.5 1 2 3 -2.0 1 2 4 -0.25 1 2 5 1.5 1 2 6 -1.0 1 3 1 -0.5 1 3 2 1.25 1 3 3 -1.25 1 3 4 0.5 1 3 5 -2.0 1 3 6 -0.25 1 0.0 1 1.0 2 3.0 1 0.0 1 1.0 1 2.0 1 3.0 1 4.0 1 5.0 1 6.0 1 7.0 1 8.0 1 9.0 1 D B 25 25
periodic_unclamped_p2_3_q2_3_r1 2 3 3 6 3 10 1 0 1 1 1 -2.0 1 1 2 -0.25 3 1 3 1.5 5 1 4 -1.0 2 1 5 0.75 4 1 6 -1.75 1 2 1 -1.25 2 2 2 0.5 4 2 3 -2.0 1 2 4 -0.25 3 2 5 1.5 5 2 6 -1.0 2 3 1 -0.5 3 3 2 1.25 5 3 3 -1.25 2 3 4 0.5 4 3 5 -2.0 1 3 6 -0.25 3 0.0 1 1.0 2 3.0 1 0.0 1 1.0 1 2.0 1 3.0 1 4.0 1 5.0 1 6.0 1 7.0 1 8.0 1 9.0 1 D B 2 3
periodic_unclamped_p2_3_q2_4_r1 2 3 3 6 3 10 1 0 1 1 1 -2.0 1 1 2 -0.25 3 1 3 1.5 5 1 4 -1.0 2 1 5 0.75 4 1 6 -1.75 1 2 1 -1.25 2 2 2 0.5 4 2 3 -2.0 1 2 4 -0.25 3 2 5 1.5 5 2 6 -1.0 2 3 1 -0.5 3 3 2 1.25 5 3 3 -1.25 2 3 4 0.5 4 3 5 -2.0 1 3 6 -0.25 3 0.0 1 1.0 2 3.0 1 0.0 1 1.0 1 2.0 1 3.0 1 4.0 1 5.0 1 6.0 1 7.0 1 8.0 1 9.0 1 D B 2 4
periodic_unclamped_p2_3_q3_3_r1 2 3 3 6 3 10 1 0 1 1 1 -2.0 1 1 2 -0.25 3 1 3 1.5 5 1 4 -1.0 2 1 5 0.75 4 1 6 -1.75 1 2 1 -1.25 2 2 2 0.5 4 2 3 -2.0 1 2 4 -0.25 3 2 5 1.5 5 2 6 -1.0 2 3 1 -0.5 3 3 2 1.25 5 3 3 -1.25 2 3 4 0.5 4 3 5 -2.0 1 3 6 -0.25 3 0.0 1 1.0 2 3.0 1 0.0 1 1.0 1 2.0 1 3.0 1 4.0 1 5.0 1 6.0 1 7.0 1 8.0 1 9.0 1 D B 3 3
periodic_unclamped_p2_3_q3_4_r1 2 3 3 6 3 10 1 0 1 1 1 -2.0 1 1 2 -0.25 3 1 3 1.5 5 1 4 -1.0 2 1 5 0.75 4 1 6 -1.75 1 2 1 -1.25 2 2 2 0.5 4 2 3 -2.0 1 2 4 -0.25 3 2 5 1.5 5 2 6 -1.0 2 3 1 -0.5 3 3 2 1.25 5 3 3 -1.25 2 3 4 0.5 4 3 5 -2.0 1 3 6 -0.25 3 0.0 1 1.0 2 3.0 1 0.0 1 1.0 1 2.0 1 3.0 1 4.0 1 5.0 1 6.0 1 7.0 1 8.0 1 9.0 1 D B 3 4
periodic_unclamped_p2_3_q25_25_r1 2 3 3 6 3 10 1 0 1 1 1 -2.0 1 1 2 -0.25 3 1 3 1.5 5 1 4 -1.0 2 1 5 0.75 4 1 6 -1.75 1 2 1 -1.25 2 2 2 0.5 4 2 3 -2.0 1 2 4 -0.25 3 2 5 1.5 5 2 6 -1.0 2 3 1 -0.5 3 3 2 1.25 5 3 3 -1.25 2 3 4 0.5 4 3 5 -2.0 1 3 6 -0.25 3 0.0 1 1.0 2 3.0 1 0.0 1 1.0 1 2.0 1 3.0 1 4.0 1 5.0 1 6.0 1 7.0 1 8.0 1 9.0 1 D B 25 25
uniform_periodic_periodic_p2_3_q2_3_r0 2 3 5 4 6 3 1 1 1 1 1 -2.0 1 1 2 -0.25 1 1 3 1.5 1 1 4 -1.0 1 2 1 -1.25 1 2 2 0.5 1 2 3 -2.0 1 2 4 -0.25 1 3 1 -0.5 1 3 2 1.25 1 3 3 -1.25 1 3 4 0.5 1 4 1 0.25 1 4 2 2.0 1 4 3 -0.5 1 4 4 1.25 1 5 1 1.0 1 5 2 -1.5 1 5 3 0.25 1 5 4 2.0 1 0.0 1 1.0 1 2.0 1 3.0 1 4.0 1 5.0 1 0.0 1 1.0 3 3.0 1 D B 2 3
uniform_periodic_periodic_p2_3_q2_4_r0 2 3 5 4 6 3 1 1 1 1 1 -2.0 1 1 2 -0.25 1 1 3 1.5 1 1 4 -1.0 1 2 1 -1.25 1 2 2 0.5 1 2 3 -2.0 1 2 4 -0.25 1 3 1 -0.5 1 3 2 1.25 1 3 3 -1.25 1 3 4 0.5 1 4 1 0.25 1 4 2 2.0 1 4 3 -0.5 1 4 4 1.25 1 5 1 1.0 1 5 2 -1.5 1 5 3 0.25 1 5 4 2.0 1 0.0 1 1.0 1 2.0 1 3.0 1 4.0 1 5.0 1 0.0 1 1.0 3 3.0 1 D B 2 4
uniform_periodic_periodic_p2_3_q3_3_r0 2 3 5 4 6 3 1 1 1 1 1 -2.0 1 1 2 -0.25 1 1 3 1.5 1 1 4 -1.0 1 2 1 -1.25 1 2 2 0.5 1 2 3 -2.0 1 2 4 -0.25 1 3 1 -0.5 1 3 2 1.25 1 3 3 -1.25 1 3 4 0.5 1 4 1 0.25 1 4 2 2.0 1 4 3 -0.5 1 4 4 1.25 1 5 1 1.0 1 5 2 -1.5 1 5 3 0.25 1 5 4 2.0 1 0.0 1 1.0 1 2.0 1 3.0 1 4.0 1 5.0 1 0.0 1 1.0 3 3.0 1 D B 3 3
uniform_periodic_periodic_p2_3_q3_4_r0 2 3 5 4 6 3 1 1 1 1 1 -2.0 1 1 2 -0.25 1 1 3 1.5 1 1 4 -1.0 1 2 1 -1.25 1 2 2 0.5 1 2 3 -2.0 1 2 4 -0.25 1 3 1 -0.5 1 3 2 1.25 1 3 3 -1.25 1 3 4 0.5 1 4 1 0.25 1 4 2 2.0 1 4 3 -0.5 1 4 4 1.25 1 5 1 1.0 1 5 2 -1.5 1 5 3 0.25 1 5 4 2.0 1 0.0 1 1.0 1 2.0 1 3.0 1 4.0 1 5.0 1 0.0 1 1.0 3 3.0 1 D B 3 4
uniform_periodic_periodic_p2_3_q2_3_r1 2 3 5 4 6 3 1 1 1 1 1 -2.0 1 1 2 -0.25 3 1 3 1.5 5 1 4 -1.0 2 2 1 -1.25 2 2 2 0.5 4 2 3 -2.0 1 2 4 -0.25 3 3 1 -0.5 3 3 2 1.25 5 3 3 -1.25 2 3 4 0.5 4 4 1 0.25 4 4 2 2.0 1 4 3 -0.5 3 4 4 1.25 5 5 1 1.0 5 5 2 -1.5 2 5 3 0.25 4 5 4 2.0 1 0.0 1 1.0 1 2.0 1 3.0 1 4.0 1 5.0 1 0.0 1 1.0 3 3.0 1 D B 2 3
uniform_periodic_periodic_p2_3_q2_4_r1 2 3 5 4 6 3 1 1 1 1 1 -2.0 1 1 2 -0.25 3 1 3 1.5 5 1 4 -1.0 2 2 1 -1.25 2 2 2 0.5 4 2 3 -2.0 1 2 4 -0.25 3 3 1 -0.5 3 3 2 1.25 5 3 3 -1.25 2 3 4 0.5 4 4 1 0.25 4 4 2 2.0 1 4 3 -0.5 3 4 4 1.25 5 5 1 1.0 5 5 2 -1.5 2 5 3 0.25 4 5 4 2.0 1 0.0 1 1.0 1 2.0 1 3.0 1 4.0 1 5.0 1 0.0 1 1.0 3 3.0 1 D B 2 4
uniform_periodic_periodic_p2_3_q3_3_r1 2 3 5 4 6 3 1 1 1 1 1 -2.0 1 1 2 -0.25 3 1 3 1.5 5 1 4 -1.0 2 2 1 -1.25 2 2 2 0.5 4 2 3 -2.0 1 2 4 -0.25 3 3 1 -0.5 3 3 2 1.25 5 3 3 -1.25 2 3 4 0.5 4 4 1 0.25 4 4 2 2.0 1 4 3 -0.5 3 4 4 1.25 5 5 1 1.0 5 5 2 -1.5 2 5 3 0.25 4 5 4 2.0 1 0.0 1 1.0 1 2.0 1 3.0 1 4.0 1 5.0 1 0.0 1 1.0 3 3.0 1 D B 3 3
uniform_periodic_periodic_p2_3_q3_4_r1 2 3 5 4 6 3 1 1 1 1 1 -2.0 1 1 2 -0.25 3 1 3 1.5 5 1 4 -1.0 2 2 1 -1.25 2 2 2 0.5 4 2 3 -2.0 1 2 4 -0.25 3 3 1 -0.5 3 3 2 1.25 5 3 3 -1.25 2 3 4 0.5 4 4 1 0.25 4 4 2 2.0 1 4 3 -0.5 3 4 4 1.25 5 5 1 1.0 5 5 2 -1.5 2 5 3 0.25 4 5 4 2.0 1 0.0 1 1.0 1 2.0 1 3.0 1 4.0 1 5.0 1 0.0 1 1.0 3 3.0 1 D B 3 4
inactive_inactive_p2_3_q2_3_r0 2 3 9 13 7 7 0 0 1 1 1 -2.0 1 1 2 -0.25 1 1 3 1.5 1 1 4 -1.0 1 1 5 0.75 1 1 6 -1.75 1 1 7 0.0 1 1 8 1.75 1 1 9 -0.75 1 1 10 1.0 1 1 11 -1.5 1 1 12 0.25 1 1 13 2.0 1 2 1 -1.25 1 2 2 0.5 1 2 3 -2.0 1 2 4 -0.25 1 2 5 1.5 1 2 6 -1.0 1 2 7 0.75 1 2 8 -1.75 1 2 9 0.0 1 2 10 1.75 1 2 11 -0.75 1 2 12 1.0 1 2 13 -1.5 1 3 1 -0.5 1 3 2 1.25 1 3 3 -1.25 1 3 4 0.5 1 3 5 -2.0 1 3 6 -0.25 1 3 7 1.5 1 3 8 -1.0 1 3 9 0.75 1 3 10 -1.75 1 3 11 0.0 1 3 12 1.75 1 3 13 -0.75 1 4 1 0.25 1 4 2 2.0 1 4 3 -0.5 1 4 4 1.25 1 4 5 -1.25 1 4 6 0.5 1 4 7 -2.0 1 4 8 -0.25 1 4 9 1.5 1 4 10 -1.0 1 4 11 0.75 1 4 12 -1.75 1 4 13 0.0 1 5 1 1.0 1 5 2 -1.5 1 5 3 0.25 1 5 4 2.0 1 5 5 -0.5 1 5 6 1.25 1 5 7 -1.25 1 5 8 0.5 1 5 9 -2.0 1 5 10 -0.25 1 5 11 1.5 1 5 12 -1.0 1 5 13 0.75 1 6 1 1.75 1 6 2 -0.75 1 6 3 1.0 1 6 4 -1.5 1 6 5 0.25 1 6 6 2.0 1 6 7 -0.5 1 6 8 1.25 1 6 9 -1.25 1 6 10 0.5 1 6 11 -2.0 1 6 12 -0.25 1 6 13 1.5 1 7 1 -1.75 1 7 2 0.0 1 7 3 1.75 1 7 4 -0.75 1 7 5 1.0 1 7 6 -1.5 1 7 7 0.25 1 7 8 2.0 1 7 9 -0.5 1 7 10 1.25 1 7 11 -1.25 1 7 12 0.5 1 7 13 -2.0 1 8 1 -1.0 1 8 2 0.75 1 8 3 -1.75 1 8 4 0.0 1 8 5 1.75 1 8 6 -0.75 1 8 7 1.0 1 8 8 -1.5 1 8 9 0.25 1 8 10 2.0 1 8 11 -0.5 1 8 12 1.25 1 8 13 -1.25 1 9 1 -0.25 1 9 2 1.5 1 9 3 -1.0 1 9 4 0.75 1 9 5 -1.75 1 9 6 0.0 1 9 7 1.75 1 9 8 -0.75 1 9 9 1.0 1 9 10 -1.5 1 9 11 0.25 1 9 12 2.0 1 9 13 -0.5 1 -2.0 2 -1.0 2 0.0 1 1.0 2 2.0 1 3.0 2 4.0 2 -2.0 3 -1.0 3 0.0 1 1.0 3 2.0 1 3.0 3 4.0 3 D B 2 3
inactive_inactive_p2_3_q2_4_r0 2 3 9 13 7 7 0 0 1 1 1 -2.0 1 1 2 -0.25 1 1 3 1.5 1 1 4 -1.0 1 1 5 0.75 1 1 6 -1.75 1 1 7 0.0 1 1 8 1.75 1 1 9 -0.75 1 1 10 1.0 1 1 11 -1.5 1 1 12 0.25 1 1 13 2.0 1 2 1 -1.25 1 2 2 0.5 1 2 3 -2.0 1 2 4 -0.25 1 2 5 1.5 1 2 6 -1.0 1 2 7 0.75 1 2 8 -1.75 1 2 9 0.0 1 2 10 1.75 1 2 11 -0.75 1 2 12 1.0 1 2 13 -1.5 1 3 1 -0.5 1 3 2 1.25 1 3 3 -1.25 1 3 4 0.5 1 3 5 -2.0 1 3 6 -0.25 1 3 7 1.5 1 3 8 -1.0 1 3 9 0.75 1 3 10 -1.75 1 3 11 0.0 1 3 12 1.75 1 3 13 -0.75 1 4 1 0.25 1 4 2 2.0 1 4 3 -0.5 1 4 4 1.25 1 4 5 -1.25 1 4 6 0.5 1 4 7 -2.0 1 4 8 -0.25 1 4 9 1.5 1 4 10 -1.0 1 4 11 0.75 1 4 12 -1.75 1 4 13 0.0 1 5 1 1.0 1 5 2 -1.5 1 5 3 0.25 1 5 4 2.0 1 5 5 -0.5 1 5 6 1.25 1 5 7 -1.25 1 5 8 0.5 1 5 9 -2.0 1 5 10 -0.25 1 5 11 1.5 1 5 12 -1.0 1 5 13 0.75 1 6 1 1.75 1 6 2 -0.75 1 6 3 1.0 1 6 4 -1.5 1 6 5 0.25 1 6 6 2.0 1 6 7 -0.5 1 6 8 1.25 1 6 9 -1.25 1 6 10 0.5 1 6 11 -2.0 1 6 12 -0.25 1 6 13 1.5 1 7 1 -1.75 1 7 2 0.0 1 7 3 1.75 1 7 4 -0.75 1 7 5 1.0 1 7 6 -1.5 1 7 7 0.25 1 7 8 2.0 1 7 9 -0.5 1 7 10 1.25 1 7 11 -1.25 1 7 12 0.5 1 7 13 -2.0 1 8 1 -1.0 1 8 2 0.75 1 8 3 -1.75 1 8 4 0.0 1 8 5 1.75 1 8 6 -0.75 1 8 7 1.0 1 8 8 -1.5 1 8 9 0.25 1 8 10 2.0 1 8 11 -0.5 1 8 12 1.25 1 8 13 -1.25 1 9 1 -0.25 1 9 2 1.5 1 9 3 -1.0 1 9 4 0.75 1 9 5 -1.75 1 9 6 0.0 1 9 7 1.75 1 9 8 -0.75 1 9 9 1.0 1 9 10 -1.5 1 9 11 0.25 1 9 12 2.0 1 9 13 -0.5 1 -2.0 2 -1.0 2 0.0 1 1.0 2 2.0 1 3.0 2 4.0 2 -2.0 3 -1.0 3 0.0 1 1.0 3 2.0 1 3.0 3 4.0 3 D B 2 4
inactive_inactive_p2_3_q3_3_r0 2 3 9 13 7 7 0 0 1 1 1 -2.0 1 1 2 -0.25 1 1 3 1.5 1 1 4 -1.0 1 1 5 0.75 1 1 6 -1.75 1 1 7 0.0 1 1 8 1.75 1 1 9 -0.75 1 1 10 1.0 1 1 11 -1.5 1 1 12 0.25 1 1 13 2.0 1 2 1 -1.25 1 2 2 0.5 1 2 3 -2.0 1 2 4 -0.25 1 2 5 1.5 1 2 6 -1.0 1 2 7 0.75 1 2 8 -1.75 1 2 9 0.0 1 2 10 1.75 1 2 11 -0.75 1 2 12 1.0 1 2 13 -1.5 1 3 1 -0.5 1 3 2 1.25 1 3 3 -1.25 1 3 4 0.5 1 3 5 -2.0 1 3 6 -0.25 1 3 7 1.5 1 3 8 -1.0 1 3 9 0.75 1 3 10 -1.75 1 3 11 0.0 1 3 12 1.75 1 3 13 -0.75 1 4 1 0.25 1 4 2 2.0 1 4 3 -0.5 1 4 4 1.25 1 4 5 -1.25 1 4 6 0.5 1 4 7 -2.0 1 4 8 -0.25 1 4 9 1.5 1 4 10 -1.0 1 4 11 0.75 1 4 12 -1.75 1 4 13 0.0 1 5 1 1.0 1 5 2 -1.5 1 5 3 0.25 1 5 4 2.0 1 5 5 -0.5 1 5 6 1.25 1 5 7 -1.25 1 5 8 0.5 1 5 9 -2.0 1 5 10 -0.25 1 5 11 1.5 1 5 12 -1.0 1 5 13 0.75 1 6 1 1.75 1 6 2 -0.75 1 6 3 1.0 1 6 4 -1.5 1 6 5 0.25 1 6 6 2.0 1 6 7 -0.5 1 6 8 1.25 1 6 9 -1.25 1 6 10 0.5 1 6 11 -2.0 1 6 12 -0.25 1 6 13 1.5 1 7 1 -1.75 1 7 2 0.0 1 7 3 1.75 1 7 4 -0.75 1 7 5 1.0 1 7 6 -1.5 1 7 7 0.25 1 7 8 2.0 1 7 9 -0.5 1 7 10 1.25 1 7 11 -1.25 1 7 12 0.5 1 7 13 -2.0 1 8 1 -1.0 1 8 2 0.75 1 8 3 -1.75 1 8 4 0.0 1 8 5 1.75 1 8 6 -0.75 1 8 7 1.0 1 8 8 -1.5 1 8 9 0.25 1 8 10 2.0 1 8 11 -0.5 1 8 12 1.25 1 8 13 -1.25 1 9 1 -0.25 1 9 2 1.5 1 9 3 -1.0 1 9 4 0.75 1 9 5 -1.75 1 9 6 0.0 1 9 7 1.75 1 9 8 -0.75 1 9 9 1.0 1 9 10 -1.5 1 9 11 0.25 1 9 12 2.0 1 9 13 -0.5 1 -2.0 2 -1.0 2 0.0 1 1.0 2 2.0 1 3.0 2 4.0 2 -2.0 3 -1.0 3 0.0 1 1.0 3 2.0 1 3.0 3 4.0 3 D B 3 3
inactive_inactive_p2_3_q3_4_r0 2 3 9 13 7 7 0 0 1 1 1 -2.0 1 1 2 -0.25 1 1 3 1.5 1 1 4 -1.0 1 1 5 0.75 1 1 6 -1.75 1 1 7 0.0 1 1 8 1.75 1 1 9 -0.75 1 1 10 1.0 1 1 11 -1.5 1 1 12 0.25 1 1 13 2.0 1 2 1 -1.25 1 2 2 0.5 1 2 3 -2.0 1 2 4 -0.25 1 2 5 1.5 1 2 6 -1.0 1 2 7 0.75 1 2 8 -1.75 1 2 9 0.0 1 2 10 1.75 1 2 11 -0.75 1 2 12 1.0 1 2 13 -1.5 1 3 1 -0.5 1 3 2 1.25 1 3 3 -1.25 1 3 4 0.5 1 3 5 -2.0 1 3 6 -0.25 1 3 7 1.5 1 3 8 -1.0 1 3 9 0.75 1 3 10 -1.75 1 3 11 0.0 1 3 12 1.75 1 3 13 -0.75 1 4 1 0.25 1 4 2 2.0 1 4 3 -0.5 1 4 4 1.25 1 4 5 -1.25 1 4 6 0.5 1 4 7 -2.0 1 4 8 -0.25 1 4 9 1.5 1 4 10 -1.0 1 4 11 0.75 1 4 12 -1.75 1 4 13 0.0 1 5 1 1.0 1 5 2 -1.5 1 5 3 0.25 1 5 4 2.0 1 5 5 -0.5 1 5 6 1.25 1 5 7 -1.25 1 5 8 0.5 1 5 9 -2.0 1 5 10 -0.25 1 5 11 1.5 1 5 12 -1.0 1 5 13 0.75 1 6 1 1.75 1 6 2 -0.75 1 6 3 1.0 1 6 4 -1.5 1 6 5 0.25 1 6 6 2.0 1 6 7 -0.5 1 6 8 1.25 1 6 9 -1.25 1 6 10 0.5 1 6 11 -2.0 1 6 12 -0.25 1 6 13 1.5 1 7 1 -1.75 1 7 2 0.0 1 7 3 1.75 1 7 4 -0.75 1 7 5 1.0 1 7 6 -1.5 1 7 7 0.25 1 7 8 2.0 1 7 9 -0.5 1 7 10 1.25 1 7 11 -1.25 1 7 12 0.5 1 7 13 -2.0 1 8 1 -1.0 1 8 2 0.75 1 8 3 -1.75 1 8 4 0.0 1 8 5 1.75 1 8 6 -0.75 1 8 7 1.0 1 8 8 -1.5 1 8 9 0.25 1 8 10 2.0 1 8 11 -0.5 1 8 12 1.25 1 8 13 -1.25 1 9 1 -0.25 1 9 2 1.5 1 9 3 -1.0 1 9 4 0.75 1 9 5 -1.75 1 9 6 0.0 1 9 7 1.75 1 9 8 -0.75 1 9 9 1.0 1 9 10 -1.5 1 9 11 0.25 1 9 12 2.0 1 9 13 -0.5 1 -2.0 2 -1.0 2 0.0 1 1.0 2 2.0 1 3.0 2 4.0 2 -2.0 3 -1.0 3 0.0 1 1.0 3 2.0 1 3.0 3 4.0 3 D B 3 4
inactive_inactive_p2_3_q2_3_r1 2 3 9 13 7 7 0 0 1 1 1 -2.0 1 1 2 -0.25 3 1 3 1.5 5 1 4 -1.0 2 1 5 0.75 4 1 6 -1.75 1 1 7 0.0 3 1 8 1.75 5 1 9 -0.75 2 1 10 1.0 4 1 11 -1.5 1 1 12 0.25 3 1 13 2.0 5 2 1 -1.25 2 2 2 0.5 4 2 3 -2.0 1 2 4 -0.25 3 2 5 1.5 5 2 6 -1.0 2 2 7 0.75 4 2 8 -1.75 1 2 9 0.0 3 2 10 1.75 5 2 11 -0.75 2 2 12 1.0 4 2 13 -1.5 1 3 1 -0.5 3 3 2 1.25 5 3 3 -1.25 2 3 4 0.5 4 3 5 -2.0 1 3 6 -0.25 3 3 7 1.5 5 3 8 -1.0 2 3 9 0.75 4 3 10 -1.75 1 3 11 0.0 3 3 12 1.75 5 3 13 -0.75 2 4 1 0.25 4 4 2 2.0 1 4 3 -0.5 3 4 4 1.25 5 4 5 -1.25 2 4 6 0.5 4 4 7 -2.0 1 4 8 -0.25 3 4 9 1.5 5 4 10 -1.0 2 4 11 0.75 4 4 12 -1.75 1 4 13 0.0 3 5 1 1.0 5 5 2 -1.5 2 5 3 0.25 4 5 4 2.0 1 5 5 -0.5 3 5 6 1.25 5 5 7 -1.25 2 5 8 0.5 4 5 9 -2.0 1 5 10 -0.25 3 5 11 1.5 5 5 12 -1.0 2 5 13 0.75 4 6 1 1.75 1 6 2 -0.75 3 6 3 1.0 5 6 4 -1.5 2 6 5 0.25 4 6 6 2.0 1 6 7 -0.5 3 6 8 1.25 5 6 9 -1.25 2 6 10 0.5 4 6 11 -2.0 1 6 12 -0.25 3 6 13 1.5 5 7 1 -1.75 2 7 2 0.0 4 7 3 1.75 1 7 4 -0.75 3 7 5 1.0 5 7 6 -1.5 2 7 7 0.25 4 7 8 2.0 1 7 9 -0.5 3 7 10 1.25 5 7 11 -1.25 2 7 12 0.5 4 7 13 -2.0 1 8 1 -1.0 3 8 2 0.75 5 8 3 -1.75 2 8 4 0.0 4 8 5 1.75 1 8 6 -0.75 3 8 7 1.0 5 8 8 -1.5 2 8 9 0.25 4 8 10 2.0 1 8 11 -0.5 3 8 12 1.25 5 8 13 -1.25 2 9 1 -0.25 4 9 2 1.5 1 9 3 -1.0 3 9 4 0.75 5 9 5 -1.75 2 9 6 0.0 4 9 7 1.75 1 9 8 -0.75 3 9 9 1.0 5 9 10 -1.5 2 9 11 0.25 4 9 12 2.0 1 9 13 -0.5 3 -2.0 2 -1.0 2 0.0 1 1.0 2 2.0 1 3.0 2 4.0 2 -2.0 3 -1.0 3 0.0 1 1.0 3 2.0 1 3.0 3 4.0 3 D B 2 3
inactive_inactive_p2_3_q2_4_r1 2 3 9 13 7 7 0 0 1 1 1 -2.0 1 1 2 -0.25 3 1 3 1.5 5 1 4 -1.0 2 1 5 0.75 4 1 6 -1.75 1 1 7 0.0 3 1 8 1.75 5 1 9 -0.75 2 1 10 1.0 4 1 11 -1.5 1 1 12 0.25 3 1 13 2.0 5 2 1 -1.25 2 2 2 0.5 4 2 3 -2.0 1 2 4 -0.25 3 2 5 1.5 5 2 6 -1.0 2 2 7 0.75 4 2 8 -1.75 1 2 9 0.0 3 2 10 1.75 5 2 11 -0.75 2 2 12 1.0 4 2 13 -1.5 1 3 1 -0.5 3 3 2 1.25 5 3 3 -1.25 2 3 4 0.5 4 3 5 -2.0 1 3 6 -0.25 3 3 7 1.5 5 3 8 -1.0 2 3 9 0.75 4 3 10 -1.75 1 3 11 0.0 3 3 12 1.75 5 3 13 -0.75 2 4 1 0.25 4 4 2 2.0 1 4 3 -0.5 3 4 4 1.25 5 4 5 -1.25 2 4 6 0.5 4 4 7 -2.0 1 4 8 -0.25 3 4 9 1.5 5 4 10 -1.0 2 4 11 0.75 4 4 12 -1.75 1 4 13 0.0 3 5 1 1.0 5 5 2 -1.5 2 5 3 0.25 4 5 4 2.0 1 5 5 -0.5 3 5 6 1.25 5 5 7 -1.25 2 5 8 0.5 4 5 9 -2.0 1 5 10 -0.25 3 5 11 1.5 5 5 12 -1.0 2 5 13 0.75 4 6 1 1.75 1 6 2 -0.75 3 6 3 1.0 5 6 4 -1.5 2 6 5 0.25 4 6 6 2.0 1 6 7 -0.5 3 6 8 1.25 5 6 9 -1.25 2 6 10 0.5 4 6 11 -2.0 1 6 12 -0.25 3 6 13 1.5 5 7 1 -1.75 2 7 2 0.0 4 7 3 1.75 1 7 4 -0.75 3 7 5 1.0 5 7 6 -1.5 2 7 7 0.25 4 7 8 2.0 1 7 9 -0.5 3 7 10 1.25 5 7 11 -1.25 2 7 12 0.5 4 7 13 -2.0 1 8 1 -1.0 3 8 2 0.75 5 8 3 -1.75 2 8 4 0.0 4 8 5 1.75 1 8 6 -0.75 3 8 7 1.0 5 8 8 -1.5 2 8 9 0.25 4 8 10 2.0 1 8 11 -0.5 3 8 12 1.25 5 8 13 -1.25 2 9 1 -0.25 4 9 2 1.5 1 9 3 -1.0 3 9 4 0.75 5 9 5 -1.75 2 9 6 0.0 4 9 7 1.75 1 9 8 -0.75 3 9 9 1.0 5 9 10 -1.5 2 9 11 0.25 4 9 12 2.0 1 9 13 -0.5 3 -2.0 2 -1.0 2 0.0 1 1.0 2 2.0 1 3.0 2 4.0 2 -2.0 3 -1.0 3 0.0 1 1.0 3 2.0 1 3.0 3 4.0 3 D B 2 4
inactive_inactive_p2_3_q3_3_r1 2 3 9 13 7 7 0 0 1 1 1 -2.0 1 1 2 -0.25 3 1 3 1.5 5 1 4 -1.0 2 1 5 0.75 4 1 6 -1.75 1 1 7 0.0 3 1 8 1.75 5 1 9 -0.75 2 1 10 1.0 4 1 11 -1.5 1 1 12 0.25 3 1 13 2.0 5 2 1 -1.25 2 2 2 0.5 4 2 3 -2.0 1 2 4 -0.25 3 2 5 1.5 5 2 6 -1.0 2 2 7 0.75 4 2 8 -1.75 1 2 9 0.0 3 2 10 1.75 5 2 11 -0.75 2 2 12 1.0 4 2 13 -1.5 1 3 1 -0.5 3 3 2 1.25 5 3 3 -1.25 2 3 4 0.5 4 3 5 -2.0 1 3 6 -0.25 3 3 7 1.5 5 3 8 -1.0 2 3 9 0.75 4 3 10 -1.75 1 3 11 0.0 3 3 12 1.75 5 3 13 -0.75 2 4 1 0.25 4 4 2 2.0 1 4 3 -0.5 3 4 4 1.25 5 4 5 -1.25 2 4 6 0.5 4 4 7 -2.0 1 4 8 -0.25 3 4 9 1.5 5 4 10 -1.0 2 4 11 0.75 4 4 12 -1.75 1 4 13 0.0 3 5 1 1.0 5 5 2 -1.5 2 5 3 0.25 4 5 4 2.0 1 5 5 -0.5 3 5 6 1.25 5 5 7 -1.25 2 5 8 0.5 4 5 9 -2.0 1 5 10 -0.25 3 5 11 1.5 5 5 12 -1.0 2 5 13 0.75 4 6 1 1.75 1 6 2 -0.75 3 6 3 1.0 5 6 4 -1.5 2 6 5 0.25 4 6 6 2.0 1 6 7 -0.5 3 6 8 1.25 5 6 9 -1.25 2 6 10 0.5 4 6 11 -2.0 1 6 12 -0.25 3 6 13 1.5 5 7 1 -1.75 2 7 2 0.0 4 7 3 1.75 1 7 4 -0.75 3 7 5 1.0 5 7 6 -1.5 2 7 7 0.25 4 7 8 2.0 1 7 9 -0.5 3 7 10 1.25 5 7 11 -1.25 2 7 12 0.5 4 7 13 -2.0 1 8 1 -1.0 3 8 2 0.75 5 8 3 -1.75 2 8 4 0.0 4 8 5 1.75 1 8 6 -0.75 3 8 7 1.0 5 8 8 -1.5 2 8 9 0.25 4 8 10 2.0 1 8 11 -0.5 3 8 12 1.25 5 8 13 -1.25 2 9 1 -0.25 4 9 2 1.5 1 9 3 -1.0 3 9 4 0.75 5 9 5 -1.75 2 9 6 0.0 4 9 7 1.75 1 9 8 -0.75 3 9 9 1.0 5 9 10 -1.5 2 9 11 0.25 4 9 12 2.0 1 9 13 -0.5 3 -2.0 2 -1.0 2 0.0 1 1.0 2 2.0 1 3.0 2 4.0 2 -2.0 3 -1.0 3 0.0 1 1.0 3 2.0 1 3.0 3 4.0 3 D B 3 3
inactive_inactive_p2_3_q3_4_r1 2 3 9 13 7 7 0 0 1 1 1 -2.0 1 1 2 -0.25 3 1 3 1.5 5 1 4 -1.0 2 1 5 0.75 4 1 6 -1.75 1 1 7 0.0 3 1 8 1.75 5 1 9 -0.75 2 1 10 1.0 4 1 11 -1.5 1 1 12 0.25 3 1 13 2.0 5 2 1 -1.25 2 2 2 0.5 4 2 3 -2.0 1 2 4 -0.25 3 2 5 1.5 5 2 6 -1.0 2 2 7 0.75 4 2 8 -1.75 1 2 9 0.0 3 2 10 1.75 5 2 11 -0.75 2 2 12 1.0 4 2 13 -1.5 1 3 1 -0.5 3 3 2 1.25 5 3 3 -1.25 2 3 4 0.5 4 3 5 -2.0 1 3 6 -0.25 3 3 7 1.5 5 3 8 -1.0 2 3 9 0.75 4 3 10 -1.75 1 3 11 0.0 3 3 12 1.75 5 3 13 -0.75 2 4 1 0.25 4 4 2 2.0 1 4 3 -0.5 3 4 4 1.25 5 4 5 -1.25 2 4 6 0.5 4 4 7 -2.0 1 4 8 -0.25 3 4 9 1.5 5 4 10 -1.0 2 4 11 0.75 4 4 12 -1.75 1 4 13 0.0 3 5 1 1.0 5 5 2 -1.5 2 5 3 0.25 4 5 4 2.0 1 5 5 -0.5 3 5 6 1.25 5 5 7 -1.25 2 5 8 0.5 4 5 9 -2.0 1 5 10 -0.25 3 5 11 1.5 5 5 12 -1.0 2 5 13 0.75 4 6 1 1.75 1 6 2 -0.75 3 6 3 1.0 5 6 4 -1.5 2 6 5 0.25 4 6 6 2.0 1 6 7 -0.5 3 6 8 1.25 5 6 9 -1.25 2 6 10 0.5 4 6 11 -2.0 1 6 12 -0.25 3 6 13 1.5 5 7 1 -1.75 2 7 2 0.0 4 7 3 1.75 1 7 4 -0.75 3 7 5 1.0 5 7 6 -1.5 2 7 7 0.25 4 7 8 2.0 1 7 9 -0.5 3 7 10 1.25 5 7 11 -1.25 2 7 12 0.5 4 7 13 -2.0 1 8 1 -1.0 3 8 2 0.75 5 8 3 -1.75 2 8 4 0.0 4 8 5 1.75 1 8 6 -0.75 3 8 7 1.0 5 8 8 -1.5 2 8 9 0.25 4 8 10 2.0 1 8 11 -0.5 3 8 12 1.25 5 8 13 -1.25 2 9 1 -0.25 4 9 2 1.5 1 9 3 -1.0 3 9 4 0.75 5 9 5 -1.75 2 9 6 0.0 4 9 7 1.75 1 9 8 -0.75 3 9 9 1.0 5 9 10 -1.5 2 9 11 0.25 4 9 12 2.0 1 9 13 -0.5 3 -2.0 2 -1.0 2 0.0 1 1.0 2 2.0 1 3.0 2 4.0 2 -2.0 3 -1.0 3 0.0 1 1.0 3 2.0 1 3.0 3 4.0 3 D B 3 4
clamped_clamped_p24_24_q24_24_r0 24 24 26 26 3 3 0 0 1 1 1 -2.0 1 1 2 -0.25 1 1 3 1.5 1 1 4 -1.0 1 1 5 0.75 1 1 6 -1.75 1 1 7 0.0 1 1 8 1.75 1 1 9 -0.75 1 1 10 1.0 1 1 11 -1.5 1 1 12 0.25 1 1 13 2.0 1 1 14 -0.5 1 1 15 1.25 1 1 16 -1.25 1 1 17 0.5 1 1 18 -2.0 1 1 19 -0.25 1 1 20 1.5 1 1 21 -1.0 1 1 22 0.75 1 1 23 -1.75 1 1 24 0.0 1 1 25 1.75 1 1 26 -0.75 1 2 1 -1.25 1 2 2 0.5 1 2 3 -2.0 1 2 4 -0.25 1 2 5 1.5 1 2 6 -1.0 1 2 7 0.75 1 2 8 -1.75 1 2 9 0.0 1 2 10 1.75 1 2 11 -0.75 1 2 12 1.0 1 2 13 -1.5 1 2 14 0.25 1 2 15 2.0 1 2 16 -0.5 1 2 17 1.25 1 2 18 -1.25 1 2 19 0.5 1 2 20 -2.0 1 2 21 -0.25 1 2 22 1.5 1 2 23 -1.0 1 2 24 0.75 1 2 25 -1.75 1 2 26 0.0 1 3 1 -0.5 1 3 2 1.25 1 3 3 -1.25 1 3 4 0.5 1 3 5 -2.0 1 3 6 -0.25 1 3 7 1.5 1 3 8 -1.0 1 3 9 0.75 1 3 10 -1.75 1 3 11 0.0 1 3 12 1.75 1 3 13 -0.75 1 3 14 1.0 1 3 15 -1.5 1 3 16 0.25 1 3 17 2.0 1 3 18 -0.5 1 3 19 1.25 1 3 20 -1.25 1 3 21 0.5 1 3 22 -2.0 1 3 23 -0.25 1 3 24 1.5 1 3 25 -1.0 1 3 26 0.75 1 4 1 0.25 1 4 2 2.0 1 4 3 -0.5 1 4 4 1.25 1 4 5 -1.25 1 4 6 0.5 1 4 7 -2.0 1 4 8 -0.25 1 4 9 1.5 1 4 10 -1.0 1 4 11 0.75 1 4 12 -1.75 1 4 13 0.0 1 4 14 1.75 1 4 15 -0.75 1 4 16 1.0 1 4 17 -1.5 1 4 18 0.25 1 4 19 2.0 1 4 20 -0.5 1 4 21 1.25 1 4 22 -1.25 1 4 23 0.5 1 4 24 -2.0 1 4 25 -0.25 1 4 26 1.5 1 5 1 1.0 1 5 2 -1.5 1 5 3 0.25 1 5 4 2.0 1 5 5 -0.5 1 5 6 1.25 1 5 7 -1.25 1 5 8 0.5 1 5 9 -2.0 1 5 10 -0.25 1 5 11 1.5 1 5 12 -1.0 1 5 13 0.75 1 5 14 -1.75 1 5 15 0.0 1 5 16 1.75 1 5 17 -0.75 1 5 18 1.0 1 5 19 -1.5 1 5 20 0.25 1 5 21 2.0 1 5 22 -0.5 1 5 23 1.25 1 5 24 -1.25 1 5 25 0.5 1 5 26 -2.0 1 6 1 1.75 1 6 2 -0.75 1 6 3 1.0 1 6 4 -1.5 1 6 5 0.25 1 6 6 2.0 1 6 7 -0.5 1 6 8 1.25 1 6 9 -1.25 1 6 10 0.5 1 6 11 -2.0 1 6 12 -0.25 1 6 13 1.5 1 6 14 -1.0 1 6 15 0.75 1 6 16 -1.75 1 6 17 0.0 1 6 18 1.75 1 6 19 -0.75 1 6 20 1.0 1 6 21 -1.5 1 6 22 0.25 1 6 23 2.0 1 6 24 -0.5 1 6 25 1.25 1 6 26 -1.25 1 7 1 -1.75 1 7 2 0.0 1 7 3 1.75 1 7 4 -0.75 1 7 5 1.0 1 7 6 -1.5 1 7 7 0.25 1 7 8 2.0 1 7 9 -0.5 1 7 10 1.25 1 7 11 -1.25 1 7 12 0.5 1 7 13 -2.0 1 7 14 -0.25 1 7 15 1.5 1 7 16 -1.0 1 7 17 0.75 1 7 18 -1.75 1 7 19 0.0 1 7 20 1.75 1 7 21 -0.75 1 7 22 1.0 1 7 23 -1.5 1 7 24 0.25 1 7 25 2.0 1 7 26 -0.5 1 8 1 -1.0 1 8 2 0.75 1 8 3 -1.75 1 8 4 0.0 1 8 5 1.75 1 8 6 -0.75 1 8 7 1.0 1 8 8 -1.5 1 8 9 0.25 1 8 10 2.0 1 8 11 -0.5 1 8 12 1.25 1 8 13 -1.25 1 8 14 0.5 1 8 15 -2.0 1 8 16 -0.25 1 8 17 1.5 1 8 18 -1.0 1 8 19 0.75 1 8 20 -1.75 1 8 21 0.0 1 8 22 1.75 1 8 23 -0.75 1 8 24 1.0 1 8 25 -1.5 1 8 26 0.25 1 9 1 -0.25 1 9 2 1.5 1 9 3 -1.0 1 9 4 0.75 1 9 5 -1.75 1 9 6 0.0 1 9 7 1.75 1 9 8 -0.75 1 9 9 1.0 1 9 10 -1.5 1 9 11 0.25 1 9 12 2.0 1 9 13 -0.5 1 9 14 1.25 1 9 15 -1.25 1 9 16 0.5 1 9 17 -2.0 1 9 18 -0.25 1 9 19 1.5 1 9 20 -1.0 1 9 21 0.75 1 9 22 -1.75 1 9 23 0.0 1 9 24 1.75 1 9 25 -0.75 1 9 26 1.0 1 10 1 0.5 1 10 2 -2.0 1 10 3 -0.25 1 10 4 1.5 1 10 5 -1.0 1 10 6 0.75 1 10 7 -1.75 1 10 8 0.0 1 10 9 1.75 1 10 10 -0.75 1 10 11 1.0 1 10 12 -1.5 1 10 13 0.25 1 10 14 2.0 1 10 15 -0.5 1 10 16 1.25 1 10 17 -1.25 1 10 18 0.5 1 10 19 -2.0 1 10 20 -0.25 1 10 21 1.5 1 10 22 -1.0 1 10 23 0.75 1 10 24 -1.75 1 10 25 0.0 1 10 26 1.75 1 11 1 1.25 1 11 2 -1.25 1 11 3 0.5 1 11 4 -2.0 1 11 5 -0.25 1 11 6 1.5 1 11 7 -1.0 1 11 8 0.75 1 11 9 -1.75 1 11 10 0.0 1 11 11 1.75 1 11 12 -0.75 1 11 13 1.0 1 11 14 -1.5 1 11 15 0.25 1 11 16 2.0 1 11 17 -0.5 1 11 18 1.25 1 11 19 -1.25 1 11 20 0.5 1 11 21 -2.0 1 11 22 -0.25 1 11 23 1.5 1 11 24 -1.0 1 11 25 0.75 1 11 26 -1.75 1 12 1 2.0 1 12 2 -0.5 1 12 3 1.25 1 12 4 -1.25 1 12 5 0.5 1 12 6 -2.0 1 12 7 -0.25 1 12 8 1.5 1 12 9 -1.0 1 12 10 0.75 1 12 11 -1.75 1 12 12 0.0 1 12 13 1.75 1 12 14 -0.75 1 12 15 1.0 1 12 16 -1.5 1 12 17 0.25 1 12 18 2.0 1 12 19 -0.5 1 12 20 1.25 1 12 21 -1.25 1 12 22 0.5 1 12 23 -2.0 1 12 24 -0.25 1 12 25 1.5 1 12 26 -1.0 1 13 1 -1.5 1 13 2 0.25 1 13 3 2.0 1 13 4 -0.5 1 13 5 1.25 1 13 6 -1.25 1 13 7 0.5 1 13 8 -2.0 1 13 9 -0.25 1 13 10 1.5 1 13 11 -1.0 1 13 12 0.75 1 13 13 -1.75 1 13 14 0.0 1 13 15 1.75 1 13 16 -0.75 1 13 17 1.0 1 13 18 -1.5 1 13 19 0.25 1 13 20 2.0 1 13 21 -0.5 1 13 22 1.25 1 13 23 -1.25 1 13 24 0.5 1 13 25 -2.0 1 13 26 -0.25 1 14 1 -0.75 1 14 2 1.0 1 14 3 -1.5 1 14 4 0.25 1 14 5 2.0 1 14 6 -0.5 1 14 7 1.25 1 14 8 -1.25 1 14 9 0.5 1 14 10 -2.0 1 14 11 -0.25 1 14 12 1.5 1 14 13 -1.0 1 14 14 0.75 1 14 15 -1.75 1 14 16 0.0 1 14 17 1.75 1 14 18 -0.75 1 14 19 1.0 1 14 20 -1.5 1 14 21 0.25 1 14 22 2.0 1 14 23 -0.5 1 14 24 1.25 1 14 25 -1.25 1 14 26 0.5 1 15 1 0.0 1 15 2 1.75 1 15 3 -0.75 1 15 4 1.0 1 15 5 -1.5 1 15 6 0.25 1 15 7 2.0 1 15 8 -0.5 1 15 9 1.25 1 15 10 -1.25 1 15 11 0.5 1 15 12 -2.0 1 15 13 -0.25 1 15 14 1.5 1 15 15 -1.0 1 15 16 0.75 1 15 17 -1.75 1 15 18 0.0 1 15 19 1.75 1 15 20 -0.75 1 15 21 1.0 1 15 22 -1.5 1 15 23 0.25 1 15 24 2.0 1 15 25 -0.5 1 15 26 1.25 1 16 1 0.75 1 16 2 -1.75 1 16 3 0.0 1 16 4 1.75 1 16 5 -0.75 1 16 6 1.0 1 16 7 -1.5 1 16 8 0.25 1 16 9 2.0 1 16 10 -0.5 1 16 11 1.25 1 16 12 -1.25 1 16 13 0.5 1 16 14 -2.0 1 16 15 -0.25 1 16 16 1.5 1 16 17 -1.0 1 16 18 0.75 1 16 19 -1.75 1 16 20 0.0 1 16 21 1.75 1 16 22 -0.75 1 16 23 1.0 1 16 24 -1.5 1 16 25 0.25 1 16 26 2.0 1 17 1 1.5 1 17 2 -1.0 1 17 3 0.75 1 17 4 -1.75 1 17 5 0.0 1 17 6 1.75 1 17 7 -0.75 1 17 8 1.0 1 17 9 -1.5 1 17 10 0.25 1 17 11 2.0 1 17 12 -0.5 1 17 13 1.25 1 17 14 -1.25 1 17 15 0.5 1 17 16 -2.0 1 17 17 -0.25 1 17 18 1.5 1 17 19 -1.0 1 17 20 0.75 1 17 21 -1.75 1 17 22 0.0 1 17 23 1.75 1 17 24 -0.75 1 17 25 1.0 1 17 26 -1.5 1 18 1 -2.0 1 18 2 -0.25 1 18 3 1.5 1 18 4 -1.0 1 18 5 0.75 1 18 6 -1.75 1 18 7 0.0 1 18 8 1.75 1 18 9 -0.75 1 18 10 1.0 1 18 11 -1.5 1 18 12 0.25 1 18 13 2.0 1 18 14 -0.5 1 18 15 1.25 1 18 16 -1.25 1 18 17 0.5 1 18 18 -2.0 1 18 19 -0.25 1 18 20 1.5 1 18 21 -1.0 1 18 22 0.75 1 18 23 -1.75 1 18 24 0.0 1 18 25 1.75 1 18 26 -0.75 1 19 1 -1.25 1 19 2 0.5 1 19 3 -2.0 1 19 4 -0.25 1 19 5 1.5 1 19 6 -1.0 1 19 7 0.75 1 19 8 -1.75 1 19 9 0.0 1 19 10 1.75 1 19 11 -0.75 1 19 12 1.0 1 19 13 -1.5 1 19 14 0.25 1 19 15 2.0 1 19 16 -0.5 1 19 17 1.25 1 19 18 -1.25 1 19 19 0.5 1 19 20 -2.0 1 19 21 -0.25 1 19 22 1.5 1 19 23 -1.0 1 19 24 0.75 1 19 25 -1.75 1 19 26 0.0 1 20 1 -0.5 1 20 2 1.25 1 20 3 -1.25 1 20 4 0.5 1 20 5 -2.0 1 20 6 -0.25 1 20 7 1.5 1 20 8 -1.0 1 20 9 0.75 1 20 10 -1.75 1 20 11 0.0 1 20 12 1.75 1 20 13 -0.75 1 20 14 1.0 1 20 15 -1.5 1 20 16 0.25 1 20 17 2.0 1 20 18 -0.5 1 20 19 1.25 1 20 20 -1.25 1 20 21 0.5 1 20 22 -2.0 1 20 23 -0.25 1 20 24 1.5 1 20 25 -1.0 1 20 26 0.75 1 21 1 0.25 1 21 2 2.0 1 21 3 -0.5 1 21 4 1.25 1 21 5 -1.25 1 21 6 0.5 1 21 7 -2.0 1 21 8 -0.25 1 21 9 1.5 1 21 10 -1.0 1 21 11 0.75 1 21 12 -1.75 1 21 13 0.0 1 21 14 1.75 1 21 15 -0.75 1 21 16 1.0 1 21 17 -1.5 1 21 18 0.25 1 21 19 2.0 1 21 20 -0.5 1 21 21 1.25 1 21 22 -1.25 1 21 23 0.5 1 21 24 -2.0 1 21 25 -0.25 1 21 26 1.5 1 22 1 1.0 1 22 2 -1.5 1 22 3 0.25 1 22 4 2.0 1 22 5 -0.5 1 22 6 1.25 1 22 7 -1.25 1 22 8 0.5 1 22 9 -2.0 1 22 10 -0.25 1 22 11 1.5 1 22 12 -1.0 1 22 13 0.75 1 22 14 -1.75 1 22 15 0.0 1 22 16 1.75 1 22 17 -0.75 1 22 18 1.0 1 22 19 -1.5 1 22 20 0.25 1 22 21 2.0 1 22 22 -0.5 1 22 23 1.25 1 22 24 -1.25 1 22 25 0.5 1 22 26 -2.0 1 23 1 1.75 1 23 2 -0.75 1 23 3 1.0 1 23 4 -1.5 1 23 5 0.25 1 23 6 2.0 1 23 7 -0.5 1 23 8 1.25 1 23 9 -1.25 1 23 10 0.5 1 23 11 -2.0 1 23 12 -0.25 1 23 13 1.5 1 23 14 -1.0 1 23 15 0.75 1 23 16 -1.75 1 23 17 0.0 1 23 18 1.75 1 23 19 -0.75 1 23 20 1.0 1 23 21 -1.5 1 23 22 0.25 1 23 23 2.0 1 23 24 -0.5 1 23 25 1.25 1 23 26 -1.25 1 24 1 -1.75 1 24 2 0.0 1 24 3 1.75 1 24 4 -0.75 1 24 5 1.0 1 24 6 -1.5 1 24 7 0.25 1 24 8 2.0 1 24 9 -0.5 1 24 10 1.25 1 24 11 -1.25 1 24 12 0.5 1 24 13 -2.0 1 24 14 -0.25 1 24 15 1.5 1 24 16 -1.0 1 24 17 0.75 1 24 18 -1.75 1 24 19 0.0 1 24 20 1.75 1 24 21 -0.75 1 24 22 1.0 1 24 23 -1.5 1 24 24 0.25 1 24 25 2.0 1 24 26 -0.5 1 25 1 -1.0 1 25 2 0.75 1 25 3 -1.75 1 25 4 0.0 1 25 5 1.75 1 25 6 -0.75 1 25 7 1.0 1 25 8 -1.5 1 25 9 0.25 1 25 10 2.0 1 25 11 -0.5 1 25 12 1.25 1 25 13 -1.25 1 25 14 0.5 1 25 15 -2.0 1 25 16 -0.25 1 25 17 1.5 1 25 18 -1.0 1 25 19 0.75 1 25 20 -1.75 1 25 21 0.0 1 25 22 1.75 1 25 23 -0.75 1 25 24 1.0 1 25 25 -1.5 1 25 26 0.25 1 26 1 -0.25 1 26 2 1.5 1 26 3 -1.0 1 26 4 0.75 1 26 5 -1.75 1 26 6 0.0 1 26 7 1.75 1 26 8 -0.75 1 26 9 1.0 1 26 10 -1.5 1 26 11 0.25 1 26 12 2.0 1 26 13 -0.5 1 26 14 1.25 1 26 15 -1.25 1 26 16 0.5 1 26 17 -2.0 1 26 18 -0.25 1 26 19 1.5 1 26 20 -1.0 1 26 21 0.75 1 26 22 -1.75 1 26 23 0.0 1 26 24 1.75 1 26 25 -0.75 1 26 26 1.0 1 0.0 25 1.0 1 4.0 25 0.0 25 1.0 1 4.0 25 D B 24 24
clamped_clamped_p24_24_q24_25_r0 24 24 26 26 3 3 0 0 1 1 1 -2.0 1 1 2 -0.25 1 1 3 1.5 1 1 4 -1.0 1 1 5 0.75 1 1 6 -1.75 1 1 7 0.0 1 1 8 1.75 1 1 9 -0.75 1 1 10 1.0 1 1 11 -1.5 1 1 12 0.25 1 1 13 2.0 1 1 14 -0.5 1 1 15 1.25 1 1 16 -1.25 1 1 17 0.5 1 1 18 -2.0 1 1 19 -0.25 1 1 20 1.5 1 1 21 -1.0 1 1 22 0.75 1 1 23 -1.75 1 1 24 0.0 1 1 25 1.75 1 1 26 -0.75 1 2 1 -1.25 1 2 2 0.5 1 2 3 -2.0 1 2 4 -0.25 1 2 5 1.5 1 2 6 -1.0 1 2 7 0.75 1 2 8 -1.75 1 2 9 0.0 1 2 10 1.75 1 2 11 -0.75 1 2 12 1.0 1 2 13 -1.5 1 2 14 0.25 1 2 15 2.0 1 2 16 -0.5 1 2 17 1.25 1 2 18 -1.25 1 2 19 0.5 1 2 20 -2.0 1 2 21 -0.25 1 2 22 1.5 1 2 23 -1.0 1 2 24 0.75 1 2 25 -1.75 1 2 26 0.0 1 3 1 -0.5 1 3 2 1.25 1 3 3 -1.25 1 3 4 0.5 1 3 5 -2.0 1 3 6 -0.25 1 3 7 1.5 1 3 8 -1.0 1 3 9 0.75 1 3 10 -1.75 1 3 11 0.0 1 3 12 1.75 1 3 13 -0.75 1 3 14 1.0 1 3 15 -1.5 1 3 16 0.25 1 3 17 2.0 1 3 18 -0.5 1 3 19 1.25 1 3 20 -1.25 1 3 21 0.5 1 3 22 -2.0 1 3 23 -0.25 1 3 24 1.5 1 3 25 -1.0 1 3 26 0.75 1 4 1 0.25 1 4 2 2.0 1 4 3 -0.5 1 4 4 1.25 1 4 5 -1.25 1 4 6 0.5 1 4 7 -2.0 1 4 8 -0.25 1 4 9 1.5 1 4 10 -1.0 1 4 11 0.75 1 4 12 -1.75 1 4 13 0.0 1 4 14 1.75 1 4 15 -0.75 1 4 16 1.0 1 4 17 -1.5 1 4 18 0.25 1 4 19 2.0 1 4 20 -0.5 1 4 21 1.25 1 4 22 -1.25 1 4 23 0.5 1 4 24 -2.0 1 4 25 -0.25 1 4 26 1.5 1 5 1 1.0 1 5 2 -1.5 1 5 3 0.25 1 5 4 2.0 1 5 5 -0.5 1 5 6 1.25 1 5 7 -1.25 1 5 8 0.5 1 5 9 -2.0 1 5 10 -0.25 1 5 11 1.5 1 5 12 -1.0 1 5 13 0.75 1 5 14 -1.75 1 5 15 0.0 1 5 16 1.75 1 5 17 -0.75 1 5 18 1.0 1 5 19 -1.5 1 5 20 0.25 1 5 21 2.0 1 5 22 -0.5 1 5 23 1.25 1 5 24 -1.25 1 5 25 0.5 1 5 26 -2.0 1 6 1 1.75 1 6 2 -0.75 1 6 3 1.0 1 6 4 -1.5 1 6 5 0.25 1 6 6 2.0 1 6 7 -0.5 1 6 8 1.25 1 6 9 -1.25 1 6 10 0.5 1 6 11 -2.0 1 6 12 -0.25 1 6 13 1.5 1 6 14 -1.0 1 6 15 0.75 1 6 16 -1.75 1 6 17 0.0 1 6 18 1.75 1 6 19 -0.75 1 6 20 1.0 1 6 21 -1.5 1 6 22 0.25 1 6 23 2.0 1 6 24 -0.5 1 6 25 1.25 1 6 26 -1.25 1 7 1 -1.75 1 7 2 0.0 1 7 3 1.75 1 7 4 -0.75 1 7 5 1.0 1 7 6 -1.5 1 7 7 0.25 1 7 8 2.0 1 7 9 -0.5 1 7 10 1.25 1 7 11 -1.25 1 7 12 0.5 1 7 13 -2.0 1 7 14 -0.25 1 7 15 1.5 1 7 16 -1.0 1 7 17 0.75 1 7 18 -1.75 1 7 19 0.0 1 7 20 1.75 1 7 21 -0.75 1 7 22 1.0 1 7 23 -1.5 1 7 24 0.25 1 7 25 2.0 1 7 26 -0.5 1 8 1 -1.0 1 8 2 0.75 1 8 3 -1.75 1 8 4 0.0 1 8 5 1.75 1 8 6 -0.75 1 8 7 1.0 1 8 8 -1.5 1 8 9 0.25 1 8 10 2.0 1 8 11 -0.5 1 8 12 1.25 1 8 13 -1.25 1 8 14 0.5 1 8 15 -2.0 1 8 16 -0.25 1 8 17 1.5 1 8 18 -1.0 1 8 19 0.75 1 8 20 -1.75 1 8 21 0.0 1 8 22 1.75 1 8 23 -0.75 1 8 24 1.0 1 8 25 -1.5 1 8 26 0.25 1 9 1 -0.25 1 9 2 1.5 1 9 3 -1.0 1 9 4 0.75 1 9 5 -1.75 1 9 6 0.0 1 9 7 1.75 1 9 8 -0.75 1 9 9 1.0 1 9 10 -1.5 1 9 11 0.25 1 9 12 2.0 1 9 13 -0.5 1 9 14 1.25 1 9 15 -1.25 1 9 16 0.5 1 9 17 -2.0 1 9 18 -0.25 1 9 19 1.5 1 9 20 -1.0 1 9 21 0.75 1 9 22 -1.75 1 9 23 0.0 1 9 24 1.75 1 9 25 -0.75 1 9 26 1.0 1 10 1 0.5 1 10 2 -2.0 1 10 3 -0.25 1 10 4 1.5 1 10 5 -1.0 1 10 6 0.75 1 10 7 -1.75 1 10 8 0.0 1 10 9 1.75 1 10 10 -0.75 1 10 11 1.0 1 10 12 -1.5 1 10 13 0.25 1 10 14 2.0 1 10 15 -0.5 1 10 16 1.25 1 10 17 -1.25 1 10 18 0.5 1 10 19 -2.0 1 10 20 -0.25 1 10 21 1.5 1 10 22 -1.0 1 10 23 0.75 1 10 24 -1.75 1 10 25 0.0 1 10 26 1.75 1 11 1 1.25 1 11 2 -1.25 1 11 3 0.5 1 11 4 -2.0 1 11 5 -0.25 1 11 6 1.5 1 11 7 -1.0 1 11 8 0.75 1 11 9 -1.75 1 11 10 0.0 1 11 11 1.75 1 11 12 -0.75 1 11 13 1.0 1 11 14 -1.5 1 11 15 0.25 1 11 16 2.0 1 11 17 -0.5 1 11 18 1.25 1 11 19 -1.25 1 11 20 0.5 1 11 21 -2.0 1 11 22 -0.25 1 11 23 1.5 1 11 24 -1.0 1 11 25 0.75 1 11 26 -1.75 1 12 1 2.0 1 12 2 -0.5 1 12 3 1.25 1 12 4 -1.25 1 12 5 0.5 1 12 6 -2.0 1 12 7 -0.25 1 12 8 1.5 1 12 9 -1.0 1 12 10 0.75 1 12 11 -1.75 1 12 12 0.0 1 12 13 1.75 1 12 14 -0.75 1 12 15 1.0 1 12 16 -1.5 1 12 17 0.25 1 12 18 2.0 1 12 19 -0.5 1 12 20 1.25 1 12 21 -1.25 1 12 22 0.5 1 12 23 -2.0 1 12 24 -0.25 1 12 25 1.5 1 12 26 -1.0 1 13 1 -1.5 1 13 2 0.25 1 13 3 2.0 1 13 4 -0.5 1 13 5 1.25 1 13 6 -1.25 1 13 7 0.5 1 13 8 -2.0 1 13 9 -0.25 1 13 10 1.5 1 13 11 -1.0 1 13 12 0.75 1 13 13 -1.75 1 13 14 0.0 1 13 15 1.75 1 13 16 -0.75 1 13 17 1.0 1 13 18 -1.5 1 13 19 0.25 1 13 20 2.0 1 13 21 -0.5 1 13 22 1.25 1 13 23 -1.25 1 13 24 0.5 1 13 25 -2.0 1 13 26 -0.25 1 14 1 -0.75 1 14 2 1.0 1 14 3 -1.5 1 14 4 0.25 1 14 5 2.0 1 14 6 -0.5 1 14 7 1.25 1 14 8 -1.25 1 14 9 0.5 1 14 10 -2.0 1 14 11 -0.25 1 14 12 1.5 1 14 13 -1.0 1 14 14 0.75 1 14 15 -1.75 1 14 16 0.0 1 14 17 1.75 1 14 18 -0.75 1 14 19 1.0 1 14 20 -1.5 1 14 21 0.25 1 14 22 2.0 1 14 23 -0.5 1 14 24 1.25 1 14 25 -1.25 1 14 26 0.5 1 15 1 0.0 1 15 2 1.75 1 15 3 -0.75 1 15 4 1.0 1 15 5 -1.5 1 15 6 0.25 1 15 7 2.0 1 15 8 -0.5 1 15 9 1.25 1 15 10 -1.25 1 15 11 0.5 1 15 12 -2.0 1 15 13 -0.25 1 15 14 1.5 1 15 15 -1.0 1 15 16 0.75 1 15 17 -1.75 1 15 18 0.0 1 15 19 1.75 1 15 20 -0.75 1 15 21 1.0 1 15 22 -1.5 1 15 23 0.25 1 15 24 2.0 1 15 25 -0.5 1 15 26 1.25 1 16 1 0.75 1 16 2 -1.75 1 16 3 0.0 1 16 4 1.75 1 16 5 -0.75 1 16 6 1.0 1 16 7 -1.5 1 16 8 0.25 1 16 9 2.0 1 16 10 -0.5 1 16 11 1.25 1 16 12 -1.25 1 16 13 0.5 1 16 14 -2.0 1 16 15 -0.25 1 16 16 1.5 1 16 17 -1.0 1 16 18 0.75 1 16 19 -1.75 1 16 20 0.0 1 16 21 1.75 1 16 22 -0.75 1 16 23 1.0 1 16 24 -1.5 1 16 25 0.25 1 16 26 2.0 1 17 1 1.5 1 17 2 -1.0 1 17 3 0.75 1 17 4 -1.75 1 17 5 0.0 1 17 6 1.75 1 17 7 -0.75 1 17 8 1.0 1 17 9 -1.5 1 17 10 0.25 1 17 11 2.0 1 17 12 -0.5 1 17 13 1.25 1 17 14 -1.25 1 17 15 0.5 1 17 16 -2.0 1 17 17 -0.25 1 17 18 1.5 1 17 19 -1.0 1 17 20 0.75 1 17 21 -1.75 1 17 22 0.0 1 17 23 1.75 1 17 24 -0.75 1 17 25 1.0 1 17 26 -1.5 1 18 1 -2.0 1 18 2 -0.25 1 18 3 1.5 1 18 4 -1.0 1 18 5 0.75 1 18 6 -1.75 1 18 7 0.0 1 18 8 1.75 1 18 9 -0.75 1 18 10 1.0 1 18 11 -1.5 1 18 12 0.25 1 18 13 2.0 1 18 14 -0.5 1 18 15 1.25 1 18 16 -1.25 1 18 17 0.5 1 18 18 -2.0 1 18 19 -0.25 1 18 20 1.5 1 18 21 -1.0 1 18 22 0.75 1 18 23 -1.75 1 18 24 0.0 1 18 25 1.75 1 18 26 -0.75 1 19 1 -1.25 1 19 2 0.5 1 19 3 -2.0 1 19 4 -0.25 1 19 5 1.5 1 19 6 -1.0 1 19 7 0.75 1 19 8 -1.75 1 19 9 0.0 1 19 10 1.75 1 19 11 -0.75 1 19 12 1.0 1 19 13 -1.5 1 19 14 0.25 1 19 15 2.0 1 19 16 -0.5 1 19 17 1.25 1 19 18 -1.25 1 19 19 0.5 1 19 20 -2.0 1 19 21 -0.25 1 19 22 1.5 1 19 23 -1.0 1 19 24 0.75 1 19 25 -1.75 1 19 26 0.0 1 20 1 -0.5 1 20 2 1.25 1 20 3 -1.25 1 20 4 0.5 1 20 5 -2.0 1 20 6 -0.25 1 20 7 1.5 1 20 8 -1.0 1 20 9 0.75 1 20 10 -1.75 1 20 11 0.0 1 20 12 1.75 1 20 13 -0.75 1 20 14 1.0 1 20 15 -1.5 1 20 16 0.25 1 20 17 2.0 1 20 18 -0.5 1 20 19 1.25 1 20 20 -1.25 1 20 21 0.5 1 20 22 -2.0 1 20 23 -0.25 1 20 24 1.5 1 20 25 -1.0 1 20 26 0.75 1 21 1 0.25 1 21 2 2.0 1 21 3 -0.5 1 21 4 1.25 1 21 5 -1.25 1 21 6 0.5 1 21 7 -2.0 1 21 8 -0.25 1 21 9 1.5 1 21 10 -1.0 1 21 11 0.75 1 21 12 -1.75 1 21 13 0.0 1 21 14 1.75 1 21 15 -0.75 1 21 16 1.0 1 21 17 -1.5 1 21 18 0.25 1 21 19 2.0 1 21 20 -0.5 1 21 21 1.25 1 21 22 -1.25 1 21 23 0.5 1 21 24 -2.0 1 21 25 -0.25 1 21 26 1.5 1 22 1 1.0 1 22 2 -1.5 1 22 3 0.25 1 22 4 2.0 1 22 5 -0.5 1 22 6 1.25 1 22 7 -1.25 1 22 8 0.5 1 22 9 -2.0 1 22 10 -0.25 1 22 11 1.5 1 22 12 -1.0 1 22 13 0.75 1 22 14 -1.75 1 22 15 0.0 1 22 16 1.75 1 22 17 -0.75 1 22 18 1.0 1 22 19 -1.5 1 22 20 0.25 1 22 21 2.0 1 22 22 -0.5 1 22 23 1.25 1 22 24 -1.25 1 22 25 0.5 1 22 26 -2.0 1 23 1 1.75 1 23 2 -0.75 1 23 3 1.0 1 23 4 -1.5 1 23 5 0.25 1 23 6 2.0 1 23 7 -0.5 1 23 8 1.25 1 23 9 -1.25 1 23 10 0.5 1 23 11 -2.0 1 23 12 -0.25 1 23 13 1.5 1 23 14 -1.0 1 23 15 0.75 1 23 16 -1.75 1 23 17 0.0 1 23 18 1.75 1 23 19 -0.75 1 23 20 1.0 1 23 21 -1.5 1 23 22 0.25 1 23 23 2.0 1 23 24 -0.5 1 23 25 1.25 1 23 26 -1.25 1 24 1 -1.75 1 24 2 0.0 1 24 3 1.75 1 24 4 -0.75 1 24 5 1.0 1 24 6 -1.5 1 24 7 0.25 1 24 8 2.0 1 24 9 -0.5 1 24 10 1.25 1 24 11 -1.25 1 24 12 0.5 1 24 13 -2.0 1 24 14 -0.25 1 24 15 1.5 1 24 16 -1.0 1 24 17 0.75 1 24 18 -1.75 1 24 19 0.0 1 24 20 1.75 1 24 21 -0.75 1 24 22 1.0 1 24 23 -1.5 1 24 24 0.25 1 24 25 2.0 1 24 26 -0.5 1 25 1 -1.0 1 25 2 0.75 1 25 3 -1.75 1 25 4 0.0 1 25 5 1.75 1 25 6 -0.75 1 25 7 1.0 1 25 8 -1.5 1 25 9 0.25 1 25 10 2.0 1 25 11 -0.5 1 25 12 1.25 1 25 13 -1.25 1 25 14 0.5 1 25 15 -2.0 1 25 16 -0.25 1 25 17 1.5 1 25 18 -1.0 1 25 19 0.75 1 25 20 -1.75 1 25 21 0.0 1 25 22 1.75 1 25 23 -0.75 1 25 24 1.0 1 25 25 -1.5 1 25 26 0.25 1 26 1 -0.25 1 26 2 1.5 1 26 3 -1.0 1 26 4 0.75 1 26 5 -1.75 1 26 6 0.0 1 26 7 1.75 1 26 8 -0.75 1 26 9 1.0 1 26 10 -1.5 1 26 11 0.25 1 26 12 2.0 1 26 13 -0.5 1 26 14 1.25 1 26 15 -1.25 1 26 16 0.5 1 26 17 -2.0 1 26 18 -0.25 1 26 19 1.5 1 26 20 -1.0 1 26 21 0.75 1 26 22 -1.75 1 26 23 0.0 1 26 24 1.75 1 26 25 -0.75 1 26 26 1.0 1 0.0 25 1.0 1 4.0 25 0.0 25 1.0 1 4.0 25 D B 24 25
clamped_clamped_p24_24_q25_24_r0 24 24 26 26 3 3 0 0 1 1 1 -2.0 1 1 2 -0.25 1 1 3 1.5 1 1 4 -1.0 1 1 5 0.75 1 1 6 -1.75 1 1 7 0.0 1 1 8 1.75 1 1 9 -0.75 1 1 10 1.0 1 1 11 -1.5 1 1 12 0.25 1 1 13 2.0 1 1 14 -0.5 1 1 15 1.25 1 1 16 -1.25 1 1 17 0.5 1 1 18 -2.0 1 1 19 -0.25 1 1 20 1.5 1 1 21 -1.0 1 1 22 0.75 1 1 23 -1.75 1 1 24 0.0 1 1 25 1.75 1 1 26 -0.75 1 2 1 -1.25 1 2 2 0.5 1 2 3 -2.0 1 2 4 -0.25 1 2 5 1.5 1 2 6 -1.0 1 2 7 0.75 1 2 8 -1.75 1 2 9 0.0 1 2 10 1.75 1 2 11 -0.75 1 2 12 1.0 1 2 13 -1.5 1 2 14 0.25 1 2 15 2.0 1 2 16 -0.5 1 2 17 1.25 1 2 18 -1.25 1 2 19 0.5 1 2 20 -2.0 1 2 21 -0.25 1 2 22 1.5 1 2 23 -1.0 1 2 24 0.75 1 2 25 -1.75 1 2 26 0.0 1 3 1 -0.5 1 3 2 1.25 1 3 3 -1.25 1 3 4 0.5 1 3 5 -2.0 1 3 6 -0.25 1 3 7 1.5 1 3 8 -1.0 1 3 9 0.75 1 3 10 -1.75 1 3 11 0.0 1 3 12 1.75 1 3 13 -0.75 1 3 14 1.0 1 3 15 -1.5 1 3 16 0.25 1 3 17 2.0 1 3 18 -0.5 1 3 19 1.25 1 3 20 -1.25 1 3 21 0.5 1 3 22 -2.0 1 3 23 -0.25 1 3 24 1.5 1 3 25 -1.0 1 3 26 0.75 1 4 1 0.25 1 4 2 2.0 1 4 3 -0.5 1 4 4 1.25 1 4 5 -1.25 1 4 6 0.5 1 4 7 -2.0 1 4 8 -0.25 1 4 9 1.5 1 4 10 -1.0 1 4 11 0.75 1 4 12 -1.75 1 4 13 0.0 1 4 14 1.75 1 4 15 -0.75 1 4 16 1.0 1 4 17 -1.5 1 4 18 0.25 1 4 19 2.0 1 4 20 -0.5 1 4 21 1.25 1 4 22 -1.25 1 4 23 0.5 1 4 24 -2.0 1 4 25 -0.25 1 4 26 1.5 1 5 1 1.0 1 5 2 -1.5 1 5 3 0.25 1 5 4 2.0 1 5 5 -0.5 1 5 6 1.25 1 5 7 -1.25 1 5 8 0.5 1 5 9 -2.0 1 5 10 -0.25 1 5 11 1.5 1 5 12 -1.0 1 5 13 0.75 1 5 14 -1.75 1 5 15 0.0 1 5 16 1.75 1 5 17 -0.75 1 5 18 1.0 1 5 19 -1.5 1 5 20 0.25 1 5 21 2.0 1 5 22 -0.5 1 5 23 1.25 1 5 24 -1.25 1 5 25 0.5 1 5 26 -2.0 1 6 1 1.75 1 6 2 -0.75 1 6 3 1.0 1 6 4 -1.5 1 6 5 0.25 1 6 6 2.0 1 6 7 -0.5 1 6 8 1.25 1 6 9 -1.25 1 6 10 0.5 1 6 11 -2.0 1 6 12 -0.25 1 6 13 1.5 1 6 14 -1.0 1 6 15 0.75 1 6 16 -1.75 1 6 17 0.0 1 6 18 1.75 1 6 19 -0.75 1 6 20 1.0 1 6 21 -1.5 1 6 22 0.25 1 6 23 2.0 1 6 24 -0.5 1 6 25 1.25 1 6 26 -1.25 1 7 1 -1.75 1 7 2 0.0 1 7 3 1.75 1 7 4 -0.75 1 7 5 1.0 1 7 6 -1.5 1 7 7 0.25 1 7 8 2.0 1 7 9 -0.5 1 7 10 1.25 1 7 11 -1.25 1 7 12 0.5 1 7 13 -2.0 1 7 14 -0.25 1 7 15 1.5 1 7 16 -1.0 1 7 17 0.75 1 7 18 -1.75 1 7 19 0.0 1 7 20 1.75 1 7 21 -0.75 1 7 22 1.0 1 7 23 -1.5 1 7 24 0.25 1 7 25 2.0 1 7 26 -0.5 1 8 1 -1.0 1 8 2 0.75 1 8 3 -1.75 1 8 4 0.0 1 8 5 1.75 1 8 6 -0.75 1 8 7 1.0 1 8 8 -1.5 1 8 9 0.25 1 8 10 2.0 1 8 11 -0.5 1 8 12 1.25 1 8 13 -1.25 1 8 14 0.5 1 8 15 -2.0 1 8 16 -0.25 1 8 17 1.5 1 8 18 -1.0 1 8 19 0.75 1 8 20 -1.75 1 8 21 0.0 1 8 22 1.75 1 8 23 -0.75 1 8 24 1.0 1 8 25 -1.5 1 8 26 0.25 1 9 1 -0.25 1 9 2 1.5 1 9 3 -1.0 1 9 4 0.75 1 9 5 -1.75 1 9 6 0.0 1 9 7 1.75 1 9 8 -0.75 1 9 9 1.0 1 9 10 -1.5 1 9 11 0.25 1 9 12 2.0 1 9 13 -0.5 1 9 14 1.25 1 9 15 -1.25 1 9 16 0.5 1 9 17 -2.0 1 9 18 -0.25 1 9 19 1.5 1 9 20 -1.0 1 9 21 0.75 1 9 22 -1.75 1 9 23 0.0 1 9 24 1.75 1 9 25 -0.75 1 9 26 1.0 1 10 1 0.5 1 10 2 -2.0 1 10 3 -0.25 1 10 4 1.5 1 10 5 -1.0 1 10 6 0.75 1 10 7 -1.75 1 10 8 0.0 1 10 9 1.75 1 10 10 -0.75 1 10 11 1.0 1 10 12 -1.5 1 10 13 0.25 1 10 14 2.0 1 10 15 -0.5 1 10 16 1.25 1 10 17 -1.25 1 10 18 0.5 1 10 19 -2.0 1 10 20 -0.25 1 10 21 1.5 1 10 22 -1.0 1 10 23 0.75 1 10 24 -1.75 1 10 25 0.0 1 10 26 1.75 1 11 1 1.25 1 11 2 -1.25 1 11 3 0.5 1 11 4 -2.0 1 11 5 -0.25 1 11 6 1.5 1 11 7 -1.0 1 11 8 0.75 1 11 9 -1.75 1 11 10 0.0 1 11 11 1.75 1 11 12 -0.75 1 11 13 1.0 1 11 14 -1.5 1 11 15 0.25 1 11 16 2.0 1 11 17 -0.5 1 11 18 1.25 1 11 19 -1.25 1 11 20 0.5 1 11 21 -2.0 1 11 22 -0.25 1 11 23 1.5 1 11 24 -1.0 1 11 25 0.75 1 11 26 -1.75 1 12 1 2.0 1 12 2 -0.5 1 12 3 1.25 1 12 4 -1.25 1 12 5 0.5 1 12 6 -2.0 1 12 7 -0.25 1 12 8 1.5 1 12 9 -1.0 1 12 10 0.75 1 12 11 -1.75 1 12 12 0.0 1 12 13 1.75 1 12 14 -0.75 1 12 15 1.0 1 12 16 -1.5 1 12 17 0.25 1 12 18 2.0 1 12 19 -0.5 1 12 20 1.25 1 12 21 -1.25 1 12 22 0.5 1 12 23 -2.0 1 12 24 -0.25 1 12 25 1.5 1 12 26 -1.0 1 13 1 -1.5 1 13 2 0.25 1 13 3 2.0 1 13 4 -0.5 1 13 5 1.25 1 13 6 -1.25 1 13 7 0.5 1 13 8 -2.0 1 13 9 -0.25 1 13 10 1.5 1 13 11 -1.0 1 13 12 0.75 1 13 13 -1.75 1 13 14 0.0 1 13 15 1.75 1 13 16 -0.75 1 13 17 1.0 1 13 18 -1.5 1 13 19 0.25 1 13 20 2.0 1 13 21 -0.5 1 13 22 1.25 1 13 23 -1.25 1 13 24 0.5 1 13 25 -2.0 1 13 26 -0.25 1 14 1 -0.75 1 14 2 1.0 1 14 3 -1.5 1 14 4 0.25 1 14 5 2.0 1 14 6 -0.5 1 14 7 1.25 1 14 8 -1.25 1 14 9 0.5 1 14 10 -2.0 1 14 11 -0.25 1 14 12 1.5 1 14 13 -1.0 1 14 14 0.75 1 14 15 -1.75 1 14 16 0.0 1 14 17 1.75 1 14 18 -0.75 1 14 19 1.0 1 14 20 -1.5 1 14 21 0.25 1 14 22 2.0 1 14 23 -0.5 1 14 24 1.25 1 14 25 -1.25 1 14 26 0.5 1 15 1 0.0 1 15 2 1.75 1 15 3 -0.75 1 15 4 1.0 1 15 5 -1.5 1 15 6 0.25 1 15 7 2.0 1 15 8 -0.5 1 15 9 1.25 1 15 10 -1.25 1 15 11 0.5 1 15 12 -2.0 1 15 13 -0.25 1 15 14 1.5 1 15 15 -1.0 1 15 16 0.75 1 15 17 -1.75 1 15 18 0.0 1 15 19 1.75 1 15 20 -0.75 1 15 21 1.0 1 15 22 -1.5 1 15 23 0.25 1 15 24 2.0 1 15 25 -0.5 1 15 26 1.25 1 16 1 0.75 1 16 2 -1.75 1 16 3 0.0 1 16 4 1.75 1 16 5 -0.75 1 16 6 1.0 1 16 7 -1.5 1 16 8 0.25 1 16 9 2.0 1 16 10 -0.5 1 16 11 1.25 1 16 12 -1.25 1 16 13 0.5 1 16 14 -2.0 1 16 15 -0.25 1 16 16 1.5 1 16 17 -1.0 1 16 18 0.75 1 16 19 -1.75 1 16 20 0.0 1 16 21 1.75 1 16 22 -0.75 1 16 23 1.0 1 16 24 -1.5 1 16 25 0.25 1 16 26 2.0 1 17 1 1.5 1 17 2 -1.0 1 17 3 0.75 1 17 4 -1.75 1 17 5 0.0 1 17 6 1.75 1 17 7 -0.75 1 17 8 1.0 1 17 9 -1.5 1 17 10 0.25 1 17 11 2.0 1 17 12 -0.5 1 17 13 1.25 1 17 14 -1.25 1 17 15 0.5 1 17 16 -2.0 1 17 17 -0.25 1 17 18 1.5 1 17 19 -1.0 1 17 20 0.75 1 17 21 -1.75 1 17 22 0.0 1 17 23 1.75 1 17 24 -0.75 1 17 25 1.0 1 17 26 -1.5 1 18 1 -2.0 1 18 2 -0.25 1 18 3 1.5 1 18 4 -1.0 1 18 5 0.75 1 18 6 -1.75 1 18 7 0.0 1 18 8 1.75 1 18 9 -0.75 1 18 10 1.0 1 18 11 -1.5 1 18 12 0.25 1 18 13 2.0 1 18 14 -0.5 1 18 15 1.25 1 18 16 -1.25 1 18 17 0.5 1 18 18 -2.0 1 18 19 -0.25 1 18 20 1.5 1 18 21 -1.0 1 18 22 0.75 1 18 23 -1.75 1 18 24 0.0 1 18 25 1.75 1 18 26 -0.75 1 19 1 -1.25 1 19 2 0.5 1 19 3 -2.0 1 19 4 -0.25 1 19 5 1.5 1 19 6 -1.0 1 19 7 0.75 1 19 8 -1.75 1 19 9 0.0 1 19 10 1.75 1 19 11 -0.75 1 19 12 1.0 1 19 13 -1.5 1 19 14 0.25 1 19 15 2.0 1 19 16 -0.5 1 19 17 1.25 1 19 18 -1.25 1 19 19 0.5 1 19 20 -2.0 1 19 21 -0.25 1 19 22 1.5 1 19 23 -1.0 1 19 24 0.75 1 19 25 -1.75 1 19 26 0.0 1 20 1 -0.5 1 20 2 1.25 1 20 3 -1.25 1 20 4 0.5 1 20 5 -2.0 1 20 6 -0.25 1 20 7 1.5 1 20 8 -1.0 1 20 9 0.75 1 20 10 -1.75 1 20 11 0.0 1 20 12 1.75 1 20 13 -0.75 1 20 14 1.0 1 20 15 -1.5 1 20 16 0.25 1 20 17 2.0 1 20 18 -0.5 1 20 19 1.25 1 20 20 -1.25 1 20 21 0.5 1 20 22 -2.0 1 20 23 -0.25 1 20 24 1.5 1 20 25 -1.0 1 20 26 0.75 1 21 1 0.25 1 21 2 2.0 1 21 3 -0.5 1 21 4 1.25 1 21 5 -1.25 1 21 6 0.5 1 21 7 -2.0 1 21 8 -0.25 1 21 9 1.5 1 21 10 -1.0 1 21 11 0.75 1 21 12 -1.75 1 21 13 0.0 1 21 14 1.75 1 21 15 -0.75 1 21 16 1.0 1 21 17 -1.5 1 21 18 0.25 1 21 19 2.0 1 21 20 -0.5 1 21 21 1.25 1 21 22 -1.25 1 21 23 0.5 1 21 24 -2.0 1 21 25 -0.25 1 21 26 1.5 1 22 1 1.0 1 22 2 -1.5 1 22 3 0.25 1 22 4 2.0 1 22 5 -0.5 1 22 6 1.25 1 22 7 -1.25 1 22 8 0.5 1 22 9 -2.0 1 22 10 -0.25 1 22 11 1.5 1 22 12 -1.0 1 22 13 0.75 1 22 14 -1.75 1 22 15 0.0 1 22 16 1.75 1 22 17 -0.75 1 22 18 1.0 1 22 19 -1.5 1 22 20 0.25 1 22 21 2.0 1 22 22 -0.5 1 22 23 1.25 1 22 24 -1.25 1 22 25 0.5 1 22 26 -2.0 1 23 1 1.75 1 23 2 -0.75 1 23 3 1.0 1 23 4 -1.5 1 23 5 0.25 1 23 6 2.0 1 23 7 -0.5 1 23 8 1.25 1 23 9 -1.25 1 23 10 0.5 1 23 11 -2.0 1 23 12 -0.25 1 23 13 1.5 1 23 14 -1.0 1 23 15 0.75 1 23 16 -1.75 1 23 17 0.0 1 23 18 1.75 1 23 19 -0.75 1 23 20 1.0 1 23 21 -1.5 1 23 22 0.25 1 23 23 2.0 1 23 24 -0.5 1 23 25 1.25 1 23 26 -1.25 1 24 1 -1.75 1 24 2 0.0 1 24 3 1.75 1 24 4 -0.75 1 24 5 1.0 1 24 6 -1.5 1 24 7 0.25 1 24 8 2.0 1 24 9 -0.5 1 24 10 1.25 1 24 11 -1.25 1 24 12 0.5 1 24 13 -2.0 1 24 14 -0.25 1 24 15 1.5 1 24 16 -1.0 1 24 17 0.75 1 24 18 -1.75 1 24 19 0.0 1 24 20 1.75 1 24 21 -0.75 1 24 22 1.0 1 24 23 -1.5 1 24 24 0.25 1 24 25 2.0 1 24 26 -0.5 1 25 1 -1.0 1 25 2 0.75 1 25 3 -1.75 1 25 4 0.0 1 25 5 1.75 1 25 6 -0.75 1 25 7 1.0 1 25 8 -1.5 1 25 9 0.25 1 25 10 2.0 1 25 11 -0.5 1 25 12 1.25 1 25 13 -1.25 1 25 14 0.5 1 25 15 -2.0 1 25 16 -0.25 1 25 17 1.5 1 25 18 -1.0 1 25 19 0.75 1 25 20 -1.75 1 25 21 0.0 1 25 22 1.75 1 25 23 -0.75 1 25 24 1.0 1 25 25 -1.5 1 25 26 0.25 1 26 1 -0.25 1 26 2 1.5 1 26 3 -1.0 1 26 4 0.75 1 26 5 -1.75 1 26 6 0.0 1 26 7 1.75 1 26 8 -0.75 1 26 9 1.0 1 26 10 -1.5 1 26 11 0.25 1 26 12 2.0 1 26 13 -0.5 1 26 14 1.25 1 26 15 -1.25 1 26 16 0.5 1 26 17 -2.0 1 26 18 -0.25 1 26 19 1.5 1 26 20 -1.0 1 26 21 0.75 1 26 22 -1.75 1 26 23 0.0 1 26 24 1.75 1 26 25 -0.75 1 26 26 1.0 1 0.0 25 1.0 1 4.0 25 0.0 25 1.0 1 4.0 25 D B 25 24
clamped_clamped_p24_24_q25_25_r0 24 24 26 26 3 3 0 0 1 1 1 -2.0 1 1 2 -0.25 1 1 3 1.5 1 1 4 -1.0 1 1 5 0.75 1 1 6 -1.75 1 1 7 0.0 1 1 8 1.75 1 1 9 -0.75 1 1 10 1.0 1 1 11 -1.5 1 1 12 0.25 1 1 13 2.0 1 1 14 -0.5 1 1 15 1.25 1 1 16 -1.25 1 1 17 0.5 1 1 18 -2.0 1 1 19 -0.25 1 1 20 1.5 1 1 21 -1.0 1 1 22 0.75 1 1 23 -1.75 1 1 24 0.0 1 1 25 1.75 1 1 26 -0.75 1 2 1 -1.25 1 2 2 0.5 1 2 3 -2.0 1 2 4 -0.25 1 2 5 1.5 1 2 6 -1.0 1 2 7 0.75 1 2 8 -1.75 1 2 9 0.0 1 2 10 1.75 1 2 11 -0.75 1 2 12 1.0 1 2 13 -1.5 1 2 14 0.25 1 2 15 2.0 1 2 16 -0.5 1 2 17 1.25 1 2 18 -1.25 1 2 19 0.5 1 2 20 -2.0 1 2 21 -0.25 1 2 22 1.5 1 2 23 -1.0 1 2 24 0.75 1 2 25 -1.75 1 2 26 0.0 1 3 1 -0.5 1 3 2 1.25 1 3 3 -1.25 1 3 4 0.5 1 3 5 -2.0 1 3 6 -0.25 1 3 7 1.5 1 3 8 -1.0 1 3 9 0.75 1 3 10 -1.75 1 3 11 0.0 1 3 12 1.75 1 3 13 -0.75 1 3 14 1.0 1 3 15 -1.5 1 3 16 0.25 1 3 17 2.0 1 3 18 -0.5 1 3 19 1.25 1 3 20 -1.25 1 3 21 0.5 1 3 22 -2.0 1 3 23 -0.25 1 3 24 1.5 1 3 25 -1.0 1 3 26 0.75 1 4 1 0.25 1 4 2 2.0 1 4 3 -0.5 1 4 4 1.25 1 4 5 -1.25 1 4 6 0.5 1 4 7 -2.0 1 4 8 -0.25 1 4 9 1.5 1 4 10 -1.0 1 4 11 0.75 1 4 12 -1.75 1 4 13 0.0 1 4 14 1.75 1 4 15 -0.75 1 4 16 1.0 1 4 17 -1.5 1 4 18 0.25 1 4 19 2.0 1 4 20 -0.5 1 4 21 1.25 1 4 22 -1.25 1 4 23 0.5 1 4 24 -2.0 1 4 25 -0.25 1 4 26 1.5 1 5 1 1.0 1 5 2 -1.5 1 5 3 0.25 1 5 4 2.0 1 5 5 -0.5 1 5 6 1.25 1 5 7 -1.25 1 5 8 0.5 1 5 9 -2.0 1 5 10 -0.25 1 5 11 1.5 1 5 12 -1.0 1 5 13 0.75 1 5 14 -1.75 1 5 15 0.0 1 5 16 1.75 1 5 17 -0.75 1 5 18 1.0 1 5 19 -1.5 1 5 20 0.25 1 5 21 2.0 1 5 22 -0.5 1 5 23 1.25 1 5 24 -1.25 1 5 25 0.5 1 5 26 -2.0 1 6 1 1.75 1 6 2 -0.75 1 6 3 1.0 1 6 4 -1.5 1 6 5 0.25 1 6 6 2.0 1 6 7 -0.5 1 6 8 1.25 1 6 9 -1.25 1 6 10 0.5 1 6 11 -2.0 1 6 12 -0.25 1 6 13 1.5 1 6 14 -1.0 1 6 15 0.75 1 6 16 -1.75 1 6 17 0.0 1 6 18 1.75 1 6 19 -0.75 1 6 20 1.0 1 6 21 -1.5 1 6 22 0.25 1 6 23 2.0 1 6 24 -0.5 1 6 25 1.25 1 6 26 -1.25 1 7 1 -1.75 1 7 2 0.0 1 7 3 1.75 1 7 4 -0.75 1 7 5 1.0 1 7 6 -1.5 1 7 7 0.25 1 7 8 2.0 1 7 9 -0.5 1 7 10 1.25 1 7 11 -1.25 1 7 12 0.5 1 7 13 -2.0 1 7 14 -0.25 1 7 15 1.5 1 7 16 -1.0 1 7 17 0.75 1 7 18 -1.75 1 7 19 0.0 1 7 20 1.75 1 7 21 -0.75 1 7 22 1.0 1 7 23 -1.5 1 7 24 0.25 1 7 25 2.0 1 7 26 -0.5 1 8 1 -1.0 1 8 2 0.75 1 8 3 -1.75 1 8 4 0.0 1 8 5 1.75 1 8 6 -0.75 1 8 7 1.0 1 8 8 -1.5 1 8 9 0.25 1 8 10 2.0 1 8 11 -0.5 1 8 12 1.25 1 8 13 -1.25 1 8 14 0.5 1 8 15 -2.0 1 8 16 -0.25 1 8 17 1.5 1 8 18 -1.0 1 8 19 0.75 1 8 20 -1.75 1 8 21 0.0 1 8 22 1.75 1 8 23 -0.75 1 8 24 1.0 1 8 25 -1.5 1 8 26 0.25 1 9 1 -0.25 1 9 2 1.5 1 9 3 -1.0 1 9 4 0.75 1 9 5 -1.75 1 9 6 0.0 1 9 7 1.75 1 9 8 -0.75 1 9 9 1.0 1 9 10 -1.5 1 9 11 0.25 1 9 12 2.0 1 9 13 -0.5 1 9 14 1.25 1 9 15 -1.25 1 9 16 0.5 1 9 17 -2.0 1 9 18 -0.25 1 9 19 1.5 1 9 20 -1.0 1 9 21 0.75 1 9 22 -1.75 1 9 23 0.0 1 9 24 1.75 1 9 25 -0.75 1 9 26 1.0 1 10 1 0.5 1 10 2 -2.0 1 10 3 -0.25 1 10 4 1.5 1 10 5 -1.0 1 10 6 0.75 1 10 7 -1.75 1 10 8 0.0 1 10 9 1.75 1 10 10 -0.75 1 10 11 1.0 1 10 12 -1.5 1 10 13 0.25 1 10 14 2.0 1 10 15 -0.5 1 10 16 1.25 1 10 17 -1.25 1 10 18 0.5 1 10 19 -2.0 1 10 20 -0.25 1 10 21 1.5 1 10 22 -1.0 1 10 23 0.75 1 10 24 -1.75 1 10 25 0.0 1 10 26 1.75 1 11 1 1.25 1 11 2 -1.25 1 11 3 0.5 1 11 4 -2.0 1 11 5 -0.25 1 11 6 1.5 1 11 7 -1.0 1 11 8 0.75 1 11 9 -1.75 1 11 10 0.0 1 11 11 1.75 1 11 12 -0.75 1 11 13 1.0 1 11 14 -1.5 1 11 15 0.25 1 11 16 2.0 1 11 17 -0.5 1 11 18 1.25 1 11 19 -1.25 1 11 20 0.5 1 11 21 -2.0 1 11 22 -0.25 1 11 23 1.5 1 11 24 -1.0 1 11 25 0.75 1 11 26 -1.75 1 12 1 2.0 1 12 2 -0.5 1 12 3 1.25 1 12 4 -1.25 1 12 5 0.5 1 12 6 -2.0 1 12 7 -0.25 1 12 8 1.5 1 12 9 -1.0 1 12 10 0.75 1 12 11 -1.75 1 12 12 0.0 1 12 13 1.75 1 12 14 -0.75 1 12 15 1.0 1 12 16 -1.5 1 12 17 0.25 1 12 18 2.0 1 12 19 -0.5 1 12 20 1.25 1 12 21 -1.25 1 12 22 0.5 1 12 23 -2.0 1 12 24 -0.25 1 12 25 1.5 1 12 26 -1.0 1 13 1 -1.5 1 13 2 0.25 1 13 3 2.0 1 13 4 -0.5 1 13 5 1.25 1 13 6 -1.25 1 13 7 0.5 1 13 8 -2.0 1 13 9 -0.25 1 13 10 1.5 1 13 11 -1.0 1 13 12 0.75 1 13 13 -1.75 1 13 14 0.0 1 13 15 1.75 1 13 16 -0.75 1 13 17 1.0 1 13 18 -1.5 1 13 19 0.25 1 13 20 2.0 1 13 21 -0.5 1 13 22 1.25 1 13 23 -1.25 1 13 24 0.5 1 13 25 -2.0 1 13 26 -0.25 1 14 1 -0.75 1 14 2 1.0 1 14 3 -1.5 1 14 4 0.25 1 14 5 2.0 1 14 6 -0.5 1 14 7 1.25 1 14 8 -1.25 1 14 9 0.5 1 14 10 -2.0 1 14 11 -0.25 1 14 12 1.5 1 14 13 -1.0 1 14 14 0.75 1 14 15 -1.75 1 14 16 0.0 1 14 17 1.75 1 14 18 -0.75 1 14 19 1.0 1 14 20 -1.5 1 14 21 0.25 1 14 22 2.0 1 14 23 -0.5 1 14 24 1.25 1 14 25 -1.25 1 14 26 0.5 1 15 1 0.0 1 15 2 1.75 1 15 3 -0.75 1 15 4 1.0 1 15 5 -1.5 1 15 6 0.25 1 15 7 2.0 1 15 8 -0.5 1 15 9 1.25 1 15 10 -1.25 1 15 11 0.5 1 15 12 -2.0 1 15 13 -0.25 1 15 14 1.5 1 15 15 -1.0 1 15 16 0.75 1 15 17 -1.75 1 15 18 0.0 1 15 19 1.75 1 15 20 -0.75 1 15 21 1.0 1 15 22 -1.5 1 15 23 0.25 1 15 24 2.0 1 15 25 -0.5 1 15 26 1.25 1 16 1 0.75 1 16 2 -1.75 1 16 3 0.0 1 16 4 1.75 1 16 5 -0.75 1 16 6 1.0 1 16 7 -1.5 1 16 8 0.25 1 16 9 2.0 1 16 10 -0.5 1 16 11 1.25 1 16 12 -1.25 1 16 13 0.5 1 16 14 -2.0 1 16 15 -0.25 1 16 16 1.5 1 16 17 -1.0 1 16 18 0.75 1 16 19 -1.75 1 16 20 0.0 1 16 21 1.75 1 16 22 -0.75 1 16 23 1.0 1 16 24 -1.5 1 16 25 0.25 1 16 26 2.0 1 17 1 1.5 1 17 2 -1.0 1 17 3 0.75 1 17 4 -1.75 1 17 5 0.0 1 17 6 1.75 1 17 7 -0.75 1 17 8 1.0 1 17 9 -1.5 1 17 10 0.25 1 17 11 2.0 1 17 12 -0.5 1 17 13 1.25 1 17 14 -1.25 1 17 15 0.5 1 17 16 -2.0 1 17 17 -0.25 1 17 18 1.5 1 17 19 -1.0 1 17 20 0.75 1 17 21 -1.75 1 17 22 0.0 1 17 23 1.75 1 17 24 -0.75 1 17 25 1.0 1 17 26 -1.5 1 18 1 -2.0 1 18 2 -0.25 1 18 3 1.5 1 18 4 -1.0 1 18 5 0.75 1 18 6 -1.75 1 18 7 0.0 1 18 8 1.75 1 18 9 -0.75 1 18 10 1.0 1 18 11 -1.5 1 18 12 0.25 1 18 13 2.0 1 18 14 -0.5 1 18 15 1.25 1 18 16 -1.25 1 18 17 0.5 1 18 18 -2.0 1 18 19 -0.25 1 18 20 1.5 1 18 21 -1.0 1 18 22 0.75 1 18 23 -1.75 1 18 24 0.0 1 18 25 1.75 1 18 26 -0.75 1 19 1 -1.25 1 19 2 0.5 1 19 3 -2.0 1 19 4 -0.25 1 19 5 1.5 1 19 6 -1.0 1 19 7 0.75 1 19 8 -1.75 1 19 9 0.0 1 19 10 1.75 1 19 11 -0.75 1 19 12 1.0 1 19 13 -1.5 1 19 14 0.25 1 19 15 2.0 1 19 16 -0.5 1 19 17 1.25 1 19 18 -1.25 1 19 19 0.5 1 19 20 -2.0 1 19 21 -0.25 1 19 22 1.5 1 19 23 -1.0 1 19 24 0.75 1 19 25 -1.75 1 19 26 0.0 1 20 1 -0.5 1 20 2 1.25 1 20 3 -1.25 1 20 4 0.5 1 20 5 -2.0 1 20 6 -0.25 1 20 7 1.5 1 20 8 -1.0 1 20 9 0.75 1 20 10 -1.75 1 20 11 0.0 1 20 12 1.75 1 20 13 -0.75 1 20 14 1.0 1 20 15 -1.5 1 20 16 0.25 1 20 17 2.0 1 20 18 -0.5 1 20 19 1.25 1 20 20 -1.25 1 20 21 0.5 1 20 22 -2.0 1 20 23 -0.25 1 20 24 1.5 1 20 25 -1.0 1 20 26 0.75 1 21 1 0.25 1 21 2 2.0 1 21 3 -0.5 1 21 4 1.25 1 21 5 -1.25 1 21 6 0.5 1 21 7 -2.0 1 21 8 -0.25 1 21 9 1.5 1 21 10 -1.0 1 21 11 0.75 1 21 12 -1.75 1 21 13 0.0 1 21 14 1.75 1 21 15 -0.75 1 21 16 1.0 1 21 17 -1.5 1 21 18 0.25 1 21 19 2.0 1 21 20 -0.5 1 21 21 1.25 1 21 22 -1.25 1 21 23 0.5 1 21 24 -2.0 1 21 25 -0.25 1 21 26 1.5 1 22 1 1.0 1 22 2 -1.5 1 22 3 0.25 1 22 4 2.0 1 22 5 -0.5 1 22 6 1.25 1 22 7 -1.25 1 22 8 0.5 1 22 9 -2.0 1 22 10 -0.25 1 22 11 1.5 1 22 12 -1.0 1 22 13 0.75 1 22 14 -1.75 1 22 15 0.0 1 22 16 1.75 1 22 17 -0.75 1 22 18 1.0 1 22 19 -1.5 1 22 20 0.25 1 22 21 2.0 1 22 22 -0.5 1 22 23 1.25 1 22 24 -1.25 1 22 25 0.5 1 22 26 -2.0 1 23 1 1.75 1 23 2 -0.75 1 23 3 1.0 1 23 4 -1.5 1 23 5 0.25 1 23 6 2.0 1 23 7 -0.5 1 23 8 1.25 1 23 9 -1.25 1 23 10 0.5 1 23 11 -2.0 1 23 12 -0.25 1 23 13 1.5 1 23 14 -1.0 1 23 15 0.75 1 23 16 -1.75 1 23 17 0.0 1 23 18 1.75 1 23 19 -0.75 1 23 20 1.0 1 23 21 -1.5 1 23 22 0.25 1 23 23 2.0 1 23 24 -0.5 1 23 25 1.25 1 23 26 -1.25 1 24 1 -1.75 1 24 2 0.0 1 24 3 1.75 1 24 4 -0.75 1 24 5 1.0 1 24 6 -1.5 1 24 7 0.25 1 24 8 2.0 1 24 9 -0.5 1 24 10 1.25 1 24 11 -1.25 1 24 12 0.5 1 24 13 -2.0 1 24 14 -0.25 1 24 15 1.5 1 24 16 -1.0 1 24 17 0.75 1 24 18 -1.75 1 24 19 0.0 1 24 20 1.75 1 24 21 -0.75 1 24 22 1.0 1 24 23 -1.5 1 24 24 0.25 1 24 25 2.0 1 24 26 -0.5 1 25 1 -1.0 1 25 2 0.75 1 25 3 -1.75 1 25 4 0.0 1 25 5 1.75 1 25 6 -0.75 1 25 7 1.0 1 25 8 -1.5 1 25 9 0.25 1 25 10 2.0 1 25 11 -0.5 1 25 12 1.25 1 25 13 -1.25 1 25 14 0.5 1 25 15 -2.0 1 25 16 -0.25 1 25 17 1.5 1 25 18 -1.0 1 25 19 0.75 1 25 20 -1.75 1 25 21 0.0 1 25 22 1.75 1 25 23 -0.75 1 25 24 1.0 1 25 25 -1.5 1 25 26 0.25 1 26 1 -0.25 1 26 2 1.5 1 26 3 -1.0 1 26 4 0.75 1 26 5 -1.75 1 26 6 0.0 1 26 7 1.75 1 26 8 -0.75 1 26 9 1.0 1 26 10 -1.5 1 26 11 0.25 1 26 12 2.0 1 26 13 -0.5 1 26 14 1.25 1 26 15 -1.25 1 26 16 0.5 1 26 17 -2.0 1 26 18 -0.25 1 26 19 1.5 1 26 20 -1.0 1 26 21 0.75 1 26 22 -1.75 1 26 23 0.0 1 26 24 1.75 1 26 25 -0.75 1 26 26 1.0 1 0.0 25 1.0 1 4.0 25 0.0 25 1.0 1 4.0 25 D B 25 25
clamped_clamped_p24_24_q24_24_r1 24 24 26 26 3 3 0 0 1 1 1 -2.0 1 1 2 -0.25 3 1 3 1.5 5 1 4 -1.0 2 1 5 0.75 4 1 6 -1.75 1 1 7 0.0 3 1 8 1.75 5 1 9 -0.75 2 1 10 1.0 4 1 11 -1.5 1 1 12 0.25 3 1 13 2.0 5 1 14 -0.5 2 1 15 1.25 4 1 16 -1.25 1 1 17 0.5 3 1 18 -2.0 5 1 19 -0.25 2 1 20 1.5 4 1 21 -1.0 1 1 22 0.75 3 1 23 -1.75 5 1 24 0.0 2 1 25 1.75 4 1 26 -0.75 1 2 1 -1.25 2 2 2 0.5 4 2 3 -2.0 1 2 4 -0.25 3 2 5 1.5 5 2 6 -1.0 2 2 7 0.75 4 2 8 -1.75 1 2 9 0.0 3 2 10 1.75 5 2 11 -0.75 2 2 12 1.0 4 2 13 -1.5 1 2 14 0.25 3 2 15 2.0 5 2 16 -0.5 2 2 17 1.25 4 2 18 -1.25 1 2 19 0.5 3 2 20 -2.0 5 2 21 -0.25 2 2 22 1.5 4 2 23 -1.0 1 2 24 0.75 3 2 25 -1.75 5 2 26 0.0 2 3 1 -0.5 3 3 2 1.25 5 3 3 -1.25 2 3 4 0.5 4 3 5 -2.0 1 3 6 -0.25 3 3 7 1.5 5 3 8 -1.0 2 3 9 0.75 4 3 10 -1.75 1 3 11 0.0 3 3 12 1.75 5 3 13 -0.75 2 3 14 1.0 4 3 15 -1.5 1 3 16 0.25 3 3 17 2.0 5 3 18 -0.5 2 3 19 1.25 4 3 20 -1.25 1 3 21 0.5 3 3 22 -2.0 5 3 23 -0.25 2 3 24 1.5 4 3 25 -1.0 1 3 26 0.75 3 4 1 0.25 4 4 2 2.0 1 4 3 -0.5 3 4 4 1.25 5 4 5 -1.25 2 4 6 0.5 4 4 7 -2.0 1 4 8 -0.25 3 4 9 1.5 5 4 10 -1.0 2 4 11 0.75 4 4 12 -1.75 1 4 13 0.0 3 4 14 1.75 5 4 15 -0.75 2 4 16 1.0 4 4 17 -1.5 1 4 18 0.25 3 4 19 2.0 5 4 20 -0.5 2 4 21 1.25 4 4 22 -1.25 1 4 23 0.5 3 4 24 -2.0 5 4 25 -0.25 2 4 26 1.5 4 5 1 1.0 5 5 2 -1.5 2 5 3 0.25 4 5 4 2.0 1 5 5 -0.5 3 5 6 1.25 5 5 7 -1.25 2 5 8 0.5 4 5 9 -2.0 1 5 10 -0.25 3 5 11 1.5 5 5 12 -1.0 2 5 13 0.75 4 5 14 -1.75 1 5 15 0.0 3 5 16 1.75 5 5 17 -0.75 2 5 18 1.0 4 5 19 -1.5 1 5 20 0.25 3 5 21 2.0 5 5 22 -0.5 2 5 23 1.25 4 5 24 -1.25 1 5 25 0.5 3 5 26 -2.0 5 6 1 1.75 1 6 2 -0.75 3 6 3 1.0 5 6 4 -1.5 2 6 5 0.25 4 6 6 2.0 1 6 7 -0.5 3 6 8 1.25 5 6 9 -1.25 2 6 10 0.5 4 6 11 -2.0 1 6 12 -0.25 3 6 13 1.5 5 6 14 -1.0 2 6 15 0.75 4 6 16 -1.75 1 6 17 0.0 3 6 18 1.75 5 6 19 -0.75 2 6 20 1.0 4 6 21 -1.5 1 6 22 0.25 3 6 23 2.0 5 6 24 -0.5 2 6 25 1.25 4 6 26 -1.25 1 7 1 -1.75 2 7 2 0.0 4 7 3 1.75 1 7 4 -0.75 3 7 5 1.0 5 7 6 -1.5 2 7 7 0.25 4 7 8 2.0 1 7 9 -0.5 3 7 10 1.25 5 7 11 -1.25 2 7 12 0.5 4 7 13 -2.0 1 7 14 -0.25 3 7 15 1.5 5 7 16 -1.0 2 7 17 0.75 4 7 18 -1.75 1 7 19 0.0 3 7 20 1.75 5 7 21 -0.75 2 7 22 1.0 4 7 23 -1.5 1 7 24 0.25 3 7 25 2.0 5 7 26 -0.5 2 8 1 -1.0 3 8 2 0.75 5 8 3 -1.75 2 8 4 0.0 4 8 5 1.75 1 8 6 -0.75 3 8 7 1.0 5 8 8 -1.5 2 8 9 0.25 4 8 10 2.0 1 8 11 -0.5 3 8 12 1.25 5 8 13 -1.25 2 8 14 0.5 4 8 15 -2.0 1 8 16 -0.25 3 8 17 1.5 5 8 18 -1.0 2 8 19 0.75 4 8 20 -1.75 1 8 21 0.0 3 8 22 1.75 5 8 23 -0.75 2 8 24 1.0 4 8 25 -1.5 1 8 26 0.25 3 9 1 -0.25 4 9 2 1.5 1 9 3 -1.0 3 9 4 0.75 5 9 5 -1.75 2 9 6 0.0 4 9 7 1.75 1 9 8 -0.75 3 9 9 1.0 5 9 10 -1.5 2 9 11 0.25 4 9 12 2.0 1 9 13 -0.5 3 9 14 1.25 5 9 15 -1.25 2 9 16 0.5 4 9 17 -2.0 1 9 18 -0.25 3 9 19 1.5 5 9 20 -1.0 2 9 21 0.75 4 9 22 -1.75 1 9 23 0.0 3 9 24 1.75 5 9 25 -0.75 2 9 26 1.0 4 10 1 0.5 5 10 2 -2.0 2 10 3 -0.25 4 10 4 1.5 1 10 5 -1.0 3 10 6 0.75 5 10 7 -1.75 2 10 8 0.0 4 10 9 1.75 1 10 10 -0.75 3 10 11 1.0 5 10 12 -1.5 2 10 13 0.25 4 10 14 2.0 1 10 15 -0.5 3 10 16 1.25 5 10 17 -1.25 2 10 18 0.5 4 10 19 -2.0 1 10 20 -0.25 3 10 21 1.5 5 10 22 -1.0 2 10 23 0.75 4 10 24 -1.75 1 10 25 0.0 3 10 26 1.75 5 11 1 1.25 1 11 2 -1.25 3 11 3 0.5 5 11 4 -2.0 2 11 5 -0.25 4 11 6 1.5 1 11 7 -1.0 3 11 8 0.75 5 11 9 -1.75 2 11 10 0.0 4 11 11 1.75 1 11 12 -0.75 3 11 13 1.0 5 11 14 -1.5 2 11 15 0.25 4 11 16 2.0 1 11 17 -0.5 3 11 18 1.25 5 11 19 -1.25 2 11 20 0.5 4 11 21 -2.0 1 11 22 -0.25 3 11 23 1.5 5 11 24 -1.0 2 11 25 0.75 4 11 26 -1.75 1 12 1 2.0 2 12 2 -0.5 4 12 3 1.25 1 12 4 -1.25 3 12 5 0.5 5 12 6 -2.0 2 12 7 -0.25 4 12 8 1.5 1 12 9 -1.0 3 12 10 0.75 5 12 11 -1.75 2 12 12 0.0 4 12 13 1.75 1 12 14 -0.75 3 12 15 1.0 5 12 16 -1.5 2 12 17 0.25 4 12 18 2.0 1 12 19 -0.5 3 12 20 1.25 5 12 21 -1.25 2 12 22 0.5 4 12 23 -2.0 1 12 24 -0.25 3 12 25 1.5 5 12 26 -1.0 2 13 1 -1.5 3 13 2 0.25 5 13 3 2.0 2 13 4 -0.5 4 13 5 1.25 1 13 6 -1.25 3 13 7 0.5 5 13 8 -2.0 2 13 9 -0.25 4 13 10 1.5 1 13 11 -1.0 3 13 12 0.75 5 13 13 -1.75 2 13 14 0.0 4 13 15 1.75 1 13 16 -0.75 3 13 17 1.0 5 13 18 -1.5 2 13 19 0.25 4 13 20 2.0 1 13 21 -0.5 3 13 22 1.25 5 13 23 -1.25 2 13 24 0.5 4 13 25 -2.0 1 13 26 -0.25 3 14 1 -0.75 4 14 2 1.0 1 14 3 -1.5 3 14 4 0.25 5 14 5 2.0 2 14 6 -0.5 4 14 7 1.25 1 14 8 -1.25 3 14 9 0.5 5 14 10 -2.0 2 14 11 -0.25 4 14 12 1.5 1 14 13 -1.0 3 14 14 0.75 5 14 15 -1.75 2 14 16 0.0 4 14 17 1.75 1 14 18 -0.75 3 14 19 1.0 5 14 20 -1.5 2 14 21 0.25 4 14 22 2.0 1 14 23 -0.5 3 14 24 1.25 5 14 25 -1.25 2 14 26 0.5 4 15 1 0.0 5 15 2 1.75 2 15 3 -0.75 4 15 4 1.0 1 15 5 -1.5 3 15 6 0.25 5 15 7 2.0 2 15 8 -0.5 4 15 9 1.25 1 15 10 -1.25 3 15 11 0.5 5 15 12 -2.0 2 15 13 -0.25 4 15 14 1.5 1 15 15 -1.0 3 15 16 0.75 5 15 17 -1.75 2 15 18 0.0 4 15 19 1.75 1 15 20 -0.75 3 15 21 1.0 5 15 22 -1.5 2 15 23 0.25 4 15 24 2.0 1 15 25 -0.5 3 15 26 1.25 5 16 1 0.75 1 16 2 -1.75 3 16 3 0.0 5 16 4 1.75 2 16 5 -0.75 4 16 6 1.0 1 16 7 -1.5 3 16 8 0.25 5 16 9 2.0 2 16 10 -0.5 4 16 11 1.25 1 16 12 -1.25 3 16 13 0.5 5 16 14 -2.0 2 16 15 -0.25 4 16 16 1.5 1 16 17 -1.0 3 16 18 0.75 5 16 19 -1.75 2 16 20 0.0 4 16 21 1.75 1 16 22 -0.75 3 16 23 1.0 5 16 24 -1.5 2 16 25 0.25 4 16 26 2.0 1 17 1 1.5 2 17 2 -1.0 4 17 3 0.75 1 17 4 -1.75 3 17 5 0.0 5 17 6 1.75 2 17 7 -0.75 4 17 8 1.0 1 17 9 -1.5 3 17 10 0.25 5 17 11 2.0 2 17 12 -0.5 4 17 13 1.25 1 17 14 -1.25 3 17 15 0.5 5 17 16 -2.0 2 17 17 -0.25 4 17 18 1.5 1 17 19 -1.0 3 17 20 0.75 5 17 21 -1.75 2 17 22 0.0 4 17 23 1.75 1 17 24 -0.75 3 17 25 1.0 5 17 26 -1.5 2 18 1 -2.0 3 18 2 -0.25 5 18 3 1.5 2 18 4 -1.0 4 18 5 0.75 1 18 6 -1.75 3 18 7 0.0 5 18 8 1.75 2 18 9 -0.75 4 18 10 1.0 1 18 11 -1.5 3 18 12 0.25 5 18 13 2.0 2 18 14 -0.5 4 18 15 1.25 1 18 16 -1.25 3 18 17 0.5 5 18 18 -2.0 2 18 19 -0.25 4 18 20 1.5 1 18 21 -1.0 3 18 22 0.75 5 18 23 -1.75 2 18 24 0.0 4 18 25 1.75 1 18 26 -0.75 3 19 1 -1.25 4 19 2 0.5 1 19 3 -2.0 3 19 4 -0.25 5 19 5 1.5 2 19 6 -1.0 4 19 7 0.75 1 19 8 -1.75 3 19 9 0.0 5 19 10 1.75 2 19 11 -0.75 4 19 12 1.0 1 19 13 -1.5 3 19 14 0.25 5 19 15 2.0 2 19 16 -0.5 4 19 17 1.25 1 19 18 -1.25 3 19 19 0.5 5 19 20 -2.0 2 19 21 -0.25 4 19 22 1.5 1 19 23 -1.0 3 19 24 0.75 5 19 25 -1.75 2 19 26 0.0 4 20 1 -0.5 5 20 2 1.25 2 20 3 -1.25 4 20 4 0.5 1 20 5 -2.0 3 20 6 -0.25 5 20 7 1.5 2 20 8 -1.0 4 20 9 0.75 1 20 10 -1.75 3 20 11 0.0 5 20 12 1.75 2 20 13 -0.75 4 20 14 1.0 1 20 15 -1.5 3 20 16 0.25 5 20 17 2.0 2 20 18 -0.5 4 20 19 1.25 1 20 20 -1.25 3 20 21 0.5 5 20 22 -2.0 2 20 23 -0.25 4 20 24 1.5 1 20 25 -1.0 3 20 26 0.75 5 21 1 0.25 1 21 2 2.0 3 21 3 -0.5 5 21 4 1.25 2 21 5 -1.25 4 21 6 0.5 1 21 7 -2.0 3 21 8 -0.25 5 21 9 1.5 2 21 10 -1.0 4 21 11 0.75 1 21 12 -1.75 3 21 13 0.0 5 21 14 1.75 2 21 15 -0.75 4 21 16 1.0 1 21 17 -1.5 3 21 18 0.25 5 21 19 2.0 2 21 20 -0.5 4 21 21 1.25 1 21 22 -1.25 3 21 23 0.5 5 21 24 -2.0 2 21 25 -0.25 4 21 26 1.5 1 22 1 1.0 2 22 2 -1.5 4 22 3 0.25 1 22 4 2.0 3 22 5 -0.5 5 22 6 1.25 2 22 7 -1.25 4 22 8 0.5 1 22 9 -2.0 3 22 10 -0.25 5 22 11 1.5 2 22 12 -1.0 4 22 13 0.75 1 22 14 -1.75 3 22 15 0.0 5 22 16 1.75 2 22 17 -0.75 4 22 18 1.0 1 22 19 -1.5 3 22 20 0.25 5 22 21 2.0 2 22 22 -0.5 4 22 23 1.25 1 22 24 -1.25 3 22 25 0.5 5 22 26 -2.0 2 23 1 1.75 3 23 2 -0.75 5 23 3 1.0 2 23 4 -1.5 4 23 5 0.25 1 23 6 2.0 3 23 7 -0.5 5 23 8 1.25 2 23 9 -1.25 4 23 10 0.5 1 23 11 -2.0 3 23 12 -0.25 5 23 13 1.5 2 23 14 -1.0 4 23 15 0.75 1 23 16 -1.75 3 23 17 0.0 5 23 18 1.75 2 23 19 -0.75 4 23 20 1.0 1 23 21 -1.5 3 23 22 0.25 5 23 23 2.0 2 23 24 -0.5 4 23 25 1.25 1 23 26 -1.25 3 24 1 -1.75 4 24 2 0.0 1 24 3 1.75 3 24 4 -0.75 5 24 5 1.0 2 24 6 -1.5 4 24 7 0.25 1 24 8 2.0 3 24 9 -0.5 5 24 10 1.25 2 24 11 -1.25 4 24 12 0.5 1 24 13 -2.0 3 24 14 -0.25 5 24 15 1.5 2 24 16 -1.0 4 24 17 0.75 1 24 18 -1.75 3 24 19 0.0 5 24 20 1.75 2 24 21 -0.75 4 24 22 1.0 1 24 23 -1.5 3 24 24 0.25 5 24 25 2.0 2 24 26 -0.5 4 25 1 -1.0 5 25 2 0.75 2 25 3 -1.75 4 25 4 0.0 1 25 5 1.75 3 25 6 -0.75 5 25 7 1.0 2 25 8 -1.5 4 25 9 0.25 1 25 10 2.0 3 25 11 -0.5 5 25 12 1.25 2 25 13 -1.25 4 25 14 0.5 1 25 15 -2.0 3 25 16 -0.25 5 25 17 1.5 2 25 18 -1.0 4 25 19 0.75 1 25 20 -1.75 3 25 21 0.0 5 25 22 1.75 2 25 23 -0.75 4 25 24 1.0 1 25 25 -1.5 3 25 26 0.25 5 26 1 -0.25 1 26 2 1.5 3 26 3 -1.0 5 26 4 0.75 2 26 5 -1.75 4 26 6 0.0 1 26 7 1.75 3 26 8 -0.75 5 26 9 1.0 2 26 10 -1.5 4 26 11 0.25 1 26 12 2.0 3 26 13 -0.5 5 26 14 1.25 2 26 15 -1.25 4 26 16 0.5 1 26 17 -2.0 3 26 18 -0.25 5 26 19 1.5 2 26 20 -1.0 4 26 21 0.75 1 26 22 -1.75 3 26 23 0.0 5 26 24 1.75 2 26 25 -0.75 4 26 26 1.0 1 0.0 25 1.0 1 4.0 25 0.0 25 1.0 1 4.0 25 D B 24 24
clamped_clamped_p24_24_q24_25_r1 24 24 26 26 3 3 0 0 1 1 1 -2.0 1 1 2 -0.25 3 1 3 1.5 5 1 4 -1.0 2 1 5 0.75 4 1 6 -1.75 1 1 7 0.0 3 1 8 1.75 5 1 9 -0.75 2 1 10 1.0 4 1 11 -1.5 1 1 12 0.25 3 1 13 2.0 5 1 14 -0.5 2 1 15 1.25 4 1 16 -1.25 1 1 17 0.5 3 1 18 -2.0 5 1 19 -0.25 2 1 20 1.5 4 1 21 -1.0 1 1 22 0.75 3 1 23 -1.75 5 1 24 0.0 2 1 25 1.75 4 1 26 -0.75 1 2 1 -1.25 2 2 2 0.5 4 2 3 -2.0 1 2 4 -0.25 3 2 5 1.5 5 2 6 -1.0 2 2 7 0.75 4 2 8 -1.75 1 2 9 0.0 3 2 10 1.75 5 2 11 -0.75 2 2 12 1.0 4 2 13 -1.5 1 2 14 0.25 3 2 15 2.0 5 2 16 -0.5 2 2 17 1.25 4 2 18 -1.25 1 2 19 0.5 3 2 20 -2.0 5 2 21 -0.25 2 2 22 1.5 4 2 23 -1.0 1 2 24 0.75 3 2 25 -1.75 5 2 26 0.0 2 3 1 -0.5 3 3 2 1.25 5 3 3 -1.25 2 3 4 0.5 4 3 5 -2.0 1 3 6 -0.25 3 3 7 1.5 5 3 8 -1.0 2 3 9 0.75 4 3 10 -1.75 1 3 11 0.0 3 3 12 1.75 5 3 13 -0.75 2 3 14 1.0 4 3 15 -1.5 1 3 16 0.25 3 3 17 2.0 5 3 18 -0.5 2 3 19 1.25 4 3 20 -1.25 1 3 21 0.5 3 3 22 -2.0 5 3 23 -0.25 2 3 24 1.5 4 3 25 -1.0 1 3 26 0.75 3 4 1 0.25 4 4 2 2.0 1 4 3 -0.5 3 4 4 1.25 5 4 5 -1.25 2 4 6 0.5 4 4 7 -2.0 1 4 8 -0.25 3 4 9 1.5 5 4 10 -1.0 2 4 11 0.75 4 4 12 -1.75 1 4 13 0.0 3 4 14 1.75 5 4 15 -0.75 2 4 16 1.0 4 4 17 -1.5 1 4 18 0.25 3 4 19 2.0 5 4 20 -0.5 2 4 21 1.25 4 4 22 -1.25 1 4 23 0.5 3 4 24 -2.0 5 4 25 -0.25 2 4 26 1.5 4 5 1 1.0 5 5 2 -1.5 2 5 3 0.25 4 5 4 2.0 1 5 5 -0.5 3 5 6 1.25 5 5 7 -1.25 2 5 8 0.5 4 5 9 -2.0 1 5 10 -0.25 3 5 11 1.5 5 5 12 -1.0 2 5 13 0.75 4 5 14 -1.75 1 5 15 0.0 3 5 16 1.75 5 5 17 -0.75 2 5 18 1.0 4 5 19 -1.5 1 5 20 0.25 3 5 21 2.0 5 5 22 -0.5 2 5 23 1.25 4 5 24 -1.25 1 5 25 0.5 3 5 26 -2.0 5 6 1 1.75 1 6 2 -0.75 3 6 3 1.0 5 6 4 -1.5 2 6 5 0.25 4 6 6 2.0 1 6 7 -0.5 3 6 8 1.25 5 6 9 -1.25 2 6 10 0.5 4 6 11 -2.0 1 6 12 -0.25 3 6 13 1.5 5 6 14 -1.0 2 6 15 0.75 4 6 16 -1.75 1 6 17 0.0 3 6 18 1.75 5 6 19 -0.75 2 6 20 1.0 4 6 21 -1.5 1 6 22 0.25 3 6 23 2.0 5 6 24 -0.5 2 6 25 1.25 4 6 26 -1.25 1 7 1 -1.75 2 7 2 0.0 4 7 3 1.75 1 7 4 -0.75 3 7 5 1.0 5 7 6 -1.5 2 7 7 0.25 4 7 8 2.0 1 7 9 -0.5 3 7 10 1.25 5 7 11 -1.25 2 7 12 0.5 4 7 13 -2.0 1 7 14 -0.25 3 7 15 1.5 5 7 16 -1.0 2 7 17 0.75 4 7 18 -1.75 1 7 19 0.0 3 7 20 1.75 5 7 21 -0.75 2 7 22 1.0 4 7 23 -1.5 1 7 24 0.25 3 7 25 2.0 5 7 26 -0.5 2 8 1 -1.0 3 8 2 0.75 5 8 3 -1.75 2 8 4 0.0 4 8 5 1.75 1 8 6 -0.75 3 8 7 1.0 5 8 8 -1.5 2 8 9 0.25 4 8 10 2.0 1 8 11 -0.5 3 8 12 1.25 5 8 13 -1.25 2 8 14 0.5 4 8 15 -2.0 1 8 16 -0.25 3 8 17 1.5 5 8 18 -1.0 2 8 19 0.75 4 8 20 -1.75 1 8 21 0.0 3 8 22 1.75 5 8 23 -0.75 2 8 24 1.0 4 8 25 -1.5 1 8 26 0.25 3 9 1 -0.25 4 9 2 1.5 1 9 3 -1.0 3 9 4 0.75 5 9 5 -1.75 2 9 6 0.0 4 9 7 1.75 1 9 8 -0.75 3 9 9 1.0 5 9 10 -1.5 2 9 11 0.25 4 9 12 2.0 1 9 13 -0.5 3 9 14 1.25 5 9 15 -1.25 2 9 16 0.5 4 9 17 -2.0 1 9 18 -0.25 3 9 19 1.5 5 9 20 -1.0 2 9 21 0.75 4 9 22 -1.75 1 9 23 0.0 3 9 24 1.75 5 9 25 -0.75 2 9 26 1.0 4 10 1 0.5 5 10 2 -2.0 2 10 3 -0.25 4 10 4 1.5 1 10 5 -1.0 3 10 6 0.75 5 10 7 -1.75 2 10 8 0.0 4 10 9 1.75 1 10 10 -0.75 3 10 11 1.0 5 10 12 -1.5 2 10 13 0.25 4 10 14 2.0 1 10 15 -0.5 3 10 16 1.25 5 10 17 -1.25 2 10 18 0.5 4 10 19 -2.0 1 10 20 -0.25 3 10 21 1.5 5 10 22 -1.0 2 10 23 0.75 4 10 24 -1.75 1 10 25 0.0 3 10 26 1.75 5 11 1 1.25 1 11 2 -1.25 3 11 3 0.5 5 11 4 -2.0 2 11 5 -0.25 4 11 6 1.5 1 11 7 -1.0 3 11 8 0.75 5 11 9 -1.75 2 11 10 0.0 4 11 11 1.75 1 11 12 -0.75 3 11 13 1.0 5 11 14 -1.5 2 11 15 0.25 4 11 16 2.0 1 11 17 -0.5 3 11 18 1.25 5 11 19 -1.25 2 11 20 0.5 4 11 21 -2.0 1 11 22 -0.25 3 11 23 1.5 5 11 24 -1.0 2 11 25 0.75 4 11 26 -1.75 1 12 1 2.0 2 12 2 -0.5 4 12 3 1.25 1 12 4 -1.25 3 12 5 0.5 5 12 6 -2.0 2 12 7 -0.25 4 12 8 1.5 1 12 9 -1.0 3 12 10 0.75 5 12 11 -1.75 2 12 12 0.0 4 12 13 1.75 1 12 14 -0.75 3 12 15 1.0 5 12 16 -1.5 2 12 17 0.25 4 12 18 2.0 1 12 19 -0.5 3 12 20 1.25 5 12 21 -1.25 2 12 22 0.5 4 12 23 -2.0 1 12 24 -0.25 3 12 25 1.5 5 12 26 -1.0 2 13 1 -1.5 3 13 2 0.25 5 13 3 2.0 2 13 4 -0.5 4 13 5 1.25 1 13 6 -1.25 3 13 7 0.5 5 13 8 -2.0 2 13 9 -0.25 4 13 10 1.5 1 13 11 -1.0 3 13 12 0.75 5 13 13 -1.75 2 13 14 0.0 4 13 15 1.75 1 13 16 -0.75 3 13 17 1.0 5 13 18 -1.5 2 13 19 0.25 4 13 20 2.0 1 13 21 -0.5 3 13 22 1.25 5 13 23 -1.25 2 13 24 0.5 4 13 25 -2.0 1 13 26 -0.25 3 14 1 -0.75 4 14 2 1.0 1 14 3 -1.5 3 14 4 0.25 5 14 5 2.0 2 14 6 -0.5 4 14 7 1.25 1 14 8 -1.25 3 14 9 0.5 5 14 10 -2.0 2 14 11 -0.25 4 14 12 1.5 1 14 13 -1.0 3 14 14 0.75 5 14 15 -1.75 2 14 16 0.0 4 14 17 1.75 1 14 18 -0.75 3 14 19 1.0 5 14 20 -1.5 2 14 21 0.25 4 14 22 2.0 1 14 23 -0.5 3 14 24 1.25 5 14 25 -1.25 2 14 26 0.5 4 15 1 0.0 5 15 2 1.75 2 15 3 -0.75 4 15 4 1.0 1 15 5 -1.5 3 15 6 0.25 5 15 7 2.0 2 15 8 -0.5 4 15 9 1.25 1 15 10 -1.25 3 15 11 0.5 5 15 12 -2.0 2 15 13 -0.25 4 15 14 1.5 1 15 15 -1.0 3 15 16 0.75 5 15 17 -1.75 2 15 18 0.0 4 15 19 1.75 1 15 20 -0.75 3 15 21 1.0 5 15 22 -1.5 2 15 23 0.25 4 15 24 2.0 1 15 25 -0.5 3 15 26 1.25 5 16 1 0.75 1 16 2 -1.75 3 16 3 0.0 5 16 4 1.75 2 16 5 -0.75 4 16 6 1.0 1 16 7 -1.5 3 16 8 0.25 5 16 9 2.0 2 16 10 -0.5 4 16 11 1.25 1 16 12 -1.25 3 16 13 0.5 5 16 14 -2.0 2 16 15 -0.25 4 16 16 1.5 1 16 17 -1.0 3 16 18 0.75 5 16 19 -1.75 2 16 20 0.0 4 16 21 1.75 1 16 22 -0.75 3 16 23 1.0 5 16 24 -1.5 2 16 25 0.25 4 16 26 2.0 1 17 1 1.5 2 17 2 -1.0 4 17 3 0.75 1 17 4 -1.75 3 17 5 0.0 5 17 6 1.75 2 17 7 -0.75 4 17 8 1.0 1 17 9 -1.5 3 17 10 0.25 5 17 11 2.0 2 17 12 -0.5 4 17 13 1.25 1 17 14 -1.25 3 17 15 0.5 5 17 16 -2.0 2 17 17 -0.25 4 17 18 1.5 1 17 19 -1.0 3 17 20 0.75 5 17 21 -1.75 2 17 22 0.0 4 17 23 1.75 1 17 24 -0.75 3 17 25 1.0 5 17 26 -1.5 2 18 1 -2.0 3 18 2 -0.25 5 18 3 1.5 2 18 4 -1.0 4 18 5 0.75 1 18 6 -1.75 3 18 7 0.0 5 18 8 1.75 2 18 9 -0.75 4 18 10 1.0 1 18 11 -1.5 3 18 12 0.25 5 18 13 2.0 2 18 14 -0.5 4 18 15 1.25 1 18 16 -1.25 3 18 17 0.5 5 18 18 -2.0 2 18 19 -0.25 4 18 20 1.5 1 18 21 -1.0 3 18 22 0.75 5 18 23 -1.75 2 18 24 0.0 4 18 25 1.75 1 18 26 -0.75 3 19 1 -1.25 4 19 2 0.5 1 19 3 -2.0 3 19 4 -0.25 5 19 5 1.5 2 19 6 -1.0 4 19 7 0.75 1 19 8 -1.75 3 19 9 0.0 5 19 10 1.75 2 19 11 -0.75 4 19 12 1.0 1 19 13 -1.5 3 19 14 0.25 5 19 15 2.0 2 19 16 -0.5 4 19 17 1.25 1 19 18 -1.25 3 19 19 0.5 5 19 20 -2.0 2 19 21 -0.25 4 19 22 1.5 1 19 23 -1.0 3 19 24 0.75 5 19 25 -1.75 2 19 26 0.0 4 20 1 -0.5 5 20 2 1.25 2 20 3 -1.25 4 20 4 0.5 1 20 5 -2.0 3 20 6 -0.25 5 20 7 1.5 2 20 8 -1.0 4 20 9 0.75 1 20 10 -1.75 3 20 11 0.0 5 20 12 1.75 2 20 13 -0.75 4 20 14 1.0 1 20 15 -1.5 3 20 16 0.25 5 20 17 2.0 2 20 18 -0.5 4 20 19 1.25 1 20 20 -1.25 3 20 21 0.5 5 20 22 -2.0 2 20 23 -0.25 4 20 24 1.5 1 20 25 -1.0 3 20 26 0.75 5 21 1 0.25 1 21 2 2.0 3 21 3 -0.5 5 21 4 1.25 2 21 5 -1.25 4 21 6 0.5 1 21 7 -2.0 3 21 8 -0.25 5 21 9 1.5 2 21 10 -1.0 4 21 11 0.75 1 21 12 -1.75 3 21 13 0.0 5 21 14 1.75 2 21 15 -0.75 4 21 16 1.0 1 21 17 -1.5 3 21 18 0.25 5 21 19 2.0 2 21 20 -0.5 4 21 21 1.25 1 21 22 -1.25 3 21 23 0.5 5 21 24 -2.0 2 21 25 -0.25 4 21 26 1.5 1 22 1 1.0 2 22 2 -1.5 4 22 3 0.25 1 22 4 2.0 3 22 5 -0.5 5 22 6 1.25 2 22 7 -1.25 4 22 8 0.5 1 22 9 -2.0 3 22 10 -0.25 5 22 11 1.5 2 22 12 -1.0 4 22 13 0.75 1 22 14 -1.75 3 22 15 0.0 5 22 16 1.75 2 22 17 -0.75 4 22 18 1.0 1 22 19 -1.5 3 22 20 0.25 5 22 21 2.0 2 22 22 -0.5 4 22 23 1.25 1 22 24 -1.25 3 22 25 0.5 5 22 26 -2.0 2 23 1 1.75 3 23 2 -0.75 5 23 3 1.0 2 23 4 -1.5 4 23 5 0.25 1 23 6 2.0 3 23 7 -0.5 5 23 8 1.25 2 23 9 -1.25 4 23 10 0.5 1 23 11 -2.0 3 23 12 -0.25 5 23 13 1.5 2 23 14 -1.0 4 23 15 0.75 1 23 16 -1.75 3 23 17 0.0 5 23 18 1.75 2 23 19 -0.75 4 23 20 1.0 1 23 21 -1.5 3 23 22 0.25 5 23 23 2.0 2 23 24 -0.5 4 23 25 1.25 1 23 26 -1.25 3 24 1 -1.75 4 24 2 0.0 1 24 3 1.75 3 24 4 -0.75 5 24 5 1.0 2 24 6 -1.5 4 24 7 0.25 1 24 8 2.0 3 24 9 -0.5 5 24 10 1.25 2 24 11 -1.25 4 24 12 0.5 1 24 13 -2.0 3 24 14 -0.25 5 24 15 1.5 2 24 16 -1.0 4 24 17 0.75 1 24 18 -1.75 3 24 19 0.0 5 24 20 1.75 2 24 21 -0.75 4 24 22 1.0 1 24 23 -1.5 3 24 24 0.25 5 24 25 2.0 2 24 26 -0.5 4 25 1 -1.0 5 25 2 0.75 2 25 3 -1.75 4 25 4 0.0 1 25 5 1.75 3 25 6 -0.75 5 25 7 1.0 2 25 8 -1.5 4 25 9 0.25 1 25 10 2.0 3 25 11 -0.5 5 25 12 1.25 2 25 13 -1.25 4 25 14 0.5 1 25 15 -2.0 3 25 16 -0.25 5 25 17 1.5 2 25 18 -1.0 4 25 19 0.75 1 25 20 -1.75 3 25 21 0.0 5 25 22 1.75 2 25 23 -0.75 4 25 24 1.0 1 25 25 -1.5 3 25 26 0.25 5 26 1 -0.25 1 26 2 1.5 3 26 3 -1.0 5 26 4 0.75 2 26 5 -1.75 4 26 6 0.0 1 26 7 1.75 3 26 8 -0.75 5 26 9 1.0 2 26 10 -1.5 4 26 11 0.25 1 26 12 2.0 3 26 13 -0.5 5 26 14 1.25 2 26 15 -1.25 4 26 16 0.5 1 26 17 -2.0 3 26 18 -0.25 5 26 19 1.5 2 26 20 -1.0 4 26 21 0.75 1 26 22 -1.75 3 26 23 0.0 5 26 24 1.75 2 26 25 -0.75 4 26 26 1.0 1 0.0 25 1.0 1 4.0 25 0.0 25 1.0 1 4.0 25 D B 24 25
clamped_clamped_p24_24_q25_24_r1 24 24 26 26 3 3 0 0 1 1 1 -2.0 1 1 2 -0.25 3 1 3 1.5 5 1 4 -1.0 2 1 5 0.75 4 1 6 -1.75 1 1 7 0.0 3 1 8 1.75 5 1 9 -0.75 2 1 10 1.0 4 1 11 -1.5 1 1 12 0.25 3 1 13 2.0 5 1 14 -0.5 2 1 15 1.25 4 1 16 -1.25 1 1 17 0.5 3 1 18 -2.0 5 1 19 -0.25 2 1 20 1.5 4 1 21 -1.0 1 1 22 0.75 3 1 23 -1.75 5 1 24 0.0 2 1 25 1.75 4 1 26 -0.75 1 2 1 -1.25 2 2 2 0.5 4 2 3 -2.0 1 2 4 -0.25 3 2 5 1.5 5 2 6 -1.0 2 2 7 0.75 4 2 8 -1.75 1 2 9 0.0 3 2 10 1.75 5 2 11 -0.75 2 2 12 1.0 4 2 13 -1.5 1 2 14 0.25 3 2 15 2.0 5 2 16 -0.5 2 2 17 1.25 4 2 18 -1.25 1 2 19 0.5 3 2 20 -2.0 5 2 21 -0.25 2 2 22 1.5 4 2 23 -1.0 1 2 24 0.75 3 2 25 -1.75 5 2 26 0.0 2 3 1 -0.5 3 3 2 1.25 5 3 3 -1.25 2 3 4 0.5 4 3 5 -2.0 1 3 6 -0.25 3 3 7 1.5 5 3 8 -1.0 2 3 9 0.75 4 3 10 -1.75 1 3 11 0.0 3 3 12 1.75 5 3 13 -0.75 2 3 14 1.0 4 3 15 -1.5 1 3 16 0.25 3 3 17 2.0 5 3 18 -0.5 2 3 19 1.25 4 3 20 -1.25 1 3 21 0.5 3 3 22 -2.0 5 3 23 -0.25 2 3 24 1.5 4 3 25 -1.0 1 3 26 0.75 3 4 1 0.25 4 4 2 2.0 1 4 3 -0.5 3 4 4 1.25 5 4 5 -1.25 2 4 6 0.5 4 4 7 -2.0 1 4 8 -0.25 3 4 9 1.5 5 4 10 -1.0 2 4 11 0.75 4 4 12 -1.75 1 4 13 0.0 3 4 14 1.75 5 4 15 -0.75 2 4 16 1.0 4 4 17 -1.5 1 4 18 0.25 3 4 19 2.0 5 4 20 -0.5 2 4 21 1.25 4 4 22 -1.25 1 4 23 0.5 3 4 24 -2.0 5 4 25 -0.25 2 4 26 1.5 4 5 1 1.0 5 5 2 -1.5 2 5 3 0.25 4 5 4 2.0 1 5 5 -0.5 3 5 6 1.25 5 5 7 -1.25 2 5 8 0.5 4 5 9 -2.0 1 5 10 -0.25 3 5 11 1.5 5 5 12 -1.0 2 5 13 0.75 4 5 14 -1.75 1 5 15 0.0 3 5 16 1.75 5 5 17 -0.75 2 5 18 1.0 4 5 19 -1.5 1 5 20 0.25 3 5 21 2.0 5 5 22 -0.5 2 5 23 1.25 4 5 24 -1.25 1 5 25 0.5 3 5 26 -2.0 5 6 1 1.75 1 6 2 -0.75 3 6 3 1.0 5 6 4 -1.5 2 6 5 0.25 4 6 6 2.0 1 6 7 -0.5 3 6 8 1.25 5 6 9 -1.25 2 6 10 0.5 4 6 11 -2.0 1 6 12 -0.25 3 6 13 1.5 5 6 14 -1.0 2 6 15 0.75 4 6 16 -1.75 1 6 17 0.0 3 6 18 1.75 5 6 19 -0.75 2 6 20 1.0 4 6 21 -1.5 1 6 22 0.25 3 6 23 2.0 5 6 24 -0.5 2 6 25 1.25 4 6 26 -1.25 1 7 1 -1.75 2 7 2 0.0 4 7 3 1.75 1 7 4 -0.75 3 7 5 1.0 5 7 6 -1.5 2 7 7 0.25 4 7 8 2.0 1 7 9 -0.5 3 7 10 1.25 5 7 11 -1.25 2 7 12 0.5 4 7 13 -2.0 1 7 14 -0.25 3 7 15 1.5 5 7 16 -1.0 2 7 17 0.75 4 7 18 -1.75 1 7 19 0.0 3 7 20 1.75 5 7 21 -0.75 2 7 22 1.0 4 7 23 -1.5 1 7 24 0.25 3 7 25 2.0 5 7 26 -0.5 2 8 1 -1.0 3 8 2 0.75 5 8 3 -1.75 2 8 4 0.0 4 8 5 1.75 1 8 6 -0.75 3 8 7 1.0 5 8 8 -1.5 2 8 9 0.25 4 8 10 2.0 1 8 11 -0.5 3 8 12 1.25 5 8 13 -1.25 2 8 14 0.5 4 8 15 -2.0 1 8 16 -0.25 3 8 17 1.5 5 8 18 -1.0 2 8 19 0.75 4 8 20 -1.75 1 8 21 0.0 3 8 22 1.75 5 8 23 -0.75 2 8 24 1.0 4 8 25 -1.5 1 8 26 0.25 3 9 1 -0.25 4 9 2 1.5 1 9 3 -1.0 3 9 4 0.75 5 9 5 -1.75 2 9 6 0.0 4 9 7 1.75 1 9 8 -0.75 3 9 9 1.0 5 9 10 -1.5 2 9 11 0.25 4 9 12 2.0 1 9 13 -0.5 3 9 14 1.25 5 9 15 -1.25 2 9 16 0.5 4 9 17 -2.0 1 9 18 -0.25 3 9 19 1.5 5 9 20 -1.0 2 9 21 0.75 4 9 22 -1.75 1 9 23 0.0 3 9 24 1.75 5 9 25 -0.75 2 9 26 1.0 4 10 1 0.5 5 10 2 -2.0 2 10 3 -0.25 4 10 4 1.5 1 10 5 -1.0 3 10 6 0.75 5 10 7 -1.75 2 10 8 0.0 4 10 9 1.75 1 10 10 -0.75 3 10 11 1.0 5 10 12 -1.5 2 10 13 0.25 4 10 14 2.0 1 10 15 -0.5 3 10 16 1.25 5 10 17 -1.25 2 10 18 0.5 4 10 19 -2.0 1 10 20 -0.25 3 10 21 1.5 5 10 22 -1.0 2 10 23 0.75 4 10 24 -1.75 1 10 25 0.0 3 10 26 1.75 5 11 1 1.25 1 11 2 -1.25 3 11 3 0.5 5 11 4 -2.0 2 11 5 -0.25 4 11 6 1.5 1 11 7 -1.0 3 11 8 0.75 5 11 9 -1.75 2 11 10 0.0 4 11 11 1.75 1 11 12 -0.75 3 11 13 1.0 5 11 14 -1.5 2 11 15 0.25 4 11 16 2.0 1 11 17 -0.5 3 11 18 1.25 5 11 19 -1.25 2 11 20 0.5 4 11 21 -2.0 1 11 22 -0.25 3 11 23 1.5 5 11 24 -1.0 2 11 25 0.75 4 11 26 -1.75 1 12 1 2.0 2 12 2 -0.5 4 12 3 1.25 1 12 4 -1.25 3 12 5 0.5 5 12 6 -2.0 2 12 7 -0.25 4 12 8 1.5 1 12 9 -1.0 3 12 10 0.75 5 12 11 -1.75 2 12 12 0.0 4 12 13 1.75 1 12 14 -0.75 3 12 15 1.0 5 12 16 -1.5 2 12 17 0.25 4 12 18 2.0 1 12 19 -0.5 3 12 20 1.25 5 12 21 -1.25 2 12 22 0.5 4 12 23 -2.0 1 12 24 -0.25 3 12 25 1.5 5 12 26 -1.0 2 13 1 -1.5 3 13 2 0.25 5 13 3 2.0 2 13 4 -0.5 4 13 5 1.25 1 13 6 -1.25 3 13 7 0.5 5 13 8 -2.0 2 13 9 -0.25 4 13 10 1.5 1 13 11 -1.0 3 13 12 0.75 5 13 13 -1.75 2 13 14 0.0 4 13 15 1.75 1 13 16 -0.75 3 13 17 1.0 5 13 18 -1.5 2 13 19 0.25 4 13 20 2.0 1 13 21 -0.5 3 13 22 1.25 5 13 23 -1.25 2 13 24 0.5 4 13 25 -2.0 1 13 26 -0.25 3 14 1 -0.75 4 14 2 1.0 1 14 3 -1.5 3 14 4 0.25 5 14 5 2.0 2 14 6 -0.5 4 14 7 1.25 1 14 8 -1.25 3 14 9 0.5 5 14 10 -2.0 2 14 11 -0.25 4 14 12 1.5 1 14 13 -1.0 3 14 14 0.75 5 14 15 -1.75 2 14 16 0.0 4 14 17 1.75 1 14 18 -0.75 3 14 19 1.0 5 14 20 -1.5 2 14 21 0.25 4 14 22 2.0 1 14 23 -0.5 3 14 24 1.25 5 14 25 -1.25 2 14 26 0.5 4 15 1 0.0 5 15 2 1.75 2 15 3 -0.75 4 15 4 1.0 1 15 5 -1.5 3 15 6 0.25 5 15 7 2.0 2 15 8 -0.5 4 15 9 1.25 1 15 10 -1.25 3 15 11 0.5 5 15 12 -2.0 2 15 13 -0.25 4 15 14 1.5 1 15 15 -1.0 3 15 16 0.75 5 15 17 -1.75 2 15 18 0.0 4 15 19 1.75 1 15 20 -0.75 3 15 21 1.0 5 15 22 -1.5 2 15 23 0.25 4 15 24 2.0 1 15 25 -0.5 3 15 26 1.25 5 16 1 0.75 1 16 2 -1.75 3 16 3 0.0 5 16 4 1.75 2 16 5 -0.75 4 16 6 1.0 1 16 7 -1.5 3 16 8 0.25 5 16 9 2.0 2 16 10 -0.5 4 16 11 1.25 1 16 12 -1.25 3 16 13 0.5 5 16 14 -2.0 2 16 15 -0.25 4 16 16 1.5 1 16 17 -1.0 3 16 18 0.75 5 16 19 -1.75 2 16 20 0.0 4 16 21 1.75 1 16 22 -0.75 3 16 23 1.0 5 16 24 -1.5 2 16 25 0.25 4 16 26 2.0 1 17 1 1.5 2 17 2 -1.0 4 17 3 0.75 1 17 4 -1.75 3 17 5 0.0 5 17 6 1.75 2 17 7 -0.75 4 17 8 1.0 1 17 9 -1.5 3 17 10 0.25 5 17 11 2.0 2 17 12 -0.5 4 17 13 1.25 1 17 14 -1.25 3 17 15 0.5 5 17 16 -2.0 2 17 17 -0.25 4 17 18 1.5 1 17 19 -1.0 3 17 20 0.75 5 17 21 -1.75 2 17 22 0.0 4 17 23 1.75 1 17 24 -0.75 3 17 25 1.0 5 17 26 -1.5 2 18 1 -2.0 3 18 2 -0.25 5 18 3 1.5 2 18 4 -1.0 4 18 5 0.75 1 18 6 -1.75 3 18 7 0.0 5 18 8 1.75 2 18 9 -0.75 4 18 10 1.0 1 18 11 -1.5 3 18 12 0.25 5 18 13 2.0 2 18 14 -0.5 4 18 15 1.25 1 18 16 -1.25 3 18 17 0.5 5 18 18 -2.0 2 18 19 -0.25 4 18 20 1.5 1 18 21 -1.0 3 18 22 0.75 5 18 23 -1.75 2 18 24 0.0 4 18 25 1.75 1 18 26 -0.75 3 19 1 -1.25 4 19 2 0.5 1 19 3 -2.0 3 19 4 -0.25 5 19 5 1.5 2 19 6 -1.0 4 19 7 0.75 1 19 8 -1.75 3 19 9 0.0 5 19 10 1.75 2 19 11 -0.75 4 19 12 1.0 1 19 13 -1.5 3 19 14 0.25 5 19 15 2.0 2 19 16 -0.5 4 19 17 1.25 1 19 18 -1.25 3 19 19 0.5 5 19 20 -2.0 2 19 21 -0.25 4 19 22 1.5 1 19 23 -1.0 3 19 24 0.75 5 19 25 -1.75 2 19 26 0.0 4 20 1 -0.5 5 20 2 1.25 2 20 3 -1.25 4 20 4 0.5 1 20 5 -2.0 3 20 6 -0.25 5 20 7 1.5 2 20 8 -1.0 4 20 9 0.75 1 20 10 -1.75 3 20 11 0.0 5 20 12 1.75 2 20 13 -0.75 4 20 14 1.0 1 20 15 -1.5 3 20 16 0.25 5 20 17 2.0 2 20 18 -0.5 4 20 19 1.25 1 20 20 -1.25 3 20 21 0.5 5 20 22 -2.0 2 20 23 -0.25 4 20 24 1.5 1 20 25 -1.0 3 20 26 0.75 5 21 1 0.25 1 21 2 2.0 3 21 3 -0.5 5 21 4 1.25 2 21 5 -1.25 4 21 6 0.5 1 21 7 -2.0 3 21 8 -0.25 5 21 9 1.5 2 21 10 -1.0 4 21 11 0.75 1 21 12 -1.75 3 21 13 0.0 5 21 14 1.75 2 21 15 -0.75 4 21 16 1.0 1 21 17 -1.5 3 21 18 0.25 5 21 19 2.0 2 21 20 -0.5 4 21 21 1.25 1 21 22 -1.25 3 21 23 0.5 5 21 24 -2.0 2 21 25 -0.25 4 21 26 1.5 1 22 1 1.0 2 22 2 -1.5 4 22 3 0.25 1 22 4 2.0 3 22 5 -0.5 5 22 6 1.25 2 22 7 -1.25 4 22 8 0.5 1 22 9 -2.0 3 22 10 -0.25 5 22 11 1.5 2 22 12 -1.0 4 22 13 0.75 1 22 14 -1.75 3 22 15 0.0 5 22 16 1.75 2 22 17 -0.75 4 22 18 1.0 1 22 19 -1.5 3 22 20 0.25 5 22 21 2.0 2 22 22 -0.5 4 22 23 1.25 1 22 24 -1.25 3 22 25 0.5 5 22 26 -2.0 2 23 1 1.75 3 23 2 -0.75 5 23 3 1.0 2 23 4 -1.5 4 23 5 0.25 1 23 6 2.0 3 23 7 -0.5 5 23 8 1.25 2 23 9 -1.25 4 23 10 0.5 1 23 11 -2.0 3 23 12 -0.25 5 23 13 1.5 2 23 14 -1.0 4 23 15 0.75 1 23 16 -1.75 3 23 17 0.0 5 23 18 1.75 2 23 19 -0.75 4 23 20 1.0 1 23 21 -1.5 3 23 22 0.25 5 23 23 2.0 2 23 24 -0.5 4 23 25 1.25 1 23 26 -1.25 3 24 1 -1.75 4 24 2 0.0 1 24 3 1.75 3 24 4 -0.75 5 24 5 1.0 2 24 6 -1.5 4 24 7 0.25 1 24 8 2.0 3 24 9 -0.5 5 24 10 1.25 2 24 11 -1.25 4 24 12 0.5 1 24 13 -2.0 3 24 14 -0.25 5 24 15 1.5 2 24 16 -1.0 4 24 17 0.75 1 24 18 -1.75 3 24 19 0.0 5 24 20 1.75 2 24 21 -0.75 4 24 22 1.0 1 24 23 -1.5 3 24 24 0.25 5 24 25 2.0 2 24 26 -0.5 4 25 1 -1.0 5 25 2 0.75 2 25 3 -1.75 4 25 4 0.0 1 25 5 1.75 3 25 6 -0.75 5 25 7 1.0 2 25 8 -1.5 4 25 9 0.25 1 25 10 2.0 3 25 11 -0.5 5 25 12 1.25 2 25 13 -1.25 4 25 14 0.5 1 25 15 -2.0 3 25 16 -0.25 5 25 17 1.5 2 25 18 -1.0 4 25 19 0.75 1 25 20 -1.75 3 25 21 0.0 5 25 22 1.75 2 25 23 -0.75 4 25 24 1.0 1 25 25 -1.5 3 25 26 0.25 5 26 1 -0.25 1 26 2 1.5 3 26 3 -1.0 5 26 4 0.75 2 26 5 -1.75 4 26 6 0.0 1 26 7 1.75 3 26 8 -0.75 5 26 9 1.0 2 26 10 -1.5 4 26 11 0.25 1 26 12 2.0 3 26 13 -0.5 5 26 14 1.25 2 26 15 -1.25 4 26 16 0.5 1 26 17 -2.0 3 26 18 -0.25 5 26 19 1.5 2 26 20 -1.0 4 26 21 0.75 1 26 22 -1.75 3 26 23 0.0 5 26 24 1.75 2 26 25 -0.75 4 26 26 1.0 1 0.0 25 1.0 1 4.0 25 0.0 25 1.0 1 4.0 25 D B 25 24
clamped_clamped_p24_24_q25_25_r1 24 24 26 26 3 3 0 0 1 1 1 -2.0 1 1 2 -0.25 3 1 3 1.5 5 1 4 -1.0 2 1 5 0.75 4 1 6 -1.75 1 1 7 0.0 3 1 8 1.75 5 1 9 -0.75 2 1 10 1.0 4 1 11 -1.5 1 1 12 0.25 3 1 13 2.0 5 1 14 -0.5 2 1 15 1.25 4 1 16 -1.25 1 1 17 0.5 3 1 18 -2.0 5 1 19 -0.25 2 1 20 1.5 4 1 21 -1.0 1 1 22 0.75 3 1 23 -1.75 5 1 24 0.0 2 1 25 1.75 4 1 26 -0.75 1 2 1 -1.25 2 2 2 0.5 4 2 3 -2.0 1 2 4 -0.25 3 2 5 1.5 5 2 6 -1.0 2 2 7 0.75 4 2 8 -1.75 1 2 9 0.0 3 2 10 1.75 5 2 11 -0.75 2 2 12 1.0 4 2 13 -1.5 1 2 14 0.25 3 2 15 2.0 5 2 16 -0.5 2 2 17 1.25 4 2 18 -1.25 1 2 19 0.5 3 2 20 -2.0 5 2 21 -0.25 2 2 22 1.5 4 2 23 -1.0 1 2 24 0.75 3 2 25 -1.75 5 2 26 0.0 2 3 1 -0.5 3 3 2 1.25 5 3 3 -1.25 2 3 4 0.5 4 3 5 -2.0 1 3 6 -0.25 3 3 7 1.5 5 3 8 -1.0 2 3 9 0.75 4 3 10 -1.75 1 3 11 0.0 3 3 12 1.75 5 3 13 -0.75 2 3 14 1.0 4 3 15 -1.5 1 3 16 0.25 3 3 17 2.0 5 3 18 -0.5 2 3 19 1.25 4 3 20 -1.25 1 3 21 0.5 3 3 22 -2.0 5 3 23 -0.25 2 3 24 1.5 4 3 25 -1.0 1 3 26 0.75 3 4 1 0.25 4 4 2 2.0 1 4 3 -0.5 3 4 4 1.25 5 4 5 -1.25 2 4 6 0.5 4 4 7 -2.0 1 4 8 -0.25 3 4 9 1.5 5 4 10 -1.0 2 4 11 0.75 4 4 12 -1.75 1 4 13 0.0 3 4 14 1.75 5 4 15 -0.75 2 4 16 1.0 4 4 17 -1.5 1 4 18 0.25 3 4 19 2.0 5 4 20 -0.5 2 4 21 1.25 4 4 22 -1.25 1 4 23 0.5 3 4 24 -2.0 5 4 25 -0.25 2 4 26 1.5 4 5 1 1.0 5 5 2 -1.5 2 5 3 0.25 4 5 4 2.0 1 5 5 -0.5 3 5 6 1.25 5 5 7 -1.25 2 5 8 0.5 4 5 9 -2.0 1 5 10 -0.25 3 5 11 1.5 5 5 12 -1.0 2 5 13 0.75 4 5 14 -1.75 1 5 15 0.0 3 5 16 1.75 5 5 17 -0.75 2 5 18 1.0 4 5 19 -1.5 1 5 20 0.25 3 5 21 2.0 5 5 22 -0.5 2 5 23 1.25 4 5 24 -1.25 1 5 25 0.5 3 5 26 -2.0 5 6 1 1.75 1 6 2 -0.75 3 6 3 1.0 5 6 4 -1.5 2 6 5 0.25 4 6 6 2.0 1 6 7 -0.5 3 6 8 1.25 5 6 9 -1.25 2 6 10 0.5 4 6 11 -2.0 1 6 12 -0.25 3 6 13 1.5 5 6 14 -1.0 2 6 15 0.75 4 6 16 -1.75 1 6 17 0.0 3 6 18 1.75 5 6 19 -0.75 2 6 20 1.0 4 6 21 -1.5 1 6 22 0.25 3 6 23 2.0 5 6 24 -0.5 2 6 25 1.25 4 6 26 -1.25 1 7 1 -1.75 2 7 2 0.0 4 7 3 1.75 1 7 4 -0.75 3 7 5 1.0 5 7 6 -1.5 2 7 7 0.25 4 7 8 2.0 1 7 9 -0.5 3 7 10 1.25 5 7 11 -1.25 2 7 12 0.5 4 7 13 -2.0 1 7 14 -0.25 3 7 15 1.5 5 7 16 -1.0 2 7 17 0.75 4 7 18 -1.75 1 7 19 0.0 3 7 20 1.75 5 7 21 -0.75 2 7 22 1.0 4 7 23 -1.5 1 7 24 0.25 3 7 25 2.0 5 7 26 -0.5 2 8 1 -1.0 3 8 2 0.75 5 8 3 -1.75 2 8 4 0.0 4 8 5 1.75 1 8 6 -0.75 3 8 7 1.0 5 8 8 -1.5 2 8 9 0.25 4 8 10 2.0 1 8 11 -0.5 3 8 12 1.25 5 8 13 -1.25 2 8 14 0.5 4 8 15 -2.0 1 8 16 -0.25 3 8 17 1.5 5 8 18 -1.0 2 8 19 0.75 4 8 20 -1.75 1 8 21 0.0 3 8 22 1.75 5 8 23 -0.75 2 8 24 1.0 4 8 25 -1.5 1 8 26 0.25 3 9 1 -0.25 4 9 2 1.5 1 9 3 -1.0 3 9 4 0.75 5 9 5 -1.75 2 9 6 0.0 4 9 7 1.75 1 9 8 -0.75 3 9 9 1.0 5 9 10 -1.5 2 9 11 0.25 4 9 12 2.0 1 9 13 -0.5 3 9 14 1.25 5 9 15 -1.25 2 9 16 0.5 4 9 17 -2.0 1 9 18 -0.25 3 9 19 1.5 5 9 20 -1.0 2 9 21 0.75 4 9 22 -1.75 1 9 23 0.0 3 9 24 1.75 5 9 25 -0.75 2 9 26 1.0 4 10 1 0.5 5 10 2 -2.0 2 10 3 -0.25 4 10 4 1.5 1 10 5 -1.0 3 10 6 0.75 5 10 7 -1.75 2 10 8 0.0 4 10 9 1.75 1 10 10 -0.75 3 10 11 1.0 5 10 12 -1.5 2 10 13 0.25 4 10 14 2.0 1 10 15 -0.5 3 10 16 1.25 5 10 17 -1.25 2 10 18 0.5 4 10 19 -2.0 1 10 20 -0.25 3 10 21 1.5 5 10 22 -1.0 2 10 23 0.75 4 10 24 -1.75 1 10 25 0.0 3 10 26 1.75 5 11 1 1.25 1 11 2 -1.25 3 11 3 0.5 5 11 4 -2.0 2 11 5 -0.25 4 11 6 1.5 1 11 7 -1.0 3 11 8 0.75 5 11 9 -1.75 2 11 10 0.0 4 11 11 1.75 1 11 12 -0.75 3 11 13 1.0 5 11 14 -1.5 2 11 15 0.25 4 11 16 2.0 1 11 17 -0.5 3 11 18 1.25 5 11 19 -1.25 2 11 20 0.5 4 11 21 -2.0 1 11 22 -0.25 3 11 23 1.5 5 11 24 -1.0 2 11 25 0.75 4 11 26 -1.75 1 12 1 2.0 2 12 2 -0.5 4 12 3 1.25 1 12 4 -1.25 3 12 5 0.5 5 12 6 -2.0 2 12 7 -0.25 4 12 8 1.5 1 12 9 -1.0 3 12 10 0.75 5 12 11 -1.75 2 12 12 0.0 4 12 13 1.75 1 12 14 -0.75 3 12 15 1.0 5 12 16 -1.5 2 12 17 0.25 4 12 18 2.0 1 12 19 -0.5 3 12 20 1.25 5 12 21 -1.25 2 12 22 0.5 4 12 23 -2.0 1 12 24 -0.25 3 12 25 1.5 5 12 26 -1.0 2 13 1 -1.5 3 13 2 0.25 5 13 3 2.0 2 13 4 -0.5 4 13 5 1.25 1 13 6 -1.25 3 13 7 0.5 5 13 8 -2.0 2 13 9 -0.25 4 13 10 1.5 1 13 11 -1.0 3 13 12 0.75 5 13 13 -1.75 2 13 14 0.0 4 13 15 1.75 1 13 16 -0.75 3 13 17 1.0 5 13 18 -1.5 2 13 19 0.25 4 13 20 2.0 1 13 21 -0.5 3 13 22 1.25 5 13 23 -1.25 2 13 24 0.5 4 13 25 -2.0 1 13 26 -0.25 3 14 1 -0.75 4 14 2 1.0 1 14 3 -1.5 3 14 4 0.25 5 14 5 2.0 2 14 6 -0.5 4 14 7 1.25 1 14 8 -1.25 3 14 9 0.5 5 14 10 -2.0 2 14 11 -0.25 4 14 12 1.5 1 14 13 -1.0 3 14 14 0.75 5 14 15 -1.75 2 14 16 0.0 4 14 17 1.75 1 14 18 -0.75 3 14 19 1.0 5 14 20 -1.5 2 14 21 0.25 4 14 22 2.0 1 14 23 -0.5 3 14 24 1.25 5 14 25 -1.25 2 14 26 0.5 4 15 1 0.0 5 15 2 1.75 2 15 3 -0.75 4 15 4 1.0 1 15 5 -1.5 3 15 6 0.25 5 15 7 2.0 2 15 8 -0.5 4 15 9 1.25 1 15 10 -1.25 3 15 11 0.5 5 15 12 -2.0 2 15 13 -0.25 4 15 14 1.5 1 15 15 -1.0 3 15 16 0.75 5 15 17 -1.75 2 15 18 0.0 4 15 19 1.75 1 15 20 -0.75 3 15 21 1.0 5 15 22 -1.5 2 15 23 0.25 4 15 24 2.0 1 15 25 -0.5 3 15 26 1.25 5 16 1 0.75 1 16 2 -1.75 3 16 3 0.0 5 16 4 1.75 2 16 5 -0.75 4 16 6 1.0 1 16 7 -1.5 3 16 8 0.25 5 16 9 2.0 2 16 10 -0.5 4 16 11 1.25 1 16 12 -1.25 3 16 13 0.5 5 16 14 -2.0 2 16 15 -0.25 4 16 16 1.5 1 16 17 -1.0 3 16 18 0.75 5 16 19 -1.75 2 16 20 0.0 4 16 21 1.75 1 16 22 -0.75 3 16 23 1.0 5 16 24 -1.5 2 16 25 0.25 4 16 26 2.0 1 17 1 1.5 2 17 2 -1.0 4 17 3 0.75 1 17 4 -1.75 3 17 5 0.0 5 17 6 1.75 2 17 7 -0.75 4 17 8 1.0 1 17 9 -1.5 3 17 10 0.25 5 17 11 2.0 2 17 12 -0.5 4 17 13 1.25 1 17 14 -1.25 3 17 15 0.5 5 17 16 -2.0 2 17 17 -0.25 4 17 18 1.5 1 17 19 -1.0 3 17 20 0.75 5 17 21 -1.75 2 17 22 0.0 4 17 23 1.75 1 17 24 -0.75 3 17 25 1.0 5 17 26 -1.5 2 18 1 -2.0 3 18 2 -0.25 5 18 3 1.5 2 18 4 -1.0 4 18 5 0.75 1 18 6 -1.75 3 18 7 0.0 5 18 8 1.75 2 18 9 -0.75 4 18 10 1.0 1 18 11 -1.5 3 18 12 0.25 5 18 13 2.0 2 18 14 -0.5 4 18 15 1.25 1 18 16 -1.25 3 18 17 0.5 5 18 18 -2.0 2 18 19 -0.25 4 18 20 1.5 1 18 21 -1.0 3 18 22 0.75 5 18 23 -1.75 2 18 24 0.0 4 18 25 1.75 1 18 26 -0.75 3 19 1 -1.25 4 19 2 0.5 1 19 3 -2.0 3 19 4 -0.25 5 19 5 1.5 2 19 6 -1.0 4 19 7 0.75 1 19 8 -1.75 3 19 9 0.0 5 19 10 1.75 2 19 11 -0.75 4 19 12 1.0 1 19 13 -1.5 3 19 14 0.25 5 19 15 2.0 2 19 16 -0.5 4 19 17 1.25 1 19 18 -1.25 3 19 19 0.5 5 19 20 -2.0 2 19 21 -0.25 4 19 22 1.5 1 19 23 -1.0 3 19 24 0.75 5 19 25 -1.75 2 19 26 0.0 4 20 1 -0.5 5 20 2 1.25 2 20 3 -1.25 4 20 4 0.5 1 20 5 -2.0 3 20 6 -0.25 5 20 7 1.5 2 20 8 -1.0 4 20 9 0.75 1 20 10 -1.75 3 20 11 0.0 5 20 12 1.75 2 20 13 -0.75 4 20 14 1.0 1 20 15 -1.5 3 20 16 0.25 5 20 17 2.0 2 20 18 -0.5 4 20 19 1.25 1 20 20 -1.25 3 20 21 0.5 5 20 22 -2.0 2 20 23 -0.25 4 20 24 1.5 1 20 25 -1.0 3 20 26 0.75 5 21 1 0.25 1 21 2 2.0 3 21 3 -0.5 5 21 4 1.25 2 21 5 -1.25 4 21 6 0.5 1 21 7 -2.0 3 21 8 -0.25 5 21 9 1.5 2 21 10 -1.0 4 21 11 0.75 1 21 12 -1.75 3 21 13 0.0 5 21 14 1.75 2 21 15 -0.75 4 21 16 1.0 1 21 17 -1.5 3 21 18 0.25 5 21 19 2.0 2 21 20 -0.5 4 21 21 1.25 1 21 22 -1.25 3 21 23 0.5 5 21 24 -2.0 2 21 25 -0.25 4 21 26 1.5 1 22 1 1.0 2 22 2 -1.5 4 22 3 0.25 1 22 4 2.0 3 22 5 -0.5 5 22 6 1.25 2 22 7 -1.25 4 22 8 0.5 1 22 9 -2.0 3 22 10 -0.25 5 22 11 1.5 2 22 12 -1.0 4 22 13 0.75 1 22 14 -1.75 3 22 15 0.0 5 22 16 1.75 2 22 17 -0.75 4 22 18 1.0 1 22 19 -1.5 3 22 20 0.25 5 22 21 2.0 2 22 22 -0.5 4 22 23 1.25 1 22 24 -1.25 3 22 25 0.5 5 22 26 -2.0 2 23 1 1.75 3 23 2 -0.75 5 23 3 1.0 2 23 4 -1.5 4 23 5 0.25 1 23 6 2.0 3 23 7 -0.5 5 23 8 1.25 2 23 9 -1.25 4 23 10 0.5 1 23 11 -2.0 3 23 12 -0.25 5 23 13 1.5 2 23 14 -1.0 4 23 15 0.75 1 23 16 -1.75 3 23 17 0.0 5 23 18 1.75 2 23 19 -0.75 4 23 20 1.0 1 23 21 -1.5 3 23 22 0.25 5 23 23 2.0 2 23 24 -0.5 4 23 25 1.25 1 23 26 -1.25 3 24 1 -1.75 4 24 2 0.0 1 24 3 1.75 3 24 4 -0.75 5 24 5 1.0 2 24 6 -1.5 4 24 7 0.25 1 24 8 2.0 3 24 9 -0.5 5 24 10 1.25 2 24 11 -1.25 4 24 12 0.5 1 24 13 -2.0 3 24 14 -0.25 5 24 15 1.5 2 24 16 -1.0 4 24 17 0.75 1 24 18 -1.75 3 24 19 0.0 5 24 20 1.75 2 24 21 -0.75 4 24 22 1.0 1 24 23 -1.5 3 24 24 0.25 5 24 25 2.0 2 24 26 -0.5 4 25 1 -1.0 5 25 2 0.75 2 25 3 -1.75 4 25 4 0.0 1 25 5 1.75 3 25 6 -0.75 5 25 7 1.0 2 25 8 -1.5 4 25 9 0.25 1 25 10 2.0 3 25 11 -0.5 5 25 12 1.25 2 25 13 -1.25 4 25 14 0.5 1 25 15 -2.0 3 25 16 -0.25 5 25 17 1.5 2 25 18 -1.0 4 25 19 0.75 1 25 20 -1.75 3 25 21 0.0 5 25 22 1.75 2 25 23 -0.75 4 25 24 1.0 1 25 25 -1.5 3 25 26 0.25 5 26 1 -0.25 1 26 2 1.5 3 26 3 -1.0 5 26 4 0.75 2 26 5 -1.75 4 26 6 0.0 1 26 7 1.75 3 26 8 -0.75 5 26 9 1.0 2 26 10 -1.5 4 26 11 0.25 1 26 12 2.0 3 26 13 -0.5 5 26 14 1.25 2 26 15 -1.25 4 26 16 0.5 1 26 17 -2.0 3 26 18 -0.25 5 26 19 1.5 2 26 20 -1.0 4 26 21 0.75 1 26 22 -1.75 3 26 23 0.0 5 26 24 1.75 2 26 25 -0.75 4 26 26 1.0 1 0.0 25 1.0 1 4.0 25 0.0 25 1.0 1 4.0 25 D B 25 25
unclamped_clamped_p24_24_q24_24_r0 24 24 27 26 52 3 0 0 1 1 1 -2.0 1 1 2 -0.25 1 1 3 1.5 1 1 4 -1.0 1 1 5 0.75 1 1 6 -1.75 1 1 7 0.0 1 1 8 1.75 1 1 9 -0.75 1 1 10 1.0 1 1 11 -1.5 1 1 12 0.25 1 1 13 2.0 1 1 14 -0.5 1 1 15 1.25 1 1 16 -1.25 1 1 17 0.5 1 1 18 -2.0 1 1 19 -0.25 1 1 20 1.5 1 1 21 -1.0 1 1 22 0.75 1 1 23 -1.75 1 1 24 0.0 1 1 25 1.75 1 1 26 -0.75 1 2 1 -1.25 1 2 2 0.5 1 2 3 -2.0 1 2 4 -0.25 1 2 5 1.5 1 2 6 -1.0 1 2 7 0.75 1 2 8 -1.75 1 2 9 0.0 1 2 10 1.75 1 2 11 -0.75 1 2 12 1.0 1 2 13 -1.5 1 2 14 0.25 1 2 15 2.0 1 2 16 -0.5 1 2 17 1.25 1 2 18 -1.25 1 2 19 0.5 1 2 20 -2.0 1 2 21 -0.25 1 2 22 1.5 1 2 23 -1.0 1 2 24 0.75 1 2 25 -1.75 1 2 26 0.0 1 3 1 -0.5 1 3 2 1.25 1 3 3 -1.25 1 3 4 0.5 1 3 5 -2.0 1 3 6 -0.25 1 3 7 1.5 1 3 8 -1.0 1 3 9 0.75 1 3 10 -1.75 1 3 11 0.0 1 3 12 1.75 1 3 13 -0.75 1 3 14 1.0 1 3 15 -1.5 1 3 16 0.25 1 3 17 2.0 1 3 18 -0.5 1 3 19 1.25 1 3 20 -1.25 1 3 21 0.5 1 3 22 -2.0 1 3 23 -0.25 1 3 24 1.5 1 3 25 -1.0 1 3 26 0.75 1 4 1 0.25 1 4 2 2.0 1 4 3 -0.5 1 4 4 1.25 1 4 5 -1.25 1 4 6 0.5 1 4 7 -2.0 1 4 8 -0.25 1 4 9 1.5 1 4 10 -1.0 1 4 11 0.75 1 4 12 -1.75 1 4 13 0.0 1 4 14 1.75 1 4 15 -0.75 1 4 16 1.0 1 4 17 -1.5 1 4 18 0.25 1 4 19 2.0 1 4 20 -0.5 1 4 21 1.25 1 4 22 -1.25 1 4 23 0.5 1 4 24 -2.0 1 4 25 -0.25 1 4 26 1.5 1 5 1 1.0 1 5 2 -1.5 1 5 3 0.25 1 5 4 2.0 1 5 5 -0.5 1 5 6 1.25 1 5 7 -1.25 1 5 8 0.5 1 5 9 -2.0 1 5 10 -0.25 1 5 11 1.5 1 5 12 -1.0 1 5 13 0.75 1 5 14 -1.75 1 5 15 0.0 1 5 16 1.75 1 5 17 -0.75 1 5 18 1.0 1 5 19 -1.5 1 5 20 0.25 1 5 21 2.0 1 5 22 -0.5 1 5 23 1.25 1 5 24 -1.25 1 5 25 0.5 1 5 26 -2.0 1 6 1 1.75 1 6 2 -0.75 1 6 3 1.0 1 6 4 -1.5 1 6 5 0.25 1 6 6 2.0 1 6 7 -0.5 1 6 8 1.25 1 6 9 -1.25 1 6 10 0.5 1 6 11 -2.0 1 6 12 -0.25 1 6 13 1.5 1 6 14 -1.0 1 6 15 0.75 1 6 16 -1.75 1 6 17 0.0 1 6 18 1.75 1 6 19 -0.75 1 6 20 1.0 1 6 21 -1.5 1 6 22 0.25 1 6 23 2.0 1 6 24 -0.5 1 6 25 1.25 1 6 26 -1.25 1 7 1 -1.75 1 7 2 0.0 1 7 3 1.75 1 7 4 -0.75 1 7 5 1.0 1 7 6 -1.5 1 7 7 0.25 1 7 8 2.0 1 7 9 -0.5 1 7 10 1.25 1 7 11 -1.25 1 7 12 0.5 1 7 13 -2.0 1 7 14 -0.25 1 7 15 1.5 1 7 16 -1.0 1 7 17 0.75 1 7 18 -1.75 1 7 19 0.0 1 7 20 1.75 1 7 21 -0.75 1 7 22 1.0 1 7 23 -1.5 1 7 24 0.25 1 7 25 2.0 1 7 26 -0.5 1 8 1 -1.0 1 8 2 0.75 1 8 3 -1.75 1 8 4 0.0 1 8 5 1.75 1 8 6 -0.75 1 8 7 1.0 1 8 8 -1.5 1 8 9 0.25 1 8 10 2.0 1 8 11 -0.5 1 8 12 1.25 1 8 13 -1.25 1 8 14 0.5 1 8 15 -2.0 1 8 16 -0.25 1 8 17 1.5 1 8 18 -1.0 1 8 19 0.75 1 8 20 -1.75 1 8 21 0.0 1 8 22 1.75 1 8 23 -0.75 1 8 24 1.0 1 8 25 -1.5 1 8 26 0.25 1 9 1 -0.25 1 9 2 1.5 1 9 3 -1.0 1 9 4 0.75 1 9 5 -1.75 1 9 6 0.0 1 9 7 1.75 1 9 8 -0.75 1 9 9 1.0 1 9 10 -1.5 1 9 11 0.25 1 9 12 2.0 1 9 13 -0.5 1 9 14 1.25 1 9 15 -1.25 1 9 16 0.5 1 9 17 -2.0 1 9 18 -0.25 1 9 19 1.5 1 9 20 -1.0 1 9 21 0.75 1 9 22 -1.75 1 9 23 0.0 1 9 24 1.75 1 9 25 -0.75 1 9 26 1.0 1 10 1 0.5 1 10 2 -2.0 1 10 3 -0.25 1 10 4 1.5 1 10 5 -1.0 1 10 6 0.75 1 10 7 -1.75 1 10 8 0.0 1 10 9 1.75 1 10 10 -0.75 1 10 11 1.0 1 10 12 -1.5 1 10 13 0.25 1 10 14 2.0 1 10 15 -0.5 1 10 16 1.25 1 10 17 -1.25 1 10 18 0.5 1 10 19 -2.0 1 10 20 -0.25 1 10 21 1.5 1 10 22 -1.0 1 10 23 0.75 1 10 24 -1.75 1 10 25 0.0 1 10 26 1.75 1 11 1 1.25 1 11 2 -1.25 1 11 3 0.5 1 11 4 -2.0 1 11 5 -0.25 1 11 6 1.5 1 11 7 -1.0 1 11 8 0.75 1 11 9 -1.75 1 11 10 0.0 1 11 11 1.75 1 11 12 -0.75 1 11 13 1.0 1 11 14 -1.5 1 11 15 0.25 1 11 16 2.0 1 11 17 -0.5 1 11 18 1.25 1 11 19 -1.25 1 11 20 0.5 1 11 21 -2.0 1 11 22 -0.25 1 11 23 1.5 1 11 24 -1.0 1 11 25 0.75 1 11 26 -1.75 1 12 1 2.0 1 12 2 -0.5 1 12 3 1.25 1 12 4 -1.25 1 12 5 0.5 1 12 6 -2.0 1 12 7 -0.25 1 12 8 1.5 1 12 9 -1.0 1 12 10 0.75 1 12 11 -1.75 1 12 12 0.0 1 12 13 1.75 1 12 14 -0.75 1 12 15 1.0 1 12 16 -1.5 1 12 17 0.25 1 12 18 2.0 1 12 19 -0.5 1 12 20 1.25 1 12 21 -1.25 1 12 22 0.5 1 12 23 -2.0 1 12 24 -0.25 1 12 25 1.5 1 12 26 -1.0 1 13 1 -1.5 1 13 2 0.25 1 13 3 2.0 1 13 4 -0.5 1 13 5 1.25 1 13 6 -1.25 1 13 7 0.5 1 13 8 -2.0 1 13 9 -0.25 1 13 10 1.5 1 13 11 -1.0 1 13 12 0.75 1 13 13 -1.75 1 13 14 0.0 1 13 15 1.75 1 13 16 -0.75 1 13 17 1.0 1 13 18 -1.5 1 13 19 0.25 1 13 20 2.0 1 13 21 -0.5 1 13 22 1.25 1 13 23 -1.25 1 13 24 0.5 1 13 25 -2.0 1 13 26 -0.25 1 14 1 -0.75 1 14 2 1.0 1 14 3 -1.5 1 14 4 0.25 1 14 5 2.0 1 14 6 -0.5 1 14 7 1.25 1 14 8 -1.25 1 14 9 0.5 1 14 10 -2.0 1 14 11 -0.25 1 14 12 1.5 1 14 13 -1.0 1 14 14 0.75 1 14 15 -1.75 1 14 16 0.0 1 14 17 1.75 1 14 18 -0.75 1 14 19 1.0 1 14 20 -1.5 1 14 21 0.25 1 14 22 2.0 1 14 23 -0.5 1 14 24 1.25 1 14 25 -1.25 1 14 26 0.5 1 15 1 0.0 1 15 2 1.75 1 15 3 -0.75 1 15 4 1.0 1 15 5 -1.5 1 15 6 0.25 1 15 7 2.0 1 15 8 -0.5 1 15 9 1.25 1 15 10 -1.25 1 15 11 0.5 1 15 12 -2.0 1 15 13 -0.25 1 15 14 1.5 1 15 15 -1.0 1 15 16 0.75 1 15 17 -1.75 1 15 18 0.0 1 15 19 1.75 1 15 20 -0.75 1 15 21 1.0 1 15 22 -1.5 1 15 23 0.25 1 15 24 2.0 1 15 25 -0.5 1 15 26 1.25 1 16 1 0.75 1 16 2 -1.75 1 16 3 0.0 1 16 4 1.75 1 16 5 -0.75 1 16 6 1.0 1 16 7 -1.5 1 16 8 0.25 1 16 9 2.0 1 16 10 -0.5 1 16 11 1.25 1 16 12 -1.25 1 16 13 0.5 1 16 14 -2.0 1 16 15 -0.25 1 16 16 1.5 1 16 17 -1.0 1 16 18 0.75 1 16 19 -1.75 1 16 20 0.0 1 16 21 1.75 1 16 22 -0.75 1 16 23 1.0 1 16 24 -1.5 1 16 25 0.25 1 16 26 2.0 1 17 1 1.5 1 17 2 -1.0 1 17 3 0.75 1 17 4 -1.75 1 17 5 0.0 1 17 6 1.75 1 17 7 -0.75 1 17 8 1.0 1 17 9 -1.5 1 17 10 0.25 1 17 11 2.0 1 17 12 -0.5 1 17 13 1.25 1 17 14 -1.25 1 17 15 0.5 1 17 16 -2.0 1 17 17 -0.25 1 17 18 1.5 1 17 19 -1.0 1 17 20 0.75 1 17 21 -1.75 1 17 22 0.0 1 17 23 1.75 1 17 24 -0.75 1 17 25 1.0 1 17 26 -1.5 1 18 1 -2.0 1 18 2 -0.25 1 18 3 1.5 1 18 4 -1.0 1 18 5 0.75 1 18 6 -1.75 1 18 7 0.0 1 18 8 1.75 1 18 9 -0.75 1 18 10 1.0 1 18 11 -1.5 1 18 12 0.25 1 18 13 2.0 1 18 14 -0.5 1 18 15 1.25 1 18 16 -1.25 1 18 17 0.5 1 18 18 -2.0 1 18 19 -0.25 1 18 20 1.5 1 18 21 -1.0 1 18 22 0.75 1 18 23 -1.75 1 18 24 0.0 1 18 25 1.75 1 18 26 -0.75 1 19 1 -1.25 1 19 2 0.5 1 19 3 -2.0 1 19 4 -0.25 1 19 5 1.5 1 19 6 -1.0 1 19 7 0.75 1 19 8 -1.75 1 19 9 0.0 1 19 10 1.75 1 19 11 -0.75 1 19 12 1.0 1 19 13 -1.5 1 19 14 0.25 1 19 15 2.0 1 19 16 -0.5 1 19 17 1.25 1 19 18 -1.25 1 19 19 0.5 1 19 20 -2.0 1 19 21 -0.25 1 19 22 1.5 1 19 23 -1.0 1 19 24 0.75 1 19 25 -1.75 1 19 26 0.0 1 20 1 -0.5 1 20 2 1.25 1 20 3 -1.25 1 20 4 0.5 1 20 5 -2.0 1 20 6 -0.25 1 20 7 1.5 1 20 8 -1.0 1 20 9 0.75 1 20 10 -1.75 1 20 11 0.0 1 20 12 1.75 1 20 13 -0.75 1 20 14 1.0 1 20 15 -1.5 1 20 16 0.25 1 20 17 2.0 1 20 18 -0.5 1 20 19 1.25 1 20 20 -1.25 1 20 21 0.5 1 20 22 -2.0 1 20 23 -0.25 1 20 24 1.5 1 20 25 -1.0 1 20 26 0.75 1 21 1 0.25 1 21 2 2.0 1 21 3 -0.5 1 21 4 1.25 1 21 5 -1.25 1 21 6 0.5 1 21 7 -2.0 1 21 8 -0.25 1 21 9 1.5 1 21 10 -1.0 1 21 11 0.75 1 21 12 -1.75 1 21 13 0.0 1 21 14 1.75 1 21 15 -0.75 1 21 16 1.0 1 21 17 -1.5 1 21 18 0.25 1 21 19 2.0 1 21 20 -0.5 1 21 21 1.25 1 21 22 -1.25 1 21 23 0.5 1 21 24 -2.0 1 21 25 -0.25 1 21 26 1.5 1 22 1 1.0 1 22 2 -1.5 1 22 3 0.25 1 22 4 2.0 1 22 5 -0.5 1 22 6 1.25 1 22 7 -1.25 1 22 8 0.5 1 22 9 -2.0 1 22 10 -0.25 1 22 11 1.5 1 22 12 -1.0 1 22 13 0.75 1 22 14 -1.75 1 22 15 0.0 1 22 16 1.75 1 22 17 -0.75 1 22 18 1.0 1 22 19 -1.5 1 22 20 0.25 1 22 21 2.0 1 22 22 -0.5 1 22 23 1.25 1 22 24 -1.25 1 22 25 0.5 1 22 26 -2.0 1 23 1 1.75 1 23 2 -0.75 1 23 3 1.0 1 23 4 -1.5 1 23 5 0.25 1 23 6 2.0 1 23 7 -0.5 1 23 8 1.25 1 23 9 -1.25 1 23 10 0.5 1 23 11 -2.0 1 23 12 -0.25 1 23 13 1.5 1 23 14 -1.0 1 23 15 0.75 1 23 16 -1.75 1 23 17 0.0 1 23 18 1.75 1 23 19 -0.75 1 23 20 1.0 1 23 21 -1.5 1 23 22 0.25 1 23 23 2.0 1 23 24 -0.5 1 23 25 1.25 1 23 26 -1.25 1 24 1 -1.75 1 24 2 0.0 1 24 3 1.75 1 24 4 -0.75 1 24 5 1.0 1 24 6 -1.5 1 24 7 0.25 1 24 8 2.0 1 24 9 -0.5 1 24 10 1.25 1 24 11 -1.25 1 24 12 0.5 1 24 13 -2.0 1 24 14 -0.25 1 24 15 1.5 1 24 16 -1.0 1 24 17 0.75 1 24 18 -1.75 1 24 19 0.0 1 24 20 1.75 1 24 21 -0.75 1 24 22 1.0 1 24 23 -1.5 1 24 24 0.25 1 24 25 2.0 1 24 26 -0.5 1 25 1 -1.0 1 25 2 0.75 1 25 3 -1.75 1 25 4 0.0 1 25 5 1.75 1 25 6 -0.75 1 25 7 1.0 1 25 8 -1.5 1 25 9 0.25 1 25 10 2.0 1 25 11 -0.5 1 25 12 1.25 1 25 13 -1.25 1 25 14 0.5 1 25 15 -2.0 1 25 16 -0.25 1 25 17 1.5 1 25 18 -1.0 1 25 19 0.75 1 25 20 -1.75 1 25 21 0.0 1 25 22 1.75 1 25 23 -0.75 1 25 24 1.0 1 25 25 -1.5 1 25 26 0.25 1 26 1 -0.25 1 26 2 1.5 1 26 3 -1.0 1 26 4 0.75 1 26 5 -1.75 1 26 6 0.0 1 26 7 1.75 1 26 8 -0.75 1 26 9 1.0 1 26 10 -1.5 1 26 11 0.25 1 26 12 2.0 1 26 13 -0.5 1 26 14 1.25 1 26 15 -1.25 1 26 16 0.5 1 26 17 -2.0 1 26 18 -0.25 1 26 19 1.5 1 26 20 -1.0 1 26 21 0.75 1 26 22 -1.75 1 26 23 0.0 1 26 24 1.75 1 26 25 -0.75 1 26 26 1.0 1 27 1 0.5 1 27 2 -2.0 1 27 3 -0.25 1 27 4 1.5 1 27 5 -1.0 1 27 6 0.75 1 27 7 -1.75 1 27 8 0.0 1 27 9 1.75 1 27 10 -0.75 1 27 11 1.0 1 27 12 -1.5 1 27 13 0.25 1 27 14 2.0 1 27 15 -0.5 1 27 16 1.25 1 27 17 -1.25 1 27 18 0.5 1 27 19 -2.0 1 27 20 -0.25 1 27 21 1.5 1 27 22 -1.0 1 27 23 0.75 1 27 24 -1.75 1 27 25 0.0 1 27 26 1.75 1 0.0 1 1.0 1 2.0 1 3.0 1 4.0 1 5.0 1 6.0 1 7.0 1 8.0 1 9.0 1 10.0 1 11.0 1 12.0 1 13.0 1 14.0 1 15.0 1 16.0 1 17.0 1 18.0 1 19.0 1 20.0 1 21.0 1 22.0 1 23.0 1 24.0 1 25.0 1 26.0 1 27.0 1 28.0 1 29.0 1 30.0 1 31.0 1 32.0 1 33.0 1 34.0 1 35.0 1 36.0 1 37.0 1 38.0 1 39.0 1 40.0 1 41.0 1 42.0 1 43.0 1 44.0 1 45.0 1 46.0 1 47.0 1 48.0 1 49.0 1 50.0 1 51.0 1 0.0 25 1.0 1 4.0 25 D B 24 24
unclamped_clamped_p24_24_q24_25_r0 24 24 27 26 52 3 0 0 1 1 1 -2.0 1 1 2 -0.25 1 1 3 1.5 1 1 4 -1.0 1 1 5 0.75 1 1 6 -1.75 1 1 7 0.0 1 1 8 1.75 1 1 9 -0.75 1 1 10 1.0 1 1 11 -1.5 1 1 12 0.25 1 1 13 2.0 1 1 14 -0.5 1 1 15 1.25 1 1 16 -1.25 1 1 17 0.5 1 1 18 -2.0 1 1 19 -0.25 1 1 20 1.5 1 1 21 -1.0 1 1 22 0.75 1 1 23 -1.75 1 1 24 0.0 1 1 25 1.75 1 1 26 -0.75 1 2 1 -1.25 1 2 2 0.5 1 2 3 -2.0 1 2 4 -0.25 1 2 5 1.5 1 2 6 -1.0 1 2 7 0.75 1 2 8 -1.75 1 2 9 0.0 1 2 10 1.75 1 2 11 -0.75 1 2 12 1.0 1 2 13 -1.5 1 2 14 0.25 1 2 15 2.0 1 2 16 -0.5 1 2 17 1.25 1 2 18 -1.25 1 2 19 0.5 1 2 20 -2.0 1 2 21 -0.25 1 2 22 1.5 1 2 23 -1.0 1 2 24 0.75 1 2 25 -1.75 1 2 26 0.0 1 3 1 -0.5 1 3 2 1.25 1 3 3 -1.25 1 3 4 0.5 1 3 5 -2.0 1 3 6 -0.25 1 3 7 1.5 1 3 8 -1.0 1 3 9 0.75 1 3 10 -1.75 1 3 11 0.0 1 3 12 1.75 1 3 13 -0.75 1 3 14 1.0 1 3 15 -1.5 1 3 16 0.25 1 3 17 2.0 1 3 18 -0.5 1 3 19 1.25 1 3 20 -1.25 1 3 21 0.5 1 3 22 -2.0 1 3 23 -0.25 1 3 24 1.5 1 3 25 -1.0 1 3 26 0.75 1 4 1 0.25 1 4 2 2.0 1 4 3 -0.5 1 4 4 1.25 1 4 5 -1.25 1 4 6 0.5 1 4 7 -2.0 1 4 8 -0.25 1 4 9 1.5 1 4 10 -1.0 1 4 11 0.75 1 4 12 -1.75 1 4 13 0.0 1 4 14 1.75 1 4 15 -0.75 1 4 16 1.0 1 4 17 -1.5 1 4 18 0.25 1 4 19 2.0 1 4 20 -0.5 1 4 21 1.25 1 4 22 -1.25 1 4 23 0.5 1 4 24 -2.0 1 4 25 -0.25 1 4 26 1.5 1 5 1 1.0 1 5 2 -1.5 1 5 3 0.25 1 5 4 2.0 1 5 5 -0.5 1 5 6 1.25 1 5 7 -1.25 1 5 8 0.5 1 5 9 -2.0 1 5 10 -0.25 1 5 11 1.5 1 5 12 -1.0 1 5 13 0.75 1 5 14 -1.75 1 5 15 0.0 1 5 16 1.75 1 5 17 -0.75 1 5 18 1.0 1 5 19 -1.5 1 5 20 0.25 1 5 21 2.0 1 5 22 -0.5 1 5 23 1.25 1 5 24 -1.25 1 5 25 0.5 1 5 26 -2.0 1 6 1 1.75 1 6 2 -0.75 1 6 3 1.0 1 6 4 -1.5 1 6 5 0.25 1 6 6 2.0 1 6 7 -0.5 1 6 8 1.25 1 6 9 -1.25 1 6 10 0.5 1 6 11 -2.0 1 6 12 -0.25 1 6 13 1.5 1 6 14 -1.0 1 6 15 0.75 1 6 16 -1.75 1 6 17 0.0 1 6 18 1.75 1 6 19 -0.75 1 6 20 1.0 1 6 21 -1.5 1 6 22 0.25 1 6 23 2.0 1 6 24 -0.5 1 6 25 1.25 1 6 26 -1.25 1 7 1 -1.75 1 7 2 0.0 1 7 3 1.75 1 7 4 -0.75 1 7 5 1.0 1 7 6 -1.5 1 7 7 0.25 1 7 8 2.0 1 7 9 -0.5 1 7 10 1.25 1 7 11 -1.25 1 7 12 0.5 1 7 13 -2.0 1 7 14 -0.25 1 7 15 1.5 1 7 16 -1.0 1 7 17 0.75 1 7 18 -1.75 1 7 19 0.0 1 7 20 1.75 1 7 21 -0.75 1 7 22 1.0 1 7 23 -1.5 1 7 24 0.25 1 7 25 2.0 1 7 26 -0.5 1 8 1 -1.0 1 8 2 0.75 1 8 3 -1.75 1 8 4 0.0 1 8 5 1.75 1 8 6 -0.75 1 8 7 1.0 1 8 8 -1.5 1 8 9 0.25 1 8 10 2.0 1 8 11 -0.5 1 8 12 1.25 1 8 13 -1.25 1 8 14 0.5 1 8 15 -2.0 1 8 16 -0.25 1 8 17 1.5 1 8 18 -1.0 1 8 19 0.75 1 8 20 -1.75 1 8 21 0.0 1 8 22 1.75 1 8 23 -0.75 1 8 24 1.0 1 8 25 -1.5 1 8 26 0.25 1 9 1 -0.25 1 9 2 1.5 1 9 3 -1.0 1 9 4 0.75 1 9 5 -1.75 1 9 6 0.0 1 9 7 1.75 1 9 8 -0.75 1 9 9 1.0 1 9 10 -1.5 1 9 11 0.25 1 9 12 2.0 1 9 13 -0.5 1 9 14 1.25 1 9 15 -1.25 1 9 16 0.5 1 9 17 -2.0 1 9 18 -0.25 1 9 19 1.5 1 9 20 -1.0 1 9 21 0.75 1 9 22 -1.75 1 9 23 0.0 1 9 24 1.75 1 9 25 -0.75 1 9 26 1.0 1 10 1 0.5 1 10 2 -2.0 1 10 3 -0.25 1 10 4 1.5 1 10 5 -1.0 1 10 6 0.75 1 10 7 -1.75 1 10 8 0.0 1 10 9 1.75 1 10 10 -0.75 1 10 11 1.0 1 10 12 -1.5 1 10 13 0.25 1 10 14 2.0 1 10 15 -0.5 1 10 16 1.25 1 10 17 -1.25 1 10 18 0.5 1 10 19 -2.0 1 10 20 -0.25 1 10 21 1.5 1 10 22 -1.0 1 10 23 0.75 1 10 24 -1.75 1 10 25 0.0 1 10 26 1.75 1 11 1 1.25 1 11 2 -1.25 1 11 3 0.5 1 11 4 -2.0 1 11 5 -0.25 1 11 6 1.5 1 11 7 -1.0 1 11 8 0.75 1 11 9 -1.75 1 11 10 0.0 1 11 11 1.75 1 11 12 -0.75 1 11 13 1.0 1 11 14 -1.5 1 11 15 0.25 1 11 16 2.0 1 11 17 -0.5 1 11 18 1.25 1 11 19 -1.25 1 11 20 0.5 1 11 21 -2.0 1 11 22 -0.25 1 11 23 1.5 1 11 24 -1.0 1 11 25 0.75 1 11 26 -1.75 1 12 1 2.0 1 12 2 -0.5 1 12 3 1.25 1 12 4 -1.25 1 12 5 0.5 1 12 6 -2.0 1 12 7 -0.25 1 12 8 1.5 1 12 9 -1.0 1 12 10 0.75 1 12 11 -1.75 1 12 12 0.0 1 12 13 1.75 1 12 14 -0.75 1 12 15 1.0 1 12 16 -1.5 1 12 17 0.25 1 12 18 2.0 1 12 19 -0.5 1 12 20 1.25 1 12 21 -1.25 1 12 22 0.5 1 12 23 -2.0 1 12 24 -0.25 1 12 25 1.5 1 12 26 -1.0 1 13 1 -1.5 1 13 2 0.25 1 13 3 2.0 1 13 4 -0.5 1 13 5 1.25 1 13 6 -1.25 1 13 7 0.5 1 13 8 -2.0 1 13 9 -0.25 1 13 10 1.5 1 13 11 -1.0 1 13 12 0.75 1 13 13 -1.75 1 13 14 0.0 1 13 15 1.75 1 13 16 -0.75 1 13 17 1.0 1 13 18 -1.5 1 13 19 0.25 1 13 20 2.0 1 13 21 -0.5 1 13 22 1.25 1 13 23 -1.25 1 13 24 0.5 1 13 25 -2.0 1 13 26 -0.25 1 14 1 -0.75 1 14 2 1.0 1 14 3 -1.5 1 14 4 0.25 1 14 5 2.0 1 14 6 -0.5 1 14 7 1.25 1 14 8 -1.25 1 14 9 0.5 1 14 10 -2.0 1 14 11 -0.25 1 14 12 1.5 1 14 13 -1.0 1 14 14 0.75 1 14 15 -1.75 1 14 16 0.0 1 14 17 1.75 1 14 18 -0.75 1 14 19 1.0 1 14 20 -1.5 1 14 21 0.25 1 14 22 2.0 1 14 23 -0.5 1 14 24 1.25 1 14 25 -1.25 1 14 26 0.5 1 15 1 0.0 1 15 2 1.75 1 15 3 -0.75 1 15 4 1.0 1 15 5 -1.5 1 15 6 0.25 1 15 7 2.0 1 15 8 -0.5 1 15 9 1.25 1 15 10 -1.25 1 15 11 0.5 1 15 12 -2.0 1 15 13 -0.25 1 15 14 1.5 1 15 15 -1.0 1 15 16 0.75 1 15 17 -1.75 1 15 18 0.0 1 15 19 1.75 1 15 20 -0.75 1 15 21 1.0 1 15 22 -1.5 1 15 23 0.25 1 15 24 2.0 1 15 25 -0.5 1 15 26 1.25 1 16 1 0.75 1 16 2 -1.75 1 16 3 0.0 1 16 4 1.75 1 16 5 -0.75 1 16 6 1.0 1 16 7 -1.5 1 16 8 0.25 1 16 9 2.0 1 16 10 -0.5 1 16 11 1.25 1 16 12 -1.25 1 16 13 0.5 1 16 14 -2.0 1 16 15 -0.25 1 16 16 1.5 1 16 17 -1.0 1 16 18 0.75 1 16 19 -1.75 1 16 20 0.0 1 16 21 1.75 1 16 22 -0.75 1 16 23 1.0 1 16 24 -1.5 1 16 25 0.25 1 16 26 2.0 1 17 1 1.5 1 17 2 -1.0 1 17 3 0.75 1 17 4 -1.75 1 17 5 0.0 1 17 6 1.75 1 17 7 -0.75 1 17 8 1.0 1 17 9 -1.5 1 17 10 0.25 1 17 11 2.0 1 17 12 -0.5 1 17 13 1.25 1 17 14 -1.25 1 17 15 0.5 1 17 16 -2.0 1 17 17 -0.25 1 17 18 1.5 1 17 19 -1.0 1 17 20 0.75 1 17 21 -1.75 1 17 22 0.0 1 17 23 1.75 1 17 24 -0.75 1 17 25 1.0 1 17 26 -1.5 1 18 1 -2.0 1 18 2 -0.25 1 18 3 1.5 1 18 4 -1.0 1 18 5 0.75 1 18 6 -1.75 1 18 7 0.0 1 18 8 1.75 1 18 9 -0.75 1 18 10 1.0 1 18 11 -1.5 1 18 12 0.25 1 18 13 2.0 1 18 14 -0.5 1 18 15 1.25 1 18 16 -1.25 1 18 17 0.5 1 18 18 -2.0 1 18 19 -0.25 1 18 20 1.5 1 18 21 -1.0 1 18 22 0.75 1 18 23 -1.75 1 18 24 0.0 1 18 25 1.75 1 18 26 -0.75 1 19 1 -1.25 1 19 2 0.5 1 19 3 -2.0 1 19 4 -0.25 1 19 5 1.5 1 19 6 -1.0 1 19 7 0.75 1 19 8 -1.75 1 19 9 0.0 1 19 10 1.75 1 19 11 -0.75 1 19 12 1.0 1 19 13 -1.5 1 19 14 0.25 1 19 15 2.0 1 19 16 -0.5 1 19 17 1.25 1 19 18 -1.25 1 19 19 0.5 1 19 20 -2.0 1 19 21 -0.25 1 19 22 1.5 1 19 23 -1.0 1 19 24 0.75 1 19 25 -1.75 1 19 26 0.0 1 20 1 -0.5 1 20 2 1.25 1 20 3 -1.25 1 20 4 0.5 1 20 5 -2.0 1 20 6 -0.25 1 20 7 1.5 1 20 8 -1.0 1 20 9 0.75 1 20 10 -1.75 1 20 11 0.0 1 20 12 1.75 1 20 13 -0.75 1 20 14 1.0 1 20 15 -1.5 1 20 16 0.25 1 20 17 2.0 1 20 18 -0.5 1 20 19 1.25 1 20 20 -1.25 1 20 21 0.5 1 20 22 -2.0 1 20 23 -0.25 1 20 24 1.5 1 20 25 -1.0 1 20 26 0.75 1 21 1 0.25 1 21 2 2.0 1 21 3 -0.5 1 21 4 1.25 1 21 5 -1.25 1 21 6 0.5 1 21 7 -2.0 1 21 8 -0.25 1 21 9 1.5 1 21 10 -1.0 1 21 11 0.75 1 21 12 -1.75 1 21 13 0.0 1 21 14 1.75 1 21 15 -0.75 1 21 16 1.0 1 21 17 -1.5 1 21 18 0.25 1 21 19 2.0 1 21 20 -0.5 1 21 21 1.25 1 21 22 -1.25 1 21 23 0.5 1 21 24 -2.0 1 21 25 -0.25 1 21 26 1.5 1 22 1 1.0 1 22 2 -1.5 1 22 3 0.25 1 22 4 2.0 1 22 5 -0.5 1 22 6 1.25 1 22 7 -1.25 1 22 8 0.5 1 22 9 -2.0 1 22 10 -0.25 1 22 11 1.5 1 22 12 -1.0 1 22 13 0.75 1 22 14 -1.75 1 22 15 0.0 1 22 16 1.75 1 22 17 -0.75 1 22 18 1.0 1 22 19 -1.5 1 22 20 0.25 1 22 21 2.0 1 22 22 -0.5 1 22 23 1.25 1 22 24 -1.25 1 22 25 0.5 1 22 26 -2.0 1 23 1 1.75 1 23 2 -0.75 1 23 3 1.0 1 23 4 -1.5 1 23 5 0.25 1 23 6 2.0 1 23 7 -0.5 1 23 8 1.25 1 23 9 -1.25 1 23 10 0.5 1 23 11 -2.0 1 23 12 -0.25 1 23 13 1.5 1 23 14 -1.0 1 23 15 0.75 1 23 16 -1.75 1 23 17 0.0 1 23 18 1.75 1 23 19 -0.75 1 23 20 1.0 1 23 21 -1.5 1 23 22 0.25 1 23 23 2.0 1 23 24 -0.5 1 23 25 1.25 1 23 26 -1.25 1 24 1 -1.75 1 24 2 0.0 1 24 3 1.75 1 24 4 -0.75 1 24 5 1.0 1 24 6 -1.5 1 24 7 0.25 1 24 8 2.0 1 24 9 -0.5 1 24 10 1.25 1 24 11 -1.25 1 24 12 0.5 1 24 13 -2.0 1 24 14 -0.25 1 24 15 1.5 1 24 16 -1.0 1 24 17 0.75 1 24 18 -1.75 1 24 19 0.0 1 24 20 1.75 1 24 21 -0.75 1 24 22 1.0 1 24 23 -1.5 1 24 24 0.25 1 24 25 2.0 1 24 26 -0.5 1 25 1 -1.0 1 25 2 0.75 1 25 3 -1.75 1 25 4 0.0 1 25 5 1.75 1 25 6 -0.75 1 25 7 1.0 1 25 8 -1.5 1 25 9 0.25 1 25 10 2.0 1 25 11 -0.5 1 25 12 1.25 1 25 13 -1.25 1 25 14 0.5 1 25 15 -2.0 1 25 16 -0.25 1 25 17 1.5 1 25 18 -1.0 1 25 19 0.75 1 25 20 -1.75 1 25 21 0.0 1 25 22 1.75 1 25 23 -0.75 1 25 24 1.0 1 25 25 -1.5 1 25 26 0.25 1 26 1 -0.25 1 26 2 1.5 1 26 3 -1.0 1 26 4 0.75 1 26 5 -1.75 1 26 6 0.0 1 26 7 1.75 1 26 8 -0.75 1 26 9 1.0 1 26 10 -1.5 1 26 11 0.25 1 26 12 2.0 1 26 13 -0.5 1 26 14 1.25 1 26 15 -1.25 1 26 16 0.5 1 26 17 -2.0 1 26 18 -0.25 1 26 19 1.5 1 26 20 -1.0 1 26 21 0.75 1 26 22 -1.75 1 26 23 0.0 1 26 24 1.75 1 26 25 -0.75 1 26 26 1.0 1 27 1 0.5 1 27 2 -2.0 1 27 3 -0.25 1 27 4 1.5 1 27 5 -1.0 1 27 6 0.75 1 27 7 -1.75 1 27 8 0.0 1 27 9 1.75 1 27 10 -0.75 1 27 11 1.0 1 27 12 -1.5 1 27 13 0.25 1 27 14 2.0 1 27 15 -0.5 1 27 16 1.25 1 27 17 -1.25 1 27 18 0.5 1 27 19 -2.0 1 27 20 -0.25 1 27 21 1.5 1 27 22 -1.0 1 27 23 0.75 1 27 24 -1.75 1 27 25 0.0 1 27 26 1.75 1 0.0 1 1.0 1 2.0 1 3.0 1 4.0 1 5.0 1 6.0 1 7.0 1 8.0 1 9.0 1 10.0 1 11.0 1 12.0 1 13.0 1 14.0 1 15.0 1 16.0 1 17.0 1 18.0 1 19.0 1 20.0 1 21.0 1 22.0 1 23.0 1 24.0 1 25.0 1 26.0 1 27.0 1 28.0 1 29.0 1 30.0 1 31.0 1 32.0 1 33.0 1 34.0 1 35.0 1 36.0 1 37.0 1 38.0 1 39.0 1 40.0 1 41.0 1 42.0 1 43.0 1 44.0 1 45.0 1 46.0 1 47.0 1 48.0 1 49.0 1 50.0 1 51.0 1 0.0 25 1.0 1 4.0 25 D B 24 25
unclamped_clamped_p24_24_q25_24_r0 24 24 27 26 52 3 0 0 1 1 1 -2.0 1 1 2 -0.25 1 1 3 1.5 1 1 4 -1.0 1 1 5 0.75 1 1 6 -1.75 1 1 7 0.0 1 1 8 1.75 1 1 9 -0.75 1 1 10 1.0 1 1 11 -1.5 1 1 12 0.25 1 1 13 2.0 1 1 14 -0.5 1 1 15 1.25 1 1 16 -1.25 1 1 17 0.5 1 1 18 -2.0 1 1 19 -0.25 1 1 20 1.5 1 1 21 -1.0 1 1 22 0.75 1 1 23 -1.75 1 1 24 0.0 1 1 25 1.75 1 1 26 -0.75 1 2 1 -1.25 1 2 2 0.5 1 2 3 -2.0 1 2 4 -0.25 1 2 5 1.5 1 2 6 -1.0 1 2 7 0.75 1 2 8 -1.75 1 2 9 0.0 1 2 10 1.75 1 2 11 -0.75 1 2 12 1.0 1 2 13 -1.5 1 2 14 0.25 1 2 15 2.0 1 2 16 -0.5 1 2 17 1.25 1 2 18 -1.25 1 2 19 0.5 1 2 20 -2.0 1 2 21 -0.25 1 2 22 1.5 1 2 23 -1.0 1 2 24 0.75 1 2 25 -1.75 1 2 26 0.0 1 3 1 -0.5 1 3 2 1.25 1 3 3 -1.25 1 3 4 0.5 1 3 5 -2.0 1 3 6 -0.25 1 3 7 1.5 1 3 8 -1.0 1 3 9 0.75 1 3 10 -1.75 1 3 11 0.0 1 3 12 1.75 1 3 13 -0.75 1 3 14 1.0 1 3 15 -1.5 1 3 16 0.25 1 3 17 2.0 1 3 18 -0.5 1 3 19 1.25 1 3 20 -1.25 1 3 21 0.5 1 3 22 -2.0 1 3 23 -0.25 1 3 24 1.5 1 3 25 -1.0 1 3 26 0.75 1 4 1 0.25 1 4 2 2.0 1 4 3 -0.5 1 4 4 1.25 1 4 5 -1.25 1 4 6 0.5 1 4 7 -2.0 1 4 8 -0.25 1 4 9 1.5 1 4 10 -1.0 1 4 11 0.75 1 4 12 -1.75 1 4 13 0.0 1 4 14 1.75 1 4 15 -0.75 1 4 16 1.0 1 4 17 -1.5 1 4 18 0.25 1 4 19 2.0 1 4 20 -0.5 1 4 21 1.25 1 4 22 -1.25 1 4 23 0.5 1 4 24 -2.0 1 4 25 -0.25 1 4 26 1.5 1 5 1 1.0 1 5 2 -1.5 1 5 3 0.25 1 5 4 2.0 1 5 5 -0.5 1 5 6 1.25 1 5 7 -1.25 1 5 8 0.5 1 5 9 -2.0 1 5 10 -0.25 1 5 11 1.5 1 5 12 -1.0 1 5 13 0.75 1 5 14 -1.75 1 5 15 0.0 1 5 16 1.75 1 5 17 -0.75 1 5 18 1.0 1 5 19 -1.5 1 5 20 0.25 1 5 21 2.0 1 5 22 -0.5 1 5 23 1.25 1 5 24 -1.25 1 5 25 0.5 1 5 26 -2.0 1 6 1 1.75 1 6 2 -0.75 1 6 3 1.0 1 6 4 -1.5 1 6 5 0.25 1 6 6 2.0 1 6 7 -0.5 1 6 8 1.25 1 6 9 -1.25 1 6 10 0.5 1 6 11 -2.0 1 6 12 -0.25 1 6 13 1.5 1 6 14 -1.0 1 6 15 0.75 1 6 16 -1.75 1 6 17 0.0 1 6 18 1.75 1 6 19 -0.75 1 6 20 1.0 1 6 21 -1.5 1 6 22 0.25 1 6 23 2.0 1 6 24 -0.5 1 6 25 1.25 1 6 26 -1.25 1 7 1 -1.75 1 7 2 0.0 1 7 3 1.75 1 7 4 -0.75 1 7 5 1.0 1 7 6 -1.5 1 7 7 0.25 1 7 8 2.0 1 7 9 -0.5 1 7 10 1.25 1 7 11 -1.25 1 7 12 0.5 1 7 13 -2.0 1 7 14 -0.25 1 7 15 1.5 1 7 16 -1.0 1 7 17 0.75 1 7 18 -1.75 1 7 19 0.0 1 7 20 1.75 1 7 21 -0.75 1 7 22 1.0 1 7 23 -1.5 1 7 24 0.25 1 7 25 2.0 1 7 26 -0.5 1 8 1 -1.0 1 8 2 0.75 1 8 3 -1.75 1 8 4 0.0 1 8 5 1.75 1 8 6 -0.75 1 8 7 1.0 1 8 8 -1.5 1 8 9 0.25 1 8 10 2.0 1 8 11 -0.5 1 8 12 1.25 1 8 13 -1.25 1 8 14 0.5 1 8 15 -2.0 1 8 16 -0.25 1 8 17 1.5 1 8 18 -1.0 1 8 19 0.75 1 8 20 -1.75 1 8 21 0.0 1 8 22 1.75 1 8 23 -0.75 1 8 24 1.0 1 8 25 -1.5 1 8 26 0.25 1 9 1 -0.25 1 9 2 1.5 1 9 3 -1.0 1 9 4 0.75 1 9 5 -1.75 1 9 6 0.0 1 9 7 1.75 1 9 8 -0.75 1 9 9 1.0 1 9 10 -1.5 1 9 11 0.25 1 9 12 2.0 1 9 13 -0.5 1 9 14 1.25 1 9 15 -1.25 1 9 16 0.5 1 9 17 -2.0 1 9 18 -0.25 1 9 19 1.5 1 9 20 -1.0 1 9 21 0.75 1 9 22 -1.75 1 9 23 0.0 1 9 24 1.75 1 9 25 -0.75 1 9 26 1.0 1 10 1 0.5 1 10 2 -2.0 1 10 3 -0.25 1 10 4 1.5 1 10 5 -1.0 1 10 6 0.75 1 10 7 -1.75 1 10 8 0.0 1 10 9 1.75 1 10 10 -0.75 1 10 11 1.0 1 10 12 -1.5 1 10 13 0.25 1 10 14 2.0 1 10 15 -0.5 1 10 16 1.25 1 10 17 -1.25 1 10 18 0.5 1 10 19 -2.0 1 10 20 -0.25 1 10 21 1.5 1 10 22 -1.0 1 10 23 0.75 1 10 24 -1.75 1 10 25 0.0 1 10 26 1.75 1 11 1 1.25 1 11 2 -1.25 1 11 3 0.5 1 11 4 -2.0 1 11 5 -0.25 1 11 6 1.5 1 11 7 -1.0 1 11 8 0.75 1 11 9 -1.75 1 11 10 0.0 1 11 11 1.75 1 11 12 -0.75 1 11 13 1.0 1 11 14 -1.5 1 11 15 0.25 1 11 16 2.0 1 11 17 -0.5 1 11 18 1.25 1 11 19 -1.25 1 11 20 0.5 1 11 21 -2.0 1 11 22 -0.25 1 11 23 1.5 1 11 24 -1.0 1 11 25 0.75 1 11 26 -1.75 1 12 1 2.0 1 12 2 -0.5 1 12 3 1.25 1 12 4 -1.25 1 12 5 0.5 1 12 6 -2.0 1 12 7 -0.25 1 12 8 1.5 1 12 9 -1.0 1 12 10 0.75 1 12 11 -1.75 1 12 12 0.0 1 12 13 1.75 1 12 14 -0.75 1 12 15 1.0 1 12 16 -1.5 1 12 17 0.25 1 12 18 2.0 1 12 19 -0.5 1 12 20 1.25 1 12 21 -1.25 1 12 22 0.5 1 12 23 -2.0 1 12 24 -0.25 1 12 25 1.5 1 12 26 -1.0 1 13 1 -1.5 1 13 2 0.25 1 13 3 2.0 1 13 4 -0.5 1 13 5 1.25 1 13 6 -1.25 1 13 7 0.5 1 13 8 -2.0 1 13 9 -0.25 1 13 10 1.5 1 13 11 -1.0 1 13 12 0.75 1 13 13 -1.75 1 13 14 0.0 1 13 15 1.75 1 13 16 -0.75 1 13 17 1.0 1 13 18 -1.5 1 13 19 0.25 1 13 20 2.0 1 13 21 -0.5 1 13 22 1.25 1 13 23 -1.25 1 13 24 0.5 1 13 25 -2.0 1 13 26 -0.25 1 14 1 -0.75 1 14 2 1.0 1 14 3 -1.5 1 14 4 0.25 1 14 5 2.0 1 14 6 -0.5 1 14 7 1.25 1 14 8 -1.25 1 14 9 0.5 1 14 10 -2.0 1 14 11 -0.25 1 14 12 1.5 1 14 13 -1.0 1 14 14 0.75 1 14 15 -1.75 1 14 16 0.0 1 14 17 1.75 1 14 18 -0.75 1 14 19 1.0 1 14 20 -1.5 1 14 21 0.25 1 14 22 2.0 1 14 23 -0.5 1 14 24 1.25 1 14 25 -1.25 1 14 26 0.5 1 15 1 0.0 1 15 2 1.75 1 15 3 -0.75 1 15 4 1.0 1 15 5 -1.5 1 15 6 0.25 1 15 7 2.0 1 15 8 -0.5 1 15 9 1.25 1 15 10 -1.25 1 15 11 0.5 1 15 12 -2.0 1 15 13 -0.25 1 15 14 1.5 1 15 15 -1.0 1 15 16 0.75 1 15 17 -1.75 1 15 18 0.0 1 15 19 1.75 1 15 20 -0.75 1 15 21 1.0 1 15 22 -1.5 1 15 23 0.25 1 15 24 2.0 1 15 25 -0.5 1 15 26 1.25 1 16 1 0.75 1 16 2 -1.75 1 16 3 0.0 1 16 4 1.75 1 16 5 -0.75 1 16 6 1.0 1 16 7 -1.5 1 16 8 0.25 1 16 9 2.0 1 16 10 -0.5 1 16 11 1.25 1 16 12 -1.25 1 16 13 0.5 1 16 14 -2.0 1 16 15 -0.25 1 16 16 1.5 1 16 17 -1.0 1 16 18 0.75 1 16 19 -1.75 1 16 20 0.0 1 16 21 1.75 1 16 22 -0.75 1 16 23 1.0 1 16 24 -1.5 1 16 25 0.25 1 16 26 2.0 1 17 1 1.5 1 17 2 -1.0 1 17 3 0.75 1 17 4 -1.75 1 17 5 0.0 1 17 6 1.75 1 17 7 -0.75 1 17 8 1.0 1 17 9 -1.5 1 17 10 0.25 1 17 11 2.0 1 17 12 -0.5 1 17 13 1.25 1 17 14 -1.25 1 17 15 0.5 1 17 16 -2.0 1 17 17 -0.25 1 17 18 1.5 1 17 19 -1.0 1 17 20 0.75 1 17 21 -1.75 1 17 22 0.0 1 17 23 1.75 1 17 24 -0.75 1 17 25 1.0 1 17 26 -1.5 1 18 1 -2.0 1 18 2 -0.25 1 18 3 1.5 1 18 4 -1.0 1 18 5 0.75 1 18 6 -1.75 1 18 7 0.0 1 18 8 1.75 1 18 9 -0.75 1 18 10 1.0 1 18 11 -1.5 1 18 12 0.25 1 18 13 2.0 1 18 14 -0.5 1 18 15 1.25 1 18 16 -1.25 1 18 17 0.5 1 18 18 -2.0 1 18 19 -0.25 1 18 20 1.5 1 18 21 -1.0 1 18 22 0.75 1 18 23 -1.75 1 18 24 0.0 1 18 25 1.75 1 18 26 -0.75 1 19 1 -1.25 1 19 2 0.5 1 19 3 -2.0 1 19 4 -0.25 1 19 5 1.5 1 19 6 -1.0 1 19 7 0.75 1 19 8 -1.75 1 19 9 0.0 1 19 10 1.75 1 19 11 -0.75 1 19 12 1.0 1 19 13 -1.5 1 19 14 0.25 1 19 15 2.0 1 19 16 -0.5 1 19 17 1.25 1 19 18 -1.25 1 19 19 0.5 1 19 20 -2.0 1 19 21 -0.25 1 19 22 1.5 1 19 23 -1.0 1 19 24 0.75 1 19 25 -1.75 1 19 26 0.0 1 20 1 -0.5 1 20 2 1.25 1 20 3 -1.25 1 20 4 0.5 1 20 5 -2.0 1 20 6 -0.25 1 20 7 1.5 1 20 8 -1.0 1 20 9 0.75 1 20 10 -1.75 1 20 11 0.0 1 20 12 1.75 1 20 13 -0.75 1 20 14 1.0 1 20 15 -1.5 1 20 16 0.25 1 20 17 2.0 1 20 18 -0.5 1 20 19 1.25 1 20 20 -1.25 1 20 21 0.5 1 20 22 -2.0 1 20 23 -0.25 1 20 24 1.5 1 20 25 -1.0 1 20 26 0.75 1 21 1 0.25 1 21 2 2.0 1 21 3 -0.5 1 21 4 1.25 1 21 5 -1.25 1 21 6 0.5 1 21 7 -2.0 1 21 8 -0.25 1 21 9 1.5 1 21 10 -1.0 1 21 11 0.75 1 21 12 -1.75 1 21 13 0.0 1 21 14 1.75 1 21 15 -0.75 1 21 16 1.0 1 21 17 -1.5 1 21 18 0.25 1 21 19 2.0 1 21 20 -0.5 1 21 21 1.25 1 21 22 -1.25 1 21 23 0.5 1 21 24 -2.0 1 21 25 -0.25 1 21 26 1.5 1 22 1 1.0 1 22 2 -1.5 1 22 3 0.25 1 22 4 2.0 1 22 5 -0.5 1 22 6 1.25 1 22 7 -1.25 1 22 8 0.5 1 22 9 -2.0 1 22 10 -0.25 1 22 11 1.5 1 22 12 -1.0 1 22 13 0.75 1 22 14 -1.75 1 22 15 0.0 1 22 16 1.75 1 22 17 -0.75 1 22 18 1.0 1 22 19 -1.5 1 22 20 0.25 1 22 21 2.0 1 22 22 -0.5 1 22 23 1.25 1 22 24 -1.25 1 22 25 0.5 1 22 26 -2.0 1 23 1 1.75 1 23 2 -0.75 1 23 3 1.0 1 23 4 -1.5 1 23 5 0.25 1 23 6 2.0 1 23 7 -0.5 1 23 8 1.25 1 23 9 -1.25 1 23 10 0.5 1 23 11 -2.0 1 23 12 -0.25 1 23 13 1.5 1 23 14 -1.0 1 23 15 0.75 1 23 16 -1.75 1 23 17 0.0 1 23 18 1.75 1 23 19 -0.75 1 23 20 1.0 1 23 21 -1.5 1 23 22 0.25 1 23 23 2.0 1 23 24 -0.5 1 23 25 1.25 1 23 26 -1.25 1 24 1 -1.75 1 24 2 0.0 1 24 3 1.75 1 24 4 -0.75 1 24 5 1.0 1 24 6 -1.5 1 24 7 0.25 1 24 8 2.0 1 24 9 -0.5 1 24 10 1.25 1 24 11 -1.25 1 24 12 0.5 1 24 13 -2.0 1 24 14 -0.25 1 24 15 1.5 1 24 16 -1.0 1 24 17 0.75 1 24 18 -1.75 1 24 19 0.0 1 24 20 1.75 1 24 21 -0.75 1 24 22 1.0 1 24 23 -1.5 1 24 24 0.25 1 24 25 2.0 1 24 26 -0.5 1 25 1 -1.0 1 25 2 0.75 1 25 3 -1.75 1 25 4 0.0 1 25 5 1.75 1 25 6 -0.75 1 25 7 1.0 1 25 8 -1.5 1 25 9 0.25 1 25 10 2.0 1 25 11 -0.5 1 25 12 1.25 1 25 13 -1.25 1 25 14 0.5 1 25 15 -2.0 1 25 16 -0.25 1 25 17 1.5 1 25 18 -1.0 1 25 19 0.75 1 25 20 -1.75 1 25 21 0.0 1 25 22 1.75 1 25 23 -0.75 1 25 24 1.0 1 25 25 -1.5 1 25 26 0.25 1 26 1 -0.25 1 26 2 1.5 1 26 3 -1.0 1 26 4 0.75 1 26 5 -1.75 1 26 6 0.0 1 26 7 1.75 1 26 8 -0.75 1 26 9 1.0 1 26 10 -1.5 1 26 11 0.25 1 26 12 2.0 1 26 13 -0.5 1 26 14 1.25 1 26 15 -1.25 1 26 16 0.5 1 26 17 -2.0 1 26 18 -0.25 1 26 19 1.5 1 26 20 -1.0 1 26 21 0.75 1 26 22 -1.75 1 26 23 0.0 1 26 24 1.75 1 26 25 -0.75 1 26 26 1.0 1 27 1 0.5 1 27 2 -2.0 1 27 3 -0.25 1 27 4 1.5 1 27 5 -1.0 1 27 6 0.75 1 27 7 -1.75 1 27 8 0.0 1 27 9 1.75 1 27 10 -0.75 1 27 11 1.0 1 27 12 -1.5 1 27 13 0.25 1 27 14 2.0 1 27 15 -0.5 1 27 16 1.25 1 27 17 -1.25 1 27 18 0.5 1 27 19 -2.0 1 27 20 -0.25 1 27 21 1.5 1 27 22 -1.0 1 27 23 0.75 1 27 24 -1.75 1 27 25 0.0 1 27 26 1.75 1 0.0 1 1.0 1 2.0 1 3.0 1 4.0 1 5.0 1 6.0 1 7.0 1 8.0 1 9.0 1 10.0 1 11.0 1 12.0 1 13.0 1 14.0 1 15.0 1 16.0 1 17.0 1 18.0 1 19.0 1 20.0 1 21.0 1 22.0 1 23.0 1 24.0 1 25.0 1 26.0 1 27.0 1 28.0 1 29.0 1 30.0 1 31.0 1 32.0 1 33.0 1 34.0 1 35.0 1 36.0 1 37.0 1 38.0 1 39.0 1 40.0 1 41.0 1 42.0 1 43.0 1 44.0 1 45.0 1 46.0 1 47.0 1 48.0 1 49.0 1 50.0 1 51.0 1 0.0 25 1.0 1 4.0 25 D B 25 24
unclamped_clamped_p24_24_q25_25_r0 24 24 27 26 52 3 0 0 1 1 1 -2.0 1 1 2 -0.25 1 1 3 1.5 1 1 4 -1.0 1 1 5 0.75 1 1 6 -1.75 1 1 7 0.0 1 1 8 1.75 1 1 9 -0.75 1 1 10 1.0 1 1 11 -1.5 1 1 12 0.25 1 1 13 2.0 1 1 14 -0.5 1 1 15 1.25 1 1 16 -1.25 1 1 17 0.5 1 1 18 -2.0 1 1 19 -0.25 1 1 20 1.5 1 1 21 -1.0 1 1 22 0.75 1 1 23 -1.75 1 1 24 0.0 1 1 25 1.75 1 1 26 -0.75 1 2 1 -1.25 1 2 2 0.5 1 2 3 -2.0 1 2 4 -0.25 1 2 5 1.5 1 2 6 -1.0 1 2 7 0.75 1 2 8 -1.75 1 2 9 0.0 1 2 10 1.75 1 2 11 -0.75 1 2 12 1.0 1 2 13 -1.5 1 2 14 0.25 1 2 15 2.0 1 2 16 -0.5 1 2 17 1.25 1 2 18 -1.25 1 2 19 0.5 1 2 20 -2.0 1 2 21 -0.25 1 2 22 1.5 1 2 23 -1.0 1 2 24 0.75 1 2 25 -1.75 1 2 26 0.0 1 3 1 -0.5 1 3 2 1.25 1 3 3 -1.25 1 3 4 0.5 1 3 5 -2.0 1 3 6 -0.25 1 3 7 1.5 1 3 8 -1.0 1 3 9 0.75 1 3 10 -1.75 1 3 11 0.0 1 3 12 1.75 1 3 13 -0.75 1 3 14 1.0 1 3 15 -1.5 1 3 16 0.25 1 3 17 2.0 1 3 18 -0.5 1 3 19 1.25 1 3 20 -1.25 1 3 21 0.5 1 3 22 -2.0 1 3 23 -0.25 1 3 24 1.5 1 3 25 -1.0 1 3 26 0.75 1 4 1 0.25 1 4 2 2.0 1 4 3 -0.5 1 4 4 1.25 1 4 5 -1.25 1 4 6 0.5 1 4 7 -2.0 1 4 8 -0.25 1 4 9 1.5 1 4 10 -1.0 1 4 11 0.75 1 4 12 -1.75 1 4 13 0.0 1 4 14 1.75 1 4 15 -0.75 1 4 16 1.0 1 4 17 -1.5 1 4 18 0.25 1 4 19 2.0 1 4 20 -0.5 1 4 21 1.25 1 4 22 -1.25 1 4 23 0.5 1 4 24 -2.0 1 4 25 -0.25 1 4 26 1.5 1 5 1 1.0 1 5 2 -1.5 1 5 3 0.25 1 5 4 2.0 1 5 5 -0.5 1 5 6 1.25 1 5 7 -1.25 1 5 8 0.5 1 5 9 -2.0 1 5 10 -0.25 1 5 11 1.5 1 5 12 -1.0 1 5 13 0.75 1 5 14 -1.75 1 5 15 0.0 1 5 16 1.75 1 5 17 -0.75 1 5 18 1.0 1 5 19 -1.5 1 5 20 0.25 1 5 21 2.0 1 5 22 -0.5 1 5 23 1.25 1 5 24 -1.25 1 5 25 0.5 1 5 26 -2.0 1 6 1 1.75 1 6 2 -0.75 1 6 3 1.0 1 6 4 -1.5 1 6 5 0.25 1 6 6 2.0 1 6 7 -0.5 1 6 8 1.25 1 6 9 -1.25 1 6 10 0.5 1 6 11 -2.0 1 6 12 -0.25 1 6 13 1.5 1 6 14 -1.0 1 6 15 0.75 1 6 16 -1.75 1 6 17 0.0 1 6 18 1.75 1 6 19 -0.75 1 6 20 1.0 1 6 21 -1.5 1 6 22 0.25 1 6 23 2.0 1 6 24 -0.5 1 6 25 1.25 1 6 26 -1.25 1 7 1 -1.75 1 7 2 0.0 1 7 3 1.75 1 7 4 -0.75 1 7 5 1.0 1 7 6 -1.5 1 7 7 0.25 1 7 8 2.0 1 7 9 -0.5 1 7 10 1.25 1 7 11 -1.25 1 7 12 0.5 1 7 13 -2.0 1 7 14 -0.25 1 7 15 1.5 1 7 16 -1.0 1 7 17 0.75 1 7 18 -1.75 1 7 19 0.0 1 7 20 1.75 1 7 21 -0.75 1 7 22 1.0 1 7 23 -1.5 1 7 24 0.25 1 7 25 2.0 1 7 26 -0.5 1 8 1 -1.0 1 8 2 0.75 1 8 3 -1.75 1 8 4 0.0 1 8 5 1.75 1 8 6 -0.75 1 8 7 1.0 1 8 8 -1.5 1 8 9 0.25 1 8 10 2.0 1 8 11 -0.5 1 8 12 1.25 1 8 13 -1.25 1 8 14 0.5 1 8 15 -2.0 1 8 16 -0.25 1 8 17 1.5 1 8 18 -1.0 1 8 19 0.75 1 8 20 -1.75 1 8 21 0.0 1 8 22 1.75 1 8 23 -0.75 1 8 24 1.0 1 8 25 -1.5 1 8 26 0.25 1 9 1 -0.25 1 9 2 1.5 1 9 3 -1.0 1 9 4 0.75 1 9 5 -1.75 1 9 6 0.0 1 9 7 1.75 1 9 8 -0.75 1 9 9 1.0 1 9 10 -1.5 1 9 11 0.25 1 9 12 2.0 1 9 13 -0.5 1 9 14 1.25 1 9 15 -1.25 1 9 16 0.5 1 9 17 -2.0 1 9 18 -0.25 1 9 19 1.5 1 9 20 -1.0 1 9 21 0.75 1 9 22 -1.75 1 9 23 0.0 1 9 24 1.75 1 9 25 -0.75 1 9 26 1.0 1 10 1 0.5 1 10 2 -2.0 1 10 3 -0.25 1 10 4 1.5 1 10 5 -1.0 1 10 6 0.75 1 10 7 -1.75 1 10 8 0.0 1 10 9 1.75 1 10 10 -0.75 1 10 11 1.0 1 10 12 -1.5 1 10 13 0.25 1 10 14 2.0 1 10 15 -0.5 1 10 16 1.25 1 10 17 -1.25 1 10 18 0.5 1 10 19 -2.0 1 10 20 -0.25 1 10 21 1.5 1 10 22 -1.0 1 10 23 0.75 1 10 24 -1.75 1 10 25 0.0 1 10 26 1.75 1 11 1 1.25 1 11 2 -1.25 1 11 3 0.5 1 11 4 -2.0 1 11 5 -0.25 1 11 6 1.5 1 11 7 -1.0 1 11 8 0.75 1 11 9 -1.75 1 11 10 0.0 1 11 11 1.75 1 11 12 -0.75 1 11 13 1.0 1 11 14 -1.5 1 11 15 0.25 1 11 16 2.0 1 11 17 -0.5 1 11 18 1.25 1 11 19 -1.25 1 11 20 0.5 1 11 21 -2.0 1 11 22 -0.25 1 11 23 1.5 1 11 24 -1.0 1 11 25 0.75 1 11 26 -1.75 1 12 1 2.0 1 12 2 -0.5 1 12 3 1.25 1 12 4 -1.25 1 12 5 0.5 1 12 6 -2.0 1 12 7 -0.25 1 12 8 1.5 1 12 9 -1.0 1 12 10 0.75 1 12 11 -1.75 1 12 12 0.0 1 12 13 1.75 1 12 14 -0.75 1 12 15 1.0 1 12 16 -1.5 1 12 17 0.25 1 12 18 2.0 1 12 19 -0.5 1 12 20 1.25 1 12 21 -1.25 1 12 22 0.5 1 12 23 -2.0 1 12 24 -0.25 1 12 25 1.5 1 12 26 -1.0 1 13 1 -1.5 1 13 2 0.25 1 13 3 2.0 1 13 4 -0.5 1 13 5 1.25 1 13 6 -1.25 1 13 7 0.5 1 13 8 -2.0 1 13 9 -0.25 1 13 10 1.5 1 13 11 -1.0 1 13 12 0.75 1 13 13 -1.75 1 13 14 0.0 1 13 15 1.75 1 13 16 -0.75 1 13 17 1.0 1 13 18 -1.5 1 13 19 0.25 1 13 20 2.0 1 13 21 -0.5 1 13 22 1.25 1 13 23 -1.25 1 13 24 0.5 1 13 25 -2.0 1 13 26 -0.25 1 14 1 -0.75 1 14 2 1.0 1 14 3 -1.5 1 14 4 0.25 1 14 5 2.0 1 14 6 -0.5 1 14 7 1.25 1 14 8 -1.25 1 14 9 0.5 1 14 10 -2.0 1 14 11 -0.25 1 14 12 1.5 1 14 13 -1.0 1 14 14 0.75 1 14 15 -1.75 1 14 16 0.0 1 14 17 1.75 1 14 18 -0.75 1 14 19 1.0 1 14 20 -1.5 1 14 21 0.25 1 14 22 2.0 1 14 23 -0.5 1 14 24 1.25 1 14 25 -1.25 1 14 26 0.5 1 15 1 0.0 1 15 2 1.75 1 15 3 -0.75 1 15 4 1.0 1 15 5 -1.5 1 15 6 0.25 1 15 7 2.0 1 15 8 -0.5 1 15 9 1.25 1 15 10 -1.25 1 15 11 0.5 1 15 12 -2.0 1 15 13 -0.25 1 15 14 1.5 1 15 15 -1.0 1 15 16 0.75 1 15 17 -1.75 1 15 18 0.0 1 15 19 1.75 1 15 20 -0.75 1 15 21 1.0 1 15 22 -1.5 1 15 23 0.25 1 15 24 2.0 1 15 25 -0.5 1 15 26 1.25 1 16 1 0.75 1 16 2 -1.75 1 16 3 0.0 1 16 4 1.75 1 16 5 -0.75 1 16 6 1.0 1 16 7 -1.5 1 16 8 0.25 1 16 9 2.0 1 16 10 -0.5 1 16 11 1.25 1 16 12 -1.25 1 16 13 0.5 1 16 14 -2.0 1 16 15 -0.25 1 16 16 1.5 1 16 17 -1.0 1 16 18 0.75 1 16 19 -1.75 1 16 20 0.0 1 16 21 1.75 1 16 22 -0.75 1 16 23 1.0 1 16 24 -1.5 1 16 25 0.25 1 16 26 2.0 1 17 1 1.5 1 17 2 -1.0 1 17 3 0.75 1 17 4 -1.75 1 17 5 0.0 1 17 6 1.75 1 17 7 -0.75 1 17 8 1.0 1 17 9 -1.5 1 17 10 0.25 1 17 11 2.0 1 17 12 -0.5 1 17 13 1.25 1 17 14 -1.25 1 17 15 0.5 1 17 16 -2.0 1 17 17 -0.25 1 17 18 1.5 1 17 19 -1.0 1 17 20 0.75 1 17 21 -1.75 1 17 22 0.0 1 17 23 1.75 1 17 24 -0.75 1 17 25 1.0 1 17 26 -1.5 1 18 1 -2.0 1 18 2 -0.25 1 18 3 1.5 1 18 4 -1.0 1 18 5 0.75 1 18 6 -1.75 1 18 7 0.0 1 18 8 1.75 1 18 9 -0.75 1 18 10 1.0 1 18 11 -1.5 1 18 12 0.25 1 18 13 2.0 1 18 14 -0.5 1 18 15 1.25 1 18 16 -1.25 1 18 17 0.5 1 18 18 -2.0 1 18 19 -0.25 1 18 20 1.5 1 18 21 -1.0 1 18 22 0.75 1 18 23 -1.75 1 18 24 0.0 1 18 25 1.75 1 18 26 -0.75 1 19 1 -1.25 1 19 2 0.5 1 19 3 -2.0 1 19 4 -0.25 1 19 5 1.5 1 19 6 -1.0 1 19 7 0.75 1 19 8 -1.75 1 19 9 0.0 1 19 10 1.75 1 19 11 -0.75 1 19 12 1.0 1 19 13 -1.5 1 19 14 0.25 1 19 15 2.0 1 19 16 -0.5 1 19 17 1.25 1 19 18 -1.25 1 19 19 0.5 1 19 20 -2.0 1 19 21 -0.25 1 19 22 1.5 1 19 23 -1.0 1 19 24 0.75 1 19 25 -1.75 1 19 26 0.0 1 20 1 -0.5 1 20 2 1.25 1 20 3 -1.25 1 20 4 0.5 1 20 5 -2.0 1 20 6 -0.25 1 20 7 1.5 1 20 8 -1.0 1 20 9 0.75 1 20 10 -1.75 1 20 11 0.0 1 20 12 1.75 1 20 13 -0.75 1 20 14 1.0 1 20 15 -1.5 1 20 16 0.25 1 20 17 2.0 1 20 18 -0.5 1 20 19 1.25 1 20 20 -1.25 1 20 21 0.5 1 20 22 -2.0 1 20 23 -0.25 1 20 24 1.5 1 20 25 -1.0 1 20 26 0.75 1 21 1 0.25 1 21 2 2.0 1 21 3 -0.5 1 21 4 1.25 1 21 5 -1.25 1 21 6 0.5 1 21 7 -2.0 1 21 8 -0.25 1 21 9 1.5 1 21 10 -1.0 1 21 11 0.75 1 21 12 -1.75 1 21 13 0.0 1 21 14 1.75 1 21 15 -0.75 1 21 16 1.0 1 21 17 -1.5 1 21 18 0.25 1 21 19 2.0 1 21 20 -0.5 1 21 21 1.25 1 21 22 -1.25 1 21 23 0.5 1 21 24 -2.0 1 21 25 -0.25 1 21 26 1.5 1 22 1 1.0 1 22 2 -1.5 1 22 3 0.25 1 22 4 2.0 1 22 5 -0.5 1 22 6 1.25 1 22 7 -1.25 1 22 8 0.5 1 22 9 -2.0 1 22 10 -0.25 1 22 11 1.5 1 22 12 -1.0 1 22 13 0.75 1 22 14 -1.75 1 22 15 0.0 1 22 16 1.75 1 22 17 -0.75 1 22 18 1.0 1 22 19 -1.5 1 22 20 0.25 1 22 21 2.0 1 22 22 -0.5 1 22 23 1.25 1 22 24 -1.25 1 22 25 0.5 1 22 26 -2.0 1 23 1 1.75 1 23 2 -0.75 1 23 3 1.0 1 23 4 -1.5 1 23 5 0.25 1 23 6 2.0 1 23 7 -0.5 1 23 8 1.25 1 23 9 -1.25 1 23 10 0.5 1 23 11 -2.0 1 23 12 -0.25 1 23 13 1.5 1 23 14 -1.0 1 23 15 0.75 1 23 16 -1.75 1 23 17 0.0 1 23 18 1.75 1 23 19 -0.75 1 23 20 1.0 1 23 21 -1.5 1 23 22 0.25 1 23 23 2.0 1 23 24 -0.5 1 23 25 1.25 1 23 26 -1.25 1 24 1 -1.75 1 24 2 0.0 1 24 3 1.75 1 24 4 -0.75 1 24 5 1.0 1 24 6 -1.5 1 24 7 0.25 1 24 8 2.0 1 24 9 -0.5 1 24 10 1.25 1 24 11 -1.25 1 24 12 0.5 1 24 13 -2.0 1 24 14 -0.25 1 24 15 1.5 1 24 16 -1.0 1 24 17 0.75 1 24 18 -1.75 1 24 19 0.0 1 24 20 1.75 1 24 21 -0.75 1 24 22 1.0 1 24 23 -1.5 1 24 24 0.25 1 24 25 2.0 1 24 26 -0.5 1 25 1 -1.0 1 25 2 0.75 1 25 3 -1.75 1 25 4 0.0 1 25 5 1.75 1 25 6 -0.75 1 25 7 1.0 1 25 8 -1.5 1 25 9 0.25 1 25 10 2.0 1 25 11 -0.5 1 25 12 1.25 1 25 13 -1.25 1 25 14 0.5 1 25 15 -2.0 1 25 16 -0.25 1 25 17 1.5 1 25 18 -1.0 1 25 19 0.75 1 25 20 -1.75 1 25 21 0.0 1 25 22 1.75 1 25 23 -0.75 1 25 24 1.0 1 25 25 -1.5 1 25 26 0.25 1 26 1 -0.25 1 26 2 1.5 1 26 3 -1.0 1 26 4 0.75 1 26 5 -1.75 1 26 6 0.0 1 26 7 1.75 1 26 8 -0.75 1 26 9 1.0 1 26 10 -1.5 1 26 11 0.25 1 26 12 2.0 1 26 13 -0.5 1 26 14 1.25 1 26 15 -1.25 1 26 16 0.5 1 26 17 -2.0 1 26 18 -0.25 1 26 19 1.5 1 26 20 -1.0 1 26 21 0.75 1 26 22 -1.75 1 26 23 0.0 1 26 24 1.75 1 26 25 -0.75 1 26 26 1.0 1 27 1 0.5 1 27 2 -2.0 1 27 3 -0.25 1 27 4 1.5 1 27 5 -1.0 1 27 6 0.75 1 27 7 -1.75 1 27 8 0.0 1 27 9 1.75 1 27 10 -0.75 1 27 11 1.0 1 27 12 -1.5 1 27 13 0.25 1 27 14 2.0 1 27 15 -0.5 1 27 16 1.25 1 27 17 -1.25 1 27 18 0.5 1 27 19 -2.0 1 27 20 -0.25 1 27 21 1.5 1 27 22 -1.0 1 27 23 0.75 1 27 24 -1.75 1 27 25 0.0 1 27 26 1.75 1 0.0 1 1.0 1 2.0 1 3.0 1 4.0 1 5.0 1 6.0 1 7.0 1 8.0 1 9.0 1 10.0 1 11.0 1 12.0 1 13.0 1 14.0 1 15.0 1 16.0 1 17.0 1 18.0 1 19.0 1 20.0 1 21.0 1 22.0 1 23.0 1 24.0 1 25.0 1 26.0 1 27.0 1 28.0 1 29.0 1 30.0 1 31.0 1 32.0 1 33.0 1 34.0 1 35.0 1 36.0 1 37.0 1 38.0 1 39.0 1 40.0 1 41.0 1 42.0 1 43.0 1 44.0 1 45.0 1 46.0 1 47.0 1 48.0 1 49.0 1 50.0 1 51.0 1 0.0 25 1.0 1 4.0 25 D B 25 25
unclamped_clamped_p24_24_q24_24_r1 24 24 27 26 52 3 0 0 1 1 1 -2.0 1 1 2 -0.25 3 1 3 1.5 5 1 4 -1.0 2 1 5 0.75 4 1 6 -1.75 1 1 7 0.0 3 1 8 1.75 5 1 9 -0.75 2 1 10 1.0 4 1 11 -1.5 1 1 12 0.25 3 1 13 2.0 5 1 14 -0.5 2 1 15 1.25 4 1 16 -1.25 1 1 17 0.5 3 1 18 -2.0 5 1 19 -0.25 2 1 20 1.5 4 1 21 -1.0 1 1 22 0.75 3 1 23 -1.75 5 1 24 0.0 2 1 25 1.75 4 1 26 -0.75 1 2 1 -1.25 2 2 2 0.5 4 2 3 -2.0 1 2 4 -0.25 3 2 5 1.5 5 2 6 -1.0 2 2 7 0.75 4 2 8 -1.75 1 2 9 0.0 3 2 10 1.75 5 2 11 -0.75 2 2 12 1.0 4 2 13 -1.5 1 2 14 0.25 3 2 15 2.0 5 2 16 -0.5 2 2 17 1.25 4 2 18 -1.25 1 2 19 0.5 3 2 20 -2.0 5 2 21 -0.25 2 2 22 1.5 4 2 23 -1.0 1 2 24 0.75 3 2 25 -1.75 5 2 26 0.0 2 3 1 -0.5 3 3 2 1.25 5 3 3 -1.25 2 3 4 0.5 4 3 5 -2.0 1 3 6 -0.25 3 3 7 1.5 5 3 8 -1.0 2 3 9 0.75 4 3 10 -1.75 1 3 11 0.0 3 3 12 1.75 5 3 13 -0.75 2 3 14 1.0 4 3 15 -1.5 1 3 16 0.25 3 3 17 2.0 5 3 18 -0.5 2 3 19 1.25 4 3 20 -1.25 1 3 21 0.5 3 3 22 -2.0 5 3 23 -0.25 2 3 24 1.5 4 3 25 -1.0 1 3 26 0.75 3 4 1 0.25 4 4 2 2.0 1 4 3 -0.5 3 4 4 1.25 5 4 5 -1.25 2 4 6 0.5 4 4 7 -2.0 1 4 8 -0.25 3 4 9 1.5 5 4 10 -1.0 2 4 11 0.75 4 4 12 -1.75 1 4 13 0.0 3 4 14 1.75 5 4 15 -0.75 2 4 16 1.0 4 4 17 -1.5 1 4 18 0.25 3 4 19 2.0 5 4 20 -0.5 2 4 21 1.25 4 4 22 -1.25 1 4 23 0.5 3 4 24 -2.0 5 4 25 -0.25 2 4 26 1.5 4 5 1 1.0 5 5 2 -1.5 2 5 3 0.25 4 5 4 2.0 1 5 5 -0.5 3 5 6 1.25 5 5 7 -1.25 2 5 8 0.5 4 5 9 -2.0 1 5 10 -0.25 3 5 11 1.5 5 5 12 -1.0 2 5 13 0.75 4 5 14 -1.75 1 5 15 0.0 3 5 16 1.75 5 5 17 -0.75 2 5 18 1.0 4 5 19 -1.5 1 5 20 0.25 3 5 21 2.0 5 5 22 -0.5 2 5 23 1.25 4 5 24 -1.25 1 5 25 0.5 3 5 26 -2.0 5 6 1 1.75 1 6 2 -0.75 3 6 3 1.0 5 6 4 -1.5 2 6 5 0.25 4 6 6 2.0 1 6 7 -0.5 3 6 8 1.25 5 6 9 -1.25 2 6 10 0.5 4 6 11 -2.0 1 6 12 -0.25 3 6 13 1.5 5 6 14 -1.0 2 6 15 0.75 4 6 16 -1.75 1 6 17 0.0 3 6 18 1.75 5 6 19 -0.75 2 6 20 1.0 4 6 21 -1.5 1 6 22 0.25 3 6 23 2.0 5 6 24 -0.5 2 6 25 1.25 4 6 26 -1.25 1 7 1 -1.75 2 7 2 0.0 4 7 3 1.75 1 7 4 -0.75 3 7 5 1.0 5 7 6 -1.5 2 7 7 0.25 4 7 8 2.0 1 7 9 -0.5 3 7 10 1.25 5 7 11 -1.25 2 7 12 0.5 4 7 13 -2.0 1 7 14 -0.25 3 7 15 1.5 5 7 16 -1.0 2 7 17 0.75 4 7 18 -1.75 1 7 19 0.0 3 7 20 1.75 5 7 21 -0.75 2 7 22 1.0 4 7 23 -1.5 1 7 24 0.25 3 7 25 2.0 5 7 26 -0.5 2 8 1 -1.0 3 8 2 0.75 5 8 3 -1.75 2 8 4 0.0 4 8 5 1.75 1 8 6 -0.75 3 8 7 1.0 5 8 8 -1.5 2 8 9 0.25 4 8 10 2.0 1 8 11 -0.5 3 8 12 1.25 5 8 13 -1.25 2 8 14 0.5 4 8 15 -2.0 1 8 16 -0.25 3 8 17 1.5 5 8 18 -1.0 2 8 19 0.75 4 8 20 -1.75 1 8 21 0.0 3 8 22 1.75 5 8 23 -0.75 2 8 24 1.0 4 8 25 -1.5 1 8 26 0.25 3 9 1 -0.25 4 9 2 1.5 1 9 3 -1.0 3 9 4 0.75 5 9 5 -1.75 2 9 6 0.0 4 9 7 1.75 1 9 8 -0.75 3 9 9 1.0 5 9 10 -1.5 2 9 11 0.25 4 9 12 2.0 1 9 13 -0.5 3 9 14 1.25 5 9 15 -1.25 2 9 16 0.5 4 9 17 -2.0 1 9 18 -0.25 3 9 19 1.5 5 9 20 -1.0 2 9 21 0.75 4 9 22 -1.75 1 9 23 0.0 3 9 24 1.75 5 9 25 -0.75 2 9 26 1.0 4 10 1 0.5 5 10 2 -2.0 2 10 3 -0.25 4 10 4 1.5 1 10 5 -1.0 3 10 6 0.75 5 10 7 -1.75 2 10 8 0.0 4 10 9 1.75 1 10 10 -0.75 3 10 11 1.0 5 10 12 -1.5 2 10 13 0.25 4 10 14 2.0 1 10 15 -0.5 3 10 16 1.25 5 10 17 -1.25 2 10 18 0.5 4 10 19 -2.0 1 10 20 -0.25 3 10 21 1.5 5 10 22 -1.0 2 10 23 0.75 4 10 24 -1.75 1 10 25 0.0 3 10 26 1.75 5 11 1 1.25 1 11 2 -1.25 3 11 3 0.5 5 11 4 -2.0 2 11 5 -0.25 4 11 6 1.5 1 11 7 -1.0 3 11 8 0.75 5 11 9 -1.75 2 11 10 0.0 4 11 11 1.75 1 11 12 -0.75 3 11 13 1.0 5 11 14 -1.5 2 11 15 0.25 4 11 16 2.0 1 11 17 -0.5 3 11 18 1.25 5 11 19 -1.25 2 11 20 0.5 4 11 21 -2.0 1 11 22 -0.25 3 11 23 1.5 5 11 24 -1.0 2 11 25 0.75 4 11 26 -1.75 1 12 1 2.0 2 12 2 -0.5 4 12 3 1.25 1 12 4 -1.25 3 12 5 0.5 5 12 6 -2.0 2 12 7 -0.25 4 12 8 1.5 1 12 9 -1.0 3 12 10 0.75 5 12 11 -1.75 2 12 12 0.0 4 12 13 1.75 1 12 14 -0.75 3 12 15 1.0 5 12 16 -1.5 2 12 17 0.25 4 12 18 2.0 1 12 19 -0.5 3 12 20 1.25 5 12 21 -1.25 2 12 22 0.5 4 12 23 -2.0 1 12 24 -0.25 3 12 25 1.5 5 12 26 -1.0 2 13 1 -1.5 3 13 2 0.25 5 13 3 2.0 2 13 4 -0.5 4 13 5 1.25 1 13 6 -1.25 3 13 7 0.5 5 13 8 -2.0 2 13 9 -0.25 4 13 10 1.5 1 13 11 -1.0 3 13 12 0.75 5 13 13 -1.75 2 13 14 0.0 4 13 15 1.75 1 13 16 -0.75 3 13 17 1.0 5 13 18 -1.5 2 13 19 0.25 4 13 20 2.0 1 13 21 -0.5 3 13 22 1.25 5 13 23 -1.25 2 13 24 0.5 4 13 25 -2.0 1 13 26 -0.25 3 14 1 -0.75 4 14 2 1.0 1 14 3 -1.5 3 14 4 0.25 5 14 5 2.0 2 14 6 -0.5 4 14 7 1.25 1 14 8 -1.25 3 14 9 0.5 5 14 10 -2.0 2 14 11 -0.25 4 14 12 1.5 1 14 13 -1.0 3 14 14 0.75 5 14 15 -1.75 2 14 16 0.0 4 14 17 1.75 1 14 18 -0.75 3 14 19 1.0 5 14 20 -1.5 2 14 21 0.25 4 14 22 2.0 1 14 23 -0.5 3 14 24 1.25 5 14 25 -1.25 2 14 26 0.5 4 15 1 0.0 5 15 2 1.75 2 15 3 -0.75 4 15 4 1.0 1 15 5 -1.5 3 15 6 0.25 5 15 7 2.0 2 15 8 -0.5 4 15 9 1.25 1 15 10 -1.25 3 15 11 0.5 5 15 12 -2.0 2 15 13 -0.25 4 15 14 1.5 1 15 15 -1.0 3 15 16 0.75 5 15 17 -1.75 2 15 18 0.0 4 15 19 1.75 1 15 20 -0.75 3 15 21 1.0 5 15 22 -1.5 2 15 23 0.25 4 15 24 2.0 1 15 25 -0.5 3 15 26 1.25 5 16 1 0.75 1 16 2 -1.75 3 16 3 0.0 5 16 4 1.75 2 16 5 -0.75 4 16 6 1.0 1 16 7 -1.5 3 16 8 0.25 5 16 9 2.0 2 16 10 -0.5 4 16 11 1.25 1 16 12 -1.25 3 16 13 0.5 5 16 14 -2.0 2 16 15 -0.25 4 16 16 1.5 1 16 17 -1.0 3 16 18 0.75 5 16 19 -1.75 2 16 20 0.0 4 16 21 1.75 1 16 22 -0.75 3 16 23 1.0 5 16 24 -1.5 2 16 25 0.25 4 16 26 2.0 1 17 1 1.5 2 17 2 -1.0 4 17 3 0.75 1 17 4 -1.75 3 17 5 0.0 5 17 6 1.75 2 17 7 -0.75 4 17 8 1.0 1 17 9 -1.5 3 17 10 0.25 5 17 11 2.0 2 17 12 -0.5 4 17 13 1.25 1 17 14 -1.25 3 17 15 0.5 5 17 16 -2.0 2 17 17 -0.25 4 17 18 1.5 1 17 19 -1.0 3 17 20 0.75 5 17 21 -1.75 2 17 22 0.0 4 17 23 1.75 1 17 24 -0.75 3 17 25 1.0 5 17 26 -1.5 2 18 1 -2.0 3 18 2 -0.25 5 18 3 1.5 2 18 4 -1.0 4 18 5 0.75 1 18 6 -1.75 3 18 7 0.0 5 18 8 1.75 2 18 9 -0.75 4 18 10 1.0 1 18 11 -1.5 3 18 12 0.25 5 18 13 2.0 2 18 14 -0.5 4 18 15 1.25 1 18 16 -1.25 3 18 17 0.5 5 18 18 -2.0 2 18 19 -0.25 4 18 20 1.5 1 18 21 -1.0 3 18 22 0.75 5 18 23 -1.75 2 18 24 0.0 4 18 25 1.75 1 18 26 -0.75 3 19 1 -1.25 4 19 2 0.5 1 19 3 -2.0 3 19 4 -0.25 5 19 5 1.5 2 19 6 -1.0 4 19 7 0.75 1 19 8 -1.75 3 19 9 0.0 5 19 10 1.75 2 19 11 -0.75 4 19 12 1.0 1 19 13 -1.5 3 19 14 0.25 5 19 15 2.0 2 19 16 -0.5 4 19 17 1.25 1 19 18 -1.25 3 19 19 0.5 5 19 20 -2.0 2 19 21 -0.25 4 19 22 1.5 1 19 23 -1.0 3 19 24 0.75 5 19 25 -1.75 2 19 26 0.0 4 20 1 -0.5 5 20 2 1.25 2 20 3 -1.25 4 20 4 0.5 1 20 5 -2.0 3 20 6 -0.25 5 20 7 1.5 2 20 8 -1.0 4 20 9 0.75 1 20 10 -1.75 3 20 11 0.0 5 20 12 1.75 2 20 13 -0.75 4 20 14 1.0 1 20 15 -1.5 3 20 16 0.25 5 20 17 2.0 2 20 18 -0.5 4 20 19 1.25 1 20 20 -1.25 3 20 21 0.5 5 20 22 -2.0 2 20 23 -0.25 4 20 24 1.5 1 20 25 -1.0 3 20 26 0.75 5 21 1 0.25 1 21 2 2.0 3 21 3 -0.5 5 21 4 1.25 2 21 5 -1.25 4 21 6 0.5 1 21 7 -2.0 3 21 8 -0.25 5 21 9 1.5 2 21 10 -1.0 4 21 11 0.75 1 21 12 -1.75 3 21 13 0.0 5 21 14 1.75 2 21 15 -0.75 4 21 16 1.0 1 21 17 -1.5 3 21 18 0.25 5 21 19 2.0 2 21 20 -0.5 4 21 21 1.25 1 21 22 -1.25 3 21 23 0.5 5 21 24 -2.0 2 21 25 -0.25 4 21 26 1.5 1 22 1 1.0 2 22 2 -1.5 4 22 3 0.25 1 22 4 2.0 3 22 5 -0.5 5 22 6 1.25 2 22 7 -1.25 4 22 8 0.5 1 22 9 -2.0 3 22 10 -0.25 5 22 11 1.5 2 22 12 -1.0 4 22 13 0.75 1 22 14 -1.75 3 22 15 0.0 5 22 16 1.75 2 22 17 -0.75 4 22 18 1.0 1 22 19 -1.5 3 22 20 0.25 5 22 21 2.0 2 22 22 -0.5 4 22 23 1.25 1 22 24 -1.25 3 22 25 0.5 5 22 26 -2.0 2 23 1 1.75 3 23 2 -0.75 5 23 3 1.0 2 23 4 -1.5 4 23 5 0.25 1 23 6 2.0 3 23 7 -0.5 5 23 8 1.25 2 23 9 -1.25 4 23 10 0.5 1 23 11 -2.0 3 23 12 -0.25 5 23 13 1.5 2 23 14 -1.0 4 23 15 0.75 1 23 16 -1.75 3 23 17 0.0 5 23 18 1.75 2 23 19 -0.75 4 23 20 1.0 1 23 21 -1.5 3 23 22 0.25 5 23 23 2.0 2 23 24 -0.5 4 23 25 1.25 1 23 26 -1.25 3 24 1 -1.75 4 24 2 0.0 1 24 3 1.75 3 24 4 -0.75 5 24 5 1.0 2 24 6 -1.5 4 24 7 0.25 1 24 8 2.0 3 24 9 -0.5 5 24 10 1.25 2 24 11 -1.25 4 24 12 0.5 1 24 13 -2.0 3 24 14 -0.25 5 24 15 1.5 2 24 16 -1.0 4 24 17 0.75 1 24 18 -1.75 3 24 19 0.0 5 24 20 1.75 2 24 21 -0.75 4 24 22 1.0 1 24 23 -1.5 3 24 24 0.25 5 24 25 2.0 2 24 26 -0.5 4 25 1 -1.0 5 25 2 0.75 2 25 3 -1.75 4 25 4 0.0 1 25 5 1.75 3 25 6 -0.75 5 25 7 1.0 2 25 8 -1.5 4 25 9 0.25 1 25 10 2.0 3 25 11 -0.5 5 25 12 1.25 2 25 13 -1.25 4 25 14 0.5 1 25 15 -2.0 3 25 16 -0.25 5 25 17 1.5 2 25 18 -1.0 4 25 19 0.75 1 25 20 -1.75 3 25 21 0.0 5 25 22 1.75 2 25 23 -0.75 4 25 24 1.0 1 25 25 -1.5 3 25 26 0.25 5 26 1 -0.25 1 26 2 1.5 3 26 3 -1.0 5 26 4 0.75 2 26 5 -1.75 4 26 6 0.0 1 26 7 1.75 3 26 8 -0.75 5 26 9 1.0 2 26 10 -1.5 4 26 11 0.25 1 26 12 2.0 3 26 13 -0.5 5 26 14 1.25 2 26 15 -1.25 4 26 16 0.5 1 26 17 -2.0 3 26 18 -0.25 5 26 19 1.5 2 26 20 -1.0 4 26 21 0.75 1 26 22 -1.75 3 26 23 0.0 5 26 24 1.75 2 26 25 -0.75 4 26 26 1.0 1 27 1 0.5 2 27 2 -2.0 4 27 3 -0.25 1 27 4 1.5 3 27 5 -1.0 5 27 6 0.75 2 27 7 -1.75 4 27 8 0.0 1 27 9 1.75 3 27 10 -0.75 5 27 11 1.0 2 27 12 -1.5 4 27 13 0.25 1 27 14 2.0 3 27 15 -0.5 5 27 16 1.25 2 27 17 -1.25 4 27 18 0.5 1 27 19 -2.0 3 27 20 -0.25 5 27 21 1.5 2 27 22 -1.0 4 27 23 0.75 1 27 24 -1.75 3 27 25 0.0 5 27 26 1.75 2 0.0 1 1.0 1 2.0 1 3.0 1 4.0 1 5.0 1 6.0 1 7.0 1 8.0 1 9.0 1 10.0 1 11.0 1 12.0 1 13.0 1 14.0 1 15.0 1 16.0 1 17.0 1 18.0 1 19.0 1 20.0 1 21.0 1 22.0 1 23.0 1 24.0 1 25.0 1 26.0 1 27.0 1 28.0 1 29.0 1 30.0 1 31.0 1 32.0 1 33.0 1 34.0 1 35.0 1 36.0 1 37.0 1 38.0 1 39.0 1 40.0 1 41.0 1 42.0 1 43.0 1 44.0 1 45.0 1 46.0 1 47.0 1 48.0 1 49.0 1 50.0 1 51.0 1 0.0 25 1.0 1 4.0 25 D B 24 24
unclamped_clamped_p24_24_q24_25_r1 24 24 27 26 52 3 0 0 1 1 1 -2.0 1 1 2 -0.25 3 1 3 1.5 5 1 4 -1.0 2 1 5 0.75 4 1 6 -1.75 1 1 7 0.0 3 1 8 1.75 5 1 9 -0.75 2 1 10 1.0 4 1 11 -1.5 1 1 12 0.25 3 1 13 2.0 5 1 14 -0.5 2 1 15 1.25 4 1 16 -1.25 1 1 17 0.5 3 1 18 -2.0 5 1 19 -0.25 2 1 20 1.5 4 1 21 -1.0 1 1 22 0.75 3 1 23 -1.75 5 1 24 0.0 2 1 25 1.75 4 1 26 -0.75 1 2 1 -1.25 2 2 2 0.5 4 2 3 -2.0 1 2 4 -0.25 3 2 5 1.5 5 2 6 -1.0 2 2 7 0.75 4 2 8 -1.75 1 2 9 0.0 3 2 10 1.75 5 2 11 -0.75 2 2 12 1.0 4 2 13 -1.5 1 2 14 0.25 3 2 15 2.0 5 2 16 -0.5 2 2 17 1.25 4 2 18 -1.25 1 2 19 0.5 3 2 20 -2.0 5 2 21 -0.25 2 2 22 1.5 4 2 23 -1.0 1 2 24 0.75 3 2 25 -1.75 5 2 26 0.0 2 3 1 -0.5 3 3 2 1.25 5 3 3 -1.25 2 3 4 0.5 4 3 5 -2.0 1 3 6 -0.25 3 3 7 1.5 5 3 8 -1.0 2 3 9 0.75 4 3 10 -1.75 1 3 11 0.0 3 3 12 1.75 5 3 13 -0.75 2 3 14 1.0 4 3 15 -1.5 1 3 16 0.25 3 3 17 2.0 5 3 18 -0.5 2 3 19 1.25 4 3 20 -1.25 1 3 21 0.5 3 3 22 -2.0 5 3 23 -0.25 2 3 24 1.5 4 3 25 -1.0 1 3 26 0.75 3 4 1 0.25 4 4 2 2.0 1 4 3 -0.5 3 4 4 1.25 5 4 5 -1.25 2 4 6 0.5 4 4 7 -2.0 1 4 8 -0.25 3 4 9 1.5 5 4 10 -1.0 2 4 11 0.75 4 4 12 -1.75 1 4 13 0.0 3 4 14 1.75 5 4 15 -0.75 2 4 16 1.0 4 4 17 -1.5 1 4 18 0.25 3 4 19 2.0 5 4 20 -0.5 2 4 21 1.25 4 4 22 -1.25 1 4 23 0.5 3 4 24 -2.0 5 4 25 -0.25 2 4 26 1.5 4 5 1 1.0 5 5 2 -1.5 2 5 3 0.25 4 5 4 2.0 1 5 5 -0.5 3 5 6 1.25 5 5 7 -1.25 2 5 8 0.5 4 5 9 -2.0 1 5 10 -0.25 3 5 11 1.5 5 5 12 -1.0 2 5 13 0.75 4 5 14 -1.75 1 5 15 0.0 3 5 16 1.75 5 5 17 -0.75 2 5 18 1.0 4 5 19 -1.5 1 5 20 0.25 3 5 21 2.0 5 5 22 -0.5 2 5 23 1.25 4 5 24 -1.25 1 5 25 0.5 3 5 26 -2.0 5 6 1 1.75 1 6 2 -0.75 3 6 3 1.0 5 6 4 -1.5 2 6 5 0.25 4 6 6 2.0 1 6 7 -0.5 3 6 8 1.25 5 6 9 -1.25 2 6 10 0.5 4 6 11 -2.0 1 6 12 -0.25 3 6 13 1.5 5 6 14 -1.0 2 6 15 0.75 4 6 16 -1.75 1 6 17 0.0 3 6 18 1.75 5 6 19 -0.75 2 6 20 1.0 4 6 21 -1.5 1 6 22 0.25 3 6 23 2.0 5 6 24 -0.5 2 6 25 1.25 4 6 26 -1.25 1 7 1 -1.75 2 7 2 0.0 4 7 3 1.75 1 7 4 -0.75 3 7 5 1.0 5 7 6 -1.5 2 7 7 0.25 4 7 8 2.0 1 7 9 -0.5 3 7 10 1.25 5 7 11 -1.25 2 7 12 0.5 4 7 13 -2.0 1 7 14 -0.25 3 7 15 1.5 5 7 16 -1.0 2 7 17 0.75 4 7 18 -1.75 1 7 19 0.0 3 7 20 1.75 5 7 21 -0.75 2 7 22 1.0 4 7 23 -1.5 1 7 24 0.25 3 7 25 2.0 5 7 26 -0.5 2 8 1 -1.0 3 8 2 0.75 5 8 3 -1.75 2 8 4 0.0 4 8 5 1.75 1 8 6 -0.75 3 8 7 1.0 5 8 8 -1.5 2 8 9 0.25 4 8 10 2.0 1 8 11 -0.5 3 8 12 1.25 5 8 13 -1.25 2 8 14 0.5 4 8 15 -2.0 1 8 16 -0.25 3 8 17 1.5 5 8 18 -1.0 2 8 19 0.75 4 8 20 -1.75 1 8 21 0.0 3 8 22 1.75 5 8 23 -0.75 2 8 24 1.0 4 8 25 -1.5 1 8 26 0.25 3 9 1 -0.25 4 9 2 1.5 1 9 3 -1.0 3 9 4 0.75 5 9 5 -1.75 2 9 6 0.0 4 9 7 1.75 1 9 8 -0.75 3 9 9 1.0 5 9 10 -1.5 2 9 11 0.25 4 9 12 2.0 1 9 13 -0.5 3 9 14 1.25 5 9 15 -1.25 2 9 16 0.5 4 9 17 -2.0 1 9 18 -0.25 3 9 19 1.5 5 9 20 -1.0 2 9 21 0.75 4 9 22 -1.75 1 9 23 0.0 3 9 24 1.75 5 9 25 -0.75 2 9 26 1.0 4 10 1 0.5 5 10 2 -2.0 2 10 3 -0.25 4 10 4 1.5 1 10 5 -1.0 3 10 6 0.75 5 10 7 -1.75 2 10 8 0.0 4 10 9 1.75 1 10 10 -0.75 3 10 11 1.0 5 10 12 -1.5 2 10 13 0.25 4 10 14 2.0 1 10 15 -0.5 3 10 16 1.25 5 10 17 -1.25 2 10 18 0.5 4 10 19 -2.0 1 10 20 -0.25 3 10 21 1.5 5 10 22 -1.0 2 10 23 0.75 4 10 24 -1.75 1 10 25 0.0 3 10 26 1.75 5 11 1 1.25 1 11 2 -1.25 3 11 3 0.5 5 11 4 -2.0 2 11 5 -0.25 4 11 6 1.5 1 11 7 -1.0 3 11 8 0.75 5 11 9 -1.75 2 11 10 0.0 4 11 11 1.75 1 11 12 -0.75 3 11 13 1.0 5 11 14 -1.5 2 11 15 0.25 4 11 16 2.0 1 11 17 -0.5 3 11 18 1.25 5 11 19 -1.25 2 11 20 0.5 4 11 21 -2.0 1 11 22 -0.25 3 11 23 1.5 5 11 24 -1.0 2 11 25 0.75 4 11 26 -1.75 1 12 1 2.0 2 12 2 -0.5 4 12 3 1.25 1 12 4 -1.25 3 12 5 0.5 5 12 6 -2.0 2 12 7 -0.25 4 12 8 1.5 1 12 9 -1.0 3 12 10 0.75 5 12 11 -1.75 2 12 12 0.0 4 12 13 1.75 1 12 14 -0.75 3 12 15 1.0 5 12 16 -1.5 2 12 17 0.25 4 12 18 2.0 1 12 19 -0.5 3 12 20 1.25 5 12 21 -1.25 2 12 22 0.5 4 12 23 -2.0 1 12 24 -0.25 3 12 25 1.5 5 12 26 -1.0 2 13 1 -1.5 3 13 2 0.25 5 13 3 2.0 2 13 4 -0.5 4 13 5 1.25 1 13 6 -1.25 3 13 7 0.5 5 13 8 -2.0 2 13 9 -0.25 4 13 10 1.5 1 13 11 -1.0 3 13 12 0.75 5 13 13 -1.75 2 13 14 0.0 4 13 15 1.75 1 13 16 -0.75 3 13 17 1.0 5 13 18 -1.5 2 13 19 0.25 4 13 20 2.0 1 13 21 -0.5 3 13 22 1.25 5 13 23 -1.25 2 13 24 0.5 4 13 25 -2.0 1 13 26 -0.25 3 14 1 -0.75 4 14 2 1.0 1 14 3 -1.5 3 14 4 0.25 5 14 5 2.0 2 14 6 -0.5 4 14 7 1.25 1 14 8 -1.25 3 14 9 0.5 5 14 10 -2.0 2 14 11 -0.25 4 14 12 1.5 1 14 13 -1.0 3 14 14 0.75 5 14 15 -1.75 2 14 16 0.0 4 14 17 1.75 1 14 18 -0.75 3 14 19 1.0 5 14 20 -1.5 2 14 21 0.25 4 14 22 2.0 1 14 23 -0.5 3 14 24 1.25 5 14 25 -1.25 2 14 26 0.5 4 15 1 0.0 5 15 2 1.75 2 15 3 -0.75 4 15 4 1.0 1 15 5 -1.5 3 15 6 0.25 5 15 7 2.0 2 15 8 -0.5 4 15 9 1.25 1 15 10 -1.25 3 15 11 0.5 5 15 12 -2.0 2 15 13 -0.25 4 15 14 1.5 1 15 15 -1.0 3 15 16 0.75 5 15 17 -1.75 2 15 18 0.0 4 15 19 1.75 1 15 20 -0.75 3 15 21 1.0 5 15 22 -1.5 2 15 23 0.25 4 15 24 2.0 1 15 25 -0.5 3 15 26 1.25 5 16 1 0.75 1 16 2 -1.75 3 16 3 0.0 5 16 4 1.75 2 16 5 -0.75 4 16 6 1.0 1 16 7 -1.5 3 16 8 0.25 5 16 9 2.0 2 16 10 -0.5 4 16 11 1.25 1 16 12 -1.25 3 16 13 0.5 5 16 14 -2.0 2 16 15 -0.25 4 16 16 1.5 1 16 17 -1.0 3 16 18 0.75 5 16 19 -1.75 2 16 20 0.0 4 16 21 1.75 1 16 22 -0.75 3 16 23 1.0 5 16 24 -1.5 2 16 25 0.25 4 16 26 2.0 1 17 1 1.5 2 17 2 -1.0 4 17 3 0.75 1 17 4 -1.75 3 17 5 0.0 5 17 6 1.75 2 17 7 -0.75 4 17 8 1.0 1 17 9 -1.5 3 17 10 0.25 5 17 11 2.0 2 17 12 -0.5 4 17 13 1.25 1 17 14 -1.25 3 17 15 0.5 5 17 16 -2.0 2 17 17 -0.25 4 17 18 1.5 1 17 19 -1.0 3 17 20 0.75 5 17 21 -1.75 2 17 22 0.0 4 17 23 1.75 1 17 24 -0.75 3 17 25 1.0 5 17 26 -1.5 2 18 1 -2.0 3 18 2 -0.25 5 18 3 1.5 2 18 4 -1.0 4 18 5 0.75 1 18 6 -1.75 3 18 7 0.0 5 18 8 1.75 2 18 9 -0.75 4 18 10 1.0 1 18 11 -1.5 3 18 12 0.25 5 18 13 2.0 2 18 14 -0.5 4 18 15 1.25 1 18 16 -1.25 3 18 17 0.5 5 18 18 -2.0 2 18 19 -0.25 4 18 20 1.5 1 18 21 -1.0 3 18 22 0.75 5 18 23 -1.75 2 18 24 0.0 4 18 25 1.75 1 18 26 -0.75 3 19 1 -1.25 4 19 2 0.5 1 19 3 -2.0 3 19 4 -0.25 5 19 5 1.5 2 19 6 -1.0 4 19 7 0.75 1 19 8 -1.75 3 19 9 0.0 5 19 10 1.75 2 19 11 -0.75 4 19 12 1.0 1 19 13 -1.5 3 19 14 0.25 5 19 15 2.0 2 19 16 -0.5 4 19 17 1.25 1 19 18 -1.25 3 19 19 0.5 5 19 20 -2.0 2 19 21 -0.25 4 19 22 1.5 1 19 23 -1.0 3 19 24 0.75 5 19 25 -1.75 2 19 26 0.0 4 20 1 -0.5 5 20 2 1.25 2 20 3 -1.25 4 20 4 0.5 1 20 5 -2.0 3 20 6 -0.25 5 20 7 1.5 2 20 8 -1.0 4 20 9 0.75 1 20 10 -1.75 3 20 11 0.0 5 20 12 1.75 2 20 13 -0.75 4 20 14 1.0 1 20 15 -1.5 3 20 16 0.25 5 20 17 2.0 2 20 18 -0.5 4 20 19 1.25 1 20 20 -1.25 3 20 21 0.5 5 20 22 -2.0 2 20 23 -0.25 4 20 24 1.5 1 20 25 -1.0 3 20 26 0.75 5 21 1 0.25 1 21 2 2.0 3 21 3 -0.5 5 21 4 1.25 2 21 5 -1.25 4 21 6 0.5 1 21 7 -2.0 3 21 8 -0.25 5 21 9 1.5 2 21 10 -1.0 4 21 11 0.75 1 21 12 -1.75 3 21 13 0.0 5 21 14 1.75 2 21 15 -0.75 4 21 16 1.0 1 21 17 -1.5 3 21 18 0.25 5 21 19 2.0 2 21 20 -0.5 4 21 21 1.25 1 21 22 -1.25 3 21 23 0.5 5 21 24 -2.0 2 21 25 -0.25 4 21 26 1.5 1 22 1 1.0 2 22 2 -1.5 4 22 3 0.25 1 22 4 2.0 3 22 5 -0.5 5 22 6 1.25 2 22 7 -1.25 4 22 8 0.5 1 22 9 -2.0 3 22 10 -0.25 5 22 11 1.5 2 22 12 -1.0 4 22 13 0.75 1 22 14 -1.75 3 22 15 0.0 5 22 16 1.75 2 22 17 -0.75 4 22 18 1.0 1 22 19 -1.5 3 22 20 0.25 5 22 21 2.0 2 22 22 -0.5 4 22 23 1.25 1 22 24 -1.25 3 22 25 0.5 5 22 26 -2.0 2 23 1 1.75 3 23 2 -0.75 5 23 3 1.0 2 23 4 -1.5 4 23 5 0.25 1 23 6 2.0 3 23 7 -0.5 5 23 8 1.25 2 23 9 -1.25 4 23 10 0.5 1 23 11 -2.0 3 23 12 -0.25 5 23 13 1.5 2 23 14 -1.0 4 23 15 0.75 1 23 16 -1.75 3 23 17 0.0 5 23 18 1.75 2 23 19 -0.75 4 23 20 1.0 1 23 21 -1.5 3 23 22 0.25 5 23 23 2.0 2 23 24 -0.5 4 23 25 1.25 1 23 26 -1.25 3 24 1 -1.75 4 24 2 0.0 1 24 3 1.75 3 24 4 -0.75 5 24 5 1.0 2 24 6 -1.5 4 24 7 0.25 1 24 8 2.0 3 24 9 -0.5 5 24 10 1.25 2 24 11 -1.25 4 24 12 0.5 1 24 13 -2.0 3 24 14 -0.25 5 24 15 1.5 2 24 16 -1.0 4 24 17 0.75 1 24 18 -1.75 3 24 19 0.0 5 24 20 1.75 2 24 21 -0.75 4 24 22 1.0 1 24 23 -1.5 3 24 24 0.25 5 24 25 2.0 2 24 26 -0.5 4 25 1 -1.0 5 25 2 0.75 2 25 3 -1.75 4 25 4 0.0 1 25 5 1.75 3 25 6 -0.75 5 25 7 1.0 2 25 8 -1.5 4 25 9 0.25 1 25 10 2.0 3 25 11 -0.5 5 25 12 1.25 2 25 13 -1.25 4 25 14 0.5 1 25 15 -2.0 3 25 16 -0.25 5 25 17 1.5 2 25 18 -1.0 4 25 19 0.75 1 25 20 -1.75 3 25 21 0.0 5 25 22 1.75 2 25 23 -0.75 4 25 24 1.0 1 25 25 -1.5 3 25 26 0.25 5 26 1 -0.25 1 26 2 1.5 3 26 3 -1.0 5 26 4 0.75 2 26 5 -1.75 4 26 6 0.0 1 26 7 1.75 3 26 8 -0.75 5 26 9 1.0 2 26 10 -1.5 4 26 11 0.25 1 26 12 2.0 3 26 13 -0.5 5 26 14 1.25 2 26 15 -1.25 4 26 16 0.5 1 26 17 -2.0 3 26 18 -0.25 5 26 19 1.5 2 26 20 -1.0 4 26 21 0.75 1 26 22 -1.75 3 26 23 0.0 5 26 24 1.75 2 26 25 -0.75 4 26 26 1.0 1 27 1 0.5 2 27 2 -2.0 4 27 3 -0.25 1 27 4 1.5 3 27 5 -1.0 5 27 6 0.75 2 27 7 -1.75 4 27 8 0.0 1 27 9 1.75 3 27 10 -0.75 5 27 11 1.0 2 27 12 -1.5 4 27 13 0.25 1 27 14 2.0 3 27 15 -0.5 5 27 16 1.25 2 27 17 -1.25 4 27 18 0.5 1 27 19 -2.0 3 27 20 -0.25 5 27 21 1.5 2 27 22 -1.0 4 27 23 0.75 1 27 24 -1.75 3 27 25 0.0 5 27 26 1.75 2 0.0 1 1.0 1 2.0 1 3.0 1 4.0 1 5.0 1 6.0 1 7.0 1 8.0 1 9.0 1 10.0 1 11.0 1 12.0 1 13.0 1 14.0 1 15.0 1 16.0 1 17.0 1 18.0 1 19.0 1 20.0 1 21.0 1 22.0 1 23.0 1 24.0 1 25.0 1 26.0 1 27.0 1 28.0 1 29.0 1 30.0 1 31.0 1 32.0 1 33.0 1 34.0 1 35.0 1 36.0 1 37.0 1 38.0 1 39.0 1 40.0 1 41.0 1 42.0 1 43.0 1 44.0 1 45.0 1 46.0 1 47.0 1 48.0 1 49.0 1 50.0 1 51.0 1 0.0 25 1.0 1 4.0 25 D B 24 25
unclamped_clamped_p24_24_q25_24_r1 24 24 27 26 52 3 0 0 1 1 1 -2.0 1 1 2 -0.25 3 1 3 1.5 5 1 4 -1.0 2 1 5 0.75 4 1 6 -1.75 1 1 7 0.0 3 1 8 1.75 5 1 9 -0.75 2 1 10 1.0 4 1 11 -1.5 1 1 12 0.25 3 1 13 2.0 5 1 14 -0.5 2 1 15 1.25 4 1 16 -1.25 1 1 17 0.5 3 1 18 -2.0 5 1 19 -0.25 2 1 20 1.5 4 1 21 -1.0 1 1 22 0.75 3 1 23 -1.75 5 1 24 0.0 2 1 25 1.75 4 1 26 -0.75 1 2 1 -1.25 2 2 2 0.5 4 2 3 -2.0 1 2 4 -0.25 3 2 5 1.5 5 2 6 -1.0 2 2 7 0.75 4 2 8 -1.75 1 2 9 0.0 3 2 10 1.75 5 2 11 -0.75 2 2 12 1.0 4 2 13 -1.5 1 2 14 0.25 3 2 15 2.0 5 2 16 -0.5 2 2 17 1.25 4 2 18 -1.25 1 2 19 0.5 3 2 20 -2.0 5 2 21 -0.25 2 2 22 1.5 4 2 23 -1.0 1 2 24 0.75 3 2 25 -1.75 5 2 26 0.0 2 3 1 -0.5 3 3 2 1.25 5 3 3 -1.25 2 3 4 0.5 4 3 5 -2.0 1 3 6 -0.25 3 3 7 1.5 5 3 8 -1.0 2 3 9 0.75 4 3 10 -1.75 1 3 11 0.0 3 3 12 1.75 5 3 13 -0.75 2 3 14 1.0 4 3 15 -1.5 1 3 16 0.25 3 3 17 2.0 5 3 18 -0.5 2 3 19 1.25 4 3 20 -1.25 1 3 21 0.5 3 3 22 -2.0 5 3 23 -0.25 2 3 24 1.5 4 3 25 -1.0 1 3 26 0.75 3 4 1 0.25 4 4 2 2.0 1 4 3 -0.5 3 4 4 1.25 5 4 5 -1.25 2 4 6 0.5 4 4 7 -2.0 1 4 8 -0.25 3 4 9 1.5 5 4 10 -1.0 2 4 11 0.75 4 4 12 -1.75 1 4 13 0.0 3 4 14 1.75 5 4 15 -0.75 2 4 16 1.0 4 4 17 -1.5 1 4 18 0.25 3 4 19 2.0 5 4 20 -0.5 2 4 21 1.25 4 4 22 -1.25 1 4 23 0.5 3 4 24 -2.0 5 4 25 -0.25 2 4 26 1.5 4 5 1 1.0 5 5 2 -1.5 2 5 3 0.25 4 5 4 2.0 1 5 5 -0.5 3 5 6 1.25 5 5 7 -1.25 2 5 8 0.5 4 5 9 -2.0 1 5 10 -0.25 3 5 11 1.5 5 5 12 -1.0 2 5 13 0.75 4 5 14 -1.75 1 5 15 0.0 3 5 16 1.75 5 5 17 -0.75 2 5 18 1.0 4 5 19 -1.5 1 5 20 0.25 3 5 21 2.0 5 5 22 -0.5 2 5 23 1.25 4 5 24 -1.25 1 5 25 0.5 3 5 26 -2.0 5 6 1 1.75 1 6 2 -0.75 3 6 3 1.0 5 6 4 -1.5 2 6 5 0.25 4 6 6 2.0 1 6 7 -0.5 3 6 8 1.25 5 6 9 -1.25 2 6 10 0.5 4 6 11 -2.0 1 6 12 -0.25 3 6 13 1.5 5 6 14 -1.0 2 6 15 0.75 4 6 16 -1.75 1 6 17 0.0 3 6 18 1.75 5 6 19 -0.75 2 6 20 1.0 4 6 21 -1.5 1 6 22 0.25 3 6 23 2.0 5 6 24 -0.5 2 6 25 1.25 4 6 26 -1.25 1 7 1 -1.75 2 7 2 0.0 4 7 3 1.75 1 7 4 -0.75 3 7 5 1.0 5 7 6 -1.5 2 7 7 0.25 4 7 8 2.0 1 7 9 -0.5 3 7 10 1.25 5 7 11 -1.25 2 7 12 0.5 4 7 13 -2.0 1 7 14 -0.25 3 7 15 1.5 5 7 16 -1.0 2 7 17 0.75 4 7 18 -1.75 1 7 19 0.0 3 7 20 1.75 5 7 21 -0.75 2 7 22 1.0 4 7 23 -1.5 1 7 24 0.25 3 7 25 2.0 5 7 26 -0.5 2 8 1 -1.0 3 8 2 0.75 5 8 3 -1.75 2 8 4 0.0 4 8 5 1.75 1 8 6 -0.75 3 8 7 1.0 5 8 8 -1.5 2 8 9 0.25 4 8 10 2.0 1 8 11 -0.5 3 8 12 1.25 5 8 13 -1.25 2 8 14 0.5 4 8 15 -2.0 1 8 16 -0.25 3 8 17 1.5 5 8 18 -1.0 2 8 19 0.75 4 8 20 -1.75 1 8 21 0.0 3 8 22 1.75 5 8 23 -0.75 2 8 24 1.0 4 8 25 -1.5 1 8 26 0.25 3 9 1 -0.25 4 9 2 1.5 1 9 3 -1.0 3 9 4 0.75 5 9 5 -1.75 2 9 6 0.0 4 9 7 1.75 1 9 8 -0.75 3 9 9 1.0 5 9 10 -1.5 2 9 11 0.25 4 9 12 2.0 1 9 13 -0.5 3 9 14 1.25 5 9 15 -1.25 2 9 16 0.5 4 9 17 -2.0 1 9 18 -0.25 3 9 19 1.5 5 9 20 -1.0 2 9 21 0.75 4 9 22 -1.75 1 9 23 0.0 3 9 24 1.75 5 9 25 -0.75 2 9 26 1.0 4 10 1 0.5 5 10 2 -2.0 2 10 3 -0.25 4 10 4 1.5 1 10 5 -1.0 3 10 6 0.75 5 10 7 -1.75 2 10 8 0.0 4 10 9 1.75 1 10 10 -0.75 3 10 11 1.0 5 10 12 -1.5 2 10 13 0.25 4 10 14 2.0 1 10 15 -0.5 3 10 16 1.25 5 10 17 -1.25 2 10 18 0.5 4 10 19 -2.0 1 10 20 -0.25 3 10 21 1.5 5 10 22 -1.0 2 10 23 0.75 4 10 24 -1.75 1 10 25 0.0 3 10 26 1.75 5 11 1 1.25 1 11 2 -1.25 3 11 3 0.5 5 11 4 -2.0 2 11 5 -0.25 4 11 6 1.5 1 11 7 -1.0 3 11 8 0.75 5 11 9 -1.75 2 11 10 0.0 4 11 11 1.75 1 11 12 -0.75 3 11 13 1.0 5 11 14 -1.5 2 11 15 0.25 4 11 16 2.0 1 11 17 -0.5 3 11 18 1.25 5 11 19 -1.25 2 11 20 0.5 4 11 21 -2.0 1 11 22 -0.25 3 11 23 1.5 5 11 24 -1.0 2 11 25 0.75 4 11 26 -1.75 1 12 1 2.0 2 12 2 -0.5 4 12 3 1.25 1 12 4 -1.25 3 12 5 0.5 5 12 6 -2.0 2 12 7 -0.25 4 12 8 1.5 1 12 9 -1.0 3 12 10 0.75 5 12 11 -1.75 2 12 12 0.0 4 12 13 1.75 1 12 14 -0.75 3 12 15 1.0 5 12 16 -1.5 2 12 17 0.25 4 12 18 2.0 1 12 19 -0.5 3 12 20 1.25 5 12 21 -1.25 2 12 22 0.5 4 12 23 -2.0 1 12 24 -0.25 3 12 25 1.5 5 12 26 -1.0 2 13 1 -1.5 3 13 2 0.25 5 13 3 2.0 2 13 4 -0.5 4 13 5 1.25 1 13 6 -1.25 3 13 7 0.5 5 13 8 -2.0 2 13 9 -0.25 4 13 10 1.5 1 13 11 -1.0 3 13 12 0.75 5 13 13 -1.75 2 13 14 0.0 4 13 15 1.75 1 13 16 -0.75 3 13 17 1.0 5 13 18 -1.5 2 13 19 0.25 4 13 20 2.0 1 13 21 -0.5 3 13 22 1.25 5 13 23 -1.25 2 13 24 0.5 4 13 25 -2.0 1 13 26 -0.25 3 14 1 -0.75 4 14 2 1.0 1 14 3 -1.5 3 14 4 0.25 5 14 5 2.0 2 14 6 -0.5 4 14 7 1.25 1 14 8 -1.25 3 14 9 0.5 5 14 10 -2.0 2 14 11 -0.25 4 14 12 1.5 1 14 13 -1.0 3 14 14 0.75 5 14 15 -1.75 2 14 16 0.0 4 14 17 1.75 1 14 18 -0.75 3 14 19 1.0 5 14 20 -1.5 2 14 21 0.25 4 14 22 2.0 1 14 23 -0.5 3 14 24 1.25 5 14 25 -1.25 2 14 26 0.5 4 15 1 0.0 5 15 2 1.75 2 15 3 -0.75 4 15 4 1.0 1 15 5 -1.5 3 15 6 0.25 5 15 7 2.0 2 15 8 -0.5 4 15 9 1.25 1 15 10 -1.25 3 15 11 0.5 5 15 12 -2.0 2 15 13 -0.25 4 15 14 1.5 1 15 15 -1.0 3 15 16 0.75 5 15 17 -1.75 2 15 18 0.0 4 15 19 1.75 1 15 20 -0.75 3 15 21 1.0 5 15 22 -1.5 2 15 23 0.25 4 15 24 2.0 1 15 25 -0.5 3 15 26 1.25 5 16 1 0.75 1 16 2 -1.75 3 16 3 0.0 5 16 4 1.75 2 16 5 -0.75 4 16 6 1.0 1 16 7 -1.5 3 16 8 0.25 5 16 9 2.0 2 16 10 -0.5 4 16 11 1.25 1 16 12 -1.25 3 16 13 0.5 5 16 14 -2.0 2 16 15 -0.25 4 16 16 1.5 1 16 17 -1.0 3 16 18 0.75 5 16 19 -1.75 2 16 20 0.0 4 16 21 1.75 1 16 22 -0.75 3 16 23 1.0 5 16 24 -1.5 2 16 25 0.25 4 16 26 2.0 1 17 1 1.5 2 17 2 -1.0 4 17 3 0.75 1 17 4 -1.75 3 17 5 0.0 5 17 6 1.75 2 17 7 -0.75 4 17 8 1.0 1 17 9 -1.5 3 17 10 0.25 5 17 11 2.0 2 17 12 -0.5 4 17 13 1.25 1 17 14 -1.25 3 17 15 0.5 5 17 16 -2.0 2 17 17 -0.25 4 17 18 1.5 1 17 19 -1.0 3 17 20 0.75 5 17 21 -1.75 2 17 22 0.0 4 17 23 1.75 1 17 24 -0.75 3 17 25 1.0 5 17 26 -1.5 2 18 1 -2.0 3 18 2 -0.25 5 18 3 1.5 2 18 4 -1.0 4 18 5 0.75 1 18 6 -1.75 3 18 7 0.0 5 18 8 1.75 2 18 9 -0.75 4 18 10 1.0 1 18 11 -1.5 3 18 12 0.25 5 18 13 2.0 2 18 14 -0.5 4 18 15 1.25 1 18 16 -1.25 3 18 17 0.5 5 18 18 -2.0 2 18 19 -0.25 4 18 20 1.5 1 18 21 -1.0 3 18 22 0.75 5 18 23 -1.75 2 18 24 0.0 4 18 25 1.75 1 18 26 -0.75 3 19 1 -1.25 4 19 2 0.5 1 19 3 -2.0 3 19 4 -0.25 5 19 5 1.5 2 19 6 -1.0 4 19 7 0.75 1 19 8 -1.75 3 19 9 0.0 5 19 10 1.75 2 19 11 -0.75 4 19 12 1.0 1 19 13 -1.5 3 19 14 0.25 5 19 15 2.0 2 19 16 -0.5 4 19 17 1.25 1 19 18 -1.25 3 19 19 0.5 5 19 20 -2.0 2 19 21 -0.25 4 19 22 1.5 1 19 23 -1.0 3 19 24 0.75 5 19 25 -1.75 2 19 26 0.0 4 20 1 -0.5 5 20 2 1.25 2 20 3 -1.25 4 20 4 0.5 1 20 5 -2.0 3 20 6 -0.25 5 20 7 1.5 2 20 8 -1.0 4 20 9 0.75 1 20 10 -1.75 3 20 11 0.0 5 20 12 1.75 2 20 13 -0.75 4 20 14 1.0 1 20 15 -1.5 3 20 16 0.25 5 20 17 2.0 2 20 18 -0.5 4 20 19 1.25 1 20 20 -1.25 3 20 21 0.5 5 20 22 -2.0 2 20 23 -0.25 4 20 24 1.5 1 20 25 -1.0 3 20 26 0.75 5 21 1 0.25 1 21 2 2.0 3 21 3 -0.5 5 21 4 1.25 2 21 5 -1.25 4 21 6 0.5 1 21 7 -2.0 3 21 8 -0.25 5 21 9 1.5 2 21 10 -1.0 4 21 11 0.75 1 21 12 -1.75 3 21 13 0.0 5 21 14 1.75 2 21 15 -0.75 4 21 16 1.0 1 21 17 -1.5 3 21 18 0.25 5 21 19 2.0 2 21 20 -0.5 4 21 21 1.25 1 21 22 -1.25 3 21 23 0.5 5 21 24 -2.0 2 21 25 -0.25 4 21 26 1.5 1 22 1 1.0 2 22 2 -1.5 4 22 3 0.25 1 22 4 2.0 3 22 5 -0.5 5 22 6 1.25 2 22 7 -1.25 4 22 8 0.5 1 22 9 -2.0 3 22 10 -0.25 5 22 11 1.5 2 22 12 -1.0 4 22 13 0.75 1 22 14 -1.75 3 22 15 0.0 5 22 16 1.75 2 22 17 -0.75 4 22 18 1.0 1 22 19 -1.5 3 22 20 0.25 5 22 21 2.0 2 22 22 -0.5 4 22 23 1.25 1 22 24 -1.25 3 22 25 0.5 5 22 26 -2.0 2 23 1 1.75 3 23 2 -0.75 5 23 3 1.0 2 23 4 -1.5 4 23 5 0.25 1 23 6 2.0 3 23 7 -0.5 5 23 8 1.25 2 23 9 -1.25 4 23 10 0.5 1 23 11 -2.0 3 23 12 -0.25 5 23 13 1.5 2 23 14 -1.0 4 23 15 0.75 1 23 16 -1.75 3 23 17 0.0 5 23 18 1.75 2 23 19 -0.75 4 23 20 1.0 1 23 21 -1.5 3 23 22 0.25 5 23 23 2.0 2 23 24 -0.5 4 23 25 1.25 1 23 26 -1.25 3 24 1 -1.75 4 24 2 0.0 1 24 3 1.75 3 24 4 -0.75 5 24 5 1.0 2 24 6 -1.5 4 24 7 0.25 1 24 8 2.0 3 24 9 -0.5 5 24 10 1.25 2 24 11 -1.25 4 24 12 0.5 1 24 13 -2.0 3 24 14 -0.25 5 24 15 1.5 2 24 16 -1.0 4 24 17 0.75 1 24 18 -1.75 3 24 19 0.0 5 24 20 1.75 2 24 21 -0.75 4 24 22 1.0 1 24 23 -1.5 3 24 24 0.25 5 24 25 2.0 2 24 26 -0.5 4 25 1 -1.0 5 25 2 0.75 2 25 3 -1.75 4 25 4 0.0 1 25 5 1.75 3 25 6 -0.75 5 25 7 1.0 2 25 8 -1.5 4 25 9 0.25 1 25 10 2.0 3 25 11 -0.5 5 25 12 1.25 2 25 13 -1.25 4 25 14 0.5 1 25 15 -2.0 3 25 16 -0.25 5 25 17 1.5 2 25 18 -1.0 4 25 19 0.75 1 25 20 -1.75 3 25 21 0.0 5 25 22 1.75 2 25 23 -0.75 4 25 24 1.0 1 25 25 -1.5 3 25 26 0.25 5 26 1 -0.25 1 26 2 1.5 3 26 3 -1.0 5 26 4 0.75 2 26 5 -1.75 4 26 6 0.0 1 26 7 1.75 3 26 8 -0.75 5 26 9 1.0 2 26 10 -1.5 4 26 11 0.25 1 26 12 2.0 3 26 13 -0.5 5 26 14 1.25 2 26 15 -1.25 4 26 16 0.5 1 26 17 -2.0 3 26 18 -0.25 5 26 19 1.5 2 26 20 -1.0 4 26 21 0.75 1 26 22 -1.75 3 26 23 0.0 5 26 24 1.75 2 26 25 -0.75 4 26 26 1.0 1 27 1 0.5 2 27 2 -2.0 4 27 3 -0.25 1 27 4 1.5 3 27 5 -1.0 5 27 6 0.75 2 27 7 -1.75 4 27 8 0.0 1 27 9 1.75 3 27 10 -0.75 5 27 11 1.0 2 27 12 -1.5 4 27 13 0.25 1 27 14 2.0 3 27 15 -0.5 5 27 16 1.25 2 27 17 -1.25 4 27 18 0.5 1 27 19 -2.0 3 27 20 -0.25 5 27 21 1.5 2 27 22 -1.0 4 27 23 0.75 1 27 24 -1.75 3 27 25 0.0 5 27 26 1.75 2 0.0 1 1.0 1 2.0 1 3.0 1 4.0 1 5.0 1 6.0 1 7.0 1 8.0 1 9.0 1 10.0 1 11.0 1 12.0 1 13.0 1 14.0 1 15.0 1 16.0 1 17.0 1 18.0 1 19.0 1 20.0 1 21.0 1 22.0 1 23.0 1 24.0 1 25.0 1 26.0 1 27.0 1 28.0 1 29.0 1 30.0 1 31.0 1 32.0 1 33.0 1 34.0 1 35.0 1 36.0 1 37.0 1 38.0 1 39.0 1 40.0 1 41.0 1 42.0 1 43.0 1 44.0 1 45.0 1 46.0 1 47.0 1 48.0 1 49.0 1 50.0 1 51.0 1 0.0 25 1.0 1 4.0 25 D B 25 24
unclamped_clamped_p24_24_q25_25_r1 24 24 27 26 52 3 0 0 1 1 1 -2.0 1 1 2 -0.25 3 1 3 1.5 5 1 4 -1.0 2 1 5 0.75 4 1 6 -1.75 1 1 7 0.0 3 1 8 1.75 5 1 9 -0.75 2 1 10 1.0 4 1 11 -1.5 1 1 12 0.25 3 1 13 2.0 5 1 14 -0.5 2 1 15 1.25 4 1 16 -1.25 1 1 17 0.5 3 1 18 -2.0 5 1 19 -0.25 2 1 20 1.5 4 1 21 -1.0 1 1 22 0.75 3 1 23 -1.75 5 1 24 0.0 2 1 25 1.75 4 1 26 -0.75 1 2 1 -1.25 2 2 2 0.5 4 2 3 -2.0 1 2 4 -0.25 3 2 5 1.5 5 2 6 -1.0 2 2 7 0.75 4 2 8 -1.75 1 2 9 0.0 3 2 10 1.75 5 2 11 -0.75 2 2 12 1.0 4 2 13 -1.5 1 2 14 0.25 3 2 15 2.0 5 2 16 -0.5 2 2 17 1.25 4 2 18 -1.25 1 2 19 0.5 3 2 20 -2.0 5 2 21 -0.25 2 2 22 1.5 4 2 23 -1.0 1 2 24 0.75 3 2 25 -1.75 5 2 26 0.0 2 3 1 -0.5 3 3 2 1.25 5 3 3 -1.25 2 3 4 0.5 4 3 5 -2.0 1 3 6 -0.25 3 3 7 1.5 5 3 8 -1.0 2 3 9 0.75 4 3 10 -1.75 1 3 11 0.0 3 3 12 1.75 5 3 13 -0.75 2 3 14 1.0 4 3 15 -1.5 1 3 16 0.25 3 3 17 2.0 5 3 18 -0.5 2 3 19 1.25 4 3 20 -1.25 1 3 21 0.5 3 3 22 -2.0 5 3 23 -0.25 2 3 24 1.5 4 3 25 -1.0 1 3 26 0.75 3 4 1 0.25 4 4 2 2.0 1 4 3 -0.5 3 4 4 1.25 5 4 5 -1.25 2 4 6 0.5 4 4 7 -2.0 1 4 8 -0.25 3 4 9 1.5 5 4 10 -1.0 2 4 11 0.75 4 4 12 -1.75 1 4 13 0.0 3 4 14 1.75 5 4 15 -0.75 2 4 16 1.0 4 4 17 -1.5 1 4 18 0.25 3 4 19 2.0 5 4 20 -0.5 2 4 21 1.25 4 4 22 -1.25 1 4 23 0.5 3 4 24 -2.0 5 4 25 -0.25 2 4 26 1.5 4 5 1 1.0 5 5 2 -1.5 2 5 3 0.25 4 5 4 2.0 1 5 5 -0.5 3 5 6 1.25 5 5 7 -1.25 2 5 8 0.5 4 5 9 -2.0 1 5 10 -0.25 3 5 11 1.5 5 5 12 -1.0 2 5 13 0.75 4 5 14 -1.75 1 5 15 0.0 3 5 16 1.75 5 5 17 -0.75 2 5 18 1.0 4 5 19 -1.5 1 5 20 0.25 3 5 21 2.0 5 5 22 -0.5 2 5 23 1.25 4 5 24 -1.25 1 5 25 0.5 3 5 26 -2.0 5 6 1 1.75 1 6 2 -0.75 3 6 3 1.0 5 6 4 -1.5 2 6 5 0.25 4 6 6 2.0 1 6 7 -0.5 3 6 8 1.25 5 6 9 -1.25 2 6 10 0.5 4 6 11 -2.0 1 6 12 -0.25 3 6 13 1.5 5 6 14 -1.0 2 6 15 0.75 4 6 16 -1.75 1 6 17 0.0 3 6 18 1.75 5 6 19 -0.75 2 6 20 1.0 4 6 21 -1.5 1 6 22 0.25 3 6 23 2.0 5 6 24 -0.5 2 6 25 1.25 4 6 26 -1.25 1 7 1 -1.75 2 7 2 0.0 4 7 3 1.75 1 7 4 -0.75 3 7 5 1.0 5 7 6 -1.5 2 7 7 0.25 4 7 8 2.0 1 7 9 -0.5 3 7 10 1.25 5 7 11 -1.25 2 7 12 0.5 4 7 13 -2.0 1 7 14 -0.25 3 7 15 1.5 5 7 16 -1.0 2 7 17 0.75 4 7 18 -1.75 1 7 19 0.0 3 7 20 1.75 5 7 21 -0.75 2 7 22 1.0 4 7 23 -1.5 1 7 24 0.25 3 7 25 2.0 5 7 26 -0.5 2 8 1 -1.0 3 8 2 0.75 5 8 3 -1.75 2 8 4 0.0 4 8 5 1.75 1 8 6 -0.75 3 8 7 1.0 5 8 8 -1.5 2 8 9 0.25 4 8 10 2.0 1 8 11 -0.5 3 8 12 1.25 5 8 13 -1.25 2 8 14 0.5 4 8 15 -2.0 1 8 16 -0.25 3 8 17 1.5 5 8 18 -1.0 2 8 19 0.75 4 8 20 -1.75 1 8 21 0.0 3 8 22 1.75 5 8 23 -0.75 2 8 24 1.0 4 8 25 -1.5 1 8 26 0.25 3 9 1 -0.25 4 9 2 1.5 1 9 3 -1.0 3 9 4 0.75 5 9 5 -1.75 2 9 6 0.0 4 9 7 1.75 1 9 8 -0.75 3 9 9 1.0 5 9 10 -1.5 2 9 11 0.25 4 9 12 2.0 1 9 13 -0.5 3 9 14 1.25 5 9 15 -1.25 2 9 16 0.5 4 9 17 -2.0 1 9 18 -0.25 3 9 19 1.5 5 9 20 -1.0 2 9 21 0.75 4 9 22 -1.75 1 9 23 0.0 3 9 24 1.75 5 9 25 -0.75 2 9 26 1.0 4 10 1 0.5 5 10 2 -2.0 2 10 3 -0.25 4 10 4 1.5 1 10 5 -1.0 3 10 6 0.75 5 10 7 -1.75 2 10 8 0.0 4 10 9 1.75 1 10 10 -0.75 3 10 11 1.0 5 10 12 -1.5 2 10 13 0.25 4 10 14 2.0 1 10 15 -0.5 3 10 16 1.25 5 10 17 -1.25 2 10 18 0.5 4 10 19 -2.0 1 10 20 -0.25 3 10 21 1.5 5 10 22 -1.0 2 10 23 0.75 4 10 24 -1.75 1 10 25 0.0 3 10 26 1.75 5 11 1 1.25 1 11 2 -1.25 3 11 3 0.5 5 11 4 -2.0 2 11 5 -0.25 4 11 6 1.5 1 11 7 -1.0 3 11 8 0.75 5 11 9 -1.75 2 11 10 0.0 4 11 11 1.75 1 11 12 -0.75 3 11 13 1.0 5 11 14 -1.5 2 11 15 0.25 4 11 16 2.0 1 11 17 -0.5 3 11 18 1.25 5 11 19 -1.25 2 11 20 0.5 4 11 21 -2.0 1 11 22 -0.25 3 11 23 1.5 5 11 24 -1.0 2 11 25 0.75 4 11 26 -1.75 1 12 1 2.0 2 12 2 -0.5 4 12 3 1.25 1 12 4 -1.25 3 12 5 0.5 5 12 6 -2.0 2 12 7 -0.25 4 12 8 1.5 1 12 9 -1.0 3 12 10 0.75 5 12 11 -1.75 2 12 12 0.0 4 12 13 1.75 1 12 14 -0.75 3 12 15 1.0 5 12 16 -1.5 2 12 17 0.25 4 12 18 2.0 1 12 19 -0.5 3 12 20 1.25 5 12 21 -1.25 2 12 22 0.5 4 12 23 -2.0 1 12 24 -0.25 3 12 25 1.5 5 12 26 -1.0 2 13 1 -1.5 3 13 2 0.25 5 13 3 2.0 2 13 4 -0.5 4 13 5 1.25 1 13 6 -1.25 3 13 7 0.5 5 13 8 -2.0 2 13 9 -0.25 4 13 10 1.5 1 13 11 -1.0 3 13 12 0.75 5 13 13 -1.75 2 13 14 0.0 4 13 15 1.75 1 13 16 -0.75 3 13 17 1.0 5 13 18 -1.5 2 13 19 0.25 4 13 20 2.0 1 13 21 -0.5 3 13 22 1.25 5 13 23 -1.25 2 13 24 0.5 4 13 25 -2.0 1 13 26 -0.25 3 14 1 -0.75 4 14 2 1.0 1 14 3 -1.5 3 14 4 0.25 5 14 5 2.0 2 14 6 -0.5 4 14 7 1.25 1 14 8 -1.25 3 14 9 0.5 5 14 10 -2.0 2 14 11 -0.25 4 14 12 1.5 1 14 13 -1.0 3 14 14 0.75 5 14 15 -1.75 2 14 16 0.0 4 14 17 1.75 1 14 18 -0.75 3 14 19 1.0 5 14 20 -1.5 2 14 21 0.25 4 14 22 2.0 1 14 23 -0.5 3 14 24 1.25 5 14 25 -1.25 2 14 26 0.5 4 15 1 0.0 5 15 2 1.75 2 15 3 -0.75 4 15 4 1.0 1 15 5 -1.5 3 15 6 0.25 5 15 7 2.0 2 15 8 -0.5 4 15 9 1.25 1 15 10 -1.25 3 15 11 0.5 5 15 12 -2.0 2 15 13 -0.25 4 15 14 1.5 1 15 15 -1.0 3 15 16 0.75 5 15 17 -1.75 2 15 18 0.0 4 15 19 1.75 1 15 20 -0.75 3 15 21 1.0 5 15 22 -1.5 2 15 23 0.25 4 15 24 2.0 1 15 25 -0.5 3 15 26 1.25 5 16 1 0.75 1 16 2 -1.75 3 16 3 0.0 5 16 4 1.75 2 16 5 -0.75 4 16 6 1.0 1 16 7 -1.5 3 16 8 0.25 5 16 9 2.0 2 16 10 -0.5 4 16 11 1.25 1 16 12 -1.25 3 16 13 0.5 5 16 14 -2.0 2 16 15 -0.25 4 16 16 1.5 1 16 17 -1.0 3 16 18 0.75 5 16 19 -1.75 2 16 20 0.0 4 16 21 1.75 1 16 22 -0.75 3 16 23 1.0 5 16 24 -1.5 2 16 25 0.25 4 16 26 2.0 1 17 1 1.5 2 17 2 -1.0 4 17 3 0.75 1 17 4 -1.75 3 17 5 0.0 5 17 6 1.75 2 17 7 -0.75 4 17 8 1.0 1 17 9 -1.5 3 17 10 0.25 5 17 11 2.0 2 17 12 -0.5 4 17 13 1.25 1 17 14 -1.25 3 17 15 0.5 5 17 16 -2.0 2 17 17 -0.25 4 17 18 1.5 1 17 19 -1.0 3 17 20 0.75 5 17 21 -1.75 2 17 22 0.0 4 17 23 1.75 1 17 24 -0.75 3 17 25 1.0 5 17 26 -1.5 2 18 1 -2.0 3 18 2 -0.25 5 18 3 1.5 2 18 4 -1.0 4 18 5 0.75 1 18 6 -1.75 3 18 7 0.0 5 18 8 1.75 2 18 9 -0.75 4 18 10 1.0 1 18 11 -1.5 3 18 12 0.25 5 18 13 2.0 2 18 14 -0.5 4 18 15 1.25 1 18 16 -1.25 3 18 17 0.5 5 18 18 -2.0 2 18 19 -0.25 4 18 20 1.5 1 18 21 -1.0 3 18 22 0.75 5 18 23 -1.75 2 18 24 0.0 4 18 25 1.75 1 18 26 -0.75 3 19 1 -1.25 4 19 2 0.5 1 19 3 -2.0 3 19 4 -0.25 5 19 5 1.5 2 19 6 -1.0 4 19 7 0.75 1 19 8 -1.75 3 19 9 0.0 5 19 10 1.75 2 19 11 -0.75 4 19 12 1.0 1 19 13 -1.5 3 19 14 0.25 5 19 15 2.0 2 19 16 -0.5 4 19 17 1.25 1 19 18 -1.25 3 19 19 0.5 5 19 20 -2.0 2 19 21 -0.25 4 19 22 1.5 1 19 23 -1.0 3 19 24 0.75 5 19 25 -1.75 2 19 26 0.0 4 20 1 -0.5 5 20 2 1.25 2 20 3 -1.25 4 20 4 0.5 1 20 5 -2.0 3 20 6 -0.25 5 20 7 1.5 2 20 8 -1.0 4 20 9 0.75 1 20 10 -1.75 3 20 11 0.0 5 20 12 1.75 2 20 13 -0.75 4 20 14 1.0 1 20 15 -1.5 3 20 16 0.25 5 20 17 2.0 2 20 18 -0.5 4 20 19 1.25 1 20 20 -1.25 3 20 21 0.5 5 20 22 -2.0 2 20 23 -0.25 4 20 24 1.5 1 20 25 -1.0 3 20 26 0.75 5 21 1 0.25 1 21 2 2.0 3 21 3 -0.5 5 21 4 1.25 2 21 5 -1.25 4 21 6 0.5 1 21 7 -2.0 3 21 8 -0.25 5 21 9 1.5 2 21 10 -1.0 4 21 11 0.75 1 21 12 -1.75 3 21 13 0.0 5 21 14 1.75 2 21 15 -0.75 4 21 16 1.0 1 21 17 -1.5 3 21 18 0.25 5 21 19 2.0 2 21 20 -0.5 4 21 21 1.25 1 21 22 -1.25 3 21 23 0.5 5 21 24 -2.0 2 21 25 -0.25 4 21 26 1.5 1 22 1 1.0 2 22 2 -1.5 4 22 3 0.25 1 22 4 2.0 3 22 5 -0.5 5 22 6 1.25 2 22 7 -1.25 4 22 8 0.5 1 22 9 -2.0 3 22 10 -0.25 5 22 11 1.5 2 22 12 -1.0 4 22 13 0.75 1 22 14 -1.75 3 22 15 0.0 5 22 16 1.75 2 22 17 -0.75 4 22 18 1.0 1 22 19 -1.5 3 22 20 0.25 5 22 21 2.0 2 22 22 -0.5 4 22 23 1.25 1 22 24 -1.25 3 22 25 0.5 5 22 26 -2.0 2 23 1 1.75 3 23 2 -0.75 5 23 3 1.0 2 23 4 -1.5 4 23 5 0.25 1 23 6 2.0 3 23 7 -0.5 5 23 8 1.25 2 23 9 -1.25 4 23 10 0.5 1 23 11 -2.0 3 23 12 -0.25 5 23 13 1.5 2 23 14 -1.0 4 23 15 0.75 1 23 16 -1.75 3 23 17 0.0 5 23 18 1.75 2 23 19 -0.75 4 23 20 1.0 1 23 21 -1.5 3 23 22 0.25 5 23 23 2.0 2 23 24 -0.5 4 23 25 1.25 1 23 26 -1.25 3 24 1 -1.75 4 24 2 0.0 1 24 3 1.75 3 24 4 -0.75 5 24 5 1.0 2 24 6 -1.5 4 24 7 0.25 1 24 8 2.0 3 24 9 -0.5 5 24 10 1.25 2 24 11 -1.25 4 24 12 0.5 1 24 13 -2.0 3 24 14 -0.25 5 24 15 1.5 2 24 16 -1.0 4 24 17 0.75 1 24 18 -1.75 3 24 19 0.0 5 24 20 1.75 2 24 21 -0.75 4 24 22 1.0 1 24 23 -1.5 3 24 24 0.25 5 24 25 2.0 2 24 26 -0.5 4 25 1 -1.0 5 25 2 0.75 2 25 3 -1.75 4 25 4 0.0 1 25 5 1.75 3 25 6 -0.75 5 25 7 1.0 2 25 8 -1.5 4 25 9 0.25 1 25 10 2.0 3 25 11 -0.5 5 25 12 1.25 2 25 13 -1.25 4 25 14 0.5 1 25 15 -2.0 3 25 16 -0.25 5 25 17 1.5 2 25 18 -1.0 4 25 19 0.75 1 25 20 -1.75 3 25 21 0.0 5 25 22 1.75 2 25 23 -0.75 4 25 24 1.0 1 25 25 -1.5 3 25 26 0.25 5 26 1 -0.25 1 26 2 1.5 3 26 3 -1.0 5 26 4 0.75 2 26 5 -1.75 4 26 6 0.0 1 26 7 1.75 3 26 8 -0.75 5 26 9 1.0 2 26 10 -1.5 4 26 11 0.25 1 26 12 2.0 3 26 13 -0.5 5 26 14 1.25 2 26 15 -1.25 4 26 16 0.5 1 26 17 -2.0 3 26 18 -0.25 5 26 19 1.5 2 26 20 -1.0 4 26 21 0.75 1 26 22 -1.75 3 26 23 0.0 5 26 24 1.75 2 26 25 -0.75 4 26 26 1.0 1 27 1 0.5 2 27 2 -2.0 4 27 3 -0.25 1 27 4 1.5 3 27 5 -1.0 5 27 6 0.75 2 27 7 -1.75 4 27 8 0.0 1 27 9 1.75 3 27 10 -0.75 5 27 11 1.0 2 27 12 -1.5 4 27 13 0.25 1 27 14 2.0 3 27 15 -0.5 5 27 16 1.25 2 27 17 -1.25 4 27 18 0.5 1 27 19 -2.0 3 27 20 -0.25 5 27 21 1.5 2 27 22 -1.0 4 27 23 0.75 1 27 24 -1.75 3 27 25 0.0 5 27 26 1.75 2 0.0 1 1.0 1 2.0 1 3.0 1 4.0 1 5.0 1 6.0 1 7.0 1 8.0 1 9.0 1 10.0 1 11.0 1 12.0 1 13.0 1 14.0 1 15.0 1 16.0 1 17.0 1 18.0 1 19.0 1 20.0 1 21.0 1 22.0 1 23.0 1 24.0 1 25.0 1 26.0 1 27.0 1 28.0 1 29.0 1 30.0 1 31.0 1 32.0 1 33.0 1 34.0 1 35.0 1 36.0 1 37.0 1 38.0 1 39.0 1 40.0 1 41.0 1 42.0 1 43.0 1 44.0 1 45.0 1 46.0 1 47.0 1 48.0 1 49.0 1 50.0 1 51.0 1 0.0 25 1.0 1 4.0 25 D B 25 25
periodic_unclamped_p24_24_q24_24_r0 24 24 25 27 3 52 1 0 1 1 1 -2.0 1 1 2 -0.25 1 1 3 1.5 1 1 4 -1.0 1 1 5 0.75 1 1 6 -1.75 1 1 7 0.0 1 1 8 1.75 1 1 9 -0.75 1 1 10 1.0 1 1 11 -1.5 1 1 12 0.25 1 1 13 2.0 1 1 14 -0.5 1 1 15 1.25 1 1 16 -1.25 1 1 17 0.5 1 1 18 -2.0 1 1 19 -0.25 1 1 20 1.5 1 1 21 -1.0 1 1 22 0.75 1 1 23 -1.75 1 1 24 0.0 1 1 25 1.75 1 1 26 -0.75 1 1 27 1.0 1 2 1 -1.25 1 2 2 0.5 1 2 3 -2.0 1 2 4 -0.25 1 2 5 1.5 1 2 6 -1.0 1 2 7 0.75 1 2 8 -1.75 1 2 9 0.0 1 2 10 1.75 1 2 11 -0.75 1 2 12 1.0 1 2 13 -1.5 1 2 14 0.25 1 2 15 2.0 1 2 16 -0.5 1 2 17 1.25 1 2 18 -1.25 1 2 19 0.5 1 2 20 -2.0 1 2 21 -0.25 1 2 22 1.5 1 2 23 -1.0 1 2 24 0.75 1 2 25 -1.75 1 2 26 0.0 1 2 27 1.75 1 3 1 -0.5 1 3 2 1.25 1 3 3 -1.25 1 3 4 0.5 1 3 5 -2.0 1 3 6 -0.25 1 3 7 1.5 1 3 8 -1.0 1 3 9 0.75 1 3 10 -1.75 1 3 11 0.0 1 3 12 1.75 1 3 13 -0.75 1 3 14 1.0 1 3 15 -1.5 1 3 16 0.25 1 3 17 2.0 1 3 18 -0.5 1 3 19 1.25 1 3 20 -1.25 1 3 21 0.5 1 3 22 -2.0 1 3 23 -0.25 1 3 24 1.5 1 3 25 -1.0 1 3 26 0.75 1 3 27 -1.75 1 4 1 0.25 1 4 2 2.0 1 4 3 -0.5 1 4 4 1.25 1 4 5 -1.25 1 4 6 0.5 1 4 7 -2.0 1 4 8 -0.25 1 4 9 1.5 1 4 10 -1.0 1 4 11 0.75 1 4 12 -1.75 1 4 13 0.0 1 4 14 1.75 1 4 15 -0.75 1 4 16 1.0 1 4 17 -1.5 1 4 18 0.25 1 4 19 2.0 1 4 20 -0.5 1 4 21 1.25 1 4 22 -1.25 1 4 23 0.5 1 4 24 -2.0 1 4 25 -0.25 1 4 26 1.5 1 4 27 -1.0 1 5 1 1.0 1 5 2 -1.5 1 5 3 0.25 1 5 4 2.0 1 5 5 -0.5 1 5 6 1.25 1 5 7 -1.25 1 5 8 0.5 1 5 9 -2.0 1 5 10 -0.25 1 5 11 1.5 1 5 12 -1.0 1 5 13 0.75 1 5 14 -1.75 1 5 15 0.0 1 5 16 1.75 1 5 17 -0.75 1 5 18 1.0 1 5 19 -1.5 1 5 20 0.25 1 5 21 2.0 1 5 22 -0.5 1 5 23 1.25 1 5 24 -1.25 1 5 25 0.5 1 5 26 -2.0 1 5 27 -0.25 1 6 1 1.75 1 6 2 -0.75 1 6 3 1.0 1 6 4 -1.5 1 6 5 0.25 1 6 6 2.0 1 6 7 -0.5 1 6 8 1.25 1 6 9 -1.25 1 6 10 0.5 1 6 11 -2.0 1 6 12 -0.25 1 6 13 1.5 1 6 14 -1.0 1 6 15 0.75 1 6 16 -1.75 1 6 17 0.0 1 6 18 1.75 1 6 19 -0.75 1 6 20 1.0 1 6 21 -1.5 1 6 22 0.25 1 6 23 2.0 1 6 24 -0.5 1 6 25 1.25 1 6 26 -1.25 1 6 27 0.5 1 7 1 -1.75 1 7 2 0.0 1 7 3 1.75 1 7 4 -0.75 1 7 5 1.0 1 7 6 -1.5 1 7 7 0.25 1 7 8 2.0 1 7 9 -0.5 1 7 10 1.25 1 7 11 -1.25 1 7 12 0.5 1 7 13 -2.0 1 7 14 -0.25 1 7 15 1.5 1 7 16 -1.0 1 7 17 0.75 1 7 18 -1.75 1 7 19 0.0 1 7 20 1.75 1 7 21 -0.75 1 7 22 1.0 1 7 23 -1.5 1 7 24 0.25 1 7 25 2.0 1 7 26 -0.5 1 7 27 1.25 1 8 1 -1.0 1 8 2 0.75 1 8 3 -1.75 1 8 4 0.0 1 8 5 1.75 1 8 6 -0.75 1 8 7 1.0 1 8 8 -1.5 1 8 9 0.25 1 8 10 2.0 1 8 11 -0.5 1 8 12 1.25 1 8 13 -1.25 1 8 14 0.5 1 8 15 -2.0 1 8 16 -0.25 1 8 17 1.5 1 8 18 -1.0 1 8 19 0.75 1 8 20 -1.75 1 8 21 0.0 1 8 22 1.75 1 8 23 -0.75 1 8 24 1.0 1 8 25 -1.5 1 8 26 0.25 1 8 27 2.0 1 9 1 -0.25 1 9 2 1.5 1 9 3 -1.0 1 9 4 0.75 1 9 5 -1.75 1 9 6 0.0 1 9 7 1.75 1 9 8 -0.75 1 9 9 1.0 1 9 10 -1.5 1 9 11 0.25 1 9 12 2.0 1 9 13 -0.5 1 9 14 1.25 1 9 15 -1.25 1 9 16 0.5 1 9 17 -2.0 1 9 18 -0.25 1 9 19 1.5 1 9 20 -1.0 1 9 21 0.75 1 9 22 -1.75 1 9 23 0.0 1 9 24 1.75 1 9 25 -0.75 1 9 26 1.0 1 9 27 -1.5 1 10 1 0.5 1 10 2 -2.0 1 10 3 -0.25 1 10 4 1.5 1 10 5 -1.0 1 10 6 0.75 1 10 7 -1.75 1 10 8 0.0 1 10 9 1.75 1 10 10 -0.75 1 10 11 1.0 1 10 12 -1.5 1 10 13 0.25 1 10 14 2.0 1 10 15 -0.5 1 10 16 1.25 1 10 17 -1.25 1 10 18 0.5 1 10 19 -2.0 1 10 20 -0.25 1 10 21 1.5 1 10 22 -1.0 1 10 23 0.75 1 10 24 -1.75 1 10 25 0.0 1 10 26 1.75 1 10 27 -0.75 1 11 1 1.25 1 11 2 -1.25 1 11 3 0.5 1 11 4 -2.0 1 11 5 -0.25 1 11 6 1.5 1 11 7 -1.0 1 11 8 0.75 1 11 9 -1.75 1 11 10 0.0 1 11 11 1.75 1 11 12 -0.75 1 11 13 1.0 1 11 14 -1.5 1 11 15 0.25 1 11 16 2.0 1 11 17 -0.5 1 11 18 1.25 1 11 19 -1.25 1 11 20 0.5 1 11 21 -2.0 1 11 22 -0.25 1 11 23 1.5 1 11 24 -1.0 1 11 25 0.75 1 11 26 -1.75 1 11 27 0.0 1 12 1 2.0 1 12 2 -0.5 1 12 3 1.25 1 12 4 -1.25 1 12 5 0.5 1 12 6 -2.0 1 12 7 -0.25 1 12 8 1.5 1 12 9 -1.0 1 12 10 0.75 1 12 11 -1.75 1 12 12 0.0 1 12 13 1.75 1 12 14 -0.75 1 12 15 1.0 1 12 16 -1.5 1 12 17 0.25 1 12 18 2.0 1 12 19 -0.5 1 12 20 1.25 1 12 21 -1.25 1 12 22 0.5 1 12 23 -2.0 1 12 24 -0.25 1 12 25 1.5 1 12 26 -1.0 1 12 27 0.75 1 13 1 -1.5 1 13 2 0.25 1 13 3 2.0 1 13 4 -0.5 1 13 5 1.25 1 13 6 -1.25 1 13 7 0.5 1 13 8 -2.0 1 13 9 -0.25 1 13 10 1.5 1 13 11 -1.0 1 13 12 0.75 1 13 13 -1.75 1 13 14 0.0 1 13 15 1.75 1 13 16 -0.75 1 13 17 1.0 1 13 18 -1.5 1 13 19 0.25 1 13 20 2.0 1 13 21 -0.5 1 13 22 1.25 1 13 23 -1.25 1 13 24 0.5 1 13 25 -2.0 1 13 26 -0.25 1 13 27 1.5 1 14 1 -0.75 1 14 2 1.0 1 14 3 -1.5 1 14 4 0.25 1 14 5 2.0 1 14 6 -0.5 1 14 7 1.25 1 14 8 -1.25 1 14 9 0.5 1 14 10 -2.0 1 14 11 -0.25 1 14 12 1.5 1 14 13 -1.0 1 14 14 0.75 1 14 15 -1.75 1 14 16 0.0 1 14 17 1.75 1 14 18 -0.75 1 14 19 1.0 1 14 20 -1.5 1 14 21 0.25 1 14 22 2.0 1 14 23 -0.5 1 14 24 1.25 1 14 25 -1.25 1 14 26 0.5 1 14 27 -2.0 1 15 1 0.0 1 15 2 1.75 1 15 3 -0.75 1 15 4 1.0 1 15 5 -1.5 1 15 6 0.25 1 15 7 2.0 1 15 8 -0.5 1 15 9 1.25 1 15 10 -1.25 1 15 11 0.5 1 15 12 -2.0 1 15 13 -0.25 1 15 14 1.5 1 15 15 -1.0 1 15 16 0.75 1 15 17 -1.75 1 15 18 0.0 1 15 19 1.75 1 15 20 -0.75 1 15 21 1.0 1 15 22 -1.5 1 15 23 0.25 1 15 24 2.0 1 15 25 -0.5 1 15 26 1.25 1 15 27 -1.25 1 16 1 0.75 1 16 2 -1.75 1 16 3 0.0 1 16 4 1.75 1 16 5 -0.75 1 16 6 1.0 1 16 7 -1.5 1 16 8 0.25 1 16 9 2.0 1 16 10 -0.5 1 16 11 1.25 1 16 12 -1.25 1 16 13 0.5 1 16 14 -2.0 1 16 15 -0.25 1 16 16 1.5 1 16 17 -1.0 1 16 18 0.75 1 16 19 -1.75 1 16 20 0.0 1 16 21 1.75 1 16 22 -0.75 1 16 23 1.0 1 16 24 -1.5 1 16 25 0.25 1 16 26 2.0 1 16 27 -0.5 1 17 1 1.5 1 17 2 -1.0 1 17 3 0.75 1 17 4 -1.75 1 17 5 0.0 1 17 6 1.75 1 17 7 -0.75 1 17 8 1.0 1 17 9 -1.5 1 17 10 0.25 1 17 11 2.0 1 17 12 -0.5 1 17 13 1.25 1 17 14 -1.25 1 17 15 0.5 1 17 16 -2.0 1 17 17 -0.25 1 17 18 1.5 1 17 19 -1.0 1 17 20 0.75 1 17 21 -1.75 1 17 22 0.0 1 17 23 1.75 1 17 24 -0.75 1 17 25 1.0 1 17 26 -1.5 1 17 27 0.25 1 18 1 -2.0 1 18 2 -0.25 1 18 3 1.5 1 18 4 -1.0 1 18 5 0.75 1 18 6 -1.75 1 18 7 0.0 1 18 8 1.75 1 18 9 -0.75 1 18 10 1.0 1 18 11 -1.5 1 18 12 0.25 1 18 13 2.0 1 18 14 -0.5 1 18 15 1.25 1 18 16 -1.25 1 18 17 0.5 1 18 18 -2.0 1 18 19 -0.25 1 18 20 1.5 1 18 21 -1.0 1 18 22 0.75 1 18 23 -1.75 1 18 24 0.0 1 18 25 1.75 1 18 26 -0.75 1 18 27 1.0 1 19 1 -1.25 1 19 2 0.5 1 19 3 -2.0 1 19 4 -0.25 1 19 5 1.5 1 19 6 -1.0 1 19 7 0.75 1 19 8 -1.75 1 19 9 0.0 1 19 10 1.75 1 19 11 -0.75 1 19 12 1.0 1 19 13 -1.5 1 19 14 0.25 1 19 15 2.0 1 19 16 -0.5 1 19 17 1.25 1 19 18 -1.25 1 19 19 0.5 1 19 20 -2.0 1 19 21 -0.25 1 19 22 1.5 1 19 23 -1.0 1 19 24 0.75 1 19 25 -1.75 1 19 26 0.0 1 19 27 1.75 1 20 1 -0.5 1 20 2 1.25 1 20 3 -1.25 1 20 4 0.5 1 20 5 -2.0 1 20 6 -0.25 1 20 7 1.5 1 20 8 -1.0 1 20 9 0.75 1 20 10 -1.75 1 20 11 0.0 1 20 12 1.75 1 20 13 -0.75 1 20 14 1.0 1 20 15 -1.5 1 20 16 0.25 1 20 17 2.0 1 20 18 -0.5 1 20 19 1.25 1 20 20 -1.25 1 20 21 0.5 1 20 22 -2.0 1 20 23 -0.25 1 20 24 1.5 1 20 25 -1.0 1 20 26 0.75 1 20 27 -1.75 1 21 1 0.25 1 21 2 2.0 1 21 3 -0.5 1 21 4 1.25 1 21 5 -1.25 1 21 6 0.5 1 21 7 -2.0 1 21 8 -0.25 1 21 9 1.5 1 21 10 -1.0 1 21 11 0.75 1 21 12 -1.75 1 21 13 0.0 1 21 14 1.75 1 21 15 -0.75 1 21 16 1.0 1 21 17 -1.5 1 21 18 0.25 1 21 19 2.0 1 21 20 -0.5 1 21 21 1.25 1 21 22 -1.25 1 21 23 0.5 1 21 24 -2.0 1 21 25 -0.25 1 21 26 1.5 1 21 27 -1.0 1 22 1 1.0 1 22 2 -1.5 1 22 3 0.25 1 22 4 2.0 1 22 5 -0.5 1 22 6 1.25 1 22 7 -1.25 1 22 8 0.5 1 22 9 -2.0 1 22 10 -0.25 1 22 11 1.5 1 22 12 -1.0 1 22 13 0.75 1 22 14 -1.75 1 22 15 0.0 1 22 16 1.75 1 22 17 -0.75 1 22 18 1.0 1 22 19 -1.5 1 22 20 0.25 1 22 21 2.0 1 22 22 -0.5 1 22 23 1.25 1 22 24 -1.25 1 22 25 0.5 1 22 26 -2.0 1 22 27 -0.25 1 23 1 1.75 1 23 2 -0.75 1 23 3 1.0 1 23 4 -1.5 1 23 5 0.25 1 23 6 2.0 1 23 7 -0.5 1 23 8 1.25 1 23 9 -1.25 1 23 10 0.5 1 23 11 -2.0 1 23 12 -0.25 1 23 13 1.5 1 23 14 -1.0 1 23 15 0.75 1 23 16 -1.75 1 23 17 0.0 1 23 18 1.75 1 23 19 -0.75 1 23 20 1.0 1 23 21 -1.5 1 23 22 0.25 1 23 23 2.0 1 23 24 -0.5 1 23 25 1.25 1 23 26 -1.25 1 23 27 0.5 1 24 1 -1.75 1 24 2 0.0 1 24 3 1.75 1 24 4 -0.75 1 24 5 1.0 1 24 6 -1.5 1 24 7 0.25 1 24 8 2.0 1 24 9 -0.5 1 24 10 1.25 1 24 11 -1.25 1 24 12 0.5 1 24 13 -2.0 1 24 14 -0.25 1 24 15 1.5 1 24 16 -1.0 1 24 17 0.75 1 24 18 -1.75 1 24 19 0.0 1 24 20 1.75 1 24 21 -0.75 1 24 22 1.0 1 24 23 -1.5 1 24 24 0.25 1 24 25 2.0 1 24 26 -0.5 1 24 27 1.25 1 25 1 -1.0 1 25 2 0.75 1 25 3 -1.75 1 25 4 0.0 1 25 5 1.75 1 25 6 -0.75 1 25 7 1.0 1 25 8 -1.5 1 25 9 0.25 1 25 10 2.0 1 25 11 -0.5 1 25 12 1.25 1 25 13 -1.25 1 25 14 0.5 1 25 15 -2.0 1 25 16 -0.25 1 25 17 1.5 1 25 18 -1.0 1 25 19 0.75 1 25 20 -1.75 1 25 21 0.0 1 25 22 1.75 1 25 23 -0.75 1 25 24 1.0 1 25 25 -1.5 1 25 26 0.25 1 25 27 2.0 1 0.0 1 1.0 24 3.0 1 0.0 1 1.0 1 2.0 1 3.0 1 4.0 1 5.0 1 6.0 1 7.0 1 8.0 1 9.0 1 10.0 1 11.0 1 12.0 1 13.0 1 14.0 1 15.0 1 16.0 1 17.0 1 18.0 1 19.0 1 20.0 1 21.0 1 22.0 1 23.0 1 24.0 1 25.0 1 26.0 1 27.0 1 28.0 1 29.0 1 30.0 1 31.0 1 32.0 1 33.0 1 34.0 1 35.0 1 36.0 1 37.0 1 38.0 1 39.0 1 40.0 1 41.0 1 42.0 1 43.0 1 44.0 1 45.0 1 46.0 1 47.0 1 48.0 1 49.0 1 50.0 1 51.0 1 D B 24 24
periodic_unclamped_p24_24_q24_25_r0 24 24 25 27 3 52 1 0 1 1 1 -2.0 1 1 2 -0.25 1 1 3 1.5 1 1 4 -1.0 1 1 5 0.75 1 1 6 -1.75 1 1 7 0.0 1 1 8 1.75 1 1 9 -0.75 1 1 10 1.0 1 1 11 -1.5 1 1 12 0.25 1 1 13 2.0 1 1 14 -0.5 1 1 15 1.25 1 1 16 -1.25 1 1 17 0.5 1 1 18 -2.0 1 1 19 -0.25 1 1 20 1.5 1 1 21 -1.0 1 1 22 0.75 1 1 23 -1.75 1 1 24 0.0 1 1 25 1.75 1 1 26 -0.75 1 1 27 1.0 1 2 1 -1.25 1 2 2 0.5 1 2 3 -2.0 1 2 4 -0.25 1 2 5 1.5 1 2 6 -1.0 1 2 7 0.75 1 2 8 -1.75 1 2 9 0.0 1 2 10 1.75 1 2 11 -0.75 1 2 12 1.0 1 2 13 -1.5 1 2 14 0.25 1 2 15 2.0 1 2 16 -0.5 1 2 17 1.25 1 2 18 -1.25 1 2 19 0.5 1 2 20 -2.0 1 2 21 -0.25 1 2 22 1.5 1 2 23 -1.0 1 2 24 0.75 1 2 25 -1.75 1 2 26 0.0 1 2 27 1.75 1 3 1 -0.5 1 3 2 1.25 1 3 3 -1.25 1 3 4 0.5 1 3 5 -2.0 1 3 6 -0.25 1 3 7 1.5 1 3 8 -1.0 1 3 9 0.75 1 3 10 -1.75 1 3 11 0.0 1 3 12 1.75 1 3 13 -0.75 1 3 14 1.0 1 3 15 -1.5 1 3 16 0.25 1 3 17 2.0 1 3 18 -0.5 1 3 19 1.25 1 3 20 -1.25 1 3 21 0.5 1 3 22 -2.0 1 3 23 -0.25 1 3 24 1.5 1 3 25 -1.0 1 3 26 0.75 1 3 27 -1.75 1 4 1 0.25 1 4 2 2.0 1 4 3 -0.5 1 4 4 1.25 1 4 5 -1.25 1 4 6 0.5 1 4 7 -2.0 1 4 8 -0.25 1 4 9 1.5 1 4 10 -1.0 1 4 11 0.75 1 4 12 -1.75 1 4 13 0.0 1 4 14 1.75 1 4 15 -0.75 1 4 16 1.0 1 4 17 -1.5 1 4 18 0.25 1 4 19 2.0 1 4 20 -0.5 1 4 21 1.25 1 4 22 -1.25 1 4 23 0.5 1 4 24 -2.0 1 4 25 -0.25 1 4 26 1.5 1 4 27 -1.0 1 5 1 1.0 1 5 2 -1.5 1 5 3 0.25 1 5 4 2.0 1 5 5 -0.5 1 5 6 1.25 1 5 7 -1.25 1 5 8 0.5 1 5 9 -2.0 1 5 10 -0.25 1 5 11 1.5 1 5 12 -1.0 1 5 13 0.75 1 5 14 -1.75 1 5 15 0.0 1 5 16 1.75 1 5 17 -0.75 1 5 18 1.0 1 5 19 -1.5 1 5 20 0.25 1 5 21 2.0 1 5 22 -0.5 1 5 23 1.25 1 5 24 -1.25 1 5 25 0.5 1 5 26 -2.0 1 5 27 -0.25 1 6 1 1.75 1 6 2 -0.75 1 6 3 1.0 1 6 4 -1.5 1 6 5 0.25 1 6 6 2.0 1 6 7 -0.5 1 6 8 1.25 1 6 9 -1.25 1 6 10 0.5 1 6 11 -2.0 1 6 12 -0.25 1 6 13 1.5 1 6 14 -1.0 1 6 15 0.75 1 6 16 -1.75 1 6 17 0.0 1 6 18 1.75 1 6 19 -0.75 1 6 20 1.0 1 6 21 -1.5 1 6 22 0.25 1 6 23 2.0 1 6 24 -0.5 1 6 25 1.25 1 6 26 -1.25 1 6 27 0.5 1 7 1 -1.75 1 7 2 0.0 1 7 3 1.75 1 7 4 -0.75 1 7 5 1.0 1 7 6 -1.5 1 7 7 0.25 1 7 8 2.0 1 7 9 -0.5 1 7 10 1.25 1 7 11 -1.25 1 7 12 0.5 1 7 13 -2.0 1 7 14 -0.25 1 7 15 1.5 1 7 16 -1.0 1 7 17 0.75 1 7 18 -1.75 1 7 19 0.0 1 7 20 1.75 1 7 21 -0.75 1 7 22 1.0 1 7 23 -1.5 1 7 24 0.25 1 7 25 2.0 1 7 26 -0.5 1 7 27 1.25 1 8 1 -1.0 1 8 2 0.75 1 8 3 -1.75 1 8 4 0.0 1 8 5 1.75 1 8 6 -0.75 1 8 7 1.0 1 8 8 -1.5 1 8 9 0.25 1 8 10 2.0 1 8 11 -0.5 1 8 12 1.25 1 8 13 -1.25 1 8 14 0.5 1 8 15 -2.0 1 8 16 -0.25 1 8 17 1.5 1 8 18 -1.0 1 8 19 0.75 1 8 20 -1.75 1 8 21 0.0 1 8 22 1.75 1 8 23 -0.75 1 8 24 1.0 1 8 25 -1.5 1 8 26 0.25 1 8 27 2.0 1 9 1 -0.25 1 9 2 1.5 1 9 3 -1.0 1 9 4 0.75 1 9 5 -1.75 1 9 6 0.0 1 9 7 1.75 1 9 8 -0.75 1 9 9 1.0 1 9 10 -1.5 1 9 11 0.25 1 9 12 2.0 1 9 13 -0.5 1 9 14 1.25 1 9 15 -1.25 1 9 16 0.5 1 9 17 -2.0 1 9 18 -0.25 1 9 19 1.5 1 9 20 -1.0 1 9 21 0.75 1 9 22 -1.75 1 9 23 0.0 1 9 24 1.75 1 9 25 -0.75 1 9 26 1.0 1 9 27 -1.5 1 10 1 0.5 1 10 2 -2.0 1 10 3 -0.25 1 10 4 1.5 1 10 5 -1.0 1 10 6 0.75 1 10 7 -1.75 1 10 8 0.0 1 10 9 1.75 1 10 10 -0.75 1 10 11 1.0 1 10 12 -1.5 1 10 13 0.25 1 10 14 2.0 1 10 15 -0.5 1 10 16 1.25 1 10 17 -1.25 1 10 18 0.5 1 10 19 -2.0 1 10 20 -0.25 1 10 21 1.5 1 10 22 -1.0 1 10 23 0.75 1 10 24 -1.75 1 10 25 0.0 1 10 26 1.75 1 10 27 -0.75 1 11 1 1.25 1 11 2 -1.25 1 11 3 0.5 1 11 4 -2.0 1 11 5 -0.25 1 11 6 1.5 1 11 7 -1.0 1 11 8 0.75 1 11 9 -1.75 1 11 10 0.0 1 11 11 1.75 1 11 12 -0.75 1 11 13 1.0 1 11 14 -1.5 1 11 15 0.25 1 11 16 2.0 1 11 17 -0.5 1 11 18 1.25 1 11 19 -1.25 1 11 20 0.5 1 11 21 -2.0 1 11 22 -0.25 1 11 23 1.5 1 11 24 -1.0 1 11 25 0.75 1 11 26 -1.75 1 11 27 0.0 1 12 1 2.0 1 12 2 -0.5 1 12 3 1.25 1 12 4 -1.25 1 12 5 0.5 1 12 6 -2.0 1 12 7 -0.25 1 12 8 1.5 1 12 9 -1.0 1 12 10 0.75 1 12 11 -1.75 1 12 12 0.0 1 12 13 1.75 1 12 14 -0.75 1 12 15 1.0 1 12 16 -1.5 1 12 17 0.25 1 12 18 2.0 1 12 19 -0.5 1 12 20 1.25 1 12 21 -1.25 1 12 22 0.5 1 12 23 -2.0 1 12 24 -0.25 1 12 25 1.5 1 12 26 -1.0 1 12 27 0.75 1 13 1 -1.5 1 13 2 0.25 1 13 3 2.0 1 13 4 -0.5 1 13 5 1.25 1 13 6 -1.25 1 13 7 0.5 1 13 8 -2.0 1 13 9 -0.25 1 13 10 1.5 1 13 11 -1.0 1 13 12 0.75 1 13 13 -1.75 1 13 14 0.0 1 13 15 1.75 1 13 16 -0.75 1 13 17 1.0 1 13 18 -1.5 1 13 19 0.25 1 13 20 2.0 1 13 21 -0.5 1 13 22 1.25 1 13 23 -1.25 1 13 24 0.5 1 13 25 -2.0 1 13 26 -0.25 1 13 27 1.5 1 14 1 -0.75 1 14 2 1.0 1 14 3 -1.5 1 14 4 0.25 1 14 5 2.0 1 14 6 -0.5 1 14 7 1.25 1 14 8 -1.25 1 14 9 0.5 1 14 10 -2.0 1 14 11 -0.25 1 14 12 1.5 1 14 13 -1.0 1 14 14 0.75 1 14 15 -1.75 1 14 16 0.0 1 14 17 1.75 1 14 18 -0.75 1 14 19 1.0 1 14 20 -1.5 1 14 21 0.25 1 14 22 2.0 1 14 23 -0.5 1 14 24 1.25 1 14 25 -1.25 1 14 26 0.5 1 14 27 -2.0 1 15 1 0.0 1 15 2 1.75 1 15 3 -0.75 1 15 4 1.0 1 15 5 -1.5 1 15 6 0.25 1 15 7 2.0 1 15 8 -0.5 1 15 9 1.25 1 15 10 -1.25 1 15 11 0.5 1 15 12 -2.0 1 15 13 -0.25 1 15 14 1.5 1 15 15 -1.0 1 15 16 0.75 1 15 17 -1.75 1 15 18 0.0 1 15 19 1.75 1 15 20 -0.75 1 15 21 1.0 1 15 22 -1.5 1 15 23 0.25 1 15 24 2.0 1 15 25 -0.5 1 15 26 1.25 1 15 27 -1.25 1 16 1 0.75 1 16 2 -1.75 1 16 3 0.0 1 16 4 1.75 1 16 5 -0.75 1 16 6 1.0 1 16 7 -1.5 1 16 8 0.25 1 16 9 2.0 1 16 10 -0.5 1 16 11 1.25 1 16 12 -1.25 1 16 13 0.5 1 16 14 -2.0 1 16 15 -0.25 1 16 16 1.5 1 16 17 -1.0 1 16 18 0.75 1 16 19 -1.75 1 16 20 0.0 1 16 21 1.75 1 16 22 -0.75 1 16 23 1.0 1 16 24 -1.5 1 16 25 0.25 1 16 26 2.0 1 16 27 -0.5 1 17 1 1.5 1 17 2 -1.0 1 17 3 0.75 1 17 4 -1.75 1 17 5 0.0 1 17 6 1.75 1 17 7 -0.75 1 17 8 1.0 1 17 9 -1.5 1 17 10 0.25 1 17 11 2.0 1 17 12 -0.5 1 17 13 1.25 1 17 14 -1.25 1 17 15 0.5 1 17 16 -2.0 1 17 17 -0.25 1 17 18 1.5 1 17 19 -1.0 1 17 20 0.75 1 17 21 -1.75 1 17 22 0.0 1 17 23 1.75 1 17 24 -0.75 1 17 25 1.0 1 17 26 -1.5 1 17 27 0.25 1 18 1 -2.0 1 18 2 -0.25 1 18 3 1.5 1 18 4 -1.0 1 18 5 0.75 1 18 6 -1.75 1 18 7 0.0 1 18 8 1.75 1 18 9 -0.75 1 18 10 1.0 1 18 11 -1.5 1 18 12 0.25 1 18 13 2.0 1 18 14 -0.5 1 18 15 1.25 1 18 16 -1.25 1 18 17 0.5 1 18 18 -2.0 1 18 19 -0.25 1 18 20 1.5 1 18 21 -1.0 1 18 22 0.75 1 18 23 -1.75 1 18 24 0.0 1 18 25 1.75 1 18 26 -0.75 1 18 27 1.0 1 19 1 -1.25 1 19 2 0.5 1 19 3 -2.0 1 19 4 -0.25 1 19 5 1.5 1 19 6 -1.0 1 19 7 0.75 1 19 8 -1.75 1 19 9 0.0 1 19 10 1.75 1 19 11 -0.75 1 19 12 1.0 1 19 13 -1.5 1 19 14 0.25 1 19 15 2.0 1 19 16 -0.5 1 19 17 1.25 1 19 18 -1.25 1 19 19 0.5 1 19 20 -2.0 1 19 21 -0.25 1 19 22 1.5 1 19 23 -1.0 1 19 24 0.75 1 19 25 -1.75 1 19 26 0.0 1 19 27 1.75 1 20 1 -0.5 1 20 2 1.25 1 20 3 -1.25 1 20 4 0.5 1 20 5 -2.0 1 20 6 -0.25 1 20 7 1.5 1 20 8 -1.0 1 20 9 0.75 1 20 10 -1.75 1 20 11 0.0 1 20 12 1.75 1 20 13 -0.75 1 20 14 1.0 1 20 15 -1.5 1 20 16 0.25 1 20 17 2.0 1 20 18 -0.5 1 20 19 1.25 1 20 20 -1.25 1 20 21 0.5 1 20 22 -2.0 1 20 23 -0.25 1 20 24 1.5 1 20 25 -1.0 1 20 26 0.75 1 20 27 -1.75 1 21 1 0.25 1 21 2 2.0 1 21 3 -0.5 1 21 4 1.25 1 21 5 -1.25 1 21 6 0.5 1 21 7 -2.0 1 21 8 -0.25 1 21 9 1.5 1 21 10 -1.0 1 21 11 0.75 1 21 12 -1.75 1 21 13 0.0 1 21 14 1.75 1 21 15 -0.75 1 21 16 1.0 1 21 17 -1.5 1 21 18 0.25 1 21 19 2.0 1 21 20 -0.5 1 21 21 1.25 1 21 22 -1.25 1 21 23 0.5 1 21 24 -2.0 1 21 25 -0.25 1 21 26 1.5 1 21 27 -1.0 1 22 1 1.0 1 22 2 -1.5 1 22 3 0.25 1 22 4 2.0 1 22 5 -0.5 1 22 6 1.25 1 22 7 -1.25 1 22 8 0.5 1 22 9 -2.0 1 22 10 -0.25 1 22 11 1.5 1 22 12 -1.0 1 22 13 0.75 1 22 14 -1.75 1 22 15 0.0 1 22 16 1.75 1 22 17 -0.75 1 22 18 1.0 1 22 19 -1.5 1 22 20 0.25 1 22 21 2.0 1 22 22 -0.5 1 22 23 1.25 1 22 24 -1.25 1 22 25 0.5 1 22 26 -2.0 1 22 27 -0.25 1 23 1 1.75 1 23 2 -0.75 1 23 3 1.0 1 23 4 -1.5 1 23 5 0.25 1 23 6 2.0 1 23 7 -0.5 1 23 8 1.25 1 23 9 -1.25 1 23 10 0.5 1 23 11 -2.0 1 23 12 -0.25 1 23 13 1.5 1 23 14 -1.0 1 23 15 0.75 1 23 16 -1.75 1 23 17 0.0 1 23 18 1.75 1 23 19 -0.75 1 23 20 1.0 1 23 21 -1.5 1 23 22 0.25 1 23 23 2.0 1 23 24 -0.5 1 23 25 1.25 1 23 26 -1.25 1 23 27 0.5 1 24 1 -1.75 1 24 2 0.0 1 24 3 1.75 1 24 4 -0.75 1 24 5 1.0 1 24 6 -1.5 1 24 7 0.25 1 24 8 2.0 1 24 9 -0.5 1 24 10 1.25 1 24 11 -1.25 1 24 12 0.5 1 24 13 -2.0 1 24 14 -0.25 1 24 15 1.5 1 24 16 -1.0 1 24 17 0.75 1 24 18 -1.75 1 24 19 0.0 1 24 20 1.75 1 24 21 -0.75 1 24 22 1.0 1 24 23 -1.5 1 24 24 0.25 1 24 25 2.0 1 24 26 -0.5 1 24 27 1.25 1 25 1 -1.0 1 25 2 0.75 1 25 3 -1.75 1 25 4 0.0 1 25 5 1.75 1 25 6 -0.75 1 25 7 1.0 1 25 8 -1.5 1 25 9 0.25 1 25 10 2.0 1 25 11 -0.5 1 25 12 1.25 1 25 13 -1.25 1 25 14 0.5 1 25 15 -2.0 1 25 16 -0.25 1 25 17 1.5 1 25 18 -1.0 1 25 19 0.75 1 25 20 -1.75 1 25 21 0.0 1 25 22 1.75 1 25 23 -0.75 1 25 24 1.0 1 25 25 -1.5 1 25 26 0.25 1 25 27 2.0 1 0.0 1 1.0 24 3.0 1 0.0 1 1.0 1 2.0 1 3.0 1 4.0 1 5.0 1 6.0 1 7.0 1 8.0 1 9.0 1 10.0 1 11.0 1 12.0 1 13.0 1 14.0 1 15.0 1 16.0 1 17.0 1 18.0 1 19.0 1 20.0 1 21.0 1 22.0 1 23.0 1 24.0 1 25.0 1 26.0 1 27.0 1 28.0 1 29.0 1 30.0 1 31.0 1 32.0 1 33.0 1 34.0 1 35.0 1 36.0 1 37.0 1 38.0 1 39.0 1 40.0 1 41.0 1 42.0 1 43.0 1 44.0 1 45.0 1 46.0 1 47.0 1 48.0 1 49.0 1 50.0 1 51.0 1 D B 24 25
periodic_unclamped_p24_24_q25_24_r0 24 24 25 27 3 52 1 0 1 1 1 -2.0 1 1 2 -0.25 1 1 3 1.5 1 1 4 -1.0 1 1 5 0.75 1 1 6 -1.75 1 1 7 0.0 1 1 8 1.75 1 1 9 -0.75 1 1 10 1.0 1 1 11 -1.5 1 1 12 0.25 1 1 13 2.0 1 1 14 -0.5 1 1 15 1.25 1 1 16 -1.25 1 1 17 0.5 1 1 18 -2.0 1 1 19 -0.25 1 1 20 1.5 1 1 21 -1.0 1 1 22 0.75 1 1 23 -1.75 1 1 24 0.0 1 1 25 1.75 1 1 26 -0.75 1 1 27 1.0 1 2 1 -1.25 1 2 2 0.5 1 2 3 -2.0 1 2 4 -0.25 1 2 5 1.5 1 2 6 -1.0 1 2 7 0.75 1 2 8 -1.75 1 2 9 0.0 1 2 10 1.75 1 2 11 -0.75 1 2 12 1.0 1 2 13 -1.5 1 2 14 0.25 1 2 15 2.0 1 2 16 -0.5 1 2 17 1.25 1 2 18 -1.25 1 2 19 0.5 1 2 20 -2.0 1 2 21 -0.25 1 2 22 1.5 1 2 23 -1.0 1 2 24 0.75 1 2 25 -1.75 1 2 26 0.0 1 2 27 1.75 1 3 1 -0.5 1 3 2 1.25 1 3 3 -1.25 1 3 4 0.5 1 3 5 -2.0 1 3 6 -0.25 1 3 7 1.5 1 3 8 -1.0 1 3 9 0.75 1 3 10 -1.75 1 3 11 0.0 1 3 12 1.75 1 3 13 -0.75 1 3 14 1.0 1 3 15 -1.5 1 3 16 0.25 1 3 17 2.0 1 3 18 -0.5 1 3 19 1.25 1 3 20 -1.25 1 3 21 0.5 1 3 22 -2.0 1 3 23 -0.25 1 3 24 1.5 1 3 25 -1.0 1 3 26 0.75 1 3 27 -1.75 1 4 1 0.25 1 4 2 2.0 1 4 3 -0.5 1 4 4 1.25 1 4 5 -1.25 1 4 6 0.5 1 4 7 -2.0 1 4 8 -0.25 1 4 9 1.5 1 4 10 -1.0 1 4 11 0.75 1 4 12 -1.75 1 4 13 0.0 1 4 14 1.75 1 4 15 -0.75 1 4 16 1.0 1 4 17 -1.5 1 4 18 0.25 1 4 19 2.0 1 4 20 -0.5 1 4 21 1.25 1 4 22 -1.25 1 4 23 0.5 1 4 24 -2.0 1 4 25 -0.25 1 4 26 1.5 1 4 27 -1.0 1 5 1 1.0 1 5 2 -1.5 1 5 3 0.25 1 5 4 2.0 1 5 5 -0.5 1 5 6 1.25 1 5 7 -1.25 1 5 8 0.5 1 5 9 -2.0 1 5 10 -0.25 1 5 11 1.5 1 5 12 -1.0 1 5 13 0.75 1 5 14 -1.75 1 5 15 0.0 1 5 16 1.75 1 5 17 -0.75 1 5 18 1.0 1 5 19 -1.5 1 5 20 0.25 1 5 21 2.0 1 5 22 -0.5 1 5 23 1.25 1 5 24 -1.25 1 5 25 0.5 1 5 26 -2.0 1 5 27 -0.25 1 6 1 1.75 1 6 2 -0.75 1 6 3 1.0 1 6 4 -1.5 1 6 5 0.25 1 6 6 2.0 1 6 7 -0.5 1 6 8 1.25 1 6 9 -1.25 1 6 10 0.5 1 6 11 -2.0 1 6 12 -0.25 1 6 13 1.5 1 6 14 -1.0 1 6 15 0.75 1 6 16 -1.75 1 6 17 0.0 1 6 18 1.75 1 6 19 -0.75 1 6 20 1.0 1 6 21 -1.5 1 6 22 0.25 1 6 23 2.0 1 6 24 -0.5 1 6 25 1.25 1 6 26 -1.25 1 6 27 0.5 1 7 1 -1.75 1 7 2 0.0 1 7 3 1.75 1 7 4 -0.75 1 7 5 1.0 1 7 6 -1.5 1 7 7 0.25 1 7 8 2.0 1 7 9 -0.5 1 7 10 1.25 1 7 11 -1.25 1 7 12 0.5 1 7 13 -2.0 1 7 14 -0.25 1 7 15 1.5 1 7 16 -1.0 1 7 17 0.75 1 7 18 -1.75 1 7 19 0.0 1 7 20 1.75 1 7 21 -0.75 1 7 22 1.0 1 7 23 -1.5 1 7 24 0.25 1 7 25 2.0 1 7 26 -0.5 1 7 27 1.25 1 8 1 -1.0 1 8 2 0.75 1 8 3 -1.75 1 8 4 0.0 1 8 5 1.75 1 8 6 -0.75 1 8 7 1.0 1 8 8 -1.5 1 8 9 0.25 1 8 10 2.0 1 8 11 -0.5 1 8 12 1.25 1 8 13 -1.25 1 8 14 0.5 1 8 15 -2.0 1 8 16 -0.25 1 8 17 1.5 1 8 18 -1.0 1 8 19 0.75 1 8 20 -1.75 1 8 21 0.0 1 8 22 1.75 1 8 23 -0.75 1 8 24 1.0 1 8 25 -1.5 1 8 26 0.25 1 8 27 2.0 1 9 1 -0.25 1 9 2 1.5 1 9 3 -1.0 1 9 4 0.75 1 9 5 -1.75 1 9 6 0.0 1 9 7 1.75 1 9 8 -0.75 1 9 9 1.0 1 9 10 -1.5 1 9 11 0.25 1 9 12 2.0 1 9 13 -0.5 1 9 14 1.25 1 9 15 -1.25 1 9 16 0.5 1 9 17 -2.0 1 9 18 -0.25 1 9 19 1.5 1 9 20 -1.0 1 9 21 0.75 1 9 22 -1.75 1 9 23 0.0 1 9 24 1.75 1 9 25 -0.75 1 9 26 1.0 1 9 27 -1.5 1 10 1 0.5 1 10 2 -2.0 1 10 3 -0.25 1 10 4 1.5 1 10 5 -1.0 1 10 6 0.75 1 10 7 -1.75 1 10 8 0.0 1 10 9 1.75 1 10 10 -0.75 1 10 11 1.0 1 10 12 -1.5 1 10 13 0.25 1 10 14 2.0 1 10 15 -0.5 1 10 16 1.25 1 10 17 -1.25 1 10 18 0.5 1 10 19 -2.0 1 10 20 -0.25 1 10 21 1.5 1 10 22 -1.0 1 10 23 0.75 1 10 24 -1.75 1 10 25 0.0 1 10 26 1.75 1 10 27 -0.75 1 11 1 1.25 1 11 2 -1.25 1 11 3 0.5 1 11 4 -2.0 1 11 5 -0.25 1 11 6 1.5 1 11 7 -1.0 1 11 8 0.75 1 11 9 -1.75 1 11 10 0.0 1 11 11 1.75 1 11 12 -0.75 1 11 13 1.0 1 11 14 -1.5 1 11 15 0.25 1 11 16 2.0 1 11 17 -0.5 1 11 18 1.25 1 11 19 -1.25 1 11 20 0.5 1 11 21 -2.0 1 11 22 -0.25 1 11 23 1.5 1 11 24 -1.0 1 11 25 0.75 1 11 26 -1.75 1 11 27 0.0 1 12 1 2.0 1 12 2 -0.5 1 12 3 1.25 1 12 4 -1.25 1 12 5 0.5 1 12 6 -2.0 1 12 7 -0.25 1 12 8 1.5 1 12 9 -1.0 1 12 10 0.75 1 12 11 -1.75 1 12 12 0.0 1 12 13 1.75 1 12 14 -0.75 1 12 15 1.0 1 12 16 -1.5 1 12 17 0.25 1 12 18 2.0 1 12 19 -0.5 1 12 20 1.25 1 12 21 -1.25 1 12 22 0.5 1 12 23 -2.0 1 12 24 -0.25 1 12 25 1.5 1 12 26 -1.0 1 12 27 0.75 1 13 1 -1.5 1 13 2 0.25 1 13 3 2.0 1 13 4 -0.5 1 13 5 1.25 1 13 6 -1.25 1 13 7 0.5 1 13 8 -2.0 1 13 9 -0.25 1 13 10 1.5 1 13 11 -1.0 1 13 12 0.75 1 13 13 -1.75 1 13 14 0.0 1 13 15 1.75 1 13 16 -0.75 1 13 17 1.0 1 13 18 -1.5 1 13 19 0.25 1 13 20 2.0 1 13 21 -0.5 1 13 22 1.25 1 13 23 -1.25 1 13 24 0.5 1 13 25 -2.0 1 13 26 -0.25 1 13 27 1.5 1 14 1 -0.75 1 14 2 1.0 1 14 3 -1.5 1 14 4 0.25 1 14 5 2.0 1 14 6 -0.5 1 14 7 1.25 1 14 8 -1.25 1 14 9 0.5 1 14 10 -2.0 1 14 11 -0.25 1 14 12 1.5 1 14 13 -1.0 1 14 14 0.75 1 14 15 -1.75 1 14 16 0.0 1 14 17 1.75 1 14 18 -0.75 1 14 19 1.0 1 14 20 -1.5 1 14 21 0.25 1 14 22 2.0 1 14 23 -0.5 1 14 24 1.25 1 14 25 -1.25 1 14 26 0.5 1 14 27 -2.0 1 15 1 0.0 1 15 2 1.75 1 15 3 -0.75 1 15 4 1.0 1 15 5 -1.5 1 15 6 0.25 1 15 7 2.0 1 15 8 -0.5 1 15 9 1.25 1 15 10 -1.25 1 15 11 0.5 1 15 12 -2.0 1 15 13 -0.25 1 15 14 1.5 1 15 15 -1.0 1 15 16 0.75 1 15 17 -1.75 1 15 18 0.0 1 15 19 1.75 1 15 20 -0.75 1 15 21 1.0 1 15 22 -1.5 1 15 23 0.25 1 15 24 2.0 1 15 25 -0.5 1 15 26 1.25 1 15 27 -1.25 1 16 1 0.75 1 16 2 -1.75 1 16 3 0.0 1 16 4 1.75 1 16 5 -0.75 1 16 6 1.0 1 16 7 -1.5 1 16 8 0.25 1 16 9 2.0 1 16 10 -0.5 1 16 11 1.25 1 16 12 -1.25 1 16 13 0.5 1 16 14 -2.0 1 16 15 -0.25 1 16 16 1.5 1 16 17 -1.0 1 16 18 0.75 1 16 19 -1.75 1 16 20 0.0 1 16 21 1.75 1 16 22 -0.75 1 16 23 1.0 1 16 24 -1.5 1 16 25 0.25 1 16 26 2.0 1 16 27 -0.5 1 17 1 1.5 1 17 2 -1.0 1 17 3 0.75 1 17 4 -1.75 1 17 5 0.0 1 17 6 1.75 1 17 7 -0.75 1 17 8 1.0 1 17 9 -1.5 1 17 10 0.25 1 17 11 2.0 1 17 12 -0.5 1 17 13 1.25 1 17 14 -1.25 1 17 15 0.5 1 17 16 -2.0 1 17 17 -0.25 1 17 18 1.5 1 17 19 -1.0 1 17 20 0.75 1 17 21 -1.75 1 17 22 0.0 1 17 23 1.75 1 17 24 -0.75 1 17 25 1.0 1 17 26 -1.5 1 17 27 0.25 1 18 1 -2.0 1 18 2 -0.25 1 18 3 1.5 1 18 4 -1.0 1 18 5 0.75 1 18 6 -1.75 1 18 7 0.0 1 18 8 1.75 1 18 9 -0.75 1 18 10 1.0 1 18 11 -1.5 1 18 12 0.25 1 18 13 2.0 1 18 14 -0.5 1 18 15 1.25 1 18 16 -1.25 1 18 17 0.5 1 18 18 -2.0 1 18 19 -0.25 1 18 20 1.5 1 18 21 -1.0 1 18 22 0.75 1 18 23 -1.75 1 18 24 0.0 1 18 25 1.75 1 18 26 -0.75 1 18 27 1.0 1 19 1 -1.25 1 19 2 0.5 1 19 3 -2.0 1 19 4 -0.25 1 19 5 1.5 1 19 6 -1.0 1 19 7 0.75 1 19 8 -1.75 1 19 9 0.0 1 19 10 1.75 1 19 11 -0.75 1 19 12 1.0 1 19 13 -1.5 1 19 14 0.25 1 19 15 2.0 1 19 16 -0.5 1 19 17 1.25 1 19 18 -1.25 1 19 19 0.5 1 19 20 -2.0 1 19 21 -0.25 1 19 22 1.5 1 19 23 -1.0 1 19 24 0.75 1 19 25 -1.75 1 19 26 0.0 1 19 27 1.75 1 20 1 -0.5 1 20 2 1.25 1 20 3 -1.25 1 20 4 0.5 1 20 5 -2.0 1 20 6 -0.25 1 20 7 1.5 1 20 8 -1.0 1 20 9 0.75 1 20 10 -1.75 1 20 11 0.0 1 20 12 1.75 1 20 13 -0.75 1 20 14 1.0 1 20 15 -1.5 1 20 16 0.25 1 20 17 2.0 1 20 18 -0.5 1 20 19 1.25 1 20 20 -1.25 1 20 21 0.5 1 20 22 -2.0 1 20 23 -0.25 1 20 24 1.5 1 20 25 -1.0 1 20 26 0.75 1 20 27 -1.75 1 21 1 0.25 1 21 2 2.0 1 21 3 -0.5 1 21 4 1.25 1 21 5 -1.25 1 21 6 0.5 1 21 7 -2.0 1 21 8 -0.25 1 21 9 1.5 1 21 10 -1.0 1 21 11 0.75 1 21 12 -1.75 1 21 13 0.0 1 21 14 1.75 1 21 15 -0.75 1 21 16 1.0 1 21 17 -1.5 1 21 18 0.25 1 21 19 2.0 1 21 20 -0.5 1 21 21 1.25 1 21 22 -1.25 1 21 23 0.5 1 21 24 -2.0 1 21 25 -0.25 1 21 26 1.5 1 21 27 -1.0 1 22 1 1.0 1 22 2 -1.5 1 22 3 0.25 1 22 4 2.0 1 22 5 -0.5 1 22 6 1.25 1 22 7 -1.25 1 22 8 0.5 1 22 9 -2.0 1 22 10 -0.25 1 22 11 1.5 1 22 12 -1.0 1 22 13 0.75 1 22 14 -1.75 1 22 15 0.0 1 22 16 1.75 1 22 17 -0.75 1 22 18 1.0 1 22 19 -1.5 1 22 20 0.25 1 22 21 2.0 1 22 22 -0.5 1 22 23 1.25 1 22 24 -1.25 1 22 25 0.5 1 22 26 -2.0 1 22 27 -0.25 1 23 1 1.75 1 23 2 -0.75 1 23 3 1.0 1 23 4 -1.5 1 23 5 0.25 1 23 6 2.0 1 23 7 -0.5 1 23 8 1.25 1 23 9 -1.25 1 23 10 0.5 1 23 11 -2.0 1 23 12 -0.25 1 23 13 1.5 1 23 14 -1.0 1 23 15 0.75 1 23 16 -1.75 1 23 17 0.0 1 23 18 1.75 1 23 19 -0.75 1 23 20 1.0 1 23 21 -1.5 1 23 22 0.25 1 23 23 2.0 1 23 24 -0.5 1 23 25 1.25 1 23 26 -1.25 1 23 27 0.5 1 24 1 -1.75 1 24 2 0.0 1 24 3 1.75 1 24 4 -0.75 1 24 5 1.0 1 24 6 -1.5 1 24 7 0.25 1 24 8 2.0 1 24 9 -0.5 1 24 10 1.25 1 24 11 -1.25 1 24 12 0.5 1 24 13 -2.0 1 24 14 -0.25 1 24 15 1.5 1 24 16 -1.0 1 24 17 0.75 1 24 18 -1.75 1 24 19 0.0 1 24 20 1.75 1 24 21 -0.75 1 24 22 1.0 1 24 23 -1.5 1 24 24 0.25 1 24 25 2.0 1 24 26 -0.5 1 24 27 1.25 1 25 1 -1.0 1 25 2 0.75 1 25 3 -1.75 1 25 4 0.0 1 25 5 1.75 1 25 6 -0.75 1 25 7 1.0 1 25 8 -1.5 1 25 9 0.25 1 25 10 2.0 1 25 11 -0.5 1 25 12 1.25 1 25 13 -1.25 1 25 14 0.5 1 25 15 -2.0 1 25 16 -0.25 1 25 17 1.5 1 25 18 -1.0 1 25 19 0.75 1 25 20 -1.75 1 25 21 0.0 1 25 22 1.75 1 25 23 -0.75 1 25 24 1.0 1 25 25 -1.5 1 25 26 0.25 1 25 27 2.0 1 0.0 1 1.0 24 3.0 1 0.0 1 1.0 1 2.0 1 3.0 1 4.0 1 5.0 1 6.0 1 7.0 1 8.0 1 9.0 1 10.0 1 11.0 1 12.0 1 13.0 1 14.0 1 15.0 1 16.0 1 17.0 1 18.0 1 19.0 1 20.0 1 21.0 1 22.0 1 23.0 1 24.0 1 25.0 1 26.0 1 27.0 1 28.0 1 29.0 1 30.0 1 31.0 1 32.0 1 33.0 1 34.0 1 35.0 1 36.0 1 37.0 1 38.0 1 39.0 1 40.0 1 41.0 1 42.0 1 43.0 1 44.0 1 45.0 1 46.0 1 47.0 1 48.0 1 49.0 1 50.0 1 51.0 1 D B 25 24
periodic_unclamped_p24_24_q25_25_r0 24 24 25 27 3 52 1 0 1 1 1 -2.0 1 1 2 -0.25 1 1 3 1.5 1 1 4 -1.0 1 1 5 0.75 1 1 6 -1.75 1 1 7 0.0 1 1 8 1.75 1 1 9 -0.75 1 1 10 1.0 1 1 11 -1.5 1 1 12 0.25 1 1 13 2.0 1 1 14 -0.5 1 1 15 1.25 1 1 16 -1.25 1 1 17 0.5 1 1 18 -2.0 1 1 19 -0.25 1 1 20 1.5 1 1 21 -1.0 1 1 22 0.75 1 1 23 -1.75 1 1 24 0.0 1 1 25 1.75 1 1 26 -0.75 1 1 27 1.0 1 2 1 -1.25 1 2 2 0.5 1 2 3 -2.0 1 2 4 -0.25 1 2 5 1.5 1 2 6 -1.0 1 2 7 0.75 1 2 8 -1.75 1 2 9 0.0 1 2 10 1.75 1 2 11 -0.75 1 2 12 1.0 1 2 13 -1.5 1 2 14 0.25 1 2 15 2.0 1 2 16 -0.5 1 2 17 1.25 1 2 18 -1.25 1 2 19 0.5 1 2 20 -2.0 1 2 21 -0.25 1 2 22 1.5 1 2 23 -1.0 1 2 24 0.75 1 2 25 -1.75 1 2 26 0.0 1 2 27 1.75 1 3 1 -0.5 1 3 2 1.25 1 3 3 -1.25 1 3 4 0.5 1 3 5 -2.0 1 3 6 -0.25 1 3 7 1.5 1 3 8 -1.0 1 3 9 0.75 1 3 10 -1.75 1 3 11 0.0 1 3 12 1.75 1 3 13 -0.75 1 3 14 1.0 1 3 15 -1.5 1 3 16 0.25 1 3 17 2.0 1 3 18 -0.5 1 3 19 1.25 1 3 20 -1.25 1 3 21 0.5 1 3 22 -2.0 1 3 23 -0.25 1 3 24 1.5 1 3 25 -1.0 1 3 26 0.75 1 3 27 -1.75 1 4 1 0.25 1 4 2 2.0 1 4 3 -0.5 1 4 4 1.25 1 4 5 -1.25 1 4 6 0.5 1 4 7 -2.0 1 4 8 -0.25 1 4 9 1.5 1 4 10 -1.0 1 4 11 0.75 1 4 12 -1.75 1 4 13 0.0 1 4 14 1.75 1 4 15 -0.75 1 4 16 1.0 1 4 17 -1.5 1 4 18 0.25 1 4 19 2.0 1 4 20 -0.5 1 4 21 1.25 1 4 22 -1.25 1 4 23 0.5 1 4 24 -2.0 1 4 25 -0.25 1 4 26 1.5 1 4 27 -1.0 1 5 1 1.0 1 5 2 -1.5 1 5 3 0.25 1 5 4 2.0 1 5 5 -0.5 1 5 6 1.25 1 5 7 -1.25 1 5 8 0.5 1 5 9 -2.0 1 5 10 -0.25 1 5 11 1.5 1 5 12 -1.0 1 5 13 0.75 1 5 14 -1.75 1 5 15 0.0 1 5 16 1.75 1 5 17 -0.75 1 5 18 1.0 1 5 19 -1.5 1 5 20 0.25 1 5 21 2.0 1 5 22 -0.5 1 5 23 1.25 1 5 24 -1.25 1 5 25 0.5 1 5 26 -2.0 1 5 27 -0.25 1 6 1 1.75 1 6 2 -0.75 1 6 3 1.0 1 6 4 -1.5 1 6 5 0.25 1 6 6 2.0 1 6 7 -0.5 1 6 8 1.25 1 6 9 -1.25 1 6 10 0.5 1 6 11 -2.0 1 6 12 -0.25 1 6 13 1.5 1 6 14 -1.0 1 6 15 0.75 1 6 16 -1.75 1 6 17 0.0 1 6 18 1.75 1 6 19 -0.75 1 6 20 1.0 1 6 21 -1.5 1 6 22 0.25 1 6 23 2.0 1 6 24 -0.5 1 6 25 1.25 1 6 26 -1.25 1 6 27 0.5 1 7 1 -1.75 1 7 2 0.0 1 7 3 1.75 1 7 4 -0.75 1 7 5 1.0 1 7 6 -1.5 1 7 7 0.25 1 7 8 2.0 1 7 9 -0.5 1 7 10 1.25 1 7 11 -1.25 1 7 12 0.5 1 7 13 -2.0 1 7 14 -0.25 1 7 15 1.5 1 7 16 -1.0 1 7 17 0.75 1 7 18 -1.75 1 7 19 0.0 1 7 20 1.75 1 7 21 -0.75 1 7 22 1.0 1 7 23 -1.5 1 7 24 0.25 1 7 25 2.0 1 7 26 -0.5 1 7 27 1.25 1 8 1 -1.0 1 8 2 0.75 1 8 3 -1.75 1 8 4 0.0 1 8 5 1.75 1 8 6 -0.75 1 8 7 1.0 1 8 8 -1.5 1 8 9 0.25 1 8 10 2.0 1 8 11 -0.5 1 8 12 1.25 1 8 13 -1.25 1 8 14 0.5 1 8 15 -2.0 1 8 16 -0.25 1 8 17 1.5 1 8 18 -1.0 1 8 19 0.75 1 8 20 -1.75 1 8 21 0.0 1 8 22 1.75 1 8 23 -0.75 1 8 24 1.0 1 8 25 -1.5 1 8 26 0.25 1 8 27 2.0 1 9 1 -0.25 1 9 2 1.5 1 9 3 -1.0 1 9 4 0.75 1 9 5 -1.75 1 9 6 0.0 1 9 7 1.75 1 9 8 -0.75 1 9 9 1.0 1 9 10 -1.5 1 9 11 0.25 1 9 12 2.0 1 9 13 -0.5 1 9 14 1.25 1 9 15 -1.25 1 9 16 0.5 1 9 17 -2.0 1 9 18 -0.25 1 9 19 1.5 1 9 20 -1.0 1 9 21 0.75 1 9 22 -1.75 1 9 23 0.0 1 9 24 1.75 1 9 25 -0.75 1 9 26 1.0 1 9 27 -1.5 1 10 1 0.5 1 10 2 -2.0 1 10 3 -0.25 1 10 4 1.5 1 10 5 -1.0 1 10 6 0.75 1 10 7 -1.75 1 10 8 0.0 1 10 9 1.75 1 10 10 -0.75 1 10 11 1.0 1 10 12 -1.5 1 10 13 0.25 1 10 14 2.0 1 10 15 -0.5 1 10 16 1.25 1 10 17 -1.25 1 10 18 0.5 1 10 19 -2.0 1 10 20 -0.25 1 10 21 1.5 1 10 22 -1.0 1 10 23 0.75 1 10 24 -1.75 1 10 25 0.0 1 10 26 1.75 1 10 27 -0.75 1 11 1 1.25 1 11 2 -1.25 1 11 3 0.5 1 11 4 -2.0 1 11 5 -0.25 1 11 6 1.5 1 11 7 -1.0 1 11 8 0.75 1 11 9 -1.75 1 11 10 0.0 1 11 11 1.75 1 11 12 -0.75 1 11 13 1.0 1 11 14 -1.5 1 11 15 0.25 1 11 16 2.0 1 11 17 -0.5 1 11 18 1.25 1 11 19 -1.25 1 11 20 0.5 1 11 21 -2.0 1 11 22 -0.25 1 11 23 1.5 1 11 24 -1.0 1 11 25 0.75 1 11 26 -1.75 1 11 27 0.0 1 12 1 2.0 1 12 2 -0.5 1 12 3 1.25 1 12 4 -1.25 1 12 5 0.5 1 12 6 -2.0 1 12 7 -0.25 1 12 8 1.5 1 12 9 -1.0 1 12 10 0.75 1 12 11 -1.75 1 12 12 0.0 1 12 13 1.75 1 12 14 -0.75 1 12 15 1.0 1 12 16 -1.5 1 12 17 0.25 1 12 18 2.0 1 12 19 -0.5 1 12 20 1.25 1 12 21 -1.25 1 12 22 0.5 1 12 23 -2.0 1 12 24 -0.25 1 12 25 1.5 1 12 26 -1.0 1 12 27 0.75 1 13 1 -1.5 1 13 2 0.25 1 13 3 2.0 1 13 4 -0.5 1 13 5 1.25 1 13 6 -1.25 1 13 7 0.5 1 13 8 -2.0 1 13 9 -0.25 1 13 10 1.5 1 13 11 -1.0 1 13 12 0.75 1 13 13 -1.75 1 13 14 0.0 1 13 15 1.75 1 13 16 -0.75 1 13 17 1.0 1 13 18 -1.5 1 13 19 0.25 1 13 20 2.0 1 13 21 -0.5 1 13 22 1.25 1 13 23 -1.25 1 13 24 0.5 1 13 25 -2.0 1 13 26 -0.25 1 13 27 1.5 1 14 1 -0.75 1 14 2 1.0 1 14 3 -1.5 1 14 4 0.25 1 14 5 2.0 1 14 6 -0.5 1 14 7 1.25 1 14 8 -1.25 1 14 9 0.5 1 14 10 -2.0 1 14 11 -0.25 1 14 12 1.5 1 14 13 -1.0 1 14 14 0.75 1 14 15 -1.75 1 14 16 0.0 1 14 17 1.75 1 14 18 -0.75 1 14 19 1.0 1 14 20 -1.5 1 14 21 0.25 1 14 22 2.0 1 14 23 -0.5 1 14 24 1.25 1 14 25 -1.25 1 14 26 0.5 1 14 27 -2.0 1 15 1 0.0 1 15 2 1.75 1 15 3 -0.75 1 15 4 1.0 1 15 5 -1.5 1 15 6 0.25 1 15 7 2.0 1 15 8 -0.5 1 15 9 1.25 1 15 10 -1.25 1 15 11 0.5 1 15 12 -2.0 1 15 13 -0.25 1 15 14 1.5 1 15 15 -1.0 1 15 16 0.75 1 15 17 -1.75 1 15 18 0.0 1 15 19 1.75 1 15 20 -0.75 1 15 21 1.0 1 15 22 -1.5 1 15 23 0.25 1 15 24 2.0 1 15 25 -0.5 1 15 26 1.25 1 15 27 -1.25 1 16 1 0.75 1 16 2 -1.75 1 16 3 0.0 1 16 4 1.75 1 16 5 -0.75 1 16 6 1.0 1 16 7 -1.5 1 16 8 0.25 1 16 9 2.0 1 16 10 -0.5 1 16 11 1.25 1 16 12 -1.25 1 16 13 0.5 1 16 14 -2.0 1 16 15 -0.25 1 16 16 1.5 1 16 17 -1.0 1 16 18 0.75 1 16 19 -1.75 1 16 20 0.0 1 16 21 1.75 1 16 22 -0.75 1 16 23 1.0 1 16 24 -1.5 1 16 25 0.25 1 16 26 2.0 1 16 27 -0.5 1 17 1 1.5 1 17 2 -1.0 1 17 3 0.75 1 17 4 -1.75 1 17 5 0.0 1 17 6 1.75 1 17 7 -0.75 1 17 8 1.0 1 17 9 -1.5 1 17 10 0.25 1 17 11 2.0 1 17 12 -0.5 1 17 13 1.25 1 17 14 -1.25 1 17 15 0.5 1 17 16 -2.0 1 17 17 -0.25 1 17 18 1.5 1 17 19 -1.0 1 17 20 0.75 1 17 21 -1.75 1 17 22 0.0 1 17 23 1.75 1 17 24 -0.75 1 17 25 1.0 1 17 26 -1.5 1 17 27 0.25 1 18 1 -2.0 1 18 2 -0.25 1 18 3 1.5 1 18 4 -1.0 1 18 5 0.75 1 18 6 -1.75 1 18 7 0.0 1 18 8 1.75 1 18 9 -0.75 1 18 10 1.0 1 18 11 -1.5 1 18 12 0.25 1 18 13 2.0 1 18 14 -0.5 1 18 15 1.25 1 18 16 -1.25 1 18 17 0.5 1 18 18 -2.0 1 18 19 -0.25 1 18 20 1.5 1 18 21 -1.0 1 18 22 0.75 1 18 23 -1.75 1 18 24 0.0 1 18 25 1.75 1 18 26 -0.75 1 18 27 1.0 1 19 1 -1.25 1 19 2 0.5 1 19 3 -2.0 1 19 4 -0.25 1 19 5 1.5 1 19 6 -1.0 1 19 7 0.75 1 19 8 -1.75 1 19 9 0.0 1 19 10 1.75 1 19 11 -0.75 1 19 12 1.0 1 19 13 -1.5 1 19 14 0.25 1 19 15 2.0 1 19 16 -0.5 1 19 17 1.25 1 19 18 -1.25 1 19 19 0.5 1 19 20 -2.0 1 19 21 -0.25 1 19 22 1.5 1 19 23 -1.0 1 19 24 0.75 1 19 25 -1.75 1 19 26 0.0 1 19 27 1.75 1 20 1 -0.5 1 20 2 1.25 1 20 3 -1.25 1 20 4 0.5 1 20 5 -2.0 1 20 6 -0.25 1 20 7 1.5 1 20 8 -1.0 1 20 9 0.75 1 20 10 -1.75 1 20 11 0.0 1 20 12 1.75 1 20 13 -0.75 1 20 14 1.0 1 20 15 -1.5 1 20 16 0.25 1 20 17 2.0 1 20 18 -0.5 1 20 19 1.25 1 20 20 -1.25 1 20 21 0.5 1 20 22 -2.0 1 20 23 -0.25 1 20 24 1.5 1 20 25 -1.0 1 20 26 0.75 1 20 27 -1.75 1 21 1 0.25 1 21 2 2.0 1 21 3 -0.5 1 21 4 1.25 1 21 5 -1.25 1 21 6 0.5 1 21 7 -2.0 1 21 8 -0.25 1 21 9 1.5 1 21 10 -1.0 1 21 11 0.75 1 21 12 -1.75 1 21 13 0.0 1 21 14 1.75 1 21 15 -0.75 1 21 16 1.0 1 21 17 -1.5 1 21 18 0.25 1 21 19 2.0 1 21 20 -0.5 1 21 21 1.25 1 21 22 -1.25 1 21 23 0.5 1 21 24 -2.0 1 21 25 -0.25 1 21 26 1.5 1 21 27 -1.0 1 22 1 1.0 1 22 2 -1.5 1 22 3 0.25 1 22 4 2.0 1 22 5 -0.5 1 22 6 1.25 1 22 7 -1.25 1 22 8 0.5 1 22 9 -2.0 1 22 10 -0.25 1 22 11 1.5 1 22 12 -1.0 1 22 13 0.75 1 22 14 -1.75 1 22 15 0.0 1 22 16 1.75 1 22 17 -0.75 1 22 18 1.0 1 22 19 -1.5 1 22 20 0.25 1 22 21 2.0 1 22 22 -0.5 1 22 23 1.25 1 22 24 -1.25 1 22 25 0.5 1 22 26 -2.0 1 22 27 -0.25 1 23 1 1.75 1 23 2 -0.75 1 23 3 1.0 1 23 4 -1.5 1 23 5 0.25 1 23 6 2.0 1 23 7 -0.5 1 23 8 1.25 1 23 9 -1.25 1 23 10 0.5 1 23 11 -2.0 1 23 12 -0.25 1 23 13 1.5 1 23 14 -1.0 1 23 15 0.75 1 23 16 -1.75 1 23 17 0.0 1 23 18 1.75 1 23 19 -0.75 1 23 20 1.0 1 23 21 -1.5 1 23 22 0.25 1 23 23 2.0 1 23 24 -0.5 1 23 25 1.25 1 23 26 -1.25 1 23 27 0.5 1 24 1 -1.75 1 24 2 0.0 1 24 3 1.75 1 24 4 -0.75 1 24 5 1.0 1 24 6 -1.5 1 24 7 0.25 1 24 8 2.0 1 24 9 -0.5 1 24 10 1.25 1 24 11 -1.25 1 24 12 0.5 1 24 13 -2.0 1 24 14 -0.25 1 24 15 1.5 1 24 16 -1.0 1 24 17 0.75 1 24 18 -1.75 1 24 19 0.0 1 24 20 1.75 1 24 21 -0.75 1 24 22 1.0 1 24 23 -1.5 1 24 24 0.25 1 24 25 2.0 1 24 26 -0.5 1 24 27 1.25 1 25 1 -1.0 1 25 2 0.75 1 25 3 -1.75 1 25 4 0.0 1 25 5 1.75 1 25 6 -0.75 1 25 7 1.0 1 25 8 -1.5 1 25 9 0.25 1 25 10 2.0 1 25 11 -0.5 1 25 12 1.25 1 25 13 -1.25 1 25 14 0.5 1 25 15 -2.0 1 25 16 -0.25 1 25 17 1.5 1 25 18 -1.0 1 25 19 0.75 1 25 20 -1.75 1 25 21 0.0 1 25 22 1.75 1 25 23 -0.75 1 25 24 1.0 1 25 25 -1.5 1 25 26 0.25 1 25 27 2.0 1 0.0 1 1.0 24 3.0 1 0.0 1 1.0 1 2.0 1 3.0 1 4.0 1 5.0 1 6.0 1 7.0 1 8.0 1 9.0 1 10.0 1 11.0 1 12.0 1 13.0 1 14.0 1 15.0 1 16.0 1 17.0 1 18.0 1 19.0 1 20.0 1 21.0 1 22.0 1 23.0 1 24.0 1 25.0 1 26.0 1 27.0 1 28.0 1 29.0 1 30.0 1 31.0 1 32.0 1 33.0 1 34.0 1 35.0 1 36.0 1 37.0 1 38.0 1 39.0 1 40.0 1 41.0 1 42.0 1 43.0 1 44.0 1 45.0 1 46.0 1 47.0 1 48.0 1 49.0 1 50.0 1 51.0 1 D B 25 25
periodic_unclamped_p24_24_q24_24_r1 24 24 25 27 3 52 1 0 1 1 1 -2.0 1 1 2 -0.25 3 1 3 1.5 5 1 4 -1.0 2 1 5 0.75 4 1 6 -1.75 1 1 7 0.0 3 1 8 1.75 5 1 9 -0.75 2 1 10 1.0 4 1 11 -1.5 1 1 12 0.25 3 1 13 2.0 5 1 14 -0.5 2 1 15 1.25 4 1 16 -1.25 1 1 17 0.5 3 1 18 -2.0 5 1 19 -0.25 2 1 20 1.5 4 1 21 -1.0 1 1 22 0.75 3 1 23 -1.75 5 1 24 0.0 2 1 25 1.75 4 1 26 -0.75 1 1 27 1.0 3 2 1 -1.25 2 2 2 0.5 4 2 3 -2.0 1 2 4 -0.25 3 2 5 1.5 5 2 6 -1.0 2 2 7 0.75 4 2 8 -1.75 1 2 9 0.0 3 2 10 1.75 5 2 11 -0.75 2 2 12 1.0 4 2 13 -1.5 1 2 14 0.25 3 2 15 2.0 5 2 16 -0.5 2 2 17 1.25 4 2 18 -1.25 1 2 19 0.5 3 2 20 -2.0 5 2 21 -0.25 2 2 22 1.5 4 2 23 -1.0 1 2 24 0.75 3 2 25 -1.75 5 2 26 0.0 2 2 27 1.75 4 3 1 -0.5 3 3 2 1.25 5 3 3 -1.25 2 3 4 0.5 4 3 5 -2.0 1 3 6 -0.25 3 3 7 1.5 5 3 8 -1.0 2 3 9 0.75 4 3 10 -1.75 1 3 11 0.0 3 3 12 1.75 5 3 13 -0.75 2 3 14 1.0 4 3 15 -1.5 1 3 16 0.25 3 3 17 2.0 5 3 18 -0.5 2 3 19 1.25 4 3 20 -1.25 1 3 21 0.5 3 3 22 -2.0 5 3 23 -0.25 2 3 24 1.5 4 3 25 -1.0 1 3 26 0.75 3 3 27 -1.75 5 4 1 0.25 4 4 2 2.0 1 4 3 -0.5 3 4 4 1.25 5 4 5 -1.25 2 4 6 0.5 4 4 7 -2.0 1 4 8 -0.25 3 4 9 1.5 5 4 10 -1.0 2 4 11 0.75 4 4 12 -1.75 1 4 13 0.0 3 4 14 1.75 5 4 15 -0.75 2 4 16 1.0 4 4 17 -1.5 1 4 18 0.25 3 4 19 2.0 5 4 20 -0.5 2 4 21 1.25 4 4 22 -1.25 1 4 23 0.5 3 4 24 -2.0 5 4 25 -0.25 2 4 26 1.5 4 4 27 -1.0 1 5 1 1.0 5 5 2 -1.5 2 5 3 0.25 4 5 4 2.0 1 5 5 -0.5 3 5 6 1.25 5 5 7 -1.25 2 5 8 0.5 4 5 9 -2.0 1 5 10 -0.25 3 5 11 1.5 5 5 12 -1.0 2 5 13 0.75 4 5 14 -1.75 1 5 15 0.0 3 5 16 1.75 5 5 17 -0.75 2 5 18 1.0 4 5 19 -1.5 1 5 20 0.25 3 5 21 2.0 5 5 22 -0.5 2 5 23 1.25 4 5 24 -1.25 1 5 25 0.5 3 5 26 -2.0 5 5 27 -0.25 2 6 1 1.75 1 6 2 -0.75 3 6 3 1.0 5 6 4 -1.5 2 6 5 0.25 4 6 6 2.0 1 6 7 -0.5 3 6 8 1.25 5 6 9 -1.25 2 6 10 0.5 4 6 11 -2.0 1 6 12 -0.25 3 6 13 1.5 5 6 14 -1.0 2 6 15 0.75 4 6 16 -1.75 1 6 17 0.0 3 6 18 1.75 5 6 19 -0.75 2 6 20 1.0 4 6 21 -1.5 1 6 22 0.25 3 6 23 2.0 5 6 24 -0.5 2 6 25 1.25 4 6 26 -1.25 1 6 27 0.5 3 7 1 -1.75 2 7 2 0.0 4 7 3 1.75 1 7 4 -0.75 3 7 5 1.0 5 7 6 -1.5 2 7 7 0.25 4 7 8 2.0 1 7 9 -0.5 3 7 10 1.25 5 7 11 -1.25 2 7 12 0.5 4 7 13 -2.0 1 7 14 -0.25 3 7 15 1.5 5 7 16 -1.0 2 7 17 0.75 4 7 18 -1.75 1 7 19 0.0 3 7 20 1.75 5 7 21 -0.75 2 7 22 1.0 4 7 23 -1.5 1 7 24 0.25 3 7 25 2.0 5 7 26 -0.5 2 7 27 1.25 4 8 1 -1.0 3 8 2 0.75 5 8 3 -1.75 2 8 4 0.0 4 8 5 1.75 1 8 6 -0.75 3 8 7 1.0 5 8 8 -1.5 2 8 9 0.25 4 8 10 2.0 1 8 11 -0.5 3 8 12 1.25 5 8 13 -1.25 2 8 14 0.5 4 8 15 -2.0 1 8 16 -0.25 3 8 17 1.5 5 8 18 -1.0 2 8 19 0.75 4 8 20 -1.75 1 8 21 0.0 3 8 22 1.75 5 8 23 -0.75 2 8 24 1.0 4 8 25 -1.5 1 8 26 0.25 3 8 27 2.0 5 9 1 -0.25 4 9 2 1.5 1 9 3 -1.0 3 9 4 0.75 5 9 5 -1.75 2 9 6 0.0 4 9 7 1.75 1 9 8 -0.75 3 9 9 1.0 5 9 10 -1.5 2 9 11 0.25 4 9 12 2.0 1 9 13 -0.5 3 9 14 1.25 5 9 15 -1.25 2 9 16 0.5 4 9 17 -2.0 1 9 18 -0.25 3 9 19 1.5 5 9 20 -1.0 2 9 21 0.75 4 9 22 -1.75 1 9 23 0.0 3 9 24 1.75 5 9 25 -0.75 2 9 26 1.0 4 9 27 -1.5 1 10 1 0.5 5 10 2 -2.0 2 10 3 -0.25 4 10 4 1.5 1 10 5 -1.0 3 10 6 0.75 5 10 7 -1.75 2 10 8 0.0 4 10 9 1.75 1 10 10 -0.75 3 10 11 1.0 5 10 12 -1.5 2 10 13 0.25 4 10 14 2.0 1 10 15 -0.5 3 10 16 1.25 5 10 17 -1.25 2 10 18 0.5 4 10 19 -2.0 1 10 20 -0.25 3 10 21 1.5 5 10 22 -1.0 2 10 23 0.75 4 10 24 -1.75 1 10 25 0.0 3 10 26 1.75 5 10 27 -0.75 2 11 1 1.25 1 11 2 -1.25 3 11 3 0.5 5 11 4 -2.0 2 11 5 -0.25 4 11 6 1.5 1 11 7 -1.0 3 11 8 0.75 5 11 9 -1.75 2 11 10 0.0 4 11 11 1.75 1 11 12 -0.75 3 11 13 1.0 5 11 14 -1.5 2 11 15 0.25 4 11 16 2.0 1 11 17 -0.5 3 11 18 1.25 5 11 19 -1.25 2 11 20 0.5 4 11 21 -2.0 1 11 22 -0.25 3 11 23 1.5 5 11 24 -1.0 2 11 25 0.75 4 11 26 -1.75 1 11 27 0.0 3 12 1 2.0 2 12 2 -0.5 4 12 3 1.25 1 12 4 -1.25 3 12 5 0.5 5 12 6 -2.0 2 12 7 -0.25 4 12 8 1.5 1 12 9 -1.0 3 12 10 0.75 5 12 11 -1.75 2 12 12 0.0 4 12 13 1.75 1 12 14 -0.75 3 12 15 1.0 5 12 16 -1.5 2 12 17 0.25 4 12 18 2.0 1 12 19 -0.5 3 12 20 1.25 5 12 21 -1.25 2 12 22 0.5 4 12 23 -2.0 1 12 24 -0.25 3 12 25 1.5 5 12 26 -1.0 2 12 27 0.75 4 13 1 -1.5 3 13 2 0.25 5 13 3 2.0 2 13 4 -0.5 4 13 5 1.25 1 13 6 -1.25 3 13 7 0.5 5 13 8 -2.0 2 13 9 -0.25 4 13 10 1.5 1 13 11 -1.0 3 13 12 0.75 5 13 13 -1.75 2 13 14 0.0 4 13 15 1.75 1 13 16 -0.75 3 13 17 1.0 5 13 18 -1.5 2 13 19 0.25 4 13 20 2.0 1 13 21 -0.5 3 13 22 1.25 5 13 23 -1.25 2 13 24 0.5 4 13 25 -2.0 1 13 26 -0.25 3 13 27 1.5 5 14 1 -0.75 4 14 2 1.0 1 14 3 -1.5 3 14 4 0.25 5 14 5 2.0 2 14 6 -0.5 4 14 7 1.25 1 14 8 -1.25 3 14 9 0.5 5 14 10 -2.0 2 14 11 -0.25 4 14 12 1.5 1 14 13 -1.0 3 14 14 0.75 5 14 15 -1.75 2 14 16 0.0 4 14 17 1.75 1 14 18 -0.75 3 14 19 1.0 5 14 20 -1.5 2 14 21 0.25 4 14 22 2.0 1 14 23 -0.5 3 14 24 1.25 5 14 25 -1.25 2 14 26 0.5 4 14 27 -2.0 1 15 1 0.0 5 15 2 1.75 2 15 3 -0.75 4 15 4 1.0 1 15 5 -1.5 3 15 6 0.25 5 15 7 2.0 2 15 8 -0.5 4 15 9 1.25 1 15 10 -1.25 3 15 11 0.5 5 15 12 -2.0 2 15 13 -0.25 4 15 14 1.5 1 15 15 -1.0 3 15 16 0.75 5 15 17 -1.75 2 15 18 0.0 4 15 19 1.75 1 15 20 -0.75 3 15 21 1.0 5 15 22 -1.5 2 15 23 0.25 4 15 24 2.0 1 15 25 -0.5 3 15 26 1.25 5 15 27 -1.25 2 16 1 0.75 1 16 2 -1.75 3 16 3 0.0 5 16 4 1.75 2 16 5 -0.75 4 16 6 1.0 1 16 7 -1.5 3 16 8 0.25 5 16 9 2.0 2 16 10 -0.5 4 16 11 1.25 1 16 12 -1.25 3 16 13 0.5 5 16 14 -2.0 2 16 15 -0.25 4 16 16 1.5 1 16 17 -1.0 3 16 18 0.75 5 16 19 -1.75 2 16 20 0.0 4 16 21 1.75 1 16 22 -0.75 3 16 23 1.0 5 16 24 -1.5 2 16 25 0.25 4 16 26 2.0 1 16 27 -0.5 3 17 1 1.5 2 17 2 -1.0 4 17 3 0.75 1 17 4 -1.75 3 17 5 0.0 5 17 6 1.75 2 17 7 -0.75 4 17 8 1.0 1 17 9 -1.5 3 17 10 0.25 5 17 11 2.0 2 17 12 -0.5 4 17 13 1.25 1 17 14 -1.25 3 17 15 0.5 5 17 16 -2.0 2 17 17 -0.25 4 17 18 1.5 1 17 19 -1.0 3 17 20 0.75 5 17 21 -1.75 2 17 22 0.0 4 17 23 1.75 1 17 24 -0.75 3 17 25 1.0 5 17 26 -1.5 2 17 27 0.25 4 18 1 -2.0 3 18 2 -0.25 5 18 3 1.5 2 18 4 -1.0 4 18 5 0.75 1 18 6 -1.75 3 18 7 0.0 5 18 8 1.75 2 18 9 -0.75 4 18 10 1.0 1 18 11 -1.5 3 18 12 0.25 5 18 13 2.0 2 18 14 -0.5 4 18 15 1.25 1 18 16 -1.25 3 18 17 0.5 5 18 18 -2.0 2 18 19 -0.25 4 18 20 1.5 1 18 21 -1.0 3 18 22 0.75 5 18 23 -1.75 2 18 24 0.0 4 18 25 1.75 1 18 26 -0.75 3 18 27 1.0 5 19 1 -1.25 4 19 2 0.5 1 19 3 -2.0 3 19 4 -0.25 5 19 5 1.5 2 19 6 -1.0 4 19 7 0.75 1 19 8 -1.75 3 19 9 0.0 5 19 10 1.75 2 19 11 -0.75 4 19 12 1.0 1 19 13 -1.5 3 19 14 0.25 5 19 15 2.0 2 19 16 -0.5 4 19 17 1.25 1 19 18 -1.25 3 19 19 0.5 5 19 20 -2.0 2 19 21 -0.25 4 19 22 1.5 1 19 23 -1.0 3 19 24 0.75 5 19 25 -1.75 2 19 26 0.0 4 19 27 1.75 1 20 1 -0.5 5 20 2 1.25 2 20 3 -1.25 4 20 4 0.5 1 20 5 -2.0 3 20 6 -0.25 5 20 7 1.5 2 20 8 -1.0 4 20 9 0.75 1 20 10 -1.75 3 20 11 0.0 5 20 12 1.75 2 20 13 -0.75 4 20 14 1.0 1 20 15 -1.5 3 20 16 0.25 5 20 17 2.0 2 20 18 -0.5 4 20 19 1.25 1 20 20 -1.25 3 20 21 0.5 5 20 22 -2.0 2 20 23 -0.25 4 20 24 1.5 1 20 25 -1.0 3 20 26 0.75 5 20 27 -1.75 2 21 1 0.25 1 21 2 2.0 3 21 3 -0.5 5 21 4 1.25 2 21 5 -1.25 4 21 6 0.5 1 21 7 -2.0 3 21 8 -0.25 5 21 9 1.5 2 21 10 -1.0 4 21 11 0.75 1 21 12 -1.75 3 21 13 0.0 5 21 14 1.75 2 21 15 -0.75 4 21 16 1.0 1 21 17 -1.5 3 21 18 0.25 5 21 19 2.0 2 21 20 -0.5 4 21 21 1.25 1 21 22 -1.25 3 21 23 0.5 5 21 24 -2.0 2 21 25 -0.25 4 21 26 1.5 1 21 27 -1.0 3 22 1 1.0 2 22 2 -1.5 4 22 3 0.25 1 22 4 2.0 3 22 5 -0.5 5 22 6 1.25 2 22 7 -1.25 4 22 8 0.5 1 22 9 -2.0 3 22 10 -0.25 5 22 11 1.5 2 22 12 -1.0 4 22 13 0.75 1 22 14 -1.75 3 22 15 0.0 5 22 16 1.75 2 22 17 -0.75 4 22 18 1.0 1 22 19 -1.5 3 22 20 0.25 5 22 21 2.0 2 22 22 -0.5 4 22 23 1.25 1 22 24 -1.25 3 22 25 0.5 5 22 26 -2.0 2 22 27 -0.25 4 23 1 1.75 3 23 2 -0.75 5 23 3 1.0 2 23 4 -1.5 4 23 5 0.25 1 23 6 2.0 3 23 7 -0.5 5 23 8 1.25 2 23 9 -1.25 4 23 10 0.5 1 23 11 -2.0 3 23 12 -0.25 5 23 13 1.5 2 23 14 -1.0 4 23 15 0.75 1 23 16 -1.75 3 23 17 0.0 5 23 18 1.75 2 23 19 -0.75 4 23 20 1.0 1 23 21 -1.5 3 23 22 0.25 5 23 23 2.0 2 23 24 -0.5 4 23 25 1.25 1 23 26 -1.25 3 23 27 0.5 5 24 1 -1.75 4 24 2 0.0 1 24 3 1.75 3 24 4 -0.75 5 24 5 1.0 2 24 6 -1.5 4 24 7 0.25 1 24 8 2.0 3 24 9 -0.5 5 24 10 1.25 2 24 11 -1.25 4 24 12 0.5 1 24 13 -2.0 3 24 14 -0.25 5 24 15 1.5 2 24 16 -1.0 4 24 17 0.75 1 24 18 -1.75 3 24 19 0.0 5 24 20 1.75 2 24 21 -0.75 4 24 22 1.0 1 24 23 -1.5 3 24 24 0.25 5 24 25 2.0 2 24 26 -0.5 4 24 27 1.25 1 25 1 -1.0 5 25 2 0.75 2 25 3 -1.75 4 25 4 0.0 1 25 5 1.75 3 25 6 -0.75 5 25 7 1.0 2 25 8 -1.5 4 25 9 0.25 1 25 10 2.0 3 25 11 -0.5 5 25 12 1.25 2 25 13 -1.25 4 25 14 0.5 1 25 15 -2.0 3 25 16 -0.25 5 25 17 1.5 2 25 18 -1.0 4 25 19 0.75 1 25 20 -1.75 3 25 21 0.0 5 25 22 1.75 2 25 23 -0.75 4 25 24 1.0 1 25 25 -1.5 3 25 26 0.25 5 25 27 2.0 2 0.0 1 1.0 24 3.0 1 0.0 1 1.0 1 2.0 1 3.0 1 4.0 1 5.0 1 6.0 1 7.0 1 8.0 1 9.0 1 10.0 1 11.0 1 12.0 1 13.0 1 14.0 1 15.0 1 16.0 1 17.0 1 18.0 1 19.0 1 20.0 1 21.0 1 22.0 1 23.0 1 24.0 1 25.0 1 26.0 1 27.0 1 28.0 1 29.0 1 30.0 1 31.0 1 32.0 1 33.0 1 34.0 1 35.0 1 36.0 1 37.0 1 38.0 1 39.0 1 40.0 1 41.0 1 42.0 1 43.0 1 44.0 1 45.0 1 46.0 1 47.0 1 48.0 1 49.0 1 50.0 1 51.0 1 D B 24 24
periodic_unclamped_p24_24_q24_25_r1 24 24 25 27 3 52 1 0 1 1 1 -2.0 1 1 2 -0.25 3 1 3 1.5 5 1 4 -1.0 2 1 5 0.75 4 1 6 -1.75 1 1 7 0.0 3 1 8 1.75 5 1 9 -0.75 2 1 10 1.0 4 1 11 -1.5 1 1 12 0.25 3 1 13 2.0 5 1 14 -0.5 2 1 15 1.25 4 1 16 -1.25 1 1 17 0.5 3 1 18 -2.0 5 1 19 -0.25 2 1 20 1.5 4 1 21 -1.0 1 1 22 0.75 3 1 23 -1.75 5 1 24 0.0 2 1 25 1.75 4 1 26 -0.75 1 1 27 1.0 3 2 1 -1.25 2 2 2 0.5 4 2 3 -2.0 1 2 4 -0.25 3 2 5 1.5 5 2 6 -1.0 2 2 7 0.75 4 2 8 -1.75 1 2 9 0.0 3 2 10 1.75 5 2 11 -0.75 2 2 12 1.0 4 2 13 -1.5 1 2 14 0.25 3 2 15 2.0 5 2 16 -0.5 2 2 17 1.25 4 2 18 -1.25 1 2 19 0.5 3 2 20 -2.0 5 2 21 -0.25 2 2 22 1.5 4 2 23 -1.0 1 2 24 0.75 3 2 25 -1.75 5 2 26 0.0 2 2 27 1.75 4 3 1 -0.5 3 3 2 1.25 5 3 3 -1.25 2 3 4 0.5 4 3 5 -2.0 1 3 6 -0.25 3 3 7 1.5 5 3 8 -1.0 2 3 9 0.75 4 3 10 -1.75 1 3 11 0.0 3 3 12 1.75 5 3 13 -0.75 2 3 14 1.0 4 3 15 -1.5 1 3 16 0.25 3 3 17 2.0 5 3 18 -0.5 2 3 19 1.25 4 3 20 -1.25 1 3 21 0.5 3 3 22 -2.0 5 3 23 -0.25 2 3 24 1.5 4 3 25 -1.0 1 3 26 0.75 3 3 27 -1.75 5 4 1 0.25 4 4 2 2.0 1 4 3 -0.5 3 4 4 1.25 5 4 5 -1.25 2 4 6 0.5 4 4 7 -2.0 1 4 8 -0.25 3 4 9 1.5 5 4 10 -1.0 2 4 11 0.75 4 4 12 -1.75 1 4 13 0.0 3 4 14 1.75 5 4 15 -0.75 2 4 16 1.0 4 4 17 -1.5 1 4 18 0.25 3 4 19 2.0 5 4 20 -0.5 2 4 21 1.25 4 4 22 -1.25 1 4 23 0.5 3 4 24 -2.0 5 4 25 -0.25 2 4 26 1.5 4 4 27 -1.0 1 5 1 1.0 5 5 2 -1.5 2 5 3 0.25 4 5 4 2.0 1 5 5 -0.5 3 5 6 1.25 5 5 7 -1.25 2 5 8 0.5 4 5 9 -2.0 1 5 10 -0.25 3 5 11 1.5 5 5 12 -1.0 2 5 13 0.75 4 5 14 -1.75 1 5 15 0.0 3 5 16 1.75 5 5 17 -0.75 2 5 18 1.0 4 5 19 -1.5 1 5 20 0.25 3 5 21 2.0 5 5 22 -0.5 2 5 23 1.25 4 5 24 -1.25 1 5 25 0.5 3 5 26 -2.0 5 5 27 -0.25 2 6 1 1.75 1 6 2 -0.75 3 6 3 1.0 5 6 4 -1.5 2 6 5 0.25 4 6 6 2.0 1 6 7 -0.5 3 6 8 1.25 5 6 9 -1.25 2 6 10 0.5 4 6 11 -2.0 1 6 12 -0.25 3 6 13 1.5 5 6 14 -1.0 2 6 15 0.75 4 6 16 -1.75 1 6 17 0.0 3 6 18 1.75 5 6 19 -0.75 2 6 20 1.0 4 6 21 -1.5 1 6 22 0.25 3 6 23 2.0 5 6 24 -0.5 2 6 25 1.25 4 6 26 -1.25 1 6 27 0.5 3 7 1 -1.75 2 7 2 0.0 4 7 3 1.75 1 7 4 -0.75 3 7 5 1.0 5 7 6 -1.5 2 7 7 0.25 4 7 8 2.0 1 7 9 -0.5 3 7 10 1.25 5 7 11 -1.25 2 7 12 0.5 4 7 13 -2.0 1 7 14 -0.25 3 7 15 1.5 5 7 16 -1.0 2 7 17 0.75 4 7 18 -1.75 1 7 19 0.0 3 7 20 1.75 5 7 21 -0.75 2 7 22 1.0 4 7 23 -1.5 1 7 24 0.25 3 7 25 2.0 5 7 26 -0.5 2 7 27 1.25 4 8 1 -1.0 3 8 2 0.75 5 8 3 -1.75 2 8 4 0.0 4 8 5 1.75 1 8 6 -0.75 3 8 7 1.0 5 8 8 -1.5 2 8 9 0.25 4 8 10 2.0 1 8 11 -0.5 3 8 12 1.25 5 8 13 -1.25 2 8 14 0.5 4 8 15 -2.0 1 8 16 -0.25 3 8 17 1.5 5 8 18 -1.0 2 8 19 0.75 4 8 20 -1.75 1 8 21 0.0 3 8 22 1.75 5 8 23 -0.75 2 8 24 1.0 4 8 25 -1.5 1 8 26 0.25 3 8 27 2.0 5 9 1 -0.25 4 9 2 1.5 1 9 3 -1.0 3 9 4 0.75 5 9 5 -1.75 2 9 6 0.0 4 9 7 1.75 1 9 8 -0.75 3 9 9 1.0 5 9 10 -1.5 2 9 11 0.25 4 9 12 2.0 1 9 13 -0.5 3 9 14 1.25 5 9 15 -1.25 2 9 16 0.5 4 9 17 -2.0 1 9 18 -0.25 3 9 19 1.5 5 9 20 -1.0 2 9 21 0.75 4 9 22 -1.75 1 9 23 0.0 3 9 24 1.75 5 9 25 -0.75 2 9 26 1.0 4 9 27 -1.5 1 10 1 0.5 5 10 2 -2.0 2 10 3 -0.25 4 10 4 1.5 1 10 5 -1.0 3 10 6 0.75 5 10 7 -1.75 2 10 8 0.0 4 10 9 1.75 1 10 10 -0.75 3 10 11 1.0 5 10 12 -1.5 2 10 13 0.25 4 10 14 2.0 1 10 15 -0.5 3 10 16 1.25 5 10 17 -1.25 2 10 18 0.5 4 10 19 -2.0 1 10 20 -0.25 3 10 21 1.5 5 10 22 -1.0 2 10 23 0.75 4 10 24 -1.75 1 10 25 0.0 3 10 26 1.75 5 10 27 -0.75 2 11 1 1.25 1 11 2 -1.25 3 11 3 0.5 5 11 4 -2.0 2 11 5 -0.25 4 11 6 1.5 1 11 7 -1.0 3 11 8 0.75 5 11 9 -1.75 2 11 10 0.0 4 11 11 1.75 1 11 12 -0.75 3 11 13 1.0 5 11 14 -1.5 2 11 15 0.25 4 11 16 2.0 1 11 17 -0.5 3 11 18 1.25 5 11 19 -1.25 2 11 20 0.5 4 11 21 -2.0 1 11 22 -0.25 3 11 23 1.5 5 11 24 -1.0 2 11 25 0.75 4 11 26 -1.75 1 11 27 0.0 3 12 1 2.0 2 12 2 -0.5 4 12 3 1.25 1 12 4 -1.25 3 12 5 0.5 5 12 6 -2.0 2 12 7 -0.25 4 12 8 1.5 1 12 9 -1.0 3 12 10 0.75 5 12 11 -1.75 2 12 12 0.0 4 12 13 1.75 1 12 14 -0.75 3 12 15 1.0 5 12 16 -1.5 2 12 17 0.25 4 12 18 2.0 1 12 19 -0.5 3 12 20 1.25 5 12 21 -1.25 2 12 22 0.5 4 12 23 -2.0 1 12 24 -0.25 3 12 25 1.5 5 12 26 -1.0 2 12 27 0.75 4 13 1 -1.5 3 13 2 0.25 5 13 3 2.0 2 13 4 -0.5 4 13 5 1.25 1 13 6 -1.25 3 13 7 0.5 5 13 8 -2.0 2 13 9 -0.25 4 13 10 1.5 1 13 11 -1.0 3 13 12 0.75 5 13 13 -1.75 2 13 14 0.0 4 13 15 1.75 1 13 16 -0.75 3 13 17 1.0 5 13 18 -1.5 2 13 19 0.25 4 13 20 2.0 1 13 21 -0.5 3 13 22 1.25 5 13 23 -1.25 2 13 24 0.5 4 13 25 -2.0 1 13 26 -0.25 3 13 27 1.5 5 14 1 -0.75 4 14 2 1.0 1 14 3 -1.5 3 14 4 0.25 5 14 5 2.0 2 14 6 -0.5 4 14 7 1.25 1 14 8 -1.25 3 14 9 0.5 5 14 10 -2.0 2 14 11 -0.25 4 14 12 1.5 1 14 13 -1.0 3 14 14 0.75 5 14 15 -1.75 2 14 16 0.0 4 14 17 1.75 1 14 18 -0.75 3 14 19 1.0 5 14 20 -1.5 2 14 21 0.25 4 14 22 2.0 1 14 23 -0.5 3 14 24 1.25 5 14 25 -1.25 2 14 26 0.5 4 14 27 -2.0 1 15 1 0.0 5 15 2 1.75 2 15 3 -0.75 4 15 4 1.0 1 15 5 -1.5 3 15 6 0.25 5 15 7 2.0 2 15 8 -0.5 4 15 9 1.25 1 15 10 -1.25 3 15 11 0.5 5 15 12 -2.0 2 15 13 -0.25 4 15 14 1.5 1 15 15 -1.0 3 15 16 0.75 5 15 17 -1.75 2 15 18 0.0 4 15 19 1.75 1 15 20 -0.75 3 15 21 1.0 5 15 22 -1.5 2 15 23 0.25 4 15 24 2.0 1 15 25 -0.5 3 15 26 1.25 5 15 27 -1.25 2 16 1 0.75 1 16 2 -1.75 3 16 3 0.0 5 16 4 1.75 2 16 5 -0.75 4 16 6 1.0 1 16 7 -1.5 3 16 8 0.25 5 16 9 2.0 2 16 10 -0.5 4 16 11 1.25 1 16 12 -1.25 3 16 13 0.5 5 16 14 -2.0 2 16 15 -0.25 4 16 16 1.5 1 16 17 -1.0 3 16 18 0.75 5 16 19 -1.75 2 16 20 0.0 4 16 21 1.75 1 16 22 -0.75 3 16 23 1.0 5 16 24 -1.5 2 16 25 0.25 4 16 26 2.0 1 16 27 -0.5 3 17 1 1.5 2 17 2 -1.0 4 17 3 0.75 1 17 4 -1.75 3 17 5 0.0 5 17 6 1.75 2 17 7 -0.75 4 17 8 1.0 1 17 9 -1.5 3 17 10 0.25 5 17 11 2.0 2 17 12 -0.5 4 17 13 1.25 1 17 14 -1.25 3 17 15 0.5 5 17 16 -2.0 2 17 17 -0.25 4 17 18 1.5 1 17 19 -1.0 3 17 20 0.75 5 17 21 -1.75 2 17 22 0.0 4 17 23 1.75 1 17 24 -0.75 3 17 25 1.0 5 17 26 -1.5 2 17 27 0.25 4 18 1 -2.0 3 18 2 -0.25 5 18 3 1.5 2 18 4 -1.0 4 18 5 0.75 1 18 6 -1.75 3 18 7 0.0 5 18 8 1.75 2 18 9 -0.75 4 18 10 1.0 1 18 11 -1.5 3 18 12 0.25 5 18 13 2.0 2 18 14 -0.5 4 18 15 1.25 1 18 16 -1.25 3 18 17 0.5 5 18 18 -2.0 2 18 19 -0.25 4 18 20 1.5 1 18 21 -1.0 3 18 22 0.75 5 18 23 -1.75 2 18 24 0.0 4 18 25 1.75 1 18 26 -0.75 3 18 27 1.0 5 19 1 -1.25 4 19 2 0.5 1 19 3 -2.0 3 19 4 -0.25 5 19 5 1.5 2 19 6 -1.0 4 19 7 0.75 1 19 8 -1.75 3 19 9 0.0 5 19 10 1.75 2 19 11 -0.75 4 19 12 1.0 1 19 13 -1.5 3 19 14 0.25 5 19 15 2.0 2 19 16 -0.5 4 19 17 1.25 1 19 18 -1.25 3 19 19 0.5 5 19 20 -2.0 2 19 21 -0.25 4 19 22 1.5 1 19 23 -1.0 3 19 24 0.75 5 19 25 -1.75 2 19 26 0.0 4 19 27 1.75 1 20 1 -0.5 5 20 2 1.25 2 20 3 -1.25 4 20 4 0.5 1 20 5 -2.0 3 20 6 -0.25 5 20 7 1.5 2 20 8 -1.0 4 20 9 0.75 1 20 10 -1.75 3 20 11 0.0 5 20 12 1.75 2 20 13 -0.75 4 20 14 1.0 1 20 15 -1.5 3 20 16 0.25 5 20 17 2.0 2 20 18 -0.5 4 20 19 1.25 1 20 20 -1.25 3 20 21 0.5 5 20 22 -2.0 2 20 23 -0.25 4 20 24 1.5 1 20 25 -1.0 3 20 26 0.75 5 20 27 -1.75 2 21 1 0.25 1 21 2 2.0 3 21 3 -0.5 5 21 4 1.25 2 21 5 -1.25 4 21 6 0.5 1 21 7 -2.0 3 21 8 -0.25 5 21 9 1.5 2 21 10 -1.0 4 21 11 0.75 1 21 12 -1.75 3 21 13 0.0 5 21 14 1.75 2 21 15 -0.75 4 21 16 1.0 1 21 17 -1.5 3 21 18 0.25 5 21 19 2.0 2 21 20 -0.5 4 21 21 1.25 1 21 22 -1.25 3 21 23 0.5 5 21 24 -2.0 2 21 25 -0.25 4 21 26 1.5 1 21 27 -1.0 3 22 1 1.0 2 22 2 -1.5 4 22 3 0.25 1 22 4 2.0 3 22 5 -0.5 5 22 6 1.25 2 22 7 -1.25 4 22 8 0.5 1 22 9 -2.0 3 22 10 -0.25 5 22 11 1.5 2 22 12 -1.0 4 22 13 0.75 1 22 14 -1.75 3 22 15 0.0 5 22 16 1.75 2 22 17 -0.75 4 22 18 1.0 1 22 19 -1.5 3 22 20 0.25 5 22 21 2.0 2 22 22 -0.5 4 22 23 1.25 1 22 24 -1.25 3 22 25 0.5 5 22 26 -2.0 2 22 27 -0.25 4 23 1 1.75 3 23 2 -0.75 5 23 3 1.0 2 23 4 -1.5 4 23 5 0.25 1 23 6 2.0 3 23 7 -0.5 5 23 8 1.25 2 23 9 -1.25 4 23 10 0.5 1 23 11 -2.0 3 23 12 -0.25 5 23 13 1.5 2 23 14 -1.0 4 23 15 0.75 1 23 16 -1.75 3 23 17 0.0 5 23 18 1.75 2 23 19 -0.75 4 23 20 1.0 1 23 21 -1.5 3 23 22 0.25 5 23 23 2.0 2 23 24 -0.5 4 23 25 1.25 1 23 26 -1.25 3 23 27 0.5 5 24 1 -1.75 4 24 2 0.0 1 24 3 1.75 3 24 4 -0.75 5 24 5 1.0 2 24 6 -1.5 4 24 7 0.25 1 24 8 2.0 3 24 9 -0.5 5 24 10 1.25 2 24 11 -1.25 4 24 12 0.5 1 24 13 -2.0 3 24 14 -0.25 5 24 15 1.5 2 24 16 -1.0 4 24 17 0.75 1 24 18 -1.75 3 24 19 0.0 5 24 20 1.75 2 24 21 -0.75 4 24 22 1.0 1 24 23 -1.5 3 24 24 0.25 5 24 25 2.0 2 24 26 -0.5 4 24 27 1.25 1 25 1 -1.0 5 25 2 0.75 2 25 3 -1.75 4 25 4 0.0 1 25 5 1.75 3 25 6 -0.75 5 25 7 1.0 2 25 8 -1.5 4 25 9 0.25 1 25 10 2.0 3 25 11 -0.5 5 25 12 1.25 2 25 13 -1.25 4 25 14 0.5 1 25 15 -2.0 3 25 16 -0.25 5 25 17 1.5 2 25 18 -1.0 4 25 19 0.75 1 25 20 -1.75 3 25 21 0.0 5 25 22 1.75 2 25 23 -0.75 4 25 24 1.0 1 25 25 -1.5 3 25 26 0.25 5 25 27 2.0 2 0.0 1 1.0 24 3.0 1 0.0 1 1.0 1 2.0 1 3.0 1 4.0 1 5.0 1 6.0 1 7.0 1 8.0 1 9.0 1 10.0 1 11.0 1 12.0 1 13.0 1 14.0 1 15.0 1 16.0 1 17.0 1 18.0 1 19.0 1 20.0 1 21.0 1 22.0 1 23.0 1 24.0 1 25.0 1 26.0 1 27.0 1 28.0 1 29.0 1 30.0 1 31.0 1 32.0 1 33.0 1 34.0 1 35.0 1 36.0 1 37.0 1 38.0 1 39.0 1 40.0 1 41.0 1 42.0 1 43.0 1 44.0 1 45.0 1 46.0 1 47.0 1 48.0 1 49.0 1 50.0 1 51.0 1 D B 24 25
periodic_unclamped_p24_24_q25_24_r1 24 24 25 27 3 52 1 0 1 1 1 -2.0 1 1 2 -0.25 3 1 3 1.5 5 1 4 -1.0 2 1 5 0.75 4 1 6 -1.75 1 1 7 0.0 3 1 8 1.75 5 1 9 -0.75 2 1 10 1.0 4 1 11 -1.5 1 1 12 0.25 3 1 13 2.0 5 1 14 -0.5 2 1 15 1.25 4 1 16 -1.25 1 1 17 0.5 3 1 18 -2.0 5 1 19 -0.25 2 1 20 1.5 4 1 21 -1.0 1 1 22 0.75 3 1 23 -1.75 5 1 24 0.0 2 1 25 1.75 4 1 26 -0.75 1 1 27 1.0 3 2 1 -1.25 2 2 2 0.5 4 2 3 -2.0 1 2 4 -0.25 3 2 5 1.5 5 2 6 -1.0 2 2 7 0.75 4 2 8 -1.75 1 2 9 0.0 3 2 10 1.75 5 2 11 -0.75 2 2 12 1.0 4 2 13 -1.5 1 2 14 0.25 3 2 15 2.0 5 2 16 -0.5 2 2 17 1.25 4 2 18 -1.25 1 2 19 0.5 3 2 20 -2.0 5 2 21 -0.25 2 2 22 1.5 4 2 23 -1.0 1 2 24 0.75 3 2 25 -1.75 5 2 26 0.0 2 2 27 1.75 4 3 1 -0.5 3 3 2 1.25 5 3 3 -1.25 2 3 4 0.5 4 3 5 -2.0 1 3 6 -0.25 3 3 7 1.5 5 3 8 -1.0 2 3 9 0.75 4 3 10 -1.75 1 3 11 0.0 3 3 12 1.75 5 3 13 -0.75 2 3 14 1.0 4 3 15 -1.5 1 3 16 0.25 3 3 17 2.0 5 3 18 -0.5 2 3 19 1.25 4 3 20 -1.25 1 3 21 0.5 3 3 22 -2.0 5 3 23 -0.25 2 3 24 1.5 4 3 25 -1.0 1 3 26 0.75 3 3 27 -1.75 5 4 1 0.25 4 4 2 2.0 1 4 3 -0.5 3 4 4 1.25 5 4 5 -1.25 2 4 6 0.5 4 4 7 -2.0 1 4 8 -0.25 3 4 9 1.5 5 4 10 -1.0 2 4 11 0.75 4 4 12 -1.75 1 4 13 0.0 3 4 14 1.75 5 4 15 -0.75 2 4 16 1.0 4 4 17 -1.5 1 4 18 0.25 3 4 19 2.0 5 4 20 -0.5 2 4 21 1.25 4 4 22 -1.25 1 4 23 0.5 3 4 24 -2.0 5 4 25 -0.25 2 4 26 1.5 4 4 27 -1.0 1 5 1 1.0 5 5 2 -1.5 2 5 3 0.25 4 5 4 2.0 1 5 5 -0.5 3 5 6 1.25 5 5 7 -1.25 2 5 8 0.5 4 5 9 -2.0 1 5 10 -0.25 3 5 11 1.5 5 5 12 -1.0 2 5 13 0.75 4 5 14 -1.75 1 5 15 0.0 3 5 16 1.75 5 5 17 -0.75 2 5 18 1.0 4 5 19 -1.5 1 5 20 0.25 3 5 21 2.0 5 5 22 -0.5 2 5 23 1.25 4 5 24 -1.25 1 5 25 0.5 3 5 26 -2.0 5 5 27 -0.25 2 6 1 1.75 1 6 2 -0.75 3 6 3 1.0 5 6 4 -1.5 2 6 5 0.25 4 6 6 2.0 1 6 7 -0.5 3 6 8 1.25 5 6 9 -1.25 2 6 10 0.5 4 6 11 -2.0 1 6 12 -0.25 3 6 13 1.5 5 6 14 -1.0 2 6 15 0.75 4 6 16 -1.75 1 6 17 0.0 3 6 18 1.75 5 6 19 -0.75 2 6 20 1.0 4 6 21 -1.5 1 6 22 0.25 3 6 23 2.0 5 6 24 -0.5 2 6 25 1.25 4 6 26 -1.25 1 6 27 0.5 3 7 1 -1.75 2 7 2 0.0 4 7 3 1.75 1 7 4 -0.75 3 7 5 1.0 5 7 6 -1.5 2 7 7 0.25 4 7 8 2.0 1 7 9 -0.5 3 7 10 1.25 5 7 11 -1.25 2 7 12 0.5 4 7 13 -2.0 1 7 14 -0.25 3 7 15 1.5 5 7 16 -1.0 2 7 17 0.75 4 7 18 -1.75 1 7 19 0.0 3 7 20 1.75 5 7 21 -0.75 2 7 22 1.0 4 7 23 -1.5 1 7 24 0.25 3 7 25 2.0 5 7 26 -0.5 2 7 27 1.25 4 8 1 -1.0 3 8 2 0.75 5 8 3 -1.75 2 8 4 0.0 4 8 5 1.75 1 8 6 -0.75 3 8 7 1.0 5 8 8 -1.5 2 8 9 0.25 4 8 10 2.0 1 8 11 -0.5 3 8 12 1.25 5 8 13 -1.25 2 8 14 0.5 4 8 15 -2.0 1 8 16 -0.25 3 8 17 1.5 5 8 18 -1.0 2 8 19 0.75 4 8 20 -1.75 1 8 21 0.0 3 8 22 1.75 5 8 23 -0.75 2 8 24 1.0 4 8 25 -1.5 1 8 26 0.25 3 8 27 2.0 5 9 1 -0.25 4 9 2 1.5 1 9 3 -1.0 3 9 4 0.75 5 9 5 -1.75 2 9 6 0.0 4 9 7 1.75 1 9 8 -0.75 3 9 9 1.0 5 9 10 -1.5 2 9 11 0.25 4 9 12 2.0 1 9 13 -0.5 3 9 14 1.25 5 9 15 -1.25 2 9 16 0.5 4 9 17 -2.0 1 9 18 -0.25 3 9 19 1.5 5 9 20 -1.0 2 9 21 0.75 4 9 22 -1.75 1 9 23 0.0 3 9 24 1.75 5 9 25 -0.75 2 9 26 1.0 4 9 27 -1.5 1 10 1 0.5 5 10 2 -2.0 2 10 3 -0.25 4 10 4 1.5 1 10 5 -1.0 3 10 6 0.75 5 10 7 -1.75 2 10 8 0.0 4 10 9 1.75 1 10 10 -0.75 3 10 11 1.0 5 10 12 -1.5 2 10 13 0.25 4 10 14 2.0 1 10 15 -0.5 3 10 16 1.25 5 10 17 -1.25 2 10 18 0.5 4 10 19 -2.0 1 10 20 -0.25 3 10 21 1.5 5 10 22 -1.0 2 10 23 0.75 4 10 24 -1.75 1 10 25 0.0 3 10 26 1.75 5 10 27 -0.75 2 11 1 1.25 1 11 2 -1.25 3 11 3 0.5 5 11 4 -2.0 2 11 5 -0.25 4 11 6 1.5 1 11 7 -1.0 3 11 8 0.75 5 11 9 -1.75 2 11 10 0.0 4 11 11 1.75 1 11 12 -0.75 3 11 13 1.0 5 11 14 -1.5 2 11 15 0.25 4 11 16 2.0 1 11 17 -0.5 3 11 18 1.25 5 11 19 -1.25 2 11 20 0.5 4 11 21 -2.0 1 11 22 -0.25 3 11 23 1.5 5 11 24 -1.0 2 11 25 0.75 4 11 26 -1.75 1 11 27 0.0 3 12 1 2.0 2 12 2 -0.5 4 12 3 1.25 1 12 4 -1.25 3 12 5 0.5 5 12 6 -2.0 2 12 7 -0.25 4 12 8 1.5 1 12 9 -1.0 3 12 10 0.75 5 12 11 -1.75 2 12 12 0.0 4 12 13 1.75 1 12 14 -0.75 3 12 15 1.0 5 12 16 -1.5 2 12 17 0.25 4 12 18 2.0 1 12 19 -0.5 3 12 20 1.25 5 12 21 -1.25 2 12 22 0.5 4 12 23 -2.0 1 12 24 -0.25 3 12 25 1.5 5 12 26 -1.0 2 12 27 0.75 4 13 1 -1.5 3 13 2 0.25 5 13 3 2.0 2 13 4 -0.5 4 13 5 1.25 1 13 6 -1.25 3 13 7 0.5 5 13 8 -2.0 2 13 9 -0.25 4 13 10 1.5 1 13 11 -1.0 3 13 12 0.75 5 13 13 -1.75 2 13 14 0.0 4 13 15 1.75 1 13 16 -0.75 3 13 17 1.0 5 13 18 -1.5 2 13 19 0.25 4 13 20 2.0 1 13 21 -0.5 3 13 22 1.25 5 13 23 -1.25 2 13 24 0.5 4 13 25 -2.0 1 13 26 -0.25 3 13 27 1.5 5 14 1 -0.75 4 14 2 1.0 1 14 3 -1.5 3 14 4 0.25 5 14 5 2.0 2 14 6 -0.5 4 14 7 1.25 1 14 8 -1.25 3 14 9 0.5 5 14 10 -2.0 2 14 11 -0.25 4 14 12 1.5 1 14 13 -1.0 3 14 14 0.75 5 14 15 -1.75 2 14 16 0.0 4 14 17 1.75 1 14 18 -0.75 3 14 19 1.0 5 14 20 -1.5 2 14 21 0.25 4 14 22 2.0 1 14 23 -0.5 3 14 24 1.25 5 14 25 -1.25 2 14 26 0.5 4 14 27 -2.0 1 15 1 0.0 5 15 2 1.75 2 15 3 -0.75 4 15 4 1.0 1 15 5 -1.5 3 15 6 0.25 5 15 7 2.0 2 15 8 -0.5 4 15 9 1.25 1 15 10 -1.25 3 15 11 0.5 5 15 12 -2.0 2 15 13 -0.25 4 15 14 1.5 1 15 15 -1.0 3 15 16 0.75 5 15 17 -1.75 2 15 18 0.0 4 15 19 1.75 1 15 20 -0.75 3 15 21 1.0 5 15 22 -1.5 2 15 23 0.25 4 15 24 2.0 1 15 25 -0.5 3 15 26 1.25 5 15 27 -1.25 2 16 1 0.75 1 16 2 -1.75 3 16 3 0.0 5 16 4 1.75 2 16 5 -0.75 4 16 6 1.0 1 16 7 -1.5 3 16 8 0.25 5 16 9 2.0 2 16 10 -0.5 4 16 11 1.25 1 16 12 -1.25 3 16 13 0.5 5 16 14 -2.0 2 16 15 -0.25 4 16 16 1.5 1 16 17 -1.0 3 16 18 0.75 5 16 19 -1.75 2 16 20 0.0 4 16 21 1.75 1 16 22 -0.75 3 16 23 1.0 5 16 24 -1.5 2 16 25 0.25 4 16 26 2.0 1 16 27 -0.5 3 17 1 1.5 2 17 2 -1.0 4 17 3 0.75 1 17 4 -1.75 3 17 5 0.0 5 17 6 1.75 2 17 7 -0.75 4 17 8 1.0 1 17 9 -1.5 3 17 10 0.25 5 17 11 2.0 2 17 12 -0.5 4 17 13 1.25 1 17 14 -1.25 3 17 15 0.5 5 17 16 -2.0 2 17 17 -0.25 4 17 18 1.5 1 17 19 -1.0 3 17 20 0.75 5 17 21 -1.75 2 17 22 0.0 4 17 23 1.75 1 17 24 -0.75 3 17 25 1.0 5 17 26 -1.5 2 17 27 0.25 4 18 1 -2.0 3 18 2 -0.25 5 18 3 1.5 2 18 4 -1.0 4 18 5 0.75 1 18 6 -1.75 3 18 7 0.0 5 18 8 1.75 2 18 9 -0.75 4 18 10 1.0 1 18 11 -1.5 3 18 12 0.25 5 18 13 2.0 2 18 14 -0.5 4 18 15 1.25 1 18 16 -1.25 3 18 17 0.5 5 18 18 -2.0 2 18 19 -0.25 4 18 20 1.5 1 18 21 -1.0 3 18 22 0.75 5 18 23 -1.75 2 18 24 0.0 4 18 25 1.75 1 18 26 -0.75 3 18 27 1.0 5 19 1 -1.25 4 19 2 0.5 1 19 3 -2.0 3 19 4 -0.25 5 19 5 1.5 2 19 6 -1.0 4 19 7 0.75 1 19 8 -1.75 3 19 9 0.0 5 19 10 1.75 2 19 11 -0.75 4 19 12 1.0 1 19 13 -1.5 3 19 14 0.25 5 19 15 2.0 2 19 16 -0.5 4 19 17 1.25 1 19 18 -1.25 3 19 19 0.5 5 19 20 -2.0 2 19 21 -0.25 4 19 22 1.5 1 19 23 -1.0 3 19 24 0.75 5 19 25 -1.75 2 19 26 0.0 4 19 27 1.75 1 20 1 -0.5 5 20 2 1.25 2 20 3 -1.25 4 20 4 0.5 1 20 5 -2.0 3 20 6 -0.25 5 20 7 1.5 2 20 8 -1.0 4 20 9 0.75 1 20 10 -1.75 3 20 11 0.0 5 20 12 1.75 2 20 13 -0.75 4 20 14 1.0 1 20 15 -1.5 3 20 16 0.25 5 20 17 2.0 2 20 18 -0.5 4 20 19 1.25 1 20 20 -1.25 3 20 21 0.5 5 20 22 -2.0 2 20 23 -0.25 4 20 24 1.5 1 20 25 -1.0 3 20 26 0.75 5 20 27 -1.75 2 21 1 0.25 1 21 2 2.0 3 21 3 -0.5 5 21 4 1.25 2 21 5 -1.25 4 21 6 0.5 1 21 7 -2.0 3 21 8 -0.25 5 21 9 1.5 2 21 10 -1.0 4 21 11 0.75 1 21 12 -1.75 3 21 13 0.0 5 21 14 1.75 2 21 15 -0.75 4 21 16 1.0 1 21 17 -1.5 3 21 18 0.25 5 21 19 2.0 2 21 20 -0.5 4 21 21 1.25 1 21 22 -1.25 3 21 23 0.5 5 21 24 -2.0 2 21 25 -0.25 4 21 26 1.5 1 21 27 -1.0 3 22 1 1.0 2 22 2 -1.5 4 22 3 0.25 1 22 4 2.0 3 22 5 -0.5 5 22 6 1.25 2 22 7 -1.25 4 22 8 0.5 1 22 9 -2.0 3 22 10 -0.25 5 22 11 1.5 2 22 12 -1.0 4 22 13 0.75 1 22 14 -1.75 3 22 15 0.0 5 22 16 1.75 2 22 17 -0.75 4 22 18 1.0 1 22 19 -1.5 3 22 20 0.25 5 22 21 2.0 2 22 22 -0.5 4 22 23 1.25 1 22 24 -1.25 3 22 25 0.5 5 22 26 -2.0 2 22 27 -0.25 4 23 1 1.75 3 23 2 -0.75 5 23 3 1.0 2 23 4 -1.5 4 23 5 0.25 1 23 6 2.0 3 23 7 -0.5 5 23 8 1.25 2 23 9 -1.25 4 23 10 0.5 1 23 11 -2.0 3 23 12 -0.25 5 23 13 1.5 2 23 14 -1.0 4 23 15 0.75 1 23 16 -1.75 3 23 17 0.0 5 23 18 1.75 2 23 19 -0.75 4 23 20 1.0 1 23 21 -1.5 3 23 22 0.25 5 23 23 2.0 2 23 24 -0.5 4 23 25 1.25 1 23 26 -1.25 3 23 27 0.5 5 24 1 -1.75 4 24 2 0.0 1 24 3 1.75 3 24 4 -0.75 5 24 5 1.0 2 24 6 -1.5 4 24 7 0.25 1 24 8 2.0 3 24 9 -0.5 5 24 10 1.25 2 24 11 -1.25 4 24 12 0.5 1 24 13 -2.0 3 24 14 -0.25 5 24 15 1.5 2 24 16 -1.0 4 24 17 0.75 1 24 18 -1.75 3 24 19 0.0 5 24 20 1.75 2 24 21 -0.75 4 24 22 1.0 1 24 23 -1.5 3 24 24 0.25 5 24 25 2.0 2 24 26 -0.5 4 24 27 1.25 1 25 1 -1.0 5 25 2 0.75 2 25 3 -1.75 4 25 4 0.0 1 25 5 1.75 3 25 6 -0.75 5 25 7 1.0 2 25 8 -1.5 4 25 9 0.25 1 25 10 2.0 3 25 11 -0.5 5 25 12 1.25 2 25 13 -1.25 4 25 14 0.5 1 25 15 -2.0 3 25 16 -0.25 5 25 17 1.5 2 25 18 -1.0 4 25 19 0.75 1 25 20 -1.75 3 25 21 0.0 5 25 22 1.75 2 25 23 -0.75 4 25 24 1.0 1 25 25 -1.5 3 25 26 0.25 5 25 27 2.0 2 0.0 1 1.0 24 3.0 1 0.0 1 1.0 1 2.0 1 3.0 1 4.0 1 5.0 1 6.0 1 7.0 1 8.0 1 9.0 1 10.0 1 11.0 1 12.0 1 13.0 1 14.0 1 15.0 1 16.0 1 17.0 1 18.0 1 19.0 1 20.0 1 21.0 1 22.0 1 23.0 1 24.0 1 25.0 1 26.0 1 27.0 1 28.0 1 29.0 1 30.0 1 31.0 1 32.0 1 33.0 1 34.0 1 35.0 1 36.0 1 37.0 1 38.0 1 39.0 1 40.0 1 41.0 1 42.0 1 43.0 1 44.0 1 45.0 1 46.0 1 47.0 1 48.0 1 49.0 1 50.0 1 51.0 1 D B 25 24
periodic_unclamped_p24_24_q25_25_r1 24 24 25 27 3 52 1 0 1 1 1 -2.0 1 1 2 -0.25 3 1 3 1.5 5 1 4 -1.0 2 1 5 0.75 4 1 6 -1.75 1 1 7 0.0 3 1 8 1.75 5 1 9 -0.75 2 1 10 1.0 4 1 11 -1.5 1 1 12 0.25 3 1 13 2.0 5 1 14 -0.5 2 1 15 1.25 4 1 16 -1.25 1 1 17 0.5 3 1 18 -2.0 5 1 19 -0.25 2 1 20 1.5 4 1 21 -1.0 1 1 22 0.75 3 1 23 -1.75 5 1 24 0.0 2 1 25 1.75 4 1 26 -0.75 1 1 27 1.0 3 2 1 -1.25 2 2 2 0.5 4 2 3 -2.0 1 2 4 -0.25 3 2 5 1.5 5 2 6 -1.0 2 2 7 0.75 4 2 8 -1.75 1 2 9 0.0 3 2 10 1.75 5 2 11 -0.75 2 2 12 1.0 4 2 13 -1.5 1 2 14 0.25 3 2 15 2.0 5 2 16 -0.5 2 2 17 1.25 4 2 18 -1.25 1 2 19 0.5 3 2 20 -2.0 5 2 21 -0.25 2 2 22 1.5 4 2 23 -1.0 1 2 24 0.75 3 2 25 -1.75 5 2 26 0.0 2 2 27 1.75 4 3 1 -0.5 3 3 2 1.25 5 3 3 -1.25 2 3 4 0.5 4 3 5 -2.0 1 3 6 -0.25 3 3 7 1.5 5 3 8 -1.0 2 3 9 0.75 4 3 10 -1.75 1 3 11 0.0 3 3 12 1.75 5 3 13 -0.75 2 3 14 1.0 4 3 15 -1.5 1 3 16 0.25 3 3 17 2.0 5 3 18 -0.5 2 3 19 1.25 4 3 20 -1.25 1 3 21 0.5 3 3 22 -2.0 5 3 23 -0.25 2 3 24 1.5 4 3 25 -1.0 1 3 26 0.75 3 3 27 -1.75 5 4 1 0.25 4 4 2 2.0 1 4 3 -0.5 3 4 4 1.25 5 4 5 -1.25 2 4 6 0.5 4 4 7 -2.0 1 4 8 -0.25 3 4 9 1.5 5 4 10 -1.0 2 4 11 0.75 4 4 12 -1.75 1 4 13 0.0 3 4 14 1.75 5 4 15 -0.75 2 4 16 1.0 4 4 17 -1.5 1 4 18 0.25 3 4 19 2.0 5 4 20 -0.5 2 4 21 1.25 4 4 22 -1.25 1 4 23 0.5 3 4 24 -2.0 5 4 25 -0.25 2 4 26 1.5 4 4 27 -1.0 1 5 1 1.0 5 5 2 -1.5 2 5 3 0.25 4 5 4 2.0 1 5 5 -0.5 3 5 6 1.25 5 5 7 -1.25 2 5 8 0.5 4 5 9 -2.0 1 5 10 -0.25 3 5 11 1.5 5 5 12 -1.0 2 5 13 0.75 4 5 14 -1.75 1 5 15 0.0 3 5 16 1.75 5 5 17 -0.75 2 5 18 1.0 4 5 19 -1.5 1 5 20 0.25 3 5 21 2.0 5 5 22 -0.5 2 5 23 1.25 4 5 24 -1.25 1 5 25 0.5 3 5 26 -2.0 5 5 27 -0.25 2 6 1 1.75 1 6 2 -0.75 3 6 3 1.0 5 6 4 -1.5 2 6 5 0.25 4 6 6 2.0 1 6 7 -0.5 3 6 8 1.25 5 6 9 -1.25 2 6 10 0.5 4 6 11 -2.0 1 6 12 -0.25 3 6 13 1.5 5 6 14 -1.0 2 6 15 0.75 4 6 16 -1.75 1 6 17 0.0 3 6 18 1.75 5 6 19 -0.75 2 6 20 1.0 4 6 21 -1.5 1 6 22 0.25 3 6 23 2.0 5 6 24 -0.5 2 6 25 1.25 4 6 26 -1.25 1 6 27 0.5 3 7 1 -1.75 2 7 2 0.0 4 7 3 1.75 1 7 4 -0.75 3 7 5 1.0 5 7 6 -1.5 2 7 7 0.25 4 7 8 2.0 1 7 9 -0.5 3 7 10 1.25 5 7 11 -1.25 2 7 12 0.5 4 7 13 -2.0 1 7 14 -0.25 3 7 15 1.5 5 7 16 -1.0 2 7 17 0.75 4 7 18 -1.75 1 7 19 0.0 3 7 20 1.75 5 7 21 -0.75 2 7 22 1.0 4 7 23 -1.5 1 7 24 0.25 3 7 25 2.0 5 7 26 -0.5 2 7 27 1.25 4 8 1 -1.0 3 8 2 0.75 5 8 3 -1.75 2 8 4 0.0 4 8 5 1.75 1 8 6 -0.75 3 8 7 1.0 5 8 8 -1.5 2 8 9 0.25 4 8 10 2.0 1 8 11 -0.5 3 8 12 1.25 5 8 13 -1.25 2 8 14 0.5 4 8 15 -2.0 1 8 16 -0.25 3 8 17 1.5 5 8 18 -1.0 2 8 19 0.75 4 8 20 -1.75 1 8 21 0.0 3 8 22 1.75 5 8 23 -0.75 2 8 24 1.0 4 8 25 -1.5 1 8 26 0.25 3 8 27 2.0 5 9 1 -0.25 4 9 2 1.5 1 9 3 -1.0 3 9 4 0.75 5 9 5 -1.75 2 9 6 0.0 4 9 7 1.75 1 9 8 -0.75 3 9 9 1.0 5 9 10 -1.5 2 9 11 0.25 4 9 12 2.0 1 9 13 -0.5 3 9 14 1.25 5 9 15 -1.25 2 9 16 0.5 4 9 17 -2.0 1 9 18 -0.25 3 9 19 1.5 5 9 20 -1.0 2 9 21 0.75 4 9 22 -1.75 1 9 23 0.0 3 9 24 1.75 5 9 25 -0.75 2 9 26 1.0 4 9 27 -1.5 1 10 1 0.5 5 10 2 -2.0 2 10 3 -0.25 4 10 4 1.5 1 10 5 -1.0 3 10 6 0.75 5 10 7 -1.75 2 10 8 0.0 4 10 9 1.75 1 10 10 -0.75 3 10 11 1.0 5 10 12 -1.5 2 10 13 0.25 4 10 14 2.0 1 10 15 -0.5 3 10 16 1.25 5 10 17 -1.25 2 10 18 0.5 4 10 19 -2.0 1 10 20 -0.25 3 10 21 1.5 5 10 22 -1.0 2 10 23 0.75 4 10 24 -1.75 1 10 25 0.0 3 10 26 1.75 5 10 27 -0.75 2 11 1 1.25 1 11 2 -1.25 3 11 3 0.5 5 11 4 -2.0 2 11 5 -0.25 4 11 6 1.5 1 11 7 -1.0 3 11 8 0.75 5 11 9 -1.75 2 11 10 0.0 4 11 11 1.75 1 11 12 -0.75 3 11 13 1.0 5 11 14 -1.5 2 11 15 0.25 4 11 16 2.0 1 11 17 -0.5 3 11 18 1.25 5 11 19 -1.25 2 11 20 0.5 4 11 21 -2.0 1 11 22 -0.25 3 11 23 1.5 5 11 24 -1.0 2 11 25 0.75 4 11 26 -1.75 1 11 27 0.0 3 12 1 2.0 2 12 2 -0.5 4 12 3 1.25 1 12 4 -1.25 3 12 5 0.5 5 12 6 -2.0 2 12 7 -0.25 4 12 8 1.5 1 12 9 -1.0 3 12 10 0.75 5 12 11 -1.75 2 12 12 0.0 4 12 13 1.75 1 12 14 -0.75 3 12 15 1.0 5 12 16 -1.5 2 12 17 0.25 4 12 18 2.0 1 12 19 -0.5 3 12 20 1.25 5 12 21 -1.25 2 12 22 0.5 4 12 23 -2.0 1 12 24 -0.25 3 12 25 1.5 5 12 26 -1.0 2 12 27 0.75 4 13 1 -1.5 3 13 2 0.25 5 13 3 2.0 2 13 4 -0.5 4 13 5 1.25 1 13 6 -1.25 3 13 7 0.5 5 13 8 -2.0 2 13 9 -0.25 4 13 10 1.5 1 13 11 -1.0 3 13 12 0.75 5 13 13 -1.75 2 13 14 0.0 4 13 15 1.75 1 13 16 -0.75 3 13 17 1.0 5 13 18 -1.5 2 13 19 0.25 4 13 20 2.0 1 13 21 -0.5 3 13 22 1.25 5 13 23 -1.25 2 13 24 0.5 4 13 25 -2.0 1 13 26 -0.25 3 13 27 1.5 5 14 1 -0.75 4 14 2 1.0 1 14 3 -1.5 3 14 4 0.25 5 14 5 2.0 2 14 6 -0.5 4 14 7 1.25 1 14 8 -1.25 3 14 9 0.5 5 14 10 -2.0 2 14 11 -0.25 4 14 12 1.5 1 14 13 -1.0 3 14 14 0.75 5 14 15 -1.75 2 14 16 0.0 4 14 17 1.75 1 14 18 -0.75 3 14 19 1.0 5 14 20 -1.5 2 14 21 0.25 4 14 22 2.0 1 14 23 -0.5 3 14 24 1.25 5 14 25 -1.25 2 14 26 0.5 4 14 27 -2.0 1 15 1 0.0 5 15 2 1.75 2 15 3 -0.75 4 15 4 1.0 1 15 5 -1.5 3 15 6 0.25 5 15 7 2.0 2 15 8 -0.5 4 15 9 1.25 1 15 10 -1.25 3 15 11 0.5 5 15 12 -2.0 2 15 13 -0.25 4 15 14 1.5 1 15 15 -1.0 3 15 16 0.75 5 15 17 -1.75 2 15 18 0.0 4 15 19 1.75 1 15 20 -0.75 3 15 21 1.0 5 15 22 -1.5 2 15 23 0.25 4 15 24 2.0 1 15 25 -0.5 3 15 26 1.25 5 15 27 -1.25 2 16 1 0.75 1 16 2 -1.75 3 16 3 0.0 5 16 4 1.75 2 16 5 -0.75 4 16 6 1.0 1 16 7 -1.5 3 16 8 0.25 5 16 9 2.0 2 16 10 -0.5 4 16 11 1.25 1 16 12 -1.25 3 16 13 0.5 5 16 14 -2.0 2 16 15 -0.25 4 16 16 1.5 1 16 17 -1.0 3 16 18 0.75 5 16 19 -1.75 2 16 20 0.0 4 16 21 1.75 1 16 22 -0.75 3 16 23 1.0 5 16 24 -1.5 2 16 25 0.25 4 16 26 2.0 1 16 27 -0.5 3 17 1 1.5 2 17 2 -1.0 4 17 3 0.75 1 17 4 -1.75 3 17 5 0.0 5 17 6 1.75 2 17 7 -0.75 4 17 8 1.0 1 17 9 -1.5 3 17 10 0.25 5 17 11 2.0 2 17 12 -0.5 4 17 13 1.25 1 17 14 -1.25 3 17 15 0.5 5 17 16 -2.0 2 17 17 -0.25 4 17 18 1.5 1 17 19 -1.0 3 17 20 0.75 5 17 21 -1.75 2 17 22 0.0 4 17 23 1.75 1 17 24 -0.75 3 17 25 1.0 5 17 26 -1.5 2 17 27 0.25 4 18 1 -2.0 3 18 2 -0.25 5 18 3 1.5 2 18 4 -1.0 4 18 5 0.75 1 18 6 -1.75 3 18 7 0.0 5 18 8 1.75 2 18 9 -0.75 4 18 10 1.0 1 18 11 -1.5 3 18 12 0.25 5 18 13 2.0 2 18 14 -0.5 4 18 15 1.25 1 18 16 -1.25 3 18 17 0.5 5 18 18 -2.0 2 18 19 -0.25 4 18 20 1.5 1 18 21 -1.0 3 18 22 0.75 5 18 23 -1.75 2 18 24 0.0 4 18 25 1.75 1 18 26 -0.75 3 18 27 1.0 5 19 1 -1.25 4 19 2 0.5 1 19 3 -2.0 3 19 4 -0.25 5 19 5 1.5 2 19 6 -1.0 4 19 7 0.75 1 19 8 -1.75 3 19 9 0.0 5 19 10 1.75 2 19 11 -0.75 4 19 12 1.0 1 19 13 -1.5 3 19 14 0.25 5 19 15 2.0 2 19 16 -0.5 4 19 17 1.25 1 19 18 -1.25 3 19 19 0.5 5 19 20 -2.0 2 19 21 -0.25 4 19 22 1.5 1 19 23 -1.0 3 19 24 0.75 5 19 25 -1.75 2 19 26 0.0 4 19 27 1.75 1 20 1 -0.5 5 20 2 1.25 2 20 3 -1.25 4 20 4 0.5 1 20 5 -2.0 3 20 6 -0.25 5 20 7 1.5 2 20 8 -1.0 4 20 9 0.75 1 20 10 -1.75 3 20 11 0.0 5 20 12 1.75 2 20 13 -0.75 4 20 14 1.0 1 20 15 -1.5 3 20 16 0.25 5 20 17 2.0 2 20 18 -0.5 4 20 19 1.25 1 20 20 -1.25 3 20 21 0.5 5 20 22 -2.0 2 20 23 -0.25 4 20 24 1.5 1 20 25 -1.0 3 20 26 0.75 5 20 27 -1.75 2 21 1 0.25 1 21 2 2.0 3 21 3 -0.5 5 21 4 1.25 2 21 5 -1.25 4 21 6 0.5 1 21 7 -2.0 3 21 8 -0.25 5 21 9 1.5 2 21 10 -1.0 4 21 11 0.75 1 21 12 -1.75 3 21 13 0.0 5 21 14 1.75 2 21 15 -0.75 4 21 16 1.0 1 21 17 -1.5 3 21 18 0.25 5 21 19 2.0 2 21 20 -0.5 4 21 21 1.25 1 21 22 -1.25 3 21 23 0.5 5 21 24 -2.0 2 21 25 -0.25 4 21 26 1.5 1 21 27 -1.0 3 22 1 1.0 2 22 2 -1.5 4 22 3 0.25 1 22 4 2.0 3 22 5 -0.5 5 22 6 1.25 2 22 7 -1.25 4 22 8 0.5 1 22 9 -2.0 3 22 10 -0.25 5 22 11 1.5 2 22 12 -1.0 4 22 13 0.75 1 22 14 -1.75 3 22 15 0.0 5 22 16 1.75 2 22 17 -0.75 4 22 18 1.0 1 22 19 -1.5 3 22 20 0.25 5 22 21 2.0 2 22 22 -0.5 4 22 23 1.25 1 22 24 -1.25 3 22 25 0.5 5 22 26 -2.0 2 22 27 -0.25 4 23 1 1.75 3 23 2 -0.75 5 23 3 1.0 2 23 4 -1.5 4 23 5 0.25 1 23 6 2.0 3 23 7 -0.5 5 23 8 1.25 2 23 9 -1.25 4 23 10 0.5 1 23 11 -2.0 3 23 12 -0.25 5 23 13 1.5 2 23 14 -1.0 4 23 15 0.75 1 23 16 -1.75 3 23 17 0.0 5 23 18 1.75 2 23 19 -0.75 4 23 20 1.0 1 23 21 -1.5 3 23 22 0.25 5 23 23 2.0 2 23 24 -0.5 4 23 25 1.25 1 23 26 -1.25 3 23 27 0.5 5 24 1 -1.75 4 24 2 0.0 1 24 3 1.75 3 24 4 -0.75 5 24 5 1.0 2 24 6 -1.5 4 24 7 0.25 1 24 8 2.0 3 24 9 -0.5 5 24 10 1.25 2 24 11 -1.25 4 24 12 0.5 1 24 13 -2.0 3 24 14 -0.25 5 24 15 1.5 2 24 16 -1.0 4 24 17 0.75 1 24 18 -1.75 3 24 19 0.0 5 24 20 1.75 2 24 21 -0.75 4 24 22 1.0 1 24 23 -1.5 3 24 24 0.25 5 24 25 2.0 2 24 26 -0.5 4 24 27 1.25 1 25 1 -1.0 5 25 2 0.75 2 25 3 -1.75 4 25 4 0.0 1 25 5 1.75 3 25 6 -0.75 5 25 7 1.0 2 25 8 -1.5 4 25 9 0.25 1 25 10 2.0 3 25 11 -0.5 5 25 12 1.25 2 25 13 -1.25 4 25 14 0.5 1 25 15 -2.0 3 25 16 -0.25 5 25 17 1.5 2 25 18 -1.0 4 25 19 0.75 1 25 20 -1.75 3 25 21 0.0 5 25 22 1.75 2 25 23 -0.75 4 25 24 1.0 1 25 25 -1.5 3 25 26 0.25 5 25 27 2.0 2 0.0 1 1.0 24 3.0 1 0.0 1 1.0 1 2.0 1 3.0 1 4.0 1 5.0 1 6.0 1 7.0 1 8.0 1 9.0 1 10.0 1 11.0 1 12.0 1 13.0 1 14.0 1 15.0 1 16.0 1 17.0 1 18.0 1 19.0 1 20.0 1 21.0 1 22.0 1 23.0 1 24.0 1 25.0 1 26.0 1 27.0 1 28.0 1 29.0 1 30.0 1 31.0 1 32.0 1 33.0 1 34.0 1 35.0 1 36.0 1 37.0 1 38.0 1 39.0 1 40.0 1 41.0 1 42.0 1 43.0 1 44.0 1 45.0 1 46.0 1 47.0 1 48.0 1 49.0 1 50.0 1 51.0 1 D B 25 25
uniform_periodic_periodic_p24_24_q24_24_r0 24 24 27 25 28 3 1 1 1 1 1 -2.0 1 1 2 -0.25 1 1 3 1.5 1 1 4 -1.0 1 1 5 0.75 1 1 6 -1.75 1 1 7 0.0 1 1 8 1.75 1 1 9 -0.75 1 1 10 1.0 1 1 11 -1.5 1 1 12 0.25 1 1 13 2.0 1 1 14 -0.5 1 1 15 1.25 1 1 16 -1.25 1 1 17 0.5 1 1 18 -2.0 1 1 19 -0.25 1 1 20 1.5 1 1 21 -1.0 1 1 22 0.75 1 1 23 -1.75 1 1 24 0.0 1 1 25 1.75 1 2 1 -1.25 1 2 2 0.5 1 2 3 -2.0 1 2 4 -0.25 1 2 5 1.5 1 2 6 -1.0 1 2 7 0.75 1 2 8 -1.75 1 2 9 0.0 1 2 10 1.75 1 2 11 -0.75 1 2 12 1.0 1 2 13 -1.5 1 2 14 0.25 1 2 15 2.0 1 2 16 -0.5 1 2 17 1.25 1 2 18 -1.25 1 2 19 0.5 1 2 20 -2.0 1 2 21 -0.25 1 2 22 1.5 1 2 23 -1.0 1 2 24 0.75 1 2 25 -1.75 1 3 1 -0.5 1 3 2 1.25 1 3 3 -1.25 1 3 4 0.5 1 3 5 -2.0 1 3 6 -0.25 1 3 7 1.5 1 3 8 -1.0 1 3 9 0.75 1 3 10 -1.75 1 3 11 0.0 1 3 12 1.75 1 3 13 -0.75 1 3 14 1.0 1 3 15 -1.5 1 3 16 0.25 1 3 17 2.0 1 3 18 -0.5 1 3 19 1.25 1 3 20 -1.25 1 3 21 0.5 1 3 22 -2.0 1 3 23 -0.25 1 3 24 1.5 1 3 25 -1.0 1 4 1 0.25 1 4 2 2.0 1 4 3 -0.5 1 4 4 1.25 1 4 5 -1.25 1 4 6 0.5 1 4 7 -2.0 1 4 8 -0.25 1 4 9 1.5 1 4 10 -1.0 1 4 11 0.75 1 4 12 -1.75 1 4 13 0.0 1 4 14 1.75 1 4 15 -0.75 1 4 16 1.0 1 4 17 -1.5 1 4 18 0.25 1 4 19 2.0 1 4 20 -0.5 1 4 21 1.25 1 4 22 -1.25 1 4 23 0.5 1 4 24 -2.0 1 4 25 -0.25 1 5 1 1.0 1 5 2 -1.5 1 5 3 0.25 1 5 4 2.0 1 5 5 -0.5 1 5 6 1.25 1 5 7 -1.25 1 5 8 0.5 1 5 9 -2.0 1 5 10 -0.25 1 5 11 1.5 1 5 12 -1.0 1 5 13 0.75 1 5 14 -1.75 1 5 15 0.0 1 5 16 1.75 1 5 17 -0.75 1 5 18 1.0 1 5 19 -1.5 1 5 20 0.25 1 5 21 2.0 1 5 22 -0.5 1 5 23 1.25 1 5 24 -1.25 1 5 25 0.5 1 6 1 1.75 1 6 2 -0.75 1 6 3 1.0 1 6 4 -1.5 1 6 5 0.25 1 6 6 2.0 1 6 7 -0.5 1 6 8 1.25 1 6 9 -1.25 1 6 10 0.5 1 6 11 -2.0 1 6 12 -0.25 1 6 13 1.5 1 6 14 -1.0 1 6 15 0.75 1 6 16 -1.75 1 6 17 0.0 1 6 18 1.75 1 6 19 -0.75 1 6 20 1.0 1 6 21 -1.5 1 6 22 0.25 1 6 23 2.0 1 6 24 -0.5 1 6 25 1.25 1 7 1 -1.75 1 7 2 0.0 1 7 3 1.75 1 7 4 -0.75 1 7 5 1.0 1 7 6 -1.5 1 7 7 0.25 1 7 8 2.0 1 7 9 -0.5 1 7 10 1.25 1 7 11 -1.25 1 7 12 0.5 1 7 13 -2.0 1 7 14 -0.25 1 7 15 1.5 1 7 16 -1.0 1 7 17 0.75 1 7 18 -1.75 1 7 19 0.0 1 7 20 1.75 1 7 21 -0.75 1 7 22 1.0 1 7 23 -1.5 1 7 24 0.25 1 7 25 2.0 1 8 1 -1.0 1 8 2 0.75 1 8 3 -1.75 1 8 4 0.0 1 8 5 1.75 1 8 6 -0.75 1 8 7 1.0 1 8 8 -1.5 1 8 9 0.25 1 8 10 2.0 1 8 11 -0.5 1 8 12 1.25 1 8 13 -1.25 1 8 14 0.5 1 8 15 -2.0 1 8 16 -0.25 1 8 17 1.5 1 8 18 -1.0 1 8 19 0.75 1 8 20 -1.75 1 8 21 0.0 1 8 22 1.75 1 8 23 -0.75 1 8 24 1.0 1 8 25 -1.5 1 9 1 -0.25 1 9 2 1.5 1 9 3 -1.0 1 9 4 0.75 1 9 5 -1.75 1 9 6 0.0 1 9 7 1.75 1 9 8 -0.75 1 9 9 1.0 1 9 10 -1.5 1 9 11 0.25 1 9 12 2.0 1 9 13 -0.5 1 9 14 1.25 1 9 15 -1.25 1 9 16 0.5 1 9 17 -2.0 1 9 18 -0.25 1 9 19 1.5 1 9 20 -1.0 1 9 21 0.75 1 9 22 -1.75 1 9 23 0.0 1 9 24 1.75 1 9 25 -0.75 1 10 1 0.5 1 10 2 -2.0 1 10 3 -0.25 1 10 4 1.5 1 10 5 -1.0 1 10 6 0.75 1 10 7 -1.75 1 10 8 0.0 1 10 9 1.75 1 10 10 -0.75 1 10 11 1.0 1 10 12 -1.5 1 10 13 0.25 1 10 14 2.0 1 10 15 -0.5 1 10 16 1.25 1 10 17 -1.25 1 10 18 0.5 1 10 19 -2.0 1 10 20 -0.25 1 10 21 1.5 1 10 22 -1.0 1 10 23 0.75 1 10 24 -1.75 1 10 25 0.0 1 11 1 1.25 1 11 2 -1.25 1 11 3 0.5 1 11 4 -2.0 1 11 5 -0.25 1 11 6 1.5 1 11 7 -1.0 1 11 8 0.75 1 11 9 -1.75 1 11 10 0.0 1 11 11 1.75 1 11 12 -0.75 1 11 13 1.0 1 11 14 -1.5 1 11 15 0.25 1 11 16 2.0 1 11 17 -0.5 1 11 18 1.25 1 11 19 -1.25 1 11 20 0.5 1 11 21 -2.0 1 11 22 -0.25 1 11 23 1.5 1 11 24 -1.0 1 11 25 0.75 1 12 1 2.0 1 12 2 -0.5 1 12 3 1.25 1 12 4 -1.25 1 12 5 0.5 1 12 6 -2.0 1 12 7 -0.25 1 12 8 1.5 1 12 9 -1.0 1 12 10 0.75 1 12 11 -1.75 1 12 12 0.0 1 12 13 1.75 1 12 14 -0.75 1 12 15 1.0 1 12 16 -1.5 1 12 17 0.25 1 12 18 2.0 1 12 19 -0.5 1 12 20 1.25 1 12 21 -1.25 1 12 22 0.5 1 12 23 -2.0 1 12 24 -0.25 1 12 25 1.5 1 13 1 -1.5 1 13 2 0.25 1 13 3 2.0 1 13 4 -0.5 1 13 5 1.25 1 13 6 -1.25 1 13 7 0.5 1 13 8 -2.0 1 13 9 -0.25 1 13 10 1.5 1 13 11 -1.0 1 13 12 0.75 1 13 13 -1.75 1 13 14 0.0 1 13 15 1.75 1 13 16 -0.75 1 13 17 1.0 1 13 18 -1.5 1 13 19 0.25 1 13 20 2.0 1 13 21 -0.5 1 13 22 1.25 1 13 23 -1.25 1 13 24 0.5 1 13 25 -2.0 1 14 1 -0.75 1 14 2 1.0 1 14 3 -1.5 1 14 4 0.25 1 14 5 2.0 1 14 6 -0.5 1 14 7 1.25 1 14 8 -1.25 1 14 9 0.5 1 14 10 -2.0 1 14 11 -0.25 1 14 12 1.5 1 14 13 -1.0 1 14 14 0.75 1 14 15 -1.75 1 14 16 0.0 1 14 17 1.75 1 14 18 -0.75 1 14 19 1.0 1 14 20 -1.5 1 14 21 0.25 1 14 22 2.0 1 14 23 -0.5 1 14 24 1.25 1 14 25 -1.25 1 15 1 0.0 1 15 2 1.75 1 15 3 -0.75 1 15 4 1.0 1 15 5 -1.5 1 15 6 0.25 1 15 7 2.0 1 15 8 -0.5 1 15 9 1.25 1 15 10 -1.25 1 15 11 0.5 1 15 12 -2.0 1 15 13 -0.25 1 15 14 1.5 1 15 15 -1.0 1 15 16 0.75 1 15 17 -1.75 1 15 18 0.0 1 15 19 1.75 1 15 20 -0.75 1 15 21 1.0 1 15 22 -1.5 1 15 23 0.25 1 15 24 2.0 1 15 25 -0.5 1 16 1 0.75 1 16 2 -1.75 1 16 3 0.0 1 16 4 1.75 1 16 5 -0.75 1 16 6 1.0 1 16 7 -1.5 1 16 8 0.25 1 16 9 2.0 1 16 10 -0.5 1 16 11 1.25 1 16 12 -1.25 1 16 13 0.5 1 16 14 -2.0 1 16 15 -0.25 1 16 16 1.5 1 16 17 -1.0 1 16 18 0.75 1 16 19 -1.75 1 16 20 0.0 1 16 21 1.75 1 16 22 -0.75 1 16 23 1.0 1 16 24 -1.5 1 16 25 0.25 1 17 1 1.5 1 17 2 -1.0 1 17 3 0.75 1 17 4 -1.75 1 17 5 0.0 1 17 6 1.75 1 17 7 -0.75 1 17 8 1.0 1 17 9 -1.5 1 17 10 0.25 1 17 11 2.0 1 17 12 -0.5 1 17 13 1.25 1 17 14 -1.25 1 17 15 0.5 1 17 16 -2.0 1 17 17 -0.25 1 17 18 1.5 1 17 19 -1.0 1 17 20 0.75 1 17 21 -1.75 1 17 22 0.0 1 17 23 1.75 1 17 24 -0.75 1 17 25 1.0 1 18 1 -2.0 1 18 2 -0.25 1 18 3 1.5 1 18 4 -1.0 1 18 5 0.75 1 18 6 -1.75 1 18 7 0.0 1 18 8 1.75 1 18 9 -0.75 1 18 10 1.0 1 18 11 -1.5 1 18 12 0.25 1 18 13 2.0 1 18 14 -0.5 1 18 15 1.25 1 18 16 -1.25 1 18 17 0.5 1 18 18 -2.0 1 18 19 -0.25 1 18 20 1.5 1 18 21 -1.0 1 18 22 0.75 1 18 23 -1.75 1 18 24 0.0 1 18 25 1.75 1 19 1 -1.25 1 19 2 0.5 1 19 3 -2.0 1 19 4 -0.25 1 19 5 1.5 1 19 6 -1.0 1 19 7 0.75 1 19 8 -1.75 1 19 9 0.0 1 19 10 1.75 1 19 11 -0.75 1 19 12 1.0 1 19 13 -1.5 1 19 14 0.25 1 19 15 2.0 1 19 16 -0.5 1 19 17 1.25 1 19 18 -1.25 1 19 19 0.5 1 19 20 -2.0 1 19 21 -0.25 1 19 22 1.5 1 19 23 -1.0 1 19 24 0.75 1 19 25 -1.75 1 20 1 -0.5 1 20 2 1.25 1 20 3 -1.25 1 20 4 0.5 1 20 5 -2.0 1 20 6 -0.25 1 20 7 1.5 1 20 8 -1.0 1 20 9 0.75 1 20 10 -1.75 1 20 11 0.0 1 20 12 1.75 1 20 13 -0.75 1 20 14 1.0 1 20 15 -1.5 1 20 16 0.25 1 20 17 2.0 1 20 18 -0.5 1 20 19 1.25 1 20 20 -1.25 1 20 21 0.5 1 20 22 -2.0 1 20 23 -0.25 1 20 24 1.5 1 20 25 -1.0 1 21 1 0.25 1 21 2 2.0 1 21 3 -0.5 1 21 4 1.25 1 21 5 -1.25 1 21 6 0.5 1 21 7 -2.0 1 21 8 -0.25 1 21 9 1.5 1 21 10 -1.0 1 21 11 0.75 1 21 12 -1.75 1 21 13 0.0 1 21 14 1.75 1 21 15 -0.75 1 21 16 1.0 1 21 17 -1.5 1 21 18 0.25 1 21 19 2.0 1 21 20 -0.5 1 21 21 1.25 1 21 22 -1.25 1 21 23 0.5 1 21 24 -2.0 1 21 25 -0.25 1 22 1 1.0 1 22 2 -1.5 1 22 3 0.25 1 22 4 2.0 1 22 5 -0.5 1 22 6 1.25 1 22 7 -1.25 1 22 8 0.5 1 22 9 -2.0 1 22 10 -0.25 1 22 11 1.5 1 22 12 -1.0 1 22 13 0.75 1 22 14 -1.75 1 22 15 0.0 1 22 16 1.75 1 22 17 -0.75 1 22 18 1.0 1 22 19 -1.5 1 22 20 0.25 1 22 21 2.0 1 22 22 -0.5 1 22 23 1.25 1 22 24 -1.25 1 22 25 0.5 1 23 1 1.75 1 23 2 -0.75 1 23 3 1.0 1 23 4 -1.5 1 23 5 0.25 1 23 6 2.0 1 23 7 -0.5 1 23 8 1.25 1 23 9 -1.25 1 23 10 0.5 1 23 11 -2.0 1 23 12 -0.25 1 23 13 1.5 1 23 14 -1.0 1 23 15 0.75 1 23 16 -1.75 1 23 17 0.0 1 23 18 1.75 1 23 19 -0.75 1 23 20 1.0 1 23 21 -1.5 1 23 22 0.25 1 23 23 2.0 1 23 24 -0.5 1 23 25 1.25 1 24 1 -1.75 1 24 2 0.0 1 24 3 1.75 1 24 4 -0.75 1 24 5 1.0 1 24 6 -1.5 1 24 7 0.25 1 24 8 2.0 1 24 9 -0.5 1 24 10 1.25 1 24 11 -1.25 1 24 12 0.5 1 24 13 -2.0 1 24 14 -0.25 1 24 15 1.5 1 24 16 -1.0 1 24 17 0.75 1 24 18 -1.75 1 24 19 0.0 1 24 20 1.75 1 24 21 -0.75 1 24 22 1.0 1 24 23 -1.5 1 24 24 0.25 1 24 25 2.0 1 25 1 -1.0 1 25 2 0.75 1 25 3 -1.75 1 25 4 0.0 1 25 5 1.75 1 25 6 -0.75 1 25 7 1.0 1 25 8 -1.5 1 25 9 0.25 1 25 10 2.0 1 25 11 -0.5 1 25 12 1.25 1 25 13 -1.25 1 25 14 0.5 1 25 15 -2.0 1 25 16 -0.25 1 25 17 1.5 1 25 18 -1.0 1 25 19 0.75 1 25 20 -1.75 1 25 21 0.0 1 25 22 1.75 1 25 23 -0.75 1 25 24 1.0 1 25 25 -1.5 1 26 1 -0.25 1 26 2 1.5 1 26 3 -1.0 1 26 4 0.75 1 26 5 -1.75 1 26 6 0.0 1 26 7 1.75 1 26 8 -0.75 1 26 9 1.0 1 26 10 -1.5 1 26 11 0.25 1 26 12 2.0 1 26 13 -0.5 1 26 14 1.25 1 26 15 -1.25 1 26 16 0.5 1 26 17 -2.0 1 26 18 -0.25 1 26 19 1.5 1 26 20 -1.0 1 26 21 0.75 1 26 22 -1.75 1 26 23 0.0 1 26 24 1.75 1 26 25 -0.75 1 27 1 0.5 1 27 2 -2.0 1 27 3 -0.25 1 27 4 1.5 1 27 5 -1.0 1 27 6 0.75 1 27 7 -1.75 1 27 8 0.0 1 27 9 1.75 1 27 10 -0.75 1 27 11 1.0 1 27 12 -1.5 1 27 13 0.25 1 27 14 2.0 1 27 15 -0.5 1 27 16 1.25 1 27 17 -1.25 1 27 18 0.5 1 27 19 -2.0 1 27 20 -0.25 1 27 21 1.5 1 27 22 -1.0 1 27 23 0.75 1 27 24 -1.75 1 27 25 0.0 1 0.0 1 1.0 1 2.0 1 3.0 1 4.0 1 5.0 1 6.0 1 7.0 1 8.0 1 9.0 1 10.0 1 11.0 1 12.0 1 13.0 1 14.0 1 15.0 1 16.0 1 17.0 1 18.0 1 19.0 1 20.0 1 21.0 1 22.0 1 23.0 1 24.0 1 25.0 1 26.0 1 27.0 1 0.0 1 1.0 24 3.0 1 D B 24 24
uniform_periodic_periodic_p24_24_q24_25_r0 24 24 27 25 28 3 1 1 1 1 1 -2.0 1 1 2 -0.25 1 1 3 1.5 1 1 4 -1.0 1 1 5 0.75 1 1 6 -1.75 1 1 7 0.0 1 1 8 1.75 1 1 9 -0.75 1 1 10 1.0 1 1 11 -1.5 1 1 12 0.25 1 1 13 2.0 1 1 14 -0.5 1 1 15 1.25 1 1 16 -1.25 1 1 17 0.5 1 1 18 -2.0 1 1 19 -0.25 1 1 20 1.5 1 1 21 -1.0 1 1 22 0.75 1 1 23 -1.75 1 1 24 0.0 1 1 25 1.75 1 2 1 -1.25 1 2 2 0.5 1 2 3 -2.0 1 2 4 -0.25 1 2 5 1.5 1 2 6 -1.0 1 2 7 0.75 1 2 8 -1.75 1 2 9 0.0 1 2 10 1.75 1 2 11 -0.75 1 2 12 1.0 1 2 13 -1.5 1 2 14 0.25 1 2 15 2.0 1 2 16 -0.5 1 2 17 1.25 1 2 18 -1.25 1 2 19 0.5 1 2 20 -2.0 1 2 21 -0.25 1 2 22 1.5 1 2 23 -1.0 1 2 24 0.75 1 2 25 -1.75 1 3 1 -0.5 1 3 2 1.25 1 3 3 -1.25 1 3 4 0.5 1 3 5 -2.0 1 3 6 -0.25 1 3 7 1.5 1 3 8 -1.0 1 3 9 0.75 1 3 10 -1.75 1 3 11 0.0 1 3 12 1.75 1 3 13 -0.75 1 3 14 1.0 1 3 15 -1.5 1 3 16 0.25 1 3 17 2.0 1 3 18 -0.5 1 3 19 1.25 1 3 20 -1.25 1 3 21 0.5 1 3 22 -2.0 1 3 23 -0.25 1 3 24 1.5 1 3 25 -1.0 1 4 1 0.25 1 4 2 2.0 1 4 3 -0.5 1 4 4 1.25 1 4 5 -1.25 1 4 6 0.5 1 4 7 -2.0 1 4 8 -0.25 1 4 9 1.5 1 4 10 -1.0 1 4 11 0.75 1 4 12 -1.75 1 4 13 0.0 1 4 14 1.75 1 4 15 -0.75 1 4 16 1.0 1 4 17 -1.5 1 4 18 0.25 1 4 19 2.0 1 4 20 -0.5 1 4 21 1.25 1 4 22 -1.25 1 4 23 0.5 1 4 24 -2.0 1 4 25 -0.25 1 5 1 1.0 1 5 2 -1.5 1 5 3 0.25 1 5 4 2.0 1 5 5 -0.5 1 5 6 1.25 1 5 7 -1.25 1 5 8 0.5 1 5 9 -2.0 1 5 10 -0.25 1 5 11 1.5 1 5 12 -1.0 1 5 13 0.75 1 5 14 -1.75 1 5 15 0.0 1 5 16 1.75 1 5 17 -0.75 1 5 18 1.0 1 5 19 -1.5 1 5 20 0.25 1 5 21 2.0 1 5 22 -0.5 1 5 23 1.25 1 5 24 -1.25 1 5 25 0.5 1 6 1 1.75 1 6 2 -0.75 1 6 3 1.0 1 6 4 -1.5 1 6 5 0.25 1 6 6 2.0 1 6 7 -0.5 1 6 8 1.25 1 6 9 -1.25 1 6 10 0.5 1 6 11 -2.0 1 6 12 -0.25 1 6 13 1.5 1 6 14 -1.0 1 6 15 0.75 1 6 16 -1.75 1 6 17 0.0 1 6 18 1.75 1 6 19 -0.75 1 6 20 1.0 1 6 21 -1.5 1 6 22 0.25 1 6 23 2.0 1 6 24 -0.5 1 6 25 1.25 1 7 1 -1.75 1 7 2 0.0 1 7 3 1.75 1 7 4 -0.75 1 7 5 1.0 1 7 6 -1.5 1 7 7 0.25 1 7 8 2.0 1 7 9 -0.5 1 7 10 1.25 1 7 11 -1.25 1 7 12 0.5 1 7 13 -2.0 1 7 14 -0.25 1 7 15 1.5 1 7 16 -1.0 1 7 17 0.75 1 7 18 -1.75 1 7 19 0.0 1 7 20 1.75 1 7 21 -0.75 1 7 22 1.0 1 7 23 -1.5 1 7 24 0.25 1 7 25 2.0 1 8 1 -1.0 1 8 2 0.75 1 8 3 -1.75 1 8 4 0.0 1 8 5 1.75 1 8 6 -0.75 1 8 7 1.0 1 8 8 -1.5 1 8 9 0.25 1 8 10 2.0 1 8 11 -0.5 1 8 12 1.25 1 8 13 -1.25 1 8 14 0.5 1 8 15 -2.0 1 8 16 -0.25 1 8 17 1.5 1 8 18 -1.0 1 8 19 0.75 1 8 20 -1.75 1 8 21 0.0 1 8 22 1.75 1 8 23 -0.75 1 8 24 1.0 1 8 25 -1.5 1 9 1 -0.25 1 9 2 1.5 1 9 3 -1.0 1 9 4 0.75 1 9 5 -1.75 1 9 6 0.0 1 9 7 1.75 1 9 8 -0.75 1 9 9 1.0 1 9 10 -1.5 1 9 11 0.25 1 9 12 2.0 1 9 13 -0.5 1 9 14 1.25 1 9 15 -1.25 1 9 16 0.5 1 9 17 -2.0 1 9 18 -0.25 1 9 19 1.5 1 9 20 -1.0 1 9 21 0.75 1 9 22 -1.75 1 9 23 0.0 1 9 24 1.75 1 9 25 -0.75 1 10 1 0.5 1 10 2 -2.0 1 10 3 -0.25 1 10 4 1.5 1 10 5 -1.0 1 10 6 0.75 1 10 7 -1.75 1 10 8 0.0 1 10 9 1.75 1 10 10 -0.75 1 10 11 1.0 1 10 12 -1.5 1 10 13 0.25 1 10 14 2.0 1 10 15 -0.5 1 10 16 1.25 1 10 17 -1.25 1 10 18 0.5 1 10 19 -2.0 1 10 20 -0.25 1 10 21 1.5 1 10 22 -1.0 1 10 23 0.75 1 10 24 -1.75 1 10 25 0.0 1 11 1 1.25 1 11 2 -1.25 1 11 3 0.5 1 11 4 -2.0 1 11 5 -0.25 1 11 6 1.5 1 11 7 -1.0 1 11 8 0.75 1 11 9 -1.75 1 11 10 0.0 1 11 11 1.75 1 11 12 -0.75 1 11 13 1.0 1 11 14 -1.5 1 11 15 0.25 1 11 16 2.0 1 11 17 -0.5 1 11 18 1.25 1 11 19 -1.25 1 11 20 0.5 1 11 21 -2.0 1 11 22 -0.25 1 11 23 1.5 1 11 24 -1.0 1 11 25 0.75 1 12 1 2.0 1 12 2 -0.5 1 12 3 1.25 1 12 4 -1.25 1 12 5 0.5 1 12 6 -2.0 1 12 7 -0.25 1 12 8 1.5 1 12 9 -1.0 1 12 10 0.75 1 12 11 -1.75 1 12 12 0.0 1 12 13 1.75 1 12 14 -0.75 1 12 15 1.0 1 12 16 -1.5 1 12 17 0.25 1 12 18 2.0 1 12 19 -0.5 1 12 20 1.25 1 12 21 -1.25 1 12 22 0.5 1 12 23 -2.0 1 12 24 -0.25 1 12 25 1.5 1 13 1 -1.5 1 13 2 0.25 1 13 3 2.0 1 13 4 -0.5 1 13 5 1.25 1 13 6 -1.25 1 13 7 0.5 1 13 8 -2.0 1 13 9 -0.25 1 13 10 1.5 1 13 11 -1.0 1 13 12 0.75 1 13 13 -1.75 1 13 14 0.0 1 13 15 1.75 1 13 16 -0.75 1 13 17 1.0 1 13 18 -1.5 1 13 19 0.25 1 13 20 2.0 1 13 21 -0.5 1 13 22 1.25 1 13 23 -1.25 1 13 24 0.5 1 13 25 -2.0 1 14 1 -0.75 1 14 2 1.0 1 14 3 -1.5 1 14 4 0.25 1 14 5 2.0 1 14 6 -0.5 1 14 7 1.25 1 14 8 -1.25 1 14 9 0.5 1 14 10 -2.0 1 14 11 -0.25 1 14 12 1.5 1 14 13 -1.0 1 14 14 0.75 1 14 15 -1.75 1 14 16 0.0 1 14 17 1.75 1 14 18 -0.75 1 14 19 1.0 1 14 20 -1.5 1 14 21 0.25 1 14 22 2.0 1 14 23 -0.5 1 14 24 1.25 1 14 25 -1.25 1 15 1 0.0 1 15 2 1.75 1 15 3 -0.75 1 15 4 1.0 1 15 5 -1.5 1 15 6 0.25 1 15 7 2.0 1 15 8 -0.5 1 15 9 1.25 1 15 10 -1.25 1 15 11 0.5 1 15 12 -2.0 1 15 13 -0.25 1 15 14 1.5 1 15 15 -1.0 1 15 16 0.75 1 15 17 -1.75 1 15 18 0.0 1 15 19 1.75 1 15 20 -0.75 1 15 21 1.0 1 15 22 -1.5 1 15 23 0.25 1 15 24 2.0 1 15 25 -0.5 1 16 1 0.75 1 16 2 -1.75 1 16 3 0.0 1 16 4 1.75 1 16 5 -0.75 1 16 6 1.0 1 16 7 -1.5 1 16 8 0.25 1 16 9 2.0 1 16 10 -0.5 1 16 11 1.25 1 16 12 -1.25 1 16 13 0.5 1 16 14 -2.0 1 16 15 -0.25 1 16 16 1.5 1 16 17 -1.0 1 16 18 0.75 1 16 19 -1.75 1 16 20 0.0 1 16 21 1.75 1 16 22 -0.75 1 16 23 1.0 1 16 24 -1.5 1 16 25 0.25 1 17 1 1.5 1 17 2 -1.0 1 17 3 0.75 1 17 4 -1.75 1 17 5 0.0 1 17 6 1.75 1 17 7 -0.75 1 17 8 1.0 1 17 9 -1.5 1 17 10 0.25 1 17 11 2.0 1 17 12 -0.5 1 17 13 1.25 1 17 14 -1.25 1 17 15 0.5 1 17 16 -2.0 1 17 17 -0.25 1 17 18 1.5 1 17 19 -1.0 1 17 20 0.75 1 17 21 -1.75 1 17 22 0.0 1 17 23 1.75 1 17 24 -0.75 1 17 25 1.0 1 18 1 -2.0 1 18 2 -0.25 1 18 3 1.5 1 18 4 -1.0 1 18 5 0.75 1 18 6 -1.75 1 18 7 0.0 1 18 8 1.75 1 18 9 -0.75 1 18 10 1.0 1 18 11 -1.5 1 18 12 0.25 1 18 13 2.0 1 18 14 -0.5 1 18 15 1.25 1 18 16 -1.25 1 18 17 0.5 1 18 18 -2.0 1 18 19 -0.25 1 18 20 1.5 1 18 21 -1.0 1 18 22 0.75 1 18 23 -1.75 1 18 24 0.0 1 18 25 1.75 1 19 1 -1.25 1 19 2 0.5 1 19 3 -2.0 1 19 4 -0.25 1 19 5 1.5 1 19 6 -1.0 1 19 7 0.75 1 19 8 -1.75 1 19 9 0.0 1 19 10 1.75 1 19 11 -0.75 1 19 12 1.0 1 19 13 -1.5 1 19 14 0.25 1 19 15 2.0 1 19 16 -0.5 1 19 17 1.25 1 19 18 -1.25 1 19 19 0.5 1 19 20 -2.0 1 19 21 -0.25 1 19 22 1.5 1 19 23 -1.0 1 19 24 0.75 1 19 25 -1.75 1 20 1 -0.5 1 20 2 1.25 1 20 3 -1.25 1 20 4 0.5 1 20 5 -2.0 1 20 6 -0.25 1 20 7 1.5 1 20 8 -1.0 1 20 9 0.75 1 20 10 -1.75 1 20 11 0.0 1 20 12 1.75 1 20 13 -0.75 1 20 14 1.0 1 20 15 -1.5 1 20 16 0.25 1 20 17 2.0 1 20 18 -0.5 1 20 19 1.25 1 20 20 -1.25 1 20 21 0.5 1 20 22 -2.0 1 20 23 -0.25 1 20 24 1.5 1 20 25 -1.0 1 21 1 0.25 1 21 2 2.0 1 21 3 -0.5 1 21 4 1.25 1 21 5 -1.25 1 21 6 0.5 1 21 7 -2.0 1 21 8 -0.25 1 21 9 1.5 1 21 10 -1.0 1 21 11 0.75 1 21 12 -1.75 1 21 13 0.0 1 21 14 1.75 1 21 15 -0.75 1 21 16 1.0 1 21 17 -1.5 1 21 18 0.25 1 21 19 2.0 1 21 20 -0.5 1 21 21 1.25 1 21 22 -1.25 1 21 23 0.5 1 21 24 -2.0 1 21 25 -0.25 1 22 1 1.0 1 22 2 -1.5 1 22 3 0.25 1 22 4 2.0 1 22 5 -0.5 1 22 6 1.25 1 22 7 -1.25 1 22 8 0.5 1 22 9 -2.0 1 22 10 -0.25 1 22 11 1.5 1 22 12 -1.0 1 22 13 0.75 1 22 14 -1.75 1 22 15 0.0 1 22 16 1.75 1 22 17 -0.75 1 22 18 1.0 1 22 19 -1.5 1 22 20 0.25 1 22 21 2.0 1 22 22 -0.5 1 22 23 1.25 1 22 24 -1.25 1 22 25 0.5 1 23 1 1.75 1 23 2 -0.75 1 23 3 1.0 1 23 4 -1.5 1 23 5 0.25 1 23 6 2.0 1 23 7 -0.5 1 23 8 1.25 1 23 9 -1.25 1 23 10 0.5 1 23 11 -2.0 1 23 12 -0.25 1 23 13 1.5 1 23 14 -1.0 1 23 15 0.75 1 23 16 -1.75 1 23 17 0.0 1 23 18 1.75 1 23 19 -0.75 1 23 20 1.0 1 23 21 -1.5 1 23 22 0.25 1 23 23 2.0 1 23 24 -0.5 1 23 25 1.25 1 24 1 -1.75 1 24 2 0.0 1 24 3 1.75 1 24 4 -0.75 1 24 5 1.0 1 24 6 -1.5 1 24 7 0.25 1 24 8 2.0 1 24 9 -0.5 1 24 10 1.25 1 24 11 -1.25 1 24 12 0.5 1 24 13 -2.0 1 24 14 -0.25 1 24 15 1.5 1 24 16 -1.0 1 24 17 0.75 1 24 18 -1.75 1 24 19 0.0 1 24 20 1.75 1 24 21 -0.75 1 24 22 1.0 1 24 23 -1.5 1 24 24 0.25 1 24 25 2.0 1 25 1 -1.0 1 25 2 0.75 1 25 3 -1.75 1 25 4 0.0 1 25 5 1.75 1 25 6 -0.75 1 25 7 1.0 1 25 8 -1.5 1 25 9 0.25 1 25 10 2.0 1 25 11 -0.5 1 25 12 1.25 1 25 13 -1.25 1 25 14 0.5 1 25 15 -2.0 1 25 16 -0.25 1 25 17 1.5 1 25 18 -1.0 1 25 19 0.75 1 25 20 -1.75 1 25 21 0.0 1 25 22 1.75 1 25 23 -0.75 1 25 24 1.0 1 25 25 -1.5 1 26 1 -0.25 1 26 2 1.5 1 26 3 -1.0 1 26 4 0.75 1 26 5 -1.75 1 26 6 0.0 1 26 7 1.75 1 26 8 -0.75 1 26 9 1.0 1 26 10 -1.5 1 26 11 0.25 1 26 12 2.0 1 26 13 -0.5 1 26 14 1.25 1 26 15 -1.25 1 26 16 0.5 1 26 17 -2.0 1 26 18 -0.25 1 26 19 1.5 1 26 20 -1.0 1 26 21 0.75 1 26 22 -1.75 1 26 23 0.0 1 26 24 1.75 1 26 25 -0.75 1 27 1 0.5 1 27 2 -2.0 1 27 3 -0.25 1 27 4 1.5 1 27 5 -1.0 1 27 6 0.75 1 27 7 -1.75 1 27 8 0.0 1 27 9 1.75 1 27 10 -0.75 1 27 11 1.0 1 27 12 -1.5 1 27 13 0.25 1 27 14 2.0 1 27 15 -0.5 1 27 16 1.25 1 27 17 -1.25 1 27 18 0.5 1 27 19 -2.0 1 27 20 -0.25 1 27 21 1.5 1 27 22 -1.0 1 27 23 0.75 1 27 24 -1.75 1 27 25 0.0 1 0.0 1 1.0 1 2.0 1 3.0 1 4.0 1 5.0 1 6.0 1 7.0 1 8.0 1 9.0 1 10.0 1 11.0 1 12.0 1 13.0 1 14.0 1 15.0 1 16.0 1 17.0 1 18.0 1 19.0 1 20.0 1 21.0 1 22.0 1 23.0 1 24.0 1 25.0 1 26.0 1 27.0 1 0.0 1 1.0 24 3.0 1 D B 24 25
uniform_periodic_periodic_p24_24_q25_24_r0 24 24 27 25 28 3 1 1 1 1 1 -2.0 1 1 2 -0.25 1 1 3 1.5 1 1 4 -1.0 1 1 5 0.75 1 1 6 -1.75 1 1 7 0.0 1 1 8 1.75 1 1 9 -0.75 1 1 10 1.0 1 1 11 -1.5 1 1 12 0.25 1 1 13 2.0 1 1 14 -0.5 1 1 15 1.25 1 1 16 -1.25 1 1 17 0.5 1 1 18 -2.0 1 1 19 -0.25 1 1 20 1.5 1 1 21 -1.0 1 1 22 0.75 1 1 23 -1.75 1 1 24 0.0 1 1 25 1.75 1 2 1 -1.25 1 2 2 0.5 1 2 3 -2.0 1 2 4 -0.25 1 2 5 1.5 1 2 6 -1.0 1 2 7 0.75 1 2 8 -1.75 1 2 9 0.0 1 2 10 1.75 1 2 11 -0.75 1 2 12 1.0 1 2 13 -1.5 1 2 14 0.25 1 2 15 2.0 1 2 16 -0.5 1 2 17 1.25 1 2 18 -1.25 1 2 19 0.5 1 2 20 -2.0 1 2 21 -0.25 1 2 22 1.5 1 2 23 -1.0 1 2 24 0.75 1 2 25 -1.75 1 3 1 -0.5 1 3 2 1.25 1 3 3 -1.25 1 3 4 0.5 1 3 5 -2.0 1 3 6 -0.25 1 3 7 1.5 1 3 8 -1.0 1 3 9 0.75 1 3 10 -1.75 1 3 11 0.0 1 3 12 1.75 1 3 13 -0.75 1 3 14 1.0 1 3 15 -1.5 1 3 16 0.25 1 3 17 2.0 1 3 18 -0.5 1 3 19 1.25 1 3 20 -1.25 1 3 21 0.5 1 3 22 -2.0 1 3 23 -0.25 1 3 24 1.5 1 3 25 -1.0 1 4 1 0.25 1 4 2 2.0 1 4 3 -0.5 1 4 4 1.25 1 4 5 -1.25 1 4 6 0.5 1 4 7 -2.0 1 4 8 -0.25 1 4 9 1.5 1 4 10 -1.0 1 4 11 0.75 1 4 12 -1.75 1 4 13 0.0 1 4 14 1.75 1 4 15 -0.75 1 4 16 1.0 1 4 17 -1.5 1 4 18 0.25 1 4 19 2.0 1 4 20 -0.5 1 4 21 1.25 1 4 22 -1.25 1 4 23 0.5 1 4 24 -2.0 1 4 25 -0.25 1 5 1 1.0 1 5 2 -1.5 1 5 3 0.25 1 5 4 2.0 1 5 5 -0.5 1 5 6 1.25 1 5 7 -1.25 1 5 8 0.5 1 5 9 -2.0 1 5 10 -0.25 1 5 11 1.5 1 5 12 -1.0 1 5 13 0.75 1 5 14 -1.75 1 5 15 0.0 1 5 16 1.75 1 5 17 -0.75 1 5 18 1.0 1 5 19 -1.5 1 5 20 0.25 1 5 21 2.0 1 5 22 -0.5 1 5 23 1.25 1 5 24 -1.25 1 5 25 0.5 1 6 1 1.75 1 6 2 -0.75 1 6 3 1.0 1 6 4 -1.5 1 6 5 0.25 1 6 6 2.0 1 6 7 -0.5 1 6 8 1.25 1 6 9 -1.25 1 6 10 0.5 1 6 11 -2.0 1 6 12 -0.25 1 6 13 1.5 1 6 14 -1.0 1 6 15 0.75 1 6 16 -1.75 1 6 17 0.0 1 6 18 1.75 1 6 19 -0.75 1 6 20 1.0 1 6 21 -1.5 1 6 22 0.25 1 6 23 2.0 1 6 24 -0.5 1 6 25 1.25 1 7 1 -1.75 1 7 2 0.0 1 7 3 1.75 1 7 4 -0.75 1 7 5 1.0 1 7 6 -1.5 1 7 7 0.25 1 7 8 2.0 1 7 9 -0.5 1 7 10 1.25 1 7 11 -1.25 1 7 12 0.5 1 7 13 -2.0 1 7 14 -0.25 1 7 15 1.5 1 7 16 -1.0 1 7 17 0.75 1 7 18 -1.75 1 7 19 0.0 1 7 20 1.75 1 7 21 -0.75 1 7 22 1.0 1 7 23 -1.5 1 7 24 0.25 1 7 25 2.0 1 8 1 -1.0 1 8 2 0.75 1 8 3 -1.75 1 8 4 0.0 1 8 5 1.75 1 8 6 -0.75 1 8 7 1.0 1 8 8 -1.5 1 8 9 0.25 1 8 10 2.0 1 8 11 -0.5 1 8 12 1.25 1 8 13 -1.25 1 8 14 0.5 1 8 15 -2.0 1 8 16 -0.25 1 8 17 1.5 1 8 18 -1.0 1 8 19 0.75 1 8 20 -1.75 1 8 21 0.0 1 8 22 1.75 1 8 23 -0.75 1 8 24 1.0 1 8 25 -1.5 1 9 1 -0.25 1 9 2 1.5 1 9 3 -1.0 1 9 4 0.75 1 9 5 -1.75 1 9 6 0.0 1 9 7 1.75 1 9 8 -0.75 1 9 9 1.0 1 9 10 -1.5 1 9 11 0.25 1 9 12 2.0 1 9 13 -0.5 1 9 14 1.25 1 9 15 -1.25 1 9 16 0.5 1 9 17 -2.0 1 9 18 -0.25 1 9 19 1.5 1 9 20 -1.0 1 9 21 0.75 1 9 22 -1.75 1 9 23 0.0 1 9 24 1.75 1 9 25 -0.75 1 10 1 0.5 1 10 2 -2.0 1 10 3 -0.25 1 10 4 1.5 1 10 5 -1.0 1 10 6 0.75 1 10 7 -1.75 1 10 8 0.0 1 10 9 1.75 1 10 10 -0.75 1 10 11 1.0 1 10 12 -1.5 1 10 13 0.25 1 10 14 2.0 1 10 15 -0.5 1 10 16 1.25 1 10 17 -1.25 1 10 18 0.5 1 10 19 -2.0 1 10 20 -0.25 1 10 21 1.5 1 10 22 -1.0 1 10 23 0.75 1 10 24 -1.75 1 10 25 0.0 1 11 1 1.25 1 11 2 -1.25 1 11 3 0.5 1 11 4 -2.0 1 11 5 -0.25 1 11 6 1.5 1 11 7 -1.0 1 11 8 0.75 1 11 9 -1.75 1 11 10 0.0 1 11 11 1.75 1 11 12 -0.75 1 11 13 1.0 1 11 14 -1.5 1 11 15 0.25 1 11 16 2.0 1 11 17 -0.5 1 11 18 1.25 1 11 19 -1.25 1 11 20 0.5 1 11 21 -2.0 1 11 22 -0.25 1 11 23 1.5 1 11 24 -1.0 1 11 25 0.75 1 12 1 2.0 1 12 2 -0.5 1 12 3 1.25 1 12 4 -1.25 1 12 5 0.5 1 12 6 -2.0 1 12 7 -0.25 1 12 8 1.5 1 12 9 -1.0 1 12 10 0.75 1 12 11 -1.75 1 12 12 0.0 1 12 13 1.75 1 12 14 -0.75 1 12 15 1.0 1 12 16 -1.5 1 12 17 0.25 1 12 18 2.0 1 12 19 -0.5 1 12 20 1.25 1 12 21 -1.25 1 12 22 0.5 1 12 23 -2.0 1 12 24 -0.25 1 12 25 1.5 1 13 1 -1.5 1 13 2 0.25 1 13 3 2.0 1 13 4 -0.5 1 13 5 1.25 1 13 6 -1.25 1 13 7 0.5 1 13 8 -2.0 1 13 9 -0.25 1 13 10 1.5 1 13 11 -1.0 1 13 12 0.75 1 13 13 -1.75 1 13 14 0.0 1 13 15 1.75 1 13 16 -0.75 1 13 17 1.0 1 13 18 -1.5 1 13 19 0.25 1 13 20 2.0 1 13 21 -0.5 1 13 22 1.25 1 13 23 -1.25 1 13 24 0.5 1 13 25 -2.0 1 14 1 -0.75 1 14 2 1.0 1 14 3 -1.5 1 14 4 0.25 1 14 5 2.0 1 14 6 -0.5 1 14 7 1.25 1 14 8 -1.25 1 14 9 0.5 1 14 10 -2.0 1 14 11 -0.25 1 14 12 1.5 1 14 13 -1.0 1 14 14 0.75 1 14 15 -1.75 1 14 16 0.0 1 14 17 1.75 1 14 18 -0.75 1 14 19 1.0 1 14 20 -1.5 1 14 21 0.25 1 14 22 2.0 1 14 23 -0.5 1 14 24 1.25 1 14 25 -1.25 1 15 1 0.0 1 15 2 1.75 1 15 3 -0.75 1 15 4 1.0 1 15 5 -1.5 1 15 6 0.25 1 15 7 2.0 1 15 8 -0.5 1 15 9 1.25 1 15 10 -1.25 1 15 11 0.5 1 15 12 -2.0 1 15 13 -0.25 1 15 14 1.5 1 15 15 -1.0 1 15 16 0.75 1 15 17 -1.75 1 15 18 0.0 1 15 19 1.75 1 15 20 -0.75 1 15 21 1.0 1 15 22 -1.5 1 15 23 0.25 1 15 24 2.0 1 15 25 -0.5 1 16 1 0.75 1 16 2 -1.75 1 16 3 0.0 1 16 4 1.75 1 16 5 -0.75 1 16 6 1.0 1 16 7 -1.5 1 16 8 0.25 1 16 9 2.0 1 16 10 -0.5 1 16 11 1.25 1 16 12 -1.25 1 16 13 0.5 1 16 14 -2.0 1 16 15 -0.25 1 16 16 1.5 1 16 17 -1.0 1 16 18 0.75 1 16 19 -1.75 1 16 20 0.0 1 16 21 1.75 1 16 22 -0.75 1 16 23 1.0 1 16 24 -1.5 1 16 25 0.25 1 17 1 1.5 1 17 2 -1.0 1 17 3 0.75 1 17 4 -1.75 1 17 5 0.0 1 17 6 1.75 1 17 7 -0.75 1 17 8 1.0 1 17 9 -1.5 1 17 10 0.25 1 17 11 2.0 1 17 12 -0.5 1 17 13 1.25 1 17 14 -1.25 1 17 15 0.5 1 17 16 -2.0 1 17 17 -0.25 1 17 18 1.5 1 17 19 -1.0 1 17 20 0.75 1 17 21 -1.75 1 17 22 0.0 1 17 23 1.75 1 17 24 -0.75 1 17 25 1.0 1 18 1 -2.0 1 18 2 -0.25 1 18 3 1.5 1 18 4 -1.0 1 18 5 0.75 1 18 6 -1.75 1 18 7 0.0 1 18 8 1.75 1 18 9 -0.75 1 18 10 1.0 1 18 11 -1.5 1 18 12 0.25 1 18 13 2.0 1 18 14 -0.5 1 18 15 1.25 1 18 16 -1.25 1 18 17 0.5 1 18 18 -2.0 1 18 19 -0.25 1 18 20 1.5 1 18 21 -1.0 1 18 22 0.75 1 18 23 -1.75 1 18 24 0.0 1 18 25 1.75 1 19 1 -1.25 1 19 2 0.5 1 19 3 -2.0 1 19 4 -0.25 1 19 5 1.5 1 19 6 -1.0 1 19 7 0.75 1 19 8 -1.75 1 19 9 0.0 1 19 10 1.75 1 19 11 -0.75 1 19 12 1.0 1 19 13 -1.5 1 19 14 0.25 1 19 15 2.0 1 19 16 -0.5 1 19 17 1.25 1 19 18 -1.25 1 19 19 0.5 1 19 20 -2.0 1 19 21 -0.25 1 19 22 1.5 1 19 23 -1.0 1 19 24 0.75 1 19 25 -1.75 1 20 1 -0.5 1 20 2 1.25 1 20 3 -1.25 1 20 4 0.5 1 20 5 -2.0 1 20 6 -0.25 1 20 7 1.5 1 20 8 -1.0 1 20 9 0.75 1 20 10 -1.75 1 20 11 0.0 1 20 12 1.75 1 20 13 -0.75 1 20 14 1.0 1 20 15 -1.5 1 20 16 0.25 1 20 17 2.0 1 20 18 -0.5 1 20 19 1.25 1 20 20 -1.25 1 20 21 0.5 1 20 22 -2.0 1 20 23 -0.25 1 20 24 1.5 1 20 25 -1.0 1 21 1 0.25 1 21 2 2.0 1 21 3 -0.5 1 21 4 1.25 1 21 5 -1.25 1 21 6 0.5 1 21 7 -2.0 1 21 8 -0.25 1 21 9 1.5 1 21 10 -1.0 1 21 11 0.75 1 21 12 -1.75 1 21 13 0.0 1 21 14 1.75 1 21 15 -0.75 1 21 16 1.0 1 21 17 -1.5 1 21 18 0.25 1 21 19 2.0 1 21 20 -0.5 1 21 21 1.25 1 21 22 -1.25 1 21 23 0.5 1 21 24 -2.0 1 21 25 -0.25 1 22 1 1.0 1 22 2 -1.5 1 22 3 0.25 1 22 4 2.0 1 22 5 -0.5 1 22 6 1.25 1 22 7 -1.25 1 22 8 0.5 1 22 9 -2.0 1 22 10 -0.25 1 22 11 1.5 1 22 12 -1.0 1 22 13 0.75 1 22 14 -1.75 1 22 15 0.0 1 22 16 1.75 1 22 17 -0.75 1 22 18 1.0 1 22 19 -1.5 1 22 20 0.25 1 22 21 2.0 1 22 22 -0.5 1 22 23 1.25 1 22 24 -1.25 1 22 25 0.5 1 23 1 1.75 1 23 2 -0.75 1 23 3 1.0 1 23 4 -1.5 1 23 5 0.25 1 23 6 2.0 1 23 7 -0.5 1 23 8 1.25 1 23 9 -1.25 1 23 10 0.5 1 23 11 -2.0 1 23 12 -0.25 1 23 13 1.5 1 23 14 -1.0 1 23 15 0.75 1 23 16 -1.75 1 23 17 0.0 1 23 18 1.75 1 23 19 -0.75 1 23 20 1.0 1 23 21 -1.5 1 23 22 0.25 1 23 23 2.0 1 23 24 -0.5 1 23 25 1.25 1 24 1 -1.75 1 24 2 0.0 1 24 3 1.75 1 24 4 -0.75 1 24 5 1.0 1 24 6 -1.5 1 24 7 0.25 1 24 8 2.0 1 24 9 -0.5 1 24 10 1.25 1 24 11 -1.25 1 24 12 0.5 1 24 13 -2.0 1 24 14 -0.25 1 24 15 1.5 1 24 16 -1.0 1 24 17 0.75 1 24 18 -1.75 1 24 19 0.0 1 24 20 1.75 1 24 21 -0.75 1 24 22 1.0 1 24 23 -1.5 1 24 24 0.25 1 24 25 2.0 1 25 1 -1.0 1 25 2 0.75 1 25 3 -1.75 1 25 4 0.0 1 25 5 1.75 1 25 6 -0.75 1 25 7 1.0 1 25 8 -1.5 1 25 9 0.25 1 25 10 2.0 1 25 11 -0.5 1 25 12 1.25 1 25 13 -1.25 1 25 14 0.5 1 25 15 -2.0 1 25 16 -0.25 1 25 17 1.5 1 25 18 -1.0 1 25 19 0.75 1 25 20 -1.75 1 25 21 0.0 1 25 22 1.75 1 25 23 -0.75 1 25 24 1.0 1 25 25 -1.5 1 26 1 -0.25 1 26 2 1.5 1 26 3 -1.0 1 26 4 0.75 1 26 5 -1.75 1 26 6 0.0 1 26 7 1.75 1 26 8 -0.75 1 26 9 1.0 1 26 10 -1.5 1 26 11 0.25 1 26 12 2.0 1 26 13 -0.5 1 26 14 1.25 1 26 15 -1.25 1 26 16 0.5 1 26 17 -2.0 1 26 18 -0.25 1 26 19 1.5 1 26 20 -1.0 1 26 21 0.75 1 26 22 -1.75 1 26 23 0.0 1 26 24 1.75 1 26 25 -0.75 1 27 1 0.5 1 27 2 -2.0 1 27 3 -0.25 1 27 4 1.5 1 27 5 -1.0 1 27 6 0.75 1 27 7 -1.75 1 27 8 0.0 1 27 9 1.75 1 27 10 -0.75 1 27 11 1.0 1 27 12 -1.5 1 27 13 0.25 1 27 14 2.0 1 27 15 -0.5 1 27 16 1.25 1 27 17 -1.25 1 27 18 0.5 1 27 19 -2.0 1 27 20 -0.25 1 27 21 1.5 1 27 22 -1.0 1 27 23 0.75 1 27 24 -1.75 1 27 25 0.0 1 0.0 1 1.0 1 2.0 1 3.0 1 4.0 1 5.0 1 6.0 1 7.0 1 8.0 1 9.0 1 10.0 1 11.0 1 12.0 1 13.0 1 14.0 1 15.0 1 16.0 1 17.0 1 18.0 1 19.0 1 20.0 1 21.0 1 22.0 1 23.0 1 24.0 1 25.0 1 26.0 1 27.0 1 0.0 1 1.0 24 3.0 1 D B 25 24
uniform_periodic_periodic_p24_24_q25_25_r0 24 24 27 25 28 3 1 1 1 1 1 -2.0 1 1 2 -0.25 1 1 3 1.5 1 1 4 -1.0 1 1 5 0.75 1 1 6 -1.75 1 1 7 0.0 1 1 8 1.75 1 1 9 -0.75 1 1 10 1.0 1 1 11 -1.5 1 1 12 0.25 1 1 13 2.0 1 1 14 -0.5 1 1 15 1.25 1 1 16 -1.25 1 1 17 0.5 1 1 18 -2.0 1 1 19 -0.25 1 1 20 1.5 1 1 21 -1.0 1 1 22 0.75 1 1 23 -1.75 1 1 24 0.0 1 1 25 1.75 1 2 1 -1.25 1 2 2 0.5 1 2 3 -2.0 1 2 4 -0.25 1 2 5 1.5 1 2 6 -1.0 1 2 7 0.75 1 2 8 -1.75 1 2 9 0.0 1 2 10 1.75 1 2 11 -0.75 1 2 12 1.0 1 2 13 -1.5 1 2 14 0.25 1 2 15 2.0 1 2 16 -0.5 1 2 17 1.25 1 2 18 -1.25 1 2 19 0.5 1 2 20 -2.0 1 2 21 -0.25 1 2 22 1.5 1 2 23 -1.0 1 2 24 0.75 1 2 25 -1.75 1 3 1 -0.5 1 3 2 1.25 1 3 3 -1.25 1 3 4 0.5 1 3 5 -2.0 1 3 6 -0.25 1 3 7 1.5 1 3 8 -1.0 1 3 9 0.75 1 3 10 -1.75 1 3 11 0.0 1 3 12 1.75 1 3 13 -0.75 1 3 14 1.0 1 3 15 -1.5 1 3 16 0.25 1 3 17 2.0 1 3 18 -0.5 1 3 19 1.25 1 3 20 -1.25 1 3 21 0.5 1 3 22 -2.0 1 3 23 -0.25 1 3 24 1.5 1 3 25 -1.0 1 4 1 0.25 1 4 2 2.0 1 4 3 -0.5 1 4 4 1.25 1 4 5 -1.25 1 4 6 0.5 1 4 7 -2.0 1 4 8 -0.25 1 4 9 1.5 1 4 10 -1.0 1 4 11 0.75 1 4 12 -1.75 1 4 13 0.0 1 4 14 1.75 1 4 15 -0.75 1 4 16 1.0 1 4 17 -1.5 1 4 18 0.25 1 4 19 2.0 1 4 20 -0.5 1 4 21 1.25 1 4 22 -1.25 1 4 23 0.5 1 4 24 -2.0 1 4 25 -0.25 1 5 1 1.0 1 5 2 -1.5 1 5 3 0.25 1 5 4 2.0 1 5 5 -0.5 1 5 6 1.25 1 5 7 -1.25 1 5 8 0.5 1 5 9 -2.0 1 5 10 -0.25 1 5 11 1.5 1 5 12 -1.0 1 5 13 0.75 1 5 14 -1.75 1 5 15 0.0 1 5 16 1.75 1 5 17 -0.75 1 5 18 1.0 1 5 19 -1.5 1 5 20 0.25 1 5 21 2.0 1 5 22 -0.5 1 5 23 1.25 1 5 24 -1.25 1 5 25 0.5 1 6 1 1.75 1 6 2 -0.75 1 6 3 1.0 1 6 4 -1.5 1 6 5 0.25 1 6 6 2.0 1 6 7 -0.5 1 6 8 1.25 1 6 9 -1.25 1 6 10 0.5 1 6 11 -2.0 1 6 12 -0.25 1 6 13 1.5 1 6 14 -1.0 1 6 15 0.75 1 6 16 -1.75 1 6 17 0.0 1 6 18 1.75 1 6 19 -0.75 1 6 20 1.0 1 6 21 -1.5 1 6 22 0.25 1 6 23 2.0 1 6 24 -0.5 1 6 25 1.25 1 7 1 -1.75 1 7 2 0.0 1 7 3 1.75 1 7 4 -0.75 1 7 5 1.0 1 7 6 -1.5 1 7 7 0.25 1 7 8 2.0 1 7 9 -0.5 1 7 10 1.25 1 7 11 -1.25 1 7 12 0.5 1 7 13 -2.0 1 7 14 -0.25 1 7 15 1.5 1 7 16 -1.0 1 7 17 0.75 1 7 18 -1.75 1 7 19 0.0 1 7 20 1.75 1 7 21 -0.75 1 7 22 1.0 1 7 23 -1.5 1 7 24 0.25 1 7 25 2.0 1 8 1 -1.0 1 8 2 0.75 1 8 3 -1.75 1 8 4 0.0 1 8 5 1.75 1 8 6 -0.75 1 8 7 1.0 1 8 8 -1.5 1 8 9 0.25 1 8 10 2.0 1 8 11 -0.5 1 8 12 1.25 1 8 13 -1.25 1 8 14 0.5 1 8 15 -2.0 1 8 16 -0.25 1 8 17 1.5 1 8 18 -1.0 1 8 19 0.75 1 8 20 -1.75 1 8 21 0.0 1 8 22 1.75 1 8 23 -0.75 1 8 24 1.0 1 8 25 -1.5 1 9 1 -0.25 1 9 2 1.5 1 9 3 -1.0 1 9 4 0.75 1 9 5 -1.75 1 9 6 0.0 1 9 7 1.75 1 9 8 -0.75 1 9 9 1.0 1 9 10 -1.5 1 9 11 0.25 1 9 12 2.0 1 9 13 -0.5 1 9 14 1.25 1 9 15 -1.25 1 9 16 0.5 1 9 17 -2.0 1 9 18 -0.25 1 9 19 1.5 1 9 20 -1.0 1 9 21 0.75 1 9 22 -1.75 1 9 23 0.0 1 9 24 1.75 1 9 25 -0.75 1 10 1 0.5 1 10 2 -2.0 1 10 3 -0.25 1 10 4 1.5 1 10 5 -1.0 1 10 6 0.75 1 10 7 -1.75 1 10 8 0.0 1 10 9 1.75 1 10 10 -0.75 1 10 11 1.0 1 10 12 -1.5 1 10 13 0.25 1 10 14 2.0 1 10 15 -0.5 1 10 16 1.25 1 10 17 -1.25 1 10 18 0.5 1 10 19 -2.0 1 10 20 -0.25 1 10 21 1.5 1 10 22 -1.0 1 10 23 0.75 1 10 24 -1.75 1 10 25 0.0 1 11 1 1.25 1 11 2 -1.25 1 11 3 0.5 1 11 4 -2.0 1 11 5 -0.25 1 11 6 1.5 1 11 7 -1.0 1 11 8 0.75 1 11 9 -1.75 1 11 10 0.0 1 11 11 1.75 1 11 12 -0.75 1 11 13 1.0 1 11 14 -1.5 1 11 15 0.25 1 11 16 2.0 1 11 17 -0.5 1 11 18 1.25 1 11 19 -1.25 1 11 20 0.5 1 11 21 -2.0 1 11 22 -0.25 1 11 23 1.5 1 11 24 -1.0 1 11 25 0.75 1 12 1 2.0 1 12 2 -0.5 1 12 3 1.25 1 12 4 -1.25 1 12 5 0.5 1 12 6 -2.0 1 12 7 -0.25 1 12 8 1.5 1 12 9 -1.0 1 12 10 0.75 1 12 11 -1.75 1 12 12 0.0 1 12 13 1.75 1 12 14 -0.75 1 12 15 1.0 1 12 16 -1.5 1 12 17 0.25 1 12 18 2.0 1 12 19 -0.5 1 12 20 1.25 1 12 21 -1.25 1 12 22 0.5 1 12 23 -2.0 1 12 24 -0.25 1 12 25 1.5 1 13 1 -1.5 1 13 2 0.25 1 13 3 2.0 1 13 4 -0.5 1 13 5 1.25 1 13 6 -1.25 1 13 7 0.5 1 13 8 -2.0 1 13 9 -0.25 1 13 10 1.5 1 13 11 -1.0 1 13 12 0.75 1 13 13 -1.75 1 13 14 0.0 1 13 15 1.75 1 13 16 -0.75 1 13 17 1.0 1 13 18 -1.5 1 13 19 0.25 1 13 20 2.0 1 13 21 -0.5 1 13 22 1.25 1 13 23 -1.25 1 13 24 0.5 1 13 25 -2.0 1 14 1 -0.75 1 14 2 1.0 1 14 3 -1.5 1 14 4 0.25 1 14 5 2.0 1 14 6 -0.5 1 14 7 1.25 1 14 8 -1.25 1 14 9 0.5 1 14 10 -2.0 1 14 11 -0.25 1 14 12 1.5 1 14 13 -1.0 1 14 14 0.75 1 14 15 -1.75 1 14 16 0.0 1 14 17 1.75 1 14 18 -0.75 1 14 19 1.0 1 14 20 -1.5 1 14 21 0.25 1 14 22 2.0 1 14 23 -0.5 1 14 24 1.25 1 14 25 -1.25 1 15 1 0.0 1 15 2 1.75 1 15 3 -0.75 1 15 4 1.0 1 15 5 -1.5 1 15 6 0.25 1 15 7 2.0 1 15 8 -0.5 1 15 9 1.25 1 15 10 -1.25 1 15 11 0.5 1 15 12 -2.0 1 15 13 -0.25 1 15 14 1.5 1 15 15 -1.0 1 15 16 0.75 1 15 17 -1.75 1 15 18 0.0 1 15 19 1.75 1 15 20 -0.75 1 15 21 1.0 1 15 22 -1.5 1 15 23 0.25 1 15 24 2.0 1 15 25 -0.5 1 16 1 0.75 1 16 2 -1.75 1 16 3 0.0 1 16 4 1.75 1 16 5 -0.75 1 16 6 1.0 1 16 7 -1.5 1 16 8 0.25 1 16 9 2.0 1 16 10 -0.5 1 16 11 1.25 1 16 12 -1.25 1 16 13 0.5 1 16 14 -2.0 1 16 15 -0.25 1 16 16 1.5 1 16 17 -1.0 1 16 18 0.75 1 16 19 -1.75 1 16 20 0.0 1 16 21 1.75 1 16 22 -0.75 1 16 23 1.0 1 16 24 -1.5 1 16 25 0.25 1 17 1 1.5 1 17 2 -1.0 1 17 3 0.75 1 17 4 -1.75 1 17 5 0.0 1 17 6 1.75 1 17 7 -0.75 1 17 8 1.0 1 17 9 -1.5 1 17 10 0.25 1 17 11 2.0 1 17 12 -0.5 1 17 13 1.25 1 17 14 -1.25 1 17 15 0.5 1 17 16 -2.0 1 17 17 -0.25 1 17 18 1.5 1 17 19 -1.0 1 17 20 0.75 1 17 21 -1.75 1 17 22 0.0 1 17 23 1.75 1 17 24 -0.75 1 17 25 1.0 1 18 1 -2.0 1 18 2 -0.25 1 18 3 1.5 1 18 4 -1.0 1 18 5 0.75 1 18 6 -1.75 1 18 7 0.0 1 18 8 1.75 1 18 9 -0.75 1 18 10 1.0 1 18 11 -1.5 1 18 12 0.25 1 18 13 2.0 1 18 14 -0.5 1 18 15 1.25 1 18 16 -1.25 1 18 17 0.5 1 18 18 -2.0 1 18 19 -0.25 1 18 20 1.5 1 18 21 -1.0 1 18 22 0.75 1 18 23 -1.75 1 18 24 0.0 1 18 25 1.75 1 19 1 -1.25 1 19 2 0.5 1 19 3 -2.0 1 19 4 -0.25 1 19 5 1.5 1 19 6 -1.0 1 19 7 0.75 1 19 8 -1.75 1 19 9 0.0 1 19 10 1.75 1 19 11 -0.75 1 19 12 1.0 1 19 13 -1.5 1 19 14 0.25 1 19 15 2.0 1 19 16 -0.5 1 19 17 1.25 1 19 18 -1.25 1 19 19 0.5 1 19 20 -2.0 1 19 21 -0.25 1 19 22 1.5 1 19 23 -1.0 1 19 24 0.75 1 19 25 -1.75 1 20 1 -0.5 1 20 2 1.25 1 20 3 -1.25 1 20 4 0.5 1 20 5 -2.0 1 20 6 -0.25 1 20 7 1.5 1 20 8 -1.0 1 20 9 0.75 1 20 10 -1.75 1 20 11 0.0 1 20 12 1.75 1 20 13 -0.75 1 20 14 1.0 1 20 15 -1.5 1 20 16 0.25 1 20 17 2.0 1 20 18 -0.5 1 20 19 1.25 1 20 20 -1.25 1 20 21 0.5 1 20 22 -2.0 1 20 23 -0.25 1 20 24 1.5 1 20 25 -1.0 1 21 1 0.25 1 21 2 2.0 1 21 3 -0.5 1 21 4 1.25 1 21 5 -1.25 1 21 6 0.5 1 21 7 -2.0 1 21 8 -0.25 1 21 9 1.5 1 21 10 -1.0 1 21 11 0.75 1 21 12 -1.75 1 21 13 0.0 1 21 14 1.75 1 21 15 -0.75 1 21 16 1.0 1 21 17 -1.5 1 21 18 0.25 1 21 19 2.0 1 21 20 -0.5 1 21 21 1.25 1 21 22 -1.25 1 21 23 0.5 1 21 24 -2.0 1 21 25 -0.25 1 22 1 1.0 1 22 2 -1.5 1 22 3 0.25 1 22 4 2.0 1 22 5 -0.5 1 22 6 1.25 1 22 7 -1.25 1 22 8 0.5 1 22 9 -2.0 1 22 10 -0.25 1 22 11 1.5 1 22 12 -1.0 1 22 13 0.75 1 22 14 -1.75 1 22 15 0.0 1 22 16 1.75 1 22 17 -0.75 1 22 18 1.0 1 22 19 -1.5 1 22 20 0.25 1 22 21 2.0 1 22 22 -0.5 1 22 23 1.25 1 22 24 -1.25 1 22 25 0.5 1 23 1 1.75 1 23 2 -0.75 1 23 3 1.0 1 23 4 -1.5 1 23 5 0.25 1 23 6 2.0 1 23 7 -0.5 1 23 8 1.25 1 23 9 -1.25 1 23 10 0.5 1 23 11 -2.0 1 23 12 -0.25 1 23 13 1.5 1 23 14 -1.0 1 23 15 0.75 1 23 16 -1.75 1 23 17 0.0 1 23 18 1.75 1 23 19 -0.75 1 23 20 1.0 1 23 21 -1.5 1 23 22 0.25 1 23 23 2.0 1 23 24 -0.5 1 23 25 1.25 1 24 1 -1.75 1 24 2 0.0 1 24 3 1.75 1 24 4 -0.75 1 24 5 1.0 1 24 6 -1.5 1 24 7 0.25 1 24 8 2.0 1 24 9 -0.5 1 24 10 1.25 1 24 11 -1.25 1 24 12 0.5 1 24 13 -2.0 1 24 14 -0.25 1 24 15 1.5 1 24 16 -1.0 1 24 17 0.75 1 24 18 -1.75 1 24 19 0.0 1 24 20 1.75 1 24 21 -0.75 1 24 22 1.0 1 24 23 -1.5 1 24 24 0.25 1 24 25 2.0 1 25 1 -1.0 1 25 2 0.75 1 25 3 -1.75 1 25 4 0.0 1 25 5 1.75 1 25 6 -0.75 1 25 7 1.0 1 25 8 -1.5 1 25 9 0.25 1 25 10 2.0 1 25 11 -0.5 1 25 12 1.25 1 25 13 -1.25 1 25 14 0.5 1 25 15 -2.0 1 25 16 -0.25 1 25 17 1.5 1 25 18 -1.0 1 25 19 0.75 1 25 20 -1.75 1 25 21 0.0 1 25 22 1.75 1 25 23 -0.75 1 25 24 1.0 1 25 25 -1.5 1 26 1 -0.25 1 26 2 1.5 1 26 3 -1.0 1 26 4 0.75 1 26 5 -1.75 1 26 6 0.0 1 26 7 1.75 1 26 8 -0.75 1 26 9 1.0 1 26 10 -1.5 1 26 11 0.25 1 26 12 2.0 1 26 13 -0.5 1 26 14 1.25 1 26 15 -1.25 1 26 16 0.5 1 26 17 -2.0 1 26 18 -0.25 1 26 19 1.5 1 26 20 -1.0 1 26 21 0.75 1 26 22 -1.75 1 26 23 0.0 1 26 24 1.75 1 26 25 -0.75 1 27 1 0.5 1 27 2 -2.0 1 27 3 -0.25 1 27 4 1.5 1 27 5 -1.0 1 27 6 0.75 1 27 7 -1.75 1 27 8 0.0 1 27 9 1.75 1 27 10 -0.75 1 27 11 1.0 1 27 12 -1.5 1 27 13 0.25 1 27 14 2.0 1 27 15 -0.5 1 27 16 1.25 1 27 17 -1.25 1 27 18 0.5 1 27 19 -2.0 1 27 20 -0.25 1 27 21 1.5 1 27 22 -1.0 1 27 23 0.75 1 27 24 -1.75 1 27 25 0.0 1 0.0 1 1.0 1 2.0 1 3.0 1 4.0 1 5.0 1 6.0 1 7.0 1 8.0 1 9.0 1 10.0 1 11.0 1 12.0 1 13.0 1 14.0 1 15.0 1 16.0 1 17.0 1 18.0 1 19.0 1 20.0 1 21.0 1 22.0 1 23.0 1 24.0 1 25.0 1 26.0 1 27.0 1 0.0 1 1.0 24 3.0 1 D B 25 25
uniform_periodic_periodic_p24_24_q24_24_r1 24 24 27 25 28 3 1 1 1 1 1 -2.0 1 1 2 -0.25 3 1 3 1.5 5 1 4 -1.0 2 1 5 0.75 4 1 6 -1.75 1 1 7 0.0 3 1 8 1.75 5 1 9 -0.75 2 1 10 1.0 4 1 11 -1.5 1 1 12 0.25 3 1 13 2.0 5 1 14 -0.5 2 1 15 1.25 4 1 16 -1.25 1 1 17 0.5 3 1 18 -2.0 5 1 19 -0.25 2 1 20 1.5 4 1 21 -1.0 1 1 22 0.75 3 1 23 -1.75 5 1 24 0.0 2 1 25 1.75 4 2 1 -1.25 2 2 2 0.5 4 2 3 -2.0 1 2 4 -0.25 3 2 5 1.5 5 2 6 -1.0 2 2 7 0.75 4 2 8 -1.75 1 2 9 0.0 3 2 10 1.75 5 2 11 -0.75 2 2 12 1.0 4 2 13 -1.5 1 2 14 0.25 3 2 15 2.0 5 2 16 -0.5 2 2 17 1.25 4 2 18 -1.25 1 2 19 0.5 3 2 20 -2.0 5 2 21 -0.25 2 2 22 1.5 4 2 23 -1.0 1 2 24 0.75 3 2 25 -1.75 5 3 1 -0.5 3 3 2 1.25 5 3 3 -1.25 2 3 4 0.5 4 3 5 -2.0 1 3 6 -0.25 3 3 7 1.5 5 3 8 -1.0 2 3 9 0.75 4 3 10 -1.75 1 3 11 0.0 3 3 12 1.75 5 3 13 -0.75 2 3 14 1.0 4 3 15 -1.5 1 3 16 0.25 3 3 17 2.0 5 3 18 -0.5 2 3 19 1.25 4 3 20 -1.25 1 3 21 0.5 3 3 22 -2.0 5 3 23 -0.25 2 3 24 1.5 4 3 25 -1.0 1 4 1 0.25 4 4 2 2.0 1 4 3 -0.5 3 4 4 1.25 5 4 5 -1.25 2 4 6 0.5 4 4 7 -2.0 1 4 8 -0.25 3 4 9 1.5 5 4 10 -1.0 2 4 11 0.75 4 4 12 -1.75 1 4 13 0.0 3 4 14 1.75 5 4 15 -0.75 2 4 16 1.0 4 4 17 -1.5 1 4 18 0.25 3 4 19 2.0 5 4 20 -0.5 2 4 21 1.25 4 4 22 -1.25 1 4 23 0.5 3 4 24 -2.0 5 4 25 -0.25 2 5 1 1.0 5 5 2 -1.5 2 5 3 0.25 4 5 4 2.0 1 5 5 -0.5 3 5 6 1.25 5 5 7 -1.25 2 5 8 0.5 4 5 9 -2.0 1 5 10 -0.25 3 5 11 1.5 5 5 12 -1.0 2 5 13 0.75 4 5 14 -1.75 1 5 15 0.0 3 5 16 1.75 5 5 17 -0.75 2 5 18 1.0 4 5 19 -1.5 1 5 20 0.25 3 5 21 2.0 5 5 22 -0.5 2 5 23 1.25 4 5 24 -1.25 1 5 25 0.5 3 6 1 1.75 1 6 2 -0.75 3 6 3 1.0 5 6 4 -1.5 2 6 5 0.25 4 6 6 2.0 1 6 7 -0.5 3 6 8 1.25 5 6 9 -1.25 2 6 10 0.5 4 6 11 -2.0 1 6 12 -0.25 3 6 13 1.5 5 6 14 -1.0 2 6 15 0.75 4 6 16 -1.75 1 6 17 0.0 3 6 18 1.75 5 6 19 -0.75 2 6 20 1.0 4 6 21 -1.5 1 6 22 0.25 3 6 23 2.0 5 6 24 -0.5 2 6 25 1.25 4 7 1 -1.75 2 7 2 0.0 4 7 3 1.75 1 7 4 -0.75 3 7 5 1.0 5 7 6 -1.5 2 7 7 0.25 4 7 8 2.0 1 7 9 -0.5 3 7 10 1.25 5 7 11 -1.25 2 7 12 0.5 4 7 13 -2.0 1 7 14 -0.25 3 7 15 1.5 5 7 16 -1.0 2 7 17 0.75 4 7 18 -1.75 1 7 19 0.0 3 7 20 1.75 5 7 21 -0.75 2 7 22 1.0 4 7 23 -1.5 1 7 24 0.25 3 7 25 2.0 5 8 1 -1.0 3 8 2 0.75 5 8 3 -1.75 2 8 4 0.0 4 8 5 1.75 1 8 6 -0.75 3 8 7 1.0 5 8 8 -1.5 2 8 9 0.25 4 8 10 2.0 1 8 11 -0.5 3 8 12 1.25 5 8 13 -1.25 2 8 14 0.5 4 8 15 -2.0 1 8 16 -0.25 3 8 17 1.5 5 8 18 -1.0 2 8 19 0.75 4 8 20 -1.75 1 8 21 0.0 3 8 22 1.75 5 8 23 -0.75 2 8 24 1.0 4 8 25 -1.5 1 9 1 -0.25 4 9 2 1.5 1 9 3 -1.0 3 9 4 0.75 5 9 5 -1.75 2 9 6 0.0 4 9 7 1.75 1 9 8 -0.75 3 9 9 1.0 5 9 10 -1.5 2 9 11 0.25 4 9 12 2.0 1 9 13 -0.5 3 9 14 1.25 5 9 15 -1.25 2 9 16 0.5 4 9 17 -2.0 1 9 18 -0.25 3 9 19 1.5 5 9 20 -1.0 2 9 21 0.75 4 9 22 -1.75 1 9 23 0.0 3 9 24 1.75 5 9 25 -0.75 2 10 1 0.5 5 10 2 -2.0 2 10 3 -0.25 4 10 4 1.5 1 10 5 -1.0 3 10 6 0.75 5 10 7 -1.75 2 10 8 0.0 4 10 9 1.75 1 10 10 -0.75 3 10 11 1.0 5 10 12 -1.5 2 10 13 0.25 4 10 14 2.0 1 10 15 -0.5 3 10 16 1.25 5 10 17 -1.25 2 10 18 0.5 4 10 19 -2.0 1 10 20 -0.25 3 10 21 1.5 5 10 22 -1.0 2 10 23 0.75 4 10 24 -1.75 1 10 25 0.0 3 11 1 1.25 1 11 2 -1.25 3 11 3 0.5 5 11 4 -2.0 2 11 5 -0.25 4 11 6 1.5 1 11 7 -1.0 3 11 8 0.75 5 11 9 -1.75 2 11 10 0.0 4 11 11 1.75 1 11 12 -0.75 3 11 13 1.0 5 11 14 -1.5 2 11 15 0.25 4 11 16 2.0 1 11 17 -0.5 3 11 18 1.25 5 11 19 -1.25 2 11 20 0.5 4 11 21 -2.0 1 11 22 -0.25 3 11 23 1.5 5 11 24 -1.0 2 11 25 0.75 4 12 1 2.0 2 12 2 -0.5 4 12 3 1.25 1 12 4 -1.25 3 12 5 0.5 5 12 6 -2.0 2 12 7 -0.25 4 12 8 1.5 1 12 9 -1.0 3 12 10 0.75 5 12 11 -1.75 2 12 12 0.0 4 12 13 1.75 1 12 14 -0.75 3 12 15 1.0 5 12 16 -1.5 2 12 17 0.25 4 12 18 2.0 1 12 19 -0.5 3 12 20 1.25 5 12 21 -1.25 2 12 22 0.5 4 12 23 -2.0 1 12 24 -0.25 3 12 25 1.5 5 13 1 -1.5 3 13 2 0.25 5 13 3 2.0 2 13 4 -0.5 4 13 5 1.25 1 13 6 -1.25 3 13 7 0.5 5 13 8 -2.0 2 13 9 -0.25 4 13 10 1.5 1 13 11 -1.0 3 13 12 0.75 5 13 13 -1.75 2 13 14 0.0 4 13 15 1.75 1 13 16 -0.75 3 13 17 1.0 5 13 18 -1.5 2 13 19 0.25 4 13 20 2.0 1 13 21 -0.5 3 13 22 1.25 5 13 23 -1.25 2 13 24 0.5 4 13 25 -2.0 1 14 1 -0.75 4 14 2 1.0 1 14 3 -1.5 3 14 4 0.25 5 14 5 2.0 2 14 6 -0.5 4 14 7 1.25 1 14 8 -1.25 3 14 9 0.5 5 14 10 -2.0 2 14 11 -0.25 4 14 12 1.5 1 14 13 -1.0 3 14 14 0.75 5 14 15 -1.75 2 14 16 0.0 4 14 17 1.75 1 14 18 -0.75 3 14 19 1.0 5 14 20 -1.5 2 14 21 0.25 4 14 22 2.0 1 14 23 -0.5 3 14 24 1.25 5 14 25 -1.25 2 15 1 0.0 5 15 2 1.75 2 15 3 -0.75 4 15 4 1.0 1 15 5 -1.5 3 15 6 0.25 5 15 7 2.0 2 15 8 -0.5 4 15 9 1.25 1 15 10 -1.25 3 15 11 0.5 5 15 12 -2.0 2 15 13 -0.25 4 15 14 1.5 1 15 15 -1.0 3 15 16 0.75 5 15 17 -1.75 2 15 18 0.0 4 15 19 1.75 1 15 20 -0.75 3 15 21 1.0 5 15 22 -1.5 2 15 23 0.25 4 15 24 2.0 1 15 25 -0.5 3 16 1 0.75 1 16 2 -1.75 3 16 3 0.0 5 16 4 1.75 2 16 5 -0.75 4 16 6 1.0 1 16 7 -1.5 3 16 8 0.25 5 16 9 2.0 2 16 10 -0.5 4 16 11 1.25 1 16 12 -1.25 3 16 13 0.5 5 16 14 -2.0 2 16 15 -0.25 4 16 16 1.5 1 16 17 -1.0 3 16 18 0.75 5 16 19 -1.75 2 16 20 0.0 4 16 21 1.75 1 16 22 -0.75 3 16 23 1.0 5 16 24 -1.5 2 16 25 0.25 4 17 1 1.5 2 17 2 -1.0 4 17 3 0.75 1 17 4 -1.75 3 17 5 0.0 5 17 6 1.75 2 17 7 -0.75 4 17 8 1.0 1 17 9 -1.5 3 17 10 0.25 5 17 11 2.0 2 17 12 -0.5 4 17 13 1.25 1 17 14 -1.25 3 17 15 0.5 5 17 16 -2.0 2 17 17 -0.25 4 17 18 1.5 1 17 19 -1.0 3 17 20 0.75 5 17 21 -1.75 2 17 22 0.0 4 17 23 1.75 1 17 24 -0.75 3 17 25 1.0 5 18 1 -2.0 3 18 2 -0.25 5 18 3 1.5 2 18 4 -1.0 4 18 5 0.75 1 18 6 -1.75 3 18 7 0.0 5 18 8 1.75 2 18 9 -0.75 4 18 10 1.0 1 18 11 -1.5 3 18 12 0.25 5 18 13 2.0 2 18 14 -0.5 4 18 15 1.25 1 18 16 -1.25 3 18 17 0.5 5 18 18 -2.0 2 18 19 -0.25 4 18 20 1.5 1 18 21 -1.0 3 18 22 0.75 5 18 23 -1.75 2 18 24 0.0 4 18 25 1.75 1 19 1 -1.25 4 19 2 0.5 1 19 3 -2.0 3 19 4 -0.25 5 19 5 1.5 2 19 6 -1.0 4 19 7 0.75 1 19 8 -1.75 3 19 9 0.0 5 19 10 1.75 2 19 11 -0.75 4 19 12 1.0 1 19 13 -1.5 3 19 14 0.25 5 19 15 2.0 2 19 16 -0.5 4 19 17 1.25 1 19 18 -1.25 3 19 19 0.5 5 19 20 -2.0 2 19 21 -0.25 4 19 22 1.5 1 19 23 -1.0 3 19 24 0.75 5 19 25 -1.75 2 20 1 -0.5 5 20 2 1.25 2 20 3 -1.25 4 20 4 0.5 1 20 5 -2.0 3 20 6 -0.25 5 20 7 1.5 2 20 8 -1.0 4 20 9 0.75 1 20 10 -1.75 3 20 11 0.0 5 20 12 1.75 2 20 13 -0.75 4 20 14 1.0 1 20 15 -1.5 3 20 16 0.25 5 20 17 2.0 2 20 18 -0.5 4 20 19 1.25 1 20 20 -1.25 3 20 21 0.5 5 20 22 -2.0 2 20 23 -0.25 4 20 24 1.5 1 20 25 -1.0 3 21 1 0.25 1 21 2 2.0 3 21 3 -0.5 5 21 4 1.25 2 21 5 -1.25 4 21 6 0.5 1 21 7 -2.0 3 21 8 -0.25 5 21 9 1.5 2 21 10 -1.0 4 21 11 0.75 1 21 12 -1.75 3 21 13 0.0 5 21 14 1.75 2 21 15 -0.75 4 21 16 1.0 1 21 17 -1.5 3 21 18 0.25 5 21 19 2.0 2 21 20 -0.5 4 21 21 1.25 1 21 22 -1.25 3 21 23 0.5 5 21 24 -2.0 2 21 25 -0.25 4 22 1 1.0 2 22 2 -1.5 4 22 3 0.25 1 22 4 2.0 3 22 5 -0.5 5 22 6 1.25 2 22 7 -1.25 4 22 8 0.5 1 22 9 -2.0 3 22 10 -0.25 5 22 11 1.5 2 22 12 -1.0 4 22 13 0.75 1 22 14 -1.75 3 22 15 0.0 5 22 16 1.75 2 22 17 -0.75 4 22 18 1.0 1 22 19 -1.5 3 22 20 0.25 5 22 21 2.0 2 22 22 -0.5 4 22 23 1.25 1 22 24 -1.25 3 22 25 0.5 5 23 1 1.75 3 23 2 -0.75 5 23 3 1.0 2 23 4 -1.5 4 23 5 0.25 1 23 6 2.0 3 23 7 -0.5 5 23 8 1.25 2 23 9 -1.25 4 23 10 0.5 1 23 11 -2.0 3 23 12 -0.25 5 23 13 1.5 2 23 14 -1.0 4 23 15 0.75 1 23 16 -1.75 3 23 17 0.0 5 23 18 1.75 2 23 19 -0.75 4 23 20 1.0 1 23 21 -1.5 3 23 22 0.25 5 23 23 2.0 2 23 24 -0.5 4 23 25 1.25 1 24 1 -1.75 4 24 2 0.0 1 24 3 1.75 3 24 4 -0.75 5 24 5 1.0 2 24 6 -1.5 4 24 7 0.25 1 24 8 2.0 3 24 9 -0.5 5 24 10 1.25 2 24 11 -1.25 4 24 12 0.5 1 24 13 -2.0 3 24 14 -0.25 5 24 15 1.5 2 24 16 -1.0 4 24 17 0.75 1 24 18 -1.75 3 24 19 0.0 5 24 20 1.75 2 24 21 -0.75 4 24 22 1.0 1 24 23 -1.5 3 24 24 0.25 5 24 25 2.0 2 25 1 -1.0 5 25 2 0.75 2 25 3 -1.75 4 25 4 0.0 1 25 5 1.75 3 25 6 -0.75 5 25 7 1.0 2 25 8 -1.5 4 25 9 0.25 1 25 10 2.0 3 25 11 -0.5 5 25 12 1.25 2 25 13 -1.25 4 25 14 0.5 1 25 15 -2.0 3 25 16 -0.25 5 25 17 1.5 2 25 18 -1.0 4 25 19 0.75 1 25 20 -1.75 3 25 21 0.0 5 25 22 1.75 2 25 23 -0.75 4 25 24 1.0 1 25 25 -1.5 3 26 1 -0.25 1 26 2 1.5 3 26 3 -1.0 5 26 4 0.75 2 26 5 -1.75 4 26 6 0.0 1 26 7 1.75 3 26 8 -0.75 5 26 9 1.0 2 26 10 -1.5 4 26 11 0.25 1 26 12 2.0 3 26 13 -0.5 5 26 14 1.25 2 26 15 -1.25 4 26 16 0.5 1 26 17 -2.0 3 26 18 -0.25 5 26 19 1.5 2 26 20 -1.0 4 26 21 0.75 1 26 22 -1.75 3 26 23 0.0 5 26 24 1.75 2 26 25 -0.75 4 27 1 0.5 2 27 2 -2.0 4 27 3 -0.25 1 27 4 1.5 3 27 5 -1.0 5 27 6 0.75 2 27 7 -1.75 4 27 8 0.0 1 27 9 1.75 3 27 10 -0.75 5 27 11 1.0 2 27 12 -1.5 4 27 13 0.25 1 27 14 2.0 3 27 15 -0.5 5 27 16 1.25 2 27 17 -1.25 4 27 18 0.5 1 27 19 -2.0 3 27 20 -0.25 5 27 21 1.5 2 27 22 -1.0 4 27 23 0.75 1 27 24 -1.75 3 27 25 0.0 5 0.0 1 1.0 1 2.0 1 3.0 1 4.0 1 5.0 1 6.0 1 7.0 1 8.0 1 9.0 1 10.0 1 11.0 1 12.0 1 13.0 1 14.0 1 15.0 1 16.0 1 17.0 1 18.0 1 19.0 1 20.0 1 21.0 1 22.0 1 23.0 1 24.0 1 25.0 1 26.0 1 27.0 1 0.0 1 1.0 24 3.0 1 D B 24 24
uniform_periodic_periodic_p24_24_q24_25_r1 24 24 27 25 28 3 1 1 1 1 1 -2.0 1 1 2 -0.25 3 1 3 1.5 5 1 4 -1.0 2 1 5 0.75 4 1 6 -1.75 1 1 7 0.0 3 1 8 1.75 5 1 9 -0.75 2 1 10 1.0 4 1 11 -1.5 1 1 12 0.25 3 1 13 2.0 5 1 14 -0.5 2 1 15 1.25 4 1 16 -1.25 1 1 17 0.5 3 1 18 -2.0 5 1 19 -0.25 2 1 20 1.5 4 1 21 -1.0 1 1 22 0.75 3 1 23 -1.75 5 1 24 0.0 2 1 25 1.75 4 2 1 -1.25 2 2 2 0.5 4 2 3 -2.0 1 2 4 -0.25 3 2 5 1.5 5 2 6 -1.0 2 2 7 0.75 4 2 8 -1.75 1 2 9 0.0 3 2 10 1.75 5 2 11 -0.75 2 2 12 1.0 4 2 13 -1.5 1 2 14 0.25 3 2 15 2.0 5 2 16 -0.5 2 2 17 1.25 4 2 18 -1.25 1 2 19 0.5 3 2 20 -2.0 5 2 21 -0.25 2 2 22 1.5 4 2 23 -1.0 1 2 24 0.75 3 2 25 -1.75 5 3 1 -0.5 3 3 2 1.25 5 3 3 -1.25 2 3 4 0.5 4 3 5 -2.0 1 3 6 -0.25 3 3 7 1.5 5 3 8 -1.0 2 3 9 0.75 4 3 10 -1.75 1 3 11 0.0 3 3 12 1.75 5 3 13 -0.75 2 3 14 1.0 4 3 15 -1.5 1 3 16 0.25 3 3 17 2.0 5 3 18 -0.5 2 3 19 1.25 4 3 20 -1.25 1 3 21 0.5 3 3 22 -2.0 5 3 23 -0.25 2 3 24 1.5 4 3 25 -1.0 1 4 1 0.25 4 4 2 2.0 1 4 3 -0.5 3 4 4 1.25 5 4 5 -1.25 2 4 6 0.5 4 4 7 -2.0 1 4 8 -0.25 3 4 9 1.5 5 4 10 -1.0 2 4 11 0.75 4 4 12 -1.75 1 4 13 0.0 3 4 14 1.75 5 4 15 -0.75 2 4 16 1.0 4 4 17 -1.5 1 4 18 0.25 3 4 19 2.0 5 4 20 -0.5 2 4 21 1.25 4 4 22 -1.25 1 4 23 0.5 3 4 24 -2.0 5 4 25 -0.25 2 5 1 1.0 5 5 2 -1.5 2 5 3 0.25 4 5 4 2.0 1 5 5 -0.5 3 5 6 1.25 5 5 7 -1.25 2 5 8 0.5 4 5 9 -2.0 1 5 10 -0.25 3 5 11 1.5 5 5 12 -1.0 2 5 13 0.75 4 5 14 -1.75 1 5 15 0.0 3 5 16 1.75 5 5 17 -0.75 2 5 18 1.0 4 5 19 -1.5 1 5 20 0.25 3 5 21 2.0 5 5 22 -0.5 2 5 23 1.25 4 5 24 -1.25 1 5 25 0.5 3 6 1 1.75 1 6 2 -0.75 3 6 3 1.0 5 6 4 -1.5 2 6 5 0.25 4 6 6 2.0 1 6 7 -0.5 3 6 8 1.25 5 6 9 -1.25 2 6 10 0.5 4 6 11 -2.0 1 6 12 -0.25 3 6 13 1.5 5 6 14 -1.0 2 6 15 0.75 4 6 16 -1.75 1 6 17 0.0 3 6 18 1.75 5 6 19 -0.75 2 6 20 1.0 4 6 21 -1.5 1 6 22 0.25 3 6 23 2.0 5 6 24 -0.5 2 6 25 1.25 4 7 1 -1.75 2 7 2 0.0 4 7 3 1.75 1 7 4 -0.75 3 7 5 1.0 5 7 6 -1.5 2 7 7 0.25 4 7 8 2.0 1 7 9 -0.5 3 7 10 1.25 5 7 11 -1.25 2 7 12 0.5 4 7 13 -2.0 1 7 14 -0.25 3 7 15 1.5 5 7 16 -1.0 2 7 17 0.75 4 7 18 -1.75 1 7 19 0.0 3 7 20 1.75 5 7 21 -0.75 2 7 22 1.0 4 7 23 -1.5 1 7 24 0.25 3 7 25 2.0 5 8 1 -1.0 3 8 2 0.75 5 8 3 -1.75 2 8 4 0.0 4 8 5 1.75 1 8 6 -0.75 3 8 7 1.0 5 8 8 -1.5 2 8 9 0.25 4 8 10 2.0 1 8 11 -0.5 3 8 12 1.25 5 8 13 -1.25 2 8 14 0.5 4 8 15 -2.0 1 8 16 -0.25 3 8 17 1.5 5 8 18 -1.0 2 8 19 0.75 4 8 20 -1.75 1 8 21 0.0 3 8 22 1.75 5 8 23 -0.75 2 8 24 1.0 4 8 25 -1.5 1 9 1 -0.25 4 9 2 1.5 1 9 3 -1.0 3 9 4 0.75 5 9 5 -1.75 2 9 6 0.0 4 9 7 1.75 1 9 8 -0.75 3 9 9 1.0 5 9 10 -1.5 2 9 11 0.25 4 9 12 2.0 1 9 13 -0.5 3 9 14 1.25 5 9 15 -1.25 2 9 16 0.5 4 9 17 -2.0 1 9 18 -0.25 3 9 19 1.5 5 9 20 -1.0 2 9 21 0.75 4 9 22 -1.75 1 9 23 0.0 3 9 24 1.75 5 9 25 -0.75 2 10 1 0.5 5 10 2 -2.0 2 10 3 -0.25 4 10 4 1.5 1 10 5 -1.0 3 10 6 0.75 5 10 7 -1.75 2 10 8 0.0 4 10 9 1.75 1 10 10 -0.75 3 10 11 1.0 5 10 12 -1.5 2 10 13 0.25 4 10 14 2.0 1 10 15 -0.5 3 10 16 1.25 5 10 17 -1.25 2 10 18 0.5 4 10 19 -2.0 1 10 20 -0.25 3 10 21 1.5 5 10 22 -1.0 2 10 23 0.75 4 10 24 -1.75 1 10 25 0.0 3 11 1 1.25 1 11 2 -1.25 3 11 3 0.5 5 11 4 -2.0 2 11 5 -0.25 4 11 6 1.5 1 11 7 -1.0 3 11 8 0.75 5 11 9 -1.75 2 11 10 0.0 4 11 11 1.75 1 11 12 -0.75 3 11 13 1.0 5 11 14 -1.5 2 11 15 0.25 4 11 16 2.0 1 11 17 -0.5 3 11 18 1.25 5 11 19 -1.25 2 11 20 0.5 4 11 21 -2.0 1 11 22 -0.25 3 11 23 1.5 5 11 24 -1.0 2 11 25 0.75 4 12 1 2.0 2 12 2 -0.5 4 12 3 1.25 1 12 4 -1.25 3 12 5 0.5 5 12 6 -2.0 2 12 7 -0.25 4 12 8 1.5 1 12 9 -1.0 3 12 10 0.75 5 12 11 -1.75 2 12 12 0.0 4 12 13 1.75 1 12 14 -0.75 3 12 15 1.0 5 12 16 -1.5 2 12 17 0.25 4 12 18 2.0 1 12 19 -0.5 3 12 20 1.25 5 12 21 -1.25 2 12 22 0.5 4 12 23 -2.0 1 12 24 -0.25 3 12 25 1.5 5 13 1 -1.5 3 13 2 0.25 5 13 3 2.0 2 13 4 -0.5 4 13 5 1.25 1 13 6 -1.25 3 13 7 0.5 5 13 8 -2.0 2 13 9 -0.25 4 13 10 1.5 1 13 11 -1.0 3 13 12 0.75 5 13 13 -1.75 2 13 14 0.0 4 13 15 1.75 1 13 16 -0.75 3 13 17 1.0 5 13 18 -1.5 2 13 19 0.25 4 13 20 2.0 1 13 21 -0.5 3 13 22 1.25 5 13 23 -1.25 2 13 24 0.5 4 13 25 -2.0 1 14 1 -0.75 4 14 2 1.0 1 14 3 -1.5 3 14 4 0.25 5 14 5 2.0 2 14 6 -0.5 4 14 7 1.25 1 14 8 -1.25 3 14 9 0.5 5 14 10 -2.0 2 14 11 -0.25 4 14 12 1.5 1 14 13 -1.0 3 14 14 0.75 5 14 15 -1.75 2 14 16 0.0 4 14 17 1.75 1 14 18 -0.75 3 14 19 1.0 5 14 20 -1.5 2 14 21 0.25 4 14 22 2.0 1 14 23 -0.5 3 14 24 1.25 5 14 25 -1.25 2 15 1 0.0 5 15 2 1.75 2 15 3 -0.75 4 15 4 1.0 1 15 5 -1.5 3 15 6 0.25 5 15 7 2.0 2 15 8 -0.5 4 15 9 1.25 1 15 10 -1.25 3 15 11 0.5 5 15 12 -2.0 2 15 13 -0.25 4 15 14 1.5 1 15 15 -1.0 3 15 16 0.75 5 15 17 -1.75 2 15 18 0.0 4 15 19 1.75 1 15 20 -0.75 3 15 21 1.0 5 15 22 -1.5 2 15 23 0.25 4 15 24 2.0 1 15 25 -0.5 3 16 1 0.75 1 16 2 -1.75 3 16 3 0.0 5 16 4 1.75 2 16 5 -0.75 4 16 6 1.0 1 16 7 -1.5 3 16 8 0.25 5 16 9 2.0 2 16 10 -0.5 4 16 11 1.25 1 16 12 -1.25 3 16 13 0.5 5 16 14 -2.0 2 16 15 -0.25 4 16 16 1.5 1 16 17 -1.0 3 16 18 0.75 5 16 19 -1.75 2 16 20 0.0 4 16 21 1.75 1 16 22 -0.75 3 16 23 1.0 5 16 24 -1.5 2 16 25 0.25 4 17 1 1.5 2 17 2 -1.0 4 17 3 0.75 1 17 4 -1.75 3 17 5 0.0 5 17 6 1.75 2 17 7 -0.75 4 17 8 1.0 1 17 9 -1.5 3 17 10 0.25 5 17 11 2.0 2 17 12 -0.5 4 17 13 1.25 1 17 14 -1.25 3 17 15 0.5 5 17 16 -2.0 2 17 17 -0.25 4 17 18 1.5 1 17 19 -1.0 3 17 20 0.75 5 17 21 -1.75 2 17 22 0.0 4 17 23 1.75 1 17 24 -0.75 3 17 25 1.0 5 18 1 -2.0 3 18 2 -0.25 5 18 3 1.5 2 18 4 -1.0 4 18 5 0.75 1 18 6 -1.75 3 18 7 0.0 5 18 8 1.75 2 18 9 -0.75 4 18 10 1.0 1 18 11 -1.5 3 18 12 0.25 5 18 13 2.0 2 18 14 -0.5 4 18 15 1.25 1 18 16 -1.25 3 18 17 0.5 5 18 18 -2.0 2 18 19 -0.25 4 18 20 1.5 1 18 21 -1.0 3 18 22 0.75 5 18 23 -1.75 2 18 24 0.0 4 18 25 1.75 1 19 1 -1.25 4 19 2 0.5 1 19 3 -2.0 3 19 4 -0.25 5 19 5 1.5 2 19 6 -1.0 4 19 7 0.75 1 19 8 -1.75 3 19 9 0.0 5 19 10 1.75 2 19 11 -0.75 4 19 12 1.0 1 19 13 -1.5 3 19 14 0.25 5 19 15 2.0 2 19 16 -0.5 4 19 17 1.25 1 19 18 -1.25 3 19 19 0.5 5 19 20 -2.0 2 19 21 -0.25 4 19 22 1.5 1 19 23 -1.0 3 19 24 0.75 5 19 25 -1.75 2 20 1 -0.5 5 20 2 1.25 2 20 3 -1.25 4 20 4 0.5 1 20 5 -2.0 3 20 6 -0.25 5 20 7 1.5 2 20 8 -1.0 4 20 9 0.75 1 20 10 -1.75 3 20 11 0.0 5 20 12 1.75 2 20 13 -0.75 4 20 14 1.0 1 20 15 -1.5 3 20 16 0.25 5 20 17 2.0 2 20 18 -0.5 4 20 19 1.25 1 20 20 -1.25 3 20 21 0.5 5 20 22 -2.0 2 20 23 -0.25 4 20 24 1.5 1 20 25 -1.0 3 21 1 0.25 1 21 2 2.0 3 21 3 -0.5 5 21 4 1.25 2 21 5 -1.25 4 21 6 0.5 1 21 7 -2.0 3 21 8 -0.25 5 21 9 1.5 2 21 10 -1.0 4 21 11 0.75 1 21 12 -1.75 3 21 13 0.0 5 21 14 1.75 2 21 15 -0.75 4 21 16 1.0 1 21 17 -1.5 3 21 18 0.25 5 21 19 2.0 2 21 20 -0.5 4 21 21 1.25 1 21 22 -1.25 3 21 23 0.5 5 21 24 -2.0 2 21 25 -0.25 4 22 1 1.0 2 22 2 -1.5 4 22 3 0.25 1 22 4 2.0 3 22 5 -0.5 5 22 6 1.25 2 22 7 -1.25 4 22 8 0.5 1 22 9 -2.0 3 22 10 -0.25 5 22 11 1.5 2 22 12 -1.0 4 22 13 0.75 1 22 14 -1.75 3 22 15 0.0 5 22 16 1.75 2 22 17 -0.75 4 22 18 1.0 1 22 19 -1.5 3 22 20 0.25 5 22 21 2.0 2 22 22 -0.5 4 22 23 1.25 1 22 24 -1.25 3 22 25 0.5 5 23 1 1.75 3 23 2 -0.75 5 23 3 1.0 2 23 4 -1.5 4 23 5 0.25 1 23 6 2.0 3 23 7 -0.5 5 23 8 1.25 2 23 9 -1.25 4 23 10 0.5 1 23 11 -2.0 3 23 12 -0.25 5 23 13 1.5 2 23 14 -1.0 4 23 15 0.75 1 23 16 -1.75 3 23 17 0.0 5 23 18 1.75 2 23 19 -0.75 4 23 20 1.0 1 23 21 -1.5 3 23 22 0.25 5 23 23 2.0 2 23 24 -0.5 4 23 25 1.25 1 24 1 -1.75 4 24 2 0.0 1 24 3 1.75 3 24 4 -0.75 5 24 5 1.0 2 24 6 -1.5 4 24 7 0.25 1 24 8 2.0 3 24 9 -0.5 5 24 10 1.25 2 24 11 -1.25 4 24 12 0.5 1 24 13 -2.0 3 24 14 -0.25 5 24 15 1.5 2 24 16 -1.0 4 24 17 0.75 1 24 18 -1.75 3 24 19 0.0 5 24 20 1.75 2 24 21 -0.75 4 24 22 1.0 1 24 23 -1.5 3 24 24 0.25 5 24 25 2.0 2 25 1 -1.0 5 25 2 0.75 2 25 3 -1.75 4 25 4 0.0 1 25 5 1.75 3 25 6 -0.75 5 25 7 1.0 2 25 8 -1.5 4 25 9 0.25 1 25 10 2.0 3 25 11 -0.5 5 25 12 1.25 2 25 13 -1.25 4 25 14 0.5 1 25 15 -2.0 3 25 16 -0.25 5 25 17 1.5 2 25 18 -1.0 4 25 19 0.75 1 25 20 -1.75 3 25 21 0.0 5 25 22 1.75 2 25 23 -0.75 4 25 24 1.0 1 25 25 -1.5 3 26 1 -0.25 1 26 2 1.5 3 26 3 -1.0 5 26 4 0.75 2 26 5 -1.75 4 26 6 0.0 1 26 7 1.75 3 26 8 -0.75 5 26 9 1.0 2 26 10 -1.5 4 26 11 0.25 1 26 12 2.0 3 26 13 -0.5 5 26 14 1.25 2 26 15 -1.25 4 26 16 0.5 1 26 17 -2.0 3 26 18 -0.25 5 26 19 1.5 2 26 20 -1.0 4 26 21 0.75 1 26 22 -1.75 3 26 23 0.0 5 26 24 1.75 2 26 25 -0.75 4 27 1 0.5 2 27 2 -2.0 4 27 3 -0.25 1 27 4 1.5 3 27 5 -1.0 5 27 6 0.75 2 27 7 -1.75 4 27 8 0.0 1 27 9 1.75 3 27 10 -0.75 5 27 11 1.0 2 27 12 -1.5 4 27 13 0.25 1 27 14 2.0 3 27 15 -0.5 5 27 16 1.25 2 27 17 -1.25 4 27 18 0.5 1 27 19 -2.0 3 27 20 -0.25 5 27 21 1.5 2 27 22 -1.0 4 27 23 0.75 1 27 24 -1.75 3 27 25 0.0 5 0.0 1 1.0 1 2.0 1 3.0 1 4.0 1 5.0 1 6.0 1 7.0 1 8.0 1 9.0 1 10.0 1 11.0 1 12.0 1 13.0 1 14.0 1 15.0 1 16.0 1 17.0 1 18.0 1 19.0 1 20.0 1 21.0 1 22.0 1 23.0 1 24.0 1 25.0 1 26.0 1 27.0 1 0.0 1 1.0 24 3.0 1 D B 24 25
uniform_periodic_periodic_p24_24_q25_24_r1 24 24 27 25 28 3 1 1 1 1 1 -2.0 1 1 2 -0.25 3 1 3 1.5 5 1 4 -1.0 2 1 5 0.75 4 1 6 -1.75 1 1 7 0.0 3 1 8 1.75 5 1 9 -0.75 2 1 10 1.0 4 1 11 -1.5 1 1 12 0.25 3 1 13 2.0 5 1 14 -0.5 2 1 15 1.25 4 1 16 -1.25 1 1 17 0.5 3 1 18 -2.0 5 1 19 -0.25 2 1 20 1.5 4 1 21 -1.0 1 1 22 0.75 3 1 23 -1.75 5 1 24 0.0 2 1 25 1.75 4 2 1 -1.25 2 2 2 0.5 4 2 3 -2.0 1 2 4 -0.25 3 2 5 1.5 5 2 6 -1.0 2 2 7 0.75 4 2 8 -1.75 1 2 9 0.0 3 2 10 1.75 5 2 11 -0.75 2 2 12 1.0 4 2 13 -1.5 1 2 14 0.25 3 2 15 2.0 5 2 16 -0.5 2 2 17 1.25 4 2 18 -1.25 1 2 19 0.5 3 2 20 -2.0 5 2 21 -0.25 2 2 22 1.5 4 2 23 -1.0 1 2 24 0.75 3 2 25 -1.75 5 3 1 -0.5 3 3 2 1.25 5 3 3 -1.25 2 3 4 0.5 4 3 5 -2.0 1 3 6 -0.25 3 3 7 1.5 5 3 8 -1.0 2 3 9 0.75 4 3 10 -1.75 1 3 11 0.0 3 3 12 1.75 5 3 13 -0.75 2 3 14 1.0 4 3 15 -1.5 1 3 16 0.25 3 3 17 2.0 5 3 18 -0.5 2 3 19 1.25 4 3 20 -1.25 1 3 21 0.5 3 3 22 -2.0 5 3 23 -0.25 2 3 24 1.5 4 3 25 -1.0 1 4 1 0.25 4 4 2 2.0 1 4 3 -0.5 3 4 4 1.25 5 4 5 -1.25 2 4 6 0.5 4 4 7 -2.0 1 4 8 -0.25 3 4 9 1.5 5 4 10 -1.0 2 4 11 0.75 4 4 12 -1.75 1 4 13 0.0 3 4 14 1.75 5 4 15 -0.75 2 4 16 1.0 4 4 17 -1.5 1 4 18 0.25 3 4 19 2.0 5 4 20 -0.5 2 4 21 1.25 4 4 22 -1.25 1 4 23 0.5 3 4 24 -2.0 5 4 25 -0.25 2 5 1 1.0 5 5 2 -1.5 2 5 3 0.25 4 5 4 2.0 1 5 5 -0.5 3 5 6 1.25 5 5 7 -1.25 2 5 8 0.5 4 5 9 -2.0 1 5 10 -0.25 3 5 11 1.5 5 5 12 -1.0 2 5 13 0.75 4 5 14 -1.75 1 5 15 0.0 3 5 16 1.75 5 5 17 -0.75 2 5 18 1.0 4 5 19 -1.5 1 5 20 0.25 3 5 21 2.0 5 5 22 -0.5 2 5 23 1.25 4 5 24 -1.25 1 5 25 0.5 3 6 1 1.75 1 6 2 -0.75 3 6 3 1.0 5 6 4 -1.5 2 6 5 0.25 4 6 6 2.0 1 6 7 -0.5 3 6 8 1.25 5 6 9 -1.25 2 6 10 0.5 4 6 11 -2.0 1 6 12 -0.25 3 6 13 1.5 5 6 14 -1.0 2 6 15 0.75 4 6 16 -1.75 1 6 17 0.0 3 6 18 1.75 5 6 19 -0.75 2 6 20 1.0 4 6 21 -1.5 1 6 22 0.25 3 6 23 2.0 5 6 24 -0.5 2 6 25 1.25 4 7 1 -1.75 2 7 2 0.0 4 7 3 1.75 1 7 4 -0.75 3 7 5 1.0 5 7 6 -1.5 2 7 7 0.25 4 7 8 2.0 1 7 9 -0.5 3 7 10 1.25 5 7 11 -1.25 2 7 12 0.5 4 7 13 -2.0 1 7 14 -0.25 3 7 15 1.5 5 7 16 -1.0 2 7 17 0.75 4 7 18 -1.75 1 7 19 0.0 3 7 20 1.75 5 7 21 -0.75 2 7 22 1.0 4 7 23 -1.5 1 7 24 0.25 3 7 25 2.0 5 8 1 -1.0 3 8 2 0.75 5 8 3 -1.75 2 8 4 0.0 4 8 5 1.75 1 8 6 -0.75 3 8 7 1.0 5 8 8 -1.5 2 8 9 0.25 4 8 10 2.0 1 8 11 -0.5 3 8 12 1.25 5 8 13 -1.25 2 8 14 0.5 4 8 15 -2.0 1 8 16 -0.25 3 8 17 1.5 5 8 18 -1.0 2 8 19 0.75 4 8 20 -1.75 1 8 21 0.0 3 8 22 1.75 5 8 23 -0.75 2 8 24 1.0 4 8 25 -1.5 1 9 1 -0.25 4 9 2 1.5 1 9 3 -1.0 3 9 4 0.75 5 9 5 -1.75 2 9 6 0.0 4 9 7 1.75 1 9 8 -0.75 3 9 9 1.0 5 9 10 -1.5 2 9 11 0.25 4 9 12 2.0 1 9 13 -0.5 3 9 14 1.25 5 9 15 -1.25 2 9 16 0.5 4 9 17 -2.0 1 9 18 -0.25 3 9 19 1.5 5 9 20 -1.0 2 9 21 0.75 4 9 22 -1.75 1 9 23 0.0 3 9 24 1.75 5 9 25 -0.75 2 10 1 0.5 5 10 2 -2.0 2 10 3 -0.25 4 10 4 1.5 1 10 5 -1.0 3 10 6 0.75 5 10 7 -1.75 2 10 8 0.0 4 10 9 1.75 1 10 10 -0.75 3 10 11 1.0 5 10 12 -1.5 2 10 13 0.25 4 10 14 2.0 1 10 15 -0.5 3 10 16 1.25 5 10 17 -1.25 2 10 18 0.5 4 10 19 -2.0 1 10 20 -0.25 3 10 21 1.5 5 10 22 -1.0 2 10 23 0.75 4 10 24 -1.75 1 10 25 0.0 3 11 1 1.25 1 11 2 -1.25 3 11 3 0.5 5 11 4 -2.0 2 11 5 -0.25 4 11 6 1.5 1 11 7 -1.0 3 11 8 0.75 5 11 9 -1.75 2 11 10 0.0 4 11 11 1.75 1 11 12 -0.75 3 11 13 1.0 5 11 14 -1.5 2 11 15 0.25 4 11 16 2.0 1 11 17 -0.5 3 11 18 1.25 5 11 19 -1.25 2 11 20 0.5 4 11 21 -2.0 1 11 22 -0.25 3 11 23 1.5 5 11 24 -1.0 2 11 25 0.75 4 12 1 2.0 2 12 2 -0.5 4 12 3 1.25 1 12 4 -1.25 3 12 5 0.5 5 12 6 -2.0 2 12 7 -0.25 4 12 8 1.5 1 12 9 -1.0 3 12 10 0.75 5 12 11 -1.75 2 12 12 0.0 4 12 13 1.75 1 12 14 -0.75 3 12 15 1.0 5 12 16 -1.5 2 12 17 0.25 4 12 18 2.0 1 12 19 -0.5 3 12 20 1.25 5 12 21 -1.25 2 12 22 0.5 4 12 23 -2.0 1 12 24 -0.25 3 12 25 1.5 5 13 1 -1.5 3 13 2 0.25 5 13 3 2.0 2 13 4 -0.5 4 13 5 1.25 1 13 6 -1.25 3 13 7 0.5 5 13 8 -2.0 2 13 9 -0.25 4 13 10 1.5 1 13 11 -1.0 3 13 12 0.75 5 13 13 -1.75 2 13 14 0.0 4 13 15 1.75 1 13 16 -0.75 3 13 17 1.0 5 13 18 -1.5 2 13 19 0.25 4 13 20 2.0 1 13 21 -0.5 3 13 22 1.25 5 13 23 -1.25 2 13 24 0.5 4 13 25 -2.0 1 14 1 -0.75 4 14 2 1.0 1 14 3 -1.5 3 14 4 0.25 5 14 5 2.0 2 14 6 -0.5 4 14 7 1.25 1 14 8 -1.25 3 14 9 0.5 5 14 10 -2.0 2 14 11 -0.25 4 14 12 1.5 1 14 13 -1.0 3 14 14 0.75 5 14 15 -1.75 2 14 16 0.0 4 14 17 1.75 1 14 18 -0.75 3 14 19 1.0 5 14 20 -1.5 2 14 21 0.25 4 14 22 2.0 1 14 23 -0.5 3 14 24 1.25 5 14 25 -1.25 2 15 1 0.0 5 15 2 1.75 2 15 3 -0.75 4 15 4 1.0 1 15 5 -1.5 3 15 6 0.25 5 15 7 2.0 2 15 8 -0.5 4 15 9 1.25 1 15 10 -1.25 3 15 11 0.5 5 15 12 -2.0 2 15 13 -0.25 4 15 14 1.5 1 15 15 -1.0 3 15 16 0.75 5 15 17 -1.75 2 15 18 0.0 4 15 19 1.75 1 15 20 -0.75 3 15 21 1.0 5 15 22 -1.5 2 15 23 0.25 4 15 24 2.0 1 15 25 -0.5 3 16 1 0.75 1 16 2 -1.75 3 16 3 0.0 5 16 4 1.75 2 16 5 -0.75 4 16 6 1.0 1 16 7 -1.5 3 16 8 0.25 5 16 9 2.0 2 16 10 -0.5 4 16 11 1.25 1 16 12 -1.25 3 16 13 0.5 5 16 14 -2.0 2 16 15 -0.25 4 16 16 1.5 1 16 17 -1.0 3 16 18 0.75 5 16 19 -1.75 2 16 20 0.0 4 16 21 1.75 1 16 22 -0.75 3 16 23 1.0 5 16 24 -1.5 2 16 25 0.25 4 17 1 1.5 2 17 2 -1.0 4 17 3 0.75 1 17 4 -1.75 3 17 5 0.0 5 17 6 1.75 2 17 7 -0.75 4 17 8 1.0 1 17 9 -1.5 3 17 10 0.25 5 17 11 2.0 2 17 12 -0.5 4 17 13 1.25 1 17 14 -1.25 3 17 15 0.5 5 17 16 -2.0 2 17 17 -0.25 4 17 18 1.5 1 17 19 -1.0 3 17 20 0.75 5 17 21 -1.75 2 17 22 0.0 4 17 23 1.75 1 17 24 -0.75 3 17 25 1.0 5 18 1 -2.0 3 18 2 -0.25 5 18 3 1.5 2 18 4 -1.0 4 18 5 0.75 1 18 6 -1.75 3 18 7 0.0 5 18 8 1.75 2 18 9 -0.75 4 18 10 1.0 1 18 11 -1.5 3 18 12 0.25 5 18 13 2.0 2 18 14 -0.5 4 18 15 1.25 1 18 16 -1.25 3 18 17 0.5 5 18 18 -2.0 2 18 19 -0.25 4 18 20 1.5 1 18 21 -1.0 3 18 22 0.75 5 18 23 -1.75 2 18 24 0.0 4 18 25 1.75 1 19 1 -1.25 4 19 2 0.5 1 19 3 -2.0 3 19 4 -0.25 5 19 5 1.5 2 19 6 -1.0 4 19 7 0.75 1 19 8 -1.75 3 19 9 0.0 5 19 10 1.75 2 19 11 -0.75 4 19 12 1.0 1 19 13 -1.5 3 19 14 0.25 5 19 15 2.0 2 19 16 -0.5 4 19 17 1.25 1 19 18 -1.25 3 19 19 0.5 5 19 20 -2.0 2 19 21 -0.25 4 19 22 1.5 1 19 23 -1.0 3 19 24 0.75 5 19 25 -1.75 2 20 1 -0.5 5 20 2 1.25 2 20 3 -1.25 4 20 4 0.5 1 20 5 -2.0 3 20 6 -0.25 5 20 7 1.5 2 20 8 -1.0 4 20 9 0.75 1 20 10 -1.75 3 20 11 0.0 5 20 12 1.75 2 20 13 -0.75 4 20 14 1.0 1 20 15 -1.5 3 20 16 0.25 5 20 17 2.0 2 20 18 -0.5 4 20 19 1.25 1 20 20 -1.25 3 20 21 0.5 5 20 22 -2.0 2 20 23 -0.25 4 20 24 1.5 1 20 25 -1.0 3 21 1 0.25 1 21 2 2.0 3 21 3 -0.5 5 21 4 1.25 2 21 5 -1.25 4 21 6 0.5 1 21 7 -2.0 3 21 8 -0.25 5 21 9 1.5 2 21 10 -1.0 4 21 11 0.75 1 21 12 -1.75 3 21 13 0.0 5 21 14 1.75 2 21 15 -0.75 4 21 16 1.0 1 21 17 -1.5 3 21 18 0.25 5 21 19 2.0 2 21 20 -0.5 4 21 21 1.25 1 21 22 -1.25 3 21 23 0.5 5 21 24 -2.0 2 21 25 -0.25 4 22 1 1.0 2 22 2 -1.5 4 22 3 0.25 1 22 4 2.0 3 22 5 -0.5 5 22 6 1.25 2 22 7 -1.25 4 22 8 0.5 1 22 9 -2.0 3 22 10 -0.25 5 22 11 1.5 2 22 12 -1.0 4 22 13 0.75 1 22 14 -1.75 3 22 15 0.0 5 22 16 1.75 2 22 17 -0.75 4 22 18 1.0 1 22 19 -1.5 3 22 20 0.25 5 22 21 2.0 2 22 22 -0.5 4 22 23 1.25 1 22 24 -1.25 3 22 25 0.5 5 23 1 1.75 3 23 2 -0.75 5 23 3 1.0 2 23 4 -1.5 4 23 5 0.25 1 23 6 2.0 3 23 7 -0.5 5 23 8 1.25 2 23 9 -1.25 4 23 10 0.5 1 23 11 -2.0 3 23 12 -0.25 5 23 13 1.5 2 23 14 -1.0 4 23 15 0.75 1 23 16 -1.75 3 23 17 0.0 5 23 18 1.75 2 23 19 -0.75 4 23 20 1.0 1 23 21 -1.5 3 23 22 0.25 5 23 23 2.0 2 23 24 -0.5 4 23 25 1.25 1 24 1 -1.75 4 24 2 0.0 1 24 3 1.75 3 24 4 -0.75 5 24 5 1.0 2 24 6 -1.5 4 24 7 0.25 1 24 8 2.0 3 24 9 -0.5 5 24 10 1.25 2 24 11 -1.25 4 24 12 0.5 1 24 13 -2.0 3 24 14 -0.25 5 24 15 1.5 2 24 16 -1.0 4 24 17 0.75 1 24 18 -1.75 3 24 19 0.0 5 24 20 1.75 2 24 21 -0.75 4 24 22 1.0 1 24 23 -1.5 3 24 24 0.25 5 24 25 2.0 2 25 1 -1.0 5 25 2 0.75 2 25 3 -1.75 4 25 4 0.0 1 25 5 1.75 3 25 6 -0.75 5 25 7 1.0 2 25 8 -1.5 4 25 9 0.25 1 25 10 2.0 3 25 11 -0.5 5 25 12 1.25 2 25 13 -1.25 4 25 14 0.5 1 25 15 -2.0 3 25 16 -0.25 5 25 17 1.5 2 25 18 -1.0 4 25 19 0.75 1 25 20 -1.75 3 25 21 0.0 5 25 22 1.75 2 25 23 -0.75 4 25 24 1.0 1 25 25 -1.5 3 26 1 -0.25 1 26 2 1.5 3 26 3 -1.0 5 26 4 0.75 2 26 5 -1.75 4 26 6 0.0 1 26 7 1.75 3 26 8 -0.75 5 26 9 1.0 2 26 10 -1.5 4 26 11 0.25 1 26 12 2.0 3 26 13 -0.5 5 26 14 1.25 2 26 15 -1.25 4 26 16 0.5 1 26 17 -2.0 3 26 18 -0.25 5 26 19 1.5 2 26 20 -1.0 4 26 21 0.75 1 26 22 -1.75 3 26 23 0.0 5 26 24 1.75 2 26 25 -0.75 4 27 1 0.5 2 27 2 -2.0 4 27 3 -0.25 1 27 4 1.5 3 27 5 -1.0 5 27 6 0.75 2 27 7 -1.75 4 27 8 0.0 1 27 9 1.75 3 27 10 -0.75 5 27 11 1.0 2 27 12 -1.5 4 27 13 0.25 1 27 14 2.0 3 27 15 -0.5 5 27 16 1.25 2 27 17 -1.25 4 27 18 0.5 1 27 19 -2.0 3 27 20 -0.25 5 27 21 1.5 2 27 22 -1.0 4 27 23 0.75 1 27 24 -1.75 3 27 25 0.0 5 0.0 1 1.0 1 2.0 1 3.0 1 4.0 1 5.0 1 6.0 1 7.0 1 8.0 1 9.0 1 10.0 1 11.0 1 12.0 1 13.0 1 14.0 1 15.0 1 16.0 1 17.0 1 18.0 1 19.0 1 20.0 1 21.0 1 22.0 1 23.0 1 24.0 1 25.0 1 26.0 1 27.0 1 0.0 1 1.0 24 3.0 1 D B 25 24
uniform_periodic_periodic_p24_24_q25_25_r1 24 24 27 25 28 3 1 1 1 1 1 -2.0 1 1 2 -0.25 3 1 3 1.5 5 1 4 -1.0 2 1 5 0.75 4 1 6 -1.75 1 1 7 0.0 3 1 8 1.75 5 1 9 -0.75 2 1 10 1.0 4 1 11 -1.5 1 1 12 0.25 3 1 13 2.0 5 1 14 -0.5 2 1 15 1.25 4 1 16 -1.25 1 1 17 0.5 3 1 18 -2.0 5 1 19 -0.25 2 1 20 1.5 4 1 21 -1.0 1 1 22 0.75 3 1 23 -1.75 5 1 24 0.0 2 1 25 1.75 4 2 1 -1.25 2 2 2 0.5 4 2 3 -2.0 1 2 4 -0.25 3 2 5 1.5 5 2 6 -1.0 2 2 7 0.75 4 2 8 -1.75 1 2 9 0.0 3 2 10 1.75 5 2 11 -0.75 2 2 12 1.0 4 2 13 -1.5 1 2 14 0.25 3 2 15 2.0 5 2 16 -0.5 2 2 17 1.25 4 2 18 -1.25 1 2 19 0.5 3 2 20 -2.0 5 2 21 -0.25 2 2 22 1.5 4 2 23 -1.0 1 2 24 0.75 3 2 25 -1.75 5 3 1 -0.5 3 3 2 1.25 5 3 3 -1.25 2 3 4 0.5 4 3 5 -2.0 1 3 6 -0.25 3 3 7 1.5 5 3 8 -1.0 2 3 9 0.75 4 3 10 -1.75 1 3 11 0.0 3 3 12 1.75 5 3 13 -0.75 2 3 14 1.0 4 3 15 -1.5 1 3 16 0.25 3 3 17 2.0 5 3 18 -0.5 2 3 19 1.25 4 3 20 -1.25 1 3 21 0.5 3 3 22 -2.0 5 3 23 -0.25 2 3 24 1.5 4 3 25 -1.0 1 4 1 0.25 4 4 2 2.0 1 4 3 -0.5 3 4 4 1.25 5 4 5 -1.25 2 4 6 0.5 4 4 7 -2.0 1 4 8 -0.25 3 4 9 1.5 5 4 10 -1.0 2 4 11 0.75 4 4 12 -1.75 1 4 13 0.0 3 4 14 1.75 5 4 15 -0.75 2 4 16 1.0 4 4 17 -1.5 1 4 18 0.25 3 4 19 2.0 5 4 20 -0.5 2 4 21 1.25 4 4 22 -1.25 1 4 23 0.5 3 4 24 -2.0 5 4 25 -0.25 2 5 1 1.0 5 5 2 -1.5 2 5 3 0.25 4 5 4 2.0 1 5 5 -0.5 3 5 6 1.25 5 5 7 -1.25 2 5 8 0.5 4 5 9 -2.0 1 5 10 -0.25 3 5 11 1.5 5 5 12 -1.0 2 5 13 0.75 4 5 14 -1.75 1 5 15 0.0 3 5 16 1.75 5 5 17 -0.75 2 5 18 1.0 4 5 19 -1.5 1 5 20 0.25 3 5 21 2.0 5 5 22 -0.5 2 5 23 1.25 4 5 24 -1.25 1 5 25 0.5 3 6 1 1.75 1 6 2 -0.75 3 6 3 1.0 5 6 4 -1.5 2 6 5 0.25 4 6 6 2.0 1 6 7 -0.5 3 6 8 1.25 5 6 9 -1.25 2 6 10 0.5 4 6 11 -2.0 1 6 12 -0.25 3 6 13 1.5 5 6 14 -1.0 2 6 15 0.75 4 6 16 -1.75 1 6 17 0.0 3 6 18 1.75 5 6 19 -0.75 2 6 20 1.0 4 6 21 -1.5 1 6 22 0.25 3 6 23 2.0 5 6 24 -0.5 2 6 25 1.25 4 7 1 -1.75 2 7 2 0.0 4 7 3 1.75 1 7 4 -0.75 3 7 5 1.0 5 7 6 -1.5 2 7 7 0.25 4 7 8 2.0 1 7 9 -0.5 3 7 10 1.25 5 7 11 -1.25 2 7 12 0.5 4 7 13 -2.0 1 7 14 -0.25 3 7 15 1.5 5 7 16 -1.0 2 7 17 0.75 4 7 18 -1.75 1 7 19 0.0 3 7 20 1.75 5 7 21 -0.75 2 7 22 1.0 4 7 23 -1.5 1 7 24 0.25 3 7 25 2.0 5 8 1 -1.0 3 8 2 0.75 5 8 3 -1.75 2 8 4 0.0 4 8 5 1.75 1 8 6 -0.75 3 8 7 1.0 5 8 8 -1.5 2 8 9 0.25 4 8 10 2.0 1 8 11 -0.5 3 8 12 1.25 5 8 13 -1.25 2 8 14 0.5 4 8 15 -2.0 1 8 16 -0.25 3 8 17 1.5 5 8 18 -1.0 2 8 19 0.75 4 8 20 -1.75 1 8 21 0.0 3 8 22 1.75 5 8 23 -0.75 2 8 24 1.0 4 8 25 -1.5 1 9 1 -0.25 4 9 2 1.5 1 9 3 -1.0 3 9 4 0.75 5 9 5 -1.75 2 9 6 0.0 4 9 7 1.75 1 9 8 -0.75 3 9 9 1.0 5 9 10 -1.5 2 9 11 0.25 4 9 12 2.0 1 9 13 -0.5 3 9 14 1.25 5 9 15 -1.25 2 9 16 0.5 4 9 17 -2.0 1 9 18 -0.25 3 9 19 1.5 5 9 20 -1.0 2 9 21 0.75 4 9 22 -1.75 1 9 23 0.0 3 9 24 1.75 5 9 25 -0.75 2 10 1 0.5 5 10 2 -2.0 2 10 3 -0.25 4 10 4 1.5 1 10 5 -1.0 3 10 6 0.75 5 10 7 -1.75 2 10 8 0.0 4 10 9 1.75 1 10 10 -0.75 3 10 11 1.0 5 10 12 -1.5 2 10 13 0.25 4 10 14 2.0 1 10 15 -0.5 3 10 16 1.25 5 10 17 -1.25 2 10 18 0.5 4 10 19 -2.0 1 10 20 -0.25 3 10 21 1.5 5 10 22 -1.0 2 10 23 0.75 4 10 24 -1.75 1 10 25 0.0 3 11 1 1.25 1 11 2 -1.25 3 11 3 0.5 5 11 4 -2.0 2 11 5 -0.25 4 11 6 1.5 1 11 7 -1.0 3 11 8 0.75 5 11 9 -1.75 2 11 10 0.0 4 11 11 1.75 1 11 12 -0.75 3 11 13 1.0 5 11 14 -1.5 2 11 15 0.25 4 11 16 2.0 1 11 17 -0.5 3 11 18 1.25 5 11 19 -1.25 2 11 20 0.5 4 11 21 -2.0 1 11 22 -0.25 3 11 23 1.5 5 11 24 -1.0 2 11 25 0.75 4 12 1 2.0 2 12 2 -0.5 4 12 3 1.25 1 12 4 -1.25 3 12 5 0.5 5 12 6 -2.0 2 12 7 -0.25 4 12 8 1.5 1 12 9 -1.0 3 12 10 0.75 5 12 11 -1.75 2 12 12 0.0 4 12 13 1.75 1 12 14 -0.75 3 12 15 1.0 5 12 16 -1.5 2 12 17 0.25 4 12 18 2.0 1 12 19 -0.5 3 12 20 1.25 5 12 21 -1.25 2 12 22 0.5 4 12 23 -2.0 1 12 24 -0.25 3 12 25 1.5 5 13 1 -1.5 3 13 2 0.25 5 13 3 2.0 2 13 4 -0.5 4 13 5 1.25 1 13 6 -1.25 3 13 7 0.5 5 13 8 -2.0 2 13 9 -0.25 4 13 10 1.5 1 13 11 -1.0 3 13 12 0.75 5 13 13 -1.75 2 13 14 0.0 4 13 15 1.75 1 13 16 -0.75 3 13 17 1.0 5 13 18 -1.5 2 13 19 0.25 4 13 20 2.0 1 13 21 -0.5 3 13 22 1.25 5 13 23 -1.25 2 13 24 0.5 4 13 25 -2.0 1 14 1 -0.75 4 14 2 1.0 1 14 3 -1.5 3 14 4 0.25 5 14 5 2.0 2 14 6 -0.5 4 14 7 1.25 1 14 8 -1.25 3 14 9 0.5 5 14 10 -2.0 2 14 11 -0.25 4 14 12 1.5 1 14 13 -1.0 3 14 14 0.75 5 14 15 -1.75 2 14 16 0.0 4 14 17 1.75 1 14 18 -0.75 3 14 19 1.0 5 14 20 -1.5 2 14 21 0.25 4 14 22 2.0 1 14 23 -0.5 3 14 24 1.25 5 14 25 -1.25 2 15 1 0.0 5 15 2 1.75 2 15 3 -0.75 4 15 4 1.0 1 15 5 -1.5 3 15 6 0.25 5 15 7 2.0 2 15 8 -0.5 4 15 9 1.25 1 15 10 -1.25 3 15 11 0.5 5 15 12 -2.0 2 15 13 -0.25 4 15 14 1.5 1 15 15 -1.0 3 15 16 0.75 5 15 17 -1.75 2 15 18 0.0 4 15 19 1.75 1 15 20 -0.75 3 15 21 1.0 5 15 22 -1.5 2 15 23 0.25 4 15 24 2.0 1 15 25 -0.5 3 16 1 0.75 1 16 2 -1.75 3 16 3 0.0 5 16 4 1.75 2 16 5 -0.75 4 16 6 1.0 1 16 7 -1.5 3 16 8 0.25 5 16 9 2.0 2 16 10 -0.5 4 16 11 1.25 1 16 12 -1.25 3 16 13 0.5 5 16 14 -2.0 2 16 15 -0.25 4 16 16 1.5 1 16 17 -1.0 3 16 18 0.75 5 16 19 -1.75 2 16 20 0.0 4 16 21 1.75 1 16 22 -0.75 3 16 23 1.0 5 16 24 -1.5 2 16 25 0.25 4 17 1 1.5 2 17 2 -1.0 4 17 3 0.75 1 17 4 -1.75 3 17 5 0.0 5 17 6 1.75 2 17 7 -0.75 4 17 8 1.0 1 17 9 -1.5 3 17 10 0.25 5 17 11 2.0 2 17 12 -0.5 4 17 13 1.25 1 17 14 -1.25 3 17 15 0.5 5 17 16 -2.0 2 17 17 -0.25 4 17 18 1.5 1 17 19 -1.0 3 17 20 0.75 5 17 21 -1.75 2 17 22 0.0 4 17 23 1.75 1 17 24 -0.75 3 17 25 1.0 5 18 1 -2.0 3 18 2 -0.25 5 18 3 1.5 2 18 4 -1.0 4 18 5 0.75 1 18 6 -1.75 3 18 7 0.0 5 18 8 1.75 2 18 9 -0.75 4 18 10 1.0 1 18 11 -1.5 3 18 12 0.25 5 18 13 2.0 2 18 14 -0.5 4 18 15 1.25 1 18 16 -1.25 3 18 17 0.5 5 18 18 -2.0 2 18 19 -0.25 4 18 20 1.5 1 18 21 -1.0 3 18 22 0.75 5 18 23 -1.75 2 18 24 0.0 4 18 25 1.75 1 19 1 -1.25 4 19 2 0.5 1 19 3 -2.0 3 19 4 -0.25 5 19 5 1.5 2 19 6 -1.0 4 19 7 0.75 1 19 8 -1.75 3 19 9 0.0 5 19 10 1.75 2 19 11 -0.75 4 19 12 1.0 1 19 13 -1.5 3 19 14 0.25 5 19 15 2.0 2 19 16 -0.5 4 19 17 1.25 1 19 18 -1.25 3 19 19 0.5 5 19 20 -2.0 2 19 21 -0.25 4 19 22 1.5 1 19 23 -1.0 3 19 24 0.75 5 19 25 -1.75 2 20 1 -0.5 5 20 2 1.25 2 20 3 -1.25 4 20 4 0.5 1 20 5 -2.0 3 20 6 -0.25 5 20 7 1.5 2 20 8 -1.0 4 20 9 0.75 1 20 10 -1.75 3 20 11 0.0 5 20 12 1.75 2 20 13 -0.75 4 20 14 1.0 1 20 15 -1.5 3 20 16 0.25 5 20 17 2.0 2 20 18 -0.5 4 20 19 1.25 1 20 20 -1.25 3 20 21 0.5 5 20 22 -2.0 2 20 23 -0.25 4 20 24 1.5 1 20 25 -1.0 3 21 1 0.25 1 21 2 2.0 3 21 3 -0.5 5 21 4 1.25 2 21 5 -1.25 4 21 6 0.5 1 21 7 -2.0 3 21 8 -0.25 5 21 9 1.5 2 21 10 -1.0 4 21 11 0.75 1 21 12 -1.75 3 21 13 0.0 5 21 14 1.75 2 21 15 -0.75 4 21 16 1.0 1 21 17 -1.5 3 21 18 0.25 5 21 19 2.0 2 21 20 -0.5 4 21 21 1.25 1 21 22 -1.25 3 21 23 0.5 5 21 24 -2.0 2 21 25 -0.25 4 22 1 1.0 2 22 2 -1.5 4 22 3 0.25 1 22 4 2.0 3 22 5 -0.5 5 22 6 1.25 2 22 7 -1.25 4 22 8 0.5 1 22 9 -2.0 3 22 10 -0.25 5 22 11 1.5 2 22 12 -1.0 4 22 13 0.75 1 22 14 -1.75 3 22 15 0.0 5 22 16 1.75 2 22 17 -0.75 4 22 18 1.0 1 22 19 -1.5 3 22 20 0.25 5 22 21 2.0 2 22 22 -0.5 4 22 23 1.25 1 22 24 -1.25 3 22 25 0.5 5 23 1 1.75 3 23 2 -0.75 5 23 3 1.0 2 23 4 -1.5 4 23 5 0.25 1 23 6 2.0 3 23 7 -0.5 5 23 8 1.25 2 23 9 -1.25 4 23 10 0.5 1 23 11 -2.0 3 23 12 -0.25 5 23 13 1.5 2 23 14 -1.0 4 23 15 0.75 1 23 16 -1.75 3 23 17 0.0 5 23 18 1.75 2 23 19 -0.75 4 23 20 1.0 1 23 21 -1.5 3 23 22 0.25 5 23 23 2.0 2 23 24 -0.5 4 23 25 1.25 1 24 1 -1.75 4 24 2 0.0 1 24 3 1.75 3 24 4 -0.75 5 24 5 1.0 2 24 6 -1.5 4 24 7 0.25 1 24 8 2.0 3 24 9 -0.5 5 24 10 1.25 2 24 11 -1.25 4 24 12 0.5 1 24 13 -2.0 3 24 14 -0.25 5 24 15 1.5 2 24 16 -1.0 4 24 17 0.75 1 24 18 -1.75 3 24 19 0.0 5 24 20 1.75 2 24 21 -0.75 4 24 22 1.0 1 24 23 -1.5 3 24 24 0.25 5 24 25 2.0 2 25 1 -1.0 5 25 2 0.75 2 25 3 -1.75 4 25 4 0.0 1 25 5 1.75 3 25 6 -0.75 5 25 7 1.0 2 25 8 -1.5 4 25 9 0.25 1 25 10 2.0 3 25 11 -0.5 5 25 12 1.25 2 25 13 -1.25 4 25 14 0.5 1 25 15 -2.0 3 25 16 -0.25 5 25 17 1.5 2 25 18 -1.0 4 25 19 0.75 1 25 20 -1.75 3 25 21 0.0 5 25 22 1.75 2 25 23 -0.75 4 25 24 1.0 1 25 25 -1.5 3 26 1 -0.25 1 26 2 1.5 3 26 3 -1.0 5 26 4 0.75 2 26 5 -1.75 4 26 6 0.0 1 26 7 1.75 3 26 8 -0.75 5 26 9 1.0 2 26 10 -1.5 4 26 11 0.25 1 26 12 2.0 3 26 13 -0.5 5 26 14 1.25 2 26 15 -1.25 4 26 16 0.5 1 26 17 -2.0 3 26 18 -0.25 5 26 19 1.5 2 26 20 -1.0 4 26 21 0.75 1 26 22 -1.75 3 26 23 0.0 5 26 24 1.75 2 26 25 -0.75 4 27 1 0.5 2 27 2 -2.0 4 27 3 -0.25 1 27 4 1.5 3 27 5 -1.0 5 27 6 0.75 2 27 7 -1.75 4 27 8 0.0 1 27 9 1.75 3 27 10 -0.75 5 27 11 1.0 2 27 12 -1.5 4 27 13 0.25 1 27 14 2.0 3 27 15 -0.5 5 27 16 1.25 2 27 17 -1.25 4 27 18 0.5 1 27 19 -2.0 3 27 20 -0.25 5 27 21 1.5 2 27 22 -1.0 4 27 23 0.75 1 27 24 -1.75 3 27 25 0.0 5 0.0 1 1.0 1 2.0 1 3.0 1 4.0 1 5.0 1 6.0 1 7.0 1 8.0 1 9.0 1 10.0 1 11.0 1 12.0 1 13.0 1 14.0 1 15.0 1 16.0 1 17.0 1 18.0 1 19.0 1 20.0 1 21.0 1 22.0 1 23.0 1 24.0 1 25.0 1 26.0 1 27.0 1 0.0 1 1.0 24 3.0 1 D B 25 25
upstream_surface_IncreaseDegree 2 2 3 3 2 2 0 0 1 1 1 0.2 1 1 2 0.30000000000000004 1 1 3 0.4 1 2 1 0.30000000000000004 1 2 2 0.4 1 2 3 0.5 1 3 1 0.4 1 3 2 0.5 1 3 3 0.6000000000000001 1 0.0 3 1.0 3 0.0 3 1.0 3 D B 4 3
