# case	step	relation (explicit) or digest (corpus)
polygon_3	construct	generated P0.b0 6e8f3c5ba50efaabc964e574bc8693b6 end_cap
polygon_3	construct	generated P0.b0 749654a4de057d82e5c5cda30eaff6ff start_cap
polygon_3	construct	generated P0.b0 8dbc8323f395f7f6ac35f61bf5685be9 region
polygon_3	construct	generated P0.s0 29d2d1eefc03c1866d0681002c251016 wall
polygon_3	construct	generated P0.s0 92ade705b2ada398e599a74025b7706e bottom_edge
polygon_3	construct	generated P0.s0 e2e0892990b8dcbe41f80e86cdcf0a19 top_edge
polygon_3	construct	generated P0.s1 29da45a40803c1866d06810276fd0187 wall
polygon_3	construct	generated P0.s1 92b55ababeada398e599a742708f61df bottom_edge
polygon_3	construct	generated P0.s1 e2d9157484b8dcbe41f80e8482f718a8 top_edge
polygon_3	construct	generated P0.s2 29c3ea84e403c1866d0680fb96752d34 wall
polygon_3	construct	generated P0.s2 929eff9b9aada398e599a73b90078d8c bottom_edge
polygon_3	construct	generated P0.s2 e2ef7093a8b8dcbe41f80e8b637eecfb top_edge
polygon_3	construct	generated P0.v0 2958f71aa862bed0ba8b2c50803f2850 bottom_vertex
polygon_3	construct	generated P0.v0 f012c465345785ab5e2ccaae0793babb top_vertex
polygon_3	construct	generated P0.v0 f45dd929feaf5f955e58f98737ae836d vertical
polygon_3	construct	generated P0.v1 29606acfb462bed0ba8b2c52cb1719c1 bottom_vertex
polygon_3	construct	generated P0.v1 f00b50b0285785ab5e2ccaabbcbbc94a top_vertex
polygon_3	construct	generated P0.v1 f4566574f2af5f955e58f984ecd691fc vertical
polygon_3	construct	generated P0.v2 2967de84c062bed0ba8b2c5515ef0b32 bottom_vertex
polygon_3	construct	generated P0.v2 f003dcfb1c5785ab5e2ccaa971e3d7d9 top_vertex
polygon_3	construct	generated P0.v2 f46cc09416af5f955e58f98bcd5e664f vertical
polygon_4	construct	generated P0.b0 6e8f3c5ba50efaabc964e574bc8693b6 end_cap
polygon_4	construct	generated P0.b0 749654a4de057d82e5c5cda30eaff6ff start_cap
polygon_4	construct	generated P0.b0 8dbc8323f395f7f6ac35f61bf5685be9 region
polygon_4	construct	generated P0.s0 29d2d1eefc03c1866d0681002c251016 wall
polygon_4	construct	generated P0.s0 92ade705b2ada398e599a74025b7706e bottom_edge
polygon_4	construct	generated P0.s0 e2e0892990b8dcbe41f80e86cdcf0a19 top_edge
polygon_4	construct	generated P0.s1 29da45a40803c1866d06810276fd0187 wall
polygon_4	construct	generated P0.s1 92b55ababeada398e599a742708f61df bottom_edge
polygon_4	construct	generated P0.s1 e2d9157484b8dcbe41f80e8482f718a8 top_edge
polygon_4	construct	generated P0.s2 29c3ea84e403c1866d0680fb96752d34 wall
polygon_4	construct	generated P0.s2 929eff9b9aada398e599a73b90078d8c bottom_edge
polygon_4	construct	generated P0.s2 e2ef7093a8b8dcbe41f80e8b637eecfb top_edge
polygon_4	construct	generated P0.s3 29cb5e39f003c1866d0680fde14d1ea5 wall
polygon_4	construct	generated P0.s3 92a67350a6ada398e599a73ddadf7efd bottom_edge
polygon_4	construct	generated P0.s3 e2e7fcde9cb8dcbe41f80e8918a6fb8a top_edge
polygon_4	construct	generated P0.v0 2958f71aa862bed0ba8b2c50803f2850 bottom_vertex
polygon_4	construct	generated P0.v0 f012c465345785ab5e2ccaae0793babb top_vertex
polygon_4	construct	generated P0.v0 f45dd929feaf5f955e58f98737ae836d vertical
polygon_4	construct	generated P0.v1 29606acfb462bed0ba8b2c52cb1719c1 bottom_vertex
polygon_4	construct	generated P0.v1 f00b50b0285785ab5e2ccaabbcbbc94a top_vertex
polygon_4	construct	generated P0.v1 f4566574f2af5f955e58f984ecd691fc vertical
polygon_4	construct	generated P0.v2 2967de84c062bed0ba8b2c5515ef0b32 bottom_vertex
polygon_4	construct	generated P0.v2 f003dcfb1c5785ab5e2ccaa971e3d7d9 top_vertex
polygon_4	construct	generated P0.v2 f46cc09416af5f955e58f98bcd5e664f vertical
polygon_4	construct	generated P0.v3 296f5239cc62bed0ba8b2c5760c6fca3 bottom_vertex
polygon_4	construct	generated P0.v3 effc6946105785ab5e2ccaa7270be668 top_vertex
polygon_4	construct	generated P0.v3 f4654cdf0aaf5f955e58f989828674de vertical
polygon_5	construct	generated P0.b0 6e8f3c5ba50efaabc964e574bc8693b6 end_cap
polygon_5	construct	generated P0.b0 749654a4de057d82e5c5cda30eaff6ff start_cap
polygon_5	construct	generated P0.b0 8dbc8323f395f7f6ac35f61bf5685be9 region
polygon_5	construct	generated P0.s0 29d2d1eefc03c1866d0681002c251016 wall
polygon_5	construct	generated P0.s0 92ade705b2ada398e599a74025b7706e bottom_edge
polygon_5	construct	generated P0.s0 e2e0892990b8dcbe41f80e86cdcf0a19 top_edge
polygon_5	construct	generated P0.s1 29da45a40803c1866d06810276fd0187 wall
polygon_5	construct	generated P0.s1 92b55ababeada398e599a742708f61df bottom_edge
polygon_5	construct	generated P0.s1 e2d9157484b8dcbe41f80e8482f718a8 top_edge
polygon_5	construct	generated P0.s2 29c3ea84e403c1866d0680fb96752d34 wall
polygon_5	construct	generated P0.s2 929eff9b9aada398e599a73b90078d8c bottom_edge
polygon_5	construct	generated P0.s2 e2ef7093a8b8dcbe41f80e8b637eecfb top_edge
polygon_5	construct	generated P0.s3 29cb5e39f003c1866d0680fde14d1ea5 wall
polygon_5	construct	generated P0.s3 92a67350a6ada398e599a73ddadf7efd bottom_edge
polygon_5	construct	generated P0.s3 e2e7fcde9cb8dcbe41f80e8918a6fb8a top_edge
polygon_5	construct	generated P0.s4 29b5031acc03c1866d0680f700c54a52 wall
polygon_5	construct	generated P0.s4 9290183182ada398e599a736fa57aaaa bottom_edge
polygon_5	construct	generated P0.s4 e2fe57fdc0b8dcbe41f80e8ff92ecfdd top_edge
polygon_5	construct	generated P0.v0 2958f71aa862bed0ba8b2c50803f2850 bottom_vertex
polygon_5	construct	generated P0.v0 f012c465345785ab5e2ccaae0793babb top_vertex
polygon_5	construct	generated P0.v0 f45dd929feaf5f955e58f98737ae836d vertical
polygon_5	construct	generated P0.v1 29606acfb462bed0ba8b2c52cb1719c1 bottom_vertex
polygon_5	construct	generated P0.v1 f00b50b0285785ab5e2ccaabbcbbc94a top_vertex
polygon_5	construct	generated P0.v1 f4566574f2af5f955e58f984ecd691fc vertical
polygon_5	construct	generated P0.v2 2967de84c062bed0ba8b2c5515ef0b32 bottom_vertex
polygon_5	construct	generated P0.v2 f003dcfb1c5785ab5e2ccaa971e3d7d9 top_vertex
polygon_5	construct	generated P0.v2 f46cc09416af5f955e58f98bcd5e664f vertical
polygon_5	construct	generated P0.v3 296f5239cc62bed0ba8b2c5760c6fca3 bottom_vertex
polygon_5	construct	generated P0.v3 effc6946105785ab5e2ccaa7270be668 top_vertex
polygon_5	construct	generated P0.v3 f4654cdf0aaf5f955e58f989828674de vertical
polygon_5	construct	generated P0.v4 2976c5eed862bed0ba8b2c59ab9eee14 bottom_vertex
polygon_5	construct	generated P0.v4 f0309339645785ab5e2ccab732f3807f top_vertex
polygon_5	construct	generated P0.v4 f4400a55ceaf5f955e58f97e0c4ebda9 vertical
polygon_6	construct	generated P0.b0 6e8f3c5ba50efaabc964e574bc8693b6 end_cap
polygon_6	construct	generated P0.b0 749654a4de057d82e5c5cda30eaff6ff start_cap
polygon_6	construct	generated P0.b0 8dbc8323f395f7f6ac35f61bf5685be9 region
polygon_6	construct	generated P0.s0 29d2d1eefc03c1866d0681002c251016 wall
polygon_6	construct	generated P0.s0 92ade705b2ada398e599a74025b7706e bottom_edge
polygon_6	construct	generated P0.s0 e2e0892990b8dcbe41f80e86cdcf0a19 top_edge
polygon_6	construct	generated P0.s1 29da45a40803c1866d06810276fd0187 wall
polygon_6	construct	generated P0.s1 92b55ababeada398e599a742708f61df bottom_edge
polygon_6	construct	generated P0.s1 e2d9157484b8dcbe41f80e8482f718a8 top_edge
polygon_6	construct	generated P0.s2 29c3ea84e403c1866d0680fb96752d34 wall
polygon_6	construct	generated P0.s2 929eff9b9aada398e599a73b90078d8c bottom_edge
polygon_6	construct	generated P0.s2 e2ef7093a8b8dcbe41f80e8b637eecfb top_edge
polygon_6	construct	generated P0.s3 29cb5e39f003c1866d0680fde14d1ea5 wall
polygon_6	construct	generated P0.s3 92a67350a6ada398e599a73ddadf7efd bottom_edge
polygon_6	construct	generated P0.s3 e2e7fcde9cb8dcbe41f80e8918a6fb8a top_edge
polygon_6	construct	generated P0.s4 29b5031acc03c1866d0680f700c54a52 wall
polygon_6	construct	generated P0.s4 9290183182ada398e599a736fa57aaaa bottom_edge
polygon_6	construct	generated P0.s4 e2fe57fdc0b8dcbe41f80e8ff92ecfdd top_edge
polygon_6	construct	generated P0.s5 29bc76cfd803c1866d0680f94b9d3bc3 wall
polygon_6	construct	generated P0.s5 92978be68eada398e599a739452f9c1b bottom_edge
polygon_6	construct	generated P0.s5 e2f6e448b4b8dcbe41f80e8dae56de6c top_edge
polygon_6	construct	generated P0.v0 2958f71aa862bed0ba8b2c50803f2850 bottom_vertex
polygon_6	construct	generated P0.v0 f012c465345785ab5e2ccaae0793babb top_vertex
polygon_6	construct	generated P0.v0 f45dd929feaf5f955e58f98737ae836d vertical
polygon_6	construct	generated P0.v1 29606acfb462bed0ba8b2c52cb1719c1 bottom_vertex
polygon_6	construct	generated P0.v1 f00b50b0285785ab5e2ccaabbcbbc94a top_vertex
polygon_6	construct	generated P0.v1 f4566574f2af5f955e58f984ecd691fc vertical
polygon_6	construct	generated P0.v2 2967de84c062bed0ba8b2c5515ef0b32 bottom_vertex
polygon_6	construct	generated P0.v2 f003dcfb1c5785ab5e2ccaa971e3d7d9 top_vertex
polygon_6	construct	generated P0.v2 f46cc09416af5f955e58f98bcd5e664f vertical
polygon_6	construct	generated P0.v3 296f5239cc62bed0ba8b2c5760c6fca3 bottom_vertex
polygon_6	construct	generated P0.v3 effc6946105785ab5e2ccaa7270be668 top_vertex
polygon_6	construct	generated P0.v3 f4654cdf0aaf5f955e58f989828674de vertical
polygon_6	construct	generated P0.v4 2976c5eed862bed0ba8b2c59ab9eee14 bottom_vertex
polygon_6	construct	generated P0.v4 f0309339645785ab5e2ccab732f3807f top_vertex
polygon_6	construct	generated P0.v4 f4400a55ceaf5f955e58f97e0c4ebda9 vertical
polygon_6	construct	generated P0.v5 297e39a3e462bed0ba8b2c5bf676df85 bottom_vertex
polygon_6	construct	generated P0.v5 f0291f84585785ab5e2ccab4e81b8f0e top_vertex
polygon_6	construct	generated P0.v5 f43896a0c2af5f955e58f97bc176cc38 vertical
polygon_7	construct	generated P0.b0 6e8f3c5ba50efaabc964e574bc8693b6 end_cap
polygon_7	construct	generated P0.b0 749654a4de057d82e5c5cda30eaff6ff start_cap
polygon_7	construct	generated P0.b0 8dbc8323f395f7f6ac35f61bf5685be9 region
polygon_7	construct	generated P0.s0 29d2d1eefc03c1866d0681002c251016 wall
polygon_7	construct	generated P0.s0 92ade705b2ada398e599a74025b7706e bottom_edge
polygon_7	construct	generated P0.s0 e2e0892990b8dcbe41f80e86cdcf0a19 top_edge
polygon_7	construct	generated P0.s1 29da45a40803c1866d06810276fd0187 wall
polygon_7	construct	generated P0.s1 92b55ababeada398e599a742708f61df bottom_edge
polygon_7	construct	generated P0.s1 e2d9157484b8dcbe41f80e8482f718a8 top_edge
polygon_7	construct	generated P0.s2 29c3ea84e403c1866d0680fb96752d34 wall
polygon_7	construct	generated P0.s2 929eff9b9aada398e599a73b90078d8c bottom_edge
polygon_7	construct	generated P0.s2 e2ef7093a8b8dcbe41f80e8b637eecfb top_edge
polygon_7	construct	generated P0.s3 29cb5e39f003c1866d0680fde14d1ea5 wall
polygon_7	construct	generated P0.s3 92a67350a6ada398e599a73ddadf7efd bottom_edge
polygon_7	construct	generated P0.s3 e2e7fcde9cb8dcbe41f80e8918a6fb8a top_edge
polygon_7	construct	generated P0.s4 29b5031acc03c1866d0680f700c54a52 wall
polygon_7	construct	generated P0.s4 9290183182ada398e599a736fa57aaaa bottom_edge
polygon_7	construct	generated P0.s4 e2fe57fdc0b8dcbe41f80e8ff92ecfdd top_edge
polygon_7	construct	generated P0.s5 29bc76cfd803c1866d0680f94b9d3bc3 wall
polygon_7	construct	generated P0.s5 92978be68eada398e599a739452f9c1b bottom_edge
polygon_7	construct	generated P0.s5 e2f6e448b4b8dcbe41f80e8dae56de6c top_edge
polygon_7	construct	generated P0.s6 29a61bb0b403c1866d0680f26b156770 wall
polygon_7	construct	generated P0.s6 928130c76aada398e599a73264a7c7c8 bottom_edge
polygon_7	construct	generated P0.s6 e30d3f67d8b8dcbe41f80e948edeb2bf top_edge
polygon_7	construct	generated P0.v0 2958f71aa862bed0ba8b2c50803f2850 bottom_vertex
polygon_7	construct	generated P0.v0 f012c465345785ab5e2ccaae0793babb top_vertex
polygon_7	construct	generated P0.v0 f45dd929feaf5f955e58f98737ae836d vertical
polygon_7	construct	generated P0.v1 29606acfb462bed0ba8b2c52cb1719c1 bottom_vertex
polygon_7	construct	generated P0.v1 f00b50b0285785ab5e2ccaabbcbbc94a top_vertex
polygon_7	construct	generated P0.v1 f4566574f2af5f955e58f984ecd691fc vertical
polygon_7	construct	generated P0.v2 2967de84c062bed0ba8b2c5515ef0b32 bottom_vertex
polygon_7	construct	generated P0.v2 f003dcfb1c5785ab5e2ccaa971e3d7d9 top_vertex
polygon_7	construct	generated P0.v2 f46cc09416af5f955e58f98bcd5e664f vertical
polygon_7	construct	generated P0.v3 296f5239cc62bed0ba8b2c5760c6fca3 bottom_vertex
polygon_7	construct	generated P0.v3 effc6946105785ab5e2ccaa7270be668 top_vertex
polygon_7	construct	generated P0.v3 f4654cdf0aaf5f955e58f989828674de vertical
polygon_7	construct	generated P0.v4 2976c5eed862bed0ba8b2c59ab9eee14 bottom_vertex
polygon_7	construct	generated P0.v4 f0309339645785ab5e2ccab732f3807f top_vertex
polygon_7	construct	generated P0.v4 f4400a55ceaf5f955e58f97e0c4ebda9 vertical
polygon_7	construct	generated P0.v5 297e39a3e462bed0ba8b2c5bf676df85 bottom_vertex
polygon_7	construct	generated P0.v5 f0291f84585785ab5e2ccab4e81b8f0e top_vertex
polygon_7	construct	generated P0.v5 f43896a0c2af5f955e58f97bc176cc38 vertical
polygon_7	construct	generated P0.v6 2985ad58f062bed0ba8b2c5e414ed0f6 bottom_vertex
polygon_7	construct	generated P0.v6 f021abcf4c5785ab5e2ccab29d439d9d top_vertex
polygon_7	construct	generated P0.v6 f44ef1bfe6af5f955e58f982a1fea08b vertical
polygon_8	construct	generated P0.b0 6e8f3c5ba50efaabc964e574bc8693b6 end_cap
polygon_8	construct	generated P0.b0 749654a4de057d82e5c5cda30eaff6ff start_cap
polygon_8	construct	generated P0.b0 8dbc8323f395f7f6ac35f61bf5685be9 region
polygon_8	construct	generated P0.s0 29d2d1eefc03c1866d0681002c251016 wall
polygon_8	construct	generated P0.s0 92ade705b2ada398e599a74025b7706e bottom_edge
polygon_8	construct	generated P0.s0 e2e0892990b8dcbe41f80e86cdcf0a19 top_edge
polygon_8	construct	generated P0.s1 29da45a40803c1866d06810276fd0187 wall
polygon_8	construct	generated P0.s1 92b55ababeada398e599a742708f61df bottom_edge
polygon_8	construct	generated P0.s1 e2d9157484b8dcbe41f80e8482f718a8 top_edge
polygon_8	construct	generated P0.s2 29c3ea84e403c1866d0680fb96752d34 wall
polygon_8	construct	generated P0.s2 929eff9b9aada398e599a73b90078d8c bottom_edge
polygon_8	construct	generated P0.s2 e2ef7093a8b8dcbe41f80e8b637eecfb top_edge
polygon_8	construct	generated P0.s3 29cb5e39f003c1866d0680fde14d1ea5 wall
polygon_8	construct	generated P0.s3 92a67350a6ada398e599a73ddadf7efd bottom_edge
polygon_8	construct	generated P0.s3 e2e7fcde9cb8dcbe41f80e8918a6fb8a top_edge
polygon_8	construct	generated P0.s4 29b5031acc03c1866d0680f700c54a52 wall
polygon_8	construct	generated P0.s4 9290183182ada398e599a736fa57aaaa bottom_edge
polygon_8	construct	generated P0.s4 e2fe57fdc0b8dcbe41f80e8ff92ecfdd top_edge
polygon_8	construct	generated P0.s5 29bc76cfd803c1866d0680f94b9d3bc3 wall
polygon_8	construct	generated P0.s5 92978be68eada398e599a739452f9c1b bottom_edge
polygon_8	construct	generated P0.s5 e2f6e448b4b8dcbe41f80e8dae56de6c top_edge
polygon_8	construct	generated P0.s6 29a61bb0b403c1866d0680f26b156770 wall
polygon_8	construct	generated P0.s6 928130c76aada398e599a73264a7c7c8 bottom_edge
polygon_8	construct	generated P0.s6 e30d3f67d8b8dcbe41f80e948edeb2bf top_edge
polygon_8	construct	generated P0.s7 29ad8f65c003c1866d0680f4b5ed58e1 wall
polygon_8	construct	generated P0.s7 9288a47c76ada398e599a734af7fb939 bottom_edge
polygon_8	construct	generated P0.s7 e305cbb2ccb8dcbe41f80e924406c14e top_edge
polygon_8	construct	generated P0.v0 2958f71aa862bed0ba8b2c50803f2850 bottom_vertex
polygon_8	construct	generated P0.v0 f012c465345785ab5e2ccaae0793babb top_vertex
polygon_8	construct	generated P0.v0 f45dd929feaf5f955e58f98737ae836d vertical
polygon_8	construct	generated P0.v1 29606acfb462bed0ba8b2c52cb1719c1 bottom_vertex
polygon_8	construct	generated P0.v1 f00b50b0285785ab5e2ccaabbcbbc94a top_vertex
polygon_8	construct	generated P0.v1 f4566574f2af5f955e58f984ecd691fc vertical
polygon_8	construct	generated P0.v2 2967de84c062bed0ba8b2c5515ef0b32 bottom_vertex
polygon_8	construct	generated P0.v2 f003dcfb1c5785ab5e2ccaa971e3d7d9 top_vertex
polygon_8	construct	generated P0.v2 f46cc09416af5f955e58f98bcd5e664f vertical
polygon_8	construct	generated P0.v3 296f5239cc62bed0ba8b2c5760c6fca3 bottom_vertex
polygon_8	construct	generated P0.v3 effc6946105785ab5e2ccaa7270be668 top_vertex
polygon_8	construct	generated P0.v3 f4654cdf0aaf5f955e58f989828674de vertical
polygon_8	construct	generated P0.v4 2976c5eed862bed0ba8b2c59ab9eee14 bottom_vertex
polygon_8	construct	generated P0.v4 f0309339645785ab5e2ccab732f3807f top_vertex
polygon_8	construct	generated P0.v4 f4400a55ceaf5f955e58f97e0c4ebda9 vertical
polygon_8	construct	generated P0.v5 297e39a3e462bed0ba8b2c5bf676df85 bottom_vertex
polygon_8	construct	generated P0.v5 f0291f84585785ab5e2ccab4e81b8f0e top_vertex
polygon_8	construct	generated P0.v5 f43896a0c2af5f955e58f97bc176cc38 vertical
polygon_8	construct	generated P0.v6 2985ad58f062bed0ba8b2c5e414ed0f6 bottom_vertex
polygon_8	construct	generated P0.v6 f021abcf4c5785ab5e2ccab29d439d9d top_vertex
polygon_8	construct	generated P0.v6 f44ef1bfe6af5f955e58f982a1fea08b vertical
polygon_8	construct	generated P0.v7 298d210dfc62bed0ba8b2c608c26c267 bottom_vertex
polygon_8	construct	generated P0.v7 f01a381a405785ab5e2ccab0526bac2c top_vertex
polygon_8	construct	generated P0.v7 f4477e0adaaf5f955e58f9805726af1a vertical
polygon_9	construct	generated P0.b0 6e8f3c5ba50efaabc964e574bc8693b6 end_cap
polygon_9	construct	generated P0.b0 749654a4de057d82e5c5cda30eaff6ff start_cap
polygon_9	construct	generated P0.b0 8dbc8323f395f7f6ac35f61bf5685be9 region
polygon_9	construct	generated P0.s0 29d2d1eefc03c1866d0681002c251016 wall
polygon_9	construct	generated P0.s0 92ade705b2ada398e599a74025b7706e bottom_edge
polygon_9	construct	generated P0.s0 e2e0892990b8dcbe41f80e86cdcf0a19 top_edge
polygon_9	construct	generated P0.s1 29da45a40803c1866d06810276fd0187 wall
polygon_9	construct	generated P0.s1 92b55ababeada398e599a742708f61df bottom_edge
polygon_9	construct	generated P0.s1 e2d9157484b8dcbe41f80e8482f718a8 top_edge
polygon_9	construct	generated P0.s2 29c3ea84e403c1866d0680fb96752d34 wall
polygon_9	construct	generated P0.s2 929eff9b9aada398e599a73b90078d8c bottom_edge
polygon_9	construct	generated P0.s2 e2ef7093a8b8dcbe41f80e8b637eecfb top_edge
polygon_9	construct	generated P0.s3 29cb5e39f003c1866d0680fde14d1ea5 wall
polygon_9	construct	generated P0.s3 92a67350a6ada398e599a73ddadf7efd bottom_edge
polygon_9	construct	generated P0.s3 e2e7fcde9cb8dcbe41f80e8918a6fb8a top_edge
polygon_9	construct	generated P0.s4 29b5031acc03c1866d0680f700c54a52 wall
polygon_9	construct	generated P0.s4 9290183182ada398e599a736fa57aaaa bottom_edge
polygon_9	construct	generated P0.s4 e2fe57fdc0b8dcbe41f80e8ff92ecfdd top_edge
polygon_9	construct	generated P0.s5 29bc76cfd803c1866d0680f94b9d3bc3 wall
polygon_9	construct	generated P0.s5 92978be68eada398e599a739452f9c1b bottom_edge
polygon_9	construct	generated P0.s5 e2f6e448b4b8dcbe41f80e8dae56de6c top_edge
polygon_9	construct	generated P0.s6 29a61bb0b403c1866d0680f26b156770 wall
polygon_9	construct	generated P0.s6 928130c76aada398e599a73264a7c7c8 bottom_edge
polygon_9	construct	generated P0.s6 e30d3f67d8b8dcbe41f80e948edeb2bf top_edge
polygon_9	construct	generated P0.s7 29ad8f65c003c1866d0680f4b5ed58e1 wall
polygon_9	construct	generated P0.s7 9288a47c76ada398e599a734af7fb939 bottom_edge
polygon_9	construct	generated P0.s7 e305cbb2ccb8dcbe41f80e924406c14e top_edge
polygon_9	construct	generated P0.s8 2a0e6f975c03c1866d06811282e49b9e wall
polygon_9	construct	generated P0.s8 9272495d52ada398e599a72dcef7e4e6 bottom_edge
polygon_9	construct	generated P0.s8 e2a4eb8130b8dcbe41f80e74770f7e91 top_edge
polygon_9	construct	generated P0.v0 2958f71aa862bed0ba8b2c50803f2850 bottom_vertex
polygon_9	construct	generated P0.v0 f012c465345785ab5e2ccaae0793babb top_vertex
polygon_9	construct	generated P0.v0 f45dd929feaf5f955e58f98737ae836d vertical
polygon_9	construct	generated P0.v1 29606acfb462bed0ba8b2c52cb1719c1 bottom_vertex
polygon_9	construct	generated P0.v1 f00b50b0285785ab5e2ccaabbcbbc94a top_vertex
polygon_9	construct	generated P0.v1 f4566574f2af5f955e58f984ecd691fc vertical
polygon_9	construct	generated P0.v2 2967de84c062bed0ba8b2c5515ef0b32 bottom_vertex
polygon_9	construct	generated P0.v2 f003dcfb1c5785ab5e2ccaa971e3d7d9 top_vertex
polygon_9	construct	generated P0.v2 f46cc09416af5f955e58f98bcd5e664f vertical
polygon_9	construct	generated P0.v3 296f5239cc62bed0ba8b2c5760c6fca3 bottom_vertex
polygon_9	construct	generated P0.v3 effc6946105785ab5e2ccaa7270be668 top_vertex
polygon_9	construct	generated P0.v3 f4654cdf0aaf5f955e58f989828674de vertical
polygon_9	construct	generated P0.v4 2976c5eed862bed0ba8b2c59ab9eee14 bottom_vertex
polygon_9	construct	generated P0.v4 f0309339645785ab5e2ccab732f3807f top_vertex
polygon_9	construct	generated P0.v4 f4400a55ceaf5f955e58f97e0c4ebda9 vertical
polygon_9	construct	generated P0.v5 297e39a3e462bed0ba8b2c5bf676df85 bottom_vertex
polygon_9	construct	generated P0.v5 f0291f84585785ab5e2ccab4e81b8f0e top_vertex
polygon_9	construct	generated P0.v5 f43896a0c2af5f955e58f97bc176cc38 vertical
polygon_9	construct	generated P0.v6 2985ad58f062bed0ba8b2c5e414ed0f6 bottom_vertex
polygon_9	construct	generated P0.v6 f021abcf4c5785ab5e2ccab29d439d9d top_vertex
polygon_9	construct	generated P0.v6 f44ef1bfe6af5f955e58f982a1fea08b vertical
polygon_9	construct	generated P0.v7 298d210dfc62bed0ba8b2c608c26c267 bottom_vertex
polygon_9	construct	generated P0.v7 f01a381a405785ab5e2ccab0526bac2c top_vertex
polygon_9	construct	generated P0.v7 f4477e0adaaf5f955e58f9805726af1a vertical
polygon_9	construct	generated P0.v8 299494c30862bed0ba8b2c62d6feb3d8 bottom_vertex
polygon_9	construct	generated P0.v8 efd726bcd45785ab5e2cca9bb0d42f33 top_vertex
polygon_9	construct	generated P0.v8 f4223b819eaf5f955e58f974e0eef7e5 vertical
polygon_10	construct	generated P0.b0 6e8f3c5ba50efaabc964e574bc8693b6 end_cap
polygon_10	construct	generated P0.b0 749654a4de057d82e5c5cda30eaff6ff start_cap
polygon_10	construct	generated P0.b0 8dbc8323f395f7f6ac35f61bf5685be9 region
polygon_10	construct	generated P0.s0 29d2d1eefc03c1866d0681002c251016 wall
polygon_10	construct	generated P0.s0 92ade705b2ada398e599a74025b7706e bottom_edge
polygon_10	construct	generated P0.s0 e2e0892990b8dcbe41f80e86cdcf0a19 top_edge
polygon_10	construct	generated P0.s1 29da45a40803c1866d06810276fd0187 wall
polygon_10	construct	generated P0.s1 92b55ababeada398e599a742708f61df bottom_edge
polygon_10	construct	generated P0.s1 e2d9157484b8dcbe41f80e8482f718a8 top_edge
polygon_10	construct	generated P0.s2 29c3ea84e403c1866d0680fb96752d34 wall
polygon_10	construct	generated P0.s2 929eff9b9aada398e599a73b90078d8c bottom_edge
polygon_10	construct	generated P0.s2 e2ef7093a8b8dcbe41f80e8b637eecfb top_edge
polygon_10	construct	generated P0.s3 29cb5e39f003c1866d0680fde14d1ea5 wall
polygon_10	construct	generated P0.s3 92a67350a6ada398e599a73ddadf7efd bottom_edge
polygon_10	construct	generated P0.s3 e2e7fcde9cb8dcbe41f80e8918a6fb8a top_edge
polygon_10	construct	generated P0.s4 29b5031acc03c1866d0680f700c54a52 wall
polygon_10	construct	generated P0.s4 9290183182ada398e599a736fa57aaaa bottom_edge
polygon_10	construct	generated P0.s4 e2fe57fdc0b8dcbe41f80e8ff92ecfdd top_edge
polygon_10	construct	generated P0.s5 29bc76cfd803c1866d0680f94b9d3bc3 wall
polygon_10	construct	generated P0.s5 92978be68eada398e599a739452f9c1b bottom_edge
polygon_10	construct	generated P0.s5 e2f6e448b4b8dcbe41f80e8dae56de6c top_edge
polygon_10	construct	generated P0.s6 29a61bb0b403c1866d0680f26b156770 wall
polygon_10	construct	generated P0.s6 928130c76aada398e599a73264a7c7c8 bottom_edge
polygon_10	construct	generated P0.s6 e30d3f67d8b8dcbe41f80e948edeb2bf top_edge
polygon_10	construct	generated P0.s7 29ad8f65c003c1866d0680f4b5ed58e1 wall
polygon_10	construct	generated P0.s7 9288a47c76ada398e599a734af7fb939 bottom_edge
polygon_10	construct	generated P0.s7 e305cbb2ccb8dcbe41f80e924406c14e top_edge
polygon_10	construct	generated P0.s8 2a0e6f975c03c1866d06811282e49b9e wall
polygon_10	construct	generated P0.s8 9272495d52ada398e599a72dcef7e4e6 bottom_edge
polygon_10	construct	generated P0.s8 e2a4eb8130b8dcbe41f80e74770f7e91 top_edge
polygon_10	construct	generated P0.s9 2a15e34c6803c1866d068114cdbc8d0f wall
polygon_10	construct	generated P0.s9 9279bd125eada398e599a73019cfd657 bottom_edge
polygon_10	construct	generated P0.s9 e29d77cc24b8dcbe41f80e722c378d20 top_edge
polygon_10	construct	generated P0.v0 2958f71aa862bed0ba8b2c50803f2850 bottom_vertex
polygon_10	construct	generated P0.v0 f012c465345785ab5e2ccaae0793babb top_vertex
polygon_10	construct	generated P0.v0 f45dd929feaf5f955e58f98737ae836d vertical
polygon_10	construct	generated P0.v1 29606acfb462bed0ba8b2c52cb1719c1 bottom_vertex
polygon_10	construct	generated P0.v1 f00b50b0285785ab5e2ccaabbcbbc94a top_vertex
polygon_10	construct	generated P0.v1 f4566574f2af5f955e58f984ecd691fc vertical
polygon_10	construct	generated P0.v2 2967de84c062bed0ba8b2c5515ef0b32 bottom_vertex
polygon_10	construct	generated P0.v2 f003dcfb1c5785ab5e2ccaa971e3d7d9 top_vertex
polygon_10	construct	generated P0.v2 f46cc09416af5f955e58f98bcd5e664f vertical
polygon_10	construct	generated P0.v3 296f5239cc62bed0ba8b2c5760c6fca3 bottom_vertex
polygon_10	construct	generated P0.v3 effc6946105785ab5e2ccaa7270be668 top_vertex
polygon_10	construct	generated P0.v3 f4654cdf0aaf5f955e58f989828674de vertical
polygon_10	construct	generated P0.v4 2976c5eed862bed0ba8b2c59ab9eee14 bottom_vertex
polygon_10	construct	generated P0.v4 f0309339645785ab5e2ccab732f3807f top_vertex
polygon_10	construct	generated P0.v4 f4400a55ceaf5f955e58f97e0c4ebda9 vertical
polygon_10	construct	generated P0.v5 297e39a3e462bed0ba8b2c5bf676df85 bottom_vertex
polygon_10	construct	generated P0.v5 f0291f84585785ab5e2ccab4e81b8f0e top_vertex
polygon_10	construct	generated P0.v5 f43896a0c2af5f955e58f97bc176cc38 vertical
polygon_10	construct	generated P0.v6 2985ad58f062bed0ba8b2c5e414ed0f6 bottom_vertex
polygon_10	construct	generated P0.v6 f021abcf4c5785ab5e2ccab29d439d9d top_vertex
polygon_10	construct	generated P0.v6 f44ef1bfe6af5f955e58f982a1fea08b vertical
polygon_10	construct	generated P0.v7 298d210dfc62bed0ba8b2c608c26c267 bottom_vertex
polygon_10	construct	generated P0.v7 f01a381a405785ab5e2ccab0526bac2c top_vertex
polygon_10	construct	generated P0.v7 f4477e0adaaf5f955e58f9805726af1a vertical
polygon_10	construct	generated P0.v8 299494c30862bed0ba8b2c62d6feb3d8 bottom_vertex
polygon_10	construct	generated P0.v8 efd726bcd45785ab5e2cca9bb0d42f33 top_vertex
polygon_10	construct	generated P0.v8 f4223b819eaf5f955e58f974e0eef7e5 vertical
polygon_10	construct	generated P0.v9 299c08781462bed0ba8b2c6521d6a549 bottom_vertex
polygon_10	construct	generated P0.v9 efcfb307c85785ab5e2cca9965fc3dc2 top_vertex
polygon_10	construct	generated P0.v9 f41ac7cc92af5f955e58f97296170674 vertical
polygon_11	construct	generated P0.b0 6e8f3c5ba50efaabc964e574bc8693b6 end_cap
polygon_11	construct	generated P0.b0 749654a4de057d82e5c5cda30eaff6ff start_cap
polygon_11	construct	generated P0.b0 8dbc8323f395f7f6ac35f61bf5685be9 region
polygon_11	construct	generated P0.s0 29d2d1eefc03c1866d0681002c251016 wall
polygon_11	construct	generated P0.s0 92ade705b2ada398e599a74025b7706e bottom_edge
polygon_11	construct	generated P0.s0 e2e0892990b8dcbe41f80e86cdcf0a19 top_edge
polygon_11	construct	generated P0.s1 29da45a40803c1866d06810276fd0187 wall
polygon_11	construct	generated P0.s1 92b55ababeada398e599a742708f61df bottom_edge
polygon_11	construct	generated P0.s1 e2d9157484b8dcbe41f80e8482f718a8 top_edge
polygon_11	construct	generated P0.s2 29c3ea84e403c1866d0680fb96752d34 wall
polygon_11	construct	generated P0.s2 929eff9b9aada398e599a73b90078d8c bottom_edge
polygon_11	construct	generated P0.s2 e2ef7093a8b8dcbe41f80e8b637eecfb top_edge
polygon_11	construct	generated P0.s3 29cb5e39f003c1866d0680fde14d1ea5 wall
polygon_11	construct	generated P0.s3 92a67350a6ada398e599a73ddadf7efd bottom_edge
polygon_11	construct	generated P0.s3 e2e7fcde9cb8dcbe41f80e8918a6fb8a top_edge
polygon_11	construct	generated P0.s4 29b5031acc03c1866d0680f700c54a52 wall
polygon_11	construct	generated P0.s4 9290183182ada398e599a736fa57aaaa bottom_edge
polygon_11	construct	generated P0.s4 e2fe57fdc0b8dcbe41f80e8ff92ecfdd top_edge
polygon_11	construct	generated P0.s5 29bc76cfd803c1866d0680f94b9d3bc3 wall
polygon_11	construct	generated P0.s5 92978be68eada398e599a739452f9c1b bottom_edge
polygon_11	construct	generated P0.s5 e2f6e448b4b8dcbe41f80e8dae56de6c top_edge
polygon_11	construct	generated P0.s6 29a61bb0b403c1866d0680f26b156770 wall
polygon_11	construct	generated P0.s6 928130c76aada398e599a73264a7c7c8 bottom_edge
polygon_11	construct	generated P0.s6 e30d3f67d8b8dcbe41f80e948edeb2bf top_edge
polygon_11	construct	generated P0.s7 29ad8f65c003c1866d0680f4b5ed58e1 wall
polygon_11	construct	generated P0.s7 9288a47c76ada398e599a734af7fb939 bottom_edge
polygon_11	construct	generated P0.s7 e305cbb2ccb8dcbe41f80e924406c14e top_edge
polygon_11	construct	generated P0.s8 2a0e6f975c03c1866d06811282e49b9e wall
polygon_11	construct	generated P0.s8 9272495d52ada398e599a72dcef7e4e6 bottom_edge
polygon_11	construct	generated P0.s8 e2a4eb8130b8dcbe41f80e74770f7e91 top_edge
polygon_11	construct	generated P0.s9 2a15e34c6803c1866d068114cdbc8d0f wall
polygon_11	construct	generated P0.s9 9279bd125eada398e599a73019cfd657 bottom_edge
polygon_11	construct	generated P0.s9 e29d77cc24b8dcbe41f80e722c378d20 top_edge
polygon_11	construct	generated P0.s10 29ff882d4403c1866d06810ded34b8bc wall
polygon_11	construct	generated P0.s10 926361f33aada398e599a72939480204 bottom_edge
polygon_11	construct	generated P0.s10 e2b3d2eb48b8dcbe41f80e790cbf6173 top_edge
polygon_11	construct	generated P0.v0 2958f71aa862bed0ba8b2c50803f2850 bottom_vertex
polygon_11	construct	generated P0.v0 f012c465345785ab5e2ccaae0793babb top_vertex
polygon_11	construct	generated P0.v0 f45dd929feaf5f955e58f98737ae836d vertical
polygon_11	construct	generated P0.v1 29606acfb462bed0ba8b2c52cb1719c1 bottom_vertex
polygon_11	construct	generated P0.v1 f00b50b0285785ab5e2ccaabbcbbc94a top_vertex
polygon_11	construct	generated P0.v1 f4566574f2af5f955e58f984ecd691fc vertical
polygon_11	construct	generated P0.v2 2967de84c062bed0ba8b2c5515ef0b32 bottom_vertex
polygon_11	construct	generated P0.v2 f003dcfb1c5785ab5e2ccaa971e3d7d9 top_vertex
polygon_11	construct	generated P0.v2 f46cc09416af5f955e58f98bcd5e664f vertical
polygon_11	construct	generated P0.v3 296f5239cc62bed0ba8b2c5760c6fca3 bottom_vertex
polygon_11	construct	generated P0.v3 effc6946105785ab5e2ccaa7270be668 top_vertex
polygon_11	construct	generated P0.v3 f4654cdf0aaf5f955e58f989828674de vertical
polygon_11	construct	generated P0.v4 2976c5eed862bed0ba8b2c59ab9eee14 bottom_vertex
polygon_11	construct	generated P0.v4 f0309339645785ab5e2ccab732f3807f top_vertex
polygon_11	construct	generated P0.v4 f4400a55ceaf5f955e58f97e0c4ebda9 vertical
polygon_11	construct	generated P0.v5 297e39a3e462bed0ba8b2c5bf676df85 bottom_vertex
polygon_11	construct	generated P0.v5 f0291f84585785ab5e2ccab4e81b8f0e top_vertex
polygon_11	construct	generated P0.v5 f43896a0c2af5f955e58f97bc176cc38 vertical
polygon_11	construct	generated P0.v6 2985ad58f062bed0ba8b2c5e414ed0f6 bottom_vertex
polygon_11	construct	generated P0.v6 f021abcf4c5785ab5e2ccab29d439d9d top_vertex
polygon_11	construct	generated P0.v6 f44ef1bfe6af5f955e58f982a1fea08b vertical
polygon_11	construct	generated P0.v7 298d210dfc62bed0ba8b2c608c26c267 bottom_vertex
polygon_11	construct	generated P0.v7 f01a381a405785ab5e2ccab0526bac2c top_vertex
polygon_11	construct	generated P0.v7 f4477e0adaaf5f955e58f9805726af1a vertical
polygon_11	construct	generated P0.v8 299494c30862bed0ba8b2c62d6feb3d8 bottom_vertex
polygon_11	construct	generated P0.v8 efd726bcd45785ab5e2cca9bb0d42f33 top_vertex
polygon_11	construct	generated P0.v8 f4223b819eaf5f955e58f974e0eef7e5 vertical
polygon_11	construct	generated P0.v9 299c08781462bed0ba8b2c6521d6a549 bottom_vertex
polygon_11	construct	generated P0.v9 efcfb307c85785ab5e2cca9965fc3dc2 top_vertex
polygon_11	construct	generated P0.v9 f41ac7cc92af5f955e58f97296170674 vertical
polygon_11	construct	generated P0.v10 29a37c2d2062bed0ba8b2c676cae96ba bottom_vertex
polygon_11	construct	generated P0.v10 efc83f52bc5785ab5e2cca971b244c51 top_vertex
polygon_11	construct	generated P0.v10 f43122ebb6af5f955e58f979769edac7 vertical
polygon_12	construct	generated P0.b0 6e8f3c5ba50efaabc964e574bc8693b6 end_cap
polygon_12	construct	generated P0.b0 749654a4de057d82e5c5cda30eaff6ff start_cap
polygon_12	construct	generated P0.b0 8dbc8323f395f7f6ac35f61bf5685be9 region
polygon_12	construct	generated P0.s0 29d2d1eefc03c1866d0681002c251016 wall
polygon_12	construct	generated P0.s0 92ade705b2ada398e599a74025b7706e bottom_edge
polygon_12	construct	generated P0.s0 e2e0892990b8dcbe41f80e86cdcf0a19 top_edge
polygon_12	construct	generated P0.s1 29da45a40803c1866d06810276fd0187 wall
polygon_12	construct	generated P0.s1 92b55ababeada398e599a742708f61df bottom_edge
polygon_12	construct	generated P0.s1 e2d9157484b8dcbe41f80e8482f718a8 top_edge
polygon_12	construct	generated P0.s2 29c3ea84e403c1866d0680fb96752d34 wall
polygon_12	construct	generated P0.s2 929eff9b9aada398e599a73b90078d8c bottom_edge
polygon_12	construct	generated P0.s2 e2ef7093a8b8dcbe41f80e8b637eecfb top_edge
polygon_12	construct	generated P0.s3 29cb5e39f003c1866d0680fde14d1ea5 wall
polygon_12	construct	generated P0.s3 92a67350a6ada398e599a73ddadf7efd bottom_edge
polygon_12	construct	generated P0.s3 e2e7fcde9cb8dcbe41f80e8918a6fb8a top_edge
polygon_12	construct	generated P0.s4 29b5031acc03c1866d0680f700c54a52 wall
polygon_12	construct	generated P0.s4 9290183182ada398e599a736fa57aaaa bottom_edge
polygon_12	construct	generated P0.s4 e2fe57fdc0b8dcbe41f80e8ff92ecfdd top_edge
polygon_12	construct	generated P0.s5 29bc76cfd803c1866d0680f94b9d3bc3 wall
polygon_12	construct	generated P0.s5 92978be68eada398e599a739452f9c1b bottom_edge
polygon_12	construct	generated P0.s5 e2f6e448b4b8dcbe41f80e8dae56de6c top_edge
polygon_12	construct	generated P0.s6 29a61bb0b403c1866d0680f26b156770 wall
polygon_12	construct	generated P0.s6 928130c76aada398e599a73264a7c7c8 bottom_edge
polygon_12	construct	generated P0.s6 e30d3f67d8b8dcbe41f80e948edeb2bf top_edge
polygon_12	construct	generated P0.s7 29ad8f65c003c1866d0680f4b5ed58e1 wall
polygon_12	construct	generated P0.s7 9288a47c76ada398e599a734af7fb939 bottom_edge
polygon_12	construct	generated P0.s7 e305cbb2ccb8dcbe41f80e924406c14e top_edge
polygon_12	construct	generated P0.s8 2a0e6f975c03c1866d06811282e49b9e wall
polygon_12	construct	generated P0.s8 9272495d52ada398e599a72dcef7e4e6 bottom_edge
polygon_12	construct	generated P0.s8 e2a4eb8130b8dcbe41f80e74770f7e91 top_edge
polygon_12	construct	generated P0.s9 2a15e34c6803c1866d068114cdbc8d0f wall
polygon_12	construct	generated P0.s9 9279bd125eada398e599a73019cfd657 bottom_edge
polygon_12	construct	generated P0.s9 e29d77cc24b8dcbe41f80e722c378d20 top_edge
polygon_12	construct	generated P0.s10 29ff882d4403c1866d06810ded34b8bc wall
polygon_12	construct	generated P0.s10 926361f33aada398e599a72939480204 bottom_edge
polygon_12	construct	generated P0.s10 e2b3d2eb48b8dcbe41f80e790cbf6173 top_edge
polygon_12	construct	generated P0.s11 2a06fbe25003c1866d068110380caa2d wall
polygon_12	construct	generated P0.s11 926ad5a846ada398e599a72b841ff375 bottom_edge
polygon_12	construct	generated P0.s11 e2ac5f363cb8dcbe41f80e76c1e77002 top_edge
polygon_12	construct	generated P0.v0 2958f71aa862bed0ba8b2c50803f2850 bottom_vertex
polygon_12	construct	generated P0.v0 f012c465345785ab5e2ccaae0793babb top_vertex
polygon_12	construct	generated P0.v0 f45dd929feaf5f955e58f98737ae836d vertical
polygon_12	construct	generated P0.v1 29606acfb462bed0ba8b2c52cb1719c1 bottom_vertex
polygon_12	construct	generated P0.v1 f00b50b0285785ab5e2ccaabbcbbc94a top_vertex
polygon_12	construct	generated P0.v1 f4566574f2af5f955e58f984ecd691fc vertical
polygon_12	construct	generated P0.v2 2967de84c062bed0ba8b2c5515ef0b32 bottom_vertex
polygon_12	construct	generated P0.v2 f003dcfb1c5785ab5e2ccaa971e3d7d9 top_vertex
polygon_12	construct	generated P0.v2 f46cc09416af5f955e58f98bcd5e664f vertical
polygon_12	construct	generated P0.v3 296f5239cc62bed0ba8b2c5760c6fca3 bottom_vertex
polygon_12	construct	generated P0.v3 effc6946105785ab5e2ccaa7270be668 top_vertex
polygon_12	construct	generated P0.v3 f4654cdf0aaf5f955e58f989828674de vertical
polygon_12	construct	generated P0.v4 2976c5eed862bed0ba8b2c59ab9eee14 bottom_vertex
polygon_12	construct	generated P0.v4 f0309339645785ab5e2ccab732f3807f top_vertex
polygon_12	construct	generated P0.v4 f4400a55ceaf5f955e58f97e0c4ebda9 vertical
polygon_12	construct	generated P0.v5 297e39a3e462bed0ba8b2c5bf676df85 bottom_vertex
polygon_12	construct	generated P0.v5 f0291f84585785ab5e2ccab4e81b8f0e top_vertex
polygon_12	construct	generated P0.v5 f43896a0c2af5f955e58f97bc176cc38 vertical
polygon_12	construct	generated P0.v6 2985ad58f062bed0ba8b2c5e414ed0f6 bottom_vertex
polygon_12	construct	generated P0.v6 f021abcf4c5785ab5e2ccab29d439d9d top_vertex
polygon_12	construct	generated P0.v6 f44ef1bfe6af5f955e58f982a1fea08b vertical
polygon_12	construct	generated P0.v7 298d210dfc62bed0ba8b2c608c26c267 bottom_vertex
polygon_12	construct	generated P0.v7 f01a381a405785ab5e2ccab0526bac2c top_vertex
polygon_12	construct	generated P0.v7 f4477e0adaaf5f955e58f9805726af1a vertical
polygon_12	construct	generated P0.v8 299494c30862bed0ba8b2c62d6feb3d8 bottom_vertex
polygon_12	construct	generated P0.v8 efd726bcd45785ab5e2cca9bb0d42f33 top_vertex
polygon_12	construct	generated P0.v8 f4223b819eaf5f955e58f974e0eef7e5 vertical
polygon_12	construct	generated P0.v9 299c08781462bed0ba8b2c6521d6a549 bottom_vertex
polygon_12	construct	generated P0.v9 efcfb307c85785ab5e2cca9965fc3dc2 top_vertex
polygon_12	construct	generated P0.v9 f41ac7cc92af5f955e58f97296170674 vertical
polygon_12	construct	generated P0.v10 29a37c2d2062bed0ba8b2c676cae96ba bottom_vertex
polygon_12	construct	generated P0.v10 efc83f52bc5785ab5e2cca971b244c51 top_vertex
polygon_12	construct	generated P0.v10 f43122ebb6af5f955e58f979769edac7 vertical
polygon_12	construct	generated P0.v11 29aaefe22c62bed0ba8b2c69b786882b bottom_vertex
polygon_12	construct	generated P0.v11 efc0cb9db05785ab5e2cca94d04c5ae0 top_vertex
polygon_12	construct	generated P0.v11 f429af36aaaf5f955e58f9772bc6e956 vertical
circle	construct	generated P0.b0 6e8f3c5ba50efaabc964e574bc8693b6 end_cap
circle	construct	generated P0.b0 749654a4de057d82e5c5cda30eaff6ff start_cap
circle	construct	generated P0.b0 8dbc8323f395f7f6ac35f61bf5685be9 region
circle	construct	generated P0.s0 29d2d1eefc03c1866d0681002c251016 wall
circle	construct	generated P0.s0 92ade705b2ada398e599a74025b7706e bottom_edge
circle	construct	generated P0.s0 e2e0892990b8dcbe41f80e86cdcf0a19 top_edge
circle_labelled	construct	generated L9 061c700c9488390334e37e2c5d06adef region
circle_labelled	construct	generated L9 65110518276a67930146ed3742ae5855 start_cap
circle_labelled	construct	generated L9 d506c058d6e1f3f8cdb02f999c65350e end_cap
circle_labelled	construct	generated L10 19a2d6dace78d7155eba01a18deb9ea5 top_edge
circle_labelled	construct	generated L10 d98e699d27c53fff55ac6d7ae7a2a8fc bottom_edge
circle_labelled	construct	generated L10 e253571b982e5c355b36d7d9c219cf64 wall
holes_0	construct	generated P0.b0 66271620c8370bf4fe1bba2f62fdf24e start_cap
holes_0	construct	generated P0.b0 6c2e2e6a012d8ecc1a7ca25db5275597 end_cap
holes_0	construct	generated P0.b0 f63e9f4681692f2962ca52cc97b95ca8 region
holes_0	construct	generated P0.s0 56c1e34a41fc0963d3554a5db129e34c top_edge
holes_0	construct	generated P0.s0 78e76e99afc79c3b257f3579bcf2592f bottom_edge
holes_0	construct	generated P0.s0 82dd820239f921a36ca68aa7a939b56f wall
holes_0	construct	generated P0.s1 56c956ff4dfc0963d3554a5ffc01d4bd top_edge
holes_0	construct	generated P0.s1 78dffae4a3c79c3b257f3577721a67be bottom_edge
holes_0	construct	generated P0.s1 82d60e4d2df921a36ca68aa55e61c3fe wall
holes_0	construct	generated P0.s2 56d0cab459fc0963d3554a6246d9c62e top_edge
holes_0	construct	generated P0.s2 78d8872f97c79c3b257f35752742764d bottom_edge
holes_0	construct	generated P0.s2 82ce9a9821f921a36ca68aa31389d28d wall
holes_0	construct	generated P0.s3 56d83e6965fc0963d3554a6491b1b79f top_edge
holes_0	construct	generated P0.s3 78d1137a8bc79c3b257f3572dc6a84dc bottom_edge
holes_0	construct	generated P0.s3 82c726e315f921a36ca68aa0c8b1e11c wall
holes_0	construct	generated P0.v0 044348dceebd81462458dd0ade5dc469 bottom_vertex
holes_0	construct	generated P0.v0 0f7c64bdf289141d7682c282baba0e36 top_vertex
holes_0	construct	generated P0.v0 45449349d405868cb6f45f5d474a69f8 vertical
holes_0	construct	generated P0.v1 043bd527e2bd81462458dd089385d2f8 bottom_vertex
holes_0	construct	generated P0.v1 0f83d872fe89141d7682c2850591ffa7 top_vertex
holes_0	construct	generated P0.v1 454c06fee005868cb6f45f5f92225b69 vertical
holes_0	construct	generated P0.v2 0452304706bd81462458dd0f740da74b bottom_vertex
holes_0	construct	generated P0.v2 0f6d7d53da89141d7682c27e250a2b54 top_vertex
holes_0	construct	generated P0.v2 45537ab3ec05868cb6f45f61dcfa4cda vertical
holes_0	construct	generated P0.v3 044abc91fabd81462458dd0d2935b5da bottom_vertex
holes_0	construct	generated P0.v3 0f74f108e689141d7682c2806fe21cc5 top_vertex
holes_0	construct	generated P0.v3 455aee68f805868cb6f45f6427d23e4b vertical
holes_1	construct	generated P0.s0 56c1e34a41fc0963d3554a5db129e34c top_edge
holes_1	construct	generated P0.s0 78e76e99afc79c3b257f3579bcf2592f bottom_edge
holes_1	construct	generated P0.s0 82dd820239f921a36ca68aa7a939b56f wall
holes_1	construct	generated P0.s1 56c956ff4dfc0963d3554a5ffc01d4bd top_edge
holes_1	construct	generated P0.s1 78dffae4a3c79c3b257f3577721a67be bottom_edge
holes_1	construct	generated P0.s1 82d60e4d2df921a36ca68aa55e61c3fe wall
holes_1	construct	generated P0.s2 56d0cab459fc0963d3554a6246d9c62e top_edge
holes_1	construct	generated P0.s2 78d8872f97c79c3b257f35752742764d bottom_edge
holes_1	construct	generated P0.s2 82ce9a9821f921a36ca68aa31389d28d wall
holes_1	construct	generated P0.s3 56d83e6965fc0963d3554a6491b1b79f top_edge
holes_1	construct	generated P0.s3 78d1137a8bc79c3b257f3572dc6a84dc bottom_edge
holes_1	construct	generated P0.s3 82c726e315f921a36ca68aa0c8b1e11c wall
holes_1	construct	generated P0.v0 044348dceebd81462458dd0ade5dc469 bottom_vertex
holes_1	construct	generated P0.v0 0f7c64bdf289141d7682c282baba0e36 top_vertex
holes_1	construct	generated P0.v0 45449349d405868cb6f45f5d474a69f8 vertical
holes_1	construct	generated P0.v1 043bd527e2bd81462458dd089385d2f8 bottom_vertex
holes_1	construct	generated P0.v1 0f83d872fe89141d7682c2850591ffa7 top_vertex
holes_1	construct	generated P0.v1 454c06fee005868cb6f45f5f92225b69 vertical
holes_1	construct	generated P0.v2 0452304706bd81462458dd0f740da74b bottom_vertex
holes_1	construct	generated P0.v2 0f6d7d53da89141d7682c27e250a2b54 top_vertex
holes_1	construct	generated P0.v2 45537ab3ec05868cb6f45f61dcfa4cda vertical
holes_1	construct	generated P0.v3 044abc91fabd81462458dd0d2935b5da bottom_vertex
holes_1	construct	generated P0.v3 0f74f108e689141d7682c2806fe21cc5 top_vertex
holes_1	construct	generated P0.v3 455aee68f805868cb6f45f6427d23e4b vertical
holes_1	construct	generated P1.s0 e6ceaf25c2fc02ec87f390914d38f987 top_edge
holes_1	construct	generated P1.s0 e8daa2be2ec7a2b270e0ef4620e342f4 bottom_edge
holes_1	construct	generated P1.s0 f2d0b626b8f9281ab80844740d2a9f34 wall
holes_1	construct	generated P1.s1 e6c73b70b6fc02ec87f3908f02610816 top_edge
holes_1	construct	generated P1.s1 e8e216733ac7a2b270e0ef486bbb3465 bottom_edge
holes_1	construct	generated P1.s1 f2d829dbc4f9281ab8084476580290a5 wall
holes_1	construct	generated P1.s2 e6bfc7bbaafc02ec87f3908cb78916a5 top_edge
holes_1	construct	generated P1.s2 e8e98a2846c7a2b270e0ef4ab69325d6 bottom_edge
holes_1	construct	generated P1.s2 f2df9d90d0f9281ab8084478a2da8216 wall
holes_1	construct	generated P1.s3 e6b854069efc02ec87f3908a6cb12534 top_edge
holes_1	construct	generated P1.s3 e8f0fddd52c7a2b270e0ef4d016b1747 bottom_edge
holes_1	construct	generated P1.s3 f2e71145dcf9281ab808447aedb27387 wall
holes_1	construct	generated P1.v0 7d63a54a05bd7aced8f71d9a4b00ae8e bottom_vertex
holes_1	construct	generated P1.v0 965c0850db891a94c1e481f34e172411 top_vertex
holes_1	construct	generated P1.v0 cc2436dcbd058d0402561ecddaa77fd3 vertical
holes_1	construct	generated P1.v1 7d6b18ff11bd7aced8f71d9c95d89fff bottom_vertex
holes_1	construct	generated P1.v1 9654949bcf891a94c1e481f1033f32a0 top_vertex
holes_1	construct	generated P1.v1 cc1cc327b1058d0402561ecb8fcf8e62 vertical
holes_1	construct	generated P1.v2 7d54bddfedbd7aced8f71d95b550cbac bottom_vertex
holes_1	construct	generated P1.v2 966aefbaf3891a94c1e481f7e3c706f3 top_vertex
holes_1	construct	generated P1.v2 cc154f72a5058d0402561ec944f79cf1 vertical
holes_1	construct	generated P1.v3 7d5c3194f9bd7aced8f71d980028bd1d bottom_vertex
holes_1	construct	generated P1.v3 96637c05e7891a94c1e481f598ef1582 top_vertex
holes_1	construct	generated P1.v3 cc0ddbbd99058d0402561ec6fa1fab80 vertical
holes_1	construct	generated P0.b0,P1.b0 c75e33907f214a140187118819bfe414 start_cap
holes_1	construct	generated P0.b0,P1.b0 e78f924b0e9a8dd08a6ebd6b3a1f3209 end_cap
holes_1	construct	generated P0.b0,P1.b0 f1ad629a2a315675798c99d00b8c29be region
holes_2	construct	generated P0.s0 56c1e34a41fc0963d3554a5db129e34c top_edge
holes_2	construct	generated P0.s0 78e76e99afc79c3b257f3579bcf2592f bottom_edge
holes_2	construct	generated P0.s0 82dd820239f921a36ca68aa7a939b56f wall
holes_2	construct	generated P0.s1 56c956ff4dfc0963d3554a5ffc01d4bd top_edge
holes_2	construct	generated P0.s1 78dffae4a3c79c3b257f3577721a67be bottom_edge
holes_2	construct	generated P0.s1 82d60e4d2df921a36ca68aa55e61c3fe wall
holes_2	construct	generated P0.s2 56d0cab459fc0963d3554a6246d9c62e top_edge
holes_2	construct	generated P0.s2 78d8872f97c79c3b257f35752742764d bottom_edge
holes_2	construct	generated P0.s2 82ce9a9821f921a36ca68aa31389d28d wall
holes_2	construct	generated P0.s3 56d83e6965fc0963d3554a6491b1b79f top_edge
holes_2	construct	generated P0.s3 78d1137a8bc79c3b257f3572dc6a84dc bottom_edge
holes_2	construct	generated P0.s3 82c726e315f921a36ca68aa0c8b1e11c wall
holes_2	construct	generated P0.v0 044348dceebd81462458dd0ade5dc469 bottom_vertex
holes_2	construct	generated P0.v0 0f7c64bdf289141d7682c282baba0e36 top_vertex
holes_2	construct	generated P0.v0 45449349d405868cb6f45f5d474a69f8 vertical
holes_2	construct	generated P0.v1 043bd527e2bd81462458dd089385d2f8 bottom_vertex
holes_2	construct	generated P0.v1 0f83d872fe89141d7682c2850591ffa7 top_vertex
holes_2	construct	generated P0.v1 454c06fee005868cb6f45f5f92225b69 vertical
holes_2	construct	generated P0.v2 0452304706bd81462458dd0f740da74b bottom_vertex
holes_2	construct	generated P0.v2 0f6d7d53da89141d7682c27e250a2b54 top_vertex
holes_2	construct	generated P0.v2 45537ab3ec05868cb6f45f61dcfa4cda vertical
holes_2	construct	generated P0.v3 044abc91fabd81462458dd0d2935b5da bottom_vertex
holes_2	construct	generated P0.v3 0f74f108e689141d7682c2806fe21cc5 top_vertex
holes_2	construct	generated P0.v3 455aee68f805868cb6f45f6427d23e4b vertical
holes_2	construct	generated P1.s0 e6ceaf25c2fc02ec87f390914d38f987 top_edge
holes_2	construct	generated P1.s0 e8daa2be2ec7a2b270e0ef4620e342f4 bottom_edge
holes_2	construct	generated P1.s0 f2d0b626b8f9281ab80844740d2a9f34 wall
holes_2	construct	generated P1.s1 e6c73b70b6fc02ec87f3908f02610816 top_edge
holes_2	construct	generated P1.s1 e8e216733ac7a2b270e0ef486bbb3465 bottom_edge
holes_2	construct	generated P1.s1 f2d829dbc4f9281ab8084476580290a5 wall
holes_2	construct	generated P1.s2 e6bfc7bbaafc02ec87f3908cb78916a5 top_edge
holes_2	construct	generated P1.s2 e8e98a2846c7a2b270e0ef4ab69325d6 bottom_edge
holes_2	construct	generated P1.s2 f2df9d90d0f9281ab8084478a2da8216 wall
holes_2	construct	generated P1.s3 e6b854069efc02ec87f3908a6cb12534 top_edge
holes_2	construct	generated P1.s3 e8f0fddd52c7a2b270e0ef4d016b1747 bottom_edge
holes_2	construct	generated P1.s3 f2e71145dcf9281ab808447aedb27387 wall
holes_2	construct	generated P1.v0 7d63a54a05bd7aced8f71d9a4b00ae8e bottom_vertex
holes_2	construct	generated P1.v0 965c0850db891a94c1e481f34e172411 top_vertex
holes_2	construct	generated P1.v0 cc2436dcbd058d0402561ecddaa77fd3 vertical
holes_2	construct	generated P1.v1 7d6b18ff11bd7aced8f71d9c95d89fff bottom_vertex
holes_2	construct	generated P1.v1 9654949bcf891a94c1e481f1033f32a0 top_vertex
holes_2	construct	generated P1.v1 cc1cc327b1058d0402561ecb8fcf8e62 vertical
holes_2	construct	generated P1.v2 7d54bddfedbd7aced8f71d95b550cbac bottom_vertex
holes_2	construct	generated P1.v2 966aefbaf3891a94c1e481f7e3c706f3 top_vertex
holes_2	construct	generated P1.v2 cc154f72a5058d0402561ec944f79cf1 vertical
holes_2	construct	generated P1.v3 7d5c3194f9bd7aced8f71d980028bd1d bottom_vertex
holes_2	construct	generated P1.v3 96637c05e7891a94c1e481f598ef1582 top_vertex
holes_2	construct	generated P1.v3 cc0ddbbd99058d0402561ec6fa1fab80 vertical
holes_2	construct	generated P2.s0 64812a7013fc16526a18c93ed7e40f02 top_edge
holes_2	construct	generated P2.s0 86a6b5bf81c7a929bc42b45ae3ac84e5 bottom_edge
holes_2	construct	generated P2.s0 909cc9280bf92e92036a0988cff3e125 wall
holes_2	construct	generated P0.b0,P1.b0,P2.b0 0470e703f351f88265fdf05e4bdfe590 end_cap
holes_2	construct	generated P0.b0,P1.b0,P2.b0 3d6f3fd3a19d330f17fbc5c894e66013 region
holes_2	construct	generated P0.b0,P1.b0,P2.b0 80157f216ba79aab7033bc0b92eff409 start_cap
holes_3	construct	generated P0.s0 56c1e34a41fc0963d3554a5db129e34c top_edge
holes_3	construct	generated P0.s0 78e76e99afc79c3b257f3579bcf2592f bottom_edge
holes_3	construct	generated P0.s0 82dd820239f921a36ca68aa7a939b56f wall
holes_3	construct	generated P0.s1 56c956ff4dfc0963d3554a5ffc01d4bd top_edge
holes_3	construct	generated P0.s1 78dffae4a3c79c3b257f3577721a67be bottom_edge
holes_3	construct	generated P0.s1 82d60e4d2df921a36ca68aa55e61c3fe wall
holes_3	construct	generated P0.s2 56d0cab459fc0963d3554a6246d9c62e top_edge
holes_3	construct	generated P0.s2 78d8872f97c79c3b257f35752742764d bottom_edge
holes_3	construct	generated P0.s2 82ce9a9821f921a36ca68aa31389d28d wall
holes_3	construct	generated P0.s3 56d83e6965fc0963d3554a6491b1b79f top_edge
holes_3	construct	generated P0.s3 78d1137a8bc79c3b257f3572dc6a84dc bottom_edge
holes_3	construct	generated P0.s3 82c726e315f921a36ca68aa0c8b1e11c wall
holes_3	construct	generated P0.v0 044348dceebd81462458dd0ade5dc469 bottom_vertex
holes_3	construct	generated P0.v0 0f7c64bdf289141d7682c282baba0e36 top_vertex
holes_3	construct	generated P0.v0 45449349d405868cb6f45f5d474a69f8 vertical
holes_3	construct	generated P0.v1 043bd527e2bd81462458dd089385d2f8 bottom_vertex
holes_3	construct	generated P0.v1 0f83d872fe89141d7682c2850591ffa7 top_vertex
holes_3	construct	generated P0.v1 454c06fee005868cb6f45f5f92225b69 vertical
holes_3	construct	generated P0.v2 0452304706bd81462458dd0f740da74b bottom_vertex
holes_3	construct	generated P0.v2 0f6d7d53da89141d7682c27e250a2b54 top_vertex
holes_3	construct	generated P0.v2 45537ab3ec05868cb6f45f61dcfa4cda vertical
holes_3	construct	generated P0.v3 044abc91fabd81462458dd0d2935b5da bottom_vertex
holes_3	construct	generated P0.v3 0f74f108e689141d7682c2806fe21cc5 top_vertex
holes_3	construct	generated P0.v3 455aee68f805868cb6f45f6427d23e4b vertical
holes_3	construct	generated P1.s0 e6ceaf25c2fc02ec87f390914d38f987 top_edge
holes_3	construct	generated P1.s0 e8daa2be2ec7a2b270e0ef4620e342f4 bottom_edge
holes_3	construct	generated P1.s0 f2d0b626b8f9281ab80844740d2a9f34 wall
holes_3	construct	generated P1.s1 e6c73b70b6fc02ec87f3908f02610816 top_edge
holes_3	construct	generated P1.s1 e8e216733ac7a2b270e0ef486bbb3465 bottom_edge
holes_3	construct	generated P1.s1 f2d829dbc4f9281ab8084476580290a5 wall
holes_3	construct	generated P1.s2 e6bfc7bbaafc02ec87f3908cb78916a5 top_edge
holes_3	construct	generated P1.s2 e8e98a2846c7a2b270e0ef4ab69325d6 bottom_edge
holes_3	construct	generated P1.s2 f2df9d90d0f9281ab8084478a2da8216 wall
holes_3	construct	generated P1.s3 e6b854069efc02ec87f3908a6cb12534 top_edge
holes_3	construct	generated P1.s3 e8f0fddd52c7a2b270e0ef4d016b1747 bottom_edge
holes_3	construct	generated P1.s3 f2e71145dcf9281ab808447aedb27387 wall
holes_3	construct	generated P1.v0 7d63a54a05bd7aced8f71d9a4b00ae8e bottom_vertex
holes_3	construct	generated P1.v0 965c0850db891a94c1e481f34e172411 top_vertex
holes_3	construct	generated P1.v0 cc2436dcbd058d0402561ecddaa77fd3 vertical
holes_3	construct	generated P1.v1 7d6b18ff11bd7aced8f71d9c95d89fff bottom_vertex
holes_3	construct	generated P1.v1 9654949bcf891a94c1e481f1033f32a0 top_vertex
holes_3	construct	generated P1.v1 cc1cc327b1058d0402561ecb8fcf8e62 vertical
holes_3	construct	generated P1.v2 7d54bddfedbd7aced8f71d95b550cbac bottom_vertex
holes_3	construct	generated P1.v2 966aefbaf3891a94c1e481f7e3c706f3 top_vertex
holes_3	construct	generated P1.v2 cc154f72a5058d0402561ec944f79cf1 vertical
holes_3	construct	generated P1.v3 7d5c3194f9bd7aced8f71d980028bd1d bottom_vertex
holes_3	construct	generated P1.v3 96637c05e7891a94c1e481f598ef1582 top_vertex
holes_3	construct	generated P1.v3 cc0ddbbd99058d0402561ec6fa1fab80 vertical
holes_3	construct	generated P2.s0 64812a7013fc16526a18c93ed7e40f02 top_edge
holes_3	construct	generated P2.s0 86a6b5bf81c7a929bc42b45ae3ac84e5 bottom_edge
holes_3	construct	generated P2.s0 909cc9280bf92e92036a0988cff3e125 wall
holes_3	construct	generated P3.s0 008ffd4c8af935094ecbc35533e4caea wall
holes_3	construct	generated P3.s0 f48df64b94fc0fdb1eb70f7273f3253d top_edge
holes_3	construct	generated P3.s0 f699e9e400c7afa107a46e27479d6eaa bottom_edge
holes_3	construct	generated P3.s1 0097710196f935094ecbc3577ebcbc5b wall
holes_3	construct	generated P3.s1 f486829688fc0fdb1eb70f70291b33cc top_edge
holes_3	construct	generated P3.s1 f6a15d990cc7afa107a46e299275601b bottom_edge
holes_3	construct	generated P3.s2 008115e272f935094ecbc3509e34e808 wall
holes_3	construct	generated P3.s2 f49cddb5acfc0fdb1eb70f7709a3081f top_edge
holes_3	construct	generated P3.s2 f68b0279e8c7afa107a46e22b1ed8bc8 bottom_edge
holes_3	construct	generated P3.s3 008889977ef935094ecbc352e90cd979 wall
holes_3	construct	generated P3.s3 f4956a00a0fc0fdb1eb70f74becb16ae top_edge
holes_3	construct	generated P3.s3 f692762ef4c7afa107a46e24fcc57d39 bottom_edge
holes_3	construct	generated P3.v0 5d4a0d9303bd87bd6fba913312e28218 bottom_vertex
holes_3	construct	generated P3.v0 76427099d989278358a7f58c15f8f79b top_vertex
holes_3	construct	generated P3.v0 ec3dce93bf0580156b92ab3512c5ac49 vertical
holes_3	construct	generated P3.v1 5d5181480fbd87bd6fba91355dba7389 bottom_vertex
holes_3	construct	generated P3.v1 763afce4cd89278358a7f589cb21062a top_vertex
holes_3	construct	generated P3.v1 ec365adeb30580156b92ab32c7edbad8 vertical
holes_3	construct	generated P3.v2 5d58f4fd1bbd87bd6fba9137a89264fa bottom_vertex
holes_3	construct	generated P3.v2 7633892fc189278358a7f587804914b9 top_vertex
holes_3	construct	generated P3.v2 ec4cb5fdd70580156b92ab39a8758f2b vertical
holes_3	construct	generated P3.v3 5d6068b227bd87bd6fba9139f36a566b bottom_vertex
holes_3	construct	generated P3.v3 762c157ab589278358a7f58535712348 top_vertex
holes_3	construct	generated P3.v3 ec454248cb0580156b92ab375d9d9dba vertical
holes_3	construct	generated P0.b0,P1.b0,P2.b0,P3.b0 5661d457243dc42f325efedbbcc9a2c8 end_cap
holes_3	construct	generated P0.b0,P1.b0,P2.b0,P3.b0 9bf7c8ab9430b1fe3311ede0eb1d0711 start_cap
holes_3	construct	generated P0.b0,P1.b0,P2.b0,P3.b0 bbe27b33f163020f1c848950e6b91bd7 region
holes_3_labelled	construct	generated L801 37d8d03be28bb2cb73d1f41193836c4c top_edge
holes_3_labelled	construct	generated L801 4ee2a5297fc65ad897a29ab74b52da75 wall
holes_3_labelled	construct	generated L801 adf1ee96533f4a2b2811d1b585e689b5 bottom_edge
holes_3_labelled	construct	generated L802 4be6c2229d3f4a3ae34b3966f226ca32 bottom_edge
holes_3_labelled	construct	generated L802 a7c8b661f88bb2d0bd9dda633552fb53 top_edge
holes_3_labelled	construct	generated L802 ecd778b5c9c65ae852dc0268b7931af2 wall
holes_3_labelled	construct	generated L803 17b89c880e8bb2d60769c0b4d7228a5a top_edge
holes_3_labelled	construct	generated L803 7ce7928fb3c65ae309101c1715c38beb wall
holes_3_labelled	construct	generated L803 dbf6dbfc873f4a35997f531550573b2b bottom_edge
holes_3_labelled	construct	generated L804 5e223c24113f4a1b4aae1ec0a077dca0 bottom_edge
holes_3_labelled	construct	generated L804 6bdf0f49648bb2b1472b0b005cd27a59 top_edge
holes_3_labelled	construct	generated L804 ff12f2b73dc65ac8ba3ee7c265e42d60 wall
holes_3_labelled	construct	generated L601 1aafb57d917c0ba6b9a5aad49f0dc66e top_vertex
holes_3_labelled	construct	generated L601 997a68131ec873f2f9db27f552b7061b bottom_vertex
holes_3_labelled	construct	generated L601 d4cf0b3b91033d0ec1f6938ceec50330 vertical
holes_3_labelled	construct	generated L602 9155dccef9033d0980b5400c2b410f4f vertical
holes_3_labelled	construct	generated L602 dcf3967fb6c873f83b1c7b76163af9fc bottom_vertex
holes_3_labelled	construct	generated L602 e51b40c3597c0bb67d69a556e999a211 top_vertex
holes_3_labelled	construct	generated L603 48b4a2e3c57c0bb12b132c34697e77e4 top_vertex
holes_3_labelled	construct	generated L603 795a345f4ac873fd8d72f49896562429 bottom_vertex
holes_3_labelled	construct	generated L603 a6ca1dd55d033d045089122d245451ba vertical
holes_3_labelled	construct	generated L604 13202e298d7c0bc0eed726b6b40a5387 top_vertex
holes_3_labelled	construct	generated L604 6350ef68c5033cff0f47beac60d05dd9 vertical
holes_3_labelled	construct	generated L604 bcd362cbe2c87402ceb4481959da180a bottom_vertex
holes_3_labelled	construct	generated L101 5c977306e2c65c13d62250abd0ce9a78 wall
holes_3_labelled	construct	generated L101 caf1c545bf8bb406cbf16278b3e1fdc1 top_edge
holes_3_labelled	construct	generated L101 ff0f8627b63f48c5c5e7c74849685938 bottom_edge
holes_3_labelled	construct	generated L102 0e6af3b2578bb40c0d32b5f97765f1a2 top_edge
holes_3_labelled	construct	generated L102 2702fe4caac65c2399e64b2e1b5a761b wall
holes_3_labelled	construct	generated L102 c97b116d7e3f48d589abc1ca93f434db bottom_edge
holes_3_labelled	construct	generated L103 51e4221eef8bb4114e74097a3ae9e583 top_edge
holes_3_labelled	construct	generated L103 8601e300e63f48d0486a6e49d07040fa bottom_edge
holes_3_labelled	construct	generated L103 e389cfe012c65c1e58a4f7ad57d6823a wall
holes_3_labelled	construct	generated L104 34a3fae1ee3f48b60223ccc5fedc7d95 bottom_edge
holes_3_labelled	construct	generated L104 922be7c11ac65c04125e56298642bed5 wall
holes_3_labelled	construct	generated L104 b126c3f0478bb44099bff9011a8d786c top_edge
holes_3_labelled	construct	generated L901 42cbbb3cffc875d6690fe0d326fcdd64 bottom_vertex
holes_3_labelled	construct	generated L901 b8e4d997707c0d361d4fbe77195ffacd top_vertex
holes_3_labelled	construct	generated L901 dc3f0b73300340c0a82a937ed6b24af7 vertical
holes_3_labelled	construct	generated L902 56d9ad23ba7c0d45d889262885a03b4a top_vertex
holes_3_labelled	construct	generated L902 6c4f254d1a0340bb5e5ead2d34e2bbf0 vertical
holes_3_labelled	construct	generated L902 b2bba16315c875dbb2dbc724c8cc6c6b bottom_vertex
holes_3_labelled	construct	generated L903 22ab87892bc875e0fca7ad766a9bfb72 bottom_vertex
holes_3_labelled	construct	generated L903 ae3a1e0cfc0340b636bd121f0c419981 vertical
holes_3_labelled	construct	generated L903 e6e9c6fda47c0d408ebd3fd6e3d0ac43 top_vertex
holes_3_labelled	construct	generated L904 3e4a37e6e60340b0ecf12bcd6a720a7a vertical
holes_3_labelled	construct	generated L904 5b0886e5c1c87592325e5bbbd42c4c69 bottom_vertex
holes_3_labelled	construct	generated L904 84de9a89ee7c0d5049f6a7885010ecc0 top_vertex
holes_3_labelled	construct	generated L651 18542c0734c65cb1733f86f1dbf993b0 wall
holes_3_labelled	construct	generated L651 77637574083f4c0403aebdf0168d42f0 bottom_edge
holes_3_labelled	construct	generated L651 9e0067ea8d8bafb74ce575a92fef8a55 top_edge
holes_3_labelled	construct	generated L201 864a12778f033f5b5715aeb356cb50c6 vertical
holes_3_labelled	construct	generated L201 ba1b3ce21cc876e7b724b3342b3bcfd1 bottom_vertex
holes_3_labelled	construct	generated L201 e2631ad9937c0e9b65da1071bafb59d8 top_vertex
holes_3_labelled	construct	generated L202 42d0e40af7033f5615d45b3293475ce5 vertical
holes_3_labelled	construct	generated L202 accea61f5b7c0eab299e0af40587357b top_vertex
holes_3_labelled	construct	generated L202 fd946b4eb4c876ecf86606b4eebfc3b2 bottom_vertex
holes_3_labelled	construct	generated L203 410d99bb4cc876f239a75a35b243b793 bottom_vertex
holes_3_labelled	construct	generated L203 695577b2c37c0ea5e85cb7734203419a top_vertex
holes_3_labelled	construct	generated L203 ff57b59e5f033f50d49307b1cfc36904 vertical
holes_3_labelled	construct	generated L204 33c102f88b7c0eb5ac20b1f58c8f1d3d top_vertex
holes_3_labelled	construct	generated L204 8486c827e4c876f77ae8adb675c7ab74 bottom_vertex
holes_3_labelled	construct	generated L204 bbde8731c7033f4b9351b4310c3f7523 vertical
holes_3_labelled	construct	generated L501 1a4f3186f53f4b1256c199064248d93b bottom_edge
holes_3_labelled	construct	generated L501 77d71e6621c65e6066fc2269c9af1a7b wall
holes_3_labelled	construct	generated L501 afb219e6808bb1ba3b1790babb017dbe top_edge
holes_3_labelled	construct	generated L502 15cbf1f26bc65e7022358a1b35ef5af8 wall
holes_3_labelled	construct	generated L502 1fa2000c968bb1bf84e3770c5cd10cc5 top_edge
holes_3_labelled	construct	generated L502 b84405133f3f4b2211fb00b7ae8919b8 bottom_edge
holes_3_labelled	construct	generated L503 36a476bfb08bb1c4bd9a37bc42096580 top_edge
holes_3_labelled	construct	generated L503 a1418e60253f4b1cd9444007c950c0fd bottom_edge
holes_3_labelled	construct	generated L503 fec97b3f51c65e6ae97ec96b50b7023d wall
holes_3_labelled	construct	generated L504 236cee87af3f4b028a730bb319716272 bottom_edge
holes_3_labelled	construct	generated L504 80f4db66dbc65e509aad9516a0d7a3b2 wall
holes_3_labelled	construct	generated L504 c25dd04a868bb1f41170ba13fff8938f top_edge
holes_3_labelled	construct	generated L100,L500,L650,L800 2454a1a1bf81e67b59b956e917438b93 start_cap
holes_3_labelled	construct	generated L100,L500,L650,L800 454a53a1dc10c6b814a06348b8f6b345 region
holes_3_labelled	construct	generated L100,L500,L650,L800 98df9b352cdb35e42ba70881c25ed792 end_cap
holes_3_reversed_direction	construct	generated L801 37d8d03be28bb2cb73d1f41193836c4c top_edge
holes_3_reversed_direction	construct	generated L801 4ee2a5297fc65ad897a29ab74b52da75 wall
holes_3_reversed_direction	construct	generated L801 adf1ee96533f4a2b2811d1b585e689b5 bottom_edge
holes_3_reversed_direction	construct	generated L802 4be6c2229d3f4a3ae34b3966f226ca32 bottom_edge
holes_3_reversed_direction	construct	generated L802 a7c8b661f88bb2d0bd9dda633552fb53 top_edge
holes_3_reversed_direction	construct	generated L802 ecd778b5c9c65ae852dc0268b7931af2 wall
holes_3_reversed_direction	construct	generated L803 17b89c880e8bb2d60769c0b4d7228a5a top_edge
holes_3_reversed_direction	construct	generated L803 7ce7928fb3c65ae309101c1715c38beb wall
holes_3_reversed_direction	construct	generated L803 dbf6dbfc873f4a35997f531550573b2b bottom_edge
holes_3_reversed_direction	construct	generated L804 5e223c24113f4a1b4aae1ec0a077dca0 bottom_edge
holes_3_reversed_direction	construct	generated L804 6bdf0f49648bb2b1472b0b005cd27a59 top_edge
holes_3_reversed_direction	construct	generated L804 ff12f2b73dc65ac8ba3ee7c265e42d60 wall
holes_3_reversed_direction	construct	generated L601 1aafb57d917c0ba6b9a5aad49f0dc66e top_vertex
holes_3_reversed_direction	construct	generated L601 997a68131ec873f2f9db27f552b7061b bottom_vertex
holes_3_reversed_direction	construct	generated L601 d4cf0b3b91033d0ec1f6938ceec50330 vertical
holes_3_reversed_direction	construct	generated L602 9155dccef9033d0980b5400c2b410f4f vertical
holes_3_reversed_direction	construct	generated L602 dcf3967fb6c873f83b1c7b76163af9fc bottom_vertex
holes_3_reversed_direction	construct	generated L602 e51b40c3597c0bb67d69a556e999a211 top_vertex
holes_3_reversed_direction	construct	generated L603 48b4a2e3c57c0bb12b132c34697e77e4 top_vertex
holes_3_reversed_direction	construct	generated L603 795a345f4ac873fd8d72f49896562429 bottom_vertex
holes_3_reversed_direction	construct	generated L603 a6ca1dd55d033d045089122d245451ba vertical
holes_3_reversed_direction	construct	generated L604 13202e298d7c0bc0eed726b6b40a5387 top_vertex
holes_3_reversed_direction	construct	generated L604 6350ef68c5033cff0f47beac60d05dd9 vertical
holes_3_reversed_direction	construct	generated L604 bcd362cbe2c87402ceb4481959da180a bottom_vertex
holes_3_reversed_direction	construct	generated L101 5c977306e2c65c13d62250abd0ce9a78 wall
holes_3_reversed_direction	construct	generated L101 caf1c545bf8bb406cbf16278b3e1fdc1 top_edge
holes_3_reversed_direction	construct	generated L101 ff0f8627b63f48c5c5e7c74849685938 bottom_edge
holes_3_reversed_direction	construct	generated L102 0e6af3b2578bb40c0d32b5f97765f1a2 top_edge
holes_3_reversed_direction	construct	generated L102 2702fe4caac65c2399e64b2e1b5a761b wall
holes_3_reversed_direction	construct	generated L102 c97b116d7e3f48d589abc1ca93f434db bottom_edge
holes_3_reversed_direction	construct	generated L103 51e4221eef8bb4114e74097a3ae9e583 top_edge
holes_3_reversed_direction	construct	generated L103 8601e300e63f48d0486a6e49d07040fa bottom_edge
holes_3_reversed_direction	construct	generated L103 e389cfe012c65c1e58a4f7ad57d6823a wall
holes_3_reversed_direction	construct	generated L104 34a3fae1ee3f48b60223ccc5fedc7d95 bottom_edge
holes_3_reversed_direction	construct	generated L104 922be7c11ac65c04125e56298642bed5 wall
holes_3_reversed_direction	construct	generated L104 b126c3f0478bb44099bff9011a8d786c top_edge
holes_3_reversed_direction	construct	generated L901 42cbbb3cffc875d6690fe0d326fcdd64 bottom_vertex
holes_3_reversed_direction	construct	generated L901 b8e4d997707c0d361d4fbe77195ffacd top_vertex
holes_3_reversed_direction	construct	generated L901 dc3f0b73300340c0a82a937ed6b24af7 vertical
holes_3_reversed_direction	construct	generated L902 56d9ad23ba7c0d45d889262885a03b4a top_vertex
holes_3_reversed_direction	construct	generated L902 6c4f254d1a0340bb5e5ead2d34e2bbf0 vertical
holes_3_reversed_direction	construct	generated L902 b2bba16315c875dbb2dbc724c8cc6c6b bottom_vertex
holes_3_reversed_direction	construct	generated L903 22ab87892bc875e0fca7ad766a9bfb72 bottom_vertex
holes_3_reversed_direction	construct	generated L903 ae3a1e0cfc0340b636bd121f0c419981 vertical
holes_3_reversed_direction	construct	generated L903 e6e9c6fda47c0d408ebd3fd6e3d0ac43 top_vertex
holes_3_reversed_direction	construct	generated L904 3e4a37e6e60340b0ecf12bcd6a720a7a vertical
holes_3_reversed_direction	construct	generated L904 5b0886e5c1c87592325e5bbbd42c4c69 bottom_vertex
holes_3_reversed_direction	construct	generated L904 84de9a89ee7c0d5049f6a7885010ecc0 top_vertex
holes_3_reversed_direction	construct	generated L651 18542c0734c65cb1733f86f1dbf993b0 wall
holes_3_reversed_direction	construct	generated L651 77637574083f4c0403aebdf0168d42f0 bottom_edge
holes_3_reversed_direction	construct	generated L651 9e0067ea8d8bafb74ce575a92fef8a55 top_edge
holes_3_reversed_direction	construct	generated L201 864a12778f033f5b5715aeb356cb50c6 vertical
holes_3_reversed_direction	construct	generated L201 ba1b3ce21cc876e7b724b3342b3bcfd1 bottom_vertex
holes_3_reversed_direction	construct	generated L201 e2631ad9937c0e9b65da1071bafb59d8 top_vertex
holes_3_reversed_direction	construct	generated L202 42d0e40af7033f5615d45b3293475ce5 vertical
holes_3_reversed_direction	construct	generated L202 accea61f5b7c0eab299e0af40587357b top_vertex
holes_3_reversed_direction	construct	generated L202 fd946b4eb4c876ecf86606b4eebfc3b2 bottom_vertex
holes_3_reversed_direction	construct	generated L203 410d99bb4cc876f239a75a35b243b793 bottom_vertex
holes_3_reversed_direction	construct	generated L203 695577b2c37c0ea5e85cb7734203419a top_vertex
holes_3_reversed_direction	construct	generated L203 ff57b59e5f033f50d49307b1cfc36904 vertical
holes_3_reversed_direction	construct	generated L204 33c102f88b7c0eb5ac20b1f58c8f1d3d top_vertex
holes_3_reversed_direction	construct	generated L204 8486c827e4c876f77ae8adb675c7ab74 bottom_vertex
holes_3_reversed_direction	construct	generated L204 bbde8731c7033f4b9351b4310c3f7523 vertical
holes_3_reversed_direction	construct	generated L501 1a4f3186f53f4b1256c199064248d93b bottom_edge
holes_3_reversed_direction	construct	generated L501 77d71e6621c65e6066fc2269c9af1a7b wall
holes_3_reversed_direction	construct	generated L501 afb219e6808bb1ba3b1790babb017dbe top_edge
holes_3_reversed_direction	construct	generated L502 15cbf1f26bc65e7022358a1b35ef5af8 wall
holes_3_reversed_direction	construct	generated L502 1fa2000c968bb1bf84e3770c5cd10cc5 top_edge
holes_3_reversed_direction	construct	generated L502 b84405133f3f4b2211fb00b7ae8919b8 bottom_edge
holes_3_reversed_direction	construct	generated L503 36a476bfb08bb1c4bd9a37bc42096580 top_edge
holes_3_reversed_direction	construct	generated L503 a1418e60253f4b1cd9444007c950c0fd bottom_edge
holes_3_reversed_direction	construct	generated L503 fec97b3f51c65e6ae97ec96b50b7023d wall
holes_3_reversed_direction	construct	generated L504 236cee87af3f4b028a730bb319716272 bottom_edge
holes_3_reversed_direction	construct	generated L504 80f4db66dbc65e509aad9516a0d7a3b2 wall
holes_3_reversed_direction	construct	generated L504 c25dd04a868bb1f41170ba13fff8938f top_edge
holes_3_reversed_direction	construct	generated L100,L500,L650,L800 2454a1a1bf81e67b59b956e917438b93 start_cap
holes_3_reversed_direction	construct	generated L100,L500,L650,L800 454a53a1dc10c6b814a06348b8f6b345 region
holes_3_reversed_direction	construct	generated L100,L500,L650,L800 98df9b352cdb35e42ba70881c25ed792 end_cap
clockwise_labelled	construct	generated L300 1a66f08c4eddf9292213fb87238c7cd3 region
clockwise_labelled	construct	generated L300 c78fc044f553f6def31be52c2158938e end_cap
clockwise_labelled	construct	generated L300 d9eb8330056455cb60a1a92c044f83fd start_cap
clockwise_labelled	construct	generated L301 1281b00bb962f2b9d3d26c0acad7064f top_edge
clockwise_labelled	construct	generated L301 a9401c99e6a0611e7ba484b71f908a06 wall
clockwise_labelled	construct	generated L301 df777f34c4af59b5cc3d9bcb7bcee8e2 bottom_edge
clockwise_labelled	construct	generated L302 193002bffca06123c5706b08c160190d wall
clockwise_labelled	construct	generated L302 4f67655adaaf59bb1609821d1d9e77e9 bottom_edge
clockwise_labelled	construct	generated L302 b07683980362f2c98f0bd3bc371746cc top_edge
clockwise_labelled	construct	generated L303 3032797316a06128fe272bb8a69871c8 wall
clockwise_labelled	construct	generated L303 6669dc0df4af59c04ec042cd02d6d0a4 bottom_edge
clockwise_labelled	construct	generated L303 99740ce4e962f2c45655130c51deee11 top_edge
clockwise_labelled	construct	generated L304 4cc6056aeca060b029d33df7f40923b7 wall
clockwise_labelled	construct	generated L304 9ec6db6a8aaf59718476f1126c67219b bottom_edge
clockwise_labelled	construct	generated L304 c84312de3362f22be9640aa54da0b26e top_edge
clockwise_labelled	construct	generated L305 63c87c1e06a060b56289fea7d9417c72 wall
clockwise_labelled	construct	generated L305 b1409c2b1962f226b0ad49f5686859b3 top_edge
clockwise_labelled	construct	generated L305 b5c9521da4af5976bd2db1c2519f7a56 bottom_edge
clockwise_labelled	construct	generated L306 25b93843baaf597c06f99813f36f095d bottom_edge
clockwise_labelled	construct	generated L306 4f356fb76362f2366be6b1a6d4a89a30 top_edge
clockwise_labelled	construct	generated L306 d3b862441ca060baac55e4f97b110b79 wall
clockwise_labelled	construct	generated L307 3832f9044962f231332ff0f6ef704175 top_edge
clockwise_labelled	construct	generated L307 3cbbaef6d4af59813fb058c3d8a76218 bottom_edge
clockwise_labelled	construct	generated L307 eabad8f736a060bfe50ca5a960496434 wall
clockwise_labelled	construct	generated L401 27e0ee61e7729728f51f831c3cb454e2 top_vertex
clockwise_labelled	construct	generated L401 4f153c4e5c263321b1734bc985f5a0df bottom_vertex
clockwise_labelled	construct	generated L401 985a00d8dd735219cbe03779be8db5c8 vertical
clockwise_labelled	construct	generated L402 97d0d487fd72972e3eeb696dde83e3e9 top_vertex
clockwise_labelled	construct	generated L402 ed0a0fdaa62633316cacb37af235e15c bottom_vertex
clockwise_labelled	construct	generated L402 fa652d4c9373520a10a6cfc8524d754b vertical
clockwise_labelled	construct	generated L403 1167a3ffad73520f495d90783785ce06 vertical
clockwise_labelled	construct	generated L403 aed34b3b1772973377a22a1dc3bc3ca4 top_vertex
clockwise_labelled	construct	generated L403 d60799278c26332c33f5f2cb0cfd88a1 bottom_vertex
clockwise_labelled	construct	generated L404 02f9bdfc6d72970eb7637469496c2ca3 top_vertex
clockwise_labelled	construct	generated L404 5832f94f16263311e524be765d1e2a16 bottom_vertex
clockwise_labelled	construct	generated L404 8f3c43d823735229982ec4cce7652c91 vertical
clockwise_labelled	construct	generated L405 19fc34af87729713f01a35192ea4855e top_vertex
clockwise_labelled	construct	generated L405 4130829bfc26330cac6dfdc677e5d15b bottom_vertex
clockwise_labelled	construct	generated L405 a63eba8b3d73522ed0e5857ccc9d854c vertical
clockwise_labelled	construct	generated L406 0849e6fef373521f15ac1dcb605d44cf vertical
clockwise_labelled	construct	generated L406 89ec1ad59d72971939e61b6ad0741465 top_vertex
clockwise_labelled	construct	generated L406 df2556284626331c67a76577e42611d8 bottom_vertex
clockwise_labelled	construct	generated L407 1f4c5db20d7352244e62de7b45959d8a vertical
clockwise_labelled	construct	generated L407 a0ee9188b772971e729cdc1ab5ac6d20 top_vertex
clockwise_labelled	construct	generated L407 c822df752c2633172ef0a4c7feedb91d bottom_vertex
clockwise_closing_point	construct	generated P0.b0 20096084fc3a9075e5f5c1b148f712cf region
clockwise_closing_point	construct	generated P0.b0 b020e9aab56cb3aa4aa45a4e7db27d29 start_cap
clockwise_closing_point	construct	generated P0.b0 faa7508a663a027e158d899724e397d4 end_cap
clockwise_closing_point	construct	generated P0.s0 9d609131cddc23642340df0423be1648 bottom_edge
clockwise_closing_point	construct	generated P0.s0 bf861c813ba7b63b756aca202f868c2b top_edge
clockwise_closing_point	construct	generated P0.s0 e3f7fcf22d6e6fa6c363a14d30d137fc wall
clockwise_closing_point	construct	generated P0.s1 9d6804e6d9dc23642340df066e9607b9 bottom_edge
clockwise_closing_point	construct	generated P0.s1 bf7ea8cc2fa7b63b756aca1de4ae9aba top_edge
clockwise_closing_point	construct	generated P0.s1 e3ff70a7396e6fa6c363a14f7ba9296d wall
clockwise_closing_point	construct	generated P0.s2 9d6f789be5dc23642340df08b96df92a bottom_edge
clockwise_closing_point	construct	generated P0.s2 bf77351723a7b63b756aca1b99d6a949 top_edge
clockwise_closing_point	construct	generated P0.s2 e406e45c456e6fa6c363a151c6811ade wall
clockwise_closing_point	construct	generated P0.s3 9d76ec50f1dc23642340df0b0445ea9b bottom_edge
clockwise_closing_point	construct	generated P0.s3 bf6fc16217a7b63b756aca194efeb7d8 top_edge
clockwise_closing_point	construct	generated P0.s3 e40e5811516e6fa6c363a15411590c4f wall
clockwise_closing_point	construct	generated P0.s4 9d7e6005fddc23642340df0d4f1ddc0c bottom_edge
clockwise_closing_point	construct	generated P0.s4 bfa3eb556ba7b63b756aca295ae651ef top_edge
clockwise_closing_point	construct	generated P0.s4 e3da2e1dfd6e6fa6c363a14405717238 wall
clockwise_closing_point	construct	generated P0.s5 9d85d3bb09dc23642340df0f99f5cd7d bottom_edge
clockwise_closing_point	construct	generated P0.s5 bf9c77a05fa7b63b756aca27100e607e top_edge
clockwise_closing_point	construct	generated P0.s5 e3e1a1d3096e6fa6c363a146504963a9 wall
clockwise_closing_point	construct	generated P0.s6 9d8d477015dc23642340df11e4cdbeee bottom_edge
clockwise_closing_point	construct	generated P0.s6 bf9503eb53a7b63b756aca24c5366f0d top_edge
clockwise_closing_point	construct	generated P0.s6 e3e91588156e6fa6c363a1489b21551a wall
clockwise_closing_point	construct	generated P0.v0 34a479ea5f1aab81d23d5d4384ceb96d top_vertex
clockwise_closing_point	construct	generated P0.v0 3fdd95cb62e63e59246742bb612b033a bottom_vertex
clockwise_closing_point	construct	generated P0.v0 529d0e7bebda6767aa81926141332f5f vertical
clockwise_closing_point	construct	generated P0.v1 349d0635531aab81d23d5d4139f6c7fc top_vertex
clockwise_closing_point	construct	generated P0.v1 3fe509806ee63e59246742bdac02f4ab bottom_vertex
clockwise_closing_point	construct	generated P0.v1 52959ac6dfda6767aa81925ef65b3dee vertical
clockwise_closing_point	construct	generated P0.v2 34b36154771aab81d23d5d481a7e9c4f top_vertex
clockwise_closing_point	construct	generated P0.v2 3fceae614ae63e59246742b6cb7b2058 bottom_vertex
clockwise_closing_point	construct	generated P0.v2 528e2711d3da6767aa81925cab834c7d vertical
clockwise_closing_point	construct	generated P0.v3 34abed9f6b1aab81d23d5d45cfa6aade top_vertex
clockwise_closing_point	construct	generated P0.v3 3fd6221656e63e59246742b9165311c9 bottom_vertex
clockwise_closing_point	construct	generated P0.v3 5286b35cc7da6767aa81925a60ab5b0c vertical
clockwise_closing_point	construct	generated P0.v4 3486ab162f1aab81d23d5d3a596ef3a9 top_vertex
clockwise_closing_point	construct	generated P0.v4 3ffb649f92e63e59246742c48c8ac8fe bottom_vertex
clockwise_closing_point	construct	generated P0.v4 527f3fa7bbda6767aa81925815d3699b vertical
clockwise_closing_point	construct	generated P0.v5 347f3761231aab81d23d5d380e970238 top_vertex
clockwise_closing_point	construct	generated P0.v5 4002d8549ee63e59246742c6d762ba6f bottom_vertex
clockwise_closing_point	construct	generated P0.v5 5277cbf2afda6767aa819255cafb782a vertical
clockwise_closing_point	construct	generated P0.v6 34959280471aab81d23d5d3eef1ed68b top_vertex
clockwise_closing_point	construct	generated P0.v6 3fec7d357ae63e59246742bff6dae61c bottom_vertex
clockwise_closing_point	construct	generated P0.v6 5270583da3da6767aa819253802386b9 vertical
labels_absent	construct	generated P0.b0 0c403f79e60d354375dcbc6c4495f285 region
labels_absent	construct	generated P0.b0 b8579aae9af3d5e391f5997ca31b1cb2 end_cap
labels_absent	construct	generated P0.b0 be5eb2f7d3ea58baae5681aaf5447ffb start_cap
labels_absent	construct	generated P0.s0 739b3041f1e89cbe3597350812b99912 wall
labels_absent	construct	generated P0.s0 7d9143aa7c1a22267cbe8a35ff00f552 bottom_edge
labels_absent	construct	generated P0.s0 cdc3e5ce5a255b4bd91cf17ca7188efd top_edge
labels_absent	construct	generated P0.s1 73a2a3f6fde89cbe3597350a5d918a83 wall
labels_absent	construct	generated P0.s1 7d98b75f881a22267cbe8a3849d8e6c3 bottom_edge
labels_absent	construct	generated P0.s1 cdbc72194e255b4bd91cf17a5c409d8c top_edge
labels_absent	construct	generated P0.s2 738c48d7d9e89cbe359735037d09b630 wall
labels_absent	construct	generated P0.s2 7d825c40641a22267cbe8a3169511270 bottom_edge
labels_absent	construct	generated P0.s2 cdd2cd3872255b4bd91cf1813cc871df top_edge
labels_absent	construct	generated P0.s3 7393bc8ce5e89cbe35973505c7e1a7a1 wall
labels_absent	construct	generated P0.s3 7d89cff5701a22267cbe8a33b42903e1 bottom_edge
labels_absent	construct	generated P0.s3 cdcb598366255b4bd91cf17ef1f0806e top_edge
labels_absent	construct	generated P0.s4 73b8ff1621e89cbe359735113e195ed6 wall
labels_absent	construct	generated P0.s4 7daf127eac1a22267cbe8a3f2a60bb16 bottom_edge
labels_absent	construct	generated P0.s4 cda616fa2a255b4bd91cf1737bb8c939 top_edge
labels_absent	construct	generated P0.s5 73c072cb2de89cbe3597351388f15047 wall
labels_absent	construct	generated P0.s5 7db68633b81a22267cbe8a417538ac87 bottom_edge
labels_absent	construct	generated P0.s5 cd9ea3451e255b4bd91cf17130e0d7c8 top_edge
labels_absent	construct	generated P0.v0 7c111f5bd14ba78ec3e5dc91d3923b87 top_vertex
labels_absent	construct	generated P0.v0 b55752114556e0b420443e344c3da91c bottom_vertex
labels_absent	construct	generated P0.v0 df4135cec81bde22f57ddc7d10f80851 vertical
labels_absent	construct	generated P0.v1 7c09aba6c54ba78ec3e5dc8f88ba4a16 top_vertex
labels_absent	construct	generated P0.v1 b55ec5c65156e0b420443e3697159a8d bottom_vertex
labels_absent	construct	generated P0.v1 df39c219bc1bde22f57ddc7ac62016e0 vertical
labels_absent	construct	generated P0.v2 7c0237f1b94ba78ec3e5dc8d3de258a5 top_vertex
labels_absent	construct	generated P0.v2 b566397b5d56e0b420443e38e1ed8bfe bottom_vertex
labels_absent	construct	generated P0.v2 df501d38e01bde22f57ddc81a6a7eb33 vertical
labels_absent	construct	generated P0.v3 7bfac43cad4ba78ec3e5dc8af30a6734 top_vertex
labels_absent	construct	generated P0.v3 b56dad306956e0b420443e3b2cc57d6f bottom_vertex
labels_absent	construct	generated P0.v3 df48a983d41bde22f57ddc7f5bcff9c2 vertical
labels_absent	construct	generated P0.v4 7bf35087a14ba78ec3e5dc88a83275c3 top_vertex
labels_absent	construct	generated P0.v4 b539833d1556e0b420443e2b20dde358 bottom_vertex
labels_absent	construct	generated P0.v4 df5f04a2f81bde22f57ddc863c57ce15 vertical
labels_absent	construct	generated P0.v5 7bebdcd2954ba78ec3e5dc865d5a8452 top_vertex
labels_absent	construct	generated P0.v5 b540f6f22156e0b420443e2d6bb5d4c9 bottom_vertex
labels_absent	construct	generated P0.v5 df5790edec1bde22f57ddc83f17fdca4 vertical
labels_present	construct	generated L40 1c3c3c34f1efadcf9ce173818653b9f3 end_cap
labels_present	construct	generated L40 2247a1088f1e23927a2260e8d6129232 region
labels_present	construct	generated L40 9479f1ae12782207761ffa3616137198 start_cap
labels_present	construct	generated L41 1fa0fd63e33c16bed51532dba38eb82b wall
labels_present	construct	generated L41 79b3c45b8676be77cb30e902883c16d2 top_edge
labels_present	construct	generated L41 c091b3f70fc3276c44a5fbdd68fb08eb bottom_edge
labels_present	construct	generated L42 363a95eeee76be7289ef9581c4b822f1 top_edge
labels_present	construct	generated L42 5535721e1b3c16af115138595902dc88 wall
labels_present	construct	generated L42 f62628b147c3275c80e2015b1e6f2d48 bottom_edge
labels_present	construct	generated L43 399f571ddfc32761c22354dbe1f32129 bottom_edge
labels_present	construct	generated L43 98aea08ab33c16b452928bda1c86d069 wall
labels_present	construct	generated L43 f2c167825676be6d48ae420101342f10 top_edge
labels_present	construct	generated L44 8afd3f3cd7c3277c0869f65fb386e48e bottom_edge
labels_present	construct	generated L44 cb11ac7a7e76be9211778a8659cfda37 top_edge
labels_present	construct	generated L44 ea0c88a9ab3c16ce98d92d5dee1a93ce wall
labels_present	construct	generated L45 2d85b716433c16d3da1a80deb19e87af wall
labels_present	construct	generated L45 87987e0de676be8cd0363705964be656 top_edge
labels_present	construct	generated L45 ce766da96fc3278149ab49e0770ad86f bottom_edge
labels_present	construct	generated L46 040ae263a7c3277185e74f5e2c7efccc bottom_edge
labels_present	construct	generated L46 441f4fa14e76be878ef4e384d2c7f275 top_edge
labels_present	construct	generated L46 631a2bd07b3c16c41656865c6712ac0c wall
labels_present	construct	generated L141 9b24281b9c4a3b778210435c6eef95cf top_vertex
labels_present	construct	generated L141 b285943f36ff3617f4cb9535df8bf25d vertical
labels_present	construct	generated L141 db17cbe812fdcd41c747afbe0a3cc2b6 bottom_vertex
labels_present	construct	generated L142 979e9d7b7afdcd3c86065c3d46b8ced5 bottom_vertex
labels_present	construct	generated L142 d0b89cd5d44a3b67be4c48da2463ba2c top_vertex
labels_present	construct	generated L142 f5fec2abceff361d360ce8b6a30fe63e vertical
labels_present	construct	generated L143 1431cb426c4a3b6cff8d9c5ae7e7ae0d top_vertex
labels_present	construct	generated L143 3977f11866ff3622774e3c376693da1f vertical
labels_present	construct	generated L143 54256f0ee2fdcd3744c508bc8334daf4 bottom_vertex
labels_present	construct	generated L144 0dcb51f1feff357f90651f9fb99951e0 vertical
labels_present	construct	generated L144 658fb361644a3b8745d43ddeb97b7172 top_vertex
labels_present	construct	generated L144 f4e2cd3d8afdcd07f9791935a391480b bottom_vertex
labels_present	construct	generated L145 5144805e96ff3584d1a673207d1d45c1 vertical
labels_present	construct	generated L145 a908e1cdfc4a3b8c8715915f7cff6553 top_vertex
labels_present	construct	generated L145 b1699ed0f2fdcd02b837c5b4e00d542a bottom_vertex
labels_present	construct	generated L146 6df070645afdccfd76f672341c896049 bottom_vertex
labels_present	construct	generated L146 94bdaecb2eff358a12e7c6a140a139a2 vertical
labels_present	construct	generated L146 de9d5688344a3b7cc35196dd327389b0 top_vertex
labels_permuted	construct	generated L40 1c3c3c34f1efadcf9ce173818653b9f3 end_cap
labels_permuted	construct	generated L40 2247a1088f1e23927a2260e8d6129232 region
labels_permuted	construct	generated L40 9479f1ae12782207761ffa3616137198 start_cap
labels_permuted	construct	generated L41 1fa0fd63e33c16bed51532dba38eb82b wall
labels_permuted	construct	generated L41 79b3c45b8676be77cb30e902883c16d2 top_edge
labels_permuted	construct	generated L41 c091b3f70fc3276c44a5fbdd68fb08eb bottom_edge
labels_permuted	construct	generated L42 363a95eeee76be7289ef9581c4b822f1 top_edge
labels_permuted	construct	generated L42 5535721e1b3c16af115138595902dc88 wall
labels_permuted	construct	generated L42 f62628b147c3275c80e2015b1e6f2d48 bottom_edge
labels_permuted	construct	generated L43 399f571ddfc32761c22354dbe1f32129 bottom_edge
labels_permuted	construct	generated L43 98aea08ab33c16b452928bda1c86d069 wall
labels_permuted	construct	generated L43 f2c167825676be6d48ae420101342f10 top_edge
labels_permuted	construct	generated L44 8afd3f3cd7c3277c0869f65fb386e48e bottom_edge
labels_permuted	construct	generated L44 cb11ac7a7e76be9211778a8659cfda37 top_edge
labels_permuted	construct	generated L44 ea0c88a9ab3c16ce98d92d5dee1a93ce wall
labels_permuted	construct	generated L45 2d85b716433c16d3da1a80deb19e87af wall
labels_permuted	construct	generated L45 87987e0de676be8cd0363705964be656 top_edge
labels_permuted	construct	generated L45 ce766da96fc3278149ab49e0770ad86f bottom_edge
labels_permuted	construct	generated L46 040ae263a7c3277185e74f5e2c7efccc bottom_edge
labels_permuted	construct	generated L46 441f4fa14e76be878ef4e384d2c7f275 top_edge
labels_permuted	construct	generated L46 631a2bd07b3c16c41656865c6712ac0c wall
labels_permuted	construct	generated L141 9b24281b9c4a3b778210435c6eef95cf top_vertex
labels_permuted	construct	generated L141 b285943f36ff3617f4cb9535df8bf25d vertical
labels_permuted	construct	generated L141 db17cbe812fdcd41c747afbe0a3cc2b6 bottom_vertex
labels_permuted	construct	generated L142 979e9d7b7afdcd3c86065c3d46b8ced5 bottom_vertex
labels_permuted	construct	generated L142 d0b89cd5d44a3b67be4c48da2463ba2c top_vertex
labels_permuted	construct	generated L142 f5fec2abceff361d360ce8b6a30fe63e vertical
labels_permuted	construct	generated L143 1431cb426c4a3b6cff8d9c5ae7e7ae0d top_vertex
labels_permuted	construct	generated L143 3977f11866ff3622774e3c376693da1f vertical
labels_permuted	construct	generated L143 54256f0ee2fdcd3744c508bc8334daf4 bottom_vertex
labels_permuted	construct	generated L144 0dcb51f1feff357f90651f9fb99951e0 vertical
labels_permuted	construct	generated L144 658fb361644a3b8745d43ddeb97b7172 top_vertex
labels_permuted	construct	generated L144 f4e2cd3d8afdcd07f9791935a391480b bottom_vertex
labels_permuted	construct	generated L145 5144805e96ff3584d1a673207d1d45c1 vertical
labels_permuted	construct	generated L145 a908e1cdfc4a3b8c8715915f7cff6553 top_vertex
labels_permuted	construct	generated L145 b1699ed0f2fdcd02b837c5b4e00d542a bottom_vertex
labels_permuted	construct	generated L146 6df070645afdccfd76f672341c896049 bottom_vertex
labels_permuted	construct	generated L146 94bdaecb2eff358a12e7c6a140a139a2 vertical
labels_permuted	construct	generated L146 de9d5688344a3b7cc35196dd327389b0 top_vertex
labels_moved	construct	generated L40 1c3c3c34f1efadcf9ce173818653b9f3 end_cap
labels_moved	construct	generated L40 2247a1088f1e23927a2260e8d6129232 region
labels_moved	construct	generated L40 9479f1ae12782207761ffa3616137198 start_cap
labels_moved	construct	generated L41 1fa0fd63e33c16bed51532dba38eb82b wall
labels_moved	construct	generated L41 79b3c45b8676be77cb30e902883c16d2 top_edge
labels_moved	construct	generated L41 c091b3f70fc3276c44a5fbdd68fb08eb bottom_edge
labels_moved	construct	generated L42 363a95eeee76be7289ef9581c4b822f1 top_edge
labels_moved	construct	generated L42 5535721e1b3c16af115138595902dc88 wall
labels_moved	construct	generated L42 f62628b147c3275c80e2015b1e6f2d48 bottom_edge
labels_moved	construct	generated L43 399f571ddfc32761c22354dbe1f32129 bottom_edge
labels_moved	construct	generated L43 98aea08ab33c16b452928bda1c86d069 wall
labels_moved	construct	generated L43 f2c167825676be6d48ae420101342f10 top_edge
labels_moved	construct	generated L44 8afd3f3cd7c3277c0869f65fb386e48e bottom_edge
labels_moved	construct	generated L44 cb11ac7a7e76be9211778a8659cfda37 top_edge
labels_moved	construct	generated L44 ea0c88a9ab3c16ce98d92d5dee1a93ce wall
labels_moved	construct	generated L45 2d85b716433c16d3da1a80deb19e87af wall
labels_moved	construct	generated L45 87987e0de676be8cd0363705964be656 top_edge
labels_moved	construct	generated L45 ce766da96fc3278149ab49e0770ad86f bottom_edge
labels_moved	construct	generated L46 040ae263a7c3277185e74f5e2c7efccc bottom_edge
labels_moved	construct	generated L46 441f4fa14e76be878ef4e384d2c7f275 top_edge
labels_moved	construct	generated L46 631a2bd07b3c16c41656865c6712ac0c wall
labels_moved	construct	generated L141 9b24281b9c4a3b778210435c6eef95cf top_vertex
labels_moved	construct	generated L141 b285943f36ff3617f4cb9535df8bf25d vertical
labels_moved	construct	generated L141 db17cbe812fdcd41c747afbe0a3cc2b6 bottom_vertex
labels_moved	construct	generated L142 979e9d7b7afdcd3c86065c3d46b8ced5 bottom_vertex
labels_moved	construct	generated L142 d0b89cd5d44a3b67be4c48da2463ba2c top_vertex
labels_moved	construct	generated L142 f5fec2abceff361d360ce8b6a30fe63e vertical
labels_moved	construct	generated L143 1431cb426c4a3b6cff8d9c5ae7e7ae0d top_vertex
labels_moved	construct	generated L143 3977f11866ff3622774e3c376693da1f vertical
labels_moved	construct	generated L143 54256f0ee2fdcd3744c508bc8334daf4 bottom_vertex
labels_moved	construct	generated L144 0dcb51f1feff357f90651f9fb99951e0 vertical
labels_moved	construct	generated L144 658fb361644a3b8745d43ddeb97b7172 top_vertex
labels_moved	construct	generated L144 f4e2cd3d8afdcd07f9791935a391480b bottom_vertex
labels_moved	construct	generated L145 5144805e96ff3584d1a673207d1d45c1 vertical
labels_moved	construct	generated L145 a908e1cdfc4a3b8c8715915f7cff6553 top_vertex
labels_moved	construct	generated L145 b1699ed0f2fdcd02b837c5b4e00d542a bottom_vertex
labels_moved	construct	generated L146 6df070645afdccfd76f672341c896049 bottom_vertex
labels_moved	construct	generated L146 94bdaecb2eff358a12e7c6a140a139a2 vertical
labels_moved	construct	generated L146 de9d5688344a3b7cc35196dd327389b0 top_vertex
labels_inserted_vertex	construct	generated L40 1c3c3c34f1efadcf9ce173818653b9f3 end_cap
labels_inserted_vertex	construct	generated L40 2247a1088f1e23927a2260e8d6129232 region
labels_inserted_vertex	construct	generated L40 9479f1ae12782207761ffa3616137198 start_cap
labels_inserted_vertex	construct	generated L41 1fa0fd63e33c16bed51532dba38eb82b wall
labels_inserted_vertex	construct	generated L41 79b3c45b8676be77cb30e902883c16d2 top_edge
labels_inserted_vertex	construct	generated L41 c091b3f70fc3276c44a5fbdd68fb08eb bottom_edge
labels_inserted_vertex	construct	generated L42 363a95eeee76be7289ef9581c4b822f1 top_edge
labels_inserted_vertex	construct	generated L42 5535721e1b3c16af115138595902dc88 wall
labels_inserted_vertex	construct	generated L42 f62628b147c3275c80e2015b1e6f2d48 bottom_edge
labels_inserted_vertex	construct	generated L43 399f571ddfc32761c22354dbe1f32129 bottom_edge
labels_inserted_vertex	construct	generated L43 98aea08ab33c16b452928bda1c86d069 wall
labels_inserted_vertex	construct	generated L43 f2c167825676be6d48ae420101342f10 top_edge
labels_inserted_vertex	construct	generated L44 8afd3f3cd7c3277c0869f65fb386e48e bottom_edge
labels_inserted_vertex	construct	generated L44 cb11ac7a7e76be9211778a8659cfda37 top_edge
labels_inserted_vertex	construct	generated L44 ea0c88a9ab3c16ce98d92d5dee1a93ce wall
labels_inserted_vertex	construct	generated L45 2d85b716433c16d3da1a80deb19e87af wall
labels_inserted_vertex	construct	generated L45 87987e0de676be8cd0363705964be656 top_edge
labels_inserted_vertex	construct	generated L45 ce766da96fc3278149ab49e0770ad86f bottom_edge
labels_inserted_vertex	construct	generated L46 040ae263a7c3277185e74f5e2c7efccc bottom_edge
labels_inserted_vertex	construct	generated L46 441f4fa14e76be878ef4e384d2c7f275 top_edge
labels_inserted_vertex	construct	generated L46 631a2bd07b3c16c41656865c6712ac0c wall
labels_inserted_vertex	construct	generated L99 3f8a48931fc325e767c3d8a4e4d689e1 bottom_edge
labels_inserted_vertex	construct	generated L99 5b30c84bf33c17da98dcd004e16429a1 wall
labels_inserted_vertex	construct	generated L99 ecd6760d1676bfe7a30dbe37fe50c658 top_edge
labels_inserted_vertex	construct	generated L141 9b24281b9c4a3b778210435c6eef95cf top_vertex
labels_inserted_vertex	construct	generated L141 b285943f36ff3617f4cb9535df8bf25d vertical
labels_inserted_vertex	construct	generated L141 db17cbe812fdcd41c747afbe0a3cc2b6 bottom_vertex
labels_inserted_vertex	construct	generated L142 979e9d7b7afdcd3c86065c3d46b8ced5 bottom_vertex
labels_inserted_vertex	construct	generated L142 d0b89cd5d44a3b67be4c48da2463ba2c top_vertex
labels_inserted_vertex	construct	generated L142 f5fec2abceff361d360ce8b6a30fe63e vertical
labels_inserted_vertex	construct	generated L143 1431cb426c4a3b6cff8d9c5ae7e7ae0d top_vertex
labels_inserted_vertex	construct	generated L143 3977f11866ff3622774e3c376693da1f vertical
labels_inserted_vertex	construct	generated L143 54256f0ee2fdcd3744c508bc8334daf4 bottom_vertex
labels_inserted_vertex	construct	generated L144 0dcb51f1feff357f90651f9fb99951e0 vertical
labels_inserted_vertex	construct	generated L144 658fb361644a3b8745d43ddeb97b7172 top_vertex
labels_inserted_vertex	construct	generated L144 f4e2cd3d8afdcd07f9791935a391480b bottom_vertex
labels_inserted_vertex	construct	generated L145 5144805e96ff3584d1a673207d1d45c1 vertical
labels_inserted_vertex	construct	generated L145 a908e1cdfc4a3b8c8715915f7cff6553 top_vertex
labels_inserted_vertex	construct	generated L145 b1699ed0f2fdcd02b837c5b4e00d542a bottom_vertex
labels_inserted_vertex	construct	generated L146 6df070645afdccfd76f672341c896049 bottom_vertex
labels_inserted_vertex	construct	generated L146 94bdaecb2eff358a12e7c6a140a139a2 vertical
labels_inserted_vertex	construct	generated L146 de9d5688344a3b7cc35196dd327389b0 top_vertex
labels_inserted_vertex	construct	generated L199 3f62e28da6ff34a81ceec000697742d7 vertical
labels_inserted_vertex	construct	generated L199 91a3474da2fdcc10fe7ac491be5781bc bottom_vertex
labels_inserted_vertex	construct	generated L199 d6b3f303ac4a3c9345d7e085acc50745 top_vertex
transformed_copy	construct	generated L60 25f68da807db11364c0820f1e2ea250f start_cap
transformed_copy	construct	generated L60 3c12b7a4b4f8e1d44d6fa5c870a45f81 region
transformed_copy	construct	generated L60 9e3443212863856e2546a7a672a9dcb4 end_cap
transformed_copy	construct	generated L61 2ba9b45f37171bd6c4e87833e4f0625c wall
transformed_copy	construct	generated L61 59982c9f30cca251943cd59e8123731d top_edge
transformed_copy	construct	generated L61 a3946f70a78038b4f29d52ab2fe604e4 bottom_edge
transformed_copy	construct	generated L62 6dfffab66f8038c4b6614d2d7a71e087 bottom_edge
transformed_copy	construct	generated L62 9d115b0bc8cca256d57e291f44a766fe top_edge
transformed_copy	construct	generated L62 f6153fa4ff171be688ac72b62f7c3dff wall
transformed_copy	construct	generated L63 2a86cc49d78038bf751ff9acb6edeca6 bottom_edge
transformed_copy	construct	generated L63 b29c113867171be1476b1f356bf84a1e wall
transformed_copy	construct	generated L63 e08a897860cca25c16bf7ca0082b5adf top_edge
transformed_copy	construct	generated L64 2403b7e4f8cca2615800d020cbaf4ec0 top_edge
transformed_copy	construct	generated L64 9ebc01582f171aa0bada3986d5872d81 wall
transformed_copy	construct	generated L64 df13d5a01f80372ad479dbf1e83d91f9 bottom_edge
transformed_copy	construct	generated L65 5b42d2eb97171a9b7998e606120339a0 wall
transformed_copy	construct	generated L65 677ce65190cca266994223a18f3342a1 top_edge
transformed_copy	construct	generated L65 9b9aa733878037259338887124b99e18 bottom_edge
transformed_copy	construct	generated L161 2bc88507311931936ea1f5fed78955bd bottom_vertex
transformed_copy	construct	generated L161 ed512381c0443070ca157e41022655aa vertical
transformed_copy	construct	generated L161 fac9175b27ccca435996fb61100699f4 top_vertex
transformed_copy	construct	generated L162 6f41b373c9193198afe3497f9b0d499e bottom_vertex
transformed_copy	construct	generated L162 a9d7f5152844306b88d42ac03ea261c9 vertical
transformed_copy	construct	generated L162 c534a2a0efccca531d5af5e35a927597 top_vertex
transformed_copy	construct	generated L163 665ec6a8904430664792d73f7b1e6de8 vertical
transformed_copy	construct	generated L163 81bb743457ccca4ddc19a262970e81b6 top_vertex
transformed_copy	construct	generated L163 b2bae1e06119319df1249d005e913d7f bottom_vertex
transformed_copy	construct	generated L164 305d8c155fccca3395d300dec57abe51 top_vertex
transformed_copy	construct	generated L164 3eaf0ba0b844308b105c1fc4d3ba190f vertical
transformed_copy	construct	generated L164 da6a9ce839193179285b547b05f59258 bottom_vertex
transformed_copy	construct	generated L165 1de3cb54d119317e699ca7fbc9798639 bottom_vertex
transformed_copy	construct	generated L165 ece45da8c7ccca2e5491ad5e01f6ca70 top_vertex
transformed_copy	construct	generated L165 fb35dd3420443085cf1acc441036252e vertical
transformed_copy	transform0	modified 1de3cb54d119317e699ca7fbc9798639 1de3cb54d119317e699ca7fbc9798639
transformed_copy	transform0	modified 2403b7e4f8cca2615800d020cbaf4ec0 2403b7e4f8cca2615800d020cbaf4ec0
transformed_copy	transform0	modified 25f68da807db11364c0820f1e2ea250f 25f68da807db11364c0820f1e2ea250f
transformed_copy	transform0	modified 2a86cc49d78038bf751ff9acb6edeca6 2a86cc49d78038bf751ff9acb6edeca6
transformed_copy	transform0	modified 2ba9b45f37171bd6c4e87833e4f0625c 2ba9b45f37171bd6c4e87833e4f0625c
transformed_copy	transform0	modified 2bc88507311931936ea1f5fed78955bd 2bc88507311931936ea1f5fed78955bd
transformed_copy	transform0	modified 305d8c155fccca3395d300dec57abe51 305d8c155fccca3395d300dec57abe51
transformed_copy	transform0	modified 3c12b7a4b4f8e1d44d6fa5c870a45f81 3c12b7a4b4f8e1d44d6fa5c870a45f81
transformed_copy	transform0	modified 3eaf0ba0b844308b105c1fc4d3ba190f 3eaf0ba0b844308b105c1fc4d3ba190f
transformed_copy	transform0	modified 59982c9f30cca251943cd59e8123731d 59982c9f30cca251943cd59e8123731d
transformed_copy	transform0	modified 5b42d2eb97171a9b7998e606120339a0 5b42d2eb97171a9b7998e606120339a0
transformed_copy	transform0	modified 665ec6a8904430664792d73f7b1e6de8 665ec6a8904430664792d73f7b1e6de8
transformed_copy	transform0	modified 677ce65190cca266994223a18f3342a1 677ce65190cca266994223a18f3342a1
transformed_copy	transform0	modified 6dfffab66f8038c4b6614d2d7a71e087 6dfffab66f8038c4b6614d2d7a71e087
transformed_copy	transform0	modified 6f41b373c9193198afe3497f9b0d499e 6f41b373c9193198afe3497f9b0d499e
transformed_copy	transform0	modified 81bb743457ccca4ddc19a262970e81b6 81bb743457ccca4ddc19a262970e81b6
transformed_copy	transform0	modified 9b9aa733878037259338887124b99e18 9b9aa733878037259338887124b99e18
transformed_copy	transform0	modified 9d115b0bc8cca256d57e291f44a766fe 9d115b0bc8cca256d57e291f44a766fe
transformed_copy	transform0	modified 9e3443212863856e2546a7a672a9dcb4 9e3443212863856e2546a7a672a9dcb4
transformed_copy	transform0	modified 9ebc01582f171aa0bada3986d5872d81 9ebc01582f171aa0bada3986d5872d81
transformed_copy	transform0	modified a3946f70a78038b4f29d52ab2fe604e4 a3946f70a78038b4f29d52ab2fe604e4
transformed_copy	transform0	modified a9d7f5152844306b88d42ac03ea261c9 a9d7f5152844306b88d42ac03ea261c9
transformed_copy	transform0	modified b29c113867171be1476b1f356bf84a1e b29c113867171be1476b1f356bf84a1e
transformed_copy	transform0	modified b2bae1e06119319df1249d005e913d7f b2bae1e06119319df1249d005e913d7f
transformed_copy	transform0	modified c534a2a0efccca531d5af5e35a927597 c534a2a0efccca531d5af5e35a927597
transformed_copy	transform0	modified da6a9ce839193179285b547b05f59258 da6a9ce839193179285b547b05f59258
transformed_copy	transform0	modified df13d5a01f80372ad479dbf1e83d91f9 df13d5a01f80372ad479dbf1e83d91f9
transformed_copy	transform0	modified e08a897860cca25c16bf7ca0082b5adf e08a897860cca25c16bf7ca0082b5adf
transformed_copy	transform0	modified ece45da8c7ccca2e5491ad5e01f6ca70 ece45da8c7ccca2e5491ad5e01f6ca70
transformed_copy	transform0	modified ed512381c0443070ca157e41022655aa ed512381c0443070ca157e41022655aa
transformed_copy	transform0	modified f6153fa4ff171be688ac72b62f7c3dff f6153fa4ff171be688ac72b62f7c3dff
transformed_copy	transform0	modified fac9175b27ccca435996fb61100699f4 fac9175b27ccca435996fb61100699f4
transformed_copy	transform0	modified fb35dd3420443085cf1acc441036252e fb35dd3420443085cf1acc441036252e
transformed_copy	transform1	modified 1de3cb54d119317e699ca7fbc9798639 1de3cb54d119317e699ca7fbc9798639
transformed_copy	transform1	modified 2403b7e4f8cca2615800d020cbaf4ec0 2403b7e4f8cca2615800d020cbaf4ec0
transformed_copy	transform1	modified 25f68da807db11364c0820f1e2ea250f 25f68da807db11364c0820f1e2ea250f
transformed_copy	transform1	modified 2a86cc49d78038bf751ff9acb6edeca6 2a86cc49d78038bf751ff9acb6edeca6
transformed_copy	transform1	modified 2ba9b45f37171bd6c4e87833e4f0625c 2ba9b45f37171bd6c4e87833e4f0625c
transformed_copy	transform1	modified 2bc88507311931936ea1f5fed78955bd 2bc88507311931936ea1f5fed78955bd
transformed_copy	transform1	modified 305d8c155fccca3395d300dec57abe51 305d8c155fccca3395d300dec57abe51
transformed_copy	transform1	modified 3c12b7a4b4f8e1d44d6fa5c870a45f81 3c12b7a4b4f8e1d44d6fa5c870a45f81
transformed_copy	transform1	modified 3eaf0ba0b844308b105c1fc4d3ba190f 3eaf0ba0b844308b105c1fc4d3ba190f
transformed_copy	transform1	modified 59982c9f30cca251943cd59e8123731d 59982c9f30cca251943cd59e8123731d
transformed_copy	transform1	modified 5b42d2eb97171a9b7998e606120339a0 5b42d2eb97171a9b7998e606120339a0
transformed_copy	transform1	modified 665ec6a8904430664792d73f7b1e6de8 665ec6a8904430664792d73f7b1e6de8
transformed_copy	transform1	modified 677ce65190cca266994223a18f3342a1 677ce65190cca266994223a18f3342a1
transformed_copy	transform1	modified 6dfffab66f8038c4b6614d2d7a71e087 6dfffab66f8038c4b6614d2d7a71e087
transformed_copy	transform1	modified 6f41b373c9193198afe3497f9b0d499e 6f41b373c9193198afe3497f9b0d499e
transformed_copy	transform1	modified 81bb743457ccca4ddc19a262970e81b6 81bb743457ccca4ddc19a262970e81b6
transformed_copy	transform1	modified 9b9aa733878037259338887124b99e18 9b9aa733878037259338887124b99e18
transformed_copy	transform1	modified 9d115b0bc8cca256d57e291f44a766fe 9d115b0bc8cca256d57e291f44a766fe
transformed_copy	transform1	modified 9e3443212863856e2546a7a672a9dcb4 9e3443212863856e2546a7a672a9dcb4
transformed_copy	transform1	modified 9ebc01582f171aa0bada3986d5872d81 9ebc01582f171aa0bada3986d5872d81
transformed_copy	transform1	modified a3946f70a78038b4f29d52ab2fe604e4 a3946f70a78038b4f29d52ab2fe604e4
transformed_copy	transform1	modified a9d7f5152844306b88d42ac03ea261c9 a9d7f5152844306b88d42ac03ea261c9
transformed_copy	transform1	modified b29c113867171be1476b1f356bf84a1e b29c113867171be1476b1f356bf84a1e
transformed_copy	transform1	modified b2bae1e06119319df1249d005e913d7f b2bae1e06119319df1249d005e913d7f
transformed_copy	transform1	modified c534a2a0efccca531d5af5e35a927597 c534a2a0efccca531d5af5e35a927597
transformed_copy	transform1	modified da6a9ce839193179285b547b05f59258 da6a9ce839193179285b547b05f59258
transformed_copy	transform1	modified df13d5a01f80372ad479dbf1e83d91f9 df13d5a01f80372ad479dbf1e83d91f9
transformed_copy	transform1	modified e08a897860cca25c16bf7ca0082b5adf e08a897860cca25c16bf7ca0082b5adf
transformed_copy	transform1	modified ece45da8c7ccca2e5491ad5e01f6ca70 ece45da8c7ccca2e5491ad5e01f6ca70
transformed_copy	transform1	modified ed512381c0443070ca157e41022655aa ed512381c0443070ca157e41022655aa
transformed_copy	transform1	modified f6153fa4ff171be688ac72b62f7c3dff f6153fa4ff171be688ac72b62f7c3dff
transformed_copy	transform1	modified fac9175b27ccca435996fb61100699f4 fac9175b27ccca435996fb61100699f4
transformed_copy	transform1	modified fb35dd3420443085cf1acc441036252e fb35dd3420443085cf1acc441036252e
transformed_copy	transform2	modified 1de3cb54d119317e699ca7fbc9798639 1de3cb54d119317e699ca7fbc9798639
transformed_copy	transform2	modified 2403b7e4f8cca2615800d020cbaf4ec0 2403b7e4f8cca2615800d020cbaf4ec0
transformed_copy	transform2	modified 25f68da807db11364c0820f1e2ea250f 25f68da807db11364c0820f1e2ea250f
transformed_copy	transform2	modified 2a86cc49d78038bf751ff9acb6edeca6 2a86cc49d78038bf751ff9acb6edeca6
transformed_copy	transform2	modified 2ba9b45f37171bd6c4e87833e4f0625c 2ba9b45f37171bd6c4e87833e4f0625c
transformed_copy	transform2	modified 2bc88507311931936ea1f5fed78955bd 2bc88507311931936ea1f5fed78955bd
transformed_copy	transform2	modified 305d8c155fccca3395d300dec57abe51 305d8c155fccca3395d300dec57abe51
transformed_copy	transform2	modified 3c12b7a4b4f8e1d44d6fa5c870a45f81 3c12b7a4b4f8e1d44d6fa5c870a45f81
transformed_copy	transform2	modified 3eaf0ba0b844308b105c1fc4d3ba190f 3eaf0ba0b844308b105c1fc4d3ba190f
transformed_copy	transform2	modified 59982c9f30cca251943cd59e8123731d 59982c9f30cca251943cd59e8123731d
transformed_copy	transform2	modified 5b42d2eb97171a9b7998e606120339a0 5b42d2eb97171a9b7998e606120339a0
transformed_copy	transform2	modified 665ec6a8904430664792d73f7b1e6de8 665ec6a8904430664792d73f7b1e6de8
transformed_copy	transform2	modified 677ce65190cca266994223a18f3342a1 677ce65190cca266994223a18f3342a1
transformed_copy	transform2	modified 6dfffab66f8038c4b6614d2d7a71e087 6dfffab66f8038c4b6614d2d7a71e087
transformed_copy	transform2	modified 6f41b373c9193198afe3497f9b0d499e 6f41b373c9193198afe3497f9b0d499e
transformed_copy	transform2	modified 81bb743457ccca4ddc19a262970e81b6 81bb743457ccca4ddc19a262970e81b6
transformed_copy	transform2	modified 9b9aa733878037259338887124b99e18 9b9aa733878037259338887124b99e18
transformed_copy	transform2	modified 9d115b0bc8cca256d57e291f44a766fe 9d115b0bc8cca256d57e291f44a766fe
transformed_copy	transform2	modified 9e3443212863856e2546a7a672a9dcb4 9e3443212863856e2546a7a672a9dcb4
transformed_copy	transform2	modified 9ebc01582f171aa0bada3986d5872d81 9ebc01582f171aa0bada3986d5872d81
transformed_copy	transform2	modified a3946f70a78038b4f29d52ab2fe604e4 a3946f70a78038b4f29d52ab2fe604e4
transformed_copy	transform2	modified a9d7f5152844306b88d42ac03ea261c9 a9d7f5152844306b88d42ac03ea261c9
transformed_copy	transform2	modified b29c113867171be1476b1f356bf84a1e b29c113867171be1476b1f356bf84a1e
transformed_copy	transform2	modified b2bae1e06119319df1249d005e913d7f b2bae1e06119319df1249d005e913d7f
transformed_copy	transform2	modified c534a2a0efccca531d5af5e35a927597 c534a2a0efccca531d5af5e35a927597
transformed_copy	transform2	modified da6a9ce839193179285b547b05f59258 da6a9ce839193179285b547b05f59258
transformed_copy	transform2	modified df13d5a01f80372ad479dbf1e83d91f9 df13d5a01f80372ad479dbf1e83d91f9
transformed_copy	transform2	modified e08a897860cca25c16bf7ca0082b5adf e08a897860cca25c16bf7ca0082b5adf
transformed_copy	transform2	modified ece45da8c7ccca2e5491ad5e01f6ca70 ece45da8c7ccca2e5491ad5e01f6ca70
transformed_copy	transform2	modified ed512381c0443070ca157e41022655aa ed512381c0443070ca157e41022655aa
transformed_copy	transform2	modified f6153fa4ff171be688ac72b62f7c3dff f6153fa4ff171be688ac72b62f7c3dff
transformed_copy	transform2	modified fac9175b27ccca435996fb61100699f4 fac9175b27ccca435996fb61100699f4
transformed_copy	transform2	modified fb35dd3420443085cf1acc441036252e fb35dd3420443085cf1acc441036252e
transformed_copy	composed	generated L60 25f68da807db11364c0820f1e2ea250f start_cap
transformed_copy	composed	generated L60 3c12b7a4b4f8e1d44d6fa5c870a45f81 region
transformed_copy	composed	generated L60 9e3443212863856e2546a7a672a9dcb4 end_cap
transformed_copy	composed	generated L61 2ba9b45f37171bd6c4e87833e4f0625c wall
transformed_copy	composed	generated L61 59982c9f30cca251943cd59e8123731d top_edge
transformed_copy	composed	generated L61 a3946f70a78038b4f29d52ab2fe604e4 bottom_edge
transformed_copy	composed	generated L62 6dfffab66f8038c4b6614d2d7a71e087 bottom_edge
transformed_copy	composed	generated L62 9d115b0bc8cca256d57e291f44a766fe top_edge
transformed_copy	composed	generated L62 f6153fa4ff171be688ac72b62f7c3dff wall
transformed_copy	composed	generated L63 2a86cc49d78038bf751ff9acb6edeca6 bottom_edge
transformed_copy	composed	generated L63 b29c113867171be1476b1f356bf84a1e wall
transformed_copy	composed	generated L63 e08a897860cca25c16bf7ca0082b5adf top_edge
transformed_copy	composed	generated L64 2403b7e4f8cca2615800d020cbaf4ec0 top_edge
transformed_copy	composed	generated L64 9ebc01582f171aa0bada3986d5872d81 wall
transformed_copy	composed	generated L64 df13d5a01f80372ad479dbf1e83d91f9 bottom_edge
transformed_copy	composed	generated L65 5b42d2eb97171a9b7998e606120339a0 wall
transformed_copy	composed	generated L65 677ce65190cca266994223a18f3342a1 top_edge
transformed_copy	composed	generated L65 9b9aa733878037259338887124b99e18 bottom_edge
transformed_copy	composed	generated L161 2bc88507311931936ea1f5fed78955bd bottom_vertex
transformed_copy	composed	generated L161 ed512381c0443070ca157e41022655aa vertical
transformed_copy	composed	generated L161 fac9175b27ccca435996fb61100699f4 top_vertex
transformed_copy	composed	generated L162 6f41b373c9193198afe3497f9b0d499e bottom_vertex
transformed_copy	composed	generated L162 a9d7f5152844306b88d42ac03ea261c9 vertical
transformed_copy	composed	generated L162 c534a2a0efccca531d5af5e35a927597 top_vertex
transformed_copy	composed	generated L163 665ec6a8904430664792d73f7b1e6de8 vertical
transformed_copy	composed	generated L163 81bb743457ccca4ddc19a262970e81b6 top_vertex
transformed_copy	composed	generated L163 b2bae1e06119319df1249d005e913d7f bottom_vertex
transformed_copy	composed	generated L164 305d8c155fccca3395d300dec57abe51 top_vertex
transformed_copy	composed	generated L164 3eaf0ba0b844308b105c1fc4d3ba190f vertical
transformed_copy	composed	generated L164 da6a9ce839193179285b547b05f59258 bottom_vertex
transformed_copy	composed	generated L165 1de3cb54d119317e699ca7fbc9798639 bottom_vertex
transformed_copy	composed	generated L165 ece45da8c7ccca2e5491ad5e01f6ca70 top_vertex
transformed_copy	composed	generated L165 fb35dd3420443085cf1acc441036252e vertical
box_ppp	construct	generated P0.b0 34f6d73ecef3cf252310977f73f041a6 start_cap
box_ppp	construct	generated P0.b0 3afdef8807ea51fc3f717fadc619a4ef end_cap
box_ppp	construct	generated P0.b0 82d863c0e116abadea96d240c341b430 region
box_ppp	construct	generated P0.s0 2591a46848b8cc93f84a27adc21c32a4 top_edge
box_ppp	construct	generated P0.s0 47b72fb7b6845f6b4a7412c9cde4a887 bottom_edge
box_ppp	construct	generated P0.s0 51ad432040b5e4d3919b67f7ba2c04c7 wall
box_ppp	construct	generated P0.s1 2599181d54b8cc93f84a27b00cf42415 top_edge
box_ppp	construct	generated P0.s1 47afbc02aa845f6b4a7412c7830cb716 bottom_edge
box_ppp	construct	generated P0.s1 51a5cf6b34b5e4d3919b67f56f541356 wall
box_ppp	construct	generated P0.s2 25a08bd260b8cc93f84a27b257cc1586 top_edge
box_ppp	construct	generated P0.s2 47a8484d9e845f6b4a7412c53834c5a5 bottom_edge
box_ppp	construct	generated P0.s2 519e5bb628b5e4d3919b67f3247c21e5 wall
box_ppp	construct	generated P0.s3 25a7ff876cb8cc93f84a27b4a2a406f7 top_edge
box_ppp	construct	generated P0.s3 47a0d49892845f6b4a7412c2ed5cd434 bottom_edge
box_ppp	construct	generated P0.s3 5196e8011cb5e4d3919b67f0d9a43074 wall
box_ppp	construct	generated P0.v0 14145467dac249bcdbe93cad583cb950 vertical
box_ppp	construct	generated P0.v0 1549069e9c898b21e6761836d4ba0b91 bottom_vertex
box_ppp	construct	generated P0.v0 2082227fa0551df9389ffdaeb116555e top_vertex
box_ppp	construct	generated P0.v1 141bc81ce6c249bcdbe93cafa314aac1 vertical
box_ppp	construct	generated P0.v1 154192e990898b21e676183489e21a20 bottom_vertex
box_ppp	construct	generated P0.v1 20899634ac551df9389ffdb0fbee46cf top_vertex
box_ppp	construct	generated P0.v2 14233bd1f2c249bcdbe93cb1edec9c32 vertical
box_ppp	construct	generated P0.v2 1557ee08b4898b21e676183b6a69ee73 bottom_vertex
box_ppp	construct	generated P0.v2 20733b1588551df9389ffdaa1b66727c top_vertex
box_ppp	construct	generated P0.v3 142aaf86fec249bcdbe93cb438c48da3 vertical
box_ppp	construct	generated P0.v3 15507a53a8898b21e67618391f91fd02 bottom_vertex
box_ppp	construct	generated P0.v3 207aaeca94551df9389ffdac663e63ed top_vertex
box_ppn	construct	generated P0.b0 34f6d73ecef3cf252310977f73f041a6 start_cap
box_ppn	construct	generated P0.b0 3afdef8807ea51fc3f717fadc619a4ef end_cap
box_ppn	construct	generated P0.b0 82d863c0e116abadea96d240c341b430 region
box_ppn	construct	generated P0.s0 2591a46848b8cc93f84a27adc21c32a4 top_edge
box_ppn	construct	generated P0.s0 47b72fb7b6845f6b4a7412c9cde4a887 bottom_edge
box_ppn	construct	generated P0.s0 51ad432040b5e4d3919b67f7ba2c04c7 wall
box_ppn	construct	generated P0.s1 2599181d54b8cc93f84a27b00cf42415 top_edge
box_ppn	construct	generated P0.s1 47afbc02aa845f6b4a7412c7830cb716 bottom_edge
box_ppn	construct	generated P0.s1 51a5cf6b34b5e4d3919b67f56f541356 wall
box_ppn	construct	generated P0.s2 25a08bd260b8cc93f84a27b257cc1586 top_edge
box_ppn	construct	generated P0.s2 47a8484d9e845f6b4a7412c53834c5a5 bottom_edge
box_ppn	construct	generated P0.s2 519e5bb628b5e4d3919b67f3247c21e5 wall
box_ppn	construct	generated P0.s3 25a7ff876cb8cc93f84a27b4a2a406f7 top_edge
box_ppn	construct	generated P0.s3 47a0d49892845f6b4a7412c2ed5cd434 bottom_edge
box_ppn	construct	generated P0.s3 5196e8011cb5e4d3919b67f0d9a43074 wall
box_ppn	construct	generated P0.v0 14145467dac249bcdbe93cad583cb950 vertical
box_ppn	construct	generated P0.v0 1549069e9c898b21e6761836d4ba0b91 bottom_vertex
box_ppn	construct	generated P0.v0 2082227fa0551df9389ffdaeb116555e top_vertex
box_ppn	construct	generated P0.v1 141bc81ce6c249bcdbe93cafa314aac1 vertical
box_ppn	construct	generated P0.v1 154192e990898b21e676183489e21a20 bottom_vertex
box_ppn	construct	generated P0.v1 20899634ac551df9389ffdb0fbee46cf top_vertex
box_ppn	construct	generated P0.v2 14233bd1f2c249bcdbe93cb1edec9c32 vertical
box_ppn	construct	generated P0.v2 1557ee08b4898b21e676183b6a69ee73 bottom_vertex
box_ppn	construct	generated P0.v2 20733b1588551df9389ffdaa1b66727c top_vertex
box_ppn	construct	generated P0.v3 142aaf86fec249bcdbe93cb438c48da3 vertical
box_ppn	construct	generated P0.v3 15507a53a8898b21e67618391f91fd02 bottom_vertex
box_ppn	construct	generated P0.v3 207aaeca94551df9389ffdac663e63ed top_vertex
box_pnp	construct	generated P0.b0 34f6d73ecef3cf252310977f73f041a6 start_cap
box_pnp	construct	generated P0.b0 3afdef8807ea51fc3f717fadc619a4ef end_cap
box_pnp	construct	generated P0.b0 82d863c0e116abadea96d240c341b430 region
box_pnp	construct	generated P0.s0 2591a46848b8cc93f84a27adc21c32a4 top_edge
box_pnp	construct	generated P0.s0 47b72fb7b6845f6b4a7412c9cde4a887 bottom_edge
box_pnp	construct	generated P0.s0 51ad432040b5e4d3919b67f7ba2c04c7 wall
box_pnp	construct	generated P0.s1 2599181d54b8cc93f84a27b00cf42415 top_edge
box_pnp	construct	generated P0.s1 47afbc02aa845f6b4a7412c7830cb716 bottom_edge
box_pnp	construct	generated P0.s1 51a5cf6b34b5e4d3919b67f56f541356 wall
box_pnp	construct	generated P0.s2 25a08bd260b8cc93f84a27b257cc1586 top_edge
box_pnp	construct	generated P0.s2 47a8484d9e845f6b4a7412c53834c5a5 bottom_edge
box_pnp	construct	generated P0.s2 519e5bb628b5e4d3919b67f3247c21e5 wall
box_pnp	construct	generated P0.s3 25a7ff876cb8cc93f84a27b4a2a406f7 top_edge
box_pnp	construct	generated P0.s3 47a0d49892845f6b4a7412c2ed5cd434 bottom_edge
box_pnp	construct	generated P0.s3 5196e8011cb5e4d3919b67f0d9a43074 wall
box_pnp	construct	generated P0.v0 14145467dac249bcdbe93cad583cb950 vertical
box_pnp	construct	generated P0.v0 1549069e9c898b21e6761836d4ba0b91 bottom_vertex
box_pnp	construct	generated P0.v0 2082227fa0551df9389ffdaeb116555e top_vertex
box_pnp	construct	generated P0.v1 141bc81ce6c249bcdbe93cafa314aac1 vertical
box_pnp	construct	generated P0.v1 154192e990898b21e676183489e21a20 bottom_vertex
box_pnp	construct	generated P0.v1 20899634ac551df9389ffdb0fbee46cf top_vertex
box_pnp	construct	generated P0.v2 14233bd1f2c249bcdbe93cb1edec9c32 vertical
box_pnp	construct	generated P0.v2 1557ee08b4898b21e676183b6a69ee73 bottom_vertex
box_pnp	construct	generated P0.v2 20733b1588551df9389ffdaa1b66727c top_vertex
box_pnp	construct	generated P0.v3 142aaf86fec249bcdbe93cb438c48da3 vertical
box_pnp	construct	generated P0.v3 15507a53a8898b21e67618391f91fd02 bottom_vertex
box_pnp	construct	generated P0.v3 207aaeca94551df9389ffdac663e63ed top_vertex
box_pnn	construct	generated P0.b0 34f6d73ecef3cf252310977f73f041a6 start_cap
box_pnn	construct	generated P0.b0 3afdef8807ea51fc3f717fadc619a4ef end_cap
box_pnn	construct	generated P0.b0 82d863c0e116abadea96d240c341b430 region
box_pnn	construct	generated P0.s0 2591a46848b8cc93f84a27adc21c32a4 top_edge
box_pnn	construct	generated P0.s0 47b72fb7b6845f6b4a7412c9cde4a887 bottom_edge
box_pnn	construct	generated P0.s0 51ad432040b5e4d3919b67f7ba2c04c7 wall
box_pnn	construct	generated P0.s1 2599181d54b8cc93f84a27b00cf42415 top_edge
box_pnn	construct	generated P0.s1 47afbc02aa845f6b4a7412c7830cb716 bottom_edge
box_pnn	construct	generated P0.s1 51a5cf6b34b5e4d3919b67f56f541356 wall
box_pnn	construct	generated P0.s2 25a08bd260b8cc93f84a27b257cc1586 top_edge
box_pnn	construct	generated P0.s2 47a8484d9e845f6b4a7412c53834c5a5 bottom_edge
box_pnn	construct	generated P0.s2 519e5bb628b5e4d3919b67f3247c21e5 wall
box_pnn	construct	generated P0.s3 25a7ff876cb8cc93f84a27b4a2a406f7 top_edge
box_pnn	construct	generated P0.s3 47a0d49892845f6b4a7412c2ed5cd434 bottom_edge
box_pnn	construct	generated P0.s3 5196e8011cb5e4d3919b67f0d9a43074 wall
box_pnn	construct	generated P0.v0 14145467dac249bcdbe93cad583cb950 vertical
box_pnn	construct	generated P0.v0 1549069e9c898b21e6761836d4ba0b91 bottom_vertex
box_pnn	construct	generated P0.v0 2082227fa0551df9389ffdaeb116555e top_vertex
box_pnn	construct	generated P0.v1 141bc81ce6c249bcdbe93cafa314aac1 vertical
box_pnn	construct	generated P0.v1 154192e990898b21e676183489e21a20 bottom_vertex
box_pnn	construct	generated P0.v1 20899634ac551df9389ffdb0fbee46cf top_vertex
box_pnn	construct	generated P0.v2 14233bd1f2c249bcdbe93cb1edec9c32 vertical
box_pnn	construct	generated P0.v2 1557ee08b4898b21e676183b6a69ee73 bottom_vertex
box_pnn	construct	generated P0.v2 20733b1588551df9389ffdaa1b66727c top_vertex
box_pnn	construct	generated P0.v3 142aaf86fec249bcdbe93cb438c48da3 vertical
box_pnn	construct	generated P0.v3 15507a53a8898b21e67618391f91fd02 bottom_vertex
box_pnn	construct	generated P0.v3 207aaeca94551df9389ffdac663e63ed top_vertex
box_npp	construct	generated P0.b0 34f6d73ecef3cf252310977f73f041a6 start_cap
box_npp	construct	generated P0.b0 3afdef8807ea51fc3f717fadc619a4ef end_cap
box_npp	construct	generated P0.b0 82d863c0e116abadea96d240c341b430 region
box_npp	construct	generated P0.s0 2591a46848b8cc93f84a27adc21c32a4 top_edge
box_npp	construct	generated P0.s0 47b72fb7b6845f6b4a7412c9cde4a887 bottom_edge
box_npp	construct	generated P0.s0 51ad432040b5e4d3919b67f7ba2c04c7 wall
box_npp	construct	generated P0.s1 2599181d54b8cc93f84a27b00cf42415 top_edge
box_npp	construct	generated P0.s1 47afbc02aa845f6b4a7412c7830cb716 bottom_edge
box_npp	construct	generated P0.s1 51a5cf6b34b5e4d3919b67f56f541356 wall
box_npp	construct	generated P0.s2 25a08bd260b8cc93f84a27b257cc1586 top_edge
box_npp	construct	generated P0.s2 47a8484d9e845f6b4a7412c53834c5a5 bottom_edge
box_npp	construct	generated P0.s2 519e5bb628b5e4d3919b67f3247c21e5 wall
box_npp	construct	generated P0.s3 25a7ff876cb8cc93f84a27b4a2a406f7 top_edge
box_npp	construct	generated P0.s3 47a0d49892845f6b4a7412c2ed5cd434 bottom_edge
box_npp	construct	generated P0.s3 5196e8011cb5e4d3919b67f0d9a43074 wall
box_npp	construct	generated P0.v0 14145467dac249bcdbe93cad583cb950 vertical
box_npp	construct	generated P0.v0 1549069e9c898b21e6761836d4ba0b91 bottom_vertex
box_npp	construct	generated P0.v0 2082227fa0551df9389ffdaeb116555e top_vertex
box_npp	construct	generated P0.v1 141bc81ce6c249bcdbe93cafa314aac1 vertical
box_npp	construct	generated P0.v1 154192e990898b21e676183489e21a20 bottom_vertex
box_npp	construct	generated P0.v1 20899634ac551df9389ffdb0fbee46cf top_vertex
box_npp	construct	generated P0.v2 14233bd1f2c249bcdbe93cb1edec9c32 vertical
box_npp	construct	generated P0.v2 1557ee08b4898b21e676183b6a69ee73 bottom_vertex
box_npp	construct	generated P0.v2 20733b1588551df9389ffdaa1b66727c top_vertex
box_npp	construct	generated P0.v3 142aaf86fec249bcdbe93cb438c48da3 vertical
box_npp	construct	generated P0.v3 15507a53a8898b21e67618391f91fd02 bottom_vertex
box_npp	construct	generated P0.v3 207aaeca94551df9389ffdac663e63ed top_vertex
box_npn	construct	generated P0.b0 34f6d73ecef3cf252310977f73f041a6 start_cap
box_npn	construct	generated P0.b0 3afdef8807ea51fc3f717fadc619a4ef end_cap
box_npn	construct	generated P0.b0 82d863c0e116abadea96d240c341b430 region
box_npn	construct	generated P0.s0 2591a46848b8cc93f84a27adc21c32a4 top_edge
box_npn	construct	generated P0.s0 47b72fb7b6845f6b4a7412c9cde4a887 bottom_edge
box_npn	construct	generated P0.s0 51ad432040b5e4d3919b67f7ba2c04c7 wall
box_npn	construct	generated P0.s1 2599181d54b8cc93f84a27b00cf42415 top_edge
box_npn	construct	generated P0.s1 47afbc02aa845f6b4a7412c7830cb716 bottom_edge
box_npn	construct	generated P0.s1 51a5cf6b34b5e4d3919b67f56f541356 wall
box_npn	construct	generated P0.s2 25a08bd260b8cc93f84a27b257cc1586 top_edge
box_npn	construct	generated P0.s2 47a8484d9e845f6b4a7412c53834c5a5 bottom_edge
box_npn	construct	generated P0.s2 519e5bb628b5e4d3919b67f3247c21e5 wall
box_npn	construct	generated P0.s3 25a7ff876cb8cc93f84a27b4a2a406f7 top_edge
box_npn	construct	generated P0.s3 47a0d49892845f6b4a7412c2ed5cd434 bottom_edge
box_npn	construct	generated P0.s3 5196e8011cb5e4d3919b67f0d9a43074 wall
box_npn	construct	generated P0.v0 14145467dac249bcdbe93cad583cb950 vertical
box_npn	construct	generated P0.v0 1549069e9c898b21e6761836d4ba0b91 bottom_vertex
box_npn	construct	generated P0.v0 2082227fa0551df9389ffdaeb116555e top_vertex
box_npn	construct	generated P0.v1 141bc81ce6c249bcdbe93cafa314aac1 vertical
box_npn	construct	generated P0.v1 154192e990898b21e676183489e21a20 bottom_vertex
box_npn	construct	generated P0.v1 20899634ac551df9389ffdb0fbee46cf top_vertex
box_npn	construct	generated P0.v2 14233bd1f2c249bcdbe93cb1edec9c32 vertical
box_npn	construct	generated P0.v2 1557ee08b4898b21e676183b6a69ee73 bottom_vertex
box_npn	construct	generated P0.v2 20733b1588551df9389ffdaa1b66727c top_vertex
box_npn	construct	generated P0.v3 142aaf86fec249bcdbe93cb438c48da3 vertical
box_npn	construct	generated P0.v3 15507a53a8898b21e67618391f91fd02 bottom_vertex
box_npn	construct	generated P0.v3 207aaeca94551df9389ffdac663e63ed top_vertex
box_nnp	construct	generated P0.b0 34f6d73ecef3cf252310977f73f041a6 start_cap
box_nnp	construct	generated P0.b0 3afdef8807ea51fc3f717fadc619a4ef end_cap
box_nnp	construct	generated P0.b0 82d863c0e116abadea96d240c341b430 region
box_nnp	construct	generated P0.s0 2591a46848b8cc93f84a27adc21c32a4 top_edge
box_nnp	construct	generated P0.s0 47b72fb7b6845f6b4a7412c9cde4a887 bottom_edge
box_nnp	construct	generated P0.s0 51ad432040b5e4d3919b67f7ba2c04c7 wall
box_nnp	construct	generated P0.s1 2599181d54b8cc93f84a27b00cf42415 top_edge
box_nnp	construct	generated P0.s1 47afbc02aa845f6b4a7412c7830cb716 bottom_edge
box_nnp	construct	generated P0.s1 51a5cf6b34b5e4d3919b67f56f541356 wall
box_nnp	construct	generated P0.s2 25a08bd260b8cc93f84a27b257cc1586 top_edge
box_nnp	construct	generated P0.s2 47a8484d9e845f6b4a7412c53834c5a5 bottom_edge
box_nnp	construct	generated P0.s2 519e5bb628b5e4d3919b67f3247c21e5 wall
box_nnp	construct	generated P0.s3 25a7ff876cb8cc93f84a27b4a2a406f7 top_edge
box_nnp	construct	generated P0.s3 47a0d49892845f6b4a7412c2ed5cd434 bottom_edge
box_nnp	construct	generated P0.s3 5196e8011cb5e4d3919b67f0d9a43074 wall
box_nnp	construct	generated P0.v0 14145467dac249bcdbe93cad583cb950 vertical
box_nnp	construct	generated P0.v0 1549069e9c898b21e6761836d4ba0b91 bottom_vertex
box_nnp	construct	generated P0.v0 2082227fa0551df9389ffdaeb116555e top_vertex
box_nnp	construct	generated P0.v1 141bc81ce6c249bcdbe93cafa314aac1 vertical
box_nnp	construct	generated P0.v1 154192e990898b21e676183489e21a20 bottom_vertex
box_nnp	construct	generated P0.v1 20899634ac551df9389ffdb0fbee46cf top_vertex
box_nnp	construct	generated P0.v2 14233bd1f2c249bcdbe93cb1edec9c32 vertical
box_nnp	construct	generated P0.v2 1557ee08b4898b21e676183b6a69ee73 bottom_vertex
box_nnp	construct	generated P0.v2 20733b1588551df9389ffdaa1b66727c top_vertex
box_nnp	construct	generated P0.v3 142aaf86fec249bcdbe93cb438c48da3 vertical
box_nnp	construct	generated P0.v3 15507a53a8898b21e67618391f91fd02 bottom_vertex
box_nnp	construct	generated P0.v3 207aaeca94551df9389ffdac663e63ed top_vertex
box_nnn	construct	generated P0.b0 34f6d73ecef3cf252310977f73f041a6 start_cap
box_nnn	construct	generated P0.b0 3afdef8807ea51fc3f717fadc619a4ef end_cap
box_nnn	construct	generated P0.b0 82d863c0e116abadea96d240c341b430 region
box_nnn	construct	generated P0.s0 2591a46848b8cc93f84a27adc21c32a4 top_edge
box_nnn	construct	generated P0.s0 47b72fb7b6845f6b4a7412c9cde4a887 bottom_edge
box_nnn	construct	generated P0.s0 51ad432040b5e4d3919b67f7ba2c04c7 wall
box_nnn	construct	generated P0.s1 2599181d54b8cc93f84a27b00cf42415 top_edge
box_nnn	construct	generated P0.s1 47afbc02aa845f6b4a7412c7830cb716 bottom_edge
box_nnn	construct	generated P0.s1 51a5cf6b34b5e4d3919b67f56f541356 wall
box_nnn	construct	generated P0.s2 25a08bd260b8cc93f84a27b257cc1586 top_edge
box_nnn	construct	generated P0.s2 47a8484d9e845f6b4a7412c53834c5a5 bottom_edge
box_nnn	construct	generated P0.s2 519e5bb628b5e4d3919b67f3247c21e5 wall
box_nnn	construct	generated P0.s3 25a7ff876cb8cc93f84a27b4a2a406f7 top_edge
box_nnn	construct	generated P0.s3 47a0d49892845f6b4a7412c2ed5cd434 bottom_edge
box_nnn	construct	generated P0.s3 5196e8011cb5e4d3919b67f0d9a43074 wall
box_nnn	construct	generated P0.v0 14145467dac249bcdbe93cad583cb950 vertical
box_nnn	construct	generated P0.v0 1549069e9c898b21e6761836d4ba0b91 bottom_vertex
box_nnn	construct	generated P0.v0 2082227fa0551df9389ffdaeb116555e top_vertex
box_nnn	construct	generated P0.v1 141bc81ce6c249bcdbe93cafa314aac1 vertical
box_nnn	construct	generated P0.v1 154192e990898b21e676183489e21a20 bottom_vertex
box_nnn	construct	generated P0.v1 20899634ac551df9389ffdb0fbee46cf top_vertex
box_nnn	construct	generated P0.v2 14233bd1f2c249bcdbe93cb1edec9c32 vertical
box_nnn	construct	generated P0.v2 1557ee08b4898b21e676183b6a69ee73 bottom_vertex
box_nnn	construct	generated P0.v2 20733b1588551df9389ffdaa1b66727c top_vertex
box_nnn	construct	generated P0.v3 142aaf86fec249bcdbe93cb438c48da3 vertical
box_nnn	construct	generated P0.v3 15507a53a8898b21e67618391f91fd02 bottom_vertex
box_nnn	construct	generated P0.v3 207aaeca94551df9389ffdac663e63ed top_vertex
corpus_0	digest	200 d4622ac4b5d4342af919e756e78a4a09
corpus_0	construct	generated P0.b0 adc4c22b0331309ec2a2edf5e8864c63 region
corpus_0	transform0	modified adc4c22b0331309ec2a2edf5e8864c63 adc4c22b0331309ec2a2edf5e8864c63
corpus_0	transform1	modified adc4c22b0331309ec2a2edf5e8864c63 adc4c22b0331309ec2a2edf5e8864c63
corpus_0	composed	generated P0.b0 adc4c22b0331309ec2a2edf5e8864c63 region
corpus_0_alternate	digest	50 710754b85ee2030a7b52042ce47511ee
corpus_0_alternate	construct	generated P0.b0 adc4c22b0331309ec2a2edf5e8864c63 region
corpus_1	digest	236 55d54fd63ddacc71970b547798827eff
corpus_1	construct	generated P0.b0,P1.b0 465e98280d9b2730148143e7e1d30b0a region
corpus_1	transform0	modified 465e98280d9b2730148143e7e1d30b0a 465e98280d9b2730148143e7e1d30b0a
corpus_1	transform1	modified 465e98280d9b2730148143e7e1d30b0a 465e98280d9b2730148143e7e1d30b0a
corpus_1	composed	generated P0.b0,P1.b0 465e98280d9b2730148143e7e1d30b0a region
corpus_1_alternate	digest	59 14a06316ef83c7dda3ec3a2eaaa8c697
corpus_1_alternate	construct	generated P0.b0,P1.b0 465e98280d9b2730148143e7e1d30b0a region
corpus_2	digest	248 86f705d117ff263db47f4714aebaa897
corpus_2	construct	generated P0.b0 81c3ed2e44c23512b8b94e39e1295abd region
corpus_2	transform0	modified 81c3ed2e44c23512b8b94e39e1295abd 81c3ed2e44c23512b8b94e39e1295abd
corpus_2	transform1	modified 81c3ed2e44c23512b8b94e39e1295abd 81c3ed2e44c23512b8b94e39e1295abd
corpus_2	composed	generated P0.b0 81c3ed2e44c23512b8b94e39e1295abd region
corpus_2_alternate	digest	62 adc547c49d5fda5df1da6084b8e95b7e
corpus_2_alternate	construct	generated P0.b0 81c3ed2e44c23512b8b94e39e1295abd region
corpus_3	digest	284 b25ff9eab231f98578e828f5f7921b99
corpus_3	construct	generated P0.b0,P1.b0 4690ac8742f8a454edf88dae37fcf25c region
corpus_3	transform0	modified 4690ac8742f8a454edf88dae37fcf25c 4690ac8742f8a454edf88dae37fcf25c
corpus_3	transform1	modified 4690ac8742f8a454edf88dae37fcf25c 4690ac8742f8a454edf88dae37fcf25c
corpus_3	composed	generated P0.b0,P1.b0 4690ac8742f8a454edf88dae37fcf25c region
corpus_3_alternate	digest	71 fc7d91774d8c6c1c50974b99212b40a3
corpus_3_alternate	construct	generated P0.b0,P1.b0 4690ac8742f8a454edf88dae37fcf25c region
corpus_4	digest	296 7ad142214afc292080ca9584940e56b1
corpus_4	construct	generated P0.b0 1e3b481362ede97636deec79a2fc6e9f region
corpus_4	transform0	modified 1e3b481362ede97636deec79a2fc6e9f 1e3b481362ede97636deec79a2fc6e9f
corpus_4	transform1	modified 1e3b481362ede97636deec79a2fc6e9f 1e3b481362ede97636deec79a2fc6e9f
corpus_4	composed	generated P0.b0 1e3b481362ede97636deec79a2fc6e9f region
corpus_4_alternate	digest	74 2abd7a64ed54c841fbb62f49f9f4ae0a
corpus_4_alternate	construct	generated P0.b0 1e3b481362ede97636deec79a2fc6e9f region
corpus_5	digest	332 d5c809334f24542674d4186f16e880fb
corpus_5	construct	generated P0.b0,P1.b0 3181f04d71e85576c4fce8c3b491ebf6 region
corpus_5	transform0	modified 3181f04d71e85576c4fce8c3b491ebf6 3181f04d71e85576c4fce8c3b491ebf6
corpus_5	transform1	modified 3181f04d71e85576c4fce8c3b491ebf6 3181f04d71e85576c4fce8c3b491ebf6
corpus_5	composed	generated P0.b0,P1.b0 3181f04d71e85576c4fce8c3b491ebf6 region
corpus_5_alternate	digest	83 9920cc78d6bd9e7b8dead0fabd0725a2
corpus_5_alternate	construct	generated P0.b0,P1.b0 3181f04d71e85576c4fce8c3b491ebf6 region
corpus_6	digest	344 5e49f0180ffc76d2886e7817448e1f9d
corpus_6	construct	generated P0.b0 f23a7316a47eedea2cf54cbd9b9f7cf9 region
corpus_6	transform0	modified f23a7316a47eedea2cf54cbd9b9f7cf9 f23a7316a47eedea2cf54cbd9b9f7cf9
corpus_6	transform1	modified f23a7316a47eedea2cf54cbd9b9f7cf9 f23a7316a47eedea2cf54cbd9b9f7cf9
corpus_6	composed	generated P0.b0 f23a7316a47eedea2cf54cbd9b9f7cf9 region
corpus_6_alternate	digest	86 e1da1a75acc8b2c7a98c65b62859a53a
corpus_6_alternate	construct	generated P0.b0 f23a7316a47eedea2cf54cbd9b9f7cf9 region
corpus_7	digest	380 5bf3e9e4d8bb1fbc852fcf8f21dcc7b9
corpus_7	construct	generated P0.b0,P1.b0 630ddbb147ca6d6018081a4012a35358 region
corpus_7	transform0	modified 630ddbb147ca6d6018081a4012a35358 630ddbb147ca6d6018081a4012a35358
corpus_7	transform1	modified 630ddbb147ca6d6018081a4012a35358 630ddbb147ca6d6018081a4012a35358
corpus_7	composed	generated P0.b0,P1.b0 630ddbb147ca6d6018081a4012a35358 region
corpus_7_alternate	digest	95 29ee853cd2acf3c82d42ab1e5c00ce80
corpus_7_alternate	construct	generated P0.b0,P1.b0 630ddbb147ca6d6018081a4012a35358 region
corpus_8	digest	392 401f54c4a4d4b1d11245dc1cba0c043b
corpus_8	construct	generated P0.b0 212afdb0a383b41a3ad66e81bcfdf4db region
corpus_8	transform0	modified 212afdb0a383b41a3ad66e81bcfdf4db 212afdb0a383b41a3ad66e81bcfdf4db
corpus_8	transform1	modified 212afdb0a383b41a3ad66e81bcfdf4db 212afdb0a383b41a3ad66e81bcfdf4db
corpus_8	composed	generated P0.b0 212afdb0a383b41a3ad66e81bcfdf4db region
corpus_8_alternate	digest	98 b8993657e2858f6e53ae254505a22317
corpus_8_alternate	construct	generated P0.b0 212afdb0a383b41a3ad66e81bcfdf4db region
corpus_9	digest	428 73643afb83702518bf64b489a987b5af
corpus_9	construct	generated P0.b0,P1.b0 3ebe10d8a47c2fde39f6127a346dc922 region
corpus_9	transform0	modified 3ebe10d8a47c2fde39f6127a346dc922 3ebe10d8a47c2fde39f6127a346dc922
corpus_9	transform1	modified 3ebe10d8a47c2fde39f6127a346dc922 3ebe10d8a47c2fde39f6127a346dc922
corpus_9	composed	generated P0.b0,P1.b0 3ebe10d8a47c2fde39f6127a346dc922 region
corpus_9_alternate	digest	107 7d04bd7e3dc68b25a4a27e50bfa1eaac
corpus_9_alternate	construct	generated P0.b0,P1.b0 3ebe10d8a47c2fde39f6127a346dc922 region
corpus_10	digest	440 d8219e678c13153d89fc92a004f510d3
corpus_10	construct	generated P0.b0 70be2f6c96f62b36f69c130deacd1395 region
corpus_10	transform0	modified 70be2f6c96f62b36f69c130deacd1395 70be2f6c96f62b36f69c130deacd1395
corpus_10	transform1	modified 70be2f6c96f62b36f69c130deacd1395 70be2f6c96f62b36f69c130deacd1395
corpus_10	composed	generated P0.b0 70be2f6c96f62b36f69c130deacd1395 region
corpus_10_alternate	digest	110 02e38455b3b535e5a02d9e1c06ebe71a
corpus_10_alternate	construct	generated P0.b0 70be2f6c96f62b36f69c130deacd1395 region
corpus_11	digest	476 4b7953c99da1792578e07fd04b3c01d9
corpus_11	construct	generated P0.b0,P1.b0 03b120bfbee6a0427f99e70046ce7314 region
corpus_11	transform0	modified 03b120bfbee6a0427f99e70046ce7314 03b120bfbee6a0427f99e70046ce7314
corpus_11	transform1	modified 03b120bfbee6a0427f99e70046ce7314 03b120bfbee6a0427f99e70046ce7314
corpus_11	composed	generated P0.b0,P1.b0 03b120bfbee6a0427f99e70046ce7314 region
corpus_11_alternate	digest	119 f1061fc0059a969cef586f61a8a6e7f7
corpus_11_alternate	construct	generated P0.b0,P1.b0 03b120bfbee6a0427f99e70046ce7314 region
corpus_12	digest	488 2e468f3cf158f67de9f98405851ed1df
corpus_12	construct	generated P0.b0 91a1839903406cf1af126d0577741717 region
corpus_12	transform0	modified 91a1839903406cf1af126d0577741717 91a1839903406cf1af126d0577741717
corpus_12	transform1	modified 91a1839903406cf1af126d0577741717 91a1839903406cf1af126d0577741717
corpus_12	composed	generated P0.b0 91a1839903406cf1af126d0577741717 region
corpus_12_alternate	digest	122 e014325b79c4125e86ea2237ff1464df
corpus_12_alternate	construct	generated P0.b0 91a1839903406cf1af126d0577741717 region
corpus_13	digest	212 205359eec49e97f68f799597ae59a723
corpus_13	construct	generated P0.b0,P1.b0 eea26485edd65164569e4215c3636cae region
corpus_13	transform0	modified eea26485edd65164569e4215c3636cae eea26485edd65164569e4215c3636cae
corpus_13	transform1	modified eea26485edd65164569e4215c3636cae eea26485edd65164569e4215c3636cae
corpus_13	composed	generated P0.b0,P1.b0 eea26485edd65164569e4215c3636cae region
corpus_13_alternate	digest	53 397ede41c11fe306e22988670a7688bf
corpus_13_alternate	construct	generated P0.b0,P1.b0 eea26485edd65164569e4215c3636cae region
corpus_14	digest	224 49b39bc5a401342d6f75d6ce9bc35577
corpus_14	construct	generated P0.b0 e134b554f6b2e40e6ad81191a54335d1 region
corpus_14	transform0	modified e134b554f6b2e40e6ad81191a54335d1 e134b554f6b2e40e6ad81191a54335d1
corpus_14	transform1	modified e134b554f6b2e40e6ad81191a54335d1 e134b554f6b2e40e6ad81191a54335d1
corpus_14	composed	generated P0.b0 e134b554f6b2e40e6ad81191a54335d1 region
corpus_14_alternate	digest	56 9eee3c1447a9245e6ecbb6a4089e04ea
corpus_14_alternate	construct	generated P0.b0 e134b554f6b2e40e6ad81191a54335d1 region
corpus_15	digest	260 14648848331860f4f5945793694b200f
corpus_15	construct	generated P0.b0,P1.b0 5b6d5461deab760e3d7ce8d2653e1170 region
corpus_15	transform0	modified 5b6d5461deab760e3d7ce8d2653e1170 5b6d5461deab760e3d7ce8d2653e1170
corpus_15	transform1	modified 5b6d5461deab760e3d7ce8d2653e1170 5b6d5461deab760e3d7ce8d2653e1170
corpus_15	composed	generated P0.b0,P1.b0 5b6d5461deab760e3d7ce8d2653e1170 region
corpus_15_alternate	digest	65 0eea1f2a4bb2e413f0533d1256ff0a46
corpus_15_alternate	construct	generated P0.b0,P1.b0 5b6d5461deab760e3d7ce8d2653e1170 region
corpus_16	digest	272 6bf6a5c3416d1b6f31c11aa8a652988f
corpus_16	construct	generated P0.b0 10253feef5b7aa3e78b93355c6a1adb3 region
corpus_16	transform0	modified 10253feef5b7aa3e78b93355c6a1adb3 10253feef5b7aa3e78b93355c6a1adb3
corpus_16	transform1	modified 10253feef5b7aa3e78b93355c6a1adb3 10253feef5b7aa3e78b93355c6a1adb3
corpus_16	composed	generated P0.b0 10253feef5b7aa3e78b93355c6a1adb3 region
corpus_16_alternate	digest	68 024fdea24809afd1833e55b9f7b5c00f
corpus_16_alternate	construct	generated P0.b0 10253feef5b7aa3e78b93355c6a1adb3 region
corpus_17	digest	308 06a1319ba5f9529cf90c35612315018d
corpus_17	construct	generated P0.b0,P1.b0 fbde8511206a2bcbcb976bcc433f49da region
corpus_17	transform0	modified fbde8511206a2bcbcb976bcc433f49da fbde8511206a2bcbcb976bcc433f49da
corpus_17	transform1	modified fbde8511206a2bcbcb976bcc433f49da fbde8511206a2bcbcb976bcc433f49da
corpus_17	composed	generated P0.b0,P1.b0 fbde8511206a2bcbcb976bcc433f49da region
corpus_17_alternate	digest	77 46eacfa11022796179ba8e5a7ca52a81
corpus_17_alternate	construct	generated P0.b0,P1.b0 fbde8511206a2bcbcb976bcc433f49da region
corpus_18	digest	320 1e5ece5448281f293bd45ef25d507ebd
corpus_18	construct	generated P0.b0 e4246af23748aeb26ecf9399bf44bc0d region
corpus_18	transform0	modified e4246af23748aeb26ecf9399bf44bc0d e4246af23748aeb26ecf9399bf44bc0d
corpus_18	transform1	modified e4246af23748aeb26ecf9399bf44bc0d e4246af23748aeb26ecf9399bf44bc0d
corpus_18	composed	generated P0.b0 e4246af23748aeb26ecf9399bf44bc0d region
corpus_18_alternate	digest	80 375f6603d520d956856c646845c91f58
corpus_18_alternate	construct	generated P0.b0 e4246af23748aeb26ecf9399bf44bc0d region
corpus_19	digest	356 6433ec1b8412999912ce963e1a7c3d65
corpus_19	construct	generated P0.b0,P1.b0 fc10997055c7a8f0a50eb5929969312c region
corpus_19	transform0	modified fc10997055c7a8f0a50eb5929969312c fc10997055c7a8f0a50eb5929969312c
corpus_19	transform1	modified fc10997055c7a8f0a50eb5929969312c fc10997055c7a8f0a50eb5929969312c
corpus_19	composed	generated P0.b0,P1.b0 fc10997055c7a8f0a50eb5929969312c region
corpus_19_alternate	digest	89 217c95333a39c075281f56b322e75631
corpus_19_alternate	construct	generated P0.b0,P1.b0 fc10997055c7a8f0a50eb5929969312c region
corpus_20	digest	368 10a00962e99942c8ea98b2a3714edf95
corpus_20	construct	generated P0.b0 809bc5d755746315ecf531d98117cfef region
corpus_20	transform0	modified 809bc5d755746315ecf531d98117cfef 809bc5d755746315ecf531d98117cfef
corpus_20	transform1	modified 809bc5d755746315ecf531d98117cfef 809bc5d755746315ecf531d98117cfef
corpus_20	composed	generated P0.b0 809bc5d755746315ecf531d98117cfef region
corpus_20_alternate	digest	92 f33deb3abdddb32e606e81402b71872a
corpus_20_alternate	construct	generated P0.b0 809bc5d755746315ecf531d98117cfef region
corpus_21	digest	404 9e65ef543d0081e7fb343ede4281efcf
corpus_21	construct	generated P0.b0,P1.b0 e701dd3684b75a127c1310a815fe2ac6 region
corpus_21	transform0	modified e701dd3684b75a127c1310a815fe2ac6 e701dd3684b75a127c1310a815fe2ac6
corpus_21	transform1	modified e701dd3684b75a127c1310a815fe2ac6 e701dd3684b75a127c1310a815fe2ac6
corpus_21	composed	generated P0.b0,P1.b0 e701dd3684b75a127c1310a815fe2ac6 region
corpus_21_alternate	digest	101 faba6c0dbd42b777ae29bb411d0aff61
corpus_21_alternate	construct	generated P0.b0,P1.b0 e701dd3684b75a127c1310a815fe2ac6 region
corpus_22	digest	416 289635a316806c468e0e1338991dfd53
corpus_22	construct	generated P0.b0 549af0da97056789e30b921d79bade49 region
corpus_22	transform0	modified 549af0da97056789e30b921d79bade49 549af0da97056789e30b921d79bade49
corpus_22	transform1	modified 549af0da97056789e30b921d79bade49 549af0da97056789e30b921d79bade49
corpus_22	composed	generated P0.b0 549af0da97056789e30b921d79bade49 region
corpus_22_alternate	digest	104 c8b033cad7846e49586cf1514358cf4f
corpus_22_alternate	construct	generated P0.b0 549af0da97056789e30b921d79bade49 region
corpus_23	digest	452 5463015f46067d0e24740762d0783c3b
corpus_23	construct	generated P0.b0,P1.b0 188dc89a5a9971fbcf1e4224740f9228 region
corpus_23	transform0	modified 188dc89a5a9971fbcf1e4224740f9228 188dc89a5a9971fbcf1e4224740f9228
corpus_23	transform1	modified 188dc89a5a9971fbcf1e4224740f9228 188dc89a5a9971fbcf1e4224740f9228
corpus_23	composed	generated P0.b0,P1.b0 188dc89a5a9971fbcf1e4224740f9228 region
corpus_23_alternate	digest	113 8f2bd2aed0d6a2e81f70d6720875942e
corpus_23_alternate	construct	generated P0.b0,P1.b0 188dc89a5a9971fbcf1e4224740f9228 region
corpus_24	digest	464 bf1a3de98a0a18aa92a50c73fd6235b9
corpus_24	construct	generated P0.b0 ef635f08e9244131e512ea4b0fa1727c region
corpus_24	transform0	modified ef635f08e9244131e512ea4b0fa1727c ef635f08e9244131e512ea4b0fa1727c
corpus_24	transform1	modified ef635f08e9244131e512ea4b0fa1727c ef635f08e9244131e512ea4b0fa1727c
corpus_24	composed	generated P0.b0 ef635f08e9244131e512ea4b0fa1727c region
corpus_24_alternate	digest	116 07530c2fe885840098ddb23a1962d3bb
corpus_24_alternate	construct	generated P0.b0 ef635f08e9244131e512ea4b0fa1727c region
corpus_25	digest	500 da29f10f3f36a42c57a0cecab4cdf8ab
corpus_25	construct	generated P0.b0,P1.b0 ec77069bcf8bf8fe7c8d734d5aca217d region
corpus_25	transform0	modified ec77069bcf8bf8fe7c8d734d5aca217d ec77069bcf8bf8fe7c8d734d5aca217d
corpus_25	transform1	modified ec77069bcf8bf8fe7c8d734d5aca217d ec77069bcf8bf8fe7c8d734d5aca217d
corpus_25	composed	generated P0.b0,P1.b0 ec77069bcf8bf8fe7c8d734d5aca217d region
corpus_25_alternate	digest	125 313a55b7fb46797a26e1ce9ada9011cb
corpus_25_alternate	construct	generated P0.b0,P1.b0 ec77069bcf8bf8fe7c8d734d5aca217d region
corpus_26	digest	200 1dcbbd9dff30add0ed92862b5fffa20b
corpus_26	construct	generated P0.b0 6cd84ca01bbe0a597e0f0f9d177be4fa region
corpus_26	transform0	modified 6cd84ca01bbe0a597e0f0f9d177be4fa 6cd84ca01bbe0a597e0f0f9d177be4fa
corpus_26	transform1	modified 6cd84ca01bbe0a597e0f0f9d177be4fa 6cd84ca01bbe0a597e0f0f9d177be4fa
corpus_26	composed	generated P0.b0 6cd84ca01bbe0a597e0f0f9d177be4fa region
corpus_26_alternate	digest	50 0b669c5f4fc64c0e86ed2ea447a39070
corpus_26_alternate	construct	generated P0.b0 6cd84ca01bbe0a597e0f0f9d177be4fa region
corpus_27	digest	236 854badde70e936a223e02e9bfac20dbf
corpus_27	construct	generated P0.b0,P1.b0 13fca177b0721cff3a243e941454ca73 region
corpus_27	transform0	modified 13fca177b0721cff3a243e941454ca73 13fca177b0721cff3a243e941454ca73
corpus_27	transform1	modified 13fca177b0721cff3a243e941454ca73 13fca177b0721cff3a243e941454ca73
corpus_27	composed	generated P0.b0,P1.b0 13fca177b0721cff3a243e941454ca73 region
corpus_27_alternate	digest	59 54df0bf85a186756331241230b44893a
corpus_27_alternate	construct	generated P0.b0,P1.b0 13fca177b0721cff3a243e941454ca73 region
corpus_28	digest	248 293247cc1df1348d856a66edd4f07935
corpus_28	construct	generated P0.b0 86c3ee6138c5cf016456b8ba31581820 region
corpus_28	transform0	modified 86c3ee6138c5cf016456b8ba31581820 86c3ee6138c5cf016456b8ba31581820
corpus_28	transform1	modified 86c3ee6138c5cf016456b8ba31581820 86c3ee6138c5cf016456b8ba31581820
corpus_28	composed	generated P0.b0 86c3ee6138c5cf016456b8ba31581820 region
corpus_28_alternate	digest	62 05d4a4d6cab2b9a16d09ffe43535977e
corpus_28_alternate	construct	generated P0.b0 86c3ee6138c5cf016456b8ba31581820 region
corpus_29	digest	284 9d8bc14be093f5f4e535dc4778baef07
corpus_29	construct	generated P0.b0,P1.b0 c264994f5c8a7546655aa0c6e05a4641 region
corpus_29	transform0	modified c264994f5c8a7546655aa0c6e05a4641 c264994f5c8a7546655aa0c6e05a4641
corpus_29	transform1	modified c264994f5c8a7546655aa0c6e05a4641 c264994f5c8a7546655aa0c6e05a4641
corpus_29	composed	generated P0.b0,P1.b0 c264994f5c8a7546655aa0c6e05a4641 region
corpus_29_alternate	digest	71 35f761eb81736ec8b3236646018f6727
corpus_29_alternate	construct	generated P0.b0,P1.b0 c264994f5c8a7546655aa0c6e05a4641 region
corpus_30	digest	296 f316bf5a11ce5ba0574003ed2019f769
corpus_30	construct	generated P0.b0 922a33b31a1c913b603cfec6a2bd998e region
corpus_30	transform0	modified 922a33b31a1c913b603cfec6a2bd998e 922a33b31a1c913b603cfec6a2bd998e
corpus_30	transform1	modified 922a33b31a1c913b603cfec6a2bd998e 922a33b31a1c913b603cfec6a2bd998e
corpus_30	composed	generated P0.b0 922a33b31a1c913b603cfec6a2bd998e region
corpus_30_alternate	digest	74 046b04de09f8a919b23a313b7e39d9b7
corpus_30_alternate	construct	generated P0.b0 922a33b31a1c913b603cfec6a2bd998e region
corpus_31	digest	332 670b0fcdde38eb98aa44c47e8f534d9d
corpus_31	construct	generated P0.b0,P1.b0 421254366705e50181b699d70a6af467 region
corpus_31	transform0	modified 421254366705e50181b699d70a6af467 421254366705e50181b699d70a6af467
corpus_31	transform1	modified 421254366705e50181b699d70a6af467 421254366705e50181b699d70a6af467
corpus_31	composed	generated P0.b0,P1.b0 421254366705e50181b699d70a6af467 region
corpus_31_alternate	digest	83 0c4e85005e21fd7c39cb7d4e682d1957
corpus_31_alternate	construct	generated P0.b0,P1.b0 421254366705e50181b699d70a6af467 region
corpus_32	digest	344 9e5e01e85ef529e9cbb16115de92fe4f
corpus_32	construct	generated P0.b0 62c99a8e8976c4ad5d466ad6e4191af4 region
corpus_32	transform0	modified 62c99a8e8976c4ad5d466ad6e4191af4 62c99a8e8976c4ad5d466ad6e4191af4
corpus_32	transform1	modified 62c99a8e8976c4ad5d466ad6e4191af4 62c99a8e8976c4ad5d466ad6e4191af4
corpus_32	composed	generated P0.b0 62c99a8e8976c4ad5d466ad6e4191af4 region
corpus_32_alternate	digest	86 2cdc6152d4718f31c1d96b446dfa15bf
corpus_32_alternate	construct	generated P0.b0 62c99a8e8976c4ad5d466ad6e4191af4 region
corpus_33	digest	380 bb651391f4f2be187a64add6622ef7ed
corpus_33	construct	generated P0.b0,P1.b0 e4d67f4c666d01aca20241dfad64df95 region
corpus_33	transform0	modified e4d67f4c666d01aca20241dfad64df95 e4d67f4c666d01aca20241dfad64df95
corpus_33	transform1	modified e4d67f4c666d01aca20241dfad64df95 e4d67f4c666d01aca20241dfad64df95
corpus_33	composed	generated P0.b0,P1.b0 e4d67f4c666d01aca20241dfad64df95 region
corpus_33_alternate	digest	95 2d171e119ad89bde7ebd9deccf71a142
corpus_33_alternate	construct	generated P0.b0,P1.b0 e4d67f4c666d01aca20241dfad64df95 region
corpus_34	digest	392 0bf6058cc663aa3a5cf6e2c82eca63f5
corpus_34	construct	generated P0.b0 e03e8825bc108dd4f6429028ebf38d72 region
corpus_34	transform0	modified e03e8825bc108dd4f6429028ebf38d72 e03e8825bc108dd4f6429028ebf38d72
corpus_34	transform1	modified e03e8825bc108dd4f6429028ebf38d72 e03e8825bc108dd4f6429028ebf38d72
corpus_34	composed	generated P0.b0 e03e8825bc108dd4f6429028ebf38d72 region
corpus_34_alternate	digest	98 677d6806b7eb4c86cd8bbd9ae6e49b7b
corpus_34_alternate	construct	generated P0.b0 e03e8825bc108dd4f6429028ebf38d72 region
corpus_35	digest	428 150266cd0e5858e12208538879252d55
corpus_35	construct	generated P0.b0,P1.b0 d11d15b02c6018eccbc597e623264b2b region
corpus_35	transform0	modified d11d15b02c6018eccbc597e623264b2b d11d15b02c6018eccbc597e623264b2b
corpus_35	transform1	modified d11d15b02c6018eccbc597e623264b2b d11d15b02c6018eccbc597e623264b2b
corpus_35	composed	generated P0.b0,P1.b0 d11d15b02c6018eccbc597e623264b2b region
corpus_35_alternate	digest	107 de7130bd1ae203a75f6d4cb7794bf0e0
corpus_35_alternate	construct	generated P0.b0,P1.b0 d11d15b02c6018eccbc597e623264b2b region
corpus_36	digest	440 7f4ff2d12ac82ea827543157ea12921b
corpus_36	construct	generated P0.b0 fa2a29e6d918527cdc8a394605cfc098 region
corpus_36	transform0	modified fa2a29e6d918527cdc8a394605cfc098 fa2a29e6d918527cdc8a394605cfc098
corpus_36	transform1	modified fa2a29e6d918527cdc8a394605cfc098 fa2a29e6d918527cdc8a394605cfc098
corpus_36	composed	generated P0.b0 fa2a29e6d918527cdc8a394605cfc098 region
corpus_36_alternate	digest	110 7f55b13968f4bfbe86146a532e890bf2
corpus_36_alternate	construct	generated P0.b0 fa2a29e6d918527cdc8a394605cfc098 region
corpus_37	digest	476 de9e3198b138668809a3836f5ec92a93
corpus_37	construct	generated P0.b0,P1.b0 7f850d87d8787133f6fbfa18ef2bc6f9 region
corpus_37	transform0	modified 7f850d87d8787133f6fbfa18ef2bc6f9 7f850d87d8787133f6fbfa18ef2bc6f9
corpus_37	transform1	modified 7f850d87d8787133f6fbfa18ef2bc6f9 7f850d87d8787133f6fbfa18ef2bc6f9
corpus_37	composed	generated P0.b0,P1.b0 7f850d87d8787133f6fbfa18ef2bc6f9 region
corpus_37_alternate	digest	119 d0091c4e731e561f2ee310f2e74df99d
corpus_37_alternate	construct	generated P0.b0,P1.b0 7f850d87d8787133f6fbfa18ef2bc6f9 region
corpus_38	digest	488 76594233c3f800ce65e85dc6a050e097
corpus_38	construct	generated P0.b0 812475f16c50875f9e1fc39aac615266 region
corpus_38	transform0	modified 812475f16c50875f9e1fc39aac615266 812475f16c50875f9e1fc39aac615266
corpus_38	transform1	modified 812475f16c50875f9e1fc39aac615266 812475f16c50875f9e1fc39aac615266
corpus_38	composed	generated P0.b0 812475f16c50875f9e1fc39aac615266 region
corpus_38_alternate	digest	122 5dd5db2717cf13ea2f0d4b967e066705
corpus_38_alternate	construct	generated P0.b0 812475f16c50875f9e1fc39aac615266 region
corpus_39	digest	212 6bc49fdf40356fffe1fe17d78f228a55
corpus_39	construct	generated P0.b0,P1.b0 ff32c86ee2f3e0ef1357f329193c751f region
corpus_39	transform0	modified ff32c86ee2f3e0ef1357f329193c751f ff32c86ee2f3e0ef1357f329193c751f
corpus_39	transform1	modified ff32c86ee2f3e0ef1357f329193c751f ff32c86ee2f3e0ef1357f329193c751f
corpus_39	composed	generated P0.b0,P1.b0 ff32c86ee2f3e0ef1357f329193c751f region
corpus_39_alternate	digest	53 30ff6ce93bd3ed8c0b57149cbe2526ec
corpus_39_alternate	construct	generated P0.b0,P1.b0 ff32c86ee2f3e0ef1357f329193c751f region
corpus_40	digest	224 1ece6b970a05e7449bdbdad71d61e4f3
corpus_40	construct	generated P0.b0 51c3dcccdbaabad19b292faaedbcd3cc region
corpus_40	transform0	modified 51c3dcccdbaabad19b292faaedbcd3cc 51c3dcccdbaabad19b292faaedbcd3cc
corpus_40	transform1	modified 51c3dcccdbaabad19b292faaedbcd3cc 51c3dcccdbaabad19b292faaedbcd3cc
corpus_40	composed	generated P0.b0 51c3dcccdbaabad19b292faaedbcd3cc region
corpus_40_alternate	digest	56 495b0da83ce0bb92bc5b4785e4a44c4d
corpus_40_alternate	construct	generated P0.b0 51c3dcccdbaabad19b292faaedbcd3cc region
corpus_41	digest	260 aa8d2bbd65e36b4e2ef4dc65fc3dec1b
corpus_41	construct	generated P0.b0,P1.b0 a1f6f384e25afd9a33a39b31bc36604d region
corpus_41	transform0	modified a1f6f384e25afd9a33a39b31bc36604d a1f6f384e25afd9a33a39b31bc36604d
corpus_41	transform1	modified a1f6f384e25afd9a33a39b31bc36604d a1f6f384e25afd9a33a39b31bc36604d
corpus_41	composed	generated P0.b0,P1.b0 a1f6f384e25afd9a33a39b31bc36604d region
corpus_41_alternate	digest	65 b6022dd85cff22ae7a330ccf50381f6b
corpus_41_alternate	construct	generated P0.b0,P1.b0 a1f6f384e25afd9a33a39b31bc36604d region
corpus_42	digest	272 ca470c8ac2d3dfbc6274a626fc8d8883
corpus_42	construct	generated P0.b0 cf38ca640e4483f9342554fcf597464a region
corpus_42	transform0	modified cf38ca640e4483f9342554fcf597464a cf38ca640e4483f9342554fcf597464a
corpus_42	transform1	modified cf38ca640e4483f9342554fcf597464a cf38ca640e4483f9342554fcf597464a
corpus_42	composed	generated P0.b0 cf38ca640e4483f9342554fcf597464a region
corpus_42_alternate	digest	68 0869fa65f6a4cd9dc76e866d54233369
corpus_42_alternate	construct	generated P0.b0 cf38ca640e4483f9342554fcf597464a region
corpus_43	digest	308 c5f37a10a3220925e7261714ffc3eda9
corpus_43	construct	generated P0.b0,P1.b0 c97c8e60c341219af13a667875c10943 region
corpus_43	transform0	modified c97c8e60c341219af13a667875c10943 c97c8e60c341219af13a667875c10943
corpus_43	transform1	modified c97c8e60c341219af13a667875c10943 c97c8e60c341219af13a667875c10943
corpus_43	composed	generated P0.b0,P1.b0 c97c8e60c341219af13a667875c10943 region
corpus_43_alternate	digest	77 73e21b268517f54842c0a235a51ca4ec
corpus_43_alternate	construct	generated P0.b0,P1.b0 c97c8e60c341219af13a667875c10943 region
corpus_44	digest	320 ed1c341143b438e15f1568551f0b83df
corpus_44	construct	generated P0.b0 e9246c252b4c48a11a6cfe1a0f737970 region
corpus_44	transform0	modified e9246c252b4c48a11a6cfe1a0f737970 e9246c252b4c48a11a6cfe1a0f737970
corpus_44	transform1	modified e9246c252b4c48a11a6cfe1a0f737970 e9246c252b4c48a11a6cfe1a0f737970
corpus_44	composed	generated P0.b0 e9246c252b4c48a11a6cfe1a0f737970 region
corpus_44_alternate	digest	80 9d7235fca1fbef2d66bf17b609314981
corpus_44_alternate	construct	generated P0.b0 e9246c252b4c48a11a6cfe1a0f737970 region
corpus_45	digest	356 2759ed67531ada9024c0ac747ac4b2a5
corpus_45	construct	generated P0.b0,P1.b0 77e486386f5979e21c70c8ab41c68511 region
corpus_45	transform0	modified 77e486386f5979e21c70c8ab41c68511 77e486386f5979e21c70c8ab41c68511
corpus_45	transform1	modified 77e486386f5979e21c70c8ab41c68511 77e486386f5979e21c70c8ab41c68511
corpus_45	composed	generated P0.b0,P1.b0 77e486386f5979e21c70c8ab41c68511 region
corpus_45_alternate	digest	89 26192b456a3380a807a077050ae37547
corpus_45_alternate	construct	generated P0.b0,P1.b0 77e486386f5979e21c70c8ab41c68511 region
corpus_46	digest	368 61b5f132b7acf98d9720cd0f65d2fd2d
corpus_46	construct	generated P0.b0 f48ab1770ca30adb1653442680d8fade region
corpus_46	transform0	modified f48ab1770ca30adb1653442680d8fade f48ab1770ca30adb1653442680d8fade
corpus_46	transform1	modified f48ab1770ca30adb1653442680d8fade f48ab1770ca30adb1653442680d8fade
corpus_46	composed	generated P0.b0 f48ab1770ca30adb1653442680d8fade region
corpus_46_alternate	digest	92 56f25e8b0cb8cf87f185f1bba32f611b
corpus_46_alternate	construct	generated P0.b0 f48ab1770ca30adb1653442680d8fade region
corpus_47	digest	404 f3ed256c21ab3fc48dd546c972c4815f
corpus_47	construct	generated P0.b0,P1.b0 f792411f79d4e99d38ccc1bb6bd73337 region
corpus_47	transform0	modified f792411f79d4e99d38ccc1bb6bd73337 f792411f79d4e99d38ccc1bb6bd73337
corpus_47	transform1	modified f792411f79d4e99d38ccc1bb6bd73337 f792411f79d4e99d38ccc1bb6bd73337
corpus_47	composed	generated P0.b0,P1.b0 f792411f79d4e99d38ccc1bb6bd73337 region
corpus_47_alternate	digest	101 d6d9fb7c04f049f68150d479d9c448e0
corpus_47_alternate	construct	generated P0.b0,P1.b0 f792411f79d4e99d38ccc1bb6bd73337 region
corpus_48	digest	416 4d1827bef96663e61d520ee34eee8f71
corpus_48	construct	generated P0.b0 c52a18527bfd3e4d135cb036c2347c44 region
corpus_48	transform0	modified c52a18527bfd3e4d135cb036c2347c44 c52a18527bfd3e4d135cb036c2347c44
corpus_48	transform1	modified c52a18527bfd3e4d135cb036c2347c44 c52a18527bfd3e4d135cb036c2347c44
corpus_48	composed	generated P0.b0 c52a18527bfd3e4d135cb036c2347c44 region
corpus_48_alternate	digest	104 9cb1b861ca2a022d181eb65a77f32dd8
corpus_48_alternate	construct	generated P0.b0 c52a18527bfd3e4d135cb036c2347c44 region
corpus_49	digest	452 b44ff000255eb418abab78b602970471
corpus_49	construct	generated P0.b0,P1.b0 9a566c35793c0648591869c40ed11e65 region
corpus_49	transform0	modified 9a566c35793c0648591869c40ed11e65 9a566c35793c0648591869c40ed11e65
corpus_49	transform1	modified 9a566c35793c0648591869c40ed11e65 9a566c35793c0648591869c40ed11e65
corpus_49	composed	generated P0.b0,P1.b0 9a566c35793c0648591869c40ed11e65 region
corpus_49_alternate	digest	113 3d6a2c337c8d53ea84c4823da9eaae1c
corpus_49_alternate	construct	generated P0.b0,P1.b0 9a566c35793c0648591869c40ed11e65 region
corpus_50	digest	464 03a6e926814c9d514af0714158d650e9
corpus_50	construct	generated P0.b0 429f05e9ae970774ac58d588ca0eeec2 region
corpus_50	transform0	modified 429f05e9ae970774ac58d588ca0eeec2 429f05e9ae970774ac58d588ca0eeec2
corpus_50	transform1	modified 429f05e9ae970774ac58d588ca0eeec2 429f05e9ae970774ac58d588ca0eeec2
corpus_50	composed	generated P0.b0 429f05e9ae970774ac58d588ca0eeec2 region
corpus_50_alternate	digest	116 9fb8ccc9a022eaf2e241ed36735fe1e7
corpus_50_alternate	construct	generated P0.b0 429f05e9ae970774ac58d588ca0eeec2 region
corpus_51	digest	500 34aca7a8ed7031fc1f51603924bd9c1d
corpus_51	construct	generated P0.b0,P1.b0 869d02993f2f1d8882dbbfca849289fb region
corpus_51	transform0	modified 869d02993f2f1d8882dbbfca849289fb 869d02993f2f1d8882dbbfca849289fb
corpus_51	transform1	modified 869d02993f2f1d8882dbbfca849289fb 869d02993f2f1d8882dbbfca849289fb
corpus_51	composed	generated P0.b0,P1.b0 869d02993f2f1d8882dbbfca849289fb region
corpus_51_alternate	digest	125 1998448f44cf1ca9914665c5a85738be
corpus_51_alternate	construct	generated P0.b0,P1.b0 869d02993f2f1d8882dbbfca849289fb region
corpus_52	digest	200 fd27db21a9adb032358357cbbbe4bfaf
corpus_52	construct	generated P0.b0 5c8aa7aacb9ecc1c92a07ea5e3eb21e8 region
corpus_52	transform0	modified 5c8aa7aacb9ecc1c92a07ea5e3eb21e8 5c8aa7aacb9ecc1c92a07ea5e3eb21e8
corpus_52	transform1	modified 5c8aa7aacb9ecc1c92a07ea5e3eb21e8 5c8aa7aacb9ecc1c92a07ea5e3eb21e8
corpus_52	composed	generated P0.b0 5c8aa7aacb9ecc1c92a07ea5e3eb21e8 region
corpus_52_alternate	digest	50 ad287cc07d942f8afd18b3c4f9927de0
corpus_52_alternate	construct	generated P0.b0 5c8aa7aacb9ecc1c92a07ea5e3eb21e8 region
corpus_53	digest	236 fefa943e2acf2c52684741b5ed1d019d
corpus_53	construct	generated P0.b0,P1.b0 3504fa70eb4775cfae1221fd509805c9 region
corpus_53	transform0	modified 3504fa70eb4775cfae1221fd509805c9 3504fa70eb4775cfae1221fd509805c9
corpus_53	transform1	modified 3504fa70eb4775cfae1221fd509805c9 3504fa70eb4775cfae1221fd509805c9
corpus_53	composed	generated P0.b0,P1.b0 3504fa70eb4775cfae1221fd509805c9 region
corpus_53_alternate	digest	59 319d70c8908b5a56d33d6974a5e14ade
corpus_53_alternate	construct	generated P0.b0,P1.b0 3504fa70eb4775cfae1221fd509805c9 region
corpus_54	digest	248 d3a19e93c2e0c2053b32552c948b915f
corpus_54	construct	generated P0.b0 e384f3b55ed700ff543608fa8a7cb3b6 region
corpus_54	transform0	modified e384f3b55ed700ff543608fa8a7cb3b6 e384f3b55ed700ff543608fa8a7cb3b6
corpus_54	transform1	modified e384f3b55ed700ff543608fa8a7cb3b6 e384f3b55ed700ff543608fa8a7cb3b6
corpus_54	composed	generated P0.b0 e384f3b55ed700ff543608fa8a7cb3b6 region
corpus_54_alternate	digest	62 7955d1fce1f8fd66e35f7aebc5108948
corpus_54_alternate	construct	generated P0.b0 e384f3b55ed700ff543608fa8a7cb3b6 region
corpus_55	digest	284 ee25bff8be6ce76e51bae477b202981b
corpus_55	construct	generated P0.b0,P1.b0 b4b2b557f5c2e58aca6e1b0d7aa8b3ef region
corpus_55	transform0	modified b4b2b557f5c2e58aca6e1b0d7aa8b3ef b4b2b557f5c2e58aca6e1b0d7aa8b3ef
corpus_55	transform1	modified b4b2b557f5c2e58aca6e1b0d7aa8b3ef b4b2b557f5c2e58aca6e1b0d7aa8b3ef
corpus_55	composed	generated P0.b0,P1.b0 b4b2b557f5c2e58aca6e1b0d7aa8b3ef region
corpus_55_alternate	digest	71 e465e5c9050d4a7285f4b2879bbd8fc4
corpus_55_alternate	construct	generated P0.b0,P1.b0 b4b2b557f5c2e58aca6e1b0d7aa8b3ef region
corpus_56	digest	296 939506da5a6b4e50155336930fa6b5eb
corpus_56	construct	generated P0.b0 2aa2638104174df278e65f8b536aafdc region
corpus_56	transform0	modified 2aa2638104174df278e65f8b536aafdc 2aa2638104174df278e65f8b536aafdc
corpus_56	transform1	modified 2aa2638104174df278e65f8b536aafdc 2aa2638104174df278e65f8b536aafdc
corpus_56	composed	generated P0.b0 2aa2638104174df278e65f8b536aafdc region
corpus_56_alternate	digest	74 b439122fb2c5fe7d3dcdf35fb71ebd84
corpus_56_alternate	construct	generated P0.b0 2aa2638104174df278e65f8b536aafdc region
corpus_57	digest	332 da583925dc51918c3f4ca3a16ba30ced
corpus_57	construct	generated P0.b0,P1.b0 81772cc9a9edefc70e61238497f1a3dd region
corpus_57	transform0	modified 81772cc9a9edefc70e61238497f1a3dd 81772cc9a9edefc70e61238497f1a3dd
corpus_57	transform1	modified 81772cc9a9edefc70e61238497f1a3dd 81772cc9a9edefc70e61238497f1a3dd
corpus_57	composed	generated P0.b0,P1.b0 81772cc9a9edefc70e61238497f1a3dd region
corpus_57_alternate	digest	83 7bedd3c6d50fc3b821e252086509b7df
corpus_57_alternate	construct	generated P0.b0,P1.b0 81772cc9a9edefc70e61238497f1a3dd region
corpus_58	digest	344 f588337d88ba285a0e5f3e9111ebe0db
corpus_58	construct	generated P0.b0 a817511836b1171a11e284dd5b45225a region
corpus_58	transform0	modified a817511836b1171a11e284dd5b45225a a817511836b1171a11e284dd5b45225a
corpus_58	transform1	modified a817511836b1171a11e284dd5b45225a a817511836b1171a11e284dd5b45225a
corpus_58	composed	generated P0.b0 a817511836b1171a11e284dd5b45225a region
corpus_58_alternate	digest	86 2a727ad25b860c94a31a9f9839ad1643
corpus_58_alternate	construct	generated P0.b0 a817511836b1171a11e284dd5b45225a region
corpus_59	digest	380 dadb8c537971f44195bb0bc6ba8ad9ad
corpus_59	construct	generated P0.b0,P1.b0 a8fcc7a58ad413c7cbf7eecb517c4cd3 region
corpus_59	transform0	modified a8fcc7a58ad413c7cbf7eecb517c4cd3 a8fcc7a58ad413c7cbf7eecb517c4cd3
corpus_59	transform1	modified a8fcc7a58ad413c7cbf7eecb517c4cd3 a8fcc7a58ad413c7cbf7eecb517c4cd3
corpus_59	composed	generated P0.b0,P1.b0 a8fcc7a58ad413c7cbf7eecb517c4cd3 region
corpus_59_alternate	digest	95 d79af8a32152ae40980fce140ce564f8
corpus_59_alternate	construct	generated P0.b0,P1.b0 a8fcc7a58ad413c7cbf7eecb517c4cd3 region
corpus_60	digest	392 a27d889f98325e65fa8e39a199047cd1
corpus_60	construct	generated P0.b0 c202f2d953b8dbc1f82a2dfa75215580 region
corpus_60	transform0	modified c202f2d953b8dbc1f82a2dfa75215580 c202f2d953b8dbc1f82a2dfa75215580
corpus_60	transform1	modified c202f2d953b8dbc1f82a2dfa75215580 c202f2d953b8dbc1f82a2dfa75215580
corpus_60	composed	generated P0.b0 c202f2d953b8dbc1f82a2dfa75215580 region
corpus_60_alternate	digest	98 d12ef6b5a72a68f387c9e0eaa1839496
corpus_60_alternate	construct	generated P0.b0 c202f2d953b8dbc1f82a2dfa75215580 region
corpus_61	digest	428 176307b0e71699eed089f3bf7ed78093
corpus_61	construct	generated P0.b0,P1.b0 5764bf7d36ec6c0ef72e50fe1d81c8a1 region
corpus_61	transform0	modified 5764bf7d36ec6c0ef72e50fe1d81c8a1 5764bf7d36ec6c0ef72e50fe1d81c8a1
corpus_61	transform1	modified 5764bf7d36ec6c0ef72e50fe1d81c8a1 5764bf7d36ec6c0ef72e50fe1d81c8a1
corpus_61	composed	generated P0.b0,P1.b0 5764bf7d36ec6c0ef72e50fe1d81c8a1 region
corpus_61_alternate	digest	107 3c4bb6a10a8ae31ac1a4f0ff3c0594ff
corpus_61_alternate	construct	generated P0.b0,P1.b0 5764bf7d36ec6c0ef72e50fe1d81c8a1 region
corpus_62	digest	440 7719dbdde4eefbcfdb9676ca5a624cf7
corpus_62	construct	generated P0.b0 cd69382b350f9dfbf4107406e686d6ee region
corpus_62	transform0	modified cd69382b350f9dfbf4107406e686d6ee cd69382b350f9dfbf4107406e686d6ee
corpus_62	transform1	modified cd69382b350f9dfbf4107406e686d6ee cd69382b350f9dfbf4107406e686d6ee
corpus_62	composed	generated P0.b0 cd69382b350f9dfbf4107406e686d6ee region
corpus_62_alternate	digest	110 dbba695b2a64dc21ca0852e54c23d541
corpus_62_alternate	construct	generated P0.b0 cd69382b350f9dfbf4107406e686d6ee region
corpus_63	digest	476 a473d2fe3ce0158a79d14ede47e27387
corpus_63	construct	generated P0.b0,P1.b0 d7127a644167dbca138a4a0e479276c7 region
corpus_63	transform0	modified d7127a644167dbca138a4a0e479276c7 d7127a644167dbca138a4a0e479276c7
corpus_63	transform1	modified d7127a644167dbca138a4a0e479276c7 d7127a644167dbca138a4a0e479276c7
corpus_63	composed	generated P0.b0,P1.b0 d7127a644167dbca138a4a0e479276c7 region
corpus_63_alternate	digest	119 cca7921af27b44dfd4d4c317084b9374
corpus_63_alternate	construct	generated P0.b0,P1.b0 d7127a644167dbca138a4a0e479276c7 region
corpus_64	digest	488 fa38a73bcd78b7e80cb3b1f4b0742335
corpus_64	construct	generated P0.b0 9e089f06a469d16df119e01727e25854 region
corpus_64	transform0	modified 9e089f06a469d16df119e01727e25854 9e089f06a469d16df119e01727e25854
corpus_64	transform1	modified 9e089f06a469d16df119e01727e25854 9e089f06a469d16df119e01727e25854
corpus_64	composed	generated P0.b0 9e089f06a469d16df119e01727e25854 region
corpus_64_alternate	digest	122 3d46eff00328ff22fe33636f60757974
corpus_64_alternate	construct	generated P0.b0 9e089f06a469d16df119e01727e25854 region
corpus_65	digest	212 6c12d1909163f70e8671227dab1adb33
corpus_65	construct	generated P0.b0,P1.b0 79d6a57a40cef87533d5f216ea8c61f5 region
corpus_65	transform0	modified 79d6a57a40cef87533d5f216ea8c61f5 79d6a57a40cef87533d5f216ea8c61f5
corpus_65	transform1	modified 79d6a57a40cef87533d5f216ea8c61f5 79d6a57a40cef87533d5f216ea8c61f5
corpus_65	composed	generated P0.b0,P1.b0 79d6a57a40cef87533d5f216ea8c61f5 region
corpus_65_alternate	digest	53 1448af2f146bb19e396c3d634bb0c480
corpus_65_alternate	construct	generated P0.b0,P1.b0 79d6a57a40cef87533d5f216ea8c61f5 region
corpus_66	digest	224 acde01d041cf84b63054c91f3b92335f
corpus_66	construct	generated P0.b0 1b7d8c9dd7039a958a1605692fbccad2 region
corpus_66	transform0	modified 1b7d8c9dd7039a958a1605692fbccad2 1b7d8c9dd7039a958a1605692fbccad2
corpus_66	transform1	modified 1b7d8c9dd7039a958a1605692fbccad2 1b7d8c9dd7039a958a1605692fbccad2
corpus_66	composed	generated P0.b0 1b7d8c9dd7039a958a1605692fbccad2 region
corpus_66_alternate	digest	56 edfe954f0a4a223a40bb380ab906bfeb
corpus_66_alternate	construct	generated P0.b0 1b7d8c9dd7039a958a1605692fbccad2 region
corpus_67	digest	260 fee8bb4ebfa5c12353bd912d4bf93a1d
corpus_67	construct	generated P0.b0,P1.b0 661d3bde06c20fb55d99481d604dcd8b region
corpus_67	transform0	modified 661d3bde06c20fb55d99481d604dcd8b 661d3bde06c20fb55d99481d604dcd8b
corpus_67	transform1	modified 661d3bde06c20fb55d99481d604dcd8b 661d3bde06c20fb55d99481d604dcd8b
corpus_67	composed	generated P0.b0,P1.b0 661d3bde06c20fb55d99481d604dcd8b region
corpus_67_alternate	digest	65 34f6e9cd32342014034e032863f41514
corpus_67_alternate	construct	generated P0.b0,P1.b0 661d3bde06c20fb55d99481d604dcd8b region
corpus_68	digest	272 f509b78ddb87ca00c7bd5fe093001709
corpus_68	construct	generated P0.b0 35692e5ef40b5f3d705dae864998fdf8 region
corpus_68	transform0	modified 35692e5ef40b5f3d705dae864998fdf8 35692e5ef40b5f3d705dae864998fdf8
corpus_68	transform1	modified 35692e5ef40b5f3d705dae864998fdf8 35692e5ef40b5f3d705dae864998fdf8
corpus_68	composed	generated P0.b0 35692e5ef40b5f3d705dae864998fdf8 region
corpus_68_alternate	digest	68 de45f2629583a5a373475cfe06c6f980
corpus_68_alternate	construct	generated P0.b0 35692e5ef40b5f3d705dae864998fdf8 region
corpus_69	digest	308 8c236447e174940d19a7f3516197fb27
corpus_69	construct	generated P0.b0,P1.b0 148533b5b2da67fc88cfaa502c534959 region
corpus_69	transform0	modified 148533b5b2da67fc88cfaa502c534959 148533b5b2da67fc88cfaa502c534959
corpus_69	transform1	modified 148533b5b2da67fc88cfaa502c534959 148533b5b2da67fc88cfaa502c534959
corpus_69	composed	generated P0.b0,P1.b0 148533b5b2da67fc88cfaa502c534959 region
corpus_69_alternate	digest	77 8573ca258aa5ff17825ed8c87033e2fc
corpus_69_alternate	construct	generated P0.b0,P1.b0 148533b5b2da67fc88cfaa502c534959 region
corpus_70	digest	320 94e7083d60b7aca464e0b9755b0e0479
corpus_70	construct	generated P0.b0 bc637a698743942031f338daf02a8fc6 region
corpus_70	transform0	modified bc637a698743942031f338daf02a8fc6 bc637a698743942031f338daf02a8fc6
corpus_70	transform1	modified bc637a698743942031f338daf02a8fc6 bc637a698743942031f338daf02a8fc6
corpus_70	composed	generated P0.b0 bc637a698743942031f338daf02a8fc6 region
corpus_70_alternate	digest	80 11149586c9c7c3a7f86460b52c821498
corpus_70_alternate	construct	generated P0.b0 bc637a698743942031f338daf02a8fc6 region
corpus_71	digest	356 6e47945ece5214d973d9e2cc6ed37711
corpus_71	construct	generated P0.b0,P1.b0 9432ee9cbd55d7b7a52ba3605663f77f region
corpus_71	transform0	modified 9432ee9cbd55d7b7a52ba3605663f77f 9432ee9cbd55d7b7a52ba3605663f77f
corpus_71	transform1	modified 9432ee9cbd55d7b7a52ba3605663f77f 9432ee9cbd55d7b7a52ba3605663f77f
corpus_71	composed	generated P0.b0,P1.b0 9432ee9cbd55d7b7a52ba3605663f77f region
corpus_71_alternate	digest	89 a1680377d66dbab66fc3dfb2f8223239
corpus_71_alternate	construct	generated P0.b0,P1.b0 9432ee9cbd55d7b7a52ba3605663f77f region
corpus_72	digest	368 0237dac24457d437938f6bf0b9041755
corpus_72	construct	generated P0.b0 8d02e144f69dc7922efca4eb3186112c region
corpus_72	transform0	modified 8d02e144f69dc7922efca4eb3186112c 8d02e144f69dc7922efca4eb3186112c
corpus_72	transform1	modified 8d02e144f69dc7922efca4eb3186112c 8d02e144f69dc7922efca4eb3186112c
corpus_72	composed	generated P0.b0 8d02e144f69dc7922efca4eb3186112c region
corpus_72_alternate	digest	92 b8f1f340a778edfe7d5497f4f77d275e
corpus_72_alternate	construct	generated P0.b0 8d02e144f69dc7922efca4eb3186112c region
corpus_73	digest	404 d367fc945d9f9c1f8b1e1964ef1f8839
corpus_73	construct	generated P0.b0,P1.b0 36f719b2bcbcf462c5774b68f95de2ad region
corpus_73	transform0	modified 36f719b2bcbcf462c5774b68f95de2ad 36f719b2bcbcf462c5774b68f95de2ad
corpus_73	transform1	modified 36f719b2bcbcf462c5774b68f95de2ad 36f719b2bcbcf462c5774b68f95de2ad
corpus_73	composed	generated P0.b0,P1.b0 36f719b2bcbcf462c5774b68f95de2ad region
corpus_73_alternate	digest	101 79c96318a620bf5d65593644f9783e2f
corpus_73_alternate	construct	generated P0.b0,P1.b0 36f719b2bcbcf462c5774b68f95de2ad region
corpus_74	digest	416 76c6e191290ddf5b0d59f57eb4f58fe3
corpus_74	construct	generated P0.b0 0a77cedc293790b9c7f8ca3d396083aa region
corpus_74	transform0	modified 0a77cedc293790b9c7f8ca3d396083aa 0a77cedc293790b9c7f8ca3d396083aa
corpus_74	transform1	modified 0a77cedc293790b9c7f8ca3d396083aa 0a77cedc293790b9c7f8ca3d396083aa
corpus_74	composed	generated P0.b0 0a77cedc293790b9c7f8ca3d396083aa region
corpus_74_alternate	digest	104 5bbad15d472f838420093c4801479779
corpus_74_alternate	construct	generated P0.b0 0a77cedc293790b9c7f8ca3d396083aa region
corpus_75	digest	452 b6c009c36fcd770b191d92f62a2c8a91
corpus_75	construct	generated P0.b0,P1.b0 5e7cb48e9da31863830e16afb2e88ba3 region
corpus_75	transform0	modified 5e7cb48e9da31863830e16afb2e88ba3 5e7cb48e9da31863830e16afb2e88ba3
corpus_75	transform1	modified 5e7cb48e9da31863830e16afb2e88ba3 5e7cb48e9da31863830e16afb2e88ba3
corpus_75	composed	generated P0.b0,P1.b0 5e7cb48e9da31863830e16afb2e88ba3 region
corpus_75_alternate	digest	113 d0c830532cd8696fc1788a6e371440c6
corpus_75_alternate	construct	generated P0.b0,P1.b0 5e7cb48e9da31863830e16afb2e88ba3 region
corpus_76	digest	464 546dae0ea7fdce63bbba68ef00a5c693
corpus_76	construct	generated P0.b0 2463709d463f5561ae40735a533cb6d0 region
corpus_76	transform0	modified 2463709d463f5561ae40735a533cb6d0 2463709d463f5561ae40735a533cb6d0
corpus_76	transform1	modified 2463709d463f5561ae40735a533cb6d0 2463709d463f5561ae40735a533cb6d0
corpus_76	composed	generated P0.b0 2463709d463f5561ae40735a533cb6d0 region
corpus_76_alternate	digest	116 478decacc62b1084c4cb33df5606a8e7
corpus_76_alternate	construct	generated P0.b0 2463709d463f5561ae40735a533cb6d0 region
corpus_77	digest	500 82661b57c5fd6c83b7d7b166e3d70569
corpus_77	construct	generated P0.b0,P1.b0 0ce4ac6649bb70aaae4478e27eee0771 region
corpus_77	transform0	modified 0ce4ac6649bb70aaae4478e27eee0771 0ce4ac6649bb70aaae4478e27eee0771
corpus_77	transform1	modified 0ce4ac6649bb70aaae4478e27eee0771 0ce4ac6649bb70aaae4478e27eee0771
corpus_77	composed	generated P0.b0,P1.b0 0ce4ac6649bb70aaae4478e27eee0771 region
corpus_77_alternate	digest	125 3ad3677040e79e430f2ff6c391afe1ca
corpus_77_alternate	construct	generated P0.b0,P1.b0 0ce4ac6649bb70aaae4478e27eee0771 region
corpus_78	digest	200 2689432f7ac8895de954e7d10328f197
corpus_78	construct	generated P0.b0 2fc9b5ef2796179baa26b966c4a2383e region
corpus_78	transform0	modified 2fc9b5ef2796179baa26b966c4a2383e 2fc9b5ef2796179baa26b966c4a2383e
corpus_78	transform1	modified 2fc9b5ef2796179baa26b966c4a2383e 2fc9b5ef2796179baa26b966c4a2383e
corpus_78	composed	generated P0.b0 2fc9b5ef2796179baa26b966c4a2383e region
corpus_78_alternate	digest	50 96c614d46a254db8865c85482b61a435
corpus_78_alternate	construct	generated P0.b0 2fc9b5ef2796179baa26b966c4a2383e region
corpus_79	digest	236 7d6c6d604257bcd1a99399be24f3063f
corpus_79	construct	generated P0.b0,P1.b0 8c92674d5436e065caa071f2a8feb597 region
corpus_79	transform0	modified 8c92674d5436e065caa071f2a8feb597 8c92674d5436e065caa071f2a8feb597
corpus_79	transform1	modified 8c92674d5436e065caa071f2a8feb597 8c92674d5436e065caa071f2a8feb597
corpus_79	composed	generated P0.b0,P1.b0 8c92674d5436e065caa071f2a8feb597 region
corpus_79_alternate	digest	59 095986c0955aac0d2ebf4602716a15aa
corpus_79_alternate	construct	generated P0.b0,P1.b0 8c92674d5436e065caa071f2a8feb597 region
corpus_80	digest	248 0f968b057f12270765843c5f4db4ba5f
corpus_80	construct	generated P0.b0 00691cca96f04b0da730257705fdb9a4 region
corpus_80	transform0	modified 00691cca96f04b0da730257705fdb9a4 00691cca96f04b0da730257705fdb9a4
corpus_80	transform1	modified 00691cca96f04b0da730257705fdb9a4 00691cca96f04b0da730257705fdb9a4
corpus_80	composed	generated P0.b0 00691cca96f04b0da730257705fdb9a4 region
corpus_80_alternate	digest	62 df22cfacc9d5ed464690a866af0b2e56
corpus_80_alternate	construct	generated P0.b0 00691cca96f04b0da730257705fdb9a4 region
corpus_81	digest	284 26298f4577dab219a4feb8eb55e2534b
corpus_81	construct	generated P0.b0,P1.b0 2f569263539dfd10eaec19fb4bf8a0c5 region
corpus_81	transform0	modified 2f569263539dfd10eaec19fb4bf8a0c5 2f569263539dfd10eaec19fb4bf8a0c5
corpus_81	transform1	modified 2f569263539dfd10eaec19fb4bf8a0c5 2f569263539dfd10eaec19fb4bf8a0c5
corpus_81	composed	generated P0.b0,P1.b0 2f569263539dfd10eaec19fb4bf8a0c5 region
corpus_81_alternate	digest	71 408268b73dea49ded815ad9bde75d7f3
corpus_81_alternate	construct	generated P0.b0,P1.b0 2f569263539dfd10eaec19fb4bf8a0c5 region
corpus_82	digest	296 be3914937b400455574173bcb64663d5
corpus_82	construct	generated P0.b0 7dde0a61c98a1435402c4ac90dd82c22 region
corpus_82	transform0	modified 7dde0a61c98a1435402c4ac90dd82c22 7dde0a61c98a1435402c4ac90dd82c22
corpus_82	transform1	modified 7dde0a61c98a1435402c4ac90dd82c22 7dde0a61c98a1435402c4ac90dd82c22
corpus_82	composed	generated P0.b0 7dde0a61c98a1435402c4ac90dd82c22 region
corpus_82_alternate	digest	74 2dcbc8938252d624deae25fd036f3b40
corpus_82_alternate	construct	generated P0.b0 7dde0a61c98a1435402c4ac90dd82c22 region
corpus_83	digest	332 5b43fb2a9fda3036cf93b47770cd10c5
corpus_83	construct	generated P0.b0,P1.b0 1b9d28c71991145114af7001c1ba0c5b region
corpus_83	transform0	modified 1b9d28c71991145114af7001c1ba0c5b 1b9d28c71991145114af7001c1ba0c5b
corpus_83	transform1	modified 1b9d28c71991145114af7001c1ba0c5b 1b9d28c71991145114af7001c1ba0c5b
corpus_83	composed	generated P0.b0,P1.b0 1b9d28c71991145114af7001c1ba0c5b region
corpus_83_alternate	digest	83 a9c9d42c325fb66abb8fd3390b2be678
corpus_83_alternate	construct	generated P0.b0,P1.b0 1b9d28c71991145114af7001c1ba0c5b region
corpus_84	digest	344 5456f47e58c422a8b141c7a6b77c64eb
corpus_84	construct	generated P0.b0 97c9ac22e691d8dd2673f3e627b45f48 region
corpus_84	transform0	modified 97c9ac22e691d8dd2673f3e627b45f48 97c9ac22e691d8dd2673f3e627b45f48
corpus_84	transform1	modified 97c9ac22e691d8dd2673f3e627b45f48 97c9ac22e691d8dd2673f3e627b45f48
corpus_84	composed	generated P0.b0 97c9ac22e691d8dd2673f3e627b45f48 region
corpus_84_alternate	digest	86 cad65170941232fcb5eeaa1e071a5802
corpus_84_alternate	construct	generated P0.b0 97c9ac22e691d8dd2673f3e627b45f48 region
corpus_85	digest	380 eb0b0144200d0b93de132c64a381b7e7
corpus_85	construct	generated P0.b0,P1.b0 ca05209ec5a96c983fe5d2348dbf8829 region
corpus_85	transform0	modified ca05209ec5a96c983fe5d2348dbf8829 ca05209ec5a96c983fe5d2348dbf8829
corpus_85	transform1	modified ca05209ec5a96c983fe5d2348dbf8829 ca05209ec5a96c983fe5d2348dbf8829
corpus_85	composed	generated P0.b0,P1.b0 ca05209ec5a96c983fe5d2348dbf8829 region
corpus_85_alternate	digest	95 57e0a2d4dec8220a973ada6a22ef6f4b
corpus_85_alternate	construct	generated P0.b0,P1.b0 ca05209ec5a96c983fe5d2348dbf8829 region
corpus_86	digest	392 90b61dec8c2c08656206cd4e0affa5a9
corpus_86	construct	generated P0.b0 1ec3f82d79ca0dbfe8097e3ace45f116 region
corpus_86	transform0	modified 1ec3f82d79ca0dbfe8097e3ace45f116 1ec3f82d79ca0dbfe8097e3ace45f116
corpus_86	transform1	modified 1ec3f82d79ca0dbfe8097e3ace45f116 1ec3f82d79ca0dbfe8097e3ace45f116
corpus_86	composed	generated P0.b0 1ec3f82d79ca0dbfe8097e3ace45f116 region
corpus_86_alternate	digest	98 e950593c3ef9805a8d784784973a0c76
corpus_86_alternate	construct	generated P0.b0 1ec3f82d79ca0dbfe8097e3ace45f116 region
corpus_87	digest	428 781654c0915ba62f5336ad3d728df3d9
corpus_87	construct	generated P0.b0,P1.b0 49b2db85d024dc535c41cb44b7d0364f region
corpus_87	transform0	modified 49b2db85d024dc535c41cb44b7d0364f 49b2db85d024dc535c41cb44b7d0364f
corpus_87	transform1	modified 49b2db85d024dc535c41cb44b7d0364f 49b2db85d024dc535c41cb44b7d0364f
corpus_87	composed	generated P0.b0,P1.b0 49b2db85d024dc535c41cb44b7d0364f region
corpus_87_alternate	digest	107 5dfa6da08e0da3c623b12f40465c69a8
corpus_87_alternate	construct	generated P0.b0,P1.b0 49b2db85d024dc535c41cb44b7d0364f region
corpus_88	digest	440 307478ccbe05cd1ca543c9add0f05e4d
corpus_88	construct	generated P0.b0 78e55618b33e27b0bd6bffca880ef7bc region
corpus_88	transform0	modified 78e55618b33e27b0bd6bffca880ef7bc 78e55618b33e27b0bd6bffca880ef7bc
corpus_88	transform1	modified 78e55618b33e27b0bd6bffca880ef7bc 78e55618b33e27b0bd6bffca880ef7bc
corpus_88	composed	generated P0.b0 78e55618b33e27b0bd6bffca880ef7bc region
corpus_88_alternate	digest	110 e678da503c4d37fe89dcb44b829ff0df
corpus_88_alternate	construct	generated P0.b0 78e55618b33e27b0bd6bffca880ef7bc region
corpus_89	digest	476 d7c4a605681dfd3ca81a274f1221b84f
corpus_89	construct	generated P0.b0,P1.b0 c276ba401ac80b6d58e612dee07b1cbd region
corpus_89	transform0	modified c276ba401ac80b6d58e612dee07b1cbd c276ba401ac80b6d58e612dee07b1cbd
corpus_89	transform1	modified c276ba401ac80b6d58e612dee07b1cbd c276ba401ac80b6d58e612dee07b1cbd
corpus_89	composed	generated P0.b0,P1.b0 c276ba401ac80b6d58e612dee07b1cbd region
corpus_89_alternate	digest	119 8755e5dda1980c939ec99b99ff0deef2
corpus_89_alternate	construct	generated P0.b0,P1.b0 c276ba401ac80b6d58e612dee07b1cbd region
corpus_90	digest	488 4e9372814ae7ce8b1cab9eb37353bc4b
corpus_90	construct	generated P0.b0 f65a43afe5d7f0d85668251c8fe96a3a region
corpus_90	transform0	modified f65a43afe5d7f0d85668251c8fe96a3a f65a43afe5d7f0d85668251c8fe96a3a
corpus_90	transform1	modified f65a43afe5d7f0d85668251c8fe96a3a f65a43afe5d7f0d85668251c8fe96a3a
corpus_90	composed	generated P0.b0 f65a43afe5d7f0d85668251c8fe96a3a region
corpus_90_alternate	digest	122 5ef80ada071ef7d1a8aa8c4d81656fb5
corpus_90_alternate	construct	generated P0.b0 f65a43afe5d7f0d85668251c8fe96a3a region
corpus_91	digest	212 28dcaad3a8c5f6fa44a59ca4eac6f9fd
corpus_91	construct	generated P0.b0,P1.b0 e9fc551bfbae2f6e167cde259a05c5b3 region
corpus_91	transform0	modified e9fc551bfbae2f6e167cde259a05c5b3 e9fc551bfbae2f6e167cde259a05c5b3
corpus_91	transform1	modified e9fc551bfbae2f6e167cde259a05c5b3 e9fc551bfbae2f6e167cde259a05c5b3
corpus_91	composed	generated P0.b0,P1.b0 e9fc551bfbae2f6e167cde259a05c5b3 region
corpus_91_alternate	digest	53 faf4693289f40d6844a63aeab4302c46
corpus_91_alternate	construct	generated P0.b0,P1.b0 e9fc551bfbae2f6e167cde259a05c5b3 region
corpus_92	digest	224 c961a473af3736dea035612658c974b7
corpus_92	construct	generated P0.b0 1045e57102dfb5803cafce39a9c59d60 region
corpus_92	transform0	modified 1045e57102dfb5803cafce39a9c59d60 1045e57102dfb5803cafce39a9c59d60
corpus_92	transform1	modified 1045e57102dfb5803cafce39a9c59d60 1045e57102dfb5803cafce39a9c59d60
corpus_92	composed	generated P0.b0 1045e57102dfb5803cafce39a9c59d60 region
corpus_92_alternate	digest	56 8ff33ca622ab0a5ce95b347401062faf
corpus_92_alternate	construct	generated P0.b0 1045e57102dfb5803cafce39a9c59d60 region
corpus_93	digest	260 4a32c44b4ed7d7f50cf7c0606cba7fa9
corpus_93	construct	generated P0.b0,P1.b0 98644cf3a7c687b541b34058660b4181 region
corpus_93	transform0	modified 98644cf3a7c687b541b34058660b4181 98644cf3a7c687b541b34058660b4181
corpus_93	transform1	modified 98644cf3a7c687b541b34058660b4181 98644cf3a7c687b541b34058660b4181
corpus_93	composed	generated P0.b0,P1.b0 98644cf3a7c687b541b34058660b4181 region
corpus_93_alternate	digest	65 8469a815159b8b429b3c043f77de21ce
corpus_93_alternate	construct	generated P0.b0,P1.b0 98644cf3a7c687b541b34058660b4181 region
corpus_94	digest	272 384f44c4a675b5755aadd760e4eba523
corpus_94	construct	generated P0.b0 1bac2ac2e43677ba389614461b2b1ece region
corpus_94	transform0	modified 1bac2ac2e43677ba389614461b2b1ece 1bac2ac2e43677ba389614461b2b1ece
corpus_94	transform1	modified 1bac2ac2e43677ba389614461b2b1ece 1bac2ac2e43677ba389614461b2b1ece
corpus_94	composed	generated P0.b0 1bac2ac2e43677ba389614461b2b1ece region
corpus_94_alternate	digest	68 76c7a0cee6eeae5ac50ef8e509788e50
corpus_94_alternate	construct	generated P0.b0 1bac2ac2e43677ba389614461b2b1ece region
corpus_95	digest	308 5f13afd3b43cf2f583a6900dae3ebb81
corpus_95	construct	generated P0.b0,P1.b0 181207dab241f7705e0f3968901befa7 region
corpus_95	transform0	modified 181207dab241f7705e0f3968901befa7 181207dab241f7705e0f3968901befa7
corpus_95	transform1	modified 181207dab241f7705e0f3968901befa7 181207dab241f7705e0f3968901befa7
corpus_95	composed	generated P0.b0,P1.b0 181207dab241f7705e0f3968901befa7 region
corpus_95_alternate	digest	77 0b73895e6feb6eb384663f8f2eb9c93a
corpus_95_alternate	construct	generated P0.b0,P1.b0 181207dab241f7705e0f3968901befa7 region
corpus_96	digest	320 1f9dbe716294793dbba778e827bd1155
corpus_96	construct	generated P0.b0 ec4b919e5390ab2c359f80565c86a034 region
corpus_96	transform0	modified ec4b919e5390ab2c359f80565c86a034 ec4b919e5390ab2c359f80565c86a034
corpus_96	transform1	modified ec4b919e5390ab2c359f80565c86a034 ec4b919e5390ab2c359f80565c86a034
corpus_96	composed	generated P0.b0 ec4b919e5390ab2c359f80565c86a034 region
corpus_96_alternate	digest	80 3c7b22582c048835047063321f36ae6f
corpus_96_alternate	construct	generated P0.b0 ec4b919e5390ab2c359f80565c86a034 region
corpus_97	digest	356 170f85764651c0184f96b1185f585383
corpus_97	construct	generated P0.b0,P1.b0 bad632f0b1a9141b7e5ae1713315dad5 region
corpus_97	transform0	modified bad632f0b1a9141b7e5ae1713315dad5 bad632f0b1a9141b7e5ae1713315dad5
corpus_97	transform1	modified bad632f0b1a9141b7e5ae1713315dad5 bad632f0b1a9141b7e5ae1713315dad5
corpus_97	composed	generated P0.b0,P1.b0 bad632f0b1a9141b7e5ae1713315dad5 region
corpus_97_alternate	digest	89 0a53c7d3094b11c9ae2c242c714125cc
corpus_97_alternate	construct	generated P0.b0,P1.b0 bad632f0b1a9141b7e5ae1713315dad5 region
corpus_98	digest	368 0703a3ff3dc5dae061a421fd86750fcb
corpus_98	construct	generated P0.b0 69c07f35862a7453ce9ba5a8646112b2 region
corpus_98	transform0	modified 69c07f35862a7453ce9ba5a8646112b2 69c07f35862a7453ce9ba5a8646112b2
corpus_98	transform1	modified 69c07f35862a7453ce9ba5a8646112b2 69c07f35862a7453ce9ba5a8646112b2
corpus_98	composed	generated P0.b0 69c07f35862a7453ce9ba5a8646112b2 region
corpus_98_alternate	digest	92 988a6fa94d40e662ca2d39893754c929
corpus_98_alternate	construct	generated P0.b0 69c07f35862a7453ce9ba5a8646112b2 region
corpus_99	digest	404 e91277f85a4214e7def25f0ce0a3c36b
corpus_99	construct	generated P0.b0,P1.b0 a71cc954779c2b5ba81e3777a8d7466b region
corpus_99	transform0	modified a71cc954779c2b5ba81e3777a8d7466b a71cc954779c2b5ba81e3777a8d7466b
corpus_99	transform1	modified a71cc954779c2b5ba81e3777a8d7466b a71cc954779c2b5ba81e3777a8d7466b
corpus_99	composed	generated P0.b0,P1.b0 a71cc954779c2b5ba81e3777a8d7466b region
corpus_99_alternate	digest	101 8898d3a78a50cbf71df68ed589e7b933
corpus_99_alternate	construct	generated P0.b0,P1.b0 a71cc954779c2b5ba81e3777a8d7466b region
corpus_100	digest	416 59e681ebd7cef66827318ba4f89695a7
corpus_100	construct	generated P0.b0 83ac20f6a33238fbb4e34ec57e3d45d8 region
corpus_100	transform0	modified 83ac20f6a33238fbb4e34ec57e3d45d8 83ac20f6a33238fbb4e34ec57e3d45d8
corpus_100	transform1	modified 83ac20f6a33238fbb4e34ec57e3d45d8 83ac20f6a33238fbb4e34ec57e3d45d8
corpus_100	composed	generated P0.b0 83ac20f6a33238fbb4e34ec57e3d45d8 region
corpus_100_alternate	digest	104 9130f1c5960a20ed11c39efd6d5a2835
corpus_100_alternate	construct	generated P0.b0 83ac20f6a33238fbb4e34ec57e3d45d8 region
corpus_101	digest	452 1b85caee3add2b17dd1a2bd44eb7a1e3
corpus_101	construct	generated P0.b0,P1.b0 5584c12c23b483a2d35499aa74dcc239 region
corpus_101	transform0	modified 5584c12c23b483a2d35499aa74dcc239 5584c12c23b483a2d35499aa74dcc239
corpus_101	transform1	modified 5584c12c23b483a2d35499aa74dcc239 5584c12c23b483a2d35499aa74dcc239
corpus_101	composed	generated P0.b0,P1.b0 5584c12c23b483a2d35499aa74dcc239 region
corpus_101_alternate	digest	113 9218743096a2c54ddea07dfe45c97077
corpus_101_alternate	construct	generated P0.b0,P1.b0 5584c12c23b483a2d35499aa74dcc239 region
corpus_102	digest	464 1f378145249ba2727ffe16a81ff06077
corpus_102	construct	generated P0.b0 0aa66d01366a6dde7678d91a24ced7a6 region
corpus_102	transform0	modified 0aa66d01366a6dde7678d91a24ced7a6 0aa66d01366a6dde7678d91a24ced7a6
corpus_102	transform1	modified 0aa66d01366a6dde7678d91a24ced7a6 0aa66d01366a6dde7678d91a24ced7a6
corpus_102	composed	generated P0.b0 0aa66d01366a6dde7678d91a24ced7a6 region
corpus_102_alternate	digest	116 289d13b5c6ef453175edde42f5a60b6b
corpus_102_alternate	construct	generated P0.b0 0aa66d01366a6dde7678d91a24ced7a6 region
corpus_103	digest	500 0482a37b7abbbfc30500507902c2c7b7
corpus_103	construct	generated P0.b0,P1.b0 d5327c132e2ff35defb092ba9eed705f region
corpus_103	transform0	modified d5327c132e2ff35defb092ba9eed705f d5327c132e2ff35defb092ba9eed705f
corpus_103	transform1	modified d5327c132e2ff35defb092ba9eed705f d5327c132e2ff35defb092ba9eed705f
corpus_103	composed	generated P0.b0,P1.b0 d5327c132e2ff35defb092ba9eed705f region
corpus_103_alternate	digest	125 4dfda0677361217a4f0ae0ae14162e16
corpus_103_alternate	construct	generated P0.b0,P1.b0 d5327c132e2ff35defb092ba9eed705f region
corpus_104	digest	200 4911509c60259a007cb1f700a6dcfcdf
corpus_104	construct	generated P0.b0 db45d3dca5c4a1507382452a662a590c region
corpus_104	transform0	modified db45d3dca5c4a1507382452a662a590c db45d3dca5c4a1507382452a662a590c
corpus_104	transform1	modified db45d3dca5c4a1507382452a662a590c db45d3dca5c4a1507382452a662a590c
corpus_104	composed	generated P0.b0 db45d3dca5c4a1507382452a662a590c region
corpus_104_alternate	digest	50 ffdd3240b089d3d1f5f911ebcbbf3f29
corpus_104_alternate	construct	generated P0.b0 db45d3dca5c4a1507382452a662a590c region
corpus_105	digest	236 d0c3b9682324343b775edf111426bf09
corpus_105	construct	generated P0.b0,P1.b0 77f6a7292d9710090ffc3ac341e75b8d region
corpus_105	transform0	modified 77f6a7292d9710090ffc3ac341e75b8d 77f6a7292d9710090ffc3ac341e75b8d
corpus_105	transform1	modified 77f6a7292d9710090ffc3ac341e75b8d 77f6a7292d9710090ffc3ac341e75b8d
corpus_105	composed	generated P0.b0,P1.b0 77f6a7292d9710090ffc3ac341e75b8d region
corpus_105_alternate	digest	59 e6f1574f184620efdad62ca9e822e404
corpus_105_alternate	construct	generated P0.b0,P1.b0 77f6a7292d9710090ffc3ac341e75b8d region
corpus_106	digest	248 5b3b6bccd447e5258ce9ffb041b529f7
corpus_106	construct	generated P0.b0 58bac173d85e6a780c7e6a7c6e04cb8a region
corpus_106	transform0	modified 58bac173d85e6a780c7e6a7c6e04cb8a 58bac173d85e6a780c7e6a7c6e04cb8a
corpus_106	transform1	modified 58bac173d85e6a780c7e6a7c6e04cb8a 58bac173d85e6a780c7e6a7c6e04cb8a
corpus_106	composed	generated P0.b0 58bac173d85e6a780c7e6a7c6e04cb8a region
corpus_106_alternate	digest	62 93c514db695b9b589a1378493d8b7b87
corpus_106_alternate	construct	generated P0.b0 58bac173d85e6a780c7e6a7c6e04cb8a region
corpus_107	digest	284 098f270ca3aee968ccc1b3bedc8e5c87
corpus_107	construct	generated P0.b0,P1.b0 9f7c42050e7d3409cd930609fb720483 region
corpus_107	transform0	modified 9f7c42050e7d3409cd930609fb720483 9f7c42050e7d3409cd930609fb720483
corpus_107	transform1	modified 9f7c42050e7d3409cd930609fb720483 9f7c42050e7d3409cd930609fb720483
corpus_107	composed	generated P0.b0,P1.b0 9f7c42050e7d3409cd930609fb720483 region
corpus_107_alternate	digest	71 30f9981af22de901b6c4af5291ee4866
corpus_107_alternate	construct	generated P0.b0,P1.b0 9f7c42050e7d3409cd930609fb720483 region
corpus_108	digest	296 c0045a13196e52bfa25dc01431413d55
corpus_108	construct	generated P0.b0 72a66334f5662f1ff2c6139987e0feb0 region
corpus_108	transform0	modified 72a66334f5662f1ff2c6139987e0feb0 72a66334f5662f1ff2c6139987e0feb0
corpus_108	transform1	modified 72a66334f5662f1ff2c6139987e0feb0 72a66334f5662f1ff2c6139987e0feb0
corpus_108	composed	generated P0.b0 72a66334f5662f1ff2c6139987e0feb0 region
corpus_108_alternate	digest	74 46d3c19b7fc486547749507acdb51592
corpus_108_alternate	construct	generated P0.b0 72a66334f5662f1ff2c6139987e0feb0 region
corpus_109	digest	332 62b3fa50841ae3b536a9e7e98cf81e09
corpus_109	construct	generated P0.b0,P1.b0 4de439dcba958c50f8c9683cc7778051 region
corpus_109	transform0	modified 4de439dcba958c50f8c9683cc7778051 4de439dcba958c50f8c9683cc7778051
corpus_109	transform1	modified 4de439dcba958c50f8c9683cc7778051 4de439dcba958c50f8c9683cc7778051
corpus_109	composed	generated P0.b0,P1.b0 4de439dcba958c50f8c9683cc7778051 region
corpus_109_alternate	digest	83 fd67d1bf2cb5710e5cb9a46be823d8bc
corpus_109_alternate	construct	generated P0.b0,P1.b0 4de439dcba958c50f8c9683cc7778051 region
corpus_110	digest	344 00c94f807d006150f6ec172aa3281e77
corpus_110	construct	generated P0.b0 7e0ca886d6bcf159eeac59a5f946801e region
corpus_110	transform0	modified 7e0ca886d6bcf159eeac59a5f946801e 7e0ca886d6bcf159eeac59a5f946801e
corpus_110	transform1	modified 7e0ca886d6bcf159eeac59a5f946801e 7e0ca886d6bcf159eeac59a5f946801e
corpus_110	composed	generated P0.b0 7e0ca886d6bcf159eeac59a5f946801e region
corpus_110_alternate	digest	86 8dc9e10e0f28f7a5e7250e5f064570b6
corpus_110_alternate	construct	generated P0.b0 7e0ca886d6bcf159eeac59a5f946801e region
corpus_111	digest	380 b07dbc1155ea56ef3ece84ac34d8627d
corpus_111	construct	generated P0.b0,P1.b0 cd91f4c3c510fc0c1525614cf1882e77 region
corpus_111	transform0	modified cd91f4c3c510fc0c1525614cf1882e77 cd91f4c3c510fc0c1525614cf1882e77
corpus_111	transform1	modified cd91f4c3c510fc0c1525614cf1882e77 cd91f4c3c510fc0c1525614cf1882e77
corpus_111	composed	generated P0.b0,P1.b0 cd91f4c3c510fc0c1525614cf1882e77 region
corpus_111_alternate	digest	95 635608060be7a72f8f5bd762ba59a09a
corpus_111_alternate	construct	generated P0.b0,P1.b0 cd91f4c3c510fc0c1525614cf1882e77 region
corpus_112	digest	392 f924bec5355221aaa8234cd4b1b8bbff
corpus_112	construct	generated P0.b0 4eac0f62461724cbebb5c5b63aa20184 region
corpus_112	transform0	modified 4eac0f62461724cbebb5c5b63aa20184 4eac0f62461724cbebb5c5b63aa20184
corpus_112	transform1	modified 4eac0f62461724cbebb5c5b63aa20184 4eac0f62461724cbebb5c5b63aa20184
corpus_112	composed	generated P0.b0 4eac0f62461724cbebb5c5b63aa20184 region
corpus_112_alternate	digest	98 e3987e60db64a4881ed81eed3bc856cb
corpus_112_alternate	construct	generated P0.b0 4eac0f62461724cbebb5c5b63aa20184 region
corpus_113	digest	428 5c5e93d7014b129ce4655c506aada0a1
corpus_113	construct	generated P0.b0,P1.b0 70561fd9c47818b735710955948219a5 region
corpus_113	transform0	modified 70561fd9c47818b735710955948219a5 70561fd9c47818b735710955948219a5
corpus_113	transform1	modified 70561fd9c47818b735710955948219a5 70561fd9c47818b735710955948219a5
corpus_113	composed	generated P0.b0,P1.b0 70561fd9c47818b735710955948219a5 region
corpus_113_alternate	digest	107 f92b922c353b7029ac0f916db7792be7
corpus_113_alternate	construct	generated P0.b0,P1.b0 70561fd9c47818b735710955948219a5 region
corpus_114	digest	440 652230f3c33aa73654aafc3cd1e2a42b
corpus_114	construct	generated P0.b0 cc20fcf978b0edf384b1eb08427c7402 region
corpus_114	transform0	modified cc20fcf978b0edf384b1eb08427c7402 cc20fcf978b0edf384b1eb08427c7402
corpus_114	transform1	modified cc20fcf978b0edf384b1eb08427c7402 cc20fcf978b0edf384b1eb08427c7402
corpus_114	composed	generated P0.b0 cc20fcf978b0edf384b1eb08427c7402 region
corpus_114_alternate	digest	110 3dc5436b3dca7e5dc566339cac6d6495
corpus_114_alternate	construct	generated P0.b0 cc20fcf978b0edf384b1eb08427c7402 region
corpus_115	digest	476 2c83997ea343bc311792efa96ab25c0f
corpus_115	construct	generated P0.b0,P1.b0 5c9cb63d8a6b2ff75f345f5c0a43853b region
corpus_115	transform0	modified 5c9cb63d8a6b2ff75f345f5c0a43853b 5c9cb63d8a6b2ff75f345f5c0a43853b
corpus_115	transform1	modified 5c9cb63d8a6b2ff75f345f5c0a43853b 5c9cb63d8a6b2ff75f345f5c0a43853b
corpus_115	composed	generated P0.b0,P1.b0 5c9cb63d8a6b2ff75f345f5c0a43853b region
corpus_115_alternate	digest	119 adeac2c51b286cd573167d1ad3dafb3a
corpus_115_alternate	construct	generated P0.b0,P1.b0 5c9cb63d8a6b2ff75f345f5c0a43853b region
corpus_116	digest	488 d659f5a01b2415b92c5126d286dab50b
corpus_116	construct	generated P0.b0 e60c9eba95b8b29b6af994255c58a728 region
corpus_116	transform0	modified e60c9eba95b8b29b6af994255c58a728 e60c9eba95b8b29b6af994255c58a728
corpus_116	transform1	modified e60c9eba95b8b29b6af994255c58a728 e60c9eba95b8b29b6af994255c58a728
corpus_116	composed	generated P0.b0 e60c9eba95b8b29b6af994255c58a728 region
corpus_116_alternate	digest	122 a96cec84367cea77189dbe3bd6f46faf
corpus_116_alternate	construct	generated P0.b0 e60c9eba95b8b29b6af994255c58a728 region
corpus_117	digest	212 4f5cad57449cde86d6c4105b48654493
corpus_117	construct	generated P0.b0,P1.b0 0b04ae153683883e8a6ac18ed6490109 region
corpus_117	transform0	modified 0b04ae153683883e8a6ac18ed6490109 0b04ae153683883e8a6ac18ed6490109
corpus_117	transform1	modified 0b04ae153683883e8a6ac18ed6490109 0b04ae153683883e8a6ac18ed6490109
corpus_117	composed	generated P0.b0,P1.b0 0b04ae153683883e8a6ac18ed6490109 region
corpus_117_alternate	digest	53 1401cd62ad0a8530bfce4298bc15d301
corpus_117_alternate	construct	generated P0.b0,P1.b0 0b04ae153683883e8a6ac18ed6490109 region
corpus_118	digest	224 9aa6ae7558603905e88ffe4c420e200f
corpus_118	construct	generated P0.b0 6d06eac528f0e77e2c8f1e7a02ea38f6 region
corpus_118	transform0	modified 6d06eac528f0e77e2c8f1e7a02ea38f6 6d06eac528f0e77e2c8f1e7a02ea38f6
corpus_118	transform1	modified 6d06eac528f0e77e2c8f1e7a02ea38f6 6d06eac528f0e77e2c8f1e7a02ea38f6
corpus_118	composed	generated P0.b0 6d06eac528f0e77e2c8f1e7a02ea38f6 region
corpus_118_alternate	digest	56 bb853b228e5806509e807d09fcf40a0f
corpus_118_alternate	construct	generated P0.b0 6d06eac528f0e77e2c8f1e7a02ea38f6 region
corpus_119	digest	260 26d611870f3a1d33f212a25a6c094027
corpus_119	construct	generated P0.b0,P1.b0 8ab268fc40fef7f9a6c6ba9f0059af2f region
corpus_119	transform0	modified 8ab268fc40fef7f9a6c6ba9f0059af2f 8ab268fc40fef7f9a6c6ba9f0059af2f
corpus_119	transform1	modified 8ab268fc40fef7f9a6c6ba9f0059af2f 8ab268fc40fef7f9a6c6ba9f0059af2f
corpus_119	composed	generated P0.b0,P1.b0 8ab268fc40fef7f9a6c6ba9f0059af2f region
corpus_119_alternate	digest	65 9c51494f43730c2f86e56afedd1eb23a
corpus_119_alternate	construct	generated P0.b0,P1.b0 8ab268fc40fef7f9a6c6ba9f0059af2f region
corpus_120	digest	272 992e8b3afab0cbb8f00f339324eb5287
corpus_120	construct	generated P0.b0 b4245a90ce313471513f750acbd8351c region
corpus_120	transform0	modified b4245a90ce313471513f750acbd8351c b4245a90ce313471513f750acbd8351c
corpus_120	transform1	modified b4245a90ce313471513f750acbd8351c b4245a90ce313471513f750acbd8351c
corpus_120	composed	generated P0.b0 b4245a90ce313471513f750acbd8351c region
corpus_120_alternate	digest	68 08661ff3428639b149f442ee6517baf9
corpus_120_alternate	construct	generated P0.b0 b4245a90ce313471513f750acbd8351c region
corpus_121	digest	308 4e24dc594e087792c555862d88e8421f
corpus_121	construct	generated P0.b0,P1.b0 5776e06df52a0235eab9c3161da29f1d region
corpus_121	transform0	modified 5776e06df52a0235eab9c3161da29f1d 5776e06df52a0235eab9c3161da29f1d
corpus_121	transform1	modified 5776e06df52a0235eab9c3161da29f1d 5776e06df52a0235eab9c3161da29f1d
corpus_121	composed	generated P0.b0,P1.b0 5776e06df52a0235eab9c3161da29f1d region
corpus_121_alternate	digest	77 1e04e9c37df021ee740024dfbe4c5556
corpus_121_alternate	construct	generated P0.b0,P1.b0 5776e06df52a0235eab9c3161da29f1d region
corpus_122	digest	320 a24204316a1ed21cf9c6d66b1ea0230b
corpus_122	construct	generated P0.b0 3199482800cafd98ea3b9a5cd3b2a79a region
corpus_122	transform0	modified 3199482800cafd98ea3b9a5cd3b2a79a 3199482800cafd98ea3b9a5cd3b2a79a
corpus_122	transform1	modified 3199482800cafd98ea3b9a5cd3b2a79a 3199482800cafd98ea3b9a5cd3b2a79a
corpus_122	composed	generated P0.b0 3199482800cafd98ea3b9a5cd3b2a79a region
corpus_122_alternate	digest	80 84880c7c815a985b4c95e54c1e54e5e3
corpus_122_alternate	construct	generated P0.b0 3199482800cafd98ea3b9a5cd3b2a79a region
corpus_123	digest	356 0027db96051e63ff37f39cd231881561
corpus_123	construct	generated P0.b0,P1.b0 7efc7b49d6102636a8508e5cd72d4813 region
corpus_123	transform0	modified 7efc7b49d6102636a8508e5cd72d4813 7efc7b49d6102636a8508e5cd72d4813
corpus_123	transform1	modified 7efc7b49d6102636a8508e5cd72d4813 7efc7b49d6102636a8508e5cd72d4813
corpus_123	composed	generated P0.b0,P1.b0 7efc7b49d6102636a8508e5cd72d4813 region
corpus_123_alternate	digest	89 ecb901170d6368ea845faf0b861a4efd
corpus_123_alternate	construct	generated P0.b0,P1.b0 7efc7b49d6102636a8508e5cd72d4813 region
corpus_124	digest	368 afe52c944a3e1de1b75a3746ea4c3fb1
corpus_124	construct	generated P0.b0 4b84e9e91dd2c240d0834379ed8edac0 region
corpus_124	transform0	modified 4b84e9e91dd2c240d0834379ed8edac0 4b84e9e91dd2c240d0834379ed8edac0
corpus_124	transform1	modified 4b84e9e91dd2c240d0834379ed8edac0 4b84e9e91dd2c240d0834379ed8edac0
corpus_124	composed	generated P0.b0 4b84e9e91dd2c240d0834379ed8edac0 region
corpus_124_alternate	digest	92 df4bc6b3c2b060d9055a84aa0763e1eb
corpus_124_alternate	construct	generated P0.b0 4b84e9e91dd2c240d0834379ed8edac0 region
corpus_125	digest	404 2719e855db3417b20d12bcfae6a3e607
corpus_125	construct	generated P0.b0,P1.b0 2d64732182287e7dd386f08fa332c3e1 region
corpus_125	transform0	modified 2d64732182287e7dd386f08fa332c3e1 2d64732182287e7dd386f08fa332c3e1
corpus_125	transform1	modified 2d64732182287e7dd386f08fa332c3e1 2d64732182287e7dd386f08fa332c3e1
corpus_125	composed	generated P0.b0,P1.b0 2d64732182287e7dd386f08fa332c3e1 region
corpus_125_alternate	digest	101 a996652033887e9a6caaf8dc8e7e91c6
corpus_125_alternate	construct	generated P0.b0,P1.b0 2d64732182287e7dd386f08fa332c3e1 region
corpus_126	digest	416 cab1acff23bc5e5f2a8b42d27f3e9b53
corpus_126	construct	generated P0.b0 56eb2f3aff29847acc6989865ef45c2e region
corpus_126	transform0	modified 56eb2f3aff29847acc6989865ef45c2e 56eb2f3aff29847acc6989865ef45c2e
corpus_126	transform1	modified 56eb2f3aff29847acc6989865ef45c2e 56eb2f3aff29847acc6989865ef45c2e
corpus_126	composed	generated P0.b0 56eb2f3aff29847acc6989865ef45c2e region
corpus_126_alternate	digest	104 860d20ca6c31c2a34783a55c3f342134
corpus_126_alternate	construct	generated P0.b0 56eb2f3aff29847acc6989865ef45c2e region
corpus_127	digest	452 0a7b9b43a83f61199bd3ca203f475efd
corpus_127	construct	generated P0.b0,P1.b0 ad122e088ca3ee38efe2e99fcd437207 region
corpus_127	transform0	modified ad122e088ca3ee38efe2e99fcd437207 ad122e088ca3ee38efe2e99fcd437207
corpus_127	transform1	modified ad122e088ca3ee38efe2e99fcd437207 ad122e088ca3ee38efe2e99fcd437207
corpus_127	composed	generated P0.b0,P1.b0 ad122e088ca3ee38efe2e99fcd437207 region
corpus_127_alternate	digest	113 f910758d9652792caa891989fff5be2c
corpus_127_alternate	construct	generated P0.b0,P1.b0 ad122e088ca3ee38efe2e99fcd437207 region
corpus_128	digest	464 295b39c400468d698d18860e9b71665d
corpus_128	construct	generated P0.b0 278a96166e83b7ecc972f596a04fdd94 region
corpus_128	transform0	modified 278a96166e83b7ecc972f596a04fdd94 278a96166e83b7ecc972f596a04fdd94
corpus_128	transform1	modified 278a96166e83b7ecc972f596a04fdd94 278a96166e83b7ecc972f596a04fdd94
corpus_128	composed	generated P0.b0 278a96166e83b7ecc972f596a04fdd94 region
corpus_128_alternate	digest	116 71860f32123767a10b8b1c3da359fb12
corpus_128_alternate	construct	generated P0.b0 278a96166e83b7ecc972f596a04fdd94 region
corpus_129	digest	500 f943aa35d6d43b9aa9285b3af5829bad
corpus_129	construct	generated P0.b0,P1.b0 4fd6591e8c0b0ae4102e91a8703d5d35 region
corpus_129	transform0	modified 4fd6591e8c0b0ae4102e91a8703d5d35 4fd6591e8c0b0ae4102e91a8703d5d35
corpus_129	transform1	modified 4fd6591e8c0b0ae4102e91a8703d5d35 4fd6591e8c0b0ae4102e91a8703d5d35
corpus_129	composed	generated P0.b0,P1.b0 4fd6591e8c0b0ae4102e91a8703d5d35 region
corpus_129_alternate	digest	125 28fc8f42e4c7f8d449b246bc468b324b
corpus_129_alternate	construct	generated P0.b0,P1.b0 4fd6591e8c0b0ae4102e91a8703d5d35 region
corpus_130	digest	200 d1f6c51edc97742dd24a582a209e7249
corpus_130	construct	generated P0.b0 a4ff83ada11d8114626f1ae8a82a5012 region
corpus_130	transform0	modified a4ff83ada11d8114626f1ae8a82a5012 a4ff83ada11d8114626f1ae8a82a5012
corpus_130	transform1	modified a4ff83ada11d8114626f1ae8a82a5012 a4ff83ada11d8114626f1ae8a82a5012
corpus_130	composed	generated P0.b0 a4ff83ada11d8114626f1ae8a82a5012 region
corpus_130_alternate	digest	50 12d7e30e228a701b42037f9b5a8e1f6f
corpus_130_alternate	construct	generated P0.b0 a4ff83ada11d8114626f1ae8a82a5012 region
corpus_131	digest	236 1ea95cd4cff24a04f6da415bd3adcb77
corpus_131	construct	generated P0.b0,P1.b0 3c1cef8251fe222439f1e7aee5fec8cb region
corpus_131	transform0	modified 3c1cef8251fe222439f1e7aee5fec8cb 3c1cef8251fe222439f1e7aee5fec8cb
corpus_131	transform1	modified 3c1cef8251fe222439f1e7aee5fec8cb 3c1cef8251fe222439f1e7aee5fec8cb
corpus_131	composed	generated P0.b0,P1.b0 3c1cef8251fe222439f1e7aee5fec8cb region
corpus_131_alternate	digest	59 f030cc293d1c783c36a4a3d332463404
corpus_131_alternate	construct	generated P0.b0,P1.b0 3c1cef8251fe222439f1e7aee5fec8cb region
corpus_132	digest	248 1d0433d1baccd11df620ea7a7f001a65
corpus_132	construct	generated P0.b0 beeb256ebe2545bc48b6c405c2068338 region
corpus_132	transform0	modified beeb256ebe2545bc48b6c405c2068338 beeb256ebe2545bc48b6c405c2068338
corpus_132	transform1	modified beeb256ebe2545bc48b6c405c2068338 beeb256ebe2545bc48b6c405c2068338
corpus_132	composed	generated P0.b0 beeb256ebe2545bc48b6c405c2068338 region
corpus_132_alternate	digest	62 a217891a0c49df68befc544f5658d38b
corpus_132_alternate	construct	generated P0.b0 beeb256ebe2545bc48b6c405c2068338 region
corpus_133	digest	284 dd0831f50fd6ccb736aae8b270085bbb
corpus_133	construct	generated P0.b0,P1.b0 ea84e759fe167a6b652849e1b2044499 region
corpus_133	transform0	modified ea84e759fe167a6b652849e1b2044499 ea84e759fe167a6b652849e1b2044499
corpus_133	transform1	modified ea84e759fe167a6b652849e1b2044499 ea84e759fe167a6b652849e1b2044499
corpus_133	composed	generated P0.b0,P1.b0 ea84e759fe167a6b652849e1b2044499 region
corpus_133_alternate	digest	71 370e3d64d9dcb49dd8aa6776176b4b9c
corpus_133_alternate	construct	generated P0.b0,P1.b0 ea84e759fe167a6b652849e1b2044499 region
corpus_134	digest	296 e85687e86b87cc392094d570c3b877cf
corpus_134	construct	generated P0.b0 45e57179515d7a9f0a4c4e5a68981506 region
corpus_134	transform0	modified 45e57179515d7a9f0a4c4e5a68981506 45e57179515d7a9f0a4c4e5a68981506
corpus_134	transform1	modified 45e57179515d7a9f0a4c4e5a68981506 45e57179515d7a9f0a4c4e5a68981506
corpus_134	composed	generated P0.b0 45e57179515d7a9f0a4c4e5a68981506 region
corpus_134_alternate	digest	74 4ca45069f8f87a711854c07b6f49a0fe
corpus_134_alternate	construct	generated P0.b0 45e57179515d7a9f0a4c4e5a68981506 region
corpus_135	digest	332 d51ced561bea3d3dfee6b36032faa7d7
corpus_135	construct	generated P0.b0,P1.b0 6a32a2410891ea26818442f1dc14f2bf region
corpus_135	transform0	modified 6a32a2410891ea26818442f1dc14f2bf 6a32a2410891ea26818442f1dc14f2bf
corpus_135	transform1	modified 6a32a2410891ea26818442f1dc14f2bf 6a32a2410891ea26818442f1dc14f2bf
corpus_135	composed	generated P0.b0,P1.b0 6a32a2410891ea26818442f1dc14f2bf region
corpus_135_alternate	digest	83 dc70084f2c7aea76ab12e7f9a74df029
corpus_135_alternate	construct	generated P0.b0,P1.b0 6a32a2410891ea26818442f1dc14f2bf region
corpus_136	digest	344 33a978e445183ef9ebc955adca6b509f
corpus_136	construct	generated P0.b0 1684d854c0b7ae110755ba6aa9f3966c region
corpus_136	transform0	modified 1684d854c0b7ae110755ba6aa9f3966c 1684d854c0b7ae110755ba6aa9f3966c
corpus_136	transform1	modified 1684d854c0b7ae110755ba6aa9f3966c 1684d854c0b7ae110755ba6aa9f3966c
corpus_136	composed	generated P0.b0 1684d854c0b7ae110755ba6aa9f3966c region
corpus_136_alternate	digest	86 271076a367306959c69771af7470e7f1
corpus_136_alternate	construct	generated P0.b0 1684d854c0b7ae110755ba6aa9f3966c region
corpus_137	digest	380 c7f3698ee930dcdf4ca0b9f010cb40bd
corpus_137	construct	generated P0.b0,P1.b0 0cf6cd5707f906d1a1cfeafa7f0edded region
corpus_137	transform0	modified 0cf6cd5707f906d1a1cfeafa7f0edded 0cf6cd5707f906d1a1cfeafa7f0edded
corpus_137	transform1	modified 0cf6cd5707f906d1a1cfeafa7f0edded 0cf6cd5707f906d1a1cfeafa7f0edded
corpus_137	composed	generated P0.b0,P1.b0 0cf6cd5707f906d1a1cfeafa7f0edded region
corpus_137_alternate	digest	95 e70717f3283f32504bd43cbe02ba78eb
corpus_137_alternate	construct	generated P0.b0,P1.b0 0cf6cd5707f906d1a1cfeafa7f0edded region
corpus_138	digest	392 0e59a68f4c0e605bd5ed04f6815cd683
corpus_138	construct	generated P0.b0 93f9c5ebf3517738a051dfbcb1ce08ea region
corpus_138	transform0	modified 93f9c5ebf3517738a051dfbcb1ce08ea 93f9c5ebf3517738a051dfbcb1ce08ea
corpus_138	transform1	modified 93f9c5ebf3517738a051dfbcb1ce08ea 93f9c5ebf3517738a051dfbcb1ce08ea
corpus_138	composed	generated P0.b0 93f9c5ebf3517738a051dfbcb1ce08ea region
corpus_138_alternate	digest	98 fa4f2a17b35a0139c7f3a0e708852772
corpus_138_alternate	construct	generated P0.b0 93f9c5ebf3517738a051dfbcb1ce08ea region
corpus_139	digest	428 8f6fca7874bf7d77e20ec7908bee1661
corpus_139	construct	generated P0.b0,P1.b0 347c6832e8df2ad25f66b641389986e3 region
corpus_139	transform0	modified 347c6832e8df2ad25f66b641389986e3 347c6832e8df2ad25f66b641389986e3
corpus_139	transform1	modified 347c6832e8df2ad25f66b641389986e3 347c6832e8df2ad25f66b641389986e3
corpus_139	composed	generated P0.b0,P1.b0 347c6832e8df2ad25f66b641389986e3 region
corpus_139_alternate	digest	107 63976ec7e9d607c26cceafe19b4414ec
corpus_139_alternate	construct	generated P0.b0,P1.b0 347c6832e8df2ad25f66b641389986e3 region
corpus_140	digest	440 a30fd7bcdfe2989b224f3ff87ab051eb
corpus_140	construct	generated P0.b0 ade567ad10593be0869988d9cbaa3c10 region
corpus_140	transform0	modified ade567ad10593be0869988d9cbaa3c10 ade567ad10593be0869988d9cbaa3c10
corpus_140	transform1	modified ade567ad10593be0869988d9cbaa3c10 ade567ad10593be0869988d9cbaa3c10
corpus_140	composed	generated P0.b0 ade567ad10593be0869988d9cbaa3c10 region
corpus_140_alternate	digest	110 7cdfa8ac3eeec38d7dc5d2070e68ee59
corpus_140_alternate	construct	generated P0.b0 ade567ad10593be0869988d9cbaa3c10 region
corpus_141	digest	476 1eec3e24cd2782780b8944f81494c1fb
corpus_141	construct	generated P0.b0,P1.b0 e2e4600a94f783198a9d1874049f02b1 region
corpus_141	transform0	modified e2e4600a94f783198a9d1874049f02b1 e2e4600a94f783198a9d1874049f02b1
corpus_141	transform1	modified e2e4600a94f783198a9d1874049f02b1 e2e4600a94f783198a9d1874049f02b1
corpus_141	composed	generated P0.b0,P1.b0 e2e4600a94f783198a9d1874049f02b1 region
corpus_141_alternate	digest	119 0ea4a39a67d30d46e884e3eb7f81b660
corpus_141_alternate	construct	generated P0.b0,P1.b0 e2e4600a94f783198a9d1874049f02b1 region
corpus_142	digest	488 fb20bae9fdd1aa07fd25cc1e9f2b3521
corpus_142	construct	generated P0.b0 b94bacfef1affe1a827fcee63d0fbd7e region
corpus_142	transform0	modified b94bacfef1affe1a827fcee63d0fbd7e b94bacfef1affe1a827fcee63d0fbd7e
corpus_142	transform1	modified b94bacfef1affe1a827fcee63d0fbd7e b94bacfef1affe1a827fcee63d0fbd7e
corpus_142	composed	generated P0.b0 b94bacfef1affe1a827fcee63d0fbd7e region
corpus_142_alternate	digest	122 899d385509fe0bd698c0bfd061247aa3
corpus_142_alternate	construct	generated P0.b0 b94bacfef1affe1a827fcee63d0fbd7e region
corpus_143	digest	212 70a46fe6637b5ba6c89e57142312c855
corpus_143	construct	generated P0.b0,P1.b0 62921af19f72f2d4a6f911842eafb0d7 region
corpus_143	transform0	modified 62921af19f72f2d4a6f911842eafb0d7 62921af19f72f2d4a6f911842eafb0d7
corpus_143	transform1	modified 62921af19f72f2d4a6f911842eafb0d7 62921af19f72f2d4a6f911842eafb0d7
corpus_143	composed	generated P0.b0,P1.b0 62921af19f72f2d4a6f911842eafb0d7 region
corpus_143_alternate	digest	53 07afbb257059fdbde634b6600d8c2b76
corpus_143_alternate	construct	generated P0.b0,P1.b0 62921af19f72f2d4a6f911842eafb0d7 region
corpus_144	digest	224 30084c12265d4d04d677e293c32dc1c9
corpus_144	construct	generated P0.b0 89eb13da610a318c7f893af67e6b3ee4 region
corpus_144	transform0	modified 89eb13da610a318c7f893af67e6b3ee4 89eb13da610a318c7f893af67e6b3ee4
corpus_144	transform1	modified 89eb13da610a318c7f893af67e6b3ee4 89eb13da610a318c7f893af67e6b3ee4
corpus_144	composed	generated P0.b0 89eb13da610a318c7f893af67e6b3ee4 region
corpus_144_alternate	digest	56 eee75edb2bbe9f9cae28fd4cf0841a3a
corpus_144_alternate	construct	generated P0.b0 89eb13da610a318c7f893af67e6b3ee4 region
corpus_145	digest	260 8af2afe2a74e901a7f7985cea8ce4025
corpus_145	construct	generated P0.b0,P1.b0 055646079eda0f7fc744b98cd1a99c05 region
corpus_145	transform0	modified 055646079eda0f7fc744b98cd1a99c05 055646079eda0f7fc744b98cd1a99c05
corpus_145	transform1	modified 055646079eda0f7fc744b98cd1a99c05 055646079eda0f7fc744b98cd1a99c05
corpus_145	composed	generated P0.b0,P1.b0 055646079eda0f7fc744b98cd1a99c05 region
corpus_145_alternate	digest	65 60781833bcd9fc5570b698bf25f84ded
corpus_145_alternate	construct	generated P0.b0,P1.b0 055646079eda0f7fc744b98cd1a99c05 region
corpus_146	digest	272 2837e362fd7e96a8983218c529ec9bf5
corpus_146	construct	generated P0.b0 0760017193a3fab4188560488645b162 region
corpus_146	transform0	modified 0760017193a3fab4188560488645b162 0760017193a3fab4188560488645b162
corpus_146	transform1	modified 0760017193a3fab4188560488645b162 0760017193a3fab4188560488645b162
corpus_146	composed	generated P0.b0 0760017193a3fab4188560488645b162 region
corpus_146_alternate	digest	68 54d1bfec19212ce48a5cf8cec0c7acbc
corpus_146_alternate	construct	generated P0.b0 0760017193a3fab4188560488645b162 region
corpus_147	digest	308 45dabf0175debd771991c01905b9a9fd
corpus_147	construct	generated P0.b0,P1.b0 f19cdc6b64cd26bff1080f93476b079b region
corpus_147	transform0	modified f19cdc6b64cd26bff1080f93476b079b f19cdc6b64cd26bff1080f93476b079b
corpus_147	transform1	modified f19cdc6b64cd26bff1080f93476b079b f19cdc6b64cd26bff1080f93476b079b
corpus_147	composed	generated P0.b0,P1.b0 f19cdc6b64cd26bff1080f93476b079b region
corpus_147_alternate	digest	77 76ff8541020d9f409ffdce78ed762ca1
corpus_147_alternate	construct	generated P0.b0,P1.b0 f19cdc6b64cd26bff1080f93476b079b region
corpus_148	digest	320 5e3343a5cd72d21487587a6ca1244653
corpus_148	construct	generated P0.b0 214ba332b0abbf5bfecd0965a021e488 region
corpus_148	transform0	modified 214ba332b0abbf5bfecd0965a021e488 214ba332b0abbf5bfecd0965a021e488
corpus_148	transform1	modified 214ba332b0abbf5bfecd0965a021e488 214ba332b0abbf5bfecd0965a021e488
corpus_148	composed	generated P0.b0 214ba332b0abbf5bfecd0965a021e488 region
corpus_148_alternate	digest	80 a18fca35070cc22ed9b1697b3ec3dcd3
corpus_148_alternate	construct	generated P0.b0 214ba332b0abbf5bfecd0965a021e488 region
corpus_149	digest	356 5fc20523e9a747133513e1e051607fcb
corpus_149	construct	generated P0.b0,P1.b0 a004d44310e57f071c3e71c613708369 region
corpus_149	transform0	modified a004d44310e57f071c3e71c613708369 a004d44310e57f071c3e71c613708369
corpus_149	transform1	modified a004d44310e57f071c3e71c613708369 a004d44310e57f071c3e71c613708369
corpus_149	composed	generated P0.b0,P1.b0 a004d44310e57f071c3e71c613708369 region
corpus_149_alternate	digest	89 3bef9bed91cc2a1ad5ddb01d9383b173
corpus_149_alternate	construct	generated P0.b0,P1.b0 a004d44310e57f071c3e71c613708369 region
corpus_150	digest	368 fd3a413b43c28a78c93c35c8014052d3
corpus_150	construct	generated P0.b0 a845ef3d43e3f43ec06293ba46b37656 region
corpus_150	transform0	modified a845ef3d43e3f43ec06293ba46b37656 a845ef3d43e3f43ec06293ba46b37656
corpus_150	transform1	modified a845ef3d43e3f43ec06293ba46b37656 a845ef3d43e3f43ec06293ba46b37656
corpus_150	composed	generated P0.b0 a845ef3d43e3f43ec06293ba46b37656 region
corpus_150_alternate	digest	92 c90675f0c45f5d55a4b07d4e266b4f85
corpus_150_alternate	construct	generated P0.b0 a845ef3d43e3f43ec06293ba46b37656 region
corpus_151	digest	404 73a7768cfc059f01e6ff6a9db05cab9d
corpus_151	construct	generated P0.b0,P1.b0 1fb28f2a1b60eec2389a6ad63d81318f region
corpus_151	transform0	modified 1fb28f2a1b60eec2389a6ad63d81318f 1fb28f2a1b60eec2389a6ad63d81318f
corpus_151	transform1	modified 1fb28f2a1b60eec2389a6ad63d81318f 1fb28f2a1b60eec2389a6ad63d81318f
corpus_151	composed	generated P0.b0,P1.b0 1fb28f2a1b60eec2389a6ad63d81318f region
corpus_151_alternate	digest	101 4b849f850c2d7cb3ed713532995ca3ce
corpus_151_alternate	construct	generated P0.b0,P1.b0 1fb28f2a1b60eec2389a6ad63d81318f region
corpus_152	digest	416 b457e76b17a9e998de34cc3084bd006b
corpus_152	construct	generated P0.b0 02674d287d580e2f95c5154a007c7cfc region
corpus_152	transform0	modified 02674d287d580e2f95c5154a007c7cfc 02674d287d580e2f95c5154a007c7cfc
corpus_152	transform1	modified 02674d287d580e2f95c5154a007c7cfc 02674d287d580e2f95c5154a007c7cfc
corpus_152	composed	generated P0.b0 02674d287d580e2f95c5154a007c7cfc region
corpus_152_alternate	digest	104 8b45c39935cadc04ca017bedcd19069a
corpus_152_alternate	construct	generated P0.b0 02674d287d580e2f95c5154a007c7cfc region
corpus_153	digest	452 376dbac73f32eafd941eb910540dca3b
corpus_153	construct	generated P0.b0,P1.b0 98766de466041ddc353eb270662c17fd region
corpus_153	transform0	modified 98766de466041ddc353eb270662c17fd 98766de466041ddc353eb270662c17fd
corpus_153	transform1	modified 98766de466041ddc353eb270662c17fd 98766de466041ddc353eb270662c17fd
corpus_153	composed	generated P0.b0,P1.b0 98766de466041ddc353eb270662c17fd region
corpus_153_alternate	digest	113 1b7877c45cc6328e22ff321d9c628fe8
corpus_153_alternate	construct	generated P0.b0,P1.b0 98766de466041ddc353eb270662c17fd region
corpus_154	digest	464 4100b9d16b3ed824d61d177f8d5ea8cd
corpus_154	construct	generated P0.b0 7fdc3abfaff1d7572ec13a9c0856ef7a region
corpus_154	transform0	modified 7fdc3abfaff1d7572ec13a9c0856ef7a 7fdc3abfaff1d7572ec13a9c0856ef7a
corpus_154	transform1	modified 7fdc3abfaff1d7572ec13a9c0856ef7a 7fdc3abfaff1d7572ec13a9c0856ef7a
corpus_154	composed	generated P0.b0 7fdc3abfaff1d7572ec13a9c0856ef7a region
corpus_154_alternate	digest	116 2905ea40e215e844801abec0e0f13faa
corpus_154_alternate	construct	generated P0.b0 7fdc3abfaff1d7572ec13a9c0856ef7a region
corpus_155	digest	500 2f325591f91e732d4bd8d24e853dd829
corpus_155	construct	generated P0.b0,P1.b0 bffc08c046ea41dcf2d57db71fb6c0f3 region
corpus_155	transform0	modified bffc08c046ea41dcf2d57db71fb6c0f3 bffc08c046ea41dcf2d57db71fb6c0f3
corpus_155	transform1	modified bffc08c046ea41dcf2d57db71fb6c0f3 bffc08c046ea41dcf2d57db71fb6c0f3
corpus_155	composed	generated P0.b0,P1.b0 bffc08c046ea41dcf2d57db71fb6c0f3 region
corpus_155_alternate	digest	125 68e3caf1e07cff196ecdab1467d34bde
corpus_155_alternate	construct	generated P0.b0,P1.b0 bffc08c046ea41dcf2d57db71fb6c0f3 region
corpus_156	digest	200 9c02276a06dc8de6145f06d415e71461
corpus_156	construct	generated P0.b0 99c7dc80ccf99bff1508e3b9223322a0 region
corpus_156	transform0	modified 99c7dc80ccf99bff1508e3b9223322a0 99c7dc80ccf99bff1508e3b9223322a0
corpus_156	transform1	modified 99c7dc80ccf99bff1508e3b9223322a0 99c7dc80ccf99bff1508e3b9223322a0
corpus_156	composed	generated P0.b0 99c7dc80ccf99bff1508e3b9223322a0 region
corpus_156_alternate	digest	50 92f803bbb4480625cab5aa20f73b91b5
corpus_156_alternate	construct	generated P0.b0 99c7dc80ccf99bff1508e3b9223322a0 region
corpus_157	digest	236 7f86f9b27fa1864ea28f40d32a8e7a6f
corpus_157	construct	generated P0.b0,P1.b0 6e640097f3029a241e0bdfe9ebbc3cc1 region
corpus_157	transform0	modified 6e640097f3029a241e0bdfe9ebbc3cc1 6e640097f3029a241e0bdfe9ebbc3cc1
corpus_157	transform1	modified 6e640097f3029a241e0bdfe9ebbc3cc1 6e640097f3029a241e0bdfe9ebbc3cc1
corpus_157	composed	generated P0.b0,P1.b0 6e640097f3029a241e0bdfe9ebbc3cc1 region
corpus_157_alternate	digest	59 37fc50933c6c6e4e0cfe5bba52649d98
corpus_157_alternate	construct	generated P0.b0,P1.b0 6e640097f3029a241e0bdfe9ebbc3cc1 region
corpus_158	digest	248 debc6570a736da43fa0dd04c0cb68507
corpus_158	construct	generated P0.b0 a52e21d2ae505e3910ef29c59398a40e region
corpus_158	transform0	modified a52e21d2ae505e3910ef29c59398a40e a52e21d2ae505e3910ef29c59398a40e
corpus_158	transform1	modified a52e21d2ae505e3910ef29c59398a40e a52e21d2ae505e3910ef29c59398a40e
corpus_158	composed	generated P0.b0 a52e21d2ae505e3910ef29c59398a40e region
corpus_158_alternate	digest	62 8d8ec6d2a764729d60ad86e859bd24cd
corpus_158_alternate	construct	generated P0.b0 a52e21d2ae505e3910ef29c59398a40e region
corpus_159	digest	284 01a94e511eb01578a0745c3d3d6f762d
corpus_159	construct	generated P0.b0,P1.b0 ee11bb7efd7e09df3a67d8fa15cceae7 region
corpus_159	transform0	modified ee11bb7efd7e09df3a67d8fa15cceae7 ee11bb7efd7e09df3a67d8fa15cceae7
corpus_159	transform1	modified ee11bb7efd7e09df3a67d8fa15cceae7 ee11bb7efd7e09df3a67d8fa15cceae7
corpus_159	composed	generated P0.b0,P1.b0 ee11bb7efd7e09df3a67d8fa15cceae7 region
corpus_159_alternate	digest	71 648ce5d2dc79c096c7e2c30ae2959351
corpus_159_alternate	construct	generated P0.b0,P1.b0 ee11bb7efd7e09df3a67d8fa15cceae7 region
corpus_160	digest	296 5414aad2dc375552cad7cd81ecd0c6bf
corpus_160	construct	generated P0.b0 75cd88ae1daa91ab0df895d5d4f42574 region
corpus_160	transform0	modified 75cd88ae1daa91ab0df895d5d4f42574 75cd88ae1daa91ab0df895d5d4f42574
corpus_160	transform1	modified 75cd88ae1daa91ab0df895d5d4f42574 75cd88ae1daa91ab0df895d5d4f42574
corpus_160	composed	generated P0.b0 75cd88ae1daa91ab0df895d5d4f42574 region
corpus_160_alternate	digest	74 f79639208a740a13d9c69045a7cb429e
corpus_160_alternate	construct	generated P0.b0 75cd88ae1daa91ab0df895d5d4f42574 region
corpus_161	digest	332 e2874dc0c657ad14b965b1501e4e3a4f
corpus_161	construct	generated P0.b0,P1.b0 90d5e694fce5268a5ab38102b8c6d615 region
corpus_161	transform0	modified 90d5e694fce5268a5ab38102b8c6d615 90d5e694fce5268a5ab38102b8c6d615
corpus_161	transform1	modified 90d5e694fce5268a5ab38102b8c6d615 90d5e694fce5268a5ab38102b8c6d615
corpus_161	composed	generated P0.b0,P1.b0 90d5e694fce5268a5ab38102b8c6d615 region
corpus_161_alternate	digest	83 36b1fbb492e360aeac8cbb4b40ca5dd8
corpus_161_alternate	construct	generated P0.b0,P1.b0 90d5e694fce5268a5ab38102b8c6d615 region
corpus_162	digest	344 144c4a4eba3af8316f8b1db46669fa81
corpus_162	construct	generated P0.b0 f342764550445ad2a6f4bb27dcce97f2 region
corpus_162	transform0	modified f342764550445ad2a6f4bb27dcce97f2 f342764550445ad2a6f4bb27dcce97f2
corpus_162	transform1	modified f342764550445ad2a6f4bb27dcce97f2 f342764550445ad2a6f4bb27dcce97f2
corpus_162	composed	generated P0.b0 f342764550445ad2a6f4bb27dcce97f2 region
corpus_162_alternate	digest	86 736bcf117e43167a3daec5779470f6d5
corpus_162_alternate	construct	generated P0.b0 f342764550445ad2a6f4bb27dcce97f2 region
corpus_163	digest	380 418113b4dee47970d40b3dd8a396748f
corpus_163	construct	generated P0.b0,P1.b0 7d1c7cf8c2d83dca8476d7092e8841ab region
corpus_163	transform0	modified 7d1c7cf8c2d83dca8476d7092e8841ab 7d1c7cf8c2d83dca8476d7092e8841ab
corpus_163	transform1	modified 7d1c7cf8c2d83dca8476d7092e8841ab 7d1c7cf8c2d83dca8476d7092e8841ab
corpus_163	composed	generated P0.b0,P1.b0 7d1c7cf8c2d83dca8476d7092e8841ab region
corpus_163_alternate	digest	95 45819cc1c2be368c40e4ea294a14aedd
corpus_163_alternate	construct	generated P0.b0,P1.b0 7d1c7cf8c2d83dca8476d7092e8841ab region
corpus_164	digest	392 2b84b1e41374d9a10ff866b4cef42b69
corpus_164	construct	generated P0.b0 0d2e18066d4c1f7a8d3c6444f6aacb18 region
corpus_164	transform0	modified 0d2e18066d4c1f7a8d3c6444f6aacb18 0d2e18066d4c1f7a8d3c6444f6aacb18
corpus_164	transform1	modified 0d2e18066d4c1f7a8d3c6444f6aacb18 0d2e18066d4c1f7a8d3c6444f6aacb18
corpus_164	composed	generated P0.b0 0d2e18066d4c1f7a8d3c6444f6aacb18 region
corpus_164_alternate	digest	98 0fd5ba564db9d363316b62caab4339d9
corpus_164_alternate	construct	generated P0.b0 0d2e18066d4c1f7a8d3c6444f6aacb18 region
corpus_165	digest	428 27c8073089eaa79587735c77ef917363
corpus_165	construct	generated P0.b0,P1.b0 2b8474d06ef09611afad393bfa8dbd79 region
corpus_165	transform0	modified 2b8474d06ef09611afad393bfa8dbd79 2b8474d06ef09611afad393bfa8dbd79
corpus_165	transform1	modified 2b8474d06ef09611afad393bfa8dbd79 2b8474d06ef09611afad393bfa8dbd79
corpus_165	composed	generated P0.b0,P1.b0 2b8474d06ef09611afad393bfa8dbd79 region
corpus_165_alternate	digest	107 f4476670713355a9e2b8e76bb5a49f1d
corpus_165_alternate	construct	generated P0.b0,P1.b0 2b8474d06ef09611afad393bfa8dbd79 region
corpus_166	digest	440 a31082c7ddbb7ad87da1f00916903e9d
corpus_166	construct	generated P0.b0 942864110084545d4ed1ee999d3c5ce6 region
corpus_166	transform0	modified 942864110084545d4ed1ee999d3c5ce6 942864110084545d4ed1ee999d3c5ce6
corpus_166	transform1	modified 942864110084545d4ed1ee999d3c5ce6 942864110084545d4ed1ee999d3c5ce6
corpus_166	composed	generated P0.b0 942864110084545d4ed1ee999d3c5ce6 region
corpus_166_alternate	digest	110 b8b7c737ec1b32ef034a524e420fb930
corpus_166_alternate	construct	generated P0.b0 942864110084545d4ed1ee999d3c5ce6 region
corpus_167	digest	476 cc4cf5c2bc2aa85827636bc71093cca3
corpus_167	construct	generated P0.b0,P1.b0 ab322fb7796c05cccc09324c249e6b9f region
corpus_167	transform0	modified ab322fb7796c05cccc09324c249e6b9f ab322fb7796c05cccc09324c249e6b9f
corpus_167	transform1	modified ab322fb7796c05cccc09324c249e6b9f ab322fb7796c05cccc09324c249e6b9f
corpus_167	composed	generated P0.b0,P1.b0 ab322fb7796c05cccc09324c249e6b9f region
corpus_167_alternate	digest	119 2445f7090941a2991562d4d6b8b79426
corpus_167_alternate	construct	generated P0.b0,P1.b0 ab322fb7796c05cccc09324c249e6b9f region
corpus_168	digest	488 a7ea0491ff47a1aeae25be21e0d7cf8f
corpus_168	construct	generated P0.b0 64c7caec6fde87cf4bdb5aa9de97de4c region
corpus_168	transform0	modified 64c7caec6fde87cf4bdb5aa9de97de4c 64c7caec6fde87cf4bdb5aa9de97de4c
corpus_168	transform1	modified 64c7caec6fde87cf4bdb5aa9de97de4c 64c7caec6fde87cf4bdb5aa9de97de4c
corpus_168	composed	generated P0.b0 64c7caec6fde87cf4bdb5aa9de97de4c region
corpus_168_alternate	digest	122 4609081548ffb58cca55000294f65660
corpus_168_alternate	construct	generated P0.b0 64c7caec6fde87cf4bdb5aa9de97de4c region
corpus_169	digest	212 2b5dbe62340108998c9b87cb733fbd75
corpus_169	construct	generated P0.b0,P1.b0 4df65acd78d32277ec54da54c79856cd region
corpus_169	transform0	modified 4df65acd78d32277ec54da54c79856cd 4df65acd78d32277ec54da54c79856cd
corpus_169	transform1	modified 4df65acd78d32277ec54da54c79856cd 4df65acd78d32277ec54da54c79856cd
corpus_169	composed	generated P0.b0,P1.b0 4df65acd78d32277ec54da54c79856cd region
corpus_169_alternate	digest	53 8e338c4bd056fbcdb63550fe806fc722
corpus_169_alternate	construct	generated P0.b0,P1.b0 4df65acd78d32277ec54da54c79856cd region
corpus_170	digest	224 70f3350cbfa8b2dea6cc07a8ccefb7ab
corpus_170	construct	generated P0.b0 e23cb883a27850f6e4d77ffbe67250ca region
corpus_170	transform0	modified e23cb883a27850f6e4d77ffbe67250ca e23cb883a27850f6e4d77ffbe67250ca
corpus_170	transform1	modified e23cb883a27850f6e4d77ffbe67250ca e23cb883a27850f6e4d77ffbe67250ca
corpus_170	composed	generated P0.b0 e23cb883a27850f6e4d77ffbe67250ca region
corpus_170_alternate	digest	56 c275c37aa9727e6d9c60ded05559cb72
corpus_170_alternate	construct	generated P0.b0 e23cb883a27850f6e4d77ffbe67250ca region
corpus_171	digest	260 0d31b36a3a5969d95bc919cb60c3021f
corpus_171	construct	generated P0.b0,P1.b0 757bf5a959b94678a9eba59b8122ffc3 region
corpus_171	transform0	modified 757bf5a959b94678a9eba59b8122ffc3 757bf5a959b94678a9eba59b8122ffc3
corpus_171	transform1	modified 757bf5a959b94678a9eba59b8122ffc3 757bf5a959b94678a9eba59b8122ffc3
corpus_171	composed	generated P0.b0,P1.b0 757bf5a959b94678a9eba59b8122ffc3 region
corpus_171_alternate	digest	65 0eeb72399b573347ca9ea8976521480a
corpus_171_alternate	construct	generated P0.b0,P1.b0 757bf5a959b94678a9eba59b8122ffc3 region
corpus_172	digest	272 c767ce0bcafb83d2c6ca7cbfabe0b583
corpus_172	construct	generated P0.b0 fc285a44bf80159ecb1f2919004e83f0 region
corpus_172	transform0	modified fc285a44bf80159ecb1f2919004e83f0 fc285a44bf80159ecb1f2919004e83f0
corpus_172	transform1	modified fc285a44bf80159ecb1f2919004e83f0 fc285a44bf80159ecb1f2919004e83f0
corpus_172	composed	generated P0.b0 fc285a44bf80159ecb1f2919004e83f0 region
corpus_172_alternate	digest	68 fb6a2a05e93707c7c3c7b451ce3b758d
corpus_172_alternate	construct	generated P0.b0 fc285a44bf80159ecb1f2919004e83f0 region
corpus_173	digest	308 b94dd1019c0e93df7438bb57946edd07
corpus_173	construct	generated P0.b0,P1.b0 23e3ed8105d19ebfd52207ce4d287b91 region
corpus_173	transform0	modified 23e3ed8105d19ebfd52207ce4d287b91 23e3ed8105d19ebfd52207ce4d287b91
corpus_173	transform1	modified 23e3ed8105d19ebfd52207ce4d287b91 23e3ed8105d19ebfd52207ce4d287b91
corpus_173	composed	generated P0.b0,P1.b0 23e3ed8105d19ebfd52207ce4d287b91 region
corpus_173_alternate	digest	77 d5e1ad39a29a95cf79d3194248654666
corpus_173_alternate	construct	generated P0.b0,P1.b0 23e3ed8105d19ebfd52207ce4d287b91 region
corpus_174	digest	320 a0264a316c358c49ece6415b514639df
corpus_174	construct	generated P0.b0 078e9f96a0d6d7d8c7056f2571b4055e region
corpus_174	transform0	modified 078e9f96a0d6d7d8c7056f2571b4055e 078e9f96a0d6d7d8c7056f2571b4055e
corpus_174	transform1	modified 078e9f96a0d6d7d8c7056f2571b4055e 078e9f96a0d6d7d8c7056f2571b4055e
corpus_174	composed	generated P0.b0 078e9f96a0d6d7d8c7056f2571b4055e region
corpus_174_alternate	digest	80 4fb3314e73cd026be3cde027d3367b89
corpus_174_alternate	construct	generated P0.b0 078e9f96a0d6d7d8c7056f2571b4055e region
corpus_175	digest	356 dc7ef94598b8603c725bfa76fa0b1963
corpus_175	construct	generated P0.b0,P1.b0 a391a868104d0e7af17e00de773929b7 region
corpus_175	transform0	modified a391a868104d0e7af17e00de773929b7 a391a868104d0e7af17e00de773929b7
corpus_175	transform1	modified a391a868104d0e7af17e00de773929b7 a391a868104d0e7af17e00de773929b7
corpus_175	composed	generated P0.b0,P1.b0 a391a868104d0e7af17e00de773929b7 region
corpus_175_alternate	digest	89 3a34b7fd3d75eb6ae1d202d8aaec11ee
corpus_175_alternate	construct	generated P0.b0,P1.b0 a391a868104d0e7af17e00de773929b7 region
corpus_176	digest	368 e47b3baaf3f1667803490ae4d3b79fb9
corpus_176	construct	generated P0.b0 d82e067210310b4ac40edb35b30f86c4 region
corpus_176	transform0	modified d82e067210310b4ac40edb35b30f86c4 d82e067210310b4ac40edb35b30f86c4
corpus_176	transform1	modified d82e067210310b4ac40edb35b30f86c4 d82e067210310b4ac40edb35b30f86c4
corpus_176	composed	generated P0.b0 d82e067210310b4ac40edb35b30f86c4 region
corpus_176_alternate	digest	92 3839aa5ad1fd641d5fc5a1a142821ccf
corpus_176_alternate	construct	generated P0.b0 d82e067210310b4ac40edb35b30f86c4 region
corpus_177	digest	404 76c9896f84bc41ebfdeea9858ea9a9b7
corpus_177	construct	generated P0.b0,P1.b0 4655d37e0fb42b2611c9a8e71a3314e5 region
corpus_177	transform0	modified 4655d37e0fb42b2611c9a8e71a3314e5 4655d37e0fb42b2611c9a8e71a3314e5
corpus_177	transform1	modified 4655d37e0fb42b2611c9a8e71a3314e5 4655d37e0fb42b2611c9a8e71a3314e5
corpus_177	composed	generated P0.b0,P1.b0 4655d37e0fb42b2611c9a8e71a3314e5 region
corpus_177_alternate	digest	101 bb116e8bcd0e4c819e08f04bec4b91cd
corpus_177_alternate	construct	generated P0.b0,P1.b0 4655d37e0fb42b2611c9a8e71a3314e5 region
corpus_178	digest	416 2d6da4cf86d1078d9c2606c3e7e662d3
corpus_178	construct	generated P0.b0 55a2f40942cad4725d0b0087bae9f942 region
corpus_178	transform0	modified 55a2f40942cad4725d0b0087bae9f942 55a2f40942cad4725d0b0087bae9f942
corpus_178	transform1	modified 55a2f40942cad4725d0b0087bae9f942 55a2f40942cad4725d0b0087bae9f942
corpus_178	composed	generated P0.b0 55a2f40942cad4725d0b0087bae9f942 region
corpus_178_alternate	digest	104 a2276667b670a2fe8fcb2c850905e564
corpus_178_alternate	construct	generated P0.b0 55a2f40942cad4725d0b0087bae9f942 region
corpus_179	digest	452 57a3eb14c5fe6b0cefb57f08b1bb720f
corpus_179	construct	generated P0.b0,P1.b0 329c69e1d5a742663b8cfeed8ff4807b region
corpus_179	transform0	modified 329c69e1d5a742663b8cfeed8ff4807b 329c69e1d5a742663b8cfeed8ff4807b
corpus_179	transform1	modified 329c69e1d5a742663b8cfeed8ff4807b 329c69e1d5a742663b8cfeed8ff4807b
corpus_179	composed	generated P0.b0,P1.b0 329c69e1d5a742663b8cfeed8ff4807b region
corpus_179_alternate	digest	113 ffb2ce67bc5bff6508545b5891a54ed0
corpus_179_alternate	construct	generated P0.b0,P1.b0 329c69e1d5a742663b8cfeed8ff4807b region
corpus_180	digest	464 0d8ae19b7288ed1a35eb7647c5a0a491
corpus_180	construct	generated P0.b0 6f8e95ca5fd2991a4352a9a4d4c62c68 region
corpus_180	transform0	modified 6f8e95ca5fd2991a4352a9a4d4c62c68 6f8e95ca5fd2991a4352a9a4d4c62c68
corpus_180	transform1	modified 6f8e95ca5fd2991a4352a9a4d4c62c68 6f8e95ca5fd2991a4352a9a4d4c62c68
corpus_180	composed	generated P0.b0 6f8e95ca5fd2991a4352a9a4d4c62c68 region
corpus_180_alternate	digest	116 d03854d27129f07759f1163a93f4f311
corpus_180_alternate	construct	generated P0.b0 6f8e95ca5fd2991a4352a9a4d4c62c68 region
corpus_181	digest	500 ffecdccd07c396f4233b95a2e730e307
corpus_181	construct	generated P0.b0,P1.b0 e10461b981bf9aad66c361205bf9fc49 region
corpus_181	transform0	modified e10461b981bf9aad66c361205bf9fc49 e10461b981bf9aad66c361205bf9fc49
corpus_181	transform1	modified e10461b981bf9aad66c361205bf9fc49 e10461b981bf9aad66c361205bf9fc49
corpus_181	composed	generated P0.b0,P1.b0 e10461b981bf9aad66c361205bf9fc49 region
corpus_181_alternate	digest	125 a203148845dd84d5853e57da2f52b7e5
corpus_181_alternate	construct	generated P0.b0,P1.b0 e10461b981bf9aad66c361205bf9fc49 region
corpus_182	digest	200 1eda0d764e99dbac8eb1753998dadfb9
corpus_182	construct	generated P0.b0 f688e1d4f30acdfd04e833f97b57be36 region
corpus_182	transform0	modified f688e1d4f30acdfd04e833f97b57be36 f688e1d4f30acdfd04e833f97b57be36
corpus_182	transform1	modified f688e1d4f30acdfd04e833f97b57be36 f688e1d4f30acdfd04e833f97b57be36
corpus_182	composed	generated P0.b0 f688e1d4f30acdfd04e833f97b57be36 region
corpus_182_alternate	digest	50 1df2ded4d2634fbf9aacf337cdb6bf93
corpus_182_alternate	construct	generated P0.b0 f688e1d4f30acdfd04e833f97b57be36 region
corpus_183	digest	236 1fa8bf1b9103bc8b0eb27709af1832d7
corpus_183	construct	generated P0.b0,P1.b0 60b21ca08c3b0a68831f5a30860aaa6f region
corpus_183	transform0	modified 60b21ca08c3b0a68831f5a30860aaa6f 60b21ca08c3b0a68831f5a30860aaa6f
corpus_183	transform1	modified 60b21ca08c3b0a68831f5a30860aaa6f 60b21ca08c3b0a68831f5a30860aaa6f
corpus_183	composed	generated P0.b0,P1.b0 60b21ca08c3b0a68831f5a30860aaa6f region
corpus_183_alternate	digest	59 0dd307e67ff2e00d92cc9e6f792102b2
corpus_183_alternate	construct	generated P0.b0,P1.b0 60b21ca08c3b0a68831f5a30860aaa6f region
corpus_184	digest	248 ad19e11ad7106b1e7690b007dfab9df7
corpus_184	construct	generated P0.b0 3da651a0984b1af029988a8a4445ba5c region
corpus_184	transform0	modified 3da651a0984b1af029988a8a4445ba5c 3da651a0984b1af029988a8a4445ba5c
corpus_184	transform1	modified 3da651a0984b1af029988a8a4445ba5c 3da651a0984b1af029988a8a4445ba5c
corpus_184	composed	generated P0.b0 3da651a0984b1af029988a8a4445ba5c region
corpus_184_alternate	digest	62 3e7ec11cec3ebd543abf2840136f2e40
corpus_184_alternate	construct	generated P0.b0 3da651a0984b1af029988a8a4445ba5c region
corpus_185	digest	284 df8fb244c77a1f4b47a3b7899e410b79
corpus_185	construct	generated P0.b0,P1.b0 2d769412406614a4c71262a7a3539a5d region
corpus_185	transform0	modified 2d769412406614a4c71262a7a3539a5d 2d769412406614a4c71262a7a3539a5d
corpus_185	transform1	modified 2d769412406614a4c71262a7a3539a5d 2d769412406614a4c71262a7a3539a5d
corpus_185	composed	generated P0.b0,P1.b0 2d769412406614a4c71262a7a3539a5d region
corpus_185_alternate	digest	71 7223888a48fb7fe6837611a3a7b6ca03
corpus_185_alternate	construct	generated P0.b0,P1.b0 2d769412406614a4c71262a7a3539a5d region
corpus_186	digest	296 980106cf73c8976162f0ce4ef56690cd
corpus_186	construct	generated P0.b0 bb1b3f37cae4e417c294afdc4c202cda region
corpus_186	transform0	modified bb1b3f37cae4e417c294afdc4c202cda bb1b3f37cae4e417c294afdc4c202cda
corpus_186	transform1	modified bb1b3f37cae4e417c294afdc4c202cda bb1b3f37cae4e417c294afdc4c202cda
corpus_186	composed	generated P0.b0 bb1b3f37cae4e417c294afdc4c202cda region
corpus_186_alternate	digest	74 8f6789632eddd0d7b8e663018fc3dc70
corpus_186_alternate	construct	generated P0.b0 bb1b3f37cae4e417c294afdc4c202cda region
corpus_187	digest	332 015c36f53422cd22df9e5f9160e54883
corpus_187	construct	generated P0.b0,P1.b0 54fc2eee214c38a584a92dee5cde4353 region
corpus_187	transform0	modified 54fc2eee214c38a584a92dee5cde4353 54fc2eee214c38a584a92dee5cde4353
corpus_187	transform1	modified 54fc2eee214c38a584a92dee5cde4353 54fc2eee214c38a584a92dee5cde4353
corpus_187	composed	generated P0.b0,P1.b0 54fc2eee214c38a584a92dee5cde4353 region
corpus_187_alternate	digest	83 cda021e80946ec54ae7639ac9084bc43
corpus_187_alternate	construct	generated P0.b0,P1.b0 54fc2eee214c38a584a92dee5cde4353 region
corpus_188	digest	344 5d2695263e0b586f29bbe8af37426dd3
corpus_188	construct	generated P0.b0 d506e0f8e7eca8bfa8dc58f965fc6000 region
corpus_188	transform0	modified d506e0f8e7eca8bfa8dc58f965fc6000 d506e0f8e7eca8bfa8dc58f965fc6000
corpus_188	transform1	modified d506e0f8e7eca8bfa8dc58f965fc6000 d506e0f8e7eca8bfa8dc58f965fc6000
corpus_188	composed	generated P0.b0 d506e0f8e7eca8bfa8dc58f965fc6000 region
corpus_188_alternate	digest	86 6126916c02ff7bff6cfe0155404af938
corpus_188_alternate	construct	generated P0.b0 d506e0f8e7eca8bfa8dc58f965fc6000 region
corpus_189	digest	380 833610e0c012549ce6effa33061674c3
corpus_189	construct	generated P0.b0,P1.b0 036426c5cd6490ecafdf902128e3bf21 region
corpus_189	transform0	modified 036426c5cd6490ecafdf902128e3bf21 036426c5cd6490ecafdf902128e3bf21
corpus_189	transform1	modified 036426c5cd6490ecafdf902128e3bf21 036426c5cd6490ecafdf902128e3bf21
corpus_189	composed	generated P0.b0,P1.b0 036426c5cd6490ecafdf902128e3bf21 region
corpus_189_alternate	digest	95 1dc17b04a5223f9c7e80f84a78c9da56
corpus_189_alternate	construct	generated P0.b0,P1.b0 036426c5cd6490ecafdf902128e3bf21 region
corpus_190	digest	392 9a6523d0de5e8caa3e4ba63007e64d1f
corpus_190	construct	generated P0.b0 e06d264ac9436af9a4c29f05d761e16e region
corpus_190	transform0	modified e06d264ac9436af9a4c29f05d761e16e e06d264ac9436af9a4c29f05d761e16e
corpus_190	transform1	modified e06d264ac9436af9a4c29f05d761e16e e06d264ac9436af9a4c29f05d761e16e
corpus_190	composed	generated P0.b0 e06d264ac9436af9a4c29f05d761e16e region
corpus_190_alternate	digest	98 20a0d42d87f6491384796b10e4d90b7e
corpus_190_alternate	construct	generated P0.b0 e06d264ac9436af9a4c29f05d761e16e region
corpus_191	digest	428 36ed0eb2e000ca3ecff8b957f5402acd
corpus_191	construct	generated P0.b0,P1.b0 8311e1acd7e000a7cc3b893152f46d47 region
corpus_191	transform0	modified 8311e1acd7e000a7cc3b893152f46d47 8311e1acd7e000a7cc3b893152f46d47
corpus_191	transform1	modified 8311e1acd7e000a7cc3b893152f46d47 8311e1acd7e000a7cc3b893152f46d47
corpus_191	composed	generated P0.b0,P1.b0 8311e1acd7e000a7cc3b893152f46d47 region
corpus_191_alternate	digest	107 4e900e039f221e1b07ae203ca48e8fd6
corpus_191_alternate	construct	generated P0.b0,P1.b0 8311e1acd7e000a7cc3b893152f46d47 region
corpus_192	digest	440 247ec0370865a7f0af82865b8eeb848b
corpus_192	construct	generated P0.b0 b10c8d26389d9e6ba1cc0b1618bd62d4 region
corpus_192	transform0	modified b10c8d26389d9e6ba1cc0b1618bd62d4 b10c8d26389d9e6ba1cc0b1618bd62d4
corpus_192	transform1	modified b10c8d26389d9e6ba1cc0b1618bd62d4 b10c8d26389d9e6ba1cc0b1618bd62d4
corpus_192	composed	generated P0.b0 b10c8d26389d9e6ba1cc0b1618bd62d4 region
corpus_192_alternate	digest	110 7ce7dcfec2b4dc3a7134161f72c2b5dc
corpus_192_alternate	construct	generated P0.b0 b10c8d26389d9e6ba1cc0b1618bd62d4 region
corpus_193	digest	476 e9a821534700b16a3ed6289ed4a8d2ab
corpus_193	construct	generated P0.b0,P1.b0 25d60cc2d7471d52ec873139f5ee5875 region
corpus_193	transform0	modified 25d60cc2d7471d52ec873139f5ee5875 25d60cc2d7471d52ec873139f5ee5875
corpus_193	transform1	modified 25d60cc2d7471d52ec873139f5ee5875 25d60cc2d7471d52ec873139f5ee5875
corpus_193	composed	generated P0.b0,P1.b0 25d60cc2d7471d52ec873139f5ee5875 region
corpus_193_alternate	digest	119 a6389d56789ee9030a84238f72b58eb4
corpus_193_alternate	construct	generated P0.b0,P1.b0 25d60cc2d7471d52ec873139f5ee5875 region
corpus_194	digest	488 a8752f76345827db45dccc577a23a845
corpus_194	construct	generated P0.b0 2e817abd6b3767933ac830682097d552 region
corpus_194	transform0	modified 2e817abd6b3767933ac830682097d552 2e817abd6b3767933ac830682097d552
corpus_194	transform1	modified 2e817abd6b3767933ac830682097d552 2e817abd6b3767933ac830682097d552
corpus_194	composed	generated P0.b0 2e817abd6b3767933ac830682097d552 region
corpus_194_alternate	digest	122 b38442a457bea7315f28bc4801d884db
corpus_194_alternate	construct	generated P0.b0 2e817abd6b3767933ac830682097d552 region
corpus_195	digest	212 3f709dfa52292139b27472889671803b
corpus_195	construct	generated P0.b0,P1.b0 121ca3269d3a3493164a87406bafc40b region
corpus_195	transform0	modified 121ca3269d3a3493164a87406bafc40b 121ca3269d3a3493164a87406bafc40b
corpus_195	transform1	modified 121ca3269d3a3493164a87406bafc40b 121ca3269d3a3493164a87406bafc40b
corpus_195	composed	generated P0.b0,P1.b0 121ca3269d3a3493164a87406bafc40b region
corpus_195_alternate	digest	53 377a351bd8a29a5b1fbb81eec56f91f8
corpus_195_alternate	construct	generated P0.b0,P1.b0 121ca3269d3a3493164a87406bafc40b region
corpus_196	digest	224 980dd3d92481a589142054f76ce9e4db
corpus_196	construct	generated P0.b0 486d1c7e883f2c3b210fd9853a740878 region
corpus_196	transform0	modified 486d1c7e883f2c3b210fd9853a740878 486d1c7e883f2c3b210fd9853a740878
corpus_196	transform1	modified 486d1c7e883f2c3b210fd9853a740878 486d1c7e883f2c3b210fd9853a740878
corpus_196	composed	generated P0.b0 486d1c7e883f2c3b210fd9853a740878 region
corpus_196_alternate	digest	56 c2264c7ec403e152e3e034b644148a09
corpus_196_alternate	construct	generated P0.b0 486d1c7e883f2c3b210fd9853a740878 region
corpus_197	digest	260 aa6cd35168ac222edc705856df802c33
corpus_197	construct	generated P0.b0,P1.b0 c0849afe49528cda4180e97337b53fd9 region
corpus_197	transform0	modified c0849afe49528cda4180e97337b53fd9 c0849afe49528cda4180e97337b53fd9
corpus_197	transform1	modified c0849afe49528cda4180e97337b53fd9 c0849afe49528cda4180e97337b53fd9
corpus_197	composed	generated P0.b0,P1.b0 c0849afe49528cda4180e97337b53fd9 region
corpus_197_alternate	digest	65 110bff6b18afb20886cedce31c5c6042
corpus_197_alternate	construct	generated P0.b0,P1.b0 c0849afe49528cda4180e97337b53fd9 region
corpus_198	digest	272 6bd3f2e66f611e846c6d1aa1b4564ba3
corpus_198	construct	generated P0.b0 cf6768891b77611de2a563d9e1059a46 region
corpus_198	transform0	modified cf6768891b77611de2a563d9e1059a46 cf6768891b77611de2a563d9e1059a46
corpus_198	transform1	modified cf6768891b77611de2a563d9e1059a46 cf6768891b77611de2a563d9e1059a46
corpus_198	composed	generated P0.b0 cf6768891b77611de2a563d9e1059a46 region
corpus_198_alternate	digest	68 c50b035c4c5aa2e449189cfba6ba5835
corpus_198_alternate	construct	generated P0.b0 cf6768891b77611de2a563d9e1059a46 region
corpus_199	digest	308 e51c629802396bdfb4e6b7382cddd94f
corpus_199	construct	generated P0.b0,P1.b0 403255e553cdfc955ddce28361c5edff region
corpus_199	transform0	modified 403255e553cdfc955ddce28361c5edff 403255e553cdfc955ddce28361c5edff
corpus_199	transform1	modified 403255e553cdfc955ddce28361c5edff 403255e553cdfc955ddce28361c5edff
corpus_199	composed	generated P0.b0,P1.b0 403255e553cdfc955ddce28361c5edff region
corpus_199_alternate	digest	77 99dead06e48a50194bdda2ed89b1550f
corpus_199_alternate	construct	generated P0.b0,P1.b0 403255e553cdfc955ddce28361c5edff region
corpus_200	digest	320 4e5958e13f9f705c511243ee11402c21
corpus_200	construct	generated P0.b0 a006cf648ad1948fdfaecfea22611bac region
corpus_200	transform0	modified a006cf648ad1948fdfaecfea22611bac a006cf648ad1948fdfaecfea22611bac
corpus_200	transform1	modified a006cf648ad1948fdfaecfea22611bac a006cf648ad1948fdfaecfea22611bac
corpus_200	composed	generated P0.b0 a006cf648ad1948fdfaecfea22611bac region
corpus_200_alternate	digest	80 bf8897c87d07767e3bbde66bc47e82ce
corpus_200_alternate	construct	generated P0.b0 a006cf648ad1948fdfaecfea22611bac region
corpus_201	digest	356 63c37f8250c7c27b3ba5478ce72c3f35
corpus_201	construct	generated P0.b0,P1.b0 e2f680fb533519407e288a8c04bfd92d region
corpus_201	transform0	modified e2f680fb533519407e288a8c04bfd92d e2f680fb533519407e288a8c04bfd92d
corpus_201	transform1	modified e2f680fb533519407e288a8c04bfd92d e2f680fb533519407e288a8c04bfd92d
corpus_201	composed	generated P0.b0,P1.b0 e2f680fb533519407e288a8c04bfd92d region
corpus_201_alternate	digest	89 933b3b48d14ac9f365251bfd721526e5
corpus_201_alternate	construct	generated P0.b0,P1.b0 e2f680fb533519407e288a8c04bfd92d region
corpus_202	digest	368 7ad0d943bbe2511ee34e27f4f1139da9
corpus_202	construct	generated P0.b0 1d7bbcfbbd6b5db778aaf53c2a3b8e2a region
corpus_202	transform0	modified 1d7bbcfbbd6b5db778aaf53c2a3b8e2a 1d7bbcfbbd6b5db778aaf53c2a3b8e2a
corpus_202	transform1	modified 1d7bbcfbbd6b5db778aaf53c2a3b8e2a 1d7bbcfbbd6b5db778aaf53c2a3b8e2a
corpus_202	composed	generated P0.b0 1d7bbcfbbd6b5db778aaf53c2a3b8e2a region
corpus_202_alternate	digest	92 6189e82a110852b13603505d3052bf35
corpus_202_alternate	construct	generated P0.b0 1d7bbcfbbd6b5db778aaf53c2a3b8e2a region
corpus_203	digest	404 054faba8b9b7f189147929333f1c8d4d
corpus_203	construct	generated P0.b0,P1.b0 0a7c1bd7341b3d413bbf55d2be4a8223 region
corpus_203	transform0	modified 0a7c1bd7341b3d413bbf55d2be4a8223 0a7c1bd7341b3d413bbf55d2be4a8223
corpus_203	transform1	modified 0a7c1bd7341b3d413bbf55d2be4a8223 0a7c1bd7341b3d413bbf55d2be4a8223
corpus_203	composed	generated P0.b0,P1.b0 0a7c1bd7341b3d413bbf55d2be4a8223 region
corpus_203_alternate	digest	101 3a23c85a03fea1dacf526657092ed5d7
corpus_203_alternate	construct	generated P0.b0,P1.b0 0a7c1bd7341b3d413bbf55d2be4a8223 region
corpus_204	digest	416 19acfeb601ea21cbca71e4f74696f007
corpus_204	construct	generated P0.b0 37675ebcda73225f5ef29e594417c150 region
corpus_204	transform0	modified 37675ebcda73225f5ef29e594417c150 37675ebcda73225f5ef29e594417c150
corpus_204	transform1	modified 37675ebcda73225f5ef29e594417c150 37675ebcda73225f5ef29e594417c150
corpus_204	composed	generated P0.b0 37675ebcda73225f5ef29e594417c150 region
corpus_204_alternate	digest	104 51b987bc88d57b92c8f8816da420978a
corpus_204_alternate	construct	generated P0.b0 37675ebcda73225f5ef29e594417c150 region
corpus_205	digest	452 89962034eef1dde60acdfcadd2eab043
corpus_205	construct	generated P0.b0,P1.b0 b8e413aee033958866f5b8058a4ffdf1 region
corpus_205	transform0	modified b8e413aee033958866f5b8058a4ffdf1 b8e413aee033958866f5b8058a4ffdf1
corpus_205	transform1	modified b8e413aee033958866f5b8058a4ffdf1 b8e413aee033958866f5b8058a4ffdf1
corpus_205	composed	generated P0.b0,P1.b0 b8e413aee033958866f5b8058a4ffdf1 region
corpus_205_alternate	digest	113 28ea6874a0546c932323cb220b26ef6e
corpus_205_alternate	construct	generated P0.b0,P1.b0 b8e413aee033958866f5b8058a4ffdf1 region
corpus_206	digest	464 e0c75bdccd3dfb27077e06ae05b89f11
corpus_206	construct	generated P0.b0 42cda40ebbc9e4995ad8e465b57d42be region
corpus_206	transform0	modified 42cda40ebbc9e4995ad8e465b57d42be 42cda40ebbc9e4995ad8e465b57d42be
corpus_206	transform1	modified 42cda40ebbc9e4995ad8e465b57d42be 42cda40ebbc9e4995ad8e465b57d42be
corpus_206	composed	generated P0.b0 42cda40ebbc9e4995ad8e465b57d42be region
corpus_206_alternate	digest	116 8f9568cac4c39b96935a8c382722a1a2
corpus_206_alternate	construct	generated P0.b0 42cda40ebbc9e4995ad8e465b57d42be region
corpus_207	digest	500 12801d9c2ade96eaa1ab4622d4f0a22b
corpus_207	construct	generated P0.b0,P1.b0 3891ce95eaaf05438351b115b460ac17 region
corpus_207	transform0	modified 3891ce95eaaf05438351b115b460ac17 3891ce95eaaf05438351b115b460ac17
corpus_207	transform1	modified 3891ce95eaaf05438351b115b460ac17 3891ce95eaaf05438351b115b460ac17
corpus_207	composed	generated P0.b0,P1.b0 3891ce95eaaf05438351b115b460ac17 region
corpus_207_alternate	digest	125 772ed74b064571d9a240de537814148d
corpus_207_alternate	construct	generated P0.b0,P1.b0 3891ce95eaaf05438351b115b460ac17 region
corpus_208	digest	200 d2254f0b5e42de799e57e8c2522973b5
corpus_208	construct	generated P0.b0 136d0aea2b24180b57e25075f6d8c424 region
corpus_208	transform0	modified 136d0aea2b24180b57e25075f6d8c424 136d0aea2b24180b57e25075f6d8c424
corpus_208	transform1	modified 136d0aea2b24180b57e25075f6d8c424 136d0aea2b24180b57e25075f6d8c424
corpus_208	composed	generated P0.b0 136d0aea2b24180b57e25075f6d8c424 region
corpus_208_alternate	digest	50 fde344ceaf7d1e29816dbec0b9b8fcdb
corpus_208_alternate	construct	generated P0.b0 136d0aea2b24180b57e25075f6d8c424 region
corpus_209	digest	236 88e7b4aebb0f2d17a91aeb028340ef57
corpus_209	construct	generated P0.b0,P1.b0 db55f9abea1621eea39d591e575a9745 region
corpus_209	transform0	modified db55f9abea1621eea39d591e575a9745 db55f9abea1621eea39d591e575a9745
corpus_209	transform1	modified db55f9abea1621eea39d591e575a9745 db55f9abea1621eea39d591e575a9745
corpus_209	composed	generated P0.b0,P1.b0 db55f9abea1621eea39d591e575a9745 region
corpus_209_alternate	digest	59 f2c1244a97c11886bfd12615b063c2a9
corpus_209_alternate	construct	generated P0.b0,P1.b0 db55f9abea1621eea39d591e575a9745 region
corpus_210	digest	248 ae2ec6bc0268f929e9133d960cc26313
corpus_210	construct	generated P0.b0 90e1f8815dbde132f0de75c7feb336a2 region
corpus_210	transform0	modified 90e1f8815dbde132f0de75c7feb336a2 90e1f8815dbde132f0de75c7feb336a2
corpus_210	transform1	modified 90e1f8815dbde132f0de75c7feb336a2 90e1f8815dbde132f0de75c7feb336a2
corpus_210	composed	generated P0.b0 90e1f8815dbde132f0de75c7feb336a2 region
corpus_210_alternate	digest	62 700ea44128c5ab272d8e616bfaa8df9a
corpus_210_alternate	construct	generated P0.b0 90e1f8815dbde132f0de75c7feb336a2 region
corpus_211	digest	284 2b777b260959d1ccaaff787e0ac800bd
corpus_211	construct	generated P0.b0,P1.b0 c79c900fb009392ecd60af24cd1c02db region
corpus_211	transform0	modified c79c900fb009392ecd60af24cd1c02db c79c900fb009392ecd60af24cd1c02db
corpus_211	transform1	modified c79c900fb009392ecd60af24cd1c02db c79c900fb009392ecd60af24cd1c02db
corpus_211	composed	generated P0.b0,P1.b0 c79c900fb009392ecd60af24cd1c02db region
corpus_211_alternate	digest	71 fdf6384fc49fed0706672958c731a2f0
corpus_211_alternate	construct	generated P0.b0,P1.b0 c79c900fb009392ecd60af24cd1c02db region
corpus_212	digest	296 cf8d5f3d6d5de80d81eaed560d20771f
corpus_212	construct	generated P0.b0 aacd9a427ac5a5dad7261ee5188f69c8 region
corpus_212	transform0	modified aacd9a427ac5a5dad7261ee5188f69c8 aacd9a427ac5a5dad7261ee5188f69c8
corpus_212	transform1	modified aacd9a427ac5a5dad7261ee5188f69c8 aacd9a427ac5a5dad7261ee5188f69c8
corpus_212	composed	generated P0.b0 aacd9a427ac5a5dad7261ee5188f69c8 region
corpus_212_alternate	digest	74 30d657b923a516321ca55badab77c6d5
corpus_212_alternate	construct	generated P0.b0 aacd9a427ac5a5dad7261ee5188f69c8 region
corpus_213	digest	332 368d3f2d6e92686af6fcc3b0bdd53f23
corpus_213	construct	generated P0.b0,P1.b0 760487e75c219175f897115799217ea9 region
corpus_213	transform0	modified 760487e75c219175f897115799217ea9 760487e75c219175f897115799217ea9
corpus_213	transform1	modified 760487e75c219175f897115799217ea9 760487e75c219175f897115799217ea9
corpus_213	composed	generated P0.b0,P1.b0 760487e75c219175f897115799217ea9 region
corpus_213_alternate	digest	83 02f8d4cdef598ca0e2d156b0a9d7e237
corpus_213_alternate	construct	generated P0.b0,P1.b0 760487e75c219175f897115799217ea9 region
corpus_214	digest	344 aa5494e5b68f9d0c641565ab9253dda5
corpus_214	construct	generated P0.b0 31c7e64d0dfddabd98bba939bf20fb96 region
corpus_214	transform0	modified 31c7e64d0dfddabd98bba939bf20fb96 31c7e64d0dfddabd98bba939bf20fb96
corpus_214	transform1	modified 31c7e64d0dfddabd98bba939bf20fb96 31c7e64d0dfddabd98bba939bf20fb96
corpus_214	composed	generated P0.b0 31c7e64d0dfddabd98bba939bf20fb96 region
corpus_214_alternate	digest	86 036289b88ae2828090e653e16ab2dcb8
corpus_214_alternate	construct	generated P0.b0 31c7e64d0dfddabd98bba939bf20fb96 region
corpus_215	digest	380 3dd92fd88bfe0c61a5daac7b4330074f
corpus_215	construct	generated P0.b0,P1.b0 f5b242ce669d013114f30a67c3322ccf region
corpus_215	transform0	modified f5b242ce669d013114f30a67c3322ccf f5b242ce669d013114f30a67c3322ccf
corpus_215	transform1	modified f5b242ce669d013114f30a67c3322ccf f5b242ce669d013114f30a67c3322ccf
corpus_215	composed	generated P0.b0,P1.b0 f5b242ce669d013114f30a67c3322ccf region
corpus_215_alternate	digest	95 1ef72bbd6a534133e30fa998af1b3824
corpus_215_alternate	construct	generated P0.b0,P1.b0 f5b242ce669d013114f30a67c3322ccf region
corpus_216	digest	392 cfec95f94ee6cf88593dcc8fb0fbf10d
corpus_216	construct	generated P0.b0 8be944384771f4ae6e1e2ac978ea023c region
corpus_216	transform0	modified 8be944384771f4ae6e1e2ac978ea023c 8be944384771f4ae6e1e2ac978ea023c
corpus_216	transform1	modified 8be944384771f4ae6e1e2ac978ea023c 8be944384771f4ae6e1e2ac978ea023c
corpus_216	composed	generated P0.b0 8be944384771f4ae6e1e2ac978ea023c region
corpus_216_alternate	digest	98 d2da82a55b5dd35fd496d0ebedde2278
corpus_216_alternate	construct	generated P0.b0 8be944384771f4ae6e1e2ac978ea023c region
corpus_217	digest	428 8863c63f350313fed6864a55a7b9ef51
corpus_217	construct	generated P0.b0,P1.b0 6e762188b140304b11975201ebdd133d region
corpus_217	transform0	modified 6e762188b140304b11975201ebdd133d 6e762188b140304b11975201ebdd133d
corpus_217	transform1	modified 6e762188b140304b11975201ebdd133d 6e762188b140304b11975201ebdd133d
corpus_217	composed	generated P0.b0,P1.b0 6e762188b140304b11975201ebdd133d region
corpus_217_alternate	digest	107 1cdfb887bd04f5efe8f6ac752a84e218
corpus_217_alternate	construct	generated P0.b0,P1.b0 6e762188b140304b11975201ebdd133d region
corpus_218	digest	440 aadbb5568c7bf267505c724fc6bc77c3
corpus_218	construct	generated P0.b0 095e31cf7a0bbdd6071a501b80c474ba region
corpus_218	transform0	modified 095e31cf7a0bbdd6071a501b80c474ba 095e31cf7a0bbdd6071a501b80c474ba
corpus_218	transform1	modified 095e31cf7a0bbdd6071a501b80c474ba 095e31cf7a0bbdd6071a501b80c474ba
corpus_218	composed	generated P0.b0 095e31cf7a0bbdd6071a501b80c474ba region
corpus_218_alternate	digest	110 0e69c6056e5f1904ae300d48df53faf5
corpus_218_alternate	construct	generated P0.b0 095e31cf7a0bbdd6071a501b80c474ba region
corpus_219	digest	476 da81ccd03a92960649cb7235d998b9e1
corpus_219	construct	generated P0.b0,P1.b0 95fbbc649226544bcf2e1d48a567bc33 region
corpus_219	transform0	modified 95fbbc649226544bcf2e1d48a567bc33 95fbbc649226544bcf2e1d48a567bc33
corpus_219	transform1	modified 95fbbc649226544bcf2e1d48a567bc33 95fbbc649226544bcf2e1d48a567bc33
corpus_219	composed	generated P0.b0,P1.b0 95fbbc649226544bcf2e1d48a567bc33 region
corpus_219_alternate	digest	119 f5561e4e9679f80b8580e897a7eb548b
corpus_219_alternate	construct	generated P0.b0,P1.b0 95fbbc649226544bcf2e1d48a567bc33 region
corpus_220	digest	488 14fc567c5bf2ffb3d66d9d57d6c7d38b
corpus_220	construct	generated P0.b0 2349d3909713827ded61f9389aa0a7e0 region
corpus_220	transform0	modified 2349d3909713827ded61f9389aa0a7e0 2349d3909713827ded61f9389aa0a7e0
corpus_220	transform1	modified 2349d3909713827ded61f9389aa0a7e0 2349d3909713827ded61f9389aa0a7e0
corpus_220	composed	generated P0.b0 2349d3909713827ded61f9389aa0a7e0 region
corpus_220_alternate	digest	122 39a9c39b720588e7cbc631b722750c67
corpus_220_alternate	construct	generated P0.b0 2349d3909713827ded61f9389aa0a7e0 region
corpus_221	digest	212 f46b099940e76245a261b009b9888803
corpus_221	construct	generated P0.b0,P1.b0 4463b43c3e3eac92fa647f7b716d3801 region
corpus_221	transform0	modified 4463b43c3e3eac92fa647f7b716d3801 4463b43c3e3eac92fa647f7b716d3801
corpus_221	transform1	modified 4463b43c3e3eac92fa647f7b716d3801 4463b43c3e3eac92fa647f7b716d3801
corpus_221	composed	generated P0.b0,P1.b0 4463b43c3e3eac92fa647f7b716d3801 region
corpus_221_alternate	digest	53 235902ed5e0756c47a574ad73a7928df
corpus_221_alternate	construct	generated P0.b0,P1.b0 4463b43c3e3eac92fa647f7b716d3801 region
corpus_222	digest	224 ef40cac05519515b09c24e705266672d
corpus_222	construct	generated P0.b0 2eb018e2786a44b7e9483f450c06294e region
corpus_222	transform0	modified 2eb018e2786a44b7e9483f450c06294e 2eb018e2786a44b7e9483f450c06294e
corpus_222	transform1	modified 2eb018e2786a44b7e9483f450c06294e 2eb018e2786a44b7e9483f450c06294e
corpus_222	composed	generated P0.b0 2eb018e2786a44b7e9483f450c06294e region
corpus_222_alternate	digest	56 87c1b0240e65546631f259c756203eda
corpus_222_alternate	construct	generated P0.b0 2eb018e2786a44b7e9483f450c06294e region
corpus_223	digest	260 ca7ac72a3ccb6c0d98a81d4bf9324121
corpus_223	construct	generated P0.b0,P1.b0 c4116f2348ba1c4e16c0788b9b7de627 region
corpus_223	transform0	modified c4116f2348ba1c4e16c0788b9b7de627 c4116f2348ba1c4e16c0788b9b7de627
corpus_223	transform1	modified c4116f2348ba1c4e16c0788b9b7de627 c4116f2348ba1c4e16c0788b9b7de627
corpus_223	composed	generated P0.b0,P1.b0 c4116f2348ba1c4e16c0788b9b7de627 region
corpus_223_alternate	digest	65 f1908214b232d272fbe486906a11fb51
corpus_223_alternate	construct	generated P0.b0,P1.b0 c4116f2348ba1c4e16c0788b9b7de627 region
corpus_224	digest	272 05b6dcf8fb28dc20f1cc1b5b3d3a6287
corpus_224	construct	generated P0.b0 ff4f7fbde7c47829e651ab554d61aab4 region
corpus_224	transform0	modified ff4f7fbde7c47829e651ab554d61aab4 ff4f7fbde7c47829e651ab554d61aab4
corpus_224	transform1	modified ff4f7fbde7c47829e651ab554d61aab4 ff4f7fbde7c47829e651ab554d61aab4
corpus_224	composed	generated P0.b0 ff4f7fbde7c47829e651ab554d61aab4 region
corpus_224_alternate	digest	68 6e74d46f30fadd0e3908f3d54bfd2fbf
corpus_224_alternate	construct	generated P0.b0 ff4f7fbde7c47829e651ab554d61aab4 region
corpus_225	digest	308 7bb7758e93197a73c785f4f8d1772665
corpus_225	construct	generated P0.b0,P1.b0 66d59a39482138f9370c20943e77d155 region
corpus_225	transform0	modified 66d59a39482138f9370c20943e77d155 66d59a39482138f9370c20943e77d155
corpus_225	transform1	modified 66d59a39482138f9370c20943e77d155 66d59a39482138f9370c20943e77d155
corpus_225	composed	generated P0.b0,P1.b0 66d59a39482138f9370c20943e77d155 region
corpus_225_alternate	digest	77 496c0dbccc03eb9f9be7786c07ed5363
corpus_225_alternate	construct	generated P0.b0,P1.b0 66d59a39482138f9370c20943e77d155 region
corpus_226	digest	320 2e7724be47c98c78a71c861e880065ab
corpus_226	construct	generated P0.b0 7cc46d551a5e41517f4dd0a7553c1d32 region
corpus_226	transform0	modified 7cc46d551a5e41517f4dd0a7553c1d32 7cc46d551a5e41517f4dd0a7553c1d32
corpus_226	transform1	modified 7cc46d551a5e41517f4dd0a7553c1d32 7cc46d551a5e41517f4dd0a7553c1d32
corpus_226	composed	generated P0.b0 7cc46d551a5e41517f4dd0a7553c1d32 region
corpus_226_alternate	digest	80 c01fbdd2d29db0a9acb33bcf625871c9
corpus_226_alternate	construct	generated P0.b0 7cc46d551a5e41517f4dd0a7553c1d32 region
corpus_227	digest	356 852dacbe5d3d9792eba76c2641ed2bf5
corpus_227	construct	generated P0.b0,P1.b0 531c309d0e14503960cf769ab4393ceb region
corpus_227	transform0	modified 531c309d0e14503960cf769ab4393ceb 531c309d0e14503960cf769ab4393ceb
corpus_227	transform1	modified 531c309d0e14503960cf769ab4393ceb 531c309d0e14503960cf769ab4393ceb
corpus_227	composed	generated P0.b0,P1.b0 531c309d0e14503960cf769ab4393ceb region
corpus_227_alternate	digest	89 f3a2a7fa873a7508c301ea199f15b932
corpus_227_alternate	construct	generated P0.b0,P1.b0 531c309d0e14503960cf769ab4393ceb region
corpus_228	digest	368 2564b9b08240b9a7a2ba6471e883a67f
corpus_228	construct	generated P0.b0 96b00f16376605f9659579c46f185058 region
corpus_228	transform0	modified 96b00f16376605f9659579c46f185058 96b00f16376605f9659579c46f185058
corpus_228	transform1	modified 96b00f16376605f9659579c46f185058 96b00f16376605f9659579c46f185058
corpus_228	composed	generated P0.b0 96b00f16376605f9659579c46f185058 region
corpus_228_alternate	digest	92 4ce8f35516c294fc7aee982b9b5d1c3c
corpus_228_alternate	construct	generated P0.b0 96b00f16376605f9659579c46f185058 region
corpus_229	digest	404 b63e17686aef2954c27c8da119a6fa8f
corpus_229	construct	generated P0.b0,P1.b0 01842874ba2ca8808c05d8cd803eb8b9 region
corpus_229	transform0	modified 01842874ba2ca8808c05d8cd803eb8b9 01842874ba2ca8808c05d8cd803eb8b9
corpus_229	transform1	modified 01842874ba2ca8808c05d8cd803eb8b9 01842874ba2ca8808c05d8cd803eb8b9
corpus_229	composed	generated P0.b0,P1.b0 01842874ba2ca8808c05d8cd803eb8b9 region
corpus_229_alternate	digest	101 70c2b5008a85216b282dcca298e28bcb
corpus_229_alternate	construct	generated P0.b0,P1.b0 01842874ba2ca8808c05d8cd803eb8b9 region
corpus_230	digest	416 95e8a22a93a5d058174eef045900ce6b
corpus_230	construct	generated P0.b0 1daa5b20ca9e3adc272b041915a9e226 region
corpus_230	transform0	modified 1daa5b20ca9e3adc272b041915a9e226 1daa5b20ca9e3adc272b041915a9e226
corpus_230	transform1	modified 1daa5b20ca9e3adc272b041915a9e226 1daa5b20ca9e3adc272b041915a9e226
corpus_230	composed	generated P0.b0 1daa5b20ca9e3adc272b041915a9e226 region
corpus_230_alternate	digest	104 223e3599faac97a24e1c75cac60a44d8
corpus_230_alternate	construct	generated P0.b0 1daa5b20ca9e3adc272b041915a9e226 region
corpus_231	digest	452 de06b4360f799a8c3953e43ca6216bd9
corpus_231	construct	generated P0.b0,P1.b0 8131e35bc4a8183ba861d1ddaa4f66df region
corpus_231	transform0	modified 8131e35bc4a8183ba861d1ddaa4f66df 8131e35bc4a8183ba861d1ddaa4f66df
corpus_231	transform1	modified 8131e35bc4a8183ba861d1ddaa4f66df 8131e35bc4a8183ba861d1ddaa4f66df
corpus_231	composed	generated P0.b0,P1.b0 8131e35bc4a8183ba861d1ddaa4f66df region
corpus_231_alternate	digest	113 12b9b2424c9f77c14b6660b98386e566
corpus_231_alternate	construct	generated P0.b0,P1.b0 8131e35bc4a8183ba861d1ddaa4f66df region
corpus_232	digest	464 619216a68f4e062c45914551e4ce4f03
corpus_232	construct	generated P0.b0 ee49c1fc39f86e4e243470295705638c region
corpus_232	transform0	modified ee49c1fc39f86e4e243470295705638c ee49c1fc39f86e4e243470295705638c
corpus_232	transform1	modified ee49c1fc39f86e4e243470295705638c ee49c1fc39f86e4e243470295705638c
corpus_232	composed	generated P0.b0 ee49c1fc39f86e4e243470295705638c region
corpus_232_alternate	digest	116 900f47938f647c06a7f2f19252ffd209
corpus_232_alternate	construct	generated P0.b0 ee49c1fc39f86e4e243470295705638c region
corpus_233	digest	500 113f45c660231836ac3fa8268e54df4f
corpus_233	construct	generated P0.b0,P1.b0 23f60e71c40f34e6c8ad79e64d49520d region
corpus_233	transform0	modified 23f60e71c40f34e6c8ad79e64d49520d 23f60e71c40f34e6c8ad79e64d49520d
corpus_233	transform1	modified 23f60e71c40f34e6c8ad79e64d49520d 23f60e71c40f34e6c8ad79e64d49520d
corpus_233	composed	generated P0.b0,P1.b0 23f60e71c40f34e6c8ad79e64d49520d region
corpus_233_alternate	digest	125 16ed4be5687ddf2150f9cc443e12d1f5
corpus_233_alternate	construct	generated P0.b0,P1.b0 23f60e71c40f34e6c8ad79e64d49520d region
corpus_234	digest	200 0387fcfa41fb9047b83f64a660321301
corpus_234	construct	generated P0.b0 6bbeaf936c923775bd30957b5edfd60a region
corpus_234	transform0	modified 6bbeaf936c923775bd30957b5edfd60a 6bbeaf936c923775bd30957b5edfd60a
corpus_234	transform1	modified 6bbeaf936c923775bd30957b5edfd60a 6bbeaf936c923775bd30957b5edfd60a
corpus_234	composed	generated P0.b0 6bbeaf936c923775bd30957b5edfd60a region
corpus_234_alternate	digest	50 64c2b7a42582eaee0a850b39e03b9ac6
corpus_234_alternate	construct	generated P0.b0 6bbeaf936c923775bd30957b5edfd60a region
corpus_235	digest	236 9b9d10c4f3d683dd9d89119178068ff9
corpus_235	construct	generated P0.b0,P1.b0 4b7ba94da4f558e78644452d06d3fb03 region
corpus_235	transform0	modified 4b7ba94da4f558e78644452d06d3fb03 4b7ba94da4f558e78644452d06d3fb03
corpus_235	transform1	modified 4b7ba94da4f558e78644452d06d3fb03 4b7ba94da4f558e78644452d06d3fb03
corpus_235	composed	generated P0.b0,P1.b0 4b7ba94da4f558e78644452d06d3fb03 region
corpus_235_alternate	digest	59 0d535495147290d9de7e9d419dc8bffe
corpus_235_alternate	construct	generated P0.b0,P1.b0 4b7ba94da4f558e78644452d06d3fb03 region
corpus_236	digest	248 50c2cdcccc8056443bf12a9e2d721def
corpus_236	construct	generated P0.b0 85aa51548999fc1da3783e9878bc0930 region
corpus_236	transform0	modified 85aa51548999fc1da3783e9878bc0930 85aa51548999fc1da3783e9878bc0930
corpus_236	transform1	modified 85aa51548999fc1da3783e9878bc0930 85aa51548999fc1da3783e9878bc0930
corpus_236	composed	generated P0.b0 85aa51548999fc1da3783e9878bc0930 region
corpus_236_alternate	digest	62 e8fea66dfed26062db02304fd2c4ab38
corpus_236_alternate	construct	generated P0.b0 85aa51548999fc1da3783e9878bc0930 region
corpus_237	digest	284 a86e598f68f89a0df2bc62c794706de9
corpus_237	construct	generated P0.b0,P1.b0 f9e3a125510db12eb17aa75fd2d976d1 region
corpus_237	transform0	modified f9e3a125510db12eb17aa75fd2d976d1 f9e3a125510db12eb17aa75fd2d976d1
corpus_237	transform1	modified f9e3a125510db12eb17aa75fd2d976d1 f9e3a125510db12eb17aa75fd2d976d1
corpus_237	composed	generated P0.b0,P1.b0 f9e3a125510db12eb17aa75fd2d976d1 region
corpus_237_alternate	digest	71 246b89ce15f68b879cc831fc21348dc3
corpus_237_alternate	construct	generated P0.b0,P1.b0 f9e3a125510db12eb17aa75fd2d976d1 region
corpus_238	digest	296 c21a410a7c407e11e5f133e026bb5f1f
corpus_238	construct	generated P0.b0 911096a66af0be579f5e84a4ea218a9e region
corpus_238	transform0	modified 911096a66af0be579f5e84a4ea218a9e 911096a66af0be579f5e84a4ea218a9e
corpus_238	transform1	modified 911096a66af0be579f5e84a4ea218a9e 911096a66af0be579f5e84a4ea218a9e
corpus_238	composed	generated P0.b0 911096a66af0be579f5e84a4ea218a9e region
corpus_238_alternate	digest	74 da8b26d9c7cc57d47fb6b23a24a00b03
corpus_238_alternate	construct	generated P0.b0 911096a66af0be579f5e84a4ea218a9e region
corpus_239	digest	332 b8f73d9293fb353958d247307cec5b85
corpus_239	construct	generated P0.b0,P1.b0 79915c0c5b8920e9cdd6a06ffcea24f7 region
corpus_239	transform0	modified 79915c0c5b8920e9cdd6a06ffcea24f7 79915c0c5b8920e9cdd6a06ffcea24f7
corpus_239	transform1	modified 79915c0c5b8920e9cdd6a06ffcea24f7 79915c0c5b8920e9cdd6a06ffcea24f7
corpus_239	composed	generated P0.b0,P1.b0 79915c0c5b8920e9cdd6a06ffcea24f7 region
corpus_239_alternate	digest	83 65890d1668c5e87d3058339f452fb353
corpus_239_alternate	construct	generated P0.b0,P1.b0 79915c0c5b8920e9cdd6a06ffcea24f7 region
corpus_240	digest	344 101a4e44b1dd2381068ecd360fc588ef
corpus_240	construct	generated P0.b0 61affd81da4af1c99c67f0b52b7d0c04 region
corpus_240	transform0	modified 61affd81da4af1c99c67f0b52b7d0c04 61affd81da4af1c99c67f0b52b7d0c04
corpus_240	transform1	modified 61affd81da4af1c99c67f0b52b7d0c04 61affd81da4af1c99c67f0b52b7d0c04
corpus_240	composed	generated P0.b0 61affd81da4af1c99c67f0b52b7d0c04 region
corpus_240_alternate	digest	86 974f7ee8aa35328d4a5c8329e3ea9f12
corpus_240_alternate	construct	generated P0.b0 61affd81da4af1c99c67f0b52b7d0c04 region
corpus_241	digest	380 d7aa39cdb464326bb5b6a497f5c2c0cb
corpus_241	construct	generated P0.b0,P1.b0 1c5587225af03d94ee2248789fe41025 region
corpus_241	transform0	modified 1c5587225af03d94ee2248789fe41025 1c5587225af03d94ee2248789fe41025
corpus_241	transform1	modified 1c5587225af03d94ee2248789fe41025 1c5587225af03d94ee2248789fe41025
corpus_241	composed	generated P0.b0,P1.b0 1c5587225af03d94ee2248789fe41025 region
corpus_241_alternate	digest	95 b7bef6c1da6c90c113609ef0802443ca
corpus_241_alternate	construct	generated P0.b0,P1.b0 1c5587225af03d94ee2248789fe41025 region
corpus_242	digest	392 fc8becddd6a8b6c4ecea75c8271dcaef
corpus_242	construct	generated P0.b0 df24eb190ce4baf13564160733577e82 region
corpus_242	transform0	modified df24eb190ce4baf13564160733577e82 df24eb190ce4baf13564160733577e82
corpus_242	transform1	modified df24eb190ce4baf13564160733577e82 df24eb190ce4baf13564160733577e82
corpus_242	composed	generated P0.b0 df24eb190ce4baf13564160733577e82 region
corpus_242_alternate	digest	98 5811b90c27e2aa6f2e109c4cb51e224f
corpus_242_alternate	construct	generated P0.b0 df24eb190ce4baf13564160733577e82 region
corpus_243	digest	428 6e101d1df8c601d9aff3fd9b34729ff1
corpus_243	construct	generated P0.b0,P1.b0 089c1d8620e354d517e59e7f15a57bbb region
corpus_243	transform0	modified 089c1d8620e354d517e59e7f15a57bbb 089c1d8620e354d517e59e7f15a57bbb
corpus_243	transform1	modified 089c1d8620e354d517e59e7f15a57bbb 089c1d8620e354d517e59e7f15a57bbb
corpus_243	composed	generated P0.b0,P1.b0 089c1d8620e354d517e59e7f15a57bbb region
corpus_243_alternate	digest	107 0fd83c1d5c39c30420ce99d7d947f2a9
corpus_243_alternate	construct	generated P0.b0,P1.b0 089c1d8620e354d517e59e7f15a57bbb region
corpus_244	digest	440 f295fb808d9fb390c48f18743e916153
corpus_244	construct	generated P0.b0 f9108cda29ec7f991babbf244d33b1a8 region
corpus_244	transform0	modified f9108cda29ec7f991babbf244d33b1a8 f9108cda29ec7f991babbf244d33b1a8
corpus_244	transform1	modified f9108cda29ec7f991babbf244d33b1a8 f9108cda29ec7f991babbf244d33b1a8
corpus_244	composed	generated P0.b0 f9108cda29ec7f991babbf244d33b1a8 region
corpus_244_alternate	digest	110 1e83a07970df3ecddb19170030d45b77
corpus_244_alternate	construct	generated P0.b0 f9108cda29ec7f991babbf244d33b1a8 region
corpus_245	digest	476 4edb8825ef8f927df0775c3d9a9762b5
corpus_245	construct	generated P0.b0,P1.b0 b704155dccfbad1c431c00b1e1aaf789 region
corpus_245	transform0	modified b704155dccfbad1c431c00b1e1aaf789 b704155dccfbad1c431c00b1e1aaf789
corpus_245	transform1	modified b704155dccfbad1c431c00b1e1aaf789 b704155dccfbad1c431c00b1e1aaf789
corpus_245	composed	generated P0.b0,P1.b0 b704155dccfbad1c431c00b1e1aaf789 region
corpus_245_alternate	digest	119 ab1b044087c10e8e31fa3b511f5748c2
corpus_245_alternate	construct	generated P0.b0,P1.b0 b704155dccfbad1c431c00b1e1aaf789 region
corpus_246	digest	488 412c437ddb9a149967d4a489deba4485
corpus_246	construct	generated P0.b0 800ad8e4bd24b47bdd414978f3c54376 region
corpus_246	transform0	modified 800ad8e4bd24b47bdd414978f3c54376 800ad8e4bd24b47bdd414978f3c54376
corpus_246	transform1	modified 800ad8e4bd24b47bdd414978f3c54376 800ad8e4bd24b47bdd414978f3c54376
corpus_246	composed	generated P0.b0 800ad8e4bd24b47bdd414978f3c54376 region
corpus_246_alternate	digest	122 a6cabeeb26e2054cb6a0760d351e8f4a
corpus_246_alternate	construct	generated P0.b0 800ad8e4bd24b47bdd414978f3c54376 region
corpus_247	digest	212 aa1306af50a119c43f227eaed03d554d
corpus_247	construct	generated P0.b0,P1.b0 36b1d044d7771cd75f77f9c20bbba5af region
corpus_247	transform0	modified 36b1d044d7771cd75f77f9c20bbba5af 36b1d044d7771cd75f77f9c20bbba5af
corpus_247	transform1	modified 36b1d044d7771cd75f77f9c20bbba5af 36b1d044d7771cd75f77f9c20bbba5af
corpus_247	composed	generated P0.b0,P1.b0 36b1d044d7771cd75f77f9c20bbba5af region
corpus_247_alternate	digest	53 141ef4afc1ff1cb8f4b773e5c4ac9a09
corpus_247_alternate	construct	generated P0.b0,P1.b0 36b1d044d7771cd75f77f9c20bbba5af region
corpus_248	digest	224 a322ab49aece3e5741c48ddab66b741f
corpus_248	construct	generated P0.b0 c72848b06265016f01f1a009bcb33f9c region
corpus_248	transform0	modified c72848b06265016f01f1a009bcb33f9c c72848b06265016f01f1a009bcb33f9c
corpus_248	transform1	modified c72848b06265016f01f1a009bcb33f9c c72848b06265016f01f1a009bcb33f9c
corpus_248	composed	generated P0.b0 c72848b06265016f01f1a009bcb33f9c region
corpus_248_alternate	digest	56 c9f7c79232eabc6ff417a58616de080c
corpus_248_alternate	construct	generated P0.b0 c72848b06265016f01f1a009bcb33f9c region
corpus_249	digest	260 c9e145bd717a1fc840a70fdf02156059
corpus_249	construct	generated P0.b0,P1.b0 037647b68ba22713a36b02392904959d region
corpus_249	transform0	modified 037647b68ba22713a36b02392904959d 037647b68ba22713a36b02392904959d
corpus_249	transform1	modified 037647b68ba22713a36b02392904959d 037647b68ba22713a36b02392904959d
corpus_249	composed	generated P0.b0,P1.b0 037647b68ba22713a36b02392904959d region
corpus_249_alternate	digest	65 81e7b8a109c073f4f00cfc5b188413a0
corpus_249_alternate	construct	generated P0.b0,P1.b0 037647b68ba22713a36b02392904959d region
corpus_250	digest	272 782e95dfa044d6ca4bbd559035d26da3
corpus_250	construct	generated P0.b0 449d364794feca969aedc55bc48db21a region
corpus_250	transform0	modified 449d364794feca969aedc55bc48db21a 449d364794feca969aedc55bc48db21a
corpus_250	transform1	modified 449d364794feca969aedc55bc48db21a 449d364794feca969aedc55bc48db21a
corpus_250	composed	generated P0.b0 449d364794feca969aedc55bc48db21a region
corpus_250_alternate	digest	68 8337ed0d7e77647dfb0b025057d81480
corpus_250_alternate	construct	generated P0.b0 449d364794feca969aedc55bc48db21a region
corpus_251	digest	308 a453cdc43ea411936d166a57173378e5
corpus_251	construct	generated P0.b0,P1.b0 2afbe2926c884b146101cd7fe28f3e93 region
corpus_251	transform0	modified 2afbe2926c884b146101cd7fe28f3e93 2afbe2926c884b146101cd7fe28f3e93
corpus_251	transform1	modified 2afbe2926c884b146101cd7fe28f3e93 2afbe2926c884b146101cd7fe28f3e93
corpus_251	composed	generated P0.b0,P1.b0 2afbe2926c884b146101cd7fe28f3e93 region
corpus_251_alternate	digest	77 f35e97bbeef89ad5365a4dfb0a517763
corpus_251_alternate	construct	generated P0.b0,P1.b0 2afbe2926c884b146101cd7fe28f3e93 region
corpus_252	digest	320 54e05e79f2371c86bc99cd4e3076f917
corpus_252	construct	generated P0.b0 5e88d808b2068f3e81356e78de69e540 region
corpus_252	transform0	modified 5e88d808b2068f3e81356e78de69e540 5e88d808b2068f3e81356e78de69e540
corpus_252	transform1	modified 5e88d808b2068f3e81356e78de69e540 5e88d808b2068f3e81356e78de69e540
corpus_252	composed	generated P0.b0 5e88d808b2068f3e81356e78de69e540 region
corpus_252_alternate	digest	80 e4541f7cf54fe86395662ba652b5f637
corpus_252_alternate	construct	generated P0.b0 5e88d808b2068f3e81356e78de69e540 region
corpus_253	digest	356 91d54a4de4d518afa92f932f8472cec1
corpus_253	construct	generated P0.b0,P1.b0 d963da6a18a0a35b8c382fb2ae94ba61 region
corpus_253	transform0	modified d963da6a18a0a35b8c382fb2ae94ba61 d963da6a18a0a35b8c382fb2ae94ba61
corpus_253	transform1	modified d963da6a18a0a35b8c382fb2ae94ba61 d963da6a18a0a35b8c382fb2ae94ba61
corpus_253	composed	generated P0.b0,P1.b0 d963da6a18a0a35b8c382fb2ae94ba61 region
corpus_253_alternate	digest	89 6047931ea940fca949a68bbd8220e0c2
corpus_253_alternate	construct	generated P0.b0,P1.b0 d963da6a18a0a35b8c382fb2ae94ba61 region
corpus_254	digest	368 1e05bd77c848c01b3ac5b9def60ce589
corpus_254	construct	generated P0.b0 69ef1d5a935d51787d1bb4854fcf66ae region
corpus_254	transform0	modified 69ef1d5a935d51787d1bb4854fcf66ae 69ef1d5a935d51787d1bb4854fcf66ae
corpus_254	transform1	modified 69ef1d5a935d51787d1bb4854fcf66ae 69ef1d5a935d51787d1bb4854fcf66ae
corpus_254	composed	generated P0.b0 69ef1d5a935d51787d1bb4854fcf66ae region
corpus_254_alternate	digest	92 5179076723fca7e8061a2eaa757b373c
corpus_254_alternate	construct	generated P0.b0 69ef1d5a935d51787d1bb4854fcf66ae region
corpus_255	digest	404 382913a74109d076244509fc12e1786f
corpus_255	construct	generated P0.b0,P1.b0 59119551231c1316a89428c2d8a56887 region
corpus_255	transform0	modified 59119551231c1316a89428c2d8a56887 59119551231c1316a89428c2d8a56887
corpus_255	transform1	modified 59119551231c1316a89428c2d8a56887 59119551231c1316a89428c2d8a56887
corpus_255	composed	generated P0.b0,P1.b0 59119551231c1316a89428c2d8a56887 region
corpus_255_alternate	digest	101 8bae4b159a68f2f49cf0c0f09eb907b6
corpus_255_alternate	construct	generated P0.b0,P1.b0 59119551231c1316a89428c2d8a56887 region
cone_apex_top	construct	generated P0.b0 1aeb1c09d969cb50e4e9348a62ff0abd region
cone_apex_top	construct	generated P0.s0 7f5d5b2ceb37a81c803a991b168d8a58 start_cap
cone_apex_top	construct	generated P0.s1 401783e34a35ec20077b4f4c9690aaeb wall
cone_apex_top	construct	generated P0.v1 3e88782a876771884ea2a1a3d5720e3e bottom_edge
cone_apex_top	construct	generated P0.v2 65261ce88b020cef2a0d6a059ec28555 apex
cone_apex_bottom	construct	generated P0.b0 1aeb1c09d969cb50e4e9348a62ff0abd region
cone_apex_bottom	construct	generated P0.s1 401783e34a35ec20077b4f4c9690aaeb wall
cone_apex_bottom	construct	generated P0.s2 905199bc3441254563d9b69589803607 end_cap
cone_apex_bottom	construct	generated P0.v1 652d909d97020cef2a0d6a07e99a76c6 apex
cone_apex_bottom	construct	generated P0.v2 77e505ff1f72aaadab01034d2ea55026 top_edge
cone_frustum	construct	generated P0.b0 c3a51732ef4b2b7e484abf7c0f583ac0 region
cone_frustum	construct	generated P0.s0 8139c26812284ef580c4878cd7bcde41 start_cap
cone_frustum	construct	generated P0.s1 927282dd42ea64a3ef4f5530bb6a99e6 wall
cone_frustum	construct	generated P0.s2 706352acf91ed1cc9d256a1b9029f856 end_cap
cone_frustum	construct	generated P0.v1 94018e9605b8df3ba82802d97c893693 bottom_edge
cone_frustum	construct	generated P0.v2 88cfe66a0ded4c6455fe1d63eb04de37 top_edge
cone_widening	construct	generated P0.b0 c3a51732ef4b2b7e484abf7c0f583ac0 region
cone_widening	construct	generated P0.s0 8139c26812284ef580c4878cd7bcde41 start_cap
cone_widening	construct	generated P0.s1 927282dd42ea64a3ef4f5530bb6a99e6 wall
cone_widening	construct	generated P0.s2 706352acf91ed1cc9d256a1b9029f856 end_cap
cone_widening	construct	generated P0.v1 94018e9605b8df3ba82802d97c893693 bottom_edge
cone_widening	construct	generated P0.v2 88cfe66a0ded4c6455fe1d63eb04de37 top_edge
cone_transformed	construct	generated P0.b0 71dbd1b8b83b1a2205c6ea188b69e087 region
cone_transformed	construct	generated P0.s0 b4472683955df6aacd4d2207c3053d06 start_cap
cone_transformed	construct	generated P0.s1 f39be5374e5fb2a7460c6bdad8b1ff55 wall
cone_transformed	construct	generated P0.v1 cf58393275cd6664a5e9b2037d113ce0 bottom_edge
cone_transformed	construct	generated P0.v2 e56ad4365f9391d8237a56c16a3c6e1f apex
cone_transformed	transform0	modified 71dbd1b8b83b1a2205c6ea188b69e087 71dbd1b8b83b1a2205c6ea188b69e087
cone_transformed	transform0	modified b4472683955df6aacd4d2207c3053d06 b4472683955df6aacd4d2207c3053d06
cone_transformed	transform0	modified cf58393275cd6664a5e9b2037d113ce0 cf58393275cd6664a5e9b2037d113ce0
cone_transformed	transform0	modified e56ad4365f9391d8237a56c16a3c6e1f e56ad4365f9391d8237a56c16a3c6e1f
cone_transformed	transform0	modified f39be5374e5fb2a7460c6bdad8b1ff55 f39be5374e5fb2a7460c6bdad8b1ff55
cone_transformed	transform1	modified 71dbd1b8b83b1a2205c6ea188b69e087 71dbd1b8b83b1a2205c6ea188b69e087
cone_transformed	transform1	modified b4472683955df6aacd4d2207c3053d06 b4472683955df6aacd4d2207c3053d06
cone_transformed	transform1	modified cf58393275cd6664a5e9b2037d113ce0 cf58393275cd6664a5e9b2037d113ce0
cone_transformed	transform1	modified e56ad4365f9391d8237a56c16a3c6e1f e56ad4365f9391d8237a56c16a3c6e1f
cone_transformed	transform1	modified f39be5374e5fb2a7460c6bdad8b1ff55 f39be5374e5fb2a7460c6bdad8b1ff55
cone_transformed	composed	generated P0.b0 71dbd1b8b83b1a2205c6ea188b69e087 region
cone_transformed	composed	generated P0.s0 b4472683955df6aacd4d2207c3053d06 start_cap
cone_transformed	composed	generated P0.s1 f39be5374e5fb2a7460c6bdad8b1ff55 wall
cone_transformed	composed	generated P0.v1 cf58393275cd6664a5e9b2037d113ce0 bottom_edge
cone_transformed	composed	generated P0.v2 e56ad4365f9391d8237a56c16a3c6e1f apex
cone_frustum_transformed	construct	generated P0.b0 71dbd1b8b83b1a2205c6ea188b69e087 region
cone_frustum_transformed	construct	generated P0.s0 b4472683955df6aacd4d2207c3053d06 start_cap
cone_frustum_transformed	construct	generated P0.s1 f39be5374e5fb2a7460c6bdad8b1ff55 wall
cone_frustum_transformed	construct	generated P0.s2 15ab1567982b457e983656f003f2a0e5 end_cap
cone_frustum_transformed	construct	generated P0.v1 cf58393275cd6664a5e9b2037d113ce0 bottom_edge
cone_frustum_transformed	construct	generated P0.v2 da89e15e6d98f93bf81397790e95953c top_edge
cone_frustum_transformed	transform0	modified 15ab1567982b457e983656f003f2a0e5 15ab1567982b457e983656f003f2a0e5
cone_frustum_transformed	transform0	modified 71dbd1b8b83b1a2205c6ea188b69e087 71dbd1b8b83b1a2205c6ea188b69e087
cone_frustum_transformed	transform0	modified b4472683955df6aacd4d2207c3053d06 b4472683955df6aacd4d2207c3053d06
cone_frustum_transformed	transform0	modified cf58393275cd6664a5e9b2037d113ce0 cf58393275cd6664a5e9b2037d113ce0
cone_frustum_transformed	transform0	modified da89e15e6d98f93bf81397790e95953c da89e15e6d98f93bf81397790e95953c
cone_frustum_transformed	transform0	modified f39be5374e5fb2a7460c6bdad8b1ff55 f39be5374e5fb2a7460c6bdad8b1ff55
cone_frustum_transformed	transform1	modified 15ab1567982b457e983656f003f2a0e5 15ab1567982b457e983656f003f2a0e5
cone_frustum_transformed	transform1	modified 71dbd1b8b83b1a2205c6ea188b69e087 71dbd1b8b83b1a2205c6ea188b69e087
cone_frustum_transformed	transform1	modified b4472683955df6aacd4d2207c3053d06 b4472683955df6aacd4d2207c3053d06
cone_frustum_transformed	transform1	modified cf58393275cd6664a5e9b2037d113ce0 cf58393275cd6664a5e9b2037d113ce0
cone_frustum_transformed	transform1	modified da89e15e6d98f93bf81397790e95953c da89e15e6d98f93bf81397790e95953c
cone_frustum_transformed	transform1	modified f39be5374e5fb2a7460c6bdad8b1ff55 f39be5374e5fb2a7460c6bdad8b1ff55
cone_frustum_transformed	composed	generated P0.b0 71dbd1b8b83b1a2205c6ea188b69e087 region
cone_frustum_transformed	composed	generated P0.s0 b4472683955df6aacd4d2207c3053d06 start_cap
cone_frustum_transformed	composed	generated P0.s1 f39be5374e5fb2a7460c6bdad8b1ff55 wall
cone_frustum_transformed	composed	generated P0.s2 15ab1567982b457e983656f003f2a0e5 end_cap
cone_frustum_transformed	composed	generated P0.v1 cf58393275cd6664a5e9b2037d113ce0 bottom_edge
cone_frustum_transformed	composed	generated P0.v2 da89e15e6d98f93bf81397790e95953c top_edge
