case polygon_3 1e-07
op 7
frame 0.0 0.0 0.0 0.0 0.0 1.0 1.0 0.0 0.0
offsets 0.0 4.0
boundary P 3 10.0 0.0 -4.999999999999998 8.660254037844387 -5.000000000000004 -8.660254037844384
end
case polygon_4 1e-07
op 7
frame 0.0 0.0 0.0 0.0 0.0 1.0 1.0 0.0 0.0
offsets 0.0 4.0
boundary P 4 10.0 0.0 6.123233995736766e-16 10.0 -10.0 1.2246467991473533e-15 -1.8369701987210296e-15 -10.0
end
case polygon_5 1e-07
op 7
frame 0.0 0.0 0.0 0.0 0.0 1.0 1.0 0.0 0.0
offsets 0.0 4.0
boundary P 5 10.0 0.0 3.0901699437494745 9.510565162951535 -8.090169943749473 5.877852522924733 -8.090169943749476 -5.87785252292473 3.0901699437494723 -9.510565162951536
end
case polygon_6 1e-07
op 7
frame 0.0 0.0 0.0 0.0 0.0 1.0 1.0 0.0 0.0
offsets 0.0 4.0
boundary P 6 10.0 0.0 5.000000000000001 8.660254037844386 -4.999999999999998 8.660254037844387 -10.0 1.2246467991473533e-15 -5.000000000000004 -8.660254037844384 5.000000000000001 -8.660254037844386
end
case polygon_7 1e-07
op 7
frame 0.0 0.0 0.0 0.0 0.0 1.0 1.0 0.0 0.0
offsets 0.0 4.0
boundary P 7 10.0 0.0 6.2348980185873355 7.818314824680298 -2.2252093395631434 9.749279121818237 -9.00968867902419 4.338837391175582 -9.009688679024192 -4.33883739117558 -2.225209339563146 -9.749279121818237 6.234898018587334 -7.818314824680299
end
case polygon_8 1e-07
op 7
frame 0.0 0.0 0.0 0.0 0.0 1.0 1.0 0.0 0.0
offsets 0.0 4.0
boundary P 8 10.0 0.0 7.0710678118654755 7.071067811865475 6.123233995736766e-16 10.0 -7.071067811865475 7.0710678118654755 -10.0 1.2246467991473533e-15 -7.071067811865477 -7.071067811865475 -1.8369701987210296e-15 -10.0 7.071067811865474 -7.071067811865477
end
case polygon_9 1e-07
op 7
frame 0.0 0.0 0.0 0.0 0.0 1.0 1.0 0.0 0.0
offsets 0.0 4.0
boundary P 9 10.0 0.0 7.66044443118978 6.4278760968653925 1.7364817766693041 9.84807753012208 -4.999999999999998 8.660254037844387 -9.396926207859083 3.420201433256689 -9.396926207859085 -3.4202014332566866 -5.000000000000004 -8.660254037844384 1.7364817766692997 -9.848077530122081 7.660444431189778 -6.427876096865396
end
case polygon_10 1e-07
op 7
frame 0.0 0.0 0.0 0.0 0.0 1.0 1.0 0.0 0.0
offsets 0.0 4.0
boundary P 10 10.0 0.0 8.090169943749475 5.877852522924732 3.0901699437494745 9.510565162951535 -3.0901699437494736 9.510565162951536 -8.090169943749473 5.877852522924733 -10.0 1.2246467991473533e-15 -8.090169943749476 -5.87785252292473 -3.0901699437494754 -9.510565162951535 3.0901699437494723 -9.510565162951536 8.090169943749473 -5.877852522924734
end
case polygon_11 1e-07
op 7
frame 0.0 0.0 0.0 0.0 0.0 1.0 1.0 0.0 0.0
offsets 0.0 4.0
boundary P 11 10.0 0.0 8.412535328311812 5.406408174555976 4.154150130018865 9.096319953545184 -1.4231483827328502 9.898214418809328 -6.54860733945285 7.5574957435425825 -9.594929736144973 2.817325568414297 -9.594929736144975 -2.8173255684142937 -6.548607339452852 -7.557495743542582 -1.4231483827328524 -9.898214418809326 4.15415013001886 -9.096319953545185 8.412535328311812 -5.406408174555974
end
case polygon_12 1e-07
op 7
frame 0.0 0.0 0.0 0.0 0.0 1.0 1.0 0.0 0.0
offsets 0.0 4.0
boundary P 12 10.0 0.0 8.660254037844387 4.999999999999999 5.000000000000001 8.660254037844386 6.123233995736766e-16 10.0 -4.999999999999998 8.660254037844387 -8.660254037844387 4.999999999999999 -10.0 1.2246467991473533e-15 -8.660254037844389 -4.999999999999997 -5.000000000000004 -8.660254037844384 -1.8369701987210296e-15 -10.0 5.000000000000001 -8.660254037844386 8.660254037844384 -5.000000000000004
end
case circle 1e-07
op 7
frame 0.0 0.0 0.0 0.0 0.0 1.0 1.0 0.0 0.0
offsets 0.0 4.0
boundary C 1.0 2.0 3.0
end
case circle_labelled 1e-07
op 7
frame 3.0 -2.0 5.0 0.3 -0.4 0.8 1.0 0.0 0.0
offsets -1.0 2.0
boundary C 1.0 2.0 3.0 labels 9 10 | 11
end
case holes_0 1e-07
op 8
frame 3.0 -2.0 5.0 0.3 -0.4 0.8 1.0 0.0 0.0
offsets 0.0 3.0
boundary P 4 -10.0 -10.0 10.0 -10.0 10.0 10.0 -10.0 10.0
end
case holes_1 1e-07
op 8
frame 3.0 -2.0 5.0 0.3 -0.4 0.8 1.0 0.0 0.0
offsets 0.0 3.0
boundary P 4 -10.0 -10.0 10.0 -10.0 10.0 10.0 -10.0 10.0
boundary P 4 -6.0 -6.0 -4.0 -6.0 -4.0 -4.0 -6.0 -4.0
end
case holes_2 1e-07
op 8
frame 3.0 -2.0 5.0 0.3 -0.4 0.8 1.0 0.0 0.0
offsets 0.0 3.0
boundary P 4 -10.0 -10.0 10.0 -10.0 10.0 10.0 -10.0 10.0
boundary P 4 -6.0 -6.0 -4.0 -6.0 -4.0 -4.0 -6.0 -4.0
boundary C 5.0 5.0 1.5
end
case holes_3 1e-07
op 8
frame 3.0 -2.0 5.0 0.3 -0.4 0.8 1.0 0.0 0.0
offsets 0.0 3.0
boundary P 4 -10.0 -10.0 10.0 -10.0 10.0 10.0 -10.0 10.0
boundary P 4 -6.0 -6.0 -4.0 -6.0 -4.0 -4.0 -6.0 -4.0
boundary C 5.0 5.0 1.5
boundary P 4 4.0 -4.0 6.0 -4.0 6.0 -6.0 4.0 -6.0
end
case holes_3_labelled 1e-07
op 8
frame 3.0 -2.0 5.0 0.3 -0.4 0.8 1.0 0.0 0.0
offsets 0.0 3.0
boundary P 4 -10.0 -10.0 10.0 -10.0 10.0 10.0 -10.0 10.0 labels 100 101 102 103 104 | 201 202 203 204
boundary P 4 -6.0 -6.0 -4.0 -6.0 -4.0 -4.0 -6.0 -4.0 labels 500 501 502 503 504 | 601 602 603 604
boundary C 5.0 5.0 1.5 labels 600 601 | 701
boundary P 4 4.0 -4.0 6.0 -4.0 6.0 -6.0 4.0 -6.0 labels 800 801 802 803 804 | 901 902 903 904
end
case holes_3_reversed_direction 1e-07
op 8
frame 3.0 -2.0 5.0 0.3 -0.4 0.8 1.0 0.0 0.0
offsets 3.0 0.0
boundary P 4 -10.0 -10.0 10.0 -10.0 10.0 10.0 -10.0 10.0 labels 100 101 102 103 104 | 201 202 203 204
boundary P 4 -6.0 -6.0 -4.0 -6.0 -4.0 -4.0 -6.0 -4.0 labels 500 501 502 503 504 | 601 602 603 604
boundary C 5.0 5.0 1.5 labels 600 601 | 701
boundary P 4 4.0 -4.0 6.0 -4.0 6.0 -6.0 4.0 -6.0 labels 800 801 802 803 804 | 901 902 903 904
end
case clockwise_labelled 1e-07
op 9
frame 0.0 0.0 0.0 0.0 0.0 1.0 1.0 0.0 0.0
offsets 0.0 2.0
boundary P 7 6.234898018587334 -7.818314824680299 -2.225209339563146 -9.749279121818237 -9.009688679024192 -4.33883739117558 -9.00968867902419 4.338837391175582 -2.2252093395631434 9.749279121818237 6.2348980185873355 7.818314824680298 10.0 0.0 labels 300 301 302 303 304 305 306 307 | 401 402 403 404 405 406 407
end
case clockwise_closing_point 1e-07
op 9
frame 0.0 0.0 0.0 0.0 0.0 1.0 1.0 0.0 0.0
offsets 0.0 2.0
boundary P 8 6.234898018587334 -7.818314824680299 -2.225209339563146 -9.749279121818237 -9.009688679024192 -4.33883739117558 -9.00968867902419 4.338837391175582 -2.2252093395631434 9.749279121818237 6.2348980185873355 7.818314824680298 10.0 0.0 6.234898018587334 -7.818314824680299
end
case labels_absent 1e-07
op 11
frame 0.0 0.0 0.0 0.0 0.0 1.0 1.0 0.0 0.0
offsets 0.0 1.0
boundary P 6 10.0 0.0 5.000000000000001 8.660254037844386 -4.999999999999998 8.660254037844387 -10.0 1.2246467991473533e-15 -5.000000000000004 -8.660254037844384 5.000000000000001 -8.660254037844386
end
case labels_present 1e-07
op 11
frame 0.0 0.0 0.0 0.0 0.0 1.0 1.0 0.0 0.0
offsets 0.0 1.0
boundary P 6 10.0 0.0 5.000000000000001 8.660254037844386 -4.999999999999998 8.660254037844387 -10.0 1.2246467991473533e-15 -5.000000000000004 -8.660254037844384 5.000000000000001 -8.660254037844386 labels 40 41 42 43 44 45 46 | 141 142 143 144 145 146
end
case labels_permuted 1e-07
op 11
frame 0.0 0.0 0.0 0.0 0.0 1.0 1.0 0.0 0.0
offsets 0.0 1.0
boundary P 6 10.0 0.0 5.000000000000001 8.660254037844386 -4.999999999999998 8.660254037844387 -10.0 1.2246467991473533e-15 -5.000000000000004 -8.660254037844384 5.000000000000001 -8.660254037844386 labels 40 44 41 46 42 45 43 | 144 141 146 142 145 143
end
case labels_moved 1e-07
op 11
frame 0.0 0.0 0.0 0.0 0.0 1.0 1.0 0.0 0.0
offsets 0.0 1.0
boundary P 6 13.0 -0.25 6.750000000000001 6.678203230275509 -5.749999999999998 6.6782032302755105 -12.0 -0.24999999999999903 -5.750000000000005 -7.178203230275507 6.750000000000001 -7.178203230275509 labels 40 41 42 43 44 45 46 | 141 142 143 144 145 146
end
case labels_inserted_vertex 1e-07
op 11
frame 0.0 0.0 0.0 0.0 0.0 1.0 1.0 0.0 0.0
offsets 0.0 1.0
boundary P 7 10.0 0.0 5.000000000000001 8.660254037844386 -4.999999999999998 8.660254037844387 -7.499999999999999 4.3301270189221945 -10.0 1.2246467991473533e-15 -5.000000000000004 -8.660254037844384 5.000000000000001 -8.660254037844386 labels 40 41 42 43 99 44 45 46 | 141 142 143 199 144 145 146
end
case transformed_copy 1e-07
op 12
frame 3.0 -2.0 5.0 0.3 -0.4 0.8 1.0 0.0 0.0
offsets 0.0 2.0
boundary P 5 10.0 0.0 3.0901699437494745 9.510565162951535 -8.090169943749473 5.877852522924733 -8.090169943749476 -5.87785252292473 3.0901699437494723 -9.510565162951536 labels 60 61 62 63 64 65 | 161 162 163 164 165
transform R 1.0 2.0 3.0 0.0 0.6 0.8 1.1
transform T 10.0 -20.0 30.0
transform R 0.0 0.0 0.0 1.0 0.0 0.0 -2.5
end
case box_ppp 1e-07
op 0
box 1.0 2.0 3.0 4.0 5.0 6.0
end
case box_ppn 1e-07
op 0
box 1.0 2.0 3.0 4.0 5.0 -6.0
end
case box_pnp 1e-07
op 0
box 1.0 2.0 3.0 4.0 -5.0 6.0
end
case box_pnn 1e-07
op 0
box 1.0 2.0 3.0 4.0 -5.0 -6.0
end
case box_npp 1e-07
op 0
box 1.0 2.0 3.0 -4.0 5.0 6.0
end
case box_npn 1e-07
op 0
box 1.0 2.0 3.0 -4.0 5.0 -6.0
end
case box_nnp 1e-07
op 0
box 1.0 2.0 3.0 -4.0 -5.0 6.0
end
case box_nnn 1e-07
op 0
box 1.0 2.0 3.0 -4.0 -5.0 -6.0
end
case corpus_0 2.44140625e-13
op 1000
frame -0.000197918262509391 -0.0019367650047358656 -0.0006280160962823952 -0.8420256568328341 -0.5256948580948717 1.279710285725446 1.0 0.0 0.0
offsets -0.0003401664689780202 0.00030412511921306545
boundary P 8 0.00033837257669120855 0.0 0.00022334270791418337 0.00022334270791418335 2.0776439022913395e-20 0.0003393049985902672 -0.00023053362496110974 0.00023053362496110977 -0.00024682780687543905 3.0227688363056747e-20 -0.00014519252859972583 -0.0001451925285997258 -4.994824126456727e-20 -0.0002719055611209326 0.00016411002495050743 -0.0001641100249505075
transform R 0.0 0.0 0.0 1.003379668331101 0.6953342892420835 0.5598585868575148 2.146767672391883
transform T 0.0048828125 -0.009765625 0.00732421875
end
case corpus_0_alternate 2.44140625e-13
op 1000
frame -0.000197918262509391 -0.0019367650047358656 -0.0006280160962823952 -0.8420256568328341 -0.5256948580948717 1.279710285725446 1.0 0.0 0.0
offsets 0.00030412511921306545 -0.0003401664689780202
boundary P 8 0.00033837257669120855 0.0 0.00016411002495050743 -0.0001641100249505075 -4.994824126456727e-20 -0.0002719055611209326 -0.00014519252859972583 -0.0001451925285997258 -0.00024682780687543905 3.0227688363056747e-20 -0.00023053362496110974 0.00023053362496110977 2.0776439022913395e-20 0.0003393049985902672 0.00022334270791418337 0.00022334270791418335
end
case corpus_1 4.8828125e-13
op 1001
frame 0.0026991605179570565 -0.0024644685025080864 -0.0017046312661211287 -0.99193594228056 -0.469129124711815 1.4583033786987878 1.0 0.0 0.0
offsets -0.0002563756238151246 0.0006806994835020714
boundary P 9 0.0005259586058311261 0.0 0.00030672961231006403 0.0002573767045605248 0.00010832670580844952 0.0006143512772305357 -0.000278553878682731 0.0004824694705238675 -0.0006005189981828511 0.0002185710404499176 -0.0005727095857079348 -0.00020844924207661666 -0.00030459765377648644 -0.0005275786122071479 8.37163382987594e-05 -0.0004747789473987211 0.00037940385028339166 -0.00031835763084003414
boundary C 0.0 0.0 9.765625e-05
transform R 0.0 0.0 0.0 1.1705924849854172 0.6778839685873823 0.17310626076568525 4.097779577011984
transform T 0.009765625 -0.01953125 0.0146484375
end
case corpus_1_alternate 4.8828125e-13
op 1001
frame 0.0026991605179570565 -0.0024644685025080864 -0.0017046312661211287 -0.99193594228056 -0.469129124711815 1.4583033786987878 1.0 0.0 0.0
offsets 0.0006806994835020714 -0.0002563756238151246
boundary P 9 0.00030672961231006403 0.0002573767045605248 0.0005259586058311261 0.0 0.00037940385028339166 -0.00031835763084003414 8.37163382987594e-05 -0.0004747789473987211 -0.00030459765377648644 -0.0005275786122071479 -0.0005727095857079348 -0.00020844924207661666 -0.0006005189981828511 0.0002185710404499176 -0.000278553878682731 0.0004824694705238675 0.00010832670580844952 0.0006143512772305357
boundary C 0.0 0.0 9.765625e-05
end
case corpus_2 9.765625e-13
op 1002
frame 0.00022006932274591922 -0.0024108133741060204 0.0055228217231051355 -0.25857775751804657 0.9507479299240529 1.143080973417002 1.0 0.0 0.0
offsets -0.0012672086382483907 0.000538326078879897
boundary P 10 0.000927350400885507 0.0 0.0010502812380233225 0.0007630739857900649 0.00030879155191413385 0.0009503626757449273 -0.0002979319616162064 0.0009169402934645283 -0.0007446002239016327 0.00054098372902685 -0.0008291194679990045 1.0153785025957372e-19 -0.0010982160780096746 -0.0007979006856132813 -0.00034797759559699817 -0.0010709649172747087 0.0004071978892470792 -0.001253226240108249 0.000727738917797236 -0.0005287332730642896
transform R 0.0 0.0 0.0 0.8643116026765043 0.39524113902333635 -0.5353313249623477 5.2320037790357015
transform T 0.01953125 -0.0390625 0.029296875
end
case corpus_2_alternate 9.765625e-13
op 1002
frame 0.00022006932274591922 -0.0024108133741060204 0.0055228217231051355 -0.25857775751804657 0.9507479299240529 1.143080973417002 1.0 0.0 0.0
offsets 0.000538326078879897 -0.0012672086382483907
boundary P 10 0.00030879155191413385 0.0009503626757449273 0.0010502812380233225 0.0007630739857900649 0.000927350400885507 0.0 0.000727738917797236 -0.0005287332730642896 0.0004071978892470792 -0.001253226240108249 -0.00034797759559699817 -0.0010709649172747087 -0.0010982160780096746 -0.0007979006856132813 -0.0008291194679990045 1.0153785025957372e-19 -0.0007446002239016327 0.00054098372902685 -0.0002979319616162064 0.0009169402934645283
end
case corpus_3 1.953125e-12
op 1003
frame 0.013945103197685653 -0.01090858206341951 -0.01918386974642311 -0.45528036445991327 -0.888542858984235 0.7486074547153886 1.0 0.0 0.0
offsets -0.0023843555446249084 0.0017299771020475587
boundary P 11 0.0025360984573532313 0.0 0.00136289880468345 0.0008758818775994163 0.0006804104299967636 0.001489891019165384 -0.0003203642401239001 0.0022281822326748486 -0.0013420829681491564 0.00154884631090367 -0.0017250125488252892 0.0005065093849862427 -0.00230231245954926 -0.0006760199331457537 -0.0011969107686790091 -0.0013813086616440299 -0.00025899185078857726 -0.001801327888878914 0.0010004678664785153 -0.0021907190476738937 0.0014732250146684187 -0.0009467842275156345
boundary C 0.0 0.0 0.000390625
transform R 0.0 0.0 0.0 1.2298561082919537 -0.758801366144412 -0.491415258576702 -1.1845952288900892
transform T 0.0390625 -0.078125 0.05859375
end
case corpus_3_alternate 1.953125e-12
op 1003
frame 0.013945103197685653 -0.01090858206341951 -0.01918386974642311 -0.45528036445991327 -0.888542858984235 0.7486074547153886 1.0 0.0 0.0
offsets 0.0017299771020475587 -0.0023843555446249084
boundary P 11 -0.0003203642401239001 0.0022281822326748486 0.0006804104299967636 0.001489891019165384 0.00136289880468345 0.0008758818775994163 0.0025360984573532313 0.0 0.0014732250146684187 -0.0009467842275156345 0.0010004678664785153 -0.0021907190476738937 -0.00025899185078857726 -0.001801327888878914 -0.0011969107686790091 -0.0013813086616440299 -0.00230231245954926 -0.0006760199331457537 -0.0017250125488252892 0.0005065093849862427 -0.0013420829681491564 0.00154884631090367
boundary C 0.0 0.0 0.000390625
end
case corpus_4 3.90625e-12
op 1004
frame 0.015136538849069318 0.01743332194794857 0.011895635942900601 0.11638568322863652 0.6653082600532647 1.0178037776397306 1.0 0.0 0.0
offsets -0.005244843525830414 0.004401159439619065
boundary P 12 0.004486395624895478 0.0 0.003146833485610283 0.0018168251600120249 0.0019008897727660868 0.0032924376660189193 2.445920130455982e-19 0.0039944907089275485 -0.0016265727396199106 0.0028173066272281885 -0.0036171786405162537 0.002088379061809023 -0.004781275077282079 5.855373219236512e-19 -0.004207447147243887 -0.0024291707430623794 -0.0017082352395945157 -0.002958750226257292 -8.542141368137408e-19 -0.004650125175729459 0.0026824353640355547 -0.004646114338529097 0.004706436861536274 -0.002717262588931949
transform R 0.0 0.0 0.0 1.084268517390866 0.4317639075932793 0.8839201705264967 0.196136148551658
transform T 0.078125 -0.15625 0.1171875
end
case corpus_4_alternate 3.90625e-12
op 1004
frame 0.015136538849069318 0.01743332194794857 0.011895635942900601 0.11638568322863652 0.6653082600532647 1.0178037776397306 1.0 0.0 0.0
offsets 0.004401159439619065 -0.005244843525830414
boundary P 12 -0.0016265727396199106 0.0028173066272281885 2.445920130455982e-19 0.0039944907089275485 0.0019008897727660868 0.0032924376660189193 0.003146833485610283 0.0018168251600120249 0.004486395624895478 0.0 0.004706436861536274 -0.002717262588931949 0.0026824353640355547 -0.004646114338529097 -8.542141368137408e-19 -0.004650125175729459 -0.0017082352395945157 -0.002958750226257292 -0.004207447147243887 -0.0024291707430623794 -0.004781275077282079 5.855373219236512e-19 -0.0036171786405162537 0.002088379061809023
end
case corpus_5 7.8125e-12
op 1005
frame 0.06910286765199708 -0.0635967579712348 0.031100047178034065 -0.34643850232480466 -0.6609151494407981 0.5917215047305936 1.0 0.0 0.0
offsets -0.009676786413828 0.006235966127893594
boundary P 13 0.0103284394894468 0.0 0.007458598697157687 0.003914574575273347 0.004613308070448188 0.00668353058735518 0.0008131066057506559 0.00669653537335394 -0.00259724508943155 0.006848372466344869 -0.007387541682293023 0.006544790826580093 -0.007724283775522364 0.001903864958443327 -0.008196551713727197 -0.0020202685506305693 -0.007934256505910736 -0.007029137895774282 -0.0029154446000773603 -0.007687395620678022 0.0008856940910230631 -0.007294347098595949 0.005357293863710945 -0.007761380089252061 0.008953473494682226 -0.004699145392555208
boundary C 0.0 0.0 0.0015625
transform R 0.0 0.0 0.0 0.8371810071426022 0.8076711815199744 -0.07261510418710593 3.7125687436761954
transform T 0.15625 -0.3125 0.234375
end
case corpus_5_alternate 7.8125e-12
op 1005
frame 0.06910286765199708 -0.0635967579712348 0.031100047178034065 -0.34643850232480466 -0.6609151494407981 0.5917215047305936 1.0 0.0 0.0
offsets 0.006235966127893594 -0.009676786413828
boundary P 13 -0.007387541682293023 0.006544790826580093 -0.00259724508943155 0.006848372466344869 0.0008131066057506559 0.00669653537335394 0.004613308070448188 0.00668353058735518 0.007458598697157687 0.003914574575273347 0.0103284394894468 0.0 0.008953473494682226 -0.004699145392555208 0.005357293863710945 -0.007761380089252061 0.0008856940910230631 -0.007294347098595949 -0.0029154446000773603 -0.007687395620678022 -0.007934256505910736 -0.007029137895774282 -0.008196551713727197 -0.0020202685506305693 -0.007724283775522364 0.001903864958443327
boundary C 0.0 0.0 0.0015625
end
case corpus_6 1.5625e-11
op 1006
frame 0.025115066523857428 0.05637311800286898 0.025245308134145862 0.3224228671673699 -0.15112394891069947 0.9528047351713166 1.0 0.0 0.0
offsets -0.016956703653089305 0.007962208545293052
boundary P 14 0.01641146707123598 0.0 0.012559437353162336 0.006048306255786188 0.010033280170506446 0.012581335390472771 0.0028558962183779586 0.012512498883083981 -0.0038230017781862033 0.016749665191528425 -0.009274881797227626 0.011630333910233224 -0.014891382875075994 0.007171312031581684 -0.0171638908869143 2.1019704035574023e-18 -0.014638207596162182 -0.007049389243147271 -0.009020710662091813 -0.0113116133877942 -0.00425487450282502 -0.0186418232293113 0.004060731481578125 -0.01779122707638467 0.013402635303914879 -0.016806373091267184 0.014699588411280051 -0.007078948685789744
transform R 0.0 0.0 0.0 0.972447424076381 0.8873005264648501 -0.940135550964843 -3.4961120825431635
transform T 0.3125 -0.625 0.46875
end
case corpus_6_alternate 1.5625e-11
op 1006
frame 0.025115066523857428 0.05637311800286898 0.025245308134145862 0.3224228671673699 -0.15112394891069947 0.9528047351713166 1.0 0.0 0.0
offsets 0.007962208545293052 -0.016956703653089305
boundary P 14 -0.014891382875075994 0.007171312031581684 -0.009274881797227626 0.011630333910233224 -0.0038230017781862033 0.016749665191528425 0.0028558962183779586 0.012512498883083981 0.010033280170506446 0.012581335390472771 0.012559437353162336 0.006048306255786188 0.01641146707123598 0.0 0.014699588411280051 -0.007078948685789744 0.013402635303914879 -0.016806373091267184 0.004060731481578125 -0.01779122707638467 -0.00425487450282502 -0.0186418232293113 -0.009020710662091813 -0.0113116133877942 -0.014638207596162182 -0.007049389243147271 -0.0171638908869143 2.1019704035574023e-18
end
case corpus_7 3.125e-11
op 1007
frame -0.2827152220665774 0.10174421298404492 0.06188689013560254 -0.3704479385952124 -0.8499294975510143 1.2403991089332749 1.0 0.0 0.0
offsets -0.01963385267324488 0.044996537374297776
boundary P 15 0.03820012654635595 0.0 0.03472493115628944 0.015460535446144171 0.023874678063748805 0.02651551624511742 0.010094419204745055 0.031067427803789564 -0.004101375693982325 0.03902198311623797 -0.016904578424599515 0.029279588711939024 -0.027073563333360775 0.019670095146333187 -0.03910522124451307 0.008312071371079201 -0.029505457630904498 -0.006271578624525568 -0.02828764065975319 -0.02055217395624431 -0.019616971450633736 -0.03397759124312573 -0.004524118382339457 -0.04304411112362519 0.008363655855840004 -0.0257406859381182 0.02924900707535024 -0.032484313304211566 0.03847060367380284 -0.017128216296712975
boundary C 0.0 0.0 0.00625
transform R 0.0 0.0 0.0 0.4185765398085071 -0.5269689814047565 0.41116982218200326 -4.204587475707141
transform T 0.625 -1.25 0.9375
end
case corpus_7_alternate 3.125e-11
op 1007
frame -0.2827152220665774 0.10174421298404492 0.06188689013560254 -0.3704479385952124 -0.8499294975510143 1.2403991089332749 1.0 0.0 0.0
offsets 0.044996537374297776 -0.01963385267324488
boundary P 15 -0.03910522124451307 0.008312071371079201 -0.027073563333360775 0.019670095146333187 -0.016904578424599515 0.029279588711939024 -0.004101375693982325 0.03902198311623797 0.010094419204745055 0.031067427803789564 0.023874678063748805 0.02651551624511742 0.03472493115628944 0.015460535446144171 0.03820012654635595 0.0 0.03847060367380284 -0.017128216296712975 0.02924900707535024 -0.032484313304211566 0.008363655855840004 -0.0257406859381182 -0.004524118382339457 -0.04304411112362519 -0.019616971450633736 -0.03397759124312573 -0.02828764065975319 -0.02055217395624431 -0.029505457630904498 -0.006271578624525568
boundary C 0.0 0.0 0.00625
end
case corpus_8 6.25e-11
op 1008
frame -0.1939459302313877 -0.14417126039523095 -0.0025742007197079864 0.4519133976833689 0.17835053971458836 1.163827694336618 1.0 0.0 0.0
offsets -0.03664550439438875 0.06451417776126332
boundary P 16 0.05276677021637003 0.0 0.07251667613176015 0.03003739075199237 0.05779587390875447 0.057795873908754465 0.02464710011365946 0.0595033633675641 4.2419321956971455e-18 0.06927601000795566 -0.033078190211503454 0.07985781542736861 -0.056056980790272506 0.05605698079027251 -0.05665501910634528 0.02346727729035505 -0.08050695656696921 9.859258666883383e-18 -0.0694450068619996 -0.028765063681332873 -0.04491208151893518 -0.044912081518935165 -0.02042098010330953 -0.04930060712236091 -1.1646957863589216e-17 -0.06340308553561882 0.027833859209722724 -0.06719688039729582 0.06057287008303923 -0.06057287008303926 0.05805178305889424 -0.024045835862934718
transform R 0.0 0.0 0.0 1.1391825528591997 0.534621852067193 0.13738607755163645 6.246261061370858
transform T 1.25 -2.5 1.875
end
case corpus_8_alternate 6.25e-11
op 1008
frame -0.1939459302313877 -0.14417126039523095 -0.0025742007197079864 0.4519133976833689 0.17835053971458836 1.163827694336618 1.0 0.0 0.0
offsets 0.06451417776126332 -0.03664550439438875
boundary P 16 -0.08050695656696921 9.859258666883383e-18 -0.05665501910634528 0.02346727729035505 -0.056056980790272506 0.05605698079027251 -0.033078190211503454 0.07985781542736861 4.2419321956971455e-18 0.06927601000795566 0.02464710011365946 0.0595033633675641 0.05779587390875447 0.057795873908754465 0.07251667613176015 0.03003739075199237 0.05276677021637003 0.0 0.05805178305889424 -0.024045835862934718 0.06057287008303923 -0.06057287008303926 0.027833859209722724 -0.06719688039729582 -1.1646957863589216e-17 -0.06340308553561882 -0.02042098010330953 -0.04930060712236091 -0.04491208151893518 -0.044912081518935165 -0.0694450068619996 -0.028765063681332873
end
case corpus_9 1.25e-10
op 1009
frame 0.4846801277212093 -0.4025396675140372 0.45236045516649726 -0.17194217946302914 0.5662193705414122 0.6397815916513442 1.0 0.0 0.0
offsets -0.16545701241800487 0.1611915288035944
boundary P 17 0.15029174537911374 0.0 0.14386255784192473 0.05573265182380754 0.1056248268549022 0.09628975247104127 0.048557419729260295 0.09751644457167845 0.009711145717670821 0.10479995242477409 -0.02862560786169201 0.1006085758455415 -0.07290452787452448 0.09654119706785175 -0.14202015652387498 0.08793515800747233 -0.15940736785676002 0.02979840139013726 -0.13873612958835344 -0.025934277269433828 -0.13897859537222382 -0.08605190307376241 -0.08168912060693312 -0.10817387781986045 -0.0358082785290488 -0.1258530447176724 0.012761953271549826 -0.1377234092236841 0.07081252500057629 -0.14221072099179471 0.081856402662153 -0.07462197084910817 0.12547165910630995 -0.04860797969692131
boundary C 0.0 0.0 0.025
transform R 0.0 0.0 0.0 0.66014942129645 0.17546711706130602 0.6890010399840836 -6.177922569819128
transform T 2.5 -5.0 3.75
end
case corpus_9_alternate 1.25e-10
op 1009
frame 0.4846801277212093 -0.4025396675140372 0.45236045516649726 -0.17194217946302914 0.5662193705414122 0.6397815916513442 1.0 0.0 0.0
offsets 0.1611915288035944 -0.16545701241800487
boundary P 17 -0.13873612958835344 -0.025934277269433828 -0.15940736785676002 0.02979840139013726 -0.14202015652387498 0.08793515800747233 -0.07290452787452448 0.09654119706785175 -0.02862560786169201 0.1006085758455415 0.009711145717670821 0.10479995242477409 0.048557419729260295 0.09751644457167845 0.1056248268549022 0.09628975247104127 0.14386255784192473 0.05573265182380754 0.15029174537911374 0.0 0.12547165910630995 -0.04860797969692131 0.081856402662153 -0.07462197084910817 0.07081252500057629 -0.14221072099179471 0.012761953271549826 -0.1377234092236841 -0.0358082785290488 -0.1258530447176724 -0.08168912060693312 -0.10817387781986045 -0.13897859537222382 -0.08605190307376241
boundary C 0.0 0.0 0.025
end
case corpus_10 2.5e-10
op 1010
frame 0.03054632507171917 -0.40427375970274015 1.4652818345684997 0.18390638026064554 0.6867185757088765 0.7032294365046415 1.0 0.0 0.0
offsets -0.15173380004835768 0.1753069329484881
boundary P 18 0.2419196957277452 0.0 0.3086382753558289 0.11233514538477771 0.15464279055216532 0.12976070851654728 0.16722364246607999 0.28963984497798295 0.04344288584994334 0.24637684871251098 -0.04004271845207979 0.22709354116535074 -0.14952081658929828 0.25897765112185217 -0.21091591786254682 0.1769794688878806 -0.25925058171089904 0.09435949495896521 -0.3206856035832696 3.927265979608881e-17 -0.2448972126232858 -0.08913529584963728 -0.2298500489942443 -0.19286709133714994 -0.16922662383875617 -0.2931091104820719 -0.04669984898158427 -0.2648480045081515 0.05439700153801311 -0.30850072586425104 0.14907324334218425 -0.2582024315177424 0.2518999895186893 -0.21136918829869306 0.2567088541782083 -0.09343438179345082
transform R 0.0 0.0 0.0 0.3626671362771747 0.38708046439990285 0.029450158887781575 -0.058303376046306504
transform T 5.0 -10.0 7.5
end
case corpus_10_alternate 2.5e-10
op 1010
frame 0.03054632507171917 -0.40427375970274015 1.4652818345684997 0.18390638026064554 0.6867185757088765 0.7032294365046415 1.0 0.0 0.0
offsets 0.1753069329484881 -0.15173380004835768
boundary P 18 -0.2448972126232858 -0.08913529584963728 -0.3206856035832696 3.927265979608881e-17 -0.25925058171089904 0.09435949495896521 -0.21091591786254682 0.1769794688878806 -0.14952081658929828 0.25897765112185217 -0.04004271845207979 0.22709354116535074 0.04344288584994334 0.24637684871251098 0.16722364246607999 0.28963984497798295 0.15464279055216532 0.12976070851654728 0.3086382753558289 0.11233514538477771 0.2419196957277452 0.0 0.2567088541782083 -0.09343438179345082 0.2518999895186893 -0.21136918829869306 0.14907324334218425 -0.2582024315177424 0.05439700153801311 -0.30850072586425104 -0.04669984898158427 -0.2648480045081515 -0.16922662383875617 -0.2931091104820719 -0.2298500489942443 -0.19286709133714994
end
case corpus_11 5e-10
op 1011
frame -4.711029062806046 2.9401028779268836 -0.7945101863735482 -0.14415164355851817 0.40920684191630663 0.8869586204600084 1.0 0.0 0.0
offsets -0.26269535965653334 0.522571994768116
boundary P 19 0.6776951329889511 0.0 0.6439637218699592 0.22107302495594572 0.45168041347499227 0.35155697714906037 0.2667966245381454 0.40836263411812185 0.1540249934461809 0.6082309441062514 -0.05600190125830207 0.6758424404273533 -0.18493807824633635 0.42161635096330635 -0.36893214777263356 0.4007671460494284 -0.3889561037293716 0.21049251705567693 -0.5194185762979235 0.08667563037502161 -0.5150969686095781 -0.08595448159884442 -0.5719750585464667 -0.30953742237783044 -0.29320636218264884 -0.3185070145957922 -0.19469167315002966 -0.44385230762006395 -0.03478752146634838 -0.4198229502208248 0.16422977352375048 -0.6485287093072336 0.33782525668777186 -0.517080049012858 0.4044634556112145 -0.3148065436975477 0.49689676832311575 -0.17058487603158498
boundary C 0.0 0.0 0.1
transform R 0.0 0.0 0.0 0.540899753988668 -0.09716771618170794 0.2541925364711126 -2.452428007961781
transform T 10.0 -20.0 15.0
end
case corpus_11_alternate 5e-10
op 1011
frame -4.711029062806046 2.9401028779268836 -0.7945101863735482 -0.14415164355851817 0.40920684191630663 0.8869586204600084 1.0 0.0 0.0
offsets 0.522571994768116 -0.26269535965653334
boundary P 19 -0.5719750585464667 -0.30953742237783044 -0.5150969686095781 -0.08595448159884442 -0.5194185762979235 0.08667563037502161 -0.3889561037293716 0.21049251705567693 -0.36893214777263356 0.4007671460494284 -0.18493807824633635 0.42161635096330635 -0.05600190125830207 0.6758424404273533 0.1540249934461809 0.6082309441062514 0.2667966245381454 0.40836263411812185 0.45168041347499227 0.35155697714906037 0.6439637218699592 0.22107302495594572 0.6776951329889511 0.0 0.49689676832311575 -0.17058487603158498 0.4044634556112145 -0.3148065436975477 0.33782525668777186 -0.517080049012858 0.16422977352375048 -0.6485287093072336 -0.03478752146634838 -0.4198229502208248 -0.19469167315002966 -0.44385230762006395 -0.29320636218264884 -0.3185070145957922
boundary C 0.0 0.0 0.1
end
case corpus_12 1e-09
op 1012
frame 0.938260823163557 -4.142219839958205 5.67088754800089 0.5455845420945844 0.07922356270481479 0.928892538064565 1.0 0.0 0.0
offsets -1.2199523070988272 0.5329723637616863
boundary P 20 1.0749897987470047 0.0 1.125128178267451 0.3655763059057434 0.9135156265095601 0.6637079526566568 0.7287142632642135 1.0029891371463346 0.29794433382453095 0.9169783712064068 8.406751935403889e-17 1.3729267804001932 -0.2490036918004902 0.7663545629502296 -0.530405079588346 0.7300399620714736 -0.940849818228907 0.6835674054094145 -1.2986803999482281 0.4219668410548077 -1.029467241169629 1.2607337617254427e-16 -0.8093962917615571 -0.26298879725120544 -0.9728755209655551 -0.7068354404368467 -0.646292690052083 -0.8895455739203667 -0.3445972318250448 -1.0605612273441043 -2.2232508139069675e-16 -1.2102813728033701 0.4014244314220123 -1.2354573640074646 0.5204182843859461 -0.7162943177114421 1.0455308468102416 -0.759622624549099 1.0404694680459874 -0.3380690234971161
transform R 0.0 0.0 0.0 1.2475168013283924 0.6408535252421546 0.6655152535640292 3.4511660271705424
transform T 20.0 -40.0 30.0
end
case corpus_12_alternate 1e-09
op 1012
frame 0.938260823163557 -4.142219839958205 5.67088754800089 0.5455845420945844 0.07922356270481479 0.928892538064565 1.0 0.0 0.0
offsets 0.5329723637616863 -1.2199523070988272
boundary P 20 -0.9728755209655551 -0.7068354404368467 -0.8093962917615571 -0.26298879725120544 -1.029467241169629 1.2607337617254427e-16 -1.2986803999482281 0.4219668410548077 -0.940849818228907 0.6835674054094145 -0.530405079588346 0.7300399620714736 -0.2490036918004902 0.7663545629502296 8.406751935403889e-17 1.3729267804001932 0.29794433382453095 0.9169783712064068 0.7287142632642135 1.0029891371463346 0.9135156265095601 0.6637079526566568 1.125128178267451 0.3655763059057434 1.0749897987470047 0.0 1.0404694680459874 -0.3380690234971161 1.0455308468102416 -0.759622624549099 0.5204182843859461 -0.7162943177114421 0.4014244314220123 -1.2354573640074646 -2.2232508139069675e-16 -1.2102813728033701 -0.3445972318250448 -1.0605612273441043 -0.646292690052083 -0.8895455739203667
end
case corpus_13 2e-09
op 1013
frame -12.014033796755532 -10.342761084258747 15.2928597777553 -0.1513956223533497 -0.415350189302387 0.633307477760265 1.0 0.0 0.0
offsets -1.3245175763292298 2.6643721065274093
boundary P 8 2.6561730031499464 0.0 1.2286393769755022 1.228639376975502 1.4064342608341154e-16 2.2968814548216345 -1.5136154950247374 1.5136154950247376 -2.08775113292061 2.5567577423474853e-16 -1.8821247322232453 -1.8821247322232448 -4.0013372446222442e-16 -2.178226542492704 1.1652129940825762 -1.1652129940825768
boundary C 0.0 0.0 0.4
transform R 0.0 0.0 0.0 0.7904004137464473 0.2756944565707604 -0.28164910212339067 2.5248205473433862
transform T 40.0 -80.0 60.0
end
case corpus_13_alternate 2e-09
op 1013
frame -12.014033796755532 -10.342761084258747 15.2928597777553 -0.1513956223533497 -0.415350189302387 0.633307477760265 1.0 0.0 0.0
offsets 2.6643721065274093 -1.3245175763292298
boundary P 8 -4.0013372446222442e-16 -2.178226542492704 -1.8821247322232453 -1.8821247322232448 -2.08775113292061 2.5567577423474853e-16 -1.5136154950247374 1.5136154950247376 1.4064342608341154e-16 2.2968814548216345 1.2286393769755022 1.228639376975502 2.6561730031499464 0.0 1.1652129940825762 -1.1652129940825768
boundary C 0.0 0.0 0.4
end
case corpus_14 4e-09
op 1014
frame 22.299463642004174 -39.1877586970346 -31.30955485402051 -0.452127695526104 0.4284862442058379 1.1350919189806765 1.0 0.0 0.0
offsets -5.311809873711988 5.570633752640512
boundary P 9 5.033512091467788 0.0 2.5265868190235548 2.120058067980042 0.6405124075509304 3.632526372183159 -2.246539263615346 3.8911201457801523 -5.2368292975457855 1.9060499862398523 -3.840485439055486 -1.3978223849489637 -1.7372412493911895 -3.0089901089499715 0.7285111649739359 -4.13159212530521 3.85236072363057 -3.2325144623602533
transform R 0.0 0.0 0.0 0.5329729379031865 0.9720506340157489 -0.5027734624743192 4.387951318045327
transform T 80.0 -160.0 120.0
end
case corpus_14_alternate 4e-09
op 1014
frame 22.299463642004174 -39.1877586970346 -31.30955485402051 -0.452127695526104 0.4284862442058379 1.1350919189806765 1.0 0.0 0.0
offsets 5.570633752640512 -5.311809873711988
boundary P 9 -1.7372412493911895 -3.0089901089499715 -3.840485439055486 -1.3978223849489637 -5.2368292975457855 1.9060499862398523 -2.246539263615346 3.8911201457801523 0.6405124075509304 3.632526372183159 2.5265868190235548 2.120058067980042 5.033512091467788 0.0 3.85236072363057 -3.2325144623602533 0.7285111649739359 -4.13159212530521
end
case corpus_15 8e-09
op 1015
frame 0.21536253895407143 -49.84450303784372 28.411717733795108 -0.6973409942088438 0.9436081560199541 1.1767118621541577 1.0 0.0 0.0
offsets -6.503008140400227 11.288010142823268
boundary P 10 10.451404314221774 0.0 6.529044039174778 4.743628161680376 3.1591011906088204 9.722713726607507 -3.1441575738563863 9.67672200334269 -5.34550321666763 3.88373542049849 -6.458257806848315 7.909084751225194e-16 -9.051248865112603 -6.576117232064562 -3.4031975779684314 -10.473965159468133 2.910826034741087 -8.958601366703771 8.561599333947584 -6.220366023855295
boundary C 0.0 0.0 1.6
transform R 0.0 0.0 0.0 0.5450920447429692 0.0382203350462853 0.5082314163227919 3.507361072866087
transform T 160.0 -320.0 240.0
end
case corpus_15_alternate 8e-09
op 1015
frame 0.21536253895407143 -49.84450303784372 28.411717733795108 -0.6973409942088438 0.9436081560199541 1.1767118621541577 1.0 0.0 0.0
offsets 11.288010142823268 -6.503008140400227
boundary P 10 -9.051248865112603 -6.576117232064562 -6.458257806848315 7.909084751225194e-16 -5.34550321666763 3.88373542049849 -3.1441575738563863 9.67672200334269 3.1591011906088204 9.722713726607507 6.529044039174778 4.743628161680376 10.451404314221774 0.0 8.561599333947584 -6.220366023855295 2.910826034741087 -8.958601366703771 -3.4031975779684314 -10.473965159468133
boundary C 0.0 0.0 1.6
end
case corpus_16 1.6e-08
op 1016
frame 137.01330163628225 7.317533275164827 -156.91031609090464 -0.8520869534275803 0.36430626739535743 0.5543273776502554 1.0 0.0 0.0
offsets -17.521078568436568 13.144665237998577
boundary P 11 17.334324858538636 0.0 17.11625776992668 10.999950943886118 5.732317061259819 12.552023502373611 -2.073104377090746 14.418757654498437 -10.879101143166217 12.555152007314808 -20.074434508932026 5.8943858025786335 -19.422671210637994 -5.703010831074608 -10.907012288900548 -12.587363186600781 -2.2323832116939886 -15.526566282474004 8.44109331041068 -18.483416127494856 11.532917185168333 -7.411755827821717
transform R 0.0 0.0 0.0 0.8027189581450198 -0.5377485224126717 0.0803190119952979 3.2518853949362883
transform T 320.0 -640.0 480.0
end
case corpus_16_alternate 1.6e-08
op 1016
frame 137.01330163628225 7.317533275164827 -156.91031609090464 -0.8520869534275803 0.36430626739535743 0.5543273776502554 1.0 0.0 0.0
offsets 13.144665237998577 -17.521078568436568
boundary P 11 -19.422671210637994 -5.703010831074608 -20.074434508932026 5.8943858025786335 -10.879101143166217 12.555152007314808 -2.073104377090746 14.418757654498437 5.732317061259819 12.552023502373611 17.11625776992668 10.999950943886118 17.334324858538636 0.0 11.532917185168333 -7.411755827821717 8.44109331041068 -18.483416127494856 -2.2323832116939886 -15.526566282474004 -10.907012288900548 -12.587363186600781
end
case corpus_17 3.2e-08
op 1017
frame 175.2489813449857 -71.22029998367026 -298.6509165464093 0.32849340502949276 0.9902346133975177 1.4925972442832 1.0 0.0 0.0
offsets -45.16879455394559 40.36830223143154
boundary P 12 37.28321900997136 0.0 28.761704013006717 16.605577554261764 16.84059531305034 29.168766711909484 2.0501371928616083e-15 33.48128120351098 -16.510566129250467 28.59713939758764 -29.90923944959432 17.26810744748025 -27.268925371183116 3.339480217200745e-15 -36.47456685252041 -21.058600990877647 -14.493129190595939 -25.102836118771734 -5.369157781482723e-15 -29.228333618155265 14.33645360679087 -24.831466047315864 24.595682503113096 -14.20032391407493
boundary C 0.0 0.0 6.4
transform R 0.0 0.0 0.0 0.42041612464536854 0.9249454464370053 0.6010843081226973 -2.439545208350448
transform T 640.0 -1280.0 960.0
end
case corpus_17_alternate 3.2e-08
op 1017
frame 175.2489813449857 -71.22029998367026 -298.6509165464093 0.32849340502949276 0.9902346133975177 1.4925972442832 1.0 0.0 0.0
offsets 40.36830223143154 -45.16879455394559
boundary P 12 -27.268925371183116 3.339480217200745e-15 -29.90923944959432 17.26810744748025 -16.510566129250467 28.59713939758764 2.0501371928616083e-15 33.48128120351098 16.84059531305034 29.168766711909484 28.761704013006717 16.605577554261764 37.28321900997136 0.0 24.595682503113096 -14.20032391407493 14.33645360679087 -24.831466047315864 -5.369157781482723e-15 -29.228333618155265 -14.493129190595939 -25.102836118771734 -36.47456685252041 -21.058600990877647
boundary C 0.0 0.0 6.4
end
case corpus_18 6.4e-08
op 1018
frame -628.6318401853018 -326.84108838124445 529.242148958254 0.8327294228193685 -0.305063548057696 1.2197265899761283 1.0 0.0 0.0
offsets -91.82515334991984 42.23796736337577
boundary P 13 77.81057522439373 0.0 73.65618546415588 38.657748276426275 34.77573821759183 50.38135466477772 8.111657074601363 66.8055063781419 -18.339126569992214 48.356302595315114 -61.33921087856189 54.34179892749746 -59.15991102177252 14.581608445808419 -63.18403901681952 -15.573466914594741 -51.043137487435054 -45.22027385487998 -23.15638340551177 -61.05836494974005 8.463457502636452 -69.70284357112048 31.00533017720662 -44.918975591039484 47.96647172131452 -25.174746395375877
transform R 0.0 0.0 0.0 0.5205538922402329 0.9432151015520214 0.7548630071432343 -3.179462272317103
transform T 1280.0 -2560.0 1920.0
end
case corpus_18_alternate 6.4e-08
op 1018
frame -628.6318401853018 -326.84108838124445 529.242148958254 0.8327294228193685 -0.305063548057696 1.2197265899761283 1.0 0.0 0.0
offsets 42.23796736337577 -91.82515334991984
boundary P 13 -59.15991102177252 14.581608445808419 -61.33921087856189 54.34179892749746 -18.339126569992214 48.356302595315114 8.111657074601363 66.8055063781419 34.77573821759183 50.38135466477772 73.65618546415588 38.657748276426275 77.81057522439373 0.0 47.96647172131452 -25.174746395375877 31.00533017720662 -44.918975591039484 8.463457502636452 -69.70284357112048 -23.15638340551177 -61.05836494974005 -51.043137487435054 -45.22027385487998 -63.18403901681952 -15.573466914594741
end
case corpus_19 1.28e-07
op 1019
frame -566.0844761584718 1123.2534917128871 -969.1493578792159 -0.6198532793785256 0.47163232442837977 1.0744210779167092 1.0 0.0 0.0
offsets -90.24811269040003 120.46818130075522
boundary P 14 147.94358148178492 0.0 127.78910549218685 61.53998976515494 68.00030985726373 85.2696915097829 23.966742185834747 105.0051584163453 -29.067889729438267 127.35474609780445 -102.21804794660747 128.1773779183504 -103.91797885706899 50.044261055341835 -126.7721304236633 1.5525108374443006e-14 -159.2247783809613 -76.67861195352465 -93.81261791129917 -117.63730203307487 -23.86265473980846 -104.54912151844746 30.513005256195 -133.6862109101857 86.97737793889324 -109.06618220927122 119.42083668907566 -57.510043906217646
boundary C 0.0 0.0 25.6
transform R 0.0 0.0 0.0 0.6747700258555267 0.3194425921281774 -0.7036646412928091 -4.275267015312067
transform T 2560.0 -5120.0 3840.0
end
case corpus_19_alternate 1.28e-07
op 1019
frame -566.0844761584718 1123.2534917128871 -969.1493578792159 -0.6198532793785256 0.47163232442837977 1.0744210779167092 1.0 0.0 0.0
offsets 120.46818130075522 -90.24811269040003
boundary P 14 -103.91797885706899 50.044261055341835 -102.21804794660747 128.1773779183504 -29.067889729438267 127.35474609780445 23.966742185834747 105.0051584163453 68.00030985726373 85.2696915097829 127.78910549218685 61.53998976515494 147.94358148178492 0.0 119.42083668907566 -57.510043906217646 86.97737793889324 -109.06618220927122 30.513005256195 -133.6862109101857 -23.86265473980846 -104.54912151844746 -93.81261791129917 -117.63730203307487 -159.2247783809613 -76.67861195352465 -126.7721304236633 1.5525108374443006e-14
boundary C 0.0 0.0 25.6
end
case corpus_20 2.56e-07
op 1020
frame -375.31886339760547 1376.768045718823 1331.1833656514102 -0.8317997666169543 0.09020507813921497 0.8972477401704732 1.0 0.0 0.0
offsets -193.55485559393534 164.64423880476
boundary P 15 273.47311378741546 0.0 235.44328275458673 104.82610324555058 170.79438961040935 189.68638656393367 84.12655896725184 258.91492557271414 -32.81148726805732 312.1804481533819 -142.4090037175101 246.65962989399273 -185.4126542430568 134.71017853793444 -217.9622746438813 46.32931167208045 -269.90554095070746 -57.370193760169656 -210.40720272812925 -152.86978098063142 -139.84590707048113 -242.22021627662875 -24.692301201906496 -234.93155284837505 85.39350019035477 -262.81416971762695 175.02577019901798 -194.38581080064765 220.75241524642678 -98.28530761885062
transform R 0.0 0.0 0.0 0.9775294643087173 0.6826884865003837 0.8650031866052201 -4.430997053933741
transform T 5120.0 -10240.0 7680.0
end
case corpus_20_alternate 2.56e-07
op 1020
frame -375.31886339760547 1376.768045718823 1331.1833656514102 -0.8317997666169543 0.09020507813921497 0.8972477401704732 1.0 0.0 0.0
offsets 164.64423880476 -193.55485559393534
boundary P 15 -185.4126542430568 134.71017853793444 -142.4090037175101 246.65962989399273 -32.81148726805732 312.1804481533819 84.12655896725184 258.91492557271414 170.79438961040935 189.68638656393367 235.44328275458673 104.82610324555058 273.47311378741546 0.0 220.75241524642678 -98.28530761885062 175.02577019901798 -194.38581080064765 85.39350019035477 -262.81416971762695 -24.692301201906496 -234.93155284837505 -139.84590707048113 -242.22021627662875 -210.40720272812925 -152.86978098063142 -269.90554095070746 -57.370193760169656 -217.9622746438813 46.32931167208045
end
case corpus_21 5.12e-07
op 1021
frame -2210.0471740361772 -4507.908061033485 -1705.8506443594558 -0.9307742483719796 0.019957573535256845 0.9353903936456408 1.0 0.0 0.0
offsets -347.1456242395188 620.3000006855751
boundary P 16 541.306447061542 0.0 544.5087172084128 225.54289549810088 338.3523117650939 338.3523117650938 244.67265285764384 590.6920368707279 3.0241189070519324e-14 493.87609703588686 -202.4534463989426 488.76585604550166 -328.4036516588356 328.40365165883566 -608.6561920460877 252.11364956785275 -661.9250464505704 8.106243894111541e-14 -552.8506482766862 -228.99823648296112 -368.6420242713618 -368.64202427136166 -206.8195159480005 -499.3064803651005 -8.430126547040182e-14 -458.9147147247987 249.72704595217067 -602.8944212290991 402.8991301677104 -402.89913016771055 478.54346996849756 -198.21919544603398
boundary C 0.0 0.0 102.4
transform R 0.0 0.0 0.0 0.625772745529475 0.9142740101782387 -0.20741682638017012 6.277729186076289
transform T 10240.0 -20480.0 15360.0
end
case corpus_21_alternate 5.12e-07
op 1021
frame -2210.0471740361772 -4507.908061033485 -1705.8506443594558 -0.9307742483719796 0.019957573535256845 0.9353903936456408 1.0 0.0 0.0
offsets 620.3000006855751 -347.1456242395188
boundary P 16 -328.4036516588356 328.40365165883566 -202.4534463989426 488.76585604550166 3.0241189070519324e-14 493.87609703588686 244.67265285764384 590.6920368707279 338.3523117650939 338.3523117650938 544.5087172084128 225.54289549810088 541.306447061542 0.0 478.54346996849756 -198.21919544603398 402.8991301677104 -402.89913016771055 249.72704595217067 -602.8944212290991 -8.430126547040182e-14 -458.9147147247987 -206.8195159480005 -499.3064803651005 -368.6420242713618 -368.64202427136166 -552.8506482766862 -228.99823648296112 -661.9250464505704 8.106243894111541e-14 -608.6561920460877 252.11364956785275
boundary C 0.0 0.0 102.4
end
case corpus_22 1.024e-06
op 1022
frame -6849.511236632443 5961.451254234951 8807.785350578615 0.9540068270488642 -0.5986618956512475 1.1613761915074625 1.0 0.0 0.0
offsets -725.6627825951836 930.673605655855
boundary P 17 1372.3456144816473 0.0 876.596655020228 339.5953533499545 754.9732967771502 688.2490985644995 387.84618291727674 778.900135338098 120.6578874472637 1302.1059751104035 -295.665662559641 1039.1570156440919 -831.7036254569324 1101.3535914460265 -990.6067948451354 613.3577596313859 -1364.9396736130072 255.1514450962594 -1116.8991849746662 -208.78464197526006 -1206.5236882462384 -747.0478399863997 -619.007020445698 -819.6977676075722 -388.05289143681625 -1363.8644443407431 110.07638649288663 -1187.9133938392158 373.22224432090314 -749.5313075563885 911.1913191746748 -830.6606428583137 798.648119619009 -309.39792985867103
transform R 0.0 0.0 0.0 1.1778428577657178 -0.9240590345947945 -0.7780128694944384 -1.2537924125542632
transform T 20480.0 -40960.0 30720.0
end
case corpus_22_alternate 1.024e-06
op 1022
frame -6849.511236632443 5961.451254234951 8807.785350578615 0.9540068270488642 -0.5986618956512475 1.1613761915074625 1.0 0.0 0.0
offsets 930.673605655855 -725.6627825951836
boundary P 17 -831.7036254569324 1101.3535914460265 -295.665662559641 1039.1570156440919 120.6578874472637 1302.1059751104035 387.84618291727674 778.900135338098 754.9732967771502 688.2490985644995 876.596655020228 339.5953533499545 1372.3456144816473 0.0 798.648119619009 -309.39792985867103 911.1913191746748 -830.6606428583137 373.22224432090314 -749.5313075563885 110.07638649288663 -1187.9133938392158 -388.05289143681625 -1363.8644443407431 -619.007020445698 -819.6977676075722 -1206.5236882462384 -747.0478399863997 -1116.8991849746662 -208.78464197526006 -1364.9396736130072 255.1514450962594 -990.6067948451354 613.3577596313859
end
case corpus_23 2.048e-06
op 1023
frame -6099.584105472545 14417.8376049836 -16968.19395571441 0.0853522056624485 -0.23745359276345757 0.7252817324745117 1.0 0.0 0.0
offsets -3037.017375911525 2348.107579976005
boundary P 18 2756.2461376555866 0.0 2119.8338322464065 771.556416528146 1772.7400177214838 1487.5054950433016 1111.6154121582924 1925.3743723347802 304.9211610911798 1729.29383731313 -492.3371602015678 2792.182785773364 -1038.735939310879 1799.1434225342252 -1491.9304690486947 1251.8783063209066 -2110.745860840245 768.2486654464412 -1860.6527406727903 2.278642423189683e-13 -1590.8747329230373 -579.0310492301799 -1305.6491735861186 -1095.5697400030315 -1333.5545926930415 -2309.7843092111652 -397.74610836833847 -2255.7302732130534 488.98945712613204 -2773.197018184172 1263.5771520393616 -2188.579826615362 2187.451239650668 -1835.4895284091608 1956.5246951557901 -712.1167516434627
boundary C 0.0 0.0 409.6
transform R 0.0 0.0 0.0 0.5309497725562864 0.3535906198227412 -0.959925167819502 -2.7307069383721023
transform T 40960.0 -81920.0 61440.0
end
case corpus_23_alternate 2.048e-06
op 1023
frame -6099.584105472545 14417.8376049836 -16968.19395571441 0.0853522056624485 -0.23745359276345757 0.7252817324745117 1.0 0.0 0.0
offsets 2348.107579976005 -3037.017375911525
boundary P 18 -1038.735939310879 1799.1434225342252 -492.3371602015678 2792.182785773364 304.9211610911798 1729.29383731313 1111.6154121582924 1925.3743723347802 1772.7400177214838 1487.5054950433016 2119.8338322464065 771.556416528146 2756.2461376555866 0.0 1956.5246951557901 -712.1167516434627 2187.451239650668 -1835.4895284091608 1263.5771520393616 -2188.579826615362 488.98945712613204 -2773.197018184172 -397.74610836833847 -2255.7302732130534 -1333.5545926930415 -2309.7843092111652 -1305.6491735861186 -1095.5697400030315 -1590.8747329230373 -579.0310492301799 -1860.6527406727903 2.278642423189683e-13 -2110.745860840245 768.2486654464412 -1491.9304690486947 1251.8783063209066
boundary C 0.0 0.0 409.6
end
case corpus_24 4.096e-06
op 1024
frame 22433.62972244803 35715.783109173855 -28237.16943831474 0.2068146895581564 0.9436451314815124 1.0893805127071028 1.0 0.0 0.0
offsets -4168.762258020453 2320.331915263867
boundary P 19 4620.60821579255 0.0 4659.930172446071 1599.7560488573117 3780.7990791884176 2942.7140425716548 2621.086452812079 4011.871476914546 838.1823967879017 3309.907432066747 -371.7354563527418 4486.179796932668 -1566.841207090878 3572.0381575106203 -3746.8371178548005 4070.1501007717816 -3027.6960417189644 1638.5071595234847 -4603.348558519259 768.1630121691105 -4629.673121821893 -772.5558048467709 -2940.475831031372 -1591.305941931762 -2234.7438360230108 -2427.5789321196353 -1404.0124837255553 -3200.8260586920237 -376.60018526655944 -4544.888344093702 1226.2063566160405 -4842.179397425291 1982.821613320215 -3034.9344126953865 4301.927806674945 -3348.3248122111972 5125.413596307575 -1759.5567101136535
transform R 0.0 0.0 0.0 0.5579602194139064 0.308376991806558 0.24501438382162655 -2.7645455378626034
transform T 81920.0 -163840.0 122880.0
end
case corpus_24_alternate 4.096e-06
op 1024
frame 22433.62972244803 35715.783109173855 -28237.16943831474 0.2068146895581564 0.9436451314815124 1.0893805127071028 1.0 0.0 0.0
offsets 2320.331915263867 -4168.762258020453
boundary P 19 -1566.841207090878 3572.0381575106203 -371.7354563527418 4486.179796932668 838.1823967879017 3309.907432066747 2621.086452812079 4011.871476914546 3780.7990791884176 2942.7140425716548 4659.930172446071 1599.7560488573117 4620.60821579255 0.0 5125.413596307575 -1759.5567101136535 4301.927806674945 -3348.3248122111972 1982.821613320215 -3034.9344126953865 1226.2063566160405 -4842.179397425291 -376.60018526655944 -4544.888344093702 -1404.0124837255553 -3200.8260586920237 -2234.7438360230108 -2427.5789321196353 -2940.475831031372 -1591.305941931762 -4629.673121821893 -772.5558048467709 -4603.348558519259 768.1630121691105 -3027.6960417189644 1638.5071595234847 -3746.8371178548005 4070.1501007717816
end
case corpus_25 2.44140625e-13
op 1025
frame 0.0013694253334252057 0.0024383119723184535 0.0008969632590328776 -0.05145045947186233 -0.11817374912141121 0.9383391561779356 1.0 0.0 0.0
offsets -0.00024275040536145007 0.00026987245128154696
boundary P 20 0.00023881169093456218 0.0 0.00027968547760158735 9.087532042306308e-05 0.00020582539852959756 0.0001495409053754047 0.0001423375013135853 0.00019591076341306073 0.00010367542471896014 0.00031908014786719593 2.0514010162794824e-20 0.0003350192100624846 -9.986348305365449e-05 0.0003073481977592125 -0.0001514569655799342 0.0002084626291536463 -0.0002063414584598655 0.00014991584486174388 -0.0002634097412856637 8.558701312332631e-05 -0.0003185218357369884 3.900767465938419e-20 -0.0003031969207588373 -9.851465139171379e-05 -0.00016248537813585471 -0.00011805253739473082 -0.00019165455707751056 -0.00026378986733739603 -7.794828353361451e-05 -0.00023990014898247412 -4.385202431540192e-20 -0.00023871930173899068 8.731169072083154e-05 -0.00026871775313444074 0.00013674025808953948 -0.00018820681903500435 0.0002626257301094456 -0.00019080876187297033 0.0002932146206408905 -9.527120546968507e-05
boundary C 0.0 0.0 4.8828125e-05
transform R 0.0 0.0 0.0 0.8731782174681724 -0.41480730303597557 0.8540896045075885 5.694311759331805
transform T 0.0048828125 -0.009765625 0.00732421875
end
case corpus_25_alternate 2.44140625e-13
op 1025
frame 0.0013694253334252057 0.0024383119723184535 0.0008969632590328776 -0.05145045947186233 -0.11817374912141121 0.9383391561779356 1.0 0.0 0.0
offsets 0.00026987245128154696 -0.00024275040536145007
boundary P 20 -9.986348305365449e-05 0.0003073481977592125 2.0514010162794824e-20 0.0003350192100624846 0.00010367542471896014 0.00031908014786719593 0.0001423375013135853 0.00019591076341306073 0.00020582539852959756 0.0001495409053754047 0.00027968547760158735 9.087532042306308e-05 0.00023881169093456218 0.0 0.0002932146206408905 -9.527120546968507e-05 0.0002626257301094456 -0.00019080876187297033 0.00013674025808953948 -0.00018820681903500435 8.731169072083154e-05 -0.00026871775313444074 -4.385202431540192e-20 -0.00023871930173899068 -7.794828353361451e-05 -0.00023990014898247412 -0.00019165455707751056 -0.00026378986733739603 -0.00016248537813585471 -0.00011805253739473082 -0.0003031969207588373 -9.851465139171379e-05 -0.0003185218357369884 3.900767465938419e-20 -0.0002634097412856637 8.558701312332631e-05 -0.0002063414584598655 0.00014991584486174388 -0.0001514569655799342 0.0002084626291536463
boundary C 0.0 0.0 4.8828125e-05
end
case corpus_26 4.8828125e-13
op 1026
frame 0.001040676155586402 0.0013752615413233722 -0.00023749855011303504 0.6960595098871507 0.09731787357566102 0.6462325392152034 1.0 0.0 0.0
offsets -0.0007054920514052436 0.0006435397015738889
boundary P 8 0.000448827674442875 0.0 0.0003014171429027437 0.0003014171429027436 4.055935549490307e-20 0.0006623845425986018 -0.0003630481226257373 0.00036304812262573735 -0.0004263324471549915 5.2210666678101846e-20 -0.0003256037595715642 -0.0003256037595715641 -7.598303743059801e-20 -0.0004136323903539663 0.00034835560102107406 -0.0003483556010210742
transform R 0.0 0.0 0.0 0.5317677406041172 0.4635797348020727 -0.38989083928011903 5.51390064719073
transform T 0.009765625 -0.01953125 0.0146484375
end
case corpus_26_alternate 4.8828125e-13
op 1026
frame 0.001040676155586402 0.0013752615413233722 -0.00023749855011303504 0.6960595098871507 0.09731787357566102 0.6462325392152034 1.0 0.0 0.0
offsets 0.0006435397015738889 -0.0007054920514052436
boundary P 8 -0.0003256037595715642 -0.0003256037595715641 -0.0004263324471549915 5.2210666678101846e-20 -0.0003630481226257373 0.00036304812262573735 4.055935549490307e-20 0.0006623845425986018 0.0003014171429027437 0.0003014171429027436 0.000448827674442875 0.0 0.00034835560102107406 -0.0003483556010210742 -7.598303743059801e-20 -0.0004136323903539663
end
case corpus_27 9.765625e-13
op 1027
frame 0.0090985167741966 5.7746543759968055e-05 -0.007757018717275152 -0.6219708933115666 0.8568561828700678 0.5721439920599517 1.0 0.0 0.0
offsets -0.0008027351223187617 0.0007507703050032025
boundary P 9 0.0009452172270458773 0.0 0.0006333775606469362 0.0005314668775348094 0.00020118604707642756 0.0011409827711452956 -0.0004585620183662706 0.0007942527142317138 -0.001073060965780257 0.0003905622510969577 -0.0012686197711072166 -0.0004617398352846295 -0.0004258008395156112 -0.0007375086879465194 0.0002329499768343614 -0.0013211249685010833 0.0009120885588992392 -0.000765333173373369
boundary C 0.0 0.0 0.0001953125
transform R 0.0 0.0 0.0 0.9647560670457502 0.3083476296729959 0.6152761618412335 -3.372405500571169
transform T 0.01953125 -0.0390625 0.029296875
end
case corpus_27_alternate 9.765625e-13
op 1027
frame 0.0090985167741966 5.7746543759968055e-05 -0.007757018717275152 -0.6219708933115666 0.8568561828700678 0.5721439920599517 1.0 0.0 0.0
offsets 0.0007507703050032025 -0.0008027351223187617
boundary P 9 -0.0004585620183662706 0.0007942527142317138 0.00020118604707642756 0.0011409827711452956 0.0006333775606469362 0.0005314668775348094 0.0009452172270458773 0.0 0.0009120885588992392 -0.000765333173373369 0.0002329499768343614 -0.0013211249685010833 -0.0004258008395156112 -0.0007375086879465194 -0.0012686197711072166 -0.0004617398352846295 -0.001073060965780257 0.0003905622510969577
boundary C 0.0 0.0 0.0001953125
end
case corpus_28 1.953125e-12
op 1028
frame -0.007698593090409295 -0.01620418653996332 -0.012403352761630758 0.8116013430510243 0.7271924627384991 1.2200751386865387 1.0 0.0 0.0
offsets -0.0015195864573202724 0.0017994075153549831
boundary P 10 0.0016433034095223553 0.0 0.001506307833997072 0.0010943967016665123 0.0005954918519959039 0.0018327354694097958 -0.0006379374468454201 0.0019633695779037634 -0.0013562744013806143 0.0009853910322480293 -0.0021094056168011206 2.5832768367189407e-19 -0.001999077335434053 -0.0014524147009644772 -0.0008169262328006213 -0.0025142404177770695 0.0005859225794333244 -0.0018032842767812033 0.0020190330718524194 -0.001466913392150087
transform R 0.0 0.0 0.0 0.3972395205305235 -0.20129736980402524 0.8509558455276736 2.952287883454551
transform T 0.0390625 -0.078125 0.05859375
end
case corpus_28_alternate 1.953125e-12
op 1028
frame -0.007698593090409295 -0.01620418653996332 -0.012403352761630758 0.8116013430510243 0.7271924627384991 1.2200751386865387 1.0 0.0 0.0
offsets 0.0017994075153549831 -0.0015195864573202724
boundary P 10 0.001506307833997072 0.0010943967016665123 0.0016433034095223553 0.0 0.0020190330718524194 -0.001466913392150087 0.0005859225794333244 -0.0018032842767812033 -0.0008169262328006213 -0.0025142404177770695 -0.001999077335434053 -0.0014524147009644772 -0.0021094056168011206 2.5832768367189407e-19 -0.0013562744013806143 0.0009853910322480293 -0.0006379374468454201 0.0019633695779037634 0.0005954918519959039 0.0018327354694097958
end
case corpus_29 3.90625e-12
op 1029
frame -0.0267196011984856 0.029393411310929166 -0.01993638886045105 -0.0706154699224204 -0.41456977950185503 1.4359586238645252 1.0 0.0 0.0
offsets -0.0026332889105838745 0.0037285078299827733
boundary P 11 0.0046122074743959905 0.0 0.0037602379098566657 0.0024165581695338874 0.0022194633494235175 0.004859946828987543 -0.0006209842782019758 0.004319040523764225 -0.0032864981564526305 0.003792821059664656 -0.005157010263540859 0.0015142348377306647 -0.0037037810902073175 -0.0010875282521290138 -0.0034788075710257597 -0.004014757955059732 -0.000447307865863243 -0.0031110945430948096 0.0016329285563317934 -0.0035756147815503214 0.003281130393034166 -0.002108654464604047
boundary C 0.0 0.0 0.00078125
transform R 0.0 0.0 0.0 1.2296994685647644 -0.718462274095168 0.15074604809825742 -5.415011767170285
transform T 0.078125 -0.15625 0.1171875
end
case corpus_29_alternate 3.90625e-12
op 1029
frame -0.0267196011984856 0.029393411310929166 -0.01993638886045105 -0.0706154699224204 -0.41456977950185503 1.4359586238645252 1.0 0.0 0.0
offsets 0.0037285078299827733 -0.0026332889105838745
boundary P 11 0.0016329285563317934 -0.0035756147815503214 -0.000447307865863243 -0.0031110945430948096 -0.0034788075710257597 -0.004014757955059732 -0.0037037810902073175 -0.0010875282521290138 -0.005157010263540859 0.0015142348377306647 -0.0032864981564526305 0.003792821059664656 -0.0006209842782019758 0.004319040523764225 0.0022194633494235175 0.004859946828987543 0.0037602379098566657 0.0024165581695338874 0.0046122074743959905 0.0 0.003281130393034166 -0.002108654464604047
boundary C 0.0 0.0 0.00078125
end
case corpus_30 7.8125e-12
op 1030
frame 0.02867875245420627 -0.033539193897780595 -0.05959536933597498 -0.9494317700628656 0.9263804071608324 1.0324885113565965 1.0 0.0 0.0
offsets -0.007070821970835396 0.010154220467847827
boundary P 12 0.007635154135322866 0.0 0.008060929080863274 0.004653979574754893 0.003791876947827991 0.006567723529687279 5.926450055128402e-19 0.009678627436505983 -0.00540629343857267 0.00936397491623412 -0.007972849185867182 0.004603126623668705 -0.0076814735187239235 9.40709195744041e-19 -0.00783485763524422 -0.004523457164770642 -0.005148482729602218 -0.008917433669561929 -1.897931979666159e-18 -0.010331860478670657 0.0036130859697184273 -0.00625804847166658 0.007159839337104747 -0.004133735168631902
transform R 0.0 0.0 0.0 0.3604997233074729 0.05315668508721716 0.8311107836471978 3.948392489466165
transform T 0.15625 -0.3125 0.234375
end
case corpus_30_alternate 7.8125e-12
op 1030
frame 0.02867875245420627 -0.033539193897780595 -0.05959536933597498 -0.9494317700628656 0.9263804071608324 1.0324885113565965 1.0 0.0 0.0
offsets 0.010154220467847827 -0.007070821970835396
boundary P 12 -0.005148482729602218 -0.008917433669561929 -0.00783485763524422 -0.004523457164770642 -0.0076814735187239235 9.40709195744041e-19 -0.007972849185867182 0.004603126623668705 -0.00540629343857267 0.00936397491623412 5.926450055128402e-19 0.009678627436505983 0.003791876947827991 0.006567723529687279 0.008060929080863274 0.004653979574754893 0.007635154135322866 0.0 0.007159839337104747 -0.004133735168631902 0.0036130859697184273 -0.00625804847166658 -1.897931979666159e-18 -0.010331860478670657
end
case corpus_31 1.5625e-11
op 1031
frame -0.07243601710721921 0.15099476128467113 -0.06347009707994344 -0.2370650533739902 -0.5114617876852199 1.0845279223581215 1.0 0.0 0.0
offsets -0.013267677549070458 0.009741986124908203
boundary P 13 0.02133377402619937 0.0 0.011376404243141354 0.005970797547427218 0.007666718230335767 0.011107158900858876 0.0017274234760187189 0.014226612267209515 -0.005853709289057091 0.015434962870577527 -0.014862600067941701 0.013167114686735822 -0.014624520783698206 0.0036046206306326735 -0.020161412934475962 -0.004969341975794898 -0.015613057835131445 -0.01383196225331018 -0.005551061009284586 -0.014636944942036807 0.002521167217286241 -0.02076368010454327 0.011313893823569147 -0.016391004952887787 0.012729323670826355 -0.006680864439218471
boundary C 0.0 0.0 0.003125
transform R 0.0 0.0 0.0 0.8539959181241739 0.5267091593307238 0.11572028858925254 -1.8264987325094302
transform T 0.3125 -0.625 0.46875
end
case corpus_31_alternate 1.5625e-11
op 1031
frame -0.07243601710721921 0.15099476128467113 -0.06347009707994344 -0.2370650533739902 -0.5114617876852199 1.0845279223581215 1.0 0.0 0.0
offsets 0.009741986124908203 -0.013267677549070458
boundary P 13 -0.020161412934475962 -0.004969341975794898 -0.014624520783698206 0.0036046206306326735 -0.014862600067941701 0.013167114686735822 -0.005853709289057091 0.015434962870577527 0.0017274234760187189 0.014226612267209515 0.007666718230335767 0.011107158900858876 0.011376404243141354 0.005970797547427218 0.02133377402619937 0.0 0.012729323670826355 -0.006680864439218471 0.011313893823569147 -0.016391004952887787 0.002521167217286241 -0.02076368010454327 -0.005551061009284586 -0.014636944942036807 -0.015613057835131445 -0.01383196225331018
boundary C 0.0 0.0 0.003125
end
case corpus_32 3.125e-11
op 1032
frame 0.23749959681111094 0.07737041130031416 0.25797338318161556 0.3134216631137996 0.6365674470844171 1.4647989572258733 1.0 0.0 0.0
offsets -0.023958229013700334 0.024228458688036626
boundary P 14 0.03121757515934897 0.0 0.03327283121797749 0.01602335101044475 0.021852354400753993 0.027401985703094548 0.007785676695733538 0.03411127839048324 -0.007903004321982245 0.03462532430816918 -0.01974899768534986 0.024764459806021273 -0.0391355304574533 0.018846678161878506 -0.03666124424954385 4.489707542296319e-18 -0.03207443564604527 -0.015446234119710855 -0.021508897722588852 -0.026971304650970068 -0.006830807410965232 -0.029927722705837045 0.008867976410602307 -0.038853143268594834 0.026619492802666785 -0.03337978818324197 0.02778487488897495 -0.013380490533272964
transform R 0.0 0.0 0.0 0.5508757430573774 0.8879987077583875 -0.8354310773482596 5.709282188523367
transform T 0.625 -1.25 0.9375
end
case corpus_32_alternate 3.125e-11
op 1032
frame 0.23749959681111094 0.07737041130031416 0.25797338318161556 0.3134216631137996 0.6365674470844171 1.4647989572258733 1.0 0.0 0.0
offsets 0.024228458688036626 -0.023958229013700334
boundary P 14 -0.0391355304574533 0.018846678161878506 -0.01974899768534986 0.024764459806021273 -0.007903004321982245 0.03462532430816918 0.007785676695733538 0.03411127839048324 0.021852354400753993 0.027401985703094548 0.03327283121797749 0.01602335101044475 0.03121757515934897 0.0 0.02778487488897495 -0.013380490533272964 0.026619492802666785 -0.03337978818324197 0.008867976410602307 -0.038853143268594834 -0.006830807410965232 -0.029927722705837045 -0.021508897722588852 -0.026971304650970068 -0.03207443564604527 -0.015446234119710855 -0.03666124424954385 4.489707542296319e-18
end
case corpus_33 6.25e-11
op 1033
frame -0.3442297956006586 -0.3422774827865226 -0.1734294312172513 0.315008944787728 0.9188639207137241 0.5020480818175292 1.0 0.0 0.0
offsets -0.060981921254394465 0.051182555984269365
boundary P 15 0.06077164730495192 0.0 0.05309808275831366 0.02364078957888784 0.04275643289237568 0.047485829459726965 0.02388654683864434 0.07351523196526126 -0.006724098713297477 0.06397552578448142 -0.043028641444028896 0.07452779316172195 -0.06677847621807374 0.04851740292782518 -0.0782308689027914 0.016628484510435596 -0.059530056500546956 -0.012653504125778392 -0.04459016614378408 -0.03239665203428393 -0.029117639434449432 -0.05043323089693747 -0.006714837469493236 -0.06388741093562791 0.018027315200118545 -0.0554823712108741 0.03557521424755509 -0.03951027816106446 0.052803557763084256 -0.023509658602471346
boundary C 0.0 0.0 0.0125
transform R 0.0 0.0 0.0 1.0072232607664995 -0.11653818426125961 0.673797450446384 4.779603009327606
transform T 1.25 -2.5 1.875
end
case corpus_33_alternate 6.25e-11
op 1033
frame -0.3442297956006586 -0.3422774827865226 -0.1734294312172513 0.315008944787728 0.9188639207137241 0.5020480818175292 1.0 0.0 0.0
offsets 0.051182555984269365 -0.060981921254394465
boundary P 15 -0.043028641444028896 0.07452779316172195 -0.006724098713297477 0.06397552578448142 0.02388654683864434 0.07351523196526126 0.04275643289237568 0.047485829459726965 0.05309808275831366 0.02364078957888784 0.06077164730495192 0.0 0.052803557763084256 -0.023509658602471346 0.03557521424755509 -0.03951027816106446 0.018027315200118545 -0.0554823712108741 -0.006714837469493236 -0.06388741093562791 -0.029117639434449432 -0.05043323089693747 -0.04459016614378408 -0.03239665203428393 -0.059530056500546956 -0.012653504125778392 -0.0782308689027914 0.016628484510435596 -0.06677847621807374 0.04851740292782518
boundary C 0.0 0.0 0.0125
end
case corpus_34 1.25e-10
op 1034
frame 0.7259280634233887 0.983157209634 -0.943348756159737 -0.8517781125148471 -0.02817123959309864 0.6210000249305015 1.0 0.0 0.0
offsets -0.1276772906275036 0.1843461396883925
boundary P 16 0.14584973459377237 0.0 0.09794924543456517 0.04057190588320786 0.10031487394482608 0.10031487394482606 0.04406505068173463 0.10638244298250152 8.849771846720156e-18 0.14452774224995665 -0.05497587737614657 0.13272350876485325 -0.10049067777560283 0.10049067777560285 -0.14379621218564514 0.05956234130517355 -0.12133443963065577 1.4859183312002034e-17 -0.14373145376507132 -0.05953551748909398 -0.11237978933098103 -0.11237978933098099 -0.04570475862138015 -0.1103410481287244 -1.9454199705396126e-17 -0.10590373060456233 0.04773020791969076 -0.11523091529460505 0.08296335620196861 -0.08296335620196865 0.11161049093536653 -0.04623057904854829
transform R 0.0 0.0 0.0 0.5961600769004907 0.004396857943000709 -0.9636682979205846 -0.5438447486904968
transform T 2.5 -5.0 3.75
end
case corpus_34_alternate 1.25e-10
op 1034
frame 0.7259280634233887 0.983157209634 -0.943348756159737 -0.8517781125148471 -0.02817123959309864 0.6210000249305015 1.0 0.0 0.0
offsets 0.1843461396883925 -0.1276772906275036
boundary P 16 8.849771846720156e-18 0.14452774224995665 0.04406505068173463 0.10638244298250152 0.10031487394482608 0.10031487394482606 0.09794924543456517 0.04057190588320786 0.14584973459377237 0.0 0.11161049093536653 -0.04623057904854829 0.08296335620196861 -0.08296335620196865 0.04773020791969076 -0.11523091529460505 -1.9454199705396126e-17 -0.10590373060456233 -0.04570475862138015 -0.1103410481287244 -0.11237978933098103 -0.11237978933098099 -0.14373145376507132 -0.05953551748909398 -0.12133443963065577 1.4859183312002034e-17 -0.14379621218564514 0.05956234130517355 -0.10049067777560283 0.10049067777560285 -0.05497587737614657 0.13272350876485325
end
case corpus_35 2.5e-10
op 1035
frame 1.973423903220053 -1.3138343279513927 0.4573751360800249 -0.3550109647313242 -0.9941945393293881 0.8859799097191425 1.0 0.0 0.0
offsets -0.13196085907011926 0.20152684482861566
boundary P 17 0.33415833610111956 0.0 0.3210056935320878 0.12435826819332439 0.15852594893759278 0.14451549733100738 0.08996124613761648 0.18066653709137767 0.030273491453841752 0.32670300254287304 -0.07245103400780892 0.25463897169559346 -0.13881252317481113 0.18381748769253092 -0.2759498414014093 0.1708609080549109 -0.34347450076739106 0.06420651177391416 -0.32596476075447284 -0.06093337410056181 -0.24857501473244223 -0.15391113298436923 -0.1954407139477964 -0.25880533116941035 -0.05476615717505744 -0.19248307684984564 0.03199995120442781 -0.3453344704442822 0.12197562550407007 -0.24496007798363043 0.23877098428263888 -0.21766851277707128 0.2313772217011163 -0.08963601322310341
boundary C 0.0 0.0 0.05
transform R 0.0 0.0 0.0 0.5527950331746034 -0.3299368850367572 -0.33798201638872327 -3.8353631481356425
transform T 5.0 -10.0 7.5
end
case corpus_35_alternate 2.5e-10
op 1035
frame 1.973423903220053 -1.3138343279513927 0.4573751360800249 -0.3550109647313242 -0.9941945393293881 0.8859799097191425 1.0 0.0 0.0
offsets 0.20152684482861566 -0.13196085907011926
boundary P 17 0.08996124613761648 0.18066653709137767 0.15852594893759278 0.14451549733100738 0.3210056935320878 0.12435826819332439 0.33415833610111956 0.0 0.2313772217011163 -0.08963601322310341 0.23877098428263888 -0.21766851277707128 0.12197562550407007 -0.24496007798363043 0.03199995120442781 -0.3453344704442822 -0.05476615717505744 -0.19248307684984564 -0.1954407139477964 -0.25880533116941035 -0.24857501473244223 -0.15391113298436923 -0.32596476075447284 -0.06093337410056181 -0.34347450076739106 0.06420651177391416 -0.2759498414014093 0.1708609080549109 -0.13881252317481113 0.18381748769253092 -0.07245103400780892 0.25463897169559346 0.030273491453841752 0.32670300254287304
boundary C 0.0 0.0 0.05
end
case corpus_36 5e-10
op 1036
frame 3.443640444381042 3.075970096623366 -3.077277956695601 0.033840595775593396 0.42352971855413446 1.4937474267313604 1.0 0.0 0.0
offsets -0.27715180959759295 0.3654431365572046
boundary P 18 0.4802569564940112 0.0 0.6432737619370811 0.23413250182954068 0.5047873515694957 0.4235668805249198 0.33723884490191064 0.5841148136559495 0.1169722458722885 0.6633825714153622 -0.08191374677490607 0.46455594286129365 -0.2251531949066943 0.3899767730648529 -0.3135392721347346 0.2630906876078487 -0.43464845654734785 0.15819910055298156 -0.4175486335647997 5.1134959758348306e-17 -0.5374275254468648 -0.19560762233800075 -0.47639079026636016 -0.39973933640875536 -0.20300349416563215 -0.3516123660088866 -0.11423357728808671 -0.6478508100638207 0.09130058926436584 -0.517791372015383 0.28719842089765474 -0.49744225684829013 0.5135952165371526 -0.43095755677074027 0.6161591438515729 -0.2242635879329196
transform R 0.0 0.0 0.0 1.0998188554965722 -0.8383571031829866 0.3833975825133351 -5.7785435414553685
transform T 10.0 -20.0 15.0
end
case corpus_36_alternate 5e-10
op 1036
frame 3.443640444381042 3.075970096623366 -3.077277956695601 0.033840595775593396 0.42352971855413446 1.4937474267313604 1.0 0.0 0.0
offsets 0.3654431365572046 -0.27715180959759295
boundary P 18 0.5047873515694957 0.4235668805249198 0.6432737619370811 0.23413250182954068 0.4802569564940112 0.0 0.6161591438515729 -0.2242635879329196 0.5135952165371526 -0.43095755677074027 0.28719842089765474 -0.49744225684829013 0.09130058926436584 -0.517791372015383 -0.11423357728808671 -0.6478508100638207 -0.20300349416563215 -0.3516123660088866 -0.47639079026636016 -0.39973933640875536 -0.5374275254468648 -0.19560762233800075 -0.4175486335647997 5.1134959758348306e-17 -0.43464845654734785 0.15819910055298156 -0.3135392721347346 0.2630906876078487 -0.2251531949066943 0.3899767730648529 -0.08191374677490607 0.46455594286129365 0.1169722458722885 0.6633825714153622 0.33723884490191064 0.5841148136559495
end
case corpus_37 1e-09
op 1037
frame -5.28611326083535 -2.1867089412656537 -0.24799154151144753 -0.4096346111409892 -0.3600519450297679 0.6510626218546639 1.0 0.0 0.0
offsets -0.6834981378582949 0.7673552486369795
boundary P 19 1.105167955616612 0.0 1.1671621991659173 0.4006872890829541 0.7155185113180476 0.5569104114962815 0.462882862526313 0.7084949644944096 0.3319120542399839 1.3106910611956686 -0.08728305030304928 1.053349768477928 -0.3797222464875406 0.8656795261515463 -0.9295791431713575 1.0097921324694394 -0.8404145723071725 0.45480962247166923 -1.2050667740357142 0.20109007850275612 -1.240596229743063 -0.20701889605153276 -0.756624530536829 -0.4094647194676228 -0.6784332429758713 -0.7369749592547341 -0.5422639144534024 -1.2362372045760752 -0.09075676777617621 -1.0952713040265958 0.21988814795167033 -0.8683186594203749 0.5061011733275202 -0.7746455137057003 0.9032888184909239 -0.7030579078647541 0.808055241812588 -0.277405714906237
boundary C 0.0 0.0 0.2
transform R 0.0 0.0 0.0 0.8520607285608168 0.27512254042351625 -0.3286100378455177 -0.7502968133812711
transform T 20.0 -40.0 30.0
end
case corpus_37_alternate 1e-09
op 1037
frame -5.28611326083535 -2.1867089412656537 -0.24799154151144753 -0.4096346111409892 -0.3600519450297679 0.6510626218546639 1.0 0.0 0.0
offsets 0.7673552486369795 -0.6834981378582949
boundary P 19 1.1671621991659173 0.4006872890829541 1.105167955616612 0.0 0.808055241812588 -0.277405714906237 0.9032888184909239 -0.7030579078647541 0.5061011733275202 -0.7746455137057003 0.21988814795167033 -0.8683186594203749 -0.09075676777617621 -1.0952713040265958 -0.5422639144534024 -1.2362372045760752 -0.6784332429758713 -0.7369749592547341 -0.756624530536829 -0.4094647194676228 -1.240596229743063 -0.20701889605153276 -1.2050667740357142 0.20109007850275612 -0.8404145723071725 0.45480962247166923 -0.9295791431713575 1.0097921324694394 -0.3797222464875406 0.8656795261515463 -0.08728305030304928 1.053349768477928 0.3319120542399839 1.3106910611956686 0.462882862526313 0.7084949644944096 0.7155185113180476 0.5569104114962815
boundary C 0.0 0.0 0.2
end
case corpus_38 2e-09
op 1038
frame 7.149801304907242 10.34092654045713 13.617620569498076 -0.492389497488412 0.7876795193646684 0.5650127904384478 1.0 0.0 0.0
offsets -1.3543795959410077 1.6840874166352635
boundary P 20 2.12407975459971 0.0 2.4372256999427484 0.7919026340764302 1.9583599635582778 1.4228317986681176 1.514546161086903 2.084593953839035 0.6517968030402169 2.0060242903003367 1.6149676511076147e-16 2.6374423257906168 -0.7281104482287223 2.240893539758834 -1.2263318062619626 1.6879009266377236 -2.2461439358844975 1.6319190934414345 -1.8366055792862006 0.5967493269213334 -2.388684681314909 2.9252950491446187e-16 -2.3587906048524663 -0.7664175268056952 -1.4236907720770935 -1.0343718926427952 -1.4410677915806347 -1.9834596545049061 -0.7539992274977448 -2.320571009512667 -3.946330780391168e-16 -2.148282418048348 0.758497677019701 -2.334415813549208 1.0583461098886917 -1.456688451251794 1.9487855844471327 -1.415875605064625 2.6231165593246177 -0.8523022356392618
transform R 0.0 0.0 0.0 1.1855829591766744 -0.879425708386208 -0.48198360091711345 4.062892168503465
transform T 40.0 -80.0 60.0
end
case corpus_38_alternate 2e-09
op 1038
frame 7.149801304907242 10.34092654045713 13.617620569498076 -0.492389497488412 0.7876795193646684 0.5650127904384478 1.0 0.0 0.0
offsets 1.6840874166352635 -1.3543795959410077
boundary P 20 2.12407975459971 0.0 2.6231165593246177 -0.8523022356392618 1.9487855844471327 -1.415875605064625 1.0583461098886917 -1.456688451251794 0.758497677019701 -2.334415813549208 -3.946330780391168e-16 -2.148282418048348 -0.7539992274977448 -2.320571009512667 -1.4410677915806347 -1.9834596545049061 -1.4236907720770935 -1.0343718926427952 -2.3587906048524663 -0.7664175268056952 -2.388684681314909 2.9252950491446187e-16 -1.8366055792862006 0.5967493269213334 -2.2461439358844975 1.6319190934414345 -1.2263318062619626 1.6879009266377236 -0.7281104482287223 2.240893539758834 1.6149676511076147e-16 2.6374423257906168 0.6517968030402169 2.0060242903003367 1.514546161086903 2.084593953839035 1.9583599635582778 1.4228317986681176 2.4372256999427484 0.7919026340764302
end
case corpus_39 4e-09
op 1039
frame 39.04215081959667 26.448217765460065 10.32730832266851 0.598256073432881 0.3727382377403472 1.3473172102536104 1.0 0.0 0.0
offsets -3.568128100317835 4.74412978770772
boundary P 8 4.145029053159985 0.0 2.9102352849478694 2.910235284947869 3.3304548617968556e-16 5.439045550301765 -3.733367162102358 3.733367162102359 -3.461531960984085 4.2391540361654207e-16 -3.579180773437607 -3.5791807734376055 -8.133394785708963e-16 -4.427613899981475 2.6336427502801585 -2.6336427502801594
boundary C 0.0 0.0 0.8
transform R 0.0 0.0 0.0 0.9436196646813109 -0.7548194025436661 0.8894215975543105 -5.839306523567962
transform T 80.0 -160.0 120.0
end
case corpus_39_alternate 4e-09
op 1039
frame 39.04215081959667 26.448217765460065 10.32730832266851 0.598256073432881 0.3727382377403472 1.3473172102536104 1.0 0.0 0.0
offsets 4.74412978770772 -3.568128100317835
boundary P 8 -3.461531960984085 4.2391540361654207e-16 -3.733367162102358 3.733367162102359 3.3304548617968556e-16 5.439045550301765 2.9102352849478694 2.910235284947869 4.145029053159985 0.0 2.6336427502801585 -2.6336427502801594 -8.133394785708963e-16 -4.427613899981475 -3.579180773437607 -3.5791807734376055
boundary C 0.0 0.0 0.8
end
case corpus_40 8e-09
op 1040
frame 64.31951114478946 30.248848143371365 -69.68720365203644 0.5299880646180228 0.18298378471677568 0.8681676056643308 1.0 0.0 0.0
offsets -7.17011690011 4.413264932791331
boundary P 9 8.837616006222333 0.0 4.991642010736169 4.188484970177735 1.7553704433729764 9.955200482195435 -4.298735112867461 7.445627623766778 -8.435481925548137 3.070264332590073 -7.566520227951621 -2.7539881399475097 -3.720003372873355 -6.443234846144234 1.4233283446087313 -8.072096164126085 7.76338952087742 -6.514257283653809
transform R 0.0 0.0 0.0 0.5723519294463841 0.8113927158048584 -0.08046377171171182 -0.7856266555391954
transform T 160.0 -320.0 240.0
end
case corpus_40_alternate 8e-09
op 1040
frame 64.31951114478946 30.248848143371365 -69.68720365203644 0.5299880646180228 0.18298378471677568 0.8681676056643308 1.0 0.0 0.0
offsets 4.413264932791331 -7.17011690011
boundary P 9 8.837616006222333 0.0 7.76338952087742 -6.514257283653809 1.4233283446087313 -8.072096164126085 -3.720003372873355 -6.443234846144234 -7.566520227951621 -2.7539881399475097 -8.435481925548137 3.070264332590073 -4.298735112867461 7.445627623766778 1.7553704433729764 9.955200482195435 4.991642010736169 4.188484970177735
end
case corpus_41 1.6e-08
op 1041
frame 116.88122430489912 -126.5898411144984 -70.20338078741496 -0.9360739905480278 0.8988379027871483 1.1742120792248252 1.0 0.0 0.0
offsets -12.62717484830711 8.167860845060236
boundary P 10 16.804075484842592 0.0 11.39272171575233 8.27729683622427 4.310935173597367 13.267694213610358 -4.016915269277474 12.362793994483186 -15.95179402411174 11.589656756498956 -19.29092762078747 2.362457276338064e-15 -11.701092083487783 -8.501341022760725 -5.2126715068657585 -16.04295328138326 4.98728873329111 -15.349296429589684 15.403319243409404 -11.191166502780296
boundary C 0.0 0.0 3.2
transform R 0.0 0.0 0.0 1.1696628566531817 -0.25580759608257875 0.4896806676759837 -3.6614903252341087
transform T 320.0 -640.0 480.0
end
case corpus_41_alternate 1.6e-08
op 1041
frame 116.88122430489912 -126.5898411144984 -70.20338078741496 -0.9360739905480278 0.8988379027871483 1.1742120792248252 1.0 0.0 0.0
offsets 8.167860845060236 -12.62717484830711
boundary P 10 -19.29092762078747 2.362457276338064e-15 -15.95179402411174 11.589656756498956 -4.016915269277474 12.362793994483186 4.310935173597367 13.267694213610358 11.39272171575233 8.27729683622427 16.804075484842592 0.0 15.403319243409404 -11.191166502780296 4.98728873329111 -15.349296429589684 -5.2126715068657585 -16.04295328138326 -11.701092083487783 -8.501341022760725
boundary C 0.0 0.0 3.2
end
case corpus_42 3.2e-08
op 1042
frame -179.8037109080201 -62.6825603677662 -147.35860426535893 0.19149337658238763 0.3257152700209629 1.0757692306378155 1.0 0.0 0.0
offsets -36.91708774448754 17.727016704776684
boundary P 11 32.43418423113645 0.0 33.07561712232684 21.25640842028015 13.093977028884632 28.671810308060458 -4.509569360947991 31.364743840302182 -21.732785851278802 25.080971884945093 -35.866627063883236 10.531391918296343 -28.71957724181438 -8.432828744186477 -18.125240790088675 -20.917642946236654 -5.147339676924044 -35.80053382121781 14.943298521721264 -32.72125952614483 33.95894897426821 -21.8240913314127
transform R 0.0 0.0 0.0 0.6854157937057892 0.9109758269356734 0.9506369262457004 2.2624426942571594
transform T 640.0 -1280.0 960.0
end
case corpus_42_alternate 3.2e-08
op 1042
frame -179.8037109080201 -62.6825603677662 -147.35860426535893 0.19149337658238763 0.3257152700209629 1.0757692306378155 1.0 0.0 0.0
offsets 17.727016704776684 -36.91708774448754
boundary P 11 13.093977028884632 28.671810308060458 33.07561712232684 21.25640842028015 32.43418423113645 0.0 33.95894897426821 -21.8240913314127 14.943298521721264 -32.72125952614483 -5.147339676924044 -35.80053382121781 -18.125240790088675 -20.917642946236654 -28.71957724181438 -8.432828744186477 -35.866627063883236 10.531391918296343 -21.732785851278802 25.080971884945093 -4.509569360947991 31.364743840302182
end
case corpus_43 6.4e-08
op 1043
frame -65.53314279204415 37.515121522515216 412.6867609973697 0.08560497410737966 -0.9619076880163568 0.5731892097785012 1.0 0.0 0.0
offsets -53.344343894436285 80.3250385037075
boundary P 12 65.97761135500234 0.0 66.09235130966886 38.15843682001262 29.003523614037604 50.23557649803682 3.280594431664096e-15 53.576172884266285 -34.94350825421267 60.52393169099881 -56.441685410229084 32.58662226511193 -73.41771166316079 8.991076558901316e-15 -62.418193676623304 -36.03716092152863 -29.12268821640792 -50.441975643805904 -1.4637940999775916e-14 -79.6852393684308 40.90305756746056 -70.84617389175632 51.84978616786126 -29.935488001439268
boundary C 0.0 0.0 12.8
transform R 0.0 0.0 0.0 0.8432327783504201 0.7598635922032455 0.462141444812868 -1.177561806526161
transform T 1280.0 -2560.0 1920.0
end
case corpus_43_alternate 6.4e-08
op 1043
frame -65.53314279204415 37.515121522515216 412.6867609973697 0.08560497410737966 -0.9619076880163568 0.5731892097785012 1.0 0.0 0.0
offsets 80.3250385037075 -53.344343894436285
boundary P 12 40.90305756746056 -70.84617389175632 -1.4637940999775916e-14 -79.6852393684308 -29.12268821640792 -50.441975643805904 -62.418193676623304 -36.03716092152863 -73.41771166316079 8.991076558901316e-15 -56.441685410229084 32.58662226511193 -34.94350825421267 60.52393169099881 3.280594431664096e-15 53.576172884266285 29.003523614037604 50.23557649803682 66.09235130966886 38.15843682001262 65.97761135500234 0.0 51.84978616786126 -29.935488001439268
boundary C 0.0 0.0 12.8
end
case corpus_44 1.28e-07
op 1044
frame -1083.2464759657037 -624.0075408708376 -547.7679691918454 -0.6173735021190845 -0.7326159832637817 1.0195608216995498 1.0 0.0 0.0
offsets -155.25502636193897 134.3545764474577
boundary P 13 124.0483487998014 0.0 127.49522628648448 66.91465670086079 88.13843539061787 127.69056821249605 13.948289604602492 114.8744999418304 -49.34448448928404 130.11071243043747 -108.58189089007031 96.19516125822726 -156.73434891793838 38.631547385001774 -119.50426879417086 -29.455156795586227 -78.41849903455348 -69.47272789616568 -42.79181136261156 -112.83273338861981 17.2146185580476 -141.77513907458226 98.92649561371246 -143.31977167739262 134.5161601357604 -70.59952704406948
transform R 0.0 0.0 0.0 1.1567344310750167 0.6513592112728515 -0.2477445909122178 4.876842810200392
transform T 2560.0 -5120.0 3840.0
end
case corpus_44_alternate 1.28e-07
op 1044
frame -1083.2464759657037 -624.0075408708376 -547.7679691918454 -0.6173735021190845 -0.7326159832637817 1.0195608216995498 1.0 0.0 0.0
offsets 134.3545764474577 -155.25502636193897
boundary P 13 -78.41849903455348 -69.47272789616568 -119.50426879417086 -29.455156795586227 -156.73434891793838 38.631547385001774 -108.58189089007031 96.19516125822726 -49.34448448928404 130.11071243043747 13.948289604602492 114.8744999418304 88.13843539061787 127.69056821249605 127.49522628648448 66.91465670086079 124.0483487998014 0.0 134.5161601357604 -70.59952704406948 98.92649561371246 -143.31977167739262 17.2146185580476 -141.77513907458226 -42.79181136261156 -112.83273338861981
end
case corpus_45 2.56e-07
op 1045
frame -1406.3264481775946 -187.27818500887338 491.2026201815496 -0.6872670259115314 0.3688523753821371 0.9209033324822931 1.0 0.0 0.0
offsets -228.20587481344052 351.2646541320982
boundary P 14 252.21469468804105 0.0 290.2485468717464 139.77633331920038 159.61825829008197 200.15496506256383 58.430713537612554 256.00168282460294 -47.50377832292611 208.12765162225463 -185.82019480884085 233.01115422704353 -249.7281309889302 120.26272948651068 -208.71818471348092 2.5560605683321043e-14 -197.69424334079375 -95.20452987728552 -200.5847730159496 -251.52534970107683 -68.30905272589301 -299.281514656267 49.302795510100474 -216.00966091948183 187.57387928606045 -235.2102050062517 235.25707262388858 -113.29383507062404
boundary C 0.0 0.0 51.2
transform R 0.0 0.0 0.0 0.7663170964853816 -0.8405601437272276 0.21540568659579828 3.6537703017787426
transform T 5120.0 -10240.0 7680.0
end
case corpus_45_alternate 2.56e-07
op 1045
frame -1406.3264481775946 -187.27818500887338 491.2026201815496 -0.6872670259115314 0.3688523753821371 0.9209033324822931 1.0 0.0 0.0
offsets 351.2646541320982 -228.20587481344052
boundary P 14 -249.7281309889302 120.26272948651068 -185.82019480884085 233.01115422704353 -47.50377832292611 208.12765162225463 58.430713537612554 256.00168282460294 159.61825829008197 200.15496506256383 290.2485468717464 139.77633331920038 252.21469468804105 0.0 235.25707262388858 -113.29383507062404 187.57387928606045 -235.2102050062517 49.302795510100474 -216.00966091948183 -68.30905272589301 -299.281514656267 -200.5847730159496 -251.52534970107683 -197.69424334079375 -95.20452987728552 -208.71818471348092 2.5560605683321043e-14
boundary C 0.0 0.0 51.2
end
case corpus_46 5.12e-07
op 1046
frame 3940.1939115208143 -247.176575723023 3709.1325041259606 0.5368467846532563 -0.4693010117042835 1.0774591129210083 1.0 0.0 0.0
offsets -610.9965779679759 363.9946937225018
boundary P 15 453.20313833038443 0.0 503.56021918681125 224.19945436222224 343.10319377018624 381.0547008790343 185.7142694678793 571.5697497598209 -59.63393957762656 567.3790349826284 -262.6599453092517 454.94037038888683 -523.8549766329161 380.6029190310682 -572.6778264272258 121.72642973003283 -666.9354287217908 -141.7615015850258 -527.5534832472176 -383.29004137646723 -314.7777036712951 -545.2109758485428 -44.79849022299745 -426.2291629805218 199.25137218641052 -613.2326679376953 329.7560275845578 -366.2311710757702 548.3571056125658 -244.14431321147669
transform R 0.0 0.0 0.0 0.6835417042207217 0.27123724152977435 -0.9645118456610167 -1.5092025749639533
transform T 10240.0 -20480.0 15360.0
end
case corpus_46_alternate 5.12e-07
op 1046
frame 3940.1939115208143 -247.176575723023 3709.1325041259606 0.5368467846532563 -0.4693010117042835 1.0774591129210083 1.0 0.0 0.0
offsets 363.9946937225018 -610.9965779679759
boundary P 15 -59.63393957762656 567.3790349826284 185.7142694678793 571.5697497598209 343.10319377018624 381.0547008790343 503.56021918681125 224.19945436222224 453.20313833038443 0.0 548.3571056125658 -244.14431321147669 329.7560275845578 -366.2311710757702 199.25137218641052 -613.2326679376953 -44.79849022299745 -426.2291629805218 -314.7777036712951 -545.2109758485428 -527.5534832472176 -383.29004137646723 -666.9354287217908 -141.7615015850258 -572.6778264272258 121.72642973003283 -523.8549766329161 380.6029190310682 -262.6599453092517 454.94037038888683
end
case corpus_47 1.024e-06
op 1047
frame 8271.560767049566 -607.9207328661437 3208.1904135896775 0.9855700241302454 -0.6544698444584256 0.6127624439442304 1.0 0.0 0.0
offsets -1191.0869284054065 743.9451079648768
boundary P 16 1305.1925674721974 0.0 1059.378871847456 438.8090964107253 956.0287239362364 956.0287239362362 367.3496080874707 886.8604059772127 7.438195246615917e-14 1214.7494692828461 -495.9201794097779 1197.2572229855843 -937.464381494328 937.4643814943282 -860.7323301788605 356.527004733081 -1150.0423244479857 1.4083956515192076e-13 -910.6154916973484 -377.1892867680861 -591.9706965840845 -591.9706965840843 -347.043547441903 -837.8372389683113 -1.616676538294043e-13 -880.0777167858447 404.1602795241333 -975.7292281996629 867.0348271553046 -867.034827155305 1159.911890572767 -480.45123623305835
boundary C 0.0 0.0 204.8
transform R 0.0 0.0 0.0 1.212574618912725 0.5172703949977333 0.02303432569895869 -6.008474200783745
transform T 20480.0 -40960.0 30720.0
end
case corpus_47_alternate 1.024e-06
op 1047
frame 8271.560767049566 -607.9207328661437 3208.1904135896775 0.9855700241302454 -0.6544698444584256 0.6127624439442304 1.0 0.0 0.0
offsets 743.9451079648768 -1191.0869284054065
boundary P 16 956.0287239362364 956.0287239362362 1059.378871847456 438.8090964107253 1305.1925674721974 0.0 1159.911890572767 -480.45123623305835 867.0348271553046 -867.034827155305 404.1602795241333 -975.7292281996629 -1.616676538294043e-13 -880.0777167858447 -347.043547441903 -837.8372389683113 -591.9706965840845 -591.9706965840843 -910.6154916973484 -377.1892867680861 -1150.0423244479857 1.4083956515192076e-13 -860.7323301788605 356.527004733081 -937.464381494328 937.4643814943282 -495.9201794097779 1197.2572229855843 7.438195246615917e-14 1214.7494692828461 367.3496080874707 886.8604059772127
boundary C 0.0 0.0 204.8
end
case corpus_48 2.048e-06
op 1048
frame 12181.988418389474 -2019.671306223504 -10289.889697539638 -0.033979883803695765 0.8288596629641947 1.402079088438982 1.0 0.0 0.0
offsets -2470.2523476911574 2956.1983121480025
boundary P 17 2693.448438112343 0.0 1884.8123884714958 730.1802093308002 1303.0233048632458 1187.8626950237406 1119.7399644862796 2248.740991394167 202.68627254176175 2187.333228959736 -776.1034891456176 2727.72082706372 -1255.4973509529589 1662.5471793072222 -1948.211666095028 1206.2815932840297 -1647.088660699402 307.8942315939069 -2284.348679950411 -427.0187745735732 -2053.6609902663945 -1271.5730505655274 -1404.9470749892305 -1860.4505973878313 -776.0556661681987 -2727.552746732497 181.88104485537804 -1962.8090651680047 1231.1558704746813 -2472.494293799863 1245.1345445637055 -1135.0901171547594 1868.688478813036 -723.9337734512098
transform R 0.0 0.0 0.0 1.0165924259441899 0.18542058840841902 0.09411486251186707 -0.1894811770173413
transform T 40960.0 -81920.0 61440.0
end
case corpus_48_alternate 2.048e-06
op 1048
frame 12181.988418389474 -2019.671306223504 -10289.889697539638 -0.033979883803695765 0.8288596629641947 1.402079088438982 1.0 0.0 0.0
offsets 2956.1983121480025 -2470.2523476911574
boundary P 17 2693.448438112343 0.0 1868.688478813036 -723.9337734512098 1245.1345445637055 -1135.0901171547594 1231.1558704746813 -2472.494293799863 181.88104485537804 -1962.8090651680047 -776.0556661681987 -2727.552746732497 -1404.9470749892305 -1860.4505973878313 -2053.6609902663945 -1271.5730505655274 -2284.348679950411 -427.0187745735732 -1647.088660699402 307.8942315939069 -1948.211666095028 1206.2815932840297 -1255.4973509529589 1662.5471793072222 -776.1034891456176 2727.72082706372 202.68627254176175 2187.333228959736 1119.7399644862796 2248.740991394167 1303.0233048632458 1187.8626950237406 1884.8123884714958 730.1802093308002
end
case corpus_49 4.096e-06
op 1049
frame 32721.441728738566 -26299.651470696754 -8778.698061892565 -0.7107166935402387 -0.8212502124022039 1.245302942160266 1.0 0.0 0.0
offsets -4207.646781420634 5417.300616917042
boundary P 18 5519.412920385751 0.0 3416.7136472990164 1243.5820666279535 3973.869244296017 3334.4722172355237 1898.1410367924952 3287.6767156560663 664.086648169556 3766.222534414864 -835.3969856459663 4737.771736857407 -1696.3452291567564 2938.1561240765736 -4037.9480960366727 3388.240758097373 -3312.359462015015 1205.6002493634778 -5596.1796973706105 6.853343553838322e-13 -4855.89731069521 -1767.402081746357 -2945.222303705841 -2471.3349487746677 -2385.499098721992 -4131.80564039625 -779.899992602007 -4423.032649163749 922.6921406925363 -5232.847162613739 2570.711179742855 -4452.602374899961 4003.059054019188 -3358.9653758083746 5160.856566110654 -1878.3981733815624
boundary C 0.0 0.0 819.2
transform R 0.0 0.0 0.0 0.5641154693628909 -0.4886111181705646 -0.2286102774628873 4.744900036936626
transform T 81920.0 -163840.0 122880.0
end
case corpus_49_alternate 4.096e-06
op 1049
frame 32721.441728738566 -26299.651470696754 -8778.698061892565 -0.7107166935402387 -0.8212502124022039 1.245302942160266 1.0 0.0 0.0
offsets 5417.300616917042 -4207.646781420634
boundary P 18 2570.711179742855 -4452.602374899961 922.6921406925363 -5232.847162613739 -779.899992602007 -4423.032649163749 -2385.499098721992 -4131.80564039625 -2945.222303705841 -2471.3349487746677 -4855.89731069521 -1767.402081746357 -5596.1796973706105 6.853343553838322e-13 -3312.359462015015 1205.6002493634778 -4037.9480960366727 3388.240758097373 -1696.3452291567564 2938.1561240765736 -835.3969856459663 4737.771736857407 664.086648169556 3766.222534414864 1898.1410367924952 3287.6767156560663 3973.869244296017 3334.4722172355237 3416.7136472990164 1243.5820666279535 5519.412920385751 0.0 5160.856566110654 -1878.3981733815624 4003.059054019188 -3358.9653758083746
boundary C 0.0 0.0 819.2
end
case corpus_50 2.44140625e-13
op 1050
frame -0.001255523386695307 -0.0021137366889455826 0.0009808636132997207 0.20343722530188213 0.481347969658223 0.5411122922452756 1.0 0.0 0.0
offsets -0.00012266303197219577 0.0003146919833738684
boundary P 19 0.00021161518714878078 0.0 0.0002919429554973791 0.00010022414321566064 0.00025557775021744556 0.0001989241477214894 0.00013023990947822066 0.0001993470217020222 4.851881785894706e-05 0.00019159647881159092 -2.2210082420557523e-05 0.00026803583392585276 -0.0001006911867885263 0.00022955278410212494 -0.00020785193908010372 0.0002257873945897209 -0.00022658573777224357 0.0001226220692137078 -0.00024330790466295537 4.0600908350631174e-05 -0.0003045711111672765 -5.082392940698908e-05 -0.00027746056443860907 -0.00015015414858486842 -0.00019693053106298824 -0.0002139235829151736 -9.922581250904693e-05 -0.00022621206723965934 -2.139699855268286e-05 -0.00025822337089889176 7.033585978063658e-05 -0.00027775002901623137 0.00013240812859332326 -0.0002026657281163982 0.0002293236126626701 -0.00017848973223421347 0.0002015958256870434 -6.920793437510774e-05
transform R 0.0 0.0 0.0 0.8241740038095999 -0.9217229556634696 0.8080454912565509 -3.7249856082928816
transform T 0.0048828125 -0.009765625 0.00732421875
end
case corpus_50_alternate 2.44140625e-13
op 1050
frame -0.001255523386695307 -0.0021137366889455826 0.0009808636132997207 0.20343722530188213 0.481347969658223 0.5411122922452756 1.0 0.0 0.0
offsets 0.0003146919833738684 -0.00012266303197219577
boundary P 19 -2.139699855268286e-05 -0.00025822337089889176 -9.922581250904693e-05 -0.00022621206723965934 -0.00019693053106298824 -0.0002139235829151736 -0.00027746056443860907 -0.00015015414858486842 -0.0003045711111672765 -5.082392940698908e-05 -0.00024330790466295537 4.0600908350631174e-05 -0.00022658573777224357 0.0001226220692137078 -0.00020785193908010372 0.0002257873945897209 -0.0001006911867885263 0.00022955278410212494 -2.2210082420557523e-05 0.00026803583392585276 4.851881785894706e-05 0.00019159647881159092 0.00013023990947822066 0.0001993470217020222 0.00025557775021744556 0.0001989241477214894 0.0002919429554973791 0.00010022414321566064 0.00021161518714878078 0.0 0.0002015958256870434 -6.920793437510774e-05 0.0002293236126626701 -0.00017848973223421347 0.00013240812859332326 -0.0002026657281163982 7.033585978063658e-05 -0.00027775002901623137
end
case corpus_51 4.8828125e-13
op 1051
frame -0.002576982770157504 0.0019412140722290807 0.0012183192214282627 -0.4091050114002437 -0.6030028261264799 1.4152532901247987 1.0 0.0 0.0
offsets -0.00044240067515279946 0.0006069467258067742
boundary P 20 0.0006106267682247136 0.0 0.0005831388115107953 0.00018947328549770562 0.00036404437546563715 0.0002644937208569368 0.00030164134662702814 0.00041517369596401994 0.00017445270193972346 0.0005369102087756282 3.722762803113806e-20 0.000607973303928241 -0.00018702620318411108 0.0005756074665601329 -0.000366091125958929 0.0005038812070148051 -0.0003925361744471698 0.00028519422451640016 -0.00039045460278330665 0.00012686639092909213 -0.0006384624562969936 7.8189100347987e-20 -0.00041978793820799174 -0.00013639736936477847 -0.0005188402519404115 -0.0003769595082757248 -0.000315233188217214 -0.0004338812609946598 -0.00020617385226480005 -0.0006345378709113776 -1.179441597333682e-19 -0.0006420581009723812 0.00014719184989060087 -0.0004530099332146737 0.0002574018722532952 -0.0003542832832648663 0.000417253056281326 -0.00030315209032859785 0.00038220226213866613 -0.00012418504291362512
boundary C 0.0 0.0 9.765625e-05
transform R 0.0 0.0 0.0 0.5555301207818368 0.055402705349940407 0.6532171682352343 2.686093499695891
transform T 0.009765625 -0.01953125 0.0146484375
end
case corpus_51_alternate 4.8828125e-13
op 1051
frame -0.002576982770157504 0.0019412140722290807 0.0012183192214282627 -0.4091050114002437 -0.6030028261264799 1.4152532901247987 1.0 0.0 0.0
offsets 0.0006069467258067742 -0.00044240067515279946
boundary P 20 -0.000315233188217214 -0.0004338812609946598 -0.0005188402519404115 -0.0003769595082757248 -0.00041978793820799174 -0.00013639736936477847 -0.0006384624562969936 7.8189100347987e-20 -0.00039045460278330665 0.00012686639092909213 -0.0003925361744471698 0.00028519422451640016 -0.000366091125958929 0.0005038812070148051 -0.00018702620318411108 0.0005756074665601329 3.722762803113806e-20 0.000607973303928241 0.00017445270193972346 0.0005369102087756282 0.00030164134662702814 0.00041517369596401994 0.00036404437546563715 0.0002644937208569368 0.0005831388115107953 0.00018947328549770562 0.0006106267682247136 0.0 0.00038220226213866613 -0.00012418504291362512 0.000417253056281326 -0.00030315209032859785 0.0002574018722532952 -0.0003542832832648663 0.00014719184989060087 -0.0004530099332146737 -1.179441597333682e-19 -0.0006420581009723812 -0.00020617385226480005 -0.0006345378709113776
boundary C 0.0 0.0 9.765625e-05
end
case corpus_52 9.765625e-13
op 1052
frame 0.004139813552154993 0.0012120574916040807 -0.00263602165121905 0.9681028883090173 0.5060109520513782 0.6857468132483977 1.0 0.0 0.0
offsets -0.0007529549966475873 0.0007093312899344854
boundary P 8 0.0011484355059475937 0.0 0.0006878416077675944 0.0006878416077675943 6.529112019203281e-20 0.0010662849114943351 -0.0009276315075112453 0.0009276315075112455 -0.0010497843844201576 1.2856150861750206e-19 -0.0006359535253465344 -0.0006359535253465343 -1.6444897235180316e-19 -0.000895218509621435 0.0005967569566026827 -0.000596756956602683
transform R 0.0 0.0 0.0 0.7565983130493994 0.880355249327794 -0.43611960294428953 5.003341123303052
transform T 0.01953125 -0.0390625 0.029296875
end
case corpus_52_alternate 9.765625e-13
op 1052
frame 0.004139813552154993 0.0012120574916040807 -0.00263602165121905 0.9681028883090173 0.5060109520513782 0.6857468132483977 1.0 0.0 0.0
offsets 0.0007093312899344854 -0.0007529549966475873
boundary P 8 -0.0009276315075112453 0.0009276315075112455 6.529112019203281e-20 0.0010662849114943351 0.0006878416077675944 0.0006878416077675943 0.0011484355059475937 0.0 0.0005967569566026827 -0.000596756956602683 -1.6444897235180316e-19 -0.000895218509621435 -0.0006359535253465344 -0.0006359535253465343 -0.0010497843844201576 1.2856150861750206e-19
end
case corpus_53 1.953125e-12
op 1053
frame 0.0028697688725624285 -0.01620384637216898 -0.017629119365071316 0.13068767674477333 -0.1875487350111058 1.1159704329455984 1.0 0.0 0.0
offsets -0.0029212259630369674 0.0027942785655115706
boundary P 9 0.0017338080244115642 0.0 0.0018592255336016034 0.001560075459520487 0.00032856681281893035 0.001863394992069734 -0.0012812665960051804 0.0022192188423218006 -0.001870179732476292 0.0006806897553493 -0.002106323271476603 -0.0007666389745596929 -0.0008128431760518219 -0.0014078856795074076 0.00030911611767006327 -0.0017530846182930424 0.001432571056681537 -0.0012020698452967248
boundary C 0.0 0.0 0.000390625
transform R 0.0 0.0 0.0 1.1212845219862932 0.9779614986346377 -0.7471590716937344 2.1571127506101297
transform T 0.0390625 -0.078125 0.05859375
end
case corpus_53_alternate 1.953125e-12
op 1053
frame 0.0028697688725624285 -0.01620384637216898 -0.017629119365071316 0.13068767674477333 -0.1875487350111058 1.1159704329455984 1.0 0.0 0.0
offsets 0.0027942785655115706 -0.0029212259630369674
boundary P 9 -0.002106323271476603 -0.0007666389745596929 -0.001870179732476292 0.0006806897553493 -0.0012812665960051804 0.0022192188423218006 0.00032856681281893035 0.001863394992069734 0.0018592255336016034 0.001560075459520487 0.0017338080244115642 0.0 0.001432571056681537 -0.0012020698452967248 0.00030911611767006327 -0.0017530846182930424 -0.0008128431760518219 -0.0014078856795074076
boundary C 0.0 0.0 0.000390625
end
case corpus_54 3.90625e-12
op 1054
frame -0.003946060753213399 0.008644615114762914 0.03184907242807258 -0.2880797751734363 -0.5212052193594983 0.625718838749971 1.0 0.0 0.0
offsets -0.004439077931946622 0.0026317813990857
boundary P 10 0.004377737588997432 0.0 0.0034039183714855916 0.002473091458743033 0.0010222289333788733 0.0031460971594843767 -0.001443209521805846 0.004441742185956423 -0.0041480198008359195 0.0030137127923156237 -0.00382581141534154 4.685267703939422e-19 -0.0026457737111846313 -0.001922267120654207 -0.001339988676670234 -0.00412406109018923 0.0015023558633490129 -0.004623775907607975 0.0030652943675187607 -0.002227066718857675
transform R 0.0 0.0 0.0 1.2400595319542997 0.07124385791128862 0.43664369438416695 2.291608506621153
transform T 0.078125 -0.15625 0.1171875
end
case corpus_54_alternate 3.90625e-12
op 1054
frame -0.003946060753213399 0.008644615114762914 0.03184907242807258 -0.2880797751734363 -0.5212052193594983 0.625718838749971 1.0 0.0 0.0
offsets 0.0026317813990857 -0.004439077931946622
boundary P 10 0.004377737588997432 0.0 0.0030652943675187607 -0.002227066718857675 0.0015023558633490129 -0.004623775907607975 -0.001339988676670234 -0.00412406109018923 -0.0026457737111846313 -0.001922267120654207 -0.00382581141534154 4.685267703939422e-19 -0.0041480198008359195 0.0030137127923156237 -0.001443209521805846 0.004441742185956423 0.0010222289333788733 0.0031460971594843767 0.0034039183714855916 0.002473091458743033
end
case corpus_55 7.8125e-12
op 1055
frame 0.01574475620896909 0.0011378038285582252 -0.06318895577952482 0.7120616727523148 0.5591332647273635 1.3083789621544626 1.0 0.0 0.0
offsets -0.005737714016997276 0.01025470591841156
boundary P 11 0.007586736004951066 0.0 0.007671373200210359 0.004930092197070136 0.002787069140632494 0.006102830143919295 -0.0009552386885444676 0.006643831012335318 -0.006149746879115681 0.007097186234205373 -0.0063521375499844155 0.0018651558714640327 -0.010209712179049497 -0.00299784198104443 -0.006919089108347296 -0.007985054497082662 -0.0009367716019142474 -0.00651538960357255 0.0027206014957136928 -0.005957286303225874 0.007022073398882752 -0.004512812552273732
boundary C 0.0 0.0 0.0015625
transform R 0.0 0.0 0.0 0.8682294878786911 0.9074698277410362 -0.5497180370049946 -5.2903247484520595
transform T 0.15625 -0.3125 0.234375
end
case corpus_55_alternate 7.8125e-12
op 1055
frame 0.01574475620896909 0.0011378038285582252 -0.06318895577952482 0.7120616727523148 0.5591332647273635 1.3083789621544626 1.0 0.0 0.0
offsets 0.01025470591841156 -0.005737714016997276
boundary P 11 -0.0063521375499844155 0.0018651558714640327 -0.006149746879115681 0.007097186234205373 -0.0009552386885444676 0.006643831012335318 0.002787069140632494 0.006102830143919295 0.007671373200210359 0.004930092197070136 0.007586736004951066 0.0 0.007022073398882752 -0.004512812552273732 0.0027206014957136928 -0.005957286303225874 -0.0009367716019142474 -0.00651538960357255 -0.006919089108347296 -0.007985054497082662 -0.010209712179049497 -0.00299784198104443
boundary C 0.0 0.0 0.0015625
end
case corpus_56 1.5625e-11
op 1056
frame 0.03626250290943805 -0.10507307272804339 -0.10523347264464057 0.2715826965635304 -0.7026821356567987 1.1938834572675319 1.0 0.0 0.0
offsets -0.023174005657585543 0.009474299042604233
boundary P 12 0.014823205792169118 0.0 0.012765475254047337 0.007370150574257735 0.007981416126261909 0.013824218247035195 8.873349985961962e-19 0.014491280248541757 -0.006657626248351784 0.011531346919949469 -0.01152588490707375 0.006654472753747673 -0.01857040087924064 2.2742181995645245e-18 -0.01082890067967243 -0.0062520687224365944 -0.009006353364999869 -0.015599461619098679 -2.584629823737943e-18 -0.014070069430290502 0.010706287837885903 -0.018543834495675125 0.011288654027851003 -0.006517507441768338
transform R 0.0 0.0 0.0 0.8044494444006598 -0.23526992824837833 0.11892369690652016 -5.91896937302595
transform T 0.3125 -0.625 0.46875
end
case corpus_56_alternate 1.5625e-11
op 1056
frame 0.03626250290943805 -0.10507307272804339 -0.10523347264464057 0.2715826965635304 -0.7026821356567987 1.1938834572675319 1.0 0.0 0.0
offsets 0.009474299042604233 -0.023174005657585543
boundary P 12 0.012765475254047337 0.007370150574257735 0.014823205792169118 0.0 0.011288654027851003 -0.006517507441768338 0.010706287837885903 -0.018543834495675125 -2.584629823737943e-18 -0.014070069430290502 -0.009006353364999869 -0.015599461619098679 -0.01082890067967243 -0.0062520687224365944 -0.01857040087924064 2.2742181995645245e-18 -0.01152588490707375 0.006654472753747673 -0.006657626248351784 0.011531346919949469 8.873349985961962e-19 0.014491280248541757 0.007981416126261909 0.013824218247035195
end
case corpus_57 3.125e-11
op 1057
frame -0.0432647947100101 -0.1410750451537418 -0.185165132591805 -0.8466959560967144 -0.11791092607088838 0.876833853136876 1.0 0.0 0.0
offsets -0.023970814926917078 0.044166612220756185
boundary P 13 0.04346023698411025 0.0 0.03303516111740818 0.017338190061029192 0.0204015067858196 0.02955668525685791 0.00501021151583628 0.04126280417167284 -0.010810868858251117 0.028505918416161614 -0.019094350227985616 0.01691611818734791 -0.03987397178730005 0.009828051356731074 -0.04132653069876214 -0.010186074973156293 -0.021919945916988044 -0.019419377531296172 -0.012586884667091994 -0.033188887233602325 0.004531881389807747 -0.037323401162969165 0.018526821613356476 -0.026840734901823215 0.03818373327428805 -0.02004036918107792
boundary C 0.0 0.0 0.00625
transform R 0.0 0.0 0.0 0.41778639953549185 0.11984818281191001 0.8384133178288706 -5.6310141942576
transform T 0.625 -1.25 0.9375
end
case corpus_57_alternate 3.125e-11
op 1057
frame -0.0432647947100101 -0.1410750451537418 -0.185165132591805 -0.8466959560967144 -0.11791092607088838 0.876833853136876 1.0 0.0 0.0
offsets 0.044166612220756185 -0.023970814926917078
boundary P 13 -0.012586884667091994 -0.033188887233602325 -0.021919945916988044 -0.019419377531296172 -0.04132653069876214 -0.010186074973156293 -0.03987397178730005 0.009828051356731074 -0.019094350227985616 0.01691611818734791 -0.010810868858251117 0.028505918416161614 0.00501021151583628 0.04126280417167284 0.0204015067858196 0.02955668525685791 0.03303516111740818 0.017338190061029192 0.04346023698411025 0.0 0.03818373327428805 -0.02004036918107792 0.018526821613356476 -0.026840734901823215 0.004531881389807747 -0.037323401162969165
boundary C 0.0 0.0 0.00625
end
case corpus_58 6.25e-11
op 1058
frame 0.25541695278845244 0.5562477565958943 0.4827404035100229 0.7811129806146426 -0.10804026564536406 1.0884413447740755 1.0 0.0 0.0
offsets -0.04615177462155838 0.07248382868719569
boundary P 14 0.06623651552314858 0.0 0.05456585778844445 0.026277532164375953 0.04997552605481184 0.06266732752656311 0.0147893409421247 0.06479633637562146 -0.012621936586891898 0.055300317437844845 -0.03832587752049846 0.04805913031682369 -0.06547078529526644 0.0315290684715975 -0.07982844438618661 9.776164889845593e-18 -0.05012917118568573 -0.02414093650488395 -0.043051734066125676 -0.05398516698652386 -0.01910029167955307 -0.08368384564153544 0.018137401402012723 -0.07946514769140559 0.04260753736040884 -0.05342816193543456 0.06854740780770291 -0.03301069178523869
transform R 0.0 0.0 0.0 0.5678041943900285 -0.4542474044735776 0.7176413687277956 1.1731688367442803
transform T 1.25 -2.5 1.875
end
case corpus_58_alternate 6.25e-11
op 1058
frame 0.25541695278845244 0.5562477565958943 0.4827404035100229 0.7811129806146426 -0.10804026564536406 1.0884413447740755 1.0 0.0 0.0
offsets 0.07248382868719569 -0.04615177462155838
boundary P 14 -0.06547078529526644 0.0315290684715975 -0.03832587752049846 0.04805913031682369 -0.012621936586891898 0.055300317437844845 0.0147893409421247 0.06479633637562146 0.04997552605481184 0.06266732752656311 0.05456585778844445 0.026277532164375953 0.06623651552314858 0.0 0.06854740780770291 -0.03301069178523869 0.04260753736040884 -0.05342816193543456 0.018137401402012723 -0.07946514769140559 -0.01910029167955307 -0.08368384564153544 -0.043051734066125676 -0.05398516698652386 -0.05012917118568573 -0.02414093650488395 -0.07982844438618661 9.776164889845593e-18
end
case corpus_59 1.25e-10
op 1059
frame 1.0535965568872232 -0.9273427789582572 -1.2005400459171278 -0.0038248304072430184 0.545796553355925 1.02830519373064 1.0 0.0 0.0
offsets -0.17304280683016293 0.06785629226845961
boundary P 15 0.16618743911373046 0.0 0.1291726996046989 0.05751139122275455 0.1082636653149132 0.12023898160002179 0.04819418893925702 0.148326461885865 -0.015245539190241218 0.14505161615708861 -0.05405941808694045 0.09363365875418883 -0.13509643234675536 0.09815330348171687 -0.16857203570323667 0.03583109230279619 -0.1371989442579766 -0.02916253585623249 -0.13329329731586018 -0.09684324919803519 -0.07328619819122506 -0.126935418760764 -0.01133343795313364 -0.10783045920543108 0.03246496608589179 -0.09991689165750216 0.10291156875006127 -0.11429487617452284 0.14089351524472565 -0.06272983456090739
boundary C 0.0 0.0 0.025
transform R 0.0 0.0 0.0 0.5642674175108724 -0.8577112214380862 -0.7163030965065491 -0.16271193155708677
transform T 2.5 -5.0 3.75
end
case corpus_59_alternate 1.25e-10
op 1059
frame 1.0535965568872232 -0.9273427789582572 -1.2005400459171278 -0.0038248304072430184 0.545796553355925 1.02830519373064 1.0 0.0 0.0
offsets 0.06785629226845961 -0.17304280683016293
boundary P 15 0.04819418893925702 0.148326461885865 0.1082636653149132 0.12023898160002179 0.1291726996046989 0.05751139122275455 0.16618743911373046 0.0 0.14089351524472565 -0.06272983456090739 0.10291156875006127 -0.11429487617452284 0.03246496608589179 -0.09991689165750216 -0.01133343795313364 -0.10783045920543108 -0.07328619819122506 -0.126935418760764 -0.13329329731586018 -0.09684324919803519 -0.1371989442579766 -0.02916253585623249 -0.16857203570323667 0.03583109230279619 -0.13509643234675536 0.09815330348171687 -0.05405941808694045 0.09363365875418883 -0.015245539190241218 0.14505161615708861
boundary C 0.0 0.0 0.025
end
case corpus_60 2.5e-10
op 1060
frame 1.7439331027095402 0.13079313805273107 -0.897005975563504 -0.9148562233460209 -0.5021652304627737 0.5039211070072922 1.0 0.0 0.0
offsets -0.3716443796856946 0.22815381321607023
boundary P 16 0.2008551745862017 0.0 0.3014762889821265 0.12487556763030727 0.19875046647152952 0.1987504664715295 0.10893161535044632 0.2629841831502567 1.7610513802038708e-17 0.28760151603384476 -0.09324288495171705 0.22510823744522948 -0.2121721052593795 0.21217210525937952 -0.2807315438637345 0.1162828128542963 -0.20750404256519228 2.5411916153759888e-17 -0.28681962769760966 -0.1188045797471517 -0.18906398427597357 -0.1890639842759735 -0.1120864625039702 -0.27060065793550775 -4.456727274830578e-17 -0.24261293285724098 0.12115404465769092 -0.2924917377489528 0.17848649162131175 -0.17848649162131186 0.19100091390478152 -0.07911516896501652
transform R 0.0 0.0 0.0 0.4865804585543871 0.1916082561639041 -0.8664916970216219 -6.165790873416017
transform T 5.0 -10.0 7.5
end
case corpus_60_alternate 2.5e-10
op 1060
frame 1.7439331027095402 0.13079313805273107 -0.897005975563504 -0.9148562233460209 -0.5021652304627737 0.5039211070072922 1.0 0.0 0.0
offsets 0.22815381321607023 -0.3716443796856946
boundary P 16 0.2008551745862017 0.0 0.19100091390478152 -0.07911516896501652 0.17848649162131175 -0.17848649162131186 0.12115404465769092 -0.2924917377489528 -4.456727274830578e-17 -0.24261293285724098 -0.1120864625039702 -0.27060065793550775 -0.18906398427597357 -0.1890639842759735 -0.28681962769760966 -0.1188045797471517 -0.20750404256519228 2.5411916153759888e-17 -0.2807315438637345 0.1162828128542963 -0.2121721052593795 0.21217210525937952 -0.09324288495171705 0.22510823744522948 1.7610513802038708e-17 0.28760151603384476 0.10893161535044632 0.2629841831502567 0.19875046647152952 0.1987504664715295 0.3014762889821265 0.12487556763030727
end
case corpus_61 5e-10
op 1061
frame 3.613653508026873 3.440603846912913 -4.001736877621202 0.026652048921804727 0.27239339891832826 1.2773696622522241 1.0 0.0 0.0
offsets -0.6599159233600069 0.32263967551038447
boundary P 17 0.4792235458026366 0.0 0.6346528582331334 0.24586582713034213 0.3044593527151266 0.2775513729428885 0.20229298342542706 0.40625907668561445 0.0627237479915821 0.6768970414541302 -0.12550770635009695 0.4411138325702374 -0.26687144074457636 0.35339490020491016 -0.38266622150082724 0.23693689315249264 -0.4518691245774706 0.08446897863634974 -0.646345287230857 -0.12082287390150798 -0.5666035656141515 -0.35082607489945716 -0.3049364430077427 -0.4038011094214521 -0.1827060881961731 -0.6421452924437687 0.03942185537348694 -0.42542957213792476 0.27003995020755184 -0.5423133268484885 0.46802923383014655 -0.42666502200873796 0.5759120941039034 -0.22310953387246765
boundary C 0.0 0.0 0.1
transform R 0.0 0.0 0.0 0.6837525197573764 0.7585304088553189 -0.9812338263233813 -2.024494513965098
transform T 10.0 -20.0 15.0
end
case corpus_61_alternate 5e-10
op 1061
frame 3.613653508026873 3.440603846912913 -4.001736877621202 0.026652048921804727 0.27239339891832826 1.2773696622522241 1.0 0.0 0.0
offsets 0.32263967551038447 -0.6599159233600069
boundary P 17 0.03942185537348694 -0.42542957213792476 -0.1827060881961731 -0.6421452924437687 -0.3049364430077427 -0.4038011094214521 -0.5666035656141515 -0.35082607489945716 -0.646345287230857 -0.12082287390150798 -0.4518691245774706 0.08446897863634974 -0.38266622150082724 0.23693689315249264 -0.26687144074457636 0.35339490020491016 -0.12550770635009695 0.4411138325702374 0.0627237479915821 0.6768970414541302 0.20229298342542706 0.40625907668561445 0.3044593527151266 0.2775513729428885 0.6346528582331334 0.24586582713034213 0.4792235458026366 0.0 0.5759120941039034 -0.22310953387246765 0.46802923383014655 -0.42666502200873796 0.27003995020755184 -0.5423133268484885
boundary C 0.0 0.0 0.1
end
case corpus_62 1e-09
op 1062
frame -7.538754355706132 -2.57243143260121 -9.003249082773905 -0.5872810112900326 0.6164966971981656 0.9777255674331495 1.0 0.0 0.0
offsets -1.288865287484168 0.7698104869590727
boundary P 18 1.1090702706091704 0.0 0.9311701518081007 0.3389182182952896 0.8957878039933871 0.7516552159439567 0.6503759189363005 1.1264841356169697 0.22216977998261575 1.2599874340838746 -0.19330829001166538 1.096305790724546 -0.6804891945095433 1.17864185889215 -0.8039284194493194 0.6745760402528578 -1.0903171557953932 0.39684299061930894 -1.1935752481953923 1.4617081072439948e-16 -1.2584460670278874 -0.45803690982752104 -0.811102387427475 -0.6805957141374048 -0.5784904407058721 -1.0019748349954802 -0.21426938157678585 -1.2151820482371554 0.21229065400565844 -1.2039601265370468 0.45160129649006236 -0.782196390284766 0.6957152862091858 -0.583774440062524 0.7866661506291399 -0.2863230631337796
transform R 0.0 0.0 0.0 0.6335281212240189 -0.5324935180096988 -0.7895385846843994 3.525698865681748
transform T 20.0 -40.0 30.0
end
case corpus_62_alternate 1e-09
op 1062
frame -7.538754355706132 -2.57243143260121 -9.003249082773905 -0.5872810112900326 0.6164966971981656 0.9777255674331495 1.0 0.0 0.0
offsets 0.7698104869590727 -1.288865287484168
boundary P 18 -0.811102387427475 -0.6805957141374048 -1.2584460670278874 -0.45803690982752104 -1.1935752481953923 1.4617081072439948e-16 -1.0903171557953932 0.39684299061930894 -0.8039284194493194 0.6745760402528578 -0.6804891945095433 1.17864185889215 -0.19330829001166538 1.096305790724546 0.22216977998261575 1.2599874340838746 0.6503759189363005 1.1264841356169697 0.8957878039933871 0.7516552159439567 0.9311701518081007 0.3389182182952896 1.1090702706091704 0.0 0.7866661506291399 -0.2863230631337796 0.6957152862091858 -0.583774440062524 0.45160129649006236 -0.782196390284766 0.21229065400565844 -1.2039601265370468 -0.21426938157678585 -1.2151820482371554 -0.5784904407058721 -1.0019748349954802
end
case corpus_63 2e-09
op 1063
frame -17.30505577834883 -16.766172935298407 18.87086186367575 -0.543030920378273 -0.6581108532647719 0.8012815663831832 1.0 0.0 0.0
offsets -1.5726832720352264 2.2770321992214484
boundary P 19 2.222658665471525 0.0 2.3200748256686343 0.7964826936916777 1.5617611451719482 1.2155674916284664 1.2108787203894604 1.8533878556815195 0.5864972291524186 2.3160251815087562 -0.18965063734579135 2.2887428228765945 -0.7627048527130873 1.7387919238274459 -1.7558837902026743 1.9073982564069139 -1.4611800336325458 0.790751090423337 -2.274280868738378 0.3795103543518353 -2.6972429880771904 -0.4500902488556831 -2.009399226172506 -1.0874324810212253 -1.7277422563335605 -1.8768284015372072 -0.800736554657946 -1.8254954710199154 -0.2296101018451002 -2.770981843313041 0.521041558097362 -2.057546581950589 1.16163803325333 -1.778019373267226 1.4860145109066962 -1.156611519713199 2.3800079077342304 -0.8170577467532076
boundary C 0.0 0.0 0.4
transform R 0.0 0.0 0.0 1.1612475991083473 0.1712590722232541 -0.583889926838659 -3.6035064764282563
transform T 40.0 -80.0 60.0
end
case corpus_63_alternate 2e-09
op 1063
frame -17.30505577834883 -16.766172935298407 18.87086186367575 -0.543030920378273 -0.6581108532647719 0.8012815663831832 1.0 0.0 0.0
offsets 2.2770321992214484 -1.5726832720352264
boundary P 19 -2.274280868738378 0.3795103543518353 -1.4611800336325458 0.790751090423337 -1.7558837902026743 1.9073982564069139 -0.7627048527130873 1.7387919238274459 -0.18965063734579135 2.2887428228765945 0.5864972291524186 2.3160251815087562 1.2108787203894604 1.8533878556815195 1.5617611451719482 1.2155674916284664 2.3200748256686343 0.7964826936916777 2.222658665471525 0.0 2.3800079077342304 -0.8170577467532076 1.4860145109066962 -1.156611519713199 1.16163803325333 -1.778019373267226 0.521041558097362 -2.057546581950589 -0.2296101018451002 -2.770981843313041 -0.800736554657946 -1.8254954710199154 -1.7277422563335605 -1.8768284015372072 -2.009399226172506 -1.0874324810212253 -2.6972429880771904 -0.4500902488556831
boundary C 0.0 0.0 0.4
end
case corpus_64 4e-09
op 1064
frame 0.2018647865065759 -19.401642435632294 33.505818413995115 -0.6624803091105163 -0.2832299614019682 0.8474834286716046 1.0 0.0 0.0
offsets -4.6799429235514385 3.837803602469608
boundary P 20 3.909282826665639 0.0 4.274652207752069 1.3889186968441247 3.495584773220843 2.5396909979929174 2.5503841770240174 3.51030267151161 1.4651810445166034 4.509363579689992 3.025968894023051e-16 4.941782228361432 -1.4918031205104891 4.591297904701805 -3.2878806297906205 4.525379455511187 -4.167854161208458 3.028123298642057 -4.885042343023025 1.587246474179927 -3.286837340309976 4.0252148281286116e-16 -5.183742073806438 -1.6842998999709204 -4.330714652471455 -3.1464483716764677 -1.9607905896960338 -2.6987967174876313 -1.6507722278970556 -5.080554509424881 -8.697611787468869e-16 -4.734759330077584 1.0900634366507223 -3.3548702934566097 2.0820877664905253 -2.865747958631767 3.2609842883006235 -2.369243768607699 5.317003502452286 -1.727599162886097
transform R 0.0 0.0 0.0 1.0654232327969404 0.41704535473928606 -0.12081874115338409 -2.6974321653737525
transform T 80.0 -160.0 120.0
end
case corpus_64_alternate 4e-09
op 1064
frame 0.2018647865065759 -19.401642435632294 33.505818413995115 -0.6624803091105163 -0.2832299614019682 0.8474834286716046 1.0 0.0 0.0
offsets 3.837803602469608 -4.6799429235514385
boundary P 20 -3.2878806297906205 4.525379455511187 -1.4918031205104891 4.591297904701805 3.025968894023051e-16 4.941782228361432 1.4651810445166034 4.509363579689992 2.5503841770240174 3.51030267151161 3.495584773220843 2.5396909979929174 4.274652207752069 1.3889186968441247 3.909282826665639 0.0 5.317003502452286 -1.727599162886097 3.2609842883006235 -2.369243768607699 2.0820877664905253 -2.865747958631767 1.0900634366507223 -3.3548702934566097 -8.697611787468869e-16 -4.734759330077584 -1.6507722278970556 -5.080554509424881 -1.9607905896960338 -2.6987967174876313 -4.330714652471455 -3.1464483716764677 -5.183742073806438 -1.6842998999709204 -3.286837340309976 4.0252148281286116e-16 -4.885042343023025 1.587246474179927 -4.167854161208458 3.028123298642057
end
case corpus_65 8e-09
op 1065
frame 33.37208995165696 52.55726645793402 -25.962523117869925 -0.6339838292715891 -0.5977457240931361 0.5283508365662896 1.0 0.0 0.0
offsets -4.854773959678039 4.038413265271352
boundary P 8 9.512922469712947 0.0 5.178200110201184 5.178200110201183 4.993833263343326e-16 8.155548631360858 -5.900353289970331 5.900353289970332 -10.002405761302345 1.2249414199351961e-15 -4.6112168490419565 -4.611216849041955 -1.3113639153038844e-15 -7.138732659990386 6.134507296110971 -6.134507296110974
boundary C 0.0 0.0 1.6
transform R 0.0 0.0 0.0 0.9187827663775647 -0.7649593529487597 -0.9285593502013048 5.11706158830733
transform T 160.0 -320.0 240.0
end
case corpus_65_alternate 8e-09
op 1065
frame 33.37208995165696 52.55726645793402 -25.962523117869925 -0.6339838292715891 -0.5977457240931361 0.5283508365662896 1.0 0.0 0.0
offsets 4.038413265271352 -4.854773959678039
boundary P 8 4.993833263343326e-16 8.155548631360858 5.178200110201184 5.178200110201183 9.512922469712947 0.0 6.134507296110971 -6.134507296110974 -1.3113639153038844e-15 -7.138732659990386 -4.6112168490419565 -4.611216849041955 -10.002405761302345 1.2249414199351961e-15 -5.900353289970331 5.900353289970332
boundary C 0.0 0.0 1.6
end
case corpus_66 1.6e-08
op 1066
frame 63.19332906785078 75.89020961751271 19.276518863308105 -0.0471299275104089 -0.8934174864963593 1.1384397545365288 1.0 0.0 0.0
offsets -19.07602919516728 16.959221359418578
boundary P 9 21.27758564906658 0.0 13.043026734982954 10.944398922759598 2.828582104534148 16.041686264740505 -9.711948544522912 16.8215883196083 -18.157631713012485 6.608837468304582 -13.583008618069123 -4.943810828758463 -7.296145613327213 -12.637294901703505 2.882705871773214 -16.348637401892685 11.959004143279756 -10.034795965873615
transform R 0.0 0.0 0.0 0.48695799610639895 0.397202456725009 0.9490191797726202 1.849752898636952
transform T 320.0 -640.0 480.0
end
case corpus_66_alternate 1.6e-08
op 1066
frame 63.19332906785078 75.89020961751271 19.276518863308105 -0.0471299275104089 -0.8934174864963593 1.1384397545365288 1.0 0.0 0.0
offsets 16.959221359418578 -19.07602919516728
boundary P 9 2.828582104534148 16.041686264740505 13.043026734982954 10.944398922759598 21.27758564906658 0.0 11.959004143279756 -10.034795965873615 2.882705871773214 -16.348637401892685 -7.296145613327213 -12.637294901703505 -13.583008618069123 -4.943810828758463 -18.157631713012485 6.608837468304582 -9.711948544522912 16.8215883196083
end
case corpus_67 3.2e-08
op 1067
frame 216.08437477738227 -3.946693049590877 -219.4299059535782 0.9901731833845488 -0.8507546850284597 1.1303454310394343 1.0 0.0 0.0
offsets -16.31856689961049 27.786653230271735
boundary P 10 42.03794854483671 0.0 33.976414206125774 24.685309869875876 9.542542358354156 29.368925519104103 -10.827893273865426 33.32482887126629 -23.857825542888452 17.333724882641054 -36.8780113364261 4.516253854207402e-15 -21.45344670033515 -15.586841400089762 -8.529784572507449 -26.25197755445762 10.543331109809552 -32.44903658364858 22.98092646532093 -16.69662041001958
boundary C 0.0 0.0 6.4
transform R 0.0 0.0 0.0 1.1045062788339064 -0.6370220659900987 0.14085332077178836 5.721410007195601
transform T 640.0 -1280.0 960.0
end
case corpus_67_alternate 3.2e-08
op 1067
frame 216.08437477738227 -3.946693049590877 -219.4299059535782 0.9901731833845488 -0.8507546850284597 1.1303454310394343 1.0 0.0 0.0
offsets 27.786653230271735 -16.31856689961049
boundary P 10 -23.857825542888452 17.333724882641054 -10.827893273865426 33.32482887126629 9.542542358354156 29.368925519104103 33.976414206125774 24.685309869875876 42.03794854483671 0.0 22.98092646532093 -16.69662041001958 10.543331109809552 -32.44903658364858 -8.529784572507449 -26.25197755445762 -21.45344670033515 -15.586841400089762 -36.8780113364261 4.516253854207402e-15
boundary C 0.0 0.0 6.4
end
case corpus_68 6.4e-08
op 1068
frame 396.5066080191333 349.86996515690623 275.4008949307182 -0.5330529366100223 -0.4118311935499164 0.715124603148522 1.0 0.0 0.0
offsets -47.10453865898255 53.770897740895585
boundary P 11 82.2031033594798 0.0 67.81004748216894 43.57887137672161 31.41066475183223 68.77976182697864 -11.635689195292263 80.92799595813173 -50.15248283634334 57.87905060061606 -85.70447460726808 25.16510430805743 -55.18801234963819 -16.204662518463515 -37.54512680005044 -43.32938612347084 -9.13686271024177 -63.548276004451694 33.298557949573386 -72.91367129757774 53.60105877853093 -34.44730881186783
transform R 0.0 0.0 0.0 1.0606564137192587 0.5569504477497649 -0.4363193346178422 0.9238510461998874
transform T 1280.0 -2560.0 1920.0
end
case corpus_68_alternate 6.4e-08
op 1068
frame 396.5066080191333 349.86996515690623 275.4008949307182 -0.5330529366100223 -0.4118311935499164 0.715124603148522 1.0 0.0 0.0
offsets 53.770897740895585 -47.10453865898255
boundary P 11 -9.13686271024177 -63.548276004451694 -37.54512680005044 -43.32938612347084 -55.18801234963819 -16.204662518463515 -85.70447460726808 25.16510430805743 -50.15248283634334 57.87905060061606 -11.635689195292263 80.92799595813173 31.41066475183223 68.77976182697864 67.81004748216894 43.57887137672161 82.2031033594798 0.0 53.60105877853093 -34.44730881186783 33.298557949573386 -72.91367129757774
end
case corpus_69 1.28e-07
op 1069
frame -172.13755488057188 682.9584803619584 -898.9320084000062 -0.8364271489579325 -0.42394899287320054 1.1701547155428549 1.0 0.0 0.0
offsets -89.90015240042126 143.67268427174605
boundary P 12 144.11689044074834 0.0 102.27521702383837 59.04862408014046 55.45499129517057 96.05086245652522 8.085971202101953e-15 132.0539311045719 -63.53251914914978 110.04155109917009 -98.18403431078828 56.68657863945705 -163.35649199809836 2.0005400504541137e-14 -116.60217126003656 -67.3202949650769 -56.20209796758752 -97.344889171825 -2.89265937214073e-14 -157.46904191231368 64.22595730502164 -111.24262121704693 118.64469992383783 -68.49954943895023
boundary C 0.0 0.0 25.6
transform R 0.0 0.0 0.0 1.0473536731903572 0.4651589264608915 0.23652508620037094 -6.185056716530907
transform T 2560.0 -5120.0 3840.0
end
case corpus_69_alternate 1.28e-07
op 1069
frame -172.13755488057188 682.9584803619584 -898.9320084000062 -0.8364271489579325 -0.42394899287320054 1.1701547155428549 1.0 0.0 0.0
offsets 143.67268427174605 -89.90015240042126
boundary P 12 8.085971202101953e-15 132.0539311045719 55.45499129517057 96.05086245652522 102.27521702383837 59.04862408014046 144.11689044074834 0.0 118.64469992383783 -68.49954943895023 64.22595730502164 -111.24262121704693 -2.89265937214073e-14 -157.46904191231368 -56.20209796758752 -97.344889171825 -116.60217126003656 -67.3202949650769 -163.35649199809836 2.0005400504541137e-14 -98.18403431078828 56.68657863945705 -63.53251914914978 110.04155109917009
boundary C 0.0 0.0 25.6
end
case corpus_70 2.56e-07
op 1070
frame 1164.099925839842 86.60705217627935 1874.0581665368045 0.8996482038193907 -0.19869693160649016 1.016334677482239 1.0 0.0 0.0
offsets -220.05221718859096 305.7307445179048
boundary P 13 240.5916219787141 0.0 273.81807527081713 143.71081207437737 184.57826860318082 267.4077874557747 31.684893690196546 260.9485766032827 -109.41140455626687 288.4941638801027 -214.1601105746543 189.7293020312709 -309.3117755849229 76.23850545679836 -342.0587469355496 -84.30990897607013 -182.20553620755723 -161.4200194337431 -101.1229781618087 -266.6393796165361 37.56905080558979 -309.4089703412301 118.0021976769661 -170.95569719290765 206.92846672060517 -108.60443732325554
transform R 0.0 0.0 0.0 0.8206863205788624 -0.48655178343093186 -0.47943147975407796 1.270933506940667
transform T 5120.0 -10240.0 7680.0
end
case corpus_70_alternate 2.56e-07
op 1070
frame 1164.099925839842 86.60705217627935 1874.0581665368045 0.8996482038193907 -0.19869693160649016 1.016334677482239 1.0 0.0 0.0
offsets 305.7307445179048 -220.05221718859096
boundary P 13 37.56905080558979 -309.4089703412301 -101.1229781618087 -266.6393796165361 -182.20553620755723 -161.4200194337431 -342.0587469355496 -84.30990897607013 -309.3117755849229 76.23850545679836 -214.1601105746543 189.7293020312709 -109.41140455626687 288.4941638801027 31.684893690196546 260.9485766032827 184.57826860318082 267.4077874557747 273.81807527081713 143.71081207437737 240.5916219787141 0.0 206.92846672060517 -108.60443732325554 118.0021976769661 -170.95569719290765
end
case corpus_71 5.12e-07
op 1071
frame 4272.038647579729 3598.12390433671 732.9859101636328 -0.4964481354669845 0.028648848268535865 0.7506519123217761 1.0 0.0 0.0
offsets -682.7837185000834 670.032186612983
boundary P 14 547.2568949179584 0.0 587.9195574339172 283.1271367607296 280.3282410067946 351.5204957492719 111.49533365772427 488.49297424880046 -149.03178470683878 652.9509117622791 -371.8348760642807 466.26618674433513 -588.9516027522768 283.6241435915108 -482.1814405868002 5.905019578228845e-14 -449.9263190828546 -216.67309560380014 -296.5677087151005 -371.88414416024165 -154.09116742069475 -675.1175157686987 129.94815442361383 -569.3400644676767 411.66712301667553 -516.2142445826245 377.7351402684734 -181.90765618499813
boundary C 0.0 0.0 102.4
transform R 0.0 0.0 0.0 1.0613881902866535 0.32558937586495706 0.36100219581275317 1.5334769457053317
transform T 10240.0 -20480.0 15360.0
end
case corpus_71_alternate 5.12e-07
op 1071
frame 4272.038647579729 3598.12390433671 732.9859101636328 -0.4964481354669845 0.028648848268535865 0.7506519123217761 1.0 0.0 0.0
offsets 670.032186612983 -682.7837185000834
boundary P 14 -588.9516027522768 283.6241435915108 -371.8348760642807 466.26618674433513 -149.03178470683878 652.9509117622791 111.49533365772427 488.49297424880046 280.3282410067946 351.5204957492719 587.9195574339172 283.1271367607296 547.2568949179584 0.0 377.7351402684734 -181.90765618499813 411.66712301667553 -516.2142445826245 129.94815442361383 -569.3400644676767 -154.09116742069475 -675.1175157686987 -296.5677087151005 -371.88414416024165 -449.9263190828546 -216.67309560380014 -482.1814405868002 5.905019578228845e-14
boundary C 0.0 0.0 102.4
end
case corpus_72 1.024e-06
op 1072
frame -1225.846485826387 -283.9884736833392 7696.730077119337 0.50180283198285 0.5371972253731185 0.8916872669786954 1.0 0.0 0.0
offsets -1442.7037615489476 1180.984782585037
boundary P 15 1324.1340933006604 0.0 915.4444207355621 407.5821159171287 857.1784897191156 951.9931581244363 431.22764177862035 1327.1822138769671 -124.17313743735122 1181.4284850032318 -643.8942824584575 1115.2576119211546 -691.0170187951524 502.05325173015814 -1333.010769380737 283.3401858086802 -1352.0499706707733 -287.38709297183345 -764.6683832002843 -555.5641002161063 -492.3914031422637 -852.8469274525294 -141.47130969609685 -1346.0096002648488 263.7766891478237 -811.8211736808519 870.5724126023096 -966.868616501168 1194.7597708200337 -531.9413220217315
transform R 0.0 0.0 0.0 1.1375736086874229 0.13557138576894934 -0.21741420352742913 3.1871771662738526
transform T 20480.0 -40960.0 30720.0
end
case corpus_72_alternate 1.024e-06
op 1072
frame -1225.846485826387 -283.9884736833392 7696.730077119337 0.50180283198285 0.5371972253731185 0.8916872669786954 1.0 0.0 0.0
offsets 1180.984782585037 -1442.7037615489476
boundary P 15 857.1784897191156 951.9931581244363 915.4444207355621 407.5821159171287 1324.1340933006604 0.0 1194.7597708200337 -531.9413220217315 870.5724126023096 -966.868616501168 263.7766891478237 -811.8211736808519 -141.47130969609685 -1346.0096002648488 -492.3914031422637 -852.8469274525294 -764.6683832002843 -555.5641002161063 -1352.0499706707733 -287.38709297183345 -1333.010769380737 283.3401858086802 -691.0170187951524 502.05325173015814 -643.8942824584575 1115.2576119211546 -124.17313743735122 1181.4284850032318 431.22764177862035 1327.1822138769671
end
case corpus_73 2.048e-06
op 1073
frame -2223.587400983947 18778.415116032742 4890.245803215807 -0.7272682341345051 -0.8358948380119535 1.3863795625087447 1.0 0.0 0.0
offsets -2765.503897378373 2141.372430018816
boundary P 16 2664.250096906053 0.0 1736.6318296840884 719.3364567039523 1295.0218080477694 1295.0218080477691 776.216716546693 1873.9529244277383 1.0360840965707649e-13 1692.0537371136347 -1067.8015734652126 2577.9010405830477 -1601.6855287793223 1601.6855287793226 -2205.0057868623476 913.3433020295429 -2493.577693771328 3.053751941102296e-13 -2560.7026045360126 -1060.6777480029243 -1187.3813864299932 -1187.3813864299927 -1047.6391195459107 -2529.2245708803416 -4.3037768414140645e-13 -2342.866990662408 1004.4621868882342 -2424.986234476512 1848.5220415086021 -1848.522041508603 2510.730688313924 -1039.9787025659655
boundary C 0.0 0.0 409.6
transform R 0.0 0.0 0.0 0.7243295761241648 -0.5298851613833804 0.5147385930378836 -3.336107283145359
transform T 40960.0 -81920.0 61440.0
end
case corpus_73_alternate 2.048e-06
op 1073
frame -2223.587400983947 18778.415116032742 4890.245803215807 -0.7272682341345051 -0.8358948380119535 1.3863795625087447 1.0 0.0 0.0
offsets 2141.372430018816 -2765.503897378373
boundary P 16 1004.4621868882342 -2424.986234476512 -4.3037768414140645e-13 -2342.866990662408 -1047.6391195459107 -2529.2245708803416 -1187.3813864299932 -1187.3813864299927 -2560.7026045360126 -1060.6777480029243 -2493.577693771328 3.053751941102296e-13 -2205.0057868623476 913.3433020295429 -1601.6855287793223 1601.6855287793226 -1067.8015734652126 2577.9010405830477 1.0360840965707649e-13 1692.0537371136347 776.216716546693 1873.9529244277383 1295.0218080477694 1295.0218080477691 1736.6318296840884 719.3364567039523 2664.250096906053 0.0 2510.730688313924 -1039.9787025659655 1848.5220415086021 -1848.522041508603
boundary C 0.0 0.0 409.6
end
case corpus_74 4.096e-06
op 1074
frame -27363.868776097108 -4812.6704901285575 -2832.5749952948536 0.40553210570981313 -0.11636094301945432 1.398987044759143 1.0 0.0 0.0
offsets -5786.934600062041 4724.032574238849
boundary P 17 4566.007795511955 0.0 3435.777348250926 1331.0272357634299 3559.5451795278627 3244.95418787348 1538.6032437494764 3089.931853328857 406.1887082180769 4383.474260846001 -1383.8952888330186 4863.8874256071285 -2412.8010793959706 3195.064988177336 -4112.42368078762 2546.3049401930307 -5057.707999870918 945.4494802880633 -3882.8198537523676 -725.8248228003745 -3018.917796772103 -1869.2347619409716 -2303.948935621523 -3050.921454575773 -1317.1224172507887 -4629.205124799266 397.06129532388877 -4284.973788823241 2349.898147250798 -4719.231658172038 2572.2634442293643 -2344.927965424245 3099.638152367374 -1200.8062175253326
transform R 0.0 0.0 0.0 0.8170646985012968 0.8513429074305732 -0.30401532624674577 -5.793781264692246
transform T 81920.0 -163840.0 122880.0
end
case corpus_74_alternate 4.096e-06
op 1074
frame -27363.868776097108 -4812.6704901285575 -2832.5749952948536 0.40553210570981313 -0.11636094301945432 1.398987044759143 1.0 0.0 0.0
offsets 4724.032574238849 -5786.934600062041
boundary P 17 -3018.917796772103 -1869.2347619409716 -3882.8198537523676 -725.8248228003745 -5057.707999870918 945.4494802880633 -4112.42368078762 2546.3049401930307 -2412.8010793959706 3195.064988177336 -1383.8952888330186 4863.8874256071285 406.1887082180769 4383.474260846001 1538.6032437494764 3089.931853328857 3559.5451795278627 3244.95418787348 3435.777348250926 1331.0272357634299 4566.007795511955 0.0 3099.638152367374 -1200.8062175253326 2572.2634442293643 -2344.927965424245 2349.898147250798 -4719.231658172038 397.06129532388877 -4284.973788823241 -1317.1224172507887 -4629.205124799266 -2303.948935621523 -3050.921454575773
end
case corpus_75 2.44140625e-13
op 1075
frame -0.000880367248021385 -0.000519846815131952 0.0008579300642755686 0.30615367442376096 0.029370589533830538 0.5469734313611493 1.0 0.0 0.0
offsets -0.00014369523143194435 0.00018192932948899278
boundary P 18 0.0003095509860383926 0.0 0.0001988543597308465 7.237706789609187e-05 0.0002150779779826392 0.0001804718519995877 0.00012836193856106498 0.00022232939934579914 4.031973983551037e-05 0.0002286646075008458 -4.360988749011061e-05 0.0002473239620782382 -0.00010310520879645876 0.00017858346016046418 -0.00015891008559352243 0.00013334139421187474 -0.00018777855481396798 6.834580458580888e-05 -0.00032169515339705064 3.9396293990891487e-20 -0.0002457544548510902 -8.944730650411413e-05 -0.0002585250156332294 -0.00021692824526794316 -0.00016754554839143614 -0.00029019740239595706 -4.205207394317795e-05 -0.00023848916243116475 5.1311144618402774e-05 -0.00029099996161812336 0.0001307819396221777 -0.00022652096413801744 0.00022693071096244785 -0.00019041747587138805 0.00028043552742594563 -0.00010207018461378741
boundary C 0.0 0.0 4.8828125e-05
transform R 0.0 0.0 0.0 0.9107503852227328 0.5411738540143163 -0.8961868815680507 -3.6324859242076286
transform T 0.0048828125 -0.009765625 0.00732421875
end
case corpus_75_alternate 2.44140625e-13
op 1075
frame -0.000880367248021385 -0.000519846815131952 0.0008579300642755686 0.30615367442376096 0.029370589533830538 0.5469734313611493 1.0 0.0 0.0
offsets 0.00018192932948899278 -0.00014369523143194435
boundary P 18 -0.00015891008559352243 0.00013334139421187474 -0.00010310520879645876 0.00017858346016046418 -4.360988749011061e-05 0.0002473239620782382 4.031973983551037e-05 0.0002286646075008458 0.00012836193856106498 0.00022232939934579914 0.0002150779779826392 0.0001804718519995877 0.0001988543597308465 7.237706789609187e-05 0.0003095509860383926 0.0 0.00028043552742594563 -0.00010207018461378741 0.00022693071096244785 -0.00019041747587138805 0.0001307819396221777 -0.00022652096413801744 5.1311144618402774e-05 -0.00029099996161812336 -4.205207394317795e-05 -0.00023848916243116475 -0.00016754554839143614 -0.00029019740239595706 -0.0002585250156332294 -0.00021692824526794316 -0.0002457544548510902 -8.944730650411413e-05 -0.00032169515339705064 3.9396293990891487e-20 -0.00018777855481396798 6.834580458580888e-05
boundary C 0.0 0.0 4.8828125e-05
end
case corpus_76 4.8828125e-13
op 1076
frame -0.0020065320289607393 0.00031994005316382675 0.004660565675084228 -0.353909985409943 -0.18700609181283578 0.6027323999017563 1.0 0.0 0.0
offsets -0.0005313335169885697 0.00039012605874678134
boundary P 19 0.00042325855247259277 0.0 0.0004776016478939912 0.00016396085282144313 0.0004760065094613118 0.00037049073764797977 0.0003104385987731675 0.0004751616484893879 0.0001293773780502198 0.0005108997120325979 -4.994043420634168e-05 0.0006026914117493833 -0.0001604593506476237 0.00036581047310267997 -0.00028380711156136146 0.00030829670663201435 -0.0005137789103213126 0.0002780432419152943 -0.0004774773214286586 7.967687278259411e-05 -0.00046101191961612245 -7.692928317643977e-05 -0.0004207374613944833 -0.00022769172772812478 -0.0003841357004067854 -0.00041728260678058774 -0.0001701446752450438 -0.00038789078913808463 -3.5435745242565794e-05 -0.0004276458478192678 0.00011270590619931912 -0.00044506555851869356 0.00029350321344947427 -0.00044924011154130755 0.00033519346990848426 -0.000260891549701115 0.000392503587196032 -0.00013474665168329038
transform R 0.0 0.0 0.0 0.3782968168536877 -0.18451688526333965 0.5617947162794956 3.25096439871661
transform T 0.009765625 -0.01953125 0.0146484375
end
case corpus_76_alternate 4.8828125e-13
op 1076
frame -0.0020065320289607393 0.00031994005316382675 0.004660565675084228 -0.353909985409943 -0.18700609181283578 0.6027323999017563 1.0 0.0 0.0
offsets 0.00039012605874678134 -0.0005313335169885697
boundary P 19 0.0001293773780502198 0.0005108997120325979 0.0003104385987731675 0.0004751616484893879 0.0004760065094613118 0.00037049073764797977 0.0004776016478939912 0.00016396085282144313 0.00042325855247259277 0.0 0.000392503587196032 -0.00013474665168329038 0.00033519346990848426 -0.000260891549701115 0.00029350321344947427 -0.00044924011154130755 0.00011270590619931912 -0.00044506555851869356 -3.5435745242565794e-05 -0.0004276458478192678 -0.0001701446752450438 -0.00038789078913808463 -0.0003841357004067854 -0.00041728260678058774 -0.0004207374613944833 -0.00022769172772812478 -0.00046101191961612245 -7.692928317643977e-05 -0.0004774773214286586 7.967687278259411e-05 -0.0005137789103213126 0.0002780432419152943 -0.00028380711156136146 0.00030829670663201435 -0.0001604593506476237 0.00036581047310267997 -4.994043420634168e-05 0.0006026914117493833
end
case corpus_77 9.765625e-13
op 1077
frame -0.0033747518794218596 0.006110830244082158 -0.004754426075900257 0.06691961130033097 0.9595992845122032 0.983744753386837 1.0 0.0 0.0
offsets -0.0009415630482881925 0.0006775632390649251
boundary P 20 0.0013563593654026271 0.0 0.0009503597155530917 0.0003087905900895018 0.0008512199943412758 0.0006184475265774195 0.0006062028391687673 0.0008343666279701858 0.0002527390671666097 0.0007778508662197052 6.70302086251761e-20 0.0010946863809523717 -0.00033823452793826654 0.0010409788383398465 -0.0006594234896281028 0.0009076185690581314 -0.0010117652531826213 0.0007350904847952859 -0.0012974922896466514 0.0004215808006165282 -0.0013400047841199596 1.6410325697146485e-19 -0.0009627845434503973 -0.0003128276613956399 -0.0010017988561969928 -0.0007278494735342419 -0.0005686779643542912 -0.0007827180687075965 -0.00029721790207746314 -0.0009147426441775745 -2.3846512344488365e-19 -0.001298143669455892 0.0002999435923000657 -0.000923131456103119 0.0007646043621569091 -0.0010523876203861638 0.0008634965269647886 -0.000627366949624847 0.0010045626675736197 -0.0003264021967949388
boundary C 0.0 0.0 0.0001953125
transform R 0.0 0.0 0.0 1.2045211996575163 -0.14376721173362772 -0.4217419956479711 0.7993507289412017
transform T 0.01953125 -0.0390625 0.029296875
end
case corpus_77_alternate 9.765625e-13
op 1077
frame -0.0033747518794218596 0.006110830244082158 -0.004754426075900257 0.06691961130033097 0.9595992845122032 0.983744753386837 1.0 0.0 0.0
offsets 0.0006775632390649251 -0.0009415630482881925
boundary P 20 0.0009503597155530917 0.0003087905900895018 0.0013563593654026271 0.0 0.0010045626675736197 -0.0003264021967949388 0.0008634965269647886 -0.000627366949624847 0.0007646043621569091 -0.0010523876203861638 0.0002999435923000657 -0.000923131456103119 -2.3846512344488365e-19 -0.001298143669455892 -0.00029721790207746314 -0.0009147426441775745 -0.0005686779643542912 -0.0007827180687075965 -0.0010017988561969928 -0.0007278494735342419 -0.0009627845434503973 -0.0003128276613956399 -0.0013400047841199596 1.6410325697146485e-19 -0.0012974922896466514 0.0004215808006165282 -0.0010117652531826213 0.0007350904847952859 -0.0006594234896281028 0.0009076185690581314 -0.00033823452793826654 0.0010409788383398465 6.70302086251761e-20 0.0010946863809523717 0.0002527390671666097 0.0007778508662197052 0.0006062028391687673 0.0008343666279701858 0.0008512199943412758 0.0006184475265774195
boundary C 0.0 0.0 0.0001953125
end
case corpus_78 1.953125e-12
op 1078
frame -0.013872850597191504 0.012229311543860599 0.002161717161515233 -0.8486569799433545 -0.09547094529209321 1.4591531420408201 1.0 0.0 0.0
offsets -0.001233763580583381 0.00121110051203461
boundary P 8 0.0016861239654092379 0.0 0.0017942158854055447 0.0017942158854055445 9.757624826174328e-20 0.001593541065549343 -0.0015512478025384122 0.0015512478025384126 -0.0019173618537361003 2.348091056985151e-19 -0.0013525696668773588 -0.0013525696668773583 -3.3011934950141314e-19 -0.0017970860372762448 0.0017883665848910735 -0.0017883665848910744
transform R 0.0 0.0 0.0 0.7637405209907486 0.15893528421931435 0.6738574750858959 -5.799366007776028
transform T 0.0390625 -0.078125 0.05859375
end
case corpus_78_alternate 1.953125e-12
op 1078
frame -0.013872850597191504 0.012229311543860599 0.002161717161515233 -0.8486569799433545 -0.09547094529209321 1.4591531420408201 1.0 0.0 0.0
offsets 0.00121110051203461 -0.001233763580583381
boundary P 8 0.0017942158854055447 0.0017942158854055445 0.0016861239654092379 0.0 0.0017883665848910735 -0.0017883665848910744 -3.3011934950141314e-19 -0.0017970860372762448 -0.0013525696668773588 -0.0013525696668773583 -0.0019173618537361003 2.348091056985151e-19 -0.0015512478025384122 0.0015512478025384126 9.757624826174328e-20 0.001593541065549343
end
case corpus_79 3.90625e-12
op 1079
frame -0.03588784507392072 0.015131804022215567 -0.014703171317923631 0.48601541569342266 -0.3876573382444748 1.0780061276385293 1.0 0.0 0.0
offsets -0.0031048668052678537 0.00478011459552994
boundary P 9 0.00510331075841913 0.0 0.004156329746874766 0.0034875747576537733 0.0006042712671888772 0.0034269926517256333 -0.0019711804573549086 0.0034141847030255603 -0.0034215922953694084 0.0012453577493090372 -0.0033181897206136283 -0.0012077222899514466 -0.0024815910954194766 -0.004298241860877034 0.0005575398030865367 -0.0031619653489579204 0.002475053911908484 -0.0020768168246262943
boundary C 0.0 0.0 0.00078125
transform R 0.0 0.0 0.0 0.8433382943377372 -0.4726324979384755 0.026282443929549038 -5.793285879520835
transform T 0.078125 -0.15625 0.1171875
end
case corpus_79_alternate 3.90625e-12
op 1079
frame -0.03588784507392072 0.015131804022215567 -0.014703171317923631 0.48601541569342266 -0.3876573382444748 1.0780061276385293 1.0 0.0 0.0
offsets 0.00478011459552994 -0.0031048668052678537
boundary P 9 0.0005575398030865367 -0.0031619653489579204 -0.0024815910954194766 -0.004298241860877034 -0.0033181897206136283 -0.0012077222899514466 -0.0034215922953694084 0.0012453577493090372 -0.0019711804573549086 0.0034141847030255603 0.0006042712671888772 0.0034269926517256333 0.004156329746874766 0.0034875747576537733 0.00510331075841913 0.0 0.002475053911908484 -0.0020768168246262943
boundary C 0.0 0.0 0.00078125
end
case corpus_80 7.8125e-12
op 1080
frame 0.027085126803621726 -0.07054025984431478 -0.0297516945515436 -0.038087026360619225 -0.8411473196594266 0.7818994033980451 1.0 0.0 0.0
offsets -0.01013775878528602 0.011619258350938345
boundary P 10 0.009748288133618107 0.0 0.006730279406780068 0.004889834214384411 0.002843109342463368 0.008750190817688666 -0.0022392842684472833 0.006891808328055736 -0.006357386206412174 0.004618911445913114 -0.009432240625472241 1.1551163290772209e-18 -0.006156034213133044 -0.004472620659697173 -0.003256622102638821 -0.010022852232092552 0.0032168210411608784 -0.009900357160419801 0.005438299476676703 -0.003951155849834925
transform R 0.0 0.0 0.0 0.7646397972591379 0.716087578214543 -0.651698900055784 -6.24559383821935
transform T 0.15625 -0.3125 0.234375
end
case corpus_80_alternate 7.8125e-12
op 1080
frame 0.027085126803621726 -0.07054025984431478 -0.0297516945515436 -0.038087026360619225 -0.8411473196594266 0.7818994033980451 1.0 0.0 0.0
offsets 0.011619258350938345 -0.01013775878528602
boundary P 10 0.0032168210411608784 -0.009900357160419801 -0.003256622102638821 -0.010022852232092552 -0.006156034213133044 -0.004472620659697173 -0.009432240625472241 1.1551163290772209e-18 -0.006357386206412174 0.004618911445913114 -0.0022392842684472833 0.006891808328055736 0.002843109342463368 0.008750190817688666 0.006730279406780068 0.004889834214384411 0.009748288133618107 0.0 0.005438299476676703 -0.003951155849834925
end
case corpus_81 1.5625e-11
op 1081
frame -0.1069528086605849 0.03333821388155248 -0.09893115801233854 -0.47994656775181843 -0.31102180497497023 0.8660084192945193 1.0 0.0 0.0
offsets -0.0188579110012589 0.019205473010820904
boundary P 11 0.020601657254415665 0.0 0.013916846273012783 0.00894381402491584 0.006470252070769276 0.014167875780536208 -0.0025223856149805862 0.01754357730151378 -0.01311643576193107 0.015137173799387714 -0.01285338229668552 0.003774093566171858 -0.01564351510361533 -0.004593350477102934 -0.014218041670871574 -0.016408494789687735 -0.0024631401667601725 -0.017131516158108578 0.007043451709128317 -0.015423007912158669 0.013692668594085433 -0.00879974377871706
boundary C 0.0 0.0 0.003125
transform R 0.0 0.0 0.0 1.2951144094976432 0.6238109489446158 -0.4263073688808525 5.577427949924257
transform T 0.3125 -0.625 0.46875
end
case corpus_81_alternate 1.5625e-11
op 1081
frame -0.1069528086605849 0.03333821388155248 -0.09893115801233854 -0.47994656775181843 -0.31102180497497023 0.8660084192945193 1.0 0.0 0.0
offsets 0.019205473010820904 -0.0188579110012589
boundary P 11 0.013916846273012783 0.00894381402491584 0.020601657254415665 0.0 0.013692668594085433 -0.00879974377871706 0.007043451709128317 -0.015423007912158669 -0.0024631401667601725 -0.017131516158108578 -0.014218041670871574 -0.016408494789687735 -0.01564351510361533 -0.004593350477102934 -0.01285338229668552 0.003774093566171858 -0.01311643576193107 0.015137173799387714 -0.0025223856149805862 0.01754357730151378 0.006470252070769276 0.014167875780536208
boundary C 0.0 0.0 0.003125
end
case corpus_82 3.125e-11
op 1082
frame 0.2309321989865648 0.15674794257738373 -0.04993491092933157 0.11558795493930729 -0.6016054191328455 0.7219646731429232 1.0 0.0 0.0
offsets -0.027498524529046237 0.02758430670370643
boundary P 12 0.041933587482658796 0.0 0.025412719435047613 0.014672040406665171 0.020181781088261592 0.034955870232101775 1.832913401283351e-18 0.029933747470037842 -0.021125061418911757 0.03658967969056826 -0.030706028990096067 0.01772813410317641 -0.028989627147886624 3.5502054095134566e-18 -0.03747761129845551 -0.021637708971747435 -0.014314473994423699 -0.02479339624196523 -4.97168461629859e-18 -0.027064590485790522 0.0181197103770256 -0.031384258991441344 0.029971918731080238 -0.017304295347518782
transform R 0.0 0.0 0.0 0.8018141793808926 -0.05057252697516068 -0.5922687823102675 5.180121921289226
transform T 0.625 -1.25 0.9375
end
case corpus_82_alternate 3.125e-11
op 1082
frame 0.2309321989865648 0.15674794257738373 -0.04993491092933157 0.11558795493930729 -0.6016054191328455 0.7219646731429232 1.0 0.0 0.0
offsets 0.02758430670370643 -0.027498524529046237
boundary P 12 -0.030706028990096067 0.01772813410317641 -0.021125061418911757 0.03658967969056826 1.832913401283351e-18 0.029933747470037842 0.020181781088261592 0.034955870232101775 0.025412719435047613 0.014672040406665171 0.041933587482658796 0.0 0.029971918731080238 -0.017304295347518782 0.0181197103770256 -0.031384258991441344 -4.97168461629859e-18 -0.027064590485790522 -0.014314473994423699 -0.02479339624196523 -0.03747761129845551 -0.021637708971747435 -0.028989627147886624 3.5502054095134566e-18
end
case corpus_83 6.25e-11
op 1083
frame 0.19345431279592845 0.1311224765289963 -0.4288436367162346 0.7365415172457985 0.9415251045799815 0.8223780659289801 1.0 0.0 0.0
offsets -0.06118612945823179 0.08748647144357141
boundary P 13 0.0810345331409417 0.0 0.07184155937707021 0.037705359036495675 0.03559428542878769 0.05156722502931427 0.007047309400921876 0.05803981465219456 -0.027178400677849417 0.07166355290798136 -0.053573702153707936 0.04746215852046334 -0.05865837959125878 0.014457992050572023 -0.08037507507118553 -0.01981067674458055 -0.061934559007033936 -0.05486923134512895 -0.020500029308141803 -0.05405413483864476 0.010105554708713963 -0.08322673078248058 0.03185570839174003 -0.046150961125251244 0.06908854971589772 -0.03626046810420639
boundary C 0.0 0.0 0.0125
transform R 0.0 0.0 0.0 1.0949269828963646 -0.5291175823621019 -0.341539593155324 1.2642323464364875
transform T 1.25 -2.5 1.875
end
case corpus_83_alternate 6.25e-11
op 1083
frame 0.19345431279592845 0.1311224765289963 -0.4288436367162346 0.7365415172457985 0.9415251045799815 0.8223780659289801 1.0 0.0 0.0
offsets 0.08748647144357141 -0.06118612945823179
boundary P 13 0.03185570839174003 -0.046150961125251244 0.010105554708713963 -0.08322673078248058 -0.020500029308141803 -0.05405413483864476 -0.061934559007033936 -0.05486923134512895 -0.08037507507118553 -0.01981067674458055 -0.05865837959125878 0.014457992050572023 -0.053573702153707936 0.04746215852046334 -0.027178400677849417 0.07166355290798136 0.007047309400921876 0.05803981465219456 0.03559428542878769 0.05156722502931427 0.07184155937707021 0.037705359036495675 0.0810345331409417 0.0 0.06908854971589772 -0.03626046810420639
boundary C 0.0 0.0 0.0125
end
case corpus_84 1.25e-10
op 1084
frame 0.5832083642851047 -1.0248978329880027 -0.22135781935827825 -0.4888030413126694 0.9067245886165127 0.885738078678925 1.0 0.0 0.0
offsets -0.06672342498991578 0.1750153564990567
boundary P 14 0.10650695604795475 0.0 0.09834522810817728 0.04736056573773492 0.08507657385528804 0.10668264927876293 0.03596821808639297 0.15758705996961117 -0.0335387784785595 0.14694298957800528 -0.06484316395172691 0.08131075576402556 -0.09752585956812428 0.04696597864539604 -0.1719987328191864 2.1063769760441743e-17 -0.1296246175714465 -0.06242392579504101 -0.087995038132839 -0.11034228772969724 -0.03417096173103774 -0.14971276538065348 0.02999821893339909 -0.13143078466340521 0.07905294711746383 -0.09912926026064685 0.15081303702697263 -0.07262773081746993
transform R 0.0 0.0 0.0 0.6472834977224604 -0.03509991089324127 -0.18556171602759575 5.1206146601846685
transform T 2.5 -5.0 3.75
end
case corpus_84_alternate 1.25e-10
op 1084
frame 0.5832083642851047 -1.0248978329880027 -0.22135781935827825 -0.4888030413126694 0.9067245886165127 0.885738078678925 1.0 0.0 0.0
offsets 0.1750153564990567 -0.06672342498991578
boundary P 14 -0.09752585956812428 0.04696597864539604 -0.06484316395172691 0.08131075576402556 -0.0335387784785595 0.14694298957800528 0.03596821808639297 0.15758705996961117 0.08507657385528804 0.10668264927876293 0.09834522810817728 0.04736056573773492 0.10650695604795475 0.0 0.15081303702697263 -0.07262773081746993 0.07905294711746383 -0.09912926026064685 0.02999821893339909 -0.13143078466340521 -0.03417096173103774 -0.14971276538065348 -0.087995038132839 -0.11034228772969724 -0.1296246175714465 -0.06242392579504101 -0.1719987328191864 2.1063769760441743e-17
end
case corpus_85 2.5e-10
op 1085
frame -1.3404278882919385 -1.917253140318052 -2.1582761697301915 -0.7050192820269465 -0.763438217982013 0.5448532689574231 1.0 0.0 0.0
offsets -0.2899068454107908 0.3004440538642815
boundary P 15 0.28007348027846185 0.0 0.26496817244647586 0.11797143106694993 0.18346462621775805 0.20375810990590212 0.10692007252179007 0.3290661469938974 -0.023641386008340114 0.22493276268630666 -0.10213125581368908 0.17689652411012385 -0.1771773486750624 0.12872687881166717 -0.26463095871428677 0.056249046695750364 -0.33981226932649966 -0.07222932758132819 -0.1627930344106876 -0.11827606276240463 -0.11776894359684509 -0.20398179386344883 -0.033242329156675875 -0.31627963490384164 0.0879249249474766 -0.27060509401821864 0.17354461818576783 -0.19274082483836755 0.19654118547622018 -0.08750577361855866
boundary C 0.0 0.0 0.05
transform R 0.0 0.0 0.0 0.8446307544351244 -0.5535033854161735 0.5332022310988598 -1.436397269720272
transform T 5.0 -10.0 7.5
end
case corpus_85_alternate 2.5e-10
op 1085
frame -1.3404278882919385 -1.917253140318052 -2.1582761697301915 -0.7050192820269465 -0.763438217982013 0.5448532689574231 1.0 0.0 0.0
offsets 0.3004440538642815 -0.2899068454107908
boundary P 15 0.26496817244647586 0.11797143106694993 0.28007348027846185 0.0 0.19654118547622018 -0.08750577361855866 0.17354461818576783 -0.19274082483836755 0.0879249249474766 -0.27060509401821864 -0.033242329156675875 -0.31627963490384164 -0.11776894359684509 -0.20398179386344883 -0.1627930344106876 -0.11827606276240463 -0.33981226932649966 -0.07222932758132819 -0.26463095871428677 0.056249046695750364 -0.1771773486750624 0.12872687881166717 -0.10213125581368908 0.17689652411012385 -0.023641386008340114 0.22493276268630666 0.10692007252179007 0.3290661469938974 0.18346462621775805 0.20375810990590212
boundary C 0.0 0.0 0.05
end
case corpus_86 5e-10
op 1086
frame -0.7635007552394746 -4.23544005073509 -3.9223252803305875 -0.9487323311014477 -0.5117438290553702 0.9785549090062904 1.0 0.0 0.0
offsets -0.31474057665670174 0.37806385638316714
boundary P 16 0.48058420486341713 0.0 0.6192256332129024 0.25649165544585184 0.48135600769098597 0.48135600769098585 0.21155265971363127 0.5107333002367488 3.596682922564419e-17 0.5873828968594977 -0.1649288224777306 0.39817340005196183 -0.3488918991697917 0.34889189916979174 -0.5730812644261473 0.2373780320672322 -0.4730104702760618 5.792707583867633e-17 -0.3910462939597465 -0.16197667847386304 -0.31037811115919955 -0.31037811115919944 -0.26079393122737954 -0.6296122457537349 -8.525226597644769e-17 -0.4640917203545471 0.2453574513771254 -0.5923452867439529 0.37888984520154284 -0.378889845201543 0.37516027850992145 -0.15539647542247736
transform R 0.0 0.0 0.0 0.783651620478766 0.9515307318901325 0.7489398428155878 1.0323722770640327
transform T 10.0 -20.0 15.0
end
case corpus_86_alternate 5e-10
op 1086
frame -0.7635007552394746 -4.23544005073509 -3.9223252803305875 -0.9487323311014477 -0.5117438290553702 0.9785549090062904 1.0 0.0 0.0
offsets 0.37806385638316714 -0.31474057665670174
boundary P 16 -0.26079393122737954 -0.6296122457537349 -0.31037811115919955 -0.31037811115919944 -0.3910462939597465 -0.16197667847386304 -0.4730104702760618 5.792707583867633e-17 -0.5730812644261473 0.2373780320672322 -0.3488918991697917 0.34889189916979174 -0.1649288224777306 0.39817340005196183 3.596682922564419e-17 0.5873828968594977 0.21155265971363127 0.5107333002367488 0.48135600769098597 0.48135600769098585 0.6192256332129024 0.25649165544585184 0.48058420486341713 0.0 0.37516027850992145 -0.15539647542247736 0.37888984520154284 -0.378889845201543 0.2453574513771254 -0.5923452867439529 -8.525226597644769e-17 -0.4640917203545471
end
case corpus_87 1e-09
op 1087
frame -4.240758800622442 9.742301825193032 -0.24877405536426922 -0.7201039165970742 0.1287488552034488 0.5874049293216889 1.0 0.0 0.0
offsets -1.0305340285316134 0.7694983946409609
boundary P 17 1.1050420635338292 0.0 1.1549080281978303 0.4474137537217629 1.0052582378591726 0.9164139698510892 0.5547345057041176 1.1140570684997784 0.10473228065442322 1.1302413071558952 -0.2833975241856988 0.9960389817479408 -0.8266423202324388 1.0946513401683093 -0.7536490186871685 0.4666397162383891 -0.956407121107432 0.1787834757597517 -0.8316321393977244 -0.15545898932965185 -0.8539000491008675 -0.5287125262930557 -0.6785530242134884 -0.8985494199252887 -0.3132590160867825 -1.1009912394364731 0.09076690596407913 -0.9795309125544558 0.50794052021379 -1.0200820772873511 0.669863496076003 -0.6106612635223571 1.1694727131587406 -0.45305614273546163
boundary C 0.0 0.0 0.2
transform R 0.0 0.0 0.0 0.9243670091966818 -0.43943541487340565 -0.5326140108875801 -2.200832868464075
transform T 20.0 -40.0 30.0
end
case corpus_87_alternate 1e-09
op 1087
frame -4.240758800622442 9.742301825193032 -0.24877405536426922 -0.7201039165970742 0.1287488552034488 0.5874049293216889 1.0 0.0 0.0
offsets 0.7694983946409609 -1.0305340285316134
boundary P 17 -0.7536490186871685 0.4666397162383891 -0.8266423202324388 1.0946513401683093 -0.2833975241856988 0.9960389817479408 0.10473228065442322 1.1302413071558952 0.5547345057041176 1.1140570684997784 1.0052582378591726 0.9164139698510892 1.1549080281978303 0.4474137537217629 1.1050420635338292 0.0 1.1694727131587406 -0.45305614273546163 0.669863496076003 -0.6106612635223571 0.50794052021379 -1.0200820772873511 0.09076690596407913 -0.9795309125544558 -0.3132590160867825 -1.1009912394364731 -0.6785530242134884 -0.8985494199252887 -0.8539000491008675 -0.5287125262930557 -0.8316321393977244 -0.15545898932965185 -0.956407121107432 0.1787834757597517
boundary C 0.0 0.0 0.2
end
case corpus_88 2e-09
op 1088
frame 9.934285354262142 0.6683743942610176 3.984254702016976 -0.25444430347023506 -0.848768264983605 0.797901172417507 1.0 0.0 0.0
offsets -1.0560311715727164 2.650508560997057
boundary P 18 2.0403528931971495 0.0 2.468309334445147 0.8983911266994541 1.252844069543883 1.0512609966769146 1.108483703674931 1.919950094127104 0.4283546821953624 2.4293201214826796 -0.29828838498087806 1.6916774947451825 -1.0609732944108166 1.837659651393268 -1.8234145479882895 1.5300264747002612 -1.8432526142298813 0.6708890858130402 -2.148359827734364 2.630981986451648e-16 -1.9611698399188877 -0.713807446071088 -2.052534352868963 -1.7222808184710423 -0.8386287584765475 -1.4525476183697872 -0.45237087223108163 -2.5655227034087393 0.36325650941968385 -2.060130037729647 1.2969075878700023 -2.2463098349124464 1.612395372549824 -1.3529603624185111 1.5036633242944515 -0.5472886924009479
transform R 0.0 0.0 0.0 0.7761648108884271 0.8568461721561029 -0.9299574067599496 -0.27955913168237767
transform T 40.0 -80.0 60.0
end
case corpus_88_alternate 2e-09
op 1088
frame 9.934285354262142 0.6683743942610176 3.984254702016976 -0.25444430347023506 -0.848768264983605 0.797901172417507 1.0 0.0 0.0
offsets 2.650508560997057 -1.0560311715727164
boundary P 18 1.108483703674931 1.919950094127104 1.252844069543883 1.0512609966769146 2.468309334445147 0.8983911266994541 2.0403528931971495 0.0 1.5036633242944515 -0.5472886924009479 1.612395372549824 -1.3529603624185111 1.2969075878700023 -2.2463098349124464 0.36325650941968385 -2.060130037729647 -0.45237087223108163 -2.5655227034087393 -0.8386287584765475 -1.4525476183697872 -2.052534352868963 -1.7222808184710423 -1.9611698399188877 -0.713807446071088 -2.148359827734364 2.630981986451648e-16 -1.8432526142298813 0.6708890858130402 -1.8234145479882895 1.5300264747002612 -1.0609732944108166 1.837659651393268 -0.29828838498087806 1.6916774947451825 0.4283546821953624 2.4293201214826796
end
case corpus_89 4e-09
op 1089
frame 21.92239995852536 -7.319968587294818 10.638420575886256 0.41872613107948653 -0.762832350238887 0.8141917743800491 1.0 0.0 0.0
offsets -5.991312386969533 2.9573166674463796
boundary P 19 3.884506452559714 0.0 4.27538876147623 1.467742815725062 4.07246689012825 3.1697282120744203 2.1350980732244293 3.2680108857891303 1.31769828734888 5.20347286131485 -0.36947343596733356 4.458881270575152 -2.0405009608008218 4.651873629204893 -3.433534607778012 3.729812850218658 -3.0586616770177315 1.6552649233270853 -4.821641362257726 0.8045896384657991 -5.237349821029993 -0.8739591111040811 -3.268270404377944 -1.7686994939530438 -3.607331133828614 -3.918606204658264 -1.380294060776637 -3.14675350084373 -0.33403619895727105 -4.0312174197994795 1.0853453379651703 -4.285931814193133 2.4679062456147522 -3.777411715610798 2.8302096529471563 -2.2028405939352966 3.579318291469386 -1.2287815215389992
boundary C 0.0 0.0 0.8
transform R 0.0 0.0 0.0 1.10120111235799 -0.8483135848292966 0.7781021720412169 1.209219499514196
transform T 80.0 -160.0 120.0
end
case corpus_89_alternate 4e-09
op 1089
frame 21.92239995852536 -7.319968587294818 10.638420575886256 0.41872613107948653 -0.762832350238887 0.8141917743800491 1.0 0.0 0.0
offsets 2.9573166674463796 -5.991312386969533
boundary P 19 2.8302096529471563 -2.2028405939352966 2.4679062456147522 -3.777411715610798 1.0853453379651703 -4.285931814193133 -0.33403619895727105 -4.0312174197994795 -1.380294060776637 -3.14675350084373 -3.607331133828614 -3.918606204658264 -3.268270404377944 -1.7686994939530438 -5.237349821029993 -0.8739591111040811 -4.821641362257726 0.8045896384657991 -3.0586616770177315 1.6552649233270853 -3.433534607778012 3.729812850218658 -2.0405009608008218 4.651873629204893 -0.36947343596733356 4.458881270575152 1.31769828734888 5.20347286131485 2.1350980732244293 3.2680108857891303 4.07246689012825 3.1697282120744203 4.27538876147623 1.467742815725062 3.884506452559714 0.0 3.579318291469386 -1.2287815215389992
boundary C 0.0 0.0 0.8
end
case corpus_90 8e-09
op 1090
frame -33.159468771166104 -23.105838584971412 2.517177160350492 -0.17196002817726996 0.6475943694969541 0.5776047647796566 1.0 0.0 0.0
offsets -4.022018812147296 4.275368182941438
boundary P 20 8.89648093982874 0.0 7.8721700450617265 2.5578230997352405 8.186416019577845 5.947779390167671 6.450554445598008 8.878426515936052 2.6663834632628127 8.206284488680295 4.730573314604691e-16 7.725612507864798 -2.6902255308875676 8.279662827701225 -5.084079719371306 6.997635407976825 -7.449282499103014 5.412220538724398 -7.950029488143074 2.583121166330096 -8.044638630026126 9.851840948558645e-16 -7.375366118557279 -2.396401718848096 -5.39142536029924 -3.917099810824022 -4.745652206348961 -6.531829897662843 -2.0856912027376615 -6.419097478296952 -1.1941771290374382e-15 -6.500797508140693 2.676280873578795 -8.23674558547047 6.480664711820459 -8.919869741985211 6.240399725543072 -4.533915792360026 7.524059101854509 -2.4447149978130027
transform R 0.0 0.0 0.0 0.33896387596895056 -0.7307084163095492 -0.1837670848645372 -4.801599705097663
transform T 160.0 -320.0 240.0
end
case corpus_90_alternate 8e-09
op 1090
frame -33.159468771166104 -23.105838584971412 2.517177160350492 -0.17196002817726996 0.6475943694969541 0.5776047647796566 1.0 0.0 0.0
offsets 4.275368182941438 -4.022018812147296
boundary P 20 -2.0856912027376615 -6.419097478296952 -4.745652206348961 -6.531829897662843 -5.39142536029924 -3.917099810824022 -7.375366118557279 -2.396401718848096 -8.044638630026126 9.851840948558645e-16 -7.950029488143074 2.583121166330096 -7.449282499103014 5.412220538724398 -5.084079719371306 6.997635407976825 -2.6902255308875676 8.279662827701225 4.730573314604691e-16 7.725612507864798 2.6663834632628127 8.206284488680295 6.450554445598008 8.878426515936052 8.186416019577845 5.947779390167671 7.8721700450617265 2.5578230997352405 8.89648093982874 0.0 7.524059101854509 -2.4447149978130027 6.240399725543072 -4.533915792360026 6.480664711820459 -8.919869741985211 2.676280873578795 -8.23674558547047 -1.1941771290374382e-15 -6.500797508140693
end
case corpus_91 1.6e-08
op 1091
frame 138.2568828504057 65.11884333097441 -139.17362863126772 0.20167894731365288 -0.4796639514776093 1.1452333739857303 1.0 0.0 0.0
offsets -8.759876514275437 20.97102162919201
boundary P 8 15.286449503321727 0.0 9.540770495998144 9.540770495998142 1.0000938676023473e-15 16.332772327476814 -13.948564068377392 13.948564068377395 -21.11838052526825 2.586255711344556e-15 -14.39398051520184 -14.393980515201834 -3.0552479415873523e-15 -16.631995139140173 14.20689002632716 -14.206890026327166
boundary C 0.0 0.0 3.2
transform R 0.0 0.0 0.0 1.0947688844566612 -0.1736395383825562 0.440507298776202 3.8306871077376328
transform T 320.0 -640.0 480.0
end
case corpus_91_alternate 1.6e-08
op 1091
frame 138.2568828504057 65.11884333097441 -139.17362863126772 0.20167894731365288 -0.4796639514776093 1.1452333739857303 1.0 0.0 0.0
offsets 20.97102162919201 -8.759876514275437
boundary P 8 15.286449503321727 0.0 14.20689002632716 -14.206890026327166 -3.0552479415873523e-15 -16.631995139140173 -14.39398051520184 -14.393980515201834 -21.11838052526825 2.586255711344556e-15 -13.948564068377392 13.948564068377395 1.0000938676023473e-15 16.332772327476814 9.540770495998144 9.540770495998142
boundary C 0.0 0.0 3.2
end
case corpus_92 3.2e-08
op 1092
frame 57.26905913902165 -286.2152981485906 145.5968385126414 0.4932556628393905 0.8713822094963974 0.8846745386067929 1.0 0.0 0.0
offsets -45.341037540941095 36.51700099587503
boundary P 9 44.29179568810323 0.0 24.16155443027457 20.273951411113163 6.3601273770310724 36.070074763809174 -16.035706852106387 27.77465900312866 -34.737623004235175 12.643460782702505 -33.82125936180081 -12.309931693092627 -14.681933873116746 -25.429855421604685 6.770415455027406 -38.396934081355774 20.184839515185647 -16.937091392564877
transform R 0.0 0.0 0.0 0.32693731904671713 -0.9292467256350219 -0.381235479436286 -1.8960495493736902
transform T 640.0 -1280.0 960.0
end
case corpus_92_alternate 3.2e-08
op 1092
frame 57.26905913902165 -286.2152981485906 145.5968385126414 0.4932556628393905 0.8713822094963974 0.8846745386067929 1.0 0.0 0.0
offsets 36.51700099587503 -45.341037540941095
boundary P 9 -34.737623004235175 12.643460782702505 -16.035706852106387 27.77465900312866 6.3601273770310724 36.070074763809174 24.16155443027457 20.273951411113163 44.29179568810323 0.0 20.184839515185647 -16.937091392564877 6.770415455027406 -38.396934081355774 -14.681933873116746 -25.429855421604685 -33.82125936180081 -12.309931693092627
end
case corpus_93 6.4e-08
op 1093
frame 416.71938152501014 -309.2145345162251 -488.70751311940796 -0.3471364805522015 -0.6495705480378828 0.9517509525533031 1.0 0.0 0.0
offsets -91.77271879269563 33.713856267251124
boundary P 10 67.49249589708907 0.0 62.438846642774045 45.364477485580096 22.514176721829028 69.2915110498275 -16.488550879262778 50.74654159298362 -58.15336632881799 42.25089378456127 -51.96431099914427 6.363792713499962e-15 -55.40036802404005 -40.250723436613406 -20.89848720917341 -64.31893003554059 18.1782464332862 -55.946889782439754 45.86183466061977 -33.320573293290586
boundary C 0.0 0.0 12.8
transform R 0.0 0.0 0.0 0.5336511788633191 0.17479954337954884 0.14847250018542169 1.597926688748785
transform T 1280.0 -2560.0 1920.0
end
case corpus_93_alternate 6.4e-08
op 1093
frame 416.71938152501014 -309.2145345162251 -488.70751311940796 -0.3471364805522015 -0.6495705480378828 0.9517509525533031 1.0 0.0 0.0
offsets 33.713856267251124 -91.77271879269563
boundary P 10 -16.488550879262778 50.74654159298362 22.514176721829028 69.2915110498275 62.438846642774045 45.364477485580096 67.49249589708907 0.0 45.86183466061977 -33.320573293290586 18.1782464332862 -55.946889782439754 -20.89848720917341 -64.31893003554059 -55.40036802404005 -40.250723436613406 -51.96431099914427 6.363792713499962e-15 -58.15336632881799 42.25089378456127
boundary C 0.0 0.0 12.8
end
case corpus_94 1.28e-07
op 1094
frame -1031.7200381499474 527.1005583197518 -488.74799269499533 0.7684650541617348 -0.12865637910666217 0.7948524256913605 1.0 0.0 0.0
offsets -149.50130192544884 182.99029367316152
boundary P 11 145.7479330425494 0.0 101.27225579207244 65.08372686737444 43.02373562155978 94.20883997003492 -25.349709610249732 176.31110305938125 -76.27420014032413 88.02511939138155 -170.03665326080775 49.927266167948076 -125.83151845489533 -36.94746746502024 -101.27050868191472 -116.87239723460179 -16.318666203156436 -113.4988164745295 51.930676288190654 -113.71231952062834 111.78179038564181 -71.8377946388621
transform R 0.0 0.0 0.0 0.5760972887983913 -0.5164699894513192 0.7365727059726941 -2.708423298950775
transform T 2560.0 -5120.0 3840.0
end
case corpus_94_alternate 1.28e-07
op 1094
frame -1031.7200381499474 527.1005583197518 -488.74799269499533 0.7684650541617348 -0.12865637910666217 0.7948524256913605 1.0 0.0 0.0
offsets 182.99029367316152 -149.50130192544884
boundary P 11 -76.27420014032413 88.02511939138155 -25.349709610249732 176.31110305938125 43.02373562155978 94.20883997003492 101.27225579207244 65.08372686737444 145.7479330425494 0.0 111.78179038564181 -71.8377946388621 51.930676288190654 -113.71231952062834 -16.318666203156436 -113.4988164745295 -101.27050868191472 -116.87239723460179 -125.83151845489533 -36.94746746502024 -170.03665326080775 49.927266167948076
end
case corpus_95 2.56e-07
op 1095
frame 555.8004896154665 1763.2122470692514 611.4816515149437 -0.9495170810218774 -0.7501289562217526 0.7384489569630821 1.0 0.0 0.0
offsets -181.72111798722665 228.4327164735456
boundary P 12 245.43531020510827 0.0 276.08281991228256 159.39649039498727 133.97927604517022 232.05891327153057 1.372382302027226e-14 224.12703858495885 -123.01314649840666 213.06501973415396 -266.176194690478 153.67689765641765 -248.55119807711063 3.043874291493733e-14 -283.47737279326253 -163.6657374913579 -172.24361689932172 -298.33469574905416 -5.2477149366251946e-14 -285.67229562454844 141.52226227268804 -245.1237486583837 274.8352104716596 -158.67618274860033
boundary C 0.0 0.0 51.2
transform R 0.0 0.0 0.0 0.8552198696407065 0.5368230545399866 -0.5365517264842385 -5.929404461513735
transform T 5120.0 -10240.0 7680.0
end
case corpus_95_alternate 2.56e-07
op 1095
frame 555.8004896154665 1763.2122470692514 611.4816515149437 -0.9495170810218774 -0.7501289562217526 0.7384489569630821 1.0 0.0 0.0
offsets 228.4327164735456 -181.72111798722665
boundary P 12 -283.47737279326253 -163.6657374913579 -248.55119807711063 3.043874291493733e-14 -266.176194690478 153.67689765641765 -123.01314649840666 213.06501973415396 1.372382302027226e-14 224.12703858495885 133.97927604517022 232.05891327153057 276.08281991228256 159.39649039498727 245.43531020510827 0.0 274.8352104716596 -158.67618274860033 141.52226227268804 -245.1237486583837 -5.2477149366251946e-14 -285.67229562454844 -172.24361689932172 -298.33469574905416
boundary C 0.0 0.0 51.2
end
case corpus_96 5.12e-07
op 1096
frame 0.9679394776469508 -3926.5304298560486 -1162.155915463619 -0.9329961531770361 0.5610566566902135 0.6306635791760059 1.0 0.0 0.0
offsets -616.6063799321411 265.6312826734993
boundary P 13 674.345323285725 0.0 558.5630317942566 293.15649383075635 286.2711045976105 414.73529507172157 56.413397260839915 464.60612620349264 -237.09359828030216 625.1644394348733 -344.9316304884652 305.58275920515865 -640.5585201583283 157.8834951955506 -401.0551882117855 -98.85122574832828 -446.49072824302226 -395.5562686518713 -216.98839217827657 -572.151367830823 59.806798391660614 -492.55329887163333 384.9640465234545 -557.7167058174755 575.7899070258238 -302.1978554230614
transform R 0.0 0.0 0.0 1.1241407754265034 -0.5851044983304805 -0.6913700477620159 -1.3757567040545025
transform T 10240.0 -20480.0 15360.0
end
case corpus_96_alternate 5.12e-07
op 1096
frame 0.9679394776469508 -3926.5304298560486 -1162.155915463619 -0.9329961531770361 0.5610566566902135 0.6306635791760059 1.0 0.0 0.0
offsets 265.6312826734993 -616.6063799321411
boundary P 13 674.345323285725 0.0 575.7899070258238 -302.1978554230614 384.9640465234545 -557.7167058174755 59.806798391660614 -492.55329887163333 -216.98839217827657 -572.151367830823 -446.49072824302226 -395.5562686518713 -401.0551882117855 -98.85122574832828 -640.5585201583283 157.8834951955506 -344.9316304884652 305.58275920515865 -237.09359828030216 625.1644394348733 56.413397260839915 464.60612620349264 286.2711045976105 414.73529507172157 558.5630317942566 293.15649383075635
end
case corpus_97 1.024e-06
op 1097
frame -4201.050318592743 3795.59147886215 -2586.2769571333456 0.14291721341369934 -0.14463974534609103 0.5065628280791108 1.0 0.0 0.0
offsets -514.1959958133257 1200.0766179720702
boundary P 14 841.654345534521 0.0 1223.407182081865 589.1618473574669 879.0663586138704 1102.3143478753723 197.1018775927475 863.5597496024342 -208.56839587504757 913.7978486891128 -795.6820732958823 997.7537613022652 -892.5502178956662 429.82953094968224 -1361.8511316925533 1.667786629342486e-13 -1282.7261694585127 -617.7283660914244 -881.4866153487043 -1105.3492538278147 -248.20763867266135 -1087.4687188137757 301.29777909432363 -1320.0718219847076 792.6281794241902 -993.9242995117322 1220.5212137137169 -587.7720382406844
boundary C 0.0 0.0 204.8
transform R 0.0 0.0 0.0 0.45290065753949044 0.014161544814650373 -0.008473777133524374 4.372138135489072
transform T 20480.0 -40960.0 30720.0
end
case corpus_97_alternate 1.024e-06
op 1097
frame -4201.050318592743 3795.59147886215 -2586.2769571333456 0.14291721341369934 -0.14463974534609103 0.5065628280791108 1.0 0.0 0.0
offsets 1200.0766179720702 -514.1959958133257
boundary P 14 -892.5502178956662 429.82953094968224 -795.6820732958823 997.7537613022652 -208.56839587504757 913.7978486891128 197.1018775927475 863.5597496024342 879.0663586138704 1102.3143478753723 1223.407182081865 589.1618473574669 841.654345534521 0.0 1220.5212137137169 -587.7720382406844 792.6281794241902 -993.9242995117322 301.29777909432363 -1320.0718219847076 -248.20763867266135 -1087.4687188137757 -881.4866153487043 -1105.3492538278147 -1282.7261694585127 -617.7283660914244 -1361.8511316925533 1.667786629342486e-13
boundary C 0.0 0.0 204.8
end
case corpus_98 2.048e-06
op 1098
frame 9511.283234788985 14826.741534592747 -5236.507013282007 -0.8996743163744132 -0.1945299471374735 1.3807379323276203 1.0 0.0 0.0
offsets -1083.5863420002054 2377.6301444407645
boundary P 15 1735.0633574006902 0.0 1746.3153454507708 777.5096853891688 1562.0673671334268 1734.851566944671 542.4389732241771 1669.4554978142976 -227.33027840451103 2162.903120220407 -872.7086919537234 1511.5757946708259 -1880.3250215461915 1366.1360946259051 -2774.922982337654 589.8280880248152 -2222.032327343006 -472.30755141966574 -1661.5730815375596 -1207.2035071259556 -1331.0810314545936 -2305.4999754705404 -208.2764854005475 -1981.6183893453638 815.9507462539693 -2511.238178891706 1494.3674279399222 -1659.6631672231886 1682.3217969934815 -749.0179219413017
transform R 0.0 0.0 0.0 0.46837265700647374 -0.8526676180329704 -0.7679862511790054 -4.730072154591546
transform T 40960.0 -81920.0 61440.0
end
case corpus_98_alternate 2.048e-06
op 1098
frame 9511.283234788985 14826.741534592747 -5236.507013282007 -0.8996743163744132 -0.1945299471374735 1.3807379323276203 1.0 0.0 0.0
offsets 2377.6301444407645 -1083.5863420002054
boundary P 15 1735.0633574006902 0.0 1682.3217969934815 -749.0179219413017 1494.3674279399222 -1659.6631672231886 815.9507462539693 -2511.238178891706 -208.2764854005475 -1981.6183893453638 -1331.0810314545936 -2305.4999754705404 -1661.5730815375596 -1207.2035071259556 -2222.032327343006 -472.30755141966574 -2774.922982337654 589.8280880248152 -1880.3250215461915 1366.1360946259051 -872.7086919537234 1511.5757946708259 -227.33027840451103 2162.903120220407 542.4389732241771 1669.4554978142976 1562.0673671334268 1734.851566944671 1746.3153454507708 777.5096853891688
end
case corpus_99 4.096e-06
op 1099
frame 9925.319595046658 21158.734349178587 -28501.803081416358 0.3490300108338491 -0.03121356125404051 0.5615815945304153 1.0 0.0 0.0
offsets -4774.871697101258 3349.112803908347
boundary P 16 5466.015610836108 0.0 3549.777380364212 1470.3659343520937 3709.967890190189 3709.9678901901884 1843.1826175586007 4449.836473240314 2.401595225048777e-13 3922.1026449762676 -1346.030510194863 3249.6051130804153 -3617.627582559777 3617.6275825597777 -5128.066012011288 2124.114490919587 -5702.000451721406 6.982936601937382e-13 -4566.557683727462 -1891.530125958981 -3172.8225004031765 -3172.8225004031756 -2106.9532390580202 -5086.635085019785 -9.543358969592328e-13 -5195.162652195875 1532.916616316539 -3700.7880850984598 3129.4755044623107 -3129.475504462312 4580.145449783747 -1897.158362941851
boundary C 0.0 0.0 819.2
transform R 0.0 0.0 0.0 0.9634524570606862 -0.5854005507148847 -0.7206726698856323 -5.7562158225293265
transform T 81920.0 -163840.0 122880.0
end
case corpus_99_alternate 4.096e-06
op 1099
frame 9925.319595046658 21158.734349178587 -28501.803081416358 0.3490300108338491 -0.03121356125404051 0.5615815945304153 1.0 0.0 0.0
offsets 3349.112803908347 -4774.871697101258
boundary P 16 -4566.557683727462 -1891.530125958981 -5702.000451721406 6.982936601937382e-13 -5128.066012011288 2124.114490919587 -3617.627582559777 3617.6275825597777 -1346.030510194863 3249.6051130804153 2.401595225048777e-13 3922.1026449762676 1843.1826175586007 4449.836473240314 3709.967890190189 3709.9678901901884 3549.777380364212 1470.3659343520937 5466.015610836108 0.0 4580.145449783747 -1897.158362941851 3129.4755044623107 -3129.475504462312 1532.916616316539 -3700.7880850984598 -9.543358969592328e-13 -5195.162652195875 -2106.9532390580202 -5086.635085019785 -3172.8225004031765 -3172.8225004031756
boundary C 0.0 0.0 819.2
end
case corpus_100 2.44140625e-13
op 1100
frame -0.0020233645414398063 0.00043494094670813114 -0.001282887782258895 0.8031714428711374 0.043754905225009244 1.3676024556823418 1.0 0.0 0.0
offsets -0.0001359041131247732 0.00024876802300054864
boundary P 17 0.00022121963773053213 0.0 0.00024411548421796438 9.457084241244553e-05 0.0001840191535275218 0.00016775562403938035 0.0001491446128393399 0.0002995227599037312 2.783373714804878e-05 0.00030037386048191277 -7.432488484125844e-05 0.00026122487424170605 -0.00014543275554977907 0.00019258409214056667 -0.00023480662782745412 0.00014538610873688086 -0.00032901044329805297 6.150271083926325e-05 -0.00029096674663105964 -5.439111142645335e-05 -0.0002481983732255536 -0.00015367792643657295 -0.00013522244273279124 -0.0001790634528808793 -5.972093292528607e-05 -0.00020989730729249875 2.1596973291368217e-05 -0.00023306845960883738 0.00013454324277272054 -0.00027019925583965474 0.0001504098648008063 -0.00013711670903629296 0.00029112759491439305 -0.00011278343112385521
transform R 0.0 0.0 0.0 0.5321561783322208 -0.6071605348844407 0.8045236906797406 -0.0001400780635998814
transform T 0.0048828125 -0.009765625 0.00732421875
end
case corpus_100_alternate 2.44140625e-13
op 1100
frame -0.0020233645414398063 0.00043494094670813114 -0.001282887782258895 0.8031714428711374 0.043754905225009244 1.3676024556823418 1.0 0.0 0.0
offsets 0.00024876802300054864 -0.0001359041131247732
boundary P 17 2.783373714804878e-05 0.00030037386048191277 0.0001491446128393399 0.0002995227599037312 0.0001840191535275218 0.00016775562403938035 0.00024411548421796438 9.457084241244553e-05 0.00022121963773053213 0.0 0.00029112759491439305 -0.00011278343112385521 0.0001504098648008063 -0.00013711670903629296 0.00013454324277272054 -0.00027019925583965474 2.1596973291368217e-05 -0.00023306845960883738 -5.972093292528607e-05 -0.00020989730729249875 -0.00013522244273279124 -0.0001790634528808793 -0.0002481983732255536 -0.00015367792643657295 -0.00029096674663105964 -5.439111142645335e-05 -0.00032901044329805297 6.150271083926325e-05 -0.00023480662782745412 0.00014538610873688086 -0.00014543275554977907 0.00019258409214056667 -7.432488484125844e-05 0.00026122487424170605
end
case corpus_101 4.8828125e-13
op 1101
frame -0.0009591428380236085 0.003508860905229922 -0.0001672076849335935 -0.3848988953324022 0.24176037421343 0.5103463984641933 1.0 0.0 0.0
offsets -0.0004190430656774441 0.00048469435779759275
boundary P 18 0.0006486079387767041 0.0 0.000538933907473045 0.00019615590055696396 0.00036051088212717196 0.00030250454822830584 0.000278338547821383 0.0004820965065315748 0.0001178558184643938 0.0006683935605932814 -7.894844810582429e-05 0.0004477388984295936 -0.0002489631426183328 0.00043121681222696906 -0.0004389614533333269 0.0003683323935930375 -0.0003974052082628902 0.00014464366675005316 -0.0005470044163720706 6.698872076295224e-20 -0.0005718070230129119 -0.00020812073612106924 -0.0003580862892478861 -0.0003004700732375417 -0.00033592002118329467 -0.0005818305439690792 -9.282639605154222e-05 -0.0005264446523077445 0.0001137731825058356 -0.0006452397815053945 0.00021813203355561416 -0.0003778157648766436 0.0003733440745987165 -0.00031327287529800613 0.0005375685032015505 -0.0001956589340444
boundary C 0.0 0.0 9.765625e-05
transform R 0.0 0.0 0.0 1.055697637912203 -0.6713962005118546 -0.5307785535186136 0.7601006681158697
transform T 0.009765625 -0.01953125 0.0146484375
end
case corpus_101_alternate 4.8828125e-13
op 1101
frame -0.0009591428380236085 0.003508860905229922 -0.0001672076849335935 -0.3848988953324022 0.24176037421343 0.5103463984641933 1.0 0.0 0.0
offsets 0.00048469435779759275 -0.0004190430656774441
boundary P 18 0.0003733440745987165 -0.00031327287529800613 0.00021813203355561416 -0.0003778157648766436 0.0001137731825058356 -0.0006452397815053945 -9.282639605154222e-05 -0.0005264446523077445 -0.00033592002118329467 -0.0005818305439690792 -0.0003580862892478861 -0.0003004700732375417 -0.0005718070230129119 -0.00020812073612106924 -0.0005470044163720706 6.698872076295224e-20 -0.0003974052082628902 0.00014464366675005316 -0.0004389614533333269 0.0003683323935930375 -0.0002489631426183328 0.00043121681222696906 -7.894844810582429e-05 0.0004477388984295936 0.0001178558184643938 0.0006683935605932814 0.000278338547821383 0.0004820965065315748 0.00036051088212717196 0.00030250454822830584 0.000538933907473045 0.00019615590055696396 0.0006486079387767041 0.0 0.0005375685032015505 -0.0001956589340444
boundary C 0.0 0.0 9.765625e-05
end
case corpus_102 9.765625e-13
op 1102
frame 0.008373644466868111 -0.0034417391845418567 -0.004757139397557335 0.887851565663702 -0.2258442451958136 0.842873228244382 1.0 0.0 0.0
offsets -0.0014063391554828835 0.0010742552382545741
boundary P 19 0.0010792198606279387 0.0 0.0012836003164838747 0.00044066054524854634 0.0008528731173386734 0.0006638177925770971 0.0006001045565692643 0.0009185284030153635 0.0002061646862380761 0.0008141259346702694 -7.884454772065279e-05 0.0009515121870619951 -0.0005047153386359408 0.0011506350740135387 -0.0008654013481881805 0.0009400764628254804 -0.0008509439700497347 0.00046050784757383753 -0.0009083127023942298 0.000151570582282184 -0.0012685173132932017 -0.00021167810083914476 -0.0007590108418448166 -0.0004107561265669859 -0.0006025219741595442 -0.0006545133393059643 -0.0004538745749404527 -0.0010347298073819285 -0.00010431832501529346 -0.0012589349606979207 0.0002475374748675502 -0.00097750338222203 0.0007339870337610448 -0.0011234507896570216 0.0008939644641165605 -0.000695800471544905 0.0008221006234830964 -0.0002822275005241341
transform R 0.0 0.0 0.0 0.9197123379210217 0.44818418330776333 0.45921696584149685 1.8967773063455755
transform T 0.01953125 -0.0390625 0.029296875
end
case corpus_102_alternate 9.765625e-13
op 1102
frame 0.008373644466868111 -0.0034417391845418567 -0.004757139397557335 0.887851565663702 -0.2258442451958136 0.842873228244382 1.0 0.0 0.0
offsets 0.0010742552382545741 -0.0014063391554828835
boundary P 19 -0.0006025219741595442 -0.0006545133393059643 -0.0007590108418448166 -0.0004107561265669859 -0.0012685173132932017 -0.00021167810083914476 -0.0009083127023942298 0.000151570582282184 -0.0008509439700497347 0.00046050784757383753 -0.0008654013481881805 0.0009400764628254804 -0.0005047153386359408 0.0011506350740135387 -7.884454772065279e-05 0.0009515121870619951 0.0002061646862380761 0.0008141259346702694 0.0006001045565692643 0.0009185284030153635 0.0008528731173386734 0.0006638177925770971 0.0012836003164838747 0.00044066054524854634 0.0010792198606279387 0.0 0.0008221006234830964 -0.0002822275005241341 0.0008939644641165605 -0.000695800471544905 0.0007339870337610448 -0.0011234507896570216 0.0002475374748675502 -0.00097750338222203 -0.00010431832501529346 -0.0012589349606979207 -0.0004538745749404527 -0.0010347298073819285
end
case corpus_103 1.953125e-12
op 1103
frame -0.01868608423565349 0.006897646206751808 -0.006230693769360132 -0.17531434880387642 0.7340931010959366 0.8315815479922701 1.0 0.0 0.0
offsets -0.0020879939261836252 0.0019847874346244224
boundary P 20 0.001801141649618873 0.0 0.0023025399814014668 0.0007481405913210863 0.001921158909017676 0.0013958036504577234 0.0015715638456924215 0.0021630720640771982 0.0006034618576834556 0.0018572646247055668 1.0979082654927568e-19 0.0017930202671613779 -0.0005931720361784846 0.0018255958104592463 -0.0014764703608566008 0.0020321871107945753 -0.001357559324679454 0.0009863245836698614 -0.001707850637281402 0.0005549143102766488 -0.0024971966293843373 3.058183859017088e-19 -0.002199200746050535 -0.0007145636383619193 -0.0013539947825207165 -0.0009837347921986697 -0.0010683170349896742 -0.0014704122522911573 -0.0006748191600033052 -0.0020768798193126045 -4.93635781991645e-19 -0.0026872280363357745 0.0007328546758975476 -0.00225549477115179 0.001181839408886894 -0.0016266623952922608 0.0015416239987843916 -0.0011200553973105458 0.001602507160357691 -0.0005206861397544786
boundary C 0.0 0.0 0.000390625
transform R 0.0 0.0 0.0 1.1142963204442435 -0.9933805164370664 0.28112147138568355 5.8545857374689545
transform T 0.0390625 -0.078125 0.05859375
end
case corpus_103_alternate 1.953125e-12
op 1103
frame -0.01868608423565349 0.006897646206751808 -0.006230693769360132 -0.17531434880387642 0.7340931010959366 0.8315815479922701 1.0 0.0 0.0
offsets 0.0019847874346244224 -0.0020879939261836252
boundary P 20 -0.001357559324679454 0.0009863245836698614 -0.0014764703608566008 0.0020321871107945753 -0.0005931720361784846 0.0018255958104592463 1.0979082654927568e-19 0.0017930202671613779 0.0006034618576834556 0.0018572646247055668 0.0015715638456924215 0.0021630720640771982 0.001921158909017676 0.0013958036504577234 0.0023025399814014668 0.0007481405913210863 0.001801141649618873 0.0 0.001602507160357691 -0.0005206861397544786 0.0015416239987843916 -0.0011200553973105458 0.001181839408886894 -0.0016266623952922608 0.0007328546758975476 -0.00225549477115179 -4.93635781991645e-19 -0.0026872280363357745 -0.0006748191600033052 -0.0020768798193126045 -0.0010683170349896742 -0.0014704122522911573 -0.0013539947825207165 -0.0009837347921986697 -0.002199200746050535 -0.0007145636383619193 -0.0024971966293843373 3.058183859017088e-19 -0.001707850637281402 0.0005549143102766488
boundary C 0.0 0.0 0.000390625
end
case corpus_104 3.90625e-12
op 1104
frame -0.01683837604912565 -0.011632760537833436 0.02664018671021234 -0.693831847042002 -0.6025141348090783 0.9678790054738765 1.0 0.0 0.0
offsets -0.002670921057089194 0.005522513912631835
boundary P 8 0.0031387669810698147 0.0 0.0037441394650881725 0.0037441394650881716 2.3259759613876585e-19 0.0037986070155200564 -0.0028038384219128422 0.0028038384219128427 -0.004183317337168911 5.123086186781535e-19 -0.0032712291661384876 -0.0032712291661384867 -9.660744583328507e-19 -0.005259064404014118 0.0029422706534336083 -0.0029422706534336096
transform R 0.0 0.0 0.0 0.7397943102756015 0.3510921699805454 -0.21467356183894393 -4.381008829383405
transform T 0.078125 -0.15625 0.1171875
end
case corpus_104_alternate 3.90625e-12
op 1104
frame -0.01683837604912565 -0.011632760537833436 0.02664018671021234 -0.693831847042002 -0.6025141348090783 0.9678790054738765 1.0 0.0 0.0
offsets 0.005522513912631835 -0.002670921057089194
boundary P 8 -9.660744583328507e-19 -0.005259064404014118 -0.0032712291661384876 -0.0032712291661384867 -0.004183317337168911 5.123086186781535e-19 -0.0028038384219128422 0.0028038384219128427 2.3259759613876585e-19 0.0037986070155200564 0.0037441394650881725 0.0037441394650881716 0.0031387669810698147 0.0 0.0029422706534336083 -0.0029422706534336096
end
case corpus_105 7.8125e-12
op 1105
frame -0.04873483184781362 -0.07812497194500034 -0.031052457059541558 -0.8812436675331661 0.645348547307788 1.2165891727752514 1.0 0.0 0.0
offsets -0.008706128043779826 0.010135071279433475
boundary P 9 0.008508260208972418 0.0 0.006858846144612064 0.005755255270245691 0.0016899858710946157 0.009584386146149688 -0.003125426746333071 0.005413397919983567 -0.009560629417218917 0.0034797845287175165 -0.008335535218648611 -0.0030338867062657147 -0.003157892069928127 -0.00546962950993436 0.0014610085543200302 -0.00828579125242116 0.005257525404780322 -0.0044115876280563515
boundary C 0.0 0.0 0.0015625
transform R 0.0 0.0 0.0 1.0521455035754377 -0.0947167692739499 0.9808038830843708 5.343090155313793
transform T 0.15625 -0.3125 0.234375
end
case corpus_105_alternate 7.8125e-12
op 1105
frame -0.04873483184781362 -0.07812497194500034 -0.031052457059541558 -0.8812436675331661 0.645348547307788 1.2165891727752514 1.0 0.0 0.0
offsets 0.010135071279433475 -0.008706128043779826
boundary P 9 0.006858846144612064 0.005755255270245691 0.008508260208972418 0.0 0.005257525404780322 -0.0044115876280563515 0.0014610085543200302 -0.00828579125242116 -0.003157892069928127 -0.00546962950993436 -0.008335535218648611 -0.0030338867062657147 -0.009560629417218917 0.0034797845287175165 -0.003125426746333071 0.005413397919983567 0.0016899858710946157 0.009584386146149688
boundary C 0.0 0.0 0.0015625
end
case corpus_106 1.5625e-11
op 1106
frame 0.14024893139203906 -0.09700270851522944 -0.14681076338980198 0.3662202824583629 0.006283114552113167 1.4538700640918782 1.0 0.0 0.0
offsets -0.009687255773142667 0.02098840236822464
boundary P 10 0.020396738382902478 0.0 0.011619270922354307 0.008441894469506479 0.004169610920614361 0.012832742886800967 -0.004179252354310984 0.012862416168563838 -0.014806106342971945 0.01075726593233905 -0.012824536477041244 1.5705527547157033e-18 -0.014744719857766882 -0.010712666040192791 -0.005671380470581116 -0.017454714307364734 0.005935204096465501 -0.018266679937467008 0.014174648136547374 -0.010298484690713611
transform R 0.0 0.0 0.0 0.5261386406394866 -0.40565132636798085 -0.5285386184444243 -2.467084010868625
transform T 0.3125 -0.625 0.46875
end
case corpus_106_alternate 1.5625e-11
op 1106
frame 0.14024893139203906 -0.09700270851522944 -0.14681076338980198 0.3662202824583629 0.006283114552113167 1.4538700640918782 1.0 0.0 0.0
offsets 0.02098840236822464 -0.009687255773142667
boundary P 10 -0.005671380470581116 -0.017454714307364734 -0.014744719857766882 -0.010712666040192791 -0.012824536477041244 1.5705527547157033e-18 -0.014806106342971945 0.01075726593233905 -0.004179252354310984 0.012862416168563838 0.004169610920614361 0.012832742886800967 0.011619270922354307 0.008441894469506479 0.020396738382902478 0.0 0.014174648136547374 -0.010298484690713611 0.005935204096465501 -0.018266679937467008
end
case corpus_107 3.125e-11
op 1107
frame -0.12801016871482773 -0.09748241678496326 -0.18302184523031945 -0.7209106984334561 -0.942335531680909 0.8310450733852686 1.0 0.0 0.0
offsets -0.04632763014803662 0.042630171735376685
boundary P 11 0.0386936564137246 0.0 0.023785165106181734 0.015285797449248842 0.01725541549078013 0.037784089482289174 -0.004044818878544036 0.028132333234427247 -0.02005311192394934 0.0231425248383716 -0.03446421193025645 0.010119605680965819 -0.03780639855305427 -0.011100960217763453 -0.024532595366441826 -0.028312124311216907 -0.004576731211422091 -0.0318318647707845 0.017162518152642036 -0.037580672686052016 0.03414516156984609 -0.021943762900047827
boundary C 0.0 0.0 0.00625
transform R 0.0 0.0 0.0 1.0166474501985852 -0.7795230794743091 0.2447967306824217 -0.15525585799021735
transform T 0.625 -1.25 0.9375
end
case corpus_107_alternate 3.125e-11
op 1107
frame -0.12801016871482773 -0.09748241678496326 -0.18302184523031945 -0.7209106984334561 -0.942335531680909 0.8310450733852686 1.0 0.0 0.0
offsets 0.042630171735376685 -0.04632763014803662
boundary P 11 -0.024532595366441826 -0.028312124311216907 -0.03780639855305427 -0.011100960217763453 -0.03446421193025645 0.010119605680965819 -0.02005311192394934 0.0231425248383716 -0.004044818878544036 0.028132333234427247 0.01725541549078013 0.037784089482289174 0.023785165106181734 0.015285797449248842 0.0386936564137246 0.0 0.03414516156984609 -0.021943762900047827 0.017162518152642036 -0.037580672686052016 -0.004576731211422091 -0.0318318647707845
boundary C 0.0 0.0 0.00625
end
case corpus_108 6.25e-11
op 1108
frame 0.3720369811176306 -0.04333580060837797 0.5914975200391736 -0.5956625077955597 0.7124493598107922 1.017107784931377 1.0 0.0 0.0
offsets -0.05998840832824873 0.0828029349768403
boundary P 12 0.08657204902777302 0.0 0.06699281561366748 0.03867832012832187 0.0426498271108817 0.07387166749007563 3.264704519314873e-18 0.05331667092238983 -0.04085239393167561 0.07075842190048069 -0.044568680960721176 0.025731739950098913 -0.055373190307207755 6.781260026829922e-18 -0.044982118029468866 -0.02597043795303335 -0.0413274488519304 -0.07158124115874744 -1.1860729765582278e-17 -0.064566805568431 0.03231780690792586 -0.055976083553728004 0.05150517867726501 -0.02973652877397876
transform R 0.0 0.0 0.0 0.9019134698843394 -0.9116024430717393 -0.2986229933956528 2.739212727270487
transform T 1.25 -2.5 1.875
end
case corpus_108_alternate 6.25e-11
op 1108
frame 0.3720369811176306 -0.04333580060837797 0.5914975200391736 -0.5956625077955597 0.7124493598107922 1.017107784931377 1.0 0.0 0.0
offsets 0.0828029349768403 -0.05998840832824873
boundary P 12 -1.1860729765582278e-17 -0.064566805568431 -0.0413274488519304 -0.07158124115874744 -0.044982118029468866 -0.02597043795303335 -0.055373190307207755 6.781260026829922e-18 -0.044568680960721176 0.025731739950098913 -0.04085239393167561 0.07075842190048069 3.264704519314873e-18 0.05331667092238983 0.0426498271108817 0.07387166749007563 0.06699281561366748 0.03867832012832187 0.08657204902777302 0.0 0.05150517867726501 -0.02973652877397876 0.03231780690792586 -0.055976083553728004
end
case corpus_109 1.25e-10
op 1109
frame 0.21883132914098158 -0.9429739386603739 -0.13258341813040808 -0.3593928619790041 0.849000841742009 0.8227503400989914 1.0 0.0 0.0
offsets -0.17043120982333837 0.14949504225476218
boundary P 13 0.11371828736441231 0.0 0.15253747689262137 0.08005784371369258 0.06241741833026319 0.0904272418454659 0.019981784185485008 0.16456479836034926 -0.051223888548843625 0.13506629366033274 -0.12342969159083722 0.10934916484973137 -0.11000156786350569 0.02711295137716393 -0.15656931782328154 -0.03859087087345688 -0.08306116962152181 -0.07358577512827176 -0.03775502899227755 -0.0995518297710424 0.012175115948288117 -0.10027110104108408 0.08361479612957937 -0.12113694532288641 0.13319348110251242 -0.06990533153563264
boundary C 0.0 0.0 0.025
transform R 0.0 0.0 0.0 0.36843340020061416 -0.6813776329436889 0.9699853794253113 -0.9482415944644687
transform T 2.5 -5.0 3.75
end
case corpus_109_alternate 1.25e-10
op 1109
frame 0.21883132914098158 -0.9429739386603739 -0.13258341813040808 -0.3593928619790041 0.849000841742009 0.8227503400989914 1.0 0.0 0.0
offsets 0.14949504225476218 -0.17043120982333837
boundary P 13 0.15253747689262137 0.08005784371369258 0.11371828736441231 0.0 0.13319348110251242 -0.06990533153563264 0.08361479612957937 -0.12113694532288641 0.012175115948288117 -0.10027110104108408 -0.03775502899227755 -0.0995518297710424 -0.08306116962152181 -0.07358577512827176 -0.15656931782328154 -0.03859087087345688 -0.11000156786350569 0.02711295137716393 -0.12342969159083722 0.10934916484973137 -0.051223888548843625 0.13506629366033274 0.019981784185485008 0.16456479836034926 0.06241741833026319 0.0904272418454659
boundary C 0.0 0.0 0.025
end
case corpus_110 2.5e-10
op 1110
frame 1.5394447947993128 0.08004480577976036 -0.7821326656397015 0.30241191875833384 -0.7944426675823291 1.2502569006289732 1.0 0.0 0.0
offsets -0.13281668218547163 0.14385727478511048
boundary P 14 0.2644642918137243 0.0 0.24215335049469075 0.11661490745744658 0.17556647380792137 0.2201533947784313 0.06634431905931527 0.2906734540235268 -0.07218086597301344 0.3162450368663355 -0.17833116751352387 0.22362021103104263 -0.21559992434926753 0.10382745138343055 -0.29603546095023114 3.6253887968681184e-17 -0.24724020706793887 -0.11906460847263708 -0.2181805677965101 -0.27358977846555216 -0.06105485442542005 -0.26749879526043036 0.05864537001365295 -0.25694215429531747 0.15649680300543414 -0.1962407839398279 0.28823749223074263 -0.13880786044705765
transform R 0.0 0.0 0.0 0.6016192835550798 0.7477157756456512 0.5460096638708634 3.377671101841841
transform T 5.0 -10.0 7.5
end
case corpus_110_alternate 2.5e-10
op 1110
frame 1.5394447947993128 0.08004480577976036 -0.7821326656397015 0.30241191875833384 -0.7944426675823291 1.2502569006289732 1.0 0.0 0.0
offsets 0.14385727478511048 -0.13281668218547163
boundary P 14 -0.21559992434926753 0.10382745138343055 -0.17833116751352387 0.22362021103104263 -0.07218086597301344 0.3162450368663355 0.06634431905931527 0.2906734540235268 0.17556647380792137 0.2201533947784313 0.24215335049469075 0.11661490745744658 0.2644642918137243 0.0 0.28823749223074263 -0.13880786044705765 0.15649680300543414 -0.1962407839398279 0.05864537001365295 -0.25694215429531747 -0.06105485442542005 -0.26749879526043036 -0.2181805677965101 -0.27358977846555216 -0.24724020706793887 -0.11906460847263708 -0.29603546095023114 3.6253887968681184e-17
end
case corpus_111 5e-10
op 1111
frame 4.290667163011834 -4.2802462358849445 -4.397861499282733 -0.7888326654438527 -0.047478498412939496 1.258156821975525 1.0 0.0 0.0
offsets -0.7147667750596396 0.41746446938996956
boundary P 15 0.6302314949959973 0.0 0.558687682158575 0.24874378222553564 0.3482359014799601 0.38675515029646945 0.19584916592977553 0.6027617537515746 -0.06683790223518599 0.6359201612212587 -0.30654550036683115 0.5309523814669757 -0.48156442279036055 0.3498770331315511 -0.44738006543614767 0.09509356846881703 -0.535655125117578 -0.11385701163591772 -0.33482367203662106 -0.2432636371175244 -0.29340896976939324 -0.5081992430370292 -0.06950679191949015 -0.6613129503658378 0.16308781813586878 -0.5019326929905954 0.43205955513389827 -0.47985074908324077 0.5352992487070927 -0.23833058074850597
boundary C 0.0 0.0 0.1
transform R 0.0 0.0 0.0 0.5209104289199136 0.06915784510864786 0.1752883874768345 4.50299933209876
transform T 10.0 -20.0 15.0
end
case corpus_111_alternate 5e-10
op 1111
frame 4.290667163011834 -4.2802462358849445 -4.397861499282733 -0.7888326654438527 -0.047478498412939496 1.258156821975525 1.0 0.0 0.0
offsets 0.41746446938996956 -0.7147667750596396
boundary P 15 0.43205955513389827 -0.47985074908324077 0.16308781813586878 -0.5019326929905954 -0.06950679191949015 -0.6613129503658378 -0.29340896976939324 -0.5081992430370292 -0.33482367203662106 -0.2432636371175244 -0.535655125117578 -0.11385701163591772 -0.44738006543614767 0.09509356846881703 -0.48156442279036055 0.3498770331315511 -0.30654550036683115 0.5309523814669757 -0.06683790223518599 0.6359201612212587 0.19584916592977553 0.6027617537515746 0.3482359014799601 0.38675515029646945 0.558687682158575 0.24874378222553564 0.6302314949959973 0.0 0.5352992487070927 -0.23833058074850597
boundary C 0.0 0.0 0.1
end
case corpus_112 1e-09
op 1112
frame -4.856701567766648 -9.917492816918367 8.009846875881006 -0.29318054076050615 0.22679129768487627 1.4007730428447922 1.0 0.0 0.0
offsets -1.0088170020691418 1.164178288679289
boundary P 16 0.8186931997954143 0.0 1.149169046950445 0.47600140470623836 0.9668957793250306 0.9668957793250305 0.4919101224037868 1.1875760889758311 8.125626766835815e-17 1.3270155562392671 -0.47652905271640855 1.1504429019327571 -0.8960787026175809 0.8960787026175812 -0.7885384072658869 0.32662330274160956 -0.8612257267063411 1.0546973295542739e-16 -0.7486789302665944 -0.310112966779404 -0.9761793325977639 -0.9761793325977636 -0.3398101752708772 -0.8203743337713288 -1.5430952780628575e-16 -0.840021944361003 0.46688975520106313 -1.12717157913946 0.6252599989343083 -0.6252599989343086 1.0521208783401828 -0.43580273706439765
transform R 0.0 0.0 0.0 0.4409149502228841 0.7552256327981297 0.053599465548441305 -2.493770541205598
transform T 20.0 -40.0 30.0
end
case corpus_112_alternate 1e-09
op 1112
frame -4.856701567766648 -9.917492816918367 8.009846875881006 -0.29318054076050615 0.22679129768487627 1.4007730428447922 1.0 0.0 0.0
offsets 1.164178288679289 -1.0088170020691418
boundary P 16 -0.7885384072658869 0.32662330274160956 -0.8960787026175809 0.8960787026175812 -0.47652905271640855 1.1504429019327571 8.125626766835815e-17 1.3270155562392671 0.4919101224037868 1.1875760889758311 0.9668957793250306 0.9668957793250305 1.149169046950445 0.47600140470623836 0.8186931997954143 0.0 1.0521208783401828 -0.43580273706439765 0.6252599989343083 -0.6252599989343086 0.46688975520106313 -1.12717157913946 -1.5430952780628575e-16 -0.840021944361003 -0.3398101752708772 -0.8203743337713288 -0.9761793325977639 -0.9761793325977636 -0.7486789302665944 -0.310112966779404 -0.8612257267063411 1.0546973295542739e-16
end
case corpus_113 2e-09
op 1113
frame -7.243908838993436 -2.118570333974885 -8.475823215596257 -0.941683355085684 -0.5207153166565834 1.2445663474831208 1.0 0.0 0.0
offsets -1.1139999525726376 1.6045371148434753
boundary P 17 2.3778266666051997 0.0 1.7342231486220072 0.6718416270141611 1.770528565069794 1.614050051960544 0.9314677995547913 1.87063951404429 0.1962098841417164 2.117441867431294 -0.6467738799789199 2.2731743994109226 -1.0649616833214102 1.4102371791803334 -2.046623369529082 1.2672155402889624 -1.6593776025231421 0.3101914329469391 -1.9762332850925142 -0.36942202522691564 -1.5277628867226616 -0.9459507307283151 -0.994724888899915 -1.317228632120948 -0.6301681037834312 -2.21481114990684 0.25200579876441115 -2.7195756802639908 1.08669639240058 -2.1823805528924587 1.7320613683323145 -1.5789825686576393 1.5966523268488022 -0.6185464067287986
boundary C 0.0 0.0 0.4
transform R 0.0 0.0 0.0 0.6052128848218072 0.5143468029667948 0.08169874298761926 -3.286262945462501
transform T 40.0 -80.0 60.0
end
case corpus_113_alternate 2e-09
op 1113
frame -7.243908838993436 -2.118570333974885 -8.475823215596257 -0.941683355085684 -0.5207153166565834 1.2445663474831208 1.0 0.0 0.0
offsets 1.6045371148434753 -1.1139999525726376
boundary P 17 1.7342231486220072 0.6718416270141611 2.3778266666051997 0.0 1.5966523268488022 -0.6185464067287986 1.7320613683323145 -1.5789825686576393 1.08669639240058 -2.1823805528924587 0.25200579876441115 -2.7195756802639908 -0.6301681037834312 -2.21481114990684 -0.994724888899915 -1.317228632120948 -1.5277628867226616 -0.9459507307283151 -1.9762332850925142 -0.36942202522691564 -1.6593776025231421 0.3101914329469391 -2.046623369529082 1.2672155402889624 -1.0649616833214102 1.4102371791803334 -0.6467738799789199 2.2731743994109226 0.1962098841417164 2.117441867431294 0.9314677995547913 1.87063951404429 1.770528565069794 1.614050051960544
boundary C 0.0 0.0 0.4
end
case corpus_114 4e-09
op 1114
frame 0.27763303893620694 21.212656330085196 -20.561765215761703 -0.5935322075154434 0.05665045993224327 0.9947336668246247 1.0 0.0 0.0
offsets -3.4892813015796644 5.390580617249275
boundary P 18 3.2785825351300053 0.0 4.924805088948088 1.792482461939821 3.1118777202495447 2.6111754473301874 2.03645796006022 3.527248654302372 0.9616171214257039 5.453601698174707 -0.7453210352874752 4.226925637204508 -2.6522484282697474 4.593829032057904 -4.157396773411573 3.4884700992272664 -4.521111863760683 1.6455501441966836 -4.566696352752009 5.59259007107564e-16 -4.360386655460479 -1.5870509524791727 -4.142894016109968 -3.4763008409244307 -2.5259024325495356 -4.37499134813761 -0.7107905127957995 -4.0310933127755675 0.9432921221388519 -5.349675462874691 1.9392639239473843 -3.358903645562263 3.823769656491943 -3.2085237084692664 4.328626999874143 -1.5754913831952002
transform R 0.0 0.0 0.0 0.9605252432019107 0.32566191671879086 -0.4462321028598 -1.5742350835999097
transform T 80.0 -160.0 120.0
end
case corpus_114_alternate 4e-09
op 1114
frame 0.27763303893620694 21.212656330085196 -20.561765215761703 -0.5935322075154434 0.05665045993224327 0.9947336668246247 1.0 0.0 0.0
offsets 5.390580617249275 -3.4892813015796644
boundary P 18 -2.5259024325495356 -4.37499134813761 -4.142894016109968 -3.4763008409244307 -4.360386655460479 -1.5870509524791727 -4.566696352752009 5.59259007107564e-16 -4.521111863760683 1.6455501441966836 -4.157396773411573 3.4884700992272664 -2.6522484282697474 4.593829032057904 -0.7453210352874752 4.226925637204508 0.9616171214257039 5.453601698174707 2.03645796006022 3.527248654302372 3.1118777202495447 2.6111754473301874 4.924805088948088 1.792482461939821 3.2785825351300053 0.0 4.328626999874143 -1.5754913831952002 3.823769656491943 -3.2085237084692664 1.9392639239473843 -3.358903645562263 0.9432921221388519 -5.349675462874691 -0.7107905127957995 -4.0310933127755675
end
case corpus_115 8e-09
op 1115
frame 5.334144791509665 -4.047895983699217 -14.304812183553715 0.38151685989374173 -0.09434709502848437 0.5237343815711355 1.0 0.0 0.0
offsets -6.751420034067792 11.840224409392086
boundary P 19 9.868252832232077 0.0 7.299765139911967 2.5060125378835933 8.727977436775161 6.793257517392358 5.527349153784528 8.460237696175586 2.745571262287066 10.842015724904817 -0.7288038621976007 8.795354617491444 -4.222882743458589 9.627202952068078 -7.248631342902845 7.874112661632074 -8.42906654704758 4.561582700222496 -7.799594390976242 1.3015221082882384 -9.410889073162245 -1.5703996353374166 -6.408937854405939 -3.468343722318716 -6.53377263053976 -7.097569094713409 -3.8242964458239275 -8.71851772106413 -0.6588986939547797 -7.951724697039208 2.4453228666177864 -9.656361623720771 4.262500514726309 -6.524242730344654 5.680846011868878 -4.421579931299123 9.154621189550328 -3.1427854240341526
boundary C 0.0 0.0 1.6
transform R 0.0 0.0 0.0 0.945995683292538 -0.7512922857230429 -0.8476419394457857 -6.13591515892554
transform T 160.0 -320.0 240.0
end
case corpus_115_alternate 8e-09
op 1115
frame 5.334144791509665 -4.047895983699217 -14.304812183553715 0.38151685989374173 -0.09434709502848437 0.5237343815711355 1.0 0.0 0.0
offsets 11.840224409392086 -6.751420034067792
boundary P 19 -7.248631342902845 7.874112661632074 -4.222882743458589 9.627202952068078 -0.7288038621976007 8.795354617491444 2.745571262287066 10.842015724904817 5.527349153784528 8.460237696175586 8.727977436775161 6.793257517392358 7.299765139911967 2.5060125378835933 9.868252832232077 0.0 9.154621189550328 -3.1427854240341526 5.680846011868878 -4.421579931299123 4.262500514726309 -6.524242730344654 2.4453228666177864 -9.656361623720771 -0.6588986939547797 -7.951724697039208 -3.8242964458239275 -8.71851772106413 -6.53377263053976 -7.097569094713409 -6.408937854405939 -3.468343722318716 -9.410889073162245 -1.5703996353374166 -7.799594390976242 1.3015221082882384 -8.42906654704758 4.561582700222496
boundary C 0.0 0.0 1.6
end
case corpus_116 1.6e-08
op 1116
frame -54.21303307752378 60.55163467382144 14.848007168719235 -0.07738242167618248 0.23153872591081615 0.8210423315698158 1.0 0.0 0.0
offsets -16.33064081407644 9.390768298030364
boundary P 20 16.976944719556883 0.0 20.886002958109817 6.786273736668624 13.209251350244465 9.59708286906484 8.791859488448551 12.100956447223526 4.067633890000405 12.518889858510379 1.0769277378006327e-15 17.587564652117358 -6.066681419624496 18.671325530465314 -10.84375701739817 14.92515110872926 -17.20999490415904 12.50379320462709 -15.28479276452387 4.966330222032022 -21.3782317734196 2.6180783112748557e-15 -18.405938124040684 -5.980451824144958 -15.316770740030861 -11.12828533434056 -9.712530289547395 -13.368151092561682 -6.52302324452473 -20.075801252285256 -3.340852098781348e-15 -18.186751756274433 4.532546250040077 -13.949742975233784 9.524604467923579 -13.109493389288984 12.138921816708393 -8.81944294397075 15.880603914240332 -5.159920999810075
transform R 0.0 0.0 0.0 0.7476666787044342 0.3232872854748059 -0.7836519058242848 -0.9185456199989035
transform T 320.0 -640.0 480.0
end
case corpus_116_alternate 1.6e-08
op 1116
frame -54.21303307752378 60.55163467382144 14.848007168719235 -0.07738242167618248 0.23153872591081615 0.8210423315698158 1.0 0.0 0.0
offsets 9.390768298030364 -16.33064081407644
boundary P 20 13.209251350244465 9.59708286906484 20.886002958109817 6.786273736668624 16.976944719556883 0.0 15.880603914240332 -5.159920999810075 12.138921816708393 -8.81944294397075 9.524604467923579 -13.109493389288984 4.532546250040077 -13.949742975233784 -3.340852098781348e-15 -18.186751756274433 -6.52302324452473 -20.075801252285256 -9.712530289547395 -13.368151092561682 -15.316770740030861 -11.12828533434056 -18.405938124040684 -5.980451824144958 -21.3782317734196 2.6180783112748557e-15 -15.28479276452387 4.966330222032022 -17.20999490415904 12.50379320462709 -10.84375701739817 14.92515110872926 -6.066681419624496 18.671325530465314 1.0769277378006327e-15 17.587564652117358 4.067633890000405 12.518889858510379 8.791859488448551 12.100956447223526
end
case corpus_117 3.2e-08
op 1117
frame -191.83744811969376 -86.15825102557721 -199.69441780778305 -0.5521412921004285 0.27359838750198695 1.0460914220128794 1.0 0.0 0.0
offsets -39.37662406561044 27.88706542733513
boundary P 8 41.05585599723519 0.0 26.216174812960954 26.21617481296095 2.3749420687679203e-15 38.785747375021884 -22.585386435671047 22.58538643567105 -42.50556848562775 5.205430839186263e-15 -30.441023289277535 -30.441023289277524 -6.399927103749284e-15 -34.83958045811066 18.977017716950066 -18.977017716950076
boundary C 0.0 0.0 6.4
transform R 0.0 0.0 0.0 0.7287396317974897 -0.21096317454326563 -0.1834382196630311 -5.5509795230875545
transform T 640.0 -1280.0 960.0
end
case corpus_117_alternate 3.2e-08
op 1117
frame -191.83744811969376 -86.15825102557721 -199.69441780778305 -0.5521412921004285 0.27359838750198695 1.0460914220128794 1.0 0.0 0.0
offsets 27.88706542733513 -39.37662406561044
boundary P 8 -30.441023289277535 -30.441023289277524 -42.50556848562775 5.205430839186263e-15 -22.585386435671047 22.58538643567105 2.3749420687679203e-15 38.785747375021884 26.216174812960954 26.21617481296095 41.05585599723519 0.0 18.977017716950066 -18.977017716950076 -6.399927103749284e-15 -34.83958045811066
boundary C 0.0 0.0 6.4
end
case corpus_118 6.4e-08
op 1118
frame 353.57677864161576 -484.4090329993678 436.27088500156816 -0.5241629235729253 0.21304037681424504 1.2340859484097941 1.0 0.0 0.0
offsets -69.87334001653849 50.933284172584194
boundary P 9 78.03620711459398 0.0 66.21460235716647 55.56064841644863 11.210665156937322 63.57884149036033 -44.18752517906434 76.53503867086853 -48.28292872657874 17.573548879671225 -68.67820560332234 -24.996822582423636 -31.74263250951874 -54.97985227247396 13.406521006562226 -76.03215884883944 53.71339270334985 -45.07088800666129
transform R 0.0 0.0 0.0 1.031511934372457 0.9310198775951892 0.7480726362373207 -5.520021871456742
transform T 1280.0 -2560.0 1920.0
end
case corpus_118_alternate 6.4e-08
op 1118
frame 353.57677864161576 -484.4090329993678 436.27088500156816 -0.5241629235729253 0.21304037681424504 1.2340859484097941 1.0 0.0 0.0
offsets 50.933284172584194 -69.87334001653849
boundary P 9 -31.74263250951874 -54.97985227247396 -68.67820560332234 -24.996822582423636 -48.28292872657874 17.573548879671225 -44.18752517906434 76.53503867086853 11.210665156937322 63.57884149036033 66.21460235716647 55.56064841644863 78.03620711459398 0.0 53.71339270334985 -45.07088800666129 13.406521006562226 -76.03215884883944
end
case corpus_119 1.28e-07
op 1119
frame 786.385763283426 -642.7708269265136 340.4452177134874 0.7587962122677041 -0.14751342245726695 1.328555538422306 1.0 0.0 0.0
offsets -78.69031034146079 144.80231341148323
boundary P 10 141.83067653837185 0.0 143.18301042244622 104.02854635974202 39.06667143054551 120.23485151402471 -35.99376504532089 110.77741812093824 -128.05098101027966 93.03448345677506 -108.24523916828548 1.3256218567038052e-14 -89.88040394629435 -65.3019359012837 -36.20477173929164 -111.42682994920568 40.6023879937883 -124.9613010984845 86.86763406110722 -63.113030452601464
boundary C 0.0 0.0 25.6
transform R 0.0 0.0 0.0 0.8848648188583341 0.9113799370013087 -0.849984319021502 5.4211547184892135
transform T 2560.0 -5120.0 3840.0
end
case corpus_119_alternate 1.28e-07
op 1119
frame 786.385763283426 -642.7708269265136 340.4452177134874 0.7587962122677041 -0.14751342245726695 1.328555538422306 1.0 0.0 0.0
offsets 144.80231341148323 -78.69031034146079
boundary P 10 39.06667143054551 120.23485151402471 143.18301042244622 104.02854635974202 141.83067653837185 0.0 86.86763406110722 -63.113030452601464 40.6023879937883 -124.9613010984845 -36.20477173929164 -111.42682994920568 -89.88040394629435 -65.3019359012837 -108.24523916828548 1.3256218567038052e-14 -128.05098101027966 93.03448345677506 -35.99376504532089 110.77741812093824
boundary C 0.0 0.0 25.6
end
case corpus_120 2.56e-07
op 1120
frame 1177.599303101444 -307.2934334002508 970.8288440791046 -0.3115811414807612 -0.4663986846761974 0.6416260497352304 1.0 0.0 0.0
offsets -182.4713779677824 379.42628255073976
boundary P 11 332.53698207385406 0.0 236.66445634092904 152.09501077307328 91.41852869970101 200.1786552502514 -50.25585797180222 349.5371698704346 -171.74776312468256 198.20748465981433 -258.68476937940693 75.95670160944545 -254.4290604778625 -74.70711272971829 -143.79640961384206 -165.94990312613797 -39.61694137336084 -275.54187960211766 135.00155241844033 -295.6121653258256 284.4799041744589 -182.8241332015109
transform R 0.0 0.0 0.0 0.9442140741959304 -0.44710508447017405 0.36194695565816115 -2.751115014272052
transform T 5120.0 -10240.0 7680.0
end
case corpus_120_alternate 2.56e-07
op 1120
frame 1177.599303101444 -307.2934334002508 970.8288440791046 -0.3115811414807612 -0.4663986846761974 0.6416260497352304 1.0 0.0 0.0
offsets 379.42628255073976 -182.4713779677824
boundary P 11 332.53698207385406 0.0 284.4799041744589 -182.8241332015109 135.00155241844033 -295.6121653258256 -39.61694137336084 -275.54187960211766 -143.79640961384206 -165.94990312613797 -254.4290604778625 -74.70711272971829 -258.68476937940693 75.95670160944545 -171.74776312468256 198.20748465981433 -50.25585797180222 349.5371698704346 91.41852869970101 200.1786552502514 236.66445634092904 152.09501077307328
end
case corpus_121 5.12e-07
op 1121
frame 315.1470867210105 1829.736823109614 2534.8417678355245 -0.29488770610908066 -0.30993275696214995 0.894656159248152 1.0 0.0 0.0
offsets -587.183285711515 738.5270169158475
boundary P 12 628.5670521086319 0.0 407.4506499119303 235.2417424081409 282.07369172551086 488.56596554710546 2.6679779998535014e-14 435.71387304666973 -306.1237774401 530.2219359311607 -448.8521372038729 259.1449022409948 -422.4967648115001 5.174093106765157e-14 -383.0375082856619 -221.14680851845023 -231.25683365944465 -400.54858549566217 -1.1925740790578767e-13 -649.2070910503575 349.8495281669336 -605.9571577891279 605.5696449256448 -349.6257975108875
boundary C 0.0 0.0 102.4
transform R 0.0 0.0 0.0 0.42482073809224014 -0.9619489248025248 0.2902486672659481 3.888066266055328
transform T 10240.0 -20480.0 15360.0
end
case corpus_121_alternate 5.12e-07
op 1121
frame 315.1470867210105 1829.736823109614 2534.8417678355245 -0.29488770610908066 -0.30993275696214995 0.894656159248152 1.0 0.0 0.0
offsets 738.5270169158475 -587.183285711515
boundary P 12 628.5670521086319 0.0 605.5696449256448 -349.6257975108875 349.8495281669336 -605.9571577891279 -1.1925740790578767e-13 -649.2070910503575 -231.25683365944465 -400.54858549566217 -383.0375082856619 -221.14680851845023 -422.4967648115001 5.174093106765157e-14 -448.8521372038729 259.1449022409948 -306.1237774401 530.2219359311607 2.6679779998535014e-14 435.71387304666973 282.07369172551086 488.56596554710546 407.4506499119303 235.2417424081409
boundary C 0.0 0.0 102.4
end
case corpus_122 1.024e-06
op 1122
frame -5773.4227409656205 -7951.786476441914 5140.3280555200145 -0.197774789447551 0.14614048366687848 1.012422944133828 1.0 0.0 0.0
offsets -691.5224025916054 571.7463971103252
boundary P 13 822.7395167356863 0.0 811.1295729351901 425.7136403751598 705.5927411843071 1022.2275633682 154.45757378974977 1272.0725661927158 -434.5081479893033 1145.7038264123628 -838.7492694864692 743.0670121149054 -840.684141661424 207.21003072157995 -976.1326887477727 -240.59509915820908 -703.6348199535281 -623.3660550345337 -407.9254102613198 -1075.6109076203834 139.44847554278394 -1148.4615210700858 492.5975565395961 -713.650765592373 1125.8864906168023 -590.9108144525619
transform R 0.0 0.0 0.0 1.2104069869984668 0.7592185971627425 0.11684343747098458 0.5504502823124862
transform T 20480.0 -40960.0 30720.0
end
case corpus_122_alternate 1.024e-06
op 1122
frame -5773.4227409656205 -7951.786476441914 5140.3280555200145 -0.197774789447551 0.14614048366687848 1.012422944133828 1.0 0.0 0.0
offsets 571.7463971103252 -691.5224025916054
boundary P 13 705.5927411843071 1022.2275633682 811.1295729351901 425.7136403751598 822.7395167356863 0.0 1125.8864906168023 -590.9108144525619 492.5975565395961 -713.650765592373 139.44847554278394 -1148.4615210700858 -407.9254102613198 -1075.6109076203834 -703.6348199535281 -623.3660550345337 -976.1326887477727 -240.59509915820908 -840.684141661424 207.21003072157995 -838.7492694864692 743.0670121149054 -434.5081479893033 1145.7038264123628 154.45757378974977 1272.0725661927158
end
case corpus_123 2.048e-06
op 1123
frame -2906.8657278181354 -3671.0204527511814 -6784.205809649288 0.8995475762247571 -0.9104249692813966 1.3281571327582709 1.0 0.0 0.0
offsets -1128.4081113377918 3013.697825882643
boundary P 14 1745.0120124139803 0.0 2402.650976494506 1157.055728132878 1079.171764772396 1353.2385905500496 468.8176915202931 2054.0245138352366 -534.6042526049273 2342.2542705036867 -1208.7679764411102 1515.7470998939582 -1667.3467210682632 802.951861618432 -1956.6648931343736 2.3962233983810085e-13 -2098.2606752251104 -1010.46908483036 -1160.8011232890317 -1455.5985685187593 -384.4873256263206 -1684.549039807787 411.28229647554446 -1801.9454776284977 1281.8013999305472 -1607.328116273436 2223.186966807012 -1070.630416077951
boundary C 0.0 0.0 409.6
transform R 0.0 0.0 0.0 0.6144990469502167 -0.3639497966180434 0.45113406916618826 -2.1546157711982277
transform T 40960.0 -81920.0 61440.0
end
case corpus_123_alternate 2.048e-06
op 1123
frame -2906.8657278181354 -3671.0204527511814 -6784.205809649288 0.8995475762247571 -0.9104249692813966 1.3281571327582709 1.0 0.0 0.0
offsets 3013.697825882643 -1128.4081113377918
boundary P 14 -1667.3467210682632 802.951861618432 -1208.7679764411102 1515.7470998939582 -534.6042526049273 2342.2542705036867 468.8176915202931 2054.0245138352366 1079.171764772396 1353.2385905500496 2402.650976494506 1157.055728132878 1745.0120124139803 0.0 2223.186966807012 -1070.630416077951 1281.8013999305472 -1607.328116273436 411.28229647554446 -1801.9454776284977 -384.4873256263206 -1684.549039807787 -1160.8011232890317 -1455.5985685187593 -2098.2606752251104 -1010.46908483036 -1956.6648931343736 2.3962233983810085e-13
boundary C 0.0 0.0 409.6
end
case corpus_124 4.096e-06
op 1124
frame 14619.268035796267 29965.22410437373 -40827.53211121471 -0.22070691342308124 0.29959818446223085 1.2817746848045233 1.0 0.0 0.0
offsets -5129.654550879393 2136.837226904496
boundary P 15 4175.808883085524 0.0 4804.623538682323 2139.156221529977 2327.3944856474614 2584.833442704523 1338.0288259532404 4118.02928990222 -521.6508990573557 4963.176771504565 -1680.8512012050908 2911.3196804503964 -4328.813341219314 3145.0669881928143 -3214.5553471132207 683.2748318803706 -4854.38836084527 -1031.8320989922438 -3468.6796350071463 -2520.1432708588036 -2581.821535167914 -4471.846074986299 -353.7287168323811 -3365.503929867748 1314.4749693025587 -4045.5379730514346 2433.5177000774124 -2702.695212764327 3715.0447250429092 -1654.0444787932663
transform R 0.0 0.0 0.0 0.7180003037545795 -0.7123144110847104 -0.2707878442817535 -4.993542705059549
transform T 81920.0 -163840.0 122880.0
end
case corpus_124_alternate 4.096e-06
op 1124
frame 14619.268035796267 29965.22410437373 -40827.53211121471 -0.22070691342308124 0.29959818446223085 1.2817746848045233 1.0 0.0 0.0
offsets 2136.837226904496 -5129.654550879393
boundary P 15 1314.4749693025587 -4045.5379730514346 -353.7287168323811 -3365.503929867748 -2581.821535167914 -4471.846074986299 -3468.6796350071463 -2520.1432708588036 -4854.38836084527 -1031.8320989922438 -3214.5553471132207 683.2748318803706 -4328.813341219314 3145.0669881928143 -1680.8512012050908 2911.3196804503964 -521.6508990573557 4963.176771504565 1338.0288259532404 4118.02928990222 2327.3944856474614 2584.833442704523 4804.623538682323 2139.156221529977 4175.808883085524 0.0 3715.0447250429092 -1654.0444787932663 2433.5177000774124 -2702.695212764327
end
case corpus_125 2.44140625e-13
op 1125
frame 0.0016971916137822783 0.0013746990239011563 0.00087960674072579 -0.22481876484698815 0.09077327893522003 0.8771222812399562 1.0 0.0 0.0
offsets -0.0002797792942545831 0.0003585714137932082
boundary P 16 0.0002547898453944338 0.0 0.0002885181089415254 0.00011950811371381797 0.00014686994421780073 0.0001468699442178007 0.00011688347655944945 0.00028218167432714057 1.6515667058832774e-20 0.00026972131181548224 -0.00013025728393202486 0.00031446890146657753 -0.00023798889829820878 0.0002379888982982088 -0.00021248563164385977 8.801443043630044e-05 -0.00026713087757598375 3.2714097417685195e-20 -0.00030824311582399827 -0.00012767847908244084 -0.00022768976105125573 -0.00022768976105125565 -8.145281402972997e-05 -0.00019664448832402726 -4.102335278781799e-20 -0.00022332073114947673 9.247976988586557e-05 -0.00022326591470359943 0.00015624609170177404 -0.00015624609170177413 0.00026549408601680784 -0.0001099712511580111
boundary C 0.0 0.0 4.8828125e-05
transform R 0.0 0.0 0.0 0.9344225406611935 -0.6076837683000103 -0.45535897258871705 3.802021661261014
transform T 0.0048828125 -0.009765625 0.00732421875
end
case corpus_125_alternate 2.44140625e-13
op 1125
frame 0.0016971916137822783 0.0013746990239011563 0.00087960674072579 -0.22481876484698815 0.09077327893522003 0.8771222812399562 1.0 0.0 0.0
offsets 0.0003585714137932082 -0.0002797792942545831
boundary P 16 -0.00013025728393202486 0.00031446890146657753 1.6515667058832774e-20 0.00026972131181548224 0.00011688347655944945 0.00028218167432714057 0.00014686994421780073 0.0001468699442178007 0.0002885181089415254 0.00011950811371381797 0.0002547898453944338 0.0 0.00026549408601680784 -0.0001099712511580111 0.00015624609170177404 -0.00015624609170177413 9.247976988586557e-05 -0.00022326591470359943 -4.102335278781799e-20 -0.00022332073114947673 -8.145281402972997e-05 -0.00019664448832402726 -0.00022768976105125573 -0.00022768976105125565 -0.00030824311582399827 -0.00012767847908244084 -0.00026713087757598375 3.2714097417685195e-20 -0.00021248563164385977 8.801443043630044e-05 -0.00023798889829820878 0.0002379888982982088
boundary C 0.0 0.0 4.8828125e-05
end
case corpus_126 4.8828125e-13
op 1126
frame 0.0018474739763939567 -0.0021996076222913436 0.0013380317815286165 -0.36187902081963474 0.651749894766094 1.1977741464593268 1.0 0.0 0.0
offsets -0.0007230376618533188 0.0005664337342977744
boundary P 17 0.0004571978661651502 0.0 0.0004932480303042714 0.0001910853049473282 0.0004537326222090644 0.0004136319384510271 0.0002810476387170644 0.0005644197454429119 6.208966745252194e-05 0.0006700542226705482 -0.00015801022914996686 0.0005553483510503933 -0.00031211193623172925 0.0004133029980639277 -0.0004297080417361548 0.0002660639550893469 -0.00045727193266573076 8.547893850340258e-05 -0.0006697123181363273 -0.00012519092900196372 -0.0005203314062837391 -0.00032217556681905866 -0.00034650499554415403 -0.00045884676898802815 -0.00015117341465300697 -0.0005313194405314381 4.6764100659196745e-05 -0.0005046650175739097 0.0002217046324696435 -0.00044524292320422513 0.00045156401069807974 -0.0004116549878437106 0.0004692342339772521 -0.0001817823106885151
transform R 0.0 0.0 0.0 0.7892891249432639 0.9855889134226046 -0.2796270148807416 2.885476578914184
transform T 0.009765625 -0.01953125 0.0146484375
end
case corpus_126_alternate 4.8828125e-13
op 1126
frame 0.0018474739763939567 -0.0021996076222913436 0.0013380317815286165 -0.36187902081963474 0.651749894766094 1.1977741464593268 1.0 0.0 0.0
offsets 0.0005664337342977744 -0.0007230376618533188
boundary P 17 0.0002217046324696435 -0.00044524292320422513 4.6764100659196745e-05 -0.0005046650175739097 -0.00015117341465300697 -0.0005313194405314381 -0.00034650499554415403 -0.00045884676898802815 -0.0005203314062837391 -0.00032217556681905866 -0.0006697123181363273 -0.00012519092900196372 -0.00045727193266573076 8.547893850340258e-05 -0.0004297080417361548 0.0002660639550893469 -0.00031211193623172925 0.0004133029980639277 -0.00015801022914996686 0.0005553483510503933 6.208966745252194e-05 0.0006700542226705482 0.0002810476387170644 0.0005644197454429119 0.0004537326222090644 0.0004136319384510271 0.0004932480303042714 0.0001910853049473282 0.0004571978661651502 0.0 0.0004692342339772521 -0.0001817823106885151 0.00045156401069807974 -0.0004116549878437106
end
case corpus_127 9.765625e-13
op 1127
frame 0.0034048423629201314 -0.00145304496092686 -0.00039495688912620595 -0.39078265463223305 -0.5535356174352306 0.508552296363494 1.0 0.0 0.0
offsets -0.0006780996579026958 0.001080020651115694
boundary P 18 0.0011986157091271482 0.0 0.001084016630188288 0.00039454978683809035 0.0010100370754088635 0.0008475217374509557 0.0006000415465833843 0.0010393024453346285 0.000208875610432895 0.001184592452009628 -0.00018748076247173198 0.0010632562397339998 -0.0006451752612653237 0.001117476332298066 -0.0007160142445943855 0.0006008072885568278 -0.0007489078180964813 0.00027258015399636695 -0.0008780266251623818 1.0752724960712638e-19 -0.0011003611443379153 -0.00040049870348209744 -0.0006214027295846396 -0.0005214188012070257 -0.0006594768357544109 -0.001142247385941394 -0.00020271023404934944 -0.0011496268650145263 0.00020877110741867154 -0.0011839997859649704 0.0006116101773428024 -0.0010593399015839471 0.0009103273161310454 -0.000763855315216164 0.0012695218864783543 -0.00046206817842759756
boundary C 0.0 0.0 0.0001953125
transform R 0.0 0.0 0.0 0.4619770446260468 -0.9914283570261302 -0.1661872648277538 0.47832063468387886
transform T 0.01953125 -0.0390625 0.029296875
end
case corpus_127_alternate 9.765625e-13
op 1127
frame 0.0034048423629201314 -0.00145304496092686 -0.00039495688912620595 -0.39078265463223305 -0.5535356174352306 0.508552296363494 1.0 0.0 0.0
offsets 0.001080020651115694 -0.0006780996579026958
boundary P 18 -0.0007489078180964813 0.00027258015399636695 -0.0007160142445943855 0.0006008072885568278 -0.0006451752612653237 0.001117476332298066 -0.00018748076247173198 0.0010632562397339998 0.000208875610432895 0.001184592452009628 0.0006000415465833843 0.0010393024453346285 0.0010100370754088635 0.0008475217374509557 0.001084016630188288 0.00039454978683809035 0.0011986157091271482 0.0 0.0012695218864783543 -0.00046206817842759756 0.0009103273161310454 -0.000763855315216164 0.0006116101773428024 -0.0010593399015839471 0.00020877110741867154 -0.0011839997859649704 -0.00020271023404934944 -0.0011496268650145263 -0.0006594768357544109 -0.001142247385941394 -0.0006214027295846396 -0.0005214188012070257 -0.0011003611443379153 -0.00040049870348209744 -0.0008780266251623818 1.0752724960712638e-19
boundary C 0.0 0.0 0.0001953125
end
case corpus_128 1.953125e-12
op 1128
frame -0.01748352512304419 0.0032587631175569776 -0.0006652114145800931 -0.6141692914896404 -0.5594759627521781 1.3802029173214934 1.0 0.0 0.0
offsets -0.0015912878228842321 0.002656070207474018
boundary P 19 0.0021546354921073395 0.0 0.001638626294069735 0.0005625411173014815 0.0018727517512393626 0.001457621196259313 0.0013743096261064605 0.0021035374790901265 0.0004537299542676347 0.0017917390696070346 -0.00014399606735660618 0.0017377741002999097 -0.0006282227958152108 0.0014322037152931352 -0.0011974702853567282 0.0013007994874904988 -0.001451198145768002 0.0007853491628499437 -0.0016230239623186355 0.00027083479772784446 -0.002347585439943714 -0.0003917427237905218 -0.0019623575773932067 -0.0010619748137856097 -0.0012797049491611104 -0.0013901301454941133 -0.0009882637263231363 -0.002253014360443183 -0.00017873225245718701 -0.002156977512720339 0.0005846183387245065 -0.002308605611000936 0.0013553996250159615 -0.0020745935677124617 0.0012659608112746325 -0.000985336850400139 0.0017671843400527815 -0.0006066751502332889
transform R 0.0 0.0 0.0 0.3781614155372542 -0.8756102174178428 0.31377712380625167 3.0210159539257178
transform T 0.0390625 -0.078125 0.05859375
end
case corpus_128_alternate 1.953125e-12
op 1128
frame -0.01748352512304419 0.0032587631175569776 -0.0006652114145800931 -0.6141692914896404 -0.5594759627521781 1.3802029173214934 1.0 0.0 0.0
offsets 0.002656070207474018 -0.0015912878228842321
boundary P 19 0.0018727517512393626 0.001457621196259313 0.001638626294069735 0.0005625411173014815 0.0021546354921073395 0.0 0.0017671843400527815 -0.0006066751502332889 0.0012659608112746325 -0.000985336850400139 0.0013553996250159615 -0.0020745935677124617 0.0005846183387245065 -0.002308605611000936 -0.00017873225245718701 -0.002156977512720339 -0.0009882637263231363 -0.002253014360443183 -0.0012797049491611104 -0.0013901301454941133 -0.0019623575773932067 -0.0010619748137856097 -0.002347585439943714 -0.0003917427237905218 -0.0016230239623186355 0.00027083479772784446 -0.001451198145768002 0.0007853491628499437 -0.0011974702853567282 0.0013007994874904988 -0.0006282227958152108 0.0014322037152931352 -0.00014399606735660618 0.0017377741002999097 0.0004537299542676347 0.0017917390696070346 0.0013743096261064605 0.0021035374790901265
end
case corpus_129 3.90625e-12
op 1129
frame 0.03681934086546729 -0.022428359487738844 -0.025866028803480413 0.4769233476543333 -0.3329126786819734 0.5933982644739696 1.0 0.0 0.0
offsets -0.003145967098081621 0.004246450959014196
boundary P 20 0.005106365903059305 0.0 0.0029941733350923026 0.000972865890506859 0.004315703075754502 0.003135541822779187 0.0019576037593867154 0.0026944104218662767 0.0009850250267516643 0.00303159530853921 3.2677077884478195e-19 0.005336571802944204 -0.0012506759908673588 0.003849184907432819 -0.0021991004751504904 0.003026802135296703 -0.004202086037813439 0.0030529942128090072 -0.0033352268058931436 0.001083680880638647 -0.003218768880683083 3.941855006923647e-19 -0.004189552853892506 -0.0013612682406384563 -0.0037268977761167154 -0.0027077497318773952 -0.0028568390594782616 -0.00393210163116175 -0.0013507233052215606 -0.00415709887975934 -9.22474788723066e-19 -0.00502171885730824 0.001015320676594517 -0.003124835731308587 0.0024178190970405096 -0.003327842492136497 0.003506988976683512 -0.0025479766368065736 0.005007941887675402 -0.0016271789568955402
boundary C 0.0 0.0 0.00078125
transform R 0.0 0.0 0.0 0.4297667346260477 -0.8345838254539799 -0.27357493158508417 -2.555173067128206
transform T 0.078125 -0.15625 0.1171875
end
case corpus_129_alternate 3.90625e-12
op 1129
frame 0.03681934086546729 -0.022428359487738844 -0.025866028803480413 0.4769233476543333 -0.3329126786819734 0.5933982644739696 1.0 0.0 0.0
offsets 0.004246450959014196 -0.003145967098081621
boundary P 20 -9.22474788723066e-19 -0.00502171885730824 -0.0013507233052215606 -0.00415709887975934 -0.0028568390594782616 -0.00393210163116175 -0.0037268977761167154 -0.0027077497318773952 -0.004189552853892506 -0.0013612682406384563 -0.003218768880683083 3.941855006923647e-19 -0.0033352268058931436 0.001083680880638647 -0.004202086037813439 0.0030529942128090072 -0.0021991004751504904 0.003026802135296703 -0.0012506759908673588 0.003849184907432819 3.2677077884478195e-19 0.005336571802944204 0.0009850250267516643 0.00303159530853921 0.0019576037593867154 0.0026944104218662767 0.004315703075754502 0.003135541822779187 0.0029941733350923026 0.000972865890506859 0.005106365903059305 0.0 0.005007941887675402 -0.0016271789568955402 0.003506988976683512 -0.0025479766368065736 0.0024178190970405096 -0.003327842492136497 0.001015320676594517 -0.003124835731308587
boundary C 0.0 0.0 0.00078125
end
case corpus_130 7.8125e-12
op 1130
frame -0.022061485696518723 0.025984490514585797 -0.0045034180209181825 -0.5512988081966839 -0.41882363407187495 1.0152157551652705 1.0 0.0 0.0
offsets -0.0055959902802275256 0.009380212668783618
boundary P 8 0.009543247778186936 0.0 0.007704866062712033 0.007704866062712031 5.475217802589796e-19 0.008941709244497035 -0.0049306619969746715 0.004930661996974672 -0.009606980641031212 1.176515809150946e-18 -0.005442986092348941 -0.00544298609234894 -1.5791071763498627e-18 -0.008596259087106033 0.006902638674365936 -0.00690263867436594
transform R 0.0 0.0 0.0 0.5385257006921167 -0.9923696320174928 -0.6080359612146671 0.6300196939039889
transform T 0.15625 -0.3125 0.234375
end
case corpus_130_alternate 7.8125e-12
op 1130
frame -0.022061485696518723 0.025984490514585797 -0.0045034180209181825 -0.5512988081966839 -0.41882363407187495 1.0152157551652705 1.0 0.0 0.0
offsets 0.009380212668783618 -0.0055959902802275256
boundary P 8 -0.009606980641031212 1.176515809150946e-18 -0.0049306619969746715 0.004930661996974672 5.475217802589796e-19 0.008941709244497035 0.007704866062712033 0.007704866062712031 0.009543247778186936 0.0 0.006902638674365936 -0.00690263867436594 -1.5791071763498627e-18 -0.008596259087106033 -0.005442986092348941 -0.00544298609234894
end
case corpus_131 1.5625e-11
op 1131
frame -0.1150371089866957 0.10933740151726837 0.07403813507040694 -0.057992592774708696 0.2025592521333901 0.5913076755663421 1.0 0.0 0.0
offsets -0.010460831142476734 0.01895053085871099
boundary P 9 0.012747833267301839 0.0 0.009895148611119986 0.008303015550035155 0.002213620345406271 0.012554064820438455 -0.008690228425639974 0.015051917162587738 -0.016099820836508755 0.0058598555615079805 -0.01358181341741856 -0.0049433758112976825 -0.010919438504502636 -0.018913022279922462 0.0025044784348642792 -0.014203603015270435 0.011918155768940857 -0.010000520110031653
boundary C 0.0 0.0 0.003125
transform R 0.0 0.0 0.0 0.8848377020924445 0.3386809923040943 -0.9977418453208 -5.821907854972144
transform T 0.3125 -0.625 0.46875
end
case corpus_131_alternate 1.5625e-11
op 1131
frame -0.1150371089866957 0.10933740151726837 0.07403813507040694 -0.057992592774708696 0.2025592521333901 0.5913076755663421 1.0 0.0 0.0
offsets 0.01895053085871099 -0.010460831142476734
boundary P 9 -0.008690228425639974 0.015051917162587738 0.002213620345406271 0.012554064820438455 0.009895148611119986 0.008303015550035155 0.012747833267301839 0.0 0.011918155768940857 -0.010000520110031653 0.0025044784348642792 -0.014203603015270435 -0.010919438504502636 -0.018913022279922462 -0.01358181341741856 -0.0049433758112976825 -0.016099820836508755 0.0058598555615079805
boundary C 0.0 0.0 0.003125
end
case corpus_132 3.125e-11
op 1132
frame -0.026922045189017307 -0.09763588419863814 -0.21496891939080193 -0.7832845467884513 0.12856270304715367 0.5172853793359106 1.0 0.0 0.0
offsets -0.04467840835915236 0.01808917781650517
boundary P 10 0.04309590928270478 0.0 0.035153195513390204 0.02554029153576523 0.010383077512318364 0.03195582672487681 -0.0095414164305635 0.029365460269678765 -0.0295065408355748 0.021437756771371937 -0.03914118868235669 4.793413143467073e-18 -0.027620754248076036 -0.020067652616811968 -0.010385081656234769 -0.03196199484561445 0.009162634231979041 -0.028199688532920337 0.0274248216746097 -0.019925299269567154
transform R 0.0 0.0 0.0 1.247701662520473 -0.6012753140822906 0.2646855491987299 5.746883187709936
transform T 0.625 -1.25 0.9375
end
case corpus_132_alternate 3.125e-11
op 1132
frame -0.026922045189017307 -0.09763588419863814 -0.21496891939080193 -0.7832845467884513 0.12856270304715367 0.5172853793359106 1.0 0.0 0.0
offsets 0.01808917781650517 -0.04467840835915236
boundary P 10 -0.027620754248076036 -0.020067652616811968 -0.03914118868235669 4.793413143467073e-18 -0.0295065408355748 0.021437756771371937 -0.0095414164305635 0.029365460269678765 0.010383077512318364 0.03195582672487681 0.035153195513390204 0.02554029153576523 0.04309590928270478 0.0 0.0274248216746097 -0.019925299269567154 0.009162634231979041 -0.028199688532920337 -0.010385081656234769 -0.03196199484561445
end
case corpus_133 6.25e-11
op 1133
frame -0.06563437113787651 -0.1502369342498322 -0.28317581664572294 0.8987059993600404 -0.9590296033140928 0.8146179860894359 1.0 0.0 0.0
offsets -0.04743238955648605 0.0719576792512909
boundary P 11 0.050693246718364206 0.0 0.04533401914311995 0.029134405041485293 0.027184408078631057 0.05952555056787118 -0.00828678806693285 0.05763587699282741 -0.04641499701138786 0.05356576202649738 -0.0669739810655211 0.01966533517838954 -0.05594353143977217 -0.01642650293924754 -0.04789610122615706 -0.05527504740866174 -0.010963975146606748 -0.07625612213057735 0.03460017987984538 -0.07576382576136247 0.05492926689063131 -0.03530089633507316
boundary C 0.0 0.0 0.0125
transform R 0.0 0.0 0.0 0.4400417723317834 -0.08279590760399502 0.0852782009798656 1.5292719455001904
transform T 1.25 -2.5 1.875
end
case corpus_133_alternate 6.25e-11
op 1133
frame -0.06563437113787651 -0.1502369342498322 -0.28317581664572294 0.8987059993600404 -0.9590296033140928 0.8146179860894359 1.0 0.0 0.0
offsets 0.0719576792512909 -0.04743238955648605
boundary P 11 -0.00828678806693285 0.05763587699282741 0.027184408078631057 0.05952555056787118 0.04533401914311995 0.029134405041485293 0.050693246718364206 0.0 0.05492926689063131 -0.03530089633507316 0.03460017987984538 -0.07576382576136247 -0.010963975146606748 -0.07625612213057735 -0.04789610122615706 -0.05527504740866174 -0.05594353143977217 -0.01642650293924754 -0.0669739810655211 0.01966533517838954 -0.04641499701138786 0.05356576202649738
boundary C 0.0 0.0 0.0125
end
case corpus_134 1.25e-10
op 1134
frame 0.4842129966371217 0.5068984878255106 0.7878321025097903 0.2883039783035126 0.6411913870886017 1.0610206364970909 1.0 0.0 0.0
offsets -0.15402984110437162 0.07112729400273324
boundary P 12 0.14605842663716748 0.0 0.14602680919810718 0.08430861759942927 0.07821366716008017 0.1354700453675402 8.857310375596102e-18 0.14465085576940073 -0.0647674419611891 0.11218050015304802 -0.15033343340579697 0.08679504824503755 -0.16161384761958508 1.9791988118521295e-17 -0.12238509239221462 -0.07065906603744228 -0.054858016587553224 -0.09501687193209832 -2.7866009060590076e-17 -0.1516954879289358 0.0744950386751842 -0.1290291918972275 0.12942333280972682 -0.0747225960371144
transform R 0.0 0.0 0.0 0.6740892276144403 -0.7273342104486629 -0.6369490810788312 -3.321894391517746
transform T 2.5 -5.0 3.75
end
case corpus_134_alternate 1.25e-10
op 1134
frame 0.4842129966371217 0.5068984878255106 0.7878321025097903 0.2883039783035126 0.6411913870886017 1.0610206364970909 1.0 0.0 0.0
offsets 0.07112729400273324 -0.15402984110437162
boundary P 12 0.07821366716008017 0.1354700453675402 0.14602680919810718 0.08430861759942927 0.14605842663716748 0.0 0.12942333280972682 -0.0747225960371144 0.0744950386751842 -0.1290291918972275 -2.7866009060590076e-17 -0.1516954879289358 -0.054858016587553224 -0.09501687193209832 -0.12238509239221462 -0.07065906603744228 -0.16161384761958508 1.9791988118521295e-17 -0.15033343340579697 0.08679504824503755 -0.0647674419611891 0.11218050015304802 8.857310375596102e-18 0.14465085576940073
end
case corpus_135 2.5e-10
op 1135
frame 1.6329962725189877 -2.3820251133616144 -1.3219652179670653 0.4022734048936383 0.2652926939533746 0.8416784635356878 1.0 0.0 0.0
offsets -0.2272519862333119 0.33026376341674574
boundary P 13 0.24045130018913086 0.0 0.26036059937562694 0.13664778386684812 0.12582319242628118 0.1822863642180368 0.03313838601309099 0.27291916285399365 -0.11687182484184465 0.30816567546713347 -0.15573252831286774 0.1379669809708363 -0.23382729297968213 0.05763325149218415 -0.221910372664375 -0.05469599443894482 -0.18600673633366946 -0.16478758888854617 -0.0735953381045578 -0.19405495814678964 0.02966061397563726 -0.24427713325472586 0.18542553743126522 -0.2686352682660186 0.25766773755411454 -0.13523446095603994
boundary C 0.0 0.0 0.05
transform R 0.0 0.0 0.0 0.822144097707219 0.6004918458493993 -0.4982029138021584 5.9513753566711705
transform T 5.0 -10.0 7.5
end
case corpus_135_alternate 2.5e-10
op 1135
frame 1.6329962725189877 -2.3820251133616144 -1.3219652179670653 0.4022734048936383 0.2652926939533746 0.8416784635356878 1.0 0.0 0.0
offsets 0.33026376341674574 -0.2272519862333119
boundary P 13 0.03313838601309099 0.27291916285399365 0.12582319242628118 0.1822863642180368 0.26036059937562694 0.13664778386684812 0.24045130018913086 0.0 0.25766773755411454 -0.13523446095603994 0.18542553743126522 -0.2686352682660186 0.02966061397563726 -0.24427713325472586 -0.0735953381045578 -0.19405495814678964 -0.18600673633366946 -0.16478758888854617 -0.221910372664375 -0.05469599443894482 -0.23382729297968213 0.05763325149218415 -0.15573252831286774 0.1379669809708363 -0.11687182484184465 0.30816567546713347
boundary C 0.0 0.0 0.05
end
case corpus_136 5e-10
op 1136
frame -3.7504625269465333 -4.409875067177616 -0.6970069215925956 -0.964779645124201 0.18600350631120044 1.3085621996467736 1.0 0.0 0.0
offsets -0.43872788472434965 0.36955689569107625
boundary P 14 0.40591431944641676 0.0 0.423440789817427 0.20391833694388628 0.27049483127249674 0.3391897899584761 0.1341446119602552 0.5877259462452536 -0.14502118981209458 0.6353793474252911 -0.3173743716899886 0.39797487428986666 -0.42239163487515924 0.2034130905524937 -0.5842004085134828 7.154391603466128e-17 -0.37087483329922827 -0.17860390647138152 -0.28085909661048936 -0.35218616762133104 -0.14861702102369637 -0.6511337133330545 0.14385432591692454 -0.6302669826653036 0.33369376774248893 -0.41843874967431144 0.532926270952831 -0.25664376578662684
transform R 0.0 0.0 0.0 0.3135164986459505 0.49886174238808656 0.3885307639288649 -3.132763137260176
transform T 10.0 -20.0 15.0
end
case corpus_136_alternate 5e-10
op 1136
frame -3.7504625269465333 -4.409875067177616 -0.6970069215925956 -0.964779645124201 0.18600350631120044 1.3085621996467736 1.0 0.0 0.0
offsets 0.36955689569107625 -0.43872788472434965
boundary P 14 -0.42239163487515924 0.2034130905524937 -0.3173743716899886 0.39797487428986666 -0.14502118981209458 0.6353793474252911 0.1341446119602552 0.5877259462452536 0.27049483127249674 0.3391897899584761 0.423440789817427 0.20391833694388628 0.40591431944641676 0.0 0.532926270952831 -0.25664376578662684 0.33369376774248893 -0.41843874967431144 0.14385432591692454 -0.6302669826653036 -0.14861702102369637 -0.6511337133330545 -0.28085909661048936 -0.35218616762133104 -0.37087483329922827 -0.17860390647138152 -0.5842004085134828 7.154391603466128e-17
end
case corpus_137 1e-09
op 1137
frame 3.6402375507909657 -4.453908242164895 4.930400875462418 0.44646037653853643 0.34318614572505535 1.177815640984479 1.0 0.0 0.0
offsets -0.7251547710177053 0.6357149714327563
boundary P 15 0.8613098807712616 0.0 1.2411400538333777 0.5525911544520005 0.8567235436309961 0.9514878893053982 0.3383508094192678 1.041336715939602 -0.10314040538341117 0.9813154067740364 -0.6675033553737945 1.1561497257301165 -0.6650370503451976 0.48317769977502845 -0.9191937916469793 0.1953806718609126 -0.8772123783430956 -0.18645724699499072 -0.8254874767821455 -0.5997517582180664 -0.5949551375242484 -1.0304925264161258 -0.09882073308790852 -0.9402164702318075 0.2697770425973776 -0.8302883627097768 0.7276931959435752 -0.8081851703709861 0.9126141186648578 -0.406321984247163
boundary C 0.0 0.0 0.2
transform R 0.0 0.0 0.0 0.8522830879918843 0.05342529134432361 -0.4556970860273628 3.4309151879841813
transform T 20.0 -40.0 30.0
end
case corpus_137_alternate 1e-09
op 1137
frame 3.6402375507909657 -4.453908242164895 4.930400875462418 0.44646037653853643 0.34318614572505535 1.177815640984479 1.0 0.0 0.0
offsets 0.6357149714327563 -0.7251547710177053
boundary P 15 -0.09882073308790852 -0.9402164702318075 -0.5949551375242484 -1.0304925264161258 -0.8254874767821455 -0.5997517582180664 -0.8772123783430956 -0.18645724699499072 -0.9191937916469793 0.1953806718609126 -0.6650370503451976 0.48317769977502845 -0.6675033553737945 1.1561497257301165 -0.10314040538341117 0.9813154067740364 0.3383508094192678 1.041336715939602 0.8567235436309961 0.9514878893053982 1.2411400538333777 0.5525911544520005 0.8613098807712616 0.0 0.9126141186648578 -0.406321984247163 0.7276931959435752 -0.8081851703709861 0.2697770425973776 -0.8302883627097768
boundary C 0.0 0.0 0.2
end
case corpus_138 2e-09
op 1138
frame 10.326002880761326 3.592671243790222 -9.745242330005638 -0.2822157074744056 -0.25425763456294326 0.5576813315548351 1.0 0.0 0.0
offsets -2.105972948897981 2.3638110597301676
boundary P 16 2.496145619279506 0.0 1.7060612773669266 0.7066737193249476 1.5613818476314492 1.561381847631449 0.9876407056992158 2.3843755864507807 1.353604463672928e-16 2.2106038485796233 -0.8631201864721086 2.08375646013896 -1.2745727813021062 1.2745727813021062 -2.183225036926266 0.9043214200073609 -2.4575738959381317 3.0096600053287235e-16 -1.9354076463396277 -0.8016720958344642 -1.251275616103928 -1.2512756161039276 -1.0691575513533709 -2.5811746607909125 -5.001787745128416e-16 -2.7228464286523844 0.9664333851596697 -2.333176585582614 1.381928282827679 -1.3819282828276798 2.1178219675265657 -0.8772305816411777
transform R 0.0 0.0 0.0 0.509909622781948 0.28099239748645677 0.37402902848563135 1.8865357141101302
transform T 40.0 -80.0 60.0
end
case corpus_138_alternate 2e-09
op 1138
frame 10.326002880761326 3.592671243790222 -9.745242330005638 -0.2822157074744056 -0.25425763456294326 0.5576813315548351 1.0 0.0 0.0
offsets 2.3638110597301676 -2.105972948897981
boundary P 16 0.9876407056992158 2.3843755864507807 1.5613818476314492 1.561381847631449 1.7060612773669266 0.7066737193249476 2.496145619279506 0.0 2.1178219675265657 -0.8772305816411777 1.381928282827679 -1.3819282828276798 0.9664333851596697 -2.333176585582614 -5.001787745128416e-16 -2.7228464286523844 -1.0691575513533709 -2.5811746607909125 -1.251275616103928 -1.2512756161039276 -1.9354076463396277 -0.8016720958344642 -2.4575738959381317 3.0096600053287235e-16 -2.183225036926266 0.9043214200073609 -1.2745727813021062 1.2745727813021062 -0.8631201864721086 2.08375646013896 1.353604463672928e-16 2.2106038485796233
end
case corpus_139 4e-09
op 1139
frame 4.279738667668447 15.97845511583703 -26.675618896078 -0.16969126329904327 -0.13951355998832682 1.2590497920038426 1.0 0.0 0.0
offsets -2.387622552138588 4.079394287591398
boundary P 17 3.210026890905081 0.0 3.9474869576943354 1.5292645945718455 2.6059008864206485 2.3755925457014433 2.0264782439716136 4.069716934215288 0.4613838489030333 4.979124690366023 -0.9237469355381628 3.2466337160493906 -2.959665651033721 3.9192307144923246 -2.9986069772667303 1.8566588349304574 -3.6441102379490693 0.6812022621055407 -3.769170163398063 -0.704580013751865 -2.8561603523133936 -1.768459618850892 -2.7646703498001384 -3.661015205078469 -1.2291889272038834 -4.320150964430275 0.4173315425559706 -4.503724594065003 2.389332587094582 -4.798426689305957 3.1006155738191072 -2.826584572971931 5.0149886026313935 -1.9428169350216193
boundary C 0.0 0.0 0.8
transform R 0.0 0.0 0.0 0.7580088044419506 -0.8559398348210141 0.00809461460927774 1.2087757012538602
transform T 80.0 -160.0 120.0
end
case corpus_139_alternate 4e-09
op 1139
frame 4.279738667668447 15.97845511583703 -26.675618896078 -0.16969126329904327 -0.13951355998832682 1.2590497920038426 1.0 0.0 0.0
offsets 4.079394287591398 -2.387622552138588
boundary P 17 -2.7646703498001384 -3.661015205078469 -2.8561603523133936 -1.768459618850892 -3.769170163398063 -0.704580013751865 -3.6441102379490693 0.6812022621055407 -2.9986069772667303 1.8566588349304574 -2.959665651033721 3.9192307144923246 -0.9237469355381628 3.2466337160493906 0.4613838489030333 4.979124690366023 2.0264782439716136 4.069716934215288 2.6059008864206485 2.3755925457014433 3.9474869576943354 1.5292645945718455 3.210026890905081 0.0 5.0149886026313935 -1.9428169350216193 3.1006155738191072 -2.826584572971931 2.389332587094582 -4.798426689305957 0.4173315425559706 -4.503724594065003 -1.2291889272038834 -4.320150964430275
boundary C 0.0 0.0 0.8
end
case corpus_140 8e-09
op 1140
frame 73.70594248675329 -78.24089733298061 50.49403317003856 0.3361103014385989 0.025815502113615052 1.4094144857194506 1.0 0.0 0.0
offsets -11.441575758921832 5.14840037512855
boundary P 18 8.808210085287776 0.0 8.942211647050838 3.254698868035056 8.227777411189098 6.9039249911375276 4.172012629364417 7.226137843878192 1.6643712466956397 9.43911839247944 -1.736353532236304 9.847350219800745 -5.070275341704561 8.781974500195956 -7.385939706731614 6.197539283816128 -6.763816846347136 2.4618280020986543 -10.472673203299546 1.2825325716937048e-15 -7.970473515677953 -2.9010151127138655 -7.7029282891154045 -6.463524286381766 -4.047465028349703 -7.010415070959883 -1.9215841764401522 -10.897845404710106 1.5740387115501795 -8.926817128189038 3.7634365499837497 -6.5184633156335945 6.4245501059865155 -5.390837624413244 7.017829619036722 -2.5542810904810884
transform R 0.0 0.0 0.0 0.5769380899798839 -0.19871370761445428 0.8840134772481116 2.4407064971184718
transform T 160.0 -320.0 240.0
end
case corpus_140_alternate 8e-09
op 1140
frame 73.70594248675329 -78.24089733298061 50.49403317003856 0.3361103014385989 0.025815502113615052 1.4094144857194506 1.0 0.0 0.0
offsets 5.14840037512855 -11.441575758921832
boundary P 18 1.6643712466956397 9.43911839247944 4.172012629364417 7.226137843878192 8.227777411189098 6.9039249911375276 8.942211647050838 3.254698868035056 8.808210085287776 0.0 7.017829619036722 -2.5542810904810884 6.4245501059865155 -5.390837624413244 3.7634365499837497 -6.5184633156335945 1.5740387115501795 -8.926817128189038 -1.9215841764401522 -10.897845404710106 -4.047465028349703 -7.010415070959883 -7.7029282891154045 -6.463524286381766 -7.970473515677953 -2.9010151127138655 -10.472673203299546 1.2825325716937048e-15 -6.763816846347136 2.4618280020986543 -7.385939706731614 6.197539283816128 -5.070275341704561 8.781974500195956 -1.736353532236304 9.847350219800745
end
case corpus_141 1.6e-08
op 1141
frame 98.42884349810677 -141.24422822334543 121.03210182096657 0.7160311092449889 0.6003470485023592 1.0183069645159142 1.0 0.0 0.0
offsets -17.975370700827852 11.750895392461983
boundary P 19 14.459480573546072 0.0 14.204352662959888 4.8763604285393445 14.620168191476125 11.379333664843013 7.649506929486708 11.708441982118837 3.746356606054538 14.794027673537576 -1.8278411028041512 22.058761646944067 -5.896887036747797 13.443548338189155 -13.671168792911557 14.850848139348805 -14.722345665249886 7.9673350445693725 -17.706717918831693 2.954728628356073 -17.39651085155331 -2.902964224212542 -16.409125550852444 -8.880174669491172 -9.135303477479594 -9.923584933078814 -7.406190459221446 -16.88441355920742 -1.0909448628043203 -13.165746552935985 4.040412678746573 -15.955228844282324 10.829423287845742 -16.57566630560027 13.157662101536253 -10.241019483615348 16.601977413757012 -5.6994660451551304
boundary C 0.0 0.0 3.2
transform R 0.0 0.0 0.0 1.0854612297428317 0.7122472421042567 0.9825381830730813 2.079482844022448
transform T 320.0 -640.0 480.0
end
case corpus_141_alternate 1.6e-08
op 1141
frame 98.42884349810677 -141.24422822334543 121.03210182096657 0.7160311092449889 0.6003470485023592 1.0183069645159142 1.0 0.0 0.0
offsets 11.750895392461983 -17.975370700827852
boundary P 19 4.040412678746573 -15.955228844282324 -1.0909448628043203 -13.165746552935985 -7.406190459221446 -16.88441355920742 -9.135303477479594 -9.923584933078814 -16.409125550852444 -8.880174669491172 -17.39651085155331 -2.902964224212542 -17.706717918831693 2.954728628356073 -14.722345665249886 7.9673350445693725 -13.671168792911557 14.850848139348805 -5.896887036747797 13.443548338189155 -1.8278411028041512 22.058761646944067 3.746356606054538 14.794027673537576 7.649506929486708 11.708441982118837 14.620168191476125 11.379333664843013 14.204352662959888 4.8763604285393445 14.459480573546072 0.0 16.601977413757012 -5.6994660451551304 13.157662101536253 -10.241019483615348 10.829423287845742 -16.57566630560027
boundary C 0.0 0.0 3.2
end
case corpus_142 3.2e-08
op 1142
frame -88.85679099409309 -161.53726837982538 221.2520494973927 -0.18937756850140008 -0.6495901511529154 0.5309092523687503 1.0 0.0 0.0
offsets -18.591695942138205 43.98025302878186
boundary P 20 34.395022721241084 0.0 41.0801441016839 13.347747942723151 21.810392458385284 15.846177673504302 21.91217779024028 30.15952534863671 8.028103423155601 24.70796174018629 2.1563167517362703e-15 35.21532499390979 -8.466115125193157 26.0560231446374 -15.36146734075988 21.143245919730298 -21.960786691356336 15.955445479724522 -38.645733485312505 12.556759984745598 -38.28192529283771 4.68818372750718e-15 -33.71552916727655 -10.954839495363169 -27.82229004938574 -20.214076947379105 -22.699875844769352 -31.243698709680835 -11.639536527334467 -35.822809950527294 -6.298030442186386e-15 -34.284880868352246 12.349987630952706 -38.00935361610118 16.564292194587075 -22.79879230203144 23.61859069157657 -17.159910588981933 32.926013479310846 -10.698310297858267
transform R 0.0 0.0 0.0 0.5720401193716906 0.22715125214245413 0.3479830309128604 -5.52001031669828
transform T 640.0 -1280.0 960.0
end
case corpus_142_alternate 3.2e-08
op 1142
frame -88.85679099409309 -161.53726837982538 221.2520494973927 -0.18937756850140008 -0.6495901511529154 0.5309092523687503 1.0 0.0 0.0
offsets 43.98025302878186 -18.591695942138205
boundary P 20 -38.645733485312505 12.556759984745598 -21.960786691356336 15.955445479724522 -15.36146734075988 21.143245919730298 -8.466115125193157 26.0560231446374 2.1563167517362703e-15 35.21532499390979 8.028103423155601 24.70796174018629 21.91217779024028 30.15952534863671 21.810392458385284 15.846177673504302 41.0801441016839 13.347747942723151 34.395022721241084 0.0 32.926013479310846 -10.698310297858267 23.61859069157657 -17.159910588981933 16.564292194587075 -22.79879230203144 12.349987630952706 -38.00935361610118 -6.298030442186386e-15 -34.284880868352246 -11.639536527334467 -35.822809950527294 -22.699875844769352 -31.243698709680835 -27.82229004938574 -20.214076947379105 -33.71552916727655 -10.954839495363169 -38.28192529283771 4.68818372750718e-15
end
case corpus_143 6.4e-08
op 1143
frame -454.7897142697593 53.59276567136959 41.719087175692664 -0.44881129615107507 0.06514260770539337 1.487324097826216 1.0 0.0 0.0
offsets -32.81414977305449 93.86276612320556
boundary P 8 80.89591401466932 0.0 62.928726929504336 62.92872692950433 3.792765336255158e-15 61.9405585168855 -36.37753905681843 36.37753905681843 -75.67815870706534 9.267901482597296e-15 -53.96624599216974 -53.966245992169725 -1.3650636796163529e-14 -74.3106056138942 36.43395615842463 -36.43395615842464
boundary C 0.0 0.0 12.8
transform R 0.0 0.0 0.0 1.1498933250465089 -0.8887049223048469 -0.48149074224869737 0.6965628017920855
transform T 1280.0 -2560.0 1920.0
end
case corpus_143_alternate 6.4e-08
op 1143
frame -454.7897142697593 53.59276567136959 41.719087175692664 -0.44881129615107507 0.06514260770539337 1.487324097826216 1.0 0.0 0.0
offsets 93.86276612320556 -32.81414977305449
boundary P 8 -36.37753905681843 36.37753905681843 3.792765336255158e-15 61.9405585168855 62.928726929504336 62.92872692950433 80.89591401466932 0.0 36.43395615842463 -36.43395615842464 -1.3650636796163529e-14 -74.3106056138942 -53.96624599216974 -53.966245992169725 -75.67815870706534 9.267901482597296e-15
boundary C 0.0 0.0 12.8
end
case corpus_144 1.28e-07
op 1144
frame -958.873817098387 -7.064547838332089 -632.8418288226027 0.3038601554320035 -0.06252165883097072 1.370858772427964 1.0 0.0 0.0
offsets -124.99752321870486 166.85415636221958
boundary P 9 151.48704139062212 0.0 129.1831717246597 108.39755174847318 29.94385006927788 169.82001250725406 -77.1304434663275 133.59384689399826 -121.83504020016724 44.344328123487074 -152.64344724847447 -55.557671254227934 -73.68895539728791 -127.63301470477934 18.38660398986704 -104.27561293224362 105.54173800613604 -88.56003343475793
transform R 0.0 0.0 0.0 0.8270440193746582 -0.8268453634425428 0.7085938542056935 2.2813090135572054
transform T 2560.0 -5120.0 3840.0
end
case corpus_144_alternate 1.28e-07
op 1144
frame -958.873817098387 -7.064547838332089 -632.8418288226027 0.3038601554320035 -0.06252165883097072 1.370858772427964 1.0 0.0 0.0
offsets 166.85415636221958 -124.99752321870486
boundary P 9 151.48704139062212 0.0 105.54173800613604 -88.56003343475793 18.38660398986704 -104.27561293224362 -73.68895539728791 -127.63301470477934 -152.64344724847447 -55.557671254227934 -121.83504020016724 44.344328123487074 -77.1304434663275 133.59384689399826 29.94385006927788 169.82001250725406 129.1831717246597 108.39755174847318
end
case corpus_145 2.56e-07
op 1145
frame -2534.705883553242 652.6761530320982 284.32566202115765 -0.705397152276007 -0.544592945094436 1.0148112544740244 1.0 0.0 0.0
offsets -189.68403892662548 379.1915351658122
boundary P 10 334.64761476702984 0.0 256.48358166983326 186.3462298182701 96.16292415155995 295.9590485478886 -96.55388850689725 297.1623131079327 -283.966772861487 206.31393702430896 -353.94992547126975 4.334636432868347e-14 -204.79862162859712 -148.79490829005428 -80.63148518276039 -248.15819452497192 107.74182799637471 -331.59525028961053 256.6484775255853 -186.46603367016587
boundary C 0.0 0.0 51.2
transform R 0.0 0.0 0.0 0.7772327755457358 -0.5283918001049963 0.7881380518207268 -6.111100167984764
transform T 5120.0 -10240.0 7680.0
end
case corpus_145_alternate 2.56e-07
op 1145
frame -2534.705883553242 652.6761530320982 284.32566202115765 -0.705397152276007 -0.544592945094436 1.0148112544740244 1.0 0.0 0.0
offsets 379.1915351658122 -189.68403892662548
boundary P 10 256.48358166983326 186.3462298182701 334.64761476702984 0.0 256.6484775255853 -186.46603367016587 107.74182799637471 -331.59525028961053 -80.63148518276039 -248.15819452497192 -204.79862162859712 -148.79490829005428 -353.94992547126975 4.334636432868347e-14 -283.966772861487 206.31393702430896 -96.55388850689725 297.1623131079327 96.16292415155995 295.9590485478886
boundary C 0.0 0.0 51.2
end
case corpus_146 5.12e-07
op 1146
frame -2433.32840258529 -3002.647878349834 -128.86289027926296 -0.13003002419123533 0.7810866958018936 1.1421480389479801 1.0 0.0 0.0
offsets -311.15571942606755 745.700249130781
boundary P 11 609.919547624226 0.0 577.1536952474277 370.914157764025 187.34697237825293 410.23264680923836 -61.07364638358908 424.776540927133 -285.2165682119449 329.157466391884 -447.25632840518574 131.32630715410508 -425.95986906289863 -125.07310248542467 -442.0056514400558 -510.10171418509395 -82.74520092458359 -575.5055135615701 262.47617587858883 -574.7426552356699 567.3280604181726 -364.5996056833567
transform R 0.0 0.0 0.0 0.6866549601197052 0.1512265853595065 0.655161052755586 5.689600677870389
transform T 10240.0 -20480.0 15360.0
end
case corpus_146_alternate 5.12e-07
op 1146
frame -2433.32840258529 -3002.647878349834 -128.86289027926296 -0.13003002419123533 0.7810866958018936 1.1421480389479801 1.0 0.0 0.0
offsets 745.700249130781 -311.15571942606755
boundary P 11 -425.95986906289863 -125.07310248542467 -447.25632840518574 131.32630715410508 -285.2165682119449 329.157466391884 -61.07364638358908 424.776540927133 187.34697237825293 410.23264680923836 577.1536952474277 370.914157764025 609.919547624226 0.0 567.3280604181726 -364.5996056833567 262.47617587858883 -574.7426552356699 -82.74520092458359 -575.5055135615701 -442.0056514400558 -510.10171418509395
end
case corpus_147 1.024e-06
op 1147
frame 8854.930774263146 -8867.766841504861 -5086.690141200723 0.6599025663494349 0.9481376323697881 0.6830715086462984 1.0 0.0 0.0
offsets -1332.8280325242802 813.8072007281219
boundary P 12 900.6162231514594 0.0 1071.8787568305322 618.849488794749 672.2661145418514 1164.3990665934048 7.710277957354554e-14 1259.183948012235 -493.83181350539854 855.3417913852292 -1052.8118621434492 607.8412120145514 -987.7221666566869 1.209610789843e-13 -721.1123283949563 -416.33439691478554 -440.7797334907597 -763.452893352664 -1.6645960564069472e-13 -906.163887452232 510.93803572531635 -884.9706373956898 1024.4910702269076 -591.4901951778736
boundary C 0.0 0.0 204.8
transform R 0.0 0.0 0.0 0.6964085017141475 0.6032303342192515 -0.46749748419675585 5.867332933615047
transform T 20480.0 -40960.0 30720.0
end
case corpus_147_alternate 1.024e-06
op 1147
frame 8854.930774263146 -8867.766841504861 -5086.690141200723 0.6599025663494349 0.9481376323697881 0.6830715086462984 1.0 0.0 0.0
offsets 813.8072007281219 -1332.8280325242802
boundary P 12 -493.83181350539854 855.3417913852292 7.710277957354554e-14 1259.183948012235 672.2661145418514 1164.3990665934048 1071.8787568305322 618.849488794749 900.6162231514594 0.0 1024.4910702269076 -591.4901951778736 510.93803572531635 -884.9706373956898 -1.6645960564069472e-13 -906.163887452232 -440.7797334907597 -763.452893352664 -721.1123283949563 -416.33439691478554 -987.7221666566869 1.209610789843e-13 -1052.8118621434492 607.8412120145514
boundary C 0.0 0.0 204.8
end
case corpus_148 2.048e-06
op 1148
frame 13576.603150375304 -10319.148403211939 14339.889671449882 0.8496152937215609 0.6045922841450233 1.036185659109281 1.0 0.0 0.0
offsets -1691.42193172008 2719.221437720239
boundary P 13 1831.595268445907 0.0 1910.2150085665025 1002.5581760672513 1019.3980414487415 1476.853027517566 205.76758951610975 1694.6485640862604 -770.2033461104925 2030.8593172253243 -2112.336266590085 1871.366635178178 -1693.400882347632 417.38583073750937 -1922.6929524063487 -473.90125017575974 -1676.6014014699554 -1485.3392297565988 -849.4223689962845 -2239.742713462887 280.11375465456996 -2306.944321126982 1556.096225385099 -2254.394582024713 1683.9456998294193 -883.8028817940251
transform R 0.0 0.0 0.0 0.821303977028367 -0.7824326855324035 0.7061800042697808 0.7734093484344506
transform T 40960.0 -81920.0 61440.0
end
case corpus_148_alternate 2.048e-06
op 1148
frame 13576.603150375304 -10319.148403211939 14339.889671449882 0.8496152937215609 0.6045922841450233 1.036185659109281 1.0 0.0 0.0
offsets 2719.221437720239 -1691.42193172008
boundary P 13 -770.2033461104925 2030.8593172253243 205.76758951610975 1694.6485640862604 1019.3980414487415 1476.853027517566 1910.2150085665025 1002.5581760672513 1831.595268445907 0.0 1683.9456998294193 -883.8028817940251 1556.096225385099 -2254.394582024713 280.11375465456996 -2306.944321126982 -849.4223689962845 -2239.742713462887 -1676.6014014699554 -1485.3392297565988 -1922.6929524063487 -473.90125017575974 -1693.400882347632 417.38583073750937 -2112.336266590085 1871.366635178178
end
case corpus_149 4.096e-06
op 1149
frame -26084.18894191107 18990.858992278074 9173.983571393765 0.09074230347980539 -0.4643876280160728 1.4731749667425786 1.0 0.0 0.0
offsets -4461.205993441312 2211.959047113804
boundary P 14 3597.57460466382 0.0 4366.303575628063 2102.700980031034 2922.760922209623 3665.026272921334 954.5569899829819 4182.187431791814 -786.5682375453314 3446.18061763643 -3347.406140003317 4197.514533612768 -4161.840621484597 2004.236810829134 -4427.65969460509 5.422319272711871e-13 -4801.003134493381 -2312.0412543873995 -3043.9312858613525 -3816.9691030407685 -1137.453597211679 -4983.509825421611 1248.32658554216 -5469.276126634528 2401.4060307813666 -3011.267917223857 2956.3473812936895 -1423.7018632091417
boundary C 0.0 0.0 819.2
transform R 0.0 0.0 0.0 1.1274647435215068 -0.5253969491689787 -0.16380872480815234 -5.646934336785811
transform T 81920.0 -163840.0 122880.0
end
case corpus_149_alternate 4.096e-06
op 1149
frame -26084.18894191107 18990.858992278074 9173.983571393765 0.09074230347980539 -0.4643876280160728 1.4731749667425786 1.0 0.0 0.0
offsets 2211.959047113804 -4461.205993441312
boundary P 14 -4161.840621484597 2004.236810829134 -3347.406140003317 4197.514533612768 -786.5682375453314 3446.18061763643 954.5569899829819 4182.187431791814 2922.760922209623 3665.026272921334 4366.303575628063 2102.700980031034 3597.57460466382 0.0 2956.3473812936895 -1423.7018632091417 2401.4060307813666 -3011.267917223857 1248.32658554216 -5469.276126634528 -1137.453597211679 -4983.509825421611 -3043.9312858613525 -3816.9691030407685 -4801.003134493381 -2312.0412543873995 -4427.65969460509 5.422319272711871e-13
boundary C 0.0 0.0 819.2
end
case corpus_150 2.44140625e-13
op 1150
frame -0.00015219892031365404 0.0023937680234978574 0.0013661532341899224 0.9913889542278822 0.6402695515952452 0.5503454221944047 1.0 0.0 0.0
offsets -0.00012674614126246734 0.0001347330601030413
boundary P 15 0.0002726106458300915 0.0 0.00027151152743329343 0.00012088472040523777 0.00021163914858613706 0.00023504908704755886 7.769554522937423e-05 0.00023912230046430034 -3.0337442261264328e-05 0.00028864148228260374 -0.0001440784059367842 0.0002495511193560437 -0.0002580580633024019 0.0001874901576838946 -0.0002969103660671504 6.311024653542108e-05 -0.0001915772868952143 -4.072100939651809e-05 -0.0002087217263249797 -0.00015164521069379377 -0.00010874905747718006 -0.00018835889282570376 -2.4081068231259688e-05 -0.0002291160595992042 9.138709268080629e-05 -0.0002812605506540268 0.00019305291403003887 -0.0002144069823460053 0.0002633355699032825 -0.00011724454958301258
transform R 0.0 0.0 0.0 0.516336923826981 0.3420403440007873 0.9767413528240487 -4.668779291124162
transform T 0.0048828125 -0.009765625 0.00732421875
end
case corpus_150_alternate 2.44140625e-13
op 1150
frame -0.00015219892031365404 0.0023937680234978574 0.0013661532341899224 0.9913889542278822 0.6402695515952452 0.5503454221944047 1.0 0.0 0.0
offsets 0.0001347330601030413 -0.00012674614126246734
boundary P 15 -0.00010874905747718006 -0.00018835889282570376 -0.0002087217263249797 -0.00015164521069379377 -0.0001915772868952143 -4.072100939651809e-05 -0.0002969103660671504 6.311024653542108e-05 -0.0002580580633024019 0.0001874901576838946 -0.0001440784059367842 0.0002495511193560437 -3.0337442261264328e-05 0.00028864148228260374 7.769554522937423e-05 0.00023912230046430034 0.00021163914858613706 0.00023504908704755886 0.00027151152743329343 0.00012088472040523777 0.0002726106458300915 0.0 0.0002633355699032825 -0.00011724454958301258 0.00019305291403003887 -0.0002144069823460053 9.138709268080629e-05 -0.0002812605506540268 -2.4081068231259688e-05 -0.0002291160595992042
end
case corpus_151 4.8828125e-13
op 1151
frame 0.0032586782204239648 0.004715219265291934 -0.0037571067844877786 -0.3824289229254152 -0.4642147519210733 0.7975956994305875 1.0 0.0 0.0
offsets -0.00032384479884681823 0.0006291528289402697
boundary P 16 0.000575468568341115 0.0 0.0005945534535580131 0.00024627210401949117 0.0003963052817244093 0.00039630528172440927 0.0002531186285018147 0.000611082425818358 3.6387471553706824e-20 0.0005942525074011739 -0.0001842915308077662 0.0004449191131066083 -0.00028154740602497443 0.0002815474060249745 -0.0005398026665789505 0.00022359358550216323 -0.00042254721526005805 5.1747109465685775e-20 -0.0005230989503674587 -0.00021667467970533185 -0.00041626105822249016 -0.00041626105822249005 -0.00015696115991690335 -0.0003789377610371996 -7.380640780894317e-20 -0.0004017833705757996 0.00019823813371778505 -0.00047858919100100746 0.00028129586018199343 -0.0002812958601819936 0.0006261839448880574 -0.00025937388251292057
boundary C 0.0 0.0 9.765625e-05
transform R 0.0 0.0 0.0 0.3536572882278493 0.9429731797905556 0.5612855817733029 2.794517414575581
transform T 0.009765625 -0.01953125 0.0146484375
end
case corpus_151_alternate 4.8828125e-13
op 1151
frame 0.0032586782204239648 0.004715219265291934 -0.0037571067844877786 -0.3824289229254152 -0.4642147519210733 0.7975956994305875 1.0 0.0 0.0
offsets 0.0006291528289402697 -0.00032384479884681823
boundary P 16 0.0005945534535580131 0.00024627210401949117 0.000575468568341115 0.0 0.0006261839448880574 -0.00025937388251292057 0.00028129586018199343 -0.0002812958601819936 0.00019823813371778505 -0.00047858919100100746 -7.380640780894317e-20 -0.0004017833705757996 -0.00015696115991690335 -0.0003789377610371996 -0.00041626105822249016 -0.00041626105822249005 -0.0005230989503674587 -0.00021667467970533185 -0.00042254721526005805 5.1747109465685775e-20 -0.0005398026665789505 0.00022359358550216323 -0.00028154740602497443 0.0002815474060249745 -0.0001842915308077662 0.0004449191131066083 3.6387471553706824e-20 0.0005942525074011739 0.0002531186285018147 0.000611082425818358 0.0003963052817244093 0.00039630528172440927
boundary C 0.0 0.0 9.765625e-05
end
case corpus_152 9.765625e-13
op 1152
frame -0.005410170368327978 -0.0039684978026711904 -0.006742563758180388 -0.4694114027344909 0.9623779225820954 1.165028811600422 1.0 0.0 0.0
offsets -0.0009483208473347776 0.0014411658801364794
boundary P 17 0.001188251134093486 0.0 0.0012023491328234494 0.00046579253556673525 0.0008390558637299612 0.0007649004863119831 0.0005665528100944749 0.0011377914232377224 9.756180446622855e-05 0.0010528595454943048 -0.00036245729128791355 0.00127390524098216 -0.0004960605319054103 0.0006568903052316206 -0.0009330818251946861 0.0005777398063816517 -0.0010761971227679877 0.00020117610791972794 -0.0011587738164567315 -0.0002166123672162157 -0.0009898887503515365 -0.0006129131653037458 -0.0007732460785602006 -0.0010239432889642128 -0.00036015000090398457 -0.0012657959564313897 0.00011528662082304324 -0.0012441407768686715 0.0005341682723906699 -0.0010727545041925894 0.0009920324811988315 -0.0009043570995774392 0.0012112812477626572 -0.00046925285532904693
transform R 0.0 0.0 0.0 0.4616360202898245 -0.5628387819094856 -0.19920328601758963 0.14444603695460498
transform T 0.01953125 -0.0390625 0.029296875
end
case corpus_152_alternate 9.765625e-13
op 1152
frame -0.005410170368327978 -0.0039684978026711904 -0.006742563758180388 -0.4694114027344909 0.9623779225820954 1.165028811600422 1.0 0.0 0.0
offsets 0.0014411658801364794 -0.0009483208473347776
boundary P 17 -0.0010761971227679877 0.00020117610791972794 -0.0009330818251946861 0.0005777398063816517 -0.0004960605319054103 0.0006568903052316206 -0.00036245729128791355 0.00127390524098216 9.756180446622855e-05 0.0010528595454943048 0.0005665528100944749 0.0011377914232377224 0.0008390558637299612 0.0007649004863119831 0.0012023491328234494 0.00046579253556673525 0.001188251134093486 0.0 0.0012112812477626572 -0.00046925285532904693 0.0009920324811988315 -0.0009043570995774392 0.0005341682723906699 -0.0010727545041925894 0.00011528662082304324 -0.0012441407768686715 -0.00036015000090398457 -0.0012657959564313897 -0.0007732460785602006 -0.0010239432889642128 -0.0009898887503515365 -0.0006129131653037458 -0.0011587738164567315 -0.0002166123672162157
end
case corpus_153 1.953125e-12
op 1153
frame 0.014768882453892986 -0.005579156733800461 -0.014250354879070965 0.07125350619766135 0.04384569947218431 1.0035261574561485 1.0 0.0 0.0
offsets -0.0026566873864377486 0.002221742527488478
boundary P 18 0.001973673578497181 0.0 0.0023070888627646285 0.0008397116738533882 0.001614737817356421 0.0013549259069917789 0.0013112160607777693 0.002271092836967417 0.00039379541446421204 0.0022333247746997055 -0.00036710026384564334 0.002081929052324662 -0.001192067228762384 0.0020647210062542816 -0.0012905684658349361 0.0010829155236911235 -0.0018220682640477765 0.0006631786129144822 -0.0021941043699719564 2.6870028936813765e-19 -0.0022872734859946974 -0.0008324994665283631 -0.0016929746336872863 -0.0014205743907194912 -0.001067396212155418 -0.0018487844712597504 -0.00041167544463644124 -0.002334727464749686 0.00030124313446233577 -0.0017084347117609017 0.0012270729784493557 -0.002125352743269158 0.001865137952453549 -0.0015650365679985212 0.0014896236841742479 -0.0005421786812973842
boundary C 0.0 0.0 0.000390625
transform R 0.0 0.0 0.0 0.4185398705259082 -0.2428494870526714 -0.800799541129599 0.526656540268312
transform T 0.0390625 -0.078125 0.05859375
end
case corpus_153_alternate 1.953125e-12
op 1153
frame 0.014768882453892986 -0.005579156733800461 -0.014250354879070965 0.07125350619766135 0.04384569947218431 1.0035261574561485 1.0 0.0 0.0
offsets 0.002221742527488478 -0.0026566873864377486
boundary P 18 0.001973673578497181 0.0 0.0014896236841742479 -0.0005421786812973842 0.001865137952453549 -0.0015650365679985212 0.0012270729784493557 -0.002125352743269158 0.00030124313446233577 -0.0017084347117609017 -0.00041167544463644124 -0.002334727464749686 -0.001067396212155418 -0.0018487844712597504 -0.0016929746336872863 -0.0014205743907194912 -0.0022872734859946974 -0.0008324994665283631 -0.0021941043699719564 2.6870028936813765e-19 -0.0018220682640477765 0.0006631786129144822 -0.0012905684658349361 0.0010829155236911235 -0.001192067228762384 0.0020647210062542816 -0.00036710026384564334 0.002081929052324662 0.00039379541446421204 0.0022333247746997055 0.0013112160607777693 0.002271092836967417 0.001614737817356421 0.0013549259069917789 0.0023070888627646285 0.0008397116738533882
boundary C 0.0 0.0 0.000390625
end
case corpus_154 3.90625e-12
op 1154
frame 0.013771309380442888 0.01735011366374352 -0.037887159906913055 -0.5049254573573807 0.42329105471764605 1.2724254847593368 1.0 0.0 0.0
offsets -0.004584973395312969 0.002536947818685516
boundary P 19 0.005395486711932044 0.0 0.004061898961445691 0.001394451674800322 0.0037768088047747703 0.002939608287331872 0.0019269705151839188 0.0029494479430190526 0.0011064443608356858 0.0043692499712864865 -0.00034580411650053113 0.004173235064423769 -0.0015370491344256893 0.003504119073004943 -0.003549412631893745 0.0038556899398002613 -0.0036665885983518365 0.001984258520883686 -0.0035454098435609453 0.00059162426442021 -0.00389208339517594 -0.0006494738485354726 -0.002868265203895892 -0.001552227504755489 -0.0023952117643996165 -0.0026018935698551076 -0.0013642731746132204 -0.003110229559276537 -0.00040589946828202 -0.00489847810606638 0.0009390064297628431 -0.0037080525343184626 0.002594661575320082 -0.003971425190918387 0.004001432236808284 -0.00311443972213997 0.0029837128395453967 -0.0010243099116248008
transform R 0.0 0.0 0.0 1.2078720327387122 -0.13164293870471133 0.17241414367111707 -1.1269814271983576
transform T 0.078125 -0.15625 0.1171875
end
case corpus_154_alternate 3.90625e-12
op 1154
frame 0.013771309380442888 0.01735011366374352 -0.037887159906913055 -0.5049254573573807 0.42329105471764605 1.2724254847593368 1.0 0.0 0.0
offsets 0.002536947818685516 -0.004584973395312969
boundary P 19 -0.00389208339517594 -0.0006494738485354726 -0.0035454098435609453 0.00059162426442021 -0.0036665885983518365 0.001984258520883686 -0.003549412631893745 0.0038556899398002613 -0.0015370491344256893 0.003504119073004943 -0.00034580411650053113 0.004173235064423769 0.0011064443608356858 0.0043692499712864865 0.0019269705151839188 0.0029494479430190526 0.0037768088047747703 0.002939608287331872 0.004061898961445691 0.001394451674800322 0.005395486711932044 0.0 0.0029837128395453967 -0.0010243099116248008 0.004001432236808284 -0.00311443972213997 0.002594661575320082 -0.003971425190918387 0.0009390064297628431 -0.0037080525343184626 -0.00040589946828202 -0.00489847810606638 -0.0013642731746132204 -0.003110229559276537 -0.0023952117643996165 -0.0026018935698551076 -0.002868265203895892 -0.001552227504755489
end
case corpus_155 7.8125e-12
op 1155
frame 0.03388939103638251 -0.055681877571149806 -0.04011042865082082 0.35065007903171486 0.8556734311740697 0.9087921696541615 1.0 0.0 0.0
offsets -0.004672690598034832 0.008599273281585166
boundary P 20 0.006547762497709512 0.0 0.00919208116457115 0.002986688219740678 0.008010875611420797 0.005820241818258156 0.00607039308468096 0.008355179291908111 0.0033099148254637366 0.010186870367782043 5.974944198332125e-19 0.009757824382494795 -0.002187256077523565 0.006731682021380798 -0.0045146709475154855 0.006213911469036778 -0.006571707008387616 0.0047746246231844865 -0.009775217764123677 0.003176160786529576 -0.00866186017016671 1.0607719332056609e-18 -0.006630257001159837 -0.0021543010907629505 -0.00523087771136595 -0.0038004551161027124 -0.005378576694201563 -0.007402975719766641 -0.001962134711533673 -0.006038829699407298 -1.4996707348362507e-18 -0.008163827240531066 0.0027866696043086837 -0.008576487164727519 0.006126607043526005 -0.008432551168540546 0.0054760165150185836 -0.00397855888222071 0.008335444248992074 -0.002708350013348833
boundary C 0.0 0.0 0.0015625
transform R 0.0 0.0 0.0 0.7396259320979648 -0.5553331907105261 0.625017754974889 2.4424417645293355
transform T 0.15625 -0.3125 0.234375
end
case corpus_155_alternate 7.8125e-12
op 1155
frame 0.03388939103638251 -0.055681877571149806 -0.04011042865082082 0.35065007903171486 0.8556734311740697 0.9087921696541615 1.0 0.0 0.0
offsets 0.008599273281585166 -0.004672690598034832
boundary P 20 0.00607039308468096 0.008355179291908111 0.008010875611420797 0.005820241818258156 0.00919208116457115 0.002986688219740678 0.006547762497709512 0.0 0.008335444248992074 -0.002708350013348833 0.0054760165150185836 -0.00397855888222071 0.006126607043526005 -0.008432551168540546 0.0027866696043086837 -0.008576487164727519 -1.4996707348362507e-18 -0.008163827240531066 -0.001962134711533673 -0.006038829699407298 -0.005378576694201563 -0.007402975719766641 -0.00523087771136595 -0.0038004551161027124 -0.006630257001159837 -0.0021543010907629505 -0.00866186017016671 1.0607719332056609e-18 -0.009775217764123677 0.003176160786529576 -0.006571707008387616 0.0047746246231844865 -0.0045146709475154855 0.006213911469036778 -0.002187256077523565 0.006731682021380798 5.974944198332125e-19 0.009757824382494795 0.0033099148254637366 0.010186870367782043
boundary C 0.0 0.0 0.0015625
end
case corpus_156 1.5625e-11
op 1156
frame -0.13685715908032123 0.05925334955580803 -0.04747298457596121 0.7226429157246748 0.6672350867218244 0.5729599196376101 1.0 0.0 0.0
offsets -0.007909025711588857 0.019730843007605556
boundary P 8 0.012731629789845607 0.0 0.01196577083016085 0.011965770830160849 1.2037718164937858e-18 0.01965908566179079 -0.011095757109110054 0.011095757109110056 -0.01360192127916667 1.6657549356785735e-18 -0.010187030613812962 -0.010187030613812958 -3.3110409900570072e-18 -0.018024467638953986 0.011297459513111088 -0.011297459513111093
transform R 0.0 0.0 0.0 0.30521867527628116 -0.7651991689036322 -0.5405567048739763 5.56759979066883
transform T 0.3125 -0.625 0.46875
end
case corpus_156_alternate 1.5625e-11
op 1156
frame -0.13685715908032123 0.05925334955580803 -0.04747298457596121 0.7226429157246748 0.6672350867218244 0.5729599196376101 1.0 0.0 0.0
offsets 0.019730843007605556 -0.007909025711588857
boundary P 8 1.2037718164937858e-18 0.01965908566179079 0.01196577083016085 0.011965770830160849 0.012731629789845607 0.0 0.011297459513111088 -0.011297459513111093 -3.3110409900570072e-18 -0.018024467638953986 -0.010187030613812962 -0.010187030613812958 -0.01360192127916667 1.6657549356785735e-18 -0.011095757109110054 0.011095757109110056
end
case corpus_157 3.125e-11
op 1157
frame -0.008373548579610549 0.16170840947275306 0.05717847507831157 -0.8923588809944398 0.02228562895072339 0.8876080542452771 1.0 0.0 0.0
offsets -0.040445451036737606 0.0250341030608996
boundary P 9 0.02988350310022482 0.0 0.02705609475179332 0.022702759127327315 0.006052237653627238 0.03432394537302188 -0.021482557460794437 0.03720888099861384 -0.03719673541900016 0.013538504504391443 -0.04028651454371825 -0.014663092136245897 -0.012926079522464676 -0.02238862647558444 0.005020295338506051 -0.028471509682380963 0.019845063545150858 -0.01665198550142578
boundary C 0.0 0.0 0.00625
transform R 0.0 0.0 0.0 0.31534046506193564 -0.2338560299455228 -0.26111624803532685 3.890366005075692
transform T 0.625 -1.25 0.9375
end
case corpus_157_alternate 3.125e-11
op 1157
frame -0.008373548579610549 0.16170840947275306 0.05717847507831157 -0.8923588809944398 0.02228562895072339 0.8876080542452771 1.0 0.0 0.0
offsets 0.0250341030608996 -0.040445451036737606
boundary P 9 -0.04028651454371825 -0.014663092136245897 -0.03719673541900016 0.013538504504391443 -0.021482557460794437 0.03720888099861384 0.006052237653627238 0.03432394537302188 0.02705609475179332 0.022702759127327315 0.02988350310022482 0.0 0.019845063545150858 -0.01665198550142578 0.005020295338506051 -0.028471509682380963 -0.012926079522464676 -0.02238862647558444
boundary C 0.0 0.0 0.00625
end
case corpus_158 6.25e-11
op 1158
frame 0.5574017947430004 0.058166043195238964 -0.41090860245243777 -0.40779185264231677 -0.8860038731657918 1.109611118202142 1.0 0.0 0.0
offsets -0.05520711709265502 0.043862916084689604
boundary P 10 0.0604260713738569 0.0 0.06557452522353174 0.04764268132865605 0.018176305814038146 0.05594091717052804 -0.01557234173785817 0.04792673980187318 -0.059270232085696484 0.04306234425500639 -0.0827440305001957 1.0133221210061563e-17 -0.04234826061429761 -0.030767812323341633 -0.02407807144189016 -0.07410468408363492 0.01952755700136929 -0.060099640704365666 0.0653207351242402 -0.04745829202833407
transform R 0.0 0.0 0.0 0.7481285026237285 -0.9670011287861038 -0.8987810747269533 -0.23765856260247156
transform T 1.25 -2.5 1.875
end
case corpus_158_alternate 6.25e-11
op 1158
frame 0.5574017947430004 0.058166043195238964 -0.41090860245243777 -0.40779185264231677 -0.8860038731657918 1.109611118202142 1.0 0.0 0.0
offsets 0.043862916084689604 -0.05520711709265502
boundary P 10 -0.0827440305001957 1.0133221210061563e-17 -0.059270232085696484 0.04306234425500639 -0.01557234173785817 0.04792673980187318 0.018176305814038146 0.05594091717052804 0.06557452522353174 0.04764268132865605 0.0604260713738569 0.0 0.0653207351242402 -0.04745829202833407 0.01952755700136929 -0.060099640704365666 -0.02407807144189016 -0.07410468408363492 -0.04234826061429761 -0.030767812323341633
end
case corpus_159 1.25e-10
op 1159
frame -0.012237365716945281 -0.527546877744913 0.0937026760175988 -0.7110049177886371 0.2214192404444102 1.3427838919006936 1.0 0.0 0.0
offsets -0.1543690315651008 0.09980569631587002
boundary P 11 0.14592776884782616 0.0 0.1450534875538601 0.09322021605303808 0.06684512617136777 0.14637040933980325 -0.023102679435162966 0.16068266490886787 -0.07235913257254002 0.08350689056111515 -0.13405827119884353 0.03936306002149688 -0.11526590291857437 -0.0338451228293552 -0.08410278607277141 -0.09705978917620495 -0.02459778334756619 -0.17108134102930825 0.04186546934079998 -0.09167259059256101 0.1159231817304715 -0.07449930524736682
boundary C 0.0 0.0 0.025
transform R 0.0 0.0 0.0 0.5812064257439651 -0.30765285267300135 -0.2593401153719823 -3.204896546904388
transform T 2.5 -5.0 3.75
end
case corpus_159_alternate 1.25e-10
op 1159
frame -0.012237365716945281 -0.527546877744913 0.0937026760175988 -0.7110049177886371 0.2214192404444102 1.3427838919006936 1.0 0.0 0.0
offsets 0.09980569631587002 -0.1543690315651008
boundary P 11 0.04186546934079998 -0.09167259059256101 -0.02459778334756619 -0.17108134102930825 -0.08410278607277141 -0.09705978917620495 -0.11526590291857437 -0.0338451228293552 -0.13405827119884353 0.03936306002149688 -0.07235913257254002 0.08350689056111515 -0.023102679435162966 0.16068266490886787 0.06684512617136777 0.14637040933980325 0.1450534875538601 0.09322021605303808 0.14592776884782616 0.0 0.1159231817304715 -0.07449930524736682
boundary C 0.0 0.0 0.025
end
case corpus_160 2.5e-10
op 1160
frame 1.7163692764026277 0.39120715356932234 -2.2795445436032757 0.9653186690949775 0.754491761616898 0.8750413951641485 1.0 0.0 0.0
offsets -0.15917993659169719 0.2625788317967901
boundary P 12 0.256728859150104 0.0 0.23947628099109639 0.13826169529473992 0.12206741122693472 0.21142695819345447 2.1299458043182608e-17 0.34784654739655746 -0.13662434976325172 0.236640315341013 -0.2171515120748486 0.12537248395134806 -0.3127024296578456 3.82950029566081e-17 -0.17943709288804718 -0.10359805388151784 -0.1341827644932532 -0.23241136560236342 -4.3398082443118926e-17 -0.2362481572827603 0.16543884984117638 -0.2865484934706757 0.2199921077907234 -0.12701250265256747
transform R 0.0 0.0 0.0 0.970106668059229 -0.9862362125521182 0.9374001141554336 4.359080283602723
transform T 5.0 -10.0 7.5
end
case corpus_160_alternate 2.5e-10
op 1160
frame 1.7163692764026277 0.39120715356932234 -2.2795445436032757 0.9653186690949775 0.754491761616898 0.8750413951641485 1.0 0.0 0.0
offsets 0.2625788317967901 -0.15917993659169719
boundary P 12 -0.3127024296578456 3.82950029566081e-17 -0.2171515120748486 0.12537248395134806 -0.13662434976325172 0.236640315341013 2.1299458043182608e-17 0.34784654739655746 0.12206741122693472 0.21142695819345447 0.23947628099109639 0.13826169529473992 0.256728859150104 0.0 0.2199921077907234 -0.12701250265256747 0.16543884984117638 -0.2865484934706757 -4.3398082443118926e-17 -0.2362481572827603 -0.1341827644932532 -0.23241136560236342 -0.17943709288804718 -0.10359805388151784
end
case corpus_161 5e-10
op 1161
frame 2.745178754187274 -4.892578039878632 -3.0072895043420225 -0.44950247377905206 -0.7396651524087723 0.5044701156998844 1.0 0.0 0.0
offsets -0.2697474507839962 0.638222307581503
boundary P 13 0.5495052143267161 0.0 0.43344565124204587 0.22748982684394964 0.34386629451634093 0.49817633296212377 0.05234033227792775 0.43106141811338916 -0.24064759724359028 0.6345355645337863 -0.42908676812147534 0.38013770542092795 -0.5123945160209431 0.12629390533814638 -0.6081732122241968 -0.14990123370231317 -0.3354989290067282 -0.29722611490012374 -0.229964685412831 -0.6063670410702666 0.05523786205534832 -0.45492472276817 0.23965329785152684 -0.3471977422907323 0.477963933645476 -0.25085482387720154
boundary C 0.0 0.0 0.1
transform R 0.0 0.0 0.0 0.3352972644042262 0.09258426966079947 0.17838468763034787 0.029326788540906076
transform T 10.0 -20.0 15.0
end
case corpus_161_alternate 5e-10
op 1161
frame 2.745178754187274 -4.892578039878632 -3.0072895043420225 -0.44950247377905206 -0.7396651524087723 0.5044701156998844 1.0 0.0 0.0
offsets 0.638222307581503 -0.2697474507839962
boundary P 13 -0.42908676812147534 0.38013770542092795 -0.24064759724359028 0.6345355645337863 0.05234033227792775 0.43106141811338916 0.34386629451634093 0.49817633296212377 0.43344565124204587 0.22748982684394964 0.5495052143267161 0.0 0.477963933645476 -0.25085482387720154 0.23965329785152684 -0.3471977422907323 0.05523786205534832 -0.45492472276817 -0.229964685412831 -0.6063670410702666 -0.3354989290067282 -0.29722611490012374 -0.6081732122241968 -0.14990123370231317 -0.5123945160209431 0.12629390533814638
boundary C 0.0 0.0 0.1
end
case corpus_162 1e-09
op 1162
frame -1.730648264795942 -1.289281365232795 -7.952969132395895 -0.21901512266220502 -0.1430783501902968 0.8282948461854496 1.0 0.0 0.0
offsets -1.314255001667336 1.2576331070553246
boundary P 14 1.0821837550139703 0.0 1.1643532976047386 0.560722995451291 0.8079388867059006 1.0131233191845601 0.2313814698760332 1.0137484565298864 -0.2388787944579471 1.0465963817638775 -0.7146305511041667 0.8961183671666653 -1.0028293582785004 0.48293716594196756 -1.3545017533944221 1.6587862367339566e-16 -1.25230649011018 -0.6030790206050038 -0.699712254242658 -0.8774114145968548 -0.18030631964383415 -0.7899736022052742 0.2953347428852521 -1.2939460533290892 0.5985977403588191 -0.7506178246244766 1.1012966695690911 -0.530356523841735
transform R 0.0 0.0 0.0 0.5590741616159178 -0.3866255275137005 -0.38126076475180914 1.2370430634350336
transform T 20.0 -40.0 30.0
end
case corpus_162_alternate 1e-09
op 1162
frame -1.730648264795942 -1.289281365232795 -7.952969132395895 -0.21901512266220502 -0.1430783501902968 0.8282948461854496 1.0 0.0 0.0
offsets 1.2576331070553246 -1.314255001667336
boundary P 14 -1.0028293582785004 0.48293716594196756 -0.7146305511041667 0.8961183671666653 -0.2388787944579471 1.0465963817638775 0.2313814698760332 1.0137484565298864 0.8079388867059006 1.0131233191845601 1.1643532976047386 0.560722995451291 1.0821837550139703 0.0 1.1012966695690911 -0.530356523841735 0.5985977403588191 -0.7506178246244766 0.2953347428852521 -1.2939460533290892 -0.18030631964383415 -0.7899736022052742 -0.699712254242658 -0.8774114145968548 -1.25230649011018 -0.6030790206050038 -1.3545017533944221 1.6587862367339566e-16
end
case corpus_163 2e-09
op 1163
frame 3.9866852208464554 0.9805355240633862 -2.3262858141368437 -0.49761409015166413 -0.4741829840106937 1.2242820485767918 1.0 0.0 0.0
offsets -2.0095165135374558 1.7742317753163253
boundary P 15 2.7813744808908227 0.0 1.5512459090614727 0.6906591766816844 1.3938982280358507 1.5480808164548516 0.6596623710290844 2.0302320194102066 -0.22481861695442176 2.1390062577986364 -0.9259946203877082 1.6038697300469669 -1.6055980473262075 1.166535264264854 -1.978825655816081 0.4206123775446927 -2.398466293879891 -0.5098097487085498 -1.3941323207790095 -1.012896420712762 -1.126726336530945 -1.9515472610975433 -0.2891241818911942 -2.750832839041743 0.5589719651346627 -1.7203388148374523 1.0943336791437845 -1.2153806794561608 2.293390230787513 -1.0210831173529646
boundary C 0.0 0.0 0.4
transform R 0.0 0.0 0.0 0.6104092869249473 0.028825804961362778 -0.12028245151432593 -3.5020991026079153
transform T 40.0 -80.0 60.0
end
case corpus_163_alternate 2e-09
op 1163
frame 3.9866852208464554 0.9805355240633862 -2.3262858141368437 -0.49761409015166413 -0.4741829840106937 1.2242820485767918 1.0 0.0 0.0
offsets 1.7742317753163253 -2.0095165135374558
boundary P 15 -1.3941323207790095 -1.012896420712762 -2.398466293879891 -0.5098097487085498 -1.978825655816081 0.4206123775446927 -1.6055980473262075 1.166535264264854 -0.9259946203877082 1.6038697300469669 -0.22481861695442176 2.1390062577986364 0.6596623710290844 2.0302320194102066 1.3938982280358507 1.5480808164548516 1.5512459090614727 0.6906591766816844 2.7813744808908227 0.0 2.293390230787513 -1.0210831173529646 1.0943336791437845 -1.2153806794561608 0.5589719651346627 -1.7203388148374523 -0.2891241818911942 -2.750832839041743 -1.126726336530945 -1.9515472610975433
boundary C 0.0 0.0 0.4
end
case corpus_164 4e-09
op 1164
frame -25.736973758800268 13.296139485110308 -2.95098917799244 0.3272618224541335 0.44849635457961434 0.872389441724951 1.0 0.0 0.0
offsets -3.65396344381195 5.017353591845115
boundary P 16 3.5410813864935173 0.0 4.954943452965379 2.0524047790100344 3.483652616797759 3.4836526167977584 1.303187016562668 3.1461717696941234 2.1325459251114103e-16 3.482711793467589 -1.8462346234943143 4.457204667362759 -3.214728552281013 3.214728552281014 -4.840613442599319 2.0050477381301564 -5.062645755006522 6.199952919085673e-16 -3.9390744375714832 -1.6316180552392794 -2.2894827476892523 -2.2894827476892514 -1.3682313559204977 -3.3032026959273892 -9.608440771476347e-16 -5.23059153499938 1.4982889180498575 -3.617189426309274 2.345245941431365 -2.3452459414313664 3.360764633287119 -1.3920742910513686
transform R 0.0 0.0 0.0 0.8237142124724008 -0.5859084248900002 0.31788233910065045 2.763619457533948
transform T 80.0 -160.0 120.0
end
case corpus_164_alternate 4e-09
op 1164
frame -25.736973758800268 13.296139485110308 -2.95098917799244 0.3272618224541335 0.44849635457961434 0.872389441724951 1.0 0.0 0.0
offsets 5.017353591845115 -3.65396344381195
boundary P 16 2.345245941431365 -2.3452459414313664 1.4982889180498575 -3.617189426309274 -9.608440771476347e-16 -5.23059153499938 -1.3682313559204977 -3.3032026959273892 -2.2894827476892523 -2.2894827476892514 -3.9390744375714832 -1.6316180552392794 -5.062645755006522 6.199952919085673e-16 -4.840613442599319 2.0050477381301564 -3.214728552281013 3.214728552281014 -1.8462346234943143 4.457204667362759 2.1325459251114103e-16 3.482711793467589 1.303187016562668 3.1461717696941234 3.483652616797759 3.4836526167977584 4.954943452965379 2.0524047790100344 3.5410813864935173 0.0 3.360764633287119 -1.3920742910513686
end
case corpus_165 8e-09
op 1165
frame 22.55857856567344 53.71499292287227 10.192920339183527 -0.9778037565657973 0.354589342054773 0.5734911229431234 1.0 0.0 0.0
offsets -9.303726333760212 6.856346261609201
boundary P 17 10.925799457599183 0.0 6.555980111059068 2.5398002258165167 6.804960351281454 6.203541035861403 3.472558109363939 6.973836795320171 0.6583911366802673 7.1051719134881 -2.7963827360862323 9.828265864467307 -6.5824279626696836 8.716543315701113 -6.035200068753744 3.7368376760192588 -10.848610883905419 2.027956837820131 -10.361093599193754 -1.936824063157405 -7.020169341862352 -4.34670482997321 -5.837730162945767 -7.730404057480007 -2.0150579645802766 -7.082194133384385 1.0176443042249121 -10.982131024359914 4.422245053621767 -8.881065284324082 6.747146504143492 -6.150836750362699 9.661287408206942 -3.7428026817302817
boundary C 0.0 0.0 1.6
transform R 0.0 0.0 0.0 0.6460557767090427 -0.020192635263823977 0.42559218831744383 2.8057710501523454
transform T 160.0 -320.0 240.0
end
case corpus_165_alternate 8e-09
op 1165
frame 22.55857856567344 53.71499292287227 10.192920339183527 -0.9778037565657973 0.354589342054773 0.5734911229431234 1.0 0.0 0.0
offsets 6.856346261609201 -9.303726333760212
boundary P 17 -2.7963827360862323 9.828265864467307 0.6583911366802673 7.1051719134881 3.472558109363939 6.973836795320171 6.804960351281454 6.203541035861403 6.555980111059068 2.5398002258165167 10.925799457599183 0.0 9.661287408206942 -3.7428026817302817 6.747146504143492 -6.150836750362699 4.422245053621767 -8.881065284324082 1.0176443042249121 -10.982131024359914 -2.0150579645802766 -7.082194133384385 -5.837730162945767 -7.730404057480007 -7.020169341862352 -4.34670482997321 -10.361093599193754 -1.936824063157405 -10.848610883905419 2.027956837820131 -6.035200068753744 3.7368376760192588 -6.5824279626696836 8.716543315701113
boundary C 0.0 0.0 1.6
end
case corpus_166 1.6e-08
op 1166
frame 67.75812594206204 -91.30222854751615 -120.85464870911373 0.4090685264929841 0.714692755397597 1.0007538973922623 1.0 0.0 0.0
offsets -16.284979529311133 23.852900639085124
boundary P 18 20.303551446459625 0.0 12.64459072586819 4.602254648694494 12.071348615415111 10.129064171007188 8.193226484360029 14.191084548830498 3.8371880977014623 21.76177509694776 -3.8527063960755665 21.849783740388233 -9.065040921195656 15.701111448201864 -15.979786792086193 13.4086332035311 -20.23375914204069 7.364486055014467 -18.90980307020342 2.315782980243141e-15 -15.796302642148499 -5.749383973202619 -15.912366646462296 -13.35206098420415 -8.442877184000436 -14.623492244752786 -3.7615794856701927 -21.3329773501283 2.4253883633978366 -13.755060930850531 10.825144545018048 -18.74970035124837 14.146133114648821 -11.87001507908654 13.57457488535597 -4.940741201087118
transform R 0.0 0.0 0.0 0.9874229553979752 0.4023616700913726 -0.23533379298304258 2.5470733095546474
transform T 320.0 -640.0 480.0
end
case corpus_166_alternate 1.6e-08
op 1166
frame 67.75812594206204 -91.30222854751615 -120.85464870911373 0.4090685264929841 0.714692755397597 1.0007538973922623 1.0 0.0 0.0
offsets 23.852900639085124 -16.284979529311133
boundary P 18 -3.7615794856701927 -21.3329773501283 -8.442877184000436 -14.623492244752786 -15.912366646462296 -13.35206098420415 -15.796302642148499 -5.749383973202619 -18.90980307020342 2.315782980243141e-15 -20.23375914204069 7.364486055014467 -15.979786792086193 13.4086332035311 -9.065040921195656 15.701111448201864 -3.8527063960755665 21.849783740388233 3.8371880977014623 21.76177509694776 8.193226484360029 14.191084548830498 12.071348615415111 10.129064171007188 12.64459072586819 4.602254648694494 20.303551446459625 0.0 13.57457488535597 -4.940741201087118 14.146133114648821 -11.87001507908654 10.825144545018048 -18.74970035124837 2.4253883633978366 -13.755060930850531
end
case corpus_167 3.2e-08
op 1167
frame 36.75274267236908 -54.59389488060829 -60.285078902031515 -0.8200171341835616 0.6656695667507184 0.6347996544913812 1.0 0.0 0.0
offsets -38.852413976055544 24.528136006016066
boundary P 19 39.697510500746326 0.0 39.707597990342734 13.631635608243734 29.470192795882024 22.937571757013806 18.275999566893663 27.973499804197452 7.877665304800667 31.108196783440775 -2.576299321834273 31.091309077326876 -10.562544950398705 24.080177003576175 -26.690107853402974 28.993185919790932 -26.716618396252514 14.458310846706812 -26.655736495069828 4.448055709304217 -32.24243437083915 -5.38031070016029 -32.33449767891876 -17.49855507834413 -21.648593126124144 -23.516641028769705 -13.531630163052302 -30.849009495664255 -3.145030875577766 -37.95487821683084 10.345780708494445 -40.85456410061519 17.6161461160209 -26.96351891033572 30.280839927838855 -23.568523745949374 25.684613042828754 -8.817538795062333
boundary C 0.0 0.0 6.4
transform R 0.0 0.0 0.0 0.47498089220639034 -0.6567651880461707 0.8301076710849413 1.3309227664254661
transform T 640.0 -1280.0 960.0
end
case corpus_167_alternate 3.2e-08
op 1167
frame 36.75274267236908 -54.59389488060829 -60.285078902031515 -0.8200171341835616 0.6656695667507184 0.6347996544913812 1.0 0.0 0.0
offsets 24.528136006016066 -38.852413976055544
boundary P 19 -2.576299321834273 31.091309077326876 7.877665304800667 31.108196783440775 18.275999566893663 27.973499804197452 29.470192795882024 22.937571757013806 39.707597990342734 13.631635608243734 39.697510500746326 0.0 25.684613042828754 -8.817538795062333 30.280839927838855 -23.568523745949374 17.6161461160209 -26.96351891033572 10.345780708494445 -40.85456410061519 -3.145030875577766 -37.95487821683084 -13.531630163052302 -30.849009495664255 -21.648593126124144 -23.516641028769705 -32.33449767891876 -17.49855507834413 -32.24243437083915 -5.38031070016029 -26.655736495069828 4.448055709304217 -26.716618396252514 14.458310846706812 -26.690107853402974 28.993185919790932 -10.562544950398705 24.080177003576175
boundary C 0.0 0.0 6.4
end
case corpus_168 6.4e-08
op 1168
frame -288.17333965422023 -18.08010154745446 110.41849541452393 0.053909674512621075 -0.4581875427696116 0.9601645197512017 1.0 0.0 0.0
offsets -61.96519076762479 79.84047859666728
boundary P 20 71.61522189905847 0.0 58.84390551693293 19.119543905719688 56.460692643520794 41.02109436615728 30.45778986956309 41.9215513139767 27.511804301771434 84.67262717754924 5.189129913580218e-15 84.74492265350455 -27.38407415095934 84.279514195194 -37.093678246356674 51.055068102060204 -58.48708291208375 42.493353074604485 -54.050154226321915 17.56195969255826 -66.12462131823224 8.097930584220395e-15 -78.0168332272143 -25.349205753239737 -71.50082884683053 -51.94839294485487 -45.644671885531025 -62.82450114908376 -23.99244443198016 -73.84115124489738 -1.0095281384927022e-14 -54.95615221170028 18.329382876540294 -56.41203992571009 51.7898839147434 -71.2826598835537 70.1520072011657 -50.968416656585234 51.801813418760915 -16.831429480337498
transform R 0.0 0.0 0.0 0.9683679169234056 0.20864327086778012 -0.7059041550991307 4.735457077336137
transform T 1280.0 -2560.0 1920.0
end
case corpus_168_alternate 6.4e-08
op 1168
frame -288.17333965422023 -18.08010154745446 110.41849541452393 0.053909674512621075 -0.4581875427696116 0.9601645197512017 1.0 0.0 0.0
offsets 79.84047859666728 -61.96519076762479
boundary P 20 18.329382876540294 -56.41203992571009 -1.0095281384927022e-14 -54.95615221170028 -23.99244443198016 -73.84115124489738 -45.644671885531025 -62.82450114908376 -71.50082884683053 -51.94839294485487 -78.0168332272143 -25.349205753239737 -66.12462131823224 8.097930584220395e-15 -54.050154226321915 17.56195969255826 -58.48708291208375 42.493353074604485 -37.093678246356674 51.055068102060204 -27.38407415095934 84.279514195194 5.189129913580218e-15 84.74492265350455 27.511804301771434 84.67262717754924 30.45778986956309 41.9215513139767 56.460692643520794 41.02109436615728 58.84390551693293 19.119543905719688 71.61522189905847 0.0 51.801813418760915 -16.831429480337498 70.1520072011657 -50.968416656585234 51.7898839147434 -71.2826598835537
end
case corpus_169 1.28e-07
op 1169
frame -201.64179981786845 -214.198234344953 -7.806009222156263 -0.8126563806986395 0.4324056399589362 0.6293835754902616 1.0 0.0 0.0
offsets -179.01900447839722 179.66265425620082
boundary P 8 137.60518350702273 0.0 96.59979756913347 96.59979756913346 9.056447868661542e-15 147.9030178328477 -75.47599948538272 75.47599948538273 -102.64724989106767 1.2570662602037452e-14 -107.02515029975189 -107.02515029975186 -2.7265984573315837e-14 -148.4291067557845 76.47886284971737 -76.47886284971742
boundary C 0.0 0.0 25.6
transform R 0.0 0.0 0.0 0.5558049996462766 0.6767208705220675 -0.9984790030396129 4.1028663897913615
transform T 2560.0 -5120.0 3840.0
end
case corpus_169_alternate 1.28e-07
op 1169
frame -201.64179981786845 -214.198234344953 -7.806009222156263 -0.8126563806986395 0.4324056399589362 0.6293835754902616 1.0 0.0 0.0
offsets 179.66265425620082 -179.01900447839722
boundary P 8 96.59979756913347 96.59979756913346 137.60518350702273 0.0 76.47886284971737 -76.47886284971742 -2.7265984573315837e-14 -148.4291067557845 -107.02515029975189 -107.02515029975186 -102.64724989106767 1.2570662602037452e-14 -75.47599948538272 75.47599948538273 9.056447868661542e-15 147.9030178328477
boundary C 0.0 0.0 25.6
end
case corpus_170 2.56e-07
op 1170
frame 1745.0785630535881 523.7834918662168 380.15521679792016 -0.4201597137936599 0.8653277062291509 0.7196728430994933 1.0 0.0 0.0
offsets -207.77314168029974 205.27608777589487
boundary P 9 336.19638577760907 0.0 198.844584000095 166.85041709607938 36.62043092498744 207.68478413144732 -133.42401594033393 231.09717455853826 -196.62251050936916 71.56474121210397 -215.219539927591 -78.33350636610956 -110.34910622077007 -191.1302585441884 37.95599582528248 -215.25914906941068 209.05071056413382 -175.41437413171315
transform R 0.0 0.0 0.0 0.9608973511986418 0.6244430591655388 0.8736506804419906 -2.0646880446380114
transform T 5120.0 -10240.0 7680.0
end
case corpus_170_alternate 2.56e-07
op 1170
frame 1745.0785630535881 523.7834918662168 380.15521679792016 -0.4201597137936599 0.8653277062291509 0.7196728430994933 1.0 0.0 0.0
offsets 205.27608777589487 -207.77314168029974
boundary P 9 36.62043092498744 207.68478413144732 198.844584000095 166.85041709607938 336.19638577760907 0.0 209.05071056413382 -175.41437413171315 37.95599582528248 -215.25914906941068 -110.34910622077007 -191.1302585441884 -215.219539927591 -78.33350636610956 -196.62251050936916 71.56474121210397 -133.42401594033393 231.09717455853826
end
case corpus_171 5.12e-07
op 1171
frame 458.85816486475846 -664.1905100939721 -4703.3921585343205 -0.2677440607513173 -0.6424717805122591 1.4941921870918946 1.0 0.0 0.0
offsets -382.810878954814 684.9274651733951
boundary P 10 539.7175799795691 0.0 463.41216989905615 336.68864942691005 171.549290761246 527.9744279899776 -176.98488239103145 544.7034588637761 -362.8424155875018 263.6204458885154 -547.5937859544425 6.706089772020889e-14 -334.5909720419092 -243.09457067509965 -213.25483280660052 -656.3308881519353 159.05876448321527 -489.5325408934279 411.09157639071617 -298.67551315262
boundary C 0.0 0.0 102.4
transform R 0.0 0.0 0.0 0.38356108538243977 0.017860785441673244 0.39968501688481295 -3.329367394544985
transform T 10240.0 -20480.0 15360.0
end
case corpus_171_alternate 5.12e-07
op 1171
frame 458.85816486475846 -664.1905100939721 -4703.3921585343205 -0.2677440607513173 -0.6424717805122591 1.4941921870918946 1.0 0.0 0.0
offsets 684.9274651733951 -382.810878954814
boundary P 10 539.7175799795691 0.0 411.09157639071617 -298.67551315262 159.05876448321527 -489.5325408934279 -213.25483280660052 -656.3308881519353 -334.5909720419092 -243.09457067509965 -547.5937859544425 6.706089772020889e-14 -362.8424155875018 263.6204458885154 -176.98488239103145 544.7034588637761 171.549290761246 527.9744279899776 463.41216989905615 336.68864942691005
boundary C 0.0 0.0 102.4
end
case corpus_172 1.024e-06
op 1172
frame 2830.789739626264 -8455.472134759744 -9257.091014415797 0.4838964947818114 0.28855386957900575 1.3753345747771284 1.0 0.0 0.0
offsets -1041.5369868759203 1084.861771407613
boundary P 11 1184.7939217955795 0.0 840.2544855258215 539.9987687380976 422.835078478541 925.8796723857763 -171.6410996486838 1193.7900699717914 -906.5638636442907 1046.23047093761 -1186.2793392910019 348.32304204125967 -1050.5243463263032 -308.4617795581622 -701.3563653084603 -809.4083933833864 -146.0500473135551 -1015.800391390519 426.41693545205027 -933.7228451260772 769.9495119835541 -494.81650574163035
transform R 0.0 0.0 0.0 0.8378375264991689 -0.7071970277841351 0.319719527577748 -5.247505529775751
transform T 20480.0 -40960.0 30720.0
end
case corpus_172_alternate 1.024e-06
op 1172
frame 2830.789739626264 -8455.472134759744 -9257.091014415797 0.4838964947818114 0.28855386957900575 1.3753345747771284 1.0 0.0 0.0
offsets 1084.861771407613 -1041.5369868759203
boundary P 11 422.835078478541 925.8796723857763 840.2544855258215 539.9987687380976 1184.7939217955795 0.0 769.9495119835541 -494.81650574163035 426.41693545205027 -933.7228451260772 -146.0500473135551 -1015.800391390519 -701.3563653084603 -809.4083933833864 -1050.5243463263032 -308.4617795581622 -1186.2793392910019 348.32304204125967 -906.5638636442907 1046.23047093761 -171.6410996486838 1193.7900699717914
end
case corpus_173 2.048e-06
op 1173
frame 17652.105087963522 18645.322724228863 13138.909587519123 0.6044460448557736 0.3680974979843228 0.9891980940289411 1.0 0.0 0.0
offsets -1431.572390545218 2936.615166022343
boundary P 12 2156.3932589535016 0.0 1446.2719706842508 835.0055115959626 1035.6177687851045 1793.7425927569186 1.2587756453902883e-13 2055.7366356841776 -1360.9915108081268 2357.3064453896036 -2322.935455619648 1341.1474106121295 -1804.7971742754864 2.2102390825866623e-13 -1789.881582919416 -1033.3886137160773 -1061.184206237448 -1838.0249613929077 -4.5468465167762133e-13 -2475.187958923833 1323.9115766798839 -2293.0821155381777 1720.6370720293257 -993.410276713782
boundary C 0.0 0.0 409.6
transform R 0.0 0.0 0.0 0.32566235128333215 -0.23178921019616783 -0.8569953121498204 -1.4312814417447324
transform T 40960.0 -81920.0 61440.0
end
case corpus_173_alternate 2.048e-06
op 1173
frame 17652.105087963522 18645.322724228863 13138.909587519123 0.6044460448557736 0.3680974979843228 0.9891980940289411 1.0 0.0 0.0
offsets 2936.615166022343 -1431.572390545218
boundary P 12 -1061.184206237448 -1838.0249613929077 -1789.881582919416 -1033.3886137160773 -1804.7971742754864 2.2102390825866623e-13 -2322.935455619648 1341.1474106121295 -1360.9915108081268 2357.3064453896036 1.2587756453902883e-13 2055.7366356841776 1035.6177687851045 1793.7425927569186 1446.2719706842508 835.0055115959626 2156.3932589535016 0.0 1720.6370720293257 -993.410276713782 1323.9115766798839 -2293.0821155381777 -4.5468465167762133e-13 -2475.187958923833
boundary C 0.0 0.0 409.6
end
case corpus_174 4.096e-06
op 1174
frame 22563.15933159781 34919.740638066614 37034.00831576131 -0.09414202312472475 -0.8027906733602985 1.2257601326938818 1.0 0.0 0.0
offsets -4757.658111732218 3194.8461083492493
boundary P 13 4890.415250645225 0.0 5029.227171211309 2639.5420396059235 2396.722231653888 3472.2516034132323 604.435129427356 4977.971149762475 -1506.5140076027367 3972.350969806831 -3768.803981093789 3338.8689747446624 -4595.806939693086 1132.7646734030836 -3490.790122865127 -860.4024897769295 -4018.8695014594778 -3560.4076941343756 -1984.105010471737 -5231.6549482919445 611.646448766964 -5037.361707783643 2566.0436049481855 -3717.555962069586 3063.311323407012 -1607.749807926489
transform R 0.0 0.0 0.0 1.1027913644656964 -0.5369406975034225 0.8118189416895674 4.573414906708211
transform T 81920.0 -163840.0 122880.0
end
case corpus_174_alternate 4.096e-06
op 1174
frame 22563.15933159781 34919.740638066614 37034.00831576131 -0.09414202312472475 -0.8027906733602985 1.2257601326938818 1.0 0.0 0.0
offsets 3194.8461083492493 -4757.658111732218
boundary P 13 -4595.806939693086 1132.7646734030836 -3768.803981093789 3338.8689747446624 -1506.5140076027367 3972.350969806831 604.435129427356 4977.971149762475 2396.722231653888 3472.2516034132323 5029.227171211309 2639.5420396059235 4890.415250645225 0.0 3063.311323407012 -1607.749807926489 2566.0436049481855 -3717.555962069586 611.646448766964 -5037.361707783643 -1984.105010471737 -5231.6549482919445 -4018.8695014594778 -3560.4076941343756 -3490.790122865127 -860.4024897769295
end
case corpus_175 2.44140625e-13
op 1175
frame 0.0006979742516251362 -0.0005944517281400967 -0.0003283587126745108 0.9248054828350876 0.6400431899624195 1.041356607642752 1.0 0.0 0.0
offsets -0.00026681716224063274 0.00028771006044020156
boundary P 14 0.0002842508021402066 0.0 0.00018568071945200212 8.941912169000558e-05 0.0001677883633930688 0.00021039995281624496 7.392695811547212e-05 0.00032389516639194 -4.4660336084590424e-05 0.00019566971719090601 -0.00013686962635017463 0.00017162908287383311 -0.0002989238974489805 0.00014395416196645363 -0.00020436829541719038 2.502789788298629e-20 -0.00030109023684936716 -0.00014499741603740245 -0.00014925215392813033 -0.00018715628133660406 -6.524992460776971e-05 -0.0002858785986417037 6.066258779893505e-05 -0.00026578016287660095 0.00020191292446991222 -0.00025319079894675525 0.00020582689708304488 -9.91210095031036e-05
boundary C 0.0 0.0 4.8828125e-05
transform R 0.0 0.0 0.0 0.8869161290129368 -0.2040613344005735 0.19953952369754258 1.304256193146139
transform T 0.0048828125 -0.009765625 0.00732421875
end
case corpus_175_alternate 2.44140625e-13
op 1175
frame 0.0006979742516251362 -0.0005944517281400967 -0.0003283587126745108 0.9248054828350876 0.6400431899624195 1.041356607642752 1.0 0.0 0.0
offsets 0.00028771006044020156 -0.00026681716224063274
boundary P 14 -0.0002989238974489805 0.00014395416196645363 -0.00013686962635017463 0.00017162908287383311 -4.4660336084590424e-05 0.00019566971719090601 7.392695811547212e-05 0.00032389516639194 0.0001677883633930688 0.00021039995281624496 0.00018568071945200212 8.941912169000558e-05 0.0002842508021402066 0.0 0.00020582689708304488 -9.91210095031036e-05 0.00020191292446991222 -0.00025319079894675525 6.066258779893505e-05 -0.00026578016287660095 -6.524992460776971e-05 -0.0002858785986417037 -0.00014925215392813033 -0.00018715628133660406 -0.00030109023684936716 -0.00014499741603740245 -0.00020436829541719038 2.502789788298629e-20
boundary C 0.0 0.0 4.8828125e-05
end
case corpus_176 4.8828125e-13
op 1176
frame 0.0006589194920781955 -0.0026902745474812807 0.002761902554798079 0.7578994715297414 0.4374582302198782 0.5687945272962408 1.0 0.0 0.0
offsets -0.0004649478288624142 0.0003492598644679053
boundary P 15 0.0005939853374592525 0.0 0.0005974006787040631 0.0002659799187818372 0.00030085546857960984 0.0003341338485593156 0.00019287308382801973 0.0005936023148617189 -6.16341469730624e-05 0.0005864097371268362 -0.0003004107358214837 0.0005203266575819617 -0.000466822878992768 0.00033916667463414646 -0.0006402338670046414 0.0001360859094352088 -0.00040017945178728284 -8.50607683228991e-05 -0.0005053638628658228 -0.0003671683384890893 -0.0002888612218203571 -0.0005003223125292815 -4.606826773990301e-05 -0.000438310289052139 0.00016732709086122126 -0.0005149798328670089 0.0003537431706759394 -0.0003928715923880572 0.0004291610970468877 -0.00019107483102375484
transform R 0.0 0.0 0.0 0.5108358023873689 0.39557533725999283 -0.5171515817456718 5.0802023841655215
transform T 0.009765625 -0.01953125 0.0146484375
end
case corpus_176_alternate 4.8828125e-13
op 1176
frame 0.0006589194920781955 -0.0026902745474812807 0.002761902554798079 0.7578994715297414 0.4374582302198782 0.5687945272962408 1.0 0.0 0.0
offsets 0.0003492598644679053 -0.0004649478288624142
boundary P 15 -0.00040017945178728284 -8.50607683228991e-05 -0.0006402338670046414 0.0001360859094352088 -0.000466822878992768 0.00033916667463414646 -0.0003004107358214837 0.0005203266575819617 -6.16341469730624e-05 0.0005864097371268362 0.00019287308382801973 0.0005936023148617189 0.00030085546857960984 0.0003341338485593156 0.0005974006787040631 0.0002659799187818372 0.0005939853374592525 0.0 0.0004291610970468877 -0.00019107483102375484 0.0003537431706759394 -0.0003928715923880572 0.00016732709086122126 -0.0005149798328670089 -4.606826773990301e-05 -0.000438310289052139 -0.0002888612218203571 -0.0005003223125292815 -0.0005053638628658228 -0.0003671683384890893
end
case corpus_177 9.765625e-13
op 1177
frame -0.0006332746795219388 -0.005252022312409014 0.00022715678431945796 0.8426910866489901 -0.8993871955738375 1.4520712923833372 1.0 0.0 0.0
offsets -0.000554380135521745 0.00114576216710831
boundary P 16 0.0009492782966378664 0.0 0.0010967415251931902 0.0004542852141527729 0.0005744281872178258 0.0005744281872178256 0.00042604312912819417 0.001028559100497158 6.451862417653154e-20 0.001053669094165794 -0.00031777693665848247 0.0007671813902902844 -0.0006442480211746589 0.0006442480211746589 -0.000943130672568426 0.00039065751566790094 -0.0009920836135667013 1.2149520218410004e-19 -0.0007339139879990956 -0.0003039971274445502 -0.0008053828098604713 -0.000805382809860471 -0.0003836483271843262 -0.0009262089946701493 -1.5622908867965588e-19 -0.0008504715470530152 0.0004150893880551868 -0.0010021144302399798 0.0008165698778266273 -0.0008165698778266276 0.000927758279499408 -0.0003842900619725841
boundary C 0.0 0.0 0.0001953125
transform R 0.0 0.0 0.0 0.3046121864743249 0.265533991386643 0.33636232270910593 4.309056701769106
transform T 0.01953125 -0.0390625 0.029296875
end
case corpus_177_alternate 9.765625e-13
op 1177
frame -0.0006332746795219388 -0.005252022312409014 0.00022715678431945796 0.8426910866489901 -0.8993871955738375 1.4520712923833372 1.0 0.0 0.0
offsets 0.00114576216710831 -0.000554380135521745
boundary P 16 -1.5622908867965588e-19 -0.0008504715470530152 -0.0003836483271843262 -0.0009262089946701493 -0.0008053828098604713 -0.000805382809860471 -0.0007339139879990956 -0.0003039971274445502 -0.0009920836135667013 1.2149520218410004e-19 -0.000943130672568426 0.00039065751566790094 -0.0006442480211746589 0.0006442480211746589 -0.00031777693665848247 0.0007671813902902844 6.451862417653154e-20 0.001053669094165794 0.00042604312912819417 0.001028559100497158 0.0005744281872178258 0.0005744281872178256 0.0010967415251931902 0.0004542852141527729 0.0009492782966378664 0.0 0.000927758279499408 -0.0003842900619725841 0.0008165698778266273 -0.0008165698778266276 0.0004150893880551868 -0.0010021144302399798
boundary C 0.0 0.0 0.0001953125
end
case corpus_178 1.953125e-12
op 1178
frame 0.012705493059221983 0.01941390706362933 -0.016671713878986485 0.2372116519854155 0.2744740155023999 1.0201346872546382 1.0 0.0 0.0
offsets -0.0019789301331481273 0.0013685020659262666
boundary P 17 0.0026890017009161427 0.0 0.0015940361375635637 0.0006175328896001818 0.0014288680734770743 0.0013025853599540889 0.0007920180451230658 0.001590586654473148 0.00018242279949192073 0.0019686555287868495 -0.0007034282569992543 0.002472293880645069 -0.0010530052658279478 0.0013944043236483903 -0.0022523539575464114 0.001394598527373847 -0.0023530367195300217 0.00043985879446483794 -0.00183827677811412 -0.00034363348468080106 -0.001563152898571814 -0.000967863298352604 -0.0010056661545728 -0.0013317172093916996 -0.0006438435317885256 -0.0022628752938131783 0.00015546203555935105 -0.0016777025496417044 0.0009964365810496072 -0.0020011144160232996 0.0014408991951197477 -0.0013135531765121567 0.0017045829080909974 -0.0006603589366583857
transform R 0.0 0.0 0.0 0.8420380183723482 -0.8314414011918141 -0.6168542356987237 2.7084869414144412
transform T 0.0390625 -0.078125 0.05859375
end
case corpus_178_alternate 1.953125e-12
op 1178
frame 0.012705493059221983 0.01941390706362933 -0.016671713878986485 0.2372116519854155 0.2744740155023999 1.0201346872546382 1.0 0.0 0.0
offsets 0.0013685020659262666 -0.0019789301331481273
boundary P 17 0.0014288680734770743 0.0013025853599540889 0.0015940361375635637 0.0006175328896001818 0.0026890017009161427 0.0 0.0017045829080909974 -0.0006603589366583857 0.0014408991951197477 -0.0013135531765121567 0.0009964365810496072 -0.0020011144160232996 0.00015546203555935105 -0.0016777025496417044 -0.0006438435317885256 -0.0022628752938131783 -0.0010056661545728 -0.0013317172093916996 -0.001563152898571814 -0.000967863298352604 -0.00183827677811412 -0.00034363348468080106 -0.0023530367195300217 0.00043985879446483794 -0.0022523539575464114 0.001394598527373847 -0.0010530052658279478 0.0013944043236483903 -0.0007034282569992543 0.002472293880645069 0.00018242279949192073 0.0019686555287868495 0.0007920180451230658 0.001590586654473148
end
case corpus_179 3.90625e-12
op 1179
frame -0.028500803880567253 0.03734713957030264 -0.03356687269539165 0.9263975029633909 0.5725548004933276 0.7311300691051857 1.0 0.0 0.0
offsets -0.004130359899546085 0.0035717570110367037
boundary P 18 0.003663050676713291 0.0 0.0034813381413541233 0.0012671034588685255 0.003686904630066141 0.003093680315274305 0.0019869692473358644 0.003441531689462607 0.0006427628170094959 0.0036452890784322177 -0.0007361036992922385 0.004174651527149414 -0.00201416965073069 0.003488644170128817 -0.0034226604029335894 0.0028719530817466563 -0.004714867676619453 0.0017160714927933287 -0.003289515691911844 4.0284948628448306e-19 -0.0038148268632951145 -0.0013884834271185244 -0.003124136649186927 -0.002621461910080171 -0.0025443716153732356 -0.0044069809111625365 -0.000905581780373865 -0.005135809487211338 0.0006532407905121861 -0.0037047126190644705 0.0018961714229937111 -0.0032842652444852907 0.0029080354369431455 -0.0024401314625894554 0.0036501136019582536 -0.001328532702802997
boundary C 0.0 0.0 0.00078125
transform R 0.0 0.0 0.0 0.8331090265071295 0.6897510058323215 0.3244112355999411 -1.9492591270587207
transform T 0.078125 -0.15625 0.1171875
end
case corpus_179_alternate 3.90625e-12
op 1179
frame -0.028500803880567253 0.03734713957030264 -0.03356687269539165 0.9263975029633909 0.5725548004933276 0.7311300691051857 1.0 0.0 0.0
offsets 0.0035717570110367037 -0.004130359899546085
boundary P 18 -0.003289515691911844 4.0284948628448306e-19 -0.004714867676619453 0.0017160714927933287 -0.0034226604029335894 0.0028719530817466563 -0.00201416965073069 0.003488644170128817 -0.0007361036992922385 0.004174651527149414 0.0006427628170094959 0.0036452890784322177 0.0019869692473358644 0.003441531689462607 0.003686904630066141 0.003093680315274305 0.0034813381413541233 0.0012671034588685255 0.003663050676713291 0.0 0.0036501136019582536 -0.001328532702802997 0.0029080354369431455 -0.0024401314625894554 0.0018961714229937111 -0.0032842652444852907 0.0006532407905121861 -0.0037047126190644705 -0.000905581780373865 -0.005135809487211338 -0.0025443716153732356 -0.0044069809111625365 -0.003124136649186927 -0.002621461910080171 -0.0038148268632951145 -0.0013884834271185244
boundary C 0.0 0.0 0.00078125
end
case corpus_180 7.8125e-12
op 1180
frame -0.018717301945931318 0.03716003329791471 -0.0517701271016162 0.8227861657084412 0.9097282696463012 1.348027972822066 1.0 0.0 0.0
offsets -0.009448864917093824 0.007532148122338593
boundary P 19 0.00859612722159897 0.0 0.008026438834300428 0.0027554799322701525 0.005397862226050158 0.004201324809853322 0.0050698910248410745 0.007760045904553472 0.0025686338454660967 0.010143305667057333 -0.000683935207755044 0.008253870485063819 -0.0035998080486749316 0.008206735724965454 -0.007250249685582146 0.007875870650413558 -0.006823807223850815 0.0036928597974913427 -0.0068842927438209035 0.0011487852773956508 -0.006417537835132468 -0.0010708976588403947 -0.0068469159219321915 -0.0037053655995044426 -0.004886805630252259 -0.005308486011746113 -0.0033704886894499147 -0.007683940244670098 -0.0005216218390940228 -0.006295039432455782 0.0017024700615359107 -0.006722902236009103 0.003929267700617966 -0.006014191937987567 0.0075601536941321285 -0.00588430381349388 0.007438509003861648 -0.0025536433665401615
transform R 0.0 0.0 0.0 0.7072602625909601 0.5994898100785233 -0.9635779670885649 -1.1462692907792769
transform T 0.15625 -0.3125 0.234375
end
case corpus_180_alternate 7.8125e-12
op 1180
frame -0.018717301945931318 0.03716003329791471 -0.0517701271016162 0.8227861657084412 0.9097282696463012 1.348027972822066 1.0 0.0 0.0
offsets 0.007532148122338593 -0.009448864917093824
boundary P 19 0.00859612722159897 0.0 0.007438509003861648 -0.0025536433665401615 0.0075601536941321285 -0.00588430381349388 0.003929267700617966 -0.006014191937987567 0.0017024700615359107 -0.006722902236009103 -0.0005216218390940228 -0.006295039432455782 -0.0033704886894499147 -0.007683940244670098 -0.004886805630252259 -0.005308486011746113 -0.0068469159219321915 -0.0037053655995044426 -0.006417537835132468 -0.0010708976588403947 -0.0068842927438209035 0.0011487852773956508 -0.006823807223850815 0.0036928597974913427 -0.007250249685582146 0.007875870650413558 -0.0035998080486749316 0.008206735724965454 -0.000683935207755044 0.008253870485063819 0.0025686338454660967 0.010143305667057333 0.0050698910248410745 0.007760045904553472 0.005397862226050158 0.004201324809853322 0.008026438834300428 0.0027554799322701525
end
case corpus_181 1.5625e-11
op 1181
frame 0.0009147938412169127 0.09546974470305339 -0.0988639773952715 0.85797187205136 -0.26014948072009303 1.3143382380243724 1.0 0.0 0.0
offsets -0.00923864706338113 0.017318787370529255
boundary P 20 0.016227972562284927 0.0 0.01736101693573336 0.005640936349052825 0.016487183961543646 0.011978640315109361 0.011924414780253311 0.0164125489157399 0.004892232417243724 0.015056743170586103 8.146494180042635e-19 0.013304234634368932 -0.006446634749860611 0.019840701639827915 -0.009548610282560085 0.013142534558540848 -0.01429361114417035 0.010384916375011127 -0.016328292901553867 0.0053053839695748044 -0.019748170293084302 2.418453353844254e-18 -0.018983265217132513 -0.00616803676785938 -0.010472564976113648 -0.00760876383244601 -0.009843529086172129 -0.013548455467839445 -0.004330249592072825 -0.013327137881382385 -3.704779707343426e-18 -0.020167881383828863 0.005351401729499713 -0.016469921003692455 0.01113753718378695 -0.015329504818339796 0.012252717820246256 -0.008902120580058055 0.019058071376823707 -0.00619234276254261
boundary C 0.0 0.0 0.003125
transform R 0.0 0.0 0.0 0.9950157551798469 0.23033244305628364 0.24561166072201113 0.6693702841153308
transform T 0.3125 -0.625 0.46875
end
case corpus_181_alternate 1.5625e-11
op 1181
frame 0.0009147938412169127 0.09546974470305339 -0.0988639773952715 0.85797187205136 -0.26014948072009303 1.3143382380243724 1.0 0.0 0.0
offsets 0.017318787370529255 -0.00923864706338113
boundary P 20 -0.019748170293084302 2.418453353844254e-18 -0.016328292901553867 0.0053053839695748044 -0.01429361114417035 0.010384916375011127 -0.009548610282560085 0.013142534558540848 -0.006446634749860611 0.019840701639827915 8.146494180042635e-19 0.013304234634368932 0.004892232417243724 0.015056743170586103 0.011924414780253311 0.0164125489157399 0.016487183961543646 0.011978640315109361 0.01736101693573336 0.005640936349052825 0.016227972562284927 0.0 0.019058071376823707 -0.00619234276254261 0.012252717820246256 -0.008902120580058055 0.01113753718378695 -0.015329504818339796 0.005351401729499713 -0.016469921003692455 -3.704779707343426e-18 -0.020167881383828863 -0.004330249592072825 -0.013327137881382385 -0.009843529086172129 -0.013548455467839445 -0.010472564976113648 -0.00760876383244601 -0.018983265217132513 -0.00616803676785938
boundary C 0.0 0.0 0.003125
end
case corpus_182 3.125e-11
op 1182
frame -0.0467320094846984 -0.03397947934142491 0.06289143177117755 -0.9171421034094953 0.24431197038242947 1.464108801660211 1.0 0.0 0.0
offsets -0.015815583018156398 0.017397284979559308
boundary P 8 0.02544435742386121 0.0 0.027522178521692833 0.02752217852169283 2.371149780101084e-18 0.03872381460110737 -0.020494912654662217 0.02049491265466222 -0.03291892118822763 4.0314051464546955e-18 -0.01946288719421141 -0.019462887194211402 -7.970681472416572e-18 -0.043390368978038246 0.027227580412469133 -0.027227580412469143
transform R 0.0 0.0 0.0 0.9384910988103492 -0.5613345648010479 -0.08384305036666317 -1.2441167207017525
transform T 0.625 -1.25 0.9375
end
case corpus_182_alternate 3.125e-11
op 1182
frame -0.0467320094846984 -0.03397947934142491 0.06289143177117755 -0.9171421034094953 0.24431197038242947 1.464108801660211 1.0 0.0 0.0
offsets 0.017397284979559308 -0.015815583018156398
boundary P 8 0.02544435742386121 0.0 0.027227580412469133 -0.027227580412469143 -7.970681472416572e-18 -0.043390368978038246 -0.01946288719421141 -0.019462887194211402 -0.03291892118822763 4.0314051464546955e-18 -0.020494912654662217 0.02049491265466222 2.371149780101084e-18 0.03872381460110737 0.027522178521692833 0.02752217852169283
end
case corpus_183 6.25e-11
op 1183
frame 0.6160022668226801 0.48820779822842486 0.16314068756078978 0.3066626801259935 0.008290851980088165 0.5416143051178892 1.0 0.0 0.0
offsets -0.07517393595237826 0.053638391837588006
boundary P 9 0.08468461064562256 0.0 0.052612897424309926 0.044147462823906525 0.008908396140135224 0.05052202507150145 -0.03613665055609379 0.0625905147785166 -0.07500640497684248 0.02730009879088702 -0.07280151262269213 -0.026497583604215138 -0.02502544359597614 -0.043345339790179814 0.009979779352565714 -0.056598141206002255 0.04527126620718029 -0.037987102777373466
boundary C 0.0 0.0 0.0125
transform R 0.0 0.0 0.0 0.7280030209072759 0.7999270865545036 0.8630293432002307 -2.8034731682981073
transform T 1.25 -2.5 1.875
end
case corpus_183_alternate 6.25e-11
op 1183
frame 0.6160022668226801 0.48820779822842486 0.16314068756078978 0.3066626801259935 0.008290851980088165 0.5416143051178892 1.0 0.0 0.0
offsets 0.053638391837588006 -0.07517393595237826
boundary P 9 0.009979779352565714 -0.056598141206002255 -0.02502544359597614 -0.043345339790179814 -0.07280151262269213 -0.026497583604215138 -0.07500640497684248 0.02730009879088702 -0.03613665055609379 0.0625905147785166 0.008908396140135224 0.05052202507150145 0.052612897424309926 0.044147462823906525 0.08468461064562256 0.0 0.04527126620718029 -0.037987102777373466
boundary C 0.0 0.0 0.0125
end
case corpus_184 1.25e-10
op 1184
frame -0.401766619153639 -0.11804850469336076 0.3004392075567397 -0.7666628483372273 0.43283554366184185 0.7840930007507675 1.0 0.0 0.0
offsets -0.17422335885000795 0.06757867888870739
boundary P 10 0.11053442739632942 0.0 0.11175880737248492 0.08119752643526935 0.045787834450663 0.14092046429171143 -0.044056539466298186 0.1355920862203378 -0.11001663043761063 0.07993176080077319 -0.17464275547104766 2.1387569148189243e-17 -0.09851363258917252 -0.07157434366432869 -0.05119461068498626 -0.15756081049727844 0.05357920729191576 -0.16489984421722953 0.11962377253292851 -0.08691175810561218
transform R 0.0 0.0 0.0 0.47808538569459064 -0.6145274318295053 0.5498055732281906 -0.2323169604381389
transform T 2.5 -5.0 3.75
end
case corpus_184_alternate 1.25e-10
op 1184
frame -0.401766619153639 -0.11804850469336076 0.3004392075567397 -0.7666628483372273 0.43283554366184185 0.7840930007507675 1.0 0.0 0.0
offsets 0.06757867888870739 -0.17422335885000795
boundary P 10 -0.11001663043761063 0.07993176080077319 -0.044056539466298186 0.1355920862203378 0.045787834450663 0.14092046429171143 0.11175880737248492 0.08119752643526935 0.11053442739632942 0.0 0.11962377253292851 -0.08691175810561218 0.05357920729191576 -0.16489984421722953 -0.05119461068498626 -0.15756081049727844 -0.09851363258917252 -0.07157434366432869 -0.17464275547104766 2.1387569148189243e-17
end
case corpus_185 2.5e-10
op 1185
frame 0.8262231780277574 1.4308212501887385 1.9597675757515076 0.6201076116731354 0.5728035483135829 1.1776543470130467 1.0 0.0 0.0
offsets -0.21169941312877566 0.29850002407014453
boundary P 11 0.29544196330368133 0.0 0.2119438648222381 0.1362080512714922 0.10800541574283895 0.23649887162553454 -0.04485622928072416 0.3119819274131354 -0.22902819184083248 0.26431262332075695 -0.31410981781522995 0.09223096420259526 -0.2905281249136313 -0.08530675441834917 -0.17477292483350235 -0.201698707381353 -0.04194406053626696 -0.2917273488982513 0.13572916584655562 -0.2972054164933279 0.29074664766938013 -0.18685152469962024
boundary C 0.0 0.0 0.05
transform R 0.0 0.0 0.0 0.6862951307859377 -0.5915834275479903 0.9194014926354745 5.83242841258842
transform T 5.0 -10.0 7.5
end
case corpus_185_alternate 2.5e-10
op 1185
frame 0.8262231780277574 1.4308212501887385 1.9597675757515076 0.6201076116731354 0.5728035483135829 1.1776543470130467 1.0 0.0 0.0
offsets 0.29850002407014453 -0.21169941312877566
boundary P 11 -0.31410981781522995 0.09223096420259526 -0.22902819184083248 0.26431262332075695 -0.04485622928072416 0.3119819274131354 0.10800541574283895 0.23649887162553454 0.2119438648222381 0.1362080512714922 0.29544196330368133 0.0 0.29074664766938013 -0.18685152469962024 0.13572916584655562 -0.2972054164933279 -0.04194406053626696 -0.2917273488982513 -0.17477292483350235 -0.201698707381353 -0.2905281249136313 -0.08530675441834917
boundary C 0.0 0.0 0.05
end
case corpus_186 5e-10
op 1186
frame 2.7354513264078184 -0.9337305510011262 4.942080810846864 0.6837770020790754 -0.70762413964504 1.339052099473467 1.0 0.0 0.0
offsets -0.25440403713776066 0.5520690101140399
boundary P 12 0.4514558117083625 0.0 0.47829444962937406 0.27614342924542296 0.2662607805824925 0.4611772000318256 3.950511821043524e-17 0.645167541170895 -0.3196437980194043 0.5536392984938926 -0.42232452642099066 0.24382917901454013 -0.4494492047337263 5.504165299564813e-17 -0.4472178249262256 -0.25820133160755504 -0.25504242074670036 -0.44174643081864323 -1.2322452816267847e-16 -0.6708030878697553 0.2753047123273788 -0.4768417493141538 0.34655185804238486 -0.20008180852893612
transform R 0.0 0.0 0.0 1.0178848152752893 -0.13382499502588874 0.9768187236761561 2.974687313706556
transform T 10.0 -20.0 15.0
end
case corpus_186_alternate 5e-10
op 1186
frame 2.7354513264078184 -0.9337305510011262 4.942080810846864 0.6837770020790754 -0.70762413964504 1.339052099473467 1.0 0.0 0.0
offsets 0.5520690101140399 -0.25440403713776066
boundary P 12 0.2753047123273788 -0.4768417493141538 -1.2322452816267847e-16 -0.6708030878697553 -0.25504242074670036 -0.44174643081864323 -0.4472178249262256 -0.25820133160755504 -0.4494492047337263 5.504165299564813e-17 -0.42232452642099066 0.24382917901454013 -0.3196437980194043 0.5536392984938926 3.950511821043524e-17 0.645167541170895 0.2662607805824925 0.4611772000318256 0.47829444962937406 0.27614342924542296 0.4514558117083625 0.0 0.34655185804238486 -0.20008180852893612
end
case corpus_187 1e-09
op 1187
frame 5.698752982867445 -4.774465206883893 1.927002825345956 0.23303481340241428 -0.11403857718773502 1.3233481222720074 1.0 0.0 0.0
offsets -0.811336812953128 0.8760694668385716
boundary P 13 1.0793589178197598 0.0 0.7753117917121951 0.40691501862176377 0.48992436172960513 0.7097779743099111 0.13467618983146581 1.109158212190817 -0.37290357961077597 0.9832659295803375 -0.8950294138567808 0.7929268692140925 -1.1631167546221595 0.28668253213595873 -1.3447751832572612 -0.3314573134276852 -0.9989620347840154 -0.8850031367033684 -0.30083648530125306 -0.7932406191438711 0.10013649542895281 -0.8246982364441768 0.7758462642584182 -1.1240073628450822 0.9093155100126284 -0.4772455954432341
boundary C 0.0 0.0 0.2
transform R 0.0 0.0 0.0 0.5241795951104105 0.029878465001628163 -0.6395658080322875 -2.26722501765372
transform T 20.0 -40.0 30.0
end
case corpus_187_alternate 1e-09
op 1187
frame 5.698752982867445 -4.774465206883893 1.927002825345956 0.23303481340241428 -0.11403857718773502 1.3233481222720074 1.0 0.0 0.0
offsets 0.8760694668385716 -0.811336812953128
boundary P 13 -1.3447751832572612 -0.3314573134276852 -1.1631167546221595 0.28668253213595873 -0.8950294138567808 0.7929268692140925 -0.37290357961077597 0.9832659295803375 0.13467618983146581 1.109158212190817 0.48992436172960513 0.7097779743099111 0.7753117917121951 0.40691501862176377 1.0793589178197598 0.0 0.9093155100126284 -0.4772455954432341 0.7758462642584182 -1.1240073628450822 0.10013649542895281 -0.8246982364441768 -0.30083648530125306 -0.7932406191438711 -0.9989620347840154 -0.8850031367033684
boundary C 0.0 0.0 0.2
end
case corpus_188 2e-09
op 1188
frame -18.157189336200048 8.463281586779976 14.146476928033916 0.37230042387246587 0.8035610463504048 0.7763311109342349 1.0 0.0 0.0
offsets -2.257793336314162 1.0369336233470194
boundary P 14 2.544915918873482 0.0 2.3854487476585238 1.1487715713385502 1.3130181799451237 1.646472720281256 0.622466493463292 2.7272038998112755 -0.5437806742263502 2.3824588005387364 -1.527438831160427 1.915347712481055 -2.1191317482928445 1.0205200638870586 -2.2840757268908747 2.797186027947074e-16 -2.0387762776681453 -0.9818229087518688 -1.4399299966845245 -1.8056151048531814 -0.49956402295713215 -2.1887329935365325 0.5718006250465855 -2.5052222262844457 1.3583544438682074 -1.7033225970986121 1.9493463106215634 -0.9387557064614401
transform R 0.0 0.0 0.0 1.16299027055045 -0.9230860958647085 -0.34488191822004044 4.348481404845102
transform T 40.0 -80.0 60.0
end
case corpus_188_alternate 2e-09
op 1188
frame -18.157189336200048 8.463281586779976 14.146476928033916 0.37230042387246587 0.8035610463504048 0.7763311109342349 1.0 0.0 0.0
offsets 1.0369336233470194 -2.257793336314162
boundary P 14 -2.1191317482928445 1.0205200638870586 -1.527438831160427 1.915347712481055 -0.5437806742263502 2.3824588005387364 0.622466493463292 2.7272038998112755 1.3130181799451237 1.646472720281256 2.3854487476585238 1.1487715713385502 2.544915918873482 0.0 1.9493463106215634 -0.9387557064614401 1.3583544438682074 -1.7033225970986121 0.5718006250465855 -2.5052222262844457 -0.49956402295713215 -2.1887329935365325 -1.4399299966845245 -1.8056151048531814 -2.0387762776681453 -0.9818229087518688 -2.2840757268908747 2.797186027947074e-16
end
case corpus_189 4e-09
op 1189
frame 16.59468338162151 3.0082001787444845 -14.384104944707987 -0.5020464644556006 0.8945285197686734 1.0992004469213104 1.0 0.0 0.0
offsets -3.7527396550368923 3.72352632407081
boundary P 15 3.3490246372029278 0.0 3.5184163379915843 1.5664998805320671 3.0277734952888458 3.36268313593592 1.1431083974904213 3.5181258961630553 -0.4169318213930519 3.966841301296338 -2.265551090562492 3.924049595997317 -3.20891380549233 2.331412348393701 -4.582024767792419 0.9739394301288379 -4.647999703476029 -0.9879628356141458 -3.6857977206516255 -2.677888793678628 -2.1970327017770592 -3.8053722653681836 -0.3906799041334189 -3.7170709928660606 0.9888769493240805 -3.0434503072268124 2.597034295935221 -2.8842987905062762 3.074675953223042 -1.368933932403265
boundary C 0.0 0.0 0.8
transform R 0.0 0.0 0.0 1.276459559483641 0.4539402757105373 0.4542036172462238 4.326629666015864
transform T 80.0 -160.0 120.0
end
case corpus_189_alternate 4e-09
op 1189
frame 16.59468338162151 3.0082001787444845 -14.384104944707987 -0.5020464644556006 0.8945285197686734 1.0992004469213104 1.0 0.0 0.0
offsets 3.72352632407081 -3.7527396550368923
boundary P 15 -4.582024767792419 0.9739394301288379 -3.20891380549233 2.331412348393701 -2.265551090562492 3.924049595997317 -0.4169318213930519 3.966841301296338 1.1431083974904213 3.5181258961630553 3.0277734952888458 3.36268313593592 3.5184163379915843 1.5664998805320671 3.3490246372029278 0.0 3.074675953223042 -1.368933932403265 2.597034295935221 -2.8842987905062762 0.9888769493240805 -3.0434503072268124 -0.3906799041334189 -3.7170709928660606 -2.1970327017770592 -3.8053722653681836 -3.6857977206516255 -2.677888793678628 -4.647999703476029 -0.9879628356141458
boundary C 0.0 0.0 0.8
end
case corpus_190 8e-09
op 1190
frame 21.56909332352072 -41.92285797832586 18.44785799788232 0.20595906942202213 -0.33643795579825575 0.5712214454784771 1.0 0.0 0.0
offsets -5.026947727431731 5.683030886537301
boundary P 16 7.738802249650965 0.0 6.580996339372487 2.725937937695776 6.858975264943895 6.858975264943894 3.714856824547856 8.96845772809768 4.1581297506571793e-16 6.790741221962498 -2.8865297999345967 6.968699391196201 -5.788672175431491 5.788672175431492 -6.170547491300255 2.555924458163844 -8.969917781461891 1.0984981099682233e-15 -6.907167577355243 -2.8610424881242547 -5.9825740375950724 -5.982574037595071 -3.7047235375797243 -8.943993809267786 -1.4386097155222405e-15 -7.831426533342004 3.5585308822052175 -8.591053517943324 4.678148233616941 -4.678148233616944 8.122532922898952 -3.3644632974867292
transform R 0.0 0.0 0.0 0.4736357777041515 0.16115014238481806 -0.23762511472293757 -0.7801192208414155
transform T 160.0 -320.0 240.0
end
case corpus_190_alternate 8e-09
op 1190
frame 21.56909332352072 -41.92285797832586 18.44785799788232 0.20595906942202213 -0.33643795579825575 0.5712214454784771 1.0 0.0 0.0
offsets 5.683030886537301 -5.026947727431731
boundary P 16 -5.9825740375950724 -5.982574037595071 -6.907167577355243 -2.8610424881242547 -8.969917781461891 1.0984981099682233e-15 -6.170547491300255 2.555924458163844 -5.788672175431491 5.788672175431492 -2.8865297999345967 6.968699391196201 4.1581297506571793e-16 6.790741221962498 3.714856824547856 8.96845772809768 6.858975264943895 6.858975264943894 6.580996339372487 2.725937937695776 7.738802249650965 0.0 8.122532922898952 -3.3644632974867292 4.678148233616941 -4.678148233616944 3.5585308822052175 -8.591053517943324 -1.4386097155222405e-15 -7.831426533342004 -3.7047235375797243 -8.943993809267786
end
case corpus_191 1.6e-08
op 1191
frame 81.92193052989663 -130.26594863930316 -95.8626480234366 0.2876041328484744 0.4840190180871238 0.5031420409437934 1.0 0.0 0.0
offsets -23.04486189876194 20.721378004879693
boundary P 17 13.744693162166243 0.0 13.090478139113696 5.071278248340554 9.751377268911936 8.889554960076987 7.764007130465762 15.59222823645935 1.780874024706355 19.21869143865609 -6.114503540788731 21.490250834621524 -12.088700803978876 16.00802694477136 -16.321133196296916 10.105617833452394 -20.847902946537918 3.8971484724707937 -14.680927732524665 -2.744341012809812 -12.963687640838364 -8.02677555748925 -7.834327868724872 -10.374326708081194 -3.8751220042200676 -13.619641125386973 1.82050411987691 -19.646368276097135 6.313520042322166 -12.679257478920212 11.722049898743812 -10.6860604349559 16.29904698139667 -6.314284439959662
boundary C 0.0 0.0 3.2
transform R 0.0 0.0 0.0 0.6390598433194257 -0.6180039578805192 -0.057966050077551845 0.6870063649631343
transform T 320.0 -640.0 480.0
end
case corpus_191_alternate 1.6e-08
op 1191
frame 81.92193052989663 -130.26594863930316 -95.8626480234366 0.2876041328484744 0.4840190180871238 0.5031420409437934 1.0 0.0 0.0
offsets 20.721378004879693 -23.04486189876194
boundary P 17 11.722049898743812 -10.6860604349559 6.313520042322166 -12.679257478920212 1.82050411987691 -19.646368276097135 -3.8751220042200676 -13.619641125386973 -7.834327868724872 -10.374326708081194 -12.963687640838364 -8.02677555748925 -14.680927732524665 -2.744341012809812 -20.847902946537918 3.8971484724707937 -16.321133196296916 10.105617833452394 -12.088700803978876 16.00802694477136 -6.114503540788731 21.490250834621524 1.780874024706355 19.21869143865609 7.764007130465762 15.59222823645935 9.751377268911936 8.889554960076987 13.090478139113696 5.071278248340554 13.744693162166243 0.0 16.29904698139667 -6.314284439959662
boundary C 0.0 0.0 3.2
end
case corpus_192 3.2e-08
op 1192
frame -55.16387083898387 -306.80912569948845 -65.80594399352812 -0.02883468265370226 0.719840525317613 1.4993931106850829 1.0 0.0 0.0
offsets -32.203949372156046 19.5203128892859
boundary P 18 37.42004123310063 0.0 27.72955752006428 10.092733546675928 24.30613520509642 20.395269085941507 18.700233648760015 32.38975479306147 6.382397200579492 36.19637320922542 -7.721030649115428 43.78814074903946 -16.926433021245558 29.317441983708893 -25.567271654455045 21.453488215462563 -32.84572962237304 11.954867905299464 -35.897823529848154 4.396215468218508e-15 -28.654607514040787 -10.429424209691506 -27.73468919145273 -23.272167471364458 -13.693008560432107 -23.716986535143953 -6.590193263985165 -37.37484324580616 4.4925438557618405 -25.47848229301743 15.57242650815791 -26.97223390926195 20.567829811162966 -17.258458408663923 26.08038953165502 -9.492485487590285
transform R 0.0 0.0 0.0 0.5833850568891381 -0.957903320757538 0.8288877724835861 -0.11070780891714699
transform T 640.0 -1280.0 960.0
end
case corpus_192_alternate 3.2e-08
op 1192
frame -55.16387083898387 -306.80912569948845 -65.80594399352812 -0.02883468265370226 0.719840525317613 1.4993931106850829 1.0 0.0 0.0
offsets 19.5203128892859 -32.203949372156046
boundary P 18 -7.721030649115428 43.78814074903946 6.382397200579492 36.19637320922542 18.700233648760015 32.38975479306147 24.30613520509642 20.395269085941507 27.72955752006428 10.092733546675928 37.42004123310063 0.0 26.08038953165502 -9.492485487590285 20.567829811162966 -17.258458408663923 15.57242650815791 -26.97223390926195 4.4925438557618405 -25.47848229301743 -6.590193263985165 -37.37484324580616 -13.693008560432107 -23.716986535143953 -27.73468919145273 -23.272167471364458 -28.654607514040787 -10.429424209691506 -35.897823529848154 4.396215468218508e-15 -32.84572962237304 11.954867905299464 -25.567271654455045 21.453488215462563 -16.926433021245558 29.317441983708893
end
case corpus_193 6.4e-08
op 1193
frame -63.24373518526329 80.09714740185544 -152.37778536899114 0.33343526503733667 0.7027933401577731 0.9787052642796515 1.0 0.0 0.0
offsets -84.04596160803158 46.998643650959245
boundary P 19 53.44423075359847 0.0 75.6891865939752 25.98413057834352 57.311862451587 44.607613075917 29.153237392202143 44.622351707633605 14.991109121804733 59.198551159433386 -5.627551245196912 67.91444364792957 -24.3880582782742 55.599172630475415 -35.184123655133874 38.22014673605556 -45.06216940114585 24.386426566623967 -67.61926372007072 11.283659414349268 -83.43588253130278 -13.922986285628966 -67.87391183721448 -36.73152422097211 -54.116011499467305 -58.7856591385618 -23.557386101670403 -53.70543081555328 -6.6662034238888666 -80.4491113543812 13.463093438557111 -53.164553683851025 34.93437076845742 -53.47103507385915 51.48311100247895 -40.070913721971905 82.49397055669093 -28.320215863460064
boundary C 0.0 0.0 12.8
transform R 0.0 0.0 0.0 0.40808148427435037 0.005747707591630125 0.9051653478413939 0.5509528961222234
transform T 1280.0 -2560.0 1920.0
end
case corpus_193_alternate 6.4e-08
op 1193
frame -63.24373518526329 80.09714740185544 -152.37778536899114 0.33343526503733667 0.7027933401577731 0.9787052642796515 1.0 0.0 0.0
offsets 46.998643650959245 -84.04596160803158
boundary P 19 -23.557386101670403 -53.70543081555328 -54.116011499467305 -58.7856591385618 -67.87391183721448 -36.73152422097211 -83.43588253130278 -13.922986285628966 -67.61926372007072 11.283659414349268 -45.06216940114585 24.386426566623967 -35.184123655133874 38.22014673605556 -24.3880582782742 55.599172630475415 -5.627551245196912 67.91444364792957 14.991109121804733 59.198551159433386 29.153237392202143 44.622351707633605 57.311862451587 44.607613075917 75.6891865939752 25.98413057834352 53.44423075359847 0.0 82.49397055669093 -28.320215863460064 51.48311100247895 -40.070913721971905 34.93437076845742 -53.47103507385915 13.463093438557111 -53.164553683851025 -6.6662034238888666 -80.4491113543812
boundary C 0.0 0.0 12.8
end
case corpus_194 1.28e-07
op 1194
frame 1265.3187247122582 -683.962112132974 -213.43583088674336 0.29634294668054095 0.06605526583990962 0.6445132758476876 1.0 0.0 0.0
offsets -154.69968847464014 70.35441380869733
boundary P 20 148.6658273999691 0.0 169.40499436724272 55.04301931014171 133.2081941496615 96.781418128524 87.03473839994145 119.7930403866176 47.30260785804064 145.58245747014843 8.522298068309443e-15 139.17968959283607 -53.57340234375713 164.8819784238475 -63.271219845369906 87.08536308132408 -89.15898464429756 64.77779409785913 -115.89747081245416 37.65737101054474 -150.81693389608964 1.8469747535306414e-14 -158.8285658636916 -51.606529373538734 -134.30525196179315 -97.57847728471812 -61.55692616389869 -84.72584025176909 -49.2025929656849 -151.43001035682326 -3.172739184319469e-14 -172.71587674794364 42.118739326292335 -129.62815063110594 71.39576302571962 -98.26783742684484 137.24405335918453 -99.71364148128461 122.70876157721152 -39.87049353678372
transform R 0.0 0.0 0.0 0.8514405808523164 0.870845266079211 0.015168266979739276 -0.5018301574749043
transform T 2560.0 -5120.0 3840.0
end
case corpus_194_alternate 1.28e-07
op 1194
frame 1265.3187247122582 -683.962112132974 -213.43583088674336 0.29634294668054095 0.06605526583990962 0.6445132758476876 1.0 0.0 0.0
offsets 70.35441380869733 -154.69968847464014
boundary P 20 47.30260785804064 145.58245747014843 87.03473839994145 119.7930403866176 133.2081941496615 96.781418128524 169.40499436724272 55.04301931014171 148.6658273999691 0.0 122.70876157721152 -39.87049353678372 137.24405335918453 -99.71364148128461 71.39576302571962 -98.26783742684484 42.118739326292335 -129.62815063110594 -3.172739184319469e-14 -172.71587674794364 -49.2025929656849 -151.43001035682326 -61.55692616389869 -84.72584025176909 -134.30525196179315 -97.57847728471812 -158.8285658636916 -51.606529373538734 -150.81693389608964 1.8469747535306414e-14 -115.89747081245416 37.65737101054474 -89.15898464429756 64.77779409785913 -63.271219845369906 87.08536308132408 -53.57340234375713 164.8819784238475 8.522298068309443e-15 139.17968959283607
end
case corpus_195 2.56e-07
op 1195
frame -225.1588094558224 -1859.7671804204656 -1341.930280527307 -0.6537009992356368 -0.9155579913887395 0.7902955768798995 1.0 0.0 0.0
offsets -228.4139523044925 288.3122066779264
boundary P 8 328.0785390380155 0.0 206.6474730759513 206.64747307595127 1.706042995458984e-14 278.6179650568307 -170.99717683839566 170.9971768383957 -285.34535645217 3.494472774307105e-14 -246.065647218578 -246.0656472185779 -6.054691351128159e-14 -329.60204554998614 219.18266883306762 -219.18266883306774
boundary C 0.0 0.0 51.2
transform R 0.0 0.0 0.0 0.7625412486374661 -0.8868826229404494 -0.5429654069022498 3.6972174656510415
transform T 5120.0 -10240.0 7680.0
end
case corpus_195_alternate 2.56e-07
op 1195
frame -225.1588094558224 -1859.7671804204656 -1341.930280527307 -0.6537009992356368 -0.9155579913887395 0.7902955768798995 1.0 0.0 0.0
offsets 288.3122066779264 -228.4139523044925
boundary P 8 -6.054691351128159e-14 -329.60204554998614 -246.065647218578 -246.0656472185779 -285.34535645217 3.494472774307105e-14 -170.99717683839566 170.9971768383957 1.706042995458984e-14 278.6179650568307 206.6474730759513 206.64747307595127 328.0785390380155 0.0 219.18266883306762 -219.18266883306774
boundary C 0.0 0.0 51.2
end
case corpus_196 5.12e-07
op 1196
frame 4278.566922208865 1296.6599231017028 -3625.0674468279203 -0.1091487866505596 0.5012211372977091 1.1741368955056104 1.0 0.0 0.0
offsets -565.5475097025846 316.72793795544123
boundary P 9 566.7583961996323 0.0 401.7754632574902 337.1296430354408 117.60540611403484 666.9734015832829 -336.0578687998523 582.0693030446604 -478.79987885549986 174.26890407366568 -430.38341900147117 -156.64675383825454 -228.1608856607364 -395.1862462643083 113.28449945544739 -642.4683222061725 481.2865542798389 -403.8473701867971
transform R 0.0 0.0 0.0 0.6730844250577557 -0.778488576357351 0.03201583867942914 -1.9028201198072332
transform T 10240.0 -20480.0 15360.0
end
case corpus_196_alternate 5.12e-07
op 1196
frame 4278.566922208865 1296.6599231017028 -3625.0674468279203 -0.1091487866505596 0.5012211372977091 1.1741368955056104 1.0 0.0 0.0
offsets 316.72793795544123 -565.5475097025846
boundary P 9 -478.79987885549986 174.26890407366568 -336.0578687998523 582.0693030446604 117.60540611403484 666.9734015832829 401.7754632574902 337.1296430354408 566.7583961996323 0.0 481.2865542798389 -403.8473701867971 113.28449945544739 -642.4683222061725 -228.1608856607364 -395.1862462643083 -430.38341900147117 -156.64675383825454
end
case corpus_197 1.024e-06
op 1197
frame 5105.969198836019 4445.7832953728075 -4657.033967531661 0.14442859355652438 -0.23651392466016086 0.7939717434751311 1.0 0.0 0.0
offsets -1352.9675153400042 1473.9981961256854
boundary P 10 1333.1816946937452 0.0 1025.5024484242088 745.0711413538118 307.13576226866667 945.2666792120477 -339.00767500136556 1043.3583403277619 -869.8476556234538 631.9813146962009 -1185.5894787552913 1.4519283602604466e-13 -1042.5385830843181 -757.4486176972072 -263.23913810871505 -810.1667616973948 373.8297190773211 -1150.5295721111218 868.8198777829145 -631.2345903857077
boundary C 0.0 0.0 204.8
transform R 0.0 0.0 0.0 0.8209244767336794 0.9319135906832066 0.2148711213911063 -1.372276692727722
transform T 20480.0 -40960.0 30720.0
end
case corpus_197_alternate 1.024e-06
op 1197
frame 5105.969198836019 4445.7832953728075 -4657.033967531661 0.14442859355652438 -0.23651392466016086 0.7939717434751311 1.0 0.0 0.0
offsets 1473.9981961256854 -1352.9675153400042
boundary P 10 373.8297190773211 -1150.5295721111218 -263.23913810871505 -810.1667616973948 -1042.5385830843181 -757.4486176972072 -1185.5894787552913 1.4519283602604466e-13 -869.8476556234538 631.9813146962009 -339.00767500136556 1043.3583403277619 307.13576226866667 945.2666792120477 1025.5024484242088 745.0711413538118 1333.1816946937452 0.0 868.8198777829145 -631.2345903857077
boundary C 0.0 0.0 204.8
end
case corpus_198 2.048e-06
op 1198
frame 11922.401786442148 2710.0379108747393 -9740.345581270676 0.8832479576328143 -0.11372181542584547 1.2329293788368347 1.0 0.0 0.0
offsets -2623.349228895918 2333.860445461574
boundary P 11 1713.9730173487912 0.0 2175.8432348600945 1398.3295394802908 992.7187712702578 2173.7508960282803 -374.7460996822165 2606.416373916069 -1415.1979137721983 1633.225456223086 -1689.529554734494 496.09063787240973 -2074.3056556077427 -609.0710949383202 -1632.2078987552054 -1883.66832946342 -407.81349765717744 -2836.405178596951 1105.7570646248473 -2421.2702323964604 2121.9223118337873 -1363.6766663983856
transform R 0.0 0.0 0.0 0.308989548590548 -0.3386404042985316 0.04829946239792937 -0.05085898774887076
transform T 40960.0 -81920.0 61440.0
end
case corpus_198_alternate 2.048e-06
op 1198
frame 11922.401786442148 2710.0379108747393 -9740.345581270676 0.8832479576328143 -0.11372181542584547 1.2329293788368347 1.0 0.0 0.0
offsets 2333.860445461574 -2623.349228895918
boundary P 11 -407.81349765717744 -2836.405178596951 -1632.2078987552054 -1883.66832946342 -2074.3056556077427 -609.0710949383202 -1689.529554734494 496.09063787240973 -1415.1979137721983 1633.225456223086 -374.7460996822165 2606.416373916069 992.7187712702578 2173.7508960282803 2175.8432348600945 1398.3295394802908 1713.9730173487912 0.0 2121.9223118337873 -1363.6766663983856 1105.7570646248473 -2421.2702323964604
end
case corpus_199 4.096e-06
op 1199
frame 36002.996654523486 -8881.179129667244 24774.2740834497 -0.013549610769750808 -0.6941155072905061 0.7000801045019205 1.0 0.0 0.0
offsets -2895.101374049367 6070.531633772205
boundary P 12 4077.7116656519884 0.0 3431.7328101492694 1981.3118617265511 2579.321247689061 4467.515450039401 2.868549936475059e-13 4684.697560916756 -2689.741822005056 4658.7694949556435 -4510.071930124277 2603.891242921826 -5276.5715167220405 6.461936418425742e-13 -4449.499713065563 -2568.9198570975636 -2094.0172613040095 -3626.9442885047742 -7.538904238260035e-13 -4103.988319194788 1989.8914102368835 -3446.5930240751654 4808.926390091953 -2776.4349458326874
boundary C 0.0 0.0 819.2
transform R 0.0 0.0 0.0 0.4668228151529205 -0.4347803857253403 -0.7765729617293982 5.730139436346867
transform T 81920.0 -163840.0 122880.0
end
case corpus_199_alternate 4.096e-06
op 1199
frame 36002.996654523486 -8881.179129667244 24774.2740834497 -0.013549610769750808 -0.6941155072905061 0.7000801045019205 1.0 0.0 0.0
offsets 6070.531633772205 -2895.101374049367
boundary P 12 3431.7328101492694 1981.3118617265511 4077.7116656519884 0.0 4808.926390091953 -2776.4349458326874 1989.8914102368835 -3446.5930240751654 -7.538904238260035e-13 -4103.988319194788 -2094.0172613040095 -3626.9442885047742 -4449.499713065563 -2568.9198570975636 -5276.5715167220405 6.461936418425742e-13 -4510.071930124277 2603.891242921826 -2689.741822005056 4658.7694949556435 2.868549936475059e-13 4684.697560916756 2579.321247689061 4467.515450039401
boundary C 0.0 0.0 819.2
end
case corpus_200 2.44140625e-13
op 1200
frame 3.1186503640515464e-05 0.001767098973924976 0.002347033895984023 -0.20698344364393528 -0.6923693960297879 1.396573406394662 1.0 0.0 0.0
offsets -0.0002958979730342291 0.00013544733054455214
boundary P 13 0.00028692516520542973 0.0 0.00024697622031394156 0.0001296231198370404 0.00016990046993575384 0.0002461433249809635 2.7587400373668262e-05 0.00022720268308556684 -8.89505518927527e-05 0.00023454332936358893 -0.000214002476267688 0.00018958965022143268 -0.00022087252851682508 5.444018883129654e-05 -0.0001943292353537661 -4.7897854654634416e-05 -0.00016355138205326032 -0.00014489388093772877 -0.00011487667550794068 -0.000302904899031304 3.2463616599066385e-05 -0.00026736193675606777 0.00014772437495847858 -0.000214015704881595 0.000197446595532588 -0.00010362796742780809
transform R 0.0 0.0 0.0 0.6789690298057123 -0.6984243550868148 -0.15992215986668912 -4.678888546164644
transform T 0.0048828125 -0.009765625 0.00732421875
end
case corpus_200_alternate 2.44140625e-13
op 1200
frame 3.1186503640515464e-05 0.001767098973924976 0.002347033895984023 -0.20698344364393528 -0.6923693960297879 1.396573406394662 1.0 0.0 0.0
offsets 0.00013544733054455214 -0.0002958979730342291
boundary P 13 -0.00016355138205326032 -0.00014489388093772877 -0.0001943292353537661 -4.7897854654634416e-05 -0.00022087252851682508 5.444018883129654e-05 -0.000214002476267688 0.00018958965022143268 -8.89505518927527e-05 0.00023454332936358893 2.7587400373668262e-05 0.00022720268308556684 0.00016990046993575384 0.0002461433249809635 0.00024697622031394156 0.0001296231198370404 0.00028692516520542973 0.0 0.000197446595532588 -0.00010362796742780809 0.00014772437495847858 -0.000214015704881595 3.2463616599066385e-05 -0.00026736193675606777 -0.00011487667550794068 -0.000302904899031304
end
case corpus_201 4.8828125e-13
op 1201
frame -0.004206229528617144 0.0016987342888926315 -5.561196317844857e-06 -0.46427717729453843 -0.045999203688738 0.693073164984701 1.0 0.0 0.0
offsets -0.0002808325382438206 0.0006597913415596875
boundary P 14 0.0004672036082787741 0.0 0.0004743526962067222 0.00022843621885607567 0.0003429327024308413 0.0004300240073357612 0.00010543582933144446 0.00046194455115600283 -0.00010150777751186398 0.00044473463166070986 -0.00033604130009997414 0.00042138246214197767 -0.0005560323916294139 0.00026777108704357356 -0.0005054386439609494 6.189838174921554e-20 -0.0006156354811939971 -0.00029647442218038854 -0.00028793100132416995 -0.0003610540556440164 -0.0001375912447983489 -0.0006028266313680276 0.00014987059128159538 -0.0006566259634893814 0.0003079016446424156 -0.0003860964502827055 0.000559772180707114 -0.000269572074543087
boundary C 0.0 0.0 9.765625e-05
transform R 0.0 0.0 0.0 0.9952866630389448 0.19822734868534053 0.33492143869412794 -5.976439641127138
transform T 0.009765625 -0.01953125 0.0146484375
end
case corpus_201_alternate 4.8828125e-13
op 1201
frame -0.004206229528617144 0.0016987342888926315 -5.561196317844857e-06 -0.46427717729453843 -0.045999203688738 0.693073164984701 1.0 0.0 0.0
offsets 0.0006597913415596875 -0.0002808325382438206
boundary P 14 -0.0005560323916294139 0.00026777108704357356 -0.00033604130009997414 0.00042138246214197767 -0.00010150777751186398 0.00044473463166070986 0.00010543582933144446 0.00046194455115600283 0.0003429327024308413 0.0004300240073357612 0.0004743526962067222 0.00022843621885607567 0.0004672036082787741 0.0 0.000559772180707114 -0.000269572074543087 0.0003079016446424156 -0.0003860964502827055 0.00014987059128159538 -0.0006566259634893814 -0.0001375912447983489 -0.0006028266313680276 -0.00028793100132416995 -0.0003610540556440164 -0.0006156354811939971 -0.00029647442218038854 -0.0005054386439609494 6.189838174921554e-20
boundary C 0.0 0.0 9.765625e-05
end
case corpus_202 9.765625e-13
op 1202
frame 0.008569915295699526 -0.005105014284533076 0.005409481369778462 -0.8194110612640071 -0.820924305645699 1.120933862173211 1.0 0.0 0.0
offsets -0.0005208690912812238 0.0011236493370725968
boundary P 15 0.0013162815347520685 0.0 0.0011736055701352742 0.0005225228650621031 0.0008609523196811211 0.0009561844209090769 0.00042197901684321883 0.0012987178731717734 -0.00012332502661604395 0.0011733592495517444 -0.0004473658031859751 0.000774860300686968 -0.0008950825493782244 0.0006503155381987386 -0.0009746870770354214 0.00020717613379885312 -0.0012433773015876367 -0.00026428800408401785 -0.0010525818094420062 -0.0007647454487644519 -0.0006084481426793016 -0.0010538630968914666 -0.0001395074945153179 -0.001327325146914183 0.00039592671138873406 -0.0012185371215690454 0.0008620790464818122 -0.0009574357777947175 0.0009266147025322361 -0.0004125554457959877
transform R 0.0 0.0 0.0 1.2891327123859273 -0.859075060955053 -0.7282963654589076 -3.8557101782682994
transform T 0.01953125 -0.0390625 0.029296875
end
case corpus_202_alternate 9.765625e-13
op 1202
frame 0.008569915295699526 -0.005105014284533076 0.005409481369778462 -0.8194110612640071 -0.820924305645699 1.120933862173211 1.0 0.0 0.0
offsets 0.0011236493370725968 -0.0005208690912812238
boundary P 15 -0.0008950825493782244 0.0006503155381987386 -0.0004473658031859751 0.000774860300686968 -0.00012332502661604395 0.0011733592495517444 0.00042197901684321883 0.0012987178731717734 0.0008609523196811211 0.0009561844209090769 0.0011736055701352742 0.0005225228650621031 0.0013162815347520685 0.0 0.0009266147025322361 -0.0004125554457959877 0.0008620790464818122 -0.0009574357777947175 0.00039592671138873406 -0.0012185371215690454 -0.0001395074945153179 -0.001327325146914183 -0.0006084481426793016 -0.0010538630968914666 -0.0010525818094420062 -0.0007647454487644519 -0.0012433773015876367 -0.00026428800408401785 -0.0009746870770354214 0.00020717613379885312
end
case corpus_203 1.953125e-12
op 1203
frame 0.01381521418348864 0.015205616212185104 0.012691144454477832 0.46915788994373364 -0.06923985802070987 0.9346577265849871 1.0 0.0 0.0
offsets -0.0017460011859174243 0.00210692190360595
boundary P 16 0.0023949137949955167 0.0 0.0019103283245110539 0.0007912839005979496 0.0018817776135473805 0.0018817776135473803 0.0010279121252949992 0.0024815993938149387 1.3512592212077566e-19 0.002206773776975624 -0.0006712218130775469 0.0016204728044924722 -0.0015263748863442311 0.0015263748863442313 -0.0018352153501378027 0.0007601710879023665 -0.0020843700036314748 2.5526170531860425e-19 -0.0016066298586460408 -0.0006654878771647585 -0.0013275635326950362 -0.0013275635326950358 -0.0008786552044806342 -0.0021212613113068485 -4.115782259239688e-19 -0.0022405275067092847 0.0006832180592062722 -0.0016494343045940054 0.0018894855331462797 -0.0018894855331462806 0.0015577675533173336 -0.0006452484476087943
boundary C 0.0 0.0 0.000390625
transform R 0.0 0.0 0.0 1.0827396678044185 0.30261797121484957 -0.05219756304585155 -5.151476187634913
transform T 0.0390625 -0.078125 0.05859375
end
case corpus_203_alternate 1.953125e-12
op 1203
frame 0.01381521418348864 0.015205616212185104 0.012691144454477832 0.46915788994373364 -0.06923985802070987 0.9346577265849871 1.0 0.0 0.0
offsets 0.00210692190360595 -0.0017460011859174243
boundary P 16 -0.0020843700036314748 2.5526170531860425e-19 -0.0018352153501378027 0.0007601710879023665 -0.0015263748863442311 0.0015263748863442313 -0.0006712218130775469 0.0016204728044924722 1.3512592212077566e-19 0.002206773776975624 0.0010279121252949992 0.0024815993938149387 0.0018817776135473805 0.0018817776135473803 0.0019103283245110539 0.0007912839005979496 0.0023949137949955167 0.0 0.0015577675533173336 -0.0006452484476087943 0.0018894855331462797 -0.0018894855331462806 0.0006832180592062722 -0.0016494343045940054 -4.115782259239688e-19 -0.0022405275067092847 -0.0008786552044806342 -0.0021212613113068485 -0.0013275635326950362 -0.0013275635326950358 -0.0016066298586460408 -0.0006654878771647585
boundary C 0.0 0.0 0.000390625
end
case corpus_204 3.90625e-12
op 1204
frame 0.02111802534412409 0.014716168215007583 0.016629278613585693 -0.9869523611509905 0.6104668229897516 1.2670448696744256 1.0 0.0 0.0
offsets -0.0039050389868696927 0.004291567570029497
boundary P 17 0.004806485945111255 0.0 0.0030040162550044416 0.0011637620971342855 0.003997456158426062 0.0036441627926874155 0.00181890063744054 0.0036528449036487354 0.00042805061477417544 0.004619401805710758 -0.001353176275142176 0.004755921291446835 -0.0019161198806145448 0.0025373527871741107 -0.0038624472953250025 0.002391526115188027 -0.004106367046128427 0.0007676130353379903 -0.00471708455536645 -0.000881775923295666 -0.0044285446326816835 -0.002742038746820709 -0.002339026077505097 -0.003097371097223311 -0.0014491836037699908 -0.005093352051018775 0.00028857465284527577 -0.003114216465123132 0.0018125685286421124 -0.0036401283149151017 0.003624779260015122 -0.0033044229098570296 0.003181915728977649 -0.0012326807205156499
transform R 0.0 0.0 0.0 1.2589092747785207 0.13493471226992737 -0.7514895024226924 -2.4696278723468743
transform T 0.078125 -0.15625 0.1171875
end
case corpus_204_alternate 3.90625e-12
op 1204
frame 0.02111802534412409 0.014716168215007583 0.016629278613585693 -0.9869523611509905 0.6104668229897516 1.2670448696744256 1.0 0.0 0.0
offsets 0.004291567570029497 -0.0039050389868696927
boundary P 17 -0.0014491836037699908 -0.005093352051018775 -0.002339026077505097 -0.003097371097223311 -0.0044285446326816835 -0.002742038746820709 -0.00471708455536645 -0.000881775923295666 -0.004106367046128427 0.0007676130353379903 -0.0038624472953250025 0.002391526115188027 -0.0019161198806145448 0.0025373527871741107 -0.001353176275142176 0.004755921291446835 0.00042805061477417544 0.004619401805710758 0.00181890063744054 0.0036528449036487354 0.003997456158426062 0.0036441627926874155 0.0030040162550044416 0.0011637620971342855 0.004806485945111255 0.0 0.003181915728977649 -0.0012326807205156499 0.003624779260015122 -0.0033044229098570296 0.0018125685286421124 -0.0036401283149151017 0.00028857465284527577 -0.003114216465123132
end
case corpus_205 7.8125e-12
op 1205
frame -0.042235931436786514 0.06984886592001663 0.015635669844825482 0.2406821648765931 -0.2543159910799926 0.9055005159751505 1.0 0.0 0.0
offsets -0.008924455940577117 0.005735757256107529
boundary P 18 0.010044426391450367 0.0 0.007320708608332214 0.00266452002716928 0.00783622894483173 0.0065753768174290315 0.0049322479317462755 0.00854290401331106 0.0017705241410951066 0.010041141372586935 -0.0011800522552989853 0.006692408901676012 -0.0034513082522447717 0.005977841245469691 -0.0049098208931280625 0.004119828900570262 -0.006923744973251303 0.002520037079913719 -0.007276763062689831 8.911464592876793e-19 -0.006797177041675556 -0.0024739701202075035 -0.0064746020269567 -0.00543283617283903 -0.004727466690725917 -0.008188212499426783 -0.001224742274130396 -0.006945858592992965 0.001809150238760215 -0.010260200858037869 0.003553448910090766 -0.00615475405437747 0.007777901157933188 -0.006526433992955082 0.007076449734732096 -0.0025756170677234454
boundary C 0.0 0.0 0.0015625
transform R 0.0 0.0 0.0 0.4693618168445655 -0.014301471776968944 0.12462134795606339 -0.40308413862156056
transform T 0.15625 -0.3125 0.234375
end
case corpus_205_alternate 7.8125e-12
op 1205
frame -0.042235931436786514 0.06984886592001663 0.015635669844825482 0.2406821648765931 -0.2543159910799926 0.9055005159751505 1.0 0.0 0.0
offsets 0.005735757256107529 -0.008924455940577117
boundary P 18 0.007320708608332214 0.00266452002716928 0.010044426391450367 0.0 0.007076449734732096 -0.0025756170677234454 0.007777901157933188 -0.006526433992955082 0.003553448910090766 -0.00615475405437747 0.001809150238760215 -0.010260200858037869 -0.001224742274130396 -0.006945858592992965 -0.004727466690725917 -0.008188212499426783 -0.0064746020269567 -0.00543283617283903 -0.006797177041675556 -0.0024739701202075035 -0.007276763062689831 8.911464592876793e-19 -0.006923744973251303 0.002520037079913719 -0.0049098208931280625 0.004119828900570262 -0.0034513082522447717 0.005977841245469691 -0.0011800522552989853 0.006692408901676012 0.0017705241410951066 0.010041141372586935 0.0049322479317462755 0.00854290401331106 0.00783622894483173 0.0065753768174290315
boundary C 0.0 0.0 0.0015625
end
case corpus_206 1.5625e-11
op 1206
frame 0.1284630543008883 0.01117656741168583 0.04443821058008012 -0.9631020808144475 -0.06635050355027206 1.1000287152533554 1.0 0.0 0.0
offsets -0.01802627530321329 0.021413714817100128
boundary P 19 0.017566924168844745 0.0 0.01946493889648687 0.00668232196362449 0.012770272301152708 0.009939501899194451 0.011323369879996915 0.017331707847856287 0.004746976720747454 0.01874538714731049 -0.0011378910450524817 0.013732302717395586 -0.00507750965867688 0.011575556070290777 -0.011542018543187068 0.01253797441922404 -0.016564611406991676 0.008964319406934554 -0.020137584314929572 0.003360368485792344 -0.019428033844784212 -0.0032419654538463523 -0.018773338973719283 -0.010159622991459945 -0.012814709477989402 -0.013920485314040516 -0.007307499347077998 -0.01665942048601777 -0.001643491942958459 -0.019833998142823196 0.0038491945059987353 -0.015200125356604989 0.007135079022537831 -0.010921051453812218 0.009907322842113804 -0.007711178891325119 0.014164265219308119 -0.004862598391750827
transform R 0.0 0.0 0.0 1.0971008101851305 -0.290391393311648 0.11466429175064863 -3.6766369722683017
transform T 0.3125 -0.625 0.46875
end
case corpus_206_alternate 1.5625e-11
op 1206
frame 0.1284630543008883 0.01117656741168583 0.04443821058008012 -0.9631020808144475 -0.06635050355027206 1.1000287152533554 1.0 0.0 0.0
offsets 0.021413714817100128 -0.01802627530321329
boundary P 19 -0.016564611406991676 0.008964319406934554 -0.011542018543187068 0.01253797441922404 -0.00507750965867688 0.011575556070290777 -0.0011378910450524817 0.013732302717395586 0.004746976720747454 0.01874538714731049 0.011323369879996915 0.017331707847856287 0.012770272301152708 0.009939501899194451 0.01946493889648687 0.00668232196362449 0.017566924168844745 0.0 0.014164265219308119 -0.004862598391750827 0.009907322842113804 -0.007711178891325119 0.007135079022537831 -0.010921051453812218 0.0038491945059987353 -0.015200125356604989 -0.001643491942958459 -0.019833998142823196 -0.007307499347077998 -0.01665942048601777 -0.012814709477989402 -0.013920485314040516 -0.018773338973719283 -0.010159622991459945 -0.019428033844784212 -0.0032419654538463523 -0.020137584314929572 0.003360368485792344
end
case corpus_207 3.125e-11
op 1207
frame -0.025509266226574692 0.02840997038533903 -0.18242062579337096 0.26651308284083264 -0.021376609005530067 0.9994715964673644 1.0 0.0 0.0
offsets -0.038914971330976086 0.028620469146152877
boundary P 20 0.029888569592771815 0.0 0.03032250415605473 0.009852378839406341 0.034121675183458614 0.024790848147567806 0.021221612185976936 0.029209043336029396 0.012505969502565216 0.03848941645446075 1.7670408079353886e-18 0.028857966381256556 -0.011944904362477513 0.03676263550952992 -0.01808439953047197 0.024891040556319004 -0.02857497630498578 0.020760935522317663 -0.03623298404448935 0.011772810169347227 -0.030864938018386485 3.779864755009846e-18 -0.029541293199383055 -0.009598548012670747 -0.034738925038280445 -0.025239306417500995 -0.019613642817006338 -0.02699586336790681 -0.008745120817829766 -0.026914714371643243 -5.125880663910823e-18 -0.027903994672747883 0.010721497318385516 -0.03299737579066375 0.022291354570176787 -0.03068141741320381 0.035234233923340665 -0.025599169386996183 0.02609059143618248 -0.008477347043981284
boundary C 0.0 0.0 0.00625
transform R 0.0 0.0 0.0 0.7026013143649155 0.5069160427424244 0.9317569801277532 0.5225882674618714
transform T 0.625 -1.25 0.9375
end
case corpus_207_alternate 3.125e-11
op 1207
frame -0.025509266226574692 0.02840997038533903 -0.18242062579337096 0.26651308284083264 -0.021376609005530067 0.9994715964673644 1.0 0.0 0.0
offsets 0.028620469146152877 -0.038914971330976086
boundary P 20 0.022291354570176787 -0.03068141741320381 0.010721497318385516 -0.03299737579066375 -5.125880663910823e-18 -0.027903994672747883 -0.008745120817829766 -0.026914714371643243 -0.019613642817006338 -0.02699586336790681 -0.034738925038280445 -0.025239306417500995 -0.029541293199383055 -0.009598548012670747 -0.030864938018386485 3.779864755009846e-18 -0.03623298404448935 0.011772810169347227 -0.02857497630498578 0.020760935522317663 -0.01808439953047197 0.024891040556319004 -0.011944904362477513 0.03676263550952992 1.7670408079353886e-18 0.028857966381256556 0.012505969502565216 0.03848941645446075 0.021221612185976936 0.029209043336029396 0.034121675183458614 0.024790848147567806 0.03032250415605473 0.009852378839406341 0.029888569592771815 0.0 0.02609059143618248 -0.008477347043981284 0.035234233923340665 -0.025599169386996183
boundary C 0.0 0.0 0.00625
end
case corpus_208 6.25e-11
op 1208
frame -0.010251244980557933 0.23500459301352708 -0.045802757277640105 0.43754528458882813 -0.11282054915381612 0.6775868031880774 1.0 0.0 0.0
offsets -0.036719466900792225 0.06773807068037943
boundary P 8 0.0681360102940051 0.0 0.04338358715998606 0.04338358715998605 3.728374463135249e-18 0.060888975755803036 -0.057943281526345966 0.05794328152634597 -0.08623503626327911 1.0560746113418069e-17 -0.05114725315568343 -0.051147253155683414 -9.624071349084734e-18 -0.052391004251377556 0.05764471694691442 -0.05764471694691445
transform R 0.0 0.0 0.0 0.7997868955017642 -0.0635207523092145 0.3028306603059123 1.4932205955939715
transform T 1.25 -2.5 1.875
end
case corpus_208_alternate 6.25e-11
op 1208
frame -0.010251244980557933 0.23500459301352708 -0.045802757277640105 0.43754528458882813 -0.11282054915381612 0.6775868031880774 1.0 0.0 0.0
offsets 0.06773807068037943 -0.036719466900792225
boundary P 8 -0.05114725315568343 -0.051147253155683414 -0.08623503626327911 1.0560746113418069e-17 -0.057943281526345966 0.05794328152634597 3.728374463135249e-18 0.060888975755803036 0.04338358715998606 0.04338358715998605 0.0681360102940051 0.0 0.05764471694691442 -0.05764471694691445 -9.624071349084734e-18 -0.052391004251377556
end
case corpus_209 1.25e-10
op 1209
frame 0.9274379243176301 -0.17691673984398554 1.0488833771507489 -0.9418817359275646 0.6908608087031702 1.296414759235495 1.0 0.0 0.0
offsets -0.1342043320168863 0.06854764444046701
boundary P 9 0.1357502142991853 0.0 0.10040298508778041 0.08424810775625448 0.022432501534462614 0.12722103812094412 -0.06384355530829111 0.11058028152979396 -0.11391959439523146 0.04146334145954317 -0.1058903077895933 -0.03854092013269853 -0.06103600956002679 -0.10571746964922599 0.02550775899972643 -0.14466168987433883 0.11979171689853757 -0.10051718546765609
boundary C 0.0 0.0 0.025
transform R 0.0 0.0 0.0 0.6395300451555159 0.9648680524067654 0.6910130967831631 3.661471658632803
transform T 2.5 -5.0 3.75
end
case corpus_209_alternate 1.25e-10
op 1209
frame 0.9274379243176301 -0.17691673984398554 1.0488833771507489 -0.9418817359275646 0.6908608087031702 1.296414759235495 1.0 0.0 0.0
offsets 0.06854764444046701 -0.1342043320168863
boundary P 9 0.10040298508778041 0.08424810775625448 0.1357502142991853 0.0 0.11979171689853757 -0.10051718546765609 0.02550775899972643 -0.14466168987433883 -0.06103600956002679 -0.10571746964922599 -0.1058903077895933 -0.03854092013269853 -0.11391959439523146 0.04146334145954317 -0.06384355530829111 0.11058028152979396 0.022432501534462614 0.12722103812094412
boundary C 0.0 0.0 0.025
end
case corpus_210 2.5e-10
op 1210
frame 1.3206734326003327 0.40907382071993903 -1.91973344592048 -0.506052560512462 -0.34394620899126527 1.1904293716647145 1.0 0.0 0.0
offsets -0.1723050160624855 0.2609187053102952
boundary P 10 0.3282352033396878 0.0 0.277697923072303 0.20175935105078927 0.09941985410007928 0.3059828482321796 -0.0647337877554682 0.19923011287400152 -0.25572689194043347 0.18579646254935633 -0.27547908853453185 3.3736458400584475e-17 -0.22916069037744308 -0.16649498730628123 -0.067905373756647 -0.20899125089656487 0.07847353442386992 -0.24151670500030015 0.21148699985446587 -0.1536542995145331
transform R 0.0 0.0 0.0 0.5751913704881002 0.2608827351891907 -0.7698587451529284 5.213616773863377
transform T 5.0 -10.0 7.5
end
case corpus_210_alternate 2.5e-10
op 1210
frame 1.3206734326003327 0.40907382071993903 -1.91973344592048 -0.506052560512462 -0.34394620899126527 1.1904293716647145 1.0 0.0 0.0
offsets 0.2609187053102952 -0.1723050160624855
boundary P 10 -0.0647337877554682 0.19923011287400152 0.09941985410007928 0.3059828482321796 0.277697923072303 0.20175935105078927 0.3282352033396878 0.0 0.21148699985446587 -0.1536542995145331 0.07847353442386992 -0.24151670500030015 -0.067905373756647 -0.20899125089656487 -0.22916069037744308 -0.16649498730628123 -0.27547908853453185 3.3736458400584475e-17 -0.25572689194043347 0.18579646254935633
end
case corpus_211 5e-10
op 1211
frame -4.557769000433931 -3.1965136546189 -0.000792383001712027 0.4424268915527294 0.6450336095526934 0.7783860580849493 1.0 0.0 0.0
offsets -0.5479010197785099 0.6458814548232144
boundary P 11 0.4082129665896785 0.0 0.427335450750778 0.2746318183581642 0.1842045100974864 0.40335161423864374 -0.08846998760338354 0.6153222794984384 -0.44573006515320807 0.5143999167379888 -0.41250317808253195 0.12112186150630438 -0.5770724217261318 -0.16944375136289405 -0.41993654654725715 -0.48463260943570835 -0.0732008582858186 -0.5091231524028081 0.24603369700846256 -0.5387386486516816 0.37582785163552 -0.24152989437915778
boundary C 0.0 0.0 0.1
transform R 0.0 0.0 0.0 1.2728110484386563 0.7160289299805387 0.24496093705530297 -1.2381536371964357
transform T 10.0 -20.0 15.0
end
case corpus_211_alternate 5e-10
op 1211
frame -4.557769000433931 -3.1965136546189 -0.000792383001712027 0.4424268915527294 0.6450336095526934 0.7783860580849493 1.0 0.0 0.0
offsets 0.6458814548232144 -0.5479010197785099
boundary P 11 0.427335450750778 0.2746318183581642 0.4082129665896785 0.0 0.37582785163552 -0.24152989437915778 0.24603369700846256 -0.5387386486516816 -0.0732008582858186 -0.5091231524028081 -0.41993654654725715 -0.48463260943570835 -0.5770724217261318 -0.16944375136289405 -0.41250317808253195 0.12112186150630438 -0.44573006515320807 0.5143999167379888 -0.08846998760338354 0.6153222794984384 0.1842045100974864 0.40335161423864374
boundary C 0.0 0.0 0.1
end
case corpus_212 1e-09
op 1212
frame -6.300396972363074 -0.9373912904677062 -7.782694079745478 0.7971733022165892 0.1810974963818821 0.9447043732262083 1.0 0.0 0.0
offsets -0.8245167101427762 0.8617742736130264
boundary P 12 0.8759457817852541 0.0 0.881161862502641 0.5087390385155316 0.5778628430677809 1.000887803999597 6.419446700773189e-17 1.0483752058540727 -0.5777586230715248 1.0007072896709175 -0.9647863681929512 0.5570196693866816 -1.02397764418531 1.2540109443499872e-16 -1.1198746443570722 -0.6465599273781916 -0.6278180766591543 -1.0874128066838262 -2.0758585134304247e-16 -1.1300447415400197 0.4026173552625084 -0.6973537153236731 1.182931628489598 -0.6829658941413926
transform R 0.0 0.0 0.0 0.8761496353576859 0.002921534184317842 -0.9083256127414387 2.8026487078692814
transform T 20.0 -40.0 30.0
end
case corpus_212_alternate 1e-09
op 1212
frame -6.300396972363074 -0.9373912904677062 -7.782694079745478 0.7971733022165892 0.1810974963818821 0.9447043732262083 1.0 0.0 0.0
offsets 0.8617742736130264 -0.8245167101427762
boundary P 12 6.419446700773189e-17 1.0483752058540727 0.5778628430677809 1.000887803999597 0.881161862502641 0.5087390385155316 0.8759457817852541 0.0 1.182931628489598 -0.6829658941413926 0.4026173552625084 -0.6973537153236731 -2.0758585134304247e-16 -1.1300447415400197 -0.6278180766591543 -1.0874128066838262 -1.1198746443570722 -0.6465599273781916 -1.02397764418531 1.2540109443499872e-16 -0.9647863681929512 0.5570196693866816 -0.5777586230715248 1.0007072896709175
end
case corpus_213 2e-09
op 1213
frame -19.733374343012258 -3.047814160108673 -14.713759499805889 -0.9805731455501614 -0.04701292431587056 1.4995582104122436 1.0 0.0 0.0
offsets -1.1186437206896547 1.96242245111313
boundary P 13 2.54532524987017 0.0 2.2777823616438475 1.195472404795688 1.3535478983839313 1.960952670438168 0.29956068311037104 2.4671041862496286 -0.6475556730678119 1.7074639817044108 -1.3058145752075612 1.1568507658667235 -1.7556038520476318 0.43271748578340813 -1.7120983124656688 -0.42199433335719233 -2.0462733490186387 -1.812839997293338 -0.697071285412456 -1.8380259212052679 0.2999676240746653 -2.470455646615326 1.441441167507799 -2.088288053994065 1.9012984647022062 -0.9978784128399057
boundary C 0.0 0.0 0.4
transform R 0.0 0.0 0.0 1.1702035033411582 0.639978366359893 -0.29557965816737175 -5.553512512754791
transform T 40.0 -80.0 60.0
end
case corpus_213_alternate 2e-09
op 1213
frame -19.733374343012258 -3.047814160108673 -14.713759499805889 -0.9805731455501614 -0.04701292431587056 1.4995582104122436 1.0 0.0 0.0
offsets 1.96242245111313 -1.1186437206896547
boundary P 13 -0.697071285412456 -1.8380259212052679 -2.0462733490186387 -1.812839997293338 -1.7120983124656688 -0.42199433335719233 -1.7556038520476318 0.43271748578340813 -1.3058145752075612 1.1568507658667235 -0.6475556730678119 1.7074639817044108 0.29956068311037104 2.4671041862496286 1.3535478983839313 1.960952670438168 2.2777823616438475 1.195472404795688 2.54532524987017 0.0 1.9012984647022062 -0.9978784128399057 1.441441167507799 -2.088288053994065 0.2999676240746653 -2.470455646615326
boundary C 0.0 0.0 0.4
end
case corpus_214 4e-09
op 1214
frame 17.26620104560159 11.192363816376778 -21.167736807839024 0.517264089745864 0.04311372361491772 1.0123615316785908 1.0 0.0 0.0
offsets -4.733920709113224 2.982010612452974
boundary P 14 4.507225173202102 0.0 3.8517315157497625 1.8548961364461363 3.073081024303008 3.8535217188998474 0.7587510187742937 3.3243054190338692 -1.1805460015414642 5.172309984746763 -2.4843859209400976 3.115321408306513 -4.407920123158431 2.1227424530440566 -5.10055273724045 6.246375583543788e-16 -4.539962005302145 -2.1863304721040437 -2.970971200690739 -3.7254800500043266 -1.0401342653593415 -4.557125973211301 0.7364368555556092 -3.2265406821523333 2.417286036596436 -3.0311808146778074 4.5267504714799776 -2.179968132739767
transform R 0.0 0.0 0.0 1.240910806959793 0.09174228554159725 -0.35991564688617306 0.22369072589538633
transform T 80.0 -160.0 120.0
end
case corpus_214_alternate 4e-09
op 1214
frame 17.26620104560159 11.192363816376778 -21.167736807839024 0.517264089745864 0.04311372361491772 1.0123615316785908 1.0 0.0 0.0
offsets 2.982010612452974 -4.733920709113224
boundary P 14 -4.407920123158431 2.1227424530440566 -2.4843859209400976 3.115321408306513 -1.1805460015414642 5.172309984746763 0.7587510187742937 3.3243054190338692 3.073081024303008 3.8535217188998474 3.8517315157497625 1.8548961364461363 4.507225173202102 0.0 4.5267504714799776 -2.179968132739767 2.417286036596436 -3.0311808146778074 0.7364368555556092 -3.2265406821523333 -1.0401342653593415 -4.557125973211301 -2.970971200690739 -3.7254800500043266 -4.539962005302145 -2.1863304721040437 -5.10055273724045 6.246375583543788e-16
end
case corpus_215 8e-09
op 1215
frame -35.68308310346703 26.72024525211821 10.431009271931302 -0.13148847353368143 -0.007959076983124147 1.1969215940694675 1.0 0.0 0.0
offsets -6.800629206657604 11.916127930539425
boundary P 15 10.166796882967237 0.0 9.936950796041613 4.424215538897219 7.243398613766445 8.04460915034544 2.2697393820459473 6.985539529801144 -0.815156000560932 7.755691276383187 -4.037361283025283 6.992914870711264 -7.142547705310796 5.189364666215397 -6.324620520906241 1.3443395917914946 -8.158616400069858 -1.7341674499835005 -6.389892789366008 -4.642528860869205 -5.144233375607334 -8.910073572543444 -1.0478215905055535 -9.969356495072937 2.8239307027684637 -8.69116503403425 6.815192869842387 -7.569038492221633 8.918585366535025 -3.970810037554337
boundary C 0.0 0.0 1.6
transform R 0.0 0.0 0.0 0.4767773908014307 0.3048932381781362 -0.6614119745797256 6.031838677991511
transform T 160.0 -320.0 240.0
end
case corpus_215_alternate 8e-09
op 1215
frame -35.68308310346703 26.72024525211821 10.431009271931302 -0.13148847353368143 -0.007959076983124147 1.1969215940694675 1.0 0.0 0.0
offsets 11.916127930539425 -6.800629206657604
boundary P 15 -4.037361283025283 6.992914870711264 -0.815156000560932 7.755691276383187 2.2697393820459473 6.985539529801144 7.243398613766445 8.04460915034544 9.936950796041613 4.424215538897219 10.166796882967237 0.0 8.918585366535025 -3.970810037554337 6.815192869842387 -7.569038492221633 2.8239307027684637 -8.69116503403425 -1.0478215905055535 -9.969356495072937 -5.144233375607334 -8.910073572543444 -6.389892789366008 -4.642528860869205 -8.158616400069858 -1.7341674499835005 -6.324620520906241 1.3443395917914946 -7.142547705310796 5.189364666215397
boundary C 0.0 0.0 1.6
end
case corpus_216 1.6e-08
op 1216
frame 38.3086458937802 145.64992978587372 13.452948916469545 0.039968442232398926 0.7285848981825238 0.8588618483213821 1.0 0.0 0.0
offsets -19.79414866676393 9.837344452605032
boundary P 16 19.7802415610781 0.0 14.83894684154469 6.146493033101213 12.71475200072062 12.714752000720619 6.828394046357393 16.48520151594371 1.0319184901481422e-15 16.85250785559729 -7.496386844289286 18.097878788278443 -11.875462735361378 11.87546273536138 -14.32557163878379 5.9338460615316135 -14.100365553742325 1.7267967542198136e-15 -16.622022715694083 -6.885067242914151 -11.841423117429077 -11.841423117429073 -8.17061589830406 -19.725611714626854 -2.409456744018807e-15 -13.116471599247308 5.033910796981413 -12.152935717848873 9.274313707752258 -9.274313707752261 13.831538943303075 -5.7292110188077725
transform R 0.0 0.0 0.0 0.3412021342464671 0.036245242748271345 -0.5704425531517516 -0.8012324666116849
transform T 320.0 -640.0 480.0
end
case corpus_216_alternate 1.6e-08
op 1216
frame 38.3086458937802 145.64992978587372 13.452948916469545 0.039968442232398926 0.7285848981825238 0.8588618483213821 1.0 0.0 0.0
offsets 9.837344452605032 -19.79414866676393
boundary P 16 -11.875462735361378 11.87546273536138 -7.496386844289286 18.097878788278443 1.0319184901481422e-15 16.85250785559729 6.828394046357393 16.48520151594371 12.71475200072062 12.714752000720619 14.83894684154469 6.146493033101213 19.7802415610781 0.0 13.831538943303075 -5.7292110188077725 9.274313707752258 -9.274313707752261 5.033910796981413 -12.152935717848873 -2.409456744018807e-15 -13.116471599247308 -8.17061589830406 -19.725611714626854 -11.841423117429077 -11.841423117429073 -16.622022715694083 -6.885067242914151 -14.100365553742325 1.7267967542198136e-15 -14.32557163878379 5.9338460615316135
end
case corpus_217 3.2e-08
op 1217
frame -295.9122946565093 -212.05497603291627 -87.91996529236499 0.3058848094908988 0.8250219734022572 1.3485995935579975 1.0 0.0 0.0
offsets -21.371940946935904 36.47229296124766
boundary P 17 27.424818765838594 0.0 27.741813967837896 10.747235987067755 29.72586952318257 27.098710630841392 18.01886632302645 36.186761751985294 3.8318546763832186 41.352297603039815 -10.371468491177414 36.45193071063713 -16.376124903596093 21.685493996296415 -27.45880332604521 17.001771215242783 -40.315418226209054 7.536257769435893 -43.51275519228496 -8.133943632866398 -22.85032606608644 -14.148322902360572 -16.681915292535365 -22.090425912882534 -8.798354539682029 -30.923008667570038 2.491819883047687 -26.89101912242097 11.523502405036538 -23.1423125408618 31.53301172683413 -28.746138424579918 25.63969266213864 -9.932869854702203
boundary C 0.0 0.0 6.4
transform R 0.0 0.0 0.0 1.2497910358226831 -0.4972414345557359 -0.2117788654196242 3.65889280821203
transform T 640.0 -1280.0 960.0
end
case corpus_217_alternate 3.2e-08
op 1217
frame -295.9122946565093 -212.05497603291627 -87.91996529236499 0.3058848094908988 0.8250219734022572 1.3485995935579975 1.0 0.0 0.0
offsets 36.47229296124766 -21.371940946935904
boundary P 17 -43.51275519228496 -8.133943632866398 -40.315418226209054 7.536257769435893 -27.45880332604521 17.001771215242783 -16.376124903596093 21.685493996296415 -10.371468491177414 36.45193071063713 3.8318546763832186 41.352297603039815 18.01886632302645 36.186761751985294 29.72586952318257 27.098710630841392 27.741813967837896 10.747235987067755 27.424818765838594 0.0 25.63969266213864 -9.932869854702203 31.53301172683413 -28.746138424579918 11.523502405036538 -23.1423125408618 2.491819883047687 -26.89101912242097 -8.798354539682029 -30.923008667570038 -16.681915292535365 -22.090425912882534 -22.85032606608644 -14.148322902360572
boundary C 0.0 0.0 6.4
end
case corpus_218 6.4e-08
op 1218
frame -355.4211491401216 48.72853820753306 245.07427098652613 0.8634288786189153 -0.04046088030268735 1.1348949452785755 1.0 0.0 0.0
offsets -89.51712099470987 45.45845609205983
boundary P 18 84.80813848423725 0.0 77.23967382765574 28.11294217769691 60.97551223798532 51.1645298297392 35.55247317819289 61.57868987935983 10.052226659149712 57.009010298712205 -11.715124108024142 66.43977036840248 -42.19863773495623 73.09018456713748 -50.12594054178649 42.06065822102733 -68.6017145331577 24.968982109696558 -63.91468748257256 7.827291744403589e-15 -82.59534564156539 -30.062247302458506 -44.411391248479426 -37.26558201666893 -27.813136695639287 -48.173765874705545 -13.79710837568977 -78.24728989434463 11.38473288453061 -64.56602862924248 37.142299129392974 -64.33234920203003 61.020574327908186 -51.2023414127736 82.30939446957322 -29.958169587399812
transform R 0.0 0.0 0.0 0.6591357236404498 -0.9227214146566349 0.7527389872003498 1.03276674194113
transform T 1280.0 -2560.0 1920.0
end
case corpus_218_alternate 6.4e-08
op 1218
frame -355.4211491401216 48.72853820753306 245.07427098652613 0.8634288786189153 -0.04046088030268735 1.1348949452785755 1.0 0.0 0.0
offsets 45.45845609205983 -89.51712099470987
boundary P 18 11.38473288453061 -64.56602862924248 -13.79710837568977 -78.24728989434463 -27.813136695639287 -48.173765874705545 -44.411391248479426 -37.26558201666893 -82.59534564156539 -30.062247302458506 -63.91468748257256 7.827291744403589e-15 -68.6017145331577 24.968982109696558 -50.12594054178649 42.06065822102733 -42.19863773495623 73.09018456713748 -11.715124108024142 66.43977036840248 10.052226659149712 57.009010298712205 35.55247317819289 61.57868987935983 60.97551223798532 51.1645298297392 77.23967382765574 28.11294217769691 84.80813848423725 0.0 82.30939446957322 -29.958169587399812 61.020574327908186 -51.2023414127736 37.142299129392974 -64.33234920203003
end
case corpus_219 1.28e-07
op 1219
frame 390.3668103063609 1222.582562157296 -1072.3083299816099 -0.14177250763451066 -0.9817039519798236 0.9481200345589085 1.0 0.0 0.0
offsets -112.38826181958439 81.7798792723359
boundary P 19 158.58870143764457 0.0 166.22953550326176 57.066671619350714 136.57406046057173 106.29985808572131 64.74303087763788 99.096585932267 27.41172155890421 108.24644046601256 -9.959611763259078 120.19463926311121 -58.191692631879775 132.66369660850256 -78.81131795140247 85.61191309151766 -112.74339569102041 61.01367458400672 -151.7788616660521 25.32741244310569 -118.62057865753374 -19.794273635478095 -119.60778643437794 -64.728497083947 -78.92588808449966 -85.73636943272038 -46.40967677246411 -105.80340596018108 -8.910280096191402 -107.53108929866028 41.457071760122844 -163.71027410788966 62.532626933912155 -95.71331083091414 129.04167934357707 -100.43717053668068 134.28017152095615 -46.09844111022098
boundary C 0.0 0.0 25.6
transform R 0.0 0.0 0.0 0.4075779542700409 0.2427910931927768 -0.7477923594875151 4.709480310418551
transform T 2560.0 -5120.0 3840.0
end
case corpus_219_alternate 1.28e-07
op 1219
frame 390.3668103063609 1222.582562157296 -1072.3083299816099 -0.14177250763451066 -0.9817039519798236 0.9481200345589085 1.0 0.0 0.0
offsets 81.7798792723359 -112.38826181958439
boundary P 19 64.74303087763788 99.096585932267 136.57406046057173 106.29985808572131 166.22953550326176 57.066671619350714 158.58870143764457 0.0 134.28017152095615 -46.09844111022098 129.04167934357707 -100.43717053668068 62.532626933912155 -95.71331083091414 41.457071760122844 -163.71027410788966 -8.910280096191402 -107.53108929866028 -46.40967677246411 -105.80340596018108 -78.92588808449966 -85.73636943272038 -119.60778643437794 -64.728497083947 -118.62057865753374 -19.794273635478095 -151.7788616660521 25.32741244310569 -112.74339569102041 61.01367458400672 -78.81131795140247 85.61191309151766 -58.191692631879775 132.66369660850256 -9.959611763259078 120.19463926311121 27.41172155890421 108.24644046601256
boundary C 0.0 0.0 25.6
end
case corpus_220 2.56e-07
op 1220
frame -1610.1879125000187 658.5062818070708 -401.212206812383 0.0942709382140603 0.27354408935130015 1.083846269316234 1.0 0.0 0.0
offsets -247.81755940756904 372.954642749138
boundary P 20 230.07819666002837 0.0 331.64180140390255 107.75695337028986 232.94756488931077 169.2463126873727 172.80591564117975 237.8469380389866 91.42758848867463 281.3851839352276 1.7738116170451514e-14 289.6854208544289 -85.28415800497385 262.4776490737612 -135.35382568228405 186.29855853570263 -284.38315952954514 206.61645964674761 -302.9537354878148 98.43563570732508 -253.2494880419775 3.1014117491631365e-14 -328.7485635150149 -106.81688339430275 -268.15294739695105 -194.82452029386928 -155.7333481692825 -214.34856483464287 -102.82866301770144 -316.4740833193214 -5.721269499051543e-14 -311.45140531048975 109.55767639322984 -337.1838570066176 145.45311175252013 -200.19903329244198 194.31236542115528 -141.1761971957877 286.1716844509876 -92.98281678227407
transform R 0.0 0.0 0.0 0.7148362663065428 -0.11072644492523298 -0.9868729452654368 -3.719817683663087
transform T 5120.0 -10240.0 7680.0
end
case corpus_220_alternate 2.56e-07
op 1220
frame -1610.1879125000187 658.5062818070708 -401.212206812383 0.0942709382140603 0.27354408935130015 1.083846269316234 1.0 0.0 0.0
offsets 372.954642749138 -247.81755940756904
boundary P 20 -328.7485635150149 -106.81688339430275 -253.2494880419775 3.1014117491631365e-14 -302.9537354878148 98.43563570732508 -284.38315952954514 206.61645964674761 -135.35382568228405 186.29855853570263 -85.28415800497385 262.4776490737612 1.7738116170451514e-14 289.6854208544289 91.42758848867463 281.3851839352276 172.80591564117975 237.8469380389866 232.94756488931077 169.2463126873727 331.64180140390255 107.75695337028986 230.07819666002837 0.0 286.1716844509876 -92.98281678227407 194.31236542115528 -141.1761971957877 145.45311175252013 -200.19903329244198 109.55767639322984 -337.1838570066176 -5.721269499051543e-14 -311.45140531048975 -102.82866301770144 -316.4740833193214 -155.7333481692825 -214.34856483464287 -268.15294739695105 -194.82452029386928
end
case corpus_221 5.12e-07
op 1221
frame 2395.2719698155306 1544.6579984990558 1648.6970192086073 -0.8623202799474694 -0.5020287314491012 1.0369846273497574 1.0 0.0 0.0
offsets -653.5296377748442 434.5135041624899
boundary P 8 550.6851239790637 0.0 402.60334176558376 402.6033417655837 3.200432058803964e-14 522.6702198596737 -472.720329692137 472.7203296921371 -612.262573507447 7.49805400883616e-14 -483.1986951175412 -483.19869511754104 -1.2276295397513325e-13 -668.2903950244026 400.76881983207574 -400.7688198320759
boundary C 0.0 0.0 102.4
transform R 0.0 0.0 0.0 0.3421261221545145 -0.961308099321061 0.24425070990730968 -5.607566861836849
transform T 10240.0 -20480.0 15360.0
end
case corpus_221_alternate 5.12e-07
op 1221
frame 2395.2719698155306 1544.6579984990558 1648.6970192086073 -0.8623202799474694 -0.5020287314491012 1.0369846273497574 1.0 0.0 0.0
offsets 434.5135041624899 -653.5296377748442
boundary P 8 -612.262573507447 7.49805400883616e-14 -472.720329692137 472.7203296921371 3.200432058803964e-14 522.6702198596737 402.60334176558376 402.6033417655837 550.6851239790637 0.0 400.76881983207574 -400.7688198320759 -1.2276295397513325e-13 -668.2903950244026 -483.1986951175412 -483.19869511754104
boundary C 0.0 0.0 102.4
end
case corpus_222 1.024e-06
op 1222
frame -2775.6480377826006 4205.1269895736 5413.421337791156 -0.5884861727202966 -0.7117861608236098 1.0909316168118606 1.0 0.0 0.0
offsets -581.048819237286 523.8066472526489
boundary P 9 1281.6961152264996 0.0 1001.1840517815945 840.0931685905107 155.48925317987545 881.8233747049624 -526.6960887324686 912.2643858324418 -1301.452690683738 473.6900407145397 -773.2458979623314 -281.4384906267297 -424.891749852685 -735.9340984616955 180.07949430083164 -1021.2815621142598 994.2670910315262 -834.2891493762613
transform R 0.0 0.0 0.0 0.5129971373215647 0.5581035369469642 -0.2463590177667936 4.385398024848917
transform T 20480.0 -40960.0 30720.0
end
case corpus_222_alternate 1.024e-06
op 1222
frame -2775.6480377826006 4205.1269895736 5413.421337791156 -0.5884861727202966 -0.7117861608236098 1.0909316168118606 1.0 0.0 0.0
offsets 523.8066472526489 -581.048819237286
boundary P 9 -424.891749852685 -735.9340984616955 -773.2458979623314 -281.4384906267297 -1301.452690683738 473.6900407145397 -526.6960887324686 912.2643858324418 155.48925317987545 881.8233747049624 1001.1840517815945 840.0931685905107 1281.6961152264996 0.0 994.2670910315262 -834.2891493762613 180.07949430083164 -1021.2815621142598
end
case corpus_223 2.048e-06
op 1223
frame 2649.915488368865 12064.799433038002 -6599.633309351152 0.20375788043949417 -0.484879421225898 0.766532545593577 1.0 0.0 0.0
offsets -2822.9298630975163 1070.3532430325754
boundary P 10 2619.955101672242 0.0 2304.7179300712837 1674.475591253273 531.9336570545945 1637.1234591863524 -528.7623742692222 1627.3632543660854 -1965.0304119557977 1427.6781631097813 -2373.621246092856 2.906847661415768e-13 -1580.0372383812173 -1147.9642495160983 -844.1669541649998 -2598.0787374609954 845.0638888361771 -2600.8392185324024 1590.7899525802131 -1155.7765536731567
boundary C 0.0 0.0 409.6
transform R 0.0 0.0 0.0 1.0042574899980805 -0.4234182520678049 0.9344514538126716 -0.6039440635063839
transform T 40960.0 -81920.0 61440.0
end
case corpus_223_alternate 2.048e-06
op 1223
frame 2649.915488368865 12064.799433038002 -6599.633309351152 0.20375788043949417 -0.484879421225898 0.766532545593577 1.0 0.0 0.0
offsets 1070.3532430325754 -2822.9298630975163
boundary P 10 -844.1669541649998 -2598.0787374609954 -1580.0372383812173 -1147.9642495160983 -2373.621246092856 2.906847661415768e-13 -1965.0304119557977 1427.6781631097813 -528.7623742692222 1627.3632543660854 531.9336570545945 1637.1234591863524 2304.7179300712837 1674.475591253273 2619.955101672242 0.0 1590.7899525802131 -1155.7765536731567 845.0638888361771 -2600.8392185324024
boundary C 0.0 0.0 409.6
end
case corpus_224 4.096e-06
op 1224
frame 8158.076280654932 -26528.124044203723 32422.428613922573 0.9187110009937114 0.919019455879579 0.9905949793589142 1.0 0.0 0.0
offsets -4535.39331625643 5636.127985862946
boundary P 11 3611.6384088386535 0.0 3819.3035161010966 2454.517329759973 1433.1337885215949 3138.1252647625397 -643.1432733007591 4473.1597199452435 -3490.0094644965143 4027.685629271442 -5485.793827503384 1610.774402552758 -4464.704949084843 -1310.9556562043501 -3110.8194774681465 -3590.07705627059 -646.8883990145804 -4499.20764143436 1536.6473972551296 -3364.7884510018057 3797.6836371493855 -2440.623077226605
transform R 0.0 0.0 0.0 0.318670054116223 0.5310345169061157 0.06722491672718367 5.90940373940037
transform T 81920.0 -163840.0 122880.0
end
case corpus_224_alternate 4.096e-06
op 1224
frame 8158.076280654932 -26528.124044203723 32422.428613922573 0.9187110009937114 0.919019455879579 0.9905949793589142 1.0 0.0 0.0
offsets 5636.127985862946 -4535.39331625643
boundary P 11 -3490.0094644965143 4027.685629271442 -643.1432733007591 4473.1597199452435 1433.1337885215949 3138.1252647625397 3819.3035161010966 2454.517329759973 3611.6384088386535 0.0 3797.6836371493855 -2440.623077226605 1536.6473972551296 -3364.7884510018057 -646.8883990145804 -4499.20764143436 -3110.8194774681465 -3590.07705627059 -4464.704949084843 -1310.9556562043501 -5485.793827503384 1610.774402552758
end
case corpus_225 2.44140625e-13
op 1225
frame -0.0019699489999067676 -7.767543093575261e-05 -0.0014723360946681434 0.6723687756307168 -0.9958706776726374 1.258400591793707 1.0 0.0 0.0
offsets -0.0002551934818657182 0.00016475693393335606
boundary P 12 0.00025063650941943273 0.0 0.0002868887330601905 0.00016563528725977166 0.0001620264288303828 0.0002806380069031657 1.4071326968367993e-20 0.00022980220873749065 -0.0001000135720849883 0.0001732285882976522 -0.00018115681796844428 0.00010459093761961731 -0.0002158361113106592 2.643230028570106e-20 -0.000252511052498638 -0.00014578732413344427 -0.00012976838383666652 -0.00022476543402120603 -6.032783713482076e-20 -0.0003284094493031153 0.0001509330551486993 -0.0002614237200591424 0.0002667261074816249 -0.00015399438995441738
boundary C 0.0 0.0 4.8828125e-05
transform R 0.0 0.0 0.0 0.8890011723692461 0.9513421328401932 -0.8563928726502061 -2.304119332884861
transform T 0.0048828125 -0.009765625 0.00732421875
end
case corpus_225_alternate 2.44140625e-13
op 1225
frame -0.0019699489999067676 -7.767543093575261e-05 -0.0014723360946681434 0.6723687756307168 -0.9958706776726374 1.258400591793707 1.0 0.0 0.0
offsets 0.00016475693393335606 -0.0002551934818657182
boundary P 12 -0.00018115681796844428 0.00010459093761961731 -0.0001000135720849883 0.0001732285882976522 1.4071326968367993e-20 0.00022980220873749065 0.0001620264288303828 0.0002806380069031657 0.0002868887330601905 0.00016563528725977166 0.00025063650941943273 0.0 0.0002667261074816249 -0.00015399438995441738 0.0001509330551486993 -0.0002614237200591424 -6.032783713482076e-20 -0.0003284094493031153 -0.00012976838383666652 -0.00022476543402120603 -0.000252511052498638 -0.00014578732413344427 -0.0002158361113106592 2.643230028570106e-20
boundary C 0.0 0.0 4.8828125e-05
end
case corpus_226 4.8828125e-13
op 1226
frame 0.0009300653350221373 -0.004417841631844012 -0.004310794763850747 0.27948373813388594 0.7876183378513784 0.5616417947758267 1.0 0.0 0.0
offsets -0.0002936185172370607 0.0003673237875753661
boundary P 13 0.000496705666278682 0.0 0.0004693362772355792 0.0002463266804822169 0.00035979200374860977 0.0005212487060084903 6.13945143562827e-05 0.0005056293162655833 -0.00020146168720279144 0.0005312108115160383 -0.00036117014105498227 0.00031996882422700464 -0.0003962190651693319 9.765922847546474e-05 -0.00038610928738513645 -9.516739205148796e-05 -0.00047126568842527236 -0.0004175049681114388 -0.00023892591201363938 -0.0006299958536792012 7.118012851012797e-05 -0.0005862210995173261 0.00035439251059754984 -0.0005134261896969335 0.0005828971017666395 -0.0003059279989746264
transform R 0.0 0.0 0.0 0.6057815888088103 0.563069252904838 -0.3433240567161182 -3.891646852369513
transform T 0.009765625 -0.01953125 0.0146484375
end
case corpus_226_alternate 4.8828125e-13
op 1226
frame 0.0009300653350221373 -0.004417841631844012 -0.004310794763850747 0.27948373813388594 0.7876183378513784 0.5616417947758267 1.0 0.0 0.0
offsets 0.0003673237875753661 -0.0002936185172370607
boundary P 13 7.118012851012797e-05 -0.0005862210995173261 -0.00023892591201363938 -0.0006299958536792012 -0.00047126568842527236 -0.0004175049681114388 -0.00038610928738513645 -9.516739205148796e-05 -0.0003962190651693319 9.765922847546474e-05 -0.00036117014105498227 0.00031996882422700464 -0.00020146168720279144 0.0005312108115160383 6.13945143562827e-05 0.0005056293162655833 0.00035979200374860977 0.0005212487060084903 0.0004693362772355792 0.0002463266804822169 0.000496705666278682 0.0 0.0005828971017666395 -0.0003059279989746264 0.00035439251059754984 -0.0005134261896969335
end
case corpus_227 9.765625e-13
op 1227
frame 0.0039037231952589635 -0.0027822489921337074 0.008120088028074164 0.5795671866869969 0.8780254769427009 0.543995421459195 1.0 0.0 0.0
offsets -0.0008699633550244416 0.0012914202614081375
boundary P 14 0.0010104656568016733 0.0 0.0011969270554045138 0.0005764096904468465 0.0006241830079276357 0.0007827007353842601 0.0002620735075262471 0.0011482190596094303 -0.00028643885857215263 0.0012549706375505221 -0.000672346245051275 0.0008430955244707481 -0.0009368329140281443 0.00045115495345945 -0.0009514066014428557 1.1651370491446548e-19 -0.0012250861619473778 -0.0005899704014461866 -0.0005018736203213985 -0.0006293296144022243 -0.00022307313276876745 -0.0009773472532557724 0.00019007252061756675 -0.0008327621244174789 0.0007035203623500693 -0.0008821866311250811 0.001087960404842158 -0.0005239341172395459
boundary C 0.0 0.0 0.0001953125
transform R 0.0 0.0 0.0 1.2604283205744342 -0.1773361868212202 -0.27514042597431443 4.828820890478533
transform T 0.01953125 -0.0390625 0.029296875
end
case corpus_227_alternate 9.765625e-13
op 1227
frame 0.0039037231952589635 -0.0027822489921337074 0.008120088028074164 0.5795671866869969 0.8780254769427009 0.543995421459195 1.0 0.0 0.0
offsets 0.0012914202614081375 -0.0008699633550244416
boundary P 14 -0.0009368329140281443 0.00045115495345945 -0.000672346245051275 0.0008430955244707481 -0.00028643885857215263 0.0012549706375505221 0.0002620735075262471 0.0011482190596094303 0.0006241830079276357 0.0007827007353842601 0.0011969270554045138 0.0005764096904468465 0.0010104656568016733 0.0 0.001087960404842158 -0.0005239341172395459 0.0007035203623500693 -0.0008821866311250811 0.00019007252061756675 -0.0008327621244174789 -0.00022307313276876745 -0.0009773472532557724 -0.0005018736203213985 -0.0006293296144022243 -0.0012250861619473778 -0.0005899704014461866 -0.0009514066014428557 1.1651370491446548e-19
boundary C 0.0 0.0 0.0001953125
end
case corpus_228 1.953125e-12
op 1228
frame 0.005204046426358594 0.016587210979825122 -0.013238303090956152 0.23499949288435973 0.8447624695039686 1.3793493476606309 1.0 0.0 0.0
offsets -0.002372930960910187 0.0024310552724430452
boundary P 15 0.002053373207081548 0.0 0.002456787433406913 0.0010938322390582926 0.0011006560591941147 0.0012224023938635644 0.0004886043825514696 0.0015037696643703372 -0.00016372775801689037 0.0015577655610454608 -0.0012112205471584232 0.0020978955268497654 -0.0012840880398925357 0.0009329445706849719 -0.002508250676019256 0.0005331451395011616 -0.0020668012602380217 -0.00043931216953146186 -0.001712793361518746 -0.0012444172188286293 -0.001038588415158408 -0.0017988879032067992 -0.00017424247988563204 -0.001657806457039439 0.0006063934416645971 -0.0018662871124621744 0.0016743899209245457 -0.001859598400882662 0.0014530014293158105 -0.0006469179161257021
transform R 0.0 0.0 0.0 0.7631737051834553 0.7000728122937527 -0.6103969125732307 0.4711076507994631
transform T 0.0390625 -0.078125 0.05859375
end
case corpus_228_alternate 1.953125e-12
op 1228
frame 0.005204046426358594 0.016587210979825122 -0.013238303090956152 0.23499949288435973 0.8447624695039686 1.3793493476606309 1.0 0.0 0.0
offsets 0.0024310552724430452 -0.002372930960910187
boundary P 15 -0.00016372775801689037 0.0015577655610454608 0.0004886043825514696 0.0015037696643703372 0.0011006560591941147 0.0012224023938635644 0.002456787433406913 0.0010938322390582926 0.002053373207081548 0.0 0.0014530014293158105 -0.0006469179161257021 0.0016743899209245457 -0.001859598400882662 0.0006063934416645971 -0.0018662871124621744 -0.00017424247988563204 -0.001657806457039439 -0.001038588415158408 -0.0017988879032067992 -0.001712793361518746 -0.0012444172188286293 -0.0020668012602380217 -0.00043931216953146186 -0.002508250676019256 0.0005331451395011616 -0.0012840880398925357 0.0009329445706849719 -0.0012112205471584232 0.0020978955268497654
end
case corpus_229 3.90625e-12
op 1229
frame -0.026482111477384412 -0.02476159133288301 -0.01222168529391953 -0.7200238592027965 -0.5688796883419591 1.4640993402286027 1.0 0.0 0.0
offsets -0.0032928274801329385 0.00435727012720254
boundary P 16 0.005072703602802401 0.0 0.003266856903295829 0.001353176435677303 0.0025523177073862387 0.0025523177073862383 0.001691234194958811 0.004083000530618704 3.293946163347188e-19 0.00537942232101625 -0.001335192842894184 0.0032234406696986283 -0.0034726551556170946 0.003472655155617095 -0.004037339203518861 0.001672320653998102 -0.004957178574690132 6.070792874296108e-19 -0.003541949806516374 -0.0014671236471038415 -0.0025303625468996076 -0.0025303625468996067 -0.0018208009240261044 -0.004395802285165277 -8.681408083792383e-19 -0.004725938444639286 0.0013936548997069494 -0.00336458056014023 0.0033446982595413607 -0.0033446982595413625 0.0029269171662301306 -0.001212368786195149
boundary C 0.0 0.0 0.00078125
transform R 0.0 0.0 0.0 0.7876925680934457 0.4465900937948206 0.886341518311671 0.6184296819352535
transform T 0.078125 -0.15625 0.1171875
end
case corpus_229_alternate 3.90625e-12
op 1229
frame -0.026482111477384412 -0.02476159133288301 -0.01222168529391953 -0.7200238592027965 -0.5688796883419591 1.4640993402286027 1.0 0.0 0.0
offsets 0.00435727012720254 -0.0032928274801329385
boundary P 16 3.293946163347188e-19 0.00537942232101625 0.001691234194958811 0.004083000530618704 0.0025523177073862387 0.0025523177073862383 0.003266856903295829 0.001353176435677303 0.005072703602802401 0.0 0.0029269171662301306 -0.001212368786195149 0.0033446982595413607 -0.0033446982595413625 0.0013936548997069494 -0.00336458056014023 -8.681408083792383e-19 -0.004725938444639286 -0.0018208009240261044 -0.004395802285165277 -0.0025303625468996076 -0.0025303625468996067 -0.003541949806516374 -0.0014671236471038415 -0.004957178574690132 6.070792874296108e-19 -0.004037339203518861 0.001672320653998102 -0.0034726551556170946 0.003472655155617095 -0.001335192842894184 0.0032234406696986283
boundary C 0.0 0.0 0.00078125
end
case corpus_230 7.8125e-12
op 1230
frame 0.04969082046650754 -0.015932370860517794 0.04926605700162113 -0.11985742609075745 -0.8077470795231294 1.0485941468539852 1.0 0.0 0.0
offsets -0.004931655617108517 0.003917947985894899
boundary P 17 0.009062417223080831 0.0 0.008616329476484925 0.0033379838223076565 0.007380547669718589 0.0067282582076482736 0.0031898067556718336 0.00640599552896746 0.0007565108275364055 0.008164052011945025 -0.0026317515540361784 0.009249647277716187 -0.006526088531016989 0.0086419378510963 -0.005536336415473288 0.0034279543791048014 -0.009915088551241727 0.0018534512704214765 -0.006596170774087997 -0.001233038014533849 -0.007694459967028997 -0.0047642079092422305 -0.004560471048780378 -0.00603903964648519 -0.002549434432600619 -0.008960332605505526 0.0007956681495408684 -0.008586626814388949 0.0029665555463400913 -0.005957646660725606 0.00772887001909592 -0.007045795985463994 0.008659512369701245 -0.0033547129642642064
transform R 0.0 0.0 0.0 1.1779717512496752 -0.11227093057220117 -0.16624044189588827 0.6423228260384828
transform T 0.15625 -0.3125 0.234375
end
case corpus_230_alternate 7.8125e-12
op 1230
frame 0.04969082046650754 -0.015932370860517794 0.04926605700162113 -0.11985742609075745 -0.8077470795231294 1.0485941468539852 1.0 0.0 0.0
offsets 0.003917947985894899 -0.004931655617108517
boundary P 17 -0.006526088531016989 0.0086419378510963 -0.0026317515540361784 0.009249647277716187 0.0007565108275364055 0.008164052011945025 0.0031898067556718336 0.00640599552896746 0.007380547669718589 0.0067282582076482736 0.008616329476484925 0.0033379838223076565 0.009062417223080831 0.0 0.008659512369701245 -0.0033547129642642064 0.00772887001909592 -0.007045795985463994 0.0029665555463400913 -0.005957646660725606 0.0007956681495408684 -0.008586626814388949 -0.002549434432600619 -0.008960332605505526 -0.004560471048780378 -0.00603903964648519 -0.007694459967028997 -0.0047642079092422305 -0.006596170774087997 -0.001233038014533849 -0.009915088551241727 0.0018534512704214765 -0.005536336415473288 0.0034279543791048014
end
case corpus_231 1.5625e-11
op 1231
frame -0.019450423196986193 0.04104181316013689 0.1211977071547288 -0.3819289583152652 -0.4410211556295123 0.6248288000518012 1.0 0.0 0.0
offsets -0.009210809008015613 0.011902413312456265
boundary P 18 0.013537076250011926 0.0 0.015830882021140934 0.005761969837875277 0.01572652594225184 0.013196122117843446 0.008109251287450544 0.01404563524120767 0.0027310077496022797 0.015488314599554477 -0.002810813922805316 0.015940917898734128 -0.009585847344109706 0.0166031746335972 -0.01481993674709089 0.01243540345855459 -0.01396743795499407 0.00508373166457784 -0.01320647620539317 1.6173268812950428e-18 -0.016241927853926058 -0.005911578285928224 -0.01212468484614048 -0.010173818582537223 -0.009581483942113386 -0.0165956169996457 -0.0024745948447758887 -0.014034124754097205 0.0030611895001397375 -0.017360868358547155 0.007331314649635515 -0.012698209459442757 0.014182855531189508 -0.01190082884526177 0.014255205972017829 -0.005188470657148294
boundary C 0.0 0.0 0.003125
transform R 0.0 0.0 0.0 1.0024462015291646 0.8210655026617981 0.35307258434575073 -4.064452804539529
transform T 0.3125 -0.625 0.46875
end
case corpus_231_alternate 1.5625e-11
op 1231
frame -0.019450423196986193 0.04104181316013689 0.1211977071547288 -0.3819289583152652 -0.4410211556295123 0.6248288000518012 1.0 0.0 0.0
offsets 0.011902413312456265 -0.009210809008015613
boundary P 18 -0.016241927853926058 -0.005911578285928224 -0.01320647620539317 1.6173268812950428e-18 -0.01396743795499407 0.00508373166457784 -0.01481993674709089 0.01243540345855459 -0.009585847344109706 0.0166031746335972 -0.002810813922805316 0.015940917898734128 0.0027310077496022797 0.015488314599554477 0.008109251287450544 0.01404563524120767 0.01572652594225184 0.013196122117843446 0.015830882021140934 0.005761969837875277 0.013537076250011926 0.0 0.014255205972017829 -0.005188470657148294 0.014182855531189508 -0.01190082884526177 0.007331314649635515 -0.012698209459442757 0.0030611895001397375 -0.017360868358547155 -0.0024745948447758887 -0.014034124754097205 -0.009581483942113386 -0.0165956169996457 -0.01212468484614048 -0.010173818582537223
boundary C 0.0 0.0 0.003125
end
case corpus_232 3.125e-11
op 1232
frame 0.265747064971777 -0.29005478224450293 -0.3019221577240308 0.14430438639937226 0.48279402411379 1.0324055005418136 1.0 0.0 0.0
offsets -0.027779496373534402 0.019097876440574688
boundary P 19 0.043037702173054734 0.0 0.035864680799169636 0.012312360470133697 0.020246426214217836 0.01575842605877352 0.0164607985854285 0.025195127868165208 0.00891400622230183 0.035200614517501075 -0.0034440111841123468 0.041563033954753956 -0.014609733067427305 0.03330683655224301 -0.019598097374268438 0.02128920886971555 -0.030433980680990316 0.016470046712579057 -0.031645323259241694 0.005280670478644706 -0.0380933530385763 -0.00635665634303969 -0.035546134081046066 -0.019236605782959833 -0.020245870540411392 -0.021992878107134513 -0.010369325587930134 -0.02363968122622231 -0.0033801103108525078 -0.04079186509871482 0.009309937794044274 -0.0367641129361297 0.013901035090530292 -0.021277118165810134 0.030830936202798143 -0.02399668086278737 0.03808603517719159 -0.013074952391340749
transform R 0.0 0.0 0.0 1.2186693678355196 0.35037745302886103 0.9358849845862445 0.06900302726849823
transform T 0.625 -1.25 0.9375
end
case corpus_232_alternate 3.125e-11
op 1232
frame 0.265747064971777 -0.29005478224450293 -0.3019221577240308 0.14430438639937226 0.48279402411379 1.0324055005418136 1.0 0.0 0.0
offsets 0.019097876440574688 -0.027779496373534402
boundary P 19 0.013901035090530292 -0.021277118165810134 0.009309937794044274 -0.0367641129361297 -0.0033801103108525078 -0.04079186509871482 -0.010369325587930134 -0.02363968122622231 -0.020245870540411392 -0.021992878107134513 -0.035546134081046066 -0.019236605782959833 -0.0380933530385763 -0.00635665634303969 -0.031645323259241694 0.005280670478644706 -0.030433980680990316 0.016470046712579057 -0.019598097374268438 0.02128920886971555 -0.014609733067427305 0.03330683655224301 -0.0034440111841123468 0.041563033954753956 0.00891400622230183 0.035200614517501075 0.0164607985854285 0.025195127868165208 0.020246426214217836 0.01575842605877352 0.035864680799169636 0.012312360470133697 0.043037702173054734 0.0 0.03808603517719159 -0.013074952391340749 0.030830936202798143 -0.02399668086278737
end
case corpus_233 6.25e-11
op 1233
frame -0.6069391182051163 0.10493725575799889 0.6176622367188916 -0.8269010806777213 -0.34889483876223615 0.9475470025006214 1.0 0.0 0.0
offsets -0.04367598338077703 0.06575905209927907
boundary P 20 0.0572277241536555 0.0 0.07021930513797432 0.022815635295116373 0.04084338636311506 0.0296744571805573 0.0483971786503375 0.066613001696138 0.01786818004849898 0.054992603574548625 3.701314825950536e-18 0.06044705834412886 -0.02012491848749704 0.06193813031596357 -0.05093688647338902 0.07010860962706535 -0.05191306427895034 0.03771704895773339 -0.07529354340227022 0.024464355250564798 -0.0860175828186818 1.0534115746929103e-17 -0.07461027765182933 -0.02424234875048514 -0.06233246853795621 -0.04528718926838131 -0.031555871905487566 -0.04343293157541731 -0.024479956989356382 -0.07534156061690038 -1.0251488190880067e-17 -0.055806502457239386 0.016448372175794826 -0.05062288425877527 0.05033585112557887 -0.06928135544077536 0.06283125071703513 -0.045649575733693375 0.08135639313656956 -0.026434294544539105
boundary C 0.0 0.0 0.0125
transform R 0.0 0.0 0.0 0.5991714495676905 -0.5716469778409734 -0.9653465693183516 2.236426566191309
transform T 1.25 -2.5 1.875
end
case corpus_233_alternate 6.25e-11
op 1233
frame -0.6069391182051163 0.10493725575799889 0.6176622367188916 -0.8269010806777213 -0.34889483876223615 0.9475470025006214 1.0 0.0 0.0
offsets 0.06575905209927907 -0.04367598338077703
boundary P 20 3.701314825950536e-18 0.06044705834412886 0.01786818004849898 0.054992603574548625 0.0483971786503375 0.066613001696138 0.04084338636311506 0.0296744571805573 0.07021930513797432 0.022815635295116373 0.0572277241536555 0.0 0.08135639313656956 -0.026434294544539105 0.06283125071703513 -0.045649575733693375 0.05033585112557887 -0.06928135544077536 0.016448372175794826 -0.05062288425877527 -1.0251488190880067e-17 -0.055806502457239386 -0.024479956989356382 -0.07534156061690038 -0.031555871905487566 -0.04343293157541731 -0.06233246853795621 -0.04528718926838131 -0.07461027765182933 -0.02424234875048514 -0.0860175828186818 1.0534115746929103e-17 -0.07529354340227022 0.024464355250564798 -0.05191306427895034 0.03771704895773339 -0.05093688647338902 0.07010860962706535 -0.02012491848749704 0.06193813031596357
boundary C 0.0 0.0 0.0125
end
case corpus_234 1.25e-10
op 1234
frame -1.1634886283672512 -0.033948718183823834 -0.842259185076841 0.8153439601017711 -0.489733845301521 0.795471009052476 1.0 0.0 0.0
offsets -0.1640586171544901 0.13818105989132876
boundary P 8 0.11295977398101707 0.0 0.12226053138368989 0.12226053138368988 7.364083976510763e-18 0.12026461803742802 -0.0789229826832524 0.07892298268325242 -0.1038998614069049 1.272406327038197e-17 -0.12261262967307711 -0.12261262967307707 -3.020580933157275e-17 -0.16443276735029894 0.08567142860413747 -0.08567142860413751
transform R 0.0 0.0 0.0 0.9955209704170058 0.5283900784022151 -0.446964606074681 -3.2306073907244603
transform T 2.5 -5.0 3.75
end
case corpus_234_alternate 1.25e-10
op 1234
frame -1.1634886283672512 -0.033948718183823834 -0.842259185076841 0.8153439601017711 -0.489733845301521 0.795471009052476 1.0 0.0 0.0
offsets 0.13818105989132876 -0.1640586171544901
boundary P 8 -0.0789229826832524 0.07892298268325242 7.364083976510763e-18 0.12026461803742802 0.12226053138368989 0.12226053138368988 0.11295977398101707 0.0 0.08567142860413747 -0.08567142860413751 -3.020580933157275e-17 -0.16443276735029894 -0.12261262967307711 -0.12261262967307707 -0.1038998614069049 1.272406327038197e-17
end
case corpus_235 2.5e-10
op 1235
frame 1.8482690081577906 1.5346338741984926 -1.4424729856015444 0.5749393974917072 -0.14031611401953814 0.8198126456917417 1.0 0.0 0.0
offsets -0.2678477445765145 0.2925314123993376
boundary P 9 0.28417805024508375 0.0 0.2144071804197662 0.17990898601198632 0.05680899760787691 0.32217983532425815 -0.10747618853460703 0.18615421914579108 -0.2773563244214405 0.10094944637488457 -0.31922664455400424 -0.1161889966023346 -0.16847619127401078 -0.2918093231522787 0.051078092954615135 -0.2896782599542529 0.2419317438053395 -0.2030048369971367
boundary C 0.0 0.0 0.05
transform R 0.0 0.0 0.0 0.6519563986585752 0.14637149158785023 0.668914729308612 5.5402291205157
transform T 5.0 -10.0 7.5
end
case corpus_235_alternate 2.5e-10
op 1235
frame 1.8482690081577906 1.5346338741984926 -1.4424729856015444 0.5749393974917072 -0.14031611401953814 0.8198126456917417 1.0 0.0 0.0
offsets 0.2925314123993376 -0.2678477445765145
boundary P 9 -0.10747618853460703 0.18615421914579108 0.05680899760787691 0.32217983532425815 0.2144071804197662 0.17990898601198632 0.28417805024508375 0.0 0.2419317438053395 -0.2030048369971367 0.051078092954615135 -0.2896782599542529 -0.16847619127401078 -0.2918093231522787 -0.31922664455400424 -0.1161889966023346 -0.2773563244214405 0.10094944637488457
boundary C 0.0 0.0 0.05
end
case corpus_236 5e-10
op 1236
frame 2.463065167516695 0.46786427813901854 -4.117228551799636 -0.9601153394590742 0.2625244171238392 0.7574654087130033 1.0 0.0 0.0
offsets -0.6635049439457796 0.6193440746763448
boundary P 10 0.6011491324212089 0.0 0.39135021833806827 0.2843325769667901 0.1515591938353871 0.46645123577472397 -0.12429377792568914 0.3825369140952105 -0.3897237807859317 0.28315090091601797 -0.6192984935026421 7.584219177847885e-17 -0.49653880580626253 -0.3607565592232448 -0.18246419538040962 -0.5615670502462153 0.20431860779859787 -0.6288280155603124 0.3437988958560487 -0.24978451892070558
transform R 0.0 0.0 0.0 1.061210943126175 0.3721678758250351 0.9764299766632665 -5.618036399136851
transform T 10.0 -20.0 15.0
end
case corpus_236_alternate 5e-10
op 1236
frame 2.463065167516695 0.46786427813901854 -4.117228551799636 -0.9601153394590742 0.2625244171238392 0.7574654087130033 1.0 0.0 0.0
offsets 0.6193440746763448 -0.6635049439457796
boundary P 10 0.1515591938353871 0.46645123577472397 0.39135021833806827 0.2843325769667901 0.6011491324212089 0.0 0.3437988958560487 -0.24978451892070558 0.20431860779859787 -0.6288280155603124 -0.18246419538040962 -0.5615670502462153 -0.49653880580626253 -0.3607565592232448 -0.6192984935026421 7.584219177847885e-17 -0.3897237807859317 0.28315090091601797 -0.12429377792568914 0.3825369140952105
end
case corpus_237 1e-09
op 1237
frame -5.109247074841045 -5.002609482486813 -8.534462924553255 -0.5989378703190598 0.010948524722157016 0.7667150991183006 1.0 0.0 0.0
offsets -1.2100820282297238 0.9304233699435391
boundary P 11 0.9558208102550779 0.0 0.7505734730327803 0.4823642816158746 0.5026557294632709 1.1006625178613363 -0.17958735670069773 1.2490575017323304 -0.7190245284007446 0.8297985405466934 -1.1778375186463383 0.3458442998513524 -0.8277902562373327 -0.24306114982751964 -0.7126056097128726 -0.8223907134855898 -0.16184988219785676 -1.125690656779633 0.4096363931741211 -0.8969785829360772 1.0246409557411598 -0.6584967578633063
boundary C 0.0 0.0 0.2
transform R 0.0 0.0 0.0 0.5732690032571774 -0.132668970941052 -0.8739099212123291 -5.418310552813453
transform T 20.0 -40.0 30.0
end
case corpus_237_alternate 1e-09
op 1237
frame -5.109247074841045 -5.002609482486813 -8.534462924553255 -0.5989378703190598 0.010948524722157016 0.7667150991183006 1.0 0.0 0.0
offsets 0.9304233699435391 -1.2100820282297238
boundary P 11 -0.7126056097128726 -0.8223907134855898 -0.8277902562373327 -0.24306114982751964 -1.1778375186463383 0.3458442998513524 -0.7190245284007446 0.8297985405466934 -0.17958735670069773 1.2490575017323304 0.5026557294632709 1.1006625178613363 0.7505734730327803 0.4823642816158746 0.9558208102550779 0.0 1.0246409557411598 -0.6584967578633063 0.4096363931741211 -0.8969785829360772 -0.16184988219785676 -1.125690656779633
boundary C 0.0 0.0 0.2
end
case corpus_238 2e-09
op 1238
frame 19.008599991653085 -19.63407243585511 -2.91465292954328 0.3134161548915775 -0.3544289502350664 1.2481766897311248 1.0 0.0 0.0
offsets -2.123838531857532 2.62302859597936
boundary P 12 2.6151300284283003 0.0 2.3769900649070914 1.372355853835175 0.8634614767873768 1.495559148174191 1.6037449828366718e-16 2.6191143176191884 -1.0822028973627886 1.8744304023305978 -2.2065279025511044 1.2739394785123002 -2.507307258423646 3.0705658085074436e-16 -1.7850965682498927 -1.030625984208552 -0.9308763315936455 -1.6123251018835258 -3.451963200447821e-16 -1.8791612421645232 1.2796752575748167 -2.216462563308372 1.6443863581818758 -0.9493869065480556
transform R 0.0 0.0 0.0 0.36469982013662855 0.12470646442955924 0.5115053640525495 2.521586720710952
transform T 40.0 -80.0 60.0
end
case corpus_238_alternate 2e-09
op 1238
frame 19.008599991653085 -19.63407243585511 -2.91465292954328 0.3134161548915775 -0.3544289502350664 1.2481766897311248 1.0 0.0 0.0
offsets 2.62302859597936 -2.123838531857532
boundary P 12 -1.7850965682498927 -1.030625984208552 -2.507307258423646 3.0705658085074436e-16 -2.2065279025511044 1.2739394785123002 -1.0822028973627886 1.8744304023305978 1.6037449828366718e-16 2.6191143176191884 0.8634614767873768 1.495559148174191 2.3769900649070914 1.372355853835175 2.6151300284283003 0.0 1.6443863581818758 -0.9493869065480556 1.2796752575748167 -2.216462563308372 -3.451963200447821e-16 -1.8791612421645232 -0.9308763315936455 -1.6123251018835258
end
case corpus_239 4e-09
op 1239
frame 23.804140528889867 13.00787795031594 8.588613433001733 -0.8010313650274419 0.6293958532829933 1.3086269473866 1.0 0.0 0.0
offsets -5.3617201279992805 5.195732453712749
boundary P 13 5.3359406986378906 0.0 3.8048764311333274 1.9969532004781645 1.8686361558749742 2.7071868415704707 0.4092112090067699 3.3701575130568986 -1.4498188819183107 3.822858209461227 -3.6492170296258593 3.2329241805755893 -5.138454726005612 1.2665153401524283 -3.5403692113641836 -0.8726226375612501 -3.789772960837266 -3.3574458697619565 -1.2507342586351635 -3.297915200381033 0.5234381744302536 -4.310901210303161 2.548771381143825 -3.69253282588504 4.9342874372454535 -2.589713823361015
boundary C 0.0 0.0 0.8
transform R 0.0 0.0 0.0 0.38751659478998063 0.8348440082521087 0.6185398397103046 0.8680574589111126
transform T 80.0 -160.0 120.0
end
case corpus_239_alternate 4e-09
op 1239
frame 23.804140528889867 13.00787795031594 8.588613433001733 -0.8010313650274419 0.6293958532829933 1.3086269473866 1.0 0.0 0.0
offsets 5.195732453712749 -5.3617201279992805
boundary P 13 2.548771381143825 -3.69253282588504 0.5234381744302536 -4.310901210303161 -1.2507342586351635 -3.297915200381033 -3.789772960837266 -3.3574458697619565 -3.5403692113641836 -0.8726226375612501 -5.138454726005612 1.2665153401524283 -3.6492170296258593 3.2329241805755893 -1.4498188819183107 3.822858209461227 0.4092112090067699 3.3701575130568986 1.8686361558749742 2.7071868415704707 3.8048764311333274 1.9969532004781645 5.3359406986378906 0.0 4.9342874372454535 -2.589713823361015
boundary C 0.0 0.0 0.8
end
case corpus_240 8e-09
op 1240
frame -8.788164762580752 7.427135707784238 56.54167506404727 -0.23437098580373217 0.8280447734586736 0.7366672797880106 1.0 0.0 0.0
offsets -4.383086332054718 4.0183245250552435
boundary P 14 7.865462789886671 0.0 6.836675479021121 3.2923693877203744 5.189229100072469 6.507087474536001 1.5938368219409156 6.983055380661078 -1.53884803581396 6.74213376713464 -6.397140775065918 8.021760806377513 -9.098055076788055 4.38139240549411 -6.566529333243514 8.041679129463873e-16 -8.948785110661142 -4.309507778457126 -6.85001854065179 -8.589651562231497 -1.7421583629969928 -7.632894511669666 1.7945312096787611 -7.86235494562825 5.442799209737707 -6.825054334872996 7.801275002805652 -3.7568960356888277
transform R 0.0 0.0 0.0 0.37412283375199357 -0.02506262375581425 0.12813849970366054 1.511613594181341
transform T 160.0 -320.0 240.0
end
case corpus_240_alternate 8e-09
op 1240
frame -8.788164762580752 7.427135707784238 56.54167506404727 -0.23437098580373217 0.8280447734586736 0.7366672797880106 1.0 0.0 0.0
offsets 4.0183245250552435 -4.383086332054718
boundary P 14 -9.098055076788055 4.38139240549411 -6.397140775065918 8.021760806377513 -1.53884803581396 6.74213376713464 1.5938368219409156 6.983055380661078 5.189229100072469 6.507087474536001 6.836675479021121 3.2923693877203744 7.865462789886671 0.0 7.801275002805652 -3.7568960356888277 5.442799209737707 -6.825054334872996 1.7945312096787611 -7.86235494562825 -1.7421583629969928 -7.632894511669666 -6.85001854065179 -8.589651562231497 -8.948785110661142 -4.309507778457126 -6.566529333243514 8.041679129463873e-16
end
case corpus_241 1.6e-08
op 1241
frame 124.86163031014797 58.022081713936196 -150.15498146991678 0.37562544456727265 -0.747580946338581 1.2820683717346055 1.0 0.0 0.0
offsets -11.022339577078377 21.195708564594252
boundary P 15 21.19937007322708 0.0 14.36332487942412 6.394964252725389 11.437727064348826 12.702882818866367 6.683118509805155 20.568523814618537 -2.0258168430906305 19.274359762666933 -9.34165233155823 16.180216464903125 -12.768228335491406 9.27666089301761 -17.080181559609493 3.6305046650103097 -17.882994978438177 -3.8011479249790847 -12.325185691587867 -8.954771570501748 -9.023706643735926 -15.629518379547433 -2.3328040331902242 -22.19514777205199 6.002013429608072 -18.472297922209556 14.925502072534455 -16.57644939186581 12.754316510850572 -5.678587572134955
boundary C 0.0 0.0 3.2
transform R 0.0 0.0 0.0 1.0410389060005198 0.9687196722911304 0.5030246355298824 6.202490116160096
transform T 320.0 -640.0 480.0
end
case corpus_241_alternate 1.6e-08
op 1241
frame 124.86163031014797 58.022081713936196 -150.15498146991678 0.37562544456727265 -0.747580946338581 1.2820683717346055 1.0 0.0 0.0
offsets 21.195708564594252 -11.022339577078377
boundary P 15 6.683118509805155 20.568523814618537 11.437727064348826 12.702882818866367 14.36332487942412 6.394964252725389 21.19937007322708 0.0 12.754316510850572 -5.678587572134955 14.925502072534455 -16.57644939186581 6.002013429608072 -18.472297922209556 -2.3328040331902242 -22.19514777205199 -9.023706643735926 -15.629518379547433 -12.325185691587867 -8.954771570501748 -17.882994978438177 -3.8011479249790847 -17.080181559609493 3.6305046650103097 -12.768228335491406 9.27666089301761 -9.34165233155823 16.180216464903125 -2.0258168430906305 19.274359762666933
boundary C 0.0 0.0 3.2
end
case corpus_242 3.2e-08
op 1242
frame -246.52037402339857 -215.28283716261768 257.77250228906064 0.4340437792408669 -0.6191634850817951 1.1721999812530328 1.0 0.0 0.0
offsets -31.96069144489303 29.5514023414513
boundary P 16 40.5668744132082 0.0 26.01835179491607 10.777154184048598 29.89204359368118 29.892043593681176 15.774759225049955 38.08363766428569 2.3035010075354158e-15 37.61902630438757 -16.50127025930714 39.8375904564031 -31.252094263141974 31.252094263141977 -41.109371546075884 17.028059235019246 -35.18024715011184 4.308337706559726e-15 -31.540373698500957 -13.064450548234747 -27.190011800322974 -27.190011800322967 -14.138881837931583 -34.134280289925 -6.8777025522902e-15 -37.44046886051132 10.863932450250433 -26.227853062099747 22.951197749092685 -22.951197749092696 39.44776205333526 -16.33979804775823
transform R 0.0 0.0 0.0 1.1209065098330508 0.17499542383851585 0.09790090103267834 0.21905718941567137
transform T 640.0 -1280.0 960.0
end
case corpus_242_alternate 3.2e-08
op 1242
frame -246.52037402339857 -215.28283716261768 257.77250228906064 0.4340437792408669 -0.6191634850817951 1.1721999812530328 1.0 0.0 0.0
offsets 29.5514023414513 -31.96069144489303
boundary P 16 29.89204359368118 29.892043593681176 26.01835179491607 10.777154184048598 40.5668744132082 0.0 39.44776205333526 -16.33979804775823 22.951197749092685 -22.951197749092696 10.863932450250433 -26.227853062099747 -6.8777025522902e-15 -37.44046886051132 -14.138881837931583 -34.134280289925 -27.190011800322974 -27.190011800322967 -31.540373698500957 -13.064450548234747 -35.18024715011184 4.308337706559726e-15 -41.109371546075884 17.028059235019246 -31.252094263141974 31.252094263141977 -16.50127025930714 39.8375904564031 2.3035010075354158e-15 37.61902630438757 15.774759225049955 38.08363766428569
end
case corpus_243 6.4e-08
op 1243
frame 303.89728662436437 632.174941208119 -296.586770463841 -0.7524445168742036 0.20617319718034444 1.353967142373064 1.0 0.0 0.0
offsets -40.022547871634785 53.19383591348709
boundary P 17 82.9708045776607 0.0 67.56330978839289 26.174165654958234 57.541381993819876 52.455900700673176 33.89437081982385 68.06907269315933 7.401734917949557 79.87744081014074 -19.472293243633914 68.43801190718087 -53.19261814856696 70.43841008166305 -57.74349887860918 35.753260819292166 -77.34488325239987 14.458264430407745 -61.35199812631319 -11.468676077115834 -66.33427761587885 -41.07244581499412 -33.04597519916153 -43.75994327118323 -16.963004124815715 -59.61877544419343 7.523635146422015 -81.19295378007105 32.20058537558032 -64.66749296938431 49.883157694498756 -45.47450679824983 68.64329087152333 -26.592552555520264
boundary C 0.0 0.0 12.8
transform R 0.0 0.0 0.0 0.6460520396820753 0.5307127907502203 -0.4934336591189541 6.114699232576796
transform T 1280.0 -2560.0 1920.0
end
case corpus_243_alternate 6.4e-08
op 1243
frame 303.89728662436437 632.174941208119 -296.586770463841 -0.7524445168742036 0.20617319718034444 1.353967142373064 1.0 0.0 0.0
offsets 53.19383591348709 -40.022547871634785
boundary P 17 33.89437081982385 68.06907269315933 57.541381993819876 52.455900700673176 67.56330978839289 26.174165654958234 82.9708045776607 0.0 68.64329087152333 -26.592552555520264 49.883157694498756 -45.47450679824983 32.20058537558032 -64.66749296938431 7.523635146422015 -81.19295378007105 -16.963004124815715 -59.61877544419343 -33.04597519916153 -43.75994327118323 -66.33427761587885 -41.07244581499412 -61.35199812631319 -11.468676077115834 -77.34488325239987 14.458264430407745 -57.74349887860918 35.753260819292166 -53.19261814856696 70.43841008166305 -19.472293243633914 68.43801190718087 7.401734917949557 79.87744081014074
boundary C 0.0 0.0 12.8
end
case corpus_244 1.28e-07
op 1244
frame -460.3027805803194 147.22414268637948 144.55953586578772 0.09709913513438528 0.01208138459528385 0.5961531894482893 1.0 0.0 0.0
offsets -178.69936351185254 159.89668480156047
boundary P 18 174.84608564778472 0.0 156.7492071719102 57.052045655401635 92.16900173962763 77.33897536569961 55.57518825117351 96.25904969123742 29.86776277411592 169.38850001349815 -27.91514534878631 158.31465630855772 -62.977501193363494 109.08023180063523 -97.90634535423418 82.15317827665334 -142.0287353495399 51.69423207770451 -102.72209648083673 1.257982866569623e-14 -100.91742691704584 -36.73093951653952 -127.16641259104814 -106.7052899032862 -73.44704351613018 -127.21401103565958 -25.455886925774877 -144.36750872439123 23.322509488399106 -132.26852404941968 57.79305933275986 -100.10051508918293 84.079951144472 -70.55145599473023 140.73208268038482 -51.2222891019502
transform R 0.0 0.0 0.0 0.7539849672499872 -0.9274804402320804 0.271093688265845 0.9678921496229634
transform T 2560.0 -5120.0 3840.0
end
case corpus_244_alternate 1.28e-07
op 1244
frame -460.3027805803194 147.22414268637948 144.55953586578772 0.09709913513438528 0.01208138459528385 0.5961531894482893 1.0 0.0 0.0
offsets 159.89668480156047 -178.69936351185254
boundary P 18 -62.977501193363494 109.08023180063523 -27.91514534878631 158.31465630855772 29.86776277411592 169.38850001349815 55.57518825117351 96.25904969123742 92.16900173962763 77.33897536569961 156.7492071719102 57.052045655401635 174.84608564778472 0.0 140.73208268038482 -51.2222891019502 84.079951144472 -70.55145599473023 57.79305933275986 -100.10051508918293 23.322509488399106 -132.26852404941968 -25.455886925774877 -144.36750872439123 -73.44704351613018 -127.21401103565958 -127.16641259104814 -106.7052899032862 -100.91742691704584 -36.73093951653952 -102.72209648083673 1.257982866569623e-14 -142.0287353495399 51.69423207770451 -97.90634535423418 82.15317827665334
end
case corpus_245 2.56e-07
op 1245
frame 2111.465284815611 1245.0905648293342 -66.37249003616375 -0.8165579004781975 -0.5099898734594974 0.9236532719015752 1.0 0.0 0.0
offsets -225.18606600979626 132.66356724553634
boundary P 19 287.3246349842615 0.0 277.95428389966554 95.4218261903448 275.7012212967385 214.58687395740233 122.35685712465538 187.28111183691172 70.48494468340336 278.33875198341286 -19.21714007130081 231.91639126532044 -111.28644997978455 253.70755118175222 -153.01016635245898 166.21334859496875 -282.78386683989214 153.03497578040805 -311.0703538460256 51.908461192809845 -255.19495366677285 -42.58450599753869 -268.77626333340186 -145.45443984915892 -159.5644026849052 -173.33314719573127 -138.61826179995126 -316.0178059119071 -20.342694180106644 -245.49980930356998 77.9662042476789 -307.88157789804796 187.64709581739325 -287.2152616820324 234.14194963143984 -182.23999443087177 263.7518767138759 -90.54613364496169
boundary C 0.0 0.0 51.2
transform R 0.0 0.0 0.0 0.9623695329291408 0.9665783152559795 -0.4678269514876203 5.223358424768689
transform T 5120.0 -10240.0 7680.0
end
case corpus_245_alternate 2.56e-07
op 1245
frame 2111.465284815611 1245.0905648293342 -66.37249003616375 -0.8165579004781975 -0.5099898734594974 0.9236532719015752 1.0 0.0 0.0
offsets 132.66356724553634 -225.18606600979626
boundary P 19 -268.77626333340186 -145.45443984915892 -255.19495366677285 -42.58450599753869 -311.0703538460256 51.908461192809845 -282.78386683989214 153.03497578040805 -153.01016635245898 166.21334859496875 -111.28644997978455 253.70755118175222 -19.21714007130081 231.91639126532044 70.48494468340336 278.33875198341286 122.35685712465538 187.28111183691172 275.7012212967385 214.58687395740233 277.95428389966554 95.4218261903448 287.3246349842615 0.0 263.7518767138759 -90.54613364496169 234.14194963143984 -182.23999443087177 187.64709581739325 -287.2152616820324 77.9662042476789 -307.88157789804796 -20.342694180106644 -245.49980930356998 -138.61826179995126 -316.0178059119071 -159.5644026849052 -173.33314719573127
boundary C 0.0 0.0 51.2
end
case corpus_246 5.12e-07
op 1246
frame 3044.0301177497386 -4839.848468986121 4025.7932799344962 0.1652387496625929 -0.015505064444494066 0.6981260435536764 1.0 0.0 0.0
offsets -387.49965695482626 440.2659002350457
boundary P 20 650.1220909897354 0.0 552.6265907963445 179.55926401177487 470.1880349217239 341.61160352990214 250.30736479567994 344.5185314655566 163.10226906138283 501.97716836614654 4.018924679739546e-14 656.3402088729057 -216.203994554778 665.4074747127686 -412.51631254685174 567.7799944889229 -392.0963296571256 284.87465857071146 -420.25464673421396 136.54901215734822 -470.67844153927547 5.764148468587383e-14 -551.2606435479922 -179.11544084676976 -565.495070574807 -410.85621814999007 -356.7693622375116 -491.0508999617418 -172.19007336693113 -529.9465540664028 -1.0028154272815551e-13 -545.9072923337321 135.75494163478845 -417.8107489595761 272.0639394606449 -374.4638874857957 526.2647061262262 -382.3536899889469 431.67971008597567 -140.2612402710444
transform R 0.0 0.0 0.0 0.36208282646505546 -0.07954183057151387 0.28155366255562986 -1.0338178142645982
transform T 10240.0 -20480.0 15360.0
end
case corpus_246_alternate 5.12e-07
op 1246
frame 3044.0301177497386 -4839.848468986121 4025.7932799344962 0.1652387496625929 -0.015505064444494066 0.6981260435536764 1.0 0.0 0.0
offsets 440.2659002350457 -387.49965695482626
boundary P 20 526.2647061262262 -382.3536899889469 272.0639394606449 -374.4638874857957 135.75494163478845 -417.8107489595761 -1.0028154272815551e-13 -545.9072923337321 -172.19007336693113 -529.9465540664028 -356.7693622375116 -491.0508999617418 -565.495070574807 -410.85621814999007 -551.2606435479922 -179.11544084676976 -470.67844153927547 5.764148468587383e-14 -420.25464673421396 136.54901215734822 -392.0963296571256 284.87465857071146 -412.51631254685174 567.7799944889229 -216.203994554778 665.4074747127686 4.018924679739546e-14 656.3402088729057 163.10226906138283 501.97716836614654 250.30736479567994 344.5185314655566 470.1880349217239 341.61160352990214 552.6265907963445 179.55926401177487 650.1220909897354 0.0 431.67971008597567 -140.2612402710444
end
case corpus_247 1.024e-06
op 1247
frame 3314.406445121979 2673.161834815278 -3387.7113792861837 0.1360226556771731 -0.8046188774074039 1.0088381164959752 1.0 0.0 0.0
offsets -824.457798641039 1447.8174883405677
boundary P 8 1160.3973629695777 0.0 966.4404492688001 966.4404492688 8.342788679017238e-14 1362.4807879015912 -609.7425461855694 609.7425461855695 -1013.1698974133024 1.240775271859653e-13 -822.4455407086433 -822.4455407086431 -1.8500504765151477e-13 -1007.1205715820676 781.6508603822526 -781.6508603822531
boundary C 0.0 0.0 204.8
transform R 0.0 0.0 0.0 0.9661662321955466 -0.325595323316592 -0.23497149480219637 4.867436992177191
transform T 20480.0 -40960.0 30720.0
end
case corpus_247_alternate 1.024e-06
op 1247
frame 3314.406445121979 2673.161834815278 -3387.7113792861837 0.1360226556771731 -0.8046188774074039 1.0088381164959752 1.0 0.0 0.0
offsets 1447.8174883405677 -824.457798641039
boundary P 8 8.342788679017238e-14 1362.4807879015912 966.4404492688001 966.4404492688 1160.3973629695777 0.0 781.6508603822526 -781.6508603822531 -1.8500504765151477e-13 -1007.1205715820676 -822.4455407086433 -822.4455407086431 -1013.1698974133024 1.240775271859653e-13 -609.7425461855694 609.7425461855695
boundary C 0.0 0.0 204.8
end
case corpus_248 2.048e-06
op 1248
frame -19064.48446600696 -13877.962997764207 -12923.817821795987 -0.6250561345724481 -0.5666925391454587 1.1093314158826717 1.0 0.0 0.0
offsets -1471.7260494030074 1815.143973678115
boundary P 9 1692.1916976162902 0.0 2103.1580410987945 1764.7591365935289 400.6797415780052 2272.3677339004616 -1405.6064875790928 2434.581851935422 -2032.9437333059118 739.9310068613611 -1551.5846006997351 -564.7306106005145 -1256.5053632350034 -2176.3311291058103 433.13733437441243 -2456.443889835288 2145.2853263428356 -1800.1081261043055
transform R 0.0 0.0 0.0 0.4517931097369598 0.05787132009858098 -0.9664123914220883 -3.2297026273246834
transform T 40960.0 -81920.0 61440.0
end
case corpus_248_alternate 2.048e-06
op 1248
frame -19064.48446600696 -13877.962997764207 -12923.817821795987 -0.6250561345724481 -0.5666925391454587 1.1093314158826717 1.0 0.0 0.0
offsets 1815.143973678115 -1471.7260494030074
boundary P 9 1692.1916976162902 0.0 2145.2853263428356 -1800.1081261043055 433.13733437441243 -2456.443889835288 -1256.5053632350034 -2176.3311291058103 -1551.5846006997351 -564.7306106005145 -2032.9437333059118 739.9310068613611 -1405.6064875790928 2434.581851935422 400.6797415780052 2272.3677339004616 2103.1580410987945 1764.7591365935289
end
case corpus_249 4.096e-06
op 1249
frame 25666.88309781781 -19814.78405695642 18744.181011293374 0.3398917153374683 0.2940112295928905 1.2247753253040954 1.0 0.0 0.0
offsets -3432.5665676946346 3961.7639818343855
boundary P 10 5141.777591457667 0.0 4566.608263570684 3317.8351122248164 1729.1742413714658 5321.851095576468 -1199.042495045732 3690.2733473757908 -4295.802637385621 3121.083307978247 -5076.244425508006 6.216606487387975e-13 -3481.8617827059375 -2529.7206617724232 -1582.2895073178545 -4869.786367717301 1675.7441397982918 -5157.410151575113 3012.8398454782377 -2188.956277809041
boundary C 0.0 0.0 819.2
transform R 0.0 0.0 0.0 0.4439129700681908 0.7932011107419137 -0.7780981462934347 1.6186518665644511
transform T 81920.0 -163840.0 122880.0
end
case corpus_249_alternate 4.096e-06
op 1249
frame 25666.88309781781 -19814.78405695642 18744.181011293374 0.3398917153374683 0.2940112295928905 1.2247753253040954 1.0 0.0 0.0
offsets 3961.7639818343855 -3432.5665676946346
boundary P 10 -3481.8617827059375 -2529.7206617724232 -5076.244425508006 6.216606487387975e-13 -4295.802637385621 3121.083307978247 -1199.042495045732 3690.2733473757908 1729.1742413714658 5321.851095576468 4566.608263570684 3317.8351122248164 5141.777591457667 0.0 3012.8398454782377 -2188.956277809041 1675.7441397982918 -5157.410151575113 -1582.2895073178545 -4869.786367717301
boundary C 0.0 0.0 819.2
end
case corpus_250 2.44140625e-13
op 1250
frame 0.000481019648047806 -0.0002835151990648925 -0.0017700399814797618 -0.5276431801544632 0.8954493196858908 0.6391670120129679 1.0 0.0 0.0
offsets -0.0002789189713475755 0.00031218009828686184
boundary P 11 0.0002189454620667304 0.0 0.00022964009390741006 0.00014758072714756345 0.00011513683198319594 0.00025211449499346056 -3.111892676551092e-05 0.00021643688974775922 -0.0001970241875436654 0.00022737803345842337 -0.0002602543967421678 7.6417585787193e-05 -0.00021754466358393302 -6.3876876625607e-05 -0.00016773749442354393 -0.00019357938786483225 -4.588437923760289e-05 -0.0003191328674355188 0.00010014905427817612 -0.00021929583964148093 0.00027374387362029157 -0.00017592450531466066
transform R 0.0 0.0 0.0 0.9349191639016257 -0.9000632216422233 -0.1775231994605273 3.398299994564818
transform T 0.0048828125 -0.009765625 0.00732421875
end
case corpus_250_alternate 2.44140625e-13
op 1250
frame 0.000481019648047806 -0.0002835151990648925 -0.0017700399814797618 -0.5276431801544632 0.8954493196858908 0.6391670120129679 1.0 0.0 0.0
offsets 0.00031218009828686184 -0.0002789189713475755
boundary P 11 0.0002189454620667304 0.0 0.00027374387362029157 -0.00017592450531466066 0.00010014905427817612 -0.00021929583964148093 -4.588437923760289e-05 -0.0003191328674355188 -0.00016773749442354393 -0.00019357938786483225 -0.00021754466358393302 -6.3876876625607e-05 -0.0002602543967421678 7.6417585787193e-05 -0.0001970241875436654 0.00022737803345842337 -3.111892676551092e-05 0.00021643688974775922 0.00011513683198319594 0.00025211449499346056 0.00022964009390741006 0.00014758072714756345
end
case corpus_251 4.8828125e-13
op 1251
frame 0.0012415627493618324 0.002270522685917882 -0.002747070003313321 -0.7901457378591843 -0.09518572015988669 0.9776313756424939 1.0 0.0 0.0
offsets -0.000279521881285393 0.0002891336725592814
boundary P 12 0.00047870757195025016 0.0 0.0004285923187185716 0.0002474478905847731 0.00026760532085385203 0.0004635060120946428 4.111360093342184e-20 0.0006714360575154686 -0.0002606156078718044 0.0004513994740794129 -0.0005858767062104345 0.0003382560740425255 -0.0005919290668516437 7.249040370421451e-20 -0.0005667911184731519 -0.0003272370048247631 -0.00033909519318861656 -0.000587330103205067 -1.0657970334649744e-19 -0.0005801928818480691 0.00030703670653391927 -0.0005318031755053631 0.00041104312505360575 -0.0002373158588982446
boundary C 0.0 0.0 9.765625e-05
transform R 0.0 0.0 0.0 0.39736683320758376 -0.5347449047219512 -0.4140231569380024 4.059518721610332
transform T 0.009765625 -0.01953125 0.0146484375
end
case corpus_251_alternate 4.8828125e-13
op 1251
frame 0.0012415627493618324 0.002270522685917882 -0.002747070003313321 -0.7901457378591843 -0.09518572015988669 0.9776313756424939 1.0 0.0 0.0
offsets 0.0002891336725592814 -0.000279521881285393
boundary P 12 -1.0657970334649744e-19 -0.0005801928818480691 -0.00033909519318861656 -0.000587330103205067 -0.0005667911184731519 -0.0003272370048247631 -0.0005919290668516437 7.249040370421451e-20 -0.0005858767062104345 0.0003382560740425255 -0.0002606156078718044 0.0004513994740794129 4.111360093342184e-20 0.0006714360575154686 0.00026760532085385203 0.0004635060120946428 0.0004285923187185716 0.0002474478905847731 0.00047870757195025016 0.0 0.00041104312505360575 -0.0002373158588982446 0.00030703670653391927 -0.0005318031755053631
boundary C 0.0 0.0 9.765625e-05
end
case corpus_252 9.765625e-13
op 1252
frame 0.0002451173962103614 -0.0071150578290623216 -0.007625890439269674 -0.600936406962089 0.7301280389532674 1.428720548416354 1.0 0.0 0.0
offsets -0.0007651107888357836 0.000656012953834225
boundary P 13 0.0008147792385014383 0.0 0.0007554372146972248 0.00039648403593506114 0.0005132373320166594 0.0007435526426425404 0.00011549621663209114 0.0009511969214065434 -0.00028475955502248434 0.0007508492379405821 -0.0008538152884320388 0.0007564143402016473 -0.0011099335613315065 0.000273574052304462 -0.000858109301318529 -0.00021150494683685398 -0.0009123958697968885 -0.0008083122066395921 -0.0003717289287161234 -0.0009801686297231762 0.00012884323290539277 -0.0010611194899489299 0.0007204287499003518 -0.0010437212326687923 0.0009962979234176257 -0.0005228974876868635
transform R 0.0 0.0 0.0 0.7037520707571996 -0.5744327795410973 0.4628366700649569 -1.034717305122254
transform T 0.01953125 -0.0390625 0.029296875
end
case corpus_252_alternate 9.765625e-13
op 1252
frame 0.0002451173962103614 -0.0071150578290623216 -0.007625890439269674 -0.600936406962089 0.7301280389532674 1.428720548416354 1.0 0.0 0.0
offsets 0.000656012953834225 -0.0007651107888357836
boundary P 13 0.0008147792385014383 0.0 0.0009962979234176257 -0.0005228974876868635 0.0007204287499003518 -0.0010437212326687923 0.00012884323290539277 -0.0010611194899489299 -0.0003717289287161234 -0.0009801686297231762 -0.0009123958697968885 -0.0008083122066395921 -0.000858109301318529 -0.00021150494683685398 -0.0011099335613315065 0.000273574052304462 -0.0008538152884320388 0.0007564143402016473 -0.00028475955502248434 0.0007508492379405821 0.00011549621663209114 0.0009511969214065434 0.0005132373320166594 0.0007435526426425404 0.0007554372146972248 0.00039648403593506114
end
case corpus_253 1.953125e-12
op 1253
frame -0.013153998095449291 -0.01828645887655756 -0.0023798408488702114 -0.1745438646240247 -0.9796479555360793 1.4796097562044537 1.0 0.0 0.0
offsets -0.001686026672204132 0.0015542989119554913
boundary P 14 0.0026016664446404368 0.0 0.0019060988797585296 0.0009179288414291713 0.0011444036023596311 0.0014350367276372974 0.0004361118818185681 0.0019107309989204616 -0.000508971380865605 0.0022299493215547123 -0.0011713858273968572 0.0014688713676558691 -0.0022428251110755285 0.0010800876479181512 -0.002017156979995553 2.4703048389292956e-19 -0.002460778527878801 -0.0011850484815329847 -0.0012712948148577573 -0.0015941532753078773 -0.00048742589090588264 -0.0021355523622668686 0.0005742163634519959 -0.0025158062677860275 0.0015028948431701759 -0.0018845705250132108 0.0015712197867291922 -0.0007566595698569559
boundary C 0.0 0.0 0.000390625
transform R 0.0 0.0 0.0 0.881154043589004 0.8092422152328975 0.32549702632137545 4.115982857463086
transform T 0.0390625 -0.078125 0.05859375
end
case corpus_253_alternate 1.953125e-12
op 1253
frame -0.013153998095449291 -0.01828645887655756 -0.0023798408488702114 -0.1745438646240247 -0.9796479555360793 1.4796097562044537 1.0 0.0 0.0
offsets 0.0015542989119554913 -0.001686026672204132
boundary P 14 -0.0022428251110755285 0.0010800876479181512 -0.0011713858273968572 0.0014688713676558691 -0.000508971380865605 0.0022299493215547123 0.0004361118818185681 0.0019107309989204616 0.0011444036023596311 0.0014350367276372974 0.0019060988797585296 0.0009179288414291713 0.0026016664446404368 0.0 0.0015712197867291922 -0.0007566595698569559 0.0015028948431701759 -0.0018845705250132108 0.0005742163634519959 -0.0025158062677860275 -0.00048742589090588264 -0.0021355523622668686 -0.0012712948148577573 -0.0015941532753078773 -0.002460778527878801 -0.0011850484815329847 -0.002017156979995553 2.4703048389292956e-19
boundary C 0.0 0.0 0.000390625
end
case corpus_254 3.90625e-12
op 1254
frame 0.0098958506461153 0.015188398297893155 0.014808890033702745 0.9133200874671128 0.13483779122217943 0.7089831141624455 1.0 0.0 0.0
offsets -0.0055174073769018945 0.004009350346220207
boundary P 15 0.0032252867453117628 0.0 0.002869062949376077 0.0012773891250181418 0.0021691116600685914 0.002409042555734103 0.001171933932438668 0.0036068417705235434 -0.0005102555441520199 0.0048547572118499875 -0.0018547032697256178 0.0032124402961288953 -0.0035994175544716857 0.002615129929372733 -0.005137182391694787 0.0010919418258504246 -0.004698780561671384 -0.0009987566402308034 -0.004322407357059433 -0.00314041276826693 -0.0019188374914000945 -0.0033235240265729682 -0.00033932567194045816 -0.0032284681115154657 0.0015202680134574068 -0.004678903837111991 0.0022437366081124 -0.0024919219569500338 0.003785462994103603 -0.0016853967121488618
transform R 0.0 0.0 0.0 0.5477713569726286 0.691170263326728 -0.8348777809821022 -4.553872918837792
transform T 0.078125 -0.15625 0.1171875
end
case corpus_254_alternate 3.90625e-12
op 1254
frame 0.0098958506461153 0.015188398297893155 0.014808890033702745 0.9133200874671128 0.13483779122217943 0.7089831141624455 1.0 0.0 0.0
offsets 0.004009350346220207 -0.0055174073769018945
boundary P 15 0.0021691116600685914 0.002409042555734103 0.002869062949376077 0.0012773891250181418 0.0032252867453117628 0.0 0.003785462994103603 -0.0016853967121488618 0.0022437366081124 -0.0024919219569500338 0.0015202680134574068 -0.004678903837111991 -0.00033932567194045816 -0.0032284681115154657 -0.0019188374914000945 -0.0033235240265729682 -0.004322407357059433 -0.00314041276826693 -0.004698780561671384 -0.0009987566402308034 -0.005137182391694787 0.0010919418258504246 -0.0035994175544716857 0.002615129929372733 -0.0018547032697256178 0.0032124402961288953 -0.0005102555441520199 0.0048547572118499875 0.001171933932438668 0.0036068417705235434
end
case corpus_255 7.8125e-12
op 1255
frame -0.051548345196590364 -0.06565250350469173 0.03610048418444005 0.15225633226312918 -0.7128247446309668 0.6660947023972789 1.0 0.0 0.0
offsets -0.007208975664787527 0.007795795978880959
boundary P 16 0.00832426629959267 0.0 0.009448291045610712 0.003913610292340229 0.006578109986436267 0.006578109986436266 0.002560190799914026 0.006180847351415264 4.141932203402215e-19 0.006764288619846946 -0.0033336314225280842 0.008048098192220417 -0.004669156518767819 0.00466915651876782 -0.009695711921110064 0.0040160953745862855 -0.010226604656229545 1.2523978658396931e-18 -0.006160943088266738 -0.0025519461841688623 -0.0066406909080919 -0.006640690908091898 -0.0024566549063442444 -0.00593088959296667 -1.6241515650723426e-18 -0.00884146931835443 0.0029409973191145957 -0.007100195614709365 0.0059160650503409865 -0.005916065050340989 0.007452248423049646 -0.0030868223670006798
boundary C 0.0 0.0 0.0015625
transform R 0.0 0.0 0.0 0.41674100550049126 -0.7744354661943109 0.6425643417378901 4.69719124257914
transform T 0.15625 -0.3125 0.234375
end
case corpus_255_alternate 7.8125e-12
op 1255
frame -0.051548345196590364 -0.06565250350469173 0.03610048418444005 0.15225633226312918 -0.7128247446309668 0.6660947023972789 1.0 0.0 0.0
offsets 0.007795795978880959 -0.007208975664787527
boundary P 16 0.00832426629959267 0.0 0.007452248423049646 -0.0030868223670006798 0.0059160650503409865 -0.005916065050340989 0.0029409973191145957 -0.007100195614709365 -1.6241515650723426e-18 -0.00884146931835443 -0.0024566549063442444 -0.00593088959296667 -0.0066406909080919 -0.006640690908091898 -0.006160943088266738 -0.0025519461841688623 -0.010226604656229545 1.2523978658396931e-18 -0.009695711921110064 0.0040160953745862855 -0.004669156518767819 0.00466915651876782 -0.0033336314225280842 0.008048098192220417 4.141932203402215e-19 0.006764288619846946 0.002560190799914026 0.006180847351415264 0.006578109986436267 0.006578109986436266 0.009448291045610712 0.003913610292340229
boundary C 0.0 0.0 0.0015625
end
