# input | exact output: flags, degree, periodic, complete homogeneous controls and knots
upstream_cubic_identity S 3 4 2 0 0 0 0 1 1 1 0 1 2 1 0 1 3 0 0 1 0 4 1 4 | upstream_cubic_identity R 0 3 0 4 2 0 1 0 0 0 1 1 1 0 1 2 1 0 1 3 0 0 1 0 4 1 4
upstream_cubic_insert S 3 4 2 1 0 0 0 1 1 1 0 1 2 1 0 1 3 0 0 1 0 4 1 4 I 0.25 3 | upstream_cubic_insert R 1 1 3 0 7 3 0 1 0 0 0 1 1/4 1/4 0 1 1/2 7/16 0 1 3/4 9/16 0 1 3/2 15/16 0 1 9/4 3/4 0 1 3 0 0 1 0 4 1/4 3 1 4
upstream_cubic_sequence S 3 4 2 4 0 0 0 1 1 1 0 1 2 1 0 1 3 0 0 1 0 4 1 4 I 0.75 1 I 0.25 3 I 0.75 3 I 0.25 1 | upstream_cubic_sequence R 4 1 1 1 1 3 0 10 4 0 1 0 0 0 1 1/4 1/4 0 1 1/2 7/16 0 1 3/4 9/16 0 1 5/4 13/16 0 1 7/4 13/16 0 1 9/4 9/16 0 1 5/2 7/16 0 1 11/4 1/4 0 1 3 0 0 1 0 4 1/4 3 3/4 3 1 4
upstream_cubic_roundtrip S 3 4 2 2 0 0 0 1 1 1 0 1 2 1 0 1 3 0 0 1 0 4 1 4 I 0.25 1 R 0.25 0 | upstream_cubic_roundtrip R 2 1 1 3 0 4 2 0 1 0 0 0 1 1 1 0 1 2 1 0 1 3 0 0 1 0 4 1 4
upstream_cubic_full_roundtrip S 3 4 2 2 0 0 0 1 1 1 0 1 2 1 0 1 3 0 0 1 0 4 1 4 I 0.25 3 R 0.25 0 | upstream_cubic_full_roundtrip R 2 1 1 3 0 4 2 0 1 0 0 0 1 1 1 0 1 2 1 0 1 3 0 0 1 0 4 1 4
quarter_conic_identity B 2 3 2 0 1 0 0 1 1 1 0 0.70710678118654757 0 1 0 1 0 3 1 3 | quarter_conic_identity R 0 2 0 3 2 0 1 1 0 0 1 6369051672525773/9007199254740992 6369051672525773/9007199254740992 0 6369051672525773/9007199254740992 0 1 0 1 0 3 1 3
quarter_conic_insert B 2 3 2 1 1 0 0 1 1 1 0 0.70710678118654757 0 1 0 1 0 3 1 3 I 0.25 2 | quarter_conic_insert R 1 1 2 0 5 3 0 1 1 0 0 1 33390649436748749/36028797018963968 6369051672525773/36028797018963968 0 33390649436748749/36028797018963968 59639551663911783/72057594037927936 23610754644947815/72057594037927936 0 64143151291282279/72057594037927936 19107155017577319/36028797018963968 28114354272318311/36028797018963968 0 28114354272318311/36028797018963968 0 1 0 1 0 3 1/4 2 1 3
quarter_conic_sequence B 2 3 2 4 1 0 0 1 1 1 0 0.70710678118654757 0 1 0 1 0 3 1 3 I 0.75 1 I 0.25 2 I 0.75 2 I 0.25 1 | quarter_conic_sequence R 4 1 1 1 1 2 0 7 4 0 1 1 0 0 1 33390649436748749/36028797018963968 6369051672525773/36028797018963968 0 33390649436748749/36028797018963968 59639551663911783/72057594037927936 23610754644947815/72057594037927936 0 64143151291282279/72057594037927936 45356057244740353/72057594037927936 45356057244740353/72057594037927936 0 58866856126851841/72057594037927936 23610754644947815/72057594037927936 59639551663911783/72057594037927936 0 64143151291282279/72057594037927936 6369051672525773/36028797018963968 33390649436748749/36028797018963968 0 33390649436748749/36028797018963968 0 1 0 1 0 3 1/4 2 3/4 2 1 3
quarter_conic_roundtrip B 2 3 2 2 1 0 0 1 1 1 0 0.70710678118654757 0 1 0 1 0 3 1 3 I 0.25 1 R 0.25 0 | quarter_conic_roundtrip R 2 1 1 2 0 3 2 0 1 1 0 0 1 6369051672525773/9007199254740992 6369051672525773/9007199254740992 0 6369051672525773/9007199254740992 0 1 0 1 0 3 1 3
quarter_conic_full_roundtrip B 2 3 2 2 1 0 0 1 1 1 0 0.70710678118654757 0 1 0 1 0 3 1 3 I 0.25 2 R 0.25 0 | quarter_conic_full_roundtrip R 2 1 1 2 0 3 2 0 1 1 0 0 1 6369051672525773/9007199254740992 6369051672525773/9007199254740992 0 6369051672525773/9007199254740992 0 1 0 1 0 3 1 3
d1_r0_s1_identity B 1 2 2 0 -3 -5 -6 1 -2 -4 1 1 0 2 1 2 | d1_r0_s1_identity R 0 1 0 2 2 0 1 -3 -5 -6 1 -2 -4 1 1 0 2 1 2
d1_r0_s1_insert B 1 2 2 1 -3 -5 -6 1 -2 -4 1 1 0 2 1 2 I 0.25 1 | d1_r0_s1_insert R 1 1 1 0 3 3 0 1 -3 -5 -6 1 -11/4 -19/4 -17/4 1 -2 -4 1 1 0 2 1/4 1 1 2
d1_r0_s1_sequence B 1 2 2 4 -3 -5 -6 1 -2 -4 1 1 0 2 1 2 I 0.75 1 I 0.25 1 I 0.75 1 I 0.25 1 | d1_r0_s1_sequence R 4 1 1 1 1 1 0 4 4 0 1 -3 -5 -6 1 -11/4 -19/4 -17/4 1 -9/4 -17/4 -3/4 1 -2 -4 1 1 0 2 1/4 1 3/4 1 1 2
d1_r0_s1_roundtrip B 1 2 2 2 -3 -5 -6 1 -2 -4 1 1 0 2 1 2 I 0.25 1 R 0.25 0 | d1_r0_s1_roundtrip R 2 1 1 1 0 2 2 0 1 -3 -5 -6 1 -2 -4 1 1 0 2 1 2
d1_r0_s1_full_roundtrip B 1 2 2 2 -3 -5 -6 1 -2 -4 1 1 0 2 1 2 I 0.25 1 R 0.25 0 | d1_r0_s1_full_roundtrip R 2 1 1 1 0 2 2 0 1 -3 -5 -6 1 -2 -4 1 1 0 2 1 2
d1_r0_s3_identity S 1 4 4 0 -3 -5 -6 1 -2 -4 1 1 -1 -1 -5 1 0 4 2 1 0 2 1 1 2 1 3 2 | d1_r0_s3_identity R 0 1 0 4 4 0 3 -3 -5 -6 1 -2 -4 1 1 -1 -1 -5 1 0 4 2 1 0 2 1 1 2 1 3 2
d1_r0_s3_insert S 1 4 4 1 -3 -5 -6 1 -2 -4 1 1 -1 -1 -5 1 0 4 2 1 0 2 1 1 2 1 3 2 I 0.25 1 | d1_r0_s3_insert R 1 1 1 0 5 5 0 3 -3 -5 -6 1 -11/4 -19/4 -17/4 1 -2 -4 1 1 -1 -1 -5 1 0 4 2 1 0 2 1/4 1 1 1 2 1 3 2
d1_r0_s3_sequence S 1 4 4 4 -3 -5 -6 1 -2 -4 1 1 -1 -1 -5 1 0 4 2 1 0 2 1 1 2 1 3 2 I 0.75 1 I 0.25 1 I 0.75 1 I 0.25 1 | d1_r0_s3_sequence R 4 1 1 1 1 1 0 6 6 0 3 -3 -5 -6 1 -11/4 -19/4 -17/4 1 -9/4 -17/4 -3/4 1 -2 -4 1 1 -1 -1 -5 1 0 4 2 1 0 2 1/4 1 3/4 1 1 1 2 1 3 2
d1_r0_s3_roundtrip S 1 4 4 2 -3 -5 -6 1 -2 -4 1 1 -1 -1 -5 1 0 4 2 1 0 2 1 1 2 1 3 2 I 0.25 1 R 0.25 0 | d1_r0_s3_roundtrip R 2 1 1 1 0 4 4 0 3 -3 -5 -6 1 -2 -4 1 1 -1 -1 -5 1 0 4 2 1 0 2 1 1 2 1 3 2
d1_r0_s3_full_roundtrip S 1 4 4 2 -3 -5 -6 1 -2 -4 1 1 -1 -1 -5 1 0 4 2 1 0 2 1 1 2 1 3 2 I 0.25 1 R 0.25 0 | d1_r0_s3_full_roundtrip R 2 1 1 1 0 4 4 0 3 -3 -5 -6 1 -2 -4 1 1 -1 -1 -5 1 0 4 2 1 0 2 1 1 2 1 3 2
d1_r0_s3_remove_existing S 1 4 4 1 -3 -5 -6 1 -2 -4 1 1 -1 -1 -5 1 0 4 2 1 0 2 1 1 2 1 3 2 R 1 0 | d1_r0_s3_remove_existing R 1 0 1 0 4 4 0 3 -3 -5 -6 1 -2 -4 1 1 -1 -1 -5 1 0 4 2 1 0 2 1 1 2 1 3 2
d1_r1_s1_identity B 1 2 2 0 -3 -5 -6 0.5 -2 -4 1 1 0 2 1 2 | d1_r1_s1_identity R 0 1 0 2 2 0 1 -3/2 -5/2 -3 1/2 -2 -4 1 1 0 2 1 2
d1_r1_s1_insert B 1 2 2 1 -3 -5 -6 0.5 -2 -4 1 1 0 2 1 2 I 0.25 1 | d1_r1_s1_insert R 1 1 1 0 3 3 0 1 -3/2 -5/2 -3 1/2 -13/8 -23/8 -2 5/8 -2 -4 1 1 0 2 1/4 1 1 2
d1_r1_s1_sequence B 1 2 2 4 -3 -5 -6 0.5 -2 -4 1 1 0 2 1 2 I 0.75 1 I 0.25 1 I 0.75 1 I 0.25 1 | d1_r1_s1_sequence R 4 1 1 1 1 1 0 4 4 0 1 -3/2 -5/2 -3 1/2 -13/8 -23/8 -2 5/8 -15/8 -29/8 0 7/8 -2 -4 1 1 0 2 1/4 1 3/4 1 1 2
d1_r1_s1_roundtrip B 1 2 2 2 -3 -5 -6 0.5 -2 -4 1 1 0 2 1 2 I 0.25 1 R 0.25 0 | d1_r1_s1_roundtrip R 2 1 1 1 0 2 2 0 1 -3/2 -5/2 -3 1/2 -2 -4 1 1 0 2 1 2
d1_r1_s1_full_roundtrip B 1 2 2 2 -3 -5 -6 0.5 -2 -4 1 1 0 2 1 2 I 0.25 1 R 0.25 0 | d1_r1_s1_full_roundtrip R 2 1 1 1 0 2 2 0 1 -3/2 -5/2 -3 1/2 -2 -4 1 1 0 2 1 2
d1_r1_s3_identity S 1 4 4 0 -3 -5 -6 0.5 -2 -4 1 1 -1 -1 -5 1.5 0 4 2 0.5 0 2 1 1 2 1 3 2 | d1_r1_s3_identity R 0 1 0 4 4 0 3 -3/2 -5/2 -3 1/2 -2 -4 1 1 -3/2 -3/2 -15/2 3/2 0 2 1 1/2 0 2 1 1 2 1 3 2
d1_r1_s3_insert S 1 4 4 1 -3 -5 -6 0.5 -2 -4 1 1 -1 -1 -5 1.5 0 4 2 0.5 0 2 1 1 2 1 3 2 I 0.25 1 | d1_r1_s3_insert R 1 1 1 0 5 5 0 3 -3/2 -5/2 -3 1/2 -13/8 -23/8 -2 5/8 -2 -4 1 1 -3/2 -3/2 -15/2 3/2 0 2 1 1/2 0 2 1/4 1 1 1 2 1 3 2
d1_r1_s3_sequence S 1 4 4 4 -3 -5 -6 0.5 -2 -4 1 1 -1 -1 -5 1.5 0 4 2 0.5 0 2 1 1 2 1 3 2 I 0.75 1 I 0.25 1 I 0.75 1 I 0.25 1 | d1_r1_s3_sequence R 4 1 1 1 1 1 0 6 6 0 3 -3/2 -5/2 -3 1/2 -13/8 -23/8 -2 5/8 -15/8 -29/8 0 7/8 -2 -4 1 1 -3/2 -3/2 -15/2 3/2 0 2 1 1/2 0 2 1/4 1 3/4 1 1 1 2 1 3 2
d1_r1_s3_roundtrip S 1 4 4 2 -3 -5 -6 0.5 -2 -4 1 1 -1 -1 -5 1.5 0 4 2 0.5 0 2 1 1 2 1 3 2 I 0.25 1 R 0.25 0 | d1_r1_s3_roundtrip R 2 1 1 1 0 4 4 0 3 -3/2 -5/2 -3 1/2 -2 -4 1 1 -3/2 -3/2 -15/2 3/2 0 2 1 1/2 0 2 1 1 2 1 3 2
d1_r1_s3_full_roundtrip S 1 4 4 2 -3 -5 -6 0.5 -2 -4 1 1 -1 -1 -5 1.5 0 4 2 0.5 0 2 1 1 2 1 3 2 I 0.25 1 R 0.25 0 | d1_r1_s3_full_roundtrip R 2 1 1 1 0 4 4 0 3 -3/2 -5/2 -3 1/2 -2 -4 1 1 -3/2 -3/2 -15/2 3/2 0 2 1 1/2 0 2 1 1 2 1 3 2
d1_r1_s3_remove_existing S 1 4 4 1 -3 -5 -6 0.5 -2 -4 1 1 -1 -1 -5 1.5 0 4 2 0.5 0 2 1 1 2 1 3 2 R 1 0 | d1_r1_s3_remove_existing R 1 0 1 0 4 4 0 3 -3/2 -5/2 -3 1/2 -2 -4 1 1 -3/2 -3/2 -15/2 3/2 0 2 1 1/2 0 2 1 1 2 1 3 2
d2_r0_s1_identity B 2 3 2 0 -3 -5 -6 1 -2 -4 1 1 -1 -1 -5 1 0 3 1 3 | d2_r0_s1_identity R 0 2 0 3 2 0 1 -3 -5 -6 1 -2 -4 1 1 -1 -1 -5 1 0 3 1 3
d2_r0_s1_insert B 2 3 2 1 -3 -5 -6 1 -2 -4 1 1 -1 -1 -5 1 0 3 1 3 I 0.25 2 | d2_r0_s1_insert R 1 1 2 0 5 3 0 1 -3 -5 -6 1 -11/4 -19/4 -17/4 1 -5/2 -35/8 -53/16 1 -7/4 -13/4 -1/2 1 -1 -1 -5 1 0 3 1/4 2 1 3
d2_r0_s1_sequence B 2 3 2 4 -3 -5 -6 1 -2 -4 1 1 -1 -1 -5 1 0 3 1 3 I 0.75 1 I 0.25 2 I 0.75 2 I 0.25 1 | d2_r0_s1_sequence R 4 1 1 1 1 2 0 7 4 0 1 -3 -5 -6 1 -11/4 -19/4 -17/4 1 -5/2 -35/8 -53/16 1 -2 -29/8 -23/16 1 -3/2 -19/8 -45/16 1 -5/4 -7/4 -7/2 1 -1 -1 -5 1 0 3 1/4 2 3/4 2 1 3
d2_r0_s1_roundtrip B 2 3 2 2 -3 -5 -6 1 -2 -4 1 1 -1 -1 -5 1 0 3 1 3 I 0.25 1 R 0.25 0 | d2_r0_s1_roundtrip R 2 1 1 2 0 3 2 0 1 -3 -5 -6 1 -2 -4 1 1 -1 -1 -5 1 0 3 1 3
d2_r0_s1_full_roundtrip B 2 3 2 2 -3 -5 -6 1 -2 -4 1 1 -1 -1 -5 1 0 3 1 3 I 0.25 2 R 0.25 0 | d2_r0_s1_full_roundtrip R 2 1 1 2 0 3 2 0 1 -3 -5 -6 1 -2 -4 1 1 -1 -1 -5 1 0 3 1 3
d2_r0_s3_identity S 2 6 4 0 -3 -5 -6 1 -2 -4 1 1 -1 -1 -5 1 0 4 2 1 1 0 -4 1 2 -2 3 1 0 3 1 2 2 1 3 3 | d2_r0_s3_identity R 0 2 0 6 4 0 3 -3 -5 -6 1 -2 -4 1 1 -1 -1 -5 1 0 4 2 1 1 0 -4 1 2 -2 3 1 0 3 1 2 2 1 3 3
d2_r0_s3_insert S 2 6 4 1 -3 -5 -6 1 -2 -4 1 1 -1 -1 -5 1 0 4 2 1 1 0 -4 1 2 -2 3 1 0 3 1 2 2 1 3 3 I 0.25 2 | d2_r0_s3_insert R 1 1 2 0 8 5 0 3 -3 -5 -6 1 -11/4 -19/4 -17/4 1 -5/2 -35/8 -53/16 1 -7/4 -13/4 -1/2 1 -1 -1 -5 1 0 4 2 1 1 0 -4 1 2 -2 3 1 0 3 1/4 2 1 2 2 1 3 3
d2_r0_s3_sequence S 2 6 4 4 -3 -5 -6 1 -2 -4 1 1 -1 -1 -5 1 0 4 2 1 1 0 -4 1 2 -2 3 1 0 3 1 2 2 1 3 3 I 0.75 1 I 0.25 2 I 0.75 2 I 0.25 1 | d2_r0_s3_sequence R 4 1 1 1 1 2 0 10 6 0 3 -3 -5 -6 1 -11/4 -19/4 -17/4 1 -5/2 -35/8 -53/16 1 -2 -29/8 -23/16 1 -3/2 -19/8 -45/16 1 -5/4 -7/4 -7/2 1 -1 -1 -5 1 0 4 2 1 1 0 -4 1 2 -2 3 1 0 3 1/4 2 3/4 2 1 2 2 1 3 3
d2_r0_s3_roundtrip S 2 6 4 2 -3 -5 -6 1 -2 -4 1 1 -1 -1 -5 1 0 4 2 1 1 0 -4 1 2 -2 3 1 0 3 1 2 2 1 3 3 I 0.25 1 R 0.25 0 | d2_r0_s3_roundtrip R 2 1 1 2 0 6 4 0 3 -3 -5 -6 1 -2 -4 1 1 -1 -1 -5 1 0 4 2 1 1 0 -4 1 2 -2 3 1 0 3 1 2 2 1 3 3
d2_r0_s3_full_roundtrip S 2 6 4 2 -3 -5 -6 1 -2 -4 1 1 -1 -1 -5 1 0 4 2 1 1 0 -4 1 2 -2 3 1 0 3 1 2 2 1 3 3 I 0.25 2 R 0.25 0 | d2_r0_s3_full_roundtrip R 2 1 1 2 0 6 4 0 3 -3 -5 -6 1 -2 -4 1 1 -1 -1 -5 1 0 4 2 1 1 0 -4 1 2 -2 3 1 0 3 1 2 2 1 3 3
d2_r0_s3_remove_existing S 2 6 4 1 -3 -5 -6 1 -2 -4 1 1 -1 -1 -5 1 0 4 2 1 1 0 -4 1 2 -2 3 1 0 3 1 2 2 1 3 3 R 1 1 | d2_r0_s3_remove_existing R 1 0 2 0 6 4 0 3 -3 -5 -6 1 -2 -4 1 1 -1 -1 -5 1 0 4 2 1 1 0 -4 1 2 -2 3 1 0 3 1 2 2 1 3 3
d2_r1_s1_identity B 2 3 2 0 -3 -5 -6 0.5 -2 -4 1 1 -1 -1 -5 1.5 0 3 1 3 | d2_r1_s1_identity R 0 2 0 3 2 0 1 -3/2 -5/2 -3 1/2 -2 -4 1 1 -3/2 -3/2 -15/2 3/2 0 3 1 3
d2_r1_s1_insert B 2 3 2 1 -3 -5 -6 0.5 -2 -4 1 1 -1 -1 -5 1.5 0 3 1 3 I 0.25 2 | d2_r1_s1_insert R 1 1 2 0 5 3 0 1 -3/2 -5/2 -3 1/2 -13/8 -23/8 -2 5/8 -27/16 -3 -57/32 3/4 -15/8 -27/8 -9/8 9/8 -3/2 -3/2 -15/2 3/2 0 3 1/4 2 1 3
d2_r1_s1_sequence B 2 3 2 4 -3 -5 -6 0.5 -2 -4 1 1 -1 -1 -5 1.5 0 3 1 3 I 0.75 1 I 0.25 2 I 0.75 2 I 0.25 1 | d2_r1_s1_sequence R 4 1 1 1 1 2 0 7 4 0 1 -3/2 -5/2 -3 1/2 -13/8 -23/8 -2 5/8 -27/16 -3 -57/32 3/4 -29/16 -13/4 -43/32 1 -27/16 -5/2 -129/32 5/4 -13/8 -17/8 -43/8 11/8 -3/2 -3/2 -15/2 3/2 0 3 1/4 2 3/4 2 1 3
d2_r1_s1_roundtrip B 2 3 2 2 -3 -5 -6 0.5 -2 -4 1 1 -1 -1 -5 1.5 0 3 1 3 I 0.25 1 R 0.25 0 | d2_r1_s1_roundtrip R 2 1 1 2 0 3 2 0 1 -3/2 -5/2 -3 1/2 -2 -4 1 1 -3/2 -3/2 -15/2 3/2 0 3 1 3
d2_r1_s1_full_roundtrip B 2 3 2 2 -3 -5 -6 0.5 -2 -4 1 1 -1 -1 -5 1.5 0 3 1 3 I 0.25 2 R 0.25 0 | d2_r1_s1_full_roundtrip R 2 1 1 2 0 3 2 0 1 -3/2 -5/2 -3 1/2 -2 -4 1 1 -3/2 -3/2 -15/2 3/2 0 3 1 3
d2_r1_s3_identity S 2 6 4 0 -3 -5 -6 0.5 -2 -4 1 1 -1 -1 -5 1.5 0 4 2 0.5 1 0 -4 1 2 -2 3 1.5 0 3 1 2 2 1 3 3 | d2_r1_s3_identity R 0 2 0 6 4 0 3 -3/2 -5/2 -3 1/2 -2 -4 1 1 -3/2 -3/2 -15/2 3/2 0 2 1 1/2 1 0 -4 1 3 -3 9/2 3/2 0 3 1 2 2 1 3 3
d2_r1_s3_insert S 2 6 4 1 -3 -5 -6 0.5 -2 -4 1 1 -1 -1 -5 1.5 0 4 2 0.5 1 0 -4 1 2 -2 3 1.5 0 3 1 2 2 1 3 3 I 0.25 2 | d2_r1_s3_insert R 1 1 2 0 8 5 0 3 -3/2 -5/2 -3 1/2 -13/8 -23/8 -2 5/8 -27/16 -3 -57/32 3/4 -15/8 -27/8 -9/8 9/8 -3/2 -3/2 -15/2 3/2 0 2 1 1/2 1 0 -4 1 3 -3 9/2 3/2 0 3 1/4 2 1 2 2 1 3 3
d2_r1_s3_sequence S 2 6 4 4 -3 -5 -6 0.5 -2 -4 1 1 -1 -1 -5 1.5 0 4 2 0.5 1 0 -4 1 2 -2 3 1.5 0 3 1 2 2 1 3 3 I 0.75 1 I 0.25 2 I 0.75 2 I 0.25 1 | d2_r1_s3_sequence R 4 1 1 1 1 2 0 10 6 0 3 -3/2 -5/2 -3 1/2 -13/8 -23/8 -2 5/8 -27/16 -3 -57/32 3/4 -29/16 -13/4 -43/32 1 -27/16 -5/2 -129/32 5/4 -13/8 -17/8 -43/8 11/8 -3/2 -3/2 -15/2 3/2 0 2 1 1/2 1 0 -4 1 3 -3 9/2 3/2 0 3 1/4 2 3/4 2 1 2 2 1 3 3
d2_r1_s3_roundtrip S 2 6 4 2 -3 -5 -6 0.5 -2 -4 1 1 -1 -1 -5 1.5 0 4 2 0.5 1 0 -4 1 2 -2 3 1.5 0 3 1 2 2 1 3 3 I 0.25 1 R 0.25 0 | d2_r1_s3_roundtrip R 2 1 1 2 0 6 4 0 3 -3/2 -5/2 -3 1/2 -2 -4 1 1 -3/2 -3/2 -15/2 3/2 0 2 1 1/2 1 0 -4 1 3 -3 9/2 3/2 0 3 1 2 2 1 3 3
d2_r1_s3_full_roundtrip S 2 6 4 2 -3 -5 -6 0.5 -2 -4 1 1 -1 -1 -5 1.5 0 4 2 0.5 1 0 -4 1 2 -2 3 1.5 0 3 1 2 2 1 3 3 I 0.25 2 R 0.25 0 | d2_r1_s3_full_roundtrip R 2 1 1 2 0 6 4 0 3 -3/2 -5/2 -3 1/2 -2 -4 1 1 -3/2 -3/2 -15/2 3/2 0 2 1 1/2 1 0 -4 1 3 -3 9/2 3/2 0 3 1 2 2 1 3 3
d2_r1_s3_remove_existing S 2 6 4 1 -3 -5 -6 0.5 -2 -4 1 1 -1 -1 -5 1.5 0 4 2 0.5 1 0 -4 1 2 -2 3 1.5 0 3 1 2 2 1 3 3 R 1 1 | d2_r1_s3_remove_existing R 1 0 2 0 6 4 0 3 -3/2 -5/2 -3 1/2 -2 -4 1 1 -3/2 -3/2 -15/2 3/2 0 2 1 1/2 1 0 -4 1 3 -3 9/2 3/2 0 3 1 2 2 1 3 3
d3_r0_s1_identity B 3 4 2 0 -3 -5 -6 1 -2 -4 1 1 -1 -1 -5 1 0 4 2 1 0 4 1 4 | d3_r0_s1_identity R 0 3 0 4 2 0 1 -3 -5 -6 1 -2 -4 1 1 -1 -1 -5 1 0 4 2 1 0 4 1 4
d3_r0_s1_insert B 3 4 2 1 -3 -5 -6 1 -2 -4 1 1 -1 -1 -5 1 0 4 2 1 0 4 1 4 I 0.25 3 | d3_r0_s1_insert R 1 1 3 0 7 3 0 1 -3 -5 -6 1 -11/4 -19/4 -17/4 1 -5/2 -35/8 -53/16 1 -9/4 -31/8 -89/32 1 -3/2 -19/8 -19/16 1 -3/4 1/4 -13/4 1 0 4 2 1 0 4 1/4 3 1 4
d3_r0_s1_sequence B 3 4 2 4 -3 -5 -6 1 -2 -4 1 1 -1 -1 -5 1 0 4 2 1 0 4 1 4 I 0.75 1 I 0.25 3 I 0.75 3 I 0.25 1 | d3_r0_s1_sequence R 4 1 1 1 1 3 0 10 4 0 1 -3 -5 -6 1 -11/4 -19/4 -17/4 1 -5/2 -35/8 -53/16 1 -9/4 -31/8 -89/32 1 -7/4 -23/8 -55/32 1 -5/4 -11/8 -73/32 1 -3/4 5/8 -39/32 1 -1/2 13/8 -11/16 1 -1/4 11/4 1/4 1 0 4 2 1 0 4 1/4 3 3/4 3 1 4
d3_r0_s1_roundtrip B 3 4 2 2 -3 -5 -6 1 -2 -4 1 1 -1 -1 -5 1 0 4 2 1 0 4 1 4 I 0.25 1 R 0.25 0 | d3_r0_s1_roundtrip R 2 1 1 3 0 4 2 0 1 -3 -5 -6 1 -2 -4 1 1 -1 -1 -5 1 0 4 2 1 0 4 1 4
d3_r0_s1_full_roundtrip B 3 4 2 2 -3 -5 -6 1 -2 -4 1 1 -1 -1 -5 1 0 4 2 1 0 4 1 4 I 0.25 3 R 0.25 0 | d3_r0_s1_full_roundtrip R 2 1 1 3 0 4 2 0 1 -3 -5 -6 1 -2 -4 1 1 -1 -1 -5 1 0 4 2 1 0 4 1 4
d3_r0_s3_identity S 3 8 4 0 -3 -5 -6 1 -2 -4 1 1 -1 -1 -5 1 0 4 2 1 1 0 -4 1 2 -2 3 1 3 -2 -3 1 4 0 4 1 0 4 1 3 2 1 3 4 | d3_r0_s3_identity R 0 3 0 8 4 0 3 -3 -5 -6 1 -2 -4 1 1 -1 -1 -5 1 0 4 2 1 1 0 -4 1 2 -2 3 1 3 -2 -3 1 4 0 4 1 0 4 1 3 2 1 3 4
d3_r0_s3_insert S 3 8 4 1 -3 -5 -6 1 -2 -4 1 1 -1 -1 -5 1 0 4 2 1 1 0 -4 1 2 -2 3 1 3 -2 -3 1 4 0 4 1 0 4 1 3 2 1 3 4 I 0.25 3 | d3_r0_s3_insert R 1 1 3 0 11 5 0 3 -3 -5 -6 1 -11/4 -19/4 -17/4 1 -5/2 -35/8 -53/16 1 -9/4 -31/8 -89/32 1 -3/2 -19/8 -19/16 1 -3/4 1/4 -13/4 1 0 4 2 1 1 0 -4 1 2 -2 3 1 3 -2 -3 1 4 0 4 1 0 4 1/4 3 1 3 2 1 3 4
d3_r0_s3_sequence S 3 8 4 4 -3 -5 -6 1 -2 -4 1 1 -1 -1 -5 1 0 4 2 1 1 0 -4 1 2 -2 3 1 3 -2 -3 1 4 0 4 1 0 4 1 3 2 1 3 4 I 0.75 1 I 0.25 3 I 0.75 3 I 0.25 1 | d3_r0_s3_sequence R 4 1 1 1 1 3 0 14 6 0 3 -3 -5 -6 1 -11/4 -19/4 -17/4 1 -5/2 -35/8 -53/16 1 -9/4 -31/8 -89/32 1 -7/4 -23/8 -55/32 1 -5/4 -11/8 -73/32 1 -3/4 5/8 -39/32 1 -1/2 13/8 -11/16 1 -1/4 11/4 1/4 1 0 4 2 1 1 0 -4 1 2 -2 3 1 3 -2 -3 1 4 0 4 1 0 4 1/4 3 3/4 3 1 3 2 1 3 4
d3_r0_s3_roundtrip S 3 8 4 2 -3 -5 -6 1 -2 -4 1 1 -1 -1 -5 1 0 4 2 1 1 0 -4 1 2 -2 3 1 3 -2 -3 1 4 0 4 1 0 4 1 3 2 1 3 4 I 0.25 1 R 0.25 0 | d3_r0_s3_roundtrip R 2 1 1 3 0 8 4 0 3 -3 -5 -6 1 -2 -4 1 1 -1 -1 -5 1 0 4 2 1 1 0 -4 1 2 -2 3 1 3 -2 -3 1 4 0 4 1 0 4 1 3 2 1 3 4
d3_r0_s3_full_roundtrip S 3 8 4 2 -3 -5 -6 1 -2 -4 1 1 -1 -1 -5 1 0 4 2 1 1 0 -4 1 2 -2 3 1 3 -2 -3 1 4 0 4 1 0 4 1 3 2 1 3 4 I 0.25 3 R 0.25 0 | d3_r0_s3_full_roundtrip R 2 1 1 3 0 8 4 0 3 -3 -5 -6 1 -2 -4 1 1 -1 -1 -5 1 0 4 2 1 1 0 -4 1 2 -2 3 1 3 -2 -3 1 4 0 4 1 0 4 1 3 2 1 3 4
d3_r0_s3_remove_existing S 3 8 4 1 -3 -5 -6 1 -2 -4 1 1 -1 -1 -5 1 0 4 2 1 1 0 -4 1 2 -2 3 1 3 -2 -3 1 4 0 4 1 0 4 1 3 2 1 3 4 R 1 2 | d3_r0_s3_remove_existing R 1 0 3 0 8 4 0 3 -3 -5 -6 1 -2 -4 1 1 -1 -1 -5 1 0 4 2 1 1 0 -4 1 2 -2 3 1 3 -2 -3 1 4 0 4 1 0 4 1 3 2 1 3 4
d3_r1_s1_identity B 3 4 2 0 -3 -5 -6 0.5 -2 -4 1 1 -1 -1 -5 1.5 0 4 2 0.5 0 4 1 4 | d3_r1_s1_identity R 0 3 0 4 2 0 1 -3/2 -5/2 -3 1/2 -2 -4 1 1 -3/2 -3/2 -15/2 3/2 0 2 1 1/2 0 4 1 4
d3_r1_s1_insert B 3 4 2 1 -3 -5 -6 0.5 -2 -4 1 1 -1 -1 -5 1.5 0 4 2 0.5 0 4 1 4 I 0.25 3 | d3_r1_s1_insert R 1 1 3 0 7 3 0 1 -3/2 -5/2 -3 1/2 -13/8 -23/8 -2 5/8 -27/16 -3 -57/32 3/4 -27/16 -187/64 -241/128 109/128 -27/16 -43/16 -35/16 37/32 -9/8 -5/8 -43/8 5/4 0 2 1 1/2 0 4 1/4 3 1 4
d3_r1_s1_sequence B 3 4 2 4 -3 -5 -6 0.5 -2 -4 1 1 -1 -1 -5 1.5 0 4 2 0.5 0 4 1 4 I 0.75 1 I 0.25 3 I 0.75 3 I 0.25 1 | d3_r1_s1_sequence R 4 1 1 1 1 3 0 10 4 0 1 -3/2 -5/2 -3 1/2 -13/8 -23/8 -2 5/8 -27/16 -3 -57/32 3/4 -27/16 -187/64 -241/128 109/128 -27/16 -177/64 -267/128 135/128 -23/16 -115/64 -457/128 149/128 -15/16 -25/64 -339/128 127/128 -11/16 5/16 -35/16 29/32 -3/8 9/8 -9/8 3/4 0 2 1 1/2 0 4 1/4 3 3/4 3 1 4
d3_r1_s1_roundtrip B 3 4 2 2 -3 -5 -6 0.5 -2 -4 1 1 -1 -1 -5 1.5 0 4 2 0.5 0 4 1 4 I 0.25 1 R 0.25 0 | d3_r1_s1_roundtrip R 2 1 1 3 0 4 2 0 1 -3/2 -5/2 -3 1/2 -2 -4 1 1 -3/2 -3/2 -15/2 3/2 0 2 1 1/2 0 4 1 4
d3_r1_s1_full_roundtrip B 3 4 2 2 -3 -5 -6 0.5 -2 -4 1 1 -1 -1 -5 1.5 0 4 2 0.5 0 4 1 4 I 0.25 3 R 0.25 0 | d3_r1_s1_full_roundtrip R 2 1 1 3 0 4 2 0 1 -3/2 -5/2 -3 1/2 -2 -4 1 1 -3/2 -3/2 -15/2 3/2 0 2 1 1/2 0 4 1 4
d3_r1_s3_identity S 3 8 4 0 -3 -5 -6 0.5 -2 -4 1 1 -1 -1 -5 1.5 0 4 2 0.5 1 0 -4 1 2 -2 3 1.5 3 -2 -3 0.5 4 0 4 1 0 4 1 3 2 1 3 4 | d3_r1_s3_identity R 0 3 0 8 4 0 3 -3/2 -5/2 -3 1/2 -2 -4 1 1 -3/2 -3/2 -15/2 3/2 0 2 1 1/2 1 0 -4 1 3 -3 9/2 3/2 3/2 -1 -3/2 1/2 4 0 4 1 0 4 1 3 2 1 3 4
d3_r1_s3_insert S 3 8 4 1 -3 -5 -6 0.5 -2 -4 1 1 -1 -1 -5 1.5 0 4 2 0.5 1 0 -4 1 2 -2 3 1.5 3 -2 -3 0.5 4 0 4 1 0 4 1 3 2 1 3 4 I 0.25 3 | d3_r1_s3_insert R 1 1 3 0 11 5 0 3 -3/2 -5/2 -3 1/2 -13/8 -23/8 -2 5/8 -27/16 -3 -57/32 3/4 -27/16 -187/64 -241/128 109/128 -27/16 -43/16 -35/16 37/32 -9/8 -5/8 -43/8 5/4 0 2 1 1/2 1 0 -4 1 3 -3 9/2 3/2 3/2 -1 -3/2 1/2 4 0 4 1 0 4 1/4 3 1 3 2 1 3 4
d3_r1_s3_sequence S 3 8 4 4 -3 -5 -6 0.5 -2 -4 1 1 -1 -1 -5 1.5 0 4 2 0.5 1 0 -4 1 2 -2 3 1.5 3 -2 -3 0.5 4 0 4 1 0 4 1 3 2 1 3 4 I 0.75 1 I 0.25 3 I 0.75 3 I 0.25 1 | d3_r1_s3_sequence R 4 1 1 1 1 3 0 14 6 0 3 -3/2 -5/2 -3 1/2 -13/8 -23/8 -2 5/8 -27/16 -3 -57/32 3/4 -27/16 -187/64 -241/128 109/128 -27/16 -177/64 -267/128 135/128 -23/16 -115/64 -457/128 149/128 -15/16 -25/64 -339/128 127/128 -11/16 5/16 -35/16 29/32 -3/8 9/8 -9/8 3/4 0 2 1 1/2 1 0 -4 1 3 -3 9/2 3/2 3/2 -1 -3/2 1/2 4 0 4 1 0 4 1/4 3 3/4 3 1 3 2 1 3 4
d3_r1_s3_roundtrip S 3 8 4 2 -3 -5 -6 0.5 -2 -4 1 1 -1 -1 -5 1.5 0 4 2 0.5 1 0 -4 1 2 -2 3 1.5 3 -2 -3 0.5 4 0 4 1 0 4 1 3 2 1 3 4 I 0.25 1 R 0.25 0 | d3_r1_s3_roundtrip R 2 1 1 3 0 8 4 0 3 -3/2 -5/2 -3 1/2 -2 -4 1 1 -3/2 -3/2 -15/2 3/2 0 2 1 1/2 1 0 -4 1 3 -3 9/2 3/2 3/2 -1 -3/2 1/2 4 0 4 1 0 4 1 3 2 1 3 4
d3_r1_s3_full_roundtrip S 3 8 4 2 -3 -5 -6 0.5 -2 -4 1 1 -1 -1 -5 1.5 0 4 2 0.5 1 0 -4 1 2 -2 3 1.5 3 -2 -3 0.5 4 0 4 1 0 4 1 3 2 1 3 4 I 0.25 3 R 0.25 0 | d3_r1_s3_full_roundtrip R 2 1 1 3 0 8 4 0 3 -3/2 -5/2 -3 1/2 -2 -4 1 1 -3/2 -3/2 -15/2 3/2 0 2 1 1/2 1 0 -4 1 3 -3 9/2 3/2 3/2 -1 -3/2 1/2 4 0 4 1 0 4 1 3 2 1 3 4
d3_r1_s3_remove_existing S 3 8 4 1 -3 -5 -6 0.5 -2 -4 1 1 -1 -1 -5 1.5 0 4 2 0.5 1 0 -4 1 2 -2 3 1.5 3 -2 -3 0.5 4 0 4 1 0 4 1 3 2 1 3 4 R 1 2 | d3_r1_s3_remove_existing R 1 0 3 0 8 4 0 3 -3/2 -5/2 -3 1/2 -2 -4 1 1 -3/2 -3/2 -15/2 3/2 0 2 1 1/2 1 0 -4 1 3 -3 9/2 3/2 3/2 -1 -3/2 1/2 4 0 4 1 0 4 1 3 2 1 3 4
d5_r0_s1_identity B 5 6 2 0 -3 -5 -6 1 -2 -4 1 1 -1 -1 -5 1 0 4 2 1 1 0 -4 1 2 -2 3 1 0 6 1 6 | d5_r0_s1_identity R 0 5 0 6 2 0 1 -3 -5 -6 1 -2 -4 1 1 -1 -1 -5 1 0 4 2 1 1 0 -4 1 2 -2 3 1 0 6 1 6
d5_r0_s1_insert B 5 6 2 1 -3 -5 -6 1 -2 -4 1 1 -1 -1 -5 1 0 4 2 1 1 0 -4 1 2 -2 3 1 0 6 1 6 I 0.25 5 | d5_r0_s1_insert R 1 1 5 0 11 3 0 1 -3 -5 -6 1 -11/4 -19/4 -17/4 1 -5/2 -35/8 -53/16 1 -9/4 -31/8 -89/32 1 -2 -843/256 -157/64 1 -7/4 -2747/1024 -285/128 1 -1 -109/128 -99/64 1 -1/4 79/64 -57/32 1 1/2 17/8 -3/16 1 5/4 -1/2 -9/4 1 2 -2 3 1 0 6 1/4 5 1 6
d5_r0_s1_sequence B 5 6 2 4 -3 -5 -6 1 -2 -4 1 1 -1 -1 -5 1 0 4 2 1 1 0 -4 1 2 -2 3 1 0 6 1 6 I 0.75 1 I 0.25 5 I 0.75 5 I 0.25 1 | d5_r0_s1_sequence R 4 1 1 1 1 5 0 16 4 0 1 -3 -5 -6 1 -11/4 -19/4 -17/4 1 -5/2 -35/8 -53/16 1 -9/4 -31/8 -89/32 1 -2 -843/256 -157/64 1 -7/4 -2747/1024 -285/128 1 -5/4 -1497/1024 -227/128 1 -3/4 -131/1024 -221/128 1 -1/4 911/1024 -163/128 1 1/4 1013/1024 -157/128 1 3/4 439/1024 -99/128 1 1 19/128 -35/64 1 5/4 -19/64 -7/32 1 3/2 -7/8 5/16 1 7/4 -3/2 5/4 1 2 -2 3 1 0 6 1/4 5 3/4 5 1 6
d5_r0_s1_roundtrip B 5 6 2 2 -3 -5 -6 1 -2 -4 1 1 -1 -1 -5 1 0 4 2 1 1 0 -4 1 2 -2 3 1 0 6 1 6 I 0.25 1 R 0.25 0 | d5_r0_s1_roundtrip R 2 1 1 5 0 6 2 0 1 -3 -5 -6 1 -2 -4 1 1 -1 -1 -5 1 0 4 2 1 1 0 -4 1 2 -2 3 1 0 6 1 6
d5_r0_s1_full_roundtrip B 5 6 2 2 -3 -5 -6 1 -2 -4 1 1 -1 -1 -5 1 0 4 2 1 1 0 -4 1 2 -2 3 1 0 6 1 6 I 0.25 5 R 0.25 0 | d5_r0_s1_full_roundtrip R 2 1 1 5 0 6 2 0 1 -3 -5 -6 1 -2 -4 1 1 -1 -1 -5 1 0 4 2 1 1 0 -4 1 2 -2 3 1 0 6 1 6
d5_r0_s3_identity S 5 12 4 0 -3 -5 -6 1 -2 -4 1 1 -1 -1 -5 1 0 4 2 1 1 0 -4 1 2 -2 3 1 3 -2 -3 1 4 0 4 1 5 4 -2 1 6 -1 5 1 7 -4 -1 1 8 -5 6 1 0 6 1 5 2 1 3 6 | d5_r0_s3_identity R 0 5 0 12 4 0 3 -3 -5 -6 1 -2 -4 1 1 -1 -1 -5 1 0 4 2 1 1 0 -4 1 2 -2 3 1 3 -2 -3 1 4 0 4 1 5 4 -2 1 6 -1 5 1 7 -4 -1 1 8 -5 6 1 0 6 1 5 2 1 3 6
d5_r0_s3_insert S 5 12 4 1 -3 -5 -6 1 -2 -4 1 1 -1 -1 -5 1 0 4 2 1 1 0 -4 1 2 -2 3 1 3 -2 -3 1 4 0 4 1 5 4 -2 1 6 -1 5 1 7 -4 -1 1 8 -5 6 1 0 6 1 5 2 1 3 6 I 0.25 5 | d5_r0_s3_insert R 1 1 5 0 17 5 0 3 -3 -5 -6 1 -11/4 -19/4 -17/4 1 -5/2 -35/8 -53/16 1 -9/4 -31/8 -89/32 1 -2 -843/256 -157/64 1 -7/4 -2747/1024 -285/128 1 -1 -109/128 -99/64 1 -1/4 79/64 -57/32 1 1/2 17/8 -3/16 1 5/4 -1/2 -9/4 1 2 -2 3 1 3 -2 -3 1 4 0 4 1 5 4 -2 1 6 -1 5 1 7 -4 -1 1 8 -5 6 1 0 6 1/4 5 1 5 2 1 3 6
d5_r0_s3_sequence S 5 12 4 4 -3 -5 -6 1 -2 -4 1 1 -1 -1 -5 1 0 4 2 1 1 0 -4 1 2 -2 3 1 3 -2 -3 1 4 0 4 1 5 4 -2 1 6 -1 5 1 7 -4 -1 1 8 -5 6 1 0 6 1 5 2 1 3 6 I 0.75 1 I 0.25 5 I 0.75 5 I 0.25 1 | d5_r0_s3_sequence R 4 1 1 1 1 5 0 22 6 0 3 -3 -5 -6 1 -11/4 -19/4 -17/4 1 -5/2 -35/8 -53/16 1 -9/4 -31/8 -89/32 1 -2 -843/256 -157/64 1 -7/4 -2747/1024 -285/128 1 -5/4 -1497/1024 -227/128 1 -3/4 -131/1024 -221/128 1 -1/4 911/1024 -163/128 1 1/4 1013/1024 -157/128 1 3/4 439/1024 -99/128 1 1 19/128 -35/64 1 5/4 -19/64 -7/32 1 3/2 -7/8 5/16 1 7/4 -3/2 5/4 1 2 -2 3 1 3 -2 -3 1 4 0 4 1 5 4 -2 1 6 -1 5 1 7 -4 -1 1 8 -5 6 1 0 6 1/4 5 3/4 5 1 5 2 1 3 6
d5_r0_s3_roundtrip S 5 12 4 2 -3 -5 -6 1 -2 -4 1 1 -1 -1 -5 1 0 4 2 1 1 0 -4 1 2 -2 3 1 3 -2 -3 1 4 0 4 1 5 4 -2 1 6 -1 5 1 7 -4 -1 1 8 -5 6 1 0 6 1 5 2 1 3 6 I 0.25 1 R 0.25 0 | d5_r0_s3_roundtrip R 2 1 1 5 0 12 4 0 3 -3 -5 -6 1 -2 -4 1 1 -1 -1 -5 1 0 4 2 1 1 0 -4 1 2 -2 3 1 3 -2 -3 1 4 0 4 1 5 4 -2 1 6 -1 5 1 7 -4 -1 1 8 -5 6 1 0 6 1 5 2 1 3 6
d5_r0_s3_full_roundtrip S 5 12 4 2 -3 -5 -6 1 -2 -4 1 1 -1 -1 -5 1 0 4 2 1 1 0 -4 1 2 -2 3 1 3 -2 -3 1 4 0 4 1 5 4 -2 1 6 -1 5 1 7 -4 -1 1 8 -5 6 1 0 6 1 5 2 1 3 6 I 0.25 5 R 0.25 0 | d5_r0_s3_full_roundtrip R 2 1 1 5 0 12 4 0 3 -3 -5 -6 1 -2 -4 1 1 -1 -1 -5 1 0 4 2 1 1 0 -4 1 2 -2 3 1 3 -2 -3 1 4 0 4 1 5 4 -2 1 6 -1 5 1 7 -4 -1 1 8 -5 6 1 0 6 1 5 2 1 3 6
d5_r0_s3_remove_existing S 5 12 4 1 -3 -5 -6 1 -2 -4 1 1 -1 -1 -5 1 0 4 2 1 1 0 -4 1 2 -2 3 1 3 -2 -3 1 4 0 4 1 5 4 -2 1 6 -1 5 1 7 -4 -1 1 8 -5 6 1 0 6 1 5 2 1 3 6 R 1 4 | d5_r0_s3_remove_existing R 1 0 5 0 12 4 0 3 -3 -5 -6 1 -2 -4 1 1 -1 -1 -5 1 0 4 2 1 1 0 -4 1 2 -2 3 1 3 -2 -3 1 4 0 4 1 5 4 -2 1 6 -1 5 1 7 -4 -1 1 8 -5 6 1 0 6 1 5 2 1 3 6
d5_r1_s1_identity B 5 6 2 0 -3 -5 -6 0.5 -2 -4 1 1 -1 -1 -5 1.5 0 4 2 0.5 1 0 -4 1 2 -2 3 1.5 0 6 1 6 | d5_r1_s1_identity R 0 5 0 6 2 0 1 -3/2 -5/2 -3 1/2 -2 -4 1 1 -3/2 -3/2 -15/2 3/2 0 2 1 1/2 1 0 -4 1 3 -3 9/2 3/2 0 6 1 6
d5_r1_s1_insert B 5 6 2 1 -3 -5 -6 0.5 -2 -4 1 1 -1 -1 -5 1.5 0 4 2 0.5 1 0 -4 1 2 -2 3 1.5 0 6 1 6 I 0.25 5 | d5_r1_s1_insert R 1 1 5 0 11 3 0 1 -3/2 -5/2 -3 1/2 -13/8 -23/8 -2 5/8 -27/16 -3 -57/32 3/4 -27/16 -187/64 -241/128 109/128 -835/512 -1383/512 -133/64 473/512 -3123/2048 -4911/2048 -4629/2048 993/1024 -309/256 -381/256 -1437/512 567/512 -57/128 21/128 -207/64 129/128 9/16 15/16 -21/32 3/4 3/2 -3/4 -15/8 9/8 3 -3 9/2 3/2 0 6 1/4 5 1 6
d5_r1_s1_sequence B 5 6 2 4 -3 -5 -6 0.5 -2 -4 1 1 -1 -1 -5 1.5 0 4 2 0.5 1 0 -4 1 2 -2 3 1.5 0 6 1 6 I 0.75 1 I 0.25 5 I 0.75 5 I 0.25 1 | d5_r1_s1_sequence R 4 1 1 1 1 5 0 16 4 0 1 -3/2 -5/2 -3 1/2 -13/8 -23/8 -2 5/8 -27/16 -3 -57/32 3/4 -27/16 -187/64 -241/128 109/128 -835/512 -1383/512 -133/64 473/512 -3123/2048 -4911/2048 -4629/2048 993/1024 -2689/2048 -3669/2048 -5375/2048 1087/1024 -1851/2048 -1751/2048 -6013/2048 1073/1024 -729/2048 -141/2048 -4791/2048 975/1024 509/2048 193/2048 -3877/2048 961/1024 1935/2048 -773/2048 -1839/2048 1055/1024 331/256 -157/256 -205/512 551/512 213/128 -129/128 15/64 147/128 33/16 -25/16 35/32 5/4 5/2 -9/4 19/8 11/8 3 -3 9/2 3/2 0 6 1/4 5 3/4 5 1 6
d5_r1_s1_roundtrip B 5 6 2 2 -3 -5 -6 0.5 -2 -4 1 1 -1 -1 -5 1.5 0 4 2 0.5 1 0 -4 1 2 -2 3 1.5 0 6 1 6 I 0.25 1 R 0.25 0 | d5_r1_s1_roundtrip R 2 1 1 5 0 6 2 0 1 -3/2 -5/2 -3 1/2 -2 -4 1 1 -3/2 -3/2 -15/2 3/2 0 2 1 1/2 1 0 -4 1 3 -3 9/2 3/2 0 6 1 6
d5_r1_s1_full_roundtrip B 5 6 2 2 -3 -5 -6 0.5 -2 -4 1 1 -1 -1 -5 1.5 0 4 2 0.5 1 0 -4 1 2 -2 3 1.5 0 6 1 6 I 0.25 5 R 0.25 0 | d5_r1_s1_full_roundtrip R 2 1 1 5 0 6 2 0 1 -3/2 -5/2 -3 1/2 -2 -4 1 1 -3/2 -3/2 -15/2 3/2 0 2 1 1/2 1 0 -4 1 3 -3 9/2 3/2 0 6 1 6
d5_r1_s3_identity S 5 12 4 0 -3 -5 -6 0.5 -2 -4 1 1 -1 -1 -5 1.5 0 4 2 0.5 1 0 -4 1 2 -2 3 1.5 3 -2 -3 0.5 4 0 4 1 5 4 -2 1.5 6 -1 5 0.5 7 -4 -1 1 8 -5 6 1.5 0 6 1 5 2 1 3 6 | d5_r1_s3_identity R 0 5 0 12 4 0 3 -3/2 -5/2 -3 1/2 -2 -4 1 1 -3/2 -3/2 -15/2 3/2 0 2 1 1/2 1 0 -4 1 3 -3 9/2 3/2 3/2 -1 -3/2 1/2 4 0 4 1 15/2 6 -3 3/2 3 -1/2 5/2 1/2 7 -4 -1 1 12 -15/2 9 3/2 0 6 1 5 2 1 3 6
d5_r1_s3_insert S 5 12 4 1 -3 -5 -6 0.5 -2 -4 1 1 -1 -1 -5 1.5 0 4 2 0.5 1 0 -4 1 2 -2 3 1.5 3 -2 -3 0.5 4 0 4 1 5 4 -2 1.5 6 -1 5 0.5 7 -4 -1 1 8 -5 6 1.5 0 6 1 5 2 1 3 6 I 0.25 5 | d5_r1_s3_insert R 1 1 5 0 17 5 0 3 -3/2 -5/2 -3 1/2 -13/8 -23/8 -2 5/8 -27/16 -3 -57/32 3/4 -27/16 -187/64 -241/128 109/128 -835/512 -1383/512 -133/64 473/512 -3123/2048 -4911/2048 -4629/2048 993/1024 -309/256 -381/256 -1437/512 567/512 -57/128 21/128 -207/64 129/128 9/16 15/16 -21/32 3/4 3/2 -3/4 -15/8 9/8 3 -3 9/2 3/2 3/2 -1 -3/2 1/2 4 0 4 1 15/2 6 -3 3/2 3 -1/2 5/2 1/2 7 -4 -1 1 12 -15/2 9 3/2 0 6 1/4 5 1 5 2 1 3 6
d5_r1_s3_sequence S 5 12 4 4 -3 -5 -6 0.5 -2 -4 1 1 -1 -1 -5 1.5 0 4 2 0.5 1 0 -4 1 2 -2 3 1.5 3 -2 -3 0.5 4 0 4 1 5 4 -2 1.5 6 -1 5 0.5 7 -4 -1 1 8 -5 6 1.5 0 6 1 5 2 1 3 6 I 0.75 1 I 0.25 5 I 0.75 5 I 0.25 1 | d5_r1_s3_sequence R 4 1 1 1 1 5 0 22 6 0 3 -3/2 -5/2 -3 1/2 -13/8 -23/8 -2 5/8 -27/16 -3 -57/32 3/4 -27/16 -187/64 -241/128 109/128 -835/512 -1383/512 -133/64 473/512 -3123/2048 -4911/2048 -4629/2048 993/1024 -2689/2048 -3669/2048 -5375/2048 1087/1024 -1851/2048 -1751/2048 -6013/2048 1073/1024 -729/2048 -141/2048 -4791/2048 975/1024 509/2048 193/2048 -3877/2048 961/1024 1935/2048 -773/2048 -1839/2048 1055/1024 331/256 -157/256 -205/512 551/512 213/128 -129/128 15/64 147/128 33/16 -25/16 35/32 5/4 5/2 -9/4 19/8 11/8 3 -3 9/2 3/2 3/2 -1 -3/2 1/2 4 0 4 1 15/2 6 -3 3/2 3 -1/2 5/2 1/2 7 -4 -1 1 12 -15/2 9 3/2 0 6 1/4 5 3/4 5 1 5 2 1 3 6
d5_r1_s3_roundtrip S 5 12 4 2 -3 -5 -6 0.5 -2 -4 1 1 -1 -1 -5 1.5 0 4 2 0.5 1 0 -4 1 2 -2 3 1.5 3 -2 -3 0.5 4 0 4 1 5 4 -2 1.5 6 -1 5 0.5 7 -4 -1 1 8 -5 6 1.5 0 6 1 5 2 1 3 6 I 0.25 1 R 0.25 0 | d5_r1_s3_roundtrip R 2 1 1 5 0 12 4 0 3 -3/2 -5/2 -3 1/2 -2 -4 1 1 -3/2 -3/2 -15/2 3/2 0 2 1 1/2 1 0 -4 1 3 -3 9/2 3/2 3/2 -1 -3/2 1/2 4 0 4 1 15/2 6 -3 3/2 3 -1/2 5/2 1/2 7 -4 -1 1 12 -15/2 9 3/2 0 6 1 5 2 1 3 6
d5_r1_s3_full_roundtrip S 5 12 4 2 -3 -5 -6 0.5 -2 -4 1 1 -1 -1 -5 1.5 0 4 2 0.5 1 0 -4 1 2 -2 3 1.5 3 -2 -3 0.5 4 0 4 1 5 4 -2 1.5 6 -1 5 0.5 7 -4 -1 1 8 -5 6 1.5 0 6 1 5 2 1 3 6 I 0.25 5 R 0.25 0 | d5_r1_s3_full_roundtrip R 2 1 1 5 0 12 4 0 3 -3/2 -5/2 -3 1/2 -2 -4 1 1 -3/2 -3/2 -15/2 3/2 0 2 1 1/2 1 0 -4 1 3 -3 9/2 3/2 3/2 -1 -3/2 1/2 4 0 4 1 15/2 6 -3 3/2 3 -1/2 5/2 1/2 7 -4 -1 1 12 -15/2 9 3/2 0 6 1 5 2 1 3 6
d5_r1_s3_remove_existing S 5 12 4 1 -3 -5 -6 0.5 -2 -4 1 1 -1 -1 -5 1.5 0 4 2 0.5 1 0 -4 1 2 -2 3 1.5 3 -2 -3 0.5 4 0 4 1 5 4 -2 1.5 6 -1 5 0.5 7 -4 -1 1 8 -5 6 1.5 0 6 1 5 2 1 3 6 R 1 4 | d5_r1_s3_remove_existing R 1 0 5 0 12 4 0 3 -3/2 -5/2 -3 1/2 -2 -4 1 1 -3/2 -3/2 -15/2 3/2 0 2 1 1/2 1 0 -4 1 3 -3 9/2 3/2 3/2 -1 -3/2 1/2 4 0 4 1 15/2 6 -3 3/2 3 -1/2 5/2 1/2 7 -4 -1 1 12 -15/2 9 3/2 0 6 1 5 2 1 3 6
d8_r0_s1_identity B 8 9 2 0 -3 -5 -6 1 -2 -4 1 1 -1 -1 -5 1 0 4 2 1 1 0 -4 1 2 -2 3 1 3 -2 -3 1 4 0 4 1 5 4 -2 1 0 9 1 9 | d8_r0_s1_identity R 0 8 0 9 2 0 1 -3 -5 -6 1 -2 -4 1 1 -1 -1 -5 1 0 4 2 1 1 0 -4 1 2 -2 3 1 3 -2 -3 1 4 0 4 1 5 4 -2 1 0 9 1 9
d8_r0_s1_insert B 8 9 2 1 -3 -5 -6 1 -2 -4 1 1 -1 -1 -5 1 0 4 2 1 1 0 -4 1 2 -2 3 1 3 -2 -3 1 4 0 4 1 5 4 -2 1 0 9 1 9 I 0.25 8 | d8_r0_s1_insert R 1 1 8 0 17 3 0 1 -3 -5 -6 1 -11/4 -19/4 -17/4 1 -5/2 -35/8 -53/16 1 -9/4 -31/8 -89/32 1 -2 -843/256 -157/64 1 -7/4 -2747/1024 -285/128 1 -3/2 -4285/2048 -525/256 1 -5/4 -12765/8192 -973/512 1 -1 -72293/65536 -1805/1024 1 -1/4 4297/16384 -691/512 1 1/2 3757/4096 -269/256 1 5/4 1/4 -67/128 1 2 -5/4 -29/64 1 11/4 -13/8 17/32 1 7/2 -7/8 -5/16 1 17/4 1 5/2 1 5 4 -2 1 0 9 1/4 8 1 9
d8_r0_s1_sequence B 8 9 2 4 -3 -5 -6 1 -2 -4 1 1 -1 -1 -5 1 0 4 2 1 1 0 -4 1 2 -2 3 1 3 -2 -3 1 4 0 4 1 5 4 -2 1 0 9 1 9 I 0.75 1 I 0.25 8 I 0.75 8 I 0.25 1 | d8_r0_s1_sequence R 4 1 1 1 1 8 0 25 4 0 1 -3 -5 -6 1 -11/4 -19/4 -17/4 1 -5/2 -35/8 -53/16 1 -9/4 -31/8 -89/32 1 -2 -843/256 -157/64 1 -7/4 -2747/1024 -285/128 1 -3/2 -4285/2048 -525/256 1 -5/4 -12765/8192 -973/512 1 -1 -72293/65536 -1805/1024 1 -1/2 -12639/65536 -1523/1024 1 0 26323/65536 -1293/1024 1 1/2 32713/65536 -1011/1024 1 1 8907/65536 -781/1024 1 3/2 -25295/65536 -499/1024 1 2 -51325/65536 -269/1024 1 5/2 -57127/65536 13/1024 1 3 -36101/65536 243/1024 1 13/4 -6397/16384 179/512 1 7/2 -523/4096 115/256 1 15/4 1/4 67/128 1 4 3/4 35/64 1 17/4 11/8 15/32 1 9/2 17/8 3/16 1 19/4 3 -1/2 1 5 4 -2 1 0 9 1/4 8 3/4 8 1 9
d8_r0_s1_roundtrip B 8 9 2 2 -3 -5 -6 1 -2 -4 1 1 -1 -1 -5 1 0 4 2 1 1 0 -4 1 2 -2 3 1 3 -2 -3 1 4 0 4 1 5 4 -2 1 0 9 1 9 I 0.25 1 R 0.25 0 | d8_r0_s1_roundtrip R 2 1 1 8 0 9 2 0 1 -3 -5 -6 1 -2 -4 1 1 -1 -1 -5 1 0 4 2 1 1 0 -4 1 2 -2 3 1 3 -2 -3 1 4 0 4 1 5 4 -2 1 0 9 1 9
d8_r0_s1_full_roundtrip B 8 9 2 2 -3 -5 -6 1 -2 -4 1 1 -1 -1 -5 1 0 4 2 1 1 0 -4 1 2 -2 3 1 3 -2 -3 1 4 0 4 1 5 4 -2 1 0 9 1 9 I 0.25 8 R 0.25 0 | d8_r0_s1_full_roundtrip R 2 1 1 8 0 9 2 0 1 -3 -5 -6 1 -2 -4 1 1 -1 -1 -5 1 0 4 2 1 1 0 -4 1 2 -2 3 1 3 -2 -3 1 4 0 4 1 5 4 -2 1 0 9 1 9
d8_r0_s3_identity S 8 18 4 0 -3 -5 -6 1 -2 -4 1 1 -1 -1 -5 1 0 4 2 1 1 0 -4 1 2 -2 3 1 3 -2 -3 1 4 0 4 1 5 4 -2 1 6 -1 5 1 7 -4 -1 1 8 -5 6 1 9 -4 0 1 10 -1 -6 1 11 4 1 1 12 0 -5 1 13 -2 2 1 14 -2 -4 1 0 9 1 8 2 1 3 9 | d8_r0_s3_identity R 0 8 0 18 4 0 3 -3 -5 -6 1 -2 -4 1 1 -1 -1 -5 1 0 4 2 1 1 0 -4 1 2 -2 3 1 3 -2 -3 1 4 0 4 1 5 4 -2 1 6 -1 5 1 7 -4 -1 1 8 -5 6 1 9 -4 0 1 10 -1 -6 1 11 4 1 1 12 0 -5 1 13 -2 2 1 14 -2 -4 1 0 9 1 8 2 1 3 9
d8_r0_s3_insert S 8 18 4 1 -3 -5 -6 1 -2 -4 1 1 -1 -1 -5 1 0 4 2 1 1 0 -4 1 2 -2 3 1 3 -2 -3 1 4 0 4 1 5 4 -2 1 6 -1 5 1 7 -4 -1 1 8 -5 6 1 9 -4 0 1 10 -1 -6 1 11 4 1 1 12 0 -5 1 13 -2 2 1 14 -2 -4 1 0 9 1 8 2 1 3 9 I 0.25 8 | d8_r0_s3_insert R 1 1 8 0 26 5 0 3 -3 -5 -6 1 -11/4 -19/4 -17/4 1 -5/2 -35/8 -53/16 1 -9/4 -31/8 -89/32 1 -2 -843/256 -157/64 1 -7/4 -2747/1024 -285/128 1 -3/2 -4285/2048 -525/256 1 -5/4 -12765/8192 -973/512 1 -1 -72293/65536 -1805/1024 1 -1/4 4297/16384 -691/512 1 1/2 3757/4096 -269/256 1 5/4 1/4 -67/128 1 2 -5/4 -29/64 1 11/4 -13/8 17/32 1 7/2 -7/8 -5/16 1 17/4 1 5/2 1 5 4 -2 1 6 -1 5 1 7 -4 -1 1 8 -5 6 1 9 -4 0 1 10 -1 -6 1 11 4 1 1 12 0 -5 1 13 -2 2 1 14 -2 -4 1 0 9 1/4 8 1 8 2 1 3 9
d8_r0_s3_sequence S 8 18 4 4 -3 -5 -6 1 -2 -4 1 1 -1 -1 -5 1 0 4 2 1 1 0 -4 1 2 -2 3 1 3 -2 -3 1 4 0 4 1 5 4 -2 1 6 -1 5 1 7 -4 -1 1 8 -5 6 1 9 -4 0 1 10 -1 -6 1 11 4 1 1 12 0 -5 1 13 -2 2 1 14 -2 -4 1 0 9 1 8 2 1 3 9 I 0.75 1 I 0.25 8 I 0.75 8 I 0.25 1 | d8_r0_s3_sequence R 4 1 1 1 1 8 0 34 6 0 3 -3 -5 -6 1 -11/4 -19/4 -17/4 1 -5/2 -35/8 -53/16 1 -9/4 -31/8 -89/32 1 -2 -843/256 -157/64 1 -7/4 -2747/1024 -285/128 1 -3/2 -4285/2048 -525/256 1 -5/4 -12765/8192 -973/512 1 -1 -72293/65536 -1805/1024 1 -1/2 -12639/65536 -1523/1024 1 0 26323/65536 -1293/1024 1 1/2 32713/65536 -1011/1024 1 1 8907/65536 -781/1024 1 3/2 -25295/65536 -499/1024 1 2 -51325/65536 -269/1024 1 5/2 -57127/65536 13/1024 1 3 -36101/65536 243/1024 1 13/4 -6397/16384 179/512 1 7/2 -523/4096 115/256 1 15/4 1/4 67/128 1 4 3/4 35/64 1 17/4 11/8 15/32 1 9/2 17/8 3/16 1 19/4 3 -1/2 1 5 4 -2 1 6 -1 5 1 7 -4 -1 1 8 -5 6 1 9 -4 0 1 10 -1 -6 1 11 4 1 1 12 0 -5 1 13 -2 2 1 14 -2 -4 1 0 9 1/4 8 3/4 8 1 8 2 1 3 9
d8_r0_s3_roundtrip S 8 18 4 2 -3 -5 -6 1 -2 -4 1 1 -1 -1 -5 1 0 4 2 1 1 0 -4 1 2 -2 3 1 3 -2 -3 1 4 0 4 1 5 4 -2 1 6 -1 5 1 7 -4 -1 1 8 -5 6 1 9 -4 0 1 10 -1 -6 1 11 4 1 1 12 0 -5 1 13 -2 2 1 14 -2 -4 1 0 9 1 8 2 1 3 9 I 0.25 1 R 0.25 0 | d8_r0_s3_roundtrip R 2 1 1 8 0 18 4 0 3 -3 -5 -6 1 -2 -4 1 1 -1 -1 -5 1 0 4 2 1 1 0 -4 1 2 -2 3 1 3 -2 -3 1 4 0 4 1 5 4 -2 1 6 -1 5 1 7 -4 -1 1 8 -5 6 1 9 -4 0 1 10 -1 -6 1 11 4 1 1 12 0 -5 1 13 -2 2 1 14 -2 -4 1 0 9 1 8 2 1 3 9
d8_r0_s3_full_roundtrip S 8 18 4 2 -3 -5 -6 1 -2 -4 1 1 -1 -1 -5 1 0 4 2 1 1 0 -4 1 2 -2 3 1 3 -2 -3 1 4 0 4 1 5 4 -2 1 6 -1 5 1 7 -4 -1 1 8 -5 6 1 9 -4 0 1 10 -1 -6 1 11 4 1 1 12 0 -5 1 13 -2 2 1 14 -2 -4 1 0 9 1 8 2 1 3 9 I 0.25 8 R 0.25 0 | d8_r0_s3_full_roundtrip R 2 1 1 8 0 18 4 0 3 -3 -5 -6 1 -2 -4 1 1 -1 -1 -5 1 0 4 2 1 1 0 -4 1 2 -2 3 1 3 -2 -3 1 4 0 4 1 5 4 -2 1 6 -1 5 1 7 -4 -1 1 8 -5 6 1 9 -4 0 1 10 -1 -6 1 11 4 1 1 12 0 -5 1 13 -2 2 1 14 -2 -4 1 0 9 1 8 2 1 3 9
d8_r0_s3_remove_existing S 8 18 4 1 -3 -5 -6 1 -2 -4 1 1 -1 -1 -5 1 0 4 2 1 1 0 -4 1 2 -2 3 1 3 -2 -3 1 4 0 4 1 5 4 -2 1 6 -1 5 1 7 -4 -1 1 8 -5 6 1 9 -4 0 1 10 -1 -6 1 11 4 1 1 12 0 -5 1 13 -2 2 1 14 -2 -4 1 0 9 1 8 2 1 3 9 R 1 7 | d8_r0_s3_remove_existing R 1 0 8 0 18 4 0 3 -3 -5 -6 1 -2 -4 1 1 -1 -1 -5 1 0 4 2 1 1 0 -4 1 2 -2 3 1 3 -2 -3 1 4 0 4 1 5 4 -2 1 6 -1 5 1 7 -4 -1 1 8 -5 6 1 9 -4 0 1 10 -1 -6 1 11 4 1 1 12 0 -5 1 13 -2 2 1 14 -2 -4 1 0 9 1 8 2 1 3 9
d8_r1_s1_identity B 8 9 2 0 -3 -5 -6 0.5 -2 -4 1 1 -1 -1 -5 1.5 0 4 2 0.5 1 0 -4 1 2 -2 3 1.5 3 -2 -3 0.5 4 0 4 1 5 4 -2 1.5 0 9 1 9 | d8_r1_s1_identity R 0 8 0 9 2 0 1 -3/2 -5/2 -3 1/2 -2 -4 1 1 -3/2 -3/2 -15/2 3/2 0 2 1 1/2 1 0 -4 1 3 -3 9/2 3/2 3/2 -1 -3/2 1/2 4 0 4 1 15/2 6 -3 3/2 0 9 1 9
d8_r1_s1_insert B 8 9 2 1 -3 -5 -6 0.5 -2 -4 1 1 -1 -1 -5 1.5 0 4 2 0.5 1 0 -4 1 2 -2 3 1.5 3 -2 -3 0.5 4 0 4 1 5 4 -2 1.5 0 9 1 9 I 0.25 8 | d8_r1_s1_insert R 1 1 8 0 17 3 0 1 -3/2 -5/2 -3 1/2 -13/8 -23/8 -2 5/8 -27/16 -3 -57/32 3/4 -27/16 -187/64 -241/128 109/128 -835/512 -1383/512 -133/64 473/512 -3123/2048 -4911/2048 -4629/2048 993/1024 -11283/8192 -2113/1024 -4881/2048 8155/8192 -39187/32768 -7113/4096 -79705/32768 33017/32768 -16191/16384 -189141/131072 -78915/32768 4143/4096 -11967/32768 -18429/32768 -76545/32768 33525/32768 4047/8192 147/8192 -6573/4096 7869/8192 2835/2048 -51/128 -15/64 993/1024 1083/512 -93/64 63/128 567/512 165/64 -51/32 57/32 129/128 45/16 -3/16 15/32 3/4 39/8 3/2 9/4 9/8 15/2 6 -3 3/2 0 9 1/4 8 1 9
d8_r1_s1_sequence B 8 9 2 4 -3 -5 -6 0.5 -2 -4 1 1 -1 -1 -5 1.5 0 4 2 0.5 1 0 -4 1 2 -2 3 1.5 3 -2 -3 0.5 4 0 4 1 5 4 -2 1.5 0 9 1 9 I 0.75 1 I 0.25 8 I 0.75 8 I 0.25 1 | d8_r1_s1_sequence R 4 1 1 1 1 8 0 25 4 0 1 -3/2 -5/2 -3 1/2 -13/8 -23/8 -2 5/8 -27/16 -3 -57/32 3/4 -27/16 -187/64 -241/128 109/128 -835/512 -1383/512 -133/64 473/512 -3123/2048 -4911/2048 -4629/2048 993/1024 -11283/8192 -2113/1024 -4881/2048 8155/8192 -39187/32768 -7113/4096 -79705/32768 33017/32768 -16191/16384 -189141/131072 -78915/32768 4143/4096 -4693/8192 -112191/131072 -77335/32768 16699/16384 -861/16384 -52733/131072 -66159/32768 8143/8192 2097/4096 -37815/131072 -45579/32768 16041/16384 17413/16384 -67173/131072 -23963/32768 1 12729/8192 -110831/131072 -1663/32768 16727/16384 32103/16384 -132621/131072 14649/32768 8241/8192 1223/512 -113639/131072 25997/32768 16069/16384 48969/16384 -38645/131072 28941/32768 4049/4096 107771/32768 -287/32768 30413/32768 32519/32768 29751/8192 3147/8192 3723/4096 8229/8192 8265/2048 115/128 13/16 1055/1024 2315/512 99/64 79/128 551/512 327/64 75/32 9/32 147/128 93/16 53/16 -9/32 5/4 53/8 9/2 -5/4 11/8 15/2 6 -3 3/2 0 9 1/4 8 3/4 8 1 9
d8_r1_s1_roundtrip B 8 9 2 2 -3 -5 -6 0.5 -2 -4 1 1 -1 -1 -5 1.5 0 4 2 0.5 1 0 -4 1 2 -2 3 1.5 3 -2 -3 0.5 4 0 4 1 5 4 -2 1.5 0 9 1 9 I 0.25 1 R 0.25 0 | d8_r1_s1_roundtrip R 2 1 1 8 0 9 2 0 1 -3/2 -5/2 -3 1/2 -2 -4 1 1 -3/2 -3/2 -15/2 3/2 0 2 1 1/2 1 0 -4 1 3 -3 9/2 3/2 3/2 -1 -3/2 1/2 4 0 4 1 15/2 6 -3 3/2 0 9 1 9
d8_r1_s1_full_roundtrip B 8 9 2 2 -3 -5 -6 0.5 -2 -4 1 1 -1 -1 -5 1.5 0 4 2 0.5 1 0 -4 1 2 -2 3 1.5 3 -2 -3 0.5 4 0 4 1 5 4 -2 1.5 0 9 1 9 I 0.25 8 R 0.25 0 | d8_r1_s1_full_roundtrip R 2 1 1 8 0 9 2 0 1 -3/2 -5/2 -3 1/2 -2 -4 1 1 -3/2 -3/2 -15/2 3/2 0 2 1 1/2 1 0 -4 1 3 -3 9/2 3/2 3/2 -1 -3/2 1/2 4 0 4 1 15/2 6 -3 3/2 0 9 1 9
d8_r1_s3_identity S 8 18 4 0 -3 -5 -6 0.5 -2 -4 1 1 -1 -1 -5 1.5 0 4 2 0.5 1 0 -4 1 2 -2 3 1.5 3 -2 -3 0.5 4 0 4 1 5 4 -2 1.5 6 -1 5 0.5 7 -4 -1 1 8 -5 6 1.5 9 -4 0 0.5 10 -1 -6 1 11 4 1 1.5 12 0 -5 0.5 13 -2 2 1 14 -2 -4 1.5 0 9 1 8 2 1 3 9 | d8_r1_s3_identity R 0 8 0 18 4 0 3 -3/2 -5/2 -3 1/2 -2 -4 1 1 -3/2 -3/2 -15/2 3/2 0 2 1 1/2 1 0 -4 1 3 -3 9/2 3/2 3/2 -1 -3/2 1/2 4 0 4 1 15/2 6 -3 3/2 3 -1/2 5/2 1/2 7 -4 -1 1 12 -15/2 9 3/2 9/2 -2 0 1/2 10 -1 -6 1 33/2 6 3/2 3/2 6 0 -5/2 1/2 13 -2 2 1 21 -3 -6 3/2 0 9 1 8 2 1 3 9
d8_r1_s3_insert S 8 18 4 1 -3 -5 -6 0.5 -2 -4 1 1 -1 -1 -5 1.5 0 4 2 0.5 1 0 -4 1 2 -2 3 1.5 3 -2 -3 0.5 4 0 4 1 5 4 -2 1.5 6 -1 5 0.5 7 -4 -1 1 8 -5 6 1.5 9 -4 0 0.5 10 -1 -6 1 11 4 1 1.5 12 0 -5 0.5 13 -2 2 1 14 -2 -4 1.5 0 9 1 8 2 1 3 9 I 0.25 8 | d8_r1_s3_insert R 1 1 8 0 26 5 0 3 -3/2 -5/2 -3 1/2 -13/8 -23/8 -2 5/8 -27/16 -3 -57/32 3/4 -27/16 -187/64 -241/128 109/128 -835/512 -1383/512 -133/64 473/512 -3123/2048 -4911/2048 -4629/2048 993/1024 -11283/8192 -2113/1024 -4881/2048 8155/8192 -39187/32768 -7113/4096 -79705/32768 33017/32768 -16191/16384 -189141/131072 -78915/32768 4143/4096 -11967/32768 -18429/32768 -76545/32768 33525/32768 4047/8192 147/8192 -6573/4096 7869/8192 2835/2048 -51/128 -15/64 993/1024 1083/512 -93/64 63/128 567/512 165/64 -51/32 57/32 129/128 45/16 -3/16 15/32 3/4 39/8 3/2 9/4 9/8 15/2 6 -3 3/2 3 -1/2 5/2 1/2 7 -4 -1 1 12 -15/2 9 3/2 9/2 -2 0 1/2 10 -1 -6 1 33/2 6 3/2 3/2 6 0 -5/2 1/2 13 -2 2 1 21 -3 -6 3/2 0 9 1/4 8 1 8 2 1 3 9
d8_r1_s3_sequence S 8 18 4 4 -3 -5 -6 0.5 -2 -4 1 1 -1 -1 -5 1.5 0 4 2 0.5 1 0 -4 1 2 -2 3 1.5 3 -2 -3 0.5 4 0 4 1 5 4 -2 1.5 6 -1 5 0.5 7 -4 -1 1 8 -5 6 1.5 9 -4 0 0.5 10 -1 -6 1 11 4 1 1.5 12 0 -5 0.5 13 -2 2 1 14 -2 -4 1.5 0 9 1 8 2 1 3 9 I 0.75 1 I 0.25 8 I 0.75 8 I 0.25 1 | d8_r1_s3_sequence R 4 1 1 1 1 8 0 34 6 0 3 -3/2 -5/2 -3 1/2 -13/8 -23/8 -2 5/8 -27/16 -3 -57/32 3/4 -27/16 -187/64 -241/128 109/128 -835/512 -1383/512 -133/64 473/512 -3123/2048 -4911/2048 -4629/2048 993/1024 -11283/8192 -2113/1024 -4881/2048 8155/8192 -39187/32768 -7113/4096 -79705/32768 33017/32768 -16191/16384 -189141/131072 -78915/32768 4143/4096 -4693/8192 -112191/131072 -77335/32768 16699/16384 -861/16384 -52733/131072 -66159/32768 8143/8192 2097/4096 -37815/131072 -45579/32768 16041/16384 17413/16384 -67173/131072 -23963/32768 1 12729/8192 -110831/131072 -1663/32768 16727/16384 32103/16384 -132621/131072 14649/32768 8241/8192 1223/512 -113639/131072 25997/32768 16069/16384 48969/16384 -38645/131072 28941/32768 4049/4096 107771/32768 -287/32768 30413/32768 32519/32768 29751/8192 3147/8192 3723/4096 8229/8192 8265/2048 115/128 13/16 1055/1024 2315/512 99/64 79/128 551/512 327/64 75/32 9/32 147/128 93/16 53/16 -9/32 5/4 53/8 9/2 -5/4 11/8 15/2 6 -3 3/2 3 -1/2 5/2 1/2 7 -4 -1 1 12 -15/2 9 3/2 9/2 -2 0 1/2 10 -1 -6 1 33/2 6 3/2 3/2 6 0 -5/2 1/2 13 -2 2 1 21 -3 -6 3/2 0 9 1/4 8 3/4 8 1 8 2 1 3 9
d8_r1_s3_roundtrip S 8 18 4 2 -3 -5 -6 0.5 -2 -4 1 1 -1 -1 -5 1.5 0 4 2 0.5 1 0 -4 1 2 -2 3 1.5 3 -2 -3 0.5 4 0 4 1 5 4 -2 1.5 6 -1 5 0.5 7 -4 -1 1 8 -5 6 1.5 9 -4 0 0.5 10 -1 -6 1 11 4 1 1.5 12 0 -5 0.5 13 -2 2 1 14 -2 -4 1.5 0 9 1 8 2 1 3 9 I 0.25 1 R 0.25 0 | d8_r1_s3_roundtrip R 2 1 1 8 0 18 4 0 3 -3/2 -5/2 -3 1/2 -2 -4 1 1 -3/2 -3/2 -15/2 3/2 0 2 1 1/2 1 0 -4 1 3 -3 9/2 3/2 3/2 -1 -3/2 1/2 4 0 4 1 15/2 6 -3 3/2 3 -1/2 5/2 1/2 7 -4 -1 1 12 -15/2 9 3/2 9/2 -2 0 1/2 10 -1 -6 1 33/2 6 3/2 3/2 6 0 -5/2 1/2 13 -2 2 1 21 -3 -6 3/2 0 9 1 8 2 1 3 9
d8_r1_s3_full_roundtrip S 8 18 4 2 -3 -5 -6 0.5 -2 -4 1 1 -1 -1 -5 1.5 0 4 2 0.5 1 0 -4 1 2 -2 3 1.5 3 -2 -3 0.5 4 0 4 1 5 4 -2 1.5 6 -1 5 0.5 7 -4 -1 1 8 -5 6 1.5 9 -4 0 0.5 10 -1 -6 1 11 4 1 1.5 12 0 -5 0.5 13 -2 2 1 14 -2 -4 1.5 0 9 1 8 2 1 3 9 I 0.25 8 R 0.25 0 | d8_r1_s3_full_roundtrip R 2 1 1 8 0 18 4 0 3 -3/2 -5/2 -3 1/2 -2 -4 1 1 -3/2 -3/2 -15/2 3/2 0 2 1 1/2 1 0 -4 1 3 -3 9/2 3/2 3/2 -1 -3/2 1/2 4 0 4 1 15/2 6 -3 3/2 3 -1/2 5/2 1/2 7 -4 -1 1 12 -15/2 9 3/2 9/2 -2 0 1/2 10 -1 -6 1 33/2 6 3/2 3/2 6 0 -5/2 1/2 13 -2 2 1 21 -3 -6 3/2 0 9 1 8 2 1 3 9
d8_r1_s3_remove_existing S 8 18 4 1 -3 -5 -6 0.5 -2 -4 1 1 -1 -1 -5 1.5 0 4 2 0.5 1 0 -4 1 2 -2 3 1.5 3 -2 -3 0.5 4 0 4 1 5 4 -2 1.5 6 -1 5 0.5 7 -4 -1 1 8 -5 6 1.5 9 -4 0 0.5 10 -1 -6 1 11 4 1 1.5 12 0 -5 0.5 13 -2 2 1 14 -2 -4 1.5 0 9 1 8 2 1 3 9 R 1 7 | d8_r1_s3_remove_existing R 1 0 8 0 18 4 0 3 -3/2 -5/2 -3 1/2 -2 -4 1 1 -3/2 -3/2 -15/2 3/2 0 2 1 1/2 1 0 -4 1 3 -3 9/2 3/2 3/2 -1 -3/2 1/2 4 0 4 1 15/2 6 -3 3/2 3 -1/2 5/2 1/2 7 -4 -1 1 12 -15/2 9 3/2 9/2 -2 0 1/2 10 -1 -6 1 33/2 6 3/2 3/2 6 0 -5/2 1/2 13 -2 2 1 21 -3 -6 3/2 0 9 1 8 2 1 3 9
d25_r0_s1_identity B 25 26 2 0 -3 -5 -6 1 -2 -4 1 1 -1 -1 -5 1 0 4 2 1 1 0 -4 1 2 -2 3 1 3 -2 -3 1 4 0 4 1 5 4 -2 1 6 -1 5 1 7 -4 -1 1 8 -5 6 1 9 -4 0 1 10 -1 -6 1 11 4 1 1 12 0 -5 1 13 -2 2 1 14 -2 -4 1 15 0 3 1 16 4 -3 1 17 -1 4 1 18 -4 -2 1 19 -5 5 1 20 -4 -1 1 21 -1 6 1 22 4 0 1 0 26 1 26 | d25_r0_s1_identity R 0 25 0 26 2 0 1 -3 -5 -6 1 -2 -4 1 1 -1 -1 -5 1 0 4 2 1 1 0 -4 1 2 -2 3 1 3 -2 -3 1 4 0 4 1 5 4 -2 1 6 -1 5 1 7 -4 -1 1 8 -5 6 1 9 -4 0 1 10 -1 -6 1 11 4 1 1 12 0 -5 1 13 -2 2 1 14 -2 -4 1 15 0 3 1 16 4 -3 1 17 -1 4 1 18 -4 -2 1 19 -5 5 1 20 -4 -1 1 21 -1 6 1 22 4 0 1 0 26 1 26
d25_r0_s1_insert B 25 26 2 1 -3 -5 -6 1 -2 -4 1 1 -1 -1 -5 1 0 4 2 1 1 0 -4 1 2 -2 3 1 3 -2 -3 1 4 0 4 1 5 4 -2 1 6 -1 5 1 7 -4 -1 1 8 -5 6 1 9 -4 0 1 10 -1 -6 1 11 4 1 1 12 0 -5 1 13 -2 2 1 14 -2 -4 1 15 0 3 1 16 4 -3 1 17 -1 4 1 18 -4 -2 1 19 -5 5 1 20 -4 -1 1 21 -1 6 1 22 4 0 1 0 26 1 26 I 0.25 25 | d25_r0_s1_insert R 1 1 25 0 51 3 0 1 -3 -5 -6 1 -11/4 -19/4 -17/4 1 -5/2 -35/8 -53/16 1 -9/4 -31/8 -89/32 1 -2 -843/256 -157/64 1 -7/4 -2747/1024 -285/128 1 -3/2 -4285/2048 -525/256 1 -5/4 -12765/8192 -973/512 1 -1 -72293/65536 -1805/1024 1 -3/4 -24155/32768 -3341/2048 1 -1/2 -120739/262144 -6157/4096 1 -1/4 -69821/262144 -11277/8192 1 0 -2395975/16777216 -20493/16384 1 1/4 -5107261/67108864 -75524109/67108864 1 1/2 -6977323/134217728 -134244625/134217728 1 3/4 -61456005/1073741824 -469821445/536870912 1 1 -346039319/4294967296 -50338057/67108864 1 5/4 -1943408669/17179869184 -10740366289/17179869184 1 3/2 -159551559/1073741824 -17193971883/34359738368 1 7/4 -12584110265/68719476736 -25835537613/68719476736 1 2 -118177549859/549755813888 -34641832999/137438953472 1 9/4 -536696442911/2199023255552 -283819744459/2199023255552 1 5/2 -1194380770889/4398046511104 -33056357659/4398046511104 1 11/4 -10533557961089/35184372088832 1968762996635/17592186044416 1 3 -46399064739125/140737488355328 502154330439/2199023255552 1 13/4 -410513315891291/1125899906842624 191840854082661/562949953421312 1 4 -132118927456541/281474976710656 95427222638373/140737488355328 1 19/4 -43328582321393/70368744177664 34451325133515/35184372088832 1 11/2 -15149157229835/17592186044416 10698204881673/8796093022208 1 25/4 -5532352677437/4398046511104 1481752947627/1099511627776 1 7 -1940403679877/1099511627776 362667280257/274877906944 1 31/4 -607056074207/274877906944 2311054263/2147483648 1 17/2 -161695742747/68719476736 20201940351/34359738368 1 37/4 -8805606701/4294967296 -1891893915/17179869184 1 10 -5872158845/4294967296 -3790334043/4294967296 1 43/4 -628426553/1073741824 -1617351381/1073741824 1 23/2 -6977323/134217728 -474745563/268435456 1 49/4 1367137/67108864 -53235/32768 1 13 -4874855/16777216 -20493/16384 1 55/4 -1258975/2097152 -7155/8192 1 29/2 -2027/4096 -2061/4096 1 61/4 3379/262144 -243/2048 1 16 11825/32768 243/1024 1 67/4 -1529/16384 333/512 1 35/2 -13/8 243/256 1 73/4 -7/2 189/128 1 19 -17/4 99/64 1 79/4 -31/8 81/32 1 41/2 -19/8 27/16 1 85/4 1/4 9/2 1 22 4 0 1 0 26 1/4 25 1 26
d25_r0_s1_sequence B 25 26 2 4 -3 -5 -6 1 -2 -4 1 1 -1 -1 -5 1 0 4 2 1 1 0 -4 1 2 -2 3 1 3 -2 -3 1 4 0 4 1 5 4 -2 1 6 -1 5 1 7 -4 -1 1 8 -5 6 1 9 -4 0 1 10 -1 -6 1 11 4 1 1 12 0 -5 1 13 -2 2 1 14 -2 -4 1 15 0 3 1 16 4 -3 1 17 -1 4 1 18 -4 -2 1 19 -5 5 1 20 -4 -1 1 21 -1 6 1 22 4 0 1 0 26 1 26 I 0.75 1 I 0.25 25 I 0.75 25 I 0.25 1 | d25_r0_s1_sequence R 4 1 1 1 1 25 0 76 4 0 1 -3 -5 -6 1 -11/4 -19/4 -17/4 1 -5/2 -35/8 -53/16 1 -9/4 -31/8 -89/32 1 -2 -843/256 -157/64 1 -7/4 -2747/1024 -285/128 1 -3/2 -4285/2048 -525/256 1 -5/4 -12765/8192 -973/512 1 -1 -72293/65536 -1805/1024 1 -3/4 -24155/32768 -3341/2048 1 -1/2 -120739/262144 -6157/4096 1 -1/4 -69821/262144 -11277/8192 1 0 -2395975/16777216 -20493/16384 1 1/4 -5107261/67108864 -75524109/67108864 1 1/2 -6977323/134217728 -134244625/134217728 1 3/4 -61456005/1073741824 -469821445/536870912 1 1 -346039319/4294967296 -50338057/67108864 1 5/4 -1943408669/17179869184 -10740366289/17179869184 1 3/2 -159551559/1073741824 -17193971883/34359738368 1 7/4 -12584110265/68719476736 -25835537613/68719476736 1 2 -118177549859/549755813888 -34641832999/137438953472 1 9/4 -536696442911/2199023255552 -283819744459/2199023255552 1 5/2 -1194380770889/4398046511104 -33056357659/4398046511104 1 11/4 -10533557961089/35184372088832 1968762996635/17592186044416 1 3 -46399064739125/140737488355328 502154330439/2199023255552 1 13/4 -410513315891291/1125899906842624 191840854082661/562949953421312 1 15/4 -489154911847873/1125899906842624 318419545063215/562949953421312 1 17/4 -588605047085011/1125899906842624 435951247204621/562949953421312 1 19/4 -728030514156713/1125899906842624 539786278609447/562949953421312 1 21/4 -925462779992587/1125899906842624 623744007091445/562949953421312 1 23/4 -1184670694373329/1125899906842624 680217903098591/562949953421312 1 25/4 -1486992830737667/1125899906842624 700758125779485/562949953421312 1 27/4 -1791921889175865/1125899906842624 677320228120407/562949953421312 1 29/4 -2046534017851067/1125899906842624 604202646502021/562949953421312 1 31/4 -2200355525849825/1125899906842624 480397930599823/562949953421312 1 33/4 -2220310738070835/1125899906842624 311658293645357/562949953421312 1 35/4 -2100607980089033/1125899906842624 111292156240775/562949953421312 1 37/4 -1864498349885035/1125899906842624 -101169531329259/562949953421312 1 39/4 -1557593295865585/1125899906842624 -303508593987777/562949953421312 1 41/4 -1234863411660899/1125899906842624 -475479781911747/562949953421312 1 43/4 -945340844864857/1125899906842624 -602756621039945/562949953421312 1 45/4 -719591736361243/1125899906842624 -678734364965723/562949953421312 1 47/4 -564426984162305/1125899906842624 -703993085990929/562949953421312 1 49/4 -466707266711187/1125899906842624 -684221220113587/562949953421312 1 51/4 -404447652793577/1125899906842624 -627709511122713/562949953421312 1 53/4 -360395943427787/1125899906842624 -543232949851851/562949953421312 1 55/4 -332173167442449/1125899906842624 -438684731379809/562949953421312 1 57/4 -334582418804675/1125899906842624 -320439365402531/562949953421312 1 59/4 -393250006222201/1125899906842624 -193250633203177/562949953421312 1 61/4 -532542073204603/1125899906842624 -60444511624507/562949953421312 1 63/4 -762761979787553/1125899906842624 75769482311247/562949953421312 1 16 -219467983269757/281474976710656 35969119819781/140737488355328 1 65/4 -63482115391915/70368744177664 13302215271017/35184372088832 1 33/2 -18399619365107/17592186044416 4412034185233/8796093022208 1 67/4 -5327602767207/4398046511104 688035740129/1099511627776 1 17 -1536831878549/1099511627776 206250691377/274877906944 1 69/4 -440567360741/274877906944 15034596147/17179869184 1 35/2 -125230492611/68719476736 34360932431/34359738368 1 71/4 -8805606701/4294967296 19327166191/17179869184 1 18 -9783422653/4294967296 5368510181/4294967296 1 73/4 -2678503963/1073741824 1476289097/1073741824 1 37/2 -360690283/134217728 402599949/268435456 1 75/4 -190705741/67108864 53235/32768 1 19 -49360663/16777216 28659/16384 1 77/4 -6234253/2097152 15347/8192 1 39/2 -191265/65536 8179/4096 1 79/4 -725087/262144 4339/2048 1 20 -82063/32768 2291/1024 1 81/4 -34827/16384 1203/512 1 41/2 -13/8 627/256 1 83/4 -1 323/128 1 21 -1/4 163/64 1 85/4 5/8 79/32 1 43/2 13/8 35/16 1 87/4 11/4 3/2 1 22 4 0 1 0 26 1/4 25 3/4 25 1 26
d25_r0_s1_roundtrip B 25 26 2 2 -3 -5 -6 1 -2 -4 1 1 -1 -1 -5 1 0 4 2 1 1 0 -4 1 2 -2 3 1 3 -2 -3 1 4 0 4 1 5 4 -2 1 6 -1 5 1 7 -4 -1 1 8 -5 6 1 9 -4 0 1 10 -1 -6 1 11 4 1 1 12 0 -5 1 13 -2 2 1 14 -2 -4 1 15 0 3 1 16 4 -3 1 17 -1 4 1 18 -4 -2 1 19 -5 5 1 20 -4 -1 1 21 -1 6 1 22 4 0 1 0 26 1 26 I 0.25 1 R 0.25 0 | d25_r0_s1_roundtrip R 2 1 1 25 0 26 2 0 1 -3 -5 -6 1 -2 -4 1 1 -1 -1 -5 1 0 4 2 1 1 0 -4 1 2 -2 3 1 3 -2 -3 1 4 0 4 1 5 4 -2 1 6 -1 5 1 7 -4 -1 1 8 -5 6 1 9 -4 0 1 10 -1 -6 1 11 4 1 1 12 0 -5 1 13 -2 2 1 14 -2 -4 1 15 0 3 1 16 4 -3 1 17 -1 4 1 18 -4 -2 1 19 -5 5 1 20 -4 -1 1 21 -1 6 1 22 4 0 1 0 26 1 26
d25_r0_s1_full_roundtrip B 25 26 2 2 -3 -5 -6 1 -2 -4 1 1 -1 -1 -5 1 0 4 2 1 1 0 -4 1 2 -2 3 1 3 -2 -3 1 4 0 4 1 5 4 -2 1 6 -1 5 1 7 -4 -1 1 8 -5 6 1 9 -4 0 1 10 -1 -6 1 11 4 1 1 12 0 -5 1 13 -2 2 1 14 -2 -4 1 15 0 3 1 16 4 -3 1 17 -1 4 1 18 -4 -2 1 19 -5 5 1 20 -4 -1 1 21 -1 6 1 22 4 0 1 0 26 1 26 I 0.25 25 R 0.25 0 | d25_r0_s1_full_roundtrip R 2 1 1 25 0 26 2 0 1 -3 -5 -6 1 -2 -4 1 1 -1 -1 -5 1 0 4 2 1 1 0 -4 1 2 -2 3 1 3 -2 -3 1 4 0 4 1 5 4 -2 1 6 -1 5 1 7 -4 -1 1 8 -5 6 1 9 -4 0 1 10 -1 -6 1 11 4 1 1 12 0 -5 1 13 -2 2 1 14 -2 -4 1 15 0 3 1 16 4 -3 1 17 -1 4 1 18 -4 -2 1 19 -5 5 1 20 -4 -1 1 21 -1 6 1 22 4 0 1 0 26 1 26
d25_r0_s3_identity S 25 52 4 0 -3 -5 -6 1 -2 -4 1 1 -1 -1 -5 1 0 4 2 1 1 0 -4 1 2 -2 3 1 3 -2 -3 1 4 0 4 1 5 4 -2 1 6 -1 5 1 7 -4 -1 1 8 -5 6 1 9 -4 0 1 10 -1 -6 1 11 4 1 1 12 0 -5 1 13 -2 2 1 14 -2 -4 1 15 0 3 1 16 4 -3 1 17 -1 4 1 18 -4 -2 1 19 -5 5 1 20 -4 -1 1 21 -1 6 1 22 4 0 1 23 0 -6 1 24 -2 1 1 25 -2 -5 1 26 0 2 1 27 4 -4 1 28 -1 3 1 29 -4 -3 1 30 -5 4 1 31 -4 -2 1 32 -1 5 1 33 4 -1 1 34 0 6 1 35 -2 0 1 36 -2 -6 1 37 0 1 1 38 4 -5 1 39 -1 2 1 40 -4 -4 1 41 -5 3 1 42 -4 -3 1 43 -1 4 1 44 4 -2 1 45 0 5 1 46 -2 -1 1 47 -2 6 1 48 0 0 1 0 26 1 25 2 1 3 26 | d25_r0_s3_identity R 0 25 0 52 4 0 3 -3 -5 -6 1 -2 -4 1 1 -1 -1 -5 1 0 4 2 1 1 0 -4 1 2 -2 3 1 3 -2 -3 1 4 0 4 1 5 4 -2 1 6 -1 5 1 7 -4 -1 1 8 -5 6 1 9 -4 0 1 10 -1 -6 1 11 4 1 1 12 0 -5 1 13 -2 2 1 14 -2 -4 1 15 0 3 1 16 4 -3 1 17 -1 4 1 18 -4 -2 1 19 -5 5 1 20 -4 -1 1 21 -1 6 1 22 4 0 1 23 0 -6 1 24 -2 1 1 25 -2 -5 1 26 0 2 1 27 4 -4 1 28 -1 3 1 29 -4 -3 1 30 -5 4 1 31 -4 -2 1 32 -1 5 1 33 4 -1 1 34 0 6 1 35 -2 0 1 36 -2 -6 1 37 0 1 1 38 4 -5 1 39 -1 2 1 40 -4 -4 1 41 -5 3 1 42 -4 -3 1 43 -1 4 1 44 4 -2 1 45 0 5 1 46 -2 -1 1 47 -2 6 1 48 0 0 1 0 26 1 25 2 1 3 26
d25_r0_s3_insert S 25 52 4 1 -3 -5 -6 1 -2 -4 1 1 -1 -1 -5 1 0 4 2 1 1 0 -4 1 2 -2 3 1 3 -2 -3 1 4 0 4 1 5 4 -2 1 6 -1 5 1 7 -4 -1 1 8 -5 6 1 9 -4 0 1 10 -1 -6 1 11 4 1 1 12 0 -5 1 13 -2 2 1 14 -2 -4 1 15 0 3 1 16 4 -3 1 17 -1 4 1 18 -4 -2 1 19 -5 5 1 20 -4 -1 1 21 -1 6 1 22 4 0 1 23 0 -6 1 24 -2 1 1 25 -2 -5 1 26 0 2 1 27 4 -4 1 28 -1 3 1 29 -4 -3 1 30 -5 4 1 31 -4 -2 1 32 -1 5 1 33 4 -1 1 34 0 6 1 35 -2 0 1 36 -2 -6 1 37 0 1 1 38 4 -5 1 39 -1 2 1 40 -4 -4 1 41 -5 3 1 42 -4 -3 1 43 -1 4 1 44 4 -2 1 45 0 5 1 46 -2 -1 1 47 -2 6 1 48 0 0 1 0 26 1 25 2 1 3 26 I 0.25 25 | d25_r0_s3_insert R 1 1 25 0 77 5 0 3 -3 -5 -6 1 -11/4 -19/4 -17/4 1 -5/2 -35/8 -53/16 1 -9/4 -31/8 -89/32 1 -2 -843/256 -157/64 1 -7/4 -2747/1024 -285/128 1 -3/2 -4285/2048 -525/256 1 -5/4 -12765/8192 -973/512 1 -1 -72293/65536 -1805/1024 1 -3/4 -24155/32768 -3341/2048 1 -1/2 -120739/262144 -6157/4096 1 -1/4 -69821/262144 -11277/8192 1 0 -2395975/16777216 -20493/16384 1 1/4 -5107261/67108864 -75524109/67108864 1 1/2 -6977323/134217728 -134244625/134217728 1 3/4 -61456005/1073741824 -469821445/536870912 1 1 -346039319/4294967296 -50338057/67108864 1 5/4 -1943408669/17179869184 -10740366289/17179869184 1 3/2 -159551559/1073741824 -17193971883/34359738368 1 7/4 -12584110265/68719476736 -25835537613/68719476736 1 2 -118177549859/549755813888 -34641832999/137438953472 1 9/4 -536696442911/2199023255552 -283819744459/2199023255552 1 5/2 -1194380770889/4398046511104 -33056357659/4398046511104 1 11/4 -10533557961089/35184372088832 1968762996635/17592186044416 1 3 -46399064739125/140737488355328 502154330439/2199023255552 1 13/4 -410513315891291/1125899906842624 191840854082661/562949953421312 1 4 -132118927456541/281474976710656 95427222638373/140737488355328 1 19/4 -43328582321393/70368744177664 34451325133515/35184372088832 1 11/2 -15149157229835/17592186044416 10698204881673/8796093022208 1 25/4 -5532352677437/4398046511104 1481752947627/1099511627776 1 7 -1940403679877/1099511627776 362667280257/274877906944 1 31/4 -607056074207/274877906944 2311054263/2147483648 1 17/2 -161695742747/68719476736 20201940351/34359738368 1 37/4 -8805606701/4294967296 -1891893915/17179869184 1 10 -5872158845/4294967296 -3790334043/4294967296 1 43/4 -628426553/1073741824 -1617351381/1073741824 1 23/2 -6977323/134217728 -474745563/268435456 1 49/4 1367137/67108864 -53235/32768 1 13 -4874855/16777216 -20493/16384 1 55/4 -1258975/2097152 -7155/8192 1 29/2 -2027/4096 -2061/4096 1 61/4 3379/262144 -243/2048 1 16 11825/32768 243/1024 1 67/4 -1529/16384 333/512 1 35/2 -13/8 243/256 1 73/4 -7/2 189/128 1 19 -17/4 99/64 1 79/4 -31/8 81/32 1 41/2 -19/8 27/16 1 85/4 1/4 9/2 1 22 4 0 1 23 0 -6 1 24 -2 1 1 25 -2 -5 1 26 0 2 1 27 4 -4 1 28 -1 3 1 29 -4 -3 1 30 -5 4 1 31 -4 -2 1 32 -1 5 1 33 4 -1 1 34 0 6 1 35 -2 0 1 36 -2 -6 1 37 0 1 1 38 4 -5 1 39 -1 2 1 40 -4 -4 1 41 -5 3 1 42 -4 -3 1 43 -1 4 1 44 4 -2 1 45 0 5 1 46 -2 -1 1 47 -2 6 1 48 0 0 1 0 26 1/4 25 1 25 2 1 3 26
d25_r0_s3_sequence S 25 52 4 4 -3 -5 -6 1 -2 -4 1 1 -1 -1 -5 1 0 4 2 1 1 0 -4 1 2 -2 3 1 3 -2 -3 1 4 0 4 1 5 4 -2 1 6 -1 5 1 7 -4 -1 1 8 -5 6 1 9 -4 0 1 10 -1 -6 1 11 4 1 1 12 0 -5 1 13 -2 2 1 14 -2 -4 1 15 0 3 1 16 4 -3 1 17 -1 4 1 18 -4 -2 1 19 -5 5 1 20 -4 -1 1 21 -1 6 1 22 4 0 1 23 0 -6 1 24 -2 1 1 25 -2 -5 1 26 0 2 1 27 4 -4 1 28 -1 3 1 29 -4 -3 1 30 -5 4 1 31 -4 -2 1 32 -1 5 1 33 4 -1 1 34 0 6 1 35 -2 0 1 36 -2 -6 1 37 0 1 1 38 4 -5 1 39 -1 2 1 40 -4 -4 1 41 -5 3 1 42 -4 -3 1 43 -1 4 1 44 4 -2 1 45 0 5 1 46 -2 -1 1 47 -2 6 1 48 0 0 1 0 26 1 25 2 1 3 26 I 0.75 1 I 0.25 25 I 0.75 25 I 0.25 1 | d25_r0_s3_sequence R 4 1 1 1 1 25 0 102 6 0 3 -3 -5 -6 1 -11/4 -19/4 -17/4 1 -5/2 -35/8 -53/16 1 -9/4 -31/8 -89/32 1 -2 -843/256 -157/64 1 -7/4 -2747/1024 -285/128 1 -3/2 -4285/2048 -525/256 1 -5/4 -12765/8192 -973/512 1 -1 -72293/65536 -1805/1024 1 -3/4 -24155/32768 -3341/2048 1 -1/2 -120739/262144 -6157/4096 1 -1/4 -69821/262144 -11277/8192 1 0 -2395975/16777216 -20493/16384 1 1/4 -5107261/67108864 -75524109/67108864 1 1/2 -6977323/134217728 -134244625/134217728 1 3/4 -61456005/1073741824 -469821445/536870912 1 1 -346039319/4294967296 -50338057/67108864 1 5/4 -1943408669/17179869184 -10740366289/17179869184 1 3/2 -159551559/1073741824 -17193971883/34359738368 1 7/4 -12584110265/68719476736 -25835537613/68719476736 1 2 -118177549859/549755813888 -34641832999/137438953472 1 9/4 -536696442911/2199023255552 -283819744459/2199023255552 1 5/2 -1194380770889/4398046511104 -33056357659/4398046511104 1 11/4 -10533557961089/35184372088832 1968762996635/17592186044416 1 3 -46399064739125/140737488355328 502154330439/2199023255552 1 13/4 -410513315891291/1125899906842624 191840854082661/562949953421312 1 15/4 -489154911847873/1125899906842624 318419545063215/562949953421312 1 17/4 -588605047085011/1125899906842624 435951247204621/562949953421312 1 19/4 -728030514156713/1125899906842624 539786278609447/562949953421312 1 21/4 -925462779992587/1125899906842624 623744007091445/562949953421312 1 23/4 -1184670694373329/1125899906842624 680217903098591/562949953421312 1 25/4 -1486992830737667/1125899906842624 700758125779485/562949953421312 1 27/4 -1791921889175865/1125899906842624 677320228120407/562949953421312 1 29/4 -2046534017851067/1125899906842624 604202646502021/562949953421312 1 31/4 -2200355525849825/1125899906842624 480397930599823/562949953421312 1 33/4 -2220310738070835/1125899906842624 311658293645357/562949953421312 1 35/4 -2100607980089033/1125899906842624 111292156240775/562949953421312 1 37/4 -1864498349885035/1125899906842624 -101169531329259/562949953421312 1 39/4 -1557593295865585/1125899906842624 -303508593987777/562949953421312 1 41/4 -1234863411660899/1125899906842624 -475479781911747/562949953421312 1 43/4 -945340844864857/1125899906842624 -602756621039945/562949953421312 1 45/4 -719591736361243/1125899906842624 -678734364965723/562949953421312 1 47/4 -564426984162305/1125899906842624 -703993085990929/562949953421312 1 49/4 -466707266711187/1125899906842624 -684221220113587/562949953421312 1 51/4 -404447652793577/1125899906842624 -627709511122713/562949953421312 1 53/4 -360395943427787/1125899906842624 -543232949851851/562949953421312 1 55/4 -332173167442449/1125899906842624 -438684731379809/562949953421312 1 57/4 -334582418804675/1125899906842624 -320439365402531/562949953421312 1 59/4 -393250006222201/1125899906842624 -193250633203177/562949953421312 1 61/4 -532542073204603/1125899906842624 -60444511624507/562949953421312 1 63/4 -762761979787553/1125899906842624 75769482311247/562949953421312 1 16 -219467983269757/281474976710656 35969119819781/140737488355328 1 65/4 -63482115391915/70368744177664 13302215271017/35184372088832 1 33/2 -18399619365107/17592186044416 4412034185233/8796093022208 1 67/4 -5327602767207/4398046511104 688035740129/1099511627776 1 17 -1536831878549/1099511627776 206250691377/274877906944 1 69/4 -440567360741/274877906944 15034596147/17179869184 1 35/2 -125230492611/68719476736 34360932431/34359738368 1 71/4 -8805606701/4294967296 19327166191/17179869184 1 18 -9783422653/4294967296 5368510181/4294967296 1 73/4 -2678503963/1073741824 1476289097/1073741824 1 37/2 -360690283/134217728 402599949/268435456 1 75/4 -190705741/67108864 53235/32768 1 19 -49360663/16777216 28659/16384 1 77/4 -6234253/2097152 15347/8192 1 39/2 -191265/65536 8179/4096 1 79/4 -725087/262144 4339/2048 1 20 -82063/32768 2291/1024 1 81/4 -34827/16384 1203/512 1 41/2 -13/8 627/256 1 83/4 -1 323/128 1 21 -1/4 163/64 1 85/4 5/8 79/32 1 43/2 13/8 35/16 1 87/4 11/4 3/2 1 22 4 0 1 23 0 -6 1 24 -2 1 1 25 -2 -5 1 26 0 2 1 27 4 -4 1 28 -1 3 1 29 -4 -3 1 30 -5 4 1 31 -4 -2 1 32 -1 5 1 33 4 -1 1 34 0 6 1 35 -2 0 1 36 -2 -6 1 37 0 1 1 38 4 -5 1 39 -1 2 1 40 -4 -4 1 41 -5 3 1 42 -4 -3 1 43 -1 4 1 44 4 -2 1 45 0 5 1 46 -2 -1 1 47 -2 6 1 48 0 0 1 0 26 1/4 25 3/4 25 1 25 2 1 3 26
d25_r0_s3_roundtrip S 25 52 4 2 -3 -5 -6 1 -2 -4 1 1 -1 -1 -5 1 0 4 2 1 1 0 -4 1 2 -2 3 1 3 -2 -3 1 4 0 4 1 5 4 -2 1 6 -1 5 1 7 -4 -1 1 8 -5 6 1 9 -4 0 1 10 -1 -6 1 11 4 1 1 12 0 -5 1 13 -2 2 1 14 -2 -4 1 15 0 3 1 16 4 -3 1 17 -1 4 1 18 -4 -2 1 19 -5 5 1 20 -4 -1 1 21 -1 6 1 22 4 0 1 23 0 -6 1 24 -2 1 1 25 -2 -5 1 26 0 2 1 27 4 -4 1 28 -1 3 1 29 -4 -3 1 30 -5 4 1 31 -4 -2 1 32 -1 5 1 33 4 -1 1 34 0 6 1 35 -2 0 1 36 -2 -6 1 37 0 1 1 38 4 -5 1 39 -1 2 1 40 -4 -4 1 41 -5 3 1 42 -4 -3 1 43 -1 4 1 44 4 -2 1 45 0 5 1 46 -2 -1 1 47 -2 6 1 48 0 0 1 0 26 1 25 2 1 3 26 I 0.25 1 R 0.25 0 | d25_r0_s3_roundtrip R 2 1 1 25 0 52 4 0 3 -3 -5 -6 1 -2 -4 1 1 -1 -1 -5 1 0 4 2 1 1 0 -4 1 2 -2 3 1 3 -2 -3 1 4 0 4 1 5 4 -2 1 6 -1 5 1 7 -4 -1 1 8 -5 6 1 9 -4 0 1 10 -1 -6 1 11 4 1 1 12 0 -5 1 13 -2 2 1 14 -2 -4 1 15 0 3 1 16 4 -3 1 17 -1 4 1 18 -4 -2 1 19 -5 5 1 20 -4 -1 1 21 -1 6 1 22 4 0 1 23 0 -6 1 24 -2 1 1 25 -2 -5 1 26 0 2 1 27 4 -4 1 28 -1 3 1 29 -4 -3 1 30 -5 4 1 31 -4 -2 1 32 -1 5 1 33 4 -1 1 34 0 6 1 35 -2 0 1 36 -2 -6 1 37 0 1 1 38 4 -5 1 39 -1 2 1 40 -4 -4 1 41 -5 3 1 42 -4 -3 1 43 -1 4 1 44 4 -2 1 45 0 5 1 46 -2 -1 1 47 -2 6 1 48 0 0 1 0 26 1 25 2 1 3 26
d25_r0_s3_full_roundtrip S 25 52 4 2 -3 -5 -6 1 -2 -4 1 1 -1 -1 -5 1 0 4 2 1 1 0 -4 1 2 -2 3 1 3 -2 -3 1 4 0 4 1 5 4 -2 1 6 -1 5 1 7 -4 -1 1 8 -5 6 1 9 -4 0 1 10 -1 -6 1 11 4 1 1 12 0 -5 1 13 -2 2 1 14 -2 -4 1 15 0 3 1 16 4 -3 1 17 -1 4 1 18 -4 -2 1 19 -5 5 1 20 -4 -1 1 21 -1 6 1 22 4 0 1 23 0 -6 1 24 -2 1 1 25 -2 -5 1 26 0 2 1 27 4 -4 1 28 -1 3 1 29 -4 -3 1 30 -5 4 1 31 -4 -2 1 32 -1 5 1 33 4 -1 1 34 0 6 1 35 -2 0 1 36 -2 -6 1 37 0 1 1 38 4 -5 1 39 -1 2 1 40 -4 -4 1 41 -5 3 1 42 -4 -3 1 43 -1 4 1 44 4 -2 1 45 0 5 1 46 -2 -1 1 47 -2 6 1 48 0 0 1 0 26 1 25 2 1 3 26 I 0.25 25 R 0.25 0 | d25_r0_s3_full_roundtrip R 2 1 1 25 0 52 4 0 3 -3 -5 -6 1 -2 -4 1 1 -1 -1 -5 1 0 4 2 1 1 0 -4 1 2 -2 3 1 3 -2 -3 1 4 0 4 1 5 4 -2 1 6 -1 5 1 7 -4 -1 1 8 -5 6 1 9 -4 0 1 10 -1 -6 1 11 4 1 1 12 0 -5 1 13 -2 2 1 14 -2 -4 1 15 0 3 1 16 4 -3 1 17 -1 4 1 18 -4 -2 1 19 -5 5 1 20 -4 -1 1 21 -1 6 1 22 4 0 1 23 0 -6 1 24 -2 1 1 25 -2 -5 1 26 0 2 1 27 4 -4 1 28 -1 3 1 29 -4 -3 1 30 -5 4 1 31 -4 -2 1 32 -1 5 1 33 4 -1 1 34 0 6 1 35 -2 0 1 36 -2 -6 1 37 0 1 1 38 4 -5 1 39 -1 2 1 40 -4 -4 1 41 -5 3 1 42 -4 -3 1 43 -1 4 1 44 4 -2 1 45 0 5 1 46 -2 -1 1 47 -2 6 1 48 0 0 1 0 26 1 25 2 1 3 26
d25_r0_s3_remove_existing S 25 52 4 1 -3 -5 -6 1 -2 -4 1 1 -1 -1 -5 1 0 4 2 1 1 0 -4 1 2 -2 3 1 3 -2 -3 1 4 0 4 1 5 4 -2 1 6 -1 5 1 7 -4 -1 1 8 -5 6 1 9 -4 0 1 10 -1 -6 1 11 4 1 1 12 0 -5 1 13 -2 2 1 14 -2 -4 1 15 0 3 1 16 4 -3 1 17 -1 4 1 18 -4 -2 1 19 -5 5 1 20 -4 -1 1 21 -1 6 1 22 4 0 1 23 0 -6 1 24 -2 1 1 25 -2 -5 1 26 0 2 1 27 4 -4 1 28 -1 3 1 29 -4 -3 1 30 -5 4 1 31 -4 -2 1 32 -1 5 1 33 4 -1 1 34 0 6 1 35 -2 0 1 36 -2 -6 1 37 0 1 1 38 4 -5 1 39 -1 2 1 40 -4 -4 1 41 -5 3 1 42 -4 -3 1 43 -1 4 1 44 4 -2 1 45 0 5 1 46 -2 -1 1 47 -2 6 1 48 0 0 1 0 26 1 25 2 1 3 26 R 1 24 | d25_r0_s3_remove_existing R 1 0 25 0 52 4 0 3 -3 -5 -6 1 -2 -4 1 1 -1 -1 -5 1 0 4 2 1 1 0 -4 1 2 -2 3 1 3 -2 -3 1 4 0 4 1 5 4 -2 1 6 -1 5 1 7 -4 -1 1 8 -5 6 1 9 -4 0 1 10 -1 -6 1 11 4 1 1 12 0 -5 1 13 -2 2 1 14 -2 -4 1 15 0 3 1 16 4 -3 1 17 -1 4 1 18 -4 -2 1 19 -5 5 1 20 -4 -1 1 21 -1 6 1 22 4 0 1 23 0 -6 1 24 -2 1 1 25 -2 -5 1 26 0 2 1 27 4 -4 1 28 -1 3 1 29 -4 -3 1 30 -5 4 1 31 -4 -2 1 32 -1 5 1 33 4 -1 1 34 0 6 1 35 -2 0 1 36 -2 -6 1 37 0 1 1 38 4 -5 1 39 -1 2 1 40 -4 -4 1 41 -5 3 1 42 -4 -3 1 43 -1 4 1 44 4 -2 1 45 0 5 1 46 -2 -1 1 47 -2 6 1 48 0 0 1 0 26 1 25 2 1 3 26
d25_r1_s1_identity B 25 26 2 0 -3 -5 -6 0.5 -2 -4 1 1 -1 -1 -5 1.5 0 4 2 0.5 1 0 -4 1 2 -2 3 1.5 3 -2 -3 0.5 4 0 4 1 5 4 -2 1.5 6 -1 5 0.5 7 -4 -1 1 8 -5 6 1.5 9 -4 0 0.5 10 -1 -6 1 11 4 1 1.5 12 0 -5 0.5 13 -2 2 1 14 -2 -4 1.5 15 0 3 0.5 16 4 -3 1 17 -1 4 1.5 18 -4 -2 0.5 19 -5 5 1 20 -4 -1 1.5 21 -1 6 0.5 22 4 0 1 0 26 1 26 | d25_r1_s1_identity R 0 25 0 26 2 0 1 -3/2 -5/2 -3 1/2 -2 -4 1 1 -3/2 -3/2 -15/2 3/2 0 2 1 1/2 1 0 -4 1 3 -3 9/2 3/2 3/2 -1 -3/2 1/2 4 0 4 1 15/2 6 -3 3/2 3 -1/2 5/2 1/2 7 -4 -1 1 12 -15/2 9 3/2 9/2 -2 0 1/2 10 -1 -6 1 33/2 6 3/2 3/2 6 0 -5/2 1/2 13 -2 2 1 21 -3 -6 3/2 15/2 0 3/2 1/2 16 4 -3 1 51/2 -3/2 6 3/2 9 -2 -1 1/2 19 -5 5 1 30 -6 -3/2 3/2 21/2 -1/2 3 1/2 22 4 0 1 0 26 1 26
d25_r1_s1_insert B 25 26 2 1 -3 -5 -6 0.5 -2 -4 1 1 -1 -1 -5 1.5 0 4 2 0.5 1 0 -4 1 2 -2 3 1.5 3 -2 -3 0.5 4 0 4 1 5 4 -2 1.5 6 -1 5 0.5 7 -4 -1 1 8 -5 6 1.5 9 -4 0 0.5 10 -1 -6 1 11 4 1 1.5 12 0 -5 0.5 13 -2 2 1 14 -2 -4 1.5 15 0 3 0.5 16 4 -3 1 17 -1 4 1.5 18 -4 -2 0.5 19 -5 5 1 20 -4 -1 1.5 21 -1 6 0.5 22 4 0 1 0 26 1 26 I 0.25 25 | d25_r1_s1_insert R 1 1 25 0 51 3 0 1 -3/2 -5/2 -3 1/2 -13/8 -23/8 -2 5/8 -27/16 -3 -57/32 3/4 -27/16 -187/64 -241/128 109/128 -835/512 -1383/512 -133/64 473/512 -3123/2048 -4911/2048 -4629/2048 993/1024 -11283/8192 -2113/1024 -4881/2048 8155/8192 -39187/32768 -7113/4096 -79705/32768 33017/32768 -16191/16384 -189141/131072 -78915/32768 4143/4096 -199581/262144 -156877/131072 -1215967/524288 530065/524288 -1093387/2097152 -1051237/1048576 -4565417/2097152 2115509/2097152 -2292165/8388608 -1798029/2097152 -4181727/2097152 4219977/4194304 -694377/33554432 -25303891/33554432 -29910141/16777216 33682663/33554432 31370753/134217728 -45844567/67108864 -104332893/67108864 134499461/134217728 131112099/268435456 -170244801/268435456 -708477045/536870912 67172745/67108864 398653221/536870912 -641988477/1073741824 -583009253/536870912 2148066757/2147483648 8553342077/8589934592 -4865845801/8589934592 -3694046671/4294967296 8589272801/8589934592 42879954249/34359738368 -18360164343/34359738368 -11112760785/17179869184 17176173825/17179869184 206072713185/137438953472 -17123968701/34359738368 -30878374539/68719476736 137406632419/137438953472 962157050501/549755813888 -982531501/2147483648 -74001076455/274877906944 549645943649/549755813888 1099786490109/549755813888 -453747613959/1099511627776 -117527125485/1099511627776 137418759483/137438953472 9898164573417/4398046511104 -805087819045/2199023255552 335855917861/8796093022208 8795246594761/8796093022208 87979356634709/35184372088832 -11293846054339/35184372088832 5884286125441/35184372088832 35182401678365/35184372088832 387085510095255/140737488355328 -39530382015447/140737488355328 39679534855101/140737488355328 70366780647561/70368744177664 1689009917615787/562949953421312 -8770736991595/35184372088832 108114187216647/281474976710656 562944110993551/562949953421312 7318749676777145/2251799813685248 -516219067217317/2251799813685248 1070722022038677/2251799813685248 2251798090967885/2251799813685248 281464990491223/70368744177664 -95223691620757/562949953421312 422036898738795/562949953421312 17592679937101/17592186044416 334229880969859/70368744177664 -7500438540805/35184372088832 65233794567411/70368744177664 140735476662677/140737488355328 48381640417451/8796093022208 -15619411377553/35184372088832 37138367839851/35184372088832 35182401678365/35184372088832 54980354876453/8796093022208 -7991273167183/8796093022208 2594459703429/2199023255552 4398330947041/4398046511104 7695682911841/1099511627776 -3359062422043/2199023255552 1418559174351/1099511627776 2199223475351/2199023255552 4260032712395/549755813888 -567116738561/274877906944 714448583865/549755813888 549645943649/549755813888 584247594649/68719476736 -304071217291/137438953472 37062945387/34359738368 17178255799/17179869184 158952013771/17179869184 -3864430405/2147483648 18988578909/34359738368 34377277985/34359738368 42928398643/4294967296 -8074012621/8589934592 -1622342907/8589934592 8589272801/8589934592 23075156195/2147483648 -63468775/2147483648 -941885253/1073741824 1072536265/1073741824 3090735823/268435456 255813221/536870912 -20624769/16777216 537309899/536870912 1645364285/134217728 23704783/67108864 -81730935/67108864 134499461/134217728 108717887/8388608 -1944115/8388608 -18847809/16777216 2090717/2097152 57632179/4194304 -6499735/8388608 -9895437/8388608 8363069/8388608 1914953/131072 -405775/524288 -612477/524288 2115509/2097152 7983809/524288 -102403/524288 -196101/262144 262657/262144 1030189/65536 21133/65536 4437/32768 128303/131072 555119/32768 611/8192 20259/16384 33017/32768 74299/4096 -163/128 15795/8192 1069/1024 17851/1024 -767/256 2313/1024 1961/2048 4549/256 -257/64 207/128 473/512 2879/128 -595/128 243/128 73/64 355/16 -53/16 9/32 35/32 107/8 5/8 9/4 5/8 22 4 0 1 0 26 1/4 25 1 26
d25_r1_s1_sequence B 25 26 2 4 -3 -5 -6 0.5 -2 -4 1 1 -1 -1 -5 1.5 0 4 2 0.5 1 0 -4 1 2 -2 3 1.5 3 -2 -3 0.5 4 0 4 1 5 4 -2 1.5 6 -1 5 0.5 7 -4 -1 1 8 -5 6 1.5 9 -4 0 0.5 10 -1 -6 1 11 4 1 1.5 12 0 -5 0.5 13 -2 2 1 14 -2 -4 1.5 15 0 3 0.5 16 4 -3 1 17 -1 4 1.5 18 -4 -2 0.5 19 -5 5 1 20 -4 -1 1.5 21 -1 6 0.5 22 4 0 1 0 26 1 26 I 0.75 1 I 0.25 25 I 0.75 25 I 0.25 1 | d25_r1_s1_sequence R 4 1 1 1 1 25 0 76 4 0 1 -3/2 -5/2 -3 1/2 -13/8 -23/8 -2 5/8 -27/16 -3 -57/32 3/4 -27/16 -187/64 -241/128 109/128 -835/512 -1383/512 -133/64 473/512 -3123/2048 -4911/2048 -4629/2048 993/1024 -11283/8192 -2113/1024 -4881/2048 8155/8192 -39187/32768 -7113/4096 -79705/32768 33017/32768 -16191/16384 -189141/131072 -78915/32768 4143/4096 -199581/262144 -156877/131072 -1215967/524288 530065/524288 -1093387/2097152 -1051237/1048576 -4565417/2097152 2115509/2097152 -2292165/8388608 -1798029/2097152 -4181727/2097152 4219977/4194304 -694377/33554432 -25303891/33554432 -29910141/16777216 33682663/33554432 31370753/134217728 -45844567/67108864 -104332893/67108864 134499461/134217728 131112099/268435456 -170244801/268435456 -708477045/536870912 67172745/67108864 398653221/536870912 -641988477/1073741824 -583009253/536870912 2148066757/2147483648 8553342077/8589934592 -4865845801/8589934592 -3694046671/4294967296 8589272801/8589934592 42879954249/34359738368 -18360164343/34359738368 -11112760785/17179869184 17176173825/17179869184 206072713185/137438953472 -17123968701/34359738368 -30878374539/68719476736 137406632419/137438953472 962157050501/549755813888 -982531501/2147483648 -74001076455/274877906944 549645943649/549755813888 1099786490109/549755813888 -453747613959/1099511627776 -117527125485/1099511627776 137418759483/137438953472 9898164573417/4398046511104 -805087819045/2199023255552 335855917861/8796093022208 8795246594761/8796093022208 87979356634709/35184372088832 -11293846054339/35184372088832 5884286125441/35184372088832 35182401678365/35184372088832 387085510095255/140737488355328 -39530382015447/140737488355328 39679534855101/140737488355328 70366780647561/70368744177664 1689009917615787/562949953421312 -8770736991595/35184372088832 108114187216647/281474976710656 562944110993551/562949953421312 7318749676777145/2251799813685248 -516219067217317/2251799813685248 1070722022038677/2251799813685248 2251798090967885/2251799813685248 8444169689405139/2251799813685248 -426002866727791/2251799813685248 1482339070649679/2251799813685248 2251841384955247/2251799813685248 9569743691532849/2251799813685248 -439990044399501/2251799813685248 1797026456276445/2251799813685248 2251813413908325/2251799813685248 10695922285868795/2251799813685248 -613298632991143/2251799813685248 2046823297765159/2251799813685248 2251762128193271/2251799813685248 11822274909890025/2251799813685248 -985245187552693/2251799813685248 2262252618845029/2251799813685248 2251775446178749/2251799813685248 12948147050226147/2251799813685248 -1552381512588447/2251799813685248 2457221116514751/2251799813685248 2251830537032511/2251799813685248 14073573854343137/2251799813685248 -2253177340822045/2251799813685248 2619447539089197/2251799813685248 2251832959290965/2251799813685248 15199241224475019/2251799813685248 -2973102811501143/2251799813685248 2710363838311191/2251799813685248 2251778560511047/2251799813685248 16325524495525401/2251799813685248 -3570721894317765/2251799813685248 2676159459943221/2251799813685248 2251760595744045/2251799813685248 17451884945731571/2251799813685248 -3916764451711183/2251799813685248 2467782326831407/2251799813685248 2251809861733391/2251799813685248 18577590221362833/2251799813685248 -3932548600298925/2251799813685248 2063060524171645/2251799813685248 2251841902497349/2251799813685248 19702871830239003/2251799813685248 -3613994287298055/2251799813685248 1481309221030407/2251799813685248 2251801791011991/2251799813685248 20828703378071369/2251799813685248 -3032927249408213/2251799813685248 782341149979653/2251799813685248 2251758289823645/2251799813685248 21955279530660099/2251799813685248 -2315659756077055/2251799813685248 48892648864671/2251799813685248 2251785972398047/2251799813685248 23081549480078913/2251799813685248 -1606249742064189/2251799813685248 -639262193130291/2251799813685248 2251837382893365/2251799813685248 24206832380270507/2251799813685248 -1026381501430967/2251799813685248 -1226130640839689/2251799813685248 2251824389031911/2251799813685248 25332064204325241/2251799813685248 -644742668889061/2251799813685248 -1685647103439403/2251799813685248 2251769266004749/2251799813685248 26458401937921299/2251799813685248 -465796949676591/2251799813685248 -2013157699397361/2251799813685248 2251766510429871/2251799813685248 27585220116621041/2251799813685248 -441046916622285/2251799813685248 -2210259966723811/2251799813685248 2251820846149925/2251799813685248 28710968600830779/2251799813685248 -497512519784039/2251799813685248 -2272986191032089/2251799813685248 2251839126216247/2251799813685248 29835788745276585/2251799813685248 -571691806699509/2251799813685248 -2189372218146651/2251799813685248 2251790013372285/2251799813685248 30961473751354403/2251799813685248 -635556930768735/2251799813685248 -1946333936987777/2251799813685248 2251757701064831/2251799813685248 32088493727346849/2251799813685248 -705257321494109/2251799813685248 -1540893463720339/2251799813685248 2251797581820949/2251799813685248 33215015433701835/2251799813685248 -830938662204183/2251799813685248 -989401287108393/2251799813685248 2251841288630151/2251799813685248 34339896043995353/2251799813685248 -1073087488523525/2251799813685248 -330242870403979/2251799813685248 2251813895533805/2251799813685248 35464774077777459/2251799813685248 -1474289774208911/2251799813685248 381088864261359/2251799813685248 2251762362125647/2251799813685248 1125850409208391/70368744177664 -418722729262901/562949953421312 184188682898507/562949953421312 17591692151731/17592186044416 1143426608357241/70368744177664 -29925866011497/35184372088832 34545747763029/70368744177664 140731549602471/140737488355328 145126148480511/8796093022208 -34386039749705/35184372088832 23129372491619/35184372088832 35182387917637/35184372088832 147326247556535/8796093022208 -9904096626525/8796093022208 1809762337195/2199023255552 4397762075167/4398046511104 18691379581377/1099511627776 -2853208138923/2199023255552 1081686155823/1099511627776 2198900371527/2199023255552 9484003972449/549755813888 -409993083487/274877906944 624269202843/549755813888 549749306995/549755813888 1202890677313/68719476736 -234479919987/137438953472 43770342359/34359738368 17181482569/17179869184 305105886561/17179869184 -8318710797/4294967296 47917986711/34359738368 34369887267/34359738368 77383494195/4294967296 -18702554893/8589934592 12832102853/8589934592 8595339937/8589934592 39251205977/2147483648 -5192681453/2147483648 1684210481/1073741824 1074947383/1073741824 4976873247/268435456 -1421197203/536870912 13560849/8388608 537820947/536870912 2523605199/134217728 -191272955/67108864 109869435/67108864 134551879/134217728 159873215/8388608 -25251467/8388608 27365439/16777216 2103587/2097152 80943753/4194304 -26076597/8388608 13428297/8388608 8414415/8388608 1278387/65536 -1638579/524288 812803/524288 2100877/2097152 10307195/524288 -1593841/524288 389369/262144 261631/262144 1292781/65536 -185619/65536 46293/32768 129807/131072 644637/32768 -20343/8192 21957/16384 32011/32768 79747/4096 -253/128 10443/8192 979/1024 19569/1024 -333/256 1251/1024 1899/2048 4773/256 -29/64 151/128 457/512 2333/128 71/128 145/128 55/64 291/16 27/16 33/32 27/32 153/8 23/8 3/4 7/8 22 4 0 1 0 26 1/4 25 3/4 25 1 26
d25_r1_s1_roundtrip B 25 26 2 2 -3 -5 -6 0.5 -2 -4 1 1 -1 -1 -5 1.5 0 4 2 0.5 1 0 -4 1 2 -2 3 1.5 3 -2 -3 0.5 4 0 4 1 5 4 -2 1.5 6 -1 5 0.5 7 -4 -1 1 8 -5 6 1.5 9 -4 0 0.5 10 -1 -6 1 11 4 1 1.5 12 0 -5 0.5 13 -2 2 1 14 -2 -4 1.5 15 0 3 0.5 16 4 -3 1 17 -1 4 1.5 18 -4 -2 0.5 19 -5 5 1 20 -4 -1 1.5 21 -1 6 0.5 22 4 0 1 0 26 1 26 I 0.25 1 R 0.25 0 | d25_r1_s1_roundtrip R 2 1 1 25 0 26 2 0 1 -3/2 -5/2 -3 1/2 -2 -4 1 1 -3/2 -3/2 -15/2 3/2 0 2 1 1/2 1 0 -4 1 3 -3 9/2 3/2 3/2 -1 -3/2 1/2 4 0 4 1 15/2 6 -3 3/2 3 -1/2 5/2 1/2 7 -4 -1 1 12 -15/2 9 3/2 9/2 -2 0 1/2 10 -1 -6 1 33/2 6 3/2 3/2 6 0 -5/2 1/2 13 -2 2 1 21 -3 -6 3/2 15/2 0 3/2 1/2 16 4 -3 1 51/2 -3/2 6 3/2 9 -2 -1 1/2 19 -5 5 1 30 -6 -3/2 3/2 21/2 -1/2 3 1/2 22 4 0 1 0 26 1 26
d25_r1_s1_full_roundtrip B 25 26 2 2 -3 -5 -6 0.5 -2 -4 1 1 -1 -1 -5 1.5 0 4 2 0.5 1 0 -4 1 2 -2 3 1.5 3 -2 -3 0.5 4 0 4 1 5 4 -2 1.5 6 -1 5 0.5 7 -4 -1 1 8 -5 6 1.5 9 -4 0 0.5 10 -1 -6 1 11 4 1 1.5 12 0 -5 0.5 13 -2 2 1 14 -2 -4 1.5 15 0 3 0.5 16 4 -3 1 17 -1 4 1.5 18 -4 -2 0.5 19 -5 5 1 20 -4 -1 1.5 21 -1 6 0.5 22 4 0 1 0 26 1 26 I 0.25 25 R 0.25 0 | d25_r1_s1_full_roundtrip R 2 1 1 25 0 26 2 0 1 -3/2 -5/2 -3 1/2 -2 -4 1 1 -3/2 -3/2 -15/2 3/2 0 2 1 1/2 1 0 -4 1 3 -3 9/2 3/2 3/2 -1 -3/2 1/2 4 0 4 1 15/2 6 -3 3/2 3 -1/2 5/2 1/2 7 -4 -1 1 12 -15/2 9 3/2 9/2 -2 0 1/2 10 -1 -6 1 33/2 6 3/2 3/2 6 0 -5/2 1/2 13 -2 2 1 21 -3 -6 3/2 15/2 0 3/2 1/2 16 4 -3 1 51/2 -3/2 6 3/2 9 -2 -1 1/2 19 -5 5 1 30 -6 -3/2 3/2 21/2 -1/2 3 1/2 22 4 0 1 0 26 1 26
d25_r1_s3_identity S 25 52 4 0 -3 -5 -6 0.5 -2 -4 1 1 -1 -1 -5 1.5 0 4 2 0.5 1 0 -4 1 2 -2 3 1.5 3 -2 -3 0.5 4 0 4 1 5 4 -2 1.5 6 -1 5 0.5 7 -4 -1 1 8 -5 6 1.5 9 -4 0 0.5 10 -1 -6 1 11 4 1 1.5 12 0 -5 0.5 13 -2 2 1 14 -2 -4 1.5 15 0 3 0.5 16 4 -3 1 17 -1 4 1.5 18 -4 -2 0.5 19 -5 5 1 20 -4 -1 1.5 21 -1 6 0.5 22 4 0 1 23 0 -6 1.5 24 -2 1 0.5 25 -2 -5 1 26 0 2 1.5 27 4 -4 0.5 28 -1 3 1 29 -4 -3 1.5 30 -5 4 0.5 31 -4 -2 1 32 -1 5 1.5 33 4 -1 0.5 34 0 6 1 35 -2 0 1.5 36 -2 -6 0.5 37 0 1 1 38 4 -5 1.5 39 -1 2 0.5 40 -4 -4 1 41 -5 3 1.5 42 -4 -3 0.5 43 -1 4 1 44 4 -2 1.5 45 0 5 0.5 46 -2 -1 1 47 -2 6 1.5 48 0 0 0.5 0 26 1 25 2 1 3 26 | d25_r1_s3_identity R 0 25 0 52 4 0 3 -3/2 -5/2 -3 1/2 -2 -4 1 1 -3/2 -3/2 -15/2 3/2 0 2 1 1/2 1 0 -4 1 3 -3 9/2 3/2 3/2 -1 -3/2 1/2 4 0 4 1 15/2 6 -3 3/2 3 -1/2 5/2 1/2 7 -4 -1 1 12 -15/2 9 3/2 9/2 -2 0 1/2 10 -1 -6 1 33/2 6 3/2 3/2 6 0 -5/2 1/2 13 -2 2 1 21 -3 -6 3/2 15/2 0 3/2 1/2 16 4 -3 1 51/2 -3/2 6 3/2 9 -2 -1 1/2 19 -5 5 1 30 -6 -3/2 3/2 21/2 -1/2 3 1/2 22 4 0 1 69/2 0 -9 3/2 12 -1 1/2 1/2 25 -2 -5 1 39 0 3 3/2 27/2 2 -2 1/2 28 -1 3 1 87/2 -6 -9/2 3/2 15 -5/2 2 1/2 31 -4 -2 1 48 -3/2 15/2 3/2 33/2 2 -1/2 1/2 34 0 6 1 105/2 -3 0 3/2 18 -1 -3 1/2 37 0 1 1 57 6 -15/2 3/2 39/2 -1/2 1 1/2 40 -4 -4 1 123/2 -15/2 9/2 3/2 21 -2 -3/2 1/2 43 -1 4 1 66 6 -3 3/2 45/2 0 5/2 1/2 46 -2 -1 1 141/2 -3 9 3/2 24 0 0 1/2 0 26 1 25 2 1 3 26
d25_r1_s3_insert S 25 52 4 1 -3 -5 -6 0.5 -2 -4 1 1 -1 -1 -5 1.5 0 4 2 0.5 1 0 -4 1 2 -2 3 1.5 3 -2 -3 0.5 4 0 4 1 5 4 -2 1.5 6 -1 5 0.5 7 -4 -1 1 8 -5 6 1.5 9 -4 0 0.5 10 -1 -6 1 11 4 1 1.5 12 0 -5 0.5 13 -2 2 1 14 -2 -4 1.5 15 0 3 0.5 16 4 -3 1 17 -1 4 1.5 18 -4 -2 0.5 19 -5 5 1 20 -4 -1 1.5 21 -1 6 0.5 22 4 0 1 23 0 -6 1.5 24 -2 1 0.5 25 -2 -5 1 26 0 2 1.5 27 4 -4 0.5 28 -1 3 1 29 -4 -3 1.5 30 -5 4 0.5 31 -4 -2 1 32 -1 5 1.5 33 4 -1 0.5 34 0 6 1 35 -2 0 1.5 36 -2 -6 0.5 37 0 1 1 38 4 -5 1.5 39 -1 2 0.5 40 -4 -4 1 41 -5 3 1.5 42 -4 -3 0.5 43 -1 4 1 44 4 -2 1.5 45 0 5 0.5 46 -2 -1 1 47 -2 6 1.5 48 0 0 0.5 0 26 1 25 2 1 3 26 I 0.25 25 | d25_r1_s3_insert R 1 1 25 0 77 5 0 3 -3/2 -5/2 -3 1/2 -13/8 -23/8 -2 5/8 -27/16 -3 -57/32 3/4 -27/16 -187/64 -241/128 109/128 -835/512 -1383/512 -133/64 473/512 -3123/2048 -4911/2048 -4629/2048 993/1024 -11283/8192 -2113/1024 -4881/2048 8155/8192 -39187/32768 -7113/4096 -79705/32768 33017/32768 -16191/16384 -189141/131072 -78915/32768 4143/4096 -199581/262144 -156877/131072 -1215967/524288 530065/524288 -1093387/2097152 -1051237/1048576 -4565417/2097152 2115509/2097152 -2292165/8388608 -1798029/2097152 -4181727/2097152 4219977/4194304 -694377/33554432 -25303891/33554432 -29910141/16777216 33682663/33554432 31370753/134217728 -45844567/67108864 -104332893/67108864 134499461/134217728 131112099/268435456 -170244801/268435456 -708477045/536870912 67172745/67108864 398653221/536870912 -641988477/1073741824 -583009253/536870912 2148066757/2147483648 8553342077/8589934592 -4865845801/8589934592 -3694046671/4294967296 8589272801/8589934592 42879954249/34359738368 -18360164343/34359738368 -11112760785/17179869184 17176173825/17179869184 206072713185/137438953472 -17123968701/34359738368 -30878374539/68719476736 137406632419/137438953472 962157050501/549755813888 -982531501/2147483648 -74001076455/274877906944 549645943649/549755813888 1099786490109/549755813888 -453747613959/1099511627776 -117527125485/1099511627776 137418759483/137438953472 9898164573417/4398046511104 -805087819045/2199023255552 335855917861/8796093022208 8795246594761/8796093022208 87979356634709/35184372088832 -11293846054339/35184372088832 5884286125441/35184372088832 35182401678365/35184372088832 387085510095255/140737488355328 -39530382015447/140737488355328 39679534855101/140737488355328 70366780647561/70368744177664 1689009917615787/562949953421312 -8770736991595/35184372088832 108114187216647/281474976710656 562944110993551/562949953421312 7318749676777145/2251799813685248 -516219067217317/2251799813685248 1070722022038677/2251799813685248 2251798090967885/2251799813685248 281464990491223/70368744177664 -95223691620757/562949953421312 422036898738795/562949953421312 17592679937101/17592186044416 334229880969859/70368744177664 -7500438540805/35184372088832 65233794567411/70368744177664 140735476662677/140737488355328 48381640417451/8796093022208 -15619411377553/35184372088832 37138367839851/35184372088832 35182401678365/35184372088832 54980354876453/8796093022208 -7991273167183/8796093022208 2594459703429/2199023255552 4398330947041/4398046511104 7695682911841/1099511627776 -3359062422043/2199023255552 1418559174351/1099511627776 2199223475351/2199023255552 4260032712395/549755813888 -567116738561/274877906944 714448583865/549755813888 549645943649/549755813888 584247594649/68719476736 -304071217291/137438953472 37062945387/34359738368 17178255799/17179869184 158952013771/17179869184 -3864430405/2147483648 18988578909/34359738368 34377277985/34359738368 42928398643/4294967296 -8074012621/8589934592 -1622342907/8589934592 8589272801/8589934592 23075156195/2147483648 -63468775/2147483648 -941885253/1073741824 1072536265/1073741824 3090735823/268435456 255813221/536870912 -20624769/16777216 537309899/536870912 1645364285/134217728 23704783/67108864 -81730935/67108864 134499461/134217728 108717887/8388608 -1944115/8388608 -18847809/16777216 2090717/2097152 57632179/4194304 -6499735/8388608 -9895437/8388608 8363069/8388608 1914953/131072 -405775/524288 -612477/524288 2115509/2097152 7983809/524288 -102403/524288 -196101/262144 262657/262144 1030189/65536 21133/65536 4437/32768 128303/131072 555119/32768 611/8192 20259/16384 33017/32768 74299/4096 -163/128 15795/8192 1069/1024 17851/1024 -767/256 2313/1024 1961/2048 4549/256 -257/64 207/128 473/512 2879/128 -595/128 243/128 73/64 355/16 -53/16 9/32 35/32 107/8 5/8 9/4 5/8 22 4 0 1 69/2 0 -9 3/2 12 -1 1/2 1/2 25 -2 -5 1 39 0 3 3/2 27/2 2 -2 1/2 28 -1 3 1 87/2 -6 -9/2 3/2 15 -5/2 2 1/2 31 -4 -2 1 48 -3/2 15/2 3/2 33/2 2 -1/2 1/2 34 0 6 1 105/2 -3 0 3/2 18 -1 -3 1/2 37 0 1 1 57 6 -15/2 3/2 39/2 -1/2 1 1/2 40 -4 -4 1 123/2 -15/2 9/2 3/2 21 -2 -3/2 1/2 43 -1 4 1 66 6 -3 3/2 45/2 0 5/2 1/2 46 -2 -1 1 141/2 -3 9 3/2 24 0 0 1/2 0 26 1/4 25 1 25 2 1 3 26
d25_r1_s3_sequence S 25 52 4 4 -3 -5 -6 0.5 -2 -4 1 1 -1 -1 -5 1.5 0 4 2 0.5 1 0 -4 1 2 -2 3 1.5 3 -2 -3 0.5 4 0 4 1 5 4 -2 1.5 6 -1 5 0.5 7 -4 -1 1 8 -5 6 1.5 9 -4 0 0.5 10 -1 -6 1 11 4 1 1.5 12 0 -5 0.5 13 -2 2 1 14 -2 -4 1.5 15 0 3 0.5 16 4 -3 1 17 -1 4 1.5 18 -4 -2 0.5 19 -5 5 1 20 -4 -1 1.5 21 -1 6 0.5 22 4 0 1 23 0 -6 1.5 24 -2 1 0.5 25 -2 -5 1 26 0 2 1.5 27 4 -4 0.5 28 -1 3 1 29 -4 -3 1.5 30 -5 4 0.5 31 -4 -2 1 32 -1 5 1.5 33 4 -1 0.5 34 0 6 1 35 -2 0 1.5 36 -2 -6 0.5 37 0 1 1 38 4 -5 1.5 39 -1 2 0.5 40 -4 -4 1 41 -5 3 1.5 42 -4 -3 0.5 43 -1 4 1 44 4 -2 1.5 45 0 5 0.5 46 -2 -1 1 47 -2 6 1.5 48 0 0 0.5 0 26 1 25 2 1 3 26 I 0.75 1 I 0.25 25 I 0.75 25 I 0.25 1 | d25_r1_s3_sequence R 4 1 1 1 1 25 0 102 6 0 3 -3/2 -5/2 -3 1/2 -13/8 -23/8 -2 5/8 -27/16 -3 -57/32 3/4 -27/16 -187/64 -241/128 109/128 -835/512 -1383/512 -133/64 473/512 -3123/2048 -4911/2048 -4629/2048 993/1024 -11283/8192 -2113/1024 -4881/2048 8155/8192 -39187/32768 -7113/4096 -79705/32768 33017/32768 -16191/16384 -189141/131072 -78915/32768 4143/4096 -199581/262144 -156877/131072 -1215967/524288 530065/524288 -1093387/2097152 -1051237/1048576 -4565417/2097152 2115509/2097152 -2292165/8388608 -1798029/2097152 -4181727/2097152 4219977/4194304 -694377/33554432 -25303891/33554432 -29910141/16777216 33682663/33554432 31370753/134217728 -45844567/67108864 -104332893/67108864 134499461/134217728 131112099/268435456 -170244801/268435456 -708477045/536870912 67172745/67108864 398653221/536870912 -641988477/1073741824 -583009253/536870912 2148066757/2147483648 8553342077/8589934592 -4865845801/8589934592 -3694046671/4294967296 8589272801/8589934592 42879954249/34359738368 -18360164343/34359738368 -11112760785/17179869184 17176173825/17179869184 206072713185/137438953472 -17123968701/34359738368 -30878374539/68719476736 137406632419/137438953472 962157050501/549755813888 -982531501/2147483648 -74001076455/274877906944 549645943649/549755813888 1099786490109/549755813888 -453747613959/1099511627776 -117527125485/1099511627776 137418759483/137438953472 9898164573417/4398046511104 -805087819045/2199023255552 335855917861/8796093022208 8795246594761/8796093022208 87979356634709/35184372088832 -11293846054339/35184372088832 5884286125441/35184372088832 35182401678365/35184372088832 387085510095255/140737488355328 -39530382015447/140737488355328 39679534855101/140737488355328 70366780647561/70368744177664 1689009917615787/562949953421312 -8770736991595/35184372088832 108114187216647/281474976710656 562944110993551/562949953421312 7318749676777145/2251799813685248 -516219067217317/2251799813685248 1070722022038677/2251799813685248 2251798090967885/2251799813685248 8444169689405139/2251799813685248 -426002866727791/2251799813685248 1482339070649679/2251799813685248 2251841384955247/2251799813685248 9569743691532849/2251799813685248 -439990044399501/2251799813685248 1797026456276445/2251799813685248 2251813413908325/2251799813685248 10695922285868795/2251799813685248 -613298632991143/2251799813685248 2046823297765159/2251799813685248 2251762128193271/2251799813685248 11822274909890025/2251799813685248 -985245187552693/2251799813685248 2262252618845029/2251799813685248 2251775446178749/2251799813685248 12948147050226147/2251799813685248 -1552381512588447/2251799813685248 2457221116514751/2251799813685248 2251830537032511/2251799813685248 14073573854343137/2251799813685248 -2253177340822045/2251799813685248 2619447539089197/2251799813685248 2251832959290965/2251799813685248 15199241224475019/2251799813685248 -2973102811501143/2251799813685248 2710363838311191/2251799813685248 2251778560511047/2251799813685248 16325524495525401/2251799813685248 -3570721894317765/2251799813685248 2676159459943221/2251799813685248 2251760595744045/2251799813685248 17451884945731571/2251799813685248 -3916764451711183/2251799813685248 2467782326831407/2251799813685248 2251809861733391/2251799813685248 18577590221362833/2251799813685248 -3932548600298925/2251799813685248 2063060524171645/2251799813685248 2251841902497349/2251799813685248 19702871830239003/2251799813685248 -3613994287298055/2251799813685248 1481309221030407/2251799813685248 2251801791011991/2251799813685248 20828703378071369/2251799813685248 -3032927249408213/2251799813685248 782341149979653/2251799813685248 2251758289823645/2251799813685248 21955279530660099/2251799813685248 -2315659756077055/2251799813685248 48892648864671/2251799813685248 2251785972398047/2251799813685248 23081549480078913/2251799813685248 -1606249742064189/2251799813685248 -639262193130291/2251799813685248 2251837382893365/2251799813685248 24206832380270507/2251799813685248 -1026381501430967/2251799813685248 -1226130640839689/2251799813685248 2251824389031911/2251799813685248 25332064204325241/2251799813685248 -644742668889061/2251799813685248 -1685647103439403/2251799813685248 2251769266004749/2251799813685248 26458401937921299/2251799813685248 -465796949676591/2251799813685248 -2013157699397361/2251799813685248 2251766510429871/2251799813685248 27585220116621041/2251799813685248 -441046916622285/2251799813685248 -2210259966723811/2251799813685248 2251820846149925/2251799813685248 28710968600830779/2251799813685248 -497512519784039/2251799813685248 -2272986191032089/2251799813685248 2251839126216247/2251799813685248 29835788745276585/2251799813685248 -571691806699509/2251799813685248 -2189372218146651/2251799813685248 2251790013372285/2251799813685248 30961473751354403/2251799813685248 -635556930768735/2251799813685248 -1946333936987777/2251799813685248 2251757701064831/2251799813685248 32088493727346849/2251799813685248 -705257321494109/2251799813685248 -1540893463720339/2251799813685248 2251797581820949/2251799813685248 33215015433701835/2251799813685248 -830938662204183/2251799813685248 -989401287108393/2251799813685248 2251841288630151/2251799813685248 34339896043995353/2251799813685248 -1073087488523525/2251799813685248 -330242870403979/2251799813685248 2251813895533805/2251799813685248 35464774077777459/2251799813685248 -1474289774208911/2251799813685248 381088864261359/2251799813685248 2251762362125647/2251799813685248 1125850409208391/70368744177664 -418722729262901/562949953421312 184188682898507/562949953421312 17591692151731/17592186044416 1143426608357241/70368744177664 -29925866011497/35184372088832 34545747763029/70368744177664 140731549602471/140737488355328 145126148480511/8796093022208 -34386039749705/35184372088832 23129372491619/35184372088832 35182387917637/35184372088832 147326247556535/8796093022208 -9904096626525/8796093022208 1809762337195/2199023255552 4397762075167/4398046511104 18691379581377/1099511627776 -2853208138923/2199023255552 1081686155823/1099511627776 2198900371527/2199023255552 9484003972449/549755813888 -409993083487/274877906944 624269202843/549755813888 549749306995/549755813888 1202890677313/68719476736 -234479919987/137438953472 43770342359/34359738368 17181482569/17179869184 305105886561/17179869184 -8318710797/4294967296 47917986711/34359738368 34369887267/34359738368 77383494195/4294967296 -18702554893/8589934592 12832102853/8589934592 8595339937/8589934592 39251205977/2147483648 -5192681453/2147483648 1684210481/1073741824 1074947383/1073741824 4976873247/268435456 -1421197203/536870912 13560849/8388608 537820947/536870912 2523605199/134217728 -191272955/67108864 109869435/67108864 134551879/134217728 159873215/8388608 -25251467/8388608 27365439/16777216 2103587/2097152 80943753/4194304 -26076597/8388608 13428297/8388608 8414415/8388608 1278387/65536 -1638579/524288 812803/524288 2100877/2097152 10307195/524288 -1593841/524288 389369/262144 261631/262144 1292781/65536 -185619/65536 46293/32768 129807/131072 644637/32768 -20343/8192 21957/16384 32011/32768 79747/4096 -253/128 10443/8192 979/1024 19569/1024 -333/256 1251/1024 1899/2048 4773/256 -29/64 151/128 457/512 2333/128 71/128 145/128 55/64 291/16 27/16 33/32 27/32 153/8 23/8 3/4 7/8 22 4 0 1 69/2 0 -9 3/2 12 -1 1/2 1/2 25 -2 -5 1 39 0 3 3/2 27/2 2 -2 1/2 28 -1 3 1 87/2 -6 -9/2 3/2 15 -5/2 2 1/2 31 -4 -2 1 48 -3/2 15/2 3/2 33/2 2 -1/2 1/2 34 0 6 1 105/2 -3 0 3/2 18 -1 -3 1/2 37 0 1 1 57 6 -15/2 3/2 39/2 -1/2 1 1/2 40 -4 -4 1 123/2 -15/2 9/2 3/2 21 -2 -3/2 1/2 43 -1 4 1 66 6 -3 3/2 45/2 0 5/2 1/2 46 -2 -1 1 141/2 -3 9 3/2 24 0 0 1/2 0 26 1/4 25 3/4 25 1 25 2 1 3 26
d25_r1_s3_roundtrip S 25 52 4 2 -3 -5 -6 0.5 -2 -4 1 1 -1 -1 -5 1.5 0 4 2 0.5 1 0 -4 1 2 -2 3 1.5 3 -2 -3 0.5 4 0 4 1 5 4 -2 1.5 6 -1 5 0.5 7 -4 -1 1 8 -5 6 1.5 9 -4 0 0.5 10 -1 -6 1 11 4 1 1.5 12 0 -5 0.5 13 -2 2 1 14 -2 -4 1.5 15 0 3 0.5 16 4 -3 1 17 -1 4 1.5 18 -4 -2 0.5 19 -5 5 1 20 -4 -1 1.5 21 -1 6 0.5 22 4 0 1 23 0 -6 1.5 24 -2 1 0.5 25 -2 -5 1 26 0 2 1.5 27 4 -4 0.5 28 -1 3 1 29 -4 -3 1.5 30 -5 4 0.5 31 -4 -2 1 32 -1 5 1.5 33 4 -1 0.5 34 0 6 1 35 -2 0 1.5 36 -2 -6 0.5 37 0 1 1 38 4 -5 1.5 39 -1 2 0.5 40 -4 -4 1 41 -5 3 1.5 42 -4 -3 0.5 43 -1 4 1 44 4 -2 1.5 45 0 5 0.5 46 -2 -1 1 47 -2 6 1.5 48 0 0 0.5 0 26 1 25 2 1 3 26 I 0.25 1 R 0.25 0 | d25_r1_s3_roundtrip R 2 1 1 25 0 52 4 0 3 -3/2 -5/2 -3 1/2 -2 -4 1 1 -3/2 -3/2 -15/2 3/2 0 2 1 1/2 1 0 -4 1 3 -3 9/2 3/2 3/2 -1 -3/2 1/2 4 0 4 1 15/2 6 -3 3/2 3 -1/2 5/2 1/2 7 -4 -1 1 12 -15/2 9 3/2 9/2 -2 0 1/2 10 -1 -6 1 33/2 6 3/2 3/2 6 0 -5/2 1/2 13 -2 2 1 21 -3 -6 3/2 15/2 0 3/2 1/2 16 4 -3 1 51/2 -3/2 6 3/2 9 -2 -1 1/2 19 -5 5 1 30 -6 -3/2 3/2 21/2 -1/2 3 1/2 22 4 0 1 69/2 0 -9 3/2 12 -1 1/2 1/2 25 -2 -5 1 39 0 3 3/2 27/2 2 -2 1/2 28 -1 3 1 87/2 -6 -9/2 3/2 15 -5/2 2 1/2 31 -4 -2 1 48 -3/2 15/2 3/2 33/2 2 -1/2 1/2 34 0 6 1 105/2 -3 0 3/2 18 -1 -3 1/2 37 0 1 1 57 6 -15/2 3/2 39/2 -1/2 1 1/2 40 -4 -4 1 123/2 -15/2 9/2 3/2 21 -2 -3/2 1/2 43 -1 4 1 66 6 -3 3/2 45/2 0 5/2 1/2 46 -2 -1 1 141/2 -3 9 3/2 24 0 0 1/2 0 26 1 25 2 1 3 26
d25_r1_s3_full_roundtrip S 25 52 4 2 -3 -5 -6 0.5 -2 -4 1 1 -1 -1 -5 1.5 0 4 2 0.5 1 0 -4 1 2 -2 3 1.5 3 -2 -3 0.5 4 0 4 1 5 4 -2 1.5 6 -1 5 0.5 7 -4 -1 1 8 -5 6 1.5 9 -4 0 0.5 10 -1 -6 1 11 4 1 1.5 12 0 -5 0.5 13 -2 2 1 14 -2 -4 1.5 15 0 3 0.5 16 4 -3 1 17 -1 4 1.5 18 -4 -2 0.5 19 -5 5 1 20 -4 -1 1.5 21 -1 6 0.5 22 4 0 1 23 0 -6 1.5 24 -2 1 0.5 25 -2 -5 1 26 0 2 1.5 27 4 -4 0.5 28 -1 3 1 29 -4 -3 1.5 30 -5 4 0.5 31 -4 -2 1 32 -1 5 1.5 33 4 -1 0.5 34 0 6 1 35 -2 0 1.5 36 -2 -6 0.5 37 0 1 1 38 4 -5 1.5 39 -1 2 0.5 40 -4 -4 1 41 -5 3 1.5 42 -4 -3 0.5 43 -1 4 1 44 4 -2 1.5 45 0 5 0.5 46 -2 -1 1 47 -2 6 1.5 48 0 0 0.5 0 26 1 25 2 1 3 26 I 0.25 25 R 0.25 0 | d25_r1_s3_full_roundtrip R 2 1 1 25 0 52 4 0 3 -3/2 -5/2 -3 1/2 -2 -4 1 1 -3/2 -3/2 -15/2 3/2 0 2 1 1/2 1 0 -4 1 3 -3 9/2 3/2 3/2 -1 -3/2 1/2 4 0 4 1 15/2 6 -3 3/2 3 -1/2 5/2 1/2 7 -4 -1 1 12 -15/2 9 3/2 9/2 -2 0 1/2 10 -1 -6 1 33/2 6 3/2 3/2 6 0 -5/2 1/2 13 -2 2 1 21 -3 -6 3/2 15/2 0 3/2 1/2 16 4 -3 1 51/2 -3/2 6 3/2 9 -2 -1 1/2 19 -5 5 1 30 -6 -3/2 3/2 21/2 -1/2 3 1/2 22 4 0 1 69/2 0 -9 3/2 12 -1 1/2 1/2 25 -2 -5 1 39 0 3 3/2 27/2 2 -2 1/2 28 -1 3 1 87/2 -6 -9/2 3/2 15 -5/2 2 1/2 31 -4 -2 1 48 -3/2 15/2 3/2 33/2 2 -1/2 1/2 34 0 6 1 105/2 -3 0 3/2 18 -1 -3 1/2 37 0 1 1 57 6 -15/2 3/2 39/2 -1/2 1 1/2 40 -4 -4 1 123/2 -15/2 9/2 3/2 21 -2 -3/2 1/2 43 -1 4 1 66 6 -3 3/2 45/2 0 5/2 1/2 46 -2 -1 1 141/2 -3 9 3/2 24 0 0 1/2 0 26 1 25 2 1 3 26
d25_r1_s3_remove_existing S 25 52 4 1 -3 -5 -6 0.5 -2 -4 1 1 -1 -1 -5 1.5 0 4 2 0.5 1 0 -4 1 2 -2 3 1.5 3 -2 -3 0.5 4 0 4 1 5 4 -2 1.5 6 -1 5 0.5 7 -4 -1 1 8 -5 6 1.5 9 -4 0 0.5 10 -1 -6 1 11 4 1 1.5 12 0 -5 0.5 13 -2 2 1 14 -2 -4 1.5 15 0 3 0.5 16 4 -3 1 17 -1 4 1.5 18 -4 -2 0.5 19 -5 5 1 20 -4 -1 1.5 21 -1 6 0.5 22 4 0 1 23 0 -6 1.5 24 -2 1 0.5 25 -2 -5 1 26 0 2 1.5 27 4 -4 0.5 28 -1 3 1 29 -4 -3 1.5 30 -5 4 0.5 31 -4 -2 1 32 -1 5 1.5 33 4 -1 0.5 34 0 6 1 35 -2 0 1.5 36 -2 -6 0.5 37 0 1 1 38 4 -5 1.5 39 -1 2 0.5 40 -4 -4 1 41 -5 3 1.5 42 -4 -3 0.5 43 -1 4 1 44 4 -2 1.5 45 0 5 0.5 46 -2 -1 1 47 -2 6 1.5 48 0 0 0.5 0 26 1 25 2 1 3 26 R 1 24 | d25_r1_s3_remove_existing R 1 0 25 0 52 4 0 3 -3/2 -5/2 -3 1/2 -2 -4 1 1 -3/2 -3/2 -15/2 3/2 0 2 1 1/2 1 0 -4 1 3 -3 9/2 3/2 3/2 -1 -3/2 1/2 4 0 4 1 15/2 6 -3 3/2 3 -1/2 5/2 1/2 7 -4 -1 1 12 -15/2 9 3/2 9/2 -2 0 1/2 10 -1 -6 1 33/2 6 3/2 3/2 6 0 -5/2 1/2 13 -2 2 1 21 -3 -6 3/2 15/2 0 3/2 1/2 16 4 -3 1 51/2 -3/2 6 3/2 9 -2 -1 1/2 19 -5 5 1 30 -6 -3/2 3/2 21/2 -1/2 3 1/2 22 4 0 1 69/2 0 -9 3/2 12 -1 1/2 1/2 25 -2 -5 1 39 0 3 3/2 27/2 2 -2 1/2 28 -1 3 1 87/2 -6 -9/2 3/2 15 -5/2 2 1/2 31 -4 -2 1 48 -3/2 15/2 3/2 33/2 2 -1/2 1/2 34 0 6 1 105/2 -3 0 3/2 18 -1 -3 1/2 37 0 1 1 57 6 -15/2 3/2 39/2 -1/2 1 1/2 40 -4 -4 1 123/2 -15/2 9/2 3/2 21 -2 -3/2 1/2 43 -1 4 1 66 6 -3 3/2 45/2 0 5/2 1/2 46 -2 -1 1 141/2 -3 9 3/2 24 0 0 1/2 0 26 1 25 2 1 3 26
unclamped_identity S 2 5 8 0 0 0 0 1 1 1 -1 2 2 0 -2 1 3 1 -3 0.5 4 0 -4 1 -3 1 -2 1 0 1 0.5 1 2 1 3 1 4 1 7 1 | unclamped_identity R 0 2 0 5 8 0 3 0 0 0 1 2 2 -2 2 2 0 -2 1 3/2 1/2 -3/2 1/2 4 0 -4 1 -3 1 -2 1 0 1 1/2 1 2 1 3 1 4 1 7 1
unclamped_insert S 2 5 8 1 0 0 0 1 1 1 -1 2 2 0 -2 1 3 1 -3 0.5 4 0 -4 1 -3 1 -2 1 0 1 0.5 1 2 1 3 1 4 1 7 1 I 0.125 2 | unclamped_insert R 1 1 2 0 7 9 0 3 0 0 0 1 17/10 17/10 -17/10 37/20 71/40 279/160 -71/40 599/320 2 15/8 -2 31/16 2 0 -2 1 3/2 1/2 -3/2 1/2 4 0 -4 1 -3 1 -2 1 0 1 1/8 2 1/2 1 2 1 3 1 4 1 7 1
unclamped_sequence S 2 5 8 4 0 0 0 1 1 1 -1 2 2 0 -2 1 3 1 -3 0.5 4 0 -4 1 -3 1 -2 1 0 1 0.5 1 2 1 3 1 4 1 7 1 I 0.375 1 I 0.125 2 I 0.375 2 I 0.125 1 | unclamped_sequence R 4 1 1 1 1 2 0 9 10 0 3 0 0 0 1 17/10 17/10 -17/10 37/20 71/40 279/160 -71/40 599/320 77/40 293/160 -77/40 613/320 79/40 271/160 -79/40 591/320 2 13/8 -2 29/16 2 0 -2 1 3/2 1/2 -3/2 1/2 4 0 -4 1 -3 1 -2 1 0 1 1/8 2 3/8 2 1/2 1 2 1 3 1 4 1 7 1
unclamped_roundtrip S 2 5 8 2 0 0 0 1 1 1 -1 2 2 0 -2 1 3 1 -3 0.5 4 0 -4 1 -3 1 -2 1 0 1 0.5 1 2 1 3 1 4 1 7 1 I 0.125 1 R 0.125 0 | unclamped_roundtrip R 2 1 1 2 0 5 8 0 3 0 0 0 1 2 2 -2 2 2 0 -2 1 3/2 1/2 -3/2 1/2 4 0 -4 1 -3 1 -2 1 0 1 1/2 1 2 1 3 1 4 1 7 1
unclamped_full_roundtrip S 2 5 8 2 0 0 0 1 1 1 -1 2 2 0 -2 1 3 1 -3 0.5 4 0 -4 1 -3 1 -2 1 0 1 0.5 1 2 1 3 1 4 1 7 1 I 0.125 2 R 0.125 0 | unclamped_full_roundtrip R 2 1 1 2 0 5 8 0 3 0 0 0 1 2 2 -2 2 2 0 -2 1 3/2 1/2 -3/2 1/2 4 0 -4 1 -3 1 -2 1 0 1 1/2 1 2 1 3 1 4 1 7 1
unclamped_remove_existing S 2 5 8 1 0 0 0 1 1 1 -1 2 2 0 -2 1 3 1 -3 0.5 4 0 -4 1 -3 1 -2 1 0 1 0.5 1 2 1 3 1 4 1 7 1 R 0.5 0 | unclamped_remove_existing R 1 0 2 0 5 8 0 3 0 0 0 1 2 2 -2 2 2 0 -2 1 3/2 1/2 -3/2 1/2 4 0 -4 1 -3 1 -2 1 0 1 1/2 1 2 1 3 1 4 1 7 1
unclamped_domain_ends S 2 5 8 2 0 0 0 1 1 1 -1 2 2 0 -2 1 3 1 -3 0.5 4 0 -4 1 -3 1 -2 1 0 1 0.5 1 2 1 3 1 4 1 7 1 I 0 2 I 3 2 | unclamped_domain_ends R 2 1 1 2 0 7 8 0 3 0 0 0 1 8/5 8/5 -8/5 9/5 2 2 -2 2 2 0 -2 1 3/2 1/2 -3/2 1/2 11/4 1/4 -11/4 3/4 4 0 -4 1 -3 1 -2 1 0 2 1/2 1 2 1 3 2 4 1 7 1
periodic_d1_m1_identity P 1 3 4 0 -3 -5 -6 0.5 -2 -4 1 1 -1 -1 -5 1.5 0 1 0.5 1 2 1 3 1 | periodic_d1_m1_identity R 0 1 1 3 4 0 3 -3/2 -5/2 -3 1/2 -2 -4 1 1 -3/2 -3/2 -15/2 3/2 0 1 1/2 1 2 1 3 1
periodic_d1_m1_insert P 1 3 4 1 -3 -5 -6 0.5 -2 -4 1 1 -1 -1 -5 1.5 0 1 0.5 1 2 1 3 1 I 0.125 1 | periodic_d1_m1_insert R 1 1 1 1 4 5 0 3 -3/2 -5/2 -3 1/2 -13/8 -23/8 -2 5/8 -2 -4 1 1 -3/2 -3/2 -15/2 3/2 0 1 1/8 1 1/2 1 2 1 3 1
periodic_d1_m1_sequence P 1 3 4 4 -3 -5 -6 0.5 -2 -4 1 1 -1 -1 -5 1.5 0 1 0.5 1 2 1 3 1 I 0.375 1 I 0.125 1 I 0.375 1 I 0.125 1 | periodic_d1_m1_sequence R 4 1 1 1 1 1 1 5 6 0 3 -3/2 -5/2 -3 1/2 -13/8 -23/8 -2 5/8 -15/8 -29/8 0 7/8 -2 -4 1 1 -3/2 -3/2 -15/2 3/2 0 1 1/8 1 3/8 1 1/2 1 2 1 3 1
periodic_d1_m1_roundtrip P 1 3 4 2 -3 -5 -6 0.5 -2 -4 1 1 -1 -1 -5 1.5 0 1 0.5 1 2 1 3 1 I 0.125 1 R 0.125 0 | periodic_d1_m1_roundtrip R 2 1 1 1 1 3 4 0 3 -3/2 -5/2 -3 1/2 -2 -4 1 1 -3/2 -3/2 -15/2 3/2 0 1 1/2 1 2 1 3 1
periodic_d1_m1_full_roundtrip P 1 3 4 2 -3 -5 -6 0.5 -2 -4 1 1 -1 -1 -5 1.5 0 1 0.5 1 2 1 3 1 I 0.125 1 R 0.125 0 | periodic_d1_m1_full_roundtrip R 2 1 1 1 1 3 4 0 3 -3/2 -5/2 -3 1/2 -2 -4 1 1 -3/2 -3/2 -15/2 3/2 0 1 1/2 1 2 1 3 1
periodic_d1_m1_remove_existing P 1 3 4 1 -3 -5 -6 0.5 -2 -4 1 1 -1 -1 -5 1.5 0 1 0.5 1 2 1 3 1 R 0.5 0 | periodic_d1_m1_remove_existing R 1 0 1 1 3 4 0 3 -3/2 -5/2 -3 1/2 -2 -4 1 1 -3/2 -3/2 -15/2 3/2 0 1 1/2 1 2 1 3 1
periodic_d1_m1_seam P 1 3 4 2 -3 -5 -6 0.5 -2 -4 1 1 -1 -1 -5 1.5 0 1 0.5 1 2 1 3 1 I 0 1 I 3 1 | periodic_d1_m1_seam R 2 1 1 1 1 3 4 0 3 -3/2 -5/2 -3 1/2 -2 -4 1 1 -3/2 -3/2 -15/2 3/2 0 1 1/2 1 2 1 3 1
periodic_d2_m1_identity P 2 4 4 0 -3 -5 -6 0.5 -2 -4 1 1 -1 -1 -5 1.5 0 4 2 0.5 0 1 0.5 2 2 1 3 1 | periodic_d2_m1_identity R 0 2 1 4 4 0 3 -3/2 -5/2 -3 1/2 -2 -4 1 1 -3/2 -3/2 -15/2 3/2 0 2 1 1/2 0 1 1/2 2 2 1 3 1
periodic_d2_m1_insert P 2 4 4 1 -3 -5 -6 0.5 -2 -4 1 1 -1 -1 -5 1.5 0 4 2 0.5 0 1 0.5 2 2 1 3 1 I 0.125 2 | periodic_d2_m1_insert R 1 1 2 1 6 5 0 3 -3/2 -5/2 -3 1/2 -15/8 -29/8 0 7/8 -15/8 -57/16 -9/32 15/16 -15/8 -27/8 -9/8 9/8 -3/2 -3/2 -15/2 3/2 0 2 1 1/2 0 1 1/8 2 1/2 2 2 1 3 1
periodic_d2_m1_sequence P 2 4 4 4 -3 -5 -6 0.5 -2 -4 1 1 -1 -1 -5 1.5 0 4 2 0.5 0 1 0.5 2 2 1 3 1 I 0.375 1 I 0.125 2 I 0.375 2 I 0.125 1 | periodic_d2_m1_sequence R 4 1 1 1 1 2 1 8 6 0 3 -3/2 -5/2 -3 1/2 -15/8 -29/8 0 7/8 -15/8 -57/16 -9/32 15/16 -15/8 -55/16 -27/32 17/16 -41/24 -41/16 -371/96 61/48 -13/8 -17/8 -43/8 11/8 -3/2 -3/2 -15/2 3/2 0 2 1 1/2 0 1 1/8 2 3/8 2 1/2 2 2 1 3 1
periodic_d2_m1_roundtrip P 2 4 4 2 -3 -5 -6 0.5 -2 -4 1 1 -1 -1 -5 1.5 0 4 2 0.5 0 1 0.5 2 2 1 3 1 I 0.125 1 R 0.125 0 | periodic_d2_m1_roundtrip R 2 1 1 2 1 4 4 0 3 -3/2 -5/2 -3 1/2 -2 -4 1 1 -3/2 -3/2 -15/2 3/2 0 2 1 1/2 0 1 1/2 2 2 1 3 1
periodic_d2_m1_full_roundtrip P 2 4 4 2 -3 -5 -6 0.5 -2 -4 1 1 -1 -1 -5 1.5 0 4 2 0.5 0 1 0.5 2 2 1 3 1 I 0.125 2 R 0.125 0 | periodic_d2_m1_full_roundtrip R 2 1 1 2 1 4 4 0 3 -3/2 -5/2 -3 1/2 -2 -4 1 1 -3/2 -3/2 -15/2 3/2 0 2 1 1/2 0 1 1/2 2 2 1 3 1
periodic_d2_m1_remove_existing P 2 4 4 1 -3 -5 -6 0.5 -2 -4 1 1 -1 -1 -5 1.5 0 4 2 0.5 0 1 0.5 2 2 1 3 1 R 0.5 1 | periodic_d2_m1_remove_existing R 1 0 2 1 4 4 0 3 -3/2 -5/2 -3 1/2 -2 -4 1 1 -3/2 -3/2 -15/2 3/2 0 2 1 1/2 0 1 1/2 2 2 1 3 1
periodic_d2_m1_seam P 2 4 4 2 -3 -5 -6 0.5 -2 -4 1 1 -1 -1 -5 1.5 0 4 2 0.5 0 1 0.5 2 2 1 3 1 I 0 2 I 3 2 | periodic_d2_m1_seam R 2 1 1 2 1 5 4 0 3 -11/6 -7/2 -1/3 5/6 -2 -4 1 1 -3/2 -3/2 -15/2 3/2 0 2 1 1/2 -3/2 -5/2 -3 1/2 0 2 1/2 2 2 1 3 2
periodic_d2_m1_seam_roundtrip P 2 4 4 2 -3 -5 -6 0.5 -2 -4 1 1 -1 -1 -5 1.5 0 4 2 0.5 0 1 0.5 2 2 1 3 1 I 3 2 R 0 1 | periodic_d2_m1_seam_roundtrip R 2 1 1 2 1 4 4 0 3 -3/2 -5/2 -3 1/2 -2 -4 1 1 -3/2 -3/2 -15/2 3/2 0 2 1 1/2 0 1 1/2 2 2 1 3 1
periodic_d2_m2_identity P 2 5 4 0 -3 -5 -6 0.5 -2 -4 1 1 -1 -1 -5 1.5 0 4 2 0.5 1 0 -4 1 0 2 0.5 2 2 1 3 2 | periodic_d2_m2_identity R 0 2 1 5 4 0 3 -3/2 -5/2 -3 1/2 -2 -4 1 1 -3/2 -3/2 -15/2 3/2 0 2 1 1/2 1 0 -4 1 0 2 1/2 2 2 1 3 2
periodic_d2_m2_insert P 2 5 4 1 -3 -5 -6 0.5 -2 -4 1 1 -1 -1 -5 1.5 0 4 2 0.5 1 0 -4 1 0 2 0.5 2 2 1 3 2 I 0.125 2 | periodic_d2_m2_insert R 1 1 2 1 7 5 0 3 -3/2 -5/2 -3 1/2 -13/8 -23/8 -2 5/8 -27/16 -3 -57/32 3/4 -15/8 -27/8 -9/8 9/8 -3/2 -3/2 -15/2 3/2 0 2 1 1/2 1 0 -4 1 0 2 1/8 2 1/2 2 2 1 3 2
periodic_d2_m2_sequence P 2 5 4 4 -3 -5 -6 0.5 -2 -4 1 1 -1 -1 -5 1.5 0 4 2 0.5 1 0 -4 1 0 2 0.5 2 2 1 3 2 I 0.375 1 I 0.125 2 I 0.375 2 I 0.125 1 | periodic_d2_m2_sequence R 4 1 1 1 1 2 1 9 6 0 3 -3/2 -5/2 -3 1/2 -13/8 -23/8 -2 5/8 -27/16 -3 -57/32 3/4 -29/16 -13/4 -43/32 1 -27/16 -5/2 -129/32 5/4 -13/8 -17/8 -43/8 11/8 -3/2 -3/2 -15/2 3/2 0 2 1 1/2 1 0 -4 1 0 2 1/8 2 3/8 2 1/2 2 2 1 3 2
periodic_d2_m2_roundtrip P 2 5 4 2 -3 -5 -6 0.5 -2 -4 1 1 -1 -1 -5 1.5 0 4 2 0.5 1 0 -4 1 0 2 0.5 2 2 1 3 2 I 0.125 1 R 0.125 0 | periodic_d2_m2_roundtrip R 2 1 1 2 1 5 4 0 3 -3/2 -5/2 -3 1/2 -2 -4 1 1 -3/2 -3/2 -15/2 3/2 0 2 1 1/2 1 0 -4 1 0 2 1/2 2 2 1 3 2
periodic_d2_m2_full_roundtrip P 2 5 4 2 -3 -5 -6 0.5 -2 -4 1 1 -1 -1 -5 1.5 0 4 2 0.5 1 0 -4 1 0 2 0.5 2 2 1 3 2 I 0.125 2 R 0.125 0 | periodic_d2_m2_full_roundtrip R 2 1 1 2 1 5 4 0 3 -3/2 -5/2 -3 1/2 -2 -4 1 1 -3/2 -3/2 -15/2 3/2 0 2 1 1/2 1 0 -4 1 0 2 1/2 2 2 1 3 2
periodic_d2_m2_remove_existing P 2 5 4 1 -3 -5 -6 0.5 -2 -4 1 1 -1 -1 -5 1.5 0 4 2 0.5 1 0 -4 1 0 2 0.5 2 2 1 3 2 R 0.5 1 | periodic_d2_m2_remove_existing R 1 0 2 1 5 4 0 3 -3/2 -5/2 -3 1/2 -2 -4 1 1 -3/2 -3/2 -15/2 3/2 0 2 1 1/2 1 0 -4 1 0 2 1/2 2 2 1 3 2
periodic_d2_m2_seam P 2 5 4 2 -3 -5 -6 0.5 -2 -4 1 1 -1 -1 -5 1.5 0 4 2 0.5 1 0 -4 1 0 2 0.5 2 2 1 3 2 I 0 2 I 3 2 | periodic_d2_m2_seam R 2 1 1 2 1 5 4 0 3 -3/2 -5/2 -3 1/2 -2 -4 1 1 -3/2 -3/2 -15/2 3/2 0 2 1 1/2 1 0 -4 1 0 2 1/2 2 2 1 3 2
periodic_d3_m1_identity P 3 5 4 0 -3 -5 -6 0.5 -2 -4 1 1 -1 -1 -5 1.5 0 4 2 0.5 1 0 -4 1 0 1 0.5 3 2 1 3 1 | periodic_d3_m1_identity R 0 3 1 5 4 0 3 -3/2 -5/2 -3 1/2 -2 -4 1 1 -3/2 -3/2 -15/2 3/2 0 2 1 1/2 1 0 -4 1 0 1 1/2 3 2 1 3 1
periodic_d3_m1_insert P 3 5 4 1 -3 -5 -6 0.5 -2 -4 1 1 -1 -1 -5 1.5 0 4 2 0.5 1 0 -4 1 0 1 0.5 3 2 1 3 1 I 0.125 3 | periodic_d3_m1_insert R 1 1 3 1 8 5 0 3 -3/2 -5/2 -3 1/2 -31/16 -61/16 1/2 15/16 -109/64 -163/64 -125/32 81/64 -423/256 -601/256 -547/128 329/256 -3/2 -7/4 -43/8 43/32 -9/8 -5/8 -43/8 5/4 0 2 1 1/2 1 0 -4 1 0 1 1/8 3 1/2 3 2 1 3 1
periodic_d3_m1_sequence P 3 5 4 4 -3 -5 -6 0.5 -2 -4 1 1 -1 -1 -5 1.5 0 4 2 0.5 1 0 -4 1 0 1 0.5 3 2 1 3 1 I 0.375 1 I 0.125 3 I 0.375 3 I 0.125 1 | periodic_d3_m1_sequence R 4 1 1 1 1 3 1 11 6 0 3 -3/2 -5/2 -3 1/2 -31/16 -61/16 1/2 15/16 -109/64 -163/64 -125/32 81/64 -423/256 -601/256 -547/128 329/256 -397/256 -499/256 -641/128 339/256 -1037/768 -337/256 -2017/384 995/768 -229/256 -371/2304 -441/128 2419/2304 -2/3 5/12 -61/24 89/96 -3/8 9/8 -9/8 3/4 0 2 1 1/2 1 0 -4 1 0 1 1/8 3 3/8 3 1/2 3 2 1 3 1
periodic_d3_m1_roundtrip P 3 5 4 2 -3 -5 -6 0.5 -2 -4 1 1 -1 -1 -5 1.5 0 4 2 0.5 1 0 -4 1 0 1 0.5 3 2 1 3 1 I 0.125 1 R 0.125 0 | periodic_d3_m1_roundtrip R 2 1 1 3 1 5 4 0 3 -3/2 -5/2 -3 1/2 -2 -4 1 1 -3/2 -3/2 -15/2 3/2 0 2 1 1/2 1 0 -4 1 0 1 1/2 3 2 1 3 1
periodic_d3_m1_full_roundtrip P 3 5 4 2 -3 -5 -6 0.5 -2 -4 1 1 -1 -1 -5 1.5 0 4 2 0.5 1 0 -4 1 0 1 0.5 3 2 1 3 1 I 0.125 3 R 0.125 0 | periodic_d3_m1_full_roundtrip R 2 1 1 3 1 5 4 0 3 -3/2 -5/2 -3 1/2 -2 -4 1 1 -3/2 -3/2 -15/2 3/2 0 2 1 1/2 1 0 -4 1 0 1 1/2 3 2 1 3 1
periodic_d3_m1_remove_existing P 3 5 4 1 -3 -5 -6 0.5 -2 -4 1 1 -1 -1 -5 1.5 0 4 2 0.5 1 0 -4 1 0 1 0.5 3 2 1 3 1 R 0.5 2 | periodic_d3_m1_remove_existing R 1 0 3 1 5 4 0 3 -3/2 -5/2 -3 1/2 -2 -4 1 1 -3/2 -3/2 -15/2 3/2 0 2 1 1/2 1 0 -4 1 0 1 1/2 3 2 1 3 1
periodic_d3_m1_seam P 3 5 4 2 -3 -5 -6 0.5 -2 -4 1 1 -1 -1 -5 1.5 0 4 2 0.5 1 0 -4 1 0 1 0.5 3 2 1 3 1 I 0 3 I 3 3 | periodic_d3_m1_seam R 2 1 1 3 1 7 4 0 3 -7/4 -101/36 -3 43/36 -5/3 -7/3 -14/3 4/3 -3/2 -3/2 -15/2 3/2 0 2 1 1/2 1 0 -4 1 -3/2 -5/2 -3 1/2 -23/12 -15/4 1/3 11/12 0 3 1/2 3 2 1 3 3
periodic_d3_m1_seam_roundtrip P 3 5 4 2 -3 -5 -6 0.5 -2 -4 1 1 -1 -1 -5 1.5 0 4 2 0.5 1 0 -4 1 0 1 0.5 3 2 1 3 1 I 3 3 R 0 1 | periodic_d3_m1_seam_roundtrip R 2 1 1 3 1 5 4 0 3 -3/2 -5/2 -3 1/2 -2 -4 1 1 -3/2 -3/2 -15/2 3/2 0 2 1 1/2 1 0 -4 1 0 1 1/2 3 2 1 3 1
periodic_d3_m3_identity P 3 7 4 0 -3 -5 -6 0.5 -2 -4 1 1 -1 -1 -5 1.5 0 4 2 0.5 1 0 -4 1 2 -2 3 1.5 3 -2 -3 0.5 0 3 0.5 3 2 1 3 3 | periodic_d3_m3_identity R 0 3 1 7 4 0 3 -3/2 -5/2 -3 1/2 -2 -4 1 1 -3/2 -3/2 -15/2 3/2 0 2 1 1/2 1 0 -4 1 3 -3 9/2 3/2 3/2 -1 -3/2 1/2 0 3 1/2 3 2 1 3 3
periodic_d3_m3_insert P 3 7 4 1 -3 -5 -6 0.5 -2 -4 1 1 -1 -1 -5 1.5 0 4 2 0.5 1 0 -4 1 2 -2 3 1.5 3 -2 -3 0.5 0 3 0.5 3 2 1 3 3 I 0.125 3 | periodic_d3_m3_insert R 1 1 3 1 10 5 0 3 -3/2 -5/2 -3 1/2 -13/8 -23/8 -2 5/8 -27/16 -3 -57/32 3/4 -27/16 -187/64 -241/128 109/128 -27/16 -43/16 -35/16 37/32 -9/8 -5/8 -43/8 5/4 0 2 1 1/2 1 0 -4 1 3 -3 9/2 3/2 3/2 -1 -3/2 1/2 0 3 1/8 3 1/2 3 2 1 3 3
periodic_d3_m3_sequence P 3 7 4 4 -3 -5 -6 0.5 -2 -4 1 1 -1 -1 -5 1.5 0 4 2 0.5 1 0 -4 1 2 -2 3 1.5 3 -2 -3 0.5 0 3 0.5 3 2 1 3 3 I 0.375 1 I 0.125 3 I 0.375 3 I 0.125 1 | periodic_d3_m3_sequence R 4 1 1 1 1 3 1 13 6 0 3 -3/2 -5/2 -3 1/2 -13/8 -23/8 -2 5/8 -27/16 -3 -57/32 3/4 -27/16 -187/64 -241/128 109/128 -27/16 -177/64 -267/128 135/128 -23/16 -115/64 -457/128 149/128 -15/16 -25/64 -339/128 127/128 -11/16 5/16 -35/16 29/32 -3/8 9/8 -9/8 3/4 0 2 1 1/2 1 0 -4 1 3 -3 9/2 3/2 3/2 -1 -3/2 1/2 0 3 1/8 3 3/8 3 1/2 3 2 1 3 3
periodic_d3_m3_roundtrip P 3 7 4 2 -3 -5 -6 0.5 -2 -4 1 1 -1 -1 -5 1.5 0 4 2 0.5 1 0 -4 1 2 -2 3 1.5 3 -2 -3 0.5 0 3 0.5 3 2 1 3 3 I 0.125 1 R 0.125 0 | periodic_d3_m3_roundtrip R 2 1 1 3 1 7 4 0 3 -3/2 -5/2 -3 1/2 -2 -4 1 1 -3/2 -3/2 -15/2 3/2 0 2 1 1/2 1 0 -4 1 3 -3 9/2 3/2 3/2 -1 -3/2 1/2 0 3 1/2 3 2 1 3 3
periodic_d3_m3_full_roundtrip P 3 7 4 2 -3 -5 -6 0.5 -2 -4 1 1 -1 -1 -5 1.5 0 4 2 0.5 1 0 -4 1 2 -2 3 1.5 3 -2 -3 0.5 0 3 0.5 3 2 1 3 3 I 0.125 3 R 0.125 0 | periodic_d3_m3_full_roundtrip R 2 1 1 3 1 7 4 0 3 -3/2 -5/2 -3 1/2 -2 -4 1 1 -3/2 -3/2 -15/2 3/2 0 2 1 1/2 1 0 -4 1 3 -3 9/2 3/2 3/2 -1 -3/2 1/2 0 3 1/2 3 2 1 3 3
periodic_d3_m3_remove_existing P 3 7 4 1 -3 -5 -6 0.5 -2 -4 1 1 -1 -1 -5 1.5 0 4 2 0.5 1 0 -4 1 2 -2 3 1.5 3 -2 -3 0.5 0 3 0.5 3 2 1 3 3 R 0.5 2 | periodic_d3_m3_remove_existing R 1 0 3 1 7 4 0 3 -3/2 -5/2 -3 1/2 -2 -4 1 1 -3/2 -3/2 -15/2 3/2 0 2 1 1/2 1 0 -4 1 3 -3 9/2 3/2 3/2 -1 -3/2 1/2 0 3 1/2 3 2 1 3 3
periodic_d3_m3_seam P 3 7 4 2 -3 -5 -6 0.5 -2 -4 1 1 -1 -1 -5 1.5 0 4 2 0.5 1 0 -4 1 2 -2 3 1.5 3 -2 -3 0.5 0 3 0.5 3 2 1 3 3 I 0 3 I 3 3 | periodic_d3_m3_seam R 2 1 1 3 1 7 4 0 3 -3/2 -5/2 -3 1/2 -2 -4 1 1 -3/2 -3/2 -15/2 3/2 0 2 1 1/2 1 0 -4 1 3 -3 9/2 3/2 3/2 -1 -3/2 1/2 0 3 1/2 3 2 1 3 3
periodic_d5_m1_identity P 5 7 4 0 -3 -5 -6 0.5 -2 -4 1 1 -1 -1 -5 1.5 0 4 2 0.5 1 0 -4 1 2 -2 3 1.5 3 -2 -3 0.5 0 1 0.5 5 2 1 3 1 | periodic_d5_m1_identity R 0 5 1 7 4 0 3 -3/2 -5/2 -3 1/2 -2 -4 1 1 -3/2 -3/2 -15/2 3/2 0 2 1 1/2 1 0 -4 1 3 -3 9/2 3/2 3/2 -1 -3/2 1/2 0 1 1/2 5 2 1 3 1
periodic_d5_m1_insert P 5 7 4 1 -3 -5 -6 0.5 -2 -4 1 1 -1 -1 -5 1.5 0 4 2 0.5 1 0 -4 1 2 -2 3 1.5 3 -2 -3 0.5 0 1 0.5 5 2 1 3 1 I 0.125 5 | periodic_d5_m1_insert R 1 1 5 1 12 5 0 3 -3/2 -5/2 -3 1/2 -31/16 -61/16 1/2 15/16 -103/64 -33/16 -713/128 11/8 -33/64 379/512 -1483/1024 827/1024 3/32 1699/2048 -6931/4096 3257/4096 675/4096 6735/8192 -28485/16384 13065/16384 387/1024 819/1024 -1923/1024 1647/2048 159/256 159/256 -561/256 27/32 15/16 3/16 -81/32 15/16 3/2 -3/4 -15/8 9/8 3 -3 9/2 3/2 3/2 -1 -3/2 1/2 0 1 1/8 5 1/2 5 2 1 3 1
periodic_d5_m1_sequence P 5 7 4 4 -3 -5 -6 0.5 -2 -4 1 1 -1 -1 -5 1.5 0 4 2 0.5 1 0 -4 1 2 -2 3 1.5 3 -2 -3 0.5 0 1 0.5 5 2 1 3 1 I 0.375 1 I 0.125 5 I 0.375 5 I 0.125 1 | periodic_d5_m1_sequence R 4 1 1 1 1 5 1 17 6 0 3 -3/2 -5/2 -3 1/2 -31/16 -61/16 1/2 15/16 -103/64 -33/16 -713/128 11/8 -33/64 379/512 -1483/1024 827/1024 3/32 1699/2048 -6931/4096 3257/4096 675/4096 6735/8192 -28485/16384 13065/16384 1257/4096 6613/8192 -30007/16384 13139/16384 5681/12288 17765/24576 -32797/16384 40355/49152 23737/36864 39797/73728 -108413/49152 14107/16384 10937/12288 1631/8192 -984983/442368 45803/49152 16171/12288 -293099/663552 -1729463/1327104 1395859/1327104 4697/3072 -21071/27648 -2585/3072 61477/55296 4117/2304 -889/768 -331/2304 341/288 101/48 -79/48 85/96 61/48 5/2 -9/4 19/8 11/8 3 -3 9/2 3/2 3/2 -1 -3/2 1/2 0 1 1/8 5 3/8 5 1/2 5 2 1 3 1
periodic_d5_m1_roundtrip P 5 7 4 2 -3 -5 -6 0.5 -2 -4 1 1 -1 -1 -5 1.5 0 4 2 0.5 1 0 -4 1 2 -2 3 1.5 3 -2 -3 0.5 0 1 0.5 5 2 1 3 1 I 0.125 1 R 0.125 0 | periodic_d5_m1_roundtrip R 2 1 1 5 1 7 4 0 3 -3/2 -5/2 -3 1/2 -2 -4 1 1 -3/2 -3/2 -15/2 3/2 0 2 1 1/2 1 0 -4 1 3 -3 9/2 3/2 3/2 -1 -3/2 1/2 0 1 1/2 5 2 1 3 1
periodic_d5_m1_full_roundtrip P 5 7 4 2 -3 -5 -6 0.5 -2 -4 1 1 -1 -1 -5 1.5 0 4 2 0.5 1 0 -4 1 2 -2 3 1.5 3 -2 -3 0.5 0 1 0.5 5 2 1 3 1 I 0.125 5 R 0.125 0 | periodic_d5_m1_full_roundtrip R 2 1 1 5 1 7 4 0 3 -3/2 -5/2 -3 1/2 -2 -4 1 1 -3/2 -3/2 -15/2 3/2 0 2 1 1/2 1 0 -4 1 3 -3 9/2 3/2 3/2 -1 -3/2 1/2 0 1 1/2 5 2 1 3 1
periodic_d5_m1_remove_existing P 5 7 4 1 -3 -5 -6 0.5 -2 -4 1 1 -1 -1 -5 1.5 0 4 2 0.5 1 0 -4 1 2 -2 3 1.5 3 -2 -3 0.5 0 1 0.5 5 2 1 3 1 R 0.5 4 | periodic_d5_m1_remove_existing R 1 0 5 1 7 4 0 3 -3/2 -5/2 -3 1/2 -2 -4 1 1 -3/2 -3/2 -15/2 3/2 0 2 1 1/2 1 0 -4 1 3 -3 9/2 3/2 3/2 -1 -3/2 1/2 0 1 1/2 5 2 1 3 1
periodic_d5_m1_seam P 5 7 4 2 -3 -5 -6 0.5 -2 -4 1 1 -1 -1 -5 1.5 0 4 2 0.5 1 0 -4 1 2 -2 3 1.5 3 -2 -3 0.5 0 1 0.5 5 2 1 3 1 I 0 5 I 3 5 | periodic_d5_m1_seam R 2 1 1 5 1 11 4 0 3 -1/6 463/648 -2219/1296 1057/1296 1/12 97/108 -19/12 169/216 13/36 11/12 -61/36 7/9 2/3 2/3 -7/3 5/6 1 0 -4 1 3 -3 9/2 3/2 3/2 -1 -3/2 1/2 -3/2 -5/2 -3 1/2 -23/12 -15/4 1/3 11/12 -59/36 -20/9 -361/72 4/3 -2/3 25/72 -851/432 127/144 0 5 1/2 5 2 1 3 5
periodic_d5_m1_seam_roundtrip P 5 7 4 2 -3 -5 -6 0.5 -2 -4 1 1 -1 -1 -5 1.5 0 4 2 0.5 1 0 -4 1 2 -2 3 1.5 3 -2 -3 0.5 0 1 0.5 5 2 1 3 1 I 3 5 R 0 1 | periodic_d5_m1_seam_roundtrip R 2 1 1 5 1 7 4 0 3 -3/2 -5/2 -3 1/2 -2 -4 1 1 -3/2 -3/2 -15/2 3/2 0 2 1 1/2 1 0 -4 1 3 -3 9/2 3/2 3/2 -1 -3/2 1/2 0 1 1/2 5 2 1 3 1
periodic_d5_m5_identity P 5 11 4 0 -3 -5 -6 0.5 -2 -4 1 1 -1 -1 -5 1.5 0 4 2 0.5 1 0 -4 1 2 -2 3 1.5 3 -2 -3 0.5 4 0 4 1 5 4 -2 1.5 6 -1 5 0.5 7 -4 -1 1 0 5 0.5 5 2 1 3 5 | periodic_d5_m5_identity R 0 5 1 11 4 0 3 -3/2 -5/2 -3 1/2 -2 -4 1 1 -3/2 -3/2 -15/2 3/2 0 2 1 1/2 1 0 -4 1 3 -3 9/2 3/2 3/2 -1 -3/2 1/2 4 0 4 1 15/2 6 -3 3/2 3 -1/2 5/2 1/2 7 -4 -1 1 0 5 1/2 5 2 1 3 5
periodic_d5_m5_insert P 5 11 4 1 -3 -5 -6 0.5 -2 -4 1 1 -1 -1 -5 1.5 0 4 2 0.5 1 0 -4 1 2 -2 3 1.5 3 -2 -3 0.5 4 0 4 1 5 4 -2 1.5 6 -1 5 0.5 7 -4 -1 1 0 5 0.5 5 2 1 3 5 I 0.125 5 | periodic_d5_m5_insert R 1 1 5 1 16 5 0 3 -3/2 -5/2 -3 1/2 -13/8 -23/8 -2 5/8 -27/16 -3 -57/32 3/4 -27/16 -187/64 -241/128 109/128 -835/512 -1383/512 -133/64 473/512 -3123/2048 -4911/2048 -4629/2048 993/1024 -309/256 -381/256 -1437/512 567/512 -57/128 21/128 -207/64 129/128 9/16 15/16 -21/32 3/4 3/2 -3/4 -15/8 9/8 3 -3 9/2 3/2 3/2 -1 -3/2 1/2 4 0 4 1 15/2 6 -3 3/2 3 -1/2 5/2 1/2 7 -4 -1 1 0 5 1/8 5 1/2 5 2 1 3 5
periodic_d5_m5_sequence P 5 11 4 4 -3 -5 -6 0.5 -2 -4 1 1 -1 -1 -5 1.5 0 4 2 0.5 1 0 -4 1 2 -2 3 1.5 3 -2 -3 0.5 4 0 4 1 5 4 -2 1.5 6 -1 5 0.5 7 -4 -1 1 0 5 0.5 5 2 1 3 5 I 0.375 1 I 0.125 5 I 0.375 5 I 0.125 1 | periodic_d5_m5_sequence R 4 1 1 1 1 5 1 21 6 0 3 -3/2 -5/2 -3 1/2 -13/8 -23/8 -2 5/8 -27/16 -3 -57/32 3/4 -27/16 -187/64 -241/128 109/128 -835/512 -1383/512 -133/64 473/512 -3123/2048 -4911/2048 -4629/2048 993/1024 -2689/2048 -3669/2048 -5375/2048 1087/1024 -1851/2048 -1751/2048 -6013/2048 1073/1024 -729/2048 -141/2048 -4791/2048 975/1024 509/2048 193/2048 -3877/2048 961/1024 1935/2048 -773/2048 -1839/2048 1055/1024 331/256 -157/256 -205/512 551/512 213/128 -129/128 15/64 147/128 33/16 -25/16 35/32 5/4 5/2 -9/4 19/8 11/8 3 -3 9/2 3/2 3/2 -1 -3/2 1/2 4 0 4 1 15/2 6 -3 3/2 3 -1/2 5/2 1/2 7 -4 -1 1 0 5 1/8 5 3/8 5 1/2 5 2 1 3 5
periodic_d5_m5_roundtrip P 5 11 4 2 -3 -5 -6 0.5 -2 -4 1 1 -1 -1 -5 1.5 0 4 2 0.5 1 0 -4 1 2 -2 3 1.5 3 -2 -3 0.5 4 0 4 1 5 4 -2 1.5 6 -1 5 0.5 7 -4 -1 1 0 5 0.5 5 2 1 3 5 I 0.125 1 R 0.125 0 | periodic_d5_m5_roundtrip R 2 1 1 5 1 11 4 0 3 -3/2 -5/2 -3 1/2 -2 -4 1 1 -3/2 -3/2 -15/2 3/2 0 2 1 1/2 1 0 -4 1 3 -3 9/2 3/2 3/2 -1 -3/2 1/2 4 0 4 1 15/2 6 -3 3/2 3 -1/2 5/2 1/2 7 -4 -1 1 0 5 1/2 5 2 1 3 5
periodic_d5_m5_full_roundtrip P 5 11 4 2 -3 -5 -6 0.5 -2 -4 1 1 -1 -1 -5 1.5 0 4 2 0.5 1 0 -4 1 2 -2 3 1.5 3 -2 -3 0.5 4 0 4 1 5 4 -2 1.5 6 -1 5 0.5 7 -4 -1 1 0 5 0.5 5 2 1 3 5 I 0.125 5 R 0.125 0 | periodic_d5_m5_full_roundtrip R 2 1 1 5 1 11 4 0 3 -3/2 -5/2 -3 1/2 -2 -4 1 1 -3/2 -3/2 -15/2 3/2 0 2 1 1/2 1 0 -4 1 3 -3 9/2 3/2 3/2 -1 -3/2 1/2 4 0 4 1 15/2 6 -3 3/2 3 -1/2 5/2 1/2 7 -4 -1 1 0 5 1/2 5 2 1 3 5
periodic_d5_m5_remove_existing P 5 11 4 1 -3 -5 -6 0.5 -2 -4 1 1 -1 -1 -5 1.5 0 4 2 0.5 1 0 -4 1 2 -2 3 1.5 3 -2 -3 0.5 4 0 4 1 5 4 -2 1.5 6 -1 5 0.5 7 -4 -1 1 0 5 0.5 5 2 1 3 5 R 0.5 4 | periodic_d5_m5_remove_existing R 1 0 5 1 11 4 0 3 -3/2 -5/2 -3 1/2 -2 -4 1 1 -3/2 -3/2 -15/2 3/2 0 2 1 1/2 1 0 -4 1 3 -3 9/2 3/2 3/2 -1 -3/2 1/2 4 0 4 1 15/2 6 -3 3/2 3 -1/2 5/2 1/2 7 -4 -1 1 0 5 1/2 5 2 1 3 5
periodic_d5_m5_seam P 5 11 4 2 -3 -5 -6 0.5 -2 -4 1 1 -1 -1 -5 1.5 0 4 2 0.5 1 0 -4 1 2 -2 3 1.5 3 -2 -3 0.5 4 0 4 1 5 4 -2 1.5 6 -1 5 0.5 7 -4 -1 1 0 5 0.5 5 2 1 3 5 I 0 5 I 3 5 | periodic_d5_m5_seam R 2 1 1 5 1 11 4 0 3 -3/2 -5/2 -3 1/2 -2 -4 1 1 -3/2 -3/2 -15/2 3/2 0 2 1 1/2 1 0 -4 1 3 -3 9/2 3/2 3/2 -1 -3/2 1/2 4 0 4 1 15/2 6 -3 3/2 3 -1/2 5/2 1/2 7 -4 -1 1 0 5 1/2 5 2 1 3 5
periodic_d8_m1_identity P 8 10 4 0 -3 -5 -6 0.5 -2 -4 1 1 -1 -1 -5 1.5 0 4 2 0.5 1 0 -4 1 2 -2 3 1.5 3 -2 -3 0.5 4 0 4 1 5 4 -2 1.5 6 -1 5 0.5 0 1 0.5 8 2 1 3 1 | periodic_d8_m1_identity R 0 8 1 10 4 0 3 -3/2 -5/2 -3 1/2 -2 -4 1 1 -3/2 -3/2 -15/2 3/2 0 2 1 1/2 1 0 -4 1 3 -3 9/2 3/2 3/2 -1 -3/2 1/2 4 0 4 1 15/2 6 -3 3/2 3 -1/2 5/2 1/2 0 1 1/2 8 2 1 3 1
periodic_d8_m1_insert P 8 10 4 1 -3 -5 -6 0.5 -2 -4 1 1 -1 -1 -5 1.5 0 4 2 0.5 1 0 -4 1 2 -2 3 1.5 3 -2 -3 0.5 4 0 4 1 5 4 -2 1.5 6 -1 5 0.5 0 1 0.5 8 2 1 3 1 I 0.125 8 | periodic_d8_m1_insert R 1 1 8 1 18 5 0 3 -3/2 -5/2 -3 1/2 -31/16 -61/16 1/2 15/16 -103/64 -33/16 -713/128 11/8 -33/64 379/512 -1483/1024 827/1024 3805/8192 4377/8192 -2603/1024 7113/8192 123239/65536 -88877/65536 54797/65536 39701/32768 1027653/524288 -25483/16384 67321/131072 501355/524288 4573065/2097152 -1363033/1048576 715841/1048576 1823437/2097152 18523167/8388608 -2657529/2097152 1482147/2097152 7217049/8388608 1200993/524288 -1225959/1048576 816771/1048576 873369/1048576 19665/8192 -135327/131072 58893/65536 26541/32768 41895/16384 -3501/4096 2265/2048 13065/16384 5715/2048 -645/1024 2973/2048 1647/2048 807/256 -21/64 63/32 27/32 15/4 3/16 81/32 15/16 39/8 3/2 9/4 9/8 15/2 6 -3 3/2 3 -1/2 5/2 1/2 0 1 1/8 8 1/2 8 2 1 3 1
periodic_d8_m1_sequence P 8 10 4 4 -3 -5 -6 0.5 -2 -4 1 1 -1 -1 -5 1.5 0 4 2 0.5 1 0 -4 1 2 -2 3 1.5 3 -2 -3 0.5 4 0 4 1 5 4 -2 1.5 6 -1 5 0.5 0 1 0.5 8 2 1 3 1 I 0.375 1 I 0.125 8 I 0.375 8 I 0.125 1 | periodic_d8_m1_sequence R 4 1 1 1 1 8 1 26 6 0 3 -3/2 -5/2 -3 1/2 -31/16 -61/16 1/2 15/16 -103/64 -33/16 -713/128 11/8 -33/64 379/512 -1483/1024 827/1024 3805/8192 4377/8192 -2603/1024 7113/8192 123239/65536 -88877/65536 54797/65536 39701/32768 1027653/524288 -25483/16384 67321/131072 501355/524288 4573065/2097152 -1363033/1048576 715841/1048576 1823437/2097152 18523167/8388608 -2657529/2097152 1482147/2097152 7217049/8388608 18984981/8388608 -2520455/2097152 1583077/2097152 7063651/8388608 58644853/25165824 -7042043/6291456 1728291/2097152 20780947/25165824 182354645/75497472 -6410213/6291456 17484397/18874368 6821739/8388608 21191151/8388608 -16970465/18874368 6767017/6291456 60908369/75497472 605674631/226492416 -128294615/169869312 24237709/18874368 61118155/75497472 651774605/226492416 -290927179/509607936 789454457/509607936 187050107/226492416 79823767/25165824 -49781959/169869312 2764532093/1528823808 1757123201/2038431744 7412942669/2038431744 1115684621/4586471424 8273366017/4586471424 17031257779/18345885696 164303155/42467328 390930563/764411904 1377208481/764411904 734993011/764411904 916561/221184 26888011/31850496 27607471/15925248 7980439/7962624 1978015/442368 418777/331776 260009/165888 1395859/1327104 89659/18432 49577/27648 69599/55296 61477/55296 12301/2304 475/192 215/288 341/288 71/12 161/48 -5/96 61/48 53/8 9/2 -5/4 11/8 15/2 6 -3 3/2 3 -1/2 5/2 1/2 0 1 1/8 8 3/8 8 1/2 8 2 1 3 1
periodic_d8_m1_roundtrip P 8 10 4 2 -3 -5 -6 0.5 -2 -4 1 1 -1 -1 -5 1.5 0 4 2 0.5 1 0 -4 1 2 -2 3 1.5 3 -2 -3 0.5 4 0 4 1 5 4 -2 1.5 6 -1 5 0.5 0 1 0.5 8 2 1 3 1 I 0.125 1 R 0.125 0 | periodic_d8_m1_roundtrip R 2 1 1 8 1 10 4 0 3 -3/2 -5/2 -3 1/2 -2 -4 1 1 -3/2 -3/2 -15/2 3/2 0 2 1 1/2 1 0 -4 1 3 -3 9/2 3/2 3/2 -1 -3/2 1/2 4 0 4 1 15/2 6 -3 3/2 3 -1/2 5/2 1/2 0 1 1/2 8 2 1 3 1
periodic_d8_m1_full_roundtrip P 8 10 4 2 -3 -5 -6 0.5 -2 -4 1 1 -1 -1 -5 1.5 0 4 2 0.5 1 0 -4 1 2 -2 3 1.5 3 -2 -3 0.5 4 0 4 1 5 4 -2 1.5 6 -1 5 0.5 0 1 0.5 8 2 1 3 1 I 0.125 8 R 0.125 0 | periodic_d8_m1_full_roundtrip R 2 1 1 8 1 10 4 0 3 -3/2 -5/2 -3 1/2 -2 -4 1 1 -3/2 -3/2 -15/2 3/2 0 2 1 1/2 1 0 -4 1 3 -3 9/2 3/2 3/2 -1 -3/2 1/2 4 0 4 1 15/2 6 -3 3/2 3 -1/2 5/2 1/2 0 1 1/2 8 2 1 3 1
periodic_d8_m1_remove_existing P 8 10 4 1 -3 -5 -6 0.5 -2 -4 1 1 -1 -1 -5 1.5 0 4 2 0.5 1 0 -4 1 2 -2 3 1.5 3 -2 -3 0.5 4 0 4 1 5 4 -2 1.5 6 -1 5 0.5 0 1 0.5 8 2 1 3 1 R 0.5 7 | periodic_d8_m1_remove_existing R 1 0 8 1 10 4 0 3 -3/2 -5/2 -3 1/2 -2 -4 1 1 -3/2 -3/2 -15/2 3/2 0 2 1 1/2 1 0 -4 1 3 -3 9/2 3/2 3/2 -1 -3/2 1/2 4 0 4 1 15/2 6 -3 3/2 3 -1/2 5/2 1/2 0 1 1/2 8 2 1 3 1
periodic_d8_m1_seam P 8 10 4 2 -3 -5 -6 0.5 -2 -4 1 1 -1 -1 -5 1.5 0 4 2 0.5 1 0 -4 1 2 -2 3 1.5 3 -2 -3 0.5 4 0 4 1 5 4 -2 1.5 6 -1 5 0.5 0 1 0.5 8 2 1 3 1 I 0 8 I 3 8 | periodic_d8_m1_seam R 2 1 1 8 1 17 4 0 3 63437/31104 -98875/69984 41389/69984 262435/279936 5473/2592 -65095/46656 29813/46656 42031/46656 59/27 -10253/7776 2617/3888 1669/1944 985/432 -95/81 473/648 1057/1296 175/72 -103/108 191/216 169/216 97/36 -2/3 23/18 7/9 19/6 -1/3 13/6 5/6 4 0 4 1 15/2 6 -3 3/2 3 -1/2 5/2 1/2 -3/2 -5/2 -3 1/2 -23/12 -15/4 1/3 11/12 -59/36 -20/9 -361/72 4/3 -2/3 25/72 -851/432 127/144 239/864 1385/2592 -259/108 83/96 2683/1728 -14705/15552 1919/15552 491/432 6551/3456 -2815/1944 1447/2916 3493/3456 0 8 1/2 8 2 1 3 8
periodic_d8_m1_seam_roundtrip P 8 10 4 2 -3 -5 -6 0.5 -2 -4 1 1 -1 -1 -5 1.5 0 4 2 0.5 1 0 -4 1 2 -2 3 1.5 3 -2 -3 0.5 4 0 4 1 5 4 -2 1.5 6 -1 5 0.5 0 1 0.5 8 2 1 3 1 I 3 8 R 0 1 | periodic_d8_m1_seam_roundtrip R 2 1 1 8 1 10 4 0 3 -3/2 -5/2 -3 1/2 -2 -4 1 1 -3/2 -3/2 -15/2 3/2 0 2 1 1/2 1 0 -4 1 3 -3 9/2 3/2 3/2 -1 -3/2 1/2 4 0 4 1 15/2 6 -3 3/2 3 -1/2 5/2 1/2 0 1 1/2 8 2 1 3 1
periodic_d8_m8_identity P 8 17 4 0 -3 -5 -6 0.5 -2 -4 1 1 -1 -1 -5 1.5 0 4 2 0.5 1 0 -4 1 2 -2 3 1.5 3 -2 -3 0.5 4 0 4 1 5 4 -2 1.5 6 -1 5 0.5 7 -4 -1 1 8 -5 6 1.5 9 -4 0 0.5 10 -1 -6 1 11 4 1 1.5 12 0 -5 0.5 13 -2 2 1 0 8 0.5 8 2 1 3 8 | periodic_d8_m8_identity R 0 8 1 17 4 0 3 -3/2 -5/2 -3 1/2 -2 -4 1 1 -3/2 -3/2 -15/2 3/2 0 2 1 1/2 1 0 -4 1 3 -3 9/2 3/2 3/2 -1 -3/2 1/2 4 0 4 1 15/2 6 -3 3/2 3 -1/2 5/2 1/2 7 -4 -1 1 12 -15/2 9 3/2 9/2 -2 0 1/2 10 -1 -6 1 33/2 6 3/2 3/2 6 0 -5/2 1/2 13 -2 2 1 0 8 1/2 8 2 1 3 8
periodic_d8_m8_insert P 8 17 4 1 -3 -5 -6 0.5 -2 -4 1 1 -1 -1 -5 1.5 0 4 2 0.5 1 0 -4 1 2 -2 3 1.5 3 -2 -3 0.5 4 0 4 1 5 4 -2 1.5 6 -1 5 0.5 7 -4 -1 1 8 -5 6 1.5 9 -4 0 0.5 10 -1 -6 1 11 4 1 1.5 12 0 -5 0.5 13 -2 2 1 0 8 0.5 8 2 1 3 8 I 0.125 8 | periodic_d8_m8_insert R 1 1 8 1 25 5 0 3 -3/2 -5/2 -3 1/2 -13/8 -23/8 -2 5/8 -27/16 -3 -57/32 3/4 -27/16 -187/64 -241/128 109/128 -835/512 -1383/512 -133/64 473/512 -3123/2048 -4911/2048 -4629/2048 993/1024 -11283/8192 -2113/1024 -4881/2048 8155/8192 -39187/32768 -7113/4096 -79705/32768 33017/32768 -16191/16384 -189141/131072 -78915/32768 4143/4096 -11967/32768 -18429/32768 -76545/32768 33525/32768 4047/8192 147/8192 -6573/4096 7869/8192 2835/2048 -51/128 -15/64 993/1024 1083/512 -93/64 63/128 567/512 165/64 -51/32 57/32 129/128 45/16 -3/16 15/32 3/4 39/8 3/2 9/4 9/8 15/2 6 -3 3/2 3 -1/2 5/2 1/2 7 -4 -1 1 12 -15/2 9 3/2 9/2 -2 0 1/2 10 -1 -6 1 33/2 6 3/2 3/2 6 0 -5/2 1/2 13 -2 2 1 0 8 1/8 8 1/2 8 2 1 3 8
periodic_d8_m8_sequence P 8 17 4 4 -3 -5 -6 0.5 -2 -4 1 1 -1 -1 -5 1.5 0 4 2 0.5 1 0 -4 1 2 -2 3 1.5 3 -2 -3 0.5 4 0 4 1 5 4 -2 1.5 6 -1 5 0.5 7 -4 -1 1 8 -5 6 1.5 9 -4 0 0.5 10 -1 -6 1 11 4 1 1.5 12 0 -5 0.5 13 -2 2 1 0 8 0.5 8 2 1 3 8 I 0.375 1 I 0.125 8 I 0.375 8 I 0.125 1 | periodic_d8_m8_sequence R 4 1 1 1 1 8 1 33 6 0 3 -3/2 -5/2 -3 1/2 -13/8 -23/8 -2 5/8 -27/16 -3 -57/32 3/4 -27/16 -187/64 -241/128 109/128 -835/512 -1383/512 -133/64 473/512 -3123/2048 -4911/2048 -4629/2048 993/1024 -11283/8192 -2113/1024 -4881/2048 8155/8192 -39187/32768 -7113/4096 -79705/32768 33017/32768 -16191/16384 -189141/131072 -78915/32768 4143/4096 -4693/8192 -112191/131072 -77335/32768 16699/16384 -861/16384 -52733/131072 -66159/32768 8143/8192 2097/4096 -37815/131072 -45579/32768 16041/16384 17413/16384 -67173/131072 -23963/32768 1 12729/8192 -110831/131072 -1663/32768 16727/16384 32103/16384 -132621/131072 14649/32768 8241/8192 1223/512 -113639/131072 25997/32768 16069/16384 48969/16384 -38645/131072 28941/32768 4049/4096 107771/32768 -287/32768 30413/32768 32519/32768 29751/8192 3147/8192 3723/4096 8229/8192 8265/2048 115/128 13/16 1055/1024 2315/512 99/64 79/128 551/512 327/64 75/32 9/32 147/128 93/16 53/16 -9/32 5/4 53/8 9/2 -5/4 11/8 15/2 6 -3 3/2 3 -1/2 5/2 1/2 7 -4 -1 1 12 -15/2 9 3/2 9/2 -2 0 1/2 10 -1 -6 1 33/2 6 3/2 3/2 6 0 -5/2 1/2 13 -2 2 1 0 8 1/8 8 3/8 8 1/2 8 2 1 3 8
periodic_d8_m8_roundtrip P 8 17 4 2 -3 -5 -6 0.5 -2 -4 1 1 -1 -1 -5 1.5 0 4 2 0.5 1 0 -4 1 2 -2 3 1.5 3 -2 -3 0.5 4 0 4 1 5 4 -2 1.5 6 -1 5 0.5 7 -4 -1 1 8 -5 6 1.5 9 -4 0 0.5 10 -1 -6 1 11 4 1 1.5 12 0 -5 0.5 13 -2 2 1 0 8 0.5 8 2 1 3 8 I 0.125 1 R 0.125 0 | periodic_d8_m8_roundtrip R 2 1 1 8 1 17 4 0 3 -3/2 -5/2 -3 1/2 -2 -4 1 1 -3/2 -3/2 -15/2 3/2 0 2 1 1/2 1 0 -4 1 3 -3 9/2 3/2 3/2 -1 -3/2 1/2 4 0 4 1 15/2 6 -3 3/2 3 -1/2 5/2 1/2 7 -4 -1 1 12 -15/2 9 3/2 9/2 -2 0 1/2 10 -1 -6 1 33/2 6 3/2 3/2 6 0 -5/2 1/2 13 -2 2 1 0 8 1/2 8 2 1 3 8
periodic_d8_m8_full_roundtrip P 8 17 4 2 -3 -5 -6 0.5 -2 -4 1 1 -1 -1 -5 1.5 0 4 2 0.5 1 0 -4 1 2 -2 3 1.5 3 -2 -3 0.5 4 0 4 1 5 4 -2 1.5 6 -1 5 0.5 7 -4 -1 1 8 -5 6 1.5 9 -4 0 0.5 10 -1 -6 1 11 4 1 1.5 12 0 -5 0.5 13 -2 2 1 0 8 0.5 8 2 1 3 8 I 0.125 8 R 0.125 0 | periodic_d8_m8_full_roundtrip R 2 1 1 8 1 17 4 0 3 -3/2 -5/2 -3 1/2 -2 -4 1 1 -3/2 -3/2 -15/2 3/2 0 2 1 1/2 1 0 -4 1 3 -3 9/2 3/2 3/2 -1 -3/2 1/2 4 0 4 1 15/2 6 -3 3/2 3 -1/2 5/2 1/2 7 -4 -1 1 12 -15/2 9 3/2 9/2 -2 0 1/2 10 -1 -6 1 33/2 6 3/2 3/2 6 0 -5/2 1/2 13 -2 2 1 0 8 1/2 8 2 1 3 8
periodic_d8_m8_remove_existing P 8 17 4 1 -3 -5 -6 0.5 -2 -4 1 1 -1 -1 -5 1.5 0 4 2 0.5 1 0 -4 1 2 -2 3 1.5 3 -2 -3 0.5 4 0 4 1 5 4 -2 1.5 6 -1 5 0.5 7 -4 -1 1 8 -5 6 1.5 9 -4 0 0.5 10 -1 -6 1 11 4 1 1.5 12 0 -5 0.5 13 -2 2 1 0 8 0.5 8 2 1 3 8 R 0.5 7 | periodic_d8_m8_remove_existing R 1 0 8 1 17 4 0 3 -3/2 -5/2 -3 1/2 -2 -4 1 1 -3/2 -3/2 -15/2 3/2 0 2 1 1/2 1 0 -4 1 3 -3 9/2 3/2 3/2 -1 -3/2 1/2 4 0 4 1 15/2 6 -3 3/2 3 -1/2 5/2 1/2 7 -4 -1 1 12 -15/2 9 3/2 9/2 -2 0 1/2 10 -1 -6 1 33/2 6 3/2 3/2 6 0 -5/2 1/2 13 -2 2 1 0 8 1/2 8 2 1 3 8
periodic_d8_m8_seam P 8 17 4 2 -3 -5 -6 0.5 -2 -4 1 1 -1 -1 -5 1.5 0 4 2 0.5 1 0 -4 1 2 -2 3 1.5 3 -2 -3 0.5 4 0 4 1 5 4 -2 1.5 6 -1 5 0.5 7 -4 -1 1 8 -5 6 1.5 9 -4 0 0.5 10 -1 -6 1 11 4 1 1.5 12 0 -5 0.5 13 -2 2 1 0 8 0.5 8 2 1 3 8 I 0 8 I 3 8 | periodic_d8_m8_seam R 2 1 1 8 1 17 4 0 3 -3/2 -5/2 -3 1/2 -2 -4 1 1 -3/2 -3/2 -15/2 3/2 0 2 1 1/2 1 0 -4 1 3 -3 9/2 3/2 3/2 -1 -3/2 1/2 4 0 4 1 15/2 6 -3 3/2 3 -1/2 5/2 1/2 7 -4 -1 1 12 -15/2 9 3/2 9/2 -2 0 1/2 10 -1 -6 1 33/2 6 3/2 3/2 6 0 -5/2 1/2 13 -2 2 1 0 8 1/2 8 2 1 3 8
periodic_d25_m1_identity P 25 27 4 0 -3 -5 -6 0.5 -2 -4 1 1 -1 -1 -5 1.5 0 4 2 0.5 1 0 -4 1 2 -2 3 1.5 3 -2 -3 0.5 4 0 4 1 5 4 -2 1.5 6 -1 5 0.5 7 -4 -1 1 8 -5 6 1.5 9 -4 0 0.5 10 -1 -6 1 11 4 1 1.5 12 0 -5 0.5 13 -2 2 1 14 -2 -4 1.5 15 0 3 0.5 16 4 -3 1 17 -1 4 1.5 18 -4 -2 0.5 19 -5 5 1 20 -4 -1 1.5 21 -1 6 0.5 22 4 0 1 23 0 -6 1.5 0 1 0.5 25 2 1 3 1 | periodic_d25_m1_identity R 0 25 1 27 4 0 3 -3/2 -5/2 -3 1/2 -2 -4 1 1 -3/2 -3/2 -15/2 3/2 0 2 1 1/2 1 0 -4 1 3 -3 9/2 3/2 3/2 -1 -3/2 1/2 4 0 4 1 15/2 6 -3 3/2 3 -1/2 5/2 1/2 7 -4 -1 1 12 -15/2 9 3/2 9/2 -2 0 1/2 10 -1 -6 1 33/2 6 3/2 3/2 6 0 -5/2 1/2 13 -2 2 1 21 -3 -6 3/2 15/2 0 3/2 1/2 16 4 -3 1 51/2 -3/2 6 3/2 9 -2 -1 1/2 19 -5 5 1 30 -6 -3/2 3/2 21/2 -1/2 3 1/2 22 4 0 1 69/2 0 -9 3/2 0 1 1/2 25 2 1 3 1
periodic_d25_m1_insert P 25 27 4 1 -3 -5 -6 0.5 -2 -4 1 1 -1 -1 -5 1.5 0 4 2 0.5 1 0 -4 1 2 -2 3 1.5 3 -2 -3 0.5 4 0 4 1 5 4 -2 1.5 6 -1 5 0.5 7 -4 -1 1 8 -5 6 1.5 9 -4 0 0.5 10 -1 -6 1 11 4 1 1.5 12 0 -5 0.5 13 -2 2 1 14 -2 -4 1.5 15 0 3 0.5 16 4 -3 1 17 -1 4 1.5 18 -4 -2 0.5 19 -5 5 1 20 -4 -1 1.5 21 -1 6 0.5 22 4 0 1 23 0 -6 1.5 0 1 0.5 25 2 1 3 1 I 0.125 25 | periodic_d25_m1_insert R 1 1 25 1 52 5 0 3 -3/2 -5/2 -3 1/2 -31/16 -61/16 1/2 15/16 -103/64 -33/16 -713/128 11/8 -33/64 379/512 -1483/1024 827/1024 3805/8192 4377/8192 -2603/1024 7113/8192 123239/65536 -88877/65536 54797/65536 39701/32768 1027653/524288 -25483/16384 67321/131072 501355/524288 11341439/4194304 -465029/524288 6630625/4194304 3712731/4194304 19380029/4194304 57014379/33554432 3844885/8388608 577319/524288 650251653/134217728 68735403/33554432 114671831/268435456 272173175/268435456 11158244437/2147483648 187493587/1073741824 646849967/2147483648 1982853741/2147483648 120926983265/17179869184 -11369486117/4294967296 4605278077/2147483648 8921148401/8589934592 1056745550823/137438953472 -535362760371/137438953472 211042796339/68719476736 141205901383/137438953472 8686248288491/1099511627776 -1906827515739/549755813888 781276076809/549755813888 1052192500647/1099511627776 41423556932711/4398046511104 -6272332660929/4398046511104 -1530850655445/8796093022208 554419368605/549755813888 182825984684253/17592186044416 14756038009889/35184372088832 -4223951428301/4398046511104 72030382266851/70368744177664 6016145969021437/562949953421312 487204644199639/562949953421312 -250464794637711/281474976710656 551433237330081/562949953421312 53481893745271163/4503599627370496 664564292159539/4503599627370496 -2354978519060555/2251799813685248 2244866384995805/2251799813685248 468085061606870985/36028797018963968 -6072026936987959/9007199254740992 -23506822328921011/18014398509481984 36593350097781331/36028797018963968 3880788518140827143/288230376151711744 -3002474872447727/4503599627370496 -210680313249749885/144115188075855872 286003885624917027/288230376151711744 8313954209574128809/576460752303423488 -181369323406288359/1152921504606846976 -1196944634820955485/1152921504606846976 71646864983078779/72057594037927936 143400451701923836359/9223372036854775808 427415473673490075/4611686018427387904 -4152875009814083573/18446744073709551616 18608199815137589567/18446744073709551616 2389924508245137630421/147573952589676412928 -47338953030347223411/147573952589676412928 98570214546495454729/147573952589676412928 147331837062008663205/147573952589676412928 20108559777060689149205/1180591620717411303424 -1576548451263536517261/1180591620717411303424 1528563902910804787903/1180591620717411303424 587429800737172210073/590295810358705651712 82667679430320971195129/4722366482869645213696 -8764852773899391435453/4722366482869645213696 7026477478879859880451/4722366482869645213696 73723059378084376747/73786976294838206464 331692023963999870539579/18889465931478580854784 -36171463849853118605339/18889465931478580854784 28493058746598466501533/18889465931478580854784 9441417919570876639385/9444732965739290427392 5230561604564809809637/295147905179352825856 -2469226382038736074745/1180591620717411303424 1853406577489721715045/1180591620717411303424 2364004219274776471673/2361183241434822606848 5282466504944168727067/295147905179352825856 -672150301379772345197/295147905179352825856 119732045874364485477/73786976294838206464 296148059956624312921/295147905179352825856 166852917344317720037/9223372036854775808 -45588547758479250989/18446744073709551616 61455562572553199235/36893488147419103232 9282277130608730633/9223372036854775808 10550818589614945169/576460752303423488 -12324046471026075155/4611686018427387904 7831481859675874713/4611686018427387904 4659469361252197873/4611686018427387904 5343436166170910197/288230376151711744 -829756967651067203/288230376151711744 247734076232957187/144115188075855872 585395450496518603/576460752303423488 1354813770210410857/72057594037927936 -13911164851202411/4503599627370496 62232343700590227/36028797018963968 36821113574645645/36028797018963968 42998637565202069/2251799813685248 -3716073872217107/1125899906842624 15512123331995457/9007199254740992 9277605005292821/9007199254740992 21866958580976485/1125899906842624 -3953292495351281/1125899906842624 1917280137101757/1125899906842624 1170650933585509/1125899906842624 1392109902533821/70368744177664 -261635951887409/70368744177664 234845715490275/140737488355328 36988440005129/35184372088832 22187080203373/1099511627776 -68919841481843/17592186044416 7120581411465/4398046511104 18729027576781/17592186044416 5664343435393/274877906944 -9028899823393/2199023255552 1708286592099/1099511627776 2374215857231/2199023255552 5788755270583/274877906944 -1175888647985/274877906944 404832888237/274877906944 150645518801/137438953472 23111546527/1073741824 -76065908591/17179869184 11829815907/8589934592 38251874369/34359738368 94408689583/4294967296 -9766138015/2147483648 5449568793/4294967296 4854237313/4294967296 751596995/33554432 -621262861/134217728 9658875/8388608 153727673/134217728 190705571/8388608 -312649187/67108864 8651685/8388608 77608249/67108864 96141835/4194304 -19388237/4194304 7710309/8388608 9733379/8388608 23988997/1048576 -589801/131072 435933/524288 604277/524288 736835/32768 -4367/1024 104085/131072 147773/131072 353929/16384 -63611/16384 13845/16384 17653/16384 20539/1024 -1693/512 2121/2048 509/512 1135/64 -79/32 363/256 223/256 119/8 -5/4 63/32 23/32 107/8 5/8 9/4 5/8 22 4 0 1 69/2 0 -9 3/2 0 1 1/8 25 1/2 25 2 1 3 1
periodic_d25_m1_sequence P 25 27 4 4 -3 -5 -6 0.5 -2 -4 1 1 -1 -1 -5 1.5 0 4 2 0.5 1 0 -4 1 2 -2 3 1.5 3 -2 -3 0.5 4 0 4 1 5 4 -2 1.5 6 -1 5 0.5 7 -4 -1 1 8 -5 6 1.5 9 -4 0 0.5 10 -1 -6 1 11 4 1 1.5 12 0 -5 0.5 13 -2 2 1 14 -2 -4 1.5 15 0 3 0.5 16 4 -3 1 17 -1 4 1.5 18 -4 -2 0.5 19 -5 5 1 20 -4 -1 1.5 21 -1 6 0.5 22 4 0 1 23 0 -6 1.5 0 1 0.5 25 2 1 3 1 I 0.375 1 I 0.125 25 I 0.375 25 I 0.125 1 | periodic_d25_m1_sequence R 4 1 1 1 1 25 1 77 6 0 3 -3/2 -5/2 -3 1/2 -31/16 -61/16 1/2 15/16 -103/64 -33/16 -713/128 11/8 -33/64 379/512 -1483/1024 827/1024 3805/8192 4377/8192 -2603/1024 7113/8192 123239/65536 -88877/65536 54797/65536 39701/32768 1027653/524288 -25483/16384 67321/131072 501355/524288 11341439/4194304 -465029/524288 6630625/4194304 3712731/4194304 19380029/4194304 57014379/33554432 3844885/8388608 577319/524288 650251653/134217728 68735403/33554432 114671831/268435456 272173175/268435456 11158244437/2147483648 187493587/1073741824 646849967/2147483648 1982853741/2147483648 120926983265/17179869184 -11369486117/4294967296 4605278077/2147483648 8921148401/8589934592 1056745550823/137438953472 -535362760371/137438953472 211042796339/68719476736 141205901383/137438953472 8686248288491/1099511627776 -1906827515739/549755813888 781276076809/549755813888 1052192500647/1099511627776 41423556932711/4398046511104 -6272332660929/4398046511104 -1530850655445/8796093022208 554419368605/549755813888 182825984684253/17592186044416 14756038009889/35184372088832 -4223951428301/4398046511104 72030382266851/70368744177664 6016145969021437/562949953421312 487204644199639/562949953421312 -250464794637711/281474976710656 551433237330081/562949953421312 53481893745271163/4503599627370496 664564292159539/4503599627370496 -2354978519060555/2251799813685248 2244866384995805/2251799813685248 468085061606870985/36028797018963968 -6072026936987959/9007199254740992 -23506822328921011/18014398509481984 36593350097781331/36028797018963968 3880788518140827143/288230376151711744 -3002474872447727/4503599627370496 -210680313249749885/144115188075855872 286003885624917027/288230376151711744 8313954209574128809/576460752303423488 -181369323406288359/1152921504606846976 -1196944634820955485/1152921504606846976 71646864983078779/72057594037927936 143400451701923836359/9223372036854775808 427415473673490075/4611686018427387904 -4152875009814083573/18446744073709551616 18608199815137589567/18446744073709551616 2389924508245137630421/147573952589676412928 -47338953030347223411/147573952589676412928 98570214546495454729/147573952589676412928 147331837062008663205/147573952589676412928 20108559777060689149205/1180591620717411303424 -1576548451263536517261/1180591620717411303424 1528563902910804787903/1180591620717411303424 587429800737172210073/590295810358705651712 82667679430320971195129/4722366482869645213696 -8764852773899391435453/4722366482869645213696 7026477478879859880451/4722366482869645213696 73723059378084376747/73786976294838206464 331692023963999870539579/18889465931478580854784 -36171463849853118605339/18889465931478580854784 28493058746598466501533/18889465931478580854784 9441417919570876639385/9444732965739290427392 333734636449431842057705/18889465931478580854784 -38395569358364224332393/18889465931478580854784 29267356408756520460991/18889465931478580854784 9451150557923029470923/9444732965739290427392 335891913333144263992867/18889465931478580854784 -40696936605950438639939/18889465931478580854784 89905564893763296464287/56668397794435742564352 28390812367471737413347/28334198897217871282176 3043626717894436648304617/170005193383307227693056 -129210001246966551888227/56668397794435742564352 275319639802945784865919/170005193383307227693056 28437643162161774385193/28334198897217871282176 3065572053876074681217571/170005193383307227693056 -45508266001792032298283/18889465931478580854784 840498240953935995418463/510015580149921683079168 85486045780927789037873/85002596691653613846528 9267098156394824874015907/510015580149921683079168 -3888345440244027842994665/1530046740449765049237504 2557868702176337733359167/1530046740449765049237504 85696241335999522753427/85002596691653613846528 9342548245943051339809633/510015580149921683079168 -12283529059930082106480457/4590140221349295147712512 862190150582128155230695/510015580149921683079168 257844414688332153153259/255007790074960841539584 3141196421086122074589209/170005193383307227693056 -38734974882213011315735465/13770420664047885443137536 869060449461594510478829/510015580149921683079168 86246419193169050553451/85002596691653613846528 28532182508703149691236299/1530046740449765049237504 -121921306217799910977203977/41311261992143656329412608 70720979931109104373504735/41311261992143656329412608 779361152011254352675337/765023370224882524618752 86439871737017336568902219/4590140221349295147712512 -127674622125874589576616739/41311261992143656329412608 212424471861404174330907071/123933785976430968988237824 783002314653562600538395/765023370224882524618752 87345869824463670703196825/4590140221349295147712512 -400306583848048901482796611/123933785976430968988237824 635810040696134654765978783/371801357929292906964713472 2361526573186982008057267/2295070110674647573856256 264951590736456790876284953/13770420664047885443137536 -417513743522019065295409697/123933785976430968988237824 1896052923737947930972048255/1115404073787878720894140416 2375722726488087342759577/2295070110674647573856256 268065484626383209248172595/13770420664047885443137536 -3910817544316205362221161347/1115404073787878720894140416 625825954564223153918448935/371801357929292906964713472 7174928619910506786543905/6885210332023942721568768 271377668958684173413024145/13770420664047885443137536 -36551051404247301898004164841/10038636664090908488047263744 5554618379170288014613069589/3346212221363636162682421248 2409288591809380710300449/2295070110674647573856256 824637396200437478981641745/41311261992143656329412608 -113605154298541377592562474569/30115909992272725464141791232 49089666725643260373136070687/30115909992272725464141791232 21857397313827583521523003/20655630996071828164706304 2506961175668218434587278225/123933785976430968988237824 -117409535496318095539855567075/30115909992272725464141791232 143957585341685328635215159039/90347729976818176392425373696 22044915359070791213029937/20655630996071828164706304 2541267557575270298404989787/123933785976430968988237824 -363066674569200914235386126851/90347729976818176392425373696 420148534691716990772944413151/271043189930454529177276121088 66731832832334218984662137/61966892988215484494118912 7729239984721809251562175963/371801357929292906964713472 -1119532142300569703537001381923/271043189930454529177276121088 1220110888011660227745100984511/813129569791363587531828363264 67353276912940165023551083/61966892988215484494118912 23506260117797412416552667995/1115404073787878720894140416 -3441456602704415740416725181251/813129569791363587531828363264 1174996615520191113537452443957/813129569791363587531828363264 611860226433657474556038793/557702036893939360447070208 214377981984733934077080435601/10038636664090908488047263744 -31628911245495908695096492245545/7318166128122272287786455269376 3377174516873533380141724799189/2439388709374090762595485089792 5557032341752087794455907059/5019318332045454244023631872 1953612055879416820269359862323/90347729976818176392425373696 -96525372072178652068471530908041/21954498384366816863359365808128 28977568609451401655475995362655/21954498384366816863359365808128 50438890625634883747893624673/45173864988409088196212686848 17780684673642964572672128847385/813129569791363587531828363264 -97765527742103045148112293571235/21954498384366816863359365808128 82533889945543054050913916511295/65863495153100450590078097424384 457309432905098725967937436475/406564784895681793765914181632 161529027377460258946011491261387/7318166128122272287786455269376 -295572790087868327506247378280899/65863495153100450590078097424384 234438111204654870839514465869599/197590485459301351770234292273152 4139174348531226269269402840441/3659083064061136143893227634688 1463610493505981881067921589102817/65863495153100450590078097424384 -2664960018200418731270282152311209/592771456377904055310702876819456 665881160305209830394435400041983/592771456377904055310702876819456 37372369919674291208804005472579/32931747576550225295039048712192 13215722563553220355050669910408739/592771456377904055310702876819456 -7952504289542770219088496765803785/1778314369133712165932108630458368 633072751998986816014835780543221/592771456377904055310702876819456 336300248252889282272827403880145/296385728188952027655351438409728 118800369613764920613505216778669545/5334943107401136497796325891375104 -23523806757309677611928951212093289/5334943107401136497796325891375104 5471701415729898309378889892140991/5334943107401136497796325891375104 3012968336747132125606359785525003/2667471553700568248898162945687552 618384390024259840221509430058151/27786162017714252592689197350912 -486603202117715856026264201446547/111144648070857010370756789403648 111640098741654308166699454703479/111144648070857010370756789403648 250508448998558034848484696735571/222289296141714020741513578807296 205775502632810294581298795383369/9262054005904750864229732450304 -40170930454783421503993124346863/9262054005904750864229732450304 2284322328165221917660459579027/2315513501476187716057433112576 10402485753959883225379932902323/9262054005904750864229732450304 2137150032181153638631638197431/96479729228174488169059713024 -826959908815798115961372709567/192959458456348976338119426048 375305668322751851950478418337/385918916912697952676238852096 107856736192870036440227956747/96479729228174488169059713024 44330150608537044705929079143/2009994358920301836855410688 -67901196449478123910004049745/16079954871362414694843285504 15486096171573472141423476851/16079954871362414694843285504 17867571038782135721745442507/16079954871362414694843285504 7344764588993748203774340743/334999059820050306142568448 -1389341036330857767655887809/334999059820050306142568448 53543449073545895680161803/55833176636675051023761408 738820078898589544048017433/669998119640100612285136896 607404253432563042980579683/27916588318337525511880704 -7080805730053404882649633/1744786769896095344492544 4471555563909249119056915/4652764719722920918646784 15248167167243286134439895/13958294159168762755940352 6267027519544157040891007/290797794982682557415424 -191653731249324233517631/48466299163780426235904 1128379182148621293257291/1163191179930730229661696 1256341189451366538950887/1163191179930730229661696 1032425553892192375714903/48466299163780426235904 -185830834892782721159003/48466299163780426235904 47829219706136821151311/48466299163780426235904 51645090283245332560951/48466299163780426235904 21211833268636466508863/1009714565912092213248 -3732185790907748373307/1009714565912092213248 2044008915759480719521/2019429131824184426496 529492090139708456899/504857282956046106624 108685633335428784967/5258930030792146944 -297762214144913327137/84142880492674351104 22017945903018308795/21035720123168587776 86633651177737706143/84142880492674351104 8886941820027588311/438244169232678912 -11778998020677863083/3505953353861431296 637450191259566139/584325558976905216 3533816120905826053/3505953353861431296 2898748034066002237/146081389744226304 -461155551185039323/146081389744226304 55756816600771397/48693796581408768 71860404756074771/73040694872113152 3683274614956691/190210142896128 -989948482062589/338151365148672 1839501748899761/1521681143169024 5827351320094123/6086724572676096 4779817112320741/253613523861504 -338414187150421/126806761930752 108332217373073/84537841287168 235563656139115/253613523861504 12086997563953/660451885056 -6279273401687/2641807540224 8323056115/6115295232 2373933851083/2641807540224 976508800997/55037657088 -901611891073/440301256704 79493944981/55037657088 381920087971/440301256704 157725014297/9172942848 -15375005807/9172942848 3111446143/2038431744 15342789121/18345885696 12758949655/764411904 -120004931/95551488 203771789/127401984 308388719/382205952 129637513/7962624 -775855/995328 52623143/31850496 24885343/31850496 21274915/1327104 -315113/1327104 27335/16384 1012327/1327104 443369/27648 5281/13824 29953/18432 10447/13824 9461/576 35/32 3433/2304 1765/2304 139/8 23/12 39/32 77/96 153/8 23/8 3/4 7/8 22 4 0 1 69/2 0 -9 3/2 0 1 1/8 25 3/8 25 1/2 25 2 1 3 1
periodic_d25_m1_roundtrip P 25 27 4 2 -3 -5 -6 0.5 -2 -4 1 1 -1 -1 -5 1.5 0 4 2 0.5 1 0 -4 1 2 -2 3 1.5 3 -2 -3 0.5 4 0 4 1 5 4 -2 1.5 6 -1 5 0.5 7 -4 -1 1 8 -5 6 1.5 9 -4 0 0.5 10 -1 -6 1 11 4 1 1.5 12 0 -5 0.5 13 -2 2 1 14 -2 -4 1.5 15 0 3 0.5 16 4 -3 1 17 -1 4 1.5 18 -4 -2 0.5 19 -5 5 1 20 -4 -1 1.5 21 -1 6 0.5 22 4 0 1 23 0 -6 1.5 0 1 0.5 25 2 1 3 1 I 0.125 1 R 0.125 0 | periodic_d25_m1_roundtrip R 2 1 1 25 1 27 4 0 3 -3/2 -5/2 -3 1/2 -2 -4 1 1 -3/2 -3/2 -15/2 3/2 0 2 1 1/2 1 0 -4 1 3 -3 9/2 3/2 3/2 -1 -3/2 1/2 4 0 4 1 15/2 6 -3 3/2 3 -1/2 5/2 1/2 7 -4 -1 1 12 -15/2 9 3/2 9/2 -2 0 1/2 10 -1 -6 1 33/2 6 3/2 3/2 6 0 -5/2 1/2 13 -2 2 1 21 -3 -6 3/2 15/2 0 3/2 1/2 16 4 -3 1 51/2 -3/2 6 3/2 9 -2 -1 1/2 19 -5 5 1 30 -6 -3/2 3/2 21/2 -1/2 3 1/2 22 4 0 1 69/2 0 -9 3/2 0 1 1/2 25 2 1 3 1
periodic_d25_m1_full_roundtrip P 25 27 4 2 -3 -5 -6 0.5 -2 -4 1 1 -1 -1 -5 1.5 0 4 2 0.5 1 0 -4 1 2 -2 3 1.5 3 -2 -3 0.5 4 0 4 1 5 4 -2 1.5 6 -1 5 0.5 7 -4 -1 1 8 -5 6 1.5 9 -4 0 0.5 10 -1 -6 1 11 4 1 1.5 12 0 -5 0.5 13 -2 2 1 14 -2 -4 1.5 15 0 3 0.5 16 4 -3 1 17 -1 4 1.5 18 -4 -2 0.5 19 -5 5 1 20 -4 -1 1.5 21 -1 6 0.5 22 4 0 1 23 0 -6 1.5 0 1 0.5 25 2 1 3 1 I 0.125 25 R 0.125 0 | periodic_d25_m1_full_roundtrip R 2 1 1 25 1 27 4 0 3 -3/2 -5/2 -3 1/2 -2 -4 1 1 -3/2 -3/2 -15/2 3/2 0 2 1 1/2 1 0 -4 1 3 -3 9/2 3/2 3/2 -1 -3/2 1/2 4 0 4 1 15/2 6 -3 3/2 3 -1/2 5/2 1/2 7 -4 -1 1 12 -15/2 9 3/2 9/2 -2 0 1/2 10 -1 -6 1 33/2 6 3/2 3/2 6 0 -5/2 1/2 13 -2 2 1 21 -3 -6 3/2 15/2 0 3/2 1/2 16 4 -3 1 51/2 -3/2 6 3/2 9 -2 -1 1/2 19 -5 5 1 30 -6 -3/2 3/2 21/2 -1/2 3 1/2 22 4 0 1 69/2 0 -9 3/2 0 1 1/2 25 2 1 3 1
periodic_d25_m1_remove_existing P 25 27 4 1 -3 -5 -6 0.5 -2 -4 1 1 -1 -1 -5 1.5 0 4 2 0.5 1 0 -4 1 2 -2 3 1.5 3 -2 -3 0.5 4 0 4 1 5 4 -2 1.5 6 -1 5 0.5 7 -4 -1 1 8 -5 6 1.5 9 -4 0 0.5 10 -1 -6 1 11 4 1 1.5 12 0 -5 0.5 13 -2 2 1 14 -2 -4 1.5 15 0 3 0.5 16 4 -3 1 17 -1 4 1.5 18 -4 -2 0.5 19 -5 5 1 20 -4 -1 1.5 21 -1 6 0.5 22 4 0 1 23 0 -6 1.5 0 1 0.5 25 2 1 3 1 R 0.5 24 | periodic_d25_m1_remove_existing R 1 0 25 1 27 4 0 3 -3/2 -5/2 -3 1/2 -2 -4 1 1 -3/2 -3/2 -15/2 3/2 0 2 1 1/2 1 0 -4 1 3 -3 9/2 3/2 3/2 -1 -3/2 1/2 4 0 4 1 15/2 6 -3 3/2 3 -1/2 5/2 1/2 7 -4 -1 1 12 -15/2 9 3/2 9/2 -2 0 1/2 10 -1 -6 1 33/2 6 3/2 3/2 6 0 -5/2 1/2 13 -2 2 1 21 -3 -6 3/2 15/2 0 3/2 1/2 16 4 -3 1 51/2 -3/2 6 3/2 9 -2 -1 1/2 19 -5 5 1 30 -6 -3/2 3/2 21/2 -1/2 3 1/2 22 4 0 1 69/2 0 -9 3/2 0 1 1/2 25 2 1 3 1
periodic_d25_m1_seam P 25 27 4 2 -3 -5 -6 0.5 -2 -4 1 1 -1 -1 -5 1.5 0 4 2 0.5 1 0 -4 1 2 -2 3 1.5 3 -2 -3 0.5 4 0 4 1 5 4 -2 1.5 6 -1 5 0.5 7 -4 -1 1 8 -5 6 1.5 9 -4 0 0.5 10 -1 -6 1 11 4 1 1.5 12 0 -5 0.5 13 -2 2 1 14 -2 -4 1.5 15 0 3 0.5 16 4 -3 1 17 -1 4 1.5 18 -4 -2 0.5 19 -5 5 1 20 -4 -1 1.5 21 -1 6 0.5 22 4 0 1 23 0 -6 1.5 0 1 0.5 25 2 1 3 1 I 0 25 I 3 25 | periodic_d25_m1_seam R 2 1 1 25 1 51 4 0 3 77998774443765316009/4738381338321616896 -3786231253212814541/4738381338321616896 3739410933025036451/4738381338321616896 147807543953630339/148074416822550528 1640636251648204721/98716277881700352 -362458302064409627/394865111526801408 364954752918957919/394865111526801408 787947339494842723/789730223053602816 2208484407194711713/131621703842267136 -139000277276744879/131621703842267136 69551781263540117/65810851921133568 131263855446247279/131621703842267136 92905297163218201/5484237660094464 -13320874112670037/10968475320188928 25993428253452541/21936950640377856 5467095385943581/5484237660094464 15635559269758069/914039610015744 -5095820782426957/3656158440062976 4775999412402491/3656158440062976 3643785905337937/3656158440062976 5264486789517563/304679870005248 -485671045173089/304679870005248 72040375115153/50779978334208 607315875492625/609359740010496 1773516323701375/101559956668416 -46077607118437/25389989167104 12861867208289/8463329722368 12658943359301/12694994583552 37372723614131/2115832430592 -2898521601527/1410554953728 27201366830579/16926659444736 16899973084603/16926659444736 50462259987835/2821109907456 -6523604889071/2821109907456 4734301936669/2821109907456 2823304434559/2821109907456 4265294006015/235092492288 -607666352251/235092492288 813807913825/470184984576 118092677491/117546246144 361258049809/19591041024 -224792632579/78364164096 34532600735/19591041024 79190010937/78364164096 61348027507/3265173504 -41264541199/13060694016 3856133053/2176782336 13308948385/13060694016 41792854741/2176782336 -7514741911/2176782336 1273501925/725594112 140215723/136048896 892526801/45349632 -75393301/20155392 155238035/90699264 379448083/362797056 1223706997/60466176 -121443127/30233088 33036521/20155392 64402639/60466176 26284907/1259712 -672611/157464 430115/279936 2741401/2519424 9047269/419904 -7545061/1679616 1178845/839808 1871137/1679616 3112385/139968 -652559/139968 38671/31104 319345/279936 1066507/46656 -55507/11664 1033/972 6791/5832 22631/972 -9233/1944 6839/7776 9163/7776 30199/1296 -5945/1296 35/48 1519/1296 2441/108 -227/54 49/72 61/54 373/18 -7/2 31/36 37/36 17 -7/3 3/2 5/6 21/2 -1/2 3 1/2 22 4 0 1 69/2 0 -9 3/2 -3/2 -5/2 -3 1/2 -23/12 -15/4 1/3 11/12 -59/36 -20/9 -361/72 4/3 -2/3 25/72 -851/432 127/144 239/864 1385/2592 -259/108 83/96 2683/1728 -14705/15552 1919/15552 491/432 6551/3456 -2815/1944 1447/2916 3493/3456 17147/6912 -149215/139968 79271/62208 18973/20736 61607/15552 2788075/3359232 643081/839808 1343/1296 192197/41472 17642905/10077696 10155709/20155392 256661/248832 7498837/1492992 51024985/60466176 4873691/13436928 159769/165888 18617639/2985984 -118600415/90699264 505205677/362797056 746563/746496 42956783/5971968 -4358290145/1451188224 5358805807/2176782336 6100199/5971968 91716601/11943936 -22512666625/6530347008 26655527437/13060694016 35445239/35831808 925900699/107495424 -192287087695/78364164096 128171608259/156728328192 8894071/8957952 38364457/3981312 -408119918615/470184984576 -118650520553/470184984576 434220823/429981696 26565229271/2579890176 1246988432855/5642219814912 -2032907327423/2821109907456 286433867/286654464 57241158487/5159780352 12479700679115/33853318889472 -15626848231043/16926659444736 1283022959/1289945088 41495225113/3439853568 -481244567825/5642219814912 -113224571128163/101559956668416 10351881757/10319560704 265180592483/20639121408 -136951975927585/304679870005248 -790850276168033/609359740010496 62014220677/61917364224 1264702110571/92876046336 -1510301284877215/3656158440062976 -4548019127808653/3656158440062976 7719476539/7739670528 1797608374783/123834728448 -257562370742335/1371059415023616 -36933409790824171/43873901280755712 743299686989/743008370688 68462674541293/4458050224128 -4665262398704315/29249267520503808 -47703368974601411/263243407684534272 495995717281/495338913792 143939295562571/8916100448256 -886564836697537525/1579460446107205632 30361959617532337/58498535041007616 2227037500687/2229025112064 0 25 1/2 25 2 1 3 25
periodic_d25_m1_seam_roundtrip P 25 27 4 2 -3 -5 -6 0.5 -2 -4 1 1 -1 -1 -5 1.5 0 4 2 0.5 1 0 -4 1 2 -2 3 1.5 3 -2 -3 0.5 4 0 4 1 5 4 -2 1.5 6 -1 5 0.5 7 -4 -1 1 8 -5 6 1.5 9 -4 0 0.5 10 -1 -6 1 11 4 1 1.5 12 0 -5 0.5 13 -2 2 1 14 -2 -4 1.5 15 0 3 0.5 16 4 -3 1 17 -1 4 1.5 18 -4 -2 0.5 19 -5 5 1 20 -4 -1 1.5 21 -1 6 0.5 22 4 0 1 23 0 -6 1.5 0 1 0.5 25 2 1 3 1 I 3 25 R 0 1 | periodic_d25_m1_seam_roundtrip R 2 1 1 25 1 27 4 0 3 -3/2 -5/2 -3 1/2 -2 -4 1 1 -3/2 -3/2 -15/2 3/2 0 2 1 1/2 1 0 -4 1 3 -3 9/2 3/2 3/2 -1 -3/2 1/2 4 0 4 1 15/2 6 -3 3/2 3 -1/2 5/2 1/2 7 -4 -1 1 12 -15/2 9 3/2 9/2 -2 0 1/2 10 -1 -6 1 33/2 6 3/2 3/2 6 0 -5/2 1/2 13 -2 2 1 21 -3 -6 3/2 15/2 0 3/2 1/2 16 4 -3 1 51/2 -3/2 6 3/2 9 -2 -1 1/2 19 -5 5 1 30 -6 -3/2 3/2 21/2 -1/2 3 1/2 22 4 0 1 69/2 0 -9 3/2 0 1 1/2 25 2 1 3 1
periodic_d25_m25_identity P 25 51 4 0 -3 -5 -6 0.5 -2 -4 1 1 -1 -1 -5 1.5 0 4 2 0.5 1 0 -4 1 2 -2 3 1.5 3 -2 -3 0.5 4 0 4 1 5 4 -2 1.5 6 -1 5 0.5 7 -4 -1 1 8 -5 6 1.5 9 -4 0 0.5 10 -1 -6 1 11 4 1 1.5 12 0 -5 0.5 13 -2 2 1 14 -2 -4 1.5 15 0 3 0.5 16 4 -3 1 17 -1 4 1.5 18 -4 -2 0.5 19 -5 5 1 20 -4 -1 1.5 21 -1 6 0.5 22 4 0 1 23 0 -6 1.5 24 -2 1 0.5 25 -2 -5 1 26 0 2 1.5 27 4 -4 0.5 28 -1 3 1 29 -4 -3 1.5 30 -5 4 0.5 31 -4 -2 1 32 -1 5 1.5 33 4 -1 0.5 34 0 6 1 35 -2 0 1.5 36 -2 -6 0.5 37 0 1 1 38 4 -5 1.5 39 -1 2 0.5 40 -4 -4 1 41 -5 3 1.5 42 -4 -3 0.5 43 -1 4 1 44 4 -2 1.5 45 0 5 0.5 46 -2 -1 1 47 -2 6 1.5 0 25 0.5 25 2 1 3 25 | periodic_d25_m25_identity R 0 25 1 51 4 0 3 -3/2 -5/2 -3 1/2 -2 -4 1 1 -3/2 -3/2 -15/2 3/2 0 2 1 1/2 1 0 -4 1 3 -3 9/2 3/2 3/2 -1 -3/2 1/2 4 0 4 1 15/2 6 -3 3/2 3 -1/2 5/2 1/2 7 -4 -1 1 12 -15/2 9 3/2 9/2 -2 0 1/2 10 -1 -6 1 33/2 6 3/2 3/2 6 0 -5/2 1/2 13 -2 2 1 21 -3 -6 3/2 15/2 0 3/2 1/2 16 4 -3 1 51/2 -3/2 6 3/2 9 -2 -1 1/2 19 -5 5 1 30 -6 -3/2 3/2 21/2 -1/2 3 1/2 22 4 0 1 69/2 0 -9 3/2 12 -1 1/2 1/2 25 -2 -5 1 39 0 3 3/2 27/2 2 -2 1/2 28 -1 3 1 87/2 -6 -9/2 3/2 15 -5/2 2 1/2 31 -4 -2 1 48 -3/2 15/2 3/2 33/2 2 -1/2 1/2 34 0 6 1 105/2 -3 0 3/2 18 -1 -3 1/2 37 0 1 1 57 6 -15/2 3/2 39/2 -1/2 1 1/2 40 -4 -4 1 123/2 -15/2 9/2 3/2 21 -2 -3/2 1/2 43 -1 4 1 66 6 -3 3/2 45/2 0 5/2 1/2 46 -2 -1 1 141/2 -3 9 3/2 0 25 1/2 25 2 1 3 25
periodic_d25_m25_insert P 25 51 4 1 -3 -5 -6 0.5 -2 -4 1 1 -1 -1 -5 1.5 0 4 2 0.5 1 0 -4 1 2 -2 3 1.5 3 -2 -3 0.5 4 0 4 1 5 4 -2 1.5 6 -1 5 0.5 7 -4 -1 1 8 -5 6 1.5 9 -4 0 0.5 10 -1 -6 1 11 4 1 1.5 12 0 -5 0.5 13 -2 2 1 14 -2 -4 1.5 15 0 3 0.5 16 4 -3 1 17 -1 4 1.5 18 -4 -2 0.5 19 -5 5 1 20 -4 -1 1.5 21 -1 6 0.5 22 4 0 1 23 0 -6 1.5 24 -2 1 0.5 25 -2 -5 1 26 0 2 1.5 27 4 -4 0.5 28 -1 3 1 29 -4 -3 1.5 30 -5 4 0.5 31 -4 -2 1 32 -1 5 1.5 33 4 -1 0.5 34 0 6 1 35 -2 0 1.5 36 -2 -6 0.5 37 0 1 1 38 4 -5 1.5 39 -1 2 0.5 40 -4 -4 1 41 -5 3 1.5 42 -4 -3 0.5 43 -1 4 1 44 4 -2 1.5 45 0 5 0.5 46 -2 -1 1 47 -2 6 1.5 0 25 0.5 25 2 1 3 25 I 0.125 25 | periodic_d25_m25_insert R 1 1 25 1 76 5 0 3 -3/2 -5/2 -3 1/2 -13/8 -23/8 -2 5/8 -27/16 -3 -57/32 3/4 -27/16 -187/64 -241/128 109/128 -835/512 -1383/512 -133/64 473/512 -3123/2048 -4911/2048 -4629/2048 993/1024 -11283/8192 -2113/1024 -4881/2048 8155/8192 -39187/32768 -7113/4096 -79705/32768 33017/32768 -16191/16384 -189141/131072 -78915/32768 4143/4096 -199581/262144 -156877/131072 -1215967/524288 530065/524288 -1093387/2097152 -1051237/1048576 -4565417/2097152 2115509/2097152 -2292165/8388608 -1798029/2097152 -4181727/2097152 4219977/4194304 -694377/33554432 -25303891/33554432 -29910141/16777216 33682663/33554432 31370753/134217728 -45844567/67108864 -104332893/67108864 134499461/134217728 131112099/268435456 -170244801/268435456 -708477045/536870912 67172745/67108864 398653221/536870912 -641988477/1073741824 -583009253/536870912 2148066757/2147483648 8553342077/8589934592 -4865845801/8589934592 -3694046671/4294967296 8589272801/8589934592 42879954249/34359738368 -18360164343/34359738368 -11112760785/17179869184 17176173825/17179869184 206072713185/137438953472 -17123968701/34359738368 -30878374539/68719476736 137406632419/137438953472 962157050501/549755813888 -982531501/2147483648 -74001076455/274877906944 549645943649/549755813888 1099786490109/549755813888 -453747613959/1099511627776 -117527125485/1099511627776 137418759483/137438953472 9898164573417/4398046511104 -805087819045/2199023255552 335855917861/8796093022208 8795246594761/8796093022208 87979356634709/35184372088832 -11293846054339/35184372088832 5884286125441/35184372088832 35182401678365/35184372088832 387085510095255/140737488355328 -39530382015447/140737488355328 39679534855101/140737488355328 70366780647561/70368744177664 1689009917615787/562949953421312 -8770736991595/35184372088832 108114187216647/281474976710656 562944110993551/562949953421312 7318749676777145/2251799813685248 -516219067217317/2251799813685248 1070722022038677/2251799813685248 2251798090967885/2251799813685248 281464990491223/70368744177664 -95223691620757/562949953421312 422036898738795/562949953421312 17592679937101/17592186044416 334229880969859/70368744177664 -7500438540805/35184372088832 65233794567411/70368744177664 140735476662677/140737488355328 48381640417451/8796093022208 -15619411377553/35184372088832 37138367839851/35184372088832 35182401678365/35184372088832 54980354876453/8796093022208 -7991273167183/8796093022208 2594459703429/2199023255552 4398330947041/4398046511104 7695682911841/1099511627776 -3359062422043/2199023255552 1418559174351/1099511627776 2199223475351/2199023255552 4260032712395/549755813888 -567116738561/274877906944 714448583865/549755813888 549645943649/549755813888 584247594649/68719476736 -304071217291/137438953472 37062945387/34359738368 17178255799/17179869184 158952013771/17179869184 -3864430405/2147483648 18988578909/34359738368 34377277985/34359738368 42928398643/4294967296 -8074012621/8589934592 -1622342907/8589934592 8589272801/8589934592 23075156195/2147483648 -63468775/2147483648 -941885253/1073741824 1072536265/1073741824 3090735823/268435456 255813221/536870912 -20624769/16777216 537309899/536870912 1645364285/134217728 23704783/67108864 -81730935/67108864 134499461/134217728 108717887/8388608 -1944115/8388608 -18847809/16777216 2090717/2097152 57632179/4194304 -6499735/8388608 -9895437/8388608 8363069/8388608 1914953/131072 -405775/524288 -612477/524288 2115509/2097152 7983809/524288 -102403/524288 -196101/262144 262657/262144 1030189/65536 21133/65536 4437/32768 128303/131072 555119/32768 611/8192 20259/16384 33017/32768 74299/4096 -163/128 15795/8192 1069/1024 17851/1024 -767/256 2313/1024 1961/2048 4549/256 -257/64 207/128 473/512 2879/128 -595/128 243/128 73/64 355/16 -53/16 9/32 35/32 107/8 5/8 9/4 5/8 22 4 0 1 69/2 0 -9 3/2 12 -1 1/2 1/2 25 -2 -5 1 39 0 3 3/2 27/2 2 -2 1/2 28 -1 3 1 87/2 -6 -9/2 3/2 15 -5/2 2 1/2 31 -4 -2 1 48 -3/2 15/2 3/2 33/2 2 -1/2 1/2 34 0 6 1 105/2 -3 0 3/2 18 -1 -3 1/2 37 0 1 1 57 6 -15/2 3/2 39/2 -1/2 1 1/2 40 -4 -4 1 123/2 -15/2 9/2 3/2 21 -2 -3/2 1/2 43 -1 4 1 66 6 -3 3/2 45/2 0 5/2 1/2 46 -2 -1 1 141/2 -3 9 3/2 0 25 1/8 25 1/2 25 2 1 3 25
periodic_d25_m25_sequence P 25 51 4 4 -3 -5 -6 0.5 -2 -4 1 1 -1 -1 -5 1.5 0 4 2 0.5 1 0 -4 1 2 -2 3 1.5 3 -2 -3 0.5 4 0 4 1 5 4 -2 1.5 6 -1 5 0.5 7 -4 -1 1 8 -5 6 1.5 9 -4 0 0.5 10 -1 -6 1 11 4 1 1.5 12 0 -5 0.5 13 -2 2 1 14 -2 -4 1.5 15 0 3 0.5 16 4 -3 1 17 -1 4 1.5 18 -4 -2 0.5 19 -5 5 1 20 -4 -1 1.5 21 -1 6 0.5 22 4 0 1 23 0 -6 1.5 24 -2 1 0.5 25 -2 -5 1 26 0 2 1.5 27 4 -4 0.5 28 -1 3 1 29 -4 -3 1.5 30 -5 4 0.5 31 -4 -2 1 32 -1 5 1.5 33 4 -1 0.5 34 0 6 1 35 -2 0 1.5 36 -2 -6 0.5 37 0 1 1 38 4 -5 1.5 39 -1 2 0.5 40 -4 -4 1 41 -5 3 1.5 42 -4 -3 0.5 43 -1 4 1 44 4 -2 1.5 45 0 5 0.5 46 -2 -1 1 47 -2 6 1.5 0 25 0.5 25 2 1 3 25 I 0.375 1 I 0.125 25 I 0.375 25 I 0.125 1 | periodic_d25_m25_sequence R 4 1 1 1 1 25 1 101 6 0 3 -3/2 -5/2 -3 1/2 -13/8 -23/8 -2 5/8 -27/16 -3 -57/32 3/4 -27/16 -187/64 -241/128 109/128 -835/512 -1383/512 -133/64 473/512 -3123/2048 -4911/2048 -4629/2048 993/1024 -11283/8192 -2113/1024 -4881/2048 8155/8192 -39187/32768 -7113/4096 -79705/32768 33017/32768 -16191/16384 -189141/131072 -78915/32768 4143/4096 -199581/262144 -156877/131072 -1215967/524288 530065/524288 -1093387/2097152 -1051237/1048576 -4565417/2097152 2115509/2097152 -2292165/8388608 -1798029/2097152 -4181727/2097152 4219977/4194304 -694377/33554432 -25303891/33554432 -29910141/16777216 33682663/33554432 31370753/134217728 -45844567/67108864 -104332893/67108864 134499461/134217728 131112099/268435456 -170244801/268435456 -708477045/536870912 67172745/67108864 398653221/536870912 -641988477/1073741824 -583009253/536870912 2148066757/2147483648 8553342077/8589934592 -4865845801/8589934592 -3694046671/4294967296 8589272801/8589934592 42879954249/34359738368 -18360164343/34359738368 -11112760785/17179869184 17176173825/17179869184 206072713185/137438953472 -17123968701/34359738368 -30878374539/68719476736 137406632419/137438953472 962157050501/549755813888 -982531501/2147483648 -74001076455/274877906944 549645943649/549755813888 1099786490109/549755813888 -453747613959/1099511627776 -117527125485/1099511627776 137418759483/137438953472 9898164573417/4398046511104 -805087819045/2199023255552 335855917861/8796093022208 8795246594761/8796093022208 87979356634709/35184372088832 -11293846054339/35184372088832 5884286125441/35184372088832 35182401678365/35184372088832 387085510095255/140737488355328 -39530382015447/140737488355328 39679534855101/140737488355328 70366780647561/70368744177664 1689009917615787/562949953421312 -8770736991595/35184372088832 108114187216647/281474976710656 562944110993551/562949953421312 7318749676777145/2251799813685248 -516219067217317/2251799813685248 1070722022038677/2251799813685248 2251798090967885/2251799813685248 8444169689405139/2251799813685248 -426002866727791/2251799813685248 1482339070649679/2251799813685248 2251841384955247/2251799813685248 9569743691532849/2251799813685248 -439990044399501/2251799813685248 1797026456276445/2251799813685248 2251813413908325/2251799813685248 10695922285868795/2251799813685248 -613298632991143/2251799813685248 2046823297765159/2251799813685248 2251762128193271/2251799813685248 11822274909890025/2251799813685248 -985245187552693/2251799813685248 2262252618845029/2251799813685248 2251775446178749/2251799813685248 12948147050226147/2251799813685248 -1552381512588447/2251799813685248 2457221116514751/2251799813685248 2251830537032511/2251799813685248 14073573854343137/2251799813685248 -2253177340822045/2251799813685248 2619447539089197/2251799813685248 2251832959290965/2251799813685248 15199241224475019/2251799813685248 -2973102811501143/2251799813685248 2710363838311191/2251799813685248 2251778560511047/2251799813685248 16325524495525401/2251799813685248 -3570721894317765/2251799813685248 2676159459943221/2251799813685248 2251760595744045/2251799813685248 17451884945731571/2251799813685248 -3916764451711183/2251799813685248 2467782326831407/2251799813685248 2251809861733391/2251799813685248 18577590221362833/2251799813685248 -3932548600298925/2251799813685248 2063060524171645/2251799813685248 2251841902497349/2251799813685248 19702871830239003/2251799813685248 -3613994287298055/2251799813685248 1481309221030407/2251799813685248 2251801791011991/2251799813685248 20828703378071369/2251799813685248 -3032927249408213/2251799813685248 782341149979653/2251799813685248 2251758289823645/2251799813685248 21955279530660099/2251799813685248 -2315659756077055/2251799813685248 48892648864671/2251799813685248 2251785972398047/2251799813685248 23081549480078913/2251799813685248 -1606249742064189/2251799813685248 -639262193130291/2251799813685248 2251837382893365/2251799813685248 24206832380270507/2251799813685248 -1026381501430967/2251799813685248 -1226130640839689/2251799813685248 2251824389031911/2251799813685248 25332064204325241/2251799813685248 -644742668889061/2251799813685248 -1685647103439403/2251799813685248 2251769266004749/2251799813685248 26458401937921299/2251799813685248 -465796949676591/2251799813685248 -2013157699397361/2251799813685248 2251766510429871/2251799813685248 27585220116621041/2251799813685248 -441046916622285/2251799813685248 -2210259966723811/2251799813685248 2251820846149925/2251799813685248 28710968600830779/2251799813685248 -497512519784039/2251799813685248 -2272986191032089/2251799813685248 2251839126216247/2251799813685248 29835788745276585/2251799813685248 -571691806699509/2251799813685248 -2189372218146651/2251799813685248 2251790013372285/2251799813685248 30961473751354403/2251799813685248 -635556930768735/2251799813685248 -1946333936987777/2251799813685248 2251757701064831/2251799813685248 32088493727346849/2251799813685248 -705257321494109/2251799813685248 -1540893463720339/2251799813685248 2251797581820949/2251799813685248 33215015433701835/2251799813685248 -830938662204183/2251799813685248 -989401287108393/2251799813685248 2251841288630151/2251799813685248 34339896043995353/2251799813685248 -1073087488523525/2251799813685248 -330242870403979/2251799813685248 2251813895533805/2251799813685248 35464774077777459/2251799813685248 -1474289774208911/2251799813685248 381088864261359/2251799813685248 2251762362125647/2251799813685248 1125850409208391/70368744177664 -418722729262901/562949953421312 184188682898507/562949953421312 17591692151731/17592186044416 1143426608357241/70368744177664 -29925866011497/35184372088832 34545747763029/70368744177664 140731549602471/140737488355328 145126148480511/8796093022208 -34386039749705/35184372088832 23129372491619/35184372088832 35182387917637/35184372088832 147326247556535/8796093022208 -9904096626525/8796093022208 1809762337195/2199023255552 4397762075167/4398046511104 18691379581377/1099511627776 -2853208138923/2199023255552 1081686155823/1099511627776 2198900371527/2199023255552 9484003972449/549755813888 -409993083487/274877906944 624269202843/549755813888 549749306995/549755813888 1202890677313/68719476736 -234479919987/137438953472 43770342359/34359738368 17181482569/17179869184 305105886561/17179869184 -8318710797/4294967296 47917986711/34359738368 34369887267/34359738368 77383494195/4294967296 -18702554893/8589934592 12832102853/8589934592 8595339937/8589934592 39251205977/2147483648 -5192681453/2147483648 1684210481/1073741824 1074947383/1073741824 4976873247/268435456 -1421197203/536870912 13560849/8388608 537820947/536870912 2523605199/134217728 -191272955/67108864 109869435/67108864 134551879/134217728 159873215/8388608 -25251467/8388608 27365439/16777216 2103587/2097152 80943753/4194304 -26076597/8388608 13428297/8388608 8414415/8388608 1278387/65536 -1638579/524288 812803/524288 2100877/2097152 10307195/524288 -1593841/524288 389369/262144 261631/262144 1292781/65536 -185619/65536 46293/32768 129807/131072 644637/32768 -20343/8192 21957/16384 32011/32768 79747/4096 -253/128 10443/8192 979/1024 19569/1024 -333/256 1251/1024 1899/2048 4773/256 -29/64 151/128 457/512 2333/128 71/128 145/128 55/64 291/16 27/16 33/32 27/32 153/8 23/8 3/4 7/8 22 4 0 1 69/2 0 -9 3/2 12 -1 1/2 1/2 25 -2 -5 1 39 0 3 3/2 27/2 2 -2 1/2 28 -1 3 1 87/2 -6 -9/2 3/2 15 -5/2 2 1/2 31 -4 -2 1 48 -3/2 15/2 3/2 33/2 2 -1/2 1/2 34 0 6 1 105/2 -3 0 3/2 18 -1 -3 1/2 37 0 1 1 57 6 -15/2 3/2 39/2 -1/2 1 1/2 40 -4 -4 1 123/2 -15/2 9/2 3/2 21 -2 -3/2 1/2 43 -1 4 1 66 6 -3 3/2 45/2 0 5/2 1/2 46 -2 -1 1 141/2 -3 9 3/2 0 25 1/8 25 3/8 25 1/2 25 2 1 3 25
periodic_d25_m25_roundtrip P 25 51 4 2 -3 -5 -6 0.5 -2 -4 1 1 -1 -1 -5 1.5 0 4 2 0.5 1 0 -4 1 2 -2 3 1.5 3 -2 -3 0.5 4 0 4 1 5 4 -2 1.5 6 -1 5 0.5 7 -4 -1 1 8 -5 6 1.5 9 -4 0 0.5 10 -1 -6 1 11 4 1 1.5 12 0 -5 0.5 13 -2 2 1 14 -2 -4 1.5 15 0 3 0.5 16 4 -3 1 17 -1 4 1.5 18 -4 -2 0.5 19 -5 5 1 20 -4 -1 1.5 21 -1 6 0.5 22 4 0 1 23 0 -6 1.5 24 -2 1 0.5 25 -2 -5 1 26 0 2 1.5 27 4 -4 0.5 28 -1 3 1 29 -4 -3 1.5 30 -5 4 0.5 31 -4 -2 1 32 -1 5 1.5 33 4 -1 0.5 34 0 6 1 35 -2 0 1.5 36 -2 -6 0.5 37 0 1 1 38 4 -5 1.5 39 -1 2 0.5 40 -4 -4 1 41 -5 3 1.5 42 -4 -3 0.5 43 -1 4 1 44 4 -2 1.5 45 0 5 0.5 46 -2 -1 1 47 -2 6 1.5 0 25 0.5 25 2 1 3 25 I 0.125 1 R 0.125 0 | periodic_d25_m25_roundtrip R 2 1 1 25 1 51 4 0 3 -3/2 -5/2 -3 1/2 -2 -4 1 1 -3/2 -3/2 -15/2 3/2 0 2 1 1/2 1 0 -4 1 3 -3 9/2 3/2 3/2 -1 -3/2 1/2 4 0 4 1 15/2 6 -3 3/2 3 -1/2 5/2 1/2 7 -4 -1 1 12 -15/2 9 3/2 9/2 -2 0 1/2 10 -1 -6 1 33/2 6 3/2 3/2 6 0 -5/2 1/2 13 -2 2 1 21 -3 -6 3/2 15/2 0 3/2 1/2 16 4 -3 1 51/2 -3/2 6 3/2 9 -2 -1 1/2 19 -5 5 1 30 -6 -3/2 3/2 21/2 -1/2 3 1/2 22 4 0 1 69/2 0 -9 3/2 12 -1 1/2 1/2 25 -2 -5 1 39 0 3 3/2 27/2 2 -2 1/2 28 -1 3 1 87/2 -6 -9/2 3/2 15 -5/2 2 1/2 31 -4 -2 1 48 -3/2 15/2 3/2 33/2 2 -1/2 1/2 34 0 6 1 105/2 -3 0 3/2 18 -1 -3 1/2 37 0 1 1 57 6 -15/2 3/2 39/2 -1/2 1 1/2 40 -4 -4 1 123/2 -15/2 9/2 3/2 21 -2 -3/2 1/2 43 -1 4 1 66 6 -3 3/2 45/2 0 5/2 1/2 46 -2 -1 1 141/2 -3 9 3/2 0 25 1/2 25 2 1 3 25
periodic_d25_m25_full_roundtrip P 25 51 4 2 -3 -5 -6 0.5 -2 -4 1 1 -1 -1 -5 1.5 0 4 2 0.5 1 0 -4 1 2 -2 3 1.5 3 -2 -3 0.5 4 0 4 1 5 4 -2 1.5 6 -1 5 0.5 7 -4 -1 1 8 -5 6 1.5 9 -4 0 0.5 10 -1 -6 1 11 4 1 1.5 12 0 -5 0.5 13 -2 2 1 14 -2 -4 1.5 15 0 3 0.5 16 4 -3 1 17 -1 4 1.5 18 -4 -2 0.5 19 -5 5 1 20 -4 -1 1.5 21 -1 6 0.5 22 4 0 1 23 0 -6 1.5 24 -2 1 0.5 25 -2 -5 1 26 0 2 1.5 27 4 -4 0.5 28 -1 3 1 29 -4 -3 1.5 30 -5 4 0.5 31 -4 -2 1 32 -1 5 1.5 33 4 -1 0.5 34 0 6 1 35 -2 0 1.5 36 -2 -6 0.5 37 0 1 1 38 4 -5 1.5 39 -1 2 0.5 40 -4 -4 1 41 -5 3 1.5 42 -4 -3 0.5 43 -1 4 1 44 4 -2 1.5 45 0 5 0.5 46 -2 -1 1 47 -2 6 1.5 0 25 0.5 25 2 1 3 25 I 0.125 25 R 0.125 0 | periodic_d25_m25_full_roundtrip R 2 1 1 25 1 51 4 0 3 -3/2 -5/2 -3 1/2 -2 -4 1 1 -3/2 -3/2 -15/2 3/2 0 2 1 1/2 1 0 -4 1 3 -3 9/2 3/2 3/2 -1 -3/2 1/2 4 0 4 1 15/2 6 -3 3/2 3 -1/2 5/2 1/2 7 -4 -1 1 12 -15/2 9 3/2 9/2 -2 0 1/2 10 -1 -6 1 33/2 6 3/2 3/2 6 0 -5/2 1/2 13 -2 2 1 21 -3 -6 3/2 15/2 0 3/2 1/2 16 4 -3 1 51/2 -3/2 6 3/2 9 -2 -1 1/2 19 -5 5 1 30 -6 -3/2 3/2 21/2 -1/2 3 1/2 22 4 0 1 69/2 0 -9 3/2 12 -1 1/2 1/2 25 -2 -5 1 39 0 3 3/2 27/2 2 -2 1/2 28 -1 3 1 87/2 -6 -9/2 3/2 15 -5/2 2 1/2 31 -4 -2 1 48 -3/2 15/2 3/2 33/2 2 -1/2 1/2 34 0 6 1 105/2 -3 0 3/2 18 -1 -3 1/2 37 0 1 1 57 6 -15/2 3/2 39/2 -1/2 1 1/2 40 -4 -4 1 123/2 -15/2 9/2 3/2 21 -2 -3/2 1/2 43 -1 4 1 66 6 -3 3/2 45/2 0 5/2 1/2 46 -2 -1 1 141/2 -3 9 3/2 0 25 1/2 25 2 1 3 25
periodic_d25_m25_remove_existing P 25 51 4 1 -3 -5 -6 0.5 -2 -4 1 1 -1 -1 -5 1.5 0 4 2 0.5 1 0 -4 1 2 -2 3 1.5 3 -2 -3 0.5 4 0 4 1 5 4 -2 1.5 6 -1 5 0.5 7 -4 -1 1 8 -5 6 1.5 9 -4 0 0.5 10 -1 -6 1 11 4 1 1.5 12 0 -5 0.5 13 -2 2 1 14 -2 -4 1.5 15 0 3 0.5 16 4 -3 1 17 -1 4 1.5 18 -4 -2 0.5 19 -5 5 1 20 -4 -1 1.5 21 -1 6 0.5 22 4 0 1 23 0 -6 1.5 24 -2 1 0.5 25 -2 -5 1 26 0 2 1.5 27 4 -4 0.5 28 -1 3 1 29 -4 -3 1.5 30 -5 4 0.5 31 -4 -2 1 32 -1 5 1.5 33 4 -1 0.5 34 0 6 1 35 -2 0 1.5 36 -2 -6 0.5 37 0 1 1 38 4 -5 1.5 39 -1 2 0.5 40 -4 -4 1 41 -5 3 1.5 42 -4 -3 0.5 43 -1 4 1 44 4 -2 1.5 45 0 5 0.5 46 -2 -1 1 47 -2 6 1.5 0 25 0.5 25 2 1 3 25 R 0.5 24 | periodic_d25_m25_remove_existing R 1 0 25 1 51 4 0 3 -3/2 -5/2 -3 1/2 -2 -4 1 1 -3/2 -3/2 -15/2 3/2 0 2 1 1/2 1 0 -4 1 3 -3 9/2 3/2 3/2 -1 -3/2 1/2 4 0 4 1 15/2 6 -3 3/2 3 -1/2 5/2 1/2 7 -4 -1 1 12 -15/2 9 3/2 9/2 -2 0 1/2 10 -1 -6 1 33/2 6 3/2 3/2 6 0 -5/2 1/2 13 -2 2 1 21 -3 -6 3/2 15/2 0 3/2 1/2 16 4 -3 1 51/2 -3/2 6 3/2 9 -2 -1 1/2 19 -5 5 1 30 -6 -3/2 3/2 21/2 -1/2 3 1/2 22 4 0 1 69/2 0 -9 3/2 12 -1 1/2 1/2 25 -2 -5 1 39 0 3 3/2 27/2 2 -2 1/2 28 -1 3 1 87/2 -6 -9/2 3/2 15 -5/2 2 1/2 31 -4 -2 1 48 -3/2 15/2 3/2 33/2 2 -1/2 1/2 34 0 6 1 105/2 -3 0 3/2 18 -1 -3 1/2 37 0 1 1 57 6 -15/2 3/2 39/2 -1/2 1 1/2 40 -4 -4 1 123/2 -15/2 9/2 3/2 21 -2 -3/2 1/2 43 -1 4 1 66 6 -3 3/2 45/2 0 5/2 1/2 46 -2 -1 1 141/2 -3 9 3/2 0 25 1/2 25 2 1 3 25
periodic_d25_m25_seam P 25 51 4 2 -3 -5 -6 0.5 -2 -4 1 1 -1 -1 -5 1.5 0 4 2 0.5 1 0 -4 1 2 -2 3 1.5 3 -2 -3 0.5 4 0 4 1 5 4 -2 1.5 6 -1 5 0.5 7 -4 -1 1 8 -5 6 1.5 9 -4 0 0.5 10 -1 -6 1 11 4 1 1.5 12 0 -5 0.5 13 -2 2 1 14 -2 -4 1.5 15 0 3 0.5 16 4 -3 1 17 -1 4 1.5 18 -4 -2 0.5 19 -5 5 1 20 -4 -1 1.5 21 -1 6 0.5 22 4 0 1 23 0 -6 1.5 24 -2 1 0.5 25 -2 -5 1 26 0 2 1.5 27 4 -4 0.5 28 -1 3 1 29 -4 -3 1.5 30 -5 4 0.5 31 -4 -2 1 32 -1 5 1.5 33 4 -1 0.5 34 0 6 1 35 -2 0 1.5 36 -2 -6 0.5 37 0 1 1 38 4 -5 1.5 39 -1 2 0.5 40 -4 -4 1 41 -5 3 1.5 42 -4 -3 0.5 43 -1 4 1 44 4 -2 1.5 45 0 5 0.5 46 -2 -1 1 47 -2 6 1.5 0 25 0.5 25 2 1 3 25 I 0 25 I 3 25 | periodic_d25_m25_seam R 2 1 1 25 1 51 4 0 3 -3/2 -5/2 -3 1/2 -2 -4 1 1 -3/2 -3/2 -15/2 3/2 0 2 1 1/2 1 0 -4 1 3 -3 9/2 3/2 3/2 -1 -3/2 1/2 4 0 4 1 15/2 6 -3 3/2 3 -1/2 5/2 1/2 7 -4 -1 1 12 -15/2 9 3/2 9/2 -2 0 1/2 10 -1 -6 1 33/2 6 3/2 3/2 6 0 -5/2 1/2 13 -2 2 1 21 -3 -6 3/2 15/2 0 3/2 1/2 16 4 -3 1 51/2 -3/2 6 3/2 9 -2 -1 1/2 19 -5 5 1 30 -6 -3/2 3/2 21/2 -1/2 3 1/2 22 4 0 1 69/2 0 -9 3/2 12 -1 1/2 1/2 25 -2 -5 1 39 0 3 3/2 27/2 2 -2 1/2 28 -1 3 1 87/2 -6 -9/2 3/2 15 -5/2 2 1/2 31 -4 -2 1 48 -3/2 15/2 3/2 33/2 2 -1/2 1/2 34 0 6 1 105/2 -3 0 3/2 18 -1 -3 1/2 37 0 1 1 57 6 -15/2 3/2 39/2 -1/2 1 1/2 40 -4 -4 1 123/2 -15/2 9/2 3/2 21 -2 -3/2 1/2 43 -1 4 1 66 6 -3 3/2 45/2 0 5/2 1/2 46 -2 -1 1 141/2 -3 9 3/2 0 25 1/2 25 2 1 3 25
upstream_rational_increase_identity B 2 3 2 0 0 0 0 1 1 1 0 2 2 0 0 1 0 3 1 3 | upstream_rational_increase_identity R 0 2 0 3 2 0 1 0 0 0 1 2 2 0 2 2 0 0 1 0 3 1 3
upstream_rational_increase_insert B 2 3 2 1 0 0 0 1 1 1 0 2 2 0 0 1 0 3 1 3 I 0.25 2 | upstream_rational_increase_insert R 1 1 2 0 5 3 0 1 0 0 0 1 1/2 1/2 0 5/4 7/8 3/4 0 11/8 2 3/2 0 7/4 2 0 0 1 0 3 1/4 2 1 3
upstream_rational_increase_sequence B 2 3 2 4 0 0 0 1 1 1 0 2 2 0 0 1 0 3 1 3 I 0.75 1 I 0.25 2 I 0.75 2 I 0.25 1 | upstream_rational_increase_sequence R 4 1 1 1 1 2 0 7 4 0 1 0 0 0 1 1/2 1/2 0 5/4 7/8 3/4 0 11/8 13/8 5/4 0 13/8 15/8 3/4 0 11/8 2 1/2 0 5/4 2 0 0 1 0 3 1/4 2 3/4 2 1 3
upstream_rational_increase_roundtrip B 2 3 2 2 0 0 0 1 1 1 0 2 2 0 0 1 0 3 1 3 I 0.25 1 R 0.25 0 | upstream_rational_increase_roundtrip R 2 1 1 2 0 3 2 0 1 0 0 0 1 2 2 0 2 2 0 0 1 0 3 1 3
upstream_rational_increase_full_roundtrip B 2 3 2 2 0 0 0 1 1 1 0 2 2 0 0 1 0 3 1 3 I 0.25 2 R 0.25 0 | upstream_rational_increase_full_roundtrip R 2 1 1 2 0 3 2 0 1 0 0 0 1 2 2 0 2 2 0 0 1 0 3 1 3
upstream_rational_reverse_identity B 2 3 2 0 0 0 0 1 1 1 0 3 2 0 0 2 0 3 1 3 | upstream_rational_reverse_identity R 0 2 0 3 2 0 1 0 0 0 1 3 3 0 3 4 0 0 2 0 3 1 3
upstream_rational_reverse_insert B 2 3 2 1 0 0 0 1 1 1 0 3 2 0 0 2 0 3 1 3 I 0.25 2 | upstream_rational_reverse_insert R 1 1 2 0 5 3 0 1 0 0 0 1 3/4 3/4 0 3/2 11/8 9/8 0 29/16 13/4 9/4 0 11/4 4 0 0 2 0 3 1/4 2 1 3
upstream_rational_reverse_sequence B 2 3 2 4 0 0 0 1 1 1 0 3 2 0 0 2 0 3 1 3 I 0.75 1 I 0.25 2 I 0.75 2 I 0.25 1 | upstream_rational_reverse_sequence R 4 1 1 1 1 2 0 7 4 0 1 0 0 0 1 3/4 3/4 0 3/2 11/8 9/8 0 29/16 21/8 15/8 0 39/16 27/8 9/8 0 37/16 15/4 3/4 0 9/4 4 0 0 2 0 3 1/4 2 3/4 2 1 3
upstream_rational_reverse_roundtrip B 2 3 2 2 0 0 0 1 1 1 0 3 2 0 0 2 0 3 1 3 I 0.25 1 R 0.25 0 | upstream_rational_reverse_roundtrip R 2 1 1 2 0 3 2 0 1 0 0 0 1 3 3 0 3 4 0 0 2 0 3 1 3
upstream_rational_reverse_full_roundtrip B 2 3 2 2 0 0 0 1 1 1 0 3 2 0 0 2 0 3 1 3 I 0.25 2 R 0.25 0 | upstream_rational_reverse_full_roundtrip R 2 1 1 2 0 3 2 0 1 0 0 0 1 3 3 0 3 4 0 0 2 0 3 1 3
unclamped_nonuniform_d1_identity S 1 5 7 0 -2 -6 -5 0.5 -1 -5 2 1 0 -2 -2 1.5 1 3 5 0.5 2 -3 1 1 -2 1 -1 1 0 1 1 1 2 1 3 1 4 1 | unclamped_nonuniform_d1_identity R 0 1 0 5 7 -1 3 -1 -3 -5/2 1/2 -1 -5 2 1 0 -3 -3 3/2 1/2 3/2 5/2 1/2 2 -3 1 1 -2 1 -1 1 0 1 1 1 2 1 3 1 4 1
unclamped_nonuniform_d1_insert S 1 5 7 1 -2 -6 -5 0.5 -1 -5 2 1 0 -2 -2 1.5 1 3 5 0.5 2 -3 1 1 -2 1 -1 1 0 1 1 1 2 1 3 1 4 1 I -0.75 1 | unclamped_nonuniform_d1_insert R 1 1 1 0 6 8 -1 3 -1 -3 -5/2 1/2 -1 -7/2 -11/8 5/8 -1 -5 2 1 0 -3 -3 3/2 1/2 3/2 5/2 1/2 2 -3 1 1 -2 1 -1 1 -3/4 1 0 1 1 1 2 1 3 1 4 1
unclamped_nonuniform_d1_sequence S 1 5 7 4 -2 -6 -5 0.5 -1 -5 2 1 0 -2 -2 1.5 1 3 5 0.5 2 -3 1 1 -2 1 -1 1 0 1 1 1 2 1 3 1 4 1 I -0.25 1 I -0.75 1 I -0.25 1 I -0.75 1 | unclamped_nonuniform_d1_sequence R 4 1 1 1 1 1 0 7 9 -1 3 -1 -3 -5/2 1/2 -1 -7/2 -11/8 5/8 -1 -9/2 7/8 7/8 -1 -5 2 1 0 -3 -3 3/2 1/2 3/2 5/2 1/2 2 -3 1 1 -2 1 -1 1 -3/4 1 -1/4 1 0 1 1 1 2 1 3 1 4 1
unclamped_nonuniform_d1_roundtrip S 1 5 7 2 -2 -6 -5 0.5 -1 -5 2 1 0 -2 -2 1.5 1 3 5 0.5 2 -3 1 1 -2 1 -1 1 0 1 1 1 2 1 3 1 4 1 I -0.75 1 R -0.75 0 | unclamped_nonuniform_d1_roundtrip R 2 1 1 1 0 5 7 -1 3 -1 -3 -5/2 1/2 -1 -5 2 1 0 -3 -3 3/2 1/2 3/2 5/2 1/2 2 -3 1 1 -2 1 -1 1 0 1 1 1 2 1 3 1 4 1
unclamped_nonuniform_d1_full_roundtrip S 1 5 7 2 -2 -6 -5 0.5 -1 -5 2 1 0 -2 -2 1.5 1 3 5 0.5 2 -3 1 1 -2 1 -1 1 0 1 1 1 2 1 3 1 4 1 I -0.75 1 R -0.75 0 | unclamped_nonuniform_d1_full_roundtrip R 2 1 1 1 0 5 7 -1 3 -1 -3 -5/2 1/2 -1 -5 2 1 0 -3 -3 3/2 1/2 3/2 5/2 1/2 2 -3 1 1 -2 1 -1 1 0 1 1 1 2 1 3 1 4 1
unclamped_nonuniform_d1_remove_existing S 1 5 7 1 -2 -6 -5 0.5 -1 -5 2 1 0 -2 -2 1.5 1 3 5 0.5 2 -3 1 1 -2 1 -1 1 0 1 1 1 2 1 3 1 4 1 R 0 0 | unclamped_nonuniform_d1_remove_existing R 1 0 1 0 5 7 -1 3 -1 -3 -5/2 1/2 -1 -5 2 1 0 -3 -3 3/2 1/2 3/2 5/2 1/2 2 -3 1 1 -2 1 -1 1 0 1 1 1 2 1 3 1 4 1
unclamped_nonuniform_d1_domain_ends S 1 5 7 2 -2 -6 -5 0.5 -1 -5 2 1 0 -2 -2 1.5 1 3 5 0.5 2 -3 1 1 -2 1 -1 1 0 1 1 1 2 1 3 1 4 1 I -1 1 I 3 1 | unclamped_nonuniform_d1_domain_ends R 2 1 1 1 0 5 7 -1 3 -1 -3 -5/2 1/2 -1 -5 2 1 0 -3 -3 3/2 1/2 3/2 5/2 1/2 2 -3 1 1 -2 1 -1 1 0 1 1 1 2 1 3 1 4 1
constant_periodic_d1_identity P 1 4 5 0 2 -3 5 1 2 -3 5 1 2 -3 5 1 2 -3 5 1 0 1 1 1 2 1 3 1 4 1 | constant_periodic_d1_identity R 0 1 1 4 5 0 4 2 -3 5 1 2 -3 5 1 2 -3 5 1 2 -3 5 1 0 1 1 1 2 1 3 1 4 1
constant_periodic_d1_insert P 1 4 5 1 2 -3 5 1 2 -3 5 1 2 -3 5 1 2 -3 5 1 0 1 1 1 2 1 3 1 4 1 I 0.25 1 | constant_periodic_d1_insert R 1 1 1 1 5 6 0 4 2 -3 5 1 2 -3 5 1 2 -3 5 1 2 -3 5 1 2 -3 5 1 0 1 1/4 1 1 1 2 1 3 1 4 1
constant_periodic_d1_sequence P 1 4 5 4 2 -3 5 1 2 -3 5 1 2 -3 5 1 2 -3 5 1 0 1 1 1 2 1 3 1 4 1 I 0.75 1 I 0.25 1 I 0.75 1 I 0.25 1 | constant_periodic_d1_sequence R 4 1 1 1 1 1 1 6 7 0 4 2 -3 5 1 2 -3 5 1 2 -3 5 1 2 -3 5 1 2 -3 5 1 2 -3 5 1 0 1 1/4 1 3/4 1 1 1 2 1 3 1 4 1
constant_periodic_d1_roundtrip P 1 4 5 2 2 -3 5 1 2 -3 5 1 2 -3 5 1 2 -3 5 1 0 1 1 1 2 1 3 1 4 1 I 0.25 1 R 0.25 0 | constant_periodic_d1_roundtrip R 2 1 1 1 1 4 5 0 4 2 -3 5 1 2 -3 5 1 2 -3 5 1 2 -3 5 1 0 1 1 1 2 1 3 1 4 1
constant_periodic_d1_full_roundtrip P 1 4 5 2 2 -3 5 1 2 -3 5 1 2 -3 5 1 2 -3 5 1 0 1 1 1 2 1 3 1 4 1 I 0.25 1 R 0.25 0 | constant_periodic_d1_full_roundtrip R 2 1 1 1 1 4 5 0 4 2 -3 5 1 2 -3 5 1 2 -3 5 1 2 -3 5 1 0 1 1 1 2 1 3 1 4 1
constant_periodic_d1_remove_existing P 1 4 5 1 2 -3 5 1 2 -3 5 1 2 -3 5 1 2 -3 5 1 0 1 1 1 2 1 3 1 4 1 R 1 0 | constant_periodic_d1_remove_existing R 1 1 1 1 3 4 0 4 2 -3 5 1 2 -3 5 1 2 -3 5 1 0 1 2 1 3 1 4 1
constant_periodic_d1_seam P 1 4 5 2 2 -3 5 1 2 -3 5 1 2 -3 5 1 2 -3 5 1 0 1 1 1 2 1 3 1 4 1 I 0 1 I 4 1 | constant_periodic_d1_seam R 2 1 1 1 1 4 5 0 4 2 -3 5 1 2 -3 5 1 2 -3 5 1 2 -3 5 1 0 1 1 1 2 1 3 1 4 1
constant_periodic_d1_remove_origin P 1 4 5 1 2 -3 5 1 2 -3 5 1 2 -3 5 1 2 -3 5 1 0 1 1 1 2 1 3 1 4 1 R 0 0 | constant_periodic_d1_remove_origin R 1 1 1 1 3 4 1 5 2 -3 5 1 2 -3 5 1 2 -3 5 1 1 1 2 1 3 1 5 1
constant_periodic_d1_remove_end_alias P 1 4 5 1 2 -3 5 1 2 -3 5 1 2 -3 5 1 2 -3 5 1 0 1 1 1 2 1 3 1 4 1 R 4 0 | constant_periodic_d1_remove_end_alias R 1 1 1 1 3 4 1 5 2 -3 5 1 2 -3 5 1 2 -3 5 1 1 1 2 1 3 1 5 1
unclamped_nonuniform_d2_identity S 2 9 7 0 -2 -6 -5 0.5 -1 -5 2 1 0 -2 -2 1.5 1 3 5 0.5 2 -3 1 1 3 6 -3 1.5 4 4 4 0.5 5 4 0 1 6 6 -4 1.5 -2 2 -1 2 0 1 1 2 2 1 3 2 4 2 | unclamped_nonuniform_d2_identity R 0 2 0 9 7 -1 3 -1 -3 -5/2 1/2 -1 -5 2 1 0 -3 -3 3/2 1/2 3/2 5/2 1/2 2 -3 1 1 9/2 9 -9/2 3/2 2 2 2 1/2 5 4 0 1 9 9 -6 3/2 -2 2 -1 2 0 1 1 2 2 1 3 2 4 2
unclamped_nonuniform_d2_insert S 2 9 7 1 -2 -6 -5 0.5 -1 -5 2 1 0 -2 -2 1.5 1 3 5 0.5 2 -3 1 1 3 6 -3 1.5 4 4 4 0.5 5 4 0 1 6 6 -4 1.5 -2 2 -1 2 0 1 1 2 2 1 3 2 4 2 I -0.75 2 | unclamped_nonuniform_d2_insert R 1 1 2 0 11 8 -1 3 -1 -3 -5/2 1/2 -1 -5 2 1 -3/4 -9/2 3/4 9/8 -35/64 -255/64 -1/64 19/16 1/16 -39/16 -37/16 11/8 1/2 3/2 5/2 1/2 2 -3 1 1 9/2 9 -9/2 3/2 2 2 2 1/2 5 4 0 1 9 9 -6 3/2 -2 2 -1 2 -3/4 2 0 1 1 2 2 1 3 2 4 2
unclamped_nonuniform_d2_sequence S 2 9 7 4 -2 -6 -5 0.5 -1 -5 2 1 0 -2 -2 1.5 1 3 5 0.5 2 -3 1 1 3 6 -3 1.5 4 4 4 0.5 5 4 0 1 6 6 -4 1.5 -2 2 -1 2 0 1 1 2 2 1 3 2 4 2 I -0.25 1 I -0.75 2 I -0.25 2 I -0.75 1 | unclamped_nonuniform_d2_sequence R 4 1 1 1 1 2 0 13 9 -1 3 -1 -3 -5/2 1/2 -1 -5 2 1 -3/4 -9/2 3/4 9/8 -35/64 -255/64 -1/64 19/16 -9/64 -189/64 -99/64 21/16 5/64 -119/64 -73/64 19/16 3/16 -21/16 -15/16 9/8 1/2 3/2 5/2 1/2 2 -3 1 1 9/2 9 -9/2 3/2 2 2 2 1/2 5 4 0 1 9 9 -6 3/2 -2 2 -1 2 -3/4 2 -1/4 2 0 1 1 2 2 1 3 2 4 2
unclamped_nonuniform_d2_roundtrip S 2 9 7 2 -2 -6 -5 0.5 -1 -5 2 1 0 -2 -2 1.5 1 3 5 0.5 2 -3 1 1 3 6 -3 1.5 4 4 4 0.5 5 4 0 1 6 6 -4 1.5 -2 2 -1 2 0 1 1 2 2 1 3 2 4 2 I -0.75 1 R -0.75 0 | unclamped_nonuniform_d2_roundtrip R 2 1 1 2 0 9 7 -1 3 -1 -3 -5/2 1/2 -1 -5 2 1 0 -3 -3 3/2 1/2 3/2 5/2 1/2 2 -3 1 1 9/2 9 -9/2 3/2 2 2 2 1/2 5 4 0 1 9 9 -6 3/2 -2 2 -1 2 0 1 1 2 2 1 3 2 4 2
unclamped_nonuniform_d2_full_roundtrip S 2 9 7 2 -2 -6 -5 0.5 -1 -5 2 1 0 -2 -2 1.5 1 3 5 0.5 2 -3 1 1 3 6 -3 1.5 4 4 4 0.5 5 4 0 1 6 6 -4 1.5 -2 2 -1 2 0 1 1 2 2 1 3 2 4 2 I -0.75 2 R -0.75 0 | unclamped_nonuniform_d2_full_roundtrip R 2 1 1 2 0 9 7 -1 3 -1 -3 -5/2 1/2 -1 -5 2 1 0 -3 -3 3/2 1/2 3/2 5/2 1/2 2 -3 1 1 9/2 9 -9/2 3/2 2 2 2 1/2 5 4 0 1 9 9 -6 3/2 -2 2 -1 2 0 1 1 2 2 1 3 2 4 2
unclamped_nonuniform_d2_remove_existing S 2 9 7 1 -2 -6 -5 0.5 -1 -5 2 1 0 -2 -2 1.5 1 3 5 0.5 2 -3 1 1 3 6 -3 1.5 4 4 4 0.5 5 4 0 1 6 6 -4 1.5 -2 2 -1 2 0 1 1 2 2 1 3 2 4 2 R 0 0 | unclamped_nonuniform_d2_remove_existing R 1 0 2 0 9 7 -1 3 -1 -3 -5/2 1/2 -1 -5 2 1 0 -3 -3 3/2 1/2 3/2 5/2 1/2 2 -3 1 1 9/2 9 -9/2 3/2 2 2 2 1/2 5 4 0 1 9 9 -6 3/2 -2 2 -1 2 0 1 1 2 2 1 3 2 4 2
unclamped_nonuniform_d2_domain_ends S 2 9 7 2 -2 -6 -5 0.5 -1 -5 2 1 0 -2 -2 1.5 1 3 5 0.5 2 -3 1 1 3 6 -3 1.5 4 4 4 0.5 5 4 0 1 6 6 -4 1.5 -2 2 -1 2 0 1 1 2 2 1 3 2 4 2 I -1 2 I 3 2 | unclamped_nonuniform_d2_domain_ends R 2 1 1 2 0 9 7 -1 3 -1 -3 -5/2 1/2 -1 -5 2 1 0 -3 -3 3/2 1/2 3/2 5/2 1/2 2 -3 1 1 9/2 9 -9/2 3/2 2 2 2 1/2 5 4 0 1 9 9 -6 3/2 -2 2 -1 2 0 1 1 2 2 1 3 2 4 2
constant_periodic_d2_identity P 2 5 6 0 2 -3 5 1 2 -3 5 1 2 -3 5 1 2 -3 5 1 2 -3 5 1 0 1 1 1 2 1 3 1 4 1 5 1 | constant_periodic_d2_identity R 0 2 1 5 6 0 5 2 -3 5 1 2 -3 5 1 2 -3 5 1 2 -3 5 1 2 -3 5 1 0 1 1 1 2 1 3 1 4 1 5 1
constant_periodic_d2_insert P 2 5 6 1 2 -3 5 1 2 -3 5 1 2 -3 5 1 2 -3 5 1 2 -3 5 1 0 1 1 1 2 1 3 1 4 1 5 1 I 0.25 2 | constant_periodic_d2_insert R 1 1 2 1 7 7 0 5 2 -3 5 1 2 -3 5 1 2 -3 5 1 2 -3 5 1 2 -3 5 1 2 -3 5 1 2 -3 5 1 0 1 1/4 2 1 1 2 1 3 1 4 1 5 1
constant_periodic_d2_sequence P 2 5 6 4 2 -3 5 1 2 -3 5 1 2 -3 5 1 2 -3 5 1 2 -3 5 1 0 1 1 1 2 1 3 1 4 1 5 1 I 0.75 1 I 0.25 2 I 0.75 2 I 0.25 1 | constant_periodic_d2_sequence R 4 1 1 1 1 2 1 9 8 0 5 2 -3 5 1 2 -3 5 1 2 -3 5 1 2 -3 5 1 2 -3 5 1 2 -3 5 1 2 -3 5 1 2 -3 5 1 2 -3 5 1 0 1 1/4 2 3/4 2 1 1 2 1 3 1 4 1 5 1
constant_periodic_d2_roundtrip P 2 5 6 2 2 -3 5 1 2 -3 5 1 2 -3 5 1 2 -3 5 1 2 -3 5 1 0 1 1 1 2 1 3 1 4 1 5 1 I 0.25 1 R 0.25 0 | constant_periodic_d2_roundtrip R 2 1 1 2 1 5 6 0 5 2 -3 5 1 2 -3 5 1 2 -3 5 1 2 -3 5 1 2 -3 5 1 0 1 1 1 2 1 3 1 4 1 5 1
constant_periodic_d2_full_roundtrip P 2 5 6 2 2 -3 5 1 2 -3 5 1 2 -3 5 1 2 -3 5 1 2 -3 5 1 0 1 1 1 2 1 3 1 4 1 5 1 I 0.25 2 R 0.25 0 | constant_periodic_d2_full_roundtrip R 2 1 1 2 1 5 6 0 5 2 -3 5 1 2 -3 5 1 2 -3 5 1 2 -3 5 1 2 -3 5 1 0 1 1 1 2 1 3 1 4 1 5 1
constant_periodic_d2_remove_existing P 2 5 6 1 2 -3 5 1 2 -3 5 1 2 -3 5 1 2 -3 5 1 2 -3 5 1 0 1 1 1 2 1 3 1 4 1 5 1 R 1 0 | constant_periodic_d2_remove_existing R 1 1 2 1 4 5 0 5 2 -3 5 1 2 -3 5 1 2 -3 5 1 2 -3 5 1 0 1 2 1 3 1 4 1 5 1
constant_periodic_d2_seam P 2 5 6 2 2 -3 5 1 2 -3 5 1 2 -3 5 1 2 -3 5 1 2 -3 5 1 0 1 1 1 2 1 3 1 4 1 5 1 I 0 2 I 5 2 | constant_periodic_d2_seam R 2 1 1 2 1 6 6 0 5 2 -3 5 1 2 -3 5 1 2 -3 5 1 2 -3 5 1 2 -3 5 1 2 -3 5 1 0 2 1 1 2 1 3 1 4 1 5 2
constant_periodic_d2_seam_roundtrip P 2 5 6 2 2 -3 5 1 2 -3 5 1 2 -3 5 1 2 -3 5 1 2 -3 5 1 0 1 1 1 2 1 3 1 4 1 5 1 I 5 2 R 0 1 | constant_periodic_d2_seam_roundtrip R 2 1 1 2 1 5 6 0 5 2 -3 5 1 2 -3 5 1 2 -3 5 1 2 -3 5 1 2 -3 5 1 0 1 1 1 2 1 3 1 4 1 5 1
constant_periodic_d2_remove_origin P 2 5 6 1 2 -3 5 1 2 -3 5 1 2 -3 5 1 2 -3 5 1 2 -3 5 1 0 1 1 1 2 1 3 1 4 1 5 1 R 0 0 | constant_periodic_d2_remove_origin R 1 1 2 1 4 5 1 6 2 -3 5 1 2 -3 5 1 2 -3 5 1 2 -3 5 1 1 1 2 1 3 1 4 1 6 1
constant_periodic_d2_remove_end_alias P 2 5 6 1 2 -3 5 1 2 -3 5 1 2 -3 5 1 2 -3 5 1 2 -3 5 1 0 1 1 1 2 1 3 1 4 1 5 1 R 5 0 | constant_periodic_d2_remove_end_alias R 1 1 2 1 4 5 1 6 2 -3 5 1 2 -3 5 1 2 -3 5 1 2 -3 5 1 1 1 2 1 3 1 4 1 6 1
unclamped_nonuniform_d3_identity S 3 13 7 0 -2 -6 -5 0.5 -1 -5 2 1 0 -2 -2 1.5 1 3 5 0.5 2 -3 1 1 3 6 -3 1.5 4 4 4 0.5 5 4 0 1 6 6 -4 1.5 7 -3 3 0.5 8 3 -1 1 9 -2 -5 1.5 10 -5 2 0.5 -2 3 -1 3 0 1 1 3 2 1 3 3 4 3 | unclamped_nonuniform_d3_identity R 0 3 0 13 7 -1 3 -1 -3 -5/2 1/2 -1 -5 2 1 0 -3 -3 3/2 1/2 3/2 5/2 1/2 2 -3 1 1 9/2 9 -9/2 3/2 2 2 2 1/2 5 4 0 1 9 9 -6 3/2 7/2 -3/2 3/2 1/2 8 3 -1 1 27/2 -3 -15/2 3/2 5 -5/2 1 1/2 -2 3 -1 3 0 1 1 3 2 1 3 3 4 3
unclamped_nonuniform_d3_insert S 3 13 7 1 -2 -6 -5 0.5 -1 -5 2 1 0 -2 -2 1.5 1 3 5 0.5 2 -3 1 1 3 6 -3 1.5 4 4 4 0.5 5 4 0 1 6 6 -4 1.5 7 -3 3 0.5 8 3 -1 1 9 -2 -5 1.5 10 -5 2 0.5 -2 3 -1 3 0 1 1 3 2 1 3 3 4 3 I -0.75 3 | unclamped_nonuniform_d3_insert R 1 1 3 0 16 8 -1 3 -1 -3 -5/2 1/2 -1 -5 2 1 0 -3 -3 3/2 1/8 -15/8 -13/8 5/4 17/64 -75/64 -41/64 69/64 27/64 -369/512 9/256 247/256 57/64 81/128 33/16 5/8 37/16 -3/2 5/16 17/16 9/2 9 -9/2 3/2 2 2 2 1/2 5 4 0 1 9 9 -6 3/2 7/2 -3/2 3/2 1/2 8 3 -1 1 27/2 -3 -15/2 3/2 5 -5/2 1 1/2 -2 3 -1 3 -3/4 3 0 1 1 3 2 1 3 3 4 3
unclamped_nonuniform_d3_sequence S 3 13 7 4 -2 -6 -5 0.5 -1 -5 2 1 0 -2 -2 1.5 1 3 5 0.5 2 -3 1 1 3 6 -3 1.5 4 4 4 0.5 5 4 0 1 6 6 -4 1.5 7 -3 3 0.5 8 3 -1 1 9 -2 -5 1.5 10 -5 2 0.5 -2 3 -1 3 0 1 1 3 2 1 3 3 4 3 I -0.25 1 I -0.75 3 I -0.25 3 I -0.75 1 | unclamped_nonuniform_d3_sequence R 4 1 1 1 1 3 0 19 9 -1 3 -1 -3 -5/2 1/2 -1 -5 2 1 0 -3 -3 3/2 1/8 -15/8 -13/8 5/4 17/64 -75/64 -41/64 69/64 27/64 -369/512 9/256 247/256 47/64 93/512 355/256 189/256 71/64 39/512 385/256 191/256 99/64 165/512 267/256 213/256 113/64 57/128 13/16 7/8 47/16 3/2 -17/16 19/16 9/2 9 -9/2 3/2 2 2 2 1/2 5 4 0 1 9 9 -6 3/2 7/2 -3/2 3/2 1/2 8 3 -1 1 27/2 -3 -15/2 3/2 5 -5/2 1 1/2 -2 3 -1 3 -3/4 3 -1/4 3 0 1 1 3 2 1 3 3 4 3
unclamped_nonuniform_d3_roundtrip S 3 13 7 2 -2 -6 -5 0.5 -1 -5 2 1 0 -2 -2 1.5 1 3 5 0.5 2 -3 1 1 3 6 -3 1.5 4 4 4 0.5 5 4 0 1 6 6 -4 1.5 7 -3 3 0.5 8 3 -1 1 9 -2 -5 1.5 10 -5 2 0.5 -2 3 -1 3 0 1 1 3 2 1 3 3 4 3 I -0.75 1 R -0.75 0 | unclamped_nonuniform_d3_roundtrip R 2 1 1 3 0 13 7 -1 3 -1 -3 -5/2 1/2 -1 -5 2 1 0 -3 -3 3/2 1/2 3/2 5/2 1/2 2 -3 1 1 9/2 9 -9/2 3/2 2 2 2 1/2 5 4 0 1 9 9 -6 3/2 7/2 -3/2 3/2 1/2 8 3 -1 1 27/2 -3 -15/2 3/2 5 -5/2 1 1/2 -2 3 -1 3 0 1 1 3 2 1 3 3 4 3
unclamped_nonuniform_d3_full_roundtrip S 3 13 7 2 -2 -6 -5 0.5 -1 -5 2 1 0 -2 -2 1.5 1 3 5 0.5 2 -3 1 1 3 6 -3 1.5 4 4 4 0.5 5 4 0 1 6 6 -4 1.5 7 -3 3 0.5 8 3 -1 1 9 -2 -5 1.5 10 -5 2 0.5 -2 3 -1 3 0 1 1 3 2 1 3 3 4 3 I -0.75 3 R -0.75 0 | unclamped_nonuniform_d3_full_roundtrip R 2 1 1 3 0 13 7 -1 3 -1 -3 -5/2 1/2 -1 -5 2 1 0 -3 -3 3/2 1/2 3/2 5/2 1/2 2 -3 1 1 9/2 9 -9/2 3/2 2 2 2 1/2 5 4 0 1 9 9 -6 3/2 7/2 -3/2 3/2 1/2 8 3 -1 1 27/2 -3 -15/2 3/2 5 -5/2 1 1/2 -2 3 -1 3 0 1 1 3 2 1 3 3 4 3
unclamped_nonuniform_d3_remove_existing S 3 13 7 1 -2 -6 -5 0.5 -1 -5 2 1 0 -2 -2 1.5 1 3 5 0.5 2 -3 1 1 3 6 -3 1.5 4 4 4 0.5 5 4 0 1 6 6 -4 1.5 7 -3 3 0.5 8 3 -1 1 9 -2 -5 1.5 10 -5 2 0.5 -2 3 -1 3 0 1 1 3 2 1 3 3 4 3 R 0 0 | unclamped_nonuniform_d3_remove_existing R 1 0 3 0 13 7 -1 3 -1 -3 -5/2 1/2 -1 -5 2 1 0 -3 -3 3/2 1/2 3/2 5/2 1/2 2 -3 1 1 9/2 9 -9/2 3/2 2 2 2 1/2 5 4 0 1 9 9 -6 3/2 7/2 -3/2 3/2 1/2 8 3 -1 1 27/2 -3 -15/2 3/2 5 -5/2 1 1/2 -2 3 -1 3 0 1 1 3 2 1 3 3 4 3
unclamped_nonuniform_d3_domain_ends S 3 13 7 2 -2 -6 -5 0.5 -1 -5 2 1 0 -2 -2 1.5 1 3 5 0.5 2 -3 1 1 3 6 -3 1.5 4 4 4 0.5 5 4 0 1 6 6 -4 1.5 7 -3 3 0.5 8 3 -1 1 9 -2 -5 1.5 10 -5 2 0.5 -2 3 -1 3 0 1 1 3 2 1 3 3 4 3 I -1 3 I 3 3 | unclamped_nonuniform_d3_domain_ends R 2 1 1 3 0 13 7 -1 3 -1 -3 -5/2 1/2 -1 -5 2 1 0 -3 -3 3/2 1/2 3/2 5/2 1/2 2 -3 1 1 9/2 9 -9/2 3/2 2 2 2 1/2 5 4 0 1 9 9 -6 3/2 7/2 -3/2 3/2 1/2 8 3 -1 1 27/2 -3 -15/2 3/2 5 -5/2 1 1/2 -2 3 -1 3 0 1 1 3 2 1 3 3 4 3
constant_periodic_d3_identity P 3 6 7 0 2 -3 5 1 2 -3 5 1 2 -3 5 1 2 -3 5 1 2 -3 5 1 2 -3 5 1 0 1 1 1 2 1 3 1 4 1 5 1 6 1 | constant_periodic_d3_identity R 0 3 1 6 7 0 6 2 -3 5 1 2 -3 5 1 2 -3 5 1 2 -3 5 1 2 -3 5 1 2 -3 5 1 0 1 1 1 2 1 3 1 4 1 5 1 6 1
constant_periodic_d3_insert P 3 6 7 1 2 -3 5 1 2 -3 5 1 2 -3 5 1 2 -3 5 1 2 -3 5 1 2 -3 5 1 0 1 1 1 2 1 3 1 4 1 5 1 6 1 I 0.25 3 | constant_periodic_d3_insert R 1 1 3 1 9 8 0 6 2 -3 5 1 2 -3 5 1 2 -3 5 1 2 -3 5 1 2 -3 5 1 2 -3 5 1 2 -3 5 1 2 -3 5 1 2 -3 5 1 0 1 1/4 3 1 1 2 1 3 1 4 1 5 1 6 1
constant_periodic_d3_sequence P 3 6 7 4 2 -3 5 1 2 -3 5 1 2 -3 5 1 2 -3 5 1 2 -3 5 1 2 -3 5 1 0 1 1 1 2 1 3 1 4 1 5 1 6 1 I 0.75 1 I 0.25 3 I 0.75 3 I 0.25 1 | constant_periodic_d3_sequence R 4 1 1 1 1 3 1 12 9 0 6 2 -3 5 1 2 -3 5 1 2 -3 5 1 2 -3 5 1 2 -3 5 1 2 -3 5 1 2 -3 5 1 2 -3 5 1 2 -3 5 1 2 -3 5 1 2 -3 5 1 2 -3 5 1 0 1 1/4 3 3/4 3 1 1 2 1 3 1 4 1 5 1 6 1
constant_periodic_d3_roundtrip P 3 6 7 2 2 -3 5 1 2 -3 5 1 2 -3 5 1 2 -3 5 1 2 -3 5 1 2 -3 5 1 0 1 1 1 2 1 3 1 4 1 5 1 6 1 I 0.25 1 R 0.25 0 | constant_periodic_d3_roundtrip R 2 1 1 3 1 6 7 0 6 2 -3 5 1 2 -3 5 1 2 -3 5 1 2 -3 5 1 2 -3 5 1 2 -3 5 1 0 1 1 1 2 1 3 1 4 1 5 1 6 1
constant_periodic_d3_full_roundtrip P 3 6 7 2 2 -3 5 1 2 -3 5 1 2 -3 5 1 2 -3 5 1 2 -3 5 1 2 -3 5 1 0 1 1 1 2 1 3 1 4 1 5 1 6 1 I 0.25 3 R 0.25 0 | constant_periodic_d3_full_roundtrip R 2 1 1 3 1 6 7 0 6 2 -3 5 1 2 -3 5 1 2 -3 5 1 2 -3 5 1 2 -3 5 1 2 -3 5 1 0 1 1 1 2 1 3 1 4 1 5 1 6 1
constant_periodic_d3_remove_existing P 3 6 7 1 2 -3 5 1 2 -3 5 1 2 -3 5 1 2 -3 5 1 2 -3 5 1 2 -3 5 1 0 1 1 1 2 1 3 1 4 1 5 1 6 1 R 1 0 | constant_periodic_d3_remove_existing R 1 1 3 1 5 6 0 6 2 -3 5 1 2 -3 5 1 2 -3 5 1 2 -3 5 1 2 -3 5 1 0 1 2 1 3 1 4 1 5 1 6 1
constant_periodic_d3_seam P 3 6 7 2 2 -3 5 1 2 -3 5 1 2 -3 5 1 2 -3 5 1 2 -3 5 1 2 -3 5 1 0 1 1 1 2 1 3 1 4 1 5 1 6 1 I 0 3 I 6 3 | constant_periodic_d3_seam R 2 1 1 3 1 8 7 0 6 2 -3 5 1 2 -3 5 1 2 -3 5 1 2 -3 5 1 2 -3 5 1 2 -3 5 1 2 -3 5 1 2 -3 5 1 0 3 1 1 2 1 3 1 4 1 5 1 6 3
constant_periodic_d3_seam_roundtrip P 3 6 7 2 2 -3 5 1 2 -3 5 1 2 -3 5 1 2 -3 5 1 2 -3 5 1 2 -3 5 1 0 1 1 1 2 1 3 1 4 1 5 1 6 1 I 6 3 R 0 1 | constant_periodic_d3_seam_roundtrip R 2 1 1 3 1 6 7 0 6 2 -3 5 1 2 -3 5 1 2 -3 5 1 2 -3 5 1 2 -3 5 1 2 -3 5 1 0 1 1 1 2 1 3 1 4 1 5 1 6 1
constant_periodic_d3_remove_origin P 3 6 7 1 2 -3 5 1 2 -3 5 1 2 -3 5 1 2 -3 5 1 2 -3 5 1 2 -3 5 1 0 1 1 1 2 1 3 1 4 1 5 1 6 1 R 0 0 | constant_periodic_d3_remove_origin R 1 1 3 1 5 6 1 7 2 -3 5 1 2 -3 5 1 2 -3 5 1 2 -3 5 1 2 -3 5 1 1 1 2 1 3 1 4 1 5 1 7 1
constant_periodic_d3_remove_end_alias P 3 6 7 1 2 -3 5 1 2 -3 5 1 2 -3 5 1 2 -3 5 1 2 -3 5 1 2 -3 5 1 0 1 1 1 2 1 3 1 4 1 5 1 6 1 R 6 0 | constant_periodic_d3_remove_end_alias R 1 1 3 1 5 6 1 7 2 -3 5 1 2 -3 5 1 2 -3 5 1 2 -3 5 1 2 -3 5 1 1 1 2 1 3 1 4 1 5 1 7 1
unclamped_nonuniform_d4_identity S 4 17 7 0 -2 -6 -5 0.5 -1 -5 2 1 0 -2 -2 1.5 1 3 5 0.5 2 -3 1 1 3 6 -3 1.5 4 4 4 0.5 5 4 0 1 6 6 -4 1.5 7 -3 3 0.5 8 3 -1 1 9 -2 -5 1.5 10 -5 2 0.5 11 -6 -2 1 12 -5 5 1.5 13 -2 1 0.5 14 3 -3 1 -2 4 -1 4 0 1 1 4 2 1 3 4 4 4 | unclamped_nonuniform_d4_identity R 0 4 0 17 7 -1 3 -1 -3 -5/2 1/2 -1 -5 2 1 0 -3 -3 3/2 1/2 3/2 5/2 1/2 2 -3 1 1 9/2 9 -9/2 3/2 2 2 2 1/2 5 4 0 1 9 9 -6 3/2 7/2 -3/2 3/2 1/2 8 3 -1 1 27/2 -3 -15/2 3/2 5 -5/2 1 1/2 11 -6 -2 1 18 -15/2 15/2 3/2 13/2 -1 1/2 1/2 14 3 -3 1 -2 4 -1 4 0 1 1 4 2 1 3 4 4 4
unclamped_nonuniform_d4_insert S 4 17 7 1 -2 -6 -5 0.5 -1 -5 2 1 0 -2 -2 1.5 1 3 5 0.5 2 -3 1 1 3 6 -3 1.5 4 4 4 0.5 5 4 0 1 6 6 -4 1.5 7 -3 3 0.5 8 3 -1 1 9 -2 -5 1.5 10 -5 2 0.5 11 -6 -2 1 12 -5 5 1.5 13 -2 1 0.5 14 3 -3 1 -2 4 -1 4 0 1 1 4 2 1 3 4 4 4 I -0.75 4 | unclamped_nonuniform_d4_insert R 1 1 4 0 21 8 -1 3 -1 -3 -5/2 1/2 -1 -5 2 1 0 -3 -3 3/2 1/2 3/2 5/2 1/2 7/8 3/8 17/8 5/8 79/64 -3/32 107/64 47/64 25/16 -37/256 309/256 423/512 7589/4096 59/1024 3155/4096 461/512 2789/1024 85/128 -553/1024 575/512 507/128 473/64 -385/128 163/128 19/8 9/4 7/4 9/16 5 4 0 1 9 9 -6 3/2 7/2 -3/2 3/2 1/2 8 3 -1 1 27/2 -3 -15/2 3/2 5 -5/2 1 1/2 11 -6 -2 1 18 -15/2 15/2 3/2 13/2 -1 1/2 1/2 14 3 -3 1 -2 4 -1 4 -3/4 4 0 1 1 4 2 1 3 4 4 4
unclamped_nonuniform_d4_sequence S 4 17 7 4 -2 -6 -5 0.5 -1 -5 2 1 0 -2 -2 1.5 1 3 5 0.5 2 -3 1 1 3 6 -3 1.5 4 4 4 0.5 5 4 0 1 6 6 -4 1.5 7 -3 3 0.5 8 3 -1 1 9 -2 -5 1.5 10 -5 2 0.5 11 -6 -2 1 12 -5 5 1.5 13 -2 1 0.5 14 3 -3 1 -2 4 -1 4 0 1 1 4 2 1 3 4 4 4 I -0.25 1 I -0.75 4 I -0.25 4 I -0.75 1 | unclamped_nonuniform_d4_sequence R 4 1 1 1 1 4 0 25 9 -1 3 -1 -3 -5/2 1/2 -1 -5 2 1 0 -3 -3 3/2 1/2 3/2 5/2 1/2 7/8 3/8 17/8 5/8 79/64 -3/32 107/64 47/64 25/16 -37/256 309/256 423/512 7589/4096 59/1024 3155/4096 461/512 9967/4096 473/1024 -423/4096 537/512 11725/4096 1923/1024 -3541/4096 577/512 12647/4096 3057/1024 -4895/4096 581/512 13109/4096 3723/1024 -4925/4096 565/512 3335/1024 507/128 -1235/1024 557/512 435/128 321/64 -105/128 123/128 25/8 11/4 5/4 11/16 5 4 0 1 9 9 -6 3/2 7/2 -3/2 3/2 1/2 8 3 -1 1 27/2 -3 -15/2 3/2 5 -5/2 1 1/2 11 -6 -2 1 18 -15/2 15/2 3/2 13/2 -1 1/2 1/2 14 3 -3 1 -2 4 -1 4 -3/4 4 -1/4 4 0 1 1 4 2 1 3 4 4 4
unclamped_nonuniform_d4_roundtrip S 4 17 7 2 -2 -6 -5 0.5 -1 -5 2 1 0 -2 -2 1.5 1 3 5 0.5 2 -3 1 1 3 6 -3 1.5 4 4 4 0.5 5 4 0 1 6 6 -4 1.5 7 -3 3 0.5 8 3 -1 1 9 -2 -5 1.5 10 -5 2 0.5 11 -6 -2 1 12 -5 5 1.5 13 -2 1 0.5 14 3 -3 1 -2 4 -1 4 0 1 1 4 2 1 3 4 4 4 I -0.75 1 R -0.75 0 | unclamped_nonuniform_d4_roundtrip R 2 1 1 4 0 17 7 -1 3 -1 -3 -5/2 1/2 -1 -5 2 1 0 -3 -3 3/2 1/2 3/2 5/2 1/2 2 -3 1 1 9/2 9 -9/2 3/2 2 2 2 1/2 5 4 0 1 9 9 -6 3/2 7/2 -3/2 3/2 1/2 8 3 -1 1 27/2 -3 -15/2 3/2 5 -5/2 1 1/2 11 -6 -2 1 18 -15/2 15/2 3/2 13/2 -1 1/2 1/2 14 3 -3 1 -2 4 -1 4 0 1 1 4 2 1 3 4 4 4
unclamped_nonuniform_d4_full_roundtrip S 4 17 7 2 -2 -6 -5 0.5 -1 -5 2 1 0 -2 -2 1.5 1 3 5 0.5 2 -3 1 1 3 6 -3 1.5 4 4 4 0.5 5 4 0 1 6 6 -4 1.5 7 -3 3 0.5 8 3 -1 1 9 -2 -5 1.5 10 -5 2 0.5 11 -6 -2 1 12 -5 5 1.5 13 -2 1 0.5 14 3 -3 1 -2 4 -1 4 0 1 1 4 2 1 3 4 4 4 I -0.75 4 R -0.75 0 | unclamped_nonuniform_d4_full_roundtrip R 2 1 1 4 0 17 7 -1 3 -1 -3 -5/2 1/2 -1 -5 2 1 0 -3 -3 3/2 1/2 3/2 5/2 1/2 2 -3 1 1 9/2 9 -9/2 3/2 2 2 2 1/2 5 4 0 1 9 9 -6 3/2 7/2 -3/2 3/2 1/2 8 3 -1 1 27/2 -3 -15/2 3/2 5 -5/2 1 1/2 11 -6 -2 1 18 -15/2 15/2 3/2 13/2 -1 1/2 1/2 14 3 -3 1 -2 4 -1 4 0 1 1 4 2 1 3 4 4 4
unclamped_nonuniform_d4_remove_existing S 4 17 7 1 -2 -6 -5 0.5 -1 -5 2 1 0 -2 -2 1.5 1 3 5 0.5 2 -3 1 1 3 6 -3 1.5 4 4 4 0.5 5 4 0 1 6 6 -4 1.5 7 -3 3 0.5 8 3 -1 1 9 -2 -5 1.5 10 -5 2 0.5 11 -6 -2 1 12 -5 5 1.5 13 -2 1 0.5 14 3 -3 1 -2 4 -1 4 0 1 1 4 2 1 3 4 4 4 R 0 0 | unclamped_nonuniform_d4_remove_existing R 1 0 4 0 17 7 -1 3 -1 -3 -5/2 1/2 -1 -5 2 1 0 -3 -3 3/2 1/2 3/2 5/2 1/2 2 -3 1 1 9/2 9 -9/2 3/2 2 2 2 1/2 5 4 0 1 9 9 -6 3/2 7/2 -3/2 3/2 1/2 8 3 -1 1 27/2 -3 -15/2 3/2 5 -5/2 1 1/2 11 -6 -2 1 18 -15/2 15/2 3/2 13/2 -1 1/2 1/2 14 3 -3 1 -2 4 -1 4 0 1 1 4 2 1 3 4 4 4
unclamped_nonuniform_d4_domain_ends S 4 17 7 2 -2 -6 -5 0.5 -1 -5 2 1 0 -2 -2 1.5 1 3 5 0.5 2 -3 1 1 3 6 -3 1.5 4 4 4 0.5 5 4 0 1 6 6 -4 1.5 7 -3 3 0.5 8 3 -1 1 9 -2 -5 1.5 10 -5 2 0.5 11 -6 -2 1 12 -5 5 1.5 13 -2 1 0.5 14 3 -3 1 -2 4 -1 4 0 1 1 4 2 1 3 4 4 4 I -1 4 I 3 4 | unclamped_nonuniform_d4_domain_ends R 2 1 1 4 0 17 7 -1 3 -1 -3 -5/2 1/2 -1 -5 2 1 0 -3 -3 3/2 1/2 3/2 5/2 1/2 2 -3 1 1 9/2 9 -9/2 3/2 2 2 2 1/2 5 4 0 1 9 9 -6 3/2 7/2 -3/2 3/2 1/2 8 3 -1 1 27/2 -3 -15/2 3/2 5 -5/2 1 1/2 11 -6 -2 1 18 -15/2 15/2 3/2 13/2 -1 1/2 1/2 14 3 -3 1 -2 4 -1 4 0 1 1 4 2 1 3 4 4 4
constant_periodic_d4_identity P 4 7 8 0 2 -3 5 1 2 -3 5 1 2 -3 5 1 2 -3 5 1 2 -3 5 1 2 -3 5 1 2 -3 5 1 0 1 1 1 2 1 3 1 4 1 5 1 6 1 7 1 | constant_periodic_d4_identity R 0 4 1 7 8 0 7 2 -3 5 1 2 -3 5 1 2 -3 5 1 2 -3 5 1 2 -3 5 1 2 -3 5 1 2 -3 5 1 0 1 1 1 2 1 3 1 4 1 5 1 6 1 7 1
constant_periodic_d4_insert P 4 7 8 1 2 -3 5 1 2 -3 5 1 2 -3 5 1 2 -3 5 1 2 -3 5 1 2 -3 5 1 2 -3 5 1 0 1 1 1 2 1 3 1 4 1 5 1 6 1 7 1 I 0.25 4 | constant_periodic_d4_insert R 1 1 4 1 11 9 0 7 2 -3 5 1 2 -3 5 1 2 -3 5 1 2 -3 5 1 2 -3 5 1 2 -3 5 1 2 -3 5 1 2 -3 5 1 2 -3 5 1 2 -3 5 1 2 -3 5 1 0 1 1/4 4 1 1 2 1 3 1 4 1 5 1 6 1 7 1
constant_periodic_d4_sequence P 4 7 8 4 2 -3 5 1 2 -3 5 1 2 -3 5 1 2 -3 5 1 2 -3 5 1 2 -3 5 1 2 -3 5 1 0 1 1 1 2 1 3 1 4 1 5 1 6 1 7 1 I 0.75 1 I 0.25 4 I 0.75 4 I 0.25 1 | constant_periodic_d4_sequence R 4 1 1 1 1 4 1 15 10 0 7 2 -3 5 1 2 -3 5 1 2 -3 5 1 2 -3 5 1 2 -3 5 1 2 -3 5 1 2 -3 5 1 2 -3 5 1 2 -3 5 1 2 -3 5 1 2 -3 5 1 2 -3 5 1 2 -3 5 1 2 -3 5 1 2 -3 5 1 0 1 1/4 4 3/4 4 1 1 2 1 3 1 4 1 5 1 6 1 7 1
constant_periodic_d4_roundtrip P 4 7 8 2 2 -3 5 1 2 -3 5 1 2 -3 5 1 2 -3 5 1 2 -3 5 1 2 -3 5 1 2 -3 5 1 0 1 1 1 2 1 3 1 4 1 5 1 6 1 7 1 I 0.25 1 R 0.25 0 | constant_periodic_d4_roundtrip R 2 1 1 4 1 7 8 0 7 2 -3 5 1 2 -3 5 1 2 -3 5 1 2 -3 5 1 2 -3 5 1 2 -3 5 1 2 -3 5 1 0 1 1 1 2 1 3 1 4 1 5 1 6 1 7 1
constant_periodic_d4_full_roundtrip P 4 7 8 2 2 -3 5 1 2 -3 5 1 2 -3 5 1 2 -3 5 1 2 -3 5 1 2 -3 5 1 2 -3 5 1 0 1 1 1 2 1 3 1 4 1 5 1 6 1 7 1 I 0.25 4 R 0.25 0 | constant_periodic_d4_full_roundtrip R 2 1 1 4 1 7 8 0 7 2 -3 5 1 2 -3 5 1 2 -3 5 1 2 -3 5 1 2 -3 5 1 2 -3 5 1 2 -3 5 1 0 1 1 1 2 1 3 1 4 1 5 1 6 1 7 1
constant_periodic_d4_remove_existing P 4 7 8 1 2 -3 5 1 2 -3 5 1 2 -3 5 1 2 -3 5 1 2 -3 5 1 2 -3 5 1 2 -3 5 1 0 1 1 1 2 1 3 1 4 1 5 1 6 1 7 1 R 1 0 | constant_periodic_d4_remove_existing R 1 1 4 1 6 7 0 7 2 -3 5 1 2 -3 5 1 2 -3 5 1 2 -3 5 1 2 -3 5 1 2 -3 5 1 0 1 2 1 3 1 4 1 5 1 6 1 7 1
constant_periodic_d4_seam P 4 7 8 2 2 -3 5 1 2 -3 5 1 2 -3 5 1 2 -3 5 1 2 -3 5 1 2 -3 5 1 2 -3 5 1 0 1 1 1 2 1 3 1 4 1 5 1 6 1 7 1 I 0 4 I 7 4 | constant_periodic_d4_seam R 2 1 1 4 1 10 8 0 7 2 -3 5 1 2 -3 5 1 2 -3 5 1 2 -3 5 1 2 -3 5 1 2 -3 5 1 2 -3 5 1 2 -3 5 1 2 -3 5 1 2 -3 5 1 0 4 1 1 2 1 3 1 4 1 5 1 6 1 7 4
constant_periodic_d4_seam_roundtrip P 4 7 8 2 2 -3 5 1 2 -3 5 1 2 -3 5 1 2 -3 5 1 2 -3 5 1 2 -3 5 1 2 -3 5 1 0 1 1 1 2 1 3 1 4 1 5 1 6 1 7 1 I 7 4 R 0 1 | constant_periodic_d4_seam_roundtrip R 2 1 1 4 1 7 8 0 7 2 -3 5 1 2 -3 5 1 2 -3 5 1 2 -3 5 1 2 -3 5 1 2 -3 5 1 2 -3 5 1 0 1 1 1 2 1 3 1 4 1 5 1 6 1 7 1
constant_periodic_d4_remove_origin P 4 7 8 1 2 -3 5 1 2 -3 5 1 2 -3 5 1 2 -3 5 1 2 -3 5 1 2 -3 5 1 2 -3 5 1 0 1 1 1 2 1 3 1 4 1 5 1 6 1 7 1 R 0 0 | constant_periodic_d4_remove_origin R 1 1 4 1 6 7 1 8 2 -3 5 1 2 -3 5 1 2 -3 5 1 2 -3 5 1 2 -3 5 1 2 -3 5 1 1 1 2 1 3 1 4 1 5 1 6 1 8 1
constant_periodic_d4_remove_end_alias P 4 7 8 1 2 -3 5 1 2 -3 5 1 2 -3 5 1 2 -3 5 1 2 -3 5 1 2 -3 5 1 2 -3 5 1 0 1 1 1 2 1 3 1 4 1 5 1 6 1 7 1 R 7 0 | constant_periodic_d4_remove_end_alias R 1 1 4 1 6 7 1 8 2 -3 5 1 2 -3 5 1 2 -3 5 1 2 -3 5 1 2 -3 5 1 2 -3 5 1 1 1 2 1 3 1 4 1 5 1 6 1 8 1
unclamped_nonuniform_d5_identity S 5 21 7 0 -2 -6 -5 0.5 -1 -5 2 1 0 -2 -2 1.5 1 3 5 0.5 2 -3 1 1 3 6 -3 1.5 4 4 4 0.5 5 4 0 1 6 6 -4 1.5 7 -3 3 0.5 8 3 -1 1 9 -2 -5 1.5 10 -5 2 0.5 11 -6 -2 1 12 -5 5 1.5 13 -2 1 0.5 14 3 -3 1 15 -3 4 1.5 16 6 0 0.5 17 4 -4 1 18 4 3 1.5 -2 5 -1 5 0 1 1 5 2 1 3 5 4 5 | unclamped_nonuniform_d5_identity R 0 5 0 21 7 -1 3 -1 -3 -5/2 1/2 -1 -5 2 1 0 -3 -3 3/2 1/2 3/2 5/2 1/2 2 -3 1 1 9/2 9 -9/2 3/2 2 2 2 1/2 5 4 0 1 9 9 -6 3/2 7/2 -3/2 3/2 1/2 8 3 -1 1 27/2 -3 -15/2 3/2 5 -5/2 1 1/2 11 -6 -2 1 18 -15/2 15/2 3/2 13/2 -1 1/2 1/2 14 3 -3 1 45/2 -9/2 6 3/2 8 3 0 1/2 17 4 -4 1 27 6 9/2 3/2 -2 5 -1 5 0 1 1 5 2 1 3 5 4 5
unclamped_nonuniform_d5_insert S 5 21 7 1 -2 -6 -5 0.5 -1 -5 2 1 0 -2 -2 1.5 1 3 5 0.5 2 -3 1 1 3 6 -3 1.5 4 4 4 0.5 5 4 0 1 6 6 -4 1.5 7 -3 3 0.5 8 3 -1 1 9 -2 -5 1.5 10 -5 2 0.5 11 -6 -2 1 12 -5 5 1.5 13 -2 1 0.5 14 3 -3 1 15 -3 4 1.5 16 6 0 0.5 17 4 -4 1 18 4 3 1.5 -2 5 -1 5 0 1 1 5 2 1 3 5 4 5 I -0.75 5 | unclamped_nonuniform_d5_insert R 1 1 5 0 26 8 -1 3 -1 -3 -5/2 1/2 -1 -5 2 1 0 -3 -3 3/2 1/2 3/2 5/2 1/2 2 -3 1 1 21/8 0 -3/8 9/8 193/64 65/32 -77/64 19/16 1665/512 863/256 -847/512 619/512 13893/4096 2163/512 -7593/4096 4935/4096 56953/16384 155383/32768 -15503/8192 19429/16384 7637/2048 51559/8192 -8227/4096 289/256 3227/1024 2923/1024 1123/1024 701/1024 749/128 641/128 -165/128 141/128 133/16 123/16 -81/16 11/8 7/2 -3/2 3/2 1/2 8 3 -1 1 27/2 -3 -15/2 3/2 5 -5/2 1 1/2 11 -6 -2 1 18 -15/2 15/2 3/2 13/2 -1 1/2 1/2 14 3 -3 1 45/2 -9/2 6 3/2 8 3 0 1/2 17 4 -4 1 27 6 9/2 3/2 -2 5 -1 5 -3/4 5 0 1 1 5 2 1 3 5 4 5
unclamped_nonuniform_d5_sequence S 5 21 7 4 -2 -6 -5 0.5 -1 -5 2 1 0 -2 -2 1.5 1 3 5 0.5 2 -3 1 1 3 6 -3 1.5 4 4 4 0.5 5 4 0 1 6 6 -4 1.5 7 -3 3 0.5 8 3 -1 1 9 -2 -5 1.5 10 -5 2 0.5 11 -6 -2 1 12 -5 5 1.5 13 -2 1 0.5 14 3 -3 1 15 -3 4 1.5 16 6 0 0.5 17 4 -4 1 18 4 3 1.5 -2 5 -1 5 0 1 1 5 2 1 3 5 4 5 I -0.25 1 I -0.75 5 I -0.25 5 I -0.75 1 | unclamped_nonuniform_d5_sequence R 4 1 1 1 1 5 0 31 9 -1 3 -1 -3 -5/2 1/2 -1 -5 2 1 0 -3 -3 3/2 1/2 3/2 5/2 1/2 2 -3 1 1 21/8 0 -3/8 9/8 193/64 65/32 -77/64 19/16 1665/512 863/256 -847/512 619/512 13893/4096 2163/512 -7593/4096 4935/4096 56953/16384 155383/32768 -15503/8192 19429/16384 59715/16384 189285/32768 -16137/8192 18807/16384 58833/16384 179119/32768 -11503/8192 17213/16384 59659/16384 164237/32768 -7561/8192 16063/16384 63081/16384 155175/32768 -5775/8192 15573/16384 68243/16384 151797/32768 -5833/8192 15559/16384 8853/2048 37527/8192 -2931/4096 243/256 5369/1024 4649/1024 -1039/1024 1007/1024 853/128 713/128 -333/128 149/128 111/16 81/16 -51/16 9/8 7/2 -3/2 3/2 1/2 8 3 -1 1 27/2 -3 -15/2 3/2 5 -5/2 1 1/2 11 -6 -2 1 18 -15/2 15/2 3/2 13/2 -1 1/2 1/2 14 3 -3 1 45/2 -9/2 6 3/2 8 3 0 1/2 17 4 -4 1 27 6 9/2 3/2 -2 5 -1 5 -3/4 5 -1/4 5 0 1 1 5 2 1 3 5 4 5
unclamped_nonuniform_d5_roundtrip S 5 21 7 2 -2 -6 -5 0.5 -1 -5 2 1 0 -2 -2 1.5 1 3 5 0.5 2 -3 1 1 3 6 -3 1.5 4 4 4 0.5 5 4 0 1 6 6 -4 1.5 7 -3 3 0.5 8 3 -1 1 9 -2 -5 1.5 10 -5 2 0.5 11 -6 -2 1 12 -5 5 1.5 13 -2 1 0.5 14 3 -3 1 15 -3 4 1.5 16 6 0 0.5 17 4 -4 1 18 4 3 1.5 -2 5 -1 5 0 1 1 5 2 1 3 5 4 5 I -0.75 1 R -0.75 0 | unclamped_nonuniform_d5_roundtrip R 2 1 1 5 0 21 7 -1 3 -1 -3 -5/2 1/2 -1 -5 2 1 0 -3 -3 3/2 1/2 3/2 5/2 1/2 2 -3 1 1 9/2 9 -9/2 3/2 2 2 2 1/2 5 4 0 1 9 9 -6 3/2 7/2 -3/2 3/2 1/2 8 3 -1 1 27/2 -3 -15/2 3/2 5 -5/2 1 1/2 11 -6 -2 1 18 -15/2 15/2 3/2 13/2 -1 1/2 1/2 14 3 -3 1 45/2 -9/2 6 3/2 8 3 0 1/2 17 4 -4 1 27 6 9/2 3/2 -2 5 -1 5 0 1 1 5 2 1 3 5 4 5
unclamped_nonuniform_d5_full_roundtrip S 5 21 7 2 -2 -6 -5 0.5 -1 -5 2 1 0 -2 -2 1.5 1 3 5 0.5 2 -3 1 1 3 6 -3 1.5 4 4 4 0.5 5 4 0 1 6 6 -4 1.5 7 -3 3 0.5 8 3 -1 1 9 -2 -5 1.5 10 -5 2 0.5 11 -6 -2 1 12 -5 5 1.5 13 -2 1 0.5 14 3 -3 1 15 -3 4 1.5 16 6 0 0.5 17 4 -4 1 18 4 3 1.5 -2 5 -1 5 0 1 1 5 2 1 3 5 4 5 I -0.75 5 R -0.75 0 | unclamped_nonuniform_d5_full_roundtrip R 2 1 1 5 0 21 7 -1 3 -1 -3 -5/2 1/2 -1 -5 2 1 0 -3 -3 3/2 1/2 3/2 5/2 1/2 2 -3 1 1 9/2 9 -9/2 3/2 2 2 2 1/2 5 4 0 1 9 9 -6 3/2 7/2 -3/2 3/2 1/2 8 3 -1 1 27/2 -3 -15/2 3/2 5 -5/2 1 1/2 11 -6 -2 1 18 -15/2 15/2 3/2 13/2 -1 1/2 1/2 14 3 -3 1 45/2 -9/2 6 3/2 8 3 0 1/2 17 4 -4 1 27 6 9/2 3/2 -2 5 -1 5 0 1 1 5 2 1 3 5 4 5
unclamped_nonuniform_d5_remove_existing S 5 21 7 1 -2 -6 -5 0.5 -1 -5 2 1 0 -2 -2 1.5 1 3 5 0.5 2 -3 1 1 3 6 -3 1.5 4 4 4 0.5 5 4 0 1 6 6 -4 1.5 7 -3 3 0.5 8 3 -1 1 9 -2 -5 1.5 10 -5 2 0.5 11 -6 -2 1 12 -5 5 1.5 13 -2 1 0.5 14 3 -3 1 15 -3 4 1.5 16 6 0 0.5 17 4 -4 1 18 4 3 1.5 -2 5 -1 5 0 1 1 5 2 1 3 5 4 5 R 0 0 | unclamped_nonuniform_d5_remove_existing R 1 0 5 0 21 7 -1 3 -1 -3 -5/2 1/2 -1 -5 2 1 0 -3 -3 3/2 1/2 3/2 5/2 1/2 2 -3 1 1 9/2 9 -9/2 3/2 2 2 2 1/2 5 4 0 1 9 9 -6 3/2 7/2 -3/2 3/2 1/2 8 3 -1 1 27/2 -3 -15/2 3/2 5 -5/2 1 1/2 11 -6 -2 1 18 -15/2 15/2 3/2 13/2 -1 1/2 1/2 14 3 -3 1 45/2 -9/2 6 3/2 8 3 0 1/2 17 4 -4 1 27 6 9/2 3/2 -2 5 -1 5 0 1 1 5 2 1 3 5 4 5
unclamped_nonuniform_d5_domain_ends S 5 21 7 2 -2 -6 -5 0.5 -1 -5 2 1 0 -2 -2 1.5 1 3 5 0.5 2 -3 1 1 3 6 -3 1.5 4 4 4 0.5 5 4 0 1 6 6 -4 1.5 7 -3 3 0.5 8 3 -1 1 9 -2 -5 1.5 10 -5 2 0.5 11 -6 -2 1 12 -5 5 1.5 13 -2 1 0.5 14 3 -3 1 15 -3 4 1.5 16 6 0 0.5 17 4 -4 1 18 4 3 1.5 -2 5 -1 5 0 1 1 5 2 1 3 5 4 5 I -1 5 I 3 5 | unclamped_nonuniform_d5_domain_ends R 2 1 1 5 0 21 7 -1 3 -1 -3 -5/2 1/2 -1 -5 2 1 0 -3 -3 3/2 1/2 3/2 5/2 1/2 2 -3 1 1 9/2 9 -9/2 3/2 2 2 2 1/2 5 4 0 1 9 9 -6 3/2 7/2 -3/2 3/2 1/2 8 3 -1 1 27/2 -3 -15/2 3/2 5 -5/2 1 1/2 11 -6 -2 1 18 -15/2 15/2 3/2 13/2 -1 1/2 1/2 14 3 -3 1 45/2 -9/2 6 3/2 8 3 0 1/2 17 4 -4 1 27 6 9/2 3/2 -2 5 -1 5 0 1 1 5 2 1 3 5 4 5
constant_periodic_d5_identity P 5 8 9 0 2 -3 5 1 2 -3 5 1 2 -3 5 1 2 -3 5 1 2 -3 5 1 2 -3 5 1 2 -3 5 1 2 -3 5 1 0 1 1 1 2 1 3 1 4 1 5 1 6 1 7 1 8 1 | constant_periodic_d5_identity R 0 5 1 8 9 0 8 2 -3 5 1 2 -3 5 1 2 -3 5 1 2 -3 5 1 2 -3 5 1 2 -3 5 1 2 -3 5 1 2 -3 5 1 0 1 1 1 2 1 3 1 4 1 5 1 6 1 7 1 8 1
constant_periodic_d5_insert P 5 8 9 1 2 -3 5 1 2 -3 5 1 2 -3 5 1 2 -3 5 1 2 -3 5 1 2 -3 5 1 2 -3 5 1 2 -3 5 1 0 1 1 1 2 1 3 1 4 1 5 1 6 1 7 1 8 1 I 0.25 5 | constant_periodic_d5_insert R 1 1 5 1 13 10 0 8 2 -3 5 1 2 -3 5 1 2 -3 5 1 2 -3 5 1 2 -3 5 1 2 -3 5 1 2 -3 5 1 2 -3 5 1 2 -3 5 1 2 -3 5 1 2 -3 5 1 2 -3 5 1 2 -3 5 1 0 1 1/4 5 1 1 2 1 3 1 4 1 5 1 6 1 7 1 8 1
constant_periodic_d5_sequence P 5 8 9 4 2 -3 5 1 2 -3 5 1 2 -3 5 1 2 -3 5 1 2 -3 5 1 2 -3 5 1 2 -3 5 1 2 -3 5 1 0 1 1 1 2 1 3 1 4 1 5 1 6 1 7 1 8 1 I 0.75 1 I 0.25 5 I 0.75 5 I 0.25 1 | constant_periodic_d5_sequence R 4 1 1 1 1 5 1 18 11 0 8 2 -3 5 1 2 -3 5 1 2 -3 5 1 2 -3 5 1 2 -3 5 1 2 -3 5 1 2 -3 5 1 2 -3 5 1 2 -3 5 1 2 -3 5 1 2 -3 5 1 2 -3 5 1 2 -3 5 1 2 -3 5 1 2 -3 5 1 2 -3 5 1 2 -3 5 1 2 -3 5 1 0 1 1/4 5 3/4 5 1 1 2 1 3 1 4 1 5 1 6 1 7 1 8 1
constant_periodic_d5_roundtrip P 5 8 9 2 2 -3 5 1 2 -3 5 1 2 -3 5 1 2 -3 5 1 2 -3 5 1 2 -3 5 1 2 -3 5 1 2 -3 5 1 0 1 1 1 2 1 3 1 4 1 5 1 6 1 7 1 8 1 I 0.25 1 R 0.25 0 | constant_periodic_d5_roundtrip R 2 1 1 5 1 8 9 0 8 2 -3 5 1 2 -3 5 1 2 -3 5 1 2 -3 5 1 2 -3 5 1 2 -3 5 1 2 -3 5 1 2 -3 5 1 0 1 1 1 2 1 3 1 4 1 5 1 6 1 7 1 8 1
constant_periodic_d5_full_roundtrip P 5 8 9 2 2 -3 5 1 2 -3 5 1 2 -3 5 1 2 -3 5 1 2 -3 5 1 2 -3 5 1 2 -3 5 1 2 -3 5 1 0 1 1 1 2 1 3 1 4 1 5 1 6 1 7 1 8 1 I 0.25 5 R 0.25 0 | constant_periodic_d5_full_roundtrip R 2 1 1 5 1 8 9 0 8 2 -3 5 1 2 -3 5 1 2 -3 5 1 2 -3 5 1 2 -3 5 1 2 -3 5 1 2 -3 5 1 2 -3 5 1 0 1 1 1 2 1 3 1 4 1 5 1 6 1 7 1 8 1
constant_periodic_d5_remove_existing P 5 8 9 1 2 -3 5 1 2 -3 5 1 2 -3 5 1 2 -3 5 1 2 -3 5 1 2 -3 5 1 2 -3 5 1 2 -3 5 1 0 1 1 1 2 1 3 1 4 1 5 1 6 1 7 1 8 1 R 1 0 | constant_periodic_d5_remove_existing R 1 1 5 1 7 8 0 8 2 -3 5 1 2 -3 5 1 2 -3 5 1 2 -3 5 1 2 -3 5 1 2 -3 5 1 2 -3 5 1 0 1 2 1 3 1 4 1 5 1 6 1 7 1 8 1
constant_periodic_d5_seam P 5 8 9 2 2 -3 5 1 2 -3 5 1 2 -3 5 1 2 -3 5 1 2 -3 5 1 2 -3 5 1 2 -3 5 1 2 -3 5 1 0 1 1 1 2 1 3 1 4 1 5 1 6 1 7 1 8 1 I 0 5 I 8 5 | constant_periodic_d5_seam R 2 1 1 5 1 12 9 0 8 2 -3 5 1 2 -3 5 1 2 -3 5 1 2 -3 5 1 2 -3 5 1 2 -3 5 1 2 -3 5 1 2 -3 5 1 2 -3 5 1 2 -3 5 1 2 -3 5 1 2 -3 5 1 0 5 1 1 2 1 3 1 4 1 5 1 6 1 7 1 8 5
constant_periodic_d5_seam_roundtrip P 5 8 9 2 2 -3 5 1 2 -3 5 1 2 -3 5 1 2 -3 5 1 2 -3 5 1 2 -3 5 1 2 -3 5 1 2 -3 5 1 0 1 1 1 2 1 3 1 4 1 5 1 6 1 7 1 8 1 I 8 5 R 0 1 | constant_periodic_d5_seam_roundtrip R 2 1 1 5 1 8 9 0 8 2 -3 5 1 2 -3 5 1 2 -3 5 1 2 -3 5 1 2 -3 5 1 2 -3 5 1 2 -3 5 1 2 -3 5 1 0 1 1 1 2 1 3 1 4 1 5 1 6 1 7 1 8 1
constant_periodic_d5_remove_origin P 5 8 9 1 2 -3 5 1 2 -3 5 1 2 -3 5 1 2 -3 5 1 2 -3 5 1 2 -3 5 1 2 -3 5 1 2 -3 5 1 0 1 1 1 2 1 3 1 4 1 5 1 6 1 7 1 8 1 R 0 0 | constant_periodic_d5_remove_origin R 1 1 5 1 7 8 1 9 2 -3 5 1 2 -3 5 1 2 -3 5 1 2 -3 5 1 2 -3 5 1 2 -3 5 1 2 -3 5 1 1 1 2 1 3 1 4 1 5 1 6 1 7 1 9 1
constant_periodic_d5_remove_end_alias P 5 8 9 1 2 -3 5 1 2 -3 5 1 2 -3 5 1 2 -3 5 1 2 -3 5 1 2 -3 5 1 2 -3 5 1 2 -3 5 1 0 1 1 1 2 1 3 1 4 1 5 1 6 1 7 1 8 1 R 8 0 | constant_periodic_d5_remove_end_alias R 1 1 5 1 7 8 1 9 2 -3 5 1 2 -3 5 1 2 -3 5 1 2 -3 5 1 2 -3 5 1 2 -3 5 1 2 -3 5 1 1 1 2 1 3 1 4 1 5 1 6 1 7 1 9 1
unclamped_nonuniform_d6_identity S 6 25 7 0 -2 -6 -5 0.5 -1 -5 2 1 0 -2 -2 1.5 1 3 5 0.5 2 -3 1 1 3 6 -3 1.5 4 4 4 0.5 5 4 0 1 6 6 -4 1.5 7 -3 3 0.5 8 3 -1 1 9 -2 -5 1.5 10 -5 2 0.5 11 -6 -2 1 12 -5 5 1.5 13 -2 1 0.5 14 3 -3 1 15 -3 4 1.5 16 6 0 0.5 17 4 -4 1 18 4 3 1.5 19 6 -1 0.5 20 -3 -5 1 21 3 2 1.5 22 -2 -2 0.5 -2 6 -1 6 0 1 1 6 2 1 3 6 4 6 | unclamped_nonuniform_d6_identity R 0 6 0 25 7 -1 3 -1 -3 -5/2 1/2 -1 -5 2 1 0 -3 -3 3/2 1/2 3/2 5/2 1/2 2 -3 1 1 9/2 9 -9/2 3/2 2 2 2 1/2 5 4 0 1 9 9 -6 3/2 7/2 -3/2 3/2 1/2 8 3 -1 1 27/2 -3 -15/2 3/2 5 -5/2 1 1/2 11 -6 -2 1 18 -15/2 15/2 3/2 13/2 -1 1/2 1/2 14 3 -3 1 45/2 -9/2 6 3/2 8 3 0 1/2 17 4 -4 1 27 6 9/2 3/2 19/2 3 -1/2 1/2 20 -3 -5 1 63/2 9/2 3 3/2 11 -1 -1 1/2 -2 6 -1 6 0 1 1 6 2 1 3 6 4 6
unclamped_nonuniform_d6_insert S 6 25 7 1 -2 -6 -5 0.5 -1 -5 2 1 0 -2 -2 1.5 1 3 5 0.5 2 -3 1 1 3 6 -3 1.5 4 4 4 0.5 5 4 0 1 6 6 -4 1.5 7 -3 3 0.5 8 3 -1 1 9 -2 -5 1.5 10 -5 2 0.5 11 -6 -2 1 12 -5 5 1.5 13 -2 1 0.5 14 3 -3 1 15 -3 4 1.5 16 6 0 0.5 17 4 -4 1 18 4 3 1.5 19 6 -1 0.5 20 -3 -5 1 21 3 2 1.5 22 -2 -2 0.5 -2 6 -1 6 0 1 1 6 2 1 3 6 4 6 I -0.75 6 | unclamped_nonuniform_d6_insert R 1 1 6 0 31 8 -1 3 -1 -3 -5/2 1/2 -1 -5 2 1 0 -3 -3 3/2 1/2 3/2 5/2 1/2 2 -3 1 1 9/2 9 -9/2 3/2 31/8 29/4 -23/8 5/4 7/2 6 -55/32 69/64 849/256 1315/256 -119/128 247/256 13415/4096 18703/4096 -1733/4096 3665/4096 54659/16384 34503/8192 -265/2048 28047/32768 908943/262144 525907/131072 2013/262144 13747/16384 253035/65536 111871/32768 27453/65536 25835/32768 51239/8192 2699/512 -15653/8192 9271/8192 3783/512 5853/1024 -933/256 1221/1024 297/64 -69/128 13/16 5/8 139/16 9/4 -29/16 17/16 27/2 -3 -15/2 3/2 5 -5/2 1 1/2 11 -6 -2 1 18 -15/2 15/2 3/2 13/2 -1 1/2 1/2 14 3 -3 1 45/2 -9/2 6 3/2 8 3 0 1/2 17 4 -4 1 27 6 9/2 3/2 19/2 3 -1/2 1/2 20 -3 -5 1 63/2 9/2 3 3/2 11 -1 -1 1/2 -2 6 -1 6 -3/4 6 0 1 1 6 2 1 3 6 4 6
unclamped_nonuniform_d6_sequence S 6 25 7 4 -2 -6 -5 0.5 -1 -5 2 1 0 -2 -2 1.5 1 3 5 0.5 2 -3 1 1 3 6 -3 1.5 4 4 4 0.5 5 4 0 1 6 6 -4 1.5 7 -3 3 0.5 8 3 -1 1 9 -2 -5 1.5 10 -5 2 0.5 11 -6 -2 1 12 -5 5 1.5 13 -2 1 0.5 14 3 -3 1 15 -3 4 1.5 16 6 0 0.5 17 4 -4 1 18 4 3 1.5 19 6 -1 0.5 20 -3 -5 1 21 3 2 1.5 22 -2 -2 0.5 -2 6 -1 6 0 1 1 6 2 1 3 6 4 6 I -0.25 1 I -0.75 6 I -0.25 6 I -0.75 1 | unclamped_nonuniform_d6_sequence R 4 1 1 1 1 6 0 37 9 -1 3 -1 -3 -5/2 1/2 -1 -5 2 1 0 -3 -3 3/2 1/2 3/2 5/2 1/2 2 -3 1 1 9/2 9 -9/2 3/2 31/8 29/4 -23/8 5/4 7/2 6 -55/32 69/64 849/256 1315/256 -119/128 247/256 13415/4096 18703/4096 -1733/4096 3665/4096 54659/16384 34503/8192 -265/2048 28047/32768 908943/262144 525907/131072 2013/262144 13747/16384 977741/262144 473625/131072 73879/262144 6597/8192 1120199/262144 502571/131072 -18491/262144 14081/16384 1269237/262144 548513/131072 -157105/262144 3799/4096 1391807/262144 579267/131072 -279827/262144 16047/16384 1481693/262144 585577/131072 -365113/262144 8263/8192 1547127/262144 569115/131072 -414891/262144 16701/16384 394961/65536 140221/32768 -109945/65536 33577/32768 53527/8192 1919/512 -16245/8192 8423/8192 3357/512 2223/1024 -375/256 951/1024 449/64 51/128 -15/16 7/8 161/16 3/4 -55/16 19/16 27/2 -3 -15/2 3/2 5 -5/2 1 1/2 11 -6 -2 1 18 -15/2 15/2 3/2 13/2 -1 1/2 1/2 14 3 -3 1 45/2 -9/2 6 3/2 8 3 0 1/2 17 4 -4 1 27 6 9/2 3/2 19/2 3 -1/2 1/2 20 -3 -5 1 63/2 9/2 3 3/2 11 -1 -1 1/2 -2 6 -1 6 -3/4 6 -1/4 6 0 1 1 6 2 1 3 6 4 6
unclamped_nonuniform_d6_roundtrip S 6 25 7 2 -2 -6 -5 0.5 -1 -5 2 1 0 -2 -2 1.5 1 3 5 0.5 2 -3 1 1 3 6 -3 1.5 4 4 4 0.5 5 4 0 1 6 6 -4 1.5 7 -3 3 0.5 8 3 -1 1 9 -2 -5 1.5 10 -5 2 0.5 11 -6 -2 1 12 -5 5 1.5 13 -2 1 0.5 14 3 -3 1 15 -3 4 1.5 16 6 0 0.5 17 4 -4 1 18 4 3 1.5 19 6 -1 0.5 20 -3 -5 1 21 3 2 1.5 22 -2 -2 0.5 -2 6 -1 6 0 1 1 6 2 1 3 6 4 6 I -0.75 1 R -0.75 0 | unclamped_nonuniform_d6_roundtrip R 2 1 1 6 0 25 7 -1 3 -1 -3 -5/2 1/2 -1 -5 2 1 0 -3 -3 3/2 1/2 3/2 5/2 1/2 2 -3 1 1 9/2 9 -9/2 3/2 2 2 2 1/2 5 4 0 1 9 9 -6 3/2 7/2 -3/2 3/2 1/2 8 3 -1 1 27/2 -3 -15/2 3/2 5 -5/2 1 1/2 11 -6 -2 1 18 -15/2 15/2 3/2 13/2 -1 1/2 1/2 14 3 -3 1 45/2 -9/2 6 3/2 8 3 0 1/2 17 4 -4 1 27 6 9/2 3/2 19/2 3 -1/2 1/2 20 -3 -5 1 63/2 9/2 3 3/2 11 -1 -1 1/2 -2 6 -1 6 0 1 1 6 2 1 3 6 4 6
unclamped_nonuniform_d6_full_roundtrip S 6 25 7 2 -2 -6 -5 0.5 -1 -5 2 1 0 -2 -2 1.5 1 3 5 0.5 2 -3 1 1 3 6 -3 1.5 4 4 4 0.5 5 4 0 1 6 6 -4 1.5 7 -3 3 0.5 8 3 -1 1 9 -2 -5 1.5 10 -5 2 0.5 11 -6 -2 1 12 -5 5 1.5 13 -2 1 0.5 14 3 -3 1 15 -3 4 1.5 16 6 0 0.5 17 4 -4 1 18 4 3 1.5 19 6 -1 0.5 20 -3 -5 1 21 3 2 1.5 22 -2 -2 0.5 -2 6 -1 6 0 1 1 6 2 1 3 6 4 6 I -0.75 6 R -0.75 0 | unclamped_nonuniform_d6_full_roundtrip R 2 1 1 6 0 25 7 -1 3 -1 -3 -5/2 1/2 -1 -5 2 1 0 -3 -3 3/2 1/2 3/2 5/2 1/2 2 -3 1 1 9/2 9 -9/2 3/2 2 2 2 1/2 5 4 0 1 9 9 -6 3/2 7/2 -3/2 3/2 1/2 8 3 -1 1 27/2 -3 -15/2 3/2 5 -5/2 1 1/2 11 -6 -2 1 18 -15/2 15/2 3/2 13/2 -1 1/2 1/2 14 3 -3 1 45/2 -9/2 6 3/2 8 3 0 1/2 17 4 -4 1 27 6 9/2 3/2 19/2 3 -1/2 1/2 20 -3 -5 1 63/2 9/2 3 3/2 11 -1 -1 1/2 -2 6 -1 6 0 1 1 6 2 1 3 6 4 6
unclamped_nonuniform_d6_remove_existing S 6 25 7 1 -2 -6 -5 0.5 -1 -5 2 1 0 -2 -2 1.5 1 3 5 0.5 2 -3 1 1 3 6 -3 1.5 4 4 4 0.5 5 4 0 1 6 6 -4 1.5 7 -3 3 0.5 8 3 -1 1 9 -2 -5 1.5 10 -5 2 0.5 11 -6 -2 1 12 -5 5 1.5 13 -2 1 0.5 14 3 -3 1 15 -3 4 1.5 16 6 0 0.5 17 4 -4 1 18 4 3 1.5 19 6 -1 0.5 20 -3 -5 1 21 3 2 1.5 22 -2 -2 0.5 -2 6 -1 6 0 1 1 6 2 1 3 6 4 6 R 0 0 | unclamped_nonuniform_d6_remove_existing R 1 0 6 0 25 7 -1 3 -1 -3 -5/2 1/2 -1 -5 2 1 0 -3 -3 3/2 1/2 3/2 5/2 1/2 2 -3 1 1 9/2 9 -9/2 3/2 2 2 2 1/2 5 4 0 1 9 9 -6 3/2 7/2 -3/2 3/2 1/2 8 3 -1 1 27/2 -3 -15/2 3/2 5 -5/2 1 1/2 11 -6 -2 1 18 -15/2 15/2 3/2 13/2 -1 1/2 1/2 14 3 -3 1 45/2 -9/2 6 3/2 8 3 0 1/2 17 4 -4 1 27 6 9/2 3/2 19/2 3 -1/2 1/2 20 -3 -5 1 63/2 9/2 3 3/2 11 -1 -1 1/2 -2 6 -1 6 0 1 1 6 2 1 3 6 4 6
unclamped_nonuniform_d6_domain_ends S 6 25 7 2 -2 -6 -5 0.5 -1 -5 2 1 0 -2 -2 1.5 1 3 5 0.5 2 -3 1 1 3 6 -3 1.5 4 4 4 0.5 5 4 0 1 6 6 -4 1.5 7 -3 3 0.5 8 3 -1 1 9 -2 -5 1.5 10 -5 2 0.5 11 -6 -2 1 12 -5 5 1.5 13 -2 1 0.5 14 3 -3 1 15 -3 4 1.5 16 6 0 0.5 17 4 -4 1 18 4 3 1.5 19 6 -1 0.5 20 -3 -5 1 21 3 2 1.5 22 -2 -2 0.5 -2 6 -1 6 0 1 1 6 2 1 3 6 4 6 I -1 6 I 3 6 | unclamped_nonuniform_d6_domain_ends R 2 1 1 6 0 25 7 -1 3 -1 -3 -5/2 1/2 -1 -5 2 1 0 -3 -3 3/2 1/2 3/2 5/2 1/2 2 -3 1 1 9/2 9 -9/2 3/2 2 2 2 1/2 5 4 0 1 9 9 -6 3/2 7/2 -3/2 3/2 1/2 8 3 -1 1 27/2 -3 -15/2 3/2 5 -5/2 1 1/2 11 -6 -2 1 18 -15/2 15/2 3/2 13/2 -1 1/2 1/2 14 3 -3 1 45/2 -9/2 6 3/2 8 3 0 1/2 17 4 -4 1 27 6 9/2 3/2 19/2 3 -1/2 1/2 20 -3 -5 1 63/2 9/2 3 3/2 11 -1 -1 1/2 -2 6 -1 6 0 1 1 6 2 1 3 6 4 6
constant_periodic_d6_identity P 6 9 10 0 2 -3 5 1 2 -3 5 1 2 -3 5 1 2 -3 5 1 2 -3 5 1 2 -3 5 1 2 -3 5 1 2 -3 5 1 2 -3 5 1 0 1 1 1 2 1 3 1 4 1 5 1 6 1 7 1 8 1 9 1 | constant_periodic_d6_identity R 0 6 1 9 10 0 9 2 -3 5 1 2 -3 5 1 2 -3 5 1 2 -3 5 1 2 -3 5 1 2 -3 5 1 2 -3 5 1 2 -3 5 1 2 -3 5 1 0 1 1 1 2 1 3 1 4 1 5 1 6 1 7 1 8 1 9 1
constant_periodic_d6_insert P 6 9 10 1 2 -3 5 1 2 -3 5 1 2 -3 5 1 2 -3 5 1 2 -3 5 1 2 -3 5 1 2 -3 5 1 2 -3 5 1 2 -3 5 1 0 1 1 1 2 1 3 1 4 1 5 1 6 1 7 1 8 1 9 1 I 0.25 6 | constant_periodic_d6_insert R 1 1 6 1 15 11 0 9 2 -3 5 1 2 -3 5 1 2 -3 5 1 2 -3 5 1 2 -3 5 1 2 -3 5 1 2 -3 5 1 2 -3 5 1 2 -3 5 1 2 -3 5 1 2 -3 5 1 2 -3 5 1 2 -3 5 1 2 -3 5 1 2 -3 5 1 0 1 1/4 6 1 1 2 1 3 1 4 1 5 1 6 1 7 1 8 1 9 1
constant_periodic_d6_sequence P 6 9 10 4 2 -3 5 1 2 -3 5 1 2 -3 5 1 2 -3 5 1 2 -3 5 1 2 -3 5 1 2 -3 5 1 2 -3 5 1 2 -3 5 1 0 1 1 1 2 1 3 1 4 1 5 1 6 1 7 1 8 1 9 1 I 0.75 1 I 0.25 6 I 0.75 6 I 0.25 1 | constant_periodic_d6_sequence R 4 1 1 1 1 6 1 21 12 0 9 2 -3 5 1 2 -3 5 1 2 -3 5 1 2 -3 5 1 2 -3 5 1 2 -3 5 1 2 -3 5 1 2 -3 5 1 2 -3 5 1 2 -3 5 1 2 -3 5 1 2 -3 5 1 2 -3 5 1 2 -3 5 1 2 -3 5 1 2 -3 5 1 2 -3 5 1 2 -3 5 1 2 -3 5 1 2 -3 5 1 2 -3 5 1 0 1 1/4 6 3/4 6 1 1 2 1 3 1 4 1 5 1 6 1 7 1 8 1 9 1
constant_periodic_d6_roundtrip P 6 9 10 2 2 -3 5 1 2 -3 5 1 2 -3 5 1 2 -3 5 1 2 -3 5 1 2 -3 5 1 2 -3 5 1 2 -3 5 1 2 -3 5 1 0 1 1 1 2 1 3 1 4 1 5 1 6 1 7 1 8 1 9 1 I 0.25 1 R 0.25 0 | constant_periodic_d6_roundtrip R 2 1 1 6 1 9 10 0 9 2 -3 5 1 2 -3 5 1 2 -3 5 1 2 -3 5 1 2 -3 5 1 2 -3 5 1 2 -3 5 1 2 -3 5 1 2 -3 5 1 0 1 1 1 2 1 3 1 4 1 5 1 6 1 7 1 8 1 9 1
constant_periodic_d6_full_roundtrip P 6 9 10 2 2 -3 5 1 2 -3 5 1 2 -3 5 1 2 -3 5 1 2 -3 5 1 2 -3 5 1 2 -3 5 1 2 -3 5 1 2 -3 5 1 0 1 1 1 2 1 3 1 4 1 5 1 6 1 7 1 8 1 9 1 I 0.25 6 R 0.25 0 | constant_periodic_d6_full_roundtrip R 2 1 1 6 1 9 10 0 9 2 -3 5 1 2 -3 5 1 2 -3 5 1 2 -3 5 1 2 -3 5 1 2 -3 5 1 2 -3 5 1 2 -3 5 1 2 -3 5 1 0 1 1 1 2 1 3 1 4 1 5 1 6 1 7 1 8 1 9 1
constant_periodic_d6_remove_existing P 6 9 10 1 2 -3 5 1 2 -3 5 1 2 -3 5 1 2 -3 5 1 2 -3 5 1 2 -3 5 1 2 -3 5 1 2 -3 5 1 2 -3 5 1 0 1 1 1 2 1 3 1 4 1 5 1 6 1 7 1 8 1 9 1 R 1 0 | constant_periodic_d6_remove_existing R 1 1 6 1 8 9 0 9 2 -3 5 1 2 -3 5 1 2 -3 5 1 2 -3 5 1 2 -3 5 1 2 -3 5 1 2 -3 5 1 2 -3 5 1 0 1 2 1 3 1 4 1 5 1 6 1 7 1 8 1 9 1
constant_periodic_d6_seam P 6 9 10 2 2 -3 5 1 2 -3 5 1 2 -3 5 1 2 -3 5 1 2 -3 5 1 2 -3 5 1 2 -3 5 1 2 -3 5 1 2 -3 5 1 0 1 1 1 2 1 3 1 4 1 5 1 6 1 7 1 8 1 9 1 I 0 6 I 9 6 | constant_periodic_d6_seam R 2 1 1 6 1 14 10 0 9 2 -3 5 1 2 -3 5 1 2 -3 5 1 2 -3 5 1 2 -3 5 1 2 -3 5 1 2 -3 5 1 2 -3 5 1 2 -3 5 1 2 -3 5 1 2 -3 5 1 2 -3 5 1 2 -3 5 1 2 -3 5 1 0 6 1 1 2 1 3 1 4 1 5 1 6 1 7 1 8 1 9 6
constant_periodic_d6_seam_roundtrip P 6 9 10 2 2 -3 5 1 2 -3 5 1 2 -3 5 1 2 -3 5 1 2 -3 5 1 2 -3 5 1 2 -3 5 1 2 -3 5 1 2 -3 5 1 0 1 1 1 2 1 3 1 4 1 5 1 6 1 7 1 8 1 9 1 I 9 6 R 0 1 | constant_periodic_d6_seam_roundtrip R 2 1 1 6 1 9 10 0 9 2 -3 5 1 2 -3 5 1 2 -3 5 1 2 -3 5 1 2 -3 5 1 2 -3 5 1 2 -3 5 1 2 -3 5 1 2 -3 5 1 0 1 1 1 2 1 3 1 4 1 5 1 6 1 7 1 8 1 9 1
constant_periodic_d6_remove_origin P 6 9 10 1 2 -3 5 1 2 -3 5 1 2 -3 5 1 2 -3 5 1 2 -3 5 1 2 -3 5 1 2 -3 5 1 2 -3 5 1 2 -3 5 1 0 1 1 1 2 1 3 1 4 1 5 1 6 1 7 1 8 1 9 1 R 0 0 | constant_periodic_d6_remove_origin R 1 1 6 1 8 9 1 10 2 -3 5 1 2 -3 5 1 2 -3 5 1 2 -3 5 1 2 -3 5 1 2 -3 5 1 2 -3 5 1 2 -3 5 1 1 1 2 1 3 1 4 1 5 1 6 1 7 1 8 1 10 1
constant_periodic_d6_remove_end_alias P 6 9 10 1 2 -3 5 1 2 -3 5 1 2 -3 5 1 2 -3 5 1 2 -3 5 1 2 -3 5 1 2 -3 5 1 2 -3 5 1 2 -3 5 1 0 1 1 1 2 1 3 1 4 1 5 1 6 1 7 1 8 1 9 1 R 9 0 | constant_periodic_d6_remove_end_alias R 1 1 6 1 8 9 1 10 2 -3 5 1 2 -3 5 1 2 -3 5 1 2 -3 5 1 2 -3 5 1 2 -3 5 1 2 -3 5 1 2 -3 5 1 1 1 2 1 3 1 4 1 5 1 6 1 7 1 8 1 10 1
unclamped_nonuniform_d7_identity S 7 29 7 0 -2 -6 -5 0.5 -1 -5 2 1 0 -2 -2 1.5 1 3 5 0.5 2 -3 1 1 3 6 -3 1.5 4 4 4 0.5 5 4 0 1 6 6 -4 1.5 7 -3 3 0.5 8 3 -1 1 9 -2 -5 1.5 10 -5 2 0.5 11 -6 -2 1 12 -5 5 1.5 13 -2 1 0.5 14 3 -3 1 15 -3 4 1.5 16 6 0 0.5 17 4 -4 1 18 4 3 1.5 19 6 -1 0.5 20 -3 -5 1 21 3 2 1.5 22 -2 -2 0.5 23 -5 5 1 24 -6 1 1.5 25 -5 -3 0.5 26 -2 4 1 -2 7 -1 7 0 1 1 7 2 1 3 7 4 7 | unclamped_nonuniform_d7_identity R 0 7 0 29 7 -1 3 -1 -3 -5/2 1/2 -1 -5 2 1 0 -3 -3 3/2 1/2 3/2 5/2 1/2 2 -3 1 1 9/2 9 -9/2 3/2 2 2 2 1/2 5 4 0 1 9 9 -6 3/2 7/2 -3/2 3/2 1/2 8 3 -1 1 27/2 -3 -15/2 3/2 5 -5/2 1 1/2 11 -6 -2 1 18 -15/2 15/2 3/2 13/2 -1 1/2 1/2 14 3 -3 1 45/2 -9/2 6 3/2 8 3 0 1/2 17 4 -4 1 27 6 9/2 3/2 19/2 3 -1/2 1/2 20 -3 -5 1 63/2 9/2 3 3/2 11 -1 -1 1/2 23 -5 5 1 36 -9 3/2 3/2 25/2 -5/2 -3/2 1/2 26 -2 4 1 -2 7 -1 7 0 1 1 7 2 1 3 7 4 7
unclamped_nonuniform_d7_insert S 7 29 7 1 -2 -6 -5 0.5 -1 -5 2 1 0 -2 -2 1.5 1 3 5 0.5 2 -3 1 1 3 6 -3 1.5 4 4 4 0.5 5 4 0 1 6 6 -4 1.5 7 -3 3 0.5 8 3 -1 1 9 -2 -5 1.5 10 -5 2 0.5 11 -6 -2 1 12 -5 5 1.5 13 -2 1 0.5 14 3 -3 1 15 -3 4 1.5 16 6 0 0.5 17 4 -4 1 18 4 3 1.5 19 6 -1 0.5 20 -3 -5 1 21 3 2 1.5 22 -2 -2 0.5 23 -5 5 1 24 -6 1 1.5 25 -5 -3 0.5 26 -2 4 1 -2 7 -1 7 0 1 1 7 2 1 3 7 4 7 I -0.75 7 | unclamped_nonuniform_d7_insert R 1 1 7 0 36 8 -1 3 -1 -3 -5/2 1/2 -1 -5 2 1 0 -3 -3 3/2 1/2 3/2 5/2 1/2 2 -3 1 1 9/2 9 -9/2 3/2 2 2 2 1/2 11/4 5/2 3/2 5/8 55/16 97/32 15/16 47/64 2069/512 1805/512 195/512 423/512 18653/4096 16163/4096 -533/4096 461/512 163157/32768 70081/16384 -18851/32768 31399/32768 1395907/262144 1183953/262144 -248379/262144 262539/262144 1468655/262144 9788549/2097152 -1308499/1048576 1082521/1048576 1686899/262144 2684831/524288 -281681/131072 36863/32768 455043/65536 70991/16384 -179813/65536 70793/65536 46999/8192 -887/8192 101/8192 6057/8192 9689/1024 1059/1024 -2853/1024 575/512 1485/128 -47/16 -711/128 163/128 23/4 -47/16 5/8 9/16 11 -6 -2 1 18 -15/2 15/2 3/2 13/2 -1 1/2 1/2 14 3 -3 1 45/2 -9/2 6 3/2 8 3 0 1/2 17 4 -4 1 27 6 9/2 3/2 19/2 3 -1/2 1/2 20 -3 -5 1 63/2 9/2 3 3/2 11 -1 -1 1/2 23 -5 5 1 36 -9 3/2 3/2 25/2 -5/2 -3/2 1/2 26 -2 4 1 -2 7 -1 7 -3/4 7 0 1 1 7 2 1 3 7 4 7
unclamped_nonuniform_d7_sequence S 7 29 7 4 -2 -6 -5 0.5 -1 -5 2 1 0 -2 -2 1.5 1 3 5 0.5 2 -3 1 1 3 6 -3 1.5 4 4 4 0.5 5 4 0 1 6 6 -4 1.5 7 -3 3 0.5 8 3 -1 1 9 -2 -5 1.5 10 -5 2 0.5 11 -6 -2 1 12 -5 5 1.5 13 -2 1 0.5 14 3 -3 1 15 -3 4 1.5 16 6 0 0.5 17 4 -4 1 18 4 3 1.5 19 6 -1 0.5 20 -3 -5 1 21 3 2 1.5 22 -2 -2 0.5 23 -5 5 1 24 -6 1 1.5 25 -5 -3 0.5 26 -2 4 1 -2 7 -1 7 0 1 1 7 2 1 3 7 4 7 I -0.25 1 I -0.75 7 I -0.25 7 I -0.75 1 | unclamped_nonuniform_d7_sequence R 4 1 1 1 1 7 0 43 9 -1 3 -1 -3 -5/2 1/2 -1 -5 2 1 0 -3 -3 3/2 1/2 3/2 5/2 1/2 2 -3 1 1 9/2 9 -9/2 3/2 2 2 2 1/2 11/4 5/2 3/2 5/8 55/16 97/32 15/16 47/64 2069/512 1805/512 195/512 423/512 18653/4096 16163/4096 -533/4096 461/512 163157/32768 70081/16384 -18851/32768 31399/32768 1395907/262144 1183953/262144 -248379/262144 262539/262144 1468655/262144 9788549/2097152 -1308499/1048576 1082521/1048576 1614151/262144 10422399/2097152 -1938465/1048576 1147251/1048576 1688035/262144 10318925/2097152 -2267227/1048576 1159889/1048576 1713587/262144 9552727/2097152 -2304377/1048576 1138267/1048576 1725655/262144 8449877/2097152 -2198307/1048576 1104969/1048576 1747615/262144 7234543/2097152 -2076177/1048576 1074947/1048576 1788107/262144 6016925/2097152 -2005419/1048576 1054465/1048576 1845515/262144 4837447/2097152 -2002921/1048576 1043819/1048576 1874219/262144 1061927/524288 -250209/131072 32453/32768 509721/65536 10521/16384 -130047/65536 64011/65536 72007/8192 -4647/8192 -20619/8192 8377/8192 10019/1024 -1599/1024 -3463/1024 557/512 1173/128 -51/16 -351/128 123/128 29/4 -61/16 -1/8 11/16 11 -6 -2 1 18 -15/2 15/2 3/2 13/2 -1 1/2 1/2 14 3 -3 1 45/2 -9/2 6 3/2 8 3 0 1/2 17 4 -4 1 27 6 9/2 3/2 19/2 3 -1/2 1/2 20 -3 -5 1 63/2 9/2 3 3/2 11 -1 -1 1/2 23 -5 5 1 36 -9 3/2 3/2 25/2 -5/2 -3/2 1/2 26 -2 4 1 -2 7 -1 7 -3/4 7 -1/4 7 0 1 1 7 2 1 3 7 4 7
unclamped_nonuniform_d7_roundtrip S 7 29 7 2 -2 -6 -5 0.5 -1 -5 2 1 0 -2 -2 1.5 1 3 5 0.5 2 -3 1 1 3 6 -3 1.5 4 4 4 0.5 5 4 0 1 6 6 -4 1.5 7 -3 3 0.5 8 3 -1 1 9 -2 -5 1.5 10 -5 2 0.5 11 -6 -2 1 12 -5 5 1.5 13 -2 1 0.5 14 3 -3 1 15 -3 4 1.5 16 6 0 0.5 17 4 -4 1 18 4 3 1.5 19 6 -1 0.5 20 -3 -5 1 21 3 2 1.5 22 -2 -2 0.5 23 -5 5 1 24 -6 1 1.5 25 -5 -3 0.5 26 -2 4 1 -2 7 -1 7 0 1 1 7 2 1 3 7 4 7 I -0.75 1 R -0.75 0 | unclamped_nonuniform_d7_roundtrip R 2 1 1 7 0 29 7 -1 3 -1 -3 -5/2 1/2 -1 -5 2 1 0 -3 -3 3/2 1/2 3/2 5/2 1/2 2 -3 1 1 9/2 9 -9/2 3/2 2 2 2 1/2 5 4 0 1 9 9 -6 3/2 7/2 -3/2 3/2 1/2 8 3 -1 1 27/2 -3 -15/2 3/2 5 -5/2 1 1/2 11 -6 -2 1 18 -15/2 15/2 3/2 13/2 -1 1/2 1/2 14 3 -3 1 45/2 -9/2 6 3/2 8 3 0 1/2 17 4 -4 1 27 6 9/2 3/2 19/2 3 -1/2 1/2 20 -3 -5 1 63/2 9/2 3 3/2 11 -1 -1 1/2 23 -5 5 1 36 -9 3/2 3/2 25/2 -5/2 -3/2 1/2 26 -2 4 1 -2 7 -1 7 0 1 1 7 2 1 3 7 4 7
unclamped_nonuniform_d7_full_roundtrip S 7 29 7 2 -2 -6 -5 0.5 -1 -5 2 1 0 -2 -2 1.5 1 3 5 0.5 2 -3 1 1 3 6 -3 1.5 4 4 4 0.5 5 4 0 1 6 6 -4 1.5 7 -3 3 0.5 8 3 -1 1 9 -2 -5 1.5 10 -5 2 0.5 11 -6 -2 1 12 -5 5 1.5 13 -2 1 0.5 14 3 -3 1 15 -3 4 1.5 16 6 0 0.5 17 4 -4 1 18 4 3 1.5 19 6 -1 0.5 20 -3 -5 1 21 3 2 1.5 22 -2 -2 0.5 23 -5 5 1 24 -6 1 1.5 25 -5 -3 0.5 26 -2 4 1 -2 7 -1 7 0 1 1 7 2 1 3 7 4 7 I -0.75 7 R -0.75 0 | unclamped_nonuniform_d7_full_roundtrip R 2 1 1 7 0 29 7 -1 3 -1 -3 -5/2 1/2 -1 -5 2 1 0 -3 -3 3/2 1/2 3/2 5/2 1/2 2 -3 1 1 9/2 9 -9/2 3/2 2 2 2 1/2 5 4 0 1 9 9 -6 3/2 7/2 -3/2 3/2 1/2 8 3 -1 1 27/2 -3 -15/2 3/2 5 -5/2 1 1/2 11 -6 -2 1 18 -15/2 15/2 3/2 13/2 -1 1/2 1/2 14 3 -3 1 45/2 -9/2 6 3/2 8 3 0 1/2 17 4 -4 1 27 6 9/2 3/2 19/2 3 -1/2 1/2 20 -3 -5 1 63/2 9/2 3 3/2 11 -1 -1 1/2 23 -5 5 1 36 -9 3/2 3/2 25/2 -5/2 -3/2 1/2 26 -2 4 1 -2 7 -1 7 0 1 1 7 2 1 3 7 4 7
unclamped_nonuniform_d7_remove_existing S 7 29 7 1 -2 -6 -5 0.5 -1 -5 2 1 0 -2 -2 1.5 1 3 5 0.5 2 -3 1 1 3 6 -3 1.5 4 4 4 0.5 5 4 0 1 6 6 -4 1.5 7 -3 3 0.5 8 3 -1 1 9 -2 -5 1.5 10 -5 2 0.5 11 -6 -2 1 12 -5 5 1.5 13 -2 1 0.5 14 3 -3 1 15 -3 4 1.5 16 6 0 0.5 17 4 -4 1 18 4 3 1.5 19 6 -1 0.5 20 -3 -5 1 21 3 2 1.5 22 -2 -2 0.5 23 -5 5 1 24 -6 1 1.5 25 -5 -3 0.5 26 -2 4 1 -2 7 -1 7 0 1 1 7 2 1 3 7 4 7 R 0 0 | unclamped_nonuniform_d7_remove_existing R 1 0 7 0 29 7 -1 3 -1 -3 -5/2 1/2 -1 -5 2 1 0 -3 -3 3/2 1/2 3/2 5/2 1/2 2 -3 1 1 9/2 9 -9/2 3/2 2 2 2 1/2 5 4 0 1 9 9 -6 3/2 7/2 -3/2 3/2 1/2 8 3 -1 1 27/2 -3 -15/2 3/2 5 -5/2 1 1/2 11 -6 -2 1 18 -15/2 15/2 3/2 13/2 -1 1/2 1/2 14 3 -3 1 45/2 -9/2 6 3/2 8 3 0 1/2 17 4 -4 1 27 6 9/2 3/2 19/2 3 -1/2 1/2 20 -3 -5 1 63/2 9/2 3 3/2 11 -1 -1 1/2 23 -5 5 1 36 -9 3/2 3/2 25/2 -5/2 -3/2 1/2 26 -2 4 1 -2 7 -1 7 0 1 1 7 2 1 3 7 4 7
unclamped_nonuniform_d7_domain_ends S 7 29 7 2 -2 -6 -5 0.5 -1 -5 2 1 0 -2 -2 1.5 1 3 5 0.5 2 -3 1 1 3 6 -3 1.5 4 4 4 0.5 5 4 0 1 6 6 -4 1.5 7 -3 3 0.5 8 3 -1 1 9 -2 -5 1.5 10 -5 2 0.5 11 -6 -2 1 12 -5 5 1.5 13 -2 1 0.5 14 3 -3 1 15 -3 4 1.5 16 6 0 0.5 17 4 -4 1 18 4 3 1.5 19 6 -1 0.5 20 -3 -5 1 21 3 2 1.5 22 -2 -2 0.5 23 -5 5 1 24 -6 1 1.5 25 -5 -3 0.5 26 -2 4 1 -2 7 -1 7 0 1 1 7 2 1 3 7 4 7 I -1 7 I 3 7 | unclamped_nonuniform_d7_domain_ends R 2 1 1 7 0 29 7 -1 3 -1 -3 -5/2 1/2 -1 -5 2 1 0 -3 -3 3/2 1/2 3/2 5/2 1/2 2 -3 1 1 9/2 9 -9/2 3/2 2 2 2 1/2 5 4 0 1 9 9 -6 3/2 7/2 -3/2 3/2 1/2 8 3 -1 1 27/2 -3 -15/2 3/2 5 -5/2 1 1/2 11 -6 -2 1 18 -15/2 15/2 3/2 13/2 -1 1/2 1/2 14 3 -3 1 45/2 -9/2 6 3/2 8 3 0 1/2 17 4 -4 1 27 6 9/2 3/2 19/2 3 -1/2 1/2 20 -3 -5 1 63/2 9/2 3 3/2 11 -1 -1 1/2 23 -5 5 1 36 -9 3/2 3/2 25/2 -5/2 -3/2 1/2 26 -2 4 1 -2 7 -1 7 0 1 1 7 2 1 3 7 4 7
constant_periodic_d7_identity P 7 10 11 0 2 -3 5 1 2 -3 5 1 2 -3 5 1 2 -3 5 1 2 -3 5 1 2 -3 5 1 2 -3 5 1 2 -3 5 1 2 -3 5 1 2 -3 5 1 0 1 1 1 2 1 3 1 4 1 5 1 6 1 7 1 8 1 9 1 10 1 | constant_periodic_d7_identity R 0 7 1 10 11 0 10 2 -3 5 1 2 -3 5 1 2 -3 5 1 2 -3 5 1 2 -3 5 1 2 -3 5 1 2 -3 5 1 2 -3 5 1 2 -3 5 1 2 -3 5 1 0 1 1 1 2 1 3 1 4 1 5 1 6 1 7 1 8 1 9 1 10 1
constant_periodic_d7_insert P 7 10 11 1 2 -3 5 1 2 -3 5 1 2 -3 5 1 2 -3 5 1 2 -3 5 1 2 -3 5 1 2 -3 5 1 2 -3 5 1 2 -3 5 1 2 -3 5 1 0 1 1 1 2 1 3 1 4 1 5 1 6 1 7 1 8 1 9 1 10 1 I 0.25 7 | constant_periodic_d7_insert R 1 1 7 1 17 12 0 10 2 -3 5 1 2 -3 5 1 2 -3 5 1 2 -3 5 1 2 -3 5 1 2 -3 5 1 2 -3 5 1 2 -3 5 1 2 -3 5 1 2 -3 5 1 2 -3 5 1 2 -3 5 1 2 -3 5 1 2 -3 5 1 2 -3 5 1 2 -3 5 1 2 -3 5 1 0 1 1/4 7 1 1 2 1 3 1 4 1 5 1 6 1 7 1 8 1 9 1 10 1
constant_periodic_d7_sequence P 7 10 11 4 2 -3 5 1 2 -3 5 1 2 -3 5 1 2 -3 5 1 2 -3 5 1 2 -3 5 1 2 -3 5 1 2 -3 5 1 2 -3 5 1 2 -3 5 1 0 1 1 1 2 1 3 1 4 1 5 1 6 1 7 1 8 1 9 1 10 1 I 0.75 1 I 0.25 7 I 0.75 7 I 0.25 1 | constant_periodic_d7_sequence R 4 1 1 1 1 7 1 24 13 0 10 2 -3 5 1 2 -3 5 1 2 -3 5 1 2 -3 5 1 2 -3 5 1 2 -3 5 1 2 -3 5 1 2 -3 5 1 2 -3 5 1 2 -3 5 1 2 -3 5 1 2 -3 5 1 2 -3 5 1 2 -3 5 1 2 -3 5 1 2 -3 5 1 2 -3 5 1 2 -3 5 1 2 -3 5 1 2 -3 5 1 2 -3 5 1 2 -3 5 1 2 -3 5 1 2 -3 5 1 0 1 1/4 7 3/4 7 1 1 2 1 3 1 4 1 5 1 6 1 7 1 8 1 9 1 10 1
constant_periodic_d7_roundtrip P 7 10 11 2 2 -3 5 1 2 -3 5 1 2 -3 5 1 2 -3 5 1 2 -3 5 1 2 -3 5 1 2 -3 5 1 2 -3 5 1 2 -3 5 1 2 -3 5 1 0 1 1 1 2 1 3 1 4 1 5 1 6 1 7 1 8 1 9 1 10 1 I 0.25 1 R 0.25 0 | constant_periodic_d7_roundtrip R 2 1 1 7 1 10 11 0 10 2 -3 5 1 2 -3 5 1 2 -3 5 1 2 -3 5 1 2 -3 5 1 2 -3 5 1 2 -3 5 1 2 -3 5 1 2 -3 5 1 2 -3 5 1 0 1 1 1 2 1 3 1 4 1 5 1 6 1 7 1 8 1 9 1 10 1
constant_periodic_d7_full_roundtrip P 7 10 11 2 2 -3 5 1 2 -3 5 1 2 -3 5 1 2 -3 5 1 2 -3 5 1 2 -3 5 1 2 -3 5 1 2 -3 5 1 2 -3 5 1 2 -3 5 1 0 1 1 1 2 1 3 1 4 1 5 1 6 1 7 1 8 1 9 1 10 1 I 0.25 7 R 0.25 0 | constant_periodic_d7_full_roundtrip R 2 1 1 7 1 10 11 0 10 2 -3 5 1 2 -3 5 1 2 -3 5 1 2 -3 5 1 2 -3 5 1 2 -3 5 1 2 -3 5 1 2 -3 5 1 2 -3 5 1 2 -3 5 1 0 1 1 1 2 1 3 1 4 1 5 1 6 1 7 1 8 1 9 1 10 1
constant_periodic_d7_remove_existing P 7 10 11 1 2 -3 5 1 2 -3 5 1 2 -3 5 1 2 -3 5 1 2 -3 5 1 2 -3 5 1 2 -3 5 1 2 -3 5 1 2 -3 5 1 2 -3 5 1 0 1 1 1 2 1 3 1 4 1 5 1 6 1 7 1 8 1 9 1 10 1 R 1 0 | constant_periodic_d7_remove_existing R 1 1 7 1 9 10 0 10 2 -3 5 1 2 -3 5 1 2 -3 5 1 2 -3 5 1 2 -3 5 1 2 -3 5 1 2 -3 5 1 2 -3 5 1 2 -3 5 1 0 1 2 1 3 1 4 1 5 1 6 1 7 1 8 1 9 1 10 1
constant_periodic_d7_seam P 7 10 11 2 2 -3 5 1 2 -3 5 1 2 -3 5 1 2 -3 5 1 2 -3 5 1 2 -3 5 1 2 -3 5 1 2 -3 5 1 2 -3 5 1 2 -3 5 1 0 1 1 1 2 1 3 1 4 1 5 1 6 1 7 1 8 1 9 1 10 1 I 0 7 I 10 7 | constant_periodic_d7_seam R 2 1 1 7 1 16 11 0 10 2 -3 5 1 2 -3 5 1 2 -3 5 1 2 -3 5 1 2 -3 5 1 2 -3 5 1 2 -3 5 1 2 -3 5 1 2 -3 5 1 2 -3 5 1 2 -3 5 1 2 -3 5 1 2 -3 5 1 2 -3 5 1 2 -3 5 1 2 -3 5 1 0 7 1 1 2 1 3 1 4 1 5 1 6 1 7 1 8 1 9 1 10 7
constant_periodic_d7_seam_roundtrip P 7 10 11 2 2 -3 5 1 2 -3 5 1 2 -3 5 1 2 -3 5 1 2 -3 5 1 2 -3 5 1 2 -3 5 1 2 -3 5 1 2 -3 5 1 2 -3 5 1 0 1 1 1 2 1 3 1 4 1 5 1 6 1 7 1 8 1 9 1 10 1 I 10 7 R 0 1 | constant_periodic_d7_seam_roundtrip R 2 1 1 7 1 10 11 0 10 2 -3 5 1 2 -3 5 1 2 -3 5 1 2 -3 5 1 2 -3 5 1 2 -3 5 1 2 -3 5 1 2 -3 5 1 2 -3 5 1 2 -3 5 1 0 1 1 1 2 1 3 1 4 1 5 1 6 1 7 1 8 1 9 1 10 1
constant_periodic_d7_remove_origin P 7 10 11 1 2 -3 5 1 2 -3 5 1 2 -3 5 1 2 -3 5 1 2 -3 5 1 2 -3 5 1 2 -3 5 1 2 -3 5 1 2 -3 5 1 2 -3 5 1 0 1 1 1 2 1 3 1 4 1 5 1 6 1 7 1 8 1 9 1 10 1 R 0 0 | constant_periodic_d7_remove_origin R 1 1 7 1 9 10 1 11 2 -3 5 1 2 -3 5 1 2 -3 5 1 2 -3 5 1 2 -3 5 1 2 -3 5 1 2 -3 5 1 2 -3 5 1 2 -3 5 1 1 1 2 1 3 1 4 1 5 1 6 1 7 1 8 1 9 1 11 1
constant_periodic_d7_remove_end_alias P 7 10 11 1 2 -3 5 1 2 -3 5 1 2 -3 5 1 2 -3 5 1 2 -3 5 1 2 -3 5 1 2 -3 5 1 2 -3 5 1 2 -3 5 1 2 -3 5 1 0 1 1 1 2 1 3 1 4 1 5 1 6 1 7 1 8 1 9 1 10 1 R 10 0 | constant_periodic_d7_remove_end_alias R 1 1 7 1 9 10 1 11 2 -3 5 1 2 -3 5 1 2 -3 5 1 2 -3 5 1 2 -3 5 1 2 -3 5 1 2 -3 5 1 2 -3 5 1 2 -3 5 1 1 1 2 1 3 1 4 1 5 1 6 1 7 1 8 1 9 1 11 1
unclamped_nonuniform_d8_identity S 8 33 7 0 -2 -6 -5 0.5 -1 -5 2 1 0 -2 -2 1.5 1 3 5 0.5 2 -3 1 1 3 6 -3 1.5 4 4 4 0.5 5 4 0 1 6 6 -4 1.5 7 -3 3 0.5 8 3 -1 1 9 -2 -5 1.5 10 -5 2 0.5 11 -6 -2 1 12 -5 5 1.5 13 -2 1 0.5 14 3 -3 1 15 -3 4 1.5 16 6 0 0.5 17 4 -4 1 18 4 3 1.5 19 6 -1 0.5 20 -3 -5 1 21 3 2 1.5 22 -2 -2 0.5 23 -5 5 1 24 -6 1 1.5 25 -5 -3 0.5 26 -2 4 1 27 3 0 1.5 28 -3 -4 0.5 29 6 3 1 30 4 -1 1.5 -2 8 -1 8 0 1 1 8 2 1 3 8 4 8 | unclamped_nonuniform_d8_identity R 0 8 0 33 7 -1 3 -1 -3 -5/2 1/2 -1 -5 2 1 0 -3 -3 3/2 1/2 3/2 5/2 1/2 2 -3 1 1 9/2 9 -9/2 3/2 2 2 2 1/2 5 4 0 1 9 9 -6 3/2 7/2 -3/2 3/2 1/2 8 3 -1 1 27/2 -3 -15/2 3/2 5 -5/2 1 1/2 11 -6 -2 1 18 -15/2 15/2 3/2 13/2 -1 1/2 1/2 14 3 -3 1 45/2 -9/2 6 3/2 8 3 0 1/2 17 4 -4 1 27 6 9/2 3/2 19/2 3 -1/2 1/2 20 -3 -5 1 63/2 9/2 3 3/2 11 -1 -1 1/2 23 -5 5 1 36 -9 3/2 3/2 25/2 -5/2 -3/2 1/2 26 -2 4 1 81/2 9/2 0 3/2 14 -3/2 -2 1/2 29 6 3 1 45 6 -3/2 3/2 -2 8 -1 8 0 1 1 8 2 1 3 8 4 8
unclamped_nonuniform_d8_insert S 8 33 7 1 -2 -6 -5 0.5 -1 -5 2 1 0 -2 -2 1.5 1 3 5 0.5 2 -3 1 1 3 6 -3 1.5 4 4 4 0.5 5 4 0 1 6 6 -4 1.5 7 -3 3 0.5 8 3 -1 1 9 -2 -5 1.5 10 -5 2 0.5 11 -6 -2 1 12 -5 5 1.5 13 -2 1 0.5 14 3 -3 1 15 -3 4 1.5 16 6 0 0.5 17 4 -4 1 18 4 3 1.5 19 6 -1 0.5 20 -3 -5 1 21 3 2 1.5 22 -2 -2 0.5 23 -5 5 1 24 -6 1 1.5 25 -5 -3 0.5 26 -2 4 1 27 3 0 1.5 28 -3 -4 0.5 29 6 3 1 30 4 -1 1.5 -2 8 -1 8 0 1 1 8 2 1 3 8 4 8 I -0.75 8 | unclamped_nonuniform_d8_insert R 1 1 8 0 41 8 -1 3 -1 -3 -5/2 1/2 -1 -5 2 1 0 -3 -3 3/2 1/2 3/2 5/2 1/2 2 -3 1 1 9/2 9 -9/2 3/2 2 2 2 1/2 5 4 0 1 6 21/4 -3/2 9/8 421/64 375/64 -153/64 19/16 1761/256 387/64 -733/256 619/512 14349/2048 24429/4096 -783/256 4935/4096 14405/2048 187267/32768 -50435/16384 19429/16384 1837923/262144 703783/131072 -785033/262144 303941/262144 3655221/524288 1303911/262144 -5993073/2097152 2370867/2097152 116374441/16777216 76481235/16777216 -22658057/8388608 288931/262144 28649137/4194304 13893507/4194304 -2339419/1048576 2133191/2097152 3495715/524288 -7737/524288 -377551/524288 435835/524288 79925/8192 5255/65536 -208263/65536 74145/65536 21509/2048 -197/64 -17013/4096 289/256 7433/1024 -949/256 207/512 701/1024 1595/128 -25/4 15/128 141/128 265/16 -107/16 53/8 11/8 13/2 -1 1/2 1/2 14 3 -3 1 45/2 -9/2 6 3/2 8 3 0 1/2 17 4 -4 1 27 6 9/2 3/2 19/2 3 -1/2 1/2 20 -3 -5 1 63/2 9/2 3 3/2 11 -1 -1 1/2 23 -5 5 1 36 -9 3/2 3/2 25/2 -5/2 -3/2 1/2 26 -2 4 1 81/2 9/2 0 3/2 14 -3/2 -2 1/2 29 6 3 1 45 6 -3/2 3/2 -2 8 -1 8 -3/4 8 0 1 1 8 2 1 3 8 4 8
unclamped_nonuniform_d8_sequence S 8 33 7 4 -2 -6 -5 0.5 -1 -5 2 1 0 -2 -2 1.5 1 3 5 0.5 2 -3 1 1 3 6 -3 1.5 4 4 4 0.5 5 4 0 1 6 6 -4 1.5 7 -3 3 0.5 8 3 -1 1 9 -2 -5 1.5 10 -5 2 0.5 11 -6 -2 1 12 -5 5 1.5 13 -2 1 0.5 14 3 -3 1 15 -3 4 1.5 16 6 0 0.5 17 4 -4 1 18 4 3 1.5 19 6 -1 0.5 20 -3 -5 1 21 3 2 1.5 22 -2 -2 0.5 23 -5 5 1 24 -6 1 1.5 25 -5 -3 0.5 26 -2 4 1 27 3 0 1.5 28 -3 -4 0.5 29 6 3 1 30 4 -1 1.5 -2 8 -1 8 0 1 1 8 2 1 3 8 4 8 I -0.25 1 I -0.75 8 I -0.25 8 I -0.75 1 | unclamped_nonuniform_d8_sequence R 4 1 1 1 1 8 0 49 9 -1 3 -1 -3 -5/2 1/2 -1 -5 2 1 0 -3 -3 3/2 1/2 3/2 5/2 1/2 2 -3 1 1 9/2 9 -9/2 3/2 2 2 2 1/2 5 4 0 1 6 21/4 -3/2 9/8 421/64 375/64 -153/64 19/16 1761/256 387/64 -733/256 619/512 14349/2048 24429/4096 -783/256 4935/4096 14405/2048 187267/32768 -50435/16384 19429/16384 1837923/262144 703783/131072 -785033/262144 303941/262144 3655221/524288 1303911/262144 -5993073/2097152 2370867/2097152 116374441/16777216 76481235/16777216 -22658057/8388608 288931/262144 115189179/16777216 62543097/16777216 -20029587/8388608 1096305/1048576 114273393/16777216 47264363/16777216 -16739233/8388608 519685/524288 116416531/16777216 34663361/16777216 -15040027/8388608 1010995/1048576 121088889/16777216 24338115/16777216 -14972025/8388608 125877/131072 126948651/16777216 15341769/16777216 -15889763/8388608 1016213/1048576 132893377/16777216 6991323/16777216 -17110161/8388608 514547/524288 138345219/16777216 -1094127/16777216 -18116715/8388608 1040151/1048576 143174729/16777216 -9079373/16777216 -18586089/8388608 261841/262144 36397371/4194304 -3267999/4194304 -2352597/1048576 2101941/2097152 4902667/524288 -1028433/524288 -1207671/524288 532099/524288 80023/8192 -205611/65536 -120757/65536 65443/65536 20517/2048 -279/64 -1797/4096 243/256 11411/1024 -1351/256 701/512 1007/1024 1747/128 -6 359/128 149/128 219/16 -81/16 39/8 9/8 13/2 -1 1/2 1/2 14 3 -3 1 45/2 -9/2 6 3/2 8 3 0 1/2 17 4 -4 1 27 6 9/2 3/2 19/2 3 -1/2 1/2 20 -3 -5 1 63/2 9/2 3 3/2 11 -1 -1 1/2 23 -5 5 1 36 -9 3/2 3/2 25/2 -5/2 -3/2 1/2 26 -2 4 1 81/2 9/2 0 3/2 14 -3/2 -2 1/2 29 6 3 1 45 6 -3/2 3/2 -2 8 -1 8 -3/4 8 -1/4 8 0 1 1 8 2 1 3 8 4 8
unclamped_nonuniform_d8_roundtrip S 8 33 7 2 -2 -6 -5 0.5 -1 -5 2 1 0 -2 -2 1.5 1 3 5 0.5 2 -3 1 1 3 6 -3 1.5 4 4 4 0.5 5 4 0 1 6 6 -4 1.5 7 -3 3 0.5 8 3 -1 1 9 -2 -5 1.5 10 -5 2 0.5 11 -6 -2 1 12 -5 5 1.5 13 -2 1 0.5 14 3 -3 1 15 -3 4 1.5 16 6 0 0.5 17 4 -4 1 18 4 3 1.5 19 6 -1 0.5 20 -3 -5 1 21 3 2 1.5 22 -2 -2 0.5 23 -5 5 1 24 -6 1 1.5 25 -5 -3 0.5 26 -2 4 1 27 3 0 1.5 28 -3 -4 0.5 29 6 3 1 30 4 -1 1.5 -2 8 -1 8 0 1 1 8 2 1 3 8 4 8 I -0.75 1 R -0.75 0 | unclamped_nonuniform_d8_roundtrip R 2 1 1 8 0 33 7 -1 3 -1 -3 -5/2 1/2 -1 -5 2 1 0 -3 -3 3/2 1/2 3/2 5/2 1/2 2 -3 1 1 9/2 9 -9/2 3/2 2 2 2 1/2 5 4 0 1 9 9 -6 3/2 7/2 -3/2 3/2 1/2 8 3 -1 1 27/2 -3 -15/2 3/2 5 -5/2 1 1/2 11 -6 -2 1 18 -15/2 15/2 3/2 13/2 -1 1/2 1/2 14 3 -3 1 45/2 -9/2 6 3/2 8 3 0 1/2 17 4 -4 1 27 6 9/2 3/2 19/2 3 -1/2 1/2 20 -3 -5 1 63/2 9/2 3 3/2 11 -1 -1 1/2 23 -5 5 1 36 -9 3/2 3/2 25/2 -5/2 -3/2 1/2 26 -2 4 1 81/2 9/2 0 3/2 14 -3/2 -2 1/2 29 6 3 1 45 6 -3/2 3/2 -2 8 -1 8 0 1 1 8 2 1 3 8 4 8
unclamped_nonuniform_d8_full_roundtrip S 8 33 7 2 -2 -6 -5 0.5 -1 -5 2 1 0 -2 -2 1.5 1 3 5 0.5 2 -3 1 1 3 6 -3 1.5 4 4 4 0.5 5 4 0 1 6 6 -4 1.5 7 -3 3 0.5 8 3 -1 1 9 -2 -5 1.5 10 -5 2 0.5 11 -6 -2 1 12 -5 5 1.5 13 -2 1 0.5 14 3 -3 1 15 -3 4 1.5 16 6 0 0.5 17 4 -4 1 18 4 3 1.5 19 6 -1 0.5 20 -3 -5 1 21 3 2 1.5 22 -2 -2 0.5 23 -5 5 1 24 -6 1 1.5 25 -5 -3 0.5 26 -2 4 1 27 3 0 1.5 28 -3 -4 0.5 29 6 3 1 30 4 -1 1.5 -2 8 -1 8 0 1 1 8 2 1 3 8 4 8 I -0.75 8 R -0.75 0 | unclamped_nonuniform_d8_full_roundtrip R 2 1 1 8 0 33 7 -1 3 -1 -3 -5/2 1/2 -1 -5 2 1 0 -3 -3 3/2 1/2 3/2 5/2 1/2 2 -3 1 1 9/2 9 -9/2 3/2 2 2 2 1/2 5 4 0 1 9 9 -6 3/2 7/2 -3/2 3/2 1/2 8 3 -1 1 27/2 -3 -15/2 3/2 5 -5/2 1 1/2 11 -6 -2 1 18 -15/2 15/2 3/2 13/2 -1 1/2 1/2 14 3 -3 1 45/2 -9/2 6 3/2 8 3 0 1/2 17 4 -4 1 27 6 9/2 3/2 19/2 3 -1/2 1/2 20 -3 -5 1 63/2 9/2 3 3/2 11 -1 -1 1/2 23 -5 5 1 36 -9 3/2 3/2 25/2 -5/2 -3/2 1/2 26 -2 4 1 81/2 9/2 0 3/2 14 -3/2 -2 1/2 29 6 3 1 45 6 -3/2 3/2 -2 8 -1 8 0 1 1 8 2 1 3 8 4 8
unclamped_nonuniform_d8_remove_existing S 8 33 7 1 -2 -6 -5 0.5 -1 -5 2 1 0 -2 -2 1.5 1 3 5 0.5 2 -3 1 1 3 6 -3 1.5 4 4 4 0.5 5 4 0 1 6 6 -4 1.5 7 -3 3 0.5 8 3 -1 1 9 -2 -5 1.5 10 -5 2 0.5 11 -6 -2 1 12 -5 5 1.5 13 -2 1 0.5 14 3 -3 1 15 -3 4 1.5 16 6 0 0.5 17 4 -4 1 18 4 3 1.5 19 6 -1 0.5 20 -3 -5 1 21 3 2 1.5 22 -2 -2 0.5 23 -5 5 1 24 -6 1 1.5 25 -5 -3 0.5 26 -2 4 1 27 3 0 1.5 28 -3 -4 0.5 29 6 3 1 30 4 -1 1.5 -2 8 -1 8 0 1 1 8 2 1 3 8 4 8 R 0 0 | unclamped_nonuniform_d8_remove_existing R 1 0 8 0 33 7 -1 3 -1 -3 -5/2 1/2 -1 -5 2 1 0 -3 -3 3/2 1/2 3/2 5/2 1/2 2 -3 1 1 9/2 9 -9/2 3/2 2 2 2 1/2 5 4 0 1 9 9 -6 3/2 7/2 -3/2 3/2 1/2 8 3 -1 1 27/2 -3 -15/2 3/2 5 -5/2 1 1/2 11 -6 -2 1 18 -15/2 15/2 3/2 13/2 -1 1/2 1/2 14 3 -3 1 45/2 -9/2 6 3/2 8 3 0 1/2 17 4 -4 1 27 6 9/2 3/2 19/2 3 -1/2 1/2 20 -3 -5 1 63/2 9/2 3 3/2 11 -1 -1 1/2 23 -5 5 1 36 -9 3/2 3/2 25/2 -5/2 -3/2 1/2 26 -2 4 1 81/2 9/2 0 3/2 14 -3/2 -2 1/2 29 6 3 1 45 6 -3/2 3/2 -2 8 -1 8 0 1 1 8 2 1 3 8 4 8
unclamped_nonuniform_d8_domain_ends S 8 33 7 2 -2 -6 -5 0.5 -1 -5 2 1 0 -2 -2 1.5 1 3 5 0.5 2 -3 1 1 3 6 -3 1.5 4 4 4 0.5 5 4 0 1 6 6 -4 1.5 7 -3 3 0.5 8 3 -1 1 9 -2 -5 1.5 10 -5 2 0.5 11 -6 -2 1 12 -5 5 1.5 13 -2 1 0.5 14 3 -3 1 15 -3 4 1.5 16 6 0 0.5 17 4 -4 1 18 4 3 1.5 19 6 -1 0.5 20 -3 -5 1 21 3 2 1.5 22 -2 -2 0.5 23 -5 5 1 24 -6 1 1.5 25 -5 -3 0.5 26 -2 4 1 27 3 0 1.5 28 -3 -4 0.5 29 6 3 1 30 4 -1 1.5 -2 8 -1 8 0 1 1 8 2 1 3 8 4 8 I -1 8 I 3 8 | unclamped_nonuniform_d8_domain_ends R 2 1 1 8 0 33 7 -1 3 -1 -3 -5/2 1/2 -1 -5 2 1 0 -3 -3 3/2 1/2 3/2 5/2 1/2 2 -3 1 1 9/2 9 -9/2 3/2 2 2 2 1/2 5 4 0 1 9 9 -6 3/2 7/2 -3/2 3/2 1/2 8 3 -1 1 27/2 -3 -15/2 3/2 5 -5/2 1 1/2 11 -6 -2 1 18 -15/2 15/2 3/2 13/2 -1 1/2 1/2 14 3 -3 1 45/2 -9/2 6 3/2 8 3 0 1/2 17 4 -4 1 27 6 9/2 3/2 19/2 3 -1/2 1/2 20 -3 -5 1 63/2 9/2 3 3/2 11 -1 -1 1/2 23 -5 5 1 36 -9 3/2 3/2 25/2 -5/2 -3/2 1/2 26 -2 4 1 81/2 9/2 0 3/2 14 -3/2 -2 1/2 29 6 3 1 45 6 -3/2 3/2 -2 8 -1 8 0 1 1 8 2 1 3 8 4 8
constant_periodic_d8_identity P 8 11 12 0 2 -3 5 1 2 -3 5 1 2 -3 5 1 2 -3 5 1 2 -3 5 1 2 -3 5 1 2 -3 5 1 2 -3 5 1 2 -3 5 1 2 -3 5 1 2 -3 5 1 0 1 1 1 2 1 3 1 4 1 5 1 6 1 7 1 8 1 9 1 10 1 11 1 | constant_periodic_d8_identity R 0 8 1 11 12 0 11 2 -3 5 1 2 -3 5 1 2 -3 5 1 2 -3 5 1 2 -3 5 1 2 -3 5 1 2 -3 5 1 2 -3 5 1 2 -3 5 1 2 -3 5 1 2 -3 5 1 0 1 1 1 2 1 3 1 4 1 5 1 6 1 7 1 8 1 9 1 10 1 11 1
constant_periodic_d8_insert P 8 11 12 1 2 -3 5 1 2 -3 5 1 2 -3 5 1 2 -3 5 1 2 -3 5 1 2 -3 5 1 2 -3 5 1 2 -3 5 1 2 -3 5 1 2 -3 5 1 2 -3 5 1 0 1 1 1 2 1 3 1 4 1 5 1 6 1 7 1 8 1 9 1 10 1 11 1 I 0.25 8 | constant_periodic_d8_insert R 1 1 8 1 19 13 0 11 2 -3 5 1 2 -3 5 1 2 -3 5 1 2 -3 5 1 2 -3 5 1 2 -3 5 1 2 -3 5 1 2 -3 5 1 2 -3 5 1 2 -3 5 1 2 -3 5 1 2 -3 5 1 2 -3 5 1 2 -3 5 1 2 -3 5 1 2 -3 5 1 2 -3 5 1 2 -3 5 1 2 -3 5 1 0 1 1/4 8 1 1 2 1 3 1 4 1 5 1 6 1 7 1 8 1 9 1 10 1 11 1
constant_periodic_d8_sequence P 8 11 12 4 2 -3 5 1 2 -3 5 1 2 -3 5 1 2 -3 5 1 2 -3 5 1 2 -3 5 1 2 -3 5 1 2 -3 5 1 2 -3 5 1 2 -3 5 1 2 -3 5 1 0 1 1 1 2 1 3 1 4 1 5 1 6 1 7 1 8 1 9 1 10 1 11 1 I 0.75 1 I 0.25 8 I 0.75 8 I 0.25 1 | constant_periodic_d8_sequence R 4 1 1 1 1 8 1 27 14 0 11 2 -3 5 1 2 -3 5 1 2 -3 5 1 2 -3 5 1 2 -3 5 1 2 -3 5 1 2 -3 5 1 2 -3 5 1 2 -3 5 1 2 -3 5 1 2 -3 5 1 2 -3 5 1 2 -3 5 1 2 -3 5 1 2 -3 5 1 2 -3 5 1 2 -3 5 1 2 -3 5 1 2 -3 5 1 2 -3 5 1 2 -3 5 1 2 -3 5 1 2 -3 5 1 2 -3 5 1 2 -3 5 1 2 -3 5 1 2 -3 5 1 0 1 1/4 8 3/4 8 1 1 2 1 3 1 4 1 5 1 6 1 7 1 8 1 9 1 10 1 11 1
constant_periodic_d8_roundtrip P 8 11 12 2 2 -3 5 1 2 -3 5 1 2 -3 5 1 2 -3 5 1 2 -3 5 1 2 -3 5 1 2 -3 5 1 2 -3 5 1 2 -3 5 1 2 -3 5 1 2 -3 5 1 0 1 1 1 2 1 3 1 4 1 5 1 6 1 7 1 8 1 9 1 10 1 11 1 I 0.25 1 R 0.25 0 | constant_periodic_d8_roundtrip R 2 1 1 8 1 11 12 0 11 2 -3 5 1 2 -3 5 1 2 -3 5 1 2 -3 5 1 2 -3 5 1 2 -3 5 1 2 -3 5 1 2 -3 5 1 2 -3 5 1 2 -3 5 1 2 -3 5 1 0 1 1 1 2 1 3 1 4 1 5 1 6 1 7 1 8 1 9 1 10 1 11 1
constant_periodic_d8_full_roundtrip P 8 11 12 2 2 -3 5 1 2 -3 5 1 2 -3 5 1 2 -3 5 1 2 -3 5 1 2 -3 5 1 2 -3 5 1 2 -3 5 1 2 -3 5 1 2 -3 5 1 2 -3 5 1 0 1 1 1 2 1 3 1 4 1 5 1 6 1 7 1 8 1 9 1 10 1 11 1 I 0.25 8 R 0.25 0 | constant_periodic_d8_full_roundtrip R 2 1 1 8 1 11 12 0 11 2 -3 5 1 2 -3 5 1 2 -3 5 1 2 -3 5 1 2 -3 5 1 2 -3 5 1 2 -3 5 1 2 -3 5 1 2 -3 5 1 2 -3 5 1 2 -3 5 1 0 1 1 1 2 1 3 1 4 1 5 1 6 1 7 1 8 1 9 1 10 1 11 1
constant_periodic_d8_remove_existing P 8 11 12 1 2 -3 5 1 2 -3 5 1 2 -3 5 1 2 -3 5 1 2 -3 5 1 2 -3 5 1 2 -3 5 1 2 -3 5 1 2 -3 5 1 2 -3 5 1 2 -3 5 1 0 1 1 1 2 1 3 1 4 1 5 1 6 1 7 1 8 1 9 1 10 1 11 1 R 1 0 | constant_periodic_d8_remove_existing R 1 1 8 1 10 11 0 11 2 -3 5 1 2 -3 5 1 2 -3 5 1 2 -3 5 1 2 -3 5 1 2 -3 5 1 2 -3 5 1 2 -3 5 1 2 -3 5 1 2 -3 5 1 0 1 2 1 3 1 4 1 5 1 6 1 7 1 8 1 9 1 10 1 11 1
constant_periodic_d8_seam P 8 11 12 2 2 -3 5 1 2 -3 5 1 2 -3 5 1 2 -3 5 1 2 -3 5 1 2 -3 5 1 2 -3 5 1 2 -3 5 1 2 -3 5 1 2 -3 5 1 2 -3 5 1 0 1 1 1 2 1 3 1 4 1 5 1 6 1 7 1 8 1 9 1 10 1 11 1 I 0 8 I 11 8 | constant_periodic_d8_seam R 2 1 1 8 1 18 12 0 11 2 -3 5 1 2 -3 5 1 2 -3 5 1 2 -3 5 1 2 -3 5 1 2 -3 5 1 2 -3 5 1 2 -3 5 1 2 -3 5 1 2 -3 5 1 2 -3 5 1 2 -3 5 1 2 -3 5 1 2 -3 5 1 2 -3 5 1 2 -3 5 1 2 -3 5 1 2 -3 5 1 0 8 1 1 2 1 3 1 4 1 5 1 6 1 7 1 8 1 9 1 10 1 11 8
constant_periodic_d8_seam_roundtrip P 8 11 12 2 2 -3 5 1 2 -3 5 1 2 -3 5 1 2 -3 5 1 2 -3 5 1 2 -3 5 1 2 -3 5 1 2 -3 5 1 2 -3 5 1 2 -3 5 1 2 -3 5 1 0 1 1 1 2 1 3 1 4 1 5 1 6 1 7 1 8 1 9 1 10 1 11 1 I 11 8 R 0 1 | constant_periodic_d8_seam_roundtrip R 2 1 1 8 1 11 12 0 11 2 -3 5 1 2 -3 5 1 2 -3 5 1 2 -3 5 1 2 -3 5 1 2 -3 5 1 2 -3 5 1 2 -3 5 1 2 -3 5 1 2 -3 5 1 2 -3 5 1 0 1 1 1 2 1 3 1 4 1 5 1 6 1 7 1 8 1 9 1 10 1 11 1
constant_periodic_d8_remove_origin P 8 11 12 1 2 -3 5 1 2 -3 5 1 2 -3 5 1 2 -3 5 1 2 -3 5 1 2 -3 5 1 2 -3 5 1 2 -3 5 1 2 -3 5 1 2 -3 5 1 2 -3 5 1 0 1 1 1 2 1 3 1 4 1 5 1 6 1 7 1 8 1 9 1 10 1 11 1 R 0 0 | constant_periodic_d8_remove_origin R 1 1 8 1 10 11 1 12 2 -3 5 1 2 -3 5 1 2 -3 5 1 2 -3 5 1 2 -3 5 1 2 -3 5 1 2 -3 5 1 2 -3 5 1 2 -3 5 1 2 -3 5 1 1 1 2 1 3 1 4 1 5 1 6 1 7 1 8 1 9 1 10 1 12 1
constant_periodic_d8_remove_end_alias P 8 11 12 1 2 -3 5 1 2 -3 5 1 2 -3 5 1 2 -3 5 1 2 -3 5 1 2 -3 5 1 2 -3 5 1 2 -3 5 1 2 -3 5 1 2 -3 5 1 2 -3 5 1 0 1 1 1 2 1 3 1 4 1 5 1 6 1 7 1 8 1 9 1 10 1 11 1 R 11 0 | constant_periodic_d8_remove_end_alias R 1 1 8 1 10 11 1 12 2 -3 5 1 2 -3 5 1 2 -3 5 1 2 -3 5 1 2 -3 5 1 2 -3 5 1 2 -3 5 1 2 -3 5 1 2 -3 5 1 2 -3 5 1 1 1 2 1 3 1 4 1 5 1 6 1 7 1 8 1 9 1 10 1 12 1
unclamped_nonuniform_d9_identity S 9 37 7 0 -2 -6 -5 0.5 -1 -5 2 1 0 -2 -2 1.5 1 3 5 0.5 2 -3 1 1 3 6 -3 1.5 4 4 4 0.5 5 4 0 1 6 6 -4 1.5 7 -3 3 0.5 8 3 -1 1 9 -2 -5 1.5 10 -5 2 0.5 11 -6 -2 1 12 -5 5 1.5 13 -2 1 0.5 14 3 -3 1 15 -3 4 1.5 16 6 0 0.5 17 4 -4 1 18 4 3 1.5 19 6 -1 0.5 20 -3 -5 1 21 3 2 1.5 22 -2 -2 0.5 23 -5 5 1 24 -6 1 1.5 25 -5 -3 0.5 26 -2 4 1 27 3 0 1.5 28 -3 -4 0.5 29 6 3 1 30 4 -1 1.5 31 4 -5 0.5 32 6 2 1 33 -3 -2 1.5 34 3 5 0.5 -2 9 -1 9 0 1 1 9 2 1 3 9 4 9 | unclamped_nonuniform_d9_identity R 0 9 0 37 7 -1 3 -1 -3 -5/2 1/2 -1 -5 2 1 0 -3 -3 3/2 1/2 3/2 5/2 1/2 2 -3 1 1 9/2 9 -9/2 3/2 2 2 2 1/2 5 4 0 1 9 9 -6 3/2 7/2 -3/2 3/2 1/2 8 3 -1 1 27/2 -3 -15/2 3/2 5 -5/2 1 1/2 11 -6 -2 1 18 -15/2 15/2 3/2 13/2 -1 1/2 1/2 14 3 -3 1 45/2 -9/2 6 3/2 8 3 0 1/2 17 4 -4 1 27 6 9/2 3/2 19/2 3 -1/2 1/2 20 -3 -5 1 63/2 9/2 3 3/2 11 -1 -1 1/2 23 -5 5 1 36 -9 3/2 3/2 25/2 -5/2 -3/2 1/2 26 -2 4 1 81/2 9/2 0 3/2 14 -3/2 -2 1/2 29 6 3 1 45 6 -3/2 3/2 31/2 2 -5/2 1/2 32 6 2 1 99/2 -9/2 -3 3/2 17 3/2 5/2 1/2 -2 9 -1 9 0 1 1 9 2 1 3 9 4 9
unclamped_nonuniform_d9_insert S 9 37 7 1 -2 -6 -5 0.5 -1 -5 2 1 0 -2 -2 1.5 1 3 5 0.5 2 -3 1 1 3 6 -3 1.5 4 4 4 0.5 5 4 0 1 6 6 -4 1.5 7 -3 3 0.5 8 3 -1 1 9 -2 -5 1.5 10 -5 2 0.5 11 -6 -2 1 12 -5 5 1.5 13 -2 1 0.5 14 3 -3 1 15 -3 4 1.5 16 6 0 0.5 17 4 -4 1 18 4 3 1.5 19 6 -1 0.5 20 -3 -5 1 21 3 2 1.5 22 -2 -2 0.5 23 -5 5 1 24 -6 1 1.5 25 -5 -3 0.5 26 -2 4 1 27 3 0 1.5 28 -3 -4 0.5 29 6 3 1 30 4 -1 1.5 31 4 -5 0.5 32 6 2 1 33 -3 -2 1.5 34 3 5 0.5 -2 9 -1 9 0 1 1 9 2 1 3 9 4 9 I -0.75 9 | unclamped_nonuniform_d9_insert R 1 1 9 0 46 8 -1 3 -1 -3 -5/2 1/2 -1 -5 2 1 0 -3 -3 3/2 1/2 3/2 5/2 1/2 2 -3 1 1 9/2 9 -9/2 3/2 2 2 2 1/2 5 4 0 1 9 9 -6 3/2 61/8 51/8 -33/8 5/4 431/64 291/64 -179/64 69/64 795/128 1677/512 -485/256 247/256 12205/2048 1223/512 -2699/2048 3665/4096 193459/32768 57817/32768 -32287/32768 28047/32768 1568799/262144 172523/131072 -108953/131072 13747/16384 12908509/2097152 2062539/2097152 -1684987/2097152 1755547/2097152 107064281/16777216 12148419/16777216 -28213/32768 14173935/16777216 445457919/67108864 34173903/67108864 -130465929/134217728 57602029/67108864 31066269/4194304 -1135677/8388608 -43795593/33554432 471257/524288 41237563/4194304 -2955003/4194304 -13449655/4194304 4675877/4194304 5235009/524288 -1746411/524288 -400929/131072 547221/524288 563055/65536 -70081/16384 4667/8192 25835/32768 106865/8192 -49821/8192 5557/4096 9271/8192 3723/256 -2661/512 2589/512 1221/1024 537/64 -23/128 -23/128 5/8 241/16 33/16 -15/8 17/16 45/2 -9/2 6 3/2 8 3 0 1/2 17 4 -4 1 27 6 9/2 3/2 19/2 3 -1/2 1/2 20 -3 -5 1 63/2 9/2 3 3/2 11 -1 -1 1/2 23 -5 5 1 36 -9 3/2 3/2 25/2 -5/2 -3/2 1/2 26 -2 4 1 81/2 9/2 0 3/2 14 -3/2 -2 1/2 29 6 3 1 45 6 -3/2 3/2 31/2 2 -5/2 1/2 32 6 2 1 99/2 -9/2 -3 3/2 17 3/2 5/2 1/2 -2 9 -1 9 -3/4 9 0 1 1 9 2 1 3 9 4 9
unclamped_nonuniform_d9_sequence S 9 37 7 4 -2 -6 -5 0.5 -1 -5 2 1 0 -2 -2 1.5 1 3 5 0.5 2 -3 1 1 3 6 -3 1.5 4 4 4 0.5 5 4 0 1 6 6 -4 1.5 7 -3 3 0.5 8 3 -1 1 9 -2 -5 1.5 10 -5 2 0.5 11 -6 -2 1 12 -5 5 1.5 13 -2 1 0.5 14 3 -3 1 15 -3 4 1.5 16 6 0 0.5 17 4 -4 1 18 4 3 1.5 19 6 -1 0.5 20 -3 -5 1 21 3 2 1.5 22 -2 -2 0.5 23 -5 5 1 24 -6 1 1.5 25 -5 -3 0.5 26 -2 4 1 27 3 0 1.5 28 -3 -4 0.5 29 6 3 1 30 4 -1 1.5 31 4 -5 0.5 32 6 2 1 33 -3 -2 1.5 34 3 5 0.5 -2 9 -1 9 0 1 1 9 2 1 3 9 4 9 I -0.25 1 I -0.75 9 I -0.25 9 I -0.75 1 | unclamped_nonuniform_d9_sequence R 4 1 1 1 1 9 0 55 9 -1 3 -1 -3 -5/2 1/2 -1 -5 2 1 0 -3 -3 3/2 1/2 3/2 5/2 1/2 2 -3 1 1 9/2 9 -9/2 3/2 2 2 2 1/2 5 4 0 1 9 9 -6 3/2 61/8 51/8 -33/8 5/4 431/64 291/64 -179/64 69/64 795/128 1677/512 -485/256 247/256 12205/2048 1223/512 -2699/2048 3665/4096 193459/32768 57817/32768 -32287/32768 28047/32768 1568799/262144 172523/131072 -108953/131072 13747/16384 12908509/2097152 2062539/2097152 -1684987/2097152 1755547/2097152 107064281/16777216 12148419/16777216 -28213/32768 14173935/16777216 445457919/67108864 34173903/67108864 -130465929/134217728 57602029/67108864 479859509/67108864 5334357/67108864 -160276891/134217728 59414607/67108864 522324935/67108864 -11553993/67108864 -218824657/134217728 62779397/67108864 559181133/67108864 -31972403/67108864 -271982963/134217728 65613271/67108864 586627151/67108864 -57181345/67108864 -305388889/134217728 67329117/67108864 606140837/67108864 -85571963/67108864 -315890699/134217728 68041247/67108864 621000087/67108864 -115397049/67108864 -305318689/134217728 68100853/67108864 634226237/67108864 -145128579/67108864 -277440355/134217728 67852071/67108864 647757215/67108864 -173367825/67108864 -236702505/134217728 67535309/67108864 662417685/67108864 -198811467/67108864 -187664763/134217728 67276527/67108864 41859245/4194304 -26441661/8388608 -40786473/33554432 524587/524288 44238185/4194304 -16977993/4194304 -943021/4194304 4160791/4194304 5902425/524288 -2423571/524288 137127/131072 521517/524288 797885/65536 -75103/16384 16877/8192 33577/32768 104065/8192 -30189/8192 9541/4096 8423/8192 3105/256 -879/512 807/512 951/1024 785/64 49/128 -47/128 7/8 275/16 3/16 3/8 19/16 45/2 -9/2 6 3/2 8 3 0 1/2 17 4 -4 1 27 6 9/2 3/2 19/2 3 -1/2 1/2 20 -3 -5 1 63/2 9/2 3 3/2 11 -1 -1 1/2 23 -5 5 1 36 -9 3/2 3/2 25/2 -5/2 -3/2 1/2 26 -2 4 1 81/2 9/2 0 3/2 14 -3/2 -2 1/2 29 6 3 1 45 6 -3/2 3/2 31/2 2 -5/2 1/2 32 6 2 1 99/2 -9/2 -3 3/2 17 3/2 5/2 1/2 -2 9 -1 9 -3/4 9 -1/4 9 0 1 1 9 2 1 3 9 4 9
unclamped_nonuniform_d9_roundtrip S 9 37 7 2 -2 -6 -5 0.5 -1 -5 2 1 0 -2 -2 1.5 1 3 5 0.5 2 -3 1 1 3 6 -3 1.5 4 4 4 0.5 5 4 0 1 6 6 -4 1.5 7 -3 3 0.5 8 3 -1 1 9 -2 -5 1.5 10 -5 2 0.5 11 -6 -2 1 12 -5 5 1.5 13 -2 1 0.5 14 3 -3 1 15 -3 4 1.5 16 6 0 0.5 17 4 -4 1 18 4 3 1.5 19 6 -1 0.5 20 -3 -5 1 21 3 2 1.5 22 -2 -2 0.5 23 -5 5 1 24 -6 1 1.5 25 -5 -3 0.5 26 -2 4 1 27 3 0 1.5 28 -3 -4 0.5 29 6 3 1 30 4 -1 1.5 31 4 -5 0.5 32 6 2 1 33 -3 -2 1.5 34 3 5 0.5 -2 9 -1 9 0 1 1 9 2 1 3 9 4 9 I -0.75 1 R -0.75 0 | unclamped_nonuniform_d9_roundtrip R 2 1 1 9 0 37 7 -1 3 -1 -3 -5/2 1/2 -1 -5 2 1 0 -3 -3 3/2 1/2 3/2 5/2 1/2 2 -3 1 1 9/2 9 -9/2 3/2 2 2 2 1/2 5 4 0 1 9 9 -6 3/2 7/2 -3/2 3/2 1/2 8 3 -1 1 27/2 -3 -15/2 3/2 5 -5/2 1 1/2 11 -6 -2 1 18 -15/2 15/2 3/2 13/2 -1 1/2 1/2 14 3 -3 1 45/2 -9/2 6 3/2 8 3 0 1/2 17 4 -4 1 27 6 9/2 3/2 19/2 3 -1/2 1/2 20 -3 -5 1 63/2 9/2 3 3/2 11 -1 -1 1/2 23 -5 5 1 36 -9 3/2 3/2 25/2 -5/2 -3/2 1/2 26 -2 4 1 81/2 9/2 0 3/2 14 -3/2 -2 1/2 29 6 3 1 45 6 -3/2 3/2 31/2 2 -5/2 1/2 32 6 2 1 99/2 -9/2 -3 3/2 17 3/2 5/2 1/2 -2 9 -1 9 0 1 1 9 2 1 3 9 4 9
unclamped_nonuniform_d9_full_roundtrip S 9 37 7 2 -2 -6 -5 0.5 -1 -5 2 1 0 -2 -2 1.5 1 3 5 0.5 2 -3 1 1 3 6 -3 1.5 4 4 4 0.5 5 4 0 1 6 6 -4 1.5 7 -3 3 0.5 8 3 -1 1 9 -2 -5 1.5 10 -5 2 0.5 11 -6 -2 1 12 -5 5 1.5 13 -2 1 0.5 14 3 -3 1 15 -3 4 1.5 16 6 0 0.5 17 4 -4 1 18 4 3 1.5 19 6 -1 0.5 20 -3 -5 1 21 3 2 1.5 22 -2 -2 0.5 23 -5 5 1 24 -6 1 1.5 25 -5 -3 0.5 26 -2 4 1 27 3 0 1.5 28 -3 -4 0.5 29 6 3 1 30 4 -1 1.5 31 4 -5 0.5 32 6 2 1 33 -3 -2 1.5 34 3 5 0.5 -2 9 -1 9 0 1 1 9 2 1 3 9 4 9 I -0.75 9 R -0.75 0 | unclamped_nonuniform_d9_full_roundtrip R 2 1 1 9 0 37 7 -1 3 -1 -3 -5/2 1/2 -1 -5 2 1 0 -3 -3 3/2 1/2 3/2 5/2 1/2 2 -3 1 1 9/2 9 -9/2 3/2 2 2 2 1/2 5 4 0 1 9 9 -6 3/2 7/2 -3/2 3/2 1/2 8 3 -1 1 27/2 -3 -15/2 3/2 5 -5/2 1 1/2 11 -6 -2 1 18 -15/2 15/2 3/2 13/2 -1 1/2 1/2 14 3 -3 1 45/2 -9/2 6 3/2 8 3 0 1/2 17 4 -4 1 27 6 9/2 3/2 19/2 3 -1/2 1/2 20 -3 -5 1 63/2 9/2 3 3/2 11 -1 -1 1/2 23 -5 5 1 36 -9 3/2 3/2 25/2 -5/2 -3/2 1/2 26 -2 4 1 81/2 9/2 0 3/2 14 -3/2 -2 1/2 29 6 3 1 45 6 -3/2 3/2 31/2 2 -5/2 1/2 32 6 2 1 99/2 -9/2 -3 3/2 17 3/2 5/2 1/2 -2 9 -1 9 0 1 1 9 2 1 3 9 4 9
unclamped_nonuniform_d9_remove_existing S 9 37 7 1 -2 -6 -5 0.5 -1 -5 2 1 0 -2 -2 1.5 1 3 5 0.5 2 -3 1 1 3 6 -3 1.5 4 4 4 0.5 5 4 0 1 6 6 -4 1.5 7 -3 3 0.5 8 3 -1 1 9 -2 -5 1.5 10 -5 2 0.5 11 -6 -2 1 12 -5 5 1.5 13 -2 1 0.5 14 3 -3 1 15 -3 4 1.5 16 6 0 0.5 17 4 -4 1 18 4 3 1.5 19 6 -1 0.5 20 -3 -5 1 21 3 2 1.5 22 -2 -2 0.5 23 -5 5 1 24 -6 1 1.5 25 -5 -3 0.5 26 -2 4 1 27 3 0 1.5 28 -3 -4 0.5 29 6 3 1 30 4 -1 1.5 31 4 -5 0.5 32 6 2 1 33 -3 -2 1.5 34 3 5 0.5 -2 9 -1 9 0 1 1 9 2 1 3 9 4 9 R 0 0 | unclamped_nonuniform_d9_remove_existing R 1 0 9 0 37 7 -1 3 -1 -3 -5/2 1/2 -1 -5 2 1 0 -3 -3 3/2 1/2 3/2 5/2 1/2 2 -3 1 1 9/2 9 -9/2 3/2 2 2 2 1/2 5 4 0 1 9 9 -6 3/2 7/2 -3/2 3/2 1/2 8 3 -1 1 27/2 -3 -15/2 3/2 5 -5/2 1 1/2 11 -6 -2 1 18 -15/2 15/2 3/2 13/2 -1 1/2 1/2 14 3 -3 1 45/2 -9/2 6 3/2 8 3 0 1/2 17 4 -4 1 27 6 9/2 3/2 19/2 3 -1/2 1/2 20 -3 -5 1 63/2 9/2 3 3/2 11 -1 -1 1/2 23 -5 5 1 36 -9 3/2 3/2 25/2 -5/2 -3/2 1/2 26 -2 4 1 81/2 9/2 0 3/2 14 -3/2 -2 1/2 29 6 3 1 45 6 -3/2 3/2 31/2 2 -5/2 1/2 32 6 2 1 99/2 -9/2 -3 3/2 17 3/2 5/2 1/2 -2 9 -1 9 0 1 1 9 2 1 3 9 4 9
unclamped_nonuniform_d9_domain_ends S 9 37 7 2 -2 -6 -5 0.5 -1 -5 2 1 0 -2 -2 1.5 1 3 5 0.5 2 -3 1 1 3 6 -3 1.5 4 4 4 0.5 5 4 0 1 6 6 -4 1.5 7 -3 3 0.5 8 3 -1 1 9 -2 -5 1.5 10 -5 2 0.5 11 -6 -2 1 12 -5 5 1.5 13 -2 1 0.5 14 3 -3 1 15 -3 4 1.5 16 6 0 0.5 17 4 -4 1 18 4 3 1.5 19 6 -1 0.5 20 -3 -5 1 21 3 2 1.5 22 -2 -2 0.5 23 -5 5 1 24 -6 1 1.5 25 -5 -3 0.5 26 -2 4 1 27 3 0 1.5 28 -3 -4 0.5 29 6 3 1 30 4 -1 1.5 31 4 -5 0.5 32 6 2 1 33 -3 -2 1.5 34 3 5 0.5 -2 9 -1 9 0 1 1 9 2 1 3 9 4 9 I -1 9 I 3 9 | unclamped_nonuniform_d9_domain_ends R 2 1 1 9 0 37 7 -1 3 -1 -3 -5/2 1/2 -1 -5 2 1 0 -3 -3 3/2 1/2 3/2 5/2 1/2 2 -3 1 1 9/2 9 -9/2 3/2 2 2 2 1/2 5 4 0 1 9 9 -6 3/2 7/2 -3/2 3/2 1/2 8 3 -1 1 27/2 -3 -15/2 3/2 5 -5/2 1 1/2 11 -6 -2 1 18 -15/2 15/2 3/2 13/2 -1 1/2 1/2 14 3 -3 1 45/2 -9/2 6 3/2 8 3 0 1/2 17 4 -4 1 27 6 9/2 3/2 19/2 3 -1/2 1/2 20 -3 -5 1 63/2 9/2 3 3/2 11 -1 -1 1/2 23 -5 5 1 36 -9 3/2 3/2 25/2 -5/2 -3/2 1/2 26 -2 4 1 81/2 9/2 0 3/2 14 -3/2 -2 1/2 29 6 3 1 45 6 -3/2 3/2 31/2 2 -5/2 1/2 32 6 2 1 99/2 -9/2 -3 3/2 17 3/2 5/2 1/2 -2 9 -1 9 0 1 1 9 2 1 3 9 4 9
constant_periodic_d9_identity P 9 12 13 0 2 -3 5 1 2 -3 5 1 2 -3 5 1 2 -3 5 1 2 -3 5 1 2 -3 5 1 2 -3 5 1 2 -3 5 1 2 -3 5 1 2 -3 5 1 2 -3 5 1 2 -3 5 1 0 1 1 1 2 1 3 1 4 1 5 1 6 1 7 1 8 1 9 1 10 1 11 1 12 1 | constant_periodic_d9_identity R 0 9 1 12 13 0 12 2 -3 5 1 2 -3 5 1 2 -3 5 1 2 -3 5 1 2 -3 5 1 2 -3 5 1 2 -3 5 1 2 -3 5 1 2 -3 5 1 2 -3 5 1 2 -3 5 1 2 -3 5 1 0 1 1 1 2 1 3 1 4 1 5 1 6 1 7 1 8 1 9 1 10 1 11 1 12 1
constant_periodic_d9_insert P 9 12 13 1 2 -3 5 1 2 -3 5 1 2 -3 5 1 2 -3 5 1 2 -3 5 1 2 -3 5 1 2 -3 5 1 2 -3 5 1 2 -3 5 1 2 -3 5 1 2 -3 5 1 2 -3 5 1 0 1 1 1 2 1 3 1 4 1 5 1 6 1 7 1 8 1 9 1 10 1 11 1 12 1 I 0.25 9 | constant_periodic_d9_insert R 1 1 9 1 21 14 0 12 2 -3 5 1 2 -3 5 1 2 -3 5 1 2 -3 5 1 2 -3 5 1 2 -3 5 1 2 -3 5 1 2 -3 5 1 2 -3 5 1 2 -3 5 1 2 -3 5 1 2 -3 5 1 2 -3 5 1 2 -3 5 1 2 -3 5 1 2 -3 5 1 2 -3 5 1 2 -3 5 1 2 -3 5 1 2 -3 5 1 2 -3 5 1 0 1 1/4 9 1 1 2 1 3 1 4 1 5 1 6 1 7 1 8 1 9 1 10 1 11 1 12 1
constant_periodic_d9_sequence P 9 12 13 4 2 -3 5 1 2 -3 5 1 2 -3 5 1 2 -3 5 1 2 -3 5 1 2 -3 5 1 2 -3 5 1 2 -3 5 1 2 -3 5 1 2 -3 5 1 2 -3 5 1 2 -3 5 1 0 1 1 1 2 1 3 1 4 1 5 1 6 1 7 1 8 1 9 1 10 1 11 1 12 1 I 0.75 1 I 0.25 9 I 0.75 9 I 0.25 1 | constant_periodic_d9_sequence R 4 1 1 1 1 9 1 30 15 0 12 2 -3 5 1 2 -3 5 1 2 -3 5 1 2 -3 5 1 2 -3 5 1 2 -3 5 1 2 -3 5 1 2 -3 5 1 2 -3 5 1 2 -3 5 1 2 -3 5 1 2 -3 5 1 2 -3 5 1 2 -3 5 1 2 -3 5 1 2 -3 5 1 2 -3 5 1 2 -3 5 1 2 -3 5 1 2 -3 5 1 2 -3 5 1 2 -3 5 1 2 -3 5 1 2 -3 5 1 2 -3 5 1 2 -3 5 1 2 -3 5 1 2 -3 5 1 2 -3 5 1 2 -3 5 1 0 1 1/4 9 3/4 9 1 1 2 1 3 1 4 1 5 1 6 1 7 1 8 1 9 1 10 1 11 1 12 1
constant_periodic_d9_roundtrip P 9 12 13 2 2 -3 5 1 2 -3 5 1 2 -3 5 1 2 -3 5 1 2 -3 5 1 2 -3 5 1 2 -3 5 1 2 -3 5 1 2 -3 5 1 2 -3 5 1 2 -3 5 1 2 -3 5 1 0 1 1 1 2 1 3 1 4 1 5 1 6 1 7 1 8 1 9 1 10 1 11 1 12 1 I 0.25 1 R 0.25 0 | constant_periodic_d9_roundtrip R 2 1 1 9 1 12 13 0 12 2 -3 5 1 2 -3 5 1 2 -3 5 1 2 -3 5 1 2 -3 5 1 2 -3 5 1 2 -3 5 1 2 -3 5 1 2 -3 5 1 2 -3 5 1 2 -3 5 1 2 -3 5 1 0 1 1 1 2 1 3 1 4 1 5 1 6 1 7 1 8 1 9 1 10 1 11 1 12 1
constant_periodic_d9_full_roundtrip P 9 12 13 2 2 -3 5 1 2 -3 5 1 2 -3 5 1 2 -3 5 1 2 -3 5 1 2 -3 5 1 2 -3 5 1 2 -3 5 1 2 -3 5 1 2 -3 5 1 2 -3 5 1 2 -3 5 1 0 1 1 1 2 1 3 1 4 1 5 1 6 1 7 1 8 1 9 1 10 1 11 1 12 1 I 0.25 9 R 0.25 0 | constant_periodic_d9_full_roundtrip R 2 1 1 9 1 12 13 0 12 2 -3 5 1 2 -3 5 1 2 -3 5 1 2 -3 5 1 2 -3 5 1 2 -3 5 1 2 -3 5 1 2 -3 5 1 2 -3 5 1 2 -3 5 1 2 -3 5 1 2 -3 5 1 0 1 1 1 2 1 3 1 4 1 5 1 6 1 7 1 8 1 9 1 10 1 11 1 12 1
constant_periodic_d9_remove_existing P 9 12 13 1 2 -3 5 1 2 -3 5 1 2 -3 5 1 2 -3 5 1 2 -3 5 1 2 -3 5 1 2 -3 5 1 2 -3 5 1 2 -3 5 1 2 -3 5 1 2 -3 5 1 2 -3 5 1 0 1 1 1 2 1 3 1 4 1 5 1 6 1 7 1 8 1 9 1 10 1 11 1 12 1 R 1 0 | constant_periodic_d9_remove_existing R 1 1 9 1 11 12 0 12 2 -3 5 1 2 -3 5 1 2 -3 5 1 2 -3 5 1 2 -3 5 1 2 -3 5 1 2 -3 5 1 2 -3 5 1 2 -3 5 1 2 -3 5 1 2 -3 5 1 0 1 2 1 3 1 4 1 5 1 6 1 7 1 8 1 9 1 10 1 11 1 12 1
constant_periodic_d9_seam P 9 12 13 2 2 -3 5 1 2 -3 5 1 2 -3 5 1 2 -3 5 1 2 -3 5 1 2 -3 5 1 2 -3 5 1 2 -3 5 1 2 -3 5 1 2 -3 5 1 2 -3 5 1 2 -3 5 1 0 1 1 1 2 1 3 1 4 1 5 1 6 1 7 1 8 1 9 1 10 1 11 1 12 1 I 0 9 I 12 9 | constant_periodic_d9_seam R 2 1 1 9 1 20 13 0 12 2 -3 5 1 2 -3 5 1 2 -3 5 1 2 -3 5 1 2 -3 5 1 2 -3 5 1 2 -3 5 1 2 -3 5 1 2 -3 5 1 2 -3 5 1 2 -3 5 1 2 -3 5 1 2 -3 5 1 2 -3 5 1 2 -3 5 1 2 -3 5 1 2 -3 5 1 2 -3 5 1 2 -3 5 1 2 -3 5 1 0 9 1 1 2 1 3 1 4 1 5 1 6 1 7 1 8 1 9 1 10 1 11 1 12 9
constant_periodic_d9_seam_roundtrip P 9 12 13 2 2 -3 5 1 2 -3 5 1 2 -3 5 1 2 -3 5 1 2 -3 5 1 2 -3 5 1 2 -3 5 1 2 -3 5 1 2 -3 5 1 2 -3 5 1 2 -3 5 1 2 -3 5 1 0 1 1 1 2 1 3 1 4 1 5 1 6 1 7 1 8 1 9 1 10 1 11 1 12 1 I 12 9 R 0 1 | constant_periodic_d9_seam_roundtrip R 2 1 1 9 1 12 13 0 12 2 -3 5 1 2 -3 5 1 2 -3 5 1 2 -3 5 1 2 -3 5 1 2 -3 5 1 2 -3 5 1 2 -3 5 1 2 -3 5 1 2 -3 5 1 2 -3 5 1 2 -3 5 1 0 1 1 1 2 1 3 1 4 1 5 1 6 1 7 1 8 1 9 1 10 1 11 1 12 1
constant_periodic_d9_remove_origin P 9 12 13 1 2 -3 5 1 2 -3 5 1 2 -3 5 1 2 -3 5 1 2 -3 5 1 2 -3 5 1 2 -3 5 1 2 -3 5 1 2 -3 5 1 2 -3 5 1 2 -3 5 1 2 -3 5 1 0 1 1 1 2 1 3 1 4 1 5 1 6 1 7 1 8 1 9 1 10 1 11 1 12 1 R 0 0 | constant_periodic_d9_remove_origin R 1 1 9 1 11 12 1 13 2 -3 5 1 2 -3 5 1 2 -3 5 1 2 -3 5 1 2 -3 5 1 2 -3 5 1 2 -3 5 1 2 -3 5 1 2 -3 5 1 2 -3 5 1 2 -3 5 1 1 1 2 1 3 1 4 1 5 1 6 1 7 1 8 1 9 1 10 1 11 1 13 1
constant_periodic_d9_remove_end_alias P 9 12 13 1 2 -3 5 1 2 -3 5 1 2 -3 5 1 2 -3 5 1 2 -3 5 1 2 -3 5 1 2 -3 5 1 2 -3 5 1 2 -3 5 1 2 -3 5 1 2 -3 5 1 2 -3 5 1 0 1 1 1 2 1 3 1 4 1 5 1 6 1 7 1 8 1 9 1 10 1 11 1 12 1 R 12 0 | constant_periodic_d9_remove_end_alias R 1 1 9 1 11 12 1 13 2 -3 5 1 2 -3 5 1 2 -3 5 1 2 -3 5 1 2 -3 5 1 2 -3 5 1 2 -3 5 1 2 -3 5 1 2 -3 5 1 2 -3 5 1 2 -3 5 1 1 1 2 1 3 1 4 1 5 1 6 1 7 1 8 1 9 1 10 1 11 1 13 1
unclamped_nonuniform_d10_identity S 10 41 7 0 -2 -6 -5 0.5 -1 -5 2 1 0 -2 -2 1.5 1 3 5 0.5 2 -3 1 1 3 6 -3 1.5 4 4 4 0.5 5 4 0 1 6 6 -4 1.5 7 -3 3 0.5 8 3 -1 1 9 -2 -5 1.5 10 -5 2 0.5 11 -6 -2 1 12 -5 5 1.5 13 -2 1 0.5 14 3 -3 1 15 -3 4 1.5 16 6 0 0.5 17 4 -4 1 18 4 3 1.5 19 6 -1 0.5 20 -3 -5 1 21 3 2 1.5 22 -2 -2 0.5 23 -5 5 1 24 -6 1 1.5 25 -5 -3 0.5 26 -2 4 1 27 3 0 1.5 28 -3 -4 0.5 29 6 3 1 30 4 -1 1.5 31 4 -5 0.5 32 6 2 1 33 -3 -2 1.5 34 3 5 0.5 35 -2 1 1 36 -5 -3 1.5 37 -6 4 0.5 38 -5 0 1 -2 10 -1 10 0 1 1 10 2 1 3 10 4 10 | unclamped_nonuniform_d10_identity R 0 10 0 41 7 -1 3 -1 -3 -5/2 1/2 -1 -5 2 1 0 -3 -3 3/2 1/2 3/2 5/2 1/2 2 -3 1 1 9/2 9 -9/2 3/2 2 2 2 1/2 5 4 0 1 9 9 -6 3/2 7/2 -3/2 3/2 1/2 8 3 -1 1 27/2 -3 -15/2 3/2 5 -5/2 1 1/2 11 -6 -2 1 18 -15/2 15/2 3/2 13/2 -1 1/2 1/2 14 3 -3 1 45/2 -9/2 6 3/2 8 3 0 1/2 17 4 -4 1 27 6 9/2 3/2 19/2 3 -1/2 1/2 20 -3 -5 1 63/2 9/2 3 3/2 11 -1 -1 1/2 23 -5 5 1 36 -9 3/2 3/2 25/2 -5/2 -3/2 1/2 26 -2 4 1 81/2 9/2 0 3/2 14 -3/2 -2 1/2 29 6 3 1 45 6 -3/2 3/2 31/2 2 -5/2 1/2 32 6 2 1 99/2 -9/2 -3 3/2 17 3/2 5/2 1/2 35 -2 1 1 54 -15/2 -9/2 3/2 37/2 -3 2 1/2 38 -5 0 1 -2 10 -1 10 0 1 1 10 2 1 3 10 4 10
unclamped_nonuniform_d10_insert S 10 41 7 1 -2 -6 -5 0.5 -1 -5 2 1 0 -2 -2 1.5 1 3 5 0.5 2 -3 1 1 3 6 -3 1.5 4 4 4 0.5 5 4 0 1 6 6 -4 1.5 7 -3 3 0.5 8 3 -1 1 9 -2 -5 1.5 10 -5 2 0.5 11 -6 -2 1 12 -5 5 1.5 13 -2 1 0.5 14 3 -3 1 15 -3 4 1.5 16 6 0 0.5 17 4 -4 1 18 4 3 1.5 19 6 -1 0.5 20 -3 -5 1 21 3 2 1.5 22 -2 -2 0.5 23 -5 5 1 24 -6 1 1.5 25 -5 -3 0.5 26 -2 4 1 27 3 0 1.5 28 -3 -4 0.5 29 6 3 1 30 4 -1 1.5 31 4 -5 0.5 32 6 2 1 33 -3 -2 1.5 34 3 5 0.5 35 -2 1 1 36 -5 -3 1.5 37 -6 4 0.5 38 -5 0 1 -2 10 -1 10 0 1 1 10 2 1 3 10 4 10 I -0.75 10 | unclamped_nonuniform_d10_insert R 1 1 10 0 51 8 -1 3 -1 -3 -5/2 1/2 -1 -5 2 1 0 -3 -3 3/2 1/2 3/2 5/2 1/2 2 -3 1 1 9/2 9 -9/2 3/2 2 2 2 1/2 5 4 0 1 9 9 -6 3/2 7/2 -3/2 3/2 1/2 37/8 -3/8 7/8 5/8 361/64 9/32 13/64 47/64 1669/256 313/512 -57/128 423/512 29717/4096 2937/4096 -4221/4096 461/512 128677/16384 21975/32768 -50217/32768 31399/32768 545881/65536 137105/262144 -509565/262144 262539/262144 9122183/1048576 324987/1048576 -4749667/2097152 1082521/1048576 150703759/16777216 944841/16777216 -41947657/16777216 17666129/16777216 617166889/67108864 -7397277/33554432 -178342215/67108864 142994295/134217728 10047454403/1073741824 -136438273/268435456 -2947380853/1073741824 71903359/67108864 2641451735/268435456 -92054611/67108864 -807274273/268435456 146243987/134217728 330673167/33554432 -60705683/16777216 -72284857/33554432 33505327/33554432 20267593/2097152 -19399435/4194304 458933/524288 3640653/4194304 3456323/262144 -2961643/524288 1045701/524288 36863/32768 879801/65536 -259727/65536 124701/32768 70793/65536 83341/8192 15/128 -2311/8192 6057/8192 16589/1024 869/1024 -151/512 575/512 2463/128 -349/128 145/32 163/128 73/8 25/8 -1/2 9/16 17 4 -4 1 27 6 9/2 3/2 19/2 3 -1/2 1/2 20 -3 -5 1 63/2 9/2 3 3/2 11 -1 -1 1/2 23 -5 5 1 36 -9 3/2 3/2 25/2 -5/2 -3/2 1/2 26 -2 4 1 81/2 9/2 0 3/2 14 -3/2 -2 1/2 29 6 3 1 45 6 -3/2 3/2 31/2 2 -5/2 1/2 32 6 2 1 99/2 -9/2 -3 3/2 17 3/2 5/2 1/2 35 -2 1 1 54 -15/2 -9/2 3/2 37/2 -3 2 1/2 38 -5 0 1 -2 10 -1 10 -3/4 10 0 1 1 10 2 1 3 10 4 10
unclamped_nonuniform_d10_sequence S 10 41 7 4 -2 -6 -5 0.5 -1 -5 2 1 0 -2 -2 1.5 1 3 5 0.5 2 -3 1 1 3 6 -3 1.5 4 4 4 0.5 5 4 0 1 6 6 -4 1.5 7 -3 3 0.5 8 3 -1 1 9 -2 -5 1.5 10 -5 2 0.5 11 -6 -2 1 12 -5 5 1.5 13 -2 1 0.5 14 3 -3 1 15 -3 4 1.5 16 6 0 0.5 17 4 -4 1 18 4 3 1.5 19 6 -1 0.5 20 -3 -5 1 21 3 2 1.5 22 -2 -2 0.5 23 -5 5 1 24 -6 1 1.5 25 -5 -3 0.5 26 -2 4 1 27 3 0 1.5 28 -3 -4 0.5 29 6 3 1 30 4 -1 1.5 31 4 -5 0.5 32 6 2 1 33 -3 -2 1.5 34 3 5 0.5 35 -2 1 1 36 -5 -3 1.5 37 -6 4 0.5 38 -5 0 1 -2 10 -1 10 0 1 1 10 2 1 3 10 4 10 I -0.25 1 I -0.75 10 I -0.25 10 I -0.75 1 | unclamped_nonuniform_d10_sequence R 4 1 1 1 1 10 0 61 9 -1 3 -1 -3 -5/2 1/2 -1 -5 2 1 0 -3 -3 3/2 1/2 3/2 5/2 1/2 2 -3 1 1 9/2 9 -9/2 3/2 2 2 2 1/2 5 4 0 1 9 9 -6 3/2 7/2 -3/2 3/2 1/2 37/8 -3/8 7/8 5/8 361/64 9/32 13/64 47/64 1669/256 313/512 -57/128 423/512 29717/4096 2937/4096 -4221/4096 461/512 128677/16384 21975/32768 -50217/32768 31399/32768 545881/65536 137105/262144 -509565/262144 262539/262144 9122183/1048576 324987/1048576 -4749667/2097152 1082521/1048576 150703759/16777216 944841/16777216 -41947657/16777216 17666129/16777216 617166889/67108864 -7397277/33554432 -178342215/67108864 142994295/134217728 10047454403/1073741824 -136438273/268435456 -2947380853/1073741824 71903359/67108864 10393022761/1073741824 -290958387/268435456 -3135191679/1073741824 36357891/33554432 10511209243/1073741824 -457336041/268435456 -3023322589/1073741824 71822525/67108864 10541614385/1073741824 -609554667/268435456 -2684374967/1073741824 8777069/8388608 10596153907/1073741824 -744187153/268435456 -2210783877/1073741824 68674395/67108864 10725483385/1073741824 -860586339/268435456 -1669686447/1073741824 33783829/33554432 10931914763/1073741824 -956675193/268435456 -1109524077/1073741824 66954457/67108864 11193355777/1073741824 -1029485467/268435456 -567674727/1073741824 16681971/16777216 11482808995/1073741824 -1076606241/268435456 -72579989/1073741824 66734519/67108864 11779151561/1073741824 -1097207187/268435456 356665889/1073741824 33421031/33554432 12070395899/1073741824 -1092344073/268435456 710470659/1073741824 66964085/67108864 3054004517/268435456 -272478129/67108864 221843261/268435456 134050193/134217728 404304879/33554432 -65370291/16777216 52424487/33554432 33674127/33554432 26543299/2097152 -13220089/4194304 960113/524288 4218239/4194304 3431963/262144 -1018803/524288 819293/524288 32453/32768 893787/65536 -44781/65536 33903/32768 64011/65536 122269/8192 -1/16 7177/8192 8377/8192 16703/1024 -249/1024 867/512 557/512 1911/128 27/128 57/32 123/128 91/8 27/8 -3/2 11/16 17 4 -4 1 27 6 9/2 3/2 19/2 3 -1/2 1/2 20 -3 -5 1 63/2 9/2 3 3/2 11 -1 -1 1/2 23 -5 5 1 36 -9 3/2 3/2 25/2 -5/2 -3/2 1/2 26 -2 4 1 81/2 9/2 0 3/2 14 -3/2 -2 1/2 29 6 3 1 45 6 -3/2 3/2 31/2 2 -5/2 1/2 32 6 2 1 99/2 -9/2 -3 3/2 17 3/2 5/2 1/2 35 -2 1 1 54 -15/2 -9/2 3/2 37/2 -3 2 1/2 38 -5 0 1 -2 10 -1 10 -3/4 10 -1/4 10 0 1 1 10 2 1 3 10 4 10
unclamped_nonuniform_d10_roundtrip S 10 41 7 2 -2 -6 -5 0.5 -1 -5 2 1 0 -2 -2 1.5 1 3 5 0.5 2 -3 1 1 3 6 -3 1.5 4 4 4 0.5 5 4 0 1 6 6 -4 1.5 7 -3 3 0.5 8 3 -1 1 9 -2 -5 1.5 10 -5 2 0.5 11 -6 -2 1 12 -5 5 1.5 13 -2 1 0.5 14 3 -3 1 15 -3 4 1.5 16 6 0 0.5 17 4 -4 1 18 4 3 1.5 19 6 -1 0.5 20 -3 -5 1 21 3 2 1.5 22 -2 -2 0.5 23 -5 5 1 24 -6 1 1.5 25 -5 -3 0.5 26 -2 4 1 27 3 0 1.5 28 -3 -4 0.5 29 6 3 1 30 4 -1 1.5 31 4 -5 0.5 32 6 2 1 33 -3 -2 1.5 34 3 5 0.5 35 -2 1 1 36 -5 -3 1.5 37 -6 4 0.5 38 -5 0 1 -2 10 -1 10 0 1 1 10 2 1 3 10 4 10 I -0.75 1 R -0.75 0 | unclamped_nonuniform_d10_roundtrip R 2 1 1 10 0 41 7 -1 3 -1 -3 -5/2 1/2 -1 -5 2 1 0 -3 -3 3/2 1/2 3/2 5/2 1/2 2 -3 1 1 9/2 9 -9/2 3/2 2 2 2 1/2 5 4 0 1 9 9 -6 3/2 7/2 -3/2 3/2 1/2 8 3 -1 1 27/2 -3 -15/2 3/2 5 -5/2 1 1/2 11 -6 -2 1 18 -15/2 15/2 3/2 13/2 -1 1/2 1/2 14 3 -3 1 45/2 -9/2 6 3/2 8 3 0 1/2 17 4 -4 1 27 6 9/2 3/2 19/2 3 -1/2 1/2 20 -3 -5 1 63/2 9/2 3 3/2 11 -1 -1 1/2 23 -5 5 1 36 -9 3/2 3/2 25/2 -5/2 -3/2 1/2 26 -2 4 1 81/2 9/2 0 3/2 14 -3/2 -2 1/2 29 6 3 1 45 6 -3/2 3/2 31/2 2 -5/2 1/2 32 6 2 1 99/2 -9/2 -3 3/2 17 3/2 5/2 1/2 35 -2 1 1 54 -15/2 -9/2 3/2 37/2 -3 2 1/2 38 -5 0 1 -2 10 -1 10 0 1 1 10 2 1 3 10 4 10
unclamped_nonuniform_d10_full_roundtrip S 10 41 7 2 -2 -6 -5 0.5 -1 -5 2 1 0 -2 -2 1.5 1 3 5 0.5 2 -3 1 1 3 6 -3 1.5 4 4 4 0.5 5 4 0 1 6 6 -4 1.5 7 -3 3 0.5 8 3 -1 1 9 -2 -5 1.5 10 -5 2 0.5 11 -6 -2 1 12 -5 5 1.5 13 -2 1 0.5 14 3 -3 1 15 -3 4 1.5 16 6 0 0.5 17 4 -4 1 18 4 3 1.5 19 6 -1 0.5 20 -3 -5 1 21 3 2 1.5 22 -2 -2 0.5 23 -5 5 1 24 -6 1 1.5 25 -5 -3 0.5 26 -2 4 1 27 3 0 1.5 28 -3 -4 0.5 29 6 3 1 30 4 -1 1.5 31 4 -5 0.5 32 6 2 1 33 -3 -2 1.5 34 3 5 0.5 35 -2 1 1 36 -5 -3 1.5 37 -6 4 0.5 38 -5 0 1 -2 10 -1 10 0 1 1 10 2 1 3 10 4 10 I -0.75 10 R -0.75 0 | unclamped_nonuniform_d10_full_roundtrip R 2 1 1 10 0 41 7 -1 3 -1 -3 -5/2 1/2 -1 -5 2 1 0 -3 -3 3/2 1/2 3/2 5/2 1/2 2 -3 1 1 9/2 9 -9/2 3/2 2 2 2 1/2 5 4 0 1 9 9 -6 3/2 7/2 -3/2 3/2 1/2 8 3 -1 1 27/2 -3 -15/2 3/2 5 -5/2 1 1/2 11 -6 -2 1 18 -15/2 15/2 3/2 13/2 -1 1/2 1/2 14 3 -3 1 45/2 -9/2 6 3/2 8 3 0 1/2 17 4 -4 1 27 6 9/2 3/2 19/2 3 -1/2 1/2 20 -3 -5 1 63/2 9/2 3 3/2 11 -1 -1 1/2 23 -5 5 1 36 -9 3/2 3/2 25/2 -5/2 -3/2 1/2 26 -2 4 1 81/2 9/2 0 3/2 14 -3/2 -2 1/2 29 6 3 1 45 6 -3/2 3/2 31/2 2 -5/2 1/2 32 6 2 1 99/2 -9/2 -3 3/2 17 3/2 5/2 1/2 35 -2 1 1 54 -15/2 -9/2 3/2 37/2 -3 2 1/2 38 -5 0 1 -2 10 -1 10 0 1 1 10 2 1 3 10 4 10
unclamped_nonuniform_d10_remove_existing S 10 41 7 1 -2 -6 -5 0.5 -1 -5 2 1 0 -2 -2 1.5 1 3 5 0.5 2 -3 1 1 3 6 -3 1.5 4 4 4 0.5 5 4 0 1 6 6 -4 1.5 7 -3 3 0.5 8 3 -1 1 9 -2 -5 1.5 10 -5 2 0.5 11 -6 -2 1 12 -5 5 1.5 13 -2 1 0.5 14 3 -3 1 15 -3 4 1.5 16 6 0 0.5 17 4 -4 1 18 4 3 1.5 19 6 -1 0.5 20 -3 -5 1 21 3 2 1.5 22 -2 -2 0.5 23 -5 5 1 24 -6 1 1.5 25 -5 -3 0.5 26 -2 4 1 27 3 0 1.5 28 -3 -4 0.5 29 6 3 1 30 4 -1 1.5 31 4 -5 0.5 32 6 2 1 33 -3 -2 1.5 34 3 5 0.5 35 -2 1 1 36 -5 -3 1.5 37 -6 4 0.5 38 -5 0 1 -2 10 -1 10 0 1 1 10 2 1 3 10 4 10 R 0 0 | unclamped_nonuniform_d10_remove_existing R 1 0 10 0 41 7 -1 3 -1 -3 -5/2 1/2 -1 -5 2 1 0 -3 -3 3/2 1/2 3/2 5/2 1/2 2 -3 1 1 9/2 9 -9/2 3/2 2 2 2 1/2 5 4 0 1 9 9 -6 3/2 7/2 -3/2 3/2 1/2 8 3 -1 1 27/2 -3 -15/2 3/2 5 -5/2 1 1/2 11 -6 -2 1 18 -15/2 15/2 3/2 13/2 -1 1/2 1/2 14 3 -3 1 45/2 -9/2 6 3/2 8 3 0 1/2 17 4 -4 1 27 6 9/2 3/2 19/2 3 -1/2 1/2 20 -3 -5 1 63/2 9/2 3 3/2 11 -1 -1 1/2 23 -5 5 1 36 -9 3/2 3/2 25/2 -5/2 -3/2 1/2 26 -2 4 1 81/2 9/2 0 3/2 14 -3/2 -2 1/2 29 6 3 1 45 6 -3/2 3/2 31/2 2 -5/2 1/2 32 6 2 1 99/2 -9/2 -3 3/2 17 3/2 5/2 1/2 35 -2 1 1 54 -15/2 -9/2 3/2 37/2 -3 2 1/2 38 -5 0 1 -2 10 -1 10 0 1 1 10 2 1 3 10 4 10
unclamped_nonuniform_d10_domain_ends S 10 41 7 2 -2 -6 -5 0.5 -1 -5 2 1 0 -2 -2 1.5 1 3 5 0.5 2 -3 1 1 3 6 -3 1.5 4 4 4 0.5 5 4 0 1 6 6 -4 1.5 7 -3 3 0.5 8 3 -1 1 9 -2 -5 1.5 10 -5 2 0.5 11 -6 -2 1 12 -5 5 1.5 13 -2 1 0.5 14 3 -3 1 15 -3 4 1.5 16 6 0 0.5 17 4 -4 1 18 4 3 1.5 19 6 -1 0.5 20 -3 -5 1 21 3 2 1.5 22 -2 -2 0.5 23 -5 5 1 24 -6 1 1.5 25 -5 -3 0.5 26 -2 4 1 27 3 0 1.5 28 -3 -4 0.5 29 6 3 1 30 4 -1 1.5 31 4 -5 0.5 32 6 2 1 33 -3 -2 1.5 34 3 5 0.5 35 -2 1 1 36 -5 -3 1.5 37 -6 4 0.5 38 -5 0 1 -2 10 -1 10 0 1 1 10 2 1 3 10 4 10 I -1 10 I 3 10 | unclamped_nonuniform_d10_domain_ends R 2 1 1 10 0 41 7 -1 3 -1 -3 -5/2 1/2 -1 -5 2 1 0 -3 -3 3/2 1/2 3/2 5/2 1/2 2 -3 1 1 9/2 9 -9/2 3/2 2 2 2 1/2 5 4 0 1 9 9 -6 3/2 7/2 -3/2 3/2 1/2 8 3 -1 1 27/2 -3 -15/2 3/2 5 -5/2 1 1/2 11 -6 -2 1 18 -15/2 15/2 3/2 13/2 -1 1/2 1/2 14 3 -3 1 45/2 -9/2 6 3/2 8 3 0 1/2 17 4 -4 1 27 6 9/2 3/2 19/2 3 -1/2 1/2 20 -3 -5 1 63/2 9/2 3 3/2 11 -1 -1 1/2 23 -5 5 1 36 -9 3/2 3/2 25/2 -5/2 -3/2 1/2 26 -2 4 1 81/2 9/2 0 3/2 14 -3/2 -2 1/2 29 6 3 1 45 6 -3/2 3/2 31/2 2 -5/2 1/2 32 6 2 1 99/2 -9/2 -3 3/2 17 3/2 5/2 1/2 35 -2 1 1 54 -15/2 -9/2 3/2 37/2 -3 2 1/2 38 -5 0 1 -2 10 -1 10 0 1 1 10 2 1 3 10 4 10
constant_periodic_d10_identity P 10 13 14 0 2 -3 5 1 2 -3 5 1 2 -3 5 1 2 -3 5 1 2 -3 5 1 2 -3 5 1 2 -3 5 1 2 -3 5 1 2 -3 5 1 2 -3 5 1 2 -3 5 1 2 -3 5 1 2 -3 5 1 0 1 1 1 2 1 3 1 4 1 5 1 6 1 7 1 8 1 9 1 10 1 11 1 12 1 13 1 | constant_periodic_d10_identity R 0 10 1 13 14 0 13 2 -3 5 1 2 -3 5 1 2 -3 5 1 2 -3 5 1 2 -3 5 1 2 -3 5 1 2 -3 5 1 2 -3 5 1 2 -3 5 1 2 -3 5 1 2 -3 5 1 2 -3 5 1 2 -3 5 1 0 1 1 1 2 1 3 1 4 1 5 1 6 1 7 1 8 1 9 1 10 1 11 1 12 1 13 1
constant_periodic_d10_insert P 10 13 14 1 2 -3 5 1 2 -3 5 1 2 -3 5 1 2 -3 5 1 2 -3 5 1 2 -3 5 1 2 -3 5 1 2 -3 5 1 2 -3 5 1 2 -3 5 1 2 -3 5 1 2 -3 5 1 2 -3 5 1 0 1 1 1 2 1 3 1 4 1 5 1 6 1 7 1 8 1 9 1 10 1 11 1 12 1 13 1 I 0.25 10 | constant_periodic_d10_insert R 1 1 10 1 23 15 0 13 2 -3 5 1 2 -3 5 1 2 -3 5 1 2 -3 5 1 2 -3 5 1 2 -3 5 1 2 -3 5 1 2 -3 5 1 2 -3 5 1 2 -3 5 1 2 -3 5 1 2 -3 5 1 2 -3 5 1 2 -3 5 1 2 -3 5 1 2 -3 5 1 2 -3 5 1 2 -3 5 1 2 -3 5 1 2 -3 5 1 2 -3 5 1 2 -3 5 1 2 -3 5 1 0 1 1/4 10 1 1 2 1 3 1 4 1 5 1 6 1 7 1 8 1 9 1 10 1 11 1 12 1 13 1
constant_periodic_d10_sequence P 10 13 14 4 2 -3 5 1 2 -3 5 1 2 -3 5 1 2 -3 5 1 2 -3 5 1 2 -3 5 1 2 -3 5 1 2 -3 5 1 2 -3 5 1 2 -3 5 1 2 -3 5 1 2 -3 5 1 2 -3 5 1 0 1 1 1 2 1 3 1 4 1 5 1 6 1 7 1 8 1 9 1 10 1 11 1 12 1 13 1 I 0.75 1 I 0.25 10 I 0.75 10 I 0.25 1 | constant_periodic_d10_sequence R 4 1 1 1 1 10 1 33 16 0 13 2 -3 5 1 2 -3 5 1 2 -3 5 1 2 -3 5 1 2 -3 5 1 2 -3 5 1 2 -3 5 1 2 -3 5 1 2 -3 5 1 2 -3 5 1 2 -3 5 1 2 -3 5 1 2 -3 5 1 2 -3 5 1 2 -3 5 1 2 -3 5 1 2 -3 5 1 2 -3 5 1 2 -3 5 1 2 -3 5 1 2 -3 5 1 2 -3 5 1 2 -3 5 1 2 -3 5 1 2 -3 5 1 2 -3 5 1 2 -3 5 1 2 -3 5 1 2 -3 5 1 2 -3 5 1 2 -3 5 1 2 -3 5 1 2 -3 5 1 0 1 1/4 10 3/4 10 1 1 2 1 3 1 4 1 5 1 6 1 7 1 8 1 9 1 10 1 11 1 12 1 13 1
constant_periodic_d10_roundtrip P 10 13 14 2 2 -3 5 1 2 -3 5 1 2 -3 5 1 2 -3 5 1 2 -3 5 1 2 -3 5 1 2 -3 5 1 2 -3 5 1 2 -3 5 1 2 -3 5 1 2 -3 5 1 2 -3 5 1 2 -3 5 1 0 1 1 1 2 1 3 1 4 1 5 1 6 1 7 1 8 1 9 1 10 1 11 1 12 1 13 1 I 0.25 1 R 0.25 0 | constant_periodic_d10_roundtrip R 2 1 1 10 1 13 14 0 13 2 -3 5 1 2 -3 5 1 2 -3 5 1 2 -3 5 1 2 -3 5 1 2 -3 5 1 2 -3 5 1 2 -3 5 1 2 -3 5 1 2 -3 5 1 2 -3 5 1 2 -3 5 1 2 -3 5 1 0 1 1 1 2 1 3 1 4 1 5 1 6 1 7 1 8 1 9 1 10 1 11 1 12 1 13 1
constant_periodic_d10_full_roundtrip P 10 13 14 2 2 -3 5 1 2 -3 5 1 2 -3 5 1 2 -3 5 1 2 -3 5 1 2 -3 5 1 2 -3 5 1 2 -3 5 1 2 -3 5 1 2 -3 5 1 2 -3 5 1 2 -3 5 1 2 -3 5 1 0 1 1 1 2 1 3 1 4 1 5 1 6 1 7 1 8 1 9 1 10 1 11 1 12 1 13 1 I 0.25 10 R 0.25 0 | constant_periodic_d10_full_roundtrip R 2 1 1 10 1 13 14 0 13 2 -3 5 1 2 -3 5 1 2 -3 5 1 2 -3 5 1 2 -3 5 1 2 -3 5 1 2 -3 5 1 2 -3 5 1 2 -3 5 1 2 -3 5 1 2 -3 5 1 2 -3 5 1 2 -3 5 1 0 1 1 1 2 1 3 1 4 1 5 1 6 1 7 1 8 1 9 1 10 1 11 1 12 1 13 1
constant_periodic_d10_remove_existing P 10 13 14 1 2 -3 5 1 2 -3 5 1 2 -3 5 1 2 -3 5 1 2 -3 5 1 2 -3 5 1 2 -3 5 1 2 -3 5 1 2 -3 5 1 2 -3 5 1 2 -3 5 1 2 -3 5 1 2 -3 5 1 0 1 1 1 2 1 3 1 4 1 5 1 6 1 7 1 8 1 9 1 10 1 11 1 12 1 13 1 R 1 0 | constant_periodic_d10_remove_existing R 1 1 10 1 12 13 0 13 2 -3 5 1 2 -3 5 1 2 -3 5 1 2 -3 5 1 2 -3 5 1 2 -3 5 1 2 -3 5 1 2 -3 5 1 2 -3 5 1 2 -3 5 1 2 -3 5 1 2 -3 5 1 0 1 2 1 3 1 4 1 5 1 6 1 7 1 8 1 9 1 10 1 11 1 12 1 13 1
constant_periodic_d10_seam P 10 13 14 2 2 -3 5 1 2 -3 5 1 2 -3 5 1 2 -3 5 1 2 -3 5 1 2 -3 5 1 2 -3 5 1 2 -3 5 1 2 -3 5 1 2 -3 5 1 2 -3 5 1 2 -3 5 1 2 -3 5 1 0 1 1 1 2 1 3 1 4 1 5 1 6 1 7 1 8 1 9 1 10 1 11 1 12 1 13 1 I 0 10 I 13 10 | constant_periodic_d10_seam R 2 1 1 10 1 22 14 0 13 2 -3 5 1 2 -3 5 1 2 -3 5 1 2 -3 5 1 2 -3 5 1 2 -3 5 1 2 -3 5 1 2 -3 5 1 2 -3 5 1 2 -3 5 1 2 -3 5 1 2 -3 5 1 2 -3 5 1 2 -3 5 1 2 -3 5 1 2 -3 5 1 2 -3 5 1 2 -3 5 1 2 -3 5 1 2 -3 5 1 2 -3 5 1 2 -3 5 1 0 10 1 1 2 1 3 1 4 1 5 1 6 1 7 1 8 1 9 1 10 1 11 1 12 1 13 10
constant_periodic_d10_seam_roundtrip P 10 13 14 2 2 -3 5 1 2 -3 5 1 2 -3 5 1 2 -3 5 1 2 -3 5 1 2 -3 5 1 2 -3 5 1 2 -3 5 1 2 -3 5 1 2 -3 5 1 2 -3 5 1 2 -3 5 1 2 -3 5 1 0 1 1 1 2 1 3 1 4 1 5 1 6 1 7 1 8 1 9 1 10 1 11 1 12 1 13 1 I 13 10 R 0 1 | constant_periodic_d10_seam_roundtrip R 2 1 1 10 1 13 14 0 13 2 -3 5 1 2 -3 5 1 2 -3 5 1 2 -3 5 1 2 -3 5 1 2 -3 5 1 2 -3 5 1 2 -3 5 1 2 -3 5 1 2 -3 5 1 2 -3 5 1 2 -3 5 1 2 -3 5 1 0 1 1 1 2 1 3 1 4 1 5 1 6 1 7 1 8 1 9 1 10 1 11 1 12 1 13 1
constant_periodic_d10_remove_origin P 10 13 14 1 2 -3 5 1 2 -3 5 1 2 -3 5 1 2 -3 5 1 2 -3 5 1 2 -3 5 1 2 -3 5 1 2 -3 5 1 2 -3 5 1 2 -3 5 1 2 -3 5 1 2 -3 5 1 2 -3 5 1 0 1 1 1 2 1 3 1 4 1 5 1 6 1 7 1 8 1 9 1 10 1 11 1 12 1 13 1 R 0 0 | constant_periodic_d10_remove_origin R 1 1 10 1 12 13 1 14 2 -3 5 1 2 -3 5 1 2 -3 5 1 2 -3 5 1 2 -3 5 1 2 -3 5 1 2 -3 5 1 2 -3 5 1 2 -3 5 1 2 -3 5 1 2 -3 5 1 2 -3 5 1 1 1 2 1 3 1 4 1 5 1 6 1 7 1 8 1 9 1 10 1 11 1 12 1 14 1
constant_periodic_d10_remove_end_alias P 10 13 14 1 2 -3 5 1 2 -3 5 1 2 -3 5 1 2 -3 5 1 2 -3 5 1 2 -3 5 1 2 -3 5 1 2 -3 5 1 2 -3 5 1 2 -3 5 1 2 -3 5 1 2 -3 5 1 2 -3 5 1 0 1 1 1 2 1 3 1 4 1 5 1 6 1 7 1 8 1 9 1 10 1 11 1 12 1 13 1 R 13 0 | constant_periodic_d10_remove_end_alias R 1 1 10 1 12 13 1 14 2 -3 5 1 2 -3 5 1 2 -3 5 1 2 -3 5 1 2 -3 5 1 2 -3 5 1 2 -3 5 1 2 -3 5 1 2 -3 5 1 2 -3 5 1 2 -3 5 1 2 -3 5 1 1 1 2 1 3 1 4 1 5 1 6 1 7 1 8 1 9 1 10 1 11 1 12 1 14 1
unclamped_nonuniform_d11_identity S 11 45 7 0 -2 -6 -5 0.5 -1 -5 2 1 0 -2 -2 1.5 1 3 5 0.5 2 -3 1 1 3 6 -3 1.5 4 4 4 0.5 5 4 0 1 6 6 -4 1.5 7 -3 3 0.5 8 3 -1 1 9 -2 -5 1.5 10 -5 2 0.5 11 -6 -2 1 12 -5 5 1.5 13 -2 1 0.5 14 3 -3 1 15 -3 4 1.5 16 6 0 0.5 17 4 -4 1 18 4 3 1.5 19 6 -1 0.5 20 -3 -5 1 21 3 2 1.5 22 -2 -2 0.5 23 -5 5 1 24 -6 1 1.5 25 -5 -3 0.5 26 -2 4 1 27 3 0 1.5 28 -3 -4 0.5 29 6 3 1 30 4 -1 1.5 31 4 -5 0.5 32 6 2 1 33 -3 -2 1.5 34 3 5 0.5 35 -2 1 1 36 -5 -3 1.5 37 -6 4 0.5 38 -5 0 1 39 -2 -4 1.5 40 3 3 0.5 41 -3 -1 1 42 6 -5 1.5 -2 11 -1 11 0 1 1 11 2 1 3 11 4 11 | unclamped_nonuniform_d11_identity R 0 11 0 45 7 -1 3 -1 -3 -5/2 1/2 -1 -5 2 1 0 -3 -3 3/2 1/2 3/2 5/2 1/2 2 -3 1 1 9/2 9 -9/2 3/2 2 2 2 1/2 5 4 0 1 9 9 -6 3/2 7/2 -3/2 3/2 1/2 8 3 -1 1 27/2 -3 -15/2 3/2 5 -5/2 1 1/2 11 -6 -2 1 18 -15/2 15/2 3/2 13/2 -1 1/2 1/2 14 3 -3 1 45/2 -9/2 6 3/2 8 3 0 1/2 17 4 -4 1 27 6 9/2 3/2 19/2 3 -1/2 1/2 20 -3 -5 1 63/2 9/2 3 3/2 11 -1 -1 1/2 23 -5 5 1 36 -9 3/2 3/2 25/2 -5/2 -3/2 1/2 26 -2 4 1 81/2 9/2 0 3/2 14 -3/2 -2 1/2 29 6 3 1 45 6 -3/2 3/2 31/2 2 -5/2 1/2 32 6 2 1 99/2 -9/2 -3 3/2 17 3/2 5/2 1/2 35 -2 1 1 54 -15/2 -9/2 3/2 37/2 -3 2 1/2 38 -5 0 1 117/2 -3 -6 3/2 20 3/2 3/2 1/2 41 -3 -1 1 63 9 -15/2 3/2 -2 11 -1 11 0 1 1 11 2 1 3 11 4 11
unclamped_nonuniform_d11_insert S 11 45 7 1 -2 -6 -5 0.5 -1 -5 2 1 0 -2 -2 1.5 1 3 5 0.5 2 -3 1 1 3 6 -3 1.5 4 4 4 0.5 5 4 0 1 6 6 -4 1.5 7 -3 3 0.5 8 3 -1 1 9 -2 -5 1.5 10 -5 2 0.5 11 -6 -2 1 12 -5 5 1.5 13 -2 1 0.5 14 3 -3 1 15 -3 4 1.5 16 6 0 0.5 17 4 -4 1 18 4 3 1.5 19 6 -1 0.5 20 -3 -5 1 21 3 2 1.5 22 -2 -2 0.5 23 -5 5 1 24 -6 1 1.5 25 -5 -3 0.5 26 -2 4 1 27 3 0 1.5 28 -3 -4 0.5 29 6 3 1 30 4 -1 1.5 31 4 -5 0.5 32 6 2 1 33 -3 -2 1.5 34 3 5 0.5 35 -2 1 1 36 -5 -3 1.5 37 -6 4 0.5 38 -5 0 1 39 -2 -4 1.5 40 3 3 0.5 41 -3 -1 1 42 6 -5 1.5 -2 11 -1 11 0 1 1 11 2 1 3 11 4 11 I -0.75 11 | unclamped_nonuniform_d11_insert R 1 1 11 0 56 8 -1 3 -1 -3 -5/2 1/2 -1 -5 2 1 0 -3 -3 3/2 1/2 3/2 5/2 1/2 2 -3 1 1 9/2 9 -9/2 3/2 2 2 2 1/2 5 4 0 1 9 9 -6 3/2 7/2 -3/2 3/2 1/2 8 3 -1 1 75/8 3/2 -21/8 9/8 649/64 25/64 -229/64 19/16 5379/512 -113/256 -2085/512 619/512 43503/4096 -69/64 -8715/2048 4935/4096 173527/16384 -101/64 -69303/16384 19429/16384 1374873/131072 -519713/262144 -133259/32768 303941/262144 21733485/2097152 -4864689/2097152 -2000037/524288 2370867/2097152 171849193/16777216 -43761267/16777216 -58851791/16777216 288931/262144 1361768325/134217728 -47997371/16777216 -425395603/134217728 144454831/134217728 10824333615/1073741824 -3312088227/1073741824 -1511807991/536870912 1131426723/1073741824 21584062901/2147483648 -14104351993/4294967296 -5280427913/2147483648 4444782577/4294967296 10695124957/1073741824 -260505457/67108864 -186250985/134217728 131312801/134217728 2814184259/268435456 -1278673691/268435456 79670197/67108864 248120657/268435456 441103787/33554432 -42582423/8388608 75419343/33554432 36997521/33554432 54247429/4194304 -1569751/524288 6029817/2097152 2133191/2097152 6110725/524288 93169/524288 -30363/262144 435835/524288 542135/32768 17723/65536 9903/16384 74145/65536 35381/2048 -10683/8192 26711/8192 289/256 11639/1024 873/256 -247/256 701/1024 2441/128 283/64 -267/128 141/128 397/16 45/8 31/8 11/8 19/2 3 -1/2 1/2 20 -3 -5 1 63/2 9/2 3 3/2 11 -1 -1 1/2 23 -5 5 1 36 -9 3/2 3/2 25/2 -5/2 -3/2 1/2 26 -2 4 1 81/2 9/2 0 3/2 14 -3/2 -2 1/2 29 6 3 1 45 6 -3/2 3/2 31/2 2 -5/2 1/2 32 6 2 1 99/2 -9/2 -3 3/2 17 3/2 5/2 1/2 35 -2 1 1 54 -15/2 -9/2 3/2 37/2 -3 2 1/2 38 -5 0 1 117/2 -3 -6 3/2 20 3/2 3/2 1/2 41 -3 -1 1 63 9 -15/2 3/2 -2 11 -1 11 -3/4 11 0 1 1 11 2 1 3 11 4 11
unclamped_nonuniform_d11_sequence S 11 45 7 4 -2 -6 -5 0.5 -1 -5 2 1 0 -2 -2 1.5 1 3 5 0.5 2 -3 1 1 3 6 -3 1.5 4 4 4 0.5 5 4 0 1 6 6 -4 1.5 7 -3 3 0.5 8 3 -1 1 9 -2 -5 1.5 10 -5 2 0.5 11 -6 -2 1 12 -5 5 1.5 13 -2 1 0.5 14 3 -3 1 15 -3 4 1.5 16 6 0 0.5 17 4 -4 1 18 4 3 1.5 19 6 -1 0.5 20 -3 -5 1 21 3 2 1.5 22 -2 -2 0.5 23 -5 5 1 24 -6 1 1.5 25 -5 -3 0.5 26 -2 4 1 27 3 0 1.5 28 -3 -4 0.5 29 6 3 1 30 4 -1 1.5 31 4 -5 0.5 32 6 2 1 33 -3 -2 1.5 34 3 5 0.5 35 -2 1 1 36 -5 -3 1.5 37 -6 4 0.5 38 -5 0 1 39 -2 -4 1.5 40 3 3 0.5 41 -3 -1 1 42 6 -5 1.5 -2 11 -1 11 0 1 1 11 2 1 3 11 4 11 I -0.25 1 I -0.75 11 I -0.25 11 I -0.75 1 | unclamped_nonuniform_d11_sequence R 4 1 1 1 1 11 0 67 9 -1 3 -1 -3 -5/2 1/2 -1 -5 2 1 0 -3 -3 3/2 1/2 3/2 5/2 1/2 2 -3 1 1 9/2 9 -9/2 3/2 2 2 2 1/2 5 4 0 1 9 9 -6 3/2 7/2 -3/2 3/2 1/2 8 3 -1 1 75/8 3/2 -21/8 9/8 649/64 25/64 -229/64 19/16 5379/512 -113/256 -2085/512 619/512 43503/4096 -69/64 -8715/2048 4935/4096 173527/16384 -101/64 -69303/16384 19429/16384 1374873/131072 -519713/262144 -133259/32768 303941/262144 21733485/2097152 -4864689/2097152 -2000037/524288 2370867/2097152 171849193/16777216 -43761267/16777216 -58851791/16777216 288931/262144 1361768325/134217728 -47997371/16777216 -425395603/134217728 144454831/134217728 10824333615/1073741824 -3312088227/1073741824 -1511807991/536870912 1131426723/1073741824 21584062901/2147483648 -14104351993/4294967296 -5280427913/2147483648 4444782577/4294967296 21454854243/2147483648 -15816350163/4294967296 -3746819811/2147483648 4282933947/4294967296 21625732149/2147483648 -17108240945/4294967296 -2182386241/2147483648 4184778857/4294967296 22146649475/2147483648 -18127143099/4294967296 -784660939/2147483648 4162158691/4294967296 22866839157/2147483648 -18800141481/4294967296 416622279/2147483648 4185893409/4294967296 23633715939/2147483648 -19040727395/4294967296 1406952589/2147483648 4225709003/4294967296 24355368053/2147483648 -18816150113/4294967296 2176478607/2147483648 4262259481/4294967296 25000766595/2147483648 -18155670987/4294967296 2729988645/2147483648 4287414003/4294967296 25577972277/2147483648 -17133351257/4294967296 3089425431/2147483648 4300595537/4294967296 26111143523/2147483648 -15843846131/4294967296 3288646909/2147483648 4304835547/4294967296 26624732085/2147483648 -14381211537/4294967296 3365543007/2147483648 4303950537/4294967296 27136007299/2147483648 -12824871387/4294967296 3355378453/2147483648 4301051011/4294967296 13695822453/1073741824 -47057427/16777216 209393511/134217728 134362539/134217728 3583367657/268435456 -502419937/268435456 100501843/67108864 268114643/268435456 468464779/33554432 -7213431/8388608 41373359/33554432 33415601/33554432 61620663/4194304 -16731/524288 2125299/2097152 2101941/2097152 8095261/524288 286729/524288 256253/262144 532099/524288 516421/32768 81633/65536 14433/16384 65443/65536 32181/2048 21141/8192 1479/8192 243/256 17453/1024 1083/256 -153/256 1007/1024 2641/128 307/64 61/128 149/128 327/16 39/8 21/8 9/8 19/2 3 -1/2 1/2 20 -3 -5 1 63/2 9/2 3 3/2 11 -1 -1 1/2 23 -5 5 1 36 -9 3/2 3/2 25/2 -5/2 -3/2 1/2 26 -2 4 1 81/2 9/2 0 3/2 14 -3/2 -2 1/2 29 6 3 1 45 6 -3/2 3/2 31/2 2 -5/2 1/2 32 6 2 1 99/2 -9/2 -3 3/2 17 3/2 5/2 1/2 35 -2 1 1 54 -15/2 -9/2 3/2 37/2 -3 2 1/2 38 -5 0 1 117/2 -3 -6 3/2 20 3/2 3/2 1/2 41 -3 -1 1 63 9 -15/2 3/2 -2 11 -1 11 -3/4 11 -1/4 11 0 1 1 11 2 1 3 11 4 11
unclamped_nonuniform_d11_roundtrip S 11 45 7 2 -2 -6 -5 0.5 -1 -5 2 1 0 -2 -2 1.5 1 3 5 0.5 2 -3 1 1 3 6 -3 1.5 4 4 4 0.5 5 4 0 1 6 6 -4 1.5 7 -3 3 0.5 8 3 -1 1 9 -2 -5 1.5 10 -5 2 0.5 11 -6 -2 1 12 -5 5 1.5 13 -2 1 0.5 14 3 -3 1 15 -3 4 1.5 16 6 0 0.5 17 4 -4 1 18 4 3 1.5 19 6 -1 0.5 20 -3 -5 1 21 3 2 1.5 22 -2 -2 0.5 23 -5 5 1 24 -6 1 1.5 25 -5 -3 0.5 26 -2 4 1 27 3 0 1.5 28 -3 -4 0.5 29 6 3 1 30 4 -1 1.5 31 4 -5 0.5 32 6 2 1 33 -3 -2 1.5 34 3 5 0.5 35 -2 1 1 36 -5 -3 1.5 37 -6 4 0.5 38 -5 0 1 39 -2 -4 1.5 40 3 3 0.5 41 -3 -1 1 42 6 -5 1.5 -2 11 -1 11 0 1 1 11 2 1 3 11 4 11 I -0.75 1 R -0.75 0 | unclamped_nonuniform_d11_roundtrip R 2 1 1 11 0 45 7 -1 3 -1 -3 -5/2 1/2 -1 -5 2 1 0 -3 -3 3/2 1/2 3/2 5/2 1/2 2 -3 1 1 9/2 9 -9/2 3/2 2 2 2 1/2 5 4 0 1 9 9 -6 3/2 7/2 -3/2 3/2 1/2 8 3 -1 1 27/2 -3 -15/2 3/2 5 -5/2 1 1/2 11 -6 -2 1 18 -15/2 15/2 3/2 13/2 -1 1/2 1/2 14 3 -3 1 45/2 -9/2 6 3/2 8 3 0 1/2 17 4 -4 1 27 6 9/2 3/2 19/2 3 -1/2 1/2 20 -3 -5 1 63/2 9/2 3 3/2 11 -1 -1 1/2 23 -5 5 1 36 -9 3/2 3/2 25/2 -5/2 -3/2 1/2 26 -2 4 1 81/2 9/2 0 3/2 14 -3/2 -2 1/2 29 6 3 1 45 6 -3/2 3/2 31/2 2 -5/2 1/2 32 6 2 1 99/2 -9/2 -3 3/2 17 3/2 5/2 1/2 35 -2 1 1 54 -15/2 -9/2 3/2 37/2 -3 2 1/2 38 -5 0 1 117/2 -3 -6 3/2 20 3/2 3/2 1/2 41 -3 -1 1 63 9 -15/2 3/2 -2 11 -1 11 0 1 1 11 2 1 3 11 4 11
unclamped_nonuniform_d11_full_roundtrip S 11 45 7 2 -2 -6 -5 0.5 -1 -5 2 1 0 -2 -2 1.5 1 3 5 0.5 2 -3 1 1 3 6 -3 1.5 4 4 4 0.5 5 4 0 1 6 6 -4 1.5 7 -3 3 0.5 8 3 -1 1 9 -2 -5 1.5 10 -5 2 0.5 11 -6 -2 1 12 -5 5 1.5 13 -2 1 0.5 14 3 -3 1 15 -3 4 1.5 16 6 0 0.5 17 4 -4 1 18 4 3 1.5 19 6 -1 0.5 20 -3 -5 1 21 3 2 1.5 22 -2 -2 0.5 23 -5 5 1 24 -6 1 1.5 25 -5 -3 0.5 26 -2 4 1 27 3 0 1.5 28 -3 -4 0.5 29 6 3 1 30 4 -1 1.5 31 4 -5 0.5 32 6 2 1 33 -3 -2 1.5 34 3 5 0.5 35 -2 1 1 36 -5 -3 1.5 37 -6 4 0.5 38 -5 0 1 39 -2 -4 1.5 40 3 3 0.5 41 -3 -1 1 42 6 -5 1.5 -2 11 -1 11 0 1 1 11 2 1 3 11 4 11 I -0.75 11 R -0.75 0 | unclamped_nonuniform_d11_full_roundtrip R 2 1 1 11 0 45 7 -1 3 -1 -3 -5/2 1/2 -1 -5 2 1 0 -3 -3 3/2 1/2 3/2 5/2 1/2 2 -3 1 1 9/2 9 -9/2 3/2 2 2 2 1/2 5 4 0 1 9 9 -6 3/2 7/2 -3/2 3/2 1/2 8 3 -1 1 27/2 -3 -15/2 3/2 5 -5/2 1 1/2 11 -6 -2 1 18 -15/2 15/2 3/2 13/2 -1 1/2 1/2 14 3 -3 1 45/2 -9/2 6 3/2 8 3 0 1/2 17 4 -4 1 27 6 9/2 3/2 19/2 3 -1/2 1/2 20 -3 -5 1 63/2 9/2 3 3/2 11 -1 -1 1/2 23 -5 5 1 36 -9 3/2 3/2 25/2 -5/2 -3/2 1/2 26 -2 4 1 81/2 9/2 0 3/2 14 -3/2 -2 1/2 29 6 3 1 45 6 -3/2 3/2 31/2 2 -5/2 1/2 32 6 2 1 99/2 -9/2 -3 3/2 17 3/2 5/2 1/2 35 -2 1 1 54 -15/2 -9/2 3/2 37/2 -3 2 1/2 38 -5 0 1 117/2 -3 -6 3/2 20 3/2 3/2 1/2 41 -3 -1 1 63 9 -15/2 3/2 -2 11 -1 11 0 1 1 11 2 1 3 11 4 11
unclamped_nonuniform_d11_remove_existing S 11 45 7 1 -2 -6 -5 0.5 -1 -5 2 1 0 -2 -2 1.5 1 3 5 0.5 2 -3 1 1 3 6 -3 1.5 4 4 4 0.5 5 4 0 1 6 6 -4 1.5 7 -3 3 0.5 8 3 -1 1 9 -2 -5 1.5 10 -5 2 0.5 11 -6 -2 1 12 -5 5 1.5 13 -2 1 0.5 14 3 -3 1 15 -3 4 1.5 16 6 0 0.5 17 4 -4 1 18 4 3 1.5 19 6 -1 0.5 20 -3 -5 1 21 3 2 1.5 22 -2 -2 0.5 23 -5 5 1 24 -6 1 1.5 25 -5 -3 0.5 26 -2 4 1 27 3 0 1.5 28 -3 -4 0.5 29 6 3 1 30 4 -1 1.5 31 4 -5 0.5 32 6 2 1 33 -3 -2 1.5 34 3 5 0.5 35 -2 1 1 36 -5 -3 1.5 37 -6 4 0.5 38 -5 0 1 39 -2 -4 1.5 40 3 3 0.5 41 -3 -1 1 42 6 -5 1.5 -2 11 -1 11 0 1 1 11 2 1 3 11 4 11 R 0 0 | unclamped_nonuniform_d11_remove_existing R 1 0 11 0 45 7 -1 3 -1 -3 -5/2 1/2 -1 -5 2 1 0 -3 -3 3/2 1/2 3/2 5/2 1/2 2 -3 1 1 9/2 9 -9/2 3/2 2 2 2 1/2 5 4 0 1 9 9 -6 3/2 7/2 -3/2 3/2 1/2 8 3 -1 1 27/2 -3 -15/2 3/2 5 -5/2 1 1/2 11 -6 -2 1 18 -15/2 15/2 3/2 13/2 -1 1/2 1/2 14 3 -3 1 45/2 -9/2 6 3/2 8 3 0 1/2 17 4 -4 1 27 6 9/2 3/2 19/2 3 -1/2 1/2 20 -3 -5 1 63/2 9/2 3 3/2 11 -1 -1 1/2 23 -5 5 1 36 -9 3/2 3/2 25/2 -5/2 -3/2 1/2 26 -2 4 1 81/2 9/2 0 3/2 14 -3/2 -2 1/2 29 6 3 1 45 6 -3/2 3/2 31/2 2 -5/2 1/2 32 6 2 1 99/2 -9/2 -3 3/2 17 3/2 5/2 1/2 35 -2 1 1 54 -15/2 -9/2 3/2 37/2 -3 2 1/2 38 -5 0 1 117/2 -3 -6 3/2 20 3/2 3/2 1/2 41 -3 -1 1 63 9 -15/2 3/2 -2 11 -1 11 0 1 1 11 2 1 3 11 4 11
unclamped_nonuniform_d11_domain_ends S 11 45 7 2 -2 -6 -5 0.5 -1 -5 2 1 0 -2 -2 1.5 1 3 5 0.5 2 -3 1 1 3 6 -3 1.5 4 4 4 0.5 5 4 0 1 6 6 -4 1.5 7 -3 3 0.5 8 3 -1 1 9 -2 -5 1.5 10 -5 2 0.5 11 -6 -2 1 12 -5 5 1.5 13 -2 1 0.5 14 3 -3 1 15 -3 4 1.5 16 6 0 0.5 17 4 -4 1 18 4 3 1.5 19 6 -1 0.5 20 -3 -5 1 21 3 2 1.5 22 -2 -2 0.5 23 -5 5 1 24 -6 1 1.5 25 -5 -3 0.5 26 -2 4 1 27 3 0 1.5 28 -3 -4 0.5 29 6 3 1 30 4 -1 1.5 31 4 -5 0.5 32 6 2 1 33 -3 -2 1.5 34 3 5 0.5 35 -2 1 1 36 -5 -3 1.5 37 -6 4 0.5 38 -5 0 1 39 -2 -4 1.5 40 3 3 0.5 41 -3 -1 1 42 6 -5 1.5 -2 11 -1 11 0 1 1 11 2 1 3 11 4 11 I -1 11 I 3 11 | unclamped_nonuniform_d11_domain_ends R 2 1 1 11 0 45 7 -1 3 -1 -3 -5/2 1/2 -1 -5 2 1 0 -3 -3 3/2 1/2 3/2 5/2 1/2 2 -3 1 1 9/2 9 -9/2 3/2 2 2 2 1/2 5 4 0 1 9 9 -6 3/2 7/2 -3/2 3/2 1/2 8 3 -1 1 27/2 -3 -15/2 3/2 5 -5/2 1 1/2 11 -6 -2 1 18 -15/2 15/2 3/2 13/2 -1 1/2 1/2 14 3 -3 1 45/2 -9/2 6 3/2 8 3 0 1/2 17 4 -4 1 27 6 9/2 3/2 19/2 3 -1/2 1/2 20 -3 -5 1 63/2 9/2 3 3/2 11 -1 -1 1/2 23 -5 5 1 36 -9 3/2 3/2 25/2 -5/2 -3/2 1/2 26 -2 4 1 81/2 9/2 0 3/2 14 -3/2 -2 1/2 29 6 3 1 45 6 -3/2 3/2 31/2 2 -5/2 1/2 32 6 2 1 99/2 -9/2 -3 3/2 17 3/2 5/2 1/2 35 -2 1 1 54 -15/2 -9/2 3/2 37/2 -3 2 1/2 38 -5 0 1 117/2 -3 -6 3/2 20 3/2 3/2 1/2 41 -3 -1 1 63 9 -15/2 3/2 -2 11 -1 11 0 1 1 11 2 1 3 11 4 11
constant_periodic_d11_identity P 11 14 15 0 2 -3 5 1 2 -3 5 1 2 -3 5 1 2 -3 5 1 2 -3 5 1 2 -3 5 1 2 -3 5 1 2 -3 5 1 2 -3 5 1 2 -3 5 1 2 -3 5 1 2 -3 5 1 2 -3 5 1 2 -3 5 1 0 1 1 1 2 1 3 1 4 1 5 1 6 1 7 1 8 1 9 1 10 1 11 1 12 1 13 1 14 1 | constant_periodic_d11_identity R 0 11 1 14 15 0 14 2 -3 5 1 2 -3 5 1 2 -3 5 1 2 -3 5 1 2 -3 5 1 2 -3 5 1 2 -3 5 1 2 -3 5 1 2 -3 5 1 2 -3 5 1 2 -3 5 1 2 -3 5 1 2 -3 5 1 2 -3 5 1 0 1 1 1 2 1 3 1 4 1 5 1 6 1 7 1 8 1 9 1 10 1 11 1 12 1 13 1 14 1
constant_periodic_d11_insert P 11 14 15 1 2 -3 5 1 2 -3 5 1 2 -3 5 1 2 -3 5 1 2 -3 5 1 2 -3 5 1 2 -3 5 1 2 -3 5 1 2 -3 5 1 2 -3 5 1 2 -3 5 1 2 -3 5 1 2 -3 5 1 2 -3 5 1 0 1 1 1 2 1 3 1 4 1 5 1 6 1 7 1 8 1 9 1 10 1 11 1 12 1 13 1 14 1 I 0.25 11 | constant_periodic_d11_insert R 1 1 11 1 25 16 0 14 2 -3 5 1 2 -3 5 1 2 -3 5 1 2 -3 5 1 2 -3 5 1 2 -3 5 1 2 -3 5 1 2 -3 5 1 2 -3 5 1 2 -3 5 1 2 -3 5 1 2 -3 5 1 2 -3 5 1 2 -3 5 1 2 -3 5 1 2 -3 5 1 2 -3 5 1 2 -3 5 1 2 -3 5 1 2 -3 5 1 2 -3 5 1 2 -3 5 1 2 -3 5 1 2 -3 5 1 2 -3 5 1 0 1 1/4 11 1 1 2 1 3 1 4 1 5 1 6 1 7 1 8 1 9 1 10 1 11 1 12 1 13 1 14 1
constant_periodic_d11_sequence P 11 14 15 4 2 -3 5 1 2 -3 5 1 2 -3 5 1 2 -3 5 1 2 -3 5 1 2 -3 5 1 2 -3 5 1 2 -3 5 1 2 -3 5 1 2 -3 5 1 2 -3 5 1 2 -3 5 1 2 -3 5 1 2 -3 5 1 0 1 1 1 2 1 3 1 4 1 5 1 6 1 7 1 8 1 9 1 10 1 11 1 12 1 13 1 14 1 I 0.75 1 I 0.25 11 I 0.75 11 I 0.25 1 | constant_periodic_d11_sequence R 4 1 1 1 1 11 1 36 17 0 14 2 -3 5 1 2 -3 5 1 2 -3 5 1 2 -3 5 1 2 -3 5 1 2 -3 5 1 2 -3 5 1 2 -3 5 1 2 -3 5 1 2 -3 5 1 2 -3 5 1 2 -3 5 1 2 -3 5 1 2 -3 5 1 2 -3 5 1 2 -3 5 1 2 -3 5 1 2 -3 5 1 2 -3 5 1 2 -3 5 1 2 -3 5 1 2 -3 5 1 2 -3 5 1 2 -3 5 1 2 -3 5 1 2 -3 5 1 2 -3 5 1 2 -3 5 1 2 -3 5 1 2 -3 5 1 2 -3 5 1 2 -3 5 1 2 -3 5 1 2 -3 5 1 2 -3 5 1 2 -3 5 1 0 1 1/4 11 3/4 11 1 1 2 1 3 1 4 1 5 1 6 1 7 1 8 1 9 1 10 1 11 1 12 1 13 1 14 1
constant_periodic_d11_roundtrip P 11 14 15 2 2 -3 5 1 2 -3 5 1 2 -3 5 1 2 -3 5 1 2 -3 5 1 2 -3 5 1 2 -3 5 1 2 -3 5 1 2 -3 5 1 2 -3 5 1 2 -3 5 1 2 -3 5 1 2 -3 5 1 2 -3 5 1 0 1 1 1 2 1 3 1 4 1 5 1 6 1 7 1 8 1 9 1 10 1 11 1 12 1 13 1 14 1 I 0.25 1 R 0.25 0 | constant_periodic_d11_roundtrip R 2 1 1 11 1 14 15 0 14 2 -3 5 1 2 -3 5 1 2 -3 5 1 2 -3 5 1 2 -3 5 1 2 -3 5 1 2 -3 5 1 2 -3 5 1 2 -3 5 1 2 -3 5 1 2 -3 5 1 2 -3 5 1 2 -3 5 1 2 -3 5 1 0 1 1 1 2 1 3 1 4 1 5 1 6 1 7 1 8 1 9 1 10 1 11 1 12 1 13 1 14 1
constant_periodic_d11_full_roundtrip P 11 14 15 2 2 -3 5 1 2 -3 5 1 2 -3 5 1 2 -3 5 1 2 -3 5 1 2 -3 5 1 2 -3 5 1 2 -3 5 1 2 -3 5 1 2 -3 5 1 2 -3 5 1 2 -3 5 1 2 -3 5 1 2 -3 5 1 0 1 1 1 2 1 3 1 4 1 5 1 6 1 7 1 8 1 9 1 10 1 11 1 12 1 13 1 14 1 I 0.25 11 R 0.25 0 | constant_periodic_d11_full_roundtrip R 2 1 1 11 1 14 15 0 14 2 -3 5 1 2 -3 5 1 2 -3 5 1 2 -3 5 1 2 -3 5 1 2 -3 5 1 2 -3 5 1 2 -3 5 1 2 -3 5 1 2 -3 5 1 2 -3 5 1 2 -3 5 1 2 -3 5 1 2 -3 5 1 0 1 1 1 2 1 3 1 4 1 5 1 6 1 7 1 8 1 9 1 10 1 11 1 12 1 13 1 14 1
constant_periodic_d11_remove_existing P 11 14 15 1 2 -3 5 1 2 -3 5 1 2 -3 5 1 2 -3 5 1 2 -3 5 1 2 -3 5 1 2 -3 5 1 2 -3 5 1 2 -3 5 1 2 -3 5 1 2 -3 5 1 2 -3 5 1 2 -3 5 1 2 -3 5 1 0 1 1 1 2 1 3 1 4 1 5 1 6 1 7 1 8 1 9 1 10 1 11 1 12 1 13 1 14 1 R 1 0 | constant_periodic_d11_remove_existing R 1 1 11 1 13 14 0 14 2 -3 5 1 2 -3 5 1 2 -3 5 1 2 -3 5 1 2 -3 5 1 2 -3 5 1 2 -3 5 1 2 -3 5 1 2 -3 5 1 2 -3 5 1 2 -3 5 1 2 -3 5 1 2 -3 5 1 0 1 2 1 3 1 4 1 5 1 6 1 7 1 8 1 9 1 10 1 11 1 12 1 13 1 14 1
constant_periodic_d11_seam P 11 14 15 2 2 -3 5 1 2 -3 5 1 2 -3 5 1 2 -3 5 1 2 -3 5 1 2 -3 5 1 2 -3 5 1 2 -3 5 1 2 -3 5 1 2 -3 5 1 2 -3 5 1 2 -3 5 1 2 -3 5 1 2 -3 5 1 0 1 1 1 2 1 3 1 4 1 5 1 6 1 7 1 8 1 9 1 10 1 11 1 12 1 13 1 14 1 I 0 11 I 14 11 | constant_periodic_d11_seam R 2 1 1 11 1 24 15 0 14 2 -3 5 1 2 -3 5 1 2 -3 5 1 2 -3 5 1 2 -3 5 1 2 -3 5 1 2 -3 5 1 2 -3 5 1 2 -3 5 1 2 -3 5 1 2 -3 5 1 2 -3 5 1 2 -3 5 1 2 -3 5 1 2 -3 5 1 2 -3 5 1 2 -3 5 1 2 -3 5 1 2 -3 5 1 2 -3 5 1 2 -3 5 1 2 -3 5 1 2 -3 5 1 2 -3 5 1 0 11 1 1 2 1 3 1 4 1 5 1 6 1 7 1 8 1 9 1 10 1 11 1 12 1 13 1 14 11
constant_periodic_d11_seam_roundtrip P 11 14 15 2 2 -3 5 1 2 -3 5 1 2 -3 5 1 2 -3 5 1 2 -3 5 1 2 -3 5 1 2 -3 5 1 2 -3 5 1 2 -3 5 1 2 -3 5 1 2 -3 5 1 2 -3 5 1 2 -3 5 1 2 -3 5 1 0 1 1 1 2 1 3 1 4 1 5 1 6 1 7 1 8 1 9 1 10 1 11 1 12 1 13 1 14 1 I 14 11 R 0 1 | constant_periodic_d11_seam_roundtrip R 2 1 1 11 1 14 15 0 14 2 -3 5 1 2 -3 5 1 2 -3 5 1 2 -3 5 1 2 -3 5 1 2 -3 5 1 2 -3 5 1 2 -3 5 1 2 -3 5 1 2 -3 5 1 2 -3 5 1 2 -3 5 1 2 -3 5 1 2 -3 5 1 0 1 1 1 2 1 3 1 4 1 5 1 6 1 7 1 8 1 9 1 10 1 11 1 12 1 13 1 14 1
constant_periodic_d11_remove_origin P 11 14 15 1 2 -3 5 1 2 -3 5 1 2 -3 5 1 2 -3 5 1 2 -3 5 1 2 -3 5 1 2 -3 5 1 2 -3 5 1 2 -3 5 1 2 -3 5 1 2 -3 5 1 2 -3 5 1 2 -3 5 1 2 -3 5 1 0 1 1 1 2 1 3 1 4 1 5 1 6 1 7 1 8 1 9 1 10 1 11 1 12 1 13 1 14 1 R 0 0 | constant_periodic_d11_remove_origin R 1 1 11 1 13 14 1 15 2 -3 5 1 2 -3 5 1 2 -3 5 1 2 -3 5 1 2 -3 5 1 2 -3 5 1 2 -3 5 1 2 -3 5 1 2 -3 5 1 2 -3 5 1 2 -3 5 1 2 -3 5 1 2 -3 5 1 1 1 2 1 3 1 4 1 5 1 6 1 7 1 8 1 9 1 10 1 11 1 12 1 13 1 15 1
constant_periodic_d11_remove_end_alias P 11 14 15 1 2 -3 5 1 2 -3 5 1 2 -3 5 1 2 -3 5 1 2 -3 5 1 2 -3 5 1 2 -3 5 1 2 -3 5 1 2 -3 5 1 2 -3 5 1 2 -3 5 1 2 -3 5 1 2 -3 5 1 2 -3 5 1 0 1 1 1 2 1 3 1 4 1 5 1 6 1 7 1 8 1 9 1 10 1 11 1 12 1 13 1 14 1 R 14 0 | constant_periodic_d11_remove_end_alias R 1 1 11 1 13 14 1 15 2 -3 5 1 2 -3 5 1 2 -3 5 1 2 -3 5 1 2 -3 5 1 2 -3 5 1 2 -3 5 1 2 -3 5 1 2 -3 5 1 2 -3 5 1 2 -3 5 1 2 -3 5 1 2 -3 5 1 1 1 2 1 3 1 4 1 5 1 6 1 7 1 8 1 9 1 10 1 11 1 12 1 13 1 15 1
unclamped_nonuniform_d12_identity S 12 49 7 0 -2 -6 -5 0.5 -1 -5 2 1 0 -2 -2 1.5 1 3 5 0.5 2 -3 1 1 3 6 -3 1.5 4 4 4 0.5 5 4 0 1 6 6 -4 1.5 7 -3 3 0.5 8 3 -1 1 9 -2 -5 1.5 10 -5 2 0.5 11 -6 -2 1 12 -5 5 1.5 13 -2 1 0.5 14 3 -3 1 15 -3 4 1.5 16 6 0 0.5 17 4 -4 1 18 4 3 1.5 19 6 -1 0.5 20 -3 -5 1 21 3 2 1.5 22 -2 -2 0.5 23 -5 5 1 24 -6 1 1.5 25 -5 -3 0.5 26 -2 4 1 27 3 0 1.5 28 -3 -4 0.5 29 6 3 1 30 4 -1 1.5 31 4 -5 0.5 32 6 2 1 33 -3 -2 1.5 34 3 5 0.5 35 -2 1 1 36 -5 -3 1.5 37 -6 4 0.5 38 -5 0 1 39 -2 -4 1.5 40 3 3 0.5 41 -3 -1 1 42 6 -5 1.5 43 4 2 0.5 44 4 -2 1 45 6 5 1.5 46 -3 1 0.5 -2 12 -1 12 0 1 1 12 2 1 3 12 4 12 | unclamped_nonuniform_d12_identity R 0 12 0 49 7 -1 3 -1 -3 -5/2 1/2 -1 -5 2 1 0 -3 -3 3/2 1/2 3/2 5/2 1/2 2 -3 1 1 9/2 9 -9/2 3/2 2 2 2 1/2 5 4 0 1 9 9 -6 3/2 7/2 -3/2 3/2 1/2 8 3 -1 1 27/2 -3 -15/2 3/2 5 -5/2 1 1/2 11 -6 -2 1 18 -15/2 15/2 3/2 13/2 -1 1/2 1/2 14 3 -3 1 45/2 -9/2 6 3/2 8 3 0 1/2 17 4 -4 1 27 6 9/2 3/2 19/2 3 -1/2 1/2 20 -3 -5 1 63/2 9/2 3 3/2 11 -1 -1 1/2 23 -5 5 1 36 -9 3/2 3/2 25/2 -5/2 -3/2 1/2 26 -2 4 1 81/2 9/2 0 3/2 14 -3/2 -2 1/2 29 6 3 1 45 6 -3/2 3/2 31/2 2 -5/2 1/2 32 6 2 1 99/2 -9/2 -3 3/2 17 3/2 5/2 1/2 35 -2 1 1 54 -15/2 -9/2 3/2 37/2 -3 2 1/2 38 -5 0 1 117/2 -3 -6 3/2 20 3/2 3/2 1/2 41 -3 -1 1 63 9 -15/2 3/2 43/2 2 1 1/2 44 4 -2 1 135/2 9 15/2 3/2 23 -3/2 1/2 1/2 -2 12 -1 12 0 1 1 12 2 1 3 12 4 12
unclamped_nonuniform_d12_insert S 12 49 7 1 -2 -6 -5 0.5 -1 -5 2 1 0 -2 -2 1.5 1 3 5 0.5 2 -3 1 1 3 6 -3 1.5 4 4 4 0.5 5 4 0 1 6 6 -4 1.5 7 -3 3 0.5 8 3 -1 1 9 -2 -5 1.5 10 -5 2 0.5 11 -6 -2 1 12 -5 5 1.5 13 -2 1 0.5 14 3 -3 1 15 -3 4 1.5 16 6 0 0.5 17 4 -4 1 18 4 3 1.5 19 6 -1 0.5 20 -3 -5 1 21 3 2 1.5 22 -2 -2 0.5 23 -5 5 1 24 -6 1 1.5 25 -5 -3 0.5 26 -2 4 1 27 3 0 1.5 28 -3 -4 0.5 29 6 3 1 30 4 -1 1.5 31 4 -5 0.5 32 6 2 1 33 -3 -2 1.5 34 3 5 0.5 35 -2 1 1 36 -5 -3 1.5 37 -6 4 0.5 38 -5 0 1 39 -2 -4 1.5 40 3 3 0.5 41 -3 -1 1 42 6 -5 1.5 43 4 2 0.5 44 4 -2 1 45 6 5 1.5 46 -3 1 0.5 -2 12 -1 12 0 1 1 12 2 1 3 12 4 12 I -0.75 12 | unclamped_nonuniform_d12_insert R 1 1 12 0 61 8 -1 3 -1 -3 -5/2 1/2 -1 -5 2 1 0 -3 -3 3/2 1/2 3/2 5/2 1/2 2 -3 1 1 9/2 9 -9/2 3/2 2 2 2 1/2 5 4 0 1 9 9 -6 3/2 7/2 -3/2 3/2 1/2 8 3 -1 1 27/2 -3 -15/2 3/2 91/8 -23/8 -43/8 5/4 319/32 -185/64 -31/8 69/64 2331/256 -769/256 -1431/512 247/256 35405/4096 -407/128 -2043/1024 3665/4096 8675/1024 -111073/32768 -22643/16384 28047/32768 2228655/262144 -473381/131072 -58595/65536 13747/16384 9087575/1048576 -2007207/524288 -1031171/2097152 1755547/2097152 74793043/8388608 -67572403/16777216 -1257781/8388608 14173935/16777216 309132003/33554432 -563769275/134217728 19658263/134217728 57602029/67108864 10233352331/1073741824 -4661289341/1073741824 218315183/536870912 939345005/1073741824 2644322483/268435456 -2387370953/536870912 2731465681/4294967296 7665402603/8589934592 698317581501/68719476736 -310360035077/68719476736 28781023407/34359738368 1953433037/2147483648 190607664765/17179869184 -81172423589/17179869184 12392229321/8589934592 8258720783/8589934592 28080226475/2147483648 -9561029175/2147483648 305150905/134217728 2312113555/2147483648 861954219/67108864 -151161405/67108864 297864465/134217728 264697737/268435456 53686605/4194304 5583027/33554432 4591187/33554432 471257/524288 69292825/4194304 234641/2097152 2187755/2097152 4675877/4194304 8518335/524288 -39591/262144 1184259/524288 547221/524288 873075/65536 240781/65536 -16501/16384 25835/32768 162491/8192 37277/8192 -1857/2048 9271/8192 11109/512 4881/1024 171/64 1221/1024 777/64 219/128 -183/128 5/8 343/16 -33/16 -4 17/16 63/2 9/2 3 3/2 11 -1 -1 1/2 23 -5 5 1 36 -9 3/2 3/2 25/2 -5/2 -3/2 1/2 26 -2 4 1 81/2 9/2 0 3/2 14 -3/2 -2 1/2 29 6 3 1 45 6 -3/2 3/2 31/2 2 -5/2 1/2 32 6 2 1 99/2 -9/2 -3 3/2 17 3/2 5/2 1/2 35 -2 1 1 54 -15/2 -9/2 3/2 37/2 -3 2 1/2 38 -5 0 1 117/2 -3 -6 3/2 20 3/2 3/2 1/2 41 -3 -1 1 63 9 -15/2 3/2 43/2 2 1 1/2 44 4 -2 1 135/2 9 15/2 3/2 23 -3/2 1/2 1/2 -2 12 -1 12 -3/4 12 0 1 1 12 2 1 3 12 4 12
unclamped_nonuniform_d12_sequence S 12 49 7 4 -2 -6 -5 0.5 -1 -5 2 1 0 -2 -2 1.5 1 3 5 0.5 2 -3 1 1 3 6 -3 1.5 4 4 4 0.5 5 4 0 1 6 6 -4 1.5 7 -3 3 0.5 8 3 -1 1 9 -2 -5 1.5 10 -5 2 0.5 11 -6 -2 1 12 -5 5 1.5 13 -2 1 0.5 14 3 -3 1 15 -3 4 1.5 16 6 0 0.5 17 4 -4 1 18 4 3 1.5 19 6 -1 0.5 20 -3 -5 1 21 3 2 1.5 22 -2 -2 0.5 23 -5 5 1 24 -6 1 1.5 25 -5 -3 0.5 26 -2 4 1 27 3 0 1.5 28 -3 -4 0.5 29 6 3 1 30 4 -1 1.5 31 4 -5 0.5 32 6 2 1 33 -3 -2 1.5 34 3 5 0.5 35 -2 1 1 36 -5 -3 1.5 37 -6 4 0.5 38 -5 0 1 39 -2 -4 1.5 40 3 3 0.5 41 -3 -1 1 42 6 -5 1.5 43 4 2 0.5 44 4 -2 1 45 6 5 1.5 46 -3 1 0.5 -2 12 -1 12 0 1 1 12 2 1 3 12 4 12 I -0.25 1 I -0.75 12 I -0.25 12 I -0.75 1 | unclamped_nonuniform_d12_sequence R 4 1 1 1 1 12 0 73 9 -1 3 -1 -3 -5/2 1/2 -1 -5 2 1 0 -3 -3 3/2 1/2 3/2 5/2 1/2 2 -3 1 1 9/2 9 -9/2 3/2 2 2 2 1/2 5 4 0 1 9 9 -6 3/2 7/2 -3/2 3/2 1/2 8 3 -1 1 27/2 -3 -15/2 3/2 91/8 -23/8 -43/8 5/4 319/32 -185/64 -31/8 69/64 2331/256 -769/256 -1431/512 247/256 35405/4096 -407/128 -2043/1024 3665/4096 8675/1024 -111073/32768 -22643/16384 28047/32768 2228655/262144 -473381/131072 -58595/65536 13747/16384 9087575/1048576 -2007207/524288 -1031171/2097152 1755547/2097152 74793043/8388608 -67572403/16777216 -1257781/8388608 14173935/16777216 309132003/33554432 -563769275/134217728 19658263/134217728 57602029/67108864 10233352331/1073741824 -4661289341/1073741824 218315183/536870912 939345005/1073741824 2644322483/268435456 -2387370953/536870912 2731465681/4294967296 7665402603/8589934592 698317581501/68719476736 -310360035077/68719476736 28781023407/34359738368 1953433037/2147483648 741059633207/68719476736 -319913141263/68719476736 42639619325/34359738368 4055195619/4294967296 781237762469/68719476736 -319528603181/68719476736 52697192135/34359738368 524862391/536870912 812285729007/68719476736 -308624611207/68719476736 59832516805/34359738368 4292955589/4294967296 834579591629/68719476736 -288832180885/68719476736 63727881887/34359738368 2168163387/2147483648 851168899943/68719476736 -262820526783/68719476736 64607034829/34359738368 4344365255/4294967296 865262219061/68719476736 -233387214397/68719476736 63210171959/34359738368 1083567637/1073741824 879118646687/68719476736 -202857581495/68719476736 60423540245/34359738368 4318888041/4294967296 893860781021/68719476736 -172819440421/68719476736 56999582607/34359738368 2152715497/2147483648 909744207255/68719476736 -144119265391/68719476736 53441749917/34359738368 4296569899/4294967296 926546407877/68719476736 -117011805005/68719476736 50010762407/34359738368 268263063/268435456 943890303311/68719476736 -91368726247/68719476736 46789509221/34359738368 4291052429/4294967296 961439709933/68719476736 -66881884341/68719476736 43758937983/34359738368 2145817047/2147483648 242553603311/17179869184 -13659615847/17179869184 10560913091/8589934592 8583849853/8589934592 31698275587/2147483648 160417041/2147483648 136349909/134217728 2147775947/2147483648 1033895601/67108864 57267213/67108864 112108299/134217728 269091339/268435456 67039421/4194304 54739219/33554432 22003891/33554432 524587/524288 69202931/4194304 5334459/2097152 781761/2097152 4160791/4194304 9031527/524288 913473/262144 21099/524288 521517/524288 1200809/65536 259287/65536 177/16384 33577/32768 154603/8192 28589/8192 559/2048 8423/8192 9063/512 2283/1024 -9/32 951/1024 1121/64 51/128 -271/128 7/8 389/16 -3/16 -2 19/16 63/2 9/2 3 3/2 11 -1 -1 1/2 23 -5 5 1 36 -9 3/2 3/2 25/2 -5/2 -3/2 1/2 26 -2 4 1 81/2 9/2 0 3/2 14 -3/2 -2 1/2 29 6 3 1 45 6 -3/2 3/2 31/2 2 -5/2 1/2 32 6 2 1 99/2 -9/2 -3 3/2 17 3/2 5/2 1/2 35 -2 1 1 54 -15/2 -9/2 3/2 37/2 -3 2 1/2 38 -5 0 1 117/2 -3 -6 3/2 20 3/2 3/2 1/2 41 -3 -1 1 63 9 -15/2 3/2 43/2 2 1 1/2 44 4 -2 1 135/2 9 15/2 3/2 23 -3/2 1/2 1/2 -2 12 -1 12 -3/4 12 -1/4 12 0 1 1 12 2 1 3 12 4 12
unclamped_nonuniform_d12_roundtrip S 12 49 7 2 -2 -6 -5 0.5 -1 -5 2 1 0 -2 -2 1.5 1 3 5 0.5 2 -3 1 1 3 6 -3 1.5 4 4 4 0.5 5 4 0 1 6 6 -4 1.5 7 -3 3 0.5 8 3 -1 1 9 -2 -5 1.5 10 -5 2 0.5 11 -6 -2 1 12 -5 5 1.5 13 -2 1 0.5 14 3 -3 1 15 -3 4 1.5 16 6 0 0.5 17 4 -4 1 18 4 3 1.5 19 6 -1 0.5 20 -3 -5 1 21 3 2 1.5 22 -2 -2 0.5 23 -5 5 1 24 -6 1 1.5 25 -5 -3 0.5 26 -2 4 1 27 3 0 1.5 28 -3 -4 0.5 29 6 3 1 30 4 -1 1.5 31 4 -5 0.5 32 6 2 1 33 -3 -2 1.5 34 3 5 0.5 35 -2 1 1 36 -5 -3 1.5 37 -6 4 0.5 38 -5 0 1 39 -2 -4 1.5 40 3 3 0.5 41 -3 -1 1 42 6 -5 1.5 43 4 2 0.5 44 4 -2 1 45 6 5 1.5 46 -3 1 0.5 -2 12 -1 12 0 1 1 12 2 1 3 12 4 12 I -0.75 1 R -0.75 0 | unclamped_nonuniform_d12_roundtrip R 2 1 1 12 0 49 7 -1 3 -1 -3 -5/2 1/2 -1 -5 2 1 0 -3 -3 3/2 1/2 3/2 5/2 1/2 2 -3 1 1 9/2 9 -9/2 3/2 2 2 2 1/2 5 4 0 1 9 9 -6 3/2 7/2 -3/2 3/2 1/2 8 3 -1 1 27/2 -3 -15/2 3/2 5 -5/2 1 1/2 11 -6 -2 1 18 -15/2 15/2 3/2 13/2 -1 1/2 1/2 14 3 -3 1 45/2 -9/2 6 3/2 8 3 0 1/2 17 4 -4 1 27 6 9/2 3/2 19/2 3 -1/2 1/2 20 -3 -5 1 63/2 9/2 3 3/2 11 -1 -1 1/2 23 -5 5 1 36 -9 3/2 3/2 25/2 -5/2 -3/2 1/2 26 -2 4 1 81/2 9/2 0 3/2 14 -3/2 -2 1/2 29 6 3 1 45 6 -3/2 3/2 31/2 2 -5/2 1/2 32 6 2 1 99/2 -9/2 -3 3/2 17 3/2 5/2 1/2 35 -2 1 1 54 -15/2 -9/2 3/2 37/2 -3 2 1/2 38 -5 0 1 117/2 -3 -6 3/2 20 3/2 3/2 1/2 41 -3 -1 1 63 9 -15/2 3/2 43/2 2 1 1/2 44 4 -2 1 135/2 9 15/2 3/2 23 -3/2 1/2 1/2 -2 12 -1 12 0 1 1 12 2 1 3 12 4 12
unclamped_nonuniform_d12_full_roundtrip S 12 49 7 2 -2 -6 -5 0.5 -1 -5 2 1 0 -2 -2 1.5 1 3 5 0.5 2 -3 1 1 3 6 -3 1.5 4 4 4 0.5 5 4 0 1 6 6 -4 1.5 7 -3 3 0.5 8 3 -1 1 9 -2 -5 1.5 10 -5 2 0.5 11 -6 -2 1 12 -5 5 1.5 13 -2 1 0.5 14 3 -3 1 15 -3 4 1.5 16 6 0 0.5 17 4 -4 1 18 4 3 1.5 19 6 -1 0.5 20 -3 -5 1 21 3 2 1.5 22 -2 -2 0.5 23 -5 5 1 24 -6 1 1.5 25 -5 -3 0.5 26 -2 4 1 27 3 0 1.5 28 -3 -4 0.5 29 6 3 1 30 4 -1 1.5 31 4 -5 0.5 32 6 2 1 33 -3 -2 1.5 34 3 5 0.5 35 -2 1 1 36 -5 -3 1.5 37 -6 4 0.5 38 -5 0 1 39 -2 -4 1.5 40 3 3 0.5 41 -3 -1 1 42 6 -5 1.5 43 4 2 0.5 44 4 -2 1 45 6 5 1.5 46 -3 1 0.5 -2 12 -1 12 0 1 1 12 2 1 3 12 4 12 I -0.75 12 R -0.75 0 | unclamped_nonuniform_d12_full_roundtrip R 2 1 1 12 0 49 7 -1 3 -1 -3 -5/2 1/2 -1 -5 2 1 0 -3 -3 3/2 1/2 3/2 5/2 1/2 2 -3 1 1 9/2 9 -9/2 3/2 2 2 2 1/2 5 4 0 1 9 9 -6 3/2 7/2 -3/2 3/2 1/2 8 3 -1 1 27/2 -3 -15/2 3/2 5 -5/2 1 1/2 11 -6 -2 1 18 -15/2 15/2 3/2 13/2 -1 1/2 1/2 14 3 -3 1 45/2 -9/2 6 3/2 8 3 0 1/2 17 4 -4 1 27 6 9/2 3/2 19/2 3 -1/2 1/2 20 -3 -5 1 63/2 9/2 3 3/2 11 -1 -1 1/2 23 -5 5 1 36 -9 3/2 3/2 25/2 -5/2 -3/2 1/2 26 -2 4 1 81/2 9/2 0 3/2 14 -3/2 -2 1/2 29 6 3 1 45 6 -3/2 3/2 31/2 2 -5/2 1/2 32 6 2 1 99/2 -9/2 -3 3/2 17 3/2 5/2 1/2 35 -2 1 1 54 -15/2 -9/2 3/2 37/2 -3 2 1/2 38 -5 0 1 117/2 -3 -6 3/2 20 3/2 3/2 1/2 41 -3 -1 1 63 9 -15/2 3/2 43/2 2 1 1/2 44 4 -2 1 135/2 9 15/2 3/2 23 -3/2 1/2 1/2 -2 12 -1 12 0 1 1 12 2 1 3 12 4 12
unclamped_nonuniform_d12_remove_existing S 12 49 7 1 -2 -6 -5 0.5 -1 -5 2 1 0 -2 -2 1.5 1 3 5 0.5 2 -3 1 1 3 6 -3 1.5 4 4 4 0.5 5 4 0 1 6 6 -4 1.5 7 -3 3 0.5 8 3 -1 1 9 -2 -5 1.5 10 -5 2 0.5 11 -6 -2 1 12 -5 5 1.5 13 -2 1 0.5 14 3 -3 1 15 -3 4 1.5 16 6 0 0.5 17 4 -4 1 18 4 3 1.5 19 6 -1 0.5 20 -3 -5 1 21 3 2 1.5 22 -2 -2 0.5 23 -5 5 1 24 -6 1 1.5 25 -5 -3 0.5 26 -2 4 1 27 3 0 1.5 28 -3 -4 0.5 29 6 3 1 30 4 -1 1.5 31 4 -5 0.5 32 6 2 1 33 -3 -2 1.5 34 3 5 0.5 35 -2 1 1 36 -5 -3 1.5 37 -6 4 0.5 38 -5 0 1 39 -2 -4 1.5 40 3 3 0.5 41 -3 -1 1 42 6 -5 1.5 43 4 2 0.5 44 4 -2 1 45 6 5 1.5 46 -3 1 0.5 -2 12 -1 12 0 1 1 12 2 1 3 12 4 12 R 0 0 | unclamped_nonuniform_d12_remove_existing R 1 0 12 0 49 7 -1 3 -1 -3 -5/2 1/2 -1 -5 2 1 0 -3 -3 3/2 1/2 3/2 5/2 1/2 2 -3 1 1 9/2 9 -9/2 3/2 2 2 2 1/2 5 4 0 1 9 9 -6 3/2 7/2 -3/2 3/2 1/2 8 3 -1 1 27/2 -3 -15/2 3/2 5 -5/2 1 1/2 11 -6 -2 1 18 -15/2 15/2 3/2 13/2 -1 1/2 1/2 14 3 -3 1 45/2 -9/2 6 3/2 8 3 0 1/2 17 4 -4 1 27 6 9/2 3/2 19/2 3 -1/2 1/2 20 -3 -5 1 63/2 9/2 3 3/2 11 -1 -1 1/2 23 -5 5 1 36 -9 3/2 3/2 25/2 -5/2 -3/2 1/2 26 -2 4 1 81/2 9/2 0 3/2 14 -3/2 -2 1/2 29 6 3 1 45 6 -3/2 3/2 31/2 2 -5/2 1/2 32 6 2 1 99/2 -9/2 -3 3/2 17 3/2 5/2 1/2 35 -2 1 1 54 -15/2 -9/2 3/2 37/2 -3 2 1/2 38 -5 0 1 117/2 -3 -6 3/2 20 3/2 3/2 1/2 41 -3 -1 1 63 9 -15/2 3/2 43/2 2 1 1/2 44 4 -2 1 135/2 9 15/2 3/2 23 -3/2 1/2 1/2 -2 12 -1 12 0 1 1 12 2 1 3 12 4 12
unclamped_nonuniform_d12_domain_ends S 12 49 7 2 -2 -6 -5 0.5 -1 -5 2 1 0 -2 -2 1.5 1 3 5 0.5 2 -3 1 1 3 6 -3 1.5 4 4 4 0.5 5 4 0 1 6 6 -4 1.5 7 -3 3 0.5 8 3 -1 1 9 -2 -5 1.5 10 -5 2 0.5 11 -6 -2 1 12 -5 5 1.5 13 -2 1 0.5 14 3 -3 1 15 -3 4 1.5 16 6 0 0.5 17 4 -4 1 18 4 3 1.5 19 6 -1 0.5 20 -3 -5 1 21 3 2 1.5 22 -2 -2 0.5 23 -5 5 1 24 -6 1 1.5 25 -5 -3 0.5 26 -2 4 1 27 3 0 1.5 28 -3 -4 0.5 29 6 3 1 30 4 -1 1.5 31 4 -5 0.5 32 6 2 1 33 -3 -2 1.5 34 3 5 0.5 35 -2 1 1 36 -5 -3 1.5 37 -6 4 0.5 38 -5 0 1 39 -2 -4 1.5 40 3 3 0.5 41 -3 -1 1 42 6 -5 1.5 43 4 2 0.5 44 4 -2 1 45 6 5 1.5 46 -3 1 0.5 -2 12 -1 12 0 1 1 12 2 1 3 12 4 12 I -1 12 I 3 12 | unclamped_nonuniform_d12_domain_ends R 2 1 1 12 0 49 7 -1 3 -1 -3 -5/2 1/2 -1 -5 2 1 0 -3 -3 3/2 1/2 3/2 5/2 1/2 2 -3 1 1 9/2 9 -9/2 3/2 2 2 2 1/2 5 4 0 1 9 9 -6 3/2 7/2 -3/2 3/2 1/2 8 3 -1 1 27/2 -3 -15/2 3/2 5 -5/2 1 1/2 11 -6 -2 1 18 -15/2 15/2 3/2 13/2 -1 1/2 1/2 14 3 -3 1 45/2 -9/2 6 3/2 8 3 0 1/2 17 4 -4 1 27 6 9/2 3/2 19/2 3 -1/2 1/2 20 -3 -5 1 63/2 9/2 3 3/2 11 -1 -1 1/2 23 -5 5 1 36 -9 3/2 3/2 25/2 -5/2 -3/2 1/2 26 -2 4 1 81/2 9/2 0 3/2 14 -3/2 -2 1/2 29 6 3 1 45 6 -3/2 3/2 31/2 2 -5/2 1/2 32 6 2 1 99/2 -9/2 -3 3/2 17 3/2 5/2 1/2 35 -2 1 1 54 -15/2 -9/2 3/2 37/2 -3 2 1/2 38 -5 0 1 117/2 -3 -6 3/2 20 3/2 3/2 1/2 41 -3 -1 1 63 9 -15/2 3/2 43/2 2 1 1/2 44 4 -2 1 135/2 9 15/2 3/2 23 -3/2 1/2 1/2 -2 12 -1 12 0 1 1 12 2 1 3 12 4 12
constant_periodic_d12_identity P 12 15 16 0 2 -3 5 1 2 -3 5 1 2 -3 5 1 2 -3 5 1 2 -3 5 1 2 -3 5 1 2 -3 5 1 2 -3 5 1 2 -3 5 1 2 -3 5 1 2 -3 5 1 2 -3 5 1 2 -3 5 1 2 -3 5 1 2 -3 5 1 0 1 1 1 2 1 3 1 4 1 5 1 6 1 7 1 8 1 9 1 10 1 11 1 12 1 13 1 14 1 15 1 | constant_periodic_d12_identity R 0 12 1 15 16 0 15 2 -3 5 1 2 -3 5 1 2 -3 5 1 2 -3 5 1 2 -3 5 1 2 -3 5 1 2 -3 5 1 2 -3 5 1 2 -3 5 1 2 -3 5 1 2 -3 5 1 2 -3 5 1 2 -3 5 1 2 -3 5 1 2 -3 5 1 0 1 1 1 2 1 3 1 4 1 5 1 6 1 7 1 8 1 9 1 10 1 11 1 12 1 13 1 14 1 15 1
constant_periodic_d12_insert P 12 15 16 1 2 -3 5 1 2 -3 5 1 2 -3 5 1 2 -3 5 1 2 -3 5 1 2 -3 5 1 2 -3 5 1 2 -3 5 1 2 -3 5 1 2 -3 5 1 2 -3 5 1 2 -3 5 1 2 -3 5 1 2 -3 5 1 2 -3 5 1 0 1 1 1 2 1 3 1 4 1 5 1 6 1 7 1 8 1 9 1 10 1 11 1 12 1 13 1 14 1 15 1 I 0.25 12 | constant_periodic_d12_insert R 1 1 12 1 27 17 0 15 2 -3 5 1 2 -3 5 1 2 -3 5 1 2 -3 5 1 2 -3 5 1 2 -3 5 1 2 -3 5 1 2 -3 5 1 2 -3 5 1 2 -3 5 1 2 -3 5 1 2 -3 5 1 2 -3 5 1 2 -3 5 1 2 -3 5 1 2 -3 5 1 2 -3 5 1 2 -3 5 1 2 -3 5 1 2 -3 5 1 2 -3 5 1 2 -3 5 1 2 -3 5 1 2 -3 5 1 2 -3 5 1 2 -3 5 1 2 -3 5 1 0 1 1/4 12 1 1 2 1 3 1 4 1 5 1 6 1 7 1 8 1 9 1 10 1 11 1 12 1 13 1 14 1 15 1
constant_periodic_d12_sequence P 12 15 16 4 2 -3 5 1 2 -3 5 1 2 -3 5 1 2 -3 5 1 2 -3 5 1 2 -3 5 1 2 -3 5 1 2 -3 5 1 2 -3 5 1 2 -3 5 1 2 -3 5 1 2 -3 5 1 2 -3 5 1 2 -3 5 1 2 -3 5 1 0 1 1 1 2 1 3 1 4 1 5 1 6 1 7 1 8 1 9 1 10 1 11 1 12 1 13 1 14 1 15 1 I 0.75 1 I 0.25 12 I 0.75 12 I 0.25 1 | constant_periodic_d12_sequence R 4 1 1 1 1 12 1 39 18 0 15 2 -3 5 1 2 -3 5 1 2 -3 5 1 2 -3 5 1 2 -3 5 1 2 -3 5 1 2 -3 5 1 2 -3 5 1 2 -3 5 1 2 -3 5 1 2 -3 5 1 2 -3 5 1 2 -3 5 1 2 -3 5 1 2 -3 5 1 2 -3 5 1 2 -3 5 1 2 -3 5 1 2 -3 5 1 2 -3 5 1 2 -3 5 1 2 -3 5 1 2 -3 5 1 2 -3 5 1 2 -3 5 1 2 -3 5 1 2 -3 5 1 2 -3 5 1 2 -3 5 1 2 -3 5 1 2 -3 5 1 2 -3 5 1 2 -3 5 1 2 -3 5 1 2 -3 5 1 2 -3 5 1 2 -3 5 1 2 -3 5 1 2 -3 5 1 0 1 1/4 12 3/4 12 1 1 2 1 3 1 4 1 5 1 6 1 7 1 8 1 9 1 10 1 11 1 12 1 13 1 14 1 15 1
constant_periodic_d12_roundtrip P 12 15 16 2 2 -3 5 1 2 -3 5 1 2 -3 5 1 2 -3 5 1 2 -3 5 1 2 -3 5 1 2 -3 5 1 2 -3 5 1 2 -3 5 1 2 -3 5 1 2 -3 5 1 2 -3 5 1 2 -3 5 1 2 -3 5 1 2 -3 5 1 0 1 1 1 2 1 3 1 4 1 5 1 6 1 7 1 8 1 9 1 10 1 11 1 12 1 13 1 14 1 15 1 I 0.25 1 R 0.25 0 | constant_periodic_d12_roundtrip R 2 1 1 12 1 15 16 0 15 2 -3 5 1 2 -3 5 1 2 -3 5 1 2 -3 5 1 2 -3 5 1 2 -3 5 1 2 -3 5 1 2 -3 5 1 2 -3 5 1 2 -3 5 1 2 -3 5 1 2 -3 5 1 2 -3 5 1 2 -3 5 1 2 -3 5 1 0 1 1 1 2 1 3 1 4 1 5 1 6 1 7 1 8 1 9 1 10 1 11 1 12 1 13 1 14 1 15 1
constant_periodic_d12_full_roundtrip P 12 15 16 2 2 -3 5 1 2 -3 5 1 2 -3 5 1 2 -3 5 1 2 -3 5 1 2 -3 5 1 2 -3 5 1 2 -3 5 1 2 -3 5 1 2 -3 5 1 2 -3 5 1 2 -3 5 1 2 -3 5 1 2 -3 5 1 2 -3 5 1 0 1 1 1 2 1 3 1 4 1 5 1 6 1 7 1 8 1 9 1 10 1 11 1 12 1 13 1 14 1 15 1 I 0.25 12 R 0.25 0 | constant_periodic_d12_full_roundtrip R 2 1 1 12 1 15 16 0 15 2 -3 5 1 2 -3 5 1 2 -3 5 1 2 -3 5 1 2 -3 5 1 2 -3 5 1 2 -3 5 1 2 -3 5 1 2 -3 5 1 2 -3 5 1 2 -3 5 1 2 -3 5 1 2 -3 5 1 2 -3 5 1 2 -3 5 1 0 1 1 1 2 1 3 1 4 1 5 1 6 1 7 1 8 1 9 1 10 1 11 1 12 1 13 1 14 1 15 1
constant_periodic_d12_remove_existing P 12 15 16 1 2 -3 5 1 2 -3 5 1 2 -3 5 1 2 -3 5 1 2 -3 5 1 2 -3 5 1 2 -3 5 1 2 -3 5 1 2 -3 5 1 2 -3 5 1 2 -3 5 1 2 -3 5 1 2 -3 5 1 2 -3 5 1 2 -3 5 1 0 1 1 1 2 1 3 1 4 1 5 1 6 1 7 1 8 1 9 1 10 1 11 1 12 1 13 1 14 1 15 1 R 1 0 | constant_periodic_d12_remove_existing R 1 1 12 1 14 15 0 15 2 -3 5 1 2 -3 5 1 2 -3 5 1 2 -3 5 1 2 -3 5 1 2 -3 5 1 2 -3 5 1 2 -3 5 1 2 -3 5 1 2 -3 5 1 2 -3 5 1 2 -3 5 1 2 -3 5 1 2 -3 5 1 0 1 2 1 3 1 4 1 5 1 6 1 7 1 8 1 9 1 10 1 11 1 12 1 13 1 14 1 15 1
constant_periodic_d12_seam P 12 15 16 2 2 -3 5 1 2 -3 5 1 2 -3 5 1 2 -3 5 1 2 -3 5 1 2 -3 5 1 2 -3 5 1 2 -3 5 1 2 -3 5 1 2 -3 5 1 2 -3 5 1 2 -3 5 1 2 -3 5 1 2 -3 5 1 2 -3 5 1 0 1 1 1 2 1 3 1 4 1 5 1 6 1 7 1 8 1 9 1 10 1 11 1 12 1 13 1 14 1 15 1 I 0 12 I 15 12 | constant_periodic_d12_seam R 2 1 1 12 1 26 16 0 15 2 -3 5 1 2 -3 5 1 2 -3 5 1 2 -3 5 1 2 -3 5 1 2 -3 5 1 2 -3 5 1 2 -3 5 1 2 -3 5 1 2 -3 5 1 2 -3 5 1 2 -3 5 1 2 -3 5 1 2 -3 5 1 2 -3 5 1 2 -3 5 1 2 -3 5 1 2 -3 5 1 2 -3 5 1 2 -3 5 1 2 -3 5 1 2 -3 5 1 2 -3 5 1 2 -3 5 1 2 -3 5 1 2 -3 5 1 0 12 1 1 2 1 3 1 4 1 5 1 6 1 7 1 8 1 9 1 10 1 11 1 12 1 13 1 14 1 15 12
constant_periodic_d12_seam_roundtrip P 12 15 16 2 2 -3 5 1 2 -3 5 1 2 -3 5 1 2 -3 5 1 2 -3 5 1 2 -3 5 1 2 -3 5 1 2 -3 5 1 2 -3 5 1 2 -3 5 1 2 -3 5 1 2 -3 5 1 2 -3 5 1 2 -3 5 1 2 -3 5 1 0 1 1 1 2 1 3 1 4 1 5 1 6 1 7 1 8 1 9 1 10 1 11 1 12 1 13 1 14 1 15 1 I 15 12 R 0 1 | constant_periodic_d12_seam_roundtrip R 2 1 1 12 1 15 16 0 15 2 -3 5 1 2 -3 5 1 2 -3 5 1 2 -3 5 1 2 -3 5 1 2 -3 5 1 2 -3 5 1 2 -3 5 1 2 -3 5 1 2 -3 5 1 2 -3 5 1 2 -3 5 1 2 -3 5 1 2 -3 5 1 2 -3 5 1 0 1 1 1 2 1 3 1 4 1 5 1 6 1 7 1 8 1 9 1 10 1 11 1 12 1 13 1 14 1 15 1
constant_periodic_d12_remove_origin P 12 15 16 1 2 -3 5 1 2 -3 5 1 2 -3 5 1 2 -3 5 1 2 -3 5 1 2 -3 5 1 2 -3 5 1 2 -3 5 1 2 -3 5 1 2 -3 5 1 2 -3 5 1 2 -3 5 1 2 -3 5 1 2 -3 5 1 2 -3 5 1 0 1 1 1 2 1 3 1 4 1 5 1 6 1 7 1 8 1 9 1 10 1 11 1 12 1 13 1 14 1 15 1 R 0 0 | constant_periodic_d12_remove_origin R 1 1 12 1 14 15 1 16 2 -3 5 1 2 -3 5 1 2 -3 5 1 2 -3 5 1 2 -3 5 1 2 -3 5 1 2 -3 5 1 2 -3 5 1 2 -3 5 1 2 -3 5 1 2 -3 5 1 2 -3 5 1 2 -3 5 1 2 -3 5 1 1 1 2 1 3 1 4 1 5 1 6 1 7 1 8 1 9 1 10 1 11 1 12 1 13 1 14 1 16 1
constant_periodic_d12_remove_end_alias P 12 15 16 1 2 -3 5 1 2 -3 5 1 2 -3 5 1 2 -3 5 1 2 -3 5 1 2 -3 5 1 2 -3 5 1 2 -3 5 1 2 -3 5 1 2 -3 5 1 2 -3 5 1 2 -3 5 1 2 -3 5 1 2 -3 5 1 2 -3 5 1 0 1 1 1 2 1 3 1 4 1 5 1 6 1 7 1 8 1 9 1 10 1 11 1 12 1 13 1 14 1 15 1 R 15 0 | constant_periodic_d12_remove_end_alias R 1 1 12 1 14 15 1 16 2 -3 5 1 2 -3 5 1 2 -3 5 1 2 -3 5 1 2 -3 5 1 2 -3 5 1 2 -3 5 1 2 -3 5 1 2 -3 5 1 2 -3 5 1 2 -3 5 1 2 -3 5 1 2 -3 5 1 2 -3 5 1 1 1 2 1 3 1 4 1 5 1 6 1 7 1 8 1 9 1 10 1 11 1 12 1 13 1 14 1 16 1
unclamped_nonuniform_d13_identity S 13 53 7 0 -2 -6 -5 0.5 -1 -5 2 1 0 -2 -2 1.5 1 3 5 0.5 2 -3 1 1 3 6 -3 1.5 4 4 4 0.5 5 4 0 1 6 6 -4 1.5 7 -3 3 0.5 8 3 -1 1 9 -2 -5 1.5 10 -5 2 0.5 11 -6 -2 1 12 -5 5 1.5 13 -2 1 0.5 14 3 -3 1 15 -3 4 1.5 16 6 0 0.5 17 4 -4 1 18 4 3 1.5 19 6 -1 0.5 20 -3 -5 1 21 3 2 1.5 22 -2 -2 0.5 23 -5 5 1 24 -6 1 1.5 25 -5 -3 0.5 26 -2 4 1 27 3 0 1.5 28 -3 -4 0.5 29 6 3 1 30 4 -1 1.5 31 4 -5 0.5 32 6 2 1 33 -3 -2 1.5 34 3 5 0.5 35 -2 1 1 36 -5 -3 1.5 37 -6 4 0.5 38 -5 0 1 39 -2 -4 1.5 40 3 3 0.5 41 -3 -1 1 42 6 -5 1.5 43 4 2 0.5 44 4 -2 1 45 6 5 1.5 46 -3 1 0.5 47 3 -3 1 48 -2 4 1.5 49 -5 0 0.5 50 -6 -4 1 -2 13 -1 13 0 1 1 13 2 1 3 13 4 13 | unclamped_nonuniform_d13_identity R 0 13 0 53 7 -1 3 -1 -3 -5/2 1/2 -1 -5 2 1 0 -3 -3 3/2 1/2 3/2 5/2 1/2 2 -3 1 1 9/2 9 -9/2 3/2 2 2 2 1/2 5 4 0 1 9 9 -6 3/2 7/2 -3/2 3/2 1/2 8 3 -1 1 27/2 -3 -15/2 3/2 5 -5/2 1 1/2 11 -6 -2 1 18 -15/2 15/2 3/2 13/2 -1 1/2 1/2 14 3 -3 1 45/2 -9/2 6 3/2 8 3 0 1/2 17 4 -4 1 27 6 9/2 3/2 19/2 3 -1/2 1/2 20 -3 -5 1 63/2 9/2 3 3/2 11 -1 -1 1/2 23 -5 5 1 36 -9 3/2 3/2 25/2 -5/2 -3/2 1/2 26 -2 4 1 81/2 9/2 0 3/2 14 -3/2 -2 1/2 29 6 3 1 45 6 -3/2 3/2 31/2 2 -5/2 1/2 32 6 2 1 99/2 -9/2 -3 3/2 17 3/2 5/2 1/2 35 -2 1 1 54 -15/2 -9/2 3/2 37/2 -3 2 1/2 38 -5 0 1 117/2 -3 -6 3/2 20 3/2 3/2 1/2 41 -3 -1 1 63 9 -15/2 3/2 43/2 2 1 1/2 44 4 -2 1 135/2 9 15/2 3/2 23 -3/2 1/2 1/2 47 3 -3 1 72 -3 6 3/2 49/2 -5/2 0 1/2 50 -6 -4 1 -2 13 -1 13 0 1 1 13 2 1 3 13 4 13
unclamped_nonuniform_d13_insert S 13 53 7 1 -2 -6 -5 0.5 -1 -5 2 1 0 -2 -2 1.5 1 3 5 0.5 2 -3 1 1 3 6 -3 1.5 4 4 4 0.5 5 4 0 1 6 6 -4 1.5 7 -3 3 0.5 8 3 -1 1 9 -2 -5 1.5 10 -5 2 0.5 11 -6 -2 1 12 -5 5 1.5 13 -2 1 0.5 14 3 -3 1 15 -3 4 1.5 16 6 0 0.5 17 4 -4 1 18 4 3 1.5 19 6 -1 0.5 20 -3 -5 1 21 3 2 1.5 22 -2 -2 0.5 23 -5 5 1 24 -6 1 1.5 25 -5 -3 0.5 26 -2 4 1 27 3 0 1.5 28 -3 -4 0.5 29 6 3 1 30 4 -1 1.5 31 4 -5 0.5 32 6 2 1 33 -3 -2 1.5 34 3 5 0.5 35 -2 1 1 36 -5 -3 1.5 37 -6 4 0.5 38 -5 0 1 39 -2 -4 1.5 40 3 3 0.5 41 -3 -1 1 42 6 -5 1.5 43 4 2 0.5 44 4 -2 1 45 6 5 1.5 46 -3 1 0.5 47 3 -3 1 48 -2 4 1.5 49 -5 0 0.5 50 -6 -4 1 -2 13 -1 13 0 1 1 13 2 1 3 13 4 13 I -0.75 13 | unclamped_nonuniform_d13_insert R 1 1 13 0 66 8 -1 3 -1 -3 -5/2 1/2 -1 -5 2 1 0 -3 -3 3/2 1/2 3/2 5/2 1/2 2 -3 1 1 9/2 9 -9/2 3/2 2 2 2 1/2 5 4 0 1 9 9 -6 3/2 7/2 -3/2 3/2 1/2 8 3 -1 1 27/2 -3 -15/2 3/2 5 -5/2 1 1/2 13/2 -27/8 1/4 5/8 251/32 -261/64 -1/64 47/64 4607/512 -1183/256 9/512 423/512 40781/4096 -20553/4096 451/2048 461/512 351551/32768 -173139/32768 8263/16384 31399/32768 2971141/262144 -712411/131072 212913/262144 262539/262144 6184873/524288 -11510575/2097152 2323179/2097152 1082521/1048576 101851073/8388608 -45801131/8388608 22990461/16777216 17666129/16777216 1663316663/134217728 -22498227/4194304 213362109/134217728 142994295/134217728 13498815635/1073741824 -5599142949/1073741824 118284769/67108864 71903359/67108864 109073120285/8589934592 -43155886869/8589934592 1014859519/536870912 9214836019/8589934592 878693571397/68719476736 -165025625477/34359738368 135844077825/68719476736 73574815815/68719476736 3532552214957/274877906944 -2507074347349/549755813888 1114485870059/549755813888 293092929541/274877906944 448235750383/34359738368 -526766841625/137438953472 299421403109/137438953472 4523030131/4294967296 223159053723/17179869184 -28955333445/17179869184 15249227551/8589934592 16736366285/17179869184 29306203189/2147483648 45718145/268435456 813816615/2147483648 2029332573/2147483648 4396379579/268435456 59188385/268435456 159947849/134217728 146243987/134217728 531705129/33554432 26199933/33554432 1591967/1048576 33505327/33554432 1949347/131072 16206299/4194304 -902455/1048576 3640653/4194304 5225747/262144 2332747/524288 -133893/524288 36863/32768 1304559/65536 32183/8192 53919/32768 70793/65536 119683/8192 4377/4096 -14403/8192 6057/8192 23489/1024 -787/1024 -645/256 575/512 3441/128 403/128 69/32 163/128 25/2 -3/2 -1/4 9/16 23 -5 5 1 36 -9 3/2 3/2 25/2 -5/2 -3/2 1/2 26 -2 4 1 81/2 9/2 0 3/2 14 -3/2 -2 1/2 29 6 3 1 45 6 -3/2 3/2 31/2 2 -5/2 1/2 32 6 2 1 99/2 -9/2 -3 3/2 17 3/2 5/2 1/2 35 -2 1 1 54 -15/2 -9/2 3/2 37/2 -3 2 1/2 38 -5 0 1 117/2 -3 -6 3/2 20 3/2 3/2 1/2 41 -3 -1 1 63 9 -15/2 3/2 43/2 2 1 1/2 44 4 -2 1 135/2 9 15/2 3/2 23 -3/2 1/2 1/2 47 3 -3 1 72 -3 6 3/2 49/2 -5/2 0 1/2 50 -6 -4 1 -2 13 -1 13 -3/4 13 0 1 1 13 2 1 3 13 4 13
unclamped_nonuniform_d13_sequence S 13 53 7 4 -2 -6 -5 0.5 -1 -5 2 1 0 -2 -2 1.5 1 3 5 0.5 2 -3 1 1 3 6 -3 1.5 4 4 4 0.5 5 4 0 1 6 6 -4 1.5 7 -3 3 0.5 8 3 -1 1 9 -2 -5 1.5 10 -5 2 0.5 11 -6 -2 1 12 -5 5 1.5 13 -2 1 0.5 14 3 -3 1 15 -3 4 1.5 16 6 0 0.5 17 4 -4 1 18 4 3 1.5 19 6 -1 0.5 20 -3 -5 1 21 3 2 1.5 22 -2 -2 0.5 23 -5 5 1 24 -6 1 1.5 25 -5 -3 0.5 26 -2 4 1 27 3 0 1.5 28 -3 -4 0.5 29 6 3 1 30 4 -1 1.5 31 4 -5 0.5 32 6 2 1 33 -3 -2 1.5 34 3 5 0.5 35 -2 1 1 36 -5 -3 1.5 37 -6 4 0.5 38 -5 0 1 39 -2 -4 1.5 40 3 3 0.5 41 -3 -1 1 42 6 -5 1.5 43 4 2 0.5 44 4 -2 1 45 6 5 1.5 46 -3 1 0.5 47 3 -3 1 48 -2 4 1.5 49 -5 0 0.5 50 -6 -4 1 -2 13 -1 13 0 1 1 13 2 1 3 13 4 13 I -0.25 1 I -0.75 13 I -0.25 13 I -0.75 1 | unclamped_nonuniform_d13_sequence R 4 1 1 1 1 13 0 79 9 -1 3 -1 -3 -5/2 1/2 -1 -5 2 1 0 -3 -3 3/2 1/2 3/2 5/2 1/2 2 -3 1 1 9/2 9 -9/2 3/2 2 2 2 1/2 5 4 0 1 9 9 -6 3/2 7/2 -3/2 3/2 1/2 8 3 -1 1 27/2 -3 -15/2 3/2 5 -5/2 1 1/2 13/2 -27/8 1/4 5/8 251/32 -261/64 -1/64 47/64 4607/512 -1183/256 9/512 423/512 40781/4096 -20553/4096 451/2048 461/512 351551/32768 -173139/32768 8263/16384 31399/32768 2971141/262144 -712411/131072 212913/262144 262539/262144 6184873/524288 -11510575/2097152 2323179/2097152 1082521/1048576 101851073/8388608 -45801131/8388608 22990461/16777216 17666129/16777216 1663316663/134217728 -22498227/4194304 213362109/134217728 142994295/134217728 13498815635/1073741824 -5599142949/1073741824 118284769/67108864 71903359/67108864 109073120285/8589934592 -43155886869/8589934592 1014859519/536870912 9214836019/8589934592 878693571397/68719476736 -165025625477/34359738368 135844077825/68719476736 73574815815/68719476736 3532552214957/274877906944 -2507074347349/549755813888 1114485870059/549755813888 293092929541/274877906944 3568108073695/274877906944 -2240403026783/549755813888 1169952364977/549755813888 290680262103/274877906944 3577037904037/274877906944 -1926656073021/549755813888 1146205949155/549755813888 285744217181/274877906944 3587758529927/274877906944 -1605940793367/549755813888 1066347558425/549755813888 280710707743/274877906944 3615558501853/274877906944 -1304568084069/549755813888 965448564891/549755813888 276918838005/274877906944 3663171590383/274877906944 -1034896653455/549755813888 868167462081/549755813888 274693797671/274877906944 3726150883157/274877906944 -798165001933/549755813888 785736136467/549755813888 273768686029/274877906944 3797913630487/274877906944 -588837103303/549755813888 719613855657/549755813888 273671687919/274877906944 3872820744973/274877906944 -398673279093/549755813888 666220490315/549755813888 273966188261/274877906944 3947340151295/274877906944 -219697786047/549755813888 620577333457/549755813888 274350996343/274877906944 4019958730501/274877906944 -45936772445/549755813888 578378028099/549755813888 274668154941/274877906944 4090541626279/274877906944 125876151177/549755813888 536762851897/549755813888 274866857663/274877906944 4159628538173/274877906944 296334133371/549755813888 494289569531/549755813888 274957749205/274877906944 4227910444559/274877906944 463846231057/549755813888 450547926497/549755813888 274975632071/274877906944 532756424719/34359738368 136900569975/137438953472 107169276245/137438953472 4296633961/4294967296 276984369177/17179869184 30084380265/17179869184 4964649165/8589934592 17183626239/17179869184 35926378429/2147483648 661335245/268435456 771830815/2147483648 2144874373/2147483648 4662606833/268435456 820714755/268435456 17061195/134217728 134050193/134217728 606349641/33554432 111343005/33554432 -59025/1048576 33674127/33554432 612469/32768 12674025/4194304 -176865/1048576 4218239/4194304 4989707/262144 1152755/524288 -203165/524288 32453/32768 1277853/65536 10065/8192 -27435/32768 64011/65536 172531/8192 2505/4096 -7795/8192 8377/8192 23387/1024 735/1024 25/256 557/512 2649/128 75/128 45/32 123/128 31/2 -5/2 5/4 11/16 23 -5 5 1 36 -9 3/2 3/2 25/2 -5/2 -3/2 1/2 26 -2 4 1 81/2 9/2 0 3/2 14 -3/2 -2 1/2 29 6 3 1 45 6 -3/2 3/2 31/2 2 -5/2 1/2 32 6 2 1 99/2 -9/2 -3 3/2 17 3/2 5/2 1/2 35 -2 1 1 54 -15/2 -9/2 3/2 37/2 -3 2 1/2 38 -5 0 1 117/2 -3 -6 3/2 20 3/2 3/2 1/2 41 -3 -1 1 63 9 -15/2 3/2 43/2 2 1 1/2 44 4 -2 1 135/2 9 15/2 3/2 23 -3/2 1/2 1/2 47 3 -3 1 72 -3 6 3/2 49/2 -5/2 0 1/2 50 -6 -4 1 -2 13 -1 13 -3/4 13 -1/4 13 0 1 1 13 2 1 3 13 4 13
unclamped_nonuniform_d13_roundtrip S 13 53 7 2 -2 -6 -5 0.5 -1 -5 2 1 0 -2 -2 1.5 1 3 5 0.5 2 -3 1 1 3 6 -3 1.5 4 4 4 0.5 5 4 0 1 6 6 -4 1.5 7 -3 3 0.5 8 3 -1 1 9 -2 -5 1.5 10 -5 2 0.5 11 -6 -2 1 12 -5 5 1.5 13 -2 1 0.5 14 3 -3 1 15 -3 4 1.5 16 6 0 0.5 17 4 -4 1 18 4 3 1.5 19 6 -1 0.5 20 -3 -5 1 21 3 2 1.5 22 -2 -2 0.5 23 -5 5 1 24 -6 1 1.5 25 -5 -3 0.5 26 -2 4 1 27 3 0 1.5 28 -3 -4 0.5 29 6 3 1 30 4 -1 1.5 31 4 -5 0.5 32 6 2 1 33 -3 -2 1.5 34 3 5 0.5 35 -2 1 1 36 -5 -3 1.5 37 -6 4 0.5 38 -5 0 1 39 -2 -4 1.5 40 3 3 0.5 41 -3 -1 1 42 6 -5 1.5 43 4 2 0.5 44 4 -2 1 45 6 5 1.5 46 -3 1 0.5 47 3 -3 1 48 -2 4 1.5 49 -5 0 0.5 50 -6 -4 1 -2 13 -1 13 0 1 1 13 2 1 3 13 4 13 I -0.75 1 R -0.75 0 | unclamped_nonuniform_d13_roundtrip R 2 1 1 13 0 53 7 -1 3 -1 -3 -5/2 1/2 -1 -5 2 1 0 -3 -3 3/2 1/2 3/2 5/2 1/2 2 -3 1 1 9/2 9 -9/2 3/2 2 2 2 1/2 5 4 0 1 9 9 -6 3/2 7/2 -3/2 3/2 1/2 8 3 -1 1 27/2 -3 -15/2 3/2 5 -5/2 1 1/2 11 -6 -2 1 18 -15/2 15/2 3/2 13/2 -1 1/2 1/2 14 3 -3 1 45/2 -9/2 6 3/2 8 3 0 1/2 17 4 -4 1 27 6 9/2 3/2 19/2 3 -1/2 1/2 20 -3 -5 1 63/2 9/2 3 3/2 11 -1 -1 1/2 23 -5 5 1 36 -9 3/2 3/2 25/2 -5/2 -3/2 1/2 26 -2 4 1 81/2 9/2 0 3/2 14 -3/2 -2 1/2 29 6 3 1 45 6 -3/2 3/2 31/2 2 -5/2 1/2 32 6 2 1 99/2 -9/2 -3 3/2 17 3/2 5/2 1/2 35 -2 1 1 54 -15/2 -9/2 3/2 37/2 -3 2 1/2 38 -5 0 1 117/2 -3 -6 3/2 20 3/2 3/2 1/2 41 -3 -1 1 63 9 -15/2 3/2 43/2 2 1 1/2 44 4 -2 1 135/2 9 15/2 3/2 23 -3/2 1/2 1/2 47 3 -3 1 72 -3 6 3/2 49/2 -5/2 0 1/2 50 -6 -4 1 -2 13 -1 13 0 1 1 13 2 1 3 13 4 13
unclamped_nonuniform_d13_full_roundtrip S 13 53 7 2 -2 -6 -5 0.5 -1 -5 2 1 0 -2 -2 1.5 1 3 5 0.5 2 -3 1 1 3 6 -3 1.5 4 4 4 0.5 5 4 0 1 6 6 -4 1.5 7 -3 3 0.5 8 3 -1 1 9 -2 -5 1.5 10 -5 2 0.5 11 -6 -2 1 12 -5 5 1.5 13 -2 1 0.5 14 3 -3 1 15 -3 4 1.5 16 6 0 0.5 17 4 -4 1 18 4 3 1.5 19 6 -1 0.5 20 -3 -5 1 21 3 2 1.5 22 -2 -2 0.5 23 -5 5 1 24 -6 1 1.5 25 -5 -3 0.5 26 -2 4 1 27 3 0 1.5 28 -3 -4 0.5 29 6 3 1 30 4 -1 1.5 31 4 -5 0.5 32 6 2 1 33 -3 -2 1.5 34 3 5 0.5 35 -2 1 1 36 -5 -3 1.5 37 -6 4 0.5 38 -5 0 1 39 -2 -4 1.5 40 3 3 0.5 41 -3 -1 1 42 6 -5 1.5 43 4 2 0.5 44 4 -2 1 45 6 5 1.5 46 -3 1 0.5 47 3 -3 1 48 -2 4 1.5 49 -5 0 0.5 50 -6 -4 1 -2 13 -1 13 0 1 1 13 2 1 3 13 4 13 I -0.75 13 R -0.75 0 | unclamped_nonuniform_d13_full_roundtrip R 2 1 1 13 0 53 7 -1 3 -1 -3 -5/2 1/2 -1 -5 2 1 0 -3 -3 3/2 1/2 3/2 5/2 1/2 2 -3 1 1 9/2 9 -9/2 3/2 2 2 2 1/2 5 4 0 1 9 9 -6 3/2 7/2 -3/2 3/2 1/2 8 3 -1 1 27/2 -3 -15/2 3/2 5 -5/2 1 1/2 11 -6 -2 1 18 -15/2 15/2 3/2 13/2 -1 1/2 1/2 14 3 -3 1 45/2 -9/2 6 3/2 8 3 0 1/2 17 4 -4 1 27 6 9/2 3/2 19/2 3 -1/2 1/2 20 -3 -5 1 63/2 9/2 3 3/2 11 -1 -1 1/2 23 -5 5 1 36 -9 3/2 3/2 25/2 -5/2 -3/2 1/2 26 -2 4 1 81/2 9/2 0 3/2 14 -3/2 -2 1/2 29 6 3 1 45 6 -3/2 3/2 31/2 2 -5/2 1/2 32 6 2 1 99/2 -9/2 -3 3/2 17 3/2 5/2 1/2 35 -2 1 1 54 -15/2 -9/2 3/2 37/2 -3 2 1/2 38 -5 0 1 117/2 -3 -6 3/2 20 3/2 3/2 1/2 41 -3 -1 1 63 9 -15/2 3/2 43/2 2 1 1/2 44 4 -2 1 135/2 9 15/2 3/2 23 -3/2 1/2 1/2 47 3 -3 1 72 -3 6 3/2 49/2 -5/2 0 1/2 50 -6 -4 1 -2 13 -1 13 0 1 1 13 2 1 3 13 4 13
unclamped_nonuniform_d13_remove_existing S 13 53 7 1 -2 -6 -5 0.5 -1 -5 2 1 0 -2 -2 1.5 1 3 5 0.5 2 -3 1 1 3 6 -3 1.5 4 4 4 0.5 5 4 0 1 6 6 -4 1.5 7 -3 3 0.5 8 3 -1 1 9 -2 -5 1.5 10 -5 2 0.5 11 -6 -2 1 12 -5 5 1.5 13 -2 1 0.5 14 3 -3 1 15 -3 4 1.5 16 6 0 0.5 17 4 -4 1 18 4 3 1.5 19 6 -1 0.5 20 -3 -5 1 21 3 2 1.5 22 -2 -2 0.5 23 -5 5 1 24 -6 1 1.5 25 -5 -3 0.5 26 -2 4 1 27 3 0 1.5 28 -3 -4 0.5 29 6 3 1 30 4 -1 1.5 31 4 -5 0.5 32 6 2 1 33 -3 -2 1.5 34 3 5 0.5 35 -2 1 1 36 -5 -3 1.5 37 -6 4 0.5 38 -5 0 1 39 -2 -4 1.5 40 3 3 0.5 41 -3 -1 1 42 6 -5 1.5 43 4 2 0.5 44 4 -2 1 45 6 5 1.5 46 -3 1 0.5 47 3 -3 1 48 -2 4 1.5 49 -5 0 0.5 50 -6 -4 1 -2 13 -1 13 0 1 1 13 2 1 3 13 4 13 R 0 0 | unclamped_nonuniform_d13_remove_existing R 1 0 13 0 53 7 -1 3 -1 -3 -5/2 1/2 -1 -5 2 1 0 -3 -3 3/2 1/2 3/2 5/2 1/2 2 -3 1 1 9/2 9 -9/2 3/2 2 2 2 1/2 5 4 0 1 9 9 -6 3/2 7/2 -3/2 3/2 1/2 8 3 -1 1 27/2 -3 -15/2 3/2 5 -5/2 1 1/2 11 -6 -2 1 18 -15/2 15/2 3/2 13/2 -1 1/2 1/2 14 3 -3 1 45/2 -9/2 6 3/2 8 3 0 1/2 17 4 -4 1 27 6 9/2 3/2 19/2 3 -1/2 1/2 20 -3 -5 1 63/2 9/2 3 3/2 11 -1 -1 1/2 23 -5 5 1 36 -9 3/2 3/2 25/2 -5/2 -3/2 1/2 26 -2 4 1 81/2 9/2 0 3/2 14 -3/2 -2 1/2 29 6 3 1 45 6 -3/2 3/2 31/2 2 -5/2 1/2 32 6 2 1 99/2 -9/2 -3 3/2 17 3/2 5/2 1/2 35 -2 1 1 54 -15/2 -9/2 3/2 37/2 -3 2 1/2 38 -5 0 1 117/2 -3 -6 3/2 20 3/2 3/2 1/2 41 -3 -1 1 63 9 -15/2 3/2 43/2 2 1 1/2 44 4 -2 1 135/2 9 15/2 3/2 23 -3/2 1/2 1/2 47 3 -3 1 72 -3 6 3/2 49/2 -5/2 0 1/2 50 -6 -4 1 -2 13 -1 13 0 1 1 13 2 1 3 13 4 13
unclamped_nonuniform_d13_domain_ends S 13 53 7 2 -2 -6 -5 0.5 -1 -5 2 1 0 -2 -2 1.5 1 3 5 0.5 2 -3 1 1 3 6 -3 1.5 4 4 4 0.5 5 4 0 1 6 6 -4 1.5 7 -3 3 0.5 8 3 -1 1 9 -2 -5 1.5 10 -5 2 0.5 11 -6 -2 1 12 -5 5 1.5 13 -2 1 0.5 14 3 -3 1 15 -3 4 1.5 16 6 0 0.5 17 4 -4 1 18 4 3 1.5 19 6 -1 0.5 20 -3 -5 1 21 3 2 1.5 22 -2 -2 0.5 23 -5 5 1 24 -6 1 1.5 25 -5 -3 0.5 26 -2 4 1 27 3 0 1.5 28 -3 -4 0.5 29 6 3 1 30 4 -1 1.5 31 4 -5 0.5 32 6 2 1 33 -3 -2 1.5 34 3 5 0.5 35 -2 1 1 36 -5 -3 1.5 37 -6 4 0.5 38 -5 0 1 39 -2 -4 1.5 40 3 3 0.5 41 -3 -1 1 42 6 -5 1.5 43 4 2 0.5 44 4 -2 1 45 6 5 1.5 46 -3 1 0.5 47 3 -3 1 48 -2 4 1.5 49 -5 0 0.5 50 -6 -4 1 -2 13 -1 13 0 1 1 13 2 1 3 13 4 13 I -1 13 I 3 13 | unclamped_nonuniform_d13_domain_ends R 2 1 1 13 0 53 7 -1 3 -1 -3 -5/2 1/2 -1 -5 2 1 0 -3 -3 3/2 1/2 3/2 5/2 1/2 2 -3 1 1 9/2 9 -9/2 3/2 2 2 2 1/2 5 4 0 1 9 9 -6 3/2 7/2 -3/2 3/2 1/2 8 3 -1 1 27/2 -3 -15/2 3/2 5 -5/2 1 1/2 11 -6 -2 1 18 -15/2 15/2 3/2 13/2 -1 1/2 1/2 14 3 -3 1 45/2 -9/2 6 3/2 8 3 0 1/2 17 4 -4 1 27 6 9/2 3/2 19/2 3 -1/2 1/2 20 -3 -5 1 63/2 9/2 3 3/2 11 -1 -1 1/2 23 -5 5 1 36 -9 3/2 3/2 25/2 -5/2 -3/2 1/2 26 -2 4 1 81/2 9/2 0 3/2 14 -3/2 -2 1/2 29 6 3 1 45 6 -3/2 3/2 31/2 2 -5/2 1/2 32 6 2 1 99/2 -9/2 -3 3/2 17 3/2 5/2 1/2 35 -2 1 1 54 -15/2 -9/2 3/2 37/2 -3 2 1/2 38 -5 0 1 117/2 -3 -6 3/2 20 3/2 3/2 1/2 41 -3 -1 1 63 9 -15/2 3/2 43/2 2 1 1/2 44 4 -2 1 135/2 9 15/2 3/2 23 -3/2 1/2 1/2 47 3 -3 1 72 -3 6 3/2 49/2 -5/2 0 1/2 50 -6 -4 1 -2 13 -1 13 0 1 1 13 2 1 3 13 4 13
constant_periodic_d13_identity P 13 16 17 0 2 -3 5 1 2 -3 5 1 2 -3 5 1 2 -3 5 1 2 -3 5 1 2 -3 5 1 2 -3 5 1 2 -3 5 1 2 -3 5 1 2 -3 5 1 2 -3 5 1 2 -3 5 1 2 -3 5 1 2 -3 5 1 2 -3 5 1 2 -3 5 1 0 1 1 1 2 1 3 1 4 1 5 1 6 1 7 1 8 1 9 1 10 1 11 1 12 1 13 1 14 1 15 1 16 1 | constant_periodic_d13_identity R 0 13 1 16 17 0 16 2 -3 5 1 2 -3 5 1 2 -3 5 1 2 -3 5 1 2 -3 5 1 2 -3 5 1 2 -3 5 1 2 -3 5 1 2 -3 5 1 2 -3 5 1 2 -3 5 1 2 -3 5 1 2 -3 5 1 2 -3 5 1 2 -3 5 1 2 -3 5 1 0 1 1 1 2 1 3 1 4 1 5 1 6 1 7 1 8 1 9 1 10 1 11 1 12 1 13 1 14 1 15 1 16 1
constant_periodic_d13_insert P 13 16 17 1 2 -3 5 1 2 -3 5 1 2 -3 5 1 2 -3 5 1 2 -3 5 1 2 -3 5 1 2 -3 5 1 2 -3 5 1 2 -3 5 1 2 -3 5 1 2 -3 5 1 2 -3 5 1 2 -3 5 1 2 -3 5 1 2 -3 5 1 2 -3 5 1 0 1 1 1 2 1 3 1 4 1 5 1 6 1 7 1 8 1 9 1 10 1 11 1 12 1 13 1 14 1 15 1 16 1 I 0.25 13 | constant_periodic_d13_insert R 1 1 13 1 29 18 0 16 2 -3 5 1 2 -3 5 1 2 -3 5 1 2 -3 5 1 2 -3 5 1 2 -3 5 1 2 -3 5 1 2 -3 5 1 2 -3 5 1 2 -3 5 1 2 -3 5 1 2 -3 5 1 2 -3 5 1 2 -3 5 1 2 -3 5 1 2 -3 5 1 2 -3 5 1 2 -3 5 1 2 -3 5 1 2 -3 5 1 2 -3 5 1 2 -3 5 1 2 -3 5 1 2 -3 5 1 2 -3 5 1 2 -3 5 1 2 -3 5 1 2 -3 5 1 2 -3 5 1 0 1 1/4 13 1 1 2 1 3 1 4 1 5 1 6 1 7 1 8 1 9 1 10 1 11 1 12 1 13 1 14 1 15 1 16 1
constant_periodic_d13_sequence P 13 16 17 4 2 -3 5 1 2 -3 5 1 2 -3 5 1 2 -3 5 1 2 -3 5 1 2 -3 5 1 2 -3 5 1 2 -3 5 1 2 -3 5 1 2 -3 5 1 2 -3 5 1 2 -3 5 1 2 -3 5 1 2 -3 5 1 2 -3 5 1 2 -3 5 1 0 1 1 1 2 1 3 1 4 1 5 1 6 1 7 1 8 1 9 1 10 1 11 1 12 1 13 1 14 1 15 1 16 1 I 0.75 1 I 0.25 13 I 0.75 13 I 0.25 1 | constant_periodic_d13_sequence R 4 1 1 1 1 13 1 42 19 0 16 2 -3 5 1 2 -3 5 1 2 -3 5 1 2 -3 5 1 2 -3 5 1 2 -3 5 1 2 -3 5 1 2 -3 5 1 2 -3 5 1 2 -3 5 1 2 -3 5 1 2 -3 5 1 2 -3 5 1 2 -3 5 1 2 -3 5 1 2 -3 5 1 2 -3 5 1 2 -3 5 1 2 -3 5 1 2 -3 5 1 2 -3 5 1 2 -3 5 1 2 -3 5 1 2 -3 5 1 2 -3 5 1 2 -3 5 1 2 -3 5 1 2 -3 5 1 2 -3 5 1 2 -3 5 1 2 -3 5 1 2 -3 5 1 2 -3 5 1 2 -3 5 1 2 -3 5 1 2 -3 5 1 2 -3 5 1 2 -3 5 1 2 -3 5 1 2 -3 5 1 2 -3 5 1 2 -3 5 1 0 1 1/4 13 3/4 13 1 1 2 1 3 1 4 1 5 1 6 1 7 1 8 1 9 1 10 1 11 1 12 1 13 1 14 1 15 1 16 1
constant_periodic_d13_roundtrip P 13 16 17 2 2 -3 5 1 2 -3 5 1 2 -3 5 1 2 -3 5 1 2 -3 5 1 2 -3 5 1 2 -3 5 1 2 -3 5 1 2 -3 5 1 2 -3 5 1 2 -3 5 1 2 -3 5 1 2 -3 5 1 2 -3 5 1 2 -3 5 1 2 -3 5 1 0 1 1 1 2 1 3 1 4 1 5 1 6 1 7 1 8 1 9 1 10 1 11 1 12 1 13 1 14 1 15 1 16 1 I 0.25 1 R 0.25 0 | constant_periodic_d13_roundtrip R 2 1 1 13 1 16 17 0 16 2 -3 5 1 2 -3 5 1 2 -3 5 1 2 -3 5 1 2 -3 5 1 2 -3 5 1 2 -3 5 1 2 -3 5 1 2 -3 5 1 2 -3 5 1 2 -3 5 1 2 -3 5 1 2 -3 5 1 2 -3 5 1 2 -3 5 1 2 -3 5 1 0 1 1 1 2 1 3 1 4 1 5 1 6 1 7 1 8 1 9 1 10 1 11 1 12 1 13 1 14 1 15 1 16 1
constant_periodic_d13_full_roundtrip P 13 16 17 2 2 -3 5 1 2 -3 5 1 2 -3 5 1 2 -3 5 1 2 -3 5 1 2 -3 5 1 2 -3 5 1 2 -3 5 1 2 -3 5 1 2 -3 5 1 2 -3 5 1 2 -3 5 1 2 -3 5 1 2 -3 5 1 2 -3 5 1 2 -3 5 1 0 1 1 1 2 1 3 1 4 1 5 1 6 1 7 1 8 1 9 1 10 1 11 1 12 1 13 1 14 1 15 1 16 1 I 0.25 13 R 0.25 0 | constant_periodic_d13_full_roundtrip R 2 1 1 13 1 16 17 0 16 2 -3 5 1 2 -3 5 1 2 -3 5 1 2 -3 5 1 2 -3 5 1 2 -3 5 1 2 -3 5 1 2 -3 5 1 2 -3 5 1 2 -3 5 1 2 -3 5 1 2 -3 5 1 2 -3 5 1 2 -3 5 1 2 -3 5 1 2 -3 5 1 0 1 1 1 2 1 3 1 4 1 5 1 6 1 7 1 8 1 9 1 10 1 11 1 12 1 13 1 14 1 15 1 16 1
constant_periodic_d13_remove_existing P 13 16 17 1 2 -3 5 1 2 -3 5 1 2 -3 5 1 2 -3 5 1 2 -3 5 1 2 -3 5 1 2 -3 5 1 2 -3 5 1 2 -3 5 1 2 -3 5 1 2 -3 5 1 2 -3 5 1 2 -3 5 1 2 -3 5 1 2 -3 5 1 2 -3 5 1 0 1 1 1 2 1 3 1 4 1 5 1 6 1 7 1 8 1 9 1 10 1 11 1 12 1 13 1 14 1 15 1 16 1 R 1 0 | constant_periodic_d13_remove_existing R 1 1 13 1 15 16 0 16 2 -3 5 1 2 -3 5 1 2 -3 5 1 2 -3 5 1 2 -3 5 1 2 -3 5 1 2 -3 5 1 2 -3 5 1 2 -3 5 1 2 -3 5 1 2 -3 5 1 2 -3 5 1 2 -3 5 1 2 -3 5 1 2 -3 5 1 0 1 2 1 3 1 4 1 5 1 6 1 7 1 8 1 9 1 10 1 11 1 12 1 13 1 14 1 15 1 16 1
constant_periodic_d13_seam P 13 16 17 2 2 -3 5 1 2 -3 5 1 2 -3 5 1 2 -3 5 1 2 -3 5 1 2 -3 5 1 2 -3 5 1 2 -3 5 1 2 -3 5 1 2 -3 5 1 2 -3 5 1 2 -3 5 1 2 -3 5 1 2 -3 5 1 2 -3 5 1 2 -3 5 1 0 1 1 1 2 1 3 1 4 1 5 1 6 1 7 1 8 1 9 1 10 1 11 1 12 1 13 1 14 1 15 1 16 1 I 0 13 I 16 13 | constant_periodic_d13_seam R 2 1 1 13 1 28 17 0 16 2 -3 5 1 2 -3 5 1 2 -3 5 1 2 -3 5 1 2 -3 5 1 2 -3 5 1 2 -3 5 1 2 -3 5 1 2 -3 5 1 2 -3 5 1 2 -3 5 1 2 -3 5 1 2 -3 5 1 2 -3 5 1 2 -3 5 1 2 -3 5 1 2 -3 5 1 2 -3 5 1 2 -3 5 1 2 -3 5 1 2 -3 5 1 2 -3 5 1 2 -3 5 1 2 -3 5 1 2 -3 5 1 2 -3 5 1 2 -3 5 1 2 -3 5 1 0 13 1 1 2 1 3 1 4 1 5 1 6 1 7 1 8 1 9 1 10 1 11 1 12 1 13 1 14 1 15 1 16 13
constant_periodic_d13_seam_roundtrip P 13 16 17 2 2 -3 5 1 2 -3 5 1 2 -3 5 1 2 -3 5 1 2 -3 5 1 2 -3 5 1 2 -3 5 1 2 -3 5 1 2 -3 5 1 2 -3 5 1 2 -3 5 1 2 -3 5 1 2 -3 5 1 2 -3 5 1 2 -3 5 1 2 -3 5 1 0 1 1 1 2 1 3 1 4 1 5 1 6 1 7 1 8 1 9 1 10 1 11 1 12 1 13 1 14 1 15 1 16 1 I 16 13 R 0 1 | constant_periodic_d13_seam_roundtrip R 2 1 1 13 1 16 17 0 16 2 -3 5 1 2 -3 5 1 2 -3 5 1 2 -3 5 1 2 -3 5 1 2 -3 5 1 2 -3 5 1 2 -3 5 1 2 -3 5 1 2 -3 5 1 2 -3 5 1 2 -3 5 1 2 -3 5 1 2 -3 5 1 2 -3 5 1 2 -3 5 1 0 1 1 1 2 1 3 1 4 1 5 1 6 1 7 1 8 1 9 1 10 1 11 1 12 1 13 1 14 1 15 1 16 1
constant_periodic_d13_remove_origin P 13 16 17 1 2 -3 5 1 2 -3 5 1 2 -3 5 1 2 -3 5 1 2 -3 5 1 2 -3 5 1 2 -3 5 1 2 -3 5 1 2 -3 5 1 2 -3 5 1 2 -3 5 1 2 -3 5 1 2 -3 5 1 2 -3 5 1 2 -3 5 1 2 -3 5 1 0 1 1 1 2 1 3 1 4 1 5 1 6 1 7 1 8 1 9 1 10 1 11 1 12 1 13 1 14 1 15 1 16 1 R 0 0 | constant_periodic_d13_remove_origin R 1 1 13 1 15 16 1 17 2 -3 5 1 2 -3 5 1 2 -3 5 1 2 -3 5 1 2 -3 5 1 2 -3 5 1 2 -3 5 1 2 -3 5 1 2 -3 5 1 2 -3 5 1 2 -3 5 1 2 -3 5 1 2 -3 5 1 2 -3 5 1 2 -3 5 1 1 1 2 1 3 1 4 1 5 1 6 1 7 1 8 1 9 1 10 1 11 1 12 1 13 1 14 1 15 1 17 1
constant_periodic_d13_remove_end_alias P 13 16 17 1 2 -3 5 1 2 -3 5 1 2 -3 5 1 2 -3 5 1 2 -3 5 1 2 -3 5 1 2 -3 5 1 2 -3 5 1 2 -3 5 1 2 -3 5 1 2 -3 5 1 2 -3 5 1 2 -3 5 1 2 -3 5 1 2 -3 5 1 2 -3 5 1 0 1 1 1 2 1 3 1 4 1 5 1 6 1 7 1 8 1 9 1 10 1 11 1 12 1 13 1 14 1 15 1 16 1 R 16 0 | constant_periodic_d13_remove_end_alias R 1 1 13 1 15 16 1 17 2 -3 5 1 2 -3 5 1 2 -3 5 1 2 -3 5 1 2 -3 5 1 2 -3 5 1 2 -3 5 1 2 -3 5 1 2 -3 5 1 2 -3 5 1 2 -3 5 1 2 -3 5 1 2 -3 5 1 2 -3 5 1 2 -3 5 1 1 1 2 1 3 1 4 1 5 1 6 1 7 1 8 1 9 1 10 1 11 1 12 1 13 1 14 1 15 1 17 1
unclamped_nonuniform_d14_identity S 14 57 7 0 -2 -6 -5 0.5 -1 -5 2 1 0 -2 -2 1.5 1 3 5 0.5 2 -3 1 1 3 6 -3 1.5 4 4 4 0.5 5 4 0 1 6 6 -4 1.5 7 -3 3 0.5 8 3 -1 1 9 -2 -5 1.5 10 -5 2 0.5 11 -6 -2 1 12 -5 5 1.5 13 -2 1 0.5 14 3 -3 1 15 -3 4 1.5 16 6 0 0.5 17 4 -4 1 18 4 3 1.5 19 6 -1 0.5 20 -3 -5 1 21 3 2 1.5 22 -2 -2 0.5 23 -5 5 1 24 -6 1 1.5 25 -5 -3 0.5 26 -2 4 1 27 3 0 1.5 28 -3 -4 0.5 29 6 3 1 30 4 -1 1.5 31 4 -5 0.5 32 6 2 1 33 -3 -2 1.5 34 3 5 0.5 35 -2 1 1 36 -5 -3 1.5 37 -6 4 0.5 38 -5 0 1 39 -2 -4 1.5 40 3 3 0.5 41 -3 -1 1 42 6 -5 1.5 43 4 2 0.5 44 4 -2 1 45 6 5 1.5 46 -3 1 0.5 47 3 -3 1 48 -2 4 1.5 49 -5 0 0.5 50 -6 -4 1 51 -5 3 1.5 52 -2 -1 0.5 53 3 -5 1 54 -3 2 1.5 -2 14 -1 14 0 1 1 14 2 1 3 14 4 14 | unclamped_nonuniform_d14_identity R 0 14 0 57 7 -1 3 -1 -3 -5/2 1/2 -1 -5 2 1 0 -3 -3 3/2 1/2 3/2 5/2 1/2 2 -3 1 1 9/2 9 -9/2 3/2 2 2 2 1/2 5 4 0 1 9 9 -6 3/2 7/2 -3/2 3/2 1/2 8 3 -1 1 27/2 -3 -15/2 3/2 5 -5/2 1 1/2 11 -6 -2 1 18 -15/2 15/2 3/2 13/2 -1 1/2 1/2 14 3 -3 1 45/2 -9/2 6 3/2 8 3 0 1/2 17 4 -4 1 27 6 9/2 3/2 19/2 3 -1/2 1/2 20 -3 -5 1 63/2 9/2 3 3/2 11 -1 -1 1/2 23 -5 5 1 36 -9 3/2 3/2 25/2 -5/2 -3/2 1/2 26 -2 4 1 81/2 9/2 0 3/2 14 -3/2 -2 1/2 29 6 3 1 45 6 -3/2 3/2 31/2 2 -5/2 1/2 32 6 2 1 99/2 -9/2 -3 3/2 17 3/2 5/2 1/2 35 -2 1 1 54 -15/2 -9/2 3/2 37/2 -3 2 1/2 38 -5 0 1 117/2 -3 -6 3/2 20 3/2 3/2 1/2 41 -3 -1 1 63 9 -15/2 3/2 43/2 2 1 1/2 44 4 -2 1 135/2 9 15/2 3/2 23 -3/2 1/2 1/2 47 3 -3 1 72 -3 6 3/2 49/2 -5/2 0 1/2 50 -6 -4 1 153/2 -15/2 9/2 3/2 26 -1 -1/2 1/2 53 3 -5 1 81 -9/2 3 3/2 -2 14 -1 14 0 1 1 14 2 1 3 14 4 14
unclamped_nonuniform_d14_insert S 14 57 7 1 -2 -6 -5 0.5 -1 -5 2 1 0 -2 -2 1.5 1 3 5 0.5 2 -3 1 1 3 6 -3 1.5 4 4 4 0.5 5 4 0 1 6 6 -4 1.5 7 -3 3 0.5 8 3 -1 1 9 -2 -5 1.5 10 -5 2 0.5 11 -6 -2 1 12 -5 5 1.5 13 -2 1 0.5 14 3 -3 1 15 -3 4 1.5 16 6 0 0.5 17 4 -4 1 18 4 3 1.5 19 6 -1 0.5 20 -3 -5 1 21 3 2 1.5 22 -2 -2 0.5 23 -5 5 1 24 -6 1 1.5 25 -5 -3 0.5 26 -2 4 1 27 3 0 1.5 28 -3 -4 0.5 29 6 3 1 30 4 -1 1.5 31 4 -5 0.5 32 6 2 1 33 -3 -2 1.5 34 3 5 0.5 35 -2 1 1 36 -5 -3 1.5 37 -6 4 0.5 38 -5 0 1 39 -2 -4 1.5 40 3 3 0.5 41 -3 -1 1 42 6 -5 1.5 43 4 2 0.5 44 4 -2 1 45 6 5 1.5 46 -3 1 0.5 47 3 -3 1 48 -2 4 1.5 49 -5 0 0.5 50 -6 -4 1 51 -5 3 1.5 52 -2 -1 0.5 53 3 -5 1 54 -3 2 1.5 -2 14 -1 14 0 1 1 14 2 1 3 14 4 14 I -0.75 14 | unclamped_nonuniform_d14_insert R 1 1 14 0 71 8 -1 3 -1 -3 -5/2 1/2 -1 -5 2 1 0 -3 -3 3/2 1/2 3/2 5/2 1/2 2 -3 1 1 9/2 9 -9/2 3/2 2 2 2 1/2 5 4 0 1 9 9 -6 3/2 7/2 -3/2 3/2 1/2 8 3 -1 1 27/2 -3 -15/2 3/2 5 -5/2 1 1/2 11 -6 -2 1 51/4 -51/8 3/8 9/8 877/64 -413/64 31/16 19/16 1809/128 -3235/512 1487/512 619/512 14577/1024 -6183/1024 3525/1024 4935/4096 115907/8192 -185633/32768 120559/32768 19429/16384 3661569/262144 -1373525/262144 243189/65536 303941/262144 14423043/1048576 -10048461/2097152 473001/131072 2370867/2097152 227323945/16777216 -36424387/8388608 28733865/8388608 288931/262144 897566409/67108864 -524268165/134217728 429254629/134217728 144454831/134217728 1777326723/134217728 -1875127305/536870912 24775443/8388608 1131426723/1073741824 56502473533/4294967296 -26690253175/8589934592 23268202865/8589934592 4444782577/4294967296 901188736119/68719476736 -189096852495/68719476736 42526918073/17179869184 70073757209/68719476736 3604702891119/274877906944 -1333978880835/549755813888 310600559559/137438953472 554114548815/549755813888 57832580427127/4398046511104 -9368257776135/4398046511104 1135588476973/549755813888 274643701405/274877906944 14576145733699/1099511627776 -1364384491125/1099511627776 25473349787/17179869184 534805964795/549755813888 1960232175031/137438953472 15699934965/68719476736 19500238745/34359738368 133907890663/137438953472 139556124395/8589934592 2093223045/4294967296 10065911795/8589934592 18285799701/17179869184 16998139405/1073741824 1633713635/1073741824 2139706335/2147483648 131312801/134217728 4302908201/268435456 1062193225/268435456 -88760859/134217728 248120657/268435456 663088913/33554432 140755897/33554432 1454485/33554432 36997521/33554432 79845721/4194304 3356805/1048576 887377/1048576 2133191/2097152 8725735/524288 201573/262144 -458113/262144 435835/524288 382285/16384 -649/8192 -48949/32768 74145/65536 49253/2048 1927/1024 14683/8192 289/256 15845/1024 -2539/1024 211/256 701/1024 3287/128 -747/128 529/128 141/128 529/16 -131/16 9/8 11/8 25/2 -5/2 -3/2 1/2 26 -2 4 1 81/2 9/2 0 3/2 14 -3/2 -2 1/2 29 6 3 1 45 6 -3/2 3/2 31/2 2 -5/2 1/2 32 6 2 1 99/2 -9/2 -3 3/2 17 3/2 5/2 1/2 35 -2 1 1 54 -15/2 -9/2 3/2 37/2 -3 2 1/2 38 -5 0 1 117/2 -3 -6 3/2 20 3/2 3/2 1/2 41 -3 -1 1 63 9 -15/2 3/2 43/2 2 1 1/2 44 4 -2 1 135/2 9 15/2 3/2 23 -3/2 1/2 1/2 47 3 -3 1 72 -3 6 3/2 49/2 -5/2 0 1/2 50 -6 -4 1 153/2 -15/2 9/2 3/2 26 -1 -1/2 1/2 53 3 -5 1 81 -9/2 3 3/2 -2 14 -1 14 -3/4 14 0 1 1 14 2 1 3 14 4 14
unclamped_nonuniform_d14_sequence S 14 57 7 4 -2 -6 -5 0.5 -1 -5 2 1 0 -2 -2 1.5 1 3 5 0.5 2 -3 1 1 3 6 -3 1.5 4 4 4 0.5 5 4 0 1 6 6 -4 1.5 7 -3 3 0.5 8 3 -1 1 9 -2 -5 1.5 10 -5 2 0.5 11 -6 -2 1 12 -5 5 1.5 13 -2 1 0.5 14 3 -3 1 15 -3 4 1.5 16 6 0 0.5 17 4 -4 1 18 4 3 1.5 19 6 -1 0.5 20 -3 -5 1 21 3 2 1.5 22 -2 -2 0.5 23 -5 5 1 24 -6 1 1.5 25 -5 -3 0.5 26 -2 4 1 27 3 0 1.5 28 -3 -4 0.5 29 6 3 1 30 4 -1 1.5 31 4 -5 0.5 32 6 2 1 33 -3 -2 1.5 34 3 5 0.5 35 -2 1 1 36 -5 -3 1.5 37 -6 4 0.5 38 -5 0 1 39 -2 -4 1.5 40 3 3 0.5 41 -3 -1 1 42 6 -5 1.5 43 4 2 0.5 44 4 -2 1 45 6 5 1.5 46 -3 1 0.5 47 3 -3 1 48 -2 4 1.5 49 -5 0 0.5 50 -6 -4 1 51 -5 3 1.5 52 -2 -1 0.5 53 3 -5 1 54 -3 2 1.5 -2 14 -1 14 0 1 1 14 2 1 3 14 4 14 I -0.25 1 I -0.75 14 I -0.25 14 I -0.75 1 | unclamped_nonuniform_d14_sequence R 4 1 1 1 1 14 0 85 9 -1 3 -1 -3 -5/2 1/2 -1 -5 2 1 0 -3 -3 3/2 1/2 3/2 5/2 1/2 2 -3 1 1 9/2 9 -9/2 3/2 2 2 2 1/2 5 4 0 1 9 9 -6 3/2 7/2 -3/2 3/2 1/2 8 3 -1 1 27/2 -3 -15/2 3/2 5 -5/2 1 1/2 11 -6 -2 1 51/4 -51/8 3/8 9/8 877/64 -413/64 31/16 19/16 1809/128 -3235/512 1487/512 619/512 14577/1024 -6183/1024 3525/1024 4935/4096 115907/8192 -185633/32768 120559/32768 19429/16384 3661569/262144 -1373525/262144 243189/65536 303941/262144 14423043/1048576 -10048461/2097152 473001/131072 2370867/2097152 227323945/16777216 -36424387/8388608 28733865/8388608 288931/262144 897566409/67108864 -524268165/134217728 429254629/134217728 144454831/134217728 1777326723/134217728 -1875127305/536870912 24775443/8388608 1131426723/1073741824 56502473533/4294967296 -26690253175/8589934592 23268202865/8589934592 4444782577/4294967296 901188736119/68719476736 -189096852495/68719476736 42526918073/17179869184 70073757209/68719476736 3604702891119/274877906944 -1333978880835/549755813888 310600559559/137438953472 554114548815/549755813888 57832580427127/4398046511104 -9368257776135/4398046511104 1135588476973/549755813888 274643701405/274877906944 58147248765573/4398046511104 -6761111235045/4398046511104 921960954447/549755813888 33727069425/34359738368 59094585195759/4398046511104 -4661141663775/4398046511104 754914947269/549755813888 268286135099/274877906944 60486958441453/4398046511104 -3019954578605/4398046511104 648857766743/549755813888 134589739301/137438953472 62030825759271/4398046511104 -1685624738295/4398046511104 588937413021/549755813888 271074474681/274877906944 63522233480853/4398046511104 -498282243765/4398046511104 554448572191/549755813888 68235805691/68719476736 64875766758175/4398046511104 662029695601/4398046511104 528693426357/549755813888 274298860951/274877906944 66091083172989/4398046511104 1861996752387/4398046511104 501614661543/549755813888 137528062455/137438953472 67208523666903/4398046511104 3119833280281/4398046511104 468966401037/549755813888 275339883605/274877906944 68275530616741/4398046511104 4417481729915/4398046511104 430310311663/549755813888 17208498205/17179869184 69328835784783/4398046511104 5714398418433/4398046511104 387073876389/549755813888 275206287219/274877906944 70389400713741/4398046511104 6960058401715/4398046511104 341180129015/549755813888 137528651401/137438953472 71464753002631/4398046511104 8103868401961/4398046511104 294319071101/549755813888 274941394801/274877906944 72554025063861/4398046511104 9102026649771/4398046511104 247719899583/549755813888 68718114381/68719476736 73652740541567/4398046511104 9921395159697/4398046511104 202223426453/549755813888 274843516111/274877906944 18550524570105/1099511627776 2582769853665/1099511627776 1402149921/4294967296 549658090809/549755813888 2405021601415/137438953472 189937711205/68719476736 4194523753/34359738368 137403343351/137438953472 155789681545/8589934592 12460894095/4294967296 -558297303/8589934592 17188281607/17179869184 20145224325/1073741824 2858504715/1073741824 -464654697/2147483648 134362539/134217728 5192055515/268435456 552927675/268435456 -45459657/134217728 268114643/268435456 668958385/33554432 42681305/33554432 -14231243/33554432 33415601/33554432 86843955/4194304 555855/1048576 -337629/1048576 2101941/2097152 11287855/524288 -28995/262144 58279/262144 532099/524288 356375/16384 -7755/8192 37673/32768 65443/65536 43845/2048 -2625/1024 15627/8192 243/256 23495/1024 -5065/1024 581/256 1007/1024 3535/128 -835/128 313/128 149/128 435/16 -105/16 3/8 9/8 25/2 -5/2 -3/2 1/2 26 -2 4 1 81/2 9/2 0 3/2 14 -3/2 -2 1/2 29 6 3 1 45 6 -3/2 3/2 31/2 2 -5/2 1/2 32 6 2 1 99/2 -9/2 -3 3/2 17 3/2 5/2 1/2 35 -2 1 1 54 -15/2 -9/2 3/2 37/2 -3 2 1/2 38 -5 0 1 117/2 -3 -6 3/2 20 3/2 3/2 1/2 41 -3 -1 1 63 9 -15/2 3/2 43/2 2 1 1/2 44 4 -2 1 135/2 9 15/2 3/2 23 -3/2 1/2 1/2 47 3 -3 1 72 -3 6 3/2 49/2 -5/2 0 1/2 50 -6 -4 1 153/2 -15/2 9/2 3/2 26 -1 -1/2 1/2 53 3 -5 1 81 -9/2 3 3/2 -2 14 -1 14 -3/4 14 -1/4 14 0 1 1 14 2 1 3 14 4 14
unclamped_nonuniform_d14_roundtrip S 14 57 7 2 -2 -6 -5 0.5 -1 -5 2 1 0 -2 -2 1.5 1 3 5 0.5 2 -3 1 1 3 6 -3 1.5 4 4 4 0.5 5 4 0 1 6 6 -4 1.5 7 -3 3 0.5 8 3 -1 1 9 -2 -5 1.5 10 -5 2 0.5 11 -6 -2 1 12 -5 5 1.5 13 -2 1 0.5 14 3 -3 1 15 -3 4 1.5 16 6 0 0.5 17 4 -4 1 18 4 3 1.5 19 6 -1 0.5 20 -3 -5 1 21 3 2 1.5 22 -2 -2 0.5 23 -5 5 1 24 -6 1 1.5 25 -5 -3 0.5 26 -2 4 1 27 3 0 1.5 28 -3 -4 0.5 29 6 3 1 30 4 -1 1.5 31 4 -5 0.5 32 6 2 1 33 -3 -2 1.5 34 3 5 0.5 35 -2 1 1 36 -5 -3 1.5 37 -6 4 0.5 38 -5 0 1 39 -2 -4 1.5 40 3 3 0.5 41 -3 -1 1 42 6 -5 1.5 43 4 2 0.5 44 4 -2 1 45 6 5 1.5 46 -3 1 0.5 47 3 -3 1 48 -2 4 1.5 49 -5 0 0.5 50 -6 -4 1 51 -5 3 1.5 52 -2 -1 0.5 53 3 -5 1 54 -3 2 1.5 -2 14 -1 14 0 1 1 14 2 1 3 14 4 14 I -0.75 1 R -0.75 0 | unclamped_nonuniform_d14_roundtrip R 2 1 1 14 0 57 7 -1 3 -1 -3 -5/2 1/2 -1 -5 2 1 0 -3 -3 3/2 1/2 3/2 5/2 1/2 2 -3 1 1 9/2 9 -9/2 3/2 2 2 2 1/2 5 4 0 1 9 9 -6 3/2 7/2 -3/2 3/2 1/2 8 3 -1 1 27/2 -3 -15/2 3/2 5 -5/2 1 1/2 11 -6 -2 1 18 -15/2 15/2 3/2 13/2 -1 1/2 1/2 14 3 -3 1 45/2 -9/2 6 3/2 8 3 0 1/2 17 4 -4 1 27 6 9/2 3/2 19/2 3 -1/2 1/2 20 -3 -5 1 63/2 9/2 3 3/2 11 -1 -1 1/2 23 -5 5 1 36 -9 3/2 3/2 25/2 -5/2 -3/2 1/2 26 -2 4 1 81/2 9/2 0 3/2 14 -3/2 -2 1/2 29 6 3 1 45 6 -3/2 3/2 31/2 2 -5/2 1/2 32 6 2 1 99/2 -9/2 -3 3/2 17 3/2 5/2 1/2 35 -2 1 1 54 -15/2 -9/2 3/2 37/2 -3 2 1/2 38 -5 0 1 117/2 -3 -6 3/2 20 3/2 3/2 1/2 41 -3 -1 1 63 9 -15/2 3/2 43/2 2 1 1/2 44 4 -2 1 135/2 9 15/2 3/2 23 -3/2 1/2 1/2 47 3 -3 1 72 -3 6 3/2 49/2 -5/2 0 1/2 50 -6 -4 1 153/2 -15/2 9/2 3/2 26 -1 -1/2 1/2 53 3 -5 1 81 -9/2 3 3/2 -2 14 -1 14 0 1 1 14 2 1 3 14 4 14
unclamped_nonuniform_d14_full_roundtrip S 14 57 7 2 -2 -6 -5 0.5 -1 -5 2 1 0 -2 -2 1.5 1 3 5 0.5 2 -3 1 1 3 6 -3 1.5 4 4 4 0.5 5 4 0 1 6 6 -4 1.5 7 -3 3 0.5 8 3 -1 1 9 -2 -5 1.5 10 -5 2 0.5 11 -6 -2 1 12 -5 5 1.5 13 -2 1 0.5 14 3 -3 1 15 -3 4 1.5 16 6 0 0.5 17 4 -4 1 18 4 3 1.5 19 6 -1 0.5 20 -3 -5 1 21 3 2 1.5 22 -2 -2 0.5 23 -5 5 1 24 -6 1 1.5 25 -5 -3 0.5 26 -2 4 1 27 3 0 1.5 28 -3 -4 0.5 29 6 3 1 30 4 -1 1.5 31 4 -5 0.5 32 6 2 1 33 -3 -2 1.5 34 3 5 0.5 35 -2 1 1 36 -5 -3 1.5 37 -6 4 0.5 38 -5 0 1 39 -2 -4 1.5 40 3 3 0.5 41 -3 -1 1 42 6 -5 1.5 43 4 2 0.5 44 4 -2 1 45 6 5 1.5 46 -3 1 0.5 47 3 -3 1 48 -2 4 1.5 49 -5 0 0.5 50 -6 -4 1 51 -5 3 1.5 52 -2 -1 0.5 53 3 -5 1 54 -3 2 1.5 -2 14 -1 14 0 1 1 14 2 1 3 14 4 14 I -0.75 14 R -0.75 0 | unclamped_nonuniform_d14_full_roundtrip R 2 1 1 14 0 57 7 -1 3 -1 -3 -5/2 1/2 -1 -5 2 1 0 -3 -3 3/2 1/2 3/2 5/2 1/2 2 -3 1 1 9/2 9 -9/2 3/2 2 2 2 1/2 5 4 0 1 9 9 -6 3/2 7/2 -3/2 3/2 1/2 8 3 -1 1 27/2 -3 -15/2 3/2 5 -5/2 1 1/2 11 -6 -2 1 18 -15/2 15/2 3/2 13/2 -1 1/2 1/2 14 3 -3 1 45/2 -9/2 6 3/2 8 3 0 1/2 17 4 -4 1 27 6 9/2 3/2 19/2 3 -1/2 1/2 20 -3 -5 1 63/2 9/2 3 3/2 11 -1 -1 1/2 23 -5 5 1 36 -9 3/2 3/2 25/2 -5/2 -3/2 1/2 26 -2 4 1 81/2 9/2 0 3/2 14 -3/2 -2 1/2 29 6 3 1 45 6 -3/2 3/2 31/2 2 -5/2 1/2 32 6 2 1 99/2 -9/2 -3 3/2 17 3/2 5/2 1/2 35 -2 1 1 54 -15/2 -9/2 3/2 37/2 -3 2 1/2 38 -5 0 1 117/2 -3 -6 3/2 20 3/2 3/2 1/2 41 -3 -1 1 63 9 -15/2 3/2 43/2 2 1 1/2 44 4 -2 1 135/2 9 15/2 3/2 23 -3/2 1/2 1/2 47 3 -3 1 72 -3 6 3/2 49/2 -5/2 0 1/2 50 -6 -4 1 153/2 -15/2 9/2 3/2 26 -1 -1/2 1/2 53 3 -5 1 81 -9/2 3 3/2 -2 14 -1 14 0 1 1 14 2 1 3 14 4 14
unclamped_nonuniform_d14_remove_existing S 14 57 7 1 -2 -6 -5 0.5 -1 -5 2 1 0 -2 -2 1.5 1 3 5 0.5 2 -3 1 1 3 6 -3 1.5 4 4 4 0.5 5 4 0 1 6 6 -4 1.5 7 -3 3 0.5 8 3 -1 1 9 -2 -5 1.5 10 -5 2 0.5 11 -6 -2 1 12 -5 5 1.5 13 -2 1 0.5 14 3 -3 1 15 -3 4 1.5 16 6 0 0.5 17 4 -4 1 18 4 3 1.5 19 6 -1 0.5 20 -3 -5 1 21 3 2 1.5 22 -2 -2 0.5 23 -5 5 1 24 -6 1 1.5 25 -5 -3 0.5 26 -2 4 1 27 3 0 1.5 28 -3 -4 0.5 29 6 3 1 30 4 -1 1.5 31 4 -5 0.5 32 6 2 1 33 -3 -2 1.5 34 3 5 0.5 35 -2 1 1 36 -5 -3 1.5 37 -6 4 0.5 38 -5 0 1 39 -2 -4 1.5 40 3 3 0.5 41 -3 -1 1 42 6 -5 1.5 43 4 2 0.5 44 4 -2 1 45 6 5 1.5 46 -3 1 0.5 47 3 -3 1 48 -2 4 1.5 49 -5 0 0.5 50 -6 -4 1 51 -5 3 1.5 52 -2 -1 0.5 53 3 -5 1 54 -3 2 1.5 -2 14 -1 14 0 1 1 14 2 1 3 14 4 14 R 0 0 | unclamped_nonuniform_d14_remove_existing R 1 0 14 0 57 7 -1 3 -1 -3 -5/2 1/2 -1 -5 2 1 0 -3 -3 3/2 1/2 3/2 5/2 1/2 2 -3 1 1 9/2 9 -9/2 3/2 2 2 2 1/2 5 4 0 1 9 9 -6 3/2 7/2 -3/2 3/2 1/2 8 3 -1 1 27/2 -3 -15/2 3/2 5 -5/2 1 1/2 11 -6 -2 1 18 -15/2 15/2 3/2 13/2 -1 1/2 1/2 14 3 -3 1 45/2 -9/2 6 3/2 8 3 0 1/2 17 4 -4 1 27 6 9/2 3/2 19/2 3 -1/2 1/2 20 -3 -5 1 63/2 9/2 3 3/2 11 -1 -1 1/2 23 -5 5 1 36 -9 3/2 3/2 25/2 -5/2 -3/2 1/2 26 -2 4 1 81/2 9/2 0 3/2 14 -3/2 -2 1/2 29 6 3 1 45 6 -3/2 3/2 31/2 2 -5/2 1/2 32 6 2 1 99/2 -9/2 -3 3/2 17 3/2 5/2 1/2 35 -2 1 1 54 -15/2 -9/2 3/2 37/2 -3 2 1/2 38 -5 0 1 117/2 -3 -6 3/2 20 3/2 3/2 1/2 41 -3 -1 1 63 9 -15/2 3/2 43/2 2 1 1/2 44 4 -2 1 135/2 9 15/2 3/2 23 -3/2 1/2 1/2 47 3 -3 1 72 -3 6 3/2 49/2 -5/2 0 1/2 50 -6 -4 1 153/2 -15/2 9/2 3/2 26 -1 -1/2 1/2 53 3 -5 1 81 -9/2 3 3/2 -2 14 -1 14 0 1 1 14 2 1 3 14 4 14
unclamped_nonuniform_d14_domain_ends S 14 57 7 2 -2 -6 -5 0.5 -1 -5 2 1 0 -2 -2 1.5 1 3 5 0.5 2 -3 1 1 3 6 -3 1.5 4 4 4 0.5 5 4 0 1 6 6 -4 1.5 7 -3 3 0.5 8 3 -1 1 9 -2 -5 1.5 10 -5 2 0.5 11 -6 -2 1 12 -5 5 1.5 13 -2 1 0.5 14 3 -3 1 15 -3 4 1.5 16 6 0 0.5 17 4 -4 1 18 4 3 1.5 19 6 -1 0.5 20 -3 -5 1 21 3 2 1.5 22 -2 -2 0.5 23 -5 5 1 24 -6 1 1.5 25 -5 -3 0.5 26 -2 4 1 27 3 0 1.5 28 -3 -4 0.5 29 6 3 1 30 4 -1 1.5 31 4 -5 0.5 32 6 2 1 33 -3 -2 1.5 34 3 5 0.5 35 -2 1 1 36 -5 -3 1.5 37 -6 4 0.5 38 -5 0 1 39 -2 -4 1.5 40 3 3 0.5 41 -3 -1 1 42 6 -5 1.5 43 4 2 0.5 44 4 -2 1 45 6 5 1.5 46 -3 1 0.5 47 3 -3 1 48 -2 4 1.5 49 -5 0 0.5 50 -6 -4 1 51 -5 3 1.5 52 -2 -1 0.5 53 3 -5 1 54 -3 2 1.5 -2 14 -1 14 0 1 1 14 2 1 3 14 4 14 I -1 14 I 3 14 | unclamped_nonuniform_d14_domain_ends R 2 1 1 14 0 57 7 -1 3 -1 -3 -5/2 1/2 -1 -5 2 1 0 -3 -3 3/2 1/2 3/2 5/2 1/2 2 -3 1 1 9/2 9 -9/2 3/2 2 2 2 1/2 5 4 0 1 9 9 -6 3/2 7/2 -3/2 3/2 1/2 8 3 -1 1 27/2 -3 -15/2 3/2 5 -5/2 1 1/2 11 -6 -2 1 18 -15/2 15/2 3/2 13/2 -1 1/2 1/2 14 3 -3 1 45/2 -9/2 6 3/2 8 3 0 1/2 17 4 -4 1 27 6 9/2 3/2 19/2 3 -1/2 1/2 20 -3 -5 1 63/2 9/2 3 3/2 11 -1 -1 1/2 23 -5 5 1 36 -9 3/2 3/2 25/2 -5/2 -3/2 1/2 26 -2 4 1 81/2 9/2 0 3/2 14 -3/2 -2 1/2 29 6 3 1 45 6 -3/2 3/2 31/2 2 -5/2 1/2 32 6 2 1 99/2 -9/2 -3 3/2 17 3/2 5/2 1/2 35 -2 1 1 54 -15/2 -9/2 3/2 37/2 -3 2 1/2 38 -5 0 1 117/2 -3 -6 3/2 20 3/2 3/2 1/2 41 -3 -1 1 63 9 -15/2 3/2 43/2 2 1 1/2 44 4 -2 1 135/2 9 15/2 3/2 23 -3/2 1/2 1/2 47 3 -3 1 72 -3 6 3/2 49/2 -5/2 0 1/2 50 -6 -4 1 153/2 -15/2 9/2 3/2 26 -1 -1/2 1/2 53 3 -5 1 81 -9/2 3 3/2 -2 14 -1 14 0 1 1 14 2 1 3 14 4 14
constant_periodic_d14_identity P 14 17 18 0 2 -3 5 1 2 -3 5 1 2 -3 5 1 2 -3 5 1 2 -3 5 1 2 -3 5 1 2 -3 5 1 2 -3 5 1 2 -3 5 1 2 -3 5 1 2 -3 5 1 2 -3 5 1 2 -3 5 1 2 -3 5 1 2 -3 5 1 2 -3 5 1 2 -3 5 1 0 1 1 1 2 1 3 1 4 1 5 1 6 1 7 1 8 1 9 1 10 1 11 1 12 1 13 1 14 1 15 1 16 1 17 1 | constant_periodic_d14_identity R 0 14 1 17 18 0 17 2 -3 5 1 2 -3 5 1 2 -3 5 1 2 -3 5 1 2 -3 5 1 2 -3 5 1 2 -3 5 1 2 -3 5 1 2 -3 5 1 2 -3 5 1 2 -3 5 1 2 -3 5 1 2 -3 5 1 2 -3 5 1 2 -3 5 1 2 -3 5 1 2 -3 5 1 0 1 1 1 2 1 3 1 4 1 5 1 6 1 7 1 8 1 9 1 10 1 11 1 12 1 13 1 14 1 15 1 16 1 17 1
constant_periodic_d14_insert P 14 17 18 1 2 -3 5 1 2 -3 5 1 2 -3 5 1 2 -3 5 1 2 -3 5 1 2 -3 5 1 2 -3 5 1 2 -3 5 1 2 -3 5 1 2 -3 5 1 2 -3 5 1 2 -3 5 1 2 -3 5 1 2 -3 5 1 2 -3 5 1 2 -3 5 1 2 -3 5 1 0 1 1 1 2 1 3 1 4 1 5 1 6 1 7 1 8 1 9 1 10 1 11 1 12 1 13 1 14 1 15 1 16 1 17 1 I 0.25 14 | constant_periodic_d14_insert R 1 1 14 1 31 19 0 17 2 -3 5 1 2 -3 5 1 2 -3 5 1 2 -3 5 1 2 -3 5 1 2 -3 5 1 2 -3 5 1 2 -3 5 1 2 -3 5 1 2 -3 5 1 2 -3 5 1 2 -3 5 1 2 -3 5 1 2 -3 5 1 2 -3 5 1 2 -3 5 1 2 -3 5 1 2 -3 5 1 2 -3 5 1 2 -3 5 1 2 -3 5 1 2 -3 5 1 2 -3 5 1 2 -3 5 1 2 -3 5 1 2 -3 5 1 2 -3 5 1 2 -3 5 1 2 -3 5 1 2 -3 5 1 2 -3 5 1 0 1 1/4 14 1 1 2 1 3 1 4 1 5 1 6 1 7 1 8 1 9 1 10 1 11 1 12 1 13 1 14 1 15 1 16 1 17 1
constant_periodic_d14_sequence P 14 17 18 4 2 -3 5 1 2 -3 5 1 2 -3 5 1 2 -3 5 1 2 -3 5 1 2 -3 5 1 2 -3 5 1 2 -3 5 1 2 -3 5 1 2 -3 5 1 2 -3 5 1 2 -3 5 1 2 -3 5 1 2 -3 5 1 2 -3 5 1 2 -3 5 1 2 -3 5 1 0 1 1 1 2 1 3 1 4 1 5 1 6 1 7 1 8 1 9 1 10 1 11 1 12 1 13 1 14 1 15 1 16 1 17 1 I 0.75 1 I 0.25 14 I 0.75 14 I 0.25 1 | constant_periodic_d14_sequence R 4 1 1 1 1 14 1 45 20 0 17 2 -3 5 1 2 -3 5 1 2 -3 5 1 2 -3 5 1 2 -3 5 1 2 -3 5 1 2 -3 5 1 2 -3 5 1 2 -3 5 1 2 -3 5 1 2 -3 5 1 2 -3 5 1 2 -3 5 1 2 -3 5 1 2 -3 5 1 2 -3 5 1 2 -3 5 1 2 -3 5 1 2 -3 5 1 2 -3 5 1 2 -3 5 1 2 -3 5 1 2 -3 5 1 2 -3 5 1 2 -3 5 1 2 -3 5 1 2 -3 5 1 2 -3 5 1 2 -3 5 1 2 -3 5 1 2 -3 5 1 2 -3 5 1 2 -3 5 1 2 -3 5 1 2 -3 5 1 2 -3 5 1 2 -3 5 1 2 -3 5 1 2 -3 5 1 2 -3 5 1 2 -3 5 1 2 -3 5 1 2 -3 5 1 2 -3 5 1 2 -3 5 1 0 1 1/4 14 3/4 14 1 1 2 1 3 1 4 1 5 1 6 1 7 1 8 1 9 1 10 1 11 1 12 1 13 1 14 1 15 1 16 1 17 1
constant_periodic_d14_roundtrip P 14 17 18 2 2 -3 5 1 2 -3 5 1 2 -3 5 1 2 -3 5 1 2 -3 5 1 2 -3 5 1 2 -3 5 1 2 -3 5 1 2 -3 5 1 2 -3 5 1 2 -3 5 1 2 -3 5 1 2 -3 5 1 2 -3 5 1 2 -3 5 1 2 -3 5 1 2 -3 5 1 0 1 1 1 2 1 3 1 4 1 5 1 6 1 7 1 8 1 9 1 10 1 11 1 12 1 13 1 14 1 15 1 16 1 17 1 I 0.25 1 R 0.25 0 | constant_periodic_d14_roundtrip R 2 1 1 14 1 17 18 0 17 2 -3 5 1 2 -3 5 1 2 -3 5 1 2 -3 5 1 2 -3 5 1 2 -3 5 1 2 -3 5 1 2 -3 5 1 2 -3 5 1 2 -3 5 1 2 -3 5 1 2 -3 5 1 2 -3 5 1 2 -3 5 1 2 -3 5 1 2 -3 5 1 2 -3 5 1 0 1 1 1 2 1 3 1 4 1 5 1 6 1 7 1 8 1 9 1 10 1 11 1 12 1 13 1 14 1 15 1 16 1 17 1
constant_periodic_d14_full_roundtrip P 14 17 18 2 2 -3 5 1 2 -3 5 1 2 -3 5 1 2 -3 5 1 2 -3 5 1 2 -3 5 1 2 -3 5 1 2 -3 5 1 2 -3 5 1 2 -3 5 1 2 -3 5 1 2 -3 5 1 2 -3 5 1 2 -3 5 1 2 -3 5 1 2 -3 5 1 2 -3 5 1 0 1 1 1 2 1 3 1 4 1 5 1 6 1 7 1 8 1 9 1 10 1 11 1 12 1 13 1 14 1 15 1 16 1 17 1 I 0.25 14 R 0.25 0 | constant_periodic_d14_full_roundtrip R 2 1 1 14 1 17 18 0 17 2 -3 5 1 2 -3 5 1 2 -3 5 1 2 -3 5 1 2 -3 5 1 2 -3 5 1 2 -3 5 1 2 -3 5 1 2 -3 5 1 2 -3 5 1 2 -3 5 1 2 -3 5 1 2 -3 5 1 2 -3 5 1 2 -3 5 1 2 -3 5 1 2 -3 5 1 0 1 1 1 2 1 3 1 4 1 5 1 6 1 7 1 8 1 9 1 10 1 11 1 12 1 13 1 14 1 15 1 16 1 17 1
constant_periodic_d14_remove_existing P 14 17 18 1 2 -3 5 1 2 -3 5 1 2 -3 5 1 2 -3 5 1 2 -3 5 1 2 -3 5 1 2 -3 5 1 2 -3 5 1 2 -3 5 1 2 -3 5 1 2 -3 5 1 2 -3 5 1 2 -3 5 1 2 -3 5 1 2 -3 5 1 2 -3 5 1 2 -3 5 1 0 1 1 1 2 1 3 1 4 1 5 1 6 1 7 1 8 1 9 1 10 1 11 1 12 1 13 1 14 1 15 1 16 1 17 1 R 1 0 | constant_periodic_d14_remove_existing R 1 1 14 1 16 17 0 17 2 -3 5 1 2 -3 5 1 2 -3 5 1 2 -3 5 1 2 -3 5 1 2 -3 5 1 2 -3 5 1 2 -3 5 1 2 -3 5 1 2 -3 5 1 2 -3 5 1 2 -3 5 1 2 -3 5 1 2 -3 5 1 2 -3 5 1 2 -3 5 1 0 1 2 1 3 1 4 1 5 1 6 1 7 1 8 1 9 1 10 1 11 1 12 1 13 1 14 1 15 1 16 1 17 1
constant_periodic_d14_seam P 14 17 18 2 2 -3 5 1 2 -3 5 1 2 -3 5 1 2 -3 5 1 2 -3 5 1 2 -3 5 1 2 -3 5 1 2 -3 5 1 2 -3 5 1 2 -3 5 1 2 -3 5 1 2 -3 5 1 2 -3 5 1 2 -3 5 1 2 -3 5 1 2 -3 5 1 2 -3 5 1 0 1 1 1 2 1 3 1 4 1 5 1 6 1 7 1 8 1 9 1 10 1 11 1 12 1 13 1 14 1 15 1 16 1 17 1 I 0 14 I 17 14 | constant_periodic_d14_seam R 2 1 1 14 1 30 18 0 17 2 -3 5 1 2 -3 5 1 2 -3 5 1 2 -3 5 1 2 -3 5 1 2 -3 5 1 2 -3 5 1 2 -3 5 1 2 -3 5 1 2 -3 5 1 2 -3 5 1 2 -3 5 1 2 -3 5 1 2 -3 5 1 2 -3 5 1 2 -3 5 1 2 -3 5 1 2 -3 5 1 2 -3 5 1 2 -3 5 1 2 -3 5 1 2 -3 5 1 2 -3 5 1 2 -3 5 1 2 -3 5 1 2 -3 5 1 2 -3 5 1 2 -3 5 1 2 -3 5 1 2 -3 5 1 0 14 1 1 2 1 3 1 4 1 5 1 6 1 7 1 8 1 9 1 10 1 11 1 12 1 13 1 14 1 15 1 16 1 17 14
constant_periodic_d14_seam_roundtrip P 14 17 18 2 2 -3 5 1 2 -3 5 1 2 -3 5 1 2 -3 5 1 2 -3 5 1 2 -3 5 1 2 -3 5 1 2 -3 5 1 2 -3 5 1 2 -3 5 1 2 -3 5 1 2 -3 5 1 2 -3 5 1 2 -3 5 1 2 -3 5 1 2 -3 5 1 2 -3 5 1 0 1 1 1 2 1 3 1 4 1 5 1 6 1 7 1 8 1 9 1 10 1 11 1 12 1 13 1 14 1 15 1 16 1 17 1 I 17 14 R 0 1 | constant_periodic_d14_seam_roundtrip R 2 1 1 14 1 17 18 0 17 2 -3 5 1 2 -3 5 1 2 -3 5 1 2 -3 5 1 2 -3 5 1 2 -3 5 1 2 -3 5 1 2 -3 5 1 2 -3 5 1 2 -3 5 1 2 -3 5 1 2 -3 5 1 2 -3 5 1 2 -3 5 1 2 -3 5 1 2 -3 5 1 2 -3 5 1 0 1 1 1 2 1 3 1 4 1 5 1 6 1 7 1 8 1 9 1 10 1 11 1 12 1 13 1 14 1 15 1 16 1 17 1
constant_periodic_d14_remove_origin P 14 17 18 1 2 -3 5 1 2 -3 5 1 2 -3 5 1 2 -3 5 1 2 -3 5 1 2 -3 5 1 2 -3 5 1 2 -3 5 1 2 -3 5 1 2 -3 5 1 2 -3 5 1 2 -3 5 1 2 -3 5 1 2 -3 5 1 2 -3 5 1 2 -3 5 1 2 -3 5 1 0 1 1 1 2 1 3 1 4 1 5 1 6 1 7 1 8 1 9 1 10 1 11 1 12 1 13 1 14 1 15 1 16 1 17 1 R 0 0 | constant_periodic_d14_remove_origin R 1 1 14 1 16 17 1 18 2 -3 5 1 2 -3 5 1 2 -3 5 1 2 -3 5 1 2 -3 5 1 2 -3 5 1 2 -3 5 1 2 -3 5 1 2 -3 5 1 2 -3 5 1 2 -3 5 1 2 -3 5 1 2 -3 5 1 2 -3 5 1 2 -3 5 1 2 -3 5 1 1 1 2 1 3 1 4 1 5 1 6 1 7 1 8 1 9 1 10 1 11 1 12 1 13 1 14 1 15 1 16 1 18 1
constant_periodic_d14_remove_end_alias P 14 17 18 1 2 -3 5 1 2 -3 5 1 2 -3 5 1 2 -3 5 1 2 -3 5 1 2 -3 5 1 2 -3 5 1 2 -3 5 1 2 -3 5 1 2 -3 5 1 2 -3 5 1 2 -3 5 1 2 -3 5 1 2 -3 5 1 2 -3 5 1 2 -3 5 1 2 -3 5 1 0 1 1 1 2 1 3 1 4 1 5 1 6 1 7 1 8 1 9 1 10 1 11 1 12 1 13 1 14 1 15 1 16 1 17 1 R 17 0 | constant_periodic_d14_remove_end_alias R 1 1 14 1 16 17 1 18 2 -3 5 1 2 -3 5 1 2 -3 5 1 2 -3 5 1 2 -3 5 1 2 -3 5 1 2 -3 5 1 2 -3 5 1 2 -3 5 1 2 -3 5 1 2 -3 5 1 2 -3 5 1 2 -3 5 1 2 -3 5 1 2 -3 5 1 2 -3 5 1 1 1 2 1 3 1 4 1 5 1 6 1 7 1 8 1 9 1 10 1 11 1 12 1 13 1 14 1 15 1 16 1 18 1
unclamped_nonuniform_d15_identity S 15 61 7 0 -2 -6 -5 0.5 -1 -5 2 1 0 -2 -2 1.5 1 3 5 0.5 2 -3 1 1 3 6 -3 1.5 4 4 4 0.5 5 4 0 1 6 6 -4 1.5 7 -3 3 0.5 8 3 -1 1 9 -2 -5 1.5 10 -5 2 0.5 11 -6 -2 1 12 -5 5 1.5 13 -2 1 0.5 14 3 -3 1 15 -3 4 1.5 16 6 0 0.5 17 4 -4 1 18 4 3 1.5 19 6 -1 0.5 20 -3 -5 1 21 3 2 1.5 22 -2 -2 0.5 23 -5 5 1 24 -6 1 1.5 25 -5 -3 0.5 26 -2 4 1 27 3 0 1.5 28 -3 -4 0.5 29 6 3 1 30 4 -1 1.5 31 4 -5 0.5 32 6 2 1 33 -3 -2 1.5 34 3 5 0.5 35 -2 1 1 36 -5 -3 1.5 37 -6 4 0.5 38 -5 0 1 39 -2 -4 1.5 40 3 3 0.5 41 -3 -1 1 42 6 -5 1.5 43 4 2 0.5 44 4 -2 1 45 6 5 1.5 46 -3 1 0.5 47 3 -3 1 48 -2 4 1.5 49 -5 0 0.5 50 -6 -4 1 51 -5 3 1.5 52 -2 -1 0.5 53 3 -5 1 54 -3 2 1.5 55 6 -2 0.5 56 4 5 1 57 4 1 1.5 58 6 -3 0.5 -2 15 -1 15 0 1 1 15 2 1 3 15 4 15 | unclamped_nonuniform_d15_identity R 0 15 0 61 7 -1 3 -1 -3 -5/2 1/2 -1 -5 2 1 0 -3 -3 3/2 1/2 3/2 5/2 1/2 2 -3 1 1 9/2 9 -9/2 3/2 2 2 2 1/2 5 4 0 1 9 9 -6 3/2 7/2 -3/2 3/2 1/2 8 3 -1 1 27/2 -3 -15/2 3/2 5 -5/2 1 1/2 11 -6 -2 1 18 -15/2 15/2 3/2 13/2 -1 1/2 1/2 14 3 -3 1 45/2 -9/2 6 3/2 8 3 0 1/2 17 4 -4 1 27 6 9/2 3/2 19/2 3 -1/2 1/2 20 -3 -5 1 63/2 9/2 3 3/2 11 -1 -1 1/2 23 -5 5 1 36 -9 3/2 3/2 25/2 -5/2 -3/2 1/2 26 -2 4 1 81/2 9/2 0 3/2 14 -3/2 -2 1/2 29 6 3 1 45 6 -3/2 3/2 31/2 2 -5/2 1/2 32 6 2 1 99/2 -9/2 -3 3/2 17 3/2 5/2 1/2 35 -2 1 1 54 -15/2 -9/2 3/2 37/2 -3 2 1/2 38 -5 0 1 117/2 -3 -6 3/2 20 3/2 3/2 1/2 41 -3 -1 1 63 9 -15/2 3/2 43/2 2 1 1/2 44 4 -2 1 135/2 9 15/2 3/2 23 -3/2 1/2 1/2 47 3 -3 1 72 -3 6 3/2 49/2 -5/2 0 1/2 50 -6 -4 1 153/2 -15/2 9/2 3/2 26 -1 -1/2 1/2 53 3 -5 1 81 -9/2 3 3/2 55/2 3 -1 1/2 56 4 5 1 171/2 6 3/2 3/2 29 3 -3/2 1/2 -2 15 -1 15 0 1 1 15 2 1 3 15 4 15
unclamped_nonuniform_d15_insert S 15 61 7 1 -2 -6 -5 0.5 -1 -5 2 1 0 -2 -2 1.5 1 3 5 0.5 2 -3 1 1 3 6 -3 1.5 4 4 4 0.5 5 4 0 1 6 6 -4 1.5 7 -3 3 0.5 8 3 -1 1 9 -2 -5 1.5 10 -5 2 0.5 11 -6 -2 1 12 -5 5 1.5 13 -2 1 0.5 14 3 -3 1 15 -3 4 1.5 16 6 0 0.5 17 4 -4 1 18 4 3 1.5 19 6 -1 0.5 20 -3 -5 1 21 3 2 1.5 22 -2 -2 0.5 23 -5 5 1 24 -6 1 1.5 25 -5 -3 0.5 26 -2 4 1 27 3 0 1.5 28 -3 -4 0.5 29 6 3 1 30 4 -1 1.5 31 4 -5 0.5 32 6 2 1 33 -3 -2 1.5 34 3 5 0.5 35 -2 1 1 36 -5 -3 1.5 37 -6 4 0.5 38 -5 0 1 39 -2 -4 1.5 40 3 3 0.5 41 -3 -1 1 42 6 -5 1.5 43 4 2 0.5 44 4 -2 1 45 6 5 1.5 46 -3 1 0.5 47 3 -3 1 48 -2 4 1.5 49 -5 0 0.5 50 -6 -4 1 51 -5 3 1.5 52 -2 -1 0.5 53 3 -5 1 54 -3 2 1.5 55 6 -2 0.5 56 4 5 1 57 4 1 1.5 58 6 -3 0.5 -2 15 -1 15 0 1 1 15 2 1 3 15 4 15 I -0.75 15 | unclamped_nonuniform_d15_insert R 1 1 15 0 76 8 -1 3 -1 -3 -5/2 1/2 -1 -5 2 1 0 -3 -3 3/2 1/2 3/2 5/2 1/2 2 -3 1 1 9/2 9 -9/2 3/2 2 2 2 1/2 5 4 0 1 9 9 -6 3/2 7/2 -3/2 3/2 1/2 8 3 -1 1 27/2 -3 -15/2 3/2 5 -5/2 1 1/2 11 -6 -2 1 18 -15/2 15/2 3/2 121/8 -47/8 23/4 5/4 845/64 -145/32 277/64 69/64 12 -1763/512 1639/512 247/256 725/64 -10565/4096 9547/4096 3665/4096 361741/32768 -31215/16384 54971/32768 28047/32768 2888511/262144 -181901/131072 78873/65536 13747/16384 23441791/2097152 -2089643/2097152 916113/1048576 1755547/2097152 192107891/16777216 -11807323/16777216 11024167/16777216 14173935/16777216 791070093/67108864 -65260911/134217728 70736189/134217728 57602029/67108864 6525693673/536870912 -347771641/1073741824 494977265/1073741824 939345005/1073741824 107614527265/8589934592 -860442343/4294967296 3783680205/8589934592 7665402603/8589934592 885847153053/68719476736 -3517869933/34359738368 967784375/2147483648 1953433037/2147483648 7275315093349/549755813888 -5407284633/274877906944 65953888745/137438953472 508967033767/549755813888 59600669679419/4398046511104 122455707045/2199023255552 2283586113777/4398046511104 4135894401435/4398046511104 30439927409547/2199023255552 1138920334479/8796093022208 19777279209013/35184372088832 16768421277673/17592186044416 64717410238119/4398046511104 24111037917/68719476736 6075762526351/8796093022208 545092259171/549755813888 17793366640963/1099511627776 458810522787/549755813888 36591032471/34359738368 1146830754905/1099511627776 2203289382207/137438953472 143811432171/68719476736 88110345813/137438953472 133672005561/137438953472 289712314161/17179869184 33948199965/8589934592 -514561971/1073741824 8258720783/8589934592 41952907805/2147483648 2068467937/536870912 134640765/1073741824 2312113555/2147483648 2518001649/134217728 698811591/268435456 36495207/134217728 264697737/268435456 76306941/4194304 20790387/33554432 -52030937/33554432 471257/524288 97348087/4194304 702963/4194304 -781599/1048576 4675877/4194304 11801661/524288 369693/524288 883071/524288 547221/524288 1183095/65536 -217985/65536 5971/4096 25835/32768 218117/8192 -50279/8192 6867/2048 9271/8192 3693/128 -873/128 189/256 1221/1024 1017/64 -73/32 -35/128 5/8 445/16 -19/16 7/2 17/16 81/2 9/2 0 3/2 14 -3/2 -2 1/2 29 6 3 1 45 6 -3/2 3/2 31/2 2 -5/2 1/2 32 6 2 1 99/2 -9/2 -3 3/2 17 3/2 5/2 1/2 35 -2 1 1 54 -15/2 -9/2 3/2 37/2 -3 2 1/2 38 -5 0 1 117/2 -3 -6 3/2 20 3/2 3/2 1/2 41 -3 -1 1 63 9 -15/2 3/2 43/2 2 1 1/2 44 4 -2 1 135/2 9 15/2 3/2 23 -3/2 1/2 1/2 47 3 -3 1 72 -3 6 3/2 49/2 -5/2 0 1/2 50 -6 -4 1 153/2 -15/2 9/2 3/2 26 -1 -1/2 1/2 53 3 -5 1 81 -9/2 3 3/2 55/2 3 -1 1/2 56 4 5 1 171/2 6 3/2 3/2 29 3 -3/2 1/2 -2 15 -1 15 -3/4 15 0 1 1 15 2 1 3 15 4 15
unclamped_nonuniform_d15_sequence S 15 61 7 4 -2 -6 -5 0.5 -1 -5 2 1 0 -2 -2 1.5 1 3 5 0.5 2 -3 1 1 3 6 -3 1.5 4 4 4 0.5 5 4 0 1 6 6 -4 1.5 7 -3 3 0.5 8 3 -1 1 9 -2 -5 1.5 10 -5 2 0.5 11 -6 -2 1 12 -5 5 1.5 13 -2 1 0.5 14 3 -3 1 15 -3 4 1.5 16 6 0 0.5 17 4 -4 1 18 4 3 1.5 19 6 -1 0.5 20 -3 -5 1 21 3 2 1.5 22 -2 -2 0.5 23 -5 5 1 24 -6 1 1.5 25 -5 -3 0.5 26 -2 4 1 27 3 0 1.5 28 -3 -4 0.5 29 6 3 1 30 4 -1 1.5 31 4 -5 0.5 32 6 2 1 33 -3 -2 1.5 34 3 5 0.5 35 -2 1 1 36 -5 -3 1.5 37 -6 4 0.5 38 -5 0 1 39 -2 -4 1.5 40 3 3 0.5 41 -3 -1 1 42 6 -5 1.5 43 4 2 0.5 44 4 -2 1 45 6 5 1.5 46 -3 1 0.5 47 3 -3 1 48 -2 4 1.5 49 -5 0 0.5 50 -6 -4 1 51 -5 3 1.5 52 -2 -1 0.5 53 3 -5 1 54 -3 2 1.5 55 6 -2 0.5 56 4 5 1 57 4 1 1.5 58 6 -3 0.5 -2 15 -1 15 0 1 1 15 2 1 3 15 4 15 I -0.25 1 I -0.75 15 I -0.25 15 I -0.75 1 | unclamped_nonuniform_d15_sequence R 4 1 1 1 1 15 0 91 9 -1 3 -1 -3 -5/2 1/2 -1 -5 2 1 0 -3 -3 3/2 1/2 3/2 5/2 1/2 2 -3 1 1 9/2 9 -9/2 3/2 2 2 2 1/2 5 4 0 1 9 9 -6 3/2 7/2 -3/2 3/2 1/2 8 3 -1 1 27/2 -3 -15/2 3/2 5 -5/2 1 1/2 11 -6 -2 1 18 -15/2 15/2 3/2 121/8 -47/8 23/4 5/4 845/64 -145/32 277/64 69/64 12 -1763/512 1639/512 247/256 725/64 -10565/4096 9547/4096 3665/4096 361741/32768 -31215/16384 54971/32768 28047/32768 2888511/262144 -181901/131072 78873/65536 13747/16384 23441791/2097152 -2089643/2097152 916113/1048576 1755547/2097152 192107891/16777216 -11807323/16777216 11024167/16777216 14173935/16777216 791070093/67108864 -65260911/134217728 70736189/134217728 57602029/67108864 6525693673/536870912 -347771641/1073741824 494977265/1073741824 939345005/1073741824 107614527265/8589934592 -860442343/4294967296 3783680205/8589934592 7665402603/8589934592 885847153053/68719476736 -3517869933/34359738368 967784375/2147483648 1953433037/2147483648 7275315093349/549755813888 -5407284633/274877906944 65953888745/137438953472 508967033767/549755813888 59600669679419/4398046511104 122455707045/2199023255552 2283586113777/4398046511104 4135894401435/4398046511104 30439927409547/2199023255552 1138920334479/8796093022208 19777279209013/35184372088832 16768421277673/17592186044416 15859556274611/1099511627776 2437115347077/8796093022208 22794459806607/35184372088832 17218108621539/17592186044416 32760370102993/2199023255552 3680276639127/8796093022208 26308028033405/35184372088832 17540640552353/17592186044416 523882202721/34359738368 5275822034781/8796093022208 28458942565607/35184372088832 17704019173963/17592186044416 34100684948215/2199023255552 7335861600607/8796093022208 28683106081797/35184372088832 17747160390297/17592186044416 17287385667965/1099511627776 9780808213621/8796093022208 27210674831359/35184372088832 17723694102899/17592186044416 35025909820029/2199023255552 12438166157799/8796093022208 24589927294925/35184372088832 17676865344721/17592186044416 8873924264005/549755813888 15109359156685/8796093022208 21374999665367/35184372088832 17632622131803/17592186044416 35997735794659/2199023255552 17609694601519/8796093022208 17980024733397/35184372088832 17601814981193/17592186044416 18264361103367/1099511627776 19789905308005/8796093022208 14651139527535/35184372088832 17585524262659/17592186044416 37078584117673/2199023255552 21545194369335/8796093022208 11501315875613/35184372088832 17580188102913/17592186044416 4704640992173/274877906944 22815603262781/8796093022208 8565619527623/35184372088832 17581179515243/17592186044416 38197111864911/2199023255552 23580558365695/8796093022208 5851451074213/35184372088832 17584689499897/17592186044416 19377389472593/1099511627776 23850075127637/8796093022208 3372556527071/35184372088832 17588332592019/17592186044416 39309074568277/2199023255552 23654805988231/8796093022208 1165044247405/35184372088832 17591017749041/17592186044416 9965123614287/549755813888 23036692043181/8796093022208 -711308813385/35184372088832 17592530261883/17592186044416 80272408803167/4398046511104 355119297979/137438953472 -412371335945/8796093022208 549790203697/549755813888 20755579727993/1099511627776 1290862137561/549755813888 -11575037055/68719476736 1099725124699/1099511627776 2679355644111/137438953472 125533118907/68719476736 -31042205115/137438953472 137421230313/137438953472 345559801547/17179869184 9486808959/8589934592 -201163215/1073741824 8583849853/8589934592 44584931269/2147483648 158352929/536870912 6342725/1073741824 2147775947/2147483648 2875065219/134217728 -149995083/268435456 56763405/134217728 269091339/268435456 92219597/4194304 -51816621/33554432 34743815/33554432 524587/524288 94167677/4194304 -11702127/4194304 1699255/1048576 4160791/4194304 12160629/524288 -2205099/524288 994695/524288 521517/524288 1603733/65536 -342163/65536 7325/4096 33577/32768 205141/8192 -41431/8192 2755/2048 8423/8192 2979/128 -459/128 195/256 951/1024 1457/64 -41/32 165/128 7/8 503/16 7/16 5/2 19/16 81/2 9/2 0 3/2 14 -3/2 -2 1/2 29 6 3 1 45 6 -3/2 3/2 31/2 2 -5/2 1/2 32 6 2 1 99/2 -9/2 -3 3/2 17 3/2 5/2 1/2 35 -2 1 1 54 -15/2 -9/2 3/2 37/2 -3 2 1/2 38 -5 0 1 117/2 -3 -6 3/2 20 3/2 3/2 1/2 41 -3 -1 1 63 9 -15/2 3/2 43/2 2 1 1/2 44 4 -2 1 135/2 9 15/2 3/2 23 -3/2 1/2 1/2 47 3 -3 1 72 -3 6 3/2 49/2 -5/2 0 1/2 50 -6 -4 1 153/2 -15/2 9/2 3/2 26 -1 -1/2 1/2 53 3 -5 1 81 -9/2 3 3/2 55/2 3 -1 1/2 56 4 5 1 171/2 6 3/2 3/2 29 3 -3/2 1/2 -2 15 -1 15 -3/4 15 -1/4 15 0 1 1 15 2 1 3 15 4 15
unclamped_nonuniform_d15_roundtrip S 15 61 7 2 -2 -6 -5 0.5 -1 -5 2 1 0 -2 -2 1.5 1 3 5 0.5 2 -3 1 1 3 6 -3 1.5 4 4 4 0.5 5 4 0 1 6 6 -4 1.5 7 -3 3 0.5 8 3 -1 1 9 -2 -5 1.5 10 -5 2 0.5 11 -6 -2 1 12 -5 5 1.5 13 -2 1 0.5 14 3 -3 1 15 -3 4 1.5 16 6 0 0.5 17 4 -4 1 18 4 3 1.5 19 6 -1 0.5 20 -3 -5 1 21 3 2 1.5 22 -2 -2 0.5 23 -5 5 1 24 -6 1 1.5 25 -5 -3 0.5 26 -2 4 1 27 3 0 1.5 28 -3 -4 0.5 29 6 3 1 30 4 -1 1.5 31 4 -5 0.5 32 6 2 1 33 -3 -2 1.5 34 3 5 0.5 35 -2 1 1 36 -5 -3 1.5 37 -6 4 0.5 38 -5 0 1 39 -2 -4 1.5 40 3 3 0.5 41 -3 -1 1 42 6 -5 1.5 43 4 2 0.5 44 4 -2 1 45 6 5 1.5 46 -3 1 0.5 47 3 -3 1 48 -2 4 1.5 49 -5 0 0.5 50 -6 -4 1 51 -5 3 1.5 52 -2 -1 0.5 53 3 -5 1 54 -3 2 1.5 55 6 -2 0.5 56 4 5 1 57 4 1 1.5 58 6 -3 0.5 -2 15 -1 15 0 1 1 15 2 1 3 15 4 15 I -0.75 1 R -0.75 0 | unclamped_nonuniform_d15_roundtrip R 2 1 1 15 0 61 7 -1 3 -1 -3 -5/2 1/2 -1 -5 2 1 0 -3 -3 3/2 1/2 3/2 5/2 1/2 2 -3 1 1 9/2 9 -9/2 3/2 2 2 2 1/2 5 4 0 1 9 9 -6 3/2 7/2 -3/2 3/2 1/2 8 3 -1 1 27/2 -3 -15/2 3/2 5 -5/2 1 1/2 11 -6 -2 1 18 -15/2 15/2 3/2 13/2 -1 1/2 1/2 14 3 -3 1 45/2 -9/2 6 3/2 8 3 0 1/2 17 4 -4 1 27 6 9/2 3/2 19/2 3 -1/2 1/2 20 -3 -5 1 63/2 9/2 3 3/2 11 -1 -1 1/2 23 -5 5 1 36 -9 3/2 3/2 25/2 -5/2 -3/2 1/2 26 -2 4 1 81/2 9/2 0 3/2 14 -3/2 -2 1/2 29 6 3 1 45 6 -3/2 3/2 31/2 2 -5/2 1/2 32 6 2 1 99/2 -9/2 -3 3/2 17 3/2 5/2 1/2 35 -2 1 1 54 -15/2 -9/2 3/2 37/2 -3 2 1/2 38 -5 0 1 117/2 -3 -6 3/2 20 3/2 3/2 1/2 41 -3 -1 1 63 9 -15/2 3/2 43/2 2 1 1/2 44 4 -2 1 135/2 9 15/2 3/2 23 -3/2 1/2 1/2 47 3 -3 1 72 -3 6 3/2 49/2 -5/2 0 1/2 50 -6 -4 1 153/2 -15/2 9/2 3/2 26 -1 -1/2 1/2 53 3 -5 1 81 -9/2 3 3/2 55/2 3 -1 1/2 56 4 5 1 171/2 6 3/2 3/2 29 3 -3/2 1/2 -2 15 -1 15 0 1 1 15 2 1 3 15 4 15
unclamped_nonuniform_d15_full_roundtrip S 15 61 7 2 -2 -6 -5 0.5 -1 -5 2 1 0 -2 -2 1.5 1 3 5 0.5 2 -3 1 1 3 6 -3 1.5 4 4 4 0.5 5 4 0 1 6 6 -4 1.5 7 -3 3 0.5 8 3 -1 1 9 -2 -5 1.5 10 -5 2 0.5 11 -6 -2 1 12 -5 5 1.5 13 -2 1 0.5 14 3 -3 1 15 -3 4 1.5 16 6 0 0.5 17 4 -4 1 18 4 3 1.5 19 6 -1 0.5 20 -3 -5 1 21 3 2 1.5 22 -2 -2 0.5 23 -5 5 1 24 -6 1 1.5 25 -5 -3 0.5 26 -2 4 1 27 3 0 1.5 28 -3 -4 0.5 29 6 3 1 30 4 -1 1.5 31 4 -5 0.5 32 6 2 1 33 -3 -2 1.5 34 3 5 0.5 35 -2 1 1 36 -5 -3 1.5 37 -6 4 0.5 38 -5 0 1 39 -2 -4 1.5 40 3 3 0.5 41 -3 -1 1 42 6 -5 1.5 43 4 2 0.5 44 4 -2 1 45 6 5 1.5 46 -3 1 0.5 47 3 -3 1 48 -2 4 1.5 49 -5 0 0.5 50 -6 -4 1 51 -5 3 1.5 52 -2 -1 0.5 53 3 -5 1 54 -3 2 1.5 55 6 -2 0.5 56 4 5 1 57 4 1 1.5 58 6 -3 0.5 -2 15 -1 15 0 1 1 15 2 1 3 15 4 15 I -0.75 15 R -0.75 0 | unclamped_nonuniform_d15_full_roundtrip R 2 1 1 15 0 61 7 -1 3 -1 -3 -5/2 1/2 -1 -5 2 1 0 -3 -3 3/2 1/2 3/2 5/2 1/2 2 -3 1 1 9/2 9 -9/2 3/2 2 2 2 1/2 5 4 0 1 9 9 -6 3/2 7/2 -3/2 3/2 1/2 8 3 -1 1 27/2 -3 -15/2 3/2 5 -5/2 1 1/2 11 -6 -2 1 18 -15/2 15/2 3/2 13/2 -1 1/2 1/2 14 3 -3 1 45/2 -9/2 6 3/2 8 3 0 1/2 17 4 -4 1 27 6 9/2 3/2 19/2 3 -1/2 1/2 20 -3 -5 1 63/2 9/2 3 3/2 11 -1 -1 1/2 23 -5 5 1 36 -9 3/2 3/2 25/2 -5/2 -3/2 1/2 26 -2 4 1 81/2 9/2 0 3/2 14 -3/2 -2 1/2 29 6 3 1 45 6 -3/2 3/2 31/2 2 -5/2 1/2 32 6 2 1 99/2 -9/2 -3 3/2 17 3/2 5/2 1/2 35 -2 1 1 54 -15/2 -9/2 3/2 37/2 -3 2 1/2 38 -5 0 1 117/2 -3 -6 3/2 20 3/2 3/2 1/2 41 -3 -1 1 63 9 -15/2 3/2 43/2 2 1 1/2 44 4 -2 1 135/2 9 15/2 3/2 23 -3/2 1/2 1/2 47 3 -3 1 72 -3 6 3/2 49/2 -5/2 0 1/2 50 -6 -4 1 153/2 -15/2 9/2 3/2 26 -1 -1/2 1/2 53 3 -5 1 81 -9/2 3 3/2 55/2 3 -1 1/2 56 4 5 1 171/2 6 3/2 3/2 29 3 -3/2 1/2 -2 15 -1 15 0 1 1 15 2 1 3 15 4 15
unclamped_nonuniform_d15_remove_existing S 15 61 7 1 -2 -6 -5 0.5 -1 -5 2 1 0 -2 -2 1.5 1 3 5 0.5 2 -3 1 1 3 6 -3 1.5 4 4 4 0.5 5 4 0 1 6 6 -4 1.5 7 -3 3 0.5 8 3 -1 1 9 -2 -5 1.5 10 -5 2 0.5 11 -6 -2 1 12 -5 5 1.5 13 -2 1 0.5 14 3 -3 1 15 -3 4 1.5 16 6 0 0.5 17 4 -4 1 18 4 3 1.5 19 6 -1 0.5 20 -3 -5 1 21 3 2 1.5 22 -2 -2 0.5 23 -5 5 1 24 -6 1 1.5 25 -5 -3 0.5 26 -2 4 1 27 3 0 1.5 28 -3 -4 0.5 29 6 3 1 30 4 -1 1.5 31 4 -5 0.5 32 6 2 1 33 -3 -2 1.5 34 3 5 0.5 35 -2 1 1 36 -5 -3 1.5 37 -6 4 0.5 38 -5 0 1 39 -2 -4 1.5 40 3 3 0.5 41 -3 -1 1 42 6 -5 1.5 43 4 2 0.5 44 4 -2 1 45 6 5 1.5 46 -3 1 0.5 47 3 -3 1 48 -2 4 1.5 49 -5 0 0.5 50 -6 -4 1 51 -5 3 1.5 52 -2 -1 0.5 53 3 -5 1 54 -3 2 1.5 55 6 -2 0.5 56 4 5 1 57 4 1 1.5 58 6 -3 0.5 -2 15 -1 15 0 1 1 15 2 1 3 15 4 15 R 0 0 | unclamped_nonuniform_d15_remove_existing R 1 0 15 0 61 7 -1 3 -1 -3 -5/2 1/2 -1 -5 2 1 0 -3 -3 3/2 1/2 3/2 5/2 1/2 2 -3 1 1 9/2 9 -9/2 3/2 2 2 2 1/2 5 4 0 1 9 9 -6 3/2 7/2 -3/2 3/2 1/2 8 3 -1 1 27/2 -3 -15/2 3/2 5 -5/2 1 1/2 11 -6 -2 1 18 -15/2 15/2 3/2 13/2 -1 1/2 1/2 14 3 -3 1 45/2 -9/2 6 3/2 8 3 0 1/2 17 4 -4 1 27 6 9/2 3/2 19/2 3 -1/2 1/2 20 -3 -5 1 63/2 9/2 3 3/2 11 -1 -1 1/2 23 -5 5 1 36 -9 3/2 3/2 25/2 -5/2 -3/2 1/2 26 -2 4 1 81/2 9/2 0 3/2 14 -3/2 -2 1/2 29 6 3 1 45 6 -3/2 3/2 31/2 2 -5/2 1/2 32 6 2 1 99/2 -9/2 -3 3/2 17 3/2 5/2 1/2 35 -2 1 1 54 -15/2 -9/2 3/2 37/2 -3 2 1/2 38 -5 0 1 117/2 -3 -6 3/2 20 3/2 3/2 1/2 41 -3 -1 1 63 9 -15/2 3/2 43/2 2 1 1/2 44 4 -2 1 135/2 9 15/2 3/2 23 -3/2 1/2 1/2 47 3 -3 1 72 -3 6 3/2 49/2 -5/2 0 1/2 50 -6 -4 1 153/2 -15/2 9/2 3/2 26 -1 -1/2 1/2 53 3 -5 1 81 -9/2 3 3/2 55/2 3 -1 1/2 56 4 5 1 171/2 6 3/2 3/2 29 3 -3/2 1/2 -2 15 -1 15 0 1 1 15 2 1 3 15 4 15
unclamped_nonuniform_d15_domain_ends S 15 61 7 2 -2 -6 -5 0.5 -1 -5 2 1 0 -2 -2 1.5 1 3 5 0.5 2 -3 1 1 3 6 -3 1.5 4 4 4 0.5 5 4 0 1 6 6 -4 1.5 7 -3 3 0.5 8 3 -1 1 9 -2 -5 1.5 10 -5 2 0.5 11 -6 -2 1 12 -5 5 1.5 13 -2 1 0.5 14 3 -3 1 15 -3 4 1.5 16 6 0 0.5 17 4 -4 1 18 4 3 1.5 19 6 -1 0.5 20 -3 -5 1 21 3 2 1.5 22 -2 -2 0.5 23 -5 5 1 24 -6 1 1.5 25 -5 -3 0.5 26 -2 4 1 27 3 0 1.5 28 -3 -4 0.5 29 6 3 1 30 4 -1 1.5 31 4 -5 0.5 32 6 2 1 33 -3 -2 1.5 34 3 5 0.5 35 -2 1 1 36 -5 -3 1.5 37 -6 4 0.5 38 -5 0 1 39 -2 -4 1.5 40 3 3 0.5 41 -3 -1 1 42 6 -5 1.5 43 4 2 0.5 44 4 -2 1 45 6 5 1.5 46 -3 1 0.5 47 3 -3 1 48 -2 4 1.5 49 -5 0 0.5 50 -6 -4 1 51 -5 3 1.5 52 -2 -1 0.5 53 3 -5 1 54 -3 2 1.5 55 6 -2 0.5 56 4 5 1 57 4 1 1.5 58 6 -3 0.5 -2 15 -1 15 0 1 1 15 2 1 3 15 4 15 I -1 15 I 3 15 | unclamped_nonuniform_d15_domain_ends R 2 1 1 15 0 61 7 -1 3 -1 -3 -5/2 1/2 -1 -5 2 1 0 -3 -3 3/2 1/2 3/2 5/2 1/2 2 -3 1 1 9/2 9 -9/2 3/2 2 2 2 1/2 5 4 0 1 9 9 -6 3/2 7/2 -3/2 3/2 1/2 8 3 -1 1 27/2 -3 -15/2 3/2 5 -5/2 1 1/2 11 -6 -2 1 18 -15/2 15/2 3/2 13/2 -1 1/2 1/2 14 3 -3 1 45/2 -9/2 6 3/2 8 3 0 1/2 17 4 -4 1 27 6 9/2 3/2 19/2 3 -1/2 1/2 20 -3 -5 1 63/2 9/2 3 3/2 11 -1 -1 1/2 23 -5 5 1 36 -9 3/2 3/2 25/2 -5/2 -3/2 1/2 26 -2 4 1 81/2 9/2 0 3/2 14 -3/2 -2 1/2 29 6 3 1 45 6 -3/2 3/2 31/2 2 -5/2 1/2 32 6 2 1 99/2 -9/2 -3 3/2 17 3/2 5/2 1/2 35 -2 1 1 54 -15/2 -9/2 3/2 37/2 -3 2 1/2 38 -5 0 1 117/2 -3 -6 3/2 20 3/2 3/2 1/2 41 -3 -1 1 63 9 -15/2 3/2 43/2 2 1 1/2 44 4 -2 1 135/2 9 15/2 3/2 23 -3/2 1/2 1/2 47 3 -3 1 72 -3 6 3/2 49/2 -5/2 0 1/2 50 -6 -4 1 153/2 -15/2 9/2 3/2 26 -1 -1/2 1/2 53 3 -5 1 81 -9/2 3 3/2 55/2 3 -1 1/2 56 4 5 1 171/2 6 3/2 3/2 29 3 -3/2 1/2 -2 15 -1 15 0 1 1 15 2 1 3 15 4 15
constant_periodic_d15_identity P 15 18 19 0 2 -3 5 1 2 -3 5 1 2 -3 5 1 2 -3 5 1 2 -3 5 1 2 -3 5 1 2 -3 5 1 2 -3 5 1 2 -3 5 1 2 -3 5 1 2 -3 5 1 2 -3 5 1 2 -3 5 1 2 -3 5 1 2 -3 5 1 2 -3 5 1 2 -3 5 1 2 -3 5 1 0 1 1 1 2 1 3 1 4 1 5 1 6 1 7 1 8 1 9 1 10 1 11 1 12 1 13 1 14 1 15 1 16 1 17 1 18 1 | constant_periodic_d15_identity R 0 15 1 18 19 0 18 2 -3 5 1 2 -3 5 1 2 -3 5 1 2 -3 5 1 2 -3 5 1 2 -3 5 1 2 -3 5 1 2 -3 5 1 2 -3 5 1 2 -3 5 1 2 -3 5 1 2 -3 5 1 2 -3 5 1 2 -3 5 1 2 -3 5 1 2 -3 5 1 2 -3 5 1 2 -3 5 1 0 1 1 1 2 1 3 1 4 1 5 1 6 1 7 1 8 1 9 1 10 1 11 1 12 1 13 1 14 1 15 1 16 1 17 1 18 1
constant_periodic_d15_insert P 15 18 19 1 2 -3 5 1 2 -3 5 1 2 -3 5 1 2 -3 5 1 2 -3 5 1 2 -3 5 1 2 -3 5 1 2 -3 5 1 2 -3 5 1 2 -3 5 1 2 -3 5 1 2 -3 5 1 2 -3 5 1 2 -3 5 1 2 -3 5 1 2 -3 5 1 2 -3 5 1 2 -3 5 1 0 1 1 1 2 1 3 1 4 1 5 1 6 1 7 1 8 1 9 1 10 1 11 1 12 1 13 1 14 1 15 1 16 1 17 1 18 1 I 0.25 15 | constant_periodic_d15_insert R 1 1 15 1 33 20 0 18 2 -3 5 1 2 -3 5 1 2 -3 5 1 2 -3 5 1 2 -3 5 1 2 -3 5 1 2 -3 5 1 2 -3 5 1 2 -3 5 1 2 -3 5 1 2 -3 5 1 2 -3 5 1 2 -3 5 1 2 -3 5 1 2 -3 5 1 2 -3 5 1 2 -3 5 1 2 -3 5 1 2 -3 5 1 2 -3 5 1 2 -3 5 1 2 -3 5 1 2 -3 5 1 2 -3 5 1 2 -3 5 1 2 -3 5 1 2 -3 5 1 2 -3 5 1 2 -3 5 1 2 -3 5 1 2 -3 5 1 2 -3 5 1 2 -3 5 1 0 1 1/4 15 1 1 2 1 3 1 4 1 5 1 6 1 7 1 8 1 9 1 10 1 11 1 12 1 13 1 14 1 15 1 16 1 17 1 18 1
constant_periodic_d15_sequence P 15 18 19 4 2 -3 5 1 2 -3 5 1 2 -3 5 1 2 -3 5 1 2 -3 5 1 2 -3 5 1 2 -3 5 1 2 -3 5 1 2 -3 5 1 2 -3 5 1 2 -3 5 1 2 -3 5 1 2 -3 5 1 2 -3 5 1 2 -3 5 1 2 -3 5 1 2 -3 5 1 2 -3 5 1 0 1 1 1 2 1 3 1 4 1 5 1 6 1 7 1 8 1 9 1 10 1 11 1 12 1 13 1 14 1 15 1 16 1 17 1 18 1 I 0.75 1 I 0.25 15 I 0.75 15 I 0.25 1 | constant_periodic_d15_sequence R 4 1 1 1 1 15 1 48 21 0 18 2 -3 5 1 2 -3 5 1 2 -3 5 1 2 -3 5 1 2 -3 5 1 2 -3 5 1 2 -3 5 1 2 -3 5 1 2 -3 5 1 2 -3 5 1 2 -3 5 1 2 -3 5 1 2 -3 5 1 2 -3 5 1 2 -3 5 1 2 -3 5 1 2 -3 5 1 2 -3 5 1 2 -3 5 1 2 -3 5 1 2 -3 5 1 2 -3 5 1 2 -3 5 1 2 -3 5 1 2 -3 5 1 2 -3 5 1 2 -3 5 1 2 -3 5 1 2 -3 5 1 2 -3 5 1 2 -3 5 1 2 -3 5 1 2 -3 5 1 2 -3 5 1 2 -3 5 1 2 -3 5 1 2 -3 5 1 2 -3 5 1 2 -3 5 1 2 -3 5 1 2 -3 5 1 2 -3 5 1 2 -3 5 1 2 -3 5 1 2 -3 5 1 2 -3 5 1 2 -3 5 1 2 -3 5 1 0 1 1/4 15 3/4 15 1 1 2 1 3 1 4 1 5 1 6 1 7 1 8 1 9 1 10 1 11 1 12 1 13 1 14 1 15 1 16 1 17 1 18 1
constant_periodic_d15_roundtrip P 15 18 19 2 2 -3 5 1 2 -3 5 1 2 -3 5 1 2 -3 5 1 2 -3 5 1 2 -3 5 1 2 -3 5 1 2 -3 5 1 2 -3 5 1 2 -3 5 1 2 -3 5 1 2 -3 5 1 2 -3 5 1 2 -3 5 1 2 -3 5 1 2 -3 5 1 2 -3 5 1 2 -3 5 1 0 1 1 1 2 1 3 1 4 1 5 1 6 1 7 1 8 1 9 1 10 1 11 1 12 1 13 1 14 1 15 1 16 1 17 1 18 1 I 0.25 1 R 0.25 0 | constant_periodic_d15_roundtrip R 2 1 1 15 1 18 19 0 18 2 -3 5 1 2 -3 5 1 2 -3 5 1 2 -3 5 1 2 -3 5 1 2 -3 5 1 2 -3 5 1 2 -3 5 1 2 -3 5 1 2 -3 5 1 2 -3 5 1 2 -3 5 1 2 -3 5 1 2 -3 5 1 2 -3 5 1 2 -3 5 1 2 -3 5 1 2 -3 5 1 0 1 1 1 2 1 3 1 4 1 5 1 6 1 7 1 8 1 9 1 10 1 11 1 12 1 13 1 14 1 15 1 16 1 17 1 18 1
constant_periodic_d15_full_roundtrip P 15 18 19 2 2 -3 5 1 2 -3 5 1 2 -3 5 1 2 -3 5 1 2 -3 5 1 2 -3 5 1 2 -3 5 1 2 -3 5 1 2 -3 5 1 2 -3 5 1 2 -3 5 1 2 -3 5 1 2 -3 5 1 2 -3 5 1 2 -3 5 1 2 -3 5 1 2 -3 5 1 2 -3 5 1 0 1 1 1 2 1 3 1 4 1 5 1 6 1 7 1 8 1 9 1 10 1 11 1 12 1 13 1 14 1 15 1 16 1 17 1 18 1 I 0.25 15 R 0.25 0 | constant_periodic_d15_full_roundtrip R 2 1 1 15 1 18 19 0 18 2 -3 5 1 2 -3 5 1 2 -3 5 1 2 -3 5 1 2 -3 5 1 2 -3 5 1 2 -3 5 1 2 -3 5 1 2 -3 5 1 2 -3 5 1 2 -3 5 1 2 -3 5 1 2 -3 5 1 2 -3 5 1 2 -3 5 1 2 -3 5 1 2 -3 5 1 2 -3 5 1 0 1 1 1 2 1 3 1 4 1 5 1 6 1 7 1 8 1 9 1 10 1 11 1 12 1 13 1 14 1 15 1 16 1 17 1 18 1
constant_periodic_d15_remove_existing P 15 18 19 1 2 -3 5 1 2 -3 5 1 2 -3 5 1 2 -3 5 1 2 -3 5 1 2 -3 5 1 2 -3 5 1 2 -3 5 1 2 -3 5 1 2 -3 5 1 2 -3 5 1 2 -3 5 1 2 -3 5 1 2 -3 5 1 2 -3 5 1 2 -3 5 1 2 -3 5 1 2 -3 5 1 0 1 1 1 2 1 3 1 4 1 5 1 6 1 7 1 8 1 9 1 10 1 11 1 12 1 13 1 14 1 15 1 16 1 17 1 18 1 R 1 0 | constant_periodic_d15_remove_existing R 1 1 15 1 17 18 0 18 2 -3 5 1 2 -3 5 1 2 -3 5 1 2 -3 5 1 2 -3 5 1 2 -3 5 1 2 -3 5 1 2 -3 5 1 2 -3 5 1 2 -3 5 1 2 -3 5 1 2 -3 5 1 2 -3 5 1 2 -3 5 1 2 -3 5 1 2 -3 5 1 2 -3 5 1 0 1 2 1 3 1 4 1 5 1 6 1 7 1 8 1 9 1 10 1 11 1 12 1 13 1 14 1 15 1 16 1 17 1 18 1
constant_periodic_d15_seam P 15 18 19 2 2 -3 5 1 2 -3 5 1 2 -3 5 1 2 -3 5 1 2 -3 5 1 2 -3 5 1 2 -3 5 1 2 -3 5 1 2 -3 5 1 2 -3 5 1 2 -3 5 1 2 -3 5 1 2 -3 5 1 2 -3 5 1 2 -3 5 1 2 -3 5 1 2 -3 5 1 2 -3 5 1 0 1 1 1 2 1 3 1 4 1 5 1 6 1 7 1 8 1 9 1 10 1 11 1 12 1 13 1 14 1 15 1 16 1 17 1 18 1 I 0 15 I 18 15 | constant_periodic_d15_seam R 2 1 1 15 1 32 19 0 18 2 -3 5 1 2 -3 5 1 2 -3 5 1 2 -3 5 1 2 -3 5 1 2 -3 5 1 2 -3 5 1 2 -3 5 1 2 -3 5 1 2 -3 5 1 2 -3 5 1 2 -3 5 1 2 -3 5 1 2 -3 5 1 2 -3 5 1 2 -3 5 1 2 -3 5 1 2 -3 5 1 2 -3 5 1 2 -3 5 1 2 -3 5 1 2 -3 5 1 2 -3 5 1 2 -3 5 1 2 -3 5 1 2 -3 5 1 2 -3 5 1 2 -3 5 1 2 -3 5 1 2 -3 5 1 2 -3 5 1 2 -3 5 1 0 15 1 1 2 1 3 1 4 1 5 1 6 1 7 1 8 1 9 1 10 1 11 1 12 1 13 1 14 1 15 1 16 1 17 1 18 15
constant_periodic_d15_seam_roundtrip P 15 18 19 2 2 -3 5 1 2 -3 5 1 2 -3 5 1 2 -3 5 1 2 -3 5 1 2 -3 5 1 2 -3 5 1 2 -3 5 1 2 -3 5 1 2 -3 5 1 2 -3 5 1 2 -3 5 1 2 -3 5 1 2 -3 5 1 2 -3 5 1 2 -3 5 1 2 -3 5 1 2 -3 5 1 0 1 1 1 2 1 3 1 4 1 5 1 6 1 7 1 8 1 9 1 10 1 11 1 12 1 13 1 14 1 15 1 16 1 17 1 18 1 I 18 15 R 0 1 | constant_periodic_d15_seam_roundtrip R 2 1 1 15 1 18 19 0 18 2 -3 5 1 2 -3 5 1 2 -3 5 1 2 -3 5 1 2 -3 5 1 2 -3 5 1 2 -3 5 1 2 -3 5 1 2 -3 5 1 2 -3 5 1 2 -3 5 1 2 -3 5 1 2 -3 5 1 2 -3 5 1 2 -3 5 1 2 -3 5 1 2 -3 5 1 2 -3 5 1 0 1 1 1 2 1 3 1 4 1 5 1 6 1 7 1 8 1 9 1 10 1 11 1 12 1 13 1 14 1 15 1 16 1 17 1 18 1
constant_periodic_d15_remove_origin P 15 18 19 1 2 -3 5 1 2 -3 5 1 2 -3 5 1 2 -3 5 1 2 -3 5 1 2 -3 5 1 2 -3 5 1 2 -3 5 1 2 -3 5 1 2 -3 5 1 2 -3 5 1 2 -3 5 1 2 -3 5 1 2 -3 5 1 2 -3 5 1 2 -3 5 1 2 -3 5 1 2 -3 5 1 0 1 1 1 2 1 3 1 4 1 5 1 6 1 7 1 8 1 9 1 10 1 11 1 12 1 13 1 14 1 15 1 16 1 17 1 18 1 R 0 0 | constant_periodic_d15_remove_origin R 1 1 15 1 17 18 1 19 2 -3 5 1 2 -3 5 1 2 -3 5 1 2 -3 5 1 2 -3 5 1 2 -3 5 1 2 -3 5 1 2 -3 5 1 2 -3 5 1 2 -3 5 1 2 -3 5 1 2 -3 5 1 2 -3 5 1 2 -3 5 1 2 -3 5 1 2 -3 5 1 2 -3 5 1 1 1 2 1 3 1 4 1 5 1 6 1 7 1 8 1 9 1 10 1 11 1 12 1 13 1 14 1 15 1 16 1 17 1 19 1
constant_periodic_d15_remove_end_alias P 15 18 19 1 2 -3 5 1 2 -3 5 1 2 -3 5 1 2 -3 5 1 2 -3 5 1 2 -3 5 1 2 -3 5 1 2 -3 5 1 2 -3 5 1 2 -3 5 1 2 -3 5 1 2 -3 5 1 2 -3 5 1 2 -3 5 1 2 -3 5 1 2 -3 5 1 2 -3 5 1 2 -3 5 1 0 1 1 1 2 1 3 1 4 1 5 1 6 1 7 1 8 1 9 1 10 1 11 1 12 1 13 1 14 1 15 1 16 1 17 1 18 1 R 18 0 | constant_periodic_d15_remove_end_alias R 1 1 15 1 17 18 1 19 2 -3 5 1 2 -3 5 1 2 -3 5 1 2 -3 5 1 2 -3 5 1 2 -3 5 1 2 -3 5 1 2 -3 5 1 2 -3 5 1 2 -3 5 1 2 -3 5 1 2 -3 5 1 2 -3 5 1 2 -3 5 1 2 -3 5 1 2 -3 5 1 2 -3 5 1 1 1 2 1 3 1 4 1 5 1 6 1 7 1 8 1 9 1 10 1 11 1 12 1 13 1 14 1 15 1 16 1 17 1 19 1
unclamped_nonuniform_d16_identity S 16 65 7 0 -2 -6 -5 0.5 -1 -5 2 1 0 -2 -2 1.5 1 3 5 0.5 2 -3 1 1 3 6 -3 1.5 4 4 4 0.5 5 4 0 1 6 6 -4 1.5 7 -3 3 0.5 8 3 -1 1 9 -2 -5 1.5 10 -5 2 0.5 11 -6 -2 1 12 -5 5 1.5 13 -2 1 0.5 14 3 -3 1 15 -3 4 1.5 16 6 0 0.5 17 4 -4 1 18 4 3 1.5 19 6 -1 0.5 20 -3 -5 1 21 3 2 1.5 22 -2 -2 0.5 23 -5 5 1 24 -6 1 1.5 25 -5 -3 0.5 26 -2 4 1 27 3 0 1.5 28 -3 -4 0.5 29 6 3 1 30 4 -1 1.5 31 4 -5 0.5 32 6 2 1 33 -3 -2 1.5 34 3 5 0.5 35 -2 1 1 36 -5 -3 1.5 37 -6 4 0.5 38 -5 0 1 39 -2 -4 1.5 40 3 3 0.5 41 -3 -1 1 42 6 -5 1.5 43 4 2 0.5 44 4 -2 1 45 6 5 1.5 46 -3 1 0.5 47 3 -3 1 48 -2 4 1.5 49 -5 0 0.5 50 -6 -4 1 51 -5 3 1.5 52 -2 -1 0.5 53 3 -5 1 54 -3 2 1.5 55 6 -2 0.5 56 4 5 1 57 4 1 1.5 58 6 -3 0.5 59 -3 4 1 60 3 0 1.5 61 -2 -4 0.5 62 -5 3 1 -2 16 -1 16 0 1 1 16 2 1 3 16 4 16 | unclamped_nonuniform_d16_identity R 0 16 0 65 7 -1 3 -1 -3 -5/2 1/2 -1 -5 2 1 0 -3 -3 3/2 1/2 3/2 5/2 1/2 2 -3 1 1 9/2 9 -9/2 3/2 2 2 2 1/2 5 4 0 1 9 9 -6 3/2 7/2 -3/2 3/2 1/2 8 3 -1 1 27/2 -3 -15/2 3/2 5 -5/2 1 1/2 11 -6 -2 1 18 -15/2 15/2 3/2 13/2 -1 1/2 1/2 14 3 -3 1 45/2 -9/2 6 3/2 8 3 0 1/2 17 4 -4 1 27 6 9/2 3/2 19/2 3 -1/2 1/2 20 -3 -5 1 63/2 9/2 3 3/2 11 -1 -1 1/2 23 -5 5 1 36 -9 3/2 3/2 25/2 -5/2 -3/2 1/2 26 -2 4 1 81/2 9/2 0 3/2 14 -3/2 -2 1/2 29 6 3 1 45 6 -3/2 3/2 31/2 2 -5/2 1/2 32 6 2 1 99/2 -9/2 -3 3/2 17 3/2 5/2 1/2 35 -2 1 1 54 -15/2 -9/2 3/2 37/2 -3 2 1/2 38 -5 0 1 117/2 -3 -6 3/2 20 3/2 3/2 1/2 41 -3 -1 1 63 9 -15/2 3/2 43/2 2 1 1/2 44 4 -2 1 135/2 9 15/2 3/2 23 -3/2 1/2 1/2 47 3 -3 1 72 -3 6 3/2 49/2 -5/2 0 1/2 50 -6 -4 1 153/2 -15/2 9/2 3/2 26 -1 -1/2 1/2 53 3 -5 1 81 -9/2 3 3/2 55/2 3 -1 1/2 56 4 5 1 171/2 6 3/2 3/2 29 3 -3/2 1/2 59 -3 4 1 90 9/2 0 3/2 61/2 -1 -2 1/2 62 -5 3 1 -2 16 -1 16 0 1 1 16 2 1 3 16 4 16
unclamped_nonuniform_d16_insert S 16 65 7 1 -2 -6 -5 0.5 -1 -5 2 1 0 -2 -2 1.5 1 3 5 0.5 2 -3 1 1 3 6 -3 1.5 4 4 4 0.5 5 4 0 1 6 6 -4 1.5 7 -3 3 0.5 8 3 -1 1 9 -2 -5 1.5 10 -5 2 0.5 11 -6 -2 1 12 -5 5 1.5 13 -2 1 0.5 14 3 -3 1 15 -3 4 1.5 16 6 0 0.5 17 4 -4 1 18 4 3 1.5 19 6 -1 0.5 20 -3 -5 1 21 3 2 1.5 22 -2 -2 0.5 23 -5 5 1 24 -6 1 1.5 25 -5 -3 0.5 26 -2 4 1 27 3 0 1.5 28 -3 -4 0.5 29 6 3 1 30 4 -1 1.5 31 4 -5 0.5 32 6 2 1 33 -3 -2 1.5 34 3 5 0.5 35 -2 1 1 36 -5 -3 1.5 37 -6 4 0.5 38 -5 0 1 39 -2 -4 1.5 40 3 3 0.5 41 -3 -1 1 42 6 -5 1.5 43 4 2 0.5 44 4 -2 1 45 6 5 1.5 46 -3 1 0.5 47 3 -3 1 48 -2 4 1.5 49 -5 0 0.5 50 -6 -4 1 51 -5 3 1.5 52 -2 -1 0.5 53 3 -5 1 54 -3 2 1.5 55 6 -2 0.5 56 4 5 1 57 4 1 1.5 58 6 -3 0.5 59 -3 4 1 60 3 0 1.5 61 -2 -4 0.5 62 -5 3 1 -2 16 -1 16 0 1 1 16 2 1 3 16 4 16 I -0.75 16 | unclamped_nonuniform_d16_insert R 1 1 16 0 81 8 -1 3 -1 -3 -5/2 1/2 -1 -5 2 1 0 -3 -3 3/2 1/2 3/2 5/2 1/2 2 -3 1 1 9/2 9 -9/2 3/2 2 2 2 1/2 5 4 0 1 9 9 -6 3/2 7/2 -3/2 3/2 1/2 8 3 -1 1 27/2 -3 -15/2 3/2 5 -5/2 1 1/2 11 -6 -2 1 18 -15/2 15/2 3/2 13/2 -1 1/2 1/2 67/8 0 -3/8 5/8 643/64 33/64 -3/4 47/64 1469/128 93/128 -207/256 423/512 51845/4096 3101/4096 -1393/2048 461/512 111437/8192 2833/4096 -14873/32768 31399/32768 1879379/131072 153707/262144 -24813/131072 262539/262144 15617309/1048576 500297/1048576 158137/2097152 1082521/1048576 256700533/16777216 3236423/8388608 1331083/4194304 17666129/16777216 523074887/33554432 2721857/8388608 35183907/67108864 142994295/134217728 16950176867/1073741824 320486657/1073741824 371051291/536870912 71903359/67108864 68358814171/4294967296 331534009/1073741824 7022917957/8589934592 9214836019/8589934592 549709009421/34359738368 6071631153/17179869184 15567332833/17179869184 73574815815/68719476736 1102957750895/68719476736 29464860981/68719476736 528302087029/549755813888 293092929541/274877906944 70735338683923/4398046511104 1165967186331/2199023255552 2170362780623/2199023255552 4663945909397/4398046511104 141687645028187/8796093022208 22966548300715/35184372088832 8700475742789/8796093022208 37081102670307/35184372088832 4540563243114065/281474976710656 222729793934389/281474976710656 34208176929255/35184372088832 2302640486135/2199023255552 1140059762437577/70368744177664 84930504130099/70368744177664 1013343712611/1099511627776 36125683101719/35184372088832 143689926373107/8796093022208 11052954838449/4398046511104 110973449417/274877906944 8569375705963/8796093022208 1199690982239/68719476736 4244746456823/1099511627776 -11779935309/34359738368 1082092198833/1099511627776 665341196671/34359738368 238551794753/68719476736 12340703717/137438953472 4523030131/4294967296 323577251433/17179869184 36384318759/17179869184 -888623971/8589934592 16736366285/17179869184 41482198627/2147483648 67797729/134217728 -2700404631/2147483648 2029332573/2147483648 6151307423/268435456 1686033/16777216 -23515517/134217728 146243987/134217728 732737091/33554432 -12081645/33554432 28413325/16777216 33505327/33554432 42111511/2097152 -16694631/4194304 3745465/2097152 3640653/4194304 6995171/262144 -798165/131072 1425689/524288 36863/32768 1729317/65536 -185977/32768 2607/4096 70793/65536 156025/8192 -14919/8192 3667/8192 6057/8192 30389/1024 -25/256 1333/512 575/512 4419/128 411/128 -25/64 163/128 127/8 -9/16 -11/8 9/16 29 6 3 1 45 6 -3/2 3/2 31/2 2 -5/2 1/2 32 6 2 1 99/2 -9/2 -3 3/2 17 3/2 5/2 1/2 35 -2 1 1 54 -15/2 -9/2 3/2 37/2 -3 2 1/2 38 -5 0 1 117/2 -3 -6 3/2 20 3/2 3/2 1/2 41 -3 -1 1 63 9 -15/2 3/2 43/2 2 1 1/2 44 4 -2 1 135/2 9 15/2 3/2 23 -3/2 1/2 1/2 47 3 -3 1 72 -3 6 3/2 49/2 -5/2 0 1/2 50 -6 -4 1 153/2 -15/2 9/2 3/2 26 -1 -1/2 1/2 53 3 -5 1 81 -9/2 3 3/2 55/2 3 -1 1/2 56 4 5 1 171/2 6 3/2 3/2 29 3 -3/2 1/2 59 -3 4 1 90 9/2 0 3/2 61/2 -1 -2 1/2 62 -5 3 1 -2 16 -1 16 -3/4 16 0 1 1 16 2 1 3 16 4 16
unclamped_nonuniform_d16_sequence S 16 65 7 4 -2 -6 -5 0.5 -1 -5 2 1 0 -2 -2 1.5 1 3 5 0.5 2 -3 1 1 3 6 -3 1.5 4 4 4 0.5 5 4 0 1 6 6 -4 1.5 7 -3 3 0.5 8 3 -1 1 9 -2 -5 1.5 10 -5 2 0.5 11 -6 -2 1 12 -5 5 1.5 13 -2 1 0.5 14 3 -3 1 15 -3 4 1.5 16 6 0 0.5 17 4 -4 1 18 4 3 1.5 19 6 -1 0.5 20 -3 -5 1 21 3 2 1.5 22 -2 -2 0.5 23 -5 5 1 24 -6 1 1.5 25 -5 -3 0.5 26 -2 4 1 27 3 0 1.5 28 -3 -4 0.5 29 6 3 1 30 4 -1 1.5 31 4 -5 0.5 32 6 2 1 33 -3 -2 1.5 34 3 5 0.5 35 -2 1 1 36 -5 -3 1.5 37 -6 4 0.5 38 -5 0 1 39 -2 -4 1.5 40 3 3 0.5 41 -3 -1 1 42 6 -5 1.5 43 4 2 0.5 44 4 -2 1 45 6 5 1.5 46 -3 1 0.5 47 3 -3 1 48 -2 4 1.5 49 -5 0 0.5 50 -6 -4 1 51 -5 3 1.5 52 -2 -1 0.5 53 3 -5 1 54 -3 2 1.5 55 6 -2 0.5 56 4 5 1 57 4 1 1.5 58 6 -3 0.5 59 -3 4 1 60 3 0 1.5 61 -2 -4 0.5 62 -5 3 1 -2 16 -1 16 0 1 1 16 2 1 3 16 4 16 I -0.25 1 I -0.75 16 I -0.25 16 I -0.75 1 | unclamped_nonuniform_d16_sequence R 4 1 1 1 1 16 0 97 9 -1 3 -1 -3 -5/2 1/2 -1 -5 2 1 0 -3 -3 3/2 1/2 3/2 5/2 1/2 2 -3 1 1 9/2 9 -9/2 3/2 2 2 2 1/2 5 4 0 1 9 9 -6 3/2 7/2 -3/2 3/2 1/2 8 3 -1 1 27/2 -3 -15/2 3/2 5 -5/2 1 1/2 11 -6 -2 1 18 -15/2 15/2 3/2 13/2 -1 1/2 1/2 67/8 0 -3/8 5/8 643/64 33/64 -3/4 47/64 1469/128 93/128 -207/256 423/512 51845/4096 3101/4096 -1393/2048 461/512 111437/8192 2833/4096 -14873/32768 31399/32768 1879379/131072 153707/262144 -24813/131072 262539/262144 15617309/1048576 500297/1048576 158137/2097152 1082521/1048576 256700533/16777216 3236423/8388608 1331083/4194304 17666129/16777216 523074887/33554432 2721857/8388608 35183907/67108864 142994295/134217728 16950176867/1073741824 320486657/1073741824 371051291/536870912 71903359/67108864 68358814171/4294967296 331534009/1073741824 7022917957/8589934592 9214836019/8589934592 549709009421/34359738368 6071631153/17179869184 15567332833/17179869184 73574815815/68719476736 1102957750895/68719476736 29464860981/68719476736 528302087029/549755813888 293092929541/274877906944 70735338683923/4398046511104 1165967186331/2199023255552 2170362780623/2199023255552 4663945909397/4398046511104 141687645028187/8796093022208 22966548300715/35184372088832 8700475742789/8796093022208 37081102670307/35184372088832 4540563243114065/281474976710656 222729793934389/281474976710656 34208176929255/35184372088832 2302640486135/2199023255552 4553680447538227/281474976710656 300724608991727/281474976710656 33020724845453/35184372088832 18182268996933/17592186044416 4565260200287065/281474976710656 396754707942333/281474976710656 29153974669295/35184372088832 8963316765115/8796093022208 4591457701803851/281474976710656 499427800307463/281474976710656 23956309727461/35184372088832 17725203935047/17592186044416 4636766530863265/281474976710656 597165514196613/281474976710656 18647398898615/35184372088832 4400174704917/4398046511104 4698021845504803/281474976710656 681516273945055/281474976710656 13901797657981/35184372088832 17543849250281/17592186044416 4769193994285097/281474976710656 747324531938957/281474976710656 9919293456191/35184372088832 8766199501673/8796093022208 4844639843253691/281474976710656 792203919306871/281474976710656 6624052555605/35184372088832 17544084345003/17592186044416 4920534132235249/281474976710656 815903587704277/281474976710656 3845475568775/35184372088832 1097668210295/1099511627776 4995002005294355/281474976710656 819674879676623/281474976710656 1434756351085/35184372088832 17579150810893/17592186044416 5067608381900281/281474976710656 805672419511901/281474976710656 -682360519281/35184372088832 8795031775575/8796093022208 5138702278985515/281474976710656 776431353979111/281474976710656 -2499051478331/35184372088832 17595478524047/17592186044416 5208887736975425/281474976710656 734462203505189/281474976710656 -3947252294569/35184372088832 4399238150467/4398046511104 5278707915383299/281474976710656 681987402860223/281474976710656 -4927831609251/35184372088832 17596273818801/17592186044416 5348518976318665/281474976710656 620819320406829/281474976710656 -5340405337377/35184372088832 8797416572293/8796093022208 5418487340680091/281474976710656 552358256793687/281474976710656 -5106882337995/35184372088832 17593457851123/17592186044416 5488643925261713/281474976710656 477675748948853/281474976710656 -4186408183001/35184372088832 2199061905445/2199023255552 1380930554388131/70368744177664 110083623756609/70368744177664 -116442847047/1099511627776 35184027879557/35184372088832 178104654821307/8796093022208 3841428439449/4398046511104 -4424193543/274877906944 8795061639123/8796093022208 1434631025969/68719476736 61847154981/1099511627776 13700571033/68719476736 1099493577011/1099511627776 738994854847/34359738368 -57506555759/68719476736 75641542741/137438953472 4296633961/4294967296 380086126611/17179869184 -30842819571/17179869184 8565268551/8589934592 17183626239/17179869184 48795624667/2147483648 -376448007/134217728 3050979569/2147483648 2144874373/2147483648 6271209149/268435456 -981561/262144 222972809/134217728 134050193/134217728 808394403/33554432 -144773133/33554432 27404973/16777216 33674127/33554432 51852733/2097152 -17341501/4194304 2935531/2097152 4218239/4194304 6547451/262144 -400093/131072 587089/524288 32453/32768 1661919/65536 -45267/32768 2019/2048 64011/65536 222793/8192 2377/8192 8451/8192 8377/8192 30071/1024 361/256 311/512 557/512 3387/128 243/128 -33/64 123/128 157/8 21/16 -1/8 11/16 29 6 3 1 45 6 -3/2 3/2 31/2 2 -5/2 1/2 32 6 2 1 99/2 -9/2 -3 3/2 17 3/2 5/2 1/2 35 -2 1 1 54 -15/2 -9/2 3/2 37/2 -3 2 1/2 38 -5 0 1 117/2 -3 -6 3/2 20 3/2 3/2 1/2 41 -3 -1 1 63 9 -15/2 3/2 43/2 2 1 1/2 44 4 -2 1 135/2 9 15/2 3/2 23 -3/2 1/2 1/2 47 3 -3 1 72 -3 6 3/2 49/2 -5/2 0 1/2 50 -6 -4 1 153/2 -15/2 9/2 3/2 26 -1 -1/2 1/2 53 3 -5 1 81 -9/2 3 3/2 55/2 3 -1 1/2 56 4 5 1 171/2 6 3/2 3/2 29 3 -3/2 1/2 59 -3 4 1 90 9/2 0 3/2 61/2 -1 -2 1/2 62 -5 3 1 -2 16 -1 16 -3/4 16 -1/4 16 0 1 1 16 2 1 3 16 4 16
unclamped_nonuniform_d16_roundtrip S 16 65 7 2 -2 -6 -5 0.5 -1 -5 2 1 0 -2 -2 1.5 1 3 5 0.5 2 -3 1 1 3 6 -3 1.5 4 4 4 0.5 5 4 0 1 6 6 -4 1.5 7 -3 3 0.5 8 3 -1 1 9 -2 -5 1.5 10 -5 2 0.5 11 -6 -2 1 12 -5 5 1.5 13 -2 1 0.5 14 3 -3 1 15 -3 4 1.5 16 6 0 0.5 17 4 -4 1 18 4 3 1.5 19 6 -1 0.5 20 -3 -5 1 21 3 2 1.5 22 -2 -2 0.5 23 -5 5 1 24 -6 1 1.5 25 -5 -3 0.5 26 -2 4 1 27 3 0 1.5 28 -3 -4 0.5 29 6 3 1 30 4 -1 1.5 31 4 -5 0.5 32 6 2 1 33 -3 -2 1.5 34 3 5 0.5 35 -2 1 1 36 -5 -3 1.5 37 -6 4 0.5 38 -5 0 1 39 -2 -4 1.5 40 3 3 0.5 41 -3 -1 1 42 6 -5 1.5 43 4 2 0.5 44 4 -2 1 45 6 5 1.5 46 -3 1 0.5 47 3 -3 1 48 -2 4 1.5 49 -5 0 0.5 50 -6 -4 1 51 -5 3 1.5 52 -2 -1 0.5 53 3 -5 1 54 -3 2 1.5 55 6 -2 0.5 56 4 5 1 57 4 1 1.5 58 6 -3 0.5 59 -3 4 1 60 3 0 1.5 61 -2 -4 0.5 62 -5 3 1 -2 16 -1 16 0 1 1 16 2 1 3 16 4 16 I -0.75 1 R -0.75 0 | unclamped_nonuniform_d16_roundtrip R 2 1 1 16 0 65 7 -1 3 -1 -3 -5/2 1/2 -1 -5 2 1 0 -3 -3 3/2 1/2 3/2 5/2 1/2 2 -3 1 1 9/2 9 -9/2 3/2 2 2 2 1/2 5 4 0 1 9 9 -6 3/2 7/2 -3/2 3/2 1/2 8 3 -1 1 27/2 -3 -15/2 3/2 5 -5/2 1 1/2 11 -6 -2 1 18 -15/2 15/2 3/2 13/2 -1 1/2 1/2 14 3 -3 1 45/2 -9/2 6 3/2 8 3 0 1/2 17 4 -4 1 27 6 9/2 3/2 19/2 3 -1/2 1/2 20 -3 -5 1 63/2 9/2 3 3/2 11 -1 -1 1/2 23 -5 5 1 36 -9 3/2 3/2 25/2 -5/2 -3/2 1/2 26 -2 4 1 81/2 9/2 0 3/2 14 -3/2 -2 1/2 29 6 3 1 45 6 -3/2 3/2 31/2 2 -5/2 1/2 32 6 2 1 99/2 -9/2 -3 3/2 17 3/2 5/2 1/2 35 -2 1 1 54 -15/2 -9/2 3/2 37/2 -3 2 1/2 38 -5 0 1 117/2 -3 -6 3/2 20 3/2 3/2 1/2 41 -3 -1 1 63 9 -15/2 3/2 43/2 2 1 1/2 44 4 -2 1 135/2 9 15/2 3/2 23 -3/2 1/2 1/2 47 3 -3 1 72 -3 6 3/2 49/2 -5/2 0 1/2 50 -6 -4 1 153/2 -15/2 9/2 3/2 26 -1 -1/2 1/2 53 3 -5 1 81 -9/2 3 3/2 55/2 3 -1 1/2 56 4 5 1 171/2 6 3/2 3/2 29 3 -3/2 1/2 59 -3 4 1 90 9/2 0 3/2 61/2 -1 -2 1/2 62 -5 3 1 -2 16 -1 16 0 1 1 16 2 1 3 16 4 16
unclamped_nonuniform_d16_full_roundtrip S 16 65 7 2 -2 -6 -5 0.5 -1 -5 2 1 0 -2 -2 1.5 1 3 5 0.5 2 -3 1 1 3 6 -3 1.5 4 4 4 0.5 5 4 0 1 6 6 -4 1.5 7 -3 3 0.5 8 3 -1 1 9 -2 -5 1.5 10 -5 2 0.5 11 -6 -2 1 12 -5 5 1.5 13 -2 1 0.5 14 3 -3 1 15 -3 4 1.5 16 6 0 0.5 17 4 -4 1 18 4 3 1.5 19 6 -1 0.5 20 -3 -5 1 21 3 2 1.5 22 -2 -2 0.5 23 -5 5 1 24 -6 1 1.5 25 -5 -3 0.5 26 -2 4 1 27 3 0 1.5 28 -3 -4 0.5 29 6 3 1 30 4 -1 1.5 31 4 -5 0.5 32 6 2 1 33 -3 -2 1.5 34 3 5 0.5 35 -2 1 1 36 -5 -3 1.5 37 -6 4 0.5 38 -5 0 1 39 -2 -4 1.5 40 3 3 0.5 41 -3 -1 1 42 6 -5 1.5 43 4 2 0.5 44 4 -2 1 45 6 5 1.5 46 -3 1 0.5 47 3 -3 1 48 -2 4 1.5 49 -5 0 0.5 50 -6 -4 1 51 -5 3 1.5 52 -2 -1 0.5 53 3 -5 1 54 -3 2 1.5 55 6 -2 0.5 56 4 5 1 57 4 1 1.5 58 6 -3 0.5 59 -3 4 1 60 3 0 1.5 61 -2 -4 0.5 62 -5 3 1 -2 16 -1 16 0 1 1 16 2 1 3 16 4 16 I -0.75 16 R -0.75 0 | unclamped_nonuniform_d16_full_roundtrip R 2 1 1 16 0 65 7 -1 3 -1 -3 -5/2 1/2 -1 -5 2 1 0 -3 -3 3/2 1/2 3/2 5/2 1/2 2 -3 1 1 9/2 9 -9/2 3/2 2 2 2 1/2 5 4 0 1 9 9 -6 3/2 7/2 -3/2 3/2 1/2 8 3 -1 1 27/2 -3 -15/2 3/2 5 -5/2 1 1/2 11 -6 -2 1 18 -15/2 15/2 3/2 13/2 -1 1/2 1/2 14 3 -3 1 45/2 -9/2 6 3/2 8 3 0 1/2 17 4 -4 1 27 6 9/2 3/2 19/2 3 -1/2 1/2 20 -3 -5 1 63/2 9/2 3 3/2 11 -1 -1 1/2 23 -5 5 1 36 -9 3/2 3/2 25/2 -5/2 -3/2 1/2 26 -2 4 1 81/2 9/2 0 3/2 14 -3/2 -2 1/2 29 6 3 1 45 6 -3/2 3/2 31/2 2 -5/2 1/2 32 6 2 1 99/2 -9/2 -3 3/2 17 3/2 5/2 1/2 35 -2 1 1 54 -15/2 -9/2 3/2 37/2 -3 2 1/2 38 -5 0 1 117/2 -3 -6 3/2 20 3/2 3/2 1/2 41 -3 -1 1 63 9 -15/2 3/2 43/2 2 1 1/2 44 4 -2 1 135/2 9 15/2 3/2 23 -3/2 1/2 1/2 47 3 -3 1 72 -3 6 3/2 49/2 -5/2 0 1/2 50 -6 -4 1 153/2 -15/2 9/2 3/2 26 -1 -1/2 1/2 53 3 -5 1 81 -9/2 3 3/2 55/2 3 -1 1/2 56 4 5 1 171/2 6 3/2 3/2 29 3 -3/2 1/2 59 -3 4 1 90 9/2 0 3/2 61/2 -1 -2 1/2 62 -5 3 1 -2 16 -1 16 0 1 1 16 2 1 3 16 4 16
unclamped_nonuniform_d16_remove_existing S 16 65 7 1 -2 -6 -5 0.5 -1 -5 2 1 0 -2 -2 1.5 1 3 5 0.5 2 -3 1 1 3 6 -3 1.5 4 4 4 0.5 5 4 0 1 6 6 -4 1.5 7 -3 3 0.5 8 3 -1 1 9 -2 -5 1.5 10 -5 2 0.5 11 -6 -2 1 12 -5 5 1.5 13 -2 1 0.5 14 3 -3 1 15 -3 4 1.5 16 6 0 0.5 17 4 -4 1 18 4 3 1.5 19 6 -1 0.5 20 -3 -5 1 21 3 2 1.5 22 -2 -2 0.5 23 -5 5 1 24 -6 1 1.5 25 -5 -3 0.5 26 -2 4 1 27 3 0 1.5 28 -3 -4 0.5 29 6 3 1 30 4 -1 1.5 31 4 -5 0.5 32 6 2 1 33 -3 -2 1.5 34 3 5 0.5 35 -2 1 1 36 -5 -3 1.5 37 -6 4 0.5 38 -5 0 1 39 -2 -4 1.5 40 3 3 0.5 41 -3 -1 1 42 6 -5 1.5 43 4 2 0.5 44 4 -2 1 45 6 5 1.5 46 -3 1 0.5 47 3 -3 1 48 -2 4 1.5 49 -5 0 0.5 50 -6 -4 1 51 -5 3 1.5 52 -2 -1 0.5 53 3 -5 1 54 -3 2 1.5 55 6 -2 0.5 56 4 5 1 57 4 1 1.5 58 6 -3 0.5 59 -3 4 1 60 3 0 1.5 61 -2 -4 0.5 62 -5 3 1 -2 16 -1 16 0 1 1 16 2 1 3 16 4 16 R 0 0 | unclamped_nonuniform_d16_remove_existing R 1 0 16 0 65 7 -1 3 -1 -3 -5/2 1/2 -1 -5 2 1 0 -3 -3 3/2 1/2 3/2 5/2 1/2 2 -3 1 1 9/2 9 -9/2 3/2 2 2 2 1/2 5 4 0 1 9 9 -6 3/2 7/2 -3/2 3/2 1/2 8 3 -1 1 27/2 -3 -15/2 3/2 5 -5/2 1 1/2 11 -6 -2 1 18 -15/2 15/2 3/2 13/2 -1 1/2 1/2 14 3 -3 1 45/2 -9/2 6 3/2 8 3 0 1/2 17 4 -4 1 27 6 9/2 3/2 19/2 3 -1/2 1/2 20 -3 -5 1 63/2 9/2 3 3/2 11 -1 -1 1/2 23 -5 5 1 36 -9 3/2 3/2 25/2 -5/2 -3/2 1/2 26 -2 4 1 81/2 9/2 0 3/2 14 -3/2 -2 1/2 29 6 3 1 45 6 -3/2 3/2 31/2 2 -5/2 1/2 32 6 2 1 99/2 -9/2 -3 3/2 17 3/2 5/2 1/2 35 -2 1 1 54 -15/2 -9/2 3/2 37/2 -3 2 1/2 38 -5 0 1 117/2 -3 -6 3/2 20 3/2 3/2 1/2 41 -3 -1 1 63 9 -15/2 3/2 43/2 2 1 1/2 44 4 -2 1 135/2 9 15/2 3/2 23 -3/2 1/2 1/2 47 3 -3 1 72 -3 6 3/2 49/2 -5/2 0 1/2 50 -6 -4 1 153/2 -15/2 9/2 3/2 26 -1 -1/2 1/2 53 3 -5 1 81 -9/2 3 3/2 55/2 3 -1 1/2 56 4 5 1 171/2 6 3/2 3/2 29 3 -3/2 1/2 59 -3 4 1 90 9/2 0 3/2 61/2 -1 -2 1/2 62 -5 3 1 -2 16 -1 16 0 1 1 16 2 1 3 16 4 16
unclamped_nonuniform_d16_domain_ends S 16 65 7 2 -2 -6 -5 0.5 -1 -5 2 1 0 -2 -2 1.5 1 3 5 0.5 2 -3 1 1 3 6 -3 1.5 4 4 4 0.5 5 4 0 1 6 6 -4 1.5 7 -3 3 0.5 8 3 -1 1 9 -2 -5 1.5 10 -5 2 0.5 11 -6 -2 1 12 -5 5 1.5 13 -2 1 0.5 14 3 -3 1 15 -3 4 1.5 16 6 0 0.5 17 4 -4 1 18 4 3 1.5 19 6 -1 0.5 20 -3 -5 1 21 3 2 1.5 22 -2 -2 0.5 23 -5 5 1 24 -6 1 1.5 25 -5 -3 0.5 26 -2 4 1 27 3 0 1.5 28 -3 -4 0.5 29 6 3 1 30 4 -1 1.5 31 4 -5 0.5 32 6 2 1 33 -3 -2 1.5 34 3 5 0.5 35 -2 1 1 36 -5 -3 1.5 37 -6 4 0.5 38 -5 0 1 39 -2 -4 1.5 40 3 3 0.5 41 -3 -1 1 42 6 -5 1.5 43 4 2 0.5 44 4 -2 1 45 6 5 1.5 46 -3 1 0.5 47 3 -3 1 48 -2 4 1.5 49 -5 0 0.5 50 -6 -4 1 51 -5 3 1.5 52 -2 -1 0.5 53 3 -5 1 54 -3 2 1.5 55 6 -2 0.5 56 4 5 1 57 4 1 1.5 58 6 -3 0.5 59 -3 4 1 60 3 0 1.5 61 -2 -4 0.5 62 -5 3 1 -2 16 -1 16 0 1 1 16 2 1 3 16 4 16 I -1 16 I 3 16 | unclamped_nonuniform_d16_domain_ends R 2 1 1 16 0 65 7 -1 3 -1 -3 -5/2 1/2 -1 -5 2 1 0 -3 -3 3/2 1/2 3/2 5/2 1/2 2 -3 1 1 9/2 9 -9/2 3/2 2 2 2 1/2 5 4 0 1 9 9 -6 3/2 7/2 -3/2 3/2 1/2 8 3 -1 1 27/2 -3 -15/2 3/2 5 -5/2 1 1/2 11 -6 -2 1 18 -15/2 15/2 3/2 13/2 -1 1/2 1/2 14 3 -3 1 45/2 -9/2 6 3/2 8 3 0 1/2 17 4 -4 1 27 6 9/2 3/2 19/2 3 -1/2 1/2 20 -3 -5 1 63/2 9/2 3 3/2 11 -1 -1 1/2 23 -5 5 1 36 -9 3/2 3/2 25/2 -5/2 -3/2 1/2 26 -2 4 1 81/2 9/2 0 3/2 14 -3/2 -2 1/2 29 6 3 1 45 6 -3/2 3/2 31/2 2 -5/2 1/2 32 6 2 1 99/2 -9/2 -3 3/2 17 3/2 5/2 1/2 35 -2 1 1 54 -15/2 -9/2 3/2 37/2 -3 2 1/2 38 -5 0 1 117/2 -3 -6 3/2 20 3/2 3/2 1/2 41 -3 -1 1 63 9 -15/2 3/2 43/2 2 1 1/2 44 4 -2 1 135/2 9 15/2 3/2 23 -3/2 1/2 1/2 47 3 -3 1 72 -3 6 3/2 49/2 -5/2 0 1/2 50 -6 -4 1 153/2 -15/2 9/2 3/2 26 -1 -1/2 1/2 53 3 -5 1 81 -9/2 3 3/2 55/2 3 -1 1/2 56 4 5 1 171/2 6 3/2 3/2 29 3 -3/2 1/2 59 -3 4 1 90 9/2 0 3/2 61/2 -1 -2 1/2 62 -5 3 1 -2 16 -1 16 0 1 1 16 2 1 3 16 4 16
constant_periodic_d16_identity P 16 19 20 0 2 -3 5 1 2 -3 5 1 2 -3 5 1 2 -3 5 1 2 -3 5 1 2 -3 5 1 2 -3 5 1 2 -3 5 1 2 -3 5 1 2 -3 5 1 2 -3 5 1 2 -3 5 1 2 -3 5 1 2 -3 5 1 2 -3 5 1 2 -3 5 1 2 -3 5 1 2 -3 5 1 2 -3 5 1 0 1 1 1 2 1 3 1 4 1 5 1 6 1 7 1 8 1 9 1 10 1 11 1 12 1 13 1 14 1 15 1 16 1 17 1 18 1 19 1 | constant_periodic_d16_identity R 0 16 1 19 20 0 19 2 -3 5 1 2 -3 5 1 2 -3 5 1 2 -3 5 1 2 -3 5 1 2 -3 5 1 2 -3 5 1 2 -3 5 1 2 -3 5 1 2 -3 5 1 2 -3 5 1 2 -3 5 1 2 -3 5 1 2 -3 5 1 2 -3 5 1 2 -3 5 1 2 -3 5 1 2 -3 5 1 2 -3 5 1 0 1 1 1 2 1 3 1 4 1 5 1 6 1 7 1 8 1 9 1 10 1 11 1 12 1 13 1 14 1 15 1 16 1 17 1 18 1 19 1
constant_periodic_d16_insert P 16 19 20 1 2 -3 5 1 2 -3 5 1 2 -3 5 1 2 -3 5 1 2 -3 5 1 2 -3 5 1 2 -3 5 1 2 -3 5 1 2 -3 5 1 2 -3 5 1 2 -3 5 1 2 -3 5 1 2 -3 5 1 2 -3 5 1 2 -3 5 1 2 -3 5 1 2 -3 5 1 2 -3 5 1 2 -3 5 1 0 1 1 1 2 1 3 1 4 1 5 1 6 1 7 1 8 1 9 1 10 1 11 1 12 1 13 1 14 1 15 1 16 1 17 1 18 1 19 1 I 0.25 16 | constant_periodic_d16_insert R 1 1 16 1 35 21 0 19 2 -3 5 1 2 -3 5 1 2 -3 5 1 2 -3 5 1 2 -3 5 1 2 -3 5 1 2 -3 5 1 2 -3 5 1 2 -3 5 1 2 -3 5 1 2 -3 5 1 2 -3 5 1 2 -3 5 1 2 -3 5 1 2 -3 5 1 2 -3 5 1 2 -3 5 1 2 -3 5 1 2 -3 5 1 2 -3 5 1 2 -3 5 1 2 -3 5 1 2 -3 5 1 2 -3 5 1 2 -3 5 1 2 -3 5 1 2 -3 5 1 2 -3 5 1 2 -3 5 1 2 -3 5 1 2 -3 5 1 2 -3 5 1 2 -3 5 1 2 -3 5 1 2 -3 5 1 0 1 1/4 16 1 1 2 1 3 1 4 1 5 1 6 1 7 1 8 1 9 1 10 1 11 1 12 1 13 1 14 1 15 1 16 1 17 1 18 1 19 1
constant_periodic_d16_sequence P 16 19 20 4 2 -3 5 1 2 -3 5 1 2 -3 5 1 2 -3 5 1 2 -3 5 1 2 -3 5 1 2 -3 5 1 2 -3 5 1 2 -3 5 1 2 -3 5 1 2 -3 5 1 2 -3 5 1 2 -3 5 1 2 -3 5 1 2 -3 5 1 2 -3 5 1 2 -3 5 1 2 -3 5 1 2 -3 5 1 0 1 1 1 2 1 3 1 4 1 5 1 6 1 7 1 8 1 9 1 10 1 11 1 12 1 13 1 14 1 15 1 16 1 17 1 18 1 19 1 I 0.75 1 I 0.25 16 I 0.75 16 I 0.25 1 | constant_periodic_d16_sequence R 4 1 1 1 1 16 1 51 22 0 19 2 -3 5 1 2 -3 5 1 2 -3 5 1 2 -3 5 1 2 -3 5 1 2 -3 5 1 2 -3 5 1 2 -3 5 1 2 -3 5 1 2 -3 5 1 2 -3 5 1 2 -3 5 1 2 -3 5 1 2 -3 5 1 2 -3 5 1 2 -3 5 1 2 -3 5 1 2 -3 5 1 2 -3 5 1 2 -3 5 1 2 -3 5 1 2 -3 5 1 2 -3 5 1 2 -3 5 1 2 -3 5 1 2 -3 5 1 2 -3 5 1 2 -3 5 1 2 -3 5 1 2 -3 5 1 2 -3 5 1 2 -3 5 1 2 -3 5 1 2 -3 5 1 2 -3 5 1 2 -3 5 1 2 -3 5 1 2 -3 5 1 2 -3 5 1 2 -3 5 1 2 -3 5 1 2 -3 5 1 2 -3 5 1 2 -3 5 1 2 -3 5 1 2 -3 5 1 2 -3 5 1 2 -3 5 1 2 -3 5 1 2 -3 5 1 2 -3 5 1 0 1 1/4 16 3/4 16 1 1 2 1 3 1 4 1 5 1 6 1 7 1 8 1 9 1 10 1 11 1 12 1 13 1 14 1 15 1 16 1 17 1 18 1 19 1
constant_periodic_d16_roundtrip P 16 19 20 2 2 -3 5 1 2 -3 5 1 2 -3 5 1 2 -3 5 1 2 -3 5 1 2 -3 5 1 2 -3 5 1 2 -3 5 1 2 -3 5 1 2 -3 5 1 2 -3 5 1 2 -3 5 1 2 -3 5 1 2 -3 5 1 2 -3 5 1 2 -3 5 1 2 -3 5 1 2 -3 5 1 2 -3 5 1 0 1 1 1 2 1 3 1 4 1 5 1 6 1 7 1 8 1 9 1 10 1 11 1 12 1 13 1 14 1 15 1 16 1 17 1 18 1 19 1 I 0.25 1 R 0.25 0 | constant_periodic_d16_roundtrip R 2 1 1 16 1 19 20 0 19 2 -3 5 1 2 -3 5 1 2 -3 5 1 2 -3 5 1 2 -3 5 1 2 -3 5 1 2 -3 5 1 2 -3 5 1 2 -3 5 1 2 -3 5 1 2 -3 5 1 2 -3 5 1 2 -3 5 1 2 -3 5 1 2 -3 5 1 2 -3 5 1 2 -3 5 1 2 -3 5 1 2 -3 5 1 0 1 1 1 2 1 3 1 4 1 5 1 6 1 7 1 8 1 9 1 10 1 11 1 12 1 13 1 14 1 15 1 16 1 17 1 18 1 19 1
constant_periodic_d16_full_roundtrip P 16 19 20 2 2 -3 5 1 2 -3 5 1 2 -3 5 1 2 -3 5 1 2 -3 5 1 2 -3 5 1 2 -3 5 1 2 -3 5 1 2 -3 5 1 2 -3 5 1 2 -3 5 1 2 -3 5 1 2 -3 5 1 2 -3 5 1 2 -3 5 1 2 -3 5 1 2 -3 5 1 2 -3 5 1 2 -3 5 1 0 1 1 1 2 1 3 1 4 1 5 1 6 1 7 1 8 1 9 1 10 1 11 1 12 1 13 1 14 1 15 1 16 1 17 1 18 1 19 1 I 0.25 16 R 0.25 0 | constant_periodic_d16_full_roundtrip R 2 1 1 16 1 19 20 0 19 2 -3 5 1 2 -3 5 1 2 -3 5 1 2 -3 5 1 2 -3 5 1 2 -3 5 1 2 -3 5 1 2 -3 5 1 2 -3 5 1 2 -3 5 1 2 -3 5 1 2 -3 5 1 2 -3 5 1 2 -3 5 1 2 -3 5 1 2 -3 5 1 2 -3 5 1 2 -3 5 1 2 -3 5 1 0 1 1 1 2 1 3 1 4 1 5 1 6 1 7 1 8 1 9 1 10 1 11 1 12 1 13 1 14 1 15 1 16 1 17 1 18 1 19 1
constant_periodic_d16_remove_existing P 16 19 20 1 2 -3 5 1 2 -3 5 1 2 -3 5 1 2 -3 5 1 2 -3 5 1 2 -3 5 1 2 -3 5 1 2 -3 5 1 2 -3 5 1 2 -3 5 1 2 -3 5 1 2 -3 5 1 2 -3 5 1 2 -3 5 1 2 -3 5 1 2 -3 5 1 2 -3 5 1 2 -3 5 1 2 -3 5 1 0 1 1 1 2 1 3 1 4 1 5 1 6 1 7 1 8 1 9 1 10 1 11 1 12 1 13 1 14 1 15 1 16 1 17 1 18 1 19 1 R 1 0 | constant_periodic_d16_remove_existing R 1 1 16 1 18 19 0 19 2 -3 5 1 2 -3 5 1 2 -3 5 1 2 -3 5 1 2 -3 5 1 2 -3 5 1 2 -3 5 1 2 -3 5 1 2 -3 5 1 2 -3 5 1 2 -3 5 1 2 -3 5 1 2 -3 5 1 2 -3 5 1 2 -3 5 1 2 -3 5 1 2 -3 5 1 2 -3 5 1 0 1 2 1 3 1 4 1 5 1 6 1 7 1 8 1 9 1 10 1 11 1 12 1 13 1 14 1 15 1 16 1 17 1 18 1 19 1
constant_periodic_d16_seam P 16 19 20 2 2 -3 5 1 2 -3 5 1 2 -3 5 1 2 -3 5 1 2 -3 5 1 2 -3 5 1 2 -3 5 1 2 -3 5 1 2 -3 5 1 2 -3 5 1 2 -3 5 1 2 -3 5 1 2 -3 5 1 2 -3 5 1 2 -3 5 1 2 -3 5 1 2 -3 5 1 2 -3 5 1 2 -3 5 1 0 1 1 1 2 1 3 1 4 1 5 1 6 1 7 1 8 1 9 1 10 1 11 1 12 1 13 1 14 1 15 1 16 1 17 1 18 1 19 1 I 0 16 I 19 16 | constant_periodic_d16_seam R 2 1 1 16 1 34 20 0 19 2 -3 5 1 2 -3 5 1 2 -3 5 1 2 -3 5 1 2 -3 5 1 2 -3 5 1 2 -3 5 1 2 -3 5 1 2 -3 5 1 2 -3 5 1 2 -3 5 1 2 -3 5 1 2 -3 5 1 2 -3 5 1 2 -3 5 1 2 -3 5 1 2 -3 5 1 2 -3 5 1 2 -3 5 1 2 -3 5 1 2 -3 5 1 2 -3 5 1 2 -3 5 1 2 -3 5 1 2 -3 5 1 2 -3 5 1 2 -3 5 1 2 -3 5 1 2 -3 5 1 2 -3 5 1 2 -3 5 1 2 -3 5 1 2 -3 5 1 2 -3 5 1 0 16 1 1 2 1 3 1 4 1 5 1 6 1 7 1 8 1 9 1 10 1 11 1 12 1 13 1 14 1 15 1 16 1 17 1 18 1 19 16
constant_periodic_d16_seam_roundtrip P 16 19 20 2 2 -3 5 1 2 -3 5 1 2 -3 5 1 2 -3 5 1 2 -3 5 1 2 -3 5 1 2 -3 5 1 2 -3 5 1 2 -3 5 1 2 -3 5 1 2 -3 5 1 2 -3 5 1 2 -3 5 1 2 -3 5 1 2 -3 5 1 2 -3 5 1 2 -3 5 1 2 -3 5 1 2 -3 5 1 0 1 1 1 2 1 3 1 4 1 5 1 6 1 7 1 8 1 9 1 10 1 11 1 12 1 13 1 14 1 15 1 16 1 17 1 18 1 19 1 I 19 16 R 0 1 | constant_periodic_d16_seam_roundtrip R 2 1 1 16 1 19 20 0 19 2 -3 5 1 2 -3 5 1 2 -3 5 1 2 -3 5 1 2 -3 5 1 2 -3 5 1 2 -3 5 1 2 -3 5 1 2 -3 5 1 2 -3 5 1 2 -3 5 1 2 -3 5 1 2 -3 5 1 2 -3 5 1 2 -3 5 1 2 -3 5 1 2 -3 5 1 2 -3 5 1 2 -3 5 1 0 1 1 1 2 1 3 1 4 1 5 1 6 1 7 1 8 1 9 1 10 1 11 1 12 1 13 1 14 1 15 1 16 1 17 1 18 1 19 1
constant_periodic_d16_remove_origin P 16 19 20 1 2 -3 5 1 2 -3 5 1 2 -3 5 1 2 -3 5 1 2 -3 5 1 2 -3 5 1 2 -3 5 1 2 -3 5 1 2 -3 5 1 2 -3 5 1 2 -3 5 1 2 -3 5 1 2 -3 5 1 2 -3 5 1 2 -3 5 1 2 -3 5 1 2 -3 5 1 2 -3 5 1 2 -3 5 1 0 1 1 1 2 1 3 1 4 1 5 1 6 1 7 1 8 1 9 1 10 1 11 1 12 1 13 1 14 1 15 1 16 1 17 1 18 1 19 1 R 0 0 | constant_periodic_d16_remove_origin R 1 1 16 1 18 19 1 20 2 -3 5 1 2 -3 5 1 2 -3 5 1 2 -3 5 1 2 -3 5 1 2 -3 5 1 2 -3 5 1 2 -3 5 1 2 -3 5 1 2 -3 5 1 2 -3 5 1 2 -3 5 1 2 -3 5 1 2 -3 5 1 2 -3 5 1 2 -3 5 1 2 -3 5 1 2 -3 5 1 1 1 2 1 3 1 4 1 5 1 6 1 7 1 8 1 9 1 10 1 11 1 12 1 13 1 14 1 15 1 16 1 17 1 18 1 20 1
constant_periodic_d16_remove_end_alias P 16 19 20 1 2 -3 5 1 2 -3 5 1 2 -3 5 1 2 -3 5 1 2 -3 5 1 2 -3 5 1 2 -3 5 1 2 -3 5 1 2 -3 5 1 2 -3 5 1 2 -3 5 1 2 -3 5 1 2 -3 5 1 2 -3 5 1 2 -3 5 1 2 -3 5 1 2 -3 5 1 2 -3 5 1 2 -3 5 1 0 1 1 1 2 1 3 1 4 1 5 1 6 1 7 1 8 1 9 1 10 1 11 1 12 1 13 1 14 1 15 1 16 1 17 1 18 1 19 1 R 19 0 | constant_periodic_d16_remove_end_alias R 1 1 16 1 18 19 1 20 2 -3 5 1 2 -3 5 1 2 -3 5 1 2 -3 5 1 2 -3 5 1 2 -3 5 1 2 -3 5 1 2 -3 5 1 2 -3 5 1 2 -3 5 1 2 -3 5 1 2 -3 5 1 2 -3 5 1 2 -3 5 1 2 -3 5 1 2 -3 5 1 2 -3 5 1 2 -3 5 1 1 1 2 1 3 1 4 1 5 1 6 1 7 1 8 1 9 1 10 1 11 1 12 1 13 1 14 1 15 1 16 1 17 1 18 1 20 1
unclamped_nonuniform_d17_identity S 17 69 7 0 -2 -6 -5 0.5 -1 -5 2 1 0 -2 -2 1.5 1 3 5 0.5 2 -3 1 1 3 6 -3 1.5 4 4 4 0.5 5 4 0 1 6 6 -4 1.5 7 -3 3 0.5 8 3 -1 1 9 -2 -5 1.5 10 -5 2 0.5 11 -6 -2 1 12 -5 5 1.5 13 -2 1 0.5 14 3 -3 1 15 -3 4 1.5 16 6 0 0.5 17 4 -4 1 18 4 3 1.5 19 6 -1 0.5 20 -3 -5 1 21 3 2 1.5 22 -2 -2 0.5 23 -5 5 1 24 -6 1 1.5 25 -5 -3 0.5 26 -2 4 1 27 3 0 1.5 28 -3 -4 0.5 29 6 3 1 30 4 -1 1.5 31 4 -5 0.5 32 6 2 1 33 -3 -2 1.5 34 3 5 0.5 35 -2 1 1 36 -5 -3 1.5 37 -6 4 0.5 38 -5 0 1 39 -2 -4 1.5 40 3 3 0.5 41 -3 -1 1 42 6 -5 1.5 43 4 2 0.5 44 4 -2 1 45 6 5 1.5 46 -3 1 0.5 47 3 -3 1 48 -2 4 1.5 49 -5 0 0.5 50 -6 -4 1 51 -5 3 1.5 52 -2 -1 0.5 53 3 -5 1 54 -3 2 1.5 55 6 -2 0.5 56 4 5 1 57 4 1 1.5 58 6 -3 0.5 59 -3 4 1 60 3 0 1.5 61 -2 -4 0.5 62 -5 3 1 63 -6 -1 1.5 64 -5 -5 0.5 65 -2 2 1 66 3 -2 1.5 -2 17 -1 17 0 1 1 17 2 1 3 17 4 17 | unclamped_nonuniform_d17_identity R 0 17 0 69 7 -1 3 -1 -3 -5/2 1/2 -1 -5 2 1 0 -3 -3 3/2 1/2 3/2 5/2 1/2 2 -3 1 1 9/2 9 -9/2 3/2 2 2 2 1/2 5 4 0 1 9 9 -6 3/2 7/2 -3/2 3/2 1/2 8 3 -1 1 27/2 -3 -15/2 3/2 5 -5/2 1 1/2 11 -6 -2 1 18 -15/2 15/2 3/2 13/2 -1 1/2 1/2 14 3 -3 1 45/2 -9/2 6 3/2 8 3 0 1/2 17 4 -4 1 27 6 9/2 3/2 19/2 3 -1/2 1/2 20 -3 -5 1 63/2 9/2 3 3/2 11 -1 -1 1/2 23 -5 5 1 36 -9 3/2 3/2 25/2 -5/2 -3/2 1/2 26 -2 4 1 81/2 9/2 0 3/2 14 -3/2 -2 1/2 29 6 3 1 45 6 -3/2 3/2 31/2 2 -5/2 1/2 32 6 2 1 99/2 -9/2 -3 3/2 17 3/2 5/2 1/2 35 -2 1 1 54 -15/2 -9/2 3/2 37/2 -3 2 1/2 38 -5 0 1 117/2 -3 -6 3/2 20 3/2 3/2 1/2 41 -3 -1 1 63 9 -15/2 3/2 43/2 2 1 1/2 44 4 -2 1 135/2 9 15/2 3/2 23 -3/2 1/2 1/2 47 3 -3 1 72 -3 6 3/2 49/2 -5/2 0 1/2 50 -6 -4 1 153/2 -15/2 9/2 3/2 26 -1 -1/2 1/2 53 3 -5 1 81 -9/2 3 3/2 55/2 3 -1 1/2 56 4 5 1 171/2 6 3/2 3/2 29 3 -3/2 1/2 59 -3 4 1 90 9/2 0 3/2 61/2 -1 -2 1/2 62 -5 3 1 189/2 -9 -3/2 3/2 32 -5/2 -5/2 1/2 65 -2 2 1 99 9/2 -3 3/2 -2 17 -1 17 0 1 1 17 2 1 3 17 4 17
unclamped_nonuniform_d17_insert S 17 69 7 1 -2 -6 -5 0.5 -1 -5 2 1 0 -2 -2 1.5 1 3 5 0.5 2 -3 1 1 3 6 -3 1.5 4 4 4 0.5 5 4 0 1 6 6 -4 1.5 7 -3 3 0.5 8 3 -1 1 9 -2 -5 1.5 10 -5 2 0.5 11 -6 -2 1 12 -5 5 1.5 13 -2 1 0.5 14 3 -3 1 15 -3 4 1.5 16 6 0 0.5 17 4 -4 1 18 4 3 1.5 19 6 -1 0.5 20 -3 -5 1 21 3 2 1.5 22 -2 -2 0.5 23 -5 5 1 24 -6 1 1.5 25 -5 -3 0.5 26 -2 4 1 27 3 0 1.5 28 -3 -4 0.5 29 6 3 1 30 4 -1 1.5 31 4 -5 0.5 32 6 2 1 33 -3 -2 1.5 34 3 5 0.5 35 -2 1 1 36 -5 -3 1.5 37 -6 4 0.5 38 -5 0 1 39 -2 -4 1.5 40 3 3 0.5 41 -3 -1 1 42 6 -5 1.5 43 4 2 0.5 44 4 -2 1 45 6 5 1.5 46 -3 1 0.5 47 3 -3 1 48 -2 4 1.5 49 -5 0 0.5 50 -6 -4 1 51 -5 3 1.5 52 -2 -1 0.5 53 3 -5 1 54 -3 2 1.5 55 6 -2 0.5 56 4 5 1 57 4 1 1.5 58 6 -3 0.5 59 -3 4 1 60 3 0 1.5 61 -2 -4 0.5 62 -5 3 1 63 -6 -1 1.5 64 -5 -5 0.5 65 -2 2 1 66 3 -2 1.5 -2 17 -1 17 0 1 1 17 2 1 3 17 4 17 I -0.75 17 | unclamped_nonuniform_d17_insert R 1 1 17 0 86 8 -1 3 -1 -3 -5/2 1/2 -1 -5 2 1 0 -3 -3 3/2 1/2 3/2 5/2 1/2 2 -3 1 1 9/2 9 -9/2 3/2 2 2 2 1/2 5 4 0 1 9 9 -6 3/2 7/2 -3/2 3/2 1/2 8 3 -1 1 27/2 -3 -15/2 3/2 5 -5/2 1 1/2 11 -6 -2 1 18 -15/2 15/2 3/2 13/2 -1 1/2 1/2 14 3 -3 1 129/8 9/8 -3/4 9/8 1105/64 -3/64 3/4 19/16 9093/512 -367/512 217/128 619/512 73113/4096 -4227/4096 9165/4096 4935/4096 290101/16384 -36045/32768 81701/32768 19429/16384 285837/16384 -261979/262144 668815/262144 303941/262144 35958687/2097152 -103191/131072 5197149/2097152 2370867/2097152 282798697/16777216 -4239337/8388608 19488073/8388608 288931/262144 2228497311/134217728 -24672111/134217728 71199955/33554432 144454831/134217728 17612893953/1073741824 167000769/1073741824 2039831499/1073741824 1131426723/1073741824 4364801329/268435456 1067357971/2147483648 14378695329/8589934592 4444782577/4294967296 555705003873/34359738368 14251521555/17179869184 100035505881/68719476736 70073757209/68719476736 8871749428683/549755813888 314829690831/274877906944 688323381099/549755813888 554114548815/549755813888 71015478094567/4398046511104 6329551035697/4398046511104 2345549308385/2199023255552 274643701405/274877906944 569782794940509/35184372088832 7510401986385/4398046511104 7924435520491/8796093022208 34935171040843/35184372088832 4580125503171249/281474976710656 548555859333273/281474976710656 212460972331479/281474976710656 278318132333535/281474976710656 18434789862895483/1125899906842624 4868036848912905/2251799813685248 1412643722791369/2251799813685248 1110503148430813/1125899906842624 586801669172717/35184372088832 1576701692913267/562949953421312 137877888802495/562949953421312 4305449241097/4398046511104 1258825572066107/70368744177664 65076436251429/17592186044416 -9021875037685/35184372088832 70147760241077/70368744177664 169630829650985/8796093022208 27099371266167/8796093022208 40979732621/8796093022208 9097427213925/8796093022208 20993817311239/1099511627776 1885573910945/1099511627776 -86307255975/274877906944 534805964795/549755813888 2763679519009/137438953472 49852441517/137438953472 -7921456143/8589934592 133907890663/137438953472 97206761749/4294967296 -189838045/1073741824 2328639083/8589934592 18285799701/17179869184 23301153853/1073741824 -2773839421/2147483648 3738027701/2147483648 131312801/134217728 5791632143/268435456 -594210125/134217728 257128285/134217728 248120657/268435456 885074039/33554432 -48750421/8388608 74991289/33554432 36997521/33554432 105444013/4194304 -19620037/4194304 1390789/2097152 2133191/2097152 11340745/524288 -339365/262144 107657/131072 435835/524288 987005/32768 36831/65536 61783/32768 74145/65536 63125/2048 21361/8192 -3813/8192 289/256 20051/1024 991/1024 -279/512 701/1024 4133/128 95/16 247/128 141/128 661/16 11/2 -13/8 11/8 31/2 2 -5/2 1/2 32 6 2 1 99/2 -9/2 -3 3/2 17 3/2 5/2 1/2 35 -2 1 1 54 -15/2 -9/2 3/2 37/2 -3 2 1/2 38 -5 0 1 117/2 -3 -6 3/2 20 3/2 3/2 1/2 41 -3 -1 1 63 9 -15/2 3/2 43/2 2 1 1/2 44 4 -2 1 135/2 9 15/2 3/2 23 -3/2 1/2 1/2 47 3 -3 1 72 -3 6 3/2 49/2 -5/2 0 1/2 50 -6 -4 1 153/2 -15/2 9/2 3/2 26 -1 -1/2 1/2 53 3 -5 1 81 -9/2 3 3/2 55/2 3 -1 1/2 56 4 5 1 171/2 6 3/2 3/2 29 3 -3/2 1/2 59 -3 4 1 90 9/2 0 3/2 61/2 -1 -2 1/2 62 -5 3 1 189/2 -9 -3/2 3/2 32 -5/2 -5/2 1/2 65 -2 2 1 99 9/2 -3 3/2 -2 17 -1 17 -3/4 17 0 1 1 17 2 1 3 17 4 17
unclamped_nonuniform_d17_sequence S 17 69 7 4 -2 -6 -5 0.5 -1 -5 2 1 0 -2 -2 1.5 1 3 5 0.5 2 -3 1 1 3 6 -3 1.5 4 4 4 0.5 5 4 0 1 6 6 -4 1.5 7 -3 3 0.5 8 3 -1 1 9 -2 -5 1.5 10 -5 2 0.5 11 -6 -2 1 12 -5 5 1.5 13 -2 1 0.5 14 3 -3 1 15 -3 4 1.5 16 6 0 0.5 17 4 -4 1 18 4 3 1.5 19 6 -1 0.5 20 -3 -5 1 21 3 2 1.5 22 -2 -2 0.5 23 -5 5 1 24 -6 1 1.5 25 -5 -3 0.5 26 -2 4 1 27 3 0 1.5 28 -3 -4 0.5 29 6 3 1 30 4 -1 1.5 31 4 -5 0.5 32 6 2 1 33 -3 -2 1.5 34 3 5 0.5 35 -2 1 1 36 -5 -3 1.5 37 -6 4 0.5 38 -5 0 1 39 -2 -4 1.5 40 3 3 0.5 41 -3 -1 1 42 6 -5 1.5 43 4 2 0.5 44 4 -2 1 45 6 5 1.5 46 -3 1 0.5 47 3 -3 1 48 -2 4 1.5 49 -5 0 0.5 50 -6 -4 1 51 -5 3 1.5 52 -2 -1 0.5 53 3 -5 1 54 -3 2 1.5 55 6 -2 0.5 56 4 5 1 57 4 1 1.5 58 6 -3 0.5 59 -3 4 1 60 3 0 1.5 61 -2 -4 0.5 62 -5 3 1 63 -6 -1 1.5 64 -5 -5 0.5 65 -2 2 1 66 3 -2 1.5 -2 17 -1 17 0 1 1 17 2 1 3 17 4 17 I -0.25 1 I -0.75 17 I -0.25 17 I -0.75 1 | unclamped_nonuniform_d17_sequence R 4 1 1 1 1 17 0 103 9 -1 3 -1 -3 -5/2 1/2 -1 -5 2 1 0 -3 -3 3/2 1/2 3/2 5/2 1/2 2 -3 1 1 9/2 9 -9/2 3/2 2 2 2 1/2 5 4 0 1 9 9 -6 3/2 7/2 -3/2 3/2 1/2 8 3 -1 1 27/2 -3 -15/2 3/2 5 -5/2 1 1/2 11 -6 -2 1 18 -15/2 15/2 3/2 13/2 -1 1/2 1/2 14 3 -3 1 129/8 9/8 -3/4 9/8 1105/64 -3/64 3/4 19/16 9093/512 -367/512 217/128 619/512 73113/4096 -4227/4096 9165/4096 4935/4096 290101/16384 -36045/32768 81701/32768 19429/16384 285837/16384 -261979/262144 668815/262144 303941/262144 35958687/2097152 -103191/131072 5197149/2097152 2370867/2097152 282798697/16777216 -4239337/8388608 19488073/8388608 288931/262144 2228497311/134217728 -24672111/134217728 71199955/33554432 144454831/134217728 17612893953/1073741824 167000769/1073741824 2039831499/1073741824 1131426723/1073741824 4364801329/268435456 1067357971/2147483648 14378695329/8589934592 4444782577/4294967296 555705003873/34359738368 14251521555/17179869184 100035505881/68719476736 70073757209/68719476736 8871749428683/549755813888 314829690831/274877906944 688323381099/549755813888 554114548815/549755813888 71015478094567/4398046511104 6329551035697/4398046511104 2345549308385/2199023255552 274643701405/274877906944 569782794940509/35184372088832 7510401986385/4398046511104 7924435520491/8796093022208 34935171040843/35184372088832 4580125503171249/281474976710656 548555859333273/281474976710656 212460972331479/281474976710656 278318132333535/281474976710656 18434789862895483/1125899906842624 4868036848912905/2251799813685248 1412643722791369/2251799813685248 1110503148430813/1125899906842624 18663365563316457/1125899906842624 5827216797406347/2251799813685248 838555611070443/2251799813685248 1104964386624159/1125899906842624 18999282366224547/1125899906842624 6532272412338417/2251799813685248 432162134283121/2251799813685248 1106959877095541/1125899906842624 19382298246981409/1125899906842624 6966752059507907/2251799813685248 175098290723171/2251799813685248 1112660655000487/1125899906842624 19761318410379147/1125899906842624 7152101042361369/2251799813685248 14249790600537/2251799813685248 1118718764929869/1125899906842624 20111126207290521/1125899906842624 7122319083124155/2251799813685248 -98751509536869/2251799813685248 1123347806011247/1125899906842624 20427881101289011/1125899906842624 6915642596644225/2251799813685248 -193880707593855/2251799813685248 1126088131177573/1125899906842624 20719283080965969/1125899906842624 6570048137651571/2251799813685248 -282250537893741/2251799813685248 1127240685053943/1125899906842624 20996220851355291/1125899906842624 6119721411479337/2251799813685248 -361195685758487/2251799813685248 1127373862463933/1125899906842624 21267888663250249/1125899906842624 5592563357712875/2251799813685248 -420574167672245/2251799813685248 1127020731871039/1125899906842624 21540022527306435/1125899906842624 5009113566860049/2251799813685248 -448182297050991/2251799813685248 1126551695718741/1125899906842624 21815103436870785/1125899906842624 4382907331766563/2251799813685248 -433543959692605/2251799813685248 1126162481508167/1125899906842624 22093402578525355/1125899906842624 3721931819840313/2251799813685248 -370055342430343/2251799813685248 1125917202782509/1125899906842624 22374104102478585/1125899906842624 3030680689486107/2251799813685248 -255779148980229/2251799813685248 1125803989135887/1125899906842624 22656134341244499/1125899906842624 2312309692314017/2251799813685248 -93271672649567/2251799813685248 1125780729599813/1125899906842624 22938614900557489/1125899906842624 1570503303266259/2251799813685248 111191616796659/2251799813685248 1125803710017943/1125899906842624 23221012263111099/1125899906842624 810811616454729/2251799813685248 348687683784201/2251799813685248 1125840709489053/1125899906842624 23503105629644201/1125899906842624 41363274554187/2251799813685248 608784545243307/2251799813685248 1125873578186719/1125899906842624 738879759778461/35184372088832 -85840224099021/562949953421312 184708243993215/562949953421312 4398007861467/4398046511104 1521812858388617/70368744177664 -17806074765693/17592186044416 22145720667345/35184372088832 70372938800807/70368744177664 195713040489889/8796093022208 -16603794256129/8796093022208 8611227686725/8796093022208 8796574168349/8796093022208 25146421659813/1099511627776 -2983587511053/1099511627776 357115366635/274877906944 549658090809/549755813888 3229441661521/137438953472 -463673177571/137438953472 12851247785/8589934592 137403343351/137438953472 103677263183/4294967296 -247188387/67108864 12973430465/8589934592 17188281607/17179869184 26594626197/1073741824 -7398598629/2147483648 2926187805/2147483648 134362539/134217728 6800743373/268435456 -346629239/134217728 153272575/134217728 268114643/268435456 869451991/33554432 -10563349/8388608 31481305/33554432 33415601/33554432 112067247/4194304 688953/4194304 1617735/2097152 2101941/2097152 14480449/524288 354323/262144 72465/131072 532099/524288 909079/32768 144397/65536 6605/32768 65443/65536 55509/2048 24129/8192 75/8192 243/256 29537/1024 4053/1024 155/512 1007/1024 4429/128 87/16 15/128 149/128 543/16 9/2 -15/8 9/8 31/2 2 -5/2 1/2 32 6 2 1 99/2 -9/2 -3 3/2 17 3/2 5/2 1/2 35 -2 1 1 54 -15/2 -9/2 3/2 37/2 -3 2 1/2 38 -5 0 1 117/2 -3 -6 3/2 20 3/2 3/2 1/2 41 -3 -1 1 63 9 -15/2 3/2 43/2 2 1 1/2 44 4 -2 1 135/2 9 15/2 3/2 23 -3/2 1/2 1/2 47 3 -3 1 72 -3 6 3/2 49/2 -5/2 0 1/2 50 -6 -4 1 153/2 -15/2 9/2 3/2 26 -1 -1/2 1/2 53 3 -5 1 81 -9/2 3 3/2 55/2 3 -1 1/2 56 4 5 1 171/2 6 3/2 3/2 29 3 -3/2 1/2 59 -3 4 1 90 9/2 0 3/2 61/2 -1 -2 1/2 62 -5 3 1 189/2 -9 -3/2 3/2 32 -5/2 -5/2 1/2 65 -2 2 1 99 9/2 -3 3/2 -2 17 -1 17 -3/4 17 -1/4 17 0 1 1 17 2 1 3 17 4 17
unclamped_nonuniform_d17_roundtrip S 17 69 7 2 -2 -6 -5 0.5 -1 -5 2 1 0 -2 -2 1.5 1 3 5 0.5 2 -3 1 1 3 6 -3 1.5 4 4 4 0.5 5 4 0 1 6 6 -4 1.5 7 -3 3 0.5 8 3 -1 1 9 -2 -5 1.5 10 -5 2 0.5 11 -6 -2 1 12 -5 5 1.5 13 -2 1 0.5 14 3 -3 1 15 -3 4 1.5 16 6 0 0.5 17 4 -4 1 18 4 3 1.5 19 6 -1 0.5 20 -3 -5 1 21 3 2 1.5 22 -2 -2 0.5 23 -5 5 1 24 -6 1 1.5 25 -5 -3 0.5 26 -2 4 1 27 3 0 1.5 28 -3 -4 0.5 29 6 3 1 30 4 -1 1.5 31 4 -5 0.5 32 6 2 1 33 -3 -2 1.5 34 3 5 0.5 35 -2 1 1 36 -5 -3 1.5 37 -6 4 0.5 38 -5 0 1 39 -2 -4 1.5 40 3 3 0.5 41 -3 -1 1 42 6 -5 1.5 43 4 2 0.5 44 4 -2 1 45 6 5 1.5 46 -3 1 0.5 47 3 -3 1 48 -2 4 1.5 49 -5 0 0.5 50 -6 -4 1 51 -5 3 1.5 52 -2 -1 0.5 53 3 -5 1 54 -3 2 1.5 55 6 -2 0.5 56 4 5 1 57 4 1 1.5 58 6 -3 0.5 59 -3 4 1 60 3 0 1.5 61 -2 -4 0.5 62 -5 3 1 63 -6 -1 1.5 64 -5 -5 0.5 65 -2 2 1 66 3 -2 1.5 -2 17 -1 17 0 1 1 17 2 1 3 17 4 17 I -0.75 1 R -0.75 0 | unclamped_nonuniform_d17_roundtrip R 2 1 1 17 0 69 7 -1 3 -1 -3 -5/2 1/2 -1 -5 2 1 0 -3 -3 3/2 1/2 3/2 5/2 1/2 2 -3 1 1 9/2 9 -9/2 3/2 2 2 2 1/2 5 4 0 1 9 9 -6 3/2 7/2 -3/2 3/2 1/2 8 3 -1 1 27/2 -3 -15/2 3/2 5 -5/2 1 1/2 11 -6 -2 1 18 -15/2 15/2 3/2 13/2 -1 1/2 1/2 14 3 -3 1 45/2 -9/2 6 3/2 8 3 0 1/2 17 4 -4 1 27 6 9/2 3/2 19/2 3 -1/2 1/2 20 -3 -5 1 63/2 9/2 3 3/2 11 -1 -1 1/2 23 -5 5 1 36 -9 3/2 3/2 25/2 -5/2 -3/2 1/2 26 -2 4 1 81/2 9/2 0 3/2 14 -3/2 -2 1/2 29 6 3 1 45 6 -3/2 3/2 31/2 2 -5/2 1/2 32 6 2 1 99/2 -9/2 -3 3/2 17 3/2 5/2 1/2 35 -2 1 1 54 -15/2 -9/2 3/2 37/2 -3 2 1/2 38 -5 0 1 117/2 -3 -6 3/2 20 3/2 3/2 1/2 41 -3 -1 1 63 9 -15/2 3/2 43/2 2 1 1/2 44 4 -2 1 135/2 9 15/2 3/2 23 -3/2 1/2 1/2 47 3 -3 1 72 -3 6 3/2 49/2 -5/2 0 1/2 50 -6 -4 1 153/2 -15/2 9/2 3/2 26 -1 -1/2 1/2 53 3 -5 1 81 -9/2 3 3/2 55/2 3 -1 1/2 56 4 5 1 171/2 6 3/2 3/2 29 3 -3/2 1/2 59 -3 4 1 90 9/2 0 3/2 61/2 -1 -2 1/2 62 -5 3 1 189/2 -9 -3/2 3/2 32 -5/2 -5/2 1/2 65 -2 2 1 99 9/2 -3 3/2 -2 17 -1 17 0 1 1 17 2 1 3 17 4 17
unclamped_nonuniform_d17_full_roundtrip S 17 69 7 2 -2 -6 -5 0.5 -1 -5 2 1 0 -2 -2 1.5 1 3 5 0.5 2 -3 1 1 3 6 -3 1.5 4 4 4 0.5 5 4 0 1 6 6 -4 1.5 7 -3 3 0.5 8 3 -1 1 9 -2 -5 1.5 10 -5 2 0.5 11 -6 -2 1 12 -5 5 1.5 13 -2 1 0.5 14 3 -3 1 15 -3 4 1.5 16 6 0 0.5 17 4 -4 1 18 4 3 1.5 19 6 -1 0.5 20 -3 -5 1 21 3 2 1.5 22 -2 -2 0.5 23 -5 5 1 24 -6 1 1.5 25 -5 -3 0.5 26 -2 4 1 27 3 0 1.5 28 -3 -4 0.5 29 6 3 1 30 4 -1 1.5 31 4 -5 0.5 32 6 2 1 33 -3 -2 1.5 34 3 5 0.5 35 -2 1 1 36 -5 -3 1.5 37 -6 4 0.5 38 -5 0 1 39 -2 -4 1.5 40 3 3 0.5 41 -3 -1 1 42 6 -5 1.5 43 4 2 0.5 44 4 -2 1 45 6 5 1.5 46 -3 1 0.5 47 3 -3 1 48 -2 4 1.5 49 -5 0 0.5 50 -6 -4 1 51 -5 3 1.5 52 -2 -1 0.5 53 3 -5 1 54 -3 2 1.5 55 6 -2 0.5 56 4 5 1 57 4 1 1.5 58 6 -3 0.5 59 -3 4 1 60 3 0 1.5 61 -2 -4 0.5 62 -5 3 1 63 -6 -1 1.5 64 -5 -5 0.5 65 -2 2 1 66 3 -2 1.5 -2 17 -1 17 0 1 1 17 2 1 3 17 4 17 I -0.75 17 R -0.75 0 | unclamped_nonuniform_d17_full_roundtrip R 2 1 1 17 0 69 7 -1 3 -1 -3 -5/2 1/2 -1 -5 2 1 0 -3 -3 3/2 1/2 3/2 5/2 1/2 2 -3 1 1 9/2 9 -9/2 3/2 2 2 2 1/2 5 4 0 1 9 9 -6 3/2 7/2 -3/2 3/2 1/2 8 3 -1 1 27/2 -3 -15/2 3/2 5 -5/2 1 1/2 11 -6 -2 1 18 -15/2 15/2 3/2 13/2 -1 1/2 1/2 14 3 -3 1 45/2 -9/2 6 3/2 8 3 0 1/2 17 4 -4 1 27 6 9/2 3/2 19/2 3 -1/2 1/2 20 -3 -5 1 63/2 9/2 3 3/2 11 -1 -1 1/2 23 -5 5 1 36 -9 3/2 3/2 25/2 -5/2 -3/2 1/2 26 -2 4 1 81/2 9/2 0 3/2 14 -3/2 -2 1/2 29 6 3 1 45 6 -3/2 3/2 31/2 2 -5/2 1/2 32 6 2 1 99/2 -9/2 -3 3/2 17 3/2 5/2 1/2 35 -2 1 1 54 -15/2 -9/2 3/2 37/2 -3 2 1/2 38 -5 0 1 117/2 -3 -6 3/2 20 3/2 3/2 1/2 41 -3 -1 1 63 9 -15/2 3/2 43/2 2 1 1/2 44 4 -2 1 135/2 9 15/2 3/2 23 -3/2 1/2 1/2 47 3 -3 1 72 -3 6 3/2 49/2 -5/2 0 1/2 50 -6 -4 1 153/2 -15/2 9/2 3/2 26 -1 -1/2 1/2 53 3 -5 1 81 -9/2 3 3/2 55/2 3 -1 1/2 56 4 5 1 171/2 6 3/2 3/2 29 3 -3/2 1/2 59 -3 4 1 90 9/2 0 3/2 61/2 -1 -2 1/2 62 -5 3 1 189/2 -9 -3/2 3/2 32 -5/2 -5/2 1/2 65 -2 2 1 99 9/2 -3 3/2 -2 17 -1 17 0 1 1 17 2 1 3 17 4 17
unclamped_nonuniform_d17_remove_existing S 17 69 7 1 -2 -6 -5 0.5 -1 -5 2 1 0 -2 -2 1.5 1 3 5 0.5 2 -3 1 1 3 6 -3 1.5 4 4 4 0.5 5 4 0 1 6 6 -4 1.5 7 -3 3 0.5 8 3 -1 1 9 -2 -5 1.5 10 -5 2 0.5 11 -6 -2 1 12 -5 5 1.5 13 -2 1 0.5 14 3 -3 1 15 -3 4 1.5 16 6 0 0.5 17 4 -4 1 18 4 3 1.5 19 6 -1 0.5 20 -3 -5 1 21 3 2 1.5 22 -2 -2 0.5 23 -5 5 1 24 -6 1 1.5 25 -5 -3 0.5 26 -2 4 1 27 3 0 1.5 28 -3 -4 0.5 29 6 3 1 30 4 -1 1.5 31 4 -5 0.5 32 6 2 1 33 -3 -2 1.5 34 3 5 0.5 35 -2 1 1 36 -5 -3 1.5 37 -6 4 0.5 38 -5 0 1 39 -2 -4 1.5 40 3 3 0.5 41 -3 -1 1 42 6 -5 1.5 43 4 2 0.5 44 4 -2 1 45 6 5 1.5 46 -3 1 0.5 47 3 -3 1 48 -2 4 1.5 49 -5 0 0.5 50 -6 -4 1 51 -5 3 1.5 52 -2 -1 0.5 53 3 -5 1 54 -3 2 1.5 55 6 -2 0.5 56 4 5 1 57 4 1 1.5 58 6 -3 0.5 59 -3 4 1 60 3 0 1.5 61 -2 -4 0.5 62 -5 3 1 63 -6 -1 1.5 64 -5 -5 0.5 65 -2 2 1 66 3 -2 1.5 -2 17 -1 17 0 1 1 17 2 1 3 17 4 17 R 0 0 | unclamped_nonuniform_d17_remove_existing R 1 0 17 0 69 7 -1 3 -1 -3 -5/2 1/2 -1 -5 2 1 0 -3 -3 3/2 1/2 3/2 5/2 1/2 2 -3 1 1 9/2 9 -9/2 3/2 2 2 2 1/2 5 4 0 1 9 9 -6 3/2 7/2 -3/2 3/2 1/2 8 3 -1 1 27/2 -3 -15/2 3/2 5 -5/2 1 1/2 11 -6 -2 1 18 -15/2 15/2 3/2 13/2 -1 1/2 1/2 14 3 -3 1 45/2 -9/2 6 3/2 8 3 0 1/2 17 4 -4 1 27 6 9/2 3/2 19/2 3 -1/2 1/2 20 -3 -5 1 63/2 9/2 3 3/2 11 -1 -1 1/2 23 -5 5 1 36 -9 3/2 3/2 25/2 -5/2 -3/2 1/2 26 -2 4 1 81/2 9/2 0 3/2 14 -3/2 -2 1/2 29 6 3 1 45 6 -3/2 3/2 31/2 2 -5/2 1/2 32 6 2 1 99/2 -9/2 -3 3/2 17 3/2 5/2 1/2 35 -2 1 1 54 -15/2 -9/2 3/2 37/2 -3 2 1/2 38 -5 0 1 117/2 -3 -6 3/2 20 3/2 3/2 1/2 41 -3 -1 1 63 9 -15/2 3/2 43/2 2 1 1/2 44 4 -2 1 135/2 9 15/2 3/2 23 -3/2 1/2 1/2 47 3 -3 1 72 -3 6 3/2 49/2 -5/2 0 1/2 50 -6 -4 1 153/2 -15/2 9/2 3/2 26 -1 -1/2 1/2 53 3 -5 1 81 -9/2 3 3/2 55/2 3 -1 1/2 56 4 5 1 171/2 6 3/2 3/2 29 3 -3/2 1/2 59 -3 4 1 90 9/2 0 3/2 61/2 -1 -2 1/2 62 -5 3 1 189/2 -9 -3/2 3/2 32 -5/2 -5/2 1/2 65 -2 2 1 99 9/2 -3 3/2 -2 17 -1 17 0 1 1 17 2 1 3 17 4 17
unclamped_nonuniform_d17_domain_ends S 17 69 7 2 -2 -6 -5 0.5 -1 -5 2 1 0 -2 -2 1.5 1 3 5 0.5 2 -3 1 1 3 6 -3 1.5 4 4 4 0.5 5 4 0 1 6 6 -4 1.5 7 -3 3 0.5 8 3 -1 1 9 -2 -5 1.5 10 -5 2 0.5 11 -6 -2 1 12 -5 5 1.5 13 -2 1 0.5 14 3 -3 1 15 -3 4 1.5 16 6 0 0.5 17 4 -4 1 18 4 3 1.5 19 6 -1 0.5 20 -3 -5 1 21 3 2 1.5 22 -2 -2 0.5 23 -5 5 1 24 -6 1 1.5 25 -5 -3 0.5 26 -2 4 1 27 3 0 1.5 28 -3 -4 0.5 29 6 3 1 30 4 -1 1.5 31 4 -5 0.5 32 6 2 1 33 -3 -2 1.5 34 3 5 0.5 35 -2 1 1 36 -5 -3 1.5 37 -6 4 0.5 38 -5 0 1 39 -2 -4 1.5 40 3 3 0.5 41 -3 -1 1 42 6 -5 1.5 43 4 2 0.5 44 4 -2 1 45 6 5 1.5 46 -3 1 0.5 47 3 -3 1 48 -2 4 1.5 49 -5 0 0.5 50 -6 -4 1 51 -5 3 1.5 52 -2 -1 0.5 53 3 -5 1 54 -3 2 1.5 55 6 -2 0.5 56 4 5 1 57 4 1 1.5 58 6 -3 0.5 59 -3 4 1 60 3 0 1.5 61 -2 -4 0.5 62 -5 3 1 63 -6 -1 1.5 64 -5 -5 0.5 65 -2 2 1 66 3 -2 1.5 -2 17 -1 17 0 1 1 17 2 1 3 17 4 17 I -1 17 I 3 17 | unclamped_nonuniform_d17_domain_ends R 2 1 1 17 0 69 7 -1 3 -1 -3 -5/2 1/2 -1 -5 2 1 0 -3 -3 3/2 1/2 3/2 5/2 1/2 2 -3 1 1 9/2 9 -9/2 3/2 2 2 2 1/2 5 4 0 1 9 9 -6 3/2 7/2 -3/2 3/2 1/2 8 3 -1 1 27/2 -3 -15/2 3/2 5 -5/2 1 1/2 11 -6 -2 1 18 -15/2 15/2 3/2 13/2 -1 1/2 1/2 14 3 -3 1 45/2 -9/2 6 3/2 8 3 0 1/2 17 4 -4 1 27 6 9/2 3/2 19/2 3 -1/2 1/2 20 -3 -5 1 63/2 9/2 3 3/2 11 -1 -1 1/2 23 -5 5 1 36 -9 3/2 3/2 25/2 -5/2 -3/2 1/2 26 -2 4 1 81/2 9/2 0 3/2 14 -3/2 -2 1/2 29 6 3 1 45 6 -3/2 3/2 31/2 2 -5/2 1/2 32 6 2 1 99/2 -9/2 -3 3/2 17 3/2 5/2 1/2 35 -2 1 1 54 -15/2 -9/2 3/2 37/2 -3 2 1/2 38 -5 0 1 117/2 -3 -6 3/2 20 3/2 3/2 1/2 41 -3 -1 1 63 9 -15/2 3/2 43/2 2 1 1/2 44 4 -2 1 135/2 9 15/2 3/2 23 -3/2 1/2 1/2 47 3 -3 1 72 -3 6 3/2 49/2 -5/2 0 1/2 50 -6 -4 1 153/2 -15/2 9/2 3/2 26 -1 -1/2 1/2 53 3 -5 1 81 -9/2 3 3/2 55/2 3 -1 1/2 56 4 5 1 171/2 6 3/2 3/2 29 3 -3/2 1/2 59 -3 4 1 90 9/2 0 3/2 61/2 -1 -2 1/2 62 -5 3 1 189/2 -9 -3/2 3/2 32 -5/2 -5/2 1/2 65 -2 2 1 99 9/2 -3 3/2 -2 17 -1 17 0 1 1 17 2 1 3 17 4 17
constant_periodic_d17_identity P 17 20 21 0 2 -3 5 1 2 -3 5 1 2 -3 5 1 2 -3 5 1 2 -3 5 1 2 -3 5 1 2 -3 5 1 2 -3 5 1 2 -3 5 1 2 -3 5 1 2 -3 5 1 2 -3 5 1 2 -3 5 1 2 -3 5 1 2 -3 5 1 2 -3 5 1 2 -3 5 1 2 -3 5 1 2 -3 5 1 2 -3 5 1 0 1 1 1 2 1 3 1 4 1 5 1 6 1 7 1 8 1 9 1 10 1 11 1 12 1 13 1 14 1 15 1 16 1 17 1 18 1 19 1 20 1 | constant_periodic_d17_identity R 0 17 1 20 21 0 20 2 -3 5 1 2 -3 5 1 2 -3 5 1 2 -3 5 1 2 -3 5 1 2 -3 5 1 2 -3 5 1 2 -3 5 1 2 -3 5 1 2 -3 5 1 2 -3 5 1 2 -3 5 1 2 -3 5 1 2 -3 5 1 2 -3 5 1 2 -3 5 1 2 -3 5 1 2 -3 5 1 2 -3 5 1 2 -3 5 1 0 1 1 1 2 1 3 1 4 1 5 1 6 1 7 1 8 1 9 1 10 1 11 1 12 1 13 1 14 1 15 1 16 1 17 1 18 1 19 1 20 1
constant_periodic_d17_insert P 17 20 21 1 2 -3 5 1 2 -3 5 1 2 -3 5 1 2 -3 5 1 2 -3 5 1 2 -3 5 1 2 -3 5 1 2 -3 5 1 2 -3 5 1 2 -3 5 1 2 -3 5 1 2 -3 5 1 2 -3 5 1 2 -3 5 1 2 -3 5 1 2 -3 5 1 2 -3 5 1 2 -3 5 1 2 -3 5 1 2 -3 5 1 0 1 1 1 2 1 3 1 4 1 5 1 6 1 7 1 8 1 9 1 10 1 11 1 12 1 13 1 14 1 15 1 16 1 17 1 18 1 19 1 20 1 I 0.25 17 | constant_periodic_d17_insert R 1 1 17 1 37 22 0 20 2 -3 5 1 2 -3 5 1 2 -3 5 1 2 -3 5 1 2 -3 5 1 2 -3 5 1 2 -3 5 1 2 -3 5 1 2 -3 5 1 2 -3 5 1 2 -3 5 1 2 -3 5 1 2 -3 5 1 2 -3 5 1 2 -3 5 1 2 -3 5 1 2 -3 5 1 2 -3 5 1 2 -3 5 1 2 -3 5 1 2 -3 5 1 2 -3 5 1 2 -3 5 1 2 -3 5 1 2 -3 5 1 2 -3 5 1 2 -3 5 1 2 -3 5 1 2 -3 5 1 2 -3 5 1 2 -3 5 1 2 -3 5 1 2 -3 5 1 2 -3 5 1 2 -3 5 1 2 -3 5 1 2 -3 5 1 0 1 1/4 17 1 1 2 1 3 1 4 1 5 1 6 1 7 1 8 1 9 1 10 1 11 1 12 1 13 1 14 1 15 1 16 1 17 1 18 1 19 1 20 1
constant_periodic_d17_sequence P 17 20 21 4 2 -3 5 1 2 -3 5 1 2 -3 5 1 2 -3 5 1 2 -3 5 1 2 -3 5 1 2 -3 5 1 2 -3 5 1 2 -3 5 1 2 -3 5 1 2 -3 5 1 2 -3 5 1 2 -3 5 1 2 -3 5 1 2 -3 5 1 2 -3 5 1 2 -3 5 1 2 -3 5 1 2 -3 5 1 2 -3 5 1 0 1 1 1 2 1 3 1 4 1 5 1 6 1 7 1 8 1 9 1 10 1 11 1 12 1 13 1 14 1 15 1 16 1 17 1 18 1 19 1 20 1 I 0.75 1 I 0.25 17 I 0.75 17 I 0.25 1 | constant_periodic_d17_sequence R 4 1 1 1 1 17 1 54 23 0 20 2 -3 5 1 2 -3 5 1 2 -3 5 1 2 -3 5 1 2 -3 5 1 2 -3 5 1 2 -3 5 1 2 -3 5 1 2 -3 5 1 2 -3 5 1 2 -3 5 1 2 -3 5 1 2 -3 5 1 2 -3 5 1 2 -3 5 1 2 -3 5 1 2 -3 5 1 2 -3 5 1 2 -3 5 1 2 -3 5 1 2 -3 5 1 2 -3 5 1 2 -3 5 1 2 -3 5 1 2 -3 5 1 2 -3 5 1 2 -3 5 1 2 -3 5 1 2 -3 5 1 2 -3 5 1 2 -3 5 1 2 -3 5 1 2 -3 5 1 2 -3 5 1 2 -3 5 1 2 -3 5 1 2 -3 5 1 2 -3 5 1 2 -3 5 1 2 -3 5 1 2 -3 5 1 2 -3 5 1 2 -3 5 1 2 -3 5 1 2 -3 5 1 2 -3 5 1 2 -3 5 1 2 -3 5 1 2 -3 5 1 2 -3 5 1 2 -3 5 1 2 -3 5 1 2 -3 5 1 2 -3 5 1 0 1 1/4 17 3/4 17 1 1 2 1 3 1 4 1 5 1 6 1 7 1 8 1 9 1 10 1 11 1 12 1 13 1 14 1 15 1 16 1 17 1 18 1 19 1 20 1
constant_periodic_d17_roundtrip P 17 20 21 2 2 -3 5 1 2 -3 5 1 2 -3 5 1 2 -3 5 1 2 -3 5 1 2 -3 5 1 2 -3 5 1 2 -3 5 1 2 -3 5 1 2 -3 5 1 2 -3 5 1 2 -3 5 1 2 -3 5 1 2 -3 5 1 2 -3 5 1 2 -3 5 1 2 -3 5 1 2 -3 5 1 2 -3 5 1 2 -3 5 1 0 1 1 1 2 1 3 1 4 1 5 1 6 1 7 1 8 1 9 1 10 1 11 1 12 1 13 1 14 1 15 1 16 1 17 1 18 1 19 1 20 1 I 0.25 1 R 0.25 0 | constant_periodic_d17_roundtrip R 2 1 1 17 1 20 21 0 20 2 -3 5 1 2 -3 5 1 2 -3 5 1 2 -3 5 1 2 -3 5 1 2 -3 5 1 2 -3 5 1 2 -3 5 1 2 -3 5 1 2 -3 5 1 2 -3 5 1 2 -3 5 1 2 -3 5 1 2 -3 5 1 2 -3 5 1 2 -3 5 1 2 -3 5 1 2 -3 5 1 2 -3 5 1 2 -3 5 1 0 1 1 1 2 1 3 1 4 1 5 1 6 1 7 1 8 1 9 1 10 1 11 1 12 1 13 1 14 1 15 1 16 1 17 1 18 1 19 1 20 1
constant_periodic_d17_full_roundtrip P 17 20 21 2 2 -3 5 1 2 -3 5 1 2 -3 5 1 2 -3 5 1 2 -3 5 1 2 -3 5 1 2 -3 5 1 2 -3 5 1 2 -3 5 1 2 -3 5 1 2 -3 5 1 2 -3 5 1 2 -3 5 1 2 -3 5 1 2 -3 5 1 2 -3 5 1 2 -3 5 1 2 -3 5 1 2 -3 5 1 2 -3 5 1 0 1 1 1 2 1 3 1 4 1 5 1 6 1 7 1 8 1 9 1 10 1 11 1 12 1 13 1 14 1 15 1 16 1 17 1 18 1 19 1 20 1 I 0.25 17 R 0.25 0 | constant_periodic_d17_full_roundtrip R 2 1 1 17 1 20 21 0 20 2 -3 5 1 2 -3 5 1 2 -3 5 1 2 -3 5 1 2 -3 5 1 2 -3 5 1 2 -3 5 1 2 -3 5 1 2 -3 5 1 2 -3 5 1 2 -3 5 1 2 -3 5 1 2 -3 5 1 2 -3 5 1 2 -3 5 1 2 -3 5 1 2 -3 5 1 2 -3 5 1 2 -3 5 1 2 -3 5 1 0 1 1 1 2 1 3 1 4 1 5 1 6 1 7 1 8 1 9 1 10 1 11 1 12 1 13 1 14 1 15 1 16 1 17 1 18 1 19 1 20 1
constant_periodic_d17_remove_existing P 17 20 21 1 2 -3 5 1 2 -3 5 1 2 -3 5 1 2 -3 5 1 2 -3 5 1 2 -3 5 1 2 -3 5 1 2 -3 5 1 2 -3 5 1 2 -3 5 1 2 -3 5 1 2 -3 5 1 2 -3 5 1 2 -3 5 1 2 -3 5 1 2 -3 5 1 2 -3 5 1 2 -3 5 1 2 -3 5 1 2 -3 5 1 0 1 1 1 2 1 3 1 4 1 5 1 6 1 7 1 8 1 9 1 10 1 11 1 12 1 13 1 14 1 15 1 16 1 17 1 18 1 19 1 20 1 R 1 0 | constant_periodic_d17_remove_existing R 1 1 17 1 19 20 0 20 2 -3 5 1 2 -3 5 1 2 -3 5 1 2 -3 5 1 2 -3 5 1 2 -3 5 1 2 -3 5 1 2 -3 5 1 2 -3 5 1 2 -3 5 1 2 -3 5 1 2 -3 5 1 2 -3 5 1 2 -3 5 1 2 -3 5 1 2 -3 5 1 2 -3 5 1 2 -3 5 1 2 -3 5 1 0 1 2 1 3 1 4 1 5 1 6 1 7 1 8 1 9 1 10 1 11 1 12 1 13 1 14 1 15 1 16 1 17 1 18 1 19 1 20 1
constant_periodic_d17_seam P 17 20 21 2 2 -3 5 1 2 -3 5 1 2 -3 5 1 2 -3 5 1 2 -3 5 1 2 -3 5 1 2 -3 5 1 2 -3 5 1 2 -3 5 1 2 -3 5 1 2 -3 5 1 2 -3 5 1 2 -3 5 1 2 -3 5 1 2 -3 5 1 2 -3 5 1 2 -3 5 1 2 -3 5 1 2 -3 5 1 2 -3 5 1 0 1 1 1 2 1 3 1 4 1 5 1 6 1 7 1 8 1 9 1 10 1 11 1 12 1 13 1 14 1 15 1 16 1 17 1 18 1 19 1 20 1 I 0 17 I 20 17 | constant_periodic_d17_seam R 2 1 1 17 1 36 21 0 20 2 -3 5 1 2 -3 5 1 2 -3 5 1 2 -3 5 1 2 -3 5 1 2 -3 5 1 2 -3 5 1 2 -3 5 1 2 -3 5 1 2 -3 5 1 2 -3 5 1 2 -3 5 1 2 -3 5 1 2 -3 5 1 2 -3 5 1 2 -3 5 1 2 -3 5 1 2 -3 5 1 2 -3 5 1 2 -3 5 1 2 -3 5 1 2 -3 5 1 2 -3 5 1 2 -3 5 1 2 -3 5 1 2 -3 5 1 2 -3 5 1 2 -3 5 1 2 -3 5 1 2 -3 5 1 2 -3 5 1 2 -3 5 1 2 -3 5 1 2 -3 5 1 2 -3 5 1 2 -3 5 1 0 17 1 1 2 1 3 1 4 1 5 1 6 1 7 1 8 1 9 1 10 1 11 1 12 1 13 1 14 1 15 1 16 1 17 1 18 1 19 1 20 17
constant_periodic_d17_seam_roundtrip P 17 20 21 2 2 -3 5 1 2 -3 5 1 2 -3 5 1 2 -3 5 1 2 -3 5 1 2 -3 5 1 2 -3 5 1 2 -3 5 1 2 -3 5 1 2 -3 5 1 2 -3 5 1 2 -3 5 1 2 -3 5 1 2 -3 5 1 2 -3 5 1 2 -3 5 1 2 -3 5 1 2 -3 5 1 2 -3 5 1 2 -3 5 1 0 1 1 1 2 1 3 1 4 1 5 1 6 1 7 1 8 1 9 1 10 1 11 1 12 1 13 1 14 1 15 1 16 1 17 1 18 1 19 1 20 1 I 20 17 R 0 1 | constant_periodic_d17_seam_roundtrip R 2 1 1 17 1 20 21 0 20 2 -3 5 1 2 -3 5 1 2 -3 5 1 2 -3 5 1 2 -3 5 1 2 -3 5 1 2 -3 5 1 2 -3 5 1 2 -3 5 1 2 -3 5 1 2 -3 5 1 2 -3 5 1 2 -3 5 1 2 -3 5 1 2 -3 5 1 2 -3 5 1 2 -3 5 1 2 -3 5 1 2 -3 5 1 2 -3 5 1 0 1 1 1 2 1 3 1 4 1 5 1 6 1 7 1 8 1 9 1 10 1 11 1 12 1 13 1 14 1 15 1 16 1 17 1 18 1 19 1 20 1
constant_periodic_d17_remove_origin P 17 20 21 1 2 -3 5 1 2 -3 5 1 2 -3 5 1 2 -3 5 1 2 -3 5 1 2 -3 5 1 2 -3 5 1 2 -3 5 1 2 -3 5 1 2 -3 5 1 2 -3 5 1 2 -3 5 1 2 -3 5 1 2 -3 5 1 2 -3 5 1 2 -3 5 1 2 -3 5 1 2 -3 5 1 2 -3 5 1 2 -3 5 1 0 1 1 1 2 1 3 1 4 1 5 1 6 1 7 1 8 1 9 1 10 1 11 1 12 1 13 1 14 1 15 1 16 1 17 1 18 1 19 1 20 1 R 0 0 | constant_periodic_d17_remove_origin R 1 1 17 1 19 20 1 21 2 -3 5 1 2 -3 5 1 2 -3 5 1 2 -3 5 1 2 -3 5 1 2 -3 5 1 2 -3 5 1 2 -3 5 1 2 -3 5 1 2 -3 5 1 2 -3 5 1 2 -3 5 1 2 -3 5 1 2 -3 5 1 2 -3 5 1 2 -3 5 1 2 -3 5 1 2 -3 5 1 2 -3 5 1 1 1 2 1 3 1 4 1 5 1 6 1 7 1 8 1 9 1 10 1 11 1 12 1 13 1 14 1 15 1 16 1 17 1 18 1 19 1 21 1
constant_periodic_d17_remove_end_alias P 17 20 21 1 2 -3 5 1 2 -3 5 1 2 -3 5 1 2 -3 5 1 2 -3 5 1 2 -3 5 1 2 -3 5 1 2 -3 5 1 2 -3 5 1 2 -3 5 1 2 -3 5 1 2 -3 5 1 2 -3 5 1 2 -3 5 1 2 -3 5 1 2 -3 5 1 2 -3 5 1 2 -3 5 1 2 -3 5 1 2 -3 5 1 0 1 1 1 2 1 3 1 4 1 5 1 6 1 7 1 8 1 9 1 10 1 11 1 12 1 13 1 14 1 15 1 16 1 17 1 18 1 19 1 20 1 R 20 0 | constant_periodic_d17_remove_end_alias R 1 1 17 1 19 20 1 21 2 -3 5 1 2 -3 5 1 2 -3 5 1 2 -3 5 1 2 -3 5 1 2 -3 5 1 2 -3 5 1 2 -3 5 1 2 -3 5 1 2 -3 5 1 2 -3 5 1 2 -3 5 1 2 -3 5 1 2 -3 5 1 2 -3 5 1 2 -3 5 1 2 -3 5 1 2 -3 5 1 2 -3 5 1 1 1 2 1 3 1 4 1 5 1 6 1 7 1 8 1 9 1 10 1 11 1 12 1 13 1 14 1 15 1 16 1 17 1 18 1 19 1 21 1
unclamped_nonuniform_d18_identity S 18 73 7 0 -2 -6 -5 0.5 -1 -5 2 1 0 -2 -2 1.5 1 3 5 0.5 2 -3 1 1 3 6 -3 1.5 4 4 4 0.5 5 4 0 1 6 6 -4 1.5 7 -3 3 0.5 8 3 -1 1 9 -2 -5 1.5 10 -5 2 0.5 11 -6 -2 1 12 -5 5 1.5 13 -2 1 0.5 14 3 -3 1 15 -3 4 1.5 16 6 0 0.5 17 4 -4 1 18 4 3 1.5 19 6 -1 0.5 20 -3 -5 1 21 3 2 1.5 22 -2 -2 0.5 23 -5 5 1 24 -6 1 1.5 25 -5 -3 0.5 26 -2 4 1 27 3 0 1.5 28 -3 -4 0.5 29 6 3 1 30 4 -1 1.5 31 4 -5 0.5 32 6 2 1 33 -3 -2 1.5 34 3 5 0.5 35 -2 1 1 36 -5 -3 1.5 37 -6 4 0.5 38 -5 0 1 39 -2 -4 1.5 40 3 3 0.5 41 -3 -1 1 42 6 -5 1.5 43 4 2 0.5 44 4 -2 1 45 6 5 1.5 46 -3 1 0.5 47 3 -3 1 48 -2 4 1.5 49 -5 0 0.5 50 -6 -4 1 51 -5 3 1.5 52 -2 -1 0.5 53 3 -5 1 54 -3 2 1.5 55 6 -2 0.5 56 4 5 1 57 4 1 1.5 58 6 -3 0.5 59 -3 4 1 60 3 0 1.5 61 -2 -4 0.5 62 -5 3 1 63 -6 -1 1.5 64 -5 -5 0.5 65 -2 2 1 66 3 -2 1.5 67 -3 5 0.5 68 6 1 1 69 4 -3 1.5 70 4 4 0.5 -2 18 -1 18 0 1 1 18 2 1 3 18 4 18 | unclamped_nonuniform_d18_identity R 0 18 0 73 7 -1 3 -1 -3 -5/2 1/2 -1 -5 2 1 0 -3 -3 3/2 1/2 3/2 5/2 1/2 2 -3 1 1 9/2 9 -9/2 3/2 2 2 2 1/2 5 4 0 1 9 9 -6 3/2 7/2 -3/2 3/2 1/2 8 3 -1 1 27/2 -3 -15/2 3/2 5 -5/2 1 1/2 11 -6 -2 1 18 -15/2 15/2 3/2 13/2 -1 1/2 1/2 14 3 -3 1 45/2 -9/2 6 3/2 8 3 0 1/2 17 4 -4 1 27 6 9/2 3/2 19/2 3 -1/2 1/2 20 -3 -5 1 63/2 9/2 3 3/2 11 -1 -1 1/2 23 -5 5 1 36 -9 3/2 3/2 25/2 -5/2 -3/2 1/2 26 -2 4 1 81/2 9/2 0 3/2 14 -3/2 -2 1/2 29 6 3 1 45 6 -3/2 3/2 31/2 2 -5/2 1/2 32 6 2 1 99/2 -9/2 -3 3/2 17 3/2 5/2 1/2 35 -2 1 1 54 -15/2 -9/2 3/2 37/2 -3 2 1/2 38 -5 0 1 117/2 -3 -6 3/2 20 3/2 3/2 1/2 41 -3 -1 1 63 9 -15/2 3/2 43/2 2 1 1/2 44 4 -2 1 135/2 9 15/2 3/2 23 -3/2 1/2 1/2 47 3 -3 1 72 -3 6 3/2 49/2 -5/2 0 1/2 50 -6 -4 1 153/2 -15/2 9/2 3/2 26 -1 -1/2 1/2 53 3 -5 1 81 -9/2 3 3/2 55/2 3 -1 1/2 56 4 5 1 171/2 6 3/2 3/2 29 3 -3/2 1/2 59 -3 4 1 90 9/2 0 3/2 61/2 -1 -2 1/2 62 -5 3 1 189/2 -9 -3/2 3/2 32 -5/2 -5/2 1/2 65 -2 2 1 99 9/2 -3 3/2 67/2 -3/2 5/2 1/2 68 6 1 1 207/2 6 -9/2 3/2 35 2 2 1/2 -2 18 -1 18 0 1 1 18 2 1 3 18 4 18
unclamped_nonuniform_d18_insert S 18 73 7 1 -2 -6 -5 0.5 -1 -5 2 1 0 -2 -2 1.5 1 3 5 0.5 2 -3 1 1 3 6 -3 1.5 4 4 4 0.5 5 4 0 1 6 6 -4 1.5 7 -3 3 0.5 8 3 -1 1 9 -2 -5 1.5 10 -5 2 0.5 11 -6 -2 1 12 -5 5 1.5 13 -2 1 0.5 14 3 -3 1 15 -3 4 1.5 16 6 0 0.5 17 4 -4 1 18 4 3 1.5 19 6 -1 0.5 20 -3 -5 1 21 3 2 1.5 22 -2 -2 0.5 23 -5 5 1 24 -6 1 1.5 25 -5 -3 0.5 26 -2 4 1 27 3 0 1.5 28 -3 -4 0.5 29 6 3 1 30 4 -1 1.5 31 4 -5 0.5 32 6 2 1 33 -3 -2 1.5 34 3 5 0.5 35 -2 1 1 36 -5 -3 1.5 37 -6 4 0.5 38 -5 0 1 39 -2 -4 1.5 40 3 3 0.5 41 -3 -1 1 42 6 -5 1.5 43 4 2 0.5 44 4 -2 1 45 6 5 1.5 46 -3 1 0.5 47 3 -3 1 48 -2 4 1.5 49 -5 0 0.5 50 -6 -4 1 51 -5 3 1.5 52 -2 -1 0.5 53 3 -5 1 54 -3 2 1.5 55 6 -2 0.5 56 4 5 1 57 4 1 1.5 58 6 -3 0.5 59 -3 4 1 60 3 0 1.5 61 -2 -4 0.5 62 -5 3 1 63 -6 -1 1.5 64 -5 -5 0.5 65 -2 2 1 66 3 -2 1.5 67 -3 5 0.5 68 6 1 1 69 4 -3 1.5 70 4 4 0.5 -2 18 -1 18 0 1 1 18 2 1 3 18 4 18 I -0.75 18 | unclamped_nonuniform_d18_insert R 1 1 18 0 91 8 -1 3 -1 -3 -5/2 1/2 -1 -5 2 1 0 -3 -3 3/2 1/2 3/2 5/2 1/2 2 -3 1 1 9/2 9 -9/2 3/2 2 2 2 1/2 5 4 0 1 9 9 -6 3/2 7/2 -3/2 3/2 1/2 8 3 -1 1 27/2 -3 -15/2 3/2 5 -5/2 1 1/2 11 -6 -2 1 18 -15/2 15/2 3/2 13/2 -1 1/2 1/2 14 3 -3 1 45/2 -9/2 6 3/2 151/8 -21/8 9/2 5/4 263/16 -19/16 13/4 69/64 3813/256 -19/256 1145/512 247/256 57395/4096 51/64 2941/2048 3665/4096 222941/16384 3041/2048 6731/8192 28047/32768 3548367/262144 532717/262144 23885/65536 13747/16384 1794277/131072 2589119/1048576 76679/2097152 1755547/2097152 3666089/262144 47275727/16777216 -1574873/8388608 14173935/16777216 240969045/16777216 207644133/67108864 -44466505/134217728 57602029/67108864 15869422361/1073741824 3553922821/1073741824 -111080187/268435456 939345005/1073741824 65305367537/4294967296 3730130119/1073741824 -1940267463/4294967296 7665402603/8589934592 1073376724605/68719476736 123471322821/34359738368 -7879050273/17179869184 1953433037/2147483648 4401108097325/274877906944 2019890569183/549755813888 -244711297067/549755813888 508967033767/549755813888 18002088220931/1099511627776 16364089871921/4398046511104 -922612856145/2199023255552 4135894401435/4398046511104 293824683109395/17592186044416 131499735480033/35184372088832 -13654887103453/35184372088832 16768421277673/17592186044416 4784721769378847/281474976710656 524652078942957/140737488355328 -12496634087011/35184372088832 271368815573153/281474976710656 19438461740891861/1125899906842624 4160579120662131/1125899906842624 -364549359816841/1125899906842624 2191498581329895/2251799813685248 315306938028405675/18014398509481984 65622567086644239/18014398509481984 -2663931554478733/9007199254740992 1104153623295547/1125899906842624 82045397137703343/4503599627370496 15695617638698667/4503599627370496 -476635395577687/2251799813685248 2258733242374691/2251799813685248 10865247079128863/562949953421312 1518284580637221/562949953421312 -1514025217353/17592186044416 574466669512543/562949953421312 683775025896813/35184372088832 95933027855859/70368744177664 -6942644112087/17592186044416 68707106088477/70368744177664 90881838678327/4398046511104 181333389585/1099511627776 -5084339042971/8796093022208 545092259171/549755813888 24674351170393/1099511627776 -319285993097/549755813888 342838095653/549755813888 1146830754905/1099511627776 3005321415573/137438953472 -285041454735/137438953472 245269809471/137438953472 133672005561/137438953472 388816963557/17179869184 -20085987639/4294967296 16535028885/8589934592 8258720783/8589934592 55825589135/2147483648 -5782289003/1073741824 2016831709/1073741824 2312113555/2147483648 828023715/33554432 -508898853/134217728 48960249/67108864 264697737/268435456 98927277/4194304 -13049961/16777216 32591735/33554432 471257/524288 125403349/4194304 4216049/4194304 1409949/1048576 4675877/4194304 15084987/524288 637125/262144 -211371/524288 547221/524288 1493115/65536 68585/32768 -1951/16384 25835/32768 273743/8192 46779/8192 4463/4096 9271/8192 18435/512 4947/1024 -843/512 1221/1024 1257/64 355/128 -195/128 5/8 547/16 75/16 11/8 17/16 99/2 -9/2 -3 3/2 17 3/2 5/2 1/2 35 -2 1 1 54 -15/2 -9/2 3/2 37/2 -3 2 1/2 38 -5 0 1 117/2 -3 -6 3/2 20 3/2 3/2 1/2 41 -3 -1 1 63 9 -15/2 3/2 43/2 2 1 1/2 44 4 -2 1 135/2 9 15/2 3/2 23 -3/2 1/2 1/2 47 3 -3 1 72 -3 6 3/2 49/2 -5/2 0 1/2 50 -6 -4 1 153/2 -15/2 9/2 3/2 26 -1 -1/2 1/2 53 3 -5 1 81 -9/2 3 3/2 55/2 3 -1 1/2 56 4 5 1 171/2 6 3/2 3/2 29 3 -3/2 1/2 59 -3 4 1 90 9/2 0 3/2 61/2 -1 -2 1/2 62 -5 3 1 189/2 -9 -3/2 3/2 32 -5/2 -5/2 1/2 65 -2 2 1 99 9/2 -3 3/2 67/2 -3/2 5/2 1/2 68 6 1 1 207/2 6 -9/2 3/2 35 2 2 1/2 -2 18 -1 18 -3/4 18 0 1 1 18 2 1 3 18 4 18
unclamped_nonuniform_d18_sequence S 18 73 7 4 -2 -6 -5 0.5 -1 -5 2 1 0 -2 -2 1.5 1 3 5 0.5 2 -3 1 1 3 6 -3 1.5 4 4 4 0.5 5 4 0 1 6 6 -4 1.5 7 -3 3 0.5 8 3 -1 1 9 -2 -5 1.5 10 -5 2 0.5 11 -6 -2 1 12 -5 5 1.5 13 -2 1 0.5 14 3 -3 1 15 -3 4 1.5 16 6 0 0.5 17 4 -4 1 18 4 3 1.5 19 6 -1 0.5 20 -3 -5 1 21 3 2 1.5 22 -2 -2 0.5 23 -5 5 1 24 -6 1 1.5 25 -5 -3 0.5 26 -2 4 1 27 3 0 1.5 28 -3 -4 0.5 29 6 3 1 30 4 -1 1.5 31 4 -5 0.5 32 6 2 1 33 -3 -2 1.5 34 3 5 0.5 35 -2 1 1 36 -5 -3 1.5 37 -6 4 0.5 38 -5 0 1 39 -2 -4 1.5 40 3 3 0.5 41 -3 -1 1 42 6 -5 1.5 43 4 2 0.5 44 4 -2 1 45 6 5 1.5 46 -3 1 0.5 47 3 -3 1 48 -2 4 1.5 49 -5 0 0.5 50 -6 -4 1 51 -5 3 1.5 52 -2 -1 0.5 53 3 -5 1 54 -3 2 1.5 55 6 -2 0.5 56 4 5 1 57 4 1 1.5 58 6 -3 0.5 59 -3 4 1 60 3 0 1.5 61 -2 -4 0.5 62 -5 3 1 63 -6 -1 1.5 64 -5 -5 0.5 65 -2 2 1 66 3 -2 1.5 67 -3 5 0.5 68 6 1 1 69 4 -3 1.5 70 4 4 0.5 -2 18 -1 18 0 1 1 18 2 1 3 18 4 18 I -0.25 1 I -0.75 18 I -0.25 18 I -0.75 1 | unclamped_nonuniform_d18_sequence R 4 1 1 1 1 18 0 109 9 -1 3 -1 -3 -5/2 1/2 -1 -5 2 1 0 -3 -3 3/2 1/2 3/2 5/2 1/2 2 -3 1 1 9/2 9 -9/2 3/2 2 2 2 1/2 5 4 0 1 9 9 -6 3/2 7/2 -3/2 3/2 1/2 8 3 -1 1 27/2 -3 -15/2 3/2 5 -5/2 1 1/2 11 -6 -2 1 18 -15/2 15/2 3/2 13/2 -1 1/2 1/2 14 3 -3 1 45/2 -9/2 6 3/2 151/8 -21/8 9/2 5/4 263/16 -19/16 13/4 69/64 3813/256 -19/256 1145/512 247/256 57395/4096 51/64 2941/2048 3665/4096 222941/16384 3041/2048 6731/8192 28047/32768 3548367/262144 532717/262144 23885/65536 13747/16384 1794277/131072 2589119/1048576 76679/2097152 1755547/2097152 3666089/262144 47275727/16777216 -1574873/8388608 14173935/16777216 240969045/16777216 207644133/67108864 -44466505/134217728 57602029/67108864 15869422361/1073741824 3553922821/1073741824 -111080187/268435456 939345005/1073741824 65305367537/4294967296 3730130119/1073741824 -1940267463/4294967296 7665402603/8589934592 1073376724605/68719476736 123471322821/34359738368 -7879050273/17179869184 1953433037/2147483648 4401108097325/274877906944 2019890569183/549755813888 -244711297067/549755813888 508967033767/549755813888 18002088220931/1099511627776 16364089871921/4398046511104 -922612856145/2199023255552 4135894401435/4398046511104 293824683109395/17592186044416 131499735480033/35184372088832 -13654887103453/35184372088832 16768421277673/17592186044416 4784721769378847/281474976710656 524652078942957/140737488355328 -12496634087011/35184372088832 271368815573153/281474976710656 19438461740891861/1125899906842624 4160579120662131/1125899906842624 -364549359816841/1125899906842624 2191498581329895/2251799813685248 315306938028405675/18014398509481984 65622567086644239/18014398509481984 -2663931554478733/9007199254740992 1104153623295547/1125899906842624 323890038376677473/18014398509481984 63729169398744525/18014398509481984 -2159004906366743/9007199254740992 560481144278373/562949953421312 330466560965398595/18014398509481984 60393777031462983/18014398509481984 -1775198752991125/9007199254740992 1130292170851001/1125899906842624 335443535253084969/18014398509481984 56042814330243957/18014398509481984 -1644599488072111/9007199254740992 283340970359515/281474976710656 339529709873538971/18014398509481984 51009167156366399/18014398509481984 -1732891310494173/9007199254740992 1132696496769687/1125899906842624 343326685809942065/18014398509481984 45565438209929309/18014398509481984 -1922263181664263/9007199254740992 565262161135927/562949953421312 347198263916404659/18014398509481984 39908649526636023/18014398509481984 -2077755905641317/9007199254740992 1128280469423701/1125899906842624 351289322446601081/18014398509481984 34151687695793797/18014398509481984 -2086800193323039/9007199254740992 70414176026421/70368744177664 355601572600565387/18014398509481984 28333694204183407/18014398509481984 -1876257877685805/9007199254740992 1125693994020467/1125899906842624 360070904412501249/18014398509481984 22444399731085293/18014398509481984 -1414768429674487/9007199254740992 562669760356553/562949953421312 364622061780957731/18014398509481984 16453359259212455/18014398509481984 -707110977094709/9007199254740992 1125339359796081/1125899906842624 369196779089779913/18014398509481984 10336484035088021/18014398509481984 214842963565169/9007199254740992 281373936773165/281474976710656 373761580040067195/18014398509481984 4095298416095647/18014398509481984 1301831676840067/9007199254740992 1125677646112207/1125899906842624 378304061469398225/18014398509481984 -2232757961952131/18014398509481984 2496044254673177/9007199254740992 562910024655387/562949953421312 382825043295817619/18014398509481984 -8572531689195945/18014398509481984 3738355675504123/9007199254740992 1125905258464781/1125899906842624 387331138742144793/18014398509481984 -14816134699938907/18014398509481984 4973686013367809/9007199254740992 140742676984307/140737488355328 391829684632810859/18014398509481984 -20832427283708209/18014398509481984 6154511767788083/9007199254740992 1125945808598187/1125899906842624 396326221537430945/18014398509481984 -26478714243682803/18014398509481984 7242741879974697/9007199254740992 562967469906733/562949953421312 400823866329206787/18014398509481984 -31612682349203193/18014398509481984 8210272476515115/9007199254740992 1125920360696361/1125899906842624 100768172181273677/4503599627370496 -8544916600490847/4503599627370496 2173509443696331/2251799813685248 2251826142275617/2251799813685248 12947443298858719/562949953421312 -1449193378053019/562949953421312 21410136467927/17592186044416 562935992714783/562949953421312 831211615088559/35184372088832 -214539016044063/70368744177664 24194815217127/17592186044416 70365237973071/70368744177664 106662338580623/4398046511104 -3515771869647/1099511627776 12314654489501/8796093022208 549790203697/549755813888 27353930476187/1099511627776 -1600428970851/549755813888 712233485111/549755813888 1099725124699/1099511627776 3503883025989/137438953472 -296755792479/137438953472 152516271759/137438953472 137421230313/137438953472 448565999783/17179869184 -4491180277/4294967296 7739010199/8589934592 8583849853/8589934592 57471586951/2147483648 222361117/1073741824 750363653/1073741824 2147775947/2147483648 920584809/33554432 183421809/134217728 33054783/67108864 269091339/268435456 117399773/4194304 38889143/16777216 8846679/33554432 524587/524288 119132423/4194304 13005547/4194304 48547/1048576 4160791/4194304 15289731/524288 998397/262144 -48339/524288 521517/524288 2006657/65536 143619/32768 -4277/16384 33577/32768 255679/8192 36651/8192 -2913/4096 8423/8192 14769/512 3777/1024 -561/512 951/1024 1793/64 379/128 -59/128 7/8 617/16 33/16 1/8 19/16 99/2 -9/2 -3 3/2 17 3/2 5/2 1/2 35 -2 1 1 54 -15/2 -9/2 3/2 37/2 -3 2 1/2 38 -5 0 1 117/2 -3 -6 3/2 20 3/2 3/2 1/2 41 -3 -1 1 63 9 -15/2 3/2 43/2 2 1 1/2 44 4 -2 1 135/2 9 15/2 3/2 23 -3/2 1/2 1/2 47 3 -3 1 72 -3 6 3/2 49/2 -5/2 0 1/2 50 -6 -4 1 153/2 -15/2 9/2 3/2 26 -1 -1/2 1/2 53 3 -5 1 81 -9/2 3 3/2 55/2 3 -1 1/2 56 4 5 1 171/2 6 3/2 3/2 29 3 -3/2 1/2 59 -3 4 1 90 9/2 0 3/2 61/2 -1 -2 1/2 62 -5 3 1 189/2 -9 -3/2 3/2 32 -5/2 -5/2 1/2 65 -2 2 1 99 9/2 -3 3/2 67/2 -3/2 5/2 1/2 68 6 1 1 207/2 6 -9/2 3/2 35 2 2 1/2 -2 18 -1 18 -3/4 18 -1/4 18 0 1 1 18 2 1 3 18 4 18
unclamped_nonuniform_d18_roundtrip S 18 73 7 2 -2 -6 -5 0.5 -1 -5 2 1 0 -2 -2 1.5 1 3 5 0.5 2 -3 1 1 3 6 -3 1.5 4 4 4 0.5 5 4 0 1 6 6 -4 1.5 7 -3 3 0.5 8 3 -1 1 9 -2 -5 1.5 10 -5 2 0.5 11 -6 -2 1 12 -5 5 1.5 13 -2 1 0.5 14 3 -3 1 15 -3 4 1.5 16 6 0 0.5 17 4 -4 1 18 4 3 1.5 19 6 -1 0.5 20 -3 -5 1 21 3 2 1.5 22 -2 -2 0.5 23 -5 5 1 24 -6 1 1.5 25 -5 -3 0.5 26 -2 4 1 27 3 0 1.5 28 -3 -4 0.5 29 6 3 1 30 4 -1 1.5 31 4 -5 0.5 32 6 2 1 33 -3 -2 1.5 34 3 5 0.5 35 -2 1 1 36 -5 -3 1.5 37 -6 4 0.5 38 -5 0 1 39 -2 -4 1.5 40 3 3 0.5 41 -3 -1 1 42 6 -5 1.5 43 4 2 0.5 44 4 -2 1 45 6 5 1.5 46 -3 1 0.5 47 3 -3 1 48 -2 4 1.5 49 -5 0 0.5 50 -6 -4 1 51 -5 3 1.5 52 -2 -1 0.5 53 3 -5 1 54 -3 2 1.5 55 6 -2 0.5 56 4 5 1 57 4 1 1.5 58 6 -3 0.5 59 -3 4 1 60 3 0 1.5 61 -2 -4 0.5 62 -5 3 1 63 -6 -1 1.5 64 -5 -5 0.5 65 -2 2 1 66 3 -2 1.5 67 -3 5 0.5 68 6 1 1 69 4 -3 1.5 70 4 4 0.5 -2 18 -1 18 0 1 1 18 2 1 3 18 4 18 I -0.75 1 R -0.75 0 | unclamped_nonuniform_d18_roundtrip R 2 1 1 18 0 73 7 -1 3 -1 -3 -5/2 1/2 -1 -5 2 1 0 -3 -3 3/2 1/2 3/2 5/2 1/2 2 -3 1 1 9/2 9 -9/2 3/2 2 2 2 1/2 5 4 0 1 9 9 -6 3/2 7/2 -3/2 3/2 1/2 8 3 -1 1 27/2 -3 -15/2 3/2 5 -5/2 1 1/2 11 -6 -2 1 18 -15/2 15/2 3/2 13/2 -1 1/2 1/2 14 3 -3 1 45/2 -9/2 6 3/2 8 3 0 1/2 17 4 -4 1 27 6 9/2 3/2 19/2 3 -1/2 1/2 20 -3 -5 1 63/2 9/2 3 3/2 11 -1 -1 1/2 23 -5 5 1 36 -9 3/2 3/2 25/2 -5/2 -3/2 1/2 26 -2 4 1 81/2 9/2 0 3/2 14 -3/2 -2 1/2 29 6 3 1 45 6 -3/2 3/2 31/2 2 -5/2 1/2 32 6 2 1 99/2 -9/2 -3 3/2 17 3/2 5/2 1/2 35 -2 1 1 54 -15/2 -9/2 3/2 37/2 -3 2 1/2 38 -5 0 1 117/2 -3 -6 3/2 20 3/2 3/2 1/2 41 -3 -1 1 63 9 -15/2 3/2 43/2 2 1 1/2 44 4 -2 1 135/2 9 15/2 3/2 23 -3/2 1/2 1/2 47 3 -3 1 72 -3 6 3/2 49/2 -5/2 0 1/2 50 -6 -4 1 153/2 -15/2 9/2 3/2 26 -1 -1/2 1/2 53 3 -5 1 81 -9/2 3 3/2 55/2 3 -1 1/2 56 4 5 1 171/2 6 3/2 3/2 29 3 -3/2 1/2 59 -3 4 1 90 9/2 0 3/2 61/2 -1 -2 1/2 62 -5 3 1 189/2 -9 -3/2 3/2 32 -5/2 -5/2 1/2 65 -2 2 1 99 9/2 -3 3/2 67/2 -3/2 5/2 1/2 68 6 1 1 207/2 6 -9/2 3/2 35 2 2 1/2 -2 18 -1 18 0 1 1 18 2 1 3 18 4 18
unclamped_nonuniform_d18_full_roundtrip S 18 73 7 2 -2 -6 -5 0.5 -1 -5 2 1 0 -2 -2 1.5 1 3 5 0.5 2 -3 1 1 3 6 -3 1.5 4 4 4 0.5 5 4 0 1 6 6 -4 1.5 7 -3 3 0.5 8 3 -1 1 9 -2 -5 1.5 10 -5 2 0.5 11 -6 -2 1 12 -5 5 1.5 13 -2 1 0.5 14 3 -3 1 15 -3 4 1.5 16 6 0 0.5 17 4 -4 1 18 4 3 1.5 19 6 -1 0.5 20 -3 -5 1 21 3 2 1.5 22 -2 -2 0.5 23 -5 5 1 24 -6 1 1.5 25 -5 -3 0.5 26 -2 4 1 27 3 0 1.5 28 -3 -4 0.5 29 6 3 1 30 4 -1 1.5 31 4 -5 0.5 32 6 2 1 33 -3 -2 1.5 34 3 5 0.5 35 -2 1 1 36 -5 -3 1.5 37 -6 4 0.5 38 -5 0 1 39 -2 -4 1.5 40 3 3 0.5 41 -3 -1 1 42 6 -5 1.5 43 4 2 0.5 44 4 -2 1 45 6 5 1.5 46 -3 1 0.5 47 3 -3 1 48 -2 4 1.5 49 -5 0 0.5 50 -6 -4 1 51 -5 3 1.5 52 -2 -1 0.5 53 3 -5 1 54 -3 2 1.5 55 6 -2 0.5 56 4 5 1 57 4 1 1.5 58 6 -3 0.5 59 -3 4 1 60 3 0 1.5 61 -2 -4 0.5 62 -5 3 1 63 -6 -1 1.5 64 -5 -5 0.5 65 -2 2 1 66 3 -2 1.5 67 -3 5 0.5 68 6 1 1 69 4 -3 1.5 70 4 4 0.5 -2 18 -1 18 0 1 1 18 2 1 3 18 4 18 I -0.75 18 R -0.75 0 | unclamped_nonuniform_d18_full_roundtrip R 2 1 1 18 0 73 7 -1 3 -1 -3 -5/2 1/2 -1 -5 2 1 0 -3 -3 3/2 1/2 3/2 5/2 1/2 2 -3 1 1 9/2 9 -9/2 3/2 2 2 2 1/2 5 4 0 1 9 9 -6 3/2 7/2 -3/2 3/2 1/2 8 3 -1 1 27/2 -3 -15/2 3/2 5 -5/2 1 1/2 11 -6 -2 1 18 -15/2 15/2 3/2 13/2 -1 1/2 1/2 14 3 -3 1 45/2 -9/2 6 3/2 8 3 0 1/2 17 4 -4 1 27 6 9/2 3/2 19/2 3 -1/2 1/2 20 -3 -5 1 63/2 9/2 3 3/2 11 -1 -1 1/2 23 -5 5 1 36 -9 3/2 3/2 25/2 -5/2 -3/2 1/2 26 -2 4 1 81/2 9/2 0 3/2 14 -3/2 -2 1/2 29 6 3 1 45 6 -3/2 3/2 31/2 2 -5/2 1/2 32 6 2 1 99/2 -9/2 -3 3/2 17 3/2 5/2 1/2 35 -2 1 1 54 -15/2 -9/2 3/2 37/2 -3 2 1/2 38 -5 0 1 117/2 -3 -6 3/2 20 3/2 3/2 1/2 41 -3 -1 1 63 9 -15/2 3/2 43/2 2 1 1/2 44 4 -2 1 135/2 9 15/2 3/2 23 -3/2 1/2 1/2 47 3 -3 1 72 -3 6 3/2 49/2 -5/2 0 1/2 50 -6 -4 1 153/2 -15/2 9/2 3/2 26 -1 -1/2 1/2 53 3 -5 1 81 -9/2 3 3/2 55/2 3 -1 1/2 56 4 5 1 171/2 6 3/2 3/2 29 3 -3/2 1/2 59 -3 4 1 90 9/2 0 3/2 61/2 -1 -2 1/2 62 -5 3 1 189/2 -9 -3/2 3/2 32 -5/2 -5/2 1/2 65 -2 2 1 99 9/2 -3 3/2 67/2 -3/2 5/2 1/2 68 6 1 1 207/2 6 -9/2 3/2 35 2 2 1/2 -2 18 -1 18 0 1 1 18 2 1 3 18 4 18
unclamped_nonuniform_d18_remove_existing S 18 73 7 1 -2 -6 -5 0.5 -1 -5 2 1 0 -2 -2 1.5 1 3 5 0.5 2 -3 1 1 3 6 -3 1.5 4 4 4 0.5 5 4 0 1 6 6 -4 1.5 7 -3 3 0.5 8 3 -1 1 9 -2 -5 1.5 10 -5 2 0.5 11 -6 -2 1 12 -5 5 1.5 13 -2 1 0.5 14 3 -3 1 15 -3 4 1.5 16 6 0 0.5 17 4 -4 1 18 4 3 1.5 19 6 -1 0.5 20 -3 -5 1 21 3 2 1.5 22 -2 -2 0.5 23 -5 5 1 24 -6 1 1.5 25 -5 -3 0.5 26 -2 4 1 27 3 0 1.5 28 -3 -4 0.5 29 6 3 1 30 4 -1 1.5 31 4 -5 0.5 32 6 2 1 33 -3 -2 1.5 34 3 5 0.5 35 -2 1 1 36 -5 -3 1.5 37 -6 4 0.5 38 -5 0 1 39 -2 -4 1.5 40 3 3 0.5 41 -3 -1 1 42 6 -5 1.5 43 4 2 0.5 44 4 -2 1 45 6 5 1.5 46 -3 1 0.5 47 3 -3 1 48 -2 4 1.5 49 -5 0 0.5 50 -6 -4 1 51 -5 3 1.5 52 -2 -1 0.5 53 3 -5 1 54 -3 2 1.5 55 6 -2 0.5 56 4 5 1 57 4 1 1.5 58 6 -3 0.5 59 -3 4 1 60 3 0 1.5 61 -2 -4 0.5 62 -5 3 1 63 -6 -1 1.5 64 -5 -5 0.5 65 -2 2 1 66 3 -2 1.5 67 -3 5 0.5 68 6 1 1 69 4 -3 1.5 70 4 4 0.5 -2 18 -1 18 0 1 1 18 2 1 3 18 4 18 R 0 0 | unclamped_nonuniform_d18_remove_existing R 1 0 18 0 73 7 -1 3 -1 -3 -5/2 1/2 -1 -5 2 1 0 -3 -3 3/2 1/2 3/2 5/2 1/2 2 -3 1 1 9/2 9 -9/2 3/2 2 2 2 1/2 5 4 0 1 9 9 -6 3/2 7/2 -3/2 3/2 1/2 8 3 -1 1 27/2 -3 -15/2 3/2 5 -5/2 1 1/2 11 -6 -2 1 18 -15/2 15/2 3/2 13/2 -1 1/2 1/2 14 3 -3 1 45/2 -9/2 6 3/2 8 3 0 1/2 17 4 -4 1 27 6 9/2 3/2 19/2 3 -1/2 1/2 20 -3 -5 1 63/2 9/2 3 3/2 11 -1 -1 1/2 23 -5 5 1 36 -9 3/2 3/2 25/2 -5/2 -3/2 1/2 26 -2 4 1 81/2 9/2 0 3/2 14 -3/2 -2 1/2 29 6 3 1 45 6 -3/2 3/2 31/2 2 -5/2 1/2 32 6 2 1 99/2 -9/2 -3 3/2 17 3/2 5/2 1/2 35 -2 1 1 54 -15/2 -9/2 3/2 37/2 -3 2 1/2 38 -5 0 1 117/2 -3 -6 3/2 20 3/2 3/2 1/2 41 -3 -1 1 63 9 -15/2 3/2 43/2 2 1 1/2 44 4 -2 1 135/2 9 15/2 3/2 23 -3/2 1/2 1/2 47 3 -3 1 72 -3 6 3/2 49/2 -5/2 0 1/2 50 -6 -4 1 153/2 -15/2 9/2 3/2 26 -1 -1/2 1/2 53 3 -5 1 81 -9/2 3 3/2 55/2 3 -1 1/2 56 4 5 1 171/2 6 3/2 3/2 29 3 -3/2 1/2 59 -3 4 1 90 9/2 0 3/2 61/2 -1 -2 1/2 62 -5 3 1 189/2 -9 -3/2 3/2 32 -5/2 -5/2 1/2 65 -2 2 1 99 9/2 -3 3/2 67/2 -3/2 5/2 1/2 68 6 1 1 207/2 6 -9/2 3/2 35 2 2 1/2 -2 18 -1 18 0 1 1 18 2 1 3 18 4 18
unclamped_nonuniform_d18_domain_ends S 18 73 7 2 -2 -6 -5 0.5 -1 -5 2 1 0 -2 -2 1.5 1 3 5 0.5 2 -3 1 1 3 6 -3 1.5 4 4 4 0.5 5 4 0 1 6 6 -4 1.5 7 -3 3 0.5 8 3 -1 1 9 -2 -5 1.5 10 -5 2 0.5 11 -6 -2 1 12 -5 5 1.5 13 -2 1 0.5 14 3 -3 1 15 -3 4 1.5 16 6 0 0.5 17 4 -4 1 18 4 3 1.5 19 6 -1 0.5 20 -3 -5 1 21 3 2 1.5 22 -2 -2 0.5 23 -5 5 1 24 -6 1 1.5 25 -5 -3 0.5 26 -2 4 1 27 3 0 1.5 28 -3 -4 0.5 29 6 3 1 30 4 -1 1.5 31 4 -5 0.5 32 6 2 1 33 -3 -2 1.5 34 3 5 0.5 35 -2 1 1 36 -5 -3 1.5 37 -6 4 0.5 38 -5 0 1 39 -2 -4 1.5 40 3 3 0.5 41 -3 -1 1 42 6 -5 1.5 43 4 2 0.5 44 4 -2 1 45 6 5 1.5 46 -3 1 0.5 47 3 -3 1 48 -2 4 1.5 49 -5 0 0.5 50 -6 -4 1 51 -5 3 1.5 52 -2 -1 0.5 53 3 -5 1 54 -3 2 1.5 55 6 -2 0.5 56 4 5 1 57 4 1 1.5 58 6 -3 0.5 59 -3 4 1 60 3 0 1.5 61 -2 -4 0.5 62 -5 3 1 63 -6 -1 1.5 64 -5 -5 0.5 65 -2 2 1 66 3 -2 1.5 67 -3 5 0.5 68 6 1 1 69 4 -3 1.5 70 4 4 0.5 -2 18 -1 18 0 1 1 18 2 1 3 18 4 18 I -1 18 I 3 18 | unclamped_nonuniform_d18_domain_ends R 2 1 1 18 0 73 7 -1 3 -1 -3 -5/2 1/2 -1 -5 2 1 0 -3 -3 3/2 1/2 3/2 5/2 1/2 2 -3 1 1 9/2 9 -9/2 3/2 2 2 2 1/2 5 4 0 1 9 9 -6 3/2 7/2 -3/2 3/2 1/2 8 3 -1 1 27/2 -3 -15/2 3/2 5 -5/2 1 1/2 11 -6 -2 1 18 -15/2 15/2 3/2 13/2 -1 1/2 1/2 14 3 -3 1 45/2 -9/2 6 3/2 8 3 0 1/2 17 4 -4 1 27 6 9/2 3/2 19/2 3 -1/2 1/2 20 -3 -5 1 63/2 9/2 3 3/2 11 -1 -1 1/2 23 -5 5 1 36 -9 3/2 3/2 25/2 -5/2 -3/2 1/2 26 -2 4 1 81/2 9/2 0 3/2 14 -3/2 -2 1/2 29 6 3 1 45 6 -3/2 3/2 31/2 2 -5/2 1/2 32 6 2 1 99/2 -9/2 -3 3/2 17 3/2 5/2 1/2 35 -2 1 1 54 -15/2 -9/2 3/2 37/2 -3 2 1/2 38 -5 0 1 117/2 -3 -6 3/2 20 3/2 3/2 1/2 41 -3 -1 1 63 9 -15/2 3/2 43/2 2 1 1/2 44 4 -2 1 135/2 9 15/2 3/2 23 -3/2 1/2 1/2 47 3 -3 1 72 -3 6 3/2 49/2 -5/2 0 1/2 50 -6 -4 1 153/2 -15/2 9/2 3/2 26 -1 -1/2 1/2 53 3 -5 1 81 -9/2 3 3/2 55/2 3 -1 1/2 56 4 5 1 171/2 6 3/2 3/2 29 3 -3/2 1/2 59 -3 4 1 90 9/2 0 3/2 61/2 -1 -2 1/2 62 -5 3 1 189/2 -9 -3/2 3/2 32 -5/2 -5/2 1/2 65 -2 2 1 99 9/2 -3 3/2 67/2 -3/2 5/2 1/2 68 6 1 1 207/2 6 -9/2 3/2 35 2 2 1/2 -2 18 -1 18 0 1 1 18 2 1 3 18 4 18
constant_periodic_d18_identity P 18 21 22 0 2 -3 5 1 2 -3 5 1 2 -3 5 1 2 -3 5 1 2 -3 5 1 2 -3 5 1 2 -3 5 1 2 -3 5 1 2 -3 5 1 2 -3 5 1 2 -3 5 1 2 -3 5 1 2 -3 5 1 2 -3 5 1 2 -3 5 1 2 -3 5 1 2 -3 5 1 2 -3 5 1 2 -3 5 1 2 -3 5 1 2 -3 5 1 0 1 1 1 2 1 3 1 4 1 5 1 6 1 7 1 8 1 9 1 10 1 11 1 12 1 13 1 14 1 15 1 16 1 17 1 18 1 19 1 20 1 21 1 | constant_periodic_d18_identity R 0 18 1 21 22 0 21 2 -3 5 1 2 -3 5 1 2 -3 5 1 2 -3 5 1 2 -3 5 1 2 -3 5 1 2 -3 5 1 2 -3 5 1 2 -3 5 1 2 -3 5 1 2 -3 5 1 2 -3 5 1 2 -3 5 1 2 -3 5 1 2 -3 5 1 2 -3 5 1 2 -3 5 1 2 -3 5 1 2 -3 5 1 2 -3 5 1 2 -3 5 1 0 1 1 1 2 1 3 1 4 1 5 1 6 1 7 1 8 1 9 1 10 1 11 1 12 1 13 1 14 1 15 1 16 1 17 1 18 1 19 1 20 1 21 1
constant_periodic_d18_insert P 18 21 22 1 2 -3 5 1 2 -3 5 1 2 -3 5 1 2 -3 5 1 2 -3 5 1 2 -3 5 1 2 -3 5 1 2 -3 5 1 2 -3 5 1 2 -3 5 1 2 -3 5 1 2 -3 5 1 2 -3 5 1 2 -3 5 1 2 -3 5 1 2 -3 5 1 2 -3 5 1 2 -3 5 1 2 -3 5 1 2 -3 5 1 2 -3 5 1 0 1 1 1 2 1 3 1 4 1 5 1 6 1 7 1 8 1 9 1 10 1 11 1 12 1 13 1 14 1 15 1 16 1 17 1 18 1 19 1 20 1 21 1 I 0.25 18 | constant_periodic_d18_insert R 1 1 18 1 39 23 0 21 2 -3 5 1 2 -3 5 1 2 -3 5 1 2 -3 5 1 2 -3 5 1 2 -3 5 1 2 -3 5 1 2 -3 5 1 2 -3 5 1 2 -3 5 1 2 -3 5 1 2 -3 5 1 2 -3 5 1 2 -3 5 1 2 -3 5 1 2 -3 5 1 2 -3 5 1 2 -3 5 1 2 -3 5 1 2 -3 5 1 2 -3 5 1 2 -3 5 1 2 -3 5 1 2 -3 5 1 2 -3 5 1 2 -3 5 1 2 -3 5 1 2 -3 5 1 2 -3 5 1 2 -3 5 1 2 -3 5 1 2 -3 5 1 2 -3 5 1 2 -3 5 1 2 -3 5 1 2 -3 5 1 2 -3 5 1 2 -3 5 1 2 -3 5 1 0 1 1/4 18 1 1 2 1 3 1 4 1 5 1 6 1 7 1 8 1 9 1 10 1 11 1 12 1 13 1 14 1 15 1 16 1 17 1 18 1 19 1 20 1 21 1
constant_periodic_d18_sequence P 18 21 22 4 2 -3 5 1 2 -3 5 1 2 -3 5 1 2 -3 5 1 2 -3 5 1 2 -3 5 1 2 -3 5 1 2 -3 5 1 2 -3 5 1 2 -3 5 1 2 -3 5 1 2 -3 5 1 2 -3 5 1 2 -3 5 1 2 -3 5 1 2 -3 5 1 2 -3 5 1 2 -3 5 1 2 -3 5 1 2 -3 5 1 2 -3 5 1 0 1 1 1 2 1 3 1 4 1 5 1 6 1 7 1 8 1 9 1 10 1 11 1 12 1 13 1 14 1 15 1 16 1 17 1 18 1 19 1 20 1 21 1 I 0.75 1 I 0.25 18 I 0.75 18 I 0.25 1 | constant_periodic_d18_sequence R 4 1 1 1 1 18 1 57 24 0 21 2 -3 5 1 2 -3 5 1 2 -3 5 1 2 -3 5 1 2 -3 5 1 2 -3 5 1 2 -3 5 1 2 -3 5 1 2 -3 5 1 2 -3 5 1 2 -3 5 1 2 -3 5 1 2 -3 5 1 2 -3 5 1 2 -3 5 1 2 -3 5 1 2 -3 5 1 2 -3 5 1 2 -3 5 1 2 -3 5 1 2 -3 5 1 2 -3 5 1 2 -3 5 1 2 -3 5 1 2 -3 5 1 2 -3 5 1 2 -3 5 1 2 -3 5 1 2 -3 5 1 2 -3 5 1 2 -3 5 1 2 -3 5 1 2 -3 5 1 2 -3 5 1 2 -3 5 1 2 -3 5 1 2 -3 5 1 2 -3 5 1 2 -3 5 1 2 -3 5 1 2 -3 5 1 2 -3 5 1 2 -3 5 1 2 -3 5 1 2 -3 5 1 2 -3 5 1 2 -3 5 1 2 -3 5 1 2 -3 5 1 2 -3 5 1 2 -3 5 1 2 -3 5 1 2 -3 5 1 2 -3 5 1 2 -3 5 1 2 -3 5 1 2 -3 5 1 0 1 1/4 18 3/4 18 1 1 2 1 3 1 4 1 5 1 6 1 7 1 8 1 9 1 10 1 11 1 12 1 13 1 14 1 15 1 16 1 17 1 18 1 19 1 20 1 21 1
constant_periodic_d18_roundtrip P 18 21 22 2 2 -3 5 1 2 -3 5 1 2 -3 5 1 2 -3 5 1 2 -3 5 1 2 -3 5 1 2 -3 5 1 2 -3 5 1 2 -3 5 1 2 -3 5 1 2 -3 5 1 2 -3 5 1 2 -3 5 1 2 -3 5 1 2 -3 5 1 2 -3 5 1 2 -3 5 1 2 -3 5 1 2 -3 5 1 2 -3 5 1 2 -3 5 1 0 1 1 1 2 1 3 1 4 1 5 1 6 1 7 1 8 1 9 1 10 1 11 1 12 1 13 1 14 1 15 1 16 1 17 1 18 1 19 1 20 1 21 1 I 0.25 1 R 0.25 0 | constant_periodic_d18_roundtrip R 2 1 1 18 1 21 22 0 21 2 -3 5 1 2 -3 5 1 2 -3 5 1 2 -3 5 1 2 -3 5 1 2 -3 5 1 2 -3 5 1 2 -3 5 1 2 -3 5 1 2 -3 5 1 2 -3 5 1 2 -3 5 1 2 -3 5 1 2 -3 5 1 2 -3 5 1 2 -3 5 1 2 -3 5 1 2 -3 5 1 2 -3 5 1 2 -3 5 1 2 -3 5 1 0 1 1 1 2 1 3 1 4 1 5 1 6 1 7 1 8 1 9 1 10 1 11 1 12 1 13 1 14 1 15 1 16 1 17 1 18 1 19 1 20 1 21 1
constant_periodic_d18_full_roundtrip P 18 21 22 2 2 -3 5 1 2 -3 5 1 2 -3 5 1 2 -3 5 1 2 -3 5 1 2 -3 5 1 2 -3 5 1 2 -3 5 1 2 -3 5 1 2 -3 5 1 2 -3 5 1 2 -3 5 1 2 -3 5 1 2 -3 5 1 2 -3 5 1 2 -3 5 1 2 -3 5 1 2 -3 5 1 2 -3 5 1 2 -3 5 1 2 -3 5 1 0 1 1 1 2 1 3 1 4 1 5 1 6 1 7 1 8 1 9 1 10 1 11 1 12 1 13 1 14 1 15 1 16 1 17 1 18 1 19 1 20 1 21 1 I 0.25 18 R 0.25 0 | constant_periodic_d18_full_roundtrip R 2 1 1 18 1 21 22 0 21 2 -3 5 1 2 -3 5 1 2 -3 5 1 2 -3 5 1 2 -3 5 1 2 -3 5 1 2 -3 5 1 2 -3 5 1 2 -3 5 1 2 -3 5 1 2 -3 5 1 2 -3 5 1 2 -3 5 1 2 -3 5 1 2 -3 5 1 2 -3 5 1 2 -3 5 1 2 -3 5 1 2 -3 5 1 2 -3 5 1 2 -3 5 1 0 1 1 1 2 1 3 1 4 1 5 1 6 1 7 1 8 1 9 1 10 1 11 1 12 1 13 1 14 1 15 1 16 1 17 1 18 1 19 1 20 1 21 1
constant_periodic_d18_remove_existing P 18 21 22 1 2 -3 5 1 2 -3 5 1 2 -3 5 1 2 -3 5 1 2 -3 5 1 2 -3 5 1 2 -3 5 1 2 -3 5 1 2 -3 5 1 2 -3 5 1 2 -3 5 1 2 -3 5 1 2 -3 5 1 2 -3 5 1 2 -3 5 1 2 -3 5 1 2 -3 5 1 2 -3 5 1 2 -3 5 1 2 -3 5 1 2 -3 5 1 0 1 1 1 2 1 3 1 4 1 5 1 6 1 7 1 8 1 9 1 10 1 11 1 12 1 13 1 14 1 15 1 16 1 17 1 18 1 19 1 20 1 21 1 R 1 0 | constant_periodic_d18_remove_existing R 1 1 18 1 20 21 0 21 2 -3 5 1 2 -3 5 1 2 -3 5 1 2 -3 5 1 2 -3 5 1 2 -3 5 1 2 -3 5 1 2 -3 5 1 2 -3 5 1 2 -3 5 1 2 -3 5 1 2 -3 5 1 2 -3 5 1 2 -3 5 1 2 -3 5 1 2 -3 5 1 2 -3 5 1 2 -3 5 1 2 -3 5 1 2 -3 5 1 0 1 2 1 3 1 4 1 5 1 6 1 7 1 8 1 9 1 10 1 11 1 12 1 13 1 14 1 15 1 16 1 17 1 18 1 19 1 20 1 21 1
constant_periodic_d18_seam P 18 21 22 2 2 -3 5 1 2 -3 5 1 2 -3 5 1 2 -3 5 1 2 -3 5 1 2 -3 5 1 2 -3 5 1 2 -3 5 1 2 -3 5 1 2 -3 5 1 2 -3 5 1 2 -3 5 1 2 -3 5 1 2 -3 5 1 2 -3 5 1 2 -3 5 1 2 -3 5 1 2 -3 5 1 2 -3 5 1 2 -3 5 1 2 -3 5 1 0 1 1 1 2 1 3 1 4 1 5 1 6 1 7 1 8 1 9 1 10 1 11 1 12 1 13 1 14 1 15 1 16 1 17 1 18 1 19 1 20 1 21 1 I 0 18 I 21 18 | constant_periodic_d18_seam R 2 1 1 18 1 38 22 0 21 2 -3 5 1 2 -3 5 1 2 -3 5 1 2 -3 5 1 2 -3 5 1 2 -3 5 1 2 -3 5 1 2 -3 5 1 2 -3 5 1 2 -3 5 1 2 -3 5 1 2 -3 5 1 2 -3 5 1 2 -3 5 1 2 -3 5 1 2 -3 5 1 2 -3 5 1 2 -3 5 1 2 -3 5 1 2 -3 5 1 2 -3 5 1 2 -3 5 1 2 -3 5 1 2 -3 5 1 2 -3 5 1 2 -3 5 1 2 -3 5 1 2 -3 5 1 2 -3 5 1 2 -3 5 1 2 -3 5 1 2 -3 5 1 2 -3 5 1 2 -3 5 1 2 -3 5 1 2 -3 5 1 2 -3 5 1 2 -3 5 1 0 18 1 1 2 1 3 1 4 1 5 1 6 1 7 1 8 1 9 1 10 1 11 1 12 1 13 1 14 1 15 1 16 1 17 1 18 1 19 1 20 1 21 18
constant_periodic_d18_seam_roundtrip P 18 21 22 2 2 -3 5 1 2 -3 5 1 2 -3 5 1 2 -3 5 1 2 -3 5 1 2 -3 5 1 2 -3 5 1 2 -3 5 1 2 -3 5 1 2 -3 5 1 2 -3 5 1 2 -3 5 1 2 -3 5 1 2 -3 5 1 2 -3 5 1 2 -3 5 1 2 -3 5 1 2 -3 5 1 2 -3 5 1 2 -3 5 1 2 -3 5 1 0 1 1 1 2 1 3 1 4 1 5 1 6 1 7 1 8 1 9 1 10 1 11 1 12 1 13 1 14 1 15 1 16 1 17 1 18 1 19 1 20 1 21 1 I 21 18 R 0 1 | constant_periodic_d18_seam_roundtrip R 2 1 1 18 1 21 22 0 21 2 -3 5 1 2 -3 5 1 2 -3 5 1 2 -3 5 1 2 -3 5 1 2 -3 5 1 2 -3 5 1 2 -3 5 1 2 -3 5 1 2 -3 5 1 2 -3 5 1 2 -3 5 1 2 -3 5 1 2 -3 5 1 2 -3 5 1 2 -3 5 1 2 -3 5 1 2 -3 5 1 2 -3 5 1 2 -3 5 1 2 -3 5 1 0 1 1 1 2 1 3 1 4 1 5 1 6 1 7 1 8 1 9 1 10 1 11 1 12 1 13 1 14 1 15 1 16 1 17 1 18 1 19 1 20 1 21 1
constant_periodic_d18_remove_origin P 18 21 22 1 2 -3 5 1 2 -3 5 1 2 -3 5 1 2 -3 5 1 2 -3 5 1 2 -3 5 1 2 -3 5 1 2 -3 5 1 2 -3 5 1 2 -3 5 1 2 -3 5 1 2 -3 5 1 2 -3 5 1 2 -3 5 1 2 -3 5 1 2 -3 5 1 2 -3 5 1 2 -3 5 1 2 -3 5 1 2 -3 5 1 2 -3 5 1 0 1 1 1 2 1 3 1 4 1 5 1 6 1 7 1 8 1 9 1 10 1 11 1 12 1 13 1 14 1 15 1 16 1 17 1 18 1 19 1 20 1 21 1 R 0 0 | constant_periodic_d18_remove_origin R 1 1 18 1 20 21 1 22 2 -3 5 1 2 -3 5 1 2 -3 5 1 2 -3 5 1 2 -3 5 1 2 -3 5 1 2 -3 5 1 2 -3 5 1 2 -3 5 1 2 -3 5 1 2 -3 5 1 2 -3 5 1 2 -3 5 1 2 -3 5 1 2 -3 5 1 2 -3 5 1 2 -3 5 1 2 -3 5 1 2 -3 5 1 2 -3 5 1 1 1 2 1 3 1 4 1 5 1 6 1 7 1 8 1 9 1 10 1 11 1 12 1 13 1 14 1 15 1 16 1 17 1 18 1 19 1 20 1 22 1
constant_periodic_d18_remove_end_alias P 18 21 22 1 2 -3 5 1 2 -3 5 1 2 -3 5 1 2 -3 5 1 2 -3 5 1 2 -3 5 1 2 -3 5 1 2 -3 5 1 2 -3 5 1 2 -3 5 1 2 -3 5 1 2 -3 5 1 2 -3 5 1 2 -3 5 1 2 -3 5 1 2 -3 5 1 2 -3 5 1 2 -3 5 1 2 -3 5 1 2 -3 5 1 2 -3 5 1 0 1 1 1 2 1 3 1 4 1 5 1 6 1 7 1 8 1 9 1 10 1 11 1 12 1 13 1 14 1 15 1 16 1 17 1 18 1 19 1 20 1 21 1 R 21 0 | constant_periodic_d18_remove_end_alias R 1 1 18 1 20 21 1 22 2 -3 5 1 2 -3 5 1 2 -3 5 1 2 -3 5 1 2 -3 5 1 2 -3 5 1 2 -3 5 1 2 -3 5 1 2 -3 5 1 2 -3 5 1 2 -3 5 1 2 -3 5 1 2 -3 5 1 2 -3 5 1 2 -3 5 1 2 -3 5 1 2 -3 5 1 2 -3 5 1 2 -3 5 1 2 -3 5 1 1 1 2 1 3 1 4 1 5 1 6 1 7 1 8 1 9 1 10 1 11 1 12 1 13 1 14 1 15 1 16 1 17 1 18 1 19 1 20 1 22 1
unclamped_nonuniform_d19_identity S 19 77 7 0 -2 -6 -5 0.5 -1 -5 2 1 0 -2 -2 1.5 1 3 5 0.5 2 -3 1 1 3 6 -3 1.5 4 4 4 0.5 5 4 0 1 6 6 -4 1.5 7 -3 3 0.5 8 3 -1 1 9 -2 -5 1.5 10 -5 2 0.5 11 -6 -2 1 12 -5 5 1.5 13 -2 1 0.5 14 3 -3 1 15 -3 4 1.5 16 6 0 0.5 17 4 -4 1 18 4 3 1.5 19 6 -1 0.5 20 -3 -5 1 21 3 2 1.5 22 -2 -2 0.5 23 -5 5 1 24 -6 1 1.5 25 -5 -3 0.5 26 -2 4 1 27 3 0 1.5 28 -3 -4 0.5 29 6 3 1 30 4 -1 1.5 31 4 -5 0.5 32 6 2 1 33 -3 -2 1.5 34 3 5 0.5 35 -2 1 1 36 -5 -3 1.5 37 -6 4 0.5 38 -5 0 1 39 -2 -4 1.5 40 3 3 0.5 41 -3 -1 1 42 6 -5 1.5 43 4 2 0.5 44 4 -2 1 45 6 5 1.5 46 -3 1 0.5 47 3 -3 1 48 -2 4 1.5 49 -5 0 0.5 50 -6 -4 1 51 -5 3 1.5 52 -2 -1 0.5 53 3 -5 1 54 -3 2 1.5 55 6 -2 0.5 56 4 5 1 57 4 1 1.5 58 6 -3 0.5 59 -3 4 1 60 3 0 1.5 61 -2 -4 0.5 62 -5 3 1 63 -6 -1 1.5 64 -5 -5 0.5 65 -2 2 1 66 3 -2 1.5 67 -3 5 0.5 68 6 1 1 69 4 -3 1.5 70 4 4 0.5 71 6 0 1 72 -3 -4 1.5 73 3 3 0.5 74 -2 -1 1 -2 19 -1 19 0 1 1 19 2 1 3 19 4 19 | unclamped_nonuniform_d19_identity R 0 19 0 77 7 -1 3 -1 -3 -5/2 1/2 -1 -5 2 1 0 -3 -3 3/2 1/2 3/2 5/2 1/2 2 -3 1 1 9/2 9 -9/2 3/2 2 2 2 1/2 5 4 0 1 9 9 -6 3/2 7/2 -3/2 3/2 1/2 8 3 -1 1 27/2 -3 -15/2 3/2 5 -5/2 1 1/2 11 -6 -2 1 18 -15/2 15/2 3/2 13/2 -1 1/2 1/2 14 3 -3 1 45/2 -9/2 6 3/2 8 3 0 1/2 17 4 -4 1 27 6 9/2 3/2 19/2 3 -1/2 1/2 20 -3 -5 1 63/2 9/2 3 3/2 11 -1 -1 1/2 23 -5 5 1 36 -9 3/2 3/2 25/2 -5/2 -3/2 1/2 26 -2 4 1 81/2 9/2 0 3/2 14 -3/2 -2 1/2 29 6 3 1 45 6 -3/2 3/2 31/2 2 -5/2 1/2 32 6 2 1 99/2 -9/2 -3 3/2 17 3/2 5/2 1/2 35 -2 1 1 54 -15/2 -9/2 3/2 37/2 -3 2 1/2 38 -5 0 1 117/2 -3 -6 3/2 20 3/2 3/2 1/2 41 -3 -1 1 63 9 -15/2 3/2 43/2 2 1 1/2 44 4 -2 1 135/2 9 15/2 3/2 23 -3/2 1/2 1/2 47 3 -3 1 72 -3 6 3/2 49/2 -5/2 0 1/2 50 -6 -4 1 153/2 -15/2 9/2 3/2 26 -1 -1/2 1/2 53 3 -5 1 81 -9/2 3 3/2 55/2 3 -1 1/2 56 4 5 1 171/2 6 3/2 3/2 29 3 -3/2 1/2 59 -3 4 1 90 9/2 0 3/2 61/2 -1 -2 1/2 62 -5 3 1 189/2 -9 -3/2 3/2 32 -5/2 -5/2 1/2 65 -2 2 1 99 9/2 -3 3/2 67/2 -3/2 5/2 1/2 68 6 1 1 207/2 6 -9/2 3/2 35 2 2 1/2 71 6 0 1 108 -9/2 -6 3/2 73/2 3/2 3/2 1/2 74 -2 -1 1 -2 19 -1 19 0 1 1 19 2 1 3 19 4 19
unclamped_nonuniform_d19_insert S 19 77 7 1 -2 -6 -5 0.5 -1 -5 2 1 0 -2 -2 1.5 1 3 5 0.5 2 -3 1 1 3 6 -3 1.5 4 4 4 0.5 5 4 0 1 6 6 -4 1.5 7 -3 3 0.5 8 3 -1 1 9 -2 -5 1.5 10 -5 2 0.5 11 -6 -2 1 12 -5 5 1.5 13 -2 1 0.5 14 3 -3 1 15 -3 4 1.5 16 6 0 0.5 17 4 -4 1 18 4 3 1.5 19 6 -1 0.5 20 -3 -5 1 21 3 2 1.5 22 -2 -2 0.5 23 -5 5 1 24 -6 1 1.5 25 -5 -3 0.5 26 -2 4 1 27 3 0 1.5 28 -3 -4 0.5 29 6 3 1 30 4 -1 1.5 31 4 -5 0.5 32 6 2 1 33 -3 -2 1.5 34 3 5 0.5 35 -2 1 1 36 -5 -3 1.5 37 -6 4 0.5 38 -5 0 1 39 -2 -4 1.5 40 3 3 0.5 41 -3 -1 1 42 6 -5 1.5 43 4 2 0.5 44 4 -2 1 45 6 5 1.5 46 -3 1 0.5 47 3 -3 1 48 -2 4 1.5 49 -5 0 0.5 50 -6 -4 1 51 -5 3 1.5 52 -2 -1 0.5 53 3 -5 1 54 -3 2 1.5 55 6 -2 0.5 56 4 5 1 57 4 1 1.5 58 6 -3 0.5 59 -3 4 1 60 3 0 1.5 61 -2 -4 0.5 62 -5 3 1 63 -6 -1 1.5 64 -5 -5 0.5 65 -2 2 1 66 3 -2 1.5 67 -3 5 0.5 68 6 1 1 69 4 -3 1.5 70 4 4 0.5 71 6 0 1 72 -3 -4 1.5 73 3 3 0.5 74 -2 -1 1 -2 19 -1 19 0 1 1 19 2 1 3 19 4 19 I -0.75 19 | unclamped_nonuniform_d19_insert R 1 1 19 0 96 8 -1 3 -1 -3 -5/2 1/2 -1 -5 2 1 0 -3 -3 3/2 1/2 3/2 5/2 1/2 2 -3 1 1 9/2 9 -9/2 3/2 2 2 2 1/2 5 4 0 1 9 9 -6 3/2 7/2 -3/2 3/2 1/2 8 3 -1 1 27/2 -3 -15/2 3/2 5 -5/2 1 1/2 11 -6 -2 1 18 -15/2 15/2 3/2 13/2 -1 1/2 1/2 14 3 -3 1 45/2 -9/2 6 3/2 8 3 0 1/2 41/4 13/4 -1 5/8 49/4 7/2 -95/64 47/64 7145/512 955/256 -837/512 423/512 62909/4096 2011/512 -3237/2048 461/512 539945/32768 133805/32768 -723/512 31399/32768 4546375/262144 1099299/262144 -312165/262144 262539/262144 2358109/131072 8928541/2097152 -2006883/2097152 1082521/1048576 38712365/2097152 71761057/16777216 -12340587/16777216 17666129/16777216 2521282433/134217728 571322239/134217728 -72589037/134217728 142994295/134217728 20401538099/1073741824 4510084885/1073741824 -203746317/536870912 71903359/67108864 164362136399/8589934592 17667190529/4294967296 -1087837137/4294967296 9214836019/8589934592 1320142466287/68719476736 274966182169/68719476736 -11037195407/68719476736 73574815815/68719476736 5291109792203/274877906944 265862585315/68719476736 -53882468725/549755813888 293092929541/274877906944 42363588206057/2199023255552 8181687572933/2199023255552 -268122132847/4398046511104 4663945909397/4398046511104 677993888123669/35184372088832 125279622141363/35184372088832 -1567753064461/35184372088832 37081102670307/35184372088832 5424777189789905/281474976710656 59679425738559/17592186044416 -6180275658165/140737488355328 2302640486135/2199023255552 43413910217868293/2251799813685248 7247509451538885/2251799813685248 -30653028713319/562949953421312 2342894562864223/2251799813685248 347582310076456519/18014398509481984 6848452339648639/2251799813685248 -649010380584655/9007199254740992 18629731566633555/18014398509481984 696084771570015763/36028797018963968 412513350893039855/144115188075855872 -13425346866720371/144115188075855872 74102953466926369/72057594037927936 349422612910661969/18014398509481984 83787638589905183/36028797018963968 -5637222299704511/36028797018963968 2276719845878213/2251799813685248 89153284436596611/4503599627370496 4669704534214569/4503599627370496 -1700785795356933/4503599627370496 4420968207913889/4503599627370496 11858449929183571/562949953421312 -6535633781527/70368744177664 -138340831818859/562949953421312 563285687890977/562949953421312 1573567959658205/70368744177664 -36778154890955/35184372088832 63345885750163/70368744177664 36125683101719/35184372088832 195106180608885/8796093022208 -5936215148571/2199023255552 7949995106803/4398046511104 8569375705963/8796093022208 12843804454411/549755813888 -1305859682541/274877906944 2052228051043/1099511627776 1082092198833/1099511627776 882446642959/34359738368 -669048148059/137438953472 222686552559/137438953472 4523030131/4294967296 423995449143/17179869184 -25755571599/8589934592 13577884805/17179869184 16736366285/17179869184 53658194065/2147483648 -638460631/2147483648 2118724533/2147483648 2029332573/2147483648 7906235267/268435456 181067171/134217728 255773065/268435456 146243987/134217728 933769053/33554432 83833137/33554432 -2545847/8388608 33505327/33554432 26516735/1048576 12118333/4194304 210163/4194304 3640653/4194304 8764595/262144 2841779/524288 246535/524288 36863/32768 2154075/65536 286555/65536 -99489/65536 70793/65536 192367/8192 11751/4096 -8139/8192 6057/8192 37289/1024 713/256 597/1024 575/512 5397/128 -403/128 -111/64 163/128 77/4 17/16 37/16 9/16 35 -2 1 1 54 -15/2 -9/2 3/2 37/2 -3 2 1/2 38 -5 0 1 117/2 -3 -6 3/2 20 3/2 3/2 1/2 41 -3 -1 1 63 9 -15/2 3/2 43/2 2 1 1/2 44 4 -2 1 135/2 9 15/2 3/2 23 -3/2 1/2 1/2 47 3 -3 1 72 -3 6 3/2 49/2 -5/2 0 1/2 50 -6 -4 1 153/2 -15/2 9/2 3/2 26 -1 -1/2 1/2 53 3 -5 1 81 -9/2 3 3/2 55/2 3 -1 1/2 56 4 5 1 171/2 6 3/2 3/2 29 3 -3/2 1/2 59 -3 4 1 90 9/2 0 3/2 61/2 -1 -2 1/2 62 -5 3 1 189/2 -9 -3/2 3/2 32 -5/2 -5/2 1/2 65 -2 2 1 99 9/2 -3 3/2 67/2 -3/2 5/2 1/2 68 6 1 1 207/2 6 -9/2 3/2 35 2 2 1/2 71 6 0 1 108 -9/2 -6 3/2 73/2 3/2 3/2 1/2 74 -2 -1 1 -2 19 -1 19 -3/4 19 0 1 1 19 2 1 3 19 4 19
unclamped_nonuniform_d19_sequence S 19 77 7 4 -2 -6 -5 0.5 -1 -5 2 1 0 -2 -2 1.5 1 3 5 0.5 2 -3 1 1 3 6 -3 1.5 4 4 4 0.5 5 4 0 1 6 6 -4 1.5 7 -3 3 0.5 8 3 -1 1 9 -2 -5 1.5 10 -5 2 0.5 11 -6 -2 1 12 -5 5 1.5 13 -2 1 0.5 14 3 -3 1 15 -3 4 1.5 16 6 0 0.5 17 4 -4 1 18 4 3 1.5 19 6 -1 0.5 20 -3 -5 1 21 3 2 1.5 22 -2 -2 0.5 23 -5 5 1 24 -6 1 1.5 25 -5 -3 0.5 26 -2 4 1 27 3 0 1.5 28 -3 -4 0.5 29 6 3 1 30 4 -1 1.5 31 4 -5 0.5 32 6 2 1 33 -3 -2 1.5 34 3 5 0.5 35 -2 1 1 36 -5 -3 1.5 37 -6 4 0.5 38 -5 0 1 39 -2 -4 1.5 40 3 3 0.5 41 -3 -1 1 42 6 -5 1.5 43 4 2 0.5 44 4 -2 1 45 6 5 1.5 46 -3 1 0.5 47 3 -3 1 48 -2 4 1.5 49 -5 0 0.5 50 -6 -4 1 51 -5 3 1.5 52 -2 -1 0.5 53 3 -5 1 54 -3 2 1.5 55 6 -2 0.5 56 4 5 1 57 4 1 1.5 58 6 -3 0.5 59 -3 4 1 60 3 0 1.5 61 -2 -4 0.5 62 -5 3 1 63 -6 -1 1.5 64 -5 -5 0.5 65 -2 2 1 66 3 -2 1.5 67 -3 5 0.5 68 6 1 1 69 4 -3 1.5 70 4 4 0.5 71 6 0 1 72 -3 -4 1.5 73 3 3 0.5 74 -2 -1 1 -2 19 -1 19 0 1 1 19 2 1 3 19 4 19 I -0.25 1 I -0.75 19 I -0.25 19 I -0.75 1 | unclamped_nonuniform_d19_sequence R 4 1 1 1 1 19 0 115 9 -1 3 -1 -3 -5/2 1/2 -1 -5 2 1 0 -3 -3 3/2 1/2 3/2 5/2 1/2 2 -3 1 1 9/2 9 -9/2 3/2 2 2 2 1/2 5 4 0 1 9 9 -6 3/2 7/2 -3/2 3/2 1/2 8 3 -1 1 27/2 -3 -15/2 3/2 5 -5/2 1 1/2 11 -6 -2 1 18 -15/2 15/2 3/2 13/2 -1 1/2 1/2 14 3 -3 1 45/2 -9/2 6 3/2 8 3 0 1/2 41/4 13/4 -1 5/8 49/4 7/2 -95/64 47/64 7145/512 955/256 -837/512 423/512 62909/4096 2011/512 -3237/2048 461/512 539945/32768 133805/32768 -723/512 31399/32768 4546375/262144 1099299/262144 -312165/262144 262539/262144 2358109/131072 8928541/2097152 -2006883/2097152 1082521/1048576 38712365/2097152 71761057/16777216 -12340587/16777216 17666129/16777216 2521282433/134217728 571322239/134217728 -72589037/134217728 142994295/134217728 20401538099/1073741824 4510084885/1073741824 -203746317/536870912 71903359/67108864 164362136399/8589934592 17667190529/4294967296 -1087837137/4294967296 9214836019/8589934592 1320142466287/68719476736 274966182169/68719476736 -11037195407/68719476736 73574815815/68719476736 5291109792203/274877906944 265862585315/68719476736 -53882468725/549755813888 293092929541/274877906944 42363588206057/2199023255552 8181687572933/2199023255552 -268122132847/4398046511104 4663945909397/4398046511104 677993888123669/35184372088832 125279622141363/35184372088832 -1567753064461/35184372088832 37081102670307/35184372088832 5424777189789905/281474976710656 59679425738559/17592186044416 -6180275658165/140737488355328 2302640486135/2199023255552 43413910217868293/2251799813685248 7247509451538885/2251799813685248 -30653028713319/562949953421312 2342894562864223/2251799813685248 347582310076456519/18014398509481984 6848452339648639/2251799813685248 -649010380584655/9007199254740992 18629731566633555/18014398509481984 696084771570015763/36028797018963968 412513350893039855/144115188075855872 -13425346866720371/144115188075855872 74102953466926369/72057594037927936 697925074404221213/36028797018963968 360938153204093773/144115188075855872 -19507708421452153/144115188075855872 73271007867710667/72057594037927936 701277756238756163/36028797018963968 308371180781158503/144115188075855872 -27606830130668235/144115188075855872 72589970050547225/72057594037927936 706839787280395597/36028797018963968 256720119429768117/144115188075855872 -33608891006568321/144115188075855872 72148874036375539/72057594037927936 714372011974721459/36028797018963968 206662111336923039/144115188075855872 -34661543167733731/144115188075855872 71931296899292241/72057594037927936 723216933276408893/36028797018963968 157889494686630749/144115188075855872 -29558036558032841/144115188075855872 71871336957689051/72057594037927936 732700422278308195/36028797018963968 109572448570076311/144115188075855872 -18397694236183483/144115188075855872 71897132776830409/72057594037927936 742332449370908141/36028797018963968 60829187922947141/144115188075855872 -2112056986799185/144115188075855872 71953414491878787/72057594037927936 751848193140162131/36028797018963968 11075569702778191/144115188075855872 17940272204899245/144115188075855872 72007391076884609/72057594037927936 761161880800858717/36028797018963968 -39785398052231059/144115188075855872 40268300574585063/144115188075855872 72045262844013547/72057594037927936 770293812220503683/36028797018963968 -91320235480647737/144115188075855872 63444448497371221/144115188075855872 72065441983906425/72057594037927936 779306385778112909/36028797018963968 -142630222998548011/144115188075855872 86223396595434975/144115188075855872 72072169503531539/72057594037927936 788262849594169843/36028797018963968 -192482297849167361/144115188075855872 107603363571276861/144115188075855872 72071074983334321/72057594037927936 797208373560066941/36028797018963968 -239467263771258243/144115188075855872 126845180277579927/144115188075855872 72066829376047611/72057594037927936 806166744911939747/36028797018963968 -282155728164285961/144115188075855872 143461703198730597/144115188075855872 72062376153781289/72057594037927936 815145100178384941/36028797018963968 -319231927662484379/144115188075855872 157188203566833423/144115188075855872 72059073922762147/72057594037927936 824140919010693779/36028797018963968 -349594570548587089/144115188075855872 167942656961972685/144115188075855872 72057201811578849/72057594037927936 833148008429219741/36028797018963968 -372421156374294131/144115188075855872 175782985327955783/144115188075855872 72056484059932427/72057594037927936 842160290235828163/36028797018963968 -387197616659272921/144115188075855872 180866298182199157/144115188075855872 72056476675742425/72057594037927936 851173492142797261/36028797018963968 -393718576454781963/144115188075855872 183413255286353727/144115188075855872 72056785235161139/72057594037927936 427840046548140905/18014398509481984 -99244764088134121/36028797018963968 46171683459607753/36028797018963968 2251779359839703/2251799813685248 109776780998644425/4503599627370496 -12592565007170997/4503599627370496 5871365059725201/4503599627370496 4503631615183011/4503599627370496 14074075040783635/562949953421312 -174173061197463/70368744177664 687179563676117/562949953421312 562968861281377/562949953421312 1803138888942815/70368744177664 -62845407300489/35184372088832 74577093782689/70368744177664 35184027879557/35184372088832 230875024656045/8796093022208 -1775410332099/2199023255552 3786075625419/4398046511104 8795061639123/8796093022208 14775528938785/549755813888 84986613557/274877906944 718609775321/1099511627776 1099493577011/1099511627776 945233284975/34359738368 191380582421/137438953472 61379355007/137438953472 4296633961/4294967296 483187884045/17179869184 19956611811/8589934592 4068540519/17179869184 17183626239/17179869184 61664870905/2147483648 6579646129/2147483648 61118973/2147483648 2144874373/2147483648 7879811465/268435456 485319089/134217728 -44038709/268435456 134050193/134217728 1010439165/33554432 132071121/33554432 -2894007/8388608 33674127/33554432 32253725/1048576 16325247/4194304 -2284751/4194304 4218239/4194304 8105195/262144 1755579/524288 -371217/524288 32453/32768 2045985/65536 154353/65536 -41139/65536 64011/65536 273055/8192 4823/4096 -2363/8192 8377/8192 36755/1024 -57/256 -121/1024 557/512 4125/128 -171/128 9/64 123/128 95/4 3/16 31/16 11/16 35 -2 1 1 54 -15/2 -9/2 3/2 37/2 -3 2 1/2 38 -5 0 1 117/2 -3 -6 3/2 20 3/2 3/2 1/2 41 -3 -1 1 63 9 -15/2 3/2 43/2 2 1 1/2 44 4 -2 1 135/2 9 15/2 3/2 23 -3/2 1/2 1/2 47 3 -3 1 72 -3 6 3/2 49/2 -5/2 0 1/2 50 -6 -4 1 153/2 -15/2 9/2 3/2 26 -1 -1/2 1/2 53 3 -5 1 81 -9/2 3 3/2 55/2 3 -1 1/2 56 4 5 1 171/2 6 3/2 3/2 29 3 -3/2 1/2 59 -3 4 1 90 9/2 0 3/2 61/2 -1 -2 1/2 62 -5 3 1 189/2 -9 -3/2 3/2 32 -5/2 -5/2 1/2 65 -2 2 1 99 9/2 -3 3/2 67/2 -3/2 5/2 1/2 68 6 1 1 207/2 6 -9/2 3/2 35 2 2 1/2 71 6 0 1 108 -9/2 -6 3/2 73/2 3/2 3/2 1/2 74 -2 -1 1 -2 19 -1 19 -3/4 19 -1/4 19 0 1 1 19 2 1 3 19 4 19
unclamped_nonuniform_d19_roundtrip S 19 77 7 2 -2 -6 -5 0.5 -1 -5 2 1 0 -2 -2 1.5 1 3 5 0.5 2 -3 1 1 3 6 -3 1.5 4 4 4 0.5 5 4 0 1 6 6 -4 1.5 7 -3 3 0.5 8 3 -1 1 9 -2 -5 1.5 10 -5 2 0.5 11 -6 -2 1 12 -5 5 1.5 13 -2 1 0.5 14 3 -3 1 15 -3 4 1.5 16 6 0 0.5 17 4 -4 1 18 4 3 1.5 19 6 -1 0.5 20 -3 -5 1 21 3 2 1.5 22 -2 -2 0.5 23 -5 5 1 24 -6 1 1.5 25 -5 -3 0.5 26 -2 4 1 27 3 0 1.5 28 -3 -4 0.5 29 6 3 1 30 4 -1 1.5 31 4 -5 0.5 32 6 2 1 33 -3 -2 1.5 34 3 5 0.5 35 -2 1 1 36 -5 -3 1.5 37 -6 4 0.5 38 -5 0 1 39 -2 -4 1.5 40 3 3 0.5 41 -3 -1 1 42 6 -5 1.5 43 4 2 0.5 44 4 -2 1 45 6 5 1.5 46 -3 1 0.5 47 3 -3 1 48 -2 4 1.5 49 -5 0 0.5 50 -6 -4 1 51 -5 3 1.5 52 -2 -1 0.5 53 3 -5 1 54 -3 2 1.5 55 6 -2 0.5 56 4 5 1 57 4 1 1.5 58 6 -3 0.5 59 -3 4 1 60 3 0 1.5 61 -2 -4 0.5 62 -5 3 1 63 -6 -1 1.5 64 -5 -5 0.5 65 -2 2 1 66 3 -2 1.5 67 -3 5 0.5 68 6 1 1 69 4 -3 1.5 70 4 4 0.5 71 6 0 1 72 -3 -4 1.5 73 3 3 0.5 74 -2 -1 1 -2 19 -1 19 0 1 1 19 2 1 3 19 4 19 I -0.75 1 R -0.75 0 | unclamped_nonuniform_d19_roundtrip R 2 1 1 19 0 77 7 -1 3 -1 -3 -5/2 1/2 -1 -5 2 1 0 -3 -3 3/2 1/2 3/2 5/2 1/2 2 -3 1 1 9/2 9 -9/2 3/2 2 2 2 1/2 5 4 0 1 9 9 -6 3/2 7/2 -3/2 3/2 1/2 8 3 -1 1 27/2 -3 -15/2 3/2 5 -5/2 1 1/2 11 -6 -2 1 18 -15/2 15/2 3/2 13/2 -1 1/2 1/2 14 3 -3 1 45/2 -9/2 6 3/2 8 3 0 1/2 17 4 -4 1 27 6 9/2 3/2 19/2 3 -1/2 1/2 20 -3 -5 1 63/2 9/2 3 3/2 11 -1 -1 1/2 23 -5 5 1 36 -9 3/2 3/2 25/2 -5/2 -3/2 1/2 26 -2 4 1 81/2 9/2 0 3/2 14 -3/2 -2 1/2 29 6 3 1 45 6 -3/2 3/2 31/2 2 -5/2 1/2 32 6 2 1 99/2 -9/2 -3 3/2 17 3/2 5/2 1/2 35 -2 1 1 54 -15/2 -9/2 3/2 37/2 -3 2 1/2 38 -5 0 1 117/2 -3 -6 3/2 20 3/2 3/2 1/2 41 -3 -1 1 63 9 -15/2 3/2 43/2 2 1 1/2 44 4 -2 1 135/2 9 15/2 3/2 23 -3/2 1/2 1/2 47 3 -3 1 72 -3 6 3/2 49/2 -5/2 0 1/2 50 -6 -4 1 153/2 -15/2 9/2 3/2 26 -1 -1/2 1/2 53 3 -5 1 81 -9/2 3 3/2 55/2 3 -1 1/2 56 4 5 1 171/2 6 3/2 3/2 29 3 -3/2 1/2 59 -3 4 1 90 9/2 0 3/2 61/2 -1 -2 1/2 62 -5 3 1 189/2 -9 -3/2 3/2 32 -5/2 -5/2 1/2 65 -2 2 1 99 9/2 -3 3/2 67/2 -3/2 5/2 1/2 68 6 1 1 207/2 6 -9/2 3/2 35 2 2 1/2 71 6 0 1 108 -9/2 -6 3/2 73/2 3/2 3/2 1/2 74 -2 -1 1 -2 19 -1 19 0 1 1 19 2 1 3 19 4 19
unclamped_nonuniform_d19_full_roundtrip S 19 77 7 2 -2 -6 -5 0.5 -1 -5 2 1 0 -2 -2 1.5 1 3 5 0.5 2 -3 1 1 3 6 -3 1.5 4 4 4 0.5 5 4 0 1 6 6 -4 1.5 7 -3 3 0.5 8 3 -1 1 9 -2 -5 1.5 10 -5 2 0.5 11 -6 -2 1 12 -5 5 1.5 13 -2 1 0.5 14 3 -3 1 15 -3 4 1.5 16 6 0 0.5 17 4 -4 1 18 4 3 1.5 19 6 -1 0.5 20 -3 -5 1 21 3 2 1.5 22 -2 -2 0.5 23 -5 5 1 24 -6 1 1.5 25 -5 -3 0.5 26 -2 4 1 27 3 0 1.5 28 -3 -4 0.5 29 6 3 1 30 4 -1 1.5 31 4 -5 0.5 32 6 2 1 33 -3 -2 1.5 34 3 5 0.5 35 -2 1 1 36 -5 -3 1.5 37 -6 4 0.5 38 -5 0 1 39 -2 -4 1.5 40 3 3 0.5 41 -3 -1 1 42 6 -5 1.5 43 4 2 0.5 44 4 -2 1 45 6 5 1.5 46 -3 1 0.5 47 3 -3 1 48 -2 4 1.5 49 -5 0 0.5 50 -6 -4 1 51 -5 3 1.5 52 -2 -1 0.5 53 3 -5 1 54 -3 2 1.5 55 6 -2 0.5 56 4 5 1 57 4 1 1.5 58 6 -3 0.5 59 -3 4 1 60 3 0 1.5 61 -2 -4 0.5 62 -5 3 1 63 -6 -1 1.5 64 -5 -5 0.5 65 -2 2 1 66 3 -2 1.5 67 -3 5 0.5 68 6 1 1 69 4 -3 1.5 70 4 4 0.5 71 6 0 1 72 -3 -4 1.5 73 3 3 0.5 74 -2 -1 1 -2 19 -1 19 0 1 1 19 2 1 3 19 4 19 I -0.75 19 R -0.75 0 | unclamped_nonuniform_d19_full_roundtrip R 2 1 1 19 0 77 7 -1 3 -1 -3 -5/2 1/2 -1 -5 2 1 0 -3 -3 3/2 1/2 3/2 5/2 1/2 2 -3 1 1 9/2 9 -9/2 3/2 2 2 2 1/2 5 4 0 1 9 9 -6 3/2 7/2 -3/2 3/2 1/2 8 3 -1 1 27/2 -3 -15/2 3/2 5 -5/2 1 1/2 11 -6 -2 1 18 -15/2 15/2 3/2 13/2 -1 1/2 1/2 14 3 -3 1 45/2 -9/2 6 3/2 8 3 0 1/2 17 4 -4 1 27 6 9/2 3/2 19/2 3 -1/2 1/2 20 -3 -5 1 63/2 9/2 3 3/2 11 -1 -1 1/2 23 -5 5 1 36 -9 3/2 3/2 25/2 -5/2 -3/2 1/2 26 -2 4 1 81/2 9/2 0 3/2 14 -3/2 -2 1/2 29 6 3 1 45 6 -3/2 3/2 31/2 2 -5/2 1/2 32 6 2 1 99/2 -9/2 -3 3/2 17 3/2 5/2 1/2 35 -2 1 1 54 -15/2 -9/2 3/2 37/2 -3 2 1/2 38 -5 0 1 117/2 -3 -6 3/2 20 3/2 3/2 1/2 41 -3 -1 1 63 9 -15/2 3/2 43/2 2 1 1/2 44 4 -2 1 135/2 9 15/2 3/2 23 -3/2 1/2 1/2 47 3 -3 1 72 -3 6 3/2 49/2 -5/2 0 1/2 50 -6 -4 1 153/2 -15/2 9/2 3/2 26 -1 -1/2 1/2 53 3 -5 1 81 -9/2 3 3/2 55/2 3 -1 1/2 56 4 5 1 171/2 6 3/2 3/2 29 3 -3/2 1/2 59 -3 4 1 90 9/2 0 3/2 61/2 -1 -2 1/2 62 -5 3 1 189/2 -9 -3/2 3/2 32 -5/2 -5/2 1/2 65 -2 2 1 99 9/2 -3 3/2 67/2 -3/2 5/2 1/2 68 6 1 1 207/2 6 -9/2 3/2 35 2 2 1/2 71 6 0 1 108 -9/2 -6 3/2 73/2 3/2 3/2 1/2 74 -2 -1 1 -2 19 -1 19 0 1 1 19 2 1 3 19 4 19
unclamped_nonuniform_d19_remove_existing S 19 77 7 1 -2 -6 -5 0.5 -1 -5 2 1 0 -2 -2 1.5 1 3 5 0.5 2 -3 1 1 3 6 -3 1.5 4 4 4 0.5 5 4 0 1 6 6 -4 1.5 7 -3 3 0.5 8 3 -1 1 9 -2 -5 1.5 10 -5 2 0.5 11 -6 -2 1 12 -5 5 1.5 13 -2 1 0.5 14 3 -3 1 15 -3 4 1.5 16 6 0 0.5 17 4 -4 1 18 4 3 1.5 19 6 -1 0.5 20 -3 -5 1 21 3 2 1.5 22 -2 -2 0.5 23 -5 5 1 24 -6 1 1.5 25 -5 -3 0.5 26 -2 4 1 27 3 0 1.5 28 -3 -4 0.5 29 6 3 1 30 4 -1 1.5 31 4 -5 0.5 32 6 2 1 33 -3 -2 1.5 34 3 5 0.5 35 -2 1 1 36 -5 -3 1.5 37 -6 4 0.5 38 -5 0 1 39 -2 -4 1.5 40 3 3 0.5 41 -3 -1 1 42 6 -5 1.5 43 4 2 0.5 44 4 -2 1 45 6 5 1.5 46 -3 1 0.5 47 3 -3 1 48 -2 4 1.5 49 -5 0 0.5 50 -6 -4 1 51 -5 3 1.5 52 -2 -1 0.5 53 3 -5 1 54 -3 2 1.5 55 6 -2 0.5 56 4 5 1 57 4 1 1.5 58 6 -3 0.5 59 -3 4 1 60 3 0 1.5 61 -2 -4 0.5 62 -5 3 1 63 -6 -1 1.5 64 -5 -5 0.5 65 -2 2 1 66 3 -2 1.5 67 -3 5 0.5 68 6 1 1 69 4 -3 1.5 70 4 4 0.5 71 6 0 1 72 -3 -4 1.5 73 3 3 0.5 74 -2 -1 1 -2 19 -1 19 0 1 1 19 2 1 3 19 4 19 R 0 0 | unclamped_nonuniform_d19_remove_existing R 1 0 19 0 77 7 -1 3 -1 -3 -5/2 1/2 -1 -5 2 1 0 -3 -3 3/2 1/2 3/2 5/2 1/2 2 -3 1 1 9/2 9 -9/2 3/2 2 2 2 1/2 5 4 0 1 9 9 -6 3/2 7/2 -3/2 3/2 1/2 8 3 -1 1 27/2 -3 -15/2 3/2 5 -5/2 1 1/2 11 -6 -2 1 18 -15/2 15/2 3/2 13/2 -1 1/2 1/2 14 3 -3 1 45/2 -9/2 6 3/2 8 3 0 1/2 17 4 -4 1 27 6 9/2 3/2 19/2 3 -1/2 1/2 20 -3 -5 1 63/2 9/2 3 3/2 11 -1 -1 1/2 23 -5 5 1 36 -9 3/2 3/2 25/2 -5/2 -3/2 1/2 26 -2 4 1 81/2 9/2 0 3/2 14 -3/2 -2 1/2 29 6 3 1 45 6 -3/2 3/2 31/2 2 -5/2 1/2 32 6 2 1 99/2 -9/2 -3 3/2 17 3/2 5/2 1/2 35 -2 1 1 54 -15/2 -9/2 3/2 37/2 -3 2 1/2 38 -5 0 1 117/2 -3 -6 3/2 20 3/2 3/2 1/2 41 -3 -1 1 63 9 -15/2 3/2 43/2 2 1 1/2 44 4 -2 1 135/2 9 15/2 3/2 23 -3/2 1/2 1/2 47 3 -3 1 72 -3 6 3/2 49/2 -5/2 0 1/2 50 -6 -4 1 153/2 -15/2 9/2 3/2 26 -1 -1/2 1/2 53 3 -5 1 81 -9/2 3 3/2 55/2 3 -1 1/2 56 4 5 1 171/2 6 3/2 3/2 29 3 -3/2 1/2 59 -3 4 1 90 9/2 0 3/2 61/2 -1 -2 1/2 62 -5 3 1 189/2 -9 -3/2 3/2 32 -5/2 -5/2 1/2 65 -2 2 1 99 9/2 -3 3/2 67/2 -3/2 5/2 1/2 68 6 1 1 207/2 6 -9/2 3/2 35 2 2 1/2 71 6 0 1 108 -9/2 -6 3/2 73/2 3/2 3/2 1/2 74 -2 -1 1 -2 19 -1 19 0 1 1 19 2 1 3 19 4 19
unclamped_nonuniform_d19_domain_ends S 19 77 7 2 -2 -6 -5 0.5 -1 -5 2 1 0 -2 -2 1.5 1 3 5 0.5 2 -3 1 1 3 6 -3 1.5 4 4 4 0.5 5 4 0 1 6 6 -4 1.5 7 -3 3 0.5 8 3 -1 1 9 -2 -5 1.5 10 -5 2 0.5 11 -6 -2 1 12 -5 5 1.5 13 -2 1 0.5 14 3 -3 1 15 -3 4 1.5 16 6 0 0.5 17 4 -4 1 18 4 3 1.5 19 6 -1 0.5 20 -3 -5 1 21 3 2 1.5 22 -2 -2 0.5 23 -5 5 1 24 -6 1 1.5 25 -5 -3 0.5 26 -2 4 1 27 3 0 1.5 28 -3 -4 0.5 29 6 3 1 30 4 -1 1.5 31 4 -5 0.5 32 6 2 1 33 -3 -2 1.5 34 3 5 0.5 35 -2 1 1 36 -5 -3 1.5 37 -6 4 0.5 38 -5 0 1 39 -2 -4 1.5 40 3 3 0.5 41 -3 -1 1 42 6 -5 1.5 43 4 2 0.5 44 4 -2 1 45 6 5 1.5 46 -3 1 0.5 47 3 -3 1 48 -2 4 1.5 49 -5 0 0.5 50 -6 -4 1 51 -5 3 1.5 52 -2 -1 0.5 53 3 -5 1 54 -3 2 1.5 55 6 -2 0.5 56 4 5 1 57 4 1 1.5 58 6 -3 0.5 59 -3 4 1 60 3 0 1.5 61 -2 -4 0.5 62 -5 3 1 63 -6 -1 1.5 64 -5 -5 0.5 65 -2 2 1 66 3 -2 1.5 67 -3 5 0.5 68 6 1 1 69 4 -3 1.5 70 4 4 0.5 71 6 0 1 72 -3 -4 1.5 73 3 3 0.5 74 -2 -1 1 -2 19 -1 19 0 1 1 19 2 1 3 19 4 19 I -1 19 I 3 19 | unclamped_nonuniform_d19_domain_ends R 2 1 1 19 0 77 7 -1 3 -1 -3 -5/2 1/2 -1 -5 2 1 0 -3 -3 3/2 1/2 3/2 5/2 1/2 2 -3 1 1 9/2 9 -9/2 3/2 2 2 2 1/2 5 4 0 1 9 9 -6 3/2 7/2 -3/2 3/2 1/2 8 3 -1 1 27/2 -3 -15/2 3/2 5 -5/2 1 1/2 11 -6 -2 1 18 -15/2 15/2 3/2 13/2 -1 1/2 1/2 14 3 -3 1 45/2 -9/2 6 3/2 8 3 0 1/2 17 4 -4 1 27 6 9/2 3/2 19/2 3 -1/2 1/2 20 -3 -5 1 63/2 9/2 3 3/2 11 -1 -1 1/2 23 -5 5 1 36 -9 3/2 3/2 25/2 -5/2 -3/2 1/2 26 -2 4 1 81/2 9/2 0 3/2 14 -3/2 -2 1/2 29 6 3 1 45 6 -3/2 3/2 31/2 2 -5/2 1/2 32 6 2 1 99/2 -9/2 -3 3/2 17 3/2 5/2 1/2 35 -2 1 1 54 -15/2 -9/2 3/2 37/2 -3 2 1/2 38 -5 0 1 117/2 -3 -6 3/2 20 3/2 3/2 1/2 41 -3 -1 1 63 9 -15/2 3/2 43/2 2 1 1/2 44 4 -2 1 135/2 9 15/2 3/2 23 -3/2 1/2 1/2 47 3 -3 1 72 -3 6 3/2 49/2 -5/2 0 1/2 50 -6 -4 1 153/2 -15/2 9/2 3/2 26 -1 -1/2 1/2 53 3 -5 1 81 -9/2 3 3/2 55/2 3 -1 1/2 56 4 5 1 171/2 6 3/2 3/2 29 3 -3/2 1/2 59 -3 4 1 90 9/2 0 3/2 61/2 -1 -2 1/2 62 -5 3 1 189/2 -9 -3/2 3/2 32 -5/2 -5/2 1/2 65 -2 2 1 99 9/2 -3 3/2 67/2 -3/2 5/2 1/2 68 6 1 1 207/2 6 -9/2 3/2 35 2 2 1/2 71 6 0 1 108 -9/2 -6 3/2 73/2 3/2 3/2 1/2 74 -2 -1 1 -2 19 -1 19 0 1 1 19 2 1 3 19 4 19
constant_periodic_d19_identity P 19 22 23 0 2 -3 5 1 2 -3 5 1 2 -3 5 1 2 -3 5 1 2 -3 5 1 2 -3 5 1 2 -3 5 1 2 -3 5 1 2 -3 5 1 2 -3 5 1 2 -3 5 1 2 -3 5 1 2 -3 5 1 2 -3 5 1 2 -3 5 1 2 -3 5 1 2 -3 5 1 2 -3 5 1 2 -3 5 1 2 -3 5 1 2 -3 5 1 2 -3 5 1 0 1 1 1 2 1 3 1 4 1 5 1 6 1 7 1 8 1 9 1 10 1 11 1 12 1 13 1 14 1 15 1 16 1 17 1 18 1 19 1 20 1 21 1 22 1 | constant_periodic_d19_identity R 0 19 1 22 23 0 22 2 -3 5 1 2 -3 5 1 2 -3 5 1 2 -3 5 1 2 -3 5 1 2 -3 5 1 2 -3 5 1 2 -3 5 1 2 -3 5 1 2 -3 5 1 2 -3 5 1 2 -3 5 1 2 -3 5 1 2 -3 5 1 2 -3 5 1 2 -3 5 1 2 -3 5 1 2 -3 5 1 2 -3 5 1 2 -3 5 1 2 -3 5 1 2 -3 5 1 0 1 1 1 2 1 3 1 4 1 5 1 6 1 7 1 8 1 9 1 10 1 11 1 12 1 13 1 14 1 15 1 16 1 17 1 18 1 19 1 20 1 21 1 22 1
constant_periodic_d19_insert P 19 22 23 1 2 -3 5 1 2 -3 5 1 2 -3 5 1 2 -3 5 1 2 -3 5 1 2 -3 5 1 2 -3 5 1 2 -3 5 1 2 -3 5 1 2 -3 5 1 2 -3 5 1 2 -3 5 1 2 -3 5 1 2 -3 5 1 2 -3 5 1 2 -3 5 1 2 -3 5 1 2 -3 5 1 2 -3 5 1 2 -3 5 1 2 -3 5 1 2 -3 5 1 0 1 1 1 2 1 3 1 4 1 5 1 6 1 7 1 8 1 9 1 10 1 11 1 12 1 13 1 14 1 15 1 16 1 17 1 18 1 19 1 20 1 21 1 22 1 I 0.25 19 | constant_periodic_d19_insert R 1 1 19 1 41 24 0 22 2 -3 5 1 2 -3 5 1 2 -3 5 1 2 -3 5 1 2 -3 5 1 2 -3 5 1 2 -3 5 1 2 -3 5 1 2 -3 5 1 2 -3 5 1 2 -3 5 1 2 -3 5 1 2 -3 5 1 2 -3 5 1 2 -3 5 1 2 -3 5 1 2 -3 5 1 2 -3 5 1 2 -3 5 1 2 -3 5 1 2 -3 5 1 2 -3 5 1 2 -3 5 1 2 -3 5 1 2 -3 5 1 2 -3 5 1 2 -3 5 1 2 -3 5 1 2 -3 5 1 2 -3 5 1 2 -3 5 1 2 -3 5 1 2 -3 5 1 2 -3 5 1 2 -3 5 1 2 -3 5 1 2 -3 5 1 2 -3 5 1 2 -3 5 1 2 -3 5 1 2 -3 5 1 0 1 1/4 19 1 1 2 1 3 1 4 1 5 1 6 1 7 1 8 1 9 1 10 1 11 1 12 1 13 1 14 1 15 1 16 1 17 1 18 1 19 1 20 1 21 1 22 1
constant_periodic_d19_sequence P 19 22 23 4 2 -3 5 1 2 -3 5 1 2 -3 5 1 2 -3 5 1 2 -3 5 1 2 -3 5 1 2 -3 5 1 2 -3 5 1 2 -3 5 1 2 -3 5 1 2 -3 5 1 2 -3 5 1 2 -3 5 1 2 -3 5 1 2 -3 5 1 2 -3 5 1 2 -3 5 1 2 -3 5 1 2 -3 5 1 2 -3 5 1 2 -3 5 1 2 -3 5 1 0 1 1 1 2 1 3 1 4 1 5 1 6 1 7 1 8 1 9 1 10 1 11 1 12 1 13 1 14 1 15 1 16 1 17 1 18 1 19 1 20 1 21 1 22 1 I 0.75 1 I 0.25 19 I 0.75 19 I 0.25 1 | constant_periodic_d19_sequence R 4 1 1 1 1 19 1 60 25 0 22 2 -3 5 1 2 -3 5 1 2 -3 5 1 2 -3 5 1 2 -3 5 1 2 -3 5 1 2 -3 5 1 2 -3 5 1 2 -3 5 1 2 -3 5 1 2 -3 5 1 2 -3 5 1 2 -3 5 1 2 -3 5 1 2 -3 5 1 2 -3 5 1 2 -3 5 1 2 -3 5 1 2 -3 5 1 2 -3 5 1 2 -3 5 1 2 -3 5 1 2 -3 5 1 2 -3 5 1 2 -3 5 1 2 -3 5 1 2 -3 5 1 2 -3 5 1 2 -3 5 1 2 -3 5 1 2 -3 5 1 2 -3 5 1 2 -3 5 1 2 -3 5 1 2 -3 5 1 2 -3 5 1 2 -3 5 1 2 -3 5 1 2 -3 5 1 2 -3 5 1 2 -3 5 1 2 -3 5 1 2 -3 5 1 2 -3 5 1 2 -3 5 1 2 -3 5 1 2 -3 5 1 2 -3 5 1 2 -3 5 1 2 -3 5 1 2 -3 5 1 2 -3 5 1 2 -3 5 1 2 -3 5 1 2 -3 5 1 2 -3 5 1 2 -3 5 1 2 -3 5 1 2 -3 5 1 2 -3 5 1 0 1 1/4 19 3/4 19 1 1 2 1 3 1 4 1 5 1 6 1 7 1 8 1 9 1 10 1 11 1 12 1 13 1 14 1 15 1 16 1 17 1 18 1 19 1 20 1 21 1 22 1
constant_periodic_d19_roundtrip P 19 22 23 2 2 -3 5 1 2 -3 5 1 2 -3 5 1 2 -3 5 1 2 -3 5 1 2 -3 5 1 2 -3 5 1 2 -3 5 1 2 -3 5 1 2 -3 5 1 2 -3 5 1 2 -3 5 1 2 -3 5 1 2 -3 5 1 2 -3 5 1 2 -3 5 1 2 -3 5 1 2 -3 5 1 2 -3 5 1 2 -3 5 1 2 -3 5 1 2 -3 5 1 0 1 1 1 2 1 3 1 4 1 5 1 6 1 7 1 8 1 9 1 10 1 11 1 12 1 13 1 14 1 15 1 16 1 17 1 18 1 19 1 20 1 21 1 22 1 I 0.25 1 R 0.25 0 | constant_periodic_d19_roundtrip R 2 1 1 19 1 22 23 0 22 2 -3 5 1 2 -3 5 1 2 -3 5 1 2 -3 5 1 2 -3 5 1 2 -3 5 1 2 -3 5 1 2 -3 5 1 2 -3 5 1 2 -3 5 1 2 -3 5 1 2 -3 5 1 2 -3 5 1 2 -3 5 1 2 -3 5 1 2 -3 5 1 2 -3 5 1 2 -3 5 1 2 -3 5 1 2 -3 5 1 2 -3 5 1 2 -3 5 1 0 1 1 1 2 1 3 1 4 1 5 1 6 1 7 1 8 1 9 1 10 1 11 1 12 1 13 1 14 1 15 1 16 1 17 1 18 1 19 1 20 1 21 1 22 1
constant_periodic_d19_full_roundtrip P 19 22 23 2 2 -3 5 1 2 -3 5 1 2 -3 5 1 2 -3 5 1 2 -3 5 1 2 -3 5 1 2 -3 5 1 2 -3 5 1 2 -3 5 1 2 -3 5 1 2 -3 5 1 2 -3 5 1 2 -3 5 1 2 -3 5 1 2 -3 5 1 2 -3 5 1 2 -3 5 1 2 -3 5 1 2 -3 5 1 2 -3 5 1 2 -3 5 1 2 -3 5 1 0 1 1 1 2 1 3 1 4 1 5 1 6 1 7 1 8 1 9 1 10 1 11 1 12 1 13 1 14 1 15 1 16 1 17 1 18 1 19 1 20 1 21 1 22 1 I 0.25 19 R 0.25 0 | constant_periodic_d19_full_roundtrip R 2 1 1 19 1 22 23 0 22 2 -3 5 1 2 -3 5 1 2 -3 5 1 2 -3 5 1 2 -3 5 1 2 -3 5 1 2 -3 5 1 2 -3 5 1 2 -3 5 1 2 -3 5 1 2 -3 5 1 2 -3 5 1 2 -3 5 1 2 -3 5 1 2 -3 5 1 2 -3 5 1 2 -3 5 1 2 -3 5 1 2 -3 5 1 2 -3 5 1 2 -3 5 1 2 -3 5 1 0 1 1 1 2 1 3 1 4 1 5 1 6 1 7 1 8 1 9 1 10 1 11 1 12 1 13 1 14 1 15 1 16 1 17 1 18 1 19 1 20 1 21 1 22 1
constant_periodic_d19_remove_existing P 19 22 23 1 2 -3 5 1 2 -3 5 1 2 -3 5 1 2 -3 5 1 2 -3 5 1 2 -3 5 1 2 -3 5 1 2 -3 5 1 2 -3 5 1 2 -3 5 1 2 -3 5 1 2 -3 5 1 2 -3 5 1 2 -3 5 1 2 -3 5 1 2 -3 5 1 2 -3 5 1 2 -3 5 1 2 -3 5 1 2 -3 5 1 2 -3 5 1 2 -3 5 1 0 1 1 1 2 1 3 1 4 1 5 1 6 1 7 1 8 1 9 1 10 1 11 1 12 1 13 1 14 1 15 1 16 1 17 1 18 1 19 1 20 1 21 1 22 1 R 1 0 | constant_periodic_d19_remove_existing R 1 1 19 1 21 22 0 22 2 -3 5 1 2 -3 5 1 2 -3 5 1 2 -3 5 1 2 -3 5 1 2 -3 5 1 2 -3 5 1 2 -3 5 1 2 -3 5 1 2 -3 5 1 2 -3 5 1 2 -3 5 1 2 -3 5 1 2 -3 5 1 2 -3 5 1 2 -3 5 1 2 -3 5 1 2 -3 5 1 2 -3 5 1 2 -3 5 1 2 -3 5 1 0 1 2 1 3 1 4 1 5 1 6 1 7 1 8 1 9 1 10 1 11 1 12 1 13 1 14 1 15 1 16 1 17 1 18 1 19 1 20 1 21 1 22 1
constant_periodic_d19_seam P 19 22 23 2 2 -3 5 1 2 -3 5 1 2 -3 5 1 2 -3 5 1 2 -3 5 1 2 -3 5 1 2 -3 5 1 2 -3 5 1 2 -3 5 1 2 -3 5 1 2 -3 5 1 2 -3 5 1 2 -3 5 1 2 -3 5 1 2 -3 5 1 2 -3 5 1 2 -3 5 1 2 -3 5 1 2 -3 5 1 2 -3 5 1 2 -3 5 1 2 -3 5 1 0 1 1 1 2 1 3 1 4 1 5 1 6 1 7 1 8 1 9 1 10 1 11 1 12 1 13 1 14 1 15 1 16 1 17 1 18 1 19 1 20 1 21 1 22 1 I 0 19 I 22 19 | constant_periodic_d19_seam R 2 1 1 19 1 40 23 0 22 2 -3 5 1 2 -3 5 1 2 -3 5 1 2 -3 5 1 2 -3 5 1 2 -3 5 1 2 -3 5 1 2 -3 5 1 2 -3 5 1 2 -3 5 1 2 -3 5 1 2 -3 5 1 2 -3 5 1 2 -3 5 1 2 -3 5 1 2 -3 5 1 2 -3 5 1 2 -3 5 1 2 -3 5 1 2 -3 5 1 2 -3 5 1 2 -3 5 1 2 -3 5 1 2 -3 5 1 2 -3 5 1 2 -3 5 1 2 -3 5 1 2 -3 5 1 2 -3 5 1 2 -3 5 1 2 -3 5 1 2 -3 5 1 2 -3 5 1 2 -3 5 1 2 -3 5 1 2 -3 5 1 2 -3 5 1 2 -3 5 1 2 -3 5 1 2 -3 5 1 0 19 1 1 2 1 3 1 4 1 5 1 6 1 7 1 8 1 9 1 10 1 11 1 12 1 13 1 14 1 15 1 16 1 17 1 18 1 19 1 20 1 21 1 22 19
constant_periodic_d19_seam_roundtrip P 19 22 23 2 2 -3 5 1 2 -3 5 1 2 -3 5 1 2 -3 5 1 2 -3 5 1 2 -3 5 1 2 -3 5 1 2 -3 5 1 2 -3 5 1 2 -3 5 1 2 -3 5 1 2 -3 5 1 2 -3 5 1 2 -3 5 1 2 -3 5 1 2 -3 5 1 2 -3 5 1 2 -3 5 1 2 -3 5 1 2 -3 5 1 2 -3 5 1 2 -3 5 1 0 1 1 1 2 1 3 1 4 1 5 1 6 1 7 1 8 1 9 1 10 1 11 1 12 1 13 1 14 1 15 1 16 1 17 1 18 1 19 1 20 1 21 1 22 1 I 22 19 R 0 1 | constant_periodic_d19_seam_roundtrip R 2 1 1 19 1 22 23 0 22 2 -3 5 1 2 -3 5 1 2 -3 5 1 2 -3 5 1 2 -3 5 1 2 -3 5 1 2 -3 5 1 2 -3 5 1 2 -3 5 1 2 -3 5 1 2 -3 5 1 2 -3 5 1 2 -3 5 1 2 -3 5 1 2 -3 5 1 2 -3 5 1 2 -3 5 1 2 -3 5 1 2 -3 5 1 2 -3 5 1 2 -3 5 1 2 -3 5 1 0 1 1 1 2 1 3 1 4 1 5 1 6 1 7 1 8 1 9 1 10 1 11 1 12 1 13 1 14 1 15 1 16 1 17 1 18 1 19 1 20 1 21 1 22 1
constant_periodic_d19_remove_origin P 19 22 23 1 2 -3 5 1 2 -3 5 1 2 -3 5 1 2 -3 5 1 2 -3 5 1 2 -3 5 1 2 -3 5 1 2 -3 5 1 2 -3 5 1 2 -3 5 1 2 -3 5 1 2 -3 5 1 2 -3 5 1 2 -3 5 1 2 -3 5 1 2 -3 5 1 2 -3 5 1 2 -3 5 1 2 -3 5 1 2 -3 5 1 2 -3 5 1 2 -3 5 1 0 1 1 1 2 1 3 1 4 1 5 1 6 1 7 1 8 1 9 1 10 1 11 1 12 1 13 1 14 1 15 1 16 1 17 1 18 1 19 1 20 1 21 1 22 1 R 0 0 | constant_periodic_d19_remove_origin R 1 1 19 1 21 22 1 23 2 -3 5 1 2 -3 5 1 2 -3 5 1 2 -3 5 1 2 -3 5 1 2 -3 5 1 2 -3 5 1 2 -3 5 1 2 -3 5 1 2 -3 5 1 2 -3 5 1 2 -3 5 1 2 -3 5 1 2 -3 5 1 2 -3 5 1 2 -3 5 1 2 -3 5 1 2 -3 5 1 2 -3 5 1 2 -3 5 1 2 -3 5 1 1 1 2 1 3 1 4 1 5 1 6 1 7 1 8 1 9 1 10 1 11 1 12 1 13 1 14 1 15 1 16 1 17 1 18 1 19 1 20 1 21 1 23 1
constant_periodic_d19_remove_end_alias P 19 22 23 1 2 -3 5 1 2 -3 5 1 2 -3 5 1 2 -3 5 1 2 -3 5 1 2 -3 5 1 2 -3 5 1 2 -3 5 1 2 -3 5 1 2 -3 5 1 2 -3 5 1 2 -3 5 1 2 -3 5 1 2 -3 5 1 2 -3 5 1 2 -3 5 1 2 -3 5 1 2 -3 5 1 2 -3 5 1 2 -3 5 1 2 -3 5 1 2 -3 5 1 0 1 1 1 2 1 3 1 4 1 5 1 6 1 7 1 8 1 9 1 10 1 11 1 12 1 13 1 14 1 15 1 16 1 17 1 18 1 19 1 20 1 21 1 22 1 R 22 0 | constant_periodic_d19_remove_end_alias R 1 1 19 1 21 22 1 23 2 -3 5 1 2 -3 5 1 2 -3 5 1 2 -3 5 1 2 -3 5 1 2 -3 5 1 2 -3 5 1 2 -3 5 1 2 -3 5 1 2 -3 5 1 2 -3 5 1 2 -3 5 1 2 -3 5 1 2 -3 5 1 2 -3 5 1 2 -3 5 1 2 -3 5 1 2 -3 5 1 2 -3 5 1 2 -3 5 1 2 -3 5 1 1 1 2 1 3 1 4 1 5 1 6 1 7 1 8 1 9 1 10 1 11 1 12 1 13 1 14 1 15 1 16 1 17 1 18 1 19 1 20 1 21 1 23 1
unclamped_nonuniform_d20_identity S 20 81 7 0 -2 -6 -5 0.5 -1 -5 2 1 0 -2 -2 1.5 1 3 5 0.5 2 -3 1 1 3 6 -3 1.5 4 4 4 0.5 5 4 0 1 6 6 -4 1.5 7 -3 3 0.5 8 3 -1 1 9 -2 -5 1.5 10 -5 2 0.5 11 -6 -2 1 12 -5 5 1.5 13 -2 1 0.5 14 3 -3 1 15 -3 4 1.5 16 6 0 0.5 17 4 -4 1 18 4 3 1.5 19 6 -1 0.5 20 -3 -5 1 21 3 2 1.5 22 -2 -2 0.5 23 -5 5 1 24 -6 1 1.5 25 -5 -3 0.5 26 -2 4 1 27 3 0 1.5 28 -3 -4 0.5 29 6 3 1 30 4 -1 1.5 31 4 -5 0.5 32 6 2 1 33 -3 -2 1.5 34 3 5 0.5 35 -2 1 1 36 -5 -3 1.5 37 -6 4 0.5 38 -5 0 1 39 -2 -4 1.5 40 3 3 0.5 41 -3 -1 1 42 6 -5 1.5 43 4 2 0.5 44 4 -2 1 45 6 5 1.5 46 -3 1 0.5 47 3 -3 1 48 -2 4 1.5 49 -5 0 0.5 50 -6 -4 1 51 -5 3 1.5 52 -2 -1 0.5 53 3 -5 1 54 -3 2 1.5 55 6 -2 0.5 56 4 5 1 57 4 1 1.5 58 6 -3 0.5 59 -3 4 1 60 3 0 1.5 61 -2 -4 0.5 62 -5 3 1 63 -6 -1 1.5 64 -5 -5 0.5 65 -2 2 1 66 3 -2 1.5 67 -3 5 0.5 68 6 1 1 69 4 -3 1.5 70 4 4 0.5 71 6 0 1 72 -3 -4 1.5 73 3 3 0.5 74 -2 -1 1 75 -5 -5 1.5 76 -6 2 0.5 77 -5 -2 1 78 -2 5 1.5 -2 20 -1 20 0 1 1 20 2 1 3 20 4 20 | unclamped_nonuniform_d20_identity R 0 20 0 81 7 -1 3 -1 -3 -5/2 1/2 -1 -5 2 1 0 -3 -3 3/2 1/2 3/2 5/2 1/2 2 -3 1 1 9/2 9 -9/2 3/2 2 2 2 1/2 5 4 0 1 9 9 -6 3/2 7/2 -3/2 3/2 1/2 8 3 -1 1 27/2 -3 -15/2 3/2 5 -5/2 1 1/2 11 -6 -2 1 18 -15/2 15/2 3/2 13/2 -1 1/2 1/2 14 3 -3 1 45/2 -9/2 6 3/2 8 3 0 1/2 17 4 -4 1 27 6 9/2 3/2 19/2 3 -1/2 1/2 20 -3 -5 1 63/2 9/2 3 3/2 11 -1 -1 1/2 23 -5 5 1 36 -9 3/2 3/2 25/2 -5/2 -3/2 1/2 26 -2 4 1 81/2 9/2 0 3/2 14 -3/2 -2 1/2 29 6 3 1 45 6 -3/2 3/2 31/2 2 -5/2 1/2 32 6 2 1 99/2 -9/2 -3 3/2 17 3/2 5/2 1/2 35 -2 1 1 54 -15/2 -9/2 3/2 37/2 -3 2 1/2 38 -5 0 1 117/2 -3 -6 3/2 20 3/2 3/2 1/2 41 -3 -1 1 63 9 -15/2 3/2 43/2 2 1 1/2 44 4 -2 1 135/2 9 15/2 3/2 23 -3/2 1/2 1/2 47 3 -3 1 72 -3 6 3/2 49/2 -5/2 0 1/2 50 -6 -4 1 153/2 -15/2 9/2 3/2 26 -1 -1/2 1/2 53 3 -5 1 81 -9/2 3 3/2 55/2 3 -1 1/2 56 4 5 1 171/2 6 3/2 3/2 29 3 -3/2 1/2 59 -3 4 1 90 9/2 0 3/2 61/2 -1 -2 1/2 62 -5 3 1 189/2 -9 -3/2 3/2 32 -5/2 -5/2 1/2 65 -2 2 1 99 9/2 -3 3/2 67/2 -3/2 5/2 1/2 68 6 1 1 207/2 6 -9/2 3/2 35 2 2 1/2 71 6 0 1 108 -9/2 -6 3/2 73/2 3/2 3/2 1/2 74 -2 -1 1 225/2 -15/2 -15/2 3/2 38 -3 1 1/2 77 -5 -2 1 117 -3 15/2 3/2 -2 20 -1 20 0 1 1 20 2 1 3 20 4 20
unclamped_nonuniform_d20_insert S 20 81 7 1 -2 -6 -5 0.5 -1 -5 2 1 0 -2 -2 1.5 1 3 5 0.5 2 -3 1 1 3 6 -3 1.5 4 4 4 0.5 5 4 0 1 6 6 -4 1.5 7 -3 3 0.5 8 3 -1 1 9 -2 -5 1.5 10 -5 2 0.5 11 -6 -2 1 12 -5 5 1.5 13 -2 1 0.5 14 3 -3 1 15 -3 4 1.5 16 6 0 0.5 17 4 -4 1 18 4 3 1.5 19 6 -1 0.5 20 -3 -5 1 21 3 2 1.5 22 -2 -2 0.5 23 -5 5 1 24 -6 1 1.5 25 -5 -3 0.5 26 -2 4 1 27 3 0 1.5 28 -3 -4 0.5 29 6 3 1 30 4 -1 1.5 31 4 -5 0.5 32 6 2 1 33 -3 -2 1.5 34 3 5 0.5 35 -2 1 1 36 -5 -3 1.5 37 -6 4 0.5 38 -5 0 1 39 -2 -4 1.5 40 3 3 0.5 41 -3 -1 1 42 6 -5 1.5 43 4 2 0.5 44 4 -2 1 45 6 5 1.5 46 -3 1 0.5 47 3 -3 1 48 -2 4 1.5 49 -5 0 0.5 50 -6 -4 1 51 -5 3 1.5 52 -2 -1 0.5 53 3 -5 1 54 -3 2 1.5 55 6 -2 0.5 56 4 5 1 57 4 1 1.5 58 6 -3 0.5 59 -3 4 1 60 3 0 1.5 61 -2 -4 0.5 62 -5 3 1 63 -6 -1 1.5 64 -5 -5 0.5 65 -2 2 1 66 3 -2 1.5 67 -3 5 0.5 68 6 1 1 69 4 -3 1.5 70 4 4 0.5 71 6 0 1 72 -3 -4 1.5 73 3 3 0.5 74 -2 -1 1 75 -5 -5 1.5 76 -6 2 0.5 77 -5 -2 1 78 -2 5 1.5 -2 20 -1 20 0 1 1 20 2 1 3 20 4 20 I -0.75 20 | unclamped_nonuniform_d20_insert R 1 1 20 0 101 8 -1 3 -1 -3 -5/2 1/2 -1 -5 2 1 0 -3 -3 3/2 1/2 3/2 5/2 1/2 2 -3 1 1 9/2 9 -9/2 3/2 2 2 2 1/2 5 4 0 1 9 9 -6 3/2 7/2 -3/2 3/2 1/2 8 3 -1 1 27/2 -3 -15/2 3/2 5 -5/2 1 1/2 11 -6 -2 1 18 -15/2 15/2 3/2 13/2 -1 1/2 1/2 14 3 -3 1 45/2 -9/2 6 3/2 8 3 0 1/2 17 4 -4 1 39/2 9/2 -15/8 9/8 1333/64 153/32 -7/16 19/16 5475/256 1251/256 249/512 619/512 43959/2048 19893/4096 2115/2048 4935/4096 87097/4096 19361/4096 42843/32768 19429/16384 5485215/262144 148349/32768 11403/8192 303941/262144 5383911/262144 4490667/1048576 1413669/1048576 2370867/2097152 338273449/16777216 8414403/2097152 80131/65536 288931/262144 665465451/33554432 125187879/33554432 140941409/134217728 144454831/134217728 10503587061/536870912 3703320687/1073741824 229659717/268435456 1131426723/1073741824 83171168995/4294967296 27262717707/8589934592 5643712735/8589934592 4444782577/4294967296 1321631279373/68719476736 199960625001/68719476736 8021257117/17179869184 70073757209/68719476736 1316761634391/68719476736 731004837105/274877906944 40324481073/137438953472 554114548815/549755813888 84198375762007/4398046511104 10657631956205/4398046511104 155639630463/1099511627776 274643701405/274877906944 337294154031519/17592186044416 77443271842827/35184372088832 494460073201/35184372088832 34935171040843/35184372088832 2707539950085927/140737488355328 560592658912821/281474976710656 -12401908004571/140737488355328 278318132333535/281474976710656 10883149654093961/562949953421312 4038125896972181/2251799813685248 -186014659708717/1125899906842624 1110503148430813/1125899906842624 350348876134851675/18014398509481984 28898459916047655/18014398509481984 -3932961711861537/18014398509481984 17747005989083645/18014398509481984 352720505557154727/18014398509481984 102494989162347717/72057594037927936 -35900899529588685/144115188075855872 141946279874648475/144115188075855872 22738280297761573093/1152921504606846976 1436670532965121389/1152921504606846976 -149649598956013033/576460752303423488 35503813012862843/36028797018963968 5807696031018146197/288230376151711744 206730663016948785/288230376151711744 -20973450183623489/72057594037927936 142222168581860063/144115188075855872 770000517481251835/36028797018963968 -14463868781917743/36028797018963968 2228104074442285/36028797018963968 36194629582693891/36028797018963968 25203985334397853/1125899906842624 -3421439202135195/2251799813685248 5011504910888809/4503599627370496 4572364189448217/4503599627370496 793463232745373/35184372088832 -1783856468981621/562949953421312 508102494105621/281474976710656 4305449241097/4398046511104 1679712133512569/70368744177664 -164546856503221/35184372088832 62426733645831/35184372088832 70147760241077/70368744177664 224215392934535/8796093022208 -37829126151179/8796093022208 1575183354847/1099511627776 9097427213925/8796093022208 27411488888779/1099511627776 -78532408561/34359738368 908640886997/1099511627776 534805964795/549755813888 3567126862987/137438953472 615398387/4294967296 127456010609/137438953472 133907890663/137438953472 249270922601/8589934592 14188277009/8589934592 5793744833/8589934592 18285799701/17179869184 29604168301/1073741824 5775788733/2147483648 -57941145/268435456 131312801/134217728 7280356085/268435456 459803103/134217728 18332199/268435456 248120657/268435456 1107059165/33554432 5351481/1048576 603773/16777216 36997521/33554432 131042305/4194304 16686895/4194304 -351195/262144 2133191/2097152 13955755/524288 1373569/524288 -365571/524288 435835/524288 37795/1024 50719/32768 13017/65536 74145/65536 76997/2048 -19095/8192 -3603/4096 289/256 24257/1024 15/128 57/32 701/1024 4979/128 -103/32 -3/16 141/128 793/16 -111/16 -59/16 11/8 37/2 -3 2 1/2 38 -5 0 1 117/2 -3 -6 3/2 20 3/2 3/2 1/2 41 -3 -1 1 63 9 -15/2 3/2 43/2 2 1 1/2 44 4 -2 1 135/2 9 15/2 3/2 23 -3/2 1/2 1/2 47 3 -3 1 72 -3 6 3/2 49/2 -5/2 0 1/2 50 -6 -4 1 153/2 -15/2 9/2 3/2 26 -1 -1/2 1/2 53 3 -5 1 81 -9/2 3 3/2 55/2 3 -1 1/2 56 4 5 1 171/2 6 3/2 3/2 29 3 -3/2 1/2 59 -3 4 1 90 9/2 0 3/2 61/2 -1 -2 1/2 62 -5 3 1 189/2 -9 -3/2 3/2 32 -5/2 -5/2 1/2 65 -2 2 1 99 9/2 -3 3/2 67/2 -3/2 5/2 1/2 68 6 1 1 207/2 6 -9/2 3/2 35 2 2 1/2 71 6 0 1 108 -9/2 -6 3/2 73/2 3/2 3/2 1/2 74 -2 -1 1 225/2 -15/2 -15/2 3/2 38 -3 1 1/2 77 -5 -2 1 117 -3 15/2 3/2 -2 20 -1 20 -3/4 20 0 1 1 20 2 1 3 20 4 20
unclamped_nonuniform_d20_sequence S 20 81 7 4 -2 -6 -5 0.5 -1 -5 2 1 0 -2 -2 1.5 1 3 5 0.5 2 -3 1 1 3 6 -3 1.5 4 4 4 0.5 5 4 0 1 6 6 -4 1.5 7 -3 3 0.5 8 3 -1 1 9 -2 -5 1.5 10 -5 2 0.5 11 -6 -2 1 12 -5 5 1.5 13 -2 1 0.5 14 3 -3 1 15 -3 4 1.5 16 6 0 0.5 17 4 -4 1 18 4 3 1.5 19 6 -1 0.5 20 -3 -5 1 21 3 2 1.5 22 -2 -2 0.5 23 -5 5 1 24 -6 1 1.5 25 -5 -3 0.5 26 -2 4 1 27 3 0 1.5 28 -3 -4 0.5 29 6 3 1 30 4 -1 1.5 31 4 -5 0.5 32 6 2 1 33 -3 -2 1.5 34 3 5 0.5 35 -2 1 1 36 -5 -3 1.5 37 -6 4 0.5 38 -5 0 1 39 -2 -4 1.5 40 3 3 0.5 41 -3 -1 1 42 6 -5 1.5 43 4 2 0.5 44 4 -2 1 45 6 5 1.5 46 -3 1 0.5 47 3 -3 1 48 -2 4 1.5 49 -5 0 0.5 50 -6 -4 1 51 -5 3 1.5 52 -2 -1 0.5 53 3 -5 1 54 -3 2 1.5 55 6 -2 0.5 56 4 5 1 57 4 1 1.5 58 6 -3 0.5 59 -3 4 1 60 3 0 1.5 61 -2 -4 0.5 62 -5 3 1 63 -6 -1 1.5 64 -5 -5 0.5 65 -2 2 1 66 3 -2 1.5 67 -3 5 0.5 68 6 1 1 69 4 -3 1.5 70 4 4 0.5 71 6 0 1 72 -3 -4 1.5 73 3 3 0.5 74 -2 -1 1 75 -5 -5 1.5 76 -6 2 0.5 77 -5 -2 1 78 -2 5 1.5 -2 20 -1 20 0 1 1 20 2 1 3 20 4 20 I -0.25 1 I -0.75 20 I -0.25 20 I -0.75 1 | unclamped_nonuniform_d20_sequence R 4 1 1 1 1 20 0 121 9 -1 3 -1 -3 -5/2 1/2 -1 -5 2 1 0 -3 -3 3/2 1/2 3/2 5/2 1/2 2 -3 1 1 9/2 9 -9/2 3/2 2 2 2 1/2 5 4 0 1 9 9 -6 3/2 7/2 -3/2 3/2 1/2 8 3 -1 1 27/2 -3 -15/2 3/2 5 -5/2 1 1/2 11 -6 -2 1 18 -15/2 15/2 3/2 13/2 -1 1/2 1/2 14 3 -3 1 45/2 -9/2 6 3/2 8 3 0 1/2 17 4 -4 1 39/2 9/2 -15/8 9/8 1333/64 153/32 -7/16 19/16 5475/256 1251/256 249/512 619/512 43959/2048 19893/4096 2115/2048 4935/4096 87097/4096 19361/4096 42843/32768 19429/16384 5485215/262144 148349/32768 11403/8192 303941/262144 5383911/262144 4490667/1048576 1413669/1048576 2370867/2097152 338273449/16777216 8414403/2097152 80131/65536 288931/262144 665465451/33554432 125187879/33554432 140941409/134217728 144454831/134217728 10503587061/536870912 3703320687/1073741824 229659717/268435456 1131426723/1073741824 83171168995/4294967296 27262717707/8589934592 5643712735/8589934592 4444782577/4294967296 1321631279373/68719476736 199960625001/68719476736 8021257117/17179869184 70073757209/68719476736 1316761634391/68719476736 731004837105/274877906944 40324481073/137438953472 554114548815/549755813888 84198375762007/4398046511104 10657631956205/4398046511104 155639630463/1099511627776 274643701405/274877906944 337294154031519/17592186044416 77443271842827/35184372088832 494460073201/35184372088832 34935171040843/35184372088832 2707539950085927/140737488355328 560592658912821/281474976710656 -12401908004571/140737488355328 278318132333535/281474976710656 10883149654093961/562949953421312 4038125896972181/2251799813685248 -186014659708717/1125899906842624 1110503148430813/1125899906842624 350348876134851675/18014398509481984 28898459916047655/18014398509481984 -3932961711861537/18014398509481984 17747005989083645/18014398509481984 352720505557154727/18014398509481984 102494989162347717/72057594037927936 -35900899529588685/144115188075855872 141946279874648475/144115188075855872 22738280297761573093/1152921504606846976 1436670532965121389/1152921504606846976 -149649598956013033/576460752303423488 35503813012862843/36028797018963968 23066616181968914223/1152921504606846976 1030171945700237223/1152921504606846976 -161741600631329619/576460752303423488 71076598202528583/72057594037927936 23444486702481356301/1152921504606846976 649002616023530517/1152921504606846976 -127022312302137153/576460752303423488 17835762702244661/18014398509481984 23825787516058539175/1152921504606846976 276321726365593759/1152921504606846976 -54800719318781723/576460752303423488 71647596510553321/72057594037927936 24183688130327169141/1152921504606846976 -103023088922098179/1152921504606846976 42349436755917351/576460752303423488 35946191134629417/36028797018963968 24511304122749080031/1152921504606846976 -497450094317413545/1152921504606846976 152538194971006813/576460752303423488 72045249407896235/72057594037927936 24813885022925040157/1152921504606846976 -907159247272934107/1152921504606846976 265937877714569295/576460752303423488 4507235864110495/4503599627370496 25100980626191334615/1152921504606846976 -1325056963068174897/1152921504606846976 375048083054151189/576460752303423488 72130544044608525/72057594037927936 25381399760314733829/1152921504606846976 -1738871055590460531/1152921504606846976 474551505883954487/576460752303423488 36058330220591383/36028797018963968 25661072661063041935/1152921504606846976 -2133596781187734009/1152921504606846976 561037587030553357/576460752303423488 72094024899031183/72057594037927936 25942903253076677421/1152921504606846976 -2493755307595703499/1152921504606846976 632683838631144159/576460752303423488 18018462659039331/18014398509481984 26227579699269616647/1152921504606846976 -2805196665442446849/1152921504606846976 688924483188810821/576460752303423488 72060397781974961/72057594037927936 26514585873249697429/1152921504606846976 -3056348801980164579/1152921504606846976 730125501504590663/576460752303423488 36026835208698437/36028797018963968 26803009794359823423/1152921504606846976 -3238922488888954953/1152921504606846976 757285450036522941/576460752303423488 72051792611500275/72057594037927936 27092024951386046781/1152921504606846976 -3348145478882144699/1152921504606846976 771778837215946863/576460752303423488 9006572726866165/9007199254740992 27381083593638369847/1152921504606846976 -3382630942299095761/1152921504606846976 775152173607598965/576460752303423488 72054329268927445/72057594037927936 27669923458529170725/1152921504606846976 -3343993994346463827/1152921504606846976 768974789367155799/576460752303423488 36028006245094323/36028797018963968 27958488051829873647/1152921504606846976 -3236323175641864089/1152921504606846976 754739824555556205/576460752303423488 72057197598644183/72057594037927936 28246830871649322061/1152921504606846976 -3065596975370965419/1152921504606846976 733806744123511039/576460752303423488 18014457971139601/18014398509481984 28535040089915830119/1152921504606846976 -2839113827545378977/1152921504606846976 707375329228635045/576460752303423488 72058045774331001/72057594037927936 28823194298555263157/1152921504606846976 -2564981417194440131/1152921504606846976 676481647142271079/576460752303423488 36029007108847457/36028797018963968 7241817850718744919/288230376151711744 -606978803004742677/288230376151711744 82629350762386137/72057594037927936 144115996878753741/144115188075855872 927737130076241203/36028797018963968 -52594456499529159/36028797018963968 36138922930863701/36028797018963968 36028806369887899/36028797018963968 29695123741800359/1125899906842624 -1300114509539289/2251799813685248 3677806780974187/4503599627370496 4503514982377243/4503599627370496 949984137128877/35184372088832 239830016173899/562949953421312 172633713715797/281474976710656 4398007861467/4398046511104 1944050491193459/70368744177664 49829930616529/35184372088832 14345840454589/35184372088832 70372938800807/70368744177664 248492485499983/8796093022208 20065346446061/8796093022208 224811656867/1099511627776 8796574168349/8796093022208 31742318749521/1099511627776 101496106941/34359738368 7169222607/1099511627776 549658090809/549755813888 4053861721627/137438953472 14605627247/4294967296 -24554893791/137438953472 137403343351/137438953472 258919371187/8589934592 30790866659/8589934592 -2932504021/8589934592 17188281607/17179869184 33044028069/1073741824 7400164581/2147483648 -126488613/268435456 134362539/134217728 8409431231/268435456 393622701/134217728 -145268123/268435456 268114643/268435456 1069945597/33554432 2170437/1048576 -8283363/16777216 33415601/33554432 137290539/4194304 4178853/4194304 -19533/65536 2101941/2097152 17673043/524288 -54599/524288 -23819/524288 532099/524288 2159/64 -35979/32768 8747/65536 65443/65536 67173/2048 -15111/8192 957/4096 243/256 35579/1024 -339/128 -1/32 1007/1024 5323/128 -151/32 -23/16 149/128 651/16 -93/16 -33/16 9/8 37/2 -3 2 1/2 38 -5 0 1 117/2 -3 -6 3/2 20 3/2 3/2 1/2 41 -3 -1 1 63 9 -15/2 3/2 43/2 2 1 1/2 44 4 -2 1 135/2 9 15/2 3/2 23 -3/2 1/2 1/2 47 3 -3 1 72 -3 6 3/2 49/2 -5/2 0 1/2 50 -6 -4 1 153/2 -15/2 9/2 3/2 26 -1 -1/2 1/2 53 3 -5 1 81 -9/2 3 3/2 55/2 3 -1 1/2 56 4 5 1 171/2 6 3/2 3/2 29 3 -3/2 1/2 59 -3 4 1 90 9/2 0 3/2 61/2 -1 -2 1/2 62 -5 3 1 189/2 -9 -3/2 3/2 32 -5/2 -5/2 1/2 65 -2 2 1 99 9/2 -3 3/2 67/2 -3/2 5/2 1/2 68 6 1 1 207/2 6 -9/2 3/2 35 2 2 1/2 71 6 0 1 108 -9/2 -6 3/2 73/2 3/2 3/2 1/2 74 -2 -1 1 225/2 -15/2 -15/2 3/2 38 -3 1 1/2 77 -5 -2 1 117 -3 15/2 3/2 -2 20 -1 20 -3/4 20 -1/4 20 0 1 1 20 2 1 3 20 4 20
unclamped_nonuniform_d20_roundtrip S 20 81 7 2 -2 -6 -5 0.5 -1 -5 2 1 0 -2 -2 1.5 1 3 5 0.5 2 -3 1 1 3 6 -3 1.5 4 4 4 0.5 5 4 0 1 6 6 -4 1.5 7 -3 3 0.5 8 3 -1 1 9 -2 -5 1.5 10 -5 2 0.5 11 -6 -2 1 12 -5 5 1.5 13 -2 1 0.5 14 3 -3 1 15 -3 4 1.5 16 6 0 0.5 17 4 -4 1 18 4 3 1.5 19 6 -1 0.5 20 -3 -5 1 21 3 2 1.5 22 -2 -2 0.5 23 -5 5 1 24 -6 1 1.5 25 -5 -3 0.5 26 -2 4 1 27 3 0 1.5 28 -3 -4 0.5 29 6 3 1 30 4 -1 1.5 31 4 -5 0.5 32 6 2 1 33 -3 -2 1.5 34 3 5 0.5 35 -2 1 1 36 -5 -3 1.5 37 -6 4 0.5 38 -5 0 1 39 -2 -4 1.5 40 3 3 0.5 41 -3 -1 1 42 6 -5 1.5 43 4 2 0.5 44 4 -2 1 45 6 5 1.5 46 -3 1 0.5 47 3 -3 1 48 -2 4 1.5 49 -5 0 0.5 50 -6 -4 1 51 -5 3 1.5 52 -2 -1 0.5 53 3 -5 1 54 -3 2 1.5 55 6 -2 0.5 56 4 5 1 57 4 1 1.5 58 6 -3 0.5 59 -3 4 1 60 3 0 1.5 61 -2 -4 0.5 62 -5 3 1 63 -6 -1 1.5 64 -5 -5 0.5 65 -2 2 1 66 3 -2 1.5 67 -3 5 0.5 68 6 1 1 69 4 -3 1.5 70 4 4 0.5 71 6 0 1 72 -3 -4 1.5 73 3 3 0.5 74 -2 -1 1 75 -5 -5 1.5 76 -6 2 0.5 77 -5 -2 1 78 -2 5 1.5 -2 20 -1 20 0 1 1 20 2 1 3 20 4 20 I -0.75 1 R -0.75 0 | unclamped_nonuniform_d20_roundtrip R 2 1 1 20 0 81 7 -1 3 -1 -3 -5/2 1/2 -1 -5 2 1 0 -3 -3 3/2 1/2 3/2 5/2 1/2 2 -3 1 1 9/2 9 -9/2 3/2 2 2 2 1/2 5 4 0 1 9 9 -6 3/2 7/2 -3/2 3/2 1/2 8 3 -1 1 27/2 -3 -15/2 3/2 5 -5/2 1 1/2 11 -6 -2 1 18 -15/2 15/2 3/2 13/2 -1 1/2 1/2 14 3 -3 1 45/2 -9/2 6 3/2 8 3 0 1/2 17 4 -4 1 27 6 9/2 3/2 19/2 3 -1/2 1/2 20 -3 -5 1 63/2 9/2 3 3/2 11 -1 -1 1/2 23 -5 5 1 36 -9 3/2 3/2 25/2 -5/2 -3/2 1/2 26 -2 4 1 81/2 9/2 0 3/2 14 -3/2 -2 1/2 29 6 3 1 45 6 -3/2 3/2 31/2 2 -5/2 1/2 32 6 2 1 99/2 -9/2 -3 3/2 17 3/2 5/2 1/2 35 -2 1 1 54 -15/2 -9/2 3/2 37/2 -3 2 1/2 38 -5 0 1 117/2 -3 -6 3/2 20 3/2 3/2 1/2 41 -3 -1 1 63 9 -15/2 3/2 43/2 2 1 1/2 44 4 -2 1 135/2 9 15/2 3/2 23 -3/2 1/2 1/2 47 3 -3 1 72 -3 6 3/2 49/2 -5/2 0 1/2 50 -6 -4 1 153/2 -15/2 9/2 3/2 26 -1 -1/2 1/2 53 3 -5 1 81 -9/2 3 3/2 55/2 3 -1 1/2 56 4 5 1 171/2 6 3/2 3/2 29 3 -3/2 1/2 59 -3 4 1 90 9/2 0 3/2 61/2 -1 -2 1/2 62 -5 3 1 189/2 -9 -3/2 3/2 32 -5/2 -5/2 1/2 65 -2 2 1 99 9/2 -3 3/2 67/2 -3/2 5/2 1/2 68 6 1 1 207/2 6 -9/2 3/2 35 2 2 1/2 71 6 0 1 108 -9/2 -6 3/2 73/2 3/2 3/2 1/2 74 -2 -1 1 225/2 -15/2 -15/2 3/2 38 -3 1 1/2 77 -5 -2 1 117 -3 15/2 3/2 -2 20 -1 20 0 1 1 20 2 1 3 20 4 20
unclamped_nonuniform_d20_full_roundtrip S 20 81 7 2 -2 -6 -5 0.5 -1 -5 2 1 0 -2 -2 1.5 1 3 5 0.5 2 -3 1 1 3 6 -3 1.5 4 4 4 0.5 5 4 0 1 6 6 -4 1.5 7 -3 3 0.5 8 3 -1 1 9 -2 -5 1.5 10 -5 2 0.5 11 -6 -2 1 12 -5 5 1.5 13 -2 1 0.5 14 3 -3 1 15 -3 4 1.5 16 6 0 0.5 17 4 -4 1 18 4 3 1.5 19 6 -1 0.5 20 -3 -5 1 21 3 2 1.5 22 -2 -2 0.5 23 -5 5 1 24 -6 1 1.5 25 -5 -3 0.5 26 -2 4 1 27 3 0 1.5 28 -3 -4 0.5 29 6 3 1 30 4 -1 1.5 31 4 -5 0.5 32 6 2 1 33 -3 -2 1.5 34 3 5 0.5 35 -2 1 1 36 -5 -3 1.5 37 -6 4 0.5 38 -5 0 1 39 -2 -4 1.5 40 3 3 0.5 41 -3 -1 1 42 6 -5 1.5 43 4 2 0.5 44 4 -2 1 45 6 5 1.5 46 -3 1 0.5 47 3 -3 1 48 -2 4 1.5 49 -5 0 0.5 50 -6 -4 1 51 -5 3 1.5 52 -2 -1 0.5 53 3 -5 1 54 -3 2 1.5 55 6 -2 0.5 56 4 5 1 57 4 1 1.5 58 6 -3 0.5 59 -3 4 1 60 3 0 1.5 61 -2 -4 0.5 62 -5 3 1 63 -6 -1 1.5 64 -5 -5 0.5 65 -2 2 1 66 3 -2 1.5 67 -3 5 0.5 68 6 1 1 69 4 -3 1.5 70 4 4 0.5 71 6 0 1 72 -3 -4 1.5 73 3 3 0.5 74 -2 -1 1 75 -5 -5 1.5 76 -6 2 0.5 77 -5 -2 1 78 -2 5 1.5 -2 20 -1 20 0 1 1 20 2 1 3 20 4 20 I -0.75 20 R -0.75 0 | unclamped_nonuniform_d20_full_roundtrip R 2 1 1 20 0 81 7 -1 3 -1 -3 -5/2 1/2 -1 -5 2 1 0 -3 -3 3/2 1/2 3/2 5/2 1/2 2 -3 1 1 9/2 9 -9/2 3/2 2 2 2 1/2 5 4 0 1 9 9 -6 3/2 7/2 -3/2 3/2 1/2 8 3 -1 1 27/2 -3 -15/2 3/2 5 -5/2 1 1/2 11 -6 -2 1 18 -15/2 15/2 3/2 13/2 -1 1/2 1/2 14 3 -3 1 45/2 -9/2 6 3/2 8 3 0 1/2 17 4 -4 1 27 6 9/2 3/2 19/2 3 -1/2 1/2 20 -3 -5 1 63/2 9/2 3 3/2 11 -1 -1 1/2 23 -5 5 1 36 -9 3/2 3/2 25/2 -5/2 -3/2 1/2 26 -2 4 1 81/2 9/2 0 3/2 14 -3/2 -2 1/2 29 6 3 1 45 6 -3/2 3/2 31/2 2 -5/2 1/2 32 6 2 1 99/2 -9/2 -3 3/2 17 3/2 5/2 1/2 35 -2 1 1 54 -15/2 -9/2 3/2 37/2 -3 2 1/2 38 -5 0 1 117/2 -3 -6 3/2 20 3/2 3/2 1/2 41 -3 -1 1 63 9 -15/2 3/2 43/2 2 1 1/2 44 4 -2 1 135/2 9 15/2 3/2 23 -3/2 1/2 1/2 47 3 -3 1 72 -3 6 3/2 49/2 -5/2 0 1/2 50 -6 -4 1 153/2 -15/2 9/2 3/2 26 -1 -1/2 1/2 53 3 -5 1 81 -9/2 3 3/2 55/2 3 -1 1/2 56 4 5 1 171/2 6 3/2 3/2 29 3 -3/2 1/2 59 -3 4 1 90 9/2 0 3/2 61/2 -1 -2 1/2 62 -5 3 1 189/2 -9 -3/2 3/2 32 -5/2 -5/2 1/2 65 -2 2 1 99 9/2 -3 3/2 67/2 -3/2 5/2 1/2 68 6 1 1 207/2 6 -9/2 3/2 35 2 2 1/2 71 6 0 1 108 -9/2 -6 3/2 73/2 3/2 3/2 1/2 74 -2 -1 1 225/2 -15/2 -15/2 3/2 38 -3 1 1/2 77 -5 -2 1 117 -3 15/2 3/2 -2 20 -1 20 0 1 1 20 2 1 3 20 4 20
unclamped_nonuniform_d20_remove_existing S 20 81 7 1 -2 -6 -5 0.5 -1 -5 2 1 0 -2 -2 1.5 1 3 5 0.5 2 -3 1 1 3 6 -3 1.5 4 4 4 0.5 5 4 0 1 6 6 -4 1.5 7 -3 3 0.5 8 3 -1 1 9 -2 -5 1.5 10 -5 2 0.5 11 -6 -2 1 12 -5 5 1.5 13 -2 1 0.5 14 3 -3 1 15 -3 4 1.5 16 6 0 0.5 17 4 -4 1 18 4 3 1.5 19 6 -1 0.5 20 -3 -5 1 21 3 2 1.5 22 -2 -2 0.5 23 -5 5 1 24 -6 1 1.5 25 -5 -3 0.5 26 -2 4 1 27 3 0 1.5 28 -3 -4 0.5 29 6 3 1 30 4 -1 1.5 31 4 -5 0.5 32 6 2 1 33 -3 -2 1.5 34 3 5 0.5 35 -2 1 1 36 -5 -3 1.5 37 -6 4 0.5 38 -5 0 1 39 -2 -4 1.5 40 3 3 0.5 41 -3 -1 1 42 6 -5 1.5 43 4 2 0.5 44 4 -2 1 45 6 5 1.5 46 -3 1 0.5 47 3 -3 1 48 -2 4 1.5 49 -5 0 0.5 50 -6 -4 1 51 -5 3 1.5 52 -2 -1 0.5 53 3 -5 1 54 -3 2 1.5 55 6 -2 0.5 56 4 5 1 57 4 1 1.5 58 6 -3 0.5 59 -3 4 1 60 3 0 1.5 61 -2 -4 0.5 62 -5 3 1 63 -6 -1 1.5 64 -5 -5 0.5 65 -2 2 1 66 3 -2 1.5 67 -3 5 0.5 68 6 1 1 69 4 -3 1.5 70 4 4 0.5 71 6 0 1 72 -3 -4 1.5 73 3 3 0.5 74 -2 -1 1 75 -5 -5 1.5 76 -6 2 0.5 77 -5 -2 1 78 -2 5 1.5 -2 20 -1 20 0 1 1 20 2 1 3 20 4 20 R 0 0 | unclamped_nonuniform_d20_remove_existing R 1 0 20 0 81 7 -1 3 -1 -3 -5/2 1/2 -1 -5 2 1 0 -3 -3 3/2 1/2 3/2 5/2 1/2 2 -3 1 1 9/2 9 -9/2 3/2 2 2 2 1/2 5 4 0 1 9 9 -6 3/2 7/2 -3/2 3/2 1/2 8 3 -1 1 27/2 -3 -15/2 3/2 5 -5/2 1 1/2 11 -6 -2 1 18 -15/2 15/2 3/2 13/2 -1 1/2 1/2 14 3 -3 1 45/2 -9/2 6 3/2 8 3 0 1/2 17 4 -4 1 27 6 9/2 3/2 19/2 3 -1/2 1/2 20 -3 -5 1 63/2 9/2 3 3/2 11 -1 -1 1/2 23 -5 5 1 36 -9 3/2 3/2 25/2 -5/2 -3/2 1/2 26 -2 4 1 81/2 9/2 0 3/2 14 -3/2 -2 1/2 29 6 3 1 45 6 -3/2 3/2 31/2 2 -5/2 1/2 32 6 2 1 99/2 -9/2 -3 3/2 17 3/2 5/2 1/2 35 -2 1 1 54 -15/2 -9/2 3/2 37/2 -3 2 1/2 38 -5 0 1 117/2 -3 -6 3/2 20 3/2 3/2 1/2 41 -3 -1 1 63 9 -15/2 3/2 43/2 2 1 1/2 44 4 -2 1 135/2 9 15/2 3/2 23 -3/2 1/2 1/2 47 3 -3 1 72 -3 6 3/2 49/2 -5/2 0 1/2 50 -6 -4 1 153/2 -15/2 9/2 3/2 26 -1 -1/2 1/2 53 3 -5 1 81 -9/2 3 3/2 55/2 3 -1 1/2 56 4 5 1 171/2 6 3/2 3/2 29 3 -3/2 1/2 59 -3 4 1 90 9/2 0 3/2 61/2 -1 -2 1/2 62 -5 3 1 189/2 -9 -3/2 3/2 32 -5/2 -5/2 1/2 65 -2 2 1 99 9/2 -3 3/2 67/2 -3/2 5/2 1/2 68 6 1 1 207/2 6 -9/2 3/2 35 2 2 1/2 71 6 0 1 108 -9/2 -6 3/2 73/2 3/2 3/2 1/2 74 -2 -1 1 225/2 -15/2 -15/2 3/2 38 -3 1 1/2 77 -5 -2 1 117 -3 15/2 3/2 -2 20 -1 20 0 1 1 20 2 1 3 20 4 20
unclamped_nonuniform_d20_domain_ends S 20 81 7 2 -2 -6 -5 0.5 -1 -5 2 1 0 -2 -2 1.5 1 3 5 0.5 2 -3 1 1 3 6 -3 1.5 4 4 4 0.5 5 4 0 1 6 6 -4 1.5 7 -3 3 0.5 8 3 -1 1 9 -2 -5 1.5 10 -5 2 0.5 11 -6 -2 1 12 -5 5 1.5 13 -2 1 0.5 14 3 -3 1 15 -3 4 1.5 16 6 0 0.5 17 4 -4 1 18 4 3 1.5 19 6 -1 0.5 20 -3 -5 1 21 3 2 1.5 22 -2 -2 0.5 23 -5 5 1 24 -6 1 1.5 25 -5 -3 0.5 26 -2 4 1 27 3 0 1.5 28 -3 -4 0.5 29 6 3 1 30 4 -1 1.5 31 4 -5 0.5 32 6 2 1 33 -3 -2 1.5 34 3 5 0.5 35 -2 1 1 36 -5 -3 1.5 37 -6 4 0.5 38 -5 0 1 39 -2 -4 1.5 40 3 3 0.5 41 -3 -1 1 42 6 -5 1.5 43 4 2 0.5 44 4 -2 1 45 6 5 1.5 46 -3 1 0.5 47 3 -3 1 48 -2 4 1.5 49 -5 0 0.5 50 -6 -4 1 51 -5 3 1.5 52 -2 -1 0.5 53 3 -5 1 54 -3 2 1.5 55 6 -2 0.5 56 4 5 1 57 4 1 1.5 58 6 -3 0.5 59 -3 4 1 60 3 0 1.5 61 -2 -4 0.5 62 -5 3 1 63 -6 -1 1.5 64 -5 -5 0.5 65 -2 2 1 66 3 -2 1.5 67 -3 5 0.5 68 6 1 1 69 4 -3 1.5 70 4 4 0.5 71 6 0 1 72 -3 -4 1.5 73 3 3 0.5 74 -2 -1 1 75 -5 -5 1.5 76 -6 2 0.5 77 -5 -2 1 78 -2 5 1.5 -2 20 -1 20 0 1 1 20 2 1 3 20 4 20 I -1 20 I 3 20 | unclamped_nonuniform_d20_domain_ends R 2 1 1 20 0 81 7 -1 3 -1 -3 -5/2 1/2 -1 -5 2 1 0 -3 -3 3/2 1/2 3/2 5/2 1/2 2 -3 1 1 9/2 9 -9/2 3/2 2 2 2 1/2 5 4 0 1 9 9 -6 3/2 7/2 -3/2 3/2 1/2 8 3 -1 1 27/2 -3 -15/2 3/2 5 -5/2 1 1/2 11 -6 -2 1 18 -15/2 15/2 3/2 13/2 -1 1/2 1/2 14 3 -3 1 45/2 -9/2 6 3/2 8 3 0 1/2 17 4 -4 1 27 6 9/2 3/2 19/2 3 -1/2 1/2 20 -3 -5 1 63/2 9/2 3 3/2 11 -1 -1 1/2 23 -5 5 1 36 -9 3/2 3/2 25/2 -5/2 -3/2 1/2 26 -2 4 1 81/2 9/2 0 3/2 14 -3/2 -2 1/2 29 6 3 1 45 6 -3/2 3/2 31/2 2 -5/2 1/2 32 6 2 1 99/2 -9/2 -3 3/2 17 3/2 5/2 1/2 35 -2 1 1 54 -15/2 -9/2 3/2 37/2 -3 2 1/2 38 -5 0 1 117/2 -3 -6 3/2 20 3/2 3/2 1/2 41 -3 -1 1 63 9 -15/2 3/2 43/2 2 1 1/2 44 4 -2 1 135/2 9 15/2 3/2 23 -3/2 1/2 1/2 47 3 -3 1 72 -3 6 3/2 49/2 -5/2 0 1/2 50 -6 -4 1 153/2 -15/2 9/2 3/2 26 -1 -1/2 1/2 53 3 -5 1 81 -9/2 3 3/2 55/2 3 -1 1/2 56 4 5 1 171/2 6 3/2 3/2 29 3 -3/2 1/2 59 -3 4 1 90 9/2 0 3/2 61/2 -1 -2 1/2 62 -5 3 1 189/2 -9 -3/2 3/2 32 -5/2 -5/2 1/2 65 -2 2 1 99 9/2 -3 3/2 67/2 -3/2 5/2 1/2 68 6 1 1 207/2 6 -9/2 3/2 35 2 2 1/2 71 6 0 1 108 -9/2 -6 3/2 73/2 3/2 3/2 1/2 74 -2 -1 1 225/2 -15/2 -15/2 3/2 38 -3 1 1/2 77 -5 -2 1 117 -3 15/2 3/2 -2 20 -1 20 0 1 1 20 2 1 3 20 4 20
constant_periodic_d20_identity P 20 23 24 0 2 -3 5 1 2 -3 5 1 2 -3 5 1 2 -3 5 1 2 -3 5 1 2 -3 5 1 2 -3 5 1 2 -3 5 1 2 -3 5 1 2 -3 5 1 2 -3 5 1 2 -3 5 1 2 -3 5 1 2 -3 5 1 2 -3 5 1 2 -3 5 1 2 -3 5 1 2 -3 5 1 2 -3 5 1 2 -3 5 1 2 -3 5 1 2 -3 5 1 2 -3 5 1 0 1 1 1 2 1 3 1 4 1 5 1 6 1 7 1 8 1 9 1 10 1 11 1 12 1 13 1 14 1 15 1 16 1 17 1 18 1 19 1 20 1 21 1 22 1 23 1 | constant_periodic_d20_identity R 0 20 1 23 24 0 23 2 -3 5 1 2 -3 5 1 2 -3 5 1 2 -3 5 1 2 -3 5 1 2 -3 5 1 2 -3 5 1 2 -3 5 1 2 -3 5 1 2 -3 5 1 2 -3 5 1 2 -3 5 1 2 -3 5 1 2 -3 5 1 2 -3 5 1 2 -3 5 1 2 -3 5 1 2 -3 5 1 2 -3 5 1 2 -3 5 1 2 -3 5 1 2 -3 5 1 2 -3 5 1 0 1 1 1 2 1 3 1 4 1 5 1 6 1 7 1 8 1 9 1 10 1 11 1 12 1 13 1 14 1 15 1 16 1 17 1 18 1 19 1 20 1 21 1 22 1 23 1
constant_periodic_d20_insert P 20 23 24 1 2 -3 5 1 2 -3 5 1 2 -3 5 1 2 -3 5 1 2 -3 5 1 2 -3 5 1 2 -3 5 1 2 -3 5 1 2 -3 5 1 2 -3 5 1 2 -3 5 1 2 -3 5 1 2 -3 5 1 2 -3 5 1 2 -3 5 1 2 -3 5 1 2 -3 5 1 2 -3 5 1 2 -3 5 1 2 -3 5 1 2 -3 5 1 2 -3 5 1 2 -3 5 1 0 1 1 1 2 1 3 1 4 1 5 1 6 1 7 1 8 1 9 1 10 1 11 1 12 1 13 1 14 1 15 1 16 1 17 1 18 1 19 1 20 1 21 1 22 1 23 1 I 0.25 20 | constant_periodic_d20_insert R 1 1 20 1 43 25 0 23 2 -3 5 1 2 -3 5 1 2 -3 5 1 2 -3 5 1 2 -3 5 1 2 -3 5 1 2 -3 5 1 2 -3 5 1 2 -3 5 1 2 -3 5 1 2 -3 5 1 2 -3 5 1 2 -3 5 1 2 -3 5 1 2 -3 5 1 2 -3 5 1 2 -3 5 1 2 -3 5 1 2 -3 5 1 2 -3 5 1 2 -3 5 1 2 -3 5 1 2 -3 5 1 2 -3 5 1 2 -3 5 1 2 -3 5 1 2 -3 5 1 2 -3 5 1 2 -3 5 1 2 -3 5 1 2 -3 5 1 2 -3 5 1 2 -3 5 1 2 -3 5 1 2 -3 5 1 2 -3 5 1 2 -3 5 1 2 -3 5 1 2 -3 5 1 2 -3 5 1 2 -3 5 1 2 -3 5 1 2 -3 5 1 0 1 1/4 20 1 1 2 1 3 1 4 1 5 1 6 1 7 1 8 1 9 1 10 1 11 1 12 1 13 1 14 1 15 1 16 1 17 1 18 1 19 1 20 1 21 1 22 1 23 1
constant_periodic_d20_sequence P 20 23 24 4 2 -3 5 1 2 -3 5 1 2 -3 5 1 2 -3 5 1 2 -3 5 1 2 -3 5 1 2 -3 5 1 2 -3 5 1 2 -3 5 1 2 -3 5 1 2 -3 5 1 2 -3 5 1 2 -3 5 1 2 -3 5 1 2 -3 5 1 2 -3 5 1 2 -3 5 1 2 -3 5 1 2 -3 5 1 2 -3 5 1 2 -3 5 1 2 -3 5 1 2 -3 5 1 0 1 1 1 2 1 3 1 4 1 5 1 6 1 7 1 8 1 9 1 10 1 11 1 12 1 13 1 14 1 15 1 16 1 17 1 18 1 19 1 20 1 21 1 22 1 23 1 I 0.75 1 I 0.25 20 I 0.75 20 I 0.25 1 | constant_periodic_d20_sequence R 4 1 1 1 1 20 1 63 26 0 23 2 -3 5 1 2 -3 5 1 2 -3 5 1 2 -3 5 1 2 -3 5 1 2 -3 5 1 2 -3 5 1 2 -3 5 1 2 -3 5 1 2 -3 5 1 2 -3 5 1 2 -3 5 1 2 -3 5 1 2 -3 5 1 2 -3 5 1 2 -3 5 1 2 -3 5 1 2 -3 5 1 2 -3 5 1 2 -3 5 1 2 -3 5 1 2 -3 5 1 2 -3 5 1 2 -3 5 1 2 -3 5 1 2 -3 5 1 2 -3 5 1 2 -3 5 1 2 -3 5 1 2 -3 5 1 2 -3 5 1 2 -3 5 1 2 -3 5 1 2 -3 5 1 2 -3 5 1 2 -3 5 1 2 -3 5 1 2 -3 5 1 2 -3 5 1 2 -3 5 1 2 -3 5 1 2 -3 5 1 2 -3 5 1 2 -3 5 1 2 -3 5 1 2 -3 5 1 2 -3 5 1 2 -3 5 1 2 -3 5 1 2 -3 5 1 2 -3 5 1 2 -3 5 1 2 -3 5 1 2 -3 5 1 2 -3 5 1 2 -3 5 1 2 -3 5 1 2 -3 5 1 2 -3 5 1 2 -3 5 1 2 -3 5 1 2 -3 5 1 2 -3 5 1 0 1 1/4 20 3/4 20 1 1 2 1 3 1 4 1 5 1 6 1 7 1 8 1 9 1 10 1 11 1 12 1 13 1 14 1 15 1 16 1 17 1 18 1 19 1 20 1 21 1 22 1 23 1
constant_periodic_d20_roundtrip P 20 23 24 2 2 -3 5 1 2 -3 5 1 2 -3 5 1 2 -3 5 1 2 -3 5 1 2 -3 5 1 2 -3 5 1 2 -3 5 1 2 -3 5 1 2 -3 5 1 2 -3 5 1 2 -3 5 1 2 -3 5 1 2 -3 5 1 2 -3 5 1 2 -3 5 1 2 -3 5 1 2 -3 5 1 2 -3 5 1 2 -3 5 1 2 -3 5 1 2 -3 5 1 2 -3 5 1 0 1 1 1 2 1 3 1 4 1 5 1 6 1 7 1 8 1 9 1 10 1 11 1 12 1 13 1 14 1 15 1 16 1 17 1 18 1 19 1 20 1 21 1 22 1 23 1 I 0.25 1 R 0.25 0 | constant_periodic_d20_roundtrip R 2 1 1 20 1 23 24 0 23 2 -3 5 1 2 -3 5 1 2 -3 5 1 2 -3 5 1 2 -3 5 1 2 -3 5 1 2 -3 5 1 2 -3 5 1 2 -3 5 1 2 -3 5 1 2 -3 5 1 2 -3 5 1 2 -3 5 1 2 -3 5 1 2 -3 5 1 2 -3 5 1 2 -3 5 1 2 -3 5 1 2 -3 5 1 2 -3 5 1 2 -3 5 1 2 -3 5 1 2 -3 5 1 0 1 1 1 2 1 3 1 4 1 5 1 6 1 7 1 8 1 9 1 10 1 11 1 12 1 13 1 14 1 15 1 16 1 17 1 18 1 19 1 20 1 21 1 22 1 23 1
constant_periodic_d20_full_roundtrip P 20 23 24 2 2 -3 5 1 2 -3 5 1 2 -3 5 1 2 -3 5 1 2 -3 5 1 2 -3 5 1 2 -3 5 1 2 -3 5 1 2 -3 5 1 2 -3 5 1 2 -3 5 1 2 -3 5 1 2 -3 5 1 2 -3 5 1 2 -3 5 1 2 -3 5 1 2 -3 5 1 2 -3 5 1 2 -3 5 1 2 -3 5 1 2 -3 5 1 2 -3 5 1 2 -3 5 1 0 1 1 1 2 1 3 1 4 1 5 1 6 1 7 1 8 1 9 1 10 1 11 1 12 1 13 1 14 1 15 1 16 1 17 1 18 1 19 1 20 1 21 1 22 1 23 1 I 0.25 20 R 0.25 0 | constant_periodic_d20_full_roundtrip R 2 1 1 20 1 23 24 0 23 2 -3 5 1 2 -3 5 1 2 -3 5 1 2 -3 5 1 2 -3 5 1 2 -3 5 1 2 -3 5 1 2 -3 5 1 2 -3 5 1 2 -3 5 1 2 -3 5 1 2 -3 5 1 2 -3 5 1 2 -3 5 1 2 -3 5 1 2 -3 5 1 2 -3 5 1 2 -3 5 1 2 -3 5 1 2 -3 5 1 2 -3 5 1 2 -3 5 1 2 -3 5 1 0 1 1 1 2 1 3 1 4 1 5 1 6 1 7 1 8 1 9 1 10 1 11 1 12 1 13 1 14 1 15 1 16 1 17 1 18 1 19 1 20 1 21 1 22 1 23 1
constant_periodic_d20_remove_existing P 20 23 24 1 2 -3 5 1 2 -3 5 1 2 -3 5 1 2 -3 5 1 2 -3 5 1 2 -3 5 1 2 -3 5 1 2 -3 5 1 2 -3 5 1 2 -3 5 1 2 -3 5 1 2 -3 5 1 2 -3 5 1 2 -3 5 1 2 -3 5 1 2 -3 5 1 2 -3 5 1 2 -3 5 1 2 -3 5 1 2 -3 5 1 2 -3 5 1 2 -3 5 1 2 -3 5 1 0 1 1 1 2 1 3 1 4 1 5 1 6 1 7 1 8 1 9 1 10 1 11 1 12 1 13 1 14 1 15 1 16 1 17 1 18 1 19 1 20 1 21 1 22 1 23 1 R 1 0 | constant_periodic_d20_remove_existing R 1 1 20 1 22 23 0 23 2 -3 5 1 2 -3 5 1 2 -3 5 1 2 -3 5 1 2 -3 5 1 2 -3 5 1 2 -3 5 1 2 -3 5 1 2 -3 5 1 2 -3 5 1 2 -3 5 1 2 -3 5 1 2 -3 5 1 2 -3 5 1 2 -3 5 1 2 -3 5 1 2 -3 5 1 2 -3 5 1 2 -3 5 1 2 -3 5 1 2 -3 5 1 2 -3 5 1 0 1 2 1 3 1 4 1 5 1 6 1 7 1 8 1 9 1 10 1 11 1 12 1 13 1 14 1 15 1 16 1 17 1 18 1 19 1 20 1 21 1 22 1 23 1
constant_periodic_d20_seam P 20 23 24 2 2 -3 5 1 2 -3 5 1 2 -3 5 1 2 -3 5 1 2 -3 5 1 2 -3 5 1 2 -3 5 1 2 -3 5 1 2 -3 5 1 2 -3 5 1 2 -3 5 1 2 -3 5 1 2 -3 5 1 2 -3 5 1 2 -3 5 1 2 -3 5 1 2 -3 5 1 2 -3 5 1 2 -3 5 1 2 -3 5 1 2 -3 5 1 2 -3 5 1 2 -3 5 1 0 1 1 1 2 1 3 1 4 1 5 1 6 1 7 1 8 1 9 1 10 1 11 1 12 1 13 1 14 1 15 1 16 1 17 1 18 1 19 1 20 1 21 1 22 1 23 1 I 0 20 I 23 20 | constant_periodic_d20_seam R 2 1 1 20 1 42 24 0 23 2 -3 5 1 2 -3 5 1 2 -3 5 1 2 -3 5 1 2 -3 5 1 2 -3 5 1 2 -3 5 1 2 -3 5 1 2 -3 5 1 2 -3 5 1 2 -3 5 1 2 -3 5 1 2 -3 5 1 2 -3 5 1 2 -3 5 1 2 -3 5 1 2 -3 5 1 2 -3 5 1 2 -3 5 1 2 -3 5 1 2 -3 5 1 2 -3 5 1 2 -3 5 1 2 -3 5 1 2 -3 5 1 2 -3 5 1 2 -3 5 1 2 -3 5 1 2 -3 5 1 2 -3 5 1 2 -3 5 1 2 -3 5 1 2 -3 5 1 2 -3 5 1 2 -3 5 1 2 -3 5 1 2 -3 5 1 2 -3 5 1 2 -3 5 1 2 -3 5 1 2 -3 5 1 2 -3 5 1 0 20 1 1 2 1 3 1 4 1 5 1 6 1 7 1 8 1 9 1 10 1 11 1 12 1 13 1 14 1 15 1 16 1 17 1 18 1 19 1 20 1 21 1 22 1 23 20
constant_periodic_d20_seam_roundtrip P 20 23 24 2 2 -3 5 1 2 -3 5 1 2 -3 5 1 2 -3 5 1 2 -3 5 1 2 -3 5 1 2 -3 5 1 2 -3 5 1 2 -3 5 1 2 -3 5 1 2 -3 5 1 2 -3 5 1 2 -3 5 1 2 -3 5 1 2 -3 5 1 2 -3 5 1 2 -3 5 1 2 -3 5 1 2 -3 5 1 2 -3 5 1 2 -3 5 1 2 -3 5 1 2 -3 5 1 0 1 1 1 2 1 3 1 4 1 5 1 6 1 7 1 8 1 9 1 10 1 11 1 12 1 13 1 14 1 15 1 16 1 17 1 18 1 19 1 20 1 21 1 22 1 23 1 I 23 20 R 0 1 | constant_periodic_d20_seam_roundtrip R 2 1 1 20 1 23 24 0 23 2 -3 5 1 2 -3 5 1 2 -3 5 1 2 -3 5 1 2 -3 5 1 2 -3 5 1 2 -3 5 1 2 -3 5 1 2 -3 5 1 2 -3 5 1 2 -3 5 1 2 -3 5 1 2 -3 5 1 2 -3 5 1 2 -3 5 1 2 -3 5 1 2 -3 5 1 2 -3 5 1 2 -3 5 1 2 -3 5 1 2 -3 5 1 2 -3 5 1 2 -3 5 1 0 1 1 1 2 1 3 1 4 1 5 1 6 1 7 1 8 1 9 1 10 1 11 1 12 1 13 1 14 1 15 1 16 1 17 1 18 1 19 1 20 1 21 1 22 1 23 1
constant_periodic_d20_remove_origin P 20 23 24 1 2 -3 5 1 2 -3 5 1 2 -3 5 1 2 -3 5 1 2 -3 5 1 2 -3 5 1 2 -3 5 1 2 -3 5 1 2 -3 5 1 2 -3 5 1 2 -3 5 1 2 -3 5 1 2 -3 5 1 2 -3 5 1 2 -3 5 1 2 -3 5 1 2 -3 5 1 2 -3 5 1 2 -3 5 1 2 -3 5 1 2 -3 5 1 2 -3 5 1 2 -3 5 1 0 1 1 1 2 1 3 1 4 1 5 1 6 1 7 1 8 1 9 1 10 1 11 1 12 1 13 1 14 1 15 1 16 1 17 1 18 1 19 1 20 1 21 1 22 1 23 1 R 0 0 | constant_periodic_d20_remove_origin R 1 1 20 1 22 23 1 24 2 -3 5 1 2 -3 5 1 2 -3 5 1 2 -3 5 1 2 -3 5 1 2 -3 5 1 2 -3 5 1 2 -3 5 1 2 -3 5 1 2 -3 5 1 2 -3 5 1 2 -3 5 1 2 -3 5 1 2 -3 5 1 2 -3 5 1 2 -3 5 1 2 -3 5 1 2 -3 5 1 2 -3 5 1 2 -3 5 1 2 -3 5 1 2 -3 5 1 1 1 2 1 3 1 4 1 5 1 6 1 7 1 8 1 9 1 10 1 11 1 12 1 13 1 14 1 15 1 16 1 17 1 18 1 19 1 20 1 21 1 22 1 24 1
constant_periodic_d20_remove_end_alias P 20 23 24 1 2 -3 5 1 2 -3 5 1 2 -3 5 1 2 -3 5 1 2 -3 5 1 2 -3 5 1 2 -3 5 1 2 -3 5 1 2 -3 5 1 2 -3 5 1 2 -3 5 1 2 -3 5 1 2 -3 5 1 2 -3 5 1 2 -3 5 1 2 -3 5 1 2 -3 5 1 2 -3 5 1 2 -3 5 1 2 -3 5 1 2 -3 5 1 2 -3 5 1 2 -3 5 1 0 1 1 1 2 1 3 1 4 1 5 1 6 1 7 1 8 1 9 1 10 1 11 1 12 1 13 1 14 1 15 1 16 1 17 1 18 1 19 1 20 1 21 1 22 1 23 1 R 23 0 | constant_periodic_d20_remove_end_alias R 1 1 20 1 22 23 1 24 2 -3 5 1 2 -3 5 1 2 -3 5 1 2 -3 5 1 2 -3 5 1 2 -3 5 1 2 -3 5 1 2 -3 5 1 2 -3 5 1 2 -3 5 1 2 -3 5 1 2 -3 5 1 2 -3 5 1 2 -3 5 1 2 -3 5 1 2 -3 5 1 2 -3 5 1 2 -3 5 1 2 -3 5 1 2 -3 5 1 2 -3 5 1 2 -3 5 1 1 1 2 1 3 1 4 1 5 1 6 1 7 1 8 1 9 1 10 1 11 1 12 1 13 1 14 1 15 1 16 1 17 1 18 1 19 1 20 1 21 1 22 1 24 1
unclamped_nonuniform_d21_identity S 21 85 7 0 -2 -6 -5 0.5 -1 -5 2 1 0 -2 -2 1.5 1 3 5 0.5 2 -3 1 1 3 6 -3 1.5 4 4 4 0.5 5 4 0 1 6 6 -4 1.5 7 -3 3 0.5 8 3 -1 1 9 -2 -5 1.5 10 -5 2 0.5 11 -6 -2 1 12 -5 5 1.5 13 -2 1 0.5 14 3 -3 1 15 -3 4 1.5 16 6 0 0.5 17 4 -4 1 18 4 3 1.5 19 6 -1 0.5 20 -3 -5 1 21 3 2 1.5 22 -2 -2 0.5 23 -5 5 1 24 -6 1 1.5 25 -5 -3 0.5 26 -2 4 1 27 3 0 1.5 28 -3 -4 0.5 29 6 3 1 30 4 -1 1.5 31 4 -5 0.5 32 6 2 1 33 -3 -2 1.5 34 3 5 0.5 35 -2 1 1 36 -5 -3 1.5 37 -6 4 0.5 38 -5 0 1 39 -2 -4 1.5 40 3 3 0.5 41 -3 -1 1 42 6 -5 1.5 43 4 2 0.5 44 4 -2 1 45 6 5 1.5 46 -3 1 0.5 47 3 -3 1 48 -2 4 1.5 49 -5 0 0.5 50 -6 -4 1 51 -5 3 1.5 52 -2 -1 0.5 53 3 -5 1 54 -3 2 1.5 55 6 -2 0.5 56 4 5 1 57 4 1 1.5 58 6 -3 0.5 59 -3 4 1 60 3 0 1.5 61 -2 -4 0.5 62 -5 3 1 63 -6 -1 1.5 64 -5 -5 0.5 65 -2 2 1 66 3 -2 1.5 67 -3 5 0.5 68 6 1 1 69 4 -3 1.5 70 4 4 0.5 71 6 0 1 72 -3 -4 1.5 73 3 3 0.5 74 -2 -1 1 75 -5 -5 1.5 76 -6 2 0.5 77 -5 -2 1 78 -2 5 1.5 79 3 1 0.5 80 -3 -3 1 81 6 4 1.5 82 4 0 0.5 -2 21 -1 21 0 1 1 21 2 1 3 21 4 21 | unclamped_nonuniform_d21_identity R 0 21 0 85 7 -1 3 -1 -3 -5/2 1/2 -1 -5 2 1 0 -3 -3 3/2 1/2 3/2 5/2 1/2 2 -3 1 1 9/2 9 -9/2 3/2 2 2 2 1/2 5 4 0 1 9 9 -6 3/2 7/2 -3/2 3/2 1/2 8 3 -1 1 27/2 -3 -15/2 3/2 5 -5/2 1 1/2 11 -6 -2 1 18 -15/2 15/2 3/2 13/2 -1 1/2 1/2 14 3 -3 1 45/2 -9/2 6 3/2 8 3 0 1/2 17 4 -4 1 27 6 9/2 3/2 19/2 3 -1/2 1/2 20 -3 -5 1 63/2 9/2 3 3/2 11 -1 -1 1/2 23 -5 5 1 36 -9 3/2 3/2 25/2 -5/2 -3/2 1/2 26 -2 4 1 81/2 9/2 0 3/2 14 -3/2 -2 1/2 29 6 3 1 45 6 -3/2 3/2 31/2 2 -5/2 1/2 32 6 2 1 99/2 -9/2 -3 3/2 17 3/2 5/2 1/2 35 -2 1 1 54 -15/2 -9/2 3/2 37/2 -3 2 1/2 38 -5 0 1 117/2 -3 -6 3/2 20 3/2 3/2 1/2 41 -3 -1 1 63 9 -15/2 3/2 43/2 2 1 1/2 44 4 -2 1 135/2 9 15/2 3/2 23 -3/2 1/2 1/2 47 3 -3 1 72 -3 6 3/2 49/2 -5/2 0 1/2 50 -6 -4 1 153/2 -15/2 9/2 3/2 26 -1 -1/2 1/2 53 3 -5 1 81 -9/2 3 3/2 55/2 3 -1 1/2 56 4 5 1 171/2 6 3/2 3/2 29 3 -3/2 1/2 59 -3 4 1 90 9/2 0 3/2 61/2 -1 -2 1/2 62 -5 3 1 189/2 -9 -3/2 3/2 32 -5/2 -5/2 1/2 65 -2 2 1 99 9/2 -3 3/2 67/2 -3/2 5/2 1/2 68 6 1 1 207/2 6 -9/2 3/2 35 2 2 1/2 71 6 0 1 108 -9/2 -6 3/2 73/2 3/2 3/2 1/2 74 -2 -1 1 225/2 -15/2 -15/2 3/2 38 -3 1 1/2 77 -5 -2 1 117 -3 15/2 3/2 79/2 3/2 1/2 1/2 80 -3 -3 1 243/2 9 6 3/2 41 2 0 1/2 -2 21 -1 21 0 1 1 21 2 1 3 21 4 21
unclamped_nonuniform_d21_insert S 21 85 7 1 -2 -6 -5 0.5 -1 -5 2 1 0 -2 -2 1.5 1 3 5 0.5 2 -3 1 1 3 6 -3 1.5 4 4 4 0.5 5 4 0 1 6 6 -4 1.5 7 -3 3 0.5 8 3 -1 1 9 -2 -5 1.5 10 -5 2 0.5 11 -6 -2 1 12 -5 5 1.5 13 -2 1 0.5 14 3 -3 1 15 -3 4 1.5 16 6 0 0.5 17 4 -4 1 18 4 3 1.5 19 6 -1 0.5 20 -3 -5 1 21 3 2 1.5 22 -2 -2 0.5 23 -5 5 1 24 -6 1 1.5 25 -5 -3 0.5 26 -2 4 1 27 3 0 1.5 28 -3 -4 0.5 29 6 3 1 30 4 -1 1.5 31 4 -5 0.5 32 6 2 1 33 -3 -2 1.5 34 3 5 0.5 35 -2 1 1 36 -5 -3 1.5 37 -6 4 0.5 38 -5 0 1 39 -2 -4 1.5 40 3 3 0.5 41 -3 -1 1 42 6 -5 1.5 43 4 2 0.5 44 4 -2 1 45 6 5 1.5 46 -3 1 0.5 47 3 -3 1 48 -2 4 1.5 49 -5 0 0.5 50 -6 -4 1 51 -5 3 1.5 52 -2 -1 0.5 53 3 -5 1 54 -3 2 1.5 55 6 -2 0.5 56 4 5 1 57 4 1 1.5 58 6 -3 0.5 59 -3 4 1 60 3 0 1.5 61 -2 -4 0.5 62 -5 3 1 63 -6 -1 1.5 64 -5 -5 0.5 65 -2 2 1 66 3 -2 1.5 67 -3 5 0.5 68 6 1 1 69 4 -3 1.5 70 4 4 0.5 71 6 0 1 72 -3 -4 1.5 73 3 3 0.5 74 -2 -1 1 75 -5 -5 1.5 76 -6 2 0.5 77 -5 -2 1 78 -2 5 1.5 79 3 1 0.5 80 -3 -3 1 81 6 4 1.5 82 4 0 0.5 -2 21 -1 21 0 1 1 21 2 1 3 21 4 21 I -0.75 21 | unclamped_nonuniform_d21_insert R 1 1 21 0 106 8 -1 3 -1 -3 -5/2 1/2 -1 -5 2 1 0 -3 -3 3/2 1/2 3/2 5/2 1/2 2 -3 1 1 9/2 9 -9/2 3/2 2 2 2 1/2 5 4 0 1 9 9 -6 3/2 7/2 -3/2 3/2 1/2 8 3 -1 1 27/2 -3 -15/2 3/2 5 -5/2 1 1/2 11 -6 -2 1 18 -15/2 15/2 3/2 13/2 -1 1/2 1/2 14 3 -3 1 45/2 -9/2 6 3/2 8 3 0 1/2 17 4 -4 1 27 6 9/2 3/2 181/8 21/4 13/4 5/4 1259/64 9/2 139/64 69/64 2277/128 1947/512 651/512 247/256 34195/2048 13045/4096 2217/4096 3665/4096 530023/32768 5439/2048 -1101/32768 28047/32768 4208223/262144 290239/131072 -61755/131072 13747/16384 33975073/2097152 1943007/1048576 -828643/1048576 1755547/2097152 277151501/16777216 6546429/4194304 -16930079/16777216 14173935/16777216 1136682267/67108864 177904683/134217728 -153611411/134217728 57602029/67108864 583983043/33554432 609270273/536870912 -1300721837/1073741824 939345005/1073741824 153606942883/8589934592 2099001735/2147483648 -10504735653/8589934592 7665402603/8589934592 1260906296157/68719476736 57931734531/68719476736 -10224990605/8589934592 1953433037/2147483648 10329117295951/549755813888 397442848703/549755813888 -19298213979/17179869184 508967033767/549755813888 84416036088029/4398046511104 167694988825/274877906944 -4529544974579/4398046511104 4135894401435/4398046511104 172064973471207/8796093022208 2193673255485/4398046511104 -32261608890445/35184372088832 16768421277673/17592186044416 2799414108049153/140737488355328 54167532383761/140737488355328 -6949438798963/8796093022208 271368815573153/281474976710656 45451419225773407/2251799813685248 149431329588229/562949953421312 -1472633081219755/2251799813685248 2191498581329895/2251799813685248 368306311946591931/18014398509481984 2497638999025017/18014398509481984 -4616713589119731/9007199254740992 1104153623295547/1125899906842624 2979838389160803421/144115188075855872 521965212232359/144115188075855872 -53172458994994487/144115188075855872 142193377419066403/144115188075855872 24077161735757061533/1152921504606846976 -40272025191951307/288230376151711744 -130137270487656225/576460752303423488 1142950189127307063/1152921504606846976 97166424094260485481/4611686018427387904 -1341287758519749031/4611686018427387904 -784086690891647023/9223372036854775808 4588343736866354677/4611686018427387904 12467469443494650441/576460752303423488 -858023456216333347/1152921504606846976 777560554960227677/2305843009213693952 72468323092777093/72057594037927936 6482957968432914715/288230376151711744 -141626917036067755/72057594037927936 366239063997646373/288230376151711744 290456866678506461/288230376151711744 826063519468567581/36028797018963968 -125697994169844753/36028797018963968 32047336341368517/18014398509481984 35464243940146605/36028797018963968 109150196046199635/4503599627370496 -5047340501166899/1125899906842624 939252750172417/562949953421312 2258733242374691/2251799813685248 14312047096204121/562949953421312 -522424204897467/140737488355328 45463483898281/35184372088832 574466669512543/562949953421312 222474086040561/8796093022208 -57811785913899/35184372088832 29314690328547/35184372088832 68707106088477/70368744177664 117046267118535/4398046511104 4822494526501/8796093022208 1828723510429/2199023255552 545092259171/549755813888 31555335699823/1099511627776 16638627009/8589934592 523810889191/1099511627776 1146830754905/1099511627776 3807353448939/137438953472 401938658619/137438953472 -21927743493/137438953472 133672005561/137438953472 487921612953/17179869184 8073025871/2147483648 120617457/17179869184 8258720783/8589934592 69698270465/2147483648 5121701617/1073741824 -543950433/2147483648 2312113555/2147483648 4106188071/134217728 481651797/134217728 -77560143/67108864 264697737/268435456 121547613/4194304 37163081/16777216 -17360957/33554432 471257/524288 153458611/4194304 3006585/4194304 90889/2097152 4675877/4194304 18368313/524288 -1008111/524288 -94233/262144 547221/524288 1803135/65536 -52345/65536 79123/65536 25835/32768 329369/8192 -16117/4096 -3191/4096 9271/8192 11049/256 -6243/1024 -2511/1024 1221/1024 1497/64 -55/16 23/16 5/8 649/16 -19/4 -3/4 17/16 117/2 -3 -6 3/2 20 3/2 3/2 1/2 41 -3 -1 1 63 9 -15/2 3/2 43/2 2 1 1/2 44 4 -2 1 135/2 9 15/2 3/2 23 -3/2 1/2 1/2 47 3 -3 1 72 -3 6 3/2 49/2 -5/2 0 1/2 50 -6 -4 1 153/2 -15/2 9/2 3/2 26 -1 -1/2 1/2 53 3 -5 1 81 -9/2 3 3/2 55/2 3 -1 1/2 56 4 5 1 171/2 6 3/2 3/2 29 3 -3/2 1/2 59 -3 4 1 90 9/2 0 3/2 61/2 -1 -2 1/2 62 -5 3 1 189/2 -9 -3/2 3/2 32 -5/2 -5/2 1/2 65 -2 2 1 99 9/2 -3 3/2 67/2 -3/2 5/2 1/2 68 6 1 1 207/2 6 -9/2 3/2 35 2 2 1/2 71 6 0 1 108 -9/2 -6 3/2 73/2 3/2 3/2 1/2 74 -2 -1 1 225/2 -15/2 -15/2 3/2 38 -3 1 1/2 77 -5 -2 1 117 -3 15/2 3/2 79/2 3/2 1/2 1/2 80 -3 -3 1 243/2 9 6 3/2 41 2 0 1/2 -2 21 -1 21 -3/4 21 0 1 1 21 2 1 3 21 4 21
unclamped_nonuniform_d21_sequence S 21 85 7 4 -2 -6 -5 0.5 -1 -5 2 1 0 -2 -2 1.5 1 3 5 0.5 2 -3 1 1 3 6 -3 1.5 4 4 4 0.5 5 4 0 1 6 6 -4 1.5 7 -3 3 0.5 8 3 -1 1 9 -2 -5 1.5 10 -5 2 0.5 11 -6 -2 1 12 -5 5 1.5 13 -2 1 0.5 14 3 -3 1 15 -3 4 1.5 16 6 0 0.5 17 4 -4 1 18 4 3 1.5 19 6 -1 0.5 20 -3 -5 1 21 3 2 1.5 22 -2 -2 0.5 23 -5 5 1 24 -6 1 1.5 25 -5 -3 0.5 26 -2 4 1 27 3 0 1.5 28 -3 -4 0.5 29 6 3 1 30 4 -1 1.5 31 4 -5 0.5 32 6 2 1 33 -3 -2 1.5 34 3 5 0.5 35 -2 1 1 36 -5 -3 1.5 37 -6 4 0.5 38 -5 0 1 39 -2 -4 1.5 40 3 3 0.5 41 -3 -1 1 42 6 -5 1.5 43 4 2 0.5 44 4 -2 1 45 6 5 1.5 46 -3 1 0.5 47 3 -3 1 48 -2 4 1.5 49 -5 0 0.5 50 -6 -4 1 51 -5 3 1.5 52 -2 -1 0.5 53 3 -5 1 54 -3 2 1.5 55 6 -2 0.5 56 4 5 1 57 4 1 1.5 58 6 -3 0.5 59 -3 4 1 60 3 0 1.5 61 -2 -4 0.5 62 -5 3 1 63 -6 -1 1.5 64 -5 -5 0.5 65 -2 2 1 66 3 -2 1.5 67 -3 5 0.5 68 6 1 1 69 4 -3 1.5 70 4 4 0.5 71 6 0 1 72 -3 -4 1.5 73 3 3 0.5 74 -2 -1 1 75 -5 -5 1.5 76 -6 2 0.5 77 -5 -2 1 78 -2 5 1.5 79 3 1 0.5 80 -3 -3 1 81 6 4 1.5 82 4 0 0.5 -2 21 -1 21 0 1 1 21 2 1 3 21 4 21 I -0.25 1 I -0.75 21 I -0.25 21 I -0.75 1 | unclamped_nonuniform_d21_sequence R 4 1 1 1 1 21 0 127 9 -1 3 -1 -3 -5/2 1/2 -1 -5 2 1 0 -3 -3 3/2 1/2 3/2 5/2 1/2 2 -3 1 1 9/2 9 -9/2 3/2 2 2 2 1/2 5 4 0 1 9 9 -6 3/2 7/2 -3/2 3/2 1/2 8 3 -1 1 27/2 -3 -15/2 3/2 5 -5/2 1 1/2 11 -6 -2 1 18 -15/2 15/2 3/2 13/2 -1 1/2 1/2 14 3 -3 1 45/2 -9/2 6 3/2 8 3 0 1/2 17 4 -4 1 27 6 9/2 3/2 181/8 21/4 13/4 5/4 1259/64 9/2 139/64 69/64 2277/128 1947/512 651/512 247/256 34195/2048 13045/4096 2217/4096 3665/4096 530023/32768 5439/2048 -1101/32768 28047/32768 4208223/262144 290239/131072 -61755/131072 13747/16384 33975073/2097152 1943007/1048576 -828643/1048576 1755547/2097152 277151501/16777216 6546429/4194304 -16930079/16777216 14173935/16777216 1136682267/67108864 177904683/134217728 -153611411/134217728 57602029/67108864 583983043/33554432 609270273/536870912 -1300721837/1073741824 939345005/1073741824 153606942883/8589934592 2099001735/2147483648 -10504735653/8589934592 7665402603/8589934592 1260906296157/68719476736 57931734531/68719476736 -10224990605/8589934592 1953433037/2147483648 10329117295951/549755813888 397442848703/549755813888 -19298213979/17179869184 508967033767/549755813888 84416036088029/4398046511104 167694988825/274877906944 -4529544974579/4398046511104 4135894401435/4398046511104 172064973471207/8796093022208 2193673255485/4398046511104 -32261608890445/35184372088832 16768421277673/17592186044416 2799414108049153/140737488355328 54167532383761/140737488355328 -6949438798963/8796093022208 271368815573153/281474976710656 45451419225773407/2251799813685248 149431329588229/562949953421312 -1472633081219755/2251799813685248 2191498581329895/2251799813685248 368306311946591931/18014398509481984 2497638999025017/18014398509481984 -4616713589119731/9007199254740992 1104153623295547/1125899906842624 2979838389160803421/144115188075855872 521965212232359/144115188075855872 -53172458994994487/144115188075855872 142193377419066403/144115188075855872 24077161735757061533/1152921504606846976 -40272025191951307/288230376151711744 -130137270487656225/576460752303423488 1142950189127307063/1152921504606846976 97166424094260485481/4611686018427387904 -1341287758519749031/4611686018427387904 -784086690891647023/9223372036854775808 4588343736866354677/4611686018427387904 98881978396724964179/4611686018427387904 -2735158469416805269/4611686018427387904 1812132582930058131/9223372036854775808 4621429697580607527/4611686018427387904 100213367344588253633/4611686018427387904 -4272549442657348383/4611686018427387904 4317426212886583321/9223372036854775808 4634236863326952653/4611686018427387904 101309013068133083163/4611686018427387904 -5933600459698851837/4611686018427387904 6579033244862047083/9223372036854775808 4633904902509262831/4611686018427387904 102311740611171109721/4611686018427387904 -7652078638016355415/4611686018427387904 8518242750320888993/9223372036854775808 4627658376004594149/4611686018427387904 103315472544356465315/4611686018427387904 -9338007358160184229/4611686018427387904 10103436341228478467/9223372036854775808 4620474471673371767/4611686018427387904 104363046037976404017/4611686018427387904 -10897544009401961295/4611686018427387904 11332709126618621801/9223372036854775808 4614858793724050237/4611686018427387904 105461209906327911659/4611686018427387904 -12246753866790152333/4611686018427387904 12223844447883523931/9223372036854775808 4611495754310352831/4611686018427387904 106598289313839175241/4611686018427387904 -13319661143434450439/4611686018427387904 12807575833040882289/9223372036854775808 4610064101220744917/4611686018427387904 107757651612037626099/4611686018427387904 -14071753978637711541/4611686018427387904 13122092701804711795/9223372036854775808 4609884553080699847/4611686018427387904 108925265573274864545/4611686018427387904 -14480174880078760575/4611686018427387904 13208350168594737081/9223372036854775808 4610308090605499053/4611686018427387904 110092365033969707195/4611686018427387904 -14541697376005815837/4611686018427387904 13106365257721495115/9223372036854775808 4610879819168045711/4611686018427387904 111255119871338196537/4611686018427387904 -14269413938082473655/4611686018427387904 12852687626922803521/9223372036854775808 4611357444615775429/4611686018427387904 112413050450487637571/4611686018427387904 -13688874418236355269/4611686018427387904 12479025983740578275/9223372036854775808 4611660188555236887/4611686018427387904 113567335947373415441/4611686018427387904 -12834228658784934063/4611686018427387904 12011825332544416009/9223372036854775808 4611801169176146717/4611686018427387904 114719566643853818763/4611686018427387904 -11744749548269035693/4611686018427387904 11472504840449566779/9223372036854775808 4611831328415062111/4611686018427387904 115871059361994474281/4611686018427387904 -10461953006628290151/4611686018427387904 10878073706121609489/9223372036854775808 4611804103155551157/4611686018427387904 117022626255023063699/4611686018427387904 -9027398107658199509/4611686018427387904 10241903621301714771/9223372036854775808 4611759119575300967/4611686018427387904 118174615815374815617/4611686018427387904 -7481149652004300255/4611686018427387904 9574512743612496729/9223372036854775808 4611718842810330253/4611686018427387904 119327065330168612187/4611686018427387904 -5860818539409465405/4611686018427387904 8884282614469371179/9223372036854775808 4611691885814335791/4611686018427387904 120479859809938670873/4611686018427387904 -4201059696523349271/4611686018427387904 8178075678333688289/9223372036854775808 4611678337175577509/4611686018427387904 121632848009904958947/4611686018427387904 -2533397585662612965/4611686018427387904 7461746821924052931/9223372036854775808 4611674494173690807/4611686018427387904 15276167763736012873/576460752303423488 -424891632558061203/1152921504606846976 1775895598429808813/2305843009213693952 72057383948011679/72057594037927936 7818253422503069369/288230376151711744 38741684873247987/72057594037927936 165628370386022071/288230376151711744 288229693575882511/288230376151711744 999808636886710533/36028797018963968 51635809953982791/36028797018963968 6741538730995341/18014398509481984 36029114929568757/36028797018963968 127790085888581081/4503599627370496 2495622076498343/1125899906842624 100211998753843/562949953421312 2251826142275617/2251799813685248 16325059255147417/562949953421312 395968619064581/140737488355328 -286221083447/35184372088832 562935992714783/562949953421312 260576832251943/8796093022208 111791949021279/35184372088832 -6215621739567/35184372088832 70365237973071/70368744177664 133052268358079/4398046511104 28806952572061/8796093022208 -695710893507/2199023255552 549790203697/549755813888 33952281224381/1099511627776 211490992657/68719476736 -454065266651/1099511627776 1099725124699/1099511627776 4328410407867/137438953472 353409391179/137438953472 -61713374517/137438953472 137421230313/137438953472 551572198019/17179869184 3835330521/2147483648 -6982242389/17179869184 8583849853/8589934592 70358242633/2147483648 871699353/1073741824 -608644713/2147483648 2147775947/2147483648 4489613253/134217728 -30062049/134217728 -8370249/67108864 269091339/268435456 142579949/4194304 -20432983/16777216 -712157/33554432 524587/524288 144097169/4194304 -8955597/4194304 -113597/2097152 4160791/4194304 18418833/524288 -1581399/524288 -69249/262144 521517/524288 2409581/65536 -259083/65536 -42791/65536 33577/32768 306217/8192 -19493/4096 -3911/4096 8423/8192 8811/256 -4737/1024 -549/1024 951/1024 2129/64 -63/16 -1/16 7/8 731/16 -17/4 -9/4 19/16 117/2 -3 -6 3/2 20 3/2 3/2 1/2 41 -3 -1 1 63 9 -15/2 3/2 43/2 2 1 1/2 44 4 -2 1 135/2 9 15/2 3/2 23 -3/2 1/2 1/2 47 3 -3 1 72 -3 6 3/2 49/2 -5/2 0 1/2 50 -6 -4 1 153/2 -15/2 9/2 3/2 26 -1 -1/2 1/2 53 3 -5 1 81 -9/2 3 3/2 55/2 3 -1 1/2 56 4 5 1 171/2 6 3/2 3/2 29 3 -3/2 1/2 59 -3 4 1 90 9/2 0 3/2 61/2 -1 -2 1/2 62 -5 3 1 189/2 -9 -3/2 3/2 32 -5/2 -5/2 1/2 65 -2 2 1 99 9/2 -3 3/2 67/2 -3/2 5/2 1/2 68 6 1 1 207/2 6 -9/2 3/2 35 2 2 1/2 71 6 0 1 108 -9/2 -6 3/2 73/2 3/2 3/2 1/2 74 -2 -1 1 225/2 -15/2 -15/2 3/2 38 -3 1 1/2 77 -5 -2 1 117 -3 15/2 3/2 79/2 3/2 1/2 1/2 80 -3 -3 1 243/2 9 6 3/2 41 2 0 1/2 -2 21 -1 21 -3/4 21 -1/4 21 0 1 1 21 2 1 3 21 4 21
unclamped_nonuniform_d21_roundtrip S 21 85 7 2 -2 -6 -5 0.5 -1 -5 2 1 0 -2 -2 1.5 1 3 5 0.5 2 -3 1 1 3 6 -3 1.5 4 4 4 0.5 5 4 0 1 6 6 -4 1.5 7 -3 3 0.5 8 3 -1 1 9 -2 -5 1.5 10 -5 2 0.5 11 -6 -2 1 12 -5 5 1.5 13 -2 1 0.5 14 3 -3 1 15 -3 4 1.5 16 6 0 0.5 17 4 -4 1 18 4 3 1.5 19 6 -1 0.5 20 -3 -5 1 21 3 2 1.5 22 -2 -2 0.5 23 -5 5 1 24 -6 1 1.5 25 -5 -3 0.5 26 -2 4 1 27 3 0 1.5 28 -3 -4 0.5 29 6 3 1 30 4 -1 1.5 31 4 -5 0.5 32 6 2 1 33 -3 -2 1.5 34 3 5 0.5 35 -2 1 1 36 -5 -3 1.5 37 -6 4 0.5 38 -5 0 1 39 -2 -4 1.5 40 3 3 0.5 41 -3 -1 1 42 6 -5 1.5 43 4 2 0.5 44 4 -2 1 45 6 5 1.5 46 -3 1 0.5 47 3 -3 1 48 -2 4 1.5 49 -5 0 0.5 50 -6 -4 1 51 -5 3 1.5 52 -2 -1 0.5 53 3 -5 1 54 -3 2 1.5 55 6 -2 0.5 56 4 5 1 57 4 1 1.5 58 6 -3 0.5 59 -3 4 1 60 3 0 1.5 61 -2 -4 0.5 62 -5 3 1 63 -6 -1 1.5 64 -5 -5 0.5 65 -2 2 1 66 3 -2 1.5 67 -3 5 0.5 68 6 1 1 69 4 -3 1.5 70 4 4 0.5 71 6 0 1 72 -3 -4 1.5 73 3 3 0.5 74 -2 -1 1 75 -5 -5 1.5 76 -6 2 0.5 77 -5 -2 1 78 -2 5 1.5 79 3 1 0.5 80 -3 -3 1 81 6 4 1.5 82 4 0 0.5 -2 21 -1 21 0 1 1 21 2 1 3 21 4 21 I -0.75 1 R -0.75 0 | unclamped_nonuniform_d21_roundtrip R 2 1 1 21 0 85 7 -1 3 -1 -3 -5/2 1/2 -1 -5 2 1 0 -3 -3 3/2 1/2 3/2 5/2 1/2 2 -3 1 1 9/2 9 -9/2 3/2 2 2 2 1/2 5 4 0 1 9 9 -6 3/2 7/2 -3/2 3/2 1/2 8 3 -1 1 27/2 -3 -15/2 3/2 5 -5/2 1 1/2 11 -6 -2 1 18 -15/2 15/2 3/2 13/2 -1 1/2 1/2 14 3 -3 1 45/2 -9/2 6 3/2 8 3 0 1/2 17 4 -4 1 27 6 9/2 3/2 19/2 3 -1/2 1/2 20 -3 -5 1 63/2 9/2 3 3/2 11 -1 -1 1/2 23 -5 5 1 36 -9 3/2 3/2 25/2 -5/2 -3/2 1/2 26 -2 4 1 81/2 9/2 0 3/2 14 -3/2 -2 1/2 29 6 3 1 45 6 -3/2 3/2 31/2 2 -5/2 1/2 32 6 2 1 99/2 -9/2 -3 3/2 17 3/2 5/2 1/2 35 -2 1 1 54 -15/2 -9/2 3/2 37/2 -3 2 1/2 38 -5 0 1 117/2 -3 -6 3/2 20 3/2 3/2 1/2 41 -3 -1 1 63 9 -15/2 3/2 43/2 2 1 1/2 44 4 -2 1 135/2 9 15/2 3/2 23 -3/2 1/2 1/2 47 3 -3 1 72 -3 6 3/2 49/2 -5/2 0 1/2 50 -6 -4 1 153/2 -15/2 9/2 3/2 26 -1 -1/2 1/2 53 3 -5 1 81 -9/2 3 3/2 55/2 3 -1 1/2 56 4 5 1 171/2 6 3/2 3/2 29 3 -3/2 1/2 59 -3 4 1 90 9/2 0 3/2 61/2 -1 -2 1/2 62 -5 3 1 189/2 -9 -3/2 3/2 32 -5/2 -5/2 1/2 65 -2 2 1 99 9/2 -3 3/2 67/2 -3/2 5/2 1/2 68 6 1 1 207/2 6 -9/2 3/2 35 2 2 1/2 71 6 0 1 108 -9/2 -6 3/2 73/2 3/2 3/2 1/2 74 -2 -1 1 225/2 -15/2 -15/2 3/2 38 -3 1 1/2 77 -5 -2 1 117 -3 15/2 3/2 79/2 3/2 1/2 1/2 80 -3 -3 1 243/2 9 6 3/2 41 2 0 1/2 -2 21 -1 21 0 1 1 21 2 1 3 21 4 21
unclamped_nonuniform_d21_full_roundtrip S 21 85 7 2 -2 -6 -5 0.5 -1 -5 2 1 0 -2 -2 1.5 1 3 5 0.5 2 -3 1 1 3 6 -3 1.5 4 4 4 0.5 5 4 0 1 6 6 -4 1.5 7 -3 3 0.5 8 3 -1 1 9 -2 -5 1.5 10 -5 2 0.5 11 -6 -2 1 12 -5 5 1.5 13 -2 1 0.5 14 3 -3 1 15 -3 4 1.5 16 6 0 0.5 17 4 -4 1 18 4 3 1.5 19 6 -1 0.5 20 -3 -5 1 21 3 2 1.5 22 -2 -2 0.5 23 -5 5 1 24 -6 1 1.5 25 -5 -3 0.5 26 -2 4 1 27 3 0 1.5 28 -3 -4 0.5 29 6 3 1 30 4 -1 1.5 31 4 -5 0.5 32 6 2 1 33 -3 -2 1.5 34 3 5 0.5 35 -2 1 1 36 -5 -3 1.5 37 -6 4 0.5 38 -5 0 1 39 -2 -4 1.5 40 3 3 0.5 41 -3 -1 1 42 6 -5 1.5 43 4 2 0.5 44 4 -2 1 45 6 5 1.5 46 -3 1 0.5 47 3 -3 1 48 -2 4 1.5 49 -5 0 0.5 50 -6 -4 1 51 -5 3 1.5 52 -2 -1 0.5 53 3 -5 1 54 -3 2 1.5 55 6 -2 0.5 56 4 5 1 57 4 1 1.5 58 6 -3 0.5 59 -3 4 1 60 3 0 1.5 61 -2 -4 0.5 62 -5 3 1 63 -6 -1 1.5 64 -5 -5 0.5 65 -2 2 1 66 3 -2 1.5 67 -3 5 0.5 68 6 1 1 69 4 -3 1.5 70 4 4 0.5 71 6 0 1 72 -3 -4 1.5 73 3 3 0.5 74 -2 -1 1 75 -5 -5 1.5 76 -6 2 0.5 77 -5 -2 1 78 -2 5 1.5 79 3 1 0.5 80 -3 -3 1 81 6 4 1.5 82 4 0 0.5 -2 21 -1 21 0 1 1 21 2 1 3 21 4 21 I -0.75 21 R -0.75 0 | unclamped_nonuniform_d21_full_roundtrip R 2 1 1 21 0 85 7 -1 3 -1 -3 -5/2 1/2 -1 -5 2 1 0 -3 -3 3/2 1/2 3/2 5/2 1/2 2 -3 1 1 9/2 9 -9/2 3/2 2 2 2 1/2 5 4 0 1 9 9 -6 3/2 7/2 -3/2 3/2 1/2 8 3 -1 1 27/2 -3 -15/2 3/2 5 -5/2 1 1/2 11 -6 -2 1 18 -15/2 15/2 3/2 13/2 -1 1/2 1/2 14 3 -3 1 45/2 -9/2 6 3/2 8 3 0 1/2 17 4 -4 1 27 6 9/2 3/2 19/2 3 -1/2 1/2 20 -3 -5 1 63/2 9/2 3 3/2 11 -1 -1 1/2 23 -5 5 1 36 -9 3/2 3/2 25/2 -5/2 -3/2 1/2 26 -2 4 1 81/2 9/2 0 3/2 14 -3/2 -2 1/2 29 6 3 1 45 6 -3/2 3/2 31/2 2 -5/2 1/2 32 6 2 1 99/2 -9/2 -3 3/2 17 3/2 5/2 1/2 35 -2 1 1 54 -15/2 -9/2 3/2 37/2 -3 2 1/2 38 -5 0 1 117/2 -3 -6 3/2 20 3/2 3/2 1/2 41 -3 -1 1 63 9 -15/2 3/2 43/2 2 1 1/2 44 4 -2 1 135/2 9 15/2 3/2 23 -3/2 1/2 1/2 47 3 -3 1 72 -3 6 3/2 49/2 -5/2 0 1/2 50 -6 -4 1 153/2 -15/2 9/2 3/2 26 -1 -1/2 1/2 53 3 -5 1 81 -9/2 3 3/2 55/2 3 -1 1/2 56 4 5 1 171/2 6 3/2 3/2 29 3 -3/2 1/2 59 -3 4 1 90 9/2 0 3/2 61/2 -1 -2 1/2 62 -5 3 1 189/2 -9 -3/2 3/2 32 -5/2 -5/2 1/2 65 -2 2 1 99 9/2 -3 3/2 67/2 -3/2 5/2 1/2 68 6 1 1 207/2 6 -9/2 3/2 35 2 2 1/2 71 6 0 1 108 -9/2 -6 3/2 73/2 3/2 3/2 1/2 74 -2 -1 1 225/2 -15/2 -15/2 3/2 38 -3 1 1/2 77 -5 -2 1 117 -3 15/2 3/2 79/2 3/2 1/2 1/2 80 -3 -3 1 243/2 9 6 3/2 41 2 0 1/2 -2 21 -1 21 0 1 1 21 2 1 3 21 4 21
unclamped_nonuniform_d21_remove_existing S 21 85 7 1 -2 -6 -5 0.5 -1 -5 2 1 0 -2 -2 1.5 1 3 5 0.5 2 -3 1 1 3 6 -3 1.5 4 4 4 0.5 5 4 0 1 6 6 -4 1.5 7 -3 3 0.5 8 3 -1 1 9 -2 -5 1.5 10 -5 2 0.5 11 -6 -2 1 12 -5 5 1.5 13 -2 1 0.5 14 3 -3 1 15 -3 4 1.5 16 6 0 0.5 17 4 -4 1 18 4 3 1.5 19 6 -1 0.5 20 -3 -5 1 21 3 2 1.5 22 -2 -2 0.5 23 -5 5 1 24 -6 1 1.5 25 -5 -3 0.5 26 -2 4 1 27 3 0 1.5 28 -3 -4 0.5 29 6 3 1 30 4 -1 1.5 31 4 -5 0.5 32 6 2 1 33 -3 -2 1.5 34 3 5 0.5 35 -2 1 1 36 -5 -3 1.5 37 -6 4 0.5 38 -5 0 1 39 -2 -4 1.5 40 3 3 0.5 41 -3 -1 1 42 6 -5 1.5 43 4 2 0.5 44 4 -2 1 45 6 5 1.5 46 -3 1 0.5 47 3 -3 1 48 -2 4 1.5 49 -5 0 0.5 50 -6 -4 1 51 -5 3 1.5 52 -2 -1 0.5 53 3 -5 1 54 -3 2 1.5 55 6 -2 0.5 56 4 5 1 57 4 1 1.5 58 6 -3 0.5 59 -3 4 1 60 3 0 1.5 61 -2 -4 0.5 62 -5 3 1 63 -6 -1 1.5 64 -5 -5 0.5 65 -2 2 1 66 3 -2 1.5 67 -3 5 0.5 68 6 1 1 69 4 -3 1.5 70 4 4 0.5 71 6 0 1 72 -3 -4 1.5 73 3 3 0.5 74 -2 -1 1 75 -5 -5 1.5 76 -6 2 0.5 77 -5 -2 1 78 -2 5 1.5 79 3 1 0.5 80 -3 -3 1 81 6 4 1.5 82 4 0 0.5 -2 21 -1 21 0 1 1 21 2 1 3 21 4 21 R 0 0 | unclamped_nonuniform_d21_remove_existing R 1 0 21 0 85 7 -1 3 -1 -3 -5/2 1/2 -1 -5 2 1 0 -3 -3 3/2 1/2 3/2 5/2 1/2 2 -3 1 1 9/2 9 -9/2 3/2 2 2 2 1/2 5 4 0 1 9 9 -6 3/2 7/2 -3/2 3/2 1/2 8 3 -1 1 27/2 -3 -15/2 3/2 5 -5/2 1 1/2 11 -6 -2 1 18 -15/2 15/2 3/2 13/2 -1 1/2 1/2 14 3 -3 1 45/2 -9/2 6 3/2 8 3 0 1/2 17 4 -4 1 27 6 9/2 3/2 19/2 3 -1/2 1/2 20 -3 -5 1 63/2 9/2 3 3/2 11 -1 -1 1/2 23 -5 5 1 36 -9 3/2 3/2 25/2 -5/2 -3/2 1/2 26 -2 4 1 81/2 9/2 0 3/2 14 -3/2 -2 1/2 29 6 3 1 45 6 -3/2 3/2 31/2 2 -5/2 1/2 32 6 2 1 99/2 -9/2 -3 3/2 17 3/2 5/2 1/2 35 -2 1 1 54 -15/2 -9/2 3/2 37/2 -3 2 1/2 38 -5 0 1 117/2 -3 -6 3/2 20 3/2 3/2 1/2 41 -3 -1 1 63 9 -15/2 3/2 43/2 2 1 1/2 44 4 -2 1 135/2 9 15/2 3/2 23 -3/2 1/2 1/2 47 3 -3 1 72 -3 6 3/2 49/2 -5/2 0 1/2 50 -6 -4 1 153/2 -15/2 9/2 3/2 26 -1 -1/2 1/2 53 3 -5 1 81 -9/2 3 3/2 55/2 3 -1 1/2 56 4 5 1 171/2 6 3/2 3/2 29 3 -3/2 1/2 59 -3 4 1 90 9/2 0 3/2 61/2 -1 -2 1/2 62 -5 3 1 189/2 -9 -3/2 3/2 32 -5/2 -5/2 1/2 65 -2 2 1 99 9/2 -3 3/2 67/2 -3/2 5/2 1/2 68 6 1 1 207/2 6 -9/2 3/2 35 2 2 1/2 71 6 0 1 108 -9/2 -6 3/2 73/2 3/2 3/2 1/2 74 -2 -1 1 225/2 -15/2 -15/2 3/2 38 -3 1 1/2 77 -5 -2 1 117 -3 15/2 3/2 79/2 3/2 1/2 1/2 80 -3 -3 1 243/2 9 6 3/2 41 2 0 1/2 -2 21 -1 21 0 1 1 21 2 1 3 21 4 21
unclamped_nonuniform_d21_domain_ends S 21 85 7 2 -2 -6 -5 0.5 -1 -5 2 1 0 -2 -2 1.5 1 3 5 0.5 2 -3 1 1 3 6 -3 1.5 4 4 4 0.5 5 4 0 1 6 6 -4 1.5 7 -3 3 0.5 8 3 -1 1 9 -2 -5 1.5 10 -5 2 0.5 11 -6 -2 1 12 -5 5 1.5 13 -2 1 0.5 14 3 -3 1 15 -3 4 1.5 16 6 0 0.5 17 4 -4 1 18 4 3 1.5 19 6 -1 0.5 20 -3 -5 1 21 3 2 1.5 22 -2 -2 0.5 23 -5 5 1 24 -6 1 1.5 25 -5 -3 0.5 26 -2 4 1 27 3 0 1.5 28 -3 -4 0.5 29 6 3 1 30 4 -1 1.5 31 4 -5 0.5 32 6 2 1 33 -3 -2 1.5 34 3 5 0.5 35 -2 1 1 36 -5 -3 1.5 37 -6 4 0.5 38 -5 0 1 39 -2 -4 1.5 40 3 3 0.5 41 -3 -1 1 42 6 -5 1.5 43 4 2 0.5 44 4 -2 1 45 6 5 1.5 46 -3 1 0.5 47 3 -3 1 48 -2 4 1.5 49 -5 0 0.5 50 -6 -4 1 51 -5 3 1.5 52 -2 -1 0.5 53 3 -5 1 54 -3 2 1.5 55 6 -2 0.5 56 4 5 1 57 4 1 1.5 58 6 -3 0.5 59 -3 4 1 60 3 0 1.5 61 -2 -4 0.5 62 -5 3 1 63 -6 -1 1.5 64 -5 -5 0.5 65 -2 2 1 66 3 -2 1.5 67 -3 5 0.5 68 6 1 1 69 4 -3 1.5 70 4 4 0.5 71 6 0 1 72 -3 -4 1.5 73 3 3 0.5 74 -2 -1 1 75 -5 -5 1.5 76 -6 2 0.5 77 -5 -2 1 78 -2 5 1.5 79 3 1 0.5 80 -3 -3 1 81 6 4 1.5 82 4 0 0.5 -2 21 -1 21 0 1 1 21 2 1 3 21 4 21 I -1 21 I 3 21 | unclamped_nonuniform_d21_domain_ends R 2 1 1 21 0 85 7 -1 3 -1 -3 -5/2 1/2 -1 -5 2 1 0 -3 -3 3/2 1/2 3/2 5/2 1/2 2 -3 1 1 9/2 9 -9/2 3/2 2 2 2 1/2 5 4 0 1 9 9 -6 3/2 7/2 -3/2 3/2 1/2 8 3 -1 1 27/2 -3 -15/2 3/2 5 -5/2 1 1/2 11 -6 -2 1 18 -15/2 15/2 3/2 13/2 -1 1/2 1/2 14 3 -3 1 45/2 -9/2 6 3/2 8 3 0 1/2 17 4 -4 1 27 6 9/2 3/2 19/2 3 -1/2 1/2 20 -3 -5 1 63/2 9/2 3 3/2 11 -1 -1 1/2 23 -5 5 1 36 -9 3/2 3/2 25/2 -5/2 -3/2 1/2 26 -2 4 1 81/2 9/2 0 3/2 14 -3/2 -2 1/2 29 6 3 1 45 6 -3/2 3/2 31/2 2 -5/2 1/2 32 6 2 1 99/2 -9/2 -3 3/2 17 3/2 5/2 1/2 35 -2 1 1 54 -15/2 -9/2 3/2 37/2 -3 2 1/2 38 -5 0 1 117/2 -3 -6 3/2 20 3/2 3/2 1/2 41 -3 -1 1 63 9 -15/2 3/2 43/2 2 1 1/2 44 4 -2 1 135/2 9 15/2 3/2 23 -3/2 1/2 1/2 47 3 -3 1 72 -3 6 3/2 49/2 -5/2 0 1/2 50 -6 -4 1 153/2 -15/2 9/2 3/2 26 -1 -1/2 1/2 53 3 -5 1 81 -9/2 3 3/2 55/2 3 -1 1/2 56 4 5 1 171/2 6 3/2 3/2 29 3 -3/2 1/2 59 -3 4 1 90 9/2 0 3/2 61/2 -1 -2 1/2 62 -5 3 1 189/2 -9 -3/2 3/2 32 -5/2 -5/2 1/2 65 -2 2 1 99 9/2 -3 3/2 67/2 -3/2 5/2 1/2 68 6 1 1 207/2 6 -9/2 3/2 35 2 2 1/2 71 6 0 1 108 -9/2 -6 3/2 73/2 3/2 3/2 1/2 74 -2 -1 1 225/2 -15/2 -15/2 3/2 38 -3 1 1/2 77 -5 -2 1 117 -3 15/2 3/2 79/2 3/2 1/2 1/2 80 -3 -3 1 243/2 9 6 3/2 41 2 0 1/2 -2 21 -1 21 0 1 1 21 2 1 3 21 4 21
constant_periodic_d21_identity P 21 24 25 0 2 -3 5 1 2 -3 5 1 2 -3 5 1 2 -3 5 1 2 -3 5 1 2 -3 5 1 2 -3 5 1 2 -3 5 1 2 -3 5 1 2 -3 5 1 2 -3 5 1 2 -3 5 1 2 -3 5 1 2 -3 5 1 2 -3 5 1 2 -3 5 1 2 -3 5 1 2 -3 5 1 2 -3 5 1 2 -3 5 1 2 -3 5 1 2 -3 5 1 2 -3 5 1 2 -3 5 1 0 1 1 1 2 1 3 1 4 1 5 1 6 1 7 1 8 1 9 1 10 1 11 1 12 1 13 1 14 1 15 1 16 1 17 1 18 1 19 1 20 1 21 1 22 1 23 1 24 1 | constant_periodic_d21_identity R 0 21 1 24 25 0 24 2 -3 5 1 2 -3 5 1 2 -3 5 1 2 -3 5 1 2 -3 5 1 2 -3 5 1 2 -3 5 1 2 -3 5 1 2 -3 5 1 2 -3 5 1 2 -3 5 1 2 -3 5 1 2 -3 5 1 2 -3 5 1 2 -3 5 1 2 -3 5 1 2 -3 5 1 2 -3 5 1 2 -3 5 1 2 -3 5 1 2 -3 5 1 2 -3 5 1 2 -3 5 1 2 -3 5 1 0 1 1 1 2 1 3 1 4 1 5 1 6 1 7 1 8 1 9 1 10 1 11 1 12 1 13 1 14 1 15 1 16 1 17 1 18 1 19 1 20 1 21 1 22 1 23 1 24 1
constant_periodic_d21_insert P 21 24 25 1 2 -3 5 1 2 -3 5 1 2 -3 5 1 2 -3 5 1 2 -3 5 1 2 -3 5 1 2 -3 5 1 2 -3 5 1 2 -3 5 1 2 -3 5 1 2 -3 5 1 2 -3 5 1 2 -3 5 1 2 -3 5 1 2 -3 5 1 2 -3 5 1 2 -3 5 1 2 -3 5 1 2 -3 5 1 2 -3 5 1 2 -3 5 1 2 -3 5 1 2 -3 5 1 2 -3 5 1 0 1 1 1 2 1 3 1 4 1 5 1 6 1 7 1 8 1 9 1 10 1 11 1 12 1 13 1 14 1 15 1 16 1 17 1 18 1 19 1 20 1 21 1 22 1 23 1 24 1 I 0.25 21 | constant_periodic_d21_insert R 1 1 21 1 45 26 0 24 2 -3 5 1 2 -3 5 1 2 -3 5 1 2 -3 5 1 2 -3 5 1 2 -3 5 1 2 -3 5 1 2 -3 5 1 2 -3 5 1 2 -3 5 1 2 -3 5 1 2 -3 5 1 2 -3 5 1 2 -3 5 1 2 -3 5 1 2 -3 5 1 2 -3 5 1 2 -3 5 1 2 -3 5 1 2 -3 5 1 2 -3 5 1 2 -3 5 1 2 -3 5 1 2 -3 5 1 2 -3 5 1 2 -3 5 1 2 -3 5 1 2 -3 5 1 2 -3 5 1 2 -3 5 1 2 -3 5 1 2 -3 5 1 2 -3 5 1 2 -3 5 1 2 -3 5 1 2 -3 5 1 2 -3 5 1 2 -3 5 1 2 -3 5 1 2 -3 5 1 2 -3 5 1 2 -3 5 1 2 -3 5 1 2 -3 5 1 2 -3 5 1 0 1 1/4 21 1 1 2 1 3 1 4 1 5 1 6 1 7 1 8 1 9 1 10 1 11 1 12 1 13 1 14 1 15 1 16 1 17 1 18 1 19 1 20 1 21 1 22 1 23 1 24 1
constant_periodic_d21_sequence P 21 24 25 4 2 -3 5 1 2 -3 5 1 2 -3 5 1 2 -3 5 1 2 -3 5 1 2 -3 5 1 2 -3 5 1 2 -3 5 1 2 -3 5 1 2 -3 5 1 2 -3 5 1 2 -3 5 1 2 -3 5 1 2 -3 5 1 2 -3 5 1 2 -3 5 1 2 -3 5 1 2 -3 5 1 2 -3 5 1 2 -3 5 1 2 -3 5 1 2 -3 5 1 2 -3 5 1 2 -3 5 1 0 1 1 1 2 1 3 1 4 1 5 1 6 1 7 1 8 1 9 1 10 1 11 1 12 1 13 1 14 1 15 1 16 1 17 1 18 1 19 1 20 1 21 1 22 1 23 1 24 1 I 0.75 1 I 0.25 21 I 0.75 21 I 0.25 1 | constant_periodic_d21_sequence R 4 1 1 1 1 21 1 66 27 0 24 2 -3 5 1 2 -3 5 1 2 -3 5 1 2 -3 5 1 2 -3 5 1 2 -3 5 1 2 -3 5 1 2 -3 5 1 2 -3 5 1 2 -3 5 1 2 -3 5 1 2 -3 5 1 2 -3 5 1 2 -3 5 1 2 -3 5 1 2 -3 5 1 2 -3 5 1 2 -3 5 1 2 -3 5 1 2 -3 5 1 2 -3 5 1 2 -3 5 1 2 -3 5 1 2 -3 5 1 2 -3 5 1 2 -3 5 1 2 -3 5 1 2 -3 5 1 2 -3 5 1 2 -3 5 1 2 -3 5 1 2 -3 5 1 2 -3 5 1 2 -3 5 1 2 -3 5 1 2 -3 5 1 2 -3 5 1 2 -3 5 1 2 -3 5 1 2 -3 5 1 2 -3 5 1 2 -3 5 1 2 -3 5 1 2 -3 5 1 2 -3 5 1 2 -3 5 1 2 -3 5 1 2 -3 5 1 2 -3 5 1 2 -3 5 1 2 -3 5 1 2 -3 5 1 2 -3 5 1 2 -3 5 1 2 -3 5 1 2 -3 5 1 2 -3 5 1 2 -3 5 1 2 -3 5 1 2 -3 5 1 2 -3 5 1 2 -3 5 1 2 -3 5 1 2 -3 5 1 2 -3 5 1 2 -3 5 1 0 1 1/4 21 3/4 21 1 1 2 1 3 1 4 1 5 1 6 1 7 1 8 1 9 1 10 1 11 1 12 1 13 1 14 1 15 1 16 1 17 1 18 1 19 1 20 1 21 1 22 1 23 1 24 1
constant_periodic_d21_roundtrip P 21 24 25 2 2 -3 5 1 2 -3 5 1 2 -3 5 1 2 -3 5 1 2 -3 5 1 2 -3 5 1 2 -3 5 1 2 -3 5 1 2 -3 5 1 2 -3 5 1 2 -3 5 1 2 -3 5 1 2 -3 5 1 2 -3 5 1 2 -3 5 1 2 -3 5 1 2 -3 5 1 2 -3 5 1 2 -3 5 1 2 -3 5 1 2 -3 5 1 2 -3 5 1 2 -3 5 1 2 -3 5 1 0 1 1 1 2 1 3 1 4 1 5 1 6 1 7 1 8 1 9 1 10 1 11 1 12 1 13 1 14 1 15 1 16 1 17 1 18 1 19 1 20 1 21 1 22 1 23 1 24 1 I 0.25 1 R 0.25 0 | constant_periodic_d21_roundtrip R 2 1 1 21 1 24 25 0 24 2 -3 5 1 2 -3 5 1 2 -3 5 1 2 -3 5 1 2 -3 5 1 2 -3 5 1 2 -3 5 1 2 -3 5 1 2 -3 5 1 2 -3 5 1 2 -3 5 1 2 -3 5 1 2 -3 5 1 2 -3 5 1 2 -3 5 1 2 -3 5 1 2 -3 5 1 2 -3 5 1 2 -3 5 1 2 -3 5 1 2 -3 5 1 2 -3 5 1 2 -3 5 1 2 -3 5 1 0 1 1 1 2 1 3 1 4 1 5 1 6 1 7 1 8 1 9 1 10 1 11 1 12 1 13 1 14 1 15 1 16 1 17 1 18 1 19 1 20 1 21 1 22 1 23 1 24 1
constant_periodic_d21_full_roundtrip P 21 24 25 2 2 -3 5 1 2 -3 5 1 2 -3 5 1 2 -3 5 1 2 -3 5 1 2 -3 5 1 2 -3 5 1 2 -3 5 1 2 -3 5 1 2 -3 5 1 2 -3 5 1 2 -3 5 1 2 -3 5 1 2 -3 5 1 2 -3 5 1 2 -3 5 1 2 -3 5 1 2 -3 5 1 2 -3 5 1 2 -3 5 1 2 -3 5 1 2 -3 5 1 2 -3 5 1 2 -3 5 1 0 1 1 1 2 1 3 1 4 1 5 1 6 1 7 1 8 1 9 1 10 1 11 1 12 1 13 1 14 1 15 1 16 1 17 1 18 1 19 1 20 1 21 1 22 1 23 1 24 1 I 0.25 21 R 0.25 0 | constant_periodic_d21_full_roundtrip R 2 1 1 21 1 24 25 0 24 2 -3 5 1 2 -3 5 1 2 -3 5 1 2 -3 5 1 2 -3 5 1 2 -3 5 1 2 -3 5 1 2 -3 5 1 2 -3 5 1 2 -3 5 1 2 -3 5 1 2 -3 5 1 2 -3 5 1 2 -3 5 1 2 -3 5 1 2 -3 5 1 2 -3 5 1 2 -3 5 1 2 -3 5 1 2 -3 5 1 2 -3 5 1 2 -3 5 1 2 -3 5 1 2 -3 5 1 0 1 1 1 2 1 3 1 4 1 5 1 6 1 7 1 8 1 9 1 10 1 11 1 12 1 13 1 14 1 15 1 16 1 17 1 18 1 19 1 20 1 21 1 22 1 23 1 24 1
constant_periodic_d21_remove_existing P 21 24 25 1 2 -3 5 1 2 -3 5 1 2 -3 5 1 2 -3 5 1 2 -3 5 1 2 -3 5 1 2 -3 5 1 2 -3 5 1 2 -3 5 1 2 -3 5 1 2 -3 5 1 2 -3 5 1 2 -3 5 1 2 -3 5 1 2 -3 5 1 2 -3 5 1 2 -3 5 1 2 -3 5 1 2 -3 5 1 2 -3 5 1 2 -3 5 1 2 -3 5 1 2 -3 5 1 2 -3 5 1 0 1 1 1 2 1 3 1 4 1 5 1 6 1 7 1 8 1 9 1 10 1 11 1 12 1 13 1 14 1 15 1 16 1 17 1 18 1 19 1 20 1 21 1 22 1 23 1 24 1 R 1 0 | constant_periodic_d21_remove_existing R 1 1 21 1 23 24 0 24 2 -3 5 1 2 -3 5 1 2 -3 5 1 2 -3 5 1 2 -3 5 1 2 -3 5 1 2 -3 5 1 2 -3 5 1 2 -3 5 1 2 -3 5 1 2 -3 5 1 2 -3 5 1 2 -3 5 1 2 -3 5 1 2 -3 5 1 2 -3 5 1 2 -3 5 1 2 -3 5 1 2 -3 5 1 2 -3 5 1 2 -3 5 1 2 -3 5 1 2 -3 5 1 0 1 2 1 3 1 4 1 5 1 6 1 7 1 8 1 9 1 10 1 11 1 12 1 13 1 14 1 15 1 16 1 17 1 18 1 19 1 20 1 21 1 22 1 23 1 24 1
constant_periodic_d21_seam P 21 24 25 2 2 -3 5 1 2 -3 5 1 2 -3 5 1 2 -3 5 1 2 -3 5 1 2 -3 5 1 2 -3 5 1 2 -3 5 1 2 -3 5 1 2 -3 5 1 2 -3 5 1 2 -3 5 1 2 -3 5 1 2 -3 5 1 2 -3 5 1 2 -3 5 1 2 -3 5 1 2 -3 5 1 2 -3 5 1 2 -3 5 1 2 -3 5 1 2 -3 5 1 2 -3 5 1 2 -3 5 1 0 1 1 1 2 1 3 1 4 1 5 1 6 1 7 1 8 1 9 1 10 1 11 1 12 1 13 1 14 1 15 1 16 1 17 1 18 1 19 1 20 1 21 1 22 1 23 1 24 1 I 0 21 I 24 21 | constant_periodic_d21_seam R 2 1 1 21 1 44 25 0 24 2 -3 5 1 2 -3 5 1 2 -3 5 1 2 -3 5 1 2 -3 5 1 2 -3 5 1 2 -3 5 1 2 -3 5 1 2 -3 5 1 2 -3 5 1 2 -3 5 1 2 -3 5 1 2 -3 5 1 2 -3 5 1 2 -3 5 1 2 -3 5 1 2 -3 5 1 2 -3 5 1 2 -3 5 1 2 -3 5 1 2 -3 5 1 2 -3 5 1 2 -3 5 1 2 -3 5 1 2 -3 5 1 2 -3 5 1 2 -3 5 1 2 -3 5 1 2 -3 5 1 2 -3 5 1 2 -3 5 1 2 -3 5 1 2 -3 5 1 2 -3 5 1 2 -3 5 1 2 -3 5 1 2 -3 5 1 2 -3 5 1 2 -3 5 1 2 -3 5 1 2 -3 5 1 2 -3 5 1 2 -3 5 1 2 -3 5 1 0 21 1 1 2 1 3 1 4 1 5 1 6 1 7 1 8 1 9 1 10 1 11 1 12 1 13 1 14 1 15 1 16 1 17 1 18 1 19 1 20 1 21 1 22 1 23 1 24 21
constant_periodic_d21_seam_roundtrip P 21 24 25 2 2 -3 5 1 2 -3 5 1 2 -3 5 1 2 -3 5 1 2 -3 5 1 2 -3 5 1 2 -3 5 1 2 -3 5 1 2 -3 5 1 2 -3 5 1 2 -3 5 1 2 -3 5 1 2 -3 5 1 2 -3 5 1 2 -3 5 1 2 -3 5 1 2 -3 5 1 2 -3 5 1 2 -3 5 1 2 -3 5 1 2 -3 5 1 2 -3 5 1 2 -3 5 1 2 -3 5 1 0 1 1 1 2 1 3 1 4 1 5 1 6 1 7 1 8 1 9 1 10 1 11 1 12 1 13 1 14 1 15 1 16 1 17 1 18 1 19 1 20 1 21 1 22 1 23 1 24 1 I 24 21 R 0 1 | constant_periodic_d21_seam_roundtrip R 2 1 1 21 1 24 25 0 24 2 -3 5 1 2 -3 5 1 2 -3 5 1 2 -3 5 1 2 -3 5 1 2 -3 5 1 2 -3 5 1 2 -3 5 1 2 -3 5 1 2 -3 5 1 2 -3 5 1 2 -3 5 1 2 -3 5 1 2 -3 5 1 2 -3 5 1 2 -3 5 1 2 -3 5 1 2 -3 5 1 2 -3 5 1 2 -3 5 1 2 -3 5 1 2 -3 5 1 2 -3 5 1 2 -3 5 1 0 1 1 1 2 1 3 1 4 1 5 1 6 1 7 1 8 1 9 1 10 1 11 1 12 1 13 1 14 1 15 1 16 1 17 1 18 1 19 1 20 1 21 1 22 1 23 1 24 1
constant_periodic_d21_remove_origin P 21 24 25 1 2 -3 5 1 2 -3 5 1 2 -3 5 1 2 -3 5 1 2 -3 5 1 2 -3 5 1 2 -3 5 1 2 -3 5 1 2 -3 5 1 2 -3 5 1 2 -3 5 1 2 -3 5 1 2 -3 5 1 2 -3 5 1 2 -3 5 1 2 -3 5 1 2 -3 5 1 2 -3 5 1 2 -3 5 1 2 -3 5 1 2 -3 5 1 2 -3 5 1 2 -3 5 1 2 -3 5 1 0 1 1 1 2 1 3 1 4 1 5 1 6 1 7 1 8 1 9 1 10 1 11 1 12 1 13 1 14 1 15 1 16 1 17 1 18 1 19 1 20 1 21 1 22 1 23 1 24 1 R 0 0 | constant_periodic_d21_remove_origin R 1 1 21 1 23 24 1 25 2 -3 5 1 2 -3 5 1 2 -3 5 1 2 -3 5 1 2 -3 5 1 2 -3 5 1 2 -3 5 1 2 -3 5 1 2 -3 5 1 2 -3 5 1 2 -3 5 1 2 -3 5 1 2 -3 5 1 2 -3 5 1 2 -3 5 1 2 -3 5 1 2 -3 5 1 2 -3 5 1 2 -3 5 1 2 -3 5 1 2 -3 5 1 2 -3 5 1 2 -3 5 1 1 1 2 1 3 1 4 1 5 1 6 1 7 1 8 1 9 1 10 1 11 1 12 1 13 1 14 1 15 1 16 1 17 1 18 1 19 1 20 1 21 1 22 1 23 1 25 1
constant_periodic_d21_remove_end_alias P 21 24 25 1 2 -3 5 1 2 -3 5 1 2 -3 5 1 2 -3 5 1 2 -3 5 1 2 -3 5 1 2 -3 5 1 2 -3 5 1 2 -3 5 1 2 -3 5 1 2 -3 5 1 2 -3 5 1 2 -3 5 1 2 -3 5 1 2 -3 5 1 2 -3 5 1 2 -3 5 1 2 -3 5 1 2 -3 5 1 2 -3 5 1 2 -3 5 1 2 -3 5 1 2 -3 5 1 2 -3 5 1 0 1 1 1 2 1 3 1 4 1 5 1 6 1 7 1 8 1 9 1 10 1 11 1 12 1 13 1 14 1 15 1 16 1 17 1 18 1 19 1 20 1 21 1 22 1 23 1 24 1 R 24 0 | constant_periodic_d21_remove_end_alias R 1 1 21 1 23 24 1 25 2 -3 5 1 2 -3 5 1 2 -3 5 1 2 -3 5 1 2 -3 5 1 2 -3 5 1 2 -3 5 1 2 -3 5 1 2 -3 5 1 2 -3 5 1 2 -3 5 1 2 -3 5 1 2 -3 5 1 2 -3 5 1 2 -3 5 1 2 -3 5 1 2 -3 5 1 2 -3 5 1 2 -3 5 1 2 -3 5 1 2 -3 5 1 2 -3 5 1 2 -3 5 1 1 1 2 1 3 1 4 1 5 1 6 1 7 1 8 1 9 1 10 1 11 1 12 1 13 1 14 1 15 1 16 1 17 1 18 1 19 1 20 1 21 1 22 1 23 1 25 1
unclamped_nonuniform_d22_identity S 22 89 7 0 -2 -6 -5 0.5 -1 -5 2 1 0 -2 -2 1.5 1 3 5 0.5 2 -3 1 1 3 6 -3 1.5 4 4 4 0.5 5 4 0 1 6 6 -4 1.5 7 -3 3 0.5 8 3 -1 1 9 -2 -5 1.5 10 -5 2 0.5 11 -6 -2 1 12 -5 5 1.5 13 -2 1 0.5 14 3 -3 1 15 -3 4 1.5 16 6 0 0.5 17 4 -4 1 18 4 3 1.5 19 6 -1 0.5 20 -3 -5 1 21 3 2 1.5 22 -2 -2 0.5 23 -5 5 1 24 -6 1 1.5 25 -5 -3 0.5 26 -2 4 1 27 3 0 1.5 28 -3 -4 0.5 29 6 3 1 30 4 -1 1.5 31 4 -5 0.5 32 6 2 1 33 -3 -2 1.5 34 3 5 0.5 35 -2 1 1 36 -5 -3 1.5 37 -6 4 0.5 38 -5 0 1 39 -2 -4 1.5 40 3 3 0.5 41 -3 -1 1 42 6 -5 1.5 43 4 2 0.5 44 4 -2 1 45 6 5 1.5 46 -3 1 0.5 47 3 -3 1 48 -2 4 1.5 49 -5 0 0.5 50 -6 -4 1 51 -5 3 1.5 52 -2 -1 0.5 53 3 -5 1 54 -3 2 1.5 55 6 -2 0.5 56 4 5 1 57 4 1 1.5 58 6 -3 0.5 59 -3 4 1 60 3 0 1.5 61 -2 -4 0.5 62 -5 3 1 63 -6 -1 1.5 64 -5 -5 0.5 65 -2 2 1 66 3 -2 1.5 67 -3 5 0.5 68 6 1 1 69 4 -3 1.5 70 4 4 0.5 71 6 0 1 72 -3 -4 1.5 73 3 3 0.5 74 -2 -1 1 75 -5 -5 1.5 76 -6 2 0.5 77 -5 -2 1 78 -2 5 1.5 79 3 1 0.5 80 -3 -3 1 81 6 4 1.5 82 4 0 0.5 83 4 -4 1 84 6 3 1.5 85 -3 -1 0.5 86 3 -5 1 -2 22 -1 22 0 1 1 22 2 1 3 22 4 22 | unclamped_nonuniform_d22_identity R 0 22 0 89 7 -1 3 -1 -3 -5/2 1/2 -1 -5 2 1 0 -3 -3 3/2 1/2 3/2 5/2 1/2 2 -3 1 1 9/2 9 -9/2 3/2 2 2 2 1/2 5 4 0 1 9 9 -6 3/2 7/2 -3/2 3/2 1/2 8 3 -1 1 27/2 -3 -15/2 3/2 5 -5/2 1 1/2 11 -6 -2 1 18 -15/2 15/2 3/2 13/2 -1 1/2 1/2 14 3 -3 1 45/2 -9/2 6 3/2 8 3 0 1/2 17 4 -4 1 27 6 9/2 3/2 19/2 3 -1/2 1/2 20 -3 -5 1 63/2 9/2 3 3/2 11 -1 -1 1/2 23 -5 5 1 36 -9 3/2 3/2 25/2 -5/2 -3/2 1/2 26 -2 4 1 81/2 9/2 0 3/2 14 -3/2 -2 1/2 29 6 3 1 45 6 -3/2 3/2 31/2 2 -5/2 1/2 32 6 2 1 99/2 -9/2 -3 3/2 17 3/2 5/2 1/2 35 -2 1 1 54 -15/2 -9/2 3/2 37/2 -3 2 1/2 38 -5 0 1 117/2 -3 -6 3/2 20 3/2 3/2 1/2 41 -3 -1 1 63 9 -15/2 3/2 43/2 2 1 1/2 44 4 -2 1 135/2 9 15/2 3/2 23 -3/2 1/2 1/2 47 3 -3 1 72 -3 6 3/2 49/2 -5/2 0 1/2 50 -6 -4 1 153/2 -15/2 9/2 3/2 26 -1 -1/2 1/2 53 3 -5 1 81 -9/2 3 3/2 55/2 3 -1 1/2 56 4 5 1 171/2 6 3/2 3/2 29 3 -3/2 1/2 59 -3 4 1 90 9/2 0 3/2 61/2 -1 -2 1/2 62 -5 3 1 189/2 -9 -3/2 3/2 32 -5/2 -5/2 1/2 65 -2 2 1 99 9/2 -3 3/2 67/2 -3/2 5/2 1/2 68 6 1 1 207/2 6 -9/2 3/2 35 2 2 1/2 71 6 0 1 108 -9/2 -6 3/2 73/2 3/2 3/2 1/2 74 -2 -1 1 225/2 -15/2 -15/2 3/2 38 -3 1 1/2 77 -5 -2 1 117 -3 15/2 3/2 79/2 3/2 1/2 1/2 80 -3 -3 1 243/2 9 6 3/2 41 2 0 1/2 83 4 -4 1 126 9 9/2 3/2 85/2 -3/2 -1/2 1/2 86 3 -5 1 -2 22 -1 22 0 1 1 22 2 1 3 22 4 22
unclamped_nonuniform_d22_insert S 22 89 7 1 -2 -6 -5 0.5 -1 -5 2 1 0 -2 -2 1.5 1 3 5 0.5 2 -3 1 1 3 6 -3 1.5 4 4 4 0.5 5 4 0 1 6 6 -4 1.5 7 -3 3 0.5 8 3 -1 1 9 -2 -5 1.5 10 -5 2 0.5 11 -6 -2 1 12 -5 5 1.5 13 -2 1 0.5 14 3 -3 1 15 -3 4 1.5 16 6 0 0.5 17 4 -4 1 18 4 3 1.5 19 6 -1 0.5 20 -3 -5 1 21 3 2 1.5 22 -2 -2 0.5 23 -5 5 1 24 -6 1 1.5 25 -5 -3 0.5 26 -2 4 1 27 3 0 1.5 28 -3 -4 0.5 29 6 3 1 30 4 -1 1.5 31 4 -5 0.5 32 6 2 1 33 -3 -2 1.5 34 3 5 0.5 35 -2 1 1 36 -5 -3 1.5 37 -6 4 0.5 38 -5 0 1 39 -2 -4 1.5 40 3 3 0.5 41 -3 -1 1 42 6 -5 1.5 43 4 2 0.5 44 4 -2 1 45 6 5 1.5 46 -3 1 0.5 47 3 -3 1 48 -2 4 1.5 49 -5 0 0.5 50 -6 -4 1 51 -5 3 1.5 52 -2 -1 0.5 53 3 -5 1 54 -3 2 1.5 55 6 -2 0.5 56 4 5 1 57 4 1 1.5 58 6 -3 0.5 59 -3 4 1 60 3 0 1.5 61 -2 -4 0.5 62 -5 3 1 63 -6 -1 1.5 64 -5 -5 0.5 65 -2 2 1 66 3 -2 1.5 67 -3 5 0.5 68 6 1 1 69 4 -3 1.5 70 4 4 0.5 71 6 0 1 72 -3 -4 1.5 73 3 3 0.5 74 -2 -1 1 75 -5 -5 1.5 76 -6 2 0.5 77 -5 -2 1 78 -2 5 1.5 79 3 1 0.5 80 -3 -3 1 81 6 4 1.5 82 4 0 0.5 83 4 -4 1 84 6 3 1.5 85 -3 -1 0.5 86 3 -5 1 -2 22 -1 22 0 1 1 22 2 1 3 22 4 22 I -0.75 22 | unclamped_nonuniform_d22_insert R 1 1 22 0 111 8 -1 3 -1 -3 -5/2 1/2 -1 -5 2 1 0 -3 -3 3/2 1/2 3/2 5/2 1/2 2 -3 1 1 9/2 9 -9/2 3/2 2 2 2 1/2 5 4 0 1 9 9 -6 3/2 7/2 -3/2 3/2 1/2 8 3 -1 1 27/2 -3 -15/2 3/2 5 -5/2 1 1/2 11 -6 -2 1 18 -15/2 15/2 3/2 13/2 -1 1/2 1/2 14 3 -3 1 45/2 -9/2 6 3/2 8 3 0 1/2 17 4 -4 1 27 6 9/2 3/2 19/2 3 -1/2 1/2 97/8 3/2 -13/8 5/8 925/64 39/64 -71/32 47/64 4207/256 1/8 -315/128 423/512 73973/4096 -403/4096 -2535/1024 461/512 317071/16384 -2681/16384 -76923/32768 31399/32768 666749/32768 -9341/65536 -139859/65536 262539/262144 22112435/1048576 -88287/1048576 -3929397/2097152 1082521/1048576 362697307/16777216 -356481/16777216 -13351389/8388608 17666129/16777216 1475132659/67108864 3440853/134217728 -21881685/16777216 142994295/134217728 23852899331/1073741824 23810823/536870912 -548675957/536870912 71903359/67108864 24000830557/1073741824 248077119/8589934592 -6452789989/8589934592 9214836019/8589934592 385216728433/17179869184 -774473003/34359738368 -4257432721/8589934592 73574815815/68719476736 3085194290413/137438953472 -59798037673/549755813888 -141441573203/549755813888 293092929541/274877906944 98719014140305/4398046511104 -124670026529/549755813888 -20371655989/549755813888 4663945909397/4398046511104 394618598067295/17592186044416 -6550041292955/17592186044416 5800145589179/35184372088832 37081102670307/35184372088832 6308991136465745/281474976710656 -76078402648685/140737488355328 98146759285237/281474976710656 2302640486135/2199023255552 25221296953230481/1125899906842624 -1635658251111187/2251799813685248 1159637687522503/2251799813685248 2342894562864223/2251799813685248 6304242262130581/281474976710656 -2082103488867189/2251799813685248 11969331036023827/18014398509481984 18629731566633555/18014398509481984 1614478403540810633/72057594037927936 -162913778033400253/144115188075855872 114979470689701439/144115188075855872 74102953466926369/72057594037927936 25856698810922642311/1152921504606846976 -771995168172336269/576460752303423488 1056115888135855007/1152921504606846976 1179692308281622889/1152921504606846976 103590963843537781723/4611686018427387904 -7133046210363658475/4611686018427387904 9407186667632892653/9223372036854775808 9395796253603002687/9223372036854775808 1661078414345427460703/73786976294838206464 -32269309579473714227/18446744073709551616 20483483060533301307/18446744073709551616 4679948414610613945/4611686018427387904 417986848222974080027/18446744073709551616 -5435085474191369401/2305843009213693952 12745406118167924655/9223372036854775808 9252198556075903499/9223372036854775808 53694704472196112967/2305843009213693952 -4232815487457991577/1152921504606846976 3997372864611511033/2305843009213693952 2280900284758949527/2305843009213693952 3533750587315483471/144115188075855872 -151181736921286385/36028797018963968 449647628771845033/288230376151711744 289789924612908645/288230376151711744 458705165512816193/18014398509481984 -112478530146991903/36028797018963968 42561354386293699/36028797018963968 2276719845878213/2251799813685248 115679093684079945/4503599627370496 -2390951576202465/2251799813685248 3662158068329829/4503599627370496 4420968207913889/4503599627370496 15238164056529433/562949953421312 519579682278511/562949953421312 406333126618263/562949953421312 563285687890977/562949953421312 2007076156878833/70368744177664 77753748699925/35184372088832 23347837104303/70368744177664 36125683101719/35184372088832 246522434844663/8796093022208 13868772159869/4398046511104 -1207644365573/8796093022208 8569375705963/8796093022208 8045040525455/274877906944 2162529920037/549755813888 -48196132545/549755813888 1082092198833/1099511627776 1099552089247/34359738368 607569632741/137438953472 -14899898941/34359738368 4523030131/4294967296 524413646853/17179869184 6838195855/2147483648 -16896671045/17179869184 16736366285/17179869184 65834189503/2147483648 3768259405/2147483648 -847317543/2147483648 2029332573/2147483648 9661163111/268435456 8207019/67108864 247931/268435456 146243987/134217728 1134801015/33554432 -60621315/33554432 -179593/2097152 33505327/33554432 63955429/2097152 -6748041/4194304 2912215/4194304 3640653/4194304 10534019/262144 -1136103/262144 -134229/131072 36863/32768 2578833/65536 -90319/16384 -27255/16384 70793/65536 228709/8192 -7453/2048 3079/4096 6057/8192 44189/1024 -4255/1024 -1703/1024 575/512 6375/128 -129/64 -137/32 163/128 181/8 15/16 19/16 9/16 41 -3 -1 1 63 9 -15/2 3/2 43/2 2 1 1/2 44 4 -2 1 135/2 9 15/2 3/2 23 -3/2 1/2 1/2 47 3 -3 1 72 -3 6 3/2 49/2 -5/2 0 1/2 50 -6 -4 1 153/2 -15/2 9/2 3/2 26 -1 -1/2 1/2 53 3 -5 1 81 -9/2 3 3/2 55/2 3 -1 1/2 56 4 5 1 171/2 6 3/2 3/2 29 3 -3/2 1/2 59 -3 4 1 90 9/2 0 3/2 61/2 -1 -2 1/2 62 -5 3 1 189/2 -9 -3/2 3/2 32 -5/2 -5/2 1/2 65 -2 2 1 99 9/2 -3 3/2 67/2 -3/2 5/2 1/2 68 6 1 1 207/2 6 -9/2 3/2 35 2 2 1/2 71 6 0 1 108 -9/2 -6 3/2 73/2 3/2 3/2 1/2 74 -2 -1 1 225/2 -15/2 -15/2 3/2 38 -3 1 1/2 77 -5 -2 1 117 -3 15/2 3/2 79/2 3/2 1/2 1/2 80 -3 -3 1 243/2 9 6 3/2 41 2 0 1/2 83 4 -4 1 126 9 9/2 3/2 85/2 -3/2 -1/2 1/2 86 3 -5 1 -2 22 -1 22 -3/4 22 0 1 1 22 2 1 3 22 4 22
unclamped_nonuniform_d22_sequence S 22 89 7 4 -2 -6 -5 0.5 -1 -5 2 1 0 -2 -2 1.5 1 3 5 0.5 2 -3 1 1 3 6 -3 1.5 4 4 4 0.5 5 4 0 1 6 6 -4 1.5 7 -3 3 0.5 8 3 -1 1 9 -2 -5 1.5 10 -5 2 0.5 11 -6 -2 1 12 -5 5 1.5 13 -2 1 0.5 14 3 -3 1 15 -3 4 1.5 16 6 0 0.5 17 4 -4 1 18 4 3 1.5 19 6 -1 0.5 20 -3 -5 1 21 3 2 1.5 22 -2 -2 0.5 23 -5 5 1 24 -6 1 1.5 25 -5 -3 0.5 26 -2 4 1 27 3 0 1.5 28 -3 -4 0.5 29 6 3 1 30 4 -1 1.5 31 4 -5 0.5 32 6 2 1 33 -3 -2 1.5 34 3 5 0.5 35 -2 1 1 36 -5 -3 1.5 37 -6 4 0.5 38 -5 0 1 39 -2 -4 1.5 40 3 3 0.5 41 -3 -1 1 42 6 -5 1.5 43 4 2 0.5 44 4 -2 1 45 6 5 1.5 46 -3 1 0.5 47 3 -3 1 48 -2 4 1.5 49 -5 0 0.5 50 -6 -4 1 51 -5 3 1.5 52 -2 -1 0.5 53 3 -5 1 54 -3 2 1.5 55 6 -2 0.5 56 4 5 1 57 4 1 1.5 58 6 -3 0.5 59 -3 4 1 60 3 0 1.5 61 -2 -4 0.5 62 -5 3 1 63 -6 -1 1.5 64 -5 -5 0.5 65 -2 2 1 66 3 -2 1.5 67 -3 5 0.5 68 6 1 1 69 4 -3 1.5 70 4 4 0.5 71 6 0 1 72 -3 -4 1.5 73 3 3 0.5 74 -2 -1 1 75 -5 -5 1.5 76 -6 2 0.5 77 -5 -2 1 78 -2 5 1.5 79 3 1 0.5 80 -3 -3 1 81 6 4 1.5 82 4 0 0.5 83 4 -4 1 84 6 3 1.5 85 -3 -1 0.5 86 3 -5 1 -2 22 -1 22 0 1 1 22 2 1 3 22 4 22 I -0.25 1 I -0.75 22 I -0.25 22 I -0.75 1 | unclamped_nonuniform_d22_sequence R 4 1 1 1 1 22 0 133 9 -1 3 -1 -3 -5/2 1/2 -1 -5 2 1 0 -3 -3 3/2 1/2 3/2 5/2 1/2 2 -3 1 1 9/2 9 -9/2 3/2 2 2 2 1/2 5 4 0 1 9 9 -6 3/2 7/2 -3/2 3/2 1/2 8 3 -1 1 27/2 -3 -15/2 3/2 5 -5/2 1 1/2 11 -6 -2 1 18 -15/2 15/2 3/2 13/2 -1 1/2 1/2 14 3 -3 1 45/2 -9/2 6 3/2 8 3 0 1/2 17 4 -4 1 27 6 9/2 3/2 19/2 3 -1/2 1/2 97/8 3/2 -13/8 5/8 925/64 39/64 -71/32 47/64 4207/256 1/8 -315/128 423/512 73973/4096 -403/4096 -2535/1024 461/512 317071/16384 -2681/16384 -76923/32768 31399/32768 666749/32768 -9341/65536 -139859/65536 262539/262144 22112435/1048576 -88287/1048576 -3929397/2097152 1082521/1048576 362697307/16777216 -356481/16777216 -13351389/8388608 17666129/16777216 1475132659/67108864 3440853/134217728 -21881685/16777216 142994295/134217728 23852899331/1073741824 23810823/536870912 -548675957/536870912 71903359/67108864 24000830557/1073741824 248077119/8589934592 -6452789989/8589934592 9214836019/8589934592 385216728433/17179869184 -774473003/34359738368 -4257432721/8589934592 73574815815/68719476736 3085194290413/137438953472 -59798037673/549755813888 -141441573203/549755813888 293092929541/274877906944 98719014140305/4398046511104 -124670026529/549755813888 -20371655989/549755813888 4663945909397/4398046511104 394618598067295/17592186044416 -6550041292955/17592186044416 5800145589179/35184372088832 37081102670307/35184372088832 6308991136465745/281474976710656 -76078402648685/140737488355328 98146759285237/281474976710656 2302640486135/2199023255552 25221296953230481/1125899906842624 -1635658251111187/2251799813685248 1159637687522503/2251799813685248 2342894562864223/2251799813685248 6304242262130581/281474976710656 -2082103488867189/2251799813685248 11969331036023827/18014398509481984 18629731566633555/18014398509481984 1614478403540810633/72057594037927936 -162913778033400253/144115188075855872 114979470689701439/144115188075855872 74102953466926369/72057594037927936 25856698810922642311/1152921504606846976 -771995168172336269/576460752303423488 1056115888135855007/1152921504606846976 1179692308281622889/1152921504606846976 103590963843537781723/4611686018427387904 -7133046210363658475/4611686018427387904 9407186667632892653/9223372036854775808 9395796253603002687/9223372036854775808 1661078414345427460703/73786976294838206464 -32269309579473714227/18446744073709551616 20483483060533301307/18446744073709551616 4679948414610613945/4611686018427387904 1668324400043073366973/73786976294838206464 -39743559055511874881/18446744073709551616 23821702511068333309/18446744073709551616 1161012247557209787/1152921504606846976 1679555566745789487127/73786976294838206464 -46852949643866863675/18446744073709551616 26170284362305008539/18446744073709551616 4619835142383475607/4611686018427387904 1694551405069345209317/73786976294838206464 -53048102235569576345/18446744073709551616 27661656110044939261/18446744073709551616 2303544282346449527/2305843009213693952 1712208436255153933711/73786976294838206464 -57913716608736109059/18446744073709551616 28431780742465783099/18446744073709551616 4602814945793045589/4611686018427387904 1731282429382351328077/73786976294838206464 -61195765524345182513/18446744073709551616 28609243824312719549/18446744073709551616 287714215243924877/288230376151711744 1750808219304359686343/73786976294838206464 -62787743754126508939/18446744073709551616 28315242894390061339/18446744073709551616 4606011198796949875/4611686018427387904 1770221562514065030133/73786976294838206464 -62703854189209639433/18446744073709551616 27660206362519791421/18446744073709551616 2304369663885802761/2305843009213693952 1789301522859510177727/73786976294838206464 -61048924573440923347/18446744073709551616 26739119032055116603/18446744073709551616 4610768045465555825/4611686018427387904 1808045785342361718749/73786976294838206464 -57989408118865779233/18446744073709551616 25628626263153697661/18446744073709551616 1152980236284282637/1152921504606846976 1826551173708864432247/73786976294838206464 -53727797625354814939/18446744073709551616 24386943602149386139/18446744073709551616 4612364908655577807/4611686018427387904 1844931036828855777541/73786976294838206464 -48481711156837214073/18446744073709551616 23056035369741095293/18446744073709551616 2306185827701381467/2305843009213693952 1863273210868382583023/73786976294838206464 -42468134277871282851/18446744073709551616 21664963456965769787/18446744073709551616 4612183307491854349/4611686018427387904 1881628471958460281197/73786976294838206464 -35892686785367351313/18446744073709551616 20233417418052207933/18446744073709551616 576495163686575139/576460752303423488 1900016086251525779239/73786976294838206464 -28943320788395740971/18446744073709551616 18774810603407724315/18446744073709551616 4611786393219793835/4611686018427387904 1918435460290331181845/73786976294838206464 -21787571384269124073/18446744073709551616 17298697228243985085/18446744073709551616 2305840546745404781/2305843009213693952 1936877165546329340191/73786976294838206464 -14572369414954626419/18446744073709551616 15812517065105750587/18446744073709551616 4611635940246705705/4611686018427387904 1955330485876668418045/73786976294838206464 -7425460422806100737/18446744073709551616 14322794380389637629/18446744073709551616 1152907491041726687/1152921504606846976 1973787208929604089047/73786976294838206464 -457611549665079163/18446744073709551616 12835939997580984219/18446744073709551616 4611642966638745607/4611686018427387904 1992242622654713031205/73786976294838206464 6235018306787415719/18446744073709551616 11358774966154476285/18446744073709551616 2305830363187455807/2305843009213693952 2010694959101918601295/73786976294838206464 12568761662764093629/18446744073709551616 9898848154610357051/18446744073709551616 4611675631949152709/4611686018427387904 2029144295332471513997/73786976294838206464 18470803787172857103/18446744073709551616 8464580937234337213/18446744073709551616 144115159896430331/144115188075855872 2047591524710782757255/73786976294838206464 23878090822189271349/18446744073709551616 7065249679448070427/18446744073709551616 4611689559264922595/4611686018427387904 514203784849984594721/18446744073709551616 3322716792462184809/2305843009213693952 3182792025277468517/9223372036854775808 9223383561108997193/9223372036854775808 65716580602512950007/2305843009213693952 2467594254093629847/1152921504606846976 363865731947057673/2305843009213693952 2305848292152773127/2305843009213693952 4197335240426102197/144115188075855872 95882849954873311/36028797018963968 -4631155469115469/288230376151711744 288229441121745239/288230376151711744 535925455820446649/18014398509481984 106453726499581001/36028797018963968 -6063969801331493/36028797018963968 2251779359839703/2251799813685248 136798570689742491/4503599627370496 6734542611574101/2251799813685248 -1301140398678321/4503599627370496 4503631615183011/4503599627370496 17451888208471897/562949953421312 1550849638418479/562949953421312 -206373447124137/562949953421312 562968861281377/562949953421312 2225347223497499/70368744177664 79200558801479/35184372088832 -27542374560539/70368744177664 35184027879557/35184372088832 283645394490783/8796093022208 6651715638933/4398046511104 -3161321065533/8796093022208 8795061639123/8796093022208 9037004834909/274877906944 334214840391/549755813888 -154287972163/549755813888 1099493577011/1099511627776 1151471715103/34359738368 -50846490411/137438953472 -6471360093/34359738368 4296633961/4294967296 586289641479/17179869184 -2867257209/2147483648 -2365861959/17179869184 17183626239/17179869184 74534117143/2147483648 -4799654219/2147483648 -391761023/2147483648 2144874373/2147483648 9488413781/268435456 -204526947/67108864 -91303231/268435456 134050193/134217728 1212483927/33554432 -125626851/33554432 -1207377/2097152 33674127/33554432 77162167/2097152 -17727027/4194304 -3364979/4194304 4218239/4194304 9662939/262144 -1126127/262144 -120397/131072 32453/32768 2430051/65536 -62877/16384 -16509/16384 64011/65536 323317/8192 -6429/2048 -6121/4096 8377/8192 43439/1024 -2357/1024 -2349/1024 557/512 4863/128 -57/64 -57/32 123/128 223/8 -3/16 9/16 11/16 41 -3 -1 1 63 9 -15/2 3/2 43/2 2 1 1/2 44 4 -2 1 135/2 9 15/2 3/2 23 -3/2 1/2 1/2 47 3 -3 1 72 -3 6 3/2 49/2 -5/2 0 1/2 50 -6 -4 1 153/2 -15/2 9/2 3/2 26 -1 -1/2 1/2 53 3 -5 1 81 -9/2 3 3/2 55/2 3 -1 1/2 56 4 5 1 171/2 6 3/2 3/2 29 3 -3/2 1/2 59 -3 4 1 90 9/2 0 3/2 61/2 -1 -2 1/2 62 -5 3 1 189/2 -9 -3/2 3/2 32 -5/2 -5/2 1/2 65 -2 2 1 99 9/2 -3 3/2 67/2 -3/2 5/2 1/2 68 6 1 1 207/2 6 -9/2 3/2 35 2 2 1/2 71 6 0 1 108 -9/2 -6 3/2 73/2 3/2 3/2 1/2 74 -2 -1 1 225/2 -15/2 -15/2 3/2 38 -3 1 1/2 77 -5 -2 1 117 -3 15/2 3/2 79/2 3/2 1/2 1/2 80 -3 -3 1 243/2 9 6 3/2 41 2 0 1/2 83 4 -4 1 126 9 9/2 3/2 85/2 -3/2 -1/2 1/2 86 3 -5 1 -2 22 -1 22 -3/4 22 -1/4 22 0 1 1 22 2 1 3 22 4 22
unclamped_nonuniform_d22_roundtrip S 22 89 7 2 -2 -6 -5 0.5 -1 -5 2 1 0 -2 -2 1.5 1 3 5 0.5 2 -3 1 1 3 6 -3 1.5 4 4 4 0.5 5 4 0 1 6 6 -4 1.5 7 -3 3 0.5 8 3 -1 1 9 -2 -5 1.5 10 -5 2 0.5 11 -6 -2 1 12 -5 5 1.5 13 -2 1 0.5 14 3 -3 1 15 -3 4 1.5 16 6 0 0.5 17 4 -4 1 18 4 3 1.5 19 6 -1 0.5 20 -3 -5 1 21 3 2 1.5 22 -2 -2 0.5 23 -5 5 1 24 -6 1 1.5 25 -5 -3 0.5 26 -2 4 1 27 3 0 1.5 28 -3 -4 0.5 29 6 3 1 30 4 -1 1.5 31 4 -5 0.5 32 6 2 1 33 -3 -2 1.5 34 3 5 0.5 35 -2 1 1 36 -5 -3 1.5 37 -6 4 0.5 38 -5 0 1 39 -2 -4 1.5 40 3 3 0.5 41 -3 -1 1 42 6 -5 1.5 43 4 2 0.5 44 4 -2 1 45 6 5 1.5 46 -3 1 0.5 47 3 -3 1 48 -2 4 1.5 49 -5 0 0.5 50 -6 -4 1 51 -5 3 1.5 52 -2 -1 0.5 53 3 -5 1 54 -3 2 1.5 55 6 -2 0.5 56 4 5 1 57 4 1 1.5 58 6 -3 0.5 59 -3 4 1 60 3 0 1.5 61 -2 -4 0.5 62 -5 3 1 63 -6 -1 1.5 64 -5 -5 0.5 65 -2 2 1 66 3 -2 1.5 67 -3 5 0.5 68 6 1 1 69 4 -3 1.5 70 4 4 0.5 71 6 0 1 72 -3 -4 1.5 73 3 3 0.5 74 -2 -1 1 75 -5 -5 1.5 76 -6 2 0.5 77 -5 -2 1 78 -2 5 1.5 79 3 1 0.5 80 -3 -3 1 81 6 4 1.5 82 4 0 0.5 83 4 -4 1 84 6 3 1.5 85 -3 -1 0.5 86 3 -5 1 -2 22 -1 22 0 1 1 22 2 1 3 22 4 22 I -0.75 1 R -0.75 0 | unclamped_nonuniform_d22_roundtrip R 2 1 1 22 0 89 7 -1 3 -1 -3 -5/2 1/2 -1 -5 2 1 0 -3 -3 3/2 1/2 3/2 5/2 1/2 2 -3 1 1 9/2 9 -9/2 3/2 2 2 2 1/2 5 4 0 1 9 9 -6 3/2 7/2 -3/2 3/2 1/2 8 3 -1 1 27/2 -3 -15/2 3/2 5 -5/2 1 1/2 11 -6 -2 1 18 -15/2 15/2 3/2 13/2 -1 1/2 1/2 14 3 -3 1 45/2 -9/2 6 3/2 8 3 0 1/2 17 4 -4 1 27 6 9/2 3/2 19/2 3 -1/2 1/2 20 -3 -5 1 63/2 9/2 3 3/2 11 -1 -1 1/2 23 -5 5 1 36 -9 3/2 3/2 25/2 -5/2 -3/2 1/2 26 -2 4 1 81/2 9/2 0 3/2 14 -3/2 -2 1/2 29 6 3 1 45 6 -3/2 3/2 31/2 2 -5/2 1/2 32 6 2 1 99/2 -9/2 -3 3/2 17 3/2 5/2 1/2 35 -2 1 1 54 -15/2 -9/2 3/2 37/2 -3 2 1/2 38 -5 0 1 117/2 -3 -6 3/2 20 3/2 3/2 1/2 41 -3 -1 1 63 9 -15/2 3/2 43/2 2 1 1/2 44 4 -2 1 135/2 9 15/2 3/2 23 -3/2 1/2 1/2 47 3 -3 1 72 -3 6 3/2 49/2 -5/2 0 1/2 50 -6 -4 1 153/2 -15/2 9/2 3/2 26 -1 -1/2 1/2 53 3 -5 1 81 -9/2 3 3/2 55/2 3 -1 1/2 56 4 5 1 171/2 6 3/2 3/2 29 3 -3/2 1/2 59 -3 4 1 90 9/2 0 3/2 61/2 -1 -2 1/2 62 -5 3 1 189/2 -9 -3/2 3/2 32 -5/2 -5/2 1/2 65 -2 2 1 99 9/2 -3 3/2 67/2 -3/2 5/2 1/2 68 6 1 1 207/2 6 -9/2 3/2 35 2 2 1/2 71 6 0 1 108 -9/2 -6 3/2 73/2 3/2 3/2 1/2 74 -2 -1 1 225/2 -15/2 -15/2 3/2 38 -3 1 1/2 77 -5 -2 1 117 -3 15/2 3/2 79/2 3/2 1/2 1/2 80 -3 -3 1 243/2 9 6 3/2 41 2 0 1/2 83 4 -4 1 126 9 9/2 3/2 85/2 -3/2 -1/2 1/2 86 3 -5 1 -2 22 -1 22 0 1 1 22 2 1 3 22 4 22
unclamped_nonuniform_d22_full_roundtrip S 22 89 7 2 -2 -6 -5 0.5 -1 -5 2 1 0 -2 -2 1.5 1 3 5 0.5 2 -3 1 1 3 6 -3 1.5 4 4 4 0.5 5 4 0 1 6 6 -4 1.5 7 -3 3 0.5 8 3 -1 1 9 -2 -5 1.5 10 -5 2 0.5 11 -6 -2 1 12 -5 5 1.5 13 -2 1 0.5 14 3 -3 1 15 -3 4 1.5 16 6 0 0.5 17 4 -4 1 18 4 3 1.5 19 6 -1 0.5 20 -3 -5 1 21 3 2 1.5 22 -2 -2 0.5 23 -5 5 1 24 -6 1 1.5 25 -5 -3 0.5 26 -2 4 1 27 3 0 1.5 28 -3 -4 0.5 29 6 3 1 30 4 -1 1.5 31 4 -5 0.5 32 6 2 1 33 -3 -2 1.5 34 3 5 0.5 35 -2 1 1 36 -5 -3 1.5 37 -6 4 0.5 38 -5 0 1 39 -2 -4 1.5 40 3 3 0.5 41 -3 -1 1 42 6 -5 1.5 43 4 2 0.5 44 4 -2 1 45 6 5 1.5 46 -3 1 0.5 47 3 -3 1 48 -2 4 1.5 49 -5 0 0.5 50 -6 -4 1 51 -5 3 1.5 52 -2 -1 0.5 53 3 -5 1 54 -3 2 1.5 55 6 -2 0.5 56 4 5 1 57 4 1 1.5 58 6 -3 0.5 59 -3 4 1 60 3 0 1.5 61 -2 -4 0.5 62 -5 3 1 63 -6 -1 1.5 64 -5 -5 0.5 65 -2 2 1 66 3 -2 1.5 67 -3 5 0.5 68 6 1 1 69 4 -3 1.5 70 4 4 0.5 71 6 0 1 72 -3 -4 1.5 73 3 3 0.5 74 -2 -1 1 75 -5 -5 1.5 76 -6 2 0.5 77 -5 -2 1 78 -2 5 1.5 79 3 1 0.5 80 -3 -3 1 81 6 4 1.5 82 4 0 0.5 83 4 -4 1 84 6 3 1.5 85 -3 -1 0.5 86 3 -5 1 -2 22 -1 22 0 1 1 22 2 1 3 22 4 22 I -0.75 22 R -0.75 0 | unclamped_nonuniform_d22_full_roundtrip R 2 1 1 22 0 89 7 -1 3 -1 -3 -5/2 1/2 -1 -5 2 1 0 -3 -3 3/2 1/2 3/2 5/2 1/2 2 -3 1 1 9/2 9 -9/2 3/2 2 2 2 1/2 5 4 0 1 9 9 -6 3/2 7/2 -3/2 3/2 1/2 8 3 -1 1 27/2 -3 -15/2 3/2 5 -5/2 1 1/2 11 -6 -2 1 18 -15/2 15/2 3/2 13/2 -1 1/2 1/2 14 3 -3 1 45/2 -9/2 6 3/2 8 3 0 1/2 17 4 -4 1 27 6 9/2 3/2 19/2 3 -1/2 1/2 20 -3 -5 1 63/2 9/2 3 3/2 11 -1 -1 1/2 23 -5 5 1 36 -9 3/2 3/2 25/2 -5/2 -3/2 1/2 26 -2 4 1 81/2 9/2 0 3/2 14 -3/2 -2 1/2 29 6 3 1 45 6 -3/2 3/2 31/2 2 -5/2 1/2 32 6 2 1 99/2 -9/2 -3 3/2 17 3/2 5/2 1/2 35 -2 1 1 54 -15/2 -9/2 3/2 37/2 -3 2 1/2 38 -5 0 1 117/2 -3 -6 3/2 20 3/2 3/2 1/2 41 -3 -1 1 63 9 -15/2 3/2 43/2 2 1 1/2 44 4 -2 1 135/2 9 15/2 3/2 23 -3/2 1/2 1/2 47 3 -3 1 72 -3 6 3/2 49/2 -5/2 0 1/2 50 -6 -4 1 153/2 -15/2 9/2 3/2 26 -1 -1/2 1/2 53 3 -5 1 81 -9/2 3 3/2 55/2 3 -1 1/2 56 4 5 1 171/2 6 3/2 3/2 29 3 -3/2 1/2 59 -3 4 1 90 9/2 0 3/2 61/2 -1 -2 1/2 62 -5 3 1 189/2 -9 -3/2 3/2 32 -5/2 -5/2 1/2 65 -2 2 1 99 9/2 -3 3/2 67/2 -3/2 5/2 1/2 68 6 1 1 207/2 6 -9/2 3/2 35 2 2 1/2 71 6 0 1 108 -9/2 -6 3/2 73/2 3/2 3/2 1/2 74 -2 -1 1 225/2 -15/2 -15/2 3/2 38 -3 1 1/2 77 -5 -2 1 117 -3 15/2 3/2 79/2 3/2 1/2 1/2 80 -3 -3 1 243/2 9 6 3/2 41 2 0 1/2 83 4 -4 1 126 9 9/2 3/2 85/2 -3/2 -1/2 1/2 86 3 -5 1 -2 22 -1 22 0 1 1 22 2 1 3 22 4 22
unclamped_nonuniform_d22_remove_existing S 22 89 7 1 -2 -6 -5 0.5 -1 -5 2 1 0 -2 -2 1.5 1 3 5 0.5 2 -3 1 1 3 6 -3 1.5 4 4 4 0.5 5 4 0 1 6 6 -4 1.5 7 -3 3 0.5 8 3 -1 1 9 -2 -5 1.5 10 -5 2 0.5 11 -6 -2 1 12 -5 5 1.5 13 -2 1 0.5 14 3 -3 1 15 -3 4 1.5 16 6 0 0.5 17 4 -4 1 18 4 3 1.5 19 6 -1 0.5 20 -3 -5 1 21 3 2 1.5 22 -2 -2 0.5 23 -5 5 1 24 -6 1 1.5 25 -5 -3 0.5 26 -2 4 1 27 3 0 1.5 28 -3 -4 0.5 29 6 3 1 30 4 -1 1.5 31 4 -5 0.5 32 6 2 1 33 -3 -2 1.5 34 3 5 0.5 35 -2 1 1 36 -5 -3 1.5 37 -6 4 0.5 38 -5 0 1 39 -2 -4 1.5 40 3 3 0.5 41 -3 -1 1 42 6 -5 1.5 43 4 2 0.5 44 4 -2 1 45 6 5 1.5 46 -3 1 0.5 47 3 -3 1 48 -2 4 1.5 49 -5 0 0.5 50 -6 -4 1 51 -5 3 1.5 52 -2 -1 0.5 53 3 -5 1 54 -3 2 1.5 55 6 -2 0.5 56 4 5 1 57 4 1 1.5 58 6 -3 0.5 59 -3 4 1 60 3 0 1.5 61 -2 -4 0.5 62 -5 3 1 63 -6 -1 1.5 64 -5 -5 0.5 65 -2 2 1 66 3 -2 1.5 67 -3 5 0.5 68 6 1 1 69 4 -3 1.5 70 4 4 0.5 71 6 0 1 72 -3 -4 1.5 73 3 3 0.5 74 -2 -1 1 75 -5 -5 1.5 76 -6 2 0.5 77 -5 -2 1 78 -2 5 1.5 79 3 1 0.5 80 -3 -3 1 81 6 4 1.5 82 4 0 0.5 83 4 -4 1 84 6 3 1.5 85 -3 -1 0.5 86 3 -5 1 -2 22 -1 22 0 1 1 22 2 1 3 22 4 22 R 0 0 | unclamped_nonuniform_d22_remove_existing R 1 0 22 0 89 7 -1 3 -1 -3 -5/2 1/2 -1 -5 2 1 0 -3 -3 3/2 1/2 3/2 5/2 1/2 2 -3 1 1 9/2 9 -9/2 3/2 2 2 2 1/2 5 4 0 1 9 9 -6 3/2 7/2 -3/2 3/2 1/2 8 3 -1 1 27/2 -3 -15/2 3/2 5 -5/2 1 1/2 11 -6 -2 1 18 -15/2 15/2 3/2 13/2 -1 1/2 1/2 14 3 -3 1 45/2 -9/2 6 3/2 8 3 0 1/2 17 4 -4 1 27 6 9/2 3/2 19/2 3 -1/2 1/2 20 -3 -5 1 63/2 9/2 3 3/2 11 -1 -1 1/2 23 -5 5 1 36 -9 3/2 3/2 25/2 -5/2 -3/2 1/2 26 -2 4 1 81/2 9/2 0 3/2 14 -3/2 -2 1/2 29 6 3 1 45 6 -3/2 3/2 31/2 2 -5/2 1/2 32 6 2 1 99/2 -9/2 -3 3/2 17 3/2 5/2 1/2 35 -2 1 1 54 -15/2 -9/2 3/2 37/2 -3 2 1/2 38 -5 0 1 117/2 -3 -6 3/2 20 3/2 3/2 1/2 41 -3 -1 1 63 9 -15/2 3/2 43/2 2 1 1/2 44 4 -2 1 135/2 9 15/2 3/2 23 -3/2 1/2 1/2 47 3 -3 1 72 -3 6 3/2 49/2 -5/2 0 1/2 50 -6 -4 1 153/2 -15/2 9/2 3/2 26 -1 -1/2 1/2 53 3 -5 1 81 -9/2 3 3/2 55/2 3 -1 1/2 56 4 5 1 171/2 6 3/2 3/2 29 3 -3/2 1/2 59 -3 4 1 90 9/2 0 3/2 61/2 -1 -2 1/2 62 -5 3 1 189/2 -9 -3/2 3/2 32 -5/2 -5/2 1/2 65 -2 2 1 99 9/2 -3 3/2 67/2 -3/2 5/2 1/2 68 6 1 1 207/2 6 -9/2 3/2 35 2 2 1/2 71 6 0 1 108 -9/2 -6 3/2 73/2 3/2 3/2 1/2 74 -2 -1 1 225/2 -15/2 -15/2 3/2 38 -3 1 1/2 77 -5 -2 1 117 -3 15/2 3/2 79/2 3/2 1/2 1/2 80 -3 -3 1 243/2 9 6 3/2 41 2 0 1/2 83 4 -4 1 126 9 9/2 3/2 85/2 -3/2 -1/2 1/2 86 3 -5 1 -2 22 -1 22 0 1 1 22 2 1 3 22 4 22
unclamped_nonuniform_d22_domain_ends S 22 89 7 2 -2 -6 -5 0.5 -1 -5 2 1 0 -2 -2 1.5 1 3 5 0.5 2 -3 1 1 3 6 -3 1.5 4 4 4 0.5 5 4 0 1 6 6 -4 1.5 7 -3 3 0.5 8 3 -1 1 9 -2 -5 1.5 10 -5 2 0.5 11 -6 -2 1 12 -5 5 1.5 13 -2 1 0.5 14 3 -3 1 15 -3 4 1.5 16 6 0 0.5 17 4 -4 1 18 4 3 1.5 19 6 -1 0.5 20 -3 -5 1 21 3 2 1.5 22 -2 -2 0.5 23 -5 5 1 24 -6 1 1.5 25 -5 -3 0.5 26 -2 4 1 27 3 0 1.5 28 -3 -4 0.5 29 6 3 1 30 4 -1 1.5 31 4 -5 0.5 32 6 2 1 33 -3 -2 1.5 34 3 5 0.5 35 -2 1 1 36 -5 -3 1.5 37 -6 4 0.5 38 -5 0 1 39 -2 -4 1.5 40 3 3 0.5 41 -3 -1 1 42 6 -5 1.5 43 4 2 0.5 44 4 -2 1 45 6 5 1.5 46 -3 1 0.5 47 3 -3 1 48 -2 4 1.5 49 -5 0 0.5 50 -6 -4 1 51 -5 3 1.5 52 -2 -1 0.5 53 3 -5 1 54 -3 2 1.5 55 6 -2 0.5 56 4 5 1 57 4 1 1.5 58 6 -3 0.5 59 -3 4 1 60 3 0 1.5 61 -2 -4 0.5 62 -5 3 1 63 -6 -1 1.5 64 -5 -5 0.5 65 -2 2 1 66 3 -2 1.5 67 -3 5 0.5 68 6 1 1 69 4 -3 1.5 70 4 4 0.5 71 6 0 1 72 -3 -4 1.5 73 3 3 0.5 74 -2 -1 1 75 -5 -5 1.5 76 -6 2 0.5 77 -5 -2 1 78 -2 5 1.5 79 3 1 0.5 80 -3 -3 1 81 6 4 1.5 82 4 0 0.5 83 4 -4 1 84 6 3 1.5 85 -3 -1 0.5 86 3 -5 1 -2 22 -1 22 0 1 1 22 2 1 3 22 4 22 I -1 22 I 3 22 | unclamped_nonuniform_d22_domain_ends R 2 1 1 22 0 89 7 -1 3 -1 -3 -5/2 1/2 -1 -5 2 1 0 -3 -3 3/2 1/2 3/2 5/2 1/2 2 -3 1 1 9/2 9 -9/2 3/2 2 2 2 1/2 5 4 0 1 9 9 -6 3/2 7/2 -3/2 3/2 1/2 8 3 -1 1 27/2 -3 -15/2 3/2 5 -5/2 1 1/2 11 -6 -2 1 18 -15/2 15/2 3/2 13/2 -1 1/2 1/2 14 3 -3 1 45/2 -9/2 6 3/2 8 3 0 1/2 17 4 -4 1 27 6 9/2 3/2 19/2 3 -1/2 1/2 20 -3 -5 1 63/2 9/2 3 3/2 11 -1 -1 1/2 23 -5 5 1 36 -9 3/2 3/2 25/2 -5/2 -3/2 1/2 26 -2 4 1 81/2 9/2 0 3/2 14 -3/2 -2 1/2 29 6 3 1 45 6 -3/2 3/2 31/2 2 -5/2 1/2 32 6 2 1 99/2 -9/2 -3 3/2 17 3/2 5/2 1/2 35 -2 1 1 54 -15/2 -9/2 3/2 37/2 -3 2 1/2 38 -5 0 1 117/2 -3 -6 3/2 20 3/2 3/2 1/2 41 -3 -1 1 63 9 -15/2 3/2 43/2 2 1 1/2 44 4 -2 1 135/2 9 15/2 3/2 23 -3/2 1/2 1/2 47 3 -3 1 72 -3 6 3/2 49/2 -5/2 0 1/2 50 -6 -4 1 153/2 -15/2 9/2 3/2 26 -1 -1/2 1/2 53 3 -5 1 81 -9/2 3 3/2 55/2 3 -1 1/2 56 4 5 1 171/2 6 3/2 3/2 29 3 -3/2 1/2 59 -3 4 1 90 9/2 0 3/2 61/2 -1 -2 1/2 62 -5 3 1 189/2 -9 -3/2 3/2 32 -5/2 -5/2 1/2 65 -2 2 1 99 9/2 -3 3/2 67/2 -3/2 5/2 1/2 68 6 1 1 207/2 6 -9/2 3/2 35 2 2 1/2 71 6 0 1 108 -9/2 -6 3/2 73/2 3/2 3/2 1/2 74 -2 -1 1 225/2 -15/2 -15/2 3/2 38 -3 1 1/2 77 -5 -2 1 117 -3 15/2 3/2 79/2 3/2 1/2 1/2 80 -3 -3 1 243/2 9 6 3/2 41 2 0 1/2 83 4 -4 1 126 9 9/2 3/2 85/2 -3/2 -1/2 1/2 86 3 -5 1 -2 22 -1 22 0 1 1 22 2 1 3 22 4 22
constant_periodic_d22_identity P 22 25 26 0 2 -3 5 1 2 -3 5 1 2 -3 5 1 2 -3 5 1 2 -3 5 1 2 -3 5 1 2 -3 5 1 2 -3 5 1 2 -3 5 1 2 -3 5 1 2 -3 5 1 2 -3 5 1 2 -3 5 1 2 -3 5 1 2 -3 5 1 2 -3 5 1 2 -3 5 1 2 -3 5 1 2 -3 5 1 2 -3 5 1 2 -3 5 1 2 -3 5 1 2 -3 5 1 2 -3 5 1 2 -3 5 1 0 1 1 1 2 1 3 1 4 1 5 1 6 1 7 1 8 1 9 1 10 1 11 1 12 1 13 1 14 1 15 1 16 1 17 1 18 1 19 1 20 1 21 1 22 1 23 1 24 1 25 1 | constant_periodic_d22_identity R 0 22 1 25 26 0 25 2 -3 5 1 2 -3 5 1 2 -3 5 1 2 -3 5 1 2 -3 5 1 2 -3 5 1 2 -3 5 1 2 -3 5 1 2 -3 5 1 2 -3 5 1 2 -3 5 1 2 -3 5 1 2 -3 5 1 2 -3 5 1 2 -3 5 1 2 -3 5 1 2 -3 5 1 2 -3 5 1 2 -3 5 1 2 -3 5 1 2 -3 5 1 2 -3 5 1 2 -3 5 1 2 -3 5 1 2 -3 5 1 0 1 1 1 2 1 3 1 4 1 5 1 6 1 7 1 8 1 9 1 10 1 11 1 12 1 13 1 14 1 15 1 16 1 17 1 18 1 19 1 20 1 21 1 22 1 23 1 24 1 25 1
constant_periodic_d22_insert P 22 25 26 1 2 -3 5 1 2 -3 5 1 2 -3 5 1 2 -3 5 1 2 -3 5 1 2 -3 5 1 2 -3 5 1 2 -3 5 1 2 -3 5 1 2 -3 5 1 2 -3 5 1 2 -3 5 1 2 -3 5 1 2 -3 5 1 2 -3 5 1 2 -3 5 1 2 -3 5 1 2 -3 5 1 2 -3 5 1 2 -3 5 1 2 -3 5 1 2 -3 5 1 2 -3 5 1 2 -3 5 1 2 -3 5 1 0 1 1 1 2 1 3 1 4 1 5 1 6 1 7 1 8 1 9 1 10 1 11 1 12 1 13 1 14 1 15 1 16 1 17 1 18 1 19 1 20 1 21 1 22 1 23 1 24 1 25 1 I 0.25 22 | constant_periodic_d22_insert R 1 1 22 1 47 27 0 25 2 -3 5 1 2 -3 5 1 2 -3 5 1 2 -3 5 1 2 -3 5 1 2 -3 5 1 2 -3 5 1 2 -3 5 1 2 -3 5 1 2 -3 5 1 2 -3 5 1 2 -3 5 1 2 -3 5 1 2 -3 5 1 2 -3 5 1 2 -3 5 1 2 -3 5 1 2 -3 5 1 2 -3 5 1 2 -3 5 1 2 -3 5 1 2 -3 5 1 2 -3 5 1 2 -3 5 1 2 -3 5 1 2 -3 5 1 2 -3 5 1 2 -3 5 1 2 -3 5 1 2 -3 5 1 2 -3 5 1 2 -3 5 1 2 -3 5 1 2 -3 5 1 2 -3 5 1 2 -3 5 1 2 -3 5 1 2 -3 5 1 2 -3 5 1 2 -3 5 1 2 -3 5 1 2 -3 5 1 2 -3 5 1 2 -3 5 1 2 -3 5 1 2 -3 5 1 2 -3 5 1 0 1 1/4 22 1 1 2 1 3 1 4 1 5 1 6 1 7 1 8 1 9 1 10 1 11 1 12 1 13 1 14 1 15 1 16 1 17 1 18 1 19 1 20 1 21 1 22 1 23 1 24 1 25 1
constant_periodic_d22_sequence P 22 25 26 4 2 -3 5 1 2 -3 5 1 2 -3 5 1 2 -3 5 1 2 -3 5 1 2 -3 5 1 2 -3 5 1 2 -3 5 1 2 -3 5 1 2 -3 5 1 2 -3 5 1 2 -3 5 1 2 -3 5 1 2 -3 5 1 2 -3 5 1 2 -3 5 1 2 -3 5 1 2 -3 5 1 2 -3 5 1 2 -3 5 1 2 -3 5 1 2 -3 5 1 2 -3 5 1 2 -3 5 1 2 -3 5 1 0 1 1 1 2 1 3 1 4 1 5 1 6 1 7 1 8 1 9 1 10 1 11 1 12 1 13 1 14 1 15 1 16 1 17 1 18 1 19 1 20 1 21 1 22 1 23 1 24 1 25 1 I 0.75 1 I 0.25 22 I 0.75 22 I 0.25 1 | constant_periodic_d22_sequence R 4 1 1 1 1 22 1 69 28 0 25 2 -3 5 1 2 -3 5 1 2 -3 5 1 2 -3 5 1 2 -3 5 1 2 -3 5 1 2 -3 5 1 2 -3 5 1 2 -3 5 1 2 -3 5 1 2 -3 5 1 2 -3 5 1 2 -3 5 1 2 -3 5 1 2 -3 5 1 2 -3 5 1 2 -3 5 1 2 -3 5 1 2 -3 5 1 2 -3 5 1 2 -3 5 1 2 -3 5 1 2 -3 5 1 2 -3 5 1 2 -3 5 1 2 -3 5 1 2 -3 5 1 2 -3 5 1 2 -3 5 1 2 -3 5 1 2 -3 5 1 2 -3 5 1 2 -3 5 1 2 -3 5 1 2 -3 5 1 2 -3 5 1 2 -3 5 1 2 -3 5 1 2 -3 5 1 2 -3 5 1 2 -3 5 1 2 -3 5 1 2 -3 5 1 2 -3 5 1 2 -3 5 1 2 -3 5 1 2 -3 5 1 2 -3 5 1 2 -3 5 1 2 -3 5 1 2 -3 5 1 2 -3 5 1 2 -3 5 1 2 -3 5 1 2 -3 5 1 2 -3 5 1 2 -3 5 1 2 -3 5 1 2 -3 5 1 2 -3 5 1 2 -3 5 1 2 -3 5 1 2 -3 5 1 2 -3 5 1 2 -3 5 1 2 -3 5 1 2 -3 5 1 2 -3 5 1 2 -3 5 1 0 1 1/4 22 3/4 22 1 1 2 1 3 1 4 1 5 1 6 1 7 1 8 1 9 1 10 1 11 1 12 1 13 1 14 1 15 1 16 1 17 1 18 1 19 1 20 1 21 1 22 1 23 1 24 1 25 1
constant_periodic_d22_roundtrip P 22 25 26 2 2 -3 5 1 2 -3 5 1 2 -3 5 1 2 -3 5 1 2 -3 5 1 2 -3 5 1 2 -3 5 1 2 -3 5 1 2 -3 5 1 2 -3 5 1 2 -3 5 1 2 -3 5 1 2 -3 5 1 2 -3 5 1 2 -3 5 1 2 -3 5 1 2 -3 5 1 2 -3 5 1 2 -3 5 1 2 -3 5 1 2 -3 5 1 2 -3 5 1 2 -3 5 1 2 -3 5 1 2 -3 5 1 0 1 1 1 2 1 3 1 4 1 5 1 6 1 7 1 8 1 9 1 10 1 11 1 12 1 13 1 14 1 15 1 16 1 17 1 18 1 19 1 20 1 21 1 22 1 23 1 24 1 25 1 I 0.25 1 R 0.25 0 | constant_periodic_d22_roundtrip R 2 1 1 22 1 25 26 0 25 2 -3 5 1 2 -3 5 1 2 -3 5 1 2 -3 5 1 2 -3 5 1 2 -3 5 1 2 -3 5 1 2 -3 5 1 2 -3 5 1 2 -3 5 1 2 -3 5 1 2 -3 5 1 2 -3 5 1 2 -3 5 1 2 -3 5 1 2 -3 5 1 2 -3 5 1 2 -3 5 1 2 -3 5 1 2 -3 5 1 2 -3 5 1 2 -3 5 1 2 -3 5 1 2 -3 5 1 2 -3 5 1 0 1 1 1 2 1 3 1 4 1 5 1 6 1 7 1 8 1 9 1 10 1 11 1 12 1 13 1 14 1 15 1 16 1 17 1 18 1 19 1 20 1 21 1 22 1 23 1 24 1 25 1
constant_periodic_d22_full_roundtrip P 22 25 26 2 2 -3 5 1 2 -3 5 1 2 -3 5 1 2 -3 5 1 2 -3 5 1 2 -3 5 1 2 -3 5 1 2 -3 5 1 2 -3 5 1 2 -3 5 1 2 -3 5 1 2 -3 5 1 2 -3 5 1 2 -3 5 1 2 -3 5 1 2 -3 5 1 2 -3 5 1 2 -3 5 1 2 -3 5 1 2 -3 5 1 2 -3 5 1 2 -3 5 1 2 -3 5 1 2 -3 5 1 2 -3 5 1 0 1 1 1 2 1 3 1 4 1 5 1 6 1 7 1 8 1 9 1 10 1 11 1 12 1 13 1 14 1 15 1 16 1 17 1 18 1 19 1 20 1 21 1 22 1 23 1 24 1 25 1 I 0.25 22 R 0.25 0 | constant_periodic_d22_full_roundtrip R 2 1 1 22 1 25 26 0 25 2 -3 5 1 2 -3 5 1 2 -3 5 1 2 -3 5 1 2 -3 5 1 2 -3 5 1 2 -3 5 1 2 -3 5 1 2 -3 5 1 2 -3 5 1 2 -3 5 1 2 -3 5 1 2 -3 5 1 2 -3 5 1 2 -3 5 1 2 -3 5 1 2 -3 5 1 2 -3 5 1 2 -3 5 1 2 -3 5 1 2 -3 5 1 2 -3 5 1 2 -3 5 1 2 -3 5 1 2 -3 5 1 0 1 1 1 2 1 3 1 4 1 5 1 6 1 7 1 8 1 9 1 10 1 11 1 12 1 13 1 14 1 15 1 16 1 17 1 18 1 19 1 20 1 21 1 22 1 23 1 24 1 25 1
constant_periodic_d22_remove_existing P 22 25 26 1 2 -3 5 1 2 -3 5 1 2 -3 5 1 2 -3 5 1 2 -3 5 1 2 -3 5 1 2 -3 5 1 2 -3 5 1 2 -3 5 1 2 -3 5 1 2 -3 5 1 2 -3 5 1 2 -3 5 1 2 -3 5 1 2 -3 5 1 2 -3 5 1 2 -3 5 1 2 -3 5 1 2 -3 5 1 2 -3 5 1 2 -3 5 1 2 -3 5 1 2 -3 5 1 2 -3 5 1 2 -3 5 1 0 1 1 1 2 1 3 1 4 1 5 1 6 1 7 1 8 1 9 1 10 1 11 1 12 1 13 1 14 1 15 1 16 1 17 1 18 1 19 1 20 1 21 1 22 1 23 1 24 1 25 1 R 1 0 | constant_periodic_d22_remove_existing R 1 1 22 1 24 25 0 25 2 -3 5 1 2 -3 5 1 2 -3 5 1 2 -3 5 1 2 -3 5 1 2 -3 5 1 2 -3 5 1 2 -3 5 1 2 -3 5 1 2 -3 5 1 2 -3 5 1 2 -3 5 1 2 -3 5 1 2 -3 5 1 2 -3 5 1 2 -3 5 1 2 -3 5 1 2 -3 5 1 2 -3 5 1 2 -3 5 1 2 -3 5 1 2 -3 5 1 2 -3 5 1 2 -3 5 1 0 1 2 1 3 1 4 1 5 1 6 1 7 1 8 1 9 1 10 1 11 1 12 1 13 1 14 1 15 1 16 1 17 1 18 1 19 1 20 1 21 1 22 1 23 1 24 1 25 1
constant_periodic_d22_seam P 22 25 26 2 2 -3 5 1 2 -3 5 1 2 -3 5 1 2 -3 5 1 2 -3 5 1 2 -3 5 1 2 -3 5 1 2 -3 5 1 2 -3 5 1 2 -3 5 1 2 -3 5 1 2 -3 5 1 2 -3 5 1 2 -3 5 1 2 -3 5 1 2 -3 5 1 2 -3 5 1 2 -3 5 1 2 -3 5 1 2 -3 5 1 2 -3 5 1 2 -3 5 1 2 -3 5 1 2 -3 5 1 2 -3 5 1 0 1 1 1 2 1 3 1 4 1 5 1 6 1 7 1 8 1 9 1 10 1 11 1 12 1 13 1 14 1 15 1 16 1 17 1 18 1 19 1 20 1 21 1 22 1 23 1 24 1 25 1 I 0 22 I 25 22 | constant_periodic_d22_seam R 2 1 1 22 1 46 26 0 25 2 -3 5 1 2 -3 5 1 2 -3 5 1 2 -3 5 1 2 -3 5 1 2 -3 5 1 2 -3 5 1 2 -3 5 1 2 -3 5 1 2 -3 5 1 2 -3 5 1 2 -3 5 1 2 -3 5 1 2 -3 5 1 2 -3 5 1 2 -3 5 1 2 -3 5 1 2 -3 5 1 2 -3 5 1 2 -3 5 1 2 -3 5 1 2 -3 5 1 2 -3 5 1 2 -3 5 1 2 -3 5 1 2 -3 5 1 2 -3 5 1 2 -3 5 1 2 -3 5 1 2 -3 5 1 2 -3 5 1 2 -3 5 1 2 -3 5 1 2 -3 5 1 2 -3 5 1 2 -3 5 1 2 -3 5 1 2 -3 5 1 2 -3 5 1 2 -3 5 1 2 -3 5 1 2 -3 5 1 2 -3 5 1 2 -3 5 1 2 -3 5 1 2 -3 5 1 0 22 1 1 2 1 3 1 4 1 5 1 6 1 7 1 8 1 9 1 10 1 11 1 12 1 13 1 14 1 15 1 16 1 17 1 18 1 19 1 20 1 21 1 22 1 23 1 24 1 25 22
constant_periodic_d22_seam_roundtrip P 22 25 26 2 2 -3 5 1 2 -3 5 1 2 -3 5 1 2 -3 5 1 2 -3 5 1 2 -3 5 1 2 -3 5 1 2 -3 5 1 2 -3 5 1 2 -3 5 1 2 -3 5 1 2 -3 5 1 2 -3 5 1 2 -3 5 1 2 -3 5 1 2 -3 5 1 2 -3 5 1 2 -3 5 1 2 -3 5 1 2 -3 5 1 2 -3 5 1 2 -3 5 1 2 -3 5 1 2 -3 5 1 2 -3 5 1 0 1 1 1 2 1 3 1 4 1 5 1 6 1 7 1 8 1 9 1 10 1 11 1 12 1 13 1 14 1 15 1 16 1 17 1 18 1 19 1 20 1 21 1 22 1 23 1 24 1 25 1 I 25 22 R 0 1 | constant_periodic_d22_seam_roundtrip R 2 1 1 22 1 25 26 0 25 2 -3 5 1 2 -3 5 1 2 -3 5 1 2 -3 5 1 2 -3 5 1 2 -3 5 1 2 -3 5 1 2 -3 5 1 2 -3 5 1 2 -3 5 1 2 -3 5 1 2 -3 5 1 2 -3 5 1 2 -3 5 1 2 -3 5 1 2 -3 5 1 2 -3 5 1 2 -3 5 1 2 -3 5 1 2 -3 5 1 2 -3 5 1 2 -3 5 1 2 -3 5 1 2 -3 5 1 2 -3 5 1 0 1 1 1 2 1 3 1 4 1 5 1 6 1 7 1 8 1 9 1 10 1 11 1 12 1 13 1 14 1 15 1 16 1 17 1 18 1 19 1 20 1 21 1 22 1 23 1 24 1 25 1
constant_periodic_d22_remove_origin P 22 25 26 1 2 -3 5 1 2 -3 5 1 2 -3 5 1 2 -3 5 1 2 -3 5 1 2 -3 5 1 2 -3 5 1 2 -3 5 1 2 -3 5 1 2 -3 5 1 2 -3 5 1 2 -3 5 1 2 -3 5 1 2 -3 5 1 2 -3 5 1 2 -3 5 1 2 -3 5 1 2 -3 5 1 2 -3 5 1 2 -3 5 1 2 -3 5 1 2 -3 5 1 2 -3 5 1 2 -3 5 1 2 -3 5 1 0 1 1 1 2 1 3 1 4 1 5 1 6 1 7 1 8 1 9 1 10 1 11 1 12 1 13 1 14 1 15 1 16 1 17 1 18 1 19 1 20 1 21 1 22 1 23 1 24 1 25 1 R 0 0 | constant_periodic_d22_remove_origin R 1 1 22 1 24 25 1 26 2 -3 5 1 2 -3 5 1 2 -3 5 1 2 -3 5 1 2 -3 5 1 2 -3 5 1 2 -3 5 1 2 -3 5 1 2 -3 5 1 2 -3 5 1 2 -3 5 1 2 -3 5 1 2 -3 5 1 2 -3 5 1 2 -3 5 1 2 -3 5 1 2 -3 5 1 2 -3 5 1 2 -3 5 1 2 -3 5 1 2 -3 5 1 2 -3 5 1 2 -3 5 1 2 -3 5 1 1 1 2 1 3 1 4 1 5 1 6 1 7 1 8 1 9 1 10 1 11 1 12 1 13 1 14 1 15 1 16 1 17 1 18 1 19 1 20 1 21 1 22 1 23 1 24 1 26 1
constant_periodic_d22_remove_end_alias P 22 25 26 1 2 -3 5 1 2 -3 5 1 2 -3 5 1 2 -3 5 1 2 -3 5 1 2 -3 5 1 2 -3 5 1 2 -3 5 1 2 -3 5 1 2 -3 5 1 2 -3 5 1 2 -3 5 1 2 -3 5 1 2 -3 5 1 2 -3 5 1 2 -3 5 1 2 -3 5 1 2 -3 5 1 2 -3 5 1 2 -3 5 1 2 -3 5 1 2 -3 5 1 2 -3 5 1 2 -3 5 1 2 -3 5 1 0 1 1 1 2 1 3 1 4 1 5 1 6 1 7 1 8 1 9 1 10 1 11 1 12 1 13 1 14 1 15 1 16 1 17 1 18 1 19 1 20 1 21 1 22 1 23 1 24 1 25 1 R 25 0 | constant_periodic_d22_remove_end_alias R 1 1 22 1 24 25 1 26 2 -3 5 1 2 -3 5 1 2 -3 5 1 2 -3 5 1 2 -3 5 1 2 -3 5 1 2 -3 5 1 2 -3 5 1 2 -3 5 1 2 -3 5 1 2 -3 5 1 2 -3 5 1 2 -3 5 1 2 -3 5 1 2 -3 5 1 2 -3 5 1 2 -3 5 1 2 -3 5 1 2 -3 5 1 2 -3 5 1 2 -3 5 1 2 -3 5 1 2 -3 5 1 2 -3 5 1 1 1 2 1 3 1 4 1 5 1 6 1 7 1 8 1 9 1 10 1 11 1 12 1 13 1 14 1 15 1 16 1 17 1 18 1 19 1 20 1 21 1 22 1 23 1 24 1 26 1
unclamped_nonuniform_d23_identity S 23 93 7 0 -2 -6 -5 0.5 -1 -5 2 1 0 -2 -2 1.5 1 3 5 0.5 2 -3 1 1 3 6 -3 1.5 4 4 4 0.5 5 4 0 1 6 6 -4 1.5 7 -3 3 0.5 8 3 -1 1 9 -2 -5 1.5 10 -5 2 0.5 11 -6 -2 1 12 -5 5 1.5 13 -2 1 0.5 14 3 -3 1 15 -3 4 1.5 16 6 0 0.5 17 4 -4 1 18 4 3 1.5 19 6 -1 0.5 20 -3 -5 1 21 3 2 1.5 22 -2 -2 0.5 23 -5 5 1 24 -6 1 1.5 25 -5 -3 0.5 26 -2 4 1 27 3 0 1.5 28 -3 -4 0.5 29 6 3 1 30 4 -1 1.5 31 4 -5 0.5 32 6 2 1 33 -3 -2 1.5 34 3 5 0.5 35 -2 1 1 36 -5 -3 1.5 37 -6 4 0.5 38 -5 0 1 39 -2 -4 1.5 40 3 3 0.5 41 -3 -1 1 42 6 -5 1.5 43 4 2 0.5 44 4 -2 1 45 6 5 1.5 46 -3 1 0.5 47 3 -3 1 48 -2 4 1.5 49 -5 0 0.5 50 -6 -4 1 51 -5 3 1.5 52 -2 -1 0.5 53 3 -5 1 54 -3 2 1.5 55 6 -2 0.5 56 4 5 1 57 4 1 1.5 58 6 -3 0.5 59 -3 4 1 60 3 0 1.5 61 -2 -4 0.5 62 -5 3 1 63 -6 -1 1.5 64 -5 -5 0.5 65 -2 2 1 66 3 -2 1.5 67 -3 5 0.5 68 6 1 1 69 4 -3 1.5 70 4 4 0.5 71 6 0 1 72 -3 -4 1.5 73 3 3 0.5 74 -2 -1 1 75 -5 -5 1.5 76 -6 2 0.5 77 -5 -2 1 78 -2 5 1.5 79 3 1 0.5 80 -3 -3 1 81 6 4 1.5 82 4 0 0.5 83 4 -4 1 84 6 3 1.5 85 -3 -1 0.5 86 3 -5 1 87 -2 2 1.5 88 -5 -2 0.5 89 -6 5 1 90 -5 1 1.5 -2 23 -1 23 0 1 1 23 2 1 3 23 4 23 | unclamped_nonuniform_d23_identity R 0 23 0 93 7 -1 3 -1 -3 -5/2 1/2 -1 -5 2 1 0 -3 -3 3/2 1/2 3/2 5/2 1/2 2 -3 1 1 9/2 9 -9/2 3/2 2 2 2 1/2 5 4 0 1 9 9 -6 3/2 7/2 -3/2 3/2 1/2 8 3 -1 1 27/2 -3 -15/2 3/2 5 -5/2 1 1/2 11 -6 -2 1 18 -15/2 15/2 3/2 13/2 -1 1/2 1/2 14 3 -3 1 45/2 -9/2 6 3/2 8 3 0 1/2 17 4 -4 1 27 6 9/2 3/2 19/2 3 -1/2 1/2 20 -3 -5 1 63/2 9/2 3 3/2 11 -1 -1 1/2 23 -5 5 1 36 -9 3/2 3/2 25/2 -5/2 -3/2 1/2 26 -2 4 1 81/2 9/2 0 3/2 14 -3/2 -2 1/2 29 6 3 1 45 6 -3/2 3/2 31/2 2 -5/2 1/2 32 6 2 1 99/2 -9/2 -3 3/2 17 3/2 5/2 1/2 35 -2 1 1 54 -15/2 -9/2 3/2 37/2 -3 2 1/2 38 -5 0 1 117/2 -3 -6 3/2 20 3/2 3/2 1/2 41 -3 -1 1 63 9 -15/2 3/2 43/2 2 1 1/2 44 4 -2 1 135/2 9 15/2 3/2 23 -3/2 1/2 1/2 47 3 -3 1 72 -3 6 3/2 49/2 -5/2 0 1/2 50 -6 -4 1 153/2 -15/2 9/2 3/2 26 -1 -1/2 1/2 53 3 -5 1 81 -9/2 3 3/2 55/2 3 -1 1/2 56 4 5 1 171/2 6 3/2 3/2 29 3 -3/2 1/2 59 -3 4 1 90 9/2 0 3/2 61/2 -1 -2 1/2 62 -5 3 1 189/2 -9 -3/2 3/2 32 -5/2 -5/2 1/2 65 -2 2 1 99 9/2 -3 3/2 67/2 -3/2 5/2 1/2 68 6 1 1 207/2 6 -9/2 3/2 35 2 2 1/2 71 6 0 1 108 -9/2 -6 3/2 73/2 3/2 3/2 1/2 74 -2 -1 1 225/2 -15/2 -15/2 3/2 38 -3 1 1/2 77 -5 -2 1 117 -3 15/2 3/2 79/2 3/2 1/2 1/2 80 -3 -3 1 243/2 9 6 3/2 41 2 0 1/2 83 4 -4 1 126 9 9/2 3/2 85/2 -3/2 -1/2 1/2 86 3 -5 1 261/2 -3 3 3/2 44 -5/2 -1 1/2 89 -6 5 1 135 -15/2 3/2 3/2 -2 23 -1 23 0 1 1 23 2 1 3 23 4 23
unclamped_nonuniform_d23_insert S 23 93 7 1 -2 -6 -5 0.5 -1 -5 2 1 0 -2 -2 1.5 1 3 5 0.5 2 -3 1 1 3 6 -3 1.5 4 4 4 0.5 5 4 0 1 6 6 -4 1.5 7 -3 3 0.5 8 3 -1 1 9 -2 -5 1.5 10 -5 2 0.5 11 -6 -2 1 12 -5 5 1.5 13 -2 1 0.5 14 3 -3 1 15 -3 4 1.5 16 6 0 0.5 17 4 -4 1 18 4 3 1.5 19 6 -1 0.5 20 -3 -5 1 21 3 2 1.5 22 -2 -2 0.5 23 -5 5 1 24 -6 1 1.5 25 -5 -3 0.5 26 -2 4 1 27 3 0 1.5 28 -3 -4 0.5 29 6 3 1 30 4 -1 1.5 31 4 -5 0.5 32 6 2 1 33 -3 -2 1.5 34 3 5 0.5 35 -2 1 1 36 -5 -3 1.5 37 -6 4 0.5 38 -5 0 1 39 -2 -4 1.5 40 3 3 0.5 41 -3 -1 1 42 6 -5 1.5 43 4 2 0.5 44 4 -2 1 45 6 5 1.5 46 -3 1 0.5 47 3 -3 1 48 -2 4 1.5 49 -5 0 0.5 50 -6 -4 1 51 -5 3 1.5 52 -2 -1 0.5 53 3 -5 1 54 -3 2 1.5 55 6 -2 0.5 56 4 5 1 57 4 1 1.5 58 6 -3 0.5 59 -3 4 1 60 3 0 1.5 61 -2 -4 0.5 62 -5 3 1 63 -6 -1 1.5 64 -5 -5 0.5 65 -2 2 1 66 3 -2 1.5 67 -3 5 0.5 68 6 1 1 69 4 -3 1.5 70 4 4 0.5 71 6 0 1 72 -3 -4 1.5 73 3 3 0.5 74 -2 -1 1 75 -5 -5 1.5 76 -6 2 0.5 77 -5 -2 1 78 -2 5 1.5 79 3 1 0.5 80 -3 -3 1 81 6 4 1.5 82 4 0 0.5 83 4 -4 1 84 6 3 1.5 85 -3 -1 0.5 86 3 -5 1 87 -2 2 1.5 88 -5 -2 0.5 89 -6 5 1 90 -5 1 1.5 -2 23 -1 23 0 1 1 23 2 1 3 23 4 23 I -0.75 23 | unclamped_nonuniform_d23_insert R 1 1 23 0 116 8 -1 3 -1 -3 -5/2 1/2 -1 -5 2 1 0 -3 -3 3/2 1/2 3/2 5/2 1/2 2 -3 1 1 9/2 9 -9/2 3/2 2 2 2 1/2 5 4 0 1 9 9 -6 3/2 7/2 -3/2 3/2 1/2 8 3 -1 1 27/2 -3 -15/2 3/2 5 -5/2 1 1/2 11 -6 -2 1 18 -15/2 15/2 3/2 13/2 -1 1/2 1/2 14 3 -3 1 45/2 -9/2 6 3/2 8 3 0 1/2 17 4 -4 1 27 6 9/2 3/2 19/2 3 -1/2 1/2 20 -3 -5 1 183/8 -9/8 -3 9/8 1561/64 7/64 -13/8 19/16 12807/512 445/512 -87/128 619/512 102723/4096 5235/4096 -111/4096 4935/4096 406675/16384 23413/16384 14017/32768 19429/16384 3198519/131072 182455/131072 196607/262144 303941/262144 50183889/2097152 2559153/2097152 2062713/2097152 2370867/2097152 393748201/16777216 4003479/4194304 9712119/8388608 288931/262144 3095226297/134217728 84001851/134217728 86686039/67108864 144454831/134217728 24401454291/1073741824 277522653/1073741824 1500771201/1073741824 1131426723/1073741824 48252758363/2147483648 -1108703503/8589934592 12742654907/8589934592 4444782577/4294967296 191481568875/8589934592 -35894721615/68719476736 106770179685/68719476736 70073757209/68719476736 12196436721573/549755813888 -500409784425/549755813888 885890887581/549755813888 554114548815/549755813888 97381273429447/4398046511104 -2824188057855/2199023255552 7293597062995/4398046511104 274643701405/274877906944 779393821185567/35184372088832 -1801097415267/1099511627776 7457696573947/4398046511104 34935171040843/35184372088832 6250034297172459/281474976710656 -553633954584861/281474976710656 121326341777349/70368744177664 278318132333535/281474976710656 25097808753480361/1125899906842624 -5105660196490787/2251799813685248 1964018595433809/1125899906842624 1110503148430813/1125899906842624 201794947051051305/9007199254740992 -45706622916827173/18014398509481984 15825586621271261/9007199254740992 17747005989083645/18014398509481984 3247602884081183241/144115188075855872 -399937731670807791/144115188075855872 127000856068996083/72057594037927936 141946279874648475/144115188075855872 26146646346996406021/1152921504606846976 -107381972364819729/36028797018963968 507707040915547749/288230376151711744 35503813012862843/36028797018963968 210574582554174549093/9223372036854775808 -14541484834480685561/4611686018427387904 16182341846584657009/9223372036854775808 9097632383228615383/9223372036854775808 1696137263421305288019/73786976294838206464 -7594977513385540863/2305843009213693952 502147489130686971/288230376151711744 72871082631653205963/73786976294838206464 1707804309596389200853/73786976294838206464 -2008865156660018494279/590295810358705651712 1018315512219204172347/590295810358705651712 291887030446292582809/295147905179352825856 1742805448121640939355/73786976294838206464 -550629474089994648583/147573952589676412928 247016968914468984891/147573952589676412928 9159222818916620615/9223372036854775808 456782519569475924483/18446744073709551616 -70839237188011082395/18446744073709551616 26827025948833527237/18446744073709551616 18550546776695334185/18446744073709551616 58994662033279505639/2305843009213693952 -5864918056910690753/2305843009213693952 313544168645263775/288230376151711744 2317642403913265353/2305843009213693952 7514362054000466953/288230376151711744 -153839798954562031/288230376151711744 55603639827774945/72057594037927936 142222168581860063/144115188075855872 987168294977415181/36028797018963968 11447620449740861/9007199254740992 21982134388480611/36028797018963968 36194629582693891/36028797018963968 64125063237140357/2251799813685248 11107508084647349/4503599627370496 995454814023063/4503599627370496 4572364189448217/4503599627370496 1000124796318029/35184372088832 1883938801978293/562949953421312 -40450778069799/281474976710656 4305449241097/4398046511104 2100598694959031/70368744177664 280236891901887/70368744177664 -3303477047853/17592186044416 70147760241077/70368744177664 278799956218085/8796093022208 35674653492643/8796093022208 -4700834156303/8796093022208 9097427213925/8796093022208 33829160466319/1099511627776 3040347247025/1099511627776 -227745277651/274877906944 534805964795/549755813888 4370574206965/137438953472 44238251429/34359738368 -41508257341/137438953472 133907890663/137438953472 38016040213/1073741824 -5868460433/17179869184 27714717/17179869184 18285799701/17179869184 35907182749/1073741824 -4045215737/2147483648 88139/4194304 131312801/134217728 8769080027/268435456 -613395317/268435456 37344119/134217728 248120657/268435456 1329044291/33554432 -38004833/8388608 -9137901/8388608 36997521/33554432 156640597/4194304 -5324339/1048576 -5092911/4194304 2133191/2097152 16570765/524288 -956737/262144 28449/262144 435835/524288 1431875/32768 -58029/16384 -135273/65536 74145/65536 90869/2048 -5773/4096 -12851/4096 289/256 28463/1024 529/1024 211/512 701/1024 5825/128 -19/64 -153/64 141/128 925/16 65/8 -103/16 11/8 43/2 2 1 1/2 44 4 -2 1 135/2 9 15/2 3/2 23 -3/2 1/2 1/2 47 3 -3 1 72 -3 6 3/2 49/2 -5/2 0 1/2 50 -6 -4 1 153/2 -15/2 9/2 3/2 26 -1 -1/2 1/2 53 3 -5 1 81 -9/2 3 3/2 55/2 3 -1 1/2 56 4 5 1 171/2 6 3/2 3/2 29 3 -3/2 1/2 59 -3 4 1 90 9/2 0 3/2 61/2 -1 -2 1/2 62 -5 3 1 189/2 -9 -3/2 3/2 32 -5/2 -5/2 1/2 65 -2 2 1 99 9/2 -3 3/2 67/2 -3/2 5/2 1/2 68 6 1 1 207/2 6 -9/2 3/2 35 2 2 1/2 71 6 0 1 108 -9/2 -6 3/2 73/2 3/2 3/2 1/2 74 -2 -1 1 225/2 -15/2 -15/2 3/2 38 -3 1 1/2 77 -5 -2 1 117 -3 15/2 3/2 79/2 3/2 1/2 1/2 80 -3 -3 1 243/2 9 6 3/2 41 2 0 1/2 83 4 -4 1 126 9 9/2 3/2 85/2 -3/2 -1/2 1/2 86 3 -5 1 261/2 -3 3 3/2 44 -5/2 -1 1/2 89 -6 5 1 135 -15/2 3/2 3/2 -2 23 -1 23 -3/4 23 0 1 1 23 2 1 3 23 4 23
unclamped_nonuniform_d23_sequence S 23 93 7 4 -2 -6 -5 0.5 -1 -5 2 1 0 -2 -2 1.5 1 3 5 0.5 2 -3 1 1 3 6 -3 1.5 4 4 4 0.5 5 4 0 1 6 6 -4 1.5 7 -3 3 0.5 8 3 -1 1 9 -2 -5 1.5 10 -5 2 0.5 11 -6 -2 1 12 -5 5 1.5 13 -2 1 0.5 14 3 -3 1 15 -3 4 1.5 16 6 0 0.5 17 4 -4 1 18 4 3 1.5 19 6 -1 0.5 20 -3 -5 1 21 3 2 1.5 22 -2 -2 0.5 23 -5 5 1 24 -6 1 1.5 25 -5 -3 0.5 26 -2 4 1 27 3 0 1.5 28 -3 -4 0.5 29 6 3 1 30 4 -1 1.5 31 4 -5 0.5 32 6 2 1 33 -3 -2 1.5 34 3 5 0.5 35 -2 1 1 36 -5 -3 1.5 37 -6 4 0.5 38 -5 0 1 39 -2 -4 1.5 40 3 3 0.5 41 -3 -1 1 42 6 -5 1.5 43 4 2 0.5 44 4 -2 1 45 6 5 1.5 46 -3 1 0.5 47 3 -3 1 48 -2 4 1.5 49 -5 0 0.5 50 -6 -4 1 51 -5 3 1.5 52 -2 -1 0.5 53 3 -5 1 54 -3 2 1.5 55 6 -2 0.5 56 4 5 1 57 4 1 1.5 58 6 -3 0.5 59 -3 4 1 60 3 0 1.5 61 -2 -4 0.5 62 -5 3 1 63 -6 -1 1.5 64 -5 -5 0.5 65 -2 2 1 66 3 -2 1.5 67 -3 5 0.5 68 6 1 1 69 4 -3 1.5 70 4 4 0.5 71 6 0 1 72 -3 -4 1.5 73 3 3 0.5 74 -2 -1 1 75 -5 -5 1.5 76 -6 2 0.5 77 -5 -2 1 78 -2 5 1.5 79 3 1 0.5 80 -3 -3 1 81 6 4 1.5 82 4 0 0.5 83 4 -4 1 84 6 3 1.5 85 -3 -1 0.5 86 3 -5 1 87 -2 2 1.5 88 -5 -2 0.5 89 -6 5 1 90 -5 1 1.5 -2 23 -1 23 0 1 1 23 2 1 3 23 4 23 I -0.25 1 I -0.75 23 I -0.25 23 I -0.75 1 | unclamped_nonuniform_d23_sequence R 4 1 1 1 1 23 0 139 9 -1 3 -1 -3 -5/2 1/2 -1 -5 2 1 0 -3 -3 3/2 1/2 3/2 5/2 1/2 2 -3 1 1 9/2 9 -9/2 3/2 2 2 2 1/2 5 4 0 1 9 9 -6 3/2 7/2 -3/2 3/2 1/2 8 3 -1 1 27/2 -3 -15/2 3/2 5 -5/2 1 1/2 11 -6 -2 1 18 -15/2 15/2 3/2 13/2 -1 1/2 1/2 14 3 -3 1 45/2 -9/2 6 3/2 8 3 0 1/2 17 4 -4 1 27 6 9/2 3/2 19/2 3 -1/2 1/2 20 -3 -5 1 183/8 -9/8 -3 9/8 1561/64 7/64 -13/8 19/16 12807/512 445/512 -87/128 619/512 102723/4096 5235/4096 -111/4096 4935/4096 406675/16384 23413/16384 14017/32768 19429/16384 3198519/131072 182455/131072 196607/262144 303941/262144 50183889/2097152 2559153/2097152 2062713/2097152 2370867/2097152 393748201/16777216 4003479/4194304 9712119/8388608 288931/262144 3095226297/134217728 84001851/134217728 86686039/67108864 144454831/134217728 24401454291/1073741824 277522653/1073741824 1500771201/1073741824 1131426723/1073741824 48252758363/2147483648 -1108703503/8589934592 12742654907/8589934592 4444782577/4294967296 191481568875/8589934592 -35894721615/68719476736 106770179685/68719476736 70073757209/68719476736 12196436721573/549755813888 -500409784425/549755813888 885890887581/549755813888 554114548815/549755813888 97381273429447/4398046511104 -2824188057855/2199023255552 7293597062995/4398046511104 274643701405/274877906944 779393821185567/35184372088832 -1801097415267/1099511627776 7457696573947/4398046511104 34935171040843/35184372088832 6250034297172459/281474976710656 -553633954584861/281474976710656 121326341777349/70368744177664 278318132333535/281474976710656 25097808753480361/1125899906842624 -5105660196490787/2251799813685248 1964018595433809/1125899906842624 1110503148430813/1125899906842624 201794947051051305/9007199254740992 -45706622916827173/18014398509481984 15825586621271261/9007199254740992 17747005989083645/18014398509481984 3247602884081183241/144115188075855872 -399937731670807791/144115188075855872 127000856068996083/72057594037927936 141946279874648475/144115188075855872 26146646346996406021/1152921504606846976 -107381972364819729/36028797018963968 507707040915547749/288230376151711744 35503813012862843/36028797018963968 210574582554174549093/9223372036854775808 -14541484834480685561/4611686018427387904 16182341846584657009/9223372036854775808 9097632383228615383/9223372036854775808 1696137263421305288019/73786976294838206464 -7594977513385540863/2305843009213693952 502147489130686971/288230376151711744 72871082631653205963/73786976294838206464 1707804309596389200853/73786976294838206464 -2008865156660018494279/590295810358705651712 1018315512219204172347/590295810358705651712 291887030446292582809/295147905179352825856 1731138401946557026521/73786976294838206464 -2137966983126658560981/590295810358705651712 998150421178318683825/590295810358705651712 292692430285652100723/295147905179352825856 1754978267045424922425/73786976294838206464 -2193255724073895924607/590295810358705651712 966742429822746746131/590295810358705651712 293668252750542128081/295147905179352825856 1777700980292133126037/73786976294838206464 -2178782320264130001021/590295810358705651712 926867168148294585657/590295810358705651712 294490589481192890203/295147905179352825856 1798746502366338406941/73786976294838206464 -2102254414174866023799/590295810358705651712 881260011529545220779/590295810358705651712 295030128878248665417/295147905179352825856 1818301255284010583889/73786976294838206464 -1973189959255997065829/590295810358705651712 832399349813566440449/590295810358705651712 295298979268055204867/295147905179352825856 1836867661487222196097/73786976294838206464 -1801747678490761215791/590295810358705651712 782139383005424795907/590295810358705651712 295374807234179690497/295147905179352825856 1854955115231035282701/73786976294838206464 -1597902008504640025485/590295810358705651712 731616940012756493577/590295810358705651712 295344722383767176811/295147905179352825856 1872931309296617167461/73786976294838206464 -1370885398991701057191/590295810358705651712 681376583030305545755/590295810358705651712 295276413770599650809/295147905179352825856 1890994143306908206537/73786976294838206464 -1128863778741320568309/590295810358705651712 631577883687564755537/590295810358705651712 295210338173771524243/295147905179352825856 1909207718941200537033/73786976294838206464 -878807919599529325023/590295810358705651712 582188382243251507187/590295810358705651712 295163708865734773041/295147905179352825856 1927557227909295400581/73786976294838206464 -626514535155912508317/590295810358705651712 533120953743632530905/590295810358705651712 295138691569295498363/295147905179352825856 1945996550674897857709/73786976294838206464 -376726722058813560535/590295810358705651712 484312603201560263819/590295810358705651712 295130207549197963177/295147905179352825856 1964478795126058169409/73786976294838206464 -133305912037952106117/590295810358705651712 435759488577790347681/590295810358705651712 295131397301038892067/295147905179352825856 1982970299547396817425/73786976294838206464 100584378779227497585/590295810358705651712 387526247263578257891/590295810358705651712 295136529732227956577/295147905179352825856 2001453124463452281853/73786976294838206464 322311560267654727507/590295810358705651712 339743678782155614121/590295810358705651712 295141972053085761931/295147905179352825856 2019921630862466689269/73786976294838206464 529640631771770520057/590295810358705651712 292602817767177981435/590295810358705651712 295146032542026104409/295147905179352825856 2038377379235343743673/73786976294838206464 720641095636451009515/590295810358705651712 246348331454173424113/590295810358705651712 295148349303470237363/295147905179352825856 2056824744288698442841/73786976294838206464 893632832023876490177/590295810358705651712 201271050988224523987/590295810358705651712 295149249045628371601/295147905179352825856 2075268118804793941365/73786976294838206464 1047164492724115889475/590295810358705651712 157698240229072663161/590295810358705651712 295149271573162202523/295147905179352825856 2093710642081393846077/73786976294838206464 1180015365550367587273/590295810358705651712 115980368156935504491/590295810358705651712 295148900207817609737/295147905179352825856 2112153984118605922609/73786976294838206464 1291211125560494463323/590295810358705651712 76474030997709878081/590295810358705651712 295148458433735270467/295147905179352825856 2130598669612392174753/73786976294838206464 1380044827988252191761/590295810358705651712 39521722986756300483/590295810358705651712 295148108834643198657/295147905179352825856 2149044553232438563565/73786976294838206464 1446096314333763497523/590295810358705651712 5430015421312462409/590295810358705651712 295147897526585006251/295147905179352825856 2158267495042461757971/73786976294838206464 369780514376629787601/147573952589676412928 -2903959590352364157/147573952589676412928 9223368496017372189/9223372036854775808 551095925437600725209/18446744073709551616 50492906352109043327/18446744073709551616 -2914667397441621169/18446744073709551616 18446714779137673643/18446744073709551616 70328341955944953943/2305843009213693952 6284070715633996079/2305843009213693952 -76213909661401681/288230376151711744 2305844449151935001/2305843009213693952 8971209813263789811/288230376151711744 709787548074399483/288230376151711744 -23871643139820729/72057594037927936 144115996878753741/144115188075855872 1143909968295568597/36028797018963968 17666603758386829/9007199254740992 -12756378121974597/36028797018963968 36028806369887899/36028797018963968 72900792430732447/2251799813685248 5659785856176607/4503599627370496 -1508911793280299/4503599627370496 4503514982377243/4503599627370496 1161088514479293/35184372088832 229282340441589/562949953421312 -80912711989479/281474976710656 4398007861467/4398046511104 2366288123998301/70368744177664 -36007097050347/70368744177664 -4183336516859/17592186044416 70372938800807/70368744177664 301271930510077/8796093022208 -12526571199669/8796093022208 -1956408784887/8796093022208 8796574168349/8796093022208 38338215839229/1099511627776 -2493509792013/1099511627776 -75541812501/274877906944 549658090809/549755813888 4878281781733/137438953472 -102934717019/34359738368 -55970080493/137438953472 137403343351/137438953472 38810527001/1073741824 -61152762027/17179869184 -10311086881/17179869184 17188281607/17179869184 39493429941/1073741824 -8352117729/2147483648 -27240393/33554432 134362539/134217728 10018119089/268435456 -1045848783/268435456 -135100267/134217728 268114643/268435456 1270439203/33554432 -29545729/8388608 -10021357/8388608 33415601/33554432 162513831/4194304 -2956233/1048576 -6048501/4194304 2101941/2097152 20865637/524288 -504057/262144 -458071/262144 532099/524288 1301737/32768 -14207/16384 -122139/65536 65443/65536 78837/2048 1347/4096 -6819/4096 243/256 41621/1024 1563/1024 -1023/512 1007/1024 6217/128 213/64 -241/64 149/128 759/16 51/8 -69/16 9/8 43/2 2 1 1/2 44 4 -2 1 135/2 9 15/2 3/2 23 -3/2 1/2 1/2 47 3 -3 1 72 -3 6 3/2 49/2 -5/2 0 1/2 50 -6 -4 1 153/2 -15/2 9/2 3/2 26 -1 -1/2 1/2 53 3 -5 1 81 -9/2 3 3/2 55/2 3 -1 1/2 56 4 5 1 171/2 6 3/2 3/2 29 3 -3/2 1/2 59 -3 4 1 90 9/2 0 3/2 61/2 -1 -2 1/2 62 -5 3 1 189/2 -9 -3/2 3/2 32 -5/2 -5/2 1/2 65 -2 2 1 99 9/2 -3 3/2 67/2 -3/2 5/2 1/2 68 6 1 1 207/2 6 -9/2 3/2 35 2 2 1/2 71 6 0 1 108 -9/2 -6 3/2 73/2 3/2 3/2 1/2 74 -2 -1 1 225/2 -15/2 -15/2 3/2 38 -3 1 1/2 77 -5 -2 1 117 -3 15/2 3/2 79/2 3/2 1/2 1/2 80 -3 -3 1 243/2 9 6 3/2 41 2 0 1/2 83 4 -4 1 126 9 9/2 3/2 85/2 -3/2 -1/2 1/2 86 3 -5 1 261/2 -3 3 3/2 44 -5/2 -1 1/2 89 -6 5 1 135 -15/2 3/2 3/2 -2 23 -1 23 -3/4 23 -1/4 23 0 1 1 23 2 1 3 23 4 23
unclamped_nonuniform_d23_roundtrip S 23 93 7 2 -2 -6 -5 0.5 -1 -5 2 1 0 -2 -2 1.5 1 3 5 0.5 2 -3 1 1 3 6 -3 1.5 4 4 4 0.5 5 4 0 1 6 6 -4 1.5 7 -3 3 0.5 8 3 -1 1 9 -2 -5 1.5 10 -5 2 0.5 11 -6 -2 1 12 -5 5 1.5 13 -2 1 0.5 14 3 -3 1 15 -3 4 1.5 16 6 0 0.5 17 4 -4 1 18 4 3 1.5 19 6 -1 0.5 20 -3 -5 1 21 3 2 1.5 22 -2 -2 0.5 23 -5 5 1 24 -6 1 1.5 25 -5 -3 0.5 26 -2 4 1 27 3 0 1.5 28 -3 -4 0.5 29 6 3 1 30 4 -1 1.5 31 4 -5 0.5 32 6 2 1 33 -3 -2 1.5 34 3 5 0.5 35 -2 1 1 36 -5 -3 1.5 37 -6 4 0.5 38 -5 0 1 39 -2 -4 1.5 40 3 3 0.5 41 -3 -1 1 42 6 -5 1.5 43 4 2 0.5 44 4 -2 1 45 6 5 1.5 46 -3 1 0.5 47 3 -3 1 48 -2 4 1.5 49 -5 0 0.5 50 -6 -4 1 51 -5 3 1.5 52 -2 -1 0.5 53 3 -5 1 54 -3 2 1.5 55 6 -2 0.5 56 4 5 1 57 4 1 1.5 58 6 -3 0.5 59 -3 4 1 60 3 0 1.5 61 -2 -4 0.5 62 -5 3 1 63 -6 -1 1.5 64 -5 -5 0.5 65 -2 2 1 66 3 -2 1.5 67 -3 5 0.5 68 6 1 1 69 4 -3 1.5 70 4 4 0.5 71 6 0 1 72 -3 -4 1.5 73 3 3 0.5 74 -2 -1 1 75 -5 -5 1.5 76 -6 2 0.5 77 -5 -2 1 78 -2 5 1.5 79 3 1 0.5 80 -3 -3 1 81 6 4 1.5 82 4 0 0.5 83 4 -4 1 84 6 3 1.5 85 -3 -1 0.5 86 3 -5 1 87 -2 2 1.5 88 -5 -2 0.5 89 -6 5 1 90 -5 1 1.5 -2 23 -1 23 0 1 1 23 2 1 3 23 4 23 I -0.75 1 R -0.75 0 | unclamped_nonuniform_d23_roundtrip R 2 1 1 23 0 93 7 -1 3 -1 -3 -5/2 1/2 -1 -5 2 1 0 -3 -3 3/2 1/2 3/2 5/2 1/2 2 -3 1 1 9/2 9 -9/2 3/2 2 2 2 1/2 5 4 0 1 9 9 -6 3/2 7/2 -3/2 3/2 1/2 8 3 -1 1 27/2 -3 -15/2 3/2 5 -5/2 1 1/2 11 -6 -2 1 18 -15/2 15/2 3/2 13/2 -1 1/2 1/2 14 3 -3 1 45/2 -9/2 6 3/2 8 3 0 1/2 17 4 -4 1 27 6 9/2 3/2 19/2 3 -1/2 1/2 20 -3 -5 1 63/2 9/2 3 3/2 11 -1 -1 1/2 23 -5 5 1 36 -9 3/2 3/2 25/2 -5/2 -3/2 1/2 26 -2 4 1 81/2 9/2 0 3/2 14 -3/2 -2 1/2 29 6 3 1 45 6 -3/2 3/2 31/2 2 -5/2 1/2 32 6 2 1 99/2 -9/2 -3 3/2 17 3/2 5/2 1/2 35 -2 1 1 54 -15/2 -9/2 3/2 37/2 -3 2 1/2 38 -5 0 1 117/2 -3 -6 3/2 20 3/2 3/2 1/2 41 -3 -1 1 63 9 -15/2 3/2 43/2 2 1 1/2 44 4 -2 1 135/2 9 15/2 3/2 23 -3/2 1/2 1/2 47 3 -3 1 72 -3 6 3/2 49/2 -5/2 0 1/2 50 -6 -4 1 153/2 -15/2 9/2 3/2 26 -1 -1/2 1/2 53 3 -5 1 81 -9/2 3 3/2 55/2 3 -1 1/2 56 4 5 1 171/2 6 3/2 3/2 29 3 -3/2 1/2 59 -3 4 1 90 9/2 0 3/2 61/2 -1 -2 1/2 62 -5 3 1 189/2 -9 -3/2 3/2 32 -5/2 -5/2 1/2 65 -2 2 1 99 9/2 -3 3/2 67/2 -3/2 5/2 1/2 68 6 1 1 207/2 6 -9/2 3/2 35 2 2 1/2 71 6 0 1 108 -9/2 -6 3/2 73/2 3/2 3/2 1/2 74 -2 -1 1 225/2 -15/2 -15/2 3/2 38 -3 1 1/2 77 -5 -2 1 117 -3 15/2 3/2 79/2 3/2 1/2 1/2 80 -3 -3 1 243/2 9 6 3/2 41 2 0 1/2 83 4 -4 1 126 9 9/2 3/2 85/2 -3/2 -1/2 1/2 86 3 -5 1 261/2 -3 3 3/2 44 -5/2 -1 1/2 89 -6 5 1 135 -15/2 3/2 3/2 -2 23 -1 23 0 1 1 23 2 1 3 23 4 23
unclamped_nonuniform_d23_full_roundtrip S 23 93 7 2 -2 -6 -5 0.5 -1 -5 2 1 0 -2 -2 1.5 1 3 5 0.5 2 -3 1 1 3 6 -3 1.5 4 4 4 0.5 5 4 0 1 6 6 -4 1.5 7 -3 3 0.5 8 3 -1 1 9 -2 -5 1.5 10 -5 2 0.5 11 -6 -2 1 12 -5 5 1.5 13 -2 1 0.5 14 3 -3 1 15 -3 4 1.5 16 6 0 0.5 17 4 -4 1 18 4 3 1.5 19 6 -1 0.5 20 -3 -5 1 21 3 2 1.5 22 -2 -2 0.5 23 -5 5 1 24 -6 1 1.5 25 -5 -3 0.5 26 -2 4 1 27 3 0 1.5 28 -3 -4 0.5 29 6 3 1 30 4 -1 1.5 31 4 -5 0.5 32 6 2 1 33 -3 -2 1.5 34 3 5 0.5 35 -2 1 1 36 -5 -3 1.5 37 -6 4 0.5 38 -5 0 1 39 -2 -4 1.5 40 3 3 0.5 41 -3 -1 1 42 6 -5 1.5 43 4 2 0.5 44 4 -2 1 45 6 5 1.5 46 -3 1 0.5 47 3 -3 1 48 -2 4 1.5 49 -5 0 0.5 50 -6 -4 1 51 -5 3 1.5 52 -2 -1 0.5 53 3 -5 1 54 -3 2 1.5 55 6 -2 0.5 56 4 5 1 57 4 1 1.5 58 6 -3 0.5 59 -3 4 1 60 3 0 1.5 61 -2 -4 0.5 62 -5 3 1 63 -6 -1 1.5 64 -5 -5 0.5 65 -2 2 1 66 3 -2 1.5 67 -3 5 0.5 68 6 1 1 69 4 -3 1.5 70 4 4 0.5 71 6 0 1 72 -3 -4 1.5 73 3 3 0.5 74 -2 -1 1 75 -5 -5 1.5 76 -6 2 0.5 77 -5 -2 1 78 -2 5 1.5 79 3 1 0.5 80 -3 -3 1 81 6 4 1.5 82 4 0 0.5 83 4 -4 1 84 6 3 1.5 85 -3 -1 0.5 86 3 -5 1 87 -2 2 1.5 88 -5 -2 0.5 89 -6 5 1 90 -5 1 1.5 -2 23 -1 23 0 1 1 23 2 1 3 23 4 23 I -0.75 23 R -0.75 0 | unclamped_nonuniform_d23_full_roundtrip R 2 1 1 23 0 93 7 -1 3 -1 -3 -5/2 1/2 -1 -5 2 1 0 -3 -3 3/2 1/2 3/2 5/2 1/2 2 -3 1 1 9/2 9 -9/2 3/2 2 2 2 1/2 5 4 0 1 9 9 -6 3/2 7/2 -3/2 3/2 1/2 8 3 -1 1 27/2 -3 -15/2 3/2 5 -5/2 1 1/2 11 -6 -2 1 18 -15/2 15/2 3/2 13/2 -1 1/2 1/2 14 3 -3 1 45/2 -9/2 6 3/2 8 3 0 1/2 17 4 -4 1 27 6 9/2 3/2 19/2 3 -1/2 1/2 20 -3 -5 1 63/2 9/2 3 3/2 11 -1 -1 1/2 23 -5 5 1 36 -9 3/2 3/2 25/2 -5/2 -3/2 1/2 26 -2 4 1 81/2 9/2 0 3/2 14 -3/2 -2 1/2 29 6 3 1 45 6 -3/2 3/2 31/2 2 -5/2 1/2 32 6 2 1 99/2 -9/2 -3 3/2 17 3/2 5/2 1/2 35 -2 1 1 54 -15/2 -9/2 3/2 37/2 -3 2 1/2 38 -5 0 1 117/2 -3 -6 3/2 20 3/2 3/2 1/2 41 -3 -1 1 63 9 -15/2 3/2 43/2 2 1 1/2 44 4 -2 1 135/2 9 15/2 3/2 23 -3/2 1/2 1/2 47 3 -3 1 72 -3 6 3/2 49/2 -5/2 0 1/2 50 -6 -4 1 153/2 -15/2 9/2 3/2 26 -1 -1/2 1/2 53 3 -5 1 81 -9/2 3 3/2 55/2 3 -1 1/2 56 4 5 1 171/2 6 3/2 3/2 29 3 -3/2 1/2 59 -3 4 1 90 9/2 0 3/2 61/2 -1 -2 1/2 62 -5 3 1 189/2 -9 -3/2 3/2 32 -5/2 -5/2 1/2 65 -2 2 1 99 9/2 -3 3/2 67/2 -3/2 5/2 1/2 68 6 1 1 207/2 6 -9/2 3/2 35 2 2 1/2 71 6 0 1 108 -9/2 -6 3/2 73/2 3/2 3/2 1/2 74 -2 -1 1 225/2 -15/2 -15/2 3/2 38 -3 1 1/2 77 -5 -2 1 117 -3 15/2 3/2 79/2 3/2 1/2 1/2 80 -3 -3 1 243/2 9 6 3/2 41 2 0 1/2 83 4 -4 1 126 9 9/2 3/2 85/2 -3/2 -1/2 1/2 86 3 -5 1 261/2 -3 3 3/2 44 -5/2 -1 1/2 89 -6 5 1 135 -15/2 3/2 3/2 -2 23 -1 23 0 1 1 23 2 1 3 23 4 23
unclamped_nonuniform_d23_remove_existing S 23 93 7 1 -2 -6 -5 0.5 -1 -5 2 1 0 -2 -2 1.5 1 3 5 0.5 2 -3 1 1 3 6 -3 1.5 4 4 4 0.5 5 4 0 1 6 6 -4 1.5 7 -3 3 0.5 8 3 -1 1 9 -2 -5 1.5 10 -5 2 0.5 11 -6 -2 1 12 -5 5 1.5 13 -2 1 0.5 14 3 -3 1 15 -3 4 1.5 16 6 0 0.5 17 4 -4 1 18 4 3 1.5 19 6 -1 0.5 20 -3 -5 1 21 3 2 1.5 22 -2 -2 0.5 23 -5 5 1 24 -6 1 1.5 25 -5 -3 0.5 26 -2 4 1 27 3 0 1.5 28 -3 -4 0.5 29 6 3 1 30 4 -1 1.5 31 4 -5 0.5 32 6 2 1 33 -3 -2 1.5 34 3 5 0.5 35 -2 1 1 36 -5 -3 1.5 37 -6 4 0.5 38 -5 0 1 39 -2 -4 1.5 40 3 3 0.5 41 -3 -1 1 42 6 -5 1.5 43 4 2 0.5 44 4 -2 1 45 6 5 1.5 46 -3 1 0.5 47 3 -3 1 48 -2 4 1.5 49 -5 0 0.5 50 -6 -4 1 51 -5 3 1.5 52 -2 -1 0.5 53 3 -5 1 54 -3 2 1.5 55 6 -2 0.5 56 4 5 1 57 4 1 1.5 58 6 -3 0.5 59 -3 4 1 60 3 0 1.5 61 -2 -4 0.5 62 -5 3 1 63 -6 -1 1.5 64 -5 -5 0.5 65 -2 2 1 66 3 -2 1.5 67 -3 5 0.5 68 6 1 1 69 4 -3 1.5 70 4 4 0.5 71 6 0 1 72 -3 -4 1.5 73 3 3 0.5 74 -2 -1 1 75 -5 -5 1.5 76 -6 2 0.5 77 -5 -2 1 78 -2 5 1.5 79 3 1 0.5 80 -3 -3 1 81 6 4 1.5 82 4 0 0.5 83 4 -4 1 84 6 3 1.5 85 -3 -1 0.5 86 3 -5 1 87 -2 2 1.5 88 -5 -2 0.5 89 -6 5 1 90 -5 1 1.5 -2 23 -1 23 0 1 1 23 2 1 3 23 4 23 R 0 0 | unclamped_nonuniform_d23_remove_existing R 1 0 23 0 93 7 -1 3 -1 -3 -5/2 1/2 -1 -5 2 1 0 -3 -3 3/2 1/2 3/2 5/2 1/2 2 -3 1 1 9/2 9 -9/2 3/2 2 2 2 1/2 5 4 0 1 9 9 -6 3/2 7/2 -3/2 3/2 1/2 8 3 -1 1 27/2 -3 -15/2 3/2 5 -5/2 1 1/2 11 -6 -2 1 18 -15/2 15/2 3/2 13/2 -1 1/2 1/2 14 3 -3 1 45/2 -9/2 6 3/2 8 3 0 1/2 17 4 -4 1 27 6 9/2 3/2 19/2 3 -1/2 1/2 20 -3 -5 1 63/2 9/2 3 3/2 11 -1 -1 1/2 23 -5 5 1 36 -9 3/2 3/2 25/2 -5/2 -3/2 1/2 26 -2 4 1 81/2 9/2 0 3/2 14 -3/2 -2 1/2 29 6 3 1 45 6 -3/2 3/2 31/2 2 -5/2 1/2 32 6 2 1 99/2 -9/2 -3 3/2 17 3/2 5/2 1/2 35 -2 1 1 54 -15/2 -9/2 3/2 37/2 -3 2 1/2 38 -5 0 1 117/2 -3 -6 3/2 20 3/2 3/2 1/2 41 -3 -1 1 63 9 -15/2 3/2 43/2 2 1 1/2 44 4 -2 1 135/2 9 15/2 3/2 23 -3/2 1/2 1/2 47 3 -3 1 72 -3 6 3/2 49/2 -5/2 0 1/2 50 -6 -4 1 153/2 -15/2 9/2 3/2 26 -1 -1/2 1/2 53 3 -5 1 81 -9/2 3 3/2 55/2 3 -1 1/2 56 4 5 1 171/2 6 3/2 3/2 29 3 -3/2 1/2 59 -3 4 1 90 9/2 0 3/2 61/2 -1 -2 1/2 62 -5 3 1 189/2 -9 -3/2 3/2 32 -5/2 -5/2 1/2 65 -2 2 1 99 9/2 -3 3/2 67/2 -3/2 5/2 1/2 68 6 1 1 207/2 6 -9/2 3/2 35 2 2 1/2 71 6 0 1 108 -9/2 -6 3/2 73/2 3/2 3/2 1/2 74 -2 -1 1 225/2 -15/2 -15/2 3/2 38 -3 1 1/2 77 -5 -2 1 117 -3 15/2 3/2 79/2 3/2 1/2 1/2 80 -3 -3 1 243/2 9 6 3/2 41 2 0 1/2 83 4 -4 1 126 9 9/2 3/2 85/2 -3/2 -1/2 1/2 86 3 -5 1 261/2 -3 3 3/2 44 -5/2 -1 1/2 89 -6 5 1 135 -15/2 3/2 3/2 -2 23 -1 23 0 1 1 23 2 1 3 23 4 23
unclamped_nonuniform_d23_domain_ends S 23 93 7 2 -2 -6 -5 0.5 -1 -5 2 1 0 -2 -2 1.5 1 3 5 0.5 2 -3 1 1 3 6 -3 1.5 4 4 4 0.5 5 4 0 1 6 6 -4 1.5 7 -3 3 0.5 8 3 -1 1 9 -2 -5 1.5 10 -5 2 0.5 11 -6 -2 1 12 -5 5 1.5 13 -2 1 0.5 14 3 -3 1 15 -3 4 1.5 16 6 0 0.5 17 4 -4 1 18 4 3 1.5 19 6 -1 0.5 20 -3 -5 1 21 3 2 1.5 22 -2 -2 0.5 23 -5 5 1 24 -6 1 1.5 25 -5 -3 0.5 26 -2 4 1 27 3 0 1.5 28 -3 -4 0.5 29 6 3 1 30 4 -1 1.5 31 4 -5 0.5 32 6 2 1 33 -3 -2 1.5 34 3 5 0.5 35 -2 1 1 36 -5 -3 1.5 37 -6 4 0.5 38 -5 0 1 39 -2 -4 1.5 40 3 3 0.5 41 -3 -1 1 42 6 -5 1.5 43 4 2 0.5 44 4 -2 1 45 6 5 1.5 46 -3 1 0.5 47 3 -3 1 48 -2 4 1.5 49 -5 0 0.5 50 -6 -4 1 51 -5 3 1.5 52 -2 -1 0.5 53 3 -5 1 54 -3 2 1.5 55 6 -2 0.5 56 4 5 1 57 4 1 1.5 58 6 -3 0.5 59 -3 4 1 60 3 0 1.5 61 -2 -4 0.5 62 -5 3 1 63 -6 -1 1.5 64 -5 -5 0.5 65 -2 2 1 66 3 -2 1.5 67 -3 5 0.5 68 6 1 1 69 4 -3 1.5 70 4 4 0.5 71 6 0 1 72 -3 -4 1.5 73 3 3 0.5 74 -2 -1 1 75 -5 -5 1.5 76 -6 2 0.5 77 -5 -2 1 78 -2 5 1.5 79 3 1 0.5 80 -3 -3 1 81 6 4 1.5 82 4 0 0.5 83 4 -4 1 84 6 3 1.5 85 -3 -1 0.5 86 3 -5 1 87 -2 2 1.5 88 -5 -2 0.5 89 -6 5 1 90 -5 1 1.5 -2 23 -1 23 0 1 1 23 2 1 3 23 4 23 I -1 23 I 3 23 | unclamped_nonuniform_d23_domain_ends R 2 1 1 23 0 93 7 -1 3 -1 -3 -5/2 1/2 -1 -5 2 1 0 -3 -3 3/2 1/2 3/2 5/2 1/2 2 -3 1 1 9/2 9 -9/2 3/2 2 2 2 1/2 5 4 0 1 9 9 -6 3/2 7/2 -3/2 3/2 1/2 8 3 -1 1 27/2 -3 -15/2 3/2 5 -5/2 1 1/2 11 -6 -2 1 18 -15/2 15/2 3/2 13/2 -1 1/2 1/2 14 3 -3 1 45/2 -9/2 6 3/2 8 3 0 1/2 17 4 -4 1 27 6 9/2 3/2 19/2 3 -1/2 1/2 20 -3 -5 1 63/2 9/2 3 3/2 11 -1 -1 1/2 23 -5 5 1 36 -9 3/2 3/2 25/2 -5/2 -3/2 1/2 26 -2 4 1 81/2 9/2 0 3/2 14 -3/2 -2 1/2 29 6 3 1 45 6 -3/2 3/2 31/2 2 -5/2 1/2 32 6 2 1 99/2 -9/2 -3 3/2 17 3/2 5/2 1/2 35 -2 1 1 54 -15/2 -9/2 3/2 37/2 -3 2 1/2 38 -5 0 1 117/2 -3 -6 3/2 20 3/2 3/2 1/2 41 -3 -1 1 63 9 -15/2 3/2 43/2 2 1 1/2 44 4 -2 1 135/2 9 15/2 3/2 23 -3/2 1/2 1/2 47 3 -3 1 72 -3 6 3/2 49/2 -5/2 0 1/2 50 -6 -4 1 153/2 -15/2 9/2 3/2 26 -1 -1/2 1/2 53 3 -5 1 81 -9/2 3 3/2 55/2 3 -1 1/2 56 4 5 1 171/2 6 3/2 3/2 29 3 -3/2 1/2 59 -3 4 1 90 9/2 0 3/2 61/2 -1 -2 1/2 62 -5 3 1 189/2 -9 -3/2 3/2 32 -5/2 -5/2 1/2 65 -2 2 1 99 9/2 -3 3/2 67/2 -3/2 5/2 1/2 68 6 1 1 207/2 6 -9/2 3/2 35 2 2 1/2 71 6 0 1 108 -9/2 -6 3/2 73/2 3/2 3/2 1/2 74 -2 -1 1 225/2 -15/2 -15/2 3/2 38 -3 1 1/2 77 -5 -2 1 117 -3 15/2 3/2 79/2 3/2 1/2 1/2 80 -3 -3 1 243/2 9 6 3/2 41 2 0 1/2 83 4 -4 1 126 9 9/2 3/2 85/2 -3/2 -1/2 1/2 86 3 -5 1 261/2 -3 3 3/2 44 -5/2 -1 1/2 89 -6 5 1 135 -15/2 3/2 3/2 -2 23 -1 23 0 1 1 23 2 1 3 23 4 23
constant_periodic_d23_identity P 23 26 27 0 2 -3 5 1 2 -3 5 1 2 -3 5 1 2 -3 5 1 2 -3 5 1 2 -3 5 1 2 -3 5 1 2 -3 5 1 2 -3 5 1 2 -3 5 1 2 -3 5 1 2 -3 5 1 2 -3 5 1 2 -3 5 1 2 -3 5 1 2 -3 5 1 2 -3 5 1 2 -3 5 1 2 -3 5 1 2 -3 5 1 2 -3 5 1 2 -3 5 1 2 -3 5 1 2 -3 5 1 2 -3 5 1 2 -3 5 1 0 1 1 1 2 1 3 1 4 1 5 1 6 1 7 1 8 1 9 1 10 1 11 1 12 1 13 1 14 1 15 1 16 1 17 1 18 1 19 1 20 1 21 1 22 1 23 1 24 1 25 1 26 1 | constant_periodic_d23_identity R 0 23 1 26 27 0 26 2 -3 5 1 2 -3 5 1 2 -3 5 1 2 -3 5 1 2 -3 5 1 2 -3 5 1 2 -3 5 1 2 -3 5 1 2 -3 5 1 2 -3 5 1 2 -3 5 1 2 -3 5 1 2 -3 5 1 2 -3 5 1 2 -3 5 1 2 -3 5 1 2 -3 5 1 2 -3 5 1 2 -3 5 1 2 -3 5 1 2 -3 5 1 2 -3 5 1 2 -3 5 1 2 -3 5 1 2 -3 5 1 2 -3 5 1 0 1 1 1 2 1 3 1 4 1 5 1 6 1 7 1 8 1 9 1 10 1 11 1 12 1 13 1 14 1 15 1 16 1 17 1 18 1 19 1 20 1 21 1 22 1 23 1 24 1 25 1 26 1
constant_periodic_d23_insert P 23 26 27 1 2 -3 5 1 2 -3 5 1 2 -3 5 1 2 -3 5 1 2 -3 5 1 2 -3 5 1 2 -3 5 1 2 -3 5 1 2 -3 5 1 2 -3 5 1 2 -3 5 1 2 -3 5 1 2 -3 5 1 2 -3 5 1 2 -3 5 1 2 -3 5 1 2 -3 5 1 2 -3 5 1 2 -3 5 1 2 -3 5 1 2 -3 5 1 2 -3 5 1 2 -3 5 1 2 -3 5 1 2 -3 5 1 2 -3 5 1 0 1 1 1 2 1 3 1 4 1 5 1 6 1 7 1 8 1 9 1 10 1 11 1 12 1 13 1 14 1 15 1 16 1 17 1 18 1 19 1 20 1 21 1 22 1 23 1 24 1 25 1 26 1 I 0.25 23 | constant_periodic_d23_insert R 1 1 23 1 49 28 0 26 2 -3 5 1 2 -3 5 1 2 -3 5 1 2 -3 5 1 2 -3 5 1 2 -3 5 1 2 -3 5 1 2 -3 5 1 2 -3 5 1 2 -3 5 1 2 -3 5 1 2 -3 5 1 2 -3 5 1 2 -3 5 1 2 -3 5 1 2 -3 5 1 2 -3 5 1 2 -3 5 1 2 -3 5 1 2 -3 5 1 2 -3 5 1 2 -3 5 1 2 -3 5 1 2 -3 5 1 2 -3 5 1 2 -3 5 1 2 -3 5 1 2 -3 5 1 2 -3 5 1 2 -3 5 1 2 -3 5 1 2 -3 5 1 2 -3 5 1 2 -3 5 1 2 -3 5 1 2 -3 5 1 2 -3 5 1 2 -3 5 1 2 -3 5 1 2 -3 5 1 2 -3 5 1 2 -3 5 1 2 -3 5 1 2 -3 5 1 2 -3 5 1 2 -3 5 1 2 -3 5 1 2 -3 5 1 2 -3 5 1 0 1 1/4 23 1 1 2 1 3 1 4 1 5 1 6 1 7 1 8 1 9 1 10 1 11 1 12 1 13 1 14 1 15 1 16 1 17 1 18 1 19 1 20 1 21 1 22 1 23 1 24 1 25 1 26 1
constant_periodic_d23_sequence P 23 26 27 4 2 -3 5 1 2 -3 5 1 2 -3 5 1 2 -3 5 1 2 -3 5 1 2 -3 5 1 2 -3 5 1 2 -3 5 1 2 -3 5 1 2 -3 5 1 2 -3 5 1 2 -3 5 1 2 -3 5 1 2 -3 5 1 2 -3 5 1 2 -3 5 1 2 -3 5 1 2 -3 5 1 2 -3 5 1 2 -3 5 1 2 -3 5 1 2 -3 5 1 2 -3 5 1 2 -3 5 1 2 -3 5 1 2 -3 5 1 0 1 1 1 2 1 3 1 4 1 5 1 6 1 7 1 8 1 9 1 10 1 11 1 12 1 13 1 14 1 15 1 16 1 17 1 18 1 19 1 20 1 21 1 22 1 23 1 24 1 25 1 26 1 I 0.75 1 I 0.25 23 I 0.75 23 I 0.25 1 | constant_periodic_d23_sequence R 4 1 1 1 1 23 1 72 29 0 26 2 -3 5 1 2 -3 5 1 2 -3 5 1 2 -3 5 1 2 -3 5 1 2 -3 5 1 2 -3 5 1 2 -3 5 1 2 -3 5 1 2 -3 5 1 2 -3 5 1 2 -3 5 1 2 -3 5 1 2 -3 5 1 2 -3 5 1 2 -3 5 1 2 -3 5 1 2 -3 5 1 2 -3 5 1 2 -3 5 1 2 -3 5 1 2 -3 5 1 2 -3 5 1 2 -3 5 1 2 -3 5 1 2 -3 5 1 2 -3 5 1 2 -3 5 1 2 -3 5 1 2 -3 5 1 2 -3 5 1 2 -3 5 1 2 -3 5 1 2 -3 5 1 2 -3 5 1 2 -3 5 1 2 -3 5 1 2 -3 5 1 2 -3 5 1 2 -3 5 1 2 -3 5 1 2 -3 5 1 2 -3 5 1 2 -3 5 1 2 -3 5 1 2 -3 5 1 2 -3 5 1 2 -3 5 1 2 -3 5 1 2 -3 5 1 2 -3 5 1 2 -3 5 1 2 -3 5 1 2 -3 5 1 2 -3 5 1 2 -3 5 1 2 -3 5 1 2 -3 5 1 2 -3 5 1 2 -3 5 1 2 -3 5 1 2 -3 5 1 2 -3 5 1 2 -3 5 1 2 -3 5 1 2 -3 5 1 2 -3 5 1 2 -3 5 1 2 -3 5 1 2 -3 5 1 2 -3 5 1 2 -3 5 1 0 1 1/4 23 3/4 23 1 1 2 1 3 1 4 1 5 1 6 1 7 1 8 1 9 1 10 1 11 1 12 1 13 1 14 1 15 1 16 1 17 1 18 1 19 1 20 1 21 1 22 1 23 1 24 1 25 1 26 1
constant_periodic_d23_roundtrip P 23 26 27 2 2 -3 5 1 2 -3 5 1 2 -3 5 1 2 -3 5 1 2 -3 5 1 2 -3 5 1 2 -3 5 1 2 -3 5 1 2 -3 5 1 2 -3 5 1 2 -3 5 1 2 -3 5 1 2 -3 5 1 2 -3 5 1 2 -3 5 1 2 -3 5 1 2 -3 5 1 2 -3 5 1 2 -3 5 1 2 -3 5 1 2 -3 5 1 2 -3 5 1 2 -3 5 1 2 -3 5 1 2 -3 5 1 2 -3 5 1 0 1 1 1 2 1 3 1 4 1 5 1 6 1 7 1 8 1 9 1 10 1 11 1 12 1 13 1 14 1 15 1 16 1 17 1 18 1 19 1 20 1 21 1 22 1 23 1 24 1 25 1 26 1 I 0.25 1 R 0.25 0 | constant_periodic_d23_roundtrip R 2 1 1 23 1 26 27 0 26 2 -3 5 1 2 -3 5 1 2 -3 5 1 2 -3 5 1 2 -3 5 1 2 -3 5 1 2 -3 5 1 2 -3 5 1 2 -3 5 1 2 -3 5 1 2 -3 5 1 2 -3 5 1 2 -3 5 1 2 -3 5 1 2 -3 5 1 2 -3 5 1 2 -3 5 1 2 -3 5 1 2 -3 5 1 2 -3 5 1 2 -3 5 1 2 -3 5 1 2 -3 5 1 2 -3 5 1 2 -3 5 1 2 -3 5 1 0 1 1 1 2 1 3 1 4 1 5 1 6 1 7 1 8 1 9 1 10 1 11 1 12 1 13 1 14 1 15 1 16 1 17 1 18 1 19 1 20 1 21 1 22 1 23 1 24 1 25 1 26 1
constant_periodic_d23_full_roundtrip P 23 26 27 2 2 -3 5 1 2 -3 5 1 2 -3 5 1 2 -3 5 1 2 -3 5 1 2 -3 5 1 2 -3 5 1 2 -3 5 1 2 -3 5 1 2 -3 5 1 2 -3 5 1 2 -3 5 1 2 -3 5 1 2 -3 5 1 2 -3 5 1 2 -3 5 1 2 -3 5 1 2 -3 5 1 2 -3 5 1 2 -3 5 1 2 -3 5 1 2 -3 5 1 2 -3 5 1 2 -3 5 1 2 -3 5 1 2 -3 5 1 0 1 1 1 2 1 3 1 4 1 5 1 6 1 7 1 8 1 9 1 10 1 11 1 12 1 13 1 14 1 15 1 16 1 17 1 18 1 19 1 20 1 21 1 22 1 23 1 24 1 25 1 26 1 I 0.25 23 R 0.25 0 | constant_periodic_d23_full_roundtrip R 2 1 1 23 1 26 27 0 26 2 -3 5 1 2 -3 5 1 2 -3 5 1 2 -3 5 1 2 -3 5 1 2 -3 5 1 2 -3 5 1 2 -3 5 1 2 -3 5 1 2 -3 5 1 2 -3 5 1 2 -3 5 1 2 -3 5 1 2 -3 5 1 2 -3 5 1 2 -3 5 1 2 -3 5 1 2 -3 5 1 2 -3 5 1 2 -3 5 1 2 -3 5 1 2 -3 5 1 2 -3 5 1 2 -3 5 1 2 -3 5 1 2 -3 5 1 0 1 1 1 2 1 3 1 4 1 5 1 6 1 7 1 8 1 9 1 10 1 11 1 12 1 13 1 14 1 15 1 16 1 17 1 18 1 19 1 20 1 21 1 22 1 23 1 24 1 25 1 26 1
constant_periodic_d23_remove_existing P 23 26 27 1 2 -3 5 1 2 -3 5 1 2 -3 5 1 2 -3 5 1 2 -3 5 1 2 -3 5 1 2 -3 5 1 2 -3 5 1 2 -3 5 1 2 -3 5 1 2 -3 5 1 2 -3 5 1 2 -3 5 1 2 -3 5 1 2 -3 5 1 2 -3 5 1 2 -3 5 1 2 -3 5 1 2 -3 5 1 2 -3 5 1 2 -3 5 1 2 -3 5 1 2 -3 5 1 2 -3 5 1 2 -3 5 1 2 -3 5 1 0 1 1 1 2 1 3 1 4 1 5 1 6 1 7 1 8 1 9 1 10 1 11 1 12 1 13 1 14 1 15 1 16 1 17 1 18 1 19 1 20 1 21 1 22 1 23 1 24 1 25 1 26 1 R 1 0 | constant_periodic_d23_remove_existing R 1 1 23 1 25 26 0 26 2 -3 5 1 2 -3 5 1 2 -3 5 1 2 -3 5 1 2 -3 5 1 2 -3 5 1 2 -3 5 1 2 -3 5 1 2 -3 5 1 2 -3 5 1 2 -3 5 1 2 -3 5 1 2 -3 5 1 2 -3 5 1 2 -3 5 1 2 -3 5 1 2 -3 5 1 2 -3 5 1 2 -3 5 1 2 -3 5 1 2 -3 5 1 2 -3 5 1 2 -3 5 1 2 -3 5 1 2 -3 5 1 0 1 2 1 3 1 4 1 5 1 6 1 7 1 8 1 9 1 10 1 11 1 12 1 13 1 14 1 15 1 16 1 17 1 18 1 19 1 20 1 21 1 22 1 23 1 24 1 25 1 26 1
constant_periodic_d23_seam P 23 26 27 2 2 -3 5 1 2 -3 5 1 2 -3 5 1 2 -3 5 1 2 -3 5 1 2 -3 5 1 2 -3 5 1 2 -3 5 1 2 -3 5 1 2 -3 5 1 2 -3 5 1 2 -3 5 1 2 -3 5 1 2 -3 5 1 2 -3 5 1 2 -3 5 1 2 -3 5 1 2 -3 5 1 2 -3 5 1 2 -3 5 1 2 -3 5 1 2 -3 5 1 2 -3 5 1 2 -3 5 1 2 -3 5 1 2 -3 5 1 0 1 1 1 2 1 3 1 4 1 5 1 6 1 7 1 8 1 9 1 10 1 11 1 12 1 13 1 14 1 15 1 16 1 17 1 18 1 19 1 20 1 21 1 22 1 23 1 24 1 25 1 26 1 I 0 23 I 26 23 | constant_periodic_d23_seam R 2 1 1 23 1 48 27 0 26 2 -3 5 1 2 -3 5 1 2 -3 5 1 2 -3 5 1 2 -3 5 1 2 -3 5 1 2 -3 5 1 2 -3 5 1 2 -3 5 1 2 -3 5 1 2 -3 5 1 2 -3 5 1 2 -3 5 1 2 -3 5 1 2 -3 5 1 2 -3 5 1 2 -3 5 1 2 -3 5 1 2 -3 5 1 2 -3 5 1 2 -3 5 1 2 -3 5 1 2 -3 5 1 2 -3 5 1 2 -3 5 1 2 -3 5 1 2 -3 5 1 2 -3 5 1 2 -3 5 1 2 -3 5 1 2 -3 5 1 2 -3 5 1 2 -3 5 1 2 -3 5 1 2 -3 5 1 2 -3 5 1 2 -3 5 1 2 -3 5 1 2 -3 5 1 2 -3 5 1 2 -3 5 1 2 -3 5 1 2 -3 5 1 2 -3 5 1 2 -3 5 1 2 -3 5 1 2 -3 5 1 2 -3 5 1 0 23 1 1 2 1 3 1 4 1 5 1 6 1 7 1 8 1 9 1 10 1 11 1 12 1 13 1 14 1 15 1 16 1 17 1 18 1 19 1 20 1 21 1 22 1 23 1 24 1 25 1 26 23
constant_periodic_d23_seam_roundtrip P 23 26 27 2 2 -3 5 1 2 -3 5 1 2 -3 5 1 2 -3 5 1 2 -3 5 1 2 -3 5 1 2 -3 5 1 2 -3 5 1 2 -3 5 1 2 -3 5 1 2 -3 5 1 2 -3 5 1 2 -3 5 1 2 -3 5 1 2 -3 5 1 2 -3 5 1 2 -3 5 1 2 -3 5 1 2 -3 5 1 2 -3 5 1 2 -3 5 1 2 -3 5 1 2 -3 5 1 2 -3 5 1 2 -3 5 1 2 -3 5 1 0 1 1 1 2 1 3 1 4 1 5 1 6 1 7 1 8 1 9 1 10 1 11 1 12 1 13 1 14 1 15 1 16 1 17 1 18 1 19 1 20 1 21 1 22 1 23 1 24 1 25 1 26 1 I 26 23 R 0 1 | constant_periodic_d23_seam_roundtrip R 2 1 1 23 1 26 27 0 26 2 -3 5 1 2 -3 5 1 2 -3 5 1 2 -3 5 1 2 -3 5 1 2 -3 5 1 2 -3 5 1 2 -3 5 1 2 -3 5 1 2 -3 5 1 2 -3 5 1 2 -3 5 1 2 -3 5 1 2 -3 5 1 2 -3 5 1 2 -3 5 1 2 -3 5 1 2 -3 5 1 2 -3 5 1 2 -3 5 1 2 -3 5 1 2 -3 5 1 2 -3 5 1 2 -3 5 1 2 -3 5 1 2 -3 5 1 0 1 1 1 2 1 3 1 4 1 5 1 6 1 7 1 8 1 9 1 10 1 11 1 12 1 13 1 14 1 15 1 16 1 17 1 18 1 19 1 20 1 21 1 22 1 23 1 24 1 25 1 26 1
constant_periodic_d23_remove_origin P 23 26 27 1 2 -3 5 1 2 -3 5 1 2 -3 5 1 2 -3 5 1 2 -3 5 1 2 -3 5 1 2 -3 5 1 2 -3 5 1 2 -3 5 1 2 -3 5 1 2 -3 5 1 2 -3 5 1 2 -3 5 1 2 -3 5 1 2 -3 5 1 2 -3 5 1 2 -3 5 1 2 -3 5 1 2 -3 5 1 2 -3 5 1 2 -3 5 1 2 -3 5 1 2 -3 5 1 2 -3 5 1 2 -3 5 1 2 -3 5 1 0 1 1 1 2 1 3 1 4 1 5 1 6 1 7 1 8 1 9 1 10 1 11 1 12 1 13 1 14 1 15 1 16 1 17 1 18 1 19 1 20 1 21 1 22 1 23 1 24 1 25 1 26 1 R 0 0 | constant_periodic_d23_remove_origin R 1 1 23 1 25 26 1 27 2 -3 5 1 2 -3 5 1 2 -3 5 1 2 -3 5 1 2 -3 5 1 2 -3 5 1 2 -3 5 1 2 -3 5 1 2 -3 5 1 2 -3 5 1 2 -3 5 1 2 -3 5 1 2 -3 5 1 2 -3 5 1 2 -3 5 1 2 -3 5 1 2 -3 5 1 2 -3 5 1 2 -3 5 1 2 -3 5 1 2 -3 5 1 2 -3 5 1 2 -3 5 1 2 -3 5 1 2 -3 5 1 1 1 2 1 3 1 4 1 5 1 6 1 7 1 8 1 9 1 10 1 11 1 12 1 13 1 14 1 15 1 16 1 17 1 18 1 19 1 20 1 21 1 22 1 23 1 24 1 25 1 27 1
constant_periodic_d23_remove_end_alias P 23 26 27 1 2 -3 5 1 2 -3 5 1 2 -3 5 1 2 -3 5 1 2 -3 5 1 2 -3 5 1 2 -3 5 1 2 -3 5 1 2 -3 5 1 2 -3 5 1 2 -3 5 1 2 -3 5 1 2 -3 5 1 2 -3 5 1 2 -3 5 1 2 -3 5 1 2 -3 5 1 2 -3 5 1 2 -3 5 1 2 -3 5 1 2 -3 5 1 2 -3 5 1 2 -3 5 1 2 -3 5 1 2 -3 5 1 2 -3 5 1 0 1 1 1 2 1 3 1 4 1 5 1 6 1 7 1 8 1 9 1 10 1 11 1 12 1 13 1 14 1 15 1 16 1 17 1 18 1 19 1 20 1 21 1 22 1 23 1 24 1 25 1 26 1 R 26 0 | constant_periodic_d23_remove_end_alias R 1 1 23 1 25 26 1 27 2 -3 5 1 2 -3 5 1 2 -3 5 1 2 -3 5 1 2 -3 5 1 2 -3 5 1 2 -3 5 1 2 -3 5 1 2 -3 5 1 2 -3 5 1 2 -3 5 1 2 -3 5 1 2 -3 5 1 2 -3 5 1 2 -3 5 1 2 -3 5 1 2 -3 5 1 2 -3 5 1 2 -3 5 1 2 -3 5 1 2 -3 5 1 2 -3 5 1 2 -3 5 1 2 -3 5 1 2 -3 5 1 1 1 2 1 3 1 4 1 5 1 6 1 7 1 8 1 9 1 10 1 11 1 12 1 13 1 14 1 15 1 16 1 17 1 18 1 19 1 20 1 21 1 22 1 23 1 24 1 25 1 27 1
unclamped_nonuniform_d24_identity S 24 97 7 0 -2 -6 -5 0.5 -1 -5 2 1 0 -2 -2 1.5 1 3 5 0.5 2 -3 1 1 3 6 -3 1.5 4 4 4 0.5 5 4 0 1 6 6 -4 1.5 7 -3 3 0.5 8 3 -1 1 9 -2 -5 1.5 10 -5 2 0.5 11 -6 -2 1 12 -5 5 1.5 13 -2 1 0.5 14 3 -3 1 15 -3 4 1.5 16 6 0 0.5 17 4 -4 1 18 4 3 1.5 19 6 -1 0.5 20 -3 -5 1 21 3 2 1.5 22 -2 -2 0.5 23 -5 5 1 24 -6 1 1.5 25 -5 -3 0.5 26 -2 4 1 27 3 0 1.5 28 -3 -4 0.5 29 6 3 1 30 4 -1 1.5 31 4 -5 0.5 32 6 2 1 33 -3 -2 1.5 34 3 5 0.5 35 -2 1 1 36 -5 -3 1.5 37 -6 4 0.5 38 -5 0 1 39 -2 -4 1.5 40 3 3 0.5 41 -3 -1 1 42 6 -5 1.5 43 4 2 0.5 44 4 -2 1 45 6 5 1.5 46 -3 1 0.5 47 3 -3 1 48 -2 4 1.5 49 -5 0 0.5 50 -6 -4 1 51 -5 3 1.5 52 -2 -1 0.5 53 3 -5 1 54 -3 2 1.5 55 6 -2 0.5 56 4 5 1 57 4 1 1.5 58 6 -3 0.5 59 -3 4 1 60 3 0 1.5 61 -2 -4 0.5 62 -5 3 1 63 -6 -1 1.5 64 -5 -5 0.5 65 -2 2 1 66 3 -2 1.5 67 -3 5 0.5 68 6 1 1 69 4 -3 1.5 70 4 4 0.5 71 6 0 1 72 -3 -4 1.5 73 3 3 0.5 74 -2 -1 1 75 -5 -5 1.5 76 -6 2 0.5 77 -5 -2 1 78 -2 5 1.5 79 3 1 0.5 80 -3 -3 1 81 6 4 1.5 82 4 0 0.5 83 4 -4 1 84 6 3 1.5 85 -3 -1 0.5 86 3 -5 1 87 -2 2 1.5 88 -5 -2 0.5 89 -6 5 1 90 -5 1 1.5 91 -2 -3 0.5 92 3 4 1 93 -3 0 1.5 94 6 -4 0.5 -2 24 -1 24 0 1 1 24 2 1 3 24 4 24 | unclamped_nonuniform_d24_identity R 0 24 0 97 7 -1 3 -1 -3 -5/2 1/2 -1 -5 2 1 0 -3 -3 3/2 1/2 3/2 5/2 1/2 2 -3 1 1 9/2 9 -9/2 3/2 2 2 2 1/2 5 4 0 1 9 9 -6 3/2 7/2 -3/2 3/2 1/2 8 3 -1 1 27/2 -3 -15/2 3/2 5 -5/2 1 1/2 11 -6 -2 1 18 -15/2 15/2 3/2 13/2 -1 1/2 1/2 14 3 -3 1 45/2 -9/2 6 3/2 8 3 0 1/2 17 4 -4 1 27 6 9/2 3/2 19/2 3 -1/2 1/2 20 -3 -5 1 63/2 9/2 3 3/2 11 -1 -1 1/2 23 -5 5 1 36 -9 3/2 3/2 25/2 -5/2 -3/2 1/2 26 -2 4 1 81/2 9/2 0 3/2 14 -3/2 -2 1/2 29 6 3 1 45 6 -3/2 3/2 31/2 2 -5/2 1/2 32 6 2 1 99/2 -9/2 -3 3/2 17 3/2 5/2 1/2 35 -2 1 1 54 -15/2 -9/2 3/2 37/2 -3 2 1/2 38 -5 0 1 117/2 -3 -6 3/2 20 3/2 3/2 1/2 41 -3 -1 1 63 9 -15/2 3/2 43/2 2 1 1/2 44 4 -2 1 135/2 9 15/2 3/2 23 -3/2 1/2 1/2 47 3 -3 1 72 -3 6 3/2 49/2 -5/2 0 1/2 50 -6 -4 1 153/2 -15/2 9/2 3/2 26 -1 -1/2 1/2 53 3 -5 1 81 -9/2 3 3/2 55/2 3 -1 1/2 56 4 5 1 171/2 6 3/2 3/2 29 3 -3/2 1/2 59 -3 4 1 90 9/2 0 3/2 61/2 -1 -2 1/2 62 -5 3 1 189/2 -9 -3/2 3/2 32 -5/2 -5/2 1/2 65 -2 2 1 99 9/2 -3 3/2 67/2 -3/2 5/2 1/2 68 6 1 1 207/2 6 -9/2 3/2 35 2 2 1/2 71 6 0 1 108 -9/2 -6 3/2 73/2 3/2 3/2 1/2 74 -2 -1 1 225/2 -15/2 -15/2 3/2 38 -3 1 1/2 77 -5 -2 1 117 -3 15/2 3/2 79/2 3/2 1/2 1/2 80 -3 -3 1 243/2 9 6 3/2 41 2 0 1/2 83 4 -4 1 126 9 9/2 3/2 85/2 -3/2 -1/2 1/2 86 3 -5 1 261/2 -3 3 3/2 44 -5/2 -1 1/2 89 -6 5 1 135 -15/2 3/2 3/2 91/2 -1 -3/2 1/2 92 3 4 1 279/2 -9/2 0 3/2 47 3 -2 1/2 -2 24 -1 24 0 1 1 24 2 1 3 24 4 24
unclamped_nonuniform_d24_insert S 24 97 7 1 -2 -6 -5 0.5 -1 -5 2 1 0 -2 -2 1.5 1 3 5 0.5 2 -3 1 1 3 6 -3 1.5 4 4 4 0.5 5 4 0 1 6 6 -4 1.5 7 -3 3 0.5 8 3 -1 1 9 -2 -5 1.5 10 -5 2 0.5 11 -6 -2 1 12 -5 5 1.5 13 -2 1 0.5 14 3 -3 1 15 -3 4 1.5 16 6 0 0.5 17 4 -4 1 18 4 3 1.5 19 6 -1 0.5 20 -3 -5 1 21 3 2 1.5 22 -2 -2 0.5 23 -5 5 1 24 -6 1 1.5 25 -5 -3 0.5 26 -2 4 1 27 3 0 1.5 28 -3 -4 0.5 29 6 3 1 30 4 -1 1.5 31 4 -5 0.5 32 6 2 1 33 -3 -2 1.5 34 3 5 0.5 35 -2 1 1 36 -5 -3 1.5 37 -6 4 0.5 38 -5 0 1 39 -2 -4 1.5 40 3 3 0.5 41 -3 -1 1 42 6 -5 1.5 43 4 2 0.5 44 4 -2 1 45 6 5 1.5 46 -3 1 0.5 47 3 -3 1 48 -2 4 1.5 49 -5 0 0.5 50 -6 -4 1 51 -5 3 1.5 52 -2 -1 0.5 53 3 -5 1 54 -3 2 1.5 55 6 -2 0.5 56 4 5 1 57 4 1 1.5 58 6 -3 0.5 59 -3 4 1 60 3 0 1.5 61 -2 -4 0.5 62 -5 3 1 63 -6 -1 1.5 64 -5 -5 0.5 65 -2 2 1 66 3 -2 1.5 67 -3 5 0.5 68 6 1 1 69 4 -3 1.5 70 4 4 0.5 71 6 0 1 72 -3 -4 1.5 73 3 3 0.5 74 -2 -1 1 75 -5 -5 1.5 76 -6 2 0.5 77 -5 -2 1 78 -2 5 1.5 79 3 1 0.5 80 -3 -3 1 81 6 4 1.5 82 4 0 0.5 83 4 -4 1 84 6 3 1.5 85 -3 -1 0.5 86 3 -5 1 87 -2 2 1.5 88 -5 -2 0.5 89 -6 5 1 90 -5 1 1.5 91 -2 -3 0.5 92 3 4 1 93 -3 0 1.5 94 6 -4 0.5 -2 24 -1 24 0 1 1 24 2 1 3 24 4 24 I -0.75 24 | unclamped_nonuniform_d24_insert R 1 1 24 0 121 8 -1 3 -1 -3 -5/2 1/2 -1 -5 2 1 0 -3 -3 3/2 1/2 3/2 5/2 1/2 2 -3 1 1 9/2 9 -9/2 3/2 2 2 2 1/2 5 4 0 1 9 9 -6 3/2 7/2 -3/2 3/2 1/2 8 3 -1 1 27/2 -3 -15/2 3/2 5 -5/2 1 1/2 11 -6 -2 1 18 -15/2 15/2 3/2 13/2 -1 1/2 1/2 14 3 -3 1 45/2 -9/2 6 3/2 8 3 0 1/2 17 4 -4 1 27 6 9/2 3/2 19/2 3 -1/2 1/2 20 -3 -5 1 63/2 9/2 3 3/2 211/8 25/8 2 5/4 733/32 63/32 23/16 69/64 5295/256 125/128 597/512 247/256 79385/4096 461/4096 2213/2048 3665/4096 153541/8192 -2649/4096 4535/4096 28047/32768 4868079/262144 -345137/262144 2447/2048 13747/16384 19620857/1048576 -3999675/2097152 2745759/2097152 1755547/2097152 159836653/8388608 -40692681/16777216 5991371/4194304 14173935/16777216 654744177/33554432 -6032391/2097152 206545087/134217728 57602029/67108864 21505492391/1073741824 -1752429197/536870912 438381773/268435456 939345005/1073741824 44150787673/2147483648 -15427387507/4294967296 1833652361/1073741824 7665402603/8589934592 1448435867709/68719476736 -4148009385/1073741824 60542685549/34359738368 1953433037/2147483648 2964004599313/137438953472 -2243462829855/549755813888 123484412225/68719476736 508967033767/549755813888 48411859646167/2199023255552 -9342107854647/2199023255552 7979479837843/4398046511104 4135894401435/4398046511104 394435210775433/17592186044416 -153714520949373/35184372088832 15978219772939/8796093022208 16768421277673/17592186044416 6412934662817765/281474976710656 -156422604837835/35184372088832 254165370921099/140737488355328 271368815573153/281474976710656 13006478742440773/562949953421312 -630871967951699/140737488355328 1004874907727827/562949953421312 2191498581329895/2251799813685248 421305685864778187/18014398509481984 -20188267732007675/4503599627370496 1976938736677949/1125899906842624 1104153623295547/1125899906842624 1703209260709001315/72057594037927936 -641229192028655511/144115188075855872 123970650388080933/72057594037927936 142193377419066403/144115188075855872 13753006151569491361/576460752303423488 -2528414523771112073/576460752303423488 1937295433428816229/1152921504606846976 1142950189127307063/1152921504606846976 13866431913107443689/576460752303423488 -19811509937705271841/4611686018427387904 15097868686240242665/9223372036854775808 4588343736866354677/4611686018427387904 1787959983227790518627/73786976294838206464 -308577356440474344487/73786976294838206464 117414238066274983227/73786976294838206464 73610671619091590309/73786976294838206464 3599684393978126021041/147573952589676412928 -1194528198311089785735/295147905179352825856 911550130142440069611/590295810358705651712 590022254263568688147/590295810358705651712 115891315101304460353401/4722366482869645213696 -9195237871441966644973/2361183241434822606848 7066860423377100699297/4722366482869645213696 73850893211592036181/73786976294838206464 29498889645829435848417/1180591620717411303424 -2028068681575427930563/590295810358705651712 1597559642522460281631/1180591620717411303424 593161819980239093351/590295810358705651712 3802045910009109041603/147573952589676412928 -146495778647760664645/73786976294838206464 4628335322154034059/4611686018427387904 147816068117344162651/147573952589676412928 60943204136637816807/2305843009213693952 -968373652729834809/18446744073709551616 6589044794120366379/9223372036854775808 18285288332281513665/18446744073709551616 15945948951947950905/576460752303423488 3673825201437812775/2305843009213693952 289690744123943857/576460752303423488 72468323092777093/72057594037927936 8225699168503953481/288230376151711744 97234238353990105/36028797018963968 18874885497353659/144115188075855872 290456866678506461/288230376151711744 1038848983109447211/36028797018963968 125656220375237661/36028797018963968 -6138849470810853/36028797018963968 35464243940146605/36028797018963968 136254994954695927/4503599627370496 17706430066274583/4503599627370496 -1250184049198937/4503599627370496 2258733242374691/2251799813685248 17758847113279379/562949953421312 1034820527123931/281474976710656 -325694878427323/562949953421312 574466669512543/562949953421312 1096017662427675/35184372088832 41114936353401/17592186044416 -48687209034897/70368744177664 68707106088477/70368744177664 143210695558743/4398046511104 7336457718853/8796093022208 -1010206650659/4398046511104 545092259171/549755813888 38436320229253/1099511627776 -809814871673/1099511627776 8308012665/1099511627776 1146830754905/1099511627776 4609385482305/137438953472 -285390182115/137438953472 3124716939/137438953472 133672005561/137438953472 587026262349/17179869184 -24260026887/8589934592 -350278827/8589934592 8258720783/8589934592 83570951795/2147483648 -4932748273/1073741824 -2314601015/2147483648 2312113555/2147483648 2450140641/67108864 -1267309851/268435456 -134460357/134217728 264697737/268435456 144167949/4194304 -14758803/4194304 -14269009/33554432 471257/524288 181513873/4194304 -12401441/4194304 -9169943/4194304 4675877/4194304 21651639/524288 -123171/131072 -1282875/524288 547221/524288 2113155/65536 42389/65536 -3023/8192 25835/32768 384995/8192 2927/2048 -24891/8192 9271/8192 25761/512 1737/256 -615/128 1221/1024 1737/64 163/64 57/128 5/8 751/16 37/8 -13/16 17/16 135/2 9 15/2 3/2 23 -3/2 1/2 1/2 47 3 -3 1 72 -3 6 3/2 49/2 -5/2 0 1/2 50 -6 -4 1 153/2 -15/2 9/2 3/2 26 -1 -1/2 1/2 53 3 -5 1 81 -9/2 3 3/2 55/2 3 -1 1/2 56 4 5 1 171/2 6 3/2 3/2 29 3 -3/2 1/2 59 -3 4 1 90 9/2 0 3/2 61/2 -1 -2 1/2 62 -5 3 1 189/2 -9 -3/2 3/2 32 -5/2 -5/2 1/2 65 -2 2 1 99 9/2 -3 3/2 67/2 -3/2 5/2 1/2 68 6 1 1 207/2 6 -9/2 3/2 35 2 2 1/2 71 6 0 1 108 -9/2 -6 3/2 73/2 3/2 3/2 1/2 74 -2 -1 1 225/2 -15/2 -15/2 3/2 38 -3 1 1/2 77 -5 -2 1 117 -3 15/2 3/2 79/2 3/2 1/2 1/2 80 -3 -3 1 243/2 9 6 3/2 41 2 0 1/2 83 4 -4 1 126 9 9/2 3/2 85/2 -3/2 -1/2 1/2 86 3 -5 1 261/2 -3 3 3/2 44 -5/2 -1 1/2 89 -6 5 1 135 -15/2 3/2 3/2 91/2 -1 -3/2 1/2 92 3 4 1 279/2 -9/2 0 3/2 47 3 -2 1/2 -2 24 -1 24 -3/4 24 0 1 1 24 2 1 3 24 4 24
unclamped_nonuniform_d24_sequence S 24 97 7 4 -2 -6 -5 0.5 -1 -5 2 1 0 -2 -2 1.5 1 3 5 0.5 2 -3 1 1 3 6 -3 1.5 4 4 4 0.5 5 4 0 1 6 6 -4 1.5 7 -3 3 0.5 8 3 -1 1 9 -2 -5 1.5 10 -5 2 0.5 11 -6 -2 1 12 -5 5 1.5 13 -2 1 0.5 14 3 -3 1 15 -3 4 1.5 16 6 0 0.5 17 4 -4 1 18 4 3 1.5 19 6 -1 0.5 20 -3 -5 1 21 3 2 1.5 22 -2 -2 0.5 23 -5 5 1 24 -6 1 1.5 25 -5 -3 0.5 26 -2 4 1 27 3 0 1.5 28 -3 -4 0.5 29 6 3 1 30 4 -1 1.5 31 4 -5 0.5 32 6 2 1 33 -3 -2 1.5 34 3 5 0.5 35 -2 1 1 36 -5 -3 1.5 37 -6 4 0.5 38 -5 0 1 39 -2 -4 1.5 40 3 3 0.5 41 -3 -1 1 42 6 -5 1.5 43 4 2 0.5 44 4 -2 1 45 6 5 1.5 46 -3 1 0.5 47 3 -3 1 48 -2 4 1.5 49 -5 0 0.5 50 -6 -4 1 51 -5 3 1.5 52 -2 -1 0.5 53 3 -5 1 54 -3 2 1.5 55 6 -2 0.5 56 4 5 1 57 4 1 1.5 58 6 -3 0.5 59 -3 4 1 60 3 0 1.5 61 -2 -4 0.5 62 -5 3 1 63 -6 -1 1.5 64 -5 -5 0.5 65 -2 2 1 66 3 -2 1.5 67 -3 5 0.5 68 6 1 1 69 4 -3 1.5 70 4 4 0.5 71 6 0 1 72 -3 -4 1.5 73 3 3 0.5 74 -2 -1 1 75 -5 -5 1.5 76 -6 2 0.5 77 -5 -2 1 78 -2 5 1.5 79 3 1 0.5 80 -3 -3 1 81 6 4 1.5 82 4 0 0.5 83 4 -4 1 84 6 3 1.5 85 -3 -1 0.5 86 3 -5 1 87 -2 2 1.5 88 -5 -2 0.5 89 -6 5 1 90 -5 1 1.5 91 -2 -3 0.5 92 3 4 1 93 -3 0 1.5 94 6 -4 0.5 -2 24 -1 24 0 1 1 24 2 1 3 24 4 24 I -0.25 1 I -0.75 24 I -0.25 24 I -0.75 1 | unclamped_nonuniform_d24_sequence R 4 1 1 1 1 24 0 145 9 -1 3 -1 -3 -5/2 1/2 -1 -5 2 1 0 -3 -3 3/2 1/2 3/2 5/2 1/2 2 -3 1 1 9/2 9 -9/2 3/2 2 2 2 1/2 5 4 0 1 9 9 -6 3/2 7/2 -3/2 3/2 1/2 8 3 -1 1 27/2 -3 -15/2 3/2 5 -5/2 1 1/2 11 -6 -2 1 18 -15/2 15/2 3/2 13/2 -1 1/2 1/2 14 3 -3 1 45/2 -9/2 6 3/2 8 3 0 1/2 17 4 -4 1 27 6 9/2 3/2 19/2 3 -1/2 1/2 20 -3 -5 1 63/2 9/2 3 3/2 211/8 25/8 2 5/4 733/32 63/32 23/16 69/64 5295/256 125/128 597/512 247/256 79385/4096 461/4096 2213/2048 3665/4096 153541/8192 -2649/4096 4535/4096 28047/32768 4868079/262144 -345137/262144 2447/2048 13747/16384 19620857/1048576 -3999675/2097152 2745759/2097152 1755547/2097152 159836653/8388608 -40692681/16777216 5991371/4194304 14173935/16777216 654744177/33554432 -6032391/2097152 206545087/134217728 57602029/67108864 21505492391/1073741824 -1752429197/536870912 438381773/268435456 939345005/1073741824 44150787673/2147483648 -15427387507/4294967296 1833652361/1073741824 7665402603/8589934592 1448435867709/68719476736 -4148009385/1073741824 60542685549/34359738368 1953433037/2147483648 2964004599313/137438953472 -2243462829855/549755813888 123484412225/68719476736 508967033767/549755813888 48411859646167/2199023255552 -9342107854647/2199023255552 7979479837843/4398046511104 4135894401435/4398046511104 394435210775433/17592186044416 -153714520949373/35184372088832 15978219772939/8796093022208 16768421277673/17592186044416 6412934662817765/281474976710656 -156422604837835/35184372088832 254165370921099/140737488355328 271368815573153/281474976710656 13006478742440773/562949953421312 -630871967951699/140737488355328 1004874907727827/562949953421312 2191498581329895/2251799813685248 421305685864778187/18014398509481984 -20188267732007675/4503599627370496 1976938736677949/1125899906842624 1104153623295547/1125899906842624 1703209260709001315/72057594037927936 -641229192028655511/144115188075855872 123970650388080933/72057594037927936 142193377419066403/144115188075855872 13753006151569491361/576460752303423488 -2528414523771112073/576460752303423488 1937295433428816229/1152921504606846976 1142950189127307063/1152921504606846976 13866431913107443689/576460752303423488 -19811509937705271841/4611686018427387904 15097868686240242665/9223372036854775808 4588343736866354677/4611686018427387904 1787959983227790518627/73786976294838206464 -308577356440474344487/73786976294838206464 117414238066274983227/73786976294838206464 73610671619091590309/73786976294838206464 3599684393978126021041/147573952589676412928 -1194528198311089785735/295147905179352825856 911550130142440069611/590295810358705651712 590022254263568688147/590295810358705651712 115891315101304460353401/4722366482869645213696 -9195237871441966644973/2361183241434822606848 7066860423377100699297/4722366482869645213696 73850893211592036181/73786976294838206464 117294144089313315713579/4722366482869645213696 -8473262441348463363159/2361183241434822606848 6615779187852260984115/4722366482869645213696 296188464275535746025/295147905179352825856 118460784330454123869377/4722366482869645213696 -7580335429493796468533/2361183241434822606848 6150976261686055317129/4722366482869645213696 148134687970683309289/147573952589676412928 119520194440438590497283/4722366482869645213696 -6568410773127963365039/2361183241434822606848 5697109575505136208235/4722366482869645213696 296000321609200737451/295147905179352825856 120565040179433577131081/4722366482869645213696 -5483066393568896874173/2361183241434822606848 5263648294704577398961/4722366482869645213696 18477892146506376519/18446744073709551616 121642378205331433064603/4722366482869645213696 -4362335669292288860871/2361183241434822606848 4849667678146404427875/4722366482869645213696 295351662041997250829/295147905179352825856 122764286956904397862929/4722366482869645213696 -3236437585909282901893/2361183241434822606848 4449769756632942989081/4722366482869645213696 147582462225448971479/147573952589676412928 123923344577494833921011/4722366482869645213696 -2128396104045985404575/2361183241434822606848 4058163042448909770779/4722366482869645213696 295077763700558166159/295147905179352825856 125105433205770507328025/4722366482869645213696 -1055217016714473202573/2361183241434822606848 3670627317473925258177/4722366482869645213696 73764714691984615811/73786976294838206464 126297500238327832052235/4722366482869645213696 -29296943553533456439/2361183241434822606848 3284995365004468559507/4722366482869645213696 295075366783906421425/295147905179352825856 127490757970937822995553/4722366482869645213696 940196580486180313899/2361183241434822606848 2900881577953427429545/4722366482869645213696 147551454014494561029/147573952589676412928 128680890448821088751843/4722366482869645213696 1846153207385740778097/2361183241434822606848 2519185603789047382475/4722366482869645213696 295127636004745830131/295147905179352825856 129866850476596530854121/4722366482869645213696 2682650695324786797219/2361183241434822606848 2141651095936730808273/4722366482869645213696 36893027406020154053/36893488147419103232 131049370175532167188091/4722366482869645213696 3444409563131958862681/2361183241434822606848 1770569878921962313667/4722366482869645213696 295152575498004458709/295147905179352825856 132229774035698835196337/4722366482869645213696 4126538691333217859803/2361183241434822606848 1408613367461846719289/4722366482869645213696 147577482247892431219/147573952589676412928 133409271905147532775635/4722366482869645213696 4724507693712275297409/2361183241434822606848 1058731732695273987707/4722366482869645213696 295154050073019632599/295147905179352825856 134588672837499530041529/4722366482869645213696 5234270137676180480979/2361183241434822606848 724062275171630744801/4722366482869645213696 73787982794206126641/73786976294838206464 135768371447824934723051/4722366482869645213696 5652464542353540098025/2361183241434822606848 407809325337616417779/4722366482869645213696 295149871387894645625/295147905179352825856 136948461183341436581889/4722366482869645213696 5976632096870710278539/2361183241434822606848 113083170712144471753/4722366482869645213696 147574206269904206369/147573952589676412928 138128872238677444291523/4722366482869645213696 6205406466942996621201/2361183241434822606848 -157293711505762277845/4722366482869645213696 295147626343739767611/295147905179352825856 139309480885319914047881/4722366482869645213696 6338648241090868344835/2361183241434822606848 -400991979541482259727/4722366482869645213696 9223354899044753167/9223372036854775808 140490174433349852438619/4722366482869645213696 6377512005805473426809/2361183241434822606848 -616366458677997841629/4722366482869645213696 295147390699853240989/295147905179352825856 141670877470287601090385/4722366482869645213696 6324446274351773125947/2361183241434822606848 -802608917083290137767/4722366482869645213696 147573774634023116559/147573952589676412928 142851553058335488610739/4722366482869645213696 6183134938771642524577/2361183241434822606848 -959844879723614648101/4722366482869645213696 295147718657149643039/295147905179352825856 144032192261746134932313/4722366482869645213696 5958393646620538672947/2361183241434822606848 -1089165136354174832127/4722366482869645213696 73786961389051576671/73786976294838206464 36155627965862864523275/1180591620717411303424 1461505750136246686783/590295810358705651712 -288456316167363731035/1180591620717411303424 590295818011469277013/590295810358705651712 4611689512224422574955/147573952589676412928 161871322639172204851/73786976294838206464 -1408428978255517555/4611686018427387904 147574086570408932387/147573952589676412928 73498711714217903565/2305843009213693952 31307447800033240869/18446744073709551616 -3046040699652009375/9223372036854775808 18446750319772986819/18446744073709551616 18734922193240573465/576460752303423488 2355978823633881943/2305843009213693952 -186820639553552415/576460752303423488 72057383948011679/72057594037927936 9547631583958364435/288230376151711744 7959914494861637/36028797018963968 -43265459109072895/144115188075855872 288229693575882511/288230376151711744 1215983326464123075/36028797018963968 -23026950226871163/36028797018963968 -10090267127114445/36028797018963968 36029114929568757/36028797018963968 154811999595888485/4503599627370496 -6705152323967211/4503599627370496 -1303719930727595/4503599627370496 2251826142275617/2251799813685248 19702675211436115/562949953421312 -637328066994021/281474976710656 -197520895191675/562949953421312 562935992714783/562949953421312 1253403042926985/35184372088832 -51193386283881/17592186044416 -33304343567595/70368744177664 70365237973071/70368744177664 159442198135535/4398046511104 -29683268535203/8796093022208 -2845299213115/4398046511104 549790203697/549755813888 40550631972575/1099511627776 -3962645652891/1099511627776 -932603137765/1099511627776 1099725124699/1099511627776 5152937789745/137438953472 -487341898227/137438953472 -144919156965/137438953472 137421230313/137438953472 654578396255/17179869184 -27234710397/8589934592 -10816054225/8589934592 8583849853/8589934592 83244898315/2147483648 -2682087209/1073741824 -3162013615/2147483648 2147775947/2147483648 2648443635/67108864 -429093921/268435456 -227499255/134217728 269091339/268435456 167760125/4194304 -2291139/4194304 -63345905/33554432 524587/524288 169061915/4194304 2610661/4194304 -8476605/4194304 4160791/4194304 21547935/524288 244173/131072 -1157475/524288 521517/524288 2812505/65536 203199/65536 -21135/8192 33577/32768 356755/8192 8607/2048 -21995/8192 8423/8192 20475/512 1179/256 -195/128 951/1024 2465/64 251/64 65/128 7/8 845/16 47/8 25/16 19/16 135/2 9 15/2 3/2 23 -3/2 1/2 1/2 47 3 -3 1 72 -3 6 3/2 49/2 -5/2 0 1/2 50 -6 -4 1 153/2 -15/2 9/2 3/2 26 -1 -1/2 1/2 53 3 -5 1 81 -9/2 3 3/2 55/2 3 -1 1/2 56 4 5 1 171/2 6 3/2 3/2 29 3 -3/2 1/2 59 -3 4 1 90 9/2 0 3/2 61/2 -1 -2 1/2 62 -5 3 1 189/2 -9 -3/2 3/2 32 -5/2 -5/2 1/2 65 -2 2 1 99 9/2 -3 3/2 67/2 -3/2 5/2 1/2 68 6 1 1 207/2 6 -9/2 3/2 35 2 2 1/2 71 6 0 1 108 -9/2 -6 3/2 73/2 3/2 3/2 1/2 74 -2 -1 1 225/2 -15/2 -15/2 3/2 38 -3 1 1/2 77 -5 -2 1 117 -3 15/2 3/2 79/2 3/2 1/2 1/2 80 -3 -3 1 243/2 9 6 3/2 41 2 0 1/2 83 4 -4 1 126 9 9/2 3/2 85/2 -3/2 -1/2 1/2 86 3 -5 1 261/2 -3 3 3/2 44 -5/2 -1 1/2 89 -6 5 1 135 -15/2 3/2 3/2 91/2 -1 -3/2 1/2 92 3 4 1 279/2 -9/2 0 3/2 47 3 -2 1/2 -2 24 -1 24 -3/4 24 -1/4 24 0 1 1 24 2 1 3 24 4 24
unclamped_nonuniform_d24_roundtrip S 24 97 7 2 -2 -6 -5 0.5 -1 -5 2 1 0 -2 -2 1.5 1 3 5 0.5 2 -3 1 1 3 6 -3 1.5 4 4 4 0.5 5 4 0 1 6 6 -4 1.5 7 -3 3 0.5 8 3 -1 1 9 -2 -5 1.5 10 -5 2 0.5 11 -6 -2 1 12 -5 5 1.5 13 -2 1 0.5 14 3 -3 1 15 -3 4 1.5 16 6 0 0.5 17 4 -4 1 18 4 3 1.5 19 6 -1 0.5 20 -3 -5 1 21 3 2 1.5 22 -2 -2 0.5 23 -5 5 1 24 -6 1 1.5 25 -5 -3 0.5 26 -2 4 1 27 3 0 1.5 28 -3 -4 0.5 29 6 3 1 30 4 -1 1.5 31 4 -5 0.5 32 6 2 1 33 -3 -2 1.5 34 3 5 0.5 35 -2 1 1 36 -5 -3 1.5 37 -6 4 0.5 38 -5 0 1 39 -2 -4 1.5 40 3 3 0.5 41 -3 -1 1 42 6 -5 1.5 43 4 2 0.5 44 4 -2 1 45 6 5 1.5 46 -3 1 0.5 47 3 -3 1 48 -2 4 1.5 49 -5 0 0.5 50 -6 -4 1 51 -5 3 1.5 52 -2 -1 0.5 53 3 -5 1 54 -3 2 1.5 55 6 -2 0.5 56 4 5 1 57 4 1 1.5 58 6 -3 0.5 59 -3 4 1 60 3 0 1.5 61 -2 -4 0.5 62 -5 3 1 63 -6 -1 1.5 64 -5 -5 0.5 65 -2 2 1 66 3 -2 1.5 67 -3 5 0.5 68 6 1 1 69 4 -3 1.5 70 4 4 0.5 71 6 0 1 72 -3 -4 1.5 73 3 3 0.5 74 -2 -1 1 75 -5 -5 1.5 76 -6 2 0.5 77 -5 -2 1 78 -2 5 1.5 79 3 1 0.5 80 -3 -3 1 81 6 4 1.5 82 4 0 0.5 83 4 -4 1 84 6 3 1.5 85 -3 -1 0.5 86 3 -5 1 87 -2 2 1.5 88 -5 -2 0.5 89 -6 5 1 90 -5 1 1.5 91 -2 -3 0.5 92 3 4 1 93 -3 0 1.5 94 6 -4 0.5 -2 24 -1 24 0 1 1 24 2 1 3 24 4 24 I -0.75 1 R -0.75 0 | unclamped_nonuniform_d24_roundtrip R 2 1 1 24 0 97 7 -1 3 -1 -3 -5/2 1/2 -1 -5 2 1 0 -3 -3 3/2 1/2 3/2 5/2 1/2 2 -3 1 1 9/2 9 -9/2 3/2 2 2 2 1/2 5 4 0 1 9 9 -6 3/2 7/2 -3/2 3/2 1/2 8 3 -1 1 27/2 -3 -15/2 3/2 5 -5/2 1 1/2 11 -6 -2 1 18 -15/2 15/2 3/2 13/2 -1 1/2 1/2 14 3 -3 1 45/2 -9/2 6 3/2 8 3 0 1/2 17 4 -4 1 27 6 9/2 3/2 19/2 3 -1/2 1/2 20 -3 -5 1 63/2 9/2 3 3/2 11 -1 -1 1/2 23 -5 5 1 36 -9 3/2 3/2 25/2 -5/2 -3/2 1/2 26 -2 4 1 81/2 9/2 0 3/2 14 -3/2 -2 1/2 29 6 3 1 45 6 -3/2 3/2 31/2 2 -5/2 1/2 32 6 2 1 99/2 -9/2 -3 3/2 17 3/2 5/2 1/2 35 -2 1 1 54 -15/2 -9/2 3/2 37/2 -3 2 1/2 38 -5 0 1 117/2 -3 -6 3/2 20 3/2 3/2 1/2 41 -3 -1 1 63 9 -15/2 3/2 43/2 2 1 1/2 44 4 -2 1 135/2 9 15/2 3/2 23 -3/2 1/2 1/2 47 3 -3 1 72 -3 6 3/2 49/2 -5/2 0 1/2 50 -6 -4 1 153/2 -15/2 9/2 3/2 26 -1 -1/2 1/2 53 3 -5 1 81 -9/2 3 3/2 55/2 3 -1 1/2 56 4 5 1 171/2 6 3/2 3/2 29 3 -3/2 1/2 59 -3 4 1 90 9/2 0 3/2 61/2 -1 -2 1/2 62 -5 3 1 189/2 -9 -3/2 3/2 32 -5/2 -5/2 1/2 65 -2 2 1 99 9/2 -3 3/2 67/2 -3/2 5/2 1/2 68 6 1 1 207/2 6 -9/2 3/2 35 2 2 1/2 71 6 0 1 108 -9/2 -6 3/2 73/2 3/2 3/2 1/2 74 -2 -1 1 225/2 -15/2 -15/2 3/2 38 -3 1 1/2 77 -5 -2 1 117 -3 15/2 3/2 79/2 3/2 1/2 1/2 80 -3 -3 1 243/2 9 6 3/2 41 2 0 1/2 83 4 -4 1 126 9 9/2 3/2 85/2 -3/2 -1/2 1/2 86 3 -5 1 261/2 -3 3 3/2 44 -5/2 -1 1/2 89 -6 5 1 135 -15/2 3/2 3/2 91/2 -1 -3/2 1/2 92 3 4 1 279/2 -9/2 0 3/2 47 3 -2 1/2 -2 24 -1 24 0 1 1 24 2 1 3 24 4 24
unclamped_nonuniform_d24_full_roundtrip S 24 97 7 2 -2 -6 -5 0.5 -1 -5 2 1 0 -2 -2 1.5 1 3 5 0.5 2 -3 1 1 3 6 -3 1.5 4 4 4 0.5 5 4 0 1 6 6 -4 1.5 7 -3 3 0.5 8 3 -1 1 9 -2 -5 1.5 10 -5 2 0.5 11 -6 -2 1 12 -5 5 1.5 13 -2 1 0.5 14 3 -3 1 15 -3 4 1.5 16 6 0 0.5 17 4 -4 1 18 4 3 1.5 19 6 -1 0.5 20 -3 -5 1 21 3 2 1.5 22 -2 -2 0.5 23 -5 5 1 24 -6 1 1.5 25 -5 -3 0.5 26 -2 4 1 27 3 0 1.5 28 -3 -4 0.5 29 6 3 1 30 4 -1 1.5 31 4 -5 0.5 32 6 2 1 33 -3 -2 1.5 34 3 5 0.5 35 -2 1 1 36 -5 -3 1.5 37 -6 4 0.5 38 -5 0 1 39 -2 -4 1.5 40 3 3 0.5 41 -3 -1 1 42 6 -5 1.5 43 4 2 0.5 44 4 -2 1 45 6 5 1.5 46 -3 1 0.5 47 3 -3 1 48 -2 4 1.5 49 -5 0 0.5 50 -6 -4 1 51 -5 3 1.5 52 -2 -1 0.5 53 3 -5 1 54 -3 2 1.5 55 6 -2 0.5 56 4 5 1 57 4 1 1.5 58 6 -3 0.5 59 -3 4 1 60 3 0 1.5 61 -2 -4 0.5 62 -5 3 1 63 -6 -1 1.5 64 -5 -5 0.5 65 -2 2 1 66 3 -2 1.5 67 -3 5 0.5 68 6 1 1 69 4 -3 1.5 70 4 4 0.5 71 6 0 1 72 -3 -4 1.5 73 3 3 0.5 74 -2 -1 1 75 -5 -5 1.5 76 -6 2 0.5 77 -5 -2 1 78 -2 5 1.5 79 3 1 0.5 80 -3 -3 1 81 6 4 1.5 82 4 0 0.5 83 4 -4 1 84 6 3 1.5 85 -3 -1 0.5 86 3 -5 1 87 -2 2 1.5 88 -5 -2 0.5 89 -6 5 1 90 -5 1 1.5 91 -2 -3 0.5 92 3 4 1 93 -3 0 1.5 94 6 -4 0.5 -2 24 -1 24 0 1 1 24 2 1 3 24 4 24 I -0.75 24 R -0.75 0 | unclamped_nonuniform_d24_full_roundtrip R 2 1 1 24 0 97 7 -1 3 -1 -3 -5/2 1/2 -1 -5 2 1 0 -3 -3 3/2 1/2 3/2 5/2 1/2 2 -3 1 1 9/2 9 -9/2 3/2 2 2 2 1/2 5 4 0 1 9 9 -6 3/2 7/2 -3/2 3/2 1/2 8 3 -1 1 27/2 -3 -15/2 3/2 5 -5/2 1 1/2 11 -6 -2 1 18 -15/2 15/2 3/2 13/2 -1 1/2 1/2 14 3 -3 1 45/2 -9/2 6 3/2 8 3 0 1/2 17 4 -4 1 27 6 9/2 3/2 19/2 3 -1/2 1/2 20 -3 -5 1 63/2 9/2 3 3/2 11 -1 -1 1/2 23 -5 5 1 36 -9 3/2 3/2 25/2 -5/2 -3/2 1/2 26 -2 4 1 81/2 9/2 0 3/2 14 -3/2 -2 1/2 29 6 3 1 45 6 -3/2 3/2 31/2 2 -5/2 1/2 32 6 2 1 99/2 -9/2 -3 3/2 17 3/2 5/2 1/2 35 -2 1 1 54 -15/2 -9/2 3/2 37/2 -3 2 1/2 38 -5 0 1 117/2 -3 -6 3/2 20 3/2 3/2 1/2 41 -3 -1 1 63 9 -15/2 3/2 43/2 2 1 1/2 44 4 -2 1 135/2 9 15/2 3/2 23 -3/2 1/2 1/2 47 3 -3 1 72 -3 6 3/2 49/2 -5/2 0 1/2 50 -6 -4 1 153/2 -15/2 9/2 3/2 26 -1 -1/2 1/2 53 3 -5 1 81 -9/2 3 3/2 55/2 3 -1 1/2 56 4 5 1 171/2 6 3/2 3/2 29 3 -3/2 1/2 59 -3 4 1 90 9/2 0 3/2 61/2 -1 -2 1/2 62 -5 3 1 189/2 -9 -3/2 3/2 32 -5/2 -5/2 1/2 65 -2 2 1 99 9/2 -3 3/2 67/2 -3/2 5/2 1/2 68 6 1 1 207/2 6 -9/2 3/2 35 2 2 1/2 71 6 0 1 108 -9/2 -6 3/2 73/2 3/2 3/2 1/2 74 -2 -1 1 225/2 -15/2 -15/2 3/2 38 -3 1 1/2 77 -5 -2 1 117 -3 15/2 3/2 79/2 3/2 1/2 1/2 80 -3 -3 1 243/2 9 6 3/2 41 2 0 1/2 83 4 -4 1 126 9 9/2 3/2 85/2 -3/2 -1/2 1/2 86 3 -5 1 261/2 -3 3 3/2 44 -5/2 -1 1/2 89 -6 5 1 135 -15/2 3/2 3/2 91/2 -1 -3/2 1/2 92 3 4 1 279/2 -9/2 0 3/2 47 3 -2 1/2 -2 24 -1 24 0 1 1 24 2 1 3 24 4 24
unclamped_nonuniform_d24_remove_existing S 24 97 7 1 -2 -6 -5 0.5 -1 -5 2 1 0 -2 -2 1.5 1 3 5 0.5 2 -3 1 1 3 6 -3 1.5 4 4 4 0.5 5 4 0 1 6 6 -4 1.5 7 -3 3 0.5 8 3 -1 1 9 -2 -5 1.5 10 -5 2 0.5 11 -6 -2 1 12 -5 5 1.5 13 -2 1 0.5 14 3 -3 1 15 -3 4 1.5 16 6 0 0.5 17 4 -4 1 18 4 3 1.5 19 6 -1 0.5 20 -3 -5 1 21 3 2 1.5 22 -2 -2 0.5 23 -5 5 1 24 -6 1 1.5 25 -5 -3 0.5 26 -2 4 1 27 3 0 1.5 28 -3 -4 0.5 29 6 3 1 30 4 -1 1.5 31 4 -5 0.5 32 6 2 1 33 -3 -2 1.5 34 3 5 0.5 35 -2 1 1 36 -5 -3 1.5 37 -6 4 0.5 38 -5 0 1 39 -2 -4 1.5 40 3 3 0.5 41 -3 -1 1 42 6 -5 1.5 43 4 2 0.5 44 4 -2 1 45 6 5 1.5 46 -3 1 0.5 47 3 -3 1 48 -2 4 1.5 49 -5 0 0.5 50 -6 -4 1 51 -5 3 1.5 52 -2 -1 0.5 53 3 -5 1 54 -3 2 1.5 55 6 -2 0.5 56 4 5 1 57 4 1 1.5 58 6 -3 0.5 59 -3 4 1 60 3 0 1.5 61 -2 -4 0.5 62 -5 3 1 63 -6 -1 1.5 64 -5 -5 0.5 65 -2 2 1 66 3 -2 1.5 67 -3 5 0.5 68 6 1 1 69 4 -3 1.5 70 4 4 0.5 71 6 0 1 72 -3 -4 1.5 73 3 3 0.5 74 -2 -1 1 75 -5 -5 1.5 76 -6 2 0.5 77 -5 -2 1 78 -2 5 1.5 79 3 1 0.5 80 -3 -3 1 81 6 4 1.5 82 4 0 0.5 83 4 -4 1 84 6 3 1.5 85 -3 -1 0.5 86 3 -5 1 87 -2 2 1.5 88 -5 -2 0.5 89 -6 5 1 90 -5 1 1.5 91 -2 -3 0.5 92 3 4 1 93 -3 0 1.5 94 6 -4 0.5 -2 24 -1 24 0 1 1 24 2 1 3 24 4 24 R 0 0 | unclamped_nonuniform_d24_remove_existing R 1 0 24 0 97 7 -1 3 -1 -3 -5/2 1/2 -1 -5 2 1 0 -3 -3 3/2 1/2 3/2 5/2 1/2 2 -3 1 1 9/2 9 -9/2 3/2 2 2 2 1/2 5 4 0 1 9 9 -6 3/2 7/2 -3/2 3/2 1/2 8 3 -1 1 27/2 -3 -15/2 3/2 5 -5/2 1 1/2 11 -6 -2 1 18 -15/2 15/2 3/2 13/2 -1 1/2 1/2 14 3 -3 1 45/2 -9/2 6 3/2 8 3 0 1/2 17 4 -4 1 27 6 9/2 3/2 19/2 3 -1/2 1/2 20 -3 -5 1 63/2 9/2 3 3/2 11 -1 -1 1/2 23 -5 5 1 36 -9 3/2 3/2 25/2 -5/2 -3/2 1/2 26 -2 4 1 81/2 9/2 0 3/2 14 -3/2 -2 1/2 29 6 3 1 45 6 -3/2 3/2 31/2 2 -5/2 1/2 32 6 2 1 99/2 -9/2 -3 3/2 17 3/2 5/2 1/2 35 -2 1 1 54 -15/2 -9/2 3/2 37/2 -3 2 1/2 38 -5 0 1 117/2 -3 -6 3/2 20 3/2 3/2 1/2 41 -3 -1 1 63 9 -15/2 3/2 43/2 2 1 1/2 44 4 -2 1 135/2 9 15/2 3/2 23 -3/2 1/2 1/2 47 3 -3 1 72 -3 6 3/2 49/2 -5/2 0 1/2 50 -6 -4 1 153/2 -15/2 9/2 3/2 26 -1 -1/2 1/2 53 3 -5 1 81 -9/2 3 3/2 55/2 3 -1 1/2 56 4 5 1 171/2 6 3/2 3/2 29 3 -3/2 1/2 59 -3 4 1 90 9/2 0 3/2 61/2 -1 -2 1/2 62 -5 3 1 189/2 -9 -3/2 3/2 32 -5/2 -5/2 1/2 65 -2 2 1 99 9/2 -3 3/2 67/2 -3/2 5/2 1/2 68 6 1 1 207/2 6 -9/2 3/2 35 2 2 1/2 71 6 0 1 108 -9/2 -6 3/2 73/2 3/2 3/2 1/2 74 -2 -1 1 225/2 -15/2 -15/2 3/2 38 -3 1 1/2 77 -5 -2 1 117 -3 15/2 3/2 79/2 3/2 1/2 1/2 80 -3 -3 1 243/2 9 6 3/2 41 2 0 1/2 83 4 -4 1 126 9 9/2 3/2 85/2 -3/2 -1/2 1/2 86 3 -5 1 261/2 -3 3 3/2 44 -5/2 -1 1/2 89 -6 5 1 135 -15/2 3/2 3/2 91/2 -1 -3/2 1/2 92 3 4 1 279/2 -9/2 0 3/2 47 3 -2 1/2 -2 24 -1 24 0 1 1 24 2 1 3 24 4 24
unclamped_nonuniform_d24_domain_ends S 24 97 7 2 -2 -6 -5 0.5 -1 -5 2 1 0 -2 -2 1.5 1 3 5 0.5 2 -3 1 1 3 6 -3 1.5 4 4 4 0.5 5 4 0 1 6 6 -4 1.5 7 -3 3 0.5 8 3 -1 1 9 -2 -5 1.5 10 -5 2 0.5 11 -6 -2 1 12 -5 5 1.5 13 -2 1 0.5 14 3 -3 1 15 -3 4 1.5 16 6 0 0.5 17 4 -4 1 18 4 3 1.5 19 6 -1 0.5 20 -3 -5 1 21 3 2 1.5 22 -2 -2 0.5 23 -5 5 1 24 -6 1 1.5 25 -5 -3 0.5 26 -2 4 1 27 3 0 1.5 28 -3 -4 0.5 29 6 3 1 30 4 -1 1.5 31 4 -5 0.5 32 6 2 1 33 -3 -2 1.5 34 3 5 0.5 35 -2 1 1 36 -5 -3 1.5 37 -6 4 0.5 38 -5 0 1 39 -2 -4 1.5 40 3 3 0.5 41 -3 -1 1 42 6 -5 1.5 43 4 2 0.5 44 4 -2 1 45 6 5 1.5 46 -3 1 0.5 47 3 -3 1 48 -2 4 1.5 49 -5 0 0.5 50 -6 -4 1 51 -5 3 1.5 52 -2 -1 0.5 53 3 -5 1 54 -3 2 1.5 55 6 -2 0.5 56 4 5 1 57 4 1 1.5 58 6 -3 0.5 59 -3 4 1 60 3 0 1.5 61 -2 -4 0.5 62 -5 3 1 63 -6 -1 1.5 64 -5 -5 0.5 65 -2 2 1 66 3 -2 1.5 67 -3 5 0.5 68 6 1 1 69 4 -3 1.5 70 4 4 0.5 71 6 0 1 72 -3 -4 1.5 73 3 3 0.5 74 -2 -1 1 75 -5 -5 1.5 76 -6 2 0.5 77 -5 -2 1 78 -2 5 1.5 79 3 1 0.5 80 -3 -3 1 81 6 4 1.5 82 4 0 0.5 83 4 -4 1 84 6 3 1.5 85 -3 -1 0.5 86 3 -5 1 87 -2 2 1.5 88 -5 -2 0.5 89 -6 5 1 90 -5 1 1.5 91 -2 -3 0.5 92 3 4 1 93 -3 0 1.5 94 6 -4 0.5 -2 24 -1 24 0 1 1 24 2 1 3 24 4 24 I -1 24 I 3 24 | unclamped_nonuniform_d24_domain_ends R 2 1 1 24 0 97 7 -1 3 -1 -3 -5/2 1/2 -1 -5 2 1 0 -3 -3 3/2 1/2 3/2 5/2 1/2 2 -3 1 1 9/2 9 -9/2 3/2 2 2 2 1/2 5 4 0 1 9 9 -6 3/2 7/2 -3/2 3/2 1/2 8 3 -1 1 27/2 -3 -15/2 3/2 5 -5/2 1 1/2 11 -6 -2 1 18 -15/2 15/2 3/2 13/2 -1 1/2 1/2 14 3 -3 1 45/2 -9/2 6 3/2 8 3 0 1/2 17 4 -4 1 27 6 9/2 3/2 19/2 3 -1/2 1/2 20 -3 -5 1 63/2 9/2 3 3/2 11 -1 -1 1/2 23 -5 5 1 36 -9 3/2 3/2 25/2 -5/2 -3/2 1/2 26 -2 4 1 81/2 9/2 0 3/2 14 -3/2 -2 1/2 29 6 3 1 45 6 -3/2 3/2 31/2 2 -5/2 1/2 32 6 2 1 99/2 -9/2 -3 3/2 17 3/2 5/2 1/2 35 -2 1 1 54 -15/2 -9/2 3/2 37/2 -3 2 1/2 38 -5 0 1 117/2 -3 -6 3/2 20 3/2 3/2 1/2 41 -3 -1 1 63 9 -15/2 3/2 43/2 2 1 1/2 44 4 -2 1 135/2 9 15/2 3/2 23 -3/2 1/2 1/2 47 3 -3 1 72 -3 6 3/2 49/2 -5/2 0 1/2 50 -6 -4 1 153/2 -15/2 9/2 3/2 26 -1 -1/2 1/2 53 3 -5 1 81 -9/2 3 3/2 55/2 3 -1 1/2 56 4 5 1 171/2 6 3/2 3/2 29 3 -3/2 1/2 59 -3 4 1 90 9/2 0 3/2 61/2 -1 -2 1/2 62 -5 3 1 189/2 -9 -3/2 3/2 32 -5/2 -5/2 1/2 65 -2 2 1 99 9/2 -3 3/2 67/2 -3/2 5/2 1/2 68 6 1 1 207/2 6 -9/2 3/2 35 2 2 1/2 71 6 0 1 108 -9/2 -6 3/2 73/2 3/2 3/2 1/2 74 -2 -1 1 225/2 -15/2 -15/2 3/2 38 -3 1 1/2 77 -5 -2 1 117 -3 15/2 3/2 79/2 3/2 1/2 1/2 80 -3 -3 1 243/2 9 6 3/2 41 2 0 1/2 83 4 -4 1 126 9 9/2 3/2 85/2 -3/2 -1/2 1/2 86 3 -5 1 261/2 -3 3 3/2 44 -5/2 -1 1/2 89 -6 5 1 135 -15/2 3/2 3/2 91/2 -1 -3/2 1/2 92 3 4 1 279/2 -9/2 0 3/2 47 3 -2 1/2 -2 24 -1 24 0 1 1 24 2 1 3 24 4 24
constant_periodic_d24_identity P 24 27 28 0 2 -3 5 1 2 -3 5 1 2 -3 5 1 2 -3 5 1 2 -3 5 1 2 -3 5 1 2 -3 5 1 2 -3 5 1 2 -3 5 1 2 -3 5 1 2 -3 5 1 2 -3 5 1 2 -3 5 1 2 -3 5 1 2 -3 5 1 2 -3 5 1 2 -3 5 1 2 -3 5 1 2 -3 5 1 2 -3 5 1 2 -3 5 1 2 -3 5 1 2 -3 5 1 2 -3 5 1 2 -3 5 1 2 -3 5 1 2 -3 5 1 0 1 1 1 2 1 3 1 4 1 5 1 6 1 7 1 8 1 9 1 10 1 11 1 12 1 13 1 14 1 15 1 16 1 17 1 18 1 19 1 20 1 21 1 22 1 23 1 24 1 25 1 26 1 27 1 | constant_periodic_d24_identity R 0 24 1 27 28 0 27 2 -3 5 1 2 -3 5 1 2 -3 5 1 2 -3 5 1 2 -3 5 1 2 -3 5 1 2 -3 5 1 2 -3 5 1 2 -3 5 1 2 -3 5 1 2 -3 5 1 2 -3 5 1 2 -3 5 1 2 -3 5 1 2 -3 5 1 2 -3 5 1 2 -3 5 1 2 -3 5 1 2 -3 5 1 2 -3 5 1 2 -3 5 1 2 -3 5 1 2 -3 5 1 2 -3 5 1 2 -3 5 1 2 -3 5 1 2 -3 5 1 0 1 1 1 2 1 3 1 4 1 5 1 6 1 7 1 8 1 9 1 10 1 11 1 12 1 13 1 14 1 15 1 16 1 17 1 18 1 19 1 20 1 21 1 22 1 23 1 24 1 25 1 26 1 27 1
constant_periodic_d24_insert P 24 27 28 1 2 -3 5 1 2 -3 5 1 2 -3 5 1 2 -3 5 1 2 -3 5 1 2 -3 5 1 2 -3 5 1 2 -3 5 1 2 -3 5 1 2 -3 5 1 2 -3 5 1 2 -3 5 1 2 -3 5 1 2 -3 5 1 2 -3 5 1 2 -3 5 1 2 -3 5 1 2 -3 5 1 2 -3 5 1 2 -3 5 1 2 -3 5 1 2 -3 5 1 2 -3 5 1 2 -3 5 1 2 -3 5 1 2 -3 5 1 2 -3 5 1 0 1 1 1 2 1 3 1 4 1 5 1 6 1 7 1 8 1 9 1 10 1 11 1 12 1 13 1 14 1 15 1 16 1 17 1 18 1 19 1 20 1 21 1 22 1 23 1 24 1 25 1 26 1 27 1 I 0.25 24 | constant_periodic_d24_insert R 1 1 24 1 51 29 0 27 2 -3 5 1 2 -3 5 1 2 -3 5 1 2 -3 5 1 2 -3 5 1 2 -3 5 1 2 -3 5 1 2 -3 5 1 2 -3 5 1 2 -3 5 1 2 -3 5 1 2 -3 5 1 2 -3 5 1 2 -3 5 1 2 -3 5 1 2 -3 5 1 2 -3 5 1 2 -3 5 1 2 -3 5 1 2 -3 5 1 2 -3 5 1 2 -3 5 1 2 -3 5 1 2 -3 5 1 2 -3 5 1 2 -3 5 1 2 -3 5 1 2 -3 5 1 2 -3 5 1 2 -3 5 1 2 -3 5 1 2 -3 5 1 2 -3 5 1 2 -3 5 1 2 -3 5 1 2 -3 5 1 2 -3 5 1 2 -3 5 1 2 -3 5 1 2 -3 5 1 2 -3 5 1 2 -3 5 1 2 -3 5 1 2 -3 5 1 2 -3 5 1 2 -3 5 1 2 -3 5 1 2 -3 5 1 2 -3 5 1 2 -3 5 1 2 -3 5 1 0 1 1/4 24 1 1 2 1 3 1 4 1 5 1 6 1 7 1 8 1 9 1 10 1 11 1 12 1 13 1 14 1 15 1 16 1 17 1 18 1 19 1 20 1 21 1 22 1 23 1 24 1 25 1 26 1 27 1
constant_periodic_d24_sequence P 24 27 28 4 2 -3 5 1 2 -3 5 1 2 -3 5 1 2 -3 5 1 2 -3 5 1 2 -3 5 1 2 -3 5 1 2 -3 5 1 2 -3 5 1 2 -3 5 1 2 -3 5 1 2 -3 5 1 2 -3 5 1 2 -3 5 1 2 -3 5 1 2 -3 5 1 2 -3 5 1 2 -3 5 1 2 -3 5 1 2 -3 5 1 2 -3 5 1 2 -3 5 1 2 -3 5 1 2 -3 5 1 2 -3 5 1 2 -3 5 1 2 -3 5 1 0 1 1 1 2 1 3 1 4 1 5 1 6 1 7 1 8 1 9 1 10 1 11 1 12 1 13 1 14 1 15 1 16 1 17 1 18 1 19 1 20 1 21 1 22 1 23 1 24 1 25 1 26 1 27 1 I 0.75 1 I 0.25 24 I 0.75 24 I 0.25 1 | constant_periodic_d24_sequence R 4 1 1 1 1 24 1 75 30 0 27 2 -3 5 1 2 -3 5 1 2 -3 5 1 2 -3 5 1 2 -3 5 1 2 -3 5 1 2 -3 5 1 2 -3 5 1 2 -3 5 1 2 -3 5 1 2 -3 5 1 2 -3 5 1 2 -3 5 1 2 -3 5 1 2 -3 5 1 2 -3 5 1 2 -3 5 1 2 -3 5 1 2 -3 5 1 2 -3 5 1 2 -3 5 1 2 -3 5 1 2 -3 5 1 2 -3 5 1 2 -3 5 1 2 -3 5 1 2 -3 5 1 2 -3 5 1 2 -3 5 1 2 -3 5 1 2 -3 5 1 2 -3 5 1 2 -3 5 1 2 -3 5 1 2 -3 5 1 2 -3 5 1 2 -3 5 1 2 -3 5 1 2 -3 5 1 2 -3 5 1 2 -3 5 1 2 -3 5 1 2 -3 5 1 2 -3 5 1 2 -3 5 1 2 -3 5 1 2 -3 5 1 2 -3 5 1 2 -3 5 1 2 -3 5 1 2 -3 5 1 2 -3 5 1 2 -3 5 1 2 -3 5 1 2 -3 5 1 2 -3 5 1 2 -3 5 1 2 -3 5 1 2 -3 5 1 2 -3 5 1 2 -3 5 1 2 -3 5 1 2 -3 5 1 2 -3 5 1 2 -3 5 1 2 -3 5 1 2 -3 5 1 2 -3 5 1 2 -3 5 1 2 -3 5 1 2 -3 5 1 2 -3 5 1 2 -3 5 1 2 -3 5 1 2 -3 5 1 0 1 1/4 24 3/4 24 1 1 2 1 3 1 4 1 5 1 6 1 7 1 8 1 9 1 10 1 11 1 12 1 13 1 14 1 15 1 16 1 17 1 18 1 19 1 20 1 21 1 22 1 23 1 24 1 25 1 26 1 27 1
constant_periodic_d24_roundtrip P 24 27 28 2 2 -3 5 1 2 -3 5 1 2 -3 5 1 2 -3 5 1 2 -3 5 1 2 -3 5 1 2 -3 5 1 2 -3 5 1 2 -3 5 1 2 -3 5 1 2 -3 5 1 2 -3 5 1 2 -3 5 1 2 -3 5 1 2 -3 5 1 2 -3 5 1 2 -3 5 1 2 -3 5 1 2 -3 5 1 2 -3 5 1 2 -3 5 1 2 -3 5 1 2 -3 5 1 2 -3 5 1 2 -3 5 1 2 -3 5 1 2 -3 5 1 0 1 1 1 2 1 3 1 4 1 5 1 6 1 7 1 8 1 9 1 10 1 11 1 12 1 13 1 14 1 15 1 16 1 17 1 18 1 19 1 20 1 21 1 22 1 23 1 24 1 25 1 26 1 27 1 I 0.25 1 R 0.25 0 | constant_periodic_d24_roundtrip R 2 1 1 24 1 27 28 0 27 2 -3 5 1 2 -3 5 1 2 -3 5 1 2 -3 5 1 2 -3 5 1 2 -3 5 1 2 -3 5 1 2 -3 5 1 2 -3 5 1 2 -3 5 1 2 -3 5 1 2 -3 5 1 2 -3 5 1 2 -3 5 1 2 -3 5 1 2 -3 5 1 2 -3 5 1 2 -3 5 1 2 -3 5 1 2 -3 5 1 2 -3 5 1 2 -3 5 1 2 -3 5 1 2 -3 5 1 2 -3 5 1 2 -3 5 1 2 -3 5 1 0 1 1 1 2 1 3 1 4 1 5 1 6 1 7 1 8 1 9 1 10 1 11 1 12 1 13 1 14 1 15 1 16 1 17 1 18 1 19 1 20 1 21 1 22 1 23 1 24 1 25 1 26 1 27 1
constant_periodic_d24_full_roundtrip P 24 27 28 2 2 -3 5 1 2 -3 5 1 2 -3 5 1 2 -3 5 1 2 -3 5 1 2 -3 5 1 2 -3 5 1 2 -3 5 1 2 -3 5 1 2 -3 5 1 2 -3 5 1 2 -3 5 1 2 -3 5 1 2 -3 5 1 2 -3 5 1 2 -3 5 1 2 -3 5 1 2 -3 5 1 2 -3 5 1 2 -3 5 1 2 -3 5 1 2 -3 5 1 2 -3 5 1 2 -3 5 1 2 -3 5 1 2 -3 5 1 2 -3 5 1 0 1 1 1 2 1 3 1 4 1 5 1 6 1 7 1 8 1 9 1 10 1 11 1 12 1 13 1 14 1 15 1 16 1 17 1 18 1 19 1 20 1 21 1 22 1 23 1 24 1 25 1 26 1 27 1 I 0.25 24 R 0.25 0 | constant_periodic_d24_full_roundtrip R 2 1 1 24 1 27 28 0 27 2 -3 5 1 2 -3 5 1 2 -3 5 1 2 -3 5 1 2 -3 5 1 2 -3 5 1 2 -3 5 1 2 -3 5 1 2 -3 5 1 2 -3 5 1 2 -3 5 1 2 -3 5 1 2 -3 5 1 2 -3 5 1 2 -3 5 1 2 -3 5 1 2 -3 5 1 2 -3 5 1 2 -3 5 1 2 -3 5 1 2 -3 5 1 2 -3 5 1 2 -3 5 1 2 -3 5 1 2 -3 5 1 2 -3 5 1 2 -3 5 1 0 1 1 1 2 1 3 1 4 1 5 1 6 1 7 1 8 1 9 1 10 1 11 1 12 1 13 1 14 1 15 1 16 1 17 1 18 1 19 1 20 1 21 1 22 1 23 1 24 1 25 1 26 1 27 1
constant_periodic_d24_remove_existing P 24 27 28 1 2 -3 5 1 2 -3 5 1 2 -3 5 1 2 -3 5 1 2 -3 5 1 2 -3 5 1 2 -3 5 1 2 -3 5 1 2 -3 5 1 2 -3 5 1 2 -3 5 1 2 -3 5 1 2 -3 5 1 2 -3 5 1 2 -3 5 1 2 -3 5 1 2 -3 5 1 2 -3 5 1 2 -3 5 1 2 -3 5 1 2 -3 5 1 2 -3 5 1 2 -3 5 1 2 -3 5 1 2 -3 5 1 2 -3 5 1 2 -3 5 1 0 1 1 1 2 1 3 1 4 1 5 1 6 1 7 1 8 1 9 1 10 1 11 1 12 1 13 1 14 1 15 1 16 1 17 1 18 1 19 1 20 1 21 1 22 1 23 1 24 1 25 1 26 1 27 1 R 1 0 | constant_periodic_d24_remove_existing R 1 1 24 1 26 27 0 27 2 -3 5 1 2 -3 5 1 2 -3 5 1 2 -3 5 1 2 -3 5 1 2 -3 5 1 2 -3 5 1 2 -3 5 1 2 -3 5 1 2 -3 5 1 2 -3 5 1 2 -3 5 1 2 -3 5 1 2 -3 5 1 2 -3 5 1 2 -3 5 1 2 -3 5 1 2 -3 5 1 2 -3 5 1 2 -3 5 1 2 -3 5 1 2 -3 5 1 2 -3 5 1 2 -3 5 1 2 -3 5 1 2 -3 5 1 0 1 2 1 3 1 4 1 5 1 6 1 7 1 8 1 9 1 10 1 11 1 12 1 13 1 14 1 15 1 16 1 17 1 18 1 19 1 20 1 21 1 22 1 23 1 24 1 25 1 26 1 27 1
constant_periodic_d24_seam P 24 27 28 2 2 -3 5 1 2 -3 5 1 2 -3 5 1 2 -3 5 1 2 -3 5 1 2 -3 5 1 2 -3 5 1 2 -3 5 1 2 -3 5 1 2 -3 5 1 2 -3 5 1 2 -3 5 1 2 -3 5 1 2 -3 5 1 2 -3 5 1 2 -3 5 1 2 -3 5 1 2 -3 5 1 2 -3 5 1 2 -3 5 1 2 -3 5 1 2 -3 5 1 2 -3 5 1 2 -3 5 1 2 -3 5 1 2 -3 5 1 2 -3 5 1 0 1 1 1 2 1 3 1 4 1 5 1 6 1 7 1 8 1 9 1 10 1 11 1 12 1 13 1 14 1 15 1 16 1 17 1 18 1 19 1 20 1 21 1 22 1 23 1 24 1 25 1 26 1 27 1 I 0 24 I 27 24 | constant_periodic_d24_seam R 2 1 1 24 1 50 28 0 27 2 -3 5 1 2 -3 5 1 2 -3 5 1 2 -3 5 1 2 -3 5 1 2 -3 5 1 2 -3 5 1 2 -3 5 1 2 -3 5 1 2 -3 5 1 2 -3 5 1 2 -3 5 1 2 -3 5 1 2 -3 5 1 2 -3 5 1 2 -3 5 1 2 -3 5 1 2 -3 5 1 2 -3 5 1 2 -3 5 1 2 -3 5 1 2 -3 5 1 2 -3 5 1 2 -3 5 1 2 -3 5 1 2 -3 5 1 2 -3 5 1 2 -3 5 1 2 -3 5 1 2 -3 5 1 2 -3 5 1 2 -3 5 1 2 -3 5 1 2 -3 5 1 2 -3 5 1 2 -3 5 1 2 -3 5 1 2 -3 5 1 2 -3 5 1 2 -3 5 1 2 -3 5 1 2 -3 5 1 2 -3 5 1 2 -3 5 1 2 -3 5 1 2 -3 5 1 2 -3 5 1 2 -3 5 1 2 -3 5 1 2 -3 5 1 0 24 1 1 2 1 3 1 4 1 5 1 6 1 7 1 8 1 9 1 10 1 11 1 12 1 13 1 14 1 15 1 16 1 17 1 18 1 19 1 20 1 21 1 22 1 23 1 24 1 25 1 26 1 27 24
constant_periodic_d24_seam_roundtrip P 24 27 28 2 2 -3 5 1 2 -3 5 1 2 -3 5 1 2 -3 5 1 2 -3 5 1 2 -3 5 1 2 -3 5 1 2 -3 5 1 2 -3 5 1 2 -3 5 1 2 -3 5 1 2 -3 5 1 2 -3 5 1 2 -3 5 1 2 -3 5 1 2 -3 5 1 2 -3 5 1 2 -3 5 1 2 -3 5 1 2 -3 5 1 2 -3 5 1 2 -3 5 1 2 -3 5 1 2 -3 5 1 2 -3 5 1 2 -3 5 1 2 -3 5 1 0 1 1 1 2 1 3 1 4 1 5 1 6 1 7 1 8 1 9 1 10 1 11 1 12 1 13 1 14 1 15 1 16 1 17 1 18 1 19 1 20 1 21 1 22 1 23 1 24 1 25 1 26 1 27 1 I 27 24 R 0 1 | constant_periodic_d24_seam_roundtrip R 2 1 1 24 1 27 28 0 27 2 -3 5 1 2 -3 5 1 2 -3 5 1 2 -3 5 1 2 -3 5 1 2 -3 5 1 2 -3 5 1 2 -3 5 1 2 -3 5 1 2 -3 5 1 2 -3 5 1 2 -3 5 1 2 -3 5 1 2 -3 5 1 2 -3 5 1 2 -3 5 1 2 -3 5 1 2 -3 5 1 2 -3 5 1 2 -3 5 1 2 -3 5 1 2 -3 5 1 2 -3 5 1 2 -3 5 1 2 -3 5 1 2 -3 5 1 2 -3 5 1 0 1 1 1 2 1 3 1 4 1 5 1 6 1 7 1 8 1 9 1 10 1 11 1 12 1 13 1 14 1 15 1 16 1 17 1 18 1 19 1 20 1 21 1 22 1 23 1 24 1 25 1 26 1 27 1
constant_periodic_d24_remove_origin P 24 27 28 1 2 -3 5 1 2 -3 5 1 2 -3 5 1 2 -3 5 1 2 -3 5 1 2 -3 5 1 2 -3 5 1 2 -3 5 1 2 -3 5 1 2 -3 5 1 2 -3 5 1 2 -3 5 1 2 -3 5 1 2 -3 5 1 2 -3 5 1 2 -3 5 1 2 -3 5 1 2 -3 5 1 2 -3 5 1 2 -3 5 1 2 -3 5 1 2 -3 5 1 2 -3 5 1 2 -3 5 1 2 -3 5 1 2 -3 5 1 2 -3 5 1 0 1 1 1 2 1 3 1 4 1 5 1 6 1 7 1 8 1 9 1 10 1 11 1 12 1 13 1 14 1 15 1 16 1 17 1 18 1 19 1 20 1 21 1 22 1 23 1 24 1 25 1 26 1 27 1 R 0 0 | constant_periodic_d24_remove_origin R 1 1 24 1 26 27 1 28 2 -3 5 1 2 -3 5 1 2 -3 5 1 2 -3 5 1 2 -3 5 1 2 -3 5 1 2 -3 5 1 2 -3 5 1 2 -3 5 1 2 -3 5 1 2 -3 5 1 2 -3 5 1 2 -3 5 1 2 -3 5 1 2 -3 5 1 2 -3 5 1 2 -3 5 1 2 -3 5 1 2 -3 5 1 2 -3 5 1 2 -3 5 1 2 -3 5 1 2 -3 5 1 2 -3 5 1 2 -3 5 1 2 -3 5 1 1 1 2 1 3 1 4 1 5 1 6 1 7 1 8 1 9 1 10 1 11 1 12 1 13 1 14 1 15 1 16 1 17 1 18 1 19 1 20 1 21 1 22 1 23 1 24 1 25 1 26 1 28 1
constant_periodic_d24_remove_end_alias P 24 27 28 1 2 -3 5 1 2 -3 5 1 2 -3 5 1 2 -3 5 1 2 -3 5 1 2 -3 5 1 2 -3 5 1 2 -3 5 1 2 -3 5 1 2 -3 5 1 2 -3 5 1 2 -3 5 1 2 -3 5 1 2 -3 5 1 2 -3 5 1 2 -3 5 1 2 -3 5 1 2 -3 5 1 2 -3 5 1 2 -3 5 1 2 -3 5 1 2 -3 5 1 2 -3 5 1 2 -3 5 1 2 -3 5 1 2 -3 5 1 2 -3 5 1 0 1 1 1 2 1 3 1 4 1 5 1 6 1 7 1 8 1 9 1 10 1 11 1 12 1 13 1 14 1 15 1 16 1 17 1 18 1 19 1 20 1 21 1 22 1 23 1 24 1 25 1 26 1 27 1 R 27 0 | constant_periodic_d24_remove_end_alias R 1 1 24 1 26 27 1 28 2 -3 5 1 2 -3 5 1 2 -3 5 1 2 -3 5 1 2 -3 5 1 2 -3 5 1 2 -3 5 1 2 -3 5 1 2 -3 5 1 2 -3 5 1 2 -3 5 1 2 -3 5 1 2 -3 5 1 2 -3 5 1 2 -3 5 1 2 -3 5 1 2 -3 5 1 2 -3 5 1 2 -3 5 1 2 -3 5 1 2 -3 5 1 2 -3 5 1 2 -3 5 1 2 -3 5 1 2 -3 5 1 2 -3 5 1 1 1 2 1 3 1 4 1 5 1 6 1 7 1 8 1 9 1 10 1 11 1 12 1 13 1 14 1 15 1 16 1 17 1 18 1 19 1 20 1 21 1 22 1 23 1 24 1 25 1 26 1 28 1
unclamped_nonuniform_d25_identity S 25 101 7 0 -2 -6 -5 0.5 -1 -5 2 1 0 -2 -2 1.5 1 3 5 0.5 2 -3 1 1 3 6 -3 1.5 4 4 4 0.5 5 4 0 1 6 6 -4 1.5 7 -3 3 0.5 8 3 -1 1 9 -2 -5 1.5 10 -5 2 0.5 11 -6 -2 1 12 -5 5 1.5 13 -2 1 0.5 14 3 -3 1 15 -3 4 1.5 16 6 0 0.5 17 4 -4 1 18 4 3 1.5 19 6 -1 0.5 20 -3 -5 1 21 3 2 1.5 22 -2 -2 0.5 23 -5 5 1 24 -6 1 1.5 25 -5 -3 0.5 26 -2 4 1 27 3 0 1.5 28 -3 -4 0.5 29 6 3 1 30 4 -1 1.5 31 4 -5 0.5 32 6 2 1 33 -3 -2 1.5 34 3 5 0.5 35 -2 1 1 36 -5 -3 1.5 37 -6 4 0.5 38 -5 0 1 39 -2 -4 1.5 40 3 3 0.5 41 -3 -1 1 42 6 -5 1.5 43 4 2 0.5 44 4 -2 1 45 6 5 1.5 46 -3 1 0.5 47 3 -3 1 48 -2 4 1.5 49 -5 0 0.5 50 -6 -4 1 51 -5 3 1.5 52 -2 -1 0.5 53 3 -5 1 54 -3 2 1.5 55 6 -2 0.5 56 4 5 1 57 4 1 1.5 58 6 -3 0.5 59 -3 4 1 60 3 0 1.5 61 -2 -4 0.5 62 -5 3 1 63 -6 -1 1.5 64 -5 -5 0.5 65 -2 2 1 66 3 -2 1.5 67 -3 5 0.5 68 6 1 1 69 4 -3 1.5 70 4 4 0.5 71 6 0 1 72 -3 -4 1.5 73 3 3 0.5 74 -2 -1 1 75 -5 -5 1.5 76 -6 2 0.5 77 -5 -2 1 78 -2 5 1.5 79 3 1 0.5 80 -3 -3 1 81 6 4 1.5 82 4 0 0.5 83 4 -4 1 84 6 3 1.5 85 -3 -1 0.5 86 3 -5 1 87 -2 2 1.5 88 -5 -2 0.5 89 -6 5 1 90 -5 1 1.5 91 -2 -3 0.5 92 3 4 1 93 -3 0 1.5 94 6 -4 0.5 95 4 3 1 96 4 -1 1.5 97 6 -5 0.5 98 -3 2 1 -2 25 -1 25 0 1 1 25 2 1 3 25 4 25 | unclamped_nonuniform_d25_identity R 0 25 0 101 7 -1 3 -1 -3 -5/2 1/2 -1 -5 2 1 0 -3 -3 3/2 1/2 3/2 5/2 1/2 2 -3 1 1 9/2 9 -9/2 3/2 2 2 2 1/2 5 4 0 1 9 9 -6 3/2 7/2 -3/2 3/2 1/2 8 3 -1 1 27/2 -3 -15/2 3/2 5 -5/2 1 1/2 11 -6 -2 1 18 -15/2 15/2 3/2 13/2 -1 1/2 1/2 14 3 -3 1 45/2 -9/2 6 3/2 8 3 0 1/2 17 4 -4 1 27 6 9/2 3/2 19/2 3 -1/2 1/2 20 -3 -5 1 63/2 9/2 3 3/2 11 -1 -1 1/2 23 -5 5 1 36 -9 3/2 3/2 25/2 -5/2 -3/2 1/2 26 -2 4 1 81/2 9/2 0 3/2 14 -3/2 -2 1/2 29 6 3 1 45 6 -3/2 3/2 31/2 2 -5/2 1/2 32 6 2 1 99/2 -9/2 -3 3/2 17 3/2 5/2 1/2 35 -2 1 1 54 -15/2 -9/2 3/2 37/2 -3 2 1/2 38 -5 0 1 117/2 -3 -6 3/2 20 3/2 3/2 1/2 41 -3 -1 1 63 9 -15/2 3/2 43/2 2 1 1/2 44 4 -2 1 135/2 9 15/2 3/2 23 -3/2 1/2 1/2 47 3 -3 1 72 -3 6 3/2 49/2 -5/2 0 1/2 50 -6 -4 1 153/2 -15/2 9/2 3/2 26 -1 -1/2 1/2 53 3 -5 1 81 -9/2 3 3/2 55/2 3 -1 1/2 56 4 5 1 171/2 6 3/2 3/2 29 3 -3/2 1/2 59 -3 4 1 90 9/2 0 3/2 61/2 -1 -2 1/2 62 -5 3 1 189/2 -9 -3/2 3/2 32 -5/2 -5/2 1/2 65 -2 2 1 99 9/2 -3 3/2 67/2 -3/2 5/2 1/2 68 6 1 1 207/2 6 -9/2 3/2 35 2 2 1/2 71 6 0 1 108 -9/2 -6 3/2 73/2 3/2 3/2 1/2 74 -2 -1 1 225/2 -15/2 -15/2 3/2 38 -3 1 1/2 77 -5 -2 1 117 -3 15/2 3/2 79/2 3/2 1/2 1/2 80 -3 -3 1 243/2 9 6 3/2 41 2 0 1/2 83 4 -4 1 126 9 9/2 3/2 85/2 -3/2 -1/2 1/2 86 3 -5 1 261/2 -3 3 3/2 44 -5/2 -1 1/2 89 -6 5 1 135 -15/2 3/2 3/2 91/2 -1 -3/2 1/2 92 3 4 1 279/2 -9/2 0 3/2 47 3 -2 1/2 95 4 3 1 144 6 -3/2 3/2 97/2 3 -5/2 1/2 98 -3 2 1 -2 25 -1 25 0 1 1 25 2 1 3 25 4 25
unclamped_nonuniform_d25_insert S 25 101 7 1 -2 -6 -5 0.5 -1 -5 2 1 0 -2 -2 1.5 1 3 5 0.5 2 -3 1 1 3 6 -3 1.5 4 4 4 0.5 5 4 0 1 6 6 -4 1.5 7 -3 3 0.5 8 3 -1 1 9 -2 -5 1.5 10 -5 2 0.5 11 -6 -2 1 12 -5 5 1.5 13 -2 1 0.5 14 3 -3 1 15 -3 4 1.5 16 6 0 0.5 17 4 -4 1 18 4 3 1.5 19 6 -1 0.5 20 -3 -5 1 21 3 2 1.5 22 -2 -2 0.5 23 -5 5 1 24 -6 1 1.5 25 -5 -3 0.5 26 -2 4 1 27 3 0 1.5 28 -3 -4 0.5 29 6 3 1 30 4 -1 1.5 31 4 -5 0.5 32 6 2 1 33 -3 -2 1.5 34 3 5 0.5 35 -2 1 1 36 -5 -3 1.5 37 -6 4 0.5 38 -5 0 1 39 -2 -4 1.5 40 3 3 0.5 41 -3 -1 1 42 6 -5 1.5 43 4 2 0.5 44 4 -2 1 45 6 5 1.5 46 -3 1 0.5 47 3 -3 1 48 -2 4 1.5 49 -5 0 0.5 50 -6 -4 1 51 -5 3 1.5 52 -2 -1 0.5 53 3 -5 1 54 -3 2 1.5 55 6 -2 0.5 56 4 5 1 57 4 1 1.5 58 6 -3 0.5 59 -3 4 1 60 3 0 1.5 61 -2 -4 0.5 62 -5 3 1 63 -6 -1 1.5 64 -5 -5 0.5 65 -2 2 1 66 3 -2 1.5 67 -3 5 0.5 68 6 1 1 69 4 -3 1.5 70 4 4 0.5 71 6 0 1 72 -3 -4 1.5 73 3 3 0.5 74 -2 -1 1 75 -5 -5 1.5 76 -6 2 0.5 77 -5 -2 1 78 -2 5 1.5 79 3 1 0.5 80 -3 -3 1 81 6 4 1.5 82 4 0 0.5 83 4 -4 1 84 6 3 1.5 85 -3 -1 0.5 86 3 -5 1 87 -2 2 1.5 88 -5 -2 0.5 89 -6 5 1 90 -5 1 1.5 91 -2 -3 0.5 92 3 4 1 93 -3 0 1.5 94 6 -4 0.5 95 4 3 1 96 4 -1 1.5 97 6 -5 0.5 98 -3 2 1 -2 25 -1 25 0 1 1 25 2 1 3 25 4 25 I -0.75 25 | unclamped_nonuniform_d25_insert R 1 1 25 0 126 8 -1 3 -1 -3 -5/2 1/2 -1 -5 2 1 0 -3 -3 3/2 1/2 3/2 5/2 1/2 2 -3 1 1 9/2 9 -9/2 3/2 2 2 2 1/2 5 4 0 1 9 9 -6 3/2 7/2 -3/2 3/2 1/2 8 3 -1 1 27/2 -3 -15/2 3/2 5 -5/2 1 1/2 11 -6 -2 1 18 -15/2 15/2 3/2 13/2 -1 1/2 1/2 14 3 -3 1 45/2 -9/2 6 3/2 8 3 0 1/2 17 4 -4 1 27 6 9/2 3/2 19/2 3 -1/2 1/2 20 -3 -5 1 63/2 9/2 3 3/2 11 -1 -1 1/2 14 -2 1/2 5/8 533/32 -23/8 97/64 47/64 9683/512 -1851/512 1111/512 423/512 85037/4096 -17291/4096 5241/2048 461/512 728339/32768 -154025/32768 11295/4096 31399/32768 6121609/262144 -331777/65536 739871/262144 262539/262144 12679999/524288 -2788827/524288 5864915/2097152 1082521/1048576 207847847/8388608 -91986369/16777216 45505163/16777216 17666129/16777216 3379248203/134217728 -373459949/67108864 348022267/134217728 142994295/134217728 27304260563/1073741824 -374262643/67108864 659098487/268435456 71903359/67108864 219651152513/8589934592 -23746895867/4294967296 9926013553/4294967296 9214836019/8589934592 1761591361177/68719476736 -373182322527/68719476736 74492414729/34359738368 73574815815/68719476736 7049667369449/274877906944 -2908142083221/549755813888 1116595529307/549755813888 293092929541/274877906944 7044428241781/274877906944 -22494008081787/4398046511104 8369976883239/4398046511104 4663945909397/4398046511104 900480504145511/35184372088832 -172793174641901/35184372088832 31410664069105/17592186044416 37081102670307/35184372088832 7193205083141585/281474976710656 -164846188977177/35184372088832 236234438822873/140737488355328 2302640486135/2199023255552 57471277595053631/2251799813685248 -2500578472623591/562949953421312 890557252061743/562949953421312 2342894562864223/2251799813685248 459360699476257849/18014398509481984 -75399115770764323/18014398509481984 13465201047452621/9007199254740992 18629731566633555/18014398509481984 459196815985397435/18014398509481984 -564873224771577841/144115188075855872 204143766955725151/144115188075855872 74102953466926369/72057594037927936 14697887867883755489/576460752303423488 -1051276917798657073/288230376151711744 775712642999390483/576460752303423488 1179692308281622889/1152921504606846976 235369316447884571507/9223372036854775808 -31095564084078460505/9223372036854775808 2954226266288698999/2305843009213693952 9395796253603002687/9223372036854775808 1885715938246736930063/73786976294838206464 -228290982167726690813/73786976294838206464 45088475246942127783/36893488147419103232 4679948414610613945/4611686018427387904 15116341539489530621981/590295810358705651712 -207842181287735184271/73786976294838206464 172292108318058655821/147573952589676412928 597091115919963101371/590295810358705651712 121237624198552226691337/4722366482869645213696 -12001963104162188329773/4722366482869645213696 5272325570150751585359/4722366482869645213696 4763806737443853676623/4722366482869645213696 486397798706835218476535/18889465931478580854784 -42866990745787322483461/18889465931478580854784 40358369840052692493635/37778931862957161709568 19012925949199664096845/18889465931478580854784 30671231527794634600631/1180591620717411303424 -3430550716650378747071/2361183241434822606848 8724416419148182981481/9444732965739290427392 147547054277128220843/147573952589676412928 31592827491051776088891/1180591620717411303424 456565949854781405071/1180591620717411303424 95401453190847007737/147573952589676412928 1174191180267680655173/1180591620717411303424 4116052350192818411281/147573952589676412928 17421778676908291451/9223372036854775808 59236617042894546823/147573952589676412928 148358224549019146293/147573952589676412928 529013230895884922015/18446744073709551616 6685082352815251965/2305843009213693952 246999595702234223/4611686018427387904 9252198556075903499/9223372036854775808 67380106180749810129/2305843009213693952 8230293684964194199/2305843009213693952 -481234428983677067/2305843009213693952 2280900284758949527/2305843009213693952 2201560180577104703/72057594037927936 547874991085246919/144115188075855872 -25182115508908111/72057594037927936 289789924612908645/288230376151711744 567987718114970417/18014398509481984 59180538881719433/18014398509481984 -10513059578659809/18014398509481984 2276719845878213/2251799813685248 142204902931563279/4503599627370496 8587246603838461/4503599627370496 -2582794689754705/4503599627370496 4420968207913889/4503599627370496 18617878183875295/562949953421312 112913551191647/281474976710656 -98519265128619/562949953421312 563285687890977/562949953421312 2440584354099461/70368744177664 -77064873805277/70368744177664 41458393757/35184372088832 36125683101719/35184372088832 297938689080441/8796093022208 -20470421770051/8796093022208 -315153060935/8796093022208 8569375705963/8796093022208 19336357647409/549755813888 -1778449223401/549755813888 -306130288799/1099511627776 1082092198833/1099511627776 1316657535535/34359738368 -156873511797/34359738368 -35999096663/34359738368 4523030131/4294967296 624831844563/17179869184 -18893070625/4294967296 -16189809551/17179869184 16736366285/17179869184 78010184941/2147483648 -3529924283/1073741824 -1798682185/2147483648 2029332573/2147483648 11416090955/268435456 -645597331/268435456 -584669805/268435456 146243987/134217728 1335832977/33554432 -2099609/4194304 -34919433/16777216 33505327/33554432 18719347/524288 2166489/2097152 -2167567/2097152 3640653/4194304 12303443/262144 41291/16384 -1692277/524288 36863/32768 3003591/65536 386707/65536 -58609/16384 70793/65536 265051/8192 12897/4096 1873/4096 6057/8192 51089/1024 5333/1024 53/64 575/512 7353/128 423/64 743/128 163/128 26 -15/16 1/16 9/16 47 3 -3 1 72 -3 6 3/2 49/2 -5/2 0 1/2 50 -6 -4 1 153/2 -15/2 9/2 3/2 26 -1 -1/2 1/2 53 3 -5 1 81 -9/2 3 3/2 55/2 3 -1 1/2 56 4 5 1 171/2 6 3/2 3/2 29 3 -3/2 1/2 59 -3 4 1 90 9/2 0 3/2 61/2 -1 -2 1/2 62 -5 3 1 189/2 -9 -3/2 3/2 32 -5/2 -5/2 1/2 65 -2 2 1 99 9/2 -3 3/2 67/2 -3/2 5/2 1/2 68 6 1 1 207/2 6 -9/2 3/2 35 2 2 1/2 71 6 0 1 108 -9/2 -6 3/2 73/2 3/2 3/2 1/2 74 -2 -1 1 225/2 -15/2 -15/2 3/2 38 -3 1 1/2 77 -5 -2 1 117 -3 15/2 3/2 79/2 3/2 1/2 1/2 80 -3 -3 1 243/2 9 6 3/2 41 2 0 1/2 83 4 -4 1 126 9 9/2 3/2 85/2 -3/2 -1/2 1/2 86 3 -5 1 261/2 -3 3 3/2 44 -5/2 -1 1/2 89 -6 5 1 135 -15/2 3/2 3/2 91/2 -1 -3/2 1/2 92 3 4 1 279/2 -9/2 0 3/2 47 3 -2 1/2 95 4 3 1 144 6 -3/2 3/2 97/2 3 -5/2 1/2 98 -3 2 1 -2 25 -1 25 -3/4 25 0 1 1 25 2 1 3 25 4 25
unclamped_nonuniform_d25_sequence S 25 101 7 4 -2 -6 -5 0.5 -1 -5 2 1 0 -2 -2 1.5 1 3 5 0.5 2 -3 1 1 3 6 -3 1.5 4 4 4 0.5 5 4 0 1 6 6 -4 1.5 7 -3 3 0.5 8 3 -1 1 9 -2 -5 1.5 10 -5 2 0.5 11 -6 -2 1 12 -5 5 1.5 13 -2 1 0.5 14 3 -3 1 15 -3 4 1.5 16 6 0 0.5 17 4 -4 1 18 4 3 1.5 19 6 -1 0.5 20 -3 -5 1 21 3 2 1.5 22 -2 -2 0.5 23 -5 5 1 24 -6 1 1.5 25 -5 -3 0.5 26 -2 4 1 27 3 0 1.5 28 -3 -4 0.5 29 6 3 1 30 4 -1 1.5 31 4 -5 0.5 32 6 2 1 33 -3 -2 1.5 34 3 5 0.5 35 -2 1 1 36 -5 -3 1.5 37 -6 4 0.5 38 -5 0 1 39 -2 -4 1.5 40 3 3 0.5 41 -3 -1 1 42 6 -5 1.5 43 4 2 0.5 44 4 -2 1 45 6 5 1.5 46 -3 1 0.5 47 3 -3 1 48 -2 4 1.5 49 -5 0 0.5 50 -6 -4 1 51 -5 3 1.5 52 -2 -1 0.5 53 3 -5 1 54 -3 2 1.5 55 6 -2 0.5 56 4 5 1 57 4 1 1.5 58 6 -3 0.5 59 -3 4 1 60 3 0 1.5 61 -2 -4 0.5 62 -5 3 1 63 -6 -1 1.5 64 -5 -5 0.5 65 -2 2 1 66 3 -2 1.5 67 -3 5 0.5 68 6 1 1 69 4 -3 1.5 70 4 4 0.5 71 6 0 1 72 -3 -4 1.5 73 3 3 0.5 74 -2 -1 1 75 -5 -5 1.5 76 -6 2 0.5 77 -5 -2 1 78 -2 5 1.5 79 3 1 0.5 80 -3 -3 1 81 6 4 1.5 82 4 0 0.5 83 4 -4 1 84 6 3 1.5 85 -3 -1 0.5 86 3 -5 1 87 -2 2 1.5 88 -5 -2 0.5 89 -6 5 1 90 -5 1 1.5 91 -2 -3 0.5 92 3 4 1 93 -3 0 1.5 94 6 -4 0.5 95 4 3 1 96 4 -1 1.5 97 6 -5 0.5 98 -3 2 1 -2 25 -1 25 0 1 1 25 2 1 3 25 4 25 I -0.25 1 I -0.75 25 I -0.25 25 I -0.75 1 | unclamped_nonuniform_d25_sequence R 4 1 1 1 1 25 0 151 9 -1 3 -1 -3 -5/2 1/2 -1 -5 2 1 0 -3 -3 3/2 1/2 3/2 5/2 1/2 2 -3 1 1 9/2 9 -9/2 3/2 2 2 2 1/2 5 4 0 1 9 9 -6 3/2 7/2 -3/2 3/2 1/2 8 3 -1 1 27/2 -3 -15/2 3/2 5 -5/2 1 1/2 11 -6 -2 1 18 -15/2 15/2 3/2 13/2 -1 1/2 1/2 14 3 -3 1 45/2 -9/2 6 3/2 8 3 0 1/2 17 4 -4 1 27 6 9/2 3/2 19/2 3 -1/2 1/2 20 -3 -5 1 63/2 9/2 3 3/2 11 -1 -1 1/2 14 -2 1/2 5/8 533/32 -23/8 97/64 47/64 9683/512 -1851/512 1111/512 423/512 85037/4096 -17291/4096 5241/2048 461/512 728339/32768 -154025/32768 11295/4096 31399/32768 6121609/262144 -331777/65536 739871/262144 262539/262144 12679999/524288 -2788827/524288 5864915/2097152 1082521/1048576 207847847/8388608 -91986369/16777216 45505163/16777216 17666129/16777216 3379248203/134217728 -373459949/67108864 348022267/134217728 142994295/134217728 27304260563/1073741824 -374262643/67108864 659098487/268435456 71903359/67108864 219651152513/8589934592 -23746895867/4294967296 9926013553/4294967296 9214836019/8589934592 1761591361177/68719476736 -373182322527/68719476736 74492414729/34359738368 73574815815/68719476736 7049667369449/274877906944 -2908142083221/549755813888 1116595529307/549755813888 293092929541/274877906944 7044428241781/274877906944 -22494008081787/4398046511104 8369976883239/4398046511104 4663945909397/4398046511104 900480504145511/35184372088832 -172793174641901/35184372088832 31410664069105/17592186044416 37081102670307/35184372088832 7193205083141585/281474976710656 -164846188977177/35184372088832 236234438822873/140737488355328 2302640486135/2199023255552 57471277595053631/2251799813685248 -2500578472623591/562949953421312 890557252061743/562949953421312 2342894562864223/2251799813685248 459360699476257849/18014398509481984 -75399115770764323/18014398509481984 13465201047452621/9007199254740992 18629731566633555/18014398509481984 459196815985397435/18014398509481984 -564873224771577841/144115188075855872 204143766955725151/144115188075855872 74102953466926369/72057594037927936 14697887867883755489/576460752303423488 -1051276917798657073/288230376151711744 775712642999390483/576460752303423488 1179692308281622889/1152921504606846976 235369316447884571507/9223372036854775808 -31095564084078460505/9223372036854775808 2954226266288698999/2305843009213693952 9395796253603002687/9223372036854775808 1885715938246736930063/73786976294838206464 -228290982167726690813/73786976294838206464 45088475246942127783/36893488147419103232 4679948414610613945/4611686018427387904 15116341539489530621981/590295810358705651712 -207842181287735184271/73786976294838206464 172292108318058655821/147573952589676412928 597091115919963101371/590295810358705651712 121237624198552226691337/4722366482869645213696 -12001963104162188329773/4722366482869645213696 5272325570150751585359/4722366482869645213696 4763806737443853676623/4722366482869645213696 486397798706835218476535/18889465931478580854784 -42866990745787322483461/18889465931478580854784 40358369840052692493635/37778931862957161709568 19012925949199664096845/18889465931478580854784 489292402532087841898909/18889465931478580854784 -32585267404064460812199/18889465931478580854784 36717900397746052115161/37778931862957161709568 18928323948048162877551/18889465931478580854784 493065943885670004718207/18889465931478580854784 -22539081350941691215549/18889465931478580854784 33509192743694143808955/37778931862957161709568 18881272983247277369189/18889465931478580854784 497492950159891977290741/18889465931478580854784 -12918330905488223278991/18889465931478580854784 30510620412576673701057/37778931862957161709568 18863161230355431493879/18889465931478580854784 502293971668639340329927/18889465931478580854784 -3831651052278994093237/18889465931478580854784 27569013053726565575923/37778931862957161709568 18862629811004190969021/18889465931478580854784 507238501081518747804301/18889465931478580854784 4665089090575098928073/18889465931478580854784 24608288825612098070249/37778931862957161709568 18869927681495828664383/18889465931478580854784 512182417151900190895055/18889465931478580854784 12545974366848416150803/18889465931478580854784 21609515596144934209771/37778931862957161709568 18878619368089035949141/18889465931478580854784 517061462337562906426213/18889465931478580854784 19798176250161856485473/18889465931478580854784 18586620554198093828945/37778931862957161709568 18885491665780587907143/18889465931478580854784 521865680317291016746135/18889465931478580854784 26410694066495602419867/18889465931478580854784 15567872489079980504995/37778931862957161709568 18889638972201808563245/18889465931478580854784 526612344820861833231485/18889465931478580854784 32368214815030720502841/18889465931478580854784 12585235876381675895801/37778931862957161709568 18891423749965920699151/18889465931478580854784 531325947029032429498399/18889465931478580854784 37649230689504670547939/18889465931478580854784 9669981595329285531419/37778931862957161709568 18891666183900358832709/18889465931478580854784 536027120907156976575445/18889465931478580854784 42227251546692630508881/18889465931478580854784 6851915300357883038433/37778931862957161709568 18891159341656868551319/18889465931478580854784 540728783571889408583783/18889465931478580854784 46073875278324363515115/18889465931478580854784 4159932527413129442643/37778931862957161709568 18890462828428493558941/18889465931478580854784 545436633701409628192621/18889465931478580854784 49162612173696723337641/18889465931478580854784 1622436468091318745609/37778931862957161709568 18889876869604706048223/18889465931478580854784 550151464726701149640559/18889465931478580854784 51472612028213303161267/18889465931478580854784 -733033652167794872245/37778931862957161709568 18889503279370743406901/18889465931478580854784 554871625325137637371205/18889465931478580854784 52991731333491595521857/18889465931478580854784 -2881022776631742753935/37778931862957161709568 18889327782685870143463/18889465931478580854784 559594835104080341641015/18889465931478580854784 53718646252386780975163/18889465931478580854784 -4799948956281671019005/37778931862957161709568 18889288791036269368845/18889465931478580854784 564319185536734497004381/18889465931478580854784 53663935474393026821145/18889465931478580854784 -6474052488045056069351/37778931862957161709568 18889320996791798047151/18889465931478580854784 569043484910038654153151/18889465931478580854784 52850214317294688180867/18889465931478580854784 -7895111878866531085189/37778931862957161709568 18889375674158555611429/18889465931478580854784 573767207999791046231989/18889465931478580854784 51311498099772398892593/18889465931478580854784 -9063629781780752155391/37778931862957161709568 18889425022023673647159/18889465931478580854784 578490281846026651959559/18889465931478580854784 49092016292376054966923/18889465931478580854784 -9989321124415311918669/37778931862957161709568 18889458243489408270461/18889465931478580854784 583212859110640858988621/18889465931478580854784 46244700503520616676233/18889465931478580854784 -10690863497954348273367/37778931862957161709568 18889475068228071419263/18889465931478580854784 587935150904994777042703/18889465931478580854784 42829541752842212231763/18889465931478580854784 -11194975876373531622485/37778931862957161709568 18889479952624704176661/18889465931478580854784 592657334436510600241957/18889465931478580854784 38911968248381589486113/18889465931478580854784 -11534965795663413962863/37778931862957161709568 18889478197968596603783/18889465931478580854784 597379520929459961775575/18889465931478580854784 34561344909009456247771/18889465931478580854784 -11748925048974558936989/37778931862957161709568 18889473999448954225645/18889465931478580854784 602101759972550391963197/18889465931478580854784 29849648538397267095545/18889465931478580854784 -11877763026646447371719/37778931862957161709568 18889469892762508905551/18889465931478580854784 37778929968380975441063/1180591620717411303424 3436725044136396564929/2361183241434822606848 -2985545503870597897271/9444732965739290427392 147573967495463173793/147573952589676412928 38516783924343626146473/1180591620717411303424 953951133594414359157/1180591620717411303424 -47491700644972820319/147573952589676412928 1180591105468416829239/1180591620717411303424 4906833511624946413801/147573952589676412928 488699701246598179/9223372036854775808 -46755478854723502449/147573952589676412928 147573875262342351373/147573952589676412928 624884387583292561037/18446744073709551616 -1727080101026526559/2305843009213693952 -1469480637532192247/4611686018427387904 9223383561108997193/9223372036854775808 79551670355429588769/2305843009213693952 -3535507719819088569/2305843009213693952 -799346711267150331/2305843009213693952 2305848292152773127/2305843009213693952 2531011781895668957/72057594037927936 -322467922873888419/144115188075855872 -30039740914660493/72057594037927936 288229441121745239/288230376151711744 644010865092752393/18014398509481984 -50543395018852863/18014398509481984 -9659097159031257/18014398509481984 2251779359839703/2251799813685248 163820360380840557/4503599627370496 -14357078064181977/4503599627370496 -3149244501991443/4503599627370496 4503631615183011/4503599627370496 20829701376160159/562949953421312 -940115649838177/281474976710656 -501699452630891/562949953421312 562968861281377/562949953421312 2647555558052183/70368744177664 -227072040251583/70368744177664 -38531155721321/35184372088832 35184027879557/35184372088832 336415764325521/8796093022208 -24920295023691/8796093022208 -11437708520079/8796093022208 8795061639123/8796093022208 21372490400851/549755813888 -1195326178491/549755813888 -1653224235773/1099511627776 1099493577011/1099511627776 1357710145231/34359738368 -44643515941/34359738368 -58461550519/34359738368 4296633961/4294967296 689391398913/17179869184 -1181320707/4294967296 -32295076437/17179869184 17183626239/17179869184 87403363381/2147483648 895444797/1073741824 -4330510769/2147483648 2144874373/2147483648 11097016097/268435456 527030263/268435456 -562550103/268435456 134050193/134217728 1414528689/33554432 12681447/4194304 -34913193/16777216 33674127/33554432 22454221/524288 8163651/2097152 -3795741/2097152 4218239/4194304 11220683/262144 2271/512 -517709/524288 32453/32768 2814117/65536 300633/65536 7173/16384 64011/65536 373579/8192 18833/4096 7777/4096 8377/8192 50123/1024 4807/1024 89/32 557/512 5601/128 207/64 351/128 123/128 32 3/16 -13/16 11/16 47 3 -3 1 72 -3 6 3/2 49/2 -5/2 0 1/2 50 -6 -4 1 153/2 -15/2 9/2 3/2 26 -1 -1/2 1/2 53 3 -5 1 81 -9/2 3 3/2 55/2 3 -1 1/2 56 4 5 1 171/2 6 3/2 3/2 29 3 -3/2 1/2 59 -3 4 1 90 9/2 0 3/2 61/2 -1 -2 1/2 62 -5 3 1 189/2 -9 -3/2 3/2 32 -5/2 -5/2 1/2 65 -2 2 1 99 9/2 -3 3/2 67/2 -3/2 5/2 1/2 68 6 1 1 207/2 6 -9/2 3/2 35 2 2 1/2 71 6 0 1 108 -9/2 -6 3/2 73/2 3/2 3/2 1/2 74 -2 -1 1 225/2 -15/2 -15/2 3/2 38 -3 1 1/2 77 -5 -2 1 117 -3 15/2 3/2 79/2 3/2 1/2 1/2 80 -3 -3 1 243/2 9 6 3/2 41 2 0 1/2 83 4 -4 1 126 9 9/2 3/2 85/2 -3/2 -1/2 1/2 86 3 -5 1 261/2 -3 3 3/2 44 -5/2 -1 1/2 89 -6 5 1 135 -15/2 3/2 3/2 91/2 -1 -3/2 1/2 92 3 4 1 279/2 -9/2 0 3/2 47 3 -2 1/2 95 4 3 1 144 6 -3/2 3/2 97/2 3 -5/2 1/2 98 -3 2 1 -2 25 -1 25 -3/4 25 -1/4 25 0 1 1 25 2 1 3 25 4 25
unclamped_nonuniform_d25_roundtrip S 25 101 7 2 -2 -6 -5 0.5 -1 -5 2 1 0 -2 -2 1.5 1 3 5 0.5 2 -3 1 1 3 6 -3 1.5 4 4 4 0.5 5 4 0 1 6 6 -4 1.5 7 -3 3 0.5 8 3 -1 1 9 -2 -5 1.5 10 -5 2 0.5 11 -6 -2 1 12 -5 5 1.5 13 -2 1 0.5 14 3 -3 1 15 -3 4 1.5 16 6 0 0.5 17 4 -4 1 18 4 3 1.5 19 6 -1 0.5 20 -3 -5 1 21 3 2 1.5 22 -2 -2 0.5 23 -5 5 1 24 -6 1 1.5 25 -5 -3 0.5 26 -2 4 1 27 3 0 1.5 28 -3 -4 0.5 29 6 3 1 30 4 -1 1.5 31 4 -5 0.5 32 6 2 1 33 -3 -2 1.5 34 3 5 0.5 35 -2 1 1 36 -5 -3 1.5 37 -6 4 0.5 38 -5 0 1 39 -2 -4 1.5 40 3 3 0.5 41 -3 -1 1 42 6 -5 1.5 43 4 2 0.5 44 4 -2 1 45 6 5 1.5 46 -3 1 0.5 47 3 -3 1 48 -2 4 1.5 49 -5 0 0.5 50 -6 -4 1 51 -5 3 1.5 52 -2 -1 0.5 53 3 -5 1 54 -3 2 1.5 55 6 -2 0.5 56 4 5 1 57 4 1 1.5 58 6 -3 0.5 59 -3 4 1 60 3 0 1.5 61 -2 -4 0.5 62 -5 3 1 63 -6 -1 1.5 64 -5 -5 0.5 65 -2 2 1 66 3 -2 1.5 67 -3 5 0.5 68 6 1 1 69 4 -3 1.5 70 4 4 0.5 71 6 0 1 72 -3 -4 1.5 73 3 3 0.5 74 -2 -1 1 75 -5 -5 1.5 76 -6 2 0.5 77 -5 -2 1 78 -2 5 1.5 79 3 1 0.5 80 -3 -3 1 81 6 4 1.5 82 4 0 0.5 83 4 -4 1 84 6 3 1.5 85 -3 -1 0.5 86 3 -5 1 87 -2 2 1.5 88 -5 -2 0.5 89 -6 5 1 90 -5 1 1.5 91 -2 -3 0.5 92 3 4 1 93 -3 0 1.5 94 6 -4 0.5 95 4 3 1 96 4 -1 1.5 97 6 -5 0.5 98 -3 2 1 -2 25 -1 25 0 1 1 25 2 1 3 25 4 25 I -0.75 1 R -0.75 0 | unclamped_nonuniform_d25_roundtrip R 2 1 1 25 0 101 7 -1 3 -1 -3 -5/2 1/2 -1 -5 2 1 0 -3 -3 3/2 1/2 3/2 5/2 1/2 2 -3 1 1 9/2 9 -9/2 3/2 2 2 2 1/2 5 4 0 1 9 9 -6 3/2 7/2 -3/2 3/2 1/2 8 3 -1 1 27/2 -3 -15/2 3/2 5 -5/2 1 1/2 11 -6 -2 1 18 -15/2 15/2 3/2 13/2 -1 1/2 1/2 14 3 -3 1 45/2 -9/2 6 3/2 8 3 0 1/2 17 4 -4 1 27 6 9/2 3/2 19/2 3 -1/2 1/2 20 -3 -5 1 63/2 9/2 3 3/2 11 -1 -1 1/2 23 -5 5 1 36 -9 3/2 3/2 25/2 -5/2 -3/2 1/2 26 -2 4 1 81/2 9/2 0 3/2 14 -3/2 -2 1/2 29 6 3 1 45 6 -3/2 3/2 31/2 2 -5/2 1/2 32 6 2 1 99/2 -9/2 -3 3/2 17 3/2 5/2 1/2 35 -2 1 1 54 -15/2 -9/2 3/2 37/2 -3 2 1/2 38 -5 0 1 117/2 -3 -6 3/2 20 3/2 3/2 1/2 41 -3 -1 1 63 9 -15/2 3/2 43/2 2 1 1/2 44 4 -2 1 135/2 9 15/2 3/2 23 -3/2 1/2 1/2 47 3 -3 1 72 -3 6 3/2 49/2 -5/2 0 1/2 50 -6 -4 1 153/2 -15/2 9/2 3/2 26 -1 -1/2 1/2 53 3 -5 1 81 -9/2 3 3/2 55/2 3 -1 1/2 56 4 5 1 171/2 6 3/2 3/2 29 3 -3/2 1/2 59 -3 4 1 90 9/2 0 3/2 61/2 -1 -2 1/2 62 -5 3 1 189/2 -9 -3/2 3/2 32 -5/2 -5/2 1/2 65 -2 2 1 99 9/2 -3 3/2 67/2 -3/2 5/2 1/2 68 6 1 1 207/2 6 -9/2 3/2 35 2 2 1/2 71 6 0 1 108 -9/2 -6 3/2 73/2 3/2 3/2 1/2 74 -2 -1 1 225/2 -15/2 -15/2 3/2 38 -3 1 1/2 77 -5 -2 1 117 -3 15/2 3/2 79/2 3/2 1/2 1/2 80 -3 -3 1 243/2 9 6 3/2 41 2 0 1/2 83 4 -4 1 126 9 9/2 3/2 85/2 -3/2 -1/2 1/2 86 3 -5 1 261/2 -3 3 3/2 44 -5/2 -1 1/2 89 -6 5 1 135 -15/2 3/2 3/2 91/2 -1 -3/2 1/2 92 3 4 1 279/2 -9/2 0 3/2 47 3 -2 1/2 95 4 3 1 144 6 -3/2 3/2 97/2 3 -5/2 1/2 98 -3 2 1 -2 25 -1 25 0 1 1 25 2 1 3 25 4 25
unclamped_nonuniform_d25_full_roundtrip S 25 101 7 2 -2 -6 -5 0.5 -1 -5 2 1 0 -2 -2 1.5 1 3 5 0.5 2 -3 1 1 3 6 -3 1.5 4 4 4 0.5 5 4 0 1 6 6 -4 1.5 7 -3 3 0.5 8 3 -1 1 9 -2 -5 1.5 10 -5 2 0.5 11 -6 -2 1 12 -5 5 1.5 13 -2 1 0.5 14 3 -3 1 15 -3 4 1.5 16 6 0 0.5 17 4 -4 1 18 4 3 1.5 19 6 -1 0.5 20 -3 -5 1 21 3 2 1.5 22 -2 -2 0.5 23 -5 5 1 24 -6 1 1.5 25 -5 -3 0.5 26 -2 4 1 27 3 0 1.5 28 -3 -4 0.5 29 6 3 1 30 4 -1 1.5 31 4 -5 0.5 32 6 2 1 33 -3 -2 1.5 34 3 5 0.5 35 -2 1 1 36 -5 -3 1.5 37 -6 4 0.5 38 -5 0 1 39 -2 -4 1.5 40 3 3 0.5 41 -3 -1 1 42 6 -5 1.5 43 4 2 0.5 44 4 -2 1 45 6 5 1.5 46 -3 1 0.5 47 3 -3 1 48 -2 4 1.5 49 -5 0 0.5 50 -6 -4 1 51 -5 3 1.5 52 -2 -1 0.5 53 3 -5 1 54 -3 2 1.5 55 6 -2 0.5 56 4 5 1 57 4 1 1.5 58 6 -3 0.5 59 -3 4 1 60 3 0 1.5 61 -2 -4 0.5 62 -5 3 1 63 -6 -1 1.5 64 -5 -5 0.5 65 -2 2 1 66 3 -2 1.5 67 -3 5 0.5 68 6 1 1 69 4 -3 1.5 70 4 4 0.5 71 6 0 1 72 -3 -4 1.5 73 3 3 0.5 74 -2 -1 1 75 -5 -5 1.5 76 -6 2 0.5 77 -5 -2 1 78 -2 5 1.5 79 3 1 0.5 80 -3 -3 1 81 6 4 1.5 82 4 0 0.5 83 4 -4 1 84 6 3 1.5 85 -3 -1 0.5 86 3 -5 1 87 -2 2 1.5 88 -5 -2 0.5 89 -6 5 1 90 -5 1 1.5 91 -2 -3 0.5 92 3 4 1 93 -3 0 1.5 94 6 -4 0.5 95 4 3 1 96 4 -1 1.5 97 6 -5 0.5 98 -3 2 1 -2 25 -1 25 0 1 1 25 2 1 3 25 4 25 I -0.75 25 R -0.75 0 | unclamped_nonuniform_d25_full_roundtrip R 2 1 1 25 0 101 7 -1 3 -1 -3 -5/2 1/2 -1 -5 2 1 0 -3 -3 3/2 1/2 3/2 5/2 1/2 2 -3 1 1 9/2 9 -9/2 3/2 2 2 2 1/2 5 4 0 1 9 9 -6 3/2 7/2 -3/2 3/2 1/2 8 3 -1 1 27/2 -3 -15/2 3/2 5 -5/2 1 1/2 11 -6 -2 1 18 -15/2 15/2 3/2 13/2 -1 1/2 1/2 14 3 -3 1 45/2 -9/2 6 3/2 8 3 0 1/2 17 4 -4 1 27 6 9/2 3/2 19/2 3 -1/2 1/2 20 -3 -5 1 63/2 9/2 3 3/2 11 -1 -1 1/2 23 -5 5 1 36 -9 3/2 3/2 25/2 -5/2 -3/2 1/2 26 -2 4 1 81/2 9/2 0 3/2 14 -3/2 -2 1/2 29 6 3 1 45 6 -3/2 3/2 31/2 2 -5/2 1/2 32 6 2 1 99/2 -9/2 -3 3/2 17 3/2 5/2 1/2 35 -2 1 1 54 -15/2 -9/2 3/2 37/2 -3 2 1/2 38 -5 0 1 117/2 -3 -6 3/2 20 3/2 3/2 1/2 41 -3 -1 1 63 9 -15/2 3/2 43/2 2 1 1/2 44 4 -2 1 135/2 9 15/2 3/2 23 -3/2 1/2 1/2 47 3 -3 1 72 -3 6 3/2 49/2 -5/2 0 1/2 50 -6 -4 1 153/2 -15/2 9/2 3/2 26 -1 -1/2 1/2 53 3 -5 1 81 -9/2 3 3/2 55/2 3 -1 1/2 56 4 5 1 171/2 6 3/2 3/2 29 3 -3/2 1/2 59 -3 4 1 90 9/2 0 3/2 61/2 -1 -2 1/2 62 -5 3 1 189/2 -9 -3/2 3/2 32 -5/2 -5/2 1/2 65 -2 2 1 99 9/2 -3 3/2 67/2 -3/2 5/2 1/2 68 6 1 1 207/2 6 -9/2 3/2 35 2 2 1/2 71 6 0 1 108 -9/2 -6 3/2 73/2 3/2 3/2 1/2 74 -2 -1 1 225/2 -15/2 -15/2 3/2 38 -3 1 1/2 77 -5 -2 1 117 -3 15/2 3/2 79/2 3/2 1/2 1/2 80 -3 -3 1 243/2 9 6 3/2 41 2 0 1/2 83 4 -4 1 126 9 9/2 3/2 85/2 -3/2 -1/2 1/2 86 3 -5 1 261/2 -3 3 3/2 44 -5/2 -1 1/2 89 -6 5 1 135 -15/2 3/2 3/2 91/2 -1 -3/2 1/2 92 3 4 1 279/2 -9/2 0 3/2 47 3 -2 1/2 95 4 3 1 144 6 -3/2 3/2 97/2 3 -5/2 1/2 98 -3 2 1 -2 25 -1 25 0 1 1 25 2 1 3 25 4 25
unclamped_nonuniform_d25_remove_existing S 25 101 7 1 -2 -6 -5 0.5 -1 -5 2 1 0 -2 -2 1.5 1 3 5 0.5 2 -3 1 1 3 6 -3 1.5 4 4 4 0.5 5 4 0 1 6 6 -4 1.5 7 -3 3 0.5 8 3 -1 1 9 -2 -5 1.5 10 -5 2 0.5 11 -6 -2 1 12 -5 5 1.5 13 -2 1 0.5 14 3 -3 1 15 -3 4 1.5 16 6 0 0.5 17 4 -4 1 18 4 3 1.5 19 6 -1 0.5 20 -3 -5 1 21 3 2 1.5 22 -2 -2 0.5 23 -5 5 1 24 -6 1 1.5 25 -5 -3 0.5 26 -2 4 1 27 3 0 1.5 28 -3 -4 0.5 29 6 3 1 30 4 -1 1.5 31 4 -5 0.5 32 6 2 1 33 -3 -2 1.5 34 3 5 0.5 35 -2 1 1 36 -5 -3 1.5 37 -6 4 0.5 38 -5 0 1 39 -2 -4 1.5 40 3 3 0.5 41 -3 -1 1 42 6 -5 1.5 43 4 2 0.5 44 4 -2 1 45 6 5 1.5 46 -3 1 0.5 47 3 -3 1 48 -2 4 1.5 49 -5 0 0.5 50 -6 -4 1 51 -5 3 1.5 52 -2 -1 0.5 53 3 -5 1 54 -3 2 1.5 55 6 -2 0.5 56 4 5 1 57 4 1 1.5 58 6 -3 0.5 59 -3 4 1 60 3 0 1.5 61 -2 -4 0.5 62 -5 3 1 63 -6 -1 1.5 64 -5 -5 0.5 65 -2 2 1 66 3 -2 1.5 67 -3 5 0.5 68 6 1 1 69 4 -3 1.5 70 4 4 0.5 71 6 0 1 72 -3 -4 1.5 73 3 3 0.5 74 -2 -1 1 75 -5 -5 1.5 76 -6 2 0.5 77 -5 -2 1 78 -2 5 1.5 79 3 1 0.5 80 -3 -3 1 81 6 4 1.5 82 4 0 0.5 83 4 -4 1 84 6 3 1.5 85 -3 -1 0.5 86 3 -5 1 87 -2 2 1.5 88 -5 -2 0.5 89 -6 5 1 90 -5 1 1.5 91 -2 -3 0.5 92 3 4 1 93 -3 0 1.5 94 6 -4 0.5 95 4 3 1 96 4 -1 1.5 97 6 -5 0.5 98 -3 2 1 -2 25 -1 25 0 1 1 25 2 1 3 25 4 25 R 0 0 | unclamped_nonuniform_d25_remove_existing R 1 0 25 0 101 7 -1 3 -1 -3 -5/2 1/2 -1 -5 2 1 0 -3 -3 3/2 1/2 3/2 5/2 1/2 2 -3 1 1 9/2 9 -9/2 3/2 2 2 2 1/2 5 4 0 1 9 9 -6 3/2 7/2 -3/2 3/2 1/2 8 3 -1 1 27/2 -3 -15/2 3/2 5 -5/2 1 1/2 11 -6 -2 1 18 -15/2 15/2 3/2 13/2 -1 1/2 1/2 14 3 -3 1 45/2 -9/2 6 3/2 8 3 0 1/2 17 4 -4 1 27 6 9/2 3/2 19/2 3 -1/2 1/2 20 -3 -5 1 63/2 9/2 3 3/2 11 -1 -1 1/2 23 -5 5 1 36 -9 3/2 3/2 25/2 -5/2 -3/2 1/2 26 -2 4 1 81/2 9/2 0 3/2 14 -3/2 -2 1/2 29 6 3 1 45 6 -3/2 3/2 31/2 2 -5/2 1/2 32 6 2 1 99/2 -9/2 -3 3/2 17 3/2 5/2 1/2 35 -2 1 1 54 -15/2 -9/2 3/2 37/2 -3 2 1/2 38 -5 0 1 117/2 -3 -6 3/2 20 3/2 3/2 1/2 41 -3 -1 1 63 9 -15/2 3/2 43/2 2 1 1/2 44 4 -2 1 135/2 9 15/2 3/2 23 -3/2 1/2 1/2 47 3 -3 1 72 -3 6 3/2 49/2 -5/2 0 1/2 50 -6 -4 1 153/2 -15/2 9/2 3/2 26 -1 -1/2 1/2 53 3 -5 1 81 -9/2 3 3/2 55/2 3 -1 1/2 56 4 5 1 171/2 6 3/2 3/2 29 3 -3/2 1/2 59 -3 4 1 90 9/2 0 3/2 61/2 -1 -2 1/2 62 -5 3 1 189/2 -9 -3/2 3/2 32 -5/2 -5/2 1/2 65 -2 2 1 99 9/2 -3 3/2 67/2 -3/2 5/2 1/2 68 6 1 1 207/2 6 -9/2 3/2 35 2 2 1/2 71 6 0 1 108 -9/2 -6 3/2 73/2 3/2 3/2 1/2 74 -2 -1 1 225/2 -15/2 -15/2 3/2 38 -3 1 1/2 77 -5 -2 1 117 -3 15/2 3/2 79/2 3/2 1/2 1/2 80 -3 -3 1 243/2 9 6 3/2 41 2 0 1/2 83 4 -4 1 126 9 9/2 3/2 85/2 -3/2 -1/2 1/2 86 3 -5 1 261/2 -3 3 3/2 44 -5/2 -1 1/2 89 -6 5 1 135 -15/2 3/2 3/2 91/2 -1 -3/2 1/2 92 3 4 1 279/2 -9/2 0 3/2 47 3 -2 1/2 95 4 3 1 144 6 -3/2 3/2 97/2 3 -5/2 1/2 98 -3 2 1 -2 25 -1 25 0 1 1 25 2 1 3 25 4 25
unclamped_nonuniform_d25_domain_ends S 25 101 7 2 -2 -6 -5 0.5 -1 -5 2 1 0 -2 -2 1.5 1 3 5 0.5 2 -3 1 1 3 6 -3 1.5 4 4 4 0.5 5 4 0 1 6 6 -4 1.5 7 -3 3 0.5 8 3 -1 1 9 -2 -5 1.5 10 -5 2 0.5 11 -6 -2 1 12 -5 5 1.5 13 -2 1 0.5 14 3 -3 1 15 -3 4 1.5 16 6 0 0.5 17 4 -4 1 18 4 3 1.5 19 6 -1 0.5 20 -3 -5 1 21 3 2 1.5 22 -2 -2 0.5 23 -5 5 1 24 -6 1 1.5 25 -5 -3 0.5 26 -2 4 1 27 3 0 1.5 28 -3 -4 0.5 29 6 3 1 30 4 -1 1.5 31 4 -5 0.5 32 6 2 1 33 -3 -2 1.5 34 3 5 0.5 35 -2 1 1 36 -5 -3 1.5 37 -6 4 0.5 38 -5 0 1 39 -2 -4 1.5 40 3 3 0.5 41 -3 -1 1 42 6 -5 1.5 43 4 2 0.5 44 4 -2 1 45 6 5 1.5 46 -3 1 0.5 47 3 -3 1 48 -2 4 1.5 49 -5 0 0.5 50 -6 -4 1 51 -5 3 1.5 52 -2 -1 0.5 53 3 -5 1 54 -3 2 1.5 55 6 -2 0.5 56 4 5 1 57 4 1 1.5 58 6 -3 0.5 59 -3 4 1 60 3 0 1.5 61 -2 -4 0.5 62 -5 3 1 63 -6 -1 1.5 64 -5 -5 0.5 65 -2 2 1 66 3 -2 1.5 67 -3 5 0.5 68 6 1 1 69 4 -3 1.5 70 4 4 0.5 71 6 0 1 72 -3 -4 1.5 73 3 3 0.5 74 -2 -1 1 75 -5 -5 1.5 76 -6 2 0.5 77 -5 -2 1 78 -2 5 1.5 79 3 1 0.5 80 -3 -3 1 81 6 4 1.5 82 4 0 0.5 83 4 -4 1 84 6 3 1.5 85 -3 -1 0.5 86 3 -5 1 87 -2 2 1.5 88 -5 -2 0.5 89 -6 5 1 90 -5 1 1.5 91 -2 -3 0.5 92 3 4 1 93 -3 0 1.5 94 6 -4 0.5 95 4 3 1 96 4 -1 1.5 97 6 -5 0.5 98 -3 2 1 -2 25 -1 25 0 1 1 25 2 1 3 25 4 25 I -1 25 I 3 25 | unclamped_nonuniform_d25_domain_ends R 2 1 1 25 0 101 7 -1 3 -1 -3 -5/2 1/2 -1 -5 2 1 0 -3 -3 3/2 1/2 3/2 5/2 1/2 2 -3 1 1 9/2 9 -9/2 3/2 2 2 2 1/2 5 4 0 1 9 9 -6 3/2 7/2 -3/2 3/2 1/2 8 3 -1 1 27/2 -3 -15/2 3/2 5 -5/2 1 1/2 11 -6 -2 1 18 -15/2 15/2 3/2 13/2 -1 1/2 1/2 14 3 -3 1 45/2 -9/2 6 3/2 8 3 0 1/2 17 4 -4 1 27 6 9/2 3/2 19/2 3 -1/2 1/2 20 -3 -5 1 63/2 9/2 3 3/2 11 -1 -1 1/2 23 -5 5 1 36 -9 3/2 3/2 25/2 -5/2 -3/2 1/2 26 -2 4 1 81/2 9/2 0 3/2 14 -3/2 -2 1/2 29 6 3 1 45 6 -3/2 3/2 31/2 2 -5/2 1/2 32 6 2 1 99/2 -9/2 -3 3/2 17 3/2 5/2 1/2 35 -2 1 1 54 -15/2 -9/2 3/2 37/2 -3 2 1/2 38 -5 0 1 117/2 -3 -6 3/2 20 3/2 3/2 1/2 41 -3 -1 1 63 9 -15/2 3/2 43/2 2 1 1/2 44 4 -2 1 135/2 9 15/2 3/2 23 -3/2 1/2 1/2 47 3 -3 1 72 -3 6 3/2 49/2 -5/2 0 1/2 50 -6 -4 1 153/2 -15/2 9/2 3/2 26 -1 -1/2 1/2 53 3 -5 1 81 -9/2 3 3/2 55/2 3 -1 1/2 56 4 5 1 171/2 6 3/2 3/2 29 3 -3/2 1/2 59 -3 4 1 90 9/2 0 3/2 61/2 -1 -2 1/2 62 -5 3 1 189/2 -9 -3/2 3/2 32 -5/2 -5/2 1/2 65 -2 2 1 99 9/2 -3 3/2 67/2 -3/2 5/2 1/2 68 6 1 1 207/2 6 -9/2 3/2 35 2 2 1/2 71 6 0 1 108 -9/2 -6 3/2 73/2 3/2 3/2 1/2 74 -2 -1 1 225/2 -15/2 -15/2 3/2 38 -3 1 1/2 77 -5 -2 1 117 -3 15/2 3/2 79/2 3/2 1/2 1/2 80 -3 -3 1 243/2 9 6 3/2 41 2 0 1/2 83 4 -4 1 126 9 9/2 3/2 85/2 -3/2 -1/2 1/2 86 3 -5 1 261/2 -3 3 3/2 44 -5/2 -1 1/2 89 -6 5 1 135 -15/2 3/2 3/2 91/2 -1 -3/2 1/2 92 3 4 1 279/2 -9/2 0 3/2 47 3 -2 1/2 95 4 3 1 144 6 -3/2 3/2 97/2 3 -5/2 1/2 98 -3 2 1 -2 25 -1 25 0 1 1 25 2 1 3 25 4 25
constant_periodic_d25_identity P 25 28 29 0 2 -3 5 1 2 -3 5 1 2 -3 5 1 2 -3 5 1 2 -3 5 1 2 -3 5 1 2 -3 5 1 2 -3 5 1 2 -3 5 1 2 -3 5 1 2 -3 5 1 2 -3 5 1 2 -3 5 1 2 -3 5 1 2 -3 5 1 2 -3 5 1 2 -3 5 1 2 -3 5 1 2 -3 5 1 2 -3 5 1 2 -3 5 1 2 -3 5 1 2 -3 5 1 2 -3 5 1 2 -3 5 1 2 -3 5 1 2 -3 5 1 2 -3 5 1 0 1 1 1 2 1 3 1 4 1 5 1 6 1 7 1 8 1 9 1 10 1 11 1 12 1 13 1 14 1 15 1 16 1 17 1 18 1 19 1 20 1 21 1 22 1 23 1 24 1 25 1 26 1 27 1 28 1 | constant_periodic_d25_identity R 0 25 1 28 29 0 28 2 -3 5 1 2 -3 5 1 2 -3 5 1 2 -3 5 1 2 -3 5 1 2 -3 5 1 2 -3 5 1 2 -3 5 1 2 -3 5 1 2 -3 5 1 2 -3 5 1 2 -3 5 1 2 -3 5 1 2 -3 5 1 2 -3 5 1 2 -3 5 1 2 -3 5 1 2 -3 5 1 2 -3 5 1 2 -3 5 1 2 -3 5 1 2 -3 5 1 2 -3 5 1 2 -3 5 1 2 -3 5 1 2 -3 5 1 2 -3 5 1 2 -3 5 1 0 1 1 1 2 1 3 1 4 1 5 1 6 1 7 1 8 1 9 1 10 1 11 1 12 1 13 1 14 1 15 1 16 1 17 1 18 1 19 1 20 1 21 1 22 1 23 1 24 1 25 1 26 1 27 1 28 1
constant_periodic_d25_insert P 25 28 29 1 2 -3 5 1 2 -3 5 1 2 -3 5 1 2 -3 5 1 2 -3 5 1 2 -3 5 1 2 -3 5 1 2 -3 5 1 2 -3 5 1 2 -3 5 1 2 -3 5 1 2 -3 5 1 2 -3 5 1 2 -3 5 1 2 -3 5 1 2 -3 5 1 2 -3 5 1 2 -3 5 1 2 -3 5 1 2 -3 5 1 2 -3 5 1 2 -3 5 1 2 -3 5 1 2 -3 5 1 2 -3 5 1 2 -3 5 1 2 -3 5 1 2 -3 5 1 0 1 1 1 2 1 3 1 4 1 5 1 6 1 7 1 8 1 9 1 10 1 11 1 12 1 13 1 14 1 15 1 16 1 17 1 18 1 19 1 20 1 21 1 22 1 23 1 24 1 25 1 26 1 27 1 28 1 I 0.25 25 | constant_periodic_d25_insert R 1 1 25 1 53 30 0 28 2 -3 5 1 2 -3 5 1 2 -3 5 1 2 -3 5 1 2 -3 5 1 2 -3 5 1 2 -3 5 1 2 -3 5 1 2 -3 5 1 2 -3 5 1 2 -3 5 1 2 -3 5 1 2 -3 5 1 2 -3 5 1 2 -3 5 1 2 -3 5 1 2 -3 5 1 2 -3 5 1 2 -3 5 1 2 -3 5 1 2 -3 5 1 2 -3 5 1 2 -3 5 1 2 -3 5 1 2 -3 5 1 2 -3 5 1 2 -3 5 1 2 -3 5 1 2 -3 5 1 2 -3 5 1 2 -3 5 1 2 -3 5 1 2 -3 5 1 2 -3 5 1 2 -3 5 1 2 -3 5 1 2 -3 5 1 2 -3 5 1 2 -3 5 1 2 -3 5 1 2 -3 5 1 2 -3 5 1 2 -3 5 1 2 -3 5 1 2 -3 5 1 2 -3 5 1 2 -3 5 1 2 -3 5 1 2 -3 5 1 2 -3 5 1 2 -3 5 1 2 -3 5 1 2 -3 5 1 0 1 1/4 25 1 1 2 1 3 1 4 1 5 1 6 1 7 1 8 1 9 1 10 1 11 1 12 1 13 1 14 1 15 1 16 1 17 1 18 1 19 1 20 1 21 1 22 1 23 1 24 1 25 1 26 1 27 1 28 1
constant_periodic_d25_sequence P 25 28 29 4 2 -3 5 1 2 -3 5 1 2 -3 5 1 2 -3 5 1 2 -3 5 1 2 -3 5 1 2 -3 5 1 2 -3 5 1 2 -3 5 1 2 -3 5 1 2 -3 5 1 2 -3 5 1 2 -3 5 1 2 -3 5 1 2 -3 5 1 2 -3 5 1 2 -3 5 1 2 -3 5 1 2 -3 5 1 2 -3 5 1 2 -3 5 1 2 -3 5 1 2 -3 5 1 2 -3 5 1 2 -3 5 1 2 -3 5 1 2 -3 5 1 2 -3 5 1 0 1 1 1 2 1 3 1 4 1 5 1 6 1 7 1 8 1 9 1 10 1 11 1 12 1 13 1 14 1 15 1 16 1 17 1 18 1 19 1 20 1 21 1 22 1 23 1 24 1 25 1 26 1 27 1 28 1 I 0.75 1 I 0.25 25 I 0.75 25 I 0.25 1 | constant_periodic_d25_sequence R 4 1 1 1 1 25 1 78 31 0 28 2 -3 5 1 2 -3 5 1 2 -3 5 1 2 -3 5 1 2 -3 5 1 2 -3 5 1 2 -3 5 1 2 -3 5 1 2 -3 5 1 2 -3 5 1 2 -3 5 1 2 -3 5 1 2 -3 5 1 2 -3 5 1 2 -3 5 1 2 -3 5 1 2 -3 5 1 2 -3 5 1 2 -3 5 1 2 -3 5 1 2 -3 5 1 2 -3 5 1 2 -3 5 1 2 -3 5 1 2 -3 5 1 2 -3 5 1 2 -3 5 1 2 -3 5 1 2 -3 5 1 2 -3 5 1 2 -3 5 1 2 -3 5 1 2 -3 5 1 2 -3 5 1 2 -3 5 1 2 -3 5 1 2 -3 5 1 2 -3 5 1 2 -3 5 1 2 -3 5 1 2 -3 5 1 2 -3 5 1 2 -3 5 1 2 -3 5 1 2 -3 5 1 2 -3 5 1 2 -3 5 1 2 -3 5 1 2 -3 5 1 2 -3 5 1 2 -3 5 1 2 -3 5 1 2 -3 5 1 2 -3 5 1 2 -3 5 1 2 -3 5 1 2 -3 5 1 2 -3 5 1 2 -3 5 1 2 -3 5 1 2 -3 5 1 2 -3 5 1 2 -3 5 1 2 -3 5 1 2 -3 5 1 2 -3 5 1 2 -3 5 1 2 -3 5 1 2 -3 5 1 2 -3 5 1 2 -3 5 1 2 -3 5 1 2 -3 5 1 2 -3 5 1 2 -3 5 1 2 -3 5 1 2 -3 5 1 2 -3 5 1 0 1 1/4 25 3/4 25 1 1 2 1 3 1 4 1 5 1 6 1 7 1 8 1 9 1 10 1 11 1 12 1 13 1 14 1 15 1 16 1 17 1 18 1 19 1 20 1 21 1 22 1 23 1 24 1 25 1 26 1 27 1 28 1
constant_periodic_d25_roundtrip P 25 28 29 2 2 -3 5 1 2 -3 5 1 2 -3 5 1 2 -3 5 1 2 -3 5 1 2 -3 5 1 2 -3 5 1 2 -3 5 1 2 -3 5 1 2 -3 5 1 2 -3 5 1 2 -3 5 1 2 -3 5 1 2 -3 5 1 2 -3 5 1 2 -3 5 1 2 -3 5 1 2 -3 5 1 2 -3 5 1 2 -3 5 1 2 -3 5 1 2 -3 5 1 2 -3 5 1 2 -3 5 1 2 -3 5 1 2 -3 5 1 2 -3 5 1 2 -3 5 1 0 1 1 1 2 1 3 1 4 1 5 1 6 1 7 1 8 1 9 1 10 1 11 1 12 1 13 1 14 1 15 1 16 1 17 1 18 1 19 1 20 1 21 1 22 1 23 1 24 1 25 1 26 1 27 1 28 1 I 0.25 1 R 0.25 0 | constant_periodic_d25_roundtrip R 2 1 1 25 1 28 29 0 28 2 -3 5 1 2 -3 5 1 2 -3 5 1 2 -3 5 1 2 -3 5 1 2 -3 5 1 2 -3 5 1 2 -3 5 1 2 -3 5 1 2 -3 5 1 2 -3 5 1 2 -3 5 1 2 -3 5 1 2 -3 5 1 2 -3 5 1 2 -3 5 1 2 -3 5 1 2 -3 5 1 2 -3 5 1 2 -3 5 1 2 -3 5 1 2 -3 5 1 2 -3 5 1 2 -3 5 1 2 -3 5 1 2 -3 5 1 2 -3 5 1 2 -3 5 1 0 1 1 1 2 1 3 1 4 1 5 1 6 1 7 1 8 1 9 1 10 1 11 1 12 1 13 1 14 1 15 1 16 1 17 1 18 1 19 1 20 1 21 1 22 1 23 1 24 1 25 1 26 1 27 1 28 1
constant_periodic_d25_full_roundtrip P 25 28 29 2 2 -3 5 1 2 -3 5 1 2 -3 5 1 2 -3 5 1 2 -3 5 1 2 -3 5 1 2 -3 5 1 2 -3 5 1 2 -3 5 1 2 -3 5 1 2 -3 5 1 2 -3 5 1 2 -3 5 1 2 -3 5 1 2 -3 5 1 2 -3 5 1 2 -3 5 1 2 -3 5 1 2 -3 5 1 2 -3 5 1 2 -3 5 1 2 -3 5 1 2 -3 5 1 2 -3 5 1 2 -3 5 1 2 -3 5 1 2 -3 5 1 2 -3 5 1 0 1 1 1 2 1 3 1 4 1 5 1 6 1 7 1 8 1 9 1 10 1 11 1 12 1 13 1 14 1 15 1 16 1 17 1 18 1 19 1 20 1 21 1 22 1 23 1 24 1 25 1 26 1 27 1 28 1 I 0.25 25 R 0.25 0 | constant_periodic_d25_full_roundtrip R 2 1 1 25 1 28 29 0 28 2 -3 5 1 2 -3 5 1 2 -3 5 1 2 -3 5 1 2 -3 5 1 2 -3 5 1 2 -3 5 1 2 -3 5 1 2 -3 5 1 2 -3 5 1 2 -3 5 1 2 -3 5 1 2 -3 5 1 2 -3 5 1 2 -3 5 1 2 -3 5 1 2 -3 5 1 2 -3 5 1 2 -3 5 1 2 -3 5 1 2 -3 5 1 2 -3 5 1 2 -3 5 1 2 -3 5 1 2 -3 5 1 2 -3 5 1 2 -3 5 1 2 -3 5 1 0 1 1 1 2 1 3 1 4 1 5 1 6 1 7 1 8 1 9 1 10 1 11 1 12 1 13 1 14 1 15 1 16 1 17 1 18 1 19 1 20 1 21 1 22 1 23 1 24 1 25 1 26 1 27 1 28 1
constant_periodic_d25_remove_existing P 25 28 29 1 2 -3 5 1 2 -3 5 1 2 -3 5 1 2 -3 5 1 2 -3 5 1 2 -3 5 1 2 -3 5 1 2 -3 5 1 2 -3 5 1 2 -3 5 1 2 -3 5 1 2 -3 5 1 2 -3 5 1 2 -3 5 1 2 -3 5 1 2 -3 5 1 2 -3 5 1 2 -3 5 1 2 -3 5 1 2 -3 5 1 2 -3 5 1 2 -3 5 1 2 -3 5 1 2 -3 5 1 2 -3 5 1 2 -3 5 1 2 -3 5 1 2 -3 5 1 0 1 1 1 2 1 3 1 4 1 5 1 6 1 7 1 8 1 9 1 10 1 11 1 12 1 13 1 14 1 15 1 16 1 17 1 18 1 19 1 20 1 21 1 22 1 23 1 24 1 25 1 26 1 27 1 28 1 R 1 0 | constant_periodic_d25_remove_existing R 1 1 25 1 27 28 0 28 2 -3 5 1 2 -3 5 1 2 -3 5 1 2 -3 5 1 2 -3 5 1 2 -3 5 1 2 -3 5 1 2 -3 5 1 2 -3 5 1 2 -3 5 1 2 -3 5 1 2 -3 5 1 2 -3 5 1 2 -3 5 1 2 -3 5 1 2 -3 5 1 2 -3 5 1 2 -3 5 1 2 -3 5 1 2 -3 5 1 2 -3 5 1 2 -3 5 1 2 -3 5 1 2 -3 5 1 2 -3 5 1 2 -3 5 1 2 -3 5 1 0 1 2 1 3 1 4 1 5 1 6 1 7 1 8 1 9 1 10 1 11 1 12 1 13 1 14 1 15 1 16 1 17 1 18 1 19 1 20 1 21 1 22 1 23 1 24 1 25 1 26 1 27 1 28 1
constant_periodic_d25_seam P 25 28 29 2 2 -3 5 1 2 -3 5 1 2 -3 5 1 2 -3 5 1 2 -3 5 1 2 -3 5 1 2 -3 5 1 2 -3 5 1 2 -3 5 1 2 -3 5 1 2 -3 5 1 2 -3 5 1 2 -3 5 1 2 -3 5 1 2 -3 5 1 2 -3 5 1 2 -3 5 1 2 -3 5 1 2 -3 5 1 2 -3 5 1 2 -3 5 1 2 -3 5 1 2 -3 5 1 2 -3 5 1 2 -3 5 1 2 -3 5 1 2 -3 5 1 2 -3 5 1 0 1 1 1 2 1 3 1 4 1 5 1 6 1 7 1 8 1 9 1 10 1 11 1 12 1 13 1 14 1 15 1 16 1 17 1 18 1 19 1 20 1 21 1 22 1 23 1 24 1 25 1 26 1 27 1 28 1 I 0 25 I 28 25 | constant_periodic_d25_seam R 2 1 1 25 1 52 29 0 28 2 -3 5 1 2 -3 5 1 2 -3 5 1 2 -3 5 1 2 -3 5 1 2 -3 5 1 2 -3 5 1 2 -3 5 1 2 -3 5 1 2 -3 5 1 2 -3 5 1 2 -3 5 1 2 -3 5 1 2 -3 5 1 2 -3 5 1 2 -3 5 1 2 -3 5 1 2 -3 5 1 2 -3 5 1 2 -3 5 1 2 -3 5 1 2 -3 5 1 2 -3 5 1 2 -3 5 1 2 -3 5 1 2 -3 5 1 2 -3 5 1 2 -3 5 1 2 -3 5 1 2 -3 5 1 2 -3 5 1 2 -3 5 1 2 -3 5 1 2 -3 5 1 2 -3 5 1 2 -3 5 1 2 -3 5 1 2 -3 5 1 2 -3 5 1 2 -3 5 1 2 -3 5 1 2 -3 5 1 2 -3 5 1 2 -3 5 1 2 -3 5 1 2 -3 5 1 2 -3 5 1 2 -3 5 1 2 -3 5 1 2 -3 5 1 2 -3 5 1 2 -3 5 1 0 25 1 1 2 1 3 1 4 1 5 1 6 1 7 1 8 1 9 1 10 1 11 1 12 1 13 1 14 1 15 1 16 1 17 1 18 1 19 1 20 1 21 1 22 1 23 1 24 1 25 1 26 1 27 1 28 25
constant_periodic_d25_seam_roundtrip P 25 28 29 2 2 -3 5 1 2 -3 5 1 2 -3 5 1 2 -3 5 1 2 -3 5 1 2 -3 5 1 2 -3 5 1 2 -3 5 1 2 -3 5 1 2 -3 5 1 2 -3 5 1 2 -3 5 1 2 -3 5 1 2 -3 5 1 2 -3 5 1 2 -3 5 1 2 -3 5 1 2 -3 5 1 2 -3 5 1 2 -3 5 1 2 -3 5 1 2 -3 5 1 2 -3 5 1 2 -3 5 1 2 -3 5 1 2 -3 5 1 2 -3 5 1 2 -3 5 1 0 1 1 1 2 1 3 1 4 1 5 1 6 1 7 1 8 1 9 1 10 1 11 1 12 1 13 1 14 1 15 1 16 1 17 1 18 1 19 1 20 1 21 1 22 1 23 1 24 1 25 1 26 1 27 1 28 1 I 28 25 R 0 1 | constant_periodic_d25_seam_roundtrip R 2 1 1 25 1 28 29 0 28 2 -3 5 1 2 -3 5 1 2 -3 5 1 2 -3 5 1 2 -3 5 1 2 -3 5 1 2 -3 5 1 2 -3 5 1 2 -3 5 1 2 -3 5 1 2 -3 5 1 2 -3 5 1 2 -3 5 1 2 -3 5 1 2 -3 5 1 2 -3 5 1 2 -3 5 1 2 -3 5 1 2 -3 5 1 2 -3 5 1 2 -3 5 1 2 -3 5 1 2 -3 5 1 2 -3 5 1 2 -3 5 1 2 -3 5 1 2 -3 5 1 2 -3 5 1 0 1 1 1 2 1 3 1 4 1 5 1 6 1 7 1 8 1 9 1 10 1 11 1 12 1 13 1 14 1 15 1 16 1 17 1 18 1 19 1 20 1 21 1 22 1 23 1 24 1 25 1 26 1 27 1 28 1
constant_periodic_d25_remove_origin P 25 28 29 1 2 -3 5 1 2 -3 5 1 2 -3 5 1 2 -3 5 1 2 -3 5 1 2 -3 5 1 2 -3 5 1 2 -3 5 1 2 -3 5 1 2 -3 5 1 2 -3 5 1 2 -3 5 1 2 -3 5 1 2 -3 5 1 2 -3 5 1 2 -3 5 1 2 -3 5 1 2 -3 5 1 2 -3 5 1 2 -3 5 1 2 -3 5 1 2 -3 5 1 2 -3 5 1 2 -3 5 1 2 -3 5 1 2 -3 5 1 2 -3 5 1 2 -3 5 1 0 1 1 1 2 1 3 1 4 1 5 1 6 1 7 1 8 1 9 1 10 1 11 1 12 1 13 1 14 1 15 1 16 1 17 1 18 1 19 1 20 1 21 1 22 1 23 1 24 1 25 1 26 1 27 1 28 1 R 0 0 | constant_periodic_d25_remove_origin R 1 1 25 1 27 28 1 29 2 -3 5 1 2 -3 5 1 2 -3 5 1 2 -3 5 1 2 -3 5 1 2 -3 5 1 2 -3 5 1 2 -3 5 1 2 -3 5 1 2 -3 5 1 2 -3 5 1 2 -3 5 1 2 -3 5 1 2 -3 5 1 2 -3 5 1 2 -3 5 1 2 -3 5 1 2 -3 5 1 2 -3 5 1 2 -3 5 1 2 -3 5 1 2 -3 5 1 2 -3 5 1 2 -3 5 1 2 -3 5 1 2 -3 5 1 2 -3 5 1 1 1 2 1 3 1 4 1 5 1 6 1 7 1 8 1 9 1 10 1 11 1 12 1 13 1 14 1 15 1 16 1 17 1 18 1 19 1 20 1 21 1 22 1 23 1 24 1 25 1 26 1 27 1 29 1
constant_periodic_d25_remove_end_alias P 25 28 29 1 2 -3 5 1 2 -3 5 1 2 -3 5 1 2 -3 5 1 2 -3 5 1 2 -3 5 1 2 -3 5 1 2 -3 5 1 2 -3 5 1 2 -3 5 1 2 -3 5 1 2 -3 5 1 2 -3 5 1 2 -3 5 1 2 -3 5 1 2 -3 5 1 2 -3 5 1 2 -3 5 1 2 -3 5 1 2 -3 5 1 2 -3 5 1 2 -3 5 1 2 -3 5 1 2 -3 5 1 2 -3 5 1 2 -3 5 1 2 -3 5 1 2 -3 5 1 0 1 1 1 2 1 3 1 4 1 5 1 6 1 7 1 8 1 9 1 10 1 11 1 12 1 13 1 14 1 15 1 16 1 17 1 18 1 19 1 20 1 21 1 22 1 23 1 24 1 25 1 26 1 27 1 28 1 R 28 0 | constant_periodic_d25_remove_end_alias R 1 1 25 1 27 28 1 29 2 -3 5 1 2 -3 5 1 2 -3 5 1 2 -3 5 1 2 -3 5 1 2 -3 5 1 2 -3 5 1 2 -3 5 1 2 -3 5 1 2 -3 5 1 2 -3 5 1 2 -3 5 1 2 -3 5 1 2 -3 5 1 2 -3 5 1 2 -3 5 1 2 -3 5 1 2 -3 5 1 2 -3 5 1 2 -3 5 1 2 -3 5 1 2 -3 5 1 2 -3 5 1 2 -3 5 1 2 -3 5 1 2 -3 5 1 2 -3 5 1 1 1 2 1 3 1 4 1 5 1 6 1 7 1 8 1 9 1 10 1 11 1 12 1 13 1 14 1 15 1 16 1 17 1 18 1 19 1 20 1 21 1 22 1 23 1 24 1 25 1 26 1 27 1 29 1
nonconstant_redundant_seam_remove_origin P 2 5 6 1 1.5 0.75 0 1 1.75 1.5 0.5 1 1 3 2 1 -1 1 1 1 0 0 0 1 0.5 1 1 1 2 1 3 1 4 1 4.5 1 R 0.5 0 | nonconstant_redundant_seam_remove_origin R 1 1 2 1 4 5 1 5 2 1 0 1 1 3 2 1 -1 1 1 1 0 0 0 1 1 1 2 1 3 1 4 1 5 1
nonconstant_redundant_seam_remove_end_alias P 2 5 6 1 1.5 0.75 0 1 1.75 1.5 0.5 1 1 3 2 1 -1 1 1 1 0 0 0 1 0.5 1 1 1 2 1 3 1 4 1 4.5 1 R 4.5 0 | nonconstant_redundant_seam_remove_end_alias R 1 1 2 1 4 5 1 5 2 1 0 1 1 3 2 1 -1 1 1 1 0 0 0 1 1 1 2 1 3 1 4 1 5 1
huge_domain_insert S 1 2 2 1 -1.7976931348623157e+308 0 0 1 1.7976931348623157e+308 0 0 1 -1.7976931348623157e+308 2 1.7976931348623157e+308 2 I 0 1 | huge_domain_insert R 1 1 1 0 3 3 -179769313486231570814527423731704356798070567525844996598917476803157260780028538760589558632766878171540458953514382464234321326889464182768467546703537516986049910576551282076245490090389328944075868508455133942304583236903222948165808559332123348274797826204144723168738177180919299881250404026184124858368 179769313486231570814527423731704356798070567525844996598917476803157260780028538760589558632766878171540458953514382464234321326889464182768467546703537516986049910576551282076245490090389328944075868508455133942304583236903222948165808559332123348274797826204144723168738177180919299881250404026184124858368 -179769313486231570814527423731704356798070567525844996598917476803157260780028538760589558632766878171540458953514382464234321326889464182768467546703537516986049910576551282076245490090389328944075868508455133942304583236903222948165808559332123348274797826204144723168738177180919299881250404026184124858368 0 0 1 0 0 0 1 179769313486231570814527423731704356798070567525844996598917476803157260780028538760589558632766878171540458953514382464234321326889464182768467546703537516986049910576551282076245490090389328944075868508455133942304583236903222948165808559332123348274797826204144723168738177180919299881250404026184124858368 0 0 1 -179769313486231570814527423731704356798070567525844996598917476803157260780028538760589558632766878171540458953514382464234321326889464182768467546703537516986049910576551282076245490090389328944075868508455133942304583236903222948165808559332123348274797826204144723168738177180919299881250404026184124858368 2 0 1 179769313486231570814527423731704356798070567525844996598917476803157260780028538760589558632766878171540458953514382464234321326889464182768467546703537516986049910576551282076245490090389328944075868508455133942304583236903222948165808559332123348274797826204144723168738177180919299881250404026184124858368 2
huge_domain_roundtrip S 1 2 2 2 -1.7976931348623157e+308 0 0 1 1.7976931348623157e+308 0 0 1 -1.7976931348623157e+308 2 1.7976931348623157e+308 2 I 0 1 R 0 0 | huge_domain_roundtrip R 2 1 1 1 0 2 2 -179769313486231570814527423731704356798070567525844996598917476803157260780028538760589558632766878171540458953514382464234321326889464182768467546703537516986049910576551282076245490090389328944075868508455133942304583236903222948165808559332123348274797826204144723168738177180919299881250404026184124858368 179769313486231570814527423731704356798070567525844996598917476803157260780028538760589558632766878171540458953514382464234321326889464182768467546703537516986049910576551282076245490090389328944075868508455133942304583236903222948165808559332123348274797826204144723168738177180919299881250404026184124858368 -179769313486231570814527423731704356798070567525844996598917476803157260780028538760589558632766878171540458953514382464234321326889464182768467546703537516986049910576551282076245490090389328944075868508455133942304583236903222948165808559332123348274797826204144723168738177180919299881250404026184124858368 0 0 1 179769313486231570814527423731704356798070567525844996598917476803157260780028538760589558632766878171540458953514382464234321326889464182768467546703537516986049910576551282076245490090389328944075868508455133942304583236903222948165808559332123348274797826204144723168738177180919299881250404026184124858368 0 0 1 -179769313486231570814527423731704356798070567525844996598917476803157260780028538760589558632766878171540458953514382464234321326889464182768467546703537516986049910576551282076245490090389328944075868508455133942304583236903222948165808559332123348274797826204144723168738177180919299881250404026184124858368 2 179769313486231570814527423731704356798070567525844996598917476803157260780028538760589558632766878171540458953514382464234321326889464182768467546703537516986049910576551282076245490090389328944075868508455133942304583236903222948165808559332123348274797826204144723168738177180919299881250404026184124858368 2
tiny_domain_insert S 2 3 2 1 0 0 0 1 1 2 3 3 4 0 1 2 0 3 1.9762625833649862e-323 3 I 4.9406564584124654e-324 2 | tiny_domain_insert R 1 1 2 0 5 3 0 1/50600563326827654588123836679729326762389162441035529589225339506857584891998836722990095925359281123796769466079202977847452184346448369216753349985184627480379356069141590341116726935523304085309941919618186267140501870856173174654525838912289889085202514128089692388083353653807625633046581877161501565826926935273373696 0 0 0 1 3/4 3/2 9/4 3/2 13/8 9/4 7/2 29/16 17/4 9/2 29/4 11/4 8 0 2 2 0 3 1/202402253307310618352495346718917307049556649764142118356901358027430339567995346891960383701437124495187077864316811911389808737385793476867013399940738509921517424276566361364466907742093216341239767678472745068562007483424692698618103355649159556340810056512358769552333414615230502532186327508646006263307707741093494784 2 1/50600563326827654588123836679729326762389162441035529589225339506857584891998836722990095925359281123796769466079202977847452184346448369216753349985184627480379356069141590341116726935523304085309941919618186267140501870856173174654525838912289889085202514128089692388083353653807625633046581877161501565826926935273373696 3
tiny_domain_roundtrip S 2 3 2 2 0 0 0 1 1 2 3 3 4 0 1 2 0 3 1.9762625833649862e-323 3 I 4.9406564584124654e-324 2 R 4.9406564584124654e-324 0 | tiny_domain_roundtrip R 2 1 1 2 0 3 2 0 1/50600563326827654588123836679729326762389162441035529589225339506857584891998836722990095925359281123796769466079202977847452184346448369216753349985184627480379356069141590341116726935523304085309941919618186267140501870856173174654525838912289889085202514128089692388083353653807625633046581877161501565826926935273373696 0 0 0 1 3 6 9 3 8 0 2 2 0 3 1/50600563326827654588123836679729326762389162441035529589225339506857584891998836722990095925359281123796769466079202977847452184346448369216753349985184627480379356069141590341116726935523304085309941919618186267140501870856173174654525838912289889085202514128089692388083353653807625633046581877161501565826926935273373696 3
huge_homogeneous_insert S 2 3 2 1 1.7976931348623157e+308 0 0 4.9406564584124654e-324 0 -1.7976931348623157e+308 1 1.7976931348623157e+308 -1.7976931348623157e+308 0 1.7976931348623157e+308 1 0 3 1 3 I 0.25 2 | huge_homogeneous_insert R 1 1 2 0 5 3 0 1 9007199254740991/10141204801825835211973625643008 0 0 1/202402253307310618352495346718917307049556649764142118356901358027430339567995346891960383701437124495187077864316811911389808737385793476867013399940738509921517424276566361364466907742093216341239767678472745068562007483424692698618103355649159556340810056512358769552333414615230502532186327508646006263307707741093494784 27021597764222973/40564819207303340847894502572032 -8079251517827750031224507806144893460772677918455509355128971619573205998748284668620490626557698264563056359269844380227847609080725585328660309022499088841199172988649268463327948259136492823142411346225533403949762003173630852691705758296609019596570995154714102353681813790216235352044946418277267691063851409428060981526546956904920275941495209923198169641650436115366516040250706151170455413862223342141242996988007734009404642142600695246299691467841728073568494686000216950879461127990165942627928599122958372444299009844653647502337575460852274431966707414812657595273163798395727099023488985651259014905856 44942328371557892703631855932926089199517641881461249149729369200789315195007134690147389658191719542885114738378595616058580331722366045692116886675884379246512477644137820519061372522597332236018967127113783485576145809225805737041452139833030837068699456551036180792184544295229824970312601006546031214592 36385714125121573300846800698456749842842774431060269030973563199251835202763131874220510446199752578146168959525535975504123660741259730559491535919078220069839241298744801305292878640835527930863994674357611588999020693594474762898847930291552594690170203187215045688094955660773922576137969830342611860225019935582199601121469249223149872466121371567155862303084330314602566069416432551333006194774477514260351201969859368060220131234488198148976536169638305696900504838830719760875514246216508976803882728582677352177004129288847854463084006372981390756344519549931097743963603971632334891836831978686870043355177324550146752515/809609013229242473409981386875669228198226599056568473427605432109721358271981387567841534805748497980748311457267247645559234949543173907468053599762954039686069697106265445457867630968372865364959070713890980274248029933698770794472413422596638225363240226049435078209333658460922010128745310034584025053230830964373979136 -1823077425147505482451312198408737195205052851054278195879643050199656160279918005547565226761958843160265770646727469481686578137616646681158865847371388677009651111697145137495637938196086541061996839338584617932723090498544139927322573843339733665205741699586348935477284683090929968675108065426703265171903625565081992948413507636822025/162259276829213363391578010288128 -12118877276741625046836761709217340191159016877683264032693457429359808998122427002930735939836547396844584538904766570341771413621088377992990463533748633261798759482973902694991922388704739234713617019338300105924643004760446279037558637444913529394856492732071153530522720685324353028067419627415901536595777114142091472289820435357380413912242814884797254462475654173049774060376059226755683120793335013211864495482011601014106963213901042869449537201762592110352742029000325426319191691985248913941892898684437558666448514766980471253506363191278411647950061122218986392909745697593590648535233478476888522358784 78649074650226312231355747882620656099155873292557186012026396101381301591262485707757931901835509200048950792162542328102515580514140579961204551682797663681396835877241185908357401914545331413033192472449121099758255166145160039822541244707803964870224048964313316386322952516652193698047051761455554625536 218314284750729439805080804190740499057056646586361614185841379195511011216578791245323062677198515468877013757153215853024741964447558383356949215514469320419035447792468807831757271845013167585183968046145669533994124161566848577393087581749315568141021219123290274128569733964643535456827818982055671161350322015746504917347167990685618152103777786052699315936862883245642826756066590654889997552348302210057294289683473020272710596144314982370726230417770572691324546457260884926617552385041147077164536139174536858130586783216511819477122141593537504094407927356098945233333957244409239853553178199629866266394371655041974009865/3238436052916969893639925547502676912792906396226273893710421728438885433087925550271366139222993991922993245829068990582236939798172695629872214399051816158744278788425061781831470523873491461459836282855563921096992119734795083177889653690386552901452960904197740312837334633843688040514981240138336100212923323857495916544 -44942328371557892703631855932926089199517641881461249149729369200789315195007134690147389658191719542885114738378595616058580331722366045692116886675884379246512477644137820519061372522597332236018967127113783485576145809225805737041452139833030837068699456551036180792184544295229824970312601006546031214592 -24237754553483250093673523418434680382318033755366528065386914858719617996244854005861471879673094793689169077809533140683542827242176755985980927067497266523597518965947805389983844777409478469427234038676600211849286009520892558075117274889827058789712985464142307061045441370648706056134839254831803073191554228284182944579640870714760827824485629769594508924951308346099548120752118453511366241586670026423728990964023202028213926427802085738899074403525184220705484058000650852638383383970497827883785797368875117332897029533960942507012726382556823295900122244437972785819491395187181297070466956953777044717568 179769313486231570814527423731704356798070567525844996598917476803157260780028538760589558632766878171540458953514382464234321326889464182768467546703537516986049910576551282076245490090389328944075868508455133942304583236903222948165808559332123348274797826204144723168738177180919299881250404026184124858368 539307940458694712443582271195113070394211702577534989796752430409471782340085616281768675898300634514621376860543147392702963980668392548305402640110612550958149731729653846228736470271167986832227605525365401826913749710709668844497425677996370044824393478612434169506214531542757899643751212078552374575105/4 -179769313486231570814527423731704356798070567525844996598917476803157260780028538760589558632766878171540458953514382464234321326889464182768467546703537516986049910576551282076245490090389328944075868508455133942304583236903222948165808559332123348274797826204144723168738177180919299881250404026184124858368 0 179769313486231570814527423731704356798070567525844996598917476803157260780028538760589558632766878171540458953514382464234321326889464182768467546703537516986049910576551282076245490090389328944075868508455133942304583236903222948165808559332123348274797826204144723168738177180919299881250404026184124858368 1 0 3 1/4 2 1 3
huge_homogeneous_roundtrip S 2 3 2 2 1.7976931348623157e+308 0 0 4.9406564584124654e-324 0 -1.7976931348623157e+308 1 1.7976931348623157e+308 -1.7976931348623157e+308 0 1.7976931348623157e+308 1 0 3 1 3 I 0.25 2 R 0.25 0 | huge_homogeneous_roundtrip R 2 1 1 2 0 3 2 0 1 9007199254740991/10141204801825835211973625643008 0 0 1/202402253307310618352495346718917307049556649764142118356901358027430339567995346891960383701437124495187077864316811911389808737385793476867013399940738509921517424276566361364466907742093216341239767678472745068562007483424692698618103355649159556340810056512358769552333414615230502532186327508646006263307707741093494784 0 -32317006071311000124898031224579573843090711673822037420515886478292823994993138674481962506230793058252225437079377520911390436322902341314641236089996355364796691954597073853311793036545971292569645384902133615799048012694523410766823033186436078386283980618856409414727255160864941408179785673109070764255405637712243926106187827619681103765980839692792678566601744461466064161002824604681821655448893368564971987952030936037618568570402780985198765871366912294273978744000867803517844511960663770511714396491833489777196039378614590009350301843409097727866829659250630381092655193582908396093955942605036059623424 179769313486231570814527423731704356798070567525844996598917476803157260780028538760589558632766878171540458953514382464234321326889464182768467546703537516986049910576551282076245490090389328944075868508455133942304583236903222948165808559332123348274797826204144723168738177180919299881250404026184124858368 179769313486231570814527423731704356798070567525844996598917476803157260780028538760589558632766878171540458953514382464234321326889464182768467546703537516986049910576551282076245490090389328944075868508455133942304583236903222948165808559332123348274797826204144723168738177180919299881250404026184124858368 -179769313486231570814527423731704356798070567525844996598917476803157260780028538760589558632766878171540458953514382464234321326889464182768467546703537516986049910576551282076245490090389328944075868508455133942304583236903222948165808559332123348274797826204144723168738177180919299881250404026184124858368 0 179769313486231570814527423731704356798070567525844996598917476803157260780028538760589558632766878171540458953514382464234321326889464182768467546703537516986049910576551282076245490090389328944075868508455133942304583236903222948165808559332123348274797826204144723168738177180919299881250404026184124858368 1 0 3 1 3
adjacent_cut_insert S 2 3 2 1 0 0 0 1 1 2 3 3 4 0 1 2 1 3 2 3 I 1.0000000000000002 2 | adjacent_cut_insert R 1 1 2 0 5 3 1 2 0 0 0 1 3/4503599627370496 3/2251799813685248 9/4503599627370496 2251799813685249/2251799813685248 13510798882111489/10141204801825835211973625643008 13510798882111485/5070602400912917605986812821504 5066549580791807/1267650600228229401496703205376 20282409603651688438345760767997/20282409603651670423947251286016 13510798882111493/4503599627370496 13510798882111485/2251799813685248 40532396646334457/4503599627370496 13510798882111487/4503599627370496 8 0 2 2 1 3 4503599627370497/4503599627370496 2 2 3
adjacent_cut_roundtrip S 2 3 2 2 0 0 0 1 1 2 3 3 4 0 1 2 1 3 2 3 I 1.0000000000000002 2 R 1.0000000000000002 0 | adjacent_cut_roundtrip R 2 1 1 2 0 3 2 1 2 0 0 0 1 3 6 9 3 8 0 2 2 1 3 2 3
random_0_sequence P 1 3 4 4 -1.7516230804060213e-46 1.313717310304516e-46 1.313717310304516e-46 0.0234375 -2.627434620609032e-46 -1.313717310304516e-46 -3.0653403907105373e-46 0.046875 -3.0653403907105373e-46 1.7516230804060213e-46 2.627434620609032e-46 0.000244140625 -1 1 0.25 1 2 1 3 1 I -0.5 1 I 1 1 R -0.5 0 R 1 0 | random_0_sequence R 4 1 1 1 1 1 1 3 4 -1 3 -3/730750818665451459101842416358141509827966271488 9/2923003274661805836407369665432566039311865085952 9/2923003274661805836407369665432566039311865085952 3/128 -9/730750818665451459101842416358141509827966271488 -9/1461501637330902918203684832716283019655932542976 -21/1461501637330902918203684832716283019655932542976 3/64 -7/93536104789177786765035829293842113257979682750464 1/23384026197294446691258957323460528314494920687616 3/46768052394588893382517914646921056628989841375232 1/4096 -1 1 1/4 1 2 1 3 1
random_1_sequence S 2 5 3 4 3.6185027886661311e+75 -2.1711016731996787e+76 0 2048 -2.1711016731996787e+76 -1.0855508365998393e+76 -1.0855508365998393e+76 512 2.8948022309329049e+76 2.8948022309329049e+76 3.6185027886661311e+75 0.0625 7.2370055773322622e+75 0 -2.8948022309329049e+76 0.0009765625 -2.8948022309329049e+76 -7.2370055773322622e+75 2.1711016731996787e+76 0.001220703125 -1 3 0.25 2 3 3 I -0.5 2 I 1 1 R -0.5 0 R 1 0 | random_1_sequence R 4 1 1 1 1 2 0 5 3 -1 3 7410693711188236507108543040556026102609279018600996098525285376506440296955904 -44464162267129419042651258243336156615655674111605976591151712259038641781735424 0 2048 -11116040566782354760662814560834039153913918527901494147787928064759660445433856 -5558020283391177380331407280417019576956959263950747073893964032379830222716928 -5558020283391177380331407280417019576956959263950747073893964032379830222716928 512 1809251394333065553493296640760748560207343510400633813116524750123642650624 1809251394333065553493296640760748560207343510400633813116524750123642650624 226156424291633194186662080095093570025917938800079226639565593765455331328 1/16 7067388259113537318333190002971674063309935587502475832486424805170479104 0 -28269553036454149273332760011886696253239742350009903329945699220681916416 1/1024 -35336941295567686591665950014858370316549677937512379162432124025852395520 -8834235323891921647916487503714592579137419484378094790608031006463098880 26502705971675764943749462511143777737412258453134284371824093019389296640 5/4096 -1 3 1/4 2 3 3
random_2_sequence S 3 6 3 4 2.541098841762901e-21 -1.6940658945086007e-21 0 0.02734375 -1.6940658945086007e-21 -2.9646153153900512e-21 -8.4703294725430034e-22 7340032 -4.2351647362715017e-22 -4.2351647362715017e-22 -1.2705494208814505e-21 16384 2.541098841762901e-21 2.9646153153900512e-21 -2.541098841762901e-21 0.0001220703125 0 1.6940658945086007e-21 3.3881317890172014e-21 6144 -4.2351647362715017e-22 -4.2351647362715017e-22 4.2351647362715017e-22 98304 -1 4 0.25 2 3 4 I -0.5 3 I 1 1 R -0.5 0 R 1 0 | random_2_sequence R 4 1 1 1 1 3 0 6 3 -1 3 21/302231454903657293676544 -7/151115727451828646838272 0 7/256 -7/562949953421312 -49/2251799813685248 -7/1125899906842624 7340032 -1/144115188075855872 -1/144115188075855872 -3/144115188075855872 16384 3/9671406556917033397649408 7/19342813113834066795298816 -3/9671406556917033397649408 1/8192 0 3/288230376151711744 3/144115188075855872 6144 -3/72057594037927936 -3/72057594037927936 3/72057594037927936 98304 -1 4 1/4 2 3 4
random_3_sequence P 4 9 4 4 0 5.6597994242666952e-73 1.131959884853339e-72 0.046875 1.131959884853339e-72 1.131959884853339e-72 2.8298997121333476e-73 896 -8.4896991364000428e-73 0 -7.074749280333369e-73 524288 2.8298997121333476e-73 7.074749280333369e-73 -5.6597994242666952e-73 3 -9.9046489924667167e-73 -5.6597994242666952e-73 4.2448495682000214e-73 1 -9.9046489924667167e-73 -8.4896991364000428e-73 -7.074749280333369e-73 1.52587890625e-05 -5.6597994242666952e-73 2.8298997121333476e-73 9.9046489924667167e-73 0.0001220703125 8.4896991364000428e-73 0 8.4896991364000428e-73 0.005859375 0 4.2448495682000214e-73 -8.4896991364000428e-73 28 -1 4 0.25 4 2 1 3 4 I -0.5 4 I 1 1 R -0.5 0 R 1 0 | random_3_sequence R 4 1 1 1 1 4 1 9 4 -1 3 0 3/113078212145816597093331040047546785012958969400039613319782796882727665664 3/56539106072908298546665520023773392506479484700019806659891398441363832832 3/64 7/6901746346790563787434755862277025452451108972170386555162524223799296 7/6901746346790563787434755862277025452451108972170386555162524223799296 7/27606985387162255149739023449108101809804435888681546220650096895197184 896 -3/6739986666787659948666753771754907668409286105635143120275902562304 0 -5/13479973333575319897333507543509815336818572211270286240551805124608 524288 3/3533694129556768659166595001485837031654967793751237916243212402585239552 15/7067388259113537318333190002971674063309935587502475832486424805170479104 -3/1766847064778384329583297500742918515827483896875618958121606201292619776 3 -7/7067388259113537318333190002971674063309935587502475832486424805170479104 -1/1766847064778384329583297500742918515827483896875618958121606201292619776 3/7067388259113537318333190002971674063309935587502475832486424805170479104 1 -7/463168356949264781694283940034751631413079938662562256157830336031652518559744 -3/231584178474632390847141970017375815706539969331281128078915168015826259279872 -5/463168356949264781694283940034751631413079938662562256157830336031652518559744 1/65536 -1/14474011154664524427946373126085988481658748083205070504932198000989141204992 1/28948022309329048855892746252171976963317496166410141009864396001978282409984 7/57896044618658097711785492504343953926634992332820282019728792003956564819968 1/8192 9/1809251394333065553493296640760748560207343510400633813116524750123642650624 0 9/1809251394333065553493296640760748560207343510400633813116524750123642650624 3/512 0 21/1766847064778384329583297500742918515827483896875618958121606201292619776 -21/883423532389192164791648750371459257913741948437809479060803100646309888 28 -1 4 1/4 4 2 1 3 4
random_4_sequence S 5 7 3 4 -0.001708984375 0 -0.00146484375 512 -0.001953125 -0.000244140625 0.001220703125 0.0009765625 0 -0.00048828125 -0.00048828125 6.103515625e-05 0.0009765625 0.000244140625 0 3072 -0.0009765625 -0.00146484375 -0.001953125 8192 0.001220703125 -0.001220703125 -0.0009765625 6.67572021484375e-06 -0.001953125 0.000244140625 0.00146484375 112 -1 6 0.25 1 3 6 I -0.5 5 I 1 1 R -0.5 0 R 1 0 | random_4_sequence R 4 1 1 1 1 5 0 7 3 -1 3 -7/8 0 -3/4 512 -1/524288 -1/4194304 5/4194304 1/1024 0 -1/33554432 -1/33554432 1/16384 3 3/4 0 3072 -8 -12 -16 8192 35/4294967296 -35/4294967296 -7/1073741824 7/1048576 -7/32 7/256 21/128 112 -1 6 1/4 1 3 6
random_5_sequence S 6 9 3 4 6.7046679912882638e+53 6.7046679912882638e+53 9.5780971304118054e+52 0.00018310546875 -7.6624777043294443e+53 -4.7890485652059027e+53 -4.7890485652059027e+53 1024 1.9156194260823611e+53 1.9156194260823611e+53 0 1.33514404296875e-05 -9.5780971304118054e+52 0 1.9156194260823611e+53 16 -2.8734291391235416e+53 -5.7468582782470832e+53 -4.7890485652059027e+53 1.9073486328125e-06 9.5780971304118054e+52 -7.6624777043294443e+53 -6.7046679912882638e+53 1 1.9156194260823611e+53 1.9156194260823611e+53 -1.9156194260823611e+53 3145728 -5.7468582782470832e+53 -9.5780971304118054e+52 -1.9156194260823611e+53 8 5.7468582782470832e+53 0 0 2 -1 7 0.25 2 3 7 I -0.5 6 I 1 1 R -0.5 0 R 1 0 | random_5_sequence R 4 1 1 1 1 6 0 9 3 -1 3 122766137535795845129109525948167773651098333609984 122766137535795845129109525948167773651098333609984 17538019647970835018444217992595396235871190515712 3/16384 -784637716923335095479473677900958302012794430558004314112 -490398573077084434674671048688098938757996519098752696320 -490398573077084434674671048688098938757996519098752696320 1024 2557627865329080106856448457253495284397881950208 2557627865329080106856448457253495284397881950208 0 7/524288 -1532495540865888858358347027150309183618739122183602176 0 3064991081731777716716694054300618367237478244367204352 16 -548063113999088594326381812268606132370974703616 -1096126227998177188652763624537212264741949407232 -913438523331814323877303020447676887284957839360 1/524288 95780971304118053647396689196894323976171195136475136 -766247770432944429179173513575154591809369561091801088 -670466799128826375531776824378260267833198365955325952 1 602601766597121353328235784627935975945826122668547313238016 602601766597121353328235784627935975945826122668547313238016 -602601766597121353328235784627935975945826122668547313238016 3145728 -4597486622597666575075041081450927550856217366550806528 -766247770432944429179173513575154591809369561091801088 -1532495540865888858358347027150309183618739122183602176 8 1149371655649416643768760270362731887714054341637701632 0 0 2 -1 7 1/4 2 3 7
random_6_sequence P 7 14 4 4 -1.0587911840678754e-22 -1.3234889800848443e-22 -5.2939559203393771e-23 0.001953125 5.2939559203393771e-23 -1.5881867761018131e-22 1.852884572118782e-22 65536 1.852884572118782e-22 0 -1.5881867761018131e-22 0.001953125 1.852884572118782e-22 1.852884572118782e-22 -1.0587911840678754e-22 0.09375 2.6469779601696886e-23 -2.6469779601696886e-23 -5.2939559203393771e-23 0.001953125 -1.852884572118782e-22 1.852884572118782e-22 0 0.0003662109375 0 5.2939559203393771e-23 -7.9409338805090657e-23 256 -1.5881867761018131e-22 -1.852884572118782e-22 2.6469779601696886e-23 2 1.3234889800848443e-22 1.852884572118782e-22 1.852884572118782e-22 0.000213623046875 1.0587911840678754e-22 -1.0587911840678754e-22 1.0587911840678754e-22 5242880 1.5881867761018131e-22 2.1175823681357508e-22 1.3234889800848443e-22 4194304 -1.0587911840678754e-22 1.852884572118782e-22 7.9409338805090657e-23 2.288818359375e-05 1.5881867761018131e-22 1.3234889800848443e-22 0 3072 7.9409338805090657e-23 1.3234889800848443e-22 1.0587911840678754e-22 6291456 -1 6 0.25 7 2 1 3 6 I -0.5 7 I 1 1 R -0.5 0 R 1 0 | random_6_sequence R 4 1 1 1 1 7 1 14 4 -1 3 -1/4835703278458516698824704 -5/19342813113834066795298816 -1/9671406556917033397649408 1/512 1/288230376151711744 -3/288230376151711744 7/576460752303423488 65536 7/19342813113834066795298816 0 -3/9671406556917033397649408 1/512 21/1208925819614629174706176 21/1208925819614629174706176 -3/302231454903657293676544 3/32 1/19342813113834066795298816 -1/19342813113834066795298816 -1/9671406556917033397649408 1/512 -21/309485009821345068724781056 21/309485009821345068724781056 0 3/8192 0 1/73786976294838206464 -3/147573952589676412928 256 -3/9444732965739290427392 -7/18889465931478580854784 1/18889465931478580854784 2 35/1237940039285380274899124224 49/1237940039285380274899124224 49/1237940039285380274899124224 7/32768 5/9007199254740992 -5/9007199254740992 5/9007199254740992 5242880 3/4503599627370496 1/1125899906842624 5/9007199254740992 4194304 -3/1237940039285380274899124224 21/4951760157141521099596496896 9/4951760157141521099596496896 3/131072 9/18446744073709551616 15/36893488147419103232 0 3072 9/18014398509481984 15/18014398509481984 3/4503599627370496 6291456 -1 6 1/4 7 2 1 3 6
random_7_sequence S 8 12 3 4 9.3843960360058753e+255 -1.8768792072011751e+255 7.5075168288047002e+255 0.046875 -1.3138154450408225e+256 -1.126127524320705e+256 -1.126127524320705e+256 320 -9.3843960360058753e+255 -1.50150336576094e+256 1.126127524320705e+256 0.375 9.3843960360058753e+255 -5.6306376216035252e+255 1.3138154450408225e+256 0.21875 1.8768792072011751e+255 9.3843960360058753e+255 -5.6306376216035252e+255 0.015625 -7.5075168288047002e+255 -7.5075168288047002e+255 1.3138154450408225e+256 256 5.6306376216035252e+255 7.5075168288047002e+255 -9.3843960360058753e+255 8192 9.3843960360058753e+255 3.7537584144023501e+255 7.5075168288047002e+255 0.0546875 -9.3843960360058753e+255 -1.126127524320705e+256 1.50150336576094e+256 2621440 3.7537584144023501e+255 1.126127524320705e+256 -1.50150336576094e+256 2097152 -9.3843960360058753e+255 -1.8768792072011751e+255 -3.7537584144023501e+255 3 3.7537584144023501e+255 -1.8768792072011751e+255 7.5075168288047002e+255 3.0517578125e-05 -1 9 0.25 3 3 9 I -0.5 8 I 1 1 R -0.5 0 R 1 0 | random_7_sequence R 4 1 1 1 1 8 0 12 3 -1 3 439893564187775404099872521221245519217485913684541222852220667427497943122220607887543566323066291846594962061603835700342735781228647066118835599998431942971077749370560697890818067376317114003123814526439607001230293303399489284331910969955445175746560 -87978712837555080819974504244249103843497182736908244570444133485499588624444121577508713264613258369318992412320767140068547156245729413223767119999686388594215549874112139578163613475263422800624762905287921400246058660679897856866382193991089035149312 351914851350220323279898016976996415373988730947632978281776533941998354497776486310034853058453033477275969649283068560274188624982917652895068479998745554376862199496448558312654453901053691202499051621151685600984234642719591427465528775964356140597248 3/64 -4204209424130632128783848309485183842334585372387721980539623658827073675066769756450549711204985573275190250743435059066742306773129256226586418107718346889622247076650905443308511875937921430899188670034025470646424989865023385586788183776854174693001789440 -3603608077826256110386155693844443293429644604903761697605391707566063150057231219814756895318559062807305929208658622057207691519825076765645501235187154476819068922843633237121581607946789797913590288600593260554078562741448616217247014665875006879715819520 -3603608077826256110386155693844443293429644604903761697605391707566063150057231219814756895318559062807305929208658622057207691519825076765645501235187154476819068922843633237121581607946789797913590288600593260554078562741448616217247014665875006879715819520 320 -3519148513502203232798980169769964153739887309476329782817765339419983544977764863100348530584530334772759696492830685602741886249829176528950684799987455543768621994964485583126544539010536912024990516211516856009842346427195914274655287759643561405972480 -5630637621603525172478368271631942645983819695162127652508424543071973671964423780960557648935248535636415514388529096964387017999726682446321095679979928870029795191943176933002471262416859059239984825938426969615747754283513462839448460415429698249555968 4222978216202643879358776203723956984487864771371595739381318407303980253973317835720418236701436401727311635791396822723290263499795011834740821759984946652522346393957382699751853446812644294429988619453820227211810815712635097129586345311572273687166976 3/8 2052836632876285219132738432365812423014934263861192373310363114661657067903696170141869976174309361950776489620817899934932766979067019641887899466659349067198362830395949923490484314422813198681244467790051499339074702082530949993548917859792077486817280 -1231701979725771131479643059419487453808960558316715423986217868796994240742217702085121985704585617170465893772490739960959660187440211785132739679995609440319017698237569954094290588653687919208746680674030899603444821249518569996129350715875246492090368 2873971286026799306785833805312137392220907969405669322634508360526319895065174638198617966644033106731087085469145059908905873770693827498643059253323088694077707962554329892886678040191938478153742254906072099074704582915543329990968485003708908481544192 7/32 29326237612518360273324834748083034614499060912302748190148044495166529541481373859169571088204419456439664137440255713356182385415243137741255706666562129531405183291370713192721204491754474266874920968429307133415352886893299285622127397997029678383104 146631188062591801366624173740415173072495304561513740950740222475832647707406869295847855441022097282198320687201278566780911927076215688706278533332810647657025916456853565963606022458772371334374604842146535667076764434466496428110636989985148391915520 -87978712837555080819974504244249103843497182736908244570444133485499588624444121577508713264613258369318992412320767140068547156245729413223767119999686388594215549874112139578163613475263422800624762905287921400246058660679897856866382193991089035149312 1/64 -1921924308174003258872616370050369756495810455948672905389542244035233680030523317234537010836564833497229828911284598430510768810573374275010933992099815720970170092183271059798176857571621225553914820586983072295508566795439261982531741155133337002515103744 -1921924308174003258872616370050369756495810455948672905389542244035233680030523317234537010836564833497229828911284598430510768810573374275010933992099815720970170092183271059798176857571621225553914820586983072295508566795439261982531741155133337002515103744 3363367539304505703027078647588147073867668297910177584431698927061658940053415805160439768963988458620152200594748047253393845418503404981269134486174677511697797661320724354646809500750337144719350936027220376517139991892018708469430547021483339754401431552 256 46126183396176078212942792881208874155899450942768149729349013856845608320732559613628888260077556003933515893870830362332258451453760982600262415810395577303284082212398505435156244581718909413293955694087593735092205603090542287580761787723200088060362489856 61501577861568104283923723841611832207865934590357532972465351809127477760976746151505184346770074671911354525161107149776344601938347976800349887747194103071045442949864673913541659442291879217725274258783458313456274137454056383441015716964266784080483319808 -76876972326960130354904654802014790259832418237946916215581689761409347201220932689381480433462593339889193156451383937220430752422934971000437359683992628838806803687330842391927074302864849022156592823479322891820342671817570479301269646205333480100604149760 8192 513209158219071304783184608091453105753733565965298093327590778665414266975924042535467494043577340487694122405204474983733191744766754910471974866664837266799590707598987480872621078605703299670311116947512874834768675520632737498387229464948019371704320 205283663287628521913273843236581242301493426386119237331036311466165706790369617014186997617430936195077648962081789993493276697906701964188789946665934906719836283039594992349048431442281319868124446779005149933907470208253094999354891785979207748681728 410567326575257043826547686473162484602986852772238474662072622932331413580739234028373995234861872390155297924163579986986553395813403928377579893331869813439672566079189984698096862884562639736248893558010299867814940416506189998709783571958415497363456 7/128 -24600631144627241713569489536644732883146373836143013188986140723650991104390698460602073738708029868764541810064442859910537840775339190720139955098877641228418177179945869565416663776916751687090109703513383325382509654981622553376406286785706713632193327923200 -29520757373552690056283387443973679459775648603371615826783368868381189325268838152722488486449635842517450172077331431892645408930407028864167946118653169474101812615935043478499996532300102024508131644216059990459011585977947064051687544142848056358631993507840 39361009831403586741711183258631572613034198137828821102377825157841585767025117536963317981932847790023266896103108575856860545240542705152223928158204225965469083487913391304666662043066802699344175525621413320612015447970596085402250058857130741811509324677120 2621440 7872201966280717348342236651726314522606839627565764220475565031568317153405023507392663596386569558004653379220621715171372109048108541030444785631640845193093816697582678260933332408613360539868835105124282664122403089594119217080450011771426148362301864935424 23616605898842152045026709955178943567820518882697292661426695094704951460215070522177990789159708674013960137661865145514116327144325623091334356894922535579281450092748034782799997225840081619606505315372847992367209268782357651241350035314278445086905594806272 -31488807865122869393368946606905258090427358510263056881902260126273268613620094029570654385546278232018613516882486860685488436192434164121779142526563380772375266790330713043733329634453442159475340420497130656489612358376476868321800047085704593449207459741696 2097152 -28153188108017625862391841358159713229919098475810638262542122715359868359822118904802788244676242678182077571942645484821935089998633412231605478399899644350148975959715884665012356312084295296199924129692134848078738771417567314197242302077148491247779840 -5630637621603525172478368271631942645983819695162127652508424543071973671964423780960557648935248535636415514388529096964387017999726682446321095679979928870029795191943176933002471262416859059239984825938426969615747754283513462839448460415429698249555968 -11261275243207050344956736543263885291967639390324255305016849086143947343928847561921115297870497071272831028777058193928774035999453364892642191359959857740059590383886353866004942524833718118479969651876853939231495508567026925678896920830859396499111936 3 114555615673899844817675135734699353962886956688682610117765798809244256021411616637381137063298513501717438036875998880297587443028293506801780104166258318482051497231916848409067205045915915104980160032926980989903722214426950334461435148425897181184 -57277807836949922408837567867349676981443478344341305058882899404622128010705808318690568531649256750858719018437999440148793721514146753400890052083129159241025748615958424204533602522957957552490080016463490494951861107213475167230717574212948590592 229111231347799689635350271469398707925773913377365220235531597618488512042823233274762274126597027003434876073751997760595174886056587013603560208332516636964102994463833696818134410091831830209960320065853961979807444428853900668922870296851794362368 1/32768 -1 9 1/4 3 3 9
random_8_sequence S 1 3 3 4 -2.7755575615628914e-17 1.0408340855860843e-17 3.4694469519536142e-18 0.00048828125 2.0816681711721685e-17 0 1.3877787807814457e-17 0.00042724609375 -2.7755575615628914e-17 1.7347234759768071e-17 6.9388939039072284e-18 2.6702880859375e-05 -1 2 0.25 1 3 2 I -0.5 1 I 1 1 R -0.5 0 R 1 0 | random_8_sequence R 4 1 1 1 1 1 0 3 3 -1 3 -1/73786976294838206464 3/590295810358705651712 1/590295810358705651712 1/2048 21/2361183241434822606848 0 7/1180591620717411303424 7/16384 -7/9444732965739290427392 35/75557863725914323419136 7/37778931862957161709568 7/262144 -1 2 1/4 1 3 2
random_9_sequence P 2 5 4 4 -1.6279332111523082e+237 -3.2558664223046163e+237 -6.5117328446092327e+237 6.67572021484375e-06 1.6279332111523082e+237 0 1.1395532478066157e+238 0.375 9.767599266913849e+237 -9.767599266913849e+237 1.3023465689218465e+238 6.103515625e-05 8.1396660557615409e+237 0 -1.6279332111523082e+237 0.75 -8.1396660557615409e+237 -1.3023465689218465e+238 9.767599266913849e+237 5 -1 2 0.25 2 2 1 3 2 I -0.5 2 I 1 1 R -0.5 0 R 1 0 | random_9_sequence R 4 1 1 1 1 2 1 5 4 -1 3 -10867626646104962546042856419237517886798202119816876277973364266182356668804638204316148861800525345653414114879917512443201060308803700740110010925288267974431184832145949338851856999421189113776840994356015281256249927976712404992 -21735253292209925092085712838475035773596404239633752555946728532364713337609276408632297723601050691306828229759835024886402120617607401480220021850576535948862369664291898677703713998842378227553681988712030562512499855953424809984 -43470506584419850184171425676950071547192808479267505111893457064729426675218552817264595447202101382613656459519670049772804241235214802960440043701153071897724739328583797355407427997684756455107363977424061125024999711906849619968 7/1048576 610474954182115564643541118535271404767891692106558974645653486184451651411526373735482684405965053473778983513803092081837964018626650855746156865142593082833418967851014516460853114554914614080410615490956414976351081668470135005904896 0 4273324679274808952504787829746899833375241844745912822519574403291161559880684616148378790841755374316452884596621644572865748130386555990223098055998151579833932774957101615225971801884402298562874308436694904834457571679290945041334272 3/8 596166947443472231097208123569600981218644230572811498677395982602003565831568724351057308990200247532987288587698332111169886736940088726314606313615813557454510710792006363731301869682533802812900991690387124000342853191865366216704 -596166947443472231097208123569600981218644230572811498677395982602003565831568724351057308990200247532987288587698332111169886736940088726314606313615813557454510710792006363731301869682533802812900991690387124000342853191865366216704 794889263257962974796277498092801308291525640763748664903194643469338087775424965801409745320266996710649718116931109481559848982586784968419475084821084743272680947722675151641735826243378403750534655587182832000457137589153821622272 1/16384 6104749541821155646435411185352714047678916921065589746456534861844516514115263737354826844059650534737789835138030920818379640186266508557461568651425930828334189678510145164608531145549146140804106154909564149763510816684701350059048960 0 -1220949908364231129287082237070542809535783384213117949291306972368903302823052747470965368811930106947557967027606184163675928037253301711492313730285186165666837935702029032921706229109829228160821230981912829952702163336940270011809792 3/4 -40698330278807704309569407902351426984526112807103931643043565745630110094101758249032178960397670231585265567586872805455864267908443390383077124342839538855561264523400967764056874303660974272027374366063760998423405444564675667060326400 -65117328446092326895311052643762283175241780491366290628869705193008176150562813198451486336636272370536424908138996488729382828653509424612923398948543262168898023237441548422490998885857558835243798985702017597477448711303481067296522240 48837996334569245171483289482821712381431335368524717971652278894756132112922109898838614752477204277902318681104247366547037121490132068459692549211407446626673517428081161316868249164393169126432849239276513198108086533477610800472391680 5 -1 2 1/4 2 2 1 3 2
random_10_sequence S 3 5 3 4 -3.815132016647303e-106 4.3601508761683463e-106 3.2701131571262598e-106 2.288818359375e-05 3.815132016647303e-106 -3.2701131571262598e-106 5.4501885952104329e-107 0.375 4.3601508761683463e-106 5.4501885952104329e-107 3.815132016647303e-106 2.6702880859375e-05 2.1800754380841732e-106 -5.4501885952104329e-107 -5.4501885952104329e-107 14 5.4501885952104329e-107 -1.6350565785631299e-106 -1.0900377190420866e-106 0.046875 -1 4 0.25 1 3 4 I -0.5 3 I 1 1 R -0.5 0 R 1 0 | random_10_sequence R 4 1 1 1 1 3 0 5 3 -1 3 -21/2404907604760405225358828131112281116032698930082119547604265954848982041717359046106827774346003151904701415424 3/300613450595050653169853516389035139504087366260264943450533244356122755214669880763353471793250393988087676928 9/1202453802380202612679414065556140558016349465041059773802132977424491020858679523053413887173001575952350707712 3/131072 21/146783911423364576743092537299333564210980159306769991919205685720763064069663027716481187399048043939495936 -9/73391955711682288371546268649666782105490079653384995959602842860381532034831513858240593699524021969747968 3/146783911423364576743092537299333564210980159306769991919205685720763064069663027716481187399048043939495936 3/8 7/601226901190101306339707032778070279008174732520529886901066488712245510429339761526706943586500787976175353856 7/4809815209520810450717656262224562232065397860164239095208531909697964083434718092213655548692006303809402830848 49/4809815209520810450717656262224562232065397860164239095208531909697964083434718092213655548692006303809402830848 7/262144 7/2293498615990071511610820895302086940796564989168281123737588839386922876088484808070018553110125686554624 -7/9173994463960286046443283581208347763186259956673124494950355357547691504353939232280074212440502746218496 -7/9173994463960286046443283581208347763186259956673124494950355357547691504353939232280074212440502746218496 14 3/1174271291386916613944740298394668513687841274454159935353645485766104512557304221731849499192384351515967488 -9/1174271291386916613944740298394668513687841274454159935353645485766104512557304221731849499192384351515967488 -3/587135645693458306972370149197334256843920637227079967676822742883052256278652110865924749596192175757983744 3/64 -1 4 1/4 1 3 4
random_11_sequence S 4 8 3 4 1.4411518807585587e+18 5.7646075230342349e+17 -2.305843009213694e+18 224 1.7293822569102705e+18 5.7646075230342349e+17 -1.7293822569102705e+18 7340032 -5.7646075230342349e+17 2.0176126330619822e+18 5.7646075230342349e+17 7340032 2.8823037615171174e+17 1.4411518807585587e+18 2.8823037615171174e+17 262144 1.4411518807585587e+18 8.6469112845513523e+17 8.6469112845513523e+17 131072 8.6469112845513523e+17 1.152921504606847e+18 -1.152921504606847e+18 32 2.305843009213694e+18 1.152921504606847e+18 8.6469112845513523e+17 64 8.6469112845513523e+17 -1.4411518807585587e+18 0 1.52587890625e-05 -1 5 0.25 3 3 5 I -0.5 4 I 1 1 R -0.5 0 R 1 0 | random_11_sequence R 4 1 1 1 1 4 0 8 3 -1 3 322818021289917153280 129127208515966861312 -516508834063867445248 224 12693721105953606334414848 4231240368651202111471616 -12693721105953606334414848 7340032 -4231240368651202111471616 14809341290279207390150656 4231240368651202111471616 7340032 75557863725914323419136 377789318629571617095680 75557863725914323419136 262144 188894659314785808547840 113336795588871485128704 113336795588871485128704 131072 27670116110564327424 36893488147419103232 -36893488147419103232 32 147573952589676412928 73786976294838206464 55340232221128654848 64 13194139533312 -21990232555520 0 1/65536 -1 5 1/4 3 3 5
random_12_sequence P 5 10 4 4 0 -9.0651109995611182e-218 -1.3597666499341677e-217 3 -3.1727888498463914e-217 -1.3597666499341677e-217 2.7195332998683355e-217 0.000732421875 -4.5325554997805591e-218 -2.2662777498902796e-217 2.2662777498902796e-217 0.0029296875 2.2662777498902796e-217 -1.8130221999122236e-217 3.6260443998244473e-217 0.1875 -9.0651109995611182e-218 -2.7195332998683355e-217 9.0651109995611182e-218 256 4.5325554997805591e-218 -1.3597666499341677e-217 0 6144 9.0651109995611182e-218 2.2662777498902796e-217 -2.7195332998683355e-217 327680 -1.8130221999122236e-217 4.5325554997805591e-218 -2.7195332998683355e-217 16 4.5325554997805591e-218 1.3597666499341677e-217 -1.3597666499341677e-217 0.00018310546875 3.6260443998244473e-217 -3.6260443998244473e-217 -2.7195332998683355e-217 0.5 -1 4 0.25 5 2 1 3 4 I -0.5 5 I 1 1 R -0.5 0 R 1 0 | random_12_sequence R 4 1 1 1 1 5 1 10 4 -1 3 0 -3/11031304526203974597457456414861827591216226218170224705794538792432397774848431640257320003887617175667569787102671861633294128382337464639166223001902133228245297232354359845986844033174623155170927185464197384241152 -9/22062609052407949194914912829723655182432452436340449411589077584864795549696863280514640007775234351335139574205343723266588256764674929278332446003804266456490594464708719691973688066349246310341854370928394768482304 3 -21/90368446678662959902371482950548091627243325179250480789868861787606202571558351996987965471847359903068731695945087890499945499708108510324049698831582275405785474927446915858324226319766512887160235503322704971703517184 -9/90368446678662959902371482950548091627243325179250480789868861787606202571558351996987965471847359903068731695945087890499945499708108510324049698831582275405785474927446915858324226319766512887160235503322704971703517184 9/45184223339331479951185741475274045813621662589625240394934430893803101285779175998493982735923679951534365847972543945249972749854054255162024849415791137702892737463723457929162113159883256443580117751661352485851758592 3/4096 -3/22592111669665739975592870737637022906810831294812620197467215446901550642889587999246991367961839975767182923986271972624986374927027127581012424707895568851446368731861728964581056579941628221790058875830676242925879296 -15/22592111669665739975592870737637022906810831294812620197467215446901550642889587999246991367961839975767182923986271972624986374927027127581012424707895568851446368731861728964581056579941628221790058875830676242925879296 15/22592111669665739975592870737637022906810831294812620197467215446901550642889587999246991367961839975767182923986271972624986374927027127581012424707895568851446368731861728964581056579941628221790058875830676242925879296 3/1024 15/353001744838527187118638605275578482918919238981447190585425241357836728795149812488234240124403749621362233187285499572265412108234798868453319136060868263303849511435339515071579009061587940965469669934854316295716864 -3/88250436209631796779659651318894620729729809745361797646356310339459182198787453122058560031100937405340558296821374893066353027058699717113329784015217065825962377858834878767894752265396985241367417483713579073929216 3/44125218104815898389829825659447310364864904872680898823178155169729591099393726561029280015550468702670279148410687446533176513529349858556664892007608532912981188929417439383947376132698492620683708741856789536964608 3/16 -1/43091033305484275771318189120554014028188383664727440257009917157939053808001686094755156265186004592451444480869811959505055188993505721246743058601180207922833192313884218148386109504588371699886434318219521032192 -3/43091033305484275771318189120554014028188383664727440257009917157939053808001686094755156265186004592451444480869811959505055188993505721246743058601180207922833192313884218148386109504588371699886434318219521032192 1/43091033305484275771318189120554014028188383664727440257009917157939053808001686094755156265186004592451444480869811959505055188993505721246743058601180207922833192313884218148386109504588371699886434318219521032192 256 3/10772758326371068942829547280138503507047095916181860064252479289484763452000421523688789066296501148112861120217452989876263797248376430311685764650295051980708298078471054537096527376147092924971608579554880258048 -9/10772758326371068942829547280138503507047095916181860064252479289484763452000421523688789066296501148112861120217452989876263797248376430311685764650295051980708298078471054537096527376147092924971608579554880258048 0 6144 5/168324348849547952231711676252164117297610873690341563503944988898199428937506586307637329160882830439263455003397702966816621832005881723620090072660860187198567157476110227142133240252298326952681384055545004032 25/336648697699095904463423352504328234595221747380683127007889977796398857875013172615274658321765660878526910006795405933633243664011763447240180145321720374397134314952220454284266480504596653905362768111090008064 -15/168324348849547952231711676252164117297610873690341563503944988898199428937506586307637329160882830439263455003397702966816621832005881723620090072660860187198567157476110227142133240252298326952681384055545004032 327680 -1/344728266443874206170545512964432112225507069317819522056079337263512430464013488758041250121488036739611555846958495676040441511948045769973944468809441663382665538511073745187088876036706973599091474545756168257536 1/1378913065775496824682182051857728448902028277271278088224317349054049721856053955032165000485952146958446223387833982704161766047792183079895777875237766653530662154044294980748355504146827894396365898183024673030144 -3/689456532887748412341091025928864224451014138635639044112158674527024860928026977516082500242976073479223111693916991352080883023896091539947888937618883326765331077022147490374177752073413947198182949091512336515072 16 3/361473786714651839609485931802192366508973300717001923159475447150424810286233407987951861887389439612274926783780351561999781998832434041296198795326329101623141899709787663433296905279066051548640942013290819886814068736 9/361473786714651839609485931802192366508973300717001923159475447150424810286233407987951861887389439612274926783780351561999781998832434041296198795326329101623141899709787663433296905279066051548640942013290819886814068736 -9/361473786714651839609485931802192366508973300717001923159475447150424810286233407987951861887389439612274926783780351561999781998832434041296198795326329101623141899709787663433296905279066051548640942013290819886814068736 3/16384 1/5515652263101987298728728207430913795608113109085112352897269396216198887424215820128660001943808587833784893551335930816647064191168732319583111500951066614122648616177179922993422016587311577585463592732098692120576 -1/5515652263101987298728728207430913795608113109085112352897269396216198887424215820128660001943808587833784893551335930816647064191168732319583111500951066614122648616177179922993422016587311577585463592732098692120576 -3/22062609052407949194914912829723655182432452436340449411589077584864795549696863280514640007775234351335139574205343723266588256764674929278332446003804266456490594464708719691973688066349246310341854370928394768482304 1/2 -1 4 1/4 5 2 1 3 4
random_13_sequence S 6 11 3 4 -4.5278395394133562e-71 1.8111358157653425e-71 -1.8111358157653425e-71 196608 1.8111358157653425e-71 5.4334074472960274e-71 1.8111358157653425e-71 0.0001220703125 1.8111358157653425e-71 3.6222716315306849e-71 -9.0556790788267124e-72 384 -1.8111358157653425e-71 -4.5278395394133562e-71 3.6222716315306849e-71 2097152 9.0556790788267124e-72 -9.0556790788267124e-72 -7.2445432630613699e-71 0.000244140625 -4.5278395394133562e-71 4.5278395394133562e-71 2.7167037236480137e-71 65536 -6.3389753551786987e-71 -6.3389753551786987e-71 7.2445432630613699e-71 196608 -9.0556790788267124e-72 -4.5278395394133562e-71 -5.4334074472960274e-71 1024 -3.6222716315306849e-71 -9.0556790788267124e-72 0 0.0078125 -3.6222716315306849e-71 9.0556790788267124e-72 3.6222716315306849e-71 2 -6.3389753551786987e-71 -7.2445432630613699e-71 4.5278395394133562e-71 0.25 -1 7 0.25 4 3 7 I -0.5 6 I 1 1 R -0.5 0 R 1 0 | random_13_sequence R 4 1 1 1 1 6 0 11 3 -1 3 -15/1684996666696914987166688442938726917102321526408785780068975640576 3/842498333348457493583344221469363458551160763204392890034487820288 -3/842498333348457493583344221469363458551160763204392890034487820288 196608 1/452312848583266388373324160190187140051835877600158453279131187530910662656 3/452312848583266388373324160190187140051835877600158453279131187530910662656 1/452312848583266388373324160190187140051835877600158453279131187530910662656 1/8192 3/431359146674410236714672241392314090778194310760649159697657763987456 3/215679573337205118357336120696157045389097155380324579848828881993728 -3/862718293348820473429344482784628181556388621521298319395315527974912 384 -1/26328072917139296674479506920917608079723773850137277813577744384 -5/52656145834278593348959013841835216159447547700274555627155488768 1/13164036458569648337239753460458804039861886925068638906788872192 2097152 1/452312848583266388373324160190187140051835877600158453279131187530910662656 -1/452312848583266388373324160190187140051835877600158453279131187530910662656 -1/56539106072908298546665520023773392506479484700019806659891398441363832832 1/4096 -5/1684996666696914987166688442938726917102321526408785780068975640576 5/1684996666696914987166688442938726917102321526408785780068975640576 3/1684996666696914987166688442938726917102321526408785780068975640576 65536 -21/1684996666696914987166688442938726917102321526408785780068975640576 -21/1684996666696914987166688442938726917102321526408785780068975640576 3/210624583337114373395836055367340864637790190801098222508621955072 196608 -1/107839786668602559178668060348078522694548577690162289924414440996864 -5/107839786668602559178668060348078522694548577690162289924414440996864 -3/53919893334301279589334030174039261347274288845081144962207220498432 1024 -1/3533694129556768659166595001485837031654967793751237916243212402585239552 -1/14134776518227074636666380005943348126619871175004951664972849610340958208 0 1/128 -1/13803492693581127574869511724554050904902217944340773110325048447598592 1/55213970774324510299478046898216203619608871777363092441300193790394368 1/13803492693581127574869511724554050904902217944340773110325048447598592 2 -7/441711766194596082395824375185729628956870974218904739530401550323154944 -1/55213970774324510299478046898216203619608871777363092441300193790394368 5/441711766194596082395824375185729628956870974218904739530401550323154944 1/4 -1 7 1/4 4 3 7
random_14_sequence S 7 15 3 4 -7.687697232696013e+258 1.3453470157218023e+259 5.7657729245220098e+258 327680 7.687697232696013e+258 -1.5375394465392026e+259 5.7657729245220098e+258 57344 -5.7657729245220098e+258 3.8438486163480065e+258 5.7657729245220098e+258 1 5.7657729245220098e+258 1.3453470157218023e+259 5.7657729245220098e+258 1.5 -7.687697232696013e+258 -1.5375394465392026e+259 -1.3453470157218023e+259 0.1875 1.3453470157218023e+259 -1.5375394465392026e+259 1.153154584904402e+259 5.7220458984375e-06 -1.3453470157218023e+259 -3.8438486163480065e+258 1.153154584904402e+259 1.9073486328125e-06 9.6096215408700163e+258 9.6096215408700163e+258 0 1024 5.7657729245220098e+258 -3.8438486163480065e+258 -3.8438486163480065e+258 1.9073486328125e-06 5.7657729245220098e+258 -3.8438486163480065e+258 -9.6096215408700163e+258 0.015625 -9.6096215408700163e+258 9.6096215408700163e+258 -1.9219243081740033e+258 0.125 -1.153154584904402e+259 -1.3453470157218023e+259 1.5375394465392026e+259 256 1.5375394465392026e+259 -1.3453470157218023e+259 0 0.015625 5.7657729245220098e+258 -1.9219243081740033e+258 -5.7657729245220098e+258 48 -1.153154584904402e+259 9.6096215408700163e+258 -9.6096215408700163e+258 7340032 -1 8 0.25 7 3 8 I -0.5 7 I 1 1 R -0.5 0 R 1 0 | random_14_sequence R 4 1 1 1 1 7 0 15 3 -1 3 -2519104629209829551469515728552420647234188680821044550552180810101861489089607522365652350843702258561489081350598948854839074895394733129742331402125070461790021343226457043498666370756275372758027233639770452519168988670118149465744003766856367475936596779335680 4408433101117201715071652524966736132659830191436827963466316417678257605906813164139891613976478952482605892363548160495968381066940782977049079953718873308132537350646299826122666148823481902326547658869598291908545730172706761565052006591998643082889044363837440 1889328471907372163602136796414315485425641510615783412914135607576396116817205641774239263132776693921116811012949211641129306171546049847306748551593802846342516007419842782623999778067206529568520425229827839389376741502588612099308002825142275606952447584501760 327680 440843310111720171507165252496673613265983019143682796346631641767825760590681316413989161397647895248260589236354816049596838106694078297704907995371887330813253735064629982612266614882348190232654765886959829190854573017270676156505200659199864308288904436383744 -881686620223440343014330504993347226531966038287365592693263283535651521181362632827978322795295790496521178472709632099193676213388156595409815990743774661626507470129259965224533229764696380465309531773919658381709146034541352313010401318399728616577808872767488 330632482583790128630373939372505209949487264357762097259973731325869320443010987310491871048235921436195441927266112037197628580020558723278680996528915498109940301298472486959199961161761142674491074415219871893140929762953007117378900494399898231216678327287808 57344 -5765772924522009776617849110151109269487431367846018716168626732105701040091569951703611032509694500491689486733853795291532306431720122825032801976299447162910510276549813179394530572714863676661744461760949216886525700386317785947595223465400011007545311232 3843848616348006517745232740100739512991620911897345810779084488070467360061046634469074021673129666994459657822569196861021537621146748550021867984199631441940340184366542119596353715143242451107829641173966144591017133590878523965063482310266674005030207488 5765772924522009776617849110151109269487431367846018716168626732105701040091569951703611032509694500491689486733853795291532306431720122825032801976299447162910510276549813179394530572714863676661744461760949216886525700386317785947595223465400011007545311232 1 8648659386783014664926773665226663904231147051769028074252940098158551560137354927555416548764541750737534230100780692937298459647580184237549202964449170744365765414824719769091795859072295514992616692641423825329788550579476678921392835198100016511317966848 20180205235827034218162471885528882443206009787461065506590193562369953640320494830962638613783930751720913203568488283520363072511020429887614806917048065070186785967924346127880857004502022868316105616163322259102839951352112250816583282128900038526408589312 8648659386783014664926773665226663904231147051769028074252940098158551560137354927555416548764541750737534230100780692937298459647580184237549202964449170744365765414824719769091795859072295514992616692641423825329788550579476678921392835198100016511317966848 3/2 -1441443231130502444154462277537777317371857841961504679042156683026425260022892487925902758127423625122922371683463448822883076607930030706258200494074861790727627569137453294848632643178715919165436115440237304221631425096579446486898805866350002751886327808 -2882886462261004888308924555075554634743715683923009358084313366052850520045784975851805516254847250245844743366926897645766153215860061412516400988149723581455255138274906589697265286357431838330872230880474608443262850193158892973797611732700005503772655616 -2522525654478379277270308985691110305400751223432633188323774195296244205040061853870329826722991343965114150446061035440045384063877553735951850864631008133773348245990543265985107125562752858539513202020415282387854993919014031352072910266112504815801073664 3/16 76981373732860695717477691213717965863060034894794713999138616799812140046388606380320124106536601073154118360780671247559978761715013236570796229999725590019938606139848122130893161790855494950546667542126931225215301328094910624758084419742202905755648 -87978712837555080819974504244249103843497182736908244570444133485499588624444121577508713264613258369318992412320767140068547156245729413223767119999686388594215549874112139578163613475263422800624762905287921400246058660679897856866382193991089035149312 65984034628166310614980878183186827882622887052681183427833100114124691468333091183131534948459943776989244309240575355051410367184297059917825339999764791445661662405584104683622710106447567100468572178965941050184543995509923392649786645493316776361984 3/524288 -25660457910953565239159230404572655287686678298264904666379538933270713348796202126773374702178867024384706120260223749186659587238337745523598743333241863339979535379949374043631053930285164983515555847375643741738433776031636874919361473247400968585216 -7331559403129590068331208687020758653624765228075687047537011123791632385370343464792392772051104864109916034360063928339045596353810784435313926666640532382851295822842678298180301122938618566718730242107326783353838221723324821405531849499257419595776 21994678209388770204993626061062275960874295684227061142611033371374897156111030394377178316153314592329748103080191785017136789061432353305941779999921597148553887468528034894540903368815855700156190726321980350061514665169974464216595548497772258787328 1/524288 9840252457850896685427795814657893153258549534457205275594456289460396441756279384240829495483211947505816724025777143964215136310135676288055982039551056491367270871978347826166665510766700674836043881405353330153003861992649021350562514714282685452877331169280 9840252457850896685427795814657893153258549534457205275594456289460396441756279384240829495483211947505816724025777143964215136310135676288055982039551056491367270871978347826166665510766700674836043881405353330153003861992649021350562514714282685452877331169280 0 1024 10997339104694385102496813030531137980437147842113530571305516685687448578055515197188589158076657296164874051540095892508568394530716176652970889999960798574276943734264017447270451684407927850078095363160990175030757332584987232108297774248886129393664 -7331559403129590068331208687020758653624765228075687047537011123791632385370343464792392772051104864109916034360063928339045596353810784435313926666640532382851295822842678298180301122938618566718730242107326783353838221723324821405531849499257419595776 -7331559403129590068331208687020758653624765228075687047537011123791632385370343464792392772051104864109916034360063928339045596353810784435313926666640532382851295822842678298180301122938618566718730242107326783353838221723324821405531849499257419595776 1/524288 90090201945656402759653892346111082335741115122594042440134792689151578751430780495368922382963976570182648230216465551430192287995626919141137530879678861920476723071090830928039540198669744947839757215014831513851964068536215405431175366646875171992895488 -60060134630437601839769261564074054890494076748396028293423195126101052500953853663579281588642651046788432153477643700953461525330417946094091687253119241280317815380727220618693026799113163298559838143343221009234642712357476936954116911097916781328596992 -150150336576094004599423153910185137226235191870990070733557987815252631252384634158948203971606627616971080383694109252383653813326044865235229218132798103200794538451818051546732566997782908246399595358358052523086606780893692342385292277744791953321492480 1/64 -1201202692608752036795385231281481097809881534967920565868463902522021050019077073271585631772853020935768643069552874019069230506608358921881833745062384825606356307614544412373860535982263265971196762866864420184692854247149538739082338221958335626571939840 1201202692608752036795385231281481097809881534967920565868463902522021050019077073271585631772853020935768643069552874019069230506608358921881833745062384825606356307614544412373860535982263265971196762866864420184692854247149538739082338221958335626571939840 -240240538521750407359077046256296219561976306993584113173692780504404210003815414654317126354570604187153728613910574803813846101321671784376366749012476965121271261522908882474772107196452653194239352573372884036938570849429907747816467644391667125314387968 1/8 -2952075737355269005628338744397367945977564860337161582678336886838118932526883815272248848644963584251745017207733143189264540893040702886416794611865316947410181261593504347849999653230010202450813164421605999045901158597794706405168754414284805635863199350784 -3444088360247813839899728535130262603640492337060021846458059701311138754614697784484290323419124181627035853409022000387475297708547486700819593713842869771978544805192421739158332928768345236192615358491873665553551351697427157472696880149998939908507065909248 3936100983140358674171118325863157261303419813782882110237782515784158576702511753696331798193284779002326689610310857585686054524054270515222392815820422596546908348791339130466666204306680269934417552562141332061201544797059608540225005885713074181150932467712 256 240240538521750407359077046256296219561976306993584113173692780504404210003815414654317126354570604187153728613910574803813846101321671784376366749012476965121271261522908882474772107196452653194239352573372884036938570849429907747816467644391667125314387968 -210210471206531606439192415474259192116729268619386099026981182941353683753338487822527485560249278663759512537171752953337115338656462811329320905385917344481112353832545272165425593796896071544959433501701273532321249493251169279339409188842708734650089472 0 1/64 276757100377056469277656757287253244935396705656608898376094083141073649924395357681773329560465336023601095363224982173993550708722565895601574494862373463819704493274391032610937467490313456479763734164525562410553233618543253725484570726339200528362174939136 -92252366792352156425885585762417748311798901885536299458698027713691216641465119227257776520155112007867031787741660724664516902907521965200524831620791154606568164424797010870312489163437818826587911388175187470184411206181084575161523575446400176120724979712 -276757100377056469277656757287253244935396705656608898376094083141073649924395357681773329560465336023601095363224982173993550708722565895601574494862373463819704493274391032610937467490313456479763734164525562410553233618543253725484570726339200528362174939136 48 -84641915541450272929375728479361333747068739675587096898553275219422546033410812751485918988348395887666033133380124681522592916485263033159342335111402367516144717132408956661555190057410852524669715050296287204644078019315969822048998526566373947191469651785678848 70534929617875227441146440399467778122557283062989247415461062682852121694509010626238265823623663239721694277816770567935494097071052527632785279259501972930120597610340797217962658381175710437224762541913572670536731682763308185040832105471978289326224709821399040 -70534929617875227441146440399467778122557283062989247415461062682852121694509010626238265823623663239721694277816770567935494097071052527632785279259501972930120597610340797217962658381175710437224762541913572670536731682763308185040832105471978289326224709821399040 7340032 -1 8 1/4 7 3 8
random_15_sequence P 8 17 4 4 5.0606330140051258e+222 5.0606330140051258e+222 -7.2294757342930368e+221 2048 2.168842720287911e+222 -3.6147378671465184e+222 -2.8917902937172147e+222 0.015625 -1.4458951468586074e+222 2.168842720287911e+222 0 24 -3.6147378671465184e+222 -5.0606330140051258e+222 -2.168842720287911e+222 3.814697265625e-06 -4.3376854405758221e+222 7.2294757342930368e+221 7.2294757342930368e+221 917504 7.2294757342930368e+221 -5.7835805874344294e+222 -7.2294757342930368e+221 1.52587890625e-05 -3.6147378671465184e+222 -3.6147378671465184e+222 1.4458951468586074e+222 1.52587890625e-05 -5.0606330140051258e+222 -5.7835805874344294e+222 4.3376854405758221e+222 3584 4.3376854405758221e+222 -2.8917902937172147e+222 -3.6147378671465184e+222 0.046875 7.2294757342930368e+221 2.168842720287911e+222 1.4458951468586074e+222 32 3.6147378671465184e+222 -5.0606330140051258e+222 -4.3376854405758221e+222 512 -2.8917902937172147e+222 0 -5.0606330140051258e+222 2 7.2294757342930368e+221 4.3376854405758221e+222 2.8917902937172147e+222 3.0517578125e-05 4.3376854405758221e+222 -5.7835805874344294e+222 4.3376854405758221e+222 0.000244140625 4.3376854405758221e+222 -2.168842720287911e+222 -5.7835805874344294e+222 6.67572021484375e-06 1.4458951468586074e+222 -7.2294757342930368e+221 5.0606330140051258e+222 0.0001220703125 -4.3376854405758221e+222 2.168842720287911e+222 5.7835805874344294e+222 2 -1 8 0.25 8 2 1 3 8 I -0.5 8 I 1 1 R -0.5 0 R 1 0 | random_15_sequence R 4 1 1 1 1 8 1 17 4 -1 3 10364176412682497545283180636632459532545282478157879140828480020696980160526884273830555784035230012563146700744550239985657749470523548832044611859596508001738724548479031885959488868161381830002633089405074387794732978798592 10364176412682497545283180636632459532545282478157879140828480020696980160526884273830555784035230012563146700744550239985657749470523548832044611859596508001738724548479031885959488868161381830002633089405074387794732978798592 -1480596630383213935040454376661779933220754639736839877261211431528140022932412039118650826290747144651878100106364319997951107067217649833149230265656644000248389221211290269422784124023054547143233298486439198256390425542656 2048 33888167504498609963389306106455534360216246942218930296200823170352325964334381998870487051942759963650774385979407958937479562390540691371518637061843353277169553097792593446871584869912442332685088313746014364388818944 -56480279174164349938982176844092557267027078237031550493668038617253876607223969998117478419904599939417957309965679931562465937317567818952531061769738922128615921829654322411452641449854070554475147189576690607314698240 -45184223339331479951185741475274045813621662589625240394934430893803101285779175998493982735923679951534365847972543945249972749854054255162024849415791137702892737463723457929162113159883256443580117751661352485851758592 1/64 -34701483524606576602510649453010467184861436868832184623309642926440781787478407166843378741189386202778392971242913749951979071887913667964435084351327593755821622372139615689596502906790340948669530433275918709134150598656 52052225286909864903765974179515700777292155303248276934964464389661172681217610750265068111784079304167589456864370624927968607831870501946652626526991390633732433558209423534394754360185511423004295649913878063701225897984 0 24 -13789130657754968246821820518577284489020282772712780882243173490540497218560539550321650004859521469584462233878339827041617660477921830798957778752377666535306621540442949807483555041468278943963658981830246730301440 -19304782920856955545550548726008198284628395881797893235140442886756696105984755370450310006803330057418247127429675757858264724669090563118540890253328733149429270156620129730476977058055590521549122574562345422422016 -8273478394652980948093092311146370693412169663627668529345904094324298331136323730192990002915712881750677340327003896224970596286753098479374667251426599921183972924265769884490133024880967366378195389098148038180864 1/262144 -3979843742470079057388741364466864460497388471612625590078136327947640381642323561150933421069528324824248333085907292154492575796681042751505130954085059072667670226615948244208443725373970622721011106331548564913177463858659328 663307290411679842898123560744477410082898078602104265013022721324606730273720593525155570178254720804041388847651215359082095966113507125250855159014176512111278371102658040701407287562328437120168517721924760818862910643109888 663307290411679842898123560744477410082898078602104265013022721324606730273720593525155570178254720804041388847651215359082095966113507125250855159014176512111278371102658040701407287562328437120168517721924760818862910643109888 917504 11031304526203974597457456414861827591216226218170224705794538792432397774848431640257320003887617175667569787102671861633294128382337464639166223001902133228245297232354359845986844033174623155170927185464197384241152 -88250436209631796779659651318894620729729809745361797646356310339459182198787453122058560031100937405340558296821374893066353027058699717113329784015217065825962377858834878767894752265396985241367417483713579073929216 -11031304526203974597457456414861827591216226218170224705794538792432397774848431640257320003887617175667569787102671861633294128382337464639166223001902133228245297232354359845986844033174623155170927185464197384241152 1/65536 -55156522631019872987287282074309137956081131090851123528972693962161988874242158201286600019438085878337848935513359308166470641911687323195831115009510666141226486161771799229934220165873115775854635927320986921205760 -55156522631019872987287282074309137956081131090851123528972693962161988874242158201286600019438085878337848935513359308166470641911687323195831115009510666141226486161771799229934220165873115775854635927320986921205760 22062609052407949194914912829723655182432452436340449411589077584864795549696863280514640007775234351335139574205343723266588256764674929278332446003804266456490594464708719691973688066349246310341854370928394768482304 1/65536 -18137308722194370704245566114106804181954244336776288496449840036219715280922047479203472622061652521985506726302962919974901061573416210456078070754293889003042767959838305800429105519282418202504607906458880178640782712897536 -20728352825364995090566361273264919065090564956315758281656960041393960321053768547661111568070460025126293401489100479971315498941047097664089223719193016003477449096958063771918977736322763660005266178810148775589465957597184 15546264619023746317924770954948689298817923717236818711242720031045470240790326410745833676052845018844720051116825359978486624205785323248066917789394762002608086822718547828939233302242072745003949634107611581692099468197888 3584 203329005026991659780335836638733206161297481653313581777204939022113955786006291993222922311656559781904646315876447753624877374343244148229111822371060119663017318586755560681229509219474653996110529882476086186332913664 -135552670017994439853557224425822137440864987768875721184803292681409303857337527995481948207771039854603097543917631835749918249562162765486074548247373413108678212391170373787486339479649769330740353254984057457555275776 -169440837522493049816946530532277671801081234711094651481004115851761629821671909994352435259713799818253871929897039794687397811952703456857593185309216766385847765488962967234357924349562211663425441568730071821944094720 3/64 23134322349737717735007099635340311456574291245888123082206428617627187858318938111228919160792924135185595314161942499967986047925275778642956722900885062503881081581426410459731001937860227299113020288850612472756100399104 69402967049213153205021298906020934369722873737664369246619285852881563574956814333686757482378772405556785942485827499903958143775827335928870168702655187511643244744279231379193005813580681897339060866551837418268301197312 46268644699475435470014199270680622913148582491776246164412857235254375716637876222457838321585848270371190628323884999935972095850551557285913445801770125007762163162852820919462003875720454598226040577701224945512200798208 32 1850745787979017418800567970827224916525943299671049846576514289410175028665515048898313532863433930814847625132955399997438883834022062291436537832070805000310486526514112836778480155028818183929041623108048997820488031928320 -2591044103170624386320795159158114883136320619539469785207120005174245040131721068457638946008807503140786675186137559996414437367630887208011152964899127000434681137119757971489872217040345457500658272351268596948683244699648 -2220894945574820902560681564992669899831131959605259815891817147292210034398618058677976239436120716977817150159546479996926660600826474749723845398484966000372583831816935404134176186034581820714849947729658797384585638313984 512 -5783580587434429433751774908835077864143572811472030770551607154406796964579734527807229790198231033796398828540485624991996511981318944660739180725221265625970270395356602614932750484465056824778255072212653118189025099776 0 -10121266028010251509065606090461386262251252420076053848465312520211894688014535423662652132846904309143697949945849843735993895967308153156293566269137214845447973191874054576132313347813849443361946376372142956830793924608 2 22062609052407949194914912829723655182432452436340449411589077584864795549696863280514640007775234351335139574205343723266588256764674929278332446003804266456490594464708719691973688066349246310341854370928394768482304 132375654314447695169489476978341931094594714618042696469534465509188773298181179683087840046651406108010837445232062339599529540588049575669994676022825598738943566788252318151842128398095477862051126225570368610893824 88250436209631796779659651318894620729729809745361797646356310339459182198787453122058560031100937405340558296821374893066353027058699717113329784015217065825962377858834878767894752265396985241367417483713579073929216 1/32768 1059005234515581561355915815826735448756757716944341571756275724073510186385449437464702720373211248864086699561856498716796236324704396605359957408182604789911548534306018545214737027184763822896409009804562948887150592 -1412006979354108748474554421102313931675676955925788762341700965431346915180599249952936960497614998485448932749141998289061648432939195473813276544243473053215398045741358060286316036246351763861878679739417265182867456 1059005234515581561355915815826735448756757716944341571756275724073510186385449437464702720373211248864086699561856498716796236324704396605359957408182604789911548534306018545214737027184763822896409009804562948887150592 1/4096 28957174381285433318325823089012297426942593822696839852710664330135044158977133055675465010204995086127370691144513636787397087003635844677811335379993099724143905234930194595715465587083385782323683861843518133633024 -14478587190642716659162911544506148713471296911348419926355332165067522079488566527837732505102497543063685345572256818393698543501817922338905667689996549862071952617465097297857732793541692891161841930921759066816512 -38609565841713911091101097452016396569256791763595786470280885773513392211969510740900620013606660114836494254859351515716529449338181126237081780506657466298858540313240259460953954116111181043098245149124690844844032 7/1048576 176500872419263593559319302637789241459459619490723595292712620678918364397574906244117120062201874810681116593642749786132706054117399434226659568030434131651924755717669757535789504530793970482734834967427158147858432 -88250436209631796779659651318894620729729809745361797646356310339459182198787453122058560031100937405340558296821374893066353027058699717113329784015217065825962377858834878767894752265396985241367417483713579073929216 617753053467422577457617559232262345108108668217532583524494172376214275391512171854409920217706561837383908077749624251464471189410898019793308488106519460781736645011844151375263265857778896689571922385995053517504512 1/8192 -8675370881151644150627662363252616796215359217208046155827410731610195446869601791710844685297346550694598242810728437487994767971978416991108771087831898438955405593034903922399125726697585237167382608318979677283537649664 4337685440575822075313831181626308398107679608604023077913705365805097723434800895855422342648673275347299121405364218743997383985989208495554385543915949219477702796517451961199562863348792618583691304159489838641768824832 11567161174868858867503549817670155728287145622944061541103214308813593929159469055614459580396462067592797657080971249983993023962637889321478361450442531251940540790713205229865500968930113649556510144425306236378050199552 2 -1 8 1/4 8 2 1 3 8
random_16_sequence S 1 3 3 4 -3.5880492997978582e+198 -4.784065733063811e+198 4.784065733063811e+198 7 -5.9800821663297637e+197 5.9800821663297637e+197 -4.784065733063811e+198 262144 -4.784065733063811e+198 -1.7940246498989291e+198 2.9900410831648819e+198 5 -1 2 0.25 1 3 2 I -0.5 1 I 1 1 R -0.5 0 R 1 0 | random_16_sequence R 4 1 1 1 1 1 0 3 3 -1 3 -25116345098585007611304897077498640550529020369887496383276788711655939378087782020972326168209601172695020601618066978511116776020085099190892858628942462439467748730225443196565024417298167705370624 -33488460131446676815073196103331520734038693826516661844369051615541252504117042694629768224279468230260027468824089304681489034693446798921190478171923283252623664973633924262086699223064223607160832 33488460131446676815073196103331520734038693826516661844369051615541252504117042694629768224279468230260027468824089304681489034693446798921190478171923283252623664973633924262086699223064223607160832 7 -156764265941034957982331212844852467344711417043899710759469297619722251722129607859661177881884230709880082871203965476543290384119266386721367084105368877945996036265148061460008137163052639879920877568 156764265941034957982331212844852467344711417043899710759469297619722251722129607859661177881884230709880082871203965476543290384119266386721367084105368877945996036265148061460008137163052639879920877568 -1254114127528279663858649702758819738757691336351197686075754380957778013777036862877289423055073845679040662969631723812346323072954131093770936672842951023567968290121184491680065097304421119039367020544 262144 -23920328665319054867909425788093943381456209876083329888835036868243751788655030496164120160199620164471448192017206646201063596209604856372278912979945202323302617838309945901490499445045874005114880 -8970123249494645575466034670535228768046078703531248708313138825591406920745636436061545060074857561676793072006452492325398848578601821139604592367479450871238481689366229713058937291892202751918080 14950205415824409292443391117558714613410131172552081180521898042652344867909394060102575100124762602794655120010754153875664747631003035232674320612465751452064136148943716188431562153153671253196800 5 -1 2 1/4 1 3 2
random_17_sequence S 2 5 3 4 -7.596454196607839e-65 2.2789362589823517e-64 -5.3175179376254873e-64 0.03125 -6.0771633572862712e-64 -3.7982270983039195e-64 -1.5192908393215678e-64 32768 2.2789362589823517e-64 3.7982270983039195e-64 -5.3175179376254873e-64 0.5 0 0 4.5578725179647034e-64 10 -7.596454196607839e-65 2.2789362589823517e-64 -2.2789362589823517e-64 0.03125 -1 3 0.25 2 3 3 I -0.5 2 I 1 1 R -0.5 0 R 1 0 | random_17_sequence R 4 1 1 1 1 2 0 5 3 -1 3 -1/421249166674228746791672110734681729275580381602196445017243910144 3/421249166674228746791672110734681729275580381602196445017243910144 -7/421249166674228746791672110734681729275580381602196445017243910144 1/32 -1/50216813883093446110686315385661331328818843555712276103168 -5/401734511064747568885490523085290650630550748445698208825344 -1/200867255532373784442745261542645325315275374222849104412672 32768 3/26328072917139296674479506920917608079723773850137277813577744384 5/26328072917139296674479506920917608079723773850137277813577744384 -7/26328072917139296674479506920917608079723773850137277813577744384 1/2 0 0 15/3291009114642412084309938365114701009965471731267159726697218048 10 -1/421249166674228746791672110734681729275580381602196445017243910144 3/421249166674228746791672110734681729275580381602196445017243910144 -3/421249166674228746791672110734681729275580381602196445017243910144 1/32 -1 3 1/4 2 3 3
random_18_sequence P 3 6 4 4 -3.1186229296934698e-112 3.1186229296934698e-112 2.5988524414112248e-112 64 -2.0790819531289798e-112 1.5593114648467349e-112 -3.1186229296934698e-112 3 -2.0790819531289798e-112 -2.0790819531289798e-112 3.6383934179757147e-112 0.0009765625 2.5988524414112248e-112 -2.0790819531289798e-112 3.1186229296934698e-112 8192 -2.5988524414112248e-112 4.1581639062579597e-112 3.6383934179757147e-112 128 -1.5593114648467349e-112 -4.1581639062579597e-112 3.6383934179757147e-112 0.0003662109375 -1 2 0.25 3 2 1 3 2 I -0.5 3 I 1 1 R -0.5 0 R 1 0 | random_18_sequence R 4 1 1 1 1 3 1 6 4 -1 3 -3/150306725297525326584926758194517569752043683130132471725266622178061377607334940381676735896625196994043838464 3/150306725297525326584926758194517569752043683130132471725266622178061377607334940381676735896625196994043838464 5/300613450595050653169853516389035139504087366260264943450533244356122755214669880763353471793250393988087676928 64 -3/4809815209520810450717656262224562232065397860164239095208531909697964083434718092213655548692006303809402830848 9/19239260838083241802870625048898248928261591440656956380834127638791856333738872368854622194768025215237611323392 -9/9619630419041620901435312524449124464130795720328478190417063819395928166869436184427311097384012607618805661696 3 -1/4925250774549309901534880012517951725634967408808180833493536675530715221437151326426783281860614455100828498788352 -1/4925250774549309901534880012517951725634967408808180833493536675530715221437151326426783281860614455100828498788352 7/19701003098197239606139520050071806902539869635232723333974146702122860885748605305707133127442457820403313995153408 1/1024 5/2348542582773833227889480596789337027375682548908319870707290971532209025114608443463698998384768703031934976 -1/587135645693458306972370149197334256843920637227079967676822742883052256278652110865924749596192175757983744 3/1174271291386916613944740298394668513687841274454159935353645485766104512557304221731849499192384351515967488 8192 -5/150306725297525326584926758194517569752043683130132471725266622178061377607334940381676735896625196994043838464 1/18788340662190665823115844774314696219005460391266558965658327772257672200916867547709591987078149624255479808 7/150306725297525326584926758194517569752043683130132471725266622178061377607334940381676735896625196994043838464 128 -9/157608024785577916849116160400574455220318957081861786671793173616982887085988842445657065019539662563226511961227264 -3/19701003098197239606139520050071806902539869635232723333974146702122860885748605305707133127442457820403313995153408 21/157608024785577916849116160400574455220318957081861786671793173616982887085988842445657065019539662563226511961227264 3/8192 -1 2 1/4 3 2 1 3 2
random_19_sequence S 4 9 3 4 -9.7977666213146849e+201 -7.3483249659860137e+201 4.8988833106573424e+201 0.0003662109375 7.3483249659860137e+201 2.4494416553286712e+201 -9.7977666213146849e+201 0.01171875 -8.5730457936503493e+201 0 7.3483249659860137e+201 1048576 4.8988833106573424e+201 -3.6741624829930068e+201 -6.123604138321678e+201 7.62939453125e-05 -2.4494416553286712e+201 4.8988833106573424e+201 -8.5730457936503493e+201 4096 -3.6741624829930068e+201 0 -3.6741624829930068e+201 0.00018310546875 -1.2247208276643356e+201 -4.8988833106573424e+201 6.123604138321678e+201 3145728 -9.7977666213146849e+201 6.123604138321678e+201 -1.2247208276643356e+201 9.1552734375e-05 4.8988833106573424e+201 3.6741624829930068e+201 -7.3483249659860137e+201 1024 -1 5 0.25 4 3 5 I -0.5 4 I 1 1 R -0.5 0 R 1 0 | random_19_sequence R 4 1 1 1 1 4 0 9 3 -1 3 -3588049299797858230186413868214091507218431481412499483325255530236562768298254574424618024029943024670717228802580996930159539431440728455841836946991780348495392675746491885223574916756881100767232 -2691036974848393672639810401160568630413823611059374612493941647677422076223690930818463518022457268503037921601935747697619654573580546341881377710243835261371544506809868913917681187567660825575424 1794024649898929115093206934107045753609215740706249741662627765118281384149127287212309012014971512335358614401290498465079769715720364227920918473495890174247696337873245942611787458378440550383616 3/8192 86113183195148597524473932837138196173242355553899987599806132725677506439158109786190832576718632592097213491261943926323828946354577482940204086727802728363889424217915805245365798002165146418413568 28704394398382865841491310945712732057747451851299995866602044241892502146386036595396944192239544197365737830420647975441276315451525827646734695575934242787963141405971935081788599334055048806137856 -114817577593531463365965243782850928230989807405199983466408176967570008585544146381587776768958176789462951321682591901765105261806103310586938782303736971151852565623887740327154397336220195224551424 3/256 -8989490066122708630538801069375219887415131498965385013791007402705352802753800233104410584458769325827363472166320196286898443786935211680150074070938272936935196703588650436362706617478090581274182803259392 0 7705277199533750254747543773750188474927255570541758583249434916604588116646114485518066215250373707852025833285417311103055808960230181440128634917947091088801597174504557516882319957838363355377870974222336 1048576 373755135395610232311084777938967865335253279313802029513047451066308621697734851502564377503119065069866378000268853846891618690775075880816858015311643786301603403723592904710789053828841781329920 -280316351546707674233313583454225899001439959485351522134785588299731466273301138626923283127339298802399783500201640385168714018081306910612643511483732839726202552792694678533091790371631335997440 -467193919244512790388855972423709831669066599142252536891309313832885777122168564378205471878898831337332972500336067308614523363468844851021072519139554732877004254654491130888486317286052226662400 5/65536 -10032913020226237310869197622070557910061530690809581488606035047662224110216294903018315384440590765432325303757053790498770584583633048750167493382743608188543746320969475933440520778435368952314936164352 20065826040452474621738395244141115820123061381619162977212070095324448220432589806036630768881181530864650607514107580997541169167266097500334986765487216377087492641938951866881041556870737904629872328704 -35115195570791830588042191677246952685215357417833535210121122666817784385757032160564103845542067679013138563149688266745697046042715670625586226839602628659903112123393165767041822724523791333102276575232 4096 -672759243712098418159952600290142157603455902764843653123485411919355519055922732704615879505614317125759480400483936924404913643395136585470344427560958815342886126702467228479420296891915206393856 0 -672759243712098418159952600290142157603455902764843653123485411919355519055922732704615879505614317125759480400483936924404913643395136585470344427560958815342886126702467228479420296891915206393856 3/16384 -3852638599766875127373771886875094237463627785270879291624717458302294058323057242759033107625186853926012916642708655551527904480115090720064317458973545544400798587252278758441159978919181677688935487111168 -15410554399067500509495087547500376949854511141083517166498869833209176233292228971036132430500747415704051666570834622206111617920460362880257269835894182177603194349009115033764639915676726710755741948444672 19263192998834375636868859434375471187318138926354396458123587291511470291615286213795165538125934269630064583213543277757639522400575453600321587294867727722003992936261393792205799894595908388444677435555840 3145728 -897012324949464557546603467053522876804607870353124870831313882559140692074563643606154506007485756167679307200645249232539884857860182113960459236747945087123848168936622971305893729189220275191808 560632703093415348466627166908451798002879918970703044269571176599462932546602277253846566254678597604799567000403280770337428036162613821225287022967465679452405105585389357066183580743262671994880 -112126540618683069693325433381690359600575983794140608853914235319892586509320455450769313250935719520959913400080656154067485607232522764245057404593493135890481021117077871413236716148652534398976 3/32768 5016456510113118655434598811035278955030765345404790744303017523831112055108147451509157692220295382716162651878526895249385292291816524375083746691371804094271873160484737966720260389217684476157468082176 3762342382584838991575949108276459216273074009053593058227263142873334041331110588631868269165221537037121988908895171437038969218862393281312810018528853070703904870363553475040195291913263357118101061632 -7524684765169677983151898216552918432546148018107186116454526285746668082662221177263736538330443074074243977817790342874077938437724786562625620037057706141407809740727106950080390583826526714236202123264 1024 -1 5 1/4 4 3 5
random_20_sequence S 5 11 3 4 3.2701131571262598e-106 -3.2701131571262598e-106 3.2701131571262598e-106 3.814697265625e-06 -7.6302640332946061e-106 -2.1800754380841732e-106 -7.6302640332946061e-106 2048 0 8.7203017523366927e-106 1.0900377190420866e-106 16 0 -3.2701131571262598e-106 3.2701131571262598e-106 5 -1.0900377190420866e-106 -2.1800754380841732e-106 -1.0900377190420866e-106 0.0001220703125 -7.6302640332946061e-106 -7.6302640332946061e-106 4.3601508761683463e-106 6144 1.0900377190420866e-106 3.2701131571262598e-106 0 14 6.5402263142525195e-106 -7.6302640332946061e-106 -8.7203017523366927e-106 524288 4.3601508761683463e-106 -8.7203017523366927e-106 8.7203017523366927e-106 0.00390625 -8.7203017523366927e-106 4.3601508761683463e-106 6.5402263142525195e-106 65536 0 -4.3601508761683463e-106 7.6302640332946061e-106 0.03125 -1 6 0.25 5 3 6 I -0.5 5 I 1 1 R -0.5 0 R 1 0 | random_20_sequence R 4 1 1 1 1 5 0 11 3 -1 3 3/2404907604760405225358828131112281116032698930082119547604265954848982041717359046106827774346003151904701415424 -3/2404907604760405225358828131112281116032698930082119547604265954848982041717359046106827774346003151904701415424 3/2404907604760405225358828131112281116032698930082119547604265954848982041717359046106827774346003151904701415424 1/262144 -7/4479489484355608421114884561136888556243290994469299069799978201927583742360321890761754986543214231552 -1/2239744742177804210557442280568444278121645497234649534899989100963791871180160945380877493271607115776 -7/4479489484355608421114884561136888556243290994469299069799978201927583742360321890761754986543214231552 2048 0 1/71671831749689734737838152978190216899892655911508785116799651230841339877765150252188079784691427704832 1/573374653997517877902705223825521735199141247292070280934397209846730719022121202017504638277531421638656 16 0 -15/9173994463960286046443283581208347763186259956673124494950355357547691504353939232280074212440502746218496 15/9173994463960286046443283581208347763186259956673124494950355357547691504353939232280074212440502746218496 5 -1/75153362648762663292463379097258784876021841565066235862633311089030688803667470190838367948312598497021919232 -1/37576681324381331646231689548629392438010920782533117931316655544515344401833735095419183974156299248510959616 -1/75153362648762663292463379097258784876021841565066235862633311089030688803667470190838367948312598497021919232 1/8192 -21/4479489484355608421114884561136888556243290994469299069799978201927583742360321890761754986543214231552 -21/4479489484355608421114884561136888556243290994469299069799978201927583742360321890761754986543214231552 3/1119872371088902105278721140284222139060822748617324767449994550481895935590080472690438746635803557888 6144 7/4586997231980143023221641790604173881593129978336562247475177678773845752176969616140037106220251373109248 21/4586997231980143023221641790604173881593129978336562247475177678773845752176969616140037106220251373109248 0 14 3/8749002899132047697490008908470485461412677723572849745703082425639811996797503692894052708092215296 -7/17498005798264095394980017816940970922825355447145699491406164851279623993595007385788105416184430592 -1/2187250724783011924372502227117621365353169430893212436425770606409952999199375923223513177023053824 524288 1/587135645693458306972370149197334256843920637227079967676822742883052256278652110865924749596192175757983744 -1/293567822846729153486185074598667128421960318613539983838411371441526128139326055432962374798096087878991872 1/293567822846729153486185074598667128421960318613539983838411371441526128139326055432962374798096087878991872 1/256 -1/17498005798264095394980017816940970922825355447145699491406164851279623993595007385788105416184430592 1/34996011596528190789960035633881941845650710894291398982812329702559247987190014771576210832368861184 3/69992023193056381579920071267763883691301421788582797965624659405118495974380029543152421664737722368 65536 0 -1/73391955711682288371546268649666782105490079653384995959602842860381532034831513858240593699524021969747968 7/293567822846729153486185074598667128421960318613539983838411371441526128139326055432962374798096087878991872 1/32 -1 6 1/4 5 3 6
random_21_sequence P 6 8 4 4 -9.6915635090782184e-268 -3.8766254036312874e-267 2.9074690527234655e-267 0.00042724609375 9.6915635090782184e-268 -5.8149381054469311e-267 6.7840944563547529e-267 7.62939453125e-06 -5.8149381054469311e-267 1.9383127018156437e-267 0 0.001708984375 6.7840944563547529e-267 -1.9383127018156437e-267 -2.9074690527234655e-267 4096 7.7532508072625747e-267 -3.8766254036312874e-267 1.9383127018156437e-267 1 0 5.8149381054469311e-267 -6.7840944563547529e-267 0.75 -3.8766254036312874e-267 3.8766254036312874e-267 5.8149381054469311e-267 114688 9.6915635090782184e-268 9.6915635090782184e-268 0 6 -1 1 0.25 6 2 1 3 1 I -0.5 6 I 1 1 R -0.5 0 R 1 0 | random_21_sequence R 4 1 1 1 1 6 1 8 4 -1 3 -7/16905424996341287883274873117328531408603114433155888708094742688853564881815195503181352188405030012629580639784228117724235121904085937192017247310814066461068373887968162693399408565645646113696775453062758028932736905368049975642828700760545167247665234588727615946752 -7/4226356249085321970818718279332132852150778608288972177023685672213391220453798875795338047101257503157395159946057029431058780476021484298004311827703516615267093471992040673349852141411411528424193863265689507233184226342012493910707175190136291811916308647181903986688 21/16905424996341287883274873117328531408603114433155888708094742688853564881815195503181352188405030012629580639784228117724235121904085937192017247310814066461068373887968162693399408565645646113696775453062758028932736905368049975642828700760545167247665234588727615946752 7/16384 1/135243399970730303066198984938628251268824915465247109664757941510828519054521564025450817507240240101036645118273824941793880975232687497536137978486512531688546991103745301547195268525165168909574203624502064231461895242944399805142629606084361337981321876709820927574016 -3/67621699985365151533099492469314125634412457732623554832378970755414259527260782012725408753620120050518322559136912470896940487616343748768068989243256265844273495551872650773597634262582584454787101812251032115730947621472199902571314803042180668990660938354910463787008 7/135243399970730303066198984938628251268824915465247109664757941510828519054521564025450817507240240101036645118273824941793880975232687497536137978486512531688546991103745301547195268525165168909574203624502064231461895242944399805142629606084361337981321876709820927574016 1/131072 -21/2113178124542660985409359139666066426075389304144486088511842836106695610226899437897669023550628751578697579973028514715529390238010742149002155913851758307633546735996020336674926070705705764212096931632844753616592113171006246955353587595068145905958154323590951993344 7/2113178124542660985409359139666066426075389304144486088511842836106695610226899437897669023550628751578697579973028514715529390238010742149002155913851758307633546735996020336674926070705705764212096931632844753616592113171006246955353587595068145905958154323590951993344 0 7/4096 7/251910462920982955146951572855242064723418868082104455055218081010186148908960752236565235084370225856148908135059894885483907489539473312974233140212507046179002134322645704349866637075627537275802723363977045251916898867011814946574400376685636747593659677933568 -1/125955231460491477573475786427621032361709434041052227527609040505093074454480376118282617542185112928074454067529947442741953744769736656487116570106253523089501067161322852174933318537813768637901361681988522625958449433505907473287200188342818373796829838966784 -3/251910462920982955146951572855242064723418868082104455055218081010186148908960752236565235084370225856148908135059894885483907489539473312974233140212507046179002134322645704349866637075627537275802723363977045251916898867011814946574400376685636747593659677933568 4096 1/128978157015543273035239205301883937138390460458037480988271657477215308241387905145121400363197555638348240965150666181367760634644210336242807367788803607643649092773194600627131718182721299085210994362356247168981452219910049252646092992863046014767953755101986816 -1/257956314031086546070478410603767874276780920916074961976543314954430616482775810290242800726395111276696481930301332362735521269288420672485614735577607215287298185546389201254263436365442598170421988724712494337962904439820098505292185985726092029535907510203973632 1/515912628062173092140956821207535748553561841832149923953086629908861232965551620580485601452790222553392963860602664725471042538576841344971229471155214430574596371092778402508526872730885196340843977449424988675925808879640197010584371971452184059071815020407947264 1 0 9/2063650512248692368563827284830142994214247367328599695812346519635444931862206482321942405811160890213571855442410658901884170154307365379884917884620857722298385484371113610034107490923540785363375909797699954703703235518560788042337487885808736236287260081631789056 -21/4127301024497384737127654569660285988428494734657199391624693039270889863724412964643884811622321780427143710884821317803768340308614730759769835769241715444596770968742227220068214981847081570726751819595399909407406471037121576084674975771617472472574520163263578112 3/4 -7/15744403932561434696684473303452629045213679255131528440951130063136634306810047014785327192773139116009306758441243430342744218096217082060889571263281690386187633395165356521866664817226721079737670210248565328244806179188238434160900023542852296724603729870848 7/15744403932561434696684473303452629045213679255131528440951130063136634306810047014785327192773139116009306758441243430342744218096217082060889571263281690386187633395165356521866664817226721079737670210248565328244806179188238434160900023542852296724603729870848 21/31488807865122869393368946606905258090427358510263056881902260126273268613620094029570654385546278232018613516882486860685488436192434164121779142526563380772375266790330713043733329634453442159475340420497130656489612358376476868321800047085704593449207459741696 114688 3/515912628062173092140956821207535748553561841832149923953086629908861232965551620580485601452790222553392963860602664725471042538576841344971229471155214430574596371092778402508526872730885196340843977449424988675925808879640197010584371971452184059071815020407947264 3/515912628062173092140956821207535748553561841832149923953086629908861232965551620580485601452790222553392963860602664725471042538576841344971229471155214430574596371092778402508526872730885196340843977449424988675925808879640197010584371971452184059071815020407947264 0 6 -1 1 1/4 6 2 1 3 1
random_22_sequence S 7 10 3 4 2.2160803971990166e+176 0 2.2160803971990166e+176 393216 0 -1.582914569427869e+176 9.4974874165672141e+175 1.52587890625e-05 9.4974874165672141e+175 -9.4974874165672141e+175 1.8994974833134428e+176 0.000732421875 9.4974874165672141e+175 1.2663316555422952e+176 0 6144 1.582914569427869e+176 1.2663316555422952e+176 -1.582914569427869e+176 1.75 -2.5326633110845904e+176 -6.3316582777114761e+175 -2.2160803971990166e+176 196608 -2.5326633110845904e+176 -1.582914569427869e+176 0 256 9.4974874165672141e+175 -1.2663316555422952e+176 -1.8994974833134428e+176 256 2.5326633110845904e+176 1.8994974833134428e+176 -1.582914569427869e+176 0.75 2.5326633110845904e+176 -1.582914569427869e+176 -6.3316582777114761e+175 0.3125 -1 8 0.25 2 3 8 I -0.5 7 I 1 1 R -0.5 0 R 1 0 | random_22_sequence R 4 1 1 1 1 7 0 10 3 -1 3 87139826946500852128760565137514384171261370877091174899908803923503709039671071074393848027889179680052155618837316572830298172583647281465624371516393237428284817871431699997392896 0 87139826946500852128760565137514384171261370877091174899908803923503709039671071074393848027889179680052155618837316572830298172583647281465624371516393237428284817871431699997392896 393216 0 -2415335951885786465434594931832492090186829581066521874160772032157199463930975265335121104113701611226539760019688860735853174163151867284839317920916925467935613009264640 1449201571131471879260756959099495254112097748639913124496463219294319678358585159201072662468220966735923856011813316441511904497891120370903590752550155280761367805558784 1/65536 69561675414310650204516334036775772197380691934715829975830234526127344561212087641651487798474606403324345088567039189192571415898773777803372356122407453476545654666821632 -69561675414310650204516334036775772197380691934715829975830234526127344561212087641651487798474606403324345088567039189192571415898773777803372356122407453476545654666821632 139123350828621300409032668073551544394761383869431659951660469052254689122424175283302975596949212806648690177134078378385142831797547555606744712244814906953091309333643264 3/4096 583525626873889634790807355831569536861125251409092689061889311987748051604940208087458803758186471071777827804714173478774318119979780902671591773547276143492978691103337276768256 778034169165186179721076474442092715814833668545456918749185749316997402139920277449945071677581961429037103739618897971699090826639707870228789031396368191323971588137783035691008 0 6144 277010049649877078147762823542004852839347110993357260703750622824044892119315691230754369188592210388349391997138076060073528838423561355163651693714120348066599584806543032320 221608039719901662518210258833603882271477688794685808563000498259235913695452552984603495350873768310679513597710460848058823070738849084130921354971296278453279667845234425856 -277010049649877078147762823542004852839347110993357260703750622824044892119315691230754369188592210388349391997138076060073528838423561355163651693714120348066599584806543032320 7/4 -49794186826571915502148894364293933812149354786909242799947887956287833736954897756796484587365245531458374639335609470188741812904941303694642498009367564244734181640818114284224512 -12448546706642978875537223591073483453037338696727310699986971989071958434238724439199121146841311382864593659833902367547185453226235325923660624502341891061183545410204528571056128 -43569913473250426064380282568757192085630685438545587449954401961751854519835535537196924013944589840026077809418658286415149086291823640732812185758196618714142408935715849998696448 196608 -64836180763765514976756372870174392984569472378788076562432145776416450178326689787495422639798496785753091978301574830974924235553308989185732419283030682610330965678148586307584 -40522612977353446860472733043858995615355920236742547851520091110260281361454181117184639149874060491095682486438484269359327647220818118241082762051894176631456853548842866442240 0 256 24313567786412068116283639826315397369213552142045528710912054666156168816872508670310783489924436294657409491863090561615596588332490870944649657231136505978874112129305719865344 -32418090381882757488378186435087196492284736189394038281216072888208225089163344893747711319899248392876545989150787415487462117776654494592866209641515341305165482839074293153792 -48627135572824136232567279652630794738427104284091057421824109332312337633745017340621566979848872589314818983726181123231193176664981741889299314462273011957748224258611439730688 256 189949748331344282158465936143089041946980876109730693054000427079345068881816473986802996015034658552011011655180395012621848346347584929255075447118253952959954001010200936448 142462311248508211618849452107316781460235657082298019790500320309508801661362355490102247011275993914008258741385296259466386259760688696941306585338690464719965500757650702336 -118718592707090176349041210089430651216863047568581683158750266924590668051135296241751872509396661595006882284487746882888655216467240580784422154448908720599971250631375585280 3/4 79145728471393450899360806726287100811242031712387788772500177949727112034090197494501248339597774396671254856325164588592436810978160387189614769632605813733314167087583723520 -49466080294620906812100504203929438007026269820242367982812611218579445021306373434063280212248608997919534285203227867870273006861350241993509231020378633583321354429739827200 -19786432117848362724840201681571775202810507928096947193125044487431778008522549373625312084899443599167813714081291147148109202744540096797403692408151453433328541771895930880 5/16 -1 8 1/4 2 3 8
random_23_sequence S 8 16 3 4 1.7573882009934361e+159 -8.7869410049671804e+158 -1.7573882009934361e+159 32 -2.6360823014901541e+159 1.3180411507450771e+159 1.3180411507450771e+159 224 3.5147764019868722e+159 -3.5147764019868722e+159 0 49152 0 0 2.1967352512417951e+159 1024 1.7573882009934361e+159 -2.6360823014901541e+159 2.1967352512417951e+159 0.046875 4.3934705024835902e+158 -3.0754293517385132e+159 2.1967352512417951e+159 114688 3.0754293517385132e+159 1.7573882009934361e+159 -1.3180411507450771e+159 384 -2.1967352512417951e+159 1.3180411507450771e+159 -1.7573882009934361e+159 1.52587890625e-05 -3.0754293517385132e+159 -3.5147764019868722e+159 -3.5147764019868722e+159 7.62939453125e-06 1.3180411507450771e+159 3.5147764019868722e+159 -2.6360823014901541e+159 3.814697265625e-06 -4.3934705024835902e+158 1.7573882009934361e+159 0 0.125 -8.7869410049671804e+158 3.5147764019868722e+159 1.3180411507450771e+159 0.001953125 2.1967352512417951e+159 -3.0754293517385132e+159 -3.5147764019868722e+159 0.00390625 -1.7573882009934361e+159 -3.5147764019868722e+159 -2.1967352512417951e+159 0.00244140625 -2.1967352512417951e+159 -2.1967352512417951e+159 0 0.0008544921875 -2.6360823014901541e+159 2.6360823014901541e+159 1.7573882009934361e+159 0.00146484375 -1 9 0.25 7 3 9 I -0.5 8 I 1 1 R -0.5 0 R 1 0 | random_23_sequence R 4 1 1 1 1 8 0 16 3 -1 3 56236422431789954785131731346074773235871213978773957913759444657647969758393598378988008576298635714374011382919011189040103325693678746112606439760814548189184 -28118211215894977392565865673037386617935606989386978956879722328823984879196799189494004288149317857187005691459505594520051662846839373056303219880407274094592 -56236422431789954785131731346074773235871213978773957913759444657647969758393598378988008576298635714374011382919011189040103325693678746112606439760814548189184 32 -590482435533794525243883179133785118976647746777126558094474168905303682463132782979374090051135675000927119520649617484921084919783626834182367617488552755986432 295241217766897262621941589566892559488323873388563279047237084452651841231566391489687045025567837500463559760324808742460542459891813417091183808744276377993216 295241217766897262621941589566892559488323873388563279047237084452651841231566391489687045025567837500463559760324808742460542459891813417091183808744276377993216 224 172758289710458741099924678695141703380596369342793598711069013988294563097785134220251162346389408914556962968327202372731197416530981108057926982945222292037173248 -172758289710458741099924678695141703380596369342793598711069013988294563097785134220251162346389408914556962968327202372731197416530981108057926982945222292037173248 0 49152 0 0 2249456897271598191405269253842990929434848559150958316550377786305918790335743935159520343051945428574960455316760447561604133027747149844504257590432581927567360 1024 82377571921567316579782809588976718607233223601719664912733561510226518200771872625470715687937454659727555736697770296445463855996599725750888339493380685824 -123566357882350974869674214383465077910849835402579497369100342265339777301157808938206073531906181989591333605046655444668195783994899588626332509240071028736 102971964901959145724728511986220898259041529502149581140916951887783147750964840781838394609921818324659444670872212870556829819995749657188610424366725857280 3/64 50387834498883799487478031286082996819340607724981466290728462413252580903520664147573255684363577600079114199095434025379932579821536156516895370025689835177508864 -352714841492186596412346219002580977735384254074870264035099236892768066324644649033012789790545043200553799393668038177659528058750753095618267590179828846242562048 251939172494418997437390156430414984096703038624907331453642312066262904517603320737866278421817888000395570995477170126899662899107680782584476850128449175887544320 114688 1180964871067589050487766358267570237953295493554253116188948337810607364926265565958748180102271350001854239041299234969842169839567253668364735234977105511972864 674837069181479457421580776152897278830454567745287494965113335891775637100723180547856102915583628572488136595028134268481239908324144953351277277129774578270208 -506127801886109593066185582114672959122840925808965621223835001918831727825542385410892077186687721429366102446271100701360929931243108715013457957847330933702656 384 -33519519824856492748935062495514615318698414551480983444308903609304410075183867442004685745417258569225079645466215127134384707029866424866084122515210240 20111711894913895649361037497308769191219048730888590066585342165582646045110320465202811447250355141535047787279729076280630824217919854919650473509126144 -26815615859885194199148049996411692254958731641184786755447122887443528060147093953603748596333806855380063716372972101707507765623893139892867298012168192 1/65536 -23463663877399544924254543746860230723088890186036688411016232526513087052628707209403280021792080998457555751826350588994069294920906497406258885760647168 -26815615859885194199148049996411692254958731641184786755447122887443528060147093953603748596333806855380063716372972101707507765623893139892867298012168192 -26815615859885194199148049996411692254958731641184786755447122887443528060147093953603748596333806855380063716372972101707507765623893139892867298012168192 1/131072 5027927973728473912340259374327192297804762182722147516646335541395661511277580116300702861812588785383761946819932269070157706054479963729912618377281536 13407807929942597099574024998205846127479365820592393377723561443721764030073546976801874298166903427690031858186486050853753882811946569946433649006084096 -10055855947456947824680518748654384595609524365444295033292671082791323022555160232601405723625177570767523893639864538140315412108959927459825236754563072 1/262144 -54918381281044877719855206392651145738155482401146443275155707673484345467181248416980477125291636439818370491131846864296975903997733150500592226328920457216 219673525124179510879420825570604582952621929604585773100622830693937381868724993667921908501166545759273481964527387457187903615990932602002368905315681828864 0 1/8 -1716199415032652428745475199770348304317358825035826352348615864796385795849414013030639910165363638744324077847870214509280496999929160953143507072778764288 6864797660130609714981900799081393217269435300143305409394463459185543183397656052122559640661454554977296311391480858037121987999716643812574028291115057152 2574299122548978643118212799655522456476038237553739528522923797194578693774121019545959865248045458116486116771805321763920745499893741429715260609168146432 1/512 8580997075163262143727375998851741521586794125179131761743079323981928979247070065153199550826818193721620389239351072546402484999645804765717535363893821440 -12013395905228567001218326398392438130221511775250784466440311053574700570945898091214479371157545471210268544935091501564963478999504126672004549509451350016 -13729595320261219429963801598162786434538870600286610818788926918371086366795312104245119281322909109954592622782961716074243975999433287625148056582230114304 1/256 -4290498537581631071863687999425870760793397062589565880871539661990964489623535032576599775413409096860810194619675536273201242499822902382858767681946910720 -8580997075163262143727375998851741521586794125179131761743079323981928979247070065153199550826818193721620389239351072546402484999645804765717535363893821440 -5363123171977038839829609999282338450991746328236957351089424577488705612029418790720749719266761371076012743274594420341501553124778627978573459602433638400 5/2048 -1877093110191963593940363499748818457847111214882935072881298602121046964210296576752262401743366479876604460146108047119525543593672519792500710860851773440 -1877093110191963593940363499748818457847111214882935072881298602121046964210296576752262401743366479876604460146108047119525543593672519792500710860851773440 0 7/8192 -3861448683823467964677319199483283684714057356330609292784385695791868040661181529318939797872068187174729175157707982645881118249840612144572890913752219648 3861448683823467964677319199483283684714057356330609292784385695791868040661181529318939797872068187174729175157707982645881118249840612144572890913752219648 2574299122548978643118212799655522456476038237553739528522923797194578693774121019545959865248045458116486116771805321763920745499893741429715260609168146432 3/2048 -1 9 1/4 7 3 9
random_24_sequence P 1 3 4 4 1.9913648889155653e-59 -3.9827297778311307e-59 5.974094666746696e-59 0.0009765625 1.9913648889155653e-59 5.974094666746696e-59 -6.9697771112044787e-59 2.86102294921875e-06 -5.974094666746696e-59 -6.9697771112044787e-59 -5.974094666746696e-59 1.33514404296875e-05 -1 1 0.25 1 2 1 3 1 I -0.5 1 I 1 1 R -0.5 0 R 1 0 | random_24_sequence R 4 1 1 1 1 1 1 3 4 -1 3 1/51422017416287688817342786954917203280710495801049370729644032 -1/25711008708143844408671393477458601640355247900524685364822016 3/51422017416287688817342786954917203280710495801049370729644032 1/1024 3/52656145834278593348959013841835216159447547700274555627155488768 9/52656145834278593348959013841835216159447547700274555627155488768 -21/105312291668557186697918027683670432318895095400549111254310977536 3/1048576 -21/26328072917139296674479506920917608079723773850137277813577744384 -49/52656145834278593348959013841835216159447547700274555627155488768 -21/26328072917139296674479506920917608079723773850137277813577744384 7/524288 -1 1 1/4 1 2 1 3 1
random_25_sequence S 2 5 3 4 2.3661043723335494e-271 -7.0983131170006483e-271 2.3661043723335494e-271 1310720 7.0983131170006483e-271 -1.1830521861667747e-270 -1.4196626234001297e-270 1.5 0 -1.8928834978668395e-270 1.1830521861667747e-270 32768 1.4196626234001297e-270 -9.4644174893341977e-271 4.7322087446670988e-271 8 -1.1830521861667747e-270 -2.3661043723335494e-271 1.1830521861667747e-270 0.0029296875 -1 3 0.25 2 3 3 I -0.5 2 I 1 1 R -0.5 0 R 1 0 | random_25_sequence R 4 1 1 1 1 2 0 5 3 -1 3 5/16122269626942909129404900662735492142298807557254685123533957184651913530173488143140175045399694454793530120643833272670970079330526292030350920973600450955456136596649325078391464772840162385651374295294530896122681527488756156580761624107880751845994219387748352 -15/16122269626942909129404900662735492142298807557254685123533957184651913530173488143140175045399694454793530120643833272670970079330526292030350920973600450955456136596649325078391464772840162385651374295294530896122681527488756156580761624107880751845994219387748352 5/16122269626942909129404900662735492142298807557254685123533957184651913530173488143140175045399694454793530120643833272670970079330526292030350920973600450955456136596649325078391464772840162385651374295294530896122681527488756156580761624107880751845994219387748352 1310720 9/8452712498170643941637436558664265704301557216577944354047371344426782440907597751590676094202515006314790319892114058862117560952042968596008623655407033230534186943984081346699704282822823056848387726531379014466368452684024987821414350380272583623832617294363807973376 -15/8452712498170643941637436558664265704301557216577944354047371344426782440907597751590676094202515006314790319892114058862117560952042968596008623655407033230534186943984081346699704282822823056848387726531379014466368452684024987821414350380272583623832617294363807973376 -9/4226356249085321970818718279332132852150778608288972177023685672213391220453798875795338047101257503157395159946057029431058780476021484298004311827703516615267093471992040673349852141411411528424193863265689507233184226342012493910707175190136291811916308647181903986688 3/2 0 -1/16122269626942909129404900662735492142298807557254685123533957184651913530173488143140175045399694454793530120643833272670970079330526292030350920973600450955456136596649325078391464772840162385651374295294530896122681527488756156580761624107880751845994219387748352 5/128978157015543273035239205301883937138390460458037480988271657477215308241387905145121400363197555638348240965150666181367760634644210336242807367788803607643649092773194600627131718182721299085210994362356247168981452219910049252646092992863046014767953755101986816 32768 3/264147265567832623176169892458258303259423663018060761063980354513336951278362429737208627943828593947337197496628564339441173779751342768625269489231469788454193341999502542084365758838213220526512116454105594202074014146375780869419198449383518238244769290448868999168 -1/132073632783916311588084946229129151629711831509030380531990177256668475639181214868604313971914296973668598748314282169720586889875671384312634744615734894227096670999751271042182879419106610263256058227052797101037007073187890434709599224691759119122384645224434499584 1/264147265567832623176169892458258303259423663018060761063980354513336951278362429737208627943828593947337197496628564339441173779751342768625269489231469788454193341999502542084365758838213220526512116454105594202074014146375780869419198449383518238244769290448868999168 8 -15/4327788799063369698118367518036104040602397294887907509272254128346512609744690048814426160231687683233172643784762398137404191207445999921156415311568401014033503715319849649510248592805285405106374515984066055406780647774220793764564147394699562815402300054714269682368512 -3/4327788799063369698118367518036104040602397294887907509272254128346512609744690048814426160231687683233172643784762398137404191207445999921156415311568401014033503715319849649510248592805285405106374515984066055406780647774220793764564147394699562815402300054714269682368512 15/4327788799063369698118367518036104040602397294887907509272254128346512609744690048814426160231687683233172643784762398137404191207445999921156415311568401014033503715319849649510248592805285405106374515984066055406780647774220793764564147394699562815402300054714269682368512 3/1024 -1 3 1/4 2 3 3
random_26_sequence S 3 5 3 4 -1.5111572745182865e+23 -1.3222626152035007e+23 0 2.288818359375e-05 -7.5557863725914323e+22 -1.3222626152035007e+23 5.6668397794435743e+22 2097152 -7.5557863725914323e+22 -5.6668397794435743e+22 -1.5111572745182865e+23 7 -5.6668397794435743e+22 -5.6668397794435743e+22 9.4447329657392904e+22 0.00048828125 0 7.5557863725914323e+22 9.4447329657392904e+22 0.0078125 -1 4 0.25 1 3 4 I -0.5 3 I 1 1 R -0.5 0 R 1 0 | random_26_sequence R 4 1 1 1 1 3 0 5 3 -1 3 -3458764513820540928 -3026418949592973312 0 3/131072 -158456325028528675187087900672 -277298568799925181577403826176 118842243771396506390315925504 2097152 -528905046081400263933952 -396678784561050197950464 -1057810092162800527867904 7 -27670116110564327424 -27670116110564327424 46116860184273879040 1/2048 0 590295810358705651712 737869762948382064640 1/128 -1 4 1/4 1 3 4
random_27_sequence P 4 7 4 4 -1.582914569427869e+175 -3.9572864235696725e+174 3.165829138855738e+175 0.009765625 -2.3743718541418035e+175 0 -1.582914569427869e+175 65536 -1.9786432117848363e+175 0 1.582914569427869e+175 0.125 -3.9572864235696725e+174 -1.9786432117848363e+175 -3.165829138855738e+175 0.00341796875 7.9145728471393451e+174 1.9786432117848363e+175 0 3.0517578125e-05 -3.165829138855738e+175 3.9572864235696725e+174 -2.3743718541418035e+175 7340032 -1.1871859270709018e+175 1.1871859270709018e+175 -2.3743718541418035e+175 0.00390625 -1 2 0.25 4 2 1 3 2 I -0.5 4 I 1 1 R -0.5 0 R 1 0 | random_27_sequence R 4 1 1 1 1 4 1 7 4 -1 3 -154581500920690333787814075637279493771957093188257399946289410058060765691582416981447750663276903118498544641260087087094603146441719506229716346938683229947879232592936960 -38645375230172583446953518909319873442989273297064349986572352514515191422895604245361937665819225779624636160315021771773650786610429876557429086734670807486969808148234240 309163001841380667575628151274558987543914186376514799892578820116121531383164833962895501326553806236997089282520174174189206292883439012459432693877366459895758465185873920 5/512 -1556068338330372359442152948884185431629667337090913837498371498633994804279840554899890143355163922858074207479237795943398181653279415740457578062792736382647943176275566071382016 0 -1037378892220248239628101965922790287753111558060609224998914332422663202853227036599926762236775948572049471652825197295598787768852943826971718708528490921765295450850377380921344 65536 -2473304014731045340605025210196471900351313491012118399140630560928972251065318671703164010612430449895976714260161393393513650343067512099675461551018931679166067721486991360 0 1978643211784836272484020168157177520281050792809694719312504448743177800852254937362531208489944359916781371408129114714810920274454009679740369240815145343332854177189593088 1/8 -13525881330560404206433731618261955705046245653972522495300323380080316998013461485876678183036729022868622656110257620120777775313650456795100180357134782620439432851881984 -67629406652802021032168658091309778525231228269862612476501616900401584990067307429383390915183645114343113280551288100603888876568252283975500901785673913102197164259409920 -108207050644483233651469852946095645640369965231780179962402587040642535984107691887013425464293832182948981248882060960966222202509203654360801442857078260963515462815055872 7/2048 241533595188578646543459493183249209018682958106652187416077203215719946393097526533512110411370161122653976001968886073585317416315186728483931792091692546793561300926464 603833987971446616358648732958123022546707395266630468540193008039299865982743816333780276028425402806634940004922215183963293540787966821209829480229231366983903252316160 0 1/32768 -232372871857335605676694840366705024456696989005576466399756810462676557439122856198383594741037812480139081650232844194214128460223059417241664990710381966475426180990484533326381056 29046608982166950709586855045838128057087123625697058299969601307834569679890357024797949342629726560017385206279105524276766057527882427155208123838797745809428272623810566665797632 -174279653893001704257521130275028768342522741754182349799817607847007418079342142148787696055778359360104311237674633145660596345167294562931248743032786474856569635742863399994785792 7340032 -46374450276207100136344222691183848131587127956477219983886823017418229707474725094434325198983070935549563392378026126128380943932515851868914904081604968984363769777881088 46374450276207100136344222691183848131587127956477219983886823017418229707474725094434325198983070935549563392378026126128380943932515851868914904081604968984363769777881088 -92748900552414200272688445382367696263174255912954439967773646034836459414949450188868650397966141871099126784756052252256761887865031703737829808163209937968727539555762176 1/256 -1 2 1/4 4 2 1 3 2
random_28_sequence S 5 7 3 4 0 -2.8421709430404007e-14 -7.1054273576010019e-14 0.00042724609375 -7.1054273576010019e-14 9.9475983006414026e-14 -1.1368683772161603e-13 32768 -1.4210854715202004e-14 -1.4210854715202004e-14 0 112 -5.6843418860808015e-14 -1.4210854715202004e-14 1.4210854715202004e-14 32 -5.6843418860808015e-14 2.8421709430404007e-14 5.6843418860808015e-14 1536 -9.9475983006414026e-14 -1.4210854715202004e-14 5.6843418860808015e-14 0.0008544921875 2.8421709430404007e-14 -2.8421709430404007e-14 -9.9475983006414026e-14 3670016 -1 6 0.25 1 3 6 I -0.5 5 I 1 1 R -0.5 0 R 1 0 | random_28_sequence R 4 1 1 1 1 5 0 7 3 -1 3 0 -7/576460752303423488 -35/1152921504606846976 7/16384 -5/2147483648 7/2147483648 -1/268435456 32768 -7/4398046511104 -7/4398046511104 0 112 -1/549755813888 -1/2199023255552 1/2199023255552 32 -3/34359738368 3/68719476736 3/34359738368 1536 -49/576460752303423488 -7/576460752303423488 7/144115188075855872 7/8192 7/67108864 -7/67108864 -49/134217728 3670016 -1 6 1/4 1 3 6
random_29_sequence S 6 8 3 4 9.1854062074825171e+200 -3.061802069160839e+200 1.0716307242062937e+201 5242880 -1.5309010345804195e+200 1.0716307242062937e+201 -7.6545051729020976e+200 0.0546875 -9.1854062074825171e+200 0 9.1854062074825171e+200 0.25 4.5927031037412585e+200 1.0716307242062937e+201 -9.1854062074825171e+200 512 4.5927031037412585e+200 0 3.061802069160839e+200 512 1.2247208276643356e+201 7.6545051729020976e+200 1.0716307242062937e+201 5.340576171875e-05 -1.5309010345804195e+200 6.123604138321678e+200 -1.2247208276643356e+201 512 3.061802069160839e+200 -1.5309010345804195e+200 -4.5927031037412585e+200 48 -1 7 0.25 1 3 7 I -0.5 6 I 1 1 R -0.5 0 R 1 0 | random_29_sequence R 4 1 1 1 1 6 0 8 3 -1 3 4815798249708593909217214858593867796829534731588599114530896822877867572903821553448791384531483567407516145803385819439409880600143863400080396823716931930500998234065348448051449973648977097111169358888960 -1605266083236197969739071619531289265609844910529533038176965607625955857634607184482930461510494522469172048601128606479803293533381287800026798941238977310166999411355116149350483324549659032370389786296320 5618431291326692894086750668359512429634457186853365633619379626690845501721125145690256615286730828642102170103950122679311527366834507300093796294336420585584497939742906522726691635923806613296364252037120 5242880 -8372115032861669203768299025832880183509673456629165461092262903885313126029260673657442056069867057565006867206022326170372258673361699730297619542980820813155916243408481065521674805766055901790208 58604805230031684426378093180830161284567714196404158227645840327197191882204824715602094392489069402955048070442156283192605810713531898112083336800865745692091413703859367458651723640362391312531456 -41860575164308346018841495129164400917548367283145827305461314519426565630146303368287210280349335287825034336030111630851861293366808498651488097714904104065779581217042405327608374028830279508951040 7/128 -229635155187062926731930487565701856461979614810399966932816353935140017171088292763175553537916353578925902643365183803530210523612206621173877564607473942303705131247775480654308794672440390449102848 0 229635155187062926731930487565701856461979614810399966932816353935140017171088292763175553537916353578925902643365183803530210523612206621173877564607473942303705131247775480654308794672440390449102848 1/4 235146398911552436973496819267278701017067125565849566139203946429583377583194411789491766822826346064820124306805948214814935576178899580082050626158053316918994054397722092190012205744578959819881316352 548674930793622352938159244956983635706489959653648987658142541669027881027453627508814122586594807484580290049213879167901516344417432353524784794368791072810986126928018215110028480070684239579723071488 -470292797823104873946993638534557402034134251131699132278407892859166755166388823578983533645652692129640248613611896429629871152357799160164101252316106633837988108795444184380024411489157919639762632704 512 235146398911552436973496819267278701017067125565849566139203946429583377583194411789491766822826346064820124306805948214814935576178899580082050626158053316918994054397722092190012205744578959819881316352 0 156764265941034957982331212844852467344711417043899710759469297619722251722129607859661177881884230709880082871203965476543290384119266386721367084105368877945996036265148061460008137163052639879920877568 512 65407148694231790654439836139319376433669323879915355164783303936604008797103599012948766063045836387226616150047049423206033270885638279142950152679537662602780595651628758324388084420047311732736 40879467933894869159024897587074610271043327424947096977989564960377505498189749383092978789403647742016635093779405889503770794303523924464343845424711039126737872282267973952742552762529569832960 57231255107452816822634856621904454379460658394925935769185390944528507697465649136330170305165106838823289131291168245305279112024933494250081383594595454777433021195175163533839573867541397766144 7/131072 -78382132970517478991165606422426233672355708521949855379734648809861125861064803929830588940942115354940041435601982738271645192059633193360683542052684438972998018132574030730004068581526319939960438784 313528531882069915964662425689704934689422834087799421518938595239444503444259215719322355763768461419760165742407930953086580768238532773442734168210737755891992072530296122920016274326105279759841755136 -627057063764139831929324851379409869378845668175598843037877190478889006888518431438644711527536922839520331484815861906173161536477065546885468336421475511783984145060592245840032548652210559519683510272 512 14696649931972027310843551204204918813566695347865597883700246651848961098949650736843235426426646629051257769175371763425933473511181223755128164134878332307437128399857630761875762859036184988742582272 -7348324965986013655421775602102459406783347673932798941850123325924480549474825368421617713213323314525628884587685881712966736755590611877564082067439166153718564199928815380937881429518092494371291136 -22044974897958040966265326806307378220350043021798396825550369977773441648424476105264853139639969943576886653763057645138900210266771835632692246202317498461155692599786446142813644288554277483113873408 48 -1 7 1/4 1 3 7
random_30_sequence P 7 12 4 4 1.8889465931478581e+22 -1.8889465931478581e+22 -2.8334198897217871e+22 0.25 -2.8334198897217871e+22 3.3056565380087516e+22 -3.3056565380087516e+22 1 -3.3056565380087516e+22 3.3056565380087516e+22 -3.3056565380087516e+22 3072 1.4167099448608936e+22 2.3611832414348226e+22 2.3611832414348226e+22 2.288818359375e-05 4.7223664828696452e+21 2.3611832414348226e+22 1.4167099448608936e+22 1.9073486328125e-05 4.7223664828696452e+21 -2.8334198897217871e+22 -9.4447329657392904e+21 16 2.8334198897217871e+22 9.4447329657392904e+21 -3.3056565380087516e+22 8192 3.3056565380087516e+22 2.3611832414348226e+22 2.8334198897217871e+22 1024 4.7223664828696452e+21 -1.8889465931478581e+22 -1.8889465931478581e+22 0.00390625 -9.4447329657392904e+21 1.8889465931478581e+22 -9.4447329657392904e+21 0.15625 -3.3056565380087516e+22 3.7778931862957162e+22 9.4447329657392904e+21 393216 2.3611832414348226e+22 3.7778931862957162e+22 -2.8334198897217871e+22 0.001708984375 -1 4 0.25 7 2 1 3 4 I -0.5 7 I 1 1 R -0.5 0 R 1 0 | random_30_sequence R 4 1 1 1 1 7 1 12 4 -1 3 4722366482869645213696 -4722366482869645213696 -7083549724304467820544 1/4 -28334198897217871282176 33056565380087516495872 -33056565380087516495872 1 -101549768847628850675318784 101549768847628850675318784 -101549768847628850675318784 3072 324259173170675712 540431955284459520 540431955284459520 3/131072 90071992547409920 450359962737049600 270215977642229760 5/262144 75557863725914323419136 -453347182355485940514816 -151115727451828646838272 16 232113757366008801543585792 77371252455336267181195264 -270799383593676935134183424 8192 33849922949209616891772928 24178516392292583494123520 29014219670751100192948224 1024 18446744073709551616 -73786976294838206464 -73786976294838206464 1/256 -1475739525896764129280 2951479051793528258560 -1475739525896764129280 5/32 -12998370412496492886440804352 14855280471424563298789490688 3713820117856140824697372672 393216 40352252661239644160 64563604257983430656 -48422703193487572992 7/4096 -1 4 1/4 7 2 1 3 4
random_31_sequence S 8 11 3 4 1.595073594941899e+37 -5.3169119831396635e+36 5.3169119831396635e+36 131072 -2.1267647932558654e+37 -1.0633823966279327e+37 -3.1901471898837981e+37 0.00048828125 2.6584559915698317e+37 -1.595073594941899e+37 4.2535295865117308e+37 4096 -3.1901471898837981e+37 -2.1267647932558654e+37 -2.1267647932558654e+37 262144 1.0633823966279327e+37 -1.0633823966279327e+37 1.595073594941899e+37 4096 -1.0633823966279327e+37 -3.7218383881977644e+37 1.0633823966279327e+37 0.02734375 3.7218383881977644e+37 0 0 6.103515625e-05 3.7218383881977644e+37 -3.7218383881977644e+37 1.595073594941899e+37 0.25 -3.1901471898837981e+37 -2.1267647932558654e+37 3.7218383881977644e+37 32 -1.595073594941899e+37 1.595073594941899e+37 2.6584559915698317e+37 393216 4.2535295865117308e+37 -3.1901471898837981e+37 3.1901471898837981e+37 0.0625 -1 9 0.25 2 3 9 I -0.5 8 I 1 1 R -0.5 0 R 1 0 | random_31_sequence R 4 1 1 1 1 8 0 11 3 -1 3 2090694862362245919518973588060783891185664 -696898287454081973172991196020261297061888 696898287454081973172991196020261297061888 131072 -10384593717069655257060992658440192 -5192296858534827628530496329220096 -15576890575604482885591488987660288 1/2048 108890357414700308308279874378165827665920 -65334214448820184984967924626899496599552 174224571863520493293247799005065324265472 4096 -8362779449448983678075894352243135564742656 -5575186299632655785383929568162090376495104 -5575186299632655785383929568162090376495104 262144 43556142965880123323311949751266331066368 -43556142965880123323311949751266331066368 65334214448820184984967924626899496599552 4096 -290768624077950347197707794436325376 -1017690184272826215191977280527138816 290768624077950347197707794436325376 7/256 2271629875608987087482092144033792 0 0 1/16384 9304595970494411110326649421962412032 -9304595970494411110326649421962412032 3987683987354747618711421180841033728 1/4 -1020847100762815390390123822295304634368 -680564733841876926926749214863536422912 1190988284223284622121811126011188740096 32 -6272084587086737758556920764182351673556992 6272084587086737758556920764182351673556992 10453474311811229597594867940303919455928320 393216 2658455991569831745807614120560689152 -1993841993677373809355710590420516864 1993841993677373809355710590420516864 1/16 -1 9 1/4 2 3 9
random_32_sequence S 1 3 3 4 1.870935297064537e-50 -1.870935297064537e-50 1.0691058840368783e-50 0.0001068115234375 2.1382117680737565e-50 1.870935297064537e-50 -1.3363823550460978e-50 1024 0 -1.0691058840368783e-50 2.1382117680737565e-50 6144 -1 2 0.25 1 3 2 I -0.5 1 I 1 1 R -0.5 0 R 1 0 | random_32_sequence R 4 1 1 1 1 1 0 3 3 -1 3 49/24519928653854221733733552434404946937899825954937634816 -49/24519928653854221733733552434404946937899825954937634816 7/6129982163463555433433388108601236734474956488734408704 7/65536 1/45671926166590716193865151022383844364247891968 7/365375409332725729550921208179070754913983135744 -5/365375409332725729550921208179070754913983135744 1024 0 -3/45671926166590716193865151022383844364247891968 3/22835963083295358096932575511191922182123945984 6144 -1 2 1/4 1 3 2
random_33_sequence P 2 4 4 4 3.5877329065681169e-143 4.1002661789349907e-143 -4.1002661789349907e-143 32768 -3.075199634201243e-143 -3.075199634201243e-143 -3.5877329065681169e-143 2621440 -1.5375998171006215e-143 -5.1253327236687384e-144 2.5626663618343692e-143 0.015625 -2.0501330894674953e-143 2.0501330894674953e-143 1.0250665447337477e-143 98304 -1 1 0.25 2 2 1 3 1 I -0.5 2 I 1 1 R -0.5 0 R 1 0 | random_33_sequence R 4 1 1 1 1 2 1 4 4 -1 3 7/5954262829429611647380060634218533145425030026750509549825967711687797048224955787888157087447151129073766576998532529631515456541611261952 1/744282853678701455922507579277316643178128753343813693728245963960974631028119473486019635930893891134220822124816566203939432067701407744 -1/744282853678701455922507579277316643178128753343813693728245963960974631028119473486019635930893891134220822124816566203939432067701407744 32768 -15/186070713419675363980626894819329160794532188335953423432061490990243657757029868371504908982723472783555205531204141550984858016925351936 -15/186070713419675363980626894819329160794532188335953423432061490990243657757029868371504908982723472783555205531204141550984858016925351936 -35/372141426839350727961253789638658321589064376671906846864122981980487315514059736743009817965446945567110411062408283101969716033850703872 2621440 -3/12486994201263968925526388919172665222994392570659884603436627838501486955279062480481224412253967884639307724485626491581791902717153141225160704 -1/12486994201263968925526388919172665222994392570659884603436627838501486955279062480481224412253967884639307724485626491581791902717153141225160704 5/12486994201263968925526388919172665222994392570659884603436627838501486955279062480481224412253967884639307724485626491581791902717153141225160704 1/64 -3/1488565707357402911845015158554633286356257506687627387456491927921949262056238946972039271861787782268441644249633132407878864135402815488 3/1488565707357402911845015158554633286356257506687627387456491927921949262056238946972039271861787782268441644249633132407878864135402815488 3/2977131414714805823690030317109266572712515013375254774912983855843898524112477893944078543723575564536883288499266264815757728270805630976 98304 -1 1 1/4 2 2 1 3 1
random_34_sequence S 3 5 3 4 -4.5082903407156913e-131 -3.3812177555367685e-131 -2.2541451703578456e-131 1048576 -1.1270725851789228e-131 -5.6353629258946141e-132 -1.1270725851789228e-131 1572864 -1.6906088777683842e-131 -1.6906088777683842e-131 3.3812177555367685e-131 32768 -5.6353629258946141e-132 -5.6353629258946141e-132 3.3812177555367685e-131 16384 0 -3.9447540481262299e-131 2.2541451703578456e-131 0.015625 -1 4 0.25 1 3 4 I -0.5 3 I 1 1 R -0.5 0 R 1 0 | random_34_sequence R 4 1 1 1 1 3 0 5 3 -1 3 -1/21153791001287955166461289857048673274508949854856999017108761448780985319561963066406054734070889115122918784800747465736192 -3/84615164005151820665845159428194693098035799419427996068435045795123941278247852265624218936283556460491675139202989862944768 -1/42307582002575910332922579714097346549017899709713998034217522897561970639123926132812109468141778230245837569601494931472384 1048576 -3/169230328010303641331690318856389386196071598838855992136870091590247882556495704531248437872567112920983350278405979725889536 -3/338460656020607282663380637712778772392143197677711984273740183180495765112991409062496875745134225841966700556811959451779072 -3/169230328010303641331690318856389386196071598838855992136870091590247882556495704531248437872567112920983350278405979725889536 1572864 -3/5415370496329716522614090203404460358274291162843391748379842930887932241807862544999950011922147613471467208908991351228465152 -3/5415370496329716522614090203404460358274291162843391748379842930887932241807862544999950011922147613471467208908991351228465152 3/2707685248164858261307045101702230179137145581421695874189921465443966120903931272499975005961073806735733604454495675614232576 32768 -1/10830740992659433045228180406808920716548582325686783496759685861775864483615725089999900023844295226942934417817982702456930304 -1/10830740992659433045228180406808920716548582325686783496759685861775864483615725089999900023844295226942934417817982702456930304 3/5415370496329716522614090203404460358274291162843391748379842930887932241807862544999950011922147613471467208908991351228465152 16384 0 -7/11356855067118857664833184498250070849275646260739344691898284362197488876771842551971735167402555711886914400097909030211478150447104 1/2839213766779714416208296124562517712318911565184836172974571090549372219192960637992933791850638927971728600024477257552869537611776 1/64 -1 4 1/4 1 3 4
random_35_sequence S 4 7 3 4 6.1363668316221582e-92 -2.4545467326488633e-91 0 7.62939453125e-06 0 -1.8409100494866475e-91 3.6818200989732949e-91 0.078125 4.2954567821355107e-91 -4.9090934652977266e-91 -3.6818200989732949e-91 0.0625 1.2272733663244316e-91 -1.2272733663244316e-91 1.2272733663244316e-91 3 -3.0681834158110791e-91 -1.8409100494866475e-91 6.1363668316221582e-92 0.0009765625 -1.2272733663244316e-91 3.6818200989732949e-91 -3.6818200989732949e-91 0.0009765625 -1.2272733663244316e-91 4.2954567821355107e-91 -4.2954567821355107e-91 0.3125 -1 5 0.25 2 3 5 I -0.5 4 I 1 1 R -0.5 0 R 1 0 | random_35_sequence R 4 1 1 1 1 4 0 7 3 -1 3 1/2135987035920910082395021706169552114602704522356652769947041607822219725780640550022962086936576 -1/533996758980227520598755426542388028650676130589163192486760401955554931445160137505740521734144 0 1/131072 0 -15/1042962419883256876169444192465601618458351817556959360325703910069443225478828393565899456512 15/521481209941628438084722096232800809229175908778479680162851955034721612739414196782949728256 5/64 7/260740604970814219042361048116400404614587954389239840081425977517360806369707098391474864128 -1/32592575621351777380295131014550050576823494298654980010178247189670100796213387298934358016 -3/130370302485407109521180524058200202307293977194619920040712988758680403184853549195737432064 1/16 3/8148143905337944345073782753637512644205873574663745002544561797417525199053346824733589504 -3/8148143905337944345073782753637512644205873574663745002544561797417525199053346824733589504 3/8148143905337944345073782753637512644205873574663745002544561797417525199053346824733589504 3 -5/16687398718132110018711107079449625895333629080911349765211262561111091607661254297054391304192 -3/16687398718132110018711107079449625895333629080911349765211262561111091607661254297054391304192 1/16687398718132110018711107079449625895333629080911349765211262561111091607661254297054391304192 1/1024 -1/8343699359066055009355553539724812947666814540455674882605631280555545803830627148527195652096 3/8343699359066055009355553539724812947666814540455674882605631280555545803830627148527195652096 -3/8343699359066055009355553539724812947666814540455674882605631280555545803830627148527195652096 1/1024 -5/130370302485407109521180524058200202307293977194619920040712988758680403184853549195737432064 35/260740604970814219042361048116400404614587954389239840081425977517360806369707098391474864128 -35/260740604970814219042361048116400404614587954389239840081425977517360806369707098391474864128 5/16 -1 5 1/4 2 3 5
random_36_sequence P 5 7 4 4 2.667310499382093e-161 8.8910349979403099e-162 -3.1118622492791085e-161 160 2.2227587494850775e-161 2.2227587494850775e-161 -2.2227587494850775e-161 80 1.3336552496910465e-161 1.3336552496910465e-161 2.667310499382093e-161 12288 0 0 8.8910349979403099e-162 4.76837158203125e-06 -1.778206999588062e-161 -2.667310499382093e-161 -4.445517498970155e-162 0.00018310546875 -3.556413999176124e-161 -1.778206999588062e-161 -4.445517498970155e-162 655360 0 2.2227587494850775e-161 -1.3336552496910465e-161 0.00244140625 -1 1 0.25 5 2 1 3 1 I -0.5 5 I 1 1 R -0.5 0 R 1 0 | random_36_sequence R 4 1 1 1 1 5 1 7 4 -1 3 15/3514776401986872174070733209129673327241950873673372369609965291102998109899599898686750536018664732148375711432438199315006457855854921632037902485050909261824 5/3514776401986872174070733209129673327241950873673372369609965291102998109899599898686750536018664732148375711432438199315006457855854921632037902485050909261824 -35/7029552803973744348141466418259346654483901747346744739219930582205996219799199797373501072037329464296751422864876398630012915711709843264075804970101818523648 160 25/14059105607947488696282932836518693308967803494693489478439861164411992439598399594747002144074658928593502845729752797260025831423419686528151609940203637047296 25/14059105607947488696282932836518693308967803494693489478439861164411992439598399594747002144074658928593502845729752797260025831423419686528151609940203637047296 -25/14059105607947488696282932836518693308967803494693489478439861164411992439598399594747002144074658928593502845729752797260025831423419686528151609940203637047296 80 9/54918381281044877719855206392651145738155482401146443275155707673484345467181248416980477125291636439818370491131846864296975903997733150500592226328920457216 9/54918381281044877719855206392651145738155482401146443275155707673484345467181248416980477125291636439818370491131846864296975903997733150500592226328920457216 9/27459190640522438859927603196325572869077741200573221637577853836742172733590624208490238562645818219909185245565923432148487951998866575250296113164460228608 12288 0 0 5/117936325775673167257548580655883402841153788138013763386756446882675755074754651627691460161801836485670886719711370153117830769685149769767544820357271751364043603968 5/1048576 -3/921377545122446619199598286374089084696513969828232526459034741270904336521520715841339532514076847544303802497745079321233052888165232576308943909041185557531590656 -9/1842755090244893238399196572748178169393027939656465052918069482541808673043041431682679065028153695088607604995490158642466105776330465152617887818082371115063181312 -3/3685510180489786476798393145496356338786055879312930105836138965083617346086082863365358130056307390177215209990980317284932211552660930305235775636164742230126362624 3/16384 -5/214524926879081553593184399971293538039669853129478294043576983099548224481176751628829988770670454843040509730983776813660062124991145119142938384097345536 -5/429049853758163107186368799942587076079339706258956588087153966199096448962353503257659977541340909686081019461967553627320124249982290238285876768194691072 -5/1716199415032652428745475199770348304317358825035826352348615864796385795849414013030639910165363638744324077847870214509280496999929160953143507072778764288 655360 0 25/460688772561223309599799143187044542348256984914116263229517370635452168260760357920669766257038423772151901248872539660616526444082616288154471954520592778765795328 -15/460688772561223309599799143187044542348256984914116263229517370635452168260760357920669766257038423772151901248872539660616526444082616288154471954520592778765795328 5/2048 -1 1 1/4 5 2 1 3 1
random_37_sequence S 6 13 3 4 -4.4556833585042808e-213 1.4852277861680936e-213 7.4261389308404681e-214 0.0625 2.9704555723361872e-213 -2.2278416792521404e-213 4.4556833585042808e-213 0.0625 -7.4261389308404681e-214 -4.4556833585042808e-213 5.1982972515883276e-213 0.5 -4.4556833585042808e-213 7.4261389308404681e-214 2.9704555723361872e-213 786432 5.9409111446723744e-213 -4.4556833585042808e-213 -2.2278416792521404e-213 917504 2.9704555723361872e-213 3.713069465420234e-213 7.4261389308404681e-214 4.57763671875e-05 5.9409111446723744e-213 7.4261389308404681e-214 -5.9409111446723744e-213 1.5 -2.9704555723361872e-213 -3.713069465420234e-213 -7.4261389308404681e-214 0.0001220703125 -2.2278416792521404e-213 3.713069465420234e-213 -4.4556833585042808e-213 0.001953125 -4.4556833585042808e-213 -3.713069465420234e-213 4.4556833585042808e-213 0.000244140625 7.4261389308404681e-214 2.9704555723361872e-213 -4.4556833585042808e-213 2048 -7.4261389308404681e-214 4.4556833585042808e-213 -2.9704555723361872e-213 14336 5.1982972515883276e-213 -7.4261389308404681e-214 -4.4556833585042808e-213 4096 -1 7 0.25 6 3 7 I -0.5 6 I 1 1 R -0.5 0 R 1 0 | random_37_sequence R 4 1 1 1 1 6 0 13 3 -1 3 -3/10772758326371068942829547280138503507047095916181860064252479289484763452000421523688789066296501148112861120217452989876263797248376430311685764650295051980708298078471054537096527376147092924971608579554880258048 1/10772758326371068942829547280138503507047095916181860064252479289484763452000421523688789066296501148112861120217452989876263797248376430311685764650295051980708298078471054537096527376147092924971608579554880258048 1/21545516652742137885659094560277007014094191832363720128504958578969526904000843047377578132593002296225722240434905979752527594496752860623371529300590103961416596156942109074193054752294185849943217159109760516096 1/16 1/5386379163185534471414773640069251753523547958090930032126239644742381726000210761844394533148250574056430560108726494938131898624188215155842882325147525990354149039235527268548263688073546462485804289777440129024 -3/21545516652742137885659094560277007014094191832363720128504958578969526904000843047377578132593002296225722240434905979752527594496752860623371529300590103961416596156942109074193054752294185849943217159109760516096 3/10772758326371068942829547280138503507047095916181860064252479289484763452000421523688789066296501148112861120217452989876263797248376430311685764650295051980708298078471054537096527376147092924971608579554880258048 1/16 -1/2693189581592767235707386820034625876761773979045465016063119822371190863000105380922197266574125287028215280054363247469065949312094107577921441162573762995177074519617763634274131844036773231242902144888720064512 -3/1346594790796383617853693410017312938380886989522732508031559911185595431500052690461098633287062643514107640027181623734532974656047053788960720581286881497588537259808881817137065922018386615621451072444360032256 7/2693189581592767235707386820034625876761773979045465016063119822371190863000105380922197266574125287028215280054363247469065949312094107577921441162573762995177074519617763634274131844036773231242902144888720064512 1/2 -9/2568425733177916751582514591250062824975751856847252861083144972201529372215371495172688738416791235950675277761805770367685269653410060480042878305982363696267199058168185838960773319279454451792623658074112 3/5136851466355833503165029182500125649951503713694505722166289944403058744430742990345377476833582471901350555523611540735370539306820120960085756611964727392534398116336371677921546638558908903585247316148224 3/1284212866588958375791257295625031412487875928423626430541572486100764686107685747586344369208395617975337638880902885183842634826705030240021439152991181848133599529084092919480386659639727225896311829037056 786432 7/1284212866588958375791257295625031412487875928423626430541572486100764686107685747586344369208395617975337638880902885183842634826705030240021439152991181848133599529084092919480386659639727225896311829037056 -21/5136851466355833503165029182500125649951503713694505722166289944403058744430742990345377476833582471901350555523611540735370539306820120960085756611964727392534398116336371677921546638558908903585247316148224 -21/10273702932711667006330058365000251299903007427389011444332579888806117488861485980690754953667164943802701111047223081470741078613640241920171513223929454785068796232672743355843093277117817807170494632296448 917504 3/22062609052407949194914912829723655182432452436340449411589077584864795549696863280514640007775234351335139574205343723266588256764674929278332446003804266456490594464708719691973688066349246310341854370928394768482304 15/88250436209631796779659651318894620729729809745361797646356310339459182198787453122058560031100937405340558296821374893066353027058699717113329784015217065825962377858834878767894752265396985241367417483713579073929216 3/88250436209631796779659651318894620729729809745361797646356310339459182198787453122058560031100937405340558296821374893066353027058699717113329784015217065825962377858834878767894752265396985241367417483713579073929216 3/65536 3/336648697699095904463423352504328234595221747380683127007889977796398857875013172615274658321765660878526910006795405933633243664011763447240180145321720374397134314952220454284266480504596653905362768111090008064 3/2693189581592767235707386820034625876761773979045465016063119822371190863000105380922197266574125287028215280054363247469065949312094107577921441162573762995177074519617763634274131844036773231242902144888720064512 -3/336648697699095904463423352504328234595221747380683127007889977796398857875013172615274658321765660878526910006795405933633243664011763447240180145321720374397134314952220454284266480504596653905362768111090008064 3/2 -1/2757826131550993649364364103715456897804056554542556176448634698108099443712107910064330000971904293916892446775667965408323532095584366159791555750475533307061324308088589961496711008293655788792731796366049346060288 -5/11031304526203974597457456414861827591216226218170224705794538792432397774848431640257320003887617175667569787102671861633294128382337464639166223001902133228245297232354359845986844033174623155170927185464197384241152 -1/11031304526203974597457456414861827591216226218170224705794538792432397774848431640257320003887617175667569787102671861633294128382337464639166223001902133228245297232354359845986844033174623155170927185464197384241152 1/8192 -3/689456532887748412341091025928864224451014138635639044112158674527024860928026977516082500242976073479223111693916991352080883023896091539947888937618883326765331077022147490374177752073413947198182949091512336515072 5/689456532887748412341091025928864224451014138635639044112158674527024860928026977516082500242976073479223111693916991352080883023896091539947888937618883326765331077022147490374177752073413947198182949091512336515072 -3/344728266443874206170545512964432112225507069317819522056079337263512430464013488758041250121488036739611555846958495676040441511948045769973944468809441663382665538511073745187088876036706973599091474545756168257536 1/512 -3/2757826131550993649364364103715456897804056554542556176448634698108099443712107910064330000971904293916892446775667965408323532095584366159791555750475533307061324308088589961496711008293655788792731796366049346060288 -5/5515652263101987298728728207430913795608113109085112352897269396216198887424215820128660001943808587833784893551335930816647064191168732319583111500951066614122648616177179922993422016587311577585463592732098692120576 3/2757826131550993649364364103715456897804056554542556176448634698108099443712107910064330000971904293916892446775667965408323532095584366159791555750475533307061324308088589961496711008293655788792731796366049346060288 1/4096 1/657516987693546688405123735360016083193792475352896732437285112883591519287135102764208317034698556403372871107022277214127429031272975482890976846331485106244402958891055574773957969735540339658911656466972672 1/164379246923386672101280933840004020798448118838224183109321278220897879821783775691052079258674639100843217776755569303531857257818243870722744211582871276561100739722763893693489492433885084914727914116743168 -3/328758493846773344202561867680008041596896237676448366218642556441795759643567551382104158517349278201686435553511138607063714515636487741445488423165742553122201479445527787386978984867770169829455828233486336 2048 -7/657516987693546688405123735360016083193792475352896732437285112883591519287135102764208317034698556403372871107022277214127429031272975482890976846331485106244402958891055574773957969735540339658911656466972672 21/328758493846773344202561867680008041596896237676448366218642556441795759643567551382104158517349278201686435553511138607063714515636487741445488423165742553122201479445527787386978984867770169829455828233486336 -7/164379246923386672101280933840004020798448118838224183109321278220897879821783775691052079258674639100843217776755569303531857257818243870722744211582871276561100739722763893693489492433885084914727914116743168 14336 7/328758493846773344202561867680008041596896237676448366218642556441795759643567551382104158517349278201686435553511138607063714515636487741445488423165742553122201479445527787386978984867770169829455828233486336 -1/328758493846773344202561867680008041596896237676448366218642556441795759643567551382104158517349278201686435553511138607063714515636487741445488423165742553122201479445527787386978984867770169829455828233486336 -3/164379246923386672101280933840004020798448118838224183109321278220897879821783775691052079258674639100843217776755569303531857257818243870722744211582871276561100739722763893693489492433885084914727914116743168 4096 -1 7 1/4 6 3 7
random_38_sequence S 7 15 3 4 3.4063678720065206e-108 -6.8127357440130412e-108 1.7031839360032603e-108 1.52587890625e-05 2.5547759040048904e-108 -6.8127357440130412e-108 2.5547759040048904e-108 1024 -5.1095518080097809e-108 -1.7031839360032603e-108 -2.5547759040048904e-108 4.57763671875e-05 2.5547759040048904e-108 2.5547759040048904e-108 1.7031839360032603e-108 0.125 8.5159196800163014e-109 -4.2579598400081507e-108 5.961143776011411e-108 114688 -3.4063678720065206e-108 -2.5547759040048904e-108 -3.4063678720065206e-108 4096 4.2579598400081507e-108 4.2579598400081507e-108 -5.961143776011411e-108 5120 -1.7031839360032603e-108 -2.5547759040048904e-108 -2.5547759040048904e-108 256 5.1095518080097809e-108 8.5159196800163014e-109 3.4063678720065206e-108 0.0625 5.1095518080097809e-108 5.1095518080097809e-108 -4.2579598400081507e-108 0.09375 -6.8127357440130412e-108 4.2579598400081507e-108 5.1095518080097809e-108 7.62939453125e-05 -4.2579598400081507e-108 -1.7031839360032603e-108 6.8127357440130412e-108 1.1444091796875e-05 5.1095518080097809e-108 -2.5547759040048904e-108 1.7031839360032603e-108 0.00390625 -6.8127357440130412e-108 5.961143776011411e-108 -4.2579598400081507e-108 32 4.2579598400081507e-108 -5.1095518080097809e-108 2.5547759040048904e-108 65536 -1 8 0.25 7 3 8 I -0.5 7 I 1 1 R -0.5 0 R 1 0 | random_38_sequence R 4 1 1 1 1 7 0 15 3 -1 3 1/19239260838083241802870625048898248928261591440656956380834127638791856333738872368854622194768025215237611323392 -1/9619630419041620901435312524449124464130795720328478190417063819395928166869436184427311097384012607618805661696 1/38478521676166483605741250097796497856523182881313912761668255277583712667477744737709244389536050430475222646784 1/65536 3/1146749307995035755805410447651043470398282494584140561868794419693461438044242404035009276555062843277312 -1/143343663499379469475676305956380433799785311823017570233599302461682679755530300504376159569382855409664 3/1146749307995035755805410447651043470398282494584140561868794419693461438044242404035009276555062843277312 1024 -9/38478521676166483605741250097796497856523182881313912761668255277583712667477744737709244389536050430475222646784 -3/38478521676166483605741250097796497856523182881313912761668255277583712667477744737709244389536050430475222646784 -9/76957043352332967211482500195592995713046365762627825523336510555167425334955489475418488779072100860950445293568 3/65536 3/9394170331095332911557922387157348109502730195633279482829163886128836100458433773854795993539074812127739904 3/9394170331095332911557922387157348109502730195633279482829163886128836100458433773854795993539074812127739904 1/4697085165547666455778961193578674054751365097816639741414581943064418050229216886927397996769537406063869952 1/8 7/71671831749689734737838152978190216899892655911508785116799651230841339877765150252188079784691427704832 -35/71671831749689734737838152978190216899892655911508785116799651230841339877765150252188079784691427704832 49/71671831749689734737838152978190216899892655911508785116799651230841339877765150252188079784691427704832 114688 -1/71671831749689734737838152978190216899892655911508785116799651230841339877765150252188079784691427704832 -3/286687326998758938951352611912760867599570623646035140467198604923365359511060601008752319138765710819328 -1/71671831749689734737838152978190216899892655911508785116799651230841339877765150252188079784691427704832 4096 25/1146749307995035755805410447651043470398282494584140561868794419693461438044242404035009276555062843277312 25/1146749307995035755805410447651043470398282494584140561868794419693461438044242404035009276555062843277312 -35/1146749307995035755805410447651043470398282494584140561868794419693461438044242404035009276555062843277312 5120 -1/2293498615990071511610820895302086940796564989168281123737588839386922876088484808070018553110125686554624 -3/4586997231980143023221641790604173881593129978336562247475177678773845752176969616140037106220251373109248 -3/4586997231980143023221641790604173881593129978336562247475177678773845752176969616140037106220251373109248 256 3/9394170331095332911557922387157348109502730195633279482829163886128836100458433773854795993539074812127739904 1/18788340662190665823115844774314696219005460391266558965658327772257672200916867547709591987078149624255479808 1/4697085165547666455778961193578674054751365097816639741414581943064418050229216886927397996769537406063869952 1/16 9/18788340662190665823115844774314696219005460391266558965658327772257672200916867547709591987078149624255479808 9/18788340662190665823115844774314696219005460391266558965658327772257672200916867547709591987078149624255479808 -15/37576681324381331646231689548629392438010920782533117931316655544515344401833735095419183974156299248510959616 3/32 -5/9619630419041620901435312524449124464130795720328478190417063819395928166869436184427311097384012607618805661696 25/76957043352332967211482500195592995713046365762627825523336510555167425334955489475418488779072100860950445293568 15/38478521676166483605741250097796497856523182881313912761668255277583712667477744737709244389536050430475222646784 5/65536 -15/307828173409331868845930000782371982852185463050511302093346042220669701339821957901673955116288403443801781174272 -3/153914086704665934422965000391185991426092731525255651046673021110334850669910978950836977558144201721900890587136 3/38478521676166483605741250097796497856523182881313912761668255277583712667477744737709244389536050430475222646784 3/262144 3/150306725297525326584926758194517569752043683130132471725266622178061377607334940381676735896625196994043838464 -3/300613450595050653169853516389035139504087366260264943450533244356122755214669880763353471793250393988087676928 1/150306725297525326584926758194517569752043683130132471725266622178061377607334940381676735896625196994043838464 1/256 -1/4586997231980143023221641790604173881593129978336562247475177678773845752176969616140037106220251373109248 7/36695977855841144185773134324833391052745039826692497979801421430190766017415756929120296849762010984873984 -5/36695977855841144185773134324833391052745039826692497979801421430190766017415756929120296849762010984873984 32 5/17917957937422433684459538244547554224973163977877196279199912807710334969441287563047019946172856926208 -3/8958978968711216842229769122273777112486581988938598139599956403855167484720643781523509973086428463104 3/17917957937422433684459538244547554224973163977877196279199912807710334969441287563047019946172856926208 65536 -1 8 1/4 7 3 8
random_39_sequence P 8 12 4 4 3.388816750449861e+220 5.648027917416435e+220 -5.648027917416435e+220 8192 -1.129605583483287e+220 -7.907239084383009e+220 3.388816750449861e+220 3072 9.036844667866296e+220 -1.129605583483287e+220 3.388816750449861e+220 0.5 5.648027917416435e+220 7.907239084383009e+220 -3.388816750449861e+220 128 0 1.129605583483287e+220 7.907239084383009e+220 6 5.648027917416435e+220 9.036844667866296e+220 7.907239084383009e+220 14336 2.259211166966574e+220 -1.129605583483287e+220 -6.777633500899722e+220 384 -4.518422333933148e+220 -1.129605583483287e+220 -4.518422333933148e+220 48 9.036844667866296e+220 -6.777633500899722e+220 5.648027917416435e+220 6.67572021484375e-06 -7.907239084383009e+220 -5.648027917416435e+220 3.388816750449861e+220 1572864 -1.129605583483287e+220 9.036844667866296e+220 -3.388816750449861e+220 32768 0 -4.518422333933148e+220 -9.036844667866296e+220 0.125 -1 3 0.25 8 2 1 3 3 I -0.5 8 I 1 1 R -0.5 0 R 1 0 | random_39_sequence R 4 1 1 1 1 8 1 12 4 -1 3 277611868196852612820085195624083737478891494950657476986477143411526254299827257334747029929515089622227143769943309999615832575103309343715480674810620750046572978977116925516772023254322727589356243466207349673073204789248 462686446994754354700141992706806229131485824917762461644128572352543757166378762224578383215858482703711906283238849999359720958505515572859134458017701250077621631628528209194620038757204545982260405777012249455122007982080 -462686446994754354700141992706806229131485824917762461644128572352543757166378762224578383215858482703711906283238849999359720958505515572859134458017701250077621631628528209194620038757204545982260405777012249455122007982080 8192 -34701483524606576602510649453010467184861436868832184623309642926440781787478407166843378741189386202778392971242913749951979071887913667964435084351327593755821622372139615689596502906790340948669530433275918709134150598656 -242910384672246036217574546171073270294030058081825292363167500485085472512348850167903651188325703419448750798700396249663853503215395675751045590459293156290751356604977309827175520347532386640686713032931430963939054190592 104104450573819729807531948359031401554584310606496553869928928779322345362435221500530136223568158608335178913728741249855937215663741003893305253053982781267464867116418847068789508720371022846008591299827756127402451795968 3072 45184223339331479951185741475274045813621662589625240394934430893803101285779175998493982735923679951534365847972543945249972749854054255162024849415791137702892737463723457929162113159883256443580117751661352485851758592 -5648027917416434993898217684409255726702707823703155049366803861725387660722396999811747841990459993941795730996567993156246593731756781895253106176973892212861592182965432241145264144985407055447514718957669060731469824 16944083752249304981694653053227767180108123471109465148100411585176162982167190999435243525971379981825387192989703979468739781195270345685759318530921676638584776548896296723435792434956221166342544156873007182194409472 1/2 7229475734293036792189718636043847330179466014340038463189508943008496205724668159759037237747788792245498535675607031239995639976648680825923975906526582032462837994195753268665938105581321030972818840265816397736281374720 10121266028010251509065606090461386262251252420076053848465312520211894688014535423662652132846904309143697949945849843735993895967308153156293566269137214845447973191874054576132313347813849443361946376372142956830793924608 -4337685440575822075313831181626308398107679608604023077913705365805097723434800895855422342648673275347299121405364218743997383985989208495554385543915949219477702796517451961199562863348792618583691304159489838641768824832 128 0 67776335008997219926778612212911068720432493884437860592401646340704651928668763997740974103885519927301548771958815917874959124781081382743037274123686706554339106195585186893743169739824884665370176627492028728777637888 474434345062980539487450285490377481043027457191065024146811524384932563500681347984186818727198639491110841403711711425124713873467569679201260918865806945880373743369096308256202188178774192657591236392444201101443465216 6 809701282240820120725248487236910900980100193606084307877225001616951575041162833893012170627752344731495835995667987498879511677384652252503485301530977187635837855349924366090585067825107955468955710109771436546463513968640 1295522051585312193160397579579057441568160309769734892603560002587122520065860534228819473004403751570393337593068779998207218683815443604005576482449563500217340568559878985744936108520172728750329136175634298474341622349824 1133581795137148169015347882131675261372140271048518031028115002263732205057627967450217038878853282624094170393935182498431316348338513153504879422143368062690172997489894112526819094955151137656537994153680011165048919556096 14336 8675370881151644150627662363252616796215359217208046155827410731610195446869601791710844685297346550694598242810728437487994767971978416991108771087831898438955405593034903922399125726697585237167382608318979677283537649664 -4337685440575822075313831181626308398107679608604023077913705365805097723434800895855422342648673275347299121405364218743997383985989208495554385543915949219477702796517451961199562863348792618583691304159489838641768824832 -26026112643454932451882987089757850388646077651624138467482232194830586340608805375132534055892039652083794728432185312463984303915935250973326313263495695316866216779104711767197377180092755711502147824956939031850612948992 384 -2168842720287911037656915590813154199053839804302011538956852682902548861717400447927711171324336637673649560702682109371998691992994604247777192771957974609738851398258725980599781431674396309291845652079744919320884412416 -542210680071977759414228897703288549763459951075502884739213170725637215429350111981927792831084159418412390175670527342999672998248651061944298192989493652434712849564681495149945357918599077322961413019936229830221103104 -2168842720287911037656915590813154199053839804302011538956852682902548861717400447927711171324336637673649560702682109371998691992994604247777192771957974609738851398258725980599781431674396309291845652079744919320884412416 48 603274466276779860798454647687756196394637371306184163598138840211146753312023605326572187712604064294320222732177367433070772645909080097454402820416522910919664692394379054077405533064237203798410080455073294450688 -452455849707584895598840985765817147295978028479638122698604130158360064984017703994929140784453048220740167049133025574803079484431810073090802115312392183189748519295784290558054149798177902848807560341304970838016 377046541422987412999034154804847622746648357066365102248836775131966720820014753329107617320377540183950139207610854645669232903693175060909001762760326819324790432746486908798378458165148252374006300284420809031680 7/1048576 -124370116952189970543398167639589514390543389737894549689941760248363761926322611285966669408422760150757760408934602879827892993646282585984535342315158096020864694581748382631513866417936581960031597072860892653536795745583104 -88835797822992836102427262599706795993245278384210392635672685891688401375944722347119049577444828679112686006381859199877066424033058989988953815939398640014903353272677416165367047441383272828593997909186351895383425532559360 53301478693795701661456357559824077595947167030526235581403611535013040825566833408271429746466897207467611603829115519926239854419835393993372289563639184008942011963606449699220228464829963697156398745511811137230055319535616 1572864 -370149157595803483760113594165444983305188659934209969315302857882035005733103009779662706572686786162969525026591079999487776766804412458287307566414161000062097305302822567355696031005763636785808324621609799564097606385664 2961193260766427870080908753323559866441509279473679754522422863056280045864824078237301652581494289303756200212728639995902214134435299666298460531313288000496778442422580538845568248046109094286466596972878396512780851085312 -1110447472787410451280340782496334949915565979802629907945908573646105017199309029338988119718060358488908575079773239998463330300413237374861922699242483000186291915908467702067088093017290910357424973864829398692292819156992 32768 0 -5648027917416434993898217684409255726702707823703155049366803861725387660722396999811747841990459993941795730996567993156246593731756781895253106176973892212861592182965432241145264144985407055447514718957669060731469824 -11296055834832869987796435368818511453405415647406310098733607723450775321444793999623495683980919987883591461993135986312493187463513563790506212353947784425723184365930864482290528289970814110895029437915338121462939648 1/8 -1 3 1/4 8 2 1 3 3
random_40_sequence S 1 3 3 4 -7.8722019662807173e+261 -3.9361009831403587e+261 6.8881767204956277e+261 2 3.9361009831403587e+261 -9.8402524578508967e+260 3.9361009831403587e+261 1.75 9.8402524578508967e+260 -7.8722019662807173e+261 7.8722019662807173e+261 0.001953125 -1 2 0.25 1 3 2 I -0.5 1 I 1 1 R -0.5 0 R 1 0 | random_40_sequence R 4 1 1 1 1 1 0 3 3 -1 3 -15744403932561434696684473303452629045213679255131528440951130063136634306810047014785327192773139116009306758441243430342744218096217082060889571263281690386187633395165356521866664817226721079737670210248565328244806179188238434160900023542852296724603729870848 -7872201966280717348342236651726314522606839627565764220475565031568317153405023507392663596386569558004653379220621715171372109048108541030444785631640845193093816697582678260933332408613360539868835105124282664122403089594119217080450011771426148362301864935424 13776353440991255359598914140521050414561969348240087385832238805244555018458791137937161293676496726508143413636088001549901190834189946803278374855371479087914179220769686956633331715073380944770461433967494662214205406789708629890787520599995759634028263636992 2 6888176720495627679799457070260525207280984674120043692916119402622277509229395568968580646838248363254071706818044000774950595417094973401639187427685739543957089610384843478316665857536690472385230716983747331107102703394854314945393760299997879817014131818496 -1722044180123906919949864267565131301820246168530010923229029850655569377307348892242145161709562090813517926704511000193737648854273743350409796856921434885989272402596210869579166464384172618096307679245936832776775675848713578736348440074999469954253532954624 6888176720495627679799457070260525207280984674120043692916119402622277509229395568968580646838248363254071706818044000774950595417094973401639187427685739543957089610384843478316665857536690472385230716983747331107102703394854314945393760299997879817014131818496 7/4 1921924308174003258872616370050369756495810455948672905389542244035233680030523317234537010836564833497229828911284598430510768810573374275010933992099815720970170092183271059798176857571621225553914820586983072295508566795439261982531741155133337002515103744 -15375394465392026070980930960402958051966483647589383243116337952281869440244186537876296086692518667977838631290276787444086150484586994200087471936798525767761360737466168478385414860572969804431318564695864578364068534363514095860253929241066696020120829952 15375394465392026070980930960402958051966483647589383243116337952281869440244186537876296086692518667977838631290276787444086150484586994200087471936798525767761360737466168478385414860572969804431318564695864578364068534363514095860253929241066696020120829952 1/512 -1 2 1/4 1 3 2
random_41_sequence S 2 4 3 4 1.3832261657045163e-222 2.7664523314090327e-222 0 32768 4.149678497113549e-222 3.4580654142612908e-222 0 512 3.4580654142612908e-222 2.7664523314090327e-222 3.4580654142612908e-222 6291456 -5.5329046628180653e-222 6.9161308285225817e-223 -4.149678497113549e-222 2 -1 3 0.25 1 3 3 I -0.5 2 I 1 1 R -0.5 0 R 1 0 | random_41_sequence R 4 1 1 1 1 2 0 4 3 -1 3 1/22062609052407949194914912829723655182432452436340449411589077584864795549696863280514640007775234351335139574205343723266588256764674929278332446003804266456490594464708719691973688066349246310341854370928394768482304 1/11031304526203974597457456414861827591216226218170224705794538792432397774848431640257320003887617175667569787102671861633294128382337464639166223001902133228245297232354359845986844033174623155170927185464197384241152 0 32768 3/1412006979354108748474554421102313931675676955925788762341700965431346915180599249952936960497614998485448932749141998289061648432939195473813276544243473053215398045741358060286316036246351763861878679739417265182867456 5/2824013958708217496949108842204627863351353911851577524683401930862693830361198499905873920995229996970897865498283996578123296865878390947626553088486946106430796091482716120572632072492703527723757359478834530365734912 0 512 15/689456532887748412341091025928864224451014138635639044112158674527024860928026977516082500242976073479223111693916991352080883023896091539947888937618883326765331077022147490374177752073413947198182949091512336515072 3/172364133221937103085272756482216056112753534658909761028039668631756215232006744379020625060744018369805777923479247838020220755974022884986972234404720831691332769255536872593544438018353486799545737272878084128768 15/689456532887748412341091025928864224451014138635639044112158674527024860928026977516082500242976073479223111693916991352080883023896091539947888937618883326765331077022147490374177752073413947198182949091512336515072 6291456 -1/90368446678662959902371482950548091627243325179250480789868861787606202571558351996987965471847359903068731695945087890499945499708108510324049698831582275405785474927446915858324226319766512887160235503322704971703517184 1/722947573429303679218971863604384733017946601434003846318950894300849620572466815975903723774778879224549853567560703123999563997664868082592397590652658203246283799419575326866593810558132103097281884026581639773628137472 -3/361473786714651839609485931802192366508973300717001923159475447150424810286233407987951861887389439612274926783780351561999781998832434041296198795326329101623141899709787663433296905279066051548640942013290819886814068736 2 -1 3 1/4 1 3 3
random_42_sequence P 3 5 4 4 -3.8853377844514581e+85 5.4394728982320414e+85 -1.5541351137805833e+85 3.814697265625e-06 3.8853377844514581e+85 4.6624053413417498e+85 7.7706755689029163e+84 0.0078125 5.4394728982320414e+85 -1.5541351137805833e+85 0 1572864 -2.3312026706708749e+85 -7.7706755689029163e+84 -3.8853377844514581e+85 20 5.4394728982320414e+85 -3.1082702275611665e+85 3.1082702275611665e+85 6 -1 1 0.25 3 2 1 3 1 I -0.5 3 I 1 1 R -0.5 0 R 1 0 | random_42_sequence R 4 1 1 1 1 3 1 5 4 -1 3 -148213874223764730142170860811120522052185580372019921970505707530128805939118080 207499423913270622199039205135568730873059812520827890758707990542180328314765312 -59285549689505892056868344324448208820874232148807968788202283012051522375647232 1/262144 303542014410270167331165922941174829162876068601896800195595689021703794563313827840 364250417292324200797399107529409794995451282322276160234714826826044553475976593408 60708402882054033466233184588234965832575213720379360039119137804340758912662765568 1/128 85555511006048415623274718913193882764161672533969322526717898872884014590060141659702689792 -24444431716013833035221348260912537932617620723991235007633685392252575597160040474200768512 0 1572864 -466240534134174977020670857637644537594177641372513485100434978337337028449250039562240 -155413511378058325673556952545881512531392547124171161700144992779112342816416679854080 -777067556890291628367784762729407562656962735620855808500724963895561714082083399270400 20 326368373893922483914469600346351176315924348960759439570304484836135919914475027693568 -186496213653669990808268343055057815037671056549005394040173991334934811379700015824896 186496213653669990808268343055057815037671056549005394040173991334934811379700015824896 6 -1 1 1/4 3 2 1 3 1
random_43_sequence S 4 7 3 4 9.5172818899336846e-117 0 4.7586409449668423e-117 0.0008544921875 0 1.1103495538255965e-116 -6.3448545932891231e-117 28 -6.3448545932891231e-117 -7.9310682416114038e-117 6.3448545932891231e-117 0.0048828125 -6.3448545932891231e-117 -1.2689709186578246e-116 -1.1103495538255965e-116 0.1875 -4.7586409449668423e-117 1.2689709186578246e-116 1.2689709186578246e-116 0.09375 1.2689709186578246e-116 1.2689709186578246e-116 -7.9310682416114038e-117 163840 1.1103495538255965e-116 -1.5862136483222808e-117 1.5862136483222808e-117 0.001953125 -1 5 0.25 2 3 5 I -0.5 4 I 1 1 R -0.5 0 R 1 0 | random_43_sequence R 4 1 1 1 1 4 0 7 3 -1 3 21/2582249878086908589655919172003011874329705792829223512830659356540647622016841194629645353280137831435903171972747493376 0 21/5164499756173817179311838344006023748659411585658447025661318713081295244033682389259290706560275662871806343945494986752 7/8192 0 49/157608024785577916849116160400574455220318957081861786671793173616982887085988842445657065019539662563226511961227264 -7/39402006196394479212279040100143613805079739270465446667948293404245721771497210611414266254884915640806627990306816 28 -5/161390617380431786853494948250188242145606612051826469551916209783790476376052574664352834580008614464743948248296718336 -25/645562469521727147413979793000752968582426448207305878207664839135161905504210298657411338320034457858975792993186873344 5/161390617380431786853494948250188242145606612051826469551916209783790476376052574664352834580008614464743948248296718336 5/1024 -3/2521728396569246669585858566409191283525103313309788586748690777871726193375821479130513040312634601011624191379636224 -3/1260864198284623334792929283204595641762551656654894293374345388935863096687910739565256520156317300505812095689818112 -21/10086913586276986678343434265636765134100413253239154346994763111486904773503285916522052161250538404046496765518544896 3/16 -9/20173827172553973356686868531273530268200826506478308693989526222973809547006571833044104322501076808092993531037089792 3/2521728396569246669585858566409191283525103313309788586748690777871726193375821479130513040312634601011624191379636224 3/2521728396569246669585858566409191283525103313309788586748690777871726193375821479130513040312634601011624191379636224 3/32 5/2404907604760405225358828131112281116032698930082119547604265954848982041717359046106827774346003151904701415424 5/2404907604760405225358828131112281116032698930082119547604265954848982041717359046106827774346003151904701415424 -25/19239260838083241802870625048898248928261591440656956380834127638791856333738872368854622194768025215237611323392 163840 7/322781234760863573706989896500376484291213224103652939103832419567580952752105149328705669160017228929487896496593436672 -1/322781234760863573706989896500376484291213224103652939103832419567580952752105149328705669160017228929487896496593436672 1/322781234760863573706989896500376484291213224103652939103832419567580952752105149328705669160017228929487896496593436672 1/512 -1 5 1/4 2 3 5
random_44_sequence S 5 9 3 4 -2.5737787947340145e-85 2.5737787947340145e-85 2.5737787947340145e-85 4.76837158203125e-06 1.9303340960505108e-85 6.4344469868350361e-86 3.8606681921010217e-85 512 3.2172234934175181e-85 4.5041128907845253e-85 -6.4344469868350361e-86 4194304 0 1.2868893973670072e-85 3.8606681921010217e-85 3584 -1.2868893973670072e-85 2.5737787947340145e-85 -3.8606681921010217e-85 0.5 2.5737787947340145e-85 -6.4344469868350361e-86 -2.5737787947340145e-85 0.00030517578125 -3.2172234934175181e-85 0 6.4344469868350361e-86 0.0029296875 -3.2172234934175181e-85 0 -2.5737787947340145e-85 14 1.2868893973670072e-85 -3.2172234934175181e-85 4.5041128907845253e-85 1.1444091796875e-05 -1 6 0.25 3 3 6 I -0.5 5 I 1 1 R -0.5 0 R 1 0 | random_44_sequence R 4 1 1 1 1 5 0 9 3 -1 3 -5/4074071952668972172536891376818756322102936787331872501272280898708762599526673412366794752 5/4074071952668972172536891376818756322102936787331872501272280898708762599526673412366794752 5/4074071952668972172536891376818756322102936787331872501272280898708762599526673412366794752 5/1048576 3/30354201441027016733116592294117482916287606860189680019559568902170379456331382784 1/30354201441027016733116592294117482916287606860189680019559568902170379456331382784 3/15177100720513508366558296147058741458143803430094840009779784451085189728165691392 512 5/3705346855594118253554271520278013051304639509300498049262642688253220148477952 7/3705346855594118253554271520278013051304639509300498049262642688253220148477952 -1/3705346855594118253554271520278013051304639509300498049262642688253220148477952 4194304 0 7/15177100720513508366558296147058741458143803430094840009779784451085189728165691392 21/15177100720513508366558296147058741458143803430094840009779784451085189728165691392 3584 -1/15541351137805832567355695254588151253139254712417116170014499277911234281641667985408 1/7770675568902916283677847627294075626569627356208558085007249638955617140820833992704 -3/15541351137805832567355695254588151253139254712417116170014499277911234281641667985408 1/2 5/63657374260452690195888927762793067532858387302060507832379389042324415617604272068231168 -5/254629497041810760783555711051172270131433549208242031329517556169297662470417088272924672 -5/63657374260452690195888927762793067532858387302060507832379389042324415617604272068231168 5/16384 -15/15914343565113172548972231940698266883214596825515126958094847260581103904401068017057792 0 3/15914343565113172548972231940698266883214596825515126958094847260581103904401068017057792 3/1024 -35/7770675568902916283677847627294075626569627356208558085007249638955617140820833992704 0 -7/1942668892225729070919461906823518906642406839052139521251812409738904285205208498176 14 3/2037035976334486086268445688409378161051468393665936250636140449354381299763336706183397376 -15/4074071952668972172536891376818756322102936787331872501272280898708762599526673412366794752 21/4074071952668972172536891376818756322102936787331872501272280898708762599526673412366794752 3/262144 -1 6 1/4 3 3 6
random_45_sequence P 6 8 4 4 -1.4551915228366852e-10 -2.9103830456733704e-11 1.4551915228366852e-10 0.000152587890625 1.1641532182693481e-10 8.7311491370201111e-11 -1.4551915228366852e-10 57344 8.7311491370201111e-11 2.9103830456733704e-11 -5.8207660913467407e-11 512 5.8207660913467407e-11 1.7462298274040222e-10 1.1641532182693481e-10 2560 -1.4551915228366852e-10 -2.0372681319713593e-10 -2.0372681319713593e-10 128 5.8207660913467407e-11 0 2.0372681319713593e-10 327680 -1.7462298274040222e-10 2.9103830456733704e-11 -5.8207660913467407e-11 0.109375 1.7462298274040222e-10 1.4551915228366852e-10 -2.3283064365386963e-10 0.015625 -1 1 0.25 6 2 1 3 1 I -0.5 6 I 1 1 R -0.5 0 R 1 0 | random_45_sequence R 4 1 1 1 1 6 1 8 4 -1 3 -25/1125899906842624 -5/1125899906842624 25/1125899906842624 5/32768 7/1048576 21/4194304 -35/4194304 57344 3/67108864 1/67108864 -1/33554432 512 5/33554432 15/33554432 5/16777216 2560 -5/268435456 -7/268435456 -7/268435456 128 5/262144 0 35/524288 327680 -21/1099511627776 7/2199023255552 -7/1099511627776 7/64 3/1099511627776 5/2199023255552 -1/274877906944 1/64 -1 1 1/4 6 2 1 3 1
random_46_sequence S 7 10 3 4 4.8148248609680896e-35 2.4074124304840448e-35 -8.4259435066941569e-35 65536 1.2037062152420224e-35 -2.4074124304840448e-35 4.8148248609680896e-35 0.00048828125 3.6111186457260672e-35 -7.2222372914521344e-35 -4.8148248609680896e-35 7 0 1.2037062152420224e-35 -1.2037062152420224e-35 4096 6.018531076210112e-35 8.4259435066941569e-35 1.2037062152420224e-35 5.7220458984375e-06 1.2037062152420224e-35 2.4074124304840448e-35 9.6296497219361793e-35 458752 -9.6296497219361793e-35 7.2222372914521344e-35 0 6144 -4.8148248609680896e-35 7.2222372914521344e-35 8.4259435066941569e-35 32 -7.2222372914521344e-35 -1.2037062152420224e-35 9.6296497219361793e-35 1 -8.4259435066941569e-35 -6.018531076210112e-35 8.4259435066941569e-35 128 -1 8 0.25 2 3 8 I -0.5 7 I 1 1 R -0.5 0 R 1 0 | random_46_sequence R 4 1 1 1 1 7 0 10 3 -1 3 1/316912650057057350374175801344 1/633825300114114700748351602688 -7/1267650600228229401496703205376 65536 1/170141183460469231731687303715884105728 -1/85070591730234615865843651857942052864 1/42535295865117307932921825928971026432 1/2048 21/83076749736557242056487941267521536 -21/41538374868278621028243970633760768 -7/20769187434139310514121985316880384 7 0 1/20282409603651670423947251286016 -1/20282409603651670423947251286016 4096 15/43556142965880123323311949751266331066368 21/43556142965880123323311949751266331066368 3/43556142965880123323311949751266331066368 3/524288 7/1267650600228229401496703205376 7/633825300114114700748351602688 7/158456325028528675187087900672 458752 -3/5070602400912917605986812821504 9/20282409603651670423947251286016 0 6144 -1/649037107316853453566312041152512 3/1298074214633706907132624082305024 7/2596148429267413814265248164610048 32 -3/41538374868278621028243970633760768 -1/83076749736557242056487941267521536 1/10384593717069655257060992658440192 1 -7/649037107316853453566312041152512 -5/649037107316853453566312041152512 7/649037107316853453566312041152512 128 -1 8 1/4 2 3 8
random_47_sequence S 8 13 3 4 -6.3802943797675962e+37 -5.3169119831396635e+37 1.0633823966279327e+37 114688 -5.3169119831396635e+37 6.3802943797675962e+37 -6.3802943797675962e+37 7.62939453125e-06 -3.1901471898837981e+37 3.1901471898837981e+37 -1.0633823966279327e+37 0.00390625 8.5070591730234616e+37 -8.5070591730234616e+37 -7.4436767763955289e+37 786432 1.0633823966279327e+37 -3.1901471898837981e+37 1.0633823966279327e+37 0.75 6.3802943797675962e+37 -1.0633823966279327e+37 3.1901471898837981e+37 1.9073486328125e-06 -1.0633823966279327e+37 -8.5070591730234616e+37 -3.1901471898837981e+37 4194304 -3.1901471898837981e+37 6.3802943797675962e+37 8.5070591730234616e+37 56 -6.3802943797675962e+37 -5.3169119831396635e+37 4.2535295865117308e+37 8192 -3.1901471898837981e+37 6.3802943797675962e+37 -1.0633823966279327e+37 8 3.1901471898837981e+37 0 5.3169119831396635e+37 114688 0 -6.3802943797675962e+37 0 0.01171875 -4.2535295865117308e+37 0 3.1901471898837981e+37 917504 -1 9 0.25 4 3 9 I -0.5 8 I 1 1 R -0.5 0 R 1 0 | random_47_sequence R 4 1 1 1 1 8 0 13 3 -1 3 -7317432018267860718316407558212743619149824 -6097860015223217265263672965177286349291520 1219572003044643453052734593035457269858304 114688 -405648192073033408478945025720320 486777830487640090174734030864384 -486777830487640090174734030864384 1/131072 -124615124604835863084731911901282304 124615124604835863084731911901282304 -41538374868278621028243970633760768 1/256 66902235595591869424607154817945084517941248 -66902235595591869424607154817945084517941248 -58539456146142885746531260465701948953198592 786432 7975367974709495237422842361682067456 -23926103924128485712268527085046202368 7975367974709495237422842361682067456 3/4 121694457621910022543683507716096 -20282409603651670423947251286016 60847228810955011271841753858048 1/524288 -44601490397061246283071436545296723011960832 -356811923176489970264571492362373784095686656 -133804471191183738849214309635890169035882496 4194304 -1786482426334926933182716689016783110144 3572964852669853866365433378033566220288 4763953136893138488487244504044754960384 56 -522673715590561479879743397015195972796416 -435561429658801233233119497512663310663680 348449143727040986586495598010130648530944 8192 -255211775190703847597530955573826158592 510423550381407695195061911147652317184 -85070591730234615865843651857942052864 8 3658716009133930359158203779106371809574912 0 6097860015223217265263672965177286349291520 114688 0 -747690747629015178508391471407693824 0 3/256 -39026304097428590497687506977134632635465728 0 29269728073071442873265630232850974476599296 917504 -1 9 1/4 4 3 9
