66
box_0 1
0 0 0 0 0 1 1 0 0 -3.0 7.0
P 4 0.0 0.0 20.0 0.0 20.0 12.0 0.0 12.0
32
0.0 0.0 -3.0
0.0 0.0 2.0
0.0 0.0 7.0
10.0 6.0 -3.0
10.0 6.0 2.0
10.0 6.0 7.0
10.0 6.0 -4.0
10.0 6.0 8.0
18.890860377462623 8.415718854812717 0.3335517736362128
19.125121855249986 -0.8921771558960443 -3.0945741636446167
13.188578411913042 6.27121240305637 -3.2163965756809847
15.097099729740151 7.474634203462408 4.04186437261103
17.756101783524777 8.627493700717958 2.181992226697382
3.7536366533362013 11.07198144103732 2.260110338739091
1.3764237007794247 8.363319053491235 -1.5423065972191559
2.7801751075328993 12.13079371744246 7.418851433175567
1.2269847288787772 7.860078283747113 7.055915339288028
0.40527618324007375 0.6652388405713057 -0.2584469469827497
3.5242587726843677 -0.026477660805468428 -0.24423903706323857
13.01515657392378 -0.7532030899302504 -2.127143110930735
12.22131980208936 6.472270994664957 7.795880945413748
2.950921665547832 11.19107572660499 -3.272687856026534
16.787111799316065 1.0224945472449405 -1.667975404002601
14.898581061240076 1.8575463052169843 -3.7238792134719483
13.039381651604458 0.3689122207739588 2.569339585941222
6.717328456828989 0.2134568297849282 0.0037961550328091676
13.020297822173477 3.7556942090585332 -0.8921457984768928
1.6303079121141923 11.249431915395332 -1.431734729772539
12.080461543734144 6.929504926881402 -0.06168666395610556
19.97106375093499 11.256064971834444 -2.4004375107785116
16.01715307866516 12.333326343456543 -1.4710804736534344
7.004158076937527 6.437453609920049 -1.5054400814256628
box_1 1
0 0 0 0 0 1 1 0 0 0.14 -0.06
P 4 0.0 0.0 0.0 0.24 0.4 0.24 0.4 0.0
32
0.0 0.0 -0.06
0.0 0.0 0.04000000000000001
0.0 0.0 0.14
0.2 0.12 -0.06
0.2 0.12 0.04000000000000001
0.2 0.12 0.14
0.2 0.12 -0.08
0.2 0.12 0.16
-0.005612901897257324 0.24620557568507204 -0.07111894019639925
0.4017902038081616 0.14451453077315388 0.09148895215238505
0.13603296675380352 0.009907078341064583 -0.050611522647725296
0.27857811430621243 0.1325437161089568 -0.0156868618320046
0.12765887881058502 0.07178360529205176 0.10079765755190283
0.2786360269652337 0.16427713385338685 -0.07177338867276907
0.34338088256752497 -0.004368116302812999 -0.04431595484337363
0.015346851727583603 -0.015326095297773516 -0.05504694385873138
0.31316083703719144 0.11011568328679926 -0.04947417861265445
0.02855531310496585 0.20089785316048991 0.003365568588611173
0.3406937408889252 0.24487381392738736 0.11910593963614134
0.36925798779506486 0.22674373324302227 0.12719334285481754
0.3527814679790952 0.10602540781760846 0.059738983218930855
0.1789482038290999 0.24692753673496795 -0.023073522868838327
0.222414071408421 0.060684770326355386 -0.07550531444534768
0.41207809714774807 0.23600321559031032 0.1278347349795047
0.3210085131466013 0.04398155462018387 -0.0364068917236604
0.2172733237091624 0.06754636474629105 0.11726469319096085
0.14793504098241916 0.04124253901039372 0.041137091718744814
-0.011686818246366196 0.05393183069675081 -0.0037232543026658044
0.02913354678254482 0.20746205625138076 0.08090523651838939
0.3688334620624558 0.24080505120700837 -0.04551875448768372
0.20084211809943986 0.10345708196098258 0.10295208708511351
0.3751198648870966 0.18375113949064048 -0.006168065281994747
box_2 1
-8.031897710953146 2.301380698156592 -2.5766249646725754 1 2 3 1 0 0 -10.5 24.5
P 4 0.0 0.0 70.0 0.0 70.0 42.0 0.0 42.0
32
0.0 0.0 -10.5
0.0 0.0 7.0
0.0 0.0 24.5
35.0 21.0 -10.5
35.0 21.0 7.0
35.0 21.0 24.5
35.0 21.0 -14.0
35.0 21.0 28.0
9.062312600458382 18.741024757082045 24.235247436054593
29.131951173640296 14.191464825497096 15.809484490048831
23.344167325532073 23.339645123289507 26.637267400423873
35.117327037857564 27.06140398562399 4.326079585352581
47.12894530638413 13.386349060394817 11.050860177639429
58.78857197362102 22.134520441867704 20.150387639090276
25.244788368536053 15.380011291040457 24.113765350197866
70.13937573086777 14.638220818033727 19.172728081740864
56.3109356738405 23.62555058054977 -6.511430807934362
7.022433794097488 44.30739302034728 19.379952149240935
26.93585973601192 36.17618261362305 -13.564084614516167
11.937627246885326 24.034118523105754 8.578495865168538
53.526434024961766 6.26936504829577 6.403916323543214
54.92534766755122 17.829643423380684 24.027856286910286
25.436427151266056 25.355673884507365 -3.9820602353687047
18.68671354817146 39.996707876635206 0.04017122438846421
-1.357915876314391 44.8691517309353 19.583528060057574
49.84540101753364 19.817317752712306 1.379460842750209
15.240632063454793 41.041278288485955 7.963713281526623
19.28599889914776 33.68458218938546 6.401335388657284
-0.42533100000382973 3.048886910771696 21.368439040238464
13.514004792303314 7.419836475111509 -5.241083447378875
51.103554670251256 38.30047579486068 21.56686022714961
62.13154880629264 15.659308050099405 4.928796125300266
box_3 1
64.53080669281067 -14.019255058487488 62.91311003905696 1 2 3 1 0 0 7.0 -3.0
P 4 0.0 0.0 0.0 12.0 20.0 12.0 20.0 0.0
32
0.0 0.0 -3.0
0.0 0.0 2.0
0.0 0.0 7.0
10.0 6.0 -3.0
10.0 6.0 2.0
10.0 6.0 7.0
10.0 6.0 -4.0
10.0 6.0 8.0
13.65593794647782 7.8615113829614796 -0.4470745400457594
17.475410536384295 2.7456996314775237 4.168855273416806
11.447917050989268 8.065981044343369 7.983190170552522
-0.9587211967181428 1.8496998860855944 -0.5873385340660895
15.191944161651826 7.845178999767198 -2.716221055905354
10.861692332211272 10.398046607053443 2.9602224168503053
11.374349188202968 8.409172199318178 6.228546825997567
2.116316520073239 8.994432305754184 4.041636878742503
7.65636742748959 3.161331579725939 7.589985281251812
20.05323021425915 2.6627295376899536 6.179396481115418
9.932126639244839 11.118309068371154 -1.5804217445266526
18.767830939309302 12.714180095510237 -2.856616369595837
19.273956477912716 -0.0454913676223907 0.25730657585213734
17.120864179178305 12.231860655451532 4.947204861773795
10.91235184705618 7.890238904563626 -3.6707237376801465
4.4982918663709075 8.320539058837765 5.929062818479025
6.625452408802095 3.1949366238499373 -0.18055970976245073
5.143461470196225 2.073915669908678 1.1634587306788866
5.181593513122159 5.0532324204848695 -0.9848537958579207
3.2118232524061607 10.068690605375815 4.625104600258663
6.908549213005977 3.728371142227073 0.2416457804523322
11.217622360519648 9.652591284836367 6.457636706749643
2.86741941591248 2.4204964709846974 -0.3499637851934301
7.5330543360294655 5.035189571291116 6.250331216182252
box_4 1
0 0 0 0 1 0 1 0 0 -1.5 3.5
P 4 0.0 0.0 10.0 0.0 10.0 6.0 0.0 6.0
32
0.0 0.0 -1.5
0.0 0.0 1.0
0.0 0.0 3.5
5.0 3.0 -1.5
5.0 3.0 1.0
5.0 3.0 3.5
5.0 3.0 -2.0
5.0 3.0 4.0
0.559315859695553 3.7443515359747686 0.6405972636542403
9.720641176030979 4.731951103855892 -0.3726572592963917
7.278854881333947 0.5886409605679792 0.48534138629222756
2.758776811916888 4.948551407108076 3.237805759599123
5.011184396450113 2.0542973372137507 2.3332043969495366
0.38876347962198743 1.663611532962121 2.9877847969045046
-0.22136430462463852 2.8901826441720373 3.9013361986079094
-0.41480254680052275 2.1154574653525704 -1.1400092286290844
2.6520695669502783 0.7827786672325692 1.3902081706804976
0.8264682427538426 3.884677307909401 3.4937913395698184
5.242082503054861 3.1440977210918093 1.4768690874734345
0.46663175497644416 6.403367245631901 -1.2149709672874431
9.95256393997844 0.9245796188293061 2.1004155688136734
9.003677237923576 1.780555375106358 0.12792421293400214
8.021932264683597 2.7600446649368005 -1.366088166131281
6.762697906643393 0.3285706660403891 2.70872411376605
1.64419351592124 0.005922886680076678 3.3042077995684744
7.330175146670967 1.6402299246994767 0.8282955459157302
0.06792247131390561 -0.2849642506516453 1.7534567878234997
1.0360735761461783 4.379903060715802 2.563137042346292
4.787171532572624 4.085034079445325 3.481382211100282
5.802294692030653 5.646723266970638 -0.29334542358282123
9.232444030024714 0.5524299514400779 0.12080907779961869
1.7247330136068095 1.6808978628371323 3.3417227358848267
box_5 1
0 0 0 1 2 3 1 0 0 7.0 -3.0
P 4 10000.0 -10000.0 10000.0 -9988.0 10020.0 -9988.0 10020.0 -10000.0
32
10000.0 -10000.0 -3.0
10000.0 -10000.0 2.0
10000.0 -10000.0 7.0
10010.0 -9994.0 -3.0
10010.0 -9994.0 2.0
10010.0 -9994.0 7.0
10010.0 -9994.0 -4.0
10010.0 -9994.0 8.0
10008.47685071334 -9996.253788654203 4.355402469173722
10002.000210926095 -9994.60466327337 0.4655801494729168
10018.448484667848 -9990.942041644661 0.18430946847688645
10008.66167307868 -9996.051270611959 0.4779975256649669
10020.076813800151 -9989.92194977407 -3.157919645349847
10009.37422699611 -9992.697212817504 7.304833896919215
10006.691435592757 -9995.89268768698 7.201817442694626
10009.514356299162 -9996.114804788027 2.954376804619658
10012.354165827359 -9990.145820294723 6.239640997191387
10004.65601793864 -9991.79405813274 -1.934579926473504
10010.11822425093 -9988.395753012233 4.428593714362329
10005.85280326947 -9994.497734901342 5.918666393958844
10015.012380552094 -9999.13957728705 4.923702110899065
10014.381373013668 -9989.265436743248 -2.7456264315362313
10018.45046340775 -9995.303853803596 7.546838559895095
10014.776848965956 -10000.340062225998 -1.165791289244714
10004.345411193928 -9993.904436025912 1.1547005653960856
10003.303771427005 -9994.391367526205 -3.683545164174633
10015.938121306403 -9999.340994104872 -2.259122923575858
10015.481031695586 -9997.418188422613 6.095812230572033
10004.907514124738 -9987.042884196744 4.220318268002149
10012.018584792773 -9998.14379626137 5.677057890352861
10013.728536389064 -10000.223135270584 -1.7113001607965157
10017.333385405927 -9994.067823399599 6.073595078217947
triangle_0 1
0 0 0 0 0 1 1 0 0 -3.0 7.0
P 3 0.0 0.0 10.0 0.0 2.0 8.0
32
0.0 0.0 -3.0
0.0 0.0 2.0
0.0 0.0 7.0
5.0 4.0 -3.0
5.0 4.0 2.0
5.0 4.0 7.0
5.0 4.0 -4.0
5.0 4.0 8.0
10.799719946303654 8.795745119819491 7.64198181761288
4.353334151203573 5.9921015748084585 1.6766727936665022
6.883961816336763 -0.54189173222869 4.55206547686082
8.626053711979843 -0.7706131592879142 -0.5634810565670985
6.258232230134274 5.0006039284932395 -1.4880281664812243
-0.21172494757878502 7.59022712288483 5.292386426732147
5.789736354126532 4.872321247006703 -1.2084101911034062
0.056234681986459645 2.2182067725932972 -1.7892080250344606
9.086953639226497 -0.4671482442112309 7.771315373227456
2.8707594033984036 7.065856225051618 0.6930473846355323
3.399104695218437 2.634292996301686 -0.9033110937034738
8.571605352159716 2.751089943784285 7.5506490091757446
4.47628198728637 8.05459002201079 5.8676815188337965
10.972830814209349 2.006653516974721 3.158208097866673
5.054700915697423 6.49916677935275 -0.6274656381797459
6.731773229293481 5.447734978071869 -1.4830917184541317
2.565776526901386 2.763587865713399 -3.5289534125183275
6.223712340394687 0.908073782134756 -2.1359902927762273
7.546542066066136 8.680169648241398 -1.5536607512967056
3.1245018813885945 6.245731271646484 6.046245101488269
3.699980914318223 2.621139641412774 1.9507257328941439
3.983758352076017 8.426412202847343 -2.0978630324913468
-0.6093532121448368 -0.08624370611802457 2.9623708914653974
3.9590377792234612 2.6843292777860217 3.2664861241581047
triangle_1 1
0 0 0 0 0 1 1 0 0 0.14 -0.06
P 3 0.0 0.0 0.04 0.16 0.2 0.0
32
0.0 0.0 -0.06
0.0 0.0 0.04000000000000001
0.0 0.0 0.14
0.1 0.08 -0.06
0.1 0.08 0.04000000000000001
0.1 0.08 0.14
0.1 0.08 -0.08
0.1 0.08 0.16
0.21133912177225242 0.10822619630411 0.07741288527738409
0.15182146525993026 0.06874493407321165 0.06898430937761026
0.17584489460965758 0.036492161033205864 0.014817458204053266
0.10311381267580505 0.07180304009917843 -0.0757220038260492
0.040204544526246846 0.0718068520284731 -0.07606891563929016
0.19606891377649682 0.06567559776877818 -0.05718562382767599
0.047640158218646644 0.08777539771164805 0.07473835708150962
0.0339575271609899 -0.018158595282823913 -0.06591240855346751
0.1876856069444351 0.05704700082090411 0.1387856868579595
0.2056029314174418 0.16672968326043722 0.11770189249427278
0.1414071748348273 0.13715198953233798 -0.07179865820692996
-0.0025899433428655354 0.07679843204120727 -0.04209458533298894
0.17010493656673958 0.09749664302257406 0.11802074144337622
0.1463549409468904 0.01767192344132359 0.05902378392374848
0.14443085393015992 0.09398145321076462 0.026513199938139984
0.06428388606938251 0.11562102004060835 -0.049225337319491524
0.04925256684280439 0.1685290816582699 0.03464789168886119
0.06894085707351472 0.10011112957841546 0.12132731449420218
0.053011787194186574 0.05315877822298126 0.04517385944105358
0.17885035440285532 0.09829406316838259 -0.0009588948337996284
0.08805057006652009 0.11886688886833623 0.03098096295620248
-0.006701496513799202 0.07320665291666069 0.014041311341578933
0.09241318194832517 0.1785705075661143 0.036623325613335395
0.07128854267415086 0.11932047995360569 -0.009800307489171864
triangle_2 1
-5.7457499559011325 -78.36385941903751 -11.237553020722757 1 2 3 1 0 0 -10.5 24.5
P 3 0.0 0.0 35.0 0.0 7.0 28.0
32
0.0 0.0 -10.5
0.0 0.0 7.0
0.0 0.0 24.5
17.5 14.0 -10.5
17.5 14.0 7.0
17.5 14.0 24.5
17.5 14.0 -14.0
17.5 14.0 28.0
37.32333808532948 30.252370550194875 -3.1345400458359
3.8377009797424533 24.77135343105167 24.735484510811574
25.755409500169236 23.853189744081394 20.32624830886082
9.346446824095176 26.918859692552328 25.065084726302224
19.721187123761663 1.562000673595958 18.819550544259762
6.559906979803827 17.984565719447534 -7.239916184723596
4.6558430355866705 16.864592948928397 17.921976566227045
10.282403242050442 18.117365764041722 21.805579505780166
19.803845600274187 26.100460185610523 -0.952979201343469
1.2362178889054638 18.597853697626782 -1.4408327174462325
33.03270367538774 23.46473977254873 22.89813513961674
29.534107087113853 26.289738231533743 25.008009271348556
-0.42214279747963523 -2.6156940564691675 5.717973167892339
35.32113283591414 14.981418437436908 2.0737160439352174
38.22829228039972 7.584719907919734 -4.208287110575929
22.09048634722515 8.176666707010911 21.028496223794235
12.675660793447264 4.272818157188141 9.239702810947222
20.095179338472793 20.346623288482334 9.880841952395592
18.078412174435243 18.584271668626673 21.904540550228553
26.426395398944113 -3.149209059890025 6.9095845019036695
24.337915832101764 12.391953542860284 20.022767363572143
21.147628590839638 20.81174323330574 22.11598481137277
22.305784597118638 30.355898865746163 -7.515399790095612
2.902850178760046 -2.6282814467613256 24.097169607296934
triangle_3 1
-4.9611395993386225 69.44099980702109 35.07347985843782 1 2 3 1 0 0 7.0 -3.0
P 3 0.0 0.0 2.0 8.0 10.0 0.0
32
0.0 0.0 -3.0
0.0 0.0 2.0
0.0 0.0 7.0
5.0 4.0 -3.0
5.0 4.0 2.0
5.0 4.0 7.0
5.0 4.0 -4.0
5.0 4.0 8.0
3.4350701965201065 6.283154568113294 -1.3957282889180518
0.2963530022300067 7.88200610319762 7.45040513652309
1.276128746833297 0.264478411426172 -2.0789881396662073
0.12961051749555796 6.007432159426851 -3.2603375754455746
3.4396240096980613 0.044973118868434137 7.717351447024122
-0.26505954718312674 6.862703211798621 5.704579231067658
9.753560679666846 3.3284149951164643 0.02472451734694836
9.534499757034757 1.7202547999302307 7.48408491401363
9.330772474736925 1.9070000750197442 7.02910817830621
10.366498275406679 1.6084515770664316 3.570142790314188
10.596241025438033 7.722056672880749 -3.5930685834679363
0.39346861945397205 -0.2763279922656261 4.544832810406486
1.0076393336323273 2.5661792554483 1.9787384583827219
10.220555633115588 2.5947787081605664 -1.2201662986396893
0.6179481048744568 4.493113118571198 4.688472639255444
3.3218486102077067 1.5749315635763494 4.833357743554064
-0.08541534764881265 8.850633786942362 -1.4835486262179023
10.506026663677094 6.828768635461714 -3.351284631196473
5.421888652026099 0.2763394193813449 0.22457420061916
6.471849755778541 7.749534235102551 6.584997020369517
1.4189929233696916 6.526705697080775 2.8021684297253113
7.800450356861004 2.7840052146004775 4.311238886901219
3.5218173270870414 8.198280018281544 0.43823413014952983
3.222750399599758 6.671305196871675 7.17698763062522
triangle_4 1
0 0 0 0 1 0 1 0 0 -1.5 3.5
P 3 0.0 0.0 5.0 0.0 1.0 4.0
32
0.0 0.0 -1.5
0.0 0.0 1.0
0.0 0.0 3.5
2.5 2.0 -1.5
2.5 2.0 1.0
2.5 2.0 3.5
2.5 2.0 -2.0
2.5 2.0 4.0
0.08336659430737758 3.4978822704147388 -1.9548233897874252
0.6165113440574344 -0.1253208960921055 -0.019509573423309723
2.9465562397933454 0.14531775332070718 -1.6595737257554009
0.9674724948853144 2.4263169148078068 2.163938700477055
-0.16637516216872306 1.493913416903688 1.0722496706605362
2.981480408772036 -0.25816938865068206 -1.239927962237077
1.4446053622565418 0.9062703322745391 3.6174197435946915
1.1046360062146756 2.013208235785265 3.5844614729212587
4.0716944160800495 3.521249124722109 0.3792675513639159
-0.42541872187469343 2.748069728848668 2.226930474259775
-0.17189171263129288 4.060441522744521 1.2202503739853294
3.766001322859709 2.0321202511895295 -0.9842642144553191
3.9244282225290297 2.905901820320717 1.1231704143576788
2.180668532860879 1.1978668874282872 2.8101346481380585
-0.49329170399439826 0.5449590230712902 3.729766263003908
-0.49557178092957477 0.513057844429333 3.0005617246671967
1.1260904369186127 3.0182122800144215 0.8433606186533202
5.112568033787067 0.36524075891175556 0.17363907902136777
4.389599070724907 2.904434912715752 -0.031131535083365636
1.7337479498511748 1.7687930180242386 0.15482548887676195
2.351820997644402 1.3700708258629961 1.4091895337474707
4.881881654104404 1.6801877453829115 -0.34214370222266144
5.254509600563193 2.8951074215569954 -1.6584888488006824
-0.3413838679019048 1.2771155679784938 -1.2479823852445846
triangle_5 1
0 0 0 1 2 3 1 0 0 7.0 -3.0
P 3 10000.0 -10000.0 10002.0 -9992.0 10010.0 -10000.0
32
10000.0 -10000.0 -3.0
10000.0 -10000.0 2.0
10000.0 -10000.0 7.0
10005.0 -9996.0 -3.0
10005.0 -9996.0 2.0
10005.0 -9996.0 7.0
10005.0 -9996.0 -4.0
10005.0 -9996.0 8.0
10010.930835357498 -9993.848315694795 -0.8451176706551795
9999.386563816772 -9998.219453995922 3.243312580701117
10004.087968409625 -9995.257058329516 3.675492653366197
10007.336459574302 -9991.078998776205 4.229580350718923
9999.963086651294 -9992.091453615909 -3.186977902077804
10004.45239919477 -9997.597331160485 1.5033358112177666
10002.905943302565 -9993.29871943325 -3.0557136447650706
10008.534146073875 -9997.186963029842 -3.3347377565651497
9999.728399099216 -9997.686749101065 6.652109602896084
10002.006696678982 -9993.127393709181 3.7976867186467427
10003.26124603561 -9998.321603053797 0.4174862061164344
10007.317543526506 -10000.082273111388 0.9682009595399297
10005.61687397612 -9999.327394400832 7.246272323159008
10000.265243199134 -9999.6911269463 4.64930638639049
10008.34856114341 -9996.97765746613 0.9275621024132361
10001.296108339358 -9994.893010477837 1.991785923720398
10004.110038372088 -9995.270610540127 5.73085926696324
10000.469065113366 -9998.828647501268 5.445884726231615
10003.179502848374 -9991.308593775537 7.571562988341647
9999.673038707171 -9994.029583496967 -1.409875118895512
10009.60732516221 -9997.864516819349 6.803107737011455
10006.993710674062 -9999.438876664748 -3.63207853509474
9999.78450625181 -9998.29521929867 0.6189894252990964
10007.52526126054 -9999.977231894063 -1.0891396475081674
concave_0 1
0 0 0 0 0 1 1 0 0 -3.0 7.0
P 6 0.0 0.0 20.0 0.0 20.0 6.0 6.0 6.0 6.0 20.0 0.0 20.0
32
0.0 0.0 -3.0
0.0 0.0 2.0
0.0 0.0 7.0
10.0 10.0 -3.0
10.0 10.0 2.0
10.0 10.0 7.0
10.0 10.0 -4.0
10.0 10.0 8.0
1.7395005697749948 11.102139875993448 1.124314545213032
19.09096763084444 17.14719983641949 -3.2100926419154887
6.786354967525752 20.429236607923578 7.732780882501292
0.10277058323552857 10.443466548054339 4.114630443678767
0.6214977013419603 9.156088210356303 7.41590530875717
9.324757598544771 6.795270312680924 6.153739801000539
1.9522333176179636 10.047916793419944 4.213734643743525
4.6025634705628375 9.84584822671346 4.416743179319399
11.084702491276317 17.338911031433803 0.782934930231157
6.33452719732359 10.961512990134956 3.3588708182513534
11.044099692678948 8.329441993000405 6.8271997161940945
9.079776045017587 10.937014110756396 6.5495294891047795
13.832448591541858 17.472268648100876 -3.8003641244229356
14.817762456593249 11.600531363534502 2.0884175485546104
13.623440016428663 5.506730716292182 7.035898443987014
10.361480588508025 0.27627156314628 -1.2044445859786492
16.060592342858406 12.534199470861939 3.4152500020158136
20.76564619048754 3.2641164602137405 -2.5297005357605973
4.589895845998337 19.91359853597052 -3.410580509282769
2.10669238444095 17.74428867453047 -0.6925018862975021
-0.4512693683060953 15.97974496210789 1.4944395703101918
19.730883550271685 9.399382999900554 0.27746544936039896
10.651164533110125 9.870108232372006 6.4255651483926535
11.183176782454698 14.318786460059476 2.2098547477530968
concave_1 1
0 0 0 0 0 1 1 0 0 0.14 -0.06
P 6 0.0 0.0 0.0 0.4 0.12 0.4 0.12 0.12 0.4 0.12 0.4 0.0
32
0.0 0.0 -0.06
0.0 0.0 0.04000000000000001
0.0 0.0 0.14
0.2 0.2 -0.06
0.2 0.2 0.04000000000000001
0.2 0.2 0.14
0.2 0.2 -0.08
0.2 0.2 0.16
0.26390112445784336 0.2711909704987337 0.14155666229771208
0.37085585204952937 0.08357572325516546 0.07553661046295908
-0.002099914647531207 0.31779501447572633 -0.05258878898716396
0.06220329145955461 0.11255565782006653 -0.039986203184720785
0.33563564698291554 -0.004765232598688296 0.12495743009615871
0.22360465192745374 0.26812822635428435 0.09429531150504557
0.4058408743616912 0.22320285967900838 0.11556001988013571
0.18016825190819624 0.1778584637224287 0.1203259210466568
0.04864459347835229 0.18902097092815928 0.0889522713203388
0.2550643728934591 0.2659726037803479 -0.07703147922930584
0.34898238846257973 0.3440134589957384 -0.07263521718513608
0.34731755337363746 0.028587111213193777 0.07181748341268661
0.2958613961012467 0.047505051236742965 0.11892938215473821
0.10944502735189134 0.32143818135210234 -0.07686287987736298
0.2668848284447553 0.17494510975642966 0.06475498265089884
0.2787353186454989 0.3831755818473711 -0.07125161682686151
0.0789843145065509 0.26556878625550323 0.14896755488358077
0.23725043688858125 0.32034976307207397 -0.02917021931928577
0.22886103346728084 -0.0071642389993643845 0.15079554221295793
0.19769500679361865 0.047049771007335275 0.0678559039111002
0.3977183244099965 0.2882911479839882 0.05564602589416158
0.05140656062567352 0.0675451957662726 -0.07015261683510121
0.2157868870109865 0.04044352029931912 0.02577556533151018
0.2912545173071305 0.368809845096509 -0.05812369216819562
concave_2 1
-7.075823665285824 35.04934665652209 49.984300403648064 1 2 3 1 0 0 -10.5 24.5
P 6 0.0 0.0 70.0 0.0 70.0 21.0 21.0 21.0 21.0 70.0 0.0 70.0
32
0.0 0.0 -10.5
0.0 0.0 7.0
0.0 0.0 24.5
35.0 35.0 -10.5
35.0 35.0 7.0
35.0 35.0 24.5
35.0 35.0 -14.0
35.0 35.0 28.0
61.24533351983487 26.640077257000605 3.1457420972665737
73.16383499171621 2.732984412951547 26.522367963990206
2.3000420987587997 50.640130845495946 -8.172655269581572
56.26010173833716 67.57477172444295 2.5669770100661253
53.449795753125265 38.93224991398873 11.83451278341057
57.81644248502258 54.565311841541366 15.3899741221853
66.93828257061982 27.84094293542111 -0.14733217302750745
16.216917872406622 20.78880568065433 3.346149101422533
19.963071998425246 42.18916266244987 6.574847994867103
47.4142896430268 63.32557284054765 -9.336514643951087
35.15977120474067 -1.2307836490041084 12.764191838867276
40.9712516501472 19.020454429521433 -3.813952714836663
72.77310868783218 4.518236691317728 -3.211591372893807
24.885853048151255 53.80248880364749 6.7733019237229435
2.530867272923391 40.997083597057596 -10.982840806570742
70.50118509515485 55.46380753236806 -3.2275458786794466
52.5400454816112 41.458875249796726 2.839517890982993
57.5213805539611 43.5106616636468 -5.167466440135099
57.05184214108057 34.31326306797175 -8.157281293631986
49.242480720036376 7.252240308533617 -8.16823956959503
56.570632192424625 -3.0107149257111945 -13.59176693531485
37.88660384879643 63.45339329058275 18.91070684818849
27.466593720966426 34.747097454828996 26.245965346599412
43.10836901630517 50.855107959123195 23.5036376194334
concave_3 1
-10.528157100951958 48.10567441610448 -52.6771113947462 1 2 3 1 0 0 7.0 -3.0
P 6 0.0 0.0 0.0 20.0 6.0 20.0 6.0 6.0 20.0 6.0 20.0 0.0
32
0.0 0.0 -3.0
0.0 0.0 2.0
0.0 0.0 7.0
10.0 10.0 -3.0
10.0 10.0 2.0
10.0 10.0 7.0
10.0 10.0 -4.0
10.0 10.0 8.0
20.207744681598705 3.3948564233565612 -2.8121274863932344
15.927573869158255 0.25288918804688376 6.248359296522645
0.4024022324667058 7.541185140116124 0.7720482246812068
-0.8537081639446404 4.313978698219988 -2.158104629671106
9.431689596702228 14.433342875235978 6.3458127301094045
3.2618797615822714 16.414684318238862 0.5250215092781945
16.066175355455304 16.267243332407944 3.912202360300526
6.1648109400049655 13.335236600476607 -1.2536652288344659
7.712292721673704 18.18791883238482 6.675890331563785
17.494976514247277 5.728398851634206 6.8531490258434715
19.83369618911864 11.688269439704753 1.085498175241007
11.126817400958672 4.607499768851155 -0.906126503576647
18.53163858184562 5.7211235353080045 5.80817056055923
9.394241386119411 16.627849726501825 -0.20800326777571598
19.56555042275072 7.167625191825543 5.682468919359804
15.97493279671907 15.122396184772743 7.780197158535438
-0.6025752596904896 16.92844166470398 -0.10811177071059319
17.237806777584733 16.098172579125148 5.413540618275059
12.051869313366877 6.628614073516259 7.3222219002547515
0.11750451658724748 13.779748160981596 3.090886550288994
13.86436314991301 12.17199906887791 3.450162282479668
7.017567215564739 19.65802340621088 6.343830961970294
13.016524962892255 18.28807173719147 3.7082704562523663
17.446136184147058 15.421669291090176 -3.725848771449192
concave_4 1
0 0 0 0 1 0 1 0 0 -1.5 3.5
P 6 0.0 0.0 10.0 0.0 10.0 3.0 3.0 3.0 3.0 10.0 0.0 10.0
32
0.0 0.0 -1.5
0.0 0.0 1.0
0.0 0.0 3.5
5.0 5.0 -1.5
5.0 5.0 1.0
5.0 5.0 3.5
5.0 5.0 -2.0
5.0 5.0 4.0
0.7342217775780608 6.187824741440016 2.1206224722139826
-0.4961561783453625 5.213745643347072 1.4530891069329313
10.270279092913194 6.486936516750776 -1.8968393365576566
1.448641948556316 2.9786370044891566 -1.9157390736032183
8.240292820605491 1.1325046626584794 0.201698683838329
3.576499471931365 7.108393358823308 -0.8232062198063217
4.988767937983524 1.970161138847653 3.957782233202269
5.39079465928662 1.2320113268827984 -1.5932870907596208
1.6367703179559232 6.412970519555194 -1.0752788591089695
3.9101666001382362 9.349661833599187 -1.0253681364643215
2.2363631220410523 8.141719600228893 -1.2162822266899673
1.7965407038156358 2.278995773371355 1.116270532008154
0.22144130612945223 0.8357168523242329 1.8936144334582474
5.530399600334174 10.410960367342884 1.302030248185111
9.43346084310101 3.1651120512972857 3.257916481993308
7.060493982120034 5.436740870592094 -1.3351387664115835
3.3650347446352935 9.153622986900046 -1.1953802494674006
2.5266115602758266 7.767170708344242 -0.1445605244479553
3.900389703820899 0.7122747007433832 1.565455584127454
7.7484287949836155 3.8749580065573044 1.5249866611095388
9.345146542550639 9.612610331843088 -1.753052201040117
1.7249570982978155 9.751456641103337 2.641492230637801
10.386000276568788 5.250952567194663 2.035226059453972
7.32174102521468 6.949642623329037 1.3118391789118826
concave_5 1
0 0 0 1 2 3 1 0 0 7.0 -3.0
P 6 10000.0 -10000.0 10000.0 -9980.0 10006.0 -9980.0 10006.0 -9994.0 10020.0 -9994.0 10020.0 -10000.0
32
10000.0 -10000.0 -3.0
10000.0 -10000.0 2.0
10000.0 -10000.0 7.0
10010.0 -9990.0 -3.0
10010.0 -9990.0 2.0
10010.0 -9990.0 7.0
10010.0 -9990.0 -4.0
10010.0 -9990.0 8.0
10010.802954958624 -9996.889327911154 -1.0387801370125196
10008.730907533916 -9993.671608016424 7.718370763128981
10006.712101417343 -9980.3224395355 3.6982323025318085
10001.357753079788 -9990.413474193994 -1.0634051724093045
10020.12770227181 -9997.41829753044 6.476870431165693
10019.265998008434 -9999.213913244388 6.274464498752051
10018.606126704239 -9994.712926931998 0.5182030046238975
10015.591773425296 -9987.758736550011 6.593679949563073
10020.63224359573 -9982.391848980596 0.07500571093975594
10005.16518132827 -9989.220016181516 3.8227938589769526
10007.331787389105 -9992.147806508852 6.0532898975347855
10010.829573116218 -9979.678773700278 -2.5189327073172145
10018.207731572777 -9980.795976421563 0.478963503231693
10002.426774955755 -9990.532562475046 1.5461032622372866
9999.939158850355 -9983.4450434047 6.582754577958948
10013.530947192417 -9992.048783143378 1.9491963366370486
10009.877056643154 -9987.357187704563 -3.5628881747422625
10014.56628605953 -9989.077104738508 0.027377460625779726
10000.439917429921 -9993.911851730472 5.816297407982223
10007.330618499995 -9980.104755848073 6.788966453410023
10009.40399550925 -9995.819883602202 -3.703451096246164
10006.394915335073 -9996.99480181948 -0.6410561489487647
10013.017145080143 -9981.612015917763 3.3391283718261633
10011.709825712098 -9999.87586706209 -2.03056302606906
frame_0 2
0 0 0 0 0 1 1 0 0 -3.0 7.0
P 4 0.0 0.0 20.0 0.0 20.0 12.0 0.0 12.0
P 4 3.0 2.0 8.0 2.0 8.0 8.0 3.0 8.0
35
0.0 0.0 -3.0
0.0 0.0 2.0
0.0 0.0 7.0
3.0 2.0 -3.0
3.0 2.0 2.0
3.0 2.0 7.0
10.0 6.0 -3.0
10.0 6.0 2.0
10.0 6.0 7.0
10.0 6.0 -4.0
10.0 6.0 8.0
-0.6526426588133327 6.839051105001991 7.644647707438473
16.67292587453827 6.995488253828508 6.91655992773827
18.146890681800596 -0.6641412772626059 -2.6047421179709906
13.791572515022402 -0.4844436434635644 -1.4460766764401987
13.669375519622987 12.599516491566025 -2.4430010952954353
15.791076500669089 3.3268556355266643 4.691557408280678
9.466715468370028 2.0006956779775127 7.379032108616325
5.246883350441846 0.33922402195216117 -1.8015346125872513
20.845900213931547 -0.8192807178036468 2.634942469910577
17.567106269001542 6.352234928714443 1.0187040375393668
12.792164182242526 -0.28887417841466334 5.638241301842655
6.889638647601082 7.809280722471552 0.5219508816224501
1.1448581057612675 -0.656491836173287 -3.14030020632536
2.5991831917018926 2.8184740500339176 -1.5775300825285825
5.878221000104898 12.862936799686317 -1.3831365541693965
12.09269220487138 7.528266266016503 0.6414865491830009
1.0369882923378597 3.5456563405252144 3.5566425805892843
13.874543111056639 11.97625258625139 0.44759718870778187
1.0694416152922153 10.497914970810195 5.566637579115508
20.33239238038608 -0.38745294459426693 5.836937264851844
18.56065525279051 1.0757703944189223 -3.960355780980918
1.4757541563595113 5.660287609357111 5.990373155032813
14.401538118926332 4.426055921064632 -0.01748723328292412
17.63064970540648 9.608283034487135 -2.5200931100588355
frame_1 2
0 0 0 0 0 1 1 0 0 0.14 -0.06
P 4 0.0 0.0 0.0 0.24 0.4 0.24 0.4 0.0
P 4 0.06 0.04 0.06 0.16 0.16 0.16 0.16 0.04
35
0.0 0.0 -0.06
0.0 0.0 0.04000000000000001
0.0 0.0 0.14
0.06 0.04 -0.06
0.06 0.04 0.04000000000000001
0.06 0.04 0.14
0.2 0.12 -0.06
0.2 0.12 0.04000000000000001
0.2 0.12 0.14
0.2 0.12 -0.08
0.2 0.12 0.16
0.2615007756948468 0.2109966531884456 0.09123554804324534
-0.016282852914810256 0.17093391722427076 0.08782839463639029
0.11760375932562071 0.13509878238619616 0.13336936210682238
0.3504308471749162 0.13245470743162618 0.058557651938194136
0.2543310922360974 0.033259598736241056 -0.016845493631790998
0.14276467151939712 0.023314639732120248 0.057777002030989885
0.197121252620126 0.22935256845131557 -0.07333047242056505
0.2883564933024855 0.024360862729008916 -0.03894800453480583
0.07564915691844133 0.14082545927923082 0.1052092110409092
0.40604243003705226 0.19062285718504102 0.04476056656498442
0.29989174883453523 0.19783479917930777 -0.05788291576335264
-0.011985051768996433 0.23695136408078213 0.08191251417096494
0.36800247551519677 0.17708474137881244 -0.07456983343892488
0.357371199568031 -0.018238344672359585 0.07177697342891153
0.39306614737816953 0.10142183637632277 0.07487681972901487
0.09503832797337962 0.1697737430527873 -0.02476295639598238
0.32566830581213646 0.18595373899776813 0.07988515536457964
0.048962940361881827 -0.01230911298060449 0.15964814768143004
0.339844725977797 0.11468115350999077 0.07490672827929286
0.3129668291741383 -0.01755623230372384 0.09160724896600352
0.049353520879066554 0.23815903698296212 -0.006400483935770349
0.28332761548582897 0.24945931533121898 0.14572553305375502
0.13679314908821993 0.1100241347874646 0.1512514961823545
0.17083057755194941 0.042075823067774604 0.15886136769261033
frame_2 2
80.7725902045214 93.22471707855996 -84.8760882712053 1 2 3 1 0 0 -10.5 24.5
P 4 0.0 0.0 70.0 0.0 70.0 42.0 0.0 42.0
P 4 10.5 7.0 28.0 7.0 28.0 28.0 10.5 28.0
35
0.0 0.0 -10.5
0.0 0.0 7.0
0.0 0.0 24.5
10.5 7.0 -10.5
10.5 7.0 7.0
10.5 7.0 24.5
35.0 21.0 -10.5
35.0 21.0 7.0
35.0 21.0 24.5
35.0 21.0 -14.0
35.0 21.0 28.0
34.390720487243144 9.98294793673334 0.8246117085367128
55.4963656941512 32.04343908261259 -10.81277176778044
47.14925843803671 35.30531393286527 -8.818456124646872
58.0655899525982 10.539667756997726 15.31173678830185
24.45462194833628 28.487633092518735 19.49498259293815
42.067900888226475 0.867339868219763 -5.580252090546926
19.039630466816046 32.55978585939315 17.296302811489028
24.53685963617033 15.55467148164151 21.075501417417385
55.52557114461421 31.959434317831807 -7.347829639007844
24.404739406882467 2.371315519115181 -12.094019722269481
46.12882192111066 37.642084756637864 -3.0604603861616972
1.3721556139344049 37.01868030394567 3.574954585548216
29.12273376527665 35.50794992272712 -8.364121118690377
33.183205781912704 24.288278461661132 12.785885196564095
61.21479036043024 8.027710435927888 -4.255728192012215
15.651887079351738 16.176251329773475 15.397890827712441
1.3801808772706314 7.35231989492385 9.201773825018229
67.54910062188281 2.9003577122892708 -13.166311843262546
59.88433622607644 40.184576041978545 -3.406077626821757
58.80326048539411 10.113480394997287 18.341443825783628
8.401411665579142 11.191477266426013 -9.120644687993147
26.270357574234822 30.6634355972856 6.4086640329964375
0.16603286621177427 27.278453559117608 17.549941692287593
37.07408506656763 36.87028465530458 14.017382833591238
frame_3 2
3.4513098777192823 -88.93176837934016 -0.4149178132636564 1 2 3 1 0 0 7.0 -3.0
P 4 0.0 0.0 0.0 12.0 20.0 12.0 20.0 0.0
P 4 3.0 2.0 3.0 8.0 8.0 8.0 8.0 2.0
35
0.0 0.0 -3.0
0.0 0.0 2.0
0.0 0.0 7.0
3.0 2.0 -3.0
3.0 2.0 2.0
3.0 2.0 7.0
10.0 6.0 -3.0
10.0 6.0 2.0
10.0 6.0 7.0
10.0 6.0 -4.0
10.0 6.0 8.0
19.98872645658085 8.927375718869984 -1.0988532696849935
1.0909893831203235 -0.23370698986710625 7.023850496265913
17.264507496709907 5.46975305598195 2.067418891770675
10.037995862187211 7.599439911838143 5.8937744058517545
15.879865006596638 3.4894352966385664 -2.208787285555078
0.1908425417684101 8.537010905772307 -0.8825944913218207
7.9305358179078045 7.6614345869439635 6.041266043550133
12.923195775161851 -0.6038720199127676 0.3911502835972094
4.787327938100348 2.0786059504289582 3.230747680711092
3.8482292889573486 10.02905810825171 -0.5568856989989794
-0.08242226944182063 4.610923641387803 -1.936236790252448
3.439683125491813 1.6806625461267846 -0.0853292991328427
-0.9674026812473675 6.473354367650529 6.223096873715953
8.830494362753171 0.435136707781578 -2.9553345864054874
1.030454159466534 10.309560457748479 4.2569446909254935
11.283624538695179 12.213836633209798 1.8409484691510176
1.8831102815120437 1.4846665689258072 6.09214808508967
5.034231951449958 2.5310785013052524 1.2129314414283279
10.177589375345002 9.012174845829486 0.1561390768767943
18.194773367641467 1.1315940064097694 -2.522981708500833
4.134746436433794 7.1262790881218745 5.38793344153556
19.109822167765497 12.99373370423517 -2.1561725048055647
4.864811173800855 11.14888490593463 6.952452538143572
0.9863663965050715 12.484107695339652 -3.602066495154862
frame_4 2
0 0 0 0 1 0 1 0 0 -1.5 3.5
P 4 0.0 0.0 10.0 0.0 10.0 6.0 0.0 6.0
P 4 1.5 1.0 4.0 1.0 4.0 4.0 1.5 4.0
35
0.0 0.0 -1.5
0.0 0.0 1.0
0.0 0.0 3.5
1.5 1.0 -1.5
1.5 1.0 1.0
1.5 1.0 3.5
5.0 3.0 -1.5
5.0 3.0 1.0
5.0 3.0 3.5
5.0 3.0 -2.0
5.0 3.0 4.0
5.942406941210854 1.3793177044601426 1.3580005978601113
10.121804482885645 1.1401908263704785 2.584125379623111
8.013628774341488 0.6473945275361321 -1.4500005293989426
8.52833707859758 1.6624867563336232 -1.5256001298933504
4.879867155614574 0.7154821796146904 2.467154206366023
10.303690538899222 -0.3879829700170663 1.2154155094421322
1.7343741555144558 6.189542587965471 -1.7617905222520298
0.7652203060848479 4.341860739655113 -1.3289223449722185
4.084421237110551 4.163130386405213 1.4947699494084068
7.678253670231294 1.1935821325599867 1.69112148159381
9.374876859107605 -0.00875977204806666 2.341881198384347
4.545089075124376 3.274864439776805 1.5377060893058956
9.66231452964182 4.721817721100049 0.3912566599864089
4.7042124758392605 2.422710072178193 1.2634897202026032
8.915891722554928 6.144098779009958 -1.7156387107944606
9.806336481484802 5.014066299514254 2.2566510515817253
7.8743593330677815 5.626630463643194 2.970848990219994
5.512663957951863 2.094837589093125 2.1642957361081594
0.05441775057186038 3.0358500794389984 3.1508553513555295
6.817532479102868 4.991492201049239 0.4306796229198824
7.255235426561069 3.903560903898912 -0.019921343614815124
-0.17265211703129646 4.923095384484628 3.8253457166646063
9.040889705360081 3.824694112632023 2.715305712785092
3.5845108105927324 3.5358564558781103 0.6372876018179285
frame_5 2
0 0 0 1 2 3 1 0 0 7.0 -3.0
P 4 10000.0 -10000.0 10000.0 -9988.0 10020.0 -9988.0 10020.0 -10000.0
P 4 10003.0 -9998.0 10003.0 -9992.0 10008.0 -9992.0 10008.0 -9998.0
35
10000.0 -10000.0 -3.0
10000.0 -10000.0 2.0
10000.0 -10000.0 7.0
10003.0 -9998.0 -3.0
10003.0 -9998.0 2.0
10003.0 -9998.0 7.0
10010.0 -9994.0 -3.0
10010.0 -9994.0 2.0
10010.0 -9994.0 7.0
10010.0 -9994.0 -4.0
10010.0 -9994.0 8.0
9999.476850537509 -9998.014940855308 3.7360681526826465
10009.011658144602 -10000.728861725034 -3.293927858425305
10011.038786390922 -9997.401945573443 -0.34459706861820827
10000.534400977567 -9993.567356321742 -1.7283772330548266
10010.398843007933 -9993.372006816297 0.171726056848148
10003.793146853319 -9995.113313993723 2.412129437136109
10000.191147786232 -9995.008559286283 1.362336164631973
10005.208453378928 -9987.757916984674 -3.479302517369543
10013.301227866172 -9998.927542145859 -1.0402710360211636
10002.570401005672 -9998.097956563739 2.101234658849057
9999.627356778396 -9997.410970897508 2.855501615197169
10009.04620159915 -10000.173782967693 -1.0993505393239515
10020.295605044119 -9990.426121722685 2.053364320001151
10013.118620694202 -9994.332203029424 0.42339905783255904
10019.513822745212 -9995.869621415168 0.3742945654065952
10014.966988391332 -9987.618529882431 -3.0437669045918807
10019.49935202535 -9991.274533277803 -0.5259830737450732
10009.182372034495 -9992.587164881734 0.04364936824926957
10005.619906929578 -9993.98514789665 1.4034270053668028
10017.285457354883 -9999.613838730096 4.76360056886983
10018.644471380188 -9988.742703073021 0.29735371459491766
10000.028557785035 -9992.266870090292 0.6785999971746559
10011.897997040325 -9999.859914373345 2.6919349621782267
10002.924671286542 -9988.878132988333 4.073680017481674
cylinder_0 1
0 0 0 0 0 1 1 0 0 -3.0 7.0
C 2.0 -3.0 10.0
32
12.0 -3.0 -3.0
12.0 -3.0 2.0
12.0 -3.0 7.0
2.0 -3.0 -3.0
2.0 -3.0 2.0
2.0 -3.0 7.0
2.0 -3.0 -4.0
2.0 -3.0 8.0
-5.161299958354016 4.244350303108735 -0.15935299005854775
6.7279013213399725 7.994716591968697 0.0932883546097436
-2.6854220221345697 4.472744099308784 -1.711365689339193
-7.584923170273997 -12.4802127965306 7.344195106992375
-2.8620428949675363 -12.997967757508135 -3.847162014745684
3.8178050811592428 -10.286681248725307 2.155086605985786
7.312566254685443 1.7115567014936577 0.4886739925403436
11.855373693725742 -10.921822686819423 1.0141467537569566
-3.9465147137693073 0.8740087757056365 0.05487285964078836
5.7141809065414755 -11.141654157072301 -0.4363198881696366
0.18768132450444064 -8.242861869981715 1.2873505445885822
0.6793395625341834 -12.856680057136883 -1.5603282871493565
-0.010737675938031543 5.423141541197051 2.9306878653758925
9.87223303992845 6.907073520027566 0.6044053506876832
-7.827026286260072 -0.5548828123777394 7.103329666084692
6.137893486140237 -11.966628069391664 5.581907735915193
6.352487409124842 1.729181239167989 -0.1875025687147085
-7.22683825762667 -3.462412278326328 5.955984567942831
5.562087929680505 -12.972337676283491 3.939692168769115
-5.212389506153213 -12.890407419415084 -2.8255479679760853
1.1425212432060547 4.26145705843825 1.1814541349686198
2.3341975930129273 -5.5667595546288915 3.0391357134268144
11.769321163392426 -0.13992827332547364 1.364343572908222
-2.99348711034699 -1.0014578103772571 6.21520286700115
cylinder_1 1
0 0 0 0 0 1 1 0 0 0.14 -0.06
C 0.04 -0.06 0.2
32
0.24000000000000002 -0.06 -0.06
0.24000000000000002 -0.06 0.04000000000000001
0.24000000000000002 -0.06 0.14
0.04000000000000001 -0.06 -0.06
0.04000000000000001 -0.06 0.04000000000000001
0.04000000000000001 -0.06 0.14
0.04000000000000001 -0.06 -0.08
0.04000000000000001 -0.06 0.16
-0.12179022620144413 -0.027711430736890197 -0.0319104996803858
0.05764742022764213 -0.21470981051018972 -0.0023194430042258324
0.15553247320380809 0.09252942522109431 0.1397623017525687
0.045887593230783924 0.12969492329069054 0.11176819585333493
0.0193041934643656 0.04454870526560417 0.12867840625400806
0.16457920314757385 0.06593751357633182 0.09377247154890987
-0.14164654177596314 -0.07867413702158957 0.08932665029064647
-0.017891763313614195 0.07265169872520272 -0.05773814511973105
-0.05812238370470048 0.15563549046566572 -0.05399014822393798
0.16643913727950121 -0.1864721887944622 0.08665332188225018
-0.045029400190602475 -0.2060773159484227 -0.007925916164637836
-0.00022574964251467766 -0.2356801160131638 0.14534678303811
-0.03503618397485769 -0.24745441355719233 0.08212600924676912
0.049059008798872455 0.11365075739587155 0.07193755496684072
-0.00780833977019732 -0.003018204075723563 -0.07887424202823463
-0.12036368195735214 0.004976842015777416 0.13291962200293655
0.007651849091060592 -0.22329903515684024 0.15043109799427473
-0.12406704416347422 -0.2463129976694201 0.08157594005780915
0.010497569733596057 -0.1405689335271814 0.10066538008438415
0.030178414786121627 -0.2350740673324841 0.09828643547115216
0.16230617616739418 0.0451975075373921 0.0038472449304108036
0.061577253565721024 0.054264998367286876 0.04505359504643959
-0.08930607688647225 -0.20930065269663434 0.017094487164526162
0.19210452185946103 -0.20383166434447633 0.001475624512522089
cylinder_2 1
28.512899040767024 60.495915316861584 -0.752793204507725 1 2 3 1 0 0 -10.5 24.5
C 7.0 -10.5 35.0
32
42.0 -10.5 -10.5
42.0 -10.5 7.0
42.0 -10.5 24.5
7.0 -10.5 -10.5
7.0 -10.5 7.0
7.0 -10.5 24.5
7.0 -10.5 -14.0
7.0 -10.5 28.0
24.17824527302178 17.999861065627456 22.568086400980988
-16.56164005536997 10.203841898526854 18.00210397757712
-25.240246144885937 -31.355545825882338 -7.39726051214458
7.511366611702449 -30.27296752475425 19.171684724886383
13.131631907757594 -34.376662029733524 -8.159129082089121
-21.63424164095848 -23.878297768572786 15.458355159905839
4.143626784257904 -20.49344403928656 -7.51271421217799
28.43803687620383 -39.805342254611254 -12.456621963356316
24.4826919065152 15.789291238361884 14.528149603539546
-16.072792212640536 18.13739664249141 5.016522882028838
-30.494608984348858 22.880683651083388 -9.65068866945049
-1.620743781521675 -34.92364714878874 -7.705943189315501
-3.5898388674036 22.6376589907334 -12.300645812173098
-23.81104921637542 23.711458381539586 26.882967391660898
28.334979613015406 -3.247877459603451 -9.140825916108804
-13.672317935905664 20.303446456910052 14.143382171157516
-20.37149548670022 -27.221736555592326 15.85147915935908
41.055733645542006 -33.63382226360711 21.528118800830804
-0.6128756782772129 11.686705364609914 23.638050419581077
-23.579713160806897 -23.676600171798665 2.580833708443638
17.958526850173904 -3.1990076185353686 10.083885757383982
-29.836471502477746 -48.26936186339098 -2.758521479860665
-18.11733235188818 -14.461660951750915 3.942634841347246
-21.64244567270368 -11.88002321794822 27.581177544693105
cylinder_3 1
54.58826967195486 -69.8444649317512 -13.962482691239757 1 2 3 1 0 0 7.0 -3.0
C 2.0 -3.0 10.0
32
12.0 -3.0 -3.0
12.0 -3.0 2.0
12.0 -3.0 7.0
2.0 -3.0 -3.0
2.0 -3.0 2.0
2.0 -3.0 7.0
2.0 -3.0 -4.0
2.0 -3.0 8.0
11.415193288608052 -0.0051186745926230515 -3.3576525141490627
4.635466754831937 -6.914901120929116 1.5887166531606578
-6.644634377984453 -13.09522623647716 7.6417692022890975
8.398273451589198 -8.57519554186728 3.022086235382446
2.4074034127734993 -10.766116817530643 -1.5779105561296287
2.8398576117643284 -1.4388386395166375 -3.0621317053942994
11.433742023034544 -5.727155455709388 -0.2466768875554628
-0.350949346332289 6.010719025524352 1.8737595615550786
5.255781581704412 7.806709979098226 6.463308820025334
8.5591265258643 -10.860148127322816 -1.9144035072798857
-5.454183139491148 -5.925670427918252 1.2076777653218365
9.027359052038712 -8.254045816626025 0.41139112966441793
-2.282695237924809 -5.766364940197791 2.2307723576984184
3.6488394652531557 -6.101367198959714 5.141458661047466
4.969183033348674 2.511005763677325 1.2495760411167307
-2.8840201870416546 -13.064288918666453 1.6069418998847969
11.849404246402166 -2.4837110669159728 4.74111381436251
6.711964959050343 -10.454394386701175 1.4937819058062196
6.143284675004102 5.961162816996303 -0.8594103213666315
8.471028406069564 -0.405895610589047 6.273100799379646
11.97101496163318 7.475490738242495 3.2682800384973465
-2.81073287870173 2.171140385153876 -1.9081704529731254
8.600606630189827 -10.768213625373225 3.942976160721705
10.453414339708473 2.1380123144968444 -3.395567870057733
cylinder_4 1
0 0 0 0 1 0 1 0 0 -1.5 3.5
C 1.0 -1.5 5.0
32
6.0 -1.5 -1.5
6.0 -1.5 1.0
6.0 -1.5 3.5
1.0 -1.5 -1.5
1.0 -1.5 1.0
1.0 -1.5 3.5
1.0 -1.5 -2.0
1.0 -1.5 4.0
-1.054315875874749 3.5676584773162325 1.0562201124295827
-0.5276536361985218 -0.004876281193694432 1.8913531758072697
-2.0338752617921285 -0.42562533870781216 -0.1802172159190556
2.6121938669302995 1.1369988082848437 -0.05495755043159667
1.115638220586293 -1.5862753452958538 -1.7505072966927375
1.291998706887294 -2.1052957700260437 1.325338525430971
-2.412217915531463 -6.808305149746278 -1.5077131594245197
-1.8999682298222509 -3.836045929887027 -1.3940910800360413
-0.39587008240080834 3.3224923803497486 1.9468580169159138
3.5506347306780057 -2.5207794688048324 3.6549419462944783
-1.4872276501778403 -5.5939507499190695 1.7987985948980327
0.7477032693291843 1.84680843004924 0.5917429617625718
5.736334451551713 2.4859163714800143 1.480279557416314
1.1482294914770668 3.42506354588636 -0.6486762397513224
-4.341468259048327 -5.032371603372177 -1.9276750143810535
0.2131663712676044 -0.4348661628156245 1.4309365093929642
5.980111605731022 -3.2885072567182467 -1.0750073552749437
-0.3703570291524505 -2.9853416572479308 0.015358165134923052
-1.296890932850339 0.1628736367831216 3.6928557558812827
5.640427150383603 -0.11126846837628968 1.4138303459173454
-3.5863192826531014 1.9845708298135438 0.9045062074820596
-3.514699685278824 -6.198441070099773 0.8826839961156998
-3.2931031743345853 2.415870930515588 -0.43769405818295515
4.901016703013246 -1.885598709318435 -1.3267191800788687
cylinder_5 1
0 0 0 1 2 3 1 0 0 7.0 -3.0
C 10002.0 -10003.0 10.0
32
10012.0 -10003.0 -3.0
10012.0 -10003.0 2.0
10012.0 -10003.0 7.0
10002.0 -10003.0 -3.0
10002.0 -10003.0 2.0
10002.0 -10003.0 7.0
10002.0 -10003.0 -4.0
10002.0 -10003.0 8.0
9995.230492419445 -10011.735925645995 2.9018332065477637
10007.881320474033 -10013.743022754354 5.518900911769597
9995.574616459118 -10013.804176327345 3.63739228856706
9995.235190398489 -10007.396351190073 5.20286290443034
9995.90507010827 -10002.874600301013 1.2580365400880051
10010.583218309053 -9993.090393446522 4.933660486947748
10002.560293154584 -10000.791193599976 -3.3798454383156744
10003.296154125002 -9998.285963498573 -0.9706597104523111
10012.677495120348 -10004.92307786084 1.3411817913754298
10002.699504928216 -10011.84591357385 -3.273044524409393
9995.337437447895 -10004.540973411158 0.7930047807214651
10011.392319693936 -10010.649019390474 -3.1785663161632387
10000.504819606269 -9998.11052555357 3.8078850171176812
10008.601624704575 -10007.451100350092 3.3743776521134894
10003.462084359504 -10007.579308960361 3.2724959796185775
9999.936990603448 -10004.617510547392 5.265686037495987
10004.880436759935 -9996.773016270905 4.1618996733219795
10012.556523174906 -10013.143433932948 5.9353720337796965
10005.802049913911 -9993.745276615346 5.161841124520315
9994.554103458824 -10007.106496766637 6.811358878421615
10004.084246981069 -10006.91116509065 -2.6476414028059647
10002.492099997291 -9994.011440249978 0.3804284278822099
10001.844287599075 -10006.686716350343 6.934029901843257
9993.449292809972 -9995.586973200714 -0.00793183967201827
tube_0 2
0 0 0 0 0 1 1 0 0 -3.0 7.0
C -2.0 3.0 10.0
C -2.0 3.0 6.0
35
8.0 3.0 -3.0
8.0 3.0 2.0
8.0 3.0 7.0
4.0 3.0 -3.0
4.0 3.0 2.0
4.0 3.0 7.0
-2.0 3.0 -3.0
-2.0 3.0 2.0
-2.0 3.0 7.0
-2.0 3.0 -4.0
-2.0 3.0 8.0
-11.101090363817097 7.241810400151634 0.5805943622036569
-3.0152996040347535 11.393491960372785 1.792119190214156
-3.365322214173375 -2.9517600096156658 0.6002181090602221
7.501268416465916 -5.60237962392723 -0.06362526249270495
-8.947024205798451 7.995987941851055 7.862106189151206
-4.478036572531256 1.9307579975314297 -0.013273959542593694
8.683195054638944 -1.1204417384221017 -2.8601746536952386
6.087633127101732 8.519089689235532 4.546861215029384
-0.49647752582826676 3.847341629649655 2.4176795345566866
0.6874043282833693 6.7035937711931854 0.6836631066065015
-2.488675010046645 -2.570157124135406 -3.8441503458708848
-8.813986394938055 -3.497688419493447 3.317538753833537
-10.440037728656934 10.877257981491393 7.584911992989804
-10.166729283303459 -6.234260042194565 -0.03992549413152169
-5.083073808199887 0.052381453024057834 1.767601306045293
3.337170756982019 -7.772921058847777 1.7322702912982129
2.005548489384129 12.637711343507306 6.445247249642929
-10.169037801941453 11.671022989726328 6.4773670606130995
-11.196644277648666 8.234156876620741 -2.998291265715798
-3.619453293397047 -4.128353750650486 -0.46209941554864997
-0.3894571589922329 13.79071620111138 5.126870538057206
-6.763837697701706 12.422432968609968 -1.612472676817302
-10.648318400549789 -5.623279800742697 3.7934619351257997
-10.596009476379495 4.498920704804421 1.7973279983964048
tube_1 2
0 0 0 0 0 1 1 0 0 0.14 -0.06
C -0.04 0.06 0.2
C -0.04 0.06 0.12
35
0.16 0.06 -0.06
0.16 0.06 0.04000000000000001
0.16 0.06 0.14
0.07999999999999999 0.06 -0.06
0.07999999999999999 0.06 0.04000000000000001
0.07999999999999999 0.06 0.14
-0.04000000000000001 0.06 -0.06
-0.04000000000000001 0.06 0.04000000000000001
-0.04000000000000001 0.06 0.14
-0.04000000000000001 0.06 -0.08
-0.04000000000000001 0.06 0.16
0.17000881072465462 0.19817562605132652 -0.0625384431280703
-0.2453722219189345 -0.10402893674991281 -0.04912671650136438
-0.1828714159936855 -0.14887750280510342 0.05359053612988797
0.17218104295684616 0.1305374620438989 0.08278794242276573
-0.20594579670674507 0.21181041078634863 0.024415935702618477
-0.027671886374594168 0.2589425942918744 0.09430426709097146
-0.2541532663362387 0.04100346264647017 0.08524772200748597
0.006102042820002929 -0.005612759443489379 -0.02064523382012936
0.1670119772116188 0.10991463094512258 -0.002099646615382672
0.16967298013562748 0.10998569698779079 0.10612258054725775
0.131249997081145 0.06689236368134135 -0.07267298236340765
0.16753936957913268 0.2369598201618807 0.027447582177760305
-0.2437863721932204 0.19493570283332792 0.12397620046654485
0.04707161456679099 -0.07459330655387615 0.11407419386943028
-0.017919616868952354 -0.08468053589347857 0.026770480846291023
-0.1672054424656837 0.027291290047502997 0.02335683175826106
-0.16461974366820334 0.261674407712954 0.042638175362789896
-0.07950061776416822 0.25794647282650973 0.10055817713142391
0.08024540700936078 0.13869035578014668 0.11670758738510999
0.04004145093411465 0.09765041717266057 0.09882672838941135
-0.16364713658355354 -0.047186673047526065 0.12473316796434826
0.021661071110279817 0.09091593385139293 0.15877933678539974
-0.11987874105050378 -0.019978806672972027 0.06849446096546614
0.01303432588731629 0.1934137270674616 0.03260890907880304
tube_2 2
-53.46847982478475 -22.886909872521784 -50.087376669435855 1 2 3 1 0 0 -10.5 24.5
C -7.0 10.5 35.0
C -7.0 10.5 21.0
35
28.0 10.5 -10.5
28.0 10.5 7.0
28.0 10.5 24.5
14.0 10.5 -10.5
14.0 10.5 7.0
14.0 10.5 24.5
-7.0 10.5 -10.5
-7.0 10.5 7.0
-7.0 10.5 24.5
-7.0 10.5 -14.0
-7.0 10.5 28.0
14.51095612379443 31.207153776870264 -12.540732028004157
-0.30945099353333205 -14.85245222216724 15.169851938916032
7.7226882976700395 17.309726766562896 3.6512267266392655
28.421773836121275 23.71466664348084 -8.677037923440562
-26.64131613107024 19.97358951152581 7.9065201609058064
-15.880081626288593 -5.836070000210569 16.77042641730344
5.428609430259932 32.506727392834215 -7.737349820782316
11.314693625356576 -13.345910880168603 -13.255515962920928
18.233231535399177 -11.796654229036633 27.452765894052497
-26.42779195510158 39.07174784097131 5.861953692155122
-29.63697558095896 -7.296053527527867 -6.061393635464702
-18.969039067409586 25.86273616153833 10.037767403493998
-36.98380437287424 2.389048034829706 24.201375175985483
7.4201333789312045 -22.306413965433865 -2.533347953926974
27.60302398264936 -10.074286456547739 -7.981679836590207
-25.952151900293963 14.466861005492959 -11.080033224663952
-40.52617262056114 -15.699044356874001 22.37694771813983
8.168492968057578 -9.565325744947792 26.749257370249545
31.410484574403753 -27.267060486695858 22.26191947929437
15.78832328000965 -15.757016194164695 24.52133910993352
4.725971244118796 20.008457916880822 0.9793466349853759
-30.92235422411241 44.66404724480958 -8.157473424325808
-19.627963586052083 28.575346963561586 3.260321006968514
-9.206409138863407 33.1483877119074 -6.537454423053638
tube_3 2
-34.248956898146616 16.012535080336775 8.892252775395178 1 2 3 1 0 0 7.0 -3.0
C -2.0 3.0 10.0
C -2.0 3.0 6.0
35
8.0 3.0 -3.0
8.0 3.0 2.0
8.0 3.0 7.0
4.0 3.0 -3.0
4.0 3.0 2.0
4.0 3.0 7.0
-2.0 3.0 -3.0
-2.0 3.0 2.0
-2.0 3.0 7.0
-2.0 3.0 -4.0
-2.0 3.0 8.0
-3.68075292404885 10.138295846685804 -2.1123573335749977
-9.745842913094918 4.9441619467738835 -2.359485808815723
0.4090289654719257 10.827266154801649 7.168834032263458
-7.558204676078648 5.5538627548558654 5.763570402545888
-6.177614903399275 -5.641824312995779 -1.7280103139415006
2.025388152557552 3.450345240095915 7.840575143826117
-2.946178912346415 -2.5441386384328935 0.35964981242765415
-6.8839792962614315 0.5989663307278192 6.93065774809075
0.38375502203302503 -1.8917050053720494 7.167777910697097
2.277544709819395 5.855533044631606 2.307293996734189
-6.153552948135497 -1.0342202697035479 -0.8495216786887654
-5.278612837689203 4.2777369038383455 0.5498633592776283
-6.529927504899768 0.9099923791115998 -3.0340870463186516
-8.694794755145132 10.613686442642763 -3.40094633155173
3.6797826173151265 11.839641270689135 2.959576363958508
-4.164242825685266 13.828981577062152 6.116525193831958
-1.978713717516401 -5.291423370309438 1.3400676911546672
7.6607405293139585 11.606318594188476 7.739678870217169
-8.533513063512034 5.93252981697389 -2.9281513045222693
5.062743928753264 5.787720326870039 4.650081674326268
6.85320523416425 6.878475161264792 4.024203139717759
5.169824087565917 -0.4023439066322707 7.296352994379006
-3.0470528572325435 -5.331532772477431 7.879011995049154
6.256233658750155 7.3603576225107705 6.350850985085451
tube_4 2
0 0 0 0 1 0 1 0 0 -1.5 3.5
C -1.0 1.5 5.0
C -1.0 1.5 3.0
35
4.0 1.5 -1.5
4.0 1.5 1.0
4.0 1.5 3.5
2.0 1.5 -1.5
2.0 1.5 1.0
2.0 1.5 3.5
-1.0 1.5 -1.5
-1.0 1.5 1.0
-1.0 1.5 3.5
-1.0 1.5 -2.0
-1.0 1.5 4.0
4.4517984841416585 -1.8698453657956495 -1.0968061004837204
4.284186305729367 0.9921294605352244 3.7896854036508874
4.426466738015618 2.3941303896916732 -0.4463417510992804
2.6578963345999522 2.0643924343181776 1.4763421689364584
3.980054722715545 -2.119339017669879 -1.5790439482774017
3.8552186659826457 -3.079684781035475 -1.8566430692145413
4.191838691663387 0.6800221377816333 1.2380351479135134
4.190848117230724 4.455015603491457 3.693669296629368
1.0081725441484366 6.329078732368449 3.4037643569101466
-4.821555952883402 2.20124053814032 0.7358481073850487
-6.287976351557696 -3.038334182859508 1.4349466115279759
-4.716049502839292 4.193739408968726 1.6223233247882858
-0.9235849186939449 5.116364548374703 2.6417177116023147
-4.715648815242799 -1.6819022612294408 3.739740634996359
-0.21842041042551052 -0.6025770803587913 3.748583385113573
3.2511128860910397 0.8729631547785726 -1.8352983985149982
0.017905779417461964 2.7873886547643965 1.660235095912261
-3.8941552261175576 4.760560822846406 -1.6349927716518442
-2.6970285259725504 -3.304679708882079 3.6755385913916268
-4.19524490295294 -1.4434147883284796 0.22367505143427158
2.452225876718586 5.7804763013459635 1.7063969170122504
2.18373442386401 6.057356772764445 0.22839948852358116
0.5637150038469123 -0.0002994901284045781 0.43534359449859794
2.2899878539492473 0.09561520199229623 -0.9101101944817882
tube_5 2
0 0 0 1 2 3 1 0 0 7.0 -3.0
C 9998.0 -9997.0 10.0
C 9998.0 -9997.0 6.0
35
10008.0 -9997.0 -3.0
10008.0 -9997.0 2.0
10008.0 -9997.0 7.0
10004.0 -9997.0 -3.0
10004.0 -9997.0 2.0
10004.0 -9997.0 7.0
9998.0 -9997.0 -3.0
9998.0 -9997.0 2.0
9998.0 -9997.0 7.0
9998.0 -9997.0 -4.0
9998.0 -9997.0 8.0
10003.034176790321 -10005.60582767355 2.0672513718114907
9992.605320326611 -10003.922397679167 0.0017535421234473603
9987.770115279956 -10004.319260335762 -0.9235421393521035
9994.366375504547 -10000.674405743457 1.5160155981814807
9990.464132773457 -9996.983376881844 -2.8468598870330637
10005.148395345996 -9997.137956199009 -3.813466045042525
9988.837867311266 -9986.536031843962 -0.7661164290639877
9989.09155028862 -10003.969998923061 2.911584875536029
9988.348571551212 -10002.302454362374 1.725964778353407
9990.015314582633 -9991.783693619142 4.859535204755982
10000.161289649115 -9993.017015800897 5.670741682331943
10000.531581841578 -10004.955626569168 -0.7515208646953502
9992.363220360974 -10002.742805081934 -1.65249611488641
9997.537713453004 -9989.067698179366 5.405314837968126
9995.282479977754 -9991.033871103795 2.7256519765599716
9987.387093389874 -9999.824954211344 1.1712684999733867
9998.219069423618 -10006.696097159735 5.485551202364112
9998.576116401438 -9994.043878891476 5.428239259712129
9994.694326413355 -9987.31244748711 0.46392276127375176
10003.24222029382 -9999.734365270764 3.886886172649133
9994.687739262621 -9998.257176551655 -2.888390634528576
10007.456192830232 -10002.966293342775 1.2795010657862491
9999.972317255064 -9995.10072836087 3.1848077045213863
10006.925840157033 -9986.367075004218 0.9737629930819018
plate_0 5
0 0 0 0 0 1 1 0 0 -3.0 7.0
P 4 0.0 0.0 80.0 0.0 80.0 40.0 0.0 40.0
C 10.0 10.0 3.0
C 70.0 10.0 3.0
C 70.0 30.0 3.0
C 10.0 30.0 3.0
44
0.0 0.0 -3.0
0.0 0.0 2.0
0.0 0.0 7.0
13.0 10.0 -3.0
13.0 10.0 2.0
13.0 10.0 7.0
73.0 10.0 -3.0
73.0 10.0 2.0
73.0 10.0 7.0
73.0 30.0 -3.0
73.0 30.0 2.0
73.0 30.0 7.0
13.0 30.0 -3.0
13.0 30.0 2.0
13.0 30.0 7.0
40.0 20.0 -3.0
40.0 20.0 2.0
40.0 20.0 7.0
40.0 20.0 -4.0
40.0 20.0 8.0
17.743980608138074 21.152311546051415 1.9212711546652468
10.22772018444086 24.060267681128792 6.785164835472045
47.690574925313584 5.952070294725904 0.9609040630361498
28.95585916189684 25.548569003606673 -1.3314059224833512
17.31476864116233 11.179038396229586 1.0124955936657587
42.02875198957509 3.142210956706718 7.5371187767876275
22.093084796178648 32.889928554285454 -1.3489198146455892
75.9806760323178 9.054101658581184 -3.830070549371858
11.358012003980686 11.947158699376823 0.4566982763257048
25.783403442312544 32.34547599993795 5.282927911490404
0.7829504084336492 10.111528832882582 0.9374102380215943
24.471877559181788 30.646739722279023 0.7311143776668168
60.321899470147784 22.05840381935683 5.32176690122864
37.01029056070232 34.47495567108179 7.395963443295722
7.135370649085237 27.08030289419219 6.531040507962949
56.80249142603458 30.186955338012456 2.9275827988832326
1.7547458162849967 25.736097245637723 -0.9931147955380841
39.08650101333907 8.333874081856028 -0.3246004566605798
43.60147434328167 7.198897647567062 2.0149228819788583
45.11372002053075 29.143495260285782 5.53897867290185
76.41771656263985 21.21049400153423 1.505912937317186
15.256220992205613 24.080598949274197 1.4415713389021896
77.08717218668458 13.494489062512528 -0.8327062770434988
70.8329883051975 12.317320747769315 -0.2300023550449679
plate_1 5
0 0 0 0 0 1 1 0 0 0.14 -0.06
P 4 0.0 0.0 0.0 0.8 1.6 0.8 1.6 0.0
C 0.2 0.2 0.06
C 1.4000000000000001 0.2 0.06
C 1.4000000000000001 0.6 0.06
C 0.2 0.6 0.06
44
0.0 0.0 -0.06
0.0 0.0 0.04000000000000001
0.0 0.0 0.14
0.26 0.2 -0.06
0.26 0.2 0.04000000000000001
0.26 0.2 0.14
1.4600000000000002 0.2 -0.06
1.4600000000000002 0.2 0.04000000000000001
1.4600000000000002 0.2 0.14
1.4600000000000002 0.6 -0.06
1.4600000000000002 0.6 0.04000000000000001
1.4600000000000002 0.6 0.14
0.26 0.6 -0.06
0.26 0.6 0.04000000000000001
0.26 0.6 0.14
0.8 0.4 -0.06
0.8 0.4 0.04000000000000001
0.8 0.4 0.14
0.8 0.4 -0.08
0.8 0.4 0.16
1.0483519650628905 -0.005068031145707058 0.07667739916085549
1.0207936383255243 0.589739219316196 -0.010664515204409475
0.6968266062313467 0.10126442934391404 0.13406508899655017
1.0373624030677064 0.7574409258404893 0.09793870677222606
0.9694913908521149 0.32165557098239306 0.13664372404902075
0.3673046914246962 0.709490632854635 0.11136475952217324
1.2802322756916844 0.34106015713029586 0.0193944049731041
0.5879809766365834 0.6877360820959832 0.1261140745535998
0.34238900359917224 0.0005395387462551401 -0.011690336596612852
1.540586053270045 0.773199187160756 0.03479367549330656
1.383315837223788 0.1405757447437588 0.05697104677190783
1.2366142747839468 0.3754688913156216 0.032422692996557353
0.26095911547790973 0.3119232443890301 0.05030001378033773
1.0123004929887163 0.74295332463807 0.04240271120199195
0.18582984040577116 -0.008455911076501494 -0.049427352895707946
0.9204911754252936 0.11585950239873373 0.09626767522392081
0.3981405709333917 0.6258293886203556 0.12350798241809317
0.863331816873343 0.07714635644789851 0.11892551533414748
0.47467718153619537 -0.003204433068748805 -0.06128714913003539
1.4761720669333893 0.09919966619551741 -0.046516035721054824
0.6749246040576719 0.7809089999300828 -0.024678651865714857
0.10102573554927785 -0.00831636592816591 0.15185300009656594
0.9519961964939649 0.7809933430120999 0.12021340701927043
0.47622925772805974 0.5064721946225201 0.013289991391900777
plate_2 5
25.58721137645928 82.40250823572396 29.000832453517006 1 2 3 1 0 0 -10.5 24.5
P 4 0.0 0.0 280.0 0.0 280.0 140.0 0.0 140.0
C 35.0 35.0 10.5
C 245.0 35.0 10.5
C 245.0 105.0 10.5
C 35.0 105.0 10.5
44
0.0 0.0 -10.5
0.0 0.0 7.0
0.0 0.0 24.5
45.5 35.0 -10.5
45.5 35.0 7.0
45.5 35.0 24.5
255.5 35.0 -10.5
255.5 35.0 7.0
255.5 35.0 24.5
255.5 105.0 -10.5
255.5 105.0 7.0
255.5 105.0 24.5
45.5 105.0 -10.5
45.5 105.0 7.0
45.5 105.0 24.5
140.0 70.0 -10.5
140.0 70.0 7.0
140.0 70.0 24.5
140.0 70.0 -14.0
140.0 70.0 28.0
34.49948309527178 96.10598931557432 -8.615382363615211
34.84548623695686 86.03960965621285 23.760506328563977
125.03325358491193 93.77630161811304 19.733656881754662
68.68768220586364 109.62533787961635 2.351271821161369
277.9473320637888 30.623200385062333 15.018405485027547
75.03565335572172 27.79187171370226 0.23746980980819998
2.0896254522833404 73.38343097189362 -2.7762145238580693
183.7868800745306 87.70584142058127 4.048504830446614
66.91235943406204 49.582628207142484 -10.50782171097584
190.23267106106866 73.84069872787305 24.8990404820238
205.0043396782014 47.2499123532497 25.82053737522412
278.4523727920475 98.21488542196914 -13.283590393077352
116.4434531883778 66.56141617881329 -11.192473387777937
218.12957922706426 41.553799550171405 16.402327809652512
2.471792863684863 6.907000302078163 9.415758538235679
34.90050021082588 138.40991712794437 -6.591627073059409
207.00758319747564 38.798266449466745 -10.330322045235864
233.31092267317513 44.84229263166332 -7.2054373850752
283.18654092923924 38.485137083415516 -2.504961321565599
13.047460168717247 142.20106020750433 16.39462129784994
276.7141010901512 138.78132577270236 16.020045358138475
137.20574163389682 89.09294121215095 -2.578363424322186
145.41514985456087 10.419231060450748 13.022716202885455
132.0852982751333 77.78652443145485 14.133734614019644
plate_3 5
-96.20189136349104 -48.31335228568838 93.77483552933637 1 2 3 1 0 0 7.0 -3.0
P 4 0.0 0.0 0.0 40.0 80.0 40.0 80.0 0.0
C 10.0 10.0 3.0
C 70.0 10.0 3.0
C 70.0 30.0 3.0
C 10.0 30.0 3.0
44
0.0 0.0 -3.0
0.0 0.0 2.0
0.0 0.0 7.0
13.0 10.0 -3.0
13.0 10.0 2.0
13.0 10.0 7.0
73.0 10.0 -3.0
73.0 10.0 2.0
73.0 10.0 7.0
73.0 30.0 -3.0
73.0 30.0 2.0
73.0 30.0 7.0
13.0 30.0 -3.0
13.0 30.0 2.0
13.0 30.0 7.0
40.0 20.0 -3.0
40.0 20.0 2.0
40.0 20.0 7.0
40.0 20.0 -4.0
40.0 20.0 8.0
0.6344228487009738 27.065706222002788 -1.9626055631495802
80.03871022219384 38.52853347794824 6.07592897577187
43.677677117670804 17.96648380561493 -3.8433446099432453
47.54623120288041 34.867247735015695 7.640871841467629
29.568406956545353 17.971243284164597 4.144153257643797
35.24792778815695 22.40738145089118 5.582583977002908
12.867218282865306 31.290938940549147 7.921641289043489
-0.24159118929474044 21.92436270771004 -0.11325141436760111
51.52387751940683 15.519527347340226 -2.3667125254528556
68.04130900805923 39.1033444639476 6.367745077886928
48.249036831537595 21.832590650976027 6.007341170323649
7.90902655354941 10.232110627720337 3.4408092453509855
26.56699610841852 4.423232904368761 4.185918269986081
8.304951021893212 13.664035753553428 1.1046995513574647
60.109630341097294 19.44657052111286 -2.4019785404582565
13.859897633822941 37.468079528319606 -0.7330904071037447
54.63321615304497 29.16296485657609 7.625169745388961
47.471605725388265 40.98758385187307 7.681296477285166
26.082537787524203 9.403033473349293 2.7650518601948155
59.919274575335045 28.864556857326793 5.0797541238750625
7.662222950538167 15.41692841403562 3.738220342309244
37.958559502989566 23.07857210315577 3.0453521931145904
62.878193999997606 3.962918995827879 6.117432275147463
39.255819989429106 17.785931753282643 -0.6022930037372021
plate_4 5
0 0 0 0 1 0 1 0 0 -1.5 3.5
P 4 0.0 0.0 40.0 0.0 40.0 20.0 0.0 20.0
C 5.0 5.0 1.5
C 35.0 5.0 1.5
C 35.0 15.0 1.5
C 5.0 15.0 1.5
44
0.0 0.0 -1.5
0.0 0.0 1.0
0.0 0.0 3.5
6.5 5.0 -1.5
6.5 5.0 1.0
6.5 5.0 3.5
36.5 5.0 -1.5
36.5 5.0 1.0
36.5 5.0 3.5
36.5 15.0 -1.5
36.5 15.0 1.0
36.5 15.0 3.5
6.5 15.0 -1.5
6.5 15.0 1.0
6.5 15.0 3.5
20.0 10.0 -1.5
20.0 10.0 1.0
20.0 10.0 3.5
20.0 10.0 -2.0
20.0 10.0 4.0
34.07967491334771 7.5270205430784 -1.1683703980613254
10.565310905263456 10.932627202070215 3.8387991491895352
31.12369447193221 15.312140688916761 3.3330077322542797
3.0217996131229534 11.915749190689711 3.093779150253056
24.122219433717166 16.167577202102137 3.7319658576748047
18.991548697475864 16.52426231772162 -1.08550345593542
34.416811130205396 8.030246284334355 3.8245624925341355
25.023977989182335 19.950754529040726 -0.47078187239441394
1.9236643927893868 8.197123831963829 3.6156554064573365
13.941536239065725 8.595829209443178 0.5976876565116789
13.75066742836812 12.550282740093571 0.8769959700167957
15.049763725328097 2.3774909801265434 3.9935473781730657
24.848793796484188 7.911523724592078 -0.1553134469919133
1.0096445835197385 8.594398275524066 0.007562538002875208
16.162996176544848 14.23248681586735 -0.011593494663494353
6.730770961388044 18.419085422636755 2.7912530427137394
36.166295906303205 17.29961095429978 0.9953014106396076
5.284322194626074 8.041849437191406 -0.990741766783455
19.16660579710136 7.792340274431195 -0.6474004207037403
27.73733307360241 0.5466552301194527 0.06601865992607081
29.068185444314086 2.03358024033015 0.6423793112105978
-0.27610078478507816 18.947218453679525 2.6313846717230795
28.0579252445119 3.3759720690706443 3.293165142292871
30.577931968732592 3.1721702759133956 2.617079146656831
plate_5 5
0 0 0 1 2 3 1 0 0 7.0 -3.0
P 4 10000.0 -10000.0 10000.0 -9960.0 10080.0 -9960.0 10080.0 -10000.0
C 10010.0 -9990.0 3.0
C 10070.0 -9990.0 3.0
C 10070.0 -9970.0 3.0
C 10010.0 -9970.0 3.0
44
10000.0 -10000.0 -3.0
10000.0 -10000.0 2.0
10000.0 -10000.0 7.0
10013.0 -9990.0 -3.0
10013.0 -9990.0 2.0
10013.0 -9990.0 7.0
10073.0 -9990.0 -3.0
10073.0 -9990.0 2.0
10073.0 -9990.0 7.0
10073.0 -9970.0 -3.0
10073.0 -9970.0 2.0
10073.0 -9970.0 7.0
10013.0 -9970.0 -3.0
10013.0 -9970.0 2.0
10013.0 -9970.0 7.0
10040.0 -9980.0 -3.0
10040.0 -9980.0 2.0
10040.0 -9980.0 7.0
10040.0 -9980.0 -4.0
10040.0 -9980.0 8.0
10023.183105302902 -9968.858091293181 -2.5250648761122783
10062.349873152325 -9991.441562688895 7.387957017356525
10042.744395103125 -9960.081384954792 1.376639037881155
10058.828131860262 -9971.032297388367 5.664978132454429
10051.769097735902 -9961.245878375508 4.195412777741925
10040.452472955285 -9996.101612829627 -2.3597140915711594
10055.568530801786 -9990.803793178617 6.65956373202374
10072.17919470067 -9996.443819542505 3.801557466281009
10032.827638304341 -9959.259900549394 1.4930557643892133
10037.056477882985 -9995.83269440848 1.8148433601721834
10064.752989700391 -9985.829362812061 5.197325426831284
10028.486151860649 -9992.596560907237 -0.19526921738470993
10041.182424257808 -9994.789187050128 -0.40411677082944886
10040.599224493866 -9974.673565005558 -1.4645832365004163
10056.296652751182 -9985.180756672195 7.475623150431661
10048.493629118904 -9991.405475154417 -1.3452973277039382
10013.77241230414 -9959.172959336958 -1.3483484465401578
10029.150983560947 -9979.784969339247 0.2125492540722984
10038.027001206738 -9971.70875451803 2.997893654842442
10074.850389755971 -9960.386374706783 -1.738124176323697
10048.511133213211 -10000.858067325233 -0.4496108651773745
10015.64105993524 -9995.288983081406 4.1005609824277105
10013.278314298157 -10000.627675030459 -1.204002448767557
10050.876265534404 -9965.025008198767 -0.027566242985821887
mixed_0 3
0 0 0 0 0 1 1 0 0 -3.0 7.0
P 4 0.0 0.0 40.0 0.0 40.0 20.0 0.0 20.0
C 10.0 10.0 2.0
P 4 28.0 8.0 32.0 8.0 32.0 12.0 28.0 12.0
38
0.0 0.0 -3.0
0.0 0.0 2.0
0.0 0.0 7.0
12.0 10.0 -3.0
12.0 10.0 2.0
12.0 10.0 7.0
28.0 8.0 -3.0
28.0 8.0 2.0
28.0 8.0 7.0
20.0 10.0 -3.0
20.0 10.0 2.0
20.0 10.0 7.0
20.0 10.0 -4.0
20.0 10.0 8.0
20.500242910100745 17.50410234035906 3.622194416651631
12.726307335868682 -0.9988089648455076 4.6470871972549865
2.4089712781114487 0.6125538249645217 0.5707998005002928
18.053834161907066 9.885256500461832 -3.1762741565270085
21.119117278548046 13.598608213114664 -0.9316672253222378
12.531041291695912 18.720954115100305 2.2125108551656663
9.67694351664226 5.530286081933678 2.052645369137597
19.039781457941405 6.400543718997973 4.811745336499751
2.3994161080111853 14.511732283298898 5.797677164563156
17.307463094527826 16.71957814086641 3.901808935773042
7.9647807454916535 12.417049634087414 0.14486425937113978
4.0590132321921955 5.824985398962813 7.055016273797428
7.771011922682618 17.13751765901723 0.5112479609638285
14.024282145670696 17.507430060192952 0.27649311664293563
30.14726377310042 1.682222435658744 6.414437024354141
35.154095378154345 8.048091548586422 3.6897638294697312
9.228932412340054 11.531137118211173 -1.7998998347716642
13.994284662711275 2.5821840079046057 1.9509140315717506
30.477834201212985 14.788671848432008 -1.6971036766635508
28.9843941083031 -0.6244862853974251 -2.015085325468864
26.259267090662533 16.49249355291318 6.271383872457786
8.95000902765559 18.397786957085774 0.0519268112506337
5.298187044780708 8.505633939730407 -0.3391570662484269
29.945267920182054 9.15458034752616 4.953533161982488
mixed_1 3
0 0 0 0 0 1 1 0 0 0.14 -0.06
P 4 0.0 0.0 0.0 0.4 0.8 0.4 0.8 0.0
C 0.2 0.2 0.04
P 4 0.56 0.16 0.56 0.24 0.64 0.24 0.64 0.16
38
0.0 0.0 -0.06
0.0 0.0 0.04000000000000001
0.0 0.0 0.14
0.24000000000000002 0.2 -0.06
0.24000000000000002 0.2 0.04000000000000001
0.24000000000000002 0.2 0.14
0.56 0.16 -0.06
0.56 0.16 0.04000000000000001
0.56 0.16 0.14
0.4 0.2 -0.06
0.4 0.2 0.04000000000000001
0.4 0.2 0.14
0.4 0.2 -0.08
0.4 0.2 0.16
0.4684358854995357 0.037550237435870104 0.07129475515089313
0.11376415031936972 0.2766428006909895 0.03540721571407078
0.36550803803805837 0.04486245927584433 0.07613733658446036
0.7292547093347244 0.13841041118626526 -0.0588601413246084
0.7890693284855017 0.13044190785647417 0.01944784461823408
0.699853333532027 0.263882096736373 -0.07509866425738165
0.32100129375234776 0.21954970115438127 -0.07550299070991955
0.5025866345183925 0.03547794081143739 0.10716417912828254
0.30274524132383057 0.3644817829423603 0.10845917428663758
0.18092464478923226 -0.0013574012510371367 0.07753702143283218
0.04158156846620352 0.3114753337479254 0.09375270960829442
0.35201764810799113 0.3620295474226914 0.10438613817435098
0.3087614837327952 0.4058146637090331 -0.029637864586458812
0.29175524683095194 0.28590814705958645 0.1552041764017964
0.4310706748167514 0.05077545003441121 -0.027873897636087747
0.5511455933105923 0.1066591032069177 0.152772173951499
0.6320628667981018 -0.013502135382332251 0.09617505646821768
0.047856947037557065 0.28546839207546504 0.11951074885470032
0.12772690055373745 0.040910163855685674 0.06461714519434587
0.7003009011131538 0.20721015845018725 0.13011673380387823
0.1095933025602636 0.3438899478361729 0.15911182978522365
-0.006740264656276768 0.34428221808831416 -0.033268612336992506
0.13144925505585994 0.19598839051491665 0.07733311377908701
0.09132086668713402 0.3463381218628381 0.054155853223447584
mixed_2 3
-4.309751833718352 -28.879514116427288 -30.879465231586508 1 2 3 1 0 0 -10.5 24.5
P 4 0.0 0.0 140.0 0.0 140.0 70.0 0.0 70.0
C 35.0 35.0 7.0
P 4 98.0 28.0 112.0 28.0 112.0 42.0 98.0 42.0
38
0.0 0.0 -10.5
0.0 0.0 7.0
0.0 0.0 24.5
42.0 35.0 -10.5
42.0 35.0 7.0
42.0 35.0 24.5
98.0 28.0 -10.5
98.0 28.0 7.0
98.0 28.0 24.5
70.0 35.0 -10.5
70.0 35.0 7.0
70.0 35.0 24.5
70.0 35.0 -14.0
70.0 35.0 28.0
34.31637323448987 56.607603244355 -7.778264031282758
101.85395635843561 48.751374309842404 10.31957102404629
141.87759891140843 27.54984610963882 7.730646129182059
30.732855985728996 46.69755134330426 13.486390636352798
140.00601086569134 68.9294082434453 -7.134046483748297
132.8980480062726 20.70113324934519 -2.1892812653855778
141.0748052446344 29.74181485979937 -3.6767148992511736
23.41967754254634 32.23359218645067 -1.5644001172109672
-0.7205303382564869 58.87407185618732 24.597096674445666
37.08900885537416 31.743682165628535 16.592666850030703
32.16167430378712 63.65967589497272 6.6460029087430605
4.285468545170193 25.758724853083088 14.323892629825139
116.85096458968067 46.025094424639484 19.275469694312328
91.82539065732593 24.280048660907063 -3.432108151409885
111.59011589688346 72.53956228677427 9.553081689971751
3.0043251701957665 13.993589432737657 13.104522396442103
105.80555059253065 2.0706340113871287 17.01542687424749
35.77821070363465 27.636397715417463 12.594039349558852
59.72023511021997 0.6588682103359194 -13.499846322083725
135.17670861439515 66.96209246450329 27.58976431594988
13.958552132446602 38.64586532121258 16.01984358977656
16.53464242822117 -0.4682752285082463 -5.451550603473056
100.75401727730144 44.70123941012009 15.22762139490603
19.62898484576736 8.835433918587448 -10.090075830539135
mixed_3 3
48.62223315753667 18.37716431686087 -9.60393833401156 1 2 3 1 0 0 7.0 -3.0
P 4 0.0 0.0 0.0 20.0 40.0 20.0 40.0 0.0
C 10.0 10.0 2.0
P 4 28.0 8.0 28.0 12.0 32.0 12.0 32.0 8.0
38
0.0 0.0 -3.0
0.0 0.0 2.0
0.0 0.0 7.0
12.0 10.0 -3.0
12.0 10.0 2.0
12.0 10.0 7.0
28.0 8.0 -3.0
28.0 8.0 2.0
28.0 8.0 7.0
20.0 10.0 -3.0
20.0 10.0 2.0
20.0 10.0 7.0
20.0 10.0 -4.0
20.0 10.0 8.0
3.7770982228560577 4.006811681282612 -0.6041495660561504
21.973222707908885 18.128295803267925 1.675774384924372
15.575462343674403 -0.3547058761736481 -0.7798253877833252
29.43475987147169 8.970752849060892 2.3959232801930153
-0.4333299160619315 1.6399796499198587 -0.6231506064200567
12.515562791171456 6.482885841225863 4.483116796967323
11.968364107251901 13.934179695123198 7.626470530050552
-0.19386688351468817 16.32419035020868 7.904742064576714
40.544821954605915 8.437684036678093 3.4268207837083793
18.377014078257165 14.155101308684598 -2.5778591523537706
12.906571886524738 17.105556028418572 -3.2952671276712646
8.364641258381722 10.552047429599265 4.162903592308147
26.668471418839438 5.369173086062769 6.2790099422927526
18.745347345718056 17.763160218737152 0.5308736713937119
16.69969650032449 -0.3192556720808102 2.2791441888109523
1.5830461412757248 3.7018353935011694 1.3169944277698722
6.445754036450212 6.840044113972224 6.302928841251163
31.977535515640547 4.524756475884449 5.170627784981782
36.45025990786448 16.43306379850077 -3.535650065450904
23.745306738245628 3.6097487166793716 1.4351224181715079
8.709476671810974 4.566630416234569 -0.5695164081167108
7.6786343231608605 19.977624390111924 1.9408275132048889
-0.09361940206481334 10.869351071497746 -1.872652820519951
25.949911399697314 9.792223402848704 1.961110458858947
mixed_4 3
0 0 0 0 1 0 1 0 0 -1.5 3.5
P 4 0.0 0.0 20.0 0.0 20.0 10.0 0.0 10.0
C 5.0 5.0 1.0
P 4 14.0 4.0 16.0 4.0 16.0 6.0 14.0 6.0
38
0.0 0.0 -1.5
0.0 0.0 1.0
0.0 0.0 3.5
6.0 5.0 -1.5
6.0 5.0 1.0
6.0 5.0 3.5
14.0 4.0 -1.5
14.0 4.0 1.0
14.0 4.0 3.5
10.0 5.0 -1.5
10.0 5.0 1.0
10.0 5.0 3.5
10.0 5.0 -2.0
10.0 5.0 4.0
15.689806197663643 0.631609279193786 1.7336848020225166
10.668270890425891 2.532295096277474 2.1932530031022965
12.19939546834243 8.596175506918028 1.4039214077504192
8.596370526466323 7.1675077546315284 -1.0387903901962658
0.8531501881837262 4.707882465460832 3.9720649272642596
6.835562079989062 6.787904963644046 3.4134190302538086
20.28101984638458 1.9207894732023298 2.3345494393895745
14.742290743762688 3.6794906048849594 2.3568176825115685
13.106857123057145 7.142159468352432 -1.4908000467694924
18.775235755857466 2.5014134476561205 -0.11376373486418889
0.621399941916966 5.917715858984902 2.3995390066879088
20.11073825862356 1.9520527060968744 2.171339706320036
16.56309693163585 3.0432209413856093 0.6230061039240695
19.16656055342668 8.10594153815773 -0.3612153705066621
8.548716857202958 6.6079662286533525 -1.3380655151734187
1.306561191249703 7.5643837449648945 1.6994168028919576
17.56922487025423 -0.443867648300333 -0.8795983641930796
12.88922671938827 5.233134189079559 0.6297331802540942
0.6529029084198319 7.823498763162391 3.326792245906943
3.640533584834383 5.189493104206555 1.5343020040731292
5.780006456811158 3.2852000576819496 1.4026491733578292
2.584747708762485 8.418150114396658 2.5012297146707496
20.166304242924394 0.45674198121139975 2.564134388266135
16.795739623058232 3.7718435544393714 -1.0040225024732365
mixed_5 3
0 0 0 1 2 3 1 0 0 7.0 -3.0
P 4 10000.0 -10000.0 10000.0 -9980.0 10040.0 -9980.0 10040.0 -10000.0
C 10010.0 -9990.0 2.0
P 4 10028.0 -9992.0 10028.0 -9988.0 10032.0 -9988.0 10032.0 -9992.0
38
10000.0 -10000.0 -3.0
10000.0 -10000.0 2.0
10000.0 -10000.0 7.0
10012.0 -9990.0 -3.0
10012.0 -9990.0 2.0
10012.0 -9990.0 7.0
10028.0 -9992.0 -3.0
10028.0 -9992.0 2.0
10028.0 -9992.0 7.0
10020.0 -9990.0 -3.0
10020.0 -9990.0 2.0
10020.0 -9990.0 7.0
10020.0 -9990.0 -4.0
10020.0 -9990.0 8.0
10037.588917228839 -9993.368939461205 4.6558807386303585
10017.296941847513 -9995.977371475523 5.152636493549183
10034.189097975566 -9982.837798008779 7.057682961745222
10015.955053059633 -9996.527668056091 4.607522538467615
10034.349498528709 -9993.205198470972 6.42308902864583
10023.871658920103 -9986.131031382565 -2.973365514071936
10027.333067401947 -9982.678312344755 0.10996571391162391
10033.684866354553 -9983.201842318967 7.961431641919113
10027.275920166448 -9992.330072664294 -3.1710482516675915
10039.506482807843 -9980.60283799018 5.805327078658436
10034.439821284119 -9996.746844478883 7.96749001928349
10002.957294120051 -9997.82891059303 2.0510935166222293
10022.694698358624 -9997.311467455991 1.9281707335803837
10016.71935024856 -9994.338197034216 -3.323292572820424
10024.085689600133 -9980.202986374334 0.9672232870208282
10007.633595305866 -9981.362288769826 3.913232970806173
10020.424908220408 -9993.851553000597 0.47339517864983804
10014.222281772853 -9999.12664055094 -0.7064970892960911
10020.438135893004 -9995.588660058596 3.1009196837318402
10018.301738804767 -9985.533172085166 -2.6108208763893463
10033.079553160522 -9998.434721692838 4.734339635961245
10017.12305397434 -9991.686760332377 7.570851515020522
10002.4063264535 -10000.775708594301 1.3881897325548351
10019.614656008242 -9981.792439034365 7.758839644494508
round_square_hole_0 2
0 0 0 0 0 1 1 0 0 -3.0 7.0
C 0.0 0.0 10.0
P 4 -2.0 -2.0 2.0 -2.0 2.0 2.0 -2.0 2.0
35
10.0 0.0 -3.0
10.0 0.0 2.0
10.0 0.0 7.0
-2.0 -2.0 -3.0
-2.0 -2.0 2.0
-2.0 -2.0 7.0
0.0 0.0 -3.0
0.0 0.0 2.0
0.0 0.0 7.0
0.0 0.0 -4.0
0.0 0.0 8.0
4.169237392876447 4.285185463256175 -1.8876570600045808
10.589279090942945 -2.2550222965910915 5.733810902258716
6.741765452890512 -8.68425399647439 2.4793524293907137
-10.770755842621561 -3.9737979755284663 0.9245921054301558
10.588419077666167 -3.913997800759125 7.520382477095806
-4.021698863604308 -4.353640174406411 -2.318862069413838
9.85001338696011 -2.6501295252750126 3.8996825577229277
2.7995829284028986 10.05219277438125 4.493758605397094
7.45441810385055 -0.5339954191597194 0.23703596872067756
8.357719296238116 2.4291798131498687 6.112529087247079
-0.9970005870797678 -7.719308307957938 0.6755568414957445
5.4556970040773365 3.51194810294904 7.798688051825586
-9.215191014173122 0.49841211848844047 -1.0881057267790326
6.29399400249665 7.349304061475987 5.492153411386919
5.14890511663171 7.732643383393217 7.841636475618559
-1.7201037656491494 7.266874366604842 -2.8759139046470863
8.885360068522601 4.525797737113692 -1.7860098011429866
6.4651209419730655 8.63084581835297 -2.365490215215077
-8.999311706422656 10.602333827759796 4.133848839662528
9.101357903666141 -6.555405447701288 6.528402817983519
1.382422793728642 3.993763974530358 -3.170164651438595
2.699781255702794 -3.533375681370477 4.9288608987959535
-10.423084948013571 -8.162880759030527 1.837499287385322
-1.9849101181289939 1.2100185108923256 7.1750441869809
round_square_hole_1 2
0 0 0 0 0 1 1 0 0 0.14 -0.06
C 0.0 0.0 0.2
P 4 -0.04 -0.04 -0.04 0.04 0.04 0.04 0.04 -0.04
35
0.2 0.0 -0.06
0.2 0.0 0.04000000000000001
0.2 0.0 0.14
-0.04 -0.04 -0.06
-0.04 -0.04 0.04000000000000001
-0.04 -0.04 0.14
0.0 0.0 -0.06
0.0 0.0 0.04000000000000001
0.0 0.0 0.14
0.0 0.0 -0.08
0.0 0.0 0.16
0.048307647542205095 -0.05498916449424532 0.005931172575601815
-0.019475975707920423 -0.018931905650164504 0.12397532912734001
-0.04077475119348414 0.08170392205859764 0.13494892147919024
-0.0413163156536763 0.16033569374729575 -0.04739427001840365
-0.20535855699428254 -0.1814081462801423 0.07730474886136916
0.09753255397648772 -0.08174870569671369 0.1447468729284912
0.14496772582167158 -0.15826604950249096 -0.05854218649767534
-0.01560879809691626 -0.015821098779452453 0.06272652755530754
-0.12307679209812207 -0.008599750548899554 -0.0687677116816727
0.019081628363192632 0.11549007163363587 -0.05511407532994947
0.055678202023090734 0.17071960482978552 -0.04688165110284943
-0.15987901177732322 -0.18369377767346787 -0.06596314370834412
0.09048102894293766 -0.0892551440730961 0.08436096090041044
0.09411482920399752 0.1298605926708394 -0.028930087209393697
0.09106994051831277 0.011693142521293887 0.15650795138568774
-0.16273343399576545 0.15290097066291145 0.03342801182119333
0.20704435246389105 0.21589038963178656 0.11589370139310555
0.07794575068229273 -0.03915613959558098 0.07240082877212324
0.10892646001771525 0.1611902413505101 0.14334207758548612
-0.1848560270695827 0.06207086488080213 0.018903113396617613
0.11999478993084325 0.07688312050819876 0.12279778314770547
0.17492111834462262 0.1565146998825336 0.09385679838350126
0.058457178659723136 0.0059977960305888645 0.07309771807779218
0.14035754870799685 -0.15075314526694153 0.00026425164359825115
round_square_hole_2 2
-85.99814970264264 -90.86528483328172 82.44659894542411 1 2 3 1 0 0 -10.5 24.5
C 0.0 0.0 35.0
P 4 -7.0 -7.0 7.0 -7.0 7.0 7.0 -7.0 7.0
35
35.0 0.0 -10.5
35.0 0.0 7.0
35.0 0.0 24.5
-7.0 -7.0 -10.5
-7.0 -7.0 7.0
-7.0 -7.0 24.5
0.0 0.0 -10.5
0.0 0.0 7.0
0.0 0.0 24.5
0.0 0.0 -14.0
0.0 0.0 28.0
35.05554386716308 -22.73314710957448 17.742315762363255
3.73968929297547 26.975287449184506 -10.98617884341919
-5.78795578568041 -33.51788500377503 17.09738652874796
24.293976330550677 4.694934692845365 9.50795787841136
-1.9756794594461553 -6.6434520139306095 27.606586941929116
-24.05437869422375 -37.13269725048369 -3.8639748821464295
6.4740346912357865 -35.91754717277534 -10.184083804406393
9.339496624127321 22.916954590752063 5.367061262890385
3.6795723796619555 10.783804544125552 -6.747860898222533
6.076998148255967 12.472016213492253 21.730511249623135
-27.386993280523885 -37.7855932569863 -11.008283507985325
14.631541726986178 32.42491885276715 -10.68382091370945
9.500669049185355 37.91964915354052 23.95688253746568
22.79611735886091 34.560338566960496 2.387340263276162
-33.18247083531281 33.523287670885225 -10.793094886866472
28.21479402479096 31.483538689934903 25.326980975746878
-21.980042232599615 -23.35543830761036 -4.154959434889108
27.678182277524613 6.7054415038232875 -0.3103710795789123
12.903971407168221 -20.58144274571415 22.866553608533444
-27.65448468386854 25.512814610077896 10.390106488658187
-33.6097987442048 -20.436297023842997 23.577162504167532
5.449438552482071 -18.6624577424364 5.522629056774782
-24.548384422273273 10.798670297959347 27.86052848776464
-3.8687709108071644 10.168387875513915 -5.5828475675388844
round_square_hole_3 2
-73.30314526928647 10.517323545126217 32.949864792326196 1 2 3 1 0 0 7.0 -3.0
C 0.0 0.0 10.0
P 4 -2.0 -2.0 -2.0 2.0 2.0 2.0 2.0 -2.0
35
10.0 0.0 -3.0
10.0 0.0 2.0
10.0 0.0 7.0
-2.0 -2.0 -3.0
-2.0 -2.0 2.0
-2.0 -2.0 7.0
0.0 0.0 -3.0
0.0 0.0 2.0
0.0 0.0 7.0
0.0 0.0 -4.0
0.0 0.0 8.0
8.765246774132166 1.777527746397915 -1.424013791717083
-1.4049278005520875 9.744495034089773 3.9580762521663093
8.244008248177227 -7.555585605242417 3.153916438656154
-0.6284437340659448 2.5533804611418685 2.9239142172421557
-7.837772103256547 -9.090132087829103 -3.858501894658597
7.248666502838471 -0.8252277260003815 7.453875707035166
-2.1553104698867998 10.231944457360488 4.939227383542491
-6.262606122051725 6.205793667102164 -2.664794375593628
3.1053540055521083 -3.155780707322185 -1.1316238290087477
-0.02529106949559079 5.80820695181254 0.4101120909158045
-7.67886988560603 -3.401808716995143 -1.9081397060035616
-4.429804983080391 2.0445069549820136 2.8325185705729954
-2.9644974469637226 4.099608238142064 6.750141382697208
6.152247877187982 -4.118699465615787 3.8160166175861328
-2.2244209280882234 8.44019746444948 7.616931572457059
9.161360028904394 -0.23052131512996965 -1.058954114919521
2.6312166283781746 3.0475524238415623 4.741009188203092
1.3476198400721966 5.041439921263855 -2.669436977815491
-1.1155377092401473 1.744361652992401 -0.34502732108037826
-0.21402019476122192 -10.506194541982147 1.9786737493842672
-7.530783286646511 -5.5101917097126485 7.020196125692289
10.528041693685676 -0.8133245703949683 5.081012941480578
5.7836505233035105 -10.791328127913886 1.3034342425526422
-0.8325884312881531 -0.9844608378779185 5.306564393573481
round_square_hole_4 2
0 0 0 0 1 0 1 0 0 -1.5 3.5
C 0.0 0.0 5.0
P 4 -1.0 -1.0 1.0 -1.0 1.0 1.0 -1.0 1.0
35
5.0 0.0 -1.5
5.0 0.0 1.0
5.0 0.0 3.5
-1.0 -1.0 -1.5
-1.0 -1.0 1.0
-1.0 -1.0 3.5
0.0 0.0 -1.5
0.0 0.0 1.0
0.0 0.0 3.5
0.0 0.0 -2.0
0.0 0.0 4.0
-4.1499167317527075 4.682944181029445 3.3843758591645408
-2.4944089843292696 -2.8374850666074187 0.8140347091068376
-2.7238680153649395 4.108716842699673 0.2724297995462903
-4.578709626468125 3.6235710522028466 -0.619862836717963
3.2926633280687536 1.443748930157846 0.8138153095577643
-3.21646123509992 -0.4701473997403225 1.9489768280427997
-0.695542473976583 0.6588658141483918 1.7493636405741064
-4.861216913655044 -4.3596102528160445 3.56202588750232
0.6420114221062541 0.6830174170246943 0.10306819458446626
-4.616831262783172 3.7049427175036396 2.1245654091560873
0.6077203861876637 -4.03033510471144 3.092053459056573
2.755183517038475 0.014473258954723178 -0.9153194949149439
-1.6215846969300456 3.0992836204233445 -0.08785250911116926
-0.25645595739078075 3.0018607064282286 3.2869620315432417
-2.3234119111896643 -3.4099923846033633 1.322384970313204
1.928091923437445 -4.6416807953778685 0.09471658370401448
0.11179983611149336 -5.492058255487865 0.594657596366325
4.902271520418751 -2.0712225228372234 3.210411237768481
-3.7778268434935525 -2.650525461727739 3.354536930396309
2.701722356632347 0.7721001570328836 0.6408313428009826
-0.5514320888796886 1.8691125874575603 3.0387575836823064
1.9879114385974557 -1.3797123941228993 3.263741985536033
1.4066628579413951 -2.413189929823371 -1.5404999314687053
0.492230540813793 5.095080354354026 1.024468837277154
round_square_hole_5 2
0 0 0 1 2 3 1 0 0 7.0 -3.0
C 10000.0 -10000.0 10.0
P 4 9998.0 -10002.0 9998.0 -9998.0 10002.0 -9998.0 10002.0 -10002.0
35
10010.0 -10000.0 -3.0
10010.0 -10000.0 2.0
10010.0 -10000.0 7.0
9998.0 -10002.0 -3.0
9998.0 -10002.0 2.0
9998.0 -10002.0 7.0
10000.0 -10000.0 -3.0
10000.0 -10000.0 2.0
10000.0 -10000.0 7.0
10000.0 -10000.0 -4.0
10000.0 -10000.0 8.0
10000.623929106985 -10004.65721376024 6.903493650184499
9999.827188779987 -10003.37239279561 3.3789871963658022
10002.62864459403 -9989.652345857476 4.815913163980378
9990.639048051666 -9996.616671740527 4.141019807406648
10010.227342618693 -10000.60584507159 5.945241591653335
9992.154207567322 -9995.48325448144 1.3267198292980247
10007.660441047252 -9992.897944115175 7.384877368839529
10008.783460544852 -9990.295396003337 -1.5511157583843094
9996.983698763448 -10008.95750997837 4.38581511080206
9989.940524188809 -10004.823965679212 -3.42211097034705
10002.325868067523 -9989.543180245031 1.053201481642141
10008.873209591542 -10005.691478024439 3.9730439554388095
9995.139408644323 -9991.526421620496 -2.880380028539037
10002.240525549423 -10000.963085769474 6.386635170236621
10009.492272155838 -9996.485251415868 -1.968402039395094
10007.668161996771 -10004.876094123409 3.107858064971376
10000.291454637934 -9996.219249842343 0.6219879970547719
9994.822170192136 -10001.547643615157 7.376212231575247
10005.947880388996 -10000.40043897254 2.9219118185831965
10004.32728223838 -9997.957323042205 7.047104283959932
9996.886124640538 -10000.974323705199 -0.22298110528056192
9991.68490716026 -9992.044248393384 6.704487933090345
9996.069811106425 -9991.374018625122 0.7850225682307066
9994.399862143719 -9998.459832043578 5.401119369301362
collinear_0 1
0 0 0 0 0 1 1 0 0 -3.0 7.0
P 5 0.0 0.0 2.0 0.0 4.0 0.0 4.0 3.0 0.0 3.0
32
0.0 0.0 -3.0
0.0 0.0 2.0
0.0 0.0 7.0
2.0 1.5 -3.0
2.0 1.5 2.0
2.0 1.5 7.0
2.0 1.5 -4.0
2.0 1.5 8.0
4.396144618541646 0.8912563528464261 -2.6292785046814626
3.7603961041455225 3.8420756455135336 -3.8253247783041457
4.8204857373552175 0.9386280385607524 4.181967075611636
3.7719514704008406 2.0931040429846983 -3.904061325140711
2.6297895898701915 3.4628644652360965 0.6734712592889842
0.6751028661784866 3.2767144933468035 -2.8911444470119525
1.5305326269232946 2.1640629887432263 -1.8599354448893268
1.1558179106599895 -0.41840410016638263 5.840984397071548
-0.7742342991686642 2.562019166479385 -2.2796996614511
3.330134769486312 0.9461103534586104 -0.8147686724991203
4.147950687279994 -0.7804141431320929 1.972884051812981
-0.12437941898132254 1.1828185933920063 -0.42830304654455364
3.3977312634678745 3.251028416749799 -2.378283428587986
4.489550933643351 1.9659704771778461 1.8004540520301457
1.5319497665872346 2.8425705283970397 0.6082564583193601
1.5191637438984693 3.2182942715384844 0.5211400339909762
1.3475919929086748 1.7473183544183408 -2.3807636168143103
4.673294491854575 1.200552925780586 -1.1617226928030022
4.455067967511261 2.023910664851268 5.456745021120179
2.26762802097086 2.0036572686201977 7.908919497210153
0.22860892317447257 3.5642056913792404 6.347616656228974
1.527578149748825 3.977515434394596 -0.39508962121975877
1.2878648173840985 3.3431729275896007 2.402334175942414
0.8574610990517226 3.859490375732637 -0.18278900678035148
collinear_1 1
0 0 0 0 0 1 1 0 0 0.14 -0.06
P 5 0.0 0.0 0.0 0.06 0.08 0.06 0.08 0.0 0.04 0.0
32
0.0 0.0 -0.06
0.0 0.0 0.04000000000000001
0.0 0.0 0.14
0.04 0.03 -0.06
0.04 0.03 0.04000000000000001
0.04 0.03 0.14
0.04 0.03 -0.08
0.04 0.03 0.16
-0.013842437982067786 0.033012531542844725 0.1523117878188256
0.04533832974500518 -0.018521257368104154 0.08496555503701546
0.008977778899109438 0.027143248706485868 -0.025956708274216492
0.030898907681942058 0.07260465274674338 0.13505679319494768
0.0055454218757825 0.0036523400102968367 0.040671152363675675
0.00425740318970665 0.004504914374193956 -0.0168934637160299
0.08193380781528915 0.04047888114412508 -0.060844968198687815
0.06221194587260398 -0.01719707137120187 -0.011054928853700269
-0.0010461942744981086 -0.019100246458522523 -0.02691313407254061
0.003914039117107759 0.018108785811001078 -0.07549910139203299
-0.00387360163415236 0.0017291806147666199 0.1046802165459823
0.09617797969289996 0.050568688285544436 0.03884512973733871
-0.01808566929220409 0.04853421645613426 0.11459536975359534
0.04194881722945931 0.04413607760993894 -0.035481344941620585
0.08893149467988742 0.001111007618115386 0.15654723658206754
0.09904253957275606 0.0280018387445897 0.13560129223209577
0.019644011375504675 0.07983853360743592 0.02284614617936899
0.0030888986134843185 0.007358511904623263 0.1459030155789071
0.0892494976742857 -0.001584007054709527 -0.03288414841268049
0.02948729802608627 -0.013541543238303626 -0.051913709806968064
0.020850319275077 0.035562280344220806 -0.04841112371343263
0.08466078686468854 0.019268447441838487 0.04762921113648143
0.07542582090481842 0.027423538703787994 0.06749497543002815
0.09882729617741295 0.033461905516598514 -0.049717795557729094
collinear_2 1
-67.64213583315541 -28.856390364282248 -64.5193676478135 1 2 3 1 0 0 -10.5 24.5
P 5 0.0 0.0 7.0 0.0 14.0 0.0 14.0 10.5 0.0 10.5
32
0.0 0.0 -10.5
0.0 0.0 7.0
0.0 0.0 24.5
7.0 5.25 -10.5
7.0 5.25 7.0
7.0 5.25 24.5
7.0 5.25 -14.0
7.0 5.25 28.0
0.03572522761321695 11.920384917903442 -8.012908797531797
0.05562269906642925 9.899077138502035 14.447320337048716
5.36355892265806 10.021124692944774 -6.50099940783502
9.697329925215106 7.463062857388337 25.17984838750224
-2.9340804453051907 3.0186730601058125 -0.23410430160967444
15.46853692657367 6.100295129287742 -11.234998860251594
-2.1813642355370266 4.469970423646226 25.908645862431513
7.615212659687909 8.771260569726783 4.126098450534709
8.793278528062919 13.077730836401141 6.558270293365851
10.097199956386179 10.057198143490751 11.522171542641956
-0.8648249385309073 13.494729582908132 -9.238230197527223
12.185696693552595 -1.1107912710533703 25.453471748879267
5.658087314347421 1.248957349891314 23.294382069109474
14.170676384102265 5.420967547863043 25.1921424490872
-2.445350800323044 13.613810280504016 -10.06892728890777
0.863246913799804 12.1560641824456 10.531826288402225
3.436207191804712 -1.2817555189827283 14.949313289232183
-2.587219983212851 8.854077821093698 -7.613842974327051
8.807771606323357 9.852227838541642 19.942951777311656
12.972805247766445 9.54527996846031 -11.521699776098432
-2.7306248078185353 -3.300864910892411 3.740222968880289
0.37868978366218453 12.766446328053167 -9.002940924410815
5.964684445355848 2.7313141408414205 -10.73534583868684
16.718010523763347 2.8643525585375027 -11.472860909317
collinear_3 1
69.25456717093317 24.591034638355325 47.439830864368275 1 2 3 1 0 0 7.0 -3.0
P 5 0.0 0.0 0.0 3.0 4.0 3.0 4.0 0.0 2.0 0.0
32
0.0 0.0 -3.0
0.0 0.0 2.0
0.0 0.0 7.0
2.0 1.5 -3.0
2.0 1.5 2.0
2.0 1.5 7.0
2.0 1.5 -4.0
2.0 1.5 8.0
1.0286134483158715 1.3228796236185882 -3.5165753683199137
4.312894853068192 -0.009840823606912186 2.9389364911245046
0.2944585156020585 3.4356011177919124 4.05904045678553
0.4024272124913071 0.26652884485408856 0.7268452597775674
1.7888391113029103 1.6601512343616136 1.224424815602731
-0.956563144325729 1.1191850903474565 6.572376739864254
1.6750162799568615 1.1089789993024017 5.207302002266248
4.842261218275792 1.5628988575311378 -0.8117754041911058
-0.7330652087641651 0.7408425213792966 1.7181752098678142
1.8450352267828944 1.0521558637083759 -1.5458766794624155
1.2785501746859422 -0.013213039258314296 0.7645706912748
3.3173406184775853 1.6548780200957882 -1.9581033603785425
1.7794506105314998 -0.48216450785769716 4.903360232358164
0.5356367813469722 0.037713731335175193 -1.9143427202648016
3.452282329912882 3.7711968945087966 3.441636732947104
-0.8654477815827692 3.7919562720292372 6.639428406691579
2.773347681397531 0.4164556343727148 -3.3069597525006724
3.0467378647872554 0.6483934287758584 -3.905344379714043
4.852418970015073 0.8700730966392283 -0.5937922831863913
1.6711113074122013 3.9466929654560516 6.591184058187537
2.8017098483009715 0.28011885954476434 -1.5645494388519228
1.1417945966640959 2.401750368940673 -3.35905635222452
3.109236280308167 3.2321509858452746 6.9942003606138385
3.621529684545189 1.6692994953015736 -3.5273144209772824
collinear_4 1
0 0 0 0 1 0 1 0 0 -1.5 3.5
P 5 0.0 0.0 1.0 0.0 2.0 0.0 2.0 1.5 0.0 1.5
32
0.0 0.0 -1.5
0.0 0.0 1.0
0.0 0.0 3.5
1.0 0.75 -1.5
1.0 0.75 1.0
1.0 0.75 3.5
1.0 0.75 -2.0
1.0 0.75 4.0
0.8146859056642386 1.8789311290909483 0.6555558219120954
2.0932006387185726 0.21088818338945847 -0.1161377007198483
1.9456787342109676 -0.04653084528587659 1.8008637811678447
2.415811345380581 0.7258143288838275 0.24139033977932378
-0.3771747837420355 0.21664643203144274 2.179390729698845
2.3880544494833678 1.6475367509804526 0.7250625706877498
0.8794087155642629 -0.09644673249250124 -0.8859445706188491
2.133193732717791 0.38213334336631255 3.6129844330254057
0.3454438169562378 0.4867999165345711 3.8292846291395533
-0.35952595037093793 1.615266655787603 1.8917295508635936
0.2694959730674038 1.3660077102527517 0.07918485497518324
0.3941380677616484 -0.022358891797292613 3.2080938915943182
2.4393490934984956 0.9747244457511985 0.9994116156505903
0.3793796299706248 0.3544508750443267 0.6769154146533323
0.9261145433012594 0.7043211664468443 3.23642201298604
1.372477220906502 0.8000304066187194 3.7475489244767655
1.1373214115615995 -0.21597312510563194 -1.2632853392643557
2.085150684900376 0.15088225325599414 -0.14604723157474098
-0.3789378386229959 0.7001619560362617 3.9642920549483343
0.22181814342724804 -0.22997899903608687 0.22028797583585957
1.9842239931145071 -0.4723168775600157 3.335645535022673
0.2615410835447243 1.929439113950905 0.9759187874233985
-0.21841926848361104 1.5554626526536284 2.596808355257946
-0.3639441008569626 0.10798299605872108 -1.2751238917414551
collinear_5 1
0 0 0 1 2 3 1 0 0 7.0 -3.0
P 5 10000.0 -10000.0 10000.0 -9997.0 10004.0 -9997.0 10004.0 -10000.0 10002.0 -10000.0
32
10000.0 -10000.0 -3.0
10000.0 -10000.0 2.0
10000.0 -10000.0 7.0
10002.0 -9998.5 -3.0
10002.0 -9998.5 2.0
10002.0 -9998.5 7.0
10002.0 -9998.5 -4.0
10002.0 -9998.5 8.0
10004.423660192739 -10000.550309743703 -3.0321130129371845
10000.136599382913 -10000.673857999576 6.591214296244441
10000.312398314307 -9999.670707996544 4.675751889383587
10000.783077590802 -9998.958750427802 1.5078330229719175
10001.694289711384 -9999.252313882078 0.2405541567842615
10002.323626332698 -9999.978021766468 7.653148582963187
9999.10730263451 -9996.458585342392 1.482587476929405
9999.408938164202 -10000.546034502466 0.4119828016021492
9999.814586614622 -10000.871418214234 4.696048634975567
10001.335193255292 -9996.31025887038 2.7447692636381023
10002.451542604043 -9998.085623649418 3.189446165435461
10004.15115144205 -9998.818165780032 6.75145449140294
10000.373723495728 -9996.9233509348 -2.7702631915659928
10003.899270739972 -9996.984430522796 -2.7399029572121227
10004.133869639398 -9999.899879338831 -1.3306367183
10000.934583698854 -10000.080207093153 6.901535335589923
10001.56693671815 -9996.23028928377 1.0937009487419322
10001.164282702215 -9999.094435218132 -1.7022549285517683
10004.711319187272 -9996.619215673165 6.4169065084313885
10001.509559707883 -9996.545827327905 5.786590246152397
10000.734126413821 -10000.461796966245 1.6558765161003528
10000.62275427949 -10000.986204336708 7.21942245617236
10004.432509646475 -9999.106648590916 6.315670486589102
10001.273957930429 -10000.513986280717 1.2120864374528963
concave_hole_0 2
0 0 0 0 0 1 1 0 0 -3.0 7.0
P 6 0.0 0.0 20.0 0.0 20.0 6.0 6.0 6.0 6.0 20.0 0.0 20.0
C 3.0 12.0 1.0
35
0.0 0.0 -3.0
0.0 0.0 2.0
0.0 0.0 7.0
4.0 12.0 -3.0
4.0 12.0 2.0
4.0 12.0 7.0
10.0 10.0 -3.0
10.0 10.0 2.0
10.0 10.0 7.0
10.0 10.0 -4.0
10.0 10.0 8.0
8.377698807555785 10.59852744894924 -0.33408137802213433
10.4486712053083 14.612264325836247 -0.9497011333981509
-0.3597676070076723 20.80579567494985 -2.503646673488395
17.007265953020866 7.082252484030496 4.063562191938283
15.746976054495391 3.933942602366928 -3.0175173280576524
-0.16539207336596218 14.581900708461031 3.2013696256785504
16.751581862617385 9.901645702214942 -2.11947202091736
18.105965571042418 16.651909460669827 7.3613423574790176
4.663328910060482 6.5340537451140985 -2.2280025727595287
8.56551578131916 7.104413813623607 5.187252117340641
0.03457036025826343 5.535421005686655 -3.7709450786149574
8.302008004323941 13.322814461736327 2.521610818034034
7.439389971289868 16.426373758353613 -1.514896336631145
1.6333599722121894 14.746694995699194 5.499202881899524
8.838362143681278 2.6760450776202633 1.2508810108650898
2.611845525410467 0.6562637277695029 1.623424235833812
4.656662581303285 13.678288742029496 1.7647678164549117
8.898589114308262 11.575908749112466 3.3644315288147313
6.986513098527617 10.646581041866312 1.9175570572858565
15.975441545723058 4.155619443352579 4.727686762187458
0.5658700830867127 20.41020646023619 5.54086441588122
13.694885361036626 10.073184874053151 0.7526107520302912
19.96297278927018 7.26910052609157 6.495649281551435
0.6851488134812165 12.383829796640338 -2.9278141061292415
concave_hole_1 2
0 0 0 0 0 1 1 0 0 0.14 -0.06
P 6 0.0 0.0 0.0 0.4 0.12 0.4 0.12 0.12 0.4 0.12 0.4 0.0
C 0.06 0.24 0.02
35
0.0 0.0 -0.06
0.0 0.0 0.04000000000000001
0.0 0.0 0.14
0.08 0.24 -0.06
0.08 0.24 0.04000000000000001
0.08 0.24 0.14
0.2 0.2 -0.06
0.2 0.2 0.04000000000000001
0.2 0.2 0.14
0.2 0.2 -0.08
0.2 0.2 0.16
0.3534423310169405 0.32614239281454377 -0.055474163175241877
0.21508595074709083 0.22972325750491926 -0.04901101134708871
0.4137884867190338 0.1359796397567898 -0.02218769575302386
0.08463979676727186 0.25558529392508184 0.13271275544114375
0.01139908712436542 0.1562381535819794 0.11653010143575691
0.32490544015681 0.26557435230931875 0.014892988742604418
0.35993998365671476 0.26853122811599334 0.10572185127143881
0.2737507688546156 0.17193014959977604 0.09202036386466327
0.15844313132484178 0.09697452133411923 -0.06529037455300732
0.3129354130194411 0.07234264127536036 0.03705866365160637
0.15334047240978393 0.03883205460464806 0.07141114285422788
0.07048949800301227 0.23749559054739386 0.006591304998834868
0.1781676805619168 0.028714911481728608 0.10767753213990573
0.2986555406436488 0.3629814205977486 0.02863291425333149
0.053196837775090045 0.2827109835315549 0.13270184652941924
0.3146163738826848 0.40722024960389214 0.10758518700012591
-0.016417560613495533 0.17563196372492673 0.043844693642898364
0.22860696739969014 0.03543973851342688 0.06060132071458589
0.37204093871191873 0.1386419939954945 0.017074503084982637
0.12421270219815346 0.049574854186567735 0.02038891192589959
0.1516905496846244 0.0967576566006893 -0.009868730701323505
0.3600958336727562 0.005662678132799123 -0.05164969004849279
0.36463198082431336 0.19592268589461326 0.09657807867487674
-0.014020995589527154 0.0013800698942984628 0.03252741283152753
concave_hole_2 2
-72.81232928238018 -15.997239130251216 -92.97018234550363 1 2 3 1 0 0 -10.5 24.5
P 6 0.0 0.0 70.0 0.0 70.0 21.0 21.0 21.0 21.0 70.0 0.0 70.0
C 10.5 42.0 3.5
35
0.0 0.0 -10.5
0.0 0.0 7.0
0.0 0.0 24.5
14.0 42.0 -10.5
14.0 42.0 7.0
14.0 42.0 24.5
35.0 35.0 -10.5
35.0 35.0 7.0
35.0 35.0 24.5
35.0 35.0 -14.0
35.0 35.0 28.0
13.85576347723871 39.56583924510181 22.452460881004107
36.21778632450861 1.6646354021113634 18.588904684896136
30.032081245331177 25.116443624094053 -2.2302215161243755
-1.3963988667303675 25.15692724648512 5.476701211647349
59.271758085596886 70.22247283439178 26.17256608565588
24.815964473315212 53.24973972488804 -9.245792594160886
38.41767277376362 16.598108721453684 25.79748187285304
11.93386465818991 48.26463897484459 6.934830000752967
51.78972505249473 6.6474744024057255 -8.203931264583286
44.16128203825816 12.88796251474054 0.3464390844090257
33.47698980323049 23.57471050088754 -3.994775010046924
54.236644316952706 1.6645077277182363 20.568206973251684
72.60774756257047 46.41119035914182 -6.467612562605508
24.77129068040666 52.78140267402177 2.362338026977227
38.53981055146782 22.478280411134914 18.983018925898655
14.731298868568114 59.91573033105838 -7.254407935712272
54.30283348625962 46.27376280398168 -12.337219391364162
57.61029517914264 4.854339202898972 14.177582877641456
40.64489891632656 9.277593448671725 -3.206109828938253
32.52171984454264 16.853888986318243 27.293338612629974
68.75318856964391 63.34431868615371 -12.927920551908892
31.612955705993514 57.76179172920775 15.870593814996685
18.353737743091745 51.980777591265166 15.889633930484639
10.713419706376808 18.30472422127733 7.152820650125239
concave_hole_3 2
57.394450329916424 34.154047507058294 -23.246331385672818 1 2 3 1 0 0 7.0 -3.0
P 6 0.0 0.0 0.0 20.0 6.0 20.0 6.0 6.0 20.0 6.0 20.0 0.0
C 3.0 12.0 1.0
35
0.0 0.0 -3.0
0.0 0.0 2.0
0.0 0.0 7.0
4.0 12.0 -3.0
4.0 12.0 2.0
4.0 12.0 7.0
10.0 10.0 -3.0
10.0 10.0 2.0
10.0 10.0 7.0
10.0 10.0 -4.0
10.0 10.0 8.0
12.225617499926292 12.678977809554572 6.110605843364304
7.643427063192453 12.99389660666631 0.42523934450459056
7.314148157876639 12.461016770777606 2.59736798109285
16.40153487332664 5.840395422953028 -1.443917063334176
10.219885926129223 12.101414272447782 -3.739056495779723
16.699226843721913 20.42920582307064 2.31892870908779
11.900329682054856 0.9500977457642217 5.998816622589828
16.726872736441273 -0.09224940579826368 3.1240671277674394
13.81510932472027 -0.5451803569730591 -1.48300520022753
14.609644766746717 9.428674136355287 -2.784418384657116
1.5732242801975902 0.5702656963160622 5.546241118122891
4.922404272271148 1.47560725864236 6.917369670356861
6.2779154254792315 12.449467051901925 3.3886093683775993
3.5767289976282175 6.068677603022975 6.212504174940362
14.937933910567274 3.3456250404110026 -2.675919379660279
16.21779259864168 14.566480144822906 -3.728297018858669
5.483747489468773 16.386639759722847 3.2999210226736686
14.902002573637894 11.195002632620728 2.600047174478501
2.5813265828239955 8.524764485406184 2.8783014005647187
3.2423190549913796 14.751642422178143 1.9982337014139766
19.13846502056683 14.45724194151417 4.554467415148357
14.379297096694536 6.040123493008494 6.382578790193829
15.045821232455605 4.317548017480311 5.901260536704676
13.54278485063254 4.777349886980079 -1.8616078362622321
concave_hole_4 2
0 0 0 0 1 0 1 0 0 -1.5 3.5
P 6 0.0 0.0 10.0 0.0 10.0 3.0 3.0 3.0 3.0 10.0 0.0 10.0
C 1.5 6.0 0.5
35
0.0 0.0 -1.5
0.0 0.0 1.0
0.0 0.0 3.5
2.0 6.0 -1.5
2.0 6.0 1.0
2.0 6.0 3.5
5.0 5.0 -1.5
5.0 5.0 1.0
5.0 5.0 3.5
5.0 5.0 -2.0
5.0 5.0 4.0
0.1757128106500483 5.859349272861537 0.9278522934475921
1.1047602552183462 3.7343833512176134 1.5940045482811858
3.023640119878466 3.375479631602177 -0.26623299713201254
10.497172784665377 7.066072883807115 -0.7963078527491116
9.987027034275169 8.817938875944957 -1.6127627191874576
9.892451609791951 -0.44673824437841714 -0.1998905939108262
6.5014128068780535 9.37004964627464 -0.6990111834704105
2.6735318861387496 2.947032836988788 -1.4787672778223613
-0.23180696834086711 1.074385825335876 -0.2265312732350424
0.9949980920373129 0.7698794764992274 -0.44162543884576433
5.863682882004861 1.9919114051156832 -0.8898377176347498
8.33645634420758 7.708200873118603 1.1729196788884577
9.48640781453581 1.2012767314608244 -1.747272836664415
1.6340707900065774 6.717453311910847 -1.9775534222459061
8.540088619690776 4.072380788310973 -0.5948323043482646
7.951006109687668 8.912548014777395 3.295418374801244
9.937965628298947 -0.1122359047570961 -1.8795691929380918
8.81322134201073 4.773446605286875 2.3142763736558845
5.9750283781511415 4.152363897709954 3.5181769221163552
6.327899349723646 7.112960603292425 0.7302335949883609
0.8809115213440448 0.9052882780518863 2.2845702312535963
5.38692098652719 7.702675966162836 -0.7348640231438499
2.7867165192705516 8.846780313035348 1.2900284391602894
8.583420867918678 -0.27281269667068864 3.989781346188586
concave_hole_5 2
0 0 0 1 2 3 1 0 0 7.0 -3.0
P 6 10000.0 -10000.0 10000.0 -9980.0 10006.0 -9980.0 10006.0 -9994.0 10020.0 -9994.0 10020.0 -10000.0
C 10003.0 -9988.0 1.0
35
10000.0 -10000.0 -3.0
10000.0 -10000.0 2.0
10000.0 -10000.0 7.0
10004.0 -9988.0 -3.0
10004.0 -9988.0 2.0
10004.0 -9988.0 7.0
10010.0 -9990.0 -3.0
10010.0 -9990.0 2.0
10010.0 -9990.0 7.0
10010.0 -9990.0 -4.0
10010.0 -9990.0 8.0
10020.503787065492 -9996.396405007132 -3.0907822473946585
10017.600124115863 -9987.379137906824 0.7998317380385709
10017.398065940786 -9998.814150979657 3.731122569385004
10005.933274201769 -9979.386094901502 4.100000621178129
10005.619969566937 -9987.338211512551 6.457218381495537
10005.494799435344 -9997.804375593325 6.29051435950854
10018.098767735679 -9994.003656401042 -0.9725200316495415
10015.09358397255 -9984.232962246131 -2.622021636399484
10016.106415826474 -9981.923906944427 -3.5196257796842216
10007.513921918484 -9994.023887085976 7.299101772002185
10007.035215461125 -9992.927208425062 3.157385797646218
10005.09077793546 -9982.265142101118 -2.0719739395186143
10016.056858310962 -9987.940315840537 3.8259326343225917
10006.386050362677 -9981.77926268418 2.398085181964394
10001.767643631169 -9989.528738581601 6.4638335277625245
10012.650722394632 -9986.138356773117 4.767347998106729
10014.541355076524 -9991.922866076653 0.26350899218309287
10011.228053740222 -9986.937410307502 -0.8209134345845333
10000.566937699174 -9991.74628118629 1.9236025085798696
9999.46411455194 -9990.53161250119 7.840479668999606
10016.594122809149 -9991.976936471261 2.074051867100148
10018.576313504836 -9997.805049510062 -1.3522821148154738
9999.110434533912 -9996.758931894998 4.362776099219534
10018.026267115225 -9988.771490227708 5.277709116048094
