polygon_3	40803cec0423bcec 407d3a75a10d20dc 0000000000000000 3cd5555555555555 4000000000000000 40bc1402c72876ac bd76da7b940c5f38 0000000000000000 bd76da7b940c5f38 40bc1402c72876ad 0000000000000000 0000000000000000 0000000000000000 40c95f30c677d730 c014000000000005 c021520cd1372fe9 0000000000000000 4024000000000000 4021520cd1372feb 4010000000000000	oooooooooooooooooooooooooooooooiiiooiiiooiiioooooooooooooooooiiiooooooooooooooooooooooiiioooooooooooooooooooooooooooooooooooo
polygon_4	4089000000000000 408392318007c2b0 0000000000000000 3ccb4e81b4e81b4f 4000000000000000 40cc200000000000 bd55555555555555 0000000000000000 bd55555555555555 40cc200000000000 0000000000000000 0000000000000000 0000000000000000 40da0aaaaaaaaaab c024000000000000 c024000000000000 0000000000000000 4024000000000000 4024000000000000 4010000000000000	ooooooooooooooooooooooooooooooooooooiiioooooooooooooooooiiiooiiiooiiioooooooooooooooooiiioooooooooooooooooooooooooooooooooooo
polygon_5	408db873bed0bb02 408635238d2634ce 0000000000000000 bcb151422365235b 4000000000000000 40d31c07d7393546 bd6d8e925647f2ed 0000000000000000 bd6d8e925647f2ed 40d31c07d7393547 0000000000000000 0000000000000000 0000000000000000 40e1df03049b2d7c c0202e2ac13ef8ea c0230568cc0ab520 0000000000000000 4024000000000000 40230568cc0ab51f 4010000000000000	ooooooooooooooooooooooooooooooooooooiiioooooooooooooooooiiiooiiiooiiioooooooooooooooooiiioooooooooooooooooooooooooooooooooooo
polygon_6	40903cec0423bcec 4087bcec0423bcec 3ce0000000000000 3cc5054b670a7798 4000000000000000 40d67f11a5bc2dbb bd62d5e01265f253 0000000000000000 bd62d5e01265f253 40d67f11a5bc2dbc 0000000000000000 0000000000000000 0000000000000000 40e524a8a563ddfe c024000000000000 c021520cd1372fea 0000000000000000 4024000000000000 4021520cd1372feb 4010000000000000	ooooooooooooooooooooooooooooooooooooiiioooooooooooooooooiiiooiiiooiiioooooooooooooooooiiioooooooooooooooooooooooooooooooooooo
polygon_7	40911a419cff02f6 4088b20e322c17ed 0000000000000000 bcc947fd1f890910 4000000000000000 40d8cb4ee6f294a3 bd9226c26edbce1c 0000000000000000 bd9226c26edbce1c 40d8cb4ee6f294a2 0000000000000000 0000000000000000 0000000000000000 40e75e7419dd5464 c02204f5ea1f19c7 c0237fa1835791e2 0000000000000000 4024000000000000 40237fa1835791e2 4010000000000000	ooooooooooooooooooooooooooooooooooooiiioooooooooooooooooiiiooiiiooiiioooooooooooooooooiiioooooooooooooooooooooooooooooooooooo
polygon_8	4091ad7bc01366b8 408954d29429fba7 3ce0000000000000 bca34f08dfff5893 4000000000000000 40da65d5e2c07e3a 3d7aaaaaaaaaaaab 0000000000000000 3d7aaaaaaaaaaaab 40da65d5e2c07e39 0000000000000000 0000000000000000 0000000000000000 40e8ecb63d698b00 c024000000000000 c024000000000000 0000000000000000 4024000000000000 4024000000000000 4010000000000000	ooooooooooooooooooooooooooooooooooooiiioooooooooooooooooiiiooiiiooiiioooooooooooooooooiiioooooooooooooooooooooooooooooooooooo
polygon_9	409214121f46cf6f 4089c61b583f57a3 0000000000000000 bca6bccbc2b54ebf 4000000000000000 40db8d181be05662 bd5525c214ad7c9b 0000000000000000 bd5525c214ad7c9b 40db8d181be05662 0000000000000000 0000000000000000 0000000000000000 40ea0b6bee9a6fc3 c022cb39e9735c32 c023b23737d0b18f 0000000000000000 4024000000000000 4023b23737d0b18e 4010000000000000	ooooooooooooooooooooooooooooooooooooiiioooooooooooooooooiiiooiiiooiiioooooooooooooooooiiioooooooooooooooooooooooooooooooooooo
polygon_10	40925e48325a9a40 408a17fda3e95163 0000000000000000 bc9bdfc6b37ae544 4000000000000000 40dc676f5d019e3b bd73286043237855 0000000000000000 bd73286043237855 40dc676f5d019e3b 0000000000000000 0000000000000000 0000000000000000 40eadf94037a1160 c024000000000000 c0230568cc0ab520 0000000000000000 4024000000000000 40230568cc0ab520 4010000000000000	ooooooooooooooooooooooooooooooooooooiiioooooooooooooooooiiiooiiiooiiioooooooooooooooooiiioooooooooooooooooooooooooooooooooooo
polygon_11	409295a3a2313f94 408a5509511a307c 3ce0000000000000 3ca03edd24a576de 4000000000000000 40dd0ceadbbdf821 bd792690c0584de3 0000000000000000 bd792690c0584de3 40dd0ceadbbdf821 0000000000000000 0000000000000000 0000000000000000 40eb80728e39dd7f c023309aa1605237 c023cbe2c2a329d5 0000000000000000 4024000000000000 4023cbe2c2a329d6 4010000000000000	ooooooooooooooooooooooooooooooooooooiiioooooooooooooooooiiiooiiiooiiioooooooooooooooooiiioooooooooooooooooooooooooooooooooooo
polygon_12	4092c00000000000 408a83baf2bceb14 bce0000000000000 bcb3579be02468ad 4000000000000000 40dd8d104227f265 3d45555555555555 0000000000000000 3d45555555555555 40dd8d104227f267 0000000000000000 0000000000000000 0000000000000000 40ebfd104227f266 c024000000000000 c024000000000000 0000000000000000 4024000000000000 4024000000000000 4010000000000000	ooooooooooooooooooooooooooooooooooooiiioooooooooooooooooiiiooiiiooiiioooooooooooooooooiiioooooooooooooooooooooooooooooooooooo
circle	405c463abeccb2bb 40607e4cef4cbd98 3ff0000000000000 4000000000000000 4000000000000000 4079543f4aecb572 0000000000000000 0000000000000000 0000000000000000 4079543f4aecb572 0000000000000000 0000000000000000 0000000000000000 407fcf0216a64912 c000000000000000 bff0000000000000 0000000000000000 4010000000000000 4014000000000000 4010000000000000	ooooooooooooooooooooooooooooooooooooiiioooooooooooooooooiiiooiiiooiiioooooooooooooooooiiioooooooooooooooooooooooooooooooooooo
circle_labelled	405534ac0f19860c 405c463abeccb2bb 40106da9291119db bfd1fac85859438f 401822d0a6a31d1a 4070b55ddc6fcbc7 c03127bc17b89a76 404127bc17b89a76 c03127bc17b89a78 4071557b62a286be c046dfa574f6234c 404127bc17b89a78 c046dfa574f6234c 40759f6a6890ad5c 3fe9256d6eee6254 c00d12439f14bbf4 400960440bff9051 401db6a4a444676c 4008939188fe6b10 4021cabfa3a33906	oooooooooooooooooooooooooooooooooooooioooooooooooooooooooiooooiooooioooooooooooooooooooiooooooooooooooooooooooooooooooooooooo
holes_0	4092c00000000000 4090400000000000 400bd0e4e03671a6 c005168680489788 4019168680489788 40e5e6bdd7baf75f c0b497e8fd1fa3f4 40c497e8fd1fa3f4 c0b497e8fd1fa3f3 40e76726d4da9b54 c0cb7536a6d4da9d 40c497e8fd1fa3f3 c0cb7536a6d4da9d 40f0d98da9b536a7 c019ec737a504522 c02b46dd1e82459c c00288014d6012cc 402adeac2d435b64 4020bb99de5df9d8 402db886d3a09c3a	ooooooooooooooooooooooooooooooooioooooooooooooooooooooooooooooioooooooooooooooooooooooooooooioooooooooooooooooooooooooooooooo
holes_1	4092900000000000 4090800000000000 400c32f58eb3603f c004ab4d16f15c2e 40191ef1b9e6f9a2 40e5bb7875d86d7a c0b36ec1cf3978f9 40c4aff7f2b2cefd c0b36ec1cf3978fa 40e742964127dea4 c0cb5c8b45dd3dfc 40c4aff7f2b2cefe c0cb5c8b45dd3dfc 40f0b396b403bae9 c019ec737a504522 c02b46dd1e82459c c00288014d6012cc 402adeac2d435b64 4020bb99de5df9d8 402db886d3a09c3a	ooooooooooooooooooooooooooooooooioooooooooooooooooooooooooooooioooooooooooooooooooooooooooooioooooooooooooooooooooooooooooooo
holes_2	40923b2d4fc399e8 4090b88c757d9966 400b844be75c73e8 c0056a46ea078df6 40190ff31481b980 40e56f3d5bb722a2 c0b167721dcce8ce 40c4d95234eddfdd c0b167721dcce8cc 40e70203d2108fd5 c0cb30a1538d8762 40c4d95234eddfdb c0cb30a1538d8762 40f070c9a79d45b8 c019ec737a504522 c02b46dd1e82459c c00288014d6012cc 402adeac2d435b64 4020bb99de5df9d8 402db886d3a09c3a	ooooooooooooooooooooooooooooooooioooooooooooooooooooooooooooooioooooooooooooooooooooooooooooioooooooooooooooooooooooooooooooo
holes_3	40920b2d4fc399e8 4090f88c757d9966 400b1e9d94361c1a c0051b1af7e1681a 401936cec0a2736c 40e5447dd2267fd0 c0b23fa1393cbc8a 40c47038a688bed9 c0b23fa1393cbc8a 40e6c9b186ddf8c5 c0cadf2ba24ae80b 40c47038a688bed9 c0cadf2ba24ae80b 40f05469d8bd77c9 c019ec737a504522 c02b46dd1e82459c c00288014d6012cc 402adeac2d435b64 4020bb99de5df9d8 402db886d3a09c3a	ooooooooooooooooooooooooooooooooioooooooooooooooooooooooooooooioooooooooooooooooooooooooooooioooooooooooooooooooooooooooooooo
holes_3_labelled	40920b2d4fc399e8 4090f88c757d9966 400b1e9d94361c1a c0051b1af7e1681a 401936cec0a2736c 40e5447dd2267fd0 c0b23fa1393cbc8a 40c47038a688bed9 c0b23fa1393cbc8a 40e6c9b186ddf8c5 c0cadf2ba24ae80b 40c47038a688bed9 c0cadf2ba24ae80b 40f05469d8bd77c9 c019ec737a504522 c02b46dd1e82459c c00288014d6012cc 402adeac2d435b64 4020bb99de5df9d8 402db886d3a09c3a	ooooooooooooooooooooooooooooooooioooooooooooooooooooooooooooooioooooooooooooooooooooooooooooioooooooooooooooooooooooooooooooo
holes_3_reversed_direction	40920b2d4fc399e8 4090f88c757d9966 400b1e9d94361c1a c0051b1af7e1681a 401936cec0a2736c 40e5447dd2267fd0 c0b23fa1393cbc8a 40c47038a688bed9 c0b23fa1393cbc8a 40e6c9b186ddf8c5 c0cadf2ba24ae80b 40c47038a688bed9 c0cadf2ba24ae80b 40f05469d8bd77c9 c019ec737a504522 c02b46dd1e82459c c00288014d6012cc 402adeac2d435b64 4020bb99de5df9d8 402db886d3a09c3a	ooooooooooooooooooooooooooooooooioooooooooooooooooooooooooooooioooooooooooooooooooooooooooooioooooooooooooooooooooooooooooooo
clockwise_labelled	40811a419cff02f5 4084e627e7958d70 bcd0000000000000 0000000000000000 3ff0000000000000 40c7b9aacd22a473 bd48e88e9926d4ad 0000000000000000 bd48e88e9926d4ad 40c7b9aacd22a471 0000000000000000 0000000000000000 0000000000000000 40d75e7419dd5462 c02204f5ea1f19c7 c0237fa1835791e2 0000000000000000 4024000000000000 40237fa1835791e2 4000000000000000	ooooooooooooooooooooooooooooooooooooiiioooooooooooooooooiiiooiiiooiiioooooooooooooooooiiioooooooooooooooooooooooooooooooooooo
clockwise_closing_point	40811a419cff02f5 4084e627e7958d70 bcd0000000000000 0000000000000000 3ff0000000000000 40c7b9aacd22a473 bd48e88e9926d4ad 0000000000000000 bd48e88e9926d4ad 40c7b9aacd22a471 0000000000000000 0000000000000000 0000000000000000 40d75e7419dd5462 c02204f5ea1f19c7 c0237fa1835791e2 0000000000000000 4024000000000000 40237fa1835791e2 4000000000000000	ooooooooooooooooooooooooooooooooooooiiioooooooooooooooooiiiooiiiooiiioooooooooooooooooiiioooooooooooooooooooooooooooooooooooo
labels_absent	40703cec0423bcec 40821cec0423bcec 3ce0000000000000 3cc5054b670a7798 3fe0000000000000 40b53a4f356962f9 bd42d5e01265f253 0000000000000000 bd42d5e01265f253 40b53a4f356962fa 0000000000000000 0000000000000000 0000000000000000 40c524a8a563ddfe c024000000000000 c021520cd1372fea 0000000000000000 4024000000000000 4021520cd1372feb 3ff0000000000000	ooooooooooooooooooooooooooooooooooooiiioooooooooooooooooiiiooiiiooiiioooooooooooooooooiiioooooooooooooooooooooooooooooooooooo
labels_present	40703cec0423bcec 40821cec0423bcec 3ce0000000000000 3cc5054b670a7798 3fe0000000000000 40b53a4f356962f9 bd42d5e01265f253 0000000000000000 bd42d5e01265f253 40b53a4f356962fa 0000000000000000 0000000000000000 0000000000000000 40c524a8a563ddfe c024000000000000 c021520cd1372fea 0000000000000000 4024000000000000 4021520cd1372feb 3ff0000000000000	ooooooooooooooooooooooooooooooooooooiiioooooooooooooooooiiiooiiiooiiioooooooooooooooooiiioooooooooooooooooooooooooooooooooooo
labels_permuted	40703cec0423bcec 40821cec0423bcec 3ce0000000000000 3cc5054b670a7798 3fe0000000000000 40b53a4f356962f9 bd42d5e01265f253 0000000000000000 bd42d5e01265f253 40b53a4f356962fa 0000000000000000 0000000000000000 0000000000000000 40c524a8a563ddfe c024000000000000 c021520cd1372fea 0000000000000000 4024000000000000 4021520cd1372feb 3ff0000000000000	ooooooooooooooooooooooooooooooooooooiiioooooooooooooooooiiiooiiiooiiioooooooooooooooooiiioooooooooooooooooooooooooooooooooooo
labels_moved	40703cec0423bcec 40822f8158b5f821 3fdfffffffffffe0 bfcffffffffffff0 3fe0000000000000 40ab3b8126f144d7 3d516857f98f84c8 0000000000000000 3d516857f98f84c8 40c08f770938c7ed 0000000000000000 0000000000000000 0000000000000000 40c748b0c2ef9427 c028000000000000 c01cb67ae8584caa 0000000000000000 402a000000000000 401ab67ae8584cac 3ff0000000000000	ooooooooooooooooooooooooooooooooooooiiioooooooooooooooooiiiooiiiooiiioooooooooooooooooiiioooooooooooooooooooooooooooooooooooo
labels_inserted_vertex	40703cec0423bcec 40821cec0423bcec 0000000000000000 3cc3b4f6b099d01e 3fe0000000000000 40b53a4f356962f9 bd40f3b0108ef3af 0000000000000000 bd40f3b0108ef3af 40b53a4f356962f9 0000000000000000 0000000000000000 0000000000000000 40c524a8a563ddfd c024000000000000 c021520cd1372fea 0000000000000000 4024000000000000 4021520cd1372feb 3ff0000000000000	ooooooooooooooooooooooooooooooooooooiiioooooooooooooooooiiiooiiiooiiioooooooooooooooooiiioooooooooooooooooooooooooooooooooooo
transformed_copy	407db873bed0bb02 408288aeb6474927 400a8b4340244bc4 c0036459aadb0fb0 40176459aadb0fb0 40c3f4e4c438cf2a c092f15b1f96a7c6 40a2f15b1f96a7c4 c092f15b1f96a7c6 40c5567e13dbcb65 c0a941ced4c8dfb2 40a2f15b1f96a7c4 c0a941ced4c8dfb2 40cecf2ba3a71f48 c012ae4d4a6d3355 c025d48065141c39 bfc0eb5c940f5520 402a3bdb5d3a4873 401bc8acfce1e0f9 4027405e00addaf0	ooooooooooooooooooooooooooooooooioooooooooooooooooooooooioooooioooooioooooooooooooooooooooooooooooooooooooooooooooooooooooooo
transformed_copy@0	407db873bed0bb02 408288aeb6474927 401ae9f9581ccbd4 3ff85ce22a4e694a 40071a9b45b46c1e 40d033db4c6164ef 4095ece0639cb32c 40a948ebe6897aad 4095ece0639cb32c 40c2b572ab756966 40837ca2f613d4d6 40a948ebe6897aab 40837ca2f613d4da 40c4fd653783868f 4000757ff5856208 c020be9b4381cee8 c015449b9577b52c 4027ede3bf9909f9 4024f99696f345cb 4028da5f5c2e59c3	ooooooooooooooooooooooooooooooooooooooiooooooooooooooooooiooooioooioooooooooooooooooooooooooooooooooooooooooooooooooooooooooo
transformed_copy@1	407db873bed0bb02 408288aeb6474927 4030ba7e560732f5 c0327a31dd5b196c 404071a9b45b46c2 40d033db4c6164ef 4095ece0639cb32c 40a948ebe6897aae 4095ece0639cb32c 40c2b572ab756966 40837ca2f613d4ce 40a948ebe6897aac 40837ca2f613d4d2 40c4fd653783868e 40281d5ffd615883 c03c5f4da1c0e775 4038aed91aa212b5 4035f6f1dfcc84fd c0230669690cba35 40453697d70b9671	ooooooooooooooooooooooooooooooooooooooiooooooooooooooooooiooooioooioooooooooooooooooooooooooooooooooooooooooooooooooooooooooo
transformed_copy@2	407db873bed0bb02 408288aeb6474927 4030ba7e560732f5 40413e260ebc9c53 c02e94660c10b924 40d033db4c6164ef 408966032e465de3 c0aad15099b80a3c 408966032e465de1 40c25b9df0bfe7c3 c077f135013a9b6a c0aad15099b80a3a c077f135013a9b6a 40c55739f2390834 40281d5ffd615882 4038a5f2134b1ac3 c037c589ef154138 4035f6f1dfcc84fd 4045d533fe6bfec3 c017aba78ef6e2e0	ooooooooooooooooooooooooooooooooooooiooooooooooooooooooooiooooiooooiooooooooooooooooooooioooooooooooooooooooooooooooooooooooo
box_ppp	405e000000000000 4062800000000000 4008000000000000 4012000000000000 4018000000000000 4083100000000000 0000000000000000 0000000000000000 0000000000000000 4080400000000000 0000000000000000 0000000000000000 0000000000000000 4079a00000000000 3ff0000000000000 4000000000000000 4008000000000000 4014000000000000 401c000000000000 4022000000000000	oooooooooooooooooooooooooooooooiiiooiiiooiiiooooooooooooiiiooiiiooiiiooooooooooooiiiooiiiooiiiooooooooooooooooooooooooooooooo
box_ppn	405e000000000000 4062800000000000 4008000000000000 4012000000000000 0000000000000000 4083100000000000 0000000000000000 0000000000000000 0000000000000000 4080400000000000 0000000000000000 0000000000000000 0000000000000000 4079a00000000000 3ff0000000000000 4000000000000000 c008000000000000 4014000000000000 401c000000000000 4008000000000000	oooooooooooooooooooooooooooooooiiiooiiiooiiiooooooooooooiiiooiiiooiiiooooooooooooiiiooiiiooiiiooooooooooooooooooooooooooooooo
box_pnp	405e000000000000 4062800000000000 4008000000000000 bfe0000000000000 4018000000000000 4083100000000000 0000000000000000 0000000000000000 0000000000000000 4080400000000000 0000000000000000 0000000000000000 0000000000000000 4079a00000000000 3ff0000000000000 c008000000000000 4008000000000000 4014000000000000 4000000000000000 4022000000000000	oooooooooooooooooooooooooooooooiiiooiiiooiiiooooooooooooiiiooiiiooiiiooooooooooooiiiooiiiooiiiooooooooooooooooooooooooooooooo
box_pnn	405e000000000000 4062800000000000 4008000000000000 bfe0000000000000 0000000000000000 4083100000000000 0000000000000000 0000000000000000 0000000000000000 4080400000000000 0000000000000000 0000000000000000 0000000000000000 4079a00000000000 3ff0000000000000 c008000000000000 c008000000000000 4014000000000000 4000000000000000 4008000000000000	oooooooooooooooooooooooooooooooiiiooiiiooiiiooooooooooooiiiooiiiooiiiooooooooooooiiiooiiiooiiiooooooooooooooooooooooooooooooo
box_npp	405e000000000000 4062800000000000 bff0000000000000 4012000000000000 4018000000000000 4083100000000000 0000000000000000 0000000000000000 0000000000000000 4080400000000000 0000000000000000 0000000000000000 0000000000000000 4079a00000000000 c008000000000000 4000000000000000 4008000000000000 3ff0000000000000 401c000000000000 4022000000000000	oooooooooooooooooooooooooooooooiiiooiiiooiiiooooooooooooiiiooiiiooiiiooooooooooooiiiooiiiooiiiooooooooooooooooooooooooooooooo
box_npn	405e000000000000 4062800000000000 bff0000000000000 4012000000000000 0000000000000000 4083100000000000 0000000000000000 0000000000000000 0000000000000000 4080400000000000 0000000000000000 0000000000000000 0000000000000000 4079a00000000000 c008000000000000 4000000000000000 c008000000000000 3ff0000000000000 401c000000000000 4008000000000000	oooooooooooooooooooooooooooooooiiiooiiiooiiiooooooooooooiiiooiiiooiiiooooooooooooiiiooiiiooiiiooooooooooooooooooooooooooooooo
box_nnp	405e000000000000 4062800000000000 bff0000000000000 bfe0000000000000 4018000000000000 4083100000000000 0000000000000000 0000000000000000 0000000000000000 4080400000000000 0000000000000000 0000000000000000 0000000000000000 4079a00000000000 c008000000000000 c008000000000000 4008000000000000 3ff0000000000000 4000000000000000 4022000000000000	oooooooooooooooooooooooooooooooiiiooiiiooiiiooooooooooooiiiooiiiooiiiooooooooooooiiiooiiiooiiiooooooooooooooooooooooooooooooo
box_nnn	405e000000000000 4062800000000000 bff0000000000000 bfe0000000000000 0000000000000000 4083100000000000 0000000000000000 0000000000000000 0000000000000000 4080400000000000 0000000000000000 0000000000000000 0000000000000000 4079a00000000000 c008000000000000 c008000000000000 c008000000000000 3ff0000000000000 4000000000000000 4008000000000000	oooooooooooooooooooooooooooooooiiiooiiiooiiiooooooooooooiiiooiiiooiiiooooooooooooiiiooiiiooiiiooooooooooooooooooooooooooooooo
corpus_0	3de473eed74236c4 3ebb25f35b4b5629 bf2651ee4bc01ade bf5ef913ee9fa0c7 bf441b5b004090e0 3c60d1808c24f3aa bc1206a0970e234c 3c3324fc6f1787c8 bc1206a0970e234c 3c61890acf197e91 3c28ff82e876ab74 3c3324fc6f1787c6 3c28ff82e876ab76 3c5e179c2358b3ae bf429357332c9271 bf62bc2b4683b816 bf50bdb735c48088 3f318ffe365b7e29 bf58c7dddef02b13 bf299dca54fed746	oooooooooooooooooooooooooooooooooooooioooooooooooooooooooooooiiioooioooooooooooooooooooiooooooooooooooooooooooooooooooooooooo
corpus_0@0	3de473eed74236c4 3ebb25f35b4b5629 bf51c3d09240f343 3f3166af7986aa0a bf5b16125cfca11a 3c6163921f0f7376 3c2e5146e72cc90c 3c29953e090ad462 3c2e5146e72cc90c 3c5f376ae40912a6 bc2c8ceb916ea13c 3c29953e090ad45e bc2c8ceb916ea134 3c606711dbd6cf4b bf57ec6d5ba2efd7 bf266f998923e203 bf61029fb723cb73 bf46cb4133ee5031 3f477898393767bf bf54544cbc4d6749	oooooooooooooooooooooooooooooooooooooioooooooooooooooooooiooooiioooioooooooooooooooooooiooooooooooooooooooooooooooooooooooooo
corpus_0@1	3de473eed74236c4 3ebb25f35b4b5629 3f6f1e17b6df865e bf8374ca8433caaf 3f773a7b68c0d7b9 3c6163921f0f7376 3c2e5146e72cc904 3c29953e090ad462 3c2e5146e72cc904 3c5f376ae40912a8 bc2c8ceb916ea140 3c29953e090ad45e bc2c8ceb916ea13c 3c606711dbd6cf4b 3f6c09c9522e8815 bf8459be66248f88 3f757eb0246e1a46 3f712697d98235fa bf8288767c6c8984 3f78eaecd0eca62d	oooooooooooooooooooooooooooooooooooooioooooooooooooooooooiooooiioooioooooooooooooooooooiooooooooooooooooooooooooooooooooooooo
corpus_0_alternate	3de473eed74236c4 3ebb25f35b4b5629 bf2651ee4bc01ade bf5ef913ee9fa0c7 bf441b5b004090e0 3c60d1808c24f3aa bc1206a0970e234c 3c3324fc6f1787c8 bc1206a0970e234c 3c61890acf197e91 3c28ff82e876ab74 3c3324fc6f1787c6 3c28ff82e876ab76 3c5e179c2358b3ae bf429357332c9271 bf62bc2b4683b816 bf50bdb735c48088 3f318ffe365b7e29 bf58c7dddef02b13 bf299dca54fed746	oooooooooooooooooooooooooooooooooooooioooooooooooooooooooooooiiioooioooooooooooooooooooiooooooooooooooooooooooooooooooooooooo
corpus_1	3e0b28817f0d3fbc 3ed737767995236a 3f64a5dbf6594069 bf64777b70529daa bf59bf95cabfa303 3ca0aa2129188f32 bc120d999ff083c0 3c08d16be5e3b600 bc120d999ff083c0 3ca09c2be28e1e4f bc094a229e78bc80 3c08d16be5e3b600 bc094a229e78bc00 3ca09eecdf3478b1 3f5de71397449f83 bf6970633b6b315e bf6297ce815d2dbf 3f6adea4f1631f9a bf5e02f77a5f2d8d bf4d1de21eff6fb6	oooooooooooooooooooooooooooooooooooooioooooooooooooooooooioooioioooioooooooooooooooooooiooooooooooooooooooooooooooooooooooooo
corpus_1@0	3e0b28817f0d3fbc 3ed737767995236a bf196c1bb074a954 3f4512d3f8eabfcf 3f6f589c03ee40a3 3ca0997fc382decc bbdff686a21c1000 3bf9684a184fba00 bbdff686a21c1000 3ca0abed33cff331 3c1585ae190aa080 3bf9684a184fb800 3c1585ae190aa040 3ca09fccf3885434 bf4b8700c995e600 bee081f4ae9e22d0 3f69aa19db461151 3f46576db267f44f 3f5687c843a59fbe 3f727cf1d88439a0	oooooooooooooooooooooooooooooooooooooioooooooooooooooooooioooioioooioooooooooooooooooooiooooooooooooooooooooooooooooooooooooo
corpus_1@1	3e0b28817f0d3fbc 3ed737767995236a 3f83cd27c89f16ae bf9357696038aa02 3f92eb13807dc814 3ca0997fc382decc bbdff686a21c1000 3bf9684a184fba00 bbdff686a21c1000 3ca0abed33cff331 3c1585ae190aa080 3bf9684a184fb800 3c1585ae190aa040 3ca09fccf3885434 3f82478ff366a1a0 bf9402103e95d3c4 3f9235433b68c22b 3f856576db267f45 bf9297837bc5a604 3f939f3c76210e68	oooooooooooooooooooooooooooooooooooooioooooooooooooooooooioooioioooioooooooooooooooooooiooooooooooooooooooooooooooooooooooooo
corpus_1_alternate	3e0b28817f0d3fbd 3ed737767995236b 3f64a5dbf6594069 bf64777b70529daa bf59bf95cabfa303 3ca0aa2129188f32 bc120d999ff08400 3c08d16be5e3b700 bc120d999ff08440 3ca09c2be28e1e50 bc094a229e78ba80 3c08d16be5e3b700 bc094a229e78bb00 3ca09eecdf3478b1 3f5de71397449f83 bf6970633b6b315e bf6297ce815d2dbf 3f6adea4f1631f9a bf5e02f77a5f2d8d bf4d1de21eff6fb6	oooooooooooooooooooooooooooooooooooooioooooooooooooooooooioooioioooioooooooooooooooooooiooooooooooooooooooooooooooooooooooooo
corpus_2	3e39b0d5fdcd8a36 3ef44c364e8fa73a 3f3365c530667fe2 bf66327a225144fa 3f75bd31168675e8 3cef75f1f9a8bf9d bcb302b7337c6bd6 3cb2374d63c47183 bcb302b7337c6bd8 3cec45381221b9da 3ca02d3b99b497e0 3cb2374d63c47185 3ca02d3b99b497e0 3cedce7127c425b8 bf4f43f1e7a258ab bf70e89418b29e67 3f7020a30be68204 3f581dcb44d3eca1 bf556aac327fb65e 3f7bcb3a6672d9b4	oooooooooooooooooooooooooooooooooooooooooooooooooooooooooioooiiioooiooooooooooooooooooooooooioooooooooooooooooooooooooooooooo
corpus_2@0	3e39b0d5fdcd8a36 3ef44c364e8fa73a bf5bf01b95cdaf40 3f5dcf848427c7a3 3f763398d7177067 3cee4422c4f6a456 3c827c9836ab5b80 3cb5137c9dc82b7f 3c827c9836ab5b60 3cee916d0aebbd4e 3cb43266decda30c 3cb5137c9dc82b7d 3cb43266decda30a 3cecb40b63ac3d85 bf6a342229440d7e 3f37bc5b9fe42506 3f71cc988871eaca bf30441a1892f7fa 3f6a78b2f7ca2720 3f7b42eb984f28e4	oooooooooooooooooooooooooooooooooooooioooooooooooooooooooioooiiiooiiooooooooooooooooooiiooooooooooooooooooooooooooooooooooooo
corpus_2@1	3e39b0d5fdcd8a36 3ef44c364e8fa73a 3f9240fe46a3250b bfa31183dbdec1c3 3fa1c6731ae2ee0e 3cee4422c4f6a456 3c827c9836ab5b80 3cb5137c9dc82b7f 3c827c9836ab5b60 3cee916d0aebbd4e 3cb43266decda30c 3cb5137c9dc82b7d 3cb43266decda30a 3cecb40b63ac3d85 3f90b97bbad77e50 bfa3d08748c037b7 3fa13993110e3d59 3f93beef979db420 bfa25874d0835d8e 3fa2685d7309e51c	oooooooooooooooooooooooooooooooooooooioooooooooooooooooooioooiiiooiiooooooooooooooooooiiooooooooooooooooooooooooooooooooooooo
corpus_2_alternate	3e39b0d5fdcd8a36 3ef44c364e8fa73a 3f3365c530667fe4 bf66327a225144fa 3f75bd31168675e8 3cef75f1f9a8bf9b bcb302b7337c6bd8 3cb2374d63c47181 bcb302b7337c6bd9 3cec45381221b9d9 3ca02d3b99b497d8 3cb2374d63c47181 3ca02d3b99b497e0 3cedce7127c425b8 bf4f43f1e7a258ab bf70e89418b29e67 3f7020a30be68204 3f581dcb44d3eca1 bf556aac327fb65e 3f7bcb3a6672d9b4	oooooooooooooooooooooooooooooooooooooooooooooooooooooooooioooiiioooiooooooooooooooooooooooooioooooooooooooooooooooooooooooooo
corpus_3	3e691a5dfef6550a 3f175f0cd59a6802 3f8cc5087c7086f0 bf85ec6076aafdb0 bf93e4231ec36ceb 3d3eccc71b7d0384 bcd5930c2a376450 3cfe10eeec0116ec bcd5930c2a376450 3d3d4eac9fff3c22 3d03c5f377525a64 3cfe10eeec0116e8 3d03c5f377525a60 3d3f20f2db7cba34 3f86e077197d9a8c bf8c53762a3d98c1 bf9695705e9f4be6 3f9196aa1cc13c91 bf7f7b1eb8eb00df bf90e9ebd713f210	oooooooooooooooooooooooooooooooooooooioooooooooooooooooooioooioooooioooooooooooooooooooiooooooooooooooooooooooooooooooooooooo
corpus_3@0	3e691a5dfef6550a 3f175f0cd59a6802 3f869a7f82f6f43f bf95f3368baf3920 bf854794faa27673 3d3ebce9c3ebfa3c 3cecdd8c88387c27 bcf34ec148cc5f64 3cecdd8c88387c2f 3d407c65f949092a bceee6e44efd4310 bcf34ec148cc5f64 bceee6e44efd4314 3d3b86b0e07aed4f 3f811e08b5c7c891 bf9840369ea43ef0 bf8ad7fd43b66706 3f8cc2a85505d398 bf936ef57c805074 bf7f928fe0aa6a16	oooooooooooooooooooooooooooooooooooooooooooooooooooooooooioooioioooooooooooooooooooooooiooooooooooooooooooooooooooooooooooooo
corpus_3@1	3e691a5dfef6550a 3f175f0cd59a6802 3fa9a69fe0bdbd0f bfb97ccda2ebce48 3fa8ae1ac1576264 3d3ebce9c3ebfa3c 3cecdd8c88387c27 bcf34ec148cc5f64 3cecdd8c88387c2f 3d407c65f949092a bceee6e44efd4310 bcf34ec148cc5f64 bceee6e44efd4314 3d3b86b0e07aed4f 3fa847822d71f224 bfba100da7a90fbd 3fa74a00af12663e 3fab30aa154174e7 bfb8dbbd5f20141d 3faa0dae03eab2bd	oooooooooooooooooooooooooooooooooooooooooooooooooooooooooioooioioooooooooooooooooooooooiooooooooooooooooooooooooooooooooooooo
corpus_3_alternate	3e691a5dfef6550a 3f175f0cd59a6802 3f8cc5087c7086f0 bf85ec6076aafdaf bf93e4231ec36ceb 3d3eccc71b7d0384 bcd5930c2a376460 3cfe10eeec0116e8 bcd5930c2a376460 3d3d4eac9fff3c22 3d03c5f377525a64 3cfe10eeec0116e4 3d03c5f377525a60 3d3f20f2db7cba34 3f86e077197d9a8c bf8c53762a3d98c1 bf9695705e9f4be6 3f9196aa1cc13c91 bf7f7b1eb8eb00df bf90e9ebd713f210	oooooooooooooooooooooooooooooooooooooioooooooooooooooooooioooioooooioooooooooooooooooooiooooooooooooooooooooooooooooooooooooo
corpus_4	3ea24a9ec88b801f 3f395b282213cc2e 3f8f52f160c3a834 3f9122c4dd92413d 3f883968c1f74f64 3d9c50e16d69cd4e 3d5465bb590daa23 bd57cf5453a978ce 3d5465bb590daa23 3d9c9d1d8973cb2a bd70558322c9b5bc bd57cf5453a978ce bd70558322c9b5bc 3d996ddbdd89ae8a 3f843a8b592bd63b 3f859a1f3e59457c 3f75df4d19afb816 3f94ba081def6357 3f97baeb8d225966 3f928aab7605231f	oooooooooooooooooooooooooooooooooooooioooooooooooooooooooioooiiioooioooooooooooooooooooiioooooooooooooooooooooooooooooooooooo
corpus_4@0	3ea24a9ec88b801f 3f395b282213cc2e 3f8cc38afaa0e7eb 3f91099625166592 3f8b75f6849f58e2 3d9be2ff16508e19 3d515566e24a2578 bd508bbe6e5ed6dc 3d515566e24a2576 3d9e087b63330fb5 bd6d492a53ed8330 bd508bbe6e5ed6dc bd6d492a53ed8330 3d9870605ae3a930 3f81ad7878add168 3f863eb691a0b428 3f7d84c98db929d8 3f93a9dcb44c0b7f 3f97534d0cccd2be 3f93f2b6f48c7535	ooooooooooooooooooooooooooooooooooooiioooooooooooooooooooioooiiioooioooooooooooooooooooiioooooooooooooooooooooooooooooooooooo
corpus_4@1	3ea24a9ec88b801f 3f395b282213cc2e 3fb798715f541cfd bfc1decd3b5d334e 3fc0b75f6849f58f 3d9be2ff16508e19 3d515566e24a2578 bd508bbe6e5ed6dc 3d515566e24a2576 3d9e087b63330fb5 bd6d492a53ed8330 bd508bbe6e5ed6dc bd6d492a53ed8330 3d9870605ae3a930 3fb635af0f15ba2d bfc29c1496e5f4bd 3fbfd84c98db929e 3fb8ea772d1302e0 bfc115965e6665a9 3fc17e56de918ea7	ooooooooooooooooooooooooooooooooooooiioooooooooooooooooooioooiiioooioooooooooooooooooooiioooooooooooooooooooooooooooooooooooo
corpus_4_alternate	3ea24a9ec88b801d 3f395b282213cc2d 3f8f52f160c3a834 3f9122c4dd92413d 3f883968c1f74f64 3d9c50e16d69cd4c 3d5465bb590daa21 bd57cf5453a978ca 3d5465bb590daa22 3d9c9d1d8973cb28 bd70558322c9b5b8 bd57cf5453a978ca bd70558322c9b5b8 3d996ddbdd89ae88 3f843a8b592bd63b 3f859a1f3e59457c 3f75df4d19afb816 3f94ba081def6357 3f97baeb8d225966 3f928aab7605231f	oooooooooooooooooooooooooooooooooooooioooooooooooooooooooioooiiioooioooooooooooooooooooiioooooooooooooooooooooooooooooooooooo
corpus_5	3ecd7ce07e62bbae 3f58c73f0ec107fc 3fb1ed18bd8a386b bfb018380af96c80 3f9e65250a4e3e84 3de1f4d1086ec93d 3d8eb83822e35f20 bd5b4f0e4137cc00 3d8eb83822e35f30 3de3eb7b596b606e 3da59817bd7c6260 bd5b4f0e4137cc80 3da59817bd7c6268 3de47078ea47b17f 3fae4f6254367b60 bfb315ef787849ff 3f925b09f1ceb999 3fb50deea87c7a6f bfa9dce599d04478 3fa5079589401a08	oooooooooooooooooooooooooooooooooooooiiooooooooooooooooooioooioioooioooooooooooooooooooiooooooooooooooooooooooooooooooooooooo
corpus_5@0	3ecd7ce07e62bbae 3f58c73f0ec107fc bfaf77a9234cfe7c 3fb2b085595a896e 3f99b2ddcdb37281 3de3037e8ef12fc6 3d8f780baebc0990 bd8d58a260fe2660 3d8f780baebc09a8 3de23d72819b5dce bda177a5cd06e9d3 bd8d58a260fe2670 bda177a5cd06e9d1 3de50fd43b954d98 bfb27411ab644b54 3fafc503bba32a69 3f8dce3735086bcc bfa9c44b1b4bb782 3fb58829ab3a43ae 3fa203de018db029	oooooooooooooooooooooooooooooooooooooiooooiooooooooooooooioooooooooioooooooooooooooooooiooooooooooooooooooooooooooooooooooooo
corpus_5@1	3ecd7ce07e62bbae 3f58c73f0ec107fc 3fb8442b6e5980c2 bfcea7bd5352bb48 3fd09b2ddcdb3727 3de3037e8ef12fc6 3d8f780baebc0998 bd8d58a260fe2680 3d8f780baebc09b0 3de23d72819b5dce bda177a5cd06e9d3 bd8d58a260fe2680 bda177a5cd06e9d1 3de50fd43b954d98 3fb58bee549bb4ac bfd0075f888b9ab2 3fcfdce3735086bc 3fbb1dda725a2440 bfcd3beb2a62de28 3fd1407bc031b606	oooooooooooooooooooooooooooooooooooooiooooiooooooooooooooioooooooooioooooooooooooooooooiooooooooooooooooooooooooooooooooooooo
corpus_5_alternate	3ecd7ce07e62bbae 3f58c73f0ec107fc 3fb1ed18bd8a386b bfb018380af96c80 3f9e65250a4e3e84 3de1f4d1086ec93d 3d8eb83822e35f00 bd5b4f0e4137cd00 3d8eb83822e35f10 3de3eb7b596b606e 3da59817bd7c6268 bd5b4f0e4137cd80 3da59817bd7c6270 3de47078ea47b17f 3fae4f6254367b60 bfb315ef787849ff 3f925b09f1ceb999 3fb50deea87c7a6f bfa9dce599d04478 3fa5079589401a08	oooooooooooooooooooooooooooooooooooooiiooooooooooooooooooioooioioooioooooooooooooooooooiooooooooooooooooooooooooooooooooooooo
corpus_6	3ef5a0e6bad37686 3f71f6d69a9496ed 3f987b26a690fe69 3fac539f4f0a660a 3f952eebf1910616 3e25e034993dc444 3dea1e93a6cf5d7a 3ddeae9a55ee05c0 3dea1e93a6cf5d7a 3e24e4d597489390 bde0944b5380d43a 3ddeae9a55ee05b8 bde0944b5380d436 3e27748c40b3a38b 3f6c5af1f19ea8a8 3fa2b8ef98763c1a 3f64bfe6fd080780 3fa61ed8d12315a2 3fb343497e285142 3fa3b4d78c4bd183	oooooooooooooooooooooooooooooooooooooiooooooooooooooooooiiooooiioooiioooooooooooooiooooiooooooooooooooooooooooooooooooooooooo
corpus_6@0	3ef5a0e6bad37686 3f71f6d69a9496ed 3f9f819655ea23cb bf9ae72ed33a4613 bfa93490a181b606 3e25f925ab438918 3df18709cd385e3e 3d910ed1bd07be00 3df18709cd385e3e 3e25061f361c993c 3dd1a8cbf8860260 3d910ed1bd07bd80 3dd1a8cbf8860240 3e273a518fd9d910 3f847843099461f8 bfa870265644491c bfb1ab96d758aa44 3fab251dc0ee1221 bf69c6e1c7f9df20 bf9e5fdd8cf9a8de	oooooooooooooooooooooooooooooooooooooioooooooooooooooooooioooiiioooioooooooooooooooooooiooooooooooooooooooooooooooooooooooooo
corpus_6@1	3ef5a0e6bad37686 3f71f6d69a9496ed 3fd5f819655ea23c bfe4d7397699d230 3fdad96debcfc940 3e25f925ab438918 3df18709cd385e3e 3d910ed1bd07be00 3df18709cd385e3e 3e25061f361c993c 3dd1a8cbf8860260 3d910ed1bd07bd80 3dd1a8cbf8860240 3e273a518fd9d910 3fd4a3c2184ca30f bfe5870265644492 3fd9951a4a29d56f 3fd764a3b81dc244 bfe419c6e1c7f9df 3fdc1a0227306573	oooooooooooooooooooooooooooooooooooooioooooooooooooooooooioooiiioooioooooooooooooooooooiooooooooooooooooooooooooooooooooooooo
corpus_6_alternate	3ef5a0e6bad37686 3f71f6d69a9496ed 3f987b26a690fe69 3fac539f4f0a660a 3f952eebf1910616 3e25e034993dc444 3dea1e93a6cf5d7c 3ddeae9a55ee05c0 3dea1e93a6cf5d7c 3e24e4d597489390 bde0944b5380d43a 3ddeae9a55ee05b8 bde0944b5380d438 3e27748c40b3a38b 3f6c5af1f19ea8a8 3fa2b8ef98763c1a 3f64bfe6fd080780 3fa61ed8d12315a2 3fb343497e285142 3fa3b4d78c4bd183	oooooooooooooooooooooooooooooooooooooiooooooooooooooooooiiooooiioooiioooooooooooooiooooiooooooooooooooooooooooooooooooooooooo
corpus_7	3f30de40351afbd5 3f9b7a85808b3d7b bfd22b17b19af977 3fb7e9195f5b0658 3fb257eed2c12d9b 3e87bc41417b73af 3e24f714691f21a8 3e1457c4fdeb69e0 3e24f714691f21a8 3e8817573f31f6e3 3e187be1904c0480 3e1457c4fdeb69e0 3e187be1904c04c0 3e882221b5d1c4fe bfd5367540d533ae 3fa594fa30570366 3f9570a5776ca551 bfcece1b2d050673 3fc298083c2a29ad 3fbe8249d92a5186	oooooooooooooooooooooooooooooooooooooooooooooooooooooooooooooioioooioooooooooooooooooooiooooooooooooooooooooooooooooooooooooo
corpus_7@0	3f30de40351afbd5 3f9b7a85808b3d7b bfb5c04a3d433a05 bfa122691d0de751 bfd2c7b775906ba5 3e8833f209038f16 3e1b9aef63c842c0 be237146d9da4d38 3e1b9aef63c842c0 3e8813cf4b6629a8 bdfe49c94378f500 be237146d9da4d28 bdfe49c94378f500 3e87adf8e21576d1 bfc15251f3ea2f73 bfb4437e9ee4bd66 bfd5eaec3d49a24c bfa1539b40421cd2 3f8cc1ff222ddbc3 bfcfc37e8e7c630a	oooooooooooooooooooooooooooooooooooooioooooooooooooooooooioooioioooiooooooooooooooooooooooooooooooooooooooooooooooooooooooooo
corpus_7@1	3f30de40351afbd5 3f9b7a85808b3d7b 3fe147f6b85798bf bff4891348e86f3c 3fe49c244537ca2e 3e8833f209038f16 3e1b9aef63c84300 be237146d9da4d28 3e1b9aef63c84300 3e8813cf4b6629a8 bdfe49c94378f480 be237146d9da4d18 bdfe49c94378f480 3e87adf8e21576d1 3fdf56d7060ae845 bff54437e9ee4bd6 3fe30a89e15b2eda 3fe2eac64bfbde33 bff3c67c01bba448 3fe60f205c60e73e	oooooooooooooooooooooooooooooooooooooioooooooooooooooooooioooioioooiooooooooooooooooooooooooooooooooooooooooooooooooooooooooo
corpus_7_alternate	3f30de40351afbd5 3f9b7a85808b3d7b bfd22b17b19af977 3fb7e9195f5b0658 3fb257eed2c12d9b 3e87bc41417b73af 3e24f714691f21a0 3e1457c4fdeb69c0 3e24f714691f21a0 3e8817573f31f6e3 3e187be1904c0480 3e1457c4fdeb69c0 3e187be1904c0480 3e882221b5d1c4fe bfd5367540d533ae 3fa594fa30570366 3f9570a5776ca551 bfcece1b2d050673 3fc298083c2a29ad 3fbe8249d92a5186	oooooooooooooooooooooooooooooooooooooooooooooooooooooooooooooioioooioooooooooooooooooooiooooooooooooooooooooooooooooooooooooo
corpus_8	3f5963c390cb88f4 3fb49ffd28ce69ba bfc8484d18b70363 bfc1a506ea7f1314 3f844beab24db826 3ecc6af7ffecf710 3e89ff7d5ab48ba0 3e8aa18e33ec3420 3e89ff7d5ab48ba0 3ecbc7867ff8e68f 3e5c6c4dbf683c40 3e8aa18e33ec3418 3e5c6c4dbf683c40 3ed05527d145c67f bfd2103004b2095e bfcbd005d8ca7171 bfb10e70172cbba5 bfba668d61c99d7b bfabcf504167d486 3fb5fe8b084cba9c	oooooooooooooooooooooooooooooooooooooioooooooooooooooooooiooooiooooiooooooooooooooooooooooooooooooooooooooooooooooooooooooooo
corpus_8@0	3f5963c390cb88f4 3fb49ffd28ce69ba bfc85fcdf9f419b6 bfc180674905dae3 3f8791d778df2ac9 3ecc618a60579121 3e8abbbfd9a16e52 3e88b4d09a001e98 3e8abbbfd9a16e52 3ecbc97792159351 3e69dd1985f23b80 3e88b4d09a001ea0 3e69dd1985f23b80 3ed058e618022317 bfd217b7a8d51739 bfcbdd1a1bc96bf6 bfb097171c01ba9a bfba9f6b79e9f329 bfaa71a51228f5e8 3fb66453c322149e	oooooooooooooooooooooooooooooooooooooioooooooooooooooooooiooooiooooiooooooooooooooooooooooooooooooooooooooooooooooooooooooooo
corpus_8@1	3f5963c390cb88f4 3fb49ffd28ce69ba 3ff0f40640c17cca c005180674905dae 3ffe2f23aef1be56 3ecc618a60579121 3e8abbbfd9a16e50 3e88b4d09a001e98 3e8abbbfd9a16e4f 3ecbc97792159351 3e69dd1985f23b70 3e88b4d09a001ea0 3e69dd1985f23b70 3ed058e618022317 3feef4242b957463 c005bdd1a1bc96c0 3ffcf68e8e3fe456 3ff25609486160ce c00469c69448a3d7 3fff66453c32214a	oooooooooooooooooooooooooooooooooooooioooooooooooooooooooiooooiooooiooooooooooooooooooooooooooooooooooooooooooooooooooooooooo
corpus_8_alternate	3f5963c390cb88f4 3fb49ffd28ce69ba bfc8484d18b70362 bfc1a506ea7f1315 3f844beab24db824 3ecc6af7ffecf710 3e89ff7d5ab48b9f 3e8aa18e33ec3420 3e89ff7d5ab48b9f 3ecbc7867ff8e68f 3e5c6c4dbf683c60 3e8aa18e33ec3418 3e5c6c4dbf683c40 3ed05527d145c67f bfd2103004b2095e bfcbd005d8ca7171 bfb10e70172cbba5 bfba668d61c99d7b bfabcf504167d486 3fb5fe8b084cba9c	oooooooooooooooooooooooooooooooooooooioooooooooooooooooooiooooiooooiooooooooooooooooooooooooooooooooooooooooooooooooooooooooo
corpus_9	3f92ca3c1e52ff19 3fde001cff00e2af 3fdea3de4da1abf2 bfda41e0ba4af94a 3fdd19e01cc2e7ca 3f2ea7bcb68cdca0 3ed8802f02216a3c 3ee08f32db53964e 3ed8802f02216a44 3f2f05e63f6d8597 bf0709a0e1a01db2 3ee08f32db539654 bf0709a0e1a01db2 3f2da8812b01e070 3fd2fb8cf704f7a7 bfe3917276d923b4 3fd01ac02932688c 3fe544e922f1c516 bfcb1f5266c51b84 3fe59cef0d300ce0	oooooooooooooooooooooooooooooooooooooioooooooooooooooooooioooioioooiooooooooooooooooooiiooooooooooooooooooooooooooooooooooooo
corpus_9@0	3f92ca3c1e52ff19 3fde001cff00e2af 3fe08f8204ec5cc4 bfd9de9364bf6dd6 3fdaa00910661f2f 3f2e9b69d1fb9fa9 3ed01f7639fb804c 3ee7a127dee21d84 3ed01f7639fb8044 3f2fedbfa5e94ac8 bf06105f947dac70 3ee7a127dee21d80 bf06105f947dac6c 3f2cccfaa9175834 3fd50f608098ec6f bfe325b05a60f495 3fcb0dbf201c8c4a 3fe69c70687477ee bfca591492116238 3fe45e3bf5e955fa	oooooooooooooooooooooooooooooooooooooioooooooooooooooooooooooioiooooooooooooooooooooooiiooooooooooooooooooooooooooooooooooooo
corpus_9@1	3f92ca3c1e52ff19 3fde001cff00e2af 400823e0813b1731 c0159de9364bf6dd 4010aa00910661f2 3f2e9b69d1fb9fa9 3ed01f7639fb804c 3ee7a127dee21d84 3ed01f7639fb8044 3f2fedbfa5e94ac8 bf06105f947dac70 3ee7a127dee21d80 bf06105f947dac6c 3f2cccfaa9175834 4006a1ec10131d8e c01664b60b4c1e92 400fb0dbf201c8c5 4009a71c1a1d1dfc c014d2c8a4908b12 40118bc77ebd2abf	oooooooooooooooooooooooooooooooooooooioooooooooooooooooooooooioiooooooooooooooooooooooiiooooooooooooooooooooooooooooooooooooo
corpus_9_alternate	3f92ca3c1e52ff19 3fde001cff00e2af 3fdea3de4da1abf3 bfda41e0ba4af94a 3fdd19e01cc2e7ca 3f2ea7bcb68cdca0 3ed8802f02216a3c 3ee08f32db53964e 3ed8802f02216a44 3f2f05e63f6d8597 bf0709a0e1a01db2 3ee08f32db539654 bf0709a0e1a01db2 3f2da8812b01e070 3fd2fb8cf704f7a7 bfe3917276d923b4 3fd01ac02932688c 3fe544e922f1c516 bfcb1f5266c51b84 3fe59cef0d300ce0	oooooooooooooooooooooooooooooooooooooioooooooooooooooooooioooioioooiooooooooooooooooooiiooooooooooooooooooooooooooooooooooooo
corpus_10	3fb4d9c25ef5a9cf 3ff2eee19327fd6e 3f9c43b16593d2d8 bfda387e664f2f44 3ff7cf4b492842c8 3f63d8453d0d9258 3f2258ba3e488eac 3f1955257ac7766c 3f2258ba3e488eac 3f670a2ff31556cd 3f3dbd35ff7a0074 3f1955257ac77668 3f3dbd35ff7a0078 3f67510668993462 bfd4013a591043e3 bfe78ed13b5deece 3ff225bb8e4f23b3 3fd76f2f3027a62e bfb45283de27dd79 3ffd0cc43dd4b698	oooooooooooooooooooooooooooooooooooooiooooooooooooooooooooooooiooooiooooooooooooooooooooooooooooooooooooooooooooooooooooooooo
corpus_10@0	3fb4d9c25ef5a9cf 3ff2eee19327fd6e bfa308f9f84afdcc bfd668ae9e7114ab 3ff80c6a73affcbd 3f63cac69a1c0707 3f206cddff801b98 3f13bcdb0e4eb7d4 3f206cddff801b98 3f6754a3c467b559 3f3e184d4d73b0e8 3f13bcdb0e4eb7d4 3f3e184d4d73b0ec 3f6714113a386126 bfd7e8b4d83974f4 bfe58b99582dc6fa 3ff26f722f4da20f 3fd35cdcd8844a1d bf96c75cef357be8 3ffd3ae1b4f6f771	oooooooooooooooooooooooooooooooooooooiooooooooooooooooooooooooioooooooooooooooooooooooooooooooooooooooooooooooooooooooooooooo
corpus_10@1	3fb4d9c25ef5a9cf 3ff2eee19327fd6e 4013d9ee0c0f6a04 c024b34574f388a5 4022018d4e75ff98 3f63cac69a1c0707 3f206cddff801b98 3f13bcdb0e4eb7d4 3f206cddff801b9a 3f6754a3c467b559 3f3e184d4d73b0e8 3f13bcdb0e4eb7d4 3f3e184d4d73b0ec 3f6714113a386126 40128174b27c68b1 c02558b99582dc70 40214dee45e9b443 401535cdcd8844a2 c0240b63ae779abe 4022a75c369edeee	oooooooooooooooooooooooooooooooooooooiooooooooooooooooooooooooioooooooooooooooooooooooooooooooooooooooooooooooooooooooooooooo
corpus_10_alternate	3fb4d9c25ef5a9cf 3ff2eee19327fd6e 3f9c43b16593d2d8 bfda387e664f2f44 3ff7cf4b492842c8 3f63d8453d0d9259 3f2258ba3e488eaa 3f1955257ac7766c 3f2258ba3e488eaa 3f670a2ff31556ce 3f3dbd35ff7a007c 3f1955257ac77668 3f3dbd35ff7a007c 3f67510668993463 bfd4013a591043e3 bfe78ed13b5deece 3ff225bb8e4f23b3 3fd76f2f3027a62e bfb45283de27dd79 3ffd0cc43dd4b698	oooooooooooooooooooooooooooooooooooooiooooooooooooooooooooooooiooooiooooooooooooooooooooooooooooooooooooooooooooooooooooooooo
corpus_11	3fe70f1cca993ae9 40162ff3d9922a90 c012b62c5852e106 4008186b44277e5c bfe5aefda4719f05 3fb870d67aef7782 bf6275a029387128 bf65ad0f9d79ed04 bf6275a029387128 3fb9c81258558c64 3f7f74f5c4da5500 bf65ad0f9d79ed08 3f7f74f5c4da5508 3fbd3aa1b182adb6 c01569a4d7e24a07 400204e9ce1c7f86 bff522f8d484161b c010024c0c612518 400e22abf349ff04 bfa0321a4f742fe0	oooooooooooooooooooooooooooooooooooooioooooooooooooooooooooooooooooioooooooooooooooooooiooooooooooooooooooooooooooooooooooooo
corpus_11@0	3fe70f1cca993ae9 40162ff3d9922a90 c00bdf79ceaa6d85 bfabc176a6ddf8a4 c0118f4d1f536e02 3fba9dea3f86ab67 3f6cc891ef6bfec4 bf84b3d6395138f8 3f6cc891ef6bfec0 3fb8b5f7e20ed024 bf62516a24176b10 bf84b3d6395138f8 bf62516a24176b10 3fbc1fa86332360d c010a776eb29f891 bfe5a5c1dbb3dc5c c014368a600044c0 c006425a27788b69 3fe35652a3885967 c00dcb42b2512ed8	ooooooooooooooooooooooooooooooooiooooiooooooooooooooooooiooooooioooioooooooooooooooooooiooooooooooooooooooooooooooooooooooooo
corpus_11@1	3fe70f1cca993ae9 40162ff3d9922a90 401a104318aac93d c0340de0bb536efd 40253859705648fe 3fba9dea3f86ab66 3f6cc891ef6bfec4 bf84b3d6395138fc 3f6cc891ef6bfec0 3fb8b5f7e20ed024 bf62516a24176b10 bf84b3d6395138fc bf62516a24176b10 3fbc1fa86332360c 4017588914d60770 c034ad2e0edd9ee4 4023e4bacfffdda0 401cded2ec43ba4c c033654d6ae3bd35 40268d2f536bb449	ooooooooooooooooooooooooooooooooiooooiooooooooooooooooooiooooooioooioooooooooooooooooooiooooooooooooooooooooooooooooooooooooo
corpus_11_alternate	3fe70f1cca993ae9 40162ff3d9922a90 c012b62c5852e106 4008186b44277e5c bfe5aefda4719f05 3fb870d67aef7782 bf6275a029387120 bf65ad0f9d79ed04 bf6275a029387120 3fb9c81258558c64 3f7f74f5c4da54f8 bf65ad0f9d79ed08 3f7f74f5c4da5500 3fbd3aa1b182adb6 c01569a4d7e24a07 400204e9ce1c7f86 bff522f8d484161b c010024c0c612518 400e22abf349ff04 bfa0321a4f742fe0	oooooooooooooooooooooooooooooooooooooioooooooooooooooooooooooooooooioooooooooooooooooooiooooooooooooooooooooooooooooooooooooo
corpus_12	401ab67c180130fd 4036958aaeab30f9 3fe92db21d2dc14e c010c470492eecc6 40157561c647ed51 400f78dfd2a6af26 bf792b42762b06e0 3fc66cebe1c2e0e8 bf792b42762b06c0 400e96d288ed3a91 3fa3a77f453caaac 3fc66cebe1c2e0f0 3fa3a77f453caaa4 4010803e9e815468 bfe98f8a4def366b c015eb6e6bf9148e 4010191527e0fb07 40016d9c3cc4ede3 c005e1a08811f562 401afcdbbcf31695	oooooooooooooooooooooooooooooooooooooioooooooooooooooooooiooooiioooioooooooooooooooooooiooooooooooooooooooooooooooooooooooooo
corpus_12@0	401ab67c180130fd 4036958aaeab30f9 bfb60c4ce256847a 4018afe160245024 c007d4178705e420 40100d7df9e0edf3 3fc9918c39d18b60 bfa7856b7a460434 3fc9918c39d18b58 40102a14fd9480f0 bf88fbddb24bc2a0 bfa7856b7a460430 bf88fbddb24bc260 400ea109a9abb4c3 bff959fa3024248d 4012675ea7ee9617 c011348759380585 3ff881daee01f2d8 401eb9753d3f0ea6 bffc03f7b64be43e	oooooooooooooooooooooooooooooooooooooiiooooooooooooooooooiooooiioooioooooooooooooooooooiooooooooooooooooooooooooooooooooooooo
corpus_12@1	401ab67c180130fd 4036958aaeab30f9 4033e9f3b31da97b c040ea03d3fb75fc 403b057d0f1f437c 40100d7df9e0edf3 3fc9918c39d18b60 bfa7856b7a460434 3fc9918c39d18b58 40102a14fd9480f0 bf88fbddb24bc2a0 bfa7856b7a460430 bf88fbddb24bc260 400ea109a9abb4c3 40326a605cfdbdb8 c041b3142b022d3d 4039b2de29b1fe9e 4035881daee01f2e c04028d158581e2b 403c3fc0849b41bc	oooooooooooooooooooooooooooooooooooooiiooooooooooooooooooiooooiioooioooooooooooooooooooiooooooooooooooooooooooooooooooooooooo
corpus_12_alternate	401ab67c180130fd 4036958aaeab30f9 3fe92db21d2dc150 c010c470492eecc6 40157561c647ed51 400f78dfd2a6af26 bf792b42762b0720 3fc66cebe1c2e0e8 bf792b42762b0700 400e96d288ed3a91 3fa3a77f453caab0 3fc66cebe1c2e0f0 3fa3a77f453caaa8 4010803e9e815468 bfe98f8a4def366b c015eb6e6bf9148e 4010191527e0fb07 40016d9c3cc4ede3 c005e1a08811f562 401afcdbbcf31695	oooooooooooooooooooooooooooooooooooooioooooooooooooooooooiooooiioooioooooooooooooooooooiooooooooooooooooooooooooooooooooooooo
corpus_13	40494efe7f43e0c4 4056e1aaa4e7c5a0 c02885f490f2250c c02578bbb6dfb4ba 402f95f68ec014b3 405ea720b3c57133 c01922f53e3fd7b8 c00348e45088c078 c01922f53e3fd7ba 405f2af226c52d82 40122b25af687a48 c00348e45088c078 40122b25af687a48 405d76e0c8158878 c02d2ac7b6242f07 c02b31b009efe4ef 4029bb6f2070b5c2 c0224cad165a8184 c01ed6d64af95c74 4032bcbc41ef875e	ooooooooooooooooooooooooooooooooiooooioooooooooooooooooooooooioioooioooooooooooooooooooiooooooooooooooooooooooooooooooooooooo
corpus_13@0	40494efe7f43e0c4 4056e1aaa4e7c5a0 c0349606a5e9fb61 c02041dbe8caf4f0 c01410789abdc56a 405d1b0c490336ad bfe7ee61feda2200 bfee37b16ed5b0c0 bfe7ee61feda21e0 40601baa1c975ed1 c017cc3dd0931744 bfee37b16ed5b0c0 c017cc3dd0931750 405df693206e32dc c037b942d1e65887 c025ac281de55fc9 c020db6d5ebd1660 c031a4cda654d2d6 c0164313353739fe c002335e422ecc16	oooooooooooooooooooooooooooooooooooooooooooooooooooooooooioooioiooooiooooooooooooooooooiooooooooooooooooooooooooooooooooooooo
corpus_13@1	40494efe7f43e0c4 4056e1aaa4e7c5a0 403369f95a16049f c056083b7d195e9e 404b7df0eca84752 405d1b0c490336ac bfe7ee61feda21e0 bfee37b16ed5b140 bfe7ee61feda21e0 40601baa1c975ed1 c017cc3dd093174c bfee37b16ed5b140 c017cc3dd0931758 405df693206e32dc 403046bd2e19a779 c056b58503bcabf9 4049c924a850ba68 40365b3259ab2d2a c0556431335373a0 404cdcca1bdd133f	oooooooooooooooooooooooooooooooooooooooooooooooooooooooooioooioiooooiooooooooooooooooooiooooooooooooooooooooooooooooooooooooo
corpus_13_alternate	40494efe7f43e0c5 4056e1aaa4e7c5a0 c02885f490f2250c c02578bbb6dfb4ba 402f95f68ec014b3 405ea720b3c57135 c01922f53e3fd7be c00348e45088c078 c01922f53e3fd7c0 405f2af226c52d84 40122b25af687a50 c00348e45088c078 40122b25af687a50 405d76e0c815887a c02d2ac7b6242f07 c02b31b009efe4ef 4029bb6f2070b5c2 c0224cad165a8184 c01ed6d64af95c74 4032bcbc41ef875e	ooooooooooooooooooooooooooooooooiooooioooooooooooooooooooooooioioooioooooooooooooooooooiooooooooooooooooooooooooooooooooooooo
corpus_14	40826653a1c59109 4079b072b002a329 4036334d400f3db0 c043978c93f21478 c03f33ec47d5e79a 40bdf826a71ba664 408fbb5e639a81cf 407e6a0fcded71ac 408fbb5e639a81d1 40c1666f75280471 c08bb6ba7f89d2c0 407e6a0fcded71a8 c08bb6ba7f89d2be 40b780b93dd5d15a 402ee4e5655f2ccb c0465c4e00199156 c0432cd4383a34ec 403cdef7ab0c91dd c040eef3914ea01f c038069bb12830c8	oooooooooooooooooooooooooooooooooooooooooooooooooooooooooooooiiioooooooooooooooooooooooiooooooooooooooooooooooooooooooooooooo
corpus_14@0	40826653a1c59109 4079b072b002a329 403addf708b7aa63 bfed2436a34e2049 4047ded4af0e9ef8 40b8476a3ff71be6 4055cd164cc51b38 c0919b279995be5e 4055cd164cc51b38 40c16969ebfb8071 c090124fc0b3e30f c0919b279995be62 c090124fc0b3e310 40bd2b80b75363d5 40338eb251041356 c01669211e6a5d3d 4044828632ad4542 40411100d60c10da 4010f8f56b458969 404b41635e88f6d0	oooooooooooooooooooooooooooooooooooooiooooooooooooooooooiiooooiooooooooooooooooooooooooiooooooooooooooooooooooooooooooooooooo
corpus_14@1	40826653a1c59109 4079b072b002a329 405ab77dc22dea99 c0641d2436a34e21 4064f7b52bc3a7bf 40b8476a3ff71be6 4055cd164cc51b38 c0919b279995be5e 4055cd164cc51b38 40c16969ebfb8071 c090124fc0b3e30f c0919b279995be62 c090124fc0b3e310 40bd2b80b75363d5 4058e3ac944104d6 c064b34908f352ea 406420a18cab5150 405c88806b06086d c063783854a5d3b5 4065d058d7a23db5	oooooooooooooooooooooooooooooooooooooiooooooooooooooooooiiooooiooooooooooooooooooooooooiooooooooooooooooooooooooooooooooooooo
corpus_14_alternate	40826653a1c59109 4079b072b002a329 4036334d400f3db0 c043978c93f21478 c03f33ec47d5e79a 40bdf826a71ba663 408fbb5e639a81cf 407e6a0fcded71a8 408fbb5e639a81cf 40c1666f75280470 c08bb6ba7f89d2ba 407e6a0fcded71a8 c08bb6ba7f89d2b8 40b780b93dd5d158 402ee4e5655f2ccb c0465c4e00199156 c0432cd4383a34ec 403cdef7ab0c91dd c040eef3914ea01f c038069bb12830c8	oooooooooooooooooooooooooooooooooooooooooooooooooooooooooooooiiioooooooooooooooooooooooiooooooooooooooooooooooooooooooooooooo
corpus_15	40b19fc9a5ae5c6b 409bee3489c7c376 bfc8b21526395c60 c048794f18563c02 403ed44a70c9f186 410c0cf8cf787ef4 c07cbbd94042c200 40cda86c7c48a8cc c07cbbd94042c200 4108ecbc05335b47 406ab9cd65ba8200 40cda86c7c48a8d0 406ab9cd65ba8200 410a1389fd21a5e2 c0297983d08a6583 c04f4d0a59d1403b 4030b941907588ad 4028dca45267aa7c c0418293ef729841 40458cbb5edf8a67	oooooooooooooooooooooooooooooooooooooooooooooooooooooooooioooioioooioooooooooooooooooooiooooooooooooooooooooooooooooooooooooo
corpus_15@0	40b19fc9a5ae5c6b 409bee3489c7c376 402b38a747554366 404bd0708fa6b1a8 402051fd841f4342 410a55c9925feb00 407b166bee56f480 40cf2690f46c3c30 407b166bee56f500 4108e5fbbd927705 408e67fdd6ed4060 40cf2690f46c3c30 408e67fdd6ed4060 410bd17981db1e1d 3ff0048353c9de20 40458ee7a96786c6 c00ffedbb5bc109d 403a723591ceb69e 4050f1fd96f3f8d0 403506c2085d7f00	oooooooooooooooooooooooooooooooooooooioooooooooooooooooooioooooioooioooooooooooooooooooiooooooooooooooooooooooooooooooooooooo
corpus_15@1	40b19fc9a5ae5c6b 409bee3489c7c376 4065b38a74755437 c07085f1ee0b29cb 406f051fd841f435 410a55c9925feb00 407b166bee56f380 40cf2690f46c3c30 407b166bee56f400 4108e5fbbd927705 408e67fdd6ed40a0 40cf2690f46c3c30 408e67fdd6ed40a0 410bd17981db1e1d 4064200906a793bd c0714e230ad30f27 406d800491290fbe 40674e46b239d6d4 c06f870134860398 4070506c2085d7f0	oooooooooooooooooooooooooooooooooooooioooooooooooooooooooioooooioooioooooooooooooooooooiooooooooooooooooooooooooooooooooooooo
corpus_15_alternate	40b19fc9a5ae5c6b 409bee3489c7c376 bfc8b21526395c60 c048794f18563c02 403ed44a70c9f186 410c0cf8cf787ef5 c07cbbd94042c300 40cda86c7c48a8c4 c07cbbd94042c280 4108ecbc05335b48 406ab9cd65ba8200 40cda86c7c48a8c8 406ab9cd65ba8000 410a1389fd21a5e4 c0297983d08a6583 c04f4d0a59d1403b 4030b941907588ad 4028dca45267aa7c c0418293ef729841 40458cbb5edf8a67	oooooooooooooooooooooooooooooooooooooooooooooooooooooooooioooioioooioooooooooooooooooooiooooooooooooooooooooooooooooooooooooo
corpus_16	40da8f507dd4eee9 40b4a77a96379a12 4061428f32e43d29 4016f683de7c38a0 c063cfe7d1b5e442 414e07eba124eddc c0f47f29e8a7c2e0 c0f7da70d4058010 c0f47f29e8a7c2d0 4150704da2084680 c112da4ceef4b0a8 c0f7da70d4058010 c112da4ceef4b0a2 414f3152a9cbb2dc 405c93d1b37482b6 c02badce33d5fe62 c066cc251d633473 40642f9662a46e68 403c5cc8545175a1 c060ce3d2db21691	oooooooooooooooooooooooooooooooooooooiooooooooooooooooooiioooiiooooooooooooooooooooooooiooooooooooooooooooooooooooooooooooooo
corpus_16@0	40da8f507dd4eee9 40b4a77a96379a12 402dde6c41a2e7f0 c06039984f81fe43 406498a7e08c0ee7 4150cabd4024430c 40fb27272f94e4a0 c1069e7c2c9d4df0 40fb27272f94e490 414dfda1bc986572 c10723abd319bc80 c1069e7c2c9d4de8 c10723abd319bc80 414e86bd52204230 c01636195013201a c0637fc1ef7f0a4e 4061b8d40bdc3fe2 4042f153704bf1fd c05a5d547b77389f 4067b63f4661c6b3	oooooooooooooooooooooooooooooooooooooioooooooooooooooooooioooiiioooioooooooooooooooooooiooooooooooooooooooooooooooooooooooooo
corpus_16@1	40da8f507dd4eee9 40b4a77a96379a12 4074eef3620d1740 c0880e6613e07f91 40842629f82303ba 4150cabd4024430c 40fb27272f94e4a0 c1069e7c2c9d4df0 40fb27272f94e480 414dfda1bc986572 c10723abd319bc80 c1069e7c2c9d4de8 c10723abd319bc80 414e86bd52204230 4073a7279abfb380 c088dff07bdfc294 40836e3502f70ff8 40765e2a6e097e40 c0874baa8f6ee714 4084ed8fd19871ad	oooooooooooooooooooooooooooooooooooooioooooooooooooooooooioooiiioooioooooooooooooooooooiooooooooooooooooooooooooooooooooooooo
corpus_16_alternate	40da8f507dd4eeea 40b4a77a96379a12 4061428f32e43d29 4016f683de7c38a0 c063cfe7d1b5e442 414e07eba124eddc c0f47f29e8a7c2e8 c0f7da70d4058010 c0f47f29e8a7c2d8 4150704da208467f c112da4ceef4b0a8 c0f7da70d4058010 c112da4ceef4b0a2 414f3152a9cbb2dc 405c93d1b37482b6 c02badce33d5fe62 c066cc251d633473 40642f9662a46e68 403c5cc8545175a1 c060ce3d2db21691	oooooooooooooooooooooooooooooooooooooiooooooooooooooooooiioooiiooooooooooooooooooooooooiooooooooooooooooooooooooooooooooooooo
corpus_17	410f8c23845c3422 40db343c476c5569 4065cfed95a4006d c051c5f507e525bf c072d7f9b0a9e322 41aa122284c3e874 c16b0200d0a41078 c15f239efec93078 c16b0200d0a41077 41a8912142f75c16 c183c27d7fe290d5 c15f239efec93078 c183c27d7fe290d4 41a40d6850e16895 406067332eebbc00 c05e08c7d1aae8f3 c07625440aabacbc 406b667a37530298 c0355eaa3f8beaab c06f0e11848078f9	oooooooooooooooooooooooooooooooooooooooooooooooooooooooooooooioioooooooooooooooooooooooiooooooooooooooooooooooooooooooooooooo
corpus_17@0	410f8c23845c3422 40db343c476c5569 c0581b4c33377110 c0713a8a5d907677 406958ea91cb6bde 41aba8c9e8ccbcd0 c1720b4e7f1537de 410a6dc1131fcfc0 c1720b4e7f1537dc 41a141b8376bd2ce c167bf606f912c0c 410a6dc1131fcfe0 c167bf606f912c0c 41a9c629f8641d7b c060c877855d6c32 c07450625988cda7 40633f9cf4a22009 c04cb03033984a4d c06c50c726e9ce6a 406e2dd4e874fe49	ooooooooooooooooooooooooooooooooiooooiooooooooooooooooooiioooioioooiiooooooooooooooooooiooooioooooooooooooooooooooooooooooooo
corpus_17@1	410f8c23845c3422 40db343c476c5569 4080fc96799911de c0984ea297641d9e 40922b1d52396d7d 41aba8c9e8ccbccf c1720b4e7f1537de 410a6dc1131fcbc0 c1720b4e7f1537dc 41a141b8376bd2ce c167bf606f912c0a 410a6dc1131fcde0 c167bf606f912c0a 41a9c629f8641d7a 407f9bc43d5149e6 c09914189662336a 409167f39e944401 408234fcfcc67b5a c0978a18e4dd39cd 4092c5ba9d0e9fca	ooooooooooooooooooooooooooooooooiooooiooooooooooooooooooiioooioioooiiooooooooooooooooooiooooioooooooooooooooooooooooooooooooo
corpus_17_alternate	410f8c23845c3421 40db343c476c5569 4065cfed95a4006c c051c5f507e525bf c072d7f9b0a9e322 41aa122284c3e874 c16b0200d0a4107c c15f239efec93078 c16b0200d0a4107b 41a8912142f75c16 c183c27d7fe290d5 c15f239efec93074 c183c27d7fe290d4 41a40d6850e16895 406067332eebbc00 c05e08c7d1aae8f3 c07625440aabacbc 406b667a37530298 c0355eaa3f8beaab c06f0e11848078f9	oooooooooooooooooooooooooooooooooooooooooooooooooooooooooooooioioooooooooooooooooooooooiooooooooooooooooooooooooooooooooooooo
corpus_18	413b04b679a809df 40f53fb8f9fe5e68 c084086eebf2faaf c074019b160731fb 407fcc1252ed76e3 41ef983e0a1f9cd0 c19bc1dd381ee660 c1ae0069bea87288 c19bc1dd381ee660 41f1a3af6c3278d4 41b0f7f4f6d439aa c1ae0069bea87290 41b0f7f4f6d439aa 41eefa02eac9367a c086e01d5144ea4e c0791df14d6cd5dc 4079d4a8fffded93 c080e37d9a38db9f c06e4bd5c7122aa2 40830b9615055b68	oooooooooooooooooooooooooooooooooooooioooooooooooooooooooioooiiiooiioooooooooooooooooooiooooooooooooooooooooooooooooooooooooo
corpus_18@0	413b04b679a809df 40f53fb8f9fe5e68 407fe0cb05a0bb54 403827ab35749629 c086599aa60c37f6 41f1c64c2d789c7c 41a06ee4e7ae87be 41ab7c6df9c94d9c 41a06ee4e7ae87bc 41ed7ab57e2a3bf1 419eda882e066ae8 41ab7c6df9c94d8c 419eda882e066ae8 41f06928fa192802 407bc97bdd093bc4 c04c4b7e7ddd64aa c088ecc580882fc0 4082b36057fee501 405a16e3c298c80e c083992fea2422d2	ooooooooooooooooooooooooooooooooiooooiooooiooooooooooooooioooiiooooiooooooooooooooiooooiooooooooooooooooooooooooooooooooooooo
corpus_18@1	413b04b679a809df 40f53fb8f9fe5e68 409bf832c1682ed6 c0a3cfb0a99516d5 4092d332acf9e406 41f1c64c2d789c7c 41a06ee4e7ae87be 41ab7c6df9c94d9c 41a06ee4e7ae87bc 41ed7ab57e2a3bf1 419eda882e066ae8 41ab7c6df9c94d8c 419eda882e066ae8 41f06928fa192802 409af25ef7424ef2 c0a4712df9f77594 4091899d3fbbe821 409d59b02bff7281 c0a32f48e1eb39c1 409433680aedee97	ooooooooooooooooooooooooooooooooiooooiooooiooooooooooooooioooiiooooiooooooooooooooiooooiooooooooooooooooooooooooooooooooooooo
corpus_18_alternate	413b04b679a809df 40f53fb8f9fe5e68 c084086eebf2faaf c074019b160731fb 407fcc1252ed76e3 41ef983e0a1f9cd0 c19bc1dd381ee64c c1ae0069bea87298 c19bc1dd381ee64c 41f1a3af6c3278d4 41b0f7f4f6d439aa c1ae0069bea87298 41b0f7f4f6d439aa 41eefa02eac93679 c086e01d5144ea4e c0791df14d6cd5dc 4079d4a8fffded93 c080e37d9a38db9f c06e4bd5c7122aa2 40830b9615055b68	oooooooooooooooooooooooooooooooooooooioooooooooooooooooooioooiiiooiioooooooooooooooooooiooooooooooooooooooooooooooooooooooooo
corpus_19	416557ef776ebd08 4114662a57cd2947 c0820e9af88e555f 409189a6a4b84621 c08de721596ba7da 42358b756880b9c9 c1e9e09208a569a8 c1fa62ca9cf9c2c8 c1e9e09208a569ac 4237bf05c633dec0 41b78cbcf9f7e9c0 c1fa62ca9cf9c2c0 41b78cbcf9f7e980 423806d9e22f05d8 c087d92349eb0580 408e2eccb665a684 c091c5d37d465eeb c07891e055150050 4093f4e64f10adfa c088b499903feabc	oooooooooooooooooooooooooooooooooooooooooooooooooooooooooooooooioooioooooooooooooooooooiooooooooooooooooooooooooooooooooooooo
corpus_19@0	416557ef776ebd08 4114662a57cd2947 4093a7d37fae0a22 4086db6cbb236f7c 4083901a4ad8c8c9 423795c0aa4da584 41e158f2d2712523 41d8ce98f4c47b08 41e158f2d271251e 4236a64f7d73f4b8 c201185d1a81577c 41d8ce98f4c47b10 c201185d1a815780 42371544e9220428 4091965dbbf1a213 4081273b2110ed26 407c0dd9ed08c407 4095b7dc2fdfc1ab 408c5f3050c44b98 4088c4fed5b35ab4	oooooooooooooooooooooooooooooooooooooiioooiooooooooooooooioooioioooiooooooooooooooooooiiioooioooooooooooooooooooooooooooooooo
corpus_19@1	416557ef776ebd08 4114662a57cd2947 40add3e9bfd70511 c0b12492689b9210 40b17203495b1919 423795c0aa4da584 41e158f2d2712523 41d8ce98f4c47b00 41e158f2d271251e 4236a64f7d73f4b8 c201185d1a81577c 41d8ce98f4c47b00 c201185d1a815780 42371544e9220428 40accb2eddf8d10a c0b1db189bdde25c 40b0c0dd9ed08c41 40aedbee17efe0d5 c0b07419f5e7768d 40b2189fdab66b56	oooooooooooooooooooooooooooooooooooooiioooiooooooooooooooioooioioooiooooooooooooooooooiiioooioooooooooooooooooooooooooooooooo
corpus_19_alternate	416557ef776ebd09 4114662a57cd2948 c0820e9af88e555f 409189a6a4b84621 c08de721596ba7da 42358b756880b9c9 c1e9e09208a569a0 c1fa62ca9cf9c2c8 c1e9e09208a569a4 4237bf05c633dec0 41b78cbcf9f7e9c0 c1fa62ca9cf9c2c0 41b78cbcf9f7e980 423806d9e22f05d8 c087d92349eb0580 408e2eccb665a684 c091c5d37d465eeb c07891e055150050 4093f4e64f10adfa c088b499903feabc	oooooooooooooooooooooooooooooooooooooooooooooooooooooooooooooooioooioooooooooooooooooooiooooooooooooooooooooooooooooooooooooo
corpus_20	4191fdaf844766a5 412f74f67b6401e0 c076bf07b7374f35 40959e7e3fbd8c85 4094a51d5eb32b81 428163fdfb04a270 c221691fa4461c7c c2440cbb4c19ae78 c221691fa4461c7a 427c9b7634bab00b 421937a5502c84b0 c2440cbb4c19ae78 421937a5502c84b4 4281971d6714b32a c0856abff968e92d 40914b53fe062b64 408faa40a83d458d c04588f08112b3bc 409a850d91d9626e 40999058a53c452b	oooooooooooooooooooooooooooooooooooooioooooooooooooooooooioooiiioooiooooooooooooooiooooiooooooooooooooooooooooooooooooooooooo
corpus_20@0	4191fdaf844766a5 412f74f67b6401e0 408c4cb622a5c9e2 c086fdbea7215262 40985d032b0b47c3 4280c461ae5d0836 c2407aae7bd2c8cc 42311a791771afde c2407aae7bd2c8c4 42821ac0a3c4d556 c22f44f1cc945630 42311a791771afde c22f44f1cc945630 427cd36854a9a01e 408309ea6681acbe c090170e439f2bdf 4093aedf1b97d134 40931298d92124af c07bbebc97cd5e96 409d44319eee75bb	oooooooooooooooooooooooooooooooooooooiooooooooooooooooooiooooiiioooooooooooooooooooooooiooooooooooooooooooooooooooooooooooooo
corpus_20@1	4191fdaf844766a5 412f74f67b6401e0 40b78996c454b93b c0c56fdbea721526 40c20ba0656168f8 4280c461ae5d0836 c2407aae7bd2c8cc 42311a791771afde c2407aae7bd2c8c4 42821ac0a3c4d556 c22f44f1cc945630 42311a791771afde c22f44f1cc945630 427cd36854a9a01e 40b6613d4cd03597 c0c602e1c873e57c 40c175dbe372fa26 40b8c4a63648492c c0c4ddf5e4be6af4 40c2a88633ddceb7	oooooooooooooooooooooooooooooooooooooiooooooooooooooooooiooooiiioooooooooooooooooooooooiooooooooooooooooooooooooooooooooooooo
corpus_20_alternate	4191fdaf844766a5 412f74f67b6401e0 c076bf07b7374f34 40959e7e3fbd8c85 4094a51d5eb32b81 428163fdfb04a270 c221691fa4461c7e c2440cbb4c19ae78 c221691fa4461c7a 427c9b7634bab00b 421937a5502c84b0 c2440cbb4c19ae78 421937a5502c84b0 4281971d6714b32a c0856abff968e92d 40914b53fe062b64 408faa40a83d458d c04588f08112b3bc 409a850d91d9626e 40999058a53c452b	oooooooooooooooooooooooooooooooooooooioooooooooooooooooooioooiiioooiooooooooooooooiooooiooooooooooooooooooooooooooooooooooooo
corpus_21	41ca64cebdebda51 4157723d1bac3bf0 c0a2218dbfc6e52c c0b19fd4040cee80 c0995d05029f2b49 42df545daff44d32 426c4c0564abe7d6 c293997a83777bd8 426c4c0564abe7d6 42e0ee3b32b2584e 426897ab02a3d204 c293997a83777be0 426897ab02a3d1fe 42df5534b5ce9a6e c0a85994a4d484cb c0b3f82872af2fa7 c0a2e542fe257cee c098acc602370442 c0ae8093fbe58ff6 c08ba420c53f43d8	oooooooooooooooooooooooooooooooooooooioooooooooooooooooooiiooioioooiooooooooooooooiooooiooooooooooooooooooooooooooooooooooooo
corpus_21@0	41ca64cebdebda51 4157723d1bac3bf0 c0a20a224d5025bc c0b1a7106ef7cdc3 c0994f49d6e4736a 42df5707df8d7618 426b63f63bc2a3c6 c2939ccec57e9990 426b63f63bc2a3c2 42e0ee6edd18b4cd 42679344aeb585f8 c2939ccec57e9988 42679344aeb585f8 42df52233168b88b c0a8412e1af7f23e c0b3ff46860d9b18 c0a2df4f9264b871 c0987fc918a02498 c0ae8c3c8bcf891b c08b8740e23babf8	oooooooooooooooooooooooooooooooooooooioooooooooooooooooooiiooioioooiooooooooooooooiooooiooooooooooooooooooooooooooooooooooooo
corpus_21@1	41ca64cebdebda51 4157723d1bac3bf0 40befaeed957ed22 c0d869c41bbdf370 40cad616c5237193 42df5707df8d7618 426b63f63bc2a3c6 c2939ccec57e9990 426b63f63bc2a3c2 42e0ee6edd18b4cd 42679344aeb585f8 c2939ccec57e9988 42679344aeb585f8 42df52233168b88b 40bbdf68f28406e2 c0d8ffd1a18366c6 40c9482c1b66d1e3 40c0f006dcebfb6d c0d7d1879179f124 40cc478bf1dc4540	oooooooooooooooooooooooooooooooooooooioooooooooooooooooooiiooioioooiooooooooooooooiooooiooooooooooooooooooooooooooooooooooooo
corpus_21_alternate	41ca64cebdebda51 4157723d1bac3bf0 c0a2218dbfc6e52c c0b19fd4040cee80 c0995d05029f2b49 42df545daff44d32 426c4c0564abe7f6 c293997a83777bd8 426c4c0564abe7f6 42e0ee3b32b2584d 426897ab02a3d22c c293997a83777be0 426897ab02a3d226 42df5534b5ce9a6e c0a85994a4d484cb c0b3f82872af2fa7 c0a2e542fe257cee c098acc602370442 c0ae8093fbe58ff6 c08ba420c53f43d8	oooooooooooooooooooooooooooooooooooooioooooooooooooooooooiiooioioooiooooooooooooooiooooiooooooooooooooooooooooooooooooooooooo
corpus_22	41f909b487f9d21b 4175fdf7ecf70c67 c0baed532b69e7bb 40b6f868926d3638 40c17865566a193e 432cbf801986a561 c2db99040ce62928 42f26628de620c04 c2db99040ce62928 432bd50ae21d9219 c2e7c61ad70674a8 42f26628de620c04 c2e7c61ad70674a4 432d6f13432afe12 c0c05de58cfc8755 40b0cbef1e8fe708 40bd04a8b85c1179 c0b4485aee67f19b 40bcfbf6e7b6e849 40c458391fab03b8	oooooooooooooooooooooooooooooooooooooioooooooooooooooooooioooiiooooooooooooooooooooooooiooooooooooooooooooooooooooooooooooooo
corpus_22@0	41f909b487f9d21b 4175fdf7ecf70c67 c0b71848aae25524 40c2389f7ef03b78 40b8bdc233351b33 432ea772e9dad3b1 42f2a33492abfbb0 42ce1c0e14ad2a6c 42f2a33492abfbb0 432c36086135dad2 c2a657b4f3ed59f0 42ce1c0e14ad2a70 c2a657b4f3ed59d0 432b2622f3be8707 c0bc753fa71eb024 40be7a2250e399a7 40b2ccdd3dc78932 c0b1ec0ac11af221 40c522a79383675e 40bdb6c058a5413d	oooooooooooooooooooooooooooooooooooooooooooooooooooooooooiooooiioooioooooooooooooooooooiooooooooooooooooooooooooooooooooooooo
corpus_22@1	41f909b487f9d21b 4175fdf7ecf70c67 40cc73dbaa8ed56f c0dee3b04087e245 40e217b84666a367 432ea772e9dad3b1 42f2a33492abfbb0 42ce1c0e14ad2a7c 42f2a33492abfbb0 432c36086135dad2 c2a657b4f3ed5a30 42ce1c0e14ad2a78 c2a657b4f3ed59d0 432b2622f3be8707 40c9c5602c70a7ee c0e030bbb5e38ccb 40e1599ba7b8f126 40cf09fa9f7286f0 c0dd6eac363e4c52 40e2b6d80b14a827	oooooooooooooooooooooooooooooooooooooooooooooooooooooooooiooooiioooioooooooooooooooooooiooooooooooooooooooooooooooooooooooooo
corpus_22_alternate	41f909b487f9d21a 4175fdf7ecf70c66 c0baed532b69e7bb 40b6f868926d3638 40c17865566a193e 432cbf801986a560 c2db99040ce62928 42f26628de620c00 c2db99040ce62928 432bd50ae21d9218 c2e7c61ad70674a8 42f26628de620c00 c2e7c61ad70674b4 432d6f13432afe10 c0c05de58cfc8755 40b0cbef1e8fe708 40bd04a8b85c1179 c0b4485aee67f19b 40bcfbf6e7b6e849 40c458391fab03b8	oooooooooooooooooooooooooooooooooooooioooooooooooooooooooioooiiooooooooooooooooooooooooiooooooooooooooooooooooooooooooooooooo
corpus_23	42334dddefce626b 41a01695a047aa6d c0b705e8d5dfd8cb 40cc159155976d60 c0d0f6718f22ab72 43922274376b5367 4347b41495fb0f90 c33a6856aacc1ff0 4347b41495fb0f90 439043101eaa87cc 4351f51f6c180f14 c33a6856aacc1ff0 4351f51f6c180f12 4389f79c03498ceb c0c0ab6758ddd025 40c5a090ecb87f2d c0d443c60ac2a0f1 c0a836dc5e2e4d56 40d1925f86da6a09 c0cb02d857ace18a	ooooooooooooooooooooooooooooooooooooiiiooooooooooooooooooioooioioooooooooooooooooooooooiooooooooooooooooooooooooooooooooooooo
corpus_23@0	42334dddefce626b 41a01695a047aa6d 40d09f0a1fcaa6d3 c0c14154fd626ea0 c0c9df3fab496fc7 438c47e45715c1e5 c33399e8ede9ff3b 4364271d6263db00 c33399e8ede9ff3b 4390a30bf00ae3ae c34126407d11bcca 4364271d6263db02 c34126407d11bcc2 43909a543c24dd08 40ca7c909159fd0c c0c6bf4f70c70d0d c0d0299ef4041fcd 40d42dd27a59397c c0b8a5dd330d946b c0c2da1745afb321	oooooooooooooooooooooooooooooooooooooioooooooooooooooooooioooioooooioooooooooooooooooooiooooooooooooooooooooooooooooooooooooo
corpus_23@1	42334dddefce626b 41a01695a047aa6d 40ec4f850fe55368 c0f6282a9fac4dd4 40e78830152da40e 438c47e45715c1e5 c33399e8ede9ff6b 4364271d6263dafc c33399e8ede9ff6b 4390a30bf00ae3af c34126407d11bce2 4364271d6263dafe c34126407d11bce2 43909a543c24dd06 40ea9f2424567f43 c0f6d7e9ee18e1a1 40e5eb3085fdf018 40ee16e93d2c9cbd c0f58a5dd330d946 40e9497a2e941337	oooooooooooooooooooooooooooooooooooooioooooooooooooooooooioooioooooioooooooooooooooooooiooooooooooooooooooooooooooooooooooooo
corpus_23_alternate	42334dddefce626b 41a01695a047aa6d c0b705e8d5dfd8ca 40cc159155976d60 c0d0f6718f22ab72 43922274376b5366 4347b41495fb0f91 c33a6856aacc1ff0 4347b41495fb0f91 439043101eaa87cc 4351f51f6c180f1a c33a6856aacc1ff0 4351f51f6c180f18 4389f79c03498ce9 c0c0ab6758ddd025 40c5a090ecb87f2d c0d443c60ac2a0f1 c0a836dc5e2e4d56 40d1925f86da6a09 c0cb02d857ace18a	ooooooooooooooooooooooooooooooooooooiiiooooooooooooooooooioooioioooooooooooooooooooooooiooooooooooooooooooooooooooooooooooooo
corpus_24	42567bc0ab2c250c 41b3fee1847b4eae 40d637530c3ff4cf 40e12494ebb52c7b c0dc539d14848e95 43c58862eb14c90b 438c2fca980f8394 c37129b3037d8130 438c2fca980f8393 43c8f769777b0b43 43834eec05f65a90 c37129b3037d8130 43834eec05f65a90 43c9cd5be5040a38 40d0dab0bf55e86a 40dc8dfef4ee4cff c0e0bb0ac1f7fff7 40db2f2a2249708c 40e3d8a2147cc34e c0d6e999dc03f686	oooooooooooooooooooooooooooooooooooooioooooooooooooooooooioooiiioooioooooooooooooooooooiooooooooooooooooooooooooooooooooooooo
corpus_24@0	42567bc0ab2c250c 41b3fee1847b4eae 40d994b292507763 c0d6e21fa6a89ad6 40e1fb73dfe0b8fd 43ca625ae18d162e 4351d41731e0c020 c377e0b1e6848600 4351d41731e0c040 43c5db11f0f22171 c390846bd0d299fe c377e0b1e6848610 c390846bd0d299fd 43c80fbb7514a6ec 40d4dd39695fb6a1 c0dcf4e6d00c1172 40de632c32694e27 40de5fcbeb859e4f c0d17f6f7c7d805e 40e49862969283b1	oooooooooooooooooooooooooooooooooooooiooooooooooooooooooooooooiiooooooooooooooooooooooooooooooooooooooooooooooooooooooooooooo
corpus_24@1	42567bc0ab2c250c 41b3fee1847b4eae 40fa652ca4941dd8 c106dc43f4d5135b 41037edcf7f82e3f 43ca625ae18d162e 4351d41731e0c020 c377e0b1e6848600 4351d41731e0c040 43c5db11f0f22171 c390846bd0d299fe c377e0b1e6848610 c390846bd0d299fd 43c80fbb7514a6ec 40f9374e5a57eda8 c1079e9cda01822f 4102cc65864d29c5 40fb97f2fae16793 c1062fedef8fb00d 41042618a5a4a0ec	oooooooooooooooooooooooooooooooooooooiooooooooooooooooooooooooiiooooooooooooooooooooooooooooooooooooooooooooooooooooooooooooo
corpus_24_alternate	42567bc0ab2c250c 41b3fee1847b4eae 40d637530c3ff4cf 40e12494ebb52c7b c0dc539d14848e96 43c58862eb14c90b 438c2fca980f8398 c37129b3037d8138 438c2fca980f8398 43c8f769777b0b42 43834eec05f65a90 c37129b3037d8138 43834eec05f65a90 43c9cd5be5040a38 40d0dab0bf55e86a 40dc8dfef4ee4cff c0e0bb0ac1f7fff7 40db2f2a2249708c 40e3d8a2147cc34e c0d6e999dc03f686	oooooooooooooooooooooooooooooooooooooioooooooooooooooooooioooiiioooioooooooooooooooooooiooooooooooooooooooooooooooooooooooooo
corpus_25	3de096ad013db059 3ebc930b0eecef10 3f566245be27d356 3f64177ebad23ce1 3f4de4b8e3019031 3c5811f4eb1b446c 3bf1276270e67c9a 3bd488e5dd2db280 3bf1276270e67c9a 3c57852260b995a2 3bcab05ed597e780 3bd488e5dd2db270 3bcab05ed597e780 3c573bdae0ae64e8 3f50fc4b22176976 3f61828753b11131 3f4417bb0c3688c3 3f5b731c22074ef3 3f66f21ba7dafcd9 3f53d2325582107c	ooooooooooooooooooooooooooooooooooooiiiooooooooooooooooooiiooooiooiiiooooooooooooooiooiiioooooooooooooooooooooooooooooooooooo
corpus_25@0	3de096ad013db059 3ebc930b0eecef10 3f62b8c2f595e4fb 3f5e2575f3889f66 bf354c014af31e15 3c5829b6d5d491ce bbb6dfd41628eca0 bbe38ec15a32f140 bbb6dfd41628eba0 3c5766a13cb7bde2 bbc63eba2d14a680 bbe38ec15a32f140 bbc63eba2d14a600 3c57429a19f6ef3f 3f5f904a41cfb9b9 3f586119750ad91a bf45c5d9689975ab 3f6567917659c8be 3f62070ff009503a 3ee91807316cdbe0	oooooooooooooooooooooooooooooooooooooioooooooooooooooooooioooioioooioooooooooooooooooooiooooooooooooooooooooooooooooooooooooo
corpus_25@1	3de096ad013db059 3ebc930b0eecef10 3f7d5c617acaf27f bf803b51418eec13 3f7cab3feb50ce1e 3c5829b6d5d491d0 bbb6dfd41628e6a0 bbe38ec15a32f190 bbb6dfd41628e7a0 3c5766a13cb7bde8 bbc63eba2d14a880 bbe38ec15a32f190 bbc63eba2d14a880 3c57429a19f6ef40 3f7be4129073ee6f bf80f3dcd15ea4dc 3f7b4744d2ecd14a 3f7eb3c8bb2ce460 bf7efc7807fb57e2 3f7e0c8c0398b66d	oooooooooooooooooooooooooooooooooooooioooooooooooooooooooioooioioooioooooooooooooooooooiooooooooooooooooooooooooooooooooooooo
corpus_25_alternate	3de096ad013db059 3ebc930b0eecef10 3f566245be27d356 3f64177ebad23ce1 3f4de4b8e3019031 3c5811f4eb1b446c 3bf1276270e67c90 3bd488e5dd2db280 3bf1276270e67c90 3c57852260b995a2 3bcab05ed597e780 3bd488e5dd2db270 3bcab05ed597e780 3c573bdae0ae64e8 3f50fc4b22176976 3f61828753b11131 3f4417bb0c3688c3 3f5b731c22074ef3 3f66f21ba7dafcd9 3f53d2325582107c	ooooooooooooooooooooooooooooooooooooiiiooooooooooooooooooiiooooiooiiiooooooooooooooiooiiioooooooooooooooooooooooooooooooooooo
corpus_26	3e0e398f860e67e1 3ed6abb6a20b4830 3f509ea1fa22c648 3f576e198b3e19d1 bf313fb294803bed 3ca41216e77832a2 bc5185a234e85472 bc8b2b1fc8652906 bc5185a234e85476 3ca898544712f78b bc60d7e39f339ec8 bc8b2b1fc8652906 bc60d7e39f339ecb 3ca5299c62821c8c 3f2ebda4632145d0 3f4d4e328b4fedbb bf5104145178c09f 3f5dc5437cbf726f 3f612b53cbb7d0d5 3f408fcdd1ff8cda	oooooooooooooooooooooooooooooooooooooooooooooooooooooooooiooooiioooiooooooooooooooooooooooooooooooooooooooooooooooooooooooooo
corpus_26@0	3e0e398f860e67e1 3ed6abb6a20b4830 3f456afb635d76cd 3f58bdd40d6de1f9 bf45a1004c8eccae 3caa24981f5b7497 bc68d82f46f6c324 bc78e1546d4d81e1 bc68d82f46f6c324 3ca3df54dfc3e8e5 bc85170c35c15c52 bc78e1546d4d81dd bc85170c35c15c53 3ca3d01a91ede942 3f16d1275537a468 3f4747cc0c975126 bf5904b73e402ea8 3f54ce4379046fa9 3f63ba2350d22424 3f24864509c23b1a	oooooooooooooooooooooooooooooooooooooooooooooooooooooooooiooooiioooiooooooooooooooooooooooooooooooooooooooooooooooooooooooooo
corpus_26@1	3e0e398f860e67e1 3ed6abb6a20b4830 3f8556afb635d76c bf927422bf2921e2 3f8ca5effb371334 3caa24981f5b7497 bc68d82f46f6c31e bc78e1546d4d81e1 bc68d82f46f6c320 3ca3df54dfc3e8e3 bc85170c35c15c50 bc78e1546d4d81dd bc85170c35c15c51 3ca3d01a91ede942 3f842da24eaa6f49 bf9345c19f9b4577 3f8adf691837fa2b 3f8699c86f208df5 bf9188bb95e5bb7c 3f8e5219142708ed	oooooooooooooooooooooooooooooooooooooooooooooooooooooooooiooooiioooiooooooooooooooooooooooooooooooooooooooooooooooooooooooooo
corpus_26_alternate	3e0e398f860e67e2 3ed6abb6a20b4830 3f509ea1fa22c648 3f576e198b3e19d1 bf313fb294803bee 3ca41216e77832a4 bc5185a234e85474 bc8b2b1fc8652904 bc5185a234e85476 3ca898544712f78b bc60d7e39f339ec6 bc8b2b1fc8652907 bc60d7e39f339ec4 3ca5299c62821c8e 3f2ebda4632145d0 3f4d4e328b4fedbb bf5104145178c09f 3f5dc5437cbf726f 3f612b53cbb7d0d5 3f408fcdd1ff8cda	oooooooooooooooooooooooooooooooooooooooooooooooooooooooooiooooiioooiooooooooooooooooooooooooooooooooooooooooooooooooooooooooo
corpus_27	3e3583c40bc566a3 3ef45fc289fda1d1 3f828fe0c78b649c bf027c015c722038 bf7f95031d08ffa0 3ce7220dcd112840 bc97681023a02640 bcb25496c83db4a6 bc97681023a02640 3ce91cbc67e5f583 3c9d019dd60ead80 bcb25496c83db4a6 3c9d019dd60ead90 3ce6666c07334337 3f7f3acf83dde3d3 bf558d57a77c47dd bf827e3685ed4645 3f852400e722852d 3f55805cfdded67c bf79896412b6e1c5	oooooooooooooooooooooooooooooooooooooioooooooooooooooooooioooioioooooooooooooooooooooooiooooooooooooooooooooooooooooooooooooo
corpus_27@0	3e3583c40bc566a3 3ef45fc289fda1d1 bf6fb3c2c08c4696 3f7182f498408482 3f8551435f78d956 3ce5b19b27ec7952 bcb2404dbe795974 bc9728055e700aa8 bcb2404dbe795970 3ce8dd2ab39d2160 3c85d08569f64f00 bc9728055e700a98 3c85d08569f64f00 3ce8167060a0c647 bf75433d0fa11af6 3f6892fc08dea3f6 3f82930d2c7c220f bf64397ae3cd50f5 3f7701e8e747d1eb 3f87b8a92ea66bfb	oooooooooooooooooooooooooooooooooooooiioooooooooooooooooooooooiioooooooooooooooooooooooiooooooooooooooooooooooooooooooooooooo
corpus_27@1	3e3583c40bc566a3 3ef45fc289fda1d1 3f900987a7ee772e bfa1cfa16cf7ef70 3fa45450d7de3655 3ce5b19b27ec7952 bcb2404dbe795974 bc9728055e700aa8 bcb2404dbe795970 3ce8dd2ab39d2160 3c85d08569f64f00 bc9728055e700a98 3c85d08569f64f00 3ce8167060a0c647 3f8d5e61782f7285 bfa276d03f7215c1 3fa3a4c34b1f0884 3f9178d0a38655e2 bfa11fc2e31705c2 3fa4ee2a4ba99aff	oooooooooooooooooooooooooooooooooooooiioooooooooooooooooooooooiioooooooooooooooooooooooiooooooooooooooooooooooooooooooooooooo
corpus_27_alternate	3e3583c40bc566a4 3ef45fc289fda1d1 3f828fe0c78b649c bf027c015c72202e bf7f95031d08ffa0 3ce7220dcd112840 bc97681023a02640 bcb25496c83db4a2 bc97681023a02640 3ce91cbc67e5f584 3c9d019dd60ead88 bcb25496c83db4a2 3c9d019dd60ead90 3ce6666c07334337 3f7f3acf83dde3d3 bf558d57a77c47dd bf827e3685ed4645 3f852400e722852d 3f55805cfdded67c bf79896412b6e1c5	oooooooooooooooooooooooooooooooooooooioooooooooooooooooooioooioioooooooooooooooooooooooiooooooooooooooooooooooooooooooooooooo
corpus_28	3e66a1452f617be1 3f1277fdcd382978 bf7fae85bb7c8ad2 bf90ba6f455e6ab4 bf88ceb34e9d7c39 3d3831d01bf726bc bce7105689253008 3ce96fbaba3fd780 bce7105689253008 3d3790b33ef69566 3cf2e8ea4d106d74 3ce96fbaba3fd780 3cf2e8ea4d106d68 3d3782b46c5eef60 bf850fc6108651bd bf9348aba77cdc3c bf8e2f74ac395657 bf74b2479e2e5353 bf8bc31b6993b54b bf834de528e56a6d	oooooooooooooooooooooooooooooooooooooioooooooooooooooooooioooiiioooioooooooooooooooooooiooooooooooooooooooooooooooooooooooooo
corpus_28@0	3e66a1452f617be1 3f1277fdcd382978 3f61e3e4354af4dc 3f948b4dde73f807 bf80a7f8576efef7 3d363be1d30c34c7 bce70d51f7017fc2 bce3d3807a445acb bce70d51f7017fb1 3d387eac4f35224c bccc96ee64d0d300 bce3d3807a445ac4 bccc96ee64d0d300 3d388aa9a50b546e bed1930374478d00 3f91d931bebc3102 bf85f6161352230e 3f72408b70ae50df 3f975ca4caa13d30 bf75af5f52338b7c	ooooooooooooooooooooooooooooooooioooiioooooooooooooooooooioooiiioooioooooooooooooooooooiooooooooooooooooooooooooooooooooooooo
corpus_28@1	3e66a1452f617be1 3f1277fdcd382978 3fa51e3e4354af4e bfadba5910c603fc 3fa9d601ea244041 3d363be1d30c34c7 bce70d51f7017fc2 bce3d3807a445acb bce70d51f7017fb1 3d387eac4f35224c bccc96ee64d0d300 bce3d3807a445ac4 bccc96ee64d0d300 3d388aa9a50b546e 3fa3ff7367e45dc3 bfaf136720a1e780 3fa8827a7b2b773d 3fa648116e15ca1b bfac51ad9aaf6169 3fab4a1415b98e90	ooooooooooooooooooooooooooooooooioooiioooooooooooooooooooioooiiioooioooooooooooooooooooiooooooooooooooooooooooooooooooooooooo
corpus_28_alternate	3e66a1452f617be0 3f1277fdcd382978 bf7fae85bb7c8ad3 bf90ba6f455e6ab4 bf88ceb34e9d7c39 3d3831d01bf726be bce7105689252ff8 3ce96fbaba3fd780 bce7105689252ff8 3d3790b33ef69566 3cf2e8ea4d106d74 3ce96fbaba3fd790 3cf2e8ea4d106d74 3d3782b46c5eef62 bf850fc6108651bd bf9348aba77cdc3c bf8e2f74ac395657 bf74b2479e2e5353 bf8bc31b6993b54b bf834de528e56a6d	oooooooooooooooooooooooooooooooooooooioooooooooooooooooooioooiiioooioooooooooooooooooooiooooooooooooooooooooooooooooooooooooo
corpus_29	3e989b555cbb60af 3f36132680df1334 bf9b9678df5b6d28 3f9e7678c452ab3c bf93bc94f357725e 3d89c68998772efb bd35200294da4002 bd308c967e1fc571 bd35200294da4002 3d8cbce52300b144 bd4182df7e12cc1c bd308c967e1fc56f bd4182df7e12cc1c 3d9009966fc625c8 bfa06871279cb3dd 3f992349cbf97f58 bf984df4498361a3 bf968416f07cdc25 3fa1cc7b9f3798db bf8e88df39a989bc	oooooooooooooooooooooooooooooooooooooioooooooooooooooooooooooooioooioooooooooooooooooooiioooooooooooooooooooooooooooooooooooo
corpus_29@0	3e989b555cbb60af 3f36132680df1334 bf9930037ee95d89 3fa2d7fd78b5beed bf73889156d496c1 3d8b24009899c928 3d3e3eb48af27490 bd501a855a549c92 3d3e3eb48af27490 3d8f57b2541d6858 bd46df28c75816c8 bd501a855a549c94 bd46df28c75816c8 3d8c1ae8ae4cfa53 bf9f1381e38e4fa0 3fa044b68027010b bf86d8985de27ccd bf939756b30e368e 3fa5451710ca72e8 3f51a660dd17fa42	oooooooooooooooooooooooooooooooooooooioooooooooooooooooooioooioioooioooooooooooooooooooiooooooooooooooooooooooooooooooooooooo
corpus_29@1	3e989b555cbb60af 3f36132680df1334 3fab67fe408b513c bfbe940143a52089 3fbcc776ea92b695 3d8b24009899c928 3d3e3eb48af27490 bd501a855a549c94 3d3e3eb48af274a0 3d8f57b2541d6858 bd46df28c75816c8 bd501a855a549c94 bd46df28c75816c8 3d8c1ae8ae4cfa53 3fa8763f0e38d831 bfbfdda4bfec7f7b 3fbb24ecf443b067 3fae3454a678e4ba bfbd5d74779ac68d 3fbe469983745fe9	oooooooooooooooooooooooooooooooooooooioooooooooooooooooooioooioioooioooooooooooooooooooiooooooooooooooooooooooooooooooooooooo
corpus_29_alternate	3e989b555cbb60ae 3f36132680df1334 bf9b9678df5b6d28 3f9e7678c452ab3c bf93bc94f357725e 3d89c68998772efb bd35200294da3ffe bd308c967e1fc572 bd35200294da3ffe 3d8cbce52300b144 bd4182df7e12cc24 bd308c967e1fc570 bd4182df7e12cc24 3d9009966fc625c9 bfa06871279cb3dd 3f992349cbf97f58 bf984df4498361a3 bf968416f07cdc25 3fa1cc7b9f3798db bf8e88df39a989bc	oooooooooooooooooooooooooooooooooooooioooooooooooooooooooooooooioooioooooooooooooooooooiioooooooooooooooooooooooooooooooooooo
corpus_30	3ed146d1b1244d39 3f5854bd4b0f4316 3f9bf4d6ad2bd902 bfa0d1363c43052c bfae31d571ba72d9 3de9ac2e14c65499 3da6947ded4a6b8c 3daba9b298df6f14 3da6947ded4a6b90 3de7775cd30bd79c 3d86b63f17c8b4a0 3daba9b298df6f18 3d86b63f17c8b480 3de7afd5e3fa4f08 3f90c1c470f50186 bfa78f526cb08444 bfb28d0cdbec67b1 3fa422568723d32f bf953ca8ed3c5968 bfa7c9693fd2bbea	oooooooooooooooooooooooooooooooooooooioooooooooooooooooooioooiiooooioooooooooooooooooooiooooooooooooooooooooooooooooooooooooo
corpus_30@0	3ed146d1b1244d39 3f5854bd4b0f4316 bfb183d080396f1d bf911df0882e262d bf92ee414756bb74 3de68a2ee1dbcb94 bd906569480cae80 3d90115f3c998457 bd906569480cae78 3de88f3822a7f175 bdadcd5140a07108 3d90115f3c998453 bdadcd5140a07100 3de9b9f9c748be32 bfb42be1476a90a2 bf9bee29f803887a bf9d036063e63d16 bfadb4b93a6fc16e bf75aa264b8001b4 bf83787a093fd03e	ooooooooooooooooooooooooooooooooooooiiiooooooooooooooooooioooiiioooiooooooooooooooooooiiioooooooooooooooooooooooooooooooooooo
corpus_30@1	3ed146d1b1244d39 3f5854bd4b0f4316 3fb67c2f7fc690e3 bfd511df0882e263 3fcba237d7152892 3de68a2ee1dbcb94 bd906569480cae80 3d90115f3c99845a bd906569480cae78 3de88f3822a7f175 bdadcd5140a07111 3d90115f3c998452 bdadcd5140a07109 3de9b9f9c748be31 3fb3d41eb8956f5e bfd5bee29f803888 3fca5f93f383385d 3fb925a362c81f49 bfd456a8992e0007 3fccc8785f6c02fd	ooooooooooooooooooooooooooooooooooooiiiooooooooooooooooooioooiiioooiooooooooooooooooooiiioooooooooooooooooooooooooooooooooooo
corpus_30_alternate	3ed146d1b1244d3a 3f5854bd4b0f4316 3f9bf4d6ad2bd902 bfa0d1363c43052c bfae31d571ba72d9 3de9ac2e14c65498 3da6947ded4a6b98 3daba9b298df6f18 3da6947ded4a6b9c 3de7775cd30bd79c 3d86b63f17c8b450 3daba9b298df6f1c 3d86b63f17c8b450 3de7afd5e3fa4f08 3f90c1c470f50186 bfa78f526cb08444 bfb28d0cdbec67b1 3fa422568723d32f bf953ca8ed3c5968 bfa7c9693fd2bbea	oooooooooooooooooooooooooooooooooooooioooooooooooooooooooioooiiooooioooooooooooooooooooiooooooooooooooooooooooooooooooooooooo
corpus_31	3ef533993c096709 3f748ec3cef54806 bfb2c24d995ea0a7 3fc333fae1bddc85 bfb0ebd7b2b75cc6 3e24cdbde6ceb063 3de85c16797f9df7 bdd564398521b2f8 3de85c16797f9dfa 3e26a817be50c35a bdec8e0060f22ca8 bdd564398521b300 bdec8e0060f22c98 3e2a28a82dfe4831 bfb8173424e622bd 3fc05fffac7166cf bfb5793d8f3e1bf8 bfa90de2a4c04b3a 3fc5e30a7332fccd bfa8cf1125ceec78	ooooooooooooooooooooooooooooooooooooiioooooooooooooooooooioooooooooioooooooooooooooooooiooooooooooooooooooooooooooooooooooooo
corpus_31@0	3ef533993c096709 3f748ec3cef54806 3fb3e65a29162939 bfb4055246589a96 bfc2242a352f05de 3e28f09b4f389d78 bdf3adadf31f67b4 bdcf5837928cde49 bdf3adadf31f67b8 3e286603e7929270 bdd800e3f58489d6 bdcf5837928cde58 bdd800e3f58489e5 3e2447de9c528c03 3fad083ca0ebc402 bfb9896395b5a057 bfc4c7b491a09a58 3fb93e55d96d831e bface6b194650f83 bfbf57bac542474b	oooooooooooooooooooooooooooooooooooooooooooooooooooooooooioooioioooiooooooooooooooooooooooooooooooooooooooooooooooooooooooooo
corpus_31@1	3ef533993c096709 3f748ec3cef54806 3fd8f9968a458a4e bfe680aa48cb1354 3fd4edeae5687d11 3e28f09b4f389d78 bdf3adadf31f67b4 bdcf5837928cde29 bdf3adadf31f67b8 3e286603e7929270 bdd800e3f58489ce bdcf5837928cde38 bdd800e3f58489d5 3e2447de9c528c02 3fd7a107941d7880 bfe7312c72b6b40c 3fd39c25b72fb2d5 3fda4f95765b60c8 bfe5ce6b194650f8 3fd62a114eaf6e2d	oooooooooooooooooooooooooooooooooooooooooooooooooooooooooioooioioooiooooooooooooooooooooooooooooooooooooooooooooooooooooooooo
corpus_31_alternate	3ef533993c09670a 3f748ec3cef54806 bfb2c24d995ea0a7 3fc333fae1bddc85 bfb0ebd7b2b75cc6 3e24cdbde6ceb064 3de85c16797f9df0 bdd564398521b2f8 3de85c16797f9df2 3e26a817be50c35b bdec8e0060f22ca8 bdd564398521b300 bdec8e0060f22ca0 3e2a28a82dfe4831 bfb8173424e622bd 3fc05fffac7166cf bfb5793d8f3e1bf8 bfa90de2a4c04b3a 3fc5e30a7332fccd bfa8cf1125ceec78	ooooooooooooooooooooooooooooooooooooiioooooooooooooooooooioooooooooioooooooooooooooooooiooooooooooooooooooooooooooooooooooooo
corpus_32	3f2865bb7efa7192 3f93876e8960029a 3fce4c0fbe4e960b 3fb3bde78cff1cb6 3fd089b85fced271 3e79a5e6bf7b29de 3e3bdf5aa0b682e2 3e20ced8a0fed7f0 3e3bdf5aa0b682e4 3e7a4a4dbe9ed294 3e3f3da597890380 3e20ced8a0fed7e8 3e3f3da597890378 3e7eae169acc8643 3fc8e4d173d9ae79 3fa0391f299227da 3fcc582d30c2eac9 3fd19692d60443ba 3fbe847d9b334e98 3fd2d640a3d60f7a	oooooooooooooooooooooooooooooooooooooioooooooooooooooooooiooooiioooiooooooooooooooooooiiooooooooooooooooooooooooooooooooooooo
corpus_32@0	3f2865bb7efa7192 3f93876e8960029a 3fb4241d27cdb5f5 3fc9c8160e5b609f 3fd25344cd05310c 3e79b889e5ba3d84 be001497f8bce020 be428e0c4fddf8ce be001497f8bce040 3e7c23fb49355d46 3e44a27764c2f3ac be428e0c4fddf8cc 3e44a27764c2f3b0 3e7cc1c5e9f6e7eb 3fa0daee1c3d5364 3fc490a12fd3ffc8 3fcf57b6078d84a7 3fbdd5a3632c774c 3fcf432a3d43201d 3fd5255dbcf95acd	oooooooooooooooooooooooooooooooooooooioooooooooooooooooooioooiiooooioooooooooooooooooooiooooooooooooooooooooooooooooooooooooo
corpus_32@1	3f2865bb7efa7192 3f93876e8960029a 3fe68483a4f9b6be bff0c6fd3e3493ed 3ff394d133414c43 3e79b889e5ba3d84 be001497f8bce020 be428e0c4fddf8ce be001497f8bce040 3e7c23fb49355d46 3e44a27764c2f3ac be428e0c4fddf8cc 3e44a27764c2f3b0 3e7cc1c5e9f6e7eb 3fe50daee1c3d537 bff16debda058006 3ff2eaf6c0f1b095 3fe7bab46c658ee9 bff0179ab8579bfd 3ff449576f3e56b3	oooooooooooooooooooooooooooooooooooooioooooooooooooooooooioooiiooooioooooooooooooooooooiooooooooooooooooooooooooooooooooooooo
corpus_32_alternate	3f2865bb7efa7192 3f93876e8960029a 3fce4c0fbe4e960b 3fb3bde78cff1cb6 3fd089b85fced270 3e79a5e6bf7b29dd 3e3bdf5aa0b682df 3e20ced8a0fed800 3e3bdf5aa0b682df 3e7a4a4dbe9ed294 3e3f3da597890378 3e20ced8a0fed7f0 3e3f3da597890370 3e7eae169acc8643 3fc8e4d173d9ae79 3fa0391f299227da 3fcc582d30c2eac9 3fd19692d60443ba 3fbe847d9b334e98 3fd2d640a3d60f7a	oooooooooooooooooooooooooooooooooooooioooooooooooooooooooiooooiioooiooooooooooooooooooiiooooooooooooooooooooooooooooooooooooo
corpus_33	3f57648c7104c271 3fb51b70c3356b0c bfd68fe3ba7e28db bfd5bfde1bfc7354 bfc7785a05aefcdc 3eca138e22b92e76 3e7f610c0db31ec0 be8650154cd41dd6 3e7f610c0db31ec0 3eca0864ea5503b1 3e743794fd471e30 be8650154cd41dda 3e743794fd471e40 3eca6ecf68f36168 bfdbf3181a9b4e81 bfdb2e0475b153e3 bfd13b4440fa7836 bfd15cce4a9a885e bfd02b79e6c365e2 bfb7cab4e169606a	oooooooooooooooooooooooooooooooooooooioooooooooooooooooooiooooiioooioooooooooooooooooooiooooooooooooooooooooooooooooooooooooo
corpus_33@0	3f57648c7104c271 3fb51b70c3356b0c bfe03ac65edc22e3 3faafa796eb333cb 3fbd9e4c2192abb0 3eca1cec0ffb730a be52b467c57c46c0 be8231e4ff8ea940 be52b467c57c46c0 3ecba096a528e170 3e59867e36426a80 be8231e4ff8ea940 3e59867e36426ac0 3ec8cd3fc0dd3f13 bfe2f342edb957d1 bf98ea16d574a24c 3f98cb725080cd7d bfdb14f37b434af9 3fbef54d8f0b68ca 3fc9ebdc09448315	oooooooooooooooooooooooooooooooooooooioooooooooooooooooooioooiiioooioooooooooooooooooooiooooooooooooooooooooooooooooooooooooo
corpus_33@1	3f57648c7104c271 3fb51b70c3356b0c 3fe7c539a123dd1d c00394161a453331 3fffd9e4c2192abb 3eca1cec0ffb730a be52b467c57c46c0 be8231e4ff8ea940 be52b467c57c46c0 3ecba096a528e170 3e59867e36426a80 be8231e4ff8ea940 3e59867e36426ac0 3ec8cd3fc0dd3f13 3fe50cbd1246a82f c00431d42daae944 3ffe632dc9420336 3fea7586425e5a84 c00308559387a4b9 40009ebdc0944831	oooooooooooooooooooooooooooooooooooooioooooooooooooooooooioooiiioooioooooooooooooooooooiooooooooooooooooooooooooooooooooooooo
corpus_33_alternate	3f57648c7104c270 3fb51b70c3356b0c bfd68fe3ba7e28db bfd5bfde1bfc7354 bfc7785a05aefcdc 3eca138e22b92e76 3e7f610c0db31ec0 be8650154cd41dd6 3e7f610c0db31ec0 3eca0864ea5503b1 3e743794fd471e30 be8650154cd41dda 3e743794fd471e40 3eca6ecf68f36168 bfdbf3181a9b4e81 bfdb2e0475b153e3 bfd13b4440fa7836 bfd15cce4a9a885e bfd02b79e6c365e2 bfb7cab4e169606a	oooooooooooooooooooooooooooooooooooooioooooooooooooooooooiooooiioooioooooooooooooooooooiooooooooooooooooooooooooooooooooooooo
corpus_34	3f91268c195478cc 3fd90f6cc8361a1a 3fe64628870b1adf 3fefa0da8e986693 bfedf3623c553385 3f25eb8172550954 bec4ef141c8b16bb 3efd1ba64e79d36c bec4ef141c8b16b8 3f2bf83fc14a72b3 be9b53eda6266b60 3efd1ba64e79d368 be9b53eda6266b80 3f283ea20e70f872 3fdf810abc4b4f6a 3feb905d4669b162 bff2320b7121917b 3fed4803ba81d011 3ff2185c50db36b3 bfe6f2726f6eddc2	ooooooooooooooooooooooooooooooooiooooioooooooooooooooooooiooooiooooioooooooooooooooooooiooooooooooooooooooooooooooooooooooooo
corpus_34@0	3f91268c195478cc 3fd90f6cc8361a1a 3fd0120968939ad0 3fecbbf3234628e8 bff362e3cbb5451d 3f26ebb9fdd4c618 beeb7b14430512d4 3efe8179c12cfab4 beeb7b14430512d0 3f2b1efff5d9334b 3ed603c08cb827c4 3efe8179c12cfab8 3ed603c08cb827c4 3f2817a94e627b1c 3fa737efa8d6f380 3fe6ee4467ec3b69 bff6b7f7c48733ca 3fdd0c9c0544d7a7 3ff107c08235a244 bfefd8e528bc7c3a	oooooooooooooooooooooooooooooooooooooioooooooooooooooooooooooiiioooooooooooooooooooooooiooooooooooooooooooooooooooooooooooooo
corpus_34@1	3f91268c195478cc 3fd90f6cc8361a1a 400602412d12735b c01068819b973ae3 40044e8e1a255d72 3f26ebb9fdd4c617 beeb7b14430512c4 3efe8179c12cfab4 beeb7b14430512c4 3f2b1efff5d9334b 3ed603c08cb827c4 3efe8179c12cfab8 3ed603c08cb827c4 3f2817a94e627b1c 40045cdfbea35bce c011223773027893 4002a4041dbc661b 4007a19380a89af5 c00f7c1fbee52edf 400609c6b5d0e0f2	oooooooooooooooooooooooooooooooooooooioooooooooooooooooooooooiiioooooooooooooooooooooooiooooooooooooooooooooooooooooooooooooo
corpus_34_alternate	3f91268c195478cc 3fd90f6cc8361a1a 3fe64628870b1adf 3fefa0da8e986693 bfedf3623c553385 3f25eb8172550954 bec4ef141c8b16ad 3efd1ba64e79d36c bec4ef141c8b16aa 3f2bf83fc14a72b3 be9b53eda6266ac0 3efd1ba64e79d368 be9b53eda6266ae0 3f283ea20e70f872 3fdf810abc4b4f6a 3feb905d4669b162 bff2320b7121917b 3fed4803ba81d011 3ff2185c50db36b3 bfe6f2726f6eddc2	ooooooooooooooooooooooooooooooooiooooioooooooooooooooooooiooooiooooioooooooooooooooooooiooooooooooooooooooooooooooooooooooooo
corpus_35	3fb544caf9151381 3ff586cd2b06f6c6 3fff3e3b8e4017d0 bff57eedc33c144c 3fde12d49e2ce6e1 3f639d203fd3e819 3f358424cf55087e bf2729e66c51d8aa 3f358424cf55087d 3f6b61e7d6b86532 bf35b00135095b50 bf2729e66c51d8ac bf35b00135095b50 3f6b22f3cba024fc 3ff96f1e834ba4b5 bffb1f3484fcd955 3fbec62a7b8a115e 4002a4731f3a1cdc bff01d19fdb8f1b1 3feac0b24e8a540f	oooooooooooooooooooooooooooooooooooooioooooooooooooooooooooooooooooooooooooooooooooooooiooooooooooooooooooooooooooooooooooooo
corpus_35@0	3fb544caf9151381 3ff586cd2b06f6c6 3fdf13ec824f2f81 bff481256ebba5ea bfffd79e16cacc82 3f695e63ad9e7ab5 beb5bf556e28b600 3f378b03e45e928a beb5bf556e28b600 3f66696ce46ac8fd bf43502ff5201aa6 3f378b03e45e928e bf43502ff5201aa6 3f6a5a2b50232e92 3fbeb8e65b9c6d07 bffad69189000b91 c0028c5d4c0ece39 3feb969352af2805 bfedcd64210e5a94 bffa79a6eeb2c59b	oooooooooooooooooooooooooooooooooooooioooooooooooooooooooioooooooooioooooooooooooooooooiooooooooooooooooooooooooooooooooooooo
corpus_35@1	3fb544caf9151381 3ff586cd2b06f6c6 4015f13ec824f2f9 c0269024add774be 40160a187a4d4ce0 3f695e63ad9e7ab5 beb5bf556e28b600 3f378b03e45e928a beb5bf556e28b600 3f66696ce46ac8fd bf43502ff5201aa6 3f378b03e45e928e bf43502ff5201aa6 3f6a5a2b50232e92 40147ae3996e71b4 c0275ad231200173 4014b9d159f898e4 401772d26a55e501 c025dcd64210e5a9 4017619644534e9a	oooooooooooooooooooooooooooooooooooooioooooooooooooooooooioooooooooioooooooooooooooooooiooooooooooooooooooooooooooooooooooooo
corpus_35_alternate	3fb544caf915137f 3ff586cd2b06f6c5 3fff3e3b8e4017d0 bff57eedc33c144c 3fde12d49e2ce6e1 3f639d203fd3e818 3f358424cf55087c bf2729e66c51d8a8 3f358424cf55087c 3f6b61e7d6b8652e bf35b00135095b4c bf2729e66c51d8a8 bf35b00135095b4c 3f6b22f3cba024fc 3ff96f1e834ba4b5 bffb1f3484fcd955 3fbec62a7b8a115e 4002a4731f3a1cdc bff01d19fdb8f1b1 3feac0b24e8a540f	oooooooooooooooooooooooooooooooooooooioooooooooooooooooooooooooooooooooooooooooooooooooiooooooooooooooooooooooooooooooooooooo
corpus_36	3fe3f6af4efe2380 40124ef92b44d34a 400c394345f077a8 4008b54a5fb32df5 c0084b7805cd017e 3fb37073cdf00a7d bf7ce127e8b32f14 3f652351a9e07fd0 bf7ce127e8b32f14 3fb2365547a6b614 3f8201f6bf5341ac 3f652351a9e07fce 3f8201f6bf5341ac 3fb95a8e948744ad 400733d1249faf4b 400305b34b6cd01f c00c37d7b149bd1a 401060ff7fc6c29f 400e815aff782c83 c0045f8f8576910a	oooooooooooooooooooooooooooooooooooooioooooooooooooooooooiooooiooooiooooooooooooooooooooooooooooooooooooooooooooooooooooooooo
corpus_36@0	3fe3f6af4efe2380 40124ef92b44d34a 400c71866800a4b9 40111cc6ebe46b68 bfe076692eaf4ff8 3fb450287b5a283c bf75f107e250fa9a bf7d4ecffb644f38 bf75f107e250fa9c 3fb1699f992c947d bf7826f1d9e2d5e0 bf7d4ecffb644f3c bf7826f1d9e2d5e0 3fb9478f95974885 400728cb6f4bda86 400ca6c4384b6fd4 bff0528ac788eb7c 4010b5ad4b063862 4013e702ea2db31e bf998336a703d0c0	oooooooooooooooooooooooooooooooooooooiooooooooooooooooooiiooooiooooiioooooooooooooooooooooooooooooooooooooooooooooooooooooooo
corpus_36@1	3fe3f6af4efe2380 40124ef92b44d34a 402b1c619a00292e c02f719c8a0dca4c 402cf8996d150b01 3fb450287b5a283c bf75f107e250fa9a bf7d4ecffb644f38 bf75f107e250fa9c 3fb1699f992c947d bf7826f1d9e2d5e0 bf7d4ecffb644f3c bf7826f1d9e2d5e0 3fb9478f95974885 4029ca32dbd2f6a1 c0306b2778f69206 402bf5aea70ee291 402c5ad6a5831c30 c02e0c7e8ae92671 402df33e64ac7e18	oooooooooooooooooooooooooooooooooooooiooooooooooooooooooiiooooiooooiioooooooooooooooooooooooooooooooooooooooooooooooooooooooo
corpus_36_alternate	3fe3f6af4efe237f 40124ef92b44d34a 400c394345f077a8 4008b54a5fb32df5 c0084b7805cd017e 3fb37073cdf00a7d bf7ce127e8b32f10 3f652351a9e07fce bf7ce127e8b32f10 3fb2365547a6b614 3f8201f6bf5341ac 3f652351a9e07fcc 3f8201f6bf5341ac 3fb95a8e948744ad 400733d1249faf4b 400305b34b6cd01f c00c37d7b149bd1a 401060ff7fc6c29f 400e815aff782c83 c0045f8f8576910a	oooooooooooooooooooooooooooooooooooooioooooooooooooooooooiooooiooooiooooooooooooooooooooooooooooooooooooooooooooooooooooooooo
corpus_37	4013b9b1e5018c0f 4034cfa249d9277c c0156c6406396c12 c0015e96328bae29 bfcd425f37ea6ef9 400443310fc6fee0 3fbc917fddd8b848 bfcfd9a4f5f516e4 3fbc917fddd8b848 400403aca947f99e bfcc257a364b928c bfcfd9a4f5f516e8 bfcc257a364b928c 4005fc58116ab0f8 c01af8cfc03c8132 c00bbcf9af8f8a62 bff995e890b034e4 c00f78df9475f48e bfe97b52f02f7642 3ff1d597d0efa14e	oooooooooooooooooooooooooooooooooooooioooooooooooooooooooioooooooooooooooooooooooooooooiooooooooooooooooooooooooooooooooooooo
corpus_37@0	4013b9b1e5018c0f 4034cfa249d9277c c01291325c21fed9 c00b30745b2b4799 3fe30c186ef13292 4004ffc9c401c5d5 bf771a6a34e50888 bfd349b8b9cea44c bf771a6a34e50808 4002dd8c50c0a4f3 bf953d01326e3642 bfd349b8b9cea448 bf953d01326e3640 400665dfb5b73ead c01807f42fe717c8 c0130c3df814d81e bfe58d112cf5e6c9 c00a4567b6348172 c000547a892f917f 3ffdbd3ee83db2d1	oooooooooooooooooooooooooooooooooooooioooooooooooooooooooioooooooooioooooooooooooooooooiooooooooooooooooooooooooooooooooooooo
corpus_37@1	4013b9b1e5018c0f 4034cfa249d9277c 402eb766d1ef0094 c045b30745b2b479 403e9860c3778994 4004ffc9c401c5d5 bf771a6a34e50888 bfd349b8b9cea44c bf771a6a34e50808 4002dd8c50c0a4f3 bf953d01326e3642 bfd349b8b9cea448 bf953d01326e3640 400665dfb5b73ead 402bfc05e80c741b c0466187bf029b04 403d5397769850ca 4030b75309396fd2 c0450547a892f918 403fdbd3ee83db2d	oooooooooooooooooooooooooooooooooooooioooooooooooooooooooioooooooooioooooooooooooooooooiooooooooooooooooooooooooooooooooooooo
corpus_37_alternate	4013b9b1e5018c0f 4034cfa249d9277d c0156c6406396c12 c0015e96328bae2a bfcd425f37ea6ef5 400443310fc6fee0 3fbc917fddd8b840 bfcfd9a4f5f516e4 3fbc917fddd8b848 400403aca947f99e bfcc257a364b928c bfcfd9a4f5f516e8 bfcc257a364b928c 4005fc58116ab0f7 c01af8cfc03c8132 c00bbcf9af8f8a62 bff995e890b034e4 c00f78df9475f48e bfe97b52f02f7642 3ff1d597d0efa14e	oooooooooooooooooooooooooooooooooooooioooooooooooooooooooioooooooooooooooooooooooooooooiooooooooooooooooooooooooooooooooooooo
corpus_38	40496243c7c86d21 40559801dcf71f58 401c8cdb65a6a77f 40250f02d9e699a0 402b52b5a5103954 405c6b9e6addf2c9 c02567dbfd5ee914 c01b61b3706f5e90 c02567dbfd5ee914 405f0bd2e3e39f98 4025b327e125eca4 c01b61b3706f5e90 4025b327e125eca4 405d644516e26b96 4011079c2dd7e196 401eb17ead3eec44 40258a97de286e00 402434281bf6b3f6 402aaaaf1e857090 40309702292bfaed	oooooooooooooooooooooooooooooooooooooioooooooooooooooooooooooiiioooioooooooooooooooooooiooooooooooooooooooooooooooooooooooooo
corpus_38@0	40496243c7c86d21 40559801dcf71f58 c01a549aaa42b6a6 40200c2aa700a440 c02f080b5e0e4915 405ff99d4b0bdfc3 c02c013d2fc0da94 3ffa57624bc95478 c02c013d2fc0da98 405dec05ad431fa7 c00504b905cc3be0 3ffa57624bc95488 c00504b905cc3be8 405af6136d54fe8e c022aeac1398910c 40148d3eb8ebb952 c032529f385fe481 c00f2cee9c3808ee 4025e8a6e32117e4 c029a8e79177fa96	oooooooooooooooooooooooooooooooooooooooooooooooooooooooooioooiiioooiooooooooooooooooooooooooooooooooooooooooooooooooooooooooo
corpus_38@1	40496243c7c86d21 40559801dcf71f58 4040b56caab7a92b c051fe7aab1feb78 40463dfd287c6dbb 405ff99d4b0bdfc4 c02c013d2fc0da94 3ffa57624bc95488 c02c013d2fc0da98 405dec05ad431fa7 c00504b905cc3bd2 3ffa57624bc95498 c00504b905cc3bda 405af6136d54fe8e 403ea8a9f633b77b c052b72c1471446b 4044d6b063d00dc0 40420d31163c7f71 c05142eb239bdd02 404795c61ba2015b	oooooooooooooooooooooooooooooooooooooooooooooooooooooooooioooiiioooiooooooooooooooooooooooooooooooooooooooooooooooooooooooooo
corpus_38_alternate	40496243c7c86d21 40559801dcf71f58 401c8cdb65a6a77f 40250f02d9e699a0 402b52b5a5103954 405c6b9e6addf2c9 c02567dbfd5ee914 c01b61b3706f5e90 c02567dbfd5ee914 405f0bd2e3e39f98 4025b327e125eca4 c01b61b3706f5e90 4025b327e125eca4 405d644516e26b96 4011079c2dd7e196 401eb17ead3eec44 40258a97de286e00 402434281bf6b3f6 402aaaaf1e857090 40309702292bfaed	oooooooooooooooooooooooooooooooooooooioooooooooooooooooooooooiiioooioooooooooooooooooooiooooooooooooooooooooooooooooooooooooo
corpus_39	407c080e439be324 407815323f57b476 404387120d5e4d2b 403af90db7ff3b0c 4025ae0f57b038b3 40b3cb9518452371 c057ef75ea9520e4 c072eff2f2447b88 c057ef75ea9520ec 40b0cdce0a4aba50 40488ad2848f6800 c072eff2f2447b8c 40488ad2848f6810 40b15e859d41d33b 40411a5f108e2fde 40354e6559322841 4015250b44d9705e 40465c1630e8c7c6 40406d38ace07495 4030d7ad19763b84	oooooooooooooooooooooooooooooooooooooooooooooooooooooooooioooioooooioooooooooooooooooooiooooooooooooooooooooooooooooooooooooo
corpus_39@0	407c080e439be324 407815323f57b476 403b1fad779659ce 403e863e5eb21130 403a83379ee63171 40b418464f1b6a8b 4067262fba4a8a77 c05f91e86dae56d0 4067262fba4a8a77 40b0e6b415c47e84 c03a7afeb9c716e0 c05f91e86dae56c8 c03a7afeb9c716e0 40b0f8ee5af1c7eb 403667b6ba8179ce 4039b23b09751aa8 4035c1ee1080fb53 404002278fa7d772 4041dcb486c3ec9a 403f301d0c8e66f4	ooooooooooooooooooooooooooooooooooooioooooooooooooooooooiiioooooooiiioooooooooooooooooiiioooooooooooooooooooooooooooooooooooo
corpus_39@1	407c080e439be324 407815323f57b476 405ac7eb5de59673 c0602f383429bdda 40625066f3dcc62e 40b418464f1b6a8b 4067262fba4a8a7b c05f91e86dae56d0 4067262fba4a8a73 40b0e6b415c47e84 c03a7afeb9c716e0 c05f91e86dae56c8 c03a7afeb9c716d0 40b0f8ee5af1c7ea 405999edaea05e74 c060c9b89ed15cab 4061b83dc2101f6a 405c0113c7d3ebb9 c05f11a5bc9e09b2 4062e603a191ccde	ooooooooooooooooooooooooooooooooooooioooooooooooooooooooiiioooooooiiioooooooooooooooooiiioooooooooooooooooooooooooooooooooooo
corpus_39_alternate	407c080e439be323 407815323f57b475 404387120d5e4d2b 403af90db7ff3b0c 4025ae0f57b038b3 40b3cb9518452371 c057ef75ea9520d4 c072eff2f2447b8c c057ef75ea9520e0 40b0cdce0a4aba4f 40488ad2848f67f0 c072eff2f2447b90 40488ad2848f6800 40b15e859d41d33b 40411a5f108e2fde 40354e6559322841 4015250b44d9705e 40465c1630e8c7c6 40406d38ace07495 4030d7ad19763b84	oooooooooooooooooooooooooooooooooooooooooooooooooooooooooioooioooooioooooooooooooooooooiooooooooooooooooooooooooooooooooooooo
corpus_40	40a3009ea3a9dc3b 4090728819f950ef 404fe0061278fab0 403e21bd033db565 c051bd2d2068d40b 40f211f8918dc22a 40bfd1895e3dc84d 40b263904ac9d1a8 40bfd1895e3dc84d 40f07aae73533063 c09593efd8577278 40b263904ac9d1a8 c09593efd8577288 40f4024876fea53a 404ab34a638fbbd2 4034ee24776f6909 c0540948876d06f9 40528addb930de9d 40444afa7545a642 c04ecebab03fc381	oooooooooooooooooooooooooooooooooooooioooooooooooooooooooioooiiooooiooooooooooooooiooooiooooooooooooooooooooooooooooooooooooo
corpus_40@0	40a3009ea3a9dc3b 4090728819f950ef 4057df0f319ebb5a 40282847f7cb5a6f c03b43fb4b793c14 40f1eeaed072a4af 40b4f139f480b5a1 c0b2d56c2e412b52 40b4f139f480b5a2 40f1b3bc9d2e2ba1 40c1e0a3f5f5447c c0b2d56c2e412b51 40c1e0a3f5f54482 40f2ec840e3ec778 4055bd078dfb0ce5 3fff233e06a53ffc c04298a3b8473b06 405a158e7f8015c7 4037228306cd3cc5 c031867d9b7b414f	ooooooooooooooooooooooooooooooooooooiioooooooooooooooooooioooiiooooiooooooooooooooiooooiioooooooooooooooooooooooooooooooooooo
corpus_40@1	40a3009ea3a9dc3b 4090728819f950ef 406fef8798cf5dad c0733ebdc041a52c 406a97809690d87d 40f1eeaed072a4af 40b4f139f480b5a1 c0b2d56c2e412b52 40b4f139f480b5a2 40f1b3bc9d2e2ba1 40c1e0a3f5f5447c c0b2d56c2e412b51 40c1e0a3f5f54482 40f2ec840e3ec778 406ede83c6fd8673 c073e0dcc1f95ac0 406959d711ee313f 407085639fe00572 c0728dd7cf932c33 406bcf304c9097d7	ooooooooooooooooooooooooooooooooooooiioooooooooooooooooooioooiiooooiooooooooooooooiooooiioooooooooooooooooooooooooooooooooooo
corpus_40_alternate	40a3009ea3a9dc3b 4090728819f950ef 404fe0061278fab0 403e21bd033db565 c051bd2d2068d40b 40f211f8918dc22a 40bfd1895e3dc84d 40b263904ac9d1a8 40bfd1895e3dc84d 40f07aae73533063 c09593efd8577278 40b263904ac9d1a8 c09593efd8577288 40f4024876fea53a 404ab34a638fbbd2 4034ee24776f6909 c0540948876d06f9 40528addb930de9d 40444afa7545a642 c04ecebab03fc381	oooooooooooooooooooooooooooooooooooooioooooooooooooooooooioooiiooooiooooooooooooooiooooiooooooooooooooooooooooooooooooooooooo
corpus_41	40ce9b4747d38327 40b00d003d27e7e0 405d61bb428247f9 c0601637f11d0a04 c051d9a6c2df4d28 41390655b83a22e6 c0e8862761ae6610 c115d7fc6b2d28f0 c0e8862761ae6620 413e25f41589d568 40f462b7c70bef28 c115d7fc6b2d28f3 40f462b7c70bef30 413b48386cfb5fb3 40580d9fe5220a2f c0627047be1f6fb6 c0571fad3b3092b0 40613aab9b51b400 c05b9d50c99c2d4d c049b07ef74c2378	oooooooooooooooooooooooooooooooooooooioooooooooooooooooooioooooioooioooooooooooooooooooiooooooooooooooooooooooooooooooooooooo
corpus_41@0	40ce9b4747d38327 40b00d003d27e7e0 405a8233742fe598 405fcc83d3ce77ed 40566e8559129edd 4136fe51df8cd9e7 411094ec66d85f90 c0ea7e5a1f805610 411094ec66d85f91 413d1f006910a17a 410255f378ca1604 c0ea7e5a1f805618 410255f378ca1604 413e572ff221dc9c 405525e3c79bffcc 405b179dd05d3e92 4051eec8a46d4e70 405f8f3e1e04eda2 40624856455d879b 405ae8d7072d93e6	oooooooooooooooooooooooooooooooooooooioooooooooooooooooooooooioioooioooooooooooooooooooiooooooooooooooooooooooooooooooooooooo
corpus_41@1	40ce9b4747d38327 40b00d003d27e7e0 407aa08cdd0bf966 c080066f85863102 4081cdd0ab2253dc 4136fe51df8cd9e7 411094ec66d85f90 c0ea7e5a1f805610 411094ec66d85f91 413d1f006910a17c 410255f378ca1604 c0ea7e5a1f805610 410255f378ca1600 413e572ff221dc9d 40794978f1e6fff3 c0809d0c45f4582d 40813dd9148da9ce 407be3cf87813b69 c07edbd4dd513c33 40825d1ae0e5b27c	oooooooooooooooooooooooooooooooooooooioooooooooooooooooooooooioioooioooooooooooooooooooiooooooooooooooooooooooooooooooooooooo
corpus_41_alternate	40ce9b4747d38327 40b00d003d27e7e0 405d61bb428247fa c0601637f11d0a04 c051d9a6c2df4d28 41390655b83a22e6 c0e8862761ae6610 c115d7fc6b2d28f0 c0e8862761ae6620 413e25f41589d568 40f462b7c70bef28 c115d7fc6b2d28f3 40f462b7c70bef30 413b48386cfb5fb3 40580d9fe5220a2f c0627047be1f6fb6 c0571fad3b3092b0 40613aab9b51b400 c05b9d50c99c2d4d c049b07ef74c2378	oooooooooooooooooooooooooooooooooooooioooooooooooooooooooioooooioooioooooooooooooooooooiooooooooooooooooooooooooooooooooooooo
corpus_42	41071c14e45f47c8 40d27b02571258e4 c066663e3419772f c050871215be49c4 c06393288dd2e3ed 41979a77e89af2a1 41564ead86003be8 c1182af8e888d040 41564ead86003be8 419850b3955fa1b8 4117fe860340c9c0 c1182af8e888d040 4117fe860340c980 41996ed2ff1b17b1 c06bab8da78de376 c05acf84591624ac c06835515020a6d7 c061eb32611caae3 c03b614ec0f179cf c05ddb9c7ee49bef	oooooooooooooooooooooooooooooooooooooioooooooooooooooooooioooiiioooiooooooooooooooooooiiooooooooooooooooooooooooooooooooooooo
corpus_42@0	41071c14e45f47c8 40d27b02571258e4 c0580e5920de68b5 c06ae91ec3e06287 c0525e1b3c36908f 41995995ded3c410 413927a3a50000a0 c13190f7f9bd6960 413927a3a50000c0 4197a57b04a9706a 4155c2fa56ea4e80 c13190f7f9bd6960 4155c2fa56ea4e80 41985aed9998778d c0616f67ff9c9216 c070657c5db53554 c05cccf8d089b7e9 c04c9795d3086764 c0659e34b2912efd c041188f7b03ec9c	oooooooooooooooooooooooooooooooooooooooooooooooooooooooooioooiiioooioooooooooooooooooooiooooooooooooooooooooooooooooooooooooo
corpus_42@1	41071c14e45f47c8 40d27b02571258e4 4080fe34dbe432e9 c0975d23d87c0c51 408bb43c98792dee 41995995ded3c410 413927a3a50000a0 c13190f7f9bd6960 413927a3a50000c0 4197a57b04a9706a 4155c2fa56ea4e80 c13190f7f9bd6960 4155c2fa56ea4e80 41985aed9998778d 407f484c0031b6f5 c098195f176d4d55 408a6660e5eec903 40823686a2cf7989 c096b3c6965225e0 408cee77084fc136	oooooooooooooooooooooooooooooooooooooooooooooooooooooooooioooiiioooioooooooooooooooooooiooooooooooooooooooooooooooooooooooooo
corpus_42_alternate	41071c14e45f47c8 40d27b02571258e4 c066663e3419772f c050871215be49c4 c06393288dd2e3ed 41979a77e89af2a1 41564ead86003bed c1182af8e888d040 41564ead86003bed 419850b3955fa1ba 4117fe860340c940 c1182af8e888d040 4117fe860340c980 41996ed2ff1b17b2 c06bab8da78de376 c05acf84591624ac c06835515020a6d7 c061eb32611caae3 c03b614ec0f179cf c05ddb9c7ee49bef	oooooooooooooooooooooooooooooooooooooioooooooooooooooooooioooiiioooiooooooooooooooooooiiooooooooooooooooooooooooooooooooooooo
corpus_43	413b1281a0eb05f8 40f7ad50adb5aced c050320391888056 4037400c22cd6000 4079f10ee0b34ca5 41f16b9bfcfaa67a 4194f3714a026698 41911fca0161f5ef 4194f3714a02669c 41f02880b1589dff 41affbb2b5eb4508 41911fca0161f5f1 41affbb2b5eb4500 41f12bbb9c4b09e0 c061d9b70c93264d c05204f8b2518928 4073d018cf41aadb 4019f5b829cccc41 405bf9a7371a9db6 407fb0aa9922e9a2	oooooooooooooooooooooooooooooooooooooiooooiooooooooooooooioooioioooiooooooooooooooiooooiooooioooooooooooooooooooooooooooooooo
corpus_43@0	413b1281a0eb05f8 40f7ad50adb5aced c06919ac5b9966df 40757947b9ac842b 406111e21f17d435 41f085d8e8d43f0a 4177b3cb5f41cac0 41aeba842d55d728 4177b3cb5f41caa0 41f1ae018402224b 41a036d5a2ff6cf8 41aeba842d55d720 41a036d5a2ff6cf6 41f08bfdddc7ed02 c072c0166b29aca0 40704ba80b43998d 4043d9ef4da64bd7 c05ac3a9da8e5494 407a4773ed99306f 406d884839e5356a	oooooooooooooooooooooooooooooooooooooioooooooooooooooooooioooioioooioooooooooooooooooooiooooooooooooooooooooooooooooooooooooo
corpus_43@1	413b1281a0eb05f8 40f7ad50adb5aced 4090dcca748cd324 c0a150d708ca6f7a 40a0111e21f17d43 41f085d8e8d43f0a 4177b3cb5f41cac0 41aeba842d55d728 4177b3cb5f41caa0 41f1ae018402224b 41a036d5a2ff6cf4 41aeba842d55d720 41a036d5a2ff6cee 41f08bfdddc7ed02 408e9ff4ca6b29b0 c0a1f68afe978cce 409e9ecf7a6d325f 409253c562571ab6 c0a0b711824cd9f2 40a0d884839e5357	oooooooooooooooooooooooooooooooooooooioooooooooooooooooooioooioioooioooooooooooooooooooiooooooooooooooooooooooooooooooooooooo
corpus_43_alternate	413b1281a0eb05f8 40f7ad50adb5aced c050320391888055 4037400c22cd5ffe 4079f10ee0b34ca5 41f16b9bfcfaa67a 4194f3714a026690 41911fca0161f5e2 4194f3714a026698 41f02880b1589dff 41affbb2b5eb4508 41911fca0161f5e5 41affbb2b5eb4500 41f12bbb9c4b09e0 c061d9b70c93264d c05204f8b2518928 4073d018cf41aadb 4019f5b829cccc41 405bf9a7371a9db6 407fb0aa9922e9a2	oooooooooooooooooooooooooooooooooooooiooooiooooooooooooooioooioioooiooooooooooooooiooooiooooioooooooooooooooooooooooooooooooo
corpus_44	41701661b6743b00 4117481b3fb1c5f6 c090c2379eec13e3 c08364d19cfebd8b c081497e79cacf6d 42465c5eaefb3989 41ebb97a32f02558 42122ea7a6212c4a 41ebb97a32f02568 424572715ba923eb 420eef07e4051608 42122ea7a6212c48 420eef07e4051604 4245e31022d103ba c0940cbb3ebd2cc2 c08a21ca5a2892bc c08730af93b23430 c08bf0339954b42a c07a85752192bd8e c0757c2d40cc1cb3	oooooooooooooooooooooooooooooooooooooioooooooooooooooooooioooiiioooiooooooooooooooooooooooooioooooooooooooooooooooooooooooooo
corpus_44@0	41701661b6743b00 4117481b3fb1c5f6 c082bf12ce1ff541 c092f62c0605eb98 4057b3865a2e817f 4243bd84d9429d69 41f928f4be69efb4 41fd2f6dd45ae148 41f928f4be69efb8 424909dd5b82089b c1e513033ab82d90 41fd2f6dd45ae148 c1e513033ab82dac 4244ea7df8b0bb29 c0893221f6462054 c09517bdf979ba12 c05a51a2ecfddf54 c0791cae33cee9e5 c09052ba9e5ca0cb 4073604187b97760	oooooooooooooooooooooooooooooooooooooioooooooooooooooooooioooiiioooiooooooooooooooiooooiooooooooooooooooooooooooooooooooooooo
corpus_44@1	41701661b6743b00 4117481b3fb1c5f6 409ea07698f00560 c0b8bd8b01817ae6 40aebd9c32d1740c 4243bd84d9429d69 41f928f4be69efbc 41fd2f6dd45ae148 41f928f4be69efc0 424909dd5b82089b c1e513033ab82d90 41fd2f6dd45ae148 c1e513033ab82dac 4244ea7df8b0bb29 409b66ef04dcefd6 c0b945ef7e5e6e84 40ad2d72e8981106 40a0dc6a398622c3 c0b814aea7972833 40b03604187b9776	oooooooooooooooooooooooooooooooooooooioooooooooooooooooooioooiiioooiooooooooooooooiooooiooooooooooooooooooooooooooooooooooooo
corpus_44_alternate	41701661b6743aff 4117481b3fb1c5f6 c090c2379eec13e3 c08364d19cfebd8a c081497e79cacf6d 42465c5eaefb3989 41ebb97a32f02548 42122ea7a6212c4c 41ebb97a32f02558 424572715ba923eb 420eef07e405160c 42122ea7a6212c4c 420eef07e405160c 4245e31022d103b8 c0940cbb3ebd2cc2 c08a21ca5a2892bc c08730af93b23430 c08bf0339954b42a c07a85752192bd8e c0757c2d40cc1cb3	oooooooooooooooooooooooooooooooooooooioooooooooooooooooooioooiiioooiooooooooooooooooooooooooioooooooooooooooooooooooooooooooo
corpus_45	419c64ebc8f24208 413962486e0c8c41 c09667ceeaa1b31b c065c1825afdb76b 40810f5c068939cd 4292f31d95fa54fc 4238aed941f03458 4260300547a84254 4238aed941f03450 42936500688d6755 c250f2a28df829b8 4260300547a84254 c250f2a28df829ba 4291f7392482b07e c09c4e91aa3e9573 c0812a84ca2401ae 4060862fc85e702d c0903720c14d01ae 4065433c21245be4 408d8ee034979a2a	oooooooooooooooooooooooooooooooooooooooooooooooooooooooooioooioioooioooooooooooooooooooiooooooooooooooooooooooooooooooooooooo
corpus_45@0	419c64ebc8f24208 413962486e0c8c41 4080b5ce07213285 40967f06f77884f3 c0640ad41bbbf9e8 4293d0ecc40aba4b c24f042c87da3d24 4234ea4ba3530800 c24f042c87da3d24 42928eed22db7451 425fbdd161d6a718 4234ea4ba35307f8 425fbdd161d6a70c 4291ef7d3c243e32 406afcf7fe5be4cd 40906a52d7b028f2 c0825acb9b127a5e 408b5ee598a6af1a 409ca8b24e17e2a5 406e51664f6000c2	oooooooooooooooooooooooooooooooooooooiiooooooooooooooooooioooioioooiooooooooooooooooooooooooioooooooooooooooooooooooooooooooo
corpus_45@1	419c64ebc8f24208 413962486e0c8c41 40b616b9c0e42651 c0c1301f2110ef61 40bd5fa95f222031 4293d0ecc40aba4b c24f042c87da3d2c 4234ea4ba3530808 c24f042c87da3d2c 42928eed22db7451 425fbdd161d6a718 4234ea4ba3530800 425fbdd161d6a70c 4291ef7d3c243e32 40b4d7e7bff2df27 c0c1f2b5a509fae1 40bbb4a68c9db0b6 40b76bdcb314d5e3 c0c06ae9b63d03ab 40bef28b327b0006	oooooooooooooooooooooooooooooooooooooiiooooooooooooooooooioooioioooiooooooooooooooooooooooooioooooooooooooooooooooooooooooooo
corpus_45_alternate	419c64ebc8f24208 413962486e0c8c41 c09667ceeaa1b31b c065c1825afdb76c 40810f5c068939cd 4292f31d95fa54fc 4238aed941f03460 4260300547a84258 4238aed941f03460 42936500688d6754 c250f2a28df829b6 4260300547a84252 c250f2a28df829b4 4291f7392482b07e c09c4e91aa3e9573 c0812a84ca2401ae 4060862fc85e702d c0903720c14d01ae 4065433c21245be4 408d8ee034979a2a	oooooooooooooooooooooooooooooooooooooooooooooooooooooooooioooioioooioooooooooooooooooooiooooooooooooooooooooooooooooooooooooo
corpus_46	41cce342920bacc7 415637926bfdfee9 40adfbe80c2f7424 c06abf7736e2b516 40ac54deddeda260 42e150368c44a5fc c28a40e87dc4d0e0 4264dbd50b055d00 c28a40e87dc4d0d8 42e1ead71dde649f 427eba199d2d2940 4264dbd50b055d40 427eba199d2d2960 42e1e640970746f4 40a80f5e2577a51b c08d1bc4adb465ec 40a67da739c80d0c 40b1ee374a0d4117 40808cb16838bd2d 40b10c3762266c1b	oooooooooooooooooooooooooooooooooooooioooooooooooooooooooooooiiioooiooooooooooooooooooooooooooooooooooooooooooooooooooooooooo
corpus_46@0	41cce342920bacc7 415637926bfdfee9 c0894f5f6f14b801 40b32f9c1a6671b5 409bb7b6fdcdc574 42e233be9392adf4 c262f1d5f7d89780 4271d7ef95d9ea90 c262f1d5f7d89740 42e1690fc2f89336 42880da1001aa100 4271d7ef95d9ea90 42880da1001aa0e0 42e1847fea9f1064 c096596512f5b89c 40b01bb44d1d5931 408fd2c5b1a7bc5e c05602bb521e9ede 40b6364131bd7594 40a3df8e92291db4	oooooooooooooooooooooooooooooooooooooiooooiooooooooooooooioooiiioooioooooooooooooooooooiooooooooooooooooooooooooooooooooooooo
corpus_46@1	41cce342920bacc7 415637926bfdfee9 40c26b0a090eb480 c0ce6831f2ccc726 40d0bb7b6fdcdc57 42e233be9392adf4 c262f1d5f7d89780 4271d7ef95d9ea90 c262f1d5f7d89740 42e1690fc2f89336 42880da1001aa100 4271d7ef95d9ea90 42880da1001aa0e0 42e1847fea9f1064 40c134d35da148ec c0cff225d9715368 40cffd2c5b1a7bc5 40c3d3fa895bc2c2 c0cce4df67214536 40d17bf1d24523b6	oooooooooooooooooooooooooooooooooooooiooooiooooooooooooooioooiiioooioooooooooooooooooooiooooooooooooooooooooooooooooooooooooo
corpus_46_alternate	41cce342920bacc6 415637926bfdfee8 40adfbe80c2f7424 c06abf7736e2b51c 40ac54deddeda260 42e150368c44a5fb c28a40e87dc4d0e0 4264dbd50b055d40 c28a40e87dc4d0e0 42e1ead71dde649f 427eba199d2d2940 4264dbd50b055d80 427eba199d2d2960 42e1e640970746f3 40a80f5e2577a51b c08d1bc4adb465ec 40a67da739c80d0c 40b1ee374a0d4117 40808cb16838bd2d 40b10c3762266c1b	oooooooooooooooooooooooooooooooooooooioooooooooooooooooooooooiiioooiooooooooooooooooooooooooooooooooooooooooooooooooooooooooo
corpus_47	41faacd2a518a831 4177692d381c3b50 40bfed8673e2b070 c0770148a25d8df7 40a87fd654593342 433024ae012fcdfc 42d2d4cf66f8da20 42f0f715696f7b28 42d2d4cf66f8da30 433183ce40e6a55d 42dfc2d36db9ae00 42f0f715696f7b28 42dfc2d36db9adf8 432edd0da4e1a15a 40b9d89c13344a43 c09b158d324043b6 4098d47f75fe35a8 40c2f2139adfc54b 4091eb3f95a8cdce 40b264a177ff8044	oooooooooooooooooooooooooooooooooooooioooooooooooooooooooioooiiioooioooooooooooooooooooiooooooooooooooooooooooooooooooooooooo
corpus_47@0	41faacd2a518a831 4177692d381c3b50 40c0855343afb700 c08ee4f87045b1da 40a01b077a46ed92 43305df15b4276f8 42ba8882940b4a40 42f05cab4021615e 42ba8882940b4940 43312571e33372e6 42ee74e30c163b0c 42f05cab40216160 42ee74e30c163b08 432f273fac22b456 40bb07a63538c5f8 c0a3225c07d4276e 408447cbf5342686 40c36f87190613b9 4080e598ed807cc5 40ab4fef20fb0539	oooooooooooooooooooooooooooooooooooooioooooooooooooooooooioooioioooioooooooooooooooooooiooooooooooooooooooooooooooooooooooooo
corpus_47@1	41faacd2a518a831 4177692d381c3b50 40dc42a9a1d7db80 c0e47b93e1c116c7 40e001b077a46ed9 43305df15b4276f8 42ba8882940b4a40 42f05cab4021615a 42ba8882940b4980 43312571e33372e6 42ee74e30c163af8 42f05cab4021615c 42ee74e30c163af4 432f273fac22b452 40dac1e98d4e317f c0e53225c07d4276 40dea23e5fa9a134 40ddb7c38c8309dd c0e3bc699c49fe0c 40e0b4fef20fb054	oooooooooooooooooooooooooooooooooooooioooooooooooooooooooioooioioooioooooooooooooooooooiooooooooooooooooooooooooooooooooooooo
corpus_47_alternate	41faacd2a518a831 4177692d381c3b50 40bfed8673e2b070 c0770148a25d8df4 40a87fd654593342 433024ae012fcdfd 42d2d4cf66f8da30 42f0f715696f7b2c 42d2d4cf66f8da40 433183ce40e6a55e 42dfc2d36db9ade0 42f0f715696f7b30 42dfc2d36db9add8 432edd0da4e1a15a 40b9d89c13344a43 c09b158d324043b6 4098d47f75fe35a8 40c2f2139adfc54b 4091eb3f95a8cdce 40b264a177ff8044	oooooooooooooooooooooooooooooooooooooioooooooooooooooooooioooiiioooioooooooooooooooooooiooooooooooooooooooooooooooooooooooooo
corpus_48	42339b76d5f28cb2 419dba5f67f7d618 40c7af7bde1171b6 c09e16ebc98e9f8e c0c3a838964b260d 43926a177b95bcb9 c328ea08f9a9de0c 4330fb47f1233520 c328ea08f9a9de0d 438f1ff49b7b86fd c35fbf675a1b6e48 4330fb47f123351f c35fbf675a1b6e48 438ac965cab9c674 40c3363cf96b49d4 c0b600afff348180 c0cafcf91da1d3b7 40cd27300c6e8c64 409c8104bbc3cd4d c0b8e38fe4d49bf4	oooooooooooooooooooooooooooooooooooooiiooooooooooooooooooooooiiioooooooooooooooooooooooiooooooooooooooooooooooooooooooooooooo
corpus_48@0	42339b76d5f28cb2 419dba5f67f7d618 40c839068f6007d3 c0aea344e0fa5ed8 c0c1c7c6d6865fbc 439262c382e561c0 c31d1e72391ba728 433a7684c20d713e c31d1e72391ba726 438d8b51b510c933 c3620414ba549ae4 433a7684c20d7139 c3620414ba549ae4 438c6cb0a2853a2c 40c3a2e45fa32514 c0be37a8f3160b2a c0c96220c9b98699 40cdc748d341a9d7 c04c2378b3590d00 c0b4d18097ec3cdc	oooooooooooooooooooooooooooooooooooooioooooooooooooooooooooooiiioooooooooooooooooooooooiooooooooooooooooooooooooooooooooooooo
corpus_48@1	42339b76d5f28cb2 419dba5f67f7d618 40ea0e41a3d801f5 c0f4f51a2707d2f6 40e98e0e4a5e6811 439262c382e561c0 c31d1e72391ba728 433a7684c20d713c c31d1e72391ba728 438d8b51b510c932 c3620414ba549ae4 433a7684c20d713b c3620414ba549ae2 438c6cb0a2853a2a 40e8e8b917e8c944 c0f5e37a8f3160b2 40e7a777cd919e5a 40eb71d234d06a76 c0f403846f166b22 40eb65cfed027864	oooooooooooooooooooooooooooooooooooooioooooooooooooooooooooooiiioooooooooooooooooooooooiooooooooooooooooooooooooooooooooooooo
corpus_48_alternate	42339b76d5f28cb2 419dba5f67f7d618 40c7af7bde1171b6 c09e16ebc98e9f8e c0c3a838964b260d 43926a177b95bcb9 c328ea08f9a9de0c 4330fb47f1233520 c328ea08f9a9de0d 438f1ff49b7b86fd c35fbf675a1b6e48 4330fb47f123351f c35fbf675a1b6e48 438ac965cab9c674 40c3363cf96b49d4 c0b600afff348180 c0cafcf91da1d3b7 40cd27300c6e8c64 409c8104bbc3cd4d c0b8e38fe4d49bf4	oooooooooooooooooooooooooooooooooooooiiooooooooooooooooooooooiiioooooooooooooooooooooooiooooooooooooooooooooooooooooooooooooo
corpus_49	426213841bdd0814 41bf1f8209ca7b02 40dfe57c40ada6d5 c0da6418c78ba11b c0c09408758bc35a 43daf2866e787dcf 436bdc459ee9aac0 4397cd6f3490a3b0 436bdc459ee9aac0 43dc59ae16e19874 43a4d21b7c26b918 4397cd6f3490a3ac 43a4d21b7c26b910 43db2859d4bbe13e 40d8bed24920f6e9 c0e065610ebe25ae c0cd74847e480332 40e34b4009959da2 c0d395dc9492ee48 c096656242b1c0c4	oooooooooooooooooooooooooooooooooooooioooooooooooooooooooioooioioooooooooooooooooooooooiooooooooooooooooooooooooooooooooooooo
corpus_49@0	426213841bdd0814 41bf1f8209ca7b02 40e078f55f319457 c0d6f23ba037477a c0ca20e92179a5e3 43daa2ada1b204ae c38cd869a0bb3770 c3836d67c6f72358 c38cd869a0bb3768 43dcde78a8fae7c2 c3a51c8fc51852e0 c3836d67c6f72358 c3a51c8fc51852e0 43daf3680f690b12 40da0d32be68e63b c0dd5292d3da5c56 c0d3fdd16e16b14a 40e3be8e5c08ea3a c0d04782b9056a79 c0b94d9de98418d8	oooooooooooooooooooooooooooooooooooooooooooooooooooooooooioooioioooooooooooooooooooooooiooooooooooooooooooooooooooooooooooooo
corpus_49@1	426213841bdd0814 41bf1f8209ca7b02 40fc3c7aaf98ca2d c106de477406e8f0 40fabbe2dbd0cb44 43daa2ada1b204ae c38cd869a0bb3770 c3836d67c6f72378 c38cd869a0bb3768 43dcde78a8fae7c2 c3a51c8fc51852e0 c3836d67c6f72378 c3a51c8fc51852e4 43daf3680f690b12 40fa834caf9a398f c107aa525a7b4b8b 40f9008ba47a53ae 40fddf472e04751d c10608f05720ad4f 40fc6b262167be73	oooooooooooooooooooooooooooooooooooooooooooooooooooooooooioooioioooooooooooooooooooooooiooooooooooooooooooooooooooooooooooooo
corpus_49_alternate	426213841bdd0814 41bf1f8209ca7b02 40dfe57c40ada6d5 c0da6418c78ba11b c0c09408758bc35a 43daf2866e787dcd 436bdc459ee9aaa0 4397cd6f3490a3b4 436bdc459ee9aaa0 43dc59ae16e19874 43a4d21b7c26b920 4397cd6f3490a3b8 43a4d21b7c26b918 43db2859d4bbe13c 40d8bed24920f6e9 c0e065610ebe25ae c0cd74847e480332 40e34b4009959da2 c0d395dc9492ee48 c096656242b1c0c4	oooooooooooooooooooooooooooooooooooooioooooooooooooooooooioooioioooooooooooooooooooooooiooooooooooooooooooooooooooooooooooooo
corpus_50	3dda61ea5469bee9 3eb54f162b671674 bf54586d83d9c406 bf60d2417697fa26 3f514b0bc0dd3001 3c4d51ed326771a0 bbed7f5dab9a35b0 3c08f9b905af9d38 bbed7f5dab9a35b0 3c501749e4f5de16 3be6729b2af45220 3c08f9b905af9d40 3be6729b2af45240 3c4f7b89da48f1fb bf59eb0b9f5b09af bf63c3276d5a293a 3f4739a0c5789ee4 bf4d24724aad1c22 bf5bf4cbd5db1f9a 3f56c2bd0d1f7610	oooooooooooooooooooooooooooooooooooooioooooooooooooooooooioooiiioooiooooooooooooooooooooooooooooooooooooooooooooooooooooooooo
corpus_50@0	3dda61ea5469bee9 3eb54f162b671674 3f645d20cc7c4607 bf34f1ddfd775d85 bf49313a99052d9f 3c4f66e2aa3d2da4 3be2dd7599dafa40 3c091e20b7402dbc 3be2dd7599dafa40 3c5022bacff477cb bbe743009185b8b0 3c091e20b7402db9 bbe743009185b8c0 3c4d4fb28c76028e 3f618ed83e21b7c3 bf458db451022969 bf51dc88192c3f9d 3f6718df335c37e3 3ee4817e83e83a18 bf3caf2a57730c3c	oooooooooooooooooooooooooooooooooooooioooooooooooooooooooioooiiooooioooooooooooooooooooiooooooooooooooooooooooooooooooooooooo
corpus_50@1	3dda61ea5469bee9 3eb54f162b671674 3f7e2e90663e2303 bf84a78eefebbaec 3f7ad9d8acdf5a4c 3c4f66e2aa3d2da4 3be2dd7599dafa40 3c091e20b7402dbc 3be2dd7599dafa40 3c5022bacff477cb bbe743009185b8b0 3c091e20b7402db9 bbe743009185b8c0 3c4d4fb28c76028e 3f7cc76c1f10dbe1 bf8558db45102297 3f7988ddf9b4f018 3f7f8c6f99ae1bf2 bf83fadfa05f05f1 3f7c350d5a88cf3c	oooooooooooooooooooooooooooooooooooooioooooooooooooooooooioooiiooooioooooooooooooooooooiooooooooooooooooooooooooooooooooooooo
corpus_50_alternate	3dda61ea5469bee9 3eb54f162b671674 bf54586d83d9c406 bf60d2417697fa26 3f514b0bc0dd3001 3c4d51ed326771a0 bbed7f5dab9a35c0 3c08f9b905af9d38 bbed7f5dab9a35c0 3c501749e4f5de16 3be6729b2af45220 3c08f9b905af9d40 3be6729b2af45240 3c4f7b89da48f1fb bf59eb0b9f5b09af bf63c3276d5a293a 3f4739a0c5789ee4 bf4d24724aad1c22 bf5bf4cbd5db1f9a 3f56c2bd0d1f7610	oooooooooooooooooooooooooooooooooooooioooooooooooooooooooioooiiioooiooooooooooooooooooooooooooooooooooooooooooooooooooooooooo
corpus_51	3e0fd8bfbc05e008 3edc62901b2edf3c bf656cf2b3ca806c 3f5f5f60d19b19eb 3f551c5eff7c6322 3ca83284c1e3ea2f bc62819a80d7a8c4 3c4638c5a3bafdd0 bc62819a80d7a8c6 3ca5984783d5f151 bc3a3eac8fd2b8e0 3c4638c5a3bafde0 bc3a3eac8fd2b8e0 3ca54dea37a7b033 bf6b716e784798d7 3f525c3709fe439c 3f41492abbd47995 bf5eb0a31efb7657 3f65db744c90b52e 3f607686e9994075	oooooooooooooooooooooooooooooooooooooioooooooooooooooooooioooioioooioooooooooooooooooooiooooooooooooooooooooooooooooooooooooo
corpus_51@0	3e0fd8bfbc05e008 3edc62901b2edf3c 3f50c50a24a91d52 bf68d7e2fa77e1e2 bf56b8048930b825 3ca552ea79d59dfb 3c40fbfdab4a9494 3c3ee67040b02660 3c40fbfdab4a9494 3ca6c186bb6b1383 3c6c1305e2dcdc06 3c3ee67040b02660 3c6c1305e2dcdbfe 3ca704454820da37 3f38ed211f12632c bf6e099491645b18 bf612948797ffce2 3f5b1b14c6ebcbee bf63ca9a11c40dca bf46092f65ba327c	ooooooooooooooooooooooooooooooooiooooiooooiooooooooooooooioooooooooiooooooooooooooioooooooooioooooooooooooooooooooooooooooooo
corpus_51@1	3e0fd8bfbc05e008 3edc62901b2edf3c 3f8618a1449523aa bf971afc5f4efc3d 3f8b28ff6ed9e8fa 3ca552ea79d59dfb 3c40fbfdab4a9494 3c3ee67040b02660 3c40fbfdab4a9494 3ca6c186bb6b1383 3c6c1305e2dcdc06 3c3ee67040b02660 3c6c1305e2dcdbfe 3ca704454820da37 3f84c76908f89319 bf97c132922c8b63 3f89b5ade1a000c6 3f87636298dd797d bf967953423881ba 3f8c9f6d09a45cd8	ooooooooooooooooooooooooooooooooiooooiooooiooooooooooooooioooooooooiooooooooooooooioooooooooioooooooooooooooooooooooooooooooo
corpus_51_alternate	3e0fd8bfbc05e006 3edc62901b2edf3c bf656cf2b3ca806c 3f5f5f60d19b19eb 3f551c5eff7c6322 3ca83284c1e3ea2f bc62819a80d7a8c4 3c4638c5a3bafdd0 bc62819a80d7a8c2 3ca5984783d5f151 bc3a3eac8fd2b8c0 3c4638c5a3bafde0 bc3a3eac8fd2b8c0 3ca54dea37a7b033 bf6b716e784798d7 3f525c3709fe439c 3f41492abbd47995 bf5eb0a31efb7657 3f65db744c90b52e 3f607686e9994075	oooooooooooooooooooooooooooooooooooooioooooooooooooooooooioooioioooioooooooooooooooooooiooooooooooooooooooooooooooooooooooooo
corpus_52	3e32a96c7959d911 3ef0101f0bd0525d 3f70c24a5be65b40 3f55b3264d5572dc bf660d2d7cb24a75 3ce172cce067125c 3caa3b24ebcc49ca 3c9d7b7cad65cf68 3caa3b24ebcc49ca 3ce06d78e6d1e16b bc8ca16db8da7308 3c9d7b7cad65cf70 bc8ca16db8da7310 3ce1fcc4dcf3eff0 3f6799e11e0f132a 3f2659a954484252 bf6f9f694e006914 3f763ee5271e225c 3f65b5d465ba8c31 bf5887ad22bd9e4b	oooooooooooooooooooooooooooooooooooooioooooooooooooooooooioooiiioooiooooooooooooooooooooooooooooooooooooooooooooooooooooooooo
corpus_52@0	3e32a96c7959d911 3ef0101f0bd0525d 3f724a757cd5b83e 3f63b2561bb688f6 3f21f31297672e85 3ce0e6f431efce8a 3c86506620c70a5a bca65ef37e797649 3c86506620c70a5a 3ce2ba74296b19c6 3c992fe512954820 bca65ef37e797651 3c992fe512954818 3ce03ba248d1fb6a 3f6ca4963ac857bd 3f57392c9d6cf25a bf52f7cafca7734a 3f767c88093ec0d8 3f6c04a9eb69bf00 3f54893b45cfb571	ooooooooooooooooooooooooooooooooiooooioooooooooooooooooooioooiiioooioooooooooooooooooooiooooioooooooooooooooooooooooooooooooo
corpus_52@1	3e32a96c7959d911 3ef0101f0bd0525d 3f98929d5f356e0f bfa2c4da9e449771 3f9e23e6252ece5d 3ce0e6f431efce8a 3c86506620c70a5a bca65ef37e797649 3c86506620c70a5a 3ce2ba74296b19c6 3c992fe512954820 bca65ef37e797651 3c992fe512954818 3ce03ba248d1fb6a 3f979492c7590af7 bfa346369b14986d 3f9cd083503588cc 3f999f22024fb035 bfa23fb56149640f 3f9f4893b45cfb57	ooooooooooooooooooooooooooooooooiooooioooooooooooooooooooioooiiioooioooooooooooooooooooiooooioooooooooooooooooooooooooooooooo
corpus_52_alternate	3e32a96c7959d911 3ef0101f0bd0525d 3f70c24a5be65b40 3f55b3264d5572dd bf660d2d7cb24a75 3ce172cce067125d 3caa3b24ebcc49d0 3c9d7b7cad65cf88 3caa3b24ebcc49d4 3ce06d78e6d1e16c bc8ca16db8da7310 3c9d7b7cad65cf88 bc8ca16db8da7310 3ce1fcc4dcf3eff1 3f6799e11e0f132a 3f2659a954484252 bf6f9f694e006914 3f763ee5271e225c 3f65b5d465ba8c31 bf5887ad22bd9e4b	oooooooooooooooooooooooooooooooooooooioooooooooooooooooooioooiiioooiooooooooooooooooooooooooooooooooooooooooooooooooooooooooo
corpus_53	3e712c67d17bb344 3f1d04970f9ac696 3f66b9bd7798dde3 bf9055e75cf2792d bf92105a01279773 3d506afdc84fc649 3ce4e5078a1519d2 bd0b4dba92a9832c 3ce4e5078a1519d1 3d50ac91cb32259d 3d149abe6cc2b670 bd0b4dba92a9832c 3d149abe6cc2b670 3d426d94e0f43d75 3f3cfb283d7b9d74 bf92d4014b8fe707 bf955a4950b15217 3f74a1fb953105a9 bf8bc4adbcb4a021 bf8d72b1a650207f	ooooooooooooooooooooooooooooooooooooiioooooooooooooooooooiiooooiooiooooooooooooooooooooiioooooooooooooooooooooooooooooooooooo
corpus_53@0	3e712c67d17bb344 3f1d04970f9ac696 bf9012ae576a8ef5 3f927f522e3d2e8d bf4b5d8192075b3a 3d50c26c10e512ff bd0e22e66b3f2ce6 bcf5524dcc8f8f0b bd0e22e66b3f2ce6 3d4425f05b6ba03f bd24d03c8e9d8c1c bcf5524dcc8f8f06 bd24d03c8e9d8c19 3d4ef1eb8ac24f03 bf92600ae2cb6312 3f8e09dab1401856 bf6d8236416698a6 bf8bdd2311d52a3f 3f95ff47111b4f6d 3f602aaedc46fb58	ooooooooooooooooooooooooooooooooiooooioooooooooooooooooooioooooooooioooooooooooooooooooiooooioooooooooooooooooooooooooooooooo
corpus_53@1	3e712c67d17bb344 3f1d04970f9ac696 3f97ed51a895710b bfaec056e8e168b9 3fad9289f9b7e294 3d50c26c10e512ff bd0e22e66b3f2ce6 bcf5524dcc8f8f0f bd0e22e66b3f2ce6 3d4425f05b6ba03f bd24d03c8e9d8c1c bcf5524dcc8f8f0a bd24d03c8e9d8c19 3d4ef1eb8ac24f03 3f959ff51d349cee bfb03ec4a9d7fcf5 3fac27dc9be99676 3f9a116e77156ae0 bfad005c77725849 3faf02aaedc46fb6	ooooooooooooooooooooooooooooooooiooooioooooooooooooooooooioooooooooioooooooooooooooooooiooooioooooooooooooooooooooooooooooooo
corpus_53_alternate	3e712c67d17bb344 3f1d04970f9ac696 3f66b9bd7798dde3 bf9055e75cf2792d bf92105a01279773 3d506afdc84fc649 3ce4e5078a1519da bd0b4dba92a9832c 3ce4e5078a1519d9 3d50ac91cb32259d 3d149abe6cc2b670 bd0b4dba92a9832c 3d149abe6cc2b670 3d426d94e0f43d75 3f3cfb283d7b9d74 bf92d4014b8fe707 bf955a4950b15217 3f74a1fb953105a9 bf8bc4adbcb4a021 bf8d72b1a650207f	ooooooooooooooooooooooooooooooooooooiioooooooooooooooooooiiooooiooiooooooooooooooooooooiioooooooooooooooooooooooooooooooooooo
corpus_54	3e9848a8774e4eca 3f334a95a246f506 bf6e20e69fa036dd 3f82e678c6e86072 3f9ff5ed16632837 3d8b9e4cfbbd8afc 3d4ee791fc9b1bcc 3d4bf682d4487f84 3d4ee791fc9b1bd2 3d89c2014a35424c bd2a33f061b88480 3d4bf682d4487f80 bd2a33f061b88460 3d8bc7d18e1a5396 bf81e34a80218e15 3f6a13ca3f1b926e 3f9a442c86ae3289 3f5b38c140fc3fa7 3f8ecf5df00a8f3a 3fa28c88cc5b0ee6	oooooooooooooooooooooooooooooooooooooioooooooooooooooooooioooiiioooioooooooooooooooooooiooooooooooooooooooooooooooooooooooooo
corpus_54@0	3e9848a8774e4eca 3f334a95a246f506 3f8a831331e937fc bf9d1c60f74b1ecd bf842e135e5b3fd6 3d8cc401b634acd2 bd4edac68891adf6 3d38d43430e44498 bd4edac68891adf6 3d88e5350533d85b 3cfba0f3efdf0200 3d38d43430e44498 3cfba0f3efdf0200 3d8b7ee918a49baf 3f817899ff566485 bfa13e8af3d65283 bf8dbdf243710017 3f925bdd65396300 bf97716956f5c736 bf759865e4adf2ac	oooooooooooooooooooooooooooooooooooooioooooooooooooooooooioooiiioooioooooooooooooooooooiooooooooooooooooooooooooooooooooooooo
corpus_54@1	3e9848a8774e4eca 3f334a95a246f506 3fb75062663d2700 bfc7a38c1ee963da 3fbb7a3d94349805 3d8cc401b634acd2 bd4edac68891adf6 3d38d43430e44498 bd4edac68891adf6 3d88e5350533d85b 3cfba0f3efdf0200 3d38d43430e44498 3cfba0f3efdf0200 3d8b7ee918a49baf 3fb62f133feacc91 bfc84fa2bcf594a1 3fba4841b791dffd 3fb896f7594e58c0 bfc6ee2d2adeb8e7 3fbca679a1b520d5	oooooooooooooooooooooooooooooooooooooioooooooooooooooooooioooiiioooioooooooooooooooooooiooooooooooooooooooooooooooooooooooooo
corpus_54_alternate	3e9848a8774e4eca 3f334a95a246f506 bf6e20e69fa036dd 3f82e678c6e86072 3f9ff5ed16632837 3d8b9e4cfbbd8afc 3d4ee791fc9b1bcc 3d4bf682d4487f84 3d4ee791fc9b1bd2 3d89c2014a35424c bd2a33f061b88480 3d4bf682d4487f80 bd2a33f061b88460 3d8bc7d18e1a5396 bf81e34a80218e15 3f6a13ca3f1b926e 3f9a442c86ae3289 3f5b38c140fc3fa7 3f8ecf5df00a8f3a 3fa28c88cc5b0ee6	oooooooooooooooooooooooooooooooooooooioooooooooooooooooooioooiiioooioooooooooooooooooooiooooooooooooooooooooooooooooooooooooo
corpus_55	3ec8de52b367bf5f 3f5723c6baf3f172 3f90779518c81bd9 3f5ca6e809814483 bfaf2c8967acdd21 3ddcca1d0afe3ff6 bda32096da95a646 3d854e5786e06140 bda32096da95a648 3de0f852a0a9a546 bd92de9a529b85e8 3d854e5786e06130 bd92de9a529b85e8 3ddc46f1545867ac 3f70934c9de1931f bf7cb09c3264dbe2 bfb2b03ba9b35a54 3f9bd8d5d4cf936a 3f894a92e3f32a38 bfa8f881e20f9096	ooooooooooooooooooooooooooooooooiooooooooooooooooooooooooioooioioooooooooooooooooooooooiooooooooooooooooooooooooooooooooooooo
corpus_55@0	3ec8de52b367bf5f 3f5723c6baf3f172 bf8ce6207bc2f283 3fa3c20e00172eb0 bfa8735c86685d9c 3ddc2a3ca8716464 3d86be3871d17d20 3d837289e5390f90 3d86be3871d17d00 3de09c442590119e 3da8ee8ebcbfaa41 3d837289e5390f90 3da8ee8ebcbfaa41 3ddd9eeead186a9a bf9a69061296fd61 3f9d56d235d5c3aa bfaddea7409a119f bf62f2c6b5f1c7a4 3fa8b5d7ab1e7b81 bfa2b3dfb65c34b5	oooooooooooooooooooooooooooooooooooooioooooooooooooooooooooooioooooioooooooooooooooooooiooooooooooooooooooooooooooooooooooooo
corpus_55@1	3ec8de52b367bf5f 3f5723c6baf3f172 3fc2319df843d0d8 bfd187be3ffd1a2a 3fc7e328de65e899 3ddc2a3ca8716464 3d86be3871d17d10 3d837289e5390f70 3d86be3871d17cf0 3de09c442590119e 3da8ee8ebcbfaa3f 3d837289e5390f90 3da8ee8ebcbfaa3f 3ddd9eeead186a99 3fc0b2df3dad2054 bfd22a92dca2a3c5 3fc688562fd97b98 3fc3b434e52838e1 bfd0e9450a9c308f 3fc953081268f2d2	oooooooooooooooooooooooooooooooooooooioooooooooooooooooooooooioooooioooooooooooooooooooiooooooooooooooooooooooooooooooooooooo
corpus_55_alternate	3ec8de52b367bf5f 3f5723c6baf3f172 3f90779518c81bd8 3f5ca6e809814486 bfaf2c8967acdd21 3ddcca1d0afe3ff6 bda32096da95a642 3d854e5786e06120 bda32096da95a642 3de0f852a0a9a546 bd92de9a529b85e8 3d854e5786e06110 bd92de9a529b85f0 3ddc46f1545867ac 3f70934c9de1931f bf7cb09c3264dbe2 bfb2b03ba9b35a54 3f9bd8d5d4cf936a 3f894a92e3f32a38 bfa8f881e20f9096	ooooooooooooooooooooooooooooooooiooooooooooooooooooooooooioooioioooooooooooooooooooooooiooooooooooooooooooooooooooooooooooooo
corpus_56	3ef7da21c7090b42 3f740c1768ae8946 3fa1fd90579b5347 bfba41bbebb60fce bfbc91e66363316e 3e2d0cca668ed8df 3dda2768c2f17a4c bddf21c82bbd7fb0 3dda2768c2f17a50 3e2ac7f4e76d166c 3df1ec87ae1ebf48 bddf21c82bbd7fb4 3df1ec87ae1ebf4c 3e2832d1228119de 3f8bd03a32d7be82 bfbfee025c75a919 bfc168e063ea59a2 3faaf283c0404c14 bfb4b247befb4994 bfb701c0c01b1d89	oooooooooooooooooooooooooooooooooooooioooooooooooooooooooooooiiioooioooooooooooooooooooiioooooooooooooooooooooooooooooooooooo
corpus_56@0	3ef7da21c7090b42 3f740c1768ae8946 3faa91f28397670e bfad4202bbb0d6c0 bfc14acad20ee99a 3e2d17ab0b0e8159 3dde628d9f447bbc bdc815aba9c019e8 3dde628d9f447bb4 3e291e86ca3e9324 3df5243e915071c8 bdc815aba9c019e0 3df5243e915071c4 3e29d15e9b2ff4ac 3f9fa59056bc6ae8 bfb48e26e4b9444a bfc45f0081a591da 3fb18f26146e7f93 bfa16afabd809171 bfbcd846bb46f494	oooooooooooooooooooooooooooooooooooooioooooooooooooooooooiooooiioooiooooooooooooooiooooiooooooooooooooooooooooooooooooooooooo
corpus_56@1	3ef7da21c7090b42 3f740c1768ae8946 3fd7523e5072ece2 bfe5d4202bbb0d6b 3fd55a9a96f88b33 3e2d17ab0b0e8159 3dde628d9f447bc0 bdc815aba9c019e8 3dde628d9f447bb4 3e291e86ca3e9324 3df5243e915071c8 bdc815aba9c019e0 3df5243e915071c4 3e29d15e9b2ff4ac 3fd5fa59056bc6af bfe691c4dc972889 3fd3d07fbf2d3714 3fd863c9851b9fe5 bfe516afabd80917 3fd6c9ee512e42db	oooooooooooooooooooooooooooooooooooooioooooooooooooooooooiooooiioooiooooooooooooooiooooiooooooooooooooooooooooooooooooooooooo
corpus_56_alternate	3ef7da21c7090b42 3f740c1768ae8946 3fa1fd90579b5346 bfba41bbebb60fcf bfbc91e66363316e 3e2d0cca668ed8df 3dda2768c2f17a4c bddf21c82bbd7fb0 3dda2768c2f17a50 3e2ac7f4e76d166c 3df1ec87ae1ebf48 bddf21c82bbd7fb4 3df1ec87ae1ebf4c 3e2832d1228119de 3f8bd03a32d7be82 bfbfee025c75a919 bfc168e063ea59a2 3faaf283c0404c14 bfb4b247befb4994 bfb701c0c01b1d89	oooooooooooooooooooooooooooooooooooooioooooooooooooooooooooooiiioooioooooooooooooooooooiioooooooooooooooooooooooooooooooooooo
corpus_57	3f31876b7cde8596 3f9c1dd1952d8384 bfa8bdfa3330e29f bfc2437f1ab29263 bfc68c8eca00e5a4 3e88c17d1f8bd3ca be1fa8ff18b868a0 be23386aa2f18a20 be1fa8ff18b868a8 3e8c5151692624ec 3e19f9e386b265e8 be23386aa2f18a20 3e19f9e386b265f0 3e88c5093bcf2838 bfba8963ba5e999e bfc763e227651b16 bfcdb255bee3ff2a 3f7347f2e8a20df4 bfb92c6a337677ce bfbfaec0dc0fc35e	oooooooooooooooooooooooooooooooooooooioooooooooooooooooooioooioioooioooooooooooooooooooiooooooooooooooooooooooooooooooooooooo
corpus_57@0	3f31876b7cde8596 3f9c1dd1952d8384 3f7d2a76b324d281 bfb8e4d841939b21 bfcaeabfa30793c7 3e89d9fb3f2aefb3 be48154c5ccd4bb0 be3e076d9ac32240 be48154c5ccd4bb0 3e8acf42afe0be52 3e389261fc2a2890 be3e076d9ac32240 3e389261fc2a28b0 3e892e99d57572e9 bfa6bdf9c278b5e8 bfc2c11544f7acdd bfd0ec4b4453ff10 3fadb9aba634a7f7 bfa662933c98d89a bfc4aa076a28b5b2	oooooooooooooooooooooooooooooooooooooooooooooooooooooooooioooioioooioooooooooooooooooooiooooooooooooooooooooooooooooooooooooo
corpus_57@1	3f31876b7cde8596 3f9c1dd1952d8384 3fe43a54ed6649a5 bff58e4d841939b1 3fe74550173e1b0e 3e89d9fb3f2aefb3 be48154c5ccd4bb0 be3e076d9ac32240 be48154c5ccd4bb0 3e8acf42afe0be52 3e389261fc2a2890 be3e076d9ac32240 3e389261fc2a28b0 3e892e99d57572e9 3fe2942063d874a1 bff65822a89ef59b 3fe589da5dd60078 3fe5db9aba634a80 bff4b31499e4c6c4 3fe8d57e2575d294	oooooooooooooooooooooooooooooooooooooooooooooooooooooooooioooioioooioooooooooooooooooooiooooooooooooooooooooooooooooooooooooo
corpus_57_alternate	3f31876b7cde8597 3f9c1dd1952d8384 bfa8bdfa3330e29e bfc2437f1ab29263 bfc68c8eca00e5a4 3e88c17d1f8bd3ca be1fa8ff18b868a8 be23386aa2f18a20 be1fa8ff18b868c0 3e8c5151692624ec 3e19f9e386b265d8 be23386aa2f18a00 3e19f9e386b265d8 3e88c5093bcf2838 bfba8963ba5e999e bfc763e227651b16 bfcdb255bee3ff2a 3f7347f2e8a20df4 bfb92c6a337677ce bfbfaec0dc0fc35e	oooooooooooooooooooooooooooooooooooooioooooooooooooooooooioooioioooioooooooooooooooooooiooooooooooooooooooooooooooooooooooooo
corpus_58	3f5cfbaa56553fc9 3fb5e2a46ba84cf3 3fd0df93400f6438 3fe196dcc1776d21 3fdf8421d8b9d328 3ed25379de510093 3dfe6cb8f408e800 be50eb1eaeaaee80 3dfe6cb8f408e800 3ed1463d6fa6ac04 be58b8246b4901f0 be50eb1eaeaaee00 be58b8246b490220 3ed24585e6468f2f 3fc4f1e3251be4cc 3fddd3c45d15ec91 3fd9c1f653ffa850 3fd69cdf49eb6f92 3fe40257d11a697c 3fe2cda83a0c5aea	oooooooooooooooooooooooooooooooooooooioooooooooooooooooooioooiiioooioooooooooooooooooooiooooooooooooooooooooooooooooooooooooo
corpus_58@0	3f5cfbaa56553fc9 3fb5e2a46ba84cf3 bfd7c32a2d01181d 3fb04d6e2f31d182 3fe5fd74996d99b6 3ed1a34fc8d49691 3e7a0bcfcde24310 3e742b2a43a42840 3e7a0bcfcde242ec 3ed224ba809987c0 be6309c50b0d0de0 3e742b2a43a42820 be6309c50b0d0de0 3ed21732ead01d76 bfdce4b90affd8eb bf95273494891089 3fe3335c253724f3 bfd2599cd97ff778 3fc3b58769e5d086 3fe8cc05bd018c39	oooooooooooooooooooooooooooooooooooooiooooooooooooooooooooooooiooooooooooooooooooooooooiooooooooooooooooooooooooooooooooooooo
corpus_58@1	3f5cfbaa56553fc9 3fb5e2a46ba84cf3 3fec1e6ae97f73f0 c0037d948e867174 40047f5d265b666e 3ed1a34fc8d49690 3e7a0bcfcde24318 3e742b2a43a42820 3e7a0bcfcde242f8 3ed224ba809987c0 be6309c50b0d0dc0 3e742b2a43a42830 be6309c50b0d0dc0 3ed21732ead01d74 3fe98da37a80138a c0042a4e69291221 4003ccd7094dc93c 3feed33193400443 c002c4a78961a2f8 400533016f40630e	oooooooooooooooooooooooooooooooooooooiooooooooooooooooooooooooiooooooooooooooooooooooooiooooooooooooooooooooooooooooooooooooo
corpus_58_alternate	3f5cfbaa56553fc9 3fb5e2a46ba84cf3 3fd0df93400f6438 3fe196dcc1776d21 3fdf8421d8b9d328 3ed25379de510093 3dfe6cb8f408e400 be50eb1eaeaaee80 3dfe6cb8f408e400 3ed1463d6fa6ac04 be58b8246b4901f0 be50eb1eaeaaee00 be58b8246b490200 3ed24585e6468f2f 3fc4f1e3251be4cc 3fddd3c45d15ec91 3fd9c1f653ffa850 3fd69cdf49eb6f92 3fe40257d11a697c 3fe2cda83a0c5aea	oooooooooooooooooooooooooooooooooooooioooooooooooooooooooioooiiioooioooooooooooooooooooiooooooooooooooooooooooooooooooooooooo
corpus_59	3f8f41bf824e7b19 3fd9f59b439f2ff4 3ff0dbed6763aa68 bfee44fef5a47abf bff400e7a4ae5800 3f22bfe18508006e becf476dfd1992ba 3ebf62cb616692fe becf476dfd1992ba 3f2708c12a3c61d8 bebfdfc85bb08c40 3ebf62cb616692fe bebfdfc85bb08c00 3f26b398959fb18c 3fec504d5217a659 bff1ee666085aa26 bff6c3bb02e69f15 3ff3868f6b040b49 bfe8764c1123711c bff14d070c1abd79	ooooooooooooooooooooooooooooooooooooiiiooooooooooooooooooooooioioooiooooooooooooooooooiiioooooooooooooooooooooooooooooooooooo
corpus_59@0	3f8f41bf824e7b19 3fd9f59b439f2ff4 3feffd07641ae485 bfee32ab1a918353 bff4ba4bad9411b2 3f22fc83c6fe53a9 bedb73e65d476fef 3ed7aea858442a31 bedb73e65d476fee 3f26e092938154a9 beb2fb99eb968c00 3ed7aea858442a2e beb2fb99eb968c00 3f269f24ea646b83 3fea58fe9a31c203 bff208b2a5be2ccc bff7a0b0f9641cf9 3ff2bb3241beb753 bfe831df6a3dcd79 bff1d8e43aec242d	oooooooooooooooooooooooooooooooooooooioooooooooooooooooooioooioioooioooooooooooooooooooiooooooooooooooooooooooooooooooooooooo
corpus_59@1	3f8f41bf824e7b19 3fd9f59b439f2ff4 400bff41d906b922 c017c6556352306b 4003a2da2935f726 3f22fc83c6fe53a9 bedb73e65d476feb 3ed7aea858442a2f bedb73e65d476fee 3f26e092938154a9 beb2fb99eb968c00 3ed7aea858442a2a beb2fb99eb968c00 3f269f24ea646b83 400a963fa68c7081 c018822ca96f8b33 40022fa7834df183 400d5d9920df5baa c017063bed47b9af 4005138de289edea	oooooooooooooooooooooooooooooooooooooioooooooooooooooooooioooioioooioooooooooooooooooooiooooooooooooooooooooooooooooooooooooo
corpus_59_alternate	3f8f41bf824e7b19 3fd9f59b439f2ff4 3ff0dbed6763aa68 bfee44fef5a47abf bff400e7a4ae57ff 3f22bfe18508006e becf476dfd1992ba 3ebf62cb616692fe becf476dfd1992bb 3f2708c12a3c61d8 bebfdfc85bb08c00 3ebf62cb616692fe bebfdfc85bb08c00 3f26b398959fb18c 3fec504d5217a659 bff1ee666085aa26 bff6c3bb02e69f15 3ff3868f6b040b49 bfe8764c1123711c bff14d070c1abd79	ooooooooooooooooooooooooooooooooooooiiiooooooooooooooooooooooioioooiooooooooooooooooooiiioooooooooooooooooooooooooooooooooooo
corpus_60	3fc11899a7b83861 3ff99aebdfdee30d 3ffcbc29f612e6d6 3fc5e14acd6893b5 bfedaec70c2998af 3f76e93cdd09e4f7 bf45c9476d64cc58 3f40b5375d8b1836 bf45c9476d64cc5c 3f79cc658276202b 3f2236e86b61dda0 3f40b5375d8b1836 3f2236e86b61dda0 3f789fecbc9fbf98 3ff634414e4cd909 bfcf12cded91039e bff4ff24a55f567c 4001c76ea3b053d5 3fe1ee5d4046b351 bfe1507e9d21fe65	oooooooooooooooooooooooooooooooooooooioooooooooooooooooooooooiiioooioooooooooooooooooooiooooooooooooooooooooooooooooooooooooo
corpus_60@0	3fc11899a7b83861 3ff99aebdfdee30d 3ffc92665b147947 3fa694da7bf44926 bfeec37149d701e9 3f767a1ee8f47b0d bf43eefb3689665c 3f404be61d16775c bf43eefb36896652 3f7a439555c20885 3f200490a8d9cd38 3f404be61d16775c 3f200490a8d9cd38 3f7897dadd69412a 3ff5f017f57b2dd6 bfd67084e622e298 bff59a23a5affac3 4001bb74427dabb4 3fdb3ce605784358 bfe2a26ce85957ce	oooooooooooooooooooooooooooooooooooooioooooooooooooooooooooooiiioooioooooooooooooooooooiooooooooooooooooooooooooooooooooooooo
corpus_60@1	3fc11899a7b83861 3ff99aebdfdee30d 401b249996c51e52 c023e96b25840bb7 401a2791d6c51fc3 3f767a1ee8f47b0d bf43eefb3689665c 3f404be61d16775c bf43eefb36896652 3f7a439555c20885 3f200490a8d9cd38 3f404be61d16775c 3f200490a8d9cd38 3f7897dadd69412a 40197c05fd5ecb76 c024b38427311714 401899771694014e 401cddba213ed5da c0232618cfd43de4 401babb262f4d506	oooooooooooooooooooooooooooooooooooooioooooooooooooooooooooooiiioooioooooooooooooooooooiooooooooooooooooooooooooooooooooooooo
corpus_60_alternate	3fc11899a7b83861 3ff99aebdfdee30d 3ffcbc29f612e6d6 3fc5e14acd6893b5 bfedaec70c2998af 3f76e93cdd09e4f7 bf45c9476d64cc58 3f40b5375d8b1836 bf45c9476d64cc5c 3f79cc658276202b 3f2236e86b61dda0 3f40b5375d8b1836 3f2236e86b61dda0 3f789fecbc9fbf98 3ff634414e4cd909 bfcf12cded91039e bff4ff24a55f567c 4001c76ea3b053d5 3fe1ee5d4046b351 bfe1507e9d21fe65	oooooooooooooooooooooooooooooooooooooioooooooooooooooooooooooiiioooioooooooooooooooooooiooooooooooooooooooooooooooooooooooooo
corpus_61	3febb6255437d962 401a1f0923fb3702 400cf2e0eb1075fc 400adff1224498e1 c010a0bed02e3950 3fc1215525050ce3 bf71b5a402d04010 3f50d81d53ab1a02 bf71b5a402d0400f 3fc275e96845b676 bf5111d35c444af0 3f50d81d53ab1a02 bf5111d35c444af0 3fc1ce88765e8dd5 4007a1bfe9026ce3 400567f27e2ed77f c01328604d566527 401104deef62fba5 4010adb1de44503e c00c63b6d5ef8c54	oooooooooooooooooooooooooooooooooooooiiooooooooooooooooooooooioooooiooooooooooooooooooiiioooooooooooooooooooooooooooooooooooo
corpus_61@0	3febb6255437d962 401a1f0923fb3702 400649325646bb78 400f6c21873bd8bb c011310c964868b2 3fc1c61973bac199 3f44325027dde650 bf2006c19af23240 3f44325027dde660 3fc123a970c55e95 3f723b542b8de23c bf2006c19af23240 3f723b542b8de23d 3fc27c041f2930fd 4001daa4f1ed3d16 4009e15ccd77eb46 c0142c3be9f7cfc5 400ab00ab339fad4 40125d70d05be9a8 c00d735bceb1811c	ooooooooooooooooooooooooooooooooioooiooooooooooooooooooooioooiooooooooooooooooooooooooioooooioooooooooooooooooooooooooooooooo
corpus_61@1	3febb6255437d962 401a1f0923fb3702 4029924c9591aedd c030127bcf1884e8 40256779b4dbcba7 3fc1c61973bac199 3f44325027dde650 bf2006c19af23240 3f44325027dde660 3fc123a970c55e95 3f723b542b8de23c bf2006c19af23240 3f723b542b8de23d 3fc27c041f2930fd 402876a93c7b4f46 c030c3d466510297 4023e9e20b04181d 402aac02acce7eb4 c02ed14797d20b2b 4026a3290c539fba	ooooooooooooooooooooooooooooooooioooiooooooooooooooooooooioooiooooooooooooooooooooooooioooooioooooooooooooooooooooooooooooooo
corpus_61_alternate	3febb6255437d962 401a1f0923fb3702 400cf2e0eb1075fc 400adff1224498e1 c010a0bed02e3950 3fc1215525050ce4 bf71b5a402d04016 3f50d81d53ab1a08 bf71b5a402d04015 3fc275e96845b676 bf5111d35c444ae0 3f50d81d53ab1a0a bf5111d35c444ad0 3fc1ce88765e8dd5 4007a1bfe9026ce3 400567f27e2ed77f c01328604d566527 401104deef62fba5 4010adb1de44503e c00c63b6d5ef8c54	oooooooooooooooooooooooooooooooooooooiiooooooooooooooooooooooioooooiooooooooooooooooooiiioooooooooooooooooooooooooooooooooooo
corpus_62	402056940d607137 4037cfe3e768df58 c01dfbe0e6affe2b c0054f72bf0c681a c0228736ae1d6afb 4016de6dc503c606 bfc28a60d370e8d8 3fd520efc99ccd68 bfc28a60d370e8d8 4014b4bb0e32633a 3f6ab4ff7423f800 3fd520efc99ccd64 3f6ab4ff7423f800 4016104616b99914 c02204cf28db7623 c0110f540acd5084 c025baad2675dfbe c017dd5b8b0a024a bff163f0e98fac5d c01ecc00c1937c09	oooooooooooooooooooooooooooooooooooooioooooooooooooooooooioooiiioooioooooooooooooooooooiooooooooooooooooooooooooooooooooooooo
corpus_62@0	402056940d607137 4037cfe3e768df58 40237b1ae88462c2 c01211626f06ff6a 401743e86e7445b6 401598614491b132 bfcb6351fd8c5920 3fd071cdd1d227f8 bfcb6351fd8c5918 401515c119a28740 bfc7aff0d16b3af0 3fd071cdd1d227f8 bfc7aff0d16b3af0 4016f54c8bbb89e4 402058c7d855e74c c01848b53d41dcaa 4011481b1046bc52 4026c58503d461f2 c0072dfbda3f7c3c 401d19a581aa83ed	oooooooooooooooooooooooooooooooooooooioooooooooooooooooooioooiiioooioooooooooooooooooooiooooooooooooooooooooooooooooooooooooo
corpus_62@1	402056940d607137 4037cfe3e768df58 403dbd8d74423161 c046422c4de0dfee 4041e87d0dce88b6 401598614491b132 bfcb6351fd8c5928 3fd071cdd1d227f8 bfcb6351fd8c5920 401515c119a28740 bfc7aff0d16b3ae8 3fd071cdd1d227f8 bfc7aff0d16b3ae8 4016f54c8bbb89e4 403c2c63ec2af3a5 c0470916a7a83b95 404129036208d78b 403f62c281ea30f9 c04572dfbda3f7c4 4042a334b035507d	oooooooooooooooooooooooooooooooooooooioooooooooooooooooooioooiiioooioooooooooooooooooooiooooooooooooooooooooooooooooooooooooo
corpus_62_alternate	402056940d607136 4037cfe3e768df58 c01dfbe0e6affe2b c0054f72bf0c681a c0228736ae1d6afb 4016de6dc503c607 bfc28a60d370e8d0 3fd520efc99ccd70 bfc28a60d370e8d0 4014b4bb0e32633a 3f6ab4ff7423fe00 3fd520efc99ccd6c 3f6ab4ff7423fe00 4016104616b99914 c02204cf28db7623 c0110f540acd5084 c025baad2675dfbe c017dd5b8b0a024a bff163f0e98fac5d c01ecc00c1937c09	oooooooooooooooooooooooooooooooooooooioooooooooooooooooooioooiiioooioooooooooooooooooooiooooooooooooooooooooooooooooooooooooo
corpus_63	404d3b19971c908f 405a29dbdcf6be95 c0318392e834ba17 c030fea668c3a793 40330e5718a85023 4062b17d5b0809d8 c0043f6a28969120 c0190ebc900722d0 c0043f6a28969120 406380e537972133 bff76eea7cefc1a0 c0190ebc900722c0 bff76eea7cefc1a0 4062c8c8aef8ac8c c034c0380ed3afb1 c0341ec24f554834 402fe80be3f734c7 c02cef221cfbcc01 c02bc8274e747fe5 40361c20d8243d2d	oooooooooooooooooooooooooooooooooooooioooooooooooooooooooioooioioooioooooooooooooooooooiooooooooooooooooooooooooooooooooooooo
corpus_63@0	404d3b19971c908f 405a29dbdcf6be95 c03e99f4c6e540f8 4012b462bc3cd7f8 bfe3b7f403246254 406377466a15112f 3fe2c7b4896d5ce0 3fe034750b1989a0 3fe2c7b4896d5d20 406330201a52d852 c018690bdb770c40 3fe034750b198980 c018690bdb770c40 406253c4bd2fee15 c0407d411cf6709e 4000c3e0e311adcc c00a86891ef0156c c03c403dcedb17b4 401e593c8ffae663 40026b08f37fdb8a	oooooooooooooooooooooooooooooooooooooiiooooooooooooooooooioooioioooiooooooooooooooooooiiooooooooooooooooooooooooooooooooooooo
corpus_63@1	404d3b19971c908f 405a29dbdcf6be95 4022cc1672357e12 c052d4b9d43c3280 404db1202ff36e77 406377466a15112f 3fe2c7b4896d5d00 3fe034750b1989a0 3fe2c7b4896d5d20 406330201a52d852 c018690bdb770c44 3fe034750b198980 c018690bdb770c44 406253c4bd2fee14 401c15f7184c7b0f c05379e0f8e77292 404c57976e10fea9 40277f846249d098 c0521a6c3700519a 404f26b08f37fdb8	oooooooooooooooooooooooooooooooooooooiiooooooooooooooooooioooioioooiooooooooooooooooooiiooooooooooooooooooooooooooooooooooooo
corpus_63_alternate	404d3b19971c908f 405a29dbdcf6be95 c0318392e834ba17 c030fea668c3a793 40330e5718a85023 4062b17d5b0809d8 c0043f6a28969100 c0190ebc900722d8 c0043f6a28969110 406380e537972134 bff76eea7cefc200 c0190ebc900722d0 bff76eea7cefc1e0 4062c8c8aef8ac8c c034c0380ed3afb1 c0341ec24f554834 402fe80be3f734c7 c02cef221cfbcc01 c02bc8274e747fe5 40361c20d8243d2d	oooooooooooooooooooooooooooooooooooooioooooooooooooooooooioooioioooioooooooooooooooooooiooooooooooooooooooooooooooooooooooooo
corpus_64	40813837b806d382 407aea2cd94eca52 3fcd39278fd186d8 c032f826c214ad9c 40408f2447e9b42b 40b84076726e65d2 4012f21f24fd4000 4067ae9f0b85ff10 4012f21f24fd3f80 40b862ae2c185b1e 4057dd6d0648b660 4067ae9f0b85ff20 4057dd6d0648b660 40b80420086fcceb c018fde2500beba8 c038e2c30ee3b435 403a7a71e4eda3ea 401d0a8273768c64 c02a9839ffa6966b 4043a46d7dc88e9f	oooooooooooooooooooooooooooooooooooooooooooooooooooooooooooooiiioooioooooooooooooooooooiooooooooooooooooooooooooooooooooooooo
corpus_64@0	40813837b806d382 407aea2cd94eca52 c03661f74603aef0 403752378672bac4 c0344b472aa8cfec 40b7c4d7b52a066b 4040c9e57be4639b c066ffe463628d90 4040c9e57be463bc 40b87033f365aa4e c048aad720c64b32 c066ffe463628d90 c048aad720c64b32 40b87238fe66dd1e c03ccf28748bc248 4032870da8389312 c03a6403273401e2 c0305f63bb87b3af 403d2f025028457c c02b0e2210737606	oooooooooooooooooooooooooooooooooooooioooooooooooooooooooioooiioooooooooooooooooooiooooiooooooooooooooooooooooooooooooooooooo
corpus_64@1	40813837b806d382 407aea2cd94eca52 404ccf045cfe2888 c06115b90f31a8a7 4058ed2e3555cc05 40b7c4d7b52a066c 4040c9e57be463fb c066ffe463628d70 4040c9e57be4641a 40b87033f365aa4e c048aad720c64b74 c066ffe463628d50 c048aad720c64b74 40b87238fe66dd1d 4049986bc5ba1edc c061af1e4af8ed9d 405766ff3632ff87 404fd04e223c2628 c0605a1fb5faf750 405a9e3bbdf1913f	oooooooooooooooooooooooooooooooooooooioooooooooooooooooooioooiioooooooooooooooooooiooooiooooooooooooooooooooooooooooooooooooo
corpus_64_alternate	40813837b806d383 407aea2cd94eca52 3fcd39278fd186d8 c032f826c214ad9c 40408f2447e9b42b 40b84076726e65d2 4012f21f24fd3f80 4067ae9f0b85ff10 4012f21f24fd3f00 40b862ae2c185b1e 4057dd6d0648b660 4067ae9f0b85ff20 4057dd6d0648b660 40b80420086fcceb c018fde2500beba8 c038e2c30ee3b435 403a7a71e4eda3ea 401d0a8273768c64 c02a9839ffa6966b 4043a46d7dc88e9f	oooooooooooooooooooooooooooooooooooooooooooooooooooooooooooooiiioooioooooooooooooooooooiooooooooooooooooooooooooooooooooooooo
corpus_65	409945890f52587e 408c8e89123d5efc 4040d71963efe774 404a79733fbcfe89 c039efcee9964c93 40e3926febc8a463 40c34bea5af36c0f c0b1fb2c9938d9f4 40c34bea5af36c0f 40e449163463bb66 c09569ad595ae9d0 c0b1fb2c9938d9f8 c09569ad595ae9d8 40e68a1d1219f94c 4037075bb05e1ac7 4045a20c352339ff c040ead6d31f2a5d 4045eb89394acf8a 404f0816440ee0b7 c031c20cd29f514f	oooooooooooooooooooooooooooooooooooooooooooooooooooooooooooooioioooiooooooooooooooooooooooooooooooooooooooooooooooooooooooooo
corpus_65@0	409945890f52587e 408c8e89123d5efc c0391cb7f156b789 40366d72378101f2 c04d7bb74051c3f6 40de82d8e2b910a9 c08cc83c414ede46 40ae9bc40f88235c c08cc83c414ede36 40e59f79ea6a0c30 c095e4d9eca88438 40ae9bc40f88235c c095e4d9eca88430 40e984bcd67fc490 c041999921ef35b2 402d9d31895622ad c050579885806832 c02edd718cbc1706 403e6c6944794a1e c04a5ff9c9e789af	oooooooooooooooooooooooooooooooooooooiooooooooooooooooooiioooooioooiioooooooooooooooooiiooooooooooooooooooooooooooooooooooooo
corpus_65@1	409945890f52587e 408c8e89123d5efc 4060dc6901d5290e c0729928dc87efe1 4066a1122feb8f03 40de82d8e2b910a9 c08cc83c414ede26 40ae9bc40f882360 c08cc83c414ede26 40e59f79ea6a0c30 c095e4d9eca88438 40ae9bc40f88235e c095e4d9eca88430 40e984bcd67fc490 405f33336f086526 c073131673b54eeb 4065d433bd3fcbe8 40621228e7343e8f c07219396bb86b5e 406768018d861d94	oooooooooooooooooooooooooooooooooooooiooooooooooooooooooiioooooioooiioooooooooooooooooiiooooooooooooooooooooooooooooooooooooo
corpus_65_alternate	409945890f52587e 408c8e89123d5efc 4040d71963efe774 404a79733fbcfe89 c039efcee9964c93 40e3926febc8a463 40c34bea5af36c0f c0b1fb2c9938d9f6 40c34bea5af36c0f 40e449163463bb66 c09569ad595ae9d0 c0b1fb2c9938d9f8 c09569ad595ae9d8 40e68a1d1219f94c 4037075bb05e1ac7 4045a20c352339ff c040ead6d31f2a5d 4045eb89394acf8a 404f0816440ee0b7 c031c20cd29f514f	oooooooooooooooooooooooooooooooooooooooooooooooooooooooooooooioioooiooooooooooooooooooooooooooooooooooooooooooooooooooooooooo
corpus_66	40de07b6b288d494 40b5fe0da1a9d10b 404fe960376cc8dc 405362829f475ace 40334025b5fa6653 4153e40af34a1361 41095ea96ca4b318 41087f41598b92b2 41095ea96ca4b317 4153cb464a9c2c8e 4125656a976d01b4 41087f41598b92b3 4125656a976d01b8 41528ef5889dd947 40463f243cab08f4 404a40dbd858ff2e c016f740ebcaa2d4 40554528065c5e3a 405945b4b30a4db6 40455fa5a8e59c98	oooooooooooooooooooooooooooooooooooooiiooooooooooooooooooioooiiioooioooooooooooooooooooiooooooooooooooooooooooooooooooooooooo
corpus_66@0	40de07b6b288d494 40b5fe0da1a9d10b c0416c620cac206e 404a9d2b3975fa05 40540386da12a346 41506da47a362b18 c0bc9640542de4a0 40bac34c7dacbe18 c0bc9640542de4a0 4153a9c6d49a7f1b 410a6d6b92e14796 40bac34c7dacbe18 410a6d6b92e14796 415626db77b36f03 c04a887ab56a2dd8 4040e5365fa25b7f 404f5b9c04a7bbc4 c0309dbda6ab26f6 4052863568ef5d86 4057c56ff89ecfdb	ooooooooooooooooooooooooooooooooioooiiioooiooooooooooooooioooiiioooiooooooooooooooioooiiioooioooooooooooooooooooooooooooooooo
corpus_66@1	40de07b6b288d494 40b5fe0da1a9d10b 4071d273be6a7bf2 c082562d4c68a060 40818070db425468 41506da47a362b18 c0bc9640542de470 40bac34c7dacbe24 c0bc9640542de470 4153a9c6d49a7f18 410a6d6b92e1478a 40bac34c7dacbe24 410a6d6b92e1478a 415626db77b36f03 4070aef0a952ba45 c082f1ac9a05da48 4080f5b9c04a7bbc 4072f62425954d91 c081af3952e2144f 4081f8adff13d9fb	ooooooooooooooooooooooooooooooooioooiiioooiooooooooooooooioooiiioooiooooooooooooooioooiiioooioooooooooooooooooooooooooooooooo
corpus_66_alternate	40de07b6b288d495 40b5fe0da1a9d10b 404fe960376cc8dc 405362829f475ace 40334025b5fa6653 4153e40af34a1362 41095ea96ca4b317 41087f41598b92b4 41095ea96ca4b317 4153cb464a9c2c8f 4125656a976d01b2 41087f41598b92b4 4125656a976d01b6 41528ef5889dd948 40463f243cab08f4 404a40dbd858ff2e c016f740ebcaa2d4 40554528065c5e3a 405945b4b30a4db6 40455fa5a8e59c98	oooooooooooooooooooooooooooooooooooooiiooooooooooooooooooioooiiioooioooooooooooooooooooiooooooooooooooooooooooooooooooooooooo
corpus_67	4100d6e72a7e24fd 40d13b8e5c4d9a87 406bcec6356c7e8e c00af471497cfdd1 c06afa4dd2d27c14 418d818c05bdaa20 c15d91f2e90e55a0 415c91f02b69c7d8 c15d91f2e90e55a4 418ffa7666ea5474 c1270a5dd2803ec0 415c91f02b69c7dc c1270a5dd2803ec0 4190adfe8a279a4a 40661073cc3e36ef c044c6b87940b0d2 c06fce9339dab15f 4070a7538634d92c 4041c41647b34a30 c06607b2363d2503	oooooooooooooooooooooooooooooooooooooioooooooooooooooooooioooioioooioooooooooooooooooooiooooooooooooooooooooooooooooooooooooo
corpus_67@0	4100d6e72a7e24fd 40d13b8e5c4d9a87 40632d4f595c2360 c05ff27482f96884 c06da2fed81eff4d 418fc5dc86506156 c1457320127c2b78 41651ea34f7767c0 c1457320127c2b78 41902c487b2b816a 4104adfe6db84900 41651ea34f7767c0 4104adfe6db84900 418eb992044fcefe 405b83d6e0781f43 c064d8997f97c3a1 c07187af41e2853f 40684b638c42c96d c057447369d8b4da c068142b74a05986	oooooooooooooooooooooooooooooooooooooooooooooooooooooooooioooioioooiooooooooooooooooooooooooooooooooooooooooooooooooooooooooo
corpus_67@1	4100d6e72a7e24fd 40d13b8e5c4d9a87 4088cb53d65708d8 c095ff27482f9689 4086974049f8402d 418fc5dc86506156 c1457320127c2b78 41651ea34f7767c0 c1457320127c2b78 41902c487b2b816a 4104adfe6db84940 41651ea34f7767c0 4104adfe6db84900 418eb992044fcefe 4087707adc0f03e8 c0969b132ff2f875 40853c285f0ebd60 408a12d8e310b25b c0957447369d8b4e 4087faf522d7e99e	oooooooooooooooooooooooooooooooooooooooooooooooooooooooooioooioioooiooooooooooooooooooooooooooooooooooooooooooooooooooooooooo
corpus_67_alternate	4100d6e72a7e24fc 40d13b8e5c4d9a87 406bcec6356c7e8e c00af471497cfdcc c06afa4dd2d27c14 418d818c05bdaa20 c15d91f2e90e55a4 415c91f02b69c7dc c15d91f2e90e55a8 418ffa7666ea5474 c1270a5dd2803ea0 415c91f02b69c7e0 c1270a5dd2803ea0 4190adfe8a279a4a 40661073cc3e36ef c044c6b87940b0d2 c06fce9339dab15f 4070a7538634d92c 4041c41647b34a30 c06607b2363d2503	oooooooooooooooooooooooooooooooooooooioooooooooooooooooooioooioioooioooooooooooooooooooiooooooooooooooooooooooooooooooooooooo
corpus_68	4138cdd932fe7736 40f3a6d3b1c4ba98 4078cf71847f5b06 4076256f37cc25fc 4071ae554b6d1735 41eb6df77e003fde 41b61e843f21d8bc c1ac429f667aeb78 41b61e843f21d8be 41eadc001a7db1f9 c19b96f50e1c9c80 c1ac429f667aeb88 c19b96f50e1c9c90 41ee1f45e7133979 4072756e95748db8 406fe415281e4434 40693abcfd20b085 407eb1d8f9dbb747 407bae59f5405931 407702c77e131c0e	oooooooooooooooooooooooooooooooooooooioooooooooooooooooooioooiiooooioooooooooooooooooooiooooooooooooooooooooooooooooooooooooo
corpus_68@0	4138cdd932fe7736 40f3a6d3b1c4ba98 4081976f396ed2d1 c02e79f10a552fe8 406ad2b25a8aa4e5 41ec9b1b52570cf6 41b166d11a9c8af8 414f8f04a4ab7e00 41b166d11a9c8af8 41ec9c14db5ee5e5 c1b8320e41c76510 414f8f04a4ab7e00 c1b8320e41c76510 41eb320d51db3876 407e22ba0d1f4fdd c05a25339dd45e4c 405cc5b0716afc75 408461bd0ab16231 40547f1042818998 4072ff5f0a7efcb3	oooooooooooooooooooooooooooooooooooooioooooooooooooooooooioooiiioooooooooooooooooooooooiooooooooooooooooooooooooooooooooooooo
corpus_68@1	4138cdd932fe7736 40f3a6d3b1c4ba98 409ccbb79cb76969 c0a41e79f10a5530 40a0ad2b25a8aa4e 41ec9b1b52570cf6 41b166d11a9c8af8 414f8f04a4ab7e00 41b166d11a9c8af8 41ec9c14db5ee5e5 c1b8320e41c76510 414f8f04a4ab7e00 c1b8320e41c76510 41eb320d51db3876 409b88ae8347d3f7 c0a4d1299ceea2f3 409fcc5b0716afc7 409e30de8558b118 c0a35c077debf3b3 40a15febe14fdf97	oooooooooooooooooooooooooooooooooooooioooooooooooooooooooioooiiioooooooooooooooooooooooiooooooooooooooooooooooooooooooooooooo
corpus_68_alternate	4138cdd932fe7736 40f3a6d3b1c4ba98 4078cf71847f5b06 4076256f37cc25fc 4071ae554b6d1735 41eb6df77e003fdc 41b61e843f21d8be c1ac429f667aeb80 41b61e843f21d8c0 41eadc001a7db1f9 c19b96f50e1c9c80 c1ac429f667aeb90 c19b96f50e1c9c80 41ee1f45e7133979 4072756e95748db8 406fe415281e4434 40693abcfd20b085 407eb1d8f9dbb747 407bae59f5405931 407702c77e131c0e	oooooooooooooooooooooooooooooooooooooioooooooooooooooooooioooiiooooioooooooooooooooooooiooooooooooooooooooooooooooooooooooooo
corpus_69	41661f7284f318c0 4114bc982e157c68 c0679b21cef4fbe4 4084e4a892536ad6 c08b8d0bbed19ebc 423766552c3d579a 41e2cbdbc41e99e0 c1b0a1031694fc80 41e2cbdbc41e99dc 4238b76272afc515 41e831d7b42e8c50 c1b0a1031694fc80 41e831d7b42e8c50 4238040d7e6dd7da c0783dc18208f5d2 407ee499dbf0e449 c0907b04c1e4998e c003058eed00a090 408a0440c764b651 c08639e7aaf85582	oooooooooooooooooooooooooooooooooooooioooooooooooooooooooioooioioooioooooooooooooooooooiooooooooooooooooooooooooooooooooooooo
corpus_69@0	41661f7284f318c0 4114bc982e157c68 c06d7bb246915b23 4087163dc716ecef c0895be3ce7e187f 42375fa7da70ce6a 41e30b619a1563a8 c1513c852b8de000 41e30b619a1563a4 42389ab57b8c8a87 41e90dab9649b820 c1513c852b8e0000 41e90dab9649b820 42382767c75d9b9e c07b268e02135543 408181db7da075b2 c08ea9ae4a8023e8 c04922b291ee16ad 408c59b1a4816efa c0841d34b13a4c61	oooooooooooooooooooooooooooooooooooooioooooooooooooooooooioooioioooioooooooooooooooooooiooooooooooooooooooooooooooooooooooooo
corpus_69@1	41661f7284f318c0 4114bc982e157c68 40a22844db96ea4e c0b11d38471d2262 40a7a9070c6079e0 42375fa7da70ce6a 41e30b619a1563a4 c1513c852b8de000 41e30b619a1563a0 42389ab57b8c8a87 41e90dab9649b820 c1513c852b8e0000 41e90dab9649b820 42382767c75d9b9e 40a09b2e3fbd9558 c0b1cfc4904bf14a 40a655946d5ff706 40a39b7535b847a6 c0b074c9cb6fd221 40a8f8b2d3b16ce8	oooooooooooooooooooooooooooooooooooooioooooooooooooooooooioooioioooioooooooooooooooooooiooooooooooooooooooooooooooooooooooooo
corpus_69_alternate	41661f7284f318c0 4114bc982e157c68 c0679b21cef4fbe3 4084e4a892536ad6 c08b8d0bbed19ebd 423766552c3d579a 41e2cbdbc41e99e0 c1b0a1031694fc80 41e2cbdbc41e99dc 4238b76272afc515 41e831d7b42e8c50 c1b0a1031694fc80 41e831d7b42e8c50 4238040d7e6dd7da c0783dc18208f5d2 407ee499dbf0e449 c0907b04c1e4998e c003058eed00a090 408a0440c764b651 c08639e7aaf85582	oooooooooooooooooooooooooooooooooooooioooooooooooooooooooioooioioooioooooooooooooooooooiooooooooooooooooooooooooooooooooooooo
corpus_70	419e7c74920ac53d 413697027de3c7d3 40925b64712aa081 4057a276b075a1fd 409e0faa3948c0df 42933ed8b7cd6cb3 c24622de812beb68 c2453d9483b883c0 c24622de812beb68 429413008eeb2f8e 424c83c6d46e3b78 c2453d9483b883c0 424c83c6d46e3b7c 42936901fd4b6e16 4087cc7a0b13aa8e c07009c0b4940b6c 409850ae1cffa452 40988d422539b6aa 407942573abe85c6 40a214911743906e	oooooooooooooooooooooooooooooooooooooioooooooooooooooooooioooiiiooiioooooooooooooooooooiooooooooooooooooooooooooooooooooooooo
corpus_70@0	419e7c74920ac53d 413697027de3c7d3 c07c41993c3f1580 c09d7e20da5bed7a 4091f9b79662ca17 429397136201f2f5 c238d62fff9bc288 c24e7fec7eb1a783 c238d62fff9bc28c 4292e22e962e52b9 42439b04b8bd7778 c24e7fec7eb1a77e 42439b04b8bd7778 429441994bd3c4a8 c088bc2c0b677c74 c0a189f1a4f0315e 408796ab050da851 c060b61c1d3b1b13 c09827e0caed6570 409758517cd84db2	ooooooooooooooooooooooooooooooooiooooiooooiooooooooooooooioooiiioooioooooooooooooooooooiooooooooooooooooooooooooooooooooooooo
corpus_70@1	419e7c74920ac53d 413697027de3c7d3 40b23be66c3c0ea7 c0c7afc41b4b7daf 40c13f36f2cc5943 429397136201f2f5 c238d62fff9bc288 c24e7fec7eb1a783 c238d62fff9bc28c 4292e22e962e52b9 42439b04b8bd7778 c24e7fec7eb1a77e 42439b04b8bd7778 429441994bd3c4a8 40b0e87a7e931071 c0c8627c693c0c57 40c0796ab050da85 40b37a4f1f162728 c0c704fc195dacae 40c1eb0a2f9b09b6	ooooooooooooooooooooooooooooooooiooooiooooiooooooooooooooioooiiioooioooooooooooooooooooiooooooooooooooooooooooooooooooooooooo
corpus_70_alternate	419e7c74920ac53c 413697027de3c7d2 40925b64712aa081 4057a276b075a1fd 409e0faa3948c0df 42933ed8b7cd6cb3 c24622de812beb68 c2453d9483b883c0 c24622de812beb68 429413008eeb2f8e 424c83c6d46e3b78 c2453d9483b883c0 424c83c6d46e3b7c 42936901fd4b6e16 4087cc7a0b13aa8e c07009c0b4940b6c 409850ae1cffa452 40988d422539b6aa 407942573abe85c6 40a214911743906e	oooooooooooooooooooooooooooooooooooooioooooooooooooooooooioooiiiooiioooooooooooooooooooiooooooooooooooooooooooooooooooooooooo
corpus_71	41d2aa20573458e4 415ec5dd7bf0dc50 40b0acb9991727d2 40ac1aac12c57efd 40869969b3ff6922 42efb988c9abbfea 42a7c73d63c81670 42c49f6499fccb60 42a7c73d63c81671 42f015989467ab32 429548c096e60307 42c49f6499fccb60 429548c096e60307 42eb3a4ce6d824ad 40aaa689d7bf61c7 40a6a51101f47684 c06570e0d2abcb34 40b412fa45b84981 40b0acc8da9b632e 409912be1871a76c	oooooooooooooooooooooooooooooooooooooooooooooooooooooooooioooioioooioooooooooooooooooooiooooooooooooooooooooooooooooooooooooo
corpus_71@0	41d2aa20573458e4 415ec5dd7bf0dc50 40ad0fc9d3c6bdae 40a0ef6abde34103 40ac54611bb32842 42f170abeb9d8a85 427c13c62709b019 42ac50fd2da84cd6 427c13c62709b017 42e804cdf11e92c0 42a36357d64a33c0 42ac50fd2da84cd2 42a36357d64a33bc 42f01c70887cc999 40a855343c3e505d 4095e09228e3adca 40a6467ae5391045 40b0c3c313108aa2 40a6e342e0bd762c 40b1039bb85d93fa	ooooooooooooooooooooooooooooooooiooooiooooiooooooooooooooiiooioiooioooooooooooooooiooooiooooioooooooooooooooooooooooooooooooo
corpus_71@1	41d2aa20573458e4 415ec5dd7bf0dc50 40cb43f274f1af6c c0d1e212a84397df 40d28a8c23766508 42f170abeb9d8a85 427c13c62709b019 42ac50fd2da84cd6 427c13c62709b017 42e804cdf11e92c0 42a36357d64a33c0 42ac50fd2da84cd2 42a36357d64a33bc 42f01c70887cc999 40ca154d0f0f9418 c0d2a1f6dd71c523 40d1c8cf5ca72208 40cc61e189884552 c0d12397a3e8513a 40d340e6ee1764fe	ooooooooooooooooooooooooooooooooiooooiooooiooooooooooooooiiooioiooioooooooooooooooiooooiooooioooooooooooooooooooooooooooooooo
corpus_71_alternate	41d2aa20573458e4 415ec5dd7bf0dc50 40b0acb9991727d2 40ac1aac12c57efd 40869969b3ff6923 42efb988c9abbfea 42a7c73d63c8166e 42c49f6499fccb60 42a7c73d63c8166e 42f015989467ab32 429548c096e60303 42c49f6499fccb60 429548c096e60303 42eb3a4ce6d824ad 40aaa689d7bf61c7 40a6a51101f47684 c06570e0d2abcb34 40b412fa45b84981 40b0acc8da9b632e 409912be1871a76c	oooooooooooooooooooooooooooooooooooooooooooooooooooooooooioooioioooioooooooooooooooooooiooooooooooooooooooooooooooooooooooooo
corpus_72	4204dfb2a8d63123 417de7861f756c06 c0937bc0ed820f9f c073300bcb6800da 40bd80de9b347933 43417374c4eaef81 c2f6e7e1162b6458 c3059994745bd144 c2f6e7e1162b6454 4341dc0dfea9fdc1 c30c00d20d7d6924 c3059994745bd148 c30c00d20d7d6928 4340199566643eb9 c0a7fc78642c4cb7 c0a037bfde6deef4 40b66a460ac84fcc 407dfc049fd1ae60 409552421d61e994 40c24598133edc5e	oooooooooooooooooooooooooooooooooooooioooooooooooooooooooooooiiioooioooooooooooooooooooiooooooooooooooooooooooooooooooooooooo
corpus_72@0	4204dfb2a8d63123 417de7861f756c06 c0af17a183bc05fa 402b1fc6b315db24 c0b9926fb892df4b 43422f9eddb0dbb8 c28a70582ef8e100 42fca5c9255f3350 c28a70582ef8e200 43422ad9bc416496 c307bc4953292850 42fca5c9255f3350 c307bc4953292854 433e1d3f200dd762 c0b606b7cb036860 c099549384b50378 c0c03f8734fbac4f c0a40e7a76ce5ae2 409a3af9d607569c c0b2d09131c7dfc8	oooooooooooooooooooooooooooooooooooooooooooooooooooooooooioooiiiooooooooooooooooooooooooooooooooooooooooooooooooooooooooooooo
corpus_72@1	4204dfb2a8d63123 417de7861f756c06 40d01d0bcf887f41 c0e3fe4e0394cea3 40d79b6411db482d 43422f9eddb0dbb7 c28a70582ef8ed00 42fca5c9255f3350 c28a70582ef8ee00 43422ad9bc416496 c307bc4953292850 42fca5c9255f3350 c307bc4953292854 433e1d3f200dd762 40ccfca41a7e4bd1 c0e4caa49c25a81b 40d5e03c658229d8 40d17e30b12634a4 c0e32e28314fc54c 40d94bdbb38e080e	oooooooooooooooooooooooooooooooooooooooooooooooooooooooooioooiiiooooooooooooooooooooooooooooooooooooooooooooooooooooooooooooo
corpus_72_alternate	4204dfb2a8d63122 417de7861f756c06 c0937bc0ed820f9f c073300bcb6800da 40bd80de9b347933 43417374c4eaef81 c2f6e7e1162b6454 c3059994745bd144 c2f6e7e1162b6450 4341dc0dfea9fdc1 c30c00d20d7d6924 c3059994745bd148 c30c00d20d7d6928 4340199566643eb9 c0a7fc78642c4cb7 c0a037bfde6deef4 40b66a460ac84fcc 407dfc049fd1ae60 409552421d61e994 40c24598133edc5e	oooooooooooooooooooooooooooooooooooooioooooooooooooooooooooooiiioooioooooooooooooooooooiooooooooooooooooooooooooooooooooooooo
corpus_73	42329e8f62936729 419e78461f23a916 c0a07367a3a7b113 40d24fcd482a5540 40b1b833003dec0e 438ced7d32dbbad8 4343fecc596f8cf0 4352e19ae1d46bcc 4343fecc596f8cf2 438d94c5dc65ca44 43572b6daf18d220 4352e19ae1d46bcc 43572b6daf18d220 438cd967be0e0004 c0b53cebe049aae5 40ce3c4ac2f89b20 40908136cefba040 4094efda382632a3 40d5fca4345fd0fe 40be7b092ed91b87	oooooooooooooooooooooooooooooooooooooioooooooooooooooooooioooioioooooooooooooooooooooooiooooooooooooooooooooooooooooooooooooo
corpus_73@0	42329e8f62936729 419e78461f23a916 c0c842a6f31617eb c0c40bb568e9fce7 c0c52026571d7e04 438a8e5da6e10836 43385eb8d7e7a815 4340d96198dcf1b8 43385eb8d7e7a815 4390a7b4ba8a53b4 4338d0fcf328fd16 4340d96198dcf1d0 4338d0fcf328fcf6 438b7de3b159d57e c0cf2bb9007928fc c0c8330cec923b52 c0cc1173e73a029c c0c1a196aced1b7c c0be6cdcd2a2829f c0bcf1f6de48f945	oooooooooooooooooooooooooooooooooooooiooooiooooooooooooooioooioiooooooooooooooooooiooooiooooooooooooooooooooooooooooooooooooo
corpus_73@1	42329e8f62936729 419e78461f23a916 40dbdeac8674f40a c0f68176ad1d3f9d 40e8b7f66a38a07f 438a8e5da6e10836 43385eb8d7e7a815 4340d96198dcf1b8 43385eb8d7e7a815 4390a7b4ba8a53b4 4338d0fcf328fd16 4340d96198dcf1d0 4338d0fcf328fcf6 438b7de3b159d57e 40d86a237fc36b82 c0f706619d92476a 40e6fba306317f59 40df2f34a9897241 c0f5e6cdcd2a282a 40ea61c12436e0d7	oooooooooooooooooooooooooooooooooooooiooooiooooooooooooooioooioiooooooooooooooooooiooooiooooooooooooooooooooooooooooooooooooo
corpus_73_alternate	42329e8f62936729 419e78461f23a916 c0a07367a3a7b112 40d24fcd482a5540 40b1b833003dec0e 438ced7d32dbbad8 4343fecc596f8cf0 4352e19ae1d46bcc 4343fecc596f8cf4 438d94c5dc65ca43 43572b6daf18d21c 4352e19ae1d46bcc 43572b6daf18d21c 438cd967be0e0004 c0b53cebe049aae5 40ce3c4ac2f89b20 40908136cefba040 4094efda382632a3 40d5fca4345fd0fe 40be7b092ed91b87	oooooooooooooooooooooooooooooooooooooioooooooooooooooooooioooioioooooooooooooooooooooooiooooooooooooooooooooooooooooooooooooo
corpus_74	4261045042b7e29f 41b9ff0cf1089e79 c0db0d25aa1f9b73 c0b259737a25884c c0a9a0f40ae89735 43dc0d542e0fc12d 4391c9c32aeb8ab5 c3a49f2a00683e02 4391c9c32aeb8ab6 43db5ca93af5df6f 4378bc5a36aac21c c3a49f2a00683e02 4378bc5a36aac224 43d39eb3ea6d21cf c0e0849e2a378261 c0c336e578c7ba26 c0c2d1f24c619491 c0d5288aad5990b3 407cf7943535c1e1 40a8beefb58a29e9	ooooooooooooooooooooooooooooooooooooooooooooooooooooooooiiiooiiioooiiooooooooooooooooooiooooooooooooooooooooooooooooooooooooo
corpus_74@0	4261045042b7e29f 41b9ff0cf1089e79 c0db154e88092fbc c098d1b799fe8204 40b4da169cb80718 43da2344d5bba19e 43a569c211a56fc2 c3af17ead6badb32 43a569c211a56fc4 43da02a7a64b5bf8 43a0900e2d20f05c c3af17ead6badb32 43a0900e2d20f05a 43d6e2c4d76bc4d9 c0e0c9888b009cb0 c0bfa4c078dbfd56 c09b1341cee9b1c4 c0d4848e3645befa 40b305f36eb81386 40c81947a67396ec	oooooooooooooooooooooooooooooooooooooooooooooooooooooooooiooooiiooooooooooooooooooooooooooooooooooooooooooooooooooooooooooooo
corpus_74@1	4261045042b7e29f 41b9ff0cf1089e79 40ea7558bbfb6823 c10431a36f33fd04 40ff4da169cb8071 43da2344d5bba19e 43a569c211a56fc2 c3af17ead6badb32 43a569c211a56fc6 43da02a7a64b5bf8 43a0900e2d20f05c c3af17ead6badb32 43a0900e2d20f05a 43d6e2c4d76bc4d9 40e7367774ff6350 c104fd2603c6dfec 40fd93b2f8c45939 40edbdb8e4dd2083 c10367d0648a3f65 410081947a67396f	oooooooooooooooooooooooooooooooooooooooooooooooooooooooooiooooiiooooooooooooooooooooooooooooooooooooooooooooooooooooooooooooo
corpus_74_alternate	4261045042b7e2a0 41b9ff0cf1089e79 c0db0d25aa1f9b73 c0b259737a25884c c0a9a0f40ae89735 43dc0d542e0fc12d 4391c9c32aeb8ab7 c3a49f2a00683e06 4391c9c32aeb8ab7 43db5ca93af5df70 4378bc5a36aac228 c3a49f2a00683e04 4378bc5a36aac22c 43d39eb3ea6d21ce c0e0849e2a378261 c0c336e578c7ba26 c0c2d1f24c619491 c0d5288aad5990b3 407cf7943535c1e1 40a8beefb58a29e9	ooooooooooooooooooooooooooooooooooooooooooooooooooooooooiiiooiiioooiiooooooooooooooooooiooooooooooooooooooooooooooooooooooooo
corpus_75	3dd30f2f5f0062c6 3eb349aa76336159 bf4c7555ceff9d3e bf42228b8bbdaeda 3f4cac2183751662 3c4269d83553cecd bc0455a2cbed6508 3c1a8731be5489fe bc0455a2cbed6508 3c430368825aab6d 3bffb3f5d3fd3a98 3c1a8731be5489fe 3bffb3f5d3fd3a97 3c464e81a0d4c8bf bf542c616b92ab67 bf4ad20af1670cce 3f4311143f0462cf bf4115cbdf91173f bf314024abf7cc3c 3f5338e5cf13a79d	ooooooooooooooooooooooooooooooooiooooioooooooooooooooooooioooooooooioooooooooooooooooooiooooooooooooooooooooooooooooooooooooo
corpus_75@0	3dd30f2f5f0062c6 3eb349aa76336159 bf4dd4ff1116c035 bf40b46a84dcba65 3f4c23d8c384c6bb 3c43ba32fad8d216 3bfdf92df05fa448 3c19530e7c9f2368 3bfdf92df05fa440 3c4549afc279f8ac 3c129c95c22ccc6c 3c19530e7c9f2368 3c129c95c22ccc6a 3c42b7df9b307837 bf545e97880be5e2 bf4a87f6e0c586f8 3f40d28ad075433a bf43376995e37768 bf29fd7a231b563d 3f53c967b7336ce5	oooooooooooooooooooooooooooooooooooooooooooooooooooooooooioooioioooioooooooooooooooooooiooooooooooooooooooooooooooooooooooooo
corpus_75@1	3dd30f2f5f0062c6 3eb349aa76336159 3f7045601ddd27f9 bf850b46a84dcba5 3f80c23d8c384c6c 3c43ba32fad8d216 3bfdf92df05fa448 3c19530e7c9f2368 3bfdf92df05fa440 3c4549afc279f8ac 3c129c95c22ccc6c 3c19530e7c9f2368 3c129c95c22ccc6a 3c42b7df9b307837 3f6dd0b43bfa0d0f bf85a87f6e0c586f 3f800d28ad075434 3f719912cd439113 bf8467f5e88c6d58 3f81792cf6e66d9d	oooooooooooooooooooooooooooooooooooooooooooooooooooooooooioooioioooioooooooooooooooooooiooooooooooooooooooooooooooooooooooooo
corpus_75_alternate	3dd30f2f5f0062c5 3eb349aa76336159 bf4c7555ceff9d3e bf42228b8bbdaeda 3f4cac2183751662 3c4269d83553cecd bc0455a2cbed6506 3c1a8731be5489fc bc0455a2cbed6506 3c430368825aab6c 3bffb3f5d3fd3a94 3c1a8731be5489fc 3bffb3f5d3fd3a97 3c464e81a0d4c8bf bf542c616b92ab67 bf4ad20af1670cce 3f4311143f0462cf bf4115cbdf91173f bf314024abf7cc3c 3f5338e5cf13a79d	ooooooooooooooooooooooooooooooooiooooioooooooooooooooooooioooooooooioooooooooooooooooooiooooooooooooooooooooooooooooooooooooo
corpus_76	3e078cb866f64c71 3ed397b768df82a4 bf60223cc7440311 3f38663bca905bbc 3f72e5f3c0ce8f14 3c9a074cc854334e bc5b0c2a6fb44764 3c3b71956c67b3a0 bc5b0c2a6fb44764 3c9a36ec54563748 bc3b9828bc57e8b0 3c3b71956c67b3a0 bc3b9828bc57e8a0 3c9885e2f158cd52 bf65abf888bbc601 bf308c3163a879af 3f7009018b622d43 bf55cab778c41f1b 3f510a9e4dec28a5 3f75c8075b3ddf75	ooooooooooooooooooooooooooooooooiooooioooooooooooooooooooioooiiioooioooooooooooooooooooiooooooooooooooooooooooooooooooooooooo
corpus_76@0	3e078cb866f64c71 3ed397b768df82a4 3f73d825f40ed48d bf548d68629a15d8 bf40ada867da3fe0 3c9867f9fd824a66 3be8a37b397b5c00 3c09fb6ad03a1100 3be8a37b397b5d00 3c98bf2022fa8c45 3c4fb55f4728dd68 3c09fb6ad03a1120 3c4fb55f4728dd61 3c9b9d01ed86613e 3f71b26074a6729b bf5dd1eba4b92499 bf520487fcb893ad 3f75fba8673e8e54 bf452ce7a47f6477 bf0362626b838d9e	ooooooooooooooooooooooooooooooooiiooiiioooiooooooooooooooiiooiiioooiooooooooooooooioooiiioooioooooooooooooooooooooooooooooooo
corpus_76@1	3e078cb866f64c71 3ed397b768df82a4 3f8dec12fa076a46 bf9548d68629a15e 3f8cf52579825c01 3c9867f9fd824a66 3be8a37b397b5c00 3c09fb6ad03a10e0 3be8a37b397b5d00 3c98bf2022fa8c45 3c4fb55f4728dd78 3c09fb6ad03a1120 3c4fb55f4728dd61 3c9b9d01ed86613e 3f8cd9303a53394e bf95dd1eba4b924a 3f8bbf6f0068ed8a 3f8efdd4339f472a bf94a9673d23fb24 3f8dec9d9d947c72	ooooooooooooooooooooooooooooooooiiooiiioooiooooooooooooooiiooiiioooiooooooooooooooioooiiioooioooooooooooooooooooooooooooooooo
corpus_76_alternate	3e078cb866f64c72 3ed397b768df82a4 bf60223cc7440311 3f38663bca905bbb 3f72e5f3c0ce8f14 3c9a074cc854334f bc5b0c2a6fb44764 3c3b71956c67b3c0 bc5b0c2a6fb44764 3c9a36ec54563748 bc3b9828bc57e8b0 3c3b71956c67b3c0 bc3b9828bc57e890 3c9885e2f158cd52 bf65abf888bbc601 bf308c3163a879af 3f7009018b622d43 bf55cab778c41f1b 3f510a9e4dec28a5 3f75c8075b3ddf75	ooooooooooooooooooooooooooooooooiooooioooooooooooooooooooioooiiioooioooooooooooooooooooiooooooooooooooooooooooooooooooooooooo
corpus_77	3e3a15b2d24982ba 3ef7dde751539cc2 bf6c30295083096c 3f789e85d350cae5 bf73cfacffd43396 3ceb7b68c87b827e 3cb10189ba33afa9 bca7a23e38e0fbed 3cb10189ba33afaa 3cf1255bc60899f6 3cac40bfd09ddf30 bca7a23e38e0fbec 3cac40bfd09ddf30 3cf1506e187e9614 bf737e23357eede2 3f7288afe6d6548f bf795ccd23ef200a bf6047217c80c356 3f7e2cde127aaf3f bf6b8dd226f43af9	ooooooooooooooooooooooooooooooooooooiiooooiooooooooooooooioooioioooioooooooooooooooooooiooooooooooooooooooooooooooooooooooooo
corpus_77@0	3e3a15b2d24982ba 3ef7dde751539cc2 bf5484ad6ecb0fcc 3f810fcca9e36563 3f446a9738681817 3ced2ed2bd5289c5 3cbc41d9dc4847ad 3c8cad328cc512a8 3cbc41d9dc4847ab 3ceeff5b06717d6c bc7b466219a736cc 3c8cad328cc512b0 bc7b466219a736cc 3cf21c6760e2edb1 bf64bdd1a80905b2 3f7cfb1bc8fd2d64 bf31d96ff8955d3c 3f25b72ce710508f 3f834d45c7388d5d 3f58bb5a1612bba4	ooooooooooooooooooooooooooooooooooooiioooiiiooooooooooooiiioooooooiiioooooooooooooooooiiioooooooooooooooooooooooooooooooooooo
corpus_77@1	3e3a15b2d24982ba 3ef7dde751539cc2 3f92b7b529134f02 bf9f7819ab0e4d4f 3f9ea354b9c340c1 3ced2ed2bd5289c5 3cbc41d9dc4847a9 3c8cad328cc512ac 3cbc41d9dc4847ab 3ceeff5b06717d6c bc7b466219a736cc 3c8cad328cc512b4 bc7b466219a736cc 3cf21c6760e2edb1 3f916845cafedf49 bfa0609c86e05a53 3f9db89a401daa8b 3f942b6e59ce20a1 bf9e595d1c63b952 3f9f8bb5a1612bba	ooooooooooooooooooooooooooooooooooooiioooiiiooooooooooooiiioooooooiiioooooooooooooooooiiioooooooooooooooooooooooooooooooooooo
corpus_77_alternate	3e3a15b2d24982bc 3ef7dde751539cc2 bf6c30295083096c 3f789e85d350cae5 bf73cfacffd43396 3ceb7b68c87b827f 3cb10189ba33afa8 bca7a23e38e0fbe7 3cb10189ba33afa8 3cf1255bc60899f7 3cac40bfd09ddf30 bca7a23e38e0fbe8 3cac40bfd09ddf40 3cf1506e187e9615 bf737e23357eede2 3f7288afe6d6548f bf795ccd23ef200a bf6047217c80c356 3f7e2cde127aaf3f bf6b8dd226f43af9	ooooooooooooooooooooooooooooooooooooiiooooiooooooooooooooioooioioooioooooooooooooooooooiooooooooooooooooooooooooooooooooooooo
corpus_78	3e5da4ab99e3ee88 3f0cc87efb57f166 bf8c3e7804af580a 3f89060b99f0e762 3f61fc3e8a8abbab 3d27c058c52ab9cb 3cdcd7db6f10ae91 bcf91b6771996748 3cdcd7db6f10ae91 3d26cc8b9ce87858 3caa2bcc1e631190 bcf91b6771996748 3caa2bcc1e631190 3d2b6e1eff531290 bf9086c385f438e6 3f85217aaaac5fb1 3f21e595cdfb3bd8 bf87f7165b7d7ea7 3f8cbc0ed318e088 3f714bebbe263918	oooooooooooooooooooooooooooooooooooooiooooioooooooooooooiiooooiooooiooooooooooooooiooooiooooioooooooooooooooooooooooooooooooo
corpus_78@0	3e5da4ab99e3ee88 3f0cc87efb57f166 bf90bec17322fd95 3f7786fbf7e08193 3f7b23c3987b2bd2 3d2677bc35d7a8e4 3cea6d62f4642f06 bcef3bb4b980b540 3cea6d62f4642f04 3d2884d7c56dce3b bcf1d993510b1390 bcef3bb4b980b548 bcf1d993510b138c 3d2afe6f6620cd98 bf93220d005a4a9b 3f6d5bed812a89b2 3f72428785859927 bf8c79c7e9b16e6c 3f8078f0f40d2c05 3f82a43d4272035f	oooooooooooooooooooooooooooooooooooooioooooooooooooooooooiooooiooooiooooooooooooooooooooooooooooooooooooooooooooooooooooooooo
corpus_78@1	3e5da4ab99e3ee88 3f0cc87efb57f166 3f97413e8cdd026b bfb287904081f7e7 3fb0b23c3987b2be 3d2677bc35d7a8e4 3cea6d62f4642f06 bcef3bb4b980b540 3cea6d62f4642f04 3d2884d7c56dce3b bcf1d993510b1390 bcef3bb4b980b548 bcf1d993510b138c 3d2afe6f6620cd98 3f94ddf2ffa5b565 bfb3152093f6abb2 3fb0242878585992 3f99c31c0b2748cb bfb1f0e1e17e5a7f 3fb15487a84e406b	oooooooooooooooooooooooooooooooooooooioooooooooooooooooooiooooiooooiooooooooooooooooooooooooooooooooooooooooooooooooooooooooo
corpus_78_alternate	3e5da4ab99e3ee88 3f0cc87efb57f166 bf8c3e7804af580a 3f89060b99f0e762 3f61fc3e8a8abbab 3d27c058c52ab9cb 3cdcd7db6f10ae92 bcf91b6771996748 3cdcd7db6f10ae92 3d26cc8b9ce87858 3caa2bcc1e631190 bcf91b6771996748 3caa2bcc1e6311a0 3d2b6e1eff531290 bf9086c385f438e6 3f85217aaaac5fb1 3f21e595cdfb3bd8 bf87f7165b7d7ea7 3f8cbc0ed318e088 3f714bebbe263918	oooooooooooooooooooooooooooooooooooooiooooioooooooooooooiiooooiooooiooooooooooooooiooooiooooioooooooooooooooooooooooooooooooo
corpus_79	3e982015238e2087 3f365d43f082230c bfa1ffd584433cdd 3f8ef4f8bdfb20e6 bf8cd2039aa4830a 3d8bd75f8812c9d3 bd58677f0a50e672 bd479bd2b0c58c38 bd58677f0a50e672 3d8e5608e24a8888 3d54985f2cb68056 bd479bd2b0c58c40 3d54985f2cb68056 3d8c97b900fa29ba bfa49bb0716295a5 3f82fc31b1ad269c bf93bb1630ebcf1d bf9e06d56b568b40 3f946891a6c0b3c8 bf81c825b6bac32a	oooooooooooooooooooooooooooooooooooooioooooooooooooooooooooooioioooooooooooooooooooooooiooooooooooooooooooooooooooooooooooooo
corpus_79@0	3e982015238e2087 3f365d43f082230c bfa0579fe715ffd4 3f955f42f7960d24 bf8d893a5c93b72b 3d8cfcf16bc1f5d2 bd555524dff74c29 bd579c4001fceda1 bd555524dff74c2a 3d8c449cf6591f46 3d4e16cb2af59340 bd579c4001fceda0 3d4e16cb2af59340 3d8d8393093c6700 bfa2bdd406ef687c 3f8d6dcbb747b915 bf94af799ea013a3 bf9b35ab1184af3e 3f9b55f518fb7530 bf82e18527faf492	ooooooooooooooooooooooooooooooooooooiioooooooooooooooooooooooooioooiooooooooooooooooooooioooooooooooooooooooooooooooooooooooo
corpus_79@1	3e982015238e2087 3f365d43f082230c 3fa7a86018ea002c bfc15417a10d3e5b 3fba4ed8b46d891a 3d8cfcf16bc1f5d2 bd555524dff74c28 bd579c4001fceda1 bd555524dff74c28 3d8c449cf6591f46 3d4e16cb2af59340 bd579c4001fceda0 3d4e16cb2af59340 3d8d8393093c6700 3fa5422bf9109784 bfc22923448b846e 3fb8d4219857fb17 3faa652a773da862 bfc095415ce09159 3fbba3cf5b00a16e	ooooooooooooooooooooooooooooooooooooiioooooooooooooooooooooooooioooiooooooooooooooooooooioooooooooooooooooooooooooooooooooooo
corpus_79_alternate	3e982015238e2088 3f365d43f082230c bfa1ffd584433cdd 3f8ef4f8bdfb20e6 bf8cd2039aa4830a 3d8bd75f8812c9d3 bd58677f0a50e670 bd479bd2b0c58c38 bd58677f0a50e672 3d8e5608e24a8889 3d54985f2cb68052 bd479bd2b0c58c38 3d54985f2cb68058 3d8c97b900fa29bc bfa49bb0716295a5 3f82fc31b1ad269c bf93bb1630ebcf1d bf9e06d56b568b40 3f946891a6c0b3c8 bf81c825b6bac32a	oooooooooooooooooooooooooooooooooooooioooooooooooooooooooooooioioooooooooooooooooooooooiooooooooooooooooooooooooooooooooooooo
corpus_80	3ed42ecbfe43f211 3f5bb25220eca2c1 3f9bc9c406261ca3 bfb24e9257acaf75 bf9e6b124fa77a2e 3df39cb6285ec147 bda1c9d7b5f8e482 bd8dd2dfdf4b5296 bda1c9d7b5f8e482 3dee476fa39d0da2 3dc9c7fe72a66d56 bd8dd2dfdf4b5296 3dc9c7fe72a66d56 3def25fc80b33ed8 3f91afff10e16318 bfb5fb3834c8cddf bfa68fa432df1718 3fa3072bcd149c3c bfad4d5662946412 bf8f7b684ab2a9df	oooooooooooooooooooooooooooooooooooooioooooooooooooooooooioooiiioooioooooooooooooooooooiooooooooooooooooooooooooooooooooooooo
corpus_80@0	3ed42ecbfe43f211 3f5bb25220eca2c1 3f99a5b2022a85c6 bfb2417695d360ae bfa05a4137d53bfb 3df394308e20afd1 bda238cee2ff1996 bd9127cc09b257f3 bda238cee2ff1996 3dee05efa5762eeb 3dc9cfb38bde6baa bd9127cc09b257f4 3dc9cfb38bde6bac 3def7887b356407a 3f8f239f76da8fc1 bfb5f249d9e1399f bfa7a5d60068bc50 3fa1f708a627fc2f bfad3a92cabb7a3e bf9220e8aacedd2a	oooooooooooooooooooooooooooooooooooooioooooooooooooooooooioooiiioooioooooooooooooooooooiooooooooooooooooooooooooooooooooooooo
corpus_80@1	3ed42ecbfe43f211 3f5bb25220eca2c1 3fc734b6404550b8 bfd8905da574d82c 3fc9e96fb20ab102 3df394308e20afd1 bda238cee2ff1996 bd9127cc09b257f3 bda238cee2ff1996 3dee05efa5762eeb 3dc9cfb38bde6baa bd9127cc09b257f4 3dc9cfb38bde6bac 3def7887b356407a 3fc5f239f76da8fb bfd97c9276784e69 3fc8168a7fe5d0ec 3fc87dc22989ff0c bfd7a75259576f48 3fcbbbe2eaa6245b	oooooooooooooooooooooooooooooooooooooioooooooooooooooooooioooiiioooioooooooooooooooooooiooooooooooooooooooooooooooooooooooooo
corpus_80_alternate	3ed42ecbfe43f211 3f5bb25220eca2c2 3f9bc9c406261ca3 bfb24e9257acaf75 bf9e6b124fa77a2f 3df39cb6285ec147 bda1c9d7b5f8e484 bd8dd2dfdf4b5298 bda1c9d7b5f8e484 3dee476fa39d0da0 3dc9c7fe72a66d5a bd8dd2dfdf4b5296 3dc9c7fe72a66d58 3def25fc80b33ed7 3f91afff10e16318 bfb5fb3834c8cddf bfa68fa432df1718 3fa3072bcd149c3c bfad4d5662946412 bf8f7b684ab2a9df	oooooooooooooooooooooooooooooooooooooioooooooooooooooooooioooiiioooioooooooooooooooooooiooooooooooooooooooooooooooooooooooooo
corpus_81	3f0176b2e2a28d3c 3f7c21f2500929ef bfbb5fffccfc5e67 3fa0c96b7691796a bfb9522fb73677ed 3e3b33f41586fc70 bdf5e52e29f9f440 3e0268f9040eced8 bdf5e52e29f9f440 3e3bc76529eba5aa 3df421b215fc1930 3e0268f9040eced8 3df421b215fc1930 3e37e41b368f89d8 bfc09a2a38d982c8 3f8841d717e4dee0 bfc02dee60b507c7 bfb4789ed8c59a00 3fac9e46d1512440 bfb2e62e5afff0d0	ooooooooooooooooooooooooooooooooiooooooooooooooooooooooooioooioioooioooooooooooooooooooiooooooooooooooooooooooooooooooooooooo
corpus_81@0	3f0176b2e2a28d3c 3f7c21f2500929ef bfb239398de89d25 bfac44318b6ef84c bfbe7b624975ba6c 3e39c407b5033405 3db60e742948c830 3e0abb08bf9d3e0c 3db60e742948c830 3e3bc76a0f32ce71 bde0bed5ae33aa0c 3e0abb08bf9d3e10 bde0bed5ae33a9f6 3e395402b1cc2980 bfb8bc95ffb7b62e bfb396c11d64d7c7 bfc2a5ef37f61cb6 bfa67c423495299c bfa35307adb28297 bfb7b7a0ce00ca1a	ooooooooooooooooooooooooooooooooooooooooooiooooooooooooooioooioioooioooooooooooooooooooiooooooooooooooooooooooooooooooooooooo
corpus_81@1	3f0176b2e2a28d3c 3f7c21f2500929ef 3fcee363390bb16d bfe5c44318b6ef86 3fd661276da29166 3e39c407b5033405 3db60e742948c830 3e0abb08bf9d3e0c 3db60e742948c830 3e3bc76a0f32ce71 bde0bed5ae33aa0c 3e0abb08bf9d3e10 bde0bed5ae33a9f6 3e395402b1cc2980 3fcba1b5002424e9 bfe672d823ac9af9 3fd4ad086404f1a5 3fd13077b96d5acd bfe535307adb282a 3fd81217cc7fcd79	ooooooooooooooooooooooooooooooooooooooooooiooooooooooooooioooioioooioooooooooooooooooooiooooooooooooooooooooooooooooooooooooo
corpus_81_alternate	3f0176b2e2a28d3c 3f7c21f2500929ef bfbb5fffccfc5e67 3fa0c96b7691796a bfb9522fb73677ed 3e3b33f41586fc6e bdf5e52e29f9f43e 3e0268f9040ecedc bdf5e52e29f9f43e 3e3bc76529eba5aa 3df421b215fc1934 3e0268f9040eced8 3df421b215fc1934 3e37e41b368f89d6 bfc09a2a38d982c8 3f8841d717e4dee0 bfc02dee60b507c7 bfb4789ed8c59a00 3fac9e46d1512440 bfb2e62e5afff0d0	ooooooooooooooooooooooooooooooooiooooooooooooooooooooooooioooioioooioooooooooooooooooooiooooooooooooooooooooooooooooooooooooo
corpus_82	3f29ef2618526ee6 3f952089127c25d4 3fcd9df249753f28 3fc439ce4f5fe702 bfa908db97eb1628 3e7bff56f0c42682 3e19c4160710ac30 3e2e966f100cbbf0 3e19c4160710ac30 3e7f5280e60ec9f8 be20bb1ba3aae540 3e2e966f100cbbf4 be20bb1ba3aae550 3e7f489dbbc8e7f7 3fc85e4e2c6ec9e4 3fbdd4b65eaa6daf bfb7bab615e12044 3fd1a8aa75e140d5 3fc9f07bbb3d7efd bf6ca6c8a29d3a98	ooooooooooooooooooooooooooooooooiooooooooooooooooooooooooioooiiioooioooooooooooooooooooiooooooooooooooooooooooooooooooooooooo
corpus_82@0	3f29ef2618526ee6 3f952089127c25d4 3fbc1418190fd762 3fc394ca7b6d936a bfcb4af273594757 3e7c592fd15dce04 be230f916404d144 3e3559c40745ff38 be230f916404d140 3e7efebcb0615bec 3e2073107a1e9810 3e3559c40745ff38 3e2073107a1e9810 3e7f428910dcae85 3fb0c10ced53ecfa 3fbb60452e05822a bfd0550eed4289d3 3fc356a158d30bda 3fc96e15fc50c392 bfc5b610a110a552	oooooooooooooooooooooooooooooooooooooiooooooooooooooooooooooooiooooioooooooooooooooooooiooooooooooooooooooooooooooooooooooooo
corpus_82@1	3f29ef2618526ee6 3f952089127c25d4 3fe782830321faec bff18d66b0924d93 3fe72d436329ae2a 3e7c592fd15dce04 be230f916404d144 3e3559c40745ff38 be230f916404d140 3e7efebcb0615bec 3e2073107a1e9810 3e3559c40745ff38 3e2073107a1e9810 3e7f428910dcae85 3fe618219daa7d9f bff249fbad1fa7de 3fe5d578895ebb16 3fe8d5a85634c2f6 bff0d23d4075e78e 3fe8927bd7bbd6ab	oooooooooooooooooooooooooooooooooooooiooooooooooooooooooooooooiooooioooooooooooooooooooiooooooooooooooooooooooooooooooooooooo
corpus_82_alternate	3f29ef2618526ee6 3f952089127c25d4 3fcd9df249753f28 3fc439ce4f5fe702 bfa908db97eb1628 3e7bff56f0c42682 3e19c4160710ac38 3e2e966f100cbbf4 3e19c4160710ac38 3e7f5280e60ec9f8 be20bb1ba3aae540 3e2e966f100cbbf8 be20bb1ba3aae550 3e7f489dbbc8e7f7 3fc85e4e2c6ec9e4 3fbdd4b65eaa6daf bfb7bab615e12044 3fd1a8aa75e140d5 3fc9f07bbb3d7efd bf6ca6c8a29d3a98	ooooooooooooooooooooooooooooooooiooooooooooooooooooooooooioooiiioooioooooooooooooooooooiooooooooooooooooooooooooooooooooooooo
corpus_83	3f623841cac4ee3a 3fbd8be07efa8948 3fc9b596b6528f5f 3fc1b25009c88d6d bfdae866d94cde86 3edafca74ea93dba be95cbcbb9b895a0 be77231a5f39a960 be95cbcbb9b895a8 3edc7fdaf18aa1bc bea7bd2de432c06c be77231a5f39a960 bea7bd2de432c06c 3edc901f0e9f591b 3fb7d85ea65f3f3e 3fa0cbcfb7c2530c bfe082590008883c 3fd3b110d4e1fcec 3fcf6a25649dc42d bfd44dd47fd3b06e	oooooooooooooooooooooooooooooooooooooooooooooooooooooooooooooioooooioooooooooooooooooooiooooooooooooooooooooooooooooooooooooo
corpus_83@0	3f623841cac4ee3a 3fbd8be07efa8948 3fd9cf8df3a55012 3fd14a737ea2f172 3f98c598bf35d727 3edbd3de0fd6d01f 3e90756fd74d509a 3e5f749c55b0ade0 3e90756fd74d50a2 3ede56104b85c57d 3ea2d2825cbccd70 3e5f749c55b0ae00 3ea2d2825cbccd70 3ed9e2b2f376a2f4 3fd4275c804f66ef 3fc57d5c35935172 bfb294e35f3452a6 3fdf757c6ea1d363 3fd7d0878af8ecd8 3fbf855d1137d1ce	ooooooooooooooooooooooooooooooooooooiioooooooooooooooooooooooioioooiooooooooooooooooooiiooooooooooooooooooooooooooooooooooooo
corpus_83@1	3f623841cac4ee3a 3fbd8be07efa8948 3ffa73e37ce95405 c001d6b1902ba1d1 3ffe631662fcd75c 3edbd3de0fd6d01f 3e90756fd74d509a 3e5f749c55b0adc0 3e90756fd74d50a3 3ede56104b85c57d 3ea2d2825cbccd70 3e5f749c55b0ae00 3ea2d2825cbccd70 3ed9e2b2f376a2f4 3ff909d72013d9bd c002a82a3ca6cae9 3ffcd6b1ca0cbad7 3ffbdd5f1ba874da c00105ef0ea0e265 3ffff855d1137d1d	ooooooooooooooooooooooooooooooooooooiioooooooooooooooooooooooioioooiooooooooooooooooooiiooooooooooooooooooooooooooooooooooooo
corpus_83_alternate	3f623841cac4ee3a 3fbd8be07efa8947 3fc9b596b6528f5f 3fc1b25009c88d6d bfdae866d94cde86 3edafca74ea93dbb be95cbcbb9b89598 be77231a5f39a950 be95cbcbb9b895a0 3edc7fdaf18aa1bc bea7bd2de432c06c be77231a5f39a950 bea7bd2de432c068 3edc901f0e9f591c 3fb7d85ea65f3f3e 3fa0cbcfb7c2530c bfe082590008883c 3fd3b110d4e1fcec 3fcf6a25649dc42d bfd44dd47fd3b06e	oooooooooooooooooooooooooooooooooooooooooooooooooooooooooooooioooooioooooooooooooooooooiooooooooooooooooooooooooooooooooooooo
corpus_84	3f8c2570755ffa66 3fd5fc54baa7136e 3fe1e4ca2a882db2 bfefc6f4a8835b7a bfc7936f246a4218 3f21f61965197d38 bebc343289c574c0 3ed2a415fabaf280 bebc343289c574a0 3f20e4a96f068a9d 3ec3d163ef0131f0 3ed2a415fabaf280 3ec3d163ef0131f0 3f2151a7b134e426 3fd706452d4b2ff9 bff2ecebf4b3eaff bfd837cf6e5f2392 3fe7ef07b402677f bfe93d1f5a61fb42 bf774fff0165c1e0	oooooooooooooooooooooooooooooooooooooioooooooooooooooooooioooiiioooiooooooooooooooooooooooooooooooooooooooooooooooooooooooooo
corpus_84@0	3f8c2570755ffa66 3fd5fc54baa7136e 3feab0536b090eaf bfdbdc5b157f261f 3fe568d455dc36b4 3f21e1e4459c6046 3ed01013d36b2a60 3eb830b8a00dbe50 3ed01013d36b2a60 3f21b1bb5099ab53 be9cd012addff900 3eb830b8a00dbe50 be9cd012addff840 3f2098caef1ee062 3fe41ef33396a425 bfe3cc4e05a00e11 3fdeb93ef3653d00 3ff09acc0c85768e bfce19f34d0e774d 3feadaa51d8fcb2c	oooooooooooooooooooooooooooooooooooooioooooooooooooooooooioooiiioooiooooooooooooooooooooooooooooooooooooooooooooooooooooooooo
corpus_84@1	3f8c2570755ffa66 3fd5fc54baa7136e 400aac14dac243ab c015bdc5b157f262 4011ad1a8abb86d7 3f21e1e4459c6046 3ed01013d36b2a60 3eb830b8a00dbe40 3ed01013d36b2a60 3f21b1bb5099ab53 be9cd012addff900 3eb830b8a00dbe40 be9cd012addff840 3f2098caef1ee062 400907bccce5a909 c0167989c0b401c2 4010eb93ef3653d1 400c4d660642bb48 c014f0cf9a6873ba 40125b54a3b1f965	oooooooooooooooooooooooooooooooooooooioooooooooooooooooooioooiiioooiooooooooooooooooooooooooooooooooooooooooooooooooooooooooo
corpus_84_alternate	3f8c2570755ffa65 3fd5fc54baa7136e 3fe1e4ca2a882db2 bfefc6f4a8835b7a bfc7936f246a4218 3f21f61965197d36 bebc343289c574f0 3ed2a415fabaf280 bebc343289c574d0 3f20e4a96f068a9d 3ec3d163ef0131f0 3ed2a415fabaf280 3ec3d163ef0131f0 3f2151a7b134e426 3fd706452d4b2ff9 bff2ecebf4b3eaff bfd837cf6e5f2392 3fe7ef07b402677f bfe93d1f5a61fb42 bf774fff0165c1e0	oooooooooooooooooooooooooooooooooooooioooooooooooooooooooioooiiioooiooooooooooooooooooooooooooooooooooooooooooooooooooooooooo
corpus_85	3fbf1a667781a4b5 3ffb6533c2ba34c6 bff562b2099a1fad bffed092540e6b8f c0013ba148ac1d50 3f7632ece411120e bf4545ee445b1f14 3f21fcdc5189ec30 bf4545ee445b1f14 3f7687b07628f442 3f3aa9efbe14cc30 3f21fcdc5189ec38 3f3aa9efbe14cc30 3f75f28b1e1506fe bffcae6b9114fce1 c00280e4e2cb5f80 c0047eda61cb9484 bfee27c906d08990 bff9107c778b6882 bffb6ae2231099f0	oooooooooooooooooooooooooooooooooooooioooooooooooooooooooioooooiooiooooooooooooooooooooiooooooooooooooooooooooooooooooooooooo
corpus_85@0	3fbf1a667781a4b5 3ffb6533c2ba34c6 c006468bbe3d92a0 bfe8bdedbf08c480 3ff5604af756d04a 3f767d60de2038bf 3ef942ad6d9065e8 3f17ba30742ce324 3ef942ad6d906568 3f77b058befe8b42 bf45ea49229be170 3f17ba30742ce340 bf45ea49229be16c 3f747f6edb30494c c008d4bb5f7934dc bff2363e8fe7b3fd 3fee64902d53b6d0 c00395b7b915cf24 bfdb608a20855e80 3ffb699b89bfef0e	ooooooooooooooooooooooooooooooooooooooiooooooooooooooooooioooioiooooooooooooooooooooooiiooooooooooooooooooooooooooooooooooooo
corpus_85@1	3fbf1a667781a4b5 3ffb6533c2ba34c6 4001b97441c26d60 c0258bdedbf08c48 4021ac095eeada09 3f767d60de2038bf 3ef942ad6d9065e8 3f17ba30742ce344 3ef942ad6d9065e8 3f77b058befe8b40 bf45ea49229be168 3f17ba30742ce320 bf45ea49229be164 3f747f6edb30494b 3ffe5689410d9647 c02646c7d1fcf67f 4020e64902d53b6d 40046a4846ea30dc c024db0451042af5 40226d337137fde1	ooooooooooooooooooooooooooooooooooooooiooooooooooooooooooioooioiooooooooooooooooooooooiiooooooooooooooooooooooooooooooooooooo
corpus_85_alternate	3fbf1a667781a4b6 3ffb6533c2ba34c6 bff562b2099a1fad bffed092540e6b8f c0013ba148ac1d50 3f7632ece411120e bf4545ee445b1f14 3f21fcdc5189ec30 bf4545ee445b1f14 3f7687b07628f442 3f3aa9efbe14cc30 3f21fcdc5189ec38 3f3aa9efbe14cc30 3f75f28b1e1506fe bffcae6b9114fce1 c00280e4e2cb5f80 c0047eda61cb9484 bfee27c906d08990 bff9107c778b6882 bffb6ae2231099f0	oooooooooooooooooooooooooooooooooooooioooooooooooooooooooioooooiooiooooooooooooooooooooiooooooooooooooooooooooooooooooooooooo
corpus_86	3fe383482966d19c 4011ea08374aab64 bfe8330c5b92e717 c010f673f1a1219d c00ef7a0161c2a9d 3fb4cc74440a04c5 3f29c26857aa6f80 bf8454eaade0e848 3f29c26857aa6f80 3fb2d5f4d0e59bd6 bf82e6f8c42709a4 bf8454eaade0e848 bf82e6f8c42709a7 3fb3bf5bbd4c526a bff71ce907b5ae80 c013de8b5974130f c0124e1405f36f5f bfb6b58d8a6cd4c4 c00cd59cd064fb90 c0095660ff8850d9	oooooooooooooooooooooooooooooooooooooooooooooooooooooooooioooiiooooioooooooooooooooooooiooooooooooooooooooooooooooooooooooooo
corpus_86@0	3fe383482966d19c 4011ea08374aab64 c000918e9f34b205 c003112d5e8ae913 c0136b567ac6d325 3fb2ab29aee633a6 bf7625e75c649098 bf70f977548ff80b bf7625e75c649096 3fb5b0601c3c8c9f bf8587949c29ce28 bf70f977548ff80d bf8587949c29ce2c 3fb3063b071932be c0059ecf27b1c4ac c008408c90cf5bbd c016525a2803f8c9 bff6d7300808c702 bffcd5a3a6db67f3 c010c3ea1a176f36	oooooooooooooooooooooooooooooooooooooioooooooooooooooooooooooiiiooooooooooooooooooooooooioooioooooooooooooooooooooooooooooooo
corpus_86@1	3fe383482966d19c 4011ea08374aab64 401fb738b065a6fe c0366225abd15d24 40244a54c29c966e 3fb2ab29aee633a6 bf7625e75c649098 bf70f977548ff80b bf7625e75c649096 3fb5b0601c3c8c9f bf8587949c29ce28 bf70f977548ff80d bf8587949c29ce2c 3fb3063b071932be 401d30986c271daa c03708119219eb78 4022d6d2ebfe039a 40212519fefee720 c035cd5a3a6db67f 40259e0af2f44866	oooooooooooooooooooooooooooooooooooooioooooooooooooooooooooooiiiooooooooooooooooooooooooioooioooooooooooooooooooooooooooooooo
corpus_86_alternate	3fe383482966d19c 4011ea08374aab64 bfe8330c5b92e717 c010f673f1a1219d c00ef7a0161c2a9d 3fb4cc74440a04c5 3f29c26857aa6f80 bf8454eaade0e848 3f29c26857aa6f80 3fb2d5f4d0e59bd6 bf82e6f8c42709a4 bf8454eaade0e848 bf82e6f8c42709a7 3fb3bf5bbd4c526a bff71ce907b5ae80 c013de8b5974130f c0124e1405f36f5f bfb6b58d8a6cd4c4 c00cd59cd064fb90 c0095660ff8850d9	oooooooooooooooooooooooooooooooooooooooooooooooooooooooooioooiiooooioooooooooooooooooooiooooooooooooooooooooooooooooooooooooo
corpus_87	401a0d7bbae89706 403745ea765cfb3c c0104d79db44804c 4023a18bea754e2c bfd15626e59d2937 401030ee590fd9f6 bfc07450832ca95a bfb0c605267d75d0 bfc07450832ca958 400d4b1a71a512a8 bfacc75a8da3f488 bfb0c605267d75c0 bfacc75a8da3f480 4010398f992096ec c015c718c4ebae71 4020f2a7f5b506f6 bffbf8722557eed4 c00599eba7669f87 40260df8c9d120f0 3ff34f3c27a04f73	oooooooooooooooooooooooooooooooooooooioooooooooooooooooooioooioioooioooooooooooooooooooiooooioooooooooooooooooooooooooooooooo
corpus_87@0	401a0d7bbae89706 403745ea765cfb3c c024339d1fffe478 c00a85c11cf3856e 3fbb1f3096362f67 400ec8eab90b9f58 bfba4677eaf20c10 bfcd0ab42f270e18 bfba4677eaf20c20 40102f18709464d4 bfa0cfe0a735d4e0 bfcd0ab42f270e18 bfa0cfe0a735d500 400ef8fabbd18b6a c02701cfec3427f2 c013cfc3c3a22d38 bff5384e59ea4a66 c0212f5aebad9bd4 bffddf23c80b67c9 3ff822184be4ddd5	oooooooooooooooooooooooooooooooooooooioooooooooooooooooooioooioioooioooooooooooooooooooiooooooooooooooooooooooooooooooooooooo
corpus_87@1	401a0d7bbae89706 403745ea765cfb3c 4023cc62e0001b88 c045a85c11cf3857 403e1b1f3096362f 400ec8eab90b9f58 bfba4677eaf20c10 bfcd0ab42f270e18 bfba4677eaf20c20 40102f18709464d4 bfa0cfe0a735d4e0 bfcd0ab42f270e18 bfa0cfe0a735d500 400ef8fabbd18b6a 4020fe3013cbd80e c04679f8787445a7 403cac7b1a615b59 4026d0a51452642c c044eef91e405b3e 403f822184be4ddd	oooooooooooooooooooooooooooooooooooooioooooooooooooooooooioooioioooioooooooooooooooooooiooooooooooooooooooooooooooooooooooooo
corpus_87_alternate	401a0d7bbae89707 403745ea765cfb3d c0104d79db44804c 4023a18bea754e2c bfd15626e59d2938 401030ee590fd9f7 bfc07450832ca95a bfb0c605267d75b0 bfc07450832ca958 400d4b1a71a512a8 bfacc75a8da3f488 bfb0c605267d75b0 bfacc75a8da3f490 4010398f992096ed c015c718c4ebae71 4020f2a7f5b506f6 bffbf8722557eed4 c00599eba7669f87 40260df8c9d120f0 3ff34f3c27a04f73	oooooooooooooooooooooooooooooooooooooioooooooooooooooooooioooioioooioooooooooooooooooooiooooioooooooooooooooooooooooooooooooo
corpus_88	404a2363060620a4 40569c930c16f461 402375669bbd90f1 3fae94942337c770 4011d9f224ef3e31 405f251968e65751 bfee83f533435320 bfe20d734b5d33a0 bfee83f533435320 405e47522d56b9bc c003e81c0c3b4140 bfe20d734b5d33c0 c003e81c0c3b4150 405e15d095173990 401d144ac0373416 c007ab126a0eb76e 3ff579cc9258724a 40292465c284acd6 400823a860e5c839 401e5ca8b89bd647	oooooooooooooooooooooooooooooooooooooioooooooooooooooooooioooiiioooiooooooooooooooooooooooooooooooooooooooooooooooooooooooooo
corpus_88@0	404a2363060620a4 40569c930c16f461 40215ace32ca7bea 40037dc75d7fbe84 4017194a6f918a26 405f2daa394025e7 3fc723b93bcb2980 3fe31152d500ba00 3fc723b93bcb2a00 405e0dec4120ee5c c00453a83a757f90 3fe31152d500ba20 c00453a83a757f90 405e46a5b0f3365b 4018df8b0c2d2029 bfe5deb5f083a120 400638ac85bfc62c 40266c56a7300b0f 40163c14ccc7dfeb 402192b4d43f3470	oooooooooooooooooooooooooooooooooooooioooooooooooooooooooioooiiioooiooooooooooooooooooooooooooooooooooooooooooooooooooooooooo
corpus_88@1	404a2363060620a4 40569c930c16f461 404856b38cb29efb c0536411c514020c 40507194a6f918a2 405f2daa394025e7 3fc723b93bcb2a00 3fe31152d500ba00 3fc723b93bcb2a00 405e0dec4120ee5c c00453a83a757f90 3fe31152d500ba20 c00453a83a757f90 405e46a5b0f3365b 40471bf16185a405 c0542bbd6be10742 404f638ac85bfc62 40499b15a9cc02c4 c0529c3eb3338202 405132569a87e68e	oooooooooooooooooooooooooooooooooooooioooooooooooooooooooioooiiioooiooooooooooooooooooooooooooooooooooooooooooooooooooooooooo
corpus_88_alternate	404a2363060620a4 40569c930c16f461 402375669bbd90f1 3fae94942337c760 4011d9f224ef3e31 405f251968e65751 bfee83f533435340 bfe20d734b5d33c0 bfee83f533435340 405e47522d56b9bd c003e81c0c3b4140 bfe20d734b5d33c0 c003e81c0c3b4150 405e15d095173990 401d144ac0373416 c007ab126a0eb76e 3ff579cc9258724a 40292465c284acd6 400823a860e5c839 401e5ca8b89bd647	oooooooooooooooooooooooooooooooooooooioooooooooooooooooooioooiiioooiooooooooooooooooooooooooooooooooooooooooooooooooooooooooo
corpus_89	408031b98b3ab64c 407cb4e5f16ab536 40353708bd91ca5c c01893552a8508e1 4023c47cefec7a67 40b7b635f32008ea 4059e45010fa7e50 c072a9079eab47a8 4059e45010fa7e60 40b6405a2ef8271e 4073d2914b88ced8 c072a9079eab47a8 4073d2914b88ced8 40b677b0a4679dba 402dd3e2eb156a14 c029e0e0b1e2c4e3 400aa2f93811dbaa 403af6db6da57484 3fe42092e78353a0 40305cd861801fc7	oooooooooooooooooooooooooooooooooooooioooooooooooooooooooooooioioooioooooooooooooooooooiooooooooooooooooooooooooooooooooooooo
corpus_89@0	408031b98b3ab64c 407cb4e5f16ab536 402f1ddf89b8ee10 c01ad2c289aa8780 403146cfc4b4ef1c 40b77388334b219c 4078f3dcd4598b58 c04614e81e47d0f0 4078f3dcd4598b60 40b5e46051ce3d4a 4067ca6bef70c9e8 c04614e81e47d0f0 4067ca6bef70c9e8 40b7165841666edb 40229f6df5ad0f16 c029f73b9f49a390 4025848461babd15 40360151301ec61b bfe6f900ef562120 403758545b2aee1c	oooooooooooooooooooooooooooooooooooooioooooooooooooooooooioooioooooioooooooooooooooooooiooooooooooooooooooooooooooooooooooooo
corpus_89@1	408031b98b3ab64c 407cb4e5f16ab536 4057e3bbf1371dc2 c064d696144d543c 406128d9f8969de4 40b77388334b219c 4078f3dcd4598b58 c04614e81e47d0f0 4078f3dcd4598b60 40b5e46051ce3d4a 4067ca6bef70c9e8 c04614e81e47d0f0 4067ca6bef70c9e8 40b7165841666edb 405653edbeb5a1e2 c0659f73b9f49a39 40605848461babd2 405980544c07b187 c06416f900ef5621 4061eb0a8b655dc4	oooooooooooooooooooooooooooooooooooooioooooooooooooooooooioooioooooioooooooooooooooooooiooooooooooooooooooooooooooooooooooooo
corpus_89_alternate	408031b98b3ab64c 407cb4e5f16ab536 40353708bd91ca5c c01893552a8508e1 4023c47cefec7a67 40b7b635f32008ea 4059e45010fa7e60 c072a9079eab47a8 4059e45010fa7e60 40b6405a2ef8271e 4073d2914b88ced8 c072a9079eab47a8 4073d2914b88ced8 40b677b0a4679dba 402dd3e2eb156a14 c029e0e0b1e2c4e3 400aa2f93811dbaa 403af6db6da57484 3fe42092e78353a0 40305cd861801fc7	oooooooooooooooooooooooooooooooooooooioooooooooooooooooooooooioioooioooooooooooooooooooiooooooooooooooooooooooooooooooooooooo
corpus_90	409ca8ba2e1af845 408d1e9b4e0e5b5c c04048cc29bbb6a1 c036807156c21df9 4001ad8f505443e6 40e5f8578f54e360 c0a3c2e1654c47bc c0ad5ee02713f4f2 c0a3c2e1654c47bc 40ebaa6d71fdaf36 40c57f5fd595fdc0 c0ad5ee02713f4f2 40c57f5fd595fdc2 40ea371230b9c554 c044f0dc73f746ff c03f24ff4bc0b56c c01a8b3ffd339e58 c037a69f020027f9 c02a42da261a5027 40299ba2b6036ecd	ooooooooooooooooooooooooooooooooooooiioooooooooooooooooooioooiiooooooooooooooooooooooooiooooooooooooooooooooooooooooooooooooo
corpus_90@0	409ca8ba2e1af845 408d1e9b4e0e5b5c c01e4aeb89fd584a bfe210a343d207ba c04374edff8dfaf5 40ec0912c7160648 c0c310fd7058b03c c0b60972a2bbb46c c0c310fd7058b03a 40e8812c2debbd37 40b3e9e84786e778 c0b60972a2bbb46e 40b3e9e84786e77e 40e74f983d0a946a c0305211ddb70734 c0286f5f530dc19a c0483133e8fa8018 3ff7744e03f80660 40218ec6f2208132 c03d2b4757f0d159	oooooooooooooooooooooooooooooooooooooooooooooooooooooooooooooiiioooiooooooooooooooooooooooooooooooooooooooooooooooooooooooooo
corpus_90@1	409ca8ba2e1af845 408d1e9b4e0e5b5c 40630da8a3b0153e c074090851a1e903 406922c4801c8143 40ec0912c7160648 c0c310fd7058b03c c0b60972a2bbb46c c0c310fd7058b03a 40e8812c2debbd37 40b3e9e84786e778 c0b60972a2bbb46e 40b3e9e84786e77e 40e74f983d0a946a 4061f5bdc4491f19 c074c37afa986e0c 4067f3b305c15ffa 40642ee89c07f00d c0737389c86efbf6 406a5a971501e5d5	oooooooooooooooooooooooooooooooooooooooooooooooooooooooooooooiiioooiooooooooooooooooooooooooooooooooooooooooooooooooooooooooo
corpus_90_alternate	409ca8ba2e1af845 408d1e9b4e0e5b5c c04048cc29bbb6a1 c036807156c21df9 4001ad8f505443e6 40e5f8578f54e35f c0a3c2e1654c47b4 c0ad5ee02713f4f4 c0a3c2e1654c47b0 40ebaa6d71fdaf35 40c57f5fd595fdc0 c0ad5ee02713f4f4 40c57f5fd595fdbe 40ea371230b9c554 c044f0dc73f746ff c03f24ff4bc0b56c c01a8b3ffd339e58 c037a69f020027f9 c02a42da261a5027 40299ba2b6036ecd	ooooooooooooooooooooooooooooooooooooiioooooooooooooooooooioooiiooooooooooooooooooooooooiooooooooooooooooooooooooooooooooooooo
corpus_91	40d980050d871d70 40b62e2c444f0bda 40611a5a13bc219e 404ed1207b9a138a c060b59697cb7c4c 414cc34f9b2d7c03 410b0a368aa424b3 41001d8f2e7f1da4 410b0a368aa424b4 414f37fecd2f8c40 40a35d6764af5000 41001d8f2e7f1da4 40a35d6764af5200 414e4b266215a93a 405d0076762445d0 4044e403f6852510 c063579fc86710d1 406396a6cc98abe3 4054e18871829f60 c05c284ae207494e	oooooooooooooooooooooooooooooooooooooioooooooooooooooooooioooioioooiooooooooooooooioooiiooooooooooooooooooooooooooooooooooooo
corpus_91@0	40d980050d871d70 40b62e2c444f0bda 40176231b35a72cf c065e1c284a00485 4058a27a2819e118 414e8004465535ae c0e6c3af46eeb6a0 c106d4c295042036 c0e6c3af46eeb6a0 414f251801be5556 4103dc051eb4c27a c106d4c295042034 4103dc051eb4c27c 414ca158825f267a c0305803487906a8 c0689c58aba7cf64 40536f44c1d84a73 403c0a6d50f334b5 c062fe0673319f28 405e209af7508d56	oooooooooooooooooooooooooooooooooooooioooooooooooooooooooioooioioooioooooooooooooooooooiooooooooooooooooooooooooooooooooooooo
corpus_91@1	40d980050d871d70 40b62e2c444f0bda 40745d88c6cd69cb c0897870a1280122 4082144f45033c22 414e8004465535ae c0e6c3af46eeb6a0 c106d4c295042022 c0e6c3af46eeb6a0 414f251801be5556 4103dc051eb4c272 c106d4c295042024 4103dc051eb4c274 414ca158825f2679 4072fa7fcb786f95 c08a27162ae9f3da 40816de8983b094e 4075c0a6d50f334b c088bf819ccc67cb 4082c4135eea11aa	oooooooooooooooooooooooooooooooooooooioooooooooooooooooooioooioioooioooooooooooooooooooiooooooooooooooooooooooooooooooooooooo
corpus_91_alternate	40d980050d871d70 40b62e2c444f0bda 40611a5a13bc219e 404ed1207b9a138a c060b59697cb7c4c 414cc34f9b2d7c03 410b0a368aa424b3 41001d8f2e7f1da4 410b0a368aa424b4 414f37fecd2f8c40 40a35d6764af5000 41001d8f2e7f1da4 40a35d6764af5200 414e4b266215a93a 405d0076762445d0 4044e403f6852510 c063579fc86710d1 406396a6cc98abe3 4054e18871829f60 c05c284ae207494e	oooooooooooooooooooooooooooooooooooooioooooooooooooooooooioooioioooiooooooooooooooioooiiooooooooooooooooooooooooooooooooooooo
corpus_92	41111574487e3bd8 40d8ee2136154fa8 404bf9f331808f24 c0720929991ce94e 4061bfa75161d4d5 41a9fbecceabd2d3 c170ac2c8b555516 c16ee3d488e1c9b8 c170ac2c8b555516 41a89977782c8f6a c1820b7ec3eea7d0 c16ee3d488e1c9b4 c1820b7ec3eea7d0 41a85c0ed8585858 40207e5e20648bea c0758e502dccb6fd 405625db31fde5c1 405bfa6fc290e171 c06dcb33a956b077 40685e0cad055af8	oooooooooooooooooooooooooooooooooooooioooooooooooooooooooooooiiioooioooooooooooooooooooiooooooooooooooooooooooooooooooooooooo
corpus_92@0	41111574487e3bd8 40d8ee2136154fa8 4072100fc9e170c3 c05994b913fd8299 c05c081de02336b6 41acd3c7d7bd9e61 4150751e98f1258a c156a9d2a3eea0f9 4150751e98f1258c 41a411291d37357b 41772a08dae92220 c156a9d2a3eea0f9 41772a08dae92224 41aa0c822a3be6b7 406f4aaa131c9940 c063a0d568fc5a96 c064f1ee47776891 407496893a9f5190 c0498557fc02dee6 c04f4fa756b2f047	oooooooooooooooooooooooooooooooooooooiooooiooooooooooooooiooooiioooioooooooooooooooooooiooooooooooooooooooooooooooooooooooooo
corpus_92@1	41111574487e3bd8 40d8ee2136154fa8 408d0807e4f0b862 c095994b913fd82a 408a7efc43fb9929 41acd3c7d7bd9e61 4150751e98f12584 c156a9d2a3eea102 4150751e98f12584 41a411291d37357b 41772a08dae9221e c156a9d2a3eea102 41772a08dae92222 41aa0c822a3be6b7 408bd2aa84c7264f c096741aad1f8b53 4088c3846e2225dc 408e4b449d4fa8c7 c094cc2abfe016f6 408c0b058a94d0fb	oooooooooooooooooooooooooooooooooooooiooooiooooooooooooooiooooiioooioooooooooooooooooooiooooooooooooooooooooooooooooooooooooo
corpus_92_alternate	41111574487e3bd8 40d8ee2136154fa9 404bf9f331808f24 c0720929991ce94e 4061bfa75161d4d5 41a9fbecceabd2d3 c170ac2c8b555516 c16ee3d488e1c9b8 c170ac2c8b555516 41a89977782c8f6a c1820b7ec3eea7d0 c16ee3d488e1c9b4 c1820b7ec3eea7d0 41a85c0ed8585858 40207e5e20648bea c0758e502dccb6fd 405625db31fde5c1 405bfa6fc290e171 c06dcb33a956b077 40685e0cad055af8	oooooooooooooooooooooooooooooooooooooioooooooooooooooooooooooiiioooioooooooooooooooooooiooooooooooooooooooooooooooooooooooooo
corpus_93	41366f5c9965cce9 40f501b1c90f41ce 407ac255f10bf114 c0723c727cb000a2 c07fd587e2a891cb 41e9a079c002aacf c1b0ea7af1085186 c18eed783a171f20 c1b0ea7af1085185 41e99aec268fb3f1 41a02995abce84f0 c18eed783a171f30 41a02995abce84f0 41e7821d50e9c736 4075f5022181a1bf c0779238cc296439 c082d4306957316b 407fbd0ad2b5b892 c069c373dc841433 c07a19e997069457	oooooooooooooooooooooooooooooooooooooioooooooooooooooooooioooioioooioooooooooooooooooooiooooooooooooooooooooooooooooooooooooo
corpus_93@0	41366f5c9965cce9 40f501b1c90f41ce 4052cc4a207a1fbf 4083fa71806442de c0750ea025c4d59b 41e87e9403f9f435 41a0694cf83f915a c1a448079364281b 41a0694cf83f9158 41e84f432c52148a c1af0022d4d138e0 c1a448079364281e c1af0022d4d138e8 41e9efac07301d38 c0106da9699d6b6c 408132e387e7249d c07a477fbb543361 40635eee3ed4935b 40869100c0fc4e6c c06fbe524605a282	oooooooooooooooooooooooooooooooooooooiooooiooooooooooooooioooioooooioooooooooooooooooooiooooooooooooooooooooooooooooooooooooo
corpus_93@1	41366f5c9965cce9 40f501b1c90f41ce 40952cc4a207a1fb c09e02c73fcdde91 4098bc57f68eca99 41e87e9403f9f435 41a0694cf83f915a c1a448079364281b 41a0694cf83f9158 41e84f432c52148a c1af0022d4d138e0 c1a448079364281e c1af0022d4d138e8 41e9efac07301d38 4093ef9256966295 c09f668e3c0c6db2 40976e20112af327 40966bddc7da926c c09cb77f9f81d8ca 409a0835b73f4baf	oooooooooooooooooooooooooooooooooooooiooooiooooooooooooooioooioooooioooooooooooooooooooiooooooooooooooooooooooooooooooooooooo
corpus_93_alternate	41366f5c9965cce9 40f501b1c90f41ce 407ac255f10bf114 c0723c727cb000a1 c07fd587e2a891cb 41e9a079c002aacf c1b0ea7af1085185 c18eed783a171f40 c1b0ea7af1085186 41e99aec268fb3f1 41a02995abce84e8 c18eed783a171f40 41a02995abce84e8 41e7821d50e9c736 4075f5022181a1bf c0779238cc296439 c082d4306957316b 407fbd0ad2b5b892 c069c373dc841433 c07a19e997069457	oooooooooooooooooooooooooooooooooooooioooooooooooooooooooioooioioooioooooooooooooooooooiooooooooooooooooooooooooooooooooooooo
corpus_94	417143a9cd81d9e0 4119bd05055cceac c0900dc4e622a9d5 4080782ea4736de1 c07d572d8699b9c5 4247dce19f2eb9b2 42022e67b0de4d8d c2217ed0517dbf5e 42022e67b0de4d8d 424dc95059a1b132 41f3f1b6103d8c7a c2217ed0517dbf5e 41f3f1b6103d8c70 42477a6277075fa9 c093a7c77d3bbf26 4077b6802e8b29e2 c085b6bf766c0a46 c088ff8f05e64fc5 40865d0ba6df849c c06d469793b2a56e	oooooooooooooooooooooooooooooooooooooioooooooooooooooooooioooiiioooooooooooooooooooooooiooooooooooooooooooooooooooooooooooooo
corpus_94@0	417143a9cd81d9e0 4119bd05055cceac c065eb201ced3128 4087aa7f7b1fe493 c08e7366535cd55c 424a8b79600aa711 421b0d75ac1901b6 c2039322c37681dc 421b0d75ac1901b4 42474dc0143ccaa2 421fe8d3f36f32cc c2039322c37681e0 421fe8d3f36f32cc 424b475afb9058da c078332c4b651503 4080f10c4c073c85 c092c2e88e4b1e91 4042d05865558ae5 408ea7a5edf74cae c0887cd20d22cb43	oooooooooooooooooooooooooooooooooooooiooooooooooooooooooooooooiooooiooooooooooooooooooooooooooooooooooooooooooooooooooooooooo
corpus_94@1	417143a9cd81d9e0 4119bd05055cceac 40a2a14dfe312cee c0b10ab0109c036d 40a663266b28caa9 424a8b79600aa711 421b0d75ac1901b6 c2039322c37681d8 421b0d75ac1901b4 42474dc0143ccaa2 421fe8d3f36f32cc c2039322c37681dc 421fe8d3f36f32cc 424b475afb9058da 40a0f99a76935d60 c0b1e1de767f186f 40a49e8bb8da70b8 40a44b416195562c c0b02b0b4241166b 40a7e0cb7cb74d2f	oooooooooooooooooooooooooooooooooooooiooooooooooooooooooooooooiooooiooooooooooooooooooooooooooooooooooooooooooooooooooooooooo
corpus_94_alternate	417143a9cd81d9e0 4119bd05055cceac c0900dc4e622a9d4 4080782ea4736de1 c07d572d8699b9c6 4247dce19f2eb9b2 42022e67b0de4d8c c2217ed0517dbf60 42022e67b0de4d8d 424dc95059a1b131 41f3f1b6103d8c78 c2217ed0517dbf60 41f3f1b6103d8c78 42477a6277075fa8 c093a7c77d3bbf26 4077b6802e8b29e2 c085b6bf766c0a46 c088ff8f05e64fc5 40865d0ba6df849c c06d469793b2a56e	oooooooooooooooooooooooooooooooooooooioooooooooooooooooooioooiiioooooooooooooooooooooooiooooooooooooooooooooooooooooooooooooo
corpus_95	4196f4e83f25ac2b 4134e3f6325aaadc 4080c3eb4ee68f74 409b1798efde2b66 4082cdb04e150151 4289e123987c8b0f 4240bf2d9460cf78 c254e02cdf844bb4 4240bf2d9460cf80 428aa510f52e308a c238e6d63c6be1a0 c254e02cdf844bb4 c238e6d63c6be1a0 4288970626190ba0 406809afe8d005f5 4095df547dcf1339 406be8fbe9c3f7d2 408b942880880708 40a05c77c719eb04 408e6e5ffb023922	oooooooooooooooooooooooooooooooooooooioooooooooooooooooooioooioioooioooooooooooooooooooiooooooooooooooooooooooooooooooooooooo
corpus_95@0	4196f4e83f25ac2b 4134e3f6325aaadc 408cf1c57c08ea4e 40960a0d5e1ca134 408c1ae4adf119a1 42897fd6d6993538 424cdf30ea180160 c2537b64b12f11a8 424cdf30ea180168 428a665514d1df7e c211fdf879b95d20 c2537b64b12f11a8 c211fdf879b95d40 4289370ec858b284 40818a2071a5236f 40904ca3c1b5baf8 4080c322f2f8b249 40946253c4004453 409bf34a1f533d6a 40937d38e0a4f9b2	oooooooooooooooooooooooooooooooooooooioooooooooooooooooooioooioioooioooooooooooooooooooiooooooooooooooooooooooooooooooooooooo
corpus_95@1	4196f4e83f25ac2b 4134e3f6325aaadc 40b79e38af811d49 c0c13ebe543c6bd9 40c0c1ae4adf119b 42897fd6d6993538 424cdf30ea180168 c2537b64b12f11a4 424cdf30ea180168 428a665514d1df7e c211fdf879b95ca0 c2537b64b12f11a6 c211fdf879b95ce0 4289370ec858b286 40b631440e34a46f c0c1f66b87c948a0 40c00c322f2f8b26 40b91894f1001114 c0c08196bc159853 40c16fa71c149f37	oooooooooooooooooooooooooooooooooooooioooooooooooooooooooioooioioooioooooooooooooooooooiooooooooooooooooooooooooooooooooooooo
corpus_95_alternate	4196f4e83f25ac2b 4134e3f6325aaadc 4080c3eb4ee68f74 409b1798efde2b67 4082cdb04e150151 4289e123987c8b0f 4240bf2d9460cf78 c254e02cdf844bb4 4240bf2d9460cf80 428aa510f52e308a c238e6d63c6be1a0 c254e02cdf844bb4 c238e6d63c6be1a0 4288970626190ba0 406809afe8d005f5 4095df547dcf1339 406be8fbe9c3f7d2 408b942880880708 40a05c77c719eb04 408e6e5ffb023922	oooooooooooooooooooooooooooooooooooooioooooooooooooooooooioooioioooioooooooooooooooooooiooooooooooooooooooooooooooooooooooooo
corpus_96	41ca506e1be8976f 415542751ee8a303 4064c7ef186f5cd0 c0af3b0c3b6fdb9a c092d254a176387a 42defd27abaec701 c28f52875f16cf40 c2a37ae13fd7488c c28f52875f16cf40 42dfc1305010c1c9 c2621843a607c0c0 c2a37ae13fd74888 c2621843a607c080 42ddbf3538d03e86 c0838e16f4c51530 c0b27feafd50f000 c09f887a9daf9434 408c7508f938a8a6 c0a9e37c0181f818 c07bd06462e9eb34	oooooooooooooooooooooooooooooooooooooioooooooooooooooooooioooiiioooioooooooooooooooooooiooooooooooooooooooooooooooooooooooooo
corpus_96@0	41ca506e1be8976f 415542751ee8a303 40a69800f33ee3cf c0a2922252a5baef 409cffff0ce5b58c 42e005ac5b835d56 c29d920a8879ccd0 c26b921ca4274100 c29d920a8879ccd0 42dcd48c8fecf452 42931bde56f6cdd4 c26b921ca4274100 42931bde56f6cdd4 42df9da7ed9c1854 40a07a7c14cb1045 c0a90cf376fd877d 409211fd54ada8db 40ac34fe2c59faba c099cc376f490b7d 40a4393fc57aef4c	oooooooooooooooooooooooooooooooooooooooooooooooooooooooooioooiiioooioooooooooooooooooooiooooooooooooooooooooooooooooooooooooo
corpus_96@1	41ca506e1be8976f 415542751ee8a303 40c9a6003ccfb8f4 c0d652444a54b75e 40d0cffff0ce5b5a 42e005ac5b835d56 c29d920a8879ccd0 c26b921ca42740c0 c29d920a8879ccc8 42dcd48c8fecf452 42931bde56f6cddc c26b921ca42740c0 42931bde56f6cdd4 42df9da7ed9c1854 40c81e9f0532c412 c0d7219e6edfb0f0 40d0211fd54ada8e 40cb0d3f8b167eae c0d59cc376f490b8 40d18727f8af5dea	oooooooooooooooooooooooooooooooooooooooooooooooooooooooooioooiiioooioooooooooooooooooooiooooooooooooooooooooooooooooooooooooo
corpus_96_alternate	41ca506e1be8976f 415542751ee8a303 4064c7ef186f5cd0 c0af3b0c3b6fdb9a c092d254a176387a 42defd27abaec701 c28f52875f16cf40 c2a37ae13fd7488c c28f52875f16cf40 42dfc1305010c1c9 c2621843a607c0c0 c2a37ae13fd74888 c2621843a607c080 42ddbf3538d03e86 c0838e16f4c51530 c0b27feafd50f000 c09f887a9daf9434 408c7508f938a8a6 c0a9e37c0181f818 c07bd06462e9eb34	oooooooooooooooooooooooooooooooooooooioooooooooooooooooooioooiiioooioooooooooooooooooooiooooooooooooooooooooooooooooooooooooo
corpus_97	41fba7a93d52cca8 417874e007b4afac c0b031c4e07fdf97 40ac1792dd11e5da c0a1e2c6086d3ee8 433024578fc11ff9 c2f57fc60f35a221 42e9b9fa74fae8d8 c2f57fc60f35a220 43317acfffacb8ed c2dc3705cba347c0 42e9b9fa74fae8d8 c2dc3705cba347d0 4333ffac25344cab c0b61205ee735e36 40a16bd2a7bdd1c8 c0ab9fd1c75e8bf8 c0a52438d4fdaef0 40b3befd4192346b c08f32783f0926b2	oooooooooooooooooooooooooooooooooooooioooooooooooooooooooiooooooooooooooooooooooooooooooooooooooooooooooooooooooooooooooooooo
corpus_97@0	41fba7a93d52cca8 417874e007b4afac c0aeaf21e55a1826 c0ac17f373997f0a c0a4ac17981ae507 433000e9b49fa8b1 42ef1062e7b874bc 42f047144499bc24 42ef1062e7b874c8 433420179e8602a9 c2d88a84b8e31ab4 42f047144499bc25 c2d88a84b8e31ab4 43317dd2617c7a33 c0b517fd965896a2 c0b27cca3ac89d37 c0ae5faa14734be7 c0a3a411e5ac4e22 c0a352e02926a404 c0959836c95ff756	oooooooooooooooooooooooooooooooooooooiooooioooooooooooooiooooioioooiooooooooooooooooooioooooooooooooooooooooooooooooooooooooo
corpus_97@1	41fba7a93d52cca8 417874e007b4afac 40d02a1bc354bcfa c0e5c17f373997f1 40db6a7d0cfca35f 433000e9b49fa8b1 42ef1062e7b874bc 42f047144499bc24 42ef1062e7b874c8 433420179e8602a9 c2d88a84b8e31ab4 42f047144499bc25 c2d88a84b8e31ab4 43317dd2617c7a33 40cd740134d3b4ae c0e64f99475913a7 40da340abd719683 40d18b7dc34a763c c0e5352e02926a3f 40dca67c936a008b	oooooooooooooooooooooooooooooooooooooiooooioooooooooooooiooooioioooiooooooooooooooooooioooooooooooooooooooooooooooooooooooooo
corpus_97_alternate	41fba7a93d52cca8 417874e007b4afac c0b031c4e07fdf98 40ac1792dd11e5da c0a1e2c6086d3ee7 433024578fc11ffa c2f57fc60f35a224 42e9b9fa74fae8d8 c2f57fc60f35a224 43317acfffacb8ee c2dc3705cba347d0 42e9b9fa74fae8d8 c2dc3705cba347d0 4333ffac25344cac c0b61205ee735e36 40a16bd2a7bdd1c8 c0ab9fd1c75e8bf8 c0a52438d4fdaef0 40b3befd4192346b c08f32783f0926b2	oooooooooooooooooooooooooooooooooooooioooooooooooooooooooiooooooooooooooooooooooooooooooooooooooooooooooooooooooooooooooooooo
corpus_98	42271add94ace723 41935a2f3949928f 40c18cef26cbab6f 40cc942f533c6b86 c0b2dca14848d807 43788d1624dd9d9a 4326c469563e144a c32e18626f58b3e0 4326c469563e144b 43782e7f05a6f466 4307df73f30c3dc0 c32e18626f58b3e0 4307df73f30c3db0 43798fd1335e781a 40b702872de8842d 40c76fcfafe15b1c c0bd7990eb832a64 40c69712b04939c8 40d0b62da50b98d2 c0a10315d49ba4a2	oooooooooooooooooooooooooooooooooooooioooooooooooooooooooooooiiooooioooooooooooooooooooiooooioooooooooooooooooooooooooooooooo
corpus_98@0	42271add94ace723 41935a2f3949928f 40c5d5e36d88e90a c08f2ef41e474868 40cb1388686478f5 4379955b4d8fe9f1 c331dcf0c0555470 c2e39aae81d75310 c331dcf0c0555470 4377f0cdf595ea17 c2fd903b36085b5c c2e39aae81d75288 c2fd903b36085bdc 4378c53d1abd3615 40c0d6f22de84344 c0ada1be642b7d94 40c64765f3121b5e 40cb1f92424483c3 40a016ab65c16c74 40d0075ce4e50199	ooooooooooooooooooooooooooooooooooooooiooooooooooooooooooioooiiioooiooooooooooooooooooooooooooooooooooooooooooooooooooooooooo
corpus_98@1	42271add94ace723 41935a2f3949928f 40e97578db623a43 c0f43e5de83c8e90 40f262710d0c8f1f 4379955b4d8fe9f1 c331dcf0c0555470 c2e39aae81d75210 c331dcf0c0555470 4377f0cdf595ea17 c2fd903b36085a5c c2e39aae81d75208 c2fd903b36085adc 4378c53d1abd3619 40e835bc8b7a10d2 c0f4ed0df3215bed 40f1c8ecbe62436c 40eac7e4909120f2 c0f37f4aa4d1f49c 40f301d739394067	ooooooooooooooooooooooooooooooooooooooiooooooooooooooooooioooiiioooiooooooooooooooooooooooooooooooooooooooooooooooooooooooooo
corpus_98_alternate	42271add94ace723 41935a2f3949928f 40c18cef26cbab6f 40cc942f533c6b86 c0b2dca14848d807 43788d1624dd9d9a 4326c469563e144a c32e18626f58b3e0 4326c469563e144b 43782e7f05a6f466 4307df73f30c3dc0 c32e18626f58b3e0 4307df73f30c3db0 43798fd1335e781a 40b702872de8842d 40c76fcfafe15b1c c0bd7990eb832a64 40c69712b04939c8 40d0b62da50b98d2 c0a10315d49ba4a2	oooooooooooooooooooooooooooooooooooooioooooooooooooooooooooooiiooooioooooooooooooooooooiooooioooooooooooooooooooooooooooooooo
corpus_99	42602b20f22c1f0c 41ba9977b36d711c 40c236308e1566fc 40d4866c67c9b60f c0dc4c1b9e53270e 43d5606f36912db0 c3711001cf47925e 439294040e444b90 c3711001cf479260 43d7cdea111e7c1d 436904f9761a4684 439294040e444b90 436904f9761a4684 43d68ed8242caa2b 40a4055dd5313f23 40cee2d3877ffb4a c0e14cccbf8eb52d 40cfe7d569f50c4f 40d946337964c7dc c0d620a3b19b53fc	oooooooooooooooooooooooooooooooooooooioooooooooooooooooooioooioooooioooooooooooooooooooiooooooooooooooooooooooooooooooooooooo
corpus_99@0	42602b20f22c1f0c 41ba9977b36d711c 40d4e8a067e8c7b9 40d8c2ace5e93129 c0cfead6b1fc110c 43d4dc6da6c34982 435350196d495940 4388821ab67178e8 435350196d495980 43d7b442c306dfa4 436d95290045dc40 4388821ab67178e0 436d95290045dc40 43d72c8102122ad2 40cdde4c516a142b 40d288e8beb9d033 c0d5a08710465696 40db393b2cf5b165 40de7b795bebe5bc c0c3e4df7300750a	oooooooooooooooooooooooooooooooooooooioooooooooooooooooooioooioooooooooooooooooooooooooiooooooooooooooooooooooooooooooooooooo
corpus_99@1	42602b20f22c1f0c 41ba9977b36d711c 40f93a2819fa31ef c100e7aa6342d9db 40fa02a529c07dde 43d4dc6da6c34982 435350196d495980 4388821ab67178e8 435350196d495980 43d7b442c306dfa4 436d95290045dc40 4388821ab67178e8 436d95290045dc40 43d72c8102122ad2 40f7bbc98a2d4285 c101aee2e828c5fa 40f897de3bee6a5a 40face4ecb3d6c5a c1003090d4828349 40fb8364119ff15f	oooooooooooooooooooooooooooooooooooooioooooooooooooooooooioooioooooooooooooooooooooooooiooooooooooooooooooooooooooooooooooooo
corpus_99_alternate	42602b20f22c1f0c 41ba9977b36d711c 40c236308e1566fc 40d4866c67c9b60f c0dc4c1b9e53270e 43d5606f36912daf c3711001cf47924f 439294040e444b88 c3711001cf47924d 43d7cdea111e7c1b 436904f9761a4664 439294040e444b88 436904f9761a4668 43d68ed8242caa2a 40a4055dd5313f23 40cee2d3877ffb4a c0e14cccbf8eb52d 40cfe7d569f50c4f 40d946337964c7dc c0d620a3b19b53fc	oooooooooooooooooooooooooooooooooooooioooooooooooooooooooioooioooooioooooooooooooooooooiooooooooooooooooooooooooooooooooooooo
corpus_100	3dd77c02bb74b7be 3eb3e0feb83d92a2 bf606ed88c8bd512 3f3df142af04b8a4 bf541ffd93abf29b 3c48d4a175301240 bbe74381dc4d89fb 3c1404ec2e8b00d0 bbe74381dc4d89fc 3c4927d0c84b958f 3be5ae6a9074c62c 3c1404ec2e8b00d4 3be5ae6a9074c630 3c4b975f733ce33c bf6376a0b68a494e 3f24d59cc2fef1aa bf594ad985bde026 bf5af9597ae5fdcd 3f484cbfb55369a2 bf4d9ef61145a571	oooooooooooooooooooooooooooooooooooooioooooooooooooooooooiooooiooooioooooooooooooooooooiooooooooooooooooooooooooooooooooooooo
corpus_100@0	3dd77c02bb74b7be 3eb3e0feb83d92a2 bf606ef17fb0b122 3f3df33d8c7b67bd bf541f7cf09c3dcf 3c48d4b5397c3057 bbe73fe2a41e81db 3c1405763173cfd8 bbe73fe2a41e81db 3c4927d86545cced 3be5ad6a8dadbf66 3c1405763173cfd8 3be5ad6a8dadbf66 3c4b974411f68dc7 bf6376b7c49701b1 3f24d8f750385d8a bf594a5c0aebae0c bf5af99827c28a7d 3f484db41dded5fa bf4d9ddffce52b41	oooooooooooooooooooooooooooooooooooooioooooooooooooooooooiooooiooooioooooooooooooooooooiooooooooooooooooooooooooooooooooooooo
corpus_100@1	3dd77c02bb74b7be 3eb3e0feb83d92a2 3f67910e804f4ede bf831066139c24c2 3f78f820c3d8f08c 3c48d4b5397c3057 bbe73fe2a41e81db 3c1405763173cfd8 bbe73fe2a41e81d9 3c4927d86545cced 3be5ad6a8dadbf66 3c1405763173cfd8 3be5ad6a8dadbf66 3c4b974411f68dc7 3f6489483b68fe4f bf83ac9c22bf1e8b 3f77ad68fd45147e 3f6a8333ec1ebac1 bf827b24be2212a0 3f7a4c4400635a98	oooooooooooooooooooooooooooooooooooooioooooooooooooooooooiooooiooooioooooooooooooooooooiooooooooooooooooooooooooooooooooooooo
corpus_100_alternate	3dd77c02bb74b7be 3eb3e0feb83d92a2 bf606ed88c8bd512 3f3df142af04b8a4 bf541ffd93abf29b 3c48d4a175301242 bbe74381dc4d89ee 3c1404ec2e8b00d4 bbe74381dc4d89ee 3c4927d0c84b958f 3be5ae6a9074c629 3c1404ec2e8b00d8 3be5ae6a9074c62b 3c4b975f733ce33d bf6376a0b68a494e 3f24d59cc2fef1aa bf594ad985bde026 bf5af9597ae5fdcd 3f484cbfb55369a2 bf4d9ef61145a571	oooooooooooooooooooooooooooooooooooooioooooooooooooooooooiooooiooooioooooooooooooooooooiooooooooooooooooooooooooooooooooooooo
corpus_101	3e0b8eb3c937f820 3ed935118b71441e bf4fa0441b326dd4 3f6cc9270cd0cd2d bf210f7f500dce08 3ca181a4dc7faebf bc5db7b2ecc7f86c bc2e07a5253377c0 bc5db7b2ecc7f870 3ca0994837ef5566 3c245fb067b888c0 bc2e07a525337840 3c245fb067b888c0 3ca21e7d61b39ef4 bf5bedb0b533132f 3f668f294358dcdd bf4c38a5db5ba017 bf2888b5e5238c0e 3f71aa48a17473e3 3f421788128c0eef	oooooooooooooooooooooooooooooooooooooioooooooooooooooooooioooioioooioooooooooooooooooooiooooooooooooooooooooooooooooooooooooo
corpus_101@0	3e0b8eb3c937f820 3ed935118b71441e bf2e2cf3b75225c4 3f6a45f5f0744d25 3f5c2c3e525e65b8 3ca1663ae6b697bd bc52f046cd09468a bc5c758aa1396d80 bc52f046cd09467e 3ca1870f57c746da bc51e815f29068e6 bc5c758aa1396d98 bc51e815f29068e0 3ca14c2037a4c486 bf4fb13ab3c6ff4e 3f64b477ccbe80b1 3f4f4cf4ca731ec2 3f3f2005eee77f99 3f6f9637ac671976 3f64529d18068ac7	oooooooooooooooooooooooooooooooooooooioooooooooooooooooooooooioioooioooooooooooooooooooiooooioooooooooooooooooooooooooooooooo
corpus_101@1	3e0b8eb3c937f820 3ed935118b71441e 3f83874c3122b769 bf90b74141f1765c 3f90c2c3e525e65b 3ca1663ae6b697be bc52f046cd094696 bc5c758aa1396d80 bc52f046cd094690 3ca1870f57c746da bc51e815f29068e6 bc5c758aa1396d80 bc51e815f29068ec 3ca14c2037a4c487 3f8204ec54c3900b bf91697106682fea 3f8ff4cf4ca731ea 3f84f9002f773bfd bf900d390a731cd1 3f918a53a300d159	oooooooooooooooooooooooooooooooooooooioooooooooooooooooooooooioioooioooooooooooooooooooiooooioooooooooooooooooooooooooooooooo
corpus_101_alternate	3e0b8eb3c937f820 3ed935118b71441e bf4fa0441b326dd4 3f6cc9270cd0cd2d bf210f7f500dce08 3ca181a4dc7faebf bc5db7b2ecc7f868 bc2e07a5253377c0 bc5db7b2ecc7f86c 3ca0994837ef5566 3c245fb067b88900 bc2e07a525337840 3c245fb067b88900 3ca21e7d61b39ef4 bf5bedb0b533132f 3f668f294358dcdd bf4c38a5db5ba017 bf2888b5e5238c0e 3f71aa48a17473e3 3f421788128c0eef	oooooooooooooooooooooooooooooooooooooioooooooooooooooooooioooioioooioooooooooooooooooooiooooooooooooooooooooooooooooooooooooo
corpus_102	3e435177ea1c546a 3efcbc61f562669e 3f80f4b9bd93619e bf6c016f4d7527f0 bf740ea6c6294e5e 3cfd0fb4914375a8 3cbca5bea65fbc96 bcd0218cfdbcbad4 3cbca5bea65fbc9c 3d0077dc9cf19fb0 3c9335b7fb4a2dc0 bcd0218cfdbcbad8 3c9335b7fb4a2dc0 3cfd1b17ae0bb166 3f7a8c4e49f7b848 bf73f495289794ce bf7aa5c4e1b9c141 3f848f9e5b2f3f85 bf61c355cbc4884b bf6a228eb8064c64	oooooooooooooooooooooooooooooooooooooiooooiooooooooooooooioooiiiooioooooooooooooooiooooiooooooooooooooooooooooooooooooooooooo
corpus_102@0	3e435177ea1c546a 3efcbc61f562669e 3f411da495fe3b03 3f844e2befb4136f bf63735bd5fd9aae 3cf972c70b7c5ee0 bcb8e37f07fa49f0 3cb704cff374ab8c bcb8e37f07fa49f8 3d004655ae2dca91 3cb56764fd028915 3cb704cff374ab90 3cb56764fd028914 3d008d8988ad3935 bf514db9f0887736 3f815291857872f5 bf6f59dd0e47d556 3f61253b3c6a878a 3f870d97f79bfbcc bf51ce78831e90c0	oooooooooooooooooooooooooooooooooooooioooooooooooooooooooooooiiooooooooooooooooooooooooiooooooooooooooooooooooooooooooooooooo
corpus_102@1	3e435177ea1c546a 3efcbc61f562669e 3f9488ed24aff1d7 bf9dd8ea0825f648 3f9b919485404caa 3cf972c70b7c5ee0 bcb8e37f07fa49ec 3cb704cff374ab90 bcb8e37f07fa49f4 3d004655ae2dca91 3cb56764fd028910 3cb704cff374ab90 3cb56764fd028914 3d008d8988ad3935 3f92eb2460f7788d bf9f56b73d43c685 3f9a14c45e370555 3f9624a7678d50f1 bf9c793404320218 3f9ce31877ce16f4	oooooooooooooooooooooooooooooooooooooioooooooooooooooooooooooiiooooooooooooooooooooooooiooooooooooooooooooooooooooooooooooooo
corpus_102_alternate	3e435177ea1c546a 3efcbc61f562669e 3f80f4b9bd93619e bf6c016f4d7527f0 bf740ea6c6294e5e 3cfd0fb4914375a8 3cbca5bea65fbc96 bcd0218cfdbcbad6 3cbca5bea65fbc9c 3d0077dc9cf19fb0 3c9335b7fb4a2dc0 bcd0218cfdbcbada 3c9335b7fb4a2dc0 3cfd1b17ae0bb166 3f7a8c4e49f7b848 bf73f495289794ce bf7aa5c4e1b9c141 3f848f9e5b2f3f85 bf61c355cbc4884b bf6a228eb8064c64	oooooooooooooooooooooooooooooooooooooiooooiooooooooooooooioooiiiooioooooooooooooooiooooiooooooooooooooooooooooooooooooooooooo
corpus_103	3e6cfc6e48664af4 3f1a1225b26ebe08 bf9314f5c4ef9d80 3f7c13b1916fb681 bf799b52587185fc 3d445b3530be43f6 bcf07414a3212300 3cfb2d366a256f64 bcf07414a3212308 3d42b12b3fa41d16 bce2deb2451ad740 3cfb2d366a256f68 bce2deb2451ad760 3d42eb91078dffe2 bf95fa44ba9ff116 3f6cd22e0bd81f19 bf83090269adaa85 bf9078ccd557821d 3f846fe57e45d9e5 bf686eea8e01c5b8	oooooooooooooooooooooooooooooooooooooioooooooooooooooooooioooioioooiooooooooooooooooooioooooooooooooooooooooooooooooooooooooo
corpus_103@0	3e6cfc6e48664af4 3f1a1225b26ebe08 bf93de28337f323a 3f7c47930dae7765 bf68dc06500fa3c7 3d44a986c2d9108d bcf05279002a4fc0 3cf017d6377f9309 bcf05279002a4fc2 3d42a0f691482b23 bcd534ef9e3070c0 3cf017d6377f9305 bcd534ef9e307080 3d42ad7423cf2543 bf969a0133b9a0a8 3f6efafecaa11603 bf795598975c3dc6 bf918c9fd2404c53 3f840f5f707ffe21 3f30bfe35d9b2460	oooooooooooooooooooooooooooooooooooooioooooooooooooooooooioooooioooiooooooooooooooooooooooooioooooooooooooooooooooooooooooooo
corpus_103@1	3e6cfc6e48664af4 3f1a1225b26ebe08 3f9421d7cc80cdc6 bfb23b86cf25188a 3fac723f9aff05c3 3d44a986c2d9108d bcf05279002a4fc2 3cf017d6377f9308 bcf05279002a4fc0 3d42a0f691482b22 bcd534ef9e307080 3cf017d6377f9308 bcd534ef9e307080 3d42ad7423cf2542 3f9165fecc465f58 bfb3082809aaf751 3faad54ced147847 3f9673602dbfb3ad bfb17e1411f0003c 3fae217fc6bb3649	oooooooooooooooooooooooooooooooooooooioooooooooooooooooooioooooioooiooooooooooooooooooooooooioooooooooooooooooooooooooooooooo
corpus_103_alternate	3e6cfc6e48664af5 3f1a1225b26ebe09 bf9314f5c4ef9d80 3f7c13b1916fb681 bf799b52587185fb 3d445b3530be43f6 bcf07414a3212310 3cfb2d366a256f6c bcf07414a3212314 3d42b12b3fa41d17 bce2deb2451ad760 3cfb2d366a256f6c bce2deb2451ad760 3d42eb91078dffe2 bf95fa44ba9ff116 3f6cd22e0bd81f19 bf83090269adaa85 bf9078ccd557821d 3f846fe57e45d9e5 bf686eea8e01c5b8	oooooooooooooooooooooooooooooooooooooioooooooooooooooooooioooioioooiooooooooooooooooooioooooooooooooooooooooooooooooooooooooo
corpus_104	3e9c943622a356ba 3f359bc7f605c51c bf92190156a5d86b bf89969634d7fe1c 3f9c216e1ec76e5f 3d92f032d1c3d19f bd5bea2c66675d44 3d4a328f9a545be8 bd5bea2c66675d42 3d91df9da9bfc840 bd309af8ec943a20 3d4a328f9a545be0 bd309af8ec943a30 3d90b4e0c33285c4 bf97d77c462d0415 bf930967903c55df 3f960c25262730b6 bf89174715303b37 bf7d8002c36be362 3fa18ca9fa510029	oooooooooooooooooooooooooooooooooooooioooooooooooooooooooioooiiioooiooooooooooooooooooooooooioooooooooooooooooooooooooooooooo
corpus_104@0	3e9c943622a356ba 3f359bc7f605c51c bf92df9565e8dabe bf9e463d61caadf6 bf690c4eccf966b6 3d90b66a1cdd4553 bd2ea2fa7003faa0 bd4325f92a1d4086 bd2ea2fa7003faa0 3d907fd3d70572ad bd2854f52cdec1f0 bd4325f92a1d4086 bd2854f52cdec1d8 3d944e734ad367a2 bf98dbd31fb07ecd bfa2627792a249ef bf7ea111cd73ef19 bf87b9f5b9d1101a bf98006da955681c 3f547cff10890294	oooooooooooooooooooooooooooooooooooooioooooooooooooooooooiooooiioooioooooooooooooooooooiooooooooooooooooooooooooooooooooooooo
corpus_104@1	3e9c943622a356ba 3f359bc7f605c51c 3fae90354d0b92a2 bfc7c8c7ac3955bf 3fbd379d899834cb 3d90b66a1cdd4553 bd2ea2fa7003faa0 bd4325f92a1d4086 bd2ea2fa7003faa0 3d907fd3d70572ad bd2854f52cdec1f0 bd4325f92a1d4086 bd2854f52cdec1d8 3d944e734ad367a2 3fab92167027c09b bfc8989de4a8927c 3fbc15eee328c10e 3fb108c148c5ddfd bfc7000db52aad04 3fbe51f3fc42240b	oooooooooooooooooooooooooooooooooooooioooooooooooooooooooiooooiioooioooooooooooooooooooiooooooooooooooooooooooooooooooooooooo
corpus_104_alternate	3e9c943622a356ba 3f359bc7f605c51c bf92190156a5d86b bf89969634d7fe1c 3f9c216e1ec76e5f 3d92f032d1c3d19f bd5bea2c66675d44 3d4a328f9a545be0 bd5bea2c66675d42 3d91df9da9bfc840 bd309af8ec943a20 3d4a328f9a545be0 bd309af8ec943a00 3d90b4e0c33285c5 bf97d77c462d0415 bf930967903c55df 3f960c25262730b6 bf89174715303b37 bf7d8002c36be362 3fa18ca9fa510029	oooooooooooooooooooooooooooooooooooooioooooooooooooooooooioooiiioooiooooooooooooooooooooooooioooooooooooooooooooooooooooooooo
corpus_105	3ecd6efb20980fe4 3f59db1eb2bdb3db bfa92ee1b5f1e333 bfb3ca561263c676 bf9f980112e9d6ec 3de3e3e65a8231c1 3d90e301cff1dc3c 3db2a4dde7771bb0 3d90e301cff1dc48 3de5df02a55efee2 bdb4a43b1c3b2642 3db2a4dde7771bb0 bdb4a43b1c3b2642 3de357de2c15f60f bfafdf4f031b4b66 bfb6a8ba97a63be6 bfa661a2c6819a3b bfa2e15ee26b45c7 bfb0b2f6a523f6d4 bf9363097aeb912c	oooooooooooooooooooooooooooooooooooooioooooooooooooooooooooooooioooioooooooooooooooooooiooooooooooooooooooooooooooooooooooooo
corpus_105@0	3ecd6efb20980fe4 3f59db1eb2bdb3db bfb6b106a889394e bfa2198558afe0ee 3f8fc9752b3a8806 3de520a99e96e23d 3d791c2d2479f218 bd619bebcfd5c9b4 3d791c2d2479f21c 3de0ca86831506b8 bdada99c7157fb8c bd619bebcfd5c974 bdada99c7157fb8c 3de72f970a4b3dbe bfb9156a5f2b3a7b bfa7f6f0283cedbd 3f76fb6b826a6892 bfb47c67e5511625 bf98a7fde75f0a18 3f9b2c4a2c74e102	oooooooooooooooooooooooooooooooooooooiooooiooooooooooooooioooooioooiooooooooooooooiooooiooooioooooooooooooooooooooooooooooooo
corpus_105@1	3ecd6efb20980fe4 3f59db1eb2bdb3db 3fb14ef95776c6b2 bfd64330ab15fc1e 3fcffc9752b3a882 3de520a99e96e23d 3d791c2d2479f218 bd619bebcfd5c9b4 3d791c2d2479f21c 3de0ca86831506b8 bdada99c7157fb8c bd619bebcfd5c974 bdada99c7157fb8c 3de72f970a4b3dbe 3fadd52b41a98b09 bfd6fede05079db7 3fceb7db5c135345 3fb383981aaee9db bfd58a7fde75f0a2 3fd0b2c4a2c74e11	oooooooooooooooooooooooooooooooooooooiooooiooooooooooooooioooooioooiooooooooooooooiooooiooooioooooooooooooooooooooooooooooooo
corpus_105_alternate	3ecd6efb20980fe4 3f59db1eb2bdb3db bfa92ee1b5f1e333 bfb3ca561263c676 bf9f980112e9d6ec 3de3e3e65a8231c1 3d90e301cff1dc44 3db2a4dde7771bb0 3d90e301cff1dc50 3de5df02a55efee2 bdb4a43b1c3b2640 3db2a4dde7771bb0 bdb4a43b1c3b2640 3de357de2c15f60f bfafdf4f031b4b66 bfb6a8ba97a63be6 bfa661a2c6819a3b bfa2e15ee26b45c7 bfb0b2f6a523f6d4 bf9363097aeb912c	oooooooooooooooooooooooooooooooooooooioooooooooooooooooooooooooioooioooooooooooooooooooiooooooooooooooooooooooooooooooooooooo
corpus_106	3efa25f3a7c8a161 3f74432d15a1bf88 3fc23c7444a0bbd9 bfb9630e431a8a74 bfc21dc6f0772060 3e2e2f1c0774cd54 3dd1399caceeb44d bdcc55c427f19bc0 3dd1399caceeb44d 3e2fbbe7f4c99224 bdb32e1916f5d6eb bdcc55c427f19bb0 bdb32e1916f5d6ea 3e2c8c3c8915b761 3fbf9f571b28b194 bfbd855ac629778b bfc4a1c310b1db9a 3fc523c84dd8c046 bfb5842c33185257 bfbf7081e23c1ffe	oooooooooooooooooooooooooooooooooooooiooooioooooooooooooiiiooiiiooiiiooooooooooooooooooiooooooooooooooooooooooooooooooooooooo
corpus_106@0	3efa25f3a7c8a161 3f74432d15a1bf88 3fc0e7b8facb42e3 bfbcc55f022ea286 bfc22483c1148416 3e2f317fc29c563e 3de5286552b21f30 3d94bc8ebed75980 3de5286552b21f30 3e2d4c0d3c20dee5 3dd38d2b51329930 3d94bc8ebed75a00 3dd38d2b51329930 3e2df9b38696e1b9 3fbcb22bdc580824 bfc1119fc9eb9f0e bfc514b060697eda 3fc3952ff231e01f bfb729ae8465ad27 bfbec6b104b75764	oooooooooooooooooooooooooooooooooooooioooooooooooooooooooioooiiooooioooooooooooooooooooiooooooooooooooooooooooooooooooooooooo
corpus_106@1	3efa25f3a7c8a161 3f74432d15a1bf88 3fdc73dc7d65a172 bfe798abe045d452 3fd4edbe1f75bdf5 3e2f317fc29c563e 3de5286552b21f30 3d94bc8ebed75980 3de5286552b21f28 3e2d4c0d3c20dee4 3dd38d2b51329930 3d94bc8ebed75980 3dd38d2b51329940 3e2df9b38696e1b9 3fdb2c8af7160209 bfe84467f27ae7c3 3fd375a7cfcb4093 3fddca97f918f00f bfe6e535d08cb5a5 3fd64e53bed22a27	oooooooooooooooooooooooooooooooooooooioooooooooooooooooooioooiiooooioooooooooooooooooooiooooooooooooooooooooooooooooooooooooo
corpus_106_alternate	3efa25f3a7c8a161 3f74432d15a1bf88 3fc23c7444a0bbd9 bfb9630e431a8a74 bfc21dc6f0772060 3e2e2f1c0774cd54 3dd1399caceeb439 bdcc55c427f19bc0 3dd1399caceeb439 3e2fbbe7f4c99224 bdb32e1916f5d6d7 bdcc55c427f19bb0 bdb32e1916f5d6d8 3e2c8c3c8915b761 3fbf9f571b28b194 bfbd855ac629778b bfc4a1c310b1db9a 3fc523c84dd8c046 bfb5842c33185257 bfbf7081e23c1ffe	oooooooooooooooooooooooooooooooooooooiooooioooooooooooooiiiooiiiooiiiooooooooooooooooooiooooooooooooooooooooooooooooooooooooo
corpus_107	3f357df1270554e6 3fa04de2ecbde300 bfc029673ad2b533 bfb93cb835d83103 bfc7ce16b4ae4e33 3e934f749693d9b8 be60a801877a1cdc 3e609709483594ae be60a801877a1cdc 3e928ed30ee3f2aa 3e69193e6d9f2c42 3e609709483594ae 3e69193e6d9f2c42 3e938dffac328193 bfc74c5d6035c54d bfc407759b65da8e bfce94997048d889 bfb246ca49647bfc bfa6cf9f27ad6197 bfbfe246fb1f157b	oooooooooooooooooooooooooooooooooooooioooooooooooooooooooioooooiooooooooooooooooooooooooooooooooooooooooooooooooooooooooooooo
corpus_107@0	3f357df1270554e6 3fa04de2ecbde300 bfc29f74ebf45356 bfbd98dc0c6660a1 bfc4868f6a8c43dc 3e939e1f7257fa23 be5872ff8b7bd82a 3e62b9ed1e216b48 be5872ff8b7bd826 3e9370e349126c21 3e69e3e867041ca6 3e62b9ed1e216b46 3e69e3e867041caa 3e925d44963fe7b3 bfc9b48ad73a76ac bfc60aa827de29de bfcb8f9296d4746e bfb76d48c96125a2 bfb04cb7504f7b76 bfb911e263964eaf	oooooooooooooooooooooooooooooooooooooioooooooooooooooooooioooooiooooooooooooooooooooooooooooooooooooooooooooooooooooooooooooo
corpus_107@1	3f357df1270554e6 3fa04de2ecbde300 3fdeb0458a05d655 bff5d98dc0c6660a 3fe8de5c255cef09 3e939e1f7257fa23 be5872ff8b7bd826 3e62b9ed1e216b4a be5872ff8b7bd822 3e9370e349126c21 3e69e3e867041ca6 3e62b9ed1e216b48 3e69e3e867041caa 3e925d44963fe7b3 3fdb25ba9462c4a8 bff6c15504fbc53c 3fe71c1b5a4ae2e5 3fe11256e6d3db4b bff504cb7504f7b8 3feaddc3b38d362a	oooooooooooooooooooooooooooooooooooooioooooooooooooooooooioooooiooooooooooooooooooooooooooooooooooooooooooooooooooooooooooooo
corpus_107_alternate	3f357df1270554e6 3fa04de2ecbde300 bfc029673ad2b533 bfb93cb835d83103 bfc7ce16b4ae4e33 3e934f749693d9b9 be60a801877a1cd8 3e609709483594aa be60a801877a1cd8 3e928ed30ee3f2ab 3e69193e6d9f2c3e 3e609709483594aa 3e69193e6d9f2c3e 3e938dffac328194 bfc74c5d6035c54d bfc407759b65da8e bfce94997048d889 bfb246ca49647bfc bfa6cf9f27ad6197 bfbfe246fb1f157b	oooooooooooooooooooooooooooooooooooooioooooooooooooooooooioooooiooooooooooooooooooooooooooooooooooooooooooooooooooooooooooooo
corpus_108	3f600ffbe53e0222 3fb8863f337ad85c 3fd7fd39db2b9676 bfa1134cf4471034 3fe340312c68352f 3ed6e8f4d3dbbcd9 be51945bcb666900 3ea265b7f260c24a be51945bcb666900 3ed585a272d0507c be9c2d0dcedcfe04 3ea265b7f260c24a be9c2d0dcedcfe00 3ed5a54bd7a1db4a 3fd252b86f57fb9a bfc25606960b451f 3fdf7f0f1064a41e 3fde776885a2842a 3fb211d262e9e2ca 3fe647585da7719c	oooooooooooooooooooooooooooooooooooooioooooooooooooooooooioooiiioooooooooooooooooooooooiooooooooooooooooooooooooooooooooooooo
corpus_108@0	3f600ffbe53e0222 3fb8863f337ad85c bfd4a1505fb01286 bfd6b228a3d0b4ec bfe0beefd5f41d13 3ed3f666ebcb80a0 3e952d74e1f0e294 be7f3740d2ee12a0 3e952d74e1f0e29c 3ed6c175ce3ded56 3e9ed1b117282004 be7f3740d2ee12a0 3e9ed1b117281ffe 3ed75c0664447aa6 bfdaf6a12185cbad bfdd3870c582c4d3 bfe364ad541c3c99 bfcba082a454479b bfd0f73b739842e3 bfdb775153cce614	oooooooooooooooooooooooooooooooooooooioooooooooooooooooooioooiioooiiooooooooooooooooooooooooooooooooooooooooooooooooooooooooo
corpus_108@1	3f600ffbe53e0222 3fb8863f337ad85c 3fedaf57d027f6bc c006d645147a169d 3ff5a0881505f178 3ed3f666ebcb80a1 3e952d74e1f0e294 be7f3740d2ee12b0 3e952d74e1f0e294 3ed6c175ce3ded56 3e9ed1b117281ffe be7f3740d2ee12a0 3e9ed1b117281ffe 3ed75c0664447aa6 3fea84af6f3d1a28 c007a70e18b0589a 3ff44da955f1e1b4 3ff08befab75770d c0061ee76e73085c 3ff7222bab0cc67b	oooooooooooooooooooooooooooooooooooooioooooooooooooooooooioooiioooiiooooooooooooooooooooooooooooooooooooooooooooooooooooooooo
corpus_108_alternate	3f600ffbe53e0223 3fb8863f337ad85c 3fd7fd39db2b9676 bfa1134cf4471034 3fe340312c68352f 3ed6e8f4d3dbbcd9 be51945bcb6668c0 3ea265b7f260c24a be51945bcb666900 3ed585a272d0507d be9c2d0dcedcfe0c 3ea265b7f260c24a be9c2d0dcedcfe08 3ed5a54bd7a1db4a 3fd252b86f57fb9a bfc25606960b451f 3fdf7f0f1064a41e 3fde776885a2842a 3fb211d262e9e2ca 3fe647585da7719c	oooooooooooooooooooooooooooooooooooooioooooooooooooooooooioooiiioooooooooooooooooooooooiooooooooooooooooooooooooooooooooooooo
corpus_109	3f9152f11cbf1a1d 3fde24d2745c364c 3fcc991ed988e75b bfee12af2ff54567 bfc325ea1d139ec5 3f2c49c43ba60a60 3ef3489026f5052e 3ed4293e6b8786b8 3ef3489026f5052e 3f2a2a165542b6ca bf007aad50296d8c 3ed4293e6b8786b8 bf007aad50296d8e 3f29ad9652183843 3f9a29d8bc90087e bff232214d63cdd0 bfd70d70028fe880 3fda849d25d55872 bfe71709f0ec515a 3fb2249164712a43	oooooooooooooooooooooooooooooooooooooooooooooooooooooooooioooioioooiooooooooooooooioooooooooooooooooooooooooooooooooooooooooo
corpus_109@0	3f9152f11cbf1a1d 3fde24d2745c364c bfde6d9fc95f53bb bfeaa2c7e7ec514f 3fc87cd150c659ab 3f2a6b9d2a0be96f bef64f1e5d877db4 bef4c328c3fab866 bef64f1e5d877db8 3f286429e2d62f38 bef0e57dc2053390 bef4c328c3fab866 bef0e57dc2053396 3f2d51a9d61ee0c1 bfe64cc8a701cd00 bff0e0416ec8de64 bf7bee003c33ae90 bfd0a2719ce9a955 bfe3799a141d1501 3fd73232c4e3e8c1	oooooooooooooooooooooooooooooooooooooooooooooooooooooooooiooooiioooiooooooooooooooooooooioooooooooooooooooooooooooooooooooooo
corpus_109@1	3f9152f11cbf1a1d 3fde24d2745c364c 4000324c06d41588 c0175458fcfd8a2a 400f87cd150c659a 3f2a6b9d2a0be970 bef64f1e5d877db4 bef4c328c3fab864 bef64f1e5d877db8 3f286429e2d62f38 bef0e57dc2053384 bef4c328c3fab864 bef0e57dc205338a 3f2d51a9d61ee0c1 3ffcd99bac7f1980 c01838105bb23799 400df208ffe1e629 4001ebb1cc62cad5 c0166f334283a2a0 401073232c4e3e8c	oooooooooooooooooooooooooooooooooooooooooooooooooooooooooiooooiioooiooooooooooooooooooooioooooooooooooooooooooooooooooooooooo
corpus_109_alternate	3f9152f11cbf1a1d 3fde24d2745c364c 3fcc991ed988e75c bfee12af2ff54567 bfc325ea1d139ec5 3f2c49c43ba60a60 3ef3489026f50530 3ed4293e6b8786b8 3ef3489026f50530 3f2a2a165542b6ca bf007aad50296d8c 3ed4293e6b8786b8 bf007aad50296d8c 3f29ad9652183843 3f9a29d8bc90087e bff232214d63cdd0 bfd70d70028fe880 3fda849d25d55872 bfe71709f0ec515a 3fb2249164712a43	oooooooooooooooooooooooooooooooooooooooooooooooooooooooooioooioioooiooooooooooooooioooooooooooooooooooooooooooooooooooooooooo
corpus_110	3fb17525dae0f503 3ff02e2d7ebc187d 3ff890ad4d444953 3fb431ab9ce512ca bfe8ce6c8cf8e10b 3f5f82a9e0dbd3cf bf25d73ed5d59224 3f182b3eb2a006e0 bf25d73ed5d59225 3f604c513f2ace06 bf3cb36ff7207c70 3f182b3eb2a006e0 bf3cb36ff7207c70 3f64005caf677cae 3ff390b138797be6 bfcffbb64d18907f bff0a27bd75c22c2 3ffd9c30ac40327d 3fda2d39c05ce552 bfdeceded5a6266d	oooooooooooooooooooooooooooooooooooooiooooooooooooooooooooooooiooooiooooooooooooooooooiiooooooooooooooooooooooooooooooooooooo
corpus_110@0	3fb17525dae0f503 3ff02e2d7ebc187d bfea1fe3de913620 3fd4b59b77ca539c 3ff7b1e6e9deb803 3f5e4b7bcf50c04d bf2dfda800ff9cd6 3edfb0bd8d2f16c0 bf2dfda800ff9cd4 3f639e6e4027341e bf3bdb9e63b1205a 3edfb0bd8d2f1640 bf3bdb9e63b1205a 3f6149d6b730a056 bff1ae203da05c30 3f8a53e7c5d5c248 3ff2ae5c6156d72b bfde9260d85d4fbe 3fe323c61028f0ee 3ffc7a3ae8c9ae01	oooooooooooooooooooooooooooooooooooooiiooooooooooooooooooooooiiooooooooooooooooooooooooiooooooooooooooooooooooooooooooooooooo
corpus_110@1	3fb17525dae0f503 3ff02e2d7ebc187d 4010bc03842dd93c c0235a532441ad63 4021f63cdd3bd701 3f5e4b7bcf50c04d bf2dfda800ff9cd6 3edfb0bd8d2f1600 bf2dfda800ff9cd4 3f639e6e4027341e bf3bdb9e63b1205c 3edfb0bd8d2f15c0 bf3bdb9e63b1205c 3f6149d6b730a056 400f28efe12fd1e9 c023f96b060e8a8f 402155cb8c2adae5 401216d9f27a2b04 c022cdc39efd70f1 40228f475d1935bf	oooooooooooooooooooooooooooooooooooooiiooooooooooooooooooooooiiooooooooooooooooooooooooiooooooooooooooooooooooooooooooooooooo
corpus_110_alternate	3fb17525dae0f503 3ff02e2d7ebc187d 3ff890ad4d444953 3fb431ab9ce512ca bfe8ce6c8cf8e10b 3f5f82a9e0dbd3cf bf25d73ed5d59226 3f182b3eb2a006dc bf25d73ed5d59228 3f604c513f2ace05 bf3cb36ff7207c74 3f182b3eb2a006dc bf3cb36ff7207c72 3f64005caf677cae 3ff390b138797be6 bfcffbb64d18907f bff0a27bd75c22c2 3ffd9c30ac40327d 3fda2d39c05ce552 bfdeceded5a6266d	oooooooooooooooooooooooooooooooooooooiooooooooooooooooooooooooiooooiooooooooooooooooooiiooooooooooooooooooooooooooooooooooooo
corpus_111	3ff1ea94b91a63e0 401c5bd52e1d042c 40119d529d703b1f c0110cf0531e83d3 c01201f4d9577705 3fcbd36dd3d9d8d5 3f77fe3fd493cd6a 3f9020d00ef70b1c 3f77fe3fd493cd6a 3fca2b63f51471ce 3f70df0dbfc1cb9d 3f9020d00ef70b20 3f70df0dbfc1cb9c 3fc9f07f0f7f138e 400cebb9a4250b00 c013cfe917adeb26 c0152a9eede53076 4014d120bbc9f916 c00cf6fcbf82eec8 c00dae0808fd9d0a	oooooooooooooooooooooooooooooooooooooiooooooooooooooooooiioooioiooiioooooooooooooooooooiooooooooooooooooooooooooooooooooooooo
corpus_111@0	3ff1ea94b91a63e0 401c5bd52e1d042c 3fe978c6c2e3204f c011277e5f81c5b3 4018eac69a0a1a29 3fcce68492e69956 3f8557428247e704 3f5edea0b207c450 3f8557428247e700 3fc9337b89c3c1ab 3f6d678616d6e450 3f5edea0b207c490 3f6d678616d6e450 3fc9d550bbc3032e 3fb8e9a4d4a25a17 c014366542904b44 4015e51941510889 3ff7ee31a2b87974 c00c5fe7c32b9c25 401bebd3b7e2b667	oooooooooooooooooooooooooooooooooooooooooooooooooooooooooioooioioooioooooooooooooooooooiooooooooooooooooooooooooooooooooooooo
corpus_111@1	3ff1ea94b91a63e0 401c5bd52e1d042c 4025978c6c2e3205 c03849df97e0716c 40353ab1a682868a 3fcce68492e69956 3f8557428247e704 3f5edea0b207c4a0 3f8557428247e70c 3fc9337b89c3c1ab 3f6d678616d6e450 3f5edea0b207c460 3f6d678616d6e450 3fc9d550bbc3032e 402431d349a944b5 c0390d9950a412d1 4034794650544221 4026fdc634570f2f c0378bfcf8657384 4035faf4edf8ad99	oooooooooooooooooooooooooooooooooooooooooooooooooooooooooioooioioooioooooooooooooooooooiooooooooooooooooooooooooooooooooooooo
corpus_111_alternate	3ff1ea94b91a63e0 401c5bd52e1d042c 40119d529d703b1f c0110cf0531e83d3 c01201f4d9577705 3fcbd36dd3d9d8d7 3f77fe3fd493cd72 3f9020d00ef70b20 3f77fe3fd493cd73 3fca2b63f51471ce 3f70df0dbfc1cba1 3f9020d00ef70b24 3f70df0dbfc1cb9f 3fc9f07f0f7f1390 400cebb9a4250b00 c013cfe917adeb26 c0152a9eede53076 4014d120bbc9f916 c00cf6fcbf82eec8 c00dae0808fd9d0a	oooooooooooooooooooooooooooooooooooooiooooooooooooooooooiioooioiooiioooooooooooooooooooiooooooooooooooooooooooooooooooooooooo
corpus_112	401fb38d32b61f76 4038ee5214fdecd6 c013457237231e67 c0237b522286e5e5 402023b532946bb6 40179add204c22d6 bfc5872e06fbf0ea 3fced0ddcc102cc4 bfc5872e06fbf0eb 40149d6b05d5a667 bfb44fff0ef04668 3fced0ddcc102cb8 bfb44fff0ef04668 4013c6f8c1f728f6 c0183166f0181ad7 c026589020dd0e7e 401ad9804d271ab0 c00c37ab5c8ed471 c020d9c3aa3d4bb2 4022d486393e44b4	ooooooooooooooooooooooooooooooooiooooooooooooooooooooooooooooiiiooiiooooooooooooooooooooooooooooooooooooooooooooooooooooooooo
corpus_112@0	401fb38d32b61f76 4038ee5214fdecd6 c0241d05e58db55c c0166ae624d67e2f c01c792618ffb29d 4015b5166956fa36 bfd606f8e7d5872c bfd157bb4b48f534 bfd606f8e7d58725 40160715689b120e 3fd413af39bad9e8 bfd157bb4b48f530 3fd413af39bad9e4 401443151626e5ec c0274445c58742c9 c01d5745dbe28eec c021190c26710a9a c02166ef974d2e2e c01086b4ece1f507 c016b8b276340235	oooooooooooooooooooooooooooooooooooooioooooooooooooooooooooooiiioooioooooooooooooooooooiooooooooooooooooooooooooooooooooooooo
corpus_112@1	401fb38d32b61f76 4038ee5214fdecd6 4023e2fa1a724aa4 c046cd5cc49acfc5 4036e1b679c01358 4015b5166956fa37 bfd606f8e7d58724 bfd157bb4b48f530 bfd606f8e7d5872d 40160715689b120f 3fd413af39bad9e8 bfd157bb4b48f530 3fd413af39bad9e4 401443151626e5ec 4020bbba3a78bd37 c047aae8bb7c51dd 40357379ecc77ab4 4026991068b2d1d2 c04610d69d9c3ea0 403851d36272ff72	oooooooooooooooooooooooooooooooooooooioooooooooooooooooooooooiiioooioooooooooooooooooooiooooooooooooooooooooooooooooooooooooo
corpus_112_alternate	401fb38d32b61f74 4038ee5214fdecd5 c013457237231e67 c0237b522286e5e5 402023b532946bb6 40179add204c22d6 bfc5872e06fbf0e3 3fced0ddcc102cc4 bfc5872e06fbf0e4 40149d6b05d5a666 bfb44fff0ef04658 3fced0ddcc102cb8 bfb44fff0ef04650 4013c6f8c1f728f6 c0183166f0181ad7 c026589020dd0e7e 401ad9804d271ab0 c00c37ab5c8ed471 c020d9c3aa3d4bb2 4022d486393e44b4	ooooooooooooooooooooooooooooooooiooooooooooooooooooooooooooooiiiooiiooooooooooooooooooooooooooooooooooooooooooooooooooooooooo
corpus_113	404210edac4d2ca2 4052c4c3a2ddb864 c01d1e698ca577b6 c00265bca7d00737 c0208246858e96f0 40537c812e1198b7 40128c6e6c0cd45e c011e22eb6666770 40128c6e6c0cd45e 404dcb80197925f4 c01edd67e1db6f80 c011e22eb6666770 c01edd67e1db6f7c 4053f3a97b17d038 c023ae58735d9767 c014c37df8af9d13 c02503205b953a57 c012a03bd3e96644 3fde54a79ef0d2f0 c016d11f44b42f5c	oooooooooooooooooooooooooooooooooooooioooooooooooooooooooioooioooooioooooooooooooooooooiooooooooooooooooooooooooooooooooooooo
corpus_113@0	404210edac4d2ca2 4052c4c3a2ddb864 c0156ee00999b75d c01bee882dc687a2 401bfc08a50769f0 404d50d18d92c456 4018c694bbcb6bae 400886f4905a9988 4018c694bbcb6bad 4052f43a7d6773de 4012f1ed77174a40 400886f4905a9988 4012f1ed77174a40 4054b94771b525df c0206b3ddf0991cd c0236c821f87f965 4012b78e5876f314 c00681a4a6e72050 c01192770a583f3b 402289be526b40af	oooooooooooooooooooooooooooooooooooooioooooooooooooooooooioooooooooooooooooooooooooooooiooooooooooooooooooooooooooooooooooooo
corpus_113@1	404210edac4d2ca2 4052c4c3a2ddb864 40415223feccc914 c055bee882dc687a 4050bfc08a50769f 404d50d18d92c456 4018c694bbcb6bae 400886f4905a9988 4018c694bbcb6bad 4052f43a7d6773de 4012f1ed77174a40 400886f4905a9988 4012f1ed77174a40 4054b94771b525df 403fca61107b3718 c0566d9043f0ff2c 40502b78e5876f31 404297e5b5918dfb c055192770a583f3 40515137ca4d6816	oooooooooooooooooooooooooooooooooooooioooooooooooooooooooioooooooooooooooooooooooooooooiooooooooooooooooooooooooooooooooooooo
corpus_113_alternate	404210edac4d2ca1 4052c4c3a2ddb864 c01d1e698ca577b6 c00265bca7d00737 c0208246858e96f0 40537c812e1198b8 40128c6e6c0cd464 c011e22eb6666778 40128c6e6c0cd464 404dcb80197925f4 c01edd67e1db6f84 c011e22eb6666778 c01edd67e1db6f84 4053f3a97b17d038 c023ae58735d9767 c014c37df8af9d13 c02503205b953a57 c012a03bd3e96644 3fde54a79ef0d2f0 c016d11f44b42f5c	oooooooooooooooooooooooooooooooooooooioooooooooooooooooooioooioooooioooooooooooooooooooiooooooooooooooooooooooooooooooooooooo
corpus_114	4082cb0e4d90594b 407b9e7ebdd38c57 bfdff3d88ebd1baf 40354cd067cff407 c033ec0544dd91c4 40bc64975041c333 405a9df78a1fa172 4075c44874291148 405a9df78a1fa172 40bbbfefdfac6643 40438acd71ec3400 4075c44874291148 40438acd71ec33f8 40bae0530e528230 c0199e3298c7d63e 402f75105fe55d51 c039f55046a18d51 40192d6cd27fa424 403af2e054f74f12 c02b0c21928940a6	oooooooooooooooooooooooooooooooooooooiooooooooooooooooooiioooiiioooiooooooooooooooooooooooooooooooooooooooooooooooooooooooooo
corpus_114@0	4082cb0e4d90594b 407b9e7ebdd38c57 4022a72915bfdb5b c02aeb059fdbee27 c038239d6ff73254 40ba5f0241f3bbe5 406c5d7ce36fcf70 40304a786e6246c0 406c5d7ce36fcf60 40bcf1c08efd6a33 c05b3428890886c4 40304a786e624680 c05b3428890886c6 40bbb4176d4f858b 400c8a6a6fb0223e c032d9b7b860ea63 c03e051bea7d371b 402e583ea72187a4 c01c10c05962ca08 c0323fdae25709f6	oooooooooooooooooooooooooooooooooooooioooooooooooooooooooioooiiioooooooooooooooooooooooiooooooooooooooooooooooooooooooooooooo
corpus_114@1	4082cb0e4d90594b 407b9e7ebdd38c57 405654e522b7fb6b c065aeb059fdbee2 4057f718a402336b 40ba5f0241f3bbe4 406c5d7ce36fcf70 40304a786e6246c0 406c5d7ce36fcf60 40bcf1c08efd6a33 c05b3428890886c4 40304a786e624680 c05b3428890886c6 40bbb4176d4f858b 4054e453537d8112 c0665b36f70c1d4c 40567eb90560b238 4057cb07d4e430f5 c064e08602cb1650 40597009476a3d82	oooooooooooooooooooooooooooooooooooooioooooooooooooooooooioooiiioooooooooooooooooooooooiooooooooooooooooooooooooooooooooooooo
corpus_114_alternate	4082cb0e4d90594a 407b9e7ebdd38c56 bfdff3d88ebd1bb6 40354cd067cff407 c033ec0544dd91c4 40bc64975041c332 405a9df78a1fa170 4075c44874291148 405a9df78a1fa170 40bbbfefdfac6642 40438acd71ec33f4 4075c44874291150 40438acd71ec33f4 40bae0530e52822f c0199e3298c7d63e 402f75105fe55d51 c039f55046a18d51 40192d6cd27fa424 403af2e054f74f12 c02b0c21928940a6	oooooooooooooooooooooooooooooooooooooiooooooooooooooooooiioooiiioooiooooooooooooooooooooooooooooooooooooooooooooooooooooooooo
corpus_115	40b2a2e240e439f5 409e5bea9f57e480 401b767601b8a745 c00c2985c760d8a0 c02849e32754e3bc 410d1478263e20a2 407cbb85560845c0 c0d1e776ec1da150 407cbb85560845c0 410cc0607e6061a6 40ad2d680a59ca48 c0d1e776ec1da150 40ad2d680a59ca40 410bb4cad88b429a c018fdf8648b8fa8 c02e0269ada8013c c03982f5c8a369fe 403440c5fa5d8688 401f83dcca165117 3fe9d89bc5c23460	oooooooooooooooooooooooooooooooooooooioooooooooooooooooooiiooioiooiioooooooooooooooooooiooooooooooooooooooooooooooooooooooooo
corpus_115@0	40b2a2e240e439f5 409e5bea9f57e480 401df91902a184bc c007edb6379a383b c027d3709444b1b8 410d6c284e4c2537 4095504bedf69510 c0d069bc9b627ffc 4095504bedf69510 410c9e1e2860637c 40b8015ac6235138 c0d069bc9b628000 40b8015ac6235138 410b7f5d067d3c2d c0160c421053d2f1 c02ed23f714291e3 c0393587ab8a6b46 403491370764250f 4022832a1f306f00 3ff4855cd0c6a348	oooooooooooooooooooooooooooooooooooooioooooooooooooooooooooooioioooiooooooooooooooooooooooooooooooooooooooooooooooooooooooooo
corpus_115@1	40b2a2e240e439f5 409e5bea9f57e480 4064efc8c8150c26 c0742fdb6c6f3471 406c82c8f6bbb4e5 410d6c284e4c2537 4095504bedf694f0 c0d069bc9b627ffc 4095504bedf694f0 410c9e1e2860637c 40b8015ac6235140 c0d069bc9b628000 40b8015ac6235138 410b7f5d067d3c2d 40634f9def7d6169 c074f691fb8a148f 406ad94f0a8eb298 40669226e0ec84a1 c0736be6af067c89 406e290ab9a18d47	oooooooooooooooooooooooooooooooooooooioooooooooooooooooooooooioioooiooooooooooooooooooooooooooooooooooooooooooooooooooooooooo
corpus_115_alternate	40b2a2e240e439f6 409e5bea9f57e481 401b767601b8a746 c00c2985c760d8a0 c02849e32754e3bc 410d1478263e20a3 407cbb8556084600 c0d1e776ec1da154 407cbb8556084640 410cc0607e6061a7 40ad2d680a59ca48 c0d1e776ec1da158 40ad2d680a59ca48 410bb4cad88b429a c018fdf8648b8fa8 c02e0269ada8013c c03982f5c8a369fe 403440c5fa5d8688 401f83dcca165117 3fe9d89bc5c23460	oooooooooooooooooooooooooooooooooooooioooooooooooooooooooiiooioiooiioooooooooooooooooooiooooooooooooooooooooooooooooooooooooo
corpus_116	40d87004b6ef9ba6 40b455df4059bb6e c04ba55b73f8e687 404dce034370c38a 4026c8ad4dcf15c1 4148ced840c671ea c0e7d4672a2c889a c0ece9c810754110 c0e7d4672a2c889c 414b441f405ccfc2 40fe012210197988 c0ece9c810754110 40fe012210197980 414e688f0a65f12e c053168aa20d73f1 404253dcec5072b8 c0199a32f583e6e8 c03fefe73bf7e66c 40543a59a0ff318e 403cc9192df6faca	oooooooooooooooooooooooooooooooooooooioooooooooooooooooooiooooiioooioooooooooooooooooooiooooooooooooooooooooooooooooooooooooo
corpus_116@0	40d87004b6ef9ba6 40b455df4059bb6e c05307dc08dbe2e2 40213eea4b52a685 c03d843493b3ff22 414b395f1e3688be c112a7a97ca7469e c1052865319aa7e8 c112a7a97ca7469c 414aebbe09dc7633 4102a7c8d21b0f00 c1052865319aa7e8 4102a7c8d21b0f00 414c5669637633ee c058e494aec5c44c c02aa84105d137e8 c04a40610606ff71 c04b11f15a1218c9 4041088a59132c77 c0196909fcf73add	oooooooooooooooooooooooooooooooooooooioooooooooooooooooooioooiiioooioooooooooooooooooooiooooooooooooooooooooooooooooooooooooo
corpus_116@1	40d87004b6ef9ba6 40b455df4059bb6e 406e7c11fb920e8f c083bb0456d2b566 407c27bcb6c4c00e 414b395f1e3688bc c112a7a97ca7469a c1052865319aa7f8 c112a7a97ca74696 414aebbe09dc7633 4102a7c8d21b0f10 c1052865319aa7f0 4102a7c8d21b0f08 414c5669637633ee 406b8db5a89d1ddc c0846aa1041744e0 407ab7f3df3f2013 40709dc1d4bdbce7 c082ef775a6ecd38 407d9a5bd80c2315	oooooooooooooooooooooooooooooooooooooioooooooooooooooooooioooiiioooioooooooooooooooooooiooooooooooooooooooooooooooooooooooooo
corpus_116_alternate	40d87004b6ef9ba6 40b455df4059bb6e c04ba55b73f8e687 404dce034370c38a 4026c8ad4dcf15c1 4148ced840c671ea c0e7d4672a2c889f c0ece9c810754118 c0e7d4672a2c889f 414b441f405ccfc2 40fe012210197998 c0ece9c810754118 40fe012210197998 414e688f0a65f130 c053168aa20d73f1 404253dcec5072b8 c0199a32f583e6e8 c03fefe73bf7e66c 40543a59a0ff318e 403cc9192df6faca	oooooooooooooooooooooooooooooooooooooioooooooooooooooooooiooooiioooioooooooooooooooooooiooooooooooooooooooooooooooooooooooooo
corpus_117	410ea744b45b204b 40d95573a7006645 c067e786207b5b24 c055cfd7f9d23100 c069b849a9773e4e 41a423564b28a070 c16e3f905524cd8c 4154483d38680408 c16e3f905524cd89 41a5987beb469d39 c1672b878625f736 4154483d38680420 c1672b878625f732 41a49657e51387af c06e4c045296a5c9 c060179b0a391f92 c06f8a5bddb6426c c0612bb09c732be1 c0452cd5ac84376e c063b348c6b94ae3	oooooooooooooooooooooooooooooooooooooioooooooooooooooooooioooioioooioooooooooooooooooooiooooooooooooooooooooooooooooooooooooo
corpus_117@0	410ea744b45b204b 40d95573a7006645 c062086450035bdf 40593e250a915fe5 c06d7395c96aedd0 41a39c5470e240f3 c162f24af3cb4556 c153ef011de35810 c162f24af3cb454e 41a74dcd27373e98 41354ef35bf2fdb0 c153ef011de35810 41354ef35bf2fd80 41a36808836945ce c06886193de66015 404e1846daa3b9b8 c07205a00429346c c05687fb5e764e8d 4061d6b8eab1e56f c0671e1fc3aad85d	oooooooooooooooooooooooooooooooooooooioooooooooooooooooooooooioioooioooooooooooooooooooiooooooooooooooooooooooooooooooooooooo
corpus_117@1	410ea744b45b204b 40d95573a7006645 407efbcdd7fe5211 c0926c1daf56ea02 4086a31a8da5448c 41a39c5470e240f1 c162f24af3cb454e c153ef011de35810 c162f24af3cb454e 41a74dcd27373e98 41354ef35bf2fdf0 c153ef011de35810 41354ef35bf2fd80 41a36808836945ce 407bbcf3610ccff5 c0930f3dc92ae233 4084fd2ffdeb65ca 40812f009431362e c091c528e2a9c353 408838780f1549e8	oooooooooooooooooooooooooooooooooooooioooooooooooooooooooooooioioooioooooooooooooooooooiooooooooooooooooooooooooooooooooooooo
corpus_117_alternate	410ea744b45b204b 40d95573a7006645 c067e786207b5b24 c055cfd7f9d23100 c069b849a9773e4e 41a423564b28a070 c16e3f905524cd8a 4154483d386803f8 c16e3f905524cd87 41a5987beb469d39 c1672b878625f732 4154483d38680420 c1672b878625f732 41a49657e51387af c06e4c045296a5c9 c060179b0a391f92 c06f8a5bddb6426c c0612bb09c732be1 c0452cd5ac84376e c063b348c6b94ae3	oooooooooooooooooooooooooooooooooooooioooooooooooooooooooioooioioooioooooooooooooooooooiooooooooooooooooooooooooooooooooooooo
corpus_118	413bb2ee33ce8004 40f558e3891297ff 4076b0fc7bd8b90b c07e335de5003461 407adacb5607ee77 41f0d37a4d329560 c18118bb2a2355ec 4176adcf7a1aa740 c18118bb2a2355f8 41f042653f956244 414da1a018793500 4176adcf7a1aa740 414da1a018793500 41f0b4f92579deee 4070e8f14be6a2aa c081cb56699dd7b1 40756ec6b1b2c743 407c48a265e98ee9 c0793e62e7a14321 408002149427899e	oooooooooooooooooooooooooooooooooooooooooooooooooooooooooioooiiioooioooooooooooooooooooiooooooooooooooooooooooooooooooooooooo
corpus_118@0	413bb2ee33ce8004 40f558e3891297ff 40838165ac10934e c078ed9c51f3a7f2 c041ae707f3254f4 41f0e3b3390869a6 41663bd713f2db40 c12a879c2b209a00 41663bd713f2db40 41f04bd9c9456fa0 c184580e87edd480 c12a879c2b209a00 c184580e87edd4a0 41f09b4baff3fd4c 4081239bfcf5f524 c07e7c7728d2df43 c05e486b9f7773fe 4085d2cacc991899 c0736d78e4392dda 40479d17888d49aa	oooooooooooooooooooooooooooooooooooooiiooooooooooooooooooioooiiioooiooooooooooooooooooiiooooooooooooooooooooooooooooooooooooo
corpus_118@1	413bb2ee33ce8004 40f558e3891297ff 409dc0b2d60849a7 c0a71db38a3e74fe 409d728c7c066d58 41f0e3b3390869a6 41663bd713f2db50 c12a879c2b209800 41663bd713f2db50 41f04bd9c9456fa0 c184580e87edd480 c12a879c2b209a00 c184580e87edd4a0 41f09b4baff3fd4c 409c91cdfe7afa92 c0a7cf8ee51a5be9 409c1b79460888c1 409ee965664c8c4c c0a66daf1c8725bb 409ebce8bc446a4e	oooooooooooooooooooooooooooooooooooooiiooooooooooooooooooioooiiioooiooooooooooooooooooiiooooooooooooooooooooooooooooooooooooo
corpus_118_alternate	413bb2ee33ce8004 40f558e3891297ff 4076b0fc7bd8b90a c07e335de5003461 407adacb5607ee77 41f0d37a4d329560 c18118bb2a2355dc 4176adcf7a1aa780 c18118bb2a2355d8 41f042653f956244 414da1a018793400 4176adcf7a1aa7c0 414da1a018793400 41f0b4f92579deed 4070e8f14be6a2aa c081cb56699dd7b1 40756ec6b1b2c743 407c48a265e98ee9 c0793e62e7a14321 408002149427899e	oooooooooooooooooooooooooooooooooooooooooooooooooooooooooioooiiioooioooooooooooooooooooiooooooooooooooooooooooooooooooooooooo
corpus_119	41641cc204265300 41139176e4400464 4089658366e43dec c083c6c5fc20637f 4076cc4abe7d1ae1 4234071f7db7ef2e c1e526b302311a37 41dd8fac40ebd840 c1e526b302311a37 423596ffd038469b 41dc99c2f1f45aa0 41dd8fac40ebd820 41dc99c2f1f45a9c 4234c037a9e29f0a 4083e16f3a35368b c088553ac106af4d 40695ae92b1a8d0c 408eb31c7800ab9d c0800cb891d90670 4080d596d077791a	oooooooooooooooooooooooooooooooooooooioooooooooooooooooooioooioooooioooooooooooooooooooiooooioooooooooooooooooooooooooooooooo
corpus_119@0	41641cc204265300 41139176e4400464 408306dd63e92696 40512ad4cb107bc7 408c4614a6279728 42347565e2b8bc3b c1f0c7f20a9881e2 41e0a04377465234 c1f0c7f20a9881da 4234df553e4c1d37 c1a79c6f40e61200 41e0a04377465232 c1a79c6f40e61200 4235099bd6cdfb5f 407b926663c56c56 c059463c9e500fbf 40876eea058d571a 40873b742b04bb45 406e432e01d3cef1 4090a7a08fb92fd8	oooooooooooooooooooooooooooooooooooooioooooooooooooooooooioooioiooooooooooooooooooooooiiooooooooooooooooooooooooooooooooooooo
corpus_119@1	41641cc204265300 41139176e4400464 40a8c1b758fa49a6 c0b3bb54acd3be12 40b288c294c4f2e4 42347565e2b8bc3b c1f0c7f20a9881de 41e0a04377465234 c1f0c7f20a9881d6 4234df553e4c1d37 c1a79c6f40e61200 41e0a04377465232 c1a79c6f40e61200 4235099bd6cdfb5f 40a7724ccc78ad8b c0b46518f279403f 40b1eddd40b1aae3 40a9cedd0ac12ed2 c0b30de68ff16189 40b329e823ee4bf6	oooooooooooooooooooooooooooooooooooooioooooooooooooooooooioooioiooooooooooooooooooooooiiooooooooooooooooooooooooooooooooooooo
corpus_119_alternate	41641cc204265300 41139176e4400464 4089658366e43dec c083c6c5fc20637f 4076cc4abe7d1ae1 4234071f7db7ef2c c1e526b302311a3c 41dd8fac40ebd840 c1e526b302311a3d 423596ffd038469b 41dc99c2f1f45aa0 41dd8fac40ebd820 41dc99c2f1f45aa8 4234c037a9e29f09 4083e16f3a35368b c088553ac106af4d 40695ae92b1a8d0c 408eb31c7800ab9d c0800cb891d90670 4080d596d077791a	oooooooooooooooooooooooooooooooooooooioooooooooooooooooooioooioooooioooooooooooooooooooiooooioooooooooooooooooooooooooooooooo
corpus_120	41a04c8fb61c7437 41378bb7b51274f4 4092430350233ba7 c07748156273543c 409067b9f844fd81 4296b25dbf503ebe 424f4fe207fd3218 425fa53e1be4a878 424f4fe207fd3210 4295826e2ebb4455 42582100195564d0 425fa53e1be4a878 42582100195564d0 4296252d4bca5508 4088f0d1e50af20c c088789e1ece30b6 40849dc6d607b8b6 4098474f344a70c1 405586ab4c8fef0a 40969c97a117b098	oooooooooooooooooooooooooooooooooooooioooooooooooooooooooioooiiioooioooooooooooooooooooiooooooooooooooooooooooooooooooooooooo
corpus_120@0	41a04c8fb61c7437 41378bb7b51274f4 40973e45550e5fd0 c0836bfeae8e1611 c05655b7e1a6f778 4295c393b3e548b8 c25fe872175d0728 c247e90705949db0 c25fe872175d0730 4296d889c3049ac8 42599d39ae1ad4a8 c247e90705949db8 42599d39ae1ad4a4 4295bddbc2ebf498 4090f0e0b5504fd1 c08f5db85510e523 c08091a0df419a1a 409db093588fb844 c06d71a5b373095a 4072b72f9673da56	oooooooooooooooooooooooooooooooooooooioooooooooooooooooooioooiiioooioooooooooooooooooooiooooooooooooooooooooooooooooooooooooo
corpus_120@1	41a04c8fb61c7437 41378bb7b51274f4 40b9cf91554397f4 c0c536bfeae8e161 40bda6a920796422 4295c393b3e548b9 c25fe872175d0738 c247e90705949da8 c25fe872175d0740 4296d889c3049aca 42599d39ae1ad4a8 c247e90705949db0 42599d39ae1ad4a4 4295bddbc2ebf498 40b83c382d5413f3 c0c5f5db85510e52 40bbedcbe417ccbd 40bb6c24d623ee11 c0c475c696cdcc25 40bf2b72f9673da4	oooooooooooooooooooooooooooooooooooooioooooooooooooooooooioooiiioooioooooooooooooooooooiooooooooooooooooooooooooooooooooooooo
corpus_120_alternate	41a04c8fb61c7437 41378bb7b51274f4 4092430350233ba7 c07748156273543c 409067b9f844fd81 4296b25dbf503ebe 424f4fe207fd3218 425fa53e1be4a878 424f4fe207fd3210 4295826e2ebb4455 42582100195564d0 425fa53e1be4a878 42582100195564d0 4296252d4bca5508 4088f0d1e50af20c c088789e1ece30b6 40849dc6d607b8b6 4098474f344a70c1 405586ab4c8fef0a 40969c97a117b098	oooooooooooooooooooooooooooooooooooooioooooooooooooooooooioooiiioooioooooooooooooooooooiooooooooooooooooooooooooooooooooooooo
corpus_121	41d18c0a114ff5ee 415c7556b20fe269 40772901224c1bfd 409b3c4448d4a479 40a45debe45bf669 42ee2d866e4d202d 42a7df605d5f4f4f 42bb9d7b706d7774 42a7df605d5f4f4e 42ec2c53e0f90543 42b70e7ce3405280 42bb9d7b706d7776 42b70e7ce3405284 42e768d740d44948 c074d02d6ca6af8b 408ecbdc3adec8eb 409c0260e1fd258f 4091078c1f1303b6 40a3e01e36e9d6dd 40aae098ab6ad4fe	oooooooooooooooooooooooooooooooooooooooooooooooooooooooooioooioioooooooooooooooooooooooiooooooooooooooooooooooooooooooooooooo
corpus_121@0	41d18c0a114ff5ee 415c7556b20fe269 4091af3cb8e178ad 4079bdf19525c86c c0a6ce39190a88c4 42e5ebdcae096374 42a01067c42c62c7 42b3e4e86d43318a 42a01067c42c62c2 42ec1ecc11156a05 42aaaf09738f6c4c 42b3e4e86d43318a 42aaaf09738f6c4c 42efb808d0fba139 40776487b026334a c06e74853ccb5fc0 c0ac49bbe234f915 409d7c3cd3d9a54e 40915de52ded172e c0a18198682c7ed4	ooooooooooooooooooooooooooooooooiooooiooooiooooooooooooooioooooooooiooooooooooooooiooooiooooooooooooooooooooooooooooooooooooo
corpus_121@1	41d18c0a114ff5ee 415c7556b20fe269 40c635e7971c2f16 c0d3990839ab68df 40c84c71b9bd5dcf 42e5ebdcae096374 42a01067c42c62c7 42b3e4e86d43318a 42a01067c42c62c2 42ec1ecc11156a05 42aaaf09738f6c4c 42b3e4e86d43318a 42aaaf09738f6c4c 42efb808d0fba139 40c4bb243d81319a c0d43ce90a7996c0 40c6ed910772c1bc 40c7af879a7b34a9 c0d2ea21ad212e8c 40c99f99e5f4e04b	ooooooooooooooooooooooooooooooooiooooiooooiooooooooooooooioooooooooiooooooooooooooiooooiooooooooooooooooooooooooooooooooooooo
corpus_121_alternate	41d18c0a114ff5ee 415c7556b20fe269 40772901224c1bfd 409b3c4448d4a479 40a45debe45bf669 42ee2d866e4d202d 42a7df605d5f4f4f 42bb9d7b706d7774 42a7df605d5f4f4e 42ec2c53e0f90543 42b70e7ce3405280 42bb9d7b706d7776 42b70e7ce3405284 42e768d740d44948 c074d02d6ca6af8b 408ecbdc3adec8eb 409c0260e1fd258f 4091078c1f1303b6 40a3e01e36e9d6dd 40aae098ab6ad4fe	oooooooooooooooooooooooooooooooooooooooooooooooooooooooooioooioioooooooooooooooooooooooiooooooooooooooooooooooooooooooooooooo
corpus_122	41f0287200e295ed 416e8e04f356ed77 c0b67ccb37c93e3d c0becced12b0cff0 40b3d04bcb500d05 431e52875b619ee0 426251efcc076040 c2d01ac94f550c38 426251efcc076040 431604667069b309 42df18167315d92a c2d01ac94f550c3c 42df18167315d92a 43217ede92b665f7 c0bab857283b9bca c0c1eed7945f0dff 40b06c99715b7d73 c0b1b8bcbc65bc68 c0b9d06032073f91 40b767dfe51b2169	oooooooooooooooooooooooooooooooooooooioooooooooooooooooooiioooioooiiooooooooooooooooooooooooooooooooooooooooooooooooooooooooo
corpus_122@0	41f0287200e295ed 416e8e04f356ed77 c0b0909d6b1d0edd c0c34c2db95a4957 40a23752f9475390 431e2d01fdf6da7a 429e0ba69c0f36f0 42c35653b2ffdfd4 429e0ba69c0f36e0 43172885adfcb8c3 c2f0ac5f178416fd 42c35653b2ffdfdc c2f0ac5f178416fc 4320ff91a2a2454d c0b49ad8fed9aa20 c0c5f0f522afaa6b 4094ca589823de96 c0a7d508d4652d64 c0c0adc6b5c74589 40a9dcda2b8a9ea6	oooooooooooooooooooooooooooooooooooooiioooooooooooooooooiiooooiooooiooooooooooooooooooooooooooooooooooooooooooooooooooooooooo
corpus_122@1	41f0287200e295ed 416e8e04f356ed77 40cfb7b14a717892 c0e8d30b6e569256 40e023752f947539 431e2d01fdf6da7a 429e0ba69c0f36d0 42c35653b2ffdfd4 429e0ba69c0f36d0 43172885adfcb8c3 c2f0ac5f178416fd 42c35653b2ffdfdc c2f0ac5f178416fd 4320ff91a2a2454d 40cdb29380932af0 c0e97c3d48abea9b 40df4ca589823de9 40d1055ee5735a54 c0e82b71ad71d163 40e09dcda2b8a9ea	oooooooooooooooooooooooooooooooooooooiioooooooooooooooooiiooooiooooiooooooooooooooooooooooooooooooooooooooooooooooooooooooooo
corpus_122_alternate	41f0287200e295ed 416e8e04f356ed78 c0b67ccb37c93e3d c0becced12b0cff0 40b3d04bcb500d05 431e52875b619ee0 426251efcc0766c0 c2d01ac94f550c40 426251efcc0766c0 431604667069b309 42df18167315d930 c2d01ac94f550c40 42df18167315d930 43217ede92b665f8 c0bab857283b9bca c0c1eed7945f0dff 40b06c99715b7d73 c0b1b8bcbc65bc68 c0b9d06032073f91 40b767dfe51b2169	oooooooooooooooooooooooooooooooooooooioooooooooooooooooooiioooioooiiooooooooooooooooooooooooooooooooooooooooooooooooooooooooo
corpus_123	422763b072b4b3cc 4196606877767b6c c0a297a7d97600d7 c0afa49cf8e51d6c c0b7cc10d801ff1f 437aa902ec8c3b29 432b847c026953c0 c33050e84b711be8 432b847c026953c0 437ba52eb10cbbb1 433b8b2fd16c74e8 c33050e84b711be8 433b8b2fd16c74e0 437a27aaf6ea4c7e c0b4a8fedfd0ddf1 c0ba1743ae7fd655 c0c1c431664651a0 4084a3a778c83886 c0942a462cfe371e c0a805844ffa0a9c	oooooooooooooooooooooooooooooooooooooioooooooooooooooooooioooioiooooooooooooooooooooooooooooooooooooooooooooooooooooooooooooo
corpus_123@0	422763b072b4b3cc 4196606877767b6c c0b8c28ff0be414f 409b823ef9ff8b4e 40af282f527bb41d 43798306fc9e5066 4310267e746ec8d8 c33f0217e8c61268 4310267e746ec8d8 437b5e061cc0ba2b 431ccd1e751aefd8 c33f0217e8c61258 431ccd1e751aefd8 437b94cf7b2438ca c0c1dbfa16d39a28 c08c95a4a5b63803 408ed32bbdd42c05 c0aa0d59f8ef7e13 40b0c070333566c0 40ba08299a7d02b5	oooooooooooooooooooooooooooooooooooooioooooooooooooooooooooooioioooioooooooooooooooooooiooooooooooooooooooooooooooooooooooooo
corpus_123@1	422763b072b4b3cc 4196606877767b6c 40e0e7ae01e837d6 c0f391f7041801d3 40eff282f527bb43 43798306fc9e5066 4310267e746ec8d8 c33f0217e8c61268 4310267e746ec8d8 437b5e061cc0ba2b 431ccd1e751aefd0 c33f0217e8c61258 431ccd1e751aefd0 437b94cf7b2438ca 40df1202f49632ec c0f4392b494b6c70 40ee7b4caef750b0 40e25f2a6071081f c0f2f3f8fccca994 40f0a08299a7d02b	oooooooooooooooooooooooooooooooooooooioooooooooooooooooooooooioioooioooooooooooooooooooiooooooooooooooooooooooooooooooooooooo
corpus_123_alternate	422763b072b4b3cc 4196606877767b6c c0a297a7d97600d6 c0afa49cf8e51d6c c0b7cc10d801ff1f 437aa902ec8c3b29 432b847c026953c8 c33050e84b711bf0 432b847c026953c8 437ba52eb10cbbb0 433b8b2fd16c74d8 c33050e84b711bf0 433b8b2fd16c74e0 437a27aaf6ea4c7d c0b4a8fedfd0ddf1 c0ba1743ae7fd655 c0c1c431664651a0 4084a3a778c83886 c0942a462cfe371e c0a805844ffa0a9c	oooooooooooooooooooooooooooooooooooooioooooooooooooooooooioooioiooooooooooooooooooooooooooooooooooooooooooooooooooooooooooooo
corpus_124	42570fee9c04637d 41b47c615fa8696a 40ccdbc460e23fbf 40dd0153ddcf2d27 c0e4a72436ebebae 43c8229986374b62 c384c5feaea53c43 43520b2e0054ee10 c384c5feaea53c44 43c90feffd92a1fd c35c1e0887517980 43520b2e0054ee10 c35c1e08875179a0 43c9278f030a81dd 40c2832e13028732 40d7ca881147e01f c0e707d494527be6 40d3bb7f78862752 40e1374513fe7fd2 c0e2615fb9457bbd	oooooooooooooooooooooooooooooooooooooooooooooooooooooooooooooiiioooioooooooooooooooooooiooooooooooooooooooooooooooooooooooooo
corpus_124@0	42570fee9c04637d 41b47c615fa8696a 40e3504b6709dc91 40df42d01518e9a1 40d0ec08aff8dc17 43c8bdb123d50bf1 c34240be6e11fa00 c37904f9bc2da200 c34240be6e11fa40 43c9ee7a339f7c60 436b9726c6fd4710 c37904f9bc2da1f0 436b9726c6fd4708 43c7aded2f5fe6ec 40e099cb9e3c282a 40da83af94dee214 40c5edabf83b77f0 40e619cd9982d366 40e284c7d731b71e 40d69cb12a686c02	oooooooooooooooooooooooooooooooooooooioooooooooooooooooooioooiioooooooooooooooooooooooooooooooooooooooooooooooooooooooooooooo
corpus_124@1	42570fee9c04637d 41b47c615fa8696a 40fda825b384ee48 c10017a5fd5ce2cc 41011d8115ff1b83 43c8bdb123d50bf1 c34240be6e11fa00 c37904f9bc2da200 c34240be6e11fa40 43c9ee7a339f7c60 436b9726c6fd4710 c37904f9bc2da1f0 436b9726c6fd4708 43c7aded2f5fe6ec 40fc4ce5cf1e1415 c100af8a0d6423bd 41005edabf83b77e 40ff0ce6ccc169b3 c0febd9c14672471 4101d396254d0d80	oooooooooooooooooooooooooooooooooooooioooooooooooooooooooioooiioooooooooooooooooooooooooooooooooooooooooooooooooooooooooooooo
corpus_124_alternate	42570fee9c04637e 41b47c615fa8696a 40ccdbc460e23fbf 40dd0153ddcf2d27 c0e4a72436ebebae 43c8229986374b62 c384c5feaea53c3d 43520b2e0054ee10 c384c5feaea53c3e 43c90feffd92a1fe c35c1e0887517980 43520b2e0054ee10 c35c1e08875179c0 43c9278f030a81dd 40c2832e13028732 40d7ca881147e01f c0e707d494527be6 40d3bb7f78862752 40e1374513fe7fd2 c0e2615fb9457bbd	oooooooooooooooooooooooooooooooooooooooooooooooooooooooooooooiiioooioooooooooooooooooooiooooooooooooooooooooooooooooooooooooo
corpus_125	3de35b32b4e9f6b5 3ebfb39847a6c2ca 3f5b51cd1420bf32 3f56f39a8354431f 3f4dd2e60bbc3430 3c60ede3ba676886 bbd7acb5e218c020 3c20d9ca2f82446c bbd7acb5e218c010 3c61a46835105477 bc104930aa9db316 3c20d9ca2f82446c bc104930aa9db318 3c5a52c0ed4f1a14 3f557631ff5961c2 3f5242a369fa6206 3f41447344781467 3f60c28898f3f3cd 3f5c2e0055c5075d 3f55540f72434d85	ooooooooooooooooooooooooooooooooooooooooooooooooooooooooiiiooioiooiiiooooooooooooooooooiooooooooooooooooooooooooooooooooooooo
corpus_125@0	3de35b32b4e9f6b5 3ebfb39847a6c2ca bf50c1ce85e4ba07 bf409052abb9f30a bf60ed5732e41e26 3c61105398f88170 3c293b3ff6975d6c bc13cf1e0e2b718c 3c293b3ff6975d68 3c5be40738e6693e 3c22ba54c34784f4 bc13cf1e0e2b7194 3c22ba54c34784f8 3c60b95530b393fa bf5764f0ecf35e4e bf4e6340038b6568 bf6438615ffacac3 bf4590d0793eb568 bf12195f11d504a4 bf5b8823de3c8f16	oooooooooooooooooooooooooooooooooooooooooooooooooooooooooioooioooooioooooooooooooooooooiooooooooooooooooooooooooooooooooooooo
corpus_125@1	3de35b32b4e9f6b5 3ebfb39847a6c2ca 3f6f9f18bd0da2fd bf8509052abb9f31 3f758954668df0ed 3c61105398f88170 3c293b3ff6975d6c bc13cf1e0e2b718c 3c293b3ff6975d68 3c5be40738e6693e 3c22ba54c34784f4 bc13cf1e0e2b7194 3c22ba54c34784f8 3c60b95530b393fa 3f6c4d87898650d8 bf85e6340038b657 3f73e3cf50029aa0 3f714de5f0d82953 bf842432be23aa0a 3f771df70870dc3b	oooooooooooooooooooooooooooooooooooooooooooooooooooooooooioooioooooioooooooooooooooooooiooooooooooooooooooooooooooooooooooooo
corpus_125_alternate	3de35b32b4e9f6b6 3ebfb39847a6c2ca 3f5b51cd1420bf32 3f56f39a8354431f 3f4dd2e60bbc3430 3c60ede3ba676887 bbd7acb5e218bfa8 3c20d9ca2f82446e bbd7acb5e218bfa8 3c61a46835105478 bc104930aa9db316 3c20d9ca2f82446e bc104930aa9db316 3c5a52c0ed4f1a14 3f557631ff5961c2 3f5242a369fa6206 3f41447344781467 3f60c28898f3f3cd 3f5c2e0055c5075d 3f55540f72434d85	ooooooooooooooooooooooooooooooooooooooooooooooooooooooooiiiooioiooiiiooooooooooooooooooiooooooooooooooooooooooooooooooooooooo
corpus_126	3e155d57f5ccc2a7 3edc3f7aea804f58 3f5e68f4628720b2 bf6229704b60b761 3f549bee001f8191 3cb3b420b540dc23 bc502522dfe2aafc 3c7c4ecd5c043544 bc502522dfe2aafc 3cb1d0aa6891841c bc7fce156db41bf8 3c7c4ecd5c043544 bc7fce156db41bfc 3cafd61ab8d24a2c 3f514878319feacb bf68bb0384cc0510 3f3b63555d553428 3f648f2ee7285c04 bf55fbbd6fd59436 3f61589075b18a9a	oooooooooooooooooooooooooooooooooooooooooooooooooooooooooioooiiioooiooooooooooooooooooiiooooooooooooooooooooooooooooooooooooo
corpus_126@0	3e155d57f5ccc2a7 3edc3f7aea804f58 bf65ddcaba212fd3 3f43db460137088a bf59a5bfb35903ed 3cb2565748a8f816 3c59b962099952d0 3c822e301e02f930 3c59b962099952c0 3cb193f40817c219 bc823b8504f8d59c 3c822e301e02f934 bc823b8504f8d5a0 3cb1858d297acb26 bf6c21863c6d3ff5 bf3334971157bad3 bf63ff781ddbab8a bf5dbe0326416445 3f57d4e13eeb81e0 bf4791a14cc1253e	oooooooooooooooooooooooooooooooooooooioooooooooooooooooooioooiiooooiooooooooooooooooooooooooooooooooooooooooooooooooooooooooo
corpus_126@1	3e155d57f5ccc2a7 3edc3f7aea804f58 3f7d111aa2ef6816 bf936125cff647bd 3f8acb480994df83 3cb2565748a8f816 3c59b962099952d0 3c822e301e02f932 3c59b962099952c8 3cb193f40817c219 bc823b8504f8d59c 3c822e301e02f934 bc823b8504f8d5a0 3cb1858d297acb26 3f79ef3ce1c96005 bf944cd25c455eeb 3f890021f889151d 3f80483f9b37d377 bf9282b1ec1147e2 3f8c86e5eb33edac	oooooooooooooooooooooooooooooooooooooioooooooooooooooooooioooiiooooiooooooooooooooooooooooooooooooooooooooooooooooooooooooooo
corpus_126_alternate	3e155d57f5ccc2a7 3edc3f7aea804f58 3f5e68f4628720b2 bf6229704b60b761 3f549bee001f8191 3cb3b420b540dc23 bc502522dfe2aaec 3c7c4ecd5c043546 bc502522dfe2aaec 3cb1d0aa6891841c bc7fce156db41bfc 3c7c4ecd5c043540 bc7fce156db41bfc 3cafd61ab8d24a2c 3f514878319feacb bf68bb0384cc0510 3f3b63555d553428 3f648f2ee7285c04 bf55fbbd6fd59436 3f61589075b18a9a	oooooooooooooooooooooooooooooooooooooooooooooooooooooooooioooiiioooiooooooooooooooooooiiooooooooooooooooooooooooooooooooooooo
corpus_127	3e3d53dd02a6df59 3ef9235211473cdd 3f6c287f00e1589b bf5ae94b13b9d573 bf2fa78e5d075652 3cf3b51ee18c6120 3c9073ef687f6e60 bc9f4a66015c36e0 3c9073ef687f6e70 3cf30327fd78e650 bcba5e4366d8e9b8 bc9f4a66015c36e0 bcba5e4366d8e9b8 3cf289d63ed90b8a 3f5fa0809f432b46 bf6941d5a52bc4c9 bf5e4b138f84ff14 3f73d75415d0e929 bf02404e184b2f40 3f53c21d9f8efd90	oooooooooooooooooooooooooooooooooooooooooooooooooooooooooioooioioooioooooooooooooooooooiooooooooooooooooooooooooooooooooooooo
corpus_127@0	3e3d53dd02a6df59 3ef9235211473cdd 3f6a038554800473 bf5fdfef1ce906e5 3f4b766aa1ed9f22 3cf3ec73d0ebd23c 3cab93de6e65e230 3c91a424adbc0970 3cab93de6e65e220 3cf3807242061e64 bcb26c3010bd841a 3c91a424adbc0970 bcb26c3010bd841c 3cf1d5370aec6258 3f5c28fe4a49ce8f bf6b5f68b26995dc bf46e990d3fec2da 3f7316f5373ac8ae bf370b8ea6e39169 3f620de3278ed35d	oooooooooooooooooooooooooooooooooooooioooooooooooooooooooioooioioooioooooooooooooooooooiooooooooooooooooooooooooooooooooooooo
corpus_127@1	3e3d53dd02a6df59 3ef9235211473cdd 3f974070aa90008e bfa4feff78e74837 3f9edbb3550f6cf9 3cf3ec73d0ebd23c 3cab93de6e65e1f0 3c91a424adbc09b8 3cab93de6e65e1f0 3cf3807242061e62 bcb26c3010bd841a 3c91a424adbc09b0 bcb26c3010bd841a 3cf1d5370aec6258 3f95c28fe4a49cea bfa5b5f68b26995e 3f9d48b3796009e9 3f98c5bd4dceb22b bfa42e171d4dc723 3fa020de3278ed36	oooooooooooooooooooooooooooooooooooooioooooooooooooooooooioooioioooioooooooooooooooooooiooooooooooooooooooooooooooooooooooooo
corpus_127_alternate	3e3d53dd02a6df58 3ef9235211473cdc 3f6c287f00e1589b bf5ae94b13b9d574 bf2fa78e5d075652 3cf3b51ee18c611e 3c9073ef687f6e80 bc9f4a66015c36f0 3c9073ef687f6ea0 3cf30327fd78e650 bcba5e4366d8e9b8 bc9f4a66015c36f0 bcba5e4366d8e9b8 3cf289d63ed90b89 3f5fa0809f432b46 bf6941d5a52bc4c9 bf5e4b138f84ff14 3f73d75415d0e929 bf02404e184b2f40 3f53c21d9f8efd90	oooooooooooooooooooooooooooooooooooooooooooooooooooooooooioooioioooioooooooooooooooooooiooooooooooooooooooooooooooooooooooooo
corpus_128	3e6cf9cf14c09fe6 3f16eed590881d8a bf920dc18bd5234c 3f67c93fe9c33ac0 bf30988cc2151933 3d439b9ba899d0b5 bd0cafb84d27bfec 3cf7d94ca351dd00 bd0cafb84d27bfea 3d4311327c06e53d 3ce4bc04cb6228b0 3cf7d94ca351dd00 3ce4bc04cb6228b0 3d40c34288656941 bf95299409b6b6e6 3f1da4eb9e289830 bf6a69792af79978 bf8e7c00236a7ad0 3f76ca51f2a21a9d 3f67a4d0843e9b72	oooooooooooooooooooooooooooooooooooooioooooooooooooooooooioooiiioooooooooooooooooooooooiooooioooooooooooooooooooooooooooooooo
corpus_128@0	3e6cf9cf14c09fe6 3f16eed590881d8a 3f8574c195398a3c 3f89b04cbfa58c8a bf7d9ac877f87fd8 3d4157effad897d2 3cf6fbc900b52848 3cf04878688cd210 3cf6fbc900b52850 3d43f927e63d59a1 bd0e2df6340f9958 3cf04878688cd1f8 bd0e2df6340f9958 3d421ef8cbf02dbd 3f7d37b0938a7134 3f842a3bab21df2f bf84dc5ea6606ab4 3f8bc8a1133011a7 3f8fbcd192e4b48e bf7128d83ff965aa	oooooooooooooooooooooooooooooooooooooioooooooooooooooooooooooiiioooooooooooooooooooooooiooooooooooooooooooooooooooooooooooooo
corpus_128@1	3e6cf9cf14c09fe6 3f16eed590881d8a 3fa95d30654e628f bfb0c9f6680b4e6e 3faa4ca6f100f006 3d4157effad897d2 3cf6fbc900b52880 3cf04878688cd1f0 3cf6fbc900b52868 3d43f927e63d59a1 bd0e2df6340f9958 3cf04878688cd1f8 bd0e2df6340f9958 3d421ef8cbf02dbd 3fa7a6f612714e26 bfb17ab88a9bc41b 3fa8c8e85667e553 3faaf22844cc046a bfb00865cda3696f 3fabdae4f800d34b	oooooooooooooooooooooooooooooooooooooioooooooooooooooooooooooiiioooooooooooooooooooooooiooooooooooooooooooooooooooooooooooooo
corpus_128_alternate	3e6cf9cf14c09fe6 3f16eed590881d8a bf920dc18bd5234c 3f67c93fe9c33ac0 bf30988cc2151933 3d439b9ba899d0b6 bd0cafb84d27bff0 3cf7d94ca351dd10 bd0cafb84d27bfec 3d4311327c06e53d 3ce4bc04cb6228b0 3cf7d94ca351dd08 3ce4bc04cb6228b0 3d40c34288656942 bf95299409b6b6e6 3f1da4eb9e289830 bf6a69792af79978 bf8e7c00236a7ad0 3f76ca51f2a21a9d 3f67a4d0843e9b72	oooooooooooooooooooooooooooooooooooooioooooooooooooooooooioooiiioooooooooooooooooooooooiooooioooooooooooooooooooooooooooooooo
corpus_129	3e9ac33a1d884a7d 3f3a88456b93bc76 3fa30dade1015ab8 bf9753994afb1c1c bf9a396f97d7c5f2 3d90b7a71d7f449e bd2fb3c58d0e6770 3d34e32fd4043720 bd2fb3c58d0e6760 3d90d8907cae08db bd0b74e91e02be00 3d34e32fd4043720 bd0b74e91e02be80 3d91010395ecc9c8 3fa02a4aa94a07e3 bf9d318b4ac7019c bfa015ba69951132 3fa63d86ecad6da6 bf90e8fa69b880ea bf93b2a2fd3dd579	oooooooooooooooooooooooooooooooooooooooooooooooooooooooooioooioioooooooooooooooooooooooiooooooooooooooooooooooooooooooooooooo
corpus_129@0	3e9ac33a1d884a7d 3f3a88456b93bc76 bf7448490f85f614 bfa8f0baef53eae6 bf8a17422621501a 3d909248d55db2ca bd276e92ac4f090c bd2658ca85582b90 bd276e92ac4f092c 3d90bde76295c6c5 bd00fe38f5076638 bd2658ca85582ba0 bd00fe38f5076670 3d91410af8269db1 bf869f4c594bc828 bfab26875634d8c2 bf9207e93266018c 3f3de27a23d1b6c8 bfa63956a00e5733 bf806a80f2a03962	ooooooooooooooooooooooooooooooooooooooooooooooooooooooooiiiooiooooooiooooooooooooooooooiooooooooooooooooooooooooooooooooooooo
corpus_129@1	3e9ac33a1d884a7d 3f3a88456b93bc76 3fb2bb7b6f07a09e bfca3c2ebbd4fab9 3fbabd17bb3bd5fd 3d909248d55db2ca bd276e92ac4f08ec bd2658ca85582b90 bd276e92ac4f090c 3d90bde76295c6c4 bd00fe38f5076638 bd2658ca85582ba0 bd00fe38f5076630 3d91410af8269db1 3fb12c1674d686fc bfcac9a1d58d3631 3fb97e05b3667f9c 3fb41de27a23d1b7 bfc98e55a80395cc 3fbbf2afe1abf8d4	ooooooooooooooooooooooooooooooooooooooooooooooooooooooooiiiooiooooooiooooooooooooooooooiooooooooooooooooooooooooooooooooooooo
corpus_129_alternate	3e9ac33a1d884a7e 3f3a88456b93bc76 3fa30dade1015ab8 bf9753994afb1c1c bf9a396f97d7c5f2 3d90b7a71d7f449e bd2fb3c58d0e6790 3d34e32fd4043740 bd2fb3c58d0e6790 3d90d8907cae08db bd0b74e91e02bf00 3d34e32fd4043740 bd0b74e91e02bf80 3d91010395ecc9c9 3fa02a4aa94a07e3 bf9d318b4ac7019c bfa015ba69951132 3fa63d86ecad6da6 bf90e8fa69b880ea bf93b2a2fd3dd579	oooooooooooooooooooooooooooooooooooooooooooooooooooooooooioooioioooooooooooooooooooooooiooooooooooooooooooooooooooooooooooooo
corpus_130	3eccc7aae1a2e15f 3f555fdabc9dce74 bf9690ad24097e1d 3f99f18bb8cf480b bf64363142473e93 3de141072a448453 bd9165152d6e13d0 bd88c400bb4801a0 bd9165152d6e13cc 3de227cbe44572d6 bd5804e3141f3100 bd88c400bb4801a0 bd5804e3141f3100 3de152fba5bcca32 bfa1d89b4777ffe6 3f8e64dd23ebab80 bf8b90d1fbec30de bf8692b12d0a5f20 3fa2834397683871 3f8335dbed7130ad	oooooooooooooooooooooooooooooooooooooioooooooooooooooooooioooiiooooioooooooooooooooooooiooooooooooooooooooooooooooooooooooooo
corpus_130@0	3eccc7aae1a2e15f 3f555fdabc9dce74 bf883d5edfba91e0 3fa00d4be721a7a4 bf6aa2d7e13c8663 3de1726fb42baf1c bd770818a4bad8c0 bd8716e80c595170 bd770818a4bad8c0 3de255e8a3705bc8 3d7aebc08f163150 bd8716e80c595160 3d7aebc08f163150 3de0f3765caab677 bf983f4043b32015 3f94cb4ac7c0d850 bf8cdc95a514191d bf50d741965905a8 3fa50696186366c4 3f8261c75580d9c9	oooooooooooooooooooooooooooooooooooooooooooooooooooooooooioooiiiooiioooooooooooooooooooiooooooooooooooooooooooooooooooooooooo
corpus_130@1	3eccc7aae1a2e15f 3f555fdabc9dce74 3fc27c2a120456e2 bfd1fe56831bcb0b 3fcd9574a07b0de6 3de1726fb42baf1c bd770818a4bad8c0 bd8716e80c595190 bd770818a4bad8c0 3de255e8a3705bc8 3d7aebc08f1631b0 bd8716e80c595170 3d7aebc08f1631b0 3de0f3765caab677 3fc0f817f7899bfd bfd2b34b5383f27b 3fcc3236a5aebe6e 3fc3de517cd34df4 bfd15f2d3cf39327 3fcf261c75580d9d	oooooooooooooooooooooooooooooooooooooooooooooooooooooooooioooiiiooiioooooooooooooooooooiooooooooooooooooooooooooooooooooooooo
corpus_130_alternate	3eccc7aae1a2e15e 3f555fdabc9dce74 bf9690ad24097e1e 3f99f18bb8cf480b bf64363142473e95 3de141072a448452 bd9165152d6e13c8 bd88c400bb4801c0 bd9165152d6e13cc 3de227cbe44572d6 bd5804e3141f3100 bd88c400bb4801c0 bd5804e3141f3100 3de152fba5bcca32 bfa1d89b4777ffe6 3f8e64dd23ebab80 bf8b90d1fbec30de bf8692b12d0a5f20 3fa2834397683871 3f8335dbed7130ad	oooooooooooooooooooooooooooooooooooooioooooooooooooooooooioooiiooooioooooooooooooooooooiooooooooooooooooooooooooooooooooooooo
corpus_131	3ef45c5940909a25 3f73df89d623a599 bfbe134288d5ceed 3fbc02bd84d85461 3fb409fe4d724c83 3e26fd539a423a84 3dc338d6286e299a 3dba6a4a5f5e9620 3dc338d6286e299a 3e24c610a727b1ed bdc2aa75b981ee40 3dba6a4a5f5e9638 bdc2aa75b981ee40 3e23f4da9ac0ccd4 bfc1003516a3a2b9 3fb6764c1574eb0b 3fadf9d605168aa0 bfb9f3ddf72eaaab 3fc09139a45baad5 3fb8d931ec9b9b49	ooooooooooooooooooooooooooooooooooooiiiooooooooooooooooooooooioioooioooooooooooooooooooiioooooooooooooooooooooooooooooooooooo
corpus_131@0	3ef45c5940909a25 3f73df89d623a599 bfb1824cff2eadf5 3fbc5c3b2c11c5c6 3fbf4d4cc5abe892 3e26ed13b6ce23c0 bdcca35b4e08de08 bdbdef7ff1921ba8 bdcca35b4e08de08 3e24f043f37c2778 3d2da20581c06000 bdbdef7ff1921ba8 3d2da20581c06000 3e23dae731e06e0f bfb552de58a2bd16 3fb8a333b8707995 3fbb367832da0cfb bfab02b69286b40c 3fc07dc63cdfb81d 3fc1b9b7fa563c03	oooooooooooooooooooooooooooooooiiiooiiooooooooooooooooooiiioooooooiiiooooooooooooooiooiiioooooooooooooooooooooooooooooooooooo
corpus_131@1	3ef45c5940909a25 3f73df89d623a599 3fcf3ed98068a905 bfe074789a7dc747 3fe2e9a998b57d13 3e26ed13b6ce23c0 bdcca35b4e08de18 bdbdef7ff1921ba8 bdcca35b4e08ddf8 3e24f043f37c2777 3d2da20581c05000 bdbdef7ff1921ba8 3d2da20581c05000 3e23dae731e06e0f 3fcd5690d3aea176 bfe0eb9988f1f0cd 3fe266cf065b41a0 3fd09fa92daf297e bfdfc11ce19023f2 3fe36e6dfe958f01	oooooooooooooooooooooooooooooooiiiooiiooooooooooooooooooiiioooooooiiiooooooooooooooiooiiioooooooooooooooooooooooooooooooooooo
corpus_131_alternate	3ef45c5940909a26 3f73df89d623a59a bfbe134288d5ceed 3fbc02bd84d85461 3fb409fe4d724c83 3e26fd539a423a84 3dc338d6286e2996 3dba6a4a5f5e9620 3dc338d6286e2996 3e24c610a727b1ee bdc2aa75b981ee50 3dba6a4a5f5e9638 bdc2aa75b981ee50 3e23f4da9ac0ccd4 bfc1003516a3a2b9 3fb6764c1574eb0b 3fadf9d605168aa0 bfb9f3ddf72eaaab 3fc09139a45baad5 3fb8d931ec9b9b49	ooooooooooooooooooooooooooooooooooooiiiooooooooooooooooooooooioioooioooooooooooooooooooiioooooooooooooooooooooooooooooooooooo
corpus_132	3f2f1e33ad74da8c 3f9652d13b32d38c bf8e4f04d885b492 bfb8f8fca10f5d5d bfcc49317dcebba1 3e835c5441e3f79f be38a1ba246799a4 be370ad9446a28c0 be38a1ba246799a8 3e86303adf7adea8 be4b800a1ccbc55f be370ad9446a28c0 be4b800a1ccbc55f 3e834ca2c9af2ea6 bfb05b95b870b4c6 bfc1824265e5a803 bfd1543d20dc1afd 3fa18a98eb4be31b bfafcb5eba4d8753 bfc5d37403f85919	oooooooooooooooooooooooooooooooooooooioooooooooooooooooooioooiiioooioooooooooooooooooooiooooioooooooooooooooooooooooooooooooo
corpus_132@0	3f2f1e33ad74da8c 3f9652d13b32d38c bfb263f1f2257598 bfc73d9ecf5c55b0 bfc24ceac10c2b00 3e82ed03ef1c44aa be43c70c9d62c098 be1443a963b47c20 be43c70c9d62c094 3e8485265b0a0ecb be4e9d12fcdee650 be1443a963b47c00 be4e9d12fcdee654 3e856707a0e7b178 bfbf981c34c7e6e2 bfcd1ec3e1838afc bfc8404a4dfbc671 bf94bf4b44743f32 bfc1171186b70de2 bfb934b008e27fd6	oooooooooooooooooooooooooooooooooooooioooooooooooooooooooioooiiioooioooooooooooooooooooiooooooooooooooooooooooooooooooooooooo
corpus_132@1	3f2f1e33ad74da8c 3f9652d13b32d38c 3fe1b381c1bb514e bff6e7b3d9eb8ab6 3fe96cc54fbcf540 3e82ed03ef1c44aa be43c70c9d62c098 be1443a963b47c20 be43c70c9d62c094 3e8485265b0a0ecb be4e9d12fcdee650 be1443a963b47c00 be4e9d12fcdee654 3e856707a0e7b178 3fe00cfc79670324 bff7a3d87c307160 3fe7efed6c810e62 3fe35a05a5dc5e06 bff622e230d6e1bd 3fead969fee3b006	oooooooooooooooooooooooooooooooooooooioooooooooooooooooooioooiiioooioooooooooooooooooooiooooooooooooooooooooooooooooooooooooo
corpus_132_alternate	3f2f1e33ad74da8c 3f9652d13b32d38c bf8e4f04d885b492 bfb8f8fca10f5d5d bfcc49317dcebba1 3e835c5441e3f79f be38a1ba246799a6 be370ad9446a28c0 be38a1ba246799aa 3e86303adf7adea8 be4b800a1ccbc55f be370ad9446a28c0 be4b800a1ccbc55f 3e834ca2c9af2ea6 bfb05b95b870b4c6 bfc1824265e5a803 bfd1543d20dc1afd 3fa18a98eb4be31b bfafcb5eba4d8753 bfc5d37403f85919	oooooooooooooooooooooooooooooooooooooioooooooooooooooooooioooiiioooioooooooooooooooooooiooooioooooooooooooooooooooooooooooooo
corpus_133	3f58913c3e87586f 3fb5d0b5a65092c8 bfaf667154de6e2d bfc5095f157baf84 bfd20035563ecab8 3ece55f8a23ab7c2 3e918b6b55e66700 3e4194fa58c4f600 3e918b6b55e66700 3ecd17de6889b294 be8335110d621360 3e4194fa58c4f580 be8335110d621360 3eca919a5fd8fa98 bfc2e7ed7f729cfc bfd01e96e61f8560 bfd84057157982ac 3f956356d3e02080 bfb1fb49e12db242 bfc7eeddb17104a7	oooooooooooooooooooooooooooooooooooooioooooooooooooooooooioooioioooioooooooooooooooooooiooooooooooooooooooooooooooooooooooooo
corpus_133@0	3f58913c3e87586f 3fb5d0b5a65092c8 3f6b96b8896deff0 3fd11b2b895e89a7 bfc91794d1bf0b14 3eccb7110f103d20 be6689b96c967b20 3e90c0bb8ac0a930 be6689b96c967b20 3ecac31d31bd0fe0 3e860a4628bdda50 3e90c0bb8ac0a936 3e860a4628bdda50 3ece854329d017eb bfb641014caee50e 3fc606273ad44ee4 bfd1be0b9bb2a6f7 3fb7339298faa2aa 3fd76155fa7140e4 bfbc7539912de107	oooooooooooooooooooooooooooooooooooooioooooooooooooooooooioooioioooioooooooooooooooooooiooooooooooooooooooooooooooooooooooooo
corpus_133@1	3f58913c3e87586f 3fb5d0b5a65092c8 3ff40dcb5c44b6f7 c001dc9a8ed42ecc 3ffadd0d65c81e9d 3eccb7110f103d22 be6689b96c967b40 3e90c0bb8ac0a93a be6689b96c967b20 3ecac31d31bd0fe0 3e860a4628bdda64 3e90c0bb8ac0a93c 3e860a4628bdda64 3ece854329d017ec 3ff29befeb3511ae c0029f9d8c52bb12 3ff9907d19135642 3ff57339298faa2a c00113d540b1d7e4 3ffc38ac66ed21ef	oooooooooooooooooooooooooooooooooooooioooooooooooooooooooioooioioooioooooooooooooooooooiooooooooooooooooooooooooooooooooooooo
corpus_133_alternate	3f58913c3e87586f 3fb5d0b5a65092c8 bfaf667154de6e2d bfc5095f157baf84 bfd20035563ecab8 3ece55f8a23ab7c4 3e918b6b55e66700 3e4194fa58c4f600 3e918b6b55e66700 3ecd17de6889b295 be8335110d62136c 3e4194fa58c4f680 be8335110d621368 3eca919a5fd8fa98 bfc2e7ed7f729cfc bfd01e96e61f8560 bfd84057157982ac 3f956356d3e02080 bfb1fb49e12db242 bfc7eeddb17104a7	oooooooooooooooooooooooooooooooooooooioooooooooooooooooooioooioioooioooooooooooooooooooiooooooooooooooooooooooooooooooooooooo
corpus_134	3f8e8091f1f6197c 3fd64e58f1d95d1f 3fde8f0e1bb52ed5 3fdf70524891f468 3fe7fb1fd3b0db1e 3f21c85431bf1530 3ed62f6877017390 3ecf78c6e263ed90 3ed62f6877017390 3f2434776535468b 3ec7e1a732b40460 3ecf78c6e263ed90 3ec7e1a732b40480 3f24c6684667919a 3fd2aea7c4e1933c 3fd32a931149d729 3fe25fdc2480f260 3fe4901131563637 3fe554384905c5be 3fed9e606922f73c	oooooooooooooooooooooooooooooooooooooioooooooooooooooooooiooooiioooioooooooooooooooooooiooooooooooooooooooooooooooooooooooooo
corpus_134@0	3f8e8091f1f6197c 3fd64e58f1d95d1f bfeff52eea543d90 bfb2e4a6c6a59f92 bfc57485459a44fb 3f25138cb9febb78 bec7423640eba530 bea3f14c662588f0 bec7423640eba530 3f22901710d6a829 bee3a48e991e80af bea3f14c66258920 bee3a48e991e80af 3f231f90128689b2 bff230cc32ed6b22 bfd03bf526954aa5 bfd4fcbfd9f94b23 bfeb9ac3534d3178 3fb7112e0a2a6f8f bf8d2678dc7b0580	ooooooooooooooooooooooooooooooooioooiiiooooooooooooooooooioooiiioooiooooooooooooooooooiiioooioooooooooooooooooooooooooooooooo
corpus_134@1	3f8e8091f1f6197c 3fd64e58f1d95d1f 3ff805688ad5e138 c0144b929b1a967e 400ca8b7aba65bb1 3f25138cb9febb78 bec7423640eba530 bea3f14c662588f0 bec7423640eba530 3f22901710d6a829 bee3a48e991e80af bea3f14c66258920 bee3a48e991e80af 3f231f90128689b2 3ff5cf33cd1294de c01503bf526954aa 400b606804c0d69c 3ffa329e56596744 c013a3bb47d75641 400de2d9872384fa	ooooooooooooooooooooooooooooooooioooiiiooooooooooooooooooioooiiioooiooooooooooooooooooiiioooioooooooooooooooooooooooooooooooo
corpus_134_alternate	3f8e8091f1f6197b 3fd64e58f1d95d1e 3fde8f0e1bb52ed5 3fdf70524891f466 3fe7fb1fd3b0db1e 3f21c85431bf1530 3ed62f6877017392 3ecf78c6e263ed78 3ed62f6877017396 3f2434776535468b 3ec7e1a732b40460 3ecf78c6e263ed88 3ec7e1a732b40480 3f24c6684667919a 3fd2aea7c4e1933c 3fd32a931149d729 3fe25fdc2480f260 3fe4901131563637 3fe554384905c5be 3fed9e606922f73c	oooooooooooooooooooooooooooooooooooooioooooooooooooooooooiooooiioooioooooooooooooooooooiooooooooooooooooooooooooooooooooooooo
corpus_135	3fbb975a14998103 3ff8a6e488112f4e 3ffaca0ca341e9bf c002f01ca6eb58cd bff497ac0a89e662 3f73115e8d6a10a6 3f247e699e1a388e bf3f35f33c18cd20 3f247e699e1a388e 3f71ee52faff8e46 bf319dee537c0ec6 bf3f35f33c18cd20 bf319dee537c0eca 3f70b02b37383d98 3ff5372f3462c89f c005c9c34531149b bffa9cb375a87a1c 40000e1c3db0b106 bfffbb318ccb3c4a bfed30fdd5b0e07a	oooooooooooooooooooooooooooooooooooooioooooooooooooooooooooooioioooiooooooooooooooooooooooooooooooooooooooooooooooooooooooooo
corpus_135@0	3fbb975a14998103 3ff8a6e488112f4e 400151acfc11610c c0024c5cf275ce9d bfd86494285d2489 3f737bbc0228bf02 3f260547f416756e bf373d394f779e76 3f260547f416756d 3f717c38caaa8ee4 bf37dbc61cc73a20 bf373d394f779e7c bf37dbc61cc73a20 3f70b7e7f2ce8e9c 3ffdabec7576bb0a c0056528d785228d bfe8292e7e2a2d04 4003af9ac422936e bffdfc9db4945648 bf942f20c3373370	oooooooooooooooooooooooooooooooooooooioooooooooooooooooooioooioioooioooooooooooooooooooiioooooooooooooooooooooooooooooooooooo
corpus_135@1	3fbb975a14998103 3ff8a6e488112f4e 401ca8d67e08b086 c02893173c9d73a7 401c79b6bd7a2db7 3f737bbc0228bf02 3f260547f416756e bf373d394f779e76 3f260547f416756d 3f717c38caaa8ee4 bf37dbc61cc73a20 bf373d394f779e7c bf37dbc61cc73a20 3f70b7e7f2ce8e9c 401b6afb1d5daec3 c029594a35e148a3 401afada303aba5f 401dd7cd621149b6 c027bf93b6928aca 401debd0df3cc8cc	oooooooooooooooooooooooooooooooooooooioooooooooooooooooooioooioioooioooooooooooooooooooiioooooooooooooooooooooooooooooooooooo
corpus_135_alternate	3fbb975a14998103 3ff8a6e488112f4e 3ffaca0ca341e9bf c002f01ca6eb58cd bff497ac0a89e662 3f73115e8d6a10a6 3f247e699e1a3890 bf3f35f33c18cd20 3f247e699e1a3890 3f71ee52faff8e46 bf319dee537c0eca bf3f35f33c18cd20 bf319dee537c0eca 3f70b02b37383d98 3ff5372f3462c89f c005c9c34531149b bffa9cb375a87a1c 40000e1c3db0b106 bfffbb318ccb3c4a bfed30fdd5b0e07a	oooooooooooooooooooooooooooooooooooooioooooooooooooooooooooooioioooiooooooooooooooooooooooooooooooooooooooooooooooooooooooooo
corpus_136	3fe630a000aee1d0 4012bba026f8bf6a c00dda2305cee1f1 c011bab150761aa0 bfe72397cf748e31 3fba52a88f3871de 3f7594c3d95ead33 bf34720fad177200 3f7594c3d95ead33 3fb3833f99caa066 3f7f0e01411d3ae6 bf34720fad177180 3f7f0e01411d3ae4 3fb9d61dcf14de0b c011c2c67976311d c0147787ceaaaac8 bff638bbdb8df1e4 c0087da3ad5eeadb c00e01bae5f86e85 bfabcbc77a757580	oooooooooooooooooooooooooooooooooooooioooooooooooooooooooioooiiooooioooooooooooooooooooiooooooooooooooooooooooooooooooooooooo
corpus_136@0	3fe630a000aee1d0 4012bba026f8bf6a bfeca65d42b98f12 c00719434d8b4968 c013fb4ed8c59ed7 3fb7ae80b1fe17e2 3f75364b4c7b5a54 bf8a002d465ba7c0 3f75364b4c7b5a58 3fb9f1a14dca7fce 3f7f8012dab23148 bf8a002d465ba7be 3f7f8012dab23148 3fb60be3f84f58a0 bff96bf55439eb46 c00c6bd07f7f0f29 c01709ce24e36d2e bfc6dadeb17a1a7e c001f2a84d202c65 c0110593d424b3ce	oooooooooooooooooooooooooooooooooooooooooooooooooooooooooioooiiiooooooooooooooooooooooooooooooooooooooooooooooooooooooooooooo
corpus_136@1	3fe630a000aee1d0 4012bba026f8bf6a 4022359a2bd4670e c036e32869b1692e 40240258939d3095 3fb7ae80b1fe17e2 3f75364b4c7b5a54 bf8a002d465ba7be 3f75364b4c7b5a58 3fb9f1a14dca7fce 3f7f8012dab23144 bf8a002d465ba7be 3f7f8012dab23148 3fb60be3f84f58a0 4020d2815578c298 c0378d7a0fefe1e5 40227b18ed8e4969 4023a494853a1796 c0363e5509a4058e 40257d3615eda61a	oooooooooooooooooooooooooooooooooooooooooooooooooooooooooioooiiiooooooooooooooooooooooooooooooooooooooooooooooooooooooooooooo
corpus_136_alternate	3fe630a000aee1d0 4012bba026f8bf6a c00dda2305cee1f1 c011bab150761aa0 bfe72397cf748e32 3fba52a88f3871de 3f7594c3d95ead33 bf34720fad177180 3f7594c3d95ead33 3fb3833f99caa066 3f7f0e01411d3ae6 bf34720fad177100 3f7f0e01411d3ae4 3fb9d61dcf14de0c c011c2c67976311d c0147787ceaaaac8 bff638bbdb8df1e4 c0087da3ad5eeadb c00e01bae5f86e85 bfabcbc77a757580	oooooooooooooooooooooooooooooooooooooioooooooooooooooooooioooiiooooioooooooooooooooooooiooooooooooooooooooooooooooooooooooooo
corpus_137	401177f8a89a6395 40321b56c00062e9 400d803b3aaefbca c01194bbe62a73d5 40136214cedf15c1 400088966e08db35 bfc02f57201be59c 3fcb2e221def00b0 bfc02f57201be59c 3fff44b8ab91d2e4 3fcb98793b6437d0 3fcb2e221def00b0 3fcb98793b6437cc 4003174ed3d2d029 40043a51462f7d8a c0164ed04fe0d54d 400db674bc18aefd 40141885d2435315 c008e7502be5703b 4017f33fef5bdc67	ooooooooooooooooooooooooooooooooiooooioooooooooooooooooooiooooooooooooooooooooooooooooooooooooooooooooooooooooooooooooooooooo
corpus_137@0	401177f8a89a6395 40321b56c00062e9 bffc6005995e5bcb 401803738bc11d91 c01098657ff0afe9 4000dd8db54fa109 3fc4e13610270030 3fd29b67c213d224 3fc4e13610270036 3fff856aa4f063bc bfbe2a27db24d963 3fd29b67c213d222 bfbe2a27db24d960 4002a1fe8fdcc1e8 c0080abca70d0e7c 40131aa48d787710 c015ae50a0884ab3 bfd6c0f888d521a1 401c1f61ccfa9be2 c0080461caebaff2	oooooooooooooooooooooooooooooooooooooiooooioooooooooooooooooooiooooioooooooooooooooooooiooooooooooooooooooooooooooooooooooooo
corpus_137@1	401177f8a89a6395 40321b56c00062e9 403239ffa66a1a43 c040ff918e87dc4e 4039d9e6a003d406 4000dd8db54fa10a 3fc4e13610270032 3fd29b67c213d224 3fc4e13610270034 3fff856aa4f063bc bfbe2a27db24d95f 3fd29b67c213d222 bfbe2a27db24d960 4002a1fe8fdcc1e8 4030fea86b1e5e31 c0419cab6e50f11f 4038946bd7dded54 4033a4fc1ddcab79 c0407c13c660ac84 403aff73c6a28a02	oooooooooooooooooooooooooooooooooooooiooooioooooooooooooooooooiooooioooooooooooooooooooiooooooooooooooooooooooooooooooooooooo
corpus_137_alternate	401177f8a89a6395 40321b56c00062e9 400d803b3aaefbca c01194bbe62a73d5 40136214cedf15c1 400088966e08db35 bfc02f57201be59c 3fcb2e221def00b0 bfc02f57201be59c 3fff44b8ab91d2e4 3fcb98793b6437d0 3fcb2e221def00b0 3fcb98793b6437cc 4003174ed3d2d029 40043a51462f7d8a c0164ed04fe0d54d 400db674bc18aefd 40141885d2435315 c008e7502be5703b 4017f33fef5bdc67	ooooooooooooooooooooooooooooooooiooooioooooooooooooooooooiooooooooooooooooooooooooooooooooooooooooooooooooooooooooooooooooooo
corpus_138	4051aad8d82285d5 40598512d36775ab 402493acdc55d15c 400b7dded7248c09 c0235be67386edab 406af8eef8279a90 c01dad8a59355df8 402775a330ac8dc0 c01dad8a59355df8 4068d3050261b98d 400034ce0201b4c0 402775a330ac8db8 400034ce0201b4f0 406818ce8a8377c2 401c6b9276d17c12 3fccbaee3a8cc62c c029ed49d6fd2e3d 402af2c3ee90db22 4019ba5976641f0c c019b4d4a2600b68	oooooooooooooooooooooooooooooooooooooioooooooooooooooooooioooiiioooioooooooooooooooooooiooooooooooooooooooooooooooooooooooooo
corpus_138@0	4051aad8d82285d5 40598512d36775ab c014523569e909c7 4029fbb8710d368e 4010605938329c9d 4069ac2b0da35c14 403128436129643c 3ff534b16cb733e0 403128436129643c 40698b858e8302b4 c013f0d1f5305780 3ff534b16cb73400 c013f0d1f5305780 4068ad11e8e66d18 c02087158cc768d2 4023657a8b8e9d42 3feb121440439e56 bffd5706f2acbdfb 40302eae0bd00675 401ce318ffbdfd9d	oooooooooooooooooooooooooooooooooooooioooooooooooooooooooioooiiioooioooooooooooooooooooiooooooooooooooooooooooooooooooooooooo
corpus_138@1	4051aad8d82285d5 40598512d36775ab 404175b952c2dec7 c050c088f1de592e 40500605938329c9 4069ac2b0da35c14 403128436129643c 3ff534b16cb733e0 403128436129643c 40698b858e8302b4 c013f0d1f5305780 3ff534b16cb73400 c013f0d1f5305780 4068ad11e8e66d18 403fbc75399c4b96 c0519350ae8e2c58 404e6c4851010e79 40431547c86a9a10 c04fe8a8fa17fcc5 4050ce318ffbdfda	oooooooooooooooooooooooooooooooooooooioooooooooooooooooooioooiiioooioooooooooooooooooooiooooooooooooooooooooooooooooooooooooo
corpus_138_alternate	4051aad8d82285d4 40598512d36775aa 402493acdc55d15c 400b7dded7248c08 c0235be67386edab 406af8eef8279a90 c01dad8a59355df8 402775a330ac8db8 c01dad8a59355df8 4068d3050261b98d 400034ce0201b4c0 402775a330ac8db0 400034ce0201b4f0 406818ce8a8377c2 401c6b9276d17c12 3fccbaee3a8cc62c c029ed49d6fd2e3d 402af2c3ee90db22 4019ba5976641f0c c019b4d4a2600b68	oooooooooooooooooooooooooooooooooooooioooooooooooooooooooioooiiioooioooooooooooooooooooiooooooooooooooooooooooooooooooooooooo
corpus_139	40752bd3169b9f45 407551680ab3d56b 401199a432c302af 402f43f53b77e4c7 c039d6cbeb4913f6 40a7eca1f6b2d8a0 4061340448a2ca88 c005238091dbb300 4061340448a2ca88 40a389724a06a998 c04d320d0f598d08 c005238091dbb300 c04d320d0f598d10 40a8e87db6fd648a 3f62ef25b853a100 4025753c4d11e13f c03dcbb618e2a064 40232279dc64ed80 40352e617f2612b9 c035f0f8fe8bf22a	ooooooooooooooooooooooooooooooooooooiiooooooooooooooooooiiiooooioooiioooooooooooooooooooooooooooooooooooooooooooooooooooooooo
corpus_139@0	40752bd3169b9f45 407551680ab3d56b 402f68afc4547631 4039ec07f747de75 400ca48f07ecb4d6 40a74b537013d569 407190471ffb17b4 4061276565dd8410 407190471ffb17b4 40a5f8fcafe5bf39 c06c00ba87365648 4061276565dd8412 c06c00ba87365644 40a71a41d7bd5222 4023d0c995a5aec4 4034061cb59d9e49 bff74496ca7d95ee 40355e8468e66227 403fff824a833890 4020a4e9390509a5	oooooooooooooooooooooooooooooooooooooioooooooooooooooooooioooioioooioooooooooooooooooooiooooooooooooooooooooooooooooooooooooo
corpus_139@1	40752bd3169b9f45 407551680ab3d56b 4057ed15f88a8ec7 c060c27f01170431 405ee524783f65a6 40a74b537013d56a 407190471ffb17b0 4061276565dd8414 407190471ffb17b0 40a5f8fcafe5bf3a c06c00ba87365638 4061276565dd8416 c06c00ba87365634 40a71a41d7bd5223 40567a1932b4b5d8 c0617f3c694c4c36 405da2eda4d609a8 405957a11a39988a c060000fb6af98ee 40600a4e9390509a	oooooooooooooooooooooooooooooooooooooioooooooooooooooooooioooioioooioooooooooooooooooooiooooooooooooooooooooooooooooooooooooo
corpus_139_alternate	40752bd3169b9f45 407551680ab3d56b 401199a432c302ad 402f43f53b77e4c7 c039d6cbeb4913f6 40a7eca1f6b2d8a0 4061340448a2ca89 c005238091dbb300 4061340448a2ca88 40a389724a06a998 c04d320d0f598d08 c005238091dbb300 c04d320d0f598d10 40a8e87db6fd648a 3f62ef25b853a100 4025753c4d11e13f c03dcbb618e2a064 40232279dc64ed80 40352e617f2612b9 c035f0f8fe8bf22a	ooooooooooooooooooooooooooooooooooooiiooooooooooooooooooiiiooooioooiioooooooooooooooooooooooooooooooooooooooooooooooooooooooo
corpus_140	40b0a13e1e055f85 4098cc4e2eafca6e 405230d58bbdfc03 c0537b0ad6a0801d 4047bd26131ccb2d 41079d00a1be0799 c0be1e670e95cd74 c0a8cbaa385dca50 c0be1e670e95cd74 41060da20e2d98bd 409c68cec1ba4b1d c0a8cbaa385dca60 409c68cec1ba4b1b 41060134acf5d1e7 404e6ebd7f2f58da c0565548e3542e34 40429dd4fb671e34 4054e64c338ce9a0 c05112f37603e402 404cf70266f4d922	oooooooooooooooooooooooooooooooooooooiooooooooooooooooooiiiooiiiooiiiooooooooooooooooooiooooooooooooooooooooooooooooooooooooo
corpus_140@0	40b0a13e1e055f85 4098cc4e2eafca6e 4050f33ac9cd79af 4049c1c383ed97a2 4053f3f686c8c711 4105b7d5090e8236 c09b5145266a4b00 4015f6da02d72000 c09b5145266a4b20 4107108102877866 40c287c723125a04 4015f6da02d72000 40c287c723125a04 4106e381514b77a1 404b81824216d76d 4043767e137ed95e 4050a84701c58f2c 4054538c3c45739d 404f9bc501ba7460 405714b9436b8671	oooooooooooooooooooooooooooooooooooooioooooooooooooooooooioooiiioooioooooooooooooooooooiooooooooooooooooooooooooooooooooooooo
corpus_140@1	40b0a13e1e055f85 4098cc4e2eafca6e 406c799d64e6bcd8 c070c7c78f824d0b 4073fcfda1b231c4 4105b7d5090e8236 c09b5145266a4b00 4015f6da02d74000 c09b5145266a4b20 4107108102877866 40c287c723125a04 4015f6da02d74000 40c287c723125a04 4106e381514b77a1 406ae0609085b5dc c07191303d9024d4 40732a11c07163cb 406e29c61e22b9ce c0700c875fc8b174 4074c52e50dae19d	oooooooooooooooooooooooooooooooooooooioooooooooooooooooooioooiiioooioooooooooooooooooooiooooooooooooooooooooooooooooooooooooo
corpus_140_alternate	40b0a13e1e055f85 4098cc4e2eafca6e 405230d58bbdfc03 c0537b0ad6a0801d 4047bd26131ccb2d 41079d00a1be079b c0be1e670e95cd78 c0a8cbaa385dca60 c0be1e670e95cd78 41060da20e2d98be 409c68cec1ba4b22 c0a8cbaa385dca60 409c68cec1ba4b20 41060134acf5d1e9 404e6ebd7f2f58da c0565548e3542e34 40429dd4fb671e34 4054e64c338ce9a0 c05112f37603e402 404cf70266f4d922	oooooooooooooooooooooooooooooooooooooiooooooooooooooooooiiiooiiiooiiiooooooooooooooooooiooooooooooooooooooooooooooooooooooooo
corpus_141	40d865d61a5245bc 40b7bac23a50e192 4058131ab19e238a c061c324a229368f 405db3d075529a29 414c622f60dbba39 4102d3db37e146e0 c0f34eb19e58a9b0 4102d3db37e146e0 414b9a9a8b967216 c0e2b05eefa7b0a0 c0f34eb19e58a9b0 c0e2b05eefa7b0c0 414d1bc6138f4516 40527e23f311944d c064c5c9a1053e5f 4057def1a3b2ed28 405dade2e98844ce c05d2a059deaf682 4061b242d8de38b2	oooooooooooooooooooooooooooooooooooooioooooooooooooooooooioooioioooooooooooooooooooooooiooooooooooooooooooooooooooooooooooooo
corpus_141@0	40d865d61a5245bc 40b7bac23a50e192 40624f94e21f7063 4058afe00c1ea68c c05bce86178c1bf4 414ce20aeea5e39e c0f959212acbe0c0 c0d0187fbe8a7bc0 c0f959212acbe0b0 414c1e0dc339269c 4103f4fd1db13724 c0d0187fbe8a7bc0 4103f4fd1db13728 414c18774e22672c 405eb3bbafa96aff 405387dd9026b4fc c060d5168fab4af5 406537ec1fac1980 405df00d9c9d3a83 c0553d717925185d	oooooooooooooooooooooooooooooooooooooioooooooooooooooooooioooioioooooooooooooooooooooooiooooooooooooooooooooooooooooooooooooo
corpus_141@1	40d865d61a5245bc 40b7bac23a50e192 407d27ca710fb831 c080ea03fe7c2b2e 40770c5e7a1cf903 414ce20aeea5e39e c0f959212acbe0c0 c0d0187fbe8a7bc0 c0f959212acbe0b0 414c1e0dc339269c 4103f4fd1db13724 c0d0187fbe8a7bc0 4103f4fd1db13728 414c18774e22672c 407baceeebea5ac1 c0818f044dfb2961 40759574b82a5a85 407e9bf60fd60cc1 c08041fe4c6c58b0 4078b0a3a1b6b9e9	oooooooooooooooooooooooooooooooooooooioooooooooooooooooooioooioioooooooooooooooooooooooiooooooooooooooooooooooooooooooooooooo
corpus_141_alternate	40d865d61a5245bc 40b7bac23a50e192 4058131ab19e238a c061c324a229368f 405db3d075529a29 414c622f60dbba39 4102d3db37e146dc c0f34eb19e58a9c0 4102d3db37e146dc 414b9a9a8b967214 c0e2b05eefa7b080 c0f34eb19e58a9b0 c0e2b05eefa7b080 414d1bc6138f4516 40527e23f311944d c064c5c9a1053e5f 4057def1a3b2ed28 405dade2e98844ce c05d2a059deaf682 4061b242d8de38b2	oooooooooooooooooooooooooooooooooooooioooooooooooooooooooioooioioooooooooooooooooooooooiooooooooooooooooooooooooooooooooooooo
corpus_142	410adbd2f23951c6 40d6681fadacab6e c0571e5439a4f978 c065928927ba858b 406c60817c1e255a 419edc9447148347 c15106b84a9b4cac c1548a2fa4aa771c c15106b84a9b4cb0 41a043bc91f5b90d 415b934a73a3e968 c1548a2fa4aa7718 415b934a73a3e968 41a03b0844504986 c061079ec708ba78 c06b9d3fab040763 40668d51d8bb7119 c0465877a0216e20 c05f4d6f6f0701af 40713aaf86602110	oooooooooooooooooooooooooooooooooooooioooooooooooooooooooioooiiioooiooooooooooooooooooooooooooooooooooooooooooooooooooooooooo
corpus_142@0	410adbd2f23951c6 40d6681fadacab6e 404311b0e6fab766 c071cc7379528977 405562eb2433655b 419e9857f50219be c11fd3a4dcd04e80 c1559a44cd5ec4aa c11fd3a4dcd04e80 419ec78776084be4 c11369673154a5d0 c1559a44cd5ec4ae c11369673154a5c0 41a13d1f444b1166 c0128ab2047dfdc2 c0742b435a12f9d7 4047983a911d97e1 4055b93863ccc566 c06e914c4aaa4501 405f2dcb728edabc	oooooooooooooooooooooooooooooooooooooiooooooooooooooooooiiiooiiiooiiooooooooooooooooooooooooooooooooooooooooooooooooooooooooo
corpus_142@1	410adbd2f23951c6 40d6681fadacab6e 4085311b0e6fab78 c098731cde54a25e 4090562eb2433655 419e9857f50219be c11fd3a4dcd04e80 c1559a44cd5ec4ac c11fd3a4dcd04e80 419ec78776084be4 c11369673154a5c0 c1559a44cd5ec4ac c11369673154a5b0 41a13d1f444b1166 4083daea9bf70405 c0990ad0d684be76 408f7983a911d97d 4086b7270c7998ae c097d2298955489f 4090f2dcb728edab	oooooooooooooooooooooooooooooooooooooiooooooooooooooooooiiiooiiiooiiooooooooooooooooooooooooooooooooooooooooooooooooooooooooo
corpus_142_alternate	410adbd2f23951c7 40d6681fadacab6e c0571e5439a4f978 c065928927ba858b 406c60817c1e2559 419edc9447148347 c15106b84a9b4ca8 c1548a2fa4aa7724 c15106b84a9b4cac 41a043bc91f5b90e 415b934a73a3e950 c1548a2fa4aa771c 415b934a73a3e958 41a03b0844504986 c061079ec708ba78 c06b9d3fab040763 40668d51d8bb7119 c0465877a0216e20 c05f4d6f6f0701af 40713aaf86602110	oooooooooooooooooooooooooooooooooooooioooooooooooooooooooioooiiioooiooooooooooooooooooooooooooooooooooooooooooooooooooooooooo
corpus_143	4139d192b705f167 40f6ff3496757441 c07cc3052705bf2a 404b601cd00d148c 4051fcdc57c0e207 41eedc499e164a61 c1c468d9b4b7cac7 41609f2ce33ed800 c1c468d9b4b7cac7 41f11331a1f71952 c1aa926ada40de54 41609f2ce33ed800 c1aa926ada40de54 41ef7a6e561731c6 c08152b6b540e521 c0360579d886681a c026fb62df2152bc c076fdd8ed3fe6ac 405e4c0d34ef930e 40635a7f8c96e914	oooooooooooooooooooooooooooooooooooooiooooooooooooooooooiioooioiooiiiooooooooooooooooooiooooooooooooooooooooooooooooooooooooo
corpus_143@0	4139d192b705f167 40f6ff3496757441 c07b6bb7e9506246 406348da020e64bc c04e40afa2a0a740 41ee2e13b0b9000b c1b55ca3e672ef26 c1b297b1a115be80 c1b55ca3e672ef22 41f2999fc25d87b5 c160a411d8143b40 c1b297b1a115be80 c160a411d8143ac0 41ed1bc802a79f56 c080da245bd036ca 4052359b50f782a8 c064284a98a98bc0 c075391037609222 406c86c326eb3da5 4046e479ea2e4827	oooooooooooooooooooooooooooooooooooooioooooooooooooooooooooooioioooioooooooooooooooooooiooooooooooooooooooooooooooooooooooooo
corpus_143@1	4139d192b705f167 40f6ff3496757441 408a4a240b57cedc c0a2cb725fdf19b5 409d0dfa82eafac6 41ee2e13b0b9000c c1b55ca3e672ef32 c1b297b1a115be80 c1b55ca3e672ef32 41f2999fc25d87b5 c160a411d8143c40 c1b297b1a115be80 c160a411d8143cc0 41ed1bc802a79f56 408725dba42fc936 c0a36e53257843ea 409b7af6aceace88 408d6377e44fb6ef c0a23793cd914c26 409eb723cf517241	oooooooooooooooooooooooooooooooooooooioooooooooooooooooooooooioioooioooooooooooooooooooiooooooooooooooooooooooooooooooooooooo
corpus_143_alternate	4139d192b705f167 40f6ff3496757441 c07cc3052705bf2a 404b601cd00d148b 4051fcdc57c0e208 41eedc499e164a63 c1c468d9b4b7cac9 41609f2ce33ed700 c1c468d9b4b7cac9 41f11331a1f71953 c1aa926ada40de59 41609f2ce33ed780 c1aa926ada40de57 41ef7a6e561731ca c08152b6b540e521 c0360579d886681a c026fb62df2152bc c076fdd8ed3fe6ac 405e4c0d34ef930e 40635a7f8c96e914	oooooooooooooooooooooooooooooooooooooiooooooooooooooooooiioooioiooiiiooooooooooooooooooiooooooooooooooooooooooooooooooooooooo
corpus_144	4171a60b24f9d7a3 41186550787fd055 c08dbcb76ea4fce6 40206d6d6e8365c9 c083226ab9b0facb 4249f46f20093763 c20bfa73ed8e1d50 c1fc42d20bd4f688 c20bfa73ed8e1d51 424abc9f776d809a 41f2d5928ffb22ef c1fc42d20bd4f688 41f2d5928ffb22ef 42468d8947fc083d c091bbb9033da14b c061d6d0d02ebc08 c0889bc7dde81cd1 c088372d1acd7ae0 40650de5d681121e c07b7ab0f8a2811a	ooooooooooooooooooooooooooooooooooooooooooooooooooooooooiiiooiiiooiiiooooooooooooooooooiooooooooooooooooooooooooooooooooooooo
corpus_144@0	4171a60b24f9d7a3 41186550787fd055 3fec3b91d65d6a64 4088f4714fe1f0e8 c0890e0c40236ab2 424a7d1c834d21b9 41e9d1e322de8250 420d882a2b6bdea7 41e9d1e322de8240 42465ea89a4ff12a 41db336ba7fef07d 420d882a2b6bdea7 41db336ba7fef07e 424a62d2c1d5ad5c c064e0d9bde5709a 4083f93036cf5f2e c08dcb628dd536a3 40644fb82b27780d 408de6e8e0b343ae c08456b9b1c2c92a	ooooooooooooooooooooooooooooooooiooooiooooioooooooooooooiiiooiiiooiiiooooooooooooiiooooiooooooooooooooooooooooooooooooooooooo
corpus_144@1	4171a60b24f9d7a3 41186550787fd055 40a401c3b91d65d6 c0b0e171d603c1e4 40a7bc7ceff72553 424a7d1c834d21b9 41e9d1e322de8248 420d882a2b6bdea7 41e9d1e322de8248 42465ea89a4ff12a 41db336ba7fef07d 420d882a2b6bdea7 41db336ba7fef07c 424a62d2c1d5ad5c 40a2b1f26421a8f6 c0b180d9f926141b 40a68d275c8ab256 40a544fb82b27780 c0b04322e3e9978b 40a8ea51938f4db5	ooooooooooooooooooooooooooooooooiooooiooooioooooooooooooiiiooiiiooiiiooooooooooooiiooooiooooooooooooooooooooooooooooooooooooo
corpus_144_alternate	4171a60b24f9d7a3 41186550787fd055 c08dbcb76ea4fce6 40206d6d6e8365c9 c083226ab9b0facb 4249f46f20093763 c20bfa73ed8e1d50 c1fc42d20bd4f688 c20bfa73ed8e1d51 424abc9f776d809a 41f2d5928ffb22ef c1fc42d20bd4f688 41f2d5928ffb22ef 42468d8947fc083d c091bbb9033da14b c061d6d0d02ebc08 c0889bc7dde81cd1 c088372d1acd7ae0 40650de5d681121e c07b7ab0f8a2811a	ooooooooooooooooooooooooooooooooooooooooooooooooooooooooiiiooiiiooiiiooooooooooooooooooiooooooooooooooooooooooooooooooooooooo
corpus_145	41a35b97682dcd6a 413cdf56f18ed662 c0a428b802361512 4083831c5eebb29a 4076b83ac4aa2f03 429d3f8bf27d90a3 4259778571d22624 424dc594ba34e490 4259778571d22624 429e34ad7e62cb2c 425add7998edaa40 424dc594ba34e480 425add7998edaa40 429eafb5be851b14 c0a7b52f6fef95f0 40669f6c1a49baf1 c036d0719af0f930 c0a0cc84b6e34ffd 408fb6ceb0ed0c52 40883b3c85c2f4f4	oooooooooooooooooooooooooooooooooooooioooooooooooooooooooioooioioooioooooooooooooooooooiooooooooooooooooooooooooooooooooooooo
corpus_145@0	41a35b97682dcd6a 413cdf56f18ed662 c0a4bacc42839d44 4072e6f444bc22ee 406b7640368a1bf3 429ccef2d8b132e4 4253db99970ebfe8 4247fcfd6629eb00 4253db99970ebfe8 429e238225ca7e12 425cba4f74aee290 4247fcfd6629eb00 425cba4f74aee288 429f317a30e9c5e8 c0a83c8da7479049 c06324b34beef9d4 c064646d4e221c91 c0a16212e5a0d720 408627ac527ce05e 4083b6967aefd95e	oooooooooooooooooooooooooooooooooooooioooooooooooooooooooioooioioooioooooooooooooooooooiooooooooooooooooooooooooooooooooooooo
corpus_145@1	41a35b97682dcd6a 413cdf56f18ed662 40a34533bd7c62bc c0c368c85dda1ee9 40bedbb201b450e0 429ccef2d8b132e4 4253db99970ebfe8 4247fcfd6629eb00 4253db99970ebfe8 429e238225ca7e12 425cba4f74aee280 4247fcfd6629eb00 425cba4f74aee280 429f317a30e9c5e6 409f86e4b170df6d c0c44c92cd2fbbe8 40bd5cdc958eef1c 40a69ded1a5f28e0 c0c29d853ad831fb 40c03b6967aefd96	oooooooooooooooooooooooooooooooooooooioooooooooooooooooooioooioioooioooooooooooooooooooiooooooooooooooooooooooooooooooooooooo
corpus_145_alternate	41a35b97682dcd6a 413cdf56f18ed662 c0a428b802361512 4083831c5eebb29a 4076b83ac4aa2f03 429d3f8bf27d90a2 4259778571d22624 424dc594ba34e480 4259778571d22624 429e34ad7e62cb2b 425add7998edaa48 424dc594ba34e470 425add7998edaa48 429eafb5be851b14 c0a7b52f6fef95f0 40669f6c1a49baf1 c036d0719af0f930 c0a0cc84b6e34ffd 408fb6ceb0ed0c52 40883b3c85c2f4f4	oooooooooooooooooooooooooooooooooooooioooooooooooooooooooioooioioooioooooooooooooooooooiooooooooooooooooooooooooooooooooooooo
corpus_146	41cd13c0e3ae7b5c 41559174b85f1c07 c0a28f8f603e915d c0a6f8e7273b0746 4058e23e8bd70122 42e228ee4f5e9345 c2981b7e25e5d0bd 4295e426b9228d4c c2981b7e25e5d0bb 42e2476e58d481a4 c2a2e8b85cc6ed64 4295e426b9228d4c c2a2e8b85cc6ed64 42e18ffadcd30380 c0a708c869d83b3a c0ac91df91563cc1 c083a89cb1519508 c09c13e37d4e5452 c0a176119e774162 4089e567391014d6	oooooooooooooooooooooooooooooooooooooiiooooooooooooooooooioooiiioooiooooooooooooooooooiiooooioooooooooooooooooooooooooooooooo
corpus_146@0	41cd13c0e3ae7b5c 41559174b85f1c07 c0aa362e47459b89 c098305e6bc571d2 40892441ac9f7aac 42e19fe44fe21d2e c286b85e18e35450 42854902512f7514 c286b85e18e3544c 42e19000ec499d6e c2a5bc31827869ec 42854902512f7514 c2a5bc31827869e4 42e2d07248da5dca c0afb07b9faecd57 c0a1bfdaa0059ee9 4055519cd7b34944 c0a4d8f325d29d40 c08971697df2b6fc 4097e591fb40c13a	ooooooooooooooooooooooooooooooooiooooioooooooooooooooooooioooiiioooioooooooooooooooooooiooooooooooooooooooooooooooooooooooooo
corpus_146@1	41cd13c0e3ae7b5c 41559174b85f1c07 40bae4e8dc5d323c c0d58305e6bc571d 40cf92441ac9f7ab 42e19fe44fe21d2f c286b85e18e35478 42854902512f7524 c286b85e18e35484 42e19000ec499d6f c2a5bc31827869ec 42854902512f7524 c2a5bc31827869ec 42e2d07248da5dca 40b827c230289955 c0d637fb5400b3dc 40ce2aa339af6693 40bd93866d16b161 c0d4cb8b4bef95b7 40d07e591fb40c14	ooooooooooooooooooooooooooooooooiooooioooooooooooooooooooioooiiioooioooooooooooooooooooiooooooooooooooooooooooooooooooooooooo
corpus_146_alternate	41cd13c0e3ae7b5d 41559174b85f1c07 c0a28f8f603e915d c0a6f8e7273b0746 4058e23e8bd70122 42e228ee4f5e9346 c2981b7e25e5d0bb 4295e426b9228d4c c2981b7e25e5d0b9 42e2476e58d481a5 c2a2e8b85cc6ed6c 4295e426b9228d4e c2a2e8b85cc6ed6c 42e18ffadcd30380 c0a708c869d83b3a c0ac91df91563cc1 c083a89cb1519508 c09c13e37d4e5452 c0a176119e774162 4089e567391014d6	oooooooooooooooooooooooooooooooooooooiiooooooooooooooooooioooiiioooiooooooooooooooooooiiooooioooooooooooooooooooooooooooooooo
corpus_147	41fa47ce4d269642 41772b540511d0d3 40c12dc0610b7419 c0c18ec5ae35a4ad c0b4fa19fee6775e 433087e25880495b c2ed3bbe40800ba8 c2e66ebf7864e864 c2ed3bbe40800ba8 432f377fd835566e c2e551b3d9e793a8 c2e66ebf7864e864 c2e551b3d9e793a8 433018375fc1a90d 40bc72cfa843da63 c0c4a1f2a13b0a83 c0baf711066a0ded 40c3e638256c0f48 c0bd5d781a4a567c c0aeacada898adb4	oooooooooooooooooooooooooooooooooooooioooooooooooooooooooioooioioooiooooooooooooooooooooioooooooooooooooooooooooooooooooooooo
corpus_147@0	41fa47ce4d269642 41772b540511d0d3 40c5bf30f8fa10c3 c0bef325229601b1 c07fdf7e036b815f 433109d0aa25d9e4 c2e24d2590ac7dc4 c2c893f6657c58c0 c2e24d2590ac7dc4 432dd6815b47e59c c2e5d9ded36b2730 c2c893f6657c58c0 c2e5d9ded36b2730 433046c84c92d0eb 40c3375bb77ef826 c0c25aaaebd67ca5 c09e2bcfbab73b09 40c836ef1c1bbeec c0b96a011b9f878c 408b47df4e529e99	oooooooooooooooooooooooooooooooooooooioooooooooooooooooooioooioioooiooooooooooooooooooooooooooooooooooooooooooooooooooooooooo
corpus_147@1	41fa47ce4d269642 41772b540511d0d3 40dedf987c7d0862 c0e7de64a452c035 40dd808207f251fb 433109d0aa25d9e4 c2e24d2590ac7dc0 c2c893f6657c58c0 c2e24d2590ac7dc0 432dd6815b47e59c c2e5d9ded36b2738 c2c893f6657c58c0 c2e5d9ded36b2738 433046c84c92d0eb 40dd9baddbbf7c12 c0e896aabaf59f29 40dc1d4304548c4f 40e00dbbc706efbb c0e72d402373f0f1 40deda3efa7294f5	oooooooooooooooooooooooooooooooooooooioooooooooooooooooooioooioioooiooooooooooooooooooooooooooooooooooooooooooooooooooooooooo
corpus_147_alternate	41fa47ce4d269642 41772b540511d0d3 40c12dc0610b741a c0c18ec5ae35a4ad c0b4fa19fee6775e 433087e25880495b c2ed3bbe40800ba8 c2e66ebf7864e864 c2ed3bbe40800ba8 432f377fd835566e c2e551b3d9e793a8 c2e66ebf7864e864 c2e551b3d9e793a8 433018375fc1a90d 40bc72cfa843da63 c0c4a1f2a13b0a83 c0baf711066a0ded 40c3e638256c0f48 c0bd5d781a4a567c c0aeacada898adb4	oooooooooooooooooooooooooooooooooooooioooooooooooooooooooioooioioooiooooooooooooooooooooioooooooooooooooooooooooooooooooooooo
corpus_148	422c686930fbf0cf 4195dc3122c6af82 40cafb283e78b563 c0c3fcc4ff722893 40ccf40da0bcfe9e 43827583c9b0989b c2f05134dccd5d40 c3519ee9b4ddc420 c2f05134dccd5d80 438106a0ca8175cd c336fc10a80744d0 c3519ee9b4ddc41e c336fc10a80744d0 4381f9a6557133b1 40c53d9d187a45b1 c0ca33990c6615d6 40c6d46e0aa88574 40d050c316ce233f c0bb3936755c7707 40d16c841d5e8603	oooooooooooooooooooooooooooooooooooooooooooooooooooooooooioooiiioooioooooooooooooooooooiooooooooooooooooooooooooooooooooooooo
corpus_148@0	422c686930fbf0cf 4195dc3122c6af82 40c6768ab6e7a9d2 c0c80889cad0586d 40cdb99d30a31cd5 43830cd0c1965009 434962da67593dc8 c3292c8cffff952c 434962da67593dc8 438294abae4139a1 c32ca7b02800375c c3292c8cffff952c c32ca7b028003760 437fa89cf39770dc 40c15eea5cf93ce9 c0ccd29f4721caa9 40c8e10588e1e11a 40caccc902a9915b c0c3af91f374c31a 40d146969f16f545	ooooooooooooooooooooooooooooooooooooooooooiiooooooooooooiiiooiiiooiiiooooooooooooiooooiiioooiiooooooooooooooooooooooooooooooo
corpus_148@1	422c686930fbf0cf 4195dc3122c6af82 40e99da2adb9ea75 c0f70111395a0b0e 40f2b733a614639a 43830cd0c1965009 434962da67593dcc c3292c8cffff952c 434962da67593dcc 438294abae4139a1 c32ca7b02800375c c3292c8cffff952c c32ca7b028003760 437fa89cf39770dc 40e857ba973e4f3b c0f79a53e8e43956 40f21c20b11c3c22 40eab33240aa6457 c0f675f23e6e9864 40f351a5a7c5bd51	ooooooooooooooooooooooooooooooooooooooooooiiooooooooooooiiiooiiiooiiiooooooooooooiooooiiioooiiooooooooooooooooooooooooooooooo
corpus_148_alternate	422c686930fbf0ce 4195dc3122c6af82 40cafb283e78b563 c0c3fcc4ff722893 40ccf40da0bcfe9f 43827583c9b0989b c2f05134dccd5d40 c3519ee9b4ddc420 c2f05134dccd5d80 438106a0ca8175cd c336fc10a80744d0 c3519ee9b4ddc41e c336fc10a80744d0 4381f9a6557133b1 40c53d9d187a45b1 c0ca33990c6615d6 40c6d46e0aa88574 40d050c316ce233f c0bb3936755c7707 40d16c841d5e8603	oooooooooooooooooooooooooooooooooooooooooooooooooooooooooioooiiioooioooooooooooooooooooiooooooooooooooooooooooooooooooooooooo
corpus_149	425787932cb1d8fd 41b5711393053471 c0d9f323e5fbfefb 40d2a2e74c804809 40bf74183e75c4a8 43cafe9194d3ee1c c385825b4c2a793a c35cc37918b5c378 c385825b4c2a793a 43c8924a75471c7f c38b31e07ecdbc08 c35cc37918b5c378 c38b31e07ecdbc0c 43cdb43d9963408c c0de68a3c79f00ff 40c9a660586ebd63 40a918b811529588 c0d516eb6f5b4a6d 40d7c3d4c3490bea 40c8dc95af133740	oooooooooooooooooooooooooooooooooooooiiooooooooooooooooooioooooooooiooooooooooooooooooooooooooooooooooooooooooooooooooooooooo
corpus_149@0	425787932cb1d8fd 41b5711393053471 c0db09537cfddb9b 40cee09666a47992 40c547d4b83c8df5 43cb4e368cb05a04 c35b21de09444980 c38387396c7c0152 c35b21de09444980 43cbd4521a698774 c39811cfc40f027c c38387396c7c0150 c39811cfc40f027c 43ca2290fc6469a6 c0dfb70915a17eeb 40c30841ea85a53a 40b3de4e51e5fbf0 c0d5fccf7aba2b8a 40d5019814ba3b34 40d035e1412e0dbc	oooooooooooooooooooooooooooooooooooooioooooooooooooooooooooooioioooiooooooooooooooooooooooooooooooooooooooooooooooooooooooooo
corpus_149@1	425787932cb1d8fd 41b5711393053471 40ea7b5641811233 c10211f69995b867 4100547d4b83c8df 43cb4e368cb05a04 c35b21de09444960 c38387396c7c014e c35b21de09444960 43cbd4521a698774 c39811cfc40f027c c38387396c7c014e c39811cfc40f027c 43ca2290fc6469a6 40e8247b752f408b c102cf7be157a5ac 40ff3de4e51e5fbf 40ed019842a2ea3b c1015fccfd68b89a 410106bc2825c1b7	oooooooooooooooooooooooooooooooooooooioooooooooooooooooooooooioioooiooooooooooooooooooooooooooooooooooooooooooooooooooooooooo
corpus_149_alternate	425787932cb1d8fd 41b5711393053470 c0d9f323e5fbfefc 40d2a2e74c804809 40bf74183e75c4a6 43cafe9194d3ee1c c385825b4c2a793a c35cc37918b5c378 c385825b4c2a793a 43c8924a75471c7f c38b31e07ecdbc08 c35cc37918b5c378 c38b31e07ecdbc0c 43cdb43d9963408c c0de68a3c79f00ff 40c9a660586ebd63 40a918b811529588 c0d516eb6f5b4a6d 40d7c3d4c3490bea 40c8dc95af133740	oooooooooooooooooooooooooooooooooooooiiooooooooooooooooooioooooooooiooooooooooooooooooooooooooooooooooooooooooooooooooooooooo
corpus_150	3dd0894621de82aa 3eaf7dd68738fdc4 bf2266dfcaae5d70 3f63aab3cdf1d837 3f560e855775bf99 3c41b6948d88f47f 3c1c534abfc2ef64 3c0b6b9ed48d8504 3c1c534abfc2ef64 3c3c8a647004c3cd 3c064f9cd4b3d2a6 3c0b6b9ed48d8508 3c064f9cd4b3d2a6 3c403de4da14039a bf3cea1f75ddbb44 3f610a8de490f432 3f50dd391b3a8e32 3f20a9baaffd46c2 3f665fc8f2c91630 3f5ae5b2c916d35a	oooooooooooooooooooooooooooooooooooooooooooooooooooooooooooooiiioooiooooooooooooooooooooooooooooooooooooooooooooooooooooooooo
corpus_150@0	3dd0894621de82aa 3eaf7dd68738fdc4 bf49e636b26a06fd bf31e23f3d29fa6d 3f6583557ed8d665 3c3b04a6bd1c2166 bbf92db6292d0af0 3c079d00d33df02c bbf92db6292d0aec 3c4156836729c704 3c1c78bed9989b78 3c079d00d33df02c 3c1c78bed9989b7c 3c4160d4d9e78248 bf518d64f38131cc bf42cae2a7621dad 3f6338de6022739b bf3ef2ecafbd274a 3ef0982e93df5ed0 3f6804706068c8e3	oooooooooooooooooooooooooooooooooooooiooooooooooooooooooooooooiooooooooooooooooooooooooiooooooooooooooooooooooooooooooooooooo
corpus_150@1	3dd0894621de82aa 3eaf7dd68738fdc4 3f70c33929b2bf20 bf848f11f9e94fd3 3f8460d55fb6359a 3c3b04a6bd1c2166 bbf92db6292d0af0 3c079d00d33df02d bbf92db6292d0aec 3c4156836729c704 3c1c78bed9989b78 3c079d00d33df02e 3c1c78bed9989b7c 3c4160d4d9e78248 3f6f394d863f6718 bf852cae2a7621da 3f83ce3798089ce7 3f7210d135042d8c bf83f7b3e8b61050 3f85011c181a3239	oooooooooooooooooooooooooooooooooooooiooooooooooooooooooooooooiooooooooooooooooooooooooiooooooooooooooooooooooooooooooooooooo
corpus_150_alternate	3dd0894621de82a9 3eaf7dd68738fdc3 bf2266dfcaae5d70 3f63aab3cdf1d837 3f560e855775bf99 3c41b6948d88f47f 3c1c534abfc2ef64 3c0b6b9ed48d8504 3c1c534abfc2ef64 3c3c8a647004c3cc 3c064f9cd4b3d2aa 3c0b6b9ed48d8508 3c064f9cd4b3d2a6 3c403de4da14039a bf3cea1f75ddbb44 3f610a8de490f432 3f50dd391b3a8e32 3f20a9baaffd46c2 3f665fc8f2c91630 3f5ae5b2c916d35a	oooooooooooooooooooooooooooooooooooooooooooooooooooooooooooooiiioooiooooooooooooooooooooooooooooooooooooooooooooooooooooooooo
corpus_151	3e0b3e82b40453ec 3ed8eb12b2215cb7 3f6aa0d5c1cfed23 3f732539094e57f7 bf6d70924d6ff31b 3ca078e8d905269a bc591b3c8dd18f28 bc5828264db71638 bc591b3c8dd18f2c 3ca224e800629bd8 3c3e0e751e855840 bc5828264db71638 3c3e0e751e855840 3ca0de7baef3a07f 3f64a304e39fd9f8 3f7043f0ff37e482 bf71deb7f75340e6 3f70398d68c25593 3f76089cbf4384f7 bf67757993fbeca5	oooooooooooooooooooooooooooooooooooooooooooooooooooooooooioooioioooioooooooooooooooooooiooooooooooooooooooooooooooooooooooooo
corpus_151@0	3e0b3e82b40453ec 3ed8eb12b2215cb7 bf6899b653640af7 3f56c80f2faae4c8 3f7804058ac0b205 3ca1e3e340809df9 3c52ed338c5ba758 3c55d27f0fb0fdc0 3c52ed338c5ba746 3c9fe706ea5bf2de 3c4175d524f40c10 3c55d27f0fb0fdc0 3c4175d524f40c10 3ca1a4e5d2accb88 bf6f0575f7cd54e4 3f464b810b050575 3f7512ae9478420f bf62ab88c513a454 3f603eb48b311ecf 3f7acbfe569dc285	oooooooooooooooooooooooooooooooooooooooooooooooooooooooooioooioiooiiioooooooooooooooooooooooooooooooooooooooooooooooooooooooo
corpus_151@1	3e0b3e82b40453ec 3ed8eb12b2215cb7 3f7bb324d64dfa85 bf92937f0d0551b3 3f95010162b02c80 3ca1e3e340809df9 3c52ed338c5ba760 3c55d27f0fb0fdd0 3c52ed338c5ba756 3c9fe706ea5bf2df 3c4175d524f40c20 3c55d27f0fb0fdd0 3c4175d524f40c20 3ca1a4e5d2accb89 3f787d450419558e bf934da3f7a7d7d5 3f9444aba51e1084 3f7eaa3b9d762dd6 bf91f8296e99dc27 3f95b2ff95a770a1	oooooooooooooooooooooooooooooooooooooooooooooooooooooooooioooioiooiiioooooooooooooooooooooooooooooooooooooooooooooooooooooooo
corpus_151_alternate	3e0b3e82b40453ec 3ed8eb12b2215cb7 3f6aa0d5c1cfed23 3f732539094e57f7 bf6d70924d6ff31b 3ca078e8d905269a bc591b3c8dd18f20 bc5828264db71630 bc591b3c8dd18f24 3ca224e800629bd6 3c3e0e751e855800 bc5828264db71630 3c3e0e751e855800 3ca0de7baef3a07f 3f64a304e39fd9f8 3f7043f0ff37e482 bf71deb7f75340e6 3f70398d68c25593 3f76089cbf4384f7 bf67757993fbeca5	oooooooooooooooooooooooooooooooooooooooooooooooooooooooooioooioioooioooooooooooooooooooiooooooooooooooooooooooooooooooooooooo
corpus_152	3e467cae66c8ebe1 3efd53e212262e58 bf7634494d4b2800 bf6fae08dd009cad bf7a9b788175db4d 3d036fcaec12c6a0 3c9775335b24f9b0 3cbedcae8b39b8d8 3c9775335b24f9a0 3d0241bbf76ecd3c bcc3d37637f46b98 3cbedcae8b39b8dc bcc3d37637f46ba4 3d02145aaced2168 bf7c71a375abfe1c bf76e4b45a49650b bf8111ef4bfae6e6 bf704509f94f5afe bf61443edd209568 bf73eaf922a1a3e0	oooooooooooooooooooooooooooooooooooooioooooooooooooooooooioooiiioooioooooooooooooooooooiooooooooooooooooooooooooooooooooooooo
corpus_152@0	3e467cae66c8ebe1 3efd53e212262e58 bf73af6028b40f58 bf690f10363472e9 bf7e1f798e0ea9cb 3d033b3d31949899 3c983b890d8bc940 3cc11b69afdb75c4 3c983b890d8bc950 3d027614ba5f0278 bcc3bac737049290 3cc11b69afdb75c8 bcc3bac737049290 3d02148fa47b1a32 bf7a235569d19fc8 bf73769d1a080174 bf82c275ea06fabf bf6acf3c83262a63 bf55d214ecee9131 bf773c2fa79b96a1	oooooooooooooooooooooooooooooooooooooioooooooooooooooooooioooiiioooioooooooooooooooooooiooooooooooooooooooooooooooooooooooooo
corpus_152@1	3e467cae66c8ebe1 3efd53e212262e58 3f8e284feba5f852 bfa590f10363472f 3f9678219c7c558d 3d033b3d31949899 3c983b890d8bc920 3cc11b69afdb75c8 3c983b890d8bc940 3d027614ba5f0278 bcc3bac737049290 3cc11b69afdb75c8 bcc3bac737049290 3d02148fa47b1a32 3f8aee554b17301c bfa66ed3a341002f 3f949ec50afc82a1 3f90a6186f9b3ab4 bfa4ae90a767748a 3f9830f416191a58	oooooooooooooooooooooooooooooooooooooioooooooooooooooooooioooiiioooioooooooooooooooooooiooooooooooooooooooooooooooooooooooooo
corpus_152_alternate	3e467cae66c8ebe1 3efd53e212262e58 bf7634494d4b27ff bf6fae08dd009cad bf7a9b788175db4d 3d036fcaec12c6a0 3c9775335b24f9a0 3cbedcae8b39b8d4 3c9775335b24f990 3d0241bbf76ecd3e bcc3d37637f46ba4 3cbedcae8b39b8d0 bcc3d37637f46b9c 3d02145aaced2168 bf7c71a375abfe1c bf76e4b45a49650b bf8111ef4bfae6e6 bf704509f94f5afe bf61443edd209568 bf73eaf922a1a3e0	oooooooooooooooooooooooooooooooooooooioooooooooooooooooooioooiiioooioooooooooooooooooooiooooooooooooooooooooooooooooooooooooo
corpus_153	3e72572b5c492485 3f1e5f26d56f2daa 3f8e416b0ca44e76 bf76c63b0e474274 bf8da24cf2e279a8 3d4f9fb6daec4347 bd058ca314087a57 bcef8a3e2db7f61c bd058ca314087a57 3d4e5402bb7a14c1 bcd7f6d488799640 bcef8a3e2db7f620 bcd7f6d488799638 3d47e5c6e1dddfbc 3f89306847ef7299 bf806ff7b1eb4205 bf9182087d0989de 3f91a40ed73d225f bf6a5bace1c16d46 bf883ea9482cd77e	ooooooooooooooooooooooooooooooooooooiiioooooooooooooooooiiioooooooiiioooooooooooooooooiiioooooooooooooooooooooooooooooooooooo
corpus_153@0	3e72572b5c492485 3f1e5f26d56f2daa 3f8ba8f4d5aa7510 bf81ab492e4de7f8 bf8d15e4302a25a3 3d4e56670e9182eb bd07408653f286a2 3ce8dabc95402298 bd07408653f2869a 3d4f5e94e787df52 3d04b0ef1e5ebd58 3ce8dabc95402298 3d04b0ef1e5ebd54 3d482484822ad58d 3f8628041dec3fc4 bf8790f4b3fe5bf1 bf918086668ef014 3f908ac4357aebc3 bf77f602568857ce bf8733ed76a6915b	oooooooooooooooooooooooooooooooooooooiiooooooooooooooooooioooioioooiooooooooooooooooooiiooooooooooooooooooooooooooooooooooooo
corpus_153@1	3e72572b5c492485 3f1e5f26d56f2daa 3faaea3d356a9d44 bfb6356925c9bcff 3fa6ba86f3f57698 3d4e56670e9182eb bd07408653f286a2 3ce8dabc95402298 bd07408653f2869a 3d4f5e94e787df52 3d04b0ef1e5ebd58 3ce8dabc95402298 3d04b0ef1e5ebd54 3d482484822ad58d 3fa98a01077b0ff1 bfb6f21e967fcb7f 3fa53fbcccb887f7 3fac45621abd75e2 bfb57f602568857c 3fa83304a2565baa	oooooooooooooooooooooooooooooooooooooiiooooooooooooooooooioooioioooiooooooooooooooooooiiooooooooooooooooooooooooooooooooooooo
corpus_153_alternate	3e72572b5c492485 3f1e5f26d56f2daa 3f8e416b0ca44e76 bf76c63b0e474274 bf8da24cf2e279a8 3d4f9fb6daec4347 bd058ca314087a57 bcef8a3e2db7f61c bd058ca314087a57 3d4e5402bb7a14c1 bcd7f6d488799640 bcef8a3e2db7f620 bcd7f6d488799638 3d47e5c6e1dddfbc 3f89306847ef7299 bf806ff7b1eb4205 bf9182087d0989de 3f91a40ed73d225f bf6a5bace1c16d46 bf883ea9482cd77e	ooooooooooooooooooooooooooooooooooooiiioooooooooooooooooiiioooooooiiioooooooooooooooooiiioooooooooooooooooooooooooooooooooooo
corpus_154	3e9992669faae19f 3f360913aeeb1d27 3f8d865bcc18ae76 3f91970651b83c8a bfa3d404ffd62a2b 3d8d6bfa4571b56d 3d4be0621b8cd8ac bd3995922d2b7c20 3d4be0621b8cd8ac 3d8d7d60aff5c256 3d3b4cc526127840 bd3995922d2b7c10 3d3b4cc526127840 3d8d5ff9fe3b5f84 3f82e9bffab92626 3f8725c1d03d42a6 bfa6b6af9e78b4bf 3f94ed4581ace659 3f96e7c3dd730bba bfa10e70a35b8967	oooooooooooooooooooooooooooooooooooooioooooooooooooooooooiooooiioooioooooooooooooooooooiooooooooooooooooooooooooooooooooooooo
corpus_154@0	3e9992669faae19f 3f360913aeeb1d27 3f816698d60584ba bf9e00ea945c00e7 bfa0c371d75ef563 3d8d64828e3fa7b9 3d15b13470a24520 bd4ffa6bba2fcb64 3d15b13470a24500 3d8e0845fd4c09c1 bd19439e992c09a0 bd4ffa6bba2fcb64 bd19439e992c0990 3d8cdc8c681725c5 3f6eb7d112f5e1a0 bfa133a5d0c53b3a bfa328403fdd4ae3 3f8cea9b68b19e35 bf9973b54442c97e bf9bfe6180ac027c	ooooooooooooooooooooooooooooooooioooiioooooooooooooooooooioooiioooiioooooooooooooooooooiooooioooooooooooooooooooooooooooooooo
corpus_154@1	3e9992669faae19f 3f360913aeeb1d27 3fb62cd31ac0b097 bfc7c01d528b801d 3fb59e471450854e 3d8d64828e3fa7b9 3d15b13470a24520 bd4ffa6bba2fcb64 3d15b13470a24500 3d8e0845fd4c09c1 bd19439e992c09a0 bd4ffa6bba2fcb64 bd19439e992c0990 3d8cdc8c681725c5 3fb4f5be8897af0d bfc84ce974314ece 3fb46bdfe0115a8f 3fb79d536d1633c6 bfc72e76a8885931 3fb700679fd4ff61	ooooooooooooooooooooooooooooooooioooiioooooooooooooooooooioooiioooiioooooooooooooooooooiooooioooooooooooooooooooooooooooooooo
corpus_154_alternate	3e9992669faae19e 3f360913aeeb1d27 3f8d865bcc18ae76 3f91970651b83c8a bfa3d404ffd62a2b 3d8d6bfa4571b56b 3d4be0621b8cd8a0 bd3995922d2b7c30 3d4be0621b8cd8a0 3d8d7d60aff5c255 3d3b4cc526127840 bd3995922d2b7c20 3d3b4cc526127838 3d8d5ff9fe3b5f84 3f82e9bffab92626 3f8725c1d03d42a6 bfa6b6af9e78b4bf 3f94ed4581ace659 3f96e7c3dd730bba bfa10e70a35b8967	oooooooooooooooooooooooooooooooooooooioooooooooooooooooooiooooiioooioooooooooooooooooooiooooooooooooooooooooooooooooooooooooo
corpus_155	3ec85531a0e2ccfe 3f5763aa3120fdd6 3fa1e02e9bd990a2 bfab9bc406601c68 bfa4271c2caa6810 3ddca8a7e11dd29f bd4da77ea9982a80 3d9278592b6de084 bd4da77ea9982a80 3ddcf9205dfc8d66 3da3484443a6b18c 3d9278592b6de084 3da3484443a6b18c 3ddccb65421ce8cd 3f97c59a16c04b11 bfb0e80f7f4cbbfd bfaa1f5f1e952b2d 3fa712b4a8271e2e bfa5f74c167f014f bf9c9eacea97eceb	oooooooooooooooooooooooooooooooooooooioooooooooooooooooooioooooioooiooooooooooooooooooooooooooooooooooooooooooooooooooooooooo
corpus_155@0	3ec85531a0e2ccfe 3f5763aa3120fdd6 3fa3709ccb2ada05 3fa79c7b83d1c07e 3fa7815e7df2d77b 3ddb70e70c355db8 3d9c49c910d9e8b8 3d8bb6d3b8b3f0dd 3d9c49c910d9e8b8 3ddeb8e32816a195 bd83b6ce9cf83b68 3d8bb6d3b8b3f0dd bd83b6ce9cf83b6c 3ddc43634ceb4988 3f9bc608087e4765 3fa2a6914c11c9e5 3fa2272548fb03da 3fa965e98d3c3f70 3faca92c8d5fe4ea 3fac45bc1994719f	oooooooooooooooooooooooooooooooooooooioooooooooooooooooooioooioiooooiooooooooooooooooooiooooooooooooooooooooooooooooooooooooo
corpus_155@1	3ec85531a0e2ccfe 3f5763aa3120fdd6 3fc8dc2732cab681 bfd10c708f85c7f0 3fd1f02bcfbe5af0 3ddb70e70c355db8 3d9c49c910d9e8b8 3d8bb6d3b8b3f0e1 3d9c49c910d9e8b8 3ddeb8e32816a195 bd83b6ce9cf83b68 3d8bb6d3b8b3f0d9 bd83b6ce9cf83b6c 3ddc43634ceb4988 3fc778c1010fc8ed bfd1ab2dd67dc6c3 3fd144e4a91f607b 3fca597a634f0fdc bfd06ada6e540363 3fd288b783328e34	oooooooooooooooooooooooooooooooooooooioooooooooooooooooooioooioiooooiooooooooooooooooooiooooooooooooooooooooooooooooooooooooo
corpus_155_alternate	3ec85531a0e2ccfe 3f5763aa3120fdd6 3fa1e02e9bd990a2 bfab9bc406601c68 bfa4271c2caa6810 3ddca8a7e11dd29f bd4da77ea9982a00 3d9278592b6de080 bd4da77ea9982a00 3ddcf9205dfc8d66 3da3484443a6b18c 3d9278592b6de080 3da3484443a6b18c 3ddccb65421ce8ce 3f97c59a16c04b11 bfb0e80f7f4cbbfd bfaa1f5f1e952b2d 3fa712b4a8271e2e bfa5f74c167f014f bf9c9eacea97eceb	oooooooooooooooooooooooooooooooooooooioooooooooooooooooooioooooioooiooooooooooooooooooooooooooooooooooooooooooooooooooooooooo
corpus_156	3ef4ab28db54b5f5 3f71224e5f00d5e8 bfc1038a400a4b3a 3fb029485cbe8a1c bfa725af2c8c303b 3e26417ab8880170 bde49ef0c745a1c8 bde2af48741693f8 bde49ef0c745a1c8 3e2405b5a8f3d18e 3dec32e8a743d378 bde2af48741693fc 3dec32e8a743d378 3e238f72868cab75 bfc3816f3a657f98 3fa568e5c5a2487c bfb0fd8b1a38fd3b bfbd4f7c869366f9 3fb5688b7eb03161 bf987089af316012	oooooooooooooooooooooooooooooooooooooioooooooooooooooooooioooiiioooioooooooooooooooooooiooooooooooooooooooooooooooooooooooooo
corpus_156@0	3ef4ab28db54b5f5 3f71224e5f00d5e8 bfc35549dbfc76fc 3f69301e4dbec640 3f9e483040d472a5 3e2492bedfb24e72 bdbb50f5aeb8a780 bdf3d863fe1577e8 bdbb50f5aeb8a740 3e243e55782b0fad 3de5cdac1a35adb6 bdf3d863fe1577e8 3de5cdac1a35adb6 3e25058e902b2056 bfc5e67faa1e9d68 bf915ca66ff3ad4d 3f8b26ed70e0c08c bfc0a42a6e429f41 3f97176d036c074e 3fa6f4a5256106db	ooooooooooooooooooooooooooooooooooooiioooooooooooooooooooiiooiiiooiiiooooooooooooooooooiooooooooooooooooooooooooooooooooooooo
corpus_156@1	3ef4ab28db54b5f5 3f71224e5f00d5e8 3fc4aab624038904 bfe3e6cfe1b2413a 3fdfe483040d472a 3e2492bedfb24e72 bdbb50f5aeb8a780 bdf3d863fe1577e6 bdbb50f5aeb8a740 3e243e55782b0fad 3de5cdac1a35adb6 bdf3d863fe1577e6 3de5cdac1a35adb6 3e25058e902b2056 3fc2198055e16298 bfe48ae5337f9d6a 3fded9376b870604 3fc75bd591bd60bf bfe3474497e49fc6 3fe06f4a5256106e	ooooooooooooooooooooooooooooooooooooiioooooooooooooooooooiiooiiiooiiiooooooooooooooooooiooooooooooooooooooooooooooooooooooooo
corpus_156_alternate	3ef4ab28db54b5f4 3f71224e5f00d5e8 bfc1038a400a4b3a 3fb029485cbe8a1c bfa725af2c8c303b 3e26417ab8880170 bde49ef0c745a1c8 bde2af48741693f8 bde49ef0c745a1c0 3e2405b5a8f3d18e 3dec32e8a743d378 bde2af48741693f4 3dec32e8a743d378 3e238f72868cab75 bfc3816f3a657f98 3fa568e5c5a2487c bfb0fd8b1a38fd3b bfbd4f7c869366f9 3fb5688b7eb03161 bf987089af316012	oooooooooooooooooooooooooooooooooooooioooooooooooooooooooioooiiioooioooooooooooooooooooiooooooooooooooooooooooooooooooooooooo
corpus_157	3f2c13a6a71054aa 3f97e452deaf1b0b bf7b2f753de78d61 3fc556dbdb9b4b85 3fa8827204fe9e8c 3e80f248454e8e76 be0909c912aa53e3 3e33f343a8680690 be0909c912aa53e5 3e834bd6854a33ff be161f7c432aba99 3e33f343a8680690 be161f7c432aba9b 3e80f5b8f3ea656a bfabec01deb3d0ba 3fc0f9aa38eb653d 3f3f6197514447c0 3fa52f1f0cd68584 3fc977bc34672bec 3fb893efe026db6e	oooooooooooooooooooooooooooooooooooooioooooooooooooooooooioooiiioooioooooooooooooooooooiooooooooooooooooooooooooooooooooooooo
corpus_157@0	3f2c13a6a71054aa 3f97e452deaf1b0b bfc63538f543c03d bf7537bf0a9e9a5c 3f33f9fd4af71350 3e82f7c04c33f09c 3e3ba008a3670fe4 3dd8384de5362e00 3e3ba008a3670fe4 3e810926c5c6170b be3353f565c56568 3dd8384de5362e00 be3353f565c56568 3e8132f0ac892037 bfcb1c51fd65e38c bfa9bb7d9726af0a bfa82cf7fca9127a bfc14ec537cd162d 3fa4ee70fe7e319e 3fa816b13c4af6c8	oooooooooooooooooooooooooooooooooooooioooooooooooooooooooioooiiioooioooooooooooooooooooiooooooooooooooooooooooooooooooooooooo
corpus_157@1	3f2c13a6a71054aa 3f97e452deaf1b0b 3fdce563855e1fe1 bff41537bf0a9e9b 3fee027f3fa95ee2 3e82f7c04c33f09c 3e3ba008a3670fe4 3dd8384de5362f00 3e3ba008a3670fe4 3e810926c5c6170b be3353f565c56568 3dd8384de5362f00 be3353f565c56568 3e8132f0ac892037 3fda71d7014d0e3a bff4cddbecb93579 3fec7d3080356ed9 3fdf589d641974eb bff3588c780c0e73 3fef816b13c4af6c	oooooooooooooooooooooooooooooooooooooioooooooooooooooooooioooiiioooioooooooooooooooooooiooooooooooooooooooooooooooooooooooooo
corpus_157_alternate	3f2c13a6a71054a9 3f97e452deaf1b0b bf7b2f753de78d67 3fc556dbdb9b4b85 3fa8827204fe9e8b 3e80f248454e8e76 be0909c912aa53ef 3e33f343a8680680 be0909c912aa53f0 3e834bd6854a33fd be161f7c432aba99 3e33f343a8680680 be161f7c432aba9b 3e80f5b8f3ea656a bfabec01deb3d0ba 3fc0f9aa38eb653d 3f3f6197514447c0 3fa52f1f0cd68584 3fc977bc34672bec 3fb893efe026db6e	oooooooooooooooooooooooooooooooooooooioooooooooooooooooooioooiiioooioooooooooooooooooooiooooooooooooooooooooooooooooooooooooo
corpus_158	3f55ccb9f83403c5 3fb29b9d26d7e2ac 3fe1e8b3a5b49338 3fae61220d12c1c9 bfdaab315ebe72e4 3ec46cfff2b4dda1 3e83faab1d792ad4 be794ad3ce5c6e60 3e83faab1d792ad4 3ec7eb590826cc45 be7452ea15af5e00 be794ad3ce5c6e60 be7452ea15af5e00 3ec87dea716f8704 3fddcf17c87858db bf966d61d1ec3bf5 bfe01f2f9879d19e 3fe457637780d9ab 3fc14c186e93de64 bfd561c0e33c3a37	oooooooooooooooooooooooooooooooooooooioooooooooooooooooooioooiiooooioooooooooooooooooooiooooooooooooooooooooooooooooooooooooo
corpus_158@0	3f55ccb9f83403c5 3fb29b9d26d7e2ac 3fdeb5ee99b38089 3fb422c194ba8fdd bfe0200a799a2968 3ec4077c4862db1d 3e71a9a4bdc0db4a be4e5bcad46dd190 3e71a9a4bdc0db4b 3ec8015a0124aef2 be784368d4e423d0 be4e5bcad46dd170 be784368d4e423d0 3ec8cd6d22c3a6e2 3fd92501b501adad bf7fabc2a78958c0 bfe2bc96f382660c 3fe192e224822fc9 3fc3c1a00d297148 bfdb7f376b856f92	oooooooooooooooooooooooooooooooooooooioooooooooooooooooooioooiiooooioooooooooooooooooooiioooioooooooooooooooooooooooooooooooo
corpus_158@1	3f55ccb9f83403c5 3fb29b9d26d7e2ac 3ffbad7ba66ce022 c0035ee9f35a2b81 3ff5effac332eb4b 3ec4077c4862db1d 3e71a9a4bdc0db4a be4e5bcad46dd190 3e71a9a4bdc0db4a 3ec8015a0124aef2 be784368d4e423d0 be4e5bcad46dd180 be784368d4e423d0 3ec8cd6d22c3a6e2 3ffa49406d406b6b c0040fd5e153c4ac 3ff4a1b4863eccfa 3ffcc971124117e4 c002c3e5ff2d68ec 3ff72032251ea41a	oooooooooooooooooooooooooooooooooooooioooooooooooooooooooioooiiooooioooooooooooooooooooiioooioooooooooooooooooooooooooooooooo
corpus_158_alternate	3f55ccb9f83403c6 3fb29b9d26d7e2ac 3fe1e8b3a5b49337 3fae61220d12c1c9 bfdaab315ebe72e4 3ec46cfff2b4dda1 3e83faab1d792ad6 be794ad3ce5c6e48 3e83faab1d792ad6 3ec7eb590826cc44 be7452ea15af5e00 be794ad3ce5c6e50 be7452ea15af5df0 3ec87dea716f8703 3fddcf17c87858db bf966d61d1ec3bf5 bfe01f2f9879d19e 3fe457637780d9ab 3fc14c186e93de64 bfd561c0e33c3a37	oooooooooooooooooooooooooooooooooooooioooooooooooooooooooioooiiooooioooooooooooooooooooiooooooooooooooooooooooooooooooooooooo
corpus_159	3f8dafa4094da223 3fd94364c02c330b 3f8666d53f05f7c2 bfe0a0c848ec8678 3fb2cf0fb2f19c5a 3f24555ca2c0cbb4 bee795d86f6652ce 3ed98f5fec545e50 bee795d86f6652cf 3f22de116642b1b0 bed6c767787bfcd4 3ed98f5fec545e40 bed6c767787bfcd4 3f23d3068e640e6e bfc6b0dff0a950d4 bfe70e077822a72a bfbbe422cf92bad0 3fc82387e77ade9e bfd6ce7e101ba7fd 3fcfb33baef26482	oooooooooooooooooooooooooooooooooooooioooooooooooooooooooioooioioooioooooooooooooooooooiooooooooooooooooooooooooooooooooooooo
corpus_159@0	3f8dafa4094da223 3fd94364c02c330b 3fd449ae74d51cbe 3fd557bc600f4d2b bfd02b7874771d00 3f232c5c9938c3b7 bed58871481d3f30 bed7da5eaf108888 bed58871481d3f40 3f224e8c5ae1824c 3ebd66bee65cf050 bed7da5eaf108888 3ebd66bee65cf060 3f258b8ba34d45cb 3fc059b321eb6f32 3fc207f4d9e137e8 bfdad5e534f0f1fe 3fe0de4c04e3d23e 3fe1240e3bee36f8 bfb462d835e01666	oooooooooooooooooooooooooooooooooooooioooooooooooooooooooioooioioooiooooooooooooooooooooooooooooooooooooooooooooooooooooooooo
corpus_159@1	3f8dafa4094da223 3fd94364c02c330b 40068935ce9aa397 c012aa8439ff0b2d 400bfa90f1711c60 3f232c5c9938c3b7 bed58871481d3f20 bed7da5eaf108890 bed58871481d3f28 3f224e8c5ae1824d 3ebd66bee65cefd0 bed7da5eaf108888 3ebd66bee65cf000 3f258b8ba34d45cd 4005059b321eb6f2 c0136fc05930f641 400aa5435961e1c0 400837930138f48e c011db7e38823921 400d5ce93e50ff4d	oooooooooooooooooooooooooooooooooooooioooooooooooooooooooioooioioooiooooooooooooooooooooooooooooooooooooooooooooooooooooooooo
corpus_159_alternate	3f8dafa4094da222 3fd94364c02c330a 3f8666d53f05f7c0 bfe0a0c848ec8678 3fb2cf0fb2f19c59 3f24555ca2c0cbb4 bee795d86f6652d1 3ed98f5fec545e38 bee795d86f6652d1 3f22de116642b1b0 bed6c767787bfccc 3ed98f5fec545e30 bed6c767787bfccc 3f23d3068e640e6f bfc6b0dff0a950d4 bfe70e077822a72a bfbbe422cf92bad0 3fc82387e77ade9e bfd6ce7e101ba7fd 3fcfb33baef26482	oooooooooooooooooooooooooooooooooooooioooooooooooooooooooioooioioooioooooooooooooooooooiooooooooooooooooooooooooooooooooooooo
corpus_160	3fb7a9932d00c865 3ff376eee538bc41 3ffc09c09c2a7adb 3fdb2fcd56911268 c00212ff8ea106c1 3f6ac200a5bb42f7 3f23cdb1a26df710 bf030aef32b4e420 3f23cdb1a26df718 3f681ec50c7cddde 3f282aa4c2fc7050 bf030aef32b4e420 3f282aa4c2fc7048 3f6a7b3e0038e50e 3ff5fd4af9d412e2 3f99c2128bde7124 c004cb2d2639f4d3 4000a7672e209630 3fe928d2f2b18553 bffe8f67d1868f71	oooooooooooooooooooooooooooooooooooooioooooooooooooooooooioooiiioooioooooooooooooooooooiooooooooooooooooooooooooooooooooooooo
corpus_160@0	3fb7a9932d00c865 3ff376eee538bc41 c0003356d8bb407b bffe6ec5ebe12bcd bfe989f13022a913 3f6a9fa703e53542 3f07b78301bf9440 bf26fdd184440e38 3f07b78301bf9400 3f6a8291b0a837ad 3f26766da6fd5f08 bf26fdd184440e40 3f26766da6fd5f0c 3f6839cafde398f2 c002f064e4891b40 c001d24abc3c2ea2 bff2dbb8db30c2db bffad45531452417 bff85d06b95f4c99 bfd9b26a48c51219	oooooooooooooooooooooooooooooooooooooioooooooooooooooooooioooiiioooioooooooooooooooooooiooooooooooooooooooooooooooooooooooooo
corpus_160@1	3fb7a9932d00c865 3ff376eee538bc41 4007cca92744bf85 c027cdd8bd7c257a 401acec1d9fbaade 3f6a9fa703e53542 3f07b78301bf9440 bf26fdd184440e38 3f07b78301bf9420 3f6a8291b0a837ad 3f26766da6fd5f0c bf26fdd184440e40 3f26766da6fd5f08 3f6839cafde398f2 40050f9b1b76e4c0 c0287492af0f0ba9 40194911c933cf48 400a95d5675d6df5 c0270ba0d72be993 401c64d95b73aede	oooooooooooooooooooooooooooooooooooooioooooooooooooooooooioooiiioooioooooooooooooooooooiooooooooooooooooooooooooooooooooooooo
corpus_160_alternate	3fb7a9932d00c865 3ff376eee538bc41 3ffc09c09c2a7adb 3fdb2fcd56911267 c00212ff8ea106c1 3f6ac200a5bb42f6 3f23cdb1a26df700 bf030aef32b4e460 3f23cdb1a26df708 3f681ec50c7cddde 3f282aa4c2fc7044 bf030aef32b4e440 3f282aa4c2fc7050 3f6a7b3e0038e50e 3ff5fd4af9d412e2 3f99c2128bde7124 c004cb2d2639f4d3 4000a7672e209630 3fe928d2f2b18553 bffe8f67d1868f71	oooooooooooooooooooooooooooooooooooooioooooooooooooooooooioooiiioooioooooooooooooooooooiooooooooooooooooooooooooooooooooooooo
corpus_161	3fe84725911f4c33 4016a28fb16647f8 4005151c3bc0eec3 c01401676bae6373 c00730ccf25a0fc5 3fbbc324edde7d3b 3f5bd331eb651400 bf515d5d756c9850 3f5bd331eb6513e0 3fbc564cd952bcaa bf50f9278f4d0140 bf515d5d756c9840 bf50f9278f4d0120 3fbc26ce6b0d3de6 3ffea5114444a546 c016baaeb636cbe9 c00d9e1f77662e53 400adbbee42f330b c010fc9a9d6c4969 c0017fd0adc5648d	oooooooooooooooooooooooooooooooooooooioooooooooooooooooooioooioooooioooooooooooooooooooiooooooooooooooooooooooooooooooooooooo
corpus_161@0	3fe84725911f4c33 4016a28fb16647f8 4005726d93389485 c0139076763067ed c008557093ad17c6 3fbbbf3dccba5cce 3f5b9ebfddb9bf80 bf5043ddc83a77a0 3f5b9ebfddb9bf80 3fbc5cb1d53dad9b bf5110764c6942e0 bf5043ddc83a77a0 bf5110764c6942e0 3fbc245090466d63 3fff6a360d78ef87 c0164940e0b3e618 c00ebfe50f2d86ab 400b34859a15c912 c0109163d353f15e c002b18f7ea6aeef	oooooooooooooooooooooooooooooooooooooioooooooooooooooooooioooioooooooooooooooooooooooooiooooooooooooooooooooooooooooooooooooo
corpus_161@1	3fe84725911f4c33 4016a28fb16647f8 40295c9b64ce2521 c038e41d9d8c19fc 4027eaa3db14ba0f 3fbbbf3dccba5cce 3f5b9ebfddb9bfa0 bf5043ddc83a7780 3f5b9ebfddb9bf80 3fbc5cb1d53dad9a bf5110764c694260 bf5043ddc83a7770 bf5110764c6942a0 3fbc245090466d63 4027ed46c1af1df1 c0399250382cf986 40265006bc349e55 402acd2166857244 c0382458f4d4fc57 4029539c20565444	oooooooooooooooooooooooooooooooooooooioooooooooooooooooooioooioooooooooooooooooooooooooiooooooooooooooooooooooooooooooooooooo
corpus_161_alternate	3fe84725911f4c31 4016a28fb16647f8 4005151c3bc0eec3 c01401676bae6373 c00730ccf25a0fc5 3fbbc324edde7d3b 3f5bd331eb6513e0 bf515d5d756c9820 3f5bd331eb6513c0 3fbc564cd952bcaa bf50f9278f4d0140 bf515d5d756c9820 bf50f9278f4d0120 3fbc26ce6b0d3de4 3ffea5114444a546 c016baaeb636cbe9 c00d9e1f77662e53 400adbbee42f330b c010fc9a9d6c4969 c0017fd0adc5648d	oooooooooooooooooooooooooooooooooooooioooooooooooooooooooioooioooooioooooooooooooooooooiooooooooooooooooooooooooooooooooooooo
corpus_162	4024ebf08c4460b6 403c8ec68e0833b2 bffc0a7b84e34cf7 bff42a0e44ebf86a c01fef0b00b95294 402136b92abd8b8a bfd9a6615d3a2b8e 3fd56b8c0bebd574 bfd9a6615d3a2b8e 4023b42795c9f951 3fd7de83234f7578 3fd56b8c0bebd574 3fd7de83234f7578 401cedca749cecd7 c00ade2e223679f0 c00645fd3643e18b c0233d713dfc7f8f bfd17144df8224e0 bf9ff95e46ce99d0 c01979d84a3fee64	oooooooooooooooooooooooooooooooooooooioooooooooooooooooooooooiiioooioooooooooooooooooooiooooooooooooooooooooooooooooooooooooo
corpus_162@0	4024ebf08c4460b6 403c8ec68e0833b2 4010a82c81923e95 4012dd59a39b1ae6 c015788268091347 401db93757b9fb04 bfe1c2a01714b334 3fd55a0c8b8d9ebc bfe1c2a01714b334 4021c015c132b2be 3fea6da501c9581e 3fd55a0c8b8d9ebc 3fea6da501c9581e 4022c5148dc64b07 4003353e0f1c0a5c 40086895d68d69da c01b40cf6ff53e52 40179f44736ddeed 40193ec419fb6b14 c00ee079e76b2d4b	oooooooooooooooooooooooooooooooooooooioooooooooooooooooooiooooiooooooooooooooooooooooooiooooooooooooooooooooooooooooooooooooo
corpus_162@1	4024ebf08c4460b6 403c8ec68e0833b2 40382a0b20648fa5 c041a454cb8c9ca4 4038a1df65fdbb2f 401db93757b9fb04 bfe1c2a01714b334 3fd55a0c8b8d9ec4 bfe1c2a01714b334 4021c015c132b2be 3fea6da501c9582a 3fd55a0c8b8d9ec4 3fea6da501c95826 4022c5148dc64b09 403666a7c1e3814b c0427976a2972963 40372fcc2402b06c 4039e7d11cdb77bc c040d8277cc0929d 403a23f0c3129a57	oooooooooooooooooooooooooooooooooooooioooooooooooooooooooiooooiooooooooooooooooooooooooiooooooooooooooooooooooooooooooooooooo
corpus_162_alternate	4024ebf08c4460b6 403c8ec68e0833b2 bffc0a7b84e34cf7 bff42a0e44ebf86a c01fef0b00b95294 402136b92abd8b8a bfd9a6615d3a2b8e 3fd56b8c0bebd574 bfd9a6615d3a2b8e 4023b42795c9f951 3fd7de83234f7578 3fd56b8c0bebd574 3fd7de83234f7578 401cedca749cecd7 c00ade2e223679f0 c00645fd3643e18b c0233d713dfc7f8f bfd17144df8224e0 bf9ff95e46ce99d0 c01979d84a3fee64	oooooooooooooooooooooooooooooooooooooioooooooooooooooooooooooiiioooioooooooooooooooooooiooooooooooooooooooooooooooooooooooooo
corpus_163	4048f3ad328dcaee 40576ad3887b9f66 40105cd7822cf9ab 3fedb65144801fd9 c0038341bbba4951 405d43d74f66c96c bffafa62e8483348 bfffa6f8edcc52c0 bffafa62e8483348 405ec03fac927851 3fd6a8308de46400 bfffa6f8edcc52c0 3fd6a8308de46400 405de9d23d91d7cc 3ff1d76bd2c7bf89 c0012cab72ddf6c5 c014ab9e9d9267f6 401d32e97ad91b21 400d75f8cc1cfd19 3fcecb76862b9138	oooooooooooooooooooooooooooooooooooooioooooooooooooooooooooooioioooioooooooooooooooooooiooooooooooooooooooooooooooooooooooooo
corpus_163@0	4048f3ad328dcaee 40576ad3887b9f66 40131ba3d953369f 3fb9da70b0f0b4db 3feb0edaa8c5642e 405d91bfa36a01b2 3ffaf27334980778 3ffe6e5fce45b4c0 3ffaf27334980777 405eb8eeef6e23ec bff9dc1567200e1b 3ffe6e5fce45b4c0 bff9dc1567200e17 405da33aa6b2f3ea 3ffad8a1da999e8c c00130d168053569 c0032514b7f2b76a 40201a6a8f364d69 40062e4983ba5a33 400f51e3b41201b8	oooooooooooooooooooooooooooooooooooooioooooooooooooooooooioooioioooooooooooooooooooooooiooooooooooooooooooooooooooooooooooooo
corpus_163@1	4048f3ad328dcaee 40576ad3887b9f66 404663747b2a66d3 c053f98963d3c3d3 404e6c3b6aa31591 405d91bfa36a01b2 3ffaf27334980778 3ffe6e5fce45b4c0 3ffaf27334980777 405eb8eeef6e23ec bff9dc1567200e1b 3ffe6e5fce45b4c0 bff9dc1567200e17 405da33aa6b2f3ea 4044d6c50ed4ccf4 c05489868b4029ab 404ccdaeb480d48a 4048069aa3cd935a c0534e8db3e22d2e 404ff51e3b41201b	oooooooooooooooooooooooooooooooooooooioooooooooooooooooooioooioioooooooooooooooooooooooiooooooooooooooooooooooooooooooooooooo
corpus_163_alternate	4048f3ad328dcaee 40576ad3887b9f66 40105cd7822cf9ab 3fedb65144801fd8 c0038341bbba4951 405d43d74f66c96c bffafa62e8483340 bfffa6f8edcc52e0 bffafa62e8483338 405ec03fac927852 3fd6a8308de46400 bfffa6f8edcc52e0 3fd6a8308de46400 405de9d23d91d7cd 3ff1d76bd2c7bf89 c0012cab72ddf6c5 c014ab9e9d9267f6 401d32e97ad91b21 400d75f8cc1cfd19 3fcecb76862b9138	oooooooooooooooooooooooooooooooooooooioooooooooooooooooooooooioioooioooooooooooooooooooiooooooooooooooooooooooooooooooooooooo
corpus_164	407dc890b813abdc 40772dd613872a04 c039c53d5abda3b6 402bb63119d82f1e c0035854bd9e5958 40b338ad594bf892 c046f9c4466028b0 c0609c2771cf07f0 c046f9c446602890 40b4b68c044cc5d3 c07898fe9030b3b8 c0609c2771cf07e0 c07898fe9030b3b0 40b293a91db797bb c03fb21fc16c8b46 401c3cee34fa4672 c02136bf05e4efd2 c03372e6cfbca6c1 4033b4146049931d 400d63159e8b84fc	oooooooooooooooooooooooooooooooooooooioooooooooooooooooooioooiiiooooooooooooooooooooooooooooooooooooooooooooooooooooooooooooo
corpus_164@0	407dc890b813abdc 40772dd613872a04 c033b6a36e22ed23 402e902fca496ebd c02ef8975447319b 40b53b08acce872a c03df7b630999700 c0695a9285bf752f c03df7b6309996f0 40b1fb6455fcfb8c c067d3ec3122f9f8 c0695a9285bf7530 c067d3ec3122fa00 40b34c757884d367 c038b45af2f0abe6 4021f7e374ce519e c035846194f7b78b c02bc858f53025fd 403559302ed13598 c0213b5215854b52	oooooooooooooooooooooooooooooooooooooioooooooooooooooooooioooiiioooiooooooooooooooooooooooooooooooooooooooooooooooooooooooooo
corpus_164@1	407dc890b813abdc 40772dd613872a04 404e24ae48ee896e c06216fd035b6914 405a20ed157719cc 40b53b08acce872a c03df7b6309996e0 c0695a9285bf7537 c03df7b6309996d0 40b1fb6455fcfb8c c067d3ec3122f9f8 c0695a9285bf7540 c067d3ec3122fa00 40b34c757884d368 404ba5d28687aa0c c062e081c8b31ae6 40589ee79ac2121d 405086f4e159fb40 c06154d9fa25d94d 405bd895bd4f5696	oooooooooooooooooooooooooooooooooooooioooooooooooooooooooioooiiioooiooooooooooooooooooooooooooooooooooooooooooooooooooooooooo
corpus_164_alternate	407dc890b813abdc 40772dd613872a04 c039c53d5abda3b6 402bb63119d82f1e c0035854bd9e5958 40b338ad594bf892 c046f9c4466028c0 c0609c2771cf07e8 c046f9c4466028a0 40b4b68c044cc5d2 c07898fe9030b3b0 c0609c2771cf07d8 c07898fe9030b3b0 40b293a91db797ba c03fb21fc16c8b46 401c3cee34fa4672 c02136bf05e4efd2 c03372e6cfbca6c1 4033b4146049931d 400d63159e8b84fc	oooooooooooooooooooooooooooooooooooooioooooooooooooooooooioooiiiooooooooooooooooooooooooooooooooooooooooooooooooooooooooooooo
corpus_165	40b00f0b25c66705 409bf9f98f44ad06 403780132ae19df0 404a7a4b69223f53 402377b99663e7b6 410666af86cdc503 40aea0259a393780 c0c1006de90d34c8 40aea0259a393780 41081f4466c5ebc0 406e8a99e9330380 c0c1006de90d34d8 406e8a99e9330600 41050547d23068f0 402582d62d27055b 4044eadfebf425c3 c00bf06ddbeb68e4 404235ca41575e5b 404ffe02ed9c17cf 40363c9a841be06c	oooooooooooooooooooooooooooooooooooooioooooooooooooooooooioooooioooiooooooooooooooooooooooooooooooooooooooooooooooooooooooooo
corpus_165@0	40b00f0b25c66705 409bf9f98f44ad06 4019aaaad7430210 c048ce72d6255ecf 403eccf4424b268b 4104898d3e16e1f6 40b05ca27c01df9c c0a8fb717147780a 40b05ca27c01df9c 4107c90cc519ae02 c0b2df43001dfda0 c0a8fb717147780a c0b2df43001dfdc0 410738a1bc9389bc c0127a1e2ae2b261 c04efe5246872980 4032fcf8f98635d0 40302a38df6a823a c042b6a27419484c 40456296af5558eb	ooooooooooooooooooooooooooooooooooooioiooooooooooooooooooioooioioooiooooooooooooooooooiiioooooooooooooooooooooooooooooooooooo
corpus_165@1	40b00f0b25c66705 409bf9f98f44ad06 4064cd5556ba1811 c07719ce5ac4abd9 4070eccf4424b268 4104898d3e16e1f8 40b05ca27c01dfcc c0a8fb717147782a 40b05ca27c01dfcc 4107c90cc519ae04 c0b2df43001dfdc0 c0a8fb717147782a c0b2df43001dfdc0 410738a1bc9389bc 40636c2f0ea8ea6d c077dfca48d0e530 40702fcf8f98635c 406605471bed5048 c07656d44e832909 4071ac52d5eaab1e	ooooooooooooooooooooooooooooooooooooioiooooooooooooooooooioooioioooiooooooooooooooooooiiioooooooooooooooooooooooooooooooooooo
corpus_165_alternate	40b00f0b25c66705 409bf9f98f44ad06 403780132ae19df0 404a7a4b69223f53 402377b99663e7b6 410666af86cdc503 40aea0259a393780 c0c1006de90d34c8 40aea0259a393780 41081f4466c5ebc0 406e8a99e9330380 c0c1006de90d34d8 406e8a99e9330600 41050547d23068f0 402582d62d27055b 4044eadfebf425c3 c00bf06ddbeb68e4 404235ca41575e5b 404ffe02ed9c17cf 40363c9a841be06c	oooooooooooooooooooooooooooooooooooooioooooooooooooooooooioooooioooiooooooooooooooooooooooooooooooooooooooooooooooooooooooooo
corpus_166	40e4b7502e7e7ebd 40be131dd7c66a54 4050e3be0fe54505 c05616d9c1e0b63a c05d7e7712046c4a 41623f98a6b43824 c102498628b35fc8 c1272ddbce6206c0 c102498628b35fd0 41602c33cba0dc26 c1249d1dcc553918 c1272ddbce6206c2 c1249d1dcc55391c 415f6f473f8f8d8b 4045b59390ca0906 c05d61b4dfa80cb0 c06261fff4333b18 4057a35e57024c09 c04dd48f18041400 c05644953122194e	oooooooooooooooooooooooooooooooooooooioooooooooooooooooooooooiiioooioooooooooooooooooooiooooooooooooooooooooooooooooooooooooo
corpus_166@0	40e4b7502e7e7ebd 40be131dd7c66a54 bffc2cb9e5810107 406424eb53afce22 4031c5891bef8f53 41616103dc53c141 412e07c29b60ac64 4112af00f95e28dc 412e07c29b60ac60 416095c47616f761 c1231476b9f20b60 4112af00f95e28f4 c1231476b9f20b60 41602ca7bfb2226b c03d16ce8675d046 4060a8ad70c2996a c028f9e728f349a6 40396686f14e7da5 4067d6773a15e941 404696647ea63b9d	oooooooooooooooooooooooooooooooooooooooooooooooooooooooooioooiiioooiooooooooooooooooooooooooooooooooooooooooooooooooooooooooo
corpus_166@1	40e4b7502e7e7ebd 40be131dd7c66a54 4073e3d3461a7efe c07ded8a562818ee 407f1c5891bef8f6 41616103dc53c142 412e07c29b60ac68 4112af00f95e28fc 412e07c29b60ac68 416095c47616f762 c1231476b9f20b68 4112af00f95e28fc c1231476b9f20b68 41602ca7bfb2226b 40722e931798a2fc c07faba9479eb34b 407d3830c6b865b3 407596686f14e7da c07c14c462f50b60 4080696647ea63ba	oooooooooooooooooooooooooooooooooooooooooooooooooooooooooioooiiioooiooooooooooooooooooooooooooooooooooooooooooooooooooooooooo
corpus_166_alternate	40e4b7502e7e7ebd 40be131dd7c66a54 4050e3be0fe54505 c05616d9c1e0b63a c05d7e7712046c4a 41623f98a6b43824 c102498628b35fd0 c1272ddbce6206c0 c102498628b35fd8 41602c33cba0dc26 c1249d1dcc553918 c1272ddbce6206c2 c1249d1dcc553914 415f6f473f8f8d8b 4045b59390ca0906 c05d61b4dfa80cb0 c06261fff4333b18 4057a35e57024c09 c04dd48f18041400 c05644953122194e	oooooooooooooooooooooooooooooooooooooioooooooooooooooooooooooiiioooioooooooooooooooooooiooooooooooooooooooooooooooooooooooooo
corpus_167	410b19f444413057 40d89cb135902b4c 4045b1291335b10d c04d381f86622402 c04ecb9933286d0c 41a0ce22ffbc581f c127f6116fe65880 41522a61137c75d8 c127f6116fe65880 41a077b2d63d1c4e c132f1399066b740 41522a61137c75d8 c132f1399066b720 41a1548a777b4f74 c00da4938a0e7838 c059d8d46365cfe4 c05c627ccacf56d0 40570fc6c47d93c6 c026a4da5d81b57f c02aaa3294e65504	oooooooooooooooooooooooooooooooooooooioooooooooooooooooooioooooooooioooooooooooooooooooiooooooooooooooooooooooooooooooooooooo
corpus_167@0	410b19f444413057 40d89cb135902b4c 4055b9e517b9ad9d 4042eb404cc3b4b8 c024a4347c57d993 41a071cdeeb1da1c c10636c71c8e0700 4119fc04685c3540 c10636c71c8e0800 41a0a08b1535df08 c14ca1e626450aec 4119fc04685c34c0 c14ca1e626450acc 41a18807498d0abf 4044f758424c6ac2 c0213ff36bd18473 c04ab7afb99f4c4e 40605f462e1ea61d 40546fb8ba011ed9 403c0a4f0fc5babf	oooooooooooooooooooooooooooooooooooooioooooooooooooooooooioooooooooiiooooooooooooooooooiooooooooooooooooooooooooooooooooooooo
corpus_167@1	410b19f444413057 40d89cb135902b4c 4086b73ca2f735b3 c09368a5fd99e25b 408dad6f2e0ea099 41a071cdeeb1da1c c10636c71c8e0600 4119fc04685c3480 c10636c71c8e0500 41a0a08b1535df06 c14ca1e626450acc 4119fc04685c33c0 c14ca1e626450abc 41a18807498d0abf 40854f758424c6ac c094227fe6d7a308 408c548504660b3a 408817d18b87a986 c092b904745fee12 408ee052787e2dd6	oooooooooooooooooooooooooooooooooooooioooooooooooooooooooioooooooooiiooooooooooooooooooiooooooooooooooooooooooooooooooooooooo
corpus_167_alternate	410b19f444413057 40d89cb135902b4c 4045b1291335b10d c04d381f86622402 c04ecb9933286d0c 41a0ce22ffbc581f c127f6116fe65880 41522a61137c75d8 c127f6116fe65880 41a077b2d63d1c4e c132f1399066b740 41522a61137c75d8 c132f1399066b720 41a1548a777b4f74 c00da4938a0e7838 c059d8d46365cfe4 c05c627ccacf56d0 40570fc6c47d93c6 c026a4da5d81b57f c02aaa3294e65504	oooooooooooooooooooooooooooooooooooooioooooooooooooooooooioooooooooioooooooooooooooooooiooooooooooooooooooooooooooooooooooooo
corpus_168	41417dd0948b285e 40fb3ac1bda00fca c07225accb14c761 c035cd16e7a06af9 405dab97b74b86e3 41fb9a8bf6538f62 c1867d9484e9ad84 c192bea0d7a0cb48 c1867d9484e9ad86 41f8b1cc9407ff31 41997d38cc64ad20 c192bea0d7a0cb44 41997d38cc64ad40 41f8164c22e07d52 c077139e23d629e8 c05de58726361ffe 4035804721d08350 c06a937fd6a665ce 405565bf79319e22 406b7dc6d0c55e81	ooooooooooooooooooooooooooooooooooooiioooooooooooooooooooooooiiioooiooooooooooooooiooooiioooooooooooooooooooooooooooooooooooo
corpus_168@0	41417dd0948b285e 40fb3ac1bda00fca c06f54f7f5c143bf c05f59f9a3e87b8c 4061d09b3b4fa3c6 41fa37336ee6276d 41b82632483ac128 c1913b9332ce7010 41b82632483ac128 41f99a6b8b07bd2c c1abf34a8e842ac0 c1913b9332ce7010 c1abf34a8e842ab0 41f89105b34e274f c075b5255cfed4d6 c06d83ee6d541074 403d00dd1ded08a4 c061db5763e16bfa c039494dd24cafa2 406ee28042f70db0	ooooooooooooooooooooooooooooooooooooooooooiooooooooooooooioooiiioooioooooooooooooooooooiooooooooooooooooooooooooooooooooooooo
corpus_168@1	41417dd0948b285e 40fb3ac1bda00fca 409015610147d788 c0a4facfcd1f43dd 40a01d09b3b4fa3d 41fa37336ee6276d 41b82632483ac130 c1913b9332ce6fe0 41b82632483ac130 41f99a6b8b07bd2a c1abf34a8e842ad0 c1913b9332ce6ff0 c1abf34a8e842ad0 41f89105b34e274e 408d256d51809596 c0a5d83ee6d54108 409e74037477b424 4091c4951383d281 c0a432929ba49960 40a0ee28042f70dc	ooooooooooooooooooooooooooooooooooooooooooiooooooooooooooioooiiioooioooooooooooooooooooiooooooooooooooooooooooooooooooooooooo
corpus_168_alternate	41417dd0948b285d 40fb3ac1bda00fca c07225accb14c761 c035cd16e7a06afa 405dab97b74b86e2 41fb9a8bf6538f60 c1867d9484e9ad98 c192bea0d7a0cb44 c1867d9484e9ad98 41f8b1cc9407ff2f 41997d38cc64ad00 c192bea0d7a0cb44 41997d38cc64ad00 41f8164c22e07d52 c077139e23d629e8 c05de58726361ffe 4035804721d08350 c06a937fd6a665ce 405565bf79319e22 406b7dc6d0c55e81	ooooooooooooooooooooooooooooooooooooiioooooooooooooooooooooooiiioooiooooooooooooooiooooiioooooooooooooooooooooooooooooooooooo
corpus_169	416f2b415ba3d19d 411b1ece9295e7c6 c068ccbf87264990 c06ac64bbaf3317b c008643de38e93d4 424653fce7914239 421748ecd82b8736 4229643c545a136c 421748ecd82b8736 4248978bdf10292e c211e92d2e296570 4229643c545a136c c211e92d2e296571 424998fc429d2151 c0795dc2d1030527 c079ffe6fe1692ae c0689d7090880ff8 40370c3ad6dc6818 c036a06946ea48c0 4066daedb433e29b	oooooooooooooooooooooooooooooooooooooooooooooooooooooooooioooooooooooooooooooooooooooooiooooooooooooooooooooooooooooooooooooo
corpus_169@0	416f2b415ba3d19d 411b1ece9295e7c6 405e7bba57743624 c0631b9770370438 406b1aae23709324 424c023e775198ca c2252071130bf36f c205847e8ce34e21 c2252071130bf36f 4242603b917b5148 c1fc9a4d34dc3a94 c205847e8ce34e1c c1fc9a4d34dc3a92 424a220b0071a2a6 c0505749056cb29c c076c1de28fa77d6 40490d77719d6728 407213fff3c1f218 40507e450d161d01 4077d795e3805b3d	ooooooooooooooooooooooooooooooooooooooooooooooooooooooooiioooioioooiooooooooooooooooooooooooooooooooooooooooooooooooooooooooo
corpus_169@1	416f2b415ba3d19d 411b1ece9295e7c6 40a4f3ddd2bba1b1 c0b498dcbb81b822 40afb1aae2370933 424c023e775198ca c2252071130bf36f c205847e8ce34e21 c2252071130bf36f 4242603b917b5148 c1fc9a4d34dc3a90 c205847e8ce34e1c c1fc9a4d34dc3a8e 424a220b0071a2a6 40a37d45b7d49a6c c0b56c1de28fa77d 40ae6435ddc6759d 40a6427ffe783e43 c0b3be06ebcba78c 40b07d795e3805b4	ooooooooooooooooooooooooooooooooooooooooooooooooooooooooiioooioioooiooooooooooooooooooooooooooooooooooooooooooooooooooooooooo
corpus_169_alternate	416f2b415ba3d19d 411b1ece9295e7c6 c068ccbf87264990 c06ac64bbaf3317b c008643de38e93e9 424653fce7914239 421748ecd82b8736 4229643c545a136c 421748ecd82b8734 4248978bdf10292e c211e92d2e296572 4229643c545a136c c211e92d2e296573 424998fc429d2151 c0795dc2d1030527 c079ffe6fe1692ae c0689d7090880ff8 40370c3ad6dc6818 c036a06946ea48c0 4066daedb433e29b	oooooooooooooooooooooooooooooooooooooooooooooooooooooooooioooooooooooooooooooooooooooooiooooooooooooooooooooooooooooooooooooo
corpus_170	41917a69e72291b5 412ead459c6a979d 409bcf8a861b732a 4080b171a4e5eeb8 40781e4025bdf2b6 427c3f4aa11ba5bb c20b49d51f742620 c2373398cf16cc60 c20b49d51f742640 42802775332e3d7c c237e335d8fadbf0 c2373398cf16cc58 c237e335d8fadbe0 42800f2fd8588729 4096fea19a1391f1 406bc7a42d95fc5d 4048160477ff82aa 40a0a96b41f029e4 4089fe66f3f52152 408565f30aed8f39	oooooooooooooooooooooooooooooooooooooiiooooooooooooooooooioooiiioooioooooooooooooooooooiooooooooooooooooooooooooooooooooooooo
corpus_170@0	41917a69e72291b5 412ead459c6a979d 408cb20580029938 4053a7c307f3865a 4099ecb9af919094 427f5d5572fe4c7d c237c7c26a02d708 c2345155868c3560 c237c7c26a02d708 428079b0004b2434 c22371720e785638 c2345155868c3568 c22371720e785630 427c5bdf44949a1a 4082ea3a91d9016f c06cf19b8adf4924 4095186ff18e1973 4093260fd928e20e 4077013af6d76f5a 409f79022e47155c	oooooooooooooooooooooooooooooooooooooioooooooooooooooooooioooiiiooiioooooooooooooooooooiooooooooooooooooooooooooooooooooooooo
corpus_170@1	41917a69e72291b5 412ead459c6a979d 40b79640b0005326 c0c3d8b079f018f3 40c23d9735f23213 427f5d5572fe4c7d c237c7c26a02d708 c2345155868c3560 c237c7c26a02d708 428079b0004b2434 c22371720e785638 c2345155868c3568 c22371720e785630 427c5bdf44949a1a 40b65d47523b202e c0c473c66e2b7d25 40c1a30dfe31c32f 40b8c983f64a3883 c0c347f628494485 40c2ef2045c8e2ab	oooooooooooooooooooooooooooooooooooooioooooooooooooooooooioooiiiooiioooooooooooooooooooiooooooooooooooooooooooooooooooooooooo
corpus_170_alternate	41917a69e72291b5 412ead459c6a979e 409bcf8a861b732a 4080b171a4e5eeb8 40781e4025bdf2b5 427c3f4aa11ba5bb c20b49d51f742680 c2373398cf16cc60 c20b49d51f742660 42802775332e3d7c c237e335d8fadbf0 c2373398cf16cc60 c237e335d8fadbd8 42800f2fd858872a 4096fea19a1391f1 406bc7a42d95fc5d 4048160477ff82aa 40a0a96b41f029e4 4089fe66f3f52152 408565f30aed8f39	oooooooooooooooooooooooooooooooooooooiiooooooooooooooooooioooiiioooioooooooooooooooooooiooooooooooooooooooooooooooooooooooooo
corpus_171	41c99bf79f5542cb 415709a9d9ed8d2d 407c83e8fc074044 c086b0ceeb21f9a0 c0b1d3d65941d902 42e124a83b6ae876 c297291bb16efb56 42802501a6015b88 c297291bb16efb55 42de692aa9ef3872 4288e8359fad34f0 42802501a6015b88 4288e8359fad34f0 42dc6c25433ca5b9 c06816f2d2583b35 c097c1b2a7e3402a c0b4dd7b4e4c4b65 4090765acebc7947 c009c6d65e67f1c0 c0ae10bbdd545dd7	oooooooooooooooooooooooooooooooooooooioooooooooooooooooooooooioioooioooooooooooooooooooiooooooooooooooooooooooooooooooooooooo
corpus_171@0	41c99bf79f5542cb 415709a9d9ed8d2d c0b18c0fe40b2788 4092530d1432a87e 4058ff78f4ddc192 42dc4362dbc66596 c2816aa0c5210a80 42814d37f540e468 c2816aa0c5210a80 42df23f1ede05bae 429f4532c9a99f08 42814d37f540e460 429f4532c9a99f08 42e0dba5cd2d76e7 c0b46b1ae5f4401f 407d5306ef6711aa c081245965cdaaca c0adbc75de2c6f8c 409d5a7a55d5465e 4085d4e2a00b3594	oooooooooooooooooooooooooooooooooooooioooooooooooooooooooioooioioooioooooooooooooooooooiooooooooooooooooooooooooooooooooooooo
corpus_171@1	41c99bf79f5542cb 415709a9d9ed8d2d 40b673f01bf4d878 c0d2dacf2ebcd579 40ce31fef1e9bb83 42dc4362dbc66597 c2816aa0c5210ad0 42814d37f540e480 c2816aa0c5210ac8 42df23f1ede05bb4 429f4532c9a99efa 42814d37f540e470 429f4532c9a99ef9 42e0dba5cd2d76e8 40b394e51a0bbfe0 c0d38ab3e44263ba 40ccedba69a32553 40b921c510e9c83a c0d22a585aa2ab9b 40cf5d4e2a00b35a	oooooooooooooooooooooooooooooooooooooioooooooooooooooooooioooioioooioooooooooooooooooooiooooooooooooooooooooooooooooooooooooo
corpus_171_alternate	41c99bf79f5542cb 415709a9d9ed8d2d 407c83e8fc074044 c086b0ceeb21f9a0 c0b1d3d65941d902 42e124a83b6ae876 c297291bb16efb56 42802501a6015b88 c297291bb16efb55 42de692aa9ef3872 4288e8359fad34f0 42802501a6015b88 4288e8359fad34f0 42dc6c25433ca5b9 c06816f2d2583b35 c097c1b2a7e3402a c0b4dd7b4e4c4b65 4090765acebc7947 c009c6d65e67f1c0 c0ae10bbdd545dd7	oooooooooooooooooooooooooooooooooooooioooooooooooooooooooooooioioooioooooooooooooooooooiooooooooooooooooooooooooooooooooooooo
corpus_172	41fceebf0626a015 4175328e26396709 40a5773d07e8f9c4 c0c05238ebdfe74a c0c2049903ecb99b 4332204323602c0e 42e77c4c6cddd237 c2e983a9b84fff28 42e77c4c6cddd239 43328827124e6bad c2e74393e22bd828 c2e983a9b84fff28 c2e74393e22bd82c 4330bb06f91bcd46 4095682a9f3b4a5a c0c2d509aff00170 c0c4b3c22b5cb482 40b0d03d33a15c0e c0bb99057fff9a12 c0beaf1d97f3107a	oooooooooooooooooooooooooooooooooooooioooooooooooooooooooioooiiioooioooooooooooooooooooiooooooooooooooooooooooooooooooooooooo
corpus_172@0	41fceebf0626a015 4175328e26396709 40c37ff33eaa9609 4089be8b7c53f5dd c0beca0f52ab4184 4331ab17f2c32aea 42d03248051c8f18 42e1e0f803536ed0 42d03248051c8f20 43325fc9c5f92356 42f64d4d18a01494 42e1e0f803536edc 42f64d4d18a014a0 4331588f760e16c2 40c0e60d0c572aad c08493bd0b259499 c0c24bf7eac5f15a 40c64f15f8392c4a 40a1cd3d345e4891 c0b9394667807397	oooooooooooooooooooooooooooooooooooooioooooooooooooooooooioooiiioooioooooooooooooooooooiooooooooooooooooooooooooooooooooooooo
corpus_172@1	41fceebf0626a015 4175328e26396709 40ddbff99f554b06 c0e39905d20eb029 40d64d7c2b552f9e 4331ab17f2c32aea 42d03248051c8f18 42e1e0f803536ed0 42d03248051c8f20 43325fc9c5f92356 42f64d4d18a01494 42e1e0f803536edc 42f64d4d18a014a0 4331588f760e16c2 40dc7306862b9556 c0e4524ef42c9652 40d4da040a9d0753 40df278afc1c9625 c0e2e32c2cba1b78 40d7b1ae661fe31a	oooooooooooooooooooooooooooooooooooooioooooooooooooooooooioooiiioooioooooooooooooooooooiooooooooooooooooooooooooooooooooooooo
corpus_172_alternate	41fceebf0626a014 4175328e26396709 40a5773d07e8f9c4 c0c05238ebdfe74a c0c2049903ecb99b 4332204323602c0e 42e77c4c6cddd23e c2e983a9b84fff20 42e77c4c6cddd240 43328827124e6bac c2e74393e22bd824 c2e983a9b84fff20 c2e74393e22bd820 4330bb06f91bcd47 4095682a9f3b4a5a c0c2d509aff00170 c0c4b3c22b5cb482 40b0d03d33a15c0e c0bb99057fff9a12 c0beaf1d97f3107a	oooooooooooooooooooooooooooooooooooooioooooooooooooooooooioooiiioooioooooooooooooooooooiooooooooooooooooooooooooooooooooooooo
corpus_173	422cb06a7fc4992e 419895cb750ee1eb 40d18288c12192ad 40d26bd2f7cad59d 40cafa97f993fcfb 438427a2720a53d8 4344fc500370f201 c350b2bad4e872a8 4344fc500370f1fe 43818f0a6b080fe0 c339e5bbb61e3f88 c350b2bad4e872aa c339e5bbb61e3f80 43831d3eee135436 40cd2671d538efb6 40ceecc0fe46f31c 40c5395a448ac2c5 40d47daf95beb6f4 40d576cf729e69f1 40d05451d2d11ee2	oooooooooooooooooooooooooooooooooooooooooooooooooooooooooioooioioooooooooooooooooooooooiooooooooooooooooooooooooooooooooooooo
corpus_173@0	422cb06a7fc4992e 419895cb750ee1eb c0cbff3737c40359 40d922ffd4ca3a6b c07336d4d1291e81 438115197211e8ff c322ea62400841a0 432d37a06572c39c c322ea6240084198 43822e628f81c852 c34a39e39469b7f4 432d37a06572c37c c34a39e39469b7f4 4385906fc992069e c0d0fd378caff101 40d6447e7084e50c c0a784eacd439666 c0c618d9090643d4 40dc050ac6852112 40a24b3cc44caab6	oooooooooooooooooooooooooooooooooooooioooooooooooooooooooioooooioooioooooooooooooooooooiooooooooooooooooooooooooooooooooooooo
corpus_173@1	422cb06a7fc4992e 419895cb750ee1eb 40da0064641dfe53 c0eb6e80159ae2cb 40edd992565dadc3 438115197211e8ff c322ea62400841a0 432d37a06572c39c c322ea6240084198 43822e628f81c852 c34a39e39469b7f4 432d37a06572c37c c34a39e39469b7f4 4385906fc992069e 40d702c873500eff c0ecddc0c7bd8d7b 40ec87b1532bc69a 40dcf3937b7cde15 c0e9fd7a9cbd6f78 40ef24b3cc44caac	oooooooooooooooooooooooooooooooooooooioooooooooooooooooooioooooioooioooooooooooooooooooiooooooooooooooooooooooooooooooooooooo
corpus_173_alternate	422cb06a7fc4992d 419895cb750ee1ea 40d18288c12192ad 40d26bd2f7cad59d 40cafa97f993fcfb 438427a2720a53d7 4344fc500370f200 c350b2bad4e872a4 4344fc500370f1fe 43818f0a6b080fe0 c339e5bbb61e3f88 c350b2bad4e872a6 c339e5bbb61e3f80 43831d3eee135436 40cd2671d538efb6 40ceecc0fe46f31c 40c5395a448ac2c5 40d47daf95beb6f4 40d576cf729e69f1 40d05451d2d11ee2	oooooooooooooooooooooooooooooooooooooooooooooooooooooooooioooioioooooooooooooooooooooooiooooooooooooooooooooooooooooooooooooo
corpus_174	425f2786c69ee6d7 41b732c2a01ac5d5 40d60f4dc0210dd4 40e13702d58aeed8 40e1bc094b97d406 43d519f96a2e48ae c392b95a3dfa1c3e c3880ee6a59976bb c392b95a3dfa1c3e 43d3ec4cd6fb6981 c38795963ca45b00 c3880ee6a59976bb c38795963ca45b10 43d45ee64661cedb 40d15afda5979193 40dc3084be3878b1 40dd6259076dc6ef 40db3bc599dace8a 40e45804512695c1 40e4bb9e5a0c531f	ooooooooooooooooooooooooooooooooooooiioooooooooooooooooooioooiiioooioooooooooooooooooooiioooooooooooooooooooooooooooooooooooo
corpus_174@0	425f2786c69ee6d7 41b732c2a01ac5d5 40e857def477760d c071c304929e32de c0d7a823eeb6f5d4 43d35671797bea58 4364613ba72967c0 4391888947960cc8 4364613ba72967e0 43d5966825a86a97 c382a92adb34a050 4391888947960cc4 c382a92adb34a058 43d47852e8672c1c 40e528926228624a c0b84d9ebc2cae5e c0ddbeec79d34301 40eb94f57d8f338a 40b683f90ac4ead2 c0d17c69109c6df0	oooooooooooooooooooooooooooooooooooooioooooooooooooooooooooooiiioooioooooooooooooooooooiooooooooooooooooooooooooooooooooooooo
corpus_174@1	425f2786c69ee6d7 41b732c2a01ac5d5 410015f7bd1ddd84 c10408e182494f1a 40f815f70452428b 43d35671797bea58 4364613ba72967c0 4391888947960cc8 4364613ba72967e0 43d5966825a86a97 c382a92adb34a050 4391888947960cc4 c382a92adb34a058 43d47852e8672c1c 40fe944931143126 c104c26cf5e16573 40f69044e18b2f3f 4100e53d5f63cce3 c1034be037a9d8a9 40f9a0e5bbd8e484	oooooooooooooooooooooooooooooooooooooioooooooooooooooooooooooiiioooioooooooooooooooooooiooooooooooooooooooooooooooooooooooooo
corpus_174_alternate	425f2786c69ee6d7 41b732c2a01ac5d5 40d60f4dc0210dd4 40e13702d58aeed8 40e1bc094b97d406 43d519f96a2e48ac c392b95a3dfa1c3f c3880ee6a59976be c392b95a3dfa1c3e 43d3ec4cd6fb6980 c38795963ca45af0 c3880ee6a59976bc c38795963ca45af0 43d45ee64661ced9 40d15afda5979193 40dc3084be3878b1 40dd6259076dc6ef 40db3bc599dace8a 40e45804512695c1 40e4bb9e5a0c531f	ooooooooooooooooooooooooooooooooooooiioooooooooooooooooooioooiiioooioooooooooooooooooooiioooooooooooooooooooooooooooooooooooo
corpus_175	3ddf47a39bcbef3d 3ebc89cbc93526b2 3f470a8cb88bc508 bf43b442acfabb7a bf34896bd3a6b108 3c563b2303ce3ab8 bc12371e80f3745c bc1b7d0408261fa4 bc12371e80f37458 3c563cda67e5b86b bc0552ddda38f250 bc1b7d0408261fa4 bc0552ddda38f268 3c5571a090cb903a 3f3374c6519d423c bf5024ebbfe4b4cb bf47809c20ac4350 3f51fe6310b8d78a bf2d0fdeb1c6fef6 3f19a3abc8b6c188	oooooooooooooooooooooooooooooooooooooooooooooooooooooooooioooioioooooooooooooooooooooooiooooooooooooooooooooooooooooooooooooo
corpus_175@0	3ddf47a39bcbef3d 3ebc89cbc93526b2 3f4d2c51df068a27 3f247ae37efa0e68 bf38461b1bca4924 3c57289218e793ca 3c0f16bb770b3bb0 bc11b3093ff7637c 3c0f16bb770b3bb0 3c5608a89dbda6f7 3c11d7219cefb25c bc11b3093ff7637c 3c11d7219cefb258 3c54b86345da489d 3f3f7b6222a72ac9 bf2be481e6a45acd bf48f34ecb6a90ef 3f545bb72d06b63b 3f42fe3572fe10a5 3f048dd82c06286c	oooooooooooooooooooooooooooooooooooooooooooooooooooooooooooooioooooioooooooooooooooooooiooooooooooooooooooooooooooooooooooooo
corpus_175@1	3ddf47a39bcbef3d 3ebc89cbc93526b2 3f77a58a3be0d145 bf83ae14720417c6 3f7c7b9e4e435b6e 3c57289218e793ca 3c0f16bb770b3bb8 bc11b3093ff76378 3c0f16bb770b3bb8 3c5608a89dbda6f7 3c11d7219cefb24c bc11b3093ff76374 3c11d7219cefb248 3c54b86345da489c 3f75f7b6222a72ac bf846f92079a916b 3f7ae1962692ade2 3f7916edcb41ad8f bf82d01ca8d01ef5 3f7e291bb0580c51	oooooooooooooooooooooooooooooooooooooooooooooooooooooooooooooioooooioooooooooooooooooooiooooooooooooooooooooooooooooooooooooo
corpus_175_alternate	3ddf47a39bcbef3d 3ebc89cbc93526b2 3f470a8cb88bc509 bf43b442acfabb7a bf34896bd3a6b109 3c563b2303ce3ab8 bc12371e80f37458 bc1b7d0408261fa4 bc12371e80f37454 3c563cda67e5b86b bc0552ddda38f250 bc1b7d0408261fa4 bc0552ddda38f268 3c5571a090cb903b 3f3374c6519d423c bf5024ebbfe4b4cb bf47809c20ac4350 3f51fe6310b8d78a bf2d0fdeb1c6fef6 3f19a3abc8b6c188	oooooooooooooooooooooooooooooooooooooooooooooooooooooooooioooioioooooooooooooooooooooooiooooooooooooooooooooooooooooooooooooo
corpus_176	3e0a2d29ed004f13 3ed5392f26d03259 3f4403dc089d3b0e bf65f7c944ddb636 3f663a0706bee090 3c9f59bddaf890ea 3c5959522550fb08 3c60b1c20b1452fc 3c5959522550fb10 3c9e1a975d0d418b 3c482dc34191ba48 3c60b1c20b145300 3c482dc34191ba60 3c9e782c255635e0 bf1f2a1955b66804 bf6b960978e11f16 3f606786c83e7dc5 3f55ae2c85f9b8ec bf605f09874ebfe8 3f6c66c7eddf7982	oooooooooooooooooooooooooooooooooooooioooooooooooooooooooioooiiioooioooooooooooooooooooiooooooooooooooooooooooooooooooooooooo
corpus_176@0	3e0a2d29ed004f13 3ed5392f26d03259 bf3dcdd21a6d9fc1 3f24ccff391acbb9 3f6f66e6195f5adf 3c9ca58f6f091c6c bc40d81b64fcdb30 bc24c81dce2e449c bc40d81b64fcdb34 3ca0d61065ed0ad1 3c44cedbf44da158 bc24c81dce2e44a0 3c44cedbf44da148 3c9d9ad12278d63f bf52317ab93ce21e bf373bb3e0dd2b4f 3f6a6a920a7d7d7a 3f2bd41e87affe08 3f45e88700f2a019 3f72438c412cbec8	oooooooooooooooooooooooooooooooooooooooooooooooooooooooooioooiiiooiioooooooooooooooooooiooooioooooooooooooooooooooooooooooooo
corpus_176@1	3e0a2d29ed004f13 3ed5392f26d03259 3f8311916f2c9302 bf93d666018dca69 3f92ecdcc32beb5c 3c9ca58f6f091c6c bc40d81b64fcdb30 bc24c81dce2e448c bc40d81b64fcdb34 3ca0d61065ed0ad1 3c44cedbf44da158 bc24c81dce2e4490 3c44cedbf44da148 3c9d9ad12278d63f 3f81b9d0a8d863bd bf945ceecf8374ad 3f924d52414fafaf 3f846f507a1ebff8 bf9350bbc7f86aff 3f9390e3104b2fb2	oooooooooooooooooooooooooooooooooooooooooooooooooooooooooioooiiiooiioooooooooooooooooooiooooioooooooooooooooooooooooooooooooo
corpus_176_alternate	3e0a2d29ed004f12 3ed5392f26d03258 3f4403dc089d3b0e bf65f7c944ddb637 3f663a0706bee091 3c9f59bddaf890e8 3c5959522550fb08 3c60b1c20b1452f8 3c5959522550fb08 3c9e1a975d0d4188 3c482dc34191ba70 3c60b1c20b1452fc 3c482dc34191ba60 3c9e782c255635dd bf1f2a1955b66804 bf6b960978e11f16 3f606786c83e7dc5 3f55ae2c85f9b8ec bf605f09874ebfe8 3f6c66c7eddf7982	oooooooooooooooooooooooooooooooooooooioooooooooooooooooooioooiiioooioooooooooooooooooooiooooooooooooooooooooooooooooooooooooo
corpus_177	3e351626a8b000cf 3ef4998fa00dc2a0 bf3e1953c4178e9e bf761ec81dc456d6 3f3ba97301d97b9e 3ce6237a13c96bf4 bc6561426b995100 3c7f4ff4e18ba660 bc6561426b995100 3ce6207113d1970e bc819c653fec9ee0 3c7f4ff4e18ba640 bc819c653fec9ee0 3ce6563b251646b0 bf5cf89822f8e376 bf7b51d9bf94edb3 bf4e8f64f3b129fc 3f4c16db9c727813 bf7073ab3a95ba95 3f5b8fdc5aac28a4	oooooooooooooooooooooooooooooooooooooioooooooooooooooooooioooioioooiooooooooooooooioooooooooooooooooooooooooooooooooooooooooo
corpus_177@0	3e351626a8b000cf 3ef4998fa00dc2a0 bf761489c1e6e10a 3f46eb7d1a8ce8d8 3f1305b42f1af99d 3ce616a7c79412fc bc7d174c9d1c3b20 bc6c2c8e8a51ae00 bc7d174c9d1c3b20 3ce643185d661746 3c8276c080545820 bc6c2c8e8a51ae00 3c8276c080545820 3ce6406627b71f70 bf7b3dd790474608 bf4672c761cf87d0 bf54cbc707ce5f81 bf707f2659f2f06a 3f608d2eaa96e9f6 3f57788069de776c	oooooooooooooooooooooooooooooooooooooioooooooooooooooooooioooioioooioooooooooooooooooooiooooooooooooooooooooooooooooooooooooo
corpus_177@1	3e351626a8b000cf 3ef4998fa00dc2a0 3f8cf5bb1f0c8f7b bfa3a4520b95cc5d 3f9e1305b42f1af9 3ce616a7c79412fa bc7d174c9d1c3ae0 bc6c2c8e8a51ae40 bc7d174c9d1c3b40 3ce643185d661746 3c8276c080545820 bc6c2c8e8a51ae40 3c8276c080545820 3ce6406627b71f70 3f8a611437dc5cfc bfa459cb1d873e1f 3f9cb3438f831a07 3f8fc06cd30687cb bfa2f72d15569162 3f9f7788069de776	oooooooooooooooooooooooooooooooooooooioooooooooooooooooooioooioioooioooooooooooooooooooiooooooooooooooooooooooooooooooooooooo
corpus_177_alternate	3e351626a8b000ce 3ef4998fa00dc2a0 bf3e1953c4178e9c bf761ec81dc456d6 3f3ba97301d97b9e 3ce6237a13c96bf4 bc6561426b995100 3c7f4ff4e18ba660 bc6561426b995100 3ce6207113d1970c bc819c653fec9f00 3c7f4ff4e18ba640 bc819c653fec9ee0 3ce6563b251646b0 bf5cf89822f8e376 bf7b51d9bf94edb3 bf4e8f64f3b129fc 3f4c16db9c727813 bf7073ab3a95ba95 3f5b8fdc5aac28a4	oooooooooooooooooooooooooooooooooooooioooooooooooooooooooioooioioooiooooooooooooooioooooooooooooooooooooooooooooooooooooooooo
corpus_178	3e67015c0b63d76a 3f1460ba76287e72 3f89c24d51ba3eef 3f93e1b7dcadbedc bf915fa4b0136733 3d377b8fcedd06fa 3d009e9b0d2dd510 3ca198cb16c27300 3d009e9b0d2dd510 3d39071ac1f7efb4 bccb2b73bb320b40 3ca198cb16c27280 bccb2b73bb320b40 3d3a155771e6e347 3f846e5460d91f72 3f912a82929a8e6e bf93a321e2a2f4f1 3f90010baed713ce 3f96b884e99a54fb bf8e0519f350e656	oooooooooooooooooooooooooooooooooooooioooooooooooooooooooooooiiooooooooooooooooooooooooiooooooooooooooooooooooooooooooooooooo
corpus_178@0	3e67015c0b63d76a 3f1460ba76287e72 3f53f8bdcc715100 bf946cd26d1517f6 3f9513db85395d5f 3d39db845a156b9f 3ce6b5037c40ff12 3ce184dc0cd28688 3ce6b5037c40ff10 3d3864c9bf76fd51 bd0106bbb564e00b 3ce184dc0cd28688 bd0106bbb564e00f 3d3857b3e92f7101 bf5345056eb75d55 bf972d34c968bde7 3f92508bcc454f2c 3f6cfa06eaf96ccd bf9233562b2832de 3f9809b02395fa7f	oooooooooooooooooooooooooooooooooooooioooooooooooooooooooooooiiioooioooooooooooooooooooiooooioooooooooooooooooooooooooooooooo
corpus_178@1	3e67015c0b63d76a 3f1460ba76287e72 3fa49fc5ee638a88 bfb91b349b4545fd 3fb444f6e14e5757 3d39db845a156b9f 3ce6b5037c40ff10 3ce184dc0cd28688 3ce6b5037c40ff12 3d3864c9bf76fd50 bd0106bbb564e00b 3ce184dc0cd28688 bd0106bbb564e00d 3d3857b3e92f7100 3fa365d7d48a4515 bfb9cb4d325a2f79 3fb39422f31153ca 3fa5cfa06eaf96cc bfb88cd58aca0cb7 3fb5026c08e57ea0	oooooooooooooooooooooooooooooooooooooioooooooooooooooooooooooiiioooioooooooooooooooooooiooooioooooooooooooooooooooooooooooooo
corpus_178_alternate	3e67015c0b63d76a 3f1460ba76287e71 3f89c24d51ba3eef 3f93e1b7dcadbedc bf915fa4b0136733 3d377b8fcedd06fa 3d009e9b0d2dd50e 3ca198cb16c27280 3d009e9b0d2dd50e 3d39071ac1f7efb2 bccb2b73bb320b00 3ca198cb16c27280 bccb2b73bb320b00 3d3a155771e6e347 3f846e5460d91f72 3f912a82929a8e6e bf93a321e2a2f4f1 3f90010baed713ce 3f96b884e99a54fb bf8e0519f350e656	oooooooooooooooooooooooooooooooooooooioooooooooooooooooooooooiiooooooooooooooooooooooooiooooooooooooooooooooooooooooooooooooo
corpus_179	3e9a5b160632f30a 3f379bd3f6cf7f24 bf9d8ddbf766196a 3fa311e62c6c20ee bfa12b120a27a5ba 3d906f9a1a1ad8e6 bd47bd9434ccfb58 bd353a5711691de0 bd47bd9434ccfb60 3d904f24613142e1 3d3e6aa6943a1770 bd353a5711691df0 3d3e6aa6943a1780 3d8f87091f00a7da bfa1cb83c4ca6a3e 3fa0548dba573ded bfa46425fe5584aa bf97edcbfc665b02 3fa5d73a8f1fd582 bf9c1a4ef5b57d3d	oooooooooooooooooooooooooooooooooooooooooooooooooooooooooioooioioooioooooooooooooooooooiooooooooooooooooooooooooooooooooooooo
corpus_179@0	3e9a5b160632f30a 3f379bd3f6cf7f24 3fa010f012077ca0 bfa25f9577ea5229 bfa0c3dfb858fb0f 3d8f41874143d1ac 3d265d3a9af03240 bd37f9b5a5376528 3d265d3a9af03240 3d8f62d032ca376d bd303b436ae388b0 bd37f9b5a5376528 bd303b436ae388b0 3d91301750c56b27 3f99ada4dcde0dd7 bfa5693ad01c3273 bfa3a404501715d6 3fa2ef61692e6b24 bf9eb0405798ee9c bf9c7a776a8c230a	oooooooooooooooooooooooooooooooooooooioooooooooooooooooooooooooioooioooooooooooooooooooiioooooooooooooooooooooooooooooooooooo
corpus_179@1	3e9a5b160632f30a 3f379bd3f6cf7f24 3fbc08780903be50 bfc897e55dfa948a 3fb59e1023d38279 3d8f41874143d1ac 3d265d3a9af03280 bd37f9b5a5376518 3d265d3a9af03260 3d8f62d032ca376c bd303b436ae388c0 bd37f9b5a5376518 bd303b436ae388c0 3d91301750c56b27 3fba6b6937378376 bfc95a4eb4070c9d 3fb42dfdd7f47514 3fbd77b0b4973593 bfc7d6080af31dd3 3fb6e162255cf73d	oooooooooooooooooooooooooooooooooooooioooooooooooooooooooooooooioooioooooooooooooooooooiioooooooooooooooooooooooooooooooooooo
corpus_179_alternate	3e9a5b160632f30a 3f379bd3f6cf7f24 bf9d8ddbf766196a 3fa311e62c6c20ee bfa12b120a27a5ba 3d906f9a1a1ad8e6 bd47bd9434ccfb58 bd353a5711691de0 bd47bd9434ccfb58 3d904f24613142e1 3d3e6aa6943a1778 bd353a5711691de0 3d3e6aa6943a1790 3d8f87091f00a7da bfa1cb83c4ca6a3e 3fa0548dba573ded bfa46425fe5584aa bf97edcbfc665b02 3fa5d73a8f1fd582 bf9c1a4ef5b57d3d	oooooooooooooooooooooooooooooooooooooooooooooooooooooooooioooioioooioooooooooooooooooooiooooooooooooooooooooooooooooooooooooo
corpus_180	3ecd0f771b7a5cef 3f56c17f32d4dce6 bf935ee47c002616 3fa326627802243e bfab30ebb561e97b 3de33321da4244e6 bd841dc6339618d8 bdab116dda72c664 bd841dc6339618d8 3de1fd7838dc6edc bda18cd5d0b31438 bdab116dda72c664 bda18cd5d0b31438 3de1da72876ba28c bf9e28bfe2133a1a 3f9a45d18c2e786e bfb0bdaa6cac15c5 bf7f52161fef103c 3fa93b16c99de1ab bfa4ceb4b5fed3f6	oooooooooooooooooooooooooooooooooooooioooooooooooooooooooooooiiioooooooooooooooooooooooiooooooooooooooooooooooooooooooooooooo
corpus_180@0	3ecd0f771b7a5cef 3f56c17f32d4dce6 3f6b76349fccdc8a bf85fe0bc8e1401f bfb1141b856631fa 3de30a6e706a0199 3dab6ed67a12961c bd7c0df2a99436b0 3dab6ed67a129624 3de15a923ec9b7f4 bd9f1fbd326ea420 bd7c0df2a9943698 bd9f1fbd326ea428 3de2a60beb569cbd bf7fb8584afce19a bf9703f42ed57ced bfb3e66dabb8d91b 3f8e295a2307d6ae 3f4109d302bae3f0 bfacd5857ae7fda4	oooooooooooooooooooooooooooooooooooooooooooooooooooooooooiooooiioooioooooooooooooooooooiooooooooooooooooooooooooooooooooooooo
corpus_180@1	3ecd0f771b7a5cef 3f56c17f32d4dce6 3fc46dd8d27f3373 bfd4aff05e470a01 3fc575f23d4ce702 3de30a6e706a0199 3dab6ed67a12961c bd7c0df2a99436c0 3dab6ed67a129624 3de15a923ec9b7f4 bd9f1fbd326ea418 bd7c0df2a99436b0 bd9f1fbd326ea420 3de2a60beb569cbd 3fc3023d3da818f3 bfd5703f42ed57ce 3fc40cc92a239373 3fc5e295a2307d6a bfd3f77b167ea28d 3fc6ca9ea1460096	oooooooooooooooooooooooooooooooooooooooooooooooooooooooooiooooiioooioooooooooooooooooooiooooooooooooooooooooooooooooooooooooo
corpus_180_alternate	3ecd0f771b7a5cef 3f56c17f32d4dce6 bf935ee47c002616 3fa326627802243e bfab30ebb561e97b 3de33321da4244e6 bd841dc6339618d8 bdab116dda72c664 bd841dc6339618d8 3de1fd7838dc6edc bda18cd5d0b31438 bdab116dda72c664 bda18cd5d0b31438 3de1da72876ba28c bf9e28bfe2133a1a 3f9a45d18c2e786e bfb0bdaa6cac15c5 bf7f52161fef103c 3fa93b16c99de1ab bfa4ceb4b5fed3f6	oooooooooooooooooooooooooooooooooooooioooooooooooooooooooooooiiioooooooooooooooooooooooiooooooooooooooooooooooooooooooooooooo
corpus_181	3ef98f4f3c2a260c 3f78091136aa8920 3f6c8c6563d3da20 3fb8606bbdf0ea0d bfb87fd23981985e 3e2dde68952222cf bdd04ef4d805176c 3df4dc930ad30504 bdd04ef4d805176c 3e2e890df1c9f1e0 bdc6d3840c830730 3df4dc930ad30504 bdc6d3840c830720 3e301f6400e5abb4 bf9531d684e418ce 3fb2a68c6e062832 bfbe26d83715ba7b 3f9aef5bccdf19df 3fbda300fd0bcb60 bfb2f8de53ae25e6	oooooooooooooooooooooooooooooooooooooioooooooooooooooooooioooooiooooiooooooooooooooooooiooooooooooooooooooooooooooooooooooooo
corpus_181@0	3ef98f4f3c2a260c 3f78091136aa8920 bf984dae5cc96e8c 3fc0d567e2b516da bf93eef436c18d6b 3e2f01a81f7cfa18 bdf125e429d44058 3defb40c00357a88 bdf125e429d44054 3e2eae8ffb5ed84c bdc7c5e258f10f00 3defb40c00357a88 bdc7c5e258f10f00 3e2ef6066ddb99b2 bfa8469b1463254f 3fbc1b8e376bd322 bfa5c6ecf4dbb667 bf49854a77a2d480 3fc3dd666725f736 3f738a67e7a7f4a8	oooooooooooooooooooooooooooooooooooooioooooooooooooooooooioooioioooioooooooooooooooooooiooooooooooooooooooooooooooooooooooooo
corpus_181@1	3ef98f4f3c2a260c 3f78091136aa8920 3fd27b251a336918 bfdf954c0ea57493 3fdcc110bc93e729 3e2f01a81f7cfa18 bdf125e429d44058 3defb40c00357a88 bdf125e429d44054 3e2eae8ffb5ed84c bdc7c5e258f10f00 3defb40c00357a88 bdc7c5e258f10f00 3e2ef6066ddb99b2 3fd0f72c9d739b57 bfe07c8e3912859b 3fdb472261648934 3fd3f33d5ac42e96 bfde114ccc6d0464 3fde4e299f9e9fd2	oooooooooooooooooooooooooooooooooooooioooooooooooooooooooioooioioooioooooooooooooooooooiooooooooooooooooooooooooooooooooooooo
corpus_181_alternate	3ef98f4f3c2a260c 3f78091136aa8920 3f6c8c6563d3da28 3fb8606bbdf0ea0d bfb87fd23981985e 3e2dde68952222cf bdd04ef4d805176c 3df4dc930ad30504 bdd04ef4d805176c 3e2e890df1c9f1e0 bdc6d3840c830720 3df4dc930ad30504 bdc6d3840c830720 3e301f6400e5abb4 bf9531d684e418ce 3fb2a68c6e062832 bfbe26d83715ba7b 3f9aef5bccdf19df 3fbda300fd0bcb60 bfb2f8de53ae25e6	oooooooooooooooooooooooooooooooooooooioooooooooooooooooooioooooiooooiooooooooooooooooooiooooooooooooooooooooooooooooooooooooo
corpus_182	3f1cb4583906a321 3f8c9d9c13c5e994 bfa76af54cc25e33 bfa1b479168309ef 3fb086cc56a4fe8c 3e6c8210df0a8227 be01f1557c6f7380 be36ee252b0e5918 be01f1557c6f7380 3e61a7f5c32c142f 3e334a2b37da1dd6 be36ee252b0e591c 3e334a2b37da1dd6 3e6ef5e959b537d6 bfb5793b5b87cd1d bfb438db94c46cb8 3fa0aacecbfe7476 bf8ebb249452a9ba 3f7b3f511bb56d10 3fb8993276e55d75	oooooooooooooooooooooooooooooooooooooioooooooooooooooooooiooooiooooioooooooooooooooooooiooooioooooooooooooooooooooooooooooooo
corpus_182@0	3f1cb4583906a321 3f8c9d9c13c5e994 3f6f14128ffa6c85 3fa81a94e5f80597 3fb28109ae5bd72c 3e68d194cd378deb 3e1be9b92373e558 be3f1679ae14108f 3e1be9b92373e554 3e6eaea90b0dedc9 3e44e37799dd98f6 be3f1679ae14108f 3e44e37799dd98f7 3e659fb223a6527b bf9e019ae166da23 3f912800f1caf25d 3fa09d40dd7b7cf7 3fa47b26f87ce1b1 3fb44daf1c939140 3fbd86ac6434d554	ooooooooooooooooooooooooooooooooiooooioooooooooooooooooooooooiiioooooooooooooooooooooooiooooooooooooooooooooooooooooooooooooo
corpus_182@1	3f1cb4583906a321 3f8c9d9c13c5e994 3fe41f14128ffa6c bff33f2b58d03fd4 3ff028109ae5bd73 3e68d194cd378deb 3e1be9b92373e558 be3f1679ae14108f 3e1be9b92373e554 3e6eaea90b0dedc9 3e44e37799dd98f6 be3f1679ae14108f 3e44e37799dd98f7 3e659fb223a6527b 3fe30ff328f4c92e bff3bb5ffc38d437 3fef09d40dd7b7d0 3fe547b26f87ce1a bff2bb250e36c6ec 3ff0d86ac6434d55	ooooooooooooooooooooooooooooooooiooooioooooooooooooooooooooooiiioooooooooooooooooooooooiooooooooooooooooooooooooooooooooooooo
corpus_182_alternate	3f1cb4583906a321 3f8c9d9c13c5e994 bfa76af54cc25e33 bfa1b479168309ef 3fb086cc56a4fe8c 3e6c8210df0a8227 be01f1557c6f7380 be36ee252b0e5918 be01f1557c6f7380 3e61a7f5c32c142f 3e334a2b37da1dd6 be36ee252b0e591c 3e334a2b37da1dd6 3e6ef5e959b537d6 bfb5793b5b87cd1d bfb438db94c46cb8 3fa0aacecbfe7476 bf8ebb249452a9ba 3f7b3f511bb56d10 3fb8993276e55d75	oooooooooooooooooooooooooooooooooooooioooooooooooooooooooiooooiooooioooooooooooooooooooiooooioooooooooooooooooooooooooooooooo
corpus_183	3f5a337557b91b8d 3fb745b80e53629f 3fe37cf74be794cd 3fdf7e38c44d922d 3fc3cc2cdaac423b 3ecd34ef7c7ae97a 3e7c180b02c3d3b0 3e7f7c836cf09940 3e7c180b02c3d3b0 3ed3b41df4964c0e be740a60adc065ce 3e7f7c836cf09940 be740a60adc065ce 3ece6bb95875fb1c 3fe070300cc57374 3fdb8df69dc0b518 3facadec01ee4642 3fe6ea790b12725d 3fe1a82a25bb0c5e 3fcf882bad699b7c	oooooooooooooooooooooooooooooooooooooioooooooooooooooooooioooioioooiiooooooooooooooooooiooooooooooooooooooooooooooooooooooooo
corpus_183@0	3f5a337557b91b8d 3fb745b80e53629f 3fcb7bb85f0d8c52 3fccc36acf862453 3fe785d4eae40e64 3ed1496e318dc129 be90a50bea607ad4 3ea3d7b5106086be be90a50bea607ad4 3ecfcdb2e933b41b be87e1ae49dd966c 3ea3d7b5106086c4 be87e1ae49dd9674 3ed0542ab8e72320 3fc21883f0925cb9 3fc2b7a8756b36c0 3fe4a62214c3ea98 3fd2cb2f02a1e810 3fd367817649532c 3fea38b7f1b6c022	oooooooooooooooooooooooooooooooooooooioooooooooooooooooooioooioioooioooooooooooooooooooiooooooooooooooooooooooooooooooooooooo
corpus_183@1	3f5a337557b91b8d 3fb745b80e53629f 3ff76f770be1b18a c00233c953079dbb 4004e1753ab90398 3ed1496e318dc129 be90a50bea607ad4 3ea3d7b5106086be be90a50bea607ad4 3ecfcdb2e933b41b be87e1ae49dd966c 3ea3d7b5106086c4 be87e1ae49dd9674 3ed0542ab8e72320 3ff643107e124b96 c002d48578a94c94 400429888530faa6 3ff8b2cbc0a87a03 c001930fd136d59a 40058e2dfc6db008	oooooooooooooooooooooooooooooooooooooioooooooooooooooooooioooioioooioooooooooooooooooooiooooooooooooooooooooooooooooooooooooo
corpus_183_alternate	3f5a337557b91b8e 3fb745b80e53629f 3fe37cf74be794cd 3fdf7e38c44d922d 3fc3cc2cdaac423b 3ecd34ef7c7ae97d 3e7c180b02c3d3a8 3e7f7c836cf09940 3e7c180b02c3d3aa 3ed3b41df4964c0f be740a60adc065ca 3e7f7c836cf09950 be740a60adc065ca 3ece6bb95875fb1e 3fe070300cc57374 3fdb8df69dc0b518 3facadec01ee4642 3fe6ea790b12725d 3fe1a82a25bb0c5e 3fcf882bad699b7c	oooooooooooooooooooooooooooooooooooooioooooooooooooooooooioooioioooiiooooooooooooooooooiooooooooooooooooooooooooooooooooooooo
corpus_184	3f8ee01dd079916d 3fd6a0eed8b674fa bfd7c5d10ddf181e bfc2d43c46342090 3fd10544fcd80805 3f24c8d634fe2451 3ed52e5fe91763b0 3ea0f9b4aa0de300 3ed52e5fe91763b0 3f23653dc7583347 3ee2b95beaed47c8 3ea0f9b4aa0de280 3ee2b95beaed47c4 3f23c307c033b7be bfe28222cc2c72ff bfd581b10f11196c 3fb5536d780e248c bfc94ac3cc8ef83e 3fa6cbc0e5808c0f 3fdd2837ea48b74e	oooooooooooooooooooooooooooooooooooooioooooooooooooooooooioooiiioooioooooooooooooooooooiooooooooooooooooooooooooooooooooooooo
corpus_184@0	3f8ee01dd079916d 3fd6a0eed8b674fa bfd5cdf0a3664cf0 bfb06e25147fbca3 3fd53da1e57ad914 3f24f700681bfe93 3ed4823541032978 be979ecc23b5ef00 3ed4823541032978 3f237be9aee18e43 3ee175c60b312c34 be979ecc23b5ee00 3ee175c60b312c30 3f237e31a58c827e bfe17ebb249c22b1 bfd0a424102eba2b 3fc2d8b881bbd215 bfc6650d7b4f74d0 3fc125dda66d0378 3fe106d4d862adc0	oooooooooooooooooooooooooooooooooooooioooooooooooooooooooioooiiioooioooooooooooooooooooiooooooooooooooooooooooooooooooooooooo
corpus_184@1	3f8ee01dd079916d 3fd6a0eed8b674fa 40014641eb933663 c01441b89451fef3 401053da1e57ad92 3f24f700681bfe93 3ed4823541032978 be979ecc23b5ee00 3ed4823541032978 3f237be9aee18e43 3ee175c60b312c34 be979ecc23b5ee00 3ee175c60b312c2c 3f237e31a58c827e 3fff40a26db1eea8 c0150a424102eba3 400f2d8b881bbd23 400299af284b08b3 c01376d112cc97e5 401120da9b0c55b9	oooooooooooooooooooooooooooooooooooooioooooooooooooooooooioooiiioooioooooooooooooooooooiooooooooooooooooooooooooooooooooooooo
corpus_184_alternate	3f8ee01dd079916d 3fd6a0eed8b674fa bfd7c5d10ddf181e bfc2d43c46342090 3fd10544fcd80805 3f24c8d634fe2451 3ed52e5fe91763b0 3ea0f9b4aa0de300 3ed52e5fe91763b0 3f23653dc7583347 3ee2b95beaed47c8 3ea0f9b4aa0de280 3ee2b95beaed47c4 3f23c307c033b7be bfe28222cc2c72ff bfd581b10f11196c 3fb5536d780e248c bfc94ac3cc8ef83e 3fa6cbc0e5808c0f 3fdd2837ea48b74e	oooooooooooooooooooooooooooooooooooooioooooooooooooooooooioooiiioooioooooooooooooooooooiooooooooooooooooooooooooooooooooooooo
corpus_185	3fc16eae60470954 3ffabe579ee29981 3feac78daeb35b2f 3ff727ccb9e3f3c2 3ffffe536beaefce 3f790e2401068854 3f462d2b98839ed1 bf2c39801b128530 3f462d2b98839ed1 3f784ce0c3418afa bf252d0040fc48e0 bf2c39801b128530 bf252d0040fc48e0 3f7aba22037f2665 3fdce92e62f98276 3ff0df0f52dc82ca 3ffa487d0b51ba68 3ff3892c9fa2aa1a 3ffd6787a2c19846 4002dce5826909a1	oooooooooooooooooooooooooooooooooooooioooooooooooooooooooioooioioooioooooooooooooooooooiooooooooooooooooooooooooooooooooooooo
corpus_185@0	3fc16eae60470954 3ffabe579ee29981 3ffaa643a835f7e4 3ff7370b28adfe0c 3ff6224a435190d0 3f7a14adc15a8557 3f3b5c4bfc085c50 bf341b9751640db0 3f3b5c4bfc085c44 3f76a5a19d368f9f 3ef8a45aa5500b00 bf341b9751640da8 3ef8a45aa5500a80 3f7b5ad7693624be 3ff4726d41c79f45 3ff0d371c35b0d00 3ff052d23e4f279c 400073e7f79d954e 3ffde2fed8a34a23 3ffbe38b9416eb4c	oooooooooooooooooooooooooooooooooooooioooooooooooooooooooioooioioooioooooooooooooooooooiooooooooooooooooooooooooooooooooooooo
corpus_185@1	3fc16eae60470954 3ffabe579ee29981 401aa990ea0d7df9 c021191e9aea403e 4021c449486a321a 3f7a14adc15a8556 3f3b5c4bfc085c50 bf341b9751640db0 3f3b5c4bfc085c50 3f76a5a19d368f9f 3ef8a45aa5500a80 bf341b9751640da8 3ef8a45aa5500a00 3f7b5ad7693624be 40191c9b5071e7d1 c021e591c7949e60 40210a5a47c9e4f4 401c39f3fbcecaa7 c02043a024eb96bd 40227c717282dd69	oooooooooooooooooooooooooooooooooooooioooooooooooooooooooioooioioooioooooooooooooooooooiooooooooooooooooooooooooooooooooooooo
corpus_185_alternate	3fc16eae60470953 3ffabe579ee29980 3feac78daeb35b2e 3ff727ccb9e3f3c2 3ffffe536beaefcf 3f790e2401068853 3f462d2b98839ed1 bf2c39801b128540 3f462d2b98839ed1 3f784ce0c3418af6 bf252d0040fc48e0 bf2c39801b128540 bf252d0040fc48e0 3f7aba22037f2662 3fdce92e62f98276 3ff0df0f52dc82ca 3ffa487d0b51ba68 3ff3892c9fa2aa1a 3ffd6787a2c19846 4002dce5826909a1	oooooooooooooooooooooooooooooooooooooioooooooooooooooooooioooioioooioooooooooooooooooooiooooooooooooooooooooooooooooooooooooo
corpus_186	3fe62f0ca869a9c3 40122c75f1ec8eb9 40064bd2f0f20eba bfef58d491881056 40144e09278b9f5b 3fba5847452c583f 3f480c4ef7237e80 bf4487e8bb885700 3f480c4ef7237e60 3fb4419b9eaa96a0 bf885b8f6802e088 bf4487e8bb885700 bf885b8f6802e088 3fb84f296e044655 4001c4e114afe4db bffc30c2b2f0f67d 4011a810cb27b533 400b30385c0b6fbb bfd051917747088b 40170c3295c307de	oooooooooooooooooooooooooooooooooooooiooooiooooooooooooooioooiiooooioooooooooooooooooooiooooooooooooooooooooooooooooooooooooo
corpus_186@0	3fe62f0ca869a9c3 40122c75f1ec8eb9 40150e2b1049101f bfd7a958223f55b9 4004a16d45cb3cf4 3fb9837774ae4864 3f7aeebc7e93d26c bf416aad3620c180 3f7aeebc7e93d264 3fb30c87bc33f2a4 bf56b4d8ec250c40 bf416aad3620c180 bf56b4d8ec250c40 3fba590d20f8fa2c 4012b897b7737d5e bff0f13aba3683f8 4000297494c61315 4017741b7b0d8331 3fd8a3a88484f046 40096a8dcfc8f5b9	oooooooooooooooooooooooooooooooooooooioooooooooooooooooooioooiiioooiooooooooooooooooooooooooooooooooooooooooooooooooooooooooo
corpus_186@1	3fe62f0ca869a9c3 40122c75f1ec8eb9 402e87158824880f c0345ea56088fd56 4031942da8b9679f 3fb9837774ae4864 3f7aeebc7e93d26a bf416aad3620c180 3f7aeebc7e93d266 3fb30c87bc33f2a4 bf56b4d8ec250c48 bf416aad3620c180 bf56b4d8ec250c40 3fba590d20f8fa2c 402d5c4bdbb9beb0 c0350f13aba36840 4031052e9298c263 402fba0dbd86c19a c0339d715dedec3f 40322d51b9f91eb7	oooooooooooooooooooooooooooooooooooooioooooooooooooooooooioooiiioooiooooooooooooooooooooooooooooooooooooooooooooooooooooooooo
corpus_186_alternate	3fe62f0ca869a9c3 40122c75f1ec8eb9 40064bd2f0f20eba bfef58d491881058 40144e09278b9f5b 3fba5847452c583f 3f480c4ef7237e60 bf4487e8bb885700 3f480c4ef7237e40 3fb4419b9eaa96a0 bf885b8f6802e088 bf4487e8bb885700 bf885b8f6802e088 3fb84f296e044655 4001c4e114afe4db bffc30c2b2f0f67d 4011a810cb27b533 400b30385c0b6fbb bfd051917747088b 40170c3295c307de	oooooooooooooooooooooooooooooooooooooiooooiooooooooooooooioooiiooooioooooooooooooooooooiooooooooooooooooooooooooooooooooooooo
corpus_187	40177db4c2cd357d 403599d42033b718 4016494cc3fccf9b c01337903d49c3a6 3fffad4f29b5879c 4007d122fe310f70 3fbf4fb6f647b972 3fc15fa12643d8d2 3fbf4fb6f647b972 400c32e76327e05f bfa23a4c72977388 3fc15fa12643d8ce bfa23a4c72977388 400d49e2a4430240 4010ef9f16dff6bf c017d3dc7fdaea69 3fecd2e5d7f38e69 401ba72e88811bef c00cca5493bfd1a2 400817b247bbdf3f	oooooooooooooooooooooooooooooooooooooioooooooooooooooooooooooooioooiioooooooooooooooooiiooooooooooooooooooooooooooooooooooooo
corpus_187@0	40177db4c2cd357d 403599d42033b718 3ff1e41d6025e4ba 401dd2b58164aafa bff18edbd321724c 400ca352d3448fb7 bfc7149aceb29cd8 3fb98ee6cac98b48 bfc7149aceb29cc8 400aa469a2bccc10 3fd3a12ad5569f20 3fb98ee6cac98b48 3fd3a12ad5569f1a 400a06308f9a964a bfc90dcb231fd970 401839b20cf88f21 c00297adbcd5b881 4004b6aafa154ed2 40223540fb0a7518 3fd1103e8e6599e6	oooooooooooooooooooooooooooooooooooooioooooooooooooooooooioooiiioooiooooooooooooooooooooooooooooooooooooooooooooooooooooooooo
corpus_187@1	40177db4c2cd357d 403599d42033b718 40351e41d6025e4c c04045a94fd36aa1 403ce71242cde8db 400ca352d3448fb6 bfc7149aceb29ce0 3fb98ee6cac98b38 bfc7149aceb29cd0 400aa469a2bccc10 3fd3a12ad5569f20 3fb98ee6cac98b30 3fd3a12ad5569f1a 400a06308f9a964a 4033cde469b9c04e c040f8c9be60ee1c 403bad0a486548ef 403696d55f42a9da c03ee55f827ac575 403e4440fa399667	oooooooooooooooooooooooooooooooooooooioooooooooooooooooooioooiiioooiooooooooooooooooooooooooooooooooooooooooooooooooooooooooo
corpus_187_alternate	40177db4c2cd357c 403599d42033b718 4016494cc3fccf9b c01337903d49c3a6 3fffad4f29b5879c 4007d122fe310f70 3fbf4fb6f647b966 3fc15fa12643d8d0 3fbf4fb6f647b966 400c32e76327e05f bfa23a4c72977380 3fc15fa12643d8cc bfa23a4c72977380 400d49e2a4430240 4010ef9f16dff6bf c017d3dc7fdaea69 3fecd2e5d7f38e69 401ba72e88811bef c00cca5493bfd1a2 400817b247bbdf3f	oooooooooooooooooooooooooooooooooooooioooooooooooooooooooooooooioooiioooooooooooooooooiiooooooooooooooooooooooooooooooooooooo
corpus_188	404c59bc0d685d62 40554a3aea7abdfe c0324fbea4e99d14 40203663cb2f17f3 402b53fa3758c6e5 4060e7d5fdef5ea2 40130633e274e8cc 40164c6e9fd260ac 40130633e274e8d8 4061b090f3c2cba0 402bc4844dc67204 40164c6e9fd260ac 402bc4844dc67208 406182e477b82261 c03509b1f6b2b33f 4014355b5924ef3c 40251ec2d334f886 c02ed478a5aa53e1 4025e64aa3705fcb 4030838b4fbec7c1	oooooooooooooooooooooooooooooooooooooioooooooooooooooooooioooiiioooioooooooooooooooooooiooooooooooooooooooooooooooooooooooooo
corpus_188@0	404c59bc0d685d62 40554a3aea7abdfe c02462e09044b5bc 403506add67f8f17 4019d7052505309a 4060538c727540d0 c017037f35dfe078 4009263f05211a70 c017037f35dfe074 40614302fc94601a c027656ea4337dbc 4009263f05211a58 c027656ea4337dc4 406284bbfa60abbb c029bcf8934eb583 40321208c5c0c9a0 400cf6c8ba3ba0b1 c01dad06edd37aa3 4037e9656d904632 40224da0ed20245a	oooooooooooooooooooooooooooooooooooooioooooooooooooooooooiooooiioooioooooooooooooooooooiooooooooooooooooooooooooooooooooooooo
corpus_188@1	404c59bc0d685d62 40554a3aea7abdfe 403dce8fb7dda522 c04d7ca914c03875 40509d7052505309 4060538c727540cf c017037f35dfe080 4009263f05211a78 c017037f35dfe07c 40614302fc94601a c027656ea4337dc0 4009263f05211a60 c027656ea4337dcc 406284bbfa60abba 403b2183b658a53f c04ef6fb9d1f9b31 404fcf6c8ba3ba09 40404a5f224590ac c04c0b4d4937dce7 405149b41da4048b	oooooooooooooooooooooooooooooooooooooioooooooooooooooooooiooooiioooioooooooooooooooooooiooooooooooooooooooooooooooooooooooooo
corpus_188_alternate	404c59bc0d685d63 40554a3aea7abdff c0324fbea4e99d14 40203663cb2f17f3 402b53fa3758c6e5 4060e7d5fdef5ea2 40130633e274e8e0 40164c6e9fd260b0 40130633e274e8dc 4061b090f3c2cba0 402bc4844dc67204 40164c6e9fd260b0 402bc4844dc67204 406182e477b82262 c03509b1f6b2b33f 4014355b5924ef3c 40251ec2d334f886 c02ed478a5aa53e1 4025e64aa3705fcb 4030838b4fbec7c1	oooooooooooooooooooooooooooooooooooooioooooooooooooooooooioooiiioooioooooooooooooooooooiooooooooooooooooooooooooooooooooooooo
corpus_189	4076640224e34396 4074a10804418a8a 40301fd37347a7bd 4007eeefccd6a3fd c02d35ff3f141b27 40a81913c0685bfc c05c0c07df54fcb4 405f4c4356e0c918 c05c0c07df54fcb4 40a83de6b81a6b3e c05fa747b48f4c40 405f4c4356e0c918 c05fa747b48f4c50 40a8c5196220e352 4025f0b23285f219 c0051cffeb70541f c03430fd245d6ea2 40352a0d5382204c 4020f098e81b21f6 c02256584a5f0cdf	oooooooooooooooooooooooooooooooooooooioooooooooooooooooooioooioioooioooooooooooooooooooiooooooooooooooooooooooooooooooooooooo
corpus_189@0	4076640224e34396 4074a10804418a8a 402890e5ebcc2a0f c02a8f22f707528b 4028e74293596ac2 40a74f636e7f3761 4038754021edc9f0 4020955438f636c0 4038754021edc9e0 40a968d636f4eb2d 4064c5ca24dc3320 4020955438f63640 4064c5ca24dc3320 40a863da352f87fe 401d66aca1d544b4 c032cd45a4e90832 401cbb69d8f46443 4031b18b3e825d61 c01ff797ca5ac376 403201b6216d165a	oooooooooooooooooooooooooooooooooooooioooooooooooooooooooioooioioooioooooooooooooooooooiooooooooooooooooooooooooooooooooooooo
corpus_189@1	4076640224e34396 4074a10804418a8a 4057121cbd798541 c065a8f22f707529 40608e74293596ac 40a74f636e7f3760 4038754021edca30 4020955438f63700 4038754021edc9e0 40a968d636f4eb2d 4064c5ca24dc3320 4020955438f63680 4064c5ca24dc3320 40a863da352f87fe 4055d66aca1d544b c06659a8b49d2106 405fcbb69d8f4643 40586c62cfa09758 c064ffbcbe52d61c 40614036c42da2cc	oooooooooooooooooooooooooooooooooooooioooooooooooooooooooioooioioooioooooooooooooooooooiooooooooooooooooooooooooooooooooooooo
corpus_189_alternate	4076640224e34396 4074a10804418a8a 40301fd37347a7bd 4007eeefccd6a3fd c02d35ff3f141b27 40a81913c0685bfc c05c0c07df54fcbc 405f4c4356e0c920 c05c0c07df54fcbc 40a83de6b81a6b3f c05fa747b48f4c60 405f4c4356e0c920 c05fa747b48f4c70 40a8c5196220e352 4025f0b23285f219 c0051cffeb70541f c03430fd245d6ea2 40352a0d5382204c 4020f098e81b21f6 c02256584a5f0cdf	oooooooooooooooooooooooooooooooooooooioooooooooooooooooooioooioioooioooooooooooooooooooiooooooooooooooooooooooooooooooooooooo
corpus_190	40a0fa448d8b79d5 408fe79357ca0a48 4035c571a12b60b7 c0451a13586048ec 40329bb359cb9b3f 40edd495fb26f3a3 c0b814ab539d763d 4084507019fcba00 c0b814ab539d763f 40ec26c585ade514 c0ba8b73cff1f354 4084507019fcba00 c0ba8b73cff1f354 40f0c78ed93ce10f 402705f255921982 c04a7884f787fe14 40221560c742f867 403f031206901253 c03f3313d2caa02a 403b8aafccbfd417	oooooooooooooooooooooooooooooooooooooioooooooooooooooooooiooooiioooioooooooooooooooooooiooooooooooooooooooooooooooooooooooooo
corpus_190@0	40a0fa448d8b79d5 408fe79357ca0a48 4037ff0cd73222d2 c028c06a089630f1 4045a2c11eb64ee8 40eeb8d202204499 c09ac288a8f065ac 409b1393a51075cc c09ac288a8f065b4 40e9d5e0e4096faf 40b2b282349b65e8 409b1393a51075cc 40b2b282349b65ea 40f17de326927346 402daf56a6c35e76 c036debbd5105cff 4041d0647be89cc1 40409f5ea594d6ee bffa188bf0bbdabc 40494f863c0dfe4d	oooooooooooooooooooooooooooooooooooooiiooooooooooooooooooiioooiiooiiooooooooooooooooooiiooooooooooooooooooooooooooooooooooooo
corpus_190@1	40a0fa448d8b79d5 408fe79357ca0a48 4066ffe19ae6445b c074c6035044b187 4071b45823d6c9de 40eeb8d202204499 c09ac288a8f0659c 409b1393a51075c8 c09ac288a8f065a4 40e9d5e0e4096faf 40b2b282349b65e8 409b1393a51075c8 40b2b282349b65ea 40f17de326927346 4065daf56a6c35e7 c0756debbd5105cf 40713a0c8f7d1399 406827d7a96535bc c0741a188bf0bbda 407229f0c781bfca	oooooooooooooooooooooooooooooooooooooiiooooooooooooooooooiioooiiooiiooooooooooooooooooiiooooooooooooooooooooooooooooooooooooo
corpus_190_alternate	40a0fa448d8b79d5 408fe79357ca0a48 4035c571a12b60b7 c0451a13586048ec 40329bb359cb9b3f 40edd495fb26f3a3 c0b814ab539d763f 4084507019fcb9e0 c0b814ab539d7640 40ec26c585ade514 c0ba8b73cff1f354 4084507019fcba00 c0ba8b73cff1f354 40f0c78ed93ce10f 402705f255921982 c04a7884f787fe14 40221560c742f867 403f031206901253 c03f3313d2caa02a 403b8aafccbfd417	oooooooooooooooooooooooooooooooooooooioooooooooooooooooooiooooiioooioooooooooooooooooooiooooooooooooooooooooooooooooooooooooo
corpus_191	40e2023f2cee7163 40bde7cbdc96e98c 4053ff5d131931e4 c0601f9090839450 c0586ee513533201 4160366410ff7b9e c11ab3fbb44606fc c132ea5c67b0c436 c11ab3fbb44606fc 415ae751cdc1e2e0 c131945768d3b48e c132ea5c67b0c437 c131945768d3b48c 415c463aa071f406 404aef184937d033 c063f5ad510f287e c05f41ff9fb6e362 405a38a36b221856 c058f864f140f22f c0513bcced0d4bc0	oooooooooooooooooooooooooooooooooooooooooooooooooooooooooioooioooooiooooooooooooooooooooooooooooooooooooooooooooooooooooooooo
corpus_191@0	40e2023f2cee7163 40bde7cbdc96e98c 405f1cea77647343 c054ab2254b0f767 c059540a21028e73 4161a3358f58ca35 41156a8a9d9c7344 c0e7ce32289441ef 41156a8a9d9c734c 415e8f72b01d2c67 c11f9a7183f04bb0 c0e7ce32289441e7 c11f9a7183f04bb0 4155c476c1640d55 405a8a51e933056c c05b32df07c55f71 c05fb7586f34e5f1 4061759012b73897 c04d5d6b4cf5b2de c052d388d23cf0f1	ooooooooooooooooooooooooooooooooooooiooooooooooooooooooooioooioioooiooooooooooooooooooiiioooooooooooooooooooooooooooooooooooo
corpus_191@1	40e2023f2cee7163 40bde7cbdc96e98c 407bc73a9dd91cd1 c08695644a961eec 4077aafd77bf5c64 4161a3358f58ca35 41156a8a9d9c7344 c0e7ce32289441f8 41156a8a9d9c734c 415e8f72b01d2c67 c11f9a7183f04bb0 c0e7ce32289441ff c11f9a7183f04bb4 4155c476c1640d55 407aa2947a4cc15a c087665be0f8abee 40761229e432c684 407cbac8095b9c4b c085d5d6b4cf5b2e 40794b1dcb70c3c4	ooooooooooooooooooooooooooooooooooooiooooooooooooooooooooioooioioooiooooooooooooooooooiiioooooooooooooooooooooooooooooooooooo
corpus_191_alternate	40e2023f2cee7163 40bde7cbdc96e98d 4053ff5d131931e4 c0601f9090839450 c0586ee513533201 4160366410ff7b9e c11ab3fbb44606fc c132ea5c67b0c436 c11ab3fbb44606fc 415ae751cdc1e2e2 c131945768d3b492 c132ea5c67b0c437 c131945768d3b490 415c463aa071f408 404aef184937d033 c063f5ad510f287e c05f41ff9fb6e362 405a38a36b221856 c058f864f140f22f c0513bcced0d4bc0	oooooooooooooooooooooooooooooooooooooooooooooooooooooooooioooioooooiooooooooooooooooooooooooooooooooooooooooooooooooooooooooo
corpus_192	410584ecba300cd3 40d2ab72be4df6b2 c04c3e0c0c50788f c0732422b26441be c052486b97873806 419604c4afdeee37 c13e0385d4e88ddc 41296708f84b7a1a c13e0385d4e88ddb 4194bc7201cb7ca7 41545df4ddd5bfd8 41296708f84b7a1a 41545df4ddd5bfd8 4196cc8f712e7a0a c056d9422d77d48a c07627cc12cee027 c05c79edfce9b57e c03130f48dd2a852 c0702f20280e3db7 c04011ba42ee1fce	oooooooooooooooooooooooooooooooooooooioooooooooooooooooooiooooiooooioooooooooooooooooooiooooooooooooooooooooooooooooooooooooo
corpus_192@0	410584ecba300cd3 40d2ab72be4df6b2 c0545ba4ebf427d1 c0730a822d2ac9a9 c04adc7504fb46d9 41960068478fd4e5 c13bb2363d799514 413718a6581b7644 c13bb2363d799518 4194eb2f29a345e6 41560687046dcf28 413718a6581b7644 41560687046dcf30 4196a22eb1a5ca1c c05d7c2492957de7 c0760a87e786051f c057c755d488299c c0445db59e45efbc c0700c9673dc78f8 c0266e5a6eab0956	oooooooooooooooooooooooooooooooooooooiooooooooooooooooooooooooiooooioooooooooooooooooooiooooooooooooooooooooooooooooooooooooo
corpus_192@1	410584ecba300cd3 40d2ab72be4df6b2 4081748b62817b05 c098c2a08b4ab26b 408c5238afb04b92 41960068478fd4e5 c13bb2363d799514 413718a6581b7644 c13bb2363d799518 4194eb2f29a345e6 41560687046dcf28 413718a6581b7640 41560687046dcf30 4196a22eb1a5ca1c 4080507b6dad5042 c09982a1f9e18148 408b0715456efacd 4082ba24a61ba104 c09803259cf71e3e 408da646964553da	oooooooooooooooooooooooooooooooooooooiooooooooooooooooooooooooiooooioooooooooooooooooooiooooooooooooooooooooooooooooooooooooo
corpus_192_alternate	410584ecba300cd3 40d2ab72be4df6b2 c04c3e0c0c50788f c0732422b26441be c052486b97873806 419604c4afdeee37 c13e0385d4e88dc8 41296708f84b7a06 c13e0385d4e88dc7 4194bc7201cb7ca7 41545df4ddd5bfd8 41296708f84b7a06 41545df4ddd5bfd8 4196cc8f712e7a0a c056d9422d77d48a c07627cc12cee027 c05c79edfce9b57e c03130f48dd2a852 c0702f20280e3db7 c04011ba42ee1fce	oooooooooooooooooooooooooooooooooooooioooooooooooooooooooiooooiooooioooooooooooooooooooiooooooooooooooooooooooooooooooooooooo
corpus_193	413aa17a135dd103 40f98203209ca8a3 c051497a602ae2ea 405084cc21a267bd c0647eafec6b16c3 41efdaeeb4a00b91 c1ac9b3a1625d178 41a3bc669cf75ec8 c1ac9b3a1625d178 41f1e7c93278eabb c1b2b338a8ef9158 41a3bc669cf75ec8 c1b2b338a8ef9158 41f07b9acec30b66 c064c257193d2be8 c03f757ad5f25a4e c07009b98ee9fa2b 403ccc09a1a89288 406451da877dd028 c050cdda8a0acf3b	oooooooooooooooooooooooooooooooooooooioooooooooooooooooooooooioioooiooooooooooooooooooooooooooooooooooooooooooooooooooooooooo
corpus_193@0	413aa17a135dd103 40f98203209ca8a3 c0596f6eee4c7407 404d360b3dc88ffd c062a6eb7edd2e7a 41f14167157ed368 c1b8d2a204b8bb34 41a7a5a5ccb64116 c1b8d2a204b8bb34 41f0f649c7011882 c1a0aab5150f1678 41a7a5a5ccb64112 c1a0aab5150f1670 41f0192a7f0c0ffe c065aacaa59c3878 c04137818e5a52f1 c06dd96e89c15d63 c02e9388a002c36c 4062a6c4b817d598 c04d5bc1ea895c10	oooooooooooooooooooooooooooooooooooooiiooooooooooooooooooooooioioooooooooooooooooooooooiooooooooooooooooooooooooooooooooooooo
corpus_193@1	413aa17a135dd103 40f98203209ca8a3 40926909111b38bf c0a38b27d308ddc0 409bab2290245a30 41f14167157ed368 c1b8d2a204b8bb30 41a7a5a5ccb64112 c1b8d2a204b8bb30 41f0f649c7011882 c1a0aab5150f1678 41a7a5a5ccb64112 c1a0aab5150f1670 41f0192a7f0c0ffe 40914aa6ab4c78f2 c0a444de0639694c 409a44d22ec7d454 4093c2d8eebffa79 c0a2d593b47e82a6 409d1521f0abb520	oooooooooooooooooooooooooooooooooooooiiooooooooooooooooooooooioioooooooooooooooooooooooiooooooooooooooooooooooooooooooooooooo
corpus_193_alternate	413aa17a135dd103 40f98203209ca8a3 c051497a602ae2e9 405084cc21a267bd c0647eafec6b16c4 41efdaeeb4a00b90 c1ac9b3a1625d174 41a3bc669cf75ec8 c1ac9b3a1625d170 41f1e7c93278eabb c1b2b338a8ef9158 41a3bc669cf75ec8 c1b2b338a8ef9158 41f07b9acec30b66 c064c257193d2be8 c03f757ad5f25a4e c07009b98ee9fa2b 403ccc09a1a89288 406451da877dd028 c050cdda8a0acf3b	oooooooooooooooooooooooooooooooooooooioooooooooooooooooooooooioioooiooooooooooooooooooooooooooooooooooooooooooooooooooooooooo
corpus_194	416c4fbe0eba0926 41172948ed14f8d8 40939992cd5f3b5e c0858812f297e548 c06fd0696e9626df 42412b4f2d8621e1 c203ea67d2ea2bd4 42010b2b7cd785f0 c203ea67d2ea2bd4 4241322414c54cb9 41f8ea30a1b5c788 42010b2b7cd785f4 41f8ea30a1b5c78a 4242a38eb0cbaa6c 40908223682e901d c08b30f81449b19c c07ad17f2155b0be 4096a28cb6c774e4 c07ff24f69e48f40 c053b3b0643ec096	oooooooooooooooooooooooooooooooooooooioooooooooooooooooooiioooiooooioooooooooooooooooooiooooooooooooooooooooooooooooooooooooo
corpus_194@0	416c4fbe0eba0926 41172948ed14f8d8 4092ffed7ad0ab29 c084bc7b86614a01 407b88e266e27044 424076c0a26db45f c202f86766a099e8 41f9bb5d3b567e66 c202f86766a099ea 4241c375b3f0204a 41f8cf6f1a2d0b68 41f9bb5d3b567e66 41f8cf6f1a2d0b60 4242c6cb9cb9445e 4090320f84bea1fa c08b0125a66c17ac 4070eb5e5f6ab1e4 4095c01f99496060 c07cbc0d09e7433a 40833b0ae00f631a	oooooooooooooooooooooooooooooooooooooiiooooooooooooooooooiooooiooooiooooooooooooooooooiiooooooooooooooooooooooooooooooooooooo
corpus_194@1	416c4fbe0eba0926 41172948ed14f8d8 40ad7ff6bd685595 c0b6978f70cc2940 40b0b88e266e2705 424076c0a26db45f c202f86766a099e8 41f9bb5d3b567e66 c202f86766a099ea 4241c375b3f0204a 41f8cf6f1a2d0b68 41f9bb5d3b567e66 41f8cf6f1a2d0b60 4242c6cb9cb9445e 40ac1907c25f50fc c0b76024b4cd82f6 40b00eb5e5f6ab1f 40aee00fcca4b030 c0b5cbc0d09e7434 40b167615c01ec64	oooooooooooooooooooooooooooooooooooooiiooooooooooooooooooiooooiooooiooooooooooooooooooiiooooooooooooooooooooooooooooooooooooo
corpus_194_alternate	416c4fbe0eba0926 41172948ed14f8d8 40939992cd5f3b5e c0858812f297e548 c06fd0696e9626df 42412b4f2d8621e1 c203ea67d2ea2bd6 42010b2b7cd785f0 c203ea67d2ea2bd8 4241322414c54cb9 41f8ea30a1b5c78c 42010b2b7cd785f4 41f8ea30a1b5c78d 4242a38eb0cbaa6c 40908223682e901d c08b30f81449b19c c07ad17f2155b0be 4096a28cb6c774e4 c07ff24f69e48f40 c053b3b0643ec096	oooooooooooooooooooooooooooooooooooooioooooooooooooooooooiioooiooooioooooooooooooooooooiooooooooooooooooooooooooooooooooooooo
corpus_195	419ed95797391988 4138e2fd29620e16 c06cc76d1dce0cc5 c09dc0c277e4652b c09505f5c2254c55 42945c5312439b37 c248cc477dee7000 c248ed8f8d676218 c248cc477dee7000 42950f4d4b1962f4 42357555e46c68b0 c248ed8f8d676220 42357555e46c68b0 4293f60cd54ca99d c0832a2bce36bd2b c0a1c3c1a4a1a848 c09b1fcd33a29d1a 40658223af2c1cf3 c097d6668f07b6d9 c08ddc84756cea80	oooooooooooooooooooooooooooooooooooooioooooooooooooooooooioooioioooioooooooooooooooooooiooooooooooooooooooooooooooooooooooooo
corpus_195@0	419ed95797391988 4138e2fd29620e16 409fc6125ad15fa8 c090aa0b98763fef 407d17453ed48f7d 4294bf4b894fc492 c24211493a0dc1d0 c247b856e079dce2 c24211493a0dc1f0 4294cf2f98ff4ce8 4245a13fca802add c247b856e079dce2 4245a13fca802ad5 4293d332105a964a 409985d9b43528ba c0969befe78320c3 4060f35dbcda712a 40a2eb860b80d8fb c0850b56a3cf9736 40886c9fffbfb08e	oooooooooooooooooooooooooooooooooooooioooooooooooooooooooiiooioioooioooooooooooooooooooiooooooooooooooooooooooooooooooooooooo
corpus_195@1	419ed95797391988 4138e2fd29620e16 40bbf18496b457e9 c0c61541730ec7ff 40bfd17453ed48f8 4294bf4b894fc492 c24211493a0dc1d0 c247b856e079dce2 c24211493a0dc1f0 4294cf2f98ff4ce8 4245a13fca802ad9 c247b856e079dce2 4245a13fca802ad1 4293d332105a964a 40ba61766d0d4a2d c0c6d37dfcf06419 40be879aede6d389 40bd75c305c06c7d c0c550b56a3cf974 40c086c9fffbfb08	oooooooooooooooooooooooooooooooooooooioooooooooooooooooooiiooioioooioooooooooooooooooooiooooooooooooooooooooooooooooooooooooo
corpus_195_alternate	419ed95797391988 4138e2fd29620e16 c06cc76d1dce0cc4 c09dc0c277e4652b c09505f5c2254c55 42945c5312439b37 c248cc477dee7008 c248ed8f8d676220 c248cc477dee7000 42950f4d4b1962f4 42357555e46c68b0 c248ed8f8d676228 42357555e46c68b0 4293f60cd54ca99d c0832a2bce36bd2b c0a1c3c1a4a1a848 c09b1fcd33a29d1a 40658223af2c1cf3 c097d6668f07b6d9 c08ddc84756cea80	oooooooooooooooooooooooooooooooooooooioooooooooooooooooooioooioioooioooooooooooooooooooiooooooooooooooooooooooooooooooooooooo
corpus_196	41c8fb3bfc0d4f2f 41537270fd6980c9 40b0e5e0c767d97f 4093fde598867d76 c0ad4a3217484026 42de856ec777a7d7 42a69274ffae5b89 c292ce4924dca549 42a69274ffae5b8b 42d97e6e9cb03276 42a232b9804443e0 c292ce4924dca54d 42a232b9804443e4 42dd20bcfbcf0114 40ad7d0dab5ffb28 407e855d55a7ca4c c0b12e2b0aa7d19c 40b31b711d519cd3 409fd7a45c4fd90a c0a8036e92d36525	ooooooooooooooooooooooooooooooooooooiioooooooooooooooooooiooooiooooioooooooooooooooooooiioooooooooooooooooooooooooooooooooooo
corpus_196@0	41c8fb3bfc0d4f2f 41537270fd6980c9 c0a3d942bdbc106a c0b2019fe71e84cc c0a439dd16c28f4d 42d866f0fec2575e 42a4a4eb8b171078 c28c00173edcab20 42a4a4eb8b171076 42dd880f21d0d180 4291e694cef6eaa0 c28c00173edcab18 4291e694cef6ea90 42df359a3f63b284 c0a9cda0623eeb7a c0b4b07396cf9b7c c0a921132fcc7a18 c09b5cb6b351451c c0aeafaa4c3e3777 c09e5104e37c8787	oooooooooooooooooooooooooooooooooooooioooooooooooooooooooioooiiioooioooooooooooooooooooiooooooooooooooooooooooooooooooooooooo
corpus_196@1	41c8fb3bfc0d4f2f 41537270fd6980c9 40be135ea121f7cd c0d88067f9c7a132 40c8f188ba4f5c2d 42d866f0fec2575e 42a4a4eb8b171078 c28c00173edcab20 42a4a4eb8b171076 42dd880f21d0d180 4291e694cef6eaa0 c28c00173edcab18 4291e694cef6ea90 42df359a3f63b284 40bb192fcee08a44 c0d92c1ce5b3e6de 40c7b7bb340ce17a 40c094692995d75d c0d7d5f54987c6ee 40ca35df63906f0f	oooooooooooooooooooooooooooooooooooooioooooooooooooooooooioooiiioooioooooooooooooooooooiooooooooooooooooooooooooooooooooooooo
corpus_196_alternate	41c8fb3bfc0d4f2f 41537270fd6980c9 40b0e5e0c767d97f 4093fde598867d77 c0ad4a3217484026 42de856ec777a7d7 42a69274ffae5b8b c292ce4924dca549 42a69274ffae5b8b 42d97e6e9cb03276 42a232b9804443e0 c292ce4924dca54d 42a232b9804443e4 42dd20bcfbcf0114 40ad7d0dab5ffb28 407e855d55a7ca4c c0b12e2b0aa7d19c 40b31b711d519cd3 409fd7a45c4fd90a c0a8036e92d36525	ooooooooooooooooooooooooooooooooooooiioooooooooooooooooooiooooiooooioooooooooooooooooooiioooooooooooooooooooooooooooooooooooo
corpus_197	42033d95d8590a75 417e47188ccd3736 40b4275a16eebf1f 40b15498f53eebda c0b1fd62a594c8c4 4340e04cda461730 c2844049768b9000 c2fd612cee5bbf62 c2844049768b8f80 4342a1928447f049 431032b33f71aae3 c2fd612cee5bbf64 431032b33f71aae1 433936eaff5a9d10 40acf34288381a75 40a705d0bdd1f833 c0b8b46c2bbacb06 40ba107e7e81ba39 40b6b19da02c50a9 c0a6bf6808f1bdc0	ooooooooooooooooooooooooooooooooooooiioooooooooooooooooooooooioioooooooooooooooooooooooiioooooooooooooooooooooooooooooooooooo
corpus_197@0	42033d95d8590a75 417e47188ccd3736 40bfdf27114c37a6 40811de00ee15009 4089007f24104d0b 433dc6ce13e5307b 43132ccfa5e6026c 4306176e9bbe44ee 43132ccfa5e6026c 4340db3517114d09 c31354b3bbfbf032 4306176e9bbe44f0 c31354b3bbfbf02e 43405eb8bd3770ba 40b85bfdebae6764 c091ee800835fd58 c08afe49b29f6a7c 40c38a6a40dec11d 40a0b6e830e58fb2 40a33b3e65d15f9e	oooooooooooooooooooooooooooooooooooooiooooooooooooooooooiooooioooooiiooooooooooooooooooiooooooooooooooooooooooooooooooooooooo
corpus_197@1	42033d95d8590a75 417e47188ccd3736 40dbf7c9c4530deb c0e3bb887fc47ac0 40dec803f9208268 433dc6ce13e5307a 43132ccfa5e60274 4306176e9bbe44ec 43132ccfa5e60274 4340db3517114d09 c31354b3bbfbf036 4306176e9bbe44ec c31354b3bbfbf039 43405eb8bd3770bb 40da16ff7aeb99d9 c0e48f740041afeb 40dd280db26b04ac 40ddc535206f608f c0e2f4917cf1a705 40e033b3e65d15fa	oooooooooooooooooooooooooooooooooooooiooooooooooooooooooiooooioooooiiooooooooooooooooooiooooooooooooooooooooooooooooooooooooo
corpus_197_alternate	42033d95d8590a75 417e47188ccd3736 40b4275a16eebf1f 40b15498f53eebda c0b1fd62a594c8c4 4340e04cda461731 c2844049768b9200 c2fd612cee5bbf6a c2844049768b9180 4342a1928447f049 431032b33f71aae2 c2fd612cee5bbf68 431032b33f71aae0 433936eaff5a9d10 40acf34288381a75 40a705d0bdd1f833 c0b8b46c2bbacb06 40ba107e7e81ba39 40b6b19da02c50a9 c0a6bf6808f1bdc0	ooooooooooooooooooooooooooooooooooooiioooooooooooooooooooooooioioooooooooooooooooooooooiioooooooooooooooooooooooooooooooooooo
corpus_198	42332887241391f9 419a2baffe368f16 40c73cd53f1de0e3 40a4167774dc7f48 c0c35cfda13eb56f 438fa9d1b7b43516 c314136e3b496564 c361e87c5b841e2e c314136e3b496560 438bf274a8b14282 432606a880a53974 c361e87c5b841e2e 432606a880a53970 438cac4cd951d0cd 40c103206ebbc537 c0736a35a09d777e c0c9d1a450387d6b 40cd648c1f5a5bec 40b5699a1e7f860e c0ba30cf1ef2d91c	oooooooooooooooooooooooooooooooooooooioooooooooooooooooooioooiiioooiooooooooooooooooooooooooooooooooooooooooooooooooooooooooo
corpus_198@0	42332887241391f9 419a2baffe368f16 40c6850c40f1a7d5 40a0e3cd0c1b3765 c0c4603851d4349a 438f529fe0c00916 c3243846590ab96c c3624422df93a94e c3243846590ab96c 438bf9a173c4c5d6 432a07918806e6cc c3624422df93a94e 432a07918806e6c8 438cfc51e5327978 40c03c6ddd8259c8 c084794ad85edd2c c0cac778b593990f 40ccc09c42632a4c 40b3a66f071b5026 c0bc16253f6e9a0c	oooooooooooooooooooooooooooooooooooooioooooooooooooooooooioooiiioooiooooooooooooooooooooooooooooooooooooooooooooooooooooooooo
corpus_198@1	42332887241391f9 419a2baffe368f16 40e9a143103c69f6 c0f378e1979f2644 40e8e7f1eb8af2d9 438f529fe0c00916 c3243846590ab968 c3624422df93a950 c3243846590ab969 438bf9a173c4c5d6 432a07918806e6d0 c3624422df93a950 432a07918806e6d0 438cfc51e5327978 40e80f1b77609672 c0f428f295b0bdba 40e74e21d29b19bd 40eb30271098ca94 c0f2c5990f8e4afd 40ea7d3b58122cbf	oooooooooooooooooooooooooooooooooooooioooooooooooooooooooioooiiioooiooooooooooooooooooooooooooooooooooooooooooooooooooooooooo
corpus_198_alternate	42332887241391f9 419a2baffe368f16 40c73cd53f1de0e3 40a4167774dc7f49 c0c35cfda13eb56f 438fa9d1b7b43516 c314136e3b496550 c361e87c5b841e32 c314136e3b496548 438bf274a8b14281 432606a880a53978 c361e87c5b841e32 432606a880a53978 438cac4cd951d0cc 40c103206ebbc537 c0736a35a09d777e c0c9d1a450387d6b 40cd648c1f5a5bec 40b5699a1e7f860e c0ba30cf1ef2d91c	oooooooooooooooooooooooooooooooooooooioooooooooooooooooooioooiiioooiooooooooooooooooooooooooooooooooooooooooooooooooooooooooo
corpus_199	4260f49ba81772c5 41baecfe96414ea2 40e1636ccddce64e c0c31a3e5fc3454e 40d97fc5592925cc 43d820738df11d8e 4383137d17b41b91 4383c1653bf3bb2f 4383137d17b41b91 43d83e9192d5bad6 43979d2947d27ad8 4383c1653bf3bb2f 43979d2947d27af0 43d83e240ea470da 40ddecdfdaf15f2f c0cf629dca8e2445 40d35d4445550700 40e3f2682d2f21bd c0ab695519b2d3e0 40df9fc57346ad6f	oooooooooooooooooooooooooooooooooooooioooooooooooooooooooioooioioooiooooooooooooooioooiiooooooooooooooooooooooooooooooooooooo
corpus_199@0	4260f49ba81772c5 41baecfe96414ea2 40e3a6f0120be55a 40c85826854f81c1 40d00ef282d75936 43d7a8de6cba301f 4382018625deadf0 c36612e3c2dfbda0 4382018625deae08 43d9852753310fbb 4391f9e66f679d30 c36612e3c2dfbdc0 4391f9e66f679d24 43d76f236f800962 40e0a2892df22a6d 40ba2b33c008b3b8 40c32a152791961e 40e718ae879e5b42 40d26fa28598d59a 40d66f64e25b2e37	oooooooooooooooooooooooooooooooooooooioooooooooooooooooooioooioioooiooooooooooooooooooooooooooooooooooooooooooooooooooooooooo
corpus_199@1	4260f49ba81772c5 41baecfe96414ea2 40fdd3780905f2ad c1027a7d97ab07e3 410101de505aeb26 43d7a8de6cba301f 4382018625deade0 c36612e3c2dfbdc0 4382018625deae00 43d9852753310fbb 4391f9e66f679d30 c36612e3c2dfbdc0 4391f9e66f679d24 43d76f236f800962 40fc514496f91536 c1032ea661ffba63 410032a152791961 40ff8c5743cf2da1 c101b20baf4ce54c 4101cdec9c4b65c6	oooooooooooooooooooooooooooooooooooooioooooooooooooooooooioooioioooiooooooooooooooooooooooooooooooooooooooooooooooooooooooooo
corpus_199_alternate	4260f49ba81772c5 41baecfe96414ea2 40e1636ccddce64e c0c31a3e5fc3454e 40d97fc5592925cc 43d820738df11d8f 4383137d17b41b97 4383c1653bf3bb35 4383137d17b41b97 43d83e9192d5bad6 43979d2947d27ad0 4383c1653bf3bb35 43979d2947d27ad8 43d83e240ea470dc 40ddecdfdaf15f2f c0cf629dca8e2445 40d35d4445550700 40e3f2682d2f21bd c0ab695519b2d3e0 40df9fc57346ad6f	oooooooooooooooooooooooooooooooooooooioooooooooooooooooooioooioioooiooooooooooooooioooiiooooooooooooooooooooooooooooooooooooo
corpus_200	3dd7d76ecf4ecff3 3eb3254c981c3cc6 3f0dd3d3b0e75a45 3f5d8218073f0be4 3f62a7ed3fe53c38 3c4b17709918f836 bbf9ddc4926f2544 bbe5c291834105a0 bbf9ddc4926f2544 3c48efbb3892db41 bbff85a07bb20e00 bbe5c291834105a0 bbff85a07bb20df0 3c4a249cbcd9b6fc bf2af28fb73d28d8 3f57a382110327a1 3f5fb8c6249f2caf 3f373c99b76d4cce 3f614eb3969cbb5d 3f6545abaaab9be7	oooooooooooooooooooooooooooooooooooooioooooooooooooooooooiooooiooooioooooooooooooooooooiooooooooooooooooooooooooooooooooooooo
corpus_200@0	3dd7d76ecf4ecff3 3eb3254c981c3cc6 bf64293948a6c688 bf3e484b40019390 3f58187a7f315f91 3c4a2719b0f966a4 bbe62e20a2961860 3c04565d14665488 bbe62e20a2961860 3c4b15cd8397c14c bbc3113f9ea85500 3c04565d1466548c bbc3113f9ea85480 3c48eee159f46280 bf670a4e7e07c630 bf4a500b7ebdd442 3f51d58af74c0132 bf61735fac4e2c34 bf1f1949ef267962 3f5dead13ac88cd4	oooooooooooooooooooooooooooooooooooooioooooooooooooooooooioooiiioooioooooooooooooooooooiooooooooooooooooooooooooooooooooooooo
corpus_200@1	3dd7d76ecf4ecff3 3eb3254c981c3cc6 3f63d6c6b7593978 bf84f2425a000c9d 3f82030f4fe62bf2 3c4a2719b0f966a4 bbe62e20a2961860 3c04565d14665484 bbe62e20a2961860 3c4b15cd8397c14c bbc3113f9ea85500 3c04565d14665488 bbc3113f9ea85480 3c48eee159f46280 3f60f5b181f839d0 bf85a500b7ebdd44 3f813ab15ee98027 3f668ca053b1d3cc bf843e3293de4cf2 3f82bd5a2759119a	oooooooooooooooooooooooooooooooooooooioooooooooooooooooooioooiiioooioooooooooooooooooooiooooooooooooooooooooooooooooooooooooo
corpus_200_alternate	3dd7d76ecf4ecff3 3eb3254c981c3cc6 3f0dd3d3b0e75a41 3f5d8218073f0be4 3f62a7ed3fe53c38 3c4b17709918f837 bbf9ddc4926f2544 bbe5c29183410598 bbf9ddc4926f2544 3c48efbb3892db41 bbff85a07bb20e00 bbe5c29183410598 bbff85a07bb20df0 3c4a249cbcd9b6fc bf2af28fb73d28d8 3f57a382110327a1 3f5fb8c6249f2caf 3f373c99b76d4cce 3f614eb3969cbb5d 3f6545abaaab9be7	oooooooooooooooooooooooooooooooooooooioooooooooooooooooooiooooiooooioooooooooooooooooooiooooooooooooooooooooooooooooooooooooo
corpus_201	3e0c7283853c5522 3ed8c81f9d4c796e bf71b8d4210fa867 3f5af4293feef4af 3f222b4d19264460 3ca21073cd956959 3c440d3f563eadf6 bc390511f5a71980 3c440d3f563eadf5 3ca2093daa4c2601 3c37e1f859fd0cc4 bc390511f5a71980 3c37e1f859fd0cc0 3ca244bf6b6576f2 bf74d3b334a041c9 3f506977ae999f9b bf43a525d83a6a43 bf6d5dd77615b72a 3f61c96f1dcd3fb0 3f4b56a7a7ee71fa	oooooooooooooooooooooooooooooooooooooioooooooooooooooooooioooiiioooiiooooooooooooooooooiooooooooooooooooooooooooooooooooooooo
corpus_201@0	3e0c7283853c5522 3ed8c81f9d4c796e bf7227f4ddaab9ed 3f51d38ba052f59e 3f49aaa555178f10 3ca1fb5964e00d3a 3c4733a19d051758 bc27e9b3a9701140 3c4733a19d051760 3ca2071ea9d27185 3c21966084027600 bc27e9b3a9701180 3c21966084027580 3ca25bf8d494878d bf752399c78bbc0d 3f3623860570ecd4 3efd9bc66f7142f0 bf6e2a0d51aa7815 3f5c1e23c1fe82aa 3f58951e5b175b72	oooooooooooooooooooooooooooooooooooooioooooooooooooooooooioooiiioooioooooooooooooooooooiooooooooooooooooooooooooooooooooooooo
corpus_201@1	3e0c7283853c5522 3ed8c81f9d4c796e 3f75d80b22554613 bf92e2c745fad0a6 3f8f9aaa555178f1 3ca1fb5964e00d3a 3c4733a19d051760 bc27e9b3a9701140 3c4733a19d051760 3ca2071ea9d27185 3c21966084027600 bc27e9b3a97011c0 3c21966084027580 3ca25bf8d494878d 3f72dc66387443f3 bf93a771e7ea3c4d 3f8e0ecde337b8a2 3f78eaf9572ac3f6 bf923e1dc3e017d5 3f908951e5b175b7	oooooooooooooooooooooooooooooooooooooioooooooooooooooooooioooiiioooioooooooooooooooooooiooooooooooooooooooooooooooooooooooooo
corpus_201_alternate	3e0c7283853c5521 3ed8c81f9d4c796e bf71b8d4210fa867 3f5af4293feef4af 3f222b4d1926445f 3ca21073cd956959 3c440d3f563eadf3 bc390511f5a71980 3c440d3f563eadf1 3ca2093daa4c2602 3c37e1f859fd0cc4 bc390511f5a71980 3c37e1f859fd0cc0 3ca244bf6b6576f2 bf74d3b334a041c9 3f506977ae999f9b bf43a525d83a6a43 bf6d5dd77615b72a 3f61c96f1dcd3fb0 3f4b56a7a7ee71fa	oooooooooooooooooooooooooooooooooooooioooooooooooooooooooioooiiioooiiooooooooooooooooooiooooooooooooooooooooooooooooooooooooo
corpus_202	3e3f96749f1dce0f 3ef71ee6aea807b2 3f81563d8ff30435 bf75c39376ac782a 3f76febadd3d45cd 3cf54f4f87f30f7b bc98122347f757d0 bcc3679f33a951fe bc98122347f757d0 3cf56227718ac9aa bcc30050353c5d28 bcc3679f33a951fe bcc30050353c5d24 3cf4bd12fb03c586 3f7c60a6919351bf bf7bc41889aec528 3f710e8e3b8feadc 3f846a43605f10e4 bf6f972d499c5cda 3f7d3501f7904837	oooooooooooooooooooooooooooooooooooooioooooooooooooooooooioooiiioooioooooooooooooooooooiooooooooooooooooooooooooooooooooooooo
corpus_202@0	3e3f96749f1dce0f 3ef71ee6aea807b2 bf4e5a91c566c7ee bf7c916a251c1a08 bf8288f4f892b5d8 3cf4584783774054 bcc73151f0dcfeba 3caa76b7fd241840 bcc73151f0dcfebc 3cf45e9abbfb9186 bcad6bcd1f44b4a8 3caa76b7fd241848 bcad6bcd1f44b4b8 3cf6b7a7b50eccd4 bf649f08cf224b9d bf815989b5d20ae3 bf85791dff05ad18 3f43b9fe7a2767ac bf76449e78263778 bf7f321bb8d722d1	oooooooooooooooooooooooooooooooooooooioooooooooooooooooooioooiiioooioooooooooooooooooooiooooooooooooooooooooooooooooooooooooo
corpus_202@1	3e3f96749f1dce0f 3ef71ee6aea807b2 3f930d2b71d4c9c1 bfa7922d44a38340 3f94bb8583b6a514 3cf4584783774054 bcc73151f0dcfeba 3caa76b7fd241840 bcc73151f0dcfebc 3cf45e9abbfb9186 bcad6bcd1f44b4a0 3caa76b7fd241850 bcad6bcd1f44b4b0 3cf6b7a7b50eccd4 3f916c1ee61bb68c bfa856626d7482b9 3f934371007d2974 3f949dcff3d13b3d bfa6c893cf04c6ef 3f96337911ca374c	oooooooooooooooooooooooooooooooooooooioooooooooooooooooooioooiiioooioooooooooooooooooooiooooooooooooooooooooooooooooooooooooo
corpus_202_alternate	3e3f96749f1dce0f 3ef71ee6aea807b2 3f81563d8ff30435 bf75c39376ac782a 3f76febadd3d45cc 3cf54f4f87f30f7b bc98122347f757b0 bcc3679f33a951fc bc98122347f757b0 3cf56227718ac9aa bcc30050353c5d26 bcc3679f33a951fc bcc30050353c5d24 3cf4bd12fb03c586 3f7c60a6919351bf bf7bc41889aec528 3f710e8e3b8feadc 3f846a43605f10e4 bf6f972d499c5cda 3f7d3501f7904837	oooooooooooooooooooooooooooooooooooooioooooooooooooooooooioooiiioooioooooooooooooooooooiooooooooooooooooooooooooooooooooooooo
corpus_203	3e6c029b209f224a 3f190cd031c13ef2 3f8cc744932d7bfd 3f8f5d776f5f1bf8 3f8a2ddb64d68da5 3d42898267627154 bcfa98c1a71e746c bceff564fd87f980 bcfa98c1a71e746a 3d410455b81f4b9e 3ce7a0d394ec3498 bceff564fd87f990 3ce7a0d394ec349c 3d41f16882240929 3f86e02cc5389b92 3f8a47accfa0486a 3f849cf4be01f99a 3f914e3613fec520 3f9241f7d77a651b 3f8fbebd273b9abf	oooooooooooooooooooooooooooooooooooooioooooooooooooooooooioooioioooioooooooooooooooooooiooooooooooooooooooooooooooooooooooooo
corpus_203@0	3e6c029b209f224a 3f190cd031c13ef2 3f939d26d029a247 bf6519e194a86e72 3f8e81c09b416f4e 3d41f908fe04b032 bcaac94587c01c00 bd00669aee9cfb54 bcaac94587c01c00 3d4174d26fcbcc64 bcf6b5e8fbee2fc4 bd00669aee9cfb52 bcf6b5e8fbee2fc0 3d42116533d54986 3f909dcde26ac3e4 bf766f125b929bcd 3f88a09620f22a4f 3f96884c3eedbce0 3f3e84620cb46060 3f91a4bf411f43f5	oooooooooooooooooooooooooooooooooooooioooooooooooooooooooioooooioooioooooooooooooooooooiioooooooooooooooooooooooooooooooooooo
corpus_203@1	3e6c029b209f224a 3f190cd031c13ef2 3fadce936814d123 bfb4a8cf0ca54374 3fb2d03813682dea 3d41f908fe04b032 bcaac94587c01c00 bd00669aee9cfb54 bcaac94587c01c00 3d4174d26fcbcc64 bcf6b5e8fbee2fc8 bd00669aee9cfb52 bcf6b5e8fbee2fc4 3d42116533d54986 3fac4ee6f13561f1 bfb566f125b929bc 3fb21412c41e454b 3faf44261f76de70 bfb3e17b9df34ba0 3fb3692fd047d0fe	oooooooooooooooooooooooooooooooooooooioooooooooooooooooooioooooioooioooooooooooooooooooiioooooooooooooooooooooooooooooooooooo
corpus_203_alternate	3e6c029b209f224a 3f190cd031c13ef2 3f8cc744932d7bfd 3f8f5d776f5f1bf8 3f8a2ddb64d68da5 3d42898267627155 bcfa98c1a71e746e bceff564fd87f970 bcfa98c1a71e746c 3d410455b81f4b9e 3ce7a0d394ec3498 bceff564fd87f970 3ce7a0d394ec3498 3d41f1688224092a 3f86e02cc5389b92 3f8a47accfa0486a 3f849cf4be01f99a 3f914e3613fec520 3f9241f7d77a651b 3f8fbebd273b9abf	oooooooooooooooooooooooooooooooooooooioooooooooooooooooooioooioioooioooooooooooooooooooiooooooooooooooooooooooooooooooooooooo
corpus_204	3e9f36ddcea93978 3f39ff9154641183 3f956017f53cc3f2 3f8e48aaffaa0b07 3f911143e43aeeea 3d949cdecfde83ec bd405cc566915734 3d51d390adcf6e78 bd405cc566915740 3d947ff65fa1e83a bd4c2e449856a3d8 3d51d390adcf6e80 bd4c2e449856a3d0 3d94ca75f6aa56bd 3f8e4b151f9cf6f8 3f8128eecc4fa2fe 3f85f093305084b3 3f9bf35dcefc1ecd 3f95035ac0a3a378 3f97a898d64ed87e	oooooooooooooooooooooooooooooooooooooioooooooooooooooooooioooiiioooioooooooooooooooooooiooooooooooooooooooooooooooooooooooooo
corpus_204@0	3e9f36ddcea93978 3f39ff9154641183 bf77463a1a4f2e8a 3f7743624b458a35 bf9e29b5d6bfdb1f 3d9398fb0162fd0a bd3fb51c10c0a3a8 3d1dddf6b3af0650 bd3fb51c10c0a3a8 3d96017440513003 bd46ca7d898d25ee 3d1dddf6b3af0668 bd46ca7d898d25e6 3d944cdbe47695d2 bf85d743c8976498 3f26b1e749a75124 bfa1dd86534e2cb2 bf45b56eb2a2e80c 3f86a73c920d89f6 bf98d710045e9fd9	oooooooooooooooooooooooooooooooooooooiioooooooooooooooooooooooiioooiooooooooooooooooooiiioooooooooooooooooooooooooooooooooooo
corpus_204@1	3e9f36ddcea93978 3f39ff9154641183 3fb28b9c5e5b0d18 bfc345e4eda5d3ae 3fb675928a500938 3d9398fb0162fd0a bd3fb51c10c0a3a8 3d1dddf6b3af0660 bd3fb51c10c0a3a8 3d96017440513003 bd46ca7d898d25d6 3d1dddf6b3af0668 bd46ca7d898d25e6 3d944cdbe47695d2 3fb1451786ed136e bfc3fa53862d962c 3fb5113cd658e9a6 3fb3d495229aba30 bfc2958c36df2761 3fb7ca3bfee85809	oooooooooooooooooooooooooooooooooooooiioooooooooooooooooooooooiioooiooooooooooooooooooiiioooooooooooooooooooooooooooooooooooo
corpus_204_alternate	3e9f36ddcea93976 3f39ff9154641183 3f956017f53cc3f2 3f8e48aaffaa0b07 3f911143e43aeeea 3d949cdecfde83ec bd405cc566915724 3d51d390adcf6e88 bd405cc566915728 3d947ff65fa1e839 bd4c2e449856a3d0 3d51d390adcf6e88 bd4c2e449856a3c8 3d94ca75f6aa56bc 3f8e4b151f9cf6f8 3f8128eecc4fa2fe 3f85f093305084b3 3f9bf35dcefc1ecd 3f95035ac0a3a378 3f97a898d64ed87e	oooooooooooooooooooooooooooooooooooooioooooooooooooooooooioooiiioooioooooooooooooooooooiooooooooooooooooooooooooooooooooooooo
corpus_205	3ec967c14d2371c8 3f582fced7e5a624 bfa558df86b3fb4e 3fb20118825dcafe 3f8c808a975b5060 3ddfc11023638646 bda2fecaaba95b8f bd8d2704fab37818 bda2fecaaba95b90 3ddca76504d3342b 3d32cd4169df1200 bd8d2704fab37810 3d32cd4169df1400 3ddf153b0ff2c5d4 bfaa5df234dc257a 3fadff75d91cde3a 3f6e3c167e7928cc bf9fd4400fd3d6ac 3fb4fc25819ab9f6 3f97fcdafd07787e	oooooooooooooooooooooooooooooooooooooioooooooooooooooooooioooioioooioooooooooooooooooooiooooooooooooooooooooooooooooooooooooo
corpus_205@0	3ec967c14d2371c8 3f582fced7e5a624 bfa177e16a9904af 3fb30243b8ac0893 bf8d03012833b5f2 3ddf33c3c52893a1 bda634a58cbaddbc 3d63a96ec7299ae0 bda634a58cbaddba 3ddd9151d8f7da7a 3d8aac3ba2c4e734 3d63a96ec7299ae0 3d8aac3ba2c4e730 3ddeb89a9a09122f bfa67879a374e6e9 3fb03982b996564a bf983230978505f2 bf981c6d3b2bbb84 3fb5af4c5df1ea00 bf733e9558b077f1	oooooooooooooooooooooooooooooooooooooioooooooooooooooooooiiooiooooiioooooooooooooooooooiooooooooooooooooooooooooooooooooooooo
corpus_205@1	3ec967c14d2371c8 3f582fced7e5a624 3fbf440f4ab37da7 bfce7ede23a9fbb7 3fcc2fcfed7cc4a0 3ddf33c3c52893a1 bda634a58cbaddbc 3d63a96ec7299ae0 bda634a58cbaddba 3ddd9151d8f7da7a 3d8aac3ba2c4e734 3d63a96ec7299ae0 3d8aac3ba2c4e730 3ddeb89a9a09122f 3fbcc3c32e458c8a bfcfe33ea334d4dc 3fcaf9b9ed0f5f43 3fc0fc72589a888f bfcd2859d1070b00 3fcd660b553a7c40	oooooooooooooooooooooooooooooooooooooioooooooooooooooooooiiooiooooiioooooooooooooooooooiooooooooooooooooooooooooooooooooooooo
corpus_205_alternate	3ec967c14d2371c9 3f582fced7e5a624 bfa558df86b3fb4e 3fb20118825dcafe 3f8c808a975b5060 3ddfc11023638645 bda2fecaaba95b88 bd8d2704fab37810 bda2fecaaba95b89 3ddca76504d3342c 3d32cd4169df1300 bd8d2704fab37810 3d32cd4169df1500 3ddf153b0ff2c5d2 bfaa5df234dc257a 3fadff75d91cde3a 3f6e3c167e7928cc bf9fd4400fd3d6ac 3fb4fc25819ab9f6 3f97fcdafd07787e	oooooooooooooooooooooooooooooooooooooioooooooooooooooooooioooioioooioooooooooooooooooooiooooooooooooooooooooooooooooooooooooo
corpus_206	3f03a8611aceb173 3f7b6557f1bc0319 3fc02a8a1c0b44f5 3f86c6c63897828c 3fa6ef1a55c0ea69 3e3daef0fcb6cda0 be03e478304dda3d 3e0873b06ee52b04 be03e478304dda3d 3e41c0f2223729f0 bdf9ad79545b1b7f 3e0873b06ee52b00 bdf9ad79545b1b7f 3e3c99aa2c5d3cf0 3fb965bd5a88d9be bf8382f47348c1fb 3f924b070d239515 3fc3d671edad70c2 3f9f3fdf52f8ff15 3fb2df5ff1e057b8	oooooooooooooooooooooooooooooooooooooioooooooooooooooooooioooiiioooooooooooooooooooooooiooooooooooooooooooooooooooooooooooooo
corpus_206@0	3f03a8611aceb173 3f7b6557f1bc0319 3fbaf522fdff6f4a bfb558728a472d48 3f79fbe792138873 3e40d85012d1667c 3df6e37c20416eb2 be12d185e68a4c92 3df6e37c20416eb2 3e3f1f199b9c4d15 bdf78260dcaf85f2 be12d185e68a4c96 bdf78260dcaf85ee 3e3cfac5ac434460 3fb4861bc8779f02 bfbb58e7e2a6fa1b bf92aed6c265cb85 3fc07654d2d925c2 bfb005b9274037f4 3fa0508c337a34c4	ooooooooooooooooooooooooooooooooooooooooooooooooooooooooiioooiiioooiioooooooooooooooooooooooooooooooooooooooooooooooooooooooo
corpus_206@1	3f03a8611aceb173 3f7b6557f1bc0319 3fdabd48bf7fdbd3 bfe6ab0e5148e5a9 3fde67ef9e484e21 3e40d85012d1667c 3df6e37c20416eb2 be12d185e68a4c92 3df6e37c20416eb2 3e3f1f199b9c4d15 bdf78260dcaf85f2 be12d185e68a4c96 bdf78260dcaf85ee 3e3cfac5ac434460 3fd92186f21de7c1 bfe76b1cfc54df43 3fdcd51293d9a348 3fdc3b2a696c92e2 bfe600b724e806fe 3fe00508c337a34c	ooooooooooooooooooooooooooooooooooooooooooooooooooooooooiioooiiioooiioooooooooooooooooooooooooooooooooooooooooooooooooooooooo
corpus_206_alternate	3f03a8611aceb173 3f7b6557f1bc0318 3fc02a8a1c0b44f5 3f86c6c63897828b 3fa6ef1a55c0ea69 3e3daef0fcb6cda0 be03e478304dda3b 3e0873b06ee52b04 be03e478304dda3c 3e41c0f2223729f0 bdf9ad79545b1b7a 3e0873b06ee52b04 bdf9ad79545b1b7a 3e3c99aa2c5d3cf0 3fb965bd5a88d9be bf8382f47348c1fb 3f924b070d239515 3fc3d671edad70c2 3f9f3fdf52f8ff15 3fb2df5ff1e057b8	oooooooooooooooooooooooooooooooooooooioooooooooooooooooooioooiiioooooooooooooooooooooooiooooooooooooooooooooooooooooooooooooo
corpus_207	3f2f6d53f8ac6bed 3f9bdcba305b0b48 bf9aeadf2032c97c 3f9e1dd278e41d41 bfc800a95d003058 3e864853f04a8676 be146f10dc871a9e be2ef8040548bd80 be146f10dc871a9e 3e8687d63ef03c36 3e061f2102aa7208 be2ef8040548bd70 3e061f2102aa720c 3e849c8e780855d5 bfb20f291cd069a3 bf74f078a4629622 bfcd64b003623bd8 3f904a4cad9fca98 3fb158f309223742 bfc2958fcbdbd612	ooooooooooooooooooooooooooooooooiooooiooooooooooooooooooiiiooioiooioioooooooooooooioooooooooooooooooooooooooooooooooooooooooo
corpus_207@0	3f2f6d53f8ac6bed 3f9bdcba305b0b48 bfb4c60bd4df6dbb 3faec6e46f9fbbbb bfc4d86b2901f1ba 3e86107edc499181 3d8d840126c65000 be3c7e1384301b10 3d8d840126c64000 3e86539e9bb9ecf4 3e23e21ec15dd3c0 be3c7e1384301b00 3e23e21ec15dd3c0 3e85089b2f3f9a0c bfc0c1cf58ce19c4 3f90be2195402b42 bfcb649b747cc378 bf9c9dcc0e872a3e 3fba8158c9c414c7 bfbdb3245779523e	oooooooooooooooooooooooooooooooooooooioooooooooooooooooooooooioioooiooooooooooooooooooooooooooooooooooooooooooooooooooooooooo
corpus_207@1	3f2f6d53f8ac6bed 3f9bdcba305b0b48 3fe1673e85641248 bff309c8dc830221 3fe8c9e535bf8392 3e86107edc499181 3d8d840126c65000 be3c7e1384301b00 3d8d840126c64000 3e86539e9bb9ecf4 3e23e21ec15dd3b0 be3c7e1384301af0 3e23e21ec15dd3a0 3e85089b2f3f9a0c 3fdf9f185398f31f bff3bd0779aaff53 3fe726d922e0cf22 3fe31b119f8bc6ae bff257ea7363beb4 3fea499b7510d5b8	oooooooooooooooooooooooooooooooooooooioooooooooooooooooooooooioioooiooooooooooooooooooooooooooooooooooooooooooooooooooooooooo
corpus_207_alternate	3f2f6d53f8ac6bed 3f9bdcba305b0b48 bf9aeadf2032c97c 3f9e1dd278e41d43 bfc800a95d003058 3e864853f04a8676 be146f10dc871a9e be2ef8040548bd60 be146f10dc871a9e 3e8687d63ef03c38 3e061f2102aa720c be2ef8040548bd50 3e061f2102aa7208 3e849c8e780855d7 bfb20f291cd069a3 bf74f078a4629622 bfcd64b003623bd8 3f904a4cad9fca98 3fb158f309223742 bfc2958fcbdbd612	ooooooooooooooooooooooooooooooooiooooiooooooooooooooooooiiiooioiooioioooooooooooooioooooooooooooooooooooooooooooooooooooooooo
corpus_208	3f5818eef0efc1b8 3fb33687357e3832 bf7e936beaad9e68 3fcdce9dcb40a772 bf9e05173dac82ca 3ec87081201123a6 3e8704cadc19ab04 3e9a2995a5992194 3e8704cadc19ab04 3ecd63d594d2f8d6 be7c5bd3a153c85c 3e9a2995a5992190 be7c5bd3a153c85c 3ecadfa4f6201da4 bfba4b4e3b7233c6 3fc5d80828658a52 bfbdca5630b1e619 3fb5675a28511622 3fd335b64d849ede 3faccd40764d38bc	oooooooooooooooooooooooooooooooooooooioooooooooooooooooooiooooiioooiooooooooooooooiooooiooooooooooooooooooooooooooooooooooooo
corpus_208@0	3f5818eef0efc1b8 3fb33687357e3832 bfbc31e792f00010 3fa70f6f5d50700e 3fc9e9b8ca467d67 3ec9dd47865479e4 be9d590dc2017eb4 be4c8bc953e4f900 be9d590dc2017eb0 3ec918ecf8444ed2 3e493c6969e222c0 be4c8bc953e4f940 3e493c6969e222c0 3ecdbdc72c6b716b bfc97e00088f81bf bfa9238d2deed508 3fc08197122c6b82 bf8b323b2e76afd8 3fc158f95a47ed91 3fd171d82c687736	oooooooooooooooooooooooooooooooooooooioooooooooooooooooooiooooiioooiooooooooooooooooooooooooooooooooooooooooooooooooooooooooo
corpus_208@1	3f5818eef0efc1b8 3fb33687357e3832 3ff23ce186d0ffff c003a3c2428abe40 40009e9b8ca467d6 3ec9dd47865479e4 be9d590dc2017eb4 be4c8bc953e4f900 be9d590dc2017eb0 3ec918ecf8444ed2 3e493c6969e22340 be4c8bc953e4f940 3e493c6969e22340 3ecdbdc72c6b716b 3ff0d03ffeee0fc9 c004648e34b7bb55 400008197122c6b8 3ff3c99b89a312a1 c002ea706a5b8127 40012e3b058d0ee7	oooooooooooooooooooooooooooooooooooooioooooooooooooooooooiooooiioooiooooooooooooooooooooooooooooooooooooooooooooooooooooooooo
corpus_208_alternate	3f5818eef0efc1b9 3fb33687357e3832 bf7e936beaad9e68 3fcdce9dcb40a772 bf9e05173dac82ca 3ec87081201123a8 3e8704cadc19ab08 3e9a2995a5992190 3e8704cadc19ab08 3ecd63d594d2f8d7 be7c5bd3a153c858 3e9a2995a599218c be7c5bd3a153c85c 3ecadfa4f6201da6 bfba4b4e3b7233c6 3fc5d80828658a52 bfbdca5630b1e619 3fb5675a28511622 3fd335b64d849ede 3faccd40764d38bc	oooooooooooooooooooooooooooooooooooooioooooooooooooooooooiooooiioooiooooooooooooooiooooiooooooooooooooooooooooooooooooooooooo
corpus_209	3f8409510d0b0ed4 3fd2cc3449b2b577 3fee9595e86331ad bfc89cefdcb3ad07 3ff089117234f98f 3f1495c4e2d27478 3ec46c33502fcbc0 bed028e0aedb0614 3ec46c33502fcbc0 3f13ec888c2d7442 3ed4eac1a7d8460c bed028e0aedb0614 3ed4eac1a7d84608 3f14139d007dd57f 3fe96cdcec156aaf bfd67ab42c6b1e8a 3febbc88aeaf6618 3ff1d391dae3b91b bfa0496faaa46a72 3ff3442abfee904d	oooooooooooooooooooooooooooooooooooooioooooooooooooooooooioooioioooioooooooooooooooooooiooooooooooooooooooooooooooooooooooooo
corpus_209@0	3f8409510d0b0ed4 3fd2cc3449b2b577 bfdfca12a9f2da80 3ff4c20175794e1e 3fd30d85695eb2b4 3f13de56ee0a32e6 3ed8d28f44382d78 bec17671a0c606a8 3ed8d28f44382d80 3f13b3257f2455a1 3ea8d014d381e0e0 bec17671a0c606b0 3ea8d014d381e0c0 3f15046e024f35b0 bfe55e24d60f9e74 3ff2126487da6123 3fc1ff296b3a82a1 bfd538d9251ab34f 3ff7774609ede29f 3fdd576bb6b83806	oooooooooooooooooooooooooooooooooooooioooooooooooooooooooioooioioooioooooooooooooooooooiooooooooooooooooooooooooooooooooooooo
corpus_209@1	3f8409510d0b0ed4 3fd2cc3449b2b577 400006bdaac1a4b0 c00d9eff454358f1 401030d85695eb2b 3f13de56ee0a32e6 3ed8d28f44382d8c bec17671a0c606e0 3ed8d28f44382d90 3f13b3257f2455a3 3ea8d014d381e080 bec17671a0c606e0 3ea8d014d381e060 3f15046e024f35b2 3ffd50ed94f830c5 c00ef6cdbc12cf6f 400f1ff296b3a82b 400158e4db5ca995 c00c445cfb090eb0 4010d576bb6b8381	oooooooooooooooooooooooooooooooooooooioooooooooooooooooooioooioioooioooooooooooooooooooiooooooooooooooooooooooooooooooooooooo
corpus_209_alternate	3f8409510d0b0ed4 3fd2cc3449b2b577 3fee9595e86331ad bfc89cefdcb3ad07 3ff089117234f98f 3f1495c4e2d27478 3ec46c33502fcbb8 bed028e0aedb0610 3ec46c33502fcbb8 3f13ec888c2d7441 3ed4eac1a7d84614 bed028e0aedb0610 3ed4eac1a7d84614 3f14139d007dd57f 3fe96cdcec156aaf bfd67ab42c6b1e8a 3febbc88aeaf6618 3ff1d391dae3b91b bfa0496faaa46a72 3ff3442abfee904d	oooooooooooooooooooooooooooooooooooooioooooooooooooooooooioooioioooioooooooooooooooooooiooooooooooooooooooooooooooooooooooooo
corpus_210	3fb9d113dfda5a03 3ff42335404eaed3 3ff53188faf462ed 3fdab06d717f628a bffddaf359778206 3f6abdaba94c31ce bf216ab8441182aa bf3440699e894a24 bf216ab8441182a4 3f701f1584274d55 bf084fba41bdd830 bf3440699e894a24 bf084fba41bdd840 3f6ec5264c67e6b4 3feef19d37e47d60 3fba0d36f2c812c9 c0019e949045734d 3ffb08f83a6a3e1d 3fe7947dc6cbf50e bff87e2ca108eaa4	oooooooooooooooooooooooooooooooooooooioooooooooooooooooooiooooiooooooooooooooooooooooooiooooooooooooooooooooooooooooooooooooo
corpus_210@0	3fb9d113dfda5a03 3ff42335404eaed3 3ff7a4b86717dcdc 3fddfd2b7875d71d bffbbeca9e6dbe5d 3f6fbf8dd1514e9b bf2ebaa39c0e54f4 bf0095873b7a5be0 bf2ebaa39c0e54f4 3f6a4f8624f9a6e1 bf2871a8bf7fbb7d bf0095873b7a5be0 bf2871a8bf7fbb7d 3f6fb1e907b7bdad 3ff1d4f266c5e3cc 3fc21290f92204e4 c0009fb305bff629 3ffce3ad15a265c1 3fe960ab5fc2d388 bff6a9dbc27f398e	oooooooooooooooooooooooooooooooooooooooooooooooooooooooooioooiiioooiiooooooooooooooooooiooooooooooooooooooooooooooooooooooooo
corpus_210@1	3fb9d113dfda5a03 3ff42335404eaed3 4019e92e19c5f737 c0231016a43c5146 4017104d58649068 3f6fbf8dd1514e9b bf2ebaa39c0e550c bf0095873b7a5c00 bf2ebaa39c0e5514 3f6a4f8624f9a6e0 bf2871a8bf7fbb85 bf0095873b7a5c00 bf2871a8bf7fbb85 3f6fb1e907b7bdad 4018753c99b178f3 c023b7b5bc1b77eb 4015b0267d2004eb 401b38eb45689970 c02269f54a03d2c7 401855890f60319c	oooooooooooooooooooooooooooooooooooooooooooooooooooooooooioooiiioooiiooooooooooooooooooiooooooooooooooooooooooooooooooooooooo
corpus_210_alternate	3fb9d113dfda5a03 3ff42335404eaed4 3ff53188faf462ed 3fdab06d717f628a bffddaf359778206 3f6abdaba94c31cf bf216ab8441182a8 bf3440699e894a30 bf216ab8441182a2 3f701f1584274d56 bf084fba41bdd880 bf3440699e894a30 bf084fba41bdd870 3f6ec5264c67e6b7 3feef19d37e47d60 3fba0d36f2c812c9 c0019e949045734d 3ffb08f83a6a3e1d 3fe7947dc6cbf50e bff87e2ca108eaa4	oooooooooooooooooooooooooooooooooooooioooooooooooooooooooiooooiooooooooooooooooooooooooiooooooooooooooooooooooooooooooooooooo
corpus_211	3fef533ec8004151 401aacaf55a1b9cd c012631a7a51c8ca c009379eb5ec24c1 3fabaff2b6488f40 3fc8a3485fe667c1 bf88cced5c404a0c bf919e554f1a90fe bf88cced5c404a0c 3fc53b4acb52b3d8 bf8613e9ff327628 bf919e554f1a90fc bf8613e9ff327628 3fc4e607a0ea15ba c01539728cee4d03 c00ff4d26dff466c bfe8152055c32ff4 c00f42356a2055c4 c002788e739b6785 3fec98f13c2d0f8a	oooooooooooooooooooooooooooooooooooooooooooooooooooooooooioooioioooioooooooooooooooooooiooooooooooooooooooooooooooooooooooooo
corpus_211@0	3fef533ec8004151 401aacaf55a1b9cd c014bb570fd0e6de c0005fc10ac2fb99 bfc0cf9cafbaa8e5 3fc8221e0ed0d250 bf900a2263f204de 3f86a9425e36a2df bf900a2263f204de 3fc3383e6b52b4e6 bf7378dd9858012d 3f86a9425e36a2df bf7378dd9858012e 3fc76a3e51ffaa1c c017b120a0042570 c0065e94d33b3d65 bfe9212ae829731c c011d5a96cbea1b4 bff4c27d9b6e3700 3fdfe38f69002d4b	oooooooooooooooooooooooooooooooooooooiooooooooooooooooooiioooioioooiiooooooooooooooooooiooooooooooooooooooooooooooooooooooooo
corpus_211@1	3fef533ec8004151 401aacaf55a1b9cd 401344a8f02f1922 c0360bf821585f74 402dbcc18d41155c 3fc8221e0ed0d250 bf900a2263f204de 3f86a9425e36a2df bf900a2263f204de 3fc3383e6b52b4e6 bf7378dd98580131 3f86a9425e36a2d7 bf7378dd98580132 3fc76a3e51ffaa1d 40104edf5ffbda90 c036cbd29a6767ad 402c6ded517d68cf 40162a5693415e4c c0354c27d9b6e371 402eff1c7b48016b	oooooooooooooooooooooooooooooooooooooiooooooooooooooooooiioooioioooiiooooooooooooooooooiooooooooooooooooooooooooooooooooooooo
corpus_211_alternate	3fef533ec8004151 401aacaf55a1b9cd c012631a7a51c8ca c009379eb5ec24c1 3fabaff2b6488f3e 3fc8a3485fe667c1 bf88cced5c404a10 bf919e554f1a90fe bf88cced5c404a10 3fc53b4acb52b3d8 bf8613e9ff327628 bf919e554f1a90fc bf8613e9ff327628 3fc4e607a0ea15ba c01539728cee4d03 c00ff4d26dff466c bfe8152055c32ff4 c00f42356a2055c4 c002788e739b6785 3fec98f13c2d0f8a	oooooooooooooooooooooooooooooooooooooooooooooooooooooooooioooioioooioooooooooooooooooooiooooooooooooooooooooooooooooooooooooo
corpus_212	40186fc64a2736a0 4033d2ef90dfeafc c0195d3963050782 bfee5b82c8332029 c01ee2eb7a443884 400b9f4df7afa38a bfb4051f85520750 3fc6e7d1bfaf6270 bfb4051f85520754 400a2346263089ab 3fc1c4811cc5e31e 3fc6e7d1bfaf6268 3fc1c4811cc5e31a 400bc17b8f3991de c01ec14dab64b710 c0015580a30e8c99 c0221bbcd1253029 c0135bd947d64992 3fceb02d017ce8c4 c0193adfc060da64	ooooooooooooooooooooooooooooooooiooooioooooooooooooooooooioooiiooooioooooooooooooooooooiooooooooooooooooooooooooooooooooooooo
corpus_212@0	40186fc64a2736a0 4033d2ef90dfeafc 401d361cbb9ce1e6 4010cc80bddbeaa5 4015d276070186db 400b289bb08c835a 3fcaf557dd2776e8 3fc2dd41fc266b90 3fcaf557dd2776f0 400aadd8e3683a3c bf76cb6daf06af80 3fc2dd41fc266ba0 bf76cb6daf06af80 400bad9b1925017a 401760b337796a5d 4006eccaab3c7542 400ebaf31ab343fb 402164ac953217c2 40164b57a6789e45 401b0deae867fe77	oooooooooooooooooooooooooooooooooooooooooooooooooooooooooioooiiioooioooooooooooooooooooiooooooooooooooooooooooooooooooooooooo
corpus_212@1	40186fc64a2736a0 4033d2ef90dfeafc 403b4d872ee73879 c041e66fe84482ab 4041ba4ec0e030da 400b289bb08c835a 3fcaf557dd2776e4 3fc2dd41fc266b98 3fcaf557dd2776d8 400aadd8e3683a3e bf76cb6daf06b080 3fc2dd41fc266ba0 bf76cb6daf06b080 400bad9b1925017a 4039d82ccdde5a97 c0429133554c38ac 4040ebaf31ab3440 403cb2564a990be2 c04136950b30ec37 404261bd5d0cffce	oooooooooooooooooooooooooooooooooooooooooooooooooooooooooioooiiioooioooooooooooooooooooiooooooooooooooooooooooooooooooooooooo
corpus_212_alternate	40186fc64a2736a0 4033d2ef90dfeafc c0195d3963050782 bfee5b82c8332029 c01ee2eb7a443884 400b9f4df7afa38a bfb4051f8552074c 3fc6e7d1bfaf6270 bfb4051f85520750 400a2346263089ab 3fc1c4811cc5e31a 3fc6e7d1bfaf6268 3fc1c4811cc5e31a 400bc17b8f3991de c01ec14dab64b710 c0015580a30e8c99 c0221bbcd1253029 c0135bd947d64992 3fceb02d017ce8c4 c0193adfc060da64	ooooooooooooooooooooooooooooooooiooooioooooooooooooooooooioooiiooooioooooooooooooooooooiooooooooooooooooooooooooooooooooooooo
corpus_213	40467c7e54376c6a 4054b811596b88ab c033b9a1e2b6376d c0093087d1dbe2bc c02c6a1fbd314d8e 4059998dacec0d1e c01c0144a6ebc924 c02119baca4cb2c0 c01c0144a6ebc924 405669d37e67e93b c015823983606f44 c02119baca4cb2c0 c015823983606f44 405b584ac3597952 c0368517038dafa6 c0164b712d8d218c c030d350a576dd61 c030fda2160cbc9d bfe1d8ccd2b7cc7c c0275c2c6bd98f8e	oooooooooooooooooooooooooooooooooooooioooooooooooooooooooioooooooooioooooooooooooooooooiooooooooooooooooooooooooooooooooooooo
corpus_213@0	40467c7e54376c6a 4054b811596b88ab c036ee1a0282d72a 401b24edc15c193b c0158a9bab976450 40577e27e3b295a8 c0111b8071aed26c c0248094f6a5e58a c0111b8071aed268 405978d62ae54922 c0233e066120575c c0248094f6a5e58a c0233e066120575c 405a64ade01590e0 c039f8c2ef4090b2 4010139a97048694 c01ffd6b81b2acda c03450b284ab9089 4023161795d30fa5 c0056790f6b77b9e	oooooooooooooooooooooooooooooooooooooooooooooooooooooooooioooioooooioooooooooooooooooooiooooooooooooooooooooooooooooooooooooo
corpus_213@1	40467c7e54376c6a 4054b811596b88ab 403111e5fd7d28d6 c0524db123ea3e6d 404b4eac8a8d1376 40577e27e3b295a8 c0111b8071aed26c c0248094f6a5e58a c0111b8071aed268 405978d62ae54922 c0233e066120575c c0248094f6a5e58a c0233e066120575c 405a64ade01590e0 402c0e7a217ede9c c052fec6568fb798 404a00528fc9aa65 4033af4d7b546f77 c0519d3d0d459e0c 404ca986f0948846	oooooooooooooooooooooooooooooooooooooooooooooooooooooooooioooioooooioooooooooooooooooooiooooooooooooooooooooooooooooooooooooo
corpus_213_alternate	40467c7e54376c6a 4054b811596b88ac c033b9a1e2b6376d c0093087d1dbe2bd c02c6a1fbd314d8e 4059998dacec0d1f c01c0144a6ebc927 c02119baca4cb2c8 c01c0144a6ebc927 405669d37e67e93c c015823983606f46 c02119baca4cb2c8 c015823983606f47 405b584ac3597954 c0368517038dafa6 c0164b712d8d218c c030d350a576dd61 c030fda2160cbc9d bfe1d8ccd2b7cc7c c0275c2c6bd98f8e	oooooooooooooooooooooooooooooooooooooioooooooooooooooooooioooooooooioooooooooooooooooooiooooooooooooooooooooooooooooooooooooo
corpus_214	407da1ce6f80a426 407697b76946c9ab 4030a13895c3b6ae 4026640f9ff3ca62 c035d3ba8695ee8a 40b18ef92f2f1eb7 c05d926717363580 4064b60b309b3870 c05d92671736357e 40b3f18bb242f7c9 4047e9c6e075f158 4064b60b309b3880 4047e9c6e075f156 40b272b24321cde7 402524569874a443 4019eb9c2fd36e60 c03b6d7c11ed7a17 4036a7612ea86a9e 40307eef16c03791 c030327cff77e522	oooooooooooooooooooooooooooooooooooooioooooooooooooooooooiiooiiioooioooooooooooooooooooiooooooooooooooooooooooooooooooooooooo
corpus_214@0	407da1ce6f80a426 407697b76946c9ab 40311b44a81f204f 402d23f8cd32cc82 c03352b701659158 40b1858c10c8fea8 c05c3bca517a8e10 4062bd8706ec3a28 c05c3bca517a8e08 40b3dc2c76e6caa5 405d5b8155672508 4062bd8706ec3a20 405d5b8155672500 40b2917e9ce41b18 40261652e5adade0 4022b0e0b6b7fb16 c03949cab8bddc98 40371d22804b62eb 40344c2989a7ecf2 c02b5e3f77a25a65	oooooooooooooooooooooooooooooooooooooioooooooooooooooooooiooooiioooooooooooooooooooooooiooooooooooooooooooooooooooooooooooooo
corpus_214@1	407da1ce6f80a426 407697b76946c9ab 405846d12a07c813 c0622dc0732cd338 40592b523fa69baa 40b1858c10c8fea8 c05c3bca517a8e10 4062bd8706ec3a28 c05c3bca517a8e0c 40b3dc2c76e6caa5 405d5b8155672508 4062bd8706ec3a20 405d5b8155672500 40b2917e9ce41b18 4056c2ca5cb5b5bc c062d4f1f494804f 4057ad8d51d088da 4059c748a012d8ba c061767acecb0262 405a9438110bb4b3	oooooooooooooooooooooooooooooooooooooioooooooooooooooooooiooooiioooooooooooooooooooooooiooooooooooooooooooooooooooooooooooooo
corpus_214_alternate	407da1ce6f80a426 407697b76946c9ab 4030a13895c3b6ae 4026640f9ff3ca62 c035d3ba8695ee8a 40b18ef92f2f1eb7 c05d926717363575 4064b60b309b3860 c05d926717363575 40b3f18bb242f7c8 4047e9c6e075f14c 4064b60b309b3870 4047e9c6e075f14a 40b272b24321cde6 402524569874a443 4019eb9c2fd36e60 c03b6d7c11ed7a17 4036a7612ea86a9e 40307eef16c03791 c030327cff77e522	oooooooooooooooooooooooooooooooooooooioooooooooooooooooooiiooiiioooioooooooooooooooooooiooooooooooooooooooooooooooooooooooooo
corpus_215	40b1e8cf45834371 409c37ac27675ef1 c0415fa1b0b1da30 403a1ffb44ed07b6 402a34c4d546fb2d 410c1a37098c0900 c0c5a97be886e095 40adc2b33d872730 c0c5a97be886e095 410c4fd0dcfcd8f9 c08e5f9e3dba7d7a 40adc2b33d872728 c08e5f9e3dba7d7a 4107d67c78a208dd c0468c0bc20a3429 4030ac50cad0f95f 4006267d8d67f1f2 c038d5a0621092f7 404166f5825c1bf2 403763dd0b33191a	ooooooooooooooooooooooooooooooooooooiiiooooiooooooooooooiiiooooiooiiioooooooooooooooooiiiooiioooooooooooooooooooooooooooooooo
corpus_215@0	40b1e8cf45834371 409c37ac27675ef1 c044099bfa8b3102 40344de924681a39 401a51307c2965e8 410c74a26ff3ffc7 c0c2894cdc870942 40c1a15d156aaa04 c0c2894cdc870942 410bb5fda56e9047 c0b4a008f639af68 40c1a15d156aa9fc c0b4a008f639af68 410815e449c85aca c0498c433953ada4 402386eaf1ee0e30 c01362b40bf669be c03da999eb63d89e 403edf6cd7341c07 4031abc28e56ffd6	ooooooooooooooooooooooooooooooooooooooooooooooooooooooooiiiooooiooooiooooooooooooooooooiooooooooooooooooooooooooooooooooooooo
corpus_215@1	40b1e8cf45834371 409c37ac27675ef1 405dfb3202ba677e c072bb216db97e5c 406ed28983e14b2f 410c74a26ff3ffc7 c0c2894cdc87093e 40c1a15d156aaa04 c0c2894cdc870946 410bb5fda56e9047 c0b4a008f639af60 40c1a15d156aa9fc c0b4a008f639af64 410815e449c85aca 405b39de6356292d c07363c8a8708f8f 406d64ea5fa04cb3 40604accc29384ec c0721209328cbe3f 40701abc28e56ffd	ooooooooooooooooooooooooooooooooooooooooooooooooooooooooiiiooooiooooiooooooooooooooooooiooooooooooooooooooooooooooooooooooooo
corpus_215_alternate	40b1e8cf45834371 409c37ac27675ef0 c0415fa1b0b1da31 403a1ffb44ed07b6 402a34c4d546fb2d 410c1a37098c0900 c0c5a97be886e098 40adc2b33d872738 c0c5a97be886e098 410c4fd0dcfcd8f9 c08e5f9e3dba7d7e 40adc2b33d872730 c08e5f9e3dba7d7e 4107d67c78a208dc c0468c0bc20a3429 4030ac50cad0f95f 4006267d8d67f1f2 c038d5a0621092f7 404166f5825c1bf2 403763dd0b33191a	ooooooooooooooooooooooooooooooooooooiiiooooiooooooooooooiiiooooiooiiioooooooooooooooooiiiooiioooooooooooooooooooooooooooooooo
corpus_216	40d8578f1607f998 40b3c169403655d3 4042f7c67b0e190e 4061e70793614b74 4021ffafd8142b18 414ba05c776ec7f9 c107f171a71d4be5 4103987a9dbe633e c107f171a71d4be4 414ad9c808f2730c c0c674958dbcaa00 4103987a9dbe6340 c0c674958dbca980 414aaec10608ddfc 4034febd5ac5d534 405d7fe4dce2b94b c02a4612229e05d6 404d36711ec3f5f5 4064bf72020b6634 4040f73935cc9c34	ooooooooooooooooooooooooooooooooooooiioooooooooooooooooooooooiiioooioooooooooooooooooooiooooooooooooooooooooooooooooooooooooo
corpus_216@0	40d8578f1607f998 40b3c169403655d3 c04d8723d01ea486 405fa8ee5a272027 c04908bac8c1b89c 414c6007ac688f86 40e826657133fc80 41043a3e29a8b4ac 40e826657133fca0 414a5407bb6274b3 40ff1c655efd8820 41043a3e29a8b4a8 40ff1c655efd8810 414a74d61e9f14c9 c053df7fdb7147ef 4059db577079e9f9 c051cd67297a63a1 c041bd7dabaad269 4062a8b6eb954c5e c038210310f0b0ad	oooooooooooooooooooooooooooooooooooooioooooooooooooooooooioooiiooooiooooooooooooooooooooooooooooooooooooooooooooooooooooooooo
corpus_216@1	40d8578f1607f998 40b3c169403655d3 40704f1b85fc2b70 c0800ae234bb1bfb 407adee8a6e7c8ec 414c6007ac688f86 40e826657133fc80 41043a3e29a8b4a4 40e826657133fc80 414a5407bb6274b3 40ff1c655efd8820 41043a3e29a8b4a4 40ff1c655efd8820 414a74d61e9f14c9 406e104012475c09 c080c49511f0c2c0 40798ca635a16718 4071c8504a8aa5b3 c07eaba48a3559d1 407c7defcef0f4f5	oooooooooooooooooooooooooooooooooooooioooooooooooooooooooioooiiooooiooooooooooooooooooooooooooooooooooooooooooooooooooooooooo
corpus_216_alternate	40d8578f1607f998 40b3c169403655d3 4042f7c67b0e190f 4061e70793614b74 4021ffafd8142b18 414ba05c776ec7f8 c107f171a71d4be2 4103987a9dbe633a c107f171a71d4be2 414ad9c808f2730b c0c674958dbcab80 4103987a9dbe633b c0c674958dbcaa80 414aaec10608ddfb 4034febd5ac5d534 405d7fe4dce2b94b c02a4612229e05d6 404d36711ec3f5f5 4064bf72020b6634 4040f73935cc9c34	ooooooooooooooooooooooooooooooooooooiioooooooooooooooooooooooiiioooioooooooooooooooooooiooooooooooooooooooooooooooooooooooooo
corpus_217	4107c834c4eae1b7 40d6d9f2ef65a597 c0727925cc4af919 c0698dd730449303 c054e94b823739a3 419b0826cb399e6f c14a3846ee365228 414e0be4bfcb2ef4 c14a3846ee36522c 419c60b54fe0cc40 4141602d8d864140 414e0be4bfcb2ef4 4141602d8d864150 419c6a99eaf042dc c0756b14c407369f c06f54df9b0f23b2 c06000a24e76bebc c070206722a28626 c063cf24ac12c30e c043e7d959dd35e0	oooooooooooooooooooooooooooooooooooooioooooooooooooooooooioooiiioooiooooooooooooooiooooiooooooooooooooooooooooooooooooooooooo
corpus_217@0	4107c834c4eae1b7 40d6d9f2ef65a597 c04cc25078f2b69c 406e4a4e2fdfb20e 4071041a086ee9f5 419c7915ed6d4c98 41495a061e84be80 412898ab866bfc80 41495a061e84be80 419a785102243a1c c137c15bca64f8b8 412898ab866bfc80 c137c15bca64f8c0 419ce20f167926d5 c05899b6a8c40c63 40697be71e74e39c 406cedb26b2bcb49 c014d6628e6197f9 40715fd1dff6143f 40736e5517204c54	ooooooooooooooooooooooooooooooooooooooooooioooooooooooooiioooioooooiioooooooooooooooooooooooooooooooooooooooooooooooooooooooo
corpus_217@1	4107c834c4eae1b7 40d6d9f2ef65a597 408233daf870d496 c09036b63a0409be 40934106821bba7d 419c7915ed6d4c98 41495a061e84be80 412898ab866bfc80 41495a061e84be80 419a785102243a1c c137c15bca64f8b8 412898ab866bfc80 c137c15bca64f8c0 419ce20f167926d5 4080ecc92ae77e72 c090d0831c31638c 40929db64d657969 4083d6533ae33cd0 c08f50171004f5df 4093db9545c81316	ooooooooooooooooooooooooooooooooooooooooooioooooooooooooiioooioooooiioooooooooooooooooooooooooooooooooooooooooooooooooooooooo
corpus_217_alternate	4107c834c4eae1b8 40d6d9f2ef65a598 c0727925cc4af919 c0698dd730449303 c054e94b823739a3 419b0826cb399e6f c14a3846ee365234 414e0be4bfcb2efc c14a3846ee365238 419c60b54fe0cc42 4141602d8d864130 414e0be4bfcb2efc 4141602d8d864130 419c6a99eaf042dc c0756b14c407369f c06f54df9b0f23b2 c06000a24e76bebc c070206722a28626 c063cf24ac12c30e c043e7d959dd35e0	oooooooooooooooooooooooooooooooooooooioooooooooooooooooooioooiiioooiooooooooooooooiooooiooooooooooooooooooooooooooooooooooooo
corpus_218	414103a58e27c4d8 40f91d6abb3ccfb2 c076b7c75aa18c00 4048bf5867092cde 406bf17adb4da034 41f66b63536fc194 41a31197ccfce456 418a46399f883300 41a31197ccfce456 41f9a2d450cbb0df c1963a46529b00de 418a46399f883300 c1963a46529b00dc 41f67e29255b0f84 c07db599c0b6f1ad c03f0e4f15ccfce5 405ea40cdcba0656 c070465a2858c8c8 405ed9adc9bff306 4074a2022eef4348	oooooooooooooooooooooooooooooooooooooioooooooooooooooooooioooiiiooiiiooooooooooooooooooiooooooooooooooooooooooooooooooooooooo
corpus_218@0	414103a58e27c4d8 40f91d6abb3ccfb2 c076835016c566ef c06a7a24691025ee c058e95810c50dc5 41f6f11177752271 c1b73872e2c6e300 c19ea91549abc9fa c1b73872e2c6e300 41f8b228c2d2d6c0 41a6d9611efd5c48 c19ea91549abc9f2 41a6d9611efd5c48 41f6e9268f4e88c5 c07bf5c6892f5cde c07361324574225a c0676d5994a66c2c c0718bcd10b3bc6c c05e18b31a5202b7 c029f2bd33d62074	ooooooooooooooooooooooooooooooooooooiiiooooooooooooooooooooooiiioooiooooooooooooooooooiiioooooooooooooooooooooooooooooooooooo
corpus_218@1	414103a58e27c4d8 40f91d6abb3ccfb2 408cbe57f49d4c88 c0a5a7a24691025f 409c716a7ef3af24 41f6f11177752271 c1b73872e2c6e300 c19ea91549abc9fa c1b73872e2c6e300 41f8b228c2d2d6c0 41a6d9611efd5c48 c19ea91549abc9f2 41a6d9611efd5c48 41f6e9268f4e88c5 408a051cbb685191 c0a66c2648ae844c 409b1254cd6b327b 408f3a1977a621c9 c0a4f0c598d29016 409dcc1a859853bf	ooooooooooooooooooooooooooooooooooooiiiooooooooooooooooooooooiiioooiooooooooooooooooooiiioooooooooooooooooooooooooooooooooooo
corpus_218_alternate	414103a58e27c4d8 40f91d6abb3ccfb2 c076b7c75aa18c00 4048bf5867092cdd 406bf17adb4da034 41f66b63536fc194 41a31197ccfce451 418a46399f8832c0 41a31197ccfce452 41f9a2d450cbb0df c1963a46529b00d4 418a46399f883280 c1963a46529b00d2 41f67e29255b0f83 c07db599c0b6f1ad c03f0e4f15ccfce5 405ea40cdcba0656 c070465a2858c8c8 405ed9adc9bff306 4074a2022eef4348	oooooooooooooooooooooooooooooooooooooioooooooooooooooooooioooiiiooiiiooooooooooooooooooiooooooooooooooooooooooooooooooooooooo
corpus_219	416476a91a12a5df 41148ae8aefa2206 407983f3a8369e08 409345a4210e03fa c090e249c54c4a72 42320d4a1756fcf0 41dd3918fd50a0f4 c1e15671cc90c626 41dd3918fd50a0fc 4237b4875fdeb29a c1f1a8c0937287a8 c1e15671cc90c62a c1f1a8c0937287a8 42379cfeddbc3c6c 406cde6b69f1fd18 40905d0d2f83c26d c093c2fdc4e04a35 4081ba8d07a0d823 4095dde85982a6a8 c08ce469bf804876	oooooooooooooooooooooooooooooooooooooioooooooooooooooooooioooioioooioooooooooooooooooooiioooooooooooooooooooooooooooooooooooo
corpus_219@0	416476a91a12a5df 41148ae8aefa2206 c0549dea081161ef 406deae4ea3ffa4e c09a1b226088ae9b 423660b9c39c1384 c1ec7d8b09c248d4 41b624fe080c3080 c1ec7d8b09c248d4 4232289fb88e82b8 41b0d44be5ef9422 41b624fe080c3080 41b0d44be5ef9422 4238d576d8c755b6 c06cb4253d1c9599 4053e9d8eda268c2 c09bb52a193f1d54 4055df0a329b150b 4078e1e6556b7f56 c09882ecef5faae2	ooooooooooooooooooooooooooooooooooooiiioooooooooooooooooiiioooooooiiioooooooooooooooooiiioooooooooooooooooooooooooooooooooooo
corpus_219@1	416476a91a12a5df 41148ae8aefa2206 40a35b10afbf74f0 c0b310a8d8ae002e 40a0f26ecfbba8b2 423660b9c39c1384 c1ec7d8b09c248d4 41b624fe080c3080 c1ec7d8b09c248d4 4232289fb88e82b8 41b0d44be5ef9422 41b624fe080c3080 41b0d44be5ef9422 4238d576d8c755b6 40a234bdac2e36a6 c0b3b0589c49765c 40a0256af3607155 40a4aef85194d8a8 c0b271e19aa9480b 40a1be8988502a8e	ooooooooooooooooooooooooooooooooooooiiioooooooooooooooooiiioooooooiiioooooooooooooooooiiioooooooooooooooooooooooooooooooooooo
corpus_219_alternate	416476a91a12a5de 41148ae8aefa2206 407983f3a8369e08 409345a4210e03fa c090e249c54c4a72 42320d4a1756fcf0 41dd3918fd50a0fc c1e15671cc90c622 41dd3918fd50a104 4237b4875fdeb29a c1f1a8c0937287a8 c1e15671cc90c626 c1f1a8c0937287a8 42379cfeddbc3c6c 406cde6b69f1fd18 40905d0d2f83c26d c093c2fdc4e04a35 4081ba8d07a0d823 4095dde85982a6a8 c08ce469bf804876	oooooooooooooooooooooooooooooooooooooioooooooooooooooooooioooioioooioooooooooooooooooooiioooooooooooooooooooooooooooooooooooo
corpus_220	41a3d91f1aa4da8d 413d0ef82ee13955 c09944417d58569b 4084d0bee3a05869 c0751c4f65bebde3 42a08493d85a88e6 c251c26fd84ea912 c2305a4485296ab8 c251c26fd84ea910 42a0329789d6359e c254bcbc5a4f66a0 c2305a4485296ab8 c254bcbc5a4f66a0 429b3a082a216d28 c09e9a6570d08698 4070ce46acee3518 c086679ea3e112dc c0938182e1a15317 4090194ec590f056 40467933a3a9dff0	ooooooooooooooooooooooooooooooooooooiiiooooooooooooooooooioooiiioooiooooooooooooooooooooioooooooooooooooooooooooooooooooooooo
corpus_220@0	41a3d91f1aa4da8d 413d0ef82ee13955 408b711764a722c7 40780a7d0c9c9d50 409774c5b9da766e 429cf8b235731aed c25d1b29a7e8b6d8 426369d66b5de140 c25d1b29a7e8b6e0 429ef9bf001d23a4 4244cdc5ec94f5f8 426369d66b5de140 4244cdc5ec94f600 42a05af6dc7955d0 407a79454e75d3b5 c03969bc73c51f28 40912356f962f7e7 4094413b2f42e64c 4088d02f35a87532 409e24258996f506	oooooooooooooooooooooooooooooooooooooioooooooooooooooooooiooooiioooooooooooooooooooooooiooooooooooooooooooooooooooooooooooooo
corpus_220@1	41a3d91f1aa4da8d 413d0ef82ee13955 40b76e22ec94e459 c0c33fac179b1b15 40c1ee98b73b4ece 429cf8b235731aed c25d1b29a7e8b6d8 426369d66b5de140 c25d1b29a7e8b6e0 429ef9bf001d23a4 4244cdc5ec94f5f8 426369d66b5de140 4244cdc5ec94f600 42a05af6dc7955d0 40b5a79454e75d3c c0c40cb4de39e290 40c1246adf2c5efd 40b9104ecbd0b993 c0c272fd0ca578ad 40c2c484b132dea1	oooooooooooooooooooooooooooooooooooooioooooooooooooooooooiooooiioooooooooooooooooooooooiooooooooooooooooooooooooooooooooooooo
corpus_220_alternate	41a3d91f1aa4da8d 413d0ef82ee13955 c09944417d58569b 4084d0bee3a05869 c0751c4f65bebde3 42a08493d85a88e6 c251c26fd84ea910 c2305a4485296ab8 c251c26fd84ea90e 42a0329789d6359d c254bcbc5a4f6698 c2305a4485296ab8 c254bcbc5a4f6698 429b3a082a216d28 c09e9a6570d08698 4070ce46acee3518 c086679ea3e112dc c0938182e1a15317 4090194ec590f056 40467933a3a9dff0	ooooooooooooooooooooooooooooooooooooiiiooooooooooooooooooioooiiioooiooooooooooooooooooooioooooooooooooooooooooooooooooooooooo
corpus_221	41d04b67e88df5c3 4159e16dc2082d89 40a2eac5ea28f5cb 409869ee1c382412 4097dc4921ed9eb1 42e6907ee1e8843a c28b6ee0b8945110 4299d06dbd44a4f0 c28b6ee0b8945100 42e6884baaae5cca 427bf7f4478672a0 4299d06dbd44a4f0 427bf7f4478672a0 42e61f13f8a22665 4099b2f06a705ffa 4088bc8c82ae93b6 408614ec47ae8594 40a9377f3e1d9d6f 40a2231be55229cd 40a264be5c84793f	oooooooooooooooooooooooooooooooooooooioooooooooooooooooooioooioioooioooooooooooooooooooiooooooooooooooooooooooooooooooooooooo
corpus_221@0	41d04b67e88df5c3 4159e16dc2082d89 4087f3a8a5e1bd27 40949814163a08f1 40a68607fe9d26a9 42e5e6c3e8f70992 c295e7da26f0b340 4288e4464c15f788 c295e7da26f0b340 42e64d744228bf2d c2636b9acf8f4670 4288e4464c15f790 c2636b9acf8f46a0 42e703a65a193eab c04f59bea9efa4c0 40801b23526d1150 40a139e7cdef625f 40981cbb3fef82b0 40a0ca54c36cdd94 40abeab58df7d9a8	oooooooooooooooooooooooooooooooooooooioooooooooooooooooooioooioioooioooooooooooooooooooiooooooooooooooooooooooooooooooooooooo
corpus_221@1	41d04b67e88df5c3 4159e16dc2082d89 40c57f3a8a5e1bd3 c0d2b67ebe9c5f71 40d1d0c0ffd3a4d4 42e5e6c3e8f70992 c295e7da26f0b340 4288e4464c15f788 c295e7da26f0b340 42e64d744228bf2d c2636b9acf8f4670 4288e4464c15f790 c2636b9acf8f46a0 42e703a65a193eab 40c3e0a64156105b c0d37f26e56c9776 40d1273cf9bdec4b 40c7039767fdf056 c0d1e6b56792644e 40d27d56b1befb35	oooooooooooooooooooooooooooooooooooooioooooooooooooooooooioooioioooioooooooooooooooooooiooooooooooooooooooooooooooooooooooooo
corpus_221_alternate	41d04b67e88df5c4 4159e16dc2082d89 40a2eac5ea28f5cb 409869ee1c382412 4097dc4921ed9eb1 42e6907ee1e8843a c28b6ee0b89450f0 4299d06dbd44a4d0 c28b6ee0b8945100 42e6884baaae5ccc 427bf7f4478672c0 4299d06dbd44a4e0 427bf7f4478672c0 42e61f13f8a22666 4099b2f06a705ffa 4088bc8c82ae93b6 408614ec47ae8594 40a9377f3e1d9d6f 40a2231be55229cd 40a264be5c84793f	oooooooooooooooooooooooooooooooooooooioooooooooooooooooooioooioioooioooooooooooooooooooiooooooooooooooooooooooooooooooooooooo
corpus_222	41ed0ac4ac831245 416c9a446aea196c c0a4b44c5f710557 40b07e162cefb2f4 40b54eaf64a211d9 431535c0f5763804 42f47ee98643faa2 c2e8c23effdeb17a 42f47ee98643faa2 431a1420b343fd0b c2dd8a58f48cab60 c2e8c23effdeb17c c2dd8a58f48cab68 431e454670ee88f2 c0b051566f6baf97 40a79bc41890ce29 40b1454d810dbcaa c0956195223846cd 40b500fd5360eb62 40b9d97a5ea02dbc	oooooooooooooooooooooooooooooooooooooioooooooooooooooooooioooiiooooioooooooooooooooooooiooooooooooooooooooooooooooooooooooooo
corpus_222@0	41ed0ac4ac831245 416c9a446aea196c c0b113a3e91e6e0b 4088b0c0d2ab3be7 c0b710dcf54e71b1 43203a4169317b0c 42e1be740e91517c c2ae861dd55c53b0 42e1be740e91517c 43177b0c2d525492 c2f2731f1e475e93 c2ae861dd55c5390 c2f2731f1e475e95 43159f9919f37358 c0b48a6e5f2d2a76 c07792c46177176d c0bb97d347315c86 c0abbfac5311af93 40a003c9f3822063 c0b22bebb00b24cd	ooooooooooooooooooooooooooooooooooooooooooioooooooooooooiioooiiioooiooooooooooooooooooooioooooooooooooooooooooooooooooooooooo
corpus_222@1	41ed0ac4ac831245 416c9a446aea196c 40cf762e0b70c8fa c0e39d3cfcb55310 40d83bc8c2ac6394 43203a4169317b0c 42e1be740e91517c c2ae861dd55c53a0 42e1be740e91517e 43177b0c2d525492 c2f2731f1e475e96 c2ae861dd55c5390 c2f2731f1e475e93 43159f9919f37358 40cdbac8d0696ac5 c0e42f2588c2ee2f 40d71a0b2e33a8df 40d0880a759dca0d c0e2ffc360c7ddfa 40d9750513fd36cd	ooooooooooooooooooooooooooooooooooooooooooioooooooooooooiioooiiioooiooooooooooooooooooooioooooooooooooooooooooooooooooooooooo
corpus_222_alternate	41ed0ac4ac831245 416c9a446aea196c c0a4b44c5f710557 40b07e162cefb2f4 40b54eaf64a211d9 431535c0f5763804 42f47ee98643faa4 c2e8c23effdeb17e 42f47ee98643faa4 431a1420b343fd0b c2dd8a58f48cab60 c2e8c23effdeb17e c2dd8a58f48cab68 431e454670ee88f2 c0b051566f6baf97 40a79bc41890ce29 40b1454d810dbcaa c0956195223846cd 40b500fd5360eb62 40b9d97a5ea02dbc	oooooooooooooooooooooooooooooooooooooioooooooooooooooooooioooiiooooioooooooooooooooooooiooooooooooooooooooooooooooooooooooooo
corpus_223	422b648b2e732525 4197d957ac633535 40a421f8c3a78344 40c82719093c4999 c0bd1c5352d5ae32 4380b092bc99c9a6 c337fa746459bb52 c314f9aab93e9320 c337fa746459bb50 4381995be50f14cb 42f2a1492e546d80 c314f9aab93e9320 42f2a1492e546d00 4381ec496a8a8e56 c071cba4955a6938 40c1fdf73e63e62b c0c4751d2cb9d796 40b540c442974fb6 40cdbb3032646802 c0b1edd94d39c738	oooooooooooooooooooooooooooooooooooooioooooooooooooooooooioooioioooioooooooooooooooooooiooooooooooooooooooooooooooooooooooooo
corpus_223@0	422b648b2e732525 4197d957ac633535 40b2077bfd514422 40b9d6e932cd5f6d c0c7ec8ffef01185 4380582cc36e0da6 c310ba834a139368 43258724e0001cf8 c310ba834a13938c 4382129ca3e439a9 430567ed71aad0c0 43258724e0001ce8 430567ed71aad0c0 4381cb6ea4e12575 40a009e50dda61e1 40ad3d843757460b c0ccf2dab1314a33 40be5257892be073 40c224b45c2619d6 c0c2ba67b670e172	oooooooooooooooooooooooooooooooooooooioooooooooooooooooooooooiiooooooooooooooooooooooooiooooooooooooooooooooooooooooooooooooo
corpus_223@1	422b648b2e732525 4197d957ac633535 40e640ef7faa2884 c0f262916cd32a0a 40e804dc0043fb9f 4380582cc36e0da6 c310ba834a139388 43258724e0001cf8 c310ba834a1393ac 4382129ca3e439a9 430567ed71aad0c0 43258724e0001ce8 430567ed71aad0c0 4381cb6ea4e12575 40e5009e50dda61e c0f31613de4545cf 40e6c34953b3ad73 40e7ca4af1257c0e c0f1bb69747b3cc5 40e951661263c7a4	oooooooooooooooooooooooooooooooooooooioooooooooooooooooooooooiiooooooooooooooooooooooooiooooooooooooooooooooooooooooooooooooo
corpus_223_alternate	422b648b2e732525 4197d957ac633535 40a421f8c3a78345 40c82719093c4998 c0bd1c5352d5ae33 4380b092bc99c9a6 c337fa746459bb58 c314f9aab93e9330 c337fa746459bb54 4381995be50f14cb 42f2a1492e546d80 c314f9aab93e9330 42f2a1492e546d00 4381ec496a8a8e56 c071cba4955a6938 40c1fdf73e63e62b c0c4751d2cb9d796 40b540c442974fb6 40cdbb3032646802 c0b1edd94d39c738	oooooooooooooooooooooooooooooooooooooioooooooooooooooooooioooioioooioooooooooooooooooooiooooooooooooooooooooooooooooooooooooo
corpus_224	4261ca78f9d303a0 41b8d6c0d3b771d4 40beeba9995f724d c0d9451f24a28004 40e016d0e38d7c2c 43d9a81514146f66 c399b2d94dd375c8 c3a8a2beabf0d2ec c399b2d94dd375c8 43d9cd79ae2ccf77 c3a9bc70b8fa1448 c3a8a2beabf0d2ec c3a9bc70b8fa1448 43da91ecae8da045 4090bde90f118258 c0df901dd1dc6a14 40d9cf4ecae9fd4d 40cc4ab79cef3d5d c0d29fb7bbbc29d8 40e351679fe77f71	oooooooooooooooooooooooooooooooooooooooooooooooooooooooooiooooiioooioooooooooooooooooooiooooooooooooooooooooooooooooooooooooo
corpus_224@0	4261ca78f9d303a0 41b8d6c0d3b771d4 c0b1414775697548 c0d2a66ce69f8bce 40e27d1dc9f989fd 43db775c3dc08e18 c392f4dfdcb40488 c3a6ae82915b8130 c392f4dfdcb40484 43d8a70361d06c25 c3aacd3685b1e364 c3a6ae82915b8130 c3aacd3685b1e364 43d9e91bd13de4ec c0c408f623361a9f c0d96ea53b03cf64 40de8998f92a3836 40a09a961ec57da4 c0c7ab5aa5aeb42f 40e5ce52e279eb6b	ooooooooooooooooooooooooooooooooooooiioooooooooooooooooooioooiiioooiooooooooooooooooooooooooooooooooooooooooooooooooooooooooo
corpus_224@1	4261ca78f9d303a0 41b8d6c0d3b771d4 40f2ebeb88a968ac c10654cd9cd3f17a 41039f47727e6280 43db775c3dc08e14 c392f4dfdcb40478 c3a6ae82915b812a c392f4dfdcb40474 43d8a70361d06c25 c3aacd3685b1e35c c3a6ae82915b812c c3aacd3685b1e360 43d9e91bd13de4eb 40f17ee13b993cad c1072dd4a76079ec 4102d1331f254707 40f484d4b0f62bed c1057ab5aa5aeb42 41047394b89e7adb	ooooooooooooooooooooooooooooooooooooiioooooooooooooooooooioooiiioooiooooooooooooooooooooooooooooooooooooooooooooooooooooooooo
corpus_224_alternate	4261ca78f9d303a0 41b8d6c0d3b771d4 40beeba9995f724e c0d9451f24a28005 40e016d0e38d7c2c 43d9a81514146f66 c399b2d94dd375c0 c3a8a2beabf0d2ec c399b2d94dd375c0 43d9cd79ae2ccf77 c3a9bc70b8fa144c c3a8a2beabf0d2ec c3a9bc70b8fa1448 43da91ecae8da045 4090bde90f118258 c0df901dd1dc6a14 40d9cf4ecae9fd4d 40cc4ab79cef3d5d c0d29fb7bbbc29d8 40e351679fe77f71	oooooooooooooooooooooooooooooooooooooooooooooooooooooooooiooooiioooioooooooooooooooooooiooooooooooooooooooooooooooooooooooooo
corpus_225	3dd8d8d190dd4fbc 3eb5ee40a6ed03e1 bf6000e2f479403e bf0fe5b5d4e29c80 bf59128833e3cb41 3c4e064baa271b15 bc1474538e9f60ac bc019489c646ea98 bc1474538e9f60ae 3c4b55f7a71eca66 bc110cc7b6d62b40 bc019489c646ea98 bc110cc7b6d62b3c 3c4ea7d4481b5d90 bf62da8284961cd4 bf3c25ce4ead012f bf5e8dd391b08119 bf5ae5b37dc34ace 3f357344fbdb26c4 bf53d57fc4909adf	oooooooooooooooooooooooooooooooooooooioooooooooooooooooooioooioioooiooooooooooooooooooooooooooooooooooooooooooooooooooooooooo
corpus_225@0	3dd8d8d190dd4fbc 3eb5ee40a6ed03e1 3f5c5b11fca7a474 bf5c362c9fe58190 3f3d6d0e8dea3222 3c4f1b801bb8c7ba 3bf4bb4b3ead2520 bc0cfce36ccca490 3bf4bb4b3ead2520 3c4e89c7e4f5c18c 3c11e515264ea0b2 bc0cfce36ccca490 3c11e515264ea0b0 3c4a5ecf98b2b9c0 3f575641ffb3ff91 bf60c06d5e794d4f 3f110ad1bb3c5338 3f60c625a80dbfa6 bf57540f46e0ed46 3f4aa23ecb5026d4	oooooooooooooooooooooooooooooooooooooioooooooooooooooooooioooioioooiooooooooooooooooooooooooooooooooooooooooooooooooooooooooo
corpus_225@1	3dd8d8d190dd4fbc 3eb5ee40a6ed03e1 3f7b16c47f29e91d bf8786c593fcb032 3f7fd6d0e8dea322 3c4f1b801bb8c7ba 3bf4bb4b3ead2520 bc0cfce36ccca490 3bf4bb4b3ead2520 3c4e89c7e4f5c18c 3c11e515264ea0b3 bc0cfce36ccca490 3c11e515264ea0b0 3c4a5ecf98b2b9c0 3f79d5907fecffe4 bf88301b579e5353 3f7e442b46ecf14d 3f7c6312d406dfd4 bf86ea81e8dc1da9 3f80aa23ecb5026e	oooooooooooooooooooooooooooooooooooooioooooooooooooooooooioooioioooiooooooooooooooooooooooooooooooooooooooooooooooooooooooooo
corpus_225_alternate	3dd8d8d190dd4fbc 3eb5ee40a6ed03e1 bf6000e2f479403e bf0fe5b5d4e29c7e bf59128833e3cb41 3c4e064baa271b15 bc1474538e9f60ac bc019489c646ea98 bc1474538e9f60ae 3c4b55f7a71eca68 bc110cc7b6d62b38 bc019489c646ea98 bc110cc7b6d62b34 3c4ea7d4481b5d91 bf62da8284961cd4 bf3c25ce4ead012f bf5e8dd391b08119 bf5ae5b37dc34ace 3f357344fbdb26c4 bf53d57fc4909adf	oooooooooooooooooooooooooooooooooooooioooooooooooooooooooioooioioooiooooooooooooooooooooooooooooooooooooooooooooooooooooooooo
corpus_226	3e053a5f4849e180 3ed203e5659fd40f 3f50121485aacdfd bf7223edb678eea4 bf716d51f7cf8803 3c971d59dcbf7967 3c41d52fbee1b108 3c578735c783c108 3c41d52fbee1b100 3c9855a0df01480e 3c716f12521abab3 3c578735c783c108 3c716f12521abab3 3c94cbddf56f303f 3f39f0bf6796d33a bf7495d1b7e5e033 bf744dbc7aeb67f7 3f5a15643d022a05 bf6ef00d18eaa720 bf6d1e41edc89337	oooooooooooooooooooooooooooooooooooooioooooooooooooooooooooooiiioooooooooooooooooooooooiooooooooooooooooooooooooooooooooooooo
corpus_226@0	3e053a5f4849e180 3ed203e5659fd40f bf718063d44d7b65 3f7212c8bb669d4d 3f4ff7052dd50760 3c9836d588d2250c bc6df8a9f267894c bc646961ac2ac5f0 bc6df8a9f2678950 3c946f50731e2080 bc2ab6548250e160 bc646961ac2ac5f0 bc2ab6548250e1a0 3c9798b2b53fac28 bf73e6bf4a642ae4 3f6e6afb770557a9 3f333d92380921be bf6db327089d797a 3f7503fd4150d911 3f5a35e94189e857	oooooooooooooooooooooooooooooooooooooioooooooooooooooooooioooiiioooiooooooooooooooooooooooooooooooooooooooooooooooooooooooooo
corpus_226@1	3e053a5f4849e180 3ed203e5659fd40f 3f767f9c2bb2849b bf8ef69ba24cb159 3f8fff7052dd5077 3c9836d588d2250c bc6df8a9f267894c bc646961ac2ac5f0 bc6df8a9f2678950 3c946f50731e2080 bc2ab6548250e160 bc646961ac2ac5f0 bc2ab6548250e1a0 3c9798b2b53fac28 3f741940b59bd51c bf9032a0911f550b 3f8e99ec91c0490f 3f79266c7bb14343 bf8d7e015f579378 3f90a35e94189e85	oooooooooooooooooooooooooooooooooooooioooooooooooooooooooioooiiioooiooooooooooooooooooooooooooooooooooooooooooooooooooooooooo
corpus_226_alternate	3e053a5f4849e181 3ed203e5659fd40f 3f50121485aacdfd bf7223edb678eea4 bf716d51f7cf8803 3c971d59dcbf796a 3c41d52fbee1b0f8 3c578735c783c10e 3c41d52fbee1b0f8 3c9855a0df014811 3c716f12521abab7 3c578735c783c10e 3c716f12521abab7 3c94cbddf56f3040 3f39f0bf6796d33a bf7495d1b7e5e033 bf744dbc7aeb67f7 3f5a15643d022a05 bf6ef00d18eaa720 bf6d1e41edc89337	oooooooooooooooooooooooooooooooooooooioooooooooooooooooooooooiiioooooooooooooooooooooooiooooooooooooooooooooooooooooooooooooo
corpus_227	3e4005ad4855c885 3efb42093c30b924 3f708e84da95202b bf65464931d2f561 3f80a7b50a1ca83d 3cf63dcb4ea27da2 bca8ed73a98755e8 bca53bf9e062d310 bca8ed73a98755f0 3cf5b38634437498 bcb35585e3b5e504 bca53bf9e062d318 bcb35585e3b5e504 3cf718817e0d2714 3f63bd59ff53160c bf7123b83bf17c98 3f7b593ce3cf017d 3f76da8792c723ab bf511e0abacee111 3f83a9fa36f0dc33	oooooooooooooooooooooooooooooooooooooooooooooooooooooooooioooioioooiooooooooooooooooooooooooooooooooooooooooooooooooooooooooo
corpus_227@0	3e4005ad4855c885 3efb42093c30b924 3f7196a00d05f2ae 3f8080a76a85986d 3f63d0a2b9683440 3cf6afd19ef0dd72 bc93b1e2ab601ae8 3c95c0b89cd807c0 bc93b1e2ab601ae0 3cf69b2a13ca4046 3cb96539fc016ba0 3c95c0b89cd807b8 3cb96539fc016ba0 3cf5bed74e37fb94 3f681627e1a8b915 3f7acffb0d8a533a 3f4b08016a1b1ba0 3f76f808b4d41270 3f839fb3bfa7741f 3f70076cd6499483	ooooooooooooooooooooooooooooooooooooooiooooooooooooooooooioooioioooioooooooooooooooooooiooooooooooooooooooooooooooooooooooooo
corpus_227@1	3e4005ad4855c885 3efb42093c30b924 3f9865a803417cab bf9fbfac4abd33c9 3fa03d0a2b968344 3cf6afd19ef0dd72 bc93b1e2ab601ae0 3c95c0b89cd807c0 bc93b1e2ab601ad8 3cf69b2a13ca4046 3cb96539fc016ba0 3c95c0b89cd807b8 3cb96539fc016ba0 3cf5bed74e37fb94 3f9702c4fc351723 bfa0a6009e4eb598 3f9ed8400b50d8de 3f99be022d35049c bf9e3026202c45f2 3fa100ed9ac93290	ooooooooooooooooooooooooooooooooooooooiooooooooooooooooooioooioioooioooooooooooooooooooiooooooooooooooooooooooooooooooooooooo
corpus_227_alternate	3e4005ad4855c885 3efb42093c30b924 3f708e84da95202b bf65464931d2f561 3f80a7b50a1ca83d 3cf63dcb4ea27da3 bca8ed73a98755f8 bca53bf9e062d310 bca8ed73a9875600 3cf5b38634437498 bcb35585e3b5e504 bca53bf9e062d318 bcb35585e3b5e50c 3cf718817e0d2714 3f63bd59ff53160c bf7123b83bf17c98 3f7b593ce3cf017d 3f76da8792c723ab bf511e0abacee111 3f83a9fa36f0dc33	oooooooooooooooooooooooooooooooooooooooooooooooooooooooooioooioioooiooooooooooooooooooooooooooooooooooooooooooooooooooooooooo
corpus_228	3e6f6cab1832cb40 3f19805949823f19 3f7531b65532e226 3f90f22049b16416 bf8afb9769ea8120 3d46b3b843b971e0 bce73aeea85a5914 bcf6a8a64581219c bce73aeea85a5918 3d47b6c40f6d5368 bd1f380f7fa6efe4 bcf6a8a64581219c bd1f380f7fa6efe4 3d43c06c3d6a84eb 3f6380a6478a18d8 3f8bf41e6bc9cb42 bf909398138b5614 3f805a5b26fbd9d7 3f943272102174a9 bf84b9b5d5df04b5	oooooooooooooooooooooooooooooooooooooioooooooooooooooooooooooiiioooooooooooooooooooooooiooooooooooooooooooooooooooooooooooooo
corpus_228@0	3e6f6cab1832cb40 3f19805949823f19 3f79cc512e607f75 3f930a49b5b27a66 bf834cedcf15d401 3d45a6500864e22c bcc2f2ad84a1e620 bd12f34bf7973fd2 bcc2f2ad84a1e620 3d49a2007ca2628a bd0b9a9472391f5a bd12f34bf7973fd4 bd0b9a9472391f5a 3d42e2980b8a057b 3f692a9102d92008 3f907302599e7a29 bf8a5c99ebb3da86 3f83effbe1d94a1d 3f95e0179756a556 bf79e225d1ed368c	oooooooooooooooooooooooooooooooooooooioooooooooooooooooooioooiiiooooooooooooooooooooooooooooooooooooooooooooooooooooooooooooo
corpus_228@1	3e6f6cab1832cb40 3f19805949823f19 3fa7398a25cc0fef bfae7adb2526c2cd 3fa92cc48c3a8aff 3d45a6500864e22c bcc2f2ad84a1e630 bd12f34bf7973fd2 bcc2f2ad84a1e630 3d49a2007ca2628a bd0b9a9472391f5c bd12f34bf7973fd4 bd0b9a9472391f5c 3d42e2980b8a057b 3fa592a9102d9200 bfafc67ed330c2eb 3fa768d98513095e 3fa8fbfef8765288 bfad0ff43454ad55 3faac3bb45c2592e	oooooooooooooooooooooooooooooooooooooioooooooooooooooooooioooiiiooooooooooooooooooooooooooooooooooooooooooooooooooooooooooooo
corpus_228_alternate	3e6f6cab1832cb41 3f19805949823f1a 3f7531b65532e226 3f90f22049b16416 bf8afb9769ea8120 3d46b3b843b971e0 bce73aeea85a5908 bcf6a8a6458121a0 bce73aeea85a590c 3d47b6c40f6d5368 bd1f380f7fa6efe4 bcf6a8a6458121a0 bd1f380f7fa6efe4 3d43c06c3d6a84eb 3f6380a6478a18d8 3f8bf41e6bc9cb42 bf909398138b5614 3f805a5b26fbd9d7 3f943272102174a9 bf84b9b5d5df04b5	oooooooooooooooooooooooooooooooooooooioooooooooooooooooooooooiiioooooooooooooooooooooooiooooooooooooooooooooooooooooooooooooo
corpus_229	3e9b39f68a5a10d8 3f396959757e34be bf9b8718b44c3cbf bf9969ec53c716c0 bf88312190de09b2 3d9192cad77c52f2 3d293b2ed29b9290 3d394464f733e310 3d293b2ed29b9290 3d9093f158c06079 bd03b057bcf5ec00 3d394464f733e310 bd03b057bcf5eb00 3d911b070eaffb64 bfa0cbb28c78109f bf9f55ee5b5476fa bf91b9fd8faba05b bf94fd9ace51d560 bf931c770b5a30bf bf7a30967869cbb4	oooooooooooooooooooooooooooooooooooooioooooooooooooooooooioooioioooooooooooooooooooooooiooooooooooooooooooooooooooooooooooooo
corpus_229@0	3e9b39f68a5a10d8 3f396959757e34be bf929201af0adcd8 bf9dc3ea40c24118 bf91dd24ae670349 3d917b90f3186bc0 3d38c5aa6c05b311 3d3abed030900c4d 3d38c5aa6c05b311 3d90e293f8e04620 bd043836b39f2500 3d3abed030900c45 bd043836b39f2500 3d90e39e52f3fcee bf975047d6ffebaf bfa1f929d9abdfea bf981788a56d7007 bf8a8cb197b4a672 bf9745a418318bc2 bf86a51641f688aa	oooooooooooooooooooooooooooooooooooooioooooooooooooooooooioooioioooioooooooooooooooooooiooooooooooooooooooooooooooooooooooooo
corpus_229@1	3e9b39f68a5a10d8 3f396959757e34be 3faeb6ff287a9194 bfc7b87d48184823 3fb988b6d4663f2d 3d917b90f3186bc0 3d38c5aa6c05b311 3d3abed030900c4d 3d38c5aa6c05b311 3d90e293f8e04620 bd043836b39f2500 3d3abed030900c45 bd043836b39f2500 3d90e39e52f3fcee 3fac57dc14800a29 bfc87e4a766af7fa 3fb7fa1dd6a4a3fd 3fb0ae69cd096b32 bfc6e8b483063178 3fbb2b5d37c12eea	oooooooooooooooooooooooooooooooooooooioooooooooooooooooooioooioioooioooooooooooooooooooiooooooooooooooooooooooooooooooooooooo
corpus_229_alternate	3e9b39f68a5a10d7 3f396959757e34bd bf9b8718b44c3cbf bf9969ec53c716c0 bf88312190de09b2 3d9192cad77c52f2 3d293b2ed29b9280 3d394464f733e310 3d293b2ed29b9280 3d9093f158c06079 bd03b057bcf5ec00 3d394464f733e310 bd03b057bcf5eb80 3d911b070eaffb64 bfa0cbb28c78109f bf9f55ee5b5476fa bf91b9fd8faba05b bf94fd9ace51d560 bf931c770b5a30bf bf7a30967869cbb4	oooooooooooooooooooooooooooooooooooooioooooooooooooooooooioooioioooooooooooooooooooooooiooooooooooooooooooooooooooooooooooooo
corpus_230	3ec12e6caed5992b 3f511a29761875e2 3fa9abcfc68a096d bf8facc53d1cedc4 3fa91af95c98d7d9 3dccaf233baa7913 3d906d7eaf507bae bd488129b55bd600 3d906d7eaf507bae 3dd13cdfb896d56e bdaa6ff6bfd71c78 bd488129b55bd600 bdaa6ff6bfd71c7a 3dd3210a456f1f7e 3fa43477e75abef4 bf99e0d378477eb5 3fa456d22e9ac6db 3fae4a5bcde94a31 bf765ff41791f3fc 3fad99c5cef398ab	oooooooooooooooooooooooooooooooooooooioooooooooooooooooooiooooioooooooooooooooooooiooooiooooooooooooooooooooooooooooooooooooo
corpus_230@0	3ec12e6caed5992b 3f511a29761875e2 3fa6e9f687946813 bfa7ba8227e0189c 3fa03ebaff86eddc 3dcd20c85e7e458d 3d992f1e866841f6 3d7668b9cf7e9e50 3d992f1e866841f6 3dd4ce729c775bd8 bd9e6905554ff7d4 3d7668b9cf7e9e54 bd9e6905554ff7d0 3dcead49a04965b4 3fa14a56226564e7 bfab99250c45edb1 3f960e6a57479585 3fabb428326b291f bfa3bc295a6f594e 3fa53739f02d5b5c	oooooooooooooooooooooooooooooooooooooiooooiooooooooooooooooooiiiooooooooooooooooooiooooiooooooooooooooooooooooooooooooooooooo
corpus_230@1	3ec12e6caed5992b 3f511a29761875e2 3fc9ba7da1e51a04 bfd6f75044fc0314 3fd107d75ff0ddbc 3dcd20c85e7e458d 3d992f1e866841f6 3d7668b9cf7e9e4c 3d992f1e866841f6 3dd4ce729c775bd8 bd9e6905554ff7d2 3d7668b9cf7e9e50 bd9e6905554ff7d0 3dcead49a04965b4 3fc852958899593a bfd77324a188bdb7 3fd060e6a5747958 3fcaed0a0c9aca47 bfd677852b4deb2a 3fd1a6e73e05ab6c	oooooooooooooooooooooooooooooooooooooiooooiooooooooooooooooooiiiooooooooooooooooooiooooiooooooooooooooooooooooooooooooooooooo
corpus_230_alternate	3ec12e6caed5992b 3f511a29761875e2 3fa9abcfc68a096d bf8facc53d1cedc4 3fa91af95c98d7d8 3dccaf233baa7915 3d906d7eaf507bae bd488129b55bd5c0 3d906d7eaf507baf 3dd13cdfb896d56e bdaa6ff6bfd71c78 bd488129b55bd5a0 bdaa6ff6bfd71c7a 3dd3210a456f1f7e 3fa43477e75abef4 bf99e0d378477eb5 3fa456d22e9ac6db 3fae4a5bcde94a31 bf765ff41791f3fc 3fad99c5cef398ab	oooooooooooooooooooooooooooooooooooooioooooooooooooooooooiooooioooooooooooooooooooiooooiooooooooooooooooooooooooooooooooooooo
corpus_231	3ef1f99d3bcc0131 3f727a940a9ff646 bf948bd9ffd3ca18 3fa4ec3059820069 3fbf5eab560dea00 3e2195d1268deb64 3dded12a09ef7bf4 bde8bf448107e738 3dded12a09ef7bf8 3e212556b98bee6e bdf256c3d098043e bde8bf448107e730 bdf256c3d098043c 3e22aa080733ad7e bfa41efc7c8220b1 3f94684782da8db7 3fb9f53a2ca8ab92 bf5334a8976d900c 3fafa7e918471644 3fc255ed803b09cf	oooooooooooooooooooooooooooooooooooooioooooooooooooooooooioooooooooioooooooooooooooooooiooooooooooooooooooooooooooooooooooooo
corpus_231@0	3ef1f99d3bcc0131 3f727a940a9ff646 3fbd22a8c072faa1 bfaeed7e98c4a32f bf96964dafc595ec 3e1f9faca8c74c2f bdcb216779007148 bde039c5a2d693aa bdcb216779007148 3e22ad2b90fd1c68 3df1e53c85a1e4fa bde039c5a2d693ac 3df1e53c85a1e4f8 3e22e82e01ecc4d2 3fb7af95ae7d4a7a bfb496c0131aaa97 bfa5e056fb798d66 3fc117b3fbbe412e bfa4d4225c3d4021 bf561b1107ffd548	oooooooooooooooooooooooooooooooooooooioooooooooooooooooooioooooooooioooooooooooooooooooiooooooooooooooooooooooooooooooooooooo
corpus_231@1	3ef1f99d3bcc0131 3f727a940a9ff646 3fdb48aa301cbea8 bfe5eed7e98c4a34 3fdc969b2503a6a1 3e1f9faca8c74c2f bdcb216779007138 bde039c5a2d693ae bdcb216779007138 3e22ad2b90fd1c68 3df1e53c85a1e4fc bde039c5a2d693b0 3df1e53c85a1e4f8 3e22e82e01ecc4d2 3fd9ebe56b9f529f bfe692d802635554 3fdb43f52090ce53 3fdc8bd9fddf2097 bfe54d4225c3d402 3fdde9e4eef8002a	oooooooooooooooooooooooooooooooooooooioooooooooooooooooooioooooooooioooooooooooooooooooiooooooooooooooooooooooooooooooooooooo
corpus_231_alternate	3ef1f99d3bcc0130 3f727a940a9ff646 bf948bd9ffd3ca17 3fa4ec3059820068 3fbf5eab560dea00 3e2195d1268deb63 3dded12a09ef7bf4 bde8bf448107e734 3dded12a09ef7bf4 3e212556b98bee6e bdf256c3d098043e bde8bf448107e734 bdf256c3d0980440 3e22aa080733ad7d bfa41efc7c8220b1 3f94684782da8db7 3fb9f53a2ca8ab92 bf5334a8976d900c 3fafa7e918471644 3fc255ed803b09cf	oooooooooooooooooooooooooooooooooooooioooooooooooooooooooioooooooooioooooooooooooooooooiooooooooooooooooooooooooooooooooooooo
corpus_232	3f27425ad1cee32f 3f9448f7247a5d4e 3fd10c71fbdbf308 bfd2afb1d9807dbd bfd394971eaef37f 3e771603eadeee97 3e310747872242ba 3e22443699681334 3e310747872242ba 3e7a1c77f653a2ea 3e4017781dc36714 3e22443699681338 3e4017781dc36710 3e7db5cebc8ef7ec 3fccbb4d52459613 bfd5a9fdead27be0 bfd605c1c7ca15db 3fd3e4d9342d2ac5 bfcf41cfaa78733f bfd11815d2c10f2b	oooooooooooooooooooooooooooooooooooooiiooooooooooooooooooiooooiooooioooooooooooooooooooiooooooooooooooooooooooooooooooooooooo
corpus_232@0	3f27425ad1cee32f 3f9448f7247a5d4e 3fd177dc7c642a5f bfd0e6b7f9245dd5 bfd4cb8bc4c9d52b 3e7705c9a772762f 3e2e075652158970 3e24c714d1ec5c74 3e2e075652158970 3e79fd1d278fc8be 3e3d217581571db8 3e24c714d1ec5c6c 3e3d217581571db8 3e7de563cebf4a82 3fcd9ddfd6983661 bfd3e18349537de5 bfd72151ce76aebd 3fd44eddb68cd6bf bfcbbc89eee58cf7 bfd26738bf3503dc	oooooooooooooooooooooooooooooooooooooiiooooooooooooooooooiooooiooooioooooooooooooooooooiooooooooooooooooooooooooooooooooooooo
corpus_232@1	3f27425ad1cee32f 3f9448f7247a5d4e 3fecbbee3e321530 bff839adfe491774 3fe39a3a1d9b156a 3e7705c9a772762f 3e2e075652158970 3e24c714d1ec5c74 3e2e075652158970 3e79fd1d278fc8be 3e3d217581571db8 3e24c714d1ec5c6c 3e3d217581571db8 3e7de563cebf4a82 3feb6777f5a60d98 bff8f860d254df79 3fe26f5718c4a8a0 3fee276edb466b60 bff777913ddcb19e 3fe4cc63a0657e11	oooooooooooooooooooooooooooooooooooooiiooooooooooooooooooiooooiooooioooooooooooooooooooiooooooooooooooooooooooooooooooooooooo
corpus_232_alternate	3f27425ad1cee32f 3f9448f7247a5d4e 3fd10c71fbdbf309 bfd2afb1d9807dbd bfd394971eaef37f 3e771603eadeee97 3e310747872242b8 3e22443699681334 3e310747872242b8 3e7a1c77f653a2ea 3e4017781dc36714 3e22443699681338 3e4017781dc36710 3e7db5cebc8ef7ec 3fccbb4d52459613 bfd5a9fdead27be0 bfd605c1c7ca15db 3fd3e4d9342d2ac5 bfcf41cfaa78733f bfd11815d2c10f2b	oooooooooooooooooooooooooooooooooooooiiooooooooooooooooooiooooiooooioooooooooooooooooooiooooooooooooooooooooooooooooooooooooo
corpus_233	3f5a77c724dfce94 3fb9db9123a2ff22 bfe3bb76574f0e66 3fba10209bcf0a28 3fe3f1bb84f9a6ad 3ecfc3d35cc76fc8 3e98283492d2618e be977bdee106f5b4 3e98283492d26190 3ed0d35d9afe7885 3e89f3d91f3fbd1c be977bdee106f5b8 3e89f3d91f3fbd2c 3ed1381ab34927a5 bfe6e287a39d35c0 3f87312d71efae94 3fe1101aa78fbdfb bfe085b8905f0403 3fc8c6669206affe 3fe6f3462ba26466	oooooooooooooooooooooooooooooooooooooioooooooooooooooooooooooioioooooooooooooooooooooooiooooooooooooooooooooooooooooooooooooo
corpus_233@0	3f5a77c724dfce94 3fb9db9123a2ff22 bfd94ee152230bbc 3fe5349a076f5a25 3fdb6b4ebe73f02c 3ecfa09287622614 be98080c92aca668 be96fe097ea941ee be98080c92aca674 3ed13ed8659394ff be8a9d30a294b3a8 be96fe097ea941f1 be8a9d30a294b3a0 3ed0de405366b006 bfdf9a958dbdc1cf 3fe253941f863d17 3fd613ab9d1c1e26 bfd30099b5cc74ba 3fe8130300032af7 3fe06e32bbe7dc97	oooooooooooooooooooooooooooooooooooooioooooooooooooooooooioooooioooioooooooooooooooooooiooooooooooooooooooooooooooooooooooooo
corpus_233@1	3f5a77c724dfce94 3fb9db9123a2ff22 3feb588f56ee7a22 bffd65b2fc4852ee 40026d69d7ce7e05 3ecfa09287622614 be98080c92aca664 be96fe097ea941eb be98080c92aca668 3ed13ed8659394fe be8a9d30a294b3a4 be96fe097ea941ec be8a9d30a294b3a0 3ed0de405366b006 3fe832b539211f18 bffed635f03ce174 4001c27573a383c4 3fee7fb32519c5a3 bffbf67e7ffe6a85 40031b8caef9f726	oooooooooooooooooooooooooooooooooooooioooooooooooooooooooioooooioooioooooooooooooooooooiooooooooooooooooooooooooooooooooooooo
corpus_233_alternate	3f5a77c724dfce94 3fb9db9123a2ff22 bfe3bb76574f0e66 3fba10209bcf0a28 3fe3f1bb84f9a6ad 3ecfc3d35cc76fca 3e98283492d26193 be977bdee106f5b0 3e98283492d26196 3ed0d35d9afe7886 3e89f3d91f3fbd34 be977bdee106f5b0 3e89f3d91f3fbd34 3ed1381ab34927a6 bfe6e287a39d35c0 3f87312d71efae94 3fe1101aa78fbdfb bfe085b8905f0403 3fc8c6669206affe 3fe6f3462ba26466	oooooooooooooooooooooooooooooooooooooioooooooooooooooooooooooioioooooooooooooooooooooooiooooooooooooooooooooooooooooooooooooo
corpus_234	3f8fd689b00726c8 3fd78a7227b05998 bff2bace78c53714 bfa3f66984d37240 bfeb76a77eb726de 3f26e10cd97dd8c7 3eb5c64bf39da300 bf02720771689785 3eb5c64bf39da2e0 3f24d565989ebd54 3ee662579303caa8 bf02720771689785 3ee662579303caa8 3f27dda6dad68891 bff5d1e5f266aca1 bfce1b4b77e7775f bff0a578e2ae4781 bfef605fa6eb1678 3fc6ab8c63b6481d bfe56092489222eb	oooooooooooooooooooooooooooooooooooooooooooooooooooooooooioooiiioooooooooooooooooooooooiooooooooooooooooooooooooooooooooooooo
corpus_234@0	3f8fd689b00726c8 3fd78a7227b05998 3fa7fde510a08a4f bfdbe47ebf9af408 3ff62611e7939ff5 3f26c89001375230 3efd9a9925b32158 bec88161b7925120 3efd9a9925b3215c 3f2943a2c175723e 3eee15501187f7b8 bec88161b7925110 3eee15501187f7b8 3f2387e68a465a40 bfc466f98c9199e3 bfe38fe11aa67872 3ff2a5b5ac5272b7 3fd0868a2806c26a bfd099352c8c70a0 3ff97f9426961bd1	oooooooooooooooooooooooooooooooooooooooooooooooooooooooooooooiiiooooooooooooooooooooooooooooooooooooooooooooooooooooooooooooo
corpus_234@1	3f8fd689b00726c8 3fd78a7227b05998 40045ff794428229 c015be47ebf9af41 4014898479e4e7fe 3f26c8900137522e 3efd9a9925b3214c bec88161b7925100 3efd9a9925b32146 3f2943a2c175723e 3eee15501187f7c8 bec88161b79250e0 3eee15501187f7c8 3f2387e68a465a40 4002b9906736e661 c01671fc2354cf0e 4013a96d6b149cae 400610d14500d84d c015099352c8c70a 40155fe509a586f4	oooooooooooooooooooooooooooooooooooooooooooooooooooooooooooooiiiooooooooooooooooooooooooooooooooooooooooooooooooooooooooooooo
corpus_234_alternate	3f8fd689b00726c9 3fd78a7227b05998 bff2bace78c53714 bfa3f66984d37241 bfeb76a77eb726de 3f26e10cd97dd8c7 3eb5c64bf39da300 bf02720771689785 3eb5c64bf39da2e0 3f24d565989ebd54 3ee662579303caa8 bf02720771689785 3ee662579303caa8 3f27dda6dad68891 bff5d1e5f266aca1 bfce1b4b77e7775f bff0a578e2ae4781 bfef605fa6eb1678 3fc6ab8c63b6481d bfe56092489222eb	oooooooooooooooooooooooooooooooooooooooooooooooooooooooooioooiiioooooooooooooooooooooooiooooooooooooooooooooooooooooooooooooo
corpus_235	3fc1e91e81851805 3ffbd28a78862c42 3ffd97a5c5d8e7d8 3ff823c5ccc5196d bff6ebc8377878a8 3f7a50f8069753ba bf31a5394dda6e1a bf33ded95d6f5cb8 bf31a5394dda6e19 3f7b6a5c25cef1c8 3f337f51c371c9aa bf33ded95d6f5cb8 3f337f51c371c9a6 3f79e4e48a0bf3f6 3ff6ef14a55902bb 3ff30b42f63524ce bffd45971f831fe1 4001fcab457e0c83 3ffe512a94f7b5e4 bff0865e7f6b31e5	oooooooooooooooooooooooooooooooooooooioooooooooooooooooooiiooioioooioooooooooooooooooooiooooooooooooooooooooooooooooooooooooo
corpus_235@0	3fc1e91e81851805 3ffbd28a78862c42 4002980d63526b2f bfdb030c13d84eb0 bff790671f4b8914 3f799d0f266a744b bf0e0e8e13013320 bf184d9262ca0e40 bf0e0e8e13013322 3f7d02111b081437 bef54c6b3b7ecd98 bf184d9262ca0e60 bef54c6b3b7ecd58 3f79011874ffb0f6 3ffec22dfef9cd3d bfe7286e2125ac96 bffdb58b40f6956a 4005b787ac3c29a2 bfc3822ae865bf4e bff1700154b33d6a	oooooooooooooooooooooooooooooooooooooiooooooooooooooooooiioooioiooiiiooooooooooooooooooiooooioooooooooooooooooooooooooooooooo
corpus_235@1	3fc1e91e81851805 3ffbd28a78862c42 401d4c06b1a93596 c024d818609ec275 40181be6382d1dbc 3f799d0f266a744b bf0e0e8e13013322 bf184d9262ca0e40 bf0e0e8e13013324 3f7d02111b081437 bef54c6b3b7ecd98 bf184d9262ca0e40 bef54c6b3b7ecd58 3f79011874ffb0f6 401bb08b7fbe734e c0257286e2125ac9 4016929d2fc25aa6 401edbc3d61e14d1 c0244e08aba196fc 4019a3ffaad330a5	oooooooooooooooooooooooooooooooooooooiooooooooooooooooooiioooioiooiiiooooooooooooooooooiooooioooooooooooooooooooooooooooooooo
corpus_235_alternate	3fc1e91e81851805 3ffbd28a78862c42 3ffd97a5c5d8e7d8 3ff823c5ccc5196d bff6ebc8377878a8 3f7a50f8069753ba bf31a5394dda6e1a bf33ded95d6f5cb8 bf31a5394dda6e19 3f7b6a5c25cef1c8 3f337f51c371c9aa bf33ded95d6f5cb8 3f337f51c371c9a6 3f79e4e48a0bf3f6 3ff6ef14a55902bb 3ff30b42f63524ce bffd45971f831fe1 4001fcab457e0c83 3ffe512a94f7b5e4 bff0865e7f6b31e5	oooooooooooooooooooooooooooooooooooooioooooooooooooooooooiiooioioooioooooooooooooooooooiooooooooooooooooooooooooooooooooooooo
corpus_236	3ff169f45a86cc53 4018bee3f30a67c4 4003b2132524388a 3fd8f7ef17534a00 c010833cf256a2db 3fc6fadc0c13c424 3f7b34ca067c8358 3fa11f489f1b3a28 3f7b34ca067c8354 3fcc7519aecc2f93 bf9092f510d73fc7 3fa11f489f1b3a26 bf9092f510d73fc1 3fc983a150b9b8dd 3ff973a1cd65ca7b bfcfba048da01401 c013df701c19a56e 400adc7fb4512a74 3ff13a1968f73a89 c00a730556cfce9e	oooooooooooooooooooooooooooooooooooooioooooooooooooooooooioooiiooooioooooooooooooooooooiooooooooooooooooooooooooooooooooooooo
corpus_236@0	3ff169f45a86cc53 4018bee3f30a67c4 3ff034413f28b11a 400895961dd92719 c00c9b1a62a8642e 3fc9a6eeb3e6926e bf998f76f5138fd8 3f9db61d96a1b988 bf998f76f5138fda 3fcb4ffe28bd0f7e 3f902c0c8b96710c 3f9db61d96a1b988 3f902c0c8b967108 3fc7fcaa2ef60aa8 3fc95311f22ab990 4002b6a0de35efad c011b12062d83ae0 3ffcc90dac3b436a 400ecfb44873a3ad c0056d7545096d7c	oooooooooooooooooooooooooooooooooooooioooooooooooooooooooioooiiiooooooooooooooooooooooooooooooooooooooooooooooooooooooooooooo
corpus_236@1	3ff169f45a86cc53 4018bee3f30a67c4 4026068827e51623 c030ed4d3c44db1d 4026d9396755e6f5 3fc9a6eeb3e69270 bf998f76f5138fc4 3f9db61d96a1b988 bf998f76f5138fc4 3fcb4ffe28bd0f7b 3f902c0c8b967104 3f9db61d96a1b984 3f902c0c8b967102 3fc7fcaa2ef60aa8 4024654c47c8aae5 c031a92be439420a 4025276fce93e290 40279921b587686d c030260976f18b8b 4028a4a2aebda4a1	oooooooooooooooooooooooooooooooooooooioooooooooooooooooooioooiiiooooooooooooooooooooooooooooooooooooooooooooooooooooooooooooo
corpus_236_alternate	3ff169f45a86cc53 4018bee3f30a67c4 4003b2132524388a 3fd8f7ef17534a00 c010833cf256a2db 3fc6fadc0c13c426 3f7b34ca067c8344 3fa11f489f1b3a24 3f7b34ca067c8348 3fcc7519aecc2f94 bf9092f510d73fc7 3fa11f489f1b3a24 bf9092f510d73fc5 3fc983a150b9b8df 3ff973a1cd65ca7b bfcfba048da01401 c013df701c19a56e 400adc7fb4512a74 3ff13a1968f73a89 c00a730556cfce9e	oooooooooooooooooooooooooooooooooooooioooooooooooooooooooioooiiooooioooooooooooooooooooiooooooooooooooooooooooooooooooooooooo
corpus_237	401cd0aeafc685ef 4038938f6531c0bc c0142a05115849e1 c013ce8b74dccf8e c021519692981910 4013595f6d15c7d2 3fc540413472cefa 3fdb85ba4dd68d28 3fc540413472cefa 4012740bce013b77 3fbfff21f5da9cd5 3fdb85ba4dd68d28 3fbfff21f5da9cd6 401278b873a979d7 c01a70dda8e93363 c01892a96ad585be c0246f928c19e933 c00c7471272e97ca c00df5537ce93ccd c01ca514c48fd63f	oooooooooooooooooooooooooooooooooooooioooooooooooooooooooioooioioooioooooooooooooooooooiooooooooooooooooooooooooooooooooooooo
corpus_237@0	401cd0aeafc685ef 4038938f6531c0bc c01264d1ccf26246 400aa7372c7459c3 c02340c8a8b281f2 4012c184dca50ea2 bfc8dd322ccbc61a 3fd8c074fc4ff790 bfc8dd322ccbc61c 4012e003a79c0930 bfce62c8cc1ab9f2 3fd8c074fc4ff790 bfce62c8cc1ab9fc 4012a49b2a7f654e c0189060b4577fcd 3fff68b314299e92 c0264f002b754879 c0082f42603c5c7a 401204c0a1c3a280 c0203626cc3e257e	oooooooooooooooooooooooooooooooooooooioooooooooooooooooooioooioioooiiooooooooooooooooooiooooooooooooooooooooooooooooooooooooo
corpus_237@1	401cd0aeafc685ef 4038938f6531c0bc 402ecd971986cedd c042558c8d38ba64 40345f9baba6bf06 4012c184dca50ea2 bfc8dd322ccbc61c 3fd8c074fc4ff790 bfc8dd322ccbc61e 4012e003a79c0930 bfce62c8cc1ab9ea 3fd8c074fc4ff790 bfce62c8cc1ab9e4 4012a49b2a7f6550 402bb7cfa5d4401a c04304ba675eb30b 4032d87fea455bc3 4030fa17b3f87471 c041bf67ebc78bb1 4035e4ec99e0ed41	oooooooooooooooooooooooooooooooooooooioooooooooooooooooooioooioioooiiooooooooooooooooooiooooooooooooooooooooooooooooooooooooo
corpus_237_alternate	401cd0aeafc685ef 4038938f6531c0bc c0142a05115849e1 c013ce8b74dccf8e c021519692981910 4013595f6d15c7d2 3fc540413472cefb 3fdb85ba4dd68d28 3fc540413472cefc 4012740bce013b77 3fbfff21f5da9cd7 3fdb85ba4dd68d28 3fbfff21f5da9cd8 401278b873a979d7 c01a70dda8e93363 c01892a96ad585be c0246f928c19e933 c00c7471272e97ca c00df5537ce93ccd c01ca514c48fd63f	oooooooooooooooooooooooooooooooooooooioooooooooooooooooooioooioioooioooooooooooooooooooiooooooooooooooooooooooooooooooooooooo
corpus_238	4052246fdca47478 405a056655ccf485 403319d65fb55c22 c033906c967cfcdc c005355e321d4360 406a9692b6b317b4 401fc2de0a2bc600 c012930bd122fcb8 401fc2de0a2bc602 406e0144845deba6 402b234cd8d985b8 c012930bd122fcc0 402b234cd8d985b8 4067c810375deb29 4030129d738a12af c0366171841c76a9 c0172e2b3ff0b720 40362a9fdd09eeb0 c0308cf6b89353f2 3fd89ad3fecf6310	oooooooooooooooooooooooooooooooooooooioooooooooooooooooooooooiiioooioooooooooooooooooooiooooooooooooooooooooooooooooooooooooo
corpus_238@0	4052246fdca47478 405a056655ccf485 bffa780f0cd19405 403b69709559498d 3fe6387a22b8d9c6 4067e1b7ec5c4b25 c017b6fbe91d8d08 c024c211af7efe30 c017b6fbe91d8d08 406ba7d5698c7a1c c031dab4fa43e91a c024c211af7efe30 c031dab4fa43e911 406cd65a1c862944 c013bb5264fcf6c6 40387c1c33db17b4 c00087fe67446b32 3ff9b2d990fbabb6 403e9f77a110a6ba 400eb834100b790d	oooooooooooooooooooooooooooooooooooooioooooooooooooooooooooooiiooooooooooooooooooooooooiooooooooooooooooooooooooooooooooooooo
corpus_238@1	4052246fdca47478 405a056655ccf485 40432c3f87997360 c04a4b47b5535b39 404e58e1e88ae366 4067e1b7ec5c4b25 c017b6fbe91d8d08 c024c211af7efe30 c017b6fbe91d8d08 406ba7d5698c7a1c c031dab4fa43e91a c024c211af7efe30 c031dab4fa43e911 406cd65a1c862944 40418895b3606127 c04bc1f1e6127426 404cf780198bb94d 4044cd96cc87dd5e c048b0442f77aca3 404feb834100b791	oooooooooooooooooooooooooooooooooooooioooooooooooooooooooooooiiooooooooooooooooooooooooiooooooooooooooooooooooooooooooooooooo
corpus_238_alternate	4052246fdca47478 405a056655ccf485 403319d65fb55c22 c033906c967cfcdc c005355e321d4360 406a9692b6b317b4 401fc2de0a2bc602 c012930bd122fca8 401fc2de0a2bc604 406e0144845deba7 402b234cd8d985b4 c012930bd122fcb0 402b234cd8d985b4 4067c810375deb2a 4030129d738a12af c0366171841c76a9 c0172e2b3ff0b720 40362a9fdd09eeb0 c0308cf6b89353f2 3fd89ad3fecf6310	oooooooooooooooooooooooooooooooooooooioooooooooooooooooooooooiiioooioooooooooooooooooooiooooooooooooooooooooooooooooooooooooo
corpus_239	4082bb62e5aeb54e 407e2e02f4fcc7a0 4037fd0f369b687f 4029a15fe97d9f8f 402160c0e72dfb29 40bd5d939d0cb573 4089122dc9b297b2 40784888974f95a0 4089122dc9b297b2 40c1f298cb175311 c08ccae391a6f180 40784888974f95a0 c08ccae391a6f17c 40bb156e8a37d628 4030cb945eeb6899 401c9d9b20bc757c 3ff5e371f3ccd3e0 403f10eecf35d39b 40321f10186bd6b2 402feae833e346e6	oooooooooooooooooooooooooooooooooooooooooooooooooooooooooooooioioooooooooooooooooooooooiooooooooooooooooooooooooooooooooooooo
corpus_239@0	4082bb62e5aeb54e 407e2e02f4fcc7a0 4031de5e17a98d99 4036446ebbcca10a bfce029edb80162e 40be97c0f18bd592 c080c40f62b4c081 c05629aee6525004 c080c40f62b4c079 40c2a6b846faa435 4058fbb5421e1f7a c05629aee6525004 4058fbb5421e1f7c 40b873023df213b7 4028df91e91bbf91 40314c5f221446d8 c016f7c6c5a5a82b 4037615e25477f40 403a4cba084d5c01 401530cbd99479f1	ooooooooooooooooooooooooooooooooooooiiioooooooooooooooooooiooiooooiiioooooooooooooooooiiioooiiooooooooooooooooooooooooooooooo
corpus_239@1	4082bb62e5aeb54e 407e2e02f4fcc7a0 4058779785ea6366 c061377228866bdf 405df0feb0923ff4 40be97c0f18bd592 c080c40f62b4c081 c05629aee6525000 c080c40f62b4c079 40c2a6b846faa435 4058fbb5421e1f80 c05629aee6525000 4058fbb5421e1f7e 40b873023df213b7 40571bf23d2377f3 c061d6741bbd7725 405c908393a5a57e 4059d8578951dfd1 c060b668bef65481 405f530cbd99479f	ooooooooooooooooooooooooooooooooooooiiioooooooooooooooooooiooiooooiiioooooooooooooooooiiioooiiooooooooooooooooooooooooooooooo
corpus_239_alternate	4082bb62e5aeb54f 407e2e02f4fcc7a0 4037fd0f369b6880 4029a15fe97d9f8f 402160c0e72dfb29 40bd5d939d0cb573 4089122dc9b297b0 40784888974f95a8 4089122dc9b297b0 40c1f298cb175311 c08ccae391a6f188 40784888974f95b0 c08ccae391a6f182 40bb156e8a37d626 4030cb945eeb6899 401c9d9b20bc757c 3ff5e371f3ccd3e0 403f10eecf35d39b 40321f10186bd6b2 402feae833e346e6	oooooooooooooooooooooooooooooooooooooooooooooooooooooooooooooioioooooooooooooooooooooooiooooooooooooooooooooooooooooooooooooo
corpus_240	409cc6a9cf7b4a5b 408d01bb93886d82 c022d42eae9fd12d 401bad61f1a435ee 404c50ff02a036a5 40e5b46b712d1512 c0a93b0d61b1570c c0acb319f02d33c4 c0a93b0d61b1570c 40ec0067ced6a9e0 40c414a1a8955302 c0acb319f02d33c4 40c414a1a8955302 40eab356dfb41698 c032854ec6c93cb4 c0045c102fe8b879 404768bfeed4e995 bfc7d09672dd1580 402efbb85589c992 405051a5ee169155	ooooooooooooooooooooooooooooooooooooioooooooooooooooooooooooooiioooooooooooooooooooooooiooooooooooooooooooooooooooooooooooooo
corpus_240@0	409cc6a9cf7b4a5b 408d01bb93886d82 3ff9e0e9c93c78b3 c04c4542a28a7572 402805baeb42c897 40e65bcf6c9140c4 40b17c295cbf7a72 c0b63deb20b8252c 40b17c295cbf7a6e 40ea9c2d7cef6d6a c0c2c56d06cdc102 c0b63deb20b82530 c0c2c56d06cdc106 40eb702d3637275d c021c48dd50ff45a c05092226604b871 3ffdc80fc733a582 402722e5f919bfc6 c047e75c6ca11226 40356067658fff59	oooooooooooooooooooooooooooooooooooooiooooooooooooooooooooooooiooooooooooooooooooooooooiooooooooooooooooooooooooooooooooooooo
corpus_240@1	409cc6a9cf7b4a5b 408d01bb93886d82 406433c1d39278f2 c07788a854514eaf 406f805baeb42c89 40e65bcf6c9140c4 40b17c295cbf7a72 c0b63deb20b8252c 40b17c295cbf7a6e 40ea9c2d7cef6d6a c0c2c56d06cdc102 c0b63deb20b82530 c0c2c56d06cdc106 40eb702d3637275d 4062e3b722af00bb c078248899812e1d 406e3b901f8e674b 4065722e5f919bfd c076fceb8d942245 407056067658fff5	oooooooooooooooooooooooooooooooooooooiooooooooooooooooooooooooiooooooooooooooooooooooooiooooooooooooooooooooooooooooooooooooo
corpus_240_alternate	409cc6a9cf7b4a5a 408d01bb93886d82 c022d42eae9fd12c 401bad61f1a435ef 404c50ff02a036a5 40e5b46b712d1511 c0a93b0d61b15712 c0acb319f02d33b8 c0a93b0d61b15712 40ec0067ced6a9de 40c414a1a8955302 c0acb319f02d33b8 40c414a1a8955300 40eab356dfb41696 c032854ec6c93cb4 c0045c102fe8b879 404768bfeed4e995 bfc7d09672dd1580 402efbb85589c992 405051a5ee169155	ooooooooooooooooooooooooooooooooooooioooooooooooooooooooooooooiioooooooooooooooooooooooiooooooooooooooooooooooooooooooooooooo
corpus_241	40df72adc9588989 40ba823239c167c9 405fa83248578cec 404b99e3982e0e28 c06247c52135eb9f 41576a0a8a2d61ea 40ffee0b366f9ff8 c0eb01a6c5d87b80 40ffee0b366fa000 41541ae42536494e c1113ade070b54a4 c0eb01a6c5d87b60 c1113ade070b54ac 41552292101bf716 405a34887b44a3ea 403c35b18fd22ecd c0655cc6e4c1b732 4062d3a27aa81be7 40547fef84cb2bda c05e910829addb17	oooooooooooooooooooooooooooooooooooooioooooooooooooooooooioooioioooioooooooooooooooooooiooooooooooooooooooooooooooooooooooooo
corpus_241@0	40df72adc9588989 40ba823239c167c9 4060edfc27d9a79e 4045d19b77e9c14e c061c6792e82a46e 4157755d3f64e783 40fcd8a19dcf9660 c0e2ff12363103d0 40fcd8a19dcf9664 4153f6f2534f080c c10f77ba9f471820 c0e2ff12363103d0 c10f77ba9f471828 41553b312ccbb2c0 405c94626f3d25ee 4030d82a8be766c5 c064c0e25c2bfd5d 4063d88193cf1b28 4051861c39ab3e85 c05dad1e7a3b145a	oooooooooooooooooooooooooooooooooooooioooooooooooooooooooioooioioooioooooooooooooooooooiooooooooooooooooooooooooooooooooooooo
corpus_241@1	40df72adc9588989 40ba823239c167c9 407c76fe13ecd3cf c082a2e6488163ec 40751cc368beadc7 4157755d3f64e783 40fcd8a19dcf965c c0e2ff12363103c0 40fcd8a19dcf9660 4153f6f2534f080d c10f77ba9f471818 c0e2ff12363103d0 c10f77ba9f471820 41553b312ccbb2c0 407b25189bcf497c c083793eaba0c4cb 40739f8ed1ea0151 407dec40c9e78d95 c081cf3c78ca982f 407694b861713ae9	oooooooooooooooooooooooooooooooooooooioooooooooooooooooooioooioioooioooooooooooooooooooiooooooooooooooooooooooooooooooooooooo
corpus_241_alternate	40df72adc9588989 40ba823239c167c9 405fa83248578ced 404b99e3982e0e2a c06247c52135eb9f 41576a0a8a2d61ea 40ffee0b366fa008 c0eb01a6c5d87b80 40ffee0b366fa010 41541ae42536494e c1113ade070b54a4 c0eb01a6c5d87b60 c1113ade070b54ac 41552292101bf716 405a34887b44a3ea 403c35b18fd22ecd c0655cc6e4c1b732 4062d3a27aa81be7 40547fef84cb2bda c05e910829addb17	oooooooooooooooooooooooooooooooooooooioooooooooooooooooooioooioioooioooooooooooooooooooiooooooooooooooooooooooooooooooooooooo
corpus_242	41109952e1f8b8c9 40d82cdd26a115b4 c06f08c3685fbcc7 c06a8140d6e4dc48 40702b39ab0151f5 41a60375aea09efd 414bd6c3dcd62c08 41597fefd635d1b0 414bd6c3dcd62c18 41a69d9b8acf5431 c154dd1872045690 41597fefd635d1b0 c154dd1872045690 41a6e7d6b5022fd8 c072788aae7dd84e c07058176bca60a4 406a8dc0cc18c573 c068d8b54a3c2fa0 c064a42356fe97f2 40731ccf0fc49256	oooooooooooooooooooooooooooooooooooooioooooooooooooooooooioooiiioooioooooooooooooooooooiooooooooooooooooooooooooooooooooooooo
corpus_242@0	41109952e1f8b8c9 40d82cdd26a115b4 c06d776c4f42615e c070be2cc34906c6 406addbc848fac23 41a60f0bbfb8d172 413b79dce2128760 415ce8707e144c88 413b79dce2128780 41a6e976c0cefc3c c1547e88bb380cb0 415ce8707e144c88 c1547e88bb380cc0 41a690656dea5559 c071b8f8169855cf c073defd557c821a 4064c7a3637ba984 c067350da941f7b3 c06b5b64aeea9963 407088a2da5a2701	oooooooooooooooooooooooooooooooooooooioooooooooooooooooooioooiiioooioooooooooooooooooooiooooooooooooooooooooooooooooooooooooo
corpus_242@1	41109952e1f8b8c9 40d82cdd26a115b4 40794449d85ecf52 c0982f8b30d241b2 40925bb79091f584 41a60f0bbfb8d172 413b79dce2128740 415ce8707e144c88 413b79dce2128760 41a6e976c0cefc3c c1547e88bb380cb0 415ce8707e144c88 c1547e88bb380cc0 41a690656dea5559 40764707e967aa31 c098f7bf555f2087 409198f46c6f7530 407c65792b5f0426 c0976b6c95dd532d 40932228b69689c1	oooooooooooooooooooooooooooooooooooooioooooooooooooooooooioooiiioooioooooooooooooooooooiooooooooooooooooooooooooooooooooooooo
corpus_242_alternate	41109952e1f8b8c9 40d82cdd26a115b4 c06f08c3685fbcc7 c06a8140d6e4dc48 40702b39ab0151f5 41a60375aea09efd 414bd6c3dcd62c10 41597fefd635d1b0 414bd6c3dcd62c20 41a69d9b8acf5431 c154dd1872045690 41597fefd635d1b0 c154dd1872045690 41a6e7d6b5022fd8 c072788aae7dd84e c07058176bca60a4 406a8dc0cc18c573 c068d8b54a3c2fa0 c064a42356fe97f2 40731ccf0fc49256	oooooooooooooooooooooooooooooooooooooioooooooooooooooooooioooiiioooioooooooooooooooooooiooooooooooooooooooooooooooooooooooooo
corpus_243	4136bd0b4a2f0100 40f51dee2969b22a 4072f056aacd2e01 4083ef4d586fbbad c072258bedf7ec10 41e910bebe7db8e7 41887602c84cffc8 c1b939c474c8ec40 41887602c84cffcc 41e798a7af7a930c 41a48be507323df0 c1b939c474c8ec40 41a48be507323df4 41ecafcf6a091152 406a4fdc8c9a30bd 408119608ab996e1 c07724257993d179 4078be332fd76f5d 408675933beaa4af c06a600487c73f34	oooooooooooooooooooooooooooooooooooooiooooiooooooooooooooioooooooooioooooooooooooooooooiooooooooooooooooooooooooooooooooooooo
corpus_243@0	4136bd0b4a2f0100 40f51dee2969b22a 407158dbb81ddcdb 40839dab55b996f8 c074eaa9152644b1 41e9a6fd15e7da44 41317396759fea00 c1bc7f5d908b27cc 41317396759fea00 41e7f2b69390bf34 41a83663abe18d5a c1bc7f5d908b27c8 41a83663abe18d56 41ebbf822e88c3c9 40671c14766937a7 4080cca87279bd03 c07a353fa1935815 4077239a12c56165 40862b5430d3de51 c06f9a7bd2322e63	oooooooooooooooooooooooooooooooooooooioooooooooooooooooooioooooooooioooooooooooooooooooiooooooooooooooooooooooooooooooooooooo
corpus_243@1	4136bd0b4a2f0100 40f51dee2969b22a 40985636ee077737 c09e312a55233484 4098c555bab66ed4 41e9a6fd15e7da44 41317396759fea00 c1bc7f5d908b27cc 41317396759fe900 41e7f2b69390bf34 41a83663abe18d5e c1bc7f5d908b27c8 41a83663abe18d5e 41ebbf822e88c3c8 4096e3828ecd26f5 c09f99abc6c3217e 409772b0179b29fb 4099c8e684b1585a c09cea55e79610d7 409a0cb085b9ba34	oooooooooooooooooooooooooooooooooooooioooooooooooooooooooioooooooooioooooooooooooooooooiooooooooooooooooooooooooooooooooooooo
corpus_243_alternate	4136bd0b4a2f0101 40f51dee2969b22a 4072f056aacd2e01 4083ef4d586fbbad c072258bedf7ec10 41e910bebe7db8e8 41887602c84cffe0 c1b939c474c8ec3c 41887602c84cffec 41e798a7af7a930c 41a48be507323df4 c1b939c474c8ec3c 41a48be507323df6 41ecafcf6a091152 406a4fdc8c9a30bd 408119608ab996e1 c07724257993d179 4078be332fd76f5d 408675933beaa4af c06a600487c73f34	oooooooooooooooooooooooooooooooooooooiooooiooooooooooooooioooooooooioooooooooooooooooooiooooooooooooooooooooooooooooooooooooo
corpus_244	4173196597f73897 411c056fb3e0e3ce c07c70db06e9e9ae 4062d04563584065 4060c38c291f20b5 4250ef99150e2130 c1fe1dbc240438ba c20a64068a5082f2 c1fe1dbc240438ba 42510482b514f959 c1bd80b5addef578 c20a64068a5082f2 c1bd80b5addef570 4247e5d26ef9adf5 c083a9a71539bcd6 bfe357be4daa6c20 c04df03c9275355c c070607c542b83fb 4073fad9fafa5c56 40744f11540b1412	oooooooooooooooooooooooooooooooiioooioooooooooooooooooooiiiooiiiooiiiooooooooooooooooooiioooooooooooooooooooooooooooooooooooo
corpus_244@0	4173196597f73897 411c056fb3e0e3ce c07d20a8698b2159 404ae605791e81fa c064c6867d4d70c5 42504a8e4512fa22 c2197b51fe8890aa 42197aa34e2496d0 c2197b51fe8890ae 424eae7fdcd93ac1 421cc884eb829aac 42197aa34e2496ce 421cc884eb829ab0 424c8a6d9c40b406 c0854629f16ab266 c064a7ee9ece5508 c07986bd771dcb7c c06f8cdc5086d042 4071f151b22bc7ee 404ea2487d08983c	oooooooooooooooooooooooooooooooooooooooooooooooooooooooooioooiiooooioooooooooooooooooooiooooooooooooooooooooooooooooooooooooo
corpus_244@1	4173196597f73897 411c056fb3e0e3ce 40a05beaf2ce9bd5 c0b3ca33f50dc2fc 40acb397982b28f3 42504a8e4512fa22 c2197b51fe8890ae 42197aa34e2496d0 c2197b51fe8890ae 424eae7fdcd93ac1 421cc884eb829ab4 42197aa34e2496ca 421cc884eb829ab4 424c8a6d9c40b407 409d5ceb074aa6cd c0b4a53f74f672a8 40aacf28511c4690 40a207323af792fc c0b2e0eae4dd4381 40ae7a8921f42261	oooooooooooooooooooooooooooooooooooooooooooooooooooooooooioooiiooooioooooooooooooooooooiooooooooooooooooooooooooooooooooooooo
corpus_244_alternate	4173196597f73897 411c056fb3e0e3ce c07c70db06e9e9ae 4062d04563584065 4060c38c291f20b5 4250ef99150e2130 c1fe1dbc240438c8 c20a64068a5082f2 c1fe1dbc240438c6 42510482b514f959 c1bd80b5addef558 c20a64068a5082f2 c1bd80b5addef550 4247e5d26ef9adf5 c083a9a71539bcd6 bfe357be4daa6c20 c04df03c9275355c c070607c542b83fb 4073fad9fafa5c56 40744f11540b1412	oooooooooooooooooooooooooooooooiioooioooooooooooooooooooiiiooiiiooiiiooooooooooooooooooiioooooooooooooooooooooooooooooooooooo
corpus_245	4194be2213bff7e0 4134e2dab79737f4 40a0c5b38d347157 409377400c942f95 c05960d4b01d86de 428654587220cd06 42506fd8cf8ee990 c25888f4881b44f8 42506fd8cf8ee990 4285a1e23b50f518 c243147a35ef7280 c25888f4881b44fc c243147a35ef7284 4287b64c74b4a270 409be11139d385c1 408bbb757a102d23 c07c14a98e0d388a 40a359063c96a9c1 4098c8c50f7ffe3d 40714e9999bf001c	oooooooooooooooooooooooooooooooooooooooooooooooooooooooooioooioooooioooooooooooooooooooiooooooooooooooooooooooooooooooooooooo
corpus_245@0	4194be2213bff7e0 4134e2dab79737f4 4098152b336f3192 409e67024665e27f 4058bbe851245202 4289cd4904d412fd 42441ea824a0da70 c252bfa7f9a9dc26 42441ea824a0da68 42858067ac987f4b c23e15f9b3c29c18 c252bfa7f9a9dc26 c23e15f9b3c29c10 42845ed670b9d24a 40938dfc55fde40c 4098a27390da0d25 c0714353409e627a 409ccec338293d9e 40a209f4c357f4aa 4079ef0cef059313	oooooooooooooooooooooooooooooooooooooooooooooooooooooooooioooioiooooooooooooooooooooooooooooooooooooooooooooooooooooooooooooo
corpus_245@1	4194be2213bff7e0 4134e2dab79737f4 40ba054accdbcc64 c0c0331fb73343b0 40be62efa1449148 4289cd4904d412fd 42441ea824a0da78 c252bfa7f9a9dc28 42441ea824a0da70 42858067ac987f49 c23e15f9b3c29c08 c252bfa7f9a9dc28 c23e15f9b3c29c00 42845ed670b9d24a 40b8e37f157f7902 c0c0ebb18de4be5b 40bcebcacbf619d8 40bb33b0ce0a4f67 c0befb059e5405aa 40bf9ef0cef05931	oooooooooooooooooooooooooooooooooooooooooooooooooooooooooioooioiooooooooooooooooooooooooooooooooooooooooooooooooooooooooooooo
corpus_245_alternate	4194be2213bff7e0 4134e2dab79737f4 40a0c5b38d347156 409377400c942f95 c05960d4b01d86e0 428654587220cd06 42506fd8cf8ee990 c25888f4881b44f8 42506fd8cf8ee990 4285a1e23b50f518 c243147a35ef7280 c25888f4881b44fc c243147a35ef7284 4287b64c74b4a270 409be11139d385c1 408bbb757a102d23 c07c14a98e0d388a 40a359063c96a9c1 4098c8c50f7ffe3d 40714e9999bf001c	oooooooooooooooooooooooooooooooooooooooooooooooooooooooooioooioooooioooooooooooooooooooiooooooooooooooooooooooooooooooooooooo
corpus_246	41c81caee8d2223c 41548a9c4dc72758 40a7b47c199aef31 c0b2cfe0cd133a12 40afaf8579e7e9af 42db18e081d2ee59 c28030414a8fd9bd 428b7b4a5f8fe4b0 c28030414a8fd9be 42d8e333e0df19c4 c2267aab17fa9140 428b7b4a5f8fe4b0 c2267aab17fa9100 42de91cc511df595 40a2c900ea68686f c0b513225863850b 40ab5643c97d9aee 40ad841fa434577f c0b047566f8a080e 40b1e10da34ac3f9	ooooooooooooooooooooooooooooooooiiooooooooooooooooooooooiiiooiiiooiiiooooooooooooooooooiooooooooooooooooooooooooooooooooooooo
corpus_246@0	41c81caee8d2223c 41548a9c4dc72758 409be849d6838f23 c09c20b1395fdbca 40b970e5a0e9777a 42db4793d8be51bc 427bbbaa52ef2190 42a33ba684fd8188 427bbbaa52ef21c0 42db7ecd213e9b1a 429c79ae67e33d00 42a33ba684fd8188 429c79ae67e33d00 42dbc77fb9d310da 408e779e545da604 c0a440e78816ba6b 40b68f01a962fc61 40a384baf4693ee2 c090388526269ab6 40bc27f601723df1	oooooooooooooooooooooooooooooooooooooioooooooooooooooooooiooooiioooooooooooooooooooooooiooooooooooooooooooooooooooooooooooooo
corpus_246@1	41c81caee8d2223c 41548a9c4dc72758 40c77d093ad071e4 c0d5c20b1395fdbd 40d55c39683a5dde 42db4793d8be51bc 427bbbaa52ef21c0 42a33ba684fd8188 427bbbaa52ef21f0 42db7ecd213e9b1a 429c79ae67e33d00 42a33ba684fd8188 429c79ae67e33d00 42dbc77fb9d310da 40c5e779e545da60 c0d6881cf102d74c 40d4a3c06a58bf18 40c8e12ebd1a4fb8 c0d50388526269ab 40d609fd805c8f7b	oooooooooooooooooooooooooooooooooooooioooooooooooooooooooiooooiioooooooooooooooooooooooiooooooooooooooooooooooooooooooooooooo
corpus_246_alternate	41c81caee8d2223c 41548a9c4dc72758 40a7b47c199aef31 c0b2cfe0cd133a12 40afaf8579e7e9af 42db18e081d2ee58 c28030414a8fd9b9 428b7b4a5f8fe4b0 c28030414a8fd9b9 42d8e333e0df19c3 c2267aab17fa9100 428b7b4a5f8fe4a8 c2267aab17fa9100 42de91cc511df592 40a2c900ea68686f c0b513225863850b 40ab5643c97d9aee 40ad841fa434577f c0b047566f8a080e 40b1e10da34ac3f9	ooooooooooooooooooooooooooooooooiiooooooooooooooooooooooiiiooiiiooiiiooooooooooooooooooiooooooooooooooooooooooooooooooooooooo
corpus_247	41fd89d171c916b6 4178d41422ca76df 40ab020a39109054 40a3f837534cb0fd c0a836d5d8e4706f 43357c06d156f2cc c2eea150882ef7a8 c2f51ab385831f6c c2eea150882ef7a8 4332e092150f1ea0 42f560ad2a651780 c2f51ab385831f6d 42f560ad2a651780 43329b787cfa10c5 40a158c871582015 408ee010b0f4472d c0b230b14e3d67d1 40b20c2f202e7d45 40b09996b47d6da4 c09611fc08406e02	ooooooooooooooooooooooooooooooooooooiioooooooooooooooooooioooioioooioooooooooooooooooooiioooooooooooooooooooooooooooooooooooo
corpus_247@0	41fd89d171c916b6 4178d41422ca76df 4096533152af4f44 c0a35fabb9ae043e c0b16cf18dc16241 43352e4525504346 c2ff852b0cac04b0 c2f067de18448d1c c2ff852b0cac04b4 43334cfd78e8c5ce c2d6ac0fcb6880f0 c2f067de18448d1c c2d6ac0fcb6880f0 43327ccec527191e c03aeab2570f7760 c0af72cd4cc2fdfb c0b7f115296316c7 40a671b2db563ac2 c088307151417b94 c0a55918d53cdf98	oooooooooooooooooooooooooooooooooooooooooooooooooooooooooioooioioooioooooooooooooooooooiooooooooooooooooooooooooooooooooooooo
corpus_247@1	41fd89d171c916b6 4178d41422ca76df 40d56533152af4f4 c0e535fabb9ae043 40d9a4c39c8fa770 43352e4525504345 c2ff852b0cac04b8 c2f067de18448d1c c2ff852b0cac04b8 43334cfd78e8c5ce c2d6ac0fcb688110 c2f067de18448d1c c2d6ac0fcb688110 43327ccec527191e 40d3f945536a3c22 c0e5f72cd4cc2fdf 40d803bab5a73a4e 40d6ce365b6ac759 c0e460c1c54505ee 40db54dce558640e	oooooooooooooooooooooooooooooooooooooooooooooooooooooooooioooioioooioooooooooooooooooooiooooooooooooooooooooooooooooooooooooo
corpus_247_alternate	41fd89d171c916b6 4178d41422ca76df 40ab020a39109055 40a3f837534cb0fd c0a836d5d8e4706f 43357c06d156f2cc c2eea150882ef7ac c2f51ab385831f6c c2eea150882ef7aa 4332e092150f1ea0 42f560ad2a651780 c2f51ab385831f6c 42f560ad2a651780 43329b787cfa10c6 40a158c871582015 408ee010b0f4472d c0b230b14e3d67d1 40b20c2f202e7d45 40b09996b47d6da4 c09611fc08406e02	ooooooooooooooooooooooooooooooooooooiioooooooooooooooooooioooioioooioooooooooooooooooooiioooooooooooooooooooooooooooooooooooo
corpus_248	42283bc14db02b97 4193ce7e6b95b232 c0d29e423820e7eb c0cb35dc4a4636d7 c0c8dfee46e35962 437ddef4305a28ab 433ac1812dd03d00 4301b6a385bee000 433ac1812dd03cfc 4377826372b7fbfe c347a7053630094c 4301b6a385bee040 c347a70536300950 437db5848505df37 c0d52fe493afc654 c0d07efaefb2c1ca c0ce719076a173c0 c0d019c03ccd9f46 c0c52459fc376ba4 c0c336208a54c52c	oooooooooooooooooooooooooooooooooooooioooooooooooooooooooiooooiooooiooooooooooooooooooooooooooooooooooooooooooooooooooooooooo
corpus_248@0	42283bc14db02b97 4193ce7e6b95b232 40d3a1e33f59c3e6 40cf90bb7ac867ea 40bcd15252c72f5b 437e1b3fcb964ed3 c3153c8a4d62cb60 c314502f8ae7e7e0 c3153c8a4d62cb60 4376f3d70f385d7e 434615d1c10af9bc c314502f8ae7e7e0 434615d1c10af9bc 437e07c54d495790 40d0dfcf907fa4bf 40c9cf567c67650b 40b21ea980e39d77 40d5ecc97e53c780 40d29e479f53fc85 40c38c94960efb52	oooooooooooooooooooooooooooooooooooooooooooooooooooooooooiooooiooooioooooooooooooooooooiooooooooooooooooooooooooooooooooooooo
corpus_248@1	42283bc14db02b97 4193ce7e6b95b232 40edd0f19face1f3 c0f00de890a6f304 40f0cd15252c72f5 437e1b3fcb964ed3 c3153c8a4d62cb60 c314502f8ae7e7e0 c3153c8a4d62cb60 4376f3d70f385d7e 434615d1c10af9bc c314502f8ae7e800 434615d1c10af9bc 437e07c54d495790 40ec6fe7c83fd260 c0f0c6153073135f 40f021ea980e39d8 40eef664bf29e3c0 c0eeb0dc305601be 40f1719292c1df6a	oooooooooooooooooooooooooooooooooooooooooooooooooooooooooiooooiooooioooooooooooooooooooiooooooooooooooooooooooooooooooooooooo
corpus_248_alternate	42283bc14db02b97 4193ce7e6b95b232 c0d29e423820e7eb c0cb35dc4a4636d7 c0c8dfee46e35962 437ddef4305a28ab 433ac1812dd03d00 4301b6a385bee000 433ac1812dd03cfc 4377826372b7fbfe c347a7053630094c 4301b6a385bee040 c347a70536300950 437db5848505df37 c0d52fe493afc654 c0d07efaefb2c1ca c0ce719076a173c0 c0d019c03ccd9f46 c0c52459fc376ba4 c0c336208a54c52c	oooooooooooooooooooooooooooooooooooooioooooooooooooooooooiooooiooooiooooooooooooooooooooooooooooooooooooooooooooooooooooooooo
corpus_249	425d8fc412495b46 41b89f7382a3a52b 40d93de5ccb0c900 c0d329147f1167fb 40d27c4cc730474a 43d2e9b98e283d0f c39115b023e16a7b 438d68bfdff02908 c39115b023e16a7f 43d2e89fe2ce6317 438bdc0e4cecd558 438d68bfdff02908 438bdc0e4cecd550 43d4d643f0450822 40d367ea34e1127c c0d91a4c9ce671a5 40ca8b30c7e79c55 40deebcfdba5e760 c0cb0e234b52b2cd 40d77041b120939d	oooooooooooooooooooooooooooooooooooooioooooooooooooooooooioooooioooooooooooooooooooooooiooooooooooooooooooooooooooooooooooooo
corpus_249@0	425d8fc412495b46 41b89f7382a3a52b c0bd88944a0f41aa c0e07fc1fddec32e c0cc77a4155d7911 43d3c3aa2276730c c3908ea9030eea40 4392e349740a8474 c3908ea9030eea40 43d48f581a9887e0 437f9078d20dae94 4392e349740a8474 437f9078d20daea4 43d2559b242cad59 c0cb8c5c908140b5 c0e398009e1ddcb0 c0d36e3041f72227 c094b5f2f628d664 c0db7cb0b95e0f56 c0c1ab3d06a0160b	oooooooooooooooooooooooooooooooooooooioooooooooooooooooooooooioioooioooooooooooooooooooiioooooooooooooooooooooooooooooooooooo
corpus_249@1	425d8fc412495b46 41b89f7382a3a52b 40f22776bb5f0be6 c1081ff07f77b0cb 40fa710b7d5450df 43d3c3aa2276730c c3908ea9030eea40 4392e349740a8474 c3908ea9030eea40 43d48f581a9887e0 437f9078d20dae94 4392e349740a8474 437f9078d20daea4 43d2559b242cad59 40f08e746defd7e9 c108e6002787772c 40f92473ef823777 40f3ad2834275ca6 c1076f96172bc1eb 40fbca985f2bfd3e	oooooooooooooooooooooooooooooooooooooioooooooooooooooooooooooioioooioooooooooooooooooooiioooooooooooooooooooooooooooooooooooo
corpus_249_alternate	425d8fc412495b46 41b89f7382a3a52b 40d93de5ccb0c900 c0d329147f1167fb 40d27c4cc730474a 43d2e9b98e283d0f c39115b023e16a79 438d68bfdff02908 c39115b023e16a7b 43d2e89fe2ce6318 438bdc0e4cecd550 438d68bfdff02908 438bdc0e4cecd548 43d4d643f0450822 40d367ea34e1127c c0d91a4c9ce671a5 40ca8b30c7e79c55 40deebcfdba5e760 c0cb0e234b52b2cd 40d77041b120939d	oooooooooooooooooooooooooooooooooooooioooooooooooooooooooioooooioooooooooooooooooooooooiooooooooooooooooooooooooooooooooooooo
corpus_250	3de0f9cbda00490a 3eb8b466735a2558 3f3f2d8c8849a476 bf3211583deba5f7 bf5cbb2fe73354be 3c599a2a97a52f30 3c255e4ccd305f22 3c131a7d7ca62e44 3c255e4ccd305f22 3c56e3295268b630 bc22f25e491dec50 3c131a7d7ca62e44 bc22f25e491dec50 3c57ed30efecc7bf 3f1d31281955145a bf469a2f5a3756b2 bf619e61833e0385 3f4bcd6626f2561e 3f2160d499dafa89 bf56410fc8fd6688	oooooooooooooooooooooooooooooooooooooooooooooooooooooooooiooooiooooiooooooooooooooooooooooooooooooooooooooooooooooooooooooooo
corpus_250@0	3de0f9cbda00490a 3eb8b466735a2558 3f34f7147c16cc1c bf518caf8f6e454a 3f57e63e079faaf9 3c56a0bdd9ce9800 3c2a3bfef3ce3a5c bc147ef88cad81b0 3c2a3bfef3ce3a5c 3c58d2a31cacbd45 3c163fe6f90b5988 bc147ef88cad81b4 3c163fe6f90b5988 3c58f723e37f57d6 bf1734531d068a48 bf57f0883e24e99b 3f51ba9789ac2b28 3f4817ea12676db8 bf4775eb3b59b2ba 3f5e42fba28bc038	oooooooooooooooooooooooooooooooooooooioooooooooooooooooooiooooiiooiioooooooooooooooooooiooooooooooooooooooooooooooooooooooooo
corpus_250@1	3de0f9cbda00490a 3eb8b466735a2558 3f754f7147c16cc1 bf863195f1edc8a9 3f81fcc7c0f3f560 3c56a0bdd9ce9801 3c2a3bfef3ce3a58 bc147ef88cad81b8 3c2a3bfef3ce3a58 3c58d2a31cacbd44 3c163fe6f90b5990 bc147ef88cad81b8 3c163fe6f90b5994 3c58f723e37f57d7 3f73a32eb38be5d7 bf86fe1107c49d34 3f813752f1358566 3f7702fd424cedb7 bf85775eb3b59b2b 3f82c85f74517806	oooooooooooooooooooooooooooooooooooooioooooooooooooooooooiooooiiooiioooooooooooooooooooiooooooooooooooooooooooooooooooooooooo
corpus_250_alternate	3de0f9cbda00490a 3eb8b466735a2558 3f3f2d8c8849a476 bf3211583deba5f7 bf5cbb2fe73354be 3c599a2a97a52f30 3c255e4ccd305f22 3c131a7d7ca62e44 3c255e4ccd305f22 3c56e3295268b630 bc22f25e491dec50 3c131a7d7ca62e44 bc22f25e491dec50 3c57ed30efecc7bf 3f1d31281955145a bf469a2f5a3756b2 bf619e61833e0385 3f4bcd6626f2561e 3f2160d499dafa89 bf56410fc8fd6688	oooooooooooooooooooooooooooooooooooooooooooooooooooooooooiooooiooooiooooooooooooooooooooooooooooooooooooooooooooooooooooooooo
corpus_251	3e0343f5c8cc5c31 3ed2b881ceecd338 3f5365c5942f4037 3f627daf0245e253 bf66d86e28a337ef 3c96934754551ab2 bbc88b4e3cb35c00 bc6ed75279146cc8 bbc88b4e3cb35e00 3c90b24d4ca31bb6 bc50a07d8407e334 bc6ed75279146cc8 bc50a07d8407e335 3c9820b9c53983f5 3f43a1b98d59128a 3f5b61a42e54cd40 bf6b6faa1cf933fb 3f5d52d3f11ae92c 3f683f5eb341effa bf62387de61acfd0	oooooooooooooooooooooooooooooooooooooioooooooooooooooooooioooooooooiooooooooooooooioooooooooooooooooooooooooooooooooooooooooo
corpus_251@0	3e0343f5c8cc5c31 3ed2b881ceecd338 bf6675f2b26d6830 bf6524d3892117c2 bf3428066d9fa3a0 3c9167d3e92ec812 3c65f00a3577b557 3c5181c7acdac4d4 3c65f00a3577b557 3c98b28947f77f2b 3c685e428cb8b7d4 3c5181c7acdac4d4 3c685e428cb8b7d0 3c954bf1350b7320 bf6c8aeafd5fdfd1 bf69b53df5a5bc07 bf4dfa1588d344f9 bf6146219cc0fe8a bf60a8810adaa518 3f35aad62cbc743a	oooooooooooooooooooooooooooooooooooooioooooooooooooooooooooooioiooooooooooooooooooiooooiooooooooooooooooooooooooooooooooooooo
corpus_251@1	3e0343f5c8cc5c31 3ed2b881ceecd338 3f7cc506a6c94be9 bf96a49a712422f9 3f8d5ebfcc9302e3 3c9167d3e92ec813 3c65f00a3577b555 3c5181c7acdac4d4 3c65f00a3577b555 3c98b28947f77f2b 3c685e428cb8b7d4 3c5181c7acdac4d2 3c685e428cb8b7d0 3c954bf1350b7320 3f79ba8a81501018 bf9736a7beb4b781 3f8c205ea772cbb1 3f7f5cef319f80bb bf961510215b54a3 3f8ead56b165e3a2	oooooooooooooooooooooooooooooooooooooioooooooooooooooooooooooioiooooooooooooooooooiooooiooooooooooooooooooooooooooooooooooooo
corpus_251_alternate	3e0343f5c8cc5c32 3ed2b881ceecd338 3f5365c5942f4037 3f627daf0245e253 bf66d86e28a337ef 3c96934754551ab5 bbc88b4e3cb35c00 bc6ed75279146ccc bbc88b4e3cb35c00 3c90b24d4ca31bb7 bc50a07d8407e337 bc6ed75279146cc8 bc50a07d8407e338 3c9820b9c53983f7 3f43a1b98d59128a 3f5b61a42e54cd40 bf6b6faa1cf933fb 3f5d52d3f11ae92c 3f683f5eb341effa bf62387de61acfd0	oooooooooooooooooooooooooooooooooooooioooooooooooooooooooioooooooooiooooooooooooooioooooooooooooooooooooooooooooooooooooooooo
corpus_252	3e3327d53cc33994 3ef0b3868d12f34b 3f2d959d6422b97b bf7dac24ee45eb9b bf7f443fd58d392c 3ce1af0d68f10ae6 3c99b2ed4eb6109c bcab66ddb6bd89c0 3c99b2ed4eb610a0 3ce2301274aa30b9 3caa992a32f7c438 bcab66ddb6bd89bc 3caa992a32f7c42c 3ce335bb4a98783e bf50c8a13416d685 bf8125fda4107569 bf822cf22765a1fb 3f57b2fa30123d27 bf78740fc3d1e8d9 bf7a20bef21ca9a2	oooooooooooooooooooooooooooooooooooooioooooooooooooooooooiooooiooooiooooooooooooooiooooiooooooooooooooooooooooooooooooooooooo
corpus_252@0	3e3327d53cc33994 3ef0b3868d12f34b bf792f868aed28c1 bf8178b1a9be8b53 3f3e4a481327d001 3ce15ce096b7df5b 3caba0e66eef0c3c bc9df0e9de7c2234 3caba0e66eef0c44 3ce396dae9effb18 3ca585f5ba187e94 bc9df0e9de7c2228 3ca585f5ba187e90 3ce2211fa78bd96b bf7e75c93bec560d bf83edb82e69d032 bf497aab1cc21149 bf7404abc17a6864 bf7e114a4a36a2b2 3f59a0fd48170f1c	oooooooooooooooooooooooooooooooooooooioooooooooooooooooooooooiiioooooooooooooooooooooooiioooooooooooooooooooooooooooooooooooo
corpus_252@1	3e3327d53cc33994 3ef0b3868d12f34b 3f8b683cba896ba0 bfa85e2c6a6fa2d5 3f9e7929204c9f40 3ce15ce096b7df5b 3caba0e66eef0c38 bc9df0e9de7c2234 3caba0e66eef0c40 3ce396dae9effb18 3ca585f5ba187e94 bc9df0e9de7c2228 3ca585f5ba187e94 3ce2211fa78bd96b 3f88c51b6209d4fa bfa8fb6e0b9a740c 3f9d342aa719ef76 3f8dfdaa1f42cbcf bfa7c2294946d457 3f9f9a0fd48170f3	oooooooooooooooooooooooooooooooooooooioooooooooooooooooooooooiiioooooooooooooooooooooooiioooooooooooooooooooooooooooooooooooo
corpus_252_alternate	3e3327d53cc33994 3ef0b3868d12f34b 3f2d959d6422b97b bf7dac24ee45eb9b bf7f443fd58d392c 3ce1af0d68f10ae6 3c99b2ed4eb6109c bcab66ddb6bd89c0 3c99b2ed4eb610a0 3ce2301274aa30b9 3caa992a32f7c438 bcab66ddb6bd89bc 3caa992a32f7c42c 3ce335bb4a98783e bf50c8a13416d685 bf8125fda4107569 bf822cf22765a1fb 3f57b2fa30123d27 bf78740fc3d1e8d9 bf7a20bef21ca9a2	oooooooooooooooooooooooooooooooooooooioooooooooooooooooooiooooiooooiooooooooooooooiooooiooooooooooooooooooooooooooooooooooooo
corpus_253	3e68afb1e567579d 3f1687973ba846c2 bf8b094f011f985e bf92cf8dcf48ab35 bf64a4e4829cf404 3d3addb1ef3b08de 3ce51e99b3df224e bcc893ed0c9de3b0 3ce51e99b3df224e 3d3d3f0678114f64 bcfe06239cf845b8 bcc893ed0c9de3a0 bcfe06239cf845b0 3d3eeed093e83aed bf90221b463ffea7 bf95c792d4ee2639 bf74f9ab3ed7c846 bf854c7b67412312 bf8fb076716a0af7 3f1a115dcbf27f10	ooooooooooooooooooooooooooooooooooooiioooooooooooooooooooioooooooooioooooooooooooooooooiooooooooooooooooooooooooooooooooooooo
corpus_253@0	3e68afb1e567579d 3f1687973ba846c2 bf9423f47cfff23e bf8606a4d98acc43 bf7028f3178d1f0b 3d3e6908f6512370 bcfc75b5b72f9378 3ced804a2e085780 bcfc75b5b72f9380 3d3d704acfdcee36 bcf32ef115de0e50 3ced804a2e085780 bcf32ef115de0e5c 3d3b32353506818c bf96d98a02cfe8fa bf8c053bd63d147a bf7be0111e13fe87 bf9165f7e4bf391e bf80856cafef6239 bf55ceb02f1b92cb	oooooooooooooooooooooooooooooooooooooioooooooooooooooooooioooioioooioooooooooooooooooooiooooooooooooooooooooooooooooooooooooo
corpus_253@1	3e68afb1e567579d 3f1687973ba846c2 3f93dc0b83000dc2 bfb6c0d49b315988 3fabfae19d0e5c1f 3d3e6908f6512370 bcfc75b5b72f9380 3ced804a2e085788 bcfc75b5b72f9388 3d3d704acfdcee36 bcf32ef115de0e58 3ced804a2e085780 bcf32ef115de0e5c 3d3b32353506818a 3f912675fd301706 bfb780a77ac7a28e 3faa83fddc3d8030 3f969a081b40c6e2 bfb610ad95fdec47 3fad518a7e87236a	oooooooooooooooooooooooooooooooooooooioooooooooooooooooooioooioioooioooooooooooooooooooiooooooooooooooooooooooooooooooooooooo
corpus_253_alternate	3e68afb1e567579d 3f1687973ba846c2 bf8b094f011f985d bf92cf8dcf48ab35 bf64a4e4829cf404 3d3addb1ef3b08dd 3ce51e99b3df224e bcc893ed0c9de390 3ce51e99b3df224e 3d3d3f0678114f63 bcfe06239cf845b0 bcc893ed0c9de380 bcfe06239cf845b0 3d3eeed093e83aea bf90221b463ffea7 bf95c792d4ee2639 bf74f9ab3ed7c846 bf854c7b67412312 bf8fb076716a0af7 3f1a115dcbf27f10	ooooooooooooooooooooooooooooooooooooiioooooooooooooooooooioooooooooioooooooooooooooooooiooooooooooooooooooooooooooooooooooooo
corpus_254	3ea06d2f8879d02c 3f38caf89777bf14 3f82231c65bd9b91 3f8f0e471a33c9da 3f8e8bc7d30211d3 3d94dd376e1d13f5 bd3cdc181ae81bd4 bd699298d8d8f3d4 bd3cdc181ae81bcc 3d99be826392af75 bd4a9e1da0e338ee bd699298d8d8f3d4 bd4a9e1da0e338ee 3d96979b20cb8269 3f6383143949393e 3f83ed464adc5f94 3f821d93957b1ba0 3f8f840b6561127c 3f94fd23649c7b3b 3f95ad67b0eb5ee9	oooooooooooooooooooooooooooooooooooooioooooooooooooooooooooooiiioooooooooooooooooooooooiooooooooooooooooooooooooooooooooooooo
corpus_254@0	3ea06d2f8879d02c 3f38caf89777bf14 3f92f61cf0dd82f8 bf8b9eae869a14ab bf6431669a8fa28a 3d9916054a267f13 3d6058f48ddebc7e 3d4623d93488e094 3d6058f48ddebc7e 3d94b2598dc72b51 bd6628e7d4e28aba 3d4623d93488e098 bd6628e7d4e28ab8 3d976af61a8d9b6a 3f891f247a28b1c9 bf9496b9adcd62fb bf818e8483a74f2e 3f98fa78755d273a bf7e385186ac5cf4 3f6d80a78a7b0f53	oooooooooooooooooooooooooooooooooooooooooooooooooooooooooioooiiioooiooooooooooooooooooooooooooooooooooooooooooooooooooooooooo
corpus_254@1	3ea06d2f8879d02c 3f38caf89777bf14 3fb8bd873c3760be bfc5b9eae869a14b 3fbd5e74cb2b82ec 3d9916054a267f13 3d6058f48ddebc7e 3d4623d93488e094 3d6058f48ddebc7e 3d94b2598dc72b51 bd6628e7d4e28aba 3d4623d93488e090 bd6628e7d4e28ab8 3d976af61a8d9b6a 3fb723e48f451639 bfc692d735b9ac5f 3fbbce2f6f8b161a 3fba3e9e1d5749cf bfc4f1c28c3562e8 3fbeec053c53d87b	oooooooooooooooooooooooooooooooooooooooooooooooooooooooooioooiiioooiooooooooooooooooooooooooooooooooooooooooooooooooooooooooo
corpus_254_alternate	3ea06d2f8879d02c 3f38caf89777bf14 3f82231c65bd9b91 3f8f0e471a33c9da 3f8e8bc7d30211d3 3d94dd376e1d13f4 bd3cdc181ae81bb4 bd699298d8d8f3cc bd3cdc181ae81bc4 3d99be826392af75 bd4a9e1da0e338f6 bd699298d8d8f3cc bd4a9e1da0e338fa 3d96979b20cb826a 3f6383143949393e 3f83ed464adc5f94 3f821d93957b1ba0 3f8f840b6561127c 3f94fd23649c7b3b 3f95ad67b0eb5ee9	oooooooooooooooooooooooooooooooooooooioooooooooooooooooooooooiiioooooooooooooooooooooooiooooooooooooooooooooooooooooooooooooo
corpus_255	3ec96ba539c1cee4 3f58069ca2b06e82 bfaa5c574c5a3a8e bfb0d8939609e56f 3fa29d8caa7712de 3ddbd5cce1f456ee bd7df2a2fef1cca0 3d6631c3d57a8a80 bd7df2a2fef1cca0 3de02c1809a0adb3 3d9c6c324d820930 3d6631c3d57a8a70 3d9c6c324d820930 3de052ac1ee205e2 bfb011514bdfba06 bfb3cb0a806430e4 3f995f3e3d02fc54 bfa4ff639c969fbe bfac4542f5670cab 3fa85dcfc5978d96	oooooooooooooooooooooooooooooooooooooioooooooooooooooooooioooioioooioooooooooooooooooooiioooooooooooooooooooooooooooooooooooo
corpus_255@0	3ec96ba539c1cee4 3f58069ca2b06e82 3f7b501ad176a8bb 3f84fa7c2264da88 3fb71db67e27e6a4 3de0ca94ab841516 3d94532802c1d720 bd873729122fb660 3d94532802c1d720 3ddd4d848a9043f8 bd9c984cba734d50 bd873729122fb660 bd9c984cba734d50 3dddf0a751614ffb bf72cbef104cd2fa bf427af5c09cd118 3fb3f2202fddc542 3f913b855a15c8c2 3f97a6b3406717f7 3fba1e9aa421760c	oooooooooooooooooooooooooooooooooooooioooooooooooooooooooioooooioooiooooooooooooooioooooooooooooooooooooooooooooooooooooooooo
corpus_255@1	3ec96ba539c1cee4 3f58069ca2b06e82 3fc4da80d68bb546 bfd3582c1eecd92b 3fd4c76d9f89f9a8 3de0ca94ab841516 3d94532802c1d728 bd873729122fb660 3d94532802c1d728 3ddd4d848a9043f8 bd9c984cba734d50 bd873729122fb660 bd9c984cba734d50 3dddf0a751614ffb 3fc369a0877d9968 bfd4093d7ae04e69 3fd3fc880bf77151 3fc62770ab42b918 bfd28594cbf98e80 3fd587a6a9085d83	oooooooooooooooooooooooooooooooooooooioooooooooooooooooooioooooioooiooooooooooooooioooooooooooooooooooooooooooooooooooooooooo
corpus_255_alternate	3ec96ba539c1cee4 3f58069ca2b06e82 bfaa5c574c5a3a8e bfb0d8939609e56f 3fa29d8caa7712de 3ddbd5cce1f456ee bd7df2a2fef1cca0 3d6631c3d57a8a80 bd7df2a2fef1cca0 3de02c1809a0adb3 3d9c6c324d820930 3d6631c3d57a8a70 3d9c6c324d820930 3de052ac1ee205e2 bfb011514bdfba06 bfb3cb0a806430e4 3f995f3e3d02fc54 bfa4ff639c969fbe bfac4542f5670cab 3fa85dcfc5978d96	oooooooooooooooooooooooooooooooooooooioooooooooooooooooooioooioioooioooooooooooooooooooiioooooooooooooooooooooooooooooooooooo
box_0	40a2c00000000000 4091800000000000 4024000000000000 4018000000000000 4000000000000000 40e7d40000000000 0000000000000000 0000000000000000 0000000000000000 40f86a0000000000 0000000000000000 0000000000000000 0000000000000000 40fa900000000000 0000000000000000 0000000000000000 c008000000000000 4034000000000000 4028000000000000 401c000000000000	oooooooooooooooooooooooooooooooiiiooiiiooiiiooooooooooooiiiooiiiooiiiooooooooooooiiiooiiiooiiiooooooooooooooooooooooooooooooo
box_1	3f93a92a30553262 3fdcac083126e979 3fc9999999999999 3fbeb851eb851eb6 3fa47ae147ae147c 3f2477dc2f9645a7 b8a5555555555556 0000000000000000 b8a5555555555556 3f34f8b588e368f2 0000000000000000 0000000000000000 0000000000000000 3f36d127d05394fe 0000000000000000 0000000000000000 bfaeb851eb851eb8 3fd999999999999a 3fceb851eb851eb8 3fc1eb851eb851ec	oooooooooooooooooooooooooooooooiiiooiiiooiiiooooooooooooiiiooiiiooiiiooooooooooooiiiooiiiooiiiooooooooooooooooooooooooooooooo
box_2	40f91f4000000000 40cacc0000000000 403b90d69f8ba7c3 403253cd25b58a05 c030655db0602216 417a9708c7ffffff 41512c5cc0000002 4159c28b20000002 41512c5cc0000002 4189646a8cec4ec5 4130b29dec4ec500 4159c28b20000001 4130b29dec4ec510 4189d3bbff13b13b c025ad20c8d644b6 c02b608fa17567f4 c048edf3a54bad24 40507e0f68e09c78 40492bf10e12e402 4031112be9d7161c	oooooooooooooooooooooooooooooooooooooiioooiooooooooooooooiooooiooooiooooooooooooooioooiiooooooooooooooooooooooooooooooooooooo
box_3	40a2c00000000000 4091800000000000 4052ace68716511b c022e17d0554393b 404d7b7c3810ba1c 40e9ebb6db6db6dc 40c0bdb6db6db6dc 40c91c924924924a 40c0bdb6db6db6dd 40f8c0d02d02d02e 40a0470870870890 40c91c9249249249 40a0470870870880 40f92d5465465464 404fdd509fe4ce7b c032967b5b5c7778 4048b3b1b451fb39 40556b24be3a3af8 bfd2c06a7df07090 405121a35de7bc7f	oooooooooooooooooooooooooooooooooooooiioooiooooooooooooooiooooiooooiooooooooooooooioooiiooooooooooooooooooooooooooooooooooooo
box_4	4072c00000000000 4071800000000000 4014000000000000 3ff0000000000000 c008000000000000 4097d40000000000 0000000000000000 0000000000000000 0000000000000000 40aa900000000000 0000000000000000 0000000000000000 0000000000000000 40a86a0000000000 0000000000000000 bff8000000000000 c018000000000000 4024000000000000 400c000000000000 0000000000000000	oooooooooooooooooooooooooooooooiiiooiiiooiiiooooooooooooiiiooiiiooiiiooooooooooooiiiooiiiooiiiooooooooooooooooooooooooooooooo
box_5	40a2c00000000000 4091800000000000 40c2d734b87d7f21 c0c323361bf884a8 40a9ee9c7b9cf445 40e9ebb6db6db6dc 40c0bdb6db6db6dc 40c91c924924924a 40c0bdb6db6db6dd 40f8c0d02d02d02e 40a0470870870890 40c91c9249249249 40a0470870870880 40f92d5465465464 40c2d1b83c0f374d c0c327c8fa64ddd5 40a9db7d518df94b 40c2dcb134ebc6f4 c0c31ea33d8c2b7a 40aa01bba5abef41	oooooooooooooooooooooooooooooooooooooiioooiooooooooooooooiooooiooooiooooooooooooooioooiiooooooooooooooooooooooooooooooooooooo
triangle_0	4079000000000000 40777996501ebcc2 4010000000000000 4005555555555555 4000000000000000 40b2938e38e38e3a 4080aaaaaaaaaaac 0000000000000000 4080aaaaaaaaaaac 40b4500000000000 0000000000000000 0000000000000000 0000000000000000 40a9b1c71c71c71d 0000000000000000 0000000000000000 c008000000000000 4024000000000000 4020000000000000 401c000000000000	oooooooooooooooooooooooooooooooiiiooiiioooooooooooooooooiiiooiiioooooooooooooooooiiiooooooooooooooooooooooooooooooooooooooooo
triangle_1	3f6a36e2eb1c432d 3fc33b0dc5ef669d 3fb47ae147ae147c 3fab4e81b4e81b4f 3fa47ae147ae147c 3eefe9fb73b2d066 3ebca213d840baf8 0000000000000000 3ebca213d840baf8 3ef172c417c771f0 0000000000000000 0000000000000000 0000000000000000 3ee61244a15c9020 0000000000000000 0000000000000000 bfaeb851eb851eb8 3fc999999999999a 3fc47ae147ae147b 3fc1eb851eb851ec	oooooooooooooooooooooooooooooooiiiooiiioooooooooooooooooiiiooiiioooooooooooooooooiiiooooooooooooooooooooooooooooooooooooooooo
triangle_2	40d0bf8000000000 40b1f91715578884 40233b4c462fda9f c0513ba434dfbc67 c02bd4be8013e45c 4142a2de038e38e3 40fbf7326bc1b2e2 c11336b5a02e815f 40fbf7326bc1b2e6 41421521c1b2ec81 c11c7bb29b85a94a c11336b5a02e815e c11c7bb29b85a944 41405a6381db4c63 c0211a9ed372b956 c0564a90d8a6562c c0425f4c249c4f09 404143b6167adbab c04581133affb43c 4020cff2aa2aaf18	ooooooooooooooooooooooooooooooooooooooooooooooooooooooooooooooiiooooooooooooooooooooooooooooooooooooooooooooooooooooooooooooo
triangle_3	4079000000000000 40777996501ebcc2 bfe24ed00146064e 405208b1b3dde685 40412777ef332f42 40b22acb2cb2cb2e 406b4303809badfc c082baea3c09b152 406b4303809badfc 40b1a0a01f63771a c08bc42dfb9ab6b8 c082baea3c09b152 c08bc42dfb9ab6b4 40afe20cf60c5f02 c0170d3bc5aa39e8 405096b73bee4cde 403bc928b734768d 401a2f0854426f3c 4053e2b94cd4b975 404457cdbb5c39cb	ooooooooooooooooooooooooooooooooooooooooooooooooooooooooooooooiiooooooooooooooooooooooooooooooooooooooooooooooooooooooooooooo
triangle_4	4049000000000000 40577996501ebcc2 4000000000000000 3ff0000000000000 bff5555555555555 4062938e38e38e3a 0000000000000000 c030aaaaaaaaaaac 0000000000000000 4059b1c71c71c71d 0000000000000000 c030aaaaaaaaaaac 0000000000000000 4064500000000000 0000000000000000 bff8000000000000 c010000000000000 4014000000000000 400c000000000000 0000000000000000	ooooooooooooooooooooooooooooooooiioooiioooiioooooooooooooiioooiioooiiooooooooooooooiooooiooooiooooooooooooooooooooooooooooooo
triangle_5	4079000000000000 40777996501ebcc2 40c2d450a847e77c c0c3242742f11964 40a9f4fa4e7b4b19 40b22acb2cb2cb2e 406b4303809badfc c082baea3c09b152 406b4303809badfc 40b1a0a01f63771a c08bc42dfb9ab6b8 c082baea3c09b152 c08bc42dfb9ab6b4 40afe20cf60c5f02 40c2d1b83c0f374d c0c3270b37e0f897 40a9e7eec02ce747 40c2d7dfc49274e2 c0c3207333bf2bbe 40aa01bba5abef41	ooooooooooooooooooooooooooooooooooooooooooooooooooooooooooooooiiooooooooooooooooooooooooooooooooooooooooooooooooooooooooooooo
concave_0	409fe00000000000 4092e00000000000 401c787878787878 401c787878787878 4000000000000000 40f4713c3c3c3c3c 40e0e38787878787 0000000000000000 40e0e38787878787 40f4713c3c3c3c3c 0000000000000000 0000000000000000 0000000000000000 41004abc3c3c3c3c 0000000000000000 0000000000000000 c008000000000000 4034000000000000 4034000000000000 401c000000000000	oooooooooooooooooooooooooooooooiiiooiiiooiiiooooooooooooiiiooooooooooooooooooooooiiiooooooooooooooooooooooooooooooooooooooooo
concave_1	3f90b630a91537a0 3fdeecbfb15b5740 3fc2389f056bd239 3fc2389f056bd239 3fa47ae147ae147c 3f318f509c81b27c 3f1d03c4583197d4 0000000000000000 3f1d03c4583197d4 3f318f509c81b27c 0000000000000000 0000000000000000 0000000000000000 3f3bfd44c7e94668 0000000000000000 0000000000000000 bfaeb851eb851eb8 3fd999999999999a 3fd999999999999a 3fc1eb851eb851ec	oooooooooooooooooooooooooooooooiiiooiiiooiiiooooooooooooiiiooooooooooooooooooooooiiiooooooooooooooooooooooooooooooooooooooooo
concave_2	40f55a9000000000 40cce70000000000 4032ccf2f3de741c 404be9afdd8b4b79 40421e866b4659a3 4185dc18583c3c3d 41717307817982e2 c14f6192855ae22c 41717307817982e2 4186644264f7bb38 4161ca2af3a6ecbe c14f6192855ae22c 4161ca2af3a6ecbe 418f1d2af03571f8 c023c39e3f48e096 40330f32e1b6ff82 bffeeed9c44af408 4050bb3fba1248fc 405a98dff0398731 405168312df9e14c	oooooooooooooooooooooooooooooooooooooiooooiooooooooooooooiooooooooooooooooooooooooioooooooooooooooooooooooooooooooooooooooooo
concave_3	409fe00000000000 4092e00000000000 c00914458e647eec 404b0558b40c67a9 c04c4d5fe9322672 40f54f4089ae408a 40e1029a4da0726e c0be9761f9cbe2a0 40e1029a4da0726e 40f5d3fd46f6b4a5 40d1578c50446898 c0be9761f9cbe29c 40d1578c50446898 40fe54b3204bfbc2 c026a8ee01087dac 4045c4c002b59b2c c050e0af8f15bed5 40253af57136202b 40511f40ecb998d1 c0478845a46e519a	oooooooooooooooooooooooooooooooooooooiooooiooooooooooooooiooooooooooooooooooooooooioooooooooooooooooooooooooooooooooooooooooo
concave_4	406fe00000000000 4072e00000000000 400c787878787878 3ff0000000000000 c00c787878787878 40a4713c3c3c3c3c 0000000000000000 c090e38787878787 0000000000000000 40b04abc3c3c3c3c 0000000000000000 c090e38787878787 0000000000000000 40a4713c3c3c3c3c 0000000000000000 bff8000000000000 c024000000000000 4024000000000000 400c000000000000 0000000000000000	oooooooooooooooooooooooooooooooiiiooiiiooiiiooooooooooooooiooooiooooiooooooooooooooiooooiooooiooooooooooooooooooooooooooooooo
concave_5	409fe00000000000 4092e00000000000 40c2d5d133369325 c0c3228861b38708 40a9eea73c98dfee 40f54f4089ae408a 40e1029a4da0726e c0be9761f9cbe2a0 40e1029a4da0726e 40f5d3fd46f6b4a5 40d1578c50446898 c0be9761f9cbe29c 40d1578c50446898 40fe54b3204bfbc2 40c2d1b83c0f374d c0c327c8fa64ddd5 40a9d8d73fc4fa92 40c2dcb134ebc6f4 c0c31b4f388e203e 40aa01bba5abef41	oooooooooooooooooooooooooooooooooooooiooooiooooooooooooooiooooooooooooooooooooooooioooooooooooooooooooooooooooooooooooooooooo
frame_0	40a0680000000000 4094000000000000 4025492492492492 4018924924924925 4000000000000000 40e6002492492492 40981b6db6db6db8 0000000000000000 40981b6db6db6db8 40f5f4c24924924a 0000000000000000 0000000000000000 0000000000000000 40f8695492492493 0000000000000000 0000000000000000 c008000000000000 4034000000000000 4028000000000000 401c000000000000	oooooooooooooooooooooooooooooooiiiooiiiooiiiooooooooooooiiiooiiiooiiiooooooooooooiiiooiiiooiiiooooooooooooooooooooooooooooooo
frame_1	3f913404ea4a8c16 3fe0624dd2f1a9fc 3fcb3ee721a54d87 3fbf7390d2a6c403 3fa47ae147ae147c 3f22e5f94fe8b91e 3ed4b5377eaed05a 0000000000000000 3ed4b5377eaed05a 3f32dc31f5b40303 0000000000000000 0000000000000000 0000000000000000 3f34f8224758c7a4 0000000000000000 0000000000000000 bfaeb851eb851eb8 3fd999999999999a 3fceb851eb851eb8 3fc1eb851eb851ec	oooooooooooooooooooooooooooooooiiiooiiiooiiiooooooooooooiiiooiiiooiiiooooooooooooiiiooiiiooiiiooooooooooooooooooooooooooooooo
frame_2	40f5fb5800000000 40cea00000000000 405da2756cd1182f 405b55524d9a0188 c058de478eb8bab9 417888ae5ec00000 41523383b0dee5f2 4155ee8c59c0bc0b 41523383b0dee5f2 4186e6779819e377 41356a68d7592e50 4155ee8c59c0bc09 41356a68d7592e40 4187ae84b5061c88 40537dd8a1c6f6cc 40534f05fd4a9589 c06085121d656869 406358c611e12ded 4061a8883c415a44 c0504edf6daf34b8	oooooooooooooooooooooooooooooooooooooiioooiooooooooooooooiooooiooooiooooooooooooooioooiiooooooooooooooooooooooooooooooooooooo
frame_3	40a0680000000000 4094000000000000 402c7babeee754d1 c05515143998445e c012578caec99df4 40e7ea9bc14e5e0b 40c1be3e4d195296 40c5613da649ad18 40c1be3e4d195296 40f652eb8b4d3146 40a4e06d8387d870 40c5613da649ad19 40a4e06d8387d860 40f715efb89de8db 4005323ac4654690 c0576005751cac5e c02bd92c72fbdcea 4038983911abf7be c052cd2708c37ef1 4014ca4f55f43457	oooooooooooooooooooooooooooooooooooooiioooiooooooooooooooiooooiooooiooooooooooooooioooiiooooooooooooooooooooooooooooooooooooo
frame_4	4070680000000000 4074000000000000 4015492492492492 3ff0000000000000 c008924924924925 4096002492492492 0000000000000000 c0481b6db6db6db8 0000000000000000 40a8695492492493 0000000000000000 c0481b6db6db6db8 0000000000000000 40a5f4c24924924a 0000000000000000 bff8000000000000 c018000000000000 4024000000000000 400c000000000000 0000000000000000	oooooooooooooooooooooooooooooooiiiooiiiooiiiooooooooooooiiiooiiiooiiiooooooooooooiiiooiiiooiiiooooooooooooooooooooooooooooooo
frame_5	40a0680000000000 4094000000000000 40c2d784035eaace c0c3233317edd505 40a9ee2ab7a99058 40e7ea9bc14e5e0b 40c1be3e4d195296 40c5613da649ad18 40c1be3e4d195296 40f652eb8b4d3146 40a4e06d8387d870 40c5613da649ad19 40a4e06d8387d860 40f715efb89de8db 40c2d1b83c0f374d c0c327c8fa64ddd5 40a9db7d518df94b 40c2dcb134ebc6f4 c0c31ea33d8c2b7a 40aa01bba5abef41	oooooooooooooooooooooooooooooooooooooiioooiooooooooooooooiooooiooooiooooooooooooooioooiiooooooooooooooooooooooooooooooooooooo
cylinder_0	40a88b2f704a940a 4093a28c59d5433b 4000000000000000 c008000000000000 4000000000000000 40f990fc14f85a35 0000000000000000 0000000000000000 0000000000000000 40f990fc14f85a35 0000000000000000 0000000000000000 0000000000000000 41032cbd0fba43a8 c020000000000000 c02a000000000000 c008000000000000 4028000000000000 401c000000000000 401c000000000000	ooooooooooooooooooooooooooooooooooooiiioooooooooooooooooiiiooiiiooiiioooooooooooooooooiiioooooooooooooooooooooooooooooooooooo
cylinder_1	3f99bc65b68b71c4 3fe015bf9217271a 3fa47ae147ae147b bfaeb851eb851eb8 3fa47ae147ae147c 3f35f6195aeb0bc0 0000000000000000 0000000000000000 0000000000000000 3f35f6195aeb0bc0 0000000000000000 0000000000000000 0000000000000000 3f407893043048d0 bfc47ae147ae147b bfd0a3d70a3d70a4 bfaeb851eb851eb8 3fceb851eb851eb9 3fc1eb851eb851ec 3fc1eb851eb851ec	ooooooooooooooooooooooooooooooooooooiiioooooooooooooooooiiiooiiiooiiioooooooooooooooooiiioooooooooooooooooooooooooooooooooooo
cylinder_2	4100713e47b9f62c 40ce10e6e98e8ef2 404290863c10a140 404b3b4d44ec418f 4022413d5fbac4ce 418b29bf2353a0ee 414df9198815a8c0 41567ad326103e8e 414df9198815a8c0 418df9198815a8c1 41667ad326103e92 41567ad326103e92 41667ad326103e96 41915402c2ac858f bff465a8bd5879c0 402f0eb8bcde793a c039d1fed1e35714 4052e21cdf060328 405759762d507267 4046099e18cf0df1	oooooooooooooooooooooooooooooooooooooioooooooooooooooooooiooooiooooioooooooooooooooooooiooooooooooooooooooooooooooooooooooooo
cylinder_3	40a88b2f704a940a 4093a28c59d5433b 404c8667b91fda9a c051e45b44ae0cfa c0264774f6d64ffc 40fa7abbf125cb24 40bd37fb85ae1df6 40c5e9fca442967a 40bd37fb85ae1df6 40fd37fb85ae1df4 40d5e9fca442967c 40c5e9fca4429678 40d5e9fca442967c 4100e45d6948a951 404709eb4ad806df c054ac4d6c5a244d c0351fe77beb5cfd 4051017213b3d72a c04e38d23a03eb51 bff278d7aeaf2ff4	oooooooooooooooooooooooooooooooooooooioooooooooooooooooooiooooiooooioooooooooooooooooooiooooooooooooooooooooooooooooooooooooo
cylinder_4	40788b2f704a940a 4073a28c59d5433b 3ff0000000000000 3ff0000000000000 3ff8000000000000 40a990fc14f85a35 0000000000000000 0000000000000000 0000000000000000 40b32cbd0fba43a8 0000000000000000 0000000000000000 0000000000000000 40a990fc14f85a35 c010000000000000 bff8000000000000 c00c000000000000 4018000000000000 400c000000000000 401a000000000000	ooooooooooooooooooooooooooooooooiooooiooooioooooooooooooiiiooiiiooiiioooooooooooooiooooiooooioooooooooooooooooooooooooooooooo
cylinder_5	40a88b2f704a940a 4093a28c59d5433b 40c2d359f8360a45 c0c3265cd2c666b3 40a9fc2763769588 40fa7abbf125cb24 40bd37fb85ae1df6 40c5e9fca442967a 40bd37fb85ae1df6 40fd37fb85ae1df4 40d5e9fca442967c 40c5e9fca4429678 40d5e9fca442967c 4100e45d6948a951 40c2cddd7bc7c271 c0c32becb715bee2 40a9e82f0975951e 40c2d8d674a45218 c0c320ccee770e84 40aa101fbd7795f2	oooooooooooooooooooooooooooooooooooooioooooooooooooooooooiooooiooooioooooooooooooooooooiooooooooooooooooooooooooooooooooooooo
tube_0	409f6a7a2955385e 4095fdbbe9bba775 c000000000000000 4008000000000000 4000000000000000 40f4c7c378ac5e9e 0000000000000000 0000000000000000 0000000000000000 40f4c7c378ac5e9e 0000000000000000 0000000000000000 0000000000000000 4100b090e5f545f2 c028000000000000 c01c000000000000 c008000000000000 4020000000000000 402a000000000000 401c000000000000	ooooooooooooooooooooooooooooooooooooiiioooooooooooooooooiiioooooooiiioooooooooooooooooiiioooooooooooooooooooooooooooooooooooo
tube_1	3f907893043048cf 3fe203e0cc94cfa3 bfa47ae147ae147b 3faeb851eb851eb8 3fa47ae147ae147c 3f31d9a460d5fba0 0000000000000000 0000000000000000 0000000000000000 3f31d9a460d5fba0 0000000000000000 0000000000000000 0000000000000000 3f3cac3667234fa7 bfceb851eb851eb9 bfc1eb851eb851ec bfaeb851eb851eb8 3fc47ae147ae147b 3fd0a3d70a3d70a4 3fc1eb851eb851ec	ooooooooooooooooooooooooooooooooooooiiioooooooooooooooooiiioooooooiiioooooooooooooooooiiioooooooooooooooooooooooooooooooooooo
tube_2	40f50bd4d6b09743 40d0d643def3ac36 c04d2be8139622b2 c022bdf07b37d996 c0485f0e2464fb5d 41863d70a3f3662c 414d8a9b6aae89a4 415627f49002e73a 414d8a9b6aae89a6 4189026f35f3c314 416627f49002e73c 415627f49002e73c 416627f49002e73e 418da0177e9f0894 c0582fcdcac8c3e0 c048271b348299a6 c054ec2e72a2ac0d c033f06923357b46 403d9045edcd59b5 c02b96fd8e127a7e	oooooooooooooooooooooooooooooooooooooioooooooooooooooooooioooooooooioooooooooooooooooooiooooooooooooooooooooooooooooooooooooo
tube_3	409f6a7a2955385e 4095fdbbe9bba775 c041d222a81b89ec 4033dfcd9493d451 40228d8d5feadbdc 40f5ae25a330cf90 40bccc45508e1e5a 40c59933fc6a96c2 40bccc45508e1e58 40f8614c22be226a 40d59933fc6a96c2 40c59933fc6a96c2 40d59933fc6a96c4 40fce136f7545727 c0474e9f16635da7 40218009ebc6ee0f bfe6acca1158e220 c038ab4c73a76c64 403eff963344319a 403342f3b075a2ed	oooooooooooooooooooooooooooooooooooooioooooooooooooooooooioooooooooioooooooooooooooooooiooooooooooooooooooooooooooooooooooooo
tube_4	406f6a7a2955385e 4075fdbbe9bba775 bff0000000000000 3ff0000000000000 bff8000000000000 40a4c7c378ac5e9e 0000000000000000 0000000000000000 0000000000000000 40b0b090e5f545f2 0000000000000000 0000000000000000 0000000000000000 40a4c7c378ac5e9e c018000000000000 bff8000000000000 c01a000000000000 4010000000000000 400c000000000000 400c000000000000	ooooooooooooooooooooooooooooooooiooooiooooioooooooooooooioiooioiooioioooooooooooooiooooiooooioooooooooooooooooooooooooooooooo
tube_5	409f6a7a2955385e 4095fdbbe9bba775 40c2d16c98124fd8 c0c32391e79fe8fa 40a9f746c5ea3ed8 40f5ae25a330cf90 40bccc45508e1e5a 40c59933fc6a96c2 40bccc45508e1e58 40f8614c22be226a 40d59933fc6a96c2 40c59933fc6a96c2 40d59933fc6a96c4 40fce136f7545727 40c2cbf01ba40804 c0c32921cbef4129 40a9e34e6be93e6e 40c2d6e9148097ab c0c31e02035090cb 40aa0b3f1feb3f42	oooooooooooooooooooooooooooooooooooooioooooooooooooooooooioooooooooioooooooooooooooooooiooooooooooooooooooooooooooooooooooooo
plate_0	40de2541b48c0104 40c237e4cef4cbd9 4044000000000000 4034000000000000 4000000000000000 4150d0f2a1e824c6 0000000000000000 0000000000000000 0000000000000000 416f18affb0ed3fb 0000000000000000 0000000000000000 0000000000000000 417342f969912bd5 0000000000000000 0000000000000000 c008000000000000 4054000000000000 4044000000000000 401c000000000000	oooooooooooooooooooooooooooooooiiiooiiiooiiiooooooooooooiiiooiiiooiiiooooooooooooiiiooiiiooiiiooooooooooooooooooooooooooooooo
plate_1	3fcf9c214f97eedc 400dd952d5bd4fa2 3fe999999999999a 3fd999999999999a 3fa47ae147ae147c 3f8ce3d80ec8cf9c 0000000000000000 0000000000000000 0000000000000000 3faab62dad7cc980 0000000000000000 0000000000000000 0000000000000000 3fb08bacb565aeb7 0000000000000000 0000000000000000 bfaeb851eb851eb8 3ff999999999999a 3fe999999999999a 3fc1eb851eb851ec	oooooooooooooooooooooooooooooooiiiooiiiooiiiooooooooooooiiiooiiiooiiiooooooooooooiiiooiiiooiiiooooooooooooooooooooooooooooooo
plate_2	413431f58473caae 40fbe5965ce6d825 40644bb17c454807 405ee87e3e9ee907 c041ac90b84d837c 41e5a9e168060ef8 41d1a72709df3f7b 41da7aba8ecedf39 41d1a72709df3f7b 4200c8412157a82e 41c3fb85560dcc8c 41da7aba8ecedf39 41c3fb85560dcc8c 4201d2b01328602a 4036c7ed8a77f565 4041a3d90519dc0d c05dd5d0c2b8c640 4072df32a39dc8b0 406a7f87fd587204 4048528014d68588	ooooooooooooooooooooooooooooooooooooooooooioooooooooooooooooooioooooooooooooooooooioooooooooooooooooooooooooooooooooooooooooo
plate_3	40de2541b48c0104 40c237e4cef4cbd9 c04c8faaf2a3fb24 c04244430acb75b5 4052d8ec0c69bca6 41551e4d2237e587 4141356a013f0305 4149d01f01de8486 4141356a013f0305 41705c203c493459 41337ac5e22af88c 4149d01f01de8486 41337ac5e22af88c 41715fda8abb714a c058403c367102e9 c04ee371bf680523 4049b21c70800902 c0313dbaf0cbe0eb c026945158bb991a 4058d8c9e09374cb	ooooooooooooooooooooooooooooooooooooooooooioooooooooooooooooooioooooooooooooooooooioooooooooooooooooooooooooooooooooooooooooo
plate_4	40ae2541b48c0104 40a237e4cef4cbd9 4034000000000000 3ff0000000000000 c024000000000000 4100d0f2a1e824c6 0000000000000000 0000000000000000 0000000000000000 412342f969912bd5 0000000000000000 0000000000000000 0000000000000000 411f18affb0ed3fb 0000000000000000 bff8000000000000 c034000000000000 4044000000000000 400c000000000000 0000000000000000	oooooooooooooooooooooooooooooooiiiooiiiooiiiooooooooooooiiiooiiiooiiiooooooooooooiiiooiiiooiiiooooooooooooooooooooooooooooooo
plate_5	40de2541b48c0104 40c237e4cef4cbd9 40c2e5a909897558 c0c31f9c5ac7a0b9 40a9d1bcb70aa181 41551e4d2237e587 4141356a013f0305 4149d01f01de8486 4141356a013f0305 41705c203c493459 41337ac5e22af88c 4149d01f01de8486 41337ac5e22af88c 41715fda8abb714a 40c2d1b83c0f374d c0c32c3b897c3d48 40a9a1bdc86953be 40c2f999d703b362 c0c312fd2c130429 40aa01bba5abef41	ooooooooooooooooooooooooooooooooooooooooooioooooooooooooooooooioooooooooooooooooooioooooooooooooooooooooooooooooooooooooooooo
mixed_0	40be2256175aab1f 40a7a90fdaa22169 4033f49b02d5bc76 4024000000000000 4000000000000000 41142dd738bd38f5 0000000000000000 0000000000000000 0000000000000000 4130d0d026dcd563 0000000000000000 0000000000000000 0000000000000000 4133e609af86e727 0000000000000000 0000000000000000 c008000000000000 4044000000000000 4034000000000000 401c000000000000	oooooooooooooooooooooooooooooooiiiooiiiooiiiooooooooooooiiiooiiiooiiiooooooooooooiiiooiiiooiiiooooooooooooooooooooooooooooooo
mixed_1	3faf9911617ab66c 3ff361f1f43b16de 3fd98b03daab2eac 3fc999999999999a 3fa47ae147ae147c 3f51556c62ae3fcf 37f1111111111111 0000000000000000 37f1111111111111 3f6ce39cd209b99a 0000000000000000 0000000000000000 0000000000000000 3f7117bec42b9639 0000000000000000 0000000000000000 bfaeb851eb851eb8 3fe999999999999a 3fd999999999999a 3fc1eb851eb851ec	oooooooooooooooooooooooooooooooiiiooiiiooiiiooooooooooooiiiooiiiooiiiooooooooooooiiiooiiiooiiiooooooooooooooooooooooooooooooo
mixed_2	41143000aca53da3 40e21d7023642194 405037566239c410 c0197b623aab5933 c04e1b462e239a71 41a90db65adbf022 41916a009e8ed225 419a1f00edd63b38 41916a009e8ed225 41c1e354d29f0c3e 417ea21a40411de8 419a1f00edd63b38 417ea21a40411de8 41c2af8d81a0be5a c01c76c75c35e0cc c04b9f9d13525eef c05b509e964b0a0f 406124a8226ba38f 40453adaf789e0f6 c02678b60d767118	oooooooooooooooooooooooooooooooooooooiioooioooooooooooooooooooioooooooooooooooooooioooiiooooooooooooooooooooooooooooooooooooo
mixed_3	40be2256175aab1f 40a7a90fdaa22169 405118b9e9c24b96 4038ceeda2897255 c031fc270da1422e 41186c4a9db1adca 4100f9cd93d1d355 410976b45dbabcff 4100f9cd93d1d355 413170140e120cf2 40eddcbb59fa6ac0 410976b45dbabcff 40eddcbb59fa6ac0 41323728ef149263 4047e9047caaccd3 4025afeca5166056 c03fff8f9f073e91 4056426f05ef4c75 4043614207cdaa57 c00fee7e84eeac12	oooooooooooooooooooooooooooooooooooooiioooioooooooooooooooooooioooooooooooooooooooioooiiooooooooooooooooooooooooooooooooooooo
mixed_4	408e2256175aab1f 4087a90fdaa22169 4023f49b02d5bc76 3ff0000000000000 c014000000000000 40c42dd738bd38f5 0000000000000000 0000000000000000 0000000000000000 40e3e609af86e727 0000000000000000 0000000000000000 0000000000000000 40e0d0d026dcd563 0000000000000000 bff8000000000000 c024000000000000 4034000000000000 400c000000000000 0000000000000000	oooooooooooooooooooooooooooooooiiiooiiiooiiiooooooooooooiiiooiiiooiiiooooooooooooiiiooiiiooiiiooooooooooooooooooooooooooooooo
mixed_5	40be2256175aab1f 40a7a90fdaa22169 40c2dc00ab661117 c0c3224903c4a930 40a9e5bef731e867 41186c4a9db1adca 4100f9cd93d1d355 410976b45dbabcff 4100f9cd93d1d355 413170140e120cf2 40eddcbb59fa6ac0 410976b45dbabcff 40eddcbb59fa6ac0 41323728ef149263 40c2d1b83c0f374d c0c329447f6ca851 40a9c9b8260f1c70 40c2e654159e6b19 c0c31b4f388e203e 40aa01bba5abef41	oooooooooooooooooooooooooooooooooooooiioooioooooooooooooooooooioooooooooooooooooooioooiiooooooooooooooooooooooooooooooooooooo
round_square_hole_0	40a74b2f704a940a 4095a28c59d5433b 0000000000000000 0000000000000000 4000000000000000 40f930516a4daf8a 0000000000000000 0000000000000000 0000000000000000 40f930516a4daf8a 0000000000000000 0000000000000000 0000000000000000 41031f67ba64ee52 c024000000000000 c024000000000000 c008000000000000 4024000000000000 4024000000000000 401c000000000000	ooooooooooooooooooooooooooooooooooooiiioooooooooooooooooiiioooooooiiioooooooooooooooooiiioooooooooooooooooooooooooooooooooooo
round_square_hole_1	3f986cda5dfd3b34 3fe1b92dc0c8eb4d 0000000000000000 0000000000000000 3fa47ae147ae147c 3f35a310215e5008 3b3bf647612f3697 0000000000000000 3b3bf647612f3697 3f35a310215e5008 0000000000000000 0000000000000000 0000000000000000 3f406d1efc402eec bfc999999999999a bfc999999999999a bfaeb851eb851eb8 3fc999999999999a 3fc999999999999a 3fc1eb851eb851ec	ooooooooooooooooooooooooooooooooooooiiioooooooooooooooooiiioooooooiiioooooooooooooooooiiioooooooooooooooooooooooooooooooooooo
round_square_hole_2	40ff35bc8f73ec59 40d0907374c74779 c05508260704b632 c055c7e98317e8e4 405603c80c8f248b 418acbb69ca8f644 414e9d3b0815a8c2 4156f5ec46103e92 414e9d3b0815a8c2 418daa74256afe16 4166f5ec46103e94 4156f5ec46103e92 4166f5ec46103e92 41913982af57303a c05ea1ffc80268ba c05f83b90df23a83 404a8e41583dec5a c046dc988c0e0755 c0481833f07b2e88 405ec06f6cff52ea	oooooooooooooooooooooooooooooooooooooioooooooooooooooooooioooooooooioooooooooooooooooooiooooooooooooooooooooooooooooooooooooo
round_square_hole_3	40a74b2f704a940a 4095a28c59d5433b c05231311d9fa129 40272c387e638dad 404146d6de25d68a 40fa1f11467b2079 40bdd7fb85ae1df6 40c661fca4429676 40bdd7fb85ae1df6 40fceb50db03734a 40d661fca4429678 40c661fca4429676 40d661fca4429678 4100ca8813f353fb c054ef6f54c38b06 3fdd94e8205a6360 40389180bbcb7815 c04ee5e5ccf76e97 4036b5e4dde22420 404644ed5e65f10a	oooooooooooooooooooooooooooooooooooooioooooooooooooooooooioooooooooioooooooooooooooooooiooooooooooooooooooooooooooooooooooooo
round_square_hole_4	40774b2f704a940a 4075a28c59d5433b 0000000000000000 3ff0000000000000 0000000000000000 40a930516a4daf8a 0000000000000000 0000000000000000 0000000000000000 40b31f67ba64ee52 0000000000000000 0000000000000000 0000000000000000 40a930516a4daf8a c014000000000000 bff8000000000000 c014000000000000 4014000000000000 400c000000000000 4014000000000000	ooooooooooooooooooooooooooooooooiooooiooooioooooooooooooioiooioiooioioooooooooooooiooooiooooioooooooooooooooooooooooooooooooo
round_square_hole_5	40a74b2f704a940a 4095a28c59d5433b 40c2d26348242d0f c0c324f75d3327d6 40a9f9b714b06a30 40fa1f11467b2079 40bdd7fb85ae1df6 40c661fca4429676 40bdd7fb85ae1df6 40fceb50db03734a 40d661fca4429678 40c661fca4429676 40d661fca4429678 4100ca8813f353fb 40c2cce6cbb5e53b c0c32a8741828005 40a9e5bebaaf69c6 40c2d7dfc49274e2 c0c31f6778e3cfa7 40aa0daf6eb16a9a	oooooooooooooooooooooooooooooooooooooioooooooooooooooooooioooooooooioooooooooooooooooooiooooooooooooooooooooooooooooooooooooo
collinear_0	405e000000000000 4064800000000000 4000000000000000 3ff8000000000000 4000000000000000 4091080000000000 0000000000000000 0000000000000000 0000000000000000 4092200000000000 0000000000000000 0000000000000000 0000000000000000 406f400000000000 0000000000000000 0000000000000000 c008000000000000 4010000000000000 4008000000000000 401c000000000000	oooooooooooooooooooooooooooooooiiiooiiiooiiiooooooooooooiiiooiiiooiiiooooooooooooiiiooiiiooiiiooooooooooooooooooooooooooooooo
collinear_1	3f4f75104d551d68 3fb0cb295e9e1b09 3fa47ae147ae147a 3f9eb851eb851eb7 3fa47ae147ae147c 3ecd426c47622576 3b12839042d8c29a 0000000000000000 3b12839042d8c29a 3ecf237594c664ee 0000000000000000 0000000000000000 0000000000000000 3eaad7f29abcaf48 0000000000000000 0000000000000000 bfaeb851eb851eb8 3fb47ae147ae147b 3faeb851eb851eb8 3fc1eb851eb851ec	oooooooooooooooooooooooooooooooiiiooiiiooiiiooooooooooooiiiooiiiooiiiooooooooooooiiiooiiiooiiiooooooooooooooooooooooooooooooo
collinear_2	40b4190000000000 409f640000000000 c04d8351f2b7fd00 c035c8c2825df75c c04fb01652020657 4120825ea0000000 c0eec64800000000 c0f714b600000001 c0eec64800000000 411ccd4362762763 c10926fad89d89d8 c0f714b600000001 c10926fad89d89d8 4112525add89d89d c0519cb23d4d30fc c04245ae108be99d c054780b670fa352 c047cd3f6ad59808 c01c18a38e906df8 c0467015d5e4c60a	ooooooooooooooooooooooooooooooooooooooooooooooooooooooooioooooioooooioooooooooooooooooooooooooooooooooooooooooooooooooooooooo
collinear_3	405e000000000000 4064800000000000 4051edd87ad3ce7b 403a9c95716f76b9 4047e21fe5bc3f1e 4090180000000000 c05e000000000000 c066800000000000 c05e000000000000 408c13b13b13b13c c07884ec4ec4ec4e c066800000000001 c07884ec4ec4ec4e 4081dc4ec4ec4ec5 40511cfa676a5258 403664fbd65eeec2 40453d8d79219a76 4052beb68e3d4a9e 403ed42f0c7ffeae 404a86b25256e3c7	ooooooooooooooooooooooooooooooooooooooooooooooooooooooooioooooioooooioooooooooooooooooooooooooooooooooooooooooooooooooooooooo
collinear_4	402e000000000000 4044800000000000 3ff0000000000000 3ff0000000000000 bfe8000000000000 4041080000000000 0000000000000000 0000000000000000 0000000000000000 401f400000000000 0000000000000000 0000000000000000 0000000000000000 4042200000000000 0000000000000000 bff8000000000000 bff8000000000000 4000000000000000 400c000000000000 0000000000000000	oooooooooooooooooooooooooooooooiiiooiiiooiiiooooooooooooiiiooiiiooiiiooooooooooooiiiooiiiooiiiooooooooooooooooooooooooooooooo
collinear_5	405e000000000000 4064800000000000 40c2d359f8360a45 c0c3247d8ff78061 40a9f7295bf984ae 4090180000000000 c05e000000000000 c066800000000000 c05e000000000000 408c13b13b13b13c c07884ec4ec4ec4e c066800000000001 c07884ec4ec4ec4e 4081dc4ec4ec4ec5 40c2d1b83c0f374d c0c326995cc508a5 40a9ec9712471a1c 40c2d4fbb45cdd3d c0c32261c329f81d 40aa01bba5abef41	ooooooooooooooooooooooooooooooooooooooooooooooooooooooooioooooioooooioooooooooooooooooooooooooooooooooooooooooooooooooooooooo
concave_hole_0	409f6256175aab1f 4093c231d5f66596 401cba6b7149360a 401c2a4616eeada3 4000000000000000 40f430d8677d5696 40e09358de83bd0b 0000000000000000 40e09358de83bd0b 40f43e91f5f7b553 0000000000000000 0000000000000000 0000000000000000 41002191f9056258 0000000000000000 0000000000000000 c008000000000000 4034000000000000 4034000000000000 401c000000000000	oooooooooooooooooooooooooooooooiiiooiiiooiiiooooooooooooiiiooooooooooooooooooooooiiiooooooooooooooooooooooooooooooooooooooooo
concave_hole_1	3f90744e5d04767d 3fe02fac4e9ccad3 3fc262d41f8b03de 3fc2069341e06f21 3fa47ae147ae147c 3f3158011bba3355 3f1c7a03cf8f4f20 0000000000000000 3f1c7a03cf8f4f20 3f3163cb3afc152f 0000000000000000 0000000000000000 0000000000000000 3f3bb68c2f064c92 0000000000000000 0000000000000000 bfaeb851eb851eb8 3fd999999999999a 3fd999999999999a 3fc1eb851eb851ec	oooooooooooooooooooooooooooooooiiiooiiiooiiiooooooooooooiiiooooooooooooooooooooooiiiooooooooooooooooooooooooooooooooooooooooo
concave_hole_2	40f50660aca53da3 40ce415c4fa14b8d c0475bfeb9071e83 401217d98ba214a1 c05aa78b4170249f 418598ba6ac647ea 41712bd2940204d0 c14e40f190ded9f8 41712bd2940204d0 418630d788cef405 4161a18964d2d1b8 c14e40f190ded9f8 4161a18964d2d1b6 418ec97880800574 c052e796b05dcb78 c03ffcba2a17a6d6 c0621c68d2f09c65 3ff30734676665c0 404babc95a8bbb36 c05254e510d62bad	oooooooooooooooooooooooooooooooooooooiooooiooooooooooooooiooooooooooooooooooooooooioooooooooooooooooooooooooooooooooooooooooo
concave_hole_3	409f6256175aab1f 4093c231d5f66596 40503662a102606f 4044022ee49b750c c03b254ac2930214 40f50d94a83e4c29 40e0bd3029ae874a c0bd7e04aa0af968 40e0bd3029ae874a 40f5a1ddb3808e56 40d12ff08afc36c0 c0bd7e04aa0af964 40d12ff08afc36c2 40fe031bf3c0f618 404c4bdc7fd130bf 403d95e23336dd88 c0430a3b518a1ed9 4053a26aae306c1a 404b44b2f059053b c031a243af99e592	oooooooooooooooooooooooooooooooooooooiooooiooooooooooooooiooooooooooooooooooooooooioooooooooooooooooooooooooooooooooooooooooo
concave_hole_4	406f6256175aab1f 4073c231d5f66596 400cba6b7149360a 3ff0000000000000 c00c2a4616eeada3 40a430d8677d5696 0000000000000000 c0909358de83bd0b 0000000000000000 40b02191f9056258 0000000000000000 c0909358de83bd0b 0000000000000000 40a43e91f5f7b553 0000000000000000 bff8000000000000 c024000000000000 4024000000000000 400c000000000000 0000000000000000	oooooooooooooooooooooooooooooooiiiooiiiooiiiooooooooooooooiooooiooooiooooooooooooooiooooiooooiooooooooooooooooooooooooooooooo
concave_hole_5	409f6256175aab1f 4093c231d5f66596 40c2d5d924d16ade c0c32291bc99ddce 40a9eeb59785fd08 40f50d94a83e4c27 40e0bd3029ae874b c0bd7e04aa0af960 40e0bd3029ae874a 40f5a1ddb3808e58 40d12ff08afc36ba c0bd7e04aa0af964 40d12ff08afc36ba 40fe031bf3c0f619 40c2d1b83c0f374d c0c327c8fa64ddd5 40a9d8d73fc4fa92 40c2dcb134ebc6f4 c0c31b4f388e203e 40aa01bba5abef41	oooooooooooooooooooooooooooooooooooooiooooiooooooooooooooiooooooooooooooooooooooooioooooooooooooooooooooooooooooooooooooooooo
