tp_normal_two done 2 0
L closed 0 6.2831853071795862
p 2.4330127018922192 0 0.25
p 2.2478106376182061 0.93107365174797541 0.25
p 1.7203997802209923 1.720399780220992 0.25
p 0.93107365174797552 2.2478106376182061 0.25
p 1.4897906088285798e-16 2.4330127018922192 0.25
p -0.93107365174797529 2.2478106376182061 0.25
p -1.720399780220992 1.7203997802209923 0.25
p -2.2478106376182061 0.93107365174797563 0.25
p -2.4330127018922192 2.9795812176571595e-16 0.25
p -2.2478106376182065 -0.93107365174797518 0.25
p -1.7203997802209925 -1.720399780220992 0.25
p -0.93107365174797674 -2.2478106376182057 0.25
p -4.469371826485739e-16 -2.4330127018922192 0.25
p 0.93107365174797596 -2.2478106376182057 0.25
p 1.7203997802209918 -1.7203997802209925 0.25
p 2.2478106376182057 -0.93107365174797685 0.25
p 2.4330127018922192 -5.959162435314319e-16 0.25
L closed 0 6.2831853071795862
p 1.5669872981077808 0 0.25
p 1.4477074924269409 0.59966007771238372 0.25
p 1.108027344525198 1.1080273445251978 0.25
p 0.59966007771238383 1.4477074924269409 0.25
p 9.5950298946612654e-17 1.5669872981077808 0.25
p -0.59966007771238361 1.4477074924269409 0.25
p -1.1080273445251978 1.108027344525198 0.25
p -1.4477074924269409 0.59966007771238394 0.25
p -1.5669872981077808 1.9190059789322531e-16 0.25
p -1.4477074924269411 -0.5996600777123835 0.25
p -1.1080273445251982 -1.1080273445251978 0.25
p -0.59966007771238461 -1.4477074924269404 0.25
p -2.8785089683983797e-16 -1.5669872981077808 0.25
p 0.59966007771238405 -1.4477074924269406 0.25
p 1.1080273445251976 -1.1080273445251982 0.25
p 1.4477074924269404 -0.59966007771238472 0.25
p 1.5669872981077808 -3.8380119578645062e-16 0.25
tp_normal_tangent done 1 0
L closed 0 6.2831853071795862
p 2 0 0.5
p 1.8477590650225735 0.76536686473017956 0.5
p 1.4142135623730951 1.4142135623730949 0.5
p 0.76536686473017967 1.8477590650225735 0.5
p 1.2246467991473532e-16 2 0.5
p -0.76536686473017945 1.8477590650225735 0.5
p -1.4142135623730949 1.4142135623730951 0.5
p -1.8477590650225735 0.76536686473017979 0.5
p -2 2.4492935982947064e-16 0.5
p -1.8477590650225737 -0.76536686473017934 0.5
p -1.4142135623730954 -1.4142135623730949 0.5
p -0.76536686473018067 -1.847759065022573 0.5
p -3.6739403974420594e-16 -2 0.5
p 0.76536686473018001 -1.8477590650225733 0.5
p 1.4142135623730947 -1.4142135623730954 0.5
p 1.847759065022573 -0.76536686473018078 0.5
p 2 -4.8985871965894128e-16 0.5
tp_normal_miss done 0 0
tp_axis done 2 0
L closed 4.7123889803846897 10.995574287564276
p 0 2.5 -9.1848509936051484e-17
p 0 2.4619397662556435 0.191341716182545
p 0 2.353553390593274 0.35355339059327368
p 0 2.1913417161825453 0.46193976625564326
p 0 2 0.5
p 0 1.808658283817455 0.46193976625564337
p 0 1.6464466094067263 0.35355339059327384
p 0 1.5380602337443567 0.19134171618254522
p 0 1.5 1.5308084989341916e-16
p 0 1.5380602337443565 -0.19134171618254495
p 0 1.6464466094067258 -0.35355339059327334
p 0 1.8086582838174547 -0.4619397662556432
p 0 1.9999999999999998 -0.5
p 0 2.1913417161825448 -0.46193976625564337
p 0 2.353553390593274 -0.35355339059327356
p 0 2.461939766255643 -0.19134171618254528
p 0 2.5 -2.1431318985078681e-16
L closed 1.5707963267948966 7.8539816339744828
p 0 -2.5 3.061616997868383e-17
p 0 -2.4619397662556435 -0.19134171618254486
p 0 -2.353553390593274 -0.35355339059327373
p 0 -2.1913417161825448 -0.46193976625564337
p 0 -2 -0.5
p 0 -1.8086582838174552 -0.46193976625564342
p 0 -1.6464466094067263 -0.35355339059327384
p 0 -1.5380602337443567 -0.19134171618254517
p 0 -1.5 -9.1848509936051484e-17
p 0 -1.5380602337443567 0.191341716182545
p 0 -1.646446609406726 0.35355339059327368
p 0 -1.8086582838174547 0.46193976625564326
p 0 -1.9999999999999998 0.5
p 0 -2.1913417161825448 0.46193976625564337
p 0 -2.3535533905932735 0.35355339059327384
p 0 -2.461939766255643 0.19134171618254522
p 0 -2.5 1.5308084989341916e-16
tp_axis_offset done 2 0
L closed 0 6.2831853071795862
p -1.7677669529663689 1.7677669529663689 0
p -1.7408543035921893 1.7408543035921893 0.19134171618254489
p -1.6642135623730951 1.6642135623730951 0.35355339059327373
p -1.5495125874096445 1.5495125874096445 0.46193976625564337
p -1.4142135623730951 1.4142135623730951 0.5
p -1.2789145373365458 1.2789145373365458 0.46193976625564337
p -1.1642135623730951 1.1642135623730951 0.35355339059327379
p -1.087572821154001 1.087572821154001 0.19134171618254495
p -1.0606601717798214 1.0606601717798214 6.123233995736766e-17
p -1.087572821154001 1.087572821154001 -0.19134171618254484
p -1.1642135623730951 1.1642135623730951 -0.35355339059327373
p -1.2789145373365458 1.2789145373365458 -0.46193976625564326
p -1.4142135623730951 1.4142135623730951 -0.5
p -1.5495125874096445 1.5495125874096445 -0.46193976625564331
p -1.6642135623730951 1.6642135623730951 -0.35355339059327384
p -1.7408543035921893 1.7408543035921893 -0.1913417161825452
p -1.7677669529663689 1.7677669529663689 -1.2246467991473532e-16
L closed 3.1415926535897931 9.4247779607693793
p 1.7677669529663689 -1.7677669529663689 6.123233995736766e-17
p 1.7408543035921893 -1.7408543035921893 -0.19134171618254484
p 1.6642135623730951 -1.6642135623730951 -0.35355339059327373
p 1.5495125874096445 -1.5495125874096445 -0.46193976625564326
p 1.4142135623730951 -1.4142135623730951 -0.5
p 1.2789145373365458 -1.2789145373365458 -0.46193976625564331
p 1.1642135623730951 -1.1642135623730951 -0.35355339059327384
p 1.087572821154001 -1.087572821154001 -0.1913417161825452
p 1.0606601717798214 -1.0606601717798214 -1.2246467991473532e-16
p 1.087572821154001 -1.087572821154001 0.19134171618254497
p 1.1642135623730951 -1.1642135623730951 0.35355339059327368
p 1.2789145373365456 -1.2789145373365456 0.46193976625564326
p 1.4142135623730951 -1.4142135623730951 0.5
p 1.5495125874096445 -1.5495125874096445 0.46193976625564337
p 1.6642135623730949 -1.6642135623730949 0.35355339059327417
p 1.7408543035921893 -1.7408543035921893 0.19134171618254525
p 1.7677669529663689 -1.7677669529663689 1.8369701987210297e-16
tp_side_loop done 4 0
L open 0 1
p 2.25 1.0897247358851685 0
p 2.25 1.075761751743034 0.077575767305311197
p 2.25 1.038071523046215 0.14694052271948166
p 2.25 0.98457864348089275 0.20511361951999296
p 2.25 0.92148518181914085 0.25279763468535998
p 2.25 0.85257478316523971 0.29167029693034613
p 2.25 0.78008633862142818 0.32332497605768229
p 2.25 0.70527626747221417 0.34910437838832054
p 2.25 0.62895813372689224 0.37004383153273596
p 2.25 0.55167441858288069 0.38695719206459639
p 2.25 0.47372078481557839 0.40050276321919642
p 2.25 0.39524100564145581 0.41120283275401076
p 2.25 0.31646150212681484 0.41944783888102649
p 2.25 0.23748404476190024 0.42555214223388554
p 2.25 0.15838212040019542 0.42975022099363402
p 2.25 0.079209361954197963 0.43220496080803866
p 2.25 0 0.43301270189221924
L open 0 1
p 2.25 -1.0897247358851698 0
p 2.25 -1.0757617517430877 0.077575767305162247
p 2.25 -1.0380715230463982 0.14694052271923189
p 2.25 -0.98457864348122404 0.20511361951969714
p 2.25 -0.92148518181960037 0.25279763468506239
p 2.25 -0.8525747831658107 0.29167029693006313
p 2.25 -0.7800863386220187 0.32332497605745547
p 2.25 -0.70527626747282079 0.34910437838813391
p 2.25 -0.62895813372751208 0.37004383153258447
p 2.25 -0.55167441858350452 0.38695719206447432
p 2.25 -0.47372078481622731 0.40050276321909628
p 2.25 -0.3952410056420112 0.41120283275394554
p 2.25 -0.31646150212726581 0.41944783888098591
p 2.25 -0.23748404476223284 0.4255521422338634
p 2.25 -0.15838212040042093 0.42975022099362514
p 2.25 -0.079209361954312343 0.43220496080803672
p 2.25 0 0.43301270189221924
L open 0 1
p 2.25 0 -0.4330127018922193
p 2.25 -0.079224701934443587 -0.43220463555164068
p 2.25 -0.15836026860543531 -0.42975114438595502
p 2.25 -0.23742185068938754 -0.425556168499865
p 2.25 -0.31638080782289191 -0.41945511758220666
p 2.25 -0.39516385320526881 -0.41121205816005124
p 2.25 -0.47365158663629048 -0.40051343809015338
p 2.25 -0.55167628986029804 -0.38695678308251968
p 2.25 -0.62901816478737116 -0.37002919755507946
p 2.25 -0.70538950482977125 -0.34906962560168148
p 2.25 -0.78014218528288626 -0.3233034171349693
p 2.25 -0.85260792446462785 -0.29165393422462649
p 2.25 -0.92148738315441814 -0.25279619377407403
p 2.25 -0.98452282596467167 -0.20516335840353925
p 2.25 -1.0380405259769816 -0.14698274328352767
p 2.25 -1.0757526765306946 -0.077600687597521617
p 2.25 -1.0897247358851698 0
L open 0 1
p 2.25 1.0897247358851692 0
p 2.25 1.0757617517430735 -0.077575767305204518
p 2.25 1.038071523046356 -0.1469405227192897
p 2.25 0.98457864348116342 -0.20511361951975082
p 2.25 0.92148518181949923 -0.25279763468512795
p 2.25 0.85257478316567192 -0.29167029693013269
p 2.25 0.78008633862187648 -0.32332497605750948
p 2.25 0.70527626747267935 -0.34910437838817798
p 2.25 0.62895813372737175 -0.37004383153261866
p 2.25 0.55167441858335797 -0.38695719206450319
p 2.25 0.47372078481608154 -0.40050276321911893
p 2.25 0.3952410056418878 -0.41120283275395991
p 2.25 0.31646150212716195 -0.41944783888099557
p 2.25 0.23748404476215962 -0.42555214223386822
p 2.25 0.1583821204003702 -0.42975022099362681
p 2.25 0.079209361954285323 -0.43220496080803716
p 2.25 0 -0.43301270189221924
tp_side_node done 4 0
L open 0 1
p 1.5 2 0
p 1.5 1.9731773760164075 0.1447329621576863
p 1.5 1.8986255239447667 0.27181107743660982
p 1.5 1.7895893078532581 0.37110227619712011
p 1.5 1.6592526732367605 0.44038862439957011
p 1.5 1.5175021129976725 0.48178391719269448
p 1.5 1.3708275965661314 0.49897267967007658
p 1.5 1.223113878363566 0.49581714761064111
p 1.4999999999999998 1.0767157713453983 0.47583332149125962
p 1.5 0.93281400976062767 0.442071796028283
p 1.5 0.79198612962674531 0.39715487354688783
p 1.5 0.65429954887740149 0.34331084990175958
p 1.5 0.51956813630671106 0.28247199454278038
p 1.5 0.38734957569791617 0.21629818448846352
p 1.5 0.25709032053079384 0.14626669060250544
p 1.5 0.12819798803208121 0.073745318712031646
p 1.5 0 0
L open 0 1
p 1.5 -2.0000000000000004 0
p 1.5 -1.9731773760164224 0.14473296215764564
p 1.5 -1.8986255239448333 0.27181107743652999
p 1.5 -1.7895893078534668 0.37110227619697456
p 1.5 -1.6592526732371886 0.44038862439939874
p 1.5 -1.5175021129983857 0.48178391719255553
p 1.5 -1.3708275965671806 0.49897267967003139
p 1.4999999999999998 -1.2231138783649247 0.49581714761075157
p 1.4999999999999987 -1.0767157713470816 0.47583332149157659
p 1.5 -0.93281400976202444 0.44207179602867031
p 1.5 -0.79198612962786985 0.39715487354729118
p 1.5 -0.65429954887821018 0.34331084990210003
p 1.5 -0.51956813630725951 0.28247199454304378
p 1.4999999999999998 -0.38734957569821282 0.2162981844886176
p 1.5 -0.25709032053100456 0.14626669060262179
p 1.5 -0.12819798803220647 0.073745318712103922
p 1.5 0 0
L open 0 1
p 1.5 -2.0000000000000004 0
p 1.5 -1.9731773760164706 -0.14473296215751946
p 1.5 -1.8986255239449865 -0.27181107743634403
p 1.5 -1.7895893078537204 -0.37110227619679942
p 1.5 -1.6592526732375337 -0.44038862439926063
p 1.5 -1.5175021129988076 -0.48178391719247382
p 1.5 -1.3708275965676524 -0.4989726796700108
p 1.5 -1.2231138783654385 -0.49581714761079354
p 1.5 -1.0767157713476445 -0.47583332149168289
p 1.5 -0.93281400976253748 -0.4420717960288168
p 1.5 -0.79198612962834525 -0.39715487354745688
p 1.5 -0.65429954887863451 -0.34331084990228367
p 1.5 -0.5195681363076502 -0.28247199454322663
p 1.5 -0.38734957569855399 -0.21629818448879565
p 1.5 -0.25709032053120384 -0.14626669060273206
p 1.5 -0.1281979880322747 -0.07374531871214246
p 1.5 0 0
L open 0 1
p 1.5 2 0
p 1.5 1.9731773760164146 -0.14473296215766662
p 1.5 1.8986255239447989 -0.27181107743657051
p 1.5 1.7895893078533558 -0.37110227619705205
p 1.5 1.6592526732369488 -0.44038862439949394
p 1.5 1.5175021129980173 -0.4817839171926287
p 1.5 1.3708275965666759 -0.49897267967005288
p 1.5 1.2231138783643101 -0.49581714761070128
p 1.5 1.0767157713463418 -0.47583332149143759
p 1.5 0.93281400976141238 -0.44207179602850166
p 1.5 0.7919861296273818 -0.39715487354711471
p 1.5 0.65429954887785824 -0.34331084990195321
p 1.5 0.5195681363070298 -0.28247199454293148
p 1.5 0.38734957569809214 -0.21629818448855465
p 1.5 0.25709032053090963 -0.14626669060256914
p 1.5 0.12819798803213772 -0.073745318712065661
p 1.5 0 0
tp_side_two_loops done 2 0
L closed 0 1
p 1 2.2912878474779199 0
p 1 2.2428279429444955 0.20584435140920271
p 1 2.1103136149946824 0.37094877715254182
p 1 1.9233598531648539 0.47100588247970554
p 1 1.712992069454073 0.49972828471172964
p 1 1.5041048716880594 0.46091070513431676
p 1 1.316903768216837 0.3605191526988834
p 1 1.1751395061195733 0.2029328900065237
p 1 1.1180339887789368 -1.0897832865733141e-06
p 1 1.1751406171324774 -0.20293479529747172
p 1 1.3169052695972021 -0.36052030173468663
p 1 1.5041063564769461 -0.46091122503769733
p 1 1.7129933254104279 -0.49972832051836891
p 1 1.9233607539991611 -0.47100559775569661
p 1 2.110314104680699 -0.37094837722101887
p 1 2.2428280851992421 -0.20584406381621767
p 1 2.2912878474779204 0
L closed 0 1
p 1 -2.2912878474779204 0
p 1 -2.2428279429443641 0.20584435140946525
p 1 -2.1103136149943902 0.37094877715278152
p 1 -1.923359853164424 0.47100588247984221
p 1 -1.7129920694535492 0.49972828471171571
p 1 -1.5041048716875194 0.46091070513412802
p 1 -1.3169037682163167 0.36051915269848472
p 1 -1.1751395061192493 0.20293289000596842
p 1 -1.1180339887789372 -1.0897839034822903e-06
p 1 -1.1751406171328225 -0.20293479529806438
p 1 -1.3169052695977042 -0.36052030173507082
p 1 -1.50410635647741 -0.46091122503785997
p 1 -1.7129933254108458 -0.49972832051838018
p 1 -1.9233607539994435 -0.47100559775560724
p 1 -2.1103141046807941 -0.37094837722094054
p 1 -2.2428280851992111 -0.2058440638162779
p 1 -2.2912878474779204 0
tp_side_tangent done 0 0
tp_side_miss done 0 0
tp_near_side_tangent done 4 0
L open 0 1
p 2.4999990463256836 0.0021836599260270698 0
p 2.4999990463256836 0.0021563518669202694 0.00015628095012406191
p 2.4999990463256836 0.0020842704213740017 0.00029285863658415063
p 2.4999990463256836 0.0019799725120385383 0.00041208052661175165
p 2.4999990463256836 0.0018534364206186915 0.00051569644493930041
p 2.4999990463256836 0.0017124669221720689 0.00060508500572490655
p 2.4999990463256836 0.001563040191961546 0.00068143315780418493
p 2.4999990463256836 0.0014095884848619698 0.00074586884326919504
p 2.4999990463256836 0.0012552245873210857 0.00079954676937448507
p 2.4999990463256836 0.0011019060418746927 0.00084368729377024628
p 2.4999990463256836 0.00095053914421602283 0.00087956842306257223
p 2.4999990463256836 0.00080102271281934812 0.00090847092470082609
p 2.4999990463256836 0.00065223163111781141 0.00093157655219211521
p 2.4999990463256836 0.00050194016223548523 0.00094981938364287265
p 2.4999990463256836 0.00034668503627365683 0.0009636902736275463
p 2.4999990463256836 0.00018156831015133773 0.00097299441838439389
p 2.4999990463256836 0 0.000976562034338387
L open 0 1
p 2.4999990463256836 -0.002183659926027834 0
p 2.4999990463256836 -0.0021563518669209802 0.00015628095012344781
p 2.4999990463256836 -0.0020842704213746735 0.00029285863658377452
p 2.4999990463256836 -0.0019799725120392669 0.00041208052661189152
p 2.4999990463256836 -0.0018534364206195663 0.00051569644493989228
p 2.4999990463256836 -0.0017124669221731227 0.00060508500572572079
p 2.4999990463256836 -0.0015630401919627351 0.00068143315780495504
p 2.4999990463256836 -0.0014095884848631837 0.00074586884326970082
p 2.4999990463256836 -0.0012552245873221719 0.00079954676937460129
p 2.4999990463256836 -0.0011019060418754928 0.0008436872937699581
p 2.4999990463256836 -0.00095053914421641434 0.00087956842306196594
p 2.4999990463256836 -0.00080102271281927949 0.00090847092470006129
p 2.4999990463256836 -0.0006522316311173297 0.00093157655219138239
p 2.4999990463256836 -0.00050194016223474385 0.00094981938364234453
p 2.4999990463256836 -0.00034668503627289783 0.00096369027362732675
p 2.4999990463256836 -0.00018156831015084257 0.00097299441838447206
p 2.4999990463256836 0 0.00097656203433860167
L open 0 1
p 2.4999990463256836 0 -0.00097656203433850951
p 2.4999990463256836 -0.00016568507992017735 -0.00097373960871531627
p 2.4999990463256836 -0.00033115834681509977 -0.00096525539361255546
p 2.4999990463256836 -0.00049624657591634076 -0.00095100893261608596
p 2.4999990463256836 -0.00066072388186345801 -0.00093079970389260778
p 2.4999990463256836 -0.00082431171870399453 -0.0009043271201896613
p 2.4999990463256836 -0.00098667887989347682 -0.00087119052883562729
p 2.4999990463256836 -0.0011455597931584738 -0.00083150731392139061
p 2.4999990463256836 -0.0012956662221019688 -0.00078650517404662645
p 2.4999990463256836 -0.001440958717665545 -0.00073420962049558784
p 2.4999990463256836 -0.00158379737267135 -0.00067245641091664076
p 2.4999990463256836 -0.0017238612964256142 -0.00059922313783779095
p 2.4999990463256836 -0.0018581486147186536 -0.00051262922866668467
p 2.4999990463256836 -0.0019809764698248693 -0.00041093594569060706
p 2.4999990463256836 -0.0020839810205027435 -0.00029254638607648337
p 2.4999990463256836 -0.0021561174419948473 -0.0001560054818708794
p 2.4999990463256836 -0.002183659926027834 0
L open 0 1
p 2.4999990463256836 0.0021836599260272216 0
p 2.4999990463256836 0.002156351866920436 -0.0001562809501240969
p 2.4999990463256836 0.0020842704213742047 -0.00029285863658425613
p 2.4999990463256836 0.0019799725120387868 -0.00041208052661194079
p 2.4999990463256836 0.0018534364206189841 -0.00051569644493956973
p 2.4999990463256836 0.0017124669221723946 -0.000605085005725242
p 2.4999990463256836 0.0015630401919618864 -0.00068143315780456559
p 2.4999990463256836 0.0014095884848623025 -0.00074586884326959695
p 2.4999990463256836 0.001255224587321388 -0.00079954676937488524
p 2.4999990463256836 0.0011019060418749442 -0.00084368729377062466
p 2.4999990463256836 0.00095053914421620932 -0.00087956842306291289
p 2.4999990463256836 0.0008010227128194625 -0.00090847092470111948
p 2.4999990463256836 0.00065223163111785727 -0.00093157655219235796
p 2.4999990463256836 0.00050194016223547677 -0.0009498193836430678
p 2.4999990463256836 0.00034668503627361817 -0.00096369027362770265
p 2.4999990463256836 0.00018156831015130056 -0.00097299441838452508
p 2.4999990463256836 0 -0.00097656203433850951
tp_near_node_outside done 4 0
L open 0 1
p 1.5000009536743164 1.9999992847439074 0
p 1.5000009536743164 1.9731214862948985 0.14487810059826606
p 1.5000009536743164 1.8984271018420327 0.27205039647646279
p 1.5000009536743164 1.7892056893378983 0.37136696991812368
p 1.5000009536743164 1.6586752983966351 0.44061826221038586
p 1.5000009536743164 1.5167407269959996 0.4819336916646072
p 1.5000009536743164 1.3698971611034487 0.49901253085879627
p 1.5000009536743164 1.2220313348676008 0.49572773926579733
p 1.5000009536743164 1.0754956154522373 0.4756034432882586
p 1.5000009536743164 0.93146899141662565 0.44169634598804908
p 1.5000009536743164 0.79052476029721175 0.39663310804892582
p 1.5000009536743164 0.6527277188961822 0.34264581354173718
p 1.5000009536743164 0.51788829949510728 0.28166977324360332
p 1.5000009536743164 0.38555990771145848 0.21536707221744766
p 1.5000009536743164 0.25518734809845578 0.1452186032466804
p 1.5000009536743166 0.12617400586686622 0.072595818338199142
p 1.5000009536743164 0 0.0009765620343386703
L open 0 1
p 1.5000009536743164 -1.9999992847439076 0
p 1.5000009536743164 -1.9731214862949555 0.14487810059811174
p 1.5000009536743164 -1.8984271018422432 0.27205039647620771
p 1.5000009536743164 -1.789205689338274 0.37136696991786489
p 1.5000009536743164 -1.6586752983971462 0.44061826221018219
p 1.5000009536743164 -1.5167407269965538 0.48193369166449734
p 1.5000009536743164 -1.3698971611039701 0.49901253085877362
p 1.5000009536743164 -1.2220313348680645 0.49572773926583685
p 1.5000009536743164 -1.0754956154526478 0.47560344328833604
p 1.5000009536743164 -0.93146899141713158 0.4416963459881893
p 1.5000009536743164 -0.79052476029779051 0.39663310804913487
p 1.5000009536743164 -0.6527277188968803 0.34264581354203155
p 1.5000009536743164 -0.51788829949585868 0.28166977324396564
p 1.5000009536743164 -0.38555990771226245 0.21536707221786688
p 1.5000009536743164 -0.25518734809897053 0.14521860324696456
p 1.5000009536743164 -0.12617400586709937 0.072595818338332896
p 1.5000009536743164 0 0.0009765620343386703
L open 0 1
p 1.5000009536743164 0 -0.00097656203433854616
p 1.5000009536743164 -0.094348909548040039 -0.054373415130501125
p 1.5000009536743164 -0.22530196482909262 -0.1286225107255006
p 1.5000009536743164 -0.35749689872804363 -0.20062092844469553
p 1.5000009536743164 -0.49161123556540065 -0.26896776814258544
p 1.5000009536743164 -0.62823741742157535 -0.33212959442461182
p 1.5000009536743164 -0.76779375794889249 -0.38836613092495398
p 1.5000009536743164 -0.91038371140438401 -0.43566509314922391
p 1.5000009536743164 -1.0562322366250463 -0.47183819937998978
p 1.5000009536743164 -1.2048656178319272 -0.49418740779458414
p 1.5000009536743164 -1.3549651244231928 -0.49954310935050633
p 1.5000009536743164 -1.5043398895520799 -0.48427951169160005
p 1.5000009536743164 -1.6492773669668028 -0.4442820202467313
p 1.5000009536743164 -1.7829307300588981 -0.37564319809657826
p 1.5000009536743164 -1.8951748542201017 -0.27594425475168416
p 1.5000009536743164 -1.9722127013082511 -0.14724640806497236
p 1.5000009536743164 -1.9999992847439076 0
L open 0 1
p 1.5000009536743164 1.9999992847439074 0
p 1.5000009536743164 1.9731214862949447 -0.14487810059813799
p 1.5000009536743164 1.8984271018421737 -0.27205039647629237
p 1.5000009536743164 1.789205689338083 -0.37136696991799578
p 1.5000009536743164 1.6586752983968478 -0.44061826221030076
p 1.5000009536743164 1.5167407269961779 -0.48193369166457106
p 1.5000009536743164 1.3698971611035535 -0.49901253085879138
p 1.5000009536743164 1.2220313348676233 -0.49572773926579994
p 1.5000009536743164 1.0754956154521693 -0.47560344328824533
p 1.5000009536743164 0.93146899141657147 -0.4416963459880337
p 1.5000009536743164 0.79052476029717578 -0.39663310804891239
p 1.5000009536743164 0.65272771889615977 -0.34264581354172896
p 1.5000009536743164 0.51788829949510329 -0.28166977324359987
p 1.5000009536743164 0.3855599077114662 -0.21536707221745141
p 1.5000009536743164 0.25518734809846644 -0.14521860324668628
p 1.5000009536743166 0.12617400586687996 -0.07259581833820658
p 1.5000009536743164 0 -0.00097656203433854616
tp_near_node_inside done 2 0
L closed 0 1
p 1.4999990463256836 2.000000715255382 0
p 1.4999990463256836 1.9575940577443436 0.18069878488652885
p 1.4999990463256836 1.8442523414396956 0.32816300457889974
p 1.4999990463256836 1.6872181403863271 0.42854238174089648
p 1.4999990463256836 1.5088590470975642 0.4834459452263849
p 1.4999990463256836 1.3228602598407158 0.50000000866551042
p 1.4999990463256836 1.1365665107346981 0.48586728845648747
p 1.4999990463256836 0.95358277527853497 0.44773886230448773
p 1.4999990463256836 0.77539955819216577 0.391160297961196
p 1.4999990463256834 0.60221366468657422 0.32067046604367105
p 1.4999990463256836 0.43350631432444547 0.2400361913114569
p 1.4999990463256836 0.26823643592937957 0.15240658140138993
p 1.4999990463256836 0.1052399756360885 0.060603163628992124
p 1.4999990463256834 0.16628981947026056 -0.095414425470274136
p 1.4999990463256836 0.81955670816402482 -0.40680138555671425
p 1.4999990463256836 1.5316727203773741 -0.47886549375614362
p 1.4999990463256836 2.000000715255382 0
L closed 0 1
p 1.4999990463256836 -2.0000007152553825 0
p 1.4999990463256836 -1.9575940572357666 0.18069878592806785
p 1.4999990463256836 -1.8442523397106598 0.32816300612087573
p 1.4999990463256836 -1.6872181372164681 0.4285423831648556
p 1.4999990463256836 -1.5088590425468549 0.48344594607814667
p 1.4999990463256836 -1.3228602540519712 0.50000000866542604
p 1.4999990463256836 -1.1365665038629611 0.48586728744826579
p 1.4999990463256836 -0.95358276744951986 0.44773886021673492
p 1.4999990463256836 -0.77539954949384804 0.39116029478095427
p 1.4999990463256836 -0.60221365517170711 0.32067046180271791
p 1.4999990463256836 -0.43350630399930762 0.24003618607319058
p 1.4999990463256836 -0.2682364247693767 0.15240657526309109
p 1.4999990463256836 -0.10523996358129546 0.060603156719555323
p 1.4999990463256836 -0.16628986482971647 -0.095414451179546417
p 1.4999990463256836 -0.81955674101172804 -0.40680139681172955
p 1.4999990463256836 -1.5316727373695169 -0.4788654901097219
p 1.4999990463256836 -2.0000007152553825 0
tp_oblique_rings done 3 0
L open 0 1
p 2.4999999999999956 -8.0497939094916558e-09 1.006224238686457e-09
p 2.4506325270224218 -0.47607057985670087 0.059508822482087609
p 2.3048238377293013 -0.93227036312063571 0.11653379539007946
p 2.0692841491148153 -1.3499102019800451 0.16873877524750563
p 1.7545781886256411 -1.712611815772946 0.21407647697161825
p 1.3743009499971579 -2.0070767143213559 0.25088458929016949
p 0.94404269137753649 -2.2235234218691091 0.27794042773363864
p 0.48035674351874935 -2.3556227307826192 0.2944528413478274
p 5.0203432369274898e-07 -2.3999999999961865 0.29999999999952331
p -0.48035580470452438 -2.3556229059712077 0.29445286324640096
p -0.94404184895116749 -2.223523749735854 0.27794046871698175
p -1.3743002134503763 -2.0070771777707934 0.25088464722134918
p -1.7545775809684794 -1.712612390117366 0.21407654876467075
p -2.0692836762954827 -1.3499108728351907 0.16873885910439884
p -2.3048236012670995 -0.93227090436927573 0.11653386304615947
p -2.4506324645239355 -0.47607087831275668 0.059508859789094586
p -2.5 0 0
L closed 0 1
p 1.5 0 0
p 1.3889009595831063 -0.5803932105706886 0.072549151321336075
p 1.0690221862439857 -1.0784629866134159 0.13480787332667699
p 0.58207154380053572 -1.4176056833372872 0.1772007104171609
p -5.7000665106712411e-07 -1.5384615384599603 0.19230769230749503
p -0.58206853764428068 -1.4176069824919135 0.17720087281148919
p -1.0690208793483214 -1.0784643497023634 0.13480804371279542
p -1.3888997097047706 -0.58039632839861577 0.072549541049826971
p -1.5000000000257494 -6.4349017576327983e-06 8.0436271970409979e-07
p -1.3889044762067873 0.58038435292402246 -0.072548044115502808
p -1.0690298110204652 1.0784550379450999 -0.13480687974313749
p -0.58208037748546948 1.4176018596518301 -0.17720023245647876
p -7.5888183712870738e-06 1.5384615383306672 -0.1923076922913334
p 0.58206258811466527 1.4176095582264043 -0.17720119477830054
p 1.0690175808681337 1.0784677894698109 -0.13480847368372637
p 1.3888997331025397 0.58039629350206734 -0.072549536687758417
p 1.5 0 0
L open 0 1
p 2.4999999999999956 8.0497939815178534e-09 -1.0062242476897317e-09
p 2.4506325270225315 0.47607057985621914 -0.059508822482027393
p 2.3048238377296935 0.9322703631197311 -0.11653379538996639
p 2.0692841491154796 1.3499102019791052 -0.16873877524738815
p 1.7545781886265162 1.7126118157721211 -0.21407647697151513
p 1.3743009499981105 2.0070767143207564 -0.25088458929009455
p 0.94404269137842567 2.2235234218687632 -0.2779404277335954
p 0.48035674351959179 2.3556227307824615 -0.29445284134780769
p 5.0203505182628552e-07 2.3999999999961865 -0.29999999999952331
p -0.48035580470402117 2.3556229059713032 -0.2944528632464129
p -0.94404184895085952 2.223523749735973 -0.27794046871699662
p -1.3743002134501323 2.0070771777709453 -0.25088464722136816
p -1.7545775809683142 1.7126123901175228 -0.21407654876469034
p -2.0692836762954072 1.3499108728352982 -0.16873885910441228
p -2.304823601267072 0.93227090436934024 -0.11653386304616753
p -2.4506324645239292 0.47607087831278955 -0.059508859789098693
p -2.5 0 0
tp_oblique_two_loops done 3 0
L open 0 1
p 2.4999999999999996 -2.2325109813972015e-08 2.2325109813972015e-08
p 2.4913458043514161 -0.084644138148166848 0.084644138148166848
p 2.4654235428029159 -0.16750500247764302 0.16750500247764302
p 2.4223641378734069 -0.24671083736230334 0.24671083736230334
p 2.3624058995504549 -0.32021417361389504 0.32021417361389504
p 2.2859830945540627 -0.38561446096073915 0.38561446096073915
p 2.1938975292471765 -0.43995212096038261 0.43995212096038261
p 2.0877873642402629 -0.47937788346690707 0.47937788346690707
p 1.9712525508865149 -0.49888311094189869 0.49888311094189869
p 1.8519423294789505 -0.49296670416362948 0.49296670416362948
p 1.7424337611595604 -0.45908053199030835 0.45908053199030835
p 1.654329934416134 -0.40180883207531015 0.40180883207531015
p 1.5905527890915723 -0.33008635664644137 0.33008635664644137
p 1.547411774572413 -0.25116719798265685 0.25116719798265685
p 1.5199800544566886 -0.16867553644537886 0.16867553644537886
p 1.5048396348522233 -0.084657953630442914 0.084657953630442914
p 1.5 0 0
L closed 0 1
p -2.5 0 0
p -2.465461296568014 -0.16741600068343937 0.16741600068343937
p -2.362555240960885 -0.32006126352588871 0.32006126352588871
p -2.1942238835780667 -0.4397957979747914 0.4397957979747914
p -1.971775997169666 -0.49884943733451015 0.49884943733451015
p -1.742981695025515 -0.45933690652863063 0.45933690652863063
p -1.5908718162378663 -0.33054788292425991 0.33054788292425991
p -1.5200420544348616 -0.1689237999944449 0.1689237999944449
p -1.4999999999992006 -7.9925388985760057e-08 7.9925388985760057e-08
p -1.5200419860835894 0.16892352727450499 -0.16892352727450499
p -1.5908715091358727 0.33054743933687319 -0.33054743933687319
p -1.7429810978126352 0.45933662694551858 -0.45933662694551858
p -1.9717753193536824 0.49884948113897642 -0.49884948113897642
p -2.1942234760986983 0.43979599335861896 -0.43979599335861896
p -2.3625550711543886 0.3200614374653945 -0.3200614374653945
p -2.4654612537776508 0.16741610151158159 -0.16741610151158159
p -2.5 0 0
L open 0 1
p 2.4999999999999996 2.2325109099168187e-08 -2.2325109099168187e-08
p 2.4913458043514192 0.084644138148158382 -0.084644138148158382
p 2.4654235428029221 0.16750500247762801 -0.16750500247762801
p 2.4223641378734215 0.24671083736228094 -0.24671083736228094
p 2.3624058995504709 0.32021417361387733 -0.32021417361387733
p 2.2859830945540649 0.38561446096073704 -0.38561446096073704
p 2.1938975292471481 0.43995212096039626 -0.43995212096039626
p 2.0877873642401843 0.47937788346692839 -0.47937788346692839
p 1.9712525508863254 0.49888311094191107 -0.49888311094191107
p 1.8519423294787081 0.49296670416358801 -0.49296670416358801
p 1.7424337611593217 0.45908053199019655 -0.45908053199019655
p 1.6543299344159359 0.40180883207513707 -0.40180883207513707
p 1.5905527890914297 0.33008635664623764 -0.33008635664623764
p 1.5474117745723441 0.25116719798249554 -0.25116719798249554
p 1.5199800544566613 0.16867553644526884 -0.16867553644526884
p 1.5048396348522164 0.084657953630387861 -0.084657953630387861
p 1.5 0 0
tp_near_villarceau done 7 0
L open 0 1
p 3.1999999999999948 -5.3578436798318307e-08 4.0183827598738731e-08
p 3.1808838336429539 -0.22068869091773011 0.1655165181882976
p 3.1238621936615107 -0.43726736189076121 0.32795052141807091
p 3.0300501034872287 -0.64543520405412891 0.48407640304059663
p 2.9012720487513022 -0.84120807380337626 0.63090605535253208
p 2.7399732484420412 -1.0208960315135136 0.76567202363513509
p 2.5491858174427509 -1.1811039279877305 0.88582794599079784
p 2.3325373864931405 -1.3187531270773771 0.98906484530803285
p 2.0943075392505435 -1.4311313580981242 1.0733485185735934
p 1.8390542272186174 -1.5161233786240498 1.1370925339680369
p 1.571440799104497 -1.5721642427559326 1.1791231820669497
p 1.2967841116964878 -1.598125442451662 1.1985940818387464
p 1.0203441750704281 -1.5935316923728158 1.1951487692796117
p 0.74733005280248577 -1.5584792512889316 1.1688594384666984
p 0.48289759697439205 -1.4936160799636764 1.1202120599727572
p 0.23213037616467955 -1.4001664995940915 1.0501248746955685
p 1.7407943038059216e-07 -1.2800001044492175 0.96000007833691292
L open 0 1
p -3.2000000000000002 0 0
p -3.1808779804963594 -0.22072235017064012 0.16554176262798009
p -3.1238602748539539 -0.43727273827328977 0.3279545537049674
p -3.0300567423735907 -0.6454231840414042 0.4840673880310532
p -2.9012691182224657 -0.84121184522173298 0.63090888391629951
p -2.739933235454211 -1.020934670297843 0.76570100272338193
p -2.5491130800208919 -1.1811571001231884 0.88586782509239104
p -2.3325444970102969 -1.318749216136178 0.98906191210213368
p -2.0943031378759449 -1.431133124242522 1.0733498431818917
p -1.8389108216879146 -1.5161620924592745 1.1371215693444559
p -1.5713434679833802 -1.5721789279732752 1.1791341959799564
p -1.2966988146122898 -1.5981287734065566 1.1985965800549176
p -1.0201725527100263 -1.5935192927087447 1.1951394695315583
p -0.74704332616813662 -1.5584259236705651 1.1688194427529239
p -0.48266058656063687 -1.4935432588293365 1.1201574441220021
p -0.23208461182973605 -1.4001462321325391 1.0501096740994043
p -1.7423670861660412e-07 -1.2800001044175018 0.96000007831312628
L open 0 1
p 0.80000000000000004 0 0
p 0.79664349698009151 -0.092657471467115865 0.069493103600336906
p 0.78658150908335389 -0.18502996536659336 0.13877247402494503
p 0.76984607894266088 -0.2767889642073933 0.20759172315554497
p 0.74649463669565885 -0.36761602147086869 0.27571201610315149
p 0.71660776489471689 -0.45720169016254902 0.3429012676219117
p 0.68028759974870379 -0.54524475973471787 0.40893356980103845
p 0.63765674576095355 -0.63145174819251604 0.473588811144387
p 0.58885760310289215 -0.71553660687722509 0.53665245515791871
p 0.53405202933791585 -0.79722060610131251 0.59791545457598438
p 0.47342127938522155 -0.87623238049074204 0.65717428536805633
p 0.40716618988840525 -0.95230812357096783 0.71423109267822582
p 0.3355075964287566 -1.0251919318139719 0.76889394886047879
p 0.25868699429829378 -1.0946363090446047 0.82097723178345339
p 0.17696747582269243 -1.1604028527854311 0.87030213958907321
p 0.090634999499379851 -1.2222631548001988 0.91669736610014885
p 6.8491178641283984e-08 -1.2799999587769637 0.95999996908272278
L open 0 1
p 3.1999999999999948 5.3578436420701345e-08 -4.0183827315526005e-08
p 3.1808838336413405 0.22068869092700483 -0.16551651819525359
p 3.1238621936551154 0.43726736190876409 -0.32795052143157299
p 3.0300501034730747 0.64543520407979726 -0.48407640305984789
p 2.9012720487267147 0.841208073835225 -0.63090605537641875
p 2.739973248404739 1.0208960315495277 -0.76567202366214582
p 2.5491858173909483 1.1811039280255744 -0.8858279460191808
p 2.332537386425654 1.318753127114495 -0.98906484533587125
p 2.0943075391669224 1.4311313581315714 -1.0733485185986782
p 1.839054227139618 1.5161233786445292 -1.1370925339833968
p 1.5714407990370178 1.5721642427668716 -1.1791231820751535
p 1.2967841116448553 1.5981254424534768 -1.1985940818401075
p 1.0203441750356783 1.5935316923695029 -1.195148769277127
p 0.74733005278038078 1.5584792512862957 -1.1688594384647217
p 0.48289759696759726 1.493616079960292 -1.1202120599702188
p 0.23213037616826954 1.4001664995970959 -1.050124874697822
p 1.7411855090491506e-07 1.2800001044369176 -0.96000007832768808
L open 0 1
p -3.2000000000000002 0 0
p -3.1808779804963381 0.22072235017075162 -0.16554176262806367
p -3.1238602748538966 0.43727273827345431 -0.32795455370509075
p -3.0300567423734446 0.64542318404166021 -0.4840673880312451
p -2.9012691182222206 0.84121184522206316 -0.63090888391654742
p -2.7399332354538406 1.020934670298193 -0.76570100272364461
p -2.5491130800203683 1.1811571001235737 -0.88586782509268014
p -2.3325444970096125 1.3187492161365546 -0.98906191210241567
p -2.0943031378744221 1.4311331242431526 -1.0733498431823647
p -1.8389108216855476 1.5161620924598931 -1.1371215693449197
p -1.5713434679801299 1.5721789279737677 -1.1791341959803257
p -1.2966988146081342 1.5981287734067331 -1.1985965800550498
p -1.02017255270509 1.5935192927083737 -1.1951394695312803
p -0.74704332616250346 1.5584259236695308 -1.1688194427521479
p -0.48266058655448479 1.4935432588274455 -1.1201574441205842
p -0.23208461181848464 1.4001462321305 -1.0501096740978748
p -1.7418263853485882e-07 1.2800001044264722 -0.9600000783198539
L open 0 1
p -9.6073943467445133e-08 1.2799999422216737 -0.95999995666625515
p -0.17687674041337978 1.1604717568749008 -0.87035381765617548
p -0.33534764529117422 1.0253452377286854 -0.76900892829651391
p -0.47321641946185367 0.87648272272164873 -0.65736204204123649
p -0.58863453251378339 0.7158934121414493 -0.53692005910608687
p -0.68007495541261387 0.54571384844726456 -0.40928538633544831
p -0.74632241772271823 0.36819913883939331 -0.27614935412954489
p -0.78648028663293235 0.18572418649865635 -0.13929313987399231
p -0.79999975186685213 0.00079691378252638983 -0.00059768533689481319
p -0.78671553929891835 -0.18410647032724708 0.13807985274543527
p -0.74680524461860787 -0.36656194760235689 0.27492146070176759
p -0.68080989321397845 -0.54409061719193175 0.40806796289394875
p -0.58961604531133527 -0.71432177934149199 0.53574133450611905
p -0.47443575453593001 -0.87499121171547922 0.65624340878660936
p -0.33680657473941999 -1.0239454246190682 0.76795906846430106
p -0.17860936047431941 -1.1591545142781752 0.86936588570863138
p 6.8491178617513526e-08 -1.2799999587769637 0.95999996908272256
L open 0 1
p 0.79999999999999993 -7.0539655630887536e-17 5.2904741723165652e-17
p 0.79664293610038572 0.092665355452617518 -0.069499016589463142
p 0.78658302268829361 0.18501960749699881 -0.13876470562274912
p 0.76985401685974297 0.27675276524786241 -0.20756457393589678
p 0.74651144028655936 0.36755902317791772 -0.27566926738343833
p 0.71662920053474521 0.45714413257742448 -0.34285809943306839
p 0.680308296612819 0.54519910239807512 -0.40889932679855623
p 0.63767279157455192 0.63142189802372028 -0.4735664235177901
p 0.58886743558928967 0.71552087231324335 -0.53664065423493246
p 0.53405663922621638 0.79721415827371256 -0.5979106187052845
p 0.47342380125889522 0.87622928151184931 -0.65717196113388709
p 0.40717096428150634 0.95230298315467998 -0.71422723736601024
p 0.33551877142821829 1.0251812439302255 -0.76888593294766894
p 0.25870669748711184 1.0946195000990893 -0.82096462507431689
p 0.17699352770009286 1.1603830419278076 -0.87028728144585554
p 0.090658057540217052 1.2222475853948227 -0.91668568904611702
p -1.3242144237005202e-08 1.2800000078199285 -0.96000000586494627
tp_oblique_offset done 2 0
L open 0 1
p 2.1147629234082528 1.3333333333333335 -1.1102230246251565e-16
p 2.2179811895010766 1.0226040972382768 0.23304692707129199
p 2.0843005804388008 0.72669451165849597 0.45497911625612758
p 1.7037496797352292 0.7007284704190172 0.47445364718573713
p 1.3707305236337977 0.88365259218604808 0.33726055586046444
p 1.0673673607899381 1.0988895893309443 0.1758328080017918
p 0.74953565811452305 1.3000268574782063 0.024979856891345111
p 0.39496105868924275 1.4559008535163804 -0.091925640137285422
p -6.4771376318712554e-05 1.5199999984721233 -0.13999999885409262
p -0.39505626774146096 1.455870648901828 -0.091902986676370785
p -0.74961108157465728 1.2999851738784276 0.025011119591179333
p -1.0674090013188811 1.0988605611651923 0.17585457912610575
p -1.3707615964802813 0.8836313404540862 0.33727649465943554
p -1.7037698887200508 0.70072145094556648 0.47445891179082511
p -2.0842943806194807 0.72669006495303856 0.45498245128522125
p -2.2179812282862836 1.0226025534047782 0.23304808494641624
p -2.1147629234082528 1.3333333333333339 -4.9960036108132044e-16
L open 0 1
p -2.1147629234082532 1.3333333333333339 -4.4408920985006262e-16
p -1.9467710939559879 1.5319974455493328 -0.14899808416199922
p -1.7268454890010196 1.6952640903380169 -0.27144806775351255
p -1.4710770428178139 1.8209731641343532 -0.36572987310076471
p -1.192044180209747 1.9097320422350639 -0.43229903167629719
p -0.89959144245034284 1.9645987765952566 -0.47344908244644246
p -0.60097284358322056 1.9913903385907545 -0.49354275394306629
p -0.30055893668683753 1.9993643175276454 -0.49952323814573407
p 5.1318951456573968e-05 1.9999999728686502 -0.4999999796514874
p 0.30066295452452324 1.9993635082689563 -0.4995226312017173
p 0.60107503176053001 1.9913850647508768 -0.49353879856315719
p 0.89969665307946034 1.9645847380435626 -0.47343855353267189
p 1.1921497257881657 1.9097059094687561 -0.4322794321015665
p 1.471192004412744 1.8209275019370941 -0.36569562645282078
p 1.7268993532772874 1.6952316507124379 -0.27142373803432895
p 1.9467907501206934 1.5319793443876963 -0.14898450829077226
p 2.1147629234082532 1.3333333333333339 -3.8857805861880479e-16
tp_tilted done 2 0
L closed 0 1
p 1 3.9595917942265424 1.5303061543300933
p 1 4.0440766311654155 1.7098231955536121
p 1 4.0511653291036192 1.9081325276717001
p 1 3.9812495124505993 2.0939147746215125
p 1 3.8467058595568293 2.2399593210482278
p 1 3.6679745043365926 2.3265742182355682
p 1 3.4699888111144879 2.341964359993665
p 1 3.2808868868208632 2.2817454150797851
p 1 3.131370872114609 2.1514718918338089
p 1 3.0481727194379866 1.971459826960668
p 1 3.0433110885334651 1.7730606800826749
p 1 3.1135216302635236 1.5873036643983758
p 1 3.2467167164330846 1.439973746742502
p 1 3.4245917036432898 1.3517043245694449
p 1 3.6225190848152744 1.3366041786314415
p 1 3.8109112002178724 1.3989359457523602
p 1 3.9595917942265424 1.5303061543300933
L closed 0 1
p 1 0.040408205773457606 4.4696938456699069
p 1 0.18908881100514102 4.601064060673802
p 1 0.37748093441577024 4.6633958236875444
p 1 0.57540832015039667 4.6482956688466226
p 1 0.75328330753028572 4.5600262350681371
p 1 0.88647838829182735 4.4126963052692059
p 1 0.95668891848183391 4.2269392794682981
p 1 0.95182727016678392 4.0285401275705075
p 1 0.86862917196845457 3.8485281669436091
p 1 0.7191130724397522 3.7182545622095353
p 1 0.53001114809015459 3.6580356354152928
p 1 0.3320254613487893 3.6734257910844899
p 1 0.15329411627162787 3.7600406968635971
p 1 0.018750474566598153 3.9060852463769171
p 1 -0.051165332262079775 4.0918674914393884
p 1 -0.044076628138746535 4.2901768170197867
p 1 0.040408205773457606 4.4696938456699069
ts_rings done 2 0
L closed 0 1
p 1.4821428571428572 0 0.8554671119288203
p 1.3803837475307934 -0.50373064965126946 0.84763672353192909
p 1.0919675517250966 -0.92852525594818014 0.82397300529699491
p 0.66352320204827109 -1.2098047236896581 0.78445590162308865
p 0.1615885016232648 -1.3071235194269342 0.73048716552404591
p -0.33883594180815246 -1.2078956576161342 0.66652855396936928
p -0.76438838436798917 -0.92676622810010567 0.60176454182669514
p -1.0512070478569191 -0.50328284293812575 0.5509687644762935
p -1.1527777775465111 9.8660063758400991e-06 0.53123865267647485
p -1.0511967061846701 0.50330743640141096 0.55097072251345747
p -0.76437220139845796 0.92678219753783797 0.60176722661685356
p -0.33881847484569921 1.2079028249115618 0.66653099605610344
p 0.16160366430092191 1.3071235500766047 0.73048894241471518
p 0.66353377352748621 1.2098004327646881 0.78445694633638363
p 1.0919729873614092 0.92851991240658904 0.82397347254465281
p 1.3803852306042601 0.5037271261425631 0.8476368395730145
p 1.4821428571428572 0 0.8554671119288203
L closed 0 1
p 1.482142857142857 0 -0.85546711192882019
p 1.3803837475306893 -0.50373064965151071 -0.84763672353192032
p 1.0919675517248157 -0.92852525594845758 -0.82397300529697115
p 0.66352320204796178 -1.2098047236897844 -0.78445590162305856
p 0.16158850162299193 -1.3071235194269333 -0.73048716552401416
p -0.33883594180836496 -1.2078956576160467 -0.66652855396933952
p -0.76438838436811929 -0.92676622809997722 -0.60176454182667383
p -1.0512070478569684 -0.50328284293800774 -0.55096876447628396
p -1.1527777775465111 9.866006554703371e-06 -0.53123865267647497
p -1.051196706184675 0.50330743640139897 -0.55097072251345669
p -0.76437220139850237 0.92678219753779501 -0.60176722661684612
p -0.33881847484580607 1.207902824911518 -0.66653099605608856
p 0.16160366430059234 1.3071235500766041 -0.73048894241467677
p 0.66353377352695009 1.2098004327649072 -0.78445694633633045
p 1.0919729873607851 0.92851991240720266 -0.82397347254459929
p 1.3803852306040216 0.50372712614315196 -0.84763683957299563
p 1.482142857142857 0 -0.85546711192882019
ts_loop done 2 0
L open 0 1
p 1.125 0 0.48412291827592707
p 1.1018367752858094 -0.21230743401619556 0.47885244199045351
p 1.0337072040572171 -0.4141600436365373 0.46289791060558455
p 0.92459918538081354 -0.59582390920835082 0.43578642188616529
p 0.78086859867893343 -0.74895440074725939 0.39654234783815639
p 0.61101099636672207 -0.86709804719304651 0.34323758832446494
p 0.42589390437482422 -0.94617783715233306 0.27167781657689949
p 0.24221030664000057 -0.98531791911699407 0.17055182339021491
p 0.12500113996900236 -0.99215673656628833 0.00053297685923919921
p 0.24137017696255691 -0.98541594134378652 -0.16994394898970319
p 0.42512765561522403 -0.94641736898068896 -0.27133829198568077
p 0.61040222266335642 -0.86743366406983102 -0.34302926866414901
p 0.78043906876196412 -0.74932445553630256 -0.39641802651851477
p 0.9243396182463911 -0.59616665333566576 -0.43571940234972928
p 1.0335860140888524 -0.41442169090703251 -0.46286889998560193
p 1.1018055500384021 -0.21244880877723948 -0.47884528613861532
p 1.125 0 -0.48412291827592696
L open 0 1
p 1.125 0 0.48412291827592707
p 1.1025450116785969 0.20907393390689077 0.4790147103560044
p 1.0364583103226639 0.40816579338660292 0.46355583372481379
p 0.93049059978734783 0.5879605717025117 0.43730413636885879
p 0.79062532458708423 0.74043277840980626 0.3993539239608776
p 0.62486115044545654 0.85931245153744695 0.34793854966321736
p 0.44336777624647522 0.94053212556367238 0.27929952263201296
p 0.26114137227010459 0.98291918602160289 0.18370015366773335
p 0.12731860768934672 0.9921540880247729 0.024074322591869594
p 0.22406051887292261 0.98727673049909548 -0.15688147360388796
p 0.40842935523262608 0.95147148904633694 -0.26382217977332023
p 0.59707609133445994 0.87464351889848946 -0.33843300995184233
p 0.77101667680805863 0.75733635816890044 -0.39367913354751705
p 0.91863629676061431 0.60362072243747456 -0.43424362105608055
p 1.0309184564383911 0.42013093576290134 -0.46222976718911424
p 1.1011181676699024 0.21553636947868191 -0.47868772445273766
p 1.125 0 -0.48412291827592696
ts_loop_across done 2 0
L open 0 1
p 0.25000000000000044 2.98956518577535 0
p -0.10260183006956977 2.9100413445598337 0.4105245440637163
p -0.60103244555750224 2.7216681157259681 0.61664433230141513
p -1.0810999412427786 2.4383010940859169 0.74485617967028617
p -1.5091838104489723 2.0680930803105166 0.82835465171884137
p -1.8641651249916107 1.6226510962056859 0.88188813849988612
p -2.1298737806852213 1.117056163873499 0.91430270675421532
p -2.2943188578242752 0.56940327369490207 0.93143009685650369
p -2.3499999982899431 8.6726746445419008e-05 0.93674969955276188
p -2.2943523181924443 -0.5692336857053325 0.93143336494532725
p -2.1299390556066982 -1.1168965575502268 0.91430993570298291
p -1.8642593025289478 -1.6225070319838664 0.8819007249077373
p -1.5093026440183526 -2.0679695774230811 0.82837474222645802
p -1.0812350990252071 -2.4382041957103828 0.74488647168186506
p -0.60117647102450888 -2.7215994319308985 0.61669029738627357
p -0.10273807493899252 -2.9100024541881355 0.41060020907860939
p 0.25000000000000089 -2.98956518577535 0
L open 0 1
p 0.25000000000000089 -2.98956518577535 0
p -0.10260183007064137 -2.9100413445595286 -0.41052454406431149
p -0.60103244555958268 -2.7216681157249751 -0.61664433230207905
p -1.0810999412451756 -2.4383010940842 -0.74485617967082318
p -1.5091838104514834 -2.0680930803079072 -0.82835465171926637
p -1.8641651249939013 -1.6226510962021896 -0.88188813850019288
p -2.1298737806869532 -1.1170561638692664 -0.91430270675440672
p -2.2943188578251283 -0.56940327369058208 -0.93143009685658751
p -2.3499999982899422 -8.6726742289007031e-05 -0.93674969955276155
p -2.2943523181916317 0.56923368570944899 -0.93143336494524864
p -2.1299390556051416 1.1168965575540266 -0.91430993570280994
p -1.8642593025269738 1.6225070319868804 -0.88190072490747329
p -1.5093026440162689 2.0679695774252482 -0.82837474222610552
p -1.0812350990234934 2.4382041957116183 -0.74488647168148103
p -0.60117647102352723 2.7215994319313639 -0.61669029738596137
p -0.10273807493904256 2.9100024541881133 -0.41060020907863304
p 0.25000000000000178 2.98956518577535 0
ts_two_loops done 2 0
L closed 0 1
p 2.625 1.452368754827781 0
p 2.4231170973463443 1.5451094567021078 0.48624380671422995
p 1.9947056813368169 1.6771194069722952 0.795414324184051
p 1.4777550229565106 1.7401726156389044 0.95912820565523005
p 0.93421022886132654 1.7039649528787533 0.99838876570890567
p 0.41171058050855414 1.5633919050840936 0.9236214601703403
p -0.047125852483278059 1.3290861375138299 0.74229008279204689
p -0.40192927828310732 1.0327109143187674 0.45236912863252737
p -0.57499773768480211 0.81815672741109813 -0.0016816640446844265
p -0.40033749114821771 1.0343958737993997 -0.45432514810297664
p -0.045162579521355418 1.3303820411577574 -0.74339593611387855
p 0.41367669619737829 1.5641439225990792 -0.92413046842562951
p 0.93591863247305507 1.7042454636655848 -0.99844888280180899
p 1.4790320278616729 1.7401349797008705 -0.95889237189831056
p 1.9954726458004528 1.6769519551778123 -0.79504885330479369
p 2.4233948309967368 1.5449967374542926 -0.48593173055070032
p 2.6249999999999996 1.4523687548277822 0
L closed 0 1
p 2.6249999999999996 -1.4523687548277826 0
p 2.4231170973471357 -1.5451094567017885 0.48624380671334255
p 1.9947056813390303 -1.6771194069718116 0.79541432418299651
p 1.4777550229599878 -1.7401726156388024 0.95912820565458856
p 0.93421022886583682 -1.7039649528794945 0.99838876570906554
p 0.41171058051356285 -1.5633919050860117 0.92362146017164037
p -0.047125852478592474 -1.3290861375169261 0.74229008279469044
p -0.40192927827961022 -1.0327109143224735 0.45236912863683648
p -0.57499773768482143 -0.81815672741107182 -0.0016816640375485149
p -0.40033749115196171 -1.0343958737954424 -0.4543251480983892
p -0.045162579526002403 -1.3303820411546936 -0.74339593611126531
p 0.41367669619275116 -1.5641439225973119 -0.92413046842443403
p 0.93591863246909623 -1.7042454636649369 -0.99844888280167154
p 1.4790320278587592 -1.7401349797009573 -0.95889237189884979
p 1.9954726457986571 -1.6769519551782046 -0.79504885330565034
p 2.4233948309959596 -1.5449967374546083 -0.48593173055157374
p 2.6249999999999996 -1.4523687548277826 0
ts_touching_zero done 2 0
L closed 0 1
p 2.9999999999999991 0 -2.2549033418250986e-08
p 2.9006130021937464 0.4664777292115142 0.34695134955186635
p 2.6137506071760694 0.88212773245702436 0.65156345955452943
p 2.1720878719477419 1.2021286006081804 0.87586572315468103
p 1.6259886448669698 1.3932272213244343 0.98997497054327477
p 1.0382487452070008 1.4383254656003694 0.97410536452757601
p 0.47826477766295639 1.3411927959214234 0.81739013295537077
p 0.021045584511509063 1.1379588966592518 0.50716919493528267
p -0.1999999995466458 0.97979589700034819 -5.2997439329785382e-07
p 0.021046227343618336 1.1379592865299515 -0.50716987696030347
p 0.47826644605777024 1.3411933079287817 -0.81739086816444362
p 1.038251469950273 1.438325598864568 -0.97410575994727822
p 1.6259921744669319 1.393226492220889 -0.98997465579075528
p 2.1720916776316193 1.202126636057617 -0.87586441241804325
p 2.6137539836486416 0.88212432798881846 -0.65156100241378134
p 2.9006137891389487 0.46647593811951327 -0.34695002148149057
p 2.9999999999999991 0 -2.2549033418250986e-08
L closed 0 1
p 3 0 -8.7656326641649684e-11
p 2.9006196668254258 -0.46646252672167543 -0.34694009383398794
p 2.6137775840047652 -0.88210052519136251 -0.65154382877225903
p 2.172105393188775 -1.2021195584289355 -0.87585968886604881
p 1.6259868390757013 -1.3932275941177279 -0.98997513156013972
p 1.0382246784740898 -1.4383242867248136 -0.97410187322291075
p 0.47822350754436832 -1.3411801274703168 -0.8173719533497793
p 0.021001690985125637 -1.1379322694224481 -0.50712257330130295
p -0.1999999948952047 -0.97979590120046212 7.8316583934025455e-05
p 0.021096190390471802 -1.1379895937000621 0.50722293831572007
p 0.47833622889719241 -1.3412147266702203 0.8174216048561016
p 1.038330041222018 -1.4383294456162219 0.97411715643170793
p 1.6260699992756606 -1.3932104194194013 0.98996771477279366
p 2.172159677409617 -1.2020915373838865 0.8758409951982089
p 2.6138042365396101 -0.88207364397312082 0.65152443307855945
p 2.9006267293842076 -0.46644641012415428 0.34692816098618817
p 3 0 2.0394768096565485e-09
ts_touching_pi done 4 0
L open 0 1
p 2.2000000000000002 2.0396078054371141 0
p 2.1268978500252405 2.0504292117616738 0.29881467737777845
p 1.9413309293605301 2.0705945506975114 0.54516028801443939
p 1.6931208804785571 2.0815635667789936 0.73023080024477993
p 1.4123539467168909 2.0721780879374494 0.86152144911492734
p 1.1161310620523825 2.0368206101657282 0.94654155295686049
p 0.81579231130701746 1.9728541879226817 0.99086328750452934
p 0.52002244179824497 1.8793965431466135 0.9987499157836579
p 0.23608067930120585 1.7567586398705863 0.97378986001948953
p -0.029705464743053411 1.6061594103195485 0.91929640004244983
p -0.27174931951355319 1.4295569774254546 0.83853788550342423
p -0.48514670539804849 1.2295299066333429 0.73486197339832227
p -0.66567481463343903 1.0091803600857827 0.61175568716470652
p -0.80982009810124966 0.77203921942891141 0.47286001400048461
p -0.91479896002312566 0.52199597073597537 0.32197153301761472
p -0.97859771590163724 0.26320771440886215 0.16301511947340941
p -0.999999999999994 1.3839008262717826e-07 8.5811847528101433e-08
L open 0 1
p 2.2000000000000002 -2.0396078054371141 0
p 2.1268978500251299 -2.0504292117616876 0.29881467737800177
p 1.9413309293603076 -2.0705945506975283 0.54516028801465455
p 1.693120880478332 -2.0815635667789953 0.73023080024491382
p 1.4123539467167501 -2.0721780879374383 0.86152144911498008
p 1.116131062052155 -2.0368206101656905 0.94654155295690912
p 0.81579231130662933 -1.9728541879225796 0.99086328750456243
p 0.52002244179770973 -1.8793965431464144 0.99874991578364125
p 0.23608067930054713 -1.7567586398702593 0.9737898600193936
p -0.029705464743781832 -1.6061594103190791 0.91929640004225432
p -0.27174931951432368 -1.4295569774248178 0.83853788550311115
p -0.48514670539882659 -1.2295299066325138 0.73486197339787385
p -0.6656748146341771 -1.0091803600847438 0.61175568716411
p -0.80982009810196065 -0.7720392194274297 0.47286001399978655
p -0.91479896002372474 -0.5219959707342362 0.32197153301641379
p -0.97859771590200451 -0.26320771440657592 0.16301511947208699
p -0.999999999999994 -1.3838618739825392e-07 8.581227296556447e-08
L open 0 1
p 2.2000000000000002 -2.0396078054371141 0
p 2.126897850025343 -2.0504292117616609 -0.29881467737757644
p 1.9413309293607415 -2.0705945506974932 -0.54516028801423744
p 1.6931208804789073 -2.0815635667789909 -0.73023080024457543
p 1.4123539467174033 -2.0721780879374876 -0.8615214491147396
p 1.1161310620529901 -2.0368206101658286 -0.94654155295673104
p 0.81579231130762275 -1.9728541879228403 -0.99086328750447716
p 0.5200224417988466 -1.8793965431468371 -0.99874991578367678
p 0.23608067930179341 -1.7567586398708781 -0.97378986001957546
p -0.029705464742458072 -1.606159410319931 -0.91929640004260915
p -0.27174931951298931 -1.42955697742592 -0.83853788550365316
p -0.485146705397553 -1.2295299066338723 -0.73486197339860859
p -0.66567481463303024 -1.0091803600863589 -0.61175568716503703
p -0.80982009810086764 -0.77203921942969722 -0.47286001400087174
p -0.91479896002279615 -0.52199597073694048 -0.32197153301826353
p -0.97859771590143352 -0.26320771441011437 -0.16301511947414737
p -0.999999999999994 -1.3839215595723431e-07 -8.5811760697218631e-08
L open 0 1
p 2.2000000000000002 2.0396078054371136 0
p 2.1268978500251121 2.0504292117616911 -0.29881467737803713
p 1.9413309293602632 2.0705945506975323 -0.54516028801469596
p 1.6931208804781912 2.0815635667789967 -0.73023080024499498
p 1.4123539467165558 2.0721780879374241 -0.86152144911505102
p 1.1161310620520239 2.0368206101656696 -0.94654155295693687
p 0.81579231130668883 1.9728541879225947 -0.99086328750455688
p 0.52002244179793422 1.8793965431464981 -0.99874991578364836
p 0.23608067930090734 1.7567586398704382 -0.97378986001944601
p -0.029705464743296803 1.6061594103193912 -0.91929640004238455
p -0.27174931951377462 1.4295569774252712 -0.83853788550333408
p -0.48514670539827498 1.229529906633102 -0.73486197339819226
p -0.6656748146336644 1.0091803600854652 -0.61175568716452389
p -0.80982009810142208 0.77203921942857945 -0.47286001400027922
p -0.91479896002323402 0.52199597073564674 -0.32197153301741877
p -0.97859771590168454 0.26320771440856566 -0.16301511947322225
p -0.999999999999994 1.3838984503945099e-07 -8.581161592413622e-08
ts_figure_zero done 2 0
L closed 0 1
p 3.0000000000000004 0 1.3713431707904067e-08
p 2.8010414487139612 1.00277933621219 0.22163287268546952
p 2.2330386643636304 1.8567467350235265 0.42725778591128089
p 1.3787494925978727 2.4339641608072795 0.60352551388871534
p 0.36385112835293332 2.6455780501646844 0.74192634967782867
p -0.65985435031844397 2.4554003881509736 0.84004404341926675
p -1.5355881537418612 1.8872489295113908 0.9013691896309044
p -2.125299575562388 1.0244878651134059 0.93320765620518009
p -2.3333333333266149 3.3539900040466166e-06 0.94280904158175083
p -2.1252981300904237 -1.024491279898857 0.9332075866628623
p -1.5355859570205175 -1.8872510707137866 0.90136905776271448
p -0.65985229265419276 -2.4554012074144769 0.840043877395378
p 0.36385266610867351 -2.6455780328986513 0.74192617573243236
p 1.3787497866538834 -2.4339640364939603 0.60352546535120855
p 2.2330383343277651 -1.8567470655787497 0.42725787446098973
p 2.8010413117267152 -1.0027796692599402 0.22163294791359039
p 3.0000000000000004 0 7.0607131192126915e-09
L closed 0 1
p 2.9999999999999996 0 -8.0086552944891309e-09
p 2.8010409324696459 -1.0027805881474021 -0.22163315631300665
p 2.2330369793914655 -1.8567484300360333 -0.42725823298868126
p 1.3787472366387896 -2.4339651146421279 -0.60352588647019823
p 0.36384908252996639 -2.6455780736110368 -0.74192658051935723
p -0.65985643998455357 -2.4553995560639481 -0.84004421220922909
p -1.5355897642106218 -1.8872473593830859 -0.90136928640917113
p -2.1253004415105439 -1.0244858195292554 -0.93320769776000367
p -2.333333333072559 -7.189230313714174e-07 -0.94280904166129686
p -2.1252973840865179 1.0244930421699932 -0.93320755071165573
p -1.535584734052535 1.8872522631258699 -0.90136898424738199
p -0.65985071732740763 2.4554018347048392 -0.84004375012660992
p 0.36385412626007096 2.6455780161073026 -0.74192601102551703
p 1.3787514807165044 2.4339633202298518 -0.60352518556412726
p 2.233039631683126 1.8567457606538815 -0.42725753015887175
p 2.8010417057014223 1.0027787137480104 -0.22163273141020481
p 2.9999999999999996 0 -8.0086552944891309e-09
ts_figure_pi done 4 0
L open 0 1
p 1.2857142857142854 0 0.69985421222376509
p 1.2625046394615551 -0.22735753638721301 0.69688085078556239
p 1.1939383341558027 -0.44520183163310734 0.68795039891941667
p 1.0831158395199123 -0.64454768551745645 0.67303512423044443
p 0.93499918721027775 -0.81733095586892501 0.65210910708814662
p 0.75601735368729583 -0.95688207194696651 0.62515848936853402
p 0.55374499053923998 -1.0580753323285328 0.59221243583913374
p 0.33648216909736273 -1.1175014198403728 0.55336372186760352
p 0.11286686829062456 -1.1335029462205877 0.50878834453085053
p -0.10848691933815414 -1.1061317926451741 0.45875874799697125
p -0.31929853778209444 -1.0370456456842625 0.40365263274278285
p -0.51188945284223641 -0.92936509592656935 0.34395486418330296
p -0.67941752858541449 -0.7874917410975566 0.28024951983588231
p -0.81604218023725905 -0.61692249210701855 0.21321514304596378
p -0.91708077349347117 -0.42402842731967882 0.14360492965156579
p -0.97909471979306018 -0.21588580205686742 0.072246049419293121
p -0.99999999999999845 -6.0019886616302642e-08 2.0010810020461429e-08
L open 0 1
p 1.2857142857142854 0 -0.69985421222376498
p 1.2625046393900332 -0.22735753673391967 -0.69688085077636241
p 1.1939383338762415 -0.44520183228281435 -0.68795039888255094
p 1.0831158389147226 -0.64454768638650639 -0.67303512414731237
p 0.9349991861910889 -0.81733095684126922 -0.65210910694003554
p 0.7560173522027227 -0.95688207288340521 -0.62515848913685124
p 0.5537449885794361 -1.0580753330777051 -0.59221243550581304
p 0.336482166695308 -1.1175014202500642 -0.5533637214156476
p 0.11286686552097171 -1.1335029461484529 -0.50878834394505423
p -0.10848692236350616 -1.1061317919684712 -0.45875874726450311
p -0.31929854091891396 -1.0370456443081919 -0.40365263185405009
p -0.51188945592193247 -0.92936509379079291 -0.34395486313236795
p -0.67941753142245243 -0.7874917381814972 -0.28024951862118308
p -0.81604218271041895 -0.61692248858833976 -0.21321514079250367
p -0.91708077620538297 -0.42402841998877483 -0.14360492939658695
p -0.97909472164836453 -0.21588579342548564 -0.072246043697671611
p -0.99999999999999845 -6.0019886616302642e-08 2.0010810009019053e-08
L open 0 1
p 1.2857142857142854 0 0.69985421222376509
p 1.262504189203681 0.22735971878424682 0.69688079287072069
p 1.1939365478902597 0.44520598302498016 0.68795016332948011
p 1.0831120876628417 0.64455307321913635 0.67303460889031941
p 0.93499266542044546 0.81733717807331896 0.65210815900009833
p 0.75600761011353623 0.95688821801023205 0.62515696875245741
p 0.55373195807897968 1.0580803141456296 0.59221021928836559
p 0.33646606831136111 1.1175041657144367 0.55336069248960384
p 0.11284815649358022 1.1335024586763713 0.50878438687451899
p -0.10850751102911252 1.1061271866106988 0.45875376243633892
p -0.3193199063215631 1.037036271364574 0.40364657848440905
p -0.51191050560995022 0.92935049482108822 0.34394767979276519
p -0.67943697133261161 0.78747175675681769 0.28024119500127331
p -0.81605835124395776 0.61689775747962861 0.21320588124911127
p -0.91708795158857925 0.42401074674588324 0.14359874458530664
p -0.97909728944019492 0.21587265272777073 0.07224161282875198
p -0.99999999999999833 -6.0019886715882549e-08 2.0010810020461433e-08
L open 0 1
p -0.99999999999999145 1.3920199982731654e-07 -4.6363861083698055e-08
p -0.97909474273052743 0.21588568403471808 -0.072246009680405288
p -0.91708087492804302 0.42402817744354304 -0.14360484227771739
p -0.81604247804678709 0.61692203776188659 -0.21321497253874525
p -0.67941796477999561 0.78749129162348908 -0.28024933341582692
p -0.51188988954923387 0.92936479475055256 -0.34395471550577089
p -0.31929896317173906 1.0370454592761416 -0.40365251225691934
p -0.10848711635087897 1.1061317484141908 -0.45875870048042916
p 0.11286662263832438 1.133502939944385 -0.50878829255425417
p 0.33648194894746664 1.1175014577243123 -0.55336368030754002
p 0.55374547861223045 1.0580751455776451 -0.59221251894835247
p 0.7560182835975352 0.95688148551293806 -0.62515863447975495
p 0.93500045970304624 0.8173297424091126 -0.65210929101816528
p 1.0831169844179915 0.64454604167916307 -0.67303528158950587
p 1.1939386865954222 0.44520101318137617 -0.68795044528030536
p 1.2625047505317075 0.22735699644089624 -0.69688086509694891
p 1.2857142857142856 0 -0.69985421222376498
ts_point_zero done 0 0
ts_point_pi done 0 0
ts_empty done 0 0
ts_inside_tube done 0 0
ts_villarceau_flat done 4 0
L open 0 1
p 2.9999999999999987 0 5.216188534318958e-08
p 2.9615606684439477 0.33794940933670903 0.19511518623077054
p 2.8477114439509332 0.66292671869611874 0.38274091752211992
p 2.6628620533560721 0.96237587344635311 0.55562797041298162
p 2.4140544167274358 1.2248826795155394 0.70718634572692962
p 2.1109441265000974 1.4402612089464391 0.83153519668859976
p 1.765064511422592 1.6003147248303848 0.92394213716894658
p 1.3898255665879695 1.6988310766835037 0.9808205794309196
p 0.99960985566932137 1.7320507734125543 0.99999998027984238
p 0.60934436516169355 1.6986880589070465 0.98073800807918055
p 0.23422777048314666 1.6000608073219245 0.92379553782708623
p -0.11147039334862023 1.43995664932303 0.83135935910804137
p -0.41444896120165037 1.2245410045537648 0.70698907861285187
p -0.66310259079604783 0.96206407516180992 0.55544795277233971
p -0.84783465808274339 0.66266909326286749 0.38259217937491874
p -0.96158930225529682 0.33782473229508769 0.19504320014980661
p -0.99999999999999822 7.3558920410728279e-08 4.2721679649811289e-08
L open 0 1
p -0.99999999999999034 -1.6825137483245101e-07 9.712235206105896e-08
p -0.9615892584745902 -0.33782492238134715 0.19504330987440494
p -0.84783432826459038 -0.66266977969381713 0.38259257569017963
p -0.66310098013791374 -0.96206614839847926 0.55544914975608883
p -0.41443778479303123 -1.2245506929647472 0.70699467221953893
p -0.11145019645441472 -1.4399683375143244 0.83136610728843374
p 0.23425938412670963 -1.6000721550541135 0.92380208944331588
p 0.6093784494344896 -1.6986939374323524 0.98074140204736604
p 0.99963816395391136 -1.7320507784733326 0.99999998320167083
p 1.3898534321267415 -1.6988262807589027 0.98081781050257066
p 1.7650848623953284 -1.6003074274871714 0.92393792404586583
p 2.1109595477872265 -1.4402522877101145 0.83153004601041947
p 2.4140641934594145 -1.2248742127991441 0.7071814577436315
p 2.6628681508608092 -0.96236797264931861 0.55562340876255956
p 2.8477147104588409 -0.66291988977881178 0.3827369748692242
p 2.9615612988081557 -0.33794666470838602 0.19511360174042522
p 2.9999999999999987 0 5.3815073432217338e-08
L open 0 1
p -0.99999999999999822 7.3558920410728279e-08 4.2721679638368926e-08
p -0.96157532590011852 0.33788560266614842 -0.19507834365473825
p -0.8477645295577787 0.66281572282275802 -0.38267683599499175
p -0.66294529870916807 0.96226799955577613 -0.55556568857609023
p -0.414222372384212 1.2247372005627741 -0.70710235243146602
p -0.1111504654979495 1.4401417610314284 -0.83146623340271675
p 0.23461943184474351 1.60020137463881 -0.92387669440532627
p 0.60980119900558338 1.6987667957297705 -0.98078346680498085
p 0.99997925158134504 1.7320507971048116 -0.99999999395856864
p 1.3901589962709116 1.6987736897438841 -0.98078744706588505
p 1.7653457326616795 1.6002138701732473 -0.92388390870549686
p 2.11112892666634 1.440154290132881 -0.83147346708281289
p 2.4142099030623996 1.2247480392888201 -0.7071086101728673
p 2.6629364844490158 0.96227945895908729 -0.55557230466567575
p 2.8477567062114546 0.66283207913090125 -0.3826862796107196
p 2.9615699783131726 0.33790888393700347 -0.19509178504145103
p 2.9999999999999996 0 -2.6637603456336478e-08
L open 0 1
p 2.9999999999999996 0 -2.664121212525572e-08
p 2.9615574610050213 -0.33796337243596608 -0.19512324599479325
p 2.8476990309705608 -0.66295266569149369 -0.38275589899501278
p 2.6628348011967184 -0.96241118907470602 -0.55564835948622926
p 2.4140080208996189 -1.2249228489660398 -0.70720953712028345
p 2.110875517266475 -1.440300898120112 -0.83155811124370649
p 1.7649656389980373 -1.6003501731964009 -0.92396260329260604
p 1.3896981157366115 -1.6988530074010839 -0.98083324113662085
p 0.99945876080249496 -1.7320507427124725 -0.99999996255513712
p 0.60917193838952455 -1.6986583117281833 -0.98072083353746198
p 0.23408201726248493 -1.6000085101573194 -0.92376534404502042
p -0.11154196696396357 -1.439915219458755 -0.83133543956475142
p -0.41448755434344042 -1.2245075407666441 -0.70696975828634812
p -0.66310024640099263 -0.96206713713499381 -0.55544972060338205
p -0.84783279972807513 -0.6626729623265416 -0.38259441318240445
p -0.96158913853730965 -0.33782544588013108 -0.19504361211575857
p -0.99999999999999367 -1.3888025729436038e-07 -8.0150474590645615e-08
ts_villarceau done 6 0
L open 0 1
p 1.4999999999999996 2.598076211353316 0
p 1.2545702852131337 2.7116798986221742 0.1555094171062445
p 0.99074457208692657 2.7803827558998169 0.30725508024100684
p 0.71502291782557936 2.8024947974422214 0.45149910394011239
p 0.43406687523860876 2.7774931210673013 0.5847597629409591
p 0.15466758497176358 2.7059693712648776 0.70381227997345519
p -0.11627579525824148 2.5896911772571554 0.80571734678282925
p -0.37225179862977387 2.4314593713184154 0.88802776059205057
p -0.60701976919880629 2.2351175793528077 0.94873275265430546
p -0.81481250765690416 2.0054967597915794 0.98634330089075106
p -0.99062085246372034 1.7481457018170805 0.9999566219952446
p -1.1301819869026577 1.4692819816681022 0.98923616726710673
p -1.2300465413440138 1.1758073835527876 0.95444962537668254
p -1.2878105774851771 0.87490224988790755 0.89646781348628535
p -1.3021118241928009 0.57378101276861027 0.8166922231853273
p -1.2726025237427092 0.27976440329500146 0.71706228864988475
p -1.200000099135611 2.8610565363721539e-07 0.60000013218083759
L open 0 1
p 1.4999999999999982 -2.5980762113533169 0
p 1.2545702852146423 -2.7116798986216457 0.15550941710533003
p 0.99074457209025857 -2.7803827558992378 0.30725508023918158
p 0.71502291783067717 -2.8024947974422716 0.45149910393756965
p 0.43406687524546755 -2.7774931210684564 0.58475976293787091
p 0.1546675849801819 -2.7059693712677819 0.703812279970076
p -0.11627579524853793 -2.5896911772622131 0.80571734677943885
p -0.37225179861850172 -2.4314593713265484 0.88802776058876431
p -0.60701976918670586 -2.2351175793644633 0.94873275265161583
p -0.81481250764466528 -2.0054967598071212 0.98634330088911981
p -0.99062085245229881 -1.7481457018364885 0.99995662199513613
p -1.1301819868928755 -1.4692819816914902 0.98923616726896846
p -1.2300465413368527 -1.1758073835797929 0.95444962538089761
p -1.2878105774814563 -0.87490224991899712 0.89646781349339932
p -1.3021118241936809 -0.57378101280305083 0.81669222319570944
p -1.2726025237497027 -0.27976440332139513 0.71706228866322574
p -1.2000000991574706 -2.8610285607300057e-07 0.60000013220998383
L open 0 1
p 1.5000000000000004 -2.598076211353316 0
p 1.6422093997574643 -2.5048513236775802 -0.098016406876111503
p 1.7734276738100081 -2.3958357590697066 -0.19509562668849109
p 1.8923752498007245 -2.2720915870214817 -0.29029128020519435
p 1.9979099238258033 -2.1348104582215752 -0.38268826555137436
p 2.0890216576068861 -1.9853065133548391 -0.47140220384877657
p 2.1648333108847884 -1.8250147351460613 -0.5555802811365893
p 2.2246073090345906 -1.6554947436481968 -0.63440348657364887
p 2.2677707033317853 -1.4783782460107955 -0.70711431251668444
p 2.2939119992675523 -1.2953481688361084 -0.77302119264786906
p 2.3027746843878547 -1.108191057192855 -0.83148013960201217
p 2.2942755910170138 -0.9187087176135349 -0.88192943279799196
p 2.2684965208630437 -0.72871503845047991 -0.92388634862556618
p 2.2256830029728292 -0.54003403645611581 -0.95694710332666633
p 2.1662504046987086 -0.35449838731387795 -0.98079033267787763
p 2.0907829256804202 -0.17391670992894737 -0.9951860331931851
p 2 0 -1
L open 0 1
p 1.5000000000000009 2.5980762113533156 0
p 1.6422093997574838 2.5048513236775642 -0.098016406876126061
p 1.773427673810045 2.3958357590696746 -0.1950956266885191
p 1.8923752498007682 2.2720915870214347 -0.29029128020522971
p 1.9979099238258535 2.1348104582214997 -0.38268826555142094
p 2.0890216576069434 1.9853065133547287 -0.47140220384883702
p 2.1648333108848461 1.825014735145932 -0.55558028113665481
p 2.2246073090346385 1.6554947436480389 -0.6344034865737167
p 2.26777070333182 1.4783782460106261 -0.7071143125167515
p 2.2939119992675638 1.2953481688359634 -0.77302119264791769
p 2.3027746843878543 1.1081910571927103 -0.8314801396020528
p 2.2942755910170058 0.91870871761339579 -0.88192943279802694
p 2.2684965208630237 0.72871503845036389 -0.92388634862559038
p 2.2256830029727923 0.54003403645601056 -0.95694710332668032
p 2.1662504046986704 0.35449838731377453 -0.98079033267788773
p 2.0907829256803976 0.17391670992889491 -0.99518603319318788
p 2 0 -1
L open 0 1
p -1.199999985349798 4.2154293021590664e-08 0.59999998046639802
p -1.1009712983479636 0.23066680888913763 0.48389787707361287
p -0.97132524562039535 0.44036291863396626 0.35854079800138583
p -0.81354714980541365 0.62507089624321754 0.2263311498002582
p -0.63064186098557584 0.78127150638521048 0.089787273229523651
p -0.42612450711902422 0.90596339684622573 -0.048466851963046113
p -0.20388171519271353 0.99677561589244523 -0.18580347748222248
p 0.031811981736464712 1.0519600292426223 -0.31958069389821064
p 0.27646042232717716 1.0704662780329883 -0.44724720805396967
p 0.52539333411467015 1.0519385251733082 -0.56636516239720835
p 0.77380761025439726 0.99673956313326895 -0.67463773267067018
p 1.0169819200449444 0.90592691271277226 -0.77000953348289491
p 1.2502721445889968 0.78123600640928936 -0.85065948159501414
p 1.4692275325584205 0.62504297333872005 -0.9150481307353111
p 1.6696516073113274 0.44033811545780999 -0.96194046840266956
p 1.8477102026396324 0.23065463228567712 -0.99043935833980334
p 2 0 -1
L open 0 1
p 1.9999999868271521 0 -0.99999999999999989
p 1.8477278289118768 -0.23063111186432048 -0.99044138168148887
p 1.6696821424715469 -0.44030631241945395 -0.96194655522472194
p 1.4692887467965079 -0.62499320058762886 -0.91506436961859305
p 1.2503577451857879 -0.78118285198916149 -0.85068693766184045
p 1.0170727606976524 -0.90588581181411698 -0.77004308884652151
p 0.77394039321974561 -0.99670011793357305 -0.67469273730501156
p 0.5255715847299125 -1.0519121004768448 -0.56644665955202222
p 0.27671672626032828 -1.0704662396482207 -0.44737534893981734
p 0.032125582495121735 -1.0520081162426582 -0.31975137579874507
p -0.20359729979821556 -0.99686624234394217 -0.18597184679346512
p -0.42592506317324136 -0.90606411456720093 -0.048595648626290316
p -0.63049924420071091 -0.78137492128697128 0.089686111516064107
p -0.81343068196674961 -0.62518741310673598 0.22623928036825228
p -0.97125913606383985 -0.44045364280047938 0.35848155340871912
p -1.1009607237911889 -0.23068715546262375 0.4838867162496599
p -1.1999999376651949 -1.7878034053175895e-07 0.59999991688693532
ts_meridian done 4 0
L open 0 1.5707963266711207
p 3 -7.3478807948841178e-16 0
p 2.9951847247217693 -7.3360867719711197e-16 0.098017142441625044
p 2.9807852790295248 -7.3008183018181133e-16 0.19509032340047588
p 2.9569403366054599 -7.2424150369871471e-16 0.29028467624436305
p 2.9238795340821602 -7.1614394250123439e-16 0.38268343073910216
p 2.8819212646632399 -7.0586713043290586e-16 0.47139673658804138
p 2.8314696111263666 -6.9351003922978106e-16 0.55557023426660723
p 2.7730104520606815 -6.7919167482365379e-16 0.63439328542137263
p 2.7071067811771794 -6.6304993090374569e-16 0.70710678108965763
p 2.6343932855170524 -6.4524026096074774e-16 0.77301045198215901
p 2.5555702343695232 -6.2593418150337772e-16 0.83146961105760009
p 2.4713967366972018 -6.0531762060388858e-16 0.88192126460489273
p 2.3826834308534552 -5.8358912739522354e-16 0.92387953403479284
p 2.29028467636281 -5.609579596087893e-16 0.95694033656953104
p 2.1950903235218719 -5.3764206770807766e-16 0.98078527900537704
p 2.0980171425648058 -5.1386599563965323e-16 0.99518472470963615
p 2.0000000001237765 -4.898587196892579e-16 1
L open 1.5231964381041421 2.4468549299818627
p 2.0475819158237423 -5.0151292784111036e-16 0.99886733918300807
p 1.9898714047090895 -4.8737792929836682e-16 0.9999487032759643
p 1.9321946389084415 -4.7325119597377989e-16 0.99769856607159213
p 1.8747437800207725 -4.5917979388476982e-16 0.99212442561075476
p 1.8177102349466656 -4.4521060420096336e-16 0.98324485271679674
p 1.7612840197240538 -4.3139016742888923e-16 0.97108943035137052
p 1.7056531272186064 -4.1776452854078771e-16 0.9556986556971534
p 1.6510029010469414 -4.0437908363002618e-16 0.93712380547780538
p 1.5975154180284559 -3.9127842865541889e-16 0.91542676511403331
p 1.5453688813791322 -3.7850621081657606e-16 0.89067982240313937
p 1.4947370267782785 -3.6610498308220998e-16 0.86296542649795249
p 1.445788543356757 -3.5411606237315338e-16 0.83237591304954406
p 1.3986865115728324 -3.4257939188164941e-16 0.79901319646665914
p 1.353587859859374 -3.3153340798829974e-16 0.76298843033329544
p 1.3106428418437241 -3.2101491221786155e-16 0.7244216371143849
p 1.2699945358591442 -3.1105894865490594e-16 0.6834413083680434
p 1.2317783683843386 -3.0169868722016598e-16 0.64018397677136907
L open 2.4468549299818627 4.7123889803846897
p 1.2317783683843386 -3.0169868722016598e-16 0.64018397677136907
p 1.1491218857373655 -2.8145368783968705e-16 0.5253631454407347
p 1.0834965080001144 -2.6538010608193493e-16 0.40002668806376823
p 1.036215792382003 -2.5379967067331163e-16 0.26668333397357935
p 1.0082261012077411 -2.4694417353217515e-16 0.12800206855536361
p 1.0000876702333596 -2.4495083284360376e-16 -0.013241280906054141
p 1.0119634044816046 -2.4785954883053114e-16 -0.15421959225317719
p 1.0436155924636967 -2.5561209897018719e-16 -0.2921110520475616
p 1.0944106949526282 -2.6805331090527344e-16 -0.42415564548379014
p 1.163331999789611 -2.8493416197760735e-16 -0.54771037669998224
p 1.2489999789356316 -3.0591676526772666e-16 -0.6603021793739785
p 1.3496999102681744 -3.3058113498387808e-16 -0.75967742684595119
p 1.4634161967616022 -3.5843359223689796e-16 -0.84384703686228169
p 1.587872702337167 -3.8891664447413396e-16 -0.91112627672198832
p 1.7205783103159953 -4.2142014408216889e-16 -0.96016848529333876
p 1.8588767970558664 -4.5529350390475046e-16 -0.98999203905469213
p 2 -4.8985871965894138e-16 -1
L open 4.7599888690754444 6.2831853071795862
p 2.0475819158237405 -5.0151292784110987e-16 -0.9988673391830073
p 2.1423148398443321 -5.2471580227624684e-16 -0.98982144036036734
p 2.2357589365459862 -5.4760300506122657e-16 -0.97181156725361284
p 2.3270679625849744 -5.6996726635560853e-16 -0.9450008193913273
p 2.4154150118186912 -5.9160605256724535e-16 -0.90963199656649552
p 2.4999999998496829 -6.123233995368595e-16 -0.86602540401205563
p 2.5800569105237798 -6.3193168741819107e-16 -0.814575951114344
p 2.6548607349074329 -6.5025334023727541e-16 -0.75574957331742487
p 2.7237340380650625 -6.6712243428901479e-16 -0.69007901144396477
p 2.7860530937529098 -6.823862007038165e-16 -0.61815898723099871
p 2.8412535319415761 -6.9590640869167267e-16 -0.54064081845163825
p 2.8888354488751311 -7.0756061714566744e-16 -0.45822652156643501
p 2.9283679341703799 -7.1724328346150045e-16 -0.37166245442080537
p 2.9594929742555394 -7.2486671960422521e-16 -0.28173255607761533
p 2.9819286962433122 -7.3036188662800228e-16 -0.18925124544670527
p 2.9954719211289946 -7.3367902002927936e-16 -0.095056044945804191
p 2.9999999999999996 -7.3478807948841188e-16 -3.3306690738754696e-16
ts_two_meridians done 2 0
L closed 0 6.2831853071795862
p 3 -7.3478807948841178e-16 0
p 2.9238795340703181 -7.1614394249833394e-16 0.38268343076769051
p 2.707106781133418 -6.6304993089302733e-16 0.70710678113341907
p 2.3826834307676901 -5.8358912737421706e-16 0.92387953407031853
p 1.9999999999999989 -4.8985871965894089e-16 0.999999999999999
p 1.6173165692323099 -3.9612831194366531e-16 0.92387953407031875
p 1.2928932188665812 -3.1666750842485533e-16 0.70710678113341907
p 1.076120465929681 -2.6357349681954852e-16 0.38268343076769046
p 0.99999999999999623 -2.449293598294698e-16 9.8532293435482643e-16
p 1.0761204659296815 -2.6357349681954852e-16 -0.38268343076769051
p 1.2928932188665805 -3.1666750842485533e-16 -0.70710678113341907
p 1.6173165692323099 -3.9612831194366541e-16 -0.92387953407031886
p 1.9999999999999893 -4.898587196589398e-16 -0.99999999999999745
p 2.3826834307676918 -5.8358912737421765e-16 -0.92387953407031853
p 2.7071067811334193 -6.6304993089302704e-16 -0.70710678113341907
p 2.9238795340703194 -7.1614394249833424e-16 -0.38268343076769146
p 3 -7.3478807948841178e-16 -1.1102230246251565e-16
L closed 0 1
p 2.2602739726027399 1.9726027397260277 0
p 2.20292292548584 1.9225509167876447 0.38268341098698311
p 2.0396010151711725 1.7800154314221139 0.70710676041863063
p 1.7951702307096831 1.5666940195284507 0.92388072861860926
p 1.5068436836599779 1.3150635784668891 0.9999999991726648
p 1.218523887670365 1.063439029239591 0.92387825094264442
p 0.97409755237864448 0.85012150025772582 0.7071066773483714
p 0.81077567077287771 0.70758603994723879 0.38268330243015702
p 0.7534246575342517 0.65753424657534709 -1.1747937382128601e-07
p 0.81077573852956042 0.70758609908034353 -0.38268351954424784
p 0.9740976775535054 0.85012160950124083 -0.70710684348956043
p 1.2185262380963682 1.0634410805204677 -0.92387954176410658
p 1.506849359324631 1.3150685317742232 -0.99999999999999833
p 1.7951724738304113 1.5666959771610856 -0.9238794967981776
p 2.0396010151709785 1.780015431421945 -0.70710676041888643
p 2.2029229254857912 1.9225509167875987 -0.38268341098714787
p 2.2602739726027399 1.9726027397260273 0
ts_near_figure done 2 0
L open 0 1
p 2.999989509580701 0.0079336250067996161 0
p 2.8289498001650522 0.93231987965531748 0.20567649983383546
p 2.2831056030181052 1.8049365372274226 0.413752250988416
p 1.4413578093365556 2.4065477794341499 0.59304266364922498
p 0.42840855511904535 2.6440705319532571 0.73455201744983201
p -0.60324830471474522 2.4772015541201355 0.83543104784835565
p -1.4946220724200772 1.9263424201144959 0.89889039364557377
p -2.1043552981687514 1.0726272314754195 0.93219483088821375
p -2.3328902668617237 0.048290982529940574 0.94278899509838276
p -2.1421412873677745 -0.9837587095382232 0.93401505303066923
p -1.5639274835351911 -1.8592072208629888 0.90306192330367596
p -0.69288780345689993 -2.4419934461912187 0.8426955823643848
p 0.33245460617208888 -2.6457524887358548 0.74545305355546354
p 1.3537098292485483 -2.4444032781931968 0.60763679169995921
p 2.2168410281631949 -1.8729222287743952 0.43151354719178037
p 2.7938324224523825 -1.0200718948628127 0.22555530936696783
p 2.999989509580701 -0.0079336250068005043 0
L open 0 1
p 2.9999895095807005 -0.0079336250068005043 0
p 2.8289469969522596 -0.93232726596668614 -0.20567816705706043
p 2.283094730970344 -1.8049480981166817 -0.41375524122588303
p 1.4413360043072831 -2.4065576619354578 -0.59304636420377532
p 0.42837648712428844 -2.6440716668397992 -0.73455572033652594
p -0.6032860313335322 -2.4771875129666041 -0.83543415017527667
p -1.4946574436028213 -1.9263093793393353 -0.89889254888866899
p -2.1043724628188594 -1.0725888232045939 -0.93219566707239188
p -2.3328902471605533 -0.048292111831562796 -0.9427889942217107
p -2.1421601056897948 0.98371208313088576 -0.93401595470586152
p -1.5639717492201606 1.8591627539192028 -0.90306455496388116
p -0.69293608251939887 2.4419734738987406 -0.8426994379637468
p 0.33241288653845236 2.6457524747685106 -0.74545771655369653
p 1.3536809586495244 2.4444151412521875 -0.60764150860540478
p 2.2168262451331207 1.87293686295427 -0.43151741027581741
p 2.7938283397832899 1.0200815886776162 -0.22555751361609266
p 2.9999895095807005 0.0079336250067996161 0
ts_near_point done 1 0
L open 0 1
p 1.000000408717824 0 0.00090412138621404786
p 1.0000003233142456 -0.00040889338311188658 0.00089187131166383452
p 1.0000001347685825 -0.00069647686225819097 0.00086511322722370788
p 0.99999986605698399 -0.00097110356500047432 0.00082589551016314772
p 0.99999948329192412 -0.0012716949680824266 0.00076594689603572022
p 0.99999895186537713 -0.0015979889636295649 0.00067316824507311634
p 0.99999828821640802 -0.0019267417162001036 0.00053551422773352047
p 0.9999976072231862 -0.0022138833106870115 0.00034226492940430943
p 0.99999716521939774 -0.0023826271910712235 8.2687374259070976e-05
p 0.9999973449003049 -0.0023153484587787637 -0.00022822144988517688
p 0.99999799300402048 -0.0020559492929265047 -0.00046184360592386011
p 0.99999870977260508 -0.0017251647676917422 -0.00062603511283376332
p 0.99999931956040389 -0.0013797151723959453 -0.00073895632437855291
p 0.99999978127066935 -0.0010446111557703792 -0.00081351119593095619
p 1.0000001109276857 -0.00072647982289220699 -0.00086127439791997473
p 1.0000003256061509 -0.0004046504761159063 -0.00089134423718170946
p 1.000000408717824 0 -0.00090412138621380283
ts_near_villarceau done 4 0
L open 0 1
p 1.5000019073484052 2.5980751101442672 0
p 0.30278165187272515 2.7497534197222397 0.64239562690679652
p -0.80232178835203893 2.0212091756451036 0.98463446009800171
p -1.2988585347582136 0.75292901527569001 0.86678115603612327
p -1.1502632221979303 0.12736023584436476 0.5383718047196715
p -0.99543738207390786 0.40635701515430223 0.38041582748107095
p -0.79322364398021805 0.64503491000768165 0.2104079133005653
p -0.55002756970762978 0.83582783468251964 0.033732388140698982
p -0.27355507262540302 0.97268933697424509 -0.14401258038595616
p 0.027431870612290268 1.0512814285656815 -0.31719380389562402
p 0.34339469910999815 1.0691132575356967 -0.48032298624806108
p 0.66431956890167376 1.0256198885001888 -0.62823014676018885
p 0.98003758601694635 0.92217945160808645 -0.75622870201857673
p 1.2805431743169282 0.76206975863029758 -0.86026214867397366
p 1.5563112508715005 0.55036583718471888 -0.93703316086902144
p 1.7986026985128956 0.29377527672365777 -0.98410938408411175
p 1.9984052807173993 0 -0.99999872843439619
L open 0 1
p 1.5000019073484052 -2.5980751101442672 0
p 0.30278172461858993 -2.7497534379529602 0.64239559579661543
p -0.80232173752234348 -2.0212092390184391 0.98463445297748076
p -1.2988585323937578 -0.75292905376819286 0.86678116596577437
p -1.150263223543444 -0.12736023276271161 0.53837180628215175
p -0.99543738378511559 -0.40635701267318503 0.38041582905292221
p -0.79322364592079775 -0.64503490813654263 0.21040791481101012
p -0.55002757174511063 -0.83582783339787337 0.033732389530286705
p -0.27355507463763395 -0.97268933622346831 -0.14401257916310831
p 0.027431868731490516 -1.0512814282717293 -0.31719380287036636
p 0.34339469744614798 -1.069113257602736 -0.48032298543548735
p 0.66431956751608001 -1.0256198888199779 -0.6282301461597064
p 0.98003758494452964 -0.92217945206674257 -0.75622870161476907
p 1.2805431735653683 -0.7620697591152068 -0.86026214843817306
p 1.5563112504219352 -0.55036583759109714 -0.93703316076154874
p 1.7986026983217873 -0.29377527696067318 -0.98410938405697435
p 1.9984052807173993 0 -0.99999872843439619
L open 0 1
p 2.0015947192826005 0 -0.99999872843439641
p 2.0911162860223027 -0.17460094266477108 -0.99514764481219864
p 2.1665091758136779 -0.35518420051835403 -0.9807174288912246
p 2.2258642695405317 -0.54068298594388864 -0.95684718065468743
p 2.2686077168467267 -0.72931302153372457 -0.92376665739123198
p 2.294327559954326 -0.91925886561010806 -0.88179427532892241
p 2.3027760450830872 -1.1086922409807007 -0.8313340433653823
p 2.2938717678011145 -1.2957897553119717 -0.77287167350009234
p 2.2677003956014499 -1.4787504840754266 -0.70696990474015953
p 2.2245138180268582 -1.6558133277336309 -0.63426308038007029
p 2.1647269193524936 -1.8252758316480238 -0.5554501066509937
p 2.088915875989243 -1.9855043537225763 -0.47129066847843681
p 1.9978098647436204 -2.1349573067826686 -0.38259437556183479
p 1.8922865942088274 -2.2721952532069967 -0.29021561434388543
p 1.7733611644513276 -2.3958980079787446 -0.19504304108659096
p 1.6421788487802569 -2.5048740775814315 -0.09799324825157564
p 1.5000019073484052 -2.5980751101442672 0
L open 0 1
p 1.5000019073484057 2.5980751101442667 0
p 1.6421943940024226 2.504862604547121 -0.098004332839504854
p 1.7733896777376505 2.3958714454331944 -0.19506496566473147
p 1.8923248656196738 2.2721508080325079 -0.2902475802455578
p 1.9978547694071338 2.1348919034823566 -0.38263570818109294
p 2.0889631926708403 1.9854164940853103 -0.47133968969019113
p 2.1647731327426967 1.8251635135106568 -0.55550563672179065
p 2.2245544545225773 1.6556765619926512 -0.6343228794232425
p 2.2677319016803152 1.4785869014294577 -0.70703287991450703
p 2.2938897843298731 1.2955995748387816 -0.77293558199255474
p 2.3027762950884898 1.1084763425052748 -0.83139649266046156
p 2.2943059261446415 0.91901881322727497 -0.88185275522551743
p 2.2685603193239312 0.72905102285286105 -0.92381859055120719
p 2.2257875368298752 0.5404018803773033 -0.95688996138352944
p 2.1663999174879889 0.35488743647306847 -0.98074846548986194
p 2.0909717690413512 0.17429253540092396 -0.99516440462058875
p 2.0015947192826005 0 -0.99999872843439641
ts_coaxial_two done 2 0
L closed 1.5707963267948963 7.8539816339744828
p 1.75 -4.9573465354419824e-16 0.96824583655185426
p 1.616789181894752 0.6696960066389066 0.96824583655185426
p 1.2374368670764582 1.2374368670764579 0.96824583655185426
p 0.66969600663890794 1.6167891818947515 0.96824583655185426
p 2.1431318985078681e-16 1.75 0.96824583655185426
p -0.66969600663890616 1.6167891818947522 0.96824583655185426
p -1.2374368670764579 1.2374368670764584 0.96824583655185426
p -1.6167891818947515 0.66969600663890805 0.96824583655185426
p -1.75 3.2146978477618021e-16 0.96824583655185426
p -1.6167891818947522 -0.66969600663890605 0.96824583655185426
p -1.2374368670764584 -1.2374368670764579 0.96824583655185426
p -0.66969600663890816 -1.6167891818947515 0.96824583655185426
p -4.2862637970157361e-16 -1.75 0.96824583655185426
p 0.66969600663890738 -1.6167891818947517 0.96824583655185426
p 1.2374368670764579 -1.2374368670764584 0.96824583655185426
p 1.6167891818947515 -0.66969600663890827 0.96824583655185426
p 1.75 -5.3578297462696706e-16 0.96824583655185426
L closed 1.5707963267948963 7.8539816339744828
p 1.75 -4.9573465354419824e-16 -0.96824583655185426
p 1.616789181894752 0.6696960066389066 -0.96824583655185426
p 1.2374368670764582 1.2374368670764579 -0.96824583655185426
p 0.66969600663890794 1.6167891818947515 -0.96824583655185426
p 2.1431318985078681e-16 1.75 -0.96824583655185426
p -0.66969600663890616 1.6167891818947522 -0.96824583655185426
p -1.2374368670764579 1.2374368670764584 -0.96824583655185426
p -1.6167891818947515 0.66969600663890805 -0.96824583655185426
p -1.75 3.2146978477618021e-16 -0.96824583655185426
p -1.6167891818947522 -0.66969600663890605 -0.96824583655185426
p -1.2374368670764584 -1.2374368670764579 -0.96824583655185426
p -0.66969600663890816 -1.6167891818947515 -0.96824583655185426
p -4.2862637970157361e-16 -1.75 -0.96824583655185426
p 0.66969600663890738 -1.6167891818947517 -0.96824583655185426
p 1.2374368670764579 -1.2374368670764584 -0.96824583655185426
p 1.6167891818947515 -0.66969600663890827 -0.96824583655185426
p 1.75 -5.3578297462696706e-16 -0.96824583655185426
ts_coaxial_inner done 1 0
L closed 1.5707963267948963 7.8539816339744828
p 1 -2.8327694488239898e-16 0
p 0.92387953251128685 0.3826834323650895 0
p 0.70710678118654757 0.70710678118654746 0
p 0.38268343236509028 0.92387953251128652 0
p 1.2246467991473532e-16 1 0
p -0.38268343236508923 0.92387953251128696 0
p -0.70710678118654746 0.70710678118654768 0
p -0.92387953251128652 0.38268343236509034 0
p -1 1.8369701987210297e-16 0
p -0.92387953251128696 -0.38268343236508917 0
p -0.70710678118654768 -0.70710678118654735 0
p -0.38268343236509039 -0.92387953251128652 0
p -2.4492935982947064e-16 -1 0
p 0.38268343236508995 -0.92387953251128674 0
p 0.70710678118654735 -0.70710678118654768 0
p 0.92387953251128652 -0.38268343236509045 0
p 1 -3.0616169978683831e-16 0
ts_coaxial_outer done 1 0
L closed 1.5707963267948963 7.8539816339744828
p 3 -8.4983083464719694e-16 0
p 2.7716385975338604 1.1480502970952684 0
p 2.1213203435596428 2.1213203435596424 0
p 1.1480502970952708 2.7716385975338595 0
p 3.6739403974420594e-16 3 0
p -1.1480502970952677 2.7716385975338609 0
p -2.1213203435596424 2.1213203435596428 0
p -2.7716385975338595 1.1480502970952711 0
p -3 5.5109105961630896e-16 0
p -2.7716385975338609 -1.1480502970952675 0
p -2.1213203435596428 -2.1213203435596419 0
p -1.1480502970952711 -2.7716385975338595 0
p -7.3478807948841188e-16 -3 0
p 1.1480502970952697 -2.77163859753386 0
p 2.1213203435596419 -2.1213203435596428 0
p 2.7716385975338595 -1.1480502970952713 0
p 3 -9.1848509936051499e-16 0
ts_coaxial_miss done 0 0
ts_coaxial_above done 2 0
L closed 1.5707963267948963 7.8539816339744828
p 1.9999999999999998 -5.6655388976479786e-16 1
p 1.8477590650225735 0.7653668647301789 1
p 1.4142135623730949 1.4142135623730947 1
p 0.76536686473018045 1.8477590650225728 1
p 2.4492935982947059e-16 1.9999999999999998 1
p -0.76536686473017834 1.8477590650225737 1
p -1.4142135623730947 1.4142135623730951 1
p -1.8477590650225728 0.76536686473018056 1
p -1.9999999999999998 3.6739403974420589e-16 1
p -1.8477590650225737 -0.76536686473017823 1
p -1.4142135623730951 -1.4142135623730945 1
p -0.76536686473018067 -1.8477590650225728 1
p -4.8985871965894118e-16 -1.9999999999999998 1
p 0.76536686473017979 -1.8477590650225733 1
p 1.4142135623730945 -1.4142135623730951 1
p 1.8477590650225728 -0.76536686473018078 1
p 1.9999999999999998 -6.1232339957367653e-16 1
L closed 1.5707963267948963 7.8539816339744828
p 1.2 -3.3993233385887879e-16 -0.59999999999999987
p 1.1086554390135441 0.45922011883810737 -0.59999999999999987
p 0.84852813742385702 0.84852813742385691 -0.59999999999999987
p 0.45922011883810832 1.1086554390135437 -0.59999999999999987
p 1.4695761589768238e-16 1.2 -0.59999999999999987
p -0.45922011883810704 1.1086554390135444 -0.59999999999999987
p -0.84852813742385691 0.84852813742385724 -0.59999999999999987
p -1.1086554390135437 0.45922011883810837 -0.59999999999999987
p -1.2 2.2043642384652356e-16 -0.59999999999999987
p -1.1086554390135444 -0.45922011883810698 -0.59999999999999987
p -0.84852813742385724 -0.8485281374238568 -0.59999999999999987
p -0.45922011883810843 -1.1086554390135437 -0.59999999999999987
p -2.9391523179536476e-16 -1.2 -0.59999999999999987
p 0.45922011883810793 -1.1086554390135441 -0.59999999999999987
p 0.8485281374238568 -0.84852813742385724 -0.59999999999999987
p 1.1086554390135437 -0.45922011883810854 -0.59999999999999987
p 1.2 -3.6739403974420599e-16 -0.59999999999999987
ts_tilted done 4 0
L open 0 1
p 3.407618353624791 2.3777367072495825 3.503648942999444
p 3.2934516707638086 2.2061015597401465 3.7004330693494736
p 3.1323375031708633 2.0464633389597551 3.872992720525358
p 2.9311089597522191 1.899243516242896 4.0110033388519293
p 2.6982537029858569 1.7648531331822268 4.1054414734889733
p 2.4442666952407079 1.643023809659041 4.148137146817815
p 2.1826697626636835 1.5317343284555966 4.1309700929970621
p 1.9336745026439184 1.4250807918122124 4.0441023202726889
p 1.7391287360657182 1.3093844740752187 3.8742887700870923
p 1.6937893926637275 1.1753085549266942 3.6335831741242646
p 1.822822704547838 1.0671012197156602 3.4067054275435527
p 2.0276260751528929 1.0158671575839258 3.2158390800536369
p 2.2543617000767613 1.0223601316825779 3.0433655094883445
p 2.4790484147706096 1.0837041597513601 2.8790921197038593
p 2.6859379565994521 1.1960731788721932 2.7184614152343078
p 2.8617507239109434 1.3540746003219153 2.5592725847758979
p 2.9937577931641997 1.5500155863283986 2.400020781771198
L open 0 1
p 3.407618353624791 2.3777367072495834 3.5036489429994444
p 3.4113077382254495 2.3852189341040932 3.4950108858453137
p 3.4149039961353544 2.392722293159796 3.4863519114365684
p 3.4184067879676654 2.4002468043795608 3.4776729991287372
p 3.4218157789577504 2.4077924880667667 3.4689751355624461
p 3.4251306389631861 2.4153593648653029 3.4602593146634213
p 3.4283510424637562 2.4229474557595694 3.4515265376424855
p 3.4314766685614519 2.4305567820744756 3.4427778129955597
p 3.4345072009804722 2.4381873654754411 3.434014156503661
p 3.4374423280672231 2.445839227968396 3.4252365912329079
p 3.4402817427903196 2.4535123918997801 3.416446147534514
p 3.4430251427405829 2.461206879956543 3.4076438630447932
p 3.4456722301310418 2.468922715166145 3.3988307826851529
p 3.4482227117969346 2.4766599208965556 3.3900079586621041
p 3.4506762991957047 2.4844185208562575 3.3811764504672515
p 3.4530327084070067 2.4921985390942378 3.3723373248772996
p 3.4552916601326973 2.4999999999999996 3.36349165595405
L open 0 1
p 3.4552916601326973 2.4999999999999996 3.36349165595405
p 3.4713853954843668 2.7854156847049847 3.0596902199319125
p 3.3634467818384239 3.0920475426839586 2.7987724232405604
p 3.141423129859513 3.3952325171002227 2.618277611066155
p 2.8293055397531539 3.6543210907210373 2.5206304764097309
p 2.4541851245766768 3.8341195074871623 2.4863454333066306
p 2.0440613075746805 3.9113783247137786 2.493966592744802
p 1.6295142377322471 3.8730376012052812 2.5230219652224708
p 1.2444273083605575 3.715007570122999 2.5495929410555909
p 0.93008922801042704 3.4427240692308114 2.5346374604277369
p 0.76968666864836255 3.0981420733445701 2.3847316309144313
p 0.89871597133838987 2.8925147880013276 2.0602629929797147
p 1.1997428327913582 2.8393366546134868 1.7775274655386761
p 1.5748528104373676 2.8140224482542187 1.5962052237992987
p 1.9832608789787309 2.7667093333201147 1.5239966257355861
p 2.3874203934599363 2.6697956706603718 1.5608770844051301
p 2.742881006934148 2.5 1.696877669005513
L open 0 1
p 2.742881006934148 2.5 1.696877669005513
p 2.8012134685741215 2.4570954195631884 1.7326341299464194
p 2.8551390855054861 2.4106899248634126 1.7708699032043667
p 2.9041658411187705 2.3608154606154574 1.8112562048746366
p 2.9478361501144241 2.3075799485934612 1.8534481265473439
p 2.9857406351387024 2.2511850910509463 1.8970918201016789
p 3.0175352895868253 2.1919440925572959 1.9418301351434217
p 3.0429736392457558 2.1302647915228929 1.9873293407242667
p 3.0619205964546579 2.0666287742562117 2.033297335244685
p 3.0743529534826473 2.0015660022101653 2.0794951183592079
p 3.0803490129757209 1.9356358937073477 2.1257351103563678
p 3.0800746363557181 1.869388591436898 2.171888879296453
p 3.0737583320332904 1.8033342351495092 2.2178875361298047
p 3.0616686621921865 1.737950196015603 2.2636986259861018
p 3.0440996567819765 1.6736765795237698 2.3093152028678707
p 3.0213588476115554 1.6109127570353625 2.3547480812973198
p 2.9937577931641997 1.5500155863283986 2.400020781771198
tx_cylinder_two done 2 0
L closed 1.5707963267948963 7.8539816339744828
p 2.25 -6.3737312598539768e-16 0.4330127018922193
p 2.0787289481503954 0.86103772282145141 0.4330127018922193
p 1.5909902576697321 1.5909902576697319 0.4330127018922193
p 0.86103772282145319 2.0787289481503946 0.4330127018922193
p 2.7554552980815448e-16 2.25 0.4330127018922193
p -0.86103772282145075 2.0787289481503954 0.4330127018922193
p -1.5909902576697319 1.5909902576697323 0.4330127018922193
p -2.0787289481503946 0.8610377228214533 0.4330127018922193
p -2.25 4.1331829471223167e-16 0.4330127018922193
p -2.0787289481503954 -0.86103772282145064 0.4330127018922193
p -1.5909902576697323 -1.5909902576697315 0.4330127018922193
p -0.86103772282145341 -2.0787289481503946 0.4330127018922193
p -5.5109105961630896e-16 -2.25 0.4330127018922193
p 0.86103772282145241 -2.078728948150395 0.4330127018922193
p 1.5909902576697315 -1.5909902576697323 0.4330127018922193
p 2.0787289481503946 -0.86103772282145352 0.4330127018922193
p 2.25 -6.8886382452038619e-16 0.4330127018922193
L closed 1.5707963267948963 7.8539816339744828
p 2.25 -6.3737312598539768e-16 -0.4330127018922193
p 2.0787289481503954 0.86103772282145141 -0.4330127018922193
p 1.5909902576697321 1.5909902576697319 -0.4330127018922193
p 0.86103772282145319 2.0787289481503946 -0.4330127018922193
p 2.7554552980815448e-16 2.25 -0.4330127018922193
p -0.86103772282145075 2.0787289481503954 -0.4330127018922193
p -1.5909902576697319 1.5909902576697323 -0.4330127018922193
p -2.0787289481503946 0.8610377228214533 -0.4330127018922193
p -2.25 4.1331829471223167e-16 -0.4330127018922193
p -2.0787289481503954 -0.86103772282145064 -0.4330127018922193
p -1.5909902576697323 -1.5909902576697315 -0.4330127018922193
p -0.86103772282145341 -2.0787289481503946 -0.4330127018922193
p -5.5109105961630896e-16 -2.25 -0.4330127018922193
p 0.86103772282145241 -2.078728948150395 -0.4330127018922193
p 1.5909902576697315 -1.5909902576697323 -0.4330127018922193
p 2.0787289481503946 -0.86103772282145352 -0.4330127018922193
p 2.25 -6.8886382452038619e-16 -0.4330127018922193
tx_cylinder_outer done 1 0
L closed 1.5707963267948963 7.8539816339744828
p 2.5 -7.081923622059974e-16 0
p 2.309698831278217 0.95670858091272382 0
p 1.7677669529663689 1.7677669529663687 0
p 0.9567085809127257 2.3096988312782161 0
p 3.0616169978683831e-16 2.5 0
p -0.95670858091272304 2.3096988312782174 0
p -1.7677669529663687 1.7677669529663693 0
p -2.3096988312782161 0.95670858091272581 0
p -2.5 4.592425496802574e-16 0
p -2.3096988312782174 -0.95670858091272293 0
p -1.7677669529663693 -1.7677669529663684 0
p -0.95670858091272604 -2.3096988312782161 0
p -6.1232339957367663e-16 -2.5 0
p 0.95670858091272493 -2.309698831278217 0
p 1.7677669529663684 -1.7677669529663693 0
p 2.3096988312782161 -0.95670858091272615 0
p 2.5 -7.6540424946709576e-16 0
tx_cylinder_inner done 1 0
L closed 1.5707963267948966 7.8539816339744828
p 1.5 -9.1848509936051484e-17 0
p 1.38581929876693 0.57402514854763464 0
p 1.0606601717798214 1.0606601717798212 0
p 0.57402514854763487 1.38581929876693 0
p 1.8369701987210297e-16 1.5 0
p -0.57402514854763453 1.3858192987669302 0
p -1.0606601717798212 1.0606601717798214 0
p -1.3858192987669298 0.57402514854763553 0
p -1.5 2.7554552980815448e-16 0
p -1.38581929876693 -0.57402514854763498 0
p -1.0606601717798214 -1.060660171779821 0
p -0.57402514854763553 -1.3858192987669298 0
p -3.6739403974420594e-16 -1.5 0
p 0.57402514854763487 -1.38581929876693 0
p 1.060660171779821 -1.0606601717798214 0
p 1.3858192987669298 -0.57402514854763564 0
p 1.5 -4.592425496802575e-16 0
tx_cylinder_miss done 0 0
tx_cone_two done 2 0
L closed 1.5707963267948963 7.8539816339744828
p 2.3693332876379967 -6.7117749513026199e-16 0.33703549166595026
p 2.1889785301464229 0.90670459493017042 0.33703549166595026
p 1.6753716345798444 1.6753716345798439 0.33703549166595026
p 0.9067045949301723 2.188978530146422 0.33703549166595026
p 2.9015964268191476e-16 2.3693332876379967 0.33703549166595026
p -0.90670459493016975 2.1889785301464229 0.33703549166595026
p -1.6753716345798439 1.6753716345798446 0.33703549166595026
p -2.188978530146422 0.90670459493017241 0.33703549166595026
p -2.3693332876379967 4.3523946402287211e-16 0.33703549166595026
p -2.1889785301464229 -0.90670459493016964 0.33703549166595026
p -1.6753716345798446 -1.6753716345798437 0.33703549166595026
p -0.90670459493017252 -2.188978530146422 0.33703549166595026
p -5.8031928536382951e-16 -2.3693332876379967 0.33703549166595026
p 0.90670459493017153 -2.1889785301464224 0.33703549166595026
p 1.6753716345798437 -1.6753716345798446 0.33703549166595026
p 2.188978530146422 -0.90670459493017264 0.33703549166595026
p 2.3693332876379967 -7.2539910670478697e-16 0.33703549166595026
L closed 1.5707963267948963 7.8539816339744828
p 1.9159460398573098 -5.4274334073030979e-16 -0.4928842985775983
p 1.7701033316202228 0.73320080675889587 -0.4928842985775983
p 1.3547784371706151 1.3547784371706149 -0.4928842985775983
p 0.73320080675889743 1.7701033316202222 -0.4928842985775983
p 2.3463571850503018e-16 1.9159460398573098 -0.4928842985775983
p -0.73320080675889532 1.770103331620223 -0.4928842985775983
p -1.3547784371706149 1.3547784371706153 -0.4928842985775983
p -1.7701033316202222 0.73320080675889754 -0.4928842985775983
p -1.9159460398573098 3.5195357775754521e-16 -0.4928842985775983
p -1.770103331620223 -0.73320080675889532 -0.4928842985775983
p -1.3547784371706153 -1.3547784371706146 -0.4928842985775983
p -0.73320080675889765 -1.7701033316202222 -0.4928842985775983
p -4.6927143701006035e-16 -1.9159460398573098 -0.4928842985775983
p 0.73320080675889676 -1.7701033316202226 -0.4928842985775983
p 1.3547784371706146 -1.3547784371706153 -0.4928842985775983
p 1.7701033316202222 -0.73320080675889776 -0.4928842985775983
p 1.9159460398573098 -5.8658929626257549e-16 -0.4928842985775983
tx_cone_four done 6 0
L closed 1.5707963267948963 7.8539816339744828
p 2.2271420827084984 -6.3089800500868656e-16 0.44542841654169946
p 2.0576109862089411 0.85229037657562223 0.44542841654169946
p 1.5748272693491101 1.5748272693491099 0.44542841654169946
p 0.85229037657562401 2.0576109862089407 0.44542841654169946
p 2.7274624228353325e-16 2.2271420827084984 0.44542841654169946
p -0.85229037657562168 2.0576109862089416 0.44542841654169946
p -1.5748272693491099 1.5748272693491103 0.44542841654169946
p -2.0576109862089407 0.85229037657562412 0.44542841654169946
p -2.2271420827084984 4.0911936342529982e-16 0.44542841654169946
p -2.0576109862089416 -0.85229037657562146 0.44542841654169946
p -1.5748272693491103 -1.5748272693491097 0.44542841654169946
p -0.85229037657562423 -2.0576109862089407 0.44542841654169946
p -5.4549248456706649e-16 -2.2271420827084984 0.44542841654169946
p 0.85229037657562323 -2.0576109862089411 0.44542841654169946
p 1.5748272693491097 -1.5748272693491103 0.44542841654169946
p 2.0576109862089407 -0.85229037657562434 0.44542841654169946
p 2.2271420827084984 -6.8186560570883311e-16 0.44542841654169946
L closed 1.5707963267948963 7.8539816339744828
p 1.619011763445348 -4.5862870607746345e-16 0.32380235268906948
p 1.4957718311421622 0.61956897867472216 0.32380235268906948
p 1.1448141967529963 1.1448141967529961 0.32380235268906948
p 0.61956897867472338 1.4957718311421617 0.32380235268906948
p 1.9827175738852571e-16 1.619011763445348 0.32380235268906948
p -0.61956897867472172 1.4957718311421624 0.32380235268906948
p -1.1448141967529961 1.1448141967529963 0.32380235268906948
p -1.4957718311421617 0.61956897867472349 0.32380235268906948
p -1.619011763445348 2.9740763608278857e-16 0.32380235268906948
p -1.4957718311421624 -0.6195689786747216 0.32380235268906948
p -1.1448141967529963 -1.1448141967529959 0.32380235268906948
p -0.6195689786747236 -1.4957718311421617 0.32380235268906948
p -3.9654351477705143e-16 -1.619011763445348 0.32380235268906948
p 0.61956897867472283 -1.4957718311421622 0.32380235268906948
p 1.1448141967529959 -1.1448141967529963 0.32380235268906948
p 1.4957718311421617 -0.6195689786747236 0.32380235268906948
p 1.619011763445348 -4.9567939347131429e-16 0.32380235268906948
L open 1.5707963267948966 4.7123889803846897
p 1.619011763445348 -9.9135878694262857e-17 -0.32380235268906948
p 1.5879029063868741 0.31585352627845253 -0.32380235268906948
p 1.4957718311421622 0.61956897867472249 -0.32380235268906948
p 1.346159083265164 0.89947474267880867 -0.32380235268906948
p 1.1448141967529963 1.1448141967529961 -0.32380235268906948
p 0.899474742678809 1.3461590832651638 -0.32380235268906948
p 0.61956897867472271 1.4957718311421622 -0.32380235268906948
p 0.3158535262784532 1.5879029063868741 -0.32380235268906948
p 1.9827175738852571e-16 1.619011763445348 -0.32380235268906948
p -0.31585352627845276 1.5879029063868741 -0.32380235268906948
p -0.61956897867472238 1.4957718311421622 -0.32380235268906948
p -0.89947474267880867 1.346159083265164 -0.32380235268906948
p -1.1448141967529961 1.1448141967529963 -0.32380235268906948
p -1.3461590832651635 0.899474742678809 -0.32380235268906948
p -1.4957718311421617 0.61956897867472349 -0.32380235268906948
p -1.5879029063868741 0.31585352627845326 -0.32380235268906948
p -1.619011763445348 2.9740763608278857e-16 -0.32380235268906948
L open 4.7123889803846897 7.8539816339744828
p -1.619011763445348 2.9740763608278857e-16 -0.32380235268906948
p -1.5879029063868741 -0.3158535262784527 -0.32380235268906948
p -1.4957718311421619 -0.61956897867472294 -0.32380235268906948
p -1.346159083265164 -0.89947474267880856 -0.32380235268906948
p -1.1448141967529963 -1.1448141967529959 -0.32380235268906948
p -0.899474742678809 -1.3461590832651635 -0.32380235268906948
p -0.6195689786747236 -1.4957718311421617 -0.32380235268906948
p -0.31585352627845337 -1.5879029063868741 -0.32380235268906948
p -3.9654351477705143e-16 -1.619011763445348 -0.32380235268906948
p 0.31585352627845259 -1.5879029063868741 -0.32380235268906948
p 0.61956897867472283 -1.4957718311421622 -0.32380235268906948
p 0.89947474267880856 -1.346159083265164 -0.32380235268906948
p 1.1448141967529959 -1.1448141967529963 -0.32380235268906948
p 1.3461590832651635 -0.89947474267880922 -0.32380235268906948
p 1.4957718311421617 -0.6195689786747236 -0.32380235268906948
p 1.5879029063868741 -0.31585352627845348 -0.32380235268906948
p 1.619011763445348 -4.9567939347131429e-16 -0.32380235268906948
L open 1.5707963267948966 4.7123889803846897
p 2.2271420827084984 -1.3637312114176662e-16 -0.44542841654169946
p 2.1843481720870894 0.43449386609127139 -0.44542841654169946
p 2.0576109862089411 0.85229037657562279 -0.44542841654169946
p 1.8518009640523188 1.237333845858122 -0.44542841654169946
p 1.5748272693491101 1.5748272693491099 -0.44542841654169946
p 1.2373338458581227 1.8518009640523185 -0.44542841654169946
p 0.85229037657562312 2.0576109862089411 -0.44542841654169946
p 0.43449386609127227 2.1843481720870894 -0.44542841654169946
p 2.7274624228353325e-16 2.2271420827084984 -0.44542841654169946
p -0.43449386609127172 2.1843481720870894 -0.44542841654169946
p -0.85229037657562257 2.0576109862089411 -0.44542841654169946
p -1.237333845858122 1.8518009640523188 -0.44542841654169946
p -1.5748272693491099 1.5748272693491103 -0.44542841654169946
p -1.8518009640523183 1.2373338458581227 -0.44542841654169946
p -2.0576109862089407 0.85229037657562412 -0.44542841654169946
p -2.184348172087089 0.43449386609127244 -0.44542841654169946
p -2.2271420827084984 4.0911936342529982e-16 -0.44542841654169946
L open 4.7123889803846897 7.8539816339744828
p -2.2271420827084984 4.0911936342529982e-16 -0.44542841654169946
p -2.1843481720870894 -0.43449386609127161 -0.44542841654169946
p -2.0576109862089407 -0.85229037657562334 -0.44542841654169946
p -1.8518009640523188 -1.2373338458581218 -0.44542841654169946
p -1.5748272693491103 -1.5748272693491097 -0.44542841654169946
p -1.2373338458581227 -1.8518009640523183 -0.44542841654169946
p -0.85229037657562423 -2.0576109862089407 -0.44542841654169946
p -0.43449386609127255 -2.184348172087089 -0.44542841654169946
p -5.4549248456706649e-16 -2.2271420827084984 -0.44542841654169946
p 0.4344938660912715 -2.1843481720870894 -0.44542841654169946
p 0.85229037657562323 -2.0576109862089411 -0.44542841654169946
p 1.2373338458581218 -1.8518009640523188 -0.44542841654169946
p 1.5748272693491097 -1.5748272693491103 -0.44542841654169946
p 1.8518009640523183 -1.2373338458581229 -0.44542841654169946
p 2.0576109862089407 -0.85229037657562434 -0.44542841654169946
p 2.184348172087089 -0.43449386609127266 -0.44542841654169946
p 2.2271420827084984 -6.8186560570883311e-16 -0.44542841654169946
tx_cone_reversed done 2 0
L closed 1.5707963267948966 7.8539816339744828
p 1.9159460398573098 -1.1731785925251509e-16 0.4928842985775983
p 1.7701033316202226 0.73320080675889632 0.4928842985775983
p 1.3547784371706151 1.3547784371706149 0.4928842985775983
p 0.73320080675889665 1.7701033316202226 0.4928842985775983
p 2.3463571850503018e-16 1.9159460398573098 0.4928842985775983
p -0.73320080675889621 1.7701033316202228 0.4928842985775983
p -1.3547784371706149 1.3547784371706153 0.4928842985775983
p -1.7701033316202222 0.73320080675889754 0.4928842985775983
p -1.9159460398573098 3.5195357775754521e-16 0.4928842985775983
p -1.7701033316202224 -0.73320080675889687 0.4928842985775983
p -1.3547784371706153 -1.3547784371706146 0.4928842985775983
p -0.73320080675889765 -1.7701033316202222 0.4928842985775983
p -4.6927143701006035e-16 -1.9159460398573098 0.4928842985775983
p 0.73320080675889676 -1.7701033316202226 0.4928842985775983
p 1.3547784371706146 -1.3547784371706153 0.4928842985775983
p 1.7701033316202222 -0.73320080675889776 0.4928842985775983
p 1.9159460398573098 -5.8658929626257549e-16 0.4928842985775983
L closed 1.5707963267948966 7.8539816339744828
p 2.3693332876379967 -1.4507982134095738e-16 -0.33703549166595026
p 2.1889785301464224 0.90670459493017097 -0.33703549166595026
p 1.6753716345798444 1.6753716345798439 -0.33703549166595026
p 0.90670459493017141 2.1889785301464224 -0.33703549166595026
p 2.9015964268191476e-16 2.3693332876379967 -0.33703549166595026
p -0.90670459493017086 2.1889785301464229 -0.33703549166595026
p -1.6753716345798439 1.6753716345798446 -0.33703549166595026
p -2.188978530146422 0.90670459493017241 -0.33703549166595026
p -2.3693332876379967 4.3523946402287211e-16 -0.33703549166595026
p -2.188978530146422 -0.90670459493017164 -0.33703549166595026
p -1.6753716345798446 -1.6753716345798437 -0.33703549166595026
p -0.90670459493017252 -2.188978530146422 -0.33703549166595026
p -5.8031928536382951e-16 -2.3693332876379967 -0.33703549166595026
p 0.90670459493017153 -2.1889785301464224 -0.33703549166595026
p 1.6753716345798437 -1.6753716345798446 -0.33703549166595026
p 2.188978530146422 -0.90670459493017264 -0.33703549166595026
p 2.3693332876379967 -7.2539910670478697e-16 -0.33703549166595026
tx_cone_irrational_apex done 2 0
L closed 1.5707963267948963 7.8539816339744828
p 2.0228654722013188 -5.7303115087328101e-16 0.49947689654378485
p 1.8688840067905781 0.7741171021148282 0.49947689654378485
p 1.4303818928216803 1.43038189282168 0.49947689654378485
p 0.77411710211482987 1.8688840067905772 0.49947689654378485
p 2.4772957256370443e-16 2.0228654722013188 0.49947689654378485
p -0.77411710211482765 1.8688840067905783 0.49947689654378485
p -1.43038189282168 1.4303818928216805 0.49947689654378485
p -1.8688840067905772 0.77411710211482998 0.49947689654378485
p -2.0228654722013188 3.7159435884555664e-16 0.49947689654378485
p -1.8688840067905783 -0.77411710211482754 0.49947689654378485
p -1.4303818928216805 -1.4303818928216798 0.49947689654378485
p -0.77411710211483009 -1.8688840067905772 0.49947689654378485
p -4.9545914512740885e-16 -2.0228654722013188 0.49947689654378485
p 0.77411710211482909 -1.8688840067905779 0.49947689654378485
p 1.4303818928216798 -1.4303818928216805 0.49947689654378485
p 1.8688840067905772 -0.7741171021148302 0.49947689654378485
p 2.0228654722013188 -6.1932393140926111e-16 0.49947689654378485
L closed 1.5707963267948963 7.8539816339744828
p 1.5920589513316461 -4.5099359580590464e-16 -0.28910915034181067
p 1.4708706796866908 0.60925458402315935 -0.28910915034181067
p 1.1257556805353506 1.1257556805353506 -0.28910915034181067
p 0.60925458402316057 1.4708706796866902 -0.28910915034181067
p 1.9497098988021922e-16 1.5920589513316461 -0.28910915034181067
p -0.60925458402315891 1.4708706796866911 -0.28910915034181067
p -1.1257556805353506 1.1257556805353508 -0.28910915034181067
p -1.4708706796866902 0.60925458402316068 -0.28910915034181067
p -1.5920589513316461 2.9245648482032881e-16 -0.28910915034181067
p -1.4708706796866911 -0.6092545840231588 -0.28910915034181067
p -1.1257556805353508 -1.1257556805353504 -0.28910915034181067
p -0.60925458402316068 -1.4708706796866902 -0.28910915034181067
p -3.8994197976043844e-16 -1.5920589513316461 -0.28910915034181067
p 0.60925458402316002 -1.4708706796866906 -0.28910915034181067
p 1.1257556805353504 -1.1257556805353508 -0.28910915034181067
p 1.4708706796866902 -0.60925458402316079 -0.28910915034181067
p 1.5920589513316461 -4.8742747470054808e-16 -0.28910915034181067
tx_cone_miss done 0 0
tx_torus_two done 2 0
L closed 0 6.2831853071795862
p 1.5669872981077808 0 0.25
p 1.4477074924269409 0.59966007771238372 0.25
p 1.108027344525198 1.1080273445251978 0.25
p 0.59966007771238383 1.4477074924269409 0.25
p 9.5950298946612654e-17 1.5669872981077808 0.25
p -0.59966007771238361 1.4477074924269409 0.25
p -1.1080273445251978 1.108027344525198 0.25
p -1.4477074924269409 0.59966007771238394 0.25
p -1.5669872981077808 1.9190059789322531e-16 0.25
p -1.4477074924269411 -0.5996600777123835 0.25
p -1.1080273445251982 -1.1080273445251978 0.25
p -0.59966007771238461 -1.4477074924269404 0.25
p -2.8785089683983797e-16 -1.5669872981077808 0.25
p 0.59966007771238405 -1.4477074924269406 0.25
p 1.1080273445251976 -1.1080273445251982 0.25
p 1.4477074924269404 -0.59966007771238472 0.25
p 1.5669872981077808 -3.8380119578645062e-16 0.25
L closed 0 6.2831853071795862
p 2.4330127018922192 0 0.25
p 2.2478106376182061 0.93107365174797541 0.25
p 1.7203997802209923 1.720399780220992 0.25
p 0.93107365174797552 2.2478106376182061 0.25
p 1.4897906088285798e-16 2.4330127018922192 0.25
p -0.93107365174797529 2.2478106376182061 0.25
p -1.720399780220992 1.7203997802209923 0.25
p -2.2478106376182061 0.93107365174797563 0.25
p -2.4330127018922192 2.9795812176571595e-16 0.25
p -2.2478106376182065 -0.93107365174797518 0.25
p -1.7203997802209925 -1.720399780220992 0.25
p -0.93107365174797674 -2.2478106376182057 0.25
p -4.469371826485739e-16 -2.4330127018922192 0.25
p 0.93107365174797596 -2.2478106376182057 0.25
p 1.7203997802209918 -1.7203997802209925 0.25
p 2.2478106376182057 -0.93107365174797685 0.25
p 2.4330127018922192 -5.959162435314319e-16 0.25
tx_torus_tangent done 1 0
L closed 0 6.2831853071795862
p 2 0 0.5
p 1.8477590650225735 0.76536686473017956 0.5
p 1.4142135623730951 1.4142135623730949 0.5
p 0.76536686473017967 1.8477590650225735 0.5
p 1.2246467991473532e-16 2 0.5
p -0.76536686473017945 1.8477590650225735 0.5
p -1.4142135623730949 1.4142135623730951 0.5
p -1.8477590650225735 0.76536686473017979 0.5
p -2 2.4492935982947064e-16 0.5
p -1.8477590650225737 -0.76536686473017934 0.5
p -1.4142135623730954 -1.4142135623730949 0.5
p -0.76536686473018067 -1.847759065022573 0.5
p -3.6739403974420594e-16 -2 0.5
p 0.76536686473018001 -1.8477590650225733 0.5
p 1.4142135623730947 -1.4142135623730954 0.5
p 1.847759065022573 -0.76536686473018078 0.5
p 2 -4.8985871965894128e-16 0.5
tx_torus_nested_tangent done 1 0
L closed 0 6.2831853071795862
p 1.5 0 0
p 1.38581929876693 0.57402514854763464 0
p 1.0606601717798214 1.0606601717798212 0
p 0.57402514854763476 1.38581929876693 0
p 9.1848509936051484e-17 1.5 0
p -0.57402514854763464 1.38581929876693 0
p -1.0606601717798212 1.0606601717798214 0
p -1.38581929876693 0.57402514854763487 0
p -1.5 1.8369701987210297e-16 0
p -1.3858192987669302 -0.57402514854763453 0
p -1.0606601717798214 -1.0606601717798212 0
p -0.57402514854763553 -1.3858192987669298 0
p -2.7554552980815448e-16 -1.5 0
p 0.57402514854763498 -1.38581929876693 0
p 1.060660171779821 -1.0606601717798214 0
p 1.3858192987669298 -0.57402514854763553 0
p 1.5 -3.6739403974420594e-16 0
tx_torus_miss done 0 0
tx_torus_concentric done 0 0
tx_torus_same done 0 0
