case box 1e-07
v 0.0 0.0 0.0
v 3.0 0.0 0.0
v 3.0 2.0 0.0
v 0.0 2.0 0.0
v 0.0 0.0 1.0
v 3.0 0.0 1.0
v 3.0 2.0 1.0
v 0.0 2.0 1.0
e 0 4 line 0.0 0.0 0.0 0.0 0.0 1.0 0.0 1.0
e 1 5 line 3.0 0.0 0.0 0.0 0.0 1.0 0.0 1.0
e 2 6 line 3.0 2.0 0.0 0.0 0.0 1.0 0.0 1.0
e 3 7 line 0.0 2.0 0.0 0.0 0.0 1.0 0.0 1.0
e 0 1 line 0.0 0.0 0.0 1.0 0.0 0.0 0.0 3.0
e 4 5 line 0.0 0.0 1.0 1.0 0.0 0.0 0.0 3.0
e 1 2 line 3.0 0.0 0.0 0.0 1.0 0.0 0.0 2.0
e 5 6 line 3.0 0.0 1.0 0.0 1.0 0.0 0.0 2.0
e 2 3 line 3.0 2.0 0.0 -1.0 0.0 0.0 0.0 3.0
e 6 7 line 3.0 2.0 1.0 -1.0 0.0 0.0 0.0 3.0
e 3 0 line 0.0 2.0 0.0 0.0 -1.0 0.0 0.0 2.0
e 7 4 line 0.0 2.0 1.0 0.0 -1.0 0.0 0.0 2.0
f plane 0.0 0.0 0.0 0.0 0.0 -1.0 1.0 0.0 0.0 F
w
u 10 R line 0.0 -2.0 0.0 1.0
u 8 R line 3.0 -2.0 -1.0 0.0
u 6 R line 3.0 0.0 0.0 -1.0
u 4 R line 0.0 0.0 1.0 0.0
f plane 0.0 0.0 1.0 0.0 0.0 1.0 1.0 0.0 0.0 F
w
u 5 F line 0.0 0.0 1.0 0.0
u 7 F line 3.0 0.0 0.0 1.0
u 9 F line 3.0 2.0 -1.0 0.0
u 11 F line 0.0 2.0 0.0 -1.0
f plane 0.0 0.0 0.0 0.0 -1.0 0.0 1.0 0.0 0.0 F
w
u 4 F line 0.0 0.0 1.0 0.0
u 1 F line 3.0 0.0 0.0 1.0
u 5 R line 0.0 1.0 1.0 0.0
u 0 R line 0.0 0.0 0.0 1.0
f plane 3.0 0.0 0.0 1.0 -0.0 0.0 0.0 1.0 0.0 F
w
u 6 F line 0.0 0.0 1.0 0.0
u 2 F line 2.0 0.0 0.0 1.0
u 7 R line 0.0 1.0 1.0 0.0
u 1 R line 0.0 0.0 0.0 1.0
f plane 3.0 2.0 0.0 0.0 1.0 0.0 -1.0 0.0 0.0 F
w
u 8 F line 0.0 0.0 1.0 0.0
u 3 F line 3.0 0.0 0.0 1.0
u 9 R line 0.0 1.0 1.0 0.0
u 2 R line 0.0 0.0 0.0 1.0
f plane 0.0 2.0 0.0 -1.0 -0.0 0.0 0.0 -1.0 0.0 F
w
u 10 F line 0.0 0.0 1.0 0.0
u 0 F line 2.0 0.0 0.0 1.0
u 11 R line 0.0 1.0 1.0 0.0
u 3 R line 0.0 0.0 0.0 1.0
s 0 1 2 3 4 5
end
case cylinder 1e-07
v 1.5 0.0 0.0
v 1.5 0.0 2.0
e 0 0 circle 0.0 0.0 0.0 0.0 0.0 1.0 1.0 0.0 0.0 1.5 0.0 6.283185307179586
e 1 1 circle 0.0 0.0 2.0 0.0 0.0 1.0 1.0 0.0 0.0 1.5 0.0 6.283185307179586
e 0 1 line 1.5 0.0 0.0 0.0 0.0 1.0 0.0 2.0
f plane 0.0 0.0 0.0 0.0 0.0 -1.0 1.0 0.0 0.0 F
w
u 0 R circle 0.0 -0.0 1.0 0.0 1.5 -1.0
f plane 0.0 0.0 2.0 0.0 0.0 1.0 1.0 0.0 0.0 F
w
u 1 F circle 0.0 0.0 1.0 0.0 1.5 1.0
f cylinder 0.0 0.0 0.0 0.0 0.0 1.0 1.0 0.0 0.0 1.5 F
w
u 0 F line 0.0 0.0 1.0 0.0
u 2 F line 6.283185307179586 0.0 0.0 1.0
u 1 R line 0.0 2.0 1.0 0.0
u 2 R line 0.0 0.0 0.0 1.0
s 0 1 2
end
case plate_square_hole 1e-07
v 0.0 0.0 0.0
v 4.0 0.0 0.0
v 4.0 3.0 0.0
v 0.0 3.0 0.0
v 0.0 0.0 0.5
v 4.0 0.0 0.5
v 4.0 3.0 0.5
v 0.0 3.0 0.5
v 1.0 2.0 0.0
v 2.0 2.0 0.0
v 2.0 1.0 0.0
v 1.0 1.0 0.0
v 1.0 2.0 0.5
v 2.0 2.0 0.5
v 2.0 1.0 0.5
v 1.0 1.0 0.5
e 0 4 line 0.0 0.0 0.0 0.0 0.0 1.0 0.0 0.5
e 1 5 line 4.0 0.0 0.0 0.0 0.0 1.0 0.0 0.5
e 2 6 line 4.0 3.0 0.0 0.0 0.0 1.0 0.0 0.5
e 3 7 line 0.0 3.0 0.0 0.0 0.0 1.0 0.0 0.5
e 0 1 line 0.0 0.0 0.0 1.0 0.0 0.0 0.0 4.0
e 4 5 line 0.0 0.0 0.5 1.0 0.0 0.0 0.0 4.0
e 1 2 line 4.0 0.0 0.0 0.0 1.0 0.0 0.0 3.0
e 5 6 line 4.0 0.0 0.5 0.0 1.0 0.0 0.0 3.0
e 2 3 line 4.0 3.0 0.0 -1.0 0.0 0.0 0.0 4.0
e 6 7 line 4.0 3.0 0.5 -1.0 0.0 0.0 0.0 4.0
e 3 0 line 0.0 3.0 0.0 0.0 -1.0 0.0 0.0 3.0
e 7 4 line 0.0 3.0 0.5 0.0 -1.0 0.0 0.0 3.0
e 8 12 line 1.0 2.0 0.0 0.0 0.0 1.0 0.0 0.5
e 9 13 line 2.0 2.0 0.0 0.0 0.0 1.0 0.0 0.5
e 10 14 line 2.0 1.0 0.0 0.0 0.0 1.0 0.0 0.5
e 11 15 line 1.0 1.0 0.0 0.0 0.0 1.0 0.0 0.5
e 8 9 line 1.0 2.0 0.0 1.0 0.0 0.0 0.0 1.0
e 12 13 line 1.0 2.0 0.5 1.0 0.0 0.0 0.0 1.0
e 9 10 line 2.0 2.0 0.0 0.0 -1.0 0.0 0.0 1.0
e 13 14 line 2.0 2.0 0.5 0.0 -1.0 0.0 0.0 1.0
e 10 11 line 2.0 1.0 0.0 -1.0 0.0 0.0 0.0 1.0
e 14 15 line 2.0 1.0 0.5 -1.0 0.0 0.0 0.0 1.0
e 11 8 line 1.0 1.0 0.0 0.0 1.0 0.0 0.0 1.0
e 15 12 line 1.0 1.0 0.5 0.0 1.0 0.0 0.0 1.0
f plane 0.0 0.0 0.0 0.0 0.0 -1.0 1.0 0.0 0.0 F
w
u 10 R line 0.0 -3.0 0.0 1.0
u 8 R line 4.0 -3.0 -1.0 0.0
u 6 R line 4.0 0.0 0.0 -1.0
u 4 R line 0.0 0.0 1.0 0.0
w
u 22 R line 1.0 -1.0 0.0 -1.0
u 20 R line 2.0 -1.0 -1.0 0.0
u 18 R line 2.0 -2.0 0.0 1.0
u 16 R line 1.0 -2.0 1.0 0.0
f plane 0.0 0.0 0.5 0.0 0.0 1.0 1.0 0.0 0.0 F
w
u 5 F line 0.0 0.0 1.0 0.0
u 7 F line 4.0 0.0 0.0 1.0
u 9 F line 4.0 3.0 -1.0 0.0
u 11 F line 0.0 3.0 0.0 -1.0
w
u 17 F line 1.0 2.0 1.0 0.0
u 19 F line 2.0 2.0 0.0 -1.0
u 21 F line 2.0 1.0 -1.0 0.0
u 23 F line 1.0 1.0 0.0 1.0
f plane 0.0 0.0 0.0 0.0 -1.0 0.0 1.0 0.0 0.0 F
w
u 4 F line 0.0 0.0 1.0 0.0
u 1 F line 4.0 0.0 0.0 1.0
u 5 R line 0.0 0.5 1.0 0.0
u 0 R line 0.0 0.0 0.0 1.0
f plane 4.0 0.0 0.0 1.0 -0.0 0.0 0.0 1.0 0.0 F
w
u 6 F line 0.0 0.0 1.0 0.0
u 2 F line 3.0 0.0 0.0 1.0
u 7 R line 0.0 0.5 1.0 0.0
u 1 R line 0.0 0.0 0.0 1.0
f plane 4.0 3.0 0.0 0.0 1.0 0.0 -1.0 0.0 0.0 F
w
u 8 F line 0.0 0.0 1.0 0.0
u 3 F line 4.0 0.0 0.0 1.0
u 9 R line 0.0 0.5 1.0 0.0
u 2 R line 0.0 0.0 0.0 1.0
f plane 0.0 3.0 0.0 -1.0 -0.0 0.0 0.0 -1.0 0.0 F
w
u 10 F line 0.0 0.0 1.0 0.0
u 0 F line 3.0 0.0 0.0 1.0
u 11 R line 0.0 0.5 1.0 0.0
u 3 R line 0.0 0.0 0.0 1.0
f plane 1.0 2.0 0.0 0.0 -1.0 0.0 1.0 0.0 0.0 F
w
u 16 F line 0.0 0.0 1.0 0.0
u 13 F line 1.0 0.0 0.0 1.0
u 17 R line 0.0 0.5 1.0 0.0
u 12 R line 0.0 0.0 0.0 1.0
f plane 2.0 2.0 0.0 -1.0 -0.0 0.0 0.0 -1.0 0.0 F
w
u 18 F line 0.0 0.0 1.0 0.0
u 14 F line 1.0 0.0 0.0 1.0
u 19 R line 0.0 0.5 1.0 0.0
u 13 R line 0.0 0.0 0.0 1.0
f plane 2.0 1.0 0.0 0.0 1.0 0.0 -1.0 0.0 0.0 F
w
u 20 F line 0.0 0.0 1.0 0.0
u 15 F line 1.0 0.0 0.0 1.0
u 21 R line 0.0 0.5 1.0 0.0
u 14 R line 0.0 0.0 0.0 1.0
f plane 1.0 1.0 0.0 1.0 -0.0 0.0 0.0 1.0 0.0 F
w
u 22 F line 0.0 0.0 1.0 0.0
u 12 F line 1.0 0.0 0.0 1.0
u 23 R line 0.0 0.5 1.0 0.0
u 15 R line 0.0 0.0 0.0 1.0
s 0 1 2 3 4 5 6 7 8 9
end
case plate_round_hole 1e-07
v 0.0 0.0 0.0
v 4.0 0.0 0.0
v 4.0 3.0 0.0
v 0.0 3.0 0.0
v 0.0 0.0 0.5
v 4.0 0.0 0.5
v 4.0 3.0 0.5
v 0.0 3.0 0.5
v 2.75 1.5 0.0
v 2.75 1.5 0.5
e 0 4 line 0.0 0.0 0.0 0.0 0.0 1.0 0.0 0.5
e 1 5 line 4.0 0.0 0.0 0.0 0.0 1.0 0.0 0.5
e 2 6 line 4.0 3.0 0.0 0.0 0.0 1.0 0.0 0.5
e 3 7 line 0.0 3.0 0.0 0.0 0.0 1.0 0.0 0.5
e 0 1 line 0.0 0.0 0.0 1.0 0.0 0.0 0.0 4.0
e 4 5 line 0.0 0.0 0.5 1.0 0.0 0.0 0.0 4.0
e 1 2 line 4.0 0.0 0.0 0.0 1.0 0.0 0.0 3.0
e 5 6 line 4.0 0.0 0.5 0.0 1.0 0.0 0.0 3.0
e 2 3 line 4.0 3.0 0.0 -1.0 0.0 0.0 0.0 4.0
e 6 7 line 4.0 3.0 0.5 -1.0 0.0 0.0 0.0 4.0
e 3 0 line 0.0 3.0 0.0 0.0 -1.0 0.0 0.0 3.0
e 7 4 line 0.0 3.0 0.5 0.0 -1.0 0.0 0.0 3.0
e 8 8 circle 2.0 1.5 0.0 -0.0 -0.0 -1.0 1.0 0.0 0.0 0.75 -0.0 6.283185307179586
e 9 9 circle 2.0 1.5 0.5 -0.0 -0.0 -1.0 1.0 0.0 0.0 0.75 -0.0 6.283185307179586
e 8 9 line 2.75 1.5 0.0 0.0 0.0 1.0 0.0 0.5
f plane 0.0 0.0 0.0 0.0 0.0 -1.0 1.0 0.0 0.0 F
w
u 10 R line 0.0 -3.0 0.0 1.0
u 8 R line 4.0 -3.0 -1.0 0.0
u 6 R line 4.0 0.0 0.0 -1.0
u 4 R line 0.0 0.0 1.0 0.0
w
u 12 R circle 2.0 -1.5 1.0 0.0 0.75 1.0
f plane 0.0 0.0 0.5 0.0 0.0 1.0 1.0 0.0 0.0 F
w
u 5 F line 0.0 0.0 1.0 0.0
u 7 F line 4.0 0.0 0.0 1.0
u 9 F line 4.0 3.0 -1.0 0.0
u 11 F line 0.0 3.0 0.0 -1.0
w
u 13 F circle 2.0 1.5 1.0 0.0 0.75 -1.0
f plane 0.0 0.0 0.0 0.0 -1.0 0.0 1.0 0.0 0.0 F
w
u 4 F line 0.0 0.0 1.0 0.0
u 1 F line 4.0 0.0 0.0 1.0
u 5 R line 0.0 0.5 1.0 0.0
u 0 R line 0.0 0.0 0.0 1.0
f plane 4.0 0.0 0.0 1.0 -0.0 0.0 0.0 1.0 0.0 F
w
u 6 F line 0.0 0.0 1.0 0.0
u 2 F line 3.0 0.0 0.0 1.0
u 7 R line 0.0 0.5 1.0 0.0
u 1 R line 0.0 0.0 0.0 1.0
f plane 4.0 3.0 0.0 0.0 1.0 0.0 -1.0 0.0 0.0 F
w
u 8 F line 0.0 0.0 1.0 0.0
u 3 F line 4.0 0.0 0.0 1.0
u 9 R line 0.0 0.5 1.0 0.0
u 2 R line 0.0 0.0 0.0 1.0
f plane 0.0 3.0 0.0 -1.0 -0.0 0.0 0.0 -1.0 0.0 F
w
u 10 F line 0.0 0.0 1.0 0.0
u 0 F line 3.0 0.0 0.0 1.0
u 11 R line 0.0 0.5 1.0 0.0
u 3 R line 0.0 0.0 0.0 1.0
f cylinder 2.0 1.5 0.0 0.0 0.0 1.0 1.0 0.0 0.0 0.75 R
w
u 12 R line 0.0 0.0 -1.0 0.0
u 14 R line -6.283185307179586 0.0 0.0 1.0
u 13 F line 0.0 0.5 -1.0 0.0
u 14 F line 0.0 0.0 0.0 1.0
s 0 1 2 3 4 5 6
end
case plate_two_holes 1e-07
v 0.0 0.0 -0.25
v 6.0 0.0 -0.25
v 6.0 3.0 -0.25
v 0.0 3.0 -0.25
v 0.0 0.0 0.25
v 6.0 0.0 0.25
v 6.0 3.0 0.25
v 0.0 3.0 0.25
v 2.0 1.5 -0.25
v 2.0 1.5 0.25
v 4.6000000000000005 0.8071796769724491 -0.25
v 3.8 0.8071796769724493 -0.25
v 3.4000000000000004 1.5 -0.25
v 3.8000000000000003 2.192820323027551 -0.25
v 4.6000000000000005 2.1928203230275507 -0.25
v 5.0 1.5 -0.25
v 4.6000000000000005 0.8071796769724491 0.25
v 3.8 0.8071796769724493 0.25
v 3.4000000000000004 1.5 0.25
v 3.8000000000000003 2.192820323027551 0.25
v 4.6000000000000005 2.1928203230275507 0.25
v 5.0 1.5 0.25
e 0 4 line 0.0 0.0 -0.25 0.0 0.0 1.0 0.0 0.5
e 1 5 line 6.0 0.0 -0.25 0.0 0.0 1.0 0.0 0.5
e 2 6 line 6.0 3.0 -0.25 0.0 0.0 1.0 0.0 0.5
e 3 7 line 0.0 3.0 -0.25 0.0 0.0 1.0 0.0 0.5
e 0 1 line 0.0 0.0 -0.25 1.0 0.0 0.0 0.0 6.0
e 4 5 line 0.0 0.0 0.25 1.0 0.0 0.0 0.0 6.0
e 1 2 line 6.0 0.0 -0.25 0.0 1.0 0.0 0.0 3.0
e 5 6 line 6.0 0.0 0.25 0.0 1.0 0.0 0.0 3.0
e 2 3 line 6.0 3.0 -0.25 -1.0 0.0 0.0 0.0 6.0
e 6 7 line 6.0 3.0 0.25 -1.0 0.0 0.0 0.0 6.0
e 3 0 line 0.0 3.0 -0.25 0.0 -1.0 0.0 0.0 3.0
e 7 4 line 0.0 3.0 0.25 0.0 -1.0 0.0 0.0 3.0
e 8 8 circle 1.5 1.5 -0.25 -0.0 -0.0 -1.0 1.0 0.0 0.0 0.5 -0.0 6.283185307179586
e 9 9 circle 1.5 1.5 0.25 -0.0 -0.0 -1.0 1.0 0.0 0.0 0.5 -0.0 6.283185307179586
e 8 9 line 2.0 1.5 -0.25 0.0 0.0 1.0 0.0 0.5
e 10 16 line 4.6000000000000005 0.8071796769724491 -0.25 0.0 0.0 1.0 0.0 0.5
e 11 17 line 3.8 0.8071796769724493 -0.25 0.0 0.0 1.0 0.0 0.5
e 12 18 line 3.4000000000000004 1.5 -0.25 0.0 0.0 1.0 0.0 0.5
e 13 19 line 3.8000000000000003 2.192820323027551 -0.25 0.0 0.0 1.0 0.0 0.5
e 14 20 line 4.6000000000000005 2.1928203230275507 -0.25 0.0 0.0 1.0 0.0 0.5
e 15 21 line 5.0 1.5 -0.25 0.0 0.0 1.0 0.0 0.5
e 10 11 line 4.6000000000000005 0.8071796769724491 -0.25 -1.0 2.775557561562889e-16 0.0 0.0 0.8000000000000007
e 16 17 line 4.6000000000000005 0.8071796769724491 0.25 -1.0 2.775557561562889e-16 0.0 0.0 0.8000000000000007
e 11 12 line 3.8 0.8071796769724493 -0.25 -0.49999999999999967 0.8660254037844389 0.0 0.0 0.7999999999999995
e 17 18 line 3.8 0.8071796769724493 0.25 -0.49999999999999967 0.8660254037844389 0.0 0.0 0.7999999999999995
e 12 13 line 3.4000000000000004 1.5 -0.25 0.4999999999999998 0.8660254037844387 0.0 0.0 0.8000000000000002
e 18 19 line 3.4000000000000004 1.5 0.25 0.4999999999999998 0.8660254037844387 0.0 0.0 0.8000000000000002
e 13 14 line 3.8000000000000003 2.192820323027551 -0.25 1.0 -5.551115123125781e-16 0.0 0.0 0.8000000000000003
e 19 20 line 3.8000000000000003 2.192820323027551 0.25 1.0 -5.551115123125781e-16 0.0 0.0 0.8000000000000003
e 14 15 line 4.6000000000000005 2.1928203230275507 -0.25 0.49999999999999967 -0.8660254037844389 0.0 0.0 0.7999999999999995
e 20 21 line 4.6000000000000005 2.1928203230275507 0.25 0.49999999999999967 -0.8660254037844389 0.0 0.0 0.7999999999999995
e 15 10 line 5.0 1.5 -0.25 -0.4999999999999995 -0.8660254037844389 0.0 0.0 0.7999999999999997
e 21 16 line 5.0 1.5 0.25 -0.4999999999999995 -0.8660254037844389 0.0 0.0 0.7999999999999997
f plane 0.0 0.0 -0.25 0.0 0.0 -1.0 1.0 0.0 0.0 F
w
u 10 R line 0.0 -3.0 0.0 1.0
u 8 R line 6.0 -3.0 -1.0 0.0
u 6 R line 6.0 0.0 0.0 -1.0
u 4 R line 0.0 0.0 1.0 0.0
w
u 12 R circle 1.5 -1.5 1.0 0.0 0.5 1.0
w
u 31 R line 5.0 -1.5 -0.49999999999999956 0.866025403784439
u 29 R line 4.6000000000000005 -2.1928203230275507 0.49999999999999956 0.8660254037844388
u 27 R line 3.8000000000000003 -2.192820323027551 1.0 5.551115123125781e-16
u 25 R line 3.4000000000000004 -1.5 0.4999999999999997 -0.8660254037844386
u 23 R line 3.8 -0.8071796769724493 -0.49999999999999956 -0.8660254037844388
u 21 R line 4.6000000000000005 -0.8071796769724491 -1.0 -2.775557561562889e-16
f plane 0.0 0.0 0.25 0.0 0.0 1.0 1.0 0.0 0.0 F
w
u 5 F line 0.0 0.0 1.0 0.0
u 7 F line 6.0 0.0 0.0 1.0
u 9 F line 6.0 3.0 -1.0 0.0
u 11 F line 0.0 3.0 0.0 -1.0
w
u 13 F circle 1.5 1.5 1.0 0.0 0.5 -1.0
w
u 22 F line 4.6000000000000005 0.8071796769724491 -1.0 2.775557561562889e-16
u 24 F line 3.8 0.8071796769724493 -0.49999999999999956 0.8660254037844388
u 26 F line 3.4000000000000004 1.5 0.4999999999999997 0.8660254037844386
u 28 F line 3.8000000000000003 2.192820323027551 1.0 -5.551115123125781e-16
u 30 F line 4.6000000000000005 2.1928203230275507 0.49999999999999956 -0.8660254037844388
u 32 F line 5.0 1.5 -0.49999999999999956 -0.866025403784439
f plane 0.0 0.0 -0.25 0.0 -1.0 0.0 1.0 0.0 0.0 F
w
u 4 F line 0.0 0.0 1.0 0.0
u 1 F line 6.0 0.0 0.0 1.0
u 5 R line 0.0 0.5 1.0 0.0
u 0 R line 0.0 0.0 0.0 1.0
f plane 6.0 0.0 -0.25 1.0 -0.0 0.0 0.0 1.0 0.0 F
w
u 6 F line 0.0 0.0 1.0 0.0
u 2 F line 3.0 0.0 0.0 1.0
u 7 R line 0.0 0.5 1.0 0.0
u 1 R line 0.0 0.0 0.0 1.0
f plane 6.0 3.0 -0.25 0.0 1.0 0.0 -1.0 0.0 0.0 F
w
u 8 F line 0.0 0.0 1.0 0.0
u 3 F line 6.0 0.0 0.0 1.0
u 9 R line 0.0 0.5 1.0 0.0
u 2 R line 0.0 0.0 0.0 1.0
f plane 0.0 3.0 -0.25 -1.0 -0.0 0.0 0.0 -1.0 0.0 F
w
u 10 F line 0.0 0.0 1.0 0.0
u 0 F line 3.0 0.0 0.0 1.0
u 11 R line 0.0 0.5 1.0 0.0
u 3 R line 0.0 0.0 0.0 1.0
f cylinder 1.5 1.5 -0.25 0.0 0.0 1.0 1.0 0.0 0.0 0.5 R
w
u 12 R line 0.0 0.0 -1.0 0.0
u 14 R line -6.283185307179586 0.0 0.0 1.0
u 13 F line 0.0 0.5 -1.0 0.0
u 14 F line 0.0 0.0 0.0 1.0
f plane 4.6000000000000005 0.8071796769724491 -0.25 2.775557561562889e-16 1.0 0.0 -1.0 2.775557561562889e-16 0.0 F
w
u 21 F line 0.0 0.0 1.0 0.0
u 16 F line 0.8000000000000007 0.0 0.0 1.0
u 22 R line 0.0 0.5 1.0 0.0
u 15 R line 0.0 0.0 0.0 1.0
f plane 3.8 0.8071796769724493 -0.25 0.8660254037844388 0.49999999999999956 0.0 -0.49999999999999956 0.8660254037844388 0.0 F
w
u 23 F line 0.0 0.0 1.0 0.0
u 17 F line 0.7999999999999996 0.0 0.0 1.0
u 24 R line 0.0 0.5 1.0 0.0
u 16 R line 0.0 0.0 0.0 1.0
f plane 3.4000000000000004 1.5 -0.25 0.8660254037844386 -0.4999999999999997 0.0 0.4999999999999997 0.8660254037844386 0.0 F
w
u 25 F line 0.0 0.0 1.0 0.0
u 18 F line 0.8000000000000003 0.0 0.0 1.0
u 26 R line 0.0 0.5 1.0 0.0
u 17 R line 0.0 0.0 0.0 1.0
f plane 3.8000000000000003 2.192820323027551 -0.25 -5.551115123125781e-16 -1.0 0.0 1.0 -5.551115123125781e-16 0.0 F
w
u 27 F line 0.0 0.0 1.0 0.0
u 19 F line 0.8000000000000003 0.0 0.0 1.0
u 28 R line 0.0 0.5 1.0 0.0
u 18 R line 0.0 0.0 0.0 1.0
f plane 4.6000000000000005 2.1928203230275507 -0.25 -0.8660254037844388 -0.49999999999999956 0.0 0.49999999999999956 -0.8660254037844388 0.0 F
w
u 29 F line 0.0 0.0 1.0 0.0
u 20 F line 0.7999999999999996 0.0 0.0 1.0
u 30 R line 0.0 0.5 1.0 0.0
u 19 R line 0.0 0.0 0.0 1.0
f plane 5.0 1.5 -0.25 -0.866025403784439 0.49999999999999956 0.0 -0.49999999999999956 -0.866025403784439 0.0 F
w
u 31 F line 0.0 0.0 1.0 0.0
u 15 F line 0.7999999999999996 0.0 0.0 1.0
u 32 R line 0.0 0.5 1.0 0.0
u 20 R line 0.0 0.0 0.0 1.0
s 0 1 2 3 4 5 6 7 8 9 10 11 12
end
case tube 1e-07
v 2.0 0.0 0.0
v 2.0 0.0 3.0
v 1.0 0.0 0.0
v 1.0 0.0 3.0
e 0 0 circle 0.0 0.0 0.0 0.0 0.0 1.0 1.0 0.0 0.0 2.0 0.0 6.283185307179586
e 1 1 circle 0.0 0.0 3.0 0.0 0.0 1.0 1.0 0.0 0.0 2.0 0.0 6.283185307179586
e 0 1 line 2.0 0.0 0.0 0.0 0.0 1.0 0.0 3.0
e 2 2 circle 0.0 0.0 0.0 -0.0 -0.0 -1.0 1.0 0.0 0.0 1.0 -0.0 6.283185307179586
e 3 3 circle 0.0 0.0 3.0 -0.0 -0.0 -1.0 1.0 0.0 0.0 1.0 -0.0 6.283185307179586
e 2 3 line 1.0 0.0 0.0 0.0 0.0 1.0 0.0 3.0
f plane 0.0 0.0 0.0 0.0 0.0 -1.0 1.0 0.0 0.0 F
w
u 0 R circle 0.0 -0.0 1.0 0.0 2.0 -1.0
w
u 3 R circle 0.0 -0.0 1.0 0.0 1.0 1.0
f plane 0.0 0.0 3.0 0.0 0.0 1.0 1.0 0.0 0.0 F
w
u 1 F circle 0.0 0.0 1.0 0.0 2.0 1.0
w
u 4 F circle 0.0 0.0 1.0 0.0 1.0 -1.0
f cylinder 0.0 0.0 0.0 0.0 0.0 1.0 1.0 0.0 0.0 2.0 F
w
u 0 F line 0.0 0.0 1.0 0.0
u 2 F line 6.283185307179586 0.0 0.0 1.0
u 1 R line 0.0 3.0 1.0 0.0
u 2 R line 0.0 0.0 0.0 1.0
f cylinder 0.0 0.0 0.0 0.0 0.0 1.0 1.0 0.0 0.0 1.0 R
w
u 3 R line 0.0 0.0 -1.0 0.0
u 5 R line -6.283185307179586 0.0 0.0 1.0
u 4 F line 0.0 3.0 -1.0 0.0
u 5 F line 0.0 0.0 0.0 1.0
s 0 1 2 3
end
case triangle 1e-07
v 1.0 0.0 0.0
v -0.49999999999999983 0.8660254037844387 0.0
v -0.5000000000000004 -0.8660254037844384 0.0
v 1.0 0.0 0.7
v -0.49999999999999983 0.8660254037844387 0.7
v -0.5000000000000004 -0.8660254037844384 0.7
e 0 3 line 1.0 0.0 0.0 0.0 0.0 1.0 0.0 0.7
e 1 4 line -0.49999999999999983 0.8660254037844387 0.0 0.0 0.0 1.0 0.0 0.7
e 2 5 line -0.5000000000000004 -0.8660254037844384 0.0 0.0 0.0 1.0 0.0 0.7
e 0 1 line 1.0 0.0 0.0 -0.8660254037844386 0.5000000000000001 0.0 0.0 1.7320508075688772
e 3 4 line 1.0 0.0 0.7 -0.8660254037844386 0.5000000000000001 0.0 0.0 1.7320508075688772
e 1 2 line -0.49999999999999983 0.8660254037844387 0.0 -3.5254315917032006e-16 -1.0 0.0 0.0 1.7320508075688772
e 4 5 line -0.49999999999999983 0.8660254037844387 0.7 -3.5254315917032006e-16 -1.0 0.0 0.0 1.7320508075688772
e 2 0 line -0.5000000000000004 -0.8660254037844384 0.0 0.8660254037844387 0.4999999999999997 0.0 0.0 1.7320508075688776
e 5 3 line -0.5000000000000004 -0.8660254037844384 0.7 0.8660254037844387 0.4999999999999997 0.0 0.0 1.7320508075688776
f plane 0.0 0.0 0.0 0.0 0.0 -1.0 1.0 0.0 0.0 F
w
u 7 R line -0.5000000000000004 0.8660254037844384 0.8660254037844387 -0.4999999999999997
u 5 R line -0.49999999999999983 -0.8660254037844387 -3.5254315917032006e-16 1.0
u 3 R line 1.0 0.0 -0.8660254037844386 -0.5000000000000001
f plane 0.0 0.0 0.7 0.0 0.0 1.0 1.0 0.0 0.0 F
w
u 4 F line 1.0 0.0 -0.8660254037844386 0.5000000000000001
u 6 F line -0.49999999999999983 0.8660254037844387 -3.5254315917032006e-16 -1.0
u 8 F line -0.5000000000000004 -0.8660254037844384 0.8660254037844387 0.4999999999999997
f plane 1.0 0.0 0.0 0.5000000000000001 0.8660254037844386 0.0 -0.8660254037844386 0.5000000000000001 0.0 F
w
u 3 F line 0.0 0.0 1.0 0.0
u 1 F line 1.7320508075688772 0.0 0.0 1.0
u 4 R line 0.0 0.7 1.0 0.0
u 0 R line 0.0 0.0 0.0 1.0
f plane -0.49999999999999983 0.8660254037844387 0.0 -1.0 3.5254315917032006e-16 0.0 -3.5254315917032006e-16 -1.0 0.0 F
w
u 5 F line 0.0 0.0 1.0 0.0
u 2 F line 1.7320508075688772 0.0 0.0 1.0
u 6 R line 0.0 0.7 1.0 0.0
u 1 R line 0.0 0.0 0.0 1.0
f plane -0.5000000000000004 -0.8660254037844384 0.0 0.4999999999999997 -0.8660254037844387 0.0 0.8660254037844387 0.4999999999999997 0.0 F
w
u 7 F line 0.0 0.0 1.0 0.0
u 0 F line 1.7320508075688776 0.0 0.0 1.0
u 8 R line 0.0 0.7 1.0 0.0
u 2 R line 0.0 0.0 0.0 1.0
s 0 1 2 3 4
end
case hexagon 1e-07
v 3.0 -1.0 -1.0
v 2.0 0.7320508075688772 -1.0
v 3.3306690738754696e-16 0.7320508075688774 -1.0
v -1.0 -0.9999999999999998 -1.0
v -8.881784197001252e-16 -2.7320508075688767 -1.0
v 2.0 -2.732050807568877 -1.0
v 3.0 -1.0 1.0
v 2.0 0.7320508075688772 1.0
v 3.3306690738754696e-16 0.7320508075688774 1.0
v -1.0 -0.9999999999999998 1.0
v -8.881784197001252e-16 -2.7320508075688767 1.0
v 2.0 -2.732050807568877 1.0
e 0 6 line 3.0 -1.0 -1.0 0.0 0.0 1.0 0.0 2.0
e 1 7 line 2.0 0.7320508075688772 -1.0 0.0 0.0 1.0 0.0 2.0
e 2 8 line 3.3306690738754696e-16 0.7320508075688774 -1.0 0.0 0.0 1.0 0.0 2.0
e 3 9 line -1.0 -0.9999999999999998 -1.0 0.0 0.0 1.0 0.0 2.0
e 4 10 line -8.881784197001252e-16 -2.7320508075688767 -1.0 0.0 0.0 1.0 0.0 2.0
e 5 11 line 2.0 -2.732050807568877 -1.0 0.0 0.0 1.0 0.0 2.0
e 0 1 line 3.0 -1.0 -1.0 -0.5000000000000001 0.8660254037844387 0.0 0.0 1.9999999999999998
e 6 7 line 3.0 -1.0 1.0 -0.5000000000000001 0.8660254037844387 0.0 0.0 1.9999999999999998
e 1 2 line 2.0 0.7320508075688772 -1.0 -1.0 1.1102230246251568e-16 0.0 0.0 1.9999999999999996
e 7 8 line 2.0 0.7320508075688772 1.0 -1.0 1.1102230246251568e-16 0.0 0.0 1.9999999999999996
e 2 3 line 3.3306690738754696e-16 0.7320508075688774 -1.0 -0.5000000000000002 -0.8660254037844386 0.0 0.0 2.0
e 8 9 line 3.3306690738754696e-16 0.7320508075688774 1.0 -0.5000000000000002 -0.8660254037844386 0.0 0.0 2.0
e 3 4 line -1.0 -0.9999999999999998 -1.0 0.4999999999999998 -0.8660254037844388 0.0 0.0 1.9999999999999991
e 9 10 line -1.0 -0.9999999999999998 1.0 0.4999999999999998 -0.8660254037844388 0.0 0.0 1.9999999999999991
e 4 5 line -8.881784197001252e-16 -2.7320508075688767 -1.0 1.0 -2.220446049250312e-16 0.0 0.0 2.000000000000001
e 10 11 line -8.881784197001252e-16 -2.7320508075688767 1.0 1.0 -2.220446049250312e-16 0.0 0.0 2.000000000000001
e 5 0 line 2.0 -2.732050807568877 -1.0 0.5000000000000001 0.8660254037844387 0.0 0.0 1.9999999999999998
e 11 6 line 2.0 -2.732050807568877 1.0 0.5000000000000001 0.8660254037844387 0.0 0.0 1.9999999999999998
f plane 0.0 0.0 -1.0 0.0 0.0 -1.0 1.0 0.0 0.0 F
w
u 16 R line 2.0 2.732050807568877 0.5 -0.8660254037844386
u 14 R line -8.881784197001252e-16 2.7320508075688767 1.0 2.220446049250312e-16
u 12 R line -1.0 0.9999999999999998 0.49999999999999967 0.8660254037844387
u 10 R line 3.3306690738754696e-16 -0.7320508075688774 -0.5000000000000002 0.8660254037844386
u 8 R line 2.0 -0.7320508075688772 -1.0 -1.1102230246251568e-16
u 6 R line 3.0 1.0 -0.5 -0.8660254037844386
f plane 0.0 0.0 1.0 0.0 0.0 1.0 1.0 0.0 0.0 F
w
u 7 F line 3.0 -1.0 -0.5 0.8660254037844386
u 9 F line 2.0 0.7320508075688772 -1.0 1.1102230246251568e-16
u 11 F line 3.3306690738754696e-16 0.7320508075688774 -0.5000000000000002 -0.8660254037844386
u 13 F line -1.0 -0.9999999999999998 0.49999999999999967 -0.8660254037844387
u 15 F line -8.881784197001252e-16 -2.7320508075688767 1.0 -2.220446049250312e-16
u 17 F line 2.0 -2.732050807568877 0.5 0.8660254037844386
f plane 3.0 -1.0 -1.0 0.8660254037844386 0.5 0.0 -0.5 0.8660254037844386 0.0 F
w
u 6 F line 0.0 0.0 1.0 0.0
u 1 F line 2.0 0.0 0.0 1.0
u 7 R line 0.0 2.0 1.0 0.0
u 0 R line 0.0 0.0 0.0 1.0
f plane 2.0 0.7320508075688772 -1.0 1.1102230246251568e-16 1.0 0.0 -1.0 1.1102230246251568e-16 0.0 F
w
u 8 F line 0.0 0.0 1.0 0.0
u 2 F line 1.9999999999999996 0.0 0.0 1.0
u 9 R line 0.0 2.0 1.0 0.0
u 1 R line 0.0 0.0 0.0 1.0
f plane 3.3306690738754696e-16 0.7320508075688774 -1.0 -0.8660254037844386 0.5000000000000002 0.0 -0.5000000000000002 -0.8660254037844386 0.0 F
w
u 10 F line 0.0 0.0 1.0 0.0
u 3 F line 2.0 0.0 0.0 1.0
u 11 R line 0.0 2.0 1.0 0.0
u 2 R line 0.0 0.0 0.0 1.0
f plane -1.0 -0.9999999999999998 -1.0 -0.8660254037844387 -0.49999999999999967 0.0 0.49999999999999967 -0.8660254037844387 0.0 F
w
u 12 F line 0.0 0.0 1.0 0.0
u 4 F line 1.9999999999999996 0.0 0.0 1.0
u 13 R line 0.0 2.0 1.0 0.0
u 3 R line 0.0 0.0 0.0 1.0
f plane -8.881784197001252e-16 -2.7320508075688767 -1.0 -2.220446049250312e-16 -1.0 0.0 1.0 -2.220446049250312e-16 0.0 F
w
u 14 F line 0.0 0.0 1.0 0.0
u 5 F line 2.000000000000001 0.0 0.0 1.0
u 15 R line 0.0 2.0 1.0 0.0
u 4 R line 0.0 0.0 0.0 1.0
f plane 2.0 -2.732050807568877 -1.0 0.8660254037844386 -0.5 0.0 0.5 0.8660254037844386 0.0 F
w
u 16 F line 0.0 0.0 1.0 0.0
u 0 F line 2.0 0.0 0.0 1.0
u 17 R line 0.0 2.0 1.0 0.0
u 5 R line 0.0 0.0 0.0 1.0
s 0 1 2 3 4 5 6 7
end
case stadium 1e-07
v 0.0 -1.0 0.0
v 3.0 -1.0 0.0
v 3.0 1.0 0.0
v 0.0 1.0 0.0
v 0.0 -1.0 1.0
v 3.0 -1.0 1.0
v 3.0 1.0 1.0
v 0.0 1.0 1.0
e 0 4 line 0.0 -1.0 0.0 0.0 0.0 1.0 0.0 1.0
e 1 5 line 3.0 -1.0 0.0 0.0 0.0 1.0 0.0 1.0
e 2 6 line 3.0 1.0 0.0 0.0 0.0 1.0 0.0 1.0
e 3 7 line 0.0 1.0 0.0 0.0 0.0 1.0 0.0 1.0
e 0 1 line 0.0 -1.0 0.0 1.0 0.0 0.0 0.0 3.0
e 4 5 line 0.0 -1.0 1.0 1.0 0.0 0.0 0.0 3.0
e 1 2 circle 3.0 0.0 0.0 0.0 0.0 1.0 1.0 0.0 0.0 1.0 -1.5707963267948966 1.5707963267948966
e 5 6 circle 3.0 0.0 1.0 0.0 0.0 1.0 1.0 0.0 0.0 1.0 -1.5707963267948966 1.5707963267948966
e 2 3 line 3.0 1.0 0.0 -1.0 0.0 0.0 0.0 3.0
e 6 7 line 3.0 1.0 1.0 -1.0 0.0 0.0 0.0 3.0
e 3 0 circle 0.0 0.0 0.0 0.0 0.0 1.0 1.0 0.0 0.0 1.0 1.5707963267948966 4.71238898038469
e 7 4 circle 0.0 0.0 1.0 0.0 0.0 1.0 1.0 0.0 0.0 1.0 1.5707963267948966 4.71238898038469
f plane 0.0 0.0 0.0 0.0 0.0 -1.0 1.0 0.0 0.0 F
w
u 10 R circle 0.0 -0.0 1.0 0.0 1.0 -1.0
u 8 R line 3.0 -1.0 -1.0 0.0
u 6 R circle 3.0 -0.0 1.0 0.0 1.0 -1.0
u 4 R line 0.0 1.0 1.0 0.0
f plane 0.0 0.0 1.0 0.0 0.0 1.0 1.0 0.0 0.0 F
w
u 5 F line 0.0 -1.0 1.0 0.0
u 7 F circle 3.0 0.0 1.0 0.0 1.0 1.0
u 9 F line 3.0 1.0 -1.0 0.0
u 11 F circle 0.0 0.0 1.0 0.0 1.0 1.0
f plane 0.0 -1.0 0.0 0.0 -1.0 0.0 1.0 0.0 0.0 F
w
u 4 F line 0.0 0.0 1.0 0.0
u 1 F line 3.0 0.0 0.0 1.0
u 5 R line 0.0 1.0 1.0 0.0
u 0 R line 0.0 0.0 0.0 1.0
f cylinder 3.0 0.0 0.0 0.0 0.0 1.0 1.0 0.0 0.0 1.0 F
w
u 6 F line 0.0 0.0 1.0 0.0
u 2 F line 1.5707963267948966 0.0 0.0 1.0
u 7 R line 0.0 1.0 1.0 0.0
u 1 R line -1.5707963267948966 0.0 0.0 1.0
f plane 3.0 1.0 0.0 0.0 1.0 0.0 -1.0 0.0 0.0 F
w
u 8 F line 0.0 0.0 1.0 0.0
u 3 F line 3.0 0.0 0.0 1.0
u 9 R line 0.0 1.0 1.0 0.0
u 2 R line 0.0 0.0 0.0 1.0
f cylinder 0.0 0.0 0.0 0.0 0.0 1.0 1.0 0.0 0.0 1.0 F
w
u 10 F line 0.0 0.0 1.0 0.0
u 0 F line 4.71238898038469 0.0 0.0 1.0
u 11 R line 0.0 1.0 1.0 0.0
u 3 R line 1.5707963267948966 0.0 0.0 1.0
s 0 1 2 3 4 5
end
case concave_notch 1e-07
v 0.0 0.0 0.0
v 4.0 0.0 0.0
v 4.0 2.0 0.0
v 2.75 2.0 0.0
v 1.25 2.0 0.0
v 0.0 2.0 0.0
v 0.0 0.0 1.5
v 4.0 0.0 1.5
v 4.0 2.0 1.5
v 2.75 2.0 1.5
v 1.25 2.0 1.5
v 0.0 2.0 1.5
e 0 6 line 0.0 0.0 0.0 0.0 0.0 1.0 0.0 1.5
e 1 7 line 4.0 0.0 0.0 0.0 0.0 1.0 0.0 1.5
e 2 8 line 4.0 2.0 0.0 0.0 0.0 1.0 0.0 1.5
e 3 9 line 2.75 2.0 0.0 0.0 0.0 1.0 0.0 1.5
e 4 10 line 1.25 2.0 0.0 0.0 0.0 1.0 0.0 1.5
e 5 11 line 0.0 2.0 0.0 0.0 0.0 1.0 0.0 1.5
e 0 1 line 0.0 0.0 0.0 1.0 0.0 0.0 0.0 4.0
e 6 7 line 0.0 0.0 1.5 1.0 0.0 0.0 0.0 4.0
e 1 2 line 4.0 0.0 0.0 0.0 1.0 0.0 0.0 2.0
e 7 8 line 4.0 0.0 1.5 0.0 1.0 0.0 0.0 2.0
e 2 3 line 4.0 2.0 0.0 -1.0 0.0 0.0 0.0 1.25
e 8 9 line 4.0 2.0 1.5 -1.0 0.0 0.0 0.0 1.25
e 3 4 circle 2.0 2.0 0.0 -0.0 -0.0 -1.0 1.0 0.0 0.0 0.75 -0.0 3.141592653589793
e 9 10 circle 2.0 2.0 1.5 -0.0 -0.0 -1.0 1.0 0.0 0.0 0.75 -0.0 3.141592653589793
e 4 5 line 1.25 2.0 0.0 -1.0 0.0 0.0 0.0 1.25
e 10 11 line 1.25 2.0 1.5 -1.0 0.0 0.0 0.0 1.25
e 5 0 line 0.0 2.0 0.0 0.0 -1.0 0.0 0.0 2.0
e 11 6 line 0.0 2.0 1.5 0.0 -1.0 0.0 0.0 2.0
f plane 0.0 0.0 0.0 0.0 0.0 -1.0 1.0 0.0 0.0 F
w
u 16 R line 0.0 -2.0 0.0 1.0
u 14 R line 1.25 -2.0 -1.0 0.0
u 12 R circle 2.0 -2.0 1.0 0.0 0.75 1.0
u 10 R line 4.0 -2.0 -1.0 0.0
u 8 R line 4.0 0.0 0.0 -1.0
u 6 R line 0.0 -0.0 1.0 0.0
f plane 0.0 0.0 1.5 0.0 0.0 1.0 1.0 0.0 0.0 F
w
u 7 F line 0.0 0.0 1.0 0.0
u 9 F line 4.0 0.0 0.0 1.0
u 11 F line 4.0 2.0 -1.0 0.0
u 13 F circle 2.0 2.0 1.0 0.0 0.75 -1.0
u 15 F line 1.25 2.0 -1.0 0.0
u 17 F line 0.0 2.0 0.0 -1.0
f plane 0.0 0.0 0.0 0.0 -1.0 0.0 1.0 0.0 0.0 F
w
u 6 F line 0.0 0.0 1.0 0.0
u 1 F line 4.0 0.0 0.0 1.0
u 7 R line 0.0 1.5 1.0 0.0
u 0 R line 0.0 0.0 0.0 1.0
f plane 4.0 0.0 0.0 1.0 -0.0 0.0 0.0 1.0 0.0 F
w
u 8 F line 0.0 0.0 1.0 0.0
u 2 F line 2.0 0.0 0.0 1.0
u 9 R line 0.0 1.5 1.0 0.0
u 1 R line 0.0 0.0 0.0 1.0
f plane 4.0 2.0 0.0 0.0 1.0 0.0 -1.0 0.0 0.0 F
w
u 10 F line 0.0 0.0 1.0 0.0
u 3 F line 1.25 0.0 0.0 1.0
u 11 R line 0.0 1.5 1.0 0.0
u 2 R line 0.0 0.0 0.0 1.0
f cylinder 2.0 2.0 0.0 0.0 0.0 1.0 1.0 0.0 0.0 0.75 R
w
u 12 R line 0.0 0.0 -1.0 0.0
u 4 R line -3.141592653589793 0.0 0.0 1.0
u 13 F line 0.0 1.5 -1.0 0.0
u 3 F line 0.0 0.0 0.0 1.0
f plane 1.25 2.0 0.0 0.0 1.0 0.0 -1.0 0.0 0.0 F
w
u 14 F line 0.0 0.0 1.0 0.0
u 5 F line 1.25 0.0 0.0 1.0
u 15 R line 0.0 1.5 1.0 0.0
u 4 R line 0.0 0.0 0.0 1.0
f plane 0.0 2.0 0.0 -1.0 -0.0 0.0 0.0 -1.0 0.0 F
w
u 16 F line 0.0 0.0 1.0 0.0
u 0 F line 2.0 0.0 0.0 1.0
u 17 R line 0.0 1.5 1.0 0.0
u 5 R line 0.0 0.0 0.0 1.0
s 0 1 2 3 4 5 6 7
end
case half_disc 1e-07
v -1.0 0.0 0.0
v 1.0 0.0 0.0
v -1.0 0.0 0.4
v 1.0 0.0 0.4
e 0 2 line -1.0 0.0 0.0 0.0 0.0 1.0 0.0 0.4
e 1 3 line 1.0 0.0 0.0 0.0 0.0 1.0 0.0 0.4
e 0 1 line -1.0 0.0 0.0 1.0 0.0 0.0 0.0 2.0
e 2 3 line -1.0 0.0 0.4 1.0 0.0 0.0 0.0 2.0
e 1 0 circle 0.0 0.0 0.0 0.0 0.0 1.0 1.0 0.0 0.0 1.0 0.0 3.141592653589793
e 3 2 circle 0.0 0.0 0.4 0.0 0.0 1.0 1.0 0.0 0.0 1.0 0.0 3.141592653589793
f plane 0.0 0.0 0.0 0.0 0.0 -1.0 1.0 0.0 0.0 F
w
u 4 R circle 0.0 -0.0 1.0 0.0 1.0 -1.0
u 2 R line -1.0 -0.0 1.0 0.0
f plane 0.0 0.0 0.4 0.0 0.0 1.0 1.0 0.0 0.0 F
w
u 3 F line -1.0 0.0 1.0 0.0
u 5 F circle 0.0 0.0 1.0 0.0 1.0 1.0
f plane -1.0 0.0 0.0 0.0 -1.0 0.0 1.0 0.0 0.0 F
w
u 2 F line 0.0 0.0 1.0 0.0
u 1 F line 2.0 0.0 0.0 1.0
u 3 R line 0.0 0.4 1.0 0.0
u 0 R line 0.0 0.0 0.0 1.0
f cylinder 0.0 0.0 0.0 0.0 0.0 1.0 1.0 0.0 0.0 1.0 F
w
u 4 F line 0.0 0.0 1.0 0.0
u 0 F line 3.141592653589793 0.0 0.0 1.0
u 5 R line 0.0 0.4 1.0 0.0
u 1 R line 0.0 0.0 0.0 1.0
s 0 1 2 3
end
case box_cavity 1e-07
v 0.0 0.0 0.0
v 4.0 0.0 0.0
v 4.0 4.0 0.0
v 0.0 4.0 0.0
v 0.0 0.0 4.0
v 4.0 0.0 4.0
v 4.0 4.0 4.0
v 0.0 4.0 4.0
v 1.0 1.0 1.0
v 3.0 1.0 1.0
v 3.0 3.0 1.0
v 1.0 3.0 1.0
v 1.0 1.0 3.0
v 3.0 1.0 3.0
v 3.0 3.0 3.0
v 1.0 3.0 3.0
e 0 4 line 0.0 0.0 0.0 0.0 0.0 1.0 0.0 4.0
e 1 5 line 4.0 0.0 0.0 0.0 0.0 1.0 0.0 4.0
e 2 6 line 4.0 4.0 0.0 0.0 0.0 1.0 0.0 4.0
e 3 7 line 0.0 4.0 0.0 0.0 0.0 1.0 0.0 4.0
e 0 1 line 0.0 0.0 0.0 1.0 0.0 0.0 0.0 4.0
e 4 5 line 0.0 0.0 4.0 1.0 0.0 0.0 0.0 4.0
e 1 2 line 4.0 0.0 0.0 0.0 1.0 0.0 0.0 4.0
e 5 6 line 4.0 0.0 4.0 0.0 1.0 0.0 0.0 4.0
e 2 3 line 4.0 4.0 0.0 -1.0 0.0 0.0 0.0 4.0
e 6 7 line 4.0 4.0 4.0 -1.0 0.0 0.0 0.0 4.0
e 3 0 line 0.0 4.0 0.0 0.0 -1.0 0.0 0.0 4.0
e 7 4 line 0.0 4.0 4.0 0.0 -1.0 0.0 0.0 4.0
e 8 12 line 1.0 1.0 1.0 0.0 0.0 1.0 0.0 2.0
e 9 13 line 3.0 1.0 1.0 0.0 0.0 1.0 0.0 2.0
e 10 14 line 3.0 3.0 1.0 0.0 0.0 1.0 0.0 2.0
e 11 15 line 1.0 3.0 1.0 0.0 0.0 1.0 0.0 2.0
e 8 9 line 1.0 1.0 1.0 1.0 0.0 0.0 0.0 2.0
e 12 13 line 1.0 1.0 3.0 1.0 0.0 0.0 0.0 2.0
e 9 10 line 3.0 1.0 1.0 0.0 1.0 0.0 0.0 2.0
e 13 14 line 3.0 1.0 3.0 0.0 1.0 0.0 0.0 2.0
e 10 11 line 3.0 3.0 1.0 -1.0 0.0 0.0 0.0 2.0
e 14 15 line 3.0 3.0 3.0 -1.0 0.0 0.0 0.0 2.0
e 11 8 line 1.0 3.0 1.0 0.0 -1.0 0.0 0.0 2.0
e 15 12 line 1.0 3.0 3.0 0.0 -1.0 0.0 0.0 2.0
f plane 0.0 0.0 0.0 0.0 0.0 -1.0 1.0 0.0 0.0 F
w
u 10 R line 0.0 -4.0 0.0 1.0
u 8 R line 4.0 -4.0 -1.0 0.0
u 6 R line 4.0 0.0 0.0 -1.0
u 4 R line 0.0 0.0 1.0 0.0
f plane 0.0 0.0 4.0 0.0 0.0 1.0 1.0 0.0 0.0 F
w
u 5 F line 0.0 0.0 1.0 0.0
u 7 F line 4.0 0.0 0.0 1.0
u 9 F line 4.0 4.0 -1.0 0.0
u 11 F line 0.0 4.0 0.0 -1.0
f plane 0.0 0.0 0.0 0.0 -1.0 0.0 1.0 0.0 0.0 F
w
u 4 F line 0.0 0.0 1.0 0.0
u 1 F line 4.0 0.0 0.0 1.0
u 5 R line 0.0 4.0 1.0 0.0
u 0 R line 0.0 0.0 0.0 1.0
f plane 4.0 0.0 0.0 1.0 -0.0 0.0 0.0 1.0 0.0 F
w
u 6 F line 0.0 0.0 1.0 0.0
u 2 F line 4.0 0.0 0.0 1.0
u 7 R line 0.0 4.0 1.0 0.0
u 1 R line 0.0 0.0 0.0 1.0
f plane 4.0 4.0 0.0 0.0 1.0 0.0 -1.0 0.0 0.0 F
w
u 8 F line 0.0 0.0 1.0 0.0
u 3 F line 4.0 0.0 0.0 1.0
u 9 R line 0.0 4.0 1.0 0.0
u 2 R line 0.0 0.0 0.0 1.0
f plane 0.0 4.0 0.0 -1.0 -0.0 0.0 0.0 -1.0 0.0 F
w
u 10 F line 0.0 0.0 1.0 0.0
u 0 F line 4.0 0.0 0.0 1.0
u 11 R line 0.0 4.0 1.0 0.0
u 3 R line 0.0 0.0 0.0 1.0
f plane 0.0 0.0 1.0 0.0 0.0 -1.0 1.0 0.0 0.0 R
w
u 16 R line 1.0 -1.0 1.0 0.0
u 18 R line 3.0 -1.0 0.0 -1.0
u 20 R line 3.0 -3.0 -1.0 0.0
u 22 R line 1.0 -3.0 0.0 1.0
f plane 0.0 0.0 3.0 0.0 0.0 1.0 1.0 0.0 0.0 R
w
u 23 F line 1.0 3.0 0.0 -1.0
u 21 F line 3.0 3.0 -1.0 0.0
u 19 F line 3.0 1.0 0.0 1.0
u 17 F line 1.0 1.0 1.0 0.0
f plane 1.0 1.0 1.0 0.0 -1.0 0.0 1.0 0.0 0.0 R
w
u 12 R line 0.0 0.0 0.0 1.0
u 17 R line 0.0 2.0 1.0 0.0
u 13 F line 2.0 0.0 0.0 1.0
u 16 F line 0.0 0.0 1.0 0.0
f plane 3.0 1.0 1.0 1.0 -0.0 0.0 0.0 1.0 0.0 R
w
u 13 R line 0.0 0.0 0.0 1.0
u 19 R line 0.0 2.0 1.0 0.0
u 14 F line 2.0 0.0 0.0 1.0
u 18 F line 0.0 0.0 1.0 0.0
f plane 3.0 3.0 1.0 0.0 1.0 0.0 -1.0 0.0 0.0 R
w
u 14 R line 0.0 0.0 0.0 1.0
u 21 R line 0.0 2.0 1.0 0.0
u 15 F line 2.0 0.0 0.0 1.0
u 20 F line 0.0 0.0 1.0 0.0
f plane 1.0 3.0 1.0 -1.0 -0.0 0.0 0.0 -1.0 0.0 R
w
u 15 R line 0.0 0.0 0.0 1.0
u 23 R line 0.0 2.0 1.0 0.0
u 12 F line 2.0 0.0 0.0 1.0
u 22 F line 0.0 0.0 1.0 0.0
s 0 1 2 3 4 5
s 6 7 8 9 10 11
end
case box_two_cavities 1e-07
v 0.0 0.0 0.0
v 6.0 0.0 0.0
v 6.0 4.0 0.0
v 0.0 4.0 0.0
v 0.0 0.0 4.0
v 6.0 0.0 4.0
v 6.0 4.0 4.0
v 0.0 4.0 4.0
v 1.0 1.0 1.0
v 2.0 1.0 1.0
v 2.0 3.0 1.0
v 1.0 3.0 1.0
v 1.0 1.0 3.0
v 2.0 1.0 3.0
v 2.0 3.0 3.0
v 1.0 3.0 3.0
v 5.3 2.0 1.0
v 5.3 2.0 3.0
e 0 4 line 0.0 0.0 0.0 0.0 0.0 1.0 0.0 4.0
e 1 5 line 6.0 0.0 0.0 0.0 0.0 1.0 0.0 4.0
e 2 6 line 6.0 4.0 0.0 0.0 0.0 1.0 0.0 4.0
e 3 7 line 0.0 4.0 0.0 0.0 0.0 1.0 0.0 4.0
e 0 1 line 0.0 0.0 0.0 1.0 0.0 0.0 0.0 6.0
e 4 5 line 0.0 0.0 4.0 1.0 0.0 0.0 0.0 6.0
e 1 2 line 6.0 0.0 0.0 0.0 1.0 0.0 0.0 4.0
e 5 6 line 6.0 0.0 4.0 0.0 1.0 0.0 0.0 4.0
e 2 3 line 6.0 4.0 0.0 -1.0 0.0 0.0 0.0 6.0
e 6 7 line 6.0 4.0 4.0 -1.0 0.0 0.0 0.0 6.0
e 3 0 line 0.0 4.0 0.0 0.0 -1.0 0.0 0.0 4.0
e 7 4 line 0.0 4.0 4.0 0.0 -1.0 0.0 0.0 4.0
e 8 12 line 1.0 1.0 1.0 0.0 0.0 1.0 0.0 2.0
e 9 13 line 2.0 1.0 1.0 0.0 0.0 1.0 0.0 2.0
e 10 14 line 2.0 3.0 1.0 0.0 0.0 1.0 0.0 2.0
e 11 15 line 1.0 3.0 1.0 0.0 0.0 1.0 0.0 2.0
e 8 9 line 1.0 1.0 1.0 1.0 0.0 0.0 0.0 1.0
e 12 13 line 1.0 1.0 3.0 1.0 0.0 0.0 0.0 1.0
e 9 10 line 2.0 1.0 1.0 0.0 1.0 0.0 0.0 2.0
e 13 14 line 2.0 1.0 3.0 0.0 1.0 0.0 0.0 2.0
e 10 11 line 2.0 3.0 1.0 -1.0 0.0 0.0 0.0 1.0
e 14 15 line 2.0 3.0 3.0 -1.0 0.0 0.0 0.0 1.0
e 11 8 line 1.0 3.0 1.0 0.0 -1.0 0.0 0.0 2.0
e 15 12 line 1.0 3.0 3.0 0.0 -1.0 0.0 0.0 2.0
e 16 16 circle 4.5 2.0 1.0 0.0 0.0 1.0 1.0 0.0 0.0 0.8 0.0 6.283185307179586
e 17 17 circle 4.5 2.0 3.0 0.0 0.0 1.0 1.0 0.0 0.0 0.8 0.0 6.283185307179586
e 16 17 line 5.3 2.0 1.0 0.0 0.0 1.0 0.0 2.0
f plane 0.0 0.0 0.0 0.0 0.0 -1.0 1.0 0.0 0.0 F
w
u 10 R line 0.0 -4.0 0.0 1.0
u 8 R line 6.0 -4.0 -1.0 0.0
u 6 R line 6.0 0.0 0.0 -1.0
u 4 R line 0.0 0.0 1.0 0.0
f plane 0.0 0.0 4.0 0.0 0.0 1.0 1.0 0.0 0.0 F
w
u 5 F line 0.0 0.0 1.0 0.0
u 7 F line 6.0 0.0 0.0 1.0
u 9 F line 6.0 4.0 -1.0 0.0
u 11 F line 0.0 4.0 0.0 -1.0
f plane 0.0 0.0 0.0 0.0 -1.0 0.0 1.0 0.0 0.0 F
w
u 4 F line 0.0 0.0 1.0 0.0
u 1 F line 6.0 0.0 0.0 1.0
u 5 R line 0.0 4.0 1.0 0.0
u 0 R line 0.0 0.0 0.0 1.0
f plane 6.0 0.0 0.0 1.0 -0.0 0.0 0.0 1.0 0.0 F
w
u 6 F line 0.0 0.0 1.0 0.0
u 2 F line 4.0 0.0 0.0 1.0
u 7 R line 0.0 4.0 1.0 0.0
u 1 R line 0.0 0.0 0.0 1.0
f plane 6.0 4.0 0.0 0.0 1.0 0.0 -1.0 0.0 0.0 F
w
u 8 F line 0.0 0.0 1.0 0.0
u 3 F line 6.0 0.0 0.0 1.0
u 9 R line 0.0 4.0 1.0 0.0
u 2 R line 0.0 0.0 0.0 1.0
f plane 0.0 4.0 0.0 -1.0 -0.0 0.0 0.0 -1.0 0.0 F
w
u 10 F line 0.0 0.0 1.0 0.0
u 0 F line 4.0 0.0 0.0 1.0
u 11 R line 0.0 4.0 1.0 0.0
u 3 R line 0.0 0.0 0.0 1.0
f plane 0.0 0.0 1.0 0.0 0.0 -1.0 1.0 0.0 0.0 R
w
u 16 R line 1.0 -1.0 1.0 0.0
u 18 R line 2.0 -1.0 0.0 -1.0
u 20 R line 2.0 -3.0 -1.0 0.0
u 22 R line 1.0 -3.0 0.0 1.0
f plane 0.0 0.0 3.0 0.0 0.0 1.0 1.0 0.0 0.0 R
w
u 23 F line 1.0 3.0 0.0 -1.0
u 21 F line 2.0 3.0 -1.0 0.0
u 19 F line 2.0 1.0 0.0 1.0
u 17 F line 1.0 1.0 1.0 0.0
f plane 1.0 1.0 1.0 0.0 -1.0 0.0 1.0 0.0 0.0 R
w
u 12 R line 0.0 0.0 0.0 1.0
u 17 R line 0.0 2.0 1.0 0.0
u 13 F line 1.0 0.0 0.0 1.0
u 16 F line 0.0 0.0 1.0 0.0
f plane 2.0 1.0 1.0 1.0 -0.0 0.0 0.0 1.0 0.0 R
w
u 13 R line 0.0 0.0 0.0 1.0
u 19 R line 0.0 2.0 1.0 0.0
u 14 F line 2.0 0.0 0.0 1.0
u 18 F line 0.0 0.0 1.0 0.0
f plane 2.0 3.0 1.0 0.0 1.0 0.0 -1.0 0.0 0.0 R
w
u 14 R line 0.0 0.0 0.0 1.0
u 21 R line 0.0 2.0 1.0 0.0
u 15 F line 1.0 0.0 0.0 1.0
u 20 F line 0.0 0.0 1.0 0.0
f plane 1.0 3.0 1.0 -1.0 -0.0 0.0 0.0 -1.0 0.0 R
w
u 15 R line 0.0 0.0 0.0 1.0
u 23 R line 0.0 2.0 1.0 0.0
u 12 F line 2.0 0.0 0.0 1.0
u 22 F line 0.0 0.0 1.0 0.0
f plane 0.0 0.0 1.0 0.0 0.0 -1.0 1.0 0.0 0.0 R
w
u 24 R circle 4.5 -2.0 1.0 0.0 0.8 -1.0
f plane 0.0 0.0 3.0 0.0 0.0 1.0 1.0 0.0 0.0 R
w
u 25 F circle 4.5 2.0 1.0 0.0 0.8 1.0
f cylinder 4.5 2.0 1.0 0.0 0.0 1.0 1.0 0.0 0.0 0.8 R
w
u 26 R line 0.0 0.0 0.0 1.0
u 25 R line 0.0 2.0 1.0 0.0
u 26 F line 6.283185307179586 0.0 0.0 1.0
u 24 F line 0.0 0.0 1.0 0.0
s 0 1 2 3 4 5
s 6 7 8 9 10 11
s 12 13 14
end
case cylinder_box_cavity 1e-07
v 3.0 0.0 0.0
v 3.0 0.0 3.0
v -1.0 -1.0 1.0
v 1.0 -1.0 1.0
v 1.0 1.0 1.0
v -1.0 1.0 1.0
v -1.0 -1.0 2.0
v 1.0 -1.0 2.0
v 1.0 1.0 2.0
v -1.0 1.0 2.0
e 0 0 circle 0.0 0.0 0.0 0.0 0.0 1.0 1.0 0.0 0.0 3.0 0.0 6.283185307179586
e 1 1 circle 0.0 0.0 3.0 0.0 0.0 1.0 1.0 0.0 0.0 3.0 0.0 6.283185307179586
e 0 1 line 3.0 0.0 0.0 0.0 0.0 1.0 0.0 3.0
e 2 6 line -1.0 -1.0 1.0 0.0 0.0 1.0 0.0 1.0
e 3 7 line 1.0 -1.0 1.0 0.0 0.0 1.0 0.0 1.0
e 4 8 line 1.0 1.0 1.0 0.0 0.0 1.0 0.0 1.0
e 5 9 line -1.0 1.0 1.0 0.0 0.0 1.0 0.0 1.0
e 2 3 line -1.0 -1.0 1.0 1.0 0.0 0.0 0.0 2.0
e 6 7 line -1.0 -1.0 2.0 1.0 0.0 0.0 0.0 2.0
e 3 4 line 1.0 -1.0 1.0 0.0 1.0 0.0 0.0 2.0
e 7 8 line 1.0 -1.0 2.0 0.0 1.0 0.0 0.0 2.0
e 4 5 line 1.0 1.0 1.0 -1.0 0.0 0.0 0.0 2.0
e 8 9 line 1.0 1.0 2.0 -1.0 0.0 0.0 0.0 2.0
e 5 2 line -1.0 1.0 1.0 0.0 -1.0 0.0 0.0 2.0
e 9 6 line -1.0 1.0 2.0 0.0 -1.0 0.0 0.0 2.0
f plane 0.0 0.0 0.0 0.0 0.0 -1.0 1.0 0.0 0.0 F
w
u 0 R circle 0.0 -0.0 1.0 0.0 3.0 -1.0
f plane 0.0 0.0 3.0 0.0 0.0 1.0 1.0 0.0 0.0 F
w
u 1 F circle 0.0 0.0 1.0 0.0 3.0 1.0
f cylinder 0.0 0.0 0.0 0.0 0.0 1.0 1.0 0.0 0.0 3.0 F
w
u 0 F line 0.0 0.0 1.0 0.0
u 2 F line 6.283185307179586 0.0 0.0 1.0
u 1 R line 0.0 3.0 1.0 0.0
u 2 R line 0.0 0.0 0.0 1.0
f plane 0.0 0.0 1.0 0.0 0.0 -1.0 1.0 0.0 0.0 R
w
u 7 R line -1.0 1.0 1.0 0.0
u 9 R line 1.0 1.0 0.0 -1.0
u 11 R line 1.0 -1.0 -1.0 0.0
u 13 R line -1.0 -1.0 0.0 1.0
f plane 0.0 0.0 2.0 0.0 0.0 1.0 1.0 0.0 0.0 R
w
u 14 F line -1.0 1.0 0.0 -1.0
u 12 F line 1.0 1.0 -1.0 0.0
u 10 F line 1.0 -1.0 0.0 1.0
u 8 F line -1.0 -1.0 1.0 0.0
f plane -1.0 -1.0 1.0 0.0 -1.0 0.0 1.0 0.0 0.0 R
w
u 3 R line 0.0 0.0 0.0 1.0
u 8 R line 0.0 1.0 1.0 0.0
u 4 F line 2.0 0.0 0.0 1.0
u 7 F line 0.0 0.0 1.0 0.0
f plane 1.0 -1.0 1.0 1.0 -0.0 0.0 0.0 1.0 0.0 R
w
u 4 R line 0.0 0.0 0.0 1.0
u 10 R line 0.0 1.0 1.0 0.0
u 5 F line 2.0 0.0 0.0 1.0
u 9 F line 0.0 0.0 1.0 0.0
f plane 1.0 1.0 1.0 0.0 1.0 0.0 -1.0 0.0 0.0 R
w
u 5 R line 0.0 0.0 0.0 1.0
u 12 R line 0.0 1.0 1.0 0.0
u 6 F line 2.0 0.0 0.0 1.0
u 11 F line 0.0 0.0 1.0 0.0
f plane -1.0 1.0 1.0 -1.0 -0.0 0.0 0.0 -1.0 0.0 R
w
u 6 R line 0.0 0.0 0.0 1.0
u 14 R line 0.0 1.0 1.0 0.0
u 3 F line 2.0 0.0 0.0 1.0
u 13 F line 0.0 0.0 1.0 0.0
s 0 1 2
s 3 4 5 6 7 8
end
case box_rotated 1e-07
v 10.0 -5.0 2.5
v 12.344917521721076 -3.349648307886925 1.6181263646842583
v 11.37905895329265 -1.6855880403376555 2.164039042460887
v 9.034141431571575 -3.335939732450731 3.0459126777766286
v 10.3947397981738 -5.071392499417876 3.4160150668873173
v 12.739657319894874 -3.421040807304801 2.534141431571576
v 11.773798751466451 -1.7569805397555314 3.0800541093482043
v 9.428881229745375 -3.4073322318686063 3.961927744663946
e 0 4 line 10.0 -5.0 2.5 0.3947397981738002 -0.07139249941787627 0.916015066887317 0.0 1.0000000000000002
e 1 5 line 12.344917521721076 -3.349648307886925 1.6181263646842583 0.3947397981737987 -0.07139249941787587 0.9160150668873178 0.0 0.9999999999999997
e 2 6 line 11.37905895329265 -1.6855880403376555 2.164039042460887 0.39473979817380034 -0.07139249941787584 0.9160150668873173 0.0 1.0
e 3 7 line 9.034141431571575 -3.335939732450731 3.0459126777766286 0.39473979817380034 -0.0713924994178754 0.9160150668873173 0.0 1.0
e 0 1 line 10.0 -5.0 2.5 0.7816391739070252 0.5501172307043583 -0.2939578784385805 0.0 3.0000000000000004
e 4 5 line 10.3947397981738 -5.071392499417876 3.4160150668873173 0.7816391739070248 0.5501172307043586 -0.2939578784385805 0.0 2.9999999999999996
e 1 2 line 12.344917521721076 -3.349648307886925 1.6181263646842583 -0.48292928421421244 0.8320301337746345 0.27295633888831433 0.0 2.0000000000000004
e 5 6 line 12.739657319894874 -3.421040807304801 2.534141431571576 -0.4829292842142117 0.8320301337746349 0.27295633888831433 0.0 1.9999999999999998
e 2 3 line 11.37905895329265 -1.6855880403376555 2.164039042460887 -0.7816391739070252 -0.5501172307043584 0.29395787843858046 0.0 3.0000000000000004
e 6 7 line 11.773798751466451 -1.7569805397555314 3.0800541093482043 -0.7816391739070252 -0.5501172307043583 0.29395787843858046 0.0 3.0000000000000004
e 3 0 line 9.034141431571575 -3.335939732450731 3.0459126777766286 0.48292928421421255 -0.8320301337746345 -0.2729563388883143 0.0 2.0
e 7 4 line 9.428881229745375 -3.4073322318686063 3.961927744663946 0.48292928421421233 -0.8320301337746346 -0.27295633888831417 0.0 2.000000000000001
f plane 10.0 -5.0 2.5 -0.3947397981737998 0.07139249941787586 -0.9160150668873173 0.7816391739070251 0.5501172307043584 -0.29395787843858057 F
w
u 10 R line 0.0 -2.0 0.0 1.0
u 8 R line 3.0 -2.0 -1.0 0.0
u 6 R line 3.0 0.0 0.0 -1.0
u 4 R line 0.0 0.0 1.0 0.0
f plane 10.3947397981738 -5.071392499417876 3.4160150668873173 0.3947397981737998 -0.07139249941787586 0.9160150668873173 0.7816391739070251 0.5501172307043584 -0.29395787843858057 F
w
u 5 F line 0.0 0.0 1.0 0.0
u 7 F line 3.0 0.0 0.0 1.0
u 9 F line 3.0 2.0 -1.0 0.0
u 11 F line 0.0 2.0 0.0 -1.0
f plane 10.0 -5.0 2.5 0.4829292842142122 -0.8320301337746346 -0.27295633888831433 0.7816391739070251 0.5501172307043584 -0.29395787843858057 F
w
u 4 F line 0.0 0.0 1.0 0.0
u 1 F line 3.0 0.0 0.0 1.0
u 5 R line 0.0 1.0 1.0 0.0
u 0 R line 0.0 0.0 0.0 1.0
f plane 12.344917521721076 -3.349648307886925 1.6181263646842583 0.7816391739070251 0.5501172307043584 -0.29395787843858057 -0.4829292842142122 0.8320301337746346 0.27295633888831433 F
w
u 6 F line 0.0 0.0 1.0 0.0
u 2 F line 2.0 0.0 0.0 1.0
u 7 R line 0.0 1.0 1.0 0.0
u 1 R line 0.0 0.0 0.0 1.0
f plane 11.37905895329265 -1.6855880403376555 2.164039042460887 -0.4829292842142122 0.8320301337746346 0.27295633888831433 -0.7816391739070251 -0.5501172307043584 0.29395787843858057 F
w
u 8 F line 0.0 0.0 1.0 0.0
u 3 F line 3.0 0.0 0.0 1.0
u 9 R line 0.0 1.0 1.0 0.0
u 2 R line 0.0 0.0 0.0 1.0
f plane 9.034141431571575 -3.335939732450731 3.0459126777766286 -0.7816391739070251 -0.5501172307043584 0.29395787843858057 0.4829292842142122 -0.8320301337746346 -0.27295633888831433 F
w
u 10 F line 0.0 0.0 1.0 0.0
u 0 F line 2.0 0.0 0.0 1.0
u 11 R line 0.0 1.0 1.0 0.0
u 3 R line 0.0 0.0 0.0 1.0
s 0 1 2 3 4 5
end
case cylinder_rotated 1e-07
v 0.9625549626429083 -0.5773604695382506 -0.995059210351867
v 1.1427511634169347 1.2162186982953807 -1.8614327429230242
e 0 0 circle 0.0 0.0 0.0 0.0900981003870131 0.8967895839168156 -0.4331867662855786 0.6417033084286055 -0.3849069796921671 -0.6633728069012446 1.5 0.0 6.283185307179586
e 1 1 circle 0.1801962007740262 1.7935791678336312 -0.8663735325711572 0.0900981003870131 0.8967895839168156 -0.4331867662855786 0.6417033084286055 -0.3849069796921671 -0.6633728069012446 1.5 0.0 6.283185307179586
e 0 1 line 0.9625549626429083 -0.5773604695382506 -0.995059210351867 0.09009810038701321 0.8967895839168156 -0.4331867662855786 0.0 2.0
f plane 0.0 0.0 0.0 -0.0900981003870131 -0.8967895839168156 0.4331867662855786 0.6417033084286055 -0.3849069796921671 -0.6633728069012446 F
w
u 0 R circle 0.0 -0.0 1.0 0.0 1.5 -1.0
f plane 0.1801962007740262 1.7935791678336312 -0.8663735325711572 0.0900981003870131 0.8967895839168156 -0.4331867662855786 0.6417033084286055 -0.3849069796921671 -0.6633728069012446 F
w
u 1 F circle 0.0 0.0 1.0 0.0 1.5 1.0
f cylinder 0.0 0.0 0.0 0.0900981003870131 0.8967895839168156 -0.4331867662855786 0.6417033084286055 -0.3849069796921671 -0.6633728069012446 1.5 F
w
u 0 F line 0.0 0.0 1.0 0.0
u 2 F line 6.283185307179586 0.0 0.0 1.0
u 1 R line 0.0 2.0 1.0 0.0
u 2 R line 0.0 0.0 0.0 1.0
s 0 1 2
end
case stadium_rotated 1e-07
v 2.340948841981663 2.3188211227616633 2.6811788772383367
v 3.4280221054116837 0.34166764870665167 4.658332351293349
v 4.746124421448358 1.704025403183325 5.295974596816675
v 3.659051158018337 3.6811788772383367 3.3188211227616633
v 1.6818976839633257 2.6376422455233266 3.3623577544766734
v 2.7689709473933464 0.660488771468315 5.339511228531685
v 4.087073263430021 2.0228465259449884 5.977153474055012
v 3.0 4.0 4.0
e 0 4 line 2.340948841981663 2.3188211227616633 2.6811788772383367 -0.6590511580183374 0.3188211227616633 0.6811788772383367 0.0 1.0
e 1 5 line 3.4280221054116837 0.34166764870665167 4.658332351293349 -0.6590511580183375 0.31882112276166336 0.6811788772383364 0.0 0.9999999999999998
e 2 6 line 4.746124421448358 1.704025403183325 5.295974596816675 -0.6590511580183372 0.31882112276166347 0.6811788772383366 0.0 0.9999999999999994
e 3 7 line 3.659051158018337 3.6811788772383367 3.3188211227616633 -0.6590511580183371 0.3188211227616634 0.6811788772383369 0.0 0.9999999999999997
e 0 1 line 2.340948841981663 2.3188211227616633 2.6811788772383367 0.36235775447667357 -0.6590511580183372 0.6590511580183374 0.0 3.0
e 4 5 line 1.6818976839633257 2.6376422455233266 3.3623577544766734 0.3623577544766736 -0.6590511580183374 0.6590511580183374 0.0 2.9999999999999996
e 1 2 circle 4.087073263430021 1.0228465259449884 4.977153474055012 -0.6590511580183371 0.31882112276166313 0.6811788772383367 0.3623577544766736 -0.6590511580183371 0.6590511580183371 1.0 -1.5707963267948966 1.5707963267948966
e 5 6 circle 3.4280221054116837 1.3416676487066515 5.658332351293348 -0.6590511580183371 0.31882112276166313 0.6811788772383367 0.3623577544766736 -0.6590511580183371 0.6590511580183371 1.0 -1.5707963267948966 1.5707963267948966
e 2 3 line 4.746124421448358 1.704025403183325 5.295974596816675 -0.3623577544766737 0.6590511580183372 -0.6590511580183374 0.0 3.0
e 6 7 line 4.087073263430021 2.0228465259449884 5.977153474055012 -0.36235775447667373 0.6590511580183374 -0.6590511580183374 0.0 2.9999999999999996
e 3 0 circle 3.0 3.0 3.0 -0.6590511580183371 0.31882112276166313 0.6811788772383367 0.3623577544766736 -0.6590511580183371 0.6590511580183371 1.0 1.5707963267948966 4.71238898038469
e 7 4 circle 2.340948841981663 3.3188211227616633 3.6811788772383367 -0.6590511580183371 0.31882112276166313 0.6811788772383367 0.3623577544766736 -0.6590511580183371 0.6590511580183371 1.0 1.5707963267948966 4.71238898038469
f plane 3.0 3.0 3.0 0.6590511580183371 -0.31882112276166313 -0.6811788772383367 0.3623577544766736 -0.6590511580183371 0.6590511580183371 F
w
u 10 R circle 0.0 -0.0 1.0 0.0 1.0 -1.0
u 8 R line 3.0 -1.0 -1.0 0.0
u 6 R circle 3.0 -0.0 1.0 0.0 1.0 -1.0
u 4 R line 0.0 1.0 1.0 0.0
f plane 2.340948841981663 3.3188211227616633 3.6811788772383367 -0.6590511580183371 0.31882112276166313 0.6811788772383367 0.3623577544766736 -0.6590511580183371 0.6590511580183371 F
w
u 5 F line 0.0 -1.0 1.0 0.0
u 7 F circle 3.0 0.0 1.0 0.0 1.0 1.0
u 9 F line 3.0 1.0 -1.0 0.0
u 11 F circle 0.0 0.0 1.0 0.0 1.0 1.0
f plane 2.340948841981663 2.3188211227616633 2.6811788772383367 -0.6590511580183371 -0.6811788772383367 -0.31882112276166313 0.3623577544766736 -0.6590511580183371 0.6590511580183371 F
w
u 4 F line 0.0 0.0 1.0 0.0
u 1 F line 3.0 0.0 0.0 1.0
u 5 R line 0.0 1.0 1.0 0.0
u 0 R line 0.0 0.0 0.0 1.0
f cylinder 4.087073263430021 1.0228465259449884 4.977153474055012 -0.6590511580183371 0.31882112276166313 0.6811788772383367 0.3623577544766736 -0.6590511580183371 0.6590511580183371 1.0 F
w
u 6 F line 0.0 0.0 1.0 0.0
u 2 F line 1.5707963267948966 0.0 0.0 1.0
u 7 R line 0.0 1.0 1.0 0.0
u 1 R line -1.5707963267948966 0.0 0.0 1.0
f plane 4.746124421448358 1.704025403183325 5.295974596816675 0.6590511580183371 0.6811788772383367 0.31882112276166313 -0.3623577544766736 0.6590511580183371 -0.6590511580183371 F
w
u 8 F line 0.0 0.0 1.0 0.0
u 3 F line 3.0 0.0 0.0 1.0
u 9 R line 0.0 1.0 1.0 0.0
u 2 R line 0.0 0.0 0.0 1.0
f cylinder 3.0 3.0 3.0 -0.6590511580183371 0.31882112276166313 0.6811788772383367 0.3623577544766736 -0.6590511580183371 0.6590511580183371 1.0 F
w
u 10 F line 0.0 0.0 1.0 0.0
u 0 F line 4.71238898038469 0.0 0.0 1.0
u 11 R line 0.0 1.0 1.0 0.0
u 3 R line 1.5707963267948966 0.0 0.0 1.0
s 0 1 2 3 4 5
end
case box_cavity_far 1e-07
v 10000.0 -20000.0 5000.0
v 10003.880897304334 -19999.2579739687 4999.377076664365
v 10003.2579739687 -19995.377076664365 5000.119102695665
v 9999.377076664365 -19996.119102695666 5000.7420260313
v 10000.7420260313 -20000.622923335635 5003.880897304335
v 10004.622923335635 -19999.880897304334 5003.2579739687
v 10004.0 -19996.0 5004.0
v 10000.119102695666 -19996.7420260313 5004.622923335635
v 10001.0 -19999.0 5001.0
v 10002.940448652167 -19998.62898698435 5000.688538332182
v 10002.62898698435 -19996.688538332182 5001.059551347833
v 10000.688538332182 -19997.059551347833 5001.37101301565
v 10001.37101301565 -19999.311461667818 5002.940448652167
v 10003.311461667818 -19998.940448652167 5002.62898698435
v 10003.0 -19997.0 5003.0
v 10001.059551347833 -19997.37101301565 5003.311461667818
e 0 4 line 10000.0 -20000.0 5000.0 0.18550650782480993 -0.15573083390881798 0.9702243260837712 0.0 4.000000000000038
e 1 5 line 10003.880897304334 -19999.2579739687 4999.377076664365 0.18550650782524902 -0.15573083390880485 0.9702243260836892 0.0 4.000000000000376
e 2 6 line 10003.2579739687 -19995.377076664365 5000.119102695665 0.18550650782480993 -0.15573083390881798 0.9702243260837712 0.0 4.000000000000038
e 3 7 line 9999.377076664365 -19996.119102695666 5000.7420260313 0.18550650782524902 -0.15573083390880485 0.9702243260836892 0.0 4.000000000000376
e 0 1 line 10000.0 -20000.0 5000.0 0.970224326083676 0.18550650782528996 -0.1557308339088392 0.0 3.999999999999493
e 4 5 line 10000.7420260313 -20000.622923335635 5003.880897304335 0.9702243260837027 0.18550650782520814 -0.15573083390877052 0.0 4.000000000001258
e 1 2 line 10003.880897304334 -19999.2579739687 4999.377076664365 -0.15573083390840206 0.9702243260837856 0.18550650782508354 0.0 3.999999999999041
e 5 6 line 10004.622923335635 -19999.880897304334 5003.2579739687 -0.15573083390884576 0.9702243260837169 0.18550650782507042 0.0 3.9999999999993245
e 2 3 line 10003.2579739687 -19995.377076664365 5000.119102695665 -0.9702243260837027 -0.18550650782520814 0.15573083390877052 0.0 4.000000000001258
e 6 7 line 10004.0 -19996.0 5004.0 -0.970224326083676 -0.18550650782528996 0.1557308339088392 0.0 3.999999999999493
e 3 0 line 9999.377076664365 -19996.119102695666 5000.7420260313 0.15573083390884576 -0.9702243260837169 -0.18550650782507042 0.0 3.9999999999993245
e 7 4 line 10000.119102695666 -19996.7420260313 5004.622923335635 0.15573083390840206 -0.9702243260837856 -0.18550650782508354 0.0 3.999999999999041
e 8 12 line 10001.0 -19999.0 5001.0 0.18550650782528996 -0.1557308339088392 0.970224326083676 0.0 1.9999999999997464
e 9 13 line 10002.940448652167 -19998.62898698435 5000.688538332182 0.18550650782520814 -0.15573083390877052 0.9702243260837027 0.0 2.000000000000629
e 10 14 line 10002.62898698435 -19996.688538332182 5001.059551347833 0.18550650782528996 -0.1557308339088392 0.970224326083676 0.0 1.9999999999997464
e 11 15 line 10000.688538332182 -19997.059551347833 5001.37101301565 0.18550650782520814 -0.15573083390877052 0.9702243260837027 0.0 2.000000000000629
e 8 9 line 10001.0 -19999.0 5001.0 0.970224326083676 0.18550650782528996 -0.1557308339088392 0.0 1.9999999999997464
e 12 13 line 10001.37101301565 -19999.311461667818 5002.940448652167 0.9702243260837448 0.18550650782530312 -0.1557308339083955 0.0 1.9999999999996048
e 9 10 line 10002.940448652167 -19998.62898698435 5000.688538332182 -0.1557308339088392 0.970224326083676 0.18550650782528996 0.0 1.9999999999997464
e 13 14 line 10003.311461667818 -19998.940448652167 5002.62898698435 -0.15573083390885234 0.9702243260837577 0.18550650782485087 0.0 1.999999999999578
e 10 11 line 10002.62898698435 -19996.688538332182 5001.059551347833 -0.9702243260837448 -0.18550650782530312 0.1557308339083955 0.0 1.9999999999996048
e 14 15 line 10003.0 -19997.0 5003.0 -0.970224326083676 -0.18550650782528996 0.1557308339088392 0.0 1.9999999999997464
e 11 8 line 10000.688538332182 -19997.059551347833 5001.37101301565 0.15573083390885234 -0.9702243260837577 -0.18550650782485087 0.0 1.999999999999578
e 15 12 line 10001.059551347833 -19997.37101301565 5003.311461667818 0.1557308339088392 -0.970224326083676 -0.18550650782528996 0.0 1.9999999999997464
f plane 10000.0 -20000.0 5000.0 -0.1855065078250296 0.1557308339087669 -0.9702243260837373 0.9702243260837373 0.1855065078250296 -0.1557308339087669 F
w
u 10 R line 0.0 -4.0 0.0 1.0
u 8 R line 4.0 -4.0 -1.0 0.0
u 6 R line 4.0 0.0 0.0 -1.0
u 4 R line 0.0 0.0 1.0 0.0
f plane 10000.7420260313 -20000.622923335635 5003.880897304335 0.1855065078250296 -0.1557308339087669 0.9702243260837373 0.9702243260837373 0.1855065078250296 -0.1557308339087669 F
w
u 5 F line 0.0 0.0 1.0 0.0
u 7 F line 4.0 0.0 0.0 1.0
u 9 F line 4.0 4.0 -1.0 0.0
u 11 F line 0.0 4.0 0.0 -1.0
f plane 10000.0 -20000.0 5000.0 0.1557308339087669 -0.9702243260837373 -0.1855065078250296 0.9702243260837373 0.1855065078250296 -0.1557308339087669 F
w
u 4 F line 0.0 0.0 1.0 0.0
u 1 F line 4.0 0.0 0.0 1.0
u 5 R line 0.0 4.0 1.0 0.0
u 0 R line 0.0 0.0 0.0 1.0
f plane 10003.880897304334 -19999.2579739687 4999.377076664365 0.9702243260837373 0.1855065078250296 -0.1557308339087669 -0.1557308339087669 0.9702243260837373 0.1855065078250296 F
w
u 6 F line 0.0 0.0 1.0 0.0
u 2 F line 4.0 0.0 0.0 1.0
u 7 R line 0.0 4.0 1.0 0.0
u 1 R line 0.0 0.0 0.0 1.0
f plane 10003.2579739687 -19995.377076664365 5000.119102695665 -0.1557308339087669 0.9702243260837373 0.1855065078250296 -0.9702243260837373 -0.1855065078250296 0.1557308339087669 F
w
u 8 F line 0.0 0.0 1.0 0.0
u 3 F line 4.0 0.0 0.0 1.0
u 9 R line 0.0 4.0 1.0 0.0
u 2 R line 0.0 0.0 0.0 1.0
f plane 9999.377076664365 -19996.119102695666 5000.7420260313 -0.9702243260837373 -0.1855065078250296 0.1557308339087669 0.1557308339087669 -0.9702243260837373 -0.1855065078250296 F
w
u 10 F line 0.0 0.0 1.0 0.0
u 0 F line 4.0 0.0 0.0 1.0
u 11 R line 0.0 4.0 1.0 0.0
u 3 R line 0.0 0.0 0.0 1.0
f plane 10000.185506507825 -20000.155730833907 5000.970224326084 -0.1855065078250296 0.1557308339087669 -0.9702243260837373 0.9702243260837373 0.1855065078250296 -0.1557308339087669 R
w
u 16 R line 1.0 -1.0 1.0 0.0
u 18 R line 3.0 -1.0 0.0 -1.0
u 20 R line 3.0 -3.0 -1.0 0.0
u 22 R line 1.0 -3.0 0.0 1.0
f plane 10000.556519523476 -20000.467192501725 5002.910672978252 0.1855065078250296 -0.1557308339087669 0.9702243260837373 0.9702243260837373 0.1855065078250296 -0.1557308339087669 R
w
u 23 F line 1.0 3.0 0.0 -1.0
u 21 F line 3.0 3.0 -1.0 0.0
u 19 F line 3.0 1.0 0.0 1.0
u 17 F line 1.0 1.0 1.0 0.0
f plane 10001.0 -19999.0 5001.0 0.1557308339087669 -0.9702243260837373 -0.1855065078250296 0.9702243260837373 0.1855065078250296 -0.1557308339087669 R
w
u 12 R line 0.0 0.0 0.0 1.0
u 17 R line 0.0 2.0 1.0 0.0
u 13 F line 2.0 0.0 0.0 1.0
u 16 F line 0.0 0.0 1.0 0.0
f plane 10002.940448652167 -19998.62898698435 5000.688538332182 0.9702243260837373 0.1855065078250296 -0.1557308339087669 -0.1557308339087669 0.9702243260837373 0.1855065078250296 R
w
u 13 R line 0.0 0.0 0.0 1.0
u 19 R line 0.0 2.0 1.0 0.0
u 14 F line 2.0 0.0 0.0 1.0
u 18 F line 0.0 0.0 1.0 0.0
f plane 10002.62898698435 -19996.688538332182 5001.059551347833 -0.1557308339087669 0.9702243260837373 0.1855065078250296 -0.9702243260837373 -0.1855065078250296 0.1557308339087669 R
w
u 14 R line 0.0 0.0 0.0 1.0
u 21 R line 0.0 2.0 1.0 0.0
u 15 F line 2.0 0.0 0.0 1.0
u 20 F line 0.0 0.0 1.0 0.0
f plane 10000.688538332182 -19997.059551347833 5001.37101301565 -0.9702243260837373 -0.1855065078250296 0.1557308339087669 0.1557308339087669 -0.9702243260837373 -0.1855065078250296 R
w
u 15 R line 0.0 0.0 0.0 1.0
u 23 R line 0.0 2.0 1.0 0.0
u 12 F line 2.0 0.0 0.0 1.0
u 22 F line 0.0 0.0 1.0 0.0
s 0 1 2 3 4 5
s 6 7 8 9 10 11
end
case box_small 1e-09
v 0.0 0.0 0.0
v 0.003 0.0 0.0
v 0.003 0.002 0.0
v 0.0 0.002 0.0
v 0.0 0.0 0.001
v 0.003 0.0 0.001
v 0.003 0.002 0.001
v 0.0 0.002 0.001
e 0 4 line 0.0 0.0 0.0 0.0 0.0 1.0 0.0 0.001
e 1 5 line 0.003 0.0 0.0 0.0 0.0 1.0 0.0 0.001
e 2 6 line 0.003 0.002 0.0 0.0 0.0 1.0 0.0 0.001
e 3 7 line 0.0 0.002 0.0 0.0 0.0 1.0 0.0 0.001
e 0 1 line 0.0 0.0 0.0 1.0 0.0 0.0 0.0 0.003
e 4 5 line 0.0 0.0 0.001 1.0 0.0 0.0 0.0 0.003
e 1 2 line 0.003 0.0 0.0 0.0 1.0 0.0 0.0 0.002
e 5 6 line 0.003 0.0 0.001 0.0 1.0 0.0 0.0 0.002
e 2 3 line 0.003 0.002 0.0 -1.0 0.0 0.0 0.0 0.003
e 6 7 line 0.003 0.002 0.001 -1.0 0.0 0.0 0.0 0.003
e 3 0 line 0.0 0.002 0.0 0.0 -1.0 0.0 0.0 0.002
e 7 4 line 0.0 0.002 0.001 0.0 -1.0 0.0 0.0 0.002
f plane 0.0 0.0 0.0 0.0 0.0 -1.0 1.0 0.0 0.0 F
w
u 10 R line 0.0 -0.002 0.0 1.0
u 8 R line 0.003 -0.002 -1.0 0.0
u 6 R line 0.003 0.0 0.0 -1.0
u 4 R line 0.0 0.0 1.0 0.0
f plane 0.0 0.0 0.001 0.0 0.0 1.0 1.0 0.0 0.0 F
w
u 5 F line 0.0 0.0 1.0 0.0
u 7 F line 0.003 0.0 0.0 1.0
u 9 F line 0.003 0.002 -1.0 0.0
u 11 F line 0.0 0.002 0.0 -1.0
f plane 0.0 0.0 0.0 0.0 -1.0 0.0 1.0 0.0 0.0 F
w
u 4 F line 0.0 0.0 1.0 0.0
u 1 F line 0.003 0.0 0.0 1.0
u 5 R line 0.0 0.001 1.0 0.0
u 0 R line 0.0 0.0 0.0 1.0
f plane 0.003 0.0 0.0 1.0 -0.0 0.0 0.0 1.0 0.0 F
w
u 6 F line 0.0 0.0 1.0 0.0
u 2 F line 0.002 0.0 0.0 1.0
u 7 R line 0.0 0.001 1.0 0.0
u 1 R line 0.0 0.0 0.0 1.0
f plane 0.003 0.002 0.0 0.0 1.0 0.0 -1.0 0.0 0.0 F
w
u 8 F line 0.0 0.0 1.0 0.0
u 3 F line 0.003 0.0 0.0 1.0
u 9 R line 0.0 0.001 1.0 0.0
u 2 R line 0.0 0.0 0.0 1.0
f plane 0.0 0.002 0.0 -1.0 -0.0 0.0 0.0 -1.0 0.0 F
w
u 10 F line 0.0 0.0 1.0 0.0
u 0 F line 0.002 0.0 0.0 1.0
u 11 R line 0.0 0.001 1.0 0.0
u 3 R line 0.0 0.0 0.0 1.0
s 0 1 2 3 4 5
end
case box_face_outside_shell 1e-07
v 0.0 0.0 0.0
v 3.0 0.0 0.0
v 3.0 2.0 0.0
v 0.0 2.0 0.0
v 0.0 0.0 1.0
v 3.0 0.0 1.0
v 3.0 2.0 1.0
v 0.0 2.0 1.0
e 0 4 line 0.0 0.0 0.0 0.0 0.0 1.0 0.0 1.0
e 1 5 line 3.0 0.0 0.0 0.0 0.0 1.0 0.0 1.0
e 2 6 line 3.0 2.0 0.0 0.0 0.0 1.0 0.0 1.0
e 3 7 line 0.0 2.0 0.0 0.0 0.0 1.0 0.0 1.0
e 0 1 line 0.0 0.0 0.0 1.0 0.0 0.0 0.0 3.0
e 4 5 line 0.0 0.0 1.0 1.0 0.0 0.0 0.0 3.0
e 1 2 line 3.0 0.0 0.0 0.0 1.0 0.0 0.0 2.0
e 5 6 line 3.0 0.0 1.0 0.0 1.0 0.0 0.0 2.0
e 2 3 line 3.0 2.0 0.0 -1.0 0.0 0.0 0.0 3.0
e 6 7 line 3.0 2.0 1.0 -1.0 0.0 0.0 0.0 3.0
e 3 0 line 0.0 2.0 0.0 0.0 -1.0 0.0 0.0 2.0
e 7 4 line 0.0 2.0 1.0 0.0 -1.0 0.0 0.0 2.0
f plane 0.0 0.0 0.0 0.0 0.0 -1.0 1.0 0.0 0.0 F
w
u 10 R line 0.0 -2.0 0.0 1.0
u 8 R line 3.0 -2.0 -1.0 0.0
u 6 R line 3.0 0.0 0.0 -1.0
u 4 R line 0.0 0.0 1.0 0.0
f plane 0.0 0.0 1.0 0.0 0.0 1.0 1.0 0.0 0.0 F
w
u 5 F line 0.0 0.0 1.0 0.0
u 7 F line 3.0 0.0 0.0 1.0
u 9 F line 3.0 2.0 -1.0 0.0
u 11 F line 0.0 2.0 0.0 -1.0
f plane 0.0 0.0 0.0 0.0 -1.0 0.0 1.0 0.0 0.0 F
w
u 4 F line 0.0 0.0 1.0 0.0
u 1 F line 3.0 0.0 0.0 1.0
u 5 R line 0.0 1.0 1.0 0.0
u 0 R line 0.0 0.0 0.0 1.0
f plane 3.0 0.0 0.0 1.0 -0.0 0.0 0.0 1.0 0.0 F
w
u 6 F line 0.0 0.0 1.0 0.0
u 2 F line 2.0 0.0 0.0 1.0
u 7 R line 0.0 1.0 1.0 0.0
u 1 R line 0.0 0.0 0.0 1.0
f plane 3.0 2.0 0.0 0.0 1.0 0.0 -1.0 0.0 0.0 F
w
u 8 F line 0.0 0.0 1.0 0.0
u 3 F line 3.0 0.0 0.0 1.0
u 9 R line 0.0 1.0 1.0 0.0
u 2 R line 0.0 0.0 0.0 1.0
f plane 0.0 2.0 0.0 -1.0 -0.0 0.0 0.0 -1.0 0.0 F
w
u 10 F line 0.0 0.0 1.0 0.0
u 0 F line 2.0 0.0 0.0 1.0
u 11 R line 0.0 1.0 1.0 0.0
u 3 R line 0.0 0.0 0.0 1.0
s 0 1 2 4 5
end
case box_missing_face 1e-07
v 0.0 0.0 0.0
v 3.0 0.0 0.0
v 3.0 2.0 0.0
v 0.0 2.0 0.0
v 0.0 0.0 1.0
v 3.0 0.0 1.0
v 3.0 2.0 1.0
v 0.0 2.0 1.0
e 0 4 line 0.0 0.0 0.0 0.0 0.0 1.0 0.0 1.0
e 1 5 line 3.0 0.0 0.0 0.0 0.0 1.0 0.0 1.0
e 2 6 line 3.0 2.0 0.0 0.0 0.0 1.0 0.0 1.0
e 3 7 line 0.0 2.0 0.0 0.0 0.0 1.0 0.0 1.0
e 0 1 line 0.0 0.0 0.0 1.0 0.0 0.0 0.0 3.0
e 4 5 line 0.0 0.0 1.0 1.0 0.0 0.0 0.0 3.0
e 1 2 line 3.0 0.0 0.0 0.0 1.0 0.0 0.0 2.0
e 5 6 line 3.0 0.0 1.0 0.0 1.0 0.0 0.0 2.0
e 2 3 line 3.0 2.0 0.0 -1.0 0.0 0.0 0.0 3.0
e 6 7 line 3.0 2.0 1.0 -1.0 0.0 0.0 0.0 3.0
e 3 0 line 0.0 2.0 0.0 0.0 -1.0 0.0 0.0 2.0
e 7 4 line 0.0 2.0 1.0 0.0 -1.0 0.0 0.0 2.0
f plane 0.0 0.0 0.0 0.0 0.0 -1.0 1.0 0.0 0.0 F
w
u 10 R line 0.0 -2.0 0.0 1.0
u 8 R line 3.0 -2.0 -1.0 0.0
u 6 R line 3.0 0.0 0.0 -1.0
u 4 R line 0.0 0.0 1.0 0.0
f plane 0.0 0.0 1.0 0.0 0.0 1.0 1.0 0.0 0.0 F
w
u 5 F line 0.0 0.0 1.0 0.0
u 7 F line 3.0 0.0 0.0 1.0
u 9 F line 3.0 2.0 -1.0 0.0
u 11 F line 0.0 2.0 0.0 -1.0
f plane 0.0 0.0 0.0 0.0 -1.0 0.0 1.0 0.0 0.0 F
w
u 4 F line 0.0 0.0 1.0 0.0
u 1 F line 3.0 0.0 0.0 1.0
u 5 R line 0.0 1.0 1.0 0.0
u 0 R line 0.0 0.0 0.0 1.0
f plane 3.0 2.0 0.0 0.0 1.0 0.0 -1.0 0.0 0.0 F
w
u 8 F line 0.0 0.0 1.0 0.0
u 3 F line 3.0 0.0 0.0 1.0
u 9 R line 0.0 1.0 1.0 0.0
u 2 R line 0.0 0.0 0.0 1.0
f plane 0.0 2.0 0.0 -1.0 -0.0 0.0 0.0 -1.0 0.0 F
w
u 10 F line 0.0 0.0 1.0 0.0
u 0 F line 2.0 0.0 0.0 1.0
u 11 R line 0.0 1.0 1.0 0.0
u 3 R line 0.0 0.0 0.0 1.0
s 0 1 2 3 4
end
case cylinder_missing_cap 1e-07
v 1.5 0.0 0.0
v 1.5 0.0 2.0
e 0 0 circle 0.0 0.0 0.0 0.0 0.0 1.0 1.0 0.0 0.0 1.5 0.0 6.283185307179586
e 1 1 circle 0.0 0.0 2.0 0.0 0.0 1.0 1.0 0.0 0.0 1.5 0.0 6.283185307179586
e 0 1 line 1.5 0.0 0.0 0.0 0.0 1.0 0.0 2.0
f plane 0.0 0.0 0.0 0.0 0.0 -1.0 1.0 0.0 0.0 F
w
u 0 R circle 0.0 -0.0 1.0 0.0 1.5 -1.0
f cylinder 0.0 0.0 0.0 0.0 0.0 1.0 1.0 0.0 0.0 1.5 F
w
u 0 F line 0.0 0.0 1.0 0.0
u 2 F line 6.283185307179586 0.0 0.0 1.0
u 1 R line 0.0 2.0 1.0 0.0
u 2 R line 0.0 0.0 0.0 1.0
s 0 1
end
case box_flipped_use 1e-07
v 0.0 0.0 0.0
v 3.0 0.0 0.0
v 3.0 2.0 0.0
v 0.0 2.0 0.0
v 0.0 0.0 1.0
v 3.0 0.0 1.0
v 3.0 2.0 1.0
v 0.0 2.0 1.0
e 0 4 line 0.0 0.0 0.0 0.0 0.0 1.0 0.0 1.0
e 1 5 line 3.0 0.0 0.0 0.0 0.0 1.0 0.0 1.0
e 2 6 line 3.0 2.0 0.0 0.0 0.0 1.0 0.0 1.0
e 3 7 line 0.0 2.0 0.0 0.0 0.0 1.0 0.0 1.0
e 0 1 line 0.0 0.0 0.0 1.0 0.0 0.0 0.0 3.0
e 4 5 line 0.0 0.0 1.0 1.0 0.0 0.0 0.0 3.0
e 1 2 line 3.0 0.0 0.0 0.0 1.0 0.0 0.0 2.0
e 5 6 line 3.0 0.0 1.0 0.0 1.0 0.0 0.0 2.0
e 2 3 line 3.0 2.0 0.0 -1.0 0.0 0.0 0.0 3.0
e 6 7 line 3.0 2.0 1.0 -1.0 0.0 0.0 0.0 3.0
e 3 0 line 0.0 2.0 0.0 0.0 -1.0 0.0 0.0 2.0
e 7 4 line 0.0 2.0 1.0 0.0 -1.0 0.0 0.0 2.0
f plane 0.0 0.0 0.0 0.0 0.0 -1.0 1.0 0.0 0.0 F
w
u 10 R line 0.0 -2.0 0.0 1.0
u 8 R line 3.0 -2.0 -1.0 0.0
u 6 R line 3.0 0.0 0.0 -1.0
u 4 R line 0.0 0.0 1.0 0.0
f plane 0.0 0.0 1.0 0.0 0.0 1.0 1.0 0.0 0.0 F
w
u 5 F line 0.0 0.0 1.0 0.0
u 7 F line 3.0 0.0 0.0 1.0
u 9 F line 3.0 2.0 -1.0 0.0
u 11 F line 0.0 2.0 0.0 -1.0
f plane 0.0 0.0 0.0 0.0 -1.0 0.0 1.0 0.0 0.0 F
w
u 4 F line 0.0 0.0 1.0 0.0
u 1 R line 3.0 1.0 0.0 -1.0
u 5 R line 0.0 1.0 1.0 0.0
u 0 R line 0.0 0.0 0.0 1.0
f plane 3.0 0.0 0.0 1.0 -0.0 0.0 0.0 1.0 0.0 F
w
u 6 F line 0.0 0.0 1.0 0.0
u 2 F line 2.0 0.0 0.0 1.0
u 7 R line 0.0 1.0 1.0 0.0
u 1 R line 0.0 0.0 0.0 1.0
f plane 3.0 2.0 0.0 0.0 1.0 0.0 -1.0 0.0 0.0 F
w
u 8 F line 0.0 0.0 1.0 0.0
u 3 F line 3.0 0.0 0.0 1.0
u 9 R line 0.0 1.0 1.0 0.0
u 2 R line 0.0 0.0 0.0 1.0
f plane 0.0 2.0 0.0 -1.0 -0.0 0.0 0.0 -1.0 0.0 F
w
u 10 F line 0.0 0.0 1.0 0.0
u 0 F line 2.0 0.0 0.0 1.0
u 11 R line 0.0 1.0 1.0 0.0
u 3 R line 0.0 0.0 0.0 1.0
s 0 1 2 3 4 5
end
case box_flipped_face 1e-07
v 0.0 0.0 0.0
v 3.0 0.0 0.0
v 3.0 2.0 0.0
v 0.0 2.0 0.0
v 0.0 0.0 1.0
v 3.0 0.0 1.0
v 3.0 2.0 1.0
v 0.0 2.0 1.0
e 0 4 line 0.0 0.0 0.0 0.0 0.0 1.0 0.0 1.0
e 1 5 line 3.0 0.0 0.0 0.0 0.0 1.0 0.0 1.0
e 2 6 line 3.0 2.0 0.0 0.0 0.0 1.0 0.0 1.0
e 3 7 line 0.0 2.0 0.0 0.0 0.0 1.0 0.0 1.0
e 0 1 line 0.0 0.0 0.0 1.0 0.0 0.0 0.0 3.0
e 4 5 line 0.0 0.0 1.0 1.0 0.0 0.0 0.0 3.0
e 1 2 line 3.0 0.0 0.0 0.0 1.0 0.0 0.0 2.0
e 5 6 line 3.0 0.0 1.0 0.0 1.0 0.0 0.0 2.0
e 2 3 line 3.0 2.0 0.0 -1.0 0.0 0.0 0.0 3.0
e 6 7 line 3.0 2.0 1.0 -1.0 0.0 0.0 0.0 3.0
e 3 0 line 0.0 2.0 0.0 0.0 -1.0 0.0 0.0 2.0
e 7 4 line 0.0 2.0 1.0 0.0 -1.0 0.0 0.0 2.0
f plane 0.0 0.0 0.0 0.0 0.0 -1.0 1.0 0.0 0.0 F
w
u 10 R line 0.0 -2.0 0.0 1.0
u 8 R line 3.0 -2.0 -1.0 0.0
u 6 R line 3.0 0.0 0.0 -1.0
u 4 R line 0.0 0.0 1.0 0.0
f plane 0.0 0.0 1.0 0.0 0.0 1.0 1.0 0.0 0.0 F
w
u 5 F line 0.0 0.0 1.0 0.0
u 7 F line 3.0 0.0 0.0 1.0
u 9 F line 3.0 2.0 -1.0 0.0
u 11 F line 0.0 2.0 0.0 -1.0
f plane 0.0 0.0 0.0 0.0 -1.0 0.0 1.0 0.0 0.0 F
w
u 4 F line 0.0 0.0 1.0 0.0
u 1 F line 3.0 0.0 0.0 1.0
u 5 R line 0.0 1.0 1.0 0.0
u 0 R line 0.0 0.0 0.0 1.0
f plane 3.0 0.0 0.0 1.0 -0.0 0.0 0.0 1.0 0.0 F
w
u 6 F line 0.0 0.0 1.0 0.0
u 2 F line 2.0 0.0 0.0 1.0
u 7 R line 0.0 1.0 1.0 0.0
u 1 R line 0.0 0.0 0.0 1.0
f plane 3.0 2.0 0.0 0.0 1.0 0.0 -1.0 0.0 0.0 R
w
u 8 R line 0.0 0.0 1.0 0.0
u 3 R line 3.0 0.0 0.0 1.0
u 9 F line 0.0 1.0 1.0 0.0
u 2 F line 0.0 0.0 0.0 1.0
f plane 0.0 2.0 0.0 -1.0 -0.0 0.0 0.0 -1.0 0.0 F
w
u 10 F line 0.0 0.0 1.0 0.0
u 0 F line 2.0 0.0 0.0 1.0
u 11 R line 0.0 1.0 1.0 0.0
u 3 R line 0.0 0.0 0.0 1.0
s 0 1 2 3 4 5
end
case box_reversed_face 1e-07
v 0.0 0.0 0.0
v 3.0 0.0 0.0
v 3.0 2.0 0.0
v 0.0 2.0 0.0
v 0.0 0.0 1.0
v 3.0 0.0 1.0
v 3.0 2.0 1.0
v 0.0 2.0 1.0
e 0 4 line 0.0 0.0 0.0 0.0 0.0 1.0 0.0 1.0
e 1 5 line 3.0 0.0 0.0 0.0 0.0 1.0 0.0 1.0
e 2 6 line 3.0 2.0 0.0 0.0 0.0 1.0 0.0 1.0
e 3 7 line 0.0 2.0 0.0 0.0 0.0 1.0 0.0 1.0
e 0 1 line 0.0 0.0 0.0 1.0 0.0 0.0 0.0 3.0
e 4 5 line 0.0 0.0 1.0 1.0 0.0 0.0 0.0 3.0
e 1 2 line 3.0 0.0 0.0 0.0 1.0 0.0 0.0 2.0
e 5 6 line 3.0 0.0 1.0 0.0 1.0 0.0 0.0 2.0
e 2 3 line 3.0 2.0 0.0 -1.0 0.0 0.0 0.0 3.0
e 6 7 line 3.0 2.0 1.0 -1.0 0.0 0.0 0.0 3.0
e 3 0 line 0.0 2.0 0.0 0.0 -1.0 0.0 0.0 2.0
e 7 4 line 0.0 2.0 1.0 0.0 -1.0 0.0 0.0 2.0
f plane 0.0 0.0 0.0 0.0 0.0 -1.0 1.0 0.0 0.0 F
w
u 10 R line 0.0 -2.0 0.0 1.0
u 8 R line 3.0 -2.0 -1.0 0.0
u 6 R line 3.0 0.0 0.0 -1.0
u 4 R line 0.0 0.0 1.0 0.0
f plane 0.0 0.0 1.0 0.0 0.0 1.0 1.0 0.0 0.0 F
w
u 5 F line 0.0 0.0 1.0 0.0
u 7 F line 3.0 0.0 0.0 1.0
u 9 F line 3.0 2.0 -1.0 0.0
u 11 F line 0.0 2.0 0.0 -1.0
f plane 0.0 0.0 0.0 0.0 -1.0 0.0 1.0 0.0 0.0 F
w
u 4 F line 0.0 0.0 1.0 0.0
u 1 F line 3.0 0.0 0.0 1.0
u 5 R line 0.0 1.0 1.0 0.0
u 0 R line 0.0 0.0 0.0 1.0
f plane 3.0 0.0 0.0 1.0 -0.0 0.0 0.0 1.0 0.0 F
w
u 6 F line 0.0 0.0 1.0 0.0
u 2 F line 2.0 0.0 0.0 1.0
u 7 R line 0.0 1.0 1.0 0.0
u 1 R line 0.0 0.0 0.0 1.0
f plane 3.0 2.0 0.0 0.0 1.0 0.0 -1.0 0.0 0.0 R
w
u 2 R line 0.0 0.0 0.0 1.0
u 9 R line 0.0 1.0 1.0 0.0
u 3 F line 3.0 0.0 0.0 1.0
u 8 F line 0.0 0.0 1.0 0.0
f plane 0.0 2.0 0.0 -1.0 -0.0 0.0 0.0 -1.0 0.0 F
w
u 10 F line 0.0 0.0 1.0 0.0
u 0 F line 2.0 0.0 0.0 1.0
u 11 R line 0.0 1.0 1.0 0.0
u 3 R line 0.0 0.0 0.0 1.0
s 0 1 2 3 4 5
end
case cylinder_reversed_wall 1e-07
v 1.5 0.0 0.0
v 1.5 0.0 2.0
e 0 0 circle 0.0 0.0 0.0 0.0 0.0 1.0 1.0 0.0 0.0 1.5 0.0 6.283185307179586
e 1 1 circle 0.0 0.0 2.0 0.0 0.0 1.0 1.0 0.0 0.0 1.5 0.0 6.283185307179586
e 0 1 line 1.5 0.0 0.0 0.0 0.0 1.0 0.0 2.0
f plane 0.0 0.0 0.0 0.0 0.0 -1.0 1.0 0.0 0.0 F
w
u 0 R circle 0.0 -0.0 1.0 0.0 1.5 -1.0
f plane 0.0 0.0 2.0 0.0 0.0 1.0 1.0 0.0 0.0 F
w
u 1 F circle 0.0 0.0 1.0 0.0 1.5 1.0
f cylinder 0.0 0.0 0.0 0.0 0.0 1.0 1.0 0.0 0.0 1.5 R
w
u 2 R line 0.0 0.0 0.0 1.0
u 1 R line 0.0 2.0 1.0 0.0
u 2 F line 6.283185307179586 0.0 0.0 1.0
u 0 F line 0.0 0.0 1.0 0.0
s 0 1 2
end
case box_moved_vertex 1e-07
v 0.001 0.0 0.0
v 3.0 0.0 0.0
v 3.0 2.0 0.0
v 0.0 2.0 0.0
v 0.0 0.0 1.0
v 3.0 0.0 1.0
v 3.0 2.0 1.0
v 0.0 2.0 1.0
e 0 4 line 0.0 0.0 0.0 0.0 0.0 1.0 0.0 1.0
e 1 5 line 3.0 0.0 0.0 0.0 0.0 1.0 0.0 1.0
e 2 6 line 3.0 2.0 0.0 0.0 0.0 1.0 0.0 1.0
e 3 7 line 0.0 2.0 0.0 0.0 0.0 1.0 0.0 1.0
e 0 1 line 0.0 0.0 0.0 1.0 0.0 0.0 0.0 3.0
e 4 5 line 0.0 0.0 1.0 1.0 0.0 0.0 0.0 3.0
e 1 2 line 3.0 0.0 0.0 0.0 1.0 0.0 0.0 2.0
e 5 6 line 3.0 0.0 1.0 0.0 1.0 0.0 0.0 2.0
e 2 3 line 3.0 2.0 0.0 -1.0 0.0 0.0 0.0 3.0
e 6 7 line 3.0 2.0 1.0 -1.0 0.0 0.0 0.0 3.0
e 3 0 line 0.0 2.0 0.0 0.0 -1.0 0.0 0.0 2.0
e 7 4 line 0.0 2.0 1.0 0.0 -1.0 0.0 0.0 2.0
f plane 0.0 0.0 0.0 0.0 0.0 -1.0 1.0 0.0 0.0 F
w
u 10 R line 0.0 -2.0 0.0 1.0
u 8 R line 3.0 -2.0 -1.0 0.0
u 6 R line 3.0 0.0 0.0 -1.0
u 4 R line 0.0 0.0 1.0 0.0
f plane 0.0 0.0 1.0 0.0 0.0 1.0 1.0 0.0 0.0 F
w
u 5 F line 0.0 0.0 1.0 0.0
u 7 F line 3.0 0.0 0.0 1.0
u 9 F line 3.0 2.0 -1.0 0.0
u 11 F line 0.0 2.0 0.0 -1.0
f plane 0.0 0.0 0.0 0.0 -1.0 0.0 1.0 0.0 0.0 F
w
u 4 F line 0.0 0.0 1.0 0.0
u 1 F line 3.0 0.0 0.0 1.0
u 5 R line 0.0 1.0 1.0 0.0
u 0 R line 0.0 0.0 0.0 1.0
f plane 3.0 0.0 0.0 1.0 -0.0 0.0 0.0 1.0 0.0 F
w
u 6 F line 0.0 0.0 1.0 0.0
u 2 F line 2.0 0.0 0.0 1.0
u 7 R line 0.0 1.0 1.0 0.0
u 1 R line 0.0 0.0 0.0 1.0
f plane 3.0 2.0 0.0 0.0 1.0 0.0 -1.0 0.0 0.0 F
w
u 8 F line 0.0 0.0 1.0 0.0
u 3 F line 3.0 0.0 0.0 1.0
u 9 R line 0.0 1.0 1.0 0.0
u 2 R line 0.0 0.0 0.0 1.0
f plane 0.0 2.0 0.0 -1.0 -0.0 0.0 0.0 -1.0 0.0 F
w
u 10 F line 0.0 0.0 1.0 0.0
u 0 F line 2.0 0.0 0.0 1.0
u 11 R line 0.0 1.0 1.0 0.0
u 3 R line 0.0 0.0 0.0 1.0
s 0 1 2 3 4 5
end
case stadium_moved_vertex 1e-07
v 0.0 -1.0 0.0
v 3.0 -0.9998 0.0
v 3.0 1.0 0.0
v 0.0 1.0 0.0
v 0.0 -1.0 1.0
v 3.0 -1.0 1.0
v 3.0 1.0 1.0
v 0.0 1.0 1.0
e 0 4 line 0.0 -1.0 0.0 0.0 0.0 1.0 0.0 1.0
e 1 5 line 3.0 -1.0 0.0 0.0 0.0 1.0 0.0 1.0
e 2 6 line 3.0 1.0 0.0 0.0 0.0 1.0 0.0 1.0
e 3 7 line 0.0 1.0 0.0 0.0 0.0 1.0 0.0 1.0
e 0 1 line 0.0 -1.0 0.0 1.0 0.0 0.0 0.0 3.0
e 4 5 line 0.0 -1.0 1.0 1.0 0.0 0.0 0.0 3.0
e 1 2 circle 3.0 0.0 0.0 0.0 0.0 1.0 1.0 0.0 0.0 1.0 -1.5707963267948966 1.5707963267948966
e 5 6 circle 3.0 0.0 1.0 0.0 0.0 1.0 1.0 0.0 0.0 1.0 -1.5707963267948966 1.5707963267948966
e 2 3 line 3.0 1.0 0.0 -1.0 0.0 0.0 0.0 3.0
e 6 7 line 3.0 1.0 1.0 -1.0 0.0 0.0 0.0 3.0
e 3 0 circle 0.0 0.0 0.0 0.0 0.0 1.0 1.0 0.0 0.0 1.0 1.5707963267948966 4.71238898038469
e 7 4 circle 0.0 0.0 1.0 0.0 0.0 1.0 1.0 0.0 0.0 1.0 1.5707963267948966 4.71238898038469
f plane 0.0 0.0 0.0 0.0 0.0 -1.0 1.0 0.0 0.0 F
w
u 10 R circle 0.0 -0.0 1.0 0.0 1.0 -1.0
u 8 R line 3.0 -1.0 -1.0 0.0
u 6 R circle 3.0 -0.0 1.0 0.0 1.0 -1.0
u 4 R line 0.0 1.0 1.0 0.0
f plane 0.0 0.0 1.0 0.0 0.0 1.0 1.0 0.0 0.0 F
w
u 5 F line 0.0 -1.0 1.0 0.0
u 7 F circle 3.0 0.0 1.0 0.0 1.0 1.0
u 9 F line 3.0 1.0 -1.0 0.0
u 11 F circle 0.0 0.0 1.0 0.0 1.0 1.0
f plane 0.0 -1.0 0.0 0.0 -1.0 0.0 1.0 0.0 0.0 F
w
u 4 F line 0.0 0.0 1.0 0.0
u 1 F line 3.0 0.0 0.0 1.0
u 5 R line 0.0 1.0 1.0 0.0
u 0 R line 0.0 0.0 0.0 1.0
f cylinder 3.0 0.0 0.0 0.0 0.0 1.0 1.0 0.0 0.0 1.0 F
w
u 6 F line 0.0 0.0 1.0 0.0
u 2 F line 1.5707963267948966 0.0 0.0 1.0
u 7 R line 0.0 1.0 1.0 0.0
u 1 R line -1.5707963267948966 0.0 0.0 1.0
f plane 3.0 1.0 0.0 0.0 1.0 0.0 -1.0 0.0 0.0 F
w
u 8 F line 0.0 0.0 1.0 0.0
u 3 F line 3.0 0.0 0.0 1.0
u 9 R line 0.0 1.0 1.0 0.0
u 2 R line 0.0 0.0 0.0 1.0
f cylinder 0.0 0.0 0.0 0.0 0.0 1.0 1.0 0.0 0.0 1.0 F
w
u 10 F line 0.0 0.0 1.0 0.0
u 0 F line 4.71238898038469 0.0 0.0 1.0
u 11 R line 0.0 1.0 1.0 0.0
u 3 R line 1.5707963267948966 0.0 0.0 1.0
s 0 1 2 3 4 5
end
case box_pcurve_shift 1e-07
v 0.0 0.0 0.0
v 3.0 0.0 0.0
v 3.0 2.0 0.0
v 0.0 2.0 0.0
v 0.0 0.0 1.0
v 3.0 0.0 1.0
v 3.0 2.0 1.0
v 0.0 2.0 1.0
e 0 4 line 0.0 0.0 0.0 0.0 0.0 1.0 0.0 1.0
e 1 5 line 3.0 0.0 0.0 0.0 0.0 1.0 0.0 1.0
e 2 6 line 3.0 2.0 0.0 0.0 0.0 1.0 0.0 1.0
e 3 7 line 0.0 2.0 0.0 0.0 0.0 1.0 0.0 1.0
e 0 1 line 0.0 0.0 0.0 1.0 0.0 0.0 0.0 3.0
e 4 5 line 0.0 0.0 1.0 1.0 0.0 0.0 0.0 3.0
e 1 2 line 3.0 0.0 0.0 0.0 1.0 0.0 0.0 2.0
e 5 6 line 3.0 0.0 1.0 0.0 1.0 0.0 0.0 2.0
e 2 3 line 3.0 2.0 0.0 -1.0 0.0 0.0 0.0 3.0
e 6 7 line 3.0 2.0 1.0 -1.0 0.0 0.0 0.0 3.0
e 3 0 line 0.0 2.0 0.0 0.0 -1.0 0.0 0.0 2.0
e 7 4 line 0.0 2.0 1.0 0.0 -1.0 0.0 0.0 2.0
f plane 0.0 0.0 0.0 0.0 0.0 -1.0 1.0 0.0 0.0 F
w
u 10 R line 0.0 -2.0 0.0 1.0
u 8 R line 3.0 -2.0 -1.0 0.0
u 6 R line 3.0 0.0 0.0 -1.0
u 4 R line 0.0 0.0 1.0 0.0
f plane 0.0 0.0 1.0 0.0 0.0 1.0 1.0 0.0 0.0 F
w
u 5 F line 0.0 0.0 1.0 0.0
u 7 F line 3.0 0.0 0.0 1.0
u 9 F line 3.0 2.0 -1.0 0.0
u 11 F line 0.0 2.0 0.0 -1.0
f plane 0.0 0.0 0.0 0.0 -1.0 0.0 1.0 0.0 0.0 F
w
u 4 F line 0.001 0.001 1.0 0.0
u 1 F line 3.0 0.0 0.0 1.0
u 5 R line 0.0 1.0 1.0 0.0
u 0 R line 0.0 0.0 0.0 1.0
f plane 3.0 0.0 0.0 1.0 -0.0 0.0 0.0 1.0 0.0 F
w
u 6 F line 0.0 0.0 1.0 0.0
u 2 F line 2.0 0.0 0.0 1.0
u 7 R line 0.0 1.0 1.0 0.0
u 1 R line 0.0 0.0 0.0 1.0
f plane 3.0 2.0 0.0 0.0 1.0 0.0 -1.0 0.0 0.0 F
w
u 8 F line 0.0 0.0 1.0 0.0
u 3 F line 3.0 0.0 0.0 1.0
u 9 R line 0.0 1.0 1.0 0.0
u 2 R line 0.0 0.0 0.0 1.0
f plane 0.0 2.0 0.0 -1.0 -0.0 0.0 0.0 -1.0 0.0 F
w
u 10 F line 0.0 0.0 1.0 0.0
u 0 F line 2.0 0.0 0.0 1.0
u 11 R line 0.0 1.0 1.0 0.0
u 3 R line 0.0 0.0 0.0 1.0
s 0 1 2 3 4 5
end
case box_pcurve_shift_below_tolerance 1e-07
v 0.0 0.0 0.0
v 3.0 0.0 0.0
v 3.0 2.0 0.0
v 0.0 2.0 0.0
v 0.0 0.0 1.0
v 3.0 0.0 1.0
v 3.0 2.0 1.0
v 0.0 2.0 1.0
e 0 4 line 0.0 0.0 0.0 0.0 0.0 1.0 0.0 1.0
e 1 5 line 3.0 0.0 0.0 0.0 0.0 1.0 0.0 1.0
e 2 6 line 3.0 2.0 0.0 0.0 0.0 1.0 0.0 1.0
e 3 7 line 0.0 2.0 0.0 0.0 0.0 1.0 0.0 1.0
e 0 1 line 0.0 0.0 0.0 1.0 0.0 0.0 0.0 3.0
e 4 5 line 0.0 0.0 1.0 1.0 0.0 0.0 0.0 3.0
e 1 2 line 3.0 0.0 0.0 0.0 1.0 0.0 0.0 2.0
e 5 6 line 3.0 0.0 1.0 0.0 1.0 0.0 0.0 2.0
e 2 3 line 3.0 2.0 0.0 -1.0 0.0 0.0 0.0 3.0
e 6 7 line 3.0 2.0 1.0 -1.0 0.0 0.0 0.0 3.0
e 3 0 line 0.0 2.0 0.0 0.0 -1.0 0.0 0.0 2.0
e 7 4 line 0.0 2.0 1.0 0.0 -1.0 0.0 0.0 2.0
f plane 0.0 0.0 0.0 0.0 0.0 -1.0 1.0 0.0 0.0 F
w
u 10 R line 0.0 -2.0 0.0 1.0
u 8 R line 3.0 -2.0 -1.0 0.0
u 6 R line 3.0 0.0 0.0 -1.0
u 4 R line 0.0 0.0 1.0 0.0
f plane 0.0 0.0 1.0 0.0 0.0 1.0 1.0 0.0 0.0 F
w
u 5 F line 0.0 0.0 1.0 0.0
u 7 F line 3.0 0.0 0.0 1.0
u 9 F line 3.0 2.0 -1.0 0.0
u 11 F line 0.0 2.0 0.0 -1.0
f plane 0.0 0.0 0.0 0.0 -1.0 0.0 1.0 0.0 0.0 F
w
u 4 F line 1e-09 1e-09 1.0 0.0
u 1 F line 3.0 0.0 0.0 1.0
u 5 R line 0.0 1.0 1.0 0.0
u 0 R line 0.0 0.0 0.0 1.0
f plane 3.0 0.0 0.0 1.0 -0.0 0.0 0.0 1.0 0.0 F
w
u 6 F line 0.0 0.0 1.0 0.0
u 2 F line 2.0 0.0 0.0 1.0
u 7 R line 0.0 1.0 1.0 0.0
u 1 R line 0.0 0.0 0.0 1.0
f plane 3.0 2.0 0.0 0.0 1.0 0.0 -1.0 0.0 0.0 F
w
u 8 F line 0.0 0.0 1.0 0.0
u 3 F line 3.0 0.0 0.0 1.0
u 9 R line 0.0 1.0 1.0 0.0
u 2 R line 0.0 0.0 0.0 1.0
f plane 0.0 2.0 0.0 -1.0 -0.0 0.0 0.0 -1.0 0.0 F
w
u 10 F line 0.0 0.0 1.0 0.0
u 0 F line 2.0 0.0 0.0 1.0
u 11 R line 0.0 1.0 1.0 0.0
u 3 R line 0.0 0.0 0.0 1.0
s 0 1 2 3 4 5
end
case cylinder_cap_pcurve_shift 1e-07
v 1.5 0.0 0.0
v 1.5 0.0 2.0
e 0 0 circle 0.0 0.0 0.0 0.0 0.0 1.0 1.0 0.0 0.0 1.5 0.0 6.283185307179586
e 1 1 circle 0.0 0.0 2.0 0.0 0.0 1.0 1.0 0.0 0.0 1.5 0.0 6.283185307179586
e 0 1 line 1.5 0.0 0.0 0.0 0.0 1.0 0.0 2.0
f plane 0.0 0.0 0.0 0.0 0.0 -1.0 1.0 0.0 0.0 F
w
u 0 R circle 0.0 -0.0 1.0 0.0 1.5 -1.0
f plane 0.0 0.0 2.0 0.0 0.0 1.0 1.0 0.0 0.0 F
w
u 1 F circle 0.001 0.0 1.0 0.0 1.5 1.0
f cylinder 0.0 0.0 0.0 0.0 0.0 1.0 1.0 0.0 0.0 1.5 F
w
u 0 F line 0.0 0.0 1.0 0.0
u 2 F line 6.283185307179586 0.0 0.0 1.0
u 1 R line 0.0 2.0 1.0 0.0
u 2 R line 0.0 0.0 0.0 1.0
s 0 1 2
end
case stadium_arc_pcurve_shift 1e-07
v 0.0 -1.0 0.0
v 3.0 -1.0 0.0
v 3.0 1.0 0.0
v 0.0 1.0 0.0
v 0.0 -1.0 1.0
v 3.0 -1.0 1.0
v 3.0 1.0 1.0
v 0.0 1.0 1.0
e 0 4 line 0.0 -1.0 0.0 0.0 0.0 1.0 0.0 1.0
e 1 5 line 3.0 -1.0 0.0 0.0 0.0 1.0 0.0 1.0
e 2 6 line 3.0 1.0 0.0 0.0 0.0 1.0 0.0 1.0
e 3 7 line 0.0 1.0 0.0 0.0 0.0 1.0 0.0 1.0
e 0 1 line 0.0 -1.0 0.0 1.0 0.0 0.0 0.0 3.0
e 4 5 line 0.0 -1.0 1.0 1.0 0.0 0.0 0.0 3.0
e 1 2 circle 3.0 0.0 0.0 0.0 0.0 1.0 1.0 0.0 0.0 1.0 -1.5707963267948966 1.5707963267948966
e 5 6 circle 3.0 0.0 1.0 0.0 0.0 1.0 1.0 0.0 0.0 1.0 -1.5707963267948966 1.5707963267948966
e 2 3 line 3.0 1.0 0.0 -1.0 0.0 0.0 0.0 3.0
e 6 7 line 3.0 1.0 1.0 -1.0 0.0 0.0 0.0 3.0
e 3 0 circle 0.0 0.0 0.0 0.0 0.0 1.0 1.0 0.0 0.0 1.0 1.5707963267948966 4.71238898038469
e 7 4 circle 0.0 0.0 1.0 0.0 0.0 1.0 1.0 0.0 0.0 1.0 1.5707963267948966 4.71238898038469
f plane 0.0 0.0 0.0 0.0 0.0 -1.0 1.0 0.0 0.0 F
w
u 10 R circle 0.0 -0.0 1.0 0.0 1.0 -1.0
u 8 R line 3.0 -1.0 -1.0 0.0
u 6 R circle 3.0 -0.0 1.0 0.0 1.0 -1.0
u 4 R line 0.0 1.0 1.0 0.0
f plane 0.0 0.0 1.0 0.0 0.0 1.0 1.0 0.0 0.0 F
w
u 5 F line 0.0 -1.0 1.0 0.0
u 7 F circle 3.0 0.0 1.0 0.0 1.0 1.0
u 9 F line 3.0 1.0 -1.0 0.0
u 11 F circle 0.0 0.0 1.0 0.0 1.0 1.0
f plane 0.0 -1.0 0.0 0.0 -1.0 0.0 1.0 0.0 0.0 F
w
u 4 F line 0.0 0.0 1.0 0.0
u 1 F line 3.0 0.0 0.0 1.0
u 5 R line 0.0 1.0 1.0 0.0
u 0 R line 0.0 0.0 0.0 1.0
f cylinder 3.0 0.0 0.0 0.0 0.0 1.0 1.0 0.0 0.0 1.0 F
w
u 6 F line 0.0004999999999999449 0.0 1.0 0.0
u 2 F line 1.5707963267948966 0.0 0.0 1.0
u 7 R line 0.0 1.0 1.0 0.0
u 1 R line -1.5707963267948966 0.0 0.0 1.0
f plane 3.0 1.0 0.0 0.0 1.0 0.0 -1.0 0.0 0.0 F
w
u 8 F line 0.0 0.0 1.0 0.0
u 3 F line 3.0 0.0 0.0 1.0
u 9 R line 0.0 1.0 1.0 0.0
u 2 R line 0.0 0.0 0.0 1.0
f cylinder 0.0 0.0 0.0 0.0 0.0 1.0 1.0 0.0 0.0 1.0 F
w
u 10 F line 0.0 0.0 1.0 0.0
u 0 F line 4.71238898038469 0.0 0.0 1.0
u 11 R line 0.0 1.0 1.0 0.0
u 3 R line 1.5707963267948966 0.0 0.0 1.0
s 0 1 2 3 4 5
end
case cylinder_swapped_seam_pcurves 1e-07
v 1.5 0.0 0.0
v 1.5 0.0 2.0
e 0 0 circle 0.0 0.0 0.0 0.0 0.0 1.0 1.0 0.0 0.0 1.5 0.0 6.283185307179586
e 1 1 circle 0.0 0.0 2.0 0.0 0.0 1.0 1.0 0.0 0.0 1.5 0.0 6.283185307179586
e 0 1 line 1.5 0.0 0.0 0.0 0.0 1.0 0.0 2.0
f plane 0.0 0.0 0.0 0.0 0.0 -1.0 1.0 0.0 0.0 F
w
u 0 R circle 0.0 -0.0 1.0 0.0 1.5 -1.0
f plane 0.0 0.0 2.0 0.0 0.0 1.0 1.0 0.0 0.0 F
w
u 1 F circle 0.0 0.0 1.0 0.0 1.5 1.0
f cylinder 0.0 0.0 0.0 0.0 0.0 1.0 1.0 0.0 0.0 1.5 F
w
u 0 F line 0.0 0.0 1.0 0.0
u 2 F line 0.0 0.0 0.0 1.0
u 1 R line 0.0 2.0 1.0 0.0
u 2 R line 6.283185307179586 0.0 0.0 1.0
s 0 1 2
end
case cylinder_cap_wrong_pcurve_radius 1e-07
v 1.5 0.0 0.0
v 1.5 0.0 2.0
e 0 0 circle 0.0 0.0 0.0 0.0 0.0 1.0 1.0 0.0 0.0 1.5 0.0 6.283185307179586
e 1 1 circle 0.0 0.0 2.0 0.0 0.0 1.0 1.0 0.0 0.0 1.5 0.0 6.283185307179586
e 0 1 line 1.5 0.0 0.0 0.0 0.0 1.0 0.0 2.0
f plane 0.0 0.0 0.0 0.0 0.0 -1.0 1.0 0.0 0.0 F
w
u 0 R circle 0.0 -0.0 1.0 0.0 1.5 -1.0
f plane 0.0 0.0 2.0 0.0 0.0 1.0 1.0 0.0 0.0 F
w
u 1 F circle 0.0 0.0 1.0 0.0 1.5014999999999998 1.0
f cylinder 0.0 0.0 0.0 0.0 0.0 1.0 1.0 0.0 0.0 1.5 F
w
u 0 F line 0.0 0.0 1.0 0.0
u 2 F line 6.283185307179586 0.0 0.0 1.0
u 1 R line 0.0 2.0 1.0 0.0
u 2 R line 0.0 0.0 0.0 1.0
s 0 1 2
end
case box_face_twice 1e-07
v 0.0 0.0 0.0
v 3.0 0.0 0.0
v 3.0 2.0 0.0
v 0.0 2.0 0.0
v 0.0 0.0 1.0
v 3.0 0.0 1.0
v 3.0 2.0 1.0
v 0.0 2.0 1.0
e 0 4 line 0.0 0.0 0.0 0.0 0.0 1.0 0.0 1.0
e 1 5 line 3.0 0.0 0.0 0.0 0.0 1.0 0.0 1.0
e 2 6 line 3.0 2.0 0.0 0.0 0.0 1.0 0.0 1.0
e 3 7 line 0.0 2.0 0.0 0.0 0.0 1.0 0.0 1.0
e 0 1 line 0.0 0.0 0.0 1.0 0.0 0.0 0.0 3.0
e 4 5 line 0.0 0.0 1.0 1.0 0.0 0.0 0.0 3.0
e 1 2 line 3.0 0.0 0.0 0.0 1.0 0.0 0.0 2.0
e 5 6 line 3.0 0.0 1.0 0.0 1.0 0.0 0.0 2.0
e 2 3 line 3.0 2.0 0.0 -1.0 0.0 0.0 0.0 3.0
e 6 7 line 3.0 2.0 1.0 -1.0 0.0 0.0 0.0 3.0
e 3 0 line 0.0 2.0 0.0 0.0 -1.0 0.0 0.0 2.0
e 7 4 line 0.0 2.0 1.0 0.0 -1.0 0.0 0.0 2.0
f plane 0.0 0.0 0.0 0.0 0.0 -1.0 1.0 0.0 0.0 F
w
u 10 R line 0.0 -2.0 0.0 1.0
u 8 R line 3.0 -2.0 -1.0 0.0
u 6 R line 3.0 0.0 0.0 -1.0
u 4 R line 0.0 0.0 1.0 0.0
f plane 0.0 0.0 1.0 0.0 0.0 1.0 1.0 0.0 0.0 F
w
u 5 F line 0.0 0.0 1.0 0.0
u 7 F line 3.0 0.0 0.0 1.0
u 9 F line 3.0 2.0 -1.0 0.0
u 11 F line 0.0 2.0 0.0 -1.0
f plane 0.0 0.0 0.0 0.0 -1.0 0.0 1.0 0.0 0.0 F
w
u 4 F line 0.0 0.0 1.0 0.0
u 1 F line 3.0 0.0 0.0 1.0
u 5 R line 0.0 1.0 1.0 0.0
u 0 R line 0.0 0.0 0.0 1.0
f plane 3.0 0.0 0.0 1.0 -0.0 0.0 0.0 1.0 0.0 F
w
u 6 F line 0.0 0.0 1.0 0.0
u 2 F line 2.0 0.0 0.0 1.0
u 7 R line 0.0 1.0 1.0 0.0
u 1 R line 0.0 0.0 0.0 1.0
f plane 3.0 2.0 0.0 0.0 1.0 0.0 -1.0 0.0 0.0 F
w
u 8 F line 0.0 0.0 1.0 0.0
u 3 F line 3.0 0.0 0.0 1.0
u 9 R line 0.0 1.0 1.0 0.0
u 2 R line 0.0 0.0 0.0 1.0
f plane 0.0 2.0 0.0 -1.0 -0.0 0.0 0.0 -1.0 0.0 F
w
u 10 F line 0.0 0.0 1.0 0.0
u 0 F line 2.0 0.0 0.0 1.0
u 11 R line 0.0 1.0 1.0 0.0
u 3 R line 0.0 0.0 0.0 1.0
s 0 1 2 3 4 5 2
end
case box_non_manifold_edges 1e-07
v 0.0 0.0 0.0
v 3.0 0.0 0.0
v 3.0 2.0 0.0
v 0.0 2.0 0.0
v 0.0 0.0 1.0
v 3.0 0.0 1.0
v 3.0 2.0 1.0
v 0.0 2.0 1.0
e 0 4 line 0.0 0.0 0.0 0.0 0.0 1.0 0.0 1.0
e 1 5 line 3.0 0.0 0.0 0.0 0.0 1.0 0.0 1.0
e 2 6 line 3.0 2.0 0.0 0.0 0.0 1.0 0.0 1.0
e 3 7 line 0.0 2.0 0.0 0.0 0.0 1.0 0.0 1.0
e 0 1 line 0.0 0.0 0.0 1.0 0.0 0.0 0.0 3.0
e 4 5 line 0.0 0.0 1.0 1.0 0.0 0.0 0.0 3.0
e 1 2 line 3.0 0.0 0.0 0.0 1.0 0.0 0.0 2.0
e 5 6 line 3.0 0.0 1.0 0.0 1.0 0.0 0.0 2.0
e 2 3 line 3.0 2.0 0.0 -1.0 0.0 0.0 0.0 3.0
e 6 7 line 3.0 2.0 1.0 -1.0 0.0 0.0 0.0 3.0
e 3 0 line 0.0 2.0 0.0 0.0 -1.0 0.0 0.0 2.0
e 7 4 line 0.0 2.0 1.0 0.0 -1.0 0.0 0.0 2.0
f plane 0.0 0.0 0.0 0.0 0.0 -1.0 1.0 0.0 0.0 F
w
u 10 R line 0.0 -2.0 0.0 1.0
u 8 R line 3.0 -2.0 -1.0 0.0
u 6 R line 3.0 0.0 0.0 -1.0
u 4 R line 0.0 0.0 1.0 0.0
f plane 0.0 0.0 1.0 0.0 0.0 1.0 1.0 0.0 0.0 F
w
u 5 F line 0.0 0.0 1.0 0.0
u 7 F line 3.0 0.0 0.0 1.0
u 9 F line 3.0 2.0 -1.0 0.0
u 11 F line 0.0 2.0 0.0 -1.0
f plane 0.0 0.0 0.0 0.0 -1.0 0.0 1.0 0.0 0.0 F
w
u 4 F line 0.0 0.0 1.0 0.0
u 1 F line 3.0 0.0 0.0 1.0
u 5 R line 0.0 1.0 1.0 0.0
u 0 R line 0.0 0.0 0.0 1.0
f plane 3.0 0.0 0.0 1.0 -0.0 0.0 0.0 1.0 0.0 F
w
u 6 F line 0.0 0.0 1.0 0.0
u 2 F line 2.0 0.0 0.0 1.0
u 7 R line 0.0 1.0 1.0 0.0
u 1 R line 0.0 0.0 0.0 1.0
f plane 3.0 2.0 0.0 0.0 1.0 0.0 -1.0 0.0 0.0 F
w
u 8 F line 0.0 0.0 1.0 0.0
u 3 F line 3.0 0.0 0.0 1.0
u 9 R line 0.0 1.0 1.0 0.0
u 2 R line 0.0 0.0 0.0 1.0
f plane 0.0 2.0 0.0 -1.0 -0.0 0.0 0.0 -1.0 0.0 F
w
u 10 F line 0.0 0.0 1.0 0.0
u 0 F line 2.0 0.0 0.0 1.0
u 11 R line 0.0 1.0 1.0 0.0
u 3 R line 0.0 0.0 0.0 1.0
f plane 0.0 0.0 0.0 0.0 -1.0 0.0 1.0 0.0 0.0 F
w
u 4 F line 0.0 0.0 1.0 0.0
u 1 F line 3.0 0.0 0.0 1.0
u 5 R line 0.0 1.0 1.0 0.0
u 0 R line 0.0 0.0 0.0 1.0
s 0 1 2 3 4 5 6
end
case two_boxes_one_shell 1e-07
v 0.0 0.0 0.0
v 3.0 0.0 0.0
v 3.0 2.0 0.0
v 0.0 2.0 0.0
v 0.0 0.0 1.0
v 3.0 0.0 1.0
v 3.0 2.0 1.0
v 0.0 2.0 1.0
v 5.0 0.0 0.0
v 6.0 0.0 0.0
v 6.0 1.0 0.0
v 5.0 1.0 0.0
v 5.0 0.0 1.0
v 6.0 0.0 1.0
v 6.0 1.0 1.0
v 5.0 1.0 1.0
e 0 4 line 0.0 0.0 0.0 0.0 0.0 1.0 0.0 1.0
e 1 5 line 3.0 0.0 0.0 0.0 0.0 1.0 0.0 1.0
e 2 6 line 3.0 2.0 0.0 0.0 0.0 1.0 0.0 1.0
e 3 7 line 0.0 2.0 0.0 0.0 0.0 1.0 0.0 1.0
e 0 1 line 0.0 0.0 0.0 1.0 0.0 0.0 0.0 3.0
e 4 5 line 0.0 0.0 1.0 1.0 0.0 0.0 0.0 3.0
e 1 2 line 3.0 0.0 0.0 0.0 1.0 0.0 0.0 2.0
e 5 6 line 3.0 0.0 1.0 0.0 1.0 0.0 0.0 2.0
e 2 3 line 3.0 2.0 0.0 -1.0 0.0 0.0 0.0 3.0
e 6 7 line 3.0 2.0 1.0 -1.0 0.0 0.0 0.0 3.0
e 3 0 line 0.0 2.0 0.0 0.0 -1.0 0.0 0.0 2.0
e 7 4 line 0.0 2.0 1.0 0.0 -1.0 0.0 0.0 2.0
e 8 12 line 5.0 0.0 0.0 0.0 0.0 1.0 0.0 1.0
e 9 13 line 6.0 0.0 0.0 0.0 0.0 1.0 0.0 1.0
e 10 14 line 6.0 1.0 0.0 0.0 0.0 1.0 0.0 1.0
e 11 15 line 5.0 1.0 0.0 0.0 0.0 1.0 0.0 1.0
e 8 9 line 5.0 0.0 0.0 1.0 0.0 0.0 0.0 1.0
e 12 13 line 5.0 0.0 1.0 1.0 0.0 0.0 0.0 1.0
e 9 10 line 6.0 0.0 0.0 0.0 1.0 0.0 0.0 1.0
e 13 14 line 6.0 0.0 1.0 0.0 1.0 0.0 0.0 1.0
e 10 11 line 6.0 1.0 0.0 -1.0 0.0 0.0 0.0 1.0
e 14 15 line 6.0 1.0 1.0 -1.0 0.0 0.0 0.0 1.0
e 11 8 line 5.0 1.0 0.0 0.0 -1.0 0.0 0.0 1.0
e 15 12 line 5.0 1.0 1.0 0.0 -1.0 0.0 0.0 1.0
f plane 0.0 0.0 0.0 0.0 0.0 -1.0 1.0 0.0 0.0 F
w
u 10 R line 0.0 -2.0 0.0 1.0
u 8 R line 3.0 -2.0 -1.0 0.0
u 6 R line 3.0 0.0 0.0 -1.0
u 4 R line 0.0 0.0 1.0 0.0
f plane 0.0 0.0 1.0 0.0 0.0 1.0 1.0 0.0 0.0 F
w
u 5 F line 0.0 0.0 1.0 0.0
u 7 F line 3.0 0.0 0.0 1.0
u 9 F line 3.0 2.0 -1.0 0.0
u 11 F line 0.0 2.0 0.0 -1.0
f plane 0.0 0.0 0.0 0.0 -1.0 0.0 1.0 0.0 0.0 F
w
u 4 F line 0.0 0.0 1.0 0.0
u 1 F line 3.0 0.0 0.0 1.0
u 5 R line 0.0 1.0 1.0 0.0
u 0 R line 0.0 0.0 0.0 1.0
f plane 3.0 0.0 0.0 1.0 -0.0 0.0 0.0 1.0 0.0 F
w
u 6 F line 0.0 0.0 1.0 0.0
u 2 F line 2.0 0.0 0.0 1.0
u 7 R line 0.0 1.0 1.0 0.0
u 1 R line 0.0 0.0 0.0 1.0
f plane 3.0 2.0 0.0 0.0 1.0 0.0 -1.0 0.0 0.0 F
w
u 8 F line 0.0 0.0 1.0 0.0
u 3 F line 3.0 0.0 0.0 1.0
u 9 R line 0.0 1.0 1.0 0.0
u 2 R line 0.0 0.0 0.0 1.0
f plane 0.0 2.0 0.0 -1.0 -0.0 0.0 0.0 -1.0 0.0 F
w
u 10 F line 0.0 0.0 1.0 0.0
u 0 F line 2.0 0.0 0.0 1.0
u 11 R line 0.0 1.0 1.0 0.0
u 3 R line 0.0 0.0 0.0 1.0
f plane 0.0 0.0 0.0 0.0 0.0 -1.0 1.0 0.0 0.0 F
w
u 22 R line 5.0 -1.0 0.0 1.0
u 20 R line 6.0 -1.0 -1.0 0.0
u 18 R line 6.0 0.0 0.0 -1.0
u 16 R line 5.0 0.0 1.0 0.0
f plane 0.0 0.0 1.0 0.0 0.0 1.0 1.0 0.0 0.0 F
w
u 17 F line 5.0 0.0 1.0 0.0
u 19 F line 6.0 0.0 0.0 1.0
u 21 F line 6.0 1.0 -1.0 0.0
u 23 F line 5.0 1.0 0.0 -1.0
f plane 5.0 0.0 0.0 0.0 -1.0 0.0 1.0 0.0 0.0 F
w
u 16 F line 0.0 0.0 1.0 0.0
u 13 F line 1.0 0.0 0.0 1.0
u 17 R line 0.0 1.0 1.0 0.0
u 12 R line 0.0 0.0 0.0 1.0
f plane 6.0 0.0 0.0 1.0 -0.0 0.0 0.0 1.0 0.0 F
w
u 18 F line 0.0 0.0 1.0 0.0
u 14 F line 1.0 0.0 0.0 1.0
u 19 R line 0.0 1.0 1.0 0.0
u 13 R line 0.0 0.0 0.0 1.0
f plane 6.0 1.0 0.0 0.0 1.0 0.0 -1.0 0.0 0.0 F
w
u 20 F line 0.0 0.0 1.0 0.0
u 15 F line 1.0 0.0 0.0 1.0
u 21 R line 0.0 1.0 1.0 0.0
u 14 R line 0.0 0.0 0.0 1.0
f plane 5.0 1.0 0.0 -1.0 -0.0 0.0 0.0 -1.0 0.0 F
w
u 22 F line 0.0 0.0 1.0 0.0
u 12 F line 1.0 0.0 0.0 1.0
u 23 R line 0.0 1.0 1.0 0.0
u 15 R line 0.0 0.0 0.0 1.0
s 0 1 2 3 4 5 6 7 8 9 10 11
end
case cavity_not_inverted 1e-07
v 0.0 0.0 0.0
v 4.0 0.0 0.0
v 4.0 4.0 0.0
v 0.0 4.0 0.0
v 0.0 0.0 4.0
v 4.0 0.0 4.0
v 4.0 4.0 4.0
v 0.0 4.0 4.0
v 1.0 1.0 1.0
v 3.0 1.0 1.0
v 3.0 3.0 1.0
v 1.0 3.0 1.0
v 1.0 1.0 3.0
v 3.0 1.0 3.0
v 3.0 3.0 3.0
v 1.0 3.0 3.0
e 0 4 line 0.0 0.0 0.0 0.0 0.0 1.0 0.0 4.0
e 1 5 line 4.0 0.0 0.0 0.0 0.0 1.0 0.0 4.0
e 2 6 line 4.0 4.0 0.0 0.0 0.0 1.0 0.0 4.0
e 3 7 line 0.0 4.0 0.0 0.0 0.0 1.0 0.0 4.0
e 0 1 line 0.0 0.0 0.0 1.0 0.0 0.0 0.0 4.0
e 4 5 line 0.0 0.0 4.0 1.0 0.0 0.0 0.0 4.0
e 1 2 line 4.0 0.0 0.0 0.0 1.0 0.0 0.0 4.0
e 5 6 line 4.0 0.0 4.0 0.0 1.0 0.0 0.0 4.0
e 2 3 line 4.0 4.0 0.0 -1.0 0.0 0.0 0.0 4.0
e 6 7 line 4.0 4.0 4.0 -1.0 0.0 0.0 0.0 4.0
e 3 0 line 0.0 4.0 0.0 0.0 -1.0 0.0 0.0 4.0
e 7 4 line 0.0 4.0 4.0 0.0 -1.0 0.0 0.0 4.0
e 8 12 line 1.0 1.0 1.0 0.0 0.0 1.0 0.0 2.0
e 9 13 line 3.0 1.0 1.0 0.0 0.0 1.0 0.0 2.0
e 10 14 line 3.0 3.0 1.0 0.0 0.0 1.0 0.0 2.0
e 11 15 line 1.0 3.0 1.0 0.0 0.0 1.0 0.0 2.0
e 8 9 line 1.0 1.0 1.0 1.0 0.0 0.0 0.0 2.0
e 12 13 line 1.0 1.0 3.0 1.0 0.0 0.0 0.0 2.0
e 9 10 line 3.0 1.0 1.0 0.0 1.0 0.0 0.0 2.0
e 13 14 line 3.0 1.0 3.0 0.0 1.0 0.0 0.0 2.0
e 10 11 line 3.0 3.0 1.0 -1.0 0.0 0.0 0.0 2.0
e 14 15 line 3.0 3.0 3.0 -1.0 0.0 0.0 0.0 2.0
e 11 8 line 1.0 3.0 1.0 0.0 -1.0 0.0 0.0 2.0
e 15 12 line 1.0 3.0 3.0 0.0 -1.0 0.0 0.0 2.0
f plane 0.0 0.0 0.0 0.0 0.0 -1.0 1.0 0.0 0.0 F
w
u 10 R line 0.0 -4.0 0.0 1.0
u 8 R line 4.0 -4.0 -1.0 0.0
u 6 R line 4.0 0.0 0.0 -1.0
u 4 R line 0.0 0.0 1.0 0.0
f plane 0.0 0.0 4.0 0.0 0.0 1.0 1.0 0.0 0.0 F
w
u 5 F line 0.0 0.0 1.0 0.0
u 7 F line 4.0 0.0 0.0 1.0
u 9 F line 4.0 4.0 -1.0 0.0
u 11 F line 0.0 4.0 0.0 -1.0
f plane 0.0 0.0 0.0 0.0 -1.0 0.0 1.0 0.0 0.0 F
w
u 4 F line 0.0 0.0 1.0 0.0
u 1 F line 4.0 0.0 0.0 1.0
u 5 R line 0.0 4.0 1.0 0.0
u 0 R line 0.0 0.0 0.0 1.0
f plane 4.0 0.0 0.0 1.0 -0.0 0.0 0.0 1.0 0.0 F
w
u 6 F line 0.0 0.0 1.0 0.0
u 2 F line 4.0 0.0 0.0 1.0
u 7 R line 0.0 4.0 1.0 0.0
u 1 R line 0.0 0.0 0.0 1.0
f plane 4.0 4.0 0.0 0.0 1.0 0.0 -1.0 0.0 0.0 F
w
u 8 F line 0.0 0.0 1.0 0.0
u 3 F line 4.0 0.0 0.0 1.0
u 9 R line 0.0 4.0 1.0 0.0
u 2 R line 0.0 0.0 0.0 1.0
f plane 0.0 4.0 0.0 -1.0 -0.0 0.0 0.0 -1.0 0.0 F
w
u 10 F line 0.0 0.0 1.0 0.0
u 0 F line 4.0 0.0 0.0 1.0
u 11 R line 0.0 4.0 1.0 0.0
u 3 R line 0.0 0.0 0.0 1.0
f plane 0.0 0.0 1.0 0.0 0.0 -1.0 1.0 0.0 0.0 F
w
u 22 R line 1.0 -3.0 0.0 1.0
u 20 R line 3.0 -3.0 -1.0 0.0
u 18 R line 3.0 -1.0 0.0 -1.0
u 16 R line 1.0 -1.0 1.0 0.0
f plane 0.0 0.0 3.0 0.0 0.0 1.0 1.0 0.0 0.0 F
w
u 17 F line 1.0 1.0 1.0 0.0
u 19 F line 3.0 1.0 0.0 1.0
u 21 F line 3.0 3.0 -1.0 0.0
u 23 F line 1.0 3.0 0.0 -1.0
f plane 1.0 1.0 1.0 0.0 -1.0 0.0 1.0 0.0 0.0 F
w
u 16 F line 0.0 0.0 1.0 0.0
u 13 F line 2.0 0.0 0.0 1.0
u 17 R line 0.0 2.0 1.0 0.0
u 12 R line 0.0 0.0 0.0 1.0
f plane 3.0 1.0 1.0 1.0 -0.0 0.0 0.0 1.0 0.0 F
w
u 18 F line 0.0 0.0 1.0 0.0
u 14 F line 2.0 0.0 0.0 1.0
u 19 R line 0.0 2.0 1.0 0.0
u 13 R line 0.0 0.0 0.0 1.0
f plane 3.0 3.0 1.0 0.0 1.0 0.0 -1.0 0.0 0.0 F
w
u 20 F line 0.0 0.0 1.0 0.0
u 15 F line 2.0 0.0 0.0 1.0
u 21 R line 0.0 2.0 1.0 0.0
u 14 R line 0.0 0.0 0.0 1.0
f plane 1.0 3.0 1.0 -1.0 -0.0 0.0 0.0 -1.0 0.0 F
w
u 22 F line 0.0 0.0 1.0 0.0
u 12 F line 2.0 0.0 0.0 1.0
u 23 R line 0.0 2.0 1.0 0.0
u 15 R line 0.0 0.0 0.0 1.0
s 0 1 2 3 4 5
s 6 7 8 9 10 11
end
case outer_inverted 1e-07
v 0.0 0.0 0.0
v 4.0 0.0 0.0
v 4.0 4.0 0.0
v 0.0 4.0 0.0
v 0.0 0.0 4.0
v 4.0 0.0 4.0
v 4.0 4.0 4.0
v 0.0 4.0 4.0
v 1.0 1.0 1.0
v 3.0 1.0 1.0
v 3.0 3.0 1.0
v 1.0 3.0 1.0
v 1.0 1.0 3.0
v 3.0 1.0 3.0
v 3.0 3.0 3.0
v 1.0 3.0 3.0
e 0 4 line 0.0 0.0 0.0 0.0 0.0 1.0 0.0 4.0
e 1 5 line 4.0 0.0 0.0 0.0 0.0 1.0 0.0 4.0
e 2 6 line 4.0 4.0 0.0 0.0 0.0 1.0 0.0 4.0
e 3 7 line 0.0 4.0 0.0 0.0 0.0 1.0 0.0 4.0
e 0 1 line 0.0 0.0 0.0 1.0 0.0 0.0 0.0 4.0
e 4 5 line 0.0 0.0 4.0 1.0 0.0 0.0 0.0 4.0
e 1 2 line 4.0 0.0 0.0 0.0 1.0 0.0 0.0 4.0
e 5 6 line 4.0 0.0 4.0 0.0 1.0 0.0 0.0 4.0
e 2 3 line 4.0 4.0 0.0 -1.0 0.0 0.0 0.0 4.0
e 6 7 line 4.0 4.0 4.0 -1.0 0.0 0.0 0.0 4.0
e 3 0 line 0.0 4.0 0.0 0.0 -1.0 0.0 0.0 4.0
e 7 4 line 0.0 4.0 4.0 0.0 -1.0 0.0 0.0 4.0
e 8 12 line 1.0 1.0 1.0 0.0 0.0 1.0 0.0 2.0
e 9 13 line 3.0 1.0 1.0 0.0 0.0 1.0 0.0 2.0
e 10 14 line 3.0 3.0 1.0 0.0 0.0 1.0 0.0 2.0
e 11 15 line 1.0 3.0 1.0 0.0 0.0 1.0 0.0 2.0
e 8 9 line 1.0 1.0 1.0 1.0 0.0 0.0 0.0 2.0
e 12 13 line 1.0 1.0 3.0 1.0 0.0 0.0 0.0 2.0
e 9 10 line 3.0 1.0 1.0 0.0 1.0 0.0 0.0 2.0
e 13 14 line 3.0 1.0 3.0 0.0 1.0 0.0 0.0 2.0
e 10 11 line 3.0 3.0 1.0 -1.0 0.0 0.0 0.0 2.0
e 14 15 line 3.0 3.0 3.0 -1.0 0.0 0.0 0.0 2.0
e 11 8 line 1.0 3.0 1.0 0.0 -1.0 0.0 0.0 2.0
e 15 12 line 1.0 3.0 3.0 0.0 -1.0 0.0 0.0 2.0
f plane 0.0 0.0 0.0 0.0 0.0 -1.0 1.0 0.0 0.0 R
w
u 4 R line 0.0 0.0 1.0 0.0
u 6 R line 4.0 0.0 0.0 -1.0
u 8 R line 4.0 -4.0 -1.0 0.0
u 10 R line 0.0 -4.0 0.0 1.0
f plane 0.0 0.0 4.0 0.0 0.0 1.0 1.0 0.0 0.0 R
w
u 11 F line 0.0 4.0 0.0 -1.0
u 9 F line 4.0 4.0 -1.0 0.0
u 7 F line 4.0 0.0 0.0 1.0
u 5 F line 0.0 0.0 1.0 0.0
f plane 0.0 0.0 0.0 0.0 -1.0 0.0 1.0 0.0 0.0 R
w
u 0 R line 0.0 0.0 0.0 1.0
u 5 R line 0.0 4.0 1.0 0.0
u 1 F line 4.0 0.0 0.0 1.0
u 4 F line 0.0 0.0 1.0 0.0
f plane 4.0 0.0 0.0 1.0 -0.0 0.0 0.0 1.0 0.0 R
w
u 1 R line 0.0 0.0 0.0 1.0
u 7 R line 0.0 4.0 1.0 0.0
u 2 F line 4.0 0.0 0.0 1.0
u 6 F line 0.0 0.0 1.0 0.0
f plane 4.0 4.0 0.0 0.0 1.0 0.0 -1.0 0.0 0.0 R
w
u 2 R line 0.0 0.0 0.0 1.0
u 9 R line 0.0 4.0 1.0 0.0
u 3 F line 4.0 0.0 0.0 1.0
u 8 F line 0.0 0.0 1.0 0.0
f plane 0.0 4.0 0.0 -1.0 -0.0 0.0 0.0 -1.0 0.0 R
w
u 3 R line 0.0 0.0 0.0 1.0
u 11 R line 0.0 4.0 1.0 0.0
u 0 F line 4.0 0.0 0.0 1.0
u 10 F line 0.0 0.0 1.0 0.0
f plane 0.0 0.0 1.0 0.0 0.0 -1.0 1.0 0.0 0.0 R
w
u 16 R line 1.0 -1.0 1.0 0.0
u 18 R line 3.0 -1.0 0.0 -1.0
u 20 R line 3.0 -3.0 -1.0 0.0
u 22 R line 1.0 -3.0 0.0 1.0
f plane 0.0 0.0 3.0 0.0 0.0 1.0 1.0 0.0 0.0 R
w
u 23 F line 1.0 3.0 0.0 -1.0
u 21 F line 3.0 3.0 -1.0 0.0
u 19 F line 3.0 1.0 0.0 1.0
u 17 F line 1.0 1.0 1.0 0.0
f plane 1.0 1.0 1.0 0.0 -1.0 0.0 1.0 0.0 0.0 R
w
u 12 R line 0.0 0.0 0.0 1.0
u 17 R line 0.0 2.0 1.0 0.0
u 13 F line 2.0 0.0 0.0 1.0
u 16 F line 0.0 0.0 1.0 0.0
f plane 3.0 1.0 1.0 1.0 -0.0 0.0 0.0 1.0 0.0 R
w
u 13 R line 0.0 0.0 0.0 1.0
u 19 R line 0.0 2.0 1.0 0.0
u 14 F line 2.0 0.0 0.0 1.0
u 18 F line 0.0 0.0 1.0 0.0
f plane 3.0 3.0 1.0 0.0 1.0 0.0 -1.0 0.0 0.0 R
w
u 14 R line 0.0 0.0 0.0 1.0
u 21 R line 0.0 2.0 1.0 0.0
u 15 F line 2.0 0.0 0.0 1.0
u 20 F line 0.0 0.0 1.0 0.0
f plane 1.0 3.0 1.0 -1.0 -0.0 0.0 0.0 -1.0 0.0 R
w
u 15 R line 0.0 0.0 0.0 1.0
u 23 R line 0.0 2.0 1.0 0.0
u 12 F line 2.0 0.0 0.0 1.0
u 22 F line 0.0 0.0 1.0 0.0
s 0 1 2 3 4 5
s 6 7 8 9 10 11
end
case cavity_outside 1e-07
v 0.0 0.0 0.0
v 4.0 0.0 0.0
v 4.0 4.0 0.0
v 0.0 4.0 0.0
v 0.0 0.0 4.0
v 4.0 0.0 4.0
v 4.0 4.0 4.0
v 0.0 4.0 4.0
v 5.0 1.0 1.0
v 7.0 1.0 1.0
v 7.0 3.0 1.0
v 5.0 3.0 1.0
v 5.0 1.0 3.0
v 7.0 1.0 3.0
v 7.0 3.0 3.0
v 5.0 3.0 3.0
e 0 4 line 0.0 0.0 0.0 0.0 0.0 1.0 0.0 4.0
e 1 5 line 4.0 0.0 0.0 0.0 0.0 1.0 0.0 4.0
e 2 6 line 4.0 4.0 0.0 0.0 0.0 1.0 0.0 4.0
e 3 7 line 0.0 4.0 0.0 0.0 0.0 1.0 0.0 4.0
e 0 1 line 0.0 0.0 0.0 1.0 0.0 0.0 0.0 4.0
e 4 5 line 0.0 0.0 4.0 1.0 0.0 0.0 0.0 4.0
e 1 2 line 4.0 0.0 0.0 0.0 1.0 0.0 0.0 4.0
e 5 6 line 4.0 0.0 4.0 0.0 1.0 0.0 0.0 4.0
e 2 3 line 4.0 4.0 0.0 -1.0 0.0 0.0 0.0 4.0
e 6 7 line 4.0 4.0 4.0 -1.0 0.0 0.0 0.0 4.0
e 3 0 line 0.0 4.0 0.0 0.0 -1.0 0.0 0.0 4.0
e 7 4 line 0.0 4.0 4.0 0.0 -1.0 0.0 0.0 4.0
e 8 12 line 5.0 1.0 1.0 0.0 0.0 1.0 0.0 2.0
e 9 13 line 7.0 1.0 1.0 0.0 0.0 1.0 0.0 2.0
e 10 14 line 7.0 3.0 1.0 0.0 0.0 1.0 0.0 2.0
e 11 15 line 5.0 3.0 1.0 0.0 0.0 1.0 0.0 2.0
e 8 9 line 5.0 1.0 1.0 1.0 0.0 0.0 0.0 2.0
e 12 13 line 5.0 1.0 3.0 1.0 0.0 0.0 0.0 2.0
e 9 10 line 7.0 1.0 1.0 0.0 1.0 0.0 0.0 2.0
e 13 14 line 7.0 1.0 3.0 0.0 1.0 0.0 0.0 2.0
e 10 11 line 7.0 3.0 1.0 -1.0 0.0 0.0 0.0 2.0
e 14 15 line 7.0 3.0 3.0 -1.0 0.0 0.0 0.0 2.0
e 11 8 line 5.0 3.0 1.0 0.0 -1.0 0.0 0.0 2.0
e 15 12 line 5.0 3.0 3.0 0.0 -1.0 0.0 0.0 2.0
f plane 0.0 0.0 0.0 0.0 0.0 -1.0 1.0 0.0 0.0 F
w
u 10 R line 0.0 -4.0 0.0 1.0
u 8 R line 4.0 -4.0 -1.0 0.0
u 6 R line 4.0 0.0 0.0 -1.0
u 4 R line 0.0 0.0 1.0 0.0
f plane 0.0 0.0 4.0 0.0 0.0 1.0 1.0 0.0 0.0 F
w
u 5 F line 0.0 0.0 1.0 0.0
u 7 F line 4.0 0.0 0.0 1.0
u 9 F line 4.0 4.0 -1.0 0.0
u 11 F line 0.0 4.0 0.0 -1.0
f plane 0.0 0.0 0.0 0.0 -1.0 0.0 1.0 0.0 0.0 F
w
u 4 F line 0.0 0.0 1.0 0.0
u 1 F line 4.0 0.0 0.0 1.0
u 5 R line 0.0 4.0 1.0 0.0
u 0 R line 0.0 0.0 0.0 1.0
f plane 4.0 0.0 0.0 1.0 -0.0 0.0 0.0 1.0 0.0 F
w
u 6 F line 0.0 0.0 1.0 0.0
u 2 F line 4.0 0.0 0.0 1.0
u 7 R line 0.0 4.0 1.0 0.0
u 1 R line 0.0 0.0 0.0 1.0
f plane 4.0 4.0 0.0 0.0 1.0 0.0 -1.0 0.0 0.0 F
w
u 8 F line 0.0 0.0 1.0 0.0
u 3 F line 4.0 0.0 0.0 1.0
u 9 R line 0.0 4.0 1.0 0.0
u 2 R line 0.0 0.0 0.0 1.0
f plane 0.0 4.0 0.0 -1.0 -0.0 0.0 0.0 -1.0 0.0 F
w
u 10 F line 0.0 0.0 1.0 0.0
u 0 F line 4.0 0.0 0.0 1.0
u 11 R line 0.0 4.0 1.0 0.0
u 3 R line 0.0 0.0 0.0 1.0
f plane 0.0 0.0 1.0 0.0 0.0 -1.0 1.0 0.0 0.0 R
w
u 16 R line 5.0 -1.0 1.0 0.0
u 18 R line 7.0 -1.0 0.0 -1.0
u 20 R line 7.0 -3.0 -1.0 0.0
u 22 R line 5.0 -3.0 0.0 1.0
f plane 0.0 0.0 3.0 0.0 0.0 1.0 1.0 0.0 0.0 R
w
u 23 F line 5.0 3.0 0.0 -1.0
u 21 F line 7.0 3.0 -1.0 0.0
u 19 F line 7.0 1.0 0.0 1.0
u 17 F line 5.0 1.0 1.0 0.0
f plane 5.0 1.0 1.0 0.0 -1.0 0.0 1.0 0.0 0.0 R
w
u 12 R line 0.0 0.0 0.0 1.0
u 17 R line 0.0 2.0 1.0 0.0
u 13 F line 2.0 0.0 0.0 1.0
u 16 F line 0.0 0.0 1.0 0.0
f plane 7.0 1.0 1.0 1.0 -0.0 0.0 0.0 1.0 0.0 R
w
u 13 R line 0.0 0.0 0.0 1.0
u 19 R line 0.0 2.0 1.0 0.0
u 14 F line 2.0 0.0 0.0 1.0
u 18 F line 0.0 0.0 1.0 0.0
f plane 7.0 3.0 1.0 0.0 1.0 0.0 -1.0 0.0 0.0 R
w
u 14 R line 0.0 0.0 0.0 1.0
u 21 R line 0.0 2.0 1.0 0.0
u 15 F line 2.0 0.0 0.0 1.0
u 20 F line 0.0 0.0 1.0 0.0
f plane 5.0 3.0 1.0 -1.0 -0.0 0.0 0.0 -1.0 0.0 R
w
u 15 R line 0.0 0.0 0.0 1.0
u 23 R line 0.0 2.0 1.0 0.0
u 12 F line 2.0 0.0 0.0 1.0
u 22 F line 0.0 0.0 1.0 0.0
s 0 1 2 3 4 5
s 6 7 8 9 10 11
end
case nested_cavities 1e-07
v 0.0 0.0 0.0
v 8.0 0.0 0.0
v 8.0 8.0 0.0
v 0.0 8.0 0.0
v 0.0 0.0 8.0
v 8.0 0.0 8.0
v 8.0 8.0 8.0
v 0.0 8.0 8.0
v 1.0 1.0 1.0
v 7.0 1.0 1.0
v 7.0 7.0 1.0
v 1.0 7.0 1.0
v 1.0 1.0 7.0
v 7.0 1.0 7.0
v 7.0 7.0 7.0
v 1.0 7.0 7.0
v 3.0 3.0 3.0
v 5.0 3.0 3.0
v 5.0 5.0 3.0
v 3.0 5.0 3.0
v 3.0 3.0 5.0
v 5.0 3.0 5.0
v 5.0 5.0 5.0
v 3.0 5.0 5.0
e 0 4 line 0.0 0.0 0.0 0.0 0.0 1.0 0.0 8.0
e 1 5 line 8.0 0.0 0.0 0.0 0.0 1.0 0.0 8.0
e 2 6 line 8.0 8.0 0.0 0.0 0.0 1.0 0.0 8.0
e 3 7 line 0.0 8.0 0.0 0.0 0.0 1.0 0.0 8.0
e 0 1 line 0.0 0.0 0.0 1.0 0.0 0.0 0.0 8.0
e 4 5 line 0.0 0.0 8.0 1.0 0.0 0.0 0.0 8.0
e 1 2 line 8.0 0.0 0.0 0.0 1.0 0.0 0.0 8.0
e 5 6 line 8.0 0.0 8.0 0.0 1.0 0.0 0.0 8.0
e 2 3 line 8.0 8.0 0.0 -1.0 0.0 0.0 0.0 8.0
e 6 7 line 8.0 8.0 8.0 -1.0 0.0 0.0 0.0 8.0
e 3 0 line 0.0 8.0 0.0 0.0 -1.0 0.0 0.0 8.0
e 7 4 line 0.0 8.0 8.0 0.0 -1.0 0.0 0.0 8.0
e 8 12 line 1.0 1.0 1.0 0.0 0.0 1.0 0.0 6.0
e 9 13 line 7.0 1.0 1.0 0.0 0.0 1.0 0.0 6.0
e 10 14 line 7.0 7.0 1.0 0.0 0.0 1.0 0.0 6.0
e 11 15 line 1.0 7.0 1.0 0.0 0.0 1.0 0.0 6.0
e 8 9 line 1.0 1.0 1.0 1.0 0.0 0.0 0.0 6.0
e 12 13 line 1.0 1.0 7.0 1.0 0.0 0.0 0.0 6.0
e 9 10 line 7.0 1.0 1.0 0.0 1.0 0.0 0.0 6.0
e 13 14 line 7.0 1.0 7.0 0.0 1.0 0.0 0.0 6.0
e 10 11 line 7.0 7.0 1.0 -1.0 0.0 0.0 0.0 6.0
e 14 15 line 7.0 7.0 7.0 -1.0 0.0 0.0 0.0 6.0
e 11 8 line 1.0 7.0 1.0 0.0 -1.0 0.0 0.0 6.0
e 15 12 line 1.0 7.0 7.0 0.0 -1.0 0.0 0.0 6.0
e 16 20 line 3.0 3.0 3.0 0.0 0.0 1.0 0.0 2.0
e 17 21 line 5.0 3.0 3.0 0.0 0.0 1.0 0.0 2.0
e 18 22 line 5.0 5.0 3.0 0.0 0.0 1.0 0.0 2.0
e 19 23 line 3.0 5.0 3.0 0.0 0.0 1.0 0.0 2.0
e 16 17 line 3.0 3.0 3.0 1.0 0.0 0.0 0.0 2.0
e 20 21 line 3.0 3.0 5.0 1.0 0.0 0.0 0.0 2.0
e 17 18 line 5.0 3.0 3.0 0.0 1.0 0.0 0.0 2.0
e 21 22 line 5.0 3.0 5.0 0.0 1.0 0.0 0.0 2.0
e 18 19 line 5.0 5.0 3.0 -1.0 0.0 0.0 0.0 2.0
e 22 23 line 5.0 5.0 5.0 -1.0 0.0 0.0 0.0 2.0
e 19 16 line 3.0 5.0 3.0 0.0 -1.0 0.0 0.0 2.0
e 23 20 line 3.0 5.0 5.0 0.0 -1.0 0.0 0.0 2.0
f plane 0.0 0.0 0.0 0.0 0.0 -1.0 1.0 0.0 0.0 F
w
u 10 R line 0.0 -8.0 0.0 1.0
u 8 R line 8.0 -8.0 -1.0 0.0
u 6 R line 8.0 0.0 0.0 -1.0
u 4 R line 0.0 0.0 1.0 0.0
f plane 0.0 0.0 8.0 0.0 0.0 1.0 1.0 0.0 0.0 F
w
u 5 F line 0.0 0.0 1.0 0.0
u 7 F line 8.0 0.0 0.0 1.0
u 9 F line 8.0 8.0 -1.0 0.0
u 11 F line 0.0 8.0 0.0 -1.0
f plane 0.0 0.0 0.0 0.0 -1.0 0.0 1.0 0.0 0.0 F
w
u 4 F line 0.0 0.0 1.0 0.0
u 1 F line 8.0 0.0 0.0 1.0
u 5 R line 0.0 8.0 1.0 0.0
u 0 R line 0.0 0.0 0.0 1.0
f plane 8.0 0.0 0.0 1.0 -0.0 0.0 0.0 1.0 0.0 F
w
u 6 F line 0.0 0.0 1.0 0.0
u 2 F line 8.0 0.0 0.0 1.0
u 7 R line 0.0 8.0 1.0 0.0
u 1 R line 0.0 0.0 0.0 1.0
f plane 8.0 8.0 0.0 0.0 1.0 0.0 -1.0 0.0 0.0 F
w
u 8 F line 0.0 0.0 1.0 0.0
u 3 F line 8.0 0.0 0.0 1.0
u 9 R line 0.0 8.0 1.0 0.0
u 2 R line 0.0 0.0 0.0 1.0
f plane 0.0 8.0 0.0 -1.0 -0.0 0.0 0.0 -1.0 0.0 F
w
u 10 F line 0.0 0.0 1.0 0.0
u 0 F line 8.0 0.0 0.0 1.0
u 11 R line 0.0 8.0 1.0 0.0
u 3 R line 0.0 0.0 0.0 1.0
f plane 0.0 0.0 1.0 0.0 0.0 -1.0 1.0 0.0 0.0 R
w
u 16 R line 1.0 -1.0 1.0 0.0
u 18 R line 7.0 -1.0 0.0 -1.0
u 20 R line 7.0 -7.0 -1.0 0.0
u 22 R line 1.0 -7.0 0.0 1.0
f plane 0.0 0.0 7.0 0.0 0.0 1.0 1.0 0.0 0.0 R
w
u 23 F line 1.0 7.0 0.0 -1.0
u 21 F line 7.0 7.0 -1.0 0.0
u 19 F line 7.0 1.0 0.0 1.0
u 17 F line 1.0 1.0 1.0 0.0
f plane 1.0 1.0 1.0 0.0 -1.0 0.0 1.0 0.0 0.0 R
w
u 12 R line 0.0 0.0 0.0 1.0
u 17 R line 0.0 6.0 1.0 0.0
u 13 F line 6.0 0.0 0.0 1.0
u 16 F line 0.0 0.0 1.0 0.0
f plane 7.0 1.0 1.0 1.0 -0.0 0.0 0.0 1.0 0.0 R
w
u 13 R line 0.0 0.0 0.0 1.0
u 19 R line 0.0 6.0 1.0 0.0
u 14 F line 6.0 0.0 0.0 1.0
u 18 F line 0.0 0.0 1.0 0.0
f plane 7.0 7.0 1.0 0.0 1.0 0.0 -1.0 0.0 0.0 R
w
u 14 R line 0.0 0.0 0.0 1.0
u 21 R line 0.0 6.0 1.0 0.0
u 15 F line 6.0 0.0 0.0 1.0
u 20 F line 0.0 0.0 1.0 0.0
f plane 1.0 7.0 1.0 -1.0 -0.0 0.0 0.0 -1.0 0.0 R
w
u 15 R line 0.0 0.0 0.0 1.0
u 23 R line 0.0 6.0 1.0 0.0
u 12 F line 6.0 0.0 0.0 1.0
u 22 F line 0.0 0.0 1.0 0.0
f plane 0.0 0.0 3.0 0.0 0.0 -1.0 1.0 0.0 0.0 R
w
u 28 R line 3.0 -3.0 1.0 0.0
u 30 R line 5.0 -3.0 0.0 -1.0
u 32 R line 5.0 -5.0 -1.0 0.0
u 34 R line 3.0 -5.0 0.0 1.0
f plane 0.0 0.0 5.0 0.0 0.0 1.0 1.0 0.0 0.0 R
w
u 35 F line 3.0 5.0 0.0 -1.0
u 33 F line 5.0 5.0 -1.0 0.0
u 31 F line 5.0 3.0 0.0 1.0
u 29 F line 3.0 3.0 1.0 0.0
f plane 3.0 3.0 3.0 0.0 -1.0 0.0 1.0 0.0 0.0 R
w
u 24 R line 0.0 0.0 0.0 1.0
u 29 R line 0.0 2.0 1.0 0.0
u 25 F line 2.0 0.0 0.0 1.0
u 28 F line 0.0 0.0 1.0 0.0
f plane 5.0 3.0 3.0 1.0 -0.0 0.0 0.0 1.0 0.0 R
w
u 25 R line 0.0 0.0 0.0 1.0
u 31 R line 0.0 2.0 1.0 0.0
u 26 F line 2.0 0.0 0.0 1.0
u 30 F line 0.0 0.0 1.0 0.0
f plane 5.0 5.0 3.0 0.0 1.0 0.0 -1.0 0.0 0.0 R
w
u 26 R line 0.0 0.0 0.0 1.0
u 33 R line 0.0 2.0 1.0 0.0
u 27 F line 2.0 0.0 0.0 1.0
u 32 F line 0.0 0.0 1.0 0.0
f plane 3.0 5.0 3.0 -1.0 -0.0 0.0 0.0 -1.0 0.0 R
w
u 27 R line 0.0 0.0 0.0 1.0
u 35 R line 0.0 2.0 1.0 0.0
u 24 F line 2.0 0.0 0.0 1.0
u 34 F line 0.0 0.0 1.0 0.0
s 0 1 2 3 4 5
s 6 7 8 9 10 11
s 12 13 14 15 16 17
end
case hole_outside_outline 1e-07
v 0.0 0.0 0.0
v 4.0 0.0 0.0
v 4.0 3.0 0.0
v 0.0 3.0 0.0
v 0.0 0.0 0.5
v 4.0 0.0 0.5
v 4.0 3.0 0.5
v 0.0 3.0 0.5
v 6.5 1.5 0.0
v 6.5 1.5 0.5
e 0 4 line 0.0 0.0 0.0 0.0 0.0 1.0 0.0 0.5
e 1 5 line 4.0 0.0 0.0 0.0 0.0 1.0 0.0 0.5
e 2 6 line 4.0 3.0 0.0 0.0 0.0 1.0 0.0 0.5
e 3 7 line 0.0 3.0 0.0 0.0 0.0 1.0 0.0 0.5
e 0 1 line 0.0 0.0 0.0 1.0 0.0 0.0 0.0 4.0
e 4 5 line 0.0 0.0 0.5 1.0 0.0 0.0 0.0 4.0
e 1 2 line 4.0 0.0 0.0 0.0 1.0 0.0 0.0 3.0
e 5 6 line 4.0 0.0 0.5 0.0 1.0 0.0 0.0 3.0
e 2 3 line 4.0 3.0 0.0 -1.0 0.0 0.0 0.0 4.0
e 6 7 line 4.0 3.0 0.5 -1.0 0.0 0.0 0.0 4.0
e 3 0 line 0.0 3.0 0.0 0.0 -1.0 0.0 0.0 3.0
e 7 4 line 0.0 3.0 0.5 0.0 -1.0 0.0 0.0 3.0
e 8 8 circle 6.0 1.5 0.0 -0.0 -0.0 -1.0 1.0 0.0 0.0 0.5 -0.0 6.283185307179586
e 9 9 circle 6.0 1.5 0.5 -0.0 -0.0 -1.0 1.0 0.0 0.0 0.5 -0.0 6.283185307179586
e 8 9 line 6.5 1.5 0.0 0.0 0.0 1.0 0.0 0.5
f plane 0.0 0.0 0.0 0.0 0.0 -1.0 1.0 0.0 0.0 F
w
u 10 R line 0.0 -3.0 0.0 1.0
u 8 R line 4.0 -3.0 -1.0 0.0
u 6 R line 4.0 0.0 0.0 -1.0
u 4 R line 0.0 0.0 1.0 0.0
w
u 12 R circle 6.0 -1.5 1.0 0.0 0.5 1.0
f plane 0.0 0.0 0.5 0.0 0.0 1.0 1.0 0.0 0.0 F
w
u 5 F line 0.0 0.0 1.0 0.0
u 7 F line 4.0 0.0 0.0 1.0
u 9 F line 4.0 3.0 -1.0 0.0
u 11 F line 0.0 3.0 0.0 -1.0
w
u 13 F circle 6.0 1.5 1.0 0.0 0.5 -1.0
f plane 0.0 0.0 0.0 0.0 -1.0 0.0 1.0 0.0 0.0 F
w
u 4 F line 0.0 0.0 1.0 0.0
u 1 F line 4.0 0.0 0.0 1.0
u 5 R line 0.0 0.5 1.0 0.0
u 0 R line 0.0 0.0 0.0 1.0
f plane 4.0 0.0 0.0 1.0 -0.0 0.0 0.0 1.0 0.0 F
w
u 6 F line 0.0 0.0 1.0 0.0
u 2 F line 3.0 0.0 0.0 1.0
u 7 R line 0.0 0.5 1.0 0.0
u 1 R line 0.0 0.0 0.0 1.0
f plane 4.0 3.0 0.0 0.0 1.0 0.0 -1.0 0.0 0.0 F
w
u 8 F line 0.0 0.0 1.0 0.0
u 3 F line 4.0 0.0 0.0 1.0
u 9 R line 0.0 0.5 1.0 0.0
u 2 R line 0.0 0.0 0.0 1.0
f plane 0.0 3.0 0.0 -1.0 -0.0 0.0 0.0 -1.0 0.0 F
w
u 10 F line 0.0 0.0 1.0 0.0
u 0 F line 3.0 0.0 0.0 1.0
u 11 R line 0.0 0.5 1.0 0.0
u 3 R line 0.0 0.0 0.0 1.0
f cylinder 6.0 1.5 0.0 0.0 0.0 1.0 1.0 0.0 0.0 0.5 R
w
u 12 R line 0.0 0.0 -1.0 0.0
u 14 R line -6.283185307179586 0.0 0.0 1.0
u 13 F line 0.0 0.5 -1.0 0.0
u 14 F line 0.0 0.0 0.0 1.0
s 0 1 2 3 4 5 6
end
case cavity_face_uses_outer_edge 1e-07
v 0.0 0.0 0.0
v 4.0 0.0 0.0
v 4.0 4.0 0.0
v 0.0 4.0 0.0
v 0.0 0.0 4.0
v 4.0 0.0 4.0
v 4.0 4.0 4.0
v 0.0 4.0 4.0
v 1.0 1.0 1.0
v 3.0 1.0 1.0
v 3.0 3.0 1.0
v 1.0 3.0 1.0
v 1.0 1.0 3.0
v 3.0 1.0 3.0
v 3.0 3.0 3.0
v 1.0 3.0 3.0
e 0 4 line 0.0 0.0 0.0 0.0 0.0 1.0 0.0 4.0
e 1 5 line 4.0 0.0 0.0 0.0 0.0 1.0 0.0 4.0
e 2 6 line 4.0 4.0 0.0 0.0 0.0 1.0 0.0 4.0
e 3 7 line 0.0 4.0 0.0 0.0 0.0 1.0 0.0 4.0
e 0 1 line 0.0 0.0 0.0 1.0 0.0 0.0 0.0 4.0
e 4 5 line 0.0 0.0 4.0 1.0 0.0 0.0 0.0 4.0
e 1 2 line 4.0 0.0 0.0 0.0 1.0 0.0 0.0 4.0
e 5 6 line 4.0 0.0 4.0 0.0 1.0 0.0 0.0 4.0
e 2 3 line 4.0 4.0 0.0 -1.0 0.0 0.0 0.0 4.0
e 6 7 line 4.0 4.0 4.0 -1.0 0.0 0.0 0.0 4.0
e 3 0 line 0.0 4.0 0.0 0.0 -1.0 0.0 0.0 4.0
e 7 4 line 0.0 4.0 4.0 0.0 -1.0 0.0 0.0 4.0
e 8 12 line 1.0 1.0 1.0 0.0 0.0 1.0 0.0 2.0
e 9 13 line 3.0 1.0 1.0 0.0 0.0 1.0 0.0 2.0
e 10 14 line 3.0 3.0 1.0 0.0 0.0 1.0 0.0 2.0
e 11 15 line 1.0 3.0 1.0 0.0 0.0 1.0 0.0 2.0
e 8 9 line 1.0 1.0 1.0 1.0 0.0 0.0 0.0 2.0
e 12 13 line 1.0 1.0 3.0 1.0 0.0 0.0 0.0 2.0
e 9 10 line 3.0 1.0 1.0 0.0 1.0 0.0 0.0 2.0
e 13 14 line 3.0 1.0 3.0 0.0 1.0 0.0 0.0 2.0
e 10 11 line 3.0 3.0 1.0 -1.0 0.0 0.0 0.0 2.0
e 14 15 line 3.0 3.0 3.0 -1.0 0.0 0.0 0.0 2.0
e 11 8 line 1.0 3.0 1.0 0.0 -1.0 0.0 0.0 2.0
e 15 12 line 1.0 3.0 3.0 0.0 -1.0 0.0 0.0 2.0
f plane 0.0 0.0 0.0 0.0 0.0 -1.0 1.0 0.0 0.0 F
w
u 10 R line 0.0 -4.0 0.0 1.0
u 8 R line 4.0 -4.0 -1.0 0.0
u 6 R line 4.0 0.0 0.0 -1.0
u 4 R line 0.0 0.0 1.0 0.0
f plane 0.0 0.0 4.0 0.0 0.0 1.0 1.0 0.0 0.0 F
w
u 5 F line 0.0 0.0 1.0 0.0
u 7 F line 4.0 0.0 0.0 1.0
u 9 F line 4.0 4.0 -1.0 0.0
u 11 F line 0.0 4.0 0.0 -1.0
f plane 0.0 0.0 0.0 0.0 -1.0 0.0 1.0 0.0 0.0 F
w
u 4 F line 0.0 0.0 1.0 0.0
u 1 F line 4.0 0.0 0.0 1.0
u 5 R line 0.0 4.0 1.0 0.0
u 0 R line 0.0 0.0 0.0 1.0
f plane 4.0 0.0 0.0 1.0 -0.0 0.0 0.0 1.0 0.0 F
w
u 6 F line 0.0 0.0 1.0 0.0
u 2 F line 4.0 0.0 0.0 1.0
u 7 R line 0.0 4.0 1.0 0.0
u 1 R line 0.0 0.0 0.0 1.0
f plane 4.0 4.0 0.0 0.0 1.0 0.0 -1.0 0.0 0.0 F
w
u 8 F line 0.0 0.0 1.0 0.0
u 3 F line 4.0 0.0 0.0 1.0
u 9 R line 0.0 4.0 1.0 0.0
u 2 R line 0.0 0.0 0.0 1.0
f plane 0.0 4.0 0.0 -1.0 -0.0 0.0 0.0 -1.0 0.0 F
w
u 10 F line 0.0 0.0 1.0 0.0
u 0 F line 4.0 0.0 0.0 1.0
u 11 R line 0.0 4.0 1.0 0.0
u 3 R line 0.0 0.0 0.0 1.0
f plane 0.0 0.0 1.0 0.0 0.0 -1.0 1.0 0.0 0.0 R
w
u 16 R line 1.0 -1.0 1.0 0.0
u 18 R line 3.0 -1.0 0.0 -1.0
u 20 R line 3.0 -3.0 -1.0 0.0
u 22 R line 1.0 -3.0 0.0 1.0
f plane 0.0 0.0 3.0 0.0 0.0 1.0 1.0 0.0 0.0 R
w
u 23 F line 1.0 3.0 0.0 -1.0
u 21 F line 3.0 3.0 -1.0 0.0
u 19 F line 3.0 1.0 0.0 1.0
u 17 F line 1.0 1.0 1.0 0.0
f plane 1.0 1.0 1.0 0.0 -1.0 0.0 1.0 0.0 0.0 R
w
u 4 R line 0.0 0.0 0.0 1.0
u 17 R line 0.0 2.0 1.0 0.0
u 13 F line 2.0 0.0 0.0 1.0
u 16 F line 0.0 0.0 1.0 0.0
f plane 3.0 1.0 1.0 1.0 -0.0 0.0 0.0 1.0 0.0 R
w
u 13 R line 0.0 0.0 0.0 1.0
u 19 R line 0.0 2.0 1.0 0.0
u 14 F line 2.0 0.0 0.0 1.0
u 18 F line 0.0 0.0 1.0 0.0
f plane 3.0 3.0 1.0 0.0 1.0 0.0 -1.0 0.0 0.0 R
w
u 14 R line 0.0 0.0 0.0 1.0
u 21 R line 0.0 2.0 1.0 0.0
u 15 F line 2.0 0.0 0.0 1.0
u 20 F line 0.0 0.0 1.0 0.0
f plane 1.0 3.0 1.0 -1.0 -0.0 0.0 0.0 -1.0 0.0 R
w
u 15 R line 0.0 0.0 0.0 1.0
u 23 R line 0.0 2.0 1.0 0.0
u 12 F line 2.0 0.0 0.0 1.0
u 22 F line 0.0 0.0 1.0 0.0
s 0 1 2 3 4 5
s 6 7 8 9 10 11
end
case stadium_arc_sweep_changed 1e-07
v 0.0 -1.0 0.0
v 3.0 -1.0 0.0
v 3.0 1.0 0.0
v 0.0 1.0 0.0
v 0.0 -1.0 1.0
v 3.0 -1.0 1.0
v 3.0 1.0 1.0
v 0.0 1.0 1.0
e 0 4 line 0.0 -1.0 0.0 0.0 0.0 1.0 0.0 1.0
e 1 5 line 3.0 -1.0 0.0 0.0 0.0 1.0 0.0 1.0
e 2 6 line 3.0 1.0 0.0 0.0 0.0 1.0 0.0 1.0
e 3 7 line 0.0 1.0 0.0 0.0 0.0 1.0 0.0 1.0
e 0 1 line 0.0 -1.0 0.0 1.0 0.0 0.0 0.0 3.0
e 4 5 line 0.0 -1.0 1.0 1.0 0.0 0.0 0.0 3.0
e 1 2 circle 3.0 0.0 0.0 0.0 0.0 1.0 1.0 0.0 0.0 1.0 -1.5707963267948966 1.567654734141307
e 5 6 circle 3.0 0.0 1.0 0.0 0.0 1.0 1.0 0.0 0.0 1.0 -1.5707963267948966 1.5707963267948966
e 2 3 line 3.0 1.0 0.0 -1.0 0.0 0.0 0.0 3.0
e 6 7 line 3.0 1.0 1.0 -1.0 0.0 0.0 0.0 3.0
e 3 0 circle 0.0 0.0 0.0 0.0 0.0 1.0 1.0 0.0 0.0 1.0 1.5707963267948966 4.71238898038469
e 7 4 circle 0.0 0.0 1.0 0.0 0.0 1.0 1.0 0.0 0.0 1.0 1.5707963267948966 4.71238898038469
f plane 0.0 0.0 0.0 0.0 0.0 -1.0 1.0 0.0 0.0 F
w
u 10 R circle 0.0 -0.0 1.0 0.0 1.0 -1.0
u 8 R line 3.0 -1.0 -1.0 0.0
u 6 R circle 3.0 -0.0 1.0 0.0 1.0 -1.0
u 4 R line 0.0 1.0 1.0 0.0
f plane 0.0 0.0 1.0 0.0 0.0 1.0 1.0 0.0 0.0 F
w
u 5 F line 0.0 -1.0 1.0 0.0
u 7 F circle 3.0 0.0 1.0 0.0 1.0 1.0
u 9 F line 3.0 1.0 -1.0 0.0
u 11 F circle 0.0 0.0 1.0 0.0 1.0 1.0
f plane 0.0 -1.0 0.0 0.0 -1.0 0.0 1.0 0.0 0.0 F
w
u 4 F line 0.0 0.0 1.0 0.0
u 1 F line 3.0 0.0 0.0 1.0
u 5 R line 0.0 1.0 1.0 0.0
u 0 R line 0.0 0.0 0.0 1.0
f cylinder 3.0 0.0 0.0 0.0 0.0 1.0 1.0 0.0 0.0 1.0 F
w
u 6 F line 0.0 0.0 1.0 0.0
u 2 F line 1.5707963267948966 0.0 0.0 1.0
u 7 R line 0.0 1.0 1.0 0.0
u 1 R line -1.5707963267948966 0.0 0.0 1.0
f plane 3.0 1.0 0.0 0.0 1.0 0.0 -1.0 0.0 0.0 F
w
u 8 F line 0.0 0.0 1.0 0.0
u 3 F line 3.0 0.0 0.0 1.0
u 9 R line 0.0 1.0 1.0 0.0
u 2 R line 0.0 0.0 0.0 1.0
f cylinder 0.0 0.0 0.0 0.0 0.0 1.0 1.0 0.0 0.0 1.0 F
w
u 10 F line 0.0 0.0 1.0 0.0
u 0 F line 4.71238898038469 0.0 0.0 1.0
u 11 R line 0.0 1.0 1.0 0.0
u 3 R line 1.5707963267948966 0.0 0.0 1.0
s 0 1 2 3 4 5
end
case box_extra_vertex 1e-07
v 0.0 0.0 0.0
v 3.0 0.0 0.0
v 3.0 2.0 0.0
v 0.0 2.0 0.0
v 0.0 0.0 1.0
v 3.0 0.0 1.0
v 3.0 2.0 1.0
v 0.0 2.0 1.0
v 9.0 9.0 9.0
e 0 4 line 0.0 0.0 0.0 0.0 0.0 1.0 0.0 1.0
e 1 5 line 3.0 0.0 0.0 0.0 0.0 1.0 0.0 1.0
e 2 6 line 3.0 2.0 0.0 0.0 0.0 1.0 0.0 1.0
e 3 7 line 0.0 2.0 0.0 0.0 0.0 1.0 0.0 1.0
e 0 1 line 0.0 0.0 0.0 1.0 0.0 0.0 0.0 3.0
e 4 5 line 0.0 0.0 1.0 1.0 0.0 0.0 0.0 3.0
e 1 2 line 3.0 0.0 0.0 0.0 1.0 0.0 0.0 2.0
e 5 6 line 3.0 0.0 1.0 0.0 1.0 0.0 0.0 2.0
e 2 3 line 3.0 2.0 0.0 -1.0 0.0 0.0 0.0 3.0
e 6 7 line 3.0 2.0 1.0 -1.0 0.0 0.0 0.0 3.0
e 3 0 line 0.0 2.0 0.0 0.0 -1.0 0.0 0.0 2.0
e 7 4 line 0.0 2.0 1.0 0.0 -1.0 0.0 0.0 2.0
f plane 0.0 0.0 0.0 0.0 0.0 -1.0 1.0 0.0 0.0 F
w
u 10 R line 0.0 -2.0 0.0 1.0
u 8 R line 3.0 -2.0 -1.0 0.0
u 6 R line 3.0 0.0 0.0 -1.0
u 4 R line 0.0 0.0 1.0 0.0
f plane 0.0 0.0 1.0 0.0 0.0 1.0 1.0 0.0 0.0 F
w
u 5 F line 0.0 0.0 1.0 0.0
u 7 F line 3.0 0.0 0.0 1.0
u 9 F line 3.0 2.0 -1.0 0.0
u 11 F line 0.0 2.0 0.0 -1.0
f plane 0.0 0.0 0.0 0.0 -1.0 0.0 1.0 0.0 0.0 F
w
u 4 F line 0.0 0.0 1.0 0.0
u 1 F line 3.0 0.0 0.0 1.0
u 5 R line 0.0 1.0 1.0 0.0
u 0 R line 0.0 0.0 0.0 1.0
f plane 3.0 0.0 0.0 1.0 -0.0 0.0 0.0 1.0 0.0 F
w
u 6 F line 0.0 0.0 1.0 0.0
u 2 F line 2.0 0.0 0.0 1.0
u 7 R line 0.0 1.0 1.0 0.0
u 1 R line 0.0 0.0 0.0 1.0
f plane 3.0 2.0 0.0 0.0 1.0 0.0 -1.0 0.0 0.0 F
w
u 8 F line 0.0 0.0 1.0 0.0
u 3 F line 3.0 0.0 0.0 1.0
u 9 R line 0.0 1.0 1.0 0.0
u 2 R line 0.0 0.0 0.0 1.0
f plane 0.0 2.0 0.0 -1.0 -0.0 0.0 0.0 -1.0 0.0 F
w
u 10 F line 0.0 0.0 1.0 0.0
u 0 F line 2.0 0.0 0.0 1.0
u 11 R line 0.0 1.0 1.0 0.0
u 3 R line 0.0 0.0 0.0 1.0
s 0 1 2 3 4 5
end
case box_extra_edge 1e-07
v 0.0 0.0 0.0
v 3.0 0.0 0.0
v 3.0 2.0 0.0
v 0.0 2.0 0.0
v 0.0 0.0 1.0
v 3.0 0.0 1.0
v 3.0 2.0 1.0
v 0.0 2.0 1.0
e 0 4 line 0.0 0.0 0.0 0.0 0.0 1.0 0.0 1.0
e 1 5 line 3.0 0.0 0.0 0.0 0.0 1.0 0.0 1.0
e 2 6 line 3.0 2.0 0.0 0.0 0.0 1.0 0.0 1.0
e 3 7 line 0.0 2.0 0.0 0.0 0.0 1.0 0.0 1.0
e 0 1 line 0.0 0.0 0.0 1.0 0.0 0.0 0.0 3.0
e 4 5 line 0.0 0.0 1.0 1.0 0.0 0.0 0.0 3.0
e 1 2 line 3.0 0.0 0.0 0.0 1.0 0.0 0.0 2.0
e 5 6 line 3.0 0.0 1.0 0.0 1.0 0.0 0.0 2.0
e 2 3 line 3.0 2.0 0.0 -1.0 0.0 0.0 0.0 3.0
e 6 7 line 3.0 2.0 1.0 -1.0 0.0 0.0 0.0 3.0
e 3 0 line 0.0 2.0 0.0 0.0 -1.0 0.0 0.0 2.0
e 7 4 line 0.0 2.0 1.0 0.0 -1.0 0.0 0.0 2.0
e 0 6 line 0.0 0.0 0.0 0.8017837257372732 0.5345224838248488 0.2672612419124244 0.0 3.7416573867739413
f plane 0.0 0.0 0.0 0.0 0.0 -1.0 1.0 0.0 0.0 F
w
u 10 R line 0.0 -2.0 0.0 1.0
u 8 R line 3.0 -2.0 -1.0 0.0
u 6 R line 3.0 0.0 0.0 -1.0
u 4 R line 0.0 0.0 1.0 0.0
f plane 0.0 0.0 1.0 0.0 0.0 1.0 1.0 0.0 0.0 F
w
u 5 F line 0.0 0.0 1.0 0.0
u 7 F line 3.0 0.0 0.0 1.0
u 9 F line 3.0 2.0 -1.0 0.0
u 11 F line 0.0 2.0 0.0 -1.0
f plane 0.0 0.0 0.0 0.0 -1.0 0.0 1.0 0.0 0.0 F
w
u 4 F line 0.0 0.0 1.0 0.0
u 1 F line 3.0 0.0 0.0 1.0
u 5 R line 0.0 1.0 1.0 0.0
u 0 R line 0.0 0.0 0.0 1.0
f plane 3.0 0.0 0.0 1.0 -0.0 0.0 0.0 1.0 0.0 F
w
u 6 F line 0.0 0.0 1.0 0.0
u 2 F line 2.0 0.0 0.0 1.0
u 7 R line 0.0 1.0 1.0 0.0
u 1 R line 0.0 0.0 0.0 1.0
f plane 3.0 2.0 0.0 0.0 1.0 0.0 -1.0 0.0 0.0 F
w
u 8 F line 0.0 0.0 1.0 0.0
u 3 F line 3.0 0.0 0.0 1.0
u 9 R line 0.0 1.0 1.0 0.0
u 2 R line 0.0 0.0 0.0 1.0
f plane 0.0 2.0 0.0 -1.0 -0.0 0.0 0.0 -1.0 0.0 F
w
u 10 F line 0.0 0.0 1.0 0.0
u 0 F line 2.0 0.0 0.0 1.0
u 11 R line 0.0 1.0 1.0 0.0
u 3 R line 0.0 0.0 0.0 1.0
s 0 1 2 3 4 5
end
case box_empty_shell 1e-07
v 0.0 0.0 0.0
v 3.0 0.0 0.0
v 3.0 2.0 0.0
v 0.0 2.0 0.0
v 0.0 0.0 1.0
v 3.0 0.0 1.0
v 3.0 2.0 1.0
v 0.0 2.0 1.0
e 0 4 line 0.0 0.0 0.0 0.0 0.0 1.0 0.0 1.0
e 1 5 line 3.0 0.0 0.0 0.0 0.0 1.0 0.0 1.0
e 2 6 line 3.0 2.0 0.0 0.0 0.0 1.0 0.0 1.0
e 3 7 line 0.0 2.0 0.0 0.0 0.0 1.0 0.0 1.0
e 0 1 line 0.0 0.0 0.0 1.0 0.0 0.0 0.0 3.0
e 4 5 line 0.0 0.0 1.0 1.0 0.0 0.0 0.0 3.0
e 1 2 line 3.0 0.0 0.0 0.0 1.0 0.0 0.0 2.0
e 5 6 line 3.0 0.0 1.0 0.0 1.0 0.0 0.0 2.0
e 2 3 line 3.0 2.0 0.0 -1.0 0.0 0.0 0.0 3.0
e 6 7 line 3.0 2.0 1.0 -1.0 0.0 0.0 0.0 3.0
e 3 0 line 0.0 2.0 0.0 0.0 -1.0 0.0 0.0 2.0
e 7 4 line 0.0 2.0 1.0 0.0 -1.0 0.0 0.0 2.0
f plane 0.0 0.0 0.0 0.0 0.0 -1.0 1.0 0.0 0.0 F
w
u 10 R line 0.0 -2.0 0.0 1.0
u 8 R line 3.0 -2.0 -1.0 0.0
u 6 R line 3.0 0.0 0.0 -1.0
u 4 R line 0.0 0.0 1.0 0.0
f plane 0.0 0.0 1.0 0.0 0.0 1.0 1.0 0.0 0.0 F
w
u 5 F line 0.0 0.0 1.0 0.0
u 7 F line 3.0 0.0 0.0 1.0
u 9 F line 3.0 2.0 -1.0 0.0
u 11 F line 0.0 2.0 0.0 -1.0
f plane 0.0 0.0 0.0 0.0 -1.0 0.0 1.0 0.0 0.0 F
w
u 4 F line 0.0 0.0 1.0 0.0
u 1 F line 3.0 0.0 0.0 1.0
u 5 R line 0.0 1.0 1.0 0.0
u 0 R line 0.0 0.0 0.0 1.0
f plane 3.0 0.0 0.0 1.0 -0.0 0.0 0.0 1.0 0.0 F
w
u 6 F line 0.0 0.0 1.0 0.0
u 2 F line 2.0 0.0 0.0 1.0
u 7 R line 0.0 1.0 1.0 0.0
u 1 R line 0.0 0.0 0.0 1.0
f plane 3.0 2.0 0.0 0.0 1.0 0.0 -1.0 0.0 0.0 F
w
u 8 F line 0.0 0.0 1.0 0.0
u 3 F line 3.0 0.0 0.0 1.0
u 9 R line 0.0 1.0 1.0 0.0
u 2 R line 0.0 0.0 0.0 1.0
f plane 0.0 2.0 0.0 -1.0 -0.0 0.0 0.0 -1.0 0.0 F
w
u 10 F line 0.0 0.0 1.0 0.0
u 0 F line 2.0 0.0 0.0 1.0
u 11 R line 0.0 1.0 1.0 0.0
u 3 R line 0.0 0.0 0.0 1.0
s 0 1 2 3 4 5
s 
end
case box_empty_loop 1e-07
v 0.0 0.0 0.0
v 3.0 0.0 0.0
v 3.0 2.0 0.0
v 0.0 2.0 0.0
v 0.0 0.0 1.0
v 3.0 0.0 1.0
v 3.0 2.0 1.0
v 0.0 2.0 1.0
e 0 4 line 0.0 0.0 0.0 0.0 0.0 1.0 0.0 1.0
e 1 5 line 3.0 0.0 0.0 0.0 0.0 1.0 0.0 1.0
e 2 6 line 3.0 2.0 0.0 0.0 0.0 1.0 0.0 1.0
e 3 7 line 0.0 2.0 0.0 0.0 0.0 1.0 0.0 1.0
e 0 1 line 0.0 0.0 0.0 1.0 0.0 0.0 0.0 3.0
e 4 5 line 0.0 0.0 1.0 1.0 0.0 0.0 0.0 3.0
e 1 2 line 3.0 0.0 0.0 0.0 1.0 0.0 0.0 2.0
e 5 6 line 3.0 0.0 1.0 0.0 1.0 0.0 0.0 2.0
e 2 3 line 3.0 2.0 0.0 -1.0 0.0 0.0 0.0 3.0
e 6 7 line 3.0 2.0 1.0 -1.0 0.0 0.0 0.0 3.0
e 3 0 line 0.0 2.0 0.0 0.0 -1.0 0.0 0.0 2.0
e 7 4 line 0.0 2.0 1.0 0.0 -1.0 0.0 0.0 2.0
f plane 0.0 0.0 0.0 0.0 0.0 -1.0 1.0 0.0 0.0 F
w
u 10 R line 0.0 -2.0 0.0 1.0
u 8 R line 3.0 -2.0 -1.0 0.0
u 6 R line 3.0 0.0 0.0 -1.0
u 4 R line 0.0 0.0 1.0 0.0
f plane 0.0 0.0 1.0 0.0 0.0 1.0 1.0 0.0 0.0 F
w
u 5 F line 0.0 0.0 1.0 0.0
u 7 F line 3.0 0.0 0.0 1.0
u 9 F line 3.0 2.0 -1.0 0.0
u 11 F line 0.0 2.0 0.0 -1.0
f plane 0.0 0.0 0.0 0.0 -1.0 0.0 1.0 0.0 0.0 F
w
u 4 F line 0.0 0.0 1.0 0.0
u 1 F line 3.0 0.0 0.0 1.0
u 5 R line 0.0 1.0 1.0 0.0
u 0 R line 0.0 0.0 0.0 1.0
w
f plane 3.0 0.0 0.0 1.0 -0.0 0.0 0.0 1.0 0.0 F
w
u 6 F line 0.0 0.0 1.0 0.0
u 2 F line 2.0 0.0 0.0 1.0
u 7 R line 0.0 1.0 1.0 0.0
u 1 R line 0.0 0.0 0.0 1.0
f plane 3.0 2.0 0.0 0.0 1.0 0.0 -1.0 0.0 0.0 F
w
u 8 F line 0.0 0.0 1.0 0.0
u 3 F line 3.0 0.0 0.0 1.0
u 9 R line 0.0 1.0 1.0 0.0
u 2 R line 0.0 0.0 0.0 1.0
f plane 0.0 2.0 0.0 -1.0 -0.0 0.0 0.0 -1.0 0.0 F
w
u 10 F line 0.0 0.0 1.0 0.0
u 0 F line 2.0 0.0 0.0 1.0
u 11 R line 0.0 1.0 1.0 0.0
u 3 R line 0.0 0.0 0.0 1.0
s 0 1 2 3 4 5
end
case box_zero_length_edge 1e-07
v 0.0 0.0 0.0
v 3.0 0.0 0.0
v 3.0 2.0 0.0
v 0.0 2.0 0.0
v 0.0 0.0 1.0
v 3.0 0.0 1.0
v 3.0 2.0 1.0
v 0.0 2.0 1.0
e 0 4 line 0.0 0.0 0.0 1.0 0.0 0.0 0.0 0.0
e 1 5 line 3.0 0.0 0.0 0.0 0.0 1.0 0.0 1.0
e 2 6 line 3.0 2.0 0.0 0.0 0.0 1.0 0.0 1.0
e 3 7 line 0.0 2.0 0.0 0.0 0.0 1.0 0.0 1.0
e 0 1 line 0.0 0.0 0.0 1.0 0.0 0.0 0.0 3.0
e 4 5 line 0.0 0.0 1.0 1.0 0.0 0.0 0.0 3.0
e 1 2 line 3.0 0.0 0.0 0.0 1.0 0.0 0.0 2.0
e 5 6 line 3.0 0.0 1.0 0.0 1.0 0.0 0.0 2.0
e 2 3 line 3.0 2.0 0.0 -1.0 0.0 0.0 0.0 3.0
e 6 7 line 3.0 2.0 1.0 -1.0 0.0 0.0 0.0 3.0
e 3 0 line 0.0 2.0 0.0 0.0 -1.0 0.0 0.0 2.0
e 7 4 line 0.0 2.0 1.0 0.0 -1.0 0.0 0.0 2.0
f plane 0.0 0.0 0.0 0.0 0.0 -1.0 1.0 0.0 0.0 F
w
u 10 R line 0.0 -2.0 0.0 1.0
u 8 R line 3.0 -2.0 -1.0 0.0
u 6 R line 3.0 0.0 0.0 -1.0
u 4 R line 0.0 0.0 1.0 0.0
f plane 0.0 0.0 1.0 0.0 0.0 1.0 1.0 0.0 0.0 F
w
u 5 F line 0.0 0.0 1.0 0.0
u 7 F line 3.0 0.0 0.0 1.0
u 9 F line 3.0 2.0 -1.0 0.0
u 11 F line 0.0 2.0 0.0 -1.0
f plane 0.0 0.0 0.0 0.0 -1.0 0.0 1.0 0.0 0.0 F
w
u 4 F line 0.0 0.0 1.0 0.0
u 1 F line 3.0 0.0 0.0 1.0
u 5 R line 0.0 1.0 1.0 0.0
u 0 R line 0.0 0.0 0.0 1.0
f plane 3.0 0.0 0.0 1.0 -0.0 0.0 0.0 1.0 0.0 F
w
u 6 F line 0.0 0.0 1.0 0.0
u 2 F line 2.0 0.0 0.0 1.0
u 7 R line 0.0 1.0 1.0 0.0
u 1 R line 0.0 0.0 0.0 1.0
f plane 3.0 2.0 0.0 0.0 1.0 0.0 -1.0 0.0 0.0 F
w
u 8 F line 0.0 0.0 1.0 0.0
u 3 F line 3.0 0.0 0.0 1.0
u 9 R line 0.0 1.0 1.0 0.0
u 2 R line 0.0 0.0 0.0 1.0
f plane 0.0 2.0 0.0 -1.0 -0.0 0.0 0.0 -1.0 0.0 F
w
u 10 F line 0.0 0.0 1.0 0.0
u 0 F line 2.0 0.0 0.0 1.0
u 11 R line 0.0 1.0 1.0 0.0
u 3 R line 0.0 0.0 0.0 1.0
s 0 1 2 3 4 5
end
case cylinder_zero_radius_surface 1e-07
v 1.5 0.0 0.0
v 1.5 0.0 2.0
e 0 0 circle 0.0 0.0 0.0 0.0 0.0 1.0 1.0 0.0 0.0 1.5 0.0 6.283185307179586
e 1 1 circle 0.0 0.0 2.0 0.0 0.0 1.0 1.0 0.0 0.0 1.5 0.0 6.283185307179586
e 0 1 line 1.5 0.0 0.0 0.0 0.0 1.0 0.0 2.0
f plane 0.0 0.0 0.0 0.0 0.0 -1.0 1.0 0.0 0.0 F
w
u 0 R circle 0.0 -0.0 1.0 0.0 1.5 -1.0
f plane 0.0 0.0 2.0 0.0 0.0 1.0 1.0 0.0 0.0 F
w
u 1 F circle 0.0 0.0 1.0 0.0 1.5 1.0
f cylinder 0.0 0.0 0.0 0.0 0.0 1.0 1.0 0.0 0.0 0.0 F
w
u 0 F line 0.0 0.0 1.0 0.0
u 2 F line 6.283185307179586 0.0 0.0 1.0
u 1 R line 0.0 2.0 1.0 0.0
u 2 R line 0.0 0.0 0.0 1.0
s 0 1 2
end
case plate_hole_loop_wound_wrong 1e-07
v 0.0 0.0 0.0
v 4.0 0.0 0.0
v 4.0 3.0 0.0
v 0.0 3.0 0.0
v 0.0 0.0 0.5
v 4.0 0.0 0.5
v 4.0 3.0 0.5
v 0.0 3.0 0.5
v 2.75 1.5 0.0
v 2.75 1.5 0.5
e 0 4 line 0.0 0.0 0.0 0.0 0.0 1.0 0.0 0.5
e 1 5 line 4.0 0.0 0.0 0.0 0.0 1.0 0.0 0.5
e 2 6 line 4.0 3.0 0.0 0.0 0.0 1.0 0.0 0.5
e 3 7 line 0.0 3.0 0.0 0.0 0.0 1.0 0.0 0.5
e 0 1 line 0.0 0.0 0.0 1.0 0.0 0.0 0.0 4.0
e 4 5 line 0.0 0.0 0.5 1.0 0.0 0.0 0.0 4.0
e 1 2 line 4.0 0.0 0.0 0.0 1.0 0.0 0.0 3.0
e 5 6 line 4.0 0.0 0.5 0.0 1.0 0.0 0.0 3.0
e 2 3 line 4.0 3.0 0.0 -1.0 0.0 0.0 0.0 4.0
e 6 7 line 4.0 3.0 0.5 -1.0 0.0 0.0 0.0 4.0
e 3 0 line 0.0 3.0 0.0 0.0 -1.0 0.0 0.0 3.0
e 7 4 line 0.0 3.0 0.5 0.0 -1.0 0.0 0.0 3.0
e 8 8 circle 2.0 1.5 0.0 -0.0 -0.0 -1.0 1.0 0.0 0.0 0.75 -0.0 6.283185307179586
e 9 9 circle 2.0 1.5 0.5 -0.0 -0.0 -1.0 1.0 0.0 0.0 0.75 -0.0 6.283185307179586
e 8 9 line 2.75 1.5 0.0 0.0 0.0 1.0 0.0 0.5
f plane 0.0 0.0 0.0 0.0 0.0 -1.0 1.0 0.0 0.0 F
w
u 10 R line 0.0 -3.0 0.0 1.0
u 8 R line 4.0 -3.0 -1.0 0.0
u 6 R line 4.0 0.0 0.0 -1.0
u 4 R line 0.0 0.0 1.0 0.0
w
u 12 R circle 2.0 -1.5 -1.0 1.2246467991473532e-16 0.75 -1.0
f plane 0.0 0.0 0.5 0.0 0.0 1.0 1.0 0.0 0.0 F
w
u 5 F line 0.0 0.0 1.0 0.0
u 7 F line 4.0 0.0 0.0 1.0
u 9 F line 4.0 3.0 -1.0 0.0
u 11 F line 0.0 3.0 0.0 -1.0
w
u 13 F circle 2.0 1.5 1.0 0.0 0.75 -1.0
f plane 0.0 0.0 0.0 0.0 -1.0 0.0 1.0 0.0 0.0 F
w
u 4 F line 0.0 0.0 1.0 0.0
u 1 F line 4.0 0.0 0.0 1.0
u 5 R line 0.0 0.5 1.0 0.0
u 0 R line 0.0 0.0 0.0 1.0
f plane 4.0 0.0 0.0 1.0 -0.0 0.0 0.0 1.0 0.0 F
w
u 6 F line 0.0 0.0 1.0 0.0
u 2 F line 3.0 0.0 0.0 1.0
u 7 R line 0.0 0.5 1.0 0.0
u 1 R line 0.0 0.0 0.0 1.0
f plane 4.0 3.0 0.0 0.0 1.0 0.0 -1.0 0.0 0.0 F
w
u 8 F line 0.0 0.0 1.0 0.0
u 3 F line 4.0 0.0 0.0 1.0
u 9 R line 0.0 0.5 1.0 0.0
u 2 R line 0.0 0.0 0.0 1.0
f plane 0.0 3.0 0.0 -1.0 -0.0 0.0 0.0 -1.0 0.0 F
w
u 10 F line 0.0 0.0 1.0 0.0
u 0 F line 3.0 0.0 0.0 1.0
u 11 R line 0.0 0.5 1.0 0.0
u 3 R line 0.0 0.0 0.0 1.0
f cylinder 2.0 1.5 0.0 0.0 0.0 1.0 1.0 0.0 0.0 0.75 R
w
u 12 R line 0.0 0.0 -1.0 0.0
u 14 R line -6.283185307179586 0.0 0.0 1.0
u 13 F line 0.0 0.5 -1.0 0.0
u 14 F line 0.0 0.0 0.0 1.0
s 0 1 2 3 4 5 6
end
case box_loose_tolerance_absorbs_shift 0.01
v 0.0 0.0 0.0
v 3.0 0.0 0.0
v 3.0 2.0 0.0
v 0.0 2.0 0.0
v 0.0 0.0 1.0
v 3.0 0.0 1.0
v 3.0 2.0 1.0
v 0.0 2.0 1.0
e 0 4 line 0.0 0.0 0.0 0.0 0.0 1.0 0.0 1.0
e 1 5 line 3.0 0.0 0.0 0.0 0.0 1.0 0.0 1.0
e 2 6 line 3.0 2.0 0.0 0.0 0.0 1.0 0.0 1.0
e 3 7 line 0.0 2.0 0.0 0.0 0.0 1.0 0.0 1.0
e 0 1 line 0.0 0.0 0.0 1.0 0.0 0.0 0.0 3.0
e 4 5 line 0.0 0.0 1.0 1.0 0.0 0.0 0.0 3.0
e 1 2 line 3.0 0.0 0.0 0.0 1.0 0.0 0.0 2.0
e 5 6 line 3.0 0.0 1.0 0.0 1.0 0.0 0.0 2.0
e 2 3 line 3.0 2.0 0.0 -1.0 0.0 0.0 0.0 3.0
e 6 7 line 3.0 2.0 1.0 -1.0 0.0 0.0 0.0 3.0
e 3 0 line 0.0 2.0 0.0 0.0 -1.0 0.0 0.0 2.0
e 7 4 line 0.0 2.0 1.0 0.0 -1.0 0.0 0.0 2.0
f plane 0.0 0.0 0.0 0.0 0.0 -1.0 1.0 0.0 0.0 F
w
u 10 R line 0.0 -2.0 0.0 1.0
u 8 R line 3.0 -2.0 -1.0 0.0
u 6 R line 3.0 0.0 0.0 -1.0
u 4 R line 0.0 0.0 1.0 0.0
f plane 0.0 0.0 1.0 0.0 0.0 1.0 1.0 0.0 0.0 F
w
u 5 F line 0.0 0.0 1.0 0.0
u 7 F line 3.0 0.0 0.0 1.0
u 9 F line 3.0 2.0 -1.0 0.0
u 11 F line 0.0 2.0 0.0 -1.0
f plane 0.0 0.0 0.0 0.0 -1.0 0.0 1.0 0.0 0.0 F
w
u 4 F line 0.001 0.001 1.0 0.0
u 1 F line 3.0 0.0 0.0 1.0
u 5 R line 0.0 1.0 1.0 0.0
u 0 R line 0.0 0.0 0.0 1.0
f plane 3.0 0.0 0.0 1.0 -0.0 0.0 0.0 1.0 0.0 F
w
u 6 F line 0.0 0.0 1.0 0.0
u 2 F line 2.0 0.0 0.0 1.0
u 7 R line 0.0 1.0 1.0 0.0
u 1 R line 0.0 0.0 0.0 1.0
f plane 3.0 2.0 0.0 0.0 1.0 0.0 -1.0 0.0 0.0 F
w
u 8 F line 0.0 0.0 1.0 0.0
u 3 F line 3.0 0.0 0.0 1.0
u 9 R line 0.0 1.0 1.0 0.0
u 2 R line 0.0 0.0 0.0 1.0
f plane 0.0 2.0 0.0 -1.0 -0.0 0.0 0.0 -1.0 0.0 F
w
u 10 F line 0.0 0.0 1.0 0.0
u 0 F line 2.0 0.0 0.0 1.0
u 11 R line 0.0 1.0 1.0 0.0
u 3 R line 0.0 0.0 0.0 1.0
s 0 1 2 3 4 5
end
