tp_normal_two done 2 0
L closed 0 6.2831853071795862
p 2.4330127018922192 0 0.25
p 2.2478106376182061 0.93107365174797541 0.25
p 1.7203997802209923 1.720399780220992 0.25
p 0.93107365174797552 2.2478106376182061 0.25
p 1.4897906088285798e-16 2.4330127018922192 0.25
p -0.93107365174797529 2.2478106376182061 0.25
p -1.720399780220992 1.7203997802209923 0.25
p -2.2478106376182061 0.93107365174797563 0.25
p -2.4330127018922192 2.9795812176571595e-16 0.25
p -2.2478106376182065 -0.93107365174797518 0.25
p -1.7203997802209925 -1.720399780220992 0.25
p -0.93107365174797674 -2.2478106376182057 0.25
p -4.469371826485739e-16 -2.4330127018922192 0.25
p 0.93107365174797596 -2.2478106376182057 0.25
p 1.7203997802209918 -1.7203997802209925 0.25
p 2.2478106376182057 -0.93107365174797685 0.25
p 2.4330127018922192 -5.959162435314319e-16 0.25
L closed 0 6.2831853071795862
p 1.5669872981077808 0 0.25
p 1.4477074924269409 0.59966007771238372 0.25
p 1.108027344525198 1.1080273445251978 0.25
p 0.59966007771238383 1.4477074924269409 0.25
p 9.5950298946612654e-17 1.5669872981077808 0.25
p -0.59966007771238361 1.4477074924269409 0.25
p -1.1080273445251978 1.108027344525198 0.25
p -1.4477074924269409 0.59966007771238394 0.25
p -1.5669872981077808 1.9190059789322531e-16 0.25
p -1.4477074924269411 -0.5996600777123835 0.25
p -1.1080273445251982 -1.1080273445251978 0.25
p -0.59966007771238461 -1.4477074924269404 0.25
p -2.8785089683983797e-16 -1.5669872981077808 0.25
p 0.59966007771238405 -1.4477074924269406 0.25
p 1.1080273445251976 -1.1080273445251982 0.25
p 1.4477074924269404 -0.59966007771238472 0.25
p 1.5669872981077808 -3.8380119578645062e-16 0.25
tp_normal_tangent done 1 0
L closed 0 6.2831853071795862
p 2 0 0.5
p 1.8477590650225735 0.76536686473017956 0.5
p 1.4142135623730951 1.4142135623730949 0.5
p 0.76536686473017967 1.8477590650225735 0.5
p 1.2246467991473532e-16 2 0.5
p -0.76536686473017945 1.8477590650225735 0.5
p -1.4142135623730949 1.4142135623730951 0.5
p -1.8477590650225735 0.76536686473017979 0.5
p -2 2.4492935982947064e-16 0.5
p -1.8477590650225737 -0.76536686473017934 0.5
p -1.4142135623730954 -1.4142135623730949 0.5
p -0.76536686473018067 -1.847759065022573 0.5
p -3.6739403974420594e-16 -2 0.5
p 0.76536686473018001 -1.8477590650225733 0.5
p 1.4142135623730947 -1.4142135623730954 0.5
p 1.847759065022573 -0.76536686473018078 0.5
p 2 -4.8985871965894128e-16 0.5
tp_normal_miss done 0 0
tp_axis done 2 0
L closed 4.7123889803846897 10.995574287564276
p 0 2.5 -9.1848509936051484e-17
p 0 2.4619397662556435 0.191341716182545
p 0 2.353553390593274 0.35355339059327368
p 0 2.1913417161825453 0.46193976625564326
p 0 2 0.5
p 0 1.808658283817455 0.46193976625564331
p 0 1.6464466094067263 0.35355339059327384
p 0 1.5380602337443567 0.19134171618254522
p 0 1.5 1.5308084989341916e-16
p 0 1.5380602337443565 -0.19134171618254495
p 0 1.6464466094067258 -0.35355339059327334
p 0 1.8086582838174547 -0.4619397662556432
p 0 1.9999999999999998 -0.5
p 0 2.1913417161825448 -0.46193976625564337
p 0 2.353553390593274 -0.35355339059327362
p 0 2.461939766255643 -0.19134171618254528
p 0 2.5 -2.1431318985078681e-16
L closed 1.5707963267948966 7.8539816339744828
p 0 -2.5 3.061616997868383e-17
p 0 -2.4619397662556435 -0.19134171618254486
p 0 -2.353553390593274 -0.35355339059327373
p 0 -2.1913417161825448 -0.46193976625564337
p 0 -2 -0.5
p 0 -1.8086582838174552 -0.46193976625564342
p 0 -1.6464466094067263 -0.35355339059327384
p 0 -1.5380602337443567 -0.19134171618254517
p 0 -1.5 -9.1848509936051484e-17
p 0 -1.5380602337443567 0.191341716182545
p 0 -1.646446609406726 0.35355339059327368
p 0 -1.8086582838174547 0.46193976625564326
p 0 -1.9999999999999998 0.5
p 0 -2.1913417161825448 0.46193976625564331
p 0 -2.3535533905932735 0.35355339059327384
p 0 -2.461939766255643 0.19134171618254522
p 0 -2.5 1.5308084989341916e-16
tp_axis_offset done 2 0
L closed 1.0146536357569526e-17 6.2831853071795862
p -1.7677669529663689 1.7677669529663689 5.0732681787847632e-18
p -1.7408543035921893 1.7408543035921893 0.19134171618254489
p -1.6642135623730951 1.6642135623730951 0.35355339059327373
p -1.5495125874096445 1.5495125874096445 0.46193976625564337
p -1.4142135623730951 1.4142135623730951 0.5
p -1.2789145373365458 1.2789145373365458 0.46193976625564337
p -1.1642135623730951 1.1642135623730951 0.35355339059327379
p -1.087572821154001 1.087572821154001 0.19134171618254495
p -1.0606601717798214 1.0606601717798214 6.123233995736766e-17
p -1.087572821154001 1.087572821154001 -0.19134171618254484
p -1.1642135623730951 1.1642135623730951 -0.35355339059327373
p -1.2789145373365458 1.2789145373365458 -0.46193976625564326
p -1.4142135623730951 1.4142135623730951 -0.5
p -1.5495125874096445 1.5495125874096445 -0.46193976625564331
p -1.6642135623730951 1.6642135623730951 -0.35355339059327384
p -1.7408543035921893 1.7408543035921893 -0.1913417161825452
p -1.7677669529663689 1.7677669529663689 -1.2246467991473532e-16
L closed 3.1415926535897931 9.4247779607693793
p 1.7677669529663689 -1.7677669529663689 6.123233995736766e-17
p 1.7408543035921893 -1.7408543035921893 -0.19134171618254484
p 1.6642135623730951 -1.6642135623730951 -0.35355339059327373
p 1.5495125874096445 -1.5495125874096445 -0.46193976625564326
p 1.4142135623730951 -1.4142135623730951 -0.5
p 1.2789145373365458 -1.2789145373365458 -0.46193976625564331
p 1.1642135623730951 -1.1642135623730951 -0.35355339059327384
p 1.087572821154001 -1.087572821154001 -0.1913417161825452
p 1.0606601717798214 -1.0606601717798214 -1.2246467991473532e-16
p 1.087572821154001 -1.087572821154001 0.19134171618254497
p 1.1642135623730951 -1.1642135623730951 0.35355339059327368
p 1.2789145373365456 -1.2789145373365456 0.46193976625564326
p 1.4142135623730951 -1.4142135623730951 0.5
p 1.5495125874096445 -1.5495125874096445 0.46193976625564337
p 1.6642135623730949 -1.6642135623730949 0.35355339059327423
p 1.7408543035921893 -1.7408543035921893 0.19134171618254525
p 1.7677669529663689 -1.7677669529663689 1.8369701987210297e-16
tp_side_loop done 4 0
L open 0 1
p 2.25 1.0897247358851685 0
p 2.25 1.0757617517428728 0.077575767305753066
p 2.25 1.0380715230456599 0.14694052272023844
p 2.25 0.98457864347983315 0.20511361952093649
p 2.25 0.9214851818175005 0.25279763468642008
p 2.25 0.85257478316305513 0.29167029693142799
p 2.25 0.78008633861914012 0.32332497605856175
p 2.25 0.70527626746981531 0.34910437838905989
p 2.25 0.62895813372440368 0.37004383153334125
p 2.25 0.55167441858030841 0.38695719206510082
p 2.25 0.47372078481290303 0.40050276321960532
p 2.25 0.39524100563912729 0.41120283275428987
p 2.25 0.316461502124947 0.41944783888119547
p 2.25 0.23748404476049581 0.42555214223397619
p 2.25 0.15838212039925836 0.42975022099367327
p 2.25 0.079209361953729379 0.43220496080804832
p 2.25 0 0.43301270189221924
L open 0 1
p 2.25 -1.0897247358851698 0
p 2.25 -1.07576175174307 0.077575767305211318
p 2.25 -1.0380715230463344 0.14694052271931951
p 2.25 -0.98457864348109181 0.20511361951981461
p 2.25 -0.92148518181937811 0.25279763468520627
p 2.25 -0.85257478316550106 0.29167029693021695
p 2.25 -0.78008633862170151 0.32332497605757721
p 2.25 -0.70527626747249117 0.34910437838823599
p 2.25 -0.62895813372717801 0.37004383153266523
p 2.25 -0.55167441858315991 0.38695719206454271
p 2.25 -0.47372078481587065 0.40050276321915096
p 2.25 -0.395241005641707 0.41120283275398095
p 2.25 -0.31646150212701557 0.41944783888100862
p 2.25 -0.2374840447620517 0.42555214223387577
p 2.25 -0.15838212040029717 0.42975022099362981
p 2.25 -0.079209361954248325 0.43220496080803761
p 2.25 0 0.43301270189221924
L open 0 1
p 2.25 0 -0.4330127018922193
p 2.25 -0.07922470193439124 -0.43220463555164057
p 2.25 -0.15836026860531613 -0.42975114438596101
p 2.25 -0.23742185068920435 -0.42555616849987665
p 2.25 -0.31638080782266553 -0.41945511758222614
p 2.25 -0.39516385320498149 -0.41121205816008627
p 2.25 -0.47365158663593226 -0.40051343809020856
p 2.25 -0.55167628985989692 -0.3869567830825969
p 2.25 -0.62901816478691841 -0.37002919755519209
p 2.25 -0.70538950482928442 -0.34906962560183058
p 2.25 -0.78014218528246149 -0.32330341713513366
p 2.25 -0.85260792446426803 -0.29165393422480451
p 2.25 -0.9214873831541246 -0.25279619377426327
p 2.25 -0.98452282596444796 -0.20516335840373984
p 2.25 -1.0380405259768699 -0.14698274328367802
p 2.25 -1.0757526765306644 -0.077600687597604218
p 2.25 -1.0897247358851698 0
L open 0 1
p 2.25 1.0897247358851692 0
p 2.25 1.0757617517430484 -0.077575767305270174
p 2.25 1.0380715230462603 -0.14694052271942004
p 2.25 0.9845786434809608 -0.20511361951993221
p 2.25 0.92148518181921801 -0.25279763468530891
p 2.25 0.85257478316532642 -0.29167029693030377
p 2.25 0.78008633862154286 -0.32332497605763816
p 2.25 0.70527626747235239 -0.34910437838827818
p 2.25 0.62895813372706078 -0.37004383153269493
p 2.25 0.5516744185830661 -0.38695719206455986
p 2.25 0.4737207848158026 -0.40050276321916234
p 2.25 0.39524100564165104 -0.41120283275398833
p 2.25 0.31646150212697144 -0.41944783888101278
p 2.25 0.23748404476201662 -0.42555214223387738
p 2.25 0.1583821204002748 -0.42975022099363058
p 2.25 0.079209361954237417 -0.43220496080803827
p 2.25 0 -0.43301270189221924
tp_side_node done 4 0
L open 0 1
p 1.5 2 0
p 1.5 1.9731773760163767 0.14473296215776935
p 1.5 1.8986255239446832 0.27181107743671135
p 1.5 1.789589307853195 0.37110227619716341
p 1.5 1.6592526732367663 0.44038862439956694
p 1.5 1.5175021129978208 0.48178391719266483
p 1.5 1.3708275965664796 0.49897267967006309
p 1.5 1.2231138783640996 0.49581714761068274
p 1.5 1.076715771346147 0.47583332149140101
p 1.5 0.93281400976125706 0.44207179602845825
p 1.5 0.79198612962725068 0.39715487354706785
p 1.5 0.65429954887777886 0.34331084990191946
p 1.5 0.51956813630697851 0.28247199454290806
p 1.5 0.38734957569807726 0.2162981844885469
p 1.5 0.25709032053089892 0.14626669060256359
p 1.5 0.12819798803213309 0.073745318712061039
p 1.5 0 0
L open 0 1
p 1.5 -2.0000000000000004 0
p 1.5 -1.9731773760164781 0.14473296215750242
p 1.5 -1.8986255239450269 0.27181107743629507
p 1.5 -1.7895893078538339 0.37110227619672065
p 1.5 -1.6592526732377286 0.44038862439918314
p 1.5 -1.5175021129990149 0.48178391719243113
p 1.5 -1.3708275965678223 0.49897267967000308
p 1.5 -1.2231138783655511 0.49581714761080425
p 1.5 -1.0767157713477025 0.47583332149169316
p 1.5 -0.93281400976254303 0.44207179602881663
p 1.5 -0.7919861296282974 0.39715487354744194
p 1.5 -0.65429954887853148 0.34331084990223787
p 1.5 -0.51956813630749965 0.28247199454315713
p 1.5 -0.38734957569836659 0.21629818448869773
p 1.5 -0.25709032053108816 0.1462666906026682
p 1.5 -0.1281979880322256 0.073745318712114802
p 1.5 0 0
L open 0 1
p 1.5 -2.0000000000000004 0
p 1.5 -1.9731773760164253 -0.14473296215764272
p 1.5 -1.8986255239448333 -0.27181107743652988
p 1.5 -1.7895893078534575 -0.37110227619698138
p 1.5 -1.6592526732371633 -0.44038862439940818
p 1.5 -1.5175021129982071 -0.48178391719258823
p 1.5 -1.3708275965667376 -0.49897267967004938
p 1.5 -1.2231138783642046 -0.49581714761069512
p 1.5 -1.0767157713460858 -0.47583332149138841
p 1.5 -0.93281400976121698 -0.44207179602844771
p 1.5 -0.79198612962726367 -0.39715487354707157
p 1.5 -0.6542995488778055 -0.343310849901932
p 1.5 -0.51956813630704801 -0.2824719945429397
p 1.5 -0.38734957569816231 -0.21629818448859126
p 1.5 -0.2570903205309214 -0.14626669060257647
p 1.5 -0.12819798803209762 -0.07374531871204025
p 1.5 0 0
L open 0 1
p 1.5 2 0
p 1.5 1.9731773760164648 -0.14473296215753712
p 1.5 1.8986255239449648 -0.27181107743637056
p 1.5 1.7895893078536487 -0.37110227619684949
p 1.5 1.659252673237378 -0.44038862439932197
p 1.5 1.5175021129984314 -0.48178391719254526
p 1.5 1.3708275965669336 -0.49897267967004122
p 1.5 1.2231138783643865 -0.49581714761070916
p 1.5 1.0767157713462496 -0.4758333214914196
p 1.5 0.9328140097614005 -0.4420717960284985
p 1.5 0.79198612962744086 -0.39715487354713624
p 1.5 0.65429954887802266 -0.34331084990202188
p 1.5 0.51956813630725684 -0.28247199454304139
p 1.5 0.38734957569838574 -0.216298184488708
p 1.5 0.25709032053109965 -0.14626669060267466
p 1.5 0.12819798803222984 -0.073745318712115579
p 1.5 0 0
tp_side_two_loops done 2 0
L closed 0 1
p 1 2.2912878474779199 0
p 1 2.2428279429444431 0.20584435140931018
p 1 2.1103136149945421 0.37094877715265823
p 1 1.9233598531645739 0.47100588247979458
p 1 1.7129920694537075 0.49972828471172004
p 1 1.5041048716877055 0.46091070513419308
p 1 1.3169037682164835 0.36051915269861307
p 1 1.1751395061193302 0.20293289000610681
p 1 1.1180339887789366 -1.0897837402255564e-06
p 1 1.1751406171326879 -0.20293479529783226
p 1 1.3169052695974826 -0.36052030173490113
p 1 1.5041063564772335 -0.46091122503779802
p 1 1.7129933254106549 -0.49972832051837518
p 1 1.9233607539992907 -0.47100559775565537
p 1 2.1103141046807594 -0.37094837722096935
p 1 2.242828085199247 -0.2058440638162079
p 1 2.2912878474779204 0
L closed 0 1
p 1 -2.2912878474779204 0
p 1 -2.2428279429444036 0.20584435140938581
p 1 -2.1103136149945128 0.37094877715268193
p 1 -1.9233598531646381 0.47100588247977415
p 1 -1.712992069453829 0.49972828471172354
p 1 -1.5041048716878636 0.46091070513424848
p 1 -1.3169037682166613 0.36051915269874857
p 1 -1.1751395061194656 0.20293289000634002
p 1 -1.1180339887789368 -1.0897834376754007e-06
p 1 -1.1751406171325443 -0.20293479529758537
p 1 -1.3169052695972501 -0.36052030173472299
p 1 -1.5041063564769597 -0.46091122503770227
p 1 -1.7129933254104481 -0.49972832051836935
p 1 -1.9233607539991642 -0.47100559775569573
p 1 -2.1103141046806546 -0.3709483772210545
p 1 -2.2428280851991871 -0.205844063816327
p 1 -2.2912878474779204 0
tp_side_tangent done 0 0
tp_side_miss done 0 0
tp_near_side_tangent done 4 0
L open 0 1
p 2.4999990463256836 0.0021836599260270698 0
p 2.4999990463256836 0.0021563518669202694 0.00015628095012406258
p 2.4999990463256836 0.0020842704213740017 0.00029285863658415036
p 2.4999990463256836 0.0019799725120385387 0.00041208052661175046
p 2.4999990463256836 0.0018534364206186918 0.000515696444939299
p 2.4999990463256836 0.0017124669221720693 0.00060508500572490568
p 2.4999990463256836 0.0015630401919615462 0.00068143315780418525
p 2.4999990463256836 0.0014095884848619694 0.00074586884326919612
p 2.4999990463256836 0.0012552245873210847 0.00079954676937448691
p 2.4999990463256836 0.0011019060418746918 0.00084368729377024779
p 2.4999990463256836 0.00095053914421602196 0.00087956842306257288
p 2.4999990463256836 0.00080102271281934758 0.00090847092470082544
p 2.4999990463256836 0.00065223163111781141 0.0009315765521921138
p 2.4999990463256836 0.00050194016223548664 0.0009498193836428708
p 2.4999990463256836 0.00034668503627365932 0.00096369027362754457
p 2.4999990463256836 0.00018156831015134025 0.00097299441838439324
p 2.4999990463256836 0 0.000976562034338387
L open 0 1
p 2.4999990463256836 -0.002183659926027834 0
p 2.4999990463256836 -0.0021563518669209802 0.00015628095012344746
p 2.4999990463256836 -0.0020842704213746735 0.00029285863658377442
p 2.4999990463256836 -0.0019799725120392669 0.00041208052661189184
p 2.4999990463256836 -0.0018534364206195665 0.00051569644493989261
p 2.4999990463256836 -0.0017124669221731227 0.000605085005725721
p 2.4999990463256836 -0.0015630401919627353 0.00068143315780495504
p 2.4999990463256836 -0.0014095884848631837 0.0007458688432697006
p 2.4999990463256836 -0.0012552245873221715 0.00079954676937460108
p 2.4999990463256836 -0.0011019060418754924 0.00084368729376995777
p 2.4999990463256836 -0.00095053914421641336 0.00087956842306196584
p 2.4999990463256836 -0.00080102271281927884 0.00090847092470006151
p 2.4999990463256836 -0.0006522316311173297 0.00093157655219138305
p 2.4999990463256836 -0.00050194016223474472 0.00094981938364234529
p 2.4999990463256836 -0.00034668503627289973 0.0009636902736273273
p 2.4999990463256836 -0.00018156831015084463 0.00097299441838447217
p 2.4999990463256836 0 0.00097656203433860167
L open 0 1
p 2.4999990463256836 0 -0.00097656203433850951
p 2.4999990463256836 -0.00016568507992017502 -0.00097373960871531627
p 2.4999990463256836 -0.00033115834681509651 -0.00096525539361255557
p 2.4999990463256836 -0.00049624657591633599 -0.0009510089326160865
p 2.4999990463256836 -0.00066072388186345097 -0.00093079970389260897
p 2.4999990463256836 -0.00082431171870398444 -0.00090432712018966325
p 2.4999990463256836 -0.00098667887989346533 -0.00087119052883563011
p 2.4999990463256836 -0.0011455597931584638 -0.00083150731392139343
p 2.4999990463256836 -0.0012956662221019601 -0.00078650517404662917
p 2.4999990463256836 -0.0014409587176655375 -0.00073420962049559077
p 2.4999990463256836 -0.0015837973726713437 -0.0006724564109166438
p 2.4999990463256836 -0.001723861296425609 -0.00059922313783779409
p 2.4999990463256836 -0.0018581486147186501 -0.00051262922866668738
p 2.4999990463256836 -0.0019809764698248658 -0.00041093594569060929
p 2.4999990463256836 -0.0020839810205027418 -0.00029254638607648521
p 2.4999990463256836 -0.0021561174419948473 -0.00015600548187088038
p 2.4999990463256836 -0.002183659926027834 0
L open 0 1
p 2.4999990463256836 0.0021836599260272216 0
p 2.4999990463256836 0.0021563518669204355 -0.00015628095012409698
p 2.4999990463256836 0.0020842704213742042 -0.00029285863658425634
p 2.4999990463256836 0.0019799725120387859 -0.00041208052661194106
p 2.4999990463256836 0.0018534364206189838 -0.00051569644493957016
p 2.4999990463256836 0.0017124669221723946 -0.00060508500572524211
p 2.4999990463256836 0.0015630401919618866 -0.00068143315780456559
p 2.4999990463256836 0.0014095884848623031 -0.00074586884326959695
p 2.4999990463256836 0.0012552245873213885 -0.00079954676937488514
p 2.4999990463256836 0.0011019060418749444 -0.00084368729377062445
p 2.4999990463256836 0.00095053914421620888 -0.00087956842306291278
p 2.4999990463256836 0.00080102271281946207 -0.00090847092470111937
p 2.4999990463256836 0.00065223163111785705 -0.00093157655219235796
p 2.4999990463256836 0.00050194016223547753 -0.00094981938364306813
p 2.4999990463256836 0.00034668503627361991 -0.00096369027362770286
p 2.4999990463256836 0.00018156831015130273 -0.00097299441838452519
p 2.4999990463256836 0 -0.00097656203433850951
tp_near_node_outside done 4 0
L open 0 1
p 1.5000009536743164 1.9999992847439074 0
p 1.5000009536743164 1.9731214862949429 0.14487810059814615
p 1.5000009536743164 1.8984271018422088 0.27205039647624957
p 1.5000009536743164 1.7892056893382093 0.37136696991790857
p 1.5000009536743164 1.6586752983970379 0.44061826221022438
p 1.5000009536743164 1.5167407269964488 0.48193369166451494
p 1.5000009536743164 1.3698971611039228 0.49901253085877795
p 1.5000009536743164 1.2220313348680718 0.49572773926583569
p 1.5000009536743164 1.0754956154527131 0.47560344328834869
p 1.5000009536743164 0.93146899141698092 0.44169634598814922
p 1.5000009536743164 0.79052476029746033 0.39663310804901353
p 1.5000009536743164 0.65272771889630643 0.34264581354179219
p 1.5000009536743164 0.51788829949513171 0.28166977324361214
p 1.5000009536743164 0.38555990771137921 0.21536707221740614
p 1.5000009536743164 0.255187348098318 0.1452186032466041
p 1.5000009536743164 0.12617400586666941 0.072595818338087093
p 1.5000009536743164 0 0.0009765620343386703
L open 0 1
p 1.5000009536743164 -1.9999992847439076 0
p 1.5000009536743164 -1.9731214862949407 0.14487810059815096
p 1.5000009536743164 -1.8984271018421888 0.27205039647627366
p 1.5000009536743164 -1.7892056893381632 0.37136696991794138
p 1.5000009536743164 -1.6586752983969748 0.44061826221025052
p 1.5000009536743164 -1.516740726996322 0.48193369166454103
p 1.5000009536743164 -1.3698971611036865 0.49901253085878705
p 1.5000009536743164 -1.2220313348677305 0.49572773926580815
p 1.5000009536743164 -1.0754956154522683 0.47560344328826415
p 1.5000009536743164 -0.93146899141684913 0.44169634598810986
p 1.5000009536743164 -0.790524760297596 0.39663310804906626
p 1.5000009536743164 -0.6527277188967936 0.34264581354199353
p 1.5000009536743164 -0.51788829949584747 0.28166977324396208
p 1.5000009536743164 -0.38555990771232607 0.21536707221789989
p 1.5000009536743164 -0.25518734809897142 0.14521860324696559
p 1.5000009536743164 -0.1261740058670423 0.072595818338298326
p 1.5000009536743164 0 0.0009765620343386703
L open 0 1
p 1.5000009536743164 0 -0.00097656203433854616
p 1.5000009536743164 -0.094348909548147855 -0.054373415130562958
p 1.5000009536743164 -0.22530196483001322 -0.12862251072601441
p 1.5000009536743164 -0.35749689872976659 -0.20062092844560803
p 1.5000009536743164 -0.49161123556795355 -0.26896776814383139
p 1.5000009536743164 -0.62823741742499739 -0.33212959442609941
p 1.5000009536743164 -0.76779375795285387 -0.38836613092643812
p 1.5000009536743164 -0.9103837114084502 -0.43566509315039809
p 1.5000009536743164 -1.0562322366291512 -0.4718381993808296
p 1.5000009536743164 -1.2048656178361319 -0.49418740779497966
p 1.5000009536743164 -1.3549651244273719 -0.49954310935039514
p 1.5000009536743164 -1.504339889556277 -0.48427951169083289
p 1.5000009536743164 -1.6492773669700145 -0.44428202024550451
p 1.5000009536743164 -1.7829307300610291 -0.37564319809514485
p 1.5000009536743164 -1.8951748542211979 -0.27594425475038542
p 1.5000009536743164 -1.9722127013085566 -0.14724640806418385
p 1.5000009536743164 -1.9999992847439076 0
L open 0 1
p 1.5000009536743164 1.9999992847439074 0
p 1.5000009536743164 1.9731214862948978 -0.14487810059826697
p 1.5000009536743164 1.898427101842098 -0.27205039647638424
p 1.5000009536743164 1.7892056893381656 -0.37136696991793994
p 1.5000009536743164 1.6586752983971258 -0.4406182622101899
p 1.5000009536743164 1.5167407269965272 -0.48193369166449906
p 1.5000009536743164 1.3698971611038777 -0.49901253085877695
p 1.5000009536743164 1.2220313348678677 -0.49572773926582264
p 1.5000009536743164 1.0754956154523545 -0.47560344328827958
p 1.5000009536743164 0.93146899141670791 -0.44169634598807189
p 1.5000009536743162 0.79052476029728469 -0.39663310804895119
p 1.5000009536743164 0.65272771889621028 -0.34264581354175006
p 1.5000009536743164 0.51788829949512494 -0.28166977324361037
p 1.5000009536743164 0.38555990771145282 -0.21536707221744439
p 1.5000009536743164 0.25518734809849047 -0.14521860324669963
p 1.5000009536743164 0.1261740058669403 -0.07259581833824115
p 1.5000009536743164 0 -0.00097656203433854616
tp_near_node_inside done 2 0
L closed 0 1
p 1.4999990463256836 2.000000715255382 0
p 1.4999990463256836 1.9575940577456346 0.18069878488387953
p 1.4999990463256836 1.844252341444006 0.32816300457505643
p 1.4999990463256836 1.6872181403940916 0.428542381737408
p 1.4999990463256836 1.5088590471086876 0.48344594522430007
p 1.499999046325684 1.3228602598549288 0.5000000086655092
p 1.4999990463256836 1.1365665107516039 0.48586728845897476
p 1.4999990463256836 0.95358277529771307 0.4477388623096008
p 1.4999990463256836 0.77539955821335571 0.39116029796894486
p 1.4999990463256836 0.60221366470966398 0.32067046605396171
p 1.4999990463256836 0.43350631434941211 0.24003619132412343
p 1.4999990463256836 0.26823643595634628 0.15240658141622238
p 1.4999990463256836 0.10523997566520256 0.060603163645679407
p 1.4999990463256836 0.16628981936153112 -0.09541442540864796
p 1.4999990463256836 0.81955670808784331 -0.40680138553060075
p 1.4999990463256836 1.5316727203390852 -0.4788654937643636
p 1.4999990463256836 2.000000715255382 0
L closed 0 1
p 1.4999990463256836 -2.0000007152553825 0
p 1.4999990463256836 -1.9575940573858572 0.18069878562069452
p 1.4999990463256836 -1.8442523402208839 0.3281630056658521
p 1.4999990463256836 -1.6872181381518032 0.42854238274468603
p 1.4999990463256836 -1.508859043889512 0.48344594582683803
p 1.4999990463256836 -1.3228602557597493 0.50000000866544969
p 1.4999990463256836 -1.1365665058901129 0.48586728774568966
p 1.4999990463256836 -0.95358276975898759 0.44773886083259878
p 1.4999990463256836 -0.77539955205970623 0.39116029571907052
p 1.4999990463256836 -0.60221365797838433 0.32067046305370756
p 1.4999990463256836 -0.43350630704496423 0.24003618761834788
p 1.4999990463256836 -0.26823642806125603 0.15240657707371208
p 1.4999990463256836 -0.1052399671370815 0.060603158757622684
p 1.4999990463256836 -0.16628985149233427 -0.095414443620055439
p 1.4999990463256836 -0.81955673135512719 -0.40680139350296279
p 1.4999990463256836 -1.5316727323753014 -0.47886549118145405
p 1.4999990463256836 -2.0000007152553825 0
tp_oblique_rings done 3 0
L open 0 1
p 2.4999999999999956 -8.0497939094916558e-09 1.006224238686457e-09
p 2.450632527022516 -0.47607057985628259 0.059508822482035324
p 2.3048238377296428 -0.93227036311985201 0.1165337953899815
p 2.0692841491153842 -1.3499102019792419 0.16873877524740524
p 1.7545781886264549 -1.712611815772179 0.21407647697152238
p 1.3743009499981802 -2.0070767143207116 0.25088458929008894
p 0.94404269137867447 -2.2235234218686659 0.27794042773358324
p 0.48035674351991975 -2.3556227307824007 0.29445284134780009
p 5.020354660872242e-07 -2.3999999999961874 0.29999999999952343
p -0.48035580470352224 -2.3556229059713942 0.29445286324642428
p -0.94404184895033005 -2.2235237497361782 0.27794046871702227
p -1.3743002134496916 -2.0070771777712237 0.25088464722140297
p -1.754577580967962 -1.712612390117854 0.21407654876473176
p -2.0692836762951363 -1.3499108728356812 0.16873885910446015
p -2.3048236012669054 -0.93227090436971549 0.11653386304621444
p -2.4506324645238866 -0.47607087831299377 0.059508859789124222
p -2.5 0 0
L closed 0 1
p 1.5 0 0
p 1.3889009595830188 -0.5803932105709112 0.0725491513213639
p 1.0690221862437148 -1.0784629866136966 0.13480787332671207
p 0.58207154380002457 -1.4176056833375079 0.17720071041718849
p -5.7000715080615052e-07 -1.5384615384599596 0.19230769230749495
p -0.58206853764465272 -1.417606982491753 0.17720087281146912
p -1.0690208793485296 -1.0784643497021464 0.13480804371276831
p -1.3888997097048232 -0.58039632839848299 0.072549541049810373
p -1.5000000000257492 -6.4349016813631438e-06 8.0436271017039298e-07
p -1.3889044762067748 0.58038435292405288 -0.07254804411550661
p -1.0690298110204339 1.0784550379451316 -0.13480687974314146
p -0.5820803774853236 1.4176018596518924 -0.17720023245648656
p -7.588818239808237e-06 1.5384615383306677 -0.19230769229133346
p 0.58206258811477396 1.4176095582263559 -0.17720119477829449
p 1.0690175808682139 1.078467789469727 -0.13480847368371587
p 1.3888997331025659 0.58039629350200428 -0.072549536687750535
p 1.5 0 0
L open 0 1
p 2.4999999999999956 8.0497939815178534e-09 -1.0062242476897317e-09
p 2.4506325270224667 0.47607057985646589 -0.059508822482058236
p 2.3048238377294976 0.93227036312019773 -0.11653379539002472
p 2.0692841491151306 1.3499102019796023 -0.16873877524745029
p 1.7545781886260876 1.7126118157725259 -0.21407647697156573
p 1.374300949997675 2.00707671432103 -0.25088458929012875
p 0.94404269137804253 2.2235234218689124 -0.27794042773361405
p 0.48035674351933005 2.3556227307825117 -0.29445284134781397
p 5.0203498417465002e-07 2.399999999996187 -0.29999999999952337
p -0.48035580470400335 2.3556229059713045 -0.29445286324641307
p -0.94404184895077425 2.2235237497360063 -0.27794046871700079
p -1.3743002134500306 2.0070771777710119 -0.25088464722137649
p -1.7545775809682242 1.7126123901176071 -0.21407654876470089
p -2.0692836762953446 1.3499108728353866 -0.16873885910442332
p -2.3048236012670427 0.9322709043694084 -0.11653386304617605
p -2.4506324645239221 0.47607087831282524 -0.059508859789103155
p -2.5 0 0
tp_oblique_two_loops done 3 0
L open 0 1
p 2.4999999999999996 -2.2325109813972015e-08 2.2325109813972015e-08
p 2.4913458043514214 -0.084644138148144005 0.084644138148144005
p 2.465423542802935 -0.16750500247759739 0.16750500247759739
p 2.42236413787345 -0.24671083736223945 0.24671083736223945
p 2.362405899550529 -0.32021417361381699 0.32021417361381699
p 2.2859830945541786 -0.38561446096065655 0.38561446096065655
p 2.1938975292473479 -0.4399521209603009 0.4399521209603009
p 2.0877873642405009 -0.47937788346684257 0.47937788346684257
p 1.9712525508867806 -0.49888311094188248 0.49888311094188248
p 1.8519423294792285 -0.49296670416367699 0.49296670416367699
p 1.7424337611598211 -0.45908053199043053 0.45908053199043053
p 1.6543299344163396 -0.40180883207548918 0.40180883207548918
p 1.5905527890917077 -0.33008635664663311 0.33008635664663311
p 1.5474117745724785 -0.25116719798281367 0.25116719798281367
p 1.5199800544567144 -0.16867553644548355 0.16867553644548355
p 1.5048396348522297 -0.084657953630494248 0.084657953630494248
p 1.5 0 0
L closed 0 1
p -2.5 0 0
p -2.4654612965679372 -0.16741600068362097 0.16741600068362097
p -2.3625552409605644 -0.32006126352621778 0.32006126352621778
p -2.1942238835773122 -0.43979579797515261 0.43979579797515261
p -1.9717759971684645 -0.49884943733458836 0.49884943733458836
p -1.7429816950243604 -0.45933690652809123 0.45933690652809123
p -1.5908718162371911 -0.3305478829232848 0.3305478829232848
p -1.5200420544346411 -0.1689237999935734 0.1689237999935734
p -1.4999999999992004 -7.9924949223371902e-08 7.9924949223371902e-08
p -1.5200419860837586 0.16892352727520255 -0.16892352727520255
p -1.5908715091363856 0.33054743933761588 -0.33054743933761588
p -1.7429810978134703 0.45933662694590793 -0.45933662694590793
p -1.9717753193544152 0.49884948113892918 -0.49884948113892918
p -2.1942234760991988 0.43979599335837921 -0.43979599335837921
p -2.3625550711546408 0.32006143746513688 -0.32006143746513688
p -2.4654612537777196 0.167416101511418 -0.167416101511418
p -2.5 0 0
L open 0 1
p 2.4999999999999996 2.2325109099168187e-08 -2.2325109099168187e-08
p 2.4913458043514249 0.084644138148125977 -0.084644138148125977
p 2.4654235428029478 0.16750500247756561 -0.16750500247756561
p 2.4223641378734824 0.24671083736219149 -0.24671083736219149
p 2.3624058995505655 0.32021417361377891 -0.32021417361377891
p 2.2859830945542079 0.38561446096063551 -0.38561446096063551
p 2.1938975292473391 0.43995212096030473 -0.43995212096030473
p 2.0877873642404232 0.47937788346686327 -0.47937788346686327
p 1.971252550886665 0.49888311094188947 -0.49888311094188947
p 1.8519423294790969 0.49296670416365446 -0.49296670416365446
p 1.7424337611596934 0.45908053199037052 -0.45908053199037052
p 1.6543299344162306 0.40180883207539403 -0.40180883207539403
p 1.5905527890916289 0.33008635664652053 -0.33008635664652053
p 1.5474117745724409 0.25116719798272474 -0.25116719798272474
p 1.5199800544566988 0.16867553644542174 -0.16867553644542174
p 1.5048396348522257 0.08465795363046566 -0.08465795363046566
p 1.5 0 0
tp_near_villarceau done 7 0
L open 0 1
p 3.1999999999999948 -5.3578436798318307e-08 4.0183827598738731e-08
p 3.180883833643358 -0.22068869091533178 0.16551651818649885
p 3.1238621936631459 -0.43726736188611875 0.32795052141458908
p 3.0300501034909 -0.64543520404749333 0.48407640303561988
p 2.9012720487576598 -0.84120807379515816 0.63090605534636868
p 2.7399732484516499 -1.0208960315042188 0.765672023628164
p 2.5491858174561441 -1.1811039279779352 0.88582794598345127
p 2.3325373865105958 -1.318753127067789 0.98906484530084171
p 2.0943075392721009 -1.4311313580895029 1.0733485185671272
p 1.839054227239117 -1.5161233786188031 1.137092533964102
p 1.5714407991219608 -1.5721642427530425 1.1791231820647818
p 1.2967841117096703 -1.5981254424512212 1.198594081838416
p 1.0203441750792162 -1.5935316923737031 1.1951487692802769
p 0.74733005280808096 -1.5584792512894976 1.1688594384671231
p 0.4828975969759412 -1.4936160799645763 1.1202120599734322
p 0.23213037616378826 -1.4001664995932357 1.0501248746949265
p 1.7406794687277109e-07 -1.2800001044535871 0.96000007834019019
L open 0 1
p -3.2000000000000002 0 0
p -3.1808838427620603 -0.2206886384786351 0.16551647885897633
p -3.1238622107295564 -0.43726731350805248 0.3279504851310393
p -3.0300501278026601 -0.64543516026445946 0.48407637019834454
p -2.9012720788070956 -0.84120803476125638 0.63090602607094226
p -2.7399732838971094 -1.0208959972430733 0.76567199793230512
p -2.5491858575791899 -1.181103898738709 0.88582792405403166
p -2.3325374296226364 -1.3187531033068389 0.98906482748012914
p -2.0943075837541034 -1.4311313402959094 1.073348505221932
p -1.839054268600997 -1.5161233674612993 1.1370925255959743
p -1.5714408358889893 -1.5721642371932401 1.17912317789493
p -1.2967841428485605 -1.5981254412444044 1.1985940809333031
p -1.0203441999201044 -1.5935316941664646 1.1951487706248485
p -0.74733007103978843 -1.558479254677902 1.1688594410084265
p -0.48289760863648629 -1.4936160835481749 1.1202120626611312
p -0.23213038164263272 -1.4001665020163692 1.050124876512277
p -1.7407925234635968e-07 -1.2800001044780001 0.96000007835849999
L open 0 1
p 0.80000000000000004 0 0
p 0.79664349697984527 -0.092657471467166005 0.069493103600374501
p 0.78658150908320179 -0.18502996536590752 0.1387724740244306
p 0.76984607894295365 -0.27678896420638299 0.20759172315478716
p 0.74649463669633653 -0.367616021469581 0.27571201610218565
p 0.7166077648955731 -0.45720169016069745 0.34290126762052303
p 0.68028759974969688 -0.54524475973211428 0.40893356979908568
p 0.63765674576228715 -0.63145174818930938 0.47358881114198198
p 0.58885760310485691 -0.7155366068737965 0.53665245515534732
p 0.534052029340637 -0.79722060609796153 0.59791545457347117
p 0.47342127938851447 -0.87623238048742991 0.65717428536557243
p 0.40716618989189574 -0.95230812356736683 0.71423109267552509
p 0.33550759643226941 -1.0251919318098821 0.76889394885741136
p 0.25868699430226005 -1.0946363090404763 0.82097723178035709
p 0.17696747582797187 -1.1604028527822392 0.87030213958667924
p 0.090634999505431829 -1.2222631547972687 0.91669736609795138
p 6.8490952403873951e-08 -1.2799999587655588 0.95999996907416907
L open 0 1
p 3.1999999999999948 5.3578436420701345e-08 -4.0183827315526005e-08
p 3.1808838336484997 0.22068869088592294 -0.16551651816444218
p 3.1238621936834501 0.43726736182894071 -0.32795052137170549
p 3.0300501035358192 0.64543520396594123 -0.48407640297445587
p 2.9012720488357266 0.84120807369414341 -0.63090605527060761
p 2.7399732485701089 1.0208960313898743 -0.76567202354240571
p 2.5491858176206383 1.1811039278576474 -0.88582794589323544
p 2.3325373867248773 1.3187531269500319 -0.98906484521252369
p 2.0943075395376072 1.4311313579833218 -1.0733485184874911
p 1.8390542275024646 1.5161233785499959 -1.1370925339124971
p 1.5714407993645672 1.5721642427144151 -1.1791231820358112
p 1.2967841119195382 1.5981254424435603 -1.1985940818326704
p 1.0203441752523992 1.5935316923883107 -1.1951487692912328
p 0.74733005295359056 1.558479251312711 -1.1688594384845332
p 0.48289759708482893 1.4936160800013984 -1.120212060001049
p 0.23213037624646282 1.4001664996261443 -1.0501248747196081
p 1.7405637785595477e-07 1.2800001045393261 -0.96000007840449453
L open 0 1
p -3.2000000000000002 0 0
p -3.1808838427763235 0.22068863839662492 -0.16551647879746867
p -3.1238622107861498 0.43726731334872931 -0.327950485011547
p -3.0300501279279022 0.64543516003718149 -0.484076370027886
p -2.9012720790246802 0.84120803447961623 -0.63090602585971212
p -2.7399732842272511 1.0208959969243623 -0.76567199769327166
p -2.5491858580376787 1.1811038984035154 -0.88582792380263653
p -2.3325374302199098 1.318753102978554 -0.98906482723391542
p -2.0943075844941421 1.4311313399999441 -1.073348504999958
p -1.839054269328849 1.5161233672713312 -1.1370925254534985
p -1.5714408365513544 1.5721642370874942 -1.1791231778156206
p -1.296784143411015 1.598125441223992 -1.1985940809179938
p -1.0203442003720145 1.5935316942051732 -1.1951487706538797
p -0.74733007140856567 1.5584792547353519 -1.1688594410515141
p -0.48289760889722366 1.4936160836380303 -1.1202120627285228
p -0.2321303818269437 1.400166502087308 -1.0501248765654809
p -1.7399190888056637e-07 1.2800001046940628 -0.96000007852054703
L open 0 1
p -9.6146796524365641e-08 1.2799999423312156 -0.95999995674841154
p -0.17687093293080494 1.1604761669109249 -0.87035712518319364
p -0.33533816628888374 1.0253543216282097 -0.76901574122115712
p -0.47320464193265016 0.87649711175055367 -0.65737283381291522
p -0.58862168478640009 0.71591395606764263 -0.53693546705073192
p -0.68006249220962556 0.54574132735137126 -0.40930599551352842
p -0.74631216194279049 0.36823383277297306 -0.27617537457972974
p -0.78647428616864501 0.1857652612520713 -0.13932394593905348
p -0.79999972302432665 0.00084153197608431414 -0.00063114898206323758
p -0.78672778516935737 -0.18402210051580786 0.13801657538685588
p -0.74684684110785593 -0.36642041571797423 0.27481531178848068
p -0.68089071622083253 -0.54391182392953163 0.40793386794714864
p -0.58974396284324937 -0.71411664351930648 0.53558748263947986
p -0.47462790545244515 -0.8747557813593293 0.65606683601949689
p -0.33708366262238926 -1.0236792666664289 0.76775944999982171
p -0.17895351471497126 -1.1588924931700317 0.8691693698775238
p 6.8490952354061108e-08 -1.2799999587655591 0.95999996907416918
L open 0 1
p 0.80000000000000004 -7.0539655630887536e-17 5.2904741723165652e-17
p 0.79664204700167607 0.092677524619410173 -0.069508143464557623
p 0.78657873549984858 0.18504905050056744 -0.13878678787542559
p 0.76984385942097122 0.27679906693518175 -0.20759930020138631
p 0.74649418374060539 0.3676175376429428 -0.27571315323220708
p 0.71660848317625947 0.45719975526154216 -0.34289981644615658
p 0.68028691611144876 0.54524628003585807 -0.40893471002689358
p 0.63765073375097203 0.63146296270630431 -0.47359722202972815
p 0.58884232450741114 0.71556105159634076 -0.53667078869725549
p 0.53402559361884749 0.79725738389914835 -0.5979430379243611
p 0.47338667799779938 0.87627466116346708 -0.6572059958726002
p 0.40713376417646396 0.95234313821360794 -0.71425735366020582
p 0.33548585914709478 1.0252127492823617 -0.76890956196177129
p 0.25868263757564153 1.0946400356606412 -0.82098002674548065
p 0.17698187223131964 1.1603919197542012 -0.87029393981565084
p 0.090657573562121105 1.2222478916430879 -0.91668591873231586
p -1.0305185179926907e-08 1.2800000090816332 -0.96000000681122477
tp_oblique_offset done 2 0
L open 0 1
p 2.1147629234082532 1.3333333333333335 -1.1102230246251565e-16
p 2.2179811895011166 1.0226040972370749 0.2330469270721941
p 2.0843005804378079 0.72669451165778309 0.45497911625666232
p 1.7037496797340623 0.70072847041942865 0.47445364718542843
p 1.3707305236328784 0.88365259218667691 0.33726055585999215
p 1.0673673607887593 1.0988895893317663 0.17583280800117537
p 0.74953565811285117 1.3000268574791292 0.024979856890653122
p 0.39496105868691445 1.4559008535171194 -0.091925640137839604
p -6.4771379165163602e-05 1.5199999984721231 -0.13999999885409256
p -0.39505626774439856 1.4558706489008941 -0.091902986675670512
p -0.74961108157703726 1.2999851738771122 0.025011119592165666
p -1.0674090013207289 1.0988605611639035 0.17585457912707222
p -1.3707615964818578 0.8836313404530064 0.33727649466024512
p -1.7037698887216886 0.70072145094499194 0.47445891179125593
p -2.084294380620562 0.72669006495381516 0.45498245128463899
p -2.2179812282862623 1.0226025534056096 0.23304808494579288
p -2.1147629234082528 1.3333333333333341 -5.5511151231257827e-16
L open 0 1
p -2.1147629234082532 1.3333333333333339 -4.4408920985006262e-16
p -1.9467710939563594 1.5319974455489882 -0.14899808416174123
p -1.7268454890018707 1.6952640903375074 -0.27144806775313052
p -1.4710770428189732 1.82097316413389 -0.36572987310041755
p -1.1920441802112089 1.9097320422346962 -0.43229903167602213
p -0.89959144245275924 1.9645987765949322 -0.4734490824461991
p -0.60097284358715153 1.9913903385905465 -0.49354275394290992
p -0.30055893669200268 1.9993643175276035 -0.49952323814570238
p 5.1318945637689463e-05 1.9999999728686504 -0.49999997965148746
p 0.30066295451814906 1.9993635082690087 -0.4995226312017565
p 0.60107503175372812 1.9913850647512239 -0.49353879856341765
p 0.89969665307485502 1.9645847380441808 -0.47343855353313552
p 1.1921497257857465 1.9097059094693623 -0.43227943210202147
p 1.4711920044122297 1.8209275019372988 -0.36569562645297399
p 1.7268993532770134 1.695231650712604 -0.27142373803445297
p 1.9467907501205974 1.5319793443877843 -0.14898450829083812
p 2.1147629234082532 1.3333333333333339 -3.8857805861880479e-16
tp_tilted done 2 0
L closed 0 1
p 1 3.9595917942265424 1.5303061543300933
p 1 4.0440766311653924 1.7098231955535206
p 1 4.0511653291036325 1.9081325276716161
p 1 3.9812495124506193 2.0939147746214801
p 1 3.846705859556816 2.2399593210482389
p 1 3.6679745043364549 2.3265742182356055
p 1 3.4699888111142698 2.3419643599936406
p 1 3.2808868868206176 2.2817454150796483
p 1 3.1313708721144216 2.1514718918335589
p 1 3.0481727194379098 1.9714598269603294
p 1 3.0433110885335277 1.773060680082313
p 1 3.1135216302637025 1.5873036643980811
p 1 3.2467167164333315 1.4399737467423159
p 1 3.4245917036435407 1.3517043245693752
p 1 3.6225190848154525 1.3366041786314633
p 1 3.8109112002179644 1.3989359457524129
p 1 3.9595917942265424 1.5303061543300933
L closed 0 1
p 1 0.040408205773457606 4.4696938456699069
p 1 0.1890888110051917 4.6010640606738313
p 1 0.37748093441588132 4.6633958236875577
p 1 0.57540832015055055 4.64829566884658
p 1 0.75328330753043937 4.5600262350680216
p 1 0.88647838829192338 4.4126963052690487
p 1 0.95668891848187054 4.226939279468084
p 1 0.95182727016673219 4.028540127570281
p 1 0.86862917196830036 3.8485281669434031
p 1 0.71911307243950018 3.7182545622093954
p 1 0.53001114808989169 3.658035635415263
p 1 0.33202546134858874 3.6734257910845431
p 1 0.15329411627151765 3.7600406968636793
p 1 0.018750474566556107 3.9060852463769855
p 1 -0.051165332262084487 4.091867491439416
p 1 -0.044076628138749491 4.2901768170197707
p 1 0.040408205773457606 4.4696938456699069
ts_rings done 2 0
L closed 0 1
p 1.4821428571428574 0 0.8554671119288203
p 1.3803837475308838 -0.50373064965104997 0.8476367235319362
p 1.0919675517254304 -0.92852525594785174 0.82397300529702411
p 0.66352320204888326 -1.2098047236894103 0.78445590162314971
p 0.16158850162393931 -1.3071235194269359 0.73048716552412485
p -0.33883594180750204 -1.2078956576164013 0.66652855396946054
p -0.76438838436745049 -0.92676622810063747 0.60176454182678474
p -1.0512070478566036 -0.50328284293887604 0.55096876447635335
p -1.1527777775465105 9.8660054578871178e-06 0.53123865267647497
p -1.0511967061850314 0.50330743640055231 0.55097072251338941
p -0.76437220139911333 0.92678219753719171 0.60176722661674442
p -0.33881847484653033 1.2079028249112211 0.6665309960559872
p 0.16160366429996167 1.307123550076603 0.73048894241460371
p 0.66353377352649701 1.2098004327650909 0.78445694633628604
p 1.0919729873605544 0.92851991240742704 0.82397347254457964
p 1.380385230603953 0.50372712614330706 0.8476368395729903
p 1.4821428571428574 0 0.8554671119288203
L closed 0 1
p 1.482142857142857 0 -0.85546711192882019
p 1.3803837475309071 -0.50373064965099323 -0.84763672353193786
p 1.091967551725584 -0.92852525594770075 -0.82397300529703732
p 0.66352320204920456 -1.2098047236892799 -0.78445590162318168
p 0.16158850162446109 -1.3071235194269373 -0.7304871655241858
p -0.33883594180692272 -1.2078956576166382 -0.66652855396954103
p -0.76438838436698475 -0.92676622810109699 -0.60176454182686212
p -1.0512070478563431 -0.50328284293949632 -0.55096876447640253
p -1.1527777775465111 9.8660048999119446e-06 -0.53123865267647519
p -1.0511967061852239 0.50330743640009445 -0.550970722513353
p -0.76437220139946449 0.92678219753684499 -0.60176722661668625
p -0.33881847484687844 1.2079028249110775 -0.66653099605593857
p 0.1616036642997179 1.3071235500766014 -0.73048894241457474
p 0.66353377352640019 1.2098004327651295 -0.78445694633627605
p 1.0919729873606452 0.92851991240734044 -0.82397347254458719
p 1.380385230604009 0.50372712614317516 -0.84763683957299474
p 1.482142857142857 0 -0.85546711192882019
ts_loop done 2 0
L open 0 1
p 1.125 0 0.48412291827592707
p 1.1018367752858043 -0.21230743401621704 0.47885244199045218
p 1.0337072040571975 -0.41416004363657966 0.46289791060557994
p 0.92459918538075214 -0.59582390920843376 0.43578642188614991
p 0.78086859867881253 -0.74895440074736375 0.39654234783812148
p 0.61101099636655709 -0.86709804719313766 0.34323758832440915
p 0.42589390437474361 -0.94617783715235793 0.27167781657686357
p 0.2422103066401288 -0.98531791911697864 0.17055182339030781
p 0.12500113996900411 -0.99215673656628822 0.00053297685972473585
p 0.24137017696197516 -0.98541594134385413 -0.16994394898928239
p 0.42512765561449661 -0.94641736898091611 -0.27133829198535819
p 0.61040222266264821 -0.86743366407022116 -0.34302926866390654
p 0.78043906876142211 -0.74932445553676996 -0.39641802651835795
p 0.92433961824603794 -0.59616665333613394 -0.43571940234963796
p 1.0335860140886721 -0.41442169090742226 -0.46286889998555869
p 1.1018055500383541 -0.21244880877745267 -0.47884528613860466
p 1.125 0 -0.48412291827592696
L open 0 1
p 1.125 0 0.48412291827592707
p 1.1025450116783768 0.2090739339079066 0.47901471035595405
p 1.0364583103218052 0.40816579338848896 0.46355583372460885
p 0.9304905997854851 0.58796057170502403 0.4373041363683805
p 0.79062532458395962 0.74043277841256994 0.39935392395997982
p 0.62486115044098589 0.85931245154000724 0.34793854966171145
p 0.44336777624082563 0.9405321255655551 0.27929952262958513
p 0.26114137226390038 0.9829191860224501 0.18370015366358219
p 0.12731860768781467 0.99215408802477412 0.024074322583897818
p 0.22406051887860184 0.98727673049853781 -0.15688147360835808
p 0.40842935523804902 0.95147148904474876 -0.26382217977579847
p 0.59707609133872375 0.87464351889622516 -0.33843300995332404
p 0.77101667681102282 0.7573363581664122 -0.39367913354838224
p 0.91863629676236902 0.60362072243520559 -0.43424362105653586
p 1.0309184564392022 0.42013093576117955 -0.4622297671893088
p 1.1011181676701098 0.21553636947775101 -0.47868772445278551
p 1.125 0 -0.48412291827592696
ts_loop_across done 2 0
L open 0 1
p 0.25000000000000044 2.98956518577535 0
p -0.1026018300706866 2.9100413445595144 0.41052454406433797
p -0.60103244555905322 2.7216681157252252 0.61664433230190985
p -1.0810999412437319 2.438301094085237 0.7448561796705
p -1.5091838104494808 2.0680930803099886 0.82835465171892741
p -1.864165124992025 1.6226510962050613 0.88188813849994208
p -2.1298737806854762 1.1170561638728767 0.91430270675424341
p -2.2943188578243441 0.56940327369455324 0.93143009685651124
p -2.3499999982899427 8.6726746393753372e-05 0.93674969955276199
p -2.2943523181925038 -0.56923368570502664 0.93143336494533435
p -2.1299390556069802 -1.1168965575495369 0.91430993570301411
p -1.8642593025296406 -1.6225070319828054 0.88190072490783034
p -1.5093026440195885 -2.0679695774217972 0.82837474222666718
p -1.0812350990269199 -2.4382041957091563 0.74488647168224853
p -0.60117647102665028 -2.7215994319298775 0.6166902973869568
p -0.10273807494056425 -2.9100024541876879 0.41060020907948008
p 0.25000000000000089 -2.98956518577535 0
L open 0 1
p 0.25000000000000089 -2.98956518577535 0
p -0.10260183007102668 -2.9100413445594189 -0.41052454406452671
p -0.60103244555970481 -2.721668115724917 -0.61664433230211779
p -1.0810999412447666 -2.4383010940844936 -0.74485617967073148
p -1.5091838104506903 -2.0680930803087341 -0.82835465171913125
p -1.8641651249929676 -1.6226510962036162 -0.88188813850006764
p -2.1298737806861103 -1.1170561638713266 -0.91430270675431358
p -2.2943188578246283 -0.56940327369311572 -0.93143009685653866
p -2.3499999982899422 -8.672674519835018e-05 -0.93674969955276177
p -2.2943523181923178 0.56923368570595978 -0.93143336494531503
p -2.1299390556067128 1.116896557550185 -0.91430993570298402
p -1.8642593025291914 1.6225070319834936 -0.88190072490777005
p -1.5093026440188557 2.0679695774225619 -0.82837474222654295
p -1.0812350990257507 2.4382041957099934 -0.74488647168198663
p -0.60117647102508542 2.7215994319306231 -0.61669029738645731
p -0.10273807493917839 2.9100024541880942 -0.4106002090787132
p 0.25000000000000178 2.98956518577535 0
ts_two_loops done 2 0
L closed 0 1
p 2.625 1.4523687548277817 0
p 2.423117097346501 1.5451094567020467 0.48624380671405693
p 1.9947056813371891 1.6771194069722148 0.79541432418387414
p 1.4777550229569498 1.7401726156388915 0.95912820565514878
p 0.93421022886199101 1.7039649528788621 0.9983887657089292
p 0.41171058050932158 1.5633919050843872 0.92362146017053959
p -0.047125852482616658 1.3290861375142669 0.74229008279242026
p -0.40192927828271274 1.032710914319185 0.45236912863301326
p -0.57499773768480378 0.81815672741109546 -0.0016816640440815071
p -0.40033749114871731 1.0343958737988721 -0.45432514810236496
p -0.04516257952191808 1.3303820411573857 -0.74339593611356203
p 0.41367669619686048 1.564143922598882 -0.92413046842549618
p 0.93591863247253448 1.7042454636655002 -0.99844888280179123
p 1.4790320278611642 1.7401349797008863 -0.95889237189840471
p 1.9954726457997878 1.6769519551779584 -0.79504885330511155
p 2.4233948309961568 1.5449967374545286 -0.48593173055135347
p 2.6249999999999996 1.4523687548277822 0
L closed 0 1
p 2.6249999999999996 -1.4523687548277826 0
p 2.4231170973464278 -1.5451094567020764 0.48624380671413958
p 1.9947056813367376 -1.677119406972313 0.79541432418408897
p 1.4777550229563234 -1.7401726156389095 0.95912820565526424
p 0.9342102288612314 -1.7039649528787371 0.99838876570890245
p 0.41171058050864401 -1.5633919050841274 0.92362146017036406
p -0.047125852483011238 -1.3290861375140062 0.74229008279219766
p -0.4019292782827838 -1.0327109143191096 0.45236912863292594
p -0.57499773768480433 -0.8181567274110958 -0.0016816640438775724
p -0.40033749114886047 -1.0343958737987207 -0.45432514810218921
p -0.045162579522383416 -1.3303820411570788 -0.74339593611330013
p 0.4136766961961994 -1.5641439225986296 -0.92413046842532476
p 0.93591863247204155 -1.7042454636654194 -0.99844888280177413
p 1.4790320278609097 -1.7401349797008923 -0.958892371898452
p 1.9954726457997789 -1.6769519551779586 -0.79504885330511588
p 2.4233948309962376 -1.5449967374544962 -0.48593173055126304
p 2.6249999999999996 -1.4523687548277826 0
ts_touching_zero done 2 0
L closed 0 1
p 2.9999999999999991 0 -2.2549144884642658e-08
p 2.9006130021937553 0.46647772921150504 0.34695134955185941
p 2.6137506071760779 0.8821277324570157 0.65156345955452333
p 2.1720878719477281 1.2021286006081866 0.87586572315468525
p 1.6259886448669174 1.3932272213244454 0.98997497054327899
p 1.0382487452068658 1.438325465600363 0.97410536452755625
p 0.47826477766281311 1.3411927959213799 0.8173901329553076
p 0.021045584511396244 1.1379588966591832 0.5071691949351621
p -0.19999999954664602 0.97979589700034786 -5.2997467214849709e-07
p 0.021046227343811532 1.1379592865300685 -0.50716987696050864
p 0.47826644605796997 1.3411933079288427 -0.81739086816453177
p 1.038251469950404 1.4383255988645747 -0.97410575994729742
p 1.6259921744670558 1.3932264922208624 -0.98997465579074395
p 2.1720916776316219 1.2021266360576155 -0.87586441241804225
p 2.6137539836485275 0.88212432798893303 -0.65156100241386439
p 2.900613789138895 0.46647593811965549 -0.34695002148158205
p 2.9999999999999991 0 -2.2549144884642658e-08
L closed 0 1
p 3 0 -8.762346404012078e-11
p 2.9006196668252939 -0.4664625267219708 -0.34694009383420665
p 2.6137775840042381 -0.88210052519189386 -0.65154382877264228
p 2.1721053931876799 -1.2021195584295006 -0.87585968886642562
p 1.6259868390740067 -1.3932275941180772 -0.98997513156029104
p 1.0382246784720057 -1.4383242867247119 -0.97410187322260877
p 0.47822350754206588 -1.3411801274696102 -0.81737195334876511
p 0.02100169098317611 -1.1379322694212657 -0.50712257329923238
p -0.19999999489520426 -0.97979590120046234 7.8316587353785265e-05
p 0.021096190392523997 -1.1379895937013069 0.50722293831789955
p 0.47833622889974525 -1.3412147266710042 0.81742160485722593
p 1.0383300412244043 -1.4383294456163389 0.9741171564320541
p 1.6260699992776257 -1.3932104194189951 0.98996771477261769
p 2.1721596774111194 -1.2020915373831114 0.87584099519769154
p 2.6138042365405481 -0.88207364397217358 0.65152443307787644
p 2.9006267293845456 -0.46644641012334687 0.34692816098557999
p 3 0 2.0388162269568966e-09
ts_touching_pi done 4 0
L open 0 1
p 2.2000000000000002 2.0396078054371141 0
p 2.1268978500251912 2.0504292117616805 0.29881467737787892
p 1.9413309293605379 2.0705945506975105 0.54516028801443195
p 1.6931208804786269 2.0815635667789931 0.73023080024474007
p 1.412353946717178 2.0721780879374703 0.86152144911482209
p 1.116131062052762 2.0368206101657904 0.94654155295677966
p 0.81579231130744734 1.9728541879227948 0.99086328750449226
p 0.5200224417987741 1.8793965431468103 0.99874991578367478
p 0.23608067930182819 1.7567586398708954 0.97378986001958012
p -0.029705464742479343 1.6061594103199173 0.91929640004260338
p -0.27174931951304282 1.4295569774258763 0.83853788550363151
p -0.48514670539761667 1.2295299066338043 0.7348619733985714
p -0.66567481463308609 1.0091803600862799 0.61175568716499151
p -0.80982009810093514 0.77203921942956244 0.4728600140008013
p -0.91479896002286754 0.52199597073672777 0.32197153301812731
p -0.9785977159014817 0.26320771440982155 0.16301511947396902
p -0.999999999999994 1.3839169333874238e-07 8.5811676997844851e-08
L open 0 1
p 2.2000000000000002 -2.0396078054371141 0
p 2.1268978500251903 -2.05042921176168 0.29881467737788098
p 1.9413309293604979 -2.0705945506975127 0.5451602880144687
p 1.6931208804785425 -2.081563566778994 0.73023080024478937
p 1.4123539467169626 -2.0721780879374547 0.86152144911490114
p 1.1161310620525584 -2.0368206101657567 0.94654155295682285
p 0.81579231130717755 -1.9728541879227239 0.99086328750451558
p 0.52002244179841595 -1.8793965431466775 0.99874991578366368
p 0.23608067930140084 -1.7567586398706829 0.97378986001951784
p -0.029705464742796176 -1.6061594103197139 0.91929640004251867
p -0.27174931951327674 -1.4295569774256827 0.83853788550353614
p -0.48514670539779514 -1.2295299066336149 0.73486197339846948
p -0.6656748146332282 -1.00918036008608 0.61175568716487705
p -0.80982009810110156 -0.77203921942919806 0.4728600140006527
p -0.91479896002303906 -0.52199597073623472 0.32197153301777603
p -0.97859771590160161 -0.26320771440908103 0.1630151194735435
p -0.999999999999994 -1.3839032453333289e-07 8.5811854633528791e-08
L open 0 1
p 2.2000000000000002 -2.0396078054371141 0
p 2.1268978500253435 -2.0504292117616592 -0.298814677377577
p 1.9413309293608185 -2.0705945506974865 -0.54516028801416172
p 1.6931208804790692 -2.08156356677899 -0.73023080024448184
p 1.4123539467177164 -2.0721780879375102 -0.86152144911462381
p 1.1161310620533651 -2.0368206101658894 -0.94654155295665154
p 0.81579231130807073 -1.9728541879229589 -0.99086328750443953
p 0.52002244179933832 -1.8793965431470201 -0.99874991578369199
p 0.23608067930230539 -1.756758639871131 -0.97378986001964973
p -0.02970546474194254 -1.6061594103202625 -0.91929640004274693
p -0.27174931951249065 -1.4295569774263321 -0.83853788550385555
p -0.48514670539709065 -1.2295299066343661 -0.73486197339887538
p -0.66567481463262657 -1.0091803600869271 -0.6117556871653631
p -0.80982009810058997 -0.77203921943024778 -0.472860014001179
p -0.91479896002264682 -0.52199597073738457 -0.32197153301855047
p -0.9785977159013779 -0.26320771441046398 -0.16301511947435102
p -0.999999999999994 -1.3839250456726404e-07 -8.5811715844208436e-08
L open 0 1
p 2.2000000000000002 2.0396078054371136 0
p 2.1268978500250428 2.0504292117617022 -0.29881467737817363
p 1.9413309293600496 2.0705945506975487 -0.54516028801490091
p 1.6931208804777897 2.0815635667789998 -0.73023080024522902
p 1.4123539467160313 2.072178087937385 -0.86152144911524497
p 1.1161310620514728 2.0368206101655781 -0.94654155295705455
p 0.81579231130591301 1.9728541879223906 -0.99086328750462271
p 0.52002244179702173 1.8793965431461586 -0.99874991578361971
p 0.23608067929992163 1.7567586398699484 -0.97378986001930201
p -0.029705464744332496 1.6061594103187244 -0.91929640004210711
p -0.27174931951480735 1.4295569774244179 -0.83853788550291486
p -0.48514670539924992 1.2295299066320631 -0.73486197339762971
p -0.66567481463453626 1.0091803600842375 -0.61175568716381989
p -0.80982009810216404 0.77203921942706555 -0.47286001399952504
p -0.91479896002379169 0.52199597073401149 -0.32197153301631087
p -0.97859771590199662 0.26320771440663088 -0.16301511947209957
p -0.999999999999994 1.3838676794531594e-07 -8.5811909023014721e-08
ts_figure_zero done 2 0
L closed 0 1
p 3.0000000000000004 0 1.3713634430291555e-08
p 2.8010414487130815 1.0027793362142825 0.22163287268595405
p 2.2330386643607851 1.8567467350263931 0.42725778591203362
p 1.378749492593069 2.433964160809305 0.60352551388950659
p 0.36385112834769523 2.6455780501647417 0.74192634967842108
p -0.65985435032263495 2.4554003881493052 0.84004404341960526
p -1.5355881537447877 1.8872489295085402 0.90136918963108004
p -2.1252995755639241 1.0244878651097751 0.93320765620525392
p -2.3333333333266144 3.3539857761779968e-06 0.94280904158175105
p -2.1252981300883782 -1.02449127990369 0.93320758666276404
p -1.5355859570160766 -1.8872510707181156 0.90136905776244824
p -0.65985229264774614 -2.4554012074170419 0.84004387739485797
p 0.36385266611579642 -2.6455780328985723 0.74192617573162734
p 1.3787497866598588 -2.4339640364914392 0.603525465350223
p 2.2330383343311837 -1.8567470655753067 0.4272578744600849
p 2.8010413117276878 -1.0027796692575028 0.22163294791304938
p 3.0000000000000004 0 7.0611158907787908e-09
L closed 0 1
p 2.9999999999999996 0 -8.0089821441475806e-09
p 2.8010409324693999 -1.0027805881479774 -0.22163315631314262
p 2.2330369793903091 -1.8567484300371981 -0.42725823298898563
p 1.3787472366365141 -2.4339651146430881 -0.60352588647057404
p 0.36384908252751141 -2.6455780736110635 -0.74192658051963467
p -0.65985643998652255 -2.4553995560631621 -0.84004421220938841
p -1.5355897642117822 -1.8872473593819572 -0.9013692864092413
p -2.1253004415110501 -1.0244858195280613 -0.9332076977600281
p -2.3333333330725581 -7.1892182390654779e-07 -0.94280904166129653
p -2.1252973840863003 1.0244930421705056 -0.9332075507116453
p -1.5355847340526516 1.8872522631257571 -0.90136898424738954
p -0.65985071732856504 2.455401834704376 -0.84004375012670307
p 0.36385412625831648 2.6455780161073159 -0.74192601102571465
p 1.378751480714852 2.4339633202305482 -0.60352518556440005
p 2.2330396316822454 1.856745760654769 -0.42725753015910506
p 2.8010417057012185 1.0027787137484838 -0.22163273141033113
p 2.9999999999999996 0 -8.0089821441475806e-09
ts_figure_pi done 4 0
L open 0 1
p 1.2857142857142854 0 0.69985421222376509
p 1.2625046394626878 -0.22735753638171841 0.69688085078570838
p 1.1939383341602283 -0.44520183162281929 0.68795039892000021
p 1.0831158395295009 -0.64454768550368702 0.67303512423176148
p 0.93499918722635378 -0.81733095585358639 0.65210910709048231
p 0.75601735371067647 -0.95688207193221875 0.62515848937218232
p 0.55374499057008875 -1.0580753323167402 0.59221243584438055
p 0.33648216913516915 -1.117501419833925 0.55336372187471705
p 0.11286686833434308 -1.1335029462217248 0.50878834454009625
p -0.10848691929029153 -1.1061317926558802 0.45875874800856087
p -0.31929853773236622 -1.0370456457060768 0.40365263275687191
p -0.51188945279328868 -0.92936509596051387 0.34395486420000587
p -0.67941752854022142 -0.78749174114400844 0.28024951985523183
p -0.81604218019899588 -0.61692249216583728 0.21321514306702224
p -0.91708077346601391 -0.42402842738656138 0.143604929677353
p -0.97909471977844287 -0.21588580213252848 0.072246049441930735
p -0.99999999999999845 -6.0111886357461231e-08 2.0000408562988321e-08
L open 0 1
p 1.2857142857142854 0 -0.69985421222376498
p 1.2625046393912327 -0.2273575367281033 -0.69688085077651651
p 1.1939383338809315 -0.44520183227191612 -0.68795039888316933
p 1.083115838924871 -0.64454768637193338 -0.67303512414870659
p 0.93499918620822187 -0.81733095682492485 -0.65210910694252566
p 0.75601735222765232 -0.95688207286768023 -0.62515848914074146
p 0.55374498861227617 -1.0580753330651493 -0.59221243551139835
p 0.33648216673548648 -1.1175014202432116 -0.55336372142320756
p 0.11286686556720077 -1.1335029461496562 -0.50878834395483163
p -0.10848692231310021 -1.106131791979746 -0.45875874727670696
p -0.31929854086671466 -1.0370456443310911 -0.40365263186883904
p -0.51188945587071211 -0.92936509382631427 -0.34395486314984658
p -0.67941753137528726 -0.78749173822997598 -0.2802495186413772
p -0.81604218267054485 -0.61692248864948296 -0.2132151408149176
p -0.91708077617636918 -0.42402842005983449 -0.14360492942263531
p -0.9790947216327478 -0.21588579350581236 -0.072246043723342729
p -0.99999999999999845 -6.0111886357461231e-08 2.0000408551545945e-08
L open 0 1
p 1.2857142857142854 0 0.69985421222376509
p 1.2625041892025131 0.22735971878990183 0.69688079287057003
p 1.1939365478856996 0.44520598303558218 0.68795016332887915
p 1.0831120876529676 0.64455307323331534 0.67303460888896338
p 0.93499266540381321 0.81733717808918671 0.65210815899768171
p 0.75600761008937323 0.95688821802547563 0.62515696874868643
p 0.55373195804717978 1.0580803141577866 0.59221021928295725
p 0.33646606827248809 1.117504165721066 0.55336069248228958
p 0.11284815644888724 1.1335024586752076 0.50878438686506633
p -0.10850751107782841 1.1061271865998028 0.45875376242454391
p -0.31931990637199992 1.0370362713424466 0.40364657847011887
p -0.51191050565944807 0.92935049478675924 0.34394767977587337
p -0.67943697137819248 0.78747175670996483 0.28024119498175676
p -0.81605835128252191 0.61689775742062092 0.2132058812270215
p -0.91708795161705459 0.42401074667581118 0.14359874456077587
p -0.97909728945570373 0.21587265264842662 0.072241612801987223
p -0.99999999999999833 -6.0111886457041137e-08 2.0000408562988325e-08
L open 0 1
p -0.99999999999999145 1.3920478826346518e-07 -4.6363759387268999e-08
p -0.97909474273008568 0.21588568403700159 -0.072246009681099663
p -0.91708087492724022 0.42402817744549903 -0.14360484227846201
p -0.81604247804571417 0.61692203776353616 -0.21321497253934138
p -0.67941796477875505 0.78749129162476339 -0.28024933341635777
p -0.51188988954793935 0.92936479475144984 -0.34395471550621254
p -0.31929896317049561 1.0370454592766889 -0.40365251225727211
p -0.10848711634974728 1.1061317484144422 -0.45875870048070333
p 0.11286662263929133 1.1335029399444116 -0.50878829255445879
p 0.33648194894823069 1.1175014577241817 -0.55336368030768379
p 0.55374547861282308 1.0580751455774196 -0.5922125189484535
p 0.75601828359796486 0.95688148551266938 -0.6251586344798219
p 0.93500045970335521 0.81732974240881784 -0.65210929101821025
p 1.0831169844182376 0.64454604167880991 -0.67303528158953974
p 1.1939386865955315 0.44520101318111638 -0.6879504452803199
p 1.2625047505317386 0.22735699644075738 -0.69688086509695291
p 1.2857142857142856 0 -0.69985421222376498
ts_point_zero done 0 0
ts_point_pi done 0 0
ts_empty done 0 0
ts_inside_tube done 0 0
ts_villarceau_flat done 4 0
L open 0 1
p 2.9999999999999987 0 5.216203350418694e-08
p 2.9615606684438465 0.33794940933700163 0.19511518623095914
p 2.8477114439506876 0.66292671869664499 0.3827409175224184
p 2.6628620533555503 0.96237587344705022 0.5556279704133833
p 2.4140544167265214 1.2248826795162715 0.70718634572736694
p 2.1109441264987043 1.4402612089472375 0.83153519668905396
p 1.7650645114202657 1.6003147248312193 0.92394213716943763
p 1.3898255665847183 1.6988310766840646 0.9808205794312338
p 0.99960985566518812 1.7320507734125548 0.99999998027984993
p 0.60934436515686996 1.6986880589062139 0.98073800807869116
p 0.23422777047765847 1.6000608073199591 0.92379553782594681
p -0.11147039335449722 1.4399566493196245 0.83135935910607783
p -0.41444896120744551 1.2245410045487479 0.70698907860995441
p -0.66310259080123057 0.96206407515509196 0.55544795276846037
p -0.84783465808673419 0.6626690932542294 0.38259217937060774
p -0.96158930225754591 0.33782473228676518 0.19504320014160048
p -0.99999999999999822 7.3566268754883668e-08 4.2683682932927307e-08
L open 0 1
p -0.99999999999999034 -1.6825228787986646e-07 9.7122296549907728e-08
p -0.96158925847479559 -0.33782492238046458 0.19504330987385049
p -0.84783432826569693 -0.66266977969150165 0.38259257568884908
p -0.66310098014055208 -0.96206614839505722 0.55544914975411253
p -0.41443778479784749 -1.2245506929605758 0.70699467221713075
p -0.1114501964617936 -1.4399683375100518 0.83136610728596727
p 0.23425938411659991 -1.6000721550504868 0.92380208944122133
p 0.6093784494218959 -1.6986939374301666 0.98074140204609328
p 0.99963816393951688 -1.7320507784733374 0.99999998320168082
p 1.3898534321111609 -1.6988262807615837 0.98081781050411221
p 1.7650848623791748 -1.6003074274929583 0.92393792404921637
p 2.1109595477714138 -1.4402522877192772 0.83153004601569802
p 2.4140641934478033 -1.2248742128093344 0.70718145774951446
p 2.6628681508537069 -0.96236797265841556 0.55562340876781235
p 2.8477147104556986 -0.66291988978545979 0.38273697487306085
p 2.9615612988073963 -0.33794666471197149 0.19511360174249703
p 2.9999999999999987 0 5.3815084541386478e-08
L open 0 1
p -0.99999999999999822 7.3566268754883668e-08 4.2683682921484944e-08
p -0.96157534050772775 0.33788553906339203 -0.19507830693374281
p -0.84776459402198667 0.66281558804014318 -0.38267675817829394
p -0.66294544427649815 0.9622678108839039 -0.55556557964633402
p -0.41422262382303876 1.2247369828073338 -0.70710222671030443
p -0.11115083896115542 1.4401415449204531 -0.83146610863098702
p 0.2346189304351842 1.6002011947695982 -0.92387659055778804
p 0.60980057493591644 1.6987666882202113 -0.98078340473430814
p 0.99997852171494228 1.7320507970980215 -0.99999999395464856
p 1.3901581886550736 1.6987738288581307 -0.98078752738353281
p 1.7653449128678917 1.6002141641853393 -0.92388407845345821
p 2.1111287639716414 1.4401543842312146 -0.83147352141050956
p 2.4142101311598934 1.2247478416336197 -0.70710849605658466
p 2.662936769003033 0.96227908397491668 -0.55557208816846426
p 2.8477567778005199 0.66283192945589486 -0.38268619319581637
p 2.9615699965611437 0.33790880448948518 -0.19509173917240613
p 2.9999999999999996 0 -2.6637561711950752e-08
L open 0 1
p 2.9999999999999996 0 -2.6640823103107891e-08
p 2.9615574610052993 -0.33796337243473373 -0.19512324599406752
p 2.8476990309715844 -0.66295266568931832 -0.38275589899376422
p 2.6628348011989651 -0.96241118907182632 -0.5556483594845637
p 2.4140080209032928 -1.2249228489628292 -0.7072095371184246
p 2.1108755172715421 -1.4403008981171703 -0.83155811124200774
p 1.764965639003546 -1.6003501731944338 -0.92396260329147029
p 1.3896981157423045 -1.6988530074000996 -0.98083324113605275
p 0.99945876080819185 -1.7320507427124738 -0.9999999625551379
p 0.60917193839495332 -1.6986583117291243 -0.98072083353800465
p 0.23408201726733552 -1.6000085101590602 -0.92376534404602584
p -0.1115419669599509 -1.439915219461078 -0.83133543956609246
p -0.41448755434038481 -1.2245075407692907 -0.70696975828787645
p -0.66310024639887077 -0.96206713713774661 -0.55544972060497111
p -0.84783279972671965 -0.66267296232944151 -0.38259441318394583
p -0.96158913853664751 -0.33782544588311031 -0.19504361211728846
p -0.99999999999999367 -1.388842754135311e-07 -8.0150108661136699e-08
ts_villarceau done 6 0
L open 0 1
p 1.5000000000000007 2.598076211353316 0
p 1.2545702896266089 2.7116798970421727 0.1555094144433917
p 0.9907445814378425 2.7803827543260149 0.30725507511124073
p 0.71502293229671832 2.8024947975173631 0.45149909672622318
p 0.43406689466174303 2.7774931244127679 0.58475975419515835
p 0.15466760882001715 2.7059693794034261 0.70381227039871164
p -0.11627576787029804 2.589691191525223 0.80571733720769412
p -0.37225176885750871 2.4314593928292916 0.88802775191557137
p -0.60701973851768609 2.2351176088839493 0.94873274583865375
p -0.81481247773904342 2.0054967977713889 0.98634329689564226
p -0.99062082513231364 1.7481457482867382 0.99995662174418343
p -1.1301819640758155 1.4692820362373367 0.98923617160645883
p -1.2300465244570593 1.1758074475440965 0.95444963540590488
p -1.2878105652092777 0.87490235125160842 0.89646783660951535
p -1.3021118254944848 0.57378109091815954 0.81669224639600069
p -1.2726025322592334 0.2797644488670194 0.71706230614096977
p -1.2000000997276496 2.8544848180687025e-07 0.6000001329702217
L open 0 1
p 1.5000000000000004 -2.598076211353316 0
p 1.254570285281754 -2.7116798985976223 0.15550941706484406
p 0.99074457223235946 -2.7803827558753218 0.30725508016122272
p 0.7150229180506168 -2.8024947974434107 0.45149910382793212
p 0.43406687554067913 -2.7774931211193072 0.58475976280494335
p 0.15466758534262021 -2.7059693713914661 0.70381227982456118
p -0.11627579483231325 -2.5896911774790508 0.80571734663392136
p -0.3722517981664869 -2.4314593716531432 0.88802776045703669
p -0.60701976872119634 -2.2351175798125151 0.94873275254820399
p -0.81481250719099874 -2.0054967603830476 0.98634330082854182
p -0.99062085203802075 -1.7481457025408436 0.99995662199132695
p -1.1301819865470131 -1.4692819825183165 0.98923616733471875
p -1.2300465410886132 -1.1758073845159354 0.95444962552701906
p -1.2878105773585193 -0.87490225094599416 0.89646781372839945
p -1.3021118242216119 -0.57378101389602865 0.81669222352519011
p -1.2726025239761771 -0.27976440385240092 0.71706228905768399
p -1.2000001000505411 -2.8489305980983204e-07 0.6000001334007431
L open 0 1
p 1.5000000000000002 -2.598076211353316 0
p 1.6422034088314961 -2.5048557041289015 -0.098012146885753854
p 1.7734246975871646 -2.3958385512476372 -0.19509333254473057
p 1.8923739267253548 -2.2720931599742165 -0.29029016459516727
p 1.9979062956916682 -2.1348156906004117 -0.38268494102664147
p 2.0890140838513092 -1.9853205579123439 -0.47139436265645968
p 2.1648246191736904 -1.8250360096452367 -0.55556979386212757
p 2.2246042746692689 -1.6555047819256397 -0.63439907158989572
p 2.2677684925786412 -1.4783898317011508 -0.70710986263938913
p 2.2939085109203741 -1.2953845511115947 -0.77300894581601209
p 2.3027746822185127 -1.1082182262713403 -0.83147229547995127
p 2.2942775529215993 -0.91873028949309621 -0.88192418648504478
p 2.2685023799381585 -0.72874759170016612 -0.92387988084939154
p 2.225697163451295 -0.54008577040568073 -0.95693924926104856
p 2.1662691529590785 -0.35454924083782546 -0.98078502666018719
p 2.0907887938900465 -0.17392926757445276 -0.99518534221799559
p 2 0 -1
L open 0 1
p 1.5000000000000011 2.5980762113533156 0
p 1.6422034088314623 2.5048557041289241 -0.098012146885730109
p 1.7734246975871071 2.395838551247691 -0.19509333254468669
p 1.8923739267252722 2.2720931599743133 -0.29029016459509788
p 1.9979062956915667 2.1348156906005555 -0.38268494102654882
p 2.0890140838512039 1.9853205579125348 -0.47139436265635176
p 2.1648246191735936 1.8250360096454772 -0.55556979386200955
p 2.224604274669185 1.6555047819259407 -0.63439907158976672
p 2.2677684925785728 1.4783898317015083 -0.70710986263925191
p 2.2939085109203399 1.2953845511119084 -0.77300894581590107
p 2.3027746822185131 1.1082182262716234 -0.83147229547987034
p 2.2942775529216233 0.91873028949335056 -0.88192418648498583
p 2.2685023799381923 0.72874759170035053 -0.9238798808493538
p 2.225697163451331 0.54008577040580608 -0.95693924926102825
p 2.1662691529591145 0.35454924083793177 -0.98078502666017719
p 2.0907887938900691 0.17392926757449914 -0.99518534221799271
p 2 0 -1
L open 0 1
p -1.1999999097045642 2.6047873324744773e-07 0.59999987960610435
p -1.1009712004136718 0.230666997484689 0.48389777366435155
p -0.97132513074563531 0.44036307626376769 0.35854069505968961
p -0.81354702338601004 0.62507102274797544 0.22633105007238108
p -0.63064172830197085 0.78127160258276207 0.089787179117090679
p -0.42612437315713647 0.90596346449480314 -0.048466938472453494
p -0.20388158451276067 0.99677565755453823 -0.18580355484900957
p 0.031812105099628805 1.0519600481681772 -0.31958076104312727
p 0.27646053500892265 1.0704662780283936 -0.44724726439351853
p 0.52539343346456158 1.0519385104447156 -0.5663652078203768
p 0.77380769442222253 0.99673953813361427 -0.67463776753780391
p 1.0169819880273954 0.90592688196450355 -0.77000955859785969
p 1.2502721962092365 0.7812359743488333 -0.85065949815007758
p 1.4692275684615537 0.62504294415443795 -0.91504814026209813
p 1.6696516289119165 0.44033809294944343 -0.96194047270536132
p 1.8477102120666387 0.2306546197199629 -0.99043935942589367
p 2 0 -1
L open 0 1
p 1.9999999868142948 0 -0.99999999999999989
p 1.8477278288976937 -0.23063111188319063 -0.99044138167981255
p 1.6696821424431909 -0.44030631244911728 -0.96194655521909578
p 1.4692887467516262 -0.62499320062421437 -0.91506436960663318
p 1.2503577451234917 -0.7811828520276779 -0.85068693764193815
p 1.0170727606167327 -0.9058858118509312 -0.77004308881653849
p 0.77394039312354046 -0.99670011796216018 -0.67469273726516188
p 0.52557158462050624 -1.0519121004930734 -0.5664466595020039
p 0.27671672613980086 -1.0704662396482458 -0.44737534887956015
p 0.032125582366146814 -1.0520081162228976 -0.31975137572855455
p -0.20359729989301242 -0.9968662423115584 -0.18597184673847816
p -0.42592506323030177 -0.9060641145409275 -0.048595648588352303
p -0.6304992442172348 -0.78137492127205899 0.089686111526573312
p -0.81343068195712465 -0.62518741311865378 0.22623928036167978
p -0.97125913603465208 -0.4404536428400132 0.35848155338191173
p -1.1009607237520884 -0.23068715553877467 0.48388671620917145
p -1.1999999375742241 -1.7885557213048742e-07 0.5999999167656408
ts_meridian done 4 0
L open 0 1.570796326671122
p 3 -7.3478807948841168e-16 0
p 2.9951847247217689 -7.3360867719711197e-16 0.098017142441625502
p 2.9807852790295244 -7.3008183018181133e-16 0.19509032340047611
p 2.9569403366054599 -7.2424150369871471e-16 0.2902846762443631
p 2.9238795340821602 -7.1614394250123419e-16 0.38268343073910221
p 2.8819212646632404 -7.0586713043290576e-16 0.47139673658804193
p 2.8314696111263666 -6.9351003922978096e-16 0.5555702342666079
p 2.7730104520606815 -6.7919167482365369e-16 0.63439328542137308
p 2.7071067811771803 -6.6304993090374569e-16 0.70710678108965808
p 2.6343932855170533 -6.4524026096074784e-16 0.7730104519821599
p 2.5555702343695215 -6.2593418150337732e-16 0.83146961105760009
p 2.4713967366972014 -6.0531762060388838e-16 0.88192126460489317
p 2.3826834308534548 -5.8358912739522334e-16 0.92387953403479395
p 2.2902846763628069 -5.6095795960878881e-16 0.95694033656953104
p 2.1950903235218724 -5.3764206770807786e-16 0.98078527900537793
p 2.0980171425648049 -5.1386599563965303e-16 0.99518472470963715
p 2.0000000001237765 -4.8985871968925711e-16 1
L open 1.5231964381041421 2.4468549299818396
p 2.0475819158237423 -5.0151292784111036e-16 0.99886733918300807
p 1.9898714047090904 -4.8737792929836721e-16 0.9999487032759643
p 1.9321946389084446 -4.7325119597378058e-16 0.99769856607159235
p 1.8747437800207765 -4.5917979388477091e-16 0.9921244256107552
p 1.8177102349466705 -4.4521060420096474e-16 0.98324485271679785
p 1.7612840197240605 -4.3139016742889101e-16 0.97108943035137218
p 1.7056531272186144 -4.1776452854078988e-16 0.95569865569715584
p 1.6510029010469502 -4.0437908363002845e-16 0.93712380547780882
p 1.5975154180284661 -3.9127842865542145e-16 0.91542676511403764
p 1.5453688813791437 -3.7850621081657887e-16 0.89067982240314536
p 1.4947370267782909 -3.6610498308221313e-16 0.86296542649795982
p 1.4457885433567703 -3.5411606237315668e-16 0.83237591304955316
p 1.3986865115728464 -3.4257939188165276e-16 0.79901319646666957
p 1.3535878598593889 -3.3153340798830334e-16 0.76298843033330754
p 1.3106428418437384 -3.21014912217865e-16 0.72442163711439878
p 1.2699945358591593 -3.1105894865490968e-16 0.68344130836805916
p 1.2317783683843539 -3.0169868722016973e-16 0.64018397677138716
L open 2.4468549299818396 4.7123889803846897
p 1.2317783683843539 -3.0169868722016973e-16 0.64018397677138716
p 1.1491218857373759 -2.8145368783968961e-16 0.52536314544075291
p 1.0834965080001229 -2.65380106081937e-16 0.40002668806378705
p 1.0362157923820083 -2.5379967067331296e-16 0.26668333397359734
p 1.0082261012077425 -2.469441735321756e-16 0.12800206855538143
p 1.0000876702333585 -2.4495083284360332e-16 -0.013241280906037572
p 1.0119634044816019 -2.478595488305305e-16 -0.15421959225316331
p 1.0436155924636934 -2.5561209897018626e-16 -0.29211105204754911
p 1.0944106949526238 -2.680533109052722e-16 -0.42415564548377982
p 1.1633319997896048 -2.8493416197760582e-16 -0.54771037669997313
p 1.2489999789356263 -3.0591676526772528e-16 -0.66030217937397206
p 1.3496999102681684 -3.305811349838765e-16 -0.75967742684594597
p 1.463416196761598 -3.5843359223689688e-16 -0.8438470368622788
p 1.5878727023371648 -3.8891664447413327e-16 -0.91112627672198776
p 1.7205783103159942 -4.2142014408216879e-16 -0.96016848529333909
p 1.8588767970558644 -4.5529350390474967e-16 -0.9899920390546918
p 2 -4.8985871965894138e-16 -1
L open 4.7599888690754444 6.2831853071795862
p 2.0475819158237409 -5.0151292784110987e-16 -0.99886733918300741
p 2.1423148398443299 -5.2471580227624704e-16 -0.98982144036036723
p 2.2357589365459871 -5.4760300506122667e-16 -0.97181156725361273
p 2.3270679625849757 -5.6996726635560833e-16 -0.9450008193913273
p 2.4154150118186926 -5.9160605256724535e-16 -0.90963199656649552
p 2.4999999998496834 -6.123233995368595e-16 -0.86602540401205541
p 2.5800569105237798 -6.3193168741819117e-16 -0.814575951114344
p 2.6548607349074334 -6.5025334023727541e-16 -0.75574957331742487
p 2.7237340380650625 -6.6712243428901469e-16 -0.69007901144396455
p 2.7860530937529098 -6.823862007038163e-16 -0.61815898723099871
p 2.8412535319415766 -6.9590640869167277e-16 -0.54064081845163836
p 2.8888354488751311 -7.0756061714566744e-16 -0.45822652156643534
p 2.9283679341703808 -7.1724328346150055e-16 -0.37166245442080559
p 2.9594929742555407 -7.2486671960422521e-16 -0.28173255607761533
p 2.9819286962433127 -7.3036188662800218e-16 -0.18925124544670516
p 2.9954719211289937 -7.3367902002927887e-16 -0.095056044945804066
p 3 -7.3478807948841188e-16 -2.2204460492503131e-16
ts_two_meridians done 2 0
L closed 0 6.2831853071795862
p 3 -7.3478807948841168e-16 0
p 2.9238795340703185 -7.1614394249833394e-16 0.38268343076769051
p 2.7071067811334188 -6.6304993089302733e-16 0.70710678113341907
p 2.3826834307676905 -5.8358912737421706e-16 0.92387953407031875
p 1.9999999999999998 -4.8985871965894128e-16 0.99999999999999956
p 1.617316569232309 -3.9612831194366536e-16 0.92387953407031864
p 1.2928932188665809 -3.1666750842485533e-16 0.70710678113341907
p 1.076120465929681 -2.6357349681954848e-16 0.38268343076769057
p 0.99999999999999789 -2.4492935982946961e-16 6.5225602696727947e-16
p 1.0761204659296817 -2.6357349681954857e-16 -0.3826834307676904
p 1.2928932188665807 -3.1666750842485533e-16 -0.70710678113341885
p 1.6173165692323099 -3.9612831194366541e-16 -0.92387953407031886
p 1.9999999999999918 -4.8985871965893941e-16 -0.99999999999999778
p 2.3826834307676923 -5.8358912737421765e-16 -0.92387953407031875
p 2.7071067811334193 -6.6304993089302724e-16 -0.70710678113341907
p 2.9238795340703208 -7.1614394249833424e-16 -0.3826834307676914
p 3.0000000000000004 -7.3478807948841188e-16 -2.2204460492503131e-16
L closed 0 1
p 2.2602739726027399 1.9726027397260277 0
p 2.202922925485975 1.9225509167877595 0.38268341098655956
p 2.039601015171657 1.7800154314225363 0.7071067604179877
p 1.7951702307105257 1.5666940195291879 0.92388072861814741
p 1.5068436836611192 1.3150635784678859 0.99999999917266491
p 1.2185238876714704 1.0634390292405556 0.92387825094325715
p 0.97409755237952311 0.85012150025849254 0.70710667734953736
p 0.81077567077333557 0.70758603994763836 0.3826833024316233
p 0.7534246575342517 0.6575342465753472 -1.1747784717590284e-07
p 0.8107757385291493 0.70758609907998482 -0.3826835195429294
p 0.97409767755280019 0.85012160950062576 -0.70710684348862463
p 1.2185262380955881 1.0634410805197865 -0.92387954176367781
p 1.5068493593239445 1.3150685317736248 -0.99999999999999833
p 1.7951724738299368 1.5666959771606732 -0.92387949679843739
p 2.0396010151707387 1.7800154314217356 -0.70710676041920484
p 2.2029229254857259 1.922550916787543 -0.38268341098735736
p 2.2602739726027399 1.9726027397260273 0
ts_near_figure done 2 0
L open 0 1
p 2.999989509580701 0.0079336250067996161 0
p 2.8289470105670804 0.93232723009254503 0.20567815895961861
p 2.2830947831264203 1.8049480426563789 0.4137552268809907
p 1.4413361084782683 2.406557614723523 0.59304634652489185
p 0.42837664000566722 2.6440716614302295 0.73455570268343373
p -0.60328585170200388 2.4771875798236844 0.83543413540394751
p -1.4946572753291154 1.9263095365292937 0.89889253863544971
p -2.1043723531717258 1.0725890685093113 0.93219566175063096
p -2.3328902415125974 0.048292418783809243 0.94278899397205584
p -2.1421602349116924 -0.98371176302730146 0.93401596088375705
p -1.5639720195484959 -1.8591624823553301 0.90306457103517257
p -0.69293647119961455 -2.441973313103341 0.84269946900377091
p 0.33241242935418869 -2.6457524746118644 0.74545776765275806
p 1.3536805029454577 -2.4444153284998862 0.60764158305829497
p 2.2168258702508465 -1.8729372340588508 0.43151750823907564
p 2.793828121432806 -1.020082107121963 0.22555763150373165
p 2.999989509580701 -0.0079336250068005043 0
L open 0 1
p 2.999989509580701 -0.0079336250068005043 0
p 2.8289470048974499 -0.93232724503164133 -0.20567816233164282
p 2.2830947617564905 -1.8049480653801511 -0.41375523275853077
p 1.4413360660326129 -2.4065576339605648 -0.59304635372835479
p 0.42837657788704364 -2.6440716636282451 -0.73455570985622087
p -0.60328592456585073 -2.4771875527044833 -0.83543414139563521
p -1.4946573435083845 -1.9263094728408185 -0.89889254278973441
p -2.1043723975612627 -1.0725889692001747 -0.93219566390509245
p -2.332890243797709 -0.048292294593921349 -0.94278899407306416
p -2.1421601826554806 0.98371189247442126 -0.9340159583854698
p -1.5639719102730627 1.8591625921302175 -0.90306456453863826
p -0.69293631413338908 2.4419733780809998 -0.8426994564604533
p 0.33241261405179168 2.6457524746751622 -0.74545774700928003
p 1.3536806870018478 2.444415252871567 -0.60764155298717981
p 2.2168260216336231 1.8729370842015787 -0.43151746868012769
p 2.7938282095907101 1.0200818978027151 -0.22555758390720101
p 2.999989509580701 0.0079336250067996161 0
ts_near_point done 1 0
L open 0 1
p 1.000000408717824 0 0.00090412138621404786
p 1.0000003233142456 -0.00040889338323912242 0.00089187131166275314
p 1.0000001347685823 -0.00069647686237712329 0.00086511322721370232
p 0.99999986605698388 -0.00097110356514048157 0.00082589551013584968
p 0.9999994832919239 -0.0012716949682908486 0.00076594689598253327
p 0.99999895186537624 -0.001597988963916942 0.00067316824497833463
p 0.99999828821640757 -0.0019267417165336595 0.00053551422756719063
p 0.99999760722318487 -0.0022138833109884072 0.00034226492912175669
p 0.99999716521939763 -0.0023826271911746503 8.2687373814021027e-05
p 0.99999734490030601 -0.0023153484583853874 -0.0002282214504126276
p 0.99999799300402237 -0.002055949292149657 -0.00046184360649771785
p 0.99999870977260652 -0.0017251647670308982 -0.00062603511323415159
p 0.99999931956040378 -0.0013797151723709416 -0.00073895632445160982
p 0.99999978127066846 -0.0010446111569865268 -0.00081351119574326833
p 1.0000001109276844 -0.00072647982586279193 -0.00086127439768511626
p 1.0000003256061507 -0.00040465048008378848 -0.0008913442370782022
p 1.000000408717824 0 -0.00090412138621380283
ts_near_villarceau done 4 0
L open 0 1
p 1.5000019073484054 2.5980751101442672 0
p 0.3027817082236901 2.7497534338453349 0.64239560280830177
p -0.80232176033046965 2.0212092105817745 0.98463445617257639
p -1.2988585356526152 0.75292900071513524 0.86678115228003505
p -1.1502632176370926 0.12736024629012402 0.53837179942339453
p -0.99543737627422013 0.40635702356339348 0.38041582215369574
p -0.79322363740292068 0.64503491634961585 0.21040790818114569
p -0.55002756280131737 0.83582783903699842 0.033732383430506316
p -0.27355506580399003 0.97268933951935632 -0.14401258453137733
p 0.02743187698894501 1.0512814295622999 -0.31719380737165348
p 0.34339470475203032 1.0691132573083661 -0.48032298900345538
p 0.66431957360126481 1.0256198874155498 -0.62823014879687866
p 0.98003758965571608 0.92217945005183688 -0.75622870338871384
p 1.2805431768687405 0.76206975698386159 -0.86026214947459756
p 1.5563112524004903 0.55036583580260734 -0.93703316123454106
p 1.7986026991670057 0.29377527591242469 -0.98410938417699445
p 1.9984052807173993 0 -0.99999872843439619
L open 0 1
p 1.5000019073484052 -2.5980751101442672 0
p 0.30278175085871845 -2.7497534445272351 0.64239558457439294
p -0.80232170101362421 -2.0212092845366958 0.98463444786312548
p -1.2988585271770672 -0.75292913869404021 0.86678118787352032
p -1.1502632329916127 -0.12736021112342333 0.53837181725384609
p -0.99543739579840806 -0.40635699525485391 0.38041584008788132
p -0.79322365954353291 -0.64503489500128497 0.21040792541422598
p -0.55002758604774682 -0.83582782437995951 0.033732399284865648
p -0.2735550887624657 -0.97268933095340837 -0.14401257057934863
p 0.027431855530009569 -1.0512814262084476 -0.31719379567400097
p 0.3433946857683966 -1.0691132580732587 -0.48032297973243371
p 0.66431955779238838 -1.025619891064153 -0.62823014194569216
p 0.98003757741974962 -0.92217945528498069 -0.75622869878139864
p 1.2805431682931152 -0.76206976251688197 -0.86026214678401802
p 1.5563112472687073 -0.55036584044141612 -0.93703316000773984
p 1.798602696980806 -0.2937752786237679 -0.98410938386655644
p 1.9984052807173993 0 -0.99999872843439619
L open 0 1
p 2.0015947192826005 0 -0.99999872843439641
p 2.0911162860221566 -0.17460094266443688 -0.99514764481221607
p 2.1665091758135415 -0.35518420051798194 -0.98071742889126323
p 2.2258642695404092 -0.54068298594342989 -0.95684718065475727
p 2.2686077168466343 -0.72931302153320143 -0.92376665739133468
p 2.2943275599542745 -0.91925886560955294 -0.88179427532905774
p 2.302776045083089 -1.1086922409801117 -0.8313340433655525
p 2.2938717678011731 -1.2957897553113531 -0.77287167350030006
p 2.2677003956015587 -1.4787504840748642 -0.70696990474037591
p 2.224513818026979 -1.655813327733221 -0.63426308038025014
p 2.1647269193526317 -1.8252758316476898 -0.55545010665115924
p 2.0889158759893856 -1.9855043537223158 -0.4712906684785832
p 1.9978098647437517 -2.1349573067824736 -0.38259437556195625
p 1.8922865942089417 -2.2721952532068643 -0.29021561434398024
p 1.7733611644514118 -2.395898007978666 -0.19504304108665582
p 1.642178848780304 -2.5048740775813987 -0.097993248251608947
p 1.5000019073484052 -2.5980751101442672 0
L open 0 1
p 1.5000019073484057 2.5980751101442667 0
p 1.642194394002477 2.504862604547081 -0.09800433283954324
p 1.7733896777377487 2.3958714454331029 -0.19506496566480719
p 1.8923248656198053 2.2721508080323538 -0.29024758024566893
p 1.9978547694072741 2.1348919034821536 -0.3826357081812225
p 2.0889631926709797 1.9854164940850478 -0.47133968969033674
p 2.1647731327428277 1.825163513510341 -0.55550563672194608
p 2.224554454522683 1.6556765619922948 -0.6343228794233986
p 2.2677319016803907 1.4785869014290633 -0.70703287991465935
p 2.2938897843299131 1.2955995748383609 -0.77293558199269596
p 2.3027762950884907 1.108476342504839 -0.83139649266058779
p 2.2943059261446015 0.91901881322683532 -0.88185275522562467
p 2.2685603193238535 0.72905102285243073 -0.92381859055129179
p 2.2257875368297637 0.54040188037689152 -0.95688996138359195
p 2.1663999174878468 0.35488743647268006 -0.98074846548990224
p 2.0909717690411793 0.17429253540055753 -0.99516440462060896
p 2.0015947192826005 0 -0.99999872843439641
ts_coaxial_two done 2 0
L closed 1.5707963267948963 7.8539816339744828
p 1.75 -4.9573465354419824e-16 0.96824583655185426
p 1.616789181894752 0.6696960066389066 0.96824583655185426
p 1.2374368670764582 1.2374368670764579 0.96824583655185426
p 0.66969600663890794 1.6167891818947515 0.96824583655185426
p 2.1431318985078681e-16 1.75 0.96824583655185426
p -0.66969600663890616 1.6167891818947522 0.96824583655185426
p -1.2374368670764579 1.2374368670764584 0.96824583655185426
p -1.6167891818947515 0.66969600663890805 0.96824583655185426
p -1.75 3.2146978477618021e-16 0.96824583655185426
p -1.6167891818947522 -0.66969600663890605 0.96824583655185426
p -1.2374368670764584 -1.2374368670764579 0.96824583655185426
p -0.66969600663890816 -1.6167891818947515 0.96824583655185426
p -4.2862637970157361e-16 -1.75 0.96824583655185426
p 0.66969600663890738 -1.6167891818947515 0.96824583655185426
p 1.2374368670764579 -1.2374368670764584 0.96824583655185426
p 1.6167891818947515 -0.66969600663890827 0.96824583655185426
p 1.75 -5.3578297462696706e-16 0.96824583655185426
L closed 1.5707963267948963 7.8539816339744828
p 1.75 -4.9573465354419824e-16 -0.96824583655185426
p 1.616789181894752 0.6696960066389066 -0.96824583655185426
p 1.2374368670764582 1.2374368670764579 -0.96824583655185426
p 0.66969600663890794 1.6167891818947515 -0.96824583655185426
p 2.1431318985078681e-16 1.75 -0.96824583655185426
p -0.66969600663890616 1.6167891818947522 -0.96824583655185426
p -1.2374368670764579 1.2374368670764584 -0.96824583655185426
p -1.6167891818947515 0.66969600663890805 -0.96824583655185426
p -1.75 3.2146978477618021e-16 -0.96824583655185426
p -1.6167891818947522 -0.66969600663890605 -0.96824583655185426
p -1.2374368670764584 -1.2374368670764579 -0.96824583655185426
p -0.66969600663890816 -1.6167891818947515 -0.96824583655185426
p -4.2862637970157361e-16 -1.75 -0.96824583655185426
p 0.66969600663890738 -1.6167891818947515 -0.96824583655185426
p 1.2374368670764579 -1.2374368670764584 -0.96824583655185426
p 1.6167891818947515 -0.66969600663890827 -0.96824583655185426
p 1.75 -5.3578297462696706e-16 -0.96824583655185426
ts_coaxial_inner done 1 0
L closed 1.5707963267948963 7.8539816339744828
p 1 -2.8327694488239898e-16 0
p 0.92387953251128685 0.3826834323650895 0
p 0.70710678118654757 0.70710678118654746 0
p 0.38268343236509028 0.92387953251128652 0
p 1.2246467991473532e-16 1 0
p -0.38268343236508923 0.92387953251128696 0
p -0.70710678118654746 0.70710678118654768 0
p -0.92387953251128652 0.38268343236509034 0
p -1 1.8369701987210297e-16 0
p -0.92387953251128696 -0.38268343236508917 0
p -0.70710678118654768 -0.70710678118654735 0
p -0.38268343236509039 -0.92387953251128652 0
p -2.4492935982947064e-16 -1 0
p 0.38268343236508995 -0.92387953251128663 0
p 0.70710678118654735 -0.70710678118654768 0
p 0.92387953251128652 -0.38268343236509045 0
p 1 -3.0616169978683831e-16 0
ts_coaxial_outer done 1 0
L closed 1.5707963267948963 7.8539816339744828
p 3 -8.4983083464719694e-16 0
p 2.7716385975338604 1.1480502970952684 0
p 2.1213203435596428 2.1213203435596424 0
p 1.1480502970952708 2.7716385975338595 0
p 3.6739403974420594e-16 3 0
p -1.1480502970952677 2.7716385975338609 0
p -2.1213203435596424 2.1213203435596428 0
p -2.7716385975338595 1.1480502970952711 0
p -3 5.5109105961630896e-16 0
p -2.7716385975338609 -1.1480502970952675 0
p -2.1213203435596428 -2.1213203435596419 0
p -1.1480502970952711 -2.7716385975338595 0
p -7.3478807948841188e-16 -3 0
p 1.1480502970952697 -2.77163859753386 0
p 2.1213203435596419 -2.1213203435596428 0
p 2.7716385975338595 -1.1480502970952713 0
p 3 -9.1848509936051499e-16 0
ts_coaxial_miss done 0 0
ts_coaxial_above done 2 0
L closed 1.5707963267948963 7.8539816339744828
p 2 -5.6655388976479796e-16 1
p 1.8477590650225737 0.76536686473017901 1
p 1.4142135623730951 1.4142135623730949 1
p 0.76536686473018056 1.847759065022573 1
p 2.4492935982947064e-16 2 1
p -0.76536686473017845 1.8477590650225739 1
p -1.4142135623730949 1.4142135623730954 1
p -1.847759065022573 0.76536686473018067 1
p -2 3.6739403974420594e-16 1
p -1.8477590650225739 -0.76536686473017834 1
p -1.4142135623730954 -1.4142135623730947 1
p -0.76536686473018078 -1.847759065022573 1
p -4.8985871965894128e-16 -2 1
p 0.7653668647301799 -1.8477590650225733 1
p 1.4142135623730947 -1.4142135623730954 1
p 1.847759065022573 -0.7653668647301809 1
p 2 -6.1232339957367663e-16 1
L closed 1.5707963267948963 7.8539816339744828
p 1.1999999999999997 -3.3993233385887869e-16 -0.59999999999999998
p 1.1086554390135439 0.45922011883810732 -0.59999999999999998
p 0.84852813742385691 0.8485281374238568 -0.59999999999999998
p 0.45922011883810826 1.1086554390135435 -0.59999999999999998
p 1.4695761589768236e-16 1.1999999999999997 -0.59999999999999998
p -0.45922011883810698 1.1086554390135441 -0.59999999999999998
p -0.8485281374238568 0.84852813742385702 -0.59999999999999998
p -1.1086554390135435 0.45922011883810832 -0.59999999999999998
p -1.1999999999999997 2.2043642384652351e-16 -0.59999999999999998
p -1.1086554390135441 -0.45922011883810693 -0.59999999999999998
p -0.84852813742385702 -0.84852813742385669 -0.59999999999999998
p -0.45922011883810837 -1.1086554390135435 -0.59999999999999998
p -2.9391523179536471e-16 -1.1999999999999997 -0.59999999999999998
p 0.45922011883810782 -1.1086554390135437 -0.59999999999999998
p 0.84852813742385669 -0.84852813742385702 -0.59999999999999998
p 1.1086554390135435 -0.45922011883810843 -0.59999999999999998
p 1.1999999999999997 -3.6739403974420589e-16 -0.59999999999999998
ts_tilted done 4 0
L open 0 1
p 3.4076183536247915 2.3777367072495825 3.503648942999444
p 3.2934516707636625 2.206101559739972 3.7004330693496756
p 3.1323375031705609 2.0464633389595002 3.8729927205256174
p 2.9311089597517532 1.8992435162425962 4.0110033388521797
p 2.6982537029851921 1.7648531331818802 4.1054414734891633
p 2.4442666952399192 1.6430238096586902 4.1481371468178585
p 2.1826697626627758 1.5317343284552207 4.1309700929968871
p 1.9336745026429569 1.4250807918117643 4.0441023202721667
p 1.7391287360650201 1.3093844740745872 3.8742887700860251
p 1.6937893926640402 1.1753085549259714 3.6335831741229052
p 1.8228227045487428 1.0671012197152567 3.4067054275425228
p 2.0276260751538224 1.0158671575838329 3.215839080052882
p 2.2543617000775051 1.0223601316826898 3.0433655094878
p 2.4790484147711322 1.0837041597515695 2.879092119703472
p 2.6859379565997763 1.1960731788724217 2.7184614152340401
p 2.8617507239110833 1.3540746003220756 2.5592725847757554
p 2.9937577931641997 1.5500155863283986 2.400020781771198
L open 0 1
p 3.407618353624791 2.3777367072495834 3.5036489429994444
p 3.411307740086809 2.385218937899594 3.4950108814657956
p 3.414903999040293 2.3927222992076822 3.4863519044629978
p 3.418406791271531 2.4002468114141275 3.4776729910232413
p 3.4218157821733035 2.4077924950827376 3.468975127484085
p 3.4251306417448868 2.4153593711008536 3.4602593074884482
p 3.4283510445920498 2.4229474606793433 3.4515265319846171
p 3.4314766699270547 2.4305567853526067 3.442777809226242
p 3.4345072015686577 2.438187366978573 3.4340141547723371
p 3.4374423279421094 2.4458392277386998 3.4252365914872818
p 3.4402817420791529 2.4535123901379783 3.4164461495408194
p 3.4430251416180258 2.4612068770049271 3.4076438664080575
p 3.4456722288034594 2.4689227114915955 3.3988307868694689
p 3.4482227104866783 2.4766599170735626 3.3900079630108904
p 3.4506762981254004 2.4844185175499378 3.3811764542235228
p 3.4530327077838381 2.4921985370433601 3.3723373272039323
p 3.4552916601326977 2.5 3.3634916559540491
L open 0 1
p 3.4552916601326977 2.5 3.3634916559540495
p 3.4713851325392708 2.7854173867124246 3.0596885592504091
p 3.3634456343118431 3.0920496547389726 2.7987708929711115
p 3.1414199063456008 3.395235937545805 2.6182759929728889
p 2.8293007128777168 3.6543241996023577 2.5206296128147669
p 2.4541792134768703 3.834121462695431 2.4863452852415513
p 2.0440547418005717 3.9113786527059475 2.4939669361231984
p 1.6295074934417244 3.8730359690175247 2.5230225049507711
p 1.2444209932587866 3.7150037372538596 2.5495931987203559
p 0.93008437392082155 3.4427180109329218 2.5346363599020596
p 0.76968621283711725 3.0981359146516536 2.3847265556192054
p 0.89872011013249231 2.892513091254636 2.0602574355142425
p 1.1997475003673319 2.8393362890175919 1.7775243089432116
p 1.5748572182925378 2.8140221100253404 1.5962038140119204
p 1.9832637413133039 2.766708853821346 1.5239965050268809
p 2.3874216836944577 2.6697952402231797 1.560877376935276
p 2.742881006934148 2.5 1.696877669005513
L open 0 1
p 2.742881006934148 2.5 1.696877669005513
p 2.8012129042846796 2.4570958661778586 1.7326337544128438
p 2.8551386870590965 2.4106902978808837 1.770869600629607
p 2.9041654393519103 2.3608159075030284 1.8112558493048678
p 2.9478354442935943 2.307580895093539 1.8534473788888801
p 2.9857397045514489 2.2511866354996535 1.8970906436640989
p 3.0175345707594805 2.1919456146737235 1.941828993390263
p 3.0429728895246173 2.1302669024297383 1.9873278070333338
p 3.0619199509875816 2.0666314374753498 2.0332954238793355
p 3.0743524947973784 2.0015692532332023 2.0794928303426183
p 3.0803489209613004 1.935638225747536 2.1257334823568041
p 3.0800747019294192 1.8693899811418551 2.1718879116726812
p 3.0737584580991757 1.8033351462376914 2.2178869002968322
p 3.0616688391453852 1.7379509512752955 2.2636980944567222
p 3.0440998830315236 1.6736772909627824 2.309314693478643
p 3.0213590634061198 1.6109132963783352 2.3547476856490737
p 2.9937577931641997 1.5500155863283986 2.400020781771198
tx_cylinder_two done 2 0
L closed 1.5707963267948963 7.8539816339744828
p 2.25 -6.3737312598539768e-16 0.4330127018922193
p 2.0787289481503954 0.86103772282145141 0.4330127018922193
p 1.5909902576697321 1.5909902576697319 0.4330127018922193
p 0.86103772282145319 2.0787289481503946 0.4330127018922193
p 2.7554552980815448e-16 2.25 0.4330127018922193
p -0.86103772282145075 2.0787289481503954 0.4330127018922193
p -1.5909902576697319 1.5909902576697323 0.4330127018922193
p -2.0787289481503946 0.8610377228214533 0.4330127018922193
p -2.25 4.1331829471223167e-16 0.4330127018922193
p -2.0787289481503954 -0.86103772282145064 0.4330127018922193
p -1.5909902576697323 -1.5909902576697315 0.4330127018922193
p -0.86103772282145341 -2.0787289481503946 0.4330127018922193
p -5.5109105961630896e-16 -2.25 0.4330127018922193
p 0.86103772282145241 -2.078728948150395 0.4330127018922193
p 1.5909902576697315 -1.5909902576697323 0.4330127018922193
p 2.0787289481503946 -0.86103772282145352 0.4330127018922193
p 2.25 -6.8886382452038619e-16 0.4330127018922193
L closed 1.5707963267948963 7.8539816339744828
p 2.25 -6.3737312598539768e-16 -0.4330127018922193
p 2.0787289481503954 0.86103772282145141 -0.4330127018922193
p 1.5909902576697321 1.5909902576697319 -0.4330127018922193
p 0.86103772282145319 2.0787289481503946 -0.4330127018922193
p 2.7554552980815448e-16 2.25 -0.4330127018922193
p -0.86103772282145075 2.0787289481503954 -0.4330127018922193
p -1.5909902576697319 1.5909902576697323 -0.4330127018922193
p -2.0787289481503946 0.8610377228214533 -0.4330127018922193
p -2.25 4.1331829471223167e-16 -0.4330127018922193
p -2.0787289481503954 -0.86103772282145064 -0.4330127018922193
p -1.5909902576697323 -1.5909902576697315 -0.4330127018922193
p -0.86103772282145341 -2.0787289481503946 -0.4330127018922193
p -5.5109105961630896e-16 -2.25 -0.4330127018922193
p 0.86103772282145241 -2.078728948150395 -0.4330127018922193
p 1.5909902576697315 -1.5909902576697323 -0.4330127018922193
p 2.0787289481503946 -0.86103772282145352 -0.4330127018922193
p 2.25 -6.8886382452038619e-16 -0.4330127018922193
tx_cylinder_outer done 1 0
L closed 1.5707963267948963 7.8539816339744828
p 2.5 -7.081923622059974e-16 0
p 2.309698831278217 0.95670858091272382 0
p 1.7677669529663689 1.7677669529663687 0
p 0.9567085809127257 2.3096988312782161 0
p 3.0616169978683831e-16 2.5 0
p -0.95670858091272304 2.3096988312782174 0
p -1.7677669529663687 1.7677669529663693 0
p -2.3096988312782161 0.95670858091272581 0
p -2.5 4.592425496802574e-16 0
p -2.3096988312782174 -0.95670858091272293 0
p -1.7677669529663693 -1.7677669529663684 0
p -0.95670858091272604 -2.3096988312782161 0
p -6.1232339957367663e-16 -2.5 0
p 0.95670858091272493 -2.3096988312782165 0
p 1.7677669529663684 -1.7677669529663693 0
p 2.3096988312782161 -0.95670858091272615 0
p 2.5 -7.6540424946709576e-16 0
tx_cylinder_inner done 1 0
L closed 1.5707963267948966 7.8539816339744828
p 1.5 -9.1848509936051484e-17 0
p 1.38581929876693 0.57402514854763464 0
p 1.0606601717798214 1.0606601717798212 0
p 0.57402514854763487 1.38581929876693 0
p 1.8369701987210297e-16 1.5 0
p -0.57402514854763453 1.3858192987669302 0
p -1.0606601717798212 1.0606601717798214 0
p -1.3858192987669298 0.57402514854763553 0
p -1.5 2.7554552980815448e-16 0
p -1.38581929876693 -0.57402514854763498 0
p -1.0606601717798214 -1.060660171779821 0
p -0.57402514854763553 -1.3858192987669298 0
p -3.6739403974420594e-16 -1.5 0
p 0.57402514854763487 -1.38581929876693 0
p 1.060660171779821 -1.0606601717798214 0
p 1.3858192987669298 -0.57402514854763564 0
p 1.5 -4.592425496802575e-16 0
tx_cylinder_miss done 0 0
tx_cone_two done 2 0
L closed 1.5707963267948963 7.8539816339744828
p 2.3693332876379967 -6.7117749513026199e-16 0.33703549166595026
p 2.1889785301464229 0.90670459493017042 0.33703549166595026
p 1.6753716345798444 1.6753716345798439 0.33703549166595026
p 0.9067045949301723 2.188978530146422 0.33703549166595026
p 2.9015964268191476e-16 2.3693332876379967 0.33703549166595026
p -0.90670459493016975 2.1889785301464229 0.33703549166595026
p -1.6753716345798439 1.6753716345798446 0.33703549166595026
p -2.188978530146422 0.90670459493017241 0.33703549166595026
p -2.3693332876379967 4.3523946402287211e-16 0.33703549166595026
p -2.1889785301464229 -0.90670459493016964 0.33703549166595026
p -1.6753716345798446 -1.6753716345798437 0.33703549166595026
p -0.90670459493017252 -2.188978530146422 0.33703549166595026
p -5.8031928536382951e-16 -2.3693332876379967 0.33703549166595026
p 0.90670459493017153 -2.188978530146422 0.33703549166595026
p 1.6753716345798437 -1.6753716345798446 0.33703549166595026
p 2.188978530146422 -0.90670459493017264 0.33703549166595026
p 2.3693332876379967 -7.2539910670478697e-16 0.33703549166595026
L closed 1.5707963267948963 7.8539816339744828
p 1.9159460398573098 -5.4274334073030979e-16 -0.4928842985775983
p 1.7701033316202228 0.73320080675889587 -0.4928842985775983
p 1.3547784371706151 1.3547784371706149 -0.4928842985775983
p 0.73320080675889743 1.7701033316202222 -0.4928842985775983
p 2.3463571850503018e-16 1.9159460398573098 -0.4928842985775983
p -0.73320080675889532 1.770103331620223 -0.4928842985775983
p -1.3547784371706149 1.3547784371706153 -0.4928842985775983
p -1.7701033316202222 0.73320080675889754 -0.4928842985775983
p -1.9159460398573098 3.5195357775754521e-16 -0.4928842985775983
p -1.770103331620223 -0.73320080675889532 -0.4928842985775983
p -1.3547784371706153 -1.3547784371706146 -0.4928842985775983
p -0.73320080675889765 -1.7701033316202222 -0.4928842985775983
p -4.6927143701006035e-16 -1.9159460398573098 -0.4928842985775983
p 0.73320080675889676 -1.7701033316202224 -0.4928842985775983
p 1.3547784371706146 -1.3547784371706153 -0.4928842985775983
p 1.7701033316202222 -0.73320080675889776 -0.4928842985775983
p 1.9159460398573098 -5.8658929626257549e-16 -0.4928842985775983
tx_cone_four done 6 0
L closed 1.5707963267948963 7.8539816339744828
p 2.2271420827084984 -6.3089800500868656e-16 0.4454284165416994
p 2.0576109862089411 0.85229037657562223 0.4454284165416994
p 1.5748272693491101 1.5748272693491099 0.4454284165416994
p 0.85229037657562401 2.0576109862089407 0.4454284165416994
p 2.7274624228353325e-16 2.2271420827084984 0.4454284165416994
p -0.85229037657562168 2.0576109862089416 0.4454284165416994
p -1.5748272693491099 1.5748272693491103 0.4454284165416994
p -2.0576109862089407 0.85229037657562412 0.4454284165416994
p -2.2271420827084984 4.0911936342529982e-16 0.4454284165416994
p -2.0576109862089416 -0.85229037657562146 0.4454284165416994
p -1.5748272693491103 -1.5748272693491097 0.4454284165416994
p -0.85229037657562423 -2.0576109862089407 0.4454284165416994
p -5.4549248456706649e-16 -2.2271420827084984 0.4454284165416994
p 0.85229037657562323 -2.0576109862089407 0.4454284165416994
p 1.5748272693491097 -1.5748272693491103 0.4454284165416994
p 2.0576109862089407 -0.85229037657562434 0.4454284165416994
p 2.2271420827084984 -6.8186560570883311e-16 0.4454284165416994
L closed 1.5707963267948963 7.8539816339744828
p 1.619011763445348 -4.5862870607746345e-16 0.32380235268906943
p 1.4957718311421622 0.61956897867472216 0.32380235268906943
p 1.1448141967529963 1.1448141967529961 0.32380235268906943
p 0.61956897867472338 1.4957718311421617 0.32380235268906943
p 1.9827175738852571e-16 1.619011763445348 0.32380235268906943
p -0.61956897867472172 1.4957718311421624 0.32380235268906943
p -1.1448141967529961 1.1448141967529963 0.32380235268906943
p -1.4957718311421617 0.61956897867472349 0.32380235268906943
p -1.619011763445348 2.9740763608278857e-16 0.32380235268906943
p -1.4957718311421624 -0.6195689786747216 0.32380235268906943
p -1.1448141967529963 -1.1448141967529959 0.32380235268906943
p -0.6195689786747236 -1.4957718311421617 0.32380235268906943
p -3.9654351477705143e-16 -1.619011763445348 0.32380235268906943
p 0.61956897867472283 -1.4957718311421619 0.32380235268906943
p 1.1448141967529959 -1.1448141967529963 0.32380235268906943
p 1.4957718311421617 -0.6195689786747236 0.32380235268906943
p 1.619011763445348 -4.9567939347131429e-16 0.32380235268906943
L open 1.5707963267948966 4.7123889803846897
p 1.619011763445348 -9.9135878694262857e-17 -0.32380235268906943
p 1.5879029063868741 0.31585352627845253 -0.32380235268906943
p 1.4957718311421622 0.61956897867472249 -0.32380235268906943
p 1.3461590832651638 0.89947474267880867 -0.32380235268906943
p 1.1448141967529963 1.1448141967529961 -0.32380235268906943
p 0.899474742678809 1.3461590832651638 -0.32380235268906943
p 0.61956897867472271 1.4957718311421622 -0.32380235268906943
p 0.3158535262784532 1.5879029063868741 -0.32380235268906943
p 1.9827175738852571e-16 1.619011763445348 -0.32380235268906943
p -0.31585352627845276 1.5879029063868741 -0.32380235268906943
p -0.61956897867472238 1.4957718311421622 -0.32380235268906943
p -0.89947474267880867 1.346159083265164 -0.32380235268906943
p -1.1448141967529961 1.1448141967529963 -0.32380235268906943
p -1.3461590832651635 0.899474742678809 -0.32380235268906943
p -1.4957718311421617 0.61956897867472349 -0.32380235268906943
p -1.5879029063868741 0.31585352627845326 -0.32380235268906943
p -1.619011763445348 2.9740763608278857e-16 -0.32380235268906943
L open 4.7123889803846897 7.8539816339744828
p -1.619011763445348 2.9740763608278857e-16 -0.32380235268906943
p -1.5879029063868741 -0.3158535262784527 -0.32380235268906943
p -1.4957718311421619 -0.61956897867472294 -0.32380235268906943
p -1.346159083265164 -0.89947474267880856 -0.32380235268906943
p -1.1448141967529963 -1.1448141967529959 -0.32380235268906943
p -0.899474742678809 -1.3461590832651635 -0.32380235268906943
p -0.6195689786747236 -1.4957718311421617 -0.32380235268906943
p -0.31585352627845337 -1.5879029063868741 -0.32380235268906943
p -3.9654351477705143e-16 -1.619011763445348 -0.32380235268906943
p 0.31585352627845259 -1.5879029063868741 -0.32380235268906943
p 0.61956897867472283 -1.4957718311421619 -0.32380235268906943
p 0.89947474267880856 -1.346159083265164 -0.32380235268906943
p 1.1448141967529959 -1.1448141967529963 -0.32380235268906943
p 1.3461590832651635 -0.89947474267880922 -0.32380235268906943
p 1.4957718311421617 -0.6195689786747236 -0.32380235268906943
p 1.5879029063868741 -0.31585352627845348 -0.32380235268906943
p 1.619011763445348 -4.9567939347131429e-16 -0.32380235268906943
L open 1.5707963267948966 4.7123889803846897
p 2.2271420827084984 -1.3637312114176662e-16 -0.4454284165416994
p 2.1843481720870894 0.43449386609127139 -0.4454284165416994
p 2.0576109862089411 0.85229037657562279 -0.4454284165416994
p 1.8518009640523185 1.237333845858122 -0.4454284165416994
p 1.5748272693491101 1.5748272693491099 -0.4454284165416994
p 1.2373338458581227 1.8518009640523185 -0.4454284165416994
p 0.85229037657562312 2.0576109862089411 -0.4454284165416994
p 0.43449386609127227 2.1843481720870894 -0.4454284165416994
p 2.7274624228353325e-16 2.2271420827084984 -0.4454284165416994
p -0.43449386609127172 2.1843481720870894 -0.4454284165416994
p -0.85229037657562257 2.0576109862089411 -0.4454284165416994
p -1.237333845858122 1.8518009640523188 -0.4454284165416994
p -1.5748272693491099 1.5748272693491103 -0.4454284165416994
p -1.8518009640523183 1.2373338458581227 -0.4454284165416994
p -2.0576109862089407 0.85229037657562412 -0.4454284165416994
p -2.184348172087089 0.43449386609127244 -0.4454284165416994
p -2.2271420827084984 4.0911936342529982e-16 -0.4454284165416994
L open 4.7123889803846897 7.8539816339744828
p -2.2271420827084984 4.0911936342529982e-16 -0.4454284165416994
p -2.1843481720870894 -0.43449386609127161 -0.4454284165416994
p -2.0576109862089407 -0.85229037657562334 -0.4454284165416994
p -1.8518009640523188 -1.2373338458581218 -0.4454284165416994
p -1.5748272693491103 -1.5748272693491097 -0.4454284165416994
p -1.2373338458581227 -1.8518009640523183 -0.4454284165416994
p -0.85229037657562423 -2.0576109862089407 -0.4454284165416994
p -0.43449386609127255 -2.184348172087089 -0.4454284165416994
p -5.4549248456706649e-16 -2.2271420827084984 -0.4454284165416994
p 0.4344938660912715 -2.1843481720870894 -0.4454284165416994
p 0.85229037657562323 -2.0576109862089407 -0.4454284165416994
p 1.2373338458581218 -1.8518009640523188 -0.4454284165416994
p 1.5748272693491097 -1.5748272693491103 -0.4454284165416994
p 1.8518009640523183 -1.2373338458581229 -0.4454284165416994
p 2.0576109862089407 -0.85229037657562434 -0.4454284165416994
p 2.184348172087089 -0.43449386609127266 -0.4454284165416994
p 2.2271420827084984 -6.8186560570883311e-16 -0.4454284165416994
tx_cone_reversed done 2 0
L closed 1.5707963267948966 7.8539816339744828
p 1.9159460398573098 -1.1731785925251509e-16 0.4928842985775983
p 1.7701033316202226 0.73320080675889632 0.4928842985775983
p 1.3547784371706151 1.3547784371706149 0.4928842985775983
p 0.73320080675889665 1.7701033316202226 0.4928842985775983
p 2.3463571850503018e-16 1.9159460398573098 0.4928842985775983
p -0.73320080675889621 1.7701033316202228 0.4928842985775983
p -1.3547784371706149 1.3547784371706153 0.4928842985775983
p -1.7701033316202222 0.73320080675889754 0.4928842985775983
p -1.9159460398573098 3.5195357775754521e-16 0.4928842985775983
p -1.7701033316202224 -0.73320080675889687 0.4928842985775983
p -1.3547784371706153 -1.3547784371706146 0.4928842985775983
p -0.73320080675889765 -1.7701033316202222 0.4928842985775983
p -4.6927143701006035e-16 -1.9159460398573098 0.4928842985775983
p 0.73320080675889676 -1.7701033316202224 0.4928842985775983
p 1.3547784371706146 -1.3547784371706153 0.4928842985775983
p 1.7701033316202222 -0.73320080675889776 0.4928842985775983
p 1.9159460398573098 -5.8658929626257549e-16 0.4928842985775983
L closed 1.5707963267948966 7.8539816339744828
p 2.3693332876379967 -1.4507982134095738e-16 -0.33703549166595026
p 2.1889785301464224 0.90670459493017097 -0.33703549166595026
p 1.6753716345798444 1.6753716345798439 -0.33703549166595026
p 0.90670459493017141 2.1889785301464224 -0.33703549166595026
p 2.9015964268191476e-16 2.3693332876379967 -0.33703549166595026
p -0.90670459493017086 2.1889785301464229 -0.33703549166595026
p -1.6753716345798439 1.6753716345798446 -0.33703549166595026
p -2.188978530146422 0.90670459493017241 -0.33703549166595026
p -2.3693332876379967 4.3523946402287211e-16 -0.33703549166595026
p -2.188978530146422 -0.90670459493017164 -0.33703549166595026
p -1.6753716345798446 -1.6753716345798437 -0.33703549166595026
p -0.90670459493017252 -2.188978530146422 -0.33703549166595026
p -5.8031928536382951e-16 -2.3693332876379967 -0.33703549166595026
p 0.90670459493017153 -2.188978530146422 -0.33703549166595026
p 1.6753716345798437 -1.6753716345798446 -0.33703549166595026
p 2.188978530146422 -0.90670459493017264 -0.33703549166595026
p 2.3693332876379967 -7.2539910670478697e-16 -0.33703549166595026
tx_cone_irrational_apex done 2 0
L closed 1.5707963267948963 7.8539816339744828
p 2.0228654722013188 -5.7303115087328101e-16 0.49947689654378485
p 1.8688840067905781 0.7741171021148282 0.49947689654378485
p 1.4303818928216803 1.43038189282168 0.49947689654378485
p 0.77411710211482987 1.8688840067905772 0.49947689654378485
p 2.4772957256370443e-16 2.0228654722013188 0.49947689654378485
p -0.77411710211482765 1.8688840067905783 0.49947689654378485
p -1.43038189282168 1.4303818928216805 0.49947689654378485
p -1.8688840067905772 0.77411710211482998 0.49947689654378485
p -2.0228654722013188 3.7159435884555664e-16 0.49947689654378485
p -1.8688840067905783 -0.77411710211482754 0.49947689654378485
p -1.4303818928216805 -1.4303818928216798 0.49947689654378485
p -0.77411710211483009 -1.8688840067905772 0.49947689654378485
p -4.9545914512740885e-16 -2.0228654722013188 0.49947689654378485
p 0.77411710211482909 -1.8688840067905774 0.49947689654378485
p 1.4303818928216798 -1.4303818928216805 0.49947689654378485
p 1.8688840067905772 -0.7741171021148302 0.49947689654378485
p 2.0228654722013188 -6.1932393140926111e-16 0.49947689654378485
L closed 1.5707963267948963 7.8539816339744828
p 1.5920589513316461 -4.5099359580590464e-16 -0.28910915034181067
p 1.4708706796866908 0.60925458402315935 -0.28910915034181067
p 1.1257556805353506 1.1257556805353506 -0.28910915034181067
p 0.60925458402316057 1.4708706796866902 -0.28910915034181067
p 1.9497098988021922e-16 1.5920589513316461 -0.28910915034181067
p -0.60925458402315891 1.4708706796866911 -0.28910915034181067
p -1.1257556805353506 1.1257556805353508 -0.28910915034181067
p -1.4708706796866902 0.60925458402316068 -0.28910915034181067
p -1.5920589513316461 2.9245648482032881e-16 -0.28910915034181067
p -1.4708706796866911 -0.6092545840231588 -0.28910915034181067
p -1.1257556805353508 -1.1257556805353504 -0.28910915034181067
p -0.60925458402316068 -1.4708706796866902 -0.28910915034181067
p -3.8994197976043844e-16 -1.5920589513316461 -0.28910915034181067
p 0.60925458402316002 -1.4708706796866904 -0.28910915034181067
p 1.1257556805353504 -1.1257556805353508 -0.28910915034181067
p 1.4708706796866902 -0.60925458402316079 -0.28910915034181067
p 1.5920589513316461 -4.8742747470054808e-16 -0.28910915034181067
tx_cone_miss done 0 0
tx_torus_two done 2 0
L closed 0 6.2831853071795862
p 1.5669872981077808 0 0.25
p 1.4477074924269409 0.59966007771238372 0.25
p 1.108027344525198 1.1080273445251978 0.25
p 0.59966007771238383 1.4477074924269409 0.25
p 9.5950298946612654e-17 1.5669872981077808 0.25
p -0.59966007771238361 1.4477074924269409 0.25
p -1.1080273445251978 1.108027344525198 0.25
p -1.4477074924269409 0.59966007771238394 0.25
p -1.5669872981077808 1.9190059789322531e-16 0.25
p -1.4477074924269411 -0.5996600777123835 0.25
p -1.1080273445251982 -1.1080273445251978 0.25
p -0.59966007771238461 -1.4477074924269404 0.25
p -2.8785089683983797e-16 -1.5669872981077808 0.25
p 0.59966007771238405 -1.4477074924269406 0.25
p 1.1080273445251976 -1.1080273445251982 0.25
p 1.4477074924269404 -0.59966007771238472 0.25
p 1.5669872981077808 -3.8380119578645062e-16 0.25
L closed 0 6.2831853071795862
p 2.4330127018922192 0 0.25
p 2.2478106376182061 0.93107365174797541 0.25
p 1.7203997802209923 1.720399780220992 0.25
p 0.93107365174797552 2.2478106376182061 0.25
p 1.4897906088285798e-16 2.4330127018922192 0.25
p -0.93107365174797529 2.2478106376182061 0.25
p -1.720399780220992 1.7203997802209923 0.25
p -2.2478106376182061 0.93107365174797563 0.25
p -2.4330127018922192 2.9795812176571595e-16 0.25
p -2.2478106376182065 -0.93107365174797518 0.25
p -1.7203997802209925 -1.720399780220992 0.25
p -0.93107365174797674 -2.2478106376182057 0.25
p -4.469371826485739e-16 -2.4330127018922192 0.25
p 0.93107365174797596 -2.2478106376182057 0.25
p 1.7203997802209918 -1.7203997802209925 0.25
p 2.2478106376182057 -0.93107365174797685 0.25
p 2.4330127018922192 -5.959162435314319e-16 0.25
tx_torus_tangent done 1 0
L closed 0 6.2831853071795862
p 2 0 0.5
p 1.8477590650225735 0.76536686473017956 0.5
p 1.4142135623730951 1.4142135623730949 0.5
p 0.76536686473017967 1.8477590650225735 0.5
p 1.2246467991473532e-16 2 0.5
p -0.76536686473017945 1.8477590650225735 0.5
p -1.4142135623730949 1.4142135623730951 0.5
p -1.8477590650225735 0.76536686473017979 0.5
p -2 2.4492935982947064e-16 0.5
p -1.8477590650225737 -0.76536686473017934 0.5
p -1.4142135623730954 -1.4142135623730949 0.5
p -0.76536686473018067 -1.847759065022573 0.5
p -3.6739403974420594e-16 -2 0.5
p 0.76536686473018001 -1.8477590650225733 0.5
p 1.4142135623730947 -1.4142135623730954 0.5
p 1.847759065022573 -0.76536686473018078 0.5
p 2 -4.8985871965894128e-16 0.5
tx_torus_nested_tangent done 1 0
L closed 0 6.2831853071795862
p 1.5 0 0
p 1.38581929876693 0.57402514854763464 0
p 1.0606601717798214 1.0606601717798212 0
p 0.57402514854763476 1.38581929876693 0
p 9.1848509936051484e-17 1.5 0
p -0.57402514854763464 1.38581929876693 0
p -1.0606601717798212 1.0606601717798214 0
p -1.38581929876693 0.57402514854763487 0
p -1.5 1.8369701987210297e-16 0
p -1.3858192987669302 -0.57402514854763453 0
p -1.0606601717798214 -1.0606601717798212 0
p -0.57402514854763553 -1.3858192987669298 0
p -2.7554552980815448e-16 -1.5 0
p 0.57402514854763498 -1.38581929876693 0
p 1.060660171779821 -1.0606601717798214 0
p 1.3858192987669298 -0.57402514854763553 0
p 1.5 -3.6739403974420594e-16 0
tx_torus_miss done 0 0
tx_torus_concentric done 0 0
tx_torus_same done 0 0
